SYMBOL, SERIES, DATE1, PREV_CLOSE, OPEN_PRICE, HIGH_PRICE, LOW_PRICE, LAST_PRICE, CLOSE_PRICE, AVG_PRICE, TTL_TRD_QNTY, TURNOVER_LACS, NO_OF_TRADES, DELIV_QTY, DELIV_PER
20MICRONS, EQ, 11-Sep-2026, 211.87, 211.75, 211.75, 204.01, 207.00, 207.86, 207.64, 163867, 340.25, 4180, 65325, 48.06
21STCENMGM, EQ, 11-Sep-2026, 38.97, 38.97, 38.97, 38.25, 38.25, 38.39, 38.49, 528, 0.20, 30, 103, 91.96
360ONE, EQ, 11-Sep-2026, 1094.90, 1089.70, 1098.30, 1065.60, 1091.00, 1091.00, 1086.56, 835305, 9076.11, 52412, 413109, 53.91
3BBLACKBIO, EQ, 11-Sep-2026, 1443.30, 1442.00, 1448.30, 1389.00, 1420.00, 1419.90, 1414.91, 19596, 277.27, 2205, 9799, 56.90
3IINFOLTD, BE, 11-Sep-2026, 22.40, 22.37, 22.97, 21.78, 22.90, 22.85, 22.43, 374143, 83.93, 762, -, -
3MINDIA, EQ, 11-Sep-2026, 32800.00, 32410.00, 32865.00, 32400.00, 32595.00, 32710.00, 32640.29, 1598, 521.59, 815, 637, 49.65
3PLAND, EQ, 11-Sep-2026, 32.00, 32.00, 32.00, 28.51, 31.49, 31.24, 30.93, 18145, 5.61, 385, 13152, 74.73
574GS2026, GS, 11-Sep-2026, 101.95, 101.21, 101.21, 101.21, 101.21, 101.21, 101.21, 1, 0.00, 1, 1, 100.00
5PAISA, EQ, 11-Sep-2026, 332.50, 330.00, 331.80, 322.35, 324.70, 326.55, 327.17, 38072, 124.56, 2311, 17102, 59.08
603GS2029, GS, 11-Sep-2026, 99.00, 99.00, 99.00, 99.00, 99.00, 99.00, 99.00, 200, 0.20, 1, 200, 100.00
610GS2031, GS, 11-Sep-2026, 99.99, 99.99, 99.99, 96.86, 99.99, 99.99, 98.07, 41, 0.04, 6, 14, 35.00
620GS2029, GS, 11-Sep-2026, 100.00, 98.57, 100.00, 98.57, 100.00, 99.99, 99.94, 6810, 6.81, 8, 311, 100.00
636GS2031, GS, 11-Sep-2026, 99.00, 99.50, 99.50, 99.00, 99.00, 99.00, 99.00, 515382, 510.23, 6, 515382, 100.00
63MOONS, EQ, 11-Sep-2026, 886.35, 880.00, 945.00, 861.30, 905.10, 908.90, 914.18, 1336886, 12221.55, 60136, 277747, 22.01
648GS2035, GS, 11-Sep-2026, 100.00, 100.00, 100.00, 98.06, 100.00, 100.00, 99.88, 2058, 2.06, 7, 1768, 95.16
662GS2051, GS, 11-Sep-2026, 92.00, 91.50, 91.50, 91.50, 91.50, 91.50, 91.50, 10, 0.01, 1, 10, 100.00
667GS2050, GS, 11-Sep-2026, 92.65, 90.52, 93.50, 90.52, 93.50, 93.50, 92.01, 2, 0.00, 2, 2, 100.00
668GS2033, GS, 11-Sep-2026, 100.40, 99.00, 99.00, 98.66, 98.66, 98.66, 98.83, 200, 0.20, 2, 200, 100.00
668GS2040, GS, 11-Sep-2026, 97.86, 98.20, 98.20, 98.20, 98.20, 98.20, 98.20, 2000000, 1964.00, 2, 2000000, 100.00
676GS2061, GS, 11-Sep-2026, 90.26, 90.60, 90.60, 88.70, 89.50, 89.64, 89.43, 55917, 50.01, 69, 47439, 97.69
68GS2060, GS, 11-Sep-2026, 91.51, 91.50, 91.50, 91.50, 91.50, 91.50, 91.50, 1800, 1.65, 6, 1800, 100.00
690GS2065, GS, 11-Sep-2026, 93.10, 93.00, 93.49, 92.32, 93.05, 92.41, 92.86, 10601, 9.84, 37, 8497, 100.00
694GS2036, GS, 11-Sep-2026, 102.28, 102.30, 102.98, 102.28, 102.28, 102.78, 102.74, 6350, 6.52, 21, 5200, 91.23
695GS2061, GS, 11-Sep-2026, 93.80, 93.80, 93.80, 92.00, 92.00, 92.22, 92.26, 6478, 5.98, 14, 46, 97.87
697GR2034, GS, 11-Sep-2026, 98.00, 98.00, 98.00, 98.00, 98.00, 98.00, 98.00, 221, 0.22, 3, 221, 100.00
699GS2051, GS, 11-Sep-2026, 94.50, 96.00, 96.00, 96.00, 96.00, 96.00, 96.00, 1, 0.00, 1, 1, 100.00
704GS2029, GS, 11-Sep-2026, 103.00, 103.00, 103.00, 103.00, 103.00, 103.00, 103.00, 15, 0.02, 1, 15, 100.00
706GS2028, GS, 11-Sep-2026, 103.56, 103.59, 103.59, 103.59, 103.59, 103.59, 103.59, 100, 0.10, 1, 100, 100.00
706GS2046, GS, 11-Sep-2026, 101.00, 101.50, 101.50, 101.50, 101.50, 101.50, 101.50, 1, 0.00, 1, 1, 100.00
709GS2054, GS, 11-Sep-2026, 95.36, 95.36, 95.36, 94.00, 95.00, 95.00, 94.77, 7380, 6.99, 26, 5375, 79.87
709GS2074, GS, 11-Sep-2026, 94.77, 95.27, 95.27, 94.61, 95.24, 95.13, 95.13, 2109, 2.01, 12, 249, 96.14
710GS2029, GS, 11-Sep-2026, 104.40, 104.40, 104.80, 104.40, 104.80, 104.80, 104.79, 2557700, 2680.24, 8, 2057700, 100.00
716GS2050, GS, 11-Sep-2026, 97.21, 101.23, 101.23, 101.23, 101.23, 101.23, 101.23, 1, 0.00, 1, 1, 100.00
717GS2030, GS, 11-Sep-2026, 103.46, 103.50, 104.00, 103.50, 104.00, 104.00, 103.52, 4301, 4.45, 4, 4301, 100.00
718GS2033, GS, 11-Sep-2026, 103.00, 103.00, 103.00, 102.90, 103.00, 103.00, 102.95, 199, 0.20, 3, 199, 100.00
718GS2037, GS, 11-Sep-2026, 102.45, 102.01, 102.37, 102.00, 102.00, 102.00, 102.24, 3125, 3.19, 8, 2115, 100.00
719GS2060, GS, 11-Sep-2026, 99.00, 99.50, 99.50, 94.05, 96.00, 96.00, 96.52, 300, 0.29, 3, 200, 100.00
71GS2034, GS, 11-Sep-2026, 105.38, 103.50, 103.50, 103.50, 103.50, 103.50, 103.50, 500, 0.52, 1, 500, 100.00
724GS2055, GS, 11-Sep-2026, 96.61, 96.40, 96.67, 96.30, 96.40, 96.42, 96.43, 14765, 14.24, 24, 13765, 100.00
725GS2063, GS, 11-Sep-2026, 96.75, 97.20, 97.20, 96.41, 96.82, 96.80, 96.72, 125108, 121.01, 111, 110314, 98.90
726GS2032, GS, 11-Sep-2026, 102.95, 102.95, 102.95, 102.80, 102.95, 102.91, 102.95, 39619, 40.79, 12, 34680, 100.00
726GS2033, GS, 11-Sep-2026, 103.20, 103.20, 103.20, 103.20, 103.20, 103.20, 103.20, 101, 0.10, 1, 101, 100.00
732GS2030, GS, 11-Sep-2026, 103.80, 104.00, 105.32, 103.80, 105.32, 105.32, 103.95, 650, 0.68, 5, 600, 92.31
733GS2026, GS, 11-Sep-2026, 102.31, 102.31, 102.31, 102.31, 102.31, 102.31, 102.31, 200, 0.20, 2, 200, 100.00
734GS2064, GS, 11-Sep-2026, 98.71, 98.60, 98.80, 98.41, 98.58, 98.57, 98.58, 16330, 16.10, 38, 16130, 100.00
737GS2028, GS, 11-Sep-2026, 104.27, 104.01, 104.20, 104.01, 104.20, 104.20, 104.03, 2128, 2.21, 3, 1878, 100.00
738GS2027, GS, 11-Sep-2026, 102.57, 102.75, 102.75, 102.52, 102.75, 102.75, 102.57, 9509, 9.75, 11, 9509, 100.00
73GS2053, GS, 11-Sep-2026, 99.05, 99.00, 99.00, 98.85, 98.85, 98.85, 98.97, 4547, 4.50, 7, 4547, 100.00
741GS2036, GS, 11-Sep-2026, 104.80, 104.70, 104.70, 104.70, 104.70, 104.70, 104.70, 1100, 1.15, 2, 1100, 100.00
743GS2076, GS, 11-Sep-2026, 98.30, 98.30, 98.30, 98.00, 98.09, 98.08, 98.05, 48539, 47.59, 104, 40981, 91.24
746GS2073, GS, 11-Sep-2026, 101.25, 99.20, 101.25, 99.20, 101.24, 101.23, 100.78, 19596, 19.75, 24, 18076, 99.87
74GS2062, GS, 11-Sep-2026, 102.50, 102.50, 102.50, 102.50, 102.50, 102.50, 102.50, 1, 0.00, 1, 1, 100.00
750GS2056, GS, 11-Sep-2026, 103.00, 103.00, 103.00, 103.00, 103.00, 103.00, 103.00, 5, 0.01, 1, 5, 100.00
754GS2036, GS, 11-Sep-2026, 106.02, 105.95, 106.00, 105.66, 105.80, 105.74, 105.80, 247806, 262.18, 162, 192939, 99.85
771GS2066, GS, 11-Sep-2026, 102.94, 103.00, 103.00, 102.00, 102.99, 102.99, 102.99, 86059, 88.63, 34, 78191, 99.74
795GS2032, GS, 11-Sep-2026, 105.00, 107.00, 107.50, 107.00, 107.50, 107.50, 107.23, 368, 0.39, 2, 368, 100.00
824GS2027, GS, 11-Sep-2026, 101.59, 101.55, 101.55, 101.50, 101.55, 101.55, 101.54, 336, 0.34, 5, 248, 83.78
828GS2032, GS, 11-Sep-2026, 107.60, 107.65, 107.65, 107.65, 107.65, 107.65, 107.65, 1009, 1.09, 2, 1009, 100.00
897GS2030, GS, 11-Sep-2026, 109.66, 111.60, 112.18, 111.60, 112.18, 112.18, 111.66, 50, 0.06, 2, 50, 100.00
92GS2030, GS, 11-Sep-2026, 114.06, 115.00, 115.00, 114.45, 114.45, 114.49, 114.63, 22755, 26.08, 25, 21350, 100.00
A2ZINFRA, EQ, 11-Sep-2026, 14.92, 15.09, 15.35, 14.81, 15.35, 15.33, 15.19, 74902, 11.37, 235, 49055, 81.26
AAATECH, EQ, 11-Sep-2026, 92.77, 92.92, 92.92, 91.05, 92.50, 91.88, 91.81, 7375, 6.77, 156, 4606, 70.26
AADHARHFC, EQ, 11-Sep-2026, 462.70, 460.50, 460.75, 452.00, 456.80, 456.80, 455.55, 197994, 901.97, 10557, 92755, 53.63
AAKAAR, SM, 11-Sep-2026, 63.00, 63.00, 63.00, 63.00, 63.00, 63.00, 63.00, 3200, 2.02, 2, 3200, 100.00
AAKASH, EQ, 11-Sep-2026, 9.14, 9.15, 9.40, 9.04, 9.15, 9.10, 9.17, 134797, 12.36, 421, 89892, 70.77
AARADHYA, ST, 11-Sep-2026, 140.95, 144.50, 147.95, 134.80, 147.95, 141.55, 142.25, 114000, 162.17, 69, 45600, 100.00
AAREYDRUGS, EQ, 11-Sep-2026, 95.71, 95.71, 100.30, 94.92, 98.71, 98.89, 98.86, 369808, 365.58, 2645, 211060, 65.21
AARNAV, BE, 11-Sep-2026, 31.31, 29.78, 30.87, 29.75, 30.60, 30.56, 30.02, 10028, 3.01, 72, -, -
AARON, EQ, 11-Sep-2026, 136.95, 137.00, 137.00, 121.16, 127.50, 126.94, 127.89, 34810, 44.52, 999, 20441, 67.11
AARTECH, BE, 11-Sep-2026, 52.07, 52.00, 52.50, 50.55, 51.90, 51.99, 51.46, 23362, 12.02, 103, -, -
AARTIDRUGS, EQ, 11-Sep-2026, 437.00, 437.00, 444.00, 426.15, 428.30, 428.50, 431.65, 173089, 747.15, 6983, 74582, 47.53
AARTIIND, EQ, 11-Sep-2026, 504.05, 503.00, 503.00, 490.05, 492.65, 492.70, 492.99, 592348, 2920.20, 28140, 268375, 55.29
AARTIPHARM, EQ, 11-Sep-2026, 825.75, 814.00, 833.00, 814.00, 828.30, 826.95, 825.24, 268696, 2217.38, 21708, 110118, 47.24
AARTISURF, BE, 11-Sep-2026, 500.85, 495.00, 515.00, 488.15, 509.40, 506.65, 505.17, 32083, 162.07, 544, -, -
AARVI, EQ, 11-Sep-2026, 143.11, 142.00, 143.11, 140.70, 142.60, 141.85, 141.59, 12981, 18.38, 237, 10120, 83.41
AASTHA, EQ, 11-Sep-2026, 79.29, 79.34, 79.34, 77.00, 78.50, 78.43, 77.75, 179977, 139.93, 1553, 114680, 72.82
AATMAJ, SM, 11-Sep-2026, 18.15, 19.60, 19.60, 18.60, 18.60, 18.60, 19.10, 4000, 0.76, 2, 2000, 100.00
AAVAS, EQ, 11-Sep-2026, 1286.10, 1282.30, 1284.90, 1256.60, 1271.50, 1275.10, 1276.59, 59394, 758.22, 16146, 31509, 61.50
ABAN, BE, 11-Sep-2026, 14.43, 14.43, 14.43, 14.15, 14.42, 14.39, 14.30, 6767, 0.97, 83, -, -
ABANSENT, EQ, 11-Sep-2026, 27.78, 27.91, 28.37, 27.43, 28.00, 28.09, 27.78, 7373, 2.05, 139, 5265, 82.41
ABB, EQ, 11-Sep-2026, 7329.00, 7294.00, 7324.00, 7173.00, 7274.00, 7274.00, 7261.68, 192422, 13973.07, 26975, 86043, 49.70
ABBOTINDIA, EQ, 11-Sep-2026, 25260.00, 25260.00, 25635.00, 25135.00, 25540.00, 25550.00, 25323.45, 9615, 2434.85, 3960, 4602, 54.70
ABCAPITAL, EQ, 11-Sep-2026, 400.00, 395.00, 396.20, 391.00, 395.00, 395.00, 393.67, 1630117, 6417.26, 39307, 646243, 44.20
ABCOTS, EQ, 11-Sep-2026, 205.55, 211.00, 211.00, 201.60, 202.35, 203.06, 204.59, 1253, 2.56, 44, 881, 87.84
ABDL, EQ, 11-Sep-2026, 611.45, 601.00, 636.90, 599.00, 636.00, 632.50, 622.47, 563681, 3508.73, 19446, 233578, 55.22
ABFRL, EQ, 11-Sep-2026, 50.89, 50.50, 50.65, 49.40, 50.50, 50.44, 50.00, 4118000, 2058.84, 20863, 1631692, 42.97
ABGSEC, EQ, 11-Sep-2026, 113.96, 113.96, 113.96, 113.96, 113.96, 113.96, 113.96, 4, 0.00, 1, 4, 100.00
ABH, ST, 11-Sep-2026, 65.95, 62.70, 62.70, 62.70, 62.70, 62.70, 62.70, 43200, 27.09, 19, 42000, 100.00
ABHAPOWER, SM, 11-Sep-2026, 24.00, 23.95, 24.00, 23.85, 23.95, 23.95, 23.93, 9600, 2.30, 5, 8000, 100.00
ABINFRA, BE, 11-Sep-2026, 11.31, 11.50, 11.50, 11.11, 11.39, 11.34, 11.39, 96146, 10.95, 192, -, -
ABLBL, EQ, 11-Sep-2026, 84.00, 83.56, 83.94, 82.60, 83.52, 83.61, 83.46, 401584, 335.15, 4126, 226119, 64.91
ABMINTLLTD, BE, 11-Sep-2026, 52.63, 52.50, 52.50, 52.50, 52.50, 52.50, 52.50, 259, 0.14, 5, -, -
ABMKNO, EQ, 11-Sep-2026, 181.35, 181.35, 185.00, 180.00, 181.00, 181.45, 180.93, 1407, 2.55, 36, 1042, 75.40
ABREL, EQ, 11-Sep-2026, 1337.40, 1315.10, 1315.20, 1276.00, 1280.00, 1281.60, 1286.36, 346175, 4453.06, 23293, 181665, 57.66
ABSL10BANK, EQ, 11-Sep-2026, 165.00, 167.00, 170.80, 163.16, 170.80, 167.34, 164.83, 1397, 2.30, 33, 1292, 96.35
ABSLAMC, EQ, 11-Sep-2026, 1088.50, 1086.00, 1116.90, 1067.10, 1085.50, 1109.90, 1099.00, 578949, 6362.65, 29808, 349854, 66.37
ABSLBANETF, EQ, 11-Sep-2026, 57.76, 57.34, 58.10, 57.23, 58.10, 58.01, 57.72, 69129, 39.90, 1853, 45447, 72.61
ABSLLIQUID, EQ, 11-Sep-2026, 1000.00, 999.99, 1000.01, 999.99, 1000.01, 1000.00, 1000.01, 14903, 149.03, 33, 13944, 94.93
ABSLMSCIN, EQ, 11-Sep-2026, 28.93, 29.02, 29.09, 28.75, 28.90, 28.90, 28.92, 148, 0.04, 13, 147, 100.00
ABSLNN50ET, EQ, 11-Sep-2026, 76.61, 78.00, 78.61, 75.22, 76.67, 76.15, 76.17, 18690, 14.24, 249, 7880, 52.82
ABSLPSE, EQ, 11-Sep-2026, 10.14, 10.10, 10.14, 10.00, 10.13, 10.11, 10.11, 127603, 12.90, 348, 66981, 53.27
ABSMARINE, SM, 11-Sep-2026, 319.45, 312.20, 324.80, 304.00, 316.00, 316.00, 311.64, 111500, 347.47, 165, 75500, 68.33
ACC, EQ, 11-Sep-2026, 1254.30, 1251.40, 1251.70, 1230.60, 1247.00, 1246.50, 1239.06, 111729, 1384.39, 11816, 41319, 39.43
ACCELYA, EQ, 11-Sep-2026, 1118.10, 1118.10, 1120.90, 1111.10, 1116.00, 1118.40, 1115.93, 5762, 64.30, 585, 3939, 71.05
ACCENTMIC, SM, 11-Sep-2026, 706.90, 711.00, 730.00, 691.65, 727.00, 725.75, 715.31, 76500, 547.21, 126, 45500, 62.76
ACCPL, ST, 11-Sep-2026, 210.00, 207.60, 215.00, 207.55, 215.00, 215.00, 211.61, 13200, 27.93, 6, 12000, 90.91
ACCURACY, BE, 11-Sep-2026, 4.20, 4.06, 4.24, 4.06, 4.21, 4.19, 4.16, 22964, 0.96, 126, -, -
ACE, EQ, 11-Sep-2026, 1121.20, 1110.00, 1134.00, 1086.10, 1131.00, 1129.00, 1107.39, 299344, 3314.91, 21991, 114292, 41.04
ACEINTEG, EQ, 11-Sep-2026, 17.89, 18.47, 18.47, 17.16, 17.63, 17.62, 17.61, 843, 0.15, 65, 679, 81.12
ACETEC, SM, 11-Sep-2026, 144.00, 145.00, 145.00, 145.00, 145.00, 145.00, 145.00, 4800, 6.96, 4, 4800, 100.00
ACGL, EQ, 11-Sep-2026, 1754.60, 1702.00, 1961.90, 1702.00, 1770.10, 1785.70, 1789.29, 2316, 41.44, 280, 1499, 71.14
ACI, EQ, 11-Sep-2026, 480.55, 480.55, 481.00, 461.60, 470.90, 470.45, 469.41, 306609, 1439.25, 11297, 146845, 52.28
ACL, EQ, 11-Sep-2026, 42.68, 42.75, 42.94, 41.50, 42.86, 42.70, 42.33, 32848, 13.91, 274, 27851, 89.75
ACMESOLAR, EQ, 11-Sep-2026, 397.25, 390.05, 407.90, 389.60, 401.80, 402.30, 401.11, 1235415, 4955.31, 34055, 518437, 47.95
ACSTECH, BE, 11-Sep-2026, 57.86, 57.10, 59.95, 56.50, 58.90, 58.29, 57.88, 220997, 127.91, 505, -, -
ACTIVEINFR, SM, 11-Sep-2026, 170.00, 178.50, 185.30, 172.55, 173.00, 173.00, 182.26, 11400, 20.78, 9, 10800, 100.00
ACUTAAS, EQ, 11-Sep-2026, 3451.40, 3488.00, 3488.00, 3350.00, 3375.00, 3383.70, 3416.19, 325242, 11110.88, 47261, 115926, 40.89
ADANIENSOL, EQ, 11-Sep-2026, 1391.90, 1375.00, 1382.00, 1364.20, 1373.00, 1373.00, 1372.67, 1154404, 15846.11, 34935, 427239, 44.53
ADANIENT, EQ, 11-Sep-2026, 3077.20, 3040.00, 3065.00, 2999.00, 3060.00, 3060.00, 3034.56, 1815342, 55087.59, 80412, 767389, 47.55
ADANIGREEN, EQ, 11-Sep-2026, 1299.10, 1292.60, 1302.40, 1273.20, 1281.30, 1281.30, 1282.81, 997068, 12790.52, 24157, 346488, 37.35
ADANIPORTS, EQ, 11-Sep-2026, 1768.00, 1755.00, 1771.90, 1750.80, 1764.60, 1764.60, 1760.16, 1674823, 29479.56, 53859, 911385, 61.38
ADANIPOWER, EQ, 11-Sep-2026, 213.50, 212.00, 212.48, 208.41, 209.97, 209.97, 210.00, 10271412, 21569.80, 55201, 3360915, 37.17
ADDICTIVE, SM, 11-Sep-2026, 45.25, 45.25, 47.50, 45.25, 47.50, 47.50, 47.39, 24000, 11.37, 23, 23500, 97.92
ADDIND, EQ, 11-Sep-2026, 74.83, 80.00, 80.00, 74.50, 78.95, 77.48, 75.15, 1712, 1.29, 27, 1435, 98.90
ADFFOODS, EQ, 11-Sep-2026, 274.05, 270.65, 271.65, 267.15, 270.15, 269.55, 268.82, 66092, 177.67, 2221, 31875, 58.57
ADISOFT, SM, 11-Sep-2026, 243.15, 242.90, 251.40, 230.00, 241.20, 235.95, 241.29, 113600, 274.11, 140, 56800, 69.61
ADL, EQ, 11-Sep-2026, 71.27, 72.02, 73.40, 70.40, 71.54, 71.54, 71.64, 966, 0.69, 26, 863, 89.34
ADOR, EQ, 11-Sep-2026, 1623.40, 1633.90, 1633.90, 1579.40, 1610.30, 1603.70, 1599.85, 30109, 481.70, 3937, 14561, 55.37
ADROITINFO, EQ, 11-Sep-2026, 10.87, 11.23, 11.30, 10.66, 10.88, 11.02, 11.02, 20102, 2.22, 174, 13067, 67.37
ADSL, EQ, 11-Sep-2026, 98.54, 98.38, 101.00, 97.05, 100.75, 100.21, 99.12, 98156, 97.29, 1844, 43861, 54.03
ADVAIT, EQ, 11-Sep-2026, 2057.60, 2026.00, 2086.70, 2014.40, 2070.00, 2065.00, 2037.60, 34152, 695.88, 4473, 14952, 48.32
ADVANCE, EQ, 11-Sep-2026, 119.03, 119.03, 119.03, 116.62, 118.85, 117.85, 118.08, 65560, 77.42, 1091, 29212, 48.93
ADVANIHOTR, EQ, 11-Sep-2026, 48.43, 48.99, 50.00, 48.00, 49.40, 49.18, 49.03, 16431, 8.06, 376, 13107, 84.01
ADVENTHTL, EQ, 11-Sep-2026, 132.39, 132.00, 132.00, 127.00, 128.31, 128.56, 129.13, 108834, 140.54, 2256, 50589, 59.86
ADVENZYMES, EQ, 11-Sep-2026, 303.35, 303.35, 303.35, 292.00, 293.25, 293.40, 295.22, 216076, 637.89, 6183, 130267, 67.37
ADVIKCA, EQ, 11-Sep-2026, 1.04, 1.05, 1.05, 0.91, 1.03, 1.02, 1.01, 603812, 6.07, 406, 422933, 72.85
AEGISLOG, EQ, 11-Sep-2026, 1307.60, 1311.10, 1364.60, 1287.70, 1353.00, 1353.60, 1338.98, 1216825, 16293.08, 54754, 296880, 25.88
AEGISVOPAK, EQ, 11-Sep-2026, 291.85, 289.60, 298.40, 281.30, 295.05, 295.10, 293.69, 1776446, 5217.28, 28301, 787804, 49.66
AEPL, EQ, 11-Sep-2026, 17.56, 18.48, 18.48, 17.00, 17.50, 17.21, 17.61, 27690, 4.88, 313, 9785, 45.91
AEQUS, EQ, 11-Sep-2026, 229.96, 228.10, 228.90, 222.11, 226.75, 225.97, 225.02, 2450720, 5514.64, 49327, 1016373, 48.78
AEROENTER, EQ, 11-Sep-2026, 135.01, 133.60, 139.00, 130.54, 138.55, 137.09, 135.37, 981278, 1328.38, 12067, 389060, 45.23
AEROFLEX, EQ, 11-Sep-2026, 564.20, 560.00, 569.50, 545.25, 565.00, 563.95, 559.18, 1042637, 5830.17, 29483, 373302, 39.47
AERON, SM, 11-Sep-2026, 85.00, 85.00, 85.00, 85.00, 85.00, 85.00, 85.00, 2000, 1.70, 2, 2000, 100.00
AERONEU, EQ, 11-Sep-2026, 70.03, 69.50, 72.76, 68.35, 68.50, 68.76, 69.13, 81254, 56.17, 258, 32512, 65.63
AEROPLANE, EQ, 11-Sep-2026, 206.90, 206.98, 207.50, 196.56, 205.80, 205.13, 200.98, 4850211, 9747.77, 14882, 2255557, 51.83
AESTHETIK, SM, 11-Sep-2026, 69.05, 68.50, 68.50, 68.50, 68.50, 68.50, 68.50, 1000, 0.69, 1, 1000, 100.00
AETHER, EQ, 11-Sep-2026, 1640.30, 1629.90, 1691.50, 1600.10, 1675.00, 1674.70, 1641.59, 352268, 5782.78, 47231, 145682, 53.29
AFCONS, EQ, 11-Sep-2026, 260.85, 262.30, 263.75, 249.00, 253.60, 253.80, 255.81, 1849652, 4731.54, 29211, 724310, 44.31
AFFLE, EQ, 11-Sep-2026, 1594.00, 1583.10, 1586.20, 1558.50, 1572.00, 1567.60, 1570.07, 89489, 1405.04, 12166, 38774, 47.96
AFFORDABLE, EQ, 11-Sep-2026, 162.34, 165.90, 165.90, 157.90, 159.00, 159.88, 159.57, 15027, 23.98, 425, 9725, 74.04
AFIL, EQ, 11-Sep-2026, 8.94, 8.90, 9.10, 8.80, 8.94, 8.92, 8.89, 234271, 20.84, 397, 134114, 60.84
AFSL, EQ, 11-Sep-2026, 201.27, 201.50, 201.90, 201.00, 201.00, 201.00, 201.01, 28715, 57.72, 104, 26362, 99.12
AGARIND, EQ, 11-Sep-2026, 433.85, 428.80, 434.50, 421.00, 434.50, 431.75, 426.57, 45584, 194.45, 2249, 22806, 54.70
AGARWALEYE, EQ, 11-Sep-2026, 508.35, 503.00, 511.85, 493.25, 506.10, 508.40, 503.43, 183331, 922.95, 13029, 57302, 49.84
AGARWALTUF, SM, 11-Sep-2026, 152.30, 146.80, 149.80, 146.15, 149.80, 149.80, 147.44, 6000, 8.85, 5, 4800, 80.00
AGI, EQ, 11-Sep-2026, 778.05, 778.00, 778.00, 756.00, 764.00, 762.65, 765.77, 80322, 615.08, 7213, 30391, 41.74
AGIIL, EQ, 11-Sep-2026, 276.70, 275.00, 275.20, 271.00, 273.85, 272.95, 272.61, 223061, 608.08, 4748, 98520, 58.56
AGL, EQ, 11-Sep-2026, 15.51, 15.32, 15.69, 15.00, 15.25, 15.13, 15.27, 3154038, 481.64, 6169, 944537, 32.29
AGNI, SM, 11-Sep-2026, 16.50, 16.45, 16.45, 16.45, 16.45, 16.45, 16.45, 2500, 0.41, 1, 2500, 100.00
AGRITECH, EQ, 11-Sep-2026, 99.08, 100.72, 100.72, 99.00, 99.87, 99.84, 99.46, 851, 0.85, 61, 607, 75.40
AGROPHOS, EQ, 11-Sep-2026, 23.37, 23.79, 23.80, 23.00, 23.16, 23.50, 23.43, 18506, 4.34, 225, 8436, 71.74
AGSTRA, BZ, 11-Sep-2026, 1.90, 1.93, 1.94, 1.86, 1.93, 1.89, 1.89, 116502, 2.20, 252, -, -
AHCL, EQ, 11-Sep-2026, 17.54, 17.73, 20.00, 17.54, 19.80, 19.57, 19.11, 150749037, 28802.48, 744410, 19736005, 14.83
AHLADA, EQ, 11-Sep-2026, 35.29, 35.48, 36.00, 34.80, 34.90, 35.06, 35.33, 20179, 7.13, 128, 18068, 96.25
AHLEAST, EQ, 11-Sep-2026, 135.85, 136.01, 136.01, 133.00, 133.65, 133.95, 134.16, 2151, 2.89, 58, 1493, 80.27
AHLUCONT, EQ, 11-Sep-2026, 592.30, 587.00, 605.90, 582.65, 600.00, 601.00, 595.94, 57589, 343.20, 4208, 27063, 58.72
AHLWEST, BE, 11-Sep-2026, 526.00, 503.50, 505.00, 499.70, 505.00, 505.00, 501.52, 165, 0.83, 9, -, -
AIAENG, EQ, 11-Sep-2026, 4116.30, 4116.30, 4125.90, 4055.60, 4099.90, 4096.60, 4093.73, 18371, 752.06, 7833, 7261, 48.96
AIIL, EQ, 11-Sep-2026, 512.30, 508.00, 558.00, 503.00, 536.10, 544.35, 543.01, 5994616, 32551.18, 144695, 453462, 8.53
AIMTRON, SM, 11-Sep-2026, 1748.55, 1757.00, 1800.00, 1746.90, 1771.50, 1772.95, 1775.94, 50800, 902.18, 244, 31800, 65.43
AIRAN, EQ, 11-Sep-2026, 17.04, 16.62, 17.36, 16.50, 17.35, 17.13, 16.76, 109228, 18.30, 490, 81543, 86.24
AIROLAM, EQ, 11-Sep-2026, 85.37, 87.95, 87.95, 83.98, 84.25, 84.25, 84.64, 1901, 1.61, 82, 1347, 72.61
AISL, SM, 11-Sep-2026, 57.50, 54.70, 54.70, 54.65, 54.65, 54.65, 54.68, 1200, 0.66, 2, 1200, 100.00
AJANTPHARM, EQ, 11-Sep-2026, 3520.00, 3516.00, 3560.00, 3460.00, 3559.90, 3533.40, 3514.82, 45547, 1600.89, 13135, 21303, 54.82
AJAXENGG, EQ, 11-Sep-2026, 589.50, 588.00, 595.00, 576.00, 590.00, 590.60, 588.17, 71818, 422.41, 10612, 34596, 57.43
AJMERA, EQ, 11-Sep-2026, 118.74, 116.50, 118.15, 114.66, 117.25, 116.75, 116.18, 411339, 477.89, 4943, 180854, 49.14
AJOONI, EQ, 11-Sep-2026, 3.50, 3.46, 3.52, 3.40, 3.48, 3.47, 3.43, 416976, 14.31, 688, 313548, 77.65
AKANKSHA, SM, 11-Sep-2026, 131.00, 131.00, 134.00, 131.00, 131.00, 132.85, 132.38, 4000, 5.30, 4, 1000, 100.00
AKASH, EQ, 11-Sep-2026, 24.88, 24.87, 25.48, 24.79, 24.82, 24.86, 25.10, 5123, 1.29, 58, 4349, 86.34
AKCAPIT, EQ, 11-Sep-2026, 1702.50, 1697.90, 1744.90, 1686.00, 1722.00, 1708.40, 1704.21, 887, 15.12, 49, 606, 98.86
AKG, EQ, 11-Sep-2026, 10.73, 10.72, 10.75, 10.13, 10.50, 10.61, 10.44, 23492, 2.45, 217, 16858, 78.52
AKI, BE, 11-Sep-2026, 6.46, 6.15, 6.15, 6.14, 6.14, 6.14, 6.14, 88073, 5.41, 274, -, -
AKIKO, SM, 11-Sep-2026, 430.00, 429.00, 432.50, 429.00, 432.50, 432.50, 429.21, 20800, 89.28, 21, 17600, 88.00
AKSHAR, EQ, 11-Sep-2026, 0.42, 0.42, 0.43, 0.41, 0.42, 0.41, 0.42, 895612, 3.74, 213, 444464, 55.72
AKSHARCHEM, BE, 11-Sep-2026, 408.45, 390.00, 428.85, 388.05, 425.00, 423.40, 410.57, 18217, 74.79, 387, -, -
AKSHOPTFBR, BE, 11-Sep-2026, 8.79, 8.55, 8.85, 8.36, 8.71, 8.78, 8.55, 739713, 63.25, 839, -, -
AKUMS, EQ, 11-Sep-2026, 749.65, 753.00, 784.40, 740.50, 774.90, 776.35, 771.19, 398725, 3074.93, 20842, 172242, 49.15
ALANKIT, EQ, 11-Sep-2026, 8.01, 8.15, 8.18, 7.50, 7.96, 7.91, 7.85, 185587, 14.58, 970, 130392, 71.27
ALBERTDAVD, EQ, 11-Sep-2026, 850.00, 847.65, 850.45, 835.50, 846.00, 844.35, 843.54, 2805, 23.66, 180, 2101, 86.39
ALEMBICLTD, EQ, 11-Sep-2026, 106.50, 105.32, 105.90, 103.14, 105.30, 104.33, 104.22, 698680, 728.15, 7514, 298237, 47.45
ALFREDHE, EQ, 11-Sep-2026, 2900.00, 2830.00, 2979.90, 2775.50, 2880.00, 2845.00, 2819.22, 125, 3.52, 27, 110, 89.43
ALGOQUANT, EQ, 11-Sep-2026, 63.94, 63.63, 65.55, 63.50, 65.50, 64.61, 64.03, 1630807, 1044.16, 2668, 783449, 54.32
ALICON, EQ, 11-Sep-2026, 740.60, 731.40, 743.85, 712.40, 728.20, 733.40, 726.82, 18905, 137.40, 1741, 9459, 57.01
ALIVUS, EQ, 11-Sep-2026, 1390.20, 1385.00, 1398.10, 1376.10, 1388.80, 1386.80, 1384.98, 74367, 1029.97, 6043, 40835, 64.41
ALKALI, EQ, 11-Sep-2026, 79.19, 77.61, 78.78, 75.20, 76.52, 77.25, 76.91, 19801, 15.23, 447, 9965, 53.41
ALKEM, EQ, 11-Sep-2026, 5138.00, 5122.00, 5128.00, 5051.00, 5087.50, 5087.50, 5083.70, 238760, 12137.84, 14707, 178844, 78.42
ALKYLAMINE, EQ, 11-Sep-2026, 1920.30, 1920.30, 1920.30, 1859.10, 1863.00, 1867.50, 1879.04, 67897, 1275.81, 12376, 30338, 53.69
ALLCARGO, EQ, 11-Sep-2026, 12.26, 12.20, 12.31, 12.00, 12.18, 12.16, 12.14, 10086572, 1224.27, 8425, 3187642, 34.61
ALLDIGI, EQ, 11-Sep-2026, 802.70, 802.70, 802.70, 795.15, 795.20, 797.30, 797.83, 1925, 15.36, 359, 1206, 74.72
ALLETEC, SM, 11-Sep-2026, 134.25, 130.00, 133.35, 126.10, 132.00, 132.00, 130.61, 20000, 26.12, 43, 14000, 70.00
ALLTIME, EQ, 11-Sep-2026, 210.16, 209.90, 225.76, 200.00, 221.10, 221.15, 213.69, 431750, 922.61, 8753, 115363, 32.80
ALMONDZ, EQ, 11-Sep-2026, 19.54, 19.54, 19.60, 19.00, 19.20, 19.13, 19.12, 165677, 31.67, 421, 124993, 81.37
ALOKINDS, EQ, 11-Sep-2026, 7.40, 7.40, 7.41, 7.25, 7.40, 7.36, 7.33, 13200683, 967.42, 10845, 5698833, 52.50
ALPA, EQ, 11-Sep-2026, 62.62, 62.93, 63.20, 61.00, 61.00, 61.69, 62.23, 10634, 6.62, 133, 5828, 86.87
ALPEXSOLAR, SM, 11-Sep-2026, 898.90, 904.00, 940.00, 881.10, 940.00, 934.20, 909.52, 45200, 411.10, 339, 28500, 81.90
ALPHA, EQ, 11-Sep-2026, 54.27, 54.74, 54.74, 53.00, 54.10, 54.06, 53.81, 1159861, 624.16, 3498, 594012, 56.31
ALPHAETF, EQ, 11-Sep-2026, 26.57, 26.55, 26.56, 26.13, 26.48, 26.49, 26.31, 253862, 66.78, 977, 124490, 52.51
ALPHAGEO, BE, 11-Sep-2026, 321.80, 315.00, 318.00, 302.65, 314.00, 310.25, 310.87, 7489, 23.28, 197, -, -
ALPINETEX, EQ, 11-Sep-2026, 58.22, 58.50, 58.50, 56.35, 56.99, 57.13, 57.00, 94740, 54.00, 1527, 42118, 50.64
ALPL30IETF, EQ, 11-Sep-2026, 27.37, 27.37, 27.37, 27.07, 27.35, 27.25, 27.20, 122468, 33.31, 813, 47928, 47.89
ALUFLUOR, EQ, 11-Sep-2026, 497.15, 484.05, 499.00, 484.05, 486.30, 487.40, 487.04, 8607, 41.92, 423, 7160, 90.68
AMAGI, EQ, 11-Sep-2026, 572.05, 571.00, 586.00, 562.75, 580.00, 578.35, 575.63, 380967, 2192.96, 16575, 131367, 37.36
AMAL, EQ, 11-Sep-2026, 760.60, 748.80, 751.10, 730.60, 741.00, 738.70, 741.06, 8186, 60.66, 668, 4050, 53.89
AMANTA, BE, 11-Sep-2026, 201.78, 197.75, 197.75, 197.75, 197.75, 197.75, 197.75, 19137, 37.84, 91, -, -
AMARJOTHI, EQ, 11-Sep-2026, 152.36, 151.60, 154.95, 148.01, 151.99, 150.14, 150.69, 4782, 7.21, 81, 733, 57.76
AMBAAUTO, SM, 11-Sep-2026, 104.00, 105.00, 105.00, 103.00, 103.00, 103.00, 104.00, 5000, 5.20, 5, 5000, 100.00
AMBALALSA, BE, 11-Sep-2026, 41.54, 41.10, 41.79, 39.68, 41.19, 40.33, 40.75, 56923, 23.20, 205, -, -
AMBER, EQ, 11-Sep-2026, 7280.00, 7261.00, 7261.00, 7125.50, 7245.00, 7245.00, 7205.64, 111991, 8069.66, 16826, 32846, 36.22
AMBICAAGAR, EQ, 11-Sep-2026, 25.49, 25.50, 26.29, 24.75, 24.86, 24.99, 25.00, 21404, 5.35, 166, 14142, 89.71
AMBIKCO, EQ, 11-Sep-2026, 1606.90, 1606.00, 1614.90, 1588.60, 1595.00, 1593.10, 1597.78, 15561, 248.63, 1163, 6384, 43.52
AMBUJACEM, EQ, 11-Sep-2026, 395.60, 393.00, 393.55, 387.65, 391.85, 391.85, 390.05, 1311052, 5113.74, 21400, 472908, 38.73
AMCL, SM, 11-Sep-2026, 370.00, 372.10, 375.00, 355.00, 375.00, 369.45, 364.47, 18400, 67.06, 22, 10000, 65.79
AMDIND, EQ, 11-Sep-2026, 56.04, 56.32, 65.20, 55.51, 65.00, 64.03, 62.79, 484603, 304.29, 3522, 91258, 31.75
AMEYA, SM, 11-Sep-2026, 115.25, 110.25, 121.00, 110.25, 121.00, 121.00, 117.83, 10000, 11.78, 9, 9000, 90.00
AMJLAND, EQ, 11-Sep-2026, 38.32, 38.99, 39.00, 37.40, 37.81, 38.56, 38.17, 8003, 3.05, 139, 4843, 65.89
AMNPLST, EQ, 11-Sep-2026, 167.92, 169.95, 169.95, 164.00, 165.20, 165.26, 166.68, 1476, 2.46, 128, 1234, 91.88
AMRUTANJAN, EQ, 11-Sep-2026, 493.25, 492.00, 498.00, 485.05, 490.95, 490.95, 490.11, 73521, 360.34, 4734, 40131, 58.60
ANANDRATHI, EQ, 11-Sep-2026, 2202.50, 2180.10, 2219.00, 2180.10, 2210.00, 2211.00, 2208.55, 175283, 3871.21, 17404, 76530, 51.26
ANANTAM, IV, 11-Sep-2026, 106.90, 107.44, 108.50, 106.03, 106.33, 107.69, 107.25, 10162, 10.90, 83, 5858, 72.79
ANANTRAJ, EQ, 11-Sep-2026, 608.85, 602.00, 604.45, 585.05, 597.10, 598.35, 593.06, 2041960, 12110.03, 51440, 838666, 44.40
ANAWIL, SM, 11-Sep-2026, 465.05, 461.00, 470.80, 445.00, 462.00, 462.30, 457.86, 257200, 1177.63, 521, 130800, 56.38
ANDHRAPAP, EQ, 11-Sep-2026, 72.58, 72.50, 73.95, 70.84, 73.60, 73.36, 72.58, 1705341, 1237.79, 14449, 479114, 29.70
ANDHRSUGAR, EQ, 11-Sep-2026, 96.50, 96.50, 97.39, 93.97, 96.40, 96.38, 95.56, 486239, 464.65, 7666, 171758, 50.83
ANDREWYU, EQ, 11-Sep-2026, 26.77, 27.20, 27.20, 25.81, 26.07, 26.24, 26.23, 64991, 17.04, 545, 32531, 75.10
ANGELONE, EQ, 11-Sep-2026, 297.30, 295.00, 307.40, 289.05, 305.00, 305.00, 298.02, 5942668, 17710.07, 60674, 1809931, 36.56
ANIKINDS, EQ, 11-Sep-2026, 44.39, 46.00, 46.00, 43.11, 44.67, 44.66, 44.36, 1140, 0.51, 62, 903, 81.87
ANKITMETAL, BZ, 11-Sep-2026, 1.59, 1.62, 1.62, 1.60, 1.62, 1.61, 1.60, 7730, 0.12, 21, -, -
ANLON, SM, 11-Sep-2026, 665.00, 675.00, 695.00, 675.00, 690.00, 691.65, 684.17, 3600, 24.63, 8, 2400, 100.00
ANMOL, EQ, 11-Sep-2026, 15.34, 15.00, 16.87, 15.00, 16.87, 16.87, 16.37, 1521669, 249.11, 3422, 909095, 60.88
ANNAPURNA, EQ, 11-Sep-2026, 135.03, 135.72, 138.90, 132.21, 138.00, 137.95, 135.36, 32222, 43.62, 642, 20359, 70.50
ANNU, BE, 11-Sep-2026, 61.42, 59.09, 59.70, 58.35, 58.35, 58.35, 58.52, 291772, 170.75, 1860, -, -
ANOND-RE, ST, 11-Sep-2026, 146.25, 180.00, 180.00, 123.10, 157.50, 150.35, 143.34, 9450, 13.55, 185, 8320, 94.55
ANONDITA, SM, 11-Sep-2026, 1128.40, 1110.00, 1164.50, 1100.15, 1133.00, 1129.55, 1128.07, 52800, 595.62, 230, 28000, 54.69
ANSALAPI, BZ, 11-Sep-2026, 3.39, 3.39, 3.44, 3.33, 3.33, 3.34, 3.38, 18247, 0.62, 68, -, -
ANSALBU, EQ, 11-Sep-2026, 80.90, 81.70, 82.51, 81.00, 82.00, 82.00, 81.97, 276, 0.23, 14, 275, 99.64
ANTELOPUS, EQ, 11-Sep-2026, 1124.10, 1118.00, 1200.00, 1114.15, 1140.20, 1139.35, 1151.17, 4164751, 47943.52, 144023, 411100, 10.62
ANTGRAPHIC, EQ, 11-Sep-2026, 0.72, 0.74, 0.77, 0.72, 0.76, 0.75, 0.74, 305036, 2.26, 182, 244629, 90.71
ANTHEM, EQ, 11-Sep-2026, 942.30, 938.10, 952.00, 932.70, 940.65, 940.90, 941.49, 844305, 7949.02, 47656, 486347, 68.10
ANUHPHR, EQ, 11-Sep-2026, 91.21, 91.20, 95.88, 90.79, 95.00, 94.86, 93.61, 222204, 208.00, 2960, 101472, 51.96
ANUP, EQ, 11-Sep-2026, 1719.40, 1703.60, 1708.00, 1650.00, 1667.00, 1664.30, 1682.14, 34067, 573.06, 4299, 15859, 64.34
ANURAS, EQ, 11-Sep-2026, 1231.10, 1232.50, 1232.60, 1205.00, 1217.20, 1219.40, 1216.47, 418693, 5093.27, 20572, 196011, 48.36
ANYA, SM, 11-Sep-2026, 14.65, 15.00, 15.00, 14.75, 15.00, 15.00, 14.92, 15000, 2.24, 3, 15000, 100.00
AONEGOLD, EQ, 11-Sep-2026, 14.24, 14.19, 14.21, 13.97, 14.18, 14.15, 14.10, 480448, 67.73, 1489, 332978, 73.39
AONELIQUID, EQ, 11-Sep-2026, 1076.19, 1076.74, 1076.76, 1076.72, 1076.74, 1076.74, 1076.74, 8190, 88.19, 60, 3740, 80.93
AONENIFTY, EQ, 11-Sep-2026, 9.68, 9.92, 9.92, 9.59, 9.74, 9.71, 9.63, 209232, 20.16, 1320, 142758, 69.33
AONESILVER, EQ, 11-Sep-2026, 8.91, 8.82, 8.82, 8.55, 8.72, 8.70, 8.68, 630579, 54.72, 1362, 408894, 68.33
AONETMMQ50, EQ, 11-Sep-2026, 10.37, 10.58, 10.58, 10.20, 10.39, 10.34, 10.29, 28404, 2.92, 241, 11921, 45.04
AONETOTAL, EQ, 11-Sep-2026, 11.72, 11.95, 11.95, 10.74, 11.72, 11.70, 11.66, 418828, 48.83, 1040, 261018, 63.02
APARINDS, EQ, 11-Sep-2026, 17342.00, 17200.00, 17558.00, 16686.00, 17499.00, 17500.00, 17247.75, 169196, 29182.50, 48390, 58098, 37.60
APCL, EQ, 11-Sep-2026, 98.61, 100.00, 100.00, 97.50, 98.00, 98.16, 98.20, 3681, 3.61, 95, 2148, 88.11
APCOTEXIND, EQ, 11-Sep-2026, 603.80, 603.80, 604.55, 590.00, 603.70, 601.15, 595.45, 92249, 549.30, 4910, 42400, 53.84
APEX, EQ, 11-Sep-2026, 374.70, 370.50, 371.95, 366.25, 368.00, 368.50, 368.20, 64885, 238.91, 2738, 29572, 57.90
APEXECO, ST, 11-Sep-2026, 283.15, 280.25, 280.25, 270.35, 271.60, 272.50, 275.38, 10400, 28.64, 13, 6400, 80.00
APLAPOLLO, EQ, 11-Sep-2026, 2194.80, 2176.20, 2176.20, 2109.80, 2153.50, 2153.50, 2150.20, 591497, 12718.38, 37491, 240007, 45.68
APLLTD, EQ, 11-Sep-2026, 816.40, 806.00, 822.00, 799.20, 807.00, 810.95, 810.84, 118504, 960.88, 9513, 42008, 41.35
APOLLO, EQ, 11-Sep-2026, 413.20, 411.00, 423.50, 409.55, 421.15, 422.25, 417.59, 7751875, 32370.99, 58889, 1974946, 29.11
APOLLOHOSP, EQ, 11-Sep-2026, 8900.00, 8806.00, 8950.00, 8806.00, 8836.00, 8836.00, 8896.09, 207930, 18497.65, 34885, 112548, 61.09
APOLLOPIPE, EQ, 11-Sep-2026, 569.35, 569.35, 569.35, 550.00, 554.90, 554.90, 558.94, 328830, 1837.95, 7637, 134493, 48.27
APOLLOTYRE, EQ, 11-Sep-2026, 419.55, 413.95, 419.45, 410.00, 418.10, 417.65, 415.73, 260936, 1084.80, 13133, 94774, 42.36
APOLSINHOT, EQ, 11-Sep-2026, 1228.90, 1208.30, 1237.70, 1181.00, 1237.70, 1226.70, 1214.11, 1813, 22.01, 295, 1330, 85.48
APOORVA, EQ, 11-Sep-2026, 26.56, 26.58, 27.88, 26.43, 27.88, 27.63, 27.52, 135, 0.04, 4, 15, 100.00
APRAMEYA, SM, 11-Sep-2026, 120.85, 122.00, 122.00, 116.00, 116.00, 116.00, 116.31, 24000, 27.92, 15, 17500, 79.55
APS, SM, 11-Sep-2026, 237.95, 235.00, 244.85, 235.00, 239.15, 239.30, 238.93, 14750, 35.24, 47, 10500, 77.78
APSISAERO, ST, 11-Sep-2026, 624.75, 612.30, 612.30, 612.30, 612.30, 612.30, 612.30, 6000, 36.74, 4, 6000, 100.00
APTECHT, BE, 11-Sep-2026, 87.49, 87.00, 89.00, 85.68, 88.30, 88.20, 87.08, 39120, 34.07, 417, -, -
APTUS, EQ, 11-Sep-2026, 252.20, 250.02, 251.20, 245.50, 247.00, 249.11, 248.49, 1138103, 2828.03, 40474, 590297, 56.90
AQYLON, EQ, 11-Sep-2026, 21.88, 21.80, 22.34, 20.89, 21.50, 21.24, 21.30, 515179, 109.71, 1747, 257182, 56.64
ARABIAN, SM, 11-Sep-2026, 81.15, 81.15, 81.15, 78.10, 78.10, 78.10, 80.13, 6000, 4.81, 3, 6000, 100.00
ARCHIDPLY, EQ, 11-Sep-2026, 100.50, 100.50, 102.99, 98.16, 101.50, 101.96, 100.86, 21936, 22.12, 381, 16593, 79.35
ARCHIES, EQ, 11-Sep-2026, 12.52, 12.52, 12.65, 12.06, 12.16, 12.19, 12.32, 47987, 5.91, 266, 40637, 87.91
ARCL, EQ, 11-Sep-2026, 238.00, 240.00, 249.90, 235.00, 249.90, 249.90, 246.26, 3115, 7.67, 127, 2672, 85.83
ARDEE, EQ, 11-Sep-2026, 52.62, 52.00, 52.50, 50.48, 50.99, 50.91, 51.21, 4081585, 2089.98, 17391, 1492690, 43.54
ARE&M, EQ, 11-Sep-2026, 819.20, 815.20, 816.40, 803.75, 815.95, 813.90, 809.86, 385804, 3124.47, 26206, 167042, 48.97
ARENTERP, EQ, 11-Sep-2026, 32.60, 33.40, 33.40, 32.60, 33.34, 33.34, 33.12, 517, 0.17, 20, 485, 96.81
ARFIN, EQ, 11-Sep-2026, 88.07, 88.00, 88.61, 85.14, 86.61, 85.98, 85.83, 791089, 678.98, 4714, 258033, 34.33
ARHAM, SM, 11-Sep-2026, 211.75, 211.75, 213.95, 211.00, 213.95, 213.90, 212.58, 20000, 42.52, 18, 13000, 76.47
ARIES, BE, 11-Sep-2026, 468.60, 462.00, 485.00, 445.20, 475.25, 475.60, 458.44, 24528, 112.45, 383, -, -
ARIHANT, EQ, 11-Sep-2026, 883.35, 899.35, 899.40, 885.00, 885.00, 887.75, 887.23, 3002, 26.63, 130, 2746, 95.02
ARIHANTCAP, EQ, 11-Sep-2026, 76.47, 76.00, 79.44, 74.52, 79.44, 79.00, 77.35, 273519, 211.57, 2022, 123037, 55.16
ARIHANTSUP, EQ, 11-Sep-2026, 219.65, 222.40, 222.40, 215.00, 217.00, 218.45, 217.88, 2989, 6.51, 163, 1501, 63.49
ARIS, EQ, 11-Sep-2026, 126.98, 126.06, 127.00, 122.00, 125.35, 125.46, 125.18, 1150625, 1440.34, 9131, 371343, 33.90
ARKADE, EQ, 11-Sep-2026, 122.94, 123.24, 123.85, 120.00, 122.00, 122.03, 121.43, 241772, 293.58, 2020, 98397, 46.57
ARMANFIN, EQ, 11-Sep-2026, 2036.50, 2000.60, 2024.00, 1960.50, 2014.00, 2011.30, 2004.83, 13661, 273.88, 2681, 5703, 51.87
ARMOUR, ST, 11-Sep-2026, 17.45, 16.65, 17.45, 16.65, 17.45, 17.45, 17.05, 4000, 0.68, 2, 2000, 100.00
AROGRANITE, EQ, 11-Sep-2026, 24.19, 23.60, 24.82, 23.00, 23.85, 23.38, 23.66, 13819, 3.27, 127, 2728, 82.42
ARROWGREEN, BE, 11-Sep-2026, 791.70, 782.00, 818.95, 780.00, 805.00, 813.00, 800.49, 19342, 154.83, 348, -, -
ARSHIYA, BZ, 11-Sep-2026, 0.74, 0.75, 0.77, 0.71, 0.77, 0.76, 0.75, 530220, 3.97, 109, -, -
ARSSBL, EQ, 11-Sep-2026, 502.05, 500.10, 501.00, 488.00, 492.05, 490.25, 491.88, 176505, 868.20, 5826, 96892, 67.01
ARTEMISMED, EQ, 11-Sep-2026, 348.55, 348.55, 351.80, 339.70, 345.70, 344.90, 344.56, 347172, 1196.23, 19007, 136152, 41.16
ARTNIRMAN, EQ, 11-Sep-2026, 39.87, 40.06, 40.06, 38.00, 39.92, 39.92, 39.16, 2071, 0.81, 35, 2028, 97.92
ARUNAYA, SM, 11-Sep-2026, 14.20, 14.20, 14.20, 14.20, 14.20, 14.20, 14.20, 4000, 0.57, 2, 4000, 100.00
ARVEE, EQ, 11-Sep-2026, 195.25, 195.00, 195.00, 176.50, 177.00, 180.69, 186.14, 7318, 13.62, 310, 4099, 66.67
ARVIND, EQ, 11-Sep-2026, 569.80, 564.00, 579.70, 552.30, 576.80, 575.10, 568.10, 470791, 2674.55, 21305, 184160, 42.99
ARVINDFASN, EQ, 11-Sep-2026, 453.40, 450.00, 453.95, 441.70, 444.00, 446.50, 448.29, 629613, 2822.47, 34919, 318692, 58.36
ARVINDPORT, SM, 11-Sep-2026, 35.75, 35.60, 39.30, 33.00, 38.10, 38.05, 36.88, 109500, 40.38, 61, 24000, 69.57
ARVSMART, EQ, 11-Sep-2026, 597.05, 595.45, 602.90, 585.15, 602.90, 598.05, 593.72, 60418, 358.71, 2742, 29906, 54.00
ARYAMAN, EQ, 11-Sep-2026, 625.00, 635.00, 635.00, 615.00, 635.00, 635.00, 626.07, 112, 0.70, 16, 112, 100.00
ASAHIINDIA, EQ, 11-Sep-2026, 976.20, 976.00, 992.50, 963.60, 982.00, 985.80, 982.70, 205299, 2017.48, 13557, 74360, 41.18
ASAHISONG, BE, 11-Sep-2026, 375.65, 365.55, 370.00, 356.90, 364.95, 363.95, 360.09, 22015, 79.27, 267, -, -
ASAL, EQ, 11-Sep-2026, 466.55, 465.50, 465.50, 458.50, 461.00, 462.40, 461.19, 6191, 28.55, 482, 3278, 66.26
ASALCBR, EQ, 11-Sep-2026, 698.25, 694.00, 694.00, 675.00, 677.00, 676.70, 679.75, 47216, 320.95, 3407, 26119, 61.07
ASHALOG, SM, 11-Sep-2026, 60.00, 60.05, 60.95, 59.00, 60.00, 60.00, 60.00, 5000, 3.00, 5, 2000, 50.00
ASHAPURMIN, EQ, 11-Sep-2026, 542.05, 538.05, 549.00, 528.30, 542.00, 542.90, 538.64, 332067, 1788.66, 20483, 134439, 45.45
ASHIANA, EQ, 11-Sep-2026, 347.90, 346.00, 349.75, 340.00, 343.50, 346.75, 343.99, 26317, 90.53, 1160, 14830, 65.88
ASHIKAG, BE, 11-Sep-2026, 411.30, 411.30, 424.00, 399.00, 422.00, 415.45, 409.69, 36235, 148.45, 244, -, -
ASHIMASYN, EQ, 11-Sep-2026, 17.08, 17.00, 17.00, 16.36, 16.75, 16.61, 16.62, 88813, 14.76, 442, 56287, 70.53
ASHOKA, EQ, 11-Sep-2026, 113.53, 112.00, 114.24, 111.15, 113.99, 113.86, 112.49, 682933, 768.25, 7484, 250472, 40.37
ASHOKAMET, EQ, 11-Sep-2026, 14.34, 14.54, 17.20, 14.01, 17.20, 17.20, 16.83, 1455188, 244.86, 2863, 653131, 44.99
ASHOKLEY, EQ, 11-Sep-2026, 166.12, 163.80, 165.04, 160.00, 163.75, 163.75, 162.51, 19044403, 30948.23, 109344, 8631278, 48.72
ASHUTOSH, ST, 11-Sep-2026, 156.70, 154.60, 164.50, 153.35, 164.50, 164.50, 160.94, 222000, 357.29, 147, 210000, 95.11
ASHWINI, SM, 11-Sep-2026, 174.05, 177.00, 177.00, 174.00, 174.00, 174.00, 175.33, 3000, 5.26, 3, 2000, 66.67
ASIANENE, EQ, 11-Sep-2026, 533.95, 530.00, 553.55, 523.50, 534.00, 535.10, 538.82, 492430, 2653.30, 20057, 136143, 29.27
ASIANHOTNR, EQ, 11-Sep-2026, 382.15, 384.60, 404.00, 370.10, 402.00, 378.80, 380.30, 26340, 100.17, 1111, 8133, 48.64
ASIANPAINT, EQ, 11-Sep-2026, 2498.10, 2453.20, 2472.50, 2442.80, 2472.50, 2472.50, 2461.44, 653006, 16073.37, 52085, 291750, 54.05
ASIANTILES, EQ, 11-Sep-2026, 50.39, 50.30, 50.95, 48.77, 50.39, 50.34, 50.22, 5492697, 2758.28, 12314, 1065686, 42.85
ASIANTNE, EQ, 11-Sep-2026, 9.23, 9.46, 9.85, 9.22, 9.25, 9.25, 9.44, 1124, 0.11, 33, 1039, 93.27
ASKAUTOLTD, EQ, 11-Sep-2026, 622.40, 621.70, 632.85, 612.05, 625.00, 624.55, 625.57, 129770, 811.80, 7632, 56108, 48.02
ASMS, BE, 11-Sep-2026, 6.91, 6.89, 6.98, 6.66, 6.93, 6.88, 6.80, 141116, 9.60, 378, -, -
ASPINWALL, EQ, 11-Sep-2026, 250.15, 250.15, 265.90, 239.20, 260.00, 260.50, 253.70, 4219, 10.70, 181, 1914, 47.98
ASPIRE, SM, 11-Sep-2026, 13.45, 13.70, 13.70, 12.80, 13.40, 13.10, 12.98, 36000, 4.67, 18, 28000, 77.78
ASTAR, EQ, 11-Sep-2026, 587.75, 595.00, 595.00, 565.00, 583.00, 583.00, 580.79, 172, 1.00, 17, 57, 33.14
ASTEC, EQ, 11-Sep-2026, 715.80, 716.00, 722.40, 694.00, 696.90, 699.80, 704.24, 83837, 590.41, 5130, 13454, 20.01
ASTERDM, EQ, 11-Sep-2026, 766.50, 761.00, 770.90, 757.55, 763.50, 763.05, 764.83, 600395, 4592.03, 32754, 253043, 47.95
ASTRAL, EQ, 11-Sep-2026, 1459.00, 1452.00, 1456.00, 1402.50, 1411.40, 1411.40, 1414.59, 872167, 12337.57, 45744, 462436, 60.09
ASTRAMICRO, EQ, 11-Sep-2026, 1696.80, 1691.90, 1695.00, 1656.10, 1688.50, 1680.60, 1673.19, 200377, 3352.69, 20632, 91153, 51.15
ASTRAZEN, EQ, 11-Sep-2026, 6860.50, 6880.00, 6880.00, 6750.00, 6755.00, 6764.50, 6779.07, 3314, 224.66, 1091, 1662, 61.01
ASTRON, BZ, 11-Sep-2026, 3.00, 3.00, 3.06, 2.90, 2.95, 2.94, 2.94, 15823, 0.47, 63, -, -
ATALREAL, EQ, 11-Sep-2026, 15.27, 13.75, 13.75, 13.75, 13.75, 13.75, 13.75, 370055, 50.88, 525, 361419, 100.00
ATAM, EQ, 11-Sep-2026, 53.70, 54.45, 56.11, 53.01, 55.50, 55.38, 54.82, 7175, 3.93, 209, 4040, 67.29
ATCENERGY, ST, 11-Sep-2026, 22.20, 22.20, 22.20, 22.20, 22.20, 22.20, 22.20, 2400, 0.53, 2, 2400, 100.00
ATGL, EQ, 11-Sep-2026, 602.70, 599.50, 601.45, 592.50, 596.05, 594.80, 594.96, 437058, 2600.33, 17770, 175676, 49.20
ATHERENERG, EQ, 11-Sep-2026, 1658.30, 1657.00, 1673.50, 1615.50, 1656.00, 1656.00, 1656.78, 4881695, 80878.82, 118859, 1061969, 22.74
ATL, EQ, 11-Sep-2026, 24.61, 24.20, 25.70, 24.20, 25.14, 25.18, 24.96, 242102, 60.43, 1214, 129814, 56.72
ATLANTAA, EQ, 11-Sep-2026, 37.51, 37.97, 37.97, 36.26, 37.06, 37.22, 37.16, 29600, 11.00, 486, 18992, 73.32
ATLANTAELE, EQ, 11-Sep-2026, 1805.40, 1798.00, 1798.00, 1759.00, 1785.30, 1777.80, 1772.84, 69995, 1240.90, 9150, 30328, 54.48
ATLASCYCLE, EQ, 11-Sep-2026, 98.07, 97.43, 99.05, 94.65, 96.00, 95.71, 96.67, 26962, 26.06, 453, 7883, 51.76
ATLPP, E1, 11-Sep-2026, 9.32, 9.40, 9.40, 9.05, 9.15, 9.11, 9.16, 469, 0.04, 10, 363, 77.56
ATMASTCO, SM, 11-Sep-2026, 128.60, 135.00, 135.00, 127.00, 131.95, 130.20, 131.13, 28800, 37.77, 42, 24000, 84.51
ATUL, EQ, 11-Sep-2026, 6356.00, 6327.00, 6327.00, 6156.50, 6250.50, 6244.50, 6225.40, 33362, 2076.92, 10662, 14293, 50.52
ATULAUTO, EQ, 11-Sep-2026, 449.65, 448.95, 449.80, 439.85, 444.60, 445.60, 443.81, 59361, 263.45, 3263, 23403, 52.71
AUBANK, EQ, 11-Sep-2026, 1054.70, 1052.00, 1061.20, 1033.20, 1058.90, 1058.90, 1048.81, 1058773, 11104.52, 29111, 430085, 47.94
AUGMONT, EQ, 11-Sep-2026, 917.50, 915.00, 915.00, 873.70, 881.80, 886.15, 887.40, 1169259, 10376.06, 37460, 371913, 36.86
AURIONPRO, EQ, 11-Sep-2026, 671.15, 670.00, 689.50, 665.05, 686.00, 680.85, 680.13, 163921, 1114.88, 7598, 66152, 48.25
AUROIMPEX, SM, 11-Sep-2026, 26.55, 27.85, 27.85, 27.85, 27.85, 27.85, 27.85, 3200, 0.89, 2, 3200, 100.00
AUROPHARMA, EQ, 11-Sep-2026, 1668.40, 1666.70, 1681.40, 1655.50, 1679.80, 1679.80, 1672.65, 494251, 8267.11, 27831, 206844, 50.35
AURUM, EQ, 11-Sep-2026, 220.38, 218.40, 226.16, 218.40, 223.00, 224.02, 222.54, 74800, 166.46, 1538, 43270, 71.41
AURUS, EQ, 11-Sep-2026, 4.80, 4.80, 4.92, 4.68, 4.92, 4.89, 4.88, 14697, 0.72, 149, 10918, 86.73
AUSOMENT, EQ, 11-Sep-2026, 153.00, 152.00, 155.00, 146.00, 155.00, 152.59, 151.56, 7199, 10.91, 170, 2457, 92.68
AUSTENG, EQ, 11-Sep-2026, 127.04, 127.04, 137.00, 124.20, 134.90, 135.29, 134.21, 6029, 8.09, 289, 3920, 70.29
AUTOAXLES, EQ, 11-Sep-2026, 1657.90, 1652.20, 1690.00, 1650.00, 1690.00, 1678.00, 1674.97, 4539, 76.03, 715, 3219, 74.74
AUTOBEES, EQ, 11-Sep-2026, 284.53, 284.11, 284.11, 280.36, 283.50, 282.87, 282.27, 170286, 480.66, 3534, 86511, 54.21
AUTOIETF, EQ, 11-Sep-2026, 28.55, 28.55, 29.41, 28.12, 28.50, 28.58, 28.38, 608290, 172.63, 2440, 289120, 62.74
AUTOIND, EQ, 11-Sep-2026, 84.25, 84.00, 84.94, 80.99, 83.10, 82.83, 82.44, 152032, 125.34, 2289, 69026, 62.44
AVADHSUGAR, EQ, 11-Sep-2026, 794.45, 788.95, 812.00, 763.30, 769.80, 769.60, 789.47, 185275, 1462.69, 9233, 65344, 43.04
AVALON, EQ, 11-Sep-2026, 2227.00, 2225.00, 2299.80, 2188.40, 2266.00, 2264.50, 2252.35, 334741, 7539.54, 40093, 107618, 35.82
AVANA, ST, 11-Sep-2026, 147.90, 143.00, 151.35, 143.00, 143.50, 143.75, 146.24, 18000, 26.32, 9, 12000, 75.00
AVANCE, EQ, 11-Sep-2026, 0.82, 0.83, 0.83, 0.81, 0.82, 0.81, 0.81, 3112294, 25.32, 1139, 1751410, 58.68
AVANTEL, EQ, 11-Sep-2026, 159.07, 157.77, 157.77, 154.96, 156.75, 156.46, 156.21, 782263, 1221.98, 9987, 384588, 55.73
AVANTIFEED, EQ, 11-Sep-2026, 815.30, 809.55, 809.55, 795.70, 800.00, 798.60, 800.82, 207665, 1663.03, 14625, 85551, 44.57
AVG, BE, 11-Sep-2026, 182.49, 183.00, 185.00, 175.00, 179.82, 176.41, 180.86, 11880, 21.49, 161, -, -
AVIANSH, SM, 11-Sep-2026, 101.50, 102.00, 102.50, 102.00, 102.50, 102.50, 102.25, 2000, 2.05, 2, 2000, 100.00
AVIENCE, SM, 11-Sep-2026, 346.80, 356.10, 388.00, 322.00, 388.00, 385.35, 360.23, 100200, 360.95, 147, 58200, 61.39
AVL, EQ, 11-Sep-2026, 603.55, 600.00, 620.00, 593.80, 619.00, 616.45, 605.05, 243754, 1474.84, 13501, 129464, 65.08
AVONMORE, EQ, 11-Sep-2026, 14.19, 14.20, 14.60, 13.85, 14.09, 14.00, 14.04, 258430, 36.28, 844, 189063, 78.20
AVPINFRA, SM, 11-Sep-2026, 59.95, 59.00, 60.75, 58.25, 59.30, 58.80, 58.85, 44800, 26.37, 41, 33600, 93.33
AVROIND, EQ, 11-Sep-2026, 8.34, 8.40, 8.43, 7.72, 7.87, 7.81, 7.97, 891730, 71.09, 1850, 492833, 74.70
AVTNPL, EQ, 11-Sep-2026, 90.60, 90.48, 90.98, 87.71, 90.60, 90.13, 89.30, 180833, 161.49, 2293, 92140, 57.07
AWFIS, EQ, 11-Sep-2026, 249.60, 248.50, 299.45, 244.10, 293.70, 293.20, 283.44, 23945553, 67870.41, 329269, 1580922, 6.95
AWHCL, EQ, 11-Sep-2026, 373.15, 370.05, 372.30, 360.00, 367.80, 366.50, 365.58, 85509, 312.60, 3582, 42020, 55.91
AWL, EQ, 11-Sep-2026, 185.70, 185.30, 185.94, 181.00, 185.80, 185.02, 183.48, 1727993, 3170.47, 20132, 703434, 48.16
AXISBANK, EQ, 11-Sep-2026, 1246.00, 1237.90, 1252.80, 1229.80, 1246.00, 1246.00, 1245.38, 4562285, 56817.78, 137530, 2301302, 57.75
AXISCADES, EQ, 11-Sep-2026, 1869.70, 1864.20, 1866.70, 1815.00, 1830.00, 1831.80, 1836.08, 131542, 2415.22, 13259, 50247, 41.78
AXITA, EQ, 11-Sep-2026, 8.00, 8.04, 8.06, 7.98, 8.01, 7.98, 8.00, 1291259, 103.27, 804, 231667, 48.13
AXTEL, EQ, 11-Sep-2026, 425.10, 425.50, 448.00, 413.00, 440.00, 440.20, 428.04, 20070, 85.91, 750, 13162, 67.52
AYE, EQ, 11-Sep-2026, 178.10, 176.95, 180.60, 172.45, 179.00, 179.46, 177.07, 606572, 1074.05, 9653, 274614, 49.92
AYMSYNTEX, EQ, 11-Sep-2026, 293.10, 294.90, 294.90, 280.50, 283.00, 281.65, 284.87, 93298, 265.78, 2129, 57542, 71.34
AZAD, EQ, 11-Sep-2026, 2773.50, 2744.00, 2864.00, 2677.80, 2862.00, 2849.10, 2776.77, 454037, 12607.55, 36338, 116924, 30.77
AZADIND, EQ, 11-Sep-2026, 86.79, 88.53, 88.78, 83.25, 88.65, 87.13, 87.16, 33984, 29.62, 287, 4008, 14.37
BABAFP, SM, 11-Sep-2026, 22.55, 22.05, 22.05, 22.05, 22.05, 22.05, 22.05, 1600, 0.35, 1, 1600, 100.00
BAFNAPH, BE, 11-Sep-2026, 307.60, 301.45, 301.45, 301.45, 301.45, 301.45, 301.45, 11743, 35.40, 70, -, -
BAGDIGITAL, SM, 11-Sep-2026, 104.70, 103.00, 103.00, 103.00, 103.00, 103.00, 103.00, 1600, 1.65, 1, 1600, 100.00
BAGFILMS, EQ, 11-Sep-2026, 4.46, 4.53, 4.66, 4.32, 4.55, 4.44, 4.51, 136648, 6.17, 364, 40916, 57.28
BAGMANE, RR, 11-Sep-2026, 107.75, 108.00, 110.70, 107.21, 108.66, 108.79, 108.84, 1324949, 1442.14, 15578, 1022484, 90.47
BAHETI, SM, 11-Sep-2026, 828.65, 835.00, 839.00, 816.25, 816.25, 820.85, 825.08, 17250, 142.33, 41, 9000, 61.54
BAIDFIN, EQ, 11-Sep-2026, 11.74, 11.74, 12.16, 11.25, 11.92, 11.88, 11.62, 152112, 17.67, 726, 106019, 71.30
BAJAJ-AUTO, EQ, 11-Sep-2026, 11768.00, 11624.00, 11723.00, 11529.00, 11678.00, 11678.00, 11651.99, 214731, 25020.44, 34542, 119990, 64.81
BAJAJCON, EQ, 11-Sep-2026, 524.45, 520.90, 523.15, 507.25, 522.50, 520.50, 516.84, 901856, 4661.11, 19353, 485576, 58.55
BAJAJELEC, EQ, 11-Sep-2026, 337.75, 335.00, 338.50, 327.80, 337.00, 335.30, 334.34, 102318, 342.09, 5512, 34191, 37.24
BAJAJFINSV, EQ, 11-Sep-2026, 1940.50, 1912.10, 1926.00, 1895.00, 1913.50, 1913.50, 1909.09, 762375, 14554.41, 37816, 368606, 52.03
BAJAJHCARE, EQ, 11-Sep-2026, 333.30, 332.00, 338.40, 325.00, 333.10, 334.05, 333.38, 131431, 438.17, 4388, 58933, 48.26
BAJAJHFL, EQ, 11-Sep-2026, 84.22, 83.60, 85.51, 82.90, 84.14, 84.11, 84.41, 5140262, 4338.96, 31323, 2579055, 54.36
BAJAJHIND, EQ, 11-Sep-2026, 21.40, 21.35, 21.46, 20.80, 20.93, 20.94, 21.06, 24595964, 5179.76, 27981, 4674763, 20.55
BAJAJHLDNG, EQ, 11-Sep-2026, 10992.00, 10990.00, 11146.00, 10922.00, 11134.00, 11134.00, 11061.36, 49910, 5520.73, 11684, 21847, 48.40
BAJAJINDEF, EQ, 11-Sep-2026, 221.03, 222.90, 237.00, 219.61, 230.10, 228.57, 229.50, 44398, 101.89, 1237, 20658, 53.68
BAJAJST, EQ, 11-Sep-2026, 362.60, 365.05, 370.45, 357.10, 368.80, 365.65, 364.44, 9972, 36.34, 785, 5463, 60.73
BAJEL, EQ, 11-Sep-2026, 177.42, 177.61, 181.25, 175.00, 180.90, 179.89, 178.65, 136248, 243.40, 2429, 56543, 48.51
BAJFINANCE, EQ, 11-Sep-2026, 1043.50, 1031.00, 1035.00, 1015.10, 1034.50, 1034.50, 1027.92, 5411299, 55623.60, 129025, 3001489, 64.25
BALAJEE, EQ, 11-Sep-2026, 25.53, 25.52, 25.67, 24.36, 25.15, 25.14, 25.14, 53682, 13.49, 379, 38865, 76.91
BALAJIPHOS, SM, 11-Sep-2026, 116.00, 116.00, 116.00, 116.00, 116.00, 116.00, 116.00, 2000, 2.32, 1, 2000, 100.00
BALAJITELE, EQ, 11-Sep-2026, 91.81, 91.66, 91.89, 89.21, 90.35, 90.63, 90.32, 168159, 151.88, 2059, 112357, 70.28
BALAMINES, EQ, 11-Sep-2026, 2342.60, 2329.80, 2329.80, 2245.60, 2283.00, 2276.50, 2279.53, 175673, 4004.52, 17887, 62240, 39.12
BALAXI, EQ, 11-Sep-2026, 23.24, 23.40, 24.69, 22.75, 23.33, 23.39, 23.57, 39705, 9.36, 280, 22717, 63.38
BALCO, SM, 11-Sep-2026, 19.00, 19.85, 19.95, 19.85, 19.95, 19.95, 19.91, 4800, 0.96, 4, 4800, 100.00
BALKRISHNA, EQ, 11-Sep-2026, 16.28, 16.59, 16.59, 15.90, 16.00, 16.10, 16.14, 12742, 2.06, 112, 5543, 70.67
BALKRISIND, EQ, 11-Sep-2026, 2193.00, 2180.20, 2190.10, 2156.40, 2164.00, 2164.60, 2168.78, 177906, 3858.39, 24911, 52407, 48.29
BALMLAWRIE, EQ, 11-Sep-2026, 174.08, 170.21, 170.25, 167.41, 168.60, 168.72, 168.49, 170327, 286.99, 3498, 84209, 55.54
BALPHARMA, EQ, 11-Sep-2026, 106.21, 105.60, 114.95, 104.13, 107.70, 107.42, 110.78, 316936, 351.09, 3600, 123150, 41.82
BALRAMCHIN, EQ, 11-Sep-2026, 705.15, 697.40, 709.00, 687.00, 693.00, 691.40, 697.27, 1301177, 9072.73, 38216, 244949, 21.93
BALUFORGE, EQ, 11-Sep-2026, 536.65, 534.00, 536.90, 523.30, 532.50, 533.40, 529.49, 532783, 2821.04, 13031, 169347, 36.80
BANARBEADS, EQ, 11-Sep-2026, 110.56, 113.65, 113.65, 107.00, 109.20, 107.56, 108.09, 1907, 2.06, 118, 1254, 82.01
BANARISUG, EQ, 11-Sep-2026, 3590.40, 3588.00, 3588.00, 3475.00, 3478.40, 3517.60, 3510.47, 1867, 65.54, 425, 761, 49.64
BANCOINDIA, EQ, 11-Sep-2026, 627.50, 619.05, 619.05, 607.00, 613.50, 615.00, 612.84, 105218, 644.81, 6282, 42328, 47.93
BANDHANBNK, EQ, 11-Sep-2026, 174.00, 171.75, 178.54, 170.85, 176.52, 176.52, 175.98, 25334991, 44584.09, 72248, 13889255, 57.58
BANG, EQ, 11-Sep-2026, 34.51, 34.90, 35.90, 33.49, 35.20, 35.12, 35.02, 316170, 110.72, 1977, 83188, 30.01
BANK10ADD, EQ, 11-Sep-2026, 16.44, 16.34, 16.73, 16.34, 16.71, 16.65, 16.54, 36319, 6.01, 202, 13801, 52.15
BANK10BETF, EQ, 11-Sep-2026, 20.28, 20.28, 20.46, 20.13, 20.44, 20.21, 20.18, 31320, 6.32, 55, 6669, 23.71
BANKA, EQ, 11-Sep-2026, 77.93, 77.75, 81.82, 77.75, 81.80, 81.78, 81.33, 3172, 2.58, 60, 1994, 94.86
BANKADD, EQ, 11-Sep-2026, 57.68, 57.57, 58.35, 57.07, 57.90, 58.09, 57.71, 4145, 2.39, 89, 1687, 44.45
BANKBARODA, EQ, 11-Sep-2026, 237.62, 235.35, 238.13, 234.30, 238.13, 238.13, 236.51, 7018275, 16598.58, 46127, 3327556, 52.12
BANKBEES, EQ, 11-Sep-2026, 583.52, 583.13, 587.50, 578.23, 587.25, 586.35, 583.46, 931482, 5434.86, 10087, 519131, 58.74
BANKBETA, EQ, 11-Sep-2026, 58.29, 58.02, 58.86, 57.69, 58.50, 58.63, 58.06, 235689, 136.84, 541, 199516, 92.82
BANKBETF, EQ, 11-Sep-2026, 57.31, 57.05, 57.77, 56.61, 57.45, 57.61, 57.62, 1195831, 689.07, 347, 1167270, 98.03
BANKETF, EQ, 11-Sep-2026, 575.23, 571.81, 578.60, 568.58, 578.60, 577.62, 574.60, 21995, 126.38, 457, 7853, 36.47
BANKIETF, EQ, 11-Sep-2026, 57.87, 57.79, 58.21, 57.29, 58.21, 58.14, 57.96, 2702304, 1566.32, 2051, 1850678, 68.85
BANKINDIA, EQ, 11-Sep-2026, 141.00, 140.00, 140.10, 137.26, 140.00, 140.00, 139.19, 4385344, 6103.84, 21988, 1249377, 36.27
BANKNIFTY1, EQ, 11-Sep-2026, 58.46, 58.34, 58.82, 57.94, 58.65, 58.70, 58.45, 5309458, 3103.54, 1227, 5146419, 97.93
BANKPSU, EQ, 11-Sep-2026, 84.30, 84.00, 84.44, 83.72, 84.33, 84.34, 84.11, 7528, 6.33, 85, 3786, 50.60
BANSALWIRE, EQ, 11-Sep-2026, 311.40, 309.95, 311.00, 305.10, 311.00, 309.35, 307.80, 36627, 112.74, 2183, 18378, 64.77
BANSWRAS, EQ, 11-Sep-2026, 113.04, 113.06, 113.90, 110.66, 113.79, 112.84, 112.51, 13011, 14.64, 435, 7450, 62.59
BARFLEX, SM, 11-Sep-2026, 59.90, 60.70, 60.70, 58.05, 58.05, 58.05, 58.93, 6000, 3.54, 3, 4000, 66.67
BASF, EQ, 11-Sep-2026, 3688.30, 3663.40, 3682.80, 3585.60, 3669.00, 3661.50, 3638.47, 18224, 663.07, 5090, 8540, 49.91
BASILIC, SM, 11-Sep-2026, 193.90, 188.70, 195.00, 188.50, 195.00, 191.10, 191.06, 6600, 12.61, 19, 3900, 76.47
BASML, BE, 11-Sep-2026, 25.00, 24.50, 25.00, 24.25, 24.70, 24.60, 24.45, 14633, 3.58, 80, -, -
BATAINDIA, EQ, 11-Sep-2026, 653.25, 652.00, 652.55, 643.00, 649.95, 648.65, 648.34, 105041, 681.03, 7485, 42107, 46.85
BATLIBOI, EQ, 11-Sep-2026, 85.59, 84.89, 86.00, 84.50, 86.00, 85.91, 85.38, 25049, 21.39, 1040, 14079, 67.01
BAWEJA, SM, 11-Sep-2026, 23.65, 24.15, 24.15, 24.15, 24.15, 24.15, 24.15, 1600, 0.39, 2, 1600, 100.00
BAYERCROP, EQ, 11-Sep-2026, 3978.40, 3952.00, 3990.00, 3926.60, 3985.60, 3974.10, 3968.82, 19851, 787.85, 5023, 9891, 59.87
BBETF0432, EQ, 11-Sep-2026, 1346.48, 1347.92, 1353.59, 1344.23, 1348.00, 1350.41, 1350.40, 2657, 35.88, 55, 2157, 96.17
BBL, EQ, 11-Sep-2026, 2231.20, 2215.30, 2269.20, 2189.00, 2249.90, 2246.50, 2219.73, 18662, 414.25, 3035, 8582, 57.54
BBNPNBETF, EQ, 11-Sep-2026, 56.89, 56.67, 56.88, 56.24, 56.66, 56.66, 56.44, 328, 0.19, 13, 207, 63.11
BBNPPGOLD, EQ, 11-Sep-2026, 147.80, 147.60, 147.60, 145.60, 146.25, 146.20, 146.77, 7331, 10.76, 104, 3925, 57.58
BBOX, EQ, 11-Sep-2026, 744.85, 741.00, 808.40, 740.00, 805.10, 800.80, 788.04, 1663788, 13111.38, 69814, 408990, 26.46
BBTC, EQ, 11-Sep-2026, 1434.70, 1426.00, 1434.60, 1405.30, 1430.00, 1423.50, 1420.07, 31609, 448.87, 4207, 13233, 45.21
BBTCL, EQ, 11-Sep-2026, 235.33, 231.00, 233.99, 226.76, 227.30, 227.51, 230.00, 5488, 12.62, 316, 3413, 76.58
BCG, EQ, 11-Sep-2026, 10.10, 10.08, 10.26, 9.83, 10.00, 9.99, 10.04, 8199526, 823.57, 6597, 3795373, 50.82
BCLIND, EQ, 11-Sep-2026, 35.12, 34.94, 35.06, 34.01, 34.25, 34.18, 34.34, 573427, 196.89, 3724, 271189, 66.37
BCONCEPTS, EQ, 11-Sep-2026, 154.50, 159.00, 159.00, 150.30, 155.56, 156.56, 154.89, 8986, 13.92, 474, 6271, 71.75
BCPL, EQ, 11-Sep-2026, 71.05, 71.90, 71.90, 69.26, 70.39, 70.01, 70.12, 13097, 9.18, 267, 7472, 58.52
BDL, EQ, 11-Sep-2026, 1195.00, 1185.00, 1192.00, 1165.00, 1190.00, 1190.00, 1178.27, 974802, 11485.85, 37859, 295627, 33.34
BEACON, SM, 11-Sep-2026, 86.00, 82.00, 82.00, 81.70, 81.70, 81.70, 81.73, 13000, 10.63, 12, 11000, 91.67
BEARDSELL, EQ, 11-Sep-2026, 24.39, 24.21, 24.87, 24.21, 24.80, 24.67, 24.69, 11804, 2.91, 119, 5839, 89.64
BECTORFOOD, EQ, 11-Sep-2026, 245.44, 244.80, 245.70, 236.51, 243.65, 242.50, 241.17, 903250, 2178.34, 23527, 254542, 30.94
BEDMUTHA, EQ, 11-Sep-2026, 105.37, 105.10, 107.80, 103.00, 103.52, 103.94, 104.10, 8678, 9.03, 157, 5744, 71.34
BEEKAY, EQ, 11-Sep-2026, 433.40, 430.30, 446.50, 417.00, 430.75, 425.60, 430.24, 25298, 108.84, 400, 23642, 94.43
BEL, EQ, 11-Sep-2026, 405.00, 402.60, 405.40, 399.25, 404.35, 404.35, 403.29, 7805974, 31480.51, 70781, 4236659, 61.42
BELLACASA, EQ, 11-Sep-2026, 262.11, 265.00, 265.66, 252.00, 256.30, 256.52, 259.52, 15318, 39.75, 850, 5942, 57.29
BELRISE, EQ, 11-Sep-2026, 228.40, 227.50, 229.69, 225.36, 228.60, 228.00, 227.77, 1312518, 2989.49, 32591, 549177, 46.43
BEML, EQ, 11-Sep-2026, 2029.00, 2019.00, 2044.00, 1982.20, 2030.50, 2023.40, 2007.07, 230934, 4635.01, 20510, 78583, 40.89
BENARAS, EQ, 11-Sep-2026, 10736.00, 10897.00, 11100.00, 10796.00, 11099.00, 11085.00, 10981.13, 467, 51.28, 138, 407, 93.78
BENGALASM, EQ, 11-Sep-2026, 6200.50, 6107.50, 6300.00, 6105.00, 6250.00, 6265.00, 6208.24, 186, 11.55, 75, 132, 76.74
BEPL, EQ, 11-Sep-2026, 130.29, 129.00, 129.76, 126.26, 128.30, 128.08, 127.83, 1126927, 1440.58, 10252, 463814, 45.53
BERGEPAINT, EQ, 11-Sep-2026, 463.80, 460.75, 465.75, 457.00, 458.50, 458.05, 460.71, 283827, 1307.63, 18639, 110831, 48.20
BESTAGRO, EQ, 11-Sep-2026, 19.14, 19.14, 19.35, 18.63, 19.09, 19.05, 19.02, 493330, 93.83, 1938, 239349, 54.30
BETA, EQ, 11-Sep-2026, 2085.80, 2070.00, 2147.80, 2013.80, 2130.00, 2118.50, 2092.65, 18068, 378.10, 2385, 6927, 43.08
BEWLTD, SM, 11-Sep-2026, 48.90, 48.50, 49.50, 48.50, 48.80, 48.80, 48.99, 17000, 8.33, 14, 16000, 96.97
BFINVEST, EQ, 11-Sep-2026, 448.60, 448.60, 453.90, 440.55, 448.95, 448.30, 447.15, 19703, 88.10, 1179, 5714, 35.23
BFSI, EQ, 11-Sep-2026, 26.47, 26.36, 26.60, 26.15, 26.60, 26.52, 26.47, 2829147, 748.84, 1073, 2679044, 95.70
BFUTILITIE, EQ, 11-Sep-2026, 544.45, 541.95, 567.00, 528.90, 549.00, 548.90, 553.36, 275682, 1525.52, 11504, 62021, 23.88
BGRENERGY, BE, 11-Sep-2026, 243.22, 238.00, 245.00, 231.50, 234.00, 232.78, 233.49, 116498, 272.01, 1101, -, -
BHADORA, ST, 11-Sep-2026, 124.95, 127.65, 127.80, 123.00, 123.00, 123.00, 125.31, 34800, 43.61, 28, 31200, 96.30
BHAGCHEM, EQ, 11-Sep-2026, 258.20, 257.10, 261.00, 254.60, 257.75, 258.75, 257.36, 21384, 55.03, 474, 12090, 67.70
BHAGERIA, BE, 11-Sep-2026, 303.10, 287.95, 318.25, 287.95, 318.25, 317.05, 296.91, 395692, 1174.85, 2037, -, -
BHAGYANGR, EQ, 11-Sep-2026, 432.20, 431.75, 431.75, 410.60, 422.00, 422.55, 422.17, 540725, 2282.78, 9547, 207473, 40.76
BHANDARI, EQ, 11-Sep-2026, 3.00, 3.00, 3.05, 2.98, 3.03, 3.00, 3.01, 161333, 4.86, 221, 108834, 89.94
BHARATCOAL, EQ, 11-Sep-2026, 33.42, 33.28, 33.28, 32.76, 33.07, 33.01, 33.00, 4257207, 1404.95, 17884, 2053204, 53.20
BHARATFORG, EQ, 11-Sep-2026, 1954.90, 1947.80, 1947.90, 1908.60, 1944.90, 1944.90, 1929.63, 283776, 5475.81, 19789, 92941, 40.07
BHARATGEAR, BE, 11-Sep-2026, 102.67, 101.50, 102.69, 100.16, 101.11, 101.14, 101.24, 6384, 6.46, 108, -, -
BHARATRAS, EQ, 11-Sep-2026, 1168.20, 1168.90, 1168.90, 1154.00, 1156.30, 1157.90, 1158.67, 11351, 131.52, 1385, 5873, 67.25
BHARATSE, EQ, 11-Sep-2026, 217.08, 215.00, 218.59, 211.20, 218.30, 217.47, 214.16, 128822, 275.89, 2604, 63879, 55.41
BHARATWIRE, EQ, 11-Sep-2026, 173.20, 173.20, 173.89, 168.50, 172.90, 172.48, 170.80, 90466, 154.52, 2162, 45188, 55.16
BHARTIARTL, EQ, 11-Sep-2026, 1839.00, 1832.00, 1852.00, 1830.50, 1831.10, 1831.10, 1842.48, 4181325, 77040.04, 138752, 2571458, 71.18
BHARTIHEXA, EQ, 11-Sep-2026, 1539.20, 1530.00, 1567.40, 1527.50, 1546.10, 1545.00, 1548.85, 139554, 2161.48, 19874, 61908, 47.71
BHEL, EQ, 11-Sep-2026, 429.50, 427.00, 433.00, 418.20, 431.00, 431.00, 425.38, 6548117, 27854.28, 50133, 2117488, 35.09
BI, BE, 11-Sep-2026, 89.83, 89.99, 93.60, 87.75, 93.00, 92.92, 91.06, 31238, 28.45, 165, -, -
BIGBLOC, EQ, 11-Sep-2026, 40.57, 39.61, 41.10, 39.61, 40.97, 40.79, 40.58, 23710, 9.62, 319, 15704, 75.24
BIKAJI, EQ, 11-Sep-2026, 566.15, 566.00, 566.00, 547.30, 549.75, 548.25, 552.02, 142922, 788.96, 11826, 71323, 58.81
BIKEWO, ST, 11-Sep-2026, 107.85, 109.95, 109.95, 103.50, 103.50, 104.30, 105.75, 32000, 33.84, 15, 20000, 90.91
BIL, EQ, 11-Sep-2026, 1081.70, 1097.00, 1097.00, 1030.20, 1088.00, 1073.00, 1067.63, 17520, 187.05, 2151, 5881, 47.82
BILVYAPAR, BE, 11-Sep-2026, 4.00, 4.00, 4.20, 3.85, 3.95, 3.95, 3.99, 11058, 0.44, 36, -, -
BIMETAL, EQ, 11-Sep-2026, 645.00, 635.05, 647.00, 635.05, 640.50, 640.50, 639.18, 119, 0.76, 12, 96, 93.20
BIOCON, EQ, 11-Sep-2026, 391.65, 391.55, 396.85, 384.65, 390.65, 390.65, 391.39, 3665623, 14346.90, 49207, 1530584, 44.08
BIOFILCHEM, EQ, 11-Sep-2026, 36.79, 37.80, 37.80, 32.36, 34.40, 34.51, 35.22, 173376, 61.07, 1564, 94705, 59.18
BIOPOL, SM, 11-Sep-2026, 47.10, 46.00, 49.00, 44.75, 48.35, 47.70, 46.59, 63600, 29.63, 48, 43200, 72.00
BIRDYS, SM, 11-Sep-2026, 89.90, 85.45, 85.45, 85.45, 85.45, 85.45, 85.45, 1200, 1.03, 1, -, -
BIRET, RR, 11-Sep-2026, 337.59, 338.79, 340.10, 333.55, 334.50, 335.41, 337.10, 350044, 1179.99, 8621, 135211, 80.81
BIRLACABLE, EQ, 11-Sep-2026, 374.65, 367.00, 393.35, 362.25, 393.35, 392.35, 387.57, 996485, 3862.04, 16412, 404720, 42.75
BIRLACORPN, EQ, 11-Sep-2026, 836.70, 833.45, 835.95, 821.45, 825.00, 825.15, 825.82, 70252, 580.15, 7170, 34954, 58.60
BIRLAMONEY, EQ, 11-Sep-2026, 122.90, 122.15, 123.79, 118.26, 120.20, 121.19, 120.59, 53016, 63.93, 1692, 28324, 60.11
BIRLANU, EQ, 11-Sep-2026, 1434.60, 1434.70, 1465.00, 1404.00, 1464.80, 1448.40, 1424.70, 10843, 154.48, 1416, 6106, 65.17
BIRLAPREC, BE, 11-Sep-2026, 59.30, 59.00, 62.00, 57.00, 61.49, 61.43, 60.70, 273989, 166.31, 1246, -, -
BLACKBUCK, EQ, 11-Sep-2026, 585.90, 575.00, 634.40, 575.00, 631.00, 628.15, 607.18, 4433382, 26918.43, 97390, 1688006, 46.40
BLACKROSE, BE, 11-Sep-2026, 111.79, 110.90, 110.90, 106.21, 108.19, 108.14, 108.01, 29808, 32.20, 293, -, -
BLAL, EQ, 11-Sep-2026, 161.23, 161.91, 162.01, 158.00, 161.85, 161.47, 160.60, 12189, 19.58, 455, 6184, 54.19
BLBLIMITED, EQ, 11-Sep-2026, 15.98, 15.98, 17.30, 15.60, 16.00, 16.13, 16.05, 420547, 67.48, 643, 341937, 85.46
BLEL, EQ, 11-Sep-2026, 441.60, 437.95, 445.05, 429.00, 444.45, 442.15, 437.96, 733830, 3213.85, 17557, 163091, 26.03
BLIL, EQ, 11-Sep-2026, 71.42, 67.79, 70.09, 67.79, 68.62, 68.44, 68.63, 188524, 129.39, 2232, 113136, 65.82
BLISSGVS, BE, 11-Sep-2026, 700.45, 698.00, 724.00, 676.00, 722.00, 720.95, 703.55, 190726, 1341.85, 3124, -, -
BLKASHYAP, EQ, 11-Sep-2026, 55.55, 54.90, 55.11, 52.79, 53.80, 53.91, 53.85, 557333, 300.15, 3430, 323182, 64.67
BLS, EQ, 11-Sep-2026, 235.63, 233.00, 233.36, 228.88, 232.26, 231.58, 230.73, 804283, 1855.75, 15829, 351481, 50.16
BLSE, EQ, 11-Sep-2026, 316.60, 314.90, 316.05, 307.05, 310.00, 312.80, 311.87, 356250, 1111.05, 9013, 189584, 62.60
BLUECLOUDS, EQ, 11-Sep-2026, 19.50, 19.50, 19.50, 19.10, 19.22, 19.13, 19.18, 846423, 162.33, 2924, 440571, 68.32
BLUECOAST, EQ, 11-Sep-2026, 21.83, 20.75, 22.92, 20.75, 22.01, 22.18, 22.05, 477, 0.11, 14, 195, 98.48
BLUEDART, EQ, 11-Sep-2026, 4882.60, 4850.00, 4858.20, 4812.20, 4842.00, 4830.90, 4829.19, 3737, 180.47, 1151, 1912, 57.78
BLUEJET, EQ, 11-Sep-2026, 575.30, 572.60, 572.60, 563.00, 569.95, 568.55, 566.93, 294503, 1669.62, 12002, 135428, 51.44
BLUEPEBBLE, SM, 11-Sep-2026, 79.00, 79.00, 79.00, 79.00, 79.00, 79.00, 79.00, 800, 0.63, 2, 400, 100.00
BLUESTARCO, EQ, 11-Sep-2026, 1514.00, 1500.00, 1565.10, 1489.00, 1558.00, 1558.00, 1545.73, 1336366, 20656.57, 58931, 454117, 38.69
BLUESTONE, EQ, 11-Sep-2026, 855.15, 853.00, 899.00, 841.50, 892.00, 890.35, 877.57, 1308518, 11483.21, 57502, 266793, 25.24
BLUEWATER, ST, 11-Sep-2026, 438.00, 455.85, 457.50, 454.85, 457.50, 457.50, 455.77, 12000, 54.69, 11, 12000, 100.00
BLUSPRING, EQ, 11-Sep-2026, 137.45, 136.30, 136.30, 130.21, 131.90, 131.48, 133.06, 388095, 516.38, 4694, 157881, 43.05
BMETRICS, SM, 11-Sep-2026, 36.00, 34.05, 34.55, 34.05, 34.45, 34.45, 34.35, 2400, 0.82, 3, 2400, 100.00
BMLL, SM, 11-Sep-2026, 160.00, 158.00, 158.00, 157.00, 158.00, 158.00, 157.80, 5000, 7.89, 3, 4000, 80.00
BMWVENTLTD, EQ, 11-Sep-2026, 54.59, 54.60, 54.60, 53.45, 54.43, 54.05, 53.80, 32634, 17.56, 838, 15977, 62.42
BNAGROCHEM, EQ, 11-Sep-2026, 212.00, 203.01, 208.00, 201.40, 205.00, 204.99, 205.15, 13194, 27.07, 67, 3105, 97.21
BNALTD, BE, 11-Sep-2026, 390.00, 399.90, 400.95, 399.90, 400.95, 400.60, 400.60, 6, 0.02, 4, -, -
BNKETFAXIS, EQ, 11-Sep-2026, 581.68, 575.86, 585.25, 575.67, 585.00, 584.36, 580.07, 778, 4.51, 42, 213, 31.70
BODALCHEM, EQ, 11-Sep-2026, 166.11, 159.00, 174.00, 157.81, 171.60, 172.40, 161.78, 7456837, 12063.93, 27755, 2239327, 31.89
BOHRAIND, EQ, 11-Sep-2026, 13.18, 12.75, 14.49, 12.52, 13.15, 13.42, 13.53, 17722, 2.40, 69, 14693, 88.35
BOMDYEING, EQ, 11-Sep-2026, 112.51, 111.90, 111.90, 109.80, 111.10, 111.27, 110.86, 447712, 496.35, 4329, 192767, 49.62
BONLON, EQ, 11-Sep-2026, 40.25, 40.50, 41.50, 38.91, 40.01, 40.10, 41.17, 12737, 5.24, 43, 11809, 93.58
BORANA, EQ, 11-Sep-2026, 317.65, 319.50, 319.50, 308.85, 317.50, 313.40, 312.76, 10383, 32.47, 444, 5820, 60.20
BOROLTD, EQ, 11-Sep-2026, 263.78, 262.88, 262.88, 255.40, 257.00, 257.48, 257.34, 117326, 301.92, 2910, 57104, 59.43
BORORENEW, EQ, 11-Sep-2026, 502.20, 499.05, 501.90, 494.00, 495.00, 495.65, 496.75, 331461, 1646.53, 12443, 134994, 50.73
BOROSCI, EQ, 11-Sep-2026, 125.29, 125.29, 126.90, 123.90, 125.50, 125.28, 125.00, 17100, 21.37, 451, 10375, 74.87
BOSCH-HCIL, EQ, 11-Sep-2026, 1689.90, 1678.00, 1728.50, 1652.20, 1712.00, 1704.00, 1686.01, 48942, 825.17, 5218, 18360, 49.21
BOSCHLTD, EQ, 11-Sep-2026, 48775.00, 48480.00, 48960.00, 48080.00, 48385.00, 48385.00, 48546.15, 19898, 9659.71, 8942, 8402, 48.29
BOSS, SM, 11-Sep-2026, 57.95, 59.40, 59.40, 59.40, 59.40, 59.40, 59.40, 2000, 1.19, 1, -, -
BPCL, EQ, 11-Sep-2026, 303.00, 299.40, 306.45, 296.00, 304.50, 304.50, 300.45, 4137678, 12431.58, 42457, 1374943, 37.63
BPL, EQ, 11-Sep-2026, 47.36, 47.21, 48.25, 45.30, 46.92, 46.30, 46.51, 76466, 35.57, 1328, 38910, 58.29
BPLPHARMA, EQ, 11-Sep-2026, 1558.60, 1558.60, 1577.00, 1449.80, 1503.00, 1505.10, 1496.02, 8418, 125.94, 619, 4886, 75.25
BRACEPORT, SM, 11-Sep-2026, 54.00, 51.00, 54.40, 51.00, 54.40, 54.40, 52.70, 3200, 1.69, 2, 3200, 100.00
BRAHMINFRA, EQ, 11-Sep-2026, 158.62, 158.00, 158.00, 155.00, 158.00, 157.35, 156.21, 12462, 19.47, 328, 8659, 76.30
BRANDMAN, SM, 11-Sep-2026, 169.05, 167.35, 172.50, 165.55, 172.50, 172.50, 168.50, 4800, 8.09, 6, 2400, 50.00
BRIGADE, EQ, 11-Sep-2026, 651.15, 648.80, 650.40, 628.20, 642.05, 638.65, 636.40, 380544, 2421.77, 24824, 134275, 38.82
BRIGHOTEL, EQ, 11-Sep-2026, 56.36, 56.00, 56.69, 55.75, 56.56, 56.51, 56.13, 65944, 37.02, 1753, 44680, 74.71
BRIGHTBR, EQ, 11-Sep-2026, 255.75, 250.25, 255.60, 246.15, 254.85, 255.25, 249.50, 1377, 3.44, 28, 1194, 88.51
BRITANNIA, EQ, 11-Sep-2026, 5009.00, 4996.00, 5012.50, 4945.00, 4962.00, 4962.00, 4986.73, 194857, 9716.98, 21961, 87362, 51.29
BRNL, EQ, 11-Sep-2026, 16.65, 17.00, 17.00, 16.06, 16.80, 16.73, 16.56, 17005, 2.82, 308, 12459, 79.08
BROOKS, EQ, 11-Sep-2026, 63.85, 64.70, 69.72, 63.12, 66.38, 65.69, 66.73, 101530, 67.75, 1172, 57982, 60.01
BSE, EQ, 11-Sep-2026, 3306.00, 3280.00, 3394.40, 3193.20, 3384.00, 3384.00, 3255.41, 4326473, 140844.22, 196817, 1151408, 29.36
BSE500IETF, EQ, 11-Sep-2026, 38.84, 38.84, 38.86, 38.38, 38.85, 38.78, 38.68, 63405, 24.53, 1212, 44936, 75.14
BSHSL, EQ, 11-Sep-2026, 88.84, 89.90, 93.50, 85.41, 88.00, 88.80, 87.51, 17879, 15.65, 266, 14062, 81.92
BSL, EQ, 11-Sep-2026, 122.06, 122.06, 123.28, 117.20, 120.69, 120.39, 120.22, 4137, 4.97, 117, 3118, 77.08
BSLGOLDETF, EQ, 11-Sep-2026, 134.33, 133.00, 133.84, 132.00, 133.38, 133.25, 133.00, 472915, 628.96, 2864, 72031, 21.36
BSLNIFTY, EQ, 11-Sep-2026, 27.50, 27.40, 27.65, 27.10, 27.65, 27.55, 27.51, 827639, 227.69, 3683, 244175, 72.66
BSLSENETFG, EQ, 11-Sep-2026, 75.53, 75.41, 78.08, 75.05, 78.08, 77.19, 75.64, 1931, 1.46, 93, 1197, 77.18
BSOFT, EQ, 11-Sep-2026, 275.80, 280.75, 284.80, 274.20, 281.50, 281.65, 278.86, 4622260, 12889.71, 76418, 1237218, 29.53
BTML, EQ, 11-Sep-2026, 7.79, 7.79, 7.88, 7.28, 7.40, 7.48, 7.59, 663574, 50.38, 557, 436766, 90.12
BTTL, BE, 11-Sep-2026, 42.49, 42.65, 42.65, 42.50, 42.50, 42.50, 42.50, 188, 0.08, 3, -, -
BUILDPRO, EQ, 11-Sep-2026, 1272.20, 1272.20, 1274.00, 1240.00, 1258.40, 1252.50, 1253.01, 38794, 486.09, 3655, 19261, 53.93
BULKCORP, ST, 11-Sep-2026, 85.30, 85.10, 85.40, 85.10, 85.40, 85.25, 85.25, 2400, 2.05, 2, -, -
BURNPUR, BE, 11-Sep-2026, 17.58, 16.71, 16.71, 16.71, 16.71, 16.71, 16.71, 9150, 1.53, 119, -, -
BUTTERFLY, EQ, 11-Sep-2026, 610.35, 609.20, 610.10, 579.95, 594.95, 586.25, 592.38, 36028, 213.42, 3763, 16970, 76.73
BVCL, EQ, 11-Sep-2026, 43.44, 43.43, 43.80, 41.90, 41.90, 42.05, 42.34, 26950, 11.41, 407, 9708, 72.84
BYKE, BE, 11-Sep-2026, 31.62, 31.42, 31.42, 31.00, 31.03, 31.05, 31.04, 13074, 4.06, 71, -, -
C2C, SM, 11-Sep-2026, 213.15, 214.80, 214.80, 206.35, 213.00, 212.15, 211.74, 66150, 140.07, 325, 36900, 60.59
CADSYS, ST, 11-Sep-2026, 46.40, 44.10, 44.10, 44.10, 44.10, 44.10, 44.10, 500, 0.22, 1, 500, 100.00
CALSOFT, BE, 11-Sep-2026, 36.90, 36.80, 38.74, 35.21, 38.74, 38.74, 37.54, 338230, 126.98, 912, -, -
CAMLINFINE, EQ, 11-Sep-2026, 103.57, 102.57, 102.65, 100.89, 101.92, 101.68, 101.69, 388816, 395.39, 3463, 204020, 65.56
CAMPUS, EQ, 11-Sep-2026, 213.68, 212.80, 215.50, 210.98, 214.15, 214.36, 213.78, 196725, 420.56, 7228, 91582, 53.51
CAMS, EQ, 11-Sep-2026, 712.00, 708.50, 713.05, 694.60, 711.00, 711.00, 706.28, 1442644, 10189.14, 68757, 635032, 48.22
CANARYS, SM, 11-Sep-2026, 22.90, 23.00, 24.00, 22.05, 23.40, 23.70, 22.92, 188000, 43.09, 40, 80000, 45.45
CANBK, EQ, 11-Sep-2026, 124.60, 124.00, 124.06, 122.65, 124.00, 124.00, 123.48, 11131129, 13744.45, 55216, 4228737, 44.87
CANFINHOME, EQ, 11-Sep-2026, 782.20, 781.30, 782.40, 768.05, 781.00, 779.75, 775.74, 407215, 3158.93, 19577, 251246, 68.36
CANHLIFE, EQ, 11-Sep-2026, 152.36, 150.57, 153.68, 145.65, 151.50, 151.92, 151.64, 603161, 914.64, 12515, 232649, 42.64
CANTABIL, EQ, 11-Sep-2026, 240.06, 238.80, 241.58, 234.60, 241.50, 240.21, 238.85, 142609, 340.62, 1944, 50171, 38.44
CAPACITE, EQ, 11-Sep-2026, 196.25, 193.70, 195.56, 190.96, 191.90, 191.98, 193.09, 455544, 879.61, 6782, 158750, 55.42
CAPILLARY, EQ, 11-Sep-2026, 459.90, 458.95, 464.40, 449.55, 460.10, 461.95, 460.70, 61095, 281.46, 3766, 24339, 53.76
CAPINVIT, IV, 11-Sep-2026, 76.70, 77.04, 77.04, 75.90, 76.97, 76.97, 76.59, 228779, 175.23, 1857, 160813, 78.12
CAPITALSFB, EQ, 11-Sep-2026, 272.15, 272.00, 274.95, 269.60, 271.20, 271.35, 271.89, 13631, 37.06, 535, 4665, 65.55
CAPLIPOINT, EQ, 11-Sep-2026, 2795.40, 2790.10, 2790.10, 2716.00, 2752.60, 2754.90, 2743.91, 103090, 2828.70, 14926, 36921, 39.77
CAPTRUST, BE, 11-Sep-2026, 18.29, 18.00, 18.35, 17.80, 18.22, 18.12, 18.11, 24777, 4.49, 64, -, -
CARBORUNIV, EQ, 11-Sep-2026, 1090.20, 1091.80, 1091.80, 1055.10, 1076.50, 1075.20, 1069.24, 113965, 1218.56, 12449, 51039, 52.56
CARERATING, EQ, 11-Sep-2026, 1693.00, 1680.00, 1680.20, 1645.30, 1660.00, 1650.50, 1661.05, 49841, 827.88, 6298, 22078, 59.73
CARRARO, EQ, 11-Sep-2026, 551.95, 547.00, 549.75, 533.00, 535.25, 538.45, 539.69, 90810, 490.10, 6021, 30243, 57.18
CARTRADE, EQ, 11-Sep-2026, 3034.70, 3005.90, 3105.20, 2982.10, 3086.10, 3087.90, 3071.16, 273739, 8406.95, 34932, 88120, 35.49
CARYSIL, EQ, 11-Sep-2026, 1178.50, 1170.20, 1172.00, 1145.30, 1166.30, 1161.90, 1155.14, 67653, 781.49, 5852, 31596, 51.56
CASHIETF, EQ, 11-Sep-2026, 1078.88, 1079.43, 1079.45, 1079.43, 1079.43, 1079.43, 1079.45, 217314, 2345.79, 159, 198857, 95.72
CASTROLIND, EQ, 11-Sep-2026, 188.06, 187.80, 189.00, 187.05, 188.00, 188.03, 188.33, 1118348, 2106.21, 23399, 561872, 65.31
CCAVENUE, EQ, 11-Sep-2026, 15.36, 15.35, 16.40, 15.00, 16.30, 16.29, 15.94, 42406012, 6759.54, 55730, 13317319, 39.26
CCCL, EQ, 11-Sep-2026, 14.15, 14.38, 14.38, 13.70, 13.96, 13.91, 13.86, 245082, 33.97, 627, 186060, 83.23
CCHHL, EQ, 11-Sep-2026, 12.50, 12.41, 12.89, 12.20, 12.49, 12.37, 12.42, 19039, 2.37, 197, 13688, 87.05
CCL, EQ, 11-Sep-2026, 1096.80, 1086.00, 1089.00, 1059.10, 1078.30, 1081.00, 1075.23, 152869, 1643.69, 19098, 61655, 49.26
CDSL, EQ, 11-Sep-2026, 1355.00, 1343.60, 1360.00, 1315.50, 1360.00, 1360.00, 1331.49, 1040559, 13854.95, 41377, 345046, 35.43
CEATLTD, EQ, 11-Sep-2026, 3295.70, 3275.00, 3294.60, 3247.00, 3285.00, 3278.50, 3271.70, 37708, 1233.69, 7244, 14129, 43.88
CEDAAR, ST, 11-Sep-2026, 12.45, 12.60, 12.95, 12.60, 12.60, 12.60, 12.72, 9000, 1.14, 6, 8000, 100.00
CEIGALL, EQ, 11-Sep-2026, 379.10, 376.30, 383.00, 369.20, 381.60, 380.40, 375.48, 266487, 1000.62, 6126, 111280, 48.92
CEINSYS, EQ, 11-Sep-2026, 685.00, 685.00, 719.00, 677.55, 706.00, 707.00, 703.48, 83507, 587.45, 5905, 30557, 40.40
CELEBRITY, EQ, 11-Sep-2026, 6.72, 6.95, 6.95, 6.75, 6.88, 6.85, 6.83, 16891, 1.15, 76, 14368, 87.68
CELLECOR, SM, 11-Sep-2026, 31.10, 30.80, 30.90, 30.30, 30.85, 30.60, 30.50, 171000, 52.16, 48, 129000, 84.31
CELLO, EQ, 11-Sep-2026, 338.90, 338.90, 338.90, 332.00, 333.90, 332.80, 333.98, 203828, 680.74, 9375, 99776, 56.07
CELLPOINT, SM, 11-Sep-2026, 14.95, 14.95, 14.95, 14.95, 14.95, 14.95, 14.95, 1200, 0.18, 1, 1200, 100.00
CEMNTGROWW, EQ, 11-Sep-2026, 14.34, 14.44, 14.53, 14.02, 14.43, 14.37, 14.13, 141005, 19.92, 614, 72551, 54.57
CEMPRO, EQ, 11-Sep-2026, 1251.90, 1248.00, 1257.80, 1214.90, 1249.80, 1244.30, 1235.86, 288343, 3563.52, 18447, 161703, 66.29
CENTENKA, EQ, 11-Sep-2026, 569.10, 568.50, 569.45, 552.30, 566.00, 565.40, 563.25, 67709, 381.37, 2772, 25380, 44.53
CENTEXT, EQ, 11-Sep-2026, 22.80, 22.50, 23.40, 22.03, 22.48, 22.37, 22.77, 704806, 160.47, 2564, 433820, 66.77
CENTRALBK, EQ, 11-Sep-2026, 30.82, 30.79, 30.82, 30.45, 30.82, 30.74, 30.68, 3617142, 1109.71, 16090, 1599167, 51.29
CENTRUM, EQ, 11-Sep-2026, 21.91, 21.75, 22.99, 21.70, 22.12, 22.34, 22.18, 104669, 23.21, 501, 54584, 71.06
CENTUM, EQ, 11-Sep-2026, 4210.40, 4214.00, 4258.00, 4082.50, 4239.40, 4192.00, 4144.52, 27427, 1136.72, 8896, 10985, 45.80
CENTURYPLY, EQ, 11-Sep-2026, 734.05, 734.00, 734.00, 715.00, 718.00, 717.05, 720.02, 51749, 372.60, 7143, 31303, 76.08
CERA, EQ, 11-Sep-2026, 5614.00, 5605.00, 5643.00, 5555.50, 5570.00, 5587.50, 5585.60, 3246, 181.31, 1139, 1392, 54.93
CESC, EQ, 11-Sep-2026, 147.58, 145.00, 146.70, 144.65, 145.45, 145.37, 145.47, 1387965, 2019.01, 39489, 678149, 59.42
CEWATER, EQ, 11-Sep-2026, 279.90, 278.00, 289.70, 278.00, 284.00, 284.70, 285.39, 378859, 1081.21, 18593, 125064, 42.07
CFEL, EQ, 11-Sep-2026, 44.92, 42.66, 49.41, 42.00, 49.41, 49.30, 47.58, 493522, 234.81, 3141, 286170, 59.50
CGCL, EQ, 11-Sep-2026, 272.25, 270.90, 271.95, 265.20, 265.50, 266.00, 268.27, 1958467, 5253.94, 23651, 764059, 43.57
CGPOWER, EQ, 11-Sep-2026, 914.55, 906.85, 912.50, 889.00, 909.00, 909.00, 904.77, 2163164, 19571.71, 44484, 938166, 52.05
CGRAPHICS, SM, 11-Sep-2026, 146.15, 146.50, 148.90, 142.00, 144.00, 144.65, 145.39, 20000, 29.08, 23, 12800, 100.00
CGVAK, EQ, 11-Sep-2026, 146.25, 150.99, 150.99, 144.10, 148.70, 145.83, 147.41, 1819, 2.68, 99, 1123, 84.31
CHALET, EQ, 11-Sep-2026, 875.55, 865.00, 884.45, 856.05, 881.00, 877.25, 870.63, 133609, 1163.24, 22661, 69258, 58.34
CHAMBLFERT, EQ, 11-Sep-2026, 417.75, 415.00, 420.00, 411.45, 419.40, 418.80, 417.45, 572806, 2391.16, 16355, 302030, 65.91
CHAMUNDA, SM, 11-Sep-2026, 42.60, 42.60, 42.60, 41.10, 41.30, 41.30, 41.53, 12000, 4.98, 4, 9000, 100.00
CHANDAN, SM, 11-Sep-2026, 203.20, 202.00, 205.95, 198.60, 198.60, 199.80, 201.25, 40000, 80.50, 50, 23200, 76.32
CHAVDA, SM, 11-Sep-2026, 122.85, 122.85, 125.65, 122.85, 125.60, 125.30, 125.03, 10000, 12.50, 8, 7000, 87.50
CHEMBOND, EQ, 11-Sep-2026, 225.82, 222.60, 225.82, 211.10, 215.15, 217.12, 217.65, 15946, 34.71, 691, 7038, 53.73
CHEMBONDCH, BE, 11-Sep-2026, 249.75, 249.75, 262.20, 243.60, 262.20, 262.20, 252.77, 8561, 21.64, 138, -, -
CHEMCON, BE, 11-Sep-2026, 213.61, 210.10, 222.00, 205.25, 215.30, 217.23, 215.22, 61940, 133.31, 831, -, -
CHEMCRUX, EQ, 11-Sep-2026, 85.52, 86.75, 86.75, 81.50, 82.10, 82.40, 83.07, 3233, 2.69, 148, 1533, 78.37
CHEMFAB, EQ, 11-Sep-2026, 384.50, 389.45, 399.00, 369.75, 378.00, 379.35, 378.82, 4288, 16.24, 412, 2611, 68.19
CHEMICAL, EQ, 11-Sep-2026, 30.10, 30.85, 30.85, 29.79, 30.05, 29.97, 29.99, 1512280, 453.49, 1308, 1277042, 89.61
CHEMPLASTS, EQ, 11-Sep-2026, 176.15, 176.15, 176.16, 170.00, 171.50, 171.35, 171.75, 215773, 370.60, 3609, 98558, 57.06
CHENNPETRO, EQ, 11-Sep-2026, 1626.40, 1660.00, 1677.50, 1563.10, 1570.00, 1572.90, 1609.49, 2916939, 46947.90, 106959, 527090, 18.95
CHETANA, SM, 11-Sep-2026, 43.50, 42.00, 42.00, 40.00, 42.00, 42.00, 41.57, 28800, 11.97, 16, 24000, 83.33
CHEVIOT, EQ, 11-Sep-2026, 1195.90, 1190.00, 1225.00, 1180.10, 1202.00, 1207.80, 1199.86, 1164, 13.97, 205, 375, 87.21
CHOICEGOLD, EQ, 11-Sep-2026, 151.84, 148.70, 151.08, 148.70, 150.02, 150.00, 150.23, 4250, 6.38, 162, 1489, 50.08
CHOICEIN, EQ, 11-Sep-2026, 770.40, 768.00, 768.95, 757.45, 758.00, 759.80, 761.58, 228484, 1740.10, 6438, 48166, 26.98
CHOLAFIN, EQ, 11-Sep-2026, 1859.00, 1834.10, 1850.20, 1795.10, 1845.90, 1845.90, 1820.90, 1505149, 27407.19, 83555, 727041, 53.11
CHOLAHLDNG, EQ, 11-Sep-2026, 1532.00, 1525.00, 1539.40, 1493.00, 1539.00, 1528.60, 1517.62, 57387, 870.92, 5598, 20568, 47.85
CIEINDIA, EQ, 11-Sep-2026, 381.80, 380.15, 381.00, 376.05, 379.20, 379.65, 379.36, 100295, 380.48, 9175, 50835, 56.87
CIFL, EQ, 11-Sep-2026, 20.19, 20.08, 20.36, 19.90, 20.28, 20.20, 20.10, 247154, 49.68, 576, 204146, 83.85
CINELINE, EQ, 11-Sep-2026, 93.58, 94.00, 97.18, 91.15, 96.00, 96.31, 95.12, 19934, 18.96, 327, 12466, 72.74
CINEVISTA, EQ, 11-Sep-2026, 14.36, 14.06, 14.73, 14.06, 14.69, 14.23, 14.20, 10771, 1.53, 137, 7317, 72.26
CIPLA, EQ, 11-Sep-2026, 1373.30, 1373.00, 1373.00, 1347.70, 1366.00, 1366.00, 1357.43, 1681155, 22820.47, 61357, 931899, 62.08
CITIUSINVT, IV, 11-Sep-2026, 114.84, 115.30, 116.29, 114.62, 115.50, 115.49, 115.75, 281602, 325.95, 187, 277783, 99.16
CKKRETAIL, SM, 11-Sep-2026, 153.00, 151.00, 151.00, 151.00, 151.00, 151.00, 151.00, 800, 1.21, 1, -, -
CLASSICEIL, SM, 11-Sep-2026, 59.10, 60.00, 60.10, 56.15, 56.15, 56.25, 57.06, 57600, 32.87, 34, 32000, 71.43
CLAYCRAFT, SM, 11-Sep-2026, 155.55, 154.00, 157.55, 151.20, 156.80, 155.40, 153.33, 37200, 57.04, 52, 27600, 76.67
CLEAN, EQ, 11-Sep-2026, 848.45, 848.40, 851.20, 825.10, 846.00, 842.05, 838.64, 371357, 3114.36, 20090, 143639, 41.50
CLEANMAX, EQ, 11-Sep-2026, 1399.00, 1395.10, 1442.00, 1361.70, 1420.00, 1431.00, 1409.55, 250397, 3529.48, 16487, 94723, 46.96
CLEDUCATE, EQ, 11-Sep-2026, 59.98, 59.75, 61.15, 57.49, 59.22, 59.18, 59.30, 16667, 9.88, 218, 13278, 85.14
CLSEL, EQ, 11-Sep-2026, 302.55, 299.00, 299.00, 294.45, 296.80, 296.50, 296.40, 41516, 123.06, 1460, 22134, 62.44
CMLL, EQ, 11-Sep-2026, 470.80, 467.00, 480.35, 460.00, 472.05, 474.15, 470.07, 290791, 1366.92, 8823, 150898, 59.17
CMNL, SM, 11-Sep-2026, 115.25, 113.05, 116.45, 113.00, 113.50, 113.70, 113.64, 19500, 22.16, 19, 17250, 88.46
CMPDI, EQ, 11-Sep-2026, 218.77, 216.00, 218.00, 213.16, 214.30, 215.23, 215.22, 1563637, 3365.27, 23137, 631039, 46.59
CMRGREEN, EQ, 11-Sep-2026, 220.45, 216.77, 219.90, 215.00, 216.50, 216.58, 216.46, 312177, 675.74, 10554, 117317, 51.08
CMSINFO, EQ, 11-Sep-2026, 227.69, 225.10, 226.45, 223.50, 224.50, 224.38, 224.75, 532465, 1196.72, 12324, 212965, 55.37
CNL, EQ, 11-Sep-2026, 1086.30, 1094.70, 1139.00, 1077.30, 1120.00, 1116.90, 1113.18, 40193, 447.42, 3314, 16654, 45.23
COALINDIA, EQ, 11-Sep-2026, 432.00, 432.00, 434.30, 424.20, 426.40, 426.40, 428.53, 3868222, 16576.67, 53779, 1637981, 47.38
COASTCORP, EQ, 11-Sep-2026, 39.43, 39.15, 39.55, 38.50, 39.38, 39.09, 39.14, 54723, 21.42, 574, 29446, 66.38
COCHINSHIP, EQ, 11-Sep-2026, 1520.40, 1510.00, 1510.00, 1372.00, 1381.00, 1381.00, 1405.32, 6390480, 89806.94, 159729, 2401110, 40.86
COCKERILL, EQ, 11-Sep-2026, 8009.00, 7951.00, 8259.00, 7860.50, 8125.00, 8191.00, 8041.07, 4452, 357.99, 1447, 1379, 46.00
COFFEEDAY, EQ, 11-Sep-2026, 31.99, 31.80, 31.82, 31.10, 31.80, 31.67, 31.44, 619170, 194.68, 1661, 343515, 66.36
COFORGE, EQ, 11-Sep-2026, 1833.10, 1807.30, 1858.60, 1807.30, 1846.50, 1846.50, 1840.30, 2687329, 49454.86, 79526, 1336896, 52.76
COHANCE, EQ, 11-Sep-2026, 445.30, 445.20, 445.20, 434.15, 439.55, 440.20, 438.33, 468144, 2052.02, 18952, 190476, 45.33
COLPAL, EQ, 11-Sep-2026, 1808.50, 1799.00, 1799.90, 1782.10, 1797.40, 1797.40, 1791.18, 280878, 5031.03, 20216, 150817, 58.26
COMFINTE, EQ, 11-Sep-2026, 6.09, 6.09, 6.12, 5.98, 6.09, 6.08, 6.03, 101443, 6.12, 335, 57510, 58.36
COMMITTED, SM, 11-Sep-2026, 346.90, 362.00, 362.00, 362.00, 362.00, 362.00, 362.00, 800, 2.90, 1, -, -
COMMOIETF, EQ, 11-Sep-2026, 98.57, 98.56, 98.57, 97.50, 98.33, 98.26, 97.85, 55954, 54.75, 1943, 34228, 73.64
COMPEAU, EQ, 11-Sep-2026, 360.00, 363.00, 363.00, 361.00, 362.00, 362.00, 362.03, 885, 3.20, 17, 782, 100.00
COMPINFO, BZ, 11-Sep-2026, 1.08, 1.13, 1.13, 1.05, 1.12, 1.10, 1.10, 17801, 0.20, 34, -, -
COMPUSOFT, EQ, 11-Sep-2026, 13.21, 13.10, 13.29, 12.85, 12.89, 12.90, 13.01, 70186, 9.13, 243, 32185, 89.70
COMSYN, EQ, 11-Sep-2026, 299.00, 299.35, 304.90, 297.10, 297.80, 299.15, 300.83, 71613, 215.43, 1830, 31396, 54.18
CONCOR, EQ, 11-Sep-2026, 504.15, 500.00, 503.50, 494.15, 499.25, 499.25, 499.56, 556686, 2780.98, 16086, 188852, 38.94
CONCORDBIO, EQ, 11-Sep-2026, 1452.80, 1439.60, 1529.00, 1426.90, 1510.00, 1505.70, 1488.00, 372504, 5542.86, 42939, 158997, 45.02
CONFIPET, EQ, 11-Sep-2026, 87.84, 87.79, 90.50, 86.95, 89.22, 89.22, 88.68, 4722048, 4187.31, 33637, 1549985, 36.80
CONNPLEX, SM, 11-Sep-2026, 262.50, 260.50, 267.80, 252.00, 265.00, 264.70, 258.93, 52000, 134.64, 63, 24000, 63.83
CONS, EQ, 11-Sep-2026, 11.88, 11.80, 11.90, 11.74, 11.90, 11.84, 11.80, 28718, 3.39, 166, 23701, 83.77
CONSOFINVT, BE, 11-Sep-2026, 303.50, 302.40, 311.40, 301.40, 301.40, 301.50, 302.37, 2225, 6.73, 35, -, -
CONSUMAXIS, EQ, 11-Sep-2026, 118.40, 120.80, 120.80, 117.62, 117.94, 117.94, 117.94, 371, 0.44, 14, 326, 87.87
CONSUMBEES, EQ, 11-Sep-2026, 128.34, 128.20, 128.22, 127.06, 127.99, 127.96, 127.79, 61796, 78.97, 1124, 32686, 55.54
CONSUMER, EQ, 11-Sep-2026, 11.88, 11.64, 12.10, 11.64, 11.85, 11.82, 11.82, 248772, 29.39, 384, 42998, 71.80
CONSUMIETF, EQ, 11-Sep-2026, 119.33, 119.10, 119.29, 118.19, 118.55, 119.03, 118.53, 10411, 12.34, 179, 7357, 77.27
CONTROLPR, EQ, 11-Sep-2026, 572.95, 576.00, 597.95, 576.00, 583.00, 588.70, 583.43, 84948, 495.61, 2582, 56583, 72.45
COOLCAPS, ST, 11-Sep-2026, 25.00, 23.80, 25.50, 23.75, 25.00, 25.40, 24.68, 86250, 21.29, 59, 60000, 84.21
CORALFINAC, EQ, 11-Sep-2026, 32.88, 32.21, 32.99, 32.05, 32.15, 32.16, 32.45, 7264, 2.36, 139, 4041, 57.65
CORDELIA, EQ, 11-Sep-2026, 109.44, 109.38, 114.32, 107.05, 112.95, 112.85, 111.73, 3486070, 3894.95, 18032, 1441043, 43.35
CORDSCABLE, EQ, 11-Sep-2026, 363.10, 357.60, 382.80, 353.15, 374.00, 373.40, 369.12, 522110, 1927.20, 17912, 105961, 21.63
COROMANDEL, EQ, 11-Sep-2026, 1961.90, 1950.80, 1950.80, 1916.40, 1934.90, 1929.00, 1926.45, 100672, 1939.40, 17137, 45445, 60.76
CORONA, EQ, 11-Sep-2026, 2200.80, 2214.20, 2250.80, 2181.50, 2228.00, 2236.10, 2228.38, 140561, 3132.24, 16983, 56495, 45.40
COSMOFIRST, EQ, 11-Sep-2026, 880.65, 878.05, 884.40, 858.20, 874.00, 874.90, 872.83, 51751, 451.70, 3516, 24057, 50.07
COUNCODOS, BE, 11-Sep-2026, 6.38, 6.19, 6.47, 6.19, 6.45, 6.40, 6.35, 16149, 1.03, 107, -, -
CPCAP, EQ, 11-Sep-2026, 134.49, 136.50, 138.37, 130.32, 135.00, 135.08, 134.62, 31656, 42.62, 354, 20416, 81.29
CPEDU, EQ, 11-Sep-2026, 185.58, 181.20, 184.00, 175.01, 177.00, 177.74, 178.86, 3545, 6.34, 92, 1568, 99.24
CPL, EQ, 11-Sep-2026, 66.38, 66.39, 66.39, 64.71, 64.75, 64.79, 64.99, 117444, 76.33, 319, 9404, 8.16
CPPLUS, EQ, 11-Sep-2026, 3829.10, 3810.00, 3900.00, 3775.00, 3832.00, 3825.50, 3851.43, 161471, 6218.94, 29971, 78889, 52.69
CPS, SM, 11-Sep-2026, 1223.00, 1262.00, 1265.00, 1216.00, 1222.00, 1224.50, 1237.31, 9600, 118.78, 40, 6300, 76.36
CPSEETF, EQ, 11-Sep-2026, 94.78, 94.78, 95.25, 93.50, 94.00, 93.89, 94.47, 2100651, 1984.47, 6581, 1702703, 84.69
CRAFTSMAN, EQ, 11-Sep-2026, 11851.00, 11711.00, 11831.00, 11542.00, 11699.00, 11669.00, 11690.36, 53409, 6243.70, 18870, 25136, 52.51
CRAMC, EQ, 11-Sep-2026, 240.05, 240.00, 240.00, 235.50, 239.40, 238.90, 237.81, 234612, 557.93, 5951, 112231, 53.70
CRAVATEX, EQ, 11-Sep-2026, 318.30, 320.00, 326.30, 320.00, 323.95, 323.95, 323.48, 174, 0.56, 14, 159, 91.91
CRAYONS, SM, 11-Sep-2026, 25.20, 25.10, 25.10, 23.95, 23.95, 23.95, 24.35, 3000, 0.73, 3, 1000, 100.00
CREATIVEYE, EQ, 11-Sep-2026, 6.07, 5.99, 5.99, 5.26, 5.72, 5.72, 5.56, 81227, 4.51, 338, 47453, 61.28
CREDENT, SM, 11-Sep-2026, 362.35, 351.50, 362.00, 346.00, 359.00, 357.10, 355.14, 84000, 298.32, 103, 57000, 77.87
CREDITACC, EQ, 11-Sep-2026, 1403.20, 1382.10, 1438.00, 1370.80, 1403.30, 1424.20, 1410.47, 120902, 1705.29, 20526, 46787, 50.00
CREST, EQ, 11-Sep-2026, 357.40, 358.20, 361.45, 354.00, 355.10, 355.25, 356.43, 285, 1.02, 34, 245, 96.08
CRESTO, EQ, 11-Sep-2026, 16.01, 16.10, 17.25, 14.35, 17.11, 16.91, 15.93, 52808, 8.41, 241, 15848, 54.73
CRISIL, EQ, 11-Sep-2026, 4721.70, 4711.00, 4721.70, 4656.30, 4698.00, 4697.90, 4692.84, 24019, 1127.17, 6298, 8431, 51.41
CRIZAC, EQ, 11-Sep-2026, 179.70, 179.01, 187.50, 175.10, 187.50, 186.68, 184.08, 631557, 1162.58, 10761, 247840, 43.16
CROMPTON, EQ, 11-Sep-2026, 230.00, 229.00, 231.69, 226.63, 231.00, 231.00, 229.58, 1077937, 2474.73, 14979, 375463, 42.16
CROWN, EQ, 11-Sep-2026, 114.47, 113.80, 116.48, 112.00, 112.40, 112.55, 113.05, 2853, 3.23, 81, 2180, 87.37
CRSL, BE, 11-Sep-2026, 2.57, 2.58, 2.65, 2.50, 2.63, 2.60, 2.58, 325910, 8.41, 426, -, -
CSBBANK, EQ, 11-Sep-2026, 307.60, 307.50, 307.75, 304.00, 305.00, 305.70, 305.78, 303520, 928.10, 15509, 94793, 53.96
CSLFINANCE, EQ, 11-Sep-2026, 241.04, 234.54, 234.54, 217.12, 224.00, 220.98, 220.79, 149373, 329.80, 3980, 94249, 69.81
CSM, EQ, 11-Sep-2026, 94.96, 101.15, 101.15, 76.26, 84.11, 83.44, 86.71, 2772772, 2404.28, 19621, 564950, 25.40
CSSL, SM, 11-Sep-2026, 93.50, 92.05, 92.05, 91.00, 91.00, 91.35, 91.53, 4000, 3.66, 4, 2000, 100.00
CTE, BE, 11-Sep-2026, 42.24, 43.08, 43.08, 40.21, 41.20, 41.37, 41.82, 18583, 7.77, 88, -, -
CUB, EQ, 11-Sep-2026, 226.45, 225.90, 231.85, 223.69, 227.90, 227.32, 229.20, 1628700, 3732.96, 28356, 407975, 28.60
CUBEINVIT, IV, 11-Sep-2026, 156.93, 157.28, 157.28, 156.70, 156.85, 156.84, 156.86, 368757, 578.42, 5658, 362588, 99.48
CUBEXTUB, EQ, 11-Sep-2026, 77.20, 78.69, 78.69, 76.07, 77.00, 77.10, 77.00, 34020, 26.19, 999, 16344, 49.96
CUDML, SM, 11-Sep-2026, 108.45, 111.00, 111.00, 105.00, 105.00, 105.00, 105.40, 71000, 74.83, 53, 70000, 100.00
CUMMINSIND, EQ, 11-Sep-2026, 5155.00, 5117.00, 5152.00, 5020.50, 5070.00, 5070.00, 5069.33, 331010, 16779.98, 31674, 120691, 51.39
CUPID, EQ, 11-Sep-2026, 277.45, 275.00, 283.50, 275.00, 279.70, 280.00, 280.81, 10688011, 30013.49, 77297, 3658800, 36.69
CURAA, EQ, 11-Sep-2026, 75.88, 75.88, 83.97, 75.41, 76.60, 79.61, 77.85, 727, 0.57, 43, 559, 86.40
CURIS, ST, 11-Sep-2026, 208.75, 199.55, 199.55, 198.35, 198.35, 198.35, 198.62, 21000, 41.71, 20, 17000, 80.95
CURRENT, SM, 11-Sep-2026, 80.00, 79.95, 81.75, 79.95, 81.75, 81.75, 80.57, 4800, 3.87, 3, 4800, 100.00
CYBERMEDIA, BE, 11-Sep-2026, 22.37, 21.26, 23.20, 21.26, 23.20, 22.69, 21.81, 31616, 6.90, 190, -, -
CYBERTECH, BE, 11-Sep-2026, 140.78, 140.78, 142.62, 135.80, 139.01, 140.53, 138.07, 16480, 22.75, 230, -, -
CYIENT, EQ, 11-Sep-2026, 1076.40, 1078.20, 1087.40, 1054.40, 1065.00, 1059.40, 1070.45, 308753, 3305.05, 26038, 114193, 45.75
CYIENTDLM, EQ, 11-Sep-2026, 923.30, 907.05, 921.30, 893.30, 905.05, 904.40, 903.46, 506275, 4573.99, 26817, 246584, 52.96
DABUR, EQ, 11-Sep-2026, 376.45, 372.35, 377.00, 372.10, 376.00, 376.00, 375.16, 863561, 3239.71, 21729, 425483, 62.71
DAICHI, BE, 11-Sep-2026, 341.05, 336.00, 344.95, 332.00, 337.05, 337.15, 336.41, 1241, 4.17, 26, -, -
DALBHARAT, EQ, 11-Sep-2026, 1745.30, 1745.00, 1755.00, 1708.00, 1754.00, 1746.60, 1732.49, 41100, 712.05, 8524, 15367, 44.40
DALMIASUG, EQ, 11-Sep-2026, 431.50, 430.00, 436.90, 414.00, 418.60, 417.35, 425.85, 313193, 1333.74, 9719, 94182, 34.77
DAMCAPITAL, EQ, 11-Sep-2026, 142.78, 141.00, 143.00, 140.32, 142.90, 142.43, 141.86, 162057, 229.90, 3067, 61831, 50.64
DAMODARIND, BE, 11-Sep-2026, 29.49, 29.78, 29.78, 28.02, 28.80, 28.80, 28.28, 5955, 1.68, 35, -, -
DANGEE, EQ, 11-Sep-2026, 2.82, 2.82, 2.82, 2.71, 2.77, 2.75, 2.75, 54796, 1.51, 162, 37835, 71.16
DANISH, SM, 11-Sep-2026, 936.45, 936.00, 1017.85, 934.00, 1000.00, 997.40, 987.08, 149400, 1474.70, 658, 91950, 70.38
DATAMATICS, EQ, 11-Sep-2026, 780.45, 770.00, 777.95, 756.15, 756.15, 760.20, 764.30, 44416, 339.47, 2939, 15613, 49.42
DATAPATTNS, EQ, 11-Sep-2026, 4777.20, 4730.00, 4848.00, 4655.50, 4829.00, 4829.20, 4770.53, 561224, 26773.33, 53661, 113373, 22.32
DAVANGERE, EQ, 11-Sep-2026, 1.91, 1.95, 2.10, 1.90, 2.10, 2.10, 2.08, 36081250, 748.72, 6028, 22052251, 61.24
DBCORP, EQ, 11-Sep-2026, 189.67, 190.03, 191.94, 188.10, 190.50, 190.79, 190.23, 45053, 85.70, 1388, 25047, 65.49
DBEIL, EQ, 11-Sep-2026, 7.11, 7.20, 7.20, 6.82, 7.05, 7.06, 7.05, 110846, 7.81, 412, 72223, 73.75
DBL, EQ, 11-Sep-2026, 407.75, 407.45, 407.45, 398.50, 403.15, 403.35, 402.56, 161004, 648.13, 5450, 56326, 38.88
DBOL, EQ, 11-Sep-2026, 120.38, 120.30, 123.25, 117.58, 118.76, 118.55, 120.22, 321135, 386.07, 3834, 148880, 58.30
DBREALTY, EQ, 11-Sep-2026, 100.19, 99.15, 99.50, 97.00, 97.80, 97.79, 97.87, 888816, 869.91, 9421, 486209, 63.49
DBSTOCKBRO, BE, 11-Sep-2026, 28.00, 28.78, 28.78, 27.31, 27.61, 27.61, 27.98, 2908, 0.81, 34, -, -
DCAL, EQ, 11-Sep-2026, 167.49, 167.49, 168.35, 163.57, 167.50, 167.25, 166.04, 115563, 191.88, 2444, 60529, 56.90
DCBBANK, EQ, 11-Sep-2026, 227.13, 225.00, 226.99, 223.41, 226.75, 226.37, 225.25, 1245963, 2806.48, 22034, 724370, 61.78
DCG, SM, 11-Sep-2026, 92.30, 92.15, 92.15, 85.05, 89.50, 89.10, 88.75, 55200, 48.99, 43, 33600, 65.12
DCI, EQ, 11-Sep-2026, 274.60, 272.70, 276.80, 270.50, 271.20, 271.70, 272.88, 86670, 236.50, 2188, 32911, 41.83
DCM, BE, 11-Sep-2026, 76.20, 76.20, 77.00, 75.00, 75.00, 75.00, 75.21, 11232, 8.45, 23, -, -
DCMFINSERV, EQ, 11-Sep-2026, 5.22, 5.07, 5.28, 4.78, 5.06, 5.07, 5.06, 7604, 0.38, 75, 5736, 97.15
DCMNVL, EQ, 11-Sep-2026, 175.20, 171.10, 183.96, 171.10, 179.00, 178.77, 178.64, 16378, 29.26, 830, 8940, 62.33
DCMSHRIRAM, EQ, 11-Sep-2026, 1007.50, 1000.20, 1004.80, 985.70, 1000.00, 1000.00, 997.80, 30875, 308.07, 5056, 12460, 54.56
DCMSIL, EQ, 11-Sep-2026, 72.36, 73.99, 73.99, 69.72, 70.40, 71.04, 71.17, 188725, 134.32, 1147, 132920, 77.19
DCMSRIND, EQ, 11-Sep-2026, 41.76, 41.89, 41.89, 40.39, 40.48, 40.56, 40.80, 501707, 204.71, 3576, 357756, 76.21
DCW, EQ, 11-Sep-2026, 47.06, 46.50, 46.86, 45.75, 46.60, 46.63, 46.28, 839230, 388.37, 5311, 306908, 42.96
DCXINDIA, EQ, 11-Sep-2026, 167.56, 166.10, 167.80, 163.55, 167.80, 166.63, 165.62, 315264, 522.14, 6004, 135541, 48.38
DDEVPLSTIK, EQ, 11-Sep-2026, 256.00, 256.00, 260.40, 249.70, 256.00, 256.80, 254.69, 169491, 431.67, 3996, 69656, 48.40
DECCANCE, EQ, 11-Sep-2026, 571.75, 566.80, 625.75, 563.00, 572.95, 573.70, 594.55, 161187, 958.35, 7822, 51131, 33.48
DECNGOLD, EQ, 11-Sep-2026, 225.88, 225.41, 236.80, 222.13, 230.10, 229.73, 230.05, 3107818, 7149.64, 41822, 1014692, 36.32
DEEDEV, EQ, 11-Sep-2026, 653.45, 645.00, 652.95, 632.80, 643.05, 639.35, 640.68, 184000, 1178.86, 11324, 98206, 60.09
DEEM, ST, 11-Sep-2026, 42.00, 41.95, 41.95, 41.95, 41.95, 41.95, 41.95, 1000, 0.42, 1, 1000, 100.00
DEEP, EQ, 11-Sep-2026, 40.98, 41.38, 49.17, 40.11, 45.51, 46.08, 46.25, 446458, 206.47, 3575, 143042, 33.91
DEEPA, EQ, 11-Sep-2026, 196.04, 194.00, 194.25, 185.00, 186.00, 185.86, 189.83, 3500638, 6645.11, 37846, 1049138, 35.13
DEEPAKFERT, EQ, 11-Sep-2026, 1335.60, 1335.60, 1341.30, 1316.00, 1323.00, 1320.40, 1324.73, 147816, 1958.17, 15699, 66980, 50.13
DEEPAKNTR, EQ, 11-Sep-2026, 1645.80, 1634.00, 1635.10, 1583.20, 1596.00, 1587.80, 1598.92, 323567, 5173.57, 25941, 162983, 59.27
DEEPINDS, EQ, 11-Sep-2026, 782.80, 784.90, 795.50, 760.00, 774.40, 774.40, 775.88, 513815, 3986.58, 27900, 186525, 39.49
DEFENCE, EQ, 11-Sep-2026, 82.35, 82.35, 82.35, 81.09, 81.94, 81.92, 81.72, 297659, 243.25, 981, 62618, 32.13
DELAPLEX, SM, 11-Sep-2026, 107.00, 103.15, 105.80, 101.50, 101.50, 101.50, 103.90, 3000, 3.12, 5, 1800, 75.00
DELHIVERY, EQ, 11-Sep-2026, 447.70, 445.35, 447.40, 434.85, 439.00, 439.00, 438.51, 1047933, 4595.26, 25126, 468270, 48.12
DELPHIFX, BE, 11-Sep-2026, 5.90, 5.99, 5.99, 5.64, 5.70, 5.75, 5.72, 114964, 6.58, 233, -, -
DELTACORP, EQ, 11-Sep-2026, 54.34, 54.00, 55.40, 53.10, 54.23, 54.15, 53.91, 1394247, 751.63, 10962, 593751, 48.14
DELTAMAGNT, EQ, 11-Sep-2026, 56.82, 57.39, 57.50, 55.85, 55.87, 55.87, 56.72, 665, 0.38, 10, 319, 47.97
DELTIC, SM, 11-Sep-2026, 34.25, 33.05, 34.75, 33.05, 33.55, 33.55, 33.76, 7000, 2.36, 7, 4000, 66.67
DEN, EQ, 11-Sep-2026, 27.05, 27.13, 27.13, 26.50, 26.91, 26.98, 26.79, 264336, 70.81, 1239, 155684, 68.96
DENEERS, SM, 11-Sep-2026, 168.85, 169.00, 169.25, 166.30, 168.00, 168.00, 168.22, 14400, 24.22, 24, 7800, 54.17
DENORA, EQ, 11-Sep-2026, 802.05, 802.05, 814.20, 766.00, 790.00, 798.45, 781.72, 6410, 50.11, 834, 3740, 65.64
DENTA, EQ, 11-Sep-2026, 287.45, 285.10, 291.60, 280.25, 286.00, 287.75, 284.03, 91603, 260.18, 2645, 35721, 50.86
DENTALKART, SM, 11-Sep-2026, 390.00, 383.00, 400.00, 383.00, 390.00, 390.00, 391.80, 11750, 46.04, 40, 7000, 68.29
DEVIT, EQ, 11-Sep-2026, 23.97, 24.75, 25.00, 23.82, 24.40, 24.18, 24.41, 37864, 9.24, 304, 23250, 69.48
DEVX, EQ, 11-Sep-2026, 32.99, 32.88, 34.20, 32.57, 33.99, 34.05, 33.54, 150339, 50.42, 601, 111408, 87.10
DEVYANI, EQ, 11-Sep-2026, 135.92, 135.00, 138.40, 133.75, 138.00, 137.97, 137.29, 2136370, 2933.00, 36333, 1081294, 58.49
DGCONTENT, EQ, 11-Sep-2026, 24.09, 23.89, 24.68, 23.88, 24.12, 24.12, 24.10, 3681, 0.89, 72, 2549, 81.28
DHABRIYA, BE, 11-Sep-2026, 512.65, 510.00, 517.50, 501.00, 507.95, 503.10, 507.98, 2772, 14.08, 94, -, -
DHAMPURSUG, EQ, 11-Sep-2026, 166.33, 167.10, 168.35, 162.00, 163.90, 163.59, 164.54, 644277, 1060.08, 10223, 196501, 39.09
DHANBANK, EQ, 11-Sep-2026, 30.73, 30.68, 31.50, 30.15, 31.00, 31.15, 30.74, 372461, 114.48, 1878, 170893, 66.00
DHANLAXMI, SM, 11-Sep-2026, 23.60, 23.60, 23.60, 23.60, 23.60, 23.60, 23.60, 4000, 0.94, 2, 4000, 100.00
DHANSA, SM, 11-Sep-2026, 34.05, 35.45, 35.75, 35.45, 35.75, 35.75, 35.69, 26000, 9.28, 11, 24000, 92.31
DHANUKA, EQ, 11-Sep-2026, 979.70, 979.70, 989.65, 965.00, 977.80, 980.00, 977.02, 21689, 211.91, 1836, 8473, 49.53
DHARAN, BZ, 11-Sep-2026, 0.13, 0.14, 0.14, 0.13, 0.14, 0.13, 0.14, 5856965, 8.02, 1364, -, -
DHARARAIL, ST, 11-Sep-2026, 143.00, 142.00, 150.15, 142.00, 149.00, 149.00, 146.94, 19000, 27.92, 14, 15000, 83.33
DHARIWAL, SM, 11-Sep-2026, 29.05, 29.50, 29.60, 27.60, 28.00, 27.75, 28.17, 405000, 114.09, 115, 219000, 59.84
DHARMAJ, EQ, 11-Sep-2026, 270.00, 270.00, 271.00, 262.80, 270.40, 269.35, 268.43, 58585, 157.26, 1739, 26573, 62.14
DHATRE, EQ, 11-Sep-2026, 4.14, 4.24, 4.40, 4.20, 4.36, 4.31, 4.27, 25752, 1.10, 221, 20208, 82.94
DHOOTTRANS, EQ, 11-Sep-2026, 1571.60, 1552.00, 1728.70, 1531.50, 1728.70, 1728.70, 1653.85, 5862704, 96960.39, 244227, 1481302, 25.32
DHRUV, EQ, 11-Sep-2026, 22.79, 23.48, 23.48, 21.66, 21.85, 21.84, 21.92, 16609, 3.64, 127, 14943, 91.44
DHTL, SM, 11-Sep-2026, 34.20, 32.55, 32.55, 32.50, 32.50, 32.50, 32.50, 11200, 3.64, 6, 10400, 92.86
DHUNINV, EQ, 11-Sep-2026, 991.50, 982.10, 1007.65, 980.20, 995.00, 995.00, 991.74, 304, 3.01, 64, 213, 71.72
DIACABS, BE, 11-Sep-2026, 351.50, 356.80, 369.05, 341.00, 369.05, 369.05, 361.62, 1300799, 4703.91, 9109, -, -
DIAMINESQ, EQ, 11-Sep-2026, 258.09, 251.01, 259.00, 251.00, 259.00, 258.27, 256.18, 2539, 6.50, 176, 1535, 68.74
DIAMONDYD, EQ, 11-Sep-2026, 1115.60, 1108.50, 1110.00, 1093.00, 1107.00, 1108.40, 1101.63, 6366, 70.13, 724, 3274, 55.06
DICIND, EQ, 11-Sep-2026, 601.25, 602.00, 619.75, 600.00, 600.00, 602.10, 606.47, 2447, 14.84, 119, 1060, 78.58
DIFFNKG, EQ, 11-Sep-2026, 449.55, 448.55, 459.95, 442.00, 450.40, 449.50, 450.06, 124277, 559.32, 5962, 47297, 42.03
DIGIDRIVE, EQ, 11-Sep-2026, 17.47, 17.50, 17.50, 17.10, 17.45, 17.15, 17.20, 11469, 1.97, 124, 9130, 99.76
DIGIKORE, SM, 11-Sep-2026, 38.15, 37.75, 38.55, 37.75, 37.80, 38.05, 38.03, 6800, 2.59, 14, 4400, 73.33
DIGISPICE, EQ, 11-Sep-2026, 16.53, 17.00, 17.35, 16.21, 17.08, 16.87, 17.07, 141198, 24.11, 625, 104720, 76.61
DIGITIDE, EQ, 11-Sep-2026, 88.28, 88.47, 90.31, 86.25, 88.78, 88.75, 88.28, 238604, 210.63, 2567, 97877, 46.49
DIGJAMLMTD, EQ, 11-Sep-2026, 61.84, 64.50, 73.19, 61.84, 67.70, 68.42, 68.15, 1282661, 874.18, 11080, 486728, 39.43
DISAQ, EQ, 11-Sep-2026, 11849.00, 11845.00, 11962.00, 11623.00, 11785.00, 11688.00, 11780.10, 280, 32.98, 202, 132, 50.77
DISHTV, EQ, 11-Sep-2026, 2.39, 2.38, 2.50, 2.33, 2.50, 2.50, 2.44, 1281496, 31.24, 1145, 758723, 59.79
DIVGIITTS, EQ, 11-Sep-2026, 1171.30, 1168.00, 1215.00, 1146.10, 1199.90, 1188.30, 1185.59, 136129, 1613.94, 13577, 53849, 42.74
DIVIDEND, EQ, 11-Sep-2026, 35.00, 35.17, 35.17, 34.77, 34.91, 34.86, 34.85, 4455, 1.55, 91, 3154, 91.29
DIVINEHIRA, ST, 11-Sep-2026, 112.65, 115.00, 115.00, 112.40, 112.40, 112.40, 113.70, 2400, 2.73, 2, 2400, 100.00
DIVISLAB, EQ, 11-Sep-2026, 9438.50, 9370.00, 9415.00, 9310.50, 9322.00, 9322.00, 9353.56, 516756, 48335.07, 39876, 362629, 75.46
DIVOPPBEES, EQ, 11-Sep-2026, 75.31, 75.02, 75.41, 74.40, 75.20, 74.92, 74.86, 32493, 24.33, 753, 19551, 64.94
DIXON, EQ, 11-Sep-2026, 13500.00, 13300.00, 13490.00, 12980.00, 13425.00, 13425.00, 13244.81, 549928, 72836.93, 80302, 235243, 45.45
DJML, EQ, 11-Sep-2026, 81.75, 83.00, 83.00, 80.11, 81.81, 82.39, 81.41, 53632, 43.66, 828, 32164, 63.47
DKEGL, SM, 11-Sep-2026, 73.00, 63.95, 70.90, 63.90, 70.90, 69.00, 66.99, 10500, 7.03, 6, 4500, 100.00
DLF, EQ, 11-Sep-2026, 655.85, 650.00, 651.40, 630.00, 644.50, 644.50, 638.07, 4502321, 28728.16, 60532, 1805204, 46.21
DLINKINDIA, EQ, 11-Sep-2026, 433.80, 433.80, 437.20, 428.85, 435.00, 434.25, 431.29, 42937, 185.18, 2239, 22591, 58.17
DMART, EQ, 11-Sep-2026, 3690.00, 3677.80, 3706.20, 3650.00, 3688.00, 3688.00, 3673.83, 710188, 26091.10, 39044, 411932, 64.45
DMCC, EQ, 11-Sep-2026, 291.95, 292.80, 292.80, 284.55, 288.00, 287.55, 287.23, 79664, 228.82, 2008, 47686, 61.58
DNAMEDIA, EQ, 11-Sep-2026, 2.48, 2.48, 2.56, 2.45, 2.53, 2.51, 2.49, 18152, 0.45, 111, 16651, 93.93
DODLA, EQ, 11-Sep-2026, 1090.10, 1090.10, 1103.30, 1068.10, 1080.30, 1090.80, 1084.95, 20513, 222.56, 2727, 7446, 50.47
DOLATALGO, EQ, 11-Sep-2026, 69.77, 68.93, 69.98, 68.02, 69.50, 69.32, 68.73, 89632, 61.61, 1131, 45350, 59.45
DOLLAR, EQ, 11-Sep-2026, 271.80, 270.00, 276.90, 265.60, 275.45, 273.55, 272.73, 119178, 325.03, 3735, 59217, 55.17
DOLLEX, EQ, 11-Sep-2026, 39.05, 35.00, 38.95, 35.00, 38.65, 38.45, 37.48, 215183, 80.66, 1165, 125549, 60.44
DOLPHIN, EQ, 11-Sep-2026, 654.00, 650.05, 668.70, 627.20, 648.10, 649.00, 647.60, 66808, 432.65, 3439, 19995, 35.14
DOMS, EQ, 11-Sep-2026, 2165.60, 2151.00, 2165.10, 2110.00, 2120.00, 2121.00, 2131.59, 28530, 608.14, 7319, 11786, 47.62
DONEAR, EQ, 11-Sep-2026, 85.21, 85.21, 85.99, 84.01, 85.01, 85.03, 85.02, 13507, 11.48, 199, 11626, 92.96
DPABHUSHAN, EQ, 11-Sep-2026, 1369.30, 1369.90, 1369.90, 1325.40, 1349.70, 1340.60, 1343.01, 23180, 311.31, 2008, 10041, 52.75
DPEL, SM, 11-Sep-2026, 641.90, 645.00, 645.05, 631.00, 638.75, 634.95, 637.27, 63000, 401.48, 102, 33000, 54.10
DPSCLTD, BE, 11-Sep-2026, 7.05, 7.08, 7.29, 7.00, 7.20, 7.14, 7.15, 54041, 3.86, 343, -, -
DPWIRES, BE, 11-Sep-2026, 153.47, 153.00, 154.49, 147.00, 153.78, 150.33, 150.03, 16075, 24.12, 157, -, -
DRAGARWQ, EQ, 11-Sep-2026, 5306.00, 5252.00, 5350.50, 5252.00, 5325.00, 5306.50, 5307.24, 976, 51.80, 284, 734, 82.94
DRCSYSTEMS, EQ, 11-Sep-2026, 12.86, 12.90, 12.98, 12.63, 12.95, 12.92, 12.85, 26002, 3.34, 224, 19132, 78.28
DREAMFOLKS, EQ, 11-Sep-2026, 67.12, 66.60, 66.99, 65.27, 65.70, 66.12, 66.04, 37033, 24.46, 751, 20862, 67.49
DREDGECORP, EQ, 11-Sep-2026, 1030.70, 1025.50, 1046.00, 1009.10, 1044.00, 1039.70, 1029.66, 59951, 617.29, 6259, 24281, 45.13
DRONE, SM, 11-Sep-2026, 33.40, 33.00, 34.65, 32.60, 33.50, 33.50, 33.55, 19000, 6.38, 32, 12500, 67.57
DRREDDY, EQ, 11-Sep-2026, 1143.00, 1130.00, 1182.00, 1130.00, 1165.50, 1165.50, 1167.08, 2403285, 28048.27, 114294, 802205, 38.16
DSFCL, BE, 11-Sep-2026, 25.49, 25.50, 25.89, 24.70, 24.70, 24.73, 24.92, 104784, 26.12, 128, -, -
DSKULKARNI, BE, 11-Sep-2026, 20.59, 21.00, 21.00, 21.00, 21.00, 21.00, 21.00, 52, 0.01, 2, -, -
DSSL, EQ, 11-Sep-2026, 1032.20, 1030.00, 1080.00, 1015.30, 1056.50, 1059.10, 1058.43, 32122, 339.99, 3227, 16663, 58.41
DTIL, BE, 11-Sep-2026, 144.20, 143.95, 145.00, 140.10, 143.00, 142.91, 143.08, 4346, 6.22, 52, -, -
DUCOL, SM, 11-Sep-2026, 126.55, 127.70, 128.00, 127.00, 127.95, 127.65, 127.53, 7200, 9.18, 9, 4800, 100.00
DUCON, EQ, 11-Sep-2026, 1.78, 1.81, 1.81, 1.75, 1.78, 1.78, 1.79, 760655, 13.58, 531, 452629, 63.84
DUGLOBAL, SM, 11-Sep-2026, 21.70, 23.20, 23.75, 23.20, 23.75, 23.75, 23.62, 15000, 3.54, 6, 15000, 100.00
DURLAX, SM, 11-Sep-2026, 61.45, 60.00, 63.45, 59.55, 60.00, 60.95, 61.03, 88000, 53.71, 40, 50000, 69.44
DVL, EQ, 11-Sep-2026, 285.10, 286.70, 290.00, 282.45, 290.00, 286.20, 284.88, 8642, 24.62, 303, 3369, 54.75
DWARKESH, EQ, 11-Sep-2026, 45.78, 45.65, 47.45, 44.52, 44.87, 44.74, 45.70, 4383063, 2002.94, 17557, 916692, 23.10
DYCL, EQ, 11-Sep-2026, 454.65, 452.10, 462.30, 442.05, 458.30, 455.45, 454.04, 397841, 1806.37, 13744, 123216, 35.81
DYNAMATECH, EQ, 11-Sep-2026, 11543.00, 11463.00, 12300.00, 11250.00, 12125.00, 12097.00, 11983.48, 62178, 7451.09, 18196, 20270, 34.59
DYNAMIC, ST, 11-Sep-2026, 142.65, 141.00, 141.00, 135.60, 139.90, 139.90, 136.98, 14000, 19.18, 23, 13500, 100.00
DYNPRO, EQ, 11-Sep-2026, 237.05, 235.00, 235.00, 231.00, 231.75, 232.18, 232.68, 10634, 24.74, 277, 7798, 87.80
E2E, BE, 11-Sep-2026, 605.90, 604.00, 620.00, 595.00, 614.50, 610.35, 609.68, 660254, 4025.45, 13522, -, -
E2ERAIL, SM, 11-Sep-2026, 363.60, 356.00, 372.00, 343.00, 353.00, 351.85, 355.77, 176800, 628.99, 160, 63200, 37.26
EASEMYTRIP, EQ, 11-Sep-2026, 5.79, 5.80, 5.94, 5.74, 5.83, 5.83, 5.83, 17129400, 999.48, 9347, 5683947, 36.52
EASTSILK, BE, 11-Sep-2026, 61.89, 61.89, 64.98, 61.85, 64.00, 64.00, 63.17, 1194, 0.75, 14, -, -
EASTWEST, EQ, 11-Sep-2026, 2.34, 2.36, 2.38, 2.29, 2.36, 2.36, 2.36, 26955, 0.64, 126, 21011, 94.79
EBANK10, EQ, 11-Sep-2026, 16.25, 16.41, 16.45, 16.18, 16.45, 16.45, 16.32, 6818, 1.11, 17, 6128, 89.95
EBANKNIFTY, EQ, 11-Sep-2026, 57.06, 57.01, 57.25, 56.25, 56.94, 56.94, 56.71, 2370, 1.34, 32, 1540, 98.34
EBBETF0430, EQ, 11-Sep-2026, 1612.20, 1604.14, 1616.98, 1604.14, 1609.99, 1608.01, 1608.16, 34294, 551.50, 336, 1878, 76.75
EBBETF0431, EQ, 11-Sep-2026, 1439.23, 1444.39, 1444.39, 1432.01, 1432.60, 1432.97, 1433.19, 6760, 96.88, 90, 2235, 89.40
EBBETF0433, EQ, 11-Sep-2026, 1309.17, 1309.17, 1311.97, 1307.00, 1308.50, 1308.54, 1309.14, 1418, 18.56, 83, 1005, 76.66
EBGNG, EQ, 11-Sep-2026, 677.95, 671.00, 686.75, 666.10, 682.00, 679.65, 678.84, 518414, 3519.19, 18882, 162260, 34.74
EBIX, BE, 11-Sep-2026, 19.63, 19.40, 20.23, 19.40, 20.00, 19.99, 20.00, 4484, 0.90, 62, -, -
ECAPINSURE, EQ, 11-Sep-2026, 23.28, 23.25, 23.39, 23.02, 23.35, 23.35, 23.16, 35535, 8.23, 372, 28772, 84.08
ECLERX, EQ, 11-Sep-2026, 1899.80, 1875.00, 1917.00, 1864.20, 1899.90, 1899.60, 1894.66, 107578, 2038.23, 15973, 47293, 55.77
ECOLINE, ST, 11-Sep-2026, 171.00, 171.00, 171.00, 165.00, 170.00, 167.50, 168.47, 17000, 28.64, 17, 11000, 84.62
ECORECO, EQ, 11-Sep-2026, 437.25, 440.00, 441.00, 423.05, 440.75, 435.50, 434.29, 8801, 38.22, 855, 5453, 69.14
ECOSMOBLTY, EQ, 11-Sep-2026, 111.73, 111.00, 112.98, 109.82, 112.80, 111.68, 110.90, 36406, 40.37, 897, 17046, 61.04
EDELWEISS, EQ, 11-Sep-2026, 136.74, 134.00, 134.98, 130.30, 132.70, 132.43, 132.74, 9724312, 12907.70, 62222, 2621173, 42.42
EEPL, ST, 11-Sep-2026, 136.25, 136.25, 139.00, 130.15, 133.10, 133.05, 134.63, 30000, 40.39, 25, 24000, 88.89
EFACTOR, SM, 11-Sep-2026, 170.85, 167.00, 167.00, 166.00, 166.00, 166.00, 166.50, 800, 1.33, 2, 800, 100.00
EFCIL, EQ, 11-Sep-2026, 188.04, 187.99, 187.99, 184.00, 185.90, 185.18, 185.70, 85983, 159.67, 1991, 37139, 61.58
EFFWA, SM, 11-Sep-2026, 371.65, 369.00, 378.95, 369.00, 373.00, 374.95, 374.88, 20000, 74.98, 41, 10800, 77.14
EFORCE, SM, 11-Sep-2026, 19.40, 19.40, 20.65, 19.40, 19.50, 19.50, 20.00, 13200, 2.64, 11, 10800, 81.82
EGOLD, EQ, 11-Sep-2026, 152.60, 151.60, 151.90, 150.00, 150.95, 151.05, 150.51, 86655, 130.42, 598, 57548, 75.72
EICHERMOT, EQ, 11-Sep-2026, 7697.00, 7600.00, 7633.00, 7530.00, 7530.00, 7530.00, 7581.64, 444280, 33683.72, 42622, 205609, 62.66
EIDPARRY, EQ, 11-Sep-2026, 733.95, 733.35, 733.35, 719.00, 722.95, 721.05, 722.53, 326581, 2359.64, 17218, 128513, 50.21
EIEL, EQ, 11-Sep-2026, 211.65, 209.00, 209.00, 202.09, 207.77, 207.11, 204.93, 1550750, 3178.00, 18737, 547360, 39.09
EIFFL, BE, 11-Sep-2026, 275.70, 281.00, 281.20, 281.00, 281.20, 281.20, 281.20, 3955, 11.12, 19, -, -
EIHAHOTELS, EQ, 11-Sep-2026, 291.55, 293.20, 293.20, 284.60, 285.95, 287.45, 288.40, 15104, 43.56, 977, 4695, 46.50
EIHOTEL, EQ, 11-Sep-2026, 285.05, 283.90, 287.50, 281.60, 287.45, 286.45, 284.85, 104848, 298.66, 4402, 47632, 58.08
EIMCOELECO, EQ, 11-Sep-2026, 2291.40, 2279.00, 2335.00, 2255.40, 2320.40, 2325.50, 2307.83, 27993, 646.03, 3268, 13351, 57.32
EKC, EQ, 11-Sep-2026, 102.39, 101.41, 102.61, 100.00, 101.60, 101.80, 101.35, 101748, 103.12, 2104, 52512, 57.40
EKI, EQ, 11-Sep-2026, 70.73, 70.11, 71.90, 68.13, 68.13, 69.28, 70.08, 14683, 10.29, 411, 7689, 62.26
ELANTAS, EQ, 11-Sep-2026, 13397.00, 13397.00, 14769.00, 13162.00, 14600.00, 14513.00, 14352.05, 23985, 3442.34, 11737, 3215, 14.55
ELCIDIN, EQ, 11-Sep-2026, 106400.00, 105000.00, 107000.00, 105000.00, 106850.00, 106850.00, 105892.50, 6, 6.35, 6, 6, 100.00
ELDEHSG, EQ, 11-Sep-2026, 781.60, 782.00, 795.90, 780.00, 780.20, 783.50, 783.37, 367, 2.87, 50, 252, 70.19
ELECON, EQ, 11-Sep-2026, 420.50, 418.00, 426.00, 412.10, 423.00, 422.10, 419.67, 298340, 1252.05, 11387, 106397, 40.54
ELECTCAST, EQ, 11-Sep-2026, 79.86, 79.79, 79.79, 76.50, 77.90, 77.62, 77.43, 1640745, 1270.36, 13160, 692734, 46.07
ELECTHERM, EQ, 11-Sep-2026, 943.00, 943.00, 972.00, 934.65, 946.50, 956.30, 951.88, 225365, 2145.20, 674, 119424, 96.89
ELGIEQUIP, EQ, 11-Sep-2026, 621.60, 621.15, 627.60, 610.65, 618.00, 617.70, 619.96, 335930, 2082.62, 21873, 147420, 47.47
ELGIRUBCO, EQ, 11-Sep-2026, 59.87, 61.00, 61.00, 57.20, 58.00, 58.48, 58.93, 38468, 22.67, 473, 16219, 63.77
ELGNZ, SM, 11-Sep-2026, 85.65, 85.00, 87.00, 84.25, 84.25, 85.35, 85.42, 24000, 20.50, 22, 10000, 58.82
ELIN, EQ, 11-Sep-2026, 92.62, 93.11, 93.11, 90.50, 91.40, 90.96, 91.47, 159232, 145.64, 2155, 89146, 61.75
ELIQUID, EQ, 11-Sep-2026, 1047.09, 1047.93, 1047.93, 1047.59, 1047.59, 1047.59, 1047.60, 49832, 522.04, 26, 43326, 99.26
ELITECON, EQ, 11-Sep-2026, 7.80, 7.97, 8.19, 7.96, 8.19, 8.18, 8.15, 13024169, 1061.47, 12129, 6365977, 57.57
ELLEN, EQ, 11-Sep-2026, 373.50, 373.00, 384.00, 366.10, 380.00, 380.20, 374.44, 1713956, 6417.74, 34339, 618624, 40.18
ELM250, EQ, 11-Sep-2026, 16.30, 16.22, 16.65, 16.18, 16.41, 16.31, 16.27, 123028, 20.01, 282, 79596, 73.84
ELMDIV, EQ, 11-Sep-2026, 35.81, 36.14, 36.45, 35.60, 36.45, 36.26, 35.72, 1154, 0.41, 12, 116, 11.52
ELPROINTL, EQ, 11-Sep-2026, 173.76, 173.40, 174.74, 172.80, 173.99, 173.24, 173.45, 10781, 18.70, 318, 7693, 84.27
EMAMILTD, EQ, 11-Sep-2026, 370.85, 370.00, 370.00, 363.00, 364.30, 363.80, 365.30, 801488, 2927.87, 29463, 389334, 64.42
EMAMIPAP, BE, 11-Sep-2026, 117.74, 117.69, 119.00, 113.11, 117.75, 116.00, 115.79, 14352, 16.62, 223, -, -
EMAMIREAL, EQ, 11-Sep-2026, 72.31, 72.31, 74.50, 69.16, 69.56, 69.80, 70.96, 14904, 10.58, 258, 9559, 89.09
EMAPARTNER, SM, 11-Sep-2026, 80.00, 80.00, 83.00, 80.00, 83.00, 82.70, 81.39, 14000, 11.39, 11, 13000, 92.86
EMBASSY, RR, 11-Sep-2026, 438.98, 440.00, 442.00, 437.01, 439.50, 439.07, 438.79, 417287, 1831.03, 16108, 299748, 87.43
EMBDL, EQ, 11-Sep-2026, 57.60, 57.31, 57.32, 55.04, 55.38, 55.28, 55.54, 2777678, 1542.69, 11815, 1330054, 52.41
EMCURE, EQ, 11-Sep-2026, 1962.80, 1965.00, 1999.00, 1948.20, 1975.10, 1978.90, 1975.96, 122389, 2418.36, 17203, 45032, 40.70
EMETAL, EQ, 11-Sep-2026, 13.49, 13.49, 13.49, 12.87, 13.06, 13.06, 12.97, 66044, 8.57, 107, 19055, 31.43
EMIL, EQ, 11-Sep-2026, 191.82, 191.85, 192.97, 185.50, 189.00, 188.38, 188.15, 2336802, 4396.70, 31205, 969449, 47.52
EMKAY, EQ, 11-Sep-2026, 249.20, 248.00, 253.80, 242.40, 250.95, 250.90, 249.68, 16946, 42.31, 637, 11109, 69.36
EMKAYTOOLS, SM, 11-Sep-2026, 94.80, 94.50, 94.50, 94.50, 94.50, 94.50, 94.50, 150, 0.14, 1, 150, 100.00
EMMBI, BE, 11-Sep-2026, 89.23, 89.00, 89.00, 86.00, 89.00, 88.95, 87.66, 18027, 15.80, 142, -, -
EMMIL, SM, 11-Sep-2026, 120.00, 118.20, 120.00, 116.30, 119.95, 119.95, 119.20, 10250, 12.22, 32, 9000, 87.80
EMMVEE, EQ, 11-Sep-2026, 342.65, 342.65, 348.20, 332.90, 344.80, 346.00, 342.78, 3747104, 12844.49, 59817, 1204075, 34.61
EMPIND, EQ, 11-Sep-2026, 1062.50, 1052.30, 1062.90, 1050.10, 1057.00, 1054.00, 1053.59, 2614, 27.54, 235, 1986, 80.96
EMPOWER, EQ, 11-Sep-2026, 2.19, 2.23, 2.29, 2.23, 2.29, 2.28, 2.28, 25714397, 586.85, 6763, 13328779, 56.25
EMSLIMITED, EQ, 11-Sep-2026, 391.40, 385.55, 387.95, 379.50, 382.60, 383.10, 382.43, 170750, 653.00, 4722, 67164, 46.06
EMUDHRA, EQ, 11-Sep-2026, 497.90, 492.00, 498.10, 489.00, 492.95, 494.05, 494.05, 146792, 725.23, 4628, 81843, 64.01
EMULTIMQ, EQ, 11-Sep-2026, 42.10, 42.10, 42.10, 41.32, 41.85, 41.85, 41.64, 14210, 5.92, 196, 12608, 90.33
ENCOMPAS, SM, 11-Sep-2026, 259.00, 261.00, 261.00, 259.50, 259.50, 259.50, 260.25, 800, 2.08, 2, 800, 100.00
ENDURANCE, EQ, 11-Sep-2026, 2715.90, 2700.00, 2733.30, 2678.00, 2695.00, 2692.60, 2699.50, 56131, 1515.26, 10461, 23437, 54.98
ENERGY, EQ, 11-Sep-2026, 38.42, 38.97, 38.97, 38.15, 38.26, 38.30, 38.29, 465300, 178.15, 1054, 353904, 78.59
ENERGYAXIS, EQ, 11-Sep-2026, 19.18, 19.51, 19.51, 18.97, 19.06, 19.06, 19.08, 14940, 2.85, 73, 10878, 72.81
ENERGYDEV, EQ, 11-Sep-2026, 15.12, 15.27, 15.39, 14.62, 14.81, 14.92, 14.87, 20713, 3.08, 268, 14967, 82.71
ENEXT50, EQ, 11-Sep-2026, 72.10, 71.03, 72.73, 70.94, 72.21, 72.21, 71.23, 1951, 1.39, 14, 1585, 81.24
ENGINERSIN, EQ, 11-Sep-2026, 272.05, 270.60, 272.25, 267.10, 269.45, 268.95, 269.12, 1652427, 4447.07, 26731, 642512, 50.15
ENIFTY, EQ, 11-Sep-2026, 23.61, 24.20, 24.20, 23.34, 23.62, 23.63, 23.69, 62822, 14.88, 59, 38014, 60.64
ENIL, EQ, 11-Sep-2026, 101.74, 101.68, 102.00, 99.02, 101.05, 101.24, 100.63, 8264, 8.32, 239, 4283, 64.16
ENKEIWHEL, EQ, 11-Sep-2026, 392.20, 397.40, 406.60, 380.40, 399.05, 399.00, 398.03, 2634, 10.48, 79, 2308, 89.70
ENRIN, EQ, 11-Sep-2026, 3179.10, 3167.00, 3191.00, 3124.00, 3175.00, 3181.30, 3166.14, 209741, 6640.69, 32168, 93351, 50.35
ENSER, SM, 11-Sep-2026, 14.80, 15.50, 15.50, 15.15, 15.15, 15.15, 15.34, 40000, 6.14, 8, 40000, 100.00
ENTERO, EQ, 11-Sep-2026, 1792.90, 1792.90, 1840.40, 1792.90, 1811.00, 1815.40, 1817.41, 98792, 1795.46, 12330, 37915, 43.77
ENVIRO, SM, 11-Sep-2026, 69.40, 71.50, 71.50, 67.00, 68.25, 68.25, 68.36, 24000, 16.41, 23, 18000, 81.82
EPACK, EQ, 11-Sep-2026, 188.14, 186.50, 187.85, 184.00, 186.00, 185.15, 184.98, 281411, 520.57, 5227, 130084, 52.91
EPACKPEB, EQ, 11-Sep-2026, 239.03, 236.00, 242.49, 229.41, 242.40, 240.44, 236.75, 1131348, 2678.51, 17740, 327922, 31.67
EPIGRAL, EQ, 11-Sep-2026, 1149.80, 1155.90, 1155.90, 1117.00, 1137.00, 1131.10, 1129.02, 22425, 253.18, 2478, 12116, 60.36
EPL, EQ, 11-Sep-2026, 245.25, 244.70, 244.70, 237.70, 239.45, 239.30, 240.71, 2253374, 5424.14, 31112, 1102947, 54.37
EPWINDIA, ST, 11-Sep-2026, 255.05, 260.00, 260.00, 255.00, 255.00, 255.00, 257.50, 2400, 6.18, 2, 2400, 100.00
EQUAL200, EQ, 11-Sep-2026, 13.64, 13.52, 13.61, 13.48, 13.60, 13.59, 13.58, 99106, 13.46, 77, 19760, 93.63
EQUAL50, EQ, 11-Sep-2026, 324.87, 328.12, 328.12, 321.41, 324.53, 324.09, 322.70, 81887, 264.25, 126, 40171, 49.83
EQUAL50ADD, EQ, 11-Sep-2026, 335.86, 334.10, 335.20, 332.11, 333.10, 334.19, 333.28, 32089, 106.95, 362, 24035, 77.26
EQUIPPP, BE, 11-Sep-2026, 23.50, 22.81, 24.00, 22.40, 23.43, 22.57, 22.77, 22307, 5.08, 37, -, -
EQUITASBNK, EQ, 11-Sep-2026, 72.63, 71.71, 73.75, 71.30, 73.67, 73.15, 72.65, 1535970, 1115.88, 11745, 684498, 64.19
ERIS, EQ, 11-Sep-2026, 1356.60, 1356.60, 1362.00, 1335.10, 1358.00, 1355.50, 1352.70, 24968, 337.74, 3216, 11308, 48.19
ESABINDIA, EQ, 11-Sep-2026, 5824.00, 5880.50, 5915.00, 5740.00, 5914.00, 5884.00, 5819.01, 4246, 247.08, 1719, 2062, 54.87
ESAFSFB, BE, 11-Sep-2026, 40.39, 40.02, 40.25, 38.83, 39.57, 39.61, 39.34, 466788, 183.62, 2691, -, -
ESCONET, ST, 11-Sep-2026, 252.60, 250.00, 252.00, 240.00, 245.00, 249.50, 246.90, 35600, 87.90, 63, 30800, 91.67
ESCORTS, EQ, 11-Sep-2026, 2958.40, 2930.00, 2949.60, 2884.90, 2895.00, 2899.70, 2902.74, 42588, 1236.22, 11373, 21052, 61.64
ESDS, EQ, 11-Sep-2026, 1582.20, 1600.00, 1740.40, 1582.70, 1740.40, 1740.40, 1699.33, 7498763, 127428.45, 242181, 1254473, 17.87
ESENSEX, EQ, 11-Sep-2026, 75.45, 75.19, 75.62, 74.88, 75.25, 75.52, 75.13, 1600, 1.20, 39, 1158, 72.42
ESFL, SM, 11-Sep-2026, 115.40, 115.15, 120.60, 113.65, 120.00, 119.95, 118.53, 11160, 13.23, 29, 7200, 68.97
ESG, EQ, 11-Sep-2026, 40.18, 39.99, 40.34, 39.95, 40.32, 40.18, 40.17, 31838, 12.79, 66, 2529, 91.66
ESILVER, EQ, 11-Sep-2026, 233.29, 228.00, 228.00, 223.46, 226.60, 226.52, 226.28, 44105, 99.80, 1126, 10560, 45.87
ESSARSHPNG, EQ, 11-Sep-2026, 16.10, 16.10, 16.38, 15.91, 16.35, 16.31, 16.14, 92645, 14.95, 555, 50846, 65.81
ESSENTIA, EQ, 11-Sep-2026, 1.06, 1.07, 1.07, 1.04, 1.07, 1.06, 1.06, 1743261, 18.44, 637, 931552, 60.38
ESTER, EQ, 11-Sep-2026, 90.54, 89.23, 90.48, 89.12, 89.52, 89.89, 89.72, 32880, 29.50, 863, 16883, 63.89
ETERNAL, EQ, 11-Sep-2026, 322.10, 317.95, 324.80, 316.05, 323.50, 323.50, 320.81, 22712054, 72862.13, 104847, 11476840, 57.46
ETHOSLTD, EQ, 11-Sep-2026, 2687.40, 2654.00, 2668.00, 2612.50, 2660.00, 2635.40, 2646.35, 52075, 1378.09, 9828, 29626, 57.95
ETML, SM, 11-Sep-2026, 81.35, 80.75, 80.75, 80.75, 80.75, 80.75, 80.75, 2400, 1.94, 2, 2400, 100.00
EUREKAFORB, EQ, 11-Sep-2026, 397.35, 395.00, 402.00, 388.60, 394.95, 394.15, 395.18, 141916, 560.82, 6827, 49720, 58.06
EUROBOND, EQ, 11-Sep-2026, 150.00, 154.00, 155.00, 148.05, 150.10, 150.46, 150.68, 3318, 5.00, 61, 2598, 78.85
EUROPRATIK, EQ, 11-Sep-2026, 247.75, 243.00, 255.30, 238.10, 254.10, 245.70, 244.73, 196361, 480.55, 4256, 47652, 25.71
EUROTEXIND, BE, 11-Sep-2026, 13.46, 13.20, 13.20, 13.20, 13.20, 13.20, 13.20, 1, 0.00, 1, -, -
EVEREADY, EQ, 11-Sep-2026, 366.20, 366.20, 368.90, 355.70, 361.10, 363.00, 361.56, 205568, 743.25, 5778, 81064, 42.31
EVERESTIND, BE, 11-Sep-2026, 415.45, 419.95, 419.95, 400.00, 407.50, 408.00, 407.17, 10247, 41.72, 143, -, -
EVIETF, EQ, 11-Sep-2026, 32.14, 32.11, 32.15, 31.70, 32.08, 31.97, 31.94, 220571, 70.45, 787, 96530, 44.60
EVINDIA, EQ, 11-Sep-2026, 32.13, 32.77, 32.77, 31.71, 31.97, 31.99, 31.91, 214172, 68.34, 2003, 139137, 74.38
EXCELINDUS, EQ, 11-Sep-2026, 992.60, 995.00, 995.00, 961.20, 988.70, 980.80, 976.98, 11159, 109.02, 1712, 6390, 59.77
EXCELSOFT, EQ, 11-Sep-2026, 80.08, 80.81, 81.84, 79.26, 81.20, 81.03, 80.93, 2108387, 1706.29, 13998, 566345, 32.63
EXICOM, EQ, 11-Sep-2026, 176.73, 175.65, 183.50, 172.17, 182.40, 182.28, 179.45, 1693706, 3039.43, 18182, 482955, 32.09
EXIDEIND, EQ, 11-Sep-2026, 420.85, 418.25, 418.45, 411.45, 412.85, 412.65, 413.82, 1294606, 5357.31, 33968, 561032, 49.78
EXIMROUTES, SM, 11-Sep-2026, 109.00, 107.95, 107.95, 106.00, 106.00, 106.90, 107.00, 11200, 11.98, 4, 800, 100.00
EXPLEOSOL, EQ, 11-Sep-2026, 883.80, 883.00, 892.95, 873.20, 891.00, 889.50, 885.17, 9546, 84.50, 1439, 4725, 59.07
EXXARO, EQ, 11-Sep-2026, 6.37, 6.54, 6.54, 6.28, 6.39, 6.38, 6.35, 206060, 13.08, 662, 144295, 75.07
FABTECH, EQ, 11-Sep-2026, 147.42, 146.00, 148.35, 146.00, 146.20, 147.02, 146.75, 80611, 118.30, 1093, 40446, 54.18
FACT, EQ, 11-Sep-2026, 789.95, 781.95, 782.50, 775.20, 779.90, 779.60, 778.81, 61387, 478.09, 4241, 19727, 39.40
FAIRCHEMOR, BE, 11-Sep-2026, 634.50, 626.50, 632.00, 621.00, 622.00, 623.95, 627.26, 3729, 23.39, 511, -, -
FALCONTECH, SM, 11-Sep-2026, 12.20, 12.90, 12.90, 12.90, 12.90, 12.90, 12.90, 1200, 0.15, 1, -, -
FASCINATE, SM, 11-Sep-2026, 55.90, 55.30, 55.30, 53.15, 53.15, 53.15, 53.16, 374400, 199.04, 84, 348000, 93.55
FAZE3Q, EQ, 11-Sep-2026, 486.40, 484.30, 498.90, 474.05, 488.70, 489.45, 486.02, 13163, 63.97, 817, 5519, 48.63
FCL, EQ, 11-Sep-2026, 58.71, 58.36, 59.14, 56.53, 57.75, 57.72, 57.70, 23377217, 13487.56, 61121, 5500854, 25.42
FCSSOFT, EQ, 11-Sep-2026, 1.41, 1.42, 1.46, 1.40, 1.45, 1.44, 1.43, 2063349, 29.54, 1106, 1239165, 68.89
FDC, EQ, 11-Sep-2026, 345.35, 344.00, 344.80, 339.00, 342.00, 341.45, 341.87, 136483, 466.60, 6598, 86298, 68.83
FEDDERSHOL, EQ, 11-Sep-2026, 48.42, 48.50, 49.32, 48.50, 48.51, 48.51, 48.68, 1182463, 575.61, 2540, 122190, 11.00
FEDERALBNK, EQ, 11-Sep-2026, 346.00, 343.00, 345.30, 341.15, 344.50, 344.50, 343.46, 3188640, 10951.58, 36376, 1478750, 56.28
FEDFINA, EQ, 11-Sep-2026, 158.88, 156.36, 159.49, 155.78, 158.90, 158.53, 158.00, 777351, 1228.24, 10838, 393166, 56.00
FEL, BZ, 11-Sep-2026, 0.37, 0.37, 0.38, 0.37, 0.38, 0.37, 0.37, 265359, 0.99, 152, -, -
FELDVR, BZ, 11-Sep-2026, 2.14, 2.14, 2.14, 2.10, 2.12, 2.12, 2.12, 1916, 0.04, 24, -, -
FELIX, SM, 11-Sep-2026, 220.45, 210.10, 219.20, 203.95, 216.50, 216.30, 213.53, 112000, 239.15, 150, 57000, 53.77
FERMENTA, EQ, 11-Sep-2026, 483.65, 484.00, 484.00, 471.00, 475.00, 474.65, 475.91, 53319, 253.75, 3650, 25716, 60.31
FIBERWEB, EQ, 11-Sep-2026, 26.98, 26.89, 27.94, 25.46, 27.00, 27.10, 26.76, 53439, 14.30, 399, 34521, 68.82
FIDEL, SM, 11-Sep-2026, 139.75, 146.00, 156.00, 144.80, 154.00, 154.00, 149.44, 43000, 64.26, 40, 33000, 78.57
FIEMIND, EQ, 11-Sep-2026, 1986.80, 1973.00, 2029.00, 1947.90, 2002.60, 2009.50, 1990.89, 52734, 1049.88, 9604, 24901, 50.55
FILATEX, EQ, 11-Sep-2026, 76.25, 76.00, 90.90, 74.27, 88.00, 87.41, 84.50, 38898608, 32868.07, 204403, 4980653, 14.15
FILATFASH, EQ, 11-Sep-2026, 0.18, 0.18, 0.19, 0.17, 0.19, 0.18, 0.18, 24532367, 43.88, 2220, 15284409, 67.82
FINBUD, SM, 11-Sep-2026, 130.90, 127.50, 129.95, 127.25, 128.55, 128.55, 128.80, 8000, 10.30, 8, 4000, 57.14
FINCABLES, EQ, 11-Sep-2026, 1418.40, 1406.40, 1498.00, 1340.10, 1430.10, 1424.00, 1434.30, 3358636, 48173.02, 132140, 554360, 17.29
FINEORG, EQ, 11-Sep-2026, 5156.00, 5156.00, 5180.50, 5056.50, 5170.50, 5167.50, 5118.94, 16852, 862.64, 5603, 8752, 58.80
FINIETF, EQ, 11-Sep-2026, 32.36, 33.16, 33.16, 31.81, 32.49, 32.40, 32.12, 255467, 82.06, 1478, 136548, 57.94
FINKURVE, EQ, 11-Sep-2026, 66.73, 67.08, 74.92, 66.16, 73.01, 72.49, 71.24, 794258, 565.81, 12490, 203518, 28.43
FINOPB, EQ, 11-Sep-2026, 139.95, 140.50, 141.78, 137.21, 139.99, 139.83, 139.05, 229846, 319.61, 3056, 82274, 42.01
FINPIPE, EQ, 11-Sep-2026, 157.08, 155.10, 155.77, 152.90, 153.70, 153.45, 153.72, 316277, 486.19, 10241, 143435, 52.18
FIRSTCRY, EQ, 11-Sep-2026, 171.38, 170.00, 170.05, 166.95, 169.29, 168.83, 168.27, 749261, 1260.80, 13121, 322928, 48.71
FISCHER, EQ, 11-Sep-2026, 34.90, 35.29, 36.14, 33.68, 35.95, 35.87, 35.50, 580113, 205.95, 2322, 258857, 51.28
FIVESTAR, EQ, 11-Sep-2026, 530.65, 525.75, 556.85, 521.00, 555.45, 551.05, 548.99, 1960216, 10761.44, 62013, 524228, 29.12
FLAIR, EQ, 11-Sep-2026, 238.54, 234.86, 238.43, 234.01, 236.60, 236.08, 236.61, 71616, 169.45, 1664, 27089, 47.44
FLEXIADD, EQ, 11-Sep-2026, 9.79, 9.79, 9.83, 9.68, 9.83, 9.77, 9.74, 77407, 7.54, 417, 47560, 74.52
FLEXITUFF, BE, 11-Sep-2026, 2.10, 2.12, 2.17, 2.02, 2.17, 2.14, 2.10, 44698, 0.94, 91, -, -
FLFL, BZ, 11-Sep-2026, 1.15, 1.20, 1.20, 1.10, 1.19, 1.16, 1.14, 44725, 0.51, 66, -, -
FLUOROCHEM, EQ, 11-Sep-2026, 4786.30, 4750.00, 4820.00, 4730.00, 4773.00, 4773.20, 4771.44, 130082, 6206.78, 20682, 61068, 50.80
FLYSBS, SM, 11-Sep-2026, 687.40, 687.00, 712.00, 651.00, 709.00, 702.65, 683.33, 126400, 863.73, 452, 65600, 56.85
FMCGADD, EQ, 11-Sep-2026, 45.40, 45.40, 45.60, 45.01, 45.60, 45.52, 45.47, 35532, 16.16, 161, 16452, 47.86
FMCGIETF, EQ, 11-Sep-2026, 48.65, 48.65, 48.78, 48.25, 48.58, 48.60, 48.58, 1558291, 756.98, 5010, 975088, 69.38
FMGOETZE, EQ, 11-Sep-2026, 443.55, 440.00, 464.95, 431.20, 462.95, 461.00, 447.04, 611438, 2733.37, 18305, 147488, 29.44
FMNL, EQ, 11-Sep-2026, 9.15, 9.14, 9.59, 9.02, 9.55, 9.43, 9.22, 14442, 1.33, 114, 8120, 63.19
FOCUS, BE, 11-Sep-2026, 61.97, 62.28, 62.50, 59.56, 62.00, 61.84, 61.10, 22532, 13.77, 152, -, -
FONEBOX, SM, 11-Sep-2026, 119.05, 125.00, 125.00, 125.00, 125.00, 125.00, 125.00, 2000, 2.50, 2, 2000, 100.00
FOODSIN, EQ, 11-Sep-2026, 56.77, 55.77, 55.95, 54.01, 55.05, 55.23, 55.27, 93506, 51.68, 1974, 46768, 51.87
FORCAS, ST, 11-Sep-2026, 224.20, 233.95, 233.95, 214.05, 222.00, 216.70, 218.84, 19200, 42.02, 12, 11200, 77.78
FORCEMOT, EQ, 11-Sep-2026, 18175.00, 18000.00, 18048.00, 17630.00, 17705.00, 17705.00, 17753.01, 65131, 11562.72, 19953, 22197, 37.77
FORGEAUTO, SM, 11-Sep-2026, 106.00, 102.00, 102.00, 100.70, 100.70, 100.70, 101.31, 10800, 10.94, 6, 9600, 88.89
FORTIS, EQ, 11-Sep-2026, 902.45, 897.50, 900.00, 885.00, 887.80, 887.80, 892.60, 784589, 7003.23, 22172, 283135, 45.20
FOSECOIND, EQ, 11-Sep-2026, 6194.00, 6231.50, 6351.50, 6100.00, 6222.00, 6194.50, 6241.43, 9080, 566.72, 2945, 3069, 37.67
FRACTAL, EQ, 11-Sep-2026, 766.65, 766.65, 781.10, 759.10, 767.00, 764.45, 768.40, 662525, 5090.86, 18058, 482361, 77.94
FREDUN, EQ, 11-Sep-2026, 1461.20, 1450.00, 1450.00, 1400.00, 1409.70, 1412.20, 1415.97, 25210, 356.97, 3386, 10520, 49.45
FRESHARA, ST, 11-Sep-2026, 486.40, 476.00, 490.00, 476.00, 485.00, 485.00, 483.02, 29400, 142.01, 44, 25200, 89.36
FROG, ST, 11-Sep-2026, 263.05, 256.05, 267.65, 251.10, 261.00, 263.10, 259.08, 20400, 52.85, 36, 16800, 91.30
FRONTSP, EQ, 11-Sep-2026, 1255.00, 1255.00, 1255.00, 1231.00, 1240.00, 1240.00, 1240.75, 10679, 132.50, 1565, 4964, 55.12
FSL, EQ, 11-Sep-2026, 251.35, 250.85, 251.00, 246.65, 248.75, 247.60, 248.86, 557943, 1388.49, 25240, 171921, 38.06
FUSION, EQ, 11-Sep-2026, 190.68, 189.15, 193.45, 184.42, 191.25, 189.72, 189.65, 1012761, 1920.71, 13661, 360112, 53.15
FWSTC, SM, 11-Sep-2026, 191.00, 185.00, 185.00, 185.00, 185.00, 185.00, 185.00, 600, 1.11, 1, 600, 100.00
GABRIEL, EQ, 11-Sep-2026, 1338.70, 1326.30, 1369.30, 1314.10, 1344.00, 1346.40, 1344.74, 116059, 1560.70, 11605, 36751, 33.96
GAEL, EQ, 11-Sep-2026, 164.80, 162.40, 164.45, 160.91, 163.19, 163.08, 162.64, 569293, 925.91, 12356, 257384, 52.89
GAIL, EQ, 11-Sep-2026, 174.49, 173.50, 175.18, 173.01, 173.62, 173.62, 174.31, 6770227, 11801.41, 36751, 4216509, 70.78
GAJA, EQ, 11-Sep-2026, 155.33, 155.00, 155.20, 151.00, 152.00, 152.60, 152.64, 695770, 1062.00, 7632, 300323, 53.28
GAJANAND, SM, 11-Sep-2026, 8.50, 8.25, 8.25, 8.25, 8.25, 8.25, 8.25, 3000, 0.25, 1, 3000, 100.00
GALAPREC, EQ, 11-Sep-2026, 1038.00, 1027.00, 1043.50, 1013.40, 1022.30, 1031.00, 1026.72, 26357, 270.61, 2481, 10717, 56.80
GALAXYSURF, EQ, 11-Sep-2026, 2247.40, 2247.40, 2248.70, 2172.00, 2189.00, 2187.30, 2194.92, 24175, 530.62, 4196, 11506, 53.38
GALLANTT, EQ, 11-Sep-2026, 553.25, 550.00, 550.00, 541.30, 550.00, 546.40, 544.83, 45220, 246.37, 3866, 18819, 53.04
GANDHAR, EQ, 11-Sep-2026, 271.30, 271.30, 274.95, 266.55, 272.75, 272.70, 271.71, 748277, 2033.18, 13435, 304110, 46.90
GANDHITUBE, EQ, 11-Sep-2026, 899.30, 899.30, 899.30, 886.00, 886.55, 887.75, 888.46, 3500, 31.10, 138, 3001, 91.11
GANECOS, EQ, 11-Sep-2026, 1048.60, 1031.00, 1037.90, 1008.40, 1014.10, 1013.30, 1019.49, 60954, 621.42, 5255, 26855, 49.30
GANESHBE, BE, 11-Sep-2026, 133.35, 133.35, 134.50, 130.00, 132.20, 131.63, 131.38, 118200, 155.29, 499, -, -
GANESHCP, EQ, 11-Sep-2026, 166.98, 166.98, 169.49, 165.25, 165.80, 167.36, 167.80, 278416, 467.18, 2968, 224756, 87.68
GANESHHOU, EQ, 11-Sep-2026, 772.95, 765.45, 771.60, 752.40, 764.95, 763.40, 759.95, 25527, 193.99, 2150, 12404, 58.17
GANESHIN, ST, 11-Sep-2026, 98.85, 98.40, 102.00, 97.20, 101.50, 101.55, 100.00, 50400, 50.40, 57, 44000, 90.16
GANGABATH, SM, 11-Sep-2026, 20.50, 20.25, 20.25, 19.50, 19.90, 19.90, 19.90, 18000, 3.58, 6, 18000, 100.00
GANGAFORGE, EQ, 11-Sep-2026, 1.60, 1.63, 1.63, 1.55, 1.58, 1.58, 1.58, 4435014, 70.09, 1440, 2581407, 61.39
GANGESSECU, EQ, 11-Sep-2026, 115.62, 118.00, 118.00, 115.00, 115.16, 115.11, 115.59, 541, 0.63, 28, 363, 77.40
GARFIBRES, EQ, 11-Sep-2026, 784.50, 780.95, 808.80, 772.40, 786.00, 795.70, 795.94, 47380, 377.12, 6178, 22043, 54.49
GARUDA, EQ, 11-Sep-2026, 179.29, 178.40, 183.70, 175.25, 182.00, 181.90, 180.51, 747410, 1349.18, 10640, 226098, 34.51
GATECH, BE, 11-Sep-2026, 0.76, 0.73, 0.73, 0.73, 0.73, 0.73, 0.73, 5044317, 36.82, 3318, -, -
GATECHDVR, BE, 11-Sep-2026, 0.48, 0.49, 0.50, 0.46, 0.50, 0.48, 0.48, 507246, 2.44, 219, -, -
GATEWAY, EQ, 11-Sep-2026, 53.65, 53.22, 53.70, 53.02, 53.49, 53.35, 53.31, 552261, 294.39, 3539, 349170, 69.18
GAUDIUMIVF, BE, 11-Sep-2026, 115.26, 115.88, 121.02, 111.75, 118.10, 117.75, 117.11, 241339, 282.63, 1058, -, -
GAYAHWS, EQ, 11-Sep-2026, 1.90, 1.93, 1.93, 1.85, 1.93, 1.92, 1.89, 113257, 2.14, 189, 67374, 66.06
GAYAPROJ, EQ, 11-Sep-2026, 24.80, 25.30, 26.04, 24.50, 26.04, 26.03, 25.76, 2686464, 692.05, 4524, 1846634, 69.21
GCHOTELS, ST, 11-Sep-2026, 96.20, 95.20, 101.00, 94.00, 100.90, 100.85, 97.51, 43800, 42.71, 60, 37800, 90.00
GCSL, EQ, 11-Sep-2026, 614.80, 609.90, 613.45, 598.10, 600.55, 600.70, 603.56, 862249, 5204.20, 4026, 69118, 25.51
GEECEE, BE, 11-Sep-2026, 370.05, 370.05, 370.05, 355.00, 368.00, 364.55, 360.29, 6469, 23.31, 52, -, -
GEEKAYWIRE, EQ, 11-Sep-2026, 28.62, 28.62, 28.84, 27.26, 27.80, 27.83, 27.87, 106072, 29.56, 1181, 44562, 49.03
GEMAROMA, EQ, 11-Sep-2026, 165.09, 164.32, 164.44, 159.29, 160.02, 160.87, 160.78, 84214, 135.40, 1308, 37313, 49.94
GENCON, EQ, 11-Sep-2026, 41.91, 41.71, 42.06, 40.60, 41.40, 41.01, 41.22, 237259, 97.79, 893, 9722, 4.23
GENESYS, EQ, 11-Sep-2026, 299.67, 291.81, 316.94, 286.98, 304.15, 307.81, 304.49, 2809027, 8553.33, 47487, 419945, 15.58
GENSOL, BZ, 11-Sep-2026, 17.36, 17.00, 17.50, 17.00, 17.25, 17.10, 17.16, 65062, 11.17, 496, -, -
GENUSPAPER, EQ, 11-Sep-2026, 12.10, 12.19, 12.19, 11.80, 12.09, 12.04, 12.04, 82560, 9.94, 433, 50128, 67.58
GENUSPOWER, EQ, 11-Sep-2026, 326.15, 324.95, 326.90, 320.10, 322.15, 323.10, 323.38, 1329018, 4297.72, 22719, 611181, 54.20
GENXAI, SM, 11-Sep-2026, 82.60, 81.05, 84.00, 81.05, 82.95, 82.40, 82.64, 14400, 11.90, 12, 6000, 83.33
GEOJITFSL, EQ, 11-Sep-2026, 79.47, 79.34, 79.74, 78.00, 78.90, 78.60, 78.52, 165423, 129.90, 1944, 77951, 59.82
GESHIP, EQ, 11-Sep-2026, 1400.20, 1400.00, 1416.20, 1389.40, 1414.00, 1412.20, 1402.89, 902109, 12655.58, 62996, 422458, 55.01
GFLLIMITED, EQ, 11-Sep-2026, 58.44, 58.00, 59.90, 56.42, 56.55, 58.27, 58.12, 128897, 74.91, 2033, 55265, 50.63
GFSTEELS, EQ, 11-Sep-2026, 19.96, 20.95, 20.95, 20.95, 20.95, 20.95, 20.95, 2228, 0.47, 12, 2113, 94.84
GGBL, SM, 11-Sep-2026, 215.55, 217.30, 217.65, 209.00, 214.00, 215.50, 212.42, 23700, 50.34, 77, 12900, 57.33
GHCL, EQ, 11-Sep-2026, 424.70, 424.70, 424.75, 420.70, 421.95, 421.15, 422.00, 114539, 483.35, 5614, 70779, 73.71
GHCLTEXTIL, EQ, 11-Sep-2026, 132.54, 131.99, 134.40, 129.22, 131.29, 130.76, 131.43, 509572, 669.75, 6295, 220042, 50.72
GICHSGFIN, EQ, 11-Sep-2026, 136.12, 136.00, 138.70, 134.72, 136.55, 136.84, 136.51, 110463, 150.79, 1833, 29358, 61.20
GICL, BE, 11-Sep-2026, 24.33, 25.40, 25.40, 23.78, 25.08, 24.74, 24.24, 107323, 26.01, 225, -, -
GICRE, EQ, 11-Sep-2026, 343.70, 342.50, 351.00, 340.70, 350.00, 349.40, 346.87, 670025, 2324.13, 16319, 257284, 49.94
GILLANDERS, EQ, 11-Sep-2026, 102.37, 102.00, 109.50, 100.00, 104.49, 103.58, 103.08, 16966, 17.49, 112, 14667, 94.43
GILLETTE, EQ, 11-Sep-2026, 7385.50, 7350.00, 7350.00, 7290.00, 7305.00, 7307.00, 7304.20, 8784, 641.60, 3154, 4991, 66.04
GILT10BETA, EQ, 11-Sep-2026, 26.71, 26.78, 26.78, 26.27, 26.28, 26.28, 26.77, 1075, 0.29, 12, 1074, 100.00
GILT5BETA, EQ, 11-Sep-2026, 67.19, 67.17, 67.17, 66.31, 66.41, 66.41, 66.90, 213, 0.14, 7, 166, 79.81
GILT5YBEES, EQ, 11-Sep-2026, 66.28, 66.30, 66.30, 66.05, 66.25, 66.16, 66.19, 139072, 92.05, 434, 68530, 52.33
GINNIFILA, BE, 11-Sep-2026, 41.30, 41.47, 41.47, 40.10, 41.25, 41.00, 40.81, 47094, 19.22, 131, -, -
GIPCL, EQ, 11-Sep-2026, 201.30, 196.50, 204.00, 195.01, 200.45, 199.72, 198.52, 428319, 850.29, 8049, 187367, 51.94
GIRIRAJ, SM, 11-Sep-2026, 80.50, 82.95, 84.50, 82.00, 84.50, 84.50, 83.27, 6250, 5.20, 13, 6000, 100.00
GJL, ST, 11-Sep-2026, 260.00, 263.00, 270.00, 263.00, 270.00, 265.85, 265.83, 4800, 12.76, 6, -, -
GKB, EQ, 11-Sep-2026, 65.09, 65.00, 67.00, 63.51, 64.80, 64.79, 64.76, 2674, 1.73, 47, 1917, 92.79
GKENERGY, EQ, 11-Sep-2026, 128.01, 127.00, 128.31, 125.30, 127.52, 127.85, 126.59, 215251, 272.48, 2417, 101551, 58.11
GKSL, EQ, 11-Sep-2026, 173.22, 174.35, 176.45, 170.00, 171.55, 171.09, 171.70, 120195, 206.38, 2648, 31169, 46.72
GKWLIMITED, EQ, 11-Sep-2026, 1556.30, 1540.80, 1591.80, 1540.80, 1584.80, 1584.80, 1577.45, 248, 3.91, 27, 238, 95.97
GLAND, EQ, 11-Sep-2026, 2946.90, 2940.00, 2950.10, 2882.00, 2935.90, 2922.30, 2917.06, 389004, 11347.46, 43663, 184335, 52.71
GLAXO, EQ, 11-Sep-2026, 2840.90, 2840.90, 2863.50, 2793.90, 2818.90, 2828.40, 2828.08, 38428, 1086.78, 6249, 12463, 42.40
GLENMARK, EQ, 11-Sep-2026, 2415.00, 2411.20, 2431.90, 2384.10, 2419.20, 2419.20, 2414.73, 346692, 8371.68, 34939, 154001, 55.31
GLFL, EQ, 11-Sep-2026, 5.26, 5.15, 5.25, 5.00, 5.23, 5.22, 5.04, 6271, 0.32, 22, 5661, 98.26
GLOBAL, EQ, 11-Sep-2026, 123.56, 123.00, 128.00, 122.00, 127.90, 126.91, 125.82, 180836, 227.54, 1992, 73773, 54.37
GLOBALE, EQ, 11-Sep-2026, 10.85, 11.25, 11.39, 10.87, 10.92, 11.38, 11.21, 13142, 1.47, 59, 7448, 81.95
GLOBALPET, SM, 11-Sep-2026, 174.65, 173.00, 173.00, 170.55, 170.55, 170.55, 171.78, 1500, 2.58, 2, 1500, 100.00
GLOBALVECT, EQ, 11-Sep-2026, 138.35, 137.00, 139.89, 130.00, 134.00, 132.17, 133.66, 23069, 30.84, 764, 15743, 74.38
GLOBE, EQ, 11-Sep-2026, 1.85, 1.84, 1.86, 1.80, 1.82, 1.81, 1.81, 422290, 7.66, 384, 344348, 82.06
GLOBECIVIL, EQ, 11-Sep-2026, 44.55, 45.90, 45.90, 43.40, 44.40, 44.21, 44.32, 25780, 11.43, 627, 7249, 38.99
GLOBUSSPR, EQ, 11-Sep-2026, 837.55, 837.55, 843.45, 822.10, 840.00, 839.75, 832.94, 65575, 546.20, 4603, 28942, 49.64
GLOSTERLTD, EQ, 11-Sep-2026, 599.45, 590.00, 605.80, 581.00, 582.00, 583.10, 585.62, 1352, 7.92, 94, 1226, 95.26
GLOTTIS, EQ, 11-Sep-2026, 58.74, 58.47, 59.99, 57.00, 59.39, 59.04, 58.49, 43281, 25.32, 623, 26642, 66.48
GMBREW, EQ, 11-Sep-2026, 912.50, 910.00, 921.95, 900.50, 909.00, 910.90, 909.94, 21159, 192.54, 1734, 11537, 59.43
GMDCLTD, EQ, 11-Sep-2026, 580.40, 577.85, 577.85, 569.10, 576.35, 575.35, 573.25, 667017, 3823.65, 25665, 205290, 35.05
GML, SM, 11-Sep-2026, 16.55, 17.00, 17.00, 16.90, 16.90, 16.90, 16.98, 12000, 2.04, 4, 10000, 100.00
GMMPFAUDLR, EQ, 11-Sep-2026, 1319.20, 1327.00, 1330.00, 1295.60, 1309.00, 1307.90, 1308.28, 261557, 3421.89, 24132, 110212, 52.60
GMRAIRPORT, EQ, 11-Sep-2026, 97.46, 96.79, 97.98, 95.28, 97.98, 97.98, 96.85, 7112955, 6888.95, 33041, 2446477, 56.83
GMRP&UI, EQ, 11-Sep-2026, 96.51, 95.00, 95.44, 93.80, 94.05, 94.07, 94.60, 549701, 520.01, 6256, 268408, 56.98
GNA, EQ, 11-Sep-2026, 553.95, 554.00, 558.30, 539.00, 549.00, 551.10, 547.32, 293874, 1608.42, 9006, 136964, 49.62
GNFC, EQ, 11-Sep-2026, 570.75, 564.50, 565.50, 559.75, 564.25, 562.40, 562.13, 310457, 1745.16, 10339, 132238, 59.57
GNRL, EQ, 11-Sep-2026, 107.73, 108.20, 108.20, 103.83, 104.40, 104.29, 105.57, 102693, 108.41, 2113, 57799, 63.80
GOACARBON, EQ, 11-Sep-2026, 440.25, 434.70, 457.00, 408.95, 412.15, 413.40, 433.66, 164355, 712.74, 6001, 69952, 49.06
GOCLCORP, EQ, 11-Sep-2026, 432.20, 431.00, 446.35, 426.55, 443.00, 441.55, 437.13, 203952, 891.53, 6631, 62773, 57.30
GOCOLORS, EQ, 11-Sep-2026, 318.45, 314.85, 328.20, 314.85, 328.00, 324.75, 320.90, 89664, 287.74, 3170, 28226, 39.90
GODAVARIB, EQ, 11-Sep-2026, 235.82, 235.60, 237.90, 230.82, 234.00, 233.65, 233.98, 93278, 218.25, 2008, 29269, 66.97
GODFRYPHLP, EQ, 11-Sep-2026, 1972.00, 1965.80, 1965.80, 1921.20, 1927.00, 1927.00, 1935.97, 229401, 4441.13, 25803, 88943, 45.17
GODIGIT, EQ, 11-Sep-2026, 250.75, 250.60, 257.80, 248.00, 255.00, 256.20, 253.20, 216275, 547.61, 12650, 97064, 57.47
GODREJAGRO, EQ, 11-Sep-2026, 673.05, 669.80, 680.00, 659.25, 675.00, 675.85, 672.65, 217886, 1465.61, 13938, 112129, 55.74
GODREJCP, EQ, 11-Sep-2026, 869.90, 860.00, 872.60, 859.00, 865.00, 865.00, 867.12, 772816, 6701.26, 16954, 386873, 54.54
GODREJIND, EQ, 11-Sep-2026, 1122.30, 1115.00, 1130.00, 1101.10, 1129.90, 1126.80, 1115.71, 46331, 516.92, 6541, 14676, 35.84
GODREJPROP, EQ, 11-Sep-2026, 1872.00, 1855.00, 1855.00, 1719.00, 1748.00, 1748.00, 1748.94, 2684348, 46947.66, 87301, 731907, 29.45
GOKEX, EQ, 11-Sep-2026, 774.20, 769.00, 791.70, 757.45, 787.80, 785.50, 771.66, 298288, 2301.77, 13953, 128911, 47.43
GOKUL, EQ, 11-Sep-2026, 42.61, 43.67, 43.67, 41.27, 42.00, 42.03, 41.74, 233417, 97.42, 873, 77354, 38.67
GOKULAGRO, EQ, 11-Sep-2026, 226.40, 225.00, 228.50, 221.21, 226.90, 226.76, 225.02, 329785, 742.08, 8812, 164103, 56.13
GOLD1, EQ, 11-Sep-2026, 127.40, 125.98, 126.93, 125.16, 126.39, 126.19, 126.21, 2448652, 3090.52, 9958, 1126537, 56.72
GOLD360, EQ, 11-Sep-2026, 149.15, 149.15, 149.15, 146.40, 147.70, 147.80, 147.42, 7364, 10.86, 270, 3438, 54.72
GOLDADD, EQ, 11-Sep-2026, 14.83, 14.73, 14.79, 14.57, 14.73, 14.71, 14.71, 11625798, 1709.85, 7176, 8797057, 87.83
GOLDAXIS, EQ, 11-Sep-2026, 127.19, 125.71, 126.78, 124.75, 126.09, 125.93, 125.73, 2104753, 2646.31, 4015, 1136949, 57.15
GOLDBEES, EQ, 11-Sep-2026, 126.20, 124.55, 125.79, 123.91, 125.19, 125.12, 124.96, 22473340, 28082.16, 94807, 7923682, 37.72
GOLDBETA, EQ, 11-Sep-2026, 128.50, 127.25, 128.10, 126.25, 127.55, 127.50, 127.29, 507327, 645.79, 2441, 203222, 62.13
GOLDBND, EQ, 11-Sep-2026, 152.51, 151.00, 152.10, 148.55, 150.90, 151.29, 151.30, 25687, 38.87, 168, 2280, 61.74
GOLDCASE, EQ, 11-Sep-2026, 24.04, 23.75, 23.95, 23.61, 23.86, 23.82, 23.82, 9749511, 2321.94, 9846, 3760855, 42.10
GOLDENTOBC, BZ, 11-Sep-2026, 24.50, 24.50, 25.50, 24.00, 25.49, 25.49, 25.00, 2541, 0.64, 16, -, -
GOLDETF, EQ, 11-Sep-2026, 148.46, 146.63, 147.90, 145.90, 147.25, 147.20, 146.89, 1651331, 2425.66, 7140, 820595, 57.76
GOLDIAM, EQ, 11-Sep-2026, 327.80, 325.00, 329.30, 320.80, 326.40, 325.00, 324.33, 477957, 1550.17, 8714, 291365, 64.38
GOLDIETF, EQ, 11-Sep-2026, 130.75, 129.35, 130.30, 128.29, 129.69, 129.63, 129.43, 5171162, 6692.79, 28827, 2394246, 48.58
GOLDKART, SM, 11-Sep-2026, 102.00, 107.10, 107.10, 107.10, 107.10, 107.10, 107.10, 625, 0.67, 1, 625, 100.00
GOLDSTAR, SM, 11-Sep-2026, 7.85, 8.20, 8.20, 8.20, 8.20, 8.20, 8.20, 56250, 4.61, 5, 45000, 80.00
GOLDTECH, BE, 11-Sep-2026, 46.50, 46.04, 46.99, 45.00, 45.00, 45.00, 45.29, 44583, 20.19, 182, -, -
GOODLUCK, EQ, 11-Sep-2026, 517.90, 519.80, 522.00, 508.55, 517.50, 516.85, 516.23, 636725, 3286.93, 23679, 249270, 42.45
GOODYEAR, EQ, 11-Sep-2026, 724.70, 724.70, 727.75, 708.60, 720.00, 722.05, 719.05, 4337, 31.19, 498, 2743, 65.54
GOPAL, EQ, 11-Sep-2026, 260.50, 260.85, 260.85, 253.45, 258.70, 257.35, 255.74, 94401, 241.42, 5707, 52774, 65.25
GOYALALUM, EQ, 11-Sep-2026, 6.14, 6.14, 6.18, 5.96, 6.05, 6.01, 6.04, 118715, 7.17, 561, 93389, 80.11
GPECO, SM, 11-Sep-2026, 400.90, 395.00, 418.00, 387.00, 411.95, 411.60, 405.96, 23400, 94.99, 93, 15000, 65.79
GPIL, EQ, 11-Sep-2026, 252.23, 248.61, 248.79, 242.50, 244.00, 244.45, 245.90, 2161543, 5315.16, 35145, 1153898, 55.75
GPPL, EQ, 11-Sep-2026, 162.27, 160.00, 163.60, 159.90, 160.93, 161.32, 161.90, 1544847, 2501.13, 22863, 637807, 52.47
GPTHEALTH, EQ, 11-Sep-2026, 161.29, 161.00, 161.20, 157.12, 158.01, 159.38, 158.84, 97541, 154.93, 2435, 43845, 55.15
GPTINFRA, EQ, 11-Sep-2026, 113.47, 112.10, 113.00, 111.00, 112.40, 112.21, 111.90, 59297, 66.35, 1014, 28462, 66.01
GRADIENTE, EQ, 11-Sep-2026, 2.53, 2.57, 2.57, 2.46, 2.52, 2.51, 2.49, 1359568, 33.89, 397, 871830, 70.96
GRANDOAK, EQ, 11-Sep-2026, 36.88, 36.16, 36.16, 35.04, 35.49, 35.16, 35.36, 2496, 0.88, 65, 1242, 65.23
GRANULES, EQ, 11-Sep-2026, 899.25, 895.95, 914.85, 881.25, 913.80, 909.30, 895.37, 7851231, 70297.32, 132381, 4839089, 63.58
GRAPHISAD, SM, 11-Sep-2026, 25.15, 25.10, 26.00, 24.15, 26.00, 26.00, 25.48, 10800, 2.75, 8, 7200, 75.00
GRAPHITE, EQ, 11-Sep-2026, 824.80, 812.00, 834.40, 785.10, 828.00, 825.80, 814.83, 3972340, 32367.62, 89732, 863433, 23.65
GRASIM, EQ, 11-Sep-2026, 3319.00, 3302.40, 3302.40, 3267.00, 3281.90, 3281.90, 3278.89, 515990, 16918.74, 20830, 251846, 63.08
GRAUWEIL, EQ, 11-Sep-2026, 76.48, 75.90, 77.10, 73.74, 76.50, 75.60, 75.66, 839285, 634.97, 28519, 371406, 52.44
GRAVISSHO, EQ, 11-Sep-2026, 35.59, 37.50, 42.70, 36.83, 42.70, 42.70, 41.41, 433905, 179.68, 1653, 230769, 53.29
GRAVITA, EQ, 11-Sep-2026, 1698.70, 1685.00, 1688.00, 1654.00, 1688.00, 1668.20, 1669.31, 113850, 1900.51, 15300, 44610, 53.81
GRCL, SM, 11-Sep-2026, 562.10, 590.00, 590.00, 570.00, 580.00, 577.50, 576.43, 1750, 10.09, 6, 1250, 100.00
GREAVESCOT, EQ, 11-Sep-2026, 193.60, 193.60, 193.60, 190.05, 191.95, 192.25, 191.92, 543534, 1043.14, 9245, 204830, 44.12
GREENCHEF, SM, 11-Sep-2026, 70.75, 67.45, 70.00, 67.45, 70.00, 69.50, 68.99, 13600, 9.38, 16, 8800, 78.57
GREENLAM, EQ, 11-Sep-2026, 236.39, 234.40, 237.78, 231.11, 235.70, 234.63, 235.32, 81141, 190.94, 1693, 46219, 73.88
GREENLEAF, ST, 11-Sep-2026, 107.00, 109.85, 109.95, 104.05, 104.05, 104.05, 108.92, 6000, 6.54, 6, 5000, 83.33
GREENPANEL, EQ, 11-Sep-2026, 159.99, 159.97, 159.97, 152.91, 153.50, 153.60, 154.52, 484400, 748.49, 8819, 248966, 67.70
GREENPLY, EQ, 11-Sep-2026, 296.70, 295.00, 295.00, 287.50, 290.00, 290.25, 289.71, 151520, 438.97, 3086, 81878, 62.57
GREENPOWER, EQ, 11-Sep-2026, 9.36, 9.30, 9.48, 9.20, 9.34, 9.31, 9.26, 1717718, 159.07, 4290, 794176, 50.41
GRETEX, SM, 11-Sep-2026, 225.15, 214.00, 215.00, 214.00, 215.00, 215.00, 214.50, 1500, 3.22, 2, 1500, 100.00
GRINDWELL, EQ, 11-Sep-2026, 1907.70, 1897.90, 1930.00, 1865.00, 1930.00, 1885.80, 1879.24, 12610, 236.97, 3375, 5854, 58.73
GRINFRA, EQ, 11-Sep-2026, 850.55, 850.00, 866.65, 842.00, 848.20, 855.80, 852.56, 11176, 95.28, 1547, 4536, 55.76
GRMOVER, EQ, 11-Sep-2026, 87.48, 86.37, 87.38, 82.20, 84.50, 84.45, 85.45, 1178962, 1007.45, 16520, 207777, 21.08
GROBTEA, EQ, 11-Sep-2026, 960.00, 960.40, 977.40, 941.10, 941.10, 945.85, 955.57, 87, 0.83, 18, 70, 87.50
GROWW, EQ, 11-Sep-2026, 195.84, 194.70, 200.91, 192.60, 200.00, 200.24, 197.67, 31136422, 61547.98, 205159, 13735026, 54.18
GROWWCAPM, EQ, 11-Sep-2026, 11.31, 11.45, 11.45, 11.10, 11.28, 11.28, 11.20, 1047081, 117.32, 1623, 732686, 71.81
GROWWCHEM, EQ, 11-Sep-2026, 30.05, 30.15, 30.15, 29.60, 29.99, 29.87, 29.65, 8627115, 2557.99, 614, 8605092, 99.78
GROWWDEFNC, EQ, 11-Sep-2026, 97.96, 97.51, 97.70, 96.36, 97.60, 97.41, 97.00, 169687, 164.59, 2693, 94377, 59.69
GROWWEV, EQ, 11-Sep-2026, 32.12, 32.01, 32.12, 31.61, 31.99, 31.91, 31.80, 210189, 66.84, 2277, 94123, 47.16
GROWWGOLD, EQ, 11-Sep-2026, 14.91, 14.74, 14.87, 14.63, 14.81, 14.78, 14.79, 4411269, 652.33, 3761, 2885747, 69.91
GROWWHOSPI, EQ, 11-Sep-2026, 52.65, 52.53, 52.89, 51.96, 52.37, 52.32, 52.35, 235268, 123.16, 899, 148915, 65.66
GROWWLIQID, EQ, 11-Sep-2026, 110.68, 110.74, 110.75, 110.74, 110.75, 110.74, 110.74, 613864, 679.80, 257, 493570, 83.29
GROWWLOVOL, EQ, 11-Sep-2026, 10.20, 10.15, 10.40, 10.02, 10.19, 10.15, 10.19, 28956, 2.95, 142, 13163, 45.47
GROWWMC150, EQ, 11-Sep-2026, 229.09, 225.47, 230.14, 225.47, 228.18, 228.18, 227.31, 910, 2.07, 56, 778, 85.49
GROWWMETAL, EQ, 11-Sep-2026, 12.70, 12.70, 12.70, 12.24, 12.45, 12.45, 12.41, 889261, 110.35, 2013, 307046, 48.04
GROWWMOM50, EQ, 11-Sep-2026, 11.09, 11.23, 11.23, 10.89, 11.07, 11.02, 10.96, 148850, 16.32, 650, 89705, 66.29
GROWWN200, EQ, 11-Sep-2026, 11.14, 11.24, 11.26, 10.97, 11.16, 11.13, 11.08, 75308, 8.34, 305, 38382, 51.58
GROWWNET, EQ, 11-Sep-2026, 10.83, 10.95, 11.00, 10.65, 10.99, 10.96, 10.92, 3268901, 356.96, 763, 2943536, 95.53
GROWWNIFTY, EQ, 11-Sep-2026, 9.50, 9.55, 9.69, 9.40, 9.52, 9.49, 9.46, 1174205, 111.08, 3416, 828113, 74.63
GROWWNXT50, EQ, 11-Sep-2026, 73.06, 72.45, 72.99, 71.57, 72.85, 71.83, 72.11, 14536, 10.48, 152, 5674, 44.23
GROWWPOWER, EQ, 11-Sep-2026, 11.36, 11.55, 11.55, 11.20, 11.46, 11.36, 11.24, 13772281, 1547.90, 2775, 11913445, 88.44
GROWWPSE, EQ, 11-Sep-2026, 98.38, 99.41, 99.41, 96.00, 98.19, 98.28, 98.14, 3727, 3.66, 75, 3083, 93.45
GROWWPSUBK, EQ, 11-Sep-2026, 84.45, 84.35, 84.38, 83.11, 84.03, 84.03, 83.82, 4371, 3.66, 127, 1621, 37.17
GROWWRAIL, EQ, 11-Sep-2026, 27.64, 28.33, 28.33, 27.06, 27.44, 27.32, 27.22, 3297424, 897.52, 4267, 2417208, 74.28
GROWWRLTY, EQ, 11-Sep-2026, 9.76, 9.66, 9.76, 9.35, 9.55, 9.53, 9.48, 1492211, 141.47, 1282, 1405076, 94.90
GROWWSC250, EQ, 11-Sep-2026, 10.66, 10.66, 10.68, 10.50, 10.65, 10.64, 10.59, 103950, 11.00, 580, 74119, 87.30
GROWWSLVR, EQ, 11-Sep-2026, 22.92, 22.13, 22.34, 21.94, 22.25, 22.20, 22.12, 2935673, 649.48, 3242, 964069, 34.46
GRPLTD, EQ, 11-Sep-2026, 1992.50, 1984.60, 1989.80, 1885.50, 1915.00, 1925.10, 1935.02, 1612, 31.19, 213, 306, 88.18
GRSE, EQ, 11-Sep-2026, 2435.30, 2418.00, 2449.20, 2359.70, 2447.00, 2427.50, 2393.17, 460144, 11012.03, 32235, 154629, 39.49
GRWRHITECH, EQ, 11-Sep-2026, 6905.00, 6895.50, 7010.00, 6772.00, 6921.00, 6921.50, 6914.30, 31550, 2181.46, 10261, 11853, 40.60
GSEC10ABSL, EQ, 11-Sep-2026, 113.27, 113.03, 113.03, 113.03, 113.03, 113.03, 113.03, 2, 0.00, 1, -, -
GSEC10ADD, EQ, 11-Sep-2026, 26.83, 26.46, 27.85, 26.46, 27.00, 27.00, 27.15, 4, 0.00, 4, 2, 50.00
GSEC10IETF, EQ, 11-Sep-2026, 262.33, 264.95, 265.26, 262.33, 262.33, 262.33, 263.45, 3063, 8.07, 10, 3060, 99.93
GSEC10YEAR, EQ, 11-Sep-2026, 30.61, 30.55, 30.55, 30.49, 30.49, 30.49, 30.49, 33, 0.01, 11, 29, 100.00
GSEC5IETF, EQ, 11-Sep-2026, 66.19, 66.30, 66.77, 66.19, 66.26, 66.26, 66.71, 1702, 1.14, 36, 1697, 100.00
GSFC, EQ, 11-Sep-2026, 160.38, 154.91, 156.80, 152.85, 156.05, 155.95, 154.44, 1425671, 2201.87, 11871, 747893, 58.86
GSLSU, EQ, 11-Sep-2026, 27.22, 27.50, 28.58, 26.78, 28.00, 28.25, 28.00, 76411, 21.39, 809, 41742, 56.96
GSMFOILS, SM, 11-Sep-2026, 90.60, 86.10, 86.10, 86.10, 86.10, 86.10, 86.10, 44000, 37.88, 63, 42500, 100.00
GSPCROP, EQ, 11-Sep-2026, 471.75, 472.00, 485.40, 464.95, 471.40, 471.25, 474.86, 184008, 873.78, 9006, 67690, 38.78
GSS, EQ, 11-Sep-2026, 10.47, 10.47, 10.71, 10.00, 10.20, 10.19, 10.24, 87837, 8.99, 432, 44046, 54.15
GSTL, SM, 11-Sep-2026, 11.05, 10.55, 10.95, 10.50, 10.95, 10.95, 10.53, 22000, 2.32, 17, 21000, 100.00
GTECJAINX, BE, 11-Sep-2026, 27.90, 26.52, 28.50, 26.52, 28.00, 26.65, 26.72, 6777, 1.81, 28, -, -
GTL, EQ, 11-Sep-2026, 7.20, 7.25, 7.28, 7.06, 7.22, 7.24, 7.19, 227358, 16.34, 593, 132807, 65.06
GTLINFRA, EQ, 11-Sep-2026, 1.16, 1.17, 1.17, 1.15, 1.17, 1.16, 1.16, 19959792, 231.84, 9426, 8992941, 50.84
GTPL, EQ, 11-Sep-2026, 59.75, 59.69, 60.86, 59.00, 60.30, 59.81, 59.98, 58766, 35.25, 1030, 35471, 72.74
GUFICBIO, EQ, 11-Sep-2026, 422.65, 423.25, 431.95, 418.10, 426.00, 425.10, 424.11, 86404, 366.45, 3592, 36292, 53.01
GUJALKALI, EQ, 11-Sep-2026, 718.75, 715.50, 716.05, 703.55, 705.20, 705.00, 706.88, 54425, 384.72, 4802, 25239, 55.56
GUJAPOLLO, EQ, 11-Sep-2026, 338.35, 333.05, 350.00, 333.00, 350.00, 348.10, 343.45, 12367, 42.47, 311, 6440, 69.09
GUJENERGY, EQ, 11-Sep-2026, 254.80, 247.94, 249.21, 240.36, 241.20, 241.59, 242.52, 1808646, 4386.41, 32496, 921278, 63.33
GUJRAFFIA, EQ, 11-Sep-2026, 41.17, 40.51, 41.90, 40.50, 41.74, 41.72, 41.73, 5856, 2.44, 53, 3475, 63.25
GUJTHEM, EQ, 11-Sep-2026, 430.10, 430.00, 430.00, 413.60, 424.00, 422.65, 419.18, 390855, 1638.38, 9126, 221188, 59.79
GULFOILLUB, EQ, 11-Sep-2026, 1073.00, 1073.00, 1073.00, 1010.30, 1065.40, 1060.70, 1056.59, 62866, 664.24, 11001, 30974, 57.27
GULFPETRO, BE, 11-Sep-2026, 65.74, 64.16, 65.30, 63.00, 64.50, 64.08, 63.99, 86449, 55.32, 404, -, -
GULPOLY, EQ, 11-Sep-2026, 176.68, 176.40, 176.62, 173.00, 175.20, 174.84, 174.69, 160780, 280.86, 2656, 80205, 54.86
GURUNANAK, SM, 11-Sep-2026, 40.00, 38.05, 38.05, 38.05, 38.05, 38.05, 38.05, 1600, 0.61, 1, -, -
GVKPIL, BE, 11-Sep-2026, 2.21, 2.25, 2.25, 2.25, 2.25, 2.25, 2.25, 323735, 7.28, 129, -, -
GVPIL, EQ, 11-Sep-2026, 654.50, 651.25, 659.00, 640.40, 652.25, 652.65, 650.38, 102461, 666.38, 4624, 34943, 41.19
GVPTECH, BE, 11-Sep-2026, 8.05, 8.25, 8.25, 7.67, 8.00, 7.82, 7.90, 31151, 2.46, 193, -, -
GVT&D, EQ, 11-Sep-2026, 4545.00, 4500.00, 4548.10, 4428.70, 4548.10, 4548.10, 4497.04, 588462, 26463.38, 53181, 228901, 42.74
GYFTR, EQ, 11-Sep-2026, 185.32, 189.00, 189.00, 175.00, 176.89, 175.73, 179.37, 47421, 85.06, 673, 30283, 70.06
HAL, EQ, 11-Sep-2026, 4950.00, 4930.00, 4930.00, 4875.00, 4905.00, 4905.00, 4903.79, 762754, 37403.86, 38493, 373240, 57.15
HALDER, EQ, 11-Sep-2026, 281.90, 275.00, 284.35, 271.70, 273.00, 276.15, 282.30, 30980, 87.46, 189, 6173, 20.11
HALDYNGL, BE, 11-Sep-2026, 142.18, 142.18, 146.79, 138.51, 146.00, 145.70, 143.67, 42006, 60.35, 281, -, -
HALEOSLABS, EQ, 11-Sep-2026, 1450.60, 1450.60, 1500.00, 1437.00, 1455.00, 1462.50, 1475.82, 382, 5.64, 59, 246, 67.58
HAMPTON, EQ, 11-Sep-2026, 8.40, 8.39, 8.39, 8.02, 8.05, 8.05, 8.12, 6475, 0.53, 111, 4613, 73.53
HAPPSTMNDS, EQ, 11-Sep-2026, 332.40, 331.50, 338.15, 328.80, 330.05, 332.35, 332.48, 930766, 3094.62, 21738, 261062, 31.48
HAPPY, SM, 11-Sep-2026, 90.00, 86.05, 89.50, 86.05, 88.95, 88.95, 87.95, 14000, 12.31, 7, 8000, 57.14
HAPPYFORGE, EQ, 11-Sep-2026, 2233.40, 2195.00, 2244.80, 2150.00, 2168.40, 2169.00, 2180.14, 66048, 1439.94, 15424, 40218, 70.11
HARDWYN, EQ, 11-Sep-2026, 9.12, 9.15, 9.20, 9.04, 9.20, 9.16, 9.13, 496044, 45.28, 693, 269249, 78.90
HARIOMPIPE, EQ, 11-Sep-2026, 361.80, 352.00, 364.95, 351.00, 361.00, 359.20, 357.18, 66567, 237.76, 2893, 28519, 47.77
HARRMALAYA, EQ, 11-Sep-2026, 186.80, 187.14, 189.58, 183.55, 185.11, 185.81, 186.58, 6619, 12.35, 258, 3702, 64.89
HARSHA, EQ, 11-Sep-2026, 447.20, 444.00, 446.55, 436.00, 446.00, 445.00, 442.25, 107635, 476.02, 5027, 51785, 54.89
HATHWAY, EQ, 11-Sep-2026, 10.17, 10.01, 10.29, 10.00, 10.25, 10.23, 10.13, 1406853, 142.55, 2163, 575064, 46.31
HATSUN, EQ, 11-Sep-2026, 1194.50, 1194.50, 1240.20, 1167.70, 1229.90, 1224.40, 1218.68, 113105, 1378.38, 11322, 37151, 38.05
HAVELLS, EQ, 11-Sep-2026, 1116.00, 1107.90, 1114.70, 1096.20, 1111.00, 1111.00, 1107.60, 699007, 7742.20, 56401, 386524, 61.47
HAVISHA, EQ, 11-Sep-2026, 1.34, 1.32, 1.35, 1.25, 1.35, 1.34, 1.31, 35386, 0.46, 73, 24630, 89.00
HAWKINCOOK, EQ, 11-Sep-2026, 8408.00, 8410.50, 8491.50, 8366.50, 8380.00, 8411.50, 8425.03, 2765, 232.95, 511, 1885, 80.56
HAZOOR, EQ, 11-Sep-2026, 19.70, 19.79, 19.99, 18.80, 19.30, 19.22, 19.22, 324963, 62.47, 799, 176322, 57.00
HBESD, EQ, 11-Sep-2026, 71.26, 75.37, 75.38, 70.70, 73.00, 72.99, 73.17, 616, 0.45, 40, 546, 88.64
HBLENGINE, EQ, 11-Sep-2026, 720.90, 718.00, 724.70, 705.25, 717.55, 722.20, 716.84, 1018560, 7301.44, 33008, 355345, 40.12
HBPOR, EQ, 11-Sep-2026, 58.90, 58.70, 60.05, 58.50, 60.00, 59.99, 59.67, 664, 0.40, 24, 551, 100.00
HBSL, EQ, 11-Sep-2026, 54.37, 53.99, 53.99, 52.80, 52.80, 52.91, 52.87, 3721, 1.97, 29, 3711, 100.00
HCC, EQ, 11-Sep-2026, 22.81, 22.65, 22.89, 21.94, 22.76, 22.73, 22.37, 23241864, 5200.04, 30398, 7571384, 36.07
HCG, EQ, 11-Sep-2026, 700.90, 700.90, 700.90, 691.30, 693.05, 693.90, 695.01, 44421, 308.73, 6030, 23784, 62.65
HCL-INSYS, EQ, 11-Sep-2026, 10.12, 10.06, 10.15, 9.90, 10.13, 10.07, 10.03, 274708, 27.55, 822, 143937, 84.42
HCLTECH, EQ, 11-Sep-2026, 1207.00, 1196.00, 1223.40, 1195.70, 1206.10, 1206.10, 1213.93, 2272845, 27590.79, 89360, 965924, 49.59
HDBFS, EQ, 11-Sep-2026, 677.70, 672.50, 674.50, 666.40, 670.85, 669.20, 669.27, 168613, 1128.48, 9981, 91131, 62.83
HDFCAMC, EQ, 11-Sep-2026, 2433.80, 2405.00, 2424.60, 2366.10, 2403.90, 2403.90, 2403.45, 677643, 16286.78, 41970, 328780, 55.36
HDFCBANK, EQ, 11-Sep-2026, 693.80, 683.90, 709.00, 681.90, 708.25, 708.25, 693.30, 31411934, 217779.65, 414216, 13408691, 47.31
HDFCBSE500, EQ, 11-Sep-2026, 36.80, 36.98, 37.00, 36.50, 36.82, 36.89, 36.79, 2047858, 753.42, 393, 1401995, 68.89
HDFCGOLD, EQ, 11-Sep-2026, 130.49, 129.20, 129.98, 128.13, 129.47, 129.37, 129.22, 3331298, 4304.65, 9304, 954445, 37.64
HDFCGROWTH, EQ, 11-Sep-2026, 115.49, 115.06, 115.98, 115.01, 115.98, 115.87, 115.52, 5891, 6.81, 134, 3476, 79.36
HDFCLIFE, EQ, 11-Sep-2026, 526.15, 522.00, 531.50, 518.20, 530.00, 530.00, 526.59, 4127867, 21737.08, 80580, 2311499, 62.15
HDFCLIQUID, EQ, 11-Sep-2026, 1077.25, 1077.78, 1077.80, 1077.78, 1077.78, 1077.78, 1077.79, 28711, 309.44, 69, 13176, 58.78
HDFCLOWVOL, EQ, 11-Sep-2026, 19.98, 19.92, 20.05, 19.89, 20.04, 20.01, 20.01, 5968, 1.19, 72, 2176, 47.65
HDFCMID150, EQ, 11-Sep-2026, 23.24, 23.24, 23.24, 22.90, 23.24, 23.13, 23.04, 685818, 158.04, 1677, 394214, 60.23
HDFCMOMENT, EQ, 11-Sep-2026, 31.12, 31.61, 31.61, 30.65, 31.00, 30.91, 30.82, 135504, 41.76, 809, 87882, 70.21
HDFCNEXT50, EQ, 11-Sep-2026, 74.08, 73.82, 74.00, 73.09, 73.95, 73.91, 73.56, 103448, 76.10, 754, 49807, 53.13
HDFCNIF100, EQ, 11-Sep-2026, 25.47, 25.50, 25.50, 25.25, 25.47, 25.44, 25.37, 32301, 8.19, 270, 26638, 90.38
HDFCNIFBAN, EQ, 11-Sep-2026, 58.03, 57.83, 58.41, 57.40, 58.41, 58.33, 57.77, 78212, 45.19, 491, 58216, 78.77
HDFCNIFIT, EQ, 11-Sep-2026, 30.85, 30.84, 31.15, 30.84, 31.09, 31.01, 31.03, 50580, 15.69, 246, 26593, 56.89
HDFCNIFTY, EQ, 11-Sep-2026, 264.33, 270.93, 270.93, 262.16, 263.32, 263.79, 263.69, 3460871, 9125.85, 5903, 2460006, 85.25
HDFCNIMEG, EQ, 11-Sep-2026, 133.04, 130.21, 130.70, 129.03, 130.69, 130.37, 129.63, 12438, 16.12, 196, 4540, 36.81
HDFCPSUBK, EQ, 11-Sep-2026, 84.70, 84.01, 84.96, 83.84, 84.11, 84.27, 84.19, 29654, 24.97, 245, 14147, 56.20
HDFCPVTBAN, EQ, 11-Sep-2026, 27.74, 27.65, 28.15, 27.50, 28.15, 27.94, 27.73, 140346, 38.92, 305, 74242, 54.06
HDFCQUAL, EQ, 11-Sep-2026, 57.40, 57.15, 57.46, 57.10, 57.43, 57.43, 57.31, 1548, 0.89, 64, 1169, 76.06
HDFCSENSEX, EQ, 11-Sep-2026, 84.74, 86.85, 86.85, 84.30, 85.48, 85.32, 84.77, 90887, 77.04, 952, 58625, 71.17
HDFCSILVER, EQ, 11-Sep-2026, 223.54, 216.02, 217.67, 213.85, 216.84, 216.48, 215.68, 6499736, 14018.36, 19594, 2250067, 36.99
HDFCSML250, EQ, 11-Sep-2026, 186.25, 188.11, 188.20, 183.26, 185.29, 185.17, 184.57, 1196133, 2207.70, 14456, 612623, 53.24
HDFCVALUE, EQ, 11-Sep-2026, 122.37, 122.61, 122.83, 121.45, 122.83, 122.49, 122.01, 9138, 11.15, 129, 4905, 67.70
HDIL, BZ, 11-Sep-2026, 1.49, 1.54, 1.54, 1.45, 1.46, 1.47, 1.48, 139042, 2.06, 250, -, -
HEADSUP, EQ, 11-Sep-2026, 6.90, 7.00, 7.15, 6.80, 7.00, 6.99, 6.90, 9463, 0.65, 163, 7117, 77.22
HEALTHADD, EQ, 11-Sep-2026, 16.66, 16.58, 16.82, 16.55, 16.70, 16.68, 16.70, 240178, 40.11, 112, 238134, 99.25
HEALTHAXIS, EQ, 11-Sep-2026, 168.13, 168.13, 168.85, 167.02, 168.53, 168.42, 168.17, 3098, 5.21, 76, 1940, 63.32
HEALTHCARE, EQ, 11-Sep-2026, 21.68, 22.11, 22.11, 21.51, 21.72, 21.71, 21.64, 110839, 23.99, 194, 107692, 97.76
HEALTHIETF, EQ, 11-Sep-2026, 169.47, 169.50, 170.34, 167.94, 170.25, 169.67, 169.12, 61063, 103.27, 1360, 33379, 65.78
HEALTHX, EQ, 11-Sep-2026, 305.35, 301.00, 310.00, 295.05, 306.95, 308.15, 304.41, 3397, 10.34, 153, 2896, 90.39
HEALTHY, EQ, 11-Sep-2026, 17.00, 17.00, 17.25, 16.81, 17.00, 16.96, 16.97, 265871, 45.13, 1137, 104442, 52.76
HECPROJECT, EQ, 11-Sep-2026, 119.55, 118.10, 121.00, 115.00, 118.55, 119.04, 116.45, 9426, 10.98, 162, 6756, 79.79
HEG, BE, 11-Sep-2026, 249.65, 238.10, 243.00, 237.20, 237.20, 237.20, 237.48, 1259054, 2990.06, 9550, -, -
HEIDELBERG, EQ, 11-Sep-2026, 158.79, 150.95, 150.95, 147.80, 150.40, 149.80, 149.47, 314126, 469.53, 4299, 124100, 42.59
HEMIPROP, EQ, 11-Sep-2026, 120.95, 120.80, 121.48, 119.21, 120.80, 120.62, 120.35, 254402, 306.18, 2803, 128604, 56.83
HERANBA, EQ, 11-Sep-2026, 172.30, 172.30, 174.00, 168.50, 171.12, 171.58, 170.93, 43044, 73.58, 1436, 21220, 56.15
HERITGFOOD, EQ, 11-Sep-2026, 398.05, 396.00, 425.00, 389.00, 419.00, 417.40, 416.46, 3638335, 15152.11, 71220, 948500, 27.46
HEROMOTOCO, EQ, 11-Sep-2026, 5280.00, 5218.00, 5243.00, 5186.00, 5221.50, 5221.50, 5222.59, 251663, 13143.34, 27945, 116697, 52.46
HESTERBIO, EQ, 11-Sep-2026, 2279.00, 2275.00, 2298.90, 2238.30, 2262.00, 2264.90, 2269.32, 5276, 119.73, 1292, 1957, 44.75
HEXAGON, BE, 11-Sep-2026, 68.17, 68.00, 70.00, 66.75, 68.00, 67.99, 68.46, 310047, 212.24, 732, -, -
HEXATRADEX, EQ, 11-Sep-2026, 156.88, 156.88, 159.99, 155.30, 157.00, 155.81, 156.08, 765, 1.19, 43, 501, 79.78
HEXT, EQ, 11-Sep-2026, 502.95, 501.30, 502.95, 496.00, 497.00, 497.05, 498.47, 87553, 436.43, 7070, 37097, 49.34
HFCL, BE, 11-Sep-2026, 233.32, 225.05, 237.30, 222.25, 235.05, 233.69, 230.21, 8856109, 20387.24, 40696, -, -
HGINFRA, EQ, 11-Sep-2026, 487.25, 485.00, 490.00, 476.55, 489.90, 484.00, 482.12, 29567, 142.55, 2631, 14308, 56.67
HGM, EQ, 11-Sep-2026, 49.57, 48.62, 50.00, 48.50, 48.50, 48.68, 49.22, 7531, 3.71, 58, 7194, 99.16
HGS, EQ, 11-Sep-2026, 383.85, 381.00, 383.85, 377.00, 383.50, 381.45, 379.66, 9177, 34.84, 849, 4869, 61.59
HIGREEN, SM, 11-Sep-2026, 122.00, 122.00, 122.00, 119.35, 120.15, 120.15, 120.83, 12000, 14.50, 14, 8000, 66.67
HIKAL, EQ, 11-Sep-2026, 234.78, 231.02, 232.39, 221.98, 227.00, 224.95, 226.16, 902881, 2041.96, 17364, 273651, 35.38
HILINFRA, EQ, 11-Sep-2026, 42.59, 42.50, 42.99, 40.20, 42.45, 41.53, 41.65, 128374, 53.47, 1044, 28950, 74.06
HILTON, EQ, 11-Sep-2026, 18.28, 18.30, 18.70, 17.61, 18.14, 18.06, 17.97, 89366, 16.06, 453, 57563, 65.72
HIMATSEIDE, EQ, 11-Sep-2026, 68.85, 68.70, 68.70, 66.63, 67.60, 67.83, 67.29, 420697, 283.10, 3614, 214875, 56.48
HINDADH, EQ, 11-Sep-2026, 365.30, 365.30, 370.90, 345.25, 370.75, 369.10, 362.61, 3185, 11.55, 76, 2208, 97.14
HINDALCO, EQ, 11-Sep-2026, 1014.00, 990.00, 992.80, 973.10, 981.50, 981.50, 984.43, 4754493, 46804.75, 103084, 2466205, 56.75
HINDALUMI, EQ, 11-Sep-2026, 96.57, 97.00, 98.99, 95.10, 95.20, 96.18, 96.44, 2716, 2.62, 131, 1348, 83.73
HINDCOMPOS, EQ, 11-Sep-2026, 381.45, 380.00, 390.00, 375.00, 375.10, 376.45, 377.88, 6223, 23.52, 542, 4718, 81.32
HINDCON, EQ, 11-Sep-2026, 23.34, 23.90, 24.63, 22.36, 24.46, 24.09, 23.40, 24080, 5.63, 259, 11697, 76.48
HINDCOPPER, EQ, 11-Sep-2026, 527.30, 510.00, 516.50, 505.00, 515.00, 514.50, 511.14, 8769684, 44825.04, 110798, 3298360, 42.44
HINDOILEXP, EQ, 11-Sep-2026, 187.66, 189.44, 192.40, 184.50, 185.20, 185.22, 187.55, 1154009, 2164.32, 16704, 375827, 36.53
HINDPETRO, EQ, 11-Sep-2026, 352.65, 346.50, 354.90, 340.10, 352.00, 352.00, 346.18, 5835890, 20202.52, 56529, 2243107, 39.72
HINDUNILVR, EQ, 11-Sep-2026, 1942.30, 1930.50, 1946.60, 1926.20, 1927.00, 1927.00, 1936.26, 1100313, 21304.95, 70873, 543363, 60.65
HINDWAREAP, EQ, 11-Sep-2026, 181.67, 181.67, 181.67, 177.94, 178.34, 178.40, 178.87, 63015, 112.71, 2054, 34403, 61.55
HINDZINC, EQ, 11-Sep-2026, 593.60, 575.45, 583.30, 565.55, 576.45, 576.45, 575.56, 7158790, 41203.00, 79819, 2817405, 42.21
HIRECT, EQ, 11-Sep-2026, 1248.90, 1244.90, 1255.00, 1205.00, 1241.00, 1245.40, 1229.45, 51541, 633.67, 4813, 18394, 42.18
HISARMETAL, EQ, 11-Sep-2026, 155.28, 161.98, 161.98, 157.00, 157.20, 157.20, 157.97, 808, 1.28, 15, 787, 98.87
HITECH, EQ, 11-Sep-2026, 77.40, 76.89, 76.89, 75.46, 76.41, 76.39, 76.18, 643983, 490.59, 3750, 326406, 57.45
HITECHCORP, BE, 11-Sep-2026, 332.25, 331.75, 337.75, 331.40, 335.00, 334.50, 333.91, 3865, 12.91, 67, -, -
HITECHGEAR, BE, 11-Sep-2026, 579.45, 579.40, 579.45, 565.00, 570.00, 567.45, 569.94, 1520, 8.66, 47, -, -
HLEGLAS, EQ, 11-Sep-2026, 367.60, 367.85, 404.35, 363.00, 404.35, 404.35, 390.61, 870661, 3400.86, 21509, 302720, 35.37
HLVLTD, EQ, 11-Sep-2026, 6.38, 6.38, 6.40, 6.30, 6.40, 6.38, 6.36, 148728, 9.47, 440, 98219, 80.35
HMAAGRO, EQ, 11-Sep-2026, 19.98, 20.00, 20.24, 19.68, 20.15, 20.07, 19.93, 982208, 195.74, 2227, 507326, 58.69
HMT, BZ, 11-Sep-2026, 63.91, 63.99, 63.99, 62.50, 63.40, 63.36, 63.20, 10153, 6.42, 105, -, -
HMVL, BE, 11-Sep-2026, 78.76, 78.90, 80.35, 76.00, 78.79, 79.90, 78.12, 3987, 3.11, 70, -, -
HNDFDS, EQ, 11-Sep-2026, 619.95, 612.25, 623.95, 610.15, 618.00, 618.70, 615.50, 51791, 318.78, 4651, 27222, 67.22
HNGSNGBEES, EQ, 11-Sep-2026, 466.06, 465.90, 465.90, 461.55, 464.10, 463.91, 463.48, 63270, 293.25, 3836, 40346, 72.71
HOACFOODS, ST, 11-Sep-2026, 931.80, 913.20, 913.50, 913.20, 913.20, 913.20, 913.24, 5625, 51.37, 14, 4875, 92.86
HOLMARC, SM, 11-Sep-2026, 103.55, 103.50, 108.70, 101.00, 108.70, 108.70, 106.93, 18000, 19.25, 23, 16500, 95.65
HOMEFIRST, EQ, 11-Sep-2026, 1209.40, 1195.00, 1195.00, 1100.60, 1185.00, 1184.50, 1181.92, 435329, 5145.23, 21786, 229457, 56.26
HONASA, EQ, 11-Sep-2026, 475.65, 472.00, 478.15, 470.00, 470.95, 471.15, 472.82, 680363, 3216.86, 22587, 308722, 56.52
HONAUT, EQ, 11-Sep-2026, 34150.00, 34000.00, 34700.00, 33800.00, 34700.00, 34580.00, 34317.73, 2181, 748.47, 1497, 871, 49.02
HONDAPOWER, EQ, 11-Sep-2026, 1969.50, 1979.80, 1979.80, 1941.20, 1946.70, 1953.00, 1950.88, 4009, 78.21, 511, 2503, 67.16
HORIZONIND, EQ, 11-Sep-2026, 55.55, 55.00, 55.89, 53.75, 55.79, 55.67, 54.71, 3566247, 1951.25, 12951, 1620460, 49.72
HPAL, EQ, 11-Sep-2026, 36.61, 37.50, 39.82, 37.00, 37.68, 37.91, 38.41, 620683, 238.38, 4645, 212206, 37.86
HPIL, EQ, 11-Sep-2026, 120.03, 120.10, 124.89, 120.04, 123.87, 123.87, 124.37, 278, 0.35, 16, 261, 97.75
HPL, EQ, 11-Sep-2026, 295.80, 281.90, 294.00, 281.90, 294.00, 292.00, 289.45, 129096, 373.66, 4904, 49016, 42.93
HPTL, SM, 11-Sep-2026, 341.10, 358.00, 358.15, 358.00, 358.15, 358.15, 358.14, 6000, 21.49, 10, 4200, 100.00
HRHNEXT, SM, 11-Sep-2026, 24.85, 23.65, 23.65, 23.65, 23.65, 23.65, 23.65, 6000, 1.42, 4, 4500, 100.00
HRYNSHP, EQ, 11-Sep-2026, 99.32, 99.32, 100.95, 98.00, 100.84, 100.84, 98.44, 957, 0.94, 35, 922, 98.40
HSBCGOLD, EQ, 11-Sep-2026, 132.90, 132.00, 132.41, 130.95, 132.01, 131.94, 131.58, 78821, 103.71, 87, 16554, 21.09
HSCL, EQ, 11-Sep-2026, 663.75, 660.00, 666.00, 654.20, 664.25, 664.90, 659.53, 1420588, 9369.20, 20894, 459332, 38.01
HTEL, BE, 11-Sep-2026, 81.53, 85.60, 85.60, 80.00, 85.60, 85.60, 84.55, 3058271, 2585.73, 7871, -, -
HTMEDIA, EQ, 11-Sep-2026, 24.32, 24.65, 25.35, 23.99, 25.00, 24.92, 24.73, 115860, 28.65, 398, 72132, 85.92
HUBTOWN, EQ, 11-Sep-2026, 183.22, 181.05, 183.00, 178.72, 181.50, 181.21, 180.91, 181732, 328.78, 2681, 103231, 60.09
HUDCO, EQ, 11-Sep-2026, 174.08, 173.60, 173.60, 171.60, 172.35, 172.76, 172.39, 1180108, 2034.35, 21503, 473584, 52.65
HUHTAMAKI, EQ, 11-Sep-2026, 262.05, 260.00, 260.00, 250.25, 255.00, 254.40, 253.42, 211803, 536.76, 5660, 101272, 52.02
HVAX, SM, 11-Sep-2026, 653.00, 630.00, 669.00, 630.00, 669.00, 669.00, 649.92, 1800, 11.70, 3, 1650, 100.00
HYBRIDETF, EQ, 11-Sep-2026, 10.09, 10.19, 10.19, 9.98, 10.05, 10.04, 10.01, 214733, 21.49, 72, 204013, 95.14
HYBRIDFIN, BE, 11-Sep-2026, 17.11, 16.98, 16.98, 16.27, 16.77, 16.61, 16.43, 12623, 2.07, 67, -, -
HYUNDAI, EQ, 11-Sep-2026, 2205.00, 2187.60, 2195.50, 2170.60, 2174.00, 2174.00, 2184.68, 484805, 10591.44, 35435, 232006, 49.58
IBLFL, SM, 11-Sep-2026, 60.50, 61.00, 61.00, 61.00, 61.00, 61.00, 61.00, 6000, 3.66, 3, 4000, 100.00
IBULLSLTD, EQ, 11-Sep-2026, 24.90, 24.31, 26.14, 24.31, 26.14, 26.14, 25.64, 32865374, 8425.87, 21221, 21213526, 64.64
ICDSLTD, BE, 11-Sep-2026, 64.66, 64.98, 64.98, 61.51, 62.52, 62.52, 64.15, 6188, 3.97, 47, -, -
ICELCO, SM, 11-Sep-2026, 126.10, 127.35, 127.35, 123.35, 126.40, 125.20, 125.57, 25200, 31.64, 21, 14400, 66.67
ICEMAKE, EQ, 11-Sep-2026, 727.90, 727.00, 739.00, 721.00, 730.00, 730.10, 729.25, 11852, 86.43, 790, 6039, 59.60
ICICIAMC, EQ, 11-Sep-2026, 3033.50, 3010.00, 3051.00, 2992.30, 3040.20, 3041.50, 3022.32, 135852, 4105.88, 17877, 63788, 53.14
ICICIB22, EQ, 11-Sep-2026, 113.50, 113.64, 113.64, 112.60, 113.34, 113.16, 113.03, 164595, 186.04, 2815, 95602, 65.81
ICICIBANK, EQ, 11-Sep-2026, 1384.50, 1371.60, 1389.00, 1367.60, 1379.30, 1379.30, 1379.59, 7064417, 97460.30, 119432, 4097434, 63.26
ICICIGI, EQ, 11-Sep-2026, 1465.00, 1465.00, 1465.00, 1443.70, 1459.80, 1459.80, 1450.34, 663654, 9625.23, 32095, 353600, 59.04
ICICIPRULI, EQ, 11-Sep-2026, 471.00, 468.80, 475.50, 461.25, 471.50, 471.50, 470.68, 1354875, 6377.06, 35814, 724509, 56.47
ICIL, EQ, 11-Sep-2026, 439.45, 437.35, 446.30, 426.40, 442.15, 443.25, 436.03, 443332, 1933.07, 18541, 164726, 39.87
ICRA, EQ, 11-Sep-2026, 4726.20, 4731.00, 4754.70, 4665.60, 4720.00, 4728.90, 4708.94, 21358, 1005.73, 3414, 10820, 60.59
IDBI, EQ, 11-Sep-2026, 81.62, 81.21, 84.20, 80.62, 83.55, 83.43, 83.33, 22126952, 18438.76, 75406, 5652926, 27.46
IDEA, EQ, 11-Sep-2026, 14.90, 15.08, 15.20, 14.84, 14.97, 14.97, 15.03, 547907103, 82357.72, 865443, 140140953, 27.88
IDEAFORGE, EQ, 11-Sep-2026, 743.45, 740.00, 742.00, 724.00, 734.80, 733.95, 730.81, 164262, 1200.44, 11566, 76229, 50.57
IDEALTECHO, SM, 11-Sep-2026, 171.00, 95.00, 98.90, 95.00, 98.90, 98.90, 96.95, 4000, 3.88, 4, 3000, 100.00
IDENTICAL, SM, 11-Sep-2026, 18.95, 19.55, 19.60, 18.00, 18.90, 18.85, 18.83, 10000, 1.88, 5, -, -
IDFCFIRSTB, EQ, 11-Sep-2026, 86.84, 86.20, 86.73, 85.41, 86.21, 86.21, 86.19, 13937814, 12013.52, 55542, 7603413, 61.64
IDFNIFTYET, EQ, 11-Sep-2026, 259.15, 256.62, 258.66, 256.62, 258.60, 258.60, 257.58, 2321, 5.98, 40, 1986, 85.57
IEML, ST, 11-Sep-2026, 40.75, 40.85, 41.75, 40.40, 40.45, 40.45, 40.82, 33000, 13.47, 38, 32500, 98.48
IEX, EQ, 11-Sep-2026, 116.63, 115.88, 115.91, 113.00, 113.88, 113.88, 113.76, 6657040, 7572.84, 49093, 2985507, 48.81
IFBAGRO, EQ, 11-Sep-2026, 874.80, 880.00, 894.90, 860.00, 890.00, 884.45, 877.08, 5292, 46.41, 628, 3399, 73.16
IFBIND, EQ, 11-Sep-2026, 1283.20, 1267.20, 1312.10, 1251.00, 1304.00, 1300.10, 1285.36, 53221, 684.08, 6157, 16053, 42.26
IFCI, EQ, 11-Sep-2026, 85.15, 83.80, 85.59, 81.52, 82.67, 82.29, 83.13, 110886137, 92183.64, 258340, 17417068, 16.51
IFGLEXPOR, EQ, 11-Sep-2026, 212.54, 210.00, 212.20, 203.67, 205.37, 206.08, 206.09, 41185, 84.88, 1502, 19766, 61.22
IGARASHI, EQ, 11-Sep-2026, 408.30, 408.55, 418.45, 402.05, 411.95, 414.30, 409.72, 45453, 186.23, 2138, 23156, 55.23
IGCL, EQ, 11-Sep-2026, 72.40, 71.15, 72.38, 67.16, 67.89, 67.61, 70.40, 265110, 186.63, 2616, 130290, 52.72
IGIL, EQ, 11-Sep-2026, 311.20, 310.00, 315.00, 307.05, 314.95, 314.30, 312.30, 233518, 729.27, 10968, 94072, 45.52
IGL, EQ, 11-Sep-2026, 153.46, 152.23, 152.50, 151.02, 151.75, 151.98, 151.92, 766290, 1164.12, 17750, 368261, 63.78
IGPL, EQ, 11-Sep-2026, 553.50, 555.90, 555.90, 535.70, 549.50, 547.05, 544.47, 58951, 320.97, 3172, 27722, 62.93
IIFL, EQ, 11-Sep-2026, 607.65, 605.00, 616.35, 595.00, 600.00, 600.60, 603.63, 2661025, 16062.74, 58147, 1276726, 53.05
IIFLCAPS, EQ, 11-Sep-2026, 337.30, 336.60, 340.95, 336.60, 338.70, 339.05, 339.41, 422556, 1434.19, 8588, 250358, 61.40
IITL, EQ, 11-Sep-2026, 147.23, 147.80, 153.84, 145.60, 147.00, 149.01, 149.46, 93711, 140.06, 804, 8431, 9.18
IKIO, EQ, 11-Sep-2026, 231.73, 234.00, 238.80, 221.42, 223.00, 223.87, 232.15, 1450380, 3367.06, 29662, 335746, 25.26
IKS, EQ, 11-Sep-2026, 1783.70, 1783.00, 1783.00, 1732.40, 1736.30, 1740.60, 1750.48, 83326, 1458.61, 10850, 34524, 57.63
IL&FSENGG, BZ, 11-Sep-2026, 39.09, 37.65, 39.90, 37.50, 38.40, 38.54, 38.26, 62188, 23.79, 106, -, -
IL&FSTRANS, BZ, 11-Sep-2026, 2.03, 2.03, 2.06, 1.96, 2.00, 2.01, 2.01, 75974, 1.53, 98, -, -
IMAGICAA, EQ, 11-Sep-2026, 53.20, 53.01, 53.15, 51.80, 52.35, 52.33, 52.44, 449274, 235.61, 3532, 227739, 57.65
IMFA, EQ, 11-Sep-2026, 1279.10, 1272.00, 1277.40, 1236.90, 1248.00, 1243.50, 1246.99, 110255, 1374.87, 9445, 58899, 58.33
IMPAL, EQ, 11-Sep-2026, 1127.70, 1108.00, 1134.80, 1105.00, 1116.00, 1113.20, 1111.56, 1166, 12.96, 182, 670, 72.20
IMPEXFERRO, BZ, 11-Sep-2026, 5.08, 5.18, 5.18, 5.18, 5.18, 5.18, 5.18, 85364, 4.42, 54, -, -
INA, EQ, 11-Sep-2026, 93.00, 92.90, 93.95, 90.61, 92.90, 92.98, 92.51, 594093, 549.59, 4762, 274634, 58.67
INCREDIBLE, EQ, 11-Sep-2026, 30.98, 31.92, 34.49, 31.05, 33.90, 33.58, 33.29, 17146, 5.71, 345, 10632, 65.27
INDBANK, EQ, 11-Sep-2026, 27.72, 27.85, 28.45, 27.25, 27.68, 27.64, 27.72, 56742, 15.73, 483, 33894, 68.75
INDGN, EQ, 11-Sep-2026, 577.35, 571.10, 583.25, 570.30, 580.40, 578.35, 576.61, 225658, 1301.16, 13676, 110291, 53.40
INDHOTEL, EQ, 11-Sep-2026, 715.75, 712.75, 720.75, 708.60, 718.50, 718.50, 715.20, 1019599, 7292.16, 25915, 512033, 54.17
INDIACEM, EQ, 11-Sep-2026, 347.95, 347.95, 348.00, 342.55, 347.95, 346.90, 345.31, 65795, 227.20, 3926, 22459, 37.57
INDIAGLYCO, BE, 11-Sep-2026, 310.40, 310.00, 310.00, 294.90, 294.90, 294.90, 297.66, 164145, 488.59, 3256, -, -
INDIAMART, EQ, 11-Sep-2026, 1637.70, 1637.70, 1716.40, 1624.10, 1714.00, 1695.00, 1677.26, 140423, 2355.25, 12198, 70365, 57.79
INDIANB, EQ, 11-Sep-2026, 856.50, 848.95, 859.70, 835.00, 853.50, 853.50, 851.00, 1579708, 13443.30, 35187, 661319, 48.98
INDIANCARD, EQ, 11-Sep-2026, 209.36, 210.01, 212.96, 208.10, 212.78, 212.45, 210.04, 1949, 4.09, 63, 1356, 79.21
INDIANHUME, EQ, 11-Sep-2026, 367.00, 367.00, 375.00, 362.25, 371.55, 369.55, 368.32, 30095, 110.84, 1757, 16139, 63.06
INDIASHLTR, EQ, 11-Sep-2026, 672.15, 674.35, 674.35, 647.00, 657.15, 652.25, 655.51, 81000, 530.97, 8550, 40357, 59.94
INDIGO, EQ, 11-Sep-2026, 4945.00, 4875.00, 4973.00, 4822.00, 4973.00, 4973.00, 4892.17, 923733, 45190.62, 65572, 455795, 53.12
INDIGOPNTS, EQ, 11-Sep-2026, 1077.80, 1075.00, 1094.00, 1059.30, 1083.60, 1089.30, 1076.82, 55830, 601.19, 9253, 18834, 38.25
INDIGRID, IV, 11-Sep-2026, 173.85, 173.31, 174.00, 173.10, 173.99, 173.90, 173.78, 405931, 705.43, 5085, 353794, 88.05
INDIQUBE, EQ, 11-Sep-2026, 205.56, 204.00, 205.10, 199.35, 201.51, 202.87, 201.92, 14391, 29.06, 514, 7538, 58.19
INDNIPPON, EQ, 11-Sep-2026, 1369.00, 1338.60, 1404.00, 1300.00, 1355.00, 1358.90, 1330.30, 274425, 3650.68, 20966, 64792, 26.81
INDOAMIN, BE, 11-Sep-2026, 127.87, 126.10, 128.00, 124.65, 127.95, 126.92, 126.54, 30597, 38.72, 258, -, -
INDOBORAX, EQ, 11-Sep-2026, 483.45, 481.00, 492.45, 465.25, 484.50, 484.55, 479.78, 125334, 601.33, 7024, 39277, 35.84
INDOCO, EQ, 11-Sep-2026, 254.25, 260.00, 276.98, 251.50, 260.10, 263.02, 262.76, 5002402, 13144.17, 72859, 484549, 10.62
INDOFARM, EQ, 11-Sep-2026, 140.32, 140.00, 144.03, 135.83, 140.30, 141.66, 139.14, 131169, 182.51, 2224, 49810, 44.09
INDOKEM, EQ, 11-Sep-2026, 620.45, 617.00, 620.00, 603.00, 620.00, 613.85, 614.81, 3375, 20.75, 166, 1569, 77.03
INDOMIM, EQ, 11-Sep-2026, 1006.55, 995.00, 1024.50, 978.75, 1013.20, 1018.20, 1000.05, 1564591, 15646.68, 50325, 359072, 27.91
INDORAMA, EQ, 11-Sep-2026, 82.93, 83.02, 87.64, 80.00, 86.11, 86.50, 85.19, 1794174, 1528.45, 18588, 525220, 34.02
INDOSTAR, EQ, 11-Sep-2026, 246.89, 245.40, 247.11, 241.68, 243.00, 244.38, 244.79, 52664, 128.92, 1358, 25032, 58.68
INDOTECH, EQ, 11-Sep-2026, 3602.40, 3601.00, 3687.60, 3462.30, 3515.00, 3522.90, 3521.60, 12309, 433.47, 2581, 6627, 60.85
INDOTHAI, EQ, 11-Sep-2026, 43.43, 43.40, 45.49, 41.17, 41.17, 41.17, 43.88, 20200138, 8864.14, 40368, 8704732, 43.27
INDOUS, EQ, 11-Sep-2026, 79.54, 82.00, 82.00, 78.00, 78.20, 78.24, 78.51, 10159, 7.98, 392, 6545, 73.01
INDOWIND, EQ, 11-Sep-2026, 9.08, 9.01, 9.20, 8.91, 9.16, 9.09, 9.08, 122015, 11.08, 367, 68879, 64.61
INDPRUD, EQ, 11-Sep-2026, 6211.50, 6250.00, 6250.00, 6250.00, 6250.00, 6250.00, 6250.00, 2, 0.13, 2, 1, 100.00
INDRAMEDCO, EQ, 11-Sep-2026, 360.00, 345.00, 356.20, 344.10, 355.00, 355.00, 353.05, 185246, 654.01, 7919, 102725, 63.52
INDSWFTLAB, EQ, 11-Sep-2026, 377.50, 375.00, 391.40, 372.30, 389.00, 385.35, 385.31, 565658, 2179.55, 12188, 161114, 31.79
INDTERRAIN, EQ, 11-Sep-2026, 28.68, 28.89, 29.33, 28.65, 28.65, 28.85, 28.83, 6587, 1.90, 127, 4546, 95.95
INDUSINDBK, EQ, 11-Sep-2026, 993.30, 988.70, 988.70, 972.30, 978.20, 978.20, 977.36, 2504608, 24479.06, 45296, 1435961, 62.44
INDUSINVIT, IV, 11-Sep-2026, 132.77, 133.24, 134.00, 132.11, 132.60, 132.57, 133.03, 185420, 246.66, 5491, 132828, 73.83
INDUSTOWER, EQ, 11-Sep-2026, 372.00, 372.00, 390.85, 372.00, 388.00, 388.00, 384.79, 16707001, 64286.14, 155975, 6618823, 41.12
INFINIUM, SM, 11-Sep-2026, 274.00, 260.00, 270.00, 257.00, 266.20, 266.20, 262.63, 6500, 17.07, 13, 3500, 58.33
INFLUX, SM, 11-Sep-2026, 274.80, 275.00, 275.00, 270.00, 271.00, 270.95, 271.67, 8400, 22.82, 14, 4800, 72.73
INFOBEAN, EQ, 11-Sep-2026, 155.20, 155.20, 155.20, 152.91, 155.10, 154.01, 153.72, 153246, 235.57, 1918, 73086, 56.70
INFOLLION, SM, 11-Sep-2026, 153.30, 155.00, 160.00, 154.55, 158.95, 158.05, 157.49, 24400, 38.43, 19, 7200, 100.00
INFOMEDIA, EQ, 11-Sep-2026, 5.23, 4.82, 5.44, 4.82, 5.20, 5.20, 5.07, 18095, 0.92, 53, 8950, 66.02
INFRA, EQ, 11-Sep-2026, 11.96, 11.88, 11.93, 11.80, 11.90, 11.91, 11.83, 127871, 15.13, 270, 118093, 94.33
INFRABEES, EQ, 11-Sep-2026, 944.90, 943.84, 946.69, 934.70, 946.69, 943.65, 940.34, 5078, 47.75, 576, 2846, 64.19
INFRAIETF, EQ, 11-Sep-2026, 93.54, 93.34, 95.50, 93.05, 94.22, 94.18, 93.57, 70908, 66.35, 3594, 39868, 66.05
INFY, EQ, 11-Sep-2026, 1036.50, 1032.00, 1047.30, 1029.70, 1037.70, 1037.70, 1039.69, 6168088, 64129.30, 145206, 3109903, 56.59
INGERRAND, EQ, 11-Sep-2026, 4604.80, 4599.90, 4617.30, 4506.30, 4570.30, 4573.00, 4569.30, 10539, 481.56, 2643, 3629, 39.68
INM, SM, 11-Sep-2026, 156.00, 164.90, 165.00, 164.90, 165.00, 164.95, 164.95, 1200, 1.98, 2, -, -
INNOMET, ST, 11-Sep-2026, 277.50, 271.95, 283.00, 271.95, 283.00, 283.00, 275.41, 63600, 175.16, 71, 57000, 100.00
INNOVACAP, EQ, 11-Sep-2026, 1167.40, 1150.10, 1168.10, 1133.10, 1153.00, 1147.20, 1144.88, 44230, 506.38, 7758, 21660, 54.39
INNOVANA, EQ, 11-Sep-2026, 309.30, 310.80, 334.00, 300.10, 330.55, 327.00, 307.42, 50677, 155.79, 1184, 18537, 38.61
INNOVISION, EQ, 11-Sep-2026, 266.80, 265.00, 265.00, 258.85, 262.45, 260.35, 261.37, 22172, 57.95, 1322, 6752, 38.14
INOXGREEN, EQ, 11-Sep-2026, 178.12, 178.01, 179.50, 171.85, 178.70, 178.21, 176.25, 1096299, 1932.25, 15296, 464371, 55.10
INOXINDIA, EQ, 11-Sep-2026, 2295.80, 2272.00, 2313.40, 2236.90, 2242.50, 2246.60, 2262.38, 245450, 5553.01, 31838, 104013, 45.87
INOXWIND, EQ, 11-Sep-2026, 76.02, 75.50, 76.50, 73.78, 76.50, 76.50, 75.19, 7415115, 5575.36, 24466, 2266472, 34.59
INSECTICID, EQ, 11-Sep-2026, 612.50, 610.00, 619.00, 595.10, 611.00, 609.70, 609.55, 26007, 158.52, 2030, 11565, 52.47
INSPIRE, SM, 11-Sep-2026, 9.50, 9.05, 9.25, 9.05, 9.25, 9.25, 9.12, 6000, 0.55, 3, 2000, 50.00
INSPIRISYS, EQ, 11-Sep-2026, 86.25, 87.00, 87.95, 84.20, 87.30, 85.43, 85.76, 4201, 3.60, 198, 2285, 82.31
INSUREIETF, EQ, 11-Sep-2026, 14.77, 14.75, 14.83, 14.60, 14.83, 14.76, 14.73, 143136, 21.08, 140, 115482, 96.98
INTELLECT, EQ, 11-Sep-2026, 685.05, 680.20, 689.60, 676.60, 684.00, 682.60, 682.44, 280610, 1914.99, 15468, 110088, 46.25
INTENTECH, EQ, 11-Sep-2026, 79.12, 78.50, 80.50, 76.49, 79.29, 78.53, 78.04, 15643, 12.21, 326, 10390, 72.42
INTERARCH, EQ, 11-Sep-2026, 1729.40, 1717.10, 1762.70, 1700.00, 1726.00, 1728.20, 1734.02, 36252, 628.62, 3711, 17714, 52.52
INTERNET, EQ, 11-Sep-2026, 14.59, 14.66, 15.80, 14.44, 14.77, 14.87, 14.64, 266026, 38.95, 235, 142378, 54.98
INTLCONV, EQ, 11-Sep-2026, 77.16, 76.99, 78.88, 76.39, 78.68, 78.27, 77.53, 32019, 24.82, 1441, 16796, 59.27
INVENTURE, EQ, 11-Sep-2026, 0.91, 0.92, 0.94, 0.90, 0.93, 0.92, 0.92, 1362737, 12.47, 327, 396742, 59.85
INVICTA, SM, 11-Sep-2026, 69.00, 69.55, 69.55, 68.00, 68.00, 68.00, 68.78, 3200, 2.20, 2, 1600, 50.00
INVPRECQ, BE, 11-Sep-2026, 1378.30, 1405.80, 1405.80, 1405.80, 1405.80, 1405.80, 1405.80, 4228, 59.44, 31, -, -
IOB, EQ, 11-Sep-2026, 32.86, 32.70, 33.14, 32.54, 33.11, 33.07, 32.96, 1926531, 634.97, 9736, 926434, 55.46
IOC, EQ, 11-Sep-2026, 134.94, 134.00, 136.16, 133.25, 135.11, 135.11, 134.51, 7203039, 9689.04, 43704, 2979698, 46.42
IOLCP, EQ, 11-Sep-2026, 211.43, 210.51, 210.95, 192.00, 195.00, 194.31, 200.06, 5129124, 10261.37, 52560, 1633983, 42.37
IONEXCHANG, EQ, 11-Sep-2026, 435.45, 430.00, 461.00, 426.65, 446.00, 445.70, 449.59, 1336559, 6009.04, 38821, 433968, 34.43
IPCALAB, EQ, 11-Sep-2026, 1970.90, 1975.80, 1995.00, 1958.40, 1964.20, 1968.50, 1975.36, 176417, 3484.87, 27818, 70668, 49.83
IPHL, SM, 11-Sep-2026, 74.40, 74.90, 75.50, 72.00, 75.50, 75.50, 73.59, 20400, 15.01, 17, 16800, 82.35
IPL, EQ, 11-Sep-2026, 135.74, 134.52, 135.65, 133.30, 133.65, 133.69, 133.76, 100420, 134.32, 1708, 30874, 66.25
IPRINGLTD, EQ, 11-Sep-2026, 147.85, 147.00, 150.50, 138.00, 145.05, 145.87, 143.85, 2231, 3.21, 39, 1910, 89.34
IRB, EQ, 11-Sep-2026, 19.91, 19.79, 19.79, 19.35, 19.68, 19.64, 19.54, 8984467, 1755.33, 17055, 2665280, 35.07
IRBINVIT, IV, 11-Sep-2026, 64.12, 64.35, 64.40, 63.90, 64.25, 64.16, 64.16, 235705, 151.23, 3689, 170293, 79.45
IRCON, EQ, 11-Sep-2026, 115.21, 114.90, 114.90, 112.55, 113.35, 113.26, 113.05, 1556241, 1759.36, 24043, 647113, 46.51
IRCTC, EQ, 11-Sep-2026, 467.75, 467.00, 467.15, 462.15, 463.70, 462.90, 463.35, 604286, 2799.94, 29575, 293609, 57.37
IREDA, EQ, 11-Sep-2026, 113.32, 112.27, 112.57, 111.31, 111.71, 111.71, 111.80, 3342411, 3736.72, 23115, 1023226, 33.34
IRFC, EQ, 11-Sep-2026, 81.08, 80.95, 81.09, 80.10, 81.09, 81.09, 80.57, 8029026, 6469.17, 40596, 3482007, 47.94
IRIS, EQ, 11-Sep-2026, 249.08, 246.07, 249.00, 243.85, 244.00, 245.39, 246.35, 12982, 31.98, 504, 8894, 76.59
IRISDOREME, EQ, 11-Sep-2026, 62.29, 62.60, 62.84, 60.90, 61.97, 61.47, 61.70, 437736, 270.09, 2587, 198528, 48.43
IRMENERGY, EQ, 11-Sep-2026, 281.25, 281.20, 284.90, 274.30, 281.00, 280.25, 277.48, 57018, 158.21, 2367, 27100, 56.49
ISFT, EQ, 11-Sep-2026, 81.17, 81.78, 81.78, 78.15, 78.26, 79.48, 79.74, 118688, 94.65, 840, 6661, 5.81
ISGEC, EQ, 11-Sep-2026, 810.15, 821.00, 821.00, 792.00, 799.20, 795.95, 799.30, 47204, 377.30, 4729, 18500, 48.15
ISHAN, SM, 11-Sep-2026, 0.50, 0.50, 0.50, 0.50, 0.50, 0.50, 0.50, 48000, 0.24, 1, 48000, 100.00
ISHANCH, EQ, 11-Sep-2026, 44.82, 45.44, 45.44, 42.99, 44.90, 44.84, 44.09, 15039, 6.63, 250, 8544, 61.87
ISTLTD, EQ, 11-Sep-2026, 661.00, 650.00, 678.00, 637.00, 642.00, 662.20, 653.66, 625, 4.09, 89, 262, 97.76
IT, EQ, 11-Sep-2026, 32.06, 32.03, 32.34, 31.95, 32.06, 32.13, 32.18, 281406, 90.57, 1374, 111879, 41.52
ITADD, EQ, 11-Sep-2026, 30.59, 30.63, 30.87, 30.59, 30.62, 30.75, 30.78, 8717, 2.68, 54, 5093, 80.07
ITALIANE, SM, 11-Sep-2026, 30.85, 29.85, 31.00, 29.35, 31.00, 31.00, 29.93, 12000, 3.59, 6, 8000, 80.00
ITAXIS, EQ, 11-Sep-2026, 317.69, 317.73, 320.98, 317.73, 320.98, 320.94, 319.31, 1947, 6.22, 38, 974, 56.30
ITBEES, EQ, 11-Sep-2026, 32.06, 32.10, 32.38, 31.99, 32.26, 32.17, 32.21, 7008652, 2257.70, 16025, 3212270, 51.78
ITBETA, EQ, 11-Sep-2026, 309.14, 302.00, 308.00, 299.48, 308.00, 305.42, 305.07, 713, 2.18, 30, 571, 81.92
ITC, EQ, 11-Sep-2026, 259.30, 258.00, 261.65, 257.70, 259.85, 259.85, 260.46, 11116049, 28953.00, 119199, 5735433, 58.39
ITCHOTELS, EQ, 11-Sep-2026, 154.13, 153.85, 154.50, 152.61, 154.49, 153.69, 153.29, 1693876, 2596.58, 32628, 880528, 56.73
ITDC, EQ, 11-Sep-2026, 664.60, 679.95, 730.00, 674.70, 686.50, 690.85, 703.68, 3431057, 24143.70, 102819, 260452, 7.87
ITETF, EQ, 11-Sep-2026, 30.56, 31.17, 31.17, 30.51, 30.72, 30.74, 30.75, 182890, 56.25, 553, 74264, 42.30
ITI, EQ, 11-Sep-2026, 263.50, 261.40, 264.00, 258.45, 263.00, 262.85, 260.91, 134104, 349.90, 4423, 48868, 46.65
ITIETF, EQ, 11-Sep-2026, 32.09, 32.19, 32.42, 32.03, 32.40, 32.26, 32.25, 467820, 150.89, 1374, 262790, 60.50
ITL, EQ, 11-Sep-2026, 368.30, 368.30, 371.90, 359.00, 369.10, 369.25, 368.31, 3944, 14.53, 74, 3585, 93.41
IVALUE, EQ, 11-Sep-2026, 226.62, 227.00, 229.27, 219.60, 225.50, 223.35, 222.53, 119413, 265.73, 3599, 58469, 65.95
IVC, EQ, 11-Sep-2026, 9.68, 9.57, 9.57, 9.05, 9.15, 9.11, 9.25, 1429459, 132.25, 2695, 803537, 80.03
IVP, BE, 11-Sep-2026, 219.01, 216.00, 216.00, 208.06, 212.00, 214.47, 210.55, 15176, 31.95, 143, -, -
IVZBANKNF, EQ, 11-Sep-2026, 56.22, 56.20, 56.20, 55.78, 55.85, 55.85, 55.94, 357, 0.20, 16, 355, 99.44
IVZINGOLD, EQ, 11-Sep-2026, 133.25, 132.40, 132.50, 130.15, 132.50, 131.90, 131.67, 76066, 100.15, 405, 19004, 84.45
IVZINNIFTY, EQ, 11-Sep-2026, 269.07, 266.53, 269.40, 266.53, 269.40, 269.29, 268.36, 1110, 2.98, 34, 408, 49.16
IVZSENSEX, EQ, 11-Sep-2026, 74.64, 75.95, 76.81, 74.27, 75.01, 75.01, 74.76, 685, 0.51, 23, 663, 96.79
IWARE, ST, 11-Sep-2026, 455.50, 445.00, 448.00, 440.50, 441.10, 441.60, 443.32, 10200, 45.22, 16, 5400, 100.00
IWP, EQ, 11-Sep-2026, 34.27, 33.58, 35.28, 33.58, 34.40, 34.41, 34.26, 6626, 2.27, 68, 3840, 83.82
IXIGO, EQ, 11-Sep-2026, 161.92, 159.24, 161.27, 157.27, 158.71, 158.63, 158.64, 1167601, 1852.30, 35932, 458160, 49.06
IZMO, EQ, 11-Sep-2026, 900.20, 895.00, 916.80, 866.40, 910.50, 906.80, 889.42, 117769, 1047.47, 7972, 37424, 36.11
J&KBANK, EQ, 11-Sep-2026, 145.77, 145.20, 146.65, 142.80, 145.69, 145.27, 144.91, 1131898, 1640.28, 18489, 459749, 43.44
JAGRAN, EQ, 11-Sep-2026, 62.01, 62.02, 62.56, 61.50, 62.23, 62.09, 62.11, 143137, 88.90, 1573, 88440, 66.57
JAGSNPHARM, EQ, 11-Sep-2026, 232.99, 229.21, 234.60, 228.01, 233.35, 232.89, 231.82, 51421, 119.20, 2909, 24103, 52.24
JAIBALAJI, EQ, 11-Sep-2026, 67.53, 67.10, 67.41, 64.33, 65.43, 65.07, 65.05, 934174, 607.67, 4458, 503761, 58.57
JAICORPLTD, EQ, 11-Sep-2026, 96.84, 96.00, 96.59, 94.90, 95.97, 95.73, 95.55, 285725, 273.02, 3439, 144818, 59.07
JAINAM, SM, 11-Sep-2026, 224.00, 213.50, 216.00, 213.50, 216.00, 216.00, 215.17, 1500, 3.23, 3, 1500, 100.00
JAINIK, ST, 11-Sep-2026, 213.00, 206.00, 212.85, 202.35, 202.35, 202.35, 203.86, 20400, 41.59, 17, 14400, 92.31
JAINREC, EQ, 11-Sep-2026, 291.45, 290.00, 291.15, 282.70, 284.50, 284.70, 285.47, 807025, 2303.81, 17055, 301279, 42.04
JAIPURKURT, EQ, 11-Sep-2026, 25.03, 25.99, 25.99, 24.70, 25.02, 25.57, 25.48, 1576, 0.40, 41, 542, 93.77
JAMNAAUTO, EQ, 11-Sep-2026, 131.86, 132.50, 137.33, 131.27, 135.98, 135.46, 134.76, 6244729, 8415.09, 65606, 2337375, 40.48
JARO, EQ, 11-Sep-2026, 456.25, 453.50, 460.00, 446.25, 452.40, 454.05, 453.43, 93689, 424.81, 2375, 16529, 18.99
JASH, EQ, 11-Sep-2026, 521.45, 520.40, 520.40, 509.55, 515.00, 514.05, 514.01, 90550, 465.43, 4314, 50018, 58.58
JAYAGROGN, EQ, 11-Sep-2026, 258.18, 257.00, 257.00, 239.09, 243.90, 244.13, 244.89, 47854, 117.19, 1643, 20431, 48.13
JAYBARMARU, EQ, 11-Sep-2026, 117.53, 115.00, 120.00, 114.84, 116.94, 116.58, 117.34, 333020, 390.76, 3906, 159968, 58.76
JAYBEE, SM, 11-Sep-2026, 87.90, 87.05, 87.05, 83.70, 83.70, 83.70, 85.42, 27500, 23.49, 41, 24500, 90.74
JAYESH, SM, 11-Sep-2026, 135.00, 135.00, 138.00, 130.00, 130.10, 130.75, 131.32, 21000, 27.58, 13, 6000, 66.67
JAYKAY, EQ, 11-Sep-2026, 165.09, 165.09, 168.00, 160.22, 167.00, 165.32, 163.44, 256432, 419.10, 4019, 105976, 51.83
JAYKAY-RE1, BE, 11-Sep-2026, 87.62, 86.10, 88.75, 82.86, 88.00, 87.07, 85.73, 60057, 51.49, 431, -, -
JAYNECOIND, EQ, 11-Sep-2026, 91.29, 90.20, 91.26, 89.00, 89.70, 89.97, 90.03, 2973675, 2677.07, 21337, 1272434, 49.21
JAYSREETEA, EQ, 11-Sep-2026, 95.08, 93.88, 94.60, 92.02, 92.60, 92.90, 93.40, 51691, 48.28, 820, 25410, 58.41
JBMA, EQ, 11-Sep-2026, 604.25, 604.00, 633.45, 594.00, 618.00, 620.30, 618.97, 857400, 5307.03, 39555, 197867, 29.33
JENBURPH, EQ, 11-Sep-2026, 1026.80, 1020.00, 1034.80, 998.60, 1010.00, 1003.90, 1015.41, 1783, 18.10, 146, 1301, 94.96
JETFREIGHT, EQ, 11-Sep-2026, 20.20, 20.20, 20.70, 19.70, 19.73, 20.07, 20.15, 180744, 36.42, 610, 119992, 82.12
JEYYAM, ST, 11-Sep-2026, 21.00, 20.90, 21.10, 20.55, 20.70, 20.90, 20.96, 36000, 7.55, 10, 26000, 92.86
JGCHEM, EQ, 11-Sep-2026, 595.00, 591.85, 595.10, 575.60, 594.60, 592.05, 586.36, 335069, 1964.70, 15104, 112100, 36.37
JHS, EQ, 11-Sep-2026, 8.03, 8.38, 9.21, 7.91, 8.58, 8.43, 8.68, 305861, 26.56, 1045, 146400, 49.76
JINDALPHOT, EQ, 11-Sep-2026, 1001.60, 980.40, 1019.50, 980.40, 1001.10, 1010.90, 993.99, 1935, 19.23, 263, 1241, 69.45
JINDALPOLY, EQ, 11-Sep-2026, 677.30, 670.00, 693.75, 670.00, 670.55, 671.30, 678.75, 9891, 67.13, 726, 3321, 39.34
JINDALSAW, EQ, 11-Sep-2026, 317.50, 316.00, 316.00, 305.05, 313.00, 311.95, 310.52, 1875374, 5823.49, 36882, 784000, 44.78
JINDALSTEL, EQ, 11-Sep-2026, 1137.00, 1111.00, 1122.00, 1058.00, 1120.50, 1120.50, 1113.24, 549857, 6121.23, 23448, 124806, 25.46
JINDRILL, EQ, 11-Sep-2026, 654.20, 666.65, 697.00, 630.25, 637.70, 633.25, 666.21, 2159907, 14389.48, 72051, 380288, 18.91
JINDWORLD, EQ, 11-Sep-2026, 55.64, 54.70, 55.50, 52.01, 53.00, 52.88, 53.27, 14626067, 7791.09, 32108, 2568736, 19.81
JIOFIN, EQ, 11-Sep-2026, 230.25, 228.70, 231.37, 226.44, 229.90, 229.90, 228.12, 22102551, 50421.16, 102565, 10244224, 50.88
JISLDVREQS, EQ, 11-Sep-2026, 20.84, 20.83, 21.39, 20.33, 20.70, 20.76, 20.68, 10008, 2.07, 138, 5711, 64.74
JISLJALEQS, EQ, 11-Sep-2026, 30.02, 29.70, 29.94, 28.97, 29.78, 29.71, 29.52, 2167782, 639.85, 6200, 1175626, 60.90
JITFINFRA, EQ, 11-Sep-2026, 300.95, 295.00, 303.75, 287.00, 292.90, 290.35, 292.40, 32081, 93.81, 1173, 16534, 67.73
JIWANRAM, SM, 11-Sep-2026, 4.30, 4.40, 4.40, 4.30, 4.30, 4.30, 4.35, 12000, 0.52, 2, 6000, 100.00
JKCEMENT, EQ, 11-Sep-2026, 4915.50, 4900.00, 4909.50, 4813.00, 4846.00, 4843.50, 4844.70, 54957, 2662.50, 13270, 15398, 49.40
JKIL, EQ, 11-Sep-2026, 483.40, 481.70, 481.75, 475.00, 475.00, 475.85, 477.29, 37901, 180.90, 2017, 19724, 67.52
JKIPL, EQ, 11-Sep-2026, 91.60, 92.03, 92.90, 89.42, 91.75, 91.64, 90.79, 22555, 20.48, 439, 15235, 71.02
JKLAKSHMI, EQ, 11-Sep-2026, 505.90, 498.00, 509.75, 496.10, 505.75, 505.90, 505.26, 74863, 378.25, 6187, 27779, 43.31
JKPAPER, EQ, 11-Sep-2026, 415.15, 411.85, 418.85, 406.80, 414.35, 414.25, 413.59, 395550, 1635.94, 11689, 154672, 47.31
JKTYRE, EQ, 11-Sep-2026, 357.65, 355.65, 355.65, 350.25, 355.00, 353.95, 353.24, 331201, 1169.93, 15113, 140498, 47.83
JLHL, EQ, 11-Sep-2026, 281.00, 277.55, 285.05, 277.30, 279.20, 279.15, 279.55, 78427, 219.24, 2667, 40534, 56.72
JMA, EQ, 11-Sep-2026, 95.51, 95.99, 95.99, 91.35, 94.30, 93.22, 93.21, 14169, 13.21, 245, 7200, 62.99
JMFINANCIL, EQ, 11-Sep-2026, 127.24, 125.50, 125.94, 123.20, 124.98, 124.47, 124.40, 2358523, 2934.10, 30866, 1015976, 48.72
JNKINDIA, EQ, 11-Sep-2026, 428.85, 425.05, 433.90, 416.85, 428.00, 422.40, 421.51, 61081, 257.47, 2426, 31150, 68.46
JNPR, EQ, 11-Sep-2026, 259.05, 259.00, 269.30, 254.85, 265.90, 265.35, 264.81, 773789, 2049.06, 18455, 255100, 35.70
JOCIL, EQ, 11-Sep-2026, 149.87, 150.61, 150.80, 143.10, 150.75, 149.89, 146.62, 8542, 12.52, 248, 3500, 41.88
JPOLYINVST, EQ, 11-Sep-2026, 996.70, 997.00, 997.00, 984.05, 991.00, 989.50, 988.43, 822, 8.12, 220, 435, 59.35
JPPOWER, EQ, 11-Sep-2026, 16.23, 16.20, 16.20, 15.95, 16.10, 16.02, 16.02, 34693775, 5557.91, 279406, 15276888, 48.35
JSFB, EQ, 11-Sep-2026, 514.75, 510.00, 520.65, 484.85, 518.50, 516.85, 501.39, 1255413, 6294.47, 44639, 411785, 35.04
JSL, EQ, 11-Sep-2026, 762.15, 754.55, 766.50, 741.00, 755.65, 756.10, 758.85, 1619515, 12289.76, 60283, 872886, 60.31
JSLL, EQ, 11-Sep-2026, 518.30, 516.00, 516.70, 507.00, 512.00, 511.85, 511.91, 342560, 1753.60, 13045, 168293, 55.41
JSWCEMENT, EQ, 11-Sep-2026, 120.77, 120.50, 120.74, 118.40, 118.66, 118.87, 119.18, 1784827, 2127.19, 31914, 869025, 61.95
JSWDULUX, EQ, 11-Sep-2026, 3179.70, 3164.50, 3172.00, 3143.10, 3154.50, 3155.10, 3153.62, 31176, 983.17, 5397, 15652, 69.13
JSWENERGY, EQ, 11-Sep-2026, 530.45, 527.00, 527.00, 522.75, 526.45, 526.45, 525.01, 583365, 3062.73, 17131, 239372, 51.97
JSWHL, EQ, 11-Sep-2026, 11444.00, 11444.00, 11649.00, 11213.00, 11500.00, 11449.00, 11438.28, 2996, 342.69, 1266, 966, 35.71
JSWINFRA, EQ, 11-Sep-2026, 342.45, 339.25, 344.10, 335.75, 343.90, 343.15, 340.70, 2957954, 10077.85, 57552, 1524884, 55.56
JSWSTEEL, EQ, 11-Sep-2026, 1304.00, 1281.00, 1286.90, 1265.00, 1265.00, 1265.00, 1276.23, 1580944, 20176.53, 68065, 756071, 53.87
JTEKTINDIA, EQ, 11-Sep-2026, 119.93, 120.29, 121.25, 118.52, 121.25, 120.55, 119.86, 79648, 95.46, 1385, 30951, 44.11
JTLIND, EQ, 11-Sep-2026, 89.60, 88.80, 89.39, 86.40, 88.51, 88.68, 88.14, 2156849, 1901.10, 14722, 761652, 39.46
JUBLCPL, EQ, 11-Sep-2026, 2101.00, 2090.00, 2142.00, 2041.00, 2122.60, 2105.80, 2094.82, 7884, 165.16, 1275, 4570, 64.98
JUBLFOOD, EQ, 11-Sep-2026, 473.80, 470.60, 472.85, 465.65, 470.25, 470.25, 469.28, 354487, 1663.55, 11647, 101872, 33.96
JUBLINGREA, EQ, 11-Sep-2026, 666.60, 664.00, 666.80, 651.40, 655.00, 658.40, 657.63, 313699, 2062.97, 14241, 182420, 66.56
JUBLPHARMA, EQ, 11-Sep-2026, 1025.65, 1020.00, 1034.15, 1006.30, 1025.10, 1025.20, 1018.51, 230939, 2352.14, 20203, 115502, 55.03
JUNIORBEES, EQ, 11-Sep-2026, 785.79, 787.30, 787.30, 773.50, 784.76, 781.96, 777.72, 470922, 3662.46, 11072, 290839, 66.16
JUNIPER, EQ, 11-Sep-2026, 227.39, 227.39, 228.00, 220.23, 222.65, 221.12, 222.99, 163779, 365.21, 5255, 75581, 52.99
JUSTDIAL, EQ, 11-Sep-2026, 668.75, 656.30, 669.90, 656.30, 669.90, 665.55, 664.54, 97065, 645.04, 5146, 32157, 50.49
JWL, EQ, 11-Sep-2026, 241.56, 240.06, 240.25, 237.72, 239.94, 239.58, 239.19, 394239, 942.98, 11307, 163153, 47.21
JYOTHYLAB, EQ, 11-Sep-2026, 195.65, 195.70, 196.61, 194.00, 195.10, 195.06, 195.16, 394200, 769.31, 8378, 183239, 56.07
JYOTICNC, EQ, 11-Sep-2026, 1003.90, 994.00, 998.60, 966.00, 989.00, 985.00, 981.48, 692249, 6794.30, 31223, 251188, 41.80
JYOTIGLOBL, SM, 11-Sep-2026, 47.55, 47.05, 48.00, 47.00, 47.45, 47.45, 47.38, 38000, 18.00, 17, 30000, 78.95
JYOTIRES, EQ, 11-Sep-2026, 875.90, 868.00, 878.95, 860.00, 865.00, 867.85, 866.60, 7907, 68.52, 1152, 3779, 59.13
JYOTISTRUC, EQ, 11-Sep-2026, 9.98, 9.95, 9.97, 9.55, 9.73, 9.69, 9.77, 7294287, 712.51, 6597, 4346795, 66.38
K2INFRA, ST, 11-Sep-2026, 47.55, 48.00, 48.20, 46.15, 47.05, 47.15, 47.41, 8400, 3.98, 12, 6600, 91.67
KABRAEXTRU, EQ, 11-Sep-2026, 707.55, 710.00, 733.00, 690.60, 725.00, 723.15, 717.96, 479794, 3444.73, 22195, 125975, 30.10
KAJARIACER, EQ, 11-Sep-2026, 1243.90, 1245.00, 1245.00, 1215.30, 1228.80, 1226.40, 1226.06, 88820, 1088.99, 11118, 41721, 59.02
KAKATCEM, EQ, 11-Sep-2026, 109.42, 109.00, 110.80, 107.50, 108.00, 109.57, 108.54, 1851, 2.01, 54, 1374, 75.70
KALAMANDIR, EQ, 11-Sep-2026, 83.64, 83.64, 83.64, 82.05, 82.50, 82.57, 82.55, 345687, 285.38, 2753, 159238, 57.26
KALANA, SM, 11-Sep-2026, 19.95, 19.00, 19.25, 19.00, 19.25, 19.25, 19.04, 18000, 3.43, 9, 14000, 87.50
KALPATARU, EQ, 11-Sep-2026, 267.40, 267.40, 267.90, 263.10, 265.50, 266.25, 265.60, 41966, 111.46, 1063, 20040, 54.68
KALYANIFRG, BE, 11-Sep-2026, 973.20, 990.00, 1021.85, 930.05, 1021.85, 1021.65, 993.77, 8554, 85.01, 464, -, -
KALYANKJIL, EQ, 11-Sep-2026, 615.20, 609.50, 610.00, 589.05, 601.15, 601.15, 597.48, 6340796, 37885.29, 76731, 1562715, 26.72
KAMAHOLD, EQ, 11-Sep-2026, 2285.00, 2241.10, 2303.50, 2241.10, 2267.00, 2273.50, 2270.79, 2654, 60.27, 570, 1757, 72.93
KAMANWALA, EQ, 11-Sep-2026, 17.02, 17.50, 17.50, 16.27, 17.47, 17.46, 17.40, 2767, 0.48, 31, 761, 99.22
KAMATHOTEL, EQ, 11-Sep-2026, 224.68, 223.00, 225.77, 220.21, 225.00, 224.20, 223.72, 38878, 86.98, 1664, 15478, 52.72
KAMDHENU, BE, 11-Sep-2026, 39.22, 40.00, 40.00, 37.65, 39.45, 39.09, 38.57, 860023, 331.72, 2403, -, -
KAMOPAINTS, EQ, 11-Sep-2026, 4.29, 4.40, 4.40, 4.29, 4.32, 4.33, 4.33, 105351, 4.56, 510, 82946, 86.53
KANANIIND, EQ, 11-Sep-2026, 1.51, 1.51, 1.54, 1.31, 1.50, 1.50, 1.48, 251370, 3.72, 265, 154925, 71.78
KANCHI, EQ, 11-Sep-2026, 403.75, 396.00, 397.00, 383.60, 390.75, 390.75, 388.32, 2129, 8.27, 206, 1333, 64.02
KANCOTEA, EQ, 11-Sep-2026, 52.29, 52.29, 52.29, 52.29, 52.29, 52.29, 52.29, 1, 0.00, 1, 1, 100.00
KANDARP, SM, 11-Sep-2026, 71.90, 68.35, 74.45, 68.35, 71.30, 72.85, 69.44, 22000, 15.28, 21, 16000, 80.00
KANORICHEM, BE, 11-Sep-2026, 175.14, 180.99, 180.99, 166.39, 167.13, 169.64, 170.33, 85705, 145.99, 982, -, -
KANPRPLA, EQ, 11-Sep-2026, 251.70, 248.05, 277.45, 247.50, 265.00, 264.60, 266.63, 72663, 193.74, 3636, 25109, 37.49
KANSAINER, EQ, 11-Sep-2026, 191.11, 189.39, 189.54, 187.30, 188.79, 188.60, 188.06, 119478, 224.69, 4220, 52485, 52.33
KAPSTON, EQ, 11-Sep-2026, 584.95, 584.95, 597.85, 578.55, 589.65, 588.20, 587.09, 63762, 374.34, 2572, 31361, 52.78
KARMAENG, EQ, 11-Sep-2026, 37.88, 38.25, 39.99, 37.25, 39.90, 39.63, 39.13, 9768, 3.82, 178, 4940, 77.09
KARNIKA, SM, 11-Sep-2026, 120.50, 118.00, 122.65, 117.50, 120.00, 119.25, 119.56, 34000, 40.65, 19, 28000, 90.32
KARURVYSYA, EQ, 11-Sep-2026, 335.30, 336.05, 336.05, 330.45, 335.40, 333.80, 333.06, 987355, 3288.50, 33169, 370115, 48.49
KATARIA, SM, 11-Sep-2026, 139.00, 131.00, 140.00, 131.00, 140.00, 138.95, 136.99, 10800, 14.80, 15, 3600, 100.00
KAUSHALYA, BE, 11-Sep-2026, 840.55, 840.00, 840.00, 822.00, 822.00, 825.20, 833.20, 286, 2.38, 36, -, -
KAVDEFENCE, EQ, 11-Sep-2026, 74.77, 72.41, 73.80, 68.20, 69.37, 69.33, 70.89, 1320997, 936.46, 15202, 513137, 41.94
KAYA, BE, 11-Sep-2026, 338.05, 333.00, 337.00, 323.00, 332.90, 331.70, 330.90, 6333, 20.96, 149, -, -
KAYNES, EQ, 11-Sep-2026, 3499.00, 3475.00, 3550.00, 3433.40, 3505.00, 3505.00, 3462.54, 555805, 19244.95, 45333, 132389, 26.48
KCEIL, SM, 11-Sep-2026, 78.10, 79.80, 79.90, 75.05, 75.05, 76.05, 76.77, 9500, 7.29, 16, 3000, 75.00
KCK, ST, 11-Sep-2026, 14.40, 14.20, 14.65, 13.85, 14.65, 14.65, 14.18, 15000, 2.13, 6, 12500, 83.33
KCP, EQ, 11-Sep-2026, 162.21, 163.15, 163.15, 160.05, 163.00, 162.40, 161.23, 88951, 143.41, 1241, 52721, 61.09
KCPSUGIND, BE, 11-Sep-2026, 31.82, 31.98, 31.98, 31.00, 31.00, 31.09, 31.32, 65819, 20.61, 273, -, -
KDDL, EQ, 11-Sep-2026, 3891.40, 3894.90, 3955.80, 3835.00, 3867.80, 3881.90, 3891.91, 20482, 797.14, 4067, 8007, 50.98
KDGREEN, EQ, 11-Sep-2026, 50.14, 50.00, 51.14, 47.95, 49.20, 49.09, 49.05, 20263, 9.94, 286, 10231, 67.10
KDL, SM, 11-Sep-2026, 86.60, 91.40, 95.25, 87.70, 93.00, 93.45, 92.13, 30300, 27.92, 147, 21000, 72.16
KEC, EQ, 11-Sep-2026, 413.45, 411.00, 411.00, 404.10, 406.00, 406.40, 406.94, 608964, 2478.10, 19801, 269535, 48.46
KECL, EQ, 11-Sep-2026, 126.36, 125.00, 129.40, 120.35, 123.55, 124.21, 124.35, 152390, 189.50, 3605, 42804, 29.92
KEEPLEARN, EQ, 11-Sep-2026, 1.89, 1.89, 1.92, 1.82, 1.85, 1.89, 1.89, 18438, 0.35, 86, 10544, 78.98
KEI, EQ, 11-Sep-2026, 4640.00, 4599.00, 4599.00, 4447.00, 4578.00, 4578.00, 4500.55, 1138228, 51226.55, 68636, 535644, 49.83
KELLTONTEC, EQ, 11-Sep-2026, 13.51, 13.45, 15.19, 13.35, 13.82, 13.77, 14.16, 9142272, 1294.47, 20260, 1712931, 20.61
KEN, SM, 11-Sep-2026, 38.70, 38.70, 38.70, 38.70, 38.70, 38.70, 38.70, 2400, 0.93, 2, 2400, 100.00
KENNAMET, EQ, 11-Sep-2026, 5027.90, 5000.00, 5000.00, 4660.00, 4680.00, 4682.40, 4764.04, 70326, 3350.36, 13405, 40202, 63.14
KERNEX, EQ, 11-Sep-2026, 1709.50, 1709.20, 1750.00, 1673.10, 1738.00, 1732.10, 1710.34, 144751, 2475.73, 12435, 49720, 39.14
KESORAMIND, BE, 11-Sep-2026, 11.78, 12.00, 12.01, 12.00, 12.01, 12.01, 12.00, 964628, 115.80, 275, -, -
KEYFINSERV, EQ, 11-Sep-2026, 242.95, 249.95, 249.95, 238.00, 239.15, 239.20, 243.22, 800, 1.95, 75, 394, 52.74
KFINTECH, EQ, 11-Sep-2026, 899.00, 893.00, 904.70, 882.40, 900.00, 900.00, 894.47, 622342, 5566.64, 19918, 252737, 44.27
KHADIM, BE, 11-Sep-2026, 123.08, 125.54, 125.54, 121.01, 121.01, 121.01, 124.92, 28736, 35.90, 121, -, -
KHAICHEM, EQ, 11-Sep-2026, 52.68, 52.68, 55.55, 51.22, 54.00, 54.03, 54.02, 402804, 217.61, 2500, 172970, 59.34
KHAITANLTD, EQ, 11-Sep-2026, 159.12, 158.40, 165.00, 154.40, 164.90, 162.51, 159.21, 2808, 4.47, 147, 1543, 71.30
KHANDSE, EQ, 11-Sep-2026, 16.97, 17.49, 17.49, 16.50, 17.24, 17.10, 17.09, 620, 0.11, 49, 244, 91.04
KHFM, SM, 11-Sep-2026, 42.85, 42.85, 43.90, 41.30, 43.40, 43.40, 42.37, 15500, 6.57, 10, 12400, 80.00
KICL, EQ, 11-Sep-2026, 5083.50, 5065.00, 5083.00, 5014.00, 5020.50, 5040.50, 5043.93, 524, 26.43, 129, 311, 74.40
KILITCH, BE, 11-Sep-2026, 185.03, 185.03, 189.90, 180.00, 185.00, 185.97, 185.30, 22611, 41.90, 191, -, -
KIMS, EQ, 11-Sep-2026, 772.80, 773.95, 776.85, 761.75, 767.50, 768.95, 768.97, 127766, 982.48, 12868, 54912, 48.68
KINGFA, EQ, 11-Sep-2026, 6227.50, 6215.00, 6240.00, 6087.00, 6215.00, 6197.00, 6171.95, 15424, 951.96, 5557, 7100, 49.72
KIOCL, EQ, 11-Sep-2026, 367.90, 365.35, 365.35, 354.30, 356.85, 355.90, 358.50, 142628, 511.33, 5096, 75374, 62.34
KIRANVYPAR, EQ, 11-Sep-2026, 206.99, 204.45, 209.89, 203.99, 207.02, 207.02, 206.75, 2019, 4.17, 66, 1599, 82.04
KIRIINDUS, EQ, 11-Sep-2026, 523.10, 518.80, 541.00, 512.10, 534.40, 537.35, 529.16, 1067749, 5650.13, 22559, 364258, 40.79
KIRLFER, EQ, 11-Sep-2026, 466.10, 465.00, 468.40, 458.85, 464.95, 465.10, 464.08, 91717, 425.64, 3724, 48570, 63.97
KIRLOSBROS, EQ, 11-Sep-2026, 1818.30, 1805.10, 1811.20, 1771.00, 1790.00, 1784.00, 1796.21, 56553, 1015.81, 6380, 32294, 61.21
KIRLOSENG, EQ, 11-Sep-2026, 2209.00, 2229.90, 2230.00, 2155.70, 2170.00, 2168.60, 2187.94, 316085, 6915.74, 27997, 135663, 47.12
KIRLOSIND, EQ, 11-Sep-2026, 3576.80, 3575.00, 4055.00, 3562.30, 3835.00, 3828.30, 3914.11, 639315, 25023.51, 68233, 39470, 6.46
KIRLPNU, EQ, 11-Sep-2026, 719.70, 715.05, 726.40, 706.40, 719.00, 719.90, 717.53, 115300, 827.31, 7862, 51581, 49.86
KISSHT, EQ, 11-Sep-2026, 333.90, 330.00, 336.20, 324.50, 328.00, 328.70, 330.16, 1596936, 5272.38, 41919, 812158, 55.05
KITEX, EQ, 11-Sep-2026, 125.65, 125.00, 125.40, 123.60, 123.95, 123.87, 124.00, 247724, 307.17, 2603, 104287, 49.06
KJMCFIN, EQ, 11-Sep-2026, 61.58, 61.58, 62.50, 60.03, 60.34, 60.51, 60.69, 1605, 0.97, 80, 1196, 79.79
KKCL, EQ, 11-Sep-2026, 501.70, 505.95, 505.95, 492.15, 495.50, 494.90, 496.32, 45845, 227.54, 1867, 27429, 85.42
KKJEWELS, SM, 11-Sep-2026, 101.25, 101.20, 101.20, 99.00, 99.00, 99.00, 100.47, 3000, 3.01, 3, 2000, 100.00
KKVAPOW, SM, 11-Sep-2026, 350.40, 364.00, 364.00, 364.00, 364.00, 364.00, 364.00, 171, 0.62, 1, 171, 100.00
KLBRENG-B, EQ, 11-Sep-2026, 477.40, 477.05, 490.00, 465.70, 488.00, 486.95, 479.69, 237994, 1141.63, 6916, 117312, 57.29
KLL, SM, 11-Sep-2026, 23.30, 23.20, 24.80, 23.20, 24.70, 24.55, 24.32, 12000, 2.92, 15, 6400, 72.73
KMCSHIL, EQ, 11-Sep-2026, 137.45, 137.45, 139.31, 134.75, 138.50, 138.47, 136.73, 161203, 220.41, 2416, 51771, 35.08
KMEW, EQ, 11-Sep-2026, 2915.60, 2904.90, 2950.80, 2812.10, 2880.90, 2869.20, 2858.05, 93353, 2668.08, 16217, 32709, 37.67
KMSUGAR, EQ, 11-Sep-2026, 30.10, 30.10, 31.23, 29.50, 30.10, 30.41, 30.33, 222197, 67.39, 1431, 81380, 42.46
KNACK, EQ, 11-Sep-2026, 186.96, 185.74, 185.74, 181.51, 182.90, 183.27, 183.07, 429457, 786.22, 6569, 201956, 53.54
KNAGRI, EQ, 11-Sep-2026, 195.02, 197.00, 197.90, 192.75, 193.05, 193.74, 194.18, 9965, 19.35, 141, 8975, 90.76
KNRCON, EQ, 11-Sep-2026, 123.68, 123.11, 126.54, 119.61, 125.70, 125.66, 122.89, 2245207, 2759.13, 21347, 769803, 40.40
KODYTECH, ST, 11-Sep-2026, 1475.70, 1450.00, 1490.00, 1426.00, 1470.00, 1470.00, 1450.57, 4900, 71.08, 42, 4500, 95.74
KOHINOOR, EQ, 11-Sep-2026, 30.17, 30.00, 31.20, 28.72, 31.20, 30.85, 30.12, 148832, 44.82, 1909, 63823, 46.20
KOKUYOCMLN, EQ, 11-Sep-2026, 78.94, 77.40, 78.97, 77.30, 77.53, 77.91, 77.77, 23988, 18.66, 362, 15214, 75.12
KOLTEPATIL, EQ, 11-Sep-2026, 451.15, 445.00, 445.00, 435.00, 436.50, 436.85, 439.03, 84268, 369.96, 3227, 26662, 35.37
KONSTELEC, ST, 11-Sep-2026, 64.90, 62.70, 63.50, 62.70, 63.50, 63.50, 63.01, 30000, 18.90, 15, 29000, 100.00
KONTOR, SM, 11-Sep-2026, 50.10, 51.00, 54.75, 51.00, 54.75, 54.75, 52.25, 1800, 0.94, 2, 1200, 100.00
KOPRAN, EQ, 11-Sep-2026, 235.82, 235.75, 237.60, 226.20, 237.60, 235.26, 231.17, 399882, 924.43, 7209, 155682, 42.90
KORE, ST, 11-Sep-2026, 165.05, 173.30, 173.30, 160.00, 173.00, 173.20, 172.51, 41000, 70.73, 84, 33250, 94.33
KOTAKBANK, EQ, 11-Sep-2026, 416.55, 412.60, 420.00, 409.25, 419.00, 419.00, 415.61, 15197483, 63162.40, 144629, 9203380, 68.41
KOTARISUG, BE, 11-Sep-2026, 29.47, 29.01, 30.55, 28.30, 28.70, 28.57, 29.17, 84368, 24.61, 336, -, -
KOTHARIPET, EQ, 11-Sep-2026, 143.21, 143.00, 143.06, 136.33, 137.70, 138.57, 139.44, 35052, 48.88, 926, 15308, 56.58
KOTHARIPRO, EQ, 11-Sep-2026, 65.76, 66.00, 66.20, 64.83, 65.80, 65.78, 65.48, 3613, 2.37, 148, 2473, 72.69
KOTIC, EQ, 11-Sep-2026, 151.21, 148.76, 148.76, 130.55, 132.48, 133.82, 139.11, 122378, 170.24, 2032, 29949, 33.56
KOTYARK, BE, 11-Sep-2026, 31.13, 31.13, 32.68, 30.80, 32.50, 32.19, 31.70, 243854, 77.31, 496, -, -
KOVAI, EQ, 11-Sep-2026, 6292.00, 6292.00, 6339.00, 6150.50, 6205.00, 6203.50, 6210.80, 4574, 284.08, 1126, 2440, 60.02
KPEL, EQ, 11-Sep-2026, 224.13, 224.13, 225.00, 213.82, 214.51, 214.91, 216.97, 618562, 1342.10, 11341, 352934, 64.27
KPIGREEN, EQ, 11-Sep-2026, 287.50, 284.05, 285.00, 281.00, 282.00, 281.70, 282.24, 847067, 2390.78, 21590, 383722, 53.60
KPIL, EQ, 11-Sep-2026, 1432.00, 1432.00, 1442.00, 1401.10, 1436.80, 1435.70, 1423.19, 107494, 1529.85, 14641, 30199, 46.54
KPITTECH, EQ, 11-Sep-2026, 550.95, 550.90, 555.95, 545.60, 553.75, 553.75, 551.47, 860098, 4743.17, 16798, 205482, 26.62
KPL, EQ, 11-Sep-2026, 3511.60, 3500.10, 3694.00, 3422.30, 3692.00, 3643.30, 3539.25, 42959, 1520.43, 6950, 12467, 39.73
KPRMILL, EQ, 11-Sep-2026, 1127.30, 1122.00, 1122.10, 1100.00, 1111.00, 1109.10, 1107.37, 166974, 1849.02, 20593, 72003, 51.12
KRBL, EQ, 11-Sep-2026, 423.25, 423.25, 425.90, 416.05, 420.70, 421.05, 421.39, 377861, 1592.29, 14134, 153131, 45.19
KREBSBIO, EQ, 11-Sep-2026, 61.47, 62.89, 62.89, 57.07, 59.73, 58.72, 59.28, 8042, 4.77, 322, 3846, 68.42
KRIDHANINF, EQ, 11-Sep-2026, 1.99, 1.96, 2.05, 1.91, 1.95, 1.96, 1.97, 56301, 1.11, 98, 38763, 74.47
KRISHANA, EQ, 11-Sep-2026, 183.50, 183.50, 183.67, 178.72, 180.17, 179.66, 180.57, 331496, 598.59, 4519, 129244, 51.67
KRISHCA, SM, 11-Sep-2026, 156.00, 157.00, 158.00, 156.00, 156.50, 156.50, 156.96, 7000, 10.99, 11, 5000, 90.91
KRISHIVAL, EQ, 11-Sep-2026, 418.15, 418.95, 420.00, 417.25, 418.00, 419.95, 419.53, 11258, 47.23, 222, 3303, 78.20
KRISHNADEF, EQ, 11-Sep-2026, 1070.00, 1067.40, 1075.00, 1047.10, 1065.60, 1065.50, 1062.89, 70159, 745.71, 5756, 36659, 63.82
KRITI, EQ, 11-Sep-2026, 62.90, 62.90, 63.30, 60.00, 62.06, 61.40, 61.10, 5393, 3.29, 115, 3430, 87.97
KRITIKA, EQ, 11-Sep-2026, 5.37, 5.46, 5.46, 5.31, 5.40, 5.40, 5.39, 101267, 5.46, 326, 86108, 86.83
KRITINUT, EQ, 11-Sep-2026, 81.98, 81.98, 81.98, 80.10, 81.95, 80.52, 81.31, 6426, 5.22, 145, 5110, 80.30
KRMAYURVED, SM, 11-Sep-2026, 293.85, 292.00, 310.50, 291.60, 306.30, 307.70, 302.57, 311000, 941.00, 266, 199000, 74.81
KRN, EQ, 11-Sep-2026, 1584.60, 1560.00, 1610.70, 1531.50, 1593.20, 1593.60, 1574.06, 188504, 2967.17, 17726, 72802, 46.21
KRONOX, BE, 11-Sep-2026, 171.96, 171.11, 178.50, 170.00, 177.50, 175.92, 174.34, 71650, 124.92, 649, -, -
KROSS, EQ, 11-Sep-2026, 231.54, 232.03, 239.80, 222.84, 239.00, 239.07, 233.78, 2135648, 4992.78, 37449, 619327, 32.99
KRSNAA, EQ, 11-Sep-2026, 564.40, 557.00, 557.60, 548.00, 552.90, 550.05, 550.69, 40893, 225.19, 3381, 18087, 54.61
KRT, RR, 11-Sep-2026, 112.63, 113.00, 113.50, 111.91, 113.11, 113.04, 112.80, 1402676, 1582.19, 7052, 762645, 87.25
KRYSTAL, EQ, 11-Sep-2026, 624.45, 624.45, 624.45, 608.60, 614.00, 614.45, 614.51, 9449, 58.07, 504, 5375, 73.30
KSB, EQ, 11-Sep-2026, 804.20, 797.20, 810.00, 788.80, 802.00, 804.20, 801.84, 94866, 760.68, 12068, 52465, 60.73
KSCL, EQ, 11-Sep-2026, 718.05, 715.00, 721.00, 706.05, 721.00, 715.85, 711.69, 80701, 574.34, 4138, 44826, 61.62
KSE, EQ, 11-Sep-2026, 178.69, 175.02, 180.05, 175.02, 177.76, 177.22, 177.45, 23974, 42.54, 209, 15260, 95.97
KSHINTL, EQ, 11-Sep-2026, 1174.30, 1173.00, 1178.35, 1118.05, 1172.00, 1170.90, 1149.57, 259796, 2986.55, 26257, 89622, 38.72
KSHITIJPOL, EQ, 11-Sep-2026, 3.43, 3.32, 3.57, 3.32, 3.47, 3.48, 3.48, 1531366, 53.27, 1072, 1026856, 78.13
KSL, EQ, 11-Sep-2026, 968.20, 970.00, 981.90, 931.00, 976.00, 968.75, 960.82, 204430, 1964.21, 13055, 71891, 43.40
KSOLVES, EQ, 11-Sep-2026, 259.10, 255.50, 261.90, 254.00, 260.00, 258.10, 256.51, 33182, 85.12, 1811, 17385, 58.36
KSR, EQ, 11-Sep-2026, 40.93, 42.50, 42.90, 39.05, 42.60, 42.40, 41.27, 124716, 51.47, 875, 73930, 63.97
KTKBANK, EQ, 11-Sep-2026, 332.55, 328.50, 330.40, 322.50, 327.00, 325.35, 325.75, 2126968, 6928.62, 26575, 780636, 51.24
KUANTUM, EQ, 11-Sep-2026, 75.49, 75.49, 78.49, 75.01, 76.99, 76.43, 76.46, 117403, 89.77, 1617, 55277, 53.16
KUSUMGAR, EQ, 11-Sep-2026, 566.00, 561.85, 574.50, 556.60, 565.05, 568.10, 567.75, 170440, 967.68, 7622, 98395, 63.20
KWIL, EQ, 11-Sep-2026, 41.53, 41.10, 44.17, 40.70, 43.30, 43.04, 42.97, 42730153, 18362.12, 101884, 13670804, 34.52
LADDERUP, EQ, 11-Sep-2026, 61.93, 73.00, 74.31, 73.00, 74.31, 74.31, 74.06, 59231, 43.87, 418, 31001, 52.75
LAGNAM, EQ, 11-Sep-2026, 72.53, 72.53, 72.80, 71.00, 72.78, 72.56, 72.11, 2870, 2.07, 62, 1583, 68.86
LAHOTIOV, EQ, 11-Sep-2026, 41.14, 41.00, 41.50, 40.16, 41.46, 40.55, 40.72, 11066, 4.51, 68, 8998, 87.24
LAKPRE, BZ, 11-Sep-2026, 5.72, 5.78, 6.00, 5.44, 6.00, 6.00, 5.83, 7383, 0.43, 35, -, -
LAKSHMIMIL, EQ, 11-Sep-2026, 7800.00, 7760.00, 7835.00, 7540.00, 7800.00, 7800.00, 7744.17, 30, 2.32, 17, 17, 56.67
LAKSHYA, SM, 11-Sep-2026, 82.00, 81.00, 81.00, 81.00, 81.00, 81.00, 81.00, 800, 0.65, 1, 800, 100.00
LAL, EQ, 11-Sep-2026, 8.89, 8.89, 9.19, 8.80, 8.81, 8.83, 8.90, 20411, 1.82, 151, 7374, 71.22
LALITHAA, EQ, 11-Sep-2026, 337.60, 337.90, 343.60, 330.30, 338.20, 338.60, 338.16, 6734761, 22774.20, 66258, 2076389, 36.66
LALPATHLAB, EQ, 11-Sep-2026, 1916.70, 1900.00, 1924.60, 1893.90, 1897.00, 1909.00, 1911.21, 224876, 4297.85, 43418, 120841, 63.97
LAMBODHARA, EQ, 11-Sep-2026, 137.22, 136.49, 138.50, 136.16, 136.55, 137.37, 137.26, 4215, 5.79, 167, 2135, 67.39
LAMOSAIC, ST, 11-Sep-2026, 50.60, 48.10, 53.10, 48.10, 53.10, 53.10, 51.04, 185400, 94.64, 98, 180600, 97.41
LANCER, EQ, 11-Sep-2026, 12.83, 12.95, 12.95, 12.60, 12.80, 12.74, 12.71, 169288, 21.52, 537, 124829, 79.96
LANCORHOL, BE, 11-Sep-2026, 37.93, 38.80, 39.79, 36.30, 37.70, 36.95, 38.30, 150737, 57.74, 431, -, -
LANDMARK, EQ, 11-Sep-2026, 484.10, 484.80, 494.95, 473.95, 486.00, 487.95, 480.93, 110531, 531.57, 3260, 60139, 70.16
LANDSMILL, EQ, 11-Sep-2026, 0.57, 0.58, 0.59, 0.55, 0.56, 0.56, 0.57, 4314557, 24.67, 1306, 2762108, 67.76
LAOPALA, EQ, 11-Sep-2026, 162.40, 161.79, 161.79, 158.51, 159.60, 158.93, 160.13, 142467, 228.14, 3432, 72110, 60.98
LARGEMID50, EQ, 11-Sep-2026, 35.83, 36.55, 36.55, 35.40, 35.69, 35.69, 35.57, 1478, 0.53, 24, 1173, 79.36
LASERPOWER, EQ, 11-Sep-2026, 290.65, 289.00, 294.05, 281.00, 291.30, 289.75, 287.79, 685699, 1973.37, 11290, 313970, 50.81
LATENTVIEW, EQ, 11-Sep-2026, 255.80, 255.80, 255.80, 251.55, 253.40, 252.45, 253.07, 335107, 848.05, 9300, 154388, 53.49
LATTEYS, EQ, 11-Sep-2026, 21.53, 21.53, 21.83, 20.42, 21.75, 21.80, 21.22, 24026, 5.10, 160, 18482, 77.92
LAURUSLABS, EQ, 11-Sep-2026, 1945.00, 1943.00, 1981.80, 1918.10, 1969.00, 1969.00, 1961.44, 2277375, 44669.44, 49806, 973382, 46.96
LAXMICOT, EQ, 11-Sep-2026, 13.18, 13.08, 13.47, 12.20, 12.82, 12.89, 12.69, 22433, 2.85, 156, 14935, 71.85
LAXMIDENTL, EQ, 11-Sep-2026, 202.56, 201.15, 204.00, 197.01, 204.00, 202.84, 201.00, 52887, 106.30, 1435, 20630, 59.53
LAXMIINDIA, EQ, 11-Sep-2026, 127.88, 126.50, 131.11, 125.50, 129.86, 129.07, 128.54, 162049, 208.30, 3706, 45169, 32.17
LCCINFOTEC, EQ, 11-Sep-2026, 3.19, 3.12, 3.24, 2.88, 3.14, 3.14, 3.10, 119835, 3.71, 352, 96762, 81.55
LCL, EQ, 11-Sep-2026, 561.25, 561.25, 561.25, 545.40, 547.00, 553.05, 551.22, 237836, 1310.99, 11894, 89984, 55.27
LEAPIND, EQ, 11-Sep-2026, 140.96, 139.90, 145.00, 136.00, 144.44, 144.34, 140.97, 4172766, 5882.25, 44355, 1706911, 46.64
LEENEE, BE, 11-Sep-2026, 8.11, 8.28, 8.28, 7.90, 7.90, 7.90, 8.05, 5872, 0.47, 41, -, -
LEMERITE, EQ, 11-Sep-2026, 20.71, 21.00, 21.73, 20.30, 21.37, 21.11, 20.91, 319184, 66.75, 436, 117415, 43.45
LEMONTREE, EQ, 11-Sep-2026, 105.70, 105.05, 105.37, 104.06, 105.00, 104.78, 104.71, 1933002, 2024.13, 18556, 864143, 55.83
LENSKART, EQ, 11-Sep-2026, 693.30, 691.60, 696.05, 680.00, 681.90, 681.75, 687.72, 4110589, 28269.49, 76149, 2146011, 60.24
LEXUS, EQ, 11-Sep-2026, 13.45, 13.12, 13.73, 13.12, 13.59, 13.31, 13.36, 5153, 0.69, 96, 4138, 86.93
LFIC, EQ, 11-Sep-2026, 145.32, 144.00, 144.00, 137.00, 139.01, 139.35, 139.33, 9389, 13.08, 216, 6966, 75.63
LGBBROSLTD, EQ, 11-Sep-2026, 1715.40, 1711.00, 1729.10, 1697.10, 1719.00, 1711.00, 1709.32, 21366, 365.21, 3719, 13045, 68.88
LGEINDIA, EQ, 11-Sep-2026, 1650.00, 1647.80, 1661.00, 1632.40, 1638.50, 1636.80, 1646.74, 358511, 5903.76, 33592, 185935, 58.64
LGHL, EQ, 11-Sep-2026, 189.49, 197.75, 199.00, 180.00, 184.85, 183.99, 183.82, 8290, 15.24, 514, 2272, 28.81
LIBAS, EQ, 11-Sep-2026, 10.69, 10.79, 11.48, 10.19, 11.25, 11.20, 10.99, 371208, 40.81, 506, 119279, 32.41
LIBERTSHOE, EQ, 11-Sep-2026, 229.41, 232.95, 233.00, 225.30, 228.90, 228.68, 228.07, 9747, 22.23, 454, 4851, 70.31
LICHSGFIN, EQ, 11-Sep-2026, 552.30, 546.00, 572.35, 546.00, 562.90, 562.90, 562.39, 11556446, 64992.06, 102031, 4626776, 42.53
LICI, EQ, 11-Sep-2026, 405.60, 402.00, 405.65, 400.25, 404.10, 404.10, 403.28, 8144654, 32845.62, 47245, 4765715, 64.90
LICMFGOLD, EQ, 11-Sep-2026, 137.20, 136.40, 137.00, 135.00, 136.45, 136.30, 136.39, 65781, 89.72, 750, 35358, 58.33
LICNETFGSC, EQ, 11-Sep-2026, 29.37, 29.12, 29.56, 29.12, 29.27, 29.31, 29.28, 21752, 6.37, 65, 17929, 82.45
LICNETFN50, EQ, 11-Sep-2026, 263.43, 256.84, 263.80, 256.84, 263.80, 263.79, 260.54, 2585, 6.73, 40, 1785, 74.65
LICNETFSEN, EQ, 11-Sep-2026, 844.02, 841.94, 841.94, 838.51, 841.94, 841.94, 839.65, 6, 0.05, 3, 6, 100.00
LICNFNHGP, EQ, 11-Sep-2026, 270.35, 268.53, 269.60, 266.87, 269.57, 269.57, 268.28, 99, 0.27, 12, 69, 69.70
LICNMID100, EQ, 11-Sep-2026, 62.54, 62.50, 62.81, 61.53, 62.81, 62.80, 61.94, 31829, 19.71, 139, 24496, 77.45
LIKHITHA, EQ, 11-Sep-2026, 213.71, 213.00, 219.90, 209.95, 217.00, 217.07, 215.43, 88740, 191.17, 1952, 32146, 38.49
LINC, EQ, 11-Sep-2026, 97.30, 97.00, 98.42, 94.10, 95.50, 95.61, 95.57, 8862, 8.47, 410, 5454, 73.81
LINCOLN, EQ, 11-Sep-2026, 634.40, 635.00, 635.00, 619.10, 621.00, 623.50, 625.80, 34328, 214.82, 1815, 17268, 57.03
LINDEINDIA, EQ, 11-Sep-2026, 6227.50, 6203.00, 6250.00, 6160.00, 6250.00, 6227.50, 6206.67, 11729, 727.98, 4021, 4934, 51.12
LIQGRWBEES, EQ, 11-Sep-2026, 1054.92, 1051.75, 1055.66, 1051.75, 1055.42, 1055.41, 1055.38, 34508, 364.19, 193, 15859, 61.01
LIQUID, EQ, 11-Sep-2026, 999.99, 999.99, 1000.00, 999.99, 999.99, 999.99, 999.99, 75735, 757.35, 210, 22289, 41.04
LIQUID1, EQ, 11-Sep-2026, 1121.97, 1121.98, 1123.01, 1120.85, 1122.52, 1122.52, 1122.53, 627614, 7045.17, 1701, 349014, 68.94
LIQUIDADD, EQ, 11-Sep-2026, 1144.03, 1144.55, 1144.61, 1144.55, 1144.59, 1144.60, 1144.60, 297195, 3401.68, 807, 188322, 66.72
LIQUIDBEES, EQ, 11-Sep-2026, 999.99, 1000.00, 1000.01, 999.62, 1000.01, 1000.00, 1000.00, 3052115, 30521.12, 4638, 1918193, 83.42
LIQUIDBETA, EQ, 11-Sep-2026, 1007.41, 1007.77, 1007.91, 1007.77, 1007.91, 1007.91, 1007.83, 7, 0.07, 2, 4, 100.00
LIQUIDBETF, EQ, 11-Sep-2026, 1098.14, 1098.14, 1098.69, 1098.14, 1098.68, 1098.68, 1098.67, 592160, 6505.90, 160, 477213, 93.53
LIQUIDCASE, EQ, 11-Sep-2026, 115.84, 115.90, 115.92, 115.90, 115.92, 115.91, 115.91, 19174916, 22225.25, 20252, 12351506, 78.28
LIQUIDETF, EQ, 11-Sep-2026, 999.99, 1000.00, 1000.01, 999.99, 1000.00, 1000.00, 1000.00, 97436, 974.36, 372, 57805, 66.07
LIQUIDIETF, EQ, 11-Sep-2026, 1000.00, 999.99, 1000.01, 999.99, 1000.00, 999.99, 1000.00, 1126798, 11267.98, 274, 162080, 59.70
LIQUIDPLUS, EQ, 11-Sep-2026, 1102.52, 1103.07, 1103.09, 1103.07, 1103.07, 1103.07, 1103.08, 466094, 5141.37, 538, 183541, 86.35
LIQUIDSBI, EQ, 11-Sep-2026, 1000.00, 999.99, 1000.01, 999.99, 999.99, 999.99, 1000.00, 4014, 40.14, 22, 1986, 54.67
LIQUIDSHRI, EQ, 11-Sep-2026, 1120.80, 1121.30, 1121.32, 1121.30, 1121.30, 1121.30, 1121.30, 20670, 231.77, 24, 20561, 100.00
LKPSEC, EQ, 11-Sep-2026, 15.96, 15.95, 16.10, 15.44, 16.05, 15.82, 15.90, 2384, 0.38, 72, 538, 59.98
LLOYDS, SM, 11-Sep-2026, 58.50, 58.50, 58.50, 58.50, 58.50, 58.50, 58.50, 2000, 1.17, 2, 2000, 100.00
LLOYDSENGG, EQ, 11-Sep-2026, 80.55, 80.00, 83.50, 78.50, 83.05, 82.76, 80.65, 8020345, 6468.32, 30072, 2920885, 40.67
LLOYDSENT, EQ, 11-Sep-2026, 70.01, 69.36, 70.24, 67.60, 69.96, 69.79, 68.87, 3763753, 2592.24, 13692, 1607050, 46.42
LLOYDSME, EQ, 11-Sep-2026, 1814.30, 1810.00, 1819.00, 1773.90, 1802.00, 1799.60, 1801.35, 400758, 7219.06, 21393, 183946, 47.88
LMW, EQ, 11-Sep-2026, 17614.00, 17302.00, 17970.00, 17255.00, 17845.00, 17727.00, 17546.05, 5570, 977.31, 2028, 1826, 55.79
LODHA, EQ, 11-Sep-2026, 1163.40, 1145.70, 1145.80, 1075.50, 1116.90, 1116.90, 1098.00, 4191874, 46026.95, 92477, 1480426, 38.99
LOKESHMACH, EQ, 11-Sep-2026, 347.25, 345.80, 354.90, 336.55, 345.30, 347.15, 346.63, 33450, 115.95, 1128, 14358, 49.91
LORDSCHLO, EQ, 11-Sep-2026, 139.08, 136.08, 139.96, 135.00, 139.50, 137.67, 138.59, 10254, 14.21, 381, 5104, 66.40
LOTUSCHO, EQ, 11-Sep-2026, 597.10, 597.10, 599.90, 579.60, 596.00, 589.45, 587.79, 1396, 8.21, 180, 901, 75.46
LOTUSDEV, BE, 11-Sep-2026, 207.88, 213.70, 215.00, 206.25, 209.50, 209.27, 210.88, 2083473, 4393.72, 6416, -, -
LOTUSEYE, EQ, 11-Sep-2026, 111.62, 112.45, 114.84, 111.00, 113.50, 113.90, 112.63, 6522, 7.35, 286, 4137, 79.06
LOVABLE, EQ, 11-Sep-2026, 71.85, 72.05, 72.88, 70.00, 71.70, 71.73, 71.70, 40924, 29.34, 643, 10545, 32.40
LOWVOL, EQ, 11-Sep-2026, 200.52, 199.57, 200.63, 199.50, 200.10, 200.10, 200.19, 1327, 2.66, 20, 663, 50.08
LOWVOL1, EQ, 11-Sep-2026, 20.46, 20.46, 20.61, 20.36, 20.60, 20.51, 20.49, 314690, 64.47, 9509, 214093, 69.90
LOWVOLIETF, EQ, 11-Sep-2026, 21.51, 21.49, 21.69, 21.36, 21.61, 21.47, 21.45, 585603, 125.63, 10242, 349083, 72.74
LOYALTEX, EQ, 11-Sep-2026, 217.60, 210.00, 221.20, 202.51, 213.55, 213.83, 217.88, 354, 0.77, 45, 310, 92.54
LPDC, EQ, 11-Sep-2026, 6.14, 6.10, 6.35, 6.10, 6.17, 6.16, 6.17, 28809, 1.78, 124, 24474, 90.04
LRRPL, SM, 11-Sep-2026, 93.00, 93.00, 93.00, 93.00, 93.00, 93.00, 93.00, 4500, 4.19, 3, 4500, 100.00
LT, EQ, 11-Sep-2026, 3955.00, 3926.00, 3948.00, 3880.70, 3930.70, 3930.70, 3914.82, 1195489, 46801.19, 101926, 525168, 50.54
LTF, EQ, 11-Sep-2026, 311.30, 307.15, 311.55, 302.70, 309.10, 309.10, 306.90, 3956142, 12141.45, 31375, 1420717, 38.25
LTFOODS, EQ, 11-Sep-2026, 441.50, 438.00, 440.35, 431.40, 439.00, 438.10, 436.34, 573174, 2500.99, 23915, 207950, 41.31
LTGILTBEES, EQ, 11-Sep-2026, 29.84, 29.89, 29.89, 29.75, 29.77, 29.75, 29.77, 1845066, 549.30, 754, 1636287, 94.95
LTGILTCASE, EQ, 11-Sep-2026, 30.40, 30.50, 30.50, 30.35, 30.38, 30.38, 30.37, 124569, 37.84, 157, 96626, 99.86
LTM, EQ, 11-Sep-2026, 4374.00, 4300.00, 4366.80, 4275.00, 4275.00, 4275.00, 4308.99, 349314, 15051.89, 31531, 122697, 44.30
LTTS, EQ, 11-Sep-2026, 3377.90, 3370.00, 3370.10, 3322.10, 3350.00, 3337.40, 3344.06, 32052, 1071.84, 10555, 12115, 43.47
LUMAXIND, EQ, 11-Sep-2026, 5861.00, 5862.00, 5942.00, 5750.00, 5887.00, 5879.50, 5855.61, 12470, 730.19, 4319, 5371, 46.01
LUMAXTECH, EQ, 11-Sep-2026, 1942.60, 1942.00, 2011.90, 1893.70, 1997.90, 1993.70, 1975.63, 164997, 3259.73, 26277, 58453, 37.93
LUMINO, EQ, 11-Sep-2026, 107.93, 106.00, 112.80, 105.65, 108.70, 108.81, 108.64, 22447623, 24387.14, 92621, 4240037, 21.73
LUPIN, EQ, 11-Sep-2026, 2077.80, 2064.00, 2108.50, 2058.00, 2095.00, 2095.00, 2090.46, 621899, 13000.58, 40692, 302816, 59.84
LUXIND, EQ, 11-Sep-2026, 1109.20, 1118.40, 1118.40, 1097.00, 1100.10, 1098.60, 1102.68, 16241, 179.09, 1655, 7658, 62.38
LXCHEM, EQ, 11-Sep-2026, 170.63, 170.00, 176.39, 169.00, 175.70, 175.56, 173.06, 1243946, 2152.79, 17620, 502515, 46.71
LYKALABS, BE, 11-Sep-2026, 84.20, 84.00, 84.00, 82.80, 82.90, 82.90, 83.13, 8273, 6.88, 46, -, -
M&M, EQ, 11-Sep-2026, 3123.80, 3110.00, 3124.20, 3069.10, 3107.00, 3107.00, 3100.49, 1311484, 40662.37, 79214, 616640, 52.96
M&MFIN, EQ, 11-Sep-2026, 359.25, 355.00, 357.60, 351.55, 356.50, 356.15, 354.65, 2169574, 7694.31, 42555, 1164422, 60.47
MAANALU, EQ, 11-Sep-2026, 110.79, 110.50, 111.38, 108.00, 111.00, 110.40, 110.25, 36365, 40.09, 767, 19463, 60.08
MACOBSTECH, SM, 11-Sep-2026, 198.95, 197.00, 197.00, 197.00, 197.00, 197.00, 197.00, 800, 1.58, 1, 800, 100.00
MACPOWER, EQ, 11-Sep-2026, 1870.40, 1868.00, 1871.60, 1780.10, 1858.00, 1843.00, 1829.56, 20730, 379.27, 3685, 10905, 57.67
MADHAV, EQ, 11-Sep-2026, 36.89, 37.20, 37.20, 36.10, 36.29, 36.29, 36.57, 328, 0.12, 25, 249, 92.91
MADHAVBAUG, ST, 11-Sep-2026, 158.95, 157.90, 160.00, 157.90, 160.00, 159.35, 158.83, 5600, 8.89, 8, 2000, 100.00
MADHAVIPL, EQ, 11-Sep-2026, 7.92, 7.90, 8.07, 7.81, 8.00, 7.96, 7.92, 110032, 8.72, 379, 84500, 86.77
MADHUCON, BE, 11-Sep-2026, 4.49, 4.64, 4.64, 4.27, 4.35, 4.34, 4.45, 43771, 1.95, 43, -, -
MADHUSUDAN, ST, 11-Sep-2026, 234.00, 241.80, 241.80, 232.05, 238.00, 238.00, 237.13, 20000, 47.43, 20, 17000, 89.47
MADRASFERT, EQ, 11-Sep-2026, 62.60, 62.00, 62.64, 61.51, 61.71, 61.83, 61.76, 52408, 32.37, 871, 32334, 68.60
MAFANG, EQ, 11-Sep-2026, 225.70, 227.96, 239.98, 221.00, 234.00, 235.56, 233.18, 802166, 1870.51, 16335, 370127, 50.91
MAFATIND, EQ, 11-Sep-2026, 122.85, 122.70, 123.58, 120.15, 123.30, 122.57, 122.73, 18322, 22.49, 406, 12128, 79.14
MAGADSUGAR, EQ, 11-Sep-2026, 554.65, 554.00, 554.90, 530.30, 546.00, 543.80, 543.89, 39314, 213.82, 2813, 16115, 44.68
MAGNUM, EQ, 11-Sep-2026, 19.10, 19.49, 19.49, 18.51, 18.61, 18.73, 18.93, 12351, 2.34, 99, 8692, 94.94
MAGSON, SM, 11-Sep-2026, 184.95, 184.25, 184.50, 184.25, 184.50, 184.35, 184.38, 2000, 3.69, 2, -, -
MAHABANK, EQ, 11-Sep-2026, 84.35, 83.80, 84.90, 83.05, 84.20, 84.20, 84.00, 21676225, 18207.07, 55078, 10542258, 54.08
MAHAPEXLTD, EQ, 11-Sep-2026, 56.23, 57.63, 57.63, 54.00, 54.26, 54.57, 55.17, 6489, 3.58, 236, 2681, 42.68
MAHASTEEL, BE, 11-Sep-2026, 1331.60, 1339.00, 1345.00, 1265.10, 1265.10, 1276.10, 1280.82, 4655, 59.62, 367, -, -
MAHEPC, EQ, 11-Sep-2026, 102.65, 102.64, 102.89, 101.51, 101.52, 101.82, 101.98, 15709, 16.02, 314, 9996, 80.17
MAHESHWARI, BE, 11-Sep-2026, 71.87, 71.52, 72.00, 70.50, 70.71, 70.71, 71.38, 5358, 3.82, 37, -, -
MAHICKRA, SM, 11-Sep-2026, 302.50, 300.00, 306.00, 295.00, 305.95, 305.95, 302.46, 8250, 24.95, 8, 5250, 63.64
MAHKTECH, EQ, 11-Sep-2026, 22.24, 23.80, 23.80, 21.20, 22.25, 22.03, 22.11, 1130987, 250.10, 6815, 655372, 69.88
MAHLIFE, EQ, 11-Sep-2026, 359.65, 359.60, 360.00, 349.10, 351.15, 353.05, 352.97, 105958, 374.00, 7234, 47974, 51.32
MAHLOG, EQ, 11-Sep-2026, 400.10, 399.85, 399.90, 392.60, 399.90, 397.20, 396.06, 90944, 360.19, 3482, 36257, 45.91
MAHSCOOTER, EQ, 11-Sep-2026, 13098.00, 13098.00, 13120.00, 12852.00, 12950.00, 12964.00, 12958.18, 1980, 256.57, 964, 926, 57.95
MAHSEAMLES, EQ, 11-Sep-2026, 718.95, 720.95, 738.00, 707.25, 730.00, 728.90, 724.20, 1045480, 7571.40, 44277, 380343, 39.11
MAITHANALL, EQ, 11-Sep-2026, 1055.60, 1050.00, 1058.00, 1026.55, 1050.35, 1045.85, 1043.47, 91972, 959.70, 5844, 41186, 51.15
MAITREYA, SM, 11-Sep-2026, 121.00, 114.05, 120.00, 114.05, 116.00, 116.00, 116.80, 1600, 1.87, 4, 400, 33.33
MAJESAUT, BE, 11-Sep-2026, 372.15, 379.80, 379.80, 360.30, 365.00, 366.70, 371.80, 2182, 8.11, 90, -, -
MAKEINDIA, EQ, 11-Sep-2026, 163.90, 163.46, 163.46, 161.29, 162.80, 162.79, 162.15, 68217, 110.62, 767, 28408, 49.44
MAKERSL, EQ, 11-Sep-2026, 177.97, 177.05, 189.00, 175.98, 183.00, 185.87, 180.64, 4047, 7.31, 119, 2613, 93.45
MAKS, SM, 11-Sep-2026, 15.80, 15.25, 15.25, 15.10, 15.10, 15.10, 15.18, 3000, 0.46, 2, 3000, 100.00
MAL, SM, 11-Sep-2026, 46.40, 48.70, 48.70, 48.70, 48.70, 48.70, 48.70, 25600, 12.47, 13, 25600, 100.00
MALLCOM, EQ, 11-Sep-2026, 976.30, 970.05, 980.00, 943.00, 954.00, 952.15, 962.20, 8524, 82.02, 535, 4250, 83.79
MALUPAPER, EQ, 11-Sep-2026, 34.39, 33.90, 34.89, 33.65, 34.69, 34.53, 34.27, 8781, 3.01, 103, 5293, 64.72
MAMATA, EQ, 11-Sep-2026, 409.45, 408.85, 417.00, 403.40, 409.00, 407.85, 408.03, 22417, 91.47, 1738, 9838, 49.80
MANAKALUCO, EQ, 11-Sep-2026, 37.69, 38.17, 38.19, 36.75, 36.90, 36.87, 37.07, 147808, 54.79, 992, 83575, 79.31
MANAKCOAT, EQ, 11-Sep-2026, 124.37, 123.90, 129.80, 121.53, 128.80, 128.53, 126.29, 734495, 927.59, 8717, 229741, 37.12
MANAKSIA, EQ, 11-Sep-2026, 70.51, 69.45, 73.40, 68.91, 71.70, 70.95, 71.60, 221417, 158.54, 2542, 117674, 57.65
MANAKSTEEL, BE, 11-Sep-2026, 115.01, 116.50, 120.76, 112.10, 118.50, 117.91, 118.77, 149999, 178.16, 1083, -, -
MANALIPETC, EQ, 11-Sep-2026, 86.27, 85.49, 87.65, 82.22, 85.30, 84.93, 85.00, 2153198, 1830.26, 16570, 553184, 27.83
MANAPPURAM, EQ, 11-Sep-2026, 330.80, 324.75, 329.10, 323.10, 329.00, 329.00, 326.36, 3460959, 11295.23, 28750, 1245922, 38.32
MANAV, SM, 11-Sep-2026, 40.00, 40.75, 40.75, 40.75, 40.75, 40.75, 40.75, 12000, 4.89, 1, 12000, 100.00
MANBA, EQ, 11-Sep-2026, 131.48, 131.48, 133.99, 130.21, 133.00, 132.47, 131.65, 58753, 77.35, 708, 10511, 21.81
MANCREDIT, EQ, 11-Sep-2026, 218.58, 221.50, 222.00, 215.25, 222.00, 219.90, 218.53, 17559, 38.37, 660, 9150, 60.70
MANGALAM, EQ, 11-Sep-2026, 34.88, 35.00, 38.25, 33.11, 36.40, 36.46, 36.42, 385169, 140.28, 2704, 199502, 55.71
MANGLMCEM, EQ, 11-Sep-2026, 1026.70, 1015.00, 1038.20, 1014.70, 1025.10, 1028.00, 1025.44, 75011, 769.19, 4519, 36127, 59.12
MANILAM, SM, 11-Sep-2026, 44.50, 43.00, 45.45, 41.50, 45.45, 43.45, 42.49, 16000, 6.80, 7, 12000, 85.71
MANINDS, EQ, 11-Sep-2026, 876.45, 873.00, 904.00, 819.10, 868.00, 866.10, 869.76, 4525404, 39360.16, 180133, 825891, 19.05
MANINFRA, EQ, 11-Sep-2026, 128.66, 127.95, 127.95, 125.70, 126.50, 126.87, 126.79, 1968685, 2496.04, 9898, 1116689, 64.68
MANIPALHOS, EQ, 11-Sep-2026, 733.25, 732.05, 733.50, 714.40, 717.10, 717.35, 719.70, 725068, 5218.34, 23224, 302406, 51.23
MANKIND, EQ, 11-Sep-2026, 2238.40, 2237.20, 2280.00, 2222.00, 2280.00, 2280.00, 2255.24, 530698, 11968.49, 18199, 362963, 71.50
MANOMAY, EQ, 11-Sep-2026, 234.86, 234.80, 236.00, 231.27, 233.80, 234.19, 233.51, 118616, 276.98, 3266, 18215, 26.55
MANORAMA, EQ, 11-Sep-2026, 2085.00, 2078.90, 2080.00, 2040.10, 2060.00, 2055.70, 2056.90, 120283, 2474.10, 16102, 50055, 48.27
MANORG, EQ, 11-Sep-2026, 458.80, 459.00, 470.05, 450.25, 466.90, 466.45, 461.83, 7599, 35.09, 233, 3753, 74.42
MANUFGBEES, EQ, 11-Sep-2026, 162.21, 161.50, 166.38, 159.05, 161.46, 160.93, 160.33, 4576, 7.34, 199, 3173, 81.07
MANUGRAPH, BE, 11-Sep-2026, 15.15, 15.15, 15.15, 14.80, 14.97, 14.96, 14.95, 811, 0.12, 21, -, -
MANYAVAR, EQ, 11-Sep-2026, 576.60, 575.80, 584.50, 562.00, 584.00, 582.35, 575.61, 230359, 1325.98, 13094, 78464, 39.14
MAPMYINDIA, EQ, 11-Sep-2026, 939.90, 940.00, 943.40, 921.40, 923.50, 925.80, 931.90, 154456, 1439.37, 12809, 53463, 39.21
MARALOVER, EQ, 11-Sep-2026, 62.65, 63.35, 63.35, 59.00, 62.60, 62.41, 60.75, 12281, 7.46, 247, 9719, 81.25
MARATHON, EQ, 11-Sep-2026, 438.50, 444.00, 444.00, 428.00, 436.00, 435.45, 432.94, 87056, 376.90, 3039, 47022, 63.18
MARC, SM, 11-Sep-2026, 151.00, 142.50, 145.00, 142.50, 143.10, 143.15, 143.56, 9600, 13.78, 8, 6000, 83.33
MARCO, SM, 11-Sep-2026, 31.10, 31.25, 31.75, 31.25, 31.55, 31.50, 31.51, 6000, 1.89, 4, 3000, 100.00
MARICO, EQ, 11-Sep-2026, 803.00, 797.00, 810.00, 795.70, 802.10, 802.10, 804.01, 1533624, 12330.46, 79764, 858257, 63.99
MARINE, EQ, 11-Sep-2026, 408.85, 413.00, 425.65, 390.00, 419.00, 419.15, 410.31, 774758, 3178.94, 24505, 261184, 39.81
MARKOLINES, EQ, 11-Sep-2026, 171.42, 172.79, 172.90, 168.88, 170.60, 170.86, 170.95, 84274, 144.07, 1167, 26885, 35.78
MARKSANS, EQ, 11-Sep-2026, 330.40, 325.00, 333.75, 324.20, 329.95, 329.40, 329.38, 1631814, 5374.85, 28562, 630909, 43.07
MARSONS, EQ, 11-Sep-2026, 125.38, 125.38, 128.40, 122.46, 128.00, 127.24, 125.41, 1265195, 1586.68, 12063, 394355, 37.57
MARUSHIKA, SM, 11-Sep-2026, 119.70, 116.00, 120.00, 116.00, 120.00, 119.95, 119.72, 28800, 34.48, 21, 12000, 100.00
MARUTI, EQ, 11-Sep-2026, 12590.00, 12520.00, 12541.00, 12381.00, 12400.00, 12400.00, 12427.72, 514868, 63986.36, 53733, 278193, 61.44
MASFIN, EQ, 11-Sep-2026, 294.45, 291.00, 298.40, 288.00, 298.40, 295.95, 294.05, 267840, 787.60, 15064, 153055, 72.09
MASKINVEST, EQ, 11-Sep-2026, 148.62, 146.00, 154.89, 141.19, 144.00, 145.36, 145.68, 671, 0.98, 19, 515, 99.42
MASON, SM, 11-Sep-2026, 113.40, 114.00, 114.40, 111.00, 113.00, 113.00, 112.43, 10000, 11.24, 18, 6500, 76.47
MASPTOP50, EQ, 11-Sep-2026, 95.58, 97.96, 103.96, 91.36, 93.50, 93.97, 97.08, 1819204, 1766.15, 13128, 597126, 51.55
MASTEK, EQ, 11-Sep-2026, 1610.00, 1610.00, 1643.90, 1593.80, 1618.00, 1626.30, 1622.02, 115370, 1871.33, 11320, 38432, 43.53
MASTER, SM, 11-Sep-2026, 415.00, 415.00, 415.00, 415.00, 415.00, 415.00, 415.00, 500, 2.08, 1, 500, 100.00
MASTERTR, EQ, 11-Sep-2026, 92.35, 91.99, 93.40, 88.77, 90.00, 90.61, 90.16, 346480, 312.38, 2313, 84784, 29.19
MATRIMONY, EQ, 11-Sep-2026, 510.60, 508.65, 519.00, 502.65, 519.00, 514.80, 511.47, 11096, 56.75, 763, 5826, 63.80
MAWANASUG, EQ, 11-Sep-2026, 135.70, 135.00, 138.19, 132.40, 133.95, 134.63, 134.94, 308048, 415.67, 4508, 110317, 43.02
MAXESTATES, EQ, 11-Sep-2026, 559.75, 557.85, 568.00, 537.95, 559.00, 560.45, 556.77, 105077, 585.04, 4200, 62561, 64.33
MAXHEALTH, EQ, 11-Sep-2026, 1038.60, 1028.20, 1041.50, 1022.70, 1037.70, 1037.70, 1031.96, 2506618, 25867.39, 43543, 1302769, 58.79
MAXIND, EQ, 11-Sep-2026, 147.42, 145.50, 147.31, 144.47, 144.48, 146.00, 145.55, 45617, 66.40, 1209, 23091, 63.33
MAXPOSURE, SM, 11-Sep-2026, 29.15, 30.00, 31.80, 30.00, 31.40, 31.15, 30.71, 31000, 9.52, 22, 28000, 100.00
MAXVOLT, SM, 11-Sep-2026, 332.60, 325.00, 349.20, 325.00, 349.20, 349.20, 343.71, 72800, 250.22, 117, 63600, 87.36
MAYASHEEL, SM, 11-Sep-2026, 35.50, 33.00, 35.95, 33.00, 35.50, 34.80, 34.40, 18000, 6.19, 6, 9000, 75.00
MAYURUNIQ, EQ, 11-Sep-2026, 756.55, 747.85, 755.00, 738.30, 742.50, 740.05, 745.58, 80412, 599.53, 4991, 35574, 50.07
MAZDA, BE, 11-Sep-2026, 261.00, 265.80, 265.80, 252.65, 254.65, 255.25, 255.70, 5715, 14.61, 127, -, -
MAZDOCK, EQ, 11-Sep-2026, 2383.20, 2367.60, 2367.60, 2315.40, 2339.00, 2339.00, 2329.97, 509510, 11871.44, 31305, 178700, 38.02
MBAPL, EQ, 11-Sep-2026, 161.20, 162.05, 162.25, 159.63, 159.91, 160.87, 160.85, 613250, 986.42, 5565, 290993, 56.75
MBECL, BE, 11-Sep-2026, 314.67, 330.40, 330.40, 330.40, 330.40, 330.40, 330.40, 1091, 3.60, 57, -, -
MBEL, EQ, 11-Sep-2026, 259.35, 259.00, 259.30, 249.65, 255.00, 254.20, 254.43, 220155, 560.14, 19060, 102397, 52.17
MBLINFRA, EQ, 11-Sep-2026, 23.13, 23.70, 23.70, 22.70, 23.00, 23.00, 23.20, 12917, 3.00, 83, 7551, 62.95
MCCHRLS-B, EQ, 11-Sep-2026, 679.00, 720.00, 720.00, 670.00, 673.00, 673.90, 674.30, 4933, 33.26, 74, 2832, 99.96
MCL, EQ, 11-Sep-2026, 59.86, 59.90, 59.90, 57.56, 57.96, 57.92, 58.14, 39370, 22.89, 892, 23668, 67.68
MCLEODRUSS, EQ, 11-Sep-2026, 44.05, 44.20, 44.51, 42.15, 43.40, 43.28, 43.63, 258616, 112.84, 1238, 144325, 59.85
MCLOUD, EQ, 11-Sep-2026, 25.99, 26.00, 26.01, 25.55, 25.80, 25.67, 25.71, 940129, 241.70, 2665, 424125, 61.20
MCON, SM, 11-Sep-2026, 41.65, 41.00, 41.20, 40.00, 41.20, 41.20, 40.26, 10000, 4.03, 10, 9000, 90.00
MCX, EQ, 11-Sep-2026, 3300.00, 3326.00, 3389.00, 3247.20, 3276.00, 3276.00, 3286.83, 1686562, 55434.51, 77439, 596955, 37.41
MEDANTA, EQ, 11-Sep-2026, 1459.60, 1450.10, 1459.70, 1432.30, 1445.60, 1447.20, 1447.47, 74678, 1080.94, 10787, 26212, 41.42
MEDIASSIST, EQ, 11-Sep-2026, 323.05, 320.60, 321.00, 311.05, 318.65, 316.40, 315.68, 178119, 562.29, 7487, 78540, 54.15
MEDICAMEQ, EQ, 11-Sep-2026, 307.50, 301.00, 330.00, 289.45, 320.10, 323.05, 315.22, 191712, 604.31, 5257, 86691, 49.50
MEDICAPQ, EQ, 11-Sep-2026, 35.22, 34.59, 36.20, 31.70, 31.70, 31.70, 32.44, 64727, 21.00, 536, 39557, 62.28
MEDICO, EQ, 11-Sep-2026, 35.42, 35.15, 38.75, 34.86, 37.43, 37.05, 36.76, 1342990, 493.72, 26411, 355997, 59.85
MEDIORG, SM, 11-Sep-2026, 25.20, 23.95, 25.00, 23.95, 23.95, 23.95, 24.13, 12000, 2.90, 6, 10000, 83.33
MEDISTEP, SM, 11-Sep-2026, 23.40, 21.00, 22.50, 21.00, 22.50, 22.50, 21.75, 6000, 1.31, 2, 6000, 100.00
MEDPLUS, EQ, 11-Sep-2026, 658.05, 658.00, 661.45, 654.00, 660.45, 660.15, 656.58, 78313, 514.19, 3559, 55621, 74.71
MEESHO, EQ, 11-Sep-2026, 217.91, 215.00, 223.10, 214.50, 219.44, 217.08, 219.35, 27172498, 59601.85, 181139, 12608997, 54.17
MEGAFLEX, SM, 11-Sep-2026, 101.00, 97.00, 97.00, 96.00, 96.00, 96.00, 96.50, 2000, 1.93, 2, 2000, 100.00
MEGASTAR, EQ, 11-Sep-2026, 284.95, 295.00, 295.00, 267.75, 275.65, 277.50, 278.39, 1349, 3.76, 111, 812, 68.18
MEGATHERM, SM, 11-Sep-2026, 235.05, 239.00, 253.50, 239.00, 249.95, 251.00, 242.86, 126800, 307.95, 118, 107200, 93.38
MEIL, EQ, 11-Sep-2026, 280.20, 277.00, 284.00, 272.00, 281.20, 282.10, 276.63, 33612, 92.98, 853, 16679, 53.96
MENNPIS, BE, 11-Sep-2026, 76.41, 73.33, 80.00, 72.60, 78.15, 78.65, 75.85, 87291, 66.21, 619, -, -
MENONBE, BE, 11-Sep-2026, 301.65, 297.50, 305.05, 286.60, 301.00, 297.50, 291.16, 49421, 143.90, 856, -, -
MEP, BZ, 11-Sep-2026, 0.67, 0.67, 0.68, 0.66, 0.67, 0.67, 0.67, 40037, 0.27, 54, -, -
MERCANTILE, EQ, 11-Sep-2026, 24.03, 24.00, 24.78, 23.52, 23.85, 23.86, 23.72, 3994, 0.95, 53, 2074, 91.00
MERCURYEV, EQ, 11-Sep-2026, 41.61, 41.51, 44.05, 40.71, 41.65, 41.86, 42.34, 2352177, 995.92, 10005, 1286454, 56.47
METAL, EQ, 11-Sep-2026, 13.39, 13.72, 13.72, 13.03, 13.14, 13.16, 13.14, 2627619, 345.15, 5116, 931349, 54.21
METALIC, ST, 11-Sep-2026, 140.00, 138.00, 147.00, 137.50, 147.00, 147.00, 144.72, 128000, 185.25, 72, 112000, 87.50
METALIETF, EQ, 11-Sep-2026, 13.34, 13.34, 13.35, 12.98, 13.15, 13.10, 13.06, 24846699, 3245.34, 13193, 17088524, 71.24
METROBRAND, EQ, 11-Sep-2026, 952.10, 940.25, 950.00, 922.60, 941.90, 940.20, 940.13, 466848, 4388.99, 8425, 421897, 92.08
METROGLOBL, EQ, 11-Sep-2026, 140.97, 141.99, 145.00, 128.70, 138.87, 138.58, 139.01, 6913, 9.61, 133, 2782, 40.29
METROPOLIS, EQ, 11-Sep-2026, 595.65, 598.10, 598.10, 583.00, 583.00, 585.50, 587.65, 121416, 713.50, 9745, 56327, 51.48
MFML, EQ, 11-Sep-2026, 18.94, 18.81, 19.00, 18.52, 19.00, 18.52, 18.81, 2771, 0.52, 39, 2274, 99.34
MFSL, EQ, 11-Sep-2026, 1479.90, 1468.00, 1488.00, 1453.60, 1477.00, 1477.00, 1475.97, 350366, 5171.30, 23288, 192906, 64.67
MGEL, EQ, 11-Sep-2026, 16.03, 15.72, 16.60, 15.60, 15.62, 15.86, 15.90, 337674, 53.69, 685, 184010, 71.45
MGL, EQ, 11-Sep-2026, 1100.80, 1099.90, 1099.90, 1080.40, 1085.60, 1084.30, 1087.17, 76835, 835.33, 9854, 37891, 57.80
MGSL, SM, 11-Sep-2026, 65.55, 64.15, 74.00, 62.85, 74.00, 74.00, 68.65, 42000, 28.83, 33, 33600, 82.35
MHHL, SM, 11-Sep-2026, 32.50, 32.00, 33.95, 31.70, 33.85, 33.85, 32.65, 7500, 2.45, 5, 4500, 75.00
MHLXMIRU, BE, 11-Sep-2026, 158.31, 158.31, 159.80, 157.06, 157.80, 157.24, 157.91, 5666, 8.95, 64, -, -
MHRIL, EQ, 11-Sep-2026, 196.57, 195.00, 199.95, 193.97, 196.70, 196.73, 197.13, 136133, 268.37, 3497, 78886, 65.33
MICEL, BE, 11-Sep-2026, 35.85, 35.49, 35.49, 35.49, 35.49, 35.49, 35.49, 136226, 48.35, 620, -, -
MICROPRO, SM, 11-Sep-2026, 19.00, 19.00, 19.00, 19.00, 19.00, 19.00, 19.00, 1600, 0.30, 1, 1600, 100.00
MID150, EQ, 11-Sep-2026, 23.14, 23.25, 23.59, 22.97, 23.25, 23.25, 23.14, 52420, 12.13, 279, 34284, 66.68
MID150BEES, EQ, 11-Sep-2026, 236.62, 242.53, 242.53, 233.49, 237.48, 236.63, 235.17, 895099, 2104.97, 10679, 480790, 57.85
MID150CASE, EQ, 11-Sep-2026, 11.51, 11.28, 11.60, 11.28, 11.55, 11.51, 11.45, 1149059, 131.57, 3463, 644920, 64.86
MIDBANKADD, EQ, 11-Sep-2026, 17.40, 17.18, 17.39, 17.18, 17.39, 17.39, 17.25, 2320, 0.40, 23, 2212, 95.34
MIDCAP, EQ, 11-Sep-2026, 18.32, 18.69, 18.69, 18.04, 18.40, 18.31, 18.17, 670228, 121.80, 1362, 399121, 61.39
MIDCAPADD, EQ, 11-Sep-2026, 22.98, 22.69, 22.98, 22.66, 22.81, 22.89, 22.83, 11142, 2.54, 151, 7863, 94.64
MIDCAPBETA, EQ, 11-Sep-2026, 232.43, 230.11, 230.62, 227.98, 230.43, 230.43, 229.57, 1517, 3.48, 49, 1450, 95.58
MIDCAPETF, EQ, 11-Sep-2026, 23.41, 23.50, 23.50, 23.10, 23.42, 23.39, 23.24, 2535292, 589.33, 6855, 1737379, 76.64
MIDCAPIETF, EQ, 11-Sep-2026, 23.73, 23.86, 23.86, 23.37, 23.75, 23.71, 23.55, 831090, 195.69, 2822, 486825, 64.72
MIDHANI, EQ, 11-Sep-2026, 463.35, 461.00, 461.00, 442.50, 446.90, 447.40, 448.91, 1941042, 8713.55, 41834, 642715, 37.12
MIDQ50ADD, EQ, 11-Sep-2026, 24.39, 24.88, 24.88, 24.10, 24.33, 24.33, 24.24, 26379, 6.39, 149, 23187, 90.99
MIDSELIETF, EQ, 11-Sep-2026, 19.65, 19.56, 19.88, 19.41, 19.88, 19.78, 19.67, 212799, 41.85, 646, 123711, 60.76
MIDSMALL, EQ, 11-Sep-2026, 51.56, 51.48, 51.65, 50.80, 51.63, 51.56, 51.19, 390431, 199.88, 1051, 235338, 73.49
MIDWESTLTD, EQ, 11-Sep-2026, 1065.50, 1066.70, 1066.70, 1005.50, 1007.00, 1016.40, 1022.81, 61358, 627.58, 4768, 30489, 53.89
MIEL, SM, 11-Sep-2026, 12.60, 12.30, 12.30, 12.30, 12.30, 12.30, 12.30, 2000, 0.25, 1, 2000, 100.00
MIIL, EQ, 11-Sep-2026, 687.20, 699.95, 699.95, 669.95, 682.00, 676.45, 677.36, 76449, 517.83, 1852, 15384, 20.68
MILKYMIST, EQ, 11-Sep-2026, 278.83, 279.00, 292.77, 276.83, 292.77, 292.77, 286.98, 8807785, 25276.37, 68325, 3014398, 34.33
MINALIND, BE, 11-Sep-2026, 5.67, 5.56, 5.56, 5.56, 5.56, 5.56, 5.56, 9067, 0.50, 59, -, -
MINDACORP, EQ, 11-Sep-2026, 703.10, 698.00, 708.00, 693.10, 707.00, 705.45, 703.21, 109889, 772.75, 9900, 44548, 47.56
MINDSPACE, RR, 11-Sep-2026, 492.42, 492.97, 494.85, 491.10, 492.78, 491.66, 492.40, 122499, 603.19, 3977, 98267, 88.63
MINDTECK, EQ, 11-Sep-2026, 160.00, 160.00, 161.39, 156.61, 159.00, 158.61, 158.53, 35491, 56.26, 1170, 16797, 62.91
MIRZAINT, EQ, 11-Sep-2026, 30.81, 30.81, 31.00, 30.31, 30.55, 30.63, 30.53, 55731, 17.01, 614, 34814, 72.70
MITCON, EQ, 11-Sep-2026, 81.65, 82.00, 82.00, 79.10, 80.00, 80.15, 80.22, 9000, 7.22, 111, 8340, 96.24
MITTAL, EQ, 11-Sep-2026, 0.83, 0.82, 0.83, 0.78, 0.81, 0.80, 0.81, 3402263, 27.43, 835, 2327701, 74.81
MKEXIM, EQ, 11-Sep-2026, 65.73, 65.90, 65.90, 61.20, 65.79, 64.99, 62.85, 33700, 21.18, 606, 23025, 78.38
MKPL, EQ, 11-Sep-2026, 4.01, 4.01, 4.05, 3.68, 3.99, 3.96, 3.95, 121039, 4.78, 484, 70420, 61.55
MLKFOOD, EQ, 11-Sep-2026, 83.42, 83.42, 83.42, 79.00, 80.99, 80.64, 80.05, 3274, 2.62, 132, 2923, 90.69
MMEL, SM, 11-Sep-2026, 26.25, 27.25, 27.25, 27.00, 27.00, 27.00, 27.13, 4000, 1.09, 2, 4000, 100.00
MMFL, EQ, 11-Sep-2026, 644.10, 644.15, 644.70, 626.60, 635.15, 631.70, 632.49, 71004, 449.09, 4935, 34375, 52.82
MMP, EQ, 11-Sep-2026, 447.80, 445.00, 475.00, 439.70, 475.00, 469.95, 457.22, 94390, 431.57, 3320, 38650, 54.83
MMTC, EQ, 11-Sep-2026, 62.23, 62.25, 62.36, 61.06, 62.31, 61.92, 61.51, 1116559, 686.79, 8087, 395747, 39.88
MMWL, EQ, 11-Sep-2026, 13.87, 14.09, 14.09, 13.31, 13.50, 13.46, 13.48, 16167, 2.18, 127, 9951, 79.94
MNC, EQ, 11-Sep-2026, 32.90, 33.06, 33.06, 32.40, 32.78, 32.71, 32.65, 119113, 38.89, 575, 59592, 81.37
MOALPHA50, EQ, 11-Sep-2026, 56.43, 56.05, 56.26, 55.55, 56.23, 56.12, 55.83, 6468, 3.61, 92, 5390, 91.56
MOBANK10, EQ, 11-Sep-2026, 16.51, 16.65, 16.65, 16.32, 16.65, 16.65, 16.50, 2913, 0.48, 67, 2436, 83.68
MOBIKWIK, EQ, 11-Sep-2026, 194.68, 194.42, 220.22, 193.21, 209.45, 209.70, 211.10, 18106631, 38222.86, 202184, 2699938, 17.16
MOBILISE, SM, 11-Sep-2026, 113.55, 113.55, 113.55, 113.55, 113.55, 113.55, 113.55, 6400, 7.27, 2, -, -
MOCAPITAL, EQ, 11-Sep-2026, 53.63, 53.63, 54.45, 52.56, 54.04, 53.99, 53.25, 971245, 517.19, 3817, 544511, 61.34
MODEFENCE, EQ, 11-Sep-2026, 107.62, 110.00, 110.00, 105.85, 106.80, 106.73, 106.49, 1297463, 1381.61, 9644, 593691, 52.81
MODINATUR, EQ, 11-Sep-2026, 355.30, 350.00, 362.15, 335.10, 340.00, 339.70, 345.79, 15368, 53.14, 500, 9162, 82.33
MODIRUBBER, EQ, 11-Sep-2026, 125.39, 126.64, 126.64, 122.40, 124.40, 123.91, 123.37, 1863, 2.30, 88, 1393, 75.58
MODIS, EQ, 11-Sep-2026, 373.85, 373.30, 373.30, 364.05, 365.05, 365.50, 366.30, 10813, 39.61, 593, 5771, 63.68
MODISONLTD, BE, 11-Sep-2026, 514.80, 498.90, 517.00, 495.00, 504.40, 503.05, 504.80, 92092, 464.88, 1056, -, -
MODTHREAD, EQ, 11-Sep-2026, 51.62, 51.02, 53.50, 50.21, 52.94, 52.92, 52.59, 1510, 0.79, 70, 882, 58.45
MOENERGY, EQ, 11-Sep-2026, 38.15, 38.80, 38.80, 38.00, 38.20, 38.06, 38.19, 196018, 74.86, 618, 158398, 86.37
MOGOLD, EQ, 11-Sep-2026, 150.75, 149.80, 150.50, 148.10, 150.05, 149.80, 149.46, 15805, 23.62, 304, 9306, 76.23
MOGSEC, EQ, 11-Sep-2026, 65.64, 65.69, 65.70, 65.08, 65.09, 65.17, 65.56, 1358, 0.89, 27, 1334, 98.60
MOHEALTH, EQ, 11-Sep-2026, 51.83, 52.08, 52.28, 51.33, 52.18, 52.15, 51.91, 37848, 19.65, 509, 23436, 66.85
MOHITE, EQ, 11-Sep-2026, 2.75, 2.78, 2.78, 2.38, 2.71, 2.63, 2.55, 242470, 6.18, 237, 154232, 69.57
MOHITIND, EQ, 11-Sep-2026, 23.55, 23.50, 23.95, 22.67, 23.62, 23.23, 23.32, 12041, 2.81, 133, 9135, 83.40
MOIL, EQ, 11-Sep-2026, 250.18, 248.60, 248.60, 244.36, 245.70, 244.93, 245.55, 820722, 2015.27, 14348, 386978, 57.59
MOINFRA, EQ, 11-Sep-2026, 58.93, 58.66, 58.87, 58.25, 58.87, 58.73, 58.52, 917, 0.54, 69, 511, 69.81
MOIPO, EQ, 11-Sep-2026, 48.68, 48.09, 48.71, 47.79, 48.71, 48.70, 48.27, 5307, 2.56, 48, 2634, 57.06
MOKSH, EQ, 11-Sep-2026, 10.18, 10.23, 10.70, 9.99, 10.27, 10.31, 10.46, 352186, 36.84, 790, 135855, 39.58
MOL, EQ, 11-Sep-2026, 62.55, 61.99, 63.25, 60.61, 63.21, 62.52, 61.75, 903722, 558.03, 6355, 300899, 37.53
MOLBIO, EQ, 11-Sep-2026, 1509.40, 1545.00, 1686.80, 1391.70, 1406.70, 1438.20, 1549.17, 22057840, 341712.34, 828870, 1968448, 9.36
MOLDTECH, BE, 11-Sep-2026, 211.69, 213.80, 217.00, 201.35, 208.20, 207.39, 207.53, 46074, 95.62, 521, -, -
MOLDTKPAC, EQ, 11-Sep-2026, 685.45, 685.00, 685.00, 662.85, 672.50, 676.45, 672.74, 45072, 303.22, 3471, 20636, 51.70
MOLOWVOL, EQ, 11-Sep-2026, 35.41, 35.58, 35.58, 35.06, 35.29, 35.33, 35.27, 4926, 1.74, 50, 2500, 53.09
MOM100, EQ, 11-Sep-2026, 67.31, 67.31, 67.50, 66.28, 67.50, 67.29, 66.71, 350787, 234.01, 3346, 203255, 62.23
MOM30IETF, EQ, 11-Sep-2026, 31.39, 31.37, 31.37, 30.86, 31.35, 31.30, 31.10, 846206, 263.14, 2280, 537681, 71.72
MOM50, EQ, 11-Sep-2026, 245.50, 244.44, 246.88, 244.01, 246.88, 246.88, 244.76, 3523, 8.62, 77, 1481, 46.04
MOMENTUM, EQ, 11-Sep-2026, 31.33, 31.80, 31.98, 30.76, 31.79, 31.61, 30.99, 61704, 19.12, 330, 41064, 68.39
MOMENTUM30, EQ, 11-Sep-2026, 30.90, 30.55, 30.81, 30.37, 30.55, 30.63, 30.55, 51053, 15.60, 220, 33392, 69.31
MOMENTUM50, EQ, 11-Sep-2026, 54.60, 54.41, 54.70, 53.67, 54.70, 54.52, 54.20, 412402, 223.53, 10990, 290118, 73.75
MOMETAL, EQ, 11-Sep-2026, 13.28, 13.30, 13.30, 12.87, 13.08, 13.07, 12.93, 93214, 12.05, 82, 6071, 6.64
MOMGF, EQ, 11-Sep-2026, 161.04, 158.98, 160.28, 157.90, 160.00, 160.00, 159.10, 2350, 3.74, 42, 2010, 85.53
MOMIDMTM, EQ, 11-Sep-2026, 64.35, 64.25, 64.75, 63.39, 64.64, 64.37, 63.81, 37777, 24.11, 369, 26211, 72.50
MOMMIDCAP, EQ, 11-Sep-2026, 12.99, 12.91, 13.01, 12.80, 12.99, 12.99, 12.91, 1529959, 197.58, 1739, 823765, 70.93
MOMNC, EQ, 11-Sep-2026, 31.97, 32.61, 32.61, 31.37, 31.80, 31.85, 31.71, 6101, 1.93, 33, 2086, 41.43
MOMOMENTUM, EQ, 11-Sep-2026, 62.29, 62.80, 62.88, 61.31, 61.90, 62.07, 61.70, 49442, 30.51, 472, 25325, 53.82
MOMSBELIEF, BE, 11-Sep-2026, 218.97, 217.00, 226.25, 208.03, 223.00, 224.96, 219.78, 118302, 260.00, 1376, -, -
MON100, EQ, 11-Sep-2026, 333.21, 331.00, 338.00, 324.87, 333.47, 332.83, 331.60, 624312, 2070.22, 19793, 351823, 62.89
MON50EQUAL, EQ, 11-Sep-2026, 32.68, 32.50, 32.57, 32.30, 32.51, 32.51, 32.44, 3476, 1.13, 65, 2982, 90.12
MONARCH, EQ, 11-Sep-2026, 370.95, 370.00, 376.00, 363.30, 375.60, 373.95, 369.36, 125966, 465.27, 1876, 51782, 50.55
MONEXT50, EQ, 11-Sep-2026, 72.67, 71.56, 72.46, 71.18, 72.46, 71.90, 71.78, 6729, 4.83, 109, 4361, 66.02
MONEYBOXX, EQ, 11-Sep-2026, 37.15, 36.00, 40.86, 36.00, 40.86, 40.86, 40.43, 182568, 73.81, 1114, 102311, 57.30
MONIFTY100, EQ, 11-Sep-2026, 24.62, 24.61, 24.81, 24.60, 24.78, 24.78, 24.69, 3430, 0.85, 51, 3430, 100.00
MONIFTY500, EQ, 11-Sep-2026, 23.50, 23.49, 23.74, 23.25, 23.56, 23.53, 23.40, 476815, 111.58, 1737, 348121, 80.29
MONOLITH, SM, 11-Sep-2026, 1446.40, 1490.00, 1505.00, 1411.05, 1449.00, 1432.55, 1464.01, 108250, 1584.79, 368, 64750, 64.11
MONQ50, EQ, 11-Sep-2026, 199.89, 198.99, 218.70, 190.26, 216.00, 216.35, 208.00, 805626, 1675.69, 14687, 277016, 38.12
MONTECARLO, EQ, 11-Sep-2026, 556.05, 556.05, 557.80, 548.00, 555.70, 555.45, 551.28, 35635, 196.45, 1551, 19164, 60.36
MOOILGAS, EQ, 11-Sep-2026, 11.04, 11.27, 11.40, 10.92, 11.40, 11.34, 11.20, 11555, 1.29, 53, 2736, 64.80
MOPSE, EQ, 11-Sep-2026, 99.68, 99.23, 99.41, 98.53, 99.27, 99.27, 98.97, 1829, 1.81, 13, 1060, 57.96
MOQUALITY, EQ, 11-Sep-2026, 195.85, 193.74, 195.00, 193.74, 195.00, 194.92, 194.79, 1640, 3.19, 41, 1218, 92.41
MOREALTY, EQ, 11-Sep-2026, 87.52, 90.10, 90.10, 83.51, 85.69, 85.21, 84.03, 4236073, 3559.67, 6859, 3169142, 75.75
MOREPENLAB, EQ, 11-Sep-2026, 115.28, 114.50, 117.70, 111.01, 115.72, 115.78, 114.45, 15303804, 17515.95, 57553, 4638461, 32.83
MOS, ST, 11-Sep-2026, 6.30, 6.00, 6.30, 6.00, 6.00, 6.00, 6.01, 916000, 55.04, 150, 820000, 91.93
MOSCHIP, EQ, 11-Sep-2026, 206.69, 206.70, 211.75, 204.00, 210.35, 210.29, 207.79, 1607823, 3340.96, 21161, 505938, 34.43
MOSERVICE, EQ, 11-Sep-2026, 30.13, 30.13, 30.35, 29.81, 30.35, 30.33, 29.93, 1731, 0.52, 39, 1576, 91.84
MOSILVER, EQ, 11-Sep-2026, 230.84, 225.98, 225.98, 221.29, 224.99, 224.35, 223.62, 47162, 105.46, 1345, 12739, 27.68
MOSMALL250, EQ, 11-Sep-2026, 18.51, 18.97, 18.97, 18.25, 18.46, 18.41, 18.36, 1053169, 193.39, 2701, 633493, 63.78
MOTHERSON, EQ, 11-Sep-2026, 163.20, 161.44, 165.58, 160.71, 164.45, 164.45, 163.98, 13200183, 21645.94, 88798, 7094445, 59.10
MOTILALOFS, EQ, 11-Sep-2026, 1015.00, 1003.30, 1030.70, 988.00, 1026.50, 1026.50, 1011.09, 625141, 6320.71, 25526, 206427, 35.43
MOTISONS, EQ, 11-Sep-2026, 16.01, 15.99, 16.10, 15.62, 15.99, 15.95, 15.81, 10279100, 1625.04, 10256, 2291227, 27.47
MOTOGENFIN, EQ, 11-Sep-2026, 26.87, 26.56, 26.86, 25.16, 25.63, 25.59, 26.28, 26188, 6.88, 105, 20734, 87.79
MOTOUR, EQ, 11-Sep-2026, 76.58, 76.50, 77.32, 75.53, 76.36, 76.85, 76.30, 12352, 9.42, 204, 8354, 76.35
MOVALUE, EQ, 11-Sep-2026, 111.59, 111.59, 112.00, 109.64, 111.66, 111.48, 110.76, 45242, 50.11, 780, 25249, 58.62
MOXSH, SM, 11-Sep-2026, 93.70, 90.10, 93.90, 90.10, 93.90, 93.90, 92.63, 4800, 4.45, 3, 3200, 66.67
MPDL, BE, 11-Sep-2026, 32.11, 30.51, 32.11, 30.51, 32.11, 32.11, 31.02, 763, 0.24, 11, -, -
MPEL, ST, 11-Sep-2026, 23.50, 22.35, 22.35, 22.35, 22.35, 22.35, 22.35, 4800, 1.07, 3, 4800, 100.00
MPEL-RE, ST, 11-Sep-2026, 2.50, 2.50, 3.00, 2.00, 2.00, 2.00, 2.14, 268800, 5.76, 38, 176000, 100.00
MPHASIS, EQ, 11-Sep-2026, 2291.70, 2275.00, 2309.20, 2273.30, 2295.00, 2295.00, 2291.20, 184932, 4237.16, 13205, 81956, 49.53
MPSLTD, EQ, 11-Sep-2026, 2705.90, 2705.90, 2705.90, 2600.00, 2601.00, 2608.50, 2627.68, 26139, 686.85, 4267, 13883, 62.51
MRF, EQ, 11-Sep-2026, 128270.00, 128105.00, 128765.00, 127015.00, 128760.00, 128290.00, 127993.49, 2143, 2742.90, 1748, 742, 41.38
MRIL, ST, 11-Sep-2026, 69.00, 71.50, 72.45, 71.50, 72.45, 72.40, 72.26, 27200, 19.65, 17, 20800, 100.00
MRPL, EQ, 11-Sep-2026, 181.32, 183.99, 186.83, 173.51, 175.40, 175.86, 178.09, 15708657, 27974.96, 85352, 3727331, 26.28
MSCI360, EQ, 11-Sep-2026, 9.96, 9.86, 10.09, 9.80, 9.94, 9.94, 9.86, 15049, 1.48, 44, 14271, 97.75
MSCIADD, EQ, 11-Sep-2026, 28.95, 28.90, 28.95, 28.66, 28.89, 28.92, 28.79, 594, 0.17, 18, 273, 51.41
MSCIINDIA, EQ, 11-Sep-2026, 29.29, 29.18, 29.40, 28.94, 29.37, 29.11, 29.15, 4111, 1.20, 197, 3667, 97.27
MSL, EQ, 11-Sep-2026, 149.00, 149.00, 149.00, 140.00, 141.20, 141.56, 142.68, 236, 0.34, 12, 166, 100.00
MSPL, EQ, 11-Sep-2026, 34.40, 34.11, 34.53, 33.06, 34.21, 33.96, 33.92, 493940, 167.52, 1980, 275609, 63.80
MSTCLTD, EQ, 11-Sep-2026, 737.55, 727.00, 758.95, 717.00, 735.55, 738.55, 739.98, 311849, 2307.64, 15397, 92496, 32.66
MSUMI, EQ, 11-Sep-2026, 36.34, 36.27, 36.55, 36.02, 36.31, 36.30, 36.30, 7815501, 2836.83, 30636, 3737035, 58.34
MTARTECH, BE, 11-Sep-2026, 7305.00, 7102.00, 7399.00, 7005.00, 7325.00, 7312.50, 7205.39, 53464, 3852.29, 9889, -, -
MTEDUCARE, BE, 11-Sep-2026, 1.86, 1.86, 1.86, 1.77, 1.86, 1.82, 1.77, 89233, 1.58, 101, -, -
MTNL, EQ, 11-Sep-2026, 25.10, 25.00, 25.06, 24.61, 24.78, 24.74, 24.80, 581753, 144.26, 2771, 244512, 48.97
MUFIN, EQ, 11-Sep-2026, 135.22, 134.80, 135.84, 133.60, 134.52, 134.76, 134.65, 233975, 315.05, 1795, 97497, 62.64
MUFTI, EQ, 11-Sep-2026, 74.09, 74.09, 74.50, 72.50, 72.93, 72.78, 73.29, 70139, 51.40, 1054, 44084, 70.67
MUKANDLTD, EQ, 11-Sep-2026, 142.57, 140.89, 140.89, 137.81, 139.10, 139.48, 139.20, 78890, 109.81, 1581, 41357, 58.01
MUKESHB, EQ, 11-Sep-2026, 132.50, 132.50, 133.00, 132.50, 133.00, 133.00, 132.69, 13, 0.02, 2, 8, 100.00
MUKKA, EQ, 11-Sep-2026, 30.57, 30.57, 33.00, 28.56, 32.80, 32.17, 31.24, 1909923, 596.68, 5839, 397391, 51.01
MUKTAARTS, BE, 11-Sep-2026, 56.88, 56.00, 58.69, 55.90, 58.57, 58.57, 56.44, 862, 0.49, 21, -, -
MULTICAP, EQ, 11-Sep-2026, 16.53, 16.86, 16.86, 16.37, 16.51, 16.51, 16.48, 258604, 42.62, 630, 189653, 74.87
MUNISH, SM, 11-Sep-2026, 95.00, 93.20, 93.20, 93.00, 93.00, 93.00, 93.13, 6000, 5.59, 4, 4800, 100.00
MUNJALAU, EQ, 11-Sep-2026, 109.17, 109.00, 109.01, 105.10, 106.97, 106.64, 106.71, 457549, 488.26, 4698, 176018, 46.41
MUNJALSHOW, EQ, 11-Sep-2026, 127.07, 127.47, 128.40, 125.42, 128.05, 127.66, 126.99, 14894, 18.91, 481, 8265, 64.11
MURUDCERA, EQ, 11-Sep-2026, 30.00, 29.76, 30.40, 29.21, 29.74, 29.78, 29.53, 11028, 3.26, 122, 7902, 79.54
MUTHOOTCAP, EQ, 11-Sep-2026, 232.44, 230.00, 235.02, 225.00, 226.80, 226.85, 230.24, 11199, 25.78, 525, 6867, 69.22
MUTHOOTFIN, EQ, 11-Sep-2026, 2841.50, 2790.00, 2820.00, 2728.60, 2792.10, 2792.10, 2763.54, 1015297, 28058.11, 52179, 245884, 26.11
MUTHOOTMF, EQ, 11-Sep-2026, 196.13, 196.13, 197.00, 190.25, 195.10, 196.48, 194.92, 130018, 253.43, 3451, 59295, 50.90
MVELECTRO, EQ, 11-Sep-2026, 835.45, 843.00, 874.25, 817.50, 841.00, 841.70, 841.06, 4580933, 38528.45, 107775, 423457, 9.75
MVGJL, EQ, 11-Sep-2026, 208.78, 208.70, 208.70, 195.60, 196.90, 197.37, 201.90, 332881, 672.10, 5807, 145602, 55.47
MVKAGRO, SM, 11-Sep-2026, 287.20, 301.55, 301.55, 276.50, 297.00, 299.80, 297.97, 900600, 2683.55, 1406, 560700, 65.60
MWL, EQ, 11-Sep-2026, 39.56, 38.95, 41.90, 38.25, 41.51, 40.60, 39.72, 1344494, 534.02, 5740, 449581, 37.16
MYMUDRA, SM, 11-Sep-2026, 67.20, 67.10, 68.00, 63.65, 66.50, 64.80, 65.56, 40800, 26.75, 33, 27600, 74.19
MYSORPETRO, BE, 11-Sep-2026, 148.52, 147.78, 147.78, 141.10, 141.10, 141.10, 142.20, 3988, 5.67, 62, -, -
NACLIND, EQ, 11-Sep-2026, 159.49, 157.96, 158.89, 156.60, 158.29, 157.62, 157.73, 259054, 408.60, 5897, 113449, 57.51
NAGREEKCAP, EQ, 11-Sep-2026, 22.87, 22.98, 25.15, 22.31, 25.15, 24.90, 24.82, 17663, 4.38, 110, 642, 97.13
NAGREEKEXP, EQ, 11-Sep-2026, 22.33, 22.33, 22.74, 22.26, 22.61, 22.40, 22.49, 9711, 2.18, 89, 7268, 76.50
NAHARCAP, EQ, 11-Sep-2026, 256.90, 258.60, 259.00, 252.00, 259.00, 258.90, 255.26, 1192, 3.04, 57, 1061, 93.32
NAHARINDUS, EQ, 11-Sep-2026, 133.89, 133.89, 134.70, 130.10, 133.86, 131.62, 132.12, 14797, 19.55, 489, 8299, 68.43
NAHARPOLY, EQ, 11-Sep-2026, 233.77, 240.92, 240.92, 230.10, 233.00, 231.87, 232.18, 3654, 8.48, 216, 2452, 72.42
NAHARSPING, EQ, 11-Sep-2026, 270.80, 267.00, 275.00, 264.80, 272.30, 273.10, 270.03, 22807, 61.59, 1042, 13327, 68.92
NAM-INDIA, EQ, 11-Sep-2026, 1185.00, 1169.00, 1192.00, 1159.40, 1189.60, 1189.60, 1176.28, 776467, 9133.39, 53666, 368884, 54.65
NAMOEWASTE, ST, 11-Sep-2026, 277.85, 274.50, 285.00, 272.00, 284.05, 284.25, 280.47, 16000, 44.87, 20, 8800, 91.67
NARMADA, EQ, 11-Sep-2026, 14.05, 13.89, 14.49, 13.82, 14.39, 14.38, 14.24, 319864, 45.55, 756, 119710, 49.17
NATCAPSUQ, BE, 11-Sep-2026, 190.74, 192.60, 192.60, 185.00, 188.70, 189.39, 187.00, 8916, 16.67, 143, -, -
NATCOPHARM, EQ, 11-Sep-2026, 818.65, 816.10, 821.45, 801.40, 816.50, 815.35, 808.90, 567956, 4594.20, 35314, 254682, 57.38
NATHBIOGEN, EQ, 11-Sep-2026, 152.51, 150.95, 150.95, 141.30, 148.00, 147.78, 145.69, 29647, 43.19, 669, 18855, 68.34
NATIONALUM, EQ, 11-Sep-2026, 373.35, 365.00, 365.00, 352.35, 361.00, 361.00, 358.31, 6560514, 23506.95, 78438, 2285192, 36.71
NATIONSTD, EQ, 11-Sep-2026, 115.89, 116.50, 116.50, 110.10, 110.10, 110.11, 111.70, 24335, 27.18, 504, 14412, 64.97
NAUKRI, EQ, 11-Sep-2026, 1265.00, 1250.00, 1262.10, 1244.80, 1250.80, 1250.80, 1252.75, 524171, 6566.55, 22795, 256659, 55.62
NAVA, EQ, 11-Sep-2026, 558.35, 555.00, 555.00, 546.50, 552.00, 551.85, 550.60, 169081, 930.96, 8735, 83377, 57.70
NAVINFLUOR, EQ, 11-Sep-2026, 8700.50, 8671.00, 8699.50, 8486.50, 8545.00, 8543.50, 8595.33, 86538, 7438.22, 16839, 38880, 56.37
NAVKARCORP, EQ, 11-Sep-2026, 93.85, 93.55, 94.28, 92.60, 93.26, 93.58, 93.37, 143303, 133.81, 1889, 75901, 59.89
NAVKARURB, BE, 11-Sep-2026, 0.89, 0.89, 0.90, 0.85, 0.88, 0.87, 0.87, 487932, 4.23, 277, -, -
NAVNETEDUL, EQ, 11-Sep-2026, 127.69, 127.61, 128.30, 126.61, 127.50, 127.85, 127.62, 49863, 63.64, 738, 30196, 78.44
NAZARA, EQ, 11-Sep-2026, 374.65, 372.40, 374.60, 362.00, 368.40, 370.30, 368.61, 1148490, 4233.43, 25222, 464743, 48.97
NBCC, EQ, 11-Sep-2026, 83.94, 82.88, 83.14, 82.00, 82.90, 82.90, 82.48, 6012573, 4959.18, 27962, 2195902, 39.34
NBIFIN, EQ, 11-Sep-2026, 2010.00, 1960.00, 2020.00, 1960.00, 2020.00, 2020.00, 2005.74, 28, 0.56, 8, 25, 89.29
NCC, EQ, 11-Sep-2026, 143.15, 142.25, 142.39, 138.80, 140.90, 140.94, 140.32, 1687263, 2367.53, 19086, 744147, 47.37
NCLIND, EQ, 11-Sep-2026, 178.11, 176.51, 177.89, 171.82, 174.60, 175.05, 174.16, 60944, 106.14, 1125, 28395, 49.68
NDGL, EQ, 11-Sep-2026, 2716.00, 2660.00, 2705.00, 2648.90, 2689.00, 2692.20, 2686.52, 203, 5.45, 35, 165, 90.16
NDL, EQ, 11-Sep-2026, 2.90, 2.95, 2.95, 2.82, 2.85, 2.86, 2.86, 711856, 20.34, 1046, 465741, 77.26
NDLVENTURE, EQ, 11-Sep-2026, 126.46, 129.00, 131.50, 121.07, 124.84, 125.43, 126.65, 55538, 70.34, 651, 31257, 85.65
NDRAUTO, EQ, 11-Sep-2026, 702.25, 701.15, 701.15, 684.90, 693.15, 692.85, 693.19, 13350, 92.54, 1556, 5855, 57.31
NDTV, EQ, 11-Sep-2026, 72.29, 72.29, 72.61, 70.10, 72.60, 72.02, 71.50, 89989, 64.35, 1246, 44477, 57.14
NEAGI, EQ, 11-Sep-2026, 3469.00, 3443.00, 3443.00, 3435.00, 3435.00, 3435.00, 3442.27, 11, 0.38, 4, 10, 100.00
NECCLTD, BE, 11-Sep-2026, 19.26, 19.40, 19.40, 18.36, 19.15, 19.10, 18.90, 28292, 5.35, 133, -, -
NECLIFE, EQ, 11-Sep-2026, 11.93, 11.93, 12.18, 11.41, 11.65, 11.50, 11.67, 110885, 12.94, 474, 74269, 79.25
NELCAST, EQ, 11-Sep-2026, 110.00, 110.00, 110.00, 107.71, 108.05, 108.56, 108.82, 67750, 73.72, 1537, 33736, 54.56
NELCO, EQ, 11-Sep-2026, 937.55, 932.05, 955.00, 919.60, 945.50, 947.25, 934.86, 159706, 1493.03, 6701, 59556, 45.48
NEOCHEM, SM, 11-Sep-2026, 103.50, 98.00, 104.30, 98.00, 102.15, 102.15, 101.95, 18000, 18.35, 15, 12000, 71.43
NEOGEN, EQ, 11-Sep-2026, 2388.90, 2390.00, 2411.00, 2274.40, 2387.30, 2373.00, 2357.57, 409164, 9646.34, 39042, 155777, 40.32
NEPHROCARE, SM, 11-Sep-2026, 91.45, 91.45, 94.45, 91.45, 92.65, 93.20, 93.17, 28800, 26.83, 61, 18800, 77.05
NEPHROPLUS, EQ, 11-Sep-2026, 747.25, 747.25, 781.50, 734.05, 766.25, 765.35, 766.36, 337264, 2584.66, 25011, 120630, 38.17
NEPTUNE, SM, 11-Sep-2026, 176.50, 180.95, 184.00, 179.00, 179.00, 179.05, 180.78, 4500, 8.14, 8, 3500, 100.00
NESCO, EQ, 11-Sep-2026, 1091.20, 1090.00, 1109.80, 1090.00, 1097.10, 1102.20, 1096.89, 39091, 428.78, 3865, 21901, 63.59
NESTLEIND, EQ, 11-Sep-2026, 1386.20, 1376.70, 1401.20, 1373.50, 1383.30, 1383.30, 1387.08, 1238699, 17181.73, 50378, 609191, 56.15
NETF, EQ, 11-Sep-2026, 256.70, 263.11, 263.11, 253.54, 254.48, 254.79, 254.14, 8327, 21.16, 188, 7859, 95.69
NETWEB, EQ, 11-Sep-2026, 5013.50, 4967.50, 5055.00, 4916.00, 5044.50, 5027.00, 4996.57, 870299, 43485.06, 61505, 175942, 23.38
NETWORK18, EQ, 11-Sep-2026, 26.83, 26.61, 26.89, 26.35, 26.65, 26.64, 26.64, 3839278, 1022.87, 8321, 1668563, 51.29
NEUEON, BE, 11-Sep-2026, 12.05, 12.28, 12.28, 11.58, 11.70, 11.96, 11.86, 37376, 4.43, 62, -, -
NEULANDLAB, EQ, 11-Sep-2026, 23800.00, 23780.00, 23895.00, 23225.00, 23455.00, 23535.00, 23638.40, 43901, 10377.49, 18213, 17609, 45.79
NEWGEN, EQ, 11-Sep-2026, 507.90, 507.00, 509.00, 498.55, 502.90, 501.40, 502.19, 583926, 2932.41, 19390, 206835, 43.94
NEWJAISA, ST, 11-Sep-2026, 17.20, 17.25, 17.50, 17.25, 17.25, 17.25, 17.44, 12000, 2.09, 5, 10500, 100.00
NEXT30ADD, EQ, 11-Sep-2026, 42.64, 42.11, 42.50, 42.01, 42.48, 42.39, 42.25, 3594, 1.52, 92, 2264, 66.10
NEXT50, EQ, 11-Sep-2026, 748.86, 746.00, 747.68, 738.60, 744.45, 746.10, 743.34, 39376, 292.70, 3151, 21435, 61.95
NEXT50ADD, EQ, 11-Sep-2026, 74.55, 72.55, 72.91, 71.96, 72.91, 72.78, 72.46, 6726, 4.87, 185, 3281, 54.54
NEXT50BETA, EQ, 11-Sep-2026, 78.34, 78.34, 78.34, 77.27, 78.25, 78.06, 77.55, 1478655, 1146.71, 1019, 1297526, 88.39
NEXT50ETF, EQ, 11-Sep-2026, 73.21, 72.95, 74.98, 71.86, 73.08, 72.96, 72.49, 11202, 8.12, 157, 7775, 86.85
NEXT50IETF, EQ, 11-Sep-2026, 76.70, 78.23, 78.23, 75.53, 76.57, 76.35, 75.99, 1014382, 770.86, 6786, 707378, 72.29
NEXTMEDIA, EQ, 11-Sep-2026, 3.89, 3.89, 3.92, 3.77, 3.92, 3.90, 3.89, 9170, 0.36, 47, 5057, 84.27
NFL, EQ, 11-Sep-2026, 69.45, 68.20, 68.74, 67.60, 68.70, 68.49, 68.01, 498200, 338.82, 3718, 195831, 51.62
NFPSAMPOOR, SM, 11-Sep-2026, 22.05, 21.05, 21.10, 21.00, 21.00, 21.00, 21.05, 10000, 2.11, 5, 6000, 100.00
NGIL, EQ, 11-Sep-2026, 34.68, 34.21, 34.70, 32.93, 33.57, 33.42, 33.40, 13638, 4.55, 152, 8664, 81.85
NGLFINE, EQ, 11-Sep-2026, 2725.70, 2723.50, 2723.50, 2578.00, 2700.00, 2657.20, 2670.50, 8524, 227.63, 1523, 2757, 59.42
NH, EQ, 11-Sep-2026, 1909.70, 1903.00, 1908.30, 1864.60, 1869.90, 1869.20, 1881.01, 183488, 3451.43, 24915, 98976, 58.75
NHPC, EQ, 11-Sep-2026, 76.35, 75.91, 77.40, 75.87, 76.38, 76.38, 76.74, 12031109, 9232.89, 37285, 5450263, 49.45
NIACL, EQ, 11-Sep-2026, 197.35, 197.00, 203.77, 194.13, 198.92, 198.39, 198.69, 7024229, 13956.29, 66641, 956518, 15.01
NIBE, EQ, 11-Sep-2026, 1298.20, 1298.00, 1298.00, 1266.50, 1280.20, 1282.40, 1279.74, 40817, 522.35, 3103, 19230, 52.89
NIBL, EQ, 11-Sep-2026, 30.58, 31.00, 36.69, 29.97, 33.20, 33.23, 35.35, 438095, 154.85, 2824, 135623, 32.14
NICCOPAR, EQ, 11-Sep-2026, 80.02, 80.50, 83.00, 79.50, 83.00, 83.00, 80.35, 306, 0.25, 7, 300, 100.00
NIDAN, SM, 11-Sep-2026, 13.15, 12.90, 13.80, 12.90, 13.50, 13.50, 13.43, 4000, 0.54, 4, 3000, 75.00
NIF100BEES, EQ, 11-Sep-2026, 261.06, 267.58, 267.58, 258.44, 261.96, 261.20, 260.20, 48961, 127.40, 737, 33771, 78.02
NIF100IETF, EQ, 11-Sep-2026, 27.49, 27.30, 27.60, 27.21, 27.41, 27.49, 27.37, 71066, 19.45, 1460, 42897, 65.71
NIF500BETA, EQ, 11-Sep-2026, 36.94, 36.60, 36.78, 36.42, 36.78, 36.78, 36.46, 1712, 0.62, 10, 1342, 78.39
NIFTY1, EQ, 11-Sep-2026, 260.24, 260.24, 264.25, 258.30, 260.59, 260.41, 259.46, 105159, 272.84, 1404, 73084, 72.87
NIFTY100EW, EQ, 11-Sep-2026, 34.60, 34.28, 35.59, 34.22, 34.58, 34.53, 34.36, 91355, 31.39, 320, 63490, 71.67
NIFTYADD, EQ, 11-Sep-2026, 247.15, 246.48, 247.58, 245.37, 246.90, 246.89, 246.65, 35502, 87.57, 225, 13174, 91.58
NIFTYAXIS, EQ, 11-Sep-2026, 259.69, 258.76, 262.29, 257.75, 259.95, 259.44, 259.96, 653406, 1698.59, 336, 622134, 95.33
NIFTYBEES, EQ, 11-Sep-2026, 267.17, 268.60, 268.60, 265.01, 267.40, 267.14, 266.46, 9238422, 24617.09, 70060, 5318595, 66.06
NIFTYBETA, EQ, 11-Sep-2026, 260.06, 266.56, 266.56, 257.46, 260.21, 260.23, 259.13, 20680, 53.59, 491, 11409, 60.22
NIFTYBETF, EQ, 11-Sep-2026, 241.36, 240.47, 241.70, 239.59, 241.36, 241.10, 240.60, 3514, 8.45, 96, 3381, 99.21
NIFTYCASE, EQ, 11-Sep-2026, 9.41, 9.64, 9.64, 9.33, 9.44, 9.41, 9.38, 1453190, 136.28, 2214, 1045148, 76.52
NIFTYETF, EQ, 11-Sep-2026, 255.09, 254.57, 255.59, 252.56, 255.17, 255.29, 254.50, 193221, 491.75, 947, 156221, 84.52
NIFTYIETF, EQ, 11-Sep-2026, 265.84, 264.77, 266.36, 263.66, 265.97, 265.67, 264.97, 494060, 1309.09, 11926, 266127, 63.02
NIFTYJBLK, EQ, 11-Sep-2026, 12.00, 12.30, 12.61, 11.89, 12.13, 12.14, 12.02, 137929, 16.57, 732, 83950, 79.54
NIFTYQLITY, EQ, 11-Sep-2026, 20.80, 20.90, 20.90, 20.63, 20.83, 20.83, 20.72, 10193, 2.11, 210, 6423, 69.72
NIITLTD, EQ, 11-Sep-2026, 94.09, 93.80, 94.25, 92.00, 92.00, 92.49, 92.61, 219228, 203.02, 2607, 107658, 60.10
NIITMTS, EQ, 11-Sep-2026, 224.64, 224.00, 237.93, 219.44, 228.25, 229.84, 230.78, 1468129, 3388.13, 28773, 450521, 34.43
NIKITA, SM, 11-Sep-2026, 76.20, 71.00, 71.00, 69.00, 69.85, 70.10, 69.98, 44400, 31.07, 36, 37200, 91.18
NILAINFRA, EQ, 11-Sep-2026, 6.73, 6.80, 6.80, 6.61, 6.63, 6.64, 6.67, 96646, 6.45, 364, 63894, 78.58
NILASPACES, EQ, 11-Sep-2026, 12.14, 12.20, 12.46, 11.99, 12.29, 12.28, 12.17, 1502397, 182.91, 2727, 346590, 36.33
NILE, EQ, 11-Sep-2026, 1457.00, 1450.50, 1473.10, 1440.00, 1448.00, 1452.10, 1448.16, 1642, 23.78, 345, 1281, 85.17
NILKAMAL, EQ, 11-Sep-2026, 2077.40, 2067.10, 2067.10, 2005.00, 2050.00, 2050.80, 2037.96, 24037, 489.86, 2791, 11410, 50.98
NIMBSPROJ, EQ, 11-Sep-2026, 157.56, 163.63, 165.43, 163.50, 165.43, 165.25, 165.23, 1022, 1.69, 29, 973, 97.11
NINSYS, EQ, 11-Sep-2026, 708.45, 714.70, 716.70, 705.00, 712.50, 710.70, 711.02, 3308, 23.52, 337, 2222, 71.70
NIPPOBATRY, EQ, 11-Sep-2026, 322.45, 316.00, 324.00, 316.00, 318.00, 317.85, 318.16, 1674, 5.33, 174, 1034, 72.36
NIRAJ, EQ, 11-Sep-2026, 27.76, 27.50, 28.37, 25.70, 27.20, 27.22, 27.30, 41690, 11.38, 373, 27559, 69.30
NIRAJISPAT, BE, 11-Sep-2026, 315.95, 301.00, 301.00, 300.20, 300.40, 300.30, 300.30, 1868, 5.61, 29, -, -
NIRLON, EQ, 11-Sep-2026, 620.05, 624.00, 624.00, 598.80, 613.15, 607.50, 608.36, 6764, 41.15, 754, 4167, 67.31
NIRMAN, SM, 11-Sep-2026, 27.90, 27.30, 28.50, 27.00, 27.70, 27.55, 27.30, 21300, 5.82, 30, 16500, 79.71
NITCO, EQ, 11-Sep-2026, 95.23, 94.30, 94.30, 91.50, 93.25, 93.71, 92.78, 329886, 306.06, 2383, 150641, 52.01
NITINSPIN, EQ, 11-Sep-2026, 649.50, 649.00, 652.95, 636.55, 652.00, 651.05, 644.80, 63163, 407.27, 3824, 27166, 50.70
NITIRAJ, EQ, 11-Sep-2026, 231.16, 233.00, 237.10, 226.00, 237.00, 233.25, 232.11, 5204, 12.08, 97, 831, 81.87
NITTAGELA, EQ, 11-Sep-2026, 1654.40, 1655.00, 1655.10, 1584.00, 1649.00, 1645.30, 1621.16, 6154, 99.77, 762, 3593, 71.22
NIVABUPA, EQ, 11-Sep-2026, 79.42, 79.10, 80.36, 78.36, 79.50, 79.93, 79.61, 472895, 376.46, 10495, 232477, 60.28
NKIND, EQ, 11-Sep-2026, 56.60, 56.80, 57.40, 55.04, 55.37, 55.43, 56.14, 506, 0.28, 19, 303, 66.74
NLCINDIA, EQ, 11-Sep-2026, 270.40, 268.00, 268.55, 263.55, 264.85, 264.40, 265.75, 1177609, 3129.47, 34175, 540237, 54.86
NMDC, EQ, 11-Sep-2026, 84.60, 83.79, 83.79, 82.25, 82.40, 82.40, 82.76, 9234255, 7642.29, 34157, 3803238, 48.70
NOCIL, EQ, 11-Sep-2026, 195.31, 193.50, 194.30, 188.03, 190.30, 189.65, 190.71, 1202651, 2293.61, 13091, 500170, 45.75
NOIDATOLL, EQ, 11-Sep-2026, 3.99, 4.00, 4.08, 3.90, 4.03, 3.95, 3.97, 68478, 2.72, 229, 38597, 92.27
NORBTEAEXP, EQ, 11-Sep-2026, 64.14, 64.02, 67.34, 61.40, 64.40, 64.40, 64.31, 4523, 2.91, 54, 4106, 90.78
NORTHARC, EQ, 11-Sep-2026, 309.15, 306.15, 307.65, 302.40, 306.40, 305.10, 305.26, 699849, 2136.37, 17607, 350301, 55.35
NOVAAGRI, BE, 11-Sep-2026, 23.09, 23.30, 23.30, 22.05, 22.88, 22.70, 22.45, 61630, 13.84, 283, -, -
NOVARTIND, EQ, 11-Sep-2026, 2428.20, 2380.00, 2550.00, 2262.10, 2366.00, 2391.30, 2426.74, 454582, 11031.51, 39307, 67944, 15.81
NPBET, EQ, 11-Sep-2026, 282.93, 280.92, 284.79, 280.92, 284.56, 284.56, 283.70, 189, 0.54, 17, 189, 100.00
NPST, EQ, 11-Sep-2026, 1718.50, 1720.00, 1723.10, 1663.40, 1675.00, 1686.10, 1680.54, 20477, 344.12, 2680, 10561, 60.00
NRAIL, EQ, 11-Sep-2026, 595.30, 595.30, 634.00, 561.65, 633.45, 627.90, 610.84, 40702, 248.62, 2449, 16729, 50.26
NRBBEARING, EQ, 11-Sep-2026, 515.95, 518.30, 519.00, 498.20, 516.80, 514.65, 508.83, 700202, 3562.87, 37558, 304787, 47.29
NRL, BE, 11-Sep-2026, 134.84, 134.84, 138.00, 132.00, 133.97, 133.06, 134.17, 39928, 53.57, 364, -, -
NRVANDANA, SM, 11-Sep-2026, 68.90, 68.90, 69.00, 68.00, 68.00, 68.00, 68.74, 15000, 10.31, 4, 15000, 100.00
NSIL, EQ, 11-Sep-2026, 5604.00, 5620.00, 5638.00, 5510.50, 5517.00, 5551.00, 5546.88, 2296, 127.36, 522, 1576, 77.90
NSLNISP, EQ, 11-Sep-2026, 43.86, 43.36, 43.83, 42.46, 43.76, 43.66, 43.18, 3568740, 1540.87, 14113, 1281927, 41.82
NTCIND, EQ, 11-Sep-2026, 131.70, 136.70, 136.70, 130.01, 136.45, 134.91, 133.50, 596, 0.80, 45, 444, 79.57
NTPC, EQ, 11-Sep-2026, 335.00, 333.00, 336.25, 331.60, 333.40, 333.40, 334.47, 4968535, 16618.32, 43966, 2789575, 69.03
NTPCGREEN, EQ, 11-Sep-2026, 87.72, 87.70, 87.72, 86.44, 87.35, 86.94, 86.74, 1230861, 1067.63, 15620, 657677, 61.37
NUCLEUS, EQ, 11-Sep-2026, 701.05, 701.05, 701.05, 690.10, 694.30, 696.45, 694.60, 13685, 95.06, 1194, 7493, 61.30
NURECA, BE, 11-Sep-2026, 343.55, 343.55, 346.95, 330.00, 333.00, 332.75, 331.99, 5811, 19.29, 167, -, -
NUVAMA, EQ, 11-Sep-2026, 1757.90, 1735.60, 1746.50, 1703.40, 1744.90, 1737.20, 1721.23, 240099, 4132.67, 26658, 128914, 59.72
NUVOCO, EQ, 11-Sep-2026, 331.30, 330.85, 331.50, 325.25, 329.10, 330.15, 328.91, 101606, 334.20, 5541, 42391, 45.18
NV20, EQ, 11-Sep-2026, 13.57, 13.73, 13.73, 13.26, 13.56, 13.56, 13.52, 102904, 13.91, 328, 65582, 63.77
NV20BEES, EQ, 11-Sep-2026, 135.96, 135.50, 136.68, 134.60, 136.50, 136.15, 135.83, 29250, 39.73, 338, 15804, 56.03
NV20IETF, EQ, 11-Sep-2026, 13.24, 13.23, 13.31, 12.99, 13.31, 13.27, 13.18, 538148, 70.91, 1766, 298311, 60.79
NXST, RR, 11-Sep-2026, 167.97, 168.30, 169.20, 166.06, 167.00, 166.98, 167.16, 343514, 574.20, 9312, 275370, 86.06
NXT-INFRA, IV, 11-Sep-2026, 96.12, 96.00, 96.00, 96.00, 96.00, 96.00, 96.00, 75000, 72.00, 3, 75000, 100.00
NYKAA, EQ, 11-Sep-2026, 341.95, 341.15, 344.50, 339.05, 344.50, 344.50, 342.05, 3977712, 13605.93, 50667, 1971108, 56.77
OAL, EQ, 11-Sep-2026, 524.70, 522.10, 544.80, 511.00, 531.30, 532.10, 530.82, 43221, 229.42, 2124, 19836, 49.39
OBCL, EQ, 11-Sep-2026, 55.89, 56.70, 56.70, 55.70, 55.70, 55.78, 55.79, 4948, 2.76, 55, 2640, 92.73
OBEROIRLTY, EQ, 11-Sep-2026, 1792.00, 1775.70, 1780.00, 1714.80, 1741.10, 1741.10, 1732.72, 543198, 9412.11, 37465, 223480, 45.92
OBSCP, SM, 11-Sep-2026, 971.60, 949.00, 976.70, 922.15, 965.00, 958.65, 950.72, 50400, 479.16, 120, 28800, 61.02
OCCLLTD, BE, 11-Sep-2026, 163.91, 166.80, 166.80, 157.20, 159.75, 159.41, 160.31, 48957, 78.48, 361, -, -
ODIGMA, EQ, 11-Sep-2026, 22.33, 22.33, 22.70, 21.99, 22.22, 22.23, 22.12, 17891, 3.96, 240, 14878, 85.08
ODYCORP, EQ, 11-Sep-2026, 7.03, 7.40, 7.40, 6.11, 7.20, 7.18, 6.86, 121012, 8.30, 200, 75561, 73.16
OFSS, EQ, 11-Sep-2026, 11725.00, 11599.00, 11830.00, 11595.00, 11763.00, 11763.00, 11758.52, 246099, 28937.60, 34048, 115889, 52.37
OIL, EQ, 11-Sep-2026, 500.30, 508.00, 511.95, 485.40, 489.80, 489.80, 497.64, 5273521, 26243.20, 55650, 1746444, 36.27
OILCOUNTUB, BE, 11-Sep-2026, 60.51, 60.00, 61.20, 59.30, 61.20, 61.20, 60.38, 6763, 4.08, 47, -, -
OILIETF, EQ, 11-Sep-2026, 11.17, 11.17, 11.19, 11.10, 11.19, 11.17, 11.14, 1400822, 156.11, 2500, 846739, 64.72
OLAELEC, EQ, 11-Sep-2026, 39.15, 38.70, 39.35, 38.34, 38.51, 38.54, 38.79, 48676576, 18879.68, 101222, 7752349, 16.76
OLECTRA, EQ, 11-Sep-2026, 1206.70, 1193.10, 1223.00, 1185.50, 1208.50, 1209.50, 1203.17, 311051, 3742.49, 18863, 129277, 44.51
OLIL, SM, 11-Sep-2026, 427.55, 416.00, 440.00, 416.00, 440.00, 436.30, 430.16, 28000, 120.44, 51, 4800, 31.58
OMAXAUTO, EQ, 11-Sep-2026, 176.44, 176.00, 176.00, 168.00, 171.50, 172.93, 171.21, 67161, 114.98, 1357, 35921, 57.97
OMAXE, EQ, 11-Sep-2026, 122.42, 121.00, 126.20, 117.51, 123.03, 123.98, 122.00, 1063265, 1297.13, 11740, 299236, 30.85
OMFREIGHT, BE, 11-Sep-2026, 87.32, 87.10, 90.00, 83.80, 88.00, 89.12, 85.58, 13225, 11.32, 148, -, -
OMFURN, SM, 11-Sep-2026, 53.00, 52.05, 53.00, 52.05, 53.00, 53.00, 52.53, 2400, 1.26, 2, 1200, 100.00
OMINFRAL, EQ, 11-Sep-2026, 80.80, 80.80, 82.00, 78.85, 79.15, 79.59, 80.02, 50982, 40.80, 1142, 25510, 58.48
OMNI, EQ, 11-Sep-2026, 563.35, 554.90, 558.00, 537.55, 550.50, 549.75, 549.50, 582475, 3200.69, 17092, 248944, 46.91
OMPOWER, EQ, 11-Sep-2026, 168.11, 167.01, 174.95, 165.00, 170.00, 171.54, 169.79, 206438, 350.52, 3136, 90345, 47.74
ONDOOR, SM, 11-Sep-2026, 291.15, 289.00, 289.00, 283.35, 288.00, 288.00, 286.78, 900, 2.58, 3, 600, 100.00
ONEGLOBAL, EQ, 11-Sep-2026, 546.00, 545.00, 545.00, 535.00, 542.00, 540.45, 539.60, 10095, 54.47, 452, 6936, 77.69
ONELIFECAP, BE, 11-Sep-2026, 31.95, 32.00, 32.89, 30.65, 32.87, 32.76, 31.17, 50114, 15.62, 65, -, -
ONEPOINT, EQ, 11-Sep-2026, 57.74, 57.70, 57.70, 55.99, 56.15, 56.39, 56.57, 363820, 205.83, 2421, 133728, 52.32
ONESOURCE, EQ, 11-Sep-2026, 1541.90, 1548.10, 1624.70, 1530.00, 1592.00, 1592.20, 1600.92, 919086, 14713.80, 53309, 350793, 39.84
ONGC, EQ, 11-Sep-2026, 237.27, 239.90, 243.16, 232.50, 232.50, 232.50, 237.83, 27128531, 64520.19, 152680, 8490694, 35.06
ONIDA, EQ, 11-Sep-2026, 32.98, 32.70, 32.99, 31.62, 32.88, 32.18, 32.39, 510143, 165.23, 1647, 282306, 74.06
ONIXSOLAR, EQ, 11-Sep-2026, 459.40, 458.90, 459.00, 436.45, 436.45, 438.65, 442.62, 428009, 1894.47, 6445, 215147, 55.90
ONMOBILE, BE, 11-Sep-2026, 46.99, 46.28, 47.00, 46.28, 47.00, 47.00, 46.80, 42356, 19.82, 106, -, -
ONWARDTEC, EQ, 11-Sep-2026, 288.65, 287.15, 287.15, 281.00, 283.95, 283.65, 284.66, 13987, 39.82, 506, 8382, 70.64
ONYX, ST, 11-Sep-2026, 38.75, 38.00, 38.00, 38.00, 38.00, 38.00, 38.00, 2000, 0.76, 1, 2000, 100.00
OPTIEMUS, EQ, 11-Sep-2026, 557.65, 551.00, 570.00, 540.00, 567.75, 566.25, 561.00, 169027, 948.23, 6530, 84755, 54.97
OPTIFIN, EQ, 11-Sep-2026, 14.57, 15.22, 15.22, 14.20, 14.50, 14.50, 14.65, 31031, 4.55, 72, 25998, 88.82
OPTIMYSTIX, SM, 11-Sep-2026, 148.80, 145.50, 148.80, 141.00, 148.00, 148.00, 143.54, 72800, 104.49, 47, 60000, 83.33
OPTIVALUE, ST, 11-Sep-2026, 181.30, 190.35, 190.35, 190.35, 190.35, 190.35, 190.35, 25600, 48.73, 10, 25600, 100.00
ORBTEXP, BE, 11-Sep-2026, 237.00, 237.00, 244.00, 232.40, 237.01, 237.00, 235.23, 484, 1.14, 22, -, -
ORCHASP, EQ, 11-Sep-2026, 1.44, 1.45, 1.48, 1.36, 1.42, 1.41, 1.42, 169364, 2.41, 305, 92839, 67.41
ORCHPHARMA, EQ, 11-Sep-2026, 1016.10, 1005.50, 1010.00, 973.55, 990.85, 1003.05, 987.17, 68916, 680.32, 8652, 38742, 61.07
ORIANA, SM, 11-Sep-2026, 1222.20, 1222.20, 1244.10, 1201.00, 1212.00, 1227.25, 1223.19, 42300, 517.41, 403, 20475, 67.41
ORICONENT, EQ, 11-Sep-2026, 51.65, 53.00, 53.00, 51.20, 51.40, 51.39, 51.83, 48345, 25.06, 525, 33544, 83.78
ORIENTALTL, EQ, 11-Sep-2026, 5.09, 5.03, 5.14, 5.00, 5.09, 5.07, 5.06, 65353, 3.31, 271, 25384, 51.55
ORIENTBELL, EQ, 11-Sep-2026, 412.00, 408.80, 412.00, 400.20, 404.00, 401.95, 405.43, 22419, 90.89, 1532, 9020, 44.94
ORIENTCEM, EQ, 11-Sep-2026, 126.06, 125.00, 126.28, 123.00, 125.30, 125.58, 124.51, 258021, 321.25, 3172, 122051, 51.89
ORIENTCER, EQ, 11-Sep-2026, 46.68, 45.81, 46.70, 45.15, 45.51, 46.01, 45.75, 58539, 26.78, 1142, 29245, 60.56
ORIENTELEC, EQ, 11-Sep-2026, 173.64, 175.00, 175.45, 171.20, 175.00, 173.56, 172.73, 143546, 247.95, 2681, 59839, 59.87
ORIENTHOT, EQ, 11-Sep-2026, 139.81, 139.00, 145.00, 137.35, 141.10, 141.35, 139.69, 466572, 651.75, 2329, 185639, 59.22
ORIENTLTD, BE, 11-Sep-2026, 81.73, 84.00, 84.00, 78.11, 82.75, 82.75, 83.09, 845, 0.70, 22, -, -
ORIENTPPR, EQ, 11-Sep-2026, 18.06, 17.65, 18.06, 17.65, 17.83, 17.78, 17.88, 151622, 27.10, 627, 86357, 61.08
ORIENTTECH, EQ, 11-Sep-2026, 235.36, 237.18, 274.50, 233.70, 247.47, 249.64, 262.74, 8430139, 22149.45, 111500, 709695, 8.66
ORIRAIL, EQ, 11-Sep-2026, 122.30, 123.80, 125.00, 116.86, 123.53, 124.11, 122.27, 164548, 201.19, 2587, 67083, 46.78
ORISSAMINE, EQ, 11-Sep-2026, 4074.50, 4100.00, 4100.00, 3948.00, 3980.00, 3955.20, 3981.55, 10318, 410.82, 2197, 3974, 58.21
ORKLAINDIA, EQ, 11-Sep-2026, 578.50, 572.25, 594.90, 571.05, 589.95, 591.25, 587.42, 39880, 234.26, 3193, 16982, 61.40
ORTINGLOBE, EQ, 11-Sep-2026, 16.30, 16.70, 17.11, 15.81, 17.11, 17.09, 16.75, 30391, 5.09, 100, 21155, 76.72
OSELDEVICE, SM, 11-Sep-2026, 371.65, 369.75, 374.80, 369.15, 374.50, 372.15, 371.65, 26200, 97.37, 112, 15400, 81.91
OSIAHYPER, BE, 11-Sep-2026, 2.45, 2.35, 2.52, 2.35, 2.45, 2.44, 2.44, 321940, 7.85, 230, -, -
OSWALAGRO, EQ, 11-Sep-2026, 34.34, 35.00, 35.97, 34.91, 35.89, 35.60, 35.51, 58945, 20.93, 348, 41178, 72.49
OSWALGREEN, EQ, 11-Sep-2026, 19.79, 19.79, 20.09, 19.65, 20.01, 20.01, 19.94, 43802, 8.74, 483, 28640, 84.61
OSWALPUMPS, EQ, 11-Sep-2026, 283.60, 282.00, 283.50, 276.40, 283.50, 282.45, 279.75, 289556, 810.02, 7654, 122758, 47.11
OSWALSEEDS, EQ, 11-Sep-2026, 14.75, 15.00, 17.00, 15.00, 15.48, 15.54, 16.05, 1482517, 237.92, 2909, 693946, 54.80
OWAIS, ST, 11-Sep-2026, 78.10, 78.00, 78.10, 76.55, 76.55, 76.55, 76.75, 11900, 9.13, 40, 10900, 92.37
PACEDIGITK, EQ, 11-Sep-2026, 159.00, 157.60, 159.80, 155.71, 158.37, 158.33, 157.11, 474369, 745.30, 6909, 219569, 53.67
PACIFICI, EQ, 11-Sep-2026, 137.82, 144.80, 145.00, 140.00, 140.00, 140.00, 142.79, 421, 0.60, 19, 417, 99.29
PAGEIND, EQ, 11-Sep-2026, 35750.00, 35405.00, 35410.00, 35080.00, 35365.00, 35365.00, 35249.59, 11287, 3978.62, 5797, 4410, 48.00
PAISALO, EQ, 11-Sep-2026, 83.05, 81.72, 84.60, 81.20, 83.99, 84.23, 83.58, 16781160, 14025.04, 40380, 7508013, 48.59
PAKKA, EQ, 11-Sep-2026, 76.28, 77.29, 77.59, 76.01, 76.30, 76.57, 76.51, 159578, 122.09, 3439, 87234, 61.47
PALASHSECU, EQ, 11-Sep-2026, 87.99, 89.90, 89.90, 85.00, 86.99, 85.92, 86.91, 2205, 1.92, 165, 1981, 90.09
PALREDTEC, EQ, 11-Sep-2026, 53.28, 50.90, 54.90, 50.62, 52.00, 52.00, 53.18, 796, 0.42, 21, 696, 100.00
PANACEABIO, EQ, 11-Sep-2026, 388.65, 387.90, 399.95, 383.45, 399.90, 397.65, 392.40, 89281, 350.34, 2726, 43673, 59.04
PANACHE, BE, 11-Sep-2026, 519.00, 510.00, 519.00, 510.00, 519.00, 519.00, 516.20, 2302, 11.88, 46, -, -
PANAMAPET, EQ, 11-Sep-2026, 491.65, 493.80, 495.00, 479.00, 483.00, 483.15, 485.29, 196478, 953.49, 6320, 71421, 44.29
PANCHMAHQ, EQ, 11-Sep-2026, 290.00, 280.00, 300.00, 280.00, 280.00, 280.00, 290.00, 4, 0.01, 4, 3, 75.00
PANORAMA, EQ, 11-Sep-2026, 52.92, 52.89, 55.96, 50.01, 53.05, 53.78, 53.80, 755344, 406.37, 4662, 339064, 50.65
PANSARI, EQ, 11-Sep-2026, 293.00, 275.30, 292.50, 275.30, 288.80, 281.50, 281.27, 1995, 5.61, 58, 1642, 84.73
PAR, BE, 11-Sep-2026, 141.08, 141.99, 147.96, 134.03, 141.70, 140.92, 139.67, 76296, 106.56, 895, -, -
PARACABLES, EQ, 11-Sep-2026, 65.69, 65.10, 65.71, 63.20, 64.77, 64.87, 64.51, 1513296, 976.25, 8763, 677102, 48.05
PARADEEP, EQ, 11-Sep-2026, 157.11, 156.25, 156.38, 153.03, 156.20, 155.96, 154.94, 1894916, 2935.90, 23263, 655412, 41.30
PARAGMILK, EQ, 11-Sep-2026, 264.85, 263.30, 273.20, 261.00, 266.10, 268.50, 268.00, 2611943, 6999.97, 42622, 828159, 35.47
PARAGON, SM, 11-Sep-2026, 57.60, 57.60, 57.60, 51.30, 53.95, 53.85, 53.42, 36000, 19.23, 26, 28800, 82.76
PARAMATRIX, SM, 11-Sep-2026, 59.00, 61.20, 61.20, 61.20, 61.20, 61.20, 61.20, 1200, 0.73, 1, 1200, 100.00
PARAMOUNT, SM, 11-Sep-2026, 42.55, 44.65, 44.65, 44.65, 44.65, 44.65, 44.65, 6000, 2.68, 5, 6000, 100.00
PARAS, EQ, 11-Sep-2026, 1453.30, 1440.00, 1446.60, 1404.00, 1430.40, 1435.60, 1426.22, 703534, 10033.93, 36338, 205511, 34.91
PARASPETRO, EQ, 11-Sep-2026, 2.15, 2.19, 2.23, 2.10, 2.18, 2.17, 2.16, 112354, 2.43, 185, 54365, 70.25
PARIN, SM, 11-Sep-2026, 705.70, 700.00, 707.00, 675.00, 694.85, 687.10, 695.54, 16500, 114.76, 60, 8500, 64.15
PARKHOSPS, EQ, 11-Sep-2026, 280.80, 279.00, 281.70, 276.65, 279.90, 279.30, 279.05, 211652, 590.62, 5867, 101424, 56.65
PARKHOTELS, EQ, 11-Sep-2026, 111.63, 111.63, 111.79, 109.20, 111.79, 110.77, 110.27, 113025, 124.64, 2045, 75205, 72.40
PARNAXLAB, EQ, 11-Sep-2026, 127.48, 127.48, 134.72, 125.00, 127.00, 127.00, 129.91, 3083, 4.01, 68, 293, 12.23
PARSVNATH, BE, 11-Sep-2026, 1.69, 1.72, 1.72, 1.72, 1.72, 1.72, 1.72, 181521, 3.12, 36, -, -
PARTH, SM, 11-Sep-2026, 538.55, 532.00, 532.00, 515.00, 525.00, 523.35, 520.76, 15200, 79.16, 37, 10000, 73.53
PARTYCRUS, SM, 11-Sep-2026, 90.40, 90.00, 99.95, 90.00, 99.95, 99.95, 94.44, 33000, 31.16, 32, 28000, 87.50
PASHUPATI, EQ, 11-Sep-2026, 80.24, 81.00, 84.70, 79.98, 80.56, 80.73, 81.37, 139989, 113.91, 3071, 15726, 12.09
PASUPTAC, BE, 11-Sep-2026, 67.76, 67.25, 67.87, 66.06, 67.29, 67.08, 66.72, 32213, 21.49, 284, -, -
PATANJALI, EQ, 11-Sep-2026, 339.75, 338.00, 341.00, 336.00, 341.00, 341.00, 338.96, 1986378, 6733.09, 14688, 697878, 41.91
PATELENG, EQ, 11-Sep-2026, 26.87, 26.70, 26.74, 26.11, 26.73, 26.61, 26.48, 1915972, 507.34, 6933, 1007269, 60.31
PATELRMART, EQ, 11-Sep-2026, 211.90, 214.00, 214.00, 205.82, 210.60, 211.05, 210.03, 101683, 213.57, 1962, 55424, 64.47
PATILAUTOM, SM, 11-Sep-2026, 321.70, 315.00, 321.00, 303.00, 314.00, 312.65, 312.78, 130800, 409.12, 180, 72600, 72.02
PATINTLOG, BE, 11-Sep-2026, 13.11, 13.44, 13.44, 13.00, 13.16, 13.18, 13.19, 14144, 1.87, 113, -, -
PAUSHAKLTD, EQ, 11-Sep-2026, 734.05, 730.00, 748.60, 723.80, 728.00, 729.60, 729.57, 55605, 405.68, 4076, 29432, 66.97
PAVNAIND, EQ, 11-Sep-2026, 15.08, 15.23, 15.88, 14.51, 14.90, 14.88, 14.98, 94965, 14.23, 398, 56141, 69.56
PAYTM, EQ, 11-Sep-2026, 1739.00, 1745.00, 1840.00, 1726.80, 1807.50, 1807.50, 1793.95, 9269434, 166289.06, 216343, 2940686, 35.19
PBMPOLY, EQ, 11-Sep-2026, 60.00, 59.43, 61.00, 59.43, 61.00, 61.00, 60.09, 65, 0.04, 9, 63, 96.92
PCBL, EQ, 11-Sep-2026, 334.80, 331.30, 332.00, 324.45, 331.50, 331.05, 328.40, 1147765, 3769.26, 20800, 407734, 39.35
PCCL, SM, 11-Sep-2026, 437.20, 414.05, 436.00, 413.60, 434.00, 434.00, 428.50, 12000, 51.42, 28, 6400, 55.17
PCJEWELLER, EQ, 11-Sep-2026, 13.83, 13.83, 13.92, 13.22, 13.74, 13.70, 13.60, 420161544, 57127.93, 187640, 77167091, 19.58
PDMJEPAPER, EQ, 11-Sep-2026, 98.77, 97.74, 99.79, 96.15, 97.62, 97.70, 97.99, 231141, 226.49, 3298, 90463, 44.32
PDSL, EQ, 11-Sep-2026, 348.20, 347.45, 349.60, 342.30, 347.10, 348.20, 346.70, 31707, 109.93, 2003, 19990, 69.17
PEARLPOLY, EQ, 11-Sep-2026, 15.62, 15.65, 15.97, 15.51, 15.51, 15.51, 15.61, 1835, 0.29, 37, 1550, 99.49
PELATRO, SM, 11-Sep-2026, 375.50, 375.00, 380.00, 374.00, 376.00, 376.00, 376.48, 5400, 20.33, 16, 4500, 93.75
PENIND, EQ, 11-Sep-2026, 177.34, 175.00, 178.30, 171.01, 175.45, 175.54, 174.58, 471310, 822.82, 7254, 183566, 43.22
PENINLAND, EQ, 11-Sep-2026, 15.32, 15.32, 15.82, 15.21, 15.53, 15.59, 15.49, 116121, 17.98, 355, 83779, 86.71
PENTAGON, ST, 11-Sep-2026, 95.60, 93.00, 93.00, 93.00, 93.00, 93.00, 93.00, 2000, 1.86, 1, -, -
PERFECT, SZ, 11-Sep-2026, 1.75, 1.70, 1.70, 1.70, 1.70, 1.70, 1.70, 3000, 0.05, 1, 3000, 100.00
PERMAGN, EQ, 11-Sep-2026, 869.50, 857.00, 878.50, 849.50, 861.10, 864.65, 864.89, 1843, 15.94, 259, 1338, 77.30
PERNIASPOP, EQ, 11-Sep-2026, 575.50, 561.00, 585.00, 542.10, 576.25, 569.90, 556.93, 426175, 2373.48, 14557, 109848, 37.37
PERSISTENT, EQ, 11-Sep-2026, 5509.50, 5469.00, 5545.50, 5444.50, 5516.00, 5516.00, 5515.57, 335360, 18497.03, 21876, 94496, 30.00
PETRONET, EQ, 11-Sep-2026, 288.70, 285.65, 287.20, 283.85, 287.20, 287.20, 285.76, 781806, 2234.12, 19628, 369256, 57.90
PFC, EQ, 11-Sep-2026, 352.80, 348.00, 353.45, 348.00, 353.45, 353.45, 350.62, 6198609, 21733.47, 43233, 3851035, 72.18
PFIZER, EQ, 11-Sep-2026, 4095.40, 4103.10, 4123.80, 4054.00, 4055.00, 4060.20, 4069.20, 138685, 5643.37, 12309, 75250, 73.50
PFOCUS, EQ, 11-Sep-2026, 313.55, 310.00, 315.60, 307.00, 309.30, 310.85, 310.49, 313377, 973.01, 10033, 142117, 52.36
PFS, EQ, 11-Sep-2026, 27.47, 27.10, 27.83, 26.99, 27.40, 27.42, 27.49, 511300, 140.55, 3343, 308745, 69.65
PGEL, EQ, 11-Sep-2026, 542.00, 537.50, 545.00, 527.50, 545.00, 545.00, 538.35, 852250, 4588.10, 24352, 325314, 42.58
PGHH, EQ, 11-Sep-2026, 7581.50, 7560.00, 7564.00, 7507.50, 7520.00, 7518.00, 7525.42, 9836, 740.20, 3348, 5537, 67.58
PGHL, EQ, 11-Sep-2026, 5425.50, 5430.00, 5470.50, 5302.50, 5400.00, 5411.50, 5396.98, 7707, 415.95, 2470, 3625, 57.08
PGIL, EQ, 11-Sep-2026, 2378.40, 1200.80, 1224.80, 1155.30, 1192.20, 1187.70, 1180.02, 130774, 1543.16, 17836, 49812, 42.44
PGINVIT, IV, 11-Sep-2026, 102.05, 102.49, 102.50, 101.80, 102.00, 101.99, 102.03, 1235736, 1260.83, 6272, 1024626, 87.02
PHANTOMFX, SM, 11-Sep-2026, 115.75, 116.55, 117.50, 106.25, 112.50, 112.35, 112.66, 43800, 49.35, 70, 33600, 79.43
PHARMABEES, EQ, 11-Sep-2026, 27.27, 27.27, 27.77, 26.58, 27.38, 27.29, 27.25, 3064207, 834.88, 9546, 1566653, 55.90
PHOENIXLTD, EQ, 11-Sep-2026, 1890.00, 1876.00, 1910.00, 1825.10, 1890.00, 1890.00, 1879.78, 723014, 13591.07, 49274, 382328, 60.08
PHOENXINTL, EQ, 11-Sep-2026, 30.15, 29.00, 30.15, 29.00, 30.15, 29.85, 29.61, 1965, 0.58, 34, 789, 90.48
PICCADIL, EQ, 11-Sep-2026, 600.50, 602.00, 610.20, 592.10, 600.30, 602.15, 600.40, 150037, 900.81, 8667, 58141, 49.17
PIDILITIND, EQ, 11-Sep-2026, 1569.00, 1550.00, 1567.90, 1540.40, 1566.90, 1566.90, 1558.40, 389368, 6067.91, 25273, 164376, 58.99
PIGL, EQ, 11-Sep-2026, 104.11, 104.00, 105.99, 102.00, 102.01, 102.10, 103.46, 81976, 84.81, 699, 51821, 71.73
PIIND, EQ, 11-Sep-2026, 2365.00, 2350.00, 2365.00, 2191.00, 2259.00, 2259.00, 2256.61, 1124887, 25384.26, 69330, 313840, 31.78
PILANIINVS, EQ, 11-Sep-2026, 4235.80, 4270.00, 4270.00, 4167.30, 4190.00, 4191.60, 4196.52, 1468, 61.60, 318, 837, 66.85
PILITA, EQ, 11-Sep-2026, 7.88, 7.76, 8.00, 7.70, 7.85, 7.84, 7.79, 15708, 1.22, 178, 9734, 92.35
PINELABS, EQ, 11-Sep-2026, 173.17, 171.00, 206.38, 170.96, 198.85, 202.17, 191.88, 276696049, 530930.86, 1171675, 54284336, 21.00
PIONEEREMB, EQ, 11-Sep-2026, 20.42, 20.42, 21.40, 20.24, 20.50, 20.51, 20.74, 7098, 1.47, 79, 4677, 74.46
PIONRINV, BE, 11-Sep-2026, 88.99, 86.00, 87.21, 84.75, 87.21, 87.21, 86.38, 1782, 1.54, 9, -, -
PIRAMALFIN, EQ, 11-Sep-2026, 2295.60, 2267.90, 2287.40, 2249.30, 2256.00, 2255.60, 2259.55, 290691, 6568.30, 14476, 134391, 72.14
PITTIENG, EQ, 11-Sep-2026, 1171.40, 1170.00, 1172.00, 1123.80, 1164.00, 1167.90, 1153.97, 128175, 1479.10, 8416, 51927, 47.31
PIXTRANS, EQ, 11-Sep-2026, 1728.30, 1721.10, 1750.00, 1709.90, 1720.00, 1722.10, 1728.36, 10173, 175.83, 1485, 4259, 61.55
PKTEA, EQ, 11-Sep-2026, 1094.20, 1080.00, 1150.00, 1001.10, 1123.00, 1121.75, 1092.44, 25219, 275.50, 1537, 9368, 40.58
PLASTIBLEN, EQ, 11-Sep-2026, 194.15, 194.40, 195.04, 186.73, 192.00, 192.78, 191.83, 28068, 53.84, 853, 14140, 54.37
PLATIND, EQ, 11-Sep-2026, 221.04, 219.23, 223.00, 218.42, 223.00, 221.05, 221.04, 33790, 74.69, 1283, 15958, 54.48
PLAZACABLE, EQ, 11-Sep-2026, 60.51, 60.90, 63.50, 59.32, 63.40, 62.97, 62.36, 304379, 189.82, 2434, 166846, 59.73
PML, EQ, 11-Sep-2026, 486.75, 499.00, 499.00, 482.00, 498.95, 482.45, 489.87, 301, 1.47, 40, 267, 89.00
PNB, EQ, 11-Sep-2026, 116.85, 116.00, 117.79, 114.52, 116.75, 116.75, 116.76, 11479971, 13404.39, 54824, 4131961, 42.30
PNBGILTS, EQ, 11-Sep-2026, 80.36, 80.36, 81.00, 79.04, 80.06, 80.34, 79.71, 230861, 184.01, 2203, 92085, 55.73
PNBHOUSING, EQ, 11-Sep-2026, 1179.00, 1172.00, 1189.60, 1162.00, 1178.90, 1178.90, 1176.46, 1152599, 13559.84, 48685, 508851, 45.90
PNC, EQ, 11-Sep-2026, 16.52, 16.00, 16.94, 16.00, 16.55, 16.50, 16.46, 10552, 1.74, 170, 8920, 88.34
PNCINFRA, EQ, 11-Sep-2026, 177.41, 177.00, 177.29, 174.10, 175.09, 175.40, 175.60, 287085, 504.13, 7207, 99125, 55.69
PNGJL, EQ, 11-Sep-2026, 611.05, 603.00, 622.00, 598.70, 612.15, 613.20, 610.79, 300120, 1833.09, 13820, 155495, 56.95
PNGSREVA, EQ, 11-Sep-2026, 504.70, 504.60, 517.45, 500.00, 517.15, 512.70, 506.76, 79334, 402.03, 4255, 37349, 52.93
POCL, EQ, 11-Sep-2026, 457.55, 457.55, 462.95, 445.05, 457.95, 454.15, 451.35, 414804, 1872.24, 13436, 195487, 51.23
PODDARMENT, EQ, 11-Sep-2026, 299.40, 295.10, 298.95, 275.05, 280.00, 279.85, 284.58, 12804, 36.44, 530, 8279, 72.14
POEL, EQ, 11-Sep-2026, 140.70, 140.85, 141.99, 138.80, 141.00, 140.83, 139.95, 25399, 35.55, 790, 16931, 70.03
POKARNA, EQ, 11-Sep-2026, 780.45, 775.00, 819.00, 753.35, 808.65, 804.15, 779.41, 314231, 2449.14, 17176, 109715, 42.66
POLICYBZR, EQ, 11-Sep-2026, 1800.00, 1783.00, 1813.30, 1757.30, 1797.30, 1797.30, 1793.77, 564406, 10124.14, 21600, 226700, 48.37
POLYCAB, EQ, 11-Sep-2026, 8358.00, 8319.00, 8319.00, 8118.00, 8241.00, 8241.00, 8204.11, 400369, 32846.72, 56463, 178441, 47.89
POLYMED, EQ, 11-Sep-2026, 1747.70, 1740.10, 1741.20, 1709.70, 1739.00, 1738.50, 1728.11, 69913, 1208.17, 8857, 29573, 48.83
POLYPLEX, EQ, 11-Sep-2026, 1125.30, 1116.00, 1149.90, 1102.60, 1128.00, 1134.20, 1127.64, 72017, 812.09, 5560, 41313, 63.51
POLYSIL, SM, 11-Sep-2026, 85.40, 89.65, 89.65, 81.15, 81.15, 81.15, 84.88, 387000, 328.48, 426, 253500, 65.67
POLYSPIN, EQ, 11-Sep-2026, 28.50, 29.97, 30.00, 28.55, 29.58, 29.58, 29.62, 1047, 0.31, 37, 929, 88.81
PONNIERODE, EQ, 11-Sep-2026, 363.45, 362.00, 375.60, 358.40, 373.10, 371.10, 366.04, 41196, 150.79, 2333, 19841, 60.78
POONAWALLA, EQ, 11-Sep-2026, 449.40, 443.00, 449.10, 436.50, 444.00, 445.25, 441.16, 1633833, 7207.78, 43894, 963573, 63.64
POSITRON, SM, 11-Sep-2026, 188.40, 188.20, 189.00, 175.05, 178.00, 178.50, 182.20, 14700, 26.78, 45, 8400, 62.22
POWERGRID, EQ, 11-Sep-2026, 271.75, 269.95, 274.05, 268.35, 269.10, 269.10, 269.92, 11423068, 30833.39, 78175, 5563533, 54.86
POWERICA, EQ, 11-Sep-2026, 575.85, 574.85, 578.85, 557.45, 568.75, 569.35, 569.40, 169099, 962.86, 8060, 85090, 53.71
POWERINDIA, EQ, 11-Sep-2026, 31195.00, 31060.00, 31515.00, 30700.00, 31435.00, 31435.00, 31120.31, 53538, 16661.19, 18603, 16179, 33.03
POWERMECH, EQ, 11-Sep-2026, 2379.40, 2365.00, 2435.00, 2332.60, 2408.00, 2421.30, 2386.60, 38776, 925.43, 7816, 14882, 43.89
PPAP, BE, 11-Sep-2026, 242.75, 240.00, 246.70, 236.00, 239.75, 238.85, 238.81, 7156, 17.09, 168, -, -
PPL, BE, 11-Sep-2026, 290.90, 285.20, 287.20, 279.10, 286.00, 285.55, 282.15, 32412, 91.45, 462, -, -
PPLPHARMA, EQ, 11-Sep-2026, 212.49, 210.59, 214.45, 208.68, 211.50, 211.35, 211.80, 3408833, 7219.88, 61886, 1434048, 47.14
PPSL, SM, 11-Sep-2026, 2.95, 2.95, 3.00, 2.95, 3.00, 3.00, 2.98, 6000, 0.18, 2, 6000, 100.00
PRABHA, EQ, 11-Sep-2026, 247.58, 239.00, 247.00, 230.40, 241.20, 244.64, 240.94, 816981, 1968.41, 8560, 443208, 58.22
PRADPME, BE, 11-Sep-2026, 486.65, 486.65, 495.90, 472.10, 486.90, 486.90, 483.30, 2492, 12.04, 78, -, -
PRAENG, EQ, 11-Sep-2026, 22.20, 22.20, 22.75, 21.66, 21.90, 21.93, 22.05, 48149, 10.62, 253, 35284, 86.63
PRAJIND, EQ, 11-Sep-2026, 326.85, 323.35, 324.50, 318.30, 322.50, 322.15, 320.99, 479380, 1538.76, 13961, 170896, 39.12
PRAKASH, EQ, 11-Sep-2026, 123.78, 123.00, 124.00, 122.00, 123.60, 123.14, 122.96, 280763, 345.23, 4338, 135541, 61.13
PRAKASHSTL, EQ, 11-Sep-2026, 3.79, 3.79, 3.83, 3.70, 3.73, 3.75, 3.76, 81450, 3.06, 371, 57070, 74.98
PRAMARA, SM, 11-Sep-2026, 87.95, 85.00, 87.00, 82.50, 86.00, 84.10, 84.10, 34000, 28.59, 42, 16000, 86.49
PRAMODINI, SM, 11-Sep-2026, 127.20, 129.40, 130.90, 117.00, 120.00, 118.50, 121.83, 445200, 542.39, 335, 280800, 69.23
PRANIK, SM, 11-Sep-2026, 44.40, 42.15, 42.15, 42.15, 42.15, 42.15, 42.15, 1600, 0.67, 1, 1600, 100.00
PRATHAM, SM, 11-Sep-2026, 120.25, 120.00, 123.50, 120.00, 123.50, 123.50, 120.55, 5200, 6.27, 12, 4400, 91.67
PRAVEG, EQ, 11-Sep-2026, 266.50, 266.00, 266.50, 259.85, 262.75, 263.05, 261.82, 38024, 99.55, 1233, 25379, 73.33
PRAXIS, EQ, 11-Sep-2026, 4.71, 4.71, 4.71, 4.48, 4.48, 4.48, 4.55, 310216, 14.12, 720, 269960, 97.31
PRECAM, EQ, 11-Sep-2026, 118.05, 117.49, 119.90, 114.54, 116.50, 116.81, 116.41, 166363, 193.66, 3373, 83613, 56.16
PRECISION, ST, 11-Sep-2026, 7.00, 6.95, 6.95, 6.65, 6.65, 6.65, 6.75, 8000, 0.54, 4, 6000, 100.00
PRECOT, EQ, 11-Sep-2026, 670.75, 671.85, 675.35, 653.00, 653.05, 658.30, 657.95, 5108, 33.61, 272, 4314, 87.51
PRECWIRE, EQ, 11-Sep-2026, 464.65, 463.00, 469.50, 447.50, 466.00, 462.55, 459.50, 535295, 2459.70, 24914, 160698, 33.49
PREMCO, EQ, 11-Sep-2026, 386.30, 386.30, 398.00, 385.05, 396.00, 394.00, 395.37, 162, 0.64, 43, 150, 96.15
PREMEXPLN, EQ, 11-Sep-2026, 667.05, 666.90, 668.85, 663.35, 667.50, 668.00, 665.99, 98184, 653.89, 1782, 59752, 69.87
PREMIER, BE, 11-Sep-2026, 2.83, 2.83, 2.83, 2.69, 2.69, 2.69, 2.69, 13437, 0.36, 44, -, -
PREMIERENE, EQ, 11-Sep-2026, 967.90, 972.20, 980.50, 950.10, 974.20, 974.20, 966.38, 1528118, 14767.42, 34893, 720012, 49.60
PREMIERPOL, EQ, 11-Sep-2026, 87.99, 87.50, 87.69, 85.01, 85.10, 85.91, 86.09, 224408, 193.19, 2773, 128765, 62.94
PRESSTONIC, SM, 11-Sep-2026, 29.80, 29.50, 30.10, 29.25, 29.45, 29.45, 29.54, 15200, 4.49, 16, 10400, 76.47
PRESTIGE, EQ, 11-Sep-2026, 1543.60, 1530.50, 1530.80, 1467.20, 1498.00, 1498.00, 1485.88, 746627, 11094.00, 42995, 257511, 37.94
PRICOLLTD, EQ, 11-Sep-2026, 739.60, 743.50, 770.85, 739.05, 767.75, 761.40, 757.73, 760356, 5761.47, 37359, 286281, 39.13
PRIMECAB, ST, 11-Sep-2026, 171.05, 167.00, 173.20, 163.10, 171.00, 169.75, 168.76, 65600, 110.70, 41, 46400, 74.36
PRIMESECU, EQ, 11-Sep-2026, 276.75, 278.15, 284.90, 274.00, 283.00, 283.05, 281.71, 90543, 255.07, 496, 48327, 79.79
PRIMO, EQ, 11-Sep-2026, 21.70, 21.43, 24.67, 21.43, 23.56, 23.71, 23.74, 1605579, 381.14, 4967, 807617, 56.77
PRINCEPIPE, EQ, 11-Sep-2026, 279.90, 278.15, 278.45, 264.15, 266.85, 266.65, 269.88, 328545, 886.66, 8521, 145150, 56.93
PRIORITY, BE, 11-Sep-2026, 226.92, 225.00, 231.00, 220.00, 229.00, 228.80, 224.64, 139869, 314.20, 1097, -, -
PRISMX, EQ, 11-Sep-2026, 0.59, 0.59, 0.59, 0.55, 0.59, 0.58, 0.57, 269843, 1.54, 136, 223226, 94.02
PRITI, BE, 11-Sep-2026, 34.06, 34.06, 35.35, 32.70, 34.49, 33.14, 34.29, 9979, 3.42, 93, -, -
PRITIKA, SM, 11-Sep-2026, 60.95, 63.10, 63.30, 63.10, 63.30, 63.20, 63.20, 6000, 3.79, 3, -, -
PRITIKAUTO, BE, 11-Sep-2026, 14.89, 14.94, 15.00, 14.51, 14.99, 14.91, 14.79, 84922, 12.56, 313, -, -
PRIVISCL, EQ, 11-Sep-2026, 3495.60, 3437.90, 3570.50, 3418.00, 3551.10, 3556.10, 3531.73, 107650, 3801.90, 13254, 55622, 58.18
PRIZOR, ST, 11-Sep-2026, 1217.15, 1210.00, 1210.00, 1200.00, 1200.00, 1200.00, 1206.19, 8400, 101.32, 18, 6000, 100.00
PRLIND, SM, 11-Sep-2026, 43.00, 43.50, 43.85, 41.15, 41.80, 41.90, 42.57, 19000, 8.09, 19, 4000, 50.00
PROFX, SM, 11-Sep-2026, 68.90, 69.55, 71.10, 68.95, 71.10, 71.10, 69.52, 19200, 13.35, 7, 19200, 100.00
PROLIFE, SM, 11-Sep-2026, 79.00, 79.00, 79.00, 79.00, 79.00, 79.00, 79.00, 500, 0.40, 1, 500, 100.00
PROPEQUITY, SM, 11-Sep-2026, 211.00, 211.00, 211.00, 197.00, 197.00, 198.50, 202.65, 10800, 21.89, 16, 6000, 90.91
PROPSHOP, SM, 11-Sep-2026, 74.80, 73.10, 74.40, 71.00, 72.00, 72.00, 72.66, 44000, 31.97, 22, 28000, 63.64
PROSTARM, EQ, 11-Sep-2026, 134.78, 133.10, 136.00, 132.50, 133.00, 133.63, 133.46, 128408, 171.37, 2002, 54587, 52.04
PROTEAN, EQ, 11-Sep-2026, 492.75, 492.00, 502.00, 486.35, 492.00, 492.35, 495.05, 194728, 964.00, 8398, 91994, 56.55
PROV, SM, 11-Sep-2026, 1750.00, 1750.00, 1750.00, 1675.00, 1721.00, 1721.00, 1707.69, 800, 13.66, 10, 640, 100.00
PROZONER, EQ, 11-Sep-2026, 52.30, 52.18, 53.48, 50.65, 53.01, 52.88, 52.24, 257438, 134.49, 1899, 102345, 60.17
PRSMJOHNSN, EQ, 11-Sep-2026, 115.22, 114.00, 114.25, 112.50, 113.40, 113.35, 113.16, 298782, 338.10, 4299, 115096, 46.27
PRUDENT, EQ, 11-Sep-2026, 3318.80, 3288.00, 3449.90, 3249.10, 3420.00, 3385.00, 3364.84, 39123, 1316.43, 7229, 10958, 55.56
PRUDMOULI, BE, 11-Sep-2026, 16.80, 16.01, 16.72, 16.01, 16.35, 16.35, 16.25, 1609, 0.26, 12, -, -
PSB, EQ, 11-Sep-2026, 22.60, 22.58, 22.79, 22.34, 22.78, 22.73, 22.58, 684511, 154.56, 2264, 311260, 53.54
PSPPROJECT, EQ, 11-Sep-2026, 865.05, 865.00, 865.00, 840.20, 849.70, 846.40, 847.82, 52797, 447.63, 2623, 29540, 62.86
PSRAJ, ST, 11-Sep-2026, 94.90, 96.85, 98.90, 92.55, 98.90, 98.90, 97.12, 25000, 24.28, 10, 22500, 90.00
PSUBANK, EQ, 11-Sep-2026, 84.03, 83.51, 83.99, 82.77, 83.22, 83.42, 83.47, 438730, 366.20, 877, 317993, 76.59
PSUBANKADD, EQ, 11-Sep-2026, 84.62, 84.54, 84.59, 83.80, 84.50, 84.34, 84.33, 25438, 21.45, 317, 12365, 50.65
PSUBNKBEES, EQ, 11-Sep-2026, 93.54, 93.54, 93.54, 92.38, 93.36, 93.22, 92.94, 874574, 812.84, 5570, 422229, 52.66
PSUBNKIETF, EQ, 11-Sep-2026, 84.67, 84.00, 84.92, 83.80, 84.78, 84.59, 84.38, 106071, 89.50, 928, 53018, 62.23
PTC, EQ, 11-Sep-2026, 153.69, 153.50, 153.65, 152.30, 153.02, 152.78, 152.94, 878717, 1343.88, 12628, 436161, 62.90
PTCIL, EQ, 11-Sep-2026, 22385.00, 22385.00, 24050.00, 22055.00, 23440.00, 23630.00, 23272.75, 65881, 15332.32, 22739, 17771, 31.61
PTL, EQ, 11-Sep-2026, 38.17, 38.17, 38.79, 38.06, 38.40, 38.43, 38.28, 25926, 9.92, 728, 19298, 80.74
PULZ, SM, 11-Sep-2026, 24.70, 23.65, 24.70, 23.50, 24.70, 23.95, 23.66, 20000, 4.73, 10, 10000, 71.43
PUNJABCHEM, EQ, 11-Sep-2026, 1091.80, 1085.00, 1095.20, 1061.40, 1067.00, 1065.30, 1077.21, 2438, 26.26, 349, 1366, 61.34
PURPLEUTED, ST, 11-Sep-2026, 443.55, 443.00, 459.90, 440.00, 448.80, 450.15, 451.02, 24750, 111.63, 84, 22500, 98.90
PURVA, EQ, 11-Sep-2026, 214.16, 214.02, 214.02, 209.64, 213.00, 212.06, 211.64, 179867, 380.66, 4887, 72609, 46.21
PUSHPA, SM, 11-Sep-2026, 109.10, 107.00, 112.00, 107.00, 110.00, 110.00, 109.96, 32000, 35.19, 32, 7000, 21.88
PVP, EQ, 11-Sep-2026, 66.10, 66.00, 66.00, 63.20, 64.90, 64.82, 64.13, 1157979, 742.66, 6515, 486281, 48.53
PVRINOX, EQ, 11-Sep-2026, 1221.30, 1228.00, 1256.00, 1212.10, 1232.10, 1237.10, 1234.30, 879763, 10858.94, 41273, 398888, 50.21
PVSL, EQ, 11-Sep-2026, 100.53, 98.52, 102.31, 98.01, 102.00, 101.30, 100.14, 28536, 28.58, 802, 9744, 51.95
PVTBANIETF, EQ, 11-Sep-2026, 27.54, 27.44, 28.28, 27.26, 27.88, 27.85, 27.63, 1573560, 434.82, 2405, 669736, 66.18
PVTBANK, EQ, 11-Sep-2026, 27.35, 27.12, 27.53, 27.12, 27.53, 27.53, 27.46, 3765, 1.03, 15, 3634, 96.52
PVTBANKADD, EQ, 11-Sep-2026, 27.76, 27.44, 28.06, 27.41, 27.77, 27.89, 27.65, 53839, 14.88, 135, 30243, 68.10
PVTBKGROWW, EQ, 11-Sep-2026, 27.33, 27.02, 27.67, 26.77, 27.21, 27.43, 27.38, 11593, 3.17, 98, 3831, 50.34
PWL, EQ, 11-Sep-2026, 126.73, 125.50, 137.12, 125.37, 136.10, 136.10, 134.11, 41161986, 55203.72, 205962, 7728284, 20.23
PYRAMID, EQ, 11-Sep-2026, 154.59, 154.56, 160.00, 151.11, 160.00, 157.74, 157.19, 116058, 182.43, 1214, 9288, 75.80
QGOLDHALF, EQ, 11-Sep-2026, 126.42, 124.84, 125.95, 124.25, 125.35, 125.35, 125.38, 301995, 378.64, 977, 130688, 75.31
QLINE, SM, 11-Sep-2026, 714.95, 704.95, 730.00, 694.95, 725.00, 726.20, 718.41, 66000, 474.15, 159, 37200, 69.40
QMSMEDI, BE, 11-Sep-2026, 150.46, 150.40, 157.98, 150.40, 157.98, 157.98, 156.01, 30304, 47.28, 106, -, -
QNIFTY, EQ, 11-Sep-2026, 258.22, 257.00, 259.00, 255.80, 258.40, 258.90, 257.86, 2099, 5.41, 84, 895, 57.93
QPOWER, EQ, 11-Sep-2026, 1458.20, 1455.00, 1473.50, 1401.80, 1429.00, 1426.50, 1432.45, 364591, 5222.58, 25034, 182381, 54.14
QUADFUTURE, EQ, 11-Sep-2026, 435.80, 431.00, 511.80, 428.20, 481.50, 478.50, 485.89, 10362562, 50350.97, 256572, 905422, 8.98
QUADPRO, SM, 11-Sep-2026, 2.90, 3.00, 3.00, 3.00, 3.00, 3.00, 3.00, 24000, 0.72, 2, 24000, 100.00
QUAL30IETF, EQ, 11-Sep-2026, 20.56, 20.56, 20.60, 20.40, 20.60, 20.50, 20.48, 75719, 15.51, 280, 42133, 60.12
QUALIANCE, ST, 11-Sep-2026, 127.00, 224.90, 236.10, 214.05, 236.10, 236.10, 224.62, 2045000, 4593.50, 1429, 2037000, 99.66
QUALITY30, EQ, 11-Sep-2026, 20.22, 20.11, 20.18, 19.99, 20.18, 20.18, 20.10, 10110, 2.03, 147, 8197, 81.52
QUESS, EQ, 11-Sep-2026, 355.10, 350.00, 357.00, 344.55, 346.15, 348.00, 350.91, 382962, 1343.84, 13953, 120851, 44.88
QUESTLAB, SM, 11-Sep-2026, 83.95, 83.95, 84.70, 83.95, 84.70, 84.70, 84.33, 2400, 2.02, 2, 2400, 100.00
QUICKHEAL, EQ, 11-Sep-2026, 147.48, 147.10, 150.00, 145.01, 148.04, 147.52, 147.52, 90015, 132.79, 2286, 33647, 43.45
QUICKTOUCH, SM, 11-Sep-2026, 17.65, 16.80, 17.95, 16.80, 17.90, 17.90, 17.18, 3000, 0.52, 5, 2500, 83.33
QUINT, EQ, 11-Sep-2026, 39.23, 39.23, 41.48, 38.49, 40.11, 40.20, 40.32, 13066, 5.27, 168, 6961, 56.68
RACE, EQ, 11-Sep-2026, 96.43, 96.00, 99.90, 94.03, 99.90, 98.12, 97.08, 3194, 3.10, 87, 2027, 89.26
RACLGEAR, EQ, 11-Sep-2026, 1588.20, 1586.00, 1856.00, 1551.00, 1800.00, 1756.70, 1781.65, 1142834, 20361.28, 84261, 98449, 9.31
RADAAN, EQ, 11-Sep-2026, 2.87, 2.81, 2.96, 2.81, 2.85, 2.83, 2.86, 9763, 0.28, 99, 6174, 70.41
RADHIKAJWE, EQ, 11-Sep-2026, 84.15, 84.16, 84.99, 81.46, 83.98, 83.21, 82.91, 1473665, 1221.74, 12211, 411309, 29.63
RADIANTCMS, EQ, 11-Sep-2026, 37.53, 37.21, 37.69, 35.26, 36.11, 35.99, 35.77, 485582, 173.68, 2473, 275283, 61.30
RADICO, EQ, 11-Sep-2026, 4460.00, 4422.40, 4437.60, 4362.50, 4368.10, 4368.10, 4380.74, 104310, 4569.55, 15461, 36687, 44.29
RADIOCITY, EQ, 11-Sep-2026, 6.21, 6.34, 6.34, 6.10, 6.11, 6.15, 6.20, 17731, 1.10, 137, 12102, 86.16
RADIOWALLA, ST, 11-Sep-2026, 26.00, 24.70, 24.70, 24.70, 24.70, 24.70, 24.70, 1600, 0.40, 1, 1600, 100.00
RAILTEL, EQ, 11-Sep-2026, 262.70, 261.30, 261.50, 256.70, 261.00, 259.90, 258.70, 439813, 1137.82, 12871, 176321, 44.90
RAIN, EQ, 11-Sep-2026, 217.28, 214.46, 217.40, 208.64, 216.00, 215.97, 212.89, 4334459, 9227.48, 31567, 1909052, 47.50
RAINBOW, EQ, 11-Sep-2026, 1460.10, 1453.50, 1461.70, 1430.10, 1450.00, 1444.90, 1443.13, 82388, 1188.97, 11728, 42833, 63.44
RAJESHEXPO, BZ, 11-Sep-2026, 79.35, 80.00, 80.48, 78.00, 78.70, 78.30, 78.63, 81802, 64.32, 1138, -, -
RAJINDLTD, SM, 11-Sep-2026, 62.10, 62.20, 62.20, 62.10, 62.10, 62.10, 62.15, 3000, 1.86, 2, 3000, 100.00
RAJMET, EQ, 11-Sep-2026, 3.26, 3.21, 3.25, 3.10, 3.21, 3.20, 3.20, 179619, 5.74, 651, 128775, 76.60
RAJOOENG, BE, 11-Sep-2026, 54.89, 54.89, 56.15, 52.63, 56.10, 55.19, 54.01, 253434, 136.87, 980, -, -
RAJPALAYAM, EQ, 11-Sep-2026, 751.10, 765.95, 778.40, 754.00, 758.00, 775.95, 767.12, 374, 2.87, 67, 200, 81.63
RAJPUTANA, SM, 11-Sep-2026, 215.00, 212.50, 212.50, 210.00, 210.00, 210.00, 211.25, 1000, 2.11, 2, 1000, 100.00
RAJRATAN, EQ, 11-Sep-2026, 509.65, 507.45, 507.45, 492.80, 499.65, 498.15, 497.97, 79238, 394.58, 4106, 35708, 49.68
RAJRILTD, BE, 11-Sep-2026, 21.19, 21.10, 21.39, 20.78, 21.00, 21.10, 21.02, 8744, 1.84, 82, -, -
RAJSREESUG, EQ, 11-Sep-2026, 33.66, 33.70, 34.89, 32.81, 33.20, 33.13, 33.46, 87667, 29.33, 1049, 48099, 58.48
RAJTV, EQ, 11-Sep-2026, 7.82, 8.15, 8.21, 7.70, 8.21, 8.21, 8.20, 54141, 4.44, 94, 45679, 84.48
RALLIS, EQ, 11-Sep-2026, 203.06, 201.94, 202.99, 200.52, 201.76, 201.99, 202.00, 365628, 738.55, 14275, 191588, 58.18
RAMANEWS, EQ, 11-Sep-2026, 32.15, 32.79, 32.79, 30.52, 31.01, 30.95, 31.10, 55690, 17.32, 339, 46353, 86.02
RAMAPHO, EQ, 11-Sep-2026, 123.57, 123.00, 124.84, 120.71, 123.00, 122.67, 121.98, 31234, 38.10, 541, 20728, 71.80
RAMASTEEL, BE, 11-Sep-2026, 4.01, 3.93, 3.93, 3.93, 3.93, 3.93, 3.93, 3936136, 154.69, 2990, -, -
RAMBHAJO, EQ, 11-Sep-2026, 267.51, 264.06, 273.96, 261.00, 269.90, 269.28, 267.07, 368989, 985.48, 6901, 119109, 39.43
RAMCOCEM, EQ, 11-Sep-2026, 869.75, 860.00, 869.90, 851.75, 865.00, 866.65, 858.21, 301862, 2590.62, 13469, 172333, 60.73
RAMCOIND, EQ, 11-Sep-2026, 319.55, 315.55, 323.95, 310.95, 323.00, 322.25, 316.27, 157854, 499.24, 4101, 53554, 42.08
RAMCOSYS, EQ, 11-Sep-2026, 610.60, 610.00, 610.55, 591.00, 595.25, 594.55, 596.72, 41056, 244.99, 2099, 17682, 54.50
RAMKY, EQ, 11-Sep-2026, 335.90, 335.35, 335.65, 327.05, 333.00, 332.10, 330.49, 36614, 121.01, 1265, 18044, 60.73
RAMRAT, EQ, 11-Sep-2026, 536.75, 531.00, 538.80, 524.10, 533.25, 532.40, 531.11, 107590, 571.42, 7536, 39368, 40.99
RANASUG, EQ, 11-Sep-2026, 14.85, 14.92, 15.28, 14.60, 14.70, 14.74, 14.87, 329456, 49.00, 856, 123453, 42.23
RANEHOLDIN, EQ, 11-Sep-2026, 1704.80, 1704.90, 1706.20, 1675.00, 1692.00, 1696.20, 1689.74, 6389, 107.96, 905, 3247, 62.48
RAPIDFLEET, SM, 11-Sep-2026, 238.20, 237.10, 237.10, 230.10, 230.10, 230.10, 235.71, 24600, 57.99, 31, 15600, 63.41
RAPPID, SM, 11-Sep-2026, 318.50, 305.70, 322.00, 305.70, 321.00, 321.00, 315.61, 9600, 30.30, 13, 4800, 66.67
RATEGAIN, EQ, 11-Sep-2026, 866.45, 861.85, 887.20, 851.60, 878.55, 878.25, 875.55, 249314, 2182.87, 21587, 99125, 48.60
RATNAMANI, EQ, 11-Sep-2026, 2823.00, 2780.00, 2890.00, 2741.50, 2827.00, 2811.40, 2822.24, 71947, 2030.52, 15514, 23152, 34.79
RATNAVEER, EQ, 11-Sep-2026, 310.60, 310.00, 310.40, 283.15, 287.75, 288.30, 294.62, 4371239, 12878.70, 36860, 2130134, 56.29
RAYMOND, EQ, 11-Sep-2026, 853.85, 853.85, 1024.50, 835.05, 1003.00, 1002.80, 966.72, 16245056, 157044.20, 395484, 1834224, 11.76
RAYMONDLSL, EQ, 11-Sep-2026, 687.65, 687.45, 708.90, 675.05, 691.95, 692.00, 693.12, 445304, 3086.48, 25258, 103676, 25.01
RAYMONDREL, EQ, 11-Sep-2026, 572.05, 570.00, 585.60, 565.00, 584.00, 583.55, 577.13, 650450, 3753.94, 18882, 226141, 37.47
RBA, EQ, 11-Sep-2026, 96.82, 95.17, 98.95, 95.17, 98.00, 98.05, 97.55, 2109191, 2057.47, 18446, 723848, 37.23
RBLBANK, EQ, 11-Sep-2026, 410.80, 408.00, 416.50, 406.00, 412.55, 412.55, 410.76, 3209425, 13182.96, 29216, 1622665, 54.34
RBMINFRA, SM, 11-Sep-2026, 303.25, 295.00, 319.50, 295.00, 316.10, 316.60, 312.90, 49600, 155.20, 170, 31800, 73.27
RBS, SM, 11-Sep-2026, 87.00, 87.50, 87.50, 85.00, 87.00, 87.00, 86.38, 3200, 2.76, 4, 2400, 75.00
RBZJEWEL, BE, 11-Sep-2026, 178.67, 182.99, 182.99, 170.06, 178.99, 174.19, 174.32, 110293, 192.26, 1024, -, -
RCDL, SM, 11-Sep-2026, 14.40, 14.95, 14.95, 14.40, 14.50, 14.50, 14.59, 12000, 1.75, 4, 9000, 100.00
RCDL-RE, ST, 11-Sep-2026, 2.40, 2.40, 2.40, 2.05, 2.10, 2.10, 2.15, 27000, 0.58, 8, 27000, 100.00
RCF, EQ, 11-Sep-2026, 112.57, 111.70, 111.90, 110.12, 111.50, 111.45, 110.97, 854075, 947.79, 8880, 324498, 42.87
RCOM, BE, 11-Sep-2026, 0.97, 1.00, 1.01, 0.98, 1.01, 1.01, 1.01, 6790419, 68.45, 3632, -, -
READYMIX, SM, 11-Sep-2026, 69.45, 70.00, 71.00, 68.00, 71.00, 70.50, 69.74, 12000, 8.37, 10, 9000, 90.00
RECLTD, EQ, 11-Sep-2026, 313.80, 312.00, 315.05, 311.25, 312.70, 312.70, 313.40, 4509899, 14133.94, 33961, 2342712, 54.99
REDINGTON, EQ, 11-Sep-2026, 392.00, 395.85, 396.85, 384.20, 394.20, 393.70, 391.80, 7473984, 29283.15, 133090, 2438501, 35.38
REDTAPE, EQ, 11-Sep-2026, 115.06, 114.00, 116.50, 113.10, 116.49, 116.10, 114.85, 211278, 242.66, 5081, 106717, 55.02
REFEX, EQ, 11-Sep-2026, 269.95, 268.00, 275.30, 264.00, 273.50, 273.55, 270.41, 234110, 633.07, 5747, 99492, 50.11
REFRACTORY, SM, 11-Sep-2026, 24.95, 25.95, 26.15, 25.95, 26.15, 26.15, 26.10, 14000, 3.65, 7, 14000, 100.00
REGAAL, EQ, 11-Sep-2026, 85.73, 85.00, 85.58, 82.30, 83.85, 83.71, 83.42, 296792, 247.60, 1715, 177860, 71.04
REGENCERAM, EQ, 11-Sep-2026, 36.05, 34.66, 37.50, 33.20, 33.98, 34.10, 34.70, 4604, 1.60, 132, 2270, 52.82
RELAXO, EQ, 11-Sep-2026, 326.90, 326.05, 328.95, 319.85, 324.20, 324.95, 323.72, 112342, 363.68, 5485, 45611, 48.12
RELCHEMQ, EQ, 11-Sep-2026, 113.69, 114.26, 115.80, 108.60, 111.00, 110.23, 111.72, 4867, 5.44, 138, 3145, 96.47
RELIABLE, EQ, 11-Sep-2026, 135.95, 138.90, 138.90, 134.81, 137.50, 137.04, 136.30, 2873, 3.92, 171, 1180, 68.21
RELIANCE, EQ, 11-Sep-2026, 1274.00, 1267.00, 1267.40, 1253.00, 1257.50, 1257.50, 1259.27, 8777736, 110535.02, 231742, 4061266, 54.50
RELIGARE, EQ, 11-Sep-2026, 258.78, 255.25, 258.75, 253.15, 256.25, 256.81, 256.03, 416095, 1065.34, 9757, 243005, 63.34
RELINFRA, BE, 11-Sep-2026, 54.75, 53.67, 54.75, 53.66, 53.66, 53.66, 53.66, 110612, 59.36, 726, -, -
RELTD, EQ, 11-Sep-2026, 155.08, 153.23, 157.80, 151.72, 157.39, 155.64, 155.06, 145106, 225.00, 2387, 66830, 52.44
REMSONSIND, EQ, 11-Sep-2026, 96.32, 96.25, 98.45, 92.63, 98.45, 96.32, 94.62, 148192, 140.22, 3104, 81916, 66.40
REMUS, SM, 11-Sep-2026, 893.05, 880.10, 892.95, 870.00, 885.00, 880.00, 877.59, 5900, 51.78, 46, 4200, 79.25
RENUKA, EQ, 11-Sep-2026, 24.82, 24.51, 25.13, 23.97, 24.83, 24.87, 24.61, 19203049, 4725.80, 31616, 4003405, 23.42
REPCOHOME, EQ, 11-Sep-2026, 353.80, 350.05, 361.95, 348.85, 361.90, 359.60, 355.49, 106122, 377.25, 3996, 64105, 65.78
REPL, BE, 11-Sep-2026, 60.87, 60.87, 61.64, 60.06, 61.00, 61.00, 60.60, 1787, 1.08, 35, -, -
REPRO, EQ, 11-Sep-2026, 306.90, 307.70, 313.55, 306.05, 311.70, 309.50, 308.91, 4874, 15.06, 578, 1607, 37.73
RESPONIND, EQ, 11-Sep-2026, 169.54, 170.85, 176.80, 164.17, 173.00, 173.27, 172.73, 1947707, 3364.21, 25004, 282010, 15.60
RETAIL, EQ, 11-Sep-2026, 16.60, 16.52, 17.39, 16.15, 17.28, 17.14, 16.83, 2912, 0.49, 34, 1891, 65.98
REXPRO, SM, 11-Sep-2026, 36.20, 37.75, 37.75, 37.00, 37.00, 37.00, 37.43, 3000, 1.12, 3, 2000, 66.67
RFBL, ST, 11-Sep-2026, 90.15, 85.65, 93.65, 85.65, 89.00, 89.00, 92.11, 549000, 505.70, 19, 540000, 98.36
RGL, EQ, 11-Sep-2026, 156.48, 156.00, 161.20, 154.25, 156.70, 155.49, 157.74, 1372451, 2164.87, 19607, 395530, 30.92
RHETAN, EQ, 11-Sep-2026, 25.27, 24.01, 24.01, 24.01, 24.01, 24.01, 24.01, 72250, 17.35, 550, 66523, 100.00
RHFL, BZ, 11-Sep-2026, 1.80, 1.80, 1.89, 1.78, 1.85, 1.87, 1.86, 1398093, 26.02, 1078, -, -
RHIM, EQ, 11-Sep-2026, 378.70, 376.65, 378.60, 371.50, 375.65, 375.80, 375.26, 112757, 423.13, 4424, 42349, 47.33
RHL, EQ, 11-Sep-2026, 166.59, 167.00, 168.90, 165.00, 168.00, 166.85, 166.32, 2318, 3.86, 28, 2094, 94.45
RICOAUTO, EQ, 11-Sep-2026, 130.31, 129.25, 136.00, 127.11, 134.01, 134.17, 133.09, 1711893, 2278.30, 17151, 461524, 32.42
RIIL, EQ, 11-Sep-2026, 714.85, 712.00, 714.50, 704.55, 712.90, 710.75, 709.53, 35302, 250.48, 2357, 10941, 32.78
RIIT, IV, 11-Sep-2026, 119.86, 120.68, 120.90, 119.60, 119.60, 119.62, 119.95, 204850, 245.73, 2268, 181605, 97.50
RILINFRA, SM, 11-Sep-2026, 32.80, 32.10, 33.50, 31.00, 32.35, 31.90, 32.31, 109700, 35.44, 140, 98800, 92.16
RIR, EQ, 11-Sep-2026, 177.38, 177.99, 181.00, 172.61, 180.00, 177.26, 176.88, 353197, 624.73, 8066, 140737, 43.04
RISHABH, EQ, 11-Sep-2026, 809.55, 817.75, 848.40, 800.00, 825.00, 829.60, 828.75, 223706, 1853.97, 12121, 92791, 44.09
RITCO, EQ, 11-Sep-2026, 305.35, 305.10, 308.55, 296.75, 301.00, 300.70, 302.90, 49147, 148.87, 1705, 20770, 54.89
RITES, EQ, 11-Sep-2026, 210.80, 209.05, 210.79, 207.12, 209.60, 209.15, 208.77, 309078, 645.28, 9814, 118265, 42.08
RITEZONE, SM, 11-Sep-2026, 22.55, 21.45, 21.45, 21.45, 21.45, 21.45, 21.45, 1600, 0.34, 1, 1600, 100.00
RKDL, EQ, 11-Sep-2026, 18.32, 18.32, 18.39, 17.95, 18.05, 18.06, 18.05, 10185, 1.84, 74, 9282, 98.77
RKEC, EQ, 11-Sep-2026, 19.17, 19.17, 19.65, 18.27, 19.42, 19.33, 19.12, 39692, 7.59, 408, 29080, 77.46
RKFORGE, EQ, 11-Sep-2026, 727.05, 720.00, 720.90, 699.55, 714.95, 711.20, 706.96, 571407, 4039.60, 20860, 263777, 51.73
RKSWAMY, EQ, 11-Sep-2026, 91.47, 91.50, 94.00, 91.00, 93.95, 92.94, 92.38, 13763, 12.71, 330, 6627, 60.54
RMC, EQ, 11-Sep-2026, 215.96, 215.77, 215.77, 210.31, 211.10, 211.68, 212.43, 29563, 62.80, 1294, 13752, 51.16
RMDRIP, BE, 11-Sep-2026, 23.33, 23.50, 23.97, 23.50, 23.59, 23.55, 23.54, 456419, 107.46, 630, -, -
RML, EQ, 11-Sep-2026, 1408.90, 1415.80, 1415.90, 1340.10, 1358.00, 1360.00, 1363.74, 72216, 984.84, 7042, 26217, 42.13
RNBDENIMS, BE, 11-Sep-2026, 9.79, 9.52, 9.67, 9.36, 9.40, 9.46, 9.45, 125822, 11.89, 381, -, -
RNFI, SM, 11-Sep-2026, 338.85, 343.00, 345.00, 334.05, 340.00, 339.55, 340.39, 37800, 128.67, 48, 22200, 72.55
RNPL, SM, 11-Sep-2026, 65.10, 61.85, 62.00, 61.85, 61.85, 61.85, 61.89, 14400, 8.91, 12, 13200, 100.00
ROCKINGDCE, SM, 11-Sep-2026, 214.00, 222.00, 234.00, 221.00, 223.50, 227.35, 227.14, 6250, 14.20, 18, 250, 100.00
ROHLTD, EQ, 11-Sep-2026, 307.20, 305.15, 308.95, 302.05, 307.95, 306.30, 305.91, 8615, 26.35, 506, 4895, 71.14
ROLEXRINGS, EQ, 11-Sep-2026, 173.15, 173.90, 173.90, 166.50, 172.00, 171.37, 170.04, 1250767, 2126.80, 20848, 501698, 42.57
ROLLT, BE, 11-Sep-2026, 4.61, 4.42, 4.84, 4.42, 4.84, 4.75, 4.64, 415991, 19.31, 362, -, -
ROML, EQ, 11-Sep-2026, 42.13, 42.94, 43.22, 41.72, 43.22, 42.69, 42.92, 1948, 0.84, 35, 1688, 87.92
ROSSARI, EQ, 11-Sep-2026, 449.50, 449.65, 449.65, 440.85, 448.00, 446.15, 444.96, 36449, 162.18, 2227, 18515, 58.10
ROSSELLIND, EQ, 11-Sep-2026, 56.10, 56.11, 56.14, 54.50, 54.95, 55.06, 55.07, 38496, 21.20, 789, 21226, 66.91
ROSSTECH, EQ, 11-Sep-2026, 1206.60, 1200.10, 1236.00, 1189.20, 1227.70, 1214.30, 1211.48, 147435, 1786.15, 11267, 66392, 47.43
ROTO, EQ, 11-Sep-2026, 65.07, 65.00, 65.55, 63.27, 64.15, 64.29, 64.23, 258884, 166.28, 2562, 99677, 50.03
ROUTE, EQ, 11-Sep-2026, 500.75, 499.95, 502.00, 491.00, 493.50, 493.55, 494.97, 158844, 786.23, 5110, 72029, 50.59
ROXHITECH, SM, 11-Sep-2026, 46.20, 46.20, 46.20, 44.65, 45.80, 45.80, 45.32, 49600, 22.48, 27, 30400, 65.52
RPEL, EQ, 11-Sep-2026, 1743.50, 1773.50, 1854.10, 1725.90, 1840.00, 1845.20, 1799.83, 171393, 3084.79, 17739, 65263, 42.34
RPGLIFE, EQ, 11-Sep-2026, 2782.70, 2794.30, 2794.30, 2680.00, 2696.00, 2698.60, 2719.55, 17821, 484.65, 2549, 9296, 58.71
RPOWER, EQ, 11-Sep-2026, 21.84, 21.70, 21.77, 21.41, 21.66, 21.58, 21.52, 14641908, 3150.51, 23723, 4882193, 38.66
RPPINFRA, EQ, 11-Sep-2026, 63.03, 62.39, 62.65, 60.00, 60.97, 60.34, 60.83, 84305, 51.29, 1059, 36202, 51.39
RPPL, BE, 11-Sep-2026, 21.37, 21.00, 21.37, 20.35, 20.70, 20.74, 20.61, 79579, 16.40, 121, -, -
RPSGVENT, EQ, 11-Sep-2026, 840.20, 828.60, 844.85, 828.20, 829.30, 831.80, 833.49, 9494, 79.13, 760, 3479, 55.49
RPTECH, EQ, 11-Sep-2026, 806.45, 780.00, 830.75, 780.00, 818.00, 819.65, 810.38, 286250, 2319.72, 15721, 120447, 45.14
RRECL, EQ, 11-Sep-2026, 126.00, 126.00, 138.60, 125.58, 133.80, 133.80, 130.96, 883, 1.16, 52, 442, 50.17
RRIL, EQ, 11-Sep-2026, 15.97, 16.40, 16.40, 15.60, 16.11, 15.99, 15.89, 31013, 4.93, 189, 20559, 73.07
RRKABEL, EQ, 11-Sep-2026, 2437.00, 2425.00, 2438.90, 2368.60, 2428.00, 2424.40, 2410.67, 331584, 7993.41, 27397, 153999, 49.09
RSDFIN, BE, 11-Sep-2026, 93.60, 93.60, 96.00, 93.50, 94.00, 94.00, 94.25, 515, 0.49, 11, -, -
RSL, EQ, 11-Sep-2026, 186.70, 186.80, 191.99, 184.01, 191.00, 190.10, 189.08, 379349, 717.27, 4203, 205578, 57.63
RSSOFTWARE, EQ, 11-Sep-2026, 29.21, 29.80, 29.85, 28.50, 29.65, 29.63, 29.48, 12071, 3.56, 201, 8896, 83.24
RSWM, BE, 11-Sep-2026, 214.46, 217.70, 219.00, 208.00, 219.00, 218.23, 213.69, 30165, 64.46, 312, -, -
RSYSTEMS, EQ, 11-Sep-2026, 243.05, 243.57, 243.57, 238.00, 240.47, 240.36, 240.22, 89858, 215.86, 2135, 49009, 62.77
RTNINDIA, EQ, 11-Sep-2026, 27.60, 27.48, 28.00, 27.00, 27.90, 27.68, 27.57, 1756505, 484.32, 10683, 858387, 51.86
RTNPOWER, EQ, 11-Sep-2026, 7.25, 7.25, 7.27, 7.13, 7.20, 7.17, 7.17, 15082630, 1081.83, 14534, 7487673, 55.94
RTSPOWR, EQ, 11-Sep-2026, 88.07, 88.51, 89.99, 80.30, 87.90, 87.94, 88.60, 2567, 2.27, 50, 1352, 97.13
RUBFILA, EQ, 11-Sep-2026, 68.09, 68.89, 69.89, 67.01, 69.00, 68.51, 68.04, 52411, 35.66, 273, 29439, 63.51
RUBICON, EQ, 11-Sep-2026, 1790.00, 1792.00, 1848.60, 1758.10, 1839.40, 1835.40, 1795.02, 318589, 5718.74, 22699, 166094, 58.89
RUBYMILLS, EQ, 11-Sep-2026, 445.90, 445.90, 463.80, 426.95, 450.25, 455.10, 442.41, 11703, 51.77, 854, 4867, 52.11
RUCHINFRA, EQ, 11-Sep-2026, 5.68, 5.62, 5.68, 5.46, 5.56, 5.55, 5.56, 108052, 6.01, 285, 73987, 90.32
RUCHIRA, EQ, 11-Sep-2026, 110.54, 110.40, 110.40, 108.31, 109.47, 108.83, 109.35, 51220, 56.01, 847, 28002, 62.61
RUDRA, EQ, 11-Sep-2026, 20.00, 19.70, 20.85, 19.70, 20.14, 20.49, 20.36, 24938, 5.08, 156, 18260, 91.56
RULKA, SM, 11-Sep-2026, 105.90, 115.00, 115.00, 107.00, 107.00, 107.00, 109.77, 1500, 1.65, 5, 900, 60.00
RUPA, EQ, 11-Sep-2026, 140.45, 138.90, 138.90, 135.80, 137.77, 137.48, 136.99, 105141, 144.03, 3834, 47697, 49.33
RUSHIL, EQ, 11-Sep-2026, 16.01, 16.01, 16.19, 15.65, 15.85, 15.91, 15.88, 258300, 41.02, 632, 161694, 66.43
RUSTOMJEE, EQ, 11-Sep-2026, 350.50, 351.00, 351.20, 331.90, 346.00, 344.95, 341.18, 351342, 1198.70, 7358, 176803, 52.29
RVHL, EQ, 11-Sep-2026, 39.45, 40.50, 40.50, 38.00, 39.30, 39.46, 39.11, 5424, 2.12, 111, 3716, 79.15
RVNL, EQ, 11-Sep-2026, 205.60, 204.50, 204.99, 202.04, 204.90, 204.90, 203.24, 3816727, 7757.01, 36834, 1253393, 35.51
RVTH, EQ, 11-Sep-2026, 762.50, 762.50, 762.50, 740.40, 740.40, 740.95, 755.87, 97, 0.73, 36, 82, 98.80
S&SPOWER, EQ, 11-Sep-2026, 342.60, 352.00, 359.00, 333.05, 353.00, 350.35, 347.53, 2806, 9.75, 117, 1815, 65.50
SAAKSHI, ST, 11-Sep-2026, 350.40, 352.00, 355.45, 337.60, 345.30, 345.40, 348.42, 9000, 31.36, 15, 6600, 84.62
SAATVIKGL, EQ, 11-Sep-2026, 402.05, 402.05, 402.20, 389.15, 397.50, 395.95, 393.49, 73637, 289.75, 3179, 37615, 60.29
SACHEEROME, SM, 11-Sep-2026, 516.65, 516.65, 516.65, 497.00, 511.80, 509.95, 506.07, 11100, 56.17, 36, 6300, 63.64
SADBHAV, EQ, 11-Sep-2026, 8.06, 8.06, 8.06, 7.71, 7.84, 7.87, 7.83, 468955, 36.74, 729, 267969, 65.55
SADBHIN, BE, 11-Sep-2026, 2.53, 2.53, 2.58, 2.45, 2.55, 2.52, 2.52, 178190, 4.49, 209, -, -
SADHAV, SM, 11-Sep-2026, 117.30, 112.10, 116.90, 112.10, 112.75, 113.65, 113.95, 11400, 12.99, 19, 6000, 62.50
SADHNANIQ, BE, 11-Sep-2026, 2.86, 2.86, 2.86, 2.83, 2.84, 2.84, 2.85, 529521, 15.10, 248, -, -
SAFARI, EQ, 11-Sep-2026, 1501.60, 1500.00, 1556.80, 1470.00, 1542.00, 1544.70, 1518.67, 115745, 1757.78, 13455, 51149, 62.77
SAFEENTP, SM, 11-Sep-2026, 269.70, 262.60, 267.90, 255.00, 256.35, 257.30, 259.20, 65500, 169.78, 118, 52000, 86.67
SAGARDEEP, EQ, 11-Sep-2026, 24.04, 24.20, 24.20, 23.72, 24.09, 23.79, 24.06, 9000, 2.17, 59, 8993, 99.93
SAGCEM, EQ, 11-Sep-2026, 150.34, 149.48, 150.34, 145.50, 146.00, 146.25, 146.69, 121275, 177.90, 1793, 87177, 81.45
SAGILITY, EQ, 11-Sep-2026, 44.41, 44.25, 45.50, 43.47, 45.20, 45.20, 44.64, 24429679, 10906.38, 53802, 8871760, 38.68
SAHAJSOLAR, SM, 11-Sep-2026, 92.70, 95.40, 95.40, 92.75, 94.00, 93.95, 93.82, 8000, 7.51, 16, 6000, 88.24
SAHANA, SM, 11-Sep-2026, 905.35, 905.40, 914.00, 898.00, 904.00, 904.45, 905.20, 13950, 126.28, 72, 9600, 83.12
SAHASRA, SM, 11-Sep-2026, 291.90, 294.50, 303.00, 282.25, 295.00, 297.10, 293.04, 57200, 167.62, 113, 41600, 82.54
SAHLIBHFI, EQ, 11-Sep-2026, 82.33, 83.15, 84.00, 81.10, 82.25, 81.67, 82.29, 17382, 14.30, 330, 7248, 60.82
SAHYADRI, EQ, 11-Sep-2026, 383.35, 389.90, 396.45, 374.45, 391.50, 390.90, 386.88, 17080, 66.08, 1083, 7723, 51.17
SAICAPI, EQ, 11-Sep-2026, 155.34, 155.00, 157.99, 147.50, 157.00, 152.18, 155.81, 329, 0.51, 20, 294, 93.93
SAIFL, SM, 11-Sep-2026, 4.45, 4.45, 4.55, 4.35, 4.45, 4.40, 4.42, 256000, 11.32, 45, 152000, 86.36
SAIL, EQ, 11-Sep-2026, 183.75, 182.43, 182.43, 178.65, 179.00, 179.00, 179.82, 8764231, 15759.69, 38422, 3342680, 40.33
SAILIFE, EQ, 11-Sep-2026, 1591.10, 1590.00, 1616.10, 1571.40, 1585.00, 1585.00, 1590.25, 1170229, 18609.52, 61785, 622224, 56.49
SAIPARENT, EQ, 11-Sep-2026, 522.55, 516.50, 527.90, 515.55, 526.50, 523.35, 521.79, 39054, 203.78, 2609, 19395, 55.46
SAJHOTELS, ST, 11-Sep-2026, 36.10, 35.00, 37.00, 35.00, 37.00, 37.00, 36.33, 12000, 4.36, 3, 12000, 100.00
SAKAR, EQ, 11-Sep-2026, 1117.30, 1118.00, 1195.00, 1096.05, 1164.90, 1158.55, 1155.61, 181225, 2094.25, 13703, 76666, 49.37
SAKHTISUG, EQ, 11-Sep-2026, 19.19, 19.19, 21.55, 19.05, 19.94, 19.90, 20.16, 421371, 84.93, 1741, 123076, 30.94
SAKSOFT, EQ, 11-Sep-2026, 146.87, 146.79, 147.50, 145.00, 146.00, 146.49, 145.96, 211197, 308.27, 3503, 99397, 53.65
SAKUMA, EQ, 11-Sep-2026, 1.59, 1.58, 1.60, 1.54, 1.58, 1.57, 1.57, 1273560, 19.95, 980, 961624, 79.32
SALASAR, EQ, 11-Sep-2026, 5.03, 5.02, 5.15, 4.96, 5.03, 5.05, 5.03, 4132123, 207.75, 3249, 2160100, 66.83
SALONA, EQ, 11-Sep-2026, 262.75, 261.45, 261.45, 255.00, 260.05, 260.05, 258.94, 55, 0.14, 12, 54, 98.18
SALSTEEL, EQ, 11-Sep-2026, 76.63, 76.00, 76.69, 74.00, 74.20, 74.81, 75.28, 418767, 315.27, 3102, 103939, 28.72
SALZERELEC, EQ, 11-Sep-2026, 550.15, 549.25, 558.95, 544.25, 552.00, 550.55, 552.25, 39771, 219.64, 2362, 18887, 58.09
SAMBANDAM, EQ, 11-Sep-2026, 113.01, 113.01, 113.25, 111.00, 111.00, 111.65, 112.48, 200, 0.22, 13, 194, 99.49
SAMBHAAV, EQ, 11-Sep-2026, 5.82, 5.94, 6.40, 5.81, 5.88, 5.96, 6.03, 26997, 1.63, 68, 14520, 54.16
SAMBHV, EQ, 11-Sep-2026, 132.51, 131.00, 134.75, 129.01, 130.55, 131.08, 131.84, 1936674, 2553.30, 17867, 745125, 41.41
SAMHI, EQ, 11-Sep-2026, 160.20, 158.40, 160.00, 156.13, 157.70, 157.07, 157.73, 1091697, 1721.98, 23619, 370175, 37.99
SAMMAANCAP, EQ, 11-Sep-2026, 149.77, 149.00, 149.37, 146.60, 148.00, 147.30, 147.58, 4129688, 6094.64, 24997, 1788906, 48.99
SAMPANN, EQ, 11-Sep-2026, 24.11, 24.50, 24.99, 24.00, 24.87, 24.46, 24.59, 24675, 6.07, 226, 15218, 80.64
SANATHAN, EQ, 11-Sep-2026, 483.10, 485.50, 489.05, 468.05, 472.10, 472.10, 476.45, 142861, 680.65, 6074, 67922, 49.23
SANDESH, EQ, 11-Sep-2026, 1021.10, 1001.20, 1032.00, 1000.00, 1029.00, 1014.60, 1009.51, 1545, 15.60, 149, 1238, 88.68
SANDHAR, EQ, 11-Sep-2026, 627.25, 624.95, 624.95, 610.20, 618.15, 618.60, 615.86, 99497, 612.76, 5283, 46294, 52.28
SANDUMA, EQ, 11-Sep-2026, 196.74, 195.00, 195.35, 189.60, 190.40, 190.35, 192.11, 858154, 1648.57, 13328, 418339, 55.00
SANGAMIND, EQ, 11-Sep-2026, 577.05, 576.15, 579.90, 562.55, 571.25, 574.40, 573.20, 19897, 114.05, 1839, 10909, 61.87
SANGANI, SM, 11-Sep-2026, 54.50, 52.00, 53.90, 52.00, 53.90, 53.90, 52.95, 3000, 1.59, 2, 3000, 100.00
SANGHVIMOV, EQ, 11-Sep-2026, 434.15, 431.05, 433.00, 420.10, 423.80, 426.50, 426.91, 256297, 1094.16, 8361, 124221, 54.42
SANGINITA, BE, 11-Sep-2026, 64.39, 65.67, 65.67, 65.67, 65.67, 65.67, 65.67, 29308, 19.25, 98, -, -
SANOFI, EQ, 11-Sep-2026, 3106.00, 3101.30, 3105.40, 3069.30, 3082.90, 3079.20, 3083.74, 9890, 304.98, 2334, 6001, 63.77
SANOFICONR, EQ, 11-Sep-2026, 4089.60, 4099.00, 4113.50, 4001.10, 4020.00, 4023.40, 4055.58, 4396, 178.28, 1163, 2309, 59.93
SANSERA, EQ, 11-Sep-2026, 4107.90, 4086.70, 4149.00, 4050.00, 4115.50, 4129.90, 4108.60, 127741, 5248.36, 20987, 57351, 47.73
SANSTAR, EQ, 11-Sep-2026, 107.38, 107.95, 111.20, 105.55, 110.20, 110.53, 108.75, 202115, 219.81, 2226, 79549, 49.58
SANWARIA, BZ, 11-Sep-2026, 0.19, 0.19, 0.20, 0.18, 0.19, 0.19, 0.19, 549342, 1.05, 169, -, -
SAPPHIRE, EQ, 11-Sep-2026, 224.11, 222.50, 226.98, 219.31, 223.98, 225.74, 224.16, 581886, 1304.33, 21164, 260808, 50.39
SAPPL, EQ, 11-Sep-2026, 286.05, 292.00, 292.00, 286.05, 290.80, 290.80, 290.55, 212, 0.62, 7, 212, 100.00
SARDAEN, EQ, 11-Sep-2026, 537.25, 533.00, 534.50, 522.80, 523.50, 524.15, 526.94, 374526, 1973.54, 18664, 160715, 50.96
SAREGAMA, EQ, 11-Sep-2026, 505.15, 505.45, 516.20, 493.35, 505.10, 505.50, 508.13, 522041, 2652.67, 19656, 190185, 38.50
SARLAPOLY, EQ, 11-Sep-2026, 101.31, 101.25, 101.98, 99.62, 100.30, 100.22, 100.29, 107369, 107.68, 542, 91897, 88.18
SARTELE, SM, 11-Sep-2026, 83.50, 85.50, 85.50, 79.05, 80.00, 79.90, 80.13, 236000, 189.10, 273, 178000, 79.64
SARVESHWAR, EQ, 11-Sep-2026, 3.99, 4.10, 4.10, 3.89, 4.02, 4.01, 4.01, 4826620, 193.42, 2840, 3158744, 72.00
SASKEN, EQ, 11-Sep-2026, 1777.60, 1780.70, 1818.90, 1728.00, 1777.00, 1783.60, 1756.00, 29817, 523.59, 3537, 16484, 62.44
SATECH, SM, 11-Sep-2026, 40.70, 40.45, 40.45, 39.00, 40.00, 39.90, 39.59, 15000, 5.94, 12, 10000, 71.43
SATIA, EQ, 11-Sep-2026, 68.57, 68.43, 68.43, 66.00, 67.70, 68.01, 67.79, 115287, 78.16, 1142, 64152, 60.11
SATIN, EQ, 11-Sep-2026, 217.21, 217.00, 220.89, 215.03, 216.67, 216.68, 217.57, 136042, 295.99, 2918, 68136, 53.62
SATIPOLY, ST, 11-Sep-2026, 40.80, 39.05, 39.05, 38.80, 38.80, 38.80, 38.88, 1500, 0.58, 3, 1500, 100.00
SATKARTAR, SM, 11-Sep-2026, 131.20, 137.00, 148.00, 135.25, 147.00, 145.20, 144.17, 164800, 237.59, 190, 120000, 75.38
SATTVAENGG, SM, 11-Sep-2026, 59.50, 56.65, 62.15, 56.65, 62.15, 62.15, 58.93, 11200, 6.60, 7, 9600, 85.71
SAURASHCEM, EQ, 11-Sep-2026, 55.48, 55.63, 55.84, 54.00, 54.99, 54.76, 54.73, 60190, 32.94, 1013, 43537, 74.37
SAVY, SM, 11-Sep-2026, 141.10, 140.00, 140.00, 140.00, 140.00, 140.00, 140.00, 2400, 3.36, 2, 2400, 100.00
SAWALIYA, SM, 11-Sep-2026, 169.00, 169.00, 169.00, 161.00, 161.00, 162.45, 163.44, 29400, 48.05, 19, 9000, 88.24
SAYAJIHOTL, EQ, 11-Sep-2026, 325.20, 324.35, 330.00, 315.00, 320.10, 326.80, 325.24, 308, 1.00, 12, 160, 99.38
SAYAJIIND, EQ, 11-Sep-2026, 115.99, 110.30, 118.90, 110.30, 118.90, 118.90, 112.72, 214, 0.24, 8, 178, 83.18
SBC, EQ, 11-Sep-2026, 48.05, 47.80, 48.39, 47.70, 48.36, 48.33, 48.24, 8267285, 3987.99, 6177, 4044380, 53.82
SBCL, EQ, 11-Sep-2026, 1112.00, 1107.80, 1108.00, 1072.60, 1088.00, 1087.00, 1086.22, 165852, 1801.52, 13374, 80572, 55.17
SBFC, EQ, 11-Sep-2026, 98.48, 97.99, 99.01, 96.52, 98.29, 98.19, 97.91, 411967, 403.36, 6026, 183715, 50.32
SBGLP, EQ, 11-Sep-2026, 22.44, 22.33, 23.40, 21.31, 21.50, 21.56, 22.04, 95640, 21.08, 690, 28383, 37.80
SBIBPB, EQ, 11-Sep-2026, 48.70, 48.55, 48.81, 48.02, 48.31, 48.58, 48.45, 69244, 33.55, 369, 38049, 57.47
SBICARD, EQ, 11-Sep-2026, 666.30, 665.00, 665.15, 650.05, 655.20, 655.20, 655.43, 1571692, 10301.34, 42943, 873665, 61.18
SBIETFCON, EQ, 11-Sep-2026, 118.65, 119.47, 119.47, 117.65, 118.66, 118.35, 118.23, 2489, 2.94, 90, 1345, 56.18
SBIETFIT, EQ, 11-Sep-2026, 320.35, 318.00, 323.96, 318.00, 323.32, 322.45, 321.65, 7677, 24.69, 197, 3604, 51.67
SBIETFPB, EQ, 11-Sep-2026, 278.52, 278.51, 282.15, 275.30, 282.15, 281.69, 277.20, 2857, 7.92, 71, 2661, 94.33
SBIETFQLTY, EQ, 11-Sep-2026, 216.53, 216.53, 216.53, 214.90, 216.10, 216.09, 215.87, 640, 1.38, 65, 465, 83.94
SBIFUNDS, EQ, 11-Sep-2026, 551.00, 550.00, 550.00, 543.15, 545.25, 544.30, 545.26, 756177, 4123.13, 25853, 415935, 63.38
SBILIFE, EQ, 11-Sep-2026, 1700.60, 1680.00, 1697.70, 1671.00, 1684.70, 1684.70, 1687.26, 308631, 5207.40, 22778, 143868, 56.15
SBILIQETF, EQ, 11-Sep-2026, 1055.27, 1055.82, 1055.82, 1055.80, 1055.80, 1055.80, 1055.80, 435842, 4601.62, 341, 5317, 99.66
SBIMIDMOM, EQ, 11-Sep-2026, 63.53, 63.35, 63.82, 62.68, 63.82, 63.53, 63.38, 55215, 35.00, 280, 41733, 94.28
SBIN, EQ, 11-Sep-2026, 1009.70, 1000.00, 1001.90, 993.00, 995.70, 995.70, 996.57, 7771109, 77444.70, 168958, 3903299, 53.86
SBINEQWETF, EQ, 11-Sep-2026, 32.70, 32.98, 32.98, 32.31, 32.55, 32.55, 32.52, 32422, 10.54, 259, 28668, 96.55
SBINMID150, EQ, 11-Sep-2026, 22.95, 22.90, 22.96, 22.64, 22.94, 22.94, 22.79, 13150, 3.00, 137, 11994, 91.21
SBISILVER, EQ, 11-Sep-2026, 229.15, 221.76, 223.30, 219.31, 222.54, 221.92, 221.32, 1619779, 3584.90, 8666, 550106, 36.33
SBISMLETF, EQ, 11-Sep-2026, 18.46, 18.55, 18.55, 18.14, 18.47, 18.28, 18.30, 155495, 28.46, 288, 136405, 89.60
SBIVALETF, EQ, 11-Sep-2026, 14.62, 14.62, 14.62, 14.42, 14.58, 14.57, 14.49, 24030, 3.48, 73, 14495, 61.19
SCANSTL, BE, 11-Sep-2026, 57.82, 56.85, 56.85, 55.50, 56.21, 56.34, 56.20, 21017, 11.81, 122, -, -
SCHAEFFLER, EQ, 11-Sep-2026, 3940.20, 3951.00, 3967.70, 3890.10, 3950.00, 3950.50, 3937.38, 18313, 721.05, 5767, 8552, 56.46
SCHAND, EQ, 11-Sep-2026, 135.42, 136.00, 138.00, 134.96, 138.00, 137.72, 136.59, 36456, 49.79, 985, 25604, 78.08
SCHNEIDER, EQ, 11-Sep-2026, 1194.90, 1180.00, 1237.00, 1168.00, 1225.00, 1227.00, 1216.13, 261523, 3180.45, 19296, 87697, 36.46
SCI, EQ, 11-Sep-2026, 285.20, 283.25, 283.35, 277.50, 280.95, 280.60, 280.13, 1518756, 4254.47, 28863, 501565, 38.24
SCILAL, EQ, 11-Sep-2026, 38.46, 38.00, 38.94, 37.90, 38.10, 38.14, 38.18, 212235, 81.03, 2205, 108064, 60.77
SCML, SM, 11-Sep-2026, 75.70, 75.70, 77.90, 75.70, 77.90, 77.90, 77.45, 5000, 3.87, 5, 5000, 100.00
SCODATUBES, EQ, 11-Sep-2026, 129.21, 130.09, 131.00, 127.21, 130.00, 129.82, 128.83, 79209, 102.05, 1575, 38385, 67.80
SCPL, BE, 11-Sep-2026, 643.45, 643.45, 660.00, 632.00, 649.00, 646.80, 644.88, 3724, 24.02, 140, -, -
SDBL, EQ, 11-Sep-2026, 70.87, 70.75, 71.55, 69.35, 71.55, 70.07, 69.98, 386681, 270.62, 3822, 157517, 56.36
SDREAMS, SM, 11-Sep-2026, 83.00, 83.00, 83.00, 83.00, 83.00, 83.00, 83.00, 1000, 0.83, 1, -, -
SEAMECLTD, EQ, 11-Sep-2026, 1772.90, 1774.50, 1849.00, 1774.50, 1796.00, 1788.40, 1807.02, 150565, 2720.75, 13010, 51346, 37.24
SECMARK, EQ, 11-Sep-2026, 149.16, 148.00, 148.00, 138.00, 144.45, 141.31, 140.90, 2320, 3.27, 138, 1533, 82.42
SECURKLOUD, EQ, 11-Sep-2026, 16.92, 16.51, 17.10, 15.60, 16.70, 16.51, 16.45, 79798, 13.13, 286, 54123, 77.22
SEDEMAC, EQ, 11-Sep-2026, 2915.70, 2915.90, 3008.90, 2878.10, 2919.70, 2906.20, 2937.72, 106773, 3136.69, 18542, 37771, 38.60
SEIL, EQ, 11-Sep-2026, 195.02, 196.68, 196.68, 191.00, 193.50, 192.68, 192.58, 123748, 238.32, 1409, 67947, 61.25
SEJALLTD, EQ, 11-Sep-2026, 672.00, 660.00, 673.00, 639.00, 645.00, 646.30, 648.66, 7569, 49.10, 562, 2798, 77.94
SEKURITIND, EQ, 11-Sep-2026, 112.43, 111.20, 115.00, 108.96, 110.00, 110.34, 110.24, 50303, 55.45, 669, 34518, 75.05
SEL, SM, 11-Sep-2026, 338.50, 338.00, 355.00, 338.00, 355.00, 354.20, 351.32, 9800, 34.43, 28, 6000, 75.00
SELECTIPO, EQ, 11-Sep-2026, 48.48, 48.51, 48.51, 47.79, 48.42, 48.48, 48.18, 51448, 24.79, 135, 28862, 59.10
SEMAC, EQ, 11-Sep-2026, 279.85, 279.85, 279.85, 270.00, 271.20, 273.05, 274.37, 2318, 6.36, 81, 2064, 92.72
SENCO, EQ, 11-Sep-2026, 349.90, 349.90, 349.90, 340.25, 346.95, 346.40, 344.85, 676349, 2332.37, 23957, 314506, 49.54
SENORES, EQ, 11-Sep-2026, 1463.10, 1452.00, 1480.00, 1437.10, 1470.50, 1467.30, 1461.08, 134825, 1969.90, 14890, 50956, 39.64
SENSEXADD, EQ, 11-Sep-2026, 77.42, 77.42, 77.45, 76.74, 77.35, 77.35, 77.14, 4095, 3.16, 31, 1529, 37.57
SENSEXAXIS, EQ, 11-Sep-2026, 77.22, 77.45, 77.94, 76.93, 77.21, 77.35, 77.10, 6532, 5.04, 59, 3671, 56.95
SENSEXBETA, EQ, 11-Sep-2026, 840.98, 836.84, 836.84, 824.05, 836.00, 832.37, 826.79, 4181, 34.57, 208, 3299, 79.51
SENSEXETF, EQ, 11-Sep-2026, 77.19, 77.00, 77.47, 76.53, 77.47, 77.42, 77.02, 32749, 25.22, 297, 19063, 59.69
SENSEXIETF, EQ, 11-Sep-2026, 860.55, 856.19, 866.00, 854.80, 865.85, 863.63, 858.55, 325681, 2796.14, 495, 322861, 99.43
SEPC, EQ, 11-Sep-2026, 5.29, 5.28, 5.30, 5.17, 5.29, 5.27, 5.24, 7963406, 417.06, 4191, 3841187, 55.07
SERVICE, SM, 11-Sep-2026, 70.70, 68.05, 68.05, 68.05, 68.05, 68.05, 68.05, 2000, 1.36, 1, 2000, 100.00
SERVOTECH, EQ, 11-Sep-2026, 77.62, 77.62, 77.62, 76.26, 77.45, 77.28, 77.05, 356343, 274.55, 3987, 163955, 56.06
SESHAPAPER, EQ, 11-Sep-2026, 246.96, 246.85, 255.00, 242.41, 251.92, 251.14, 251.22, 179922, 451.99, 3304, 82515, 48.03
SETCO, BE, 11-Sep-2026, 17.16, 17.10, 17.37, 16.63, 16.80, 16.74, 16.88, 35391, 5.97, 158, -, -
SETF10GILT, EQ, 11-Sep-2026, 264.48, 265.00, 265.00, 262.57, 263.98, 263.98, 264.88, 1367, 3.62, 33, 917, 67.83
SETFGOLD, EQ, 11-Sep-2026, 130.26, 128.70, 129.74, 127.84, 129.24, 129.06, 128.88, 6085719, 7842.99, 11640, 1817446, 38.52
SETFNIF50, EQ, 11-Sep-2026, 252.61, 258.92, 258.92, 250.80, 252.88, 252.41, 251.95, 870218, 2192.52, 6238, 525447, 64.72
SETFNIFBK, EQ, 11-Sep-2026, 578.83, 581.72, 582.90, 573.42, 582.90, 581.78, 579.56, 222320, 1288.49, 783, 192205, 87.09
SETFNN50, EQ, 11-Sep-2026, 777.83, 781.51, 781.51, 767.21, 772.98, 772.61, 771.37, 67424, 520.09, 1552, 41634, 67.45
SETL, EQ, 11-Sep-2026, 445.90, 468.15, 468.15, 443.00, 468.15, 468.15, 462.64, 2933978, 13573.89, 24498, 976865, 33.65
SETUINFRA, BZ, 11-Sep-2026, 0.67, 0.70, 0.70, 0.64, 0.70, 0.66, 0.69, 348843, 2.41, 171, -, -
SEYAIND, BE, 11-Sep-2026, 12.44, 12.20, 12.68, 12.20, 12.68, 12.68, 12.61, 23451, 2.96, 60, -, -
SFL, EQ, 11-Sep-2026, 697.95, 697.10, 701.50, 679.95, 691.65, 691.55, 692.32, 216987, 1502.25, 19766, 102795, 49.51
SGBAPR28I, GB, 11-Sep-2026, 15265.00, 15190.00, 15197.99, 15051.01, 15175.00, 15130.83, 15135.55, 287, 43.44, 50, 221, 78.65
SGBAUG27, GB, 11-Sep-2026, 15110.00, 15049.99, 15119.77, 14974.74, 15005.00, 15010.28, 15025.81, 58, 8.71, 20, 18, 81.82
SGBAUG28V, GB, 11-Sep-2026, 15161.99, 15098.90, 15100.00, 14926.01, 14952.01, 15012.80, 15030.68, 611, 91.84, 157, 256, 65.47
SGBAUG29V, GB, 11-Sep-2026, 15200.01, 14911.00, 15145.00, 14911.00, 15137.00, 15113.83, 15070.04, 20, 3.01, 11, 10, 76.92
SGBAUG30, GB, 11-Sep-2026, 15348.49, 15270.00, 15270.00, 14906.01, 15163.00, 15175.73, 15128.49, 423, 63.99, 114, 299, 72.93
SGBD29VIII, GB, 11-Sep-2026, 15200.00, 14820.01, 15200.00, 14820.01, 15200.00, 15133.75, 15064.94, 149, 22.45, 83, 58, 59.79
SGBDC27VII, GB, 11-Sep-2026, 15149.00, 15190.00, 15190.00, 15190.00, 15190.00, 15190.00, 15190.00, 2, 0.30, 1, 2, 100.00
SGBDE30III, GB, 11-Sep-2026, 15283.76, 15200.00, 15236.00, 14933.01, 15229.66, 15213.46, 15176.45, 113, 17.15, 42, 82, 85.42
SGBDE31III, GB, 11-Sep-2026, 15642.04, 15250.98, 15599.00, 15250.98, 15599.00, 15592.86, 15455.86, 574, 88.72, 189, 323, 57.89
SGBDEC26, GB, 11-Sep-2026, 15100.01, 15300.00, 15300.00, 15300.00, 15300.00, 15300.00, 15300.00, 2, 0.31, 1, -, -
SGBFEB27, GB, 11-Sep-2026, 15149.00, 15095.00, 15095.00, 15025.00, 15025.00, 15025.00, 15036.67, 6, 0.90, 3, 1, 100.00
SGBFEB28IX, GB, 11-Sep-2026, 15246.00, 14901.00, 15099.98, 14901.00, 15030.00, 15030.04, 15030.39, 28, 4.21, 7, 3, 100.00
SGBFEB29XI, GB, 11-Sep-2026, 15170.00, 14901.01, 15086.00, 14901.01, 15005.00, 15032.94, 14998.30, 68, 10.20, 25, 34, 80.95
SGBFEB32IV, GB, 11-Sep-2026, 15988.07, 15730.00, 15898.98, 15531.01, 15835.00, 15841.24, 15747.89, 1190, 187.40, 282, 668, 60.40
SGBJAN29IX, GB, 11-Sep-2026, 15212.63, 15144.99, 15144.99, 14909.12, 15002.03, 15046.09, 15023.28, 136, 20.43, 33, 48, 76.19
SGBJAN29X, GB, 11-Sep-2026, 15141.01, 14900.00, 15100.00, 14850.00, 15039.21, 15042.97, 15016.00, 90, 13.51, 31, 59, 70.24
SGBJAN30IX, GB, 11-Sep-2026, 15178.72, 15025.00, 15250.00, 14999.99, 15250.00, 15232.85, 15107.12, 294, 44.41, 93, 181, 63.07
SGBJU29III, GB, 11-Sep-2026, 15217.00, 14925.00, 15125.00, 14925.00, 15030.00, 15012.61, 15013.03, 563, 84.52, 67, 153, 76.50
SGBJUL27, GB, 11-Sep-2026, 15199.99, 14804.00, 14999.90, 14804.00, 14999.90, 14999.90, 14901.95, 6, 0.89, 3, 3, 50.00
SGBJUL28IV, GB, 11-Sep-2026, 15120.01, 14811.00, 15088.80, 14811.00, 15010.00, 15010.00, 15001.47, 95, 14.25, 32, 54, 73.97
SGBJUL29IV, GB, 11-Sep-2026, 15152.36, 14812.00, 15100.00, 14812.00, 15000.00, 15012.50, 15033.35, 64, 9.62, 31, 44, 75.86
SGBJUN27, GB, 11-Sep-2026, 15219.99, 15025.00, 15025.00, 15025.00, 15025.00, 15025.00, 15025.00, 5, 0.75, 1, -, -
SGBJUN28, GB, 11-Sep-2026, 15155.28, 15044.98, 15099.00, 15030.00, 15030.00, 15030.00, 15049.46, 13, 1.96, 8, 8, 80.00
SGBJUN29II, GB, 11-Sep-2026, 15210.00, 15000.00, 15139.99, 14817.50, 15051.00, 15055.62, 15021.50, 124, 18.63, 38, 97, 83.62
SGBJUN30, GB, 11-Sep-2026, 15238.84, 14850.00, 15300.00, 14801.00, 15300.00, 15296.66, 15144.46, 148, 22.41, 42, 66, 49.62
SGBJUN31I, GB, 11-Sep-2026, 15389.99, 15339.83, 15396.60, 15100.00, 15325.00, 15320.87, 15195.85, 777, 118.07, 155, 458, 64.51
SGBMAR30X, GB, 11-Sep-2026, 15222.01, 15145.00, 15195.00, 15058.66, 15192.00, 15179.63, 15148.52, 21, 3.18, 10, 12, 75.00
SGBMAR31IV, GB, 11-Sep-2026, 15405.56, 15200.00, 15396.93, 15150.01, 15349.00, 15319.25, 15281.97, 140, 21.39, 45, 79, 66.95
SGBMAY28, GB, 11-Sep-2026, 15232.27, 15099.99, 15120.00, 15000.00, 15120.00, 15059.50, 15052.13, 154, 23.18, 36, 112, 83.58
SGBMAY29I, GB, 11-Sep-2026, 15215.21, 15000.00, 15169.99, 14995.00, 15061.00, 15071.47, 15071.36, 359, 54.11, 48, 137, 61.99
SGBMR29XII, GB, 11-Sep-2026, 15150.00, 14999.98, 15098.90, 14811.00, 15002.00, 15023.88, 15002.00, 479, 71.86, 122, 247, 55.13
SGBN28VIII, GB, 11-Sep-2026, 15180.00, 15000.00, 15117.99, 15000.00, 15020.00, 15038.81, 15051.75, 55, 8.28, 19, 31, 91.18
SGBNV29VII, GB, 11-Sep-2026, 15201.00, 14950.00, 15188.00, 14950.00, 15040.00, 15072.55, 15009.99, 85, 12.76, 20, 60, 74.07
SGBOC28VII, GB, 11-Sep-2026, 15230.00, 15050.00, 15199.00, 15050.00, 15199.00, 15199.00, 15146.64, 43, 6.51, 6, 37, 86.05
SGBOCT26, GB, 11-Sep-2026, 15200.00, 15100.00, 15130.00, 15100.00, 15130.00, 15130.00, 15113.64, 11, 1.66, 2, 6, 100.00
SGBSEP27, GB, 11-Sep-2026, 15174.00, 14900.00, 15056.50, 14900.00, 15056.50, 15054.75, 14991.19, 16, 2.40, 7, 9, 64.29
SGBSEP28VI, GB, 11-Sep-2026, 15160.00, 14975.00, 15094.98, 14815.00, 14975.01, 15009.04, 15013.04, 364, 54.65, 56, 77, 22.71
SGBSEP29VI, GB, 11-Sep-2026, 15165.03, 15099.00, 15146.53, 14899.99, 15000.00, 15043.82, 14949.13, 600, 89.69, 86, 421, 71.11
SGBSEP31II, GB, 11-Sep-2026, 15566.34, 15255.01, 15439.99, 15255.00, 15419.00, 15391.90, 15343.34, 695, 106.64, 155, 321, 61.26
SGFIN, EQ, 11-Sep-2026, 672.00, 670.00, 673.20, 658.00, 660.90, 660.75, 661.82, 162612, 1076.20, 6271, 87794, 63.41
SGIL, EQ, 11-Sep-2026, 602.00, 590.80, 602.45, 590.00, 597.00, 592.20, 595.38, 8771, 52.22, 252, 7031, 90.14
SGL, EQ, 11-Sep-2026, 9.90, 9.86, 10.22, 9.67, 9.80, 9.73, 9.82, 8778, 0.86, 86, 4389, 74.88
SGLRES, EQ, 11-Sep-2026, 2.36, 2.45, 2.45, 2.31, 2.45, 2.44, 2.38, 37017, 0.88, 93, 18239, 59.58
SGMART, EQ, 11-Sep-2026, 766.55, 766.55, 775.00, 749.40, 750.80, 750.95, 754.84, 160171, 1209.03, 9139, 78112, 57.69
SGRL, EQ, 11-Sep-2026, 631.65, 633.95, 661.95, 620.00, 656.05, 659.20, 643.53, 18758, 120.71, 1134, 11012, 61.47
SHADOWFAX, EQ, 11-Sep-2026, 255.10, 253.00, 255.00, 246.50, 255.00, 253.40, 251.58, 1996782, 5023.50, 30028, 786204, 43.44
SHAH, EQ, 11-Sep-2026, 3.54, 3.58, 3.58, 3.48, 3.54, 3.51, 3.52, 945289, 33.31, 687, 433217, 67.17
SHAHALLOYS, BE, 11-Sep-2026, 96.76, 96.76, 97.88, 91.93, 92.60, 92.62, 93.59, 54813, 51.30, 288, -, -
SHAILY, EQ, 11-Sep-2026, 3383.20, 3351.80, 3366.10, 3222.10, 3277.50, 3279.50, 3283.37, 192834, 6331.45, 35603, 94642, 52.22
SHAKTIPUMP, EQ, 11-Sep-2026, 503.20, 503.00, 503.00, 484.55, 493.15, 493.80, 491.39, 1008120, 4953.76, 30187, 218752, 25.22
SHALBY, EQ, 11-Sep-2026, 145.96, 145.25, 146.99, 141.70, 144.84, 144.78, 144.38, 112748, 162.78, 2577, 54347, 52.02
SHALPAINTS, BE, 11-Sep-2026, 85.44, 85.50, 86.45, 84.80, 85.85, 85.73, 85.43, 139971, 119.57, 423, -, -
SHANKARA, EQ, 11-Sep-2026, 148.41, 148.00, 148.51, 146.00, 148.40, 148.29, 147.87, 75913, 112.26, 759, 49092, 72.93
SHANKESH, EQ, 11-Sep-2026, 98.41, 104.40, 115.90, 100.00, 101.30, 101.30, 106.67, 53876821, 57470.76, 281997, 8923311, 17.20
SHANTI, EQ, 11-Sep-2026, 6.20, 6.10, 6.49, 6.10, 6.27, 6.20, 6.21, 18127, 1.13, 51, 10666, 92.55
SHANTIGEAR, EQ, 11-Sep-2026, 725.45, 720.00, 733.90, 708.55, 722.30, 714.95, 721.82, 146091, 1054.52, 6243, 45363, 36.27
SHANTIGOLD, EQ, 11-Sep-2026, 257.29, 256.90, 259.75, 247.53, 258.00, 258.17, 254.70, 1074560, 2736.94, 15227, 403737, 43.34
SHANTIINOR, ST, 11-Sep-2026, 176.15, 184.95, 184.95, 184.95, 184.95, 184.95, 184.95, 27200, 50.31, 17, 24000, 100.00
SHARDACROP, EQ, 11-Sep-2026, 781.35, 781.35, 781.35, 763.00, 765.95, 765.55, 769.07, 90612, 696.87, 9165, 36889, 61.45
SHARDAMOTR, EQ, 11-Sep-2026, 946.25, 946.30, 948.50, 915.10, 945.00, 943.75, 935.97, 86523, 809.83, 8168, 43635, 54.96
SHARDUL, BE, 11-Sep-2026, 54.91, 54.91, 55.60, 54.50, 55.00, 55.43, 55.12, 29315, 16.16, 60, -, -
SHAREINDIA, EQ, 11-Sep-2026, 196.32, 197.00, 204.87, 192.30, 198.12, 198.93, 198.81, 15203480, 30225.65, 124795, 1491229, 10.65
SHARIABEES, EQ, 11-Sep-2026, 438.57, 438.57, 440.76, 435.12, 436.28, 437.38, 437.91, 11009, 48.21, 622, 4961, 58.46
SHBAJRG, EQ, 11-Sep-2026, 159.50, 159.50, 159.81, 153.00, 155.00, 155.85, 155.94, 3297, 5.14, 76, 2204, 70.30
SHEEL, ST, 11-Sep-2026, 62.00, 59.30, 61.00, 58.90, 61.00, 61.00, 59.59, 16000, 9.54, 8, 16000, 100.00
SHEETAL, SM, 11-Sep-2026, 350.25, 352.10, 353.00, 352.10, 353.00, 353.00, 352.55, 1000, 3.53, 2, 500, 100.00
SHEKHAWATI, BE, 11-Sep-2026, 18.45, 19.04, 19.37, 18.60, 19.37, 19.37, 19.33, 247905, 47.93, 175, -, -
SHEMAROO, BE, 11-Sep-2026, 121.99, 121.10, 124.90, 119.05, 119.05, 120.57, 121.71, 9440, 11.49, 65, -, -
SHERA, SM, 11-Sep-2026, 190.80, 193.75, 197.65, 190.00, 194.10, 195.05, 194.56, 85000, 165.37, 81, 56000, 74.67
SHERVANI, EQ, 11-Sep-2026, 311.00, 326.00, 360.00, 309.00, 344.30, 348.85, 347.55, 3811, 13.25, 317, 2474, 67.19
SHETHJI, SM, 11-Sep-2026, 194.80, 192.15, 192.95, 181.25, 189.50, 189.50, 188.88, 43000, 81.22, 36, 27000, 64.29
SHIGAN, SM, 11-Sep-2026, 66.00, 67.10, 67.10, 66.50, 66.50, 66.50, 66.87, 4500, 3.01, 3, 4500, 100.00
SHILCTECH, EQ, 11-Sep-2026, 4158.60, 4158.00, 4189.00, 4084.00, 4135.50, 4174.40, 4150.73, 17556, 728.70, 3874, 8096, 53.61
SHILGRAVQ, EQ, 11-Sep-2026, 168.40, 168.40, 172.65, 163.00, 163.37, 163.94, 167.16, 5074, 8.48, 134, 3598, 73.26
SHILPAMED, EQ, 11-Sep-2026, 939.90, 935.00, 975.00, 910.00, 959.05, 961.15, 952.21, 1471659, 14013.21, 56245, 356574, 26.10
SHINDL, EQ, 11-Sep-2026, 161.98, 162.00, 164.75, 160.00, 164.75, 163.02, 161.18, 258569, 416.76, 699, 133258, 53.81
SHIPROCKET, EQ, 11-Sep-2026, 129.17, 129.00, 135.42, 126.13, 134.00, 133.99, 132.38, 8823294, 11680.10, 59263, 1378799, 16.62
SHIVAAGRO, EQ, 11-Sep-2026, 40.32, 40.32, 40.88, 39.00, 39.62, 39.69, 39.94, 5721, 2.29, 46, 5292, 94.25
SHIVACEM, EQ, 11-Sep-2026, 16.04, 16.04, 16.50, 15.00, 15.82, 15.95, 15.75, 117344, 18.48, 480, 80491, 74.53
SHIVALIK, EQ, 11-Sep-2026, 366.80, 358.45, 365.65, 349.55, 364.00, 362.05, 358.34, 115411, 413.57, 4593, 54297, 51.68
SHIVAMAUTO, EQ, 11-Sep-2026, 16.68, 16.98, 16.98, 16.45, 16.65, 16.69, 16.68, 13023, 2.17, 112, 11603, 93.14
SHIVAMILLS, EQ, 11-Sep-2026, 60.38, 62.70, 62.70, 59.59, 61.47, 61.47, 61.60, 162, 0.10, 8, 109, 99.09
SHIVASHRIT, SM, 11-Sep-2026, 118.65, 121.00, 122.70, 115.20, 120.75, 120.40, 119.61, 51000, 61.00, 45, 33000, 89.19
SHIVATEX, EQ, 11-Sep-2026, 179.18, 178.95, 187.95, 173.07, 179.99, 178.05, 179.11, 9452, 16.93, 134, 6070, 67.77
SHIVAUM, EQ, 11-Sep-2026, 461.45, 476.00, 476.00, 462.05, 465.00, 465.40, 465.06, 13315, 61.92, 117, 11839, 95.75
SHK, EQ, 11-Sep-2026, 143.58, 142.96, 142.96, 138.88, 141.20, 141.22, 140.63, 231464, 325.51, 4419, 111609, 57.58
SHKSIL, SM, 11-Sep-2026, 35.40, 35.00, 36.10, 35.00, 36.10, 36.10, 35.64, 10000, 3.56, 5, 10000, 100.00
SHOPERSTOP, EQ, 11-Sep-2026, 377.55, 376.20, 388.00, 368.25, 374.10, 375.45, 377.01, 38249, 144.20, 2507, 13100, 42.43
SHRADDHA, EQ, 11-Sep-2026, 150.02, 150.00, 154.85, 148.00, 153.68, 152.67, 151.55, 5140, 7.79, 126, 3623, 79.84
SHRADHA, EQ, 11-Sep-2026, 31.19, 31.00, 31.70, 29.50, 30.90, 30.84, 30.33, 20345, 6.17, 183, 13733, 69.99
SHREDIGCEM, EQ, 11-Sep-2026, 69.09, 69.41, 69.51, 68.00, 68.90, 68.49, 68.57, 56640, 38.84, 917, 31019, 67.90
SHREECEM, EQ, 11-Sep-2026, 22785.00, 22660.00, 22680.00, 22370.00, 22570.00, 22570.00, 22542.45, 16171, 3645.34, 9273, 8478, 54.13
SHREEDHAR, ST, 11-Sep-2026, 129.35, 135.75, 135.80, 135.75, 135.80, 135.80, 135.79, 10000, 13.58, 5, 8000, 80.00
SHREEJISPG, EQ, 11-Sep-2026, 713.10, 706.65, 711.30, 686.45, 689.60, 691.75, 699.28, 919480, 6429.71, 10740, 351786, 41.76
SHREEKARNI, SM, 11-Sep-2026, 385.00, 381.00, 381.00, 381.00, 381.00, 381.00, 381.00, 150, 0.57, 1, 150, 100.00
SHREEOSFM, SM, 11-Sep-2026, 54.00, 53.90, 56.00, 52.95, 56.00, 56.00, 54.09, 7000, 3.79, 7, 5000, 71.43
SHREEPUSHK, EQ, 11-Sep-2026, 491.60, 495.55, 506.45, 478.80, 487.50, 486.90, 492.24, 157309, 774.33, 5683, 40856, 44.68
SHREERAMA, EQ, 11-Sep-2026, 45.88, 46.69, 47.40, 45.00, 47.24, 47.12, 46.62, 107895, 50.30, 1128, 69541, 68.90
SHRENIK, BZ, 11-Sep-2026, 0.29, 0.30, 0.30, 0.29, 0.30, 0.29, 0.30, 332272, 0.99, 131, -, -
SHREYANIND, EQ, 11-Sep-2026, 135.46, 135.00, 135.00, 131.50, 133.00, 132.80, 133.19, 3771, 5.02, 142, 1863, 81.00
SHRIAHIMSA, ST, 11-Sep-2026, 462.65, 455.10, 462.15, 455.10, 462.15, 462.15, 457.85, 3000, 13.74, 5, 2400, 100.00
SHRIKANHA, SM, 11-Sep-2026, 22.80, 22.80, 22.80, 22.80, 22.80, 22.80, 22.80, 3200, 0.73, 2, 3200, 100.00
SHRIKRISH, EQ, 11-Sep-2026, 37.39, 37.02, 37.02, 36.10, 37.00, 37.00, 36.85, 492, 0.18, 14, 476, 96.75
SHRINGARMS, EQ, 11-Sep-2026, 216.79, 217.40, 218.00, 214.04, 217.00, 217.27, 216.48, 148214, 320.86, 1492, 44940, 38.47
SHRIPISTON, EQ, 11-Sep-2026, 4447.40, 4431.00, 4462.00, 4354.00, 4361.10, 4371.50, 4394.55, 35262, 1549.61, 8696, 16248, 59.57
SHRIRAMFIN, EQ, 11-Sep-2026, 1038.00, 1021.00, 1034.50, 1013.20, 1028.60, 1028.60, 1025.52, 3171217, 32521.59, 75697, 1573415, 57.19
SHRIRAMPPS, EQ, 11-Sep-2026, 72.62, 72.37, 72.61, 70.96, 71.44, 71.83, 71.55, 365745, 261.69, 3359, 189815, 58.55
SHRJAGP, EQ, 11-Sep-2026, 643.45, 625.55, 664.00, 625.55, 647.00, 647.00, 651.34, 155, 1.01, 29, 129, 83.23
SHUBHLAXMI, SM, 11-Sep-2026, 17.70, 17.70, 18.40, 17.70, 18.40, 18.40, 18.15, 3000, 0.54, 3, 1000, 100.00
SHUBHSHREE, SM, 11-Sep-2026, 350.00, 350.00, 360.00, 342.05, 360.00, 360.00, 350.75, 4200, 14.73, 13, 3600, 85.71
SHUKRAPHAR, EQ, 11-Sep-2026, 53.97, 54.05, 55.60, 53.75, 54.00, 53.94, 54.38, 1577298, 857.81, 5434, 745976, 53.73
SHYAMCENT, BE, 11-Sep-2026, 4.97, 5.14, 5.14, 4.91, 4.96, 4.96, 5.00, 42344, 2.12, 109, -, -
SHYAMDHANI, ST, 11-Sep-2026, 54.60, 51.90, 52.95, 51.90, 52.95, 52.95, 52.82, 16000, 8.45, 7, 14000, 100.00
SHYAMMETL, EQ, 11-Sep-2026, 1086.10, 1096.00, 1096.00, 1065.30, 1076.90, 1074.80, 1082.14, 224493, 2429.33, 17923, 102992, 50.29
SHYAMTEL, EQ, 11-Sep-2026, 11.50, 11.50, 11.50, 11.01, 11.49, 11.48, 11.47, 3685, 0.42, 22, 1819, 96.81
SICAGEN, EQ, 11-Sep-2026, 55.24, 55.89, 55.89, 53.11, 53.26, 53.53, 53.98, 26131, 14.10, 435, 16914, 80.60
SICALLOG, BE, 11-Sep-2026, 98.47, 98.90, 99.99, 95.10, 98.97, 98.00, 98.49, 22513, 22.17, 118, -, -
SIDDHIKA, SM, 11-Sep-2026, 230.90, 235.00, 235.00, 222.00, 235.00, 235.00, 232.25, 4000, 9.29, 6, 4000, 100.00
SIEL, EQ, 11-Sep-2026, 29.35, 29.35, 30.00, 28.10, 30.00, 30.00, 28.29, 169, 0.05, 8, 168, 100.00
SIEMENS, EQ, 11-Sep-2026, 3954.40, 3912.10, 3957.00, 3858.40, 3957.00, 3957.00, 3915.48, 172514, 6754.74, 15958, 38048, 27.00
SIGACHI, EQ, 11-Sep-2026, 37.56, 38.00, 38.50, 36.70, 37.93, 37.93, 37.71, 4502407, 1697.82, 16061, 1611816, 38.15
SIGIND, BE, 11-Sep-2026, 71.12, 70.01, 71.90, 67.71, 71.20, 70.79, 70.07, 28521, 19.98, 159, -, -
SIGMA, EQ, 11-Sep-2026, 44.97, 44.83, 44.83, 44.00, 44.01, 44.19, 44.32, 64453, 28.56, 952, 34205, 66.54
SIGMAADV, BE, 11-Sep-2026, 792.85, 788.00, 832.45, 776.50, 832.45, 832.45, 813.76, 366669, 2983.81, 5429, -, -
SIGNATURE, EQ, 11-Sep-2026, 772.35, 772.35, 779.95, 751.00, 756.00, 760.85, 758.59, 209605, 1590.04, 6454, 18060, 9.67
SIGNPOST, EQ, 11-Sep-2026, 267.80, 269.25, 279.00, 260.15, 278.50, 276.25, 269.68, 102421, 276.21, 2706, 46498, 58.66
SIKA, EQ, 11-Sep-2026, 1024.85, 1030.10, 1111.00, 993.60, 1084.00, 1085.55, 1084.35, 654708, 7099.32, 46594, 98383, 15.85
SIKKO, BE, 11-Sep-2026, 5.56, 5.66, 5.83, 5.38, 5.83, 5.83, 5.72, 760515, 43.51, 442, -, -
SIL, EQ, 11-Sep-2026, 18.10, 18.19, 18.55, 17.50, 17.75, 17.76, 17.88, 43283, 7.74, 336, 30686, 79.04
SILGO, EQ, 11-Sep-2026, 71.74, 70.75, 70.98, 69.00, 70.25, 70.01, 70.13, 14401, 10.10, 300, 3132, 68.31
SILINV, EQ, 11-Sep-2026, 451.00, 450.00, 475.40, 445.00, 471.55, 463.80, 462.58, 3697, 17.10, 286, 2789, 82.25
SILKFLEX, SM, 11-Sep-2026, 267.70, 257.10, 281.05, 254.35, 281.05, 281.05, 267.38, 46000, 122.99, 45, 23000, 52.27
SILKY, SM, 11-Sep-2026, 68.45, 71.00, 71.00, 68.00, 68.00, 68.75, 68.77, 109600, 75.37, 10, 800, 50.00
SILVER, EQ, 11-Sep-2026, 233.49, 224.99, 227.67, 223.75, 226.92, 226.48, 225.73, 1308998, 2954.83, 11013, 416715, 35.51
SILVER001, EQ, 11-Sep-2026, 23.60, 23.05, 23.45, 22.25, 22.98, 22.94, 23.01, 269685, 62.05, 136, 250490, 93.03
SILVER1, EQ, 11-Sep-2026, 22.71, 22.12, 22.12, 21.73, 22.07, 22.01, 21.95, 15547379, 3413.24, 9061, 6675194, 44.27
SILVER360, EQ, 11-Sep-2026, 230.33, 225.00, 225.00, 221.33, 223.75, 223.61, 222.73, 19580, 43.61, 550, 11699, 66.13
SILVERADD, EQ, 11-Sep-2026, 22.55, 21.80, 21.98, 21.55, 21.95, 21.82, 21.80, 5816871, 1268.23, 8443, 1686794, 30.52
SILVERAG, EQ, 11-Sep-2026, 227.93, 219.99, 221.82, 217.90, 221.12, 220.59, 219.98, 423680, 931.99, 3533, 122934, 37.30
SILVERAXIS, EQ, 11-Sep-2026, 232.40, 225.44, 234.70, 222.66, 226.70, 225.76, 225.64, 1197571, 2702.20, 3249, 835481, 71.83
SILVERBEES, EQ, 11-Sep-2026, 223.53, 216.79, 218.00, 214.02, 217.05, 216.72, 216.08, 31806842, 68728.51, 108232, 11997734, 42.54
SILVERBETA, EQ, 11-Sep-2026, 225.65, 218.44, 219.95, 215.92, 219.20, 218.53, 217.90, 780985, 1701.80, 5263, 317643, 42.67
SILVERBND, EQ, 11-Sep-2026, 233.85, 228.00, 228.88, 222.69, 227.85, 227.20, 226.99, 14276, 32.40, 239, 8606, 61.53
SILVERCASE, EQ, 11-Sep-2026, 23.72, 22.88, 23.11, 22.71, 23.01, 22.98, 22.93, 10830127, 2482.82, 9832, 3529128, 36.45
SILVERIETF, EQ, 11-Sep-2026, 233.48, 225.90, 227.66, 223.70, 226.80, 226.39, 225.67, 4458877, 10062.38, 21178, 2013112, 47.31
SILVERTUC, EQ, 11-Sep-2026, 152.00, 151.15, 157.59, 150.00, 154.80, 152.49, 153.92, 529921, 815.68, 10720, 180653, 39.91
SIMBHALS, BZ, 11-Sep-2026, 7.21, 7.07, 7.07, 7.07, 7.07, 7.07, 7.07, 3762, 0.27, 14, -, -
SIMCA, ST, 11-Sep-2026, 261.05, 261.05, 263.00, 257.00, 261.80, 261.80, 260.25, 35400, 92.13, 14, 33600, 94.92
SIMPLEXINF, EQ, 11-Sep-2026, 255.75, 254.20, 257.55, 249.65, 255.00, 255.10, 252.48, 108268, 273.36, 2175, 77053, 75.78
SIMPLXREA, EQ, 11-Sep-2026, 132.50, 139.00, 139.00, 137.00, 137.00, 137.00, 137.83, 10, 0.01, 5, 8, 100.00
SINCLAIR, EQ, 11-Sep-2026, 81.58, 80.04, 81.58, 79.62, 79.66, 80.28, 80.43, 17030, 13.70, 263, 12573, 82.52
SINDHUTRAD, EQ, 11-Sep-2026, 23.81, 23.52, 24.17, 23.44, 24.15, 23.99, 23.97, 3110385, 745.41, 1651, 162160, 42.48
SINGERIND, EQ, 11-Sep-2026, 74.02, 75.30, 76.96, 73.01, 75.68, 76.16, 75.14, 62570, 47.01, 987, 32226, 58.09
SINTERCOM, EQ, 11-Sep-2026, 79.82, 79.02, 82.80, 75.81, 76.50, 76.65, 77.36, 13695, 10.59, 359, 11017, 86.57
SIRCA, EQ, 11-Sep-2026, 431.55, 429.05, 432.75, 425.45, 426.00, 427.35, 428.50, 166249, 712.37, 3337, 61461, 47.41
SIS, EQ, 11-Sep-2026, 422.95, 423.80, 427.00, 415.20, 417.10, 419.30, 422.79, 453528, 1917.47, 7487, 221541, 51.57
SITINET, BZ, 11-Sep-2026, 0.28, 0.29, 0.29, 0.27, 0.29, 0.27, 0.28, 238231, 0.68, 190, -, -
SIYSIL, EQ, 11-Sep-2026, 547.00, 540.45, 543.75, 528.65, 533.00, 535.15, 533.70, 38397, 204.93, 3142, 23874, 68.67
SJLOGISTIC, SM, 11-Sep-2026, 318.65, 317.00, 320.95, 313.50, 318.00, 317.35, 316.44, 36500, 115.50, 85, 28000, 90.32
SJS, EQ, 11-Sep-2026, 2342.60, 2341.20, 2385.00, 2314.40, 2340.00, 2354.00, 2343.16, 140948, 3302.63, 24512, 65773, 52.27
SJVN, EQ, 11-Sep-2026, 67.20, 66.80, 66.84, 66.10, 66.15, 66.18, 66.36, 1187604, 788.12, 11817, 545467, 54.31
SKFINDIA, EQ, 11-Sep-2026, 1531.60, 1526.00, 1531.90, 1505.00, 1527.50, 1527.80, 1518.03, 16051, 243.66, 3006, 7587, 52.87
SKFINDUS, EQ, 11-Sep-2026, 2935.40, 2934.30, 2963.20, 2870.10, 2916.00, 2887.70, 2913.61, 40808, 1188.99, 11723, 17284, 53.95
SKIPPER, EQ, 11-Sep-2026, 583.00, 581.00, 581.00, 541.35, 553.95, 551.55, 552.54, 2163432, 11953.79, 55499, 794356, 39.23
SKMEGGPROD, EQ, 11-Sep-2026, 247.90, 247.65, 247.65, 240.00, 242.20, 241.30, 242.17, 151658, 367.27, 3410, 76705, 61.77
SKP, SM, 11-Sep-2026, 171.20, 170.00, 171.90, 165.10, 171.00, 171.00, 170.19, 26000, 44.25, 33, 2500, 9.80
SKYGOLD, EQ, 11-Sep-2026, 830.30, 826.05, 834.45, 814.00, 827.90, 827.40, 827.56, 436603, 3613.13, 15222, 179081, 44.18
SKYTECH, SM, 11-Sep-2026, 29.35, 27.90, 27.90, 27.90, 27.90, 27.90, 27.90, 27200, 7.59, 17, 27200, 100.00
SKYWAYS, EQ, 11-Sep-2026, 111.19, 109.00, 117.50, 108.50, 116.50, 116.01, 114.46, 4483291, 5131.65, 32325, 1096682, 26.84
SLONE, ST, 11-Sep-2026, 178.10, 175.00, 183.10, 170.00, 183.10, 177.20, 176.15, 3600, 6.34, 9, 800, 100.00
SMALL250, EQ, 11-Sep-2026, 18.51, 18.88, 18.88, 18.24, 18.43, 18.40, 18.36, 390167, 71.63, 951, 173693, 49.94
SMALLADD, EQ, 11-Sep-2026, 18.51, 18.73, 18.78, 18.30, 18.55, 18.48, 18.41, 15741, 2.90, 160, 10402, 90.24
SMALLCAP, EQ, 11-Sep-2026, 49.44, 49.54, 49.54, 48.64, 49.32, 49.14, 49.02, 1384314, 678.57, 4544, 641060, 56.63
SMALLGROWW, EQ, 11-Sep-2026, 49.16, 49.05, 49.56, 48.57, 49.56, 49.55, 49.07, 21602, 10.60, 86, 18226, 93.18
SMALLIETF, EQ, 11-Sep-2026, 18.47, 18.30, 18.60, 18.24, 18.28, 18.40, 18.36, 44709, 8.21, 136, 34896, 92.97
SMARTEN, ST, 11-Sep-2026, 53.55, 53.60, 53.60, 53.60, 53.60, 53.60, 53.60, 1200, 0.64, 1, -, -
SMARTLINK, BE, 11-Sep-2026, 219.57, 219.50, 230.54, 215.05, 230.53, 230.30, 226.06, 20834, 47.10, 247, -, -
SMARTWORKS, EQ, 11-Sep-2026, 535.55, 534.30, 534.70, 521.10, 532.00, 530.75, 527.24, 36274, 191.25, 1770, 21484, 64.41
SMCGLOBAL, EQ, 11-Sep-2026, 85.64, 84.50, 87.59, 84.29, 86.49, 86.00, 86.04, 3491875, 3004.54, 28127, 801662, 25.41
SML100CASE, EQ, 11-Sep-2026, 11.32, 11.32, 11.39, 11.20, 11.30, 11.29, 11.25, 2766423, 311.27, 1742, 1957539, 72.62
SMLMAH, EQ, 11-Sep-2026, 6278.00, 6219.00, 6591.50, 6064.50, 6590.00, 6583.00, 6421.46, 109374, 7023.40, 15238, 37985, 38.44
SMLT, EQ, 11-Sep-2026, 61.44, 62.01, 63.00, 61.31, 62.99, 62.29, 62.28, 2950, 1.84, 115, 2114, 81.59
SMSPHARMA, EQ, 11-Sep-2026, 417.45, 417.85, 469.00, 414.55, 466.00, 463.45, 452.86, 10401534, 47104.48, 237234, 1502891, 15.66
SNEHAA, SM, 11-Sep-2026, 45.85, 47.00, 47.00, 44.25, 44.25, 44.25, 44.92, 8000, 3.59, 8, 7000, 87.50
SNOWMAN, EQ, 11-Sep-2026, 36.16, 36.10, 36.16, 35.51, 36.10, 35.91, 35.88, 72438, 25.99, 878, 41428, 72.74
SNXT30BEES, EQ, 11-Sep-2026, 42.47, 41.97, 42.28, 41.93, 42.17, 42.20, 42.16, 12162, 5.13, 73, 10810, 90.29
SNXT50BETA, EQ, 11-Sep-2026, 93.19, 93.30, 94.46, 92.21, 94.37, 94.41, 93.57, 586, 0.55, 73, 434, 76.68
SOBHA, EQ, 11-Sep-2026, 1235.70, 1234.00, 1234.00, 1201.90, 1219.80, 1216.80, 1215.50, 96039, 1167.35, 8814, 34313, 39.59
SOCL, SM, 11-Sep-2026, 28.95, 29.05, 29.05, 29.00, 29.00, 29.00, 29.01, 6400, 1.86, 3, 6400, 100.00
SOFTTECH, EQ, 11-Sep-2026, 435.00, 435.00, 455.90, 433.85, 455.00, 452.35, 446.14, 7424, 33.12, 202, 5465, 86.16
SOLARA, EQ, 11-Sep-2026, 707.25, 707.20, 759.55, 697.40, 749.85, 749.15, 729.41, 1159874, 8460.22, 40388, 340491, 38.99
SOLARINDS, EQ, 11-Sep-2026, 22370.00, 22300.00, 22500.00, 22130.00, 22290.00, 22290.00, 22364.83, 148838, 33287.37, 33149, 64712, 46.78
SOLARWORLD, EQ, 11-Sep-2026, 140.98, 140.00, 142.53, 137.31, 141.92, 141.48, 139.37, 276812, 385.79, 6014, 134864, 55.49
SOLEX, EQ, 11-Sep-2026, 705.25, 710.90, 710.90, 677.60, 704.50, 698.60, 694.09, 28447, 197.45, 2997, 13903, 52.80
SOMANYCERA, EQ, 11-Sep-2026, 559.70, 559.00, 571.00, 550.60, 566.70, 565.20, 562.86, 101279, 570.06, 6964, 55160, 59.68
SOMATEX, EQ, 11-Sep-2026, 84.48, 84.48, 85.90, 81.25, 84.10, 84.52, 83.41, 5517, 4.60, 283, 3118, 60.37
SOMICONVEY, EQ, 11-Sep-2026, 92.76, 97.60, 97.60, 92.12, 92.21, 92.93, 93.45, 10309, 9.63, 373, 4422, 48.89
SONACOMS, EQ, 11-Sep-2026, 803.50, 798.00, 799.95, 786.90, 788.00, 788.00, 792.23, 832096, 6592.13, 22848, 362361, 48.61
SONAL, EQ, 11-Sep-2026, 90.08, 90.50, 90.50, 86.25, 86.25, 86.25, 86.31, 108, 0.09, 4, 108, 100.00
SONAMAC, SM, 11-Sep-2026, 34.30, 34.25, 35.25, 34.25, 35.25, 35.25, 34.36, 9000, 3.09, 5, 9000, 100.00
SONAMLTD, BE, 11-Sep-2026, 73.54, 75.10, 75.10, 72.50, 73.00, 72.90, 73.48, 26317, 19.34, 235, -, -
SONATSOFTW, EQ, 11-Sep-2026, 260.10, 260.10, 268.10, 257.80, 265.50, 265.85, 264.00, 1384592, 3655.28, 30071, 251931, 20.12
SONUINFRA, ST, 11-Sep-2026, 52.00, 53.05, 53.05, 49.40, 52.00, 50.35, 50.45, 106500, 53.72, 47, 81000, 98.18
SOTL, EQ, 11-Sep-2026, 697.10, 697.10, 732.80, 681.30, 716.55, 716.25, 712.89, 461088, 3287.04, 22547, 120731, 28.40
SOUTHBANK, EQ, 11-Sep-2026, 46.08, 45.60, 46.47, 45.18, 46.18, 46.18, 46.05, 5755589, 2650.56, 23365, 2045681, 38.01
SOUTHWEST, EQ, 11-Sep-2026, 216.19, 214.10, 217.77, 212.04, 213.11, 213.35, 214.22, 203063, 435.00, 4508, 93747, 50.39
SPAL, EQ, 11-Sep-2026, 1029.70, 1015.90, 1027.00, 1003.90, 1026.90, 1023.00, 1016.53, 54987, 558.96, 3954, 29798, 61.34
SPANDANA, EQ, 11-Sep-2026, 232.17, 230.00, 236.79, 228.37, 235.85, 235.37, 233.06, 102898, 239.82, 3230, 49295, 54.56
SPARC, EQ, 11-Sep-2026, 196.91, 196.89, 197.55, 192.56, 196.54, 196.01, 194.66, 475527, 925.64, 9938, 189551, 45.97
SPCENET, EQ, 11-Sep-2026, 3.47, 3.46, 3.50, 3.37, 3.40, 3.39, 3.39, 367991, 12.49, 461, 232889, 79.37
SPCL, SM, 11-Sep-2026, 63.05, 63.05, 64.90, 63.00, 64.25, 64.70, 64.21, 22200, 14.25, 32, 16200, 77.14
SPECIALITY, BE, 11-Sep-2026, 141.76, 141.76, 147.00, 137.49, 142.80, 141.70, 142.01, 41348, 58.72, 313, -, -
SPECTRUM, BE, 11-Sep-2026, 2878.60, 2970.00, 3022.50, 2752.00, 3022.50, 3022.50, 2957.23, 47215, 1396.26, 2467, -, -
SPECTSTM, SM, 11-Sep-2026, 59.00, 59.70, 59.70, 59.25, 59.25, 59.25, 59.48, 1600, 0.95, 2, 1600, 100.00
SPENCERS, EQ, 11-Sep-2026, 28.64, 28.56, 28.65, 27.00, 28.42, 28.30, 27.71, 121748, 33.73, 1129, 70326, 59.01
SPIC, EQ, 11-Sep-2026, 69.30, 68.50, 69.30, 68.16, 68.74, 69.00, 68.66, 246359, 169.14, 2530, 119793, 53.00
SPLIL, EQ, 11-Sep-2026, 30.50, 30.40, 31.19, 30.00, 30.00, 30.05, 30.14, 4270, 1.29, 99, 3537, 98.33
SPLPETRO, EQ, 11-Sep-2026, 828.15, 836.00, 836.05, 804.60, 820.50, 818.35, 815.31, 176561, 1439.51, 10385, 49659, 38.14
SPMLINFRA, EQ, 11-Sep-2026, 173.00, 172.35, 172.72, 169.51, 171.00, 171.63, 171.29, 140993, 241.51, 2535, 70252, 57.56
SPORTKING, EQ, 11-Sep-2026, 215.83, 215.40, 215.60, 210.61, 214.85, 214.77, 213.38, 182419, 389.25, 5202, 83938, 53.58
SPPPOLY, SM, 11-Sep-2026, 11.25, 11.75, 11.75, 11.75, 11.75, 11.75, 11.75, 2000, 0.24, 1, 2000, 100.00
SPRL, SM, 11-Sep-2026, 102.00, 102.00, 102.00, 102.00, 102.00, 102.00, 102.00, 800, 0.82, 1, -, -
SPUNWEB, SM, 11-Sep-2026, 103.00, 102.50, 105.00, 101.00, 101.00, 101.00, 102.70, 15600, 16.02, 11, 15600, 100.00
SRD, EQ, 11-Sep-2026, 38.50, 38.90, 39.40, 37.85, 38.37, 38.27, 38.63, 52623, 20.33, 268, 19253, 95.17
SREEL, EQ, 11-Sep-2026, 370.30, 365.00, 365.80, 333.27, 333.27, 333.27, 338.71, 129115, 437.32, 3136, 94714, 73.72
SRF, EQ, 11-Sep-2026, 2519.00, 2508.00, 2508.00, 2460.00, 2482.40, 2482.40, 2477.14, 288552, 7147.84, 19671, 117632, 53.12
SRGHFL, EQ, 11-Sep-2026, 195.00, 156.00, 156.00, 156.00, 156.00, 156.00, 156.00, 11743, 18.32, 213, 11470, 100.00
SRHHYPOLTD, EQ, 11-Sep-2026, 517.10, 524.40, 528.10, 518.50, 523.00, 523.80, 522.31, 18998, 99.23, 766, 14112, 79.40
SRIKPRIND, BE, 11-Sep-2026, 31.43, 31.39, 31.60, 29.86, 30.70, 30.75, 30.16, 15491, 4.67, 61, -, -
SRIVASAVI, ST, 11-Sep-2026, 74.00, 72.15, 74.85, 72.05, 72.05, 72.05, 72.78, 11000, 8.01, 9, 8000, 80.00
SRM, EQ, 11-Sep-2026, 447.70, 447.70, 447.70, 437.15, 437.15, 439.35, 440.76, 64564, 284.57, 2167, 26163, 56.43
SRTL, EQ, 11-Sep-2026, 37.39, 37.00, 37.40, 36.67, 37.31, 37.32, 37.09, 15044, 5.58, 242, 8876, 75.07
SSDL, EQ, 11-Sep-2026, 67.84, 71.00, 72.70, 61.37, 62.25, 62.59, 67.35, 560099, 377.22, 8166, 187850, 35.00
SSEGL, SM, 11-Sep-2026, 437.55, 438.95, 438.95, 422.00, 427.50, 428.35, 428.22, 56000, 239.80, 206, 26800, 50.76
SSFL, ST, 11-Sep-2026, 299.95, 299.90, 314.90, 299.90, 314.00, 313.65, 311.31, 25000, 77.83, 44, 24000, 100.00
SSWL, EQ, 11-Sep-2026, 373.60, 370.00, 384.15, 364.55, 371.00, 370.65, 375.10, 1219997, 4576.25, 32153, 358695, 32.70
STALLION, BE, 11-Sep-2026, 234.26, 229.70, 229.70, 223.00, 225.00, 225.09, 225.99, 389412, 880.02, 3420, -, -
STANLEY, EQ, 11-Sep-2026, 137.43, 136.00, 137.97, 135.00, 135.20, 135.60, 136.16, 76185, 103.73, 1410, 41815, 59.35
STAR, EQ, 11-Sep-2026, 1217.00, 1199.90, 1215.90, 1179.00, 1180.00, 1183.40, 1193.88, 161625, 1929.61, 16276, 57980, 43.14
STARCEMENT, EQ, 11-Sep-2026, 194.68, 194.00, 195.90, 193.10, 195.02, 195.14, 194.60, 240287, 467.61, 5397, 132153, 66.26
STARHEALTH, EQ, 11-Sep-2026, 576.25, 575.00, 579.75, 559.70, 562.95, 562.70, 569.16, 460832, 2622.86, 24455, 253861, 61.76
STARPAPER, EQ, 11-Sep-2026, 169.84, 170.00, 170.80, 166.05, 167.50, 168.44, 167.88, 26257, 44.08, 345, 21096, 84.74
STARTECK, EQ, 11-Sep-2026, 245.20, 242.35, 247.00, 238.55, 247.00, 240.65, 240.55, 52, 0.13, 38, 20, 44.44
STCINDIA, EQ, 11-Sep-2026, 113.25, 113.20, 113.50, 112.11, 113.40, 112.60, 112.56, 8404, 9.46, 240, 5038, 89.18
STEELCAS, EQ, 11-Sep-2026, 323.55, 323.55, 328.75, 315.00, 326.00, 325.25, 321.43, 102466, 329.36, 3015, 28632, 51.07
STEELCITY, EQ, 11-Sep-2026, 91.40, 91.40, 92.74, 88.20, 90.01, 90.30, 90.57, 31154, 28.22, 402, 17731, 61.55
STEELXIND, EQ, 11-Sep-2026, 12.17, 12.49, 12.53, 12.01, 12.24, 12.14, 12.27, 11073848, 1358.87, 8719, 3460426, 35.20
STEL, EQ, 11-Sep-2026, 590.20, 604.00, 620.60, 589.00, 609.00, 611.10, 603.48, 4670, 28.18, 270, 2539, 65.40
STERTOOLS, BE, 11-Sep-2026, 216.21, 216.21, 216.99, 212.00, 214.10, 214.66, 214.35, 13342, 28.60, 289, -, -
STLNETWORK, EQ, 11-Sep-2026, 34.86, 36.00, 36.60, 35.57, 36.60, 36.60, 36.38, 5579818, 2030.12, 4804, 3250556, 58.98
STLSTRINF, EQ, 11-Sep-2026, 17.67, 19.19, 21.20, 18.70, 21.20, 21.20, 20.40, 12925, 2.64, 40, 10664, 82.51
STLTECH, BE, 11-Sep-2026, 854.75, 870.00, 897.45, 830.00, 897.45, 897.40, 876.53, 2409510, 21120.16, 38842, -, -
STOVEKRAFT, EQ, 11-Sep-2026, 840.05, 830.00, 832.95, 809.10, 819.00, 814.90, 818.92, 106138, 869.18, 6035, 51639, 53.16
STUDDS, EQ, 11-Sep-2026, 418.40, 417.95, 424.20, 410.00, 422.80, 418.65, 415.22, 44136, 183.26, 1813, 28051, 66.73
STUDIOLSD, SM, 11-Sep-2026, 9.35, 9.60, 9.60, 9.60, 9.60, 9.60, 9.60, 10000, 0.96, 5, 8000, 100.00
STYL, EQ, 11-Sep-2026, 385.90, 379.95, 391.55, 374.15, 390.45, 387.40, 382.61, 124133, 474.94, 3476, 67371, 60.19
STYLAMIND, EQ, 11-Sep-2026, 3310.60, 3280.00, 3355.10, 3250.80, 3301.20, 3329.90, 3315.39, 19311, 640.24, 6355, 9814, 60.68
STYLEBAAZA, EQ, 11-Sep-2026, 388.95, 388.00, 394.05, 378.00, 387.55, 388.10, 387.64, 488731, 1894.53, 6830, 254280, 64.83
STYRENIX, EQ, 11-Sep-2026, 2142.90, 2125.60, 2127.50, 2100.00, 2113.00, 2113.10, 2110.15, 34221, 722.11, 2751, 21558, 75.51
SUBAHOTELS, SM, 11-Sep-2026, 98.00, 99.00, 102.90, 98.10, 102.00, 101.20, 101.46, 16800, 17.05, 14, 13200, 100.00
SUBEXLTD, EQ, 11-Sep-2026, 19.76, 19.91, 21.00, 19.20, 21.00, 20.80, 20.40, 34488169, 7036.69, 59661, 9691495, 31.46
SUBROS, EQ, 11-Sep-2026, 712.60, 707.15, 708.85, 697.10, 702.00, 703.75, 702.40, 27663, 194.31, 2466, 13065, 52.93
SUDARCOLOR, EQ, 11-Sep-2026, 380.90, 380.05, 391.25, 375.25, 377.30, 378.40, 378.37, 5571, 21.08, 168, 3006, 67.99
SUDARSCHEM, EQ, 11-Sep-2026, 1270.80, 1262.00, 1277.50, 1232.20, 1245.00, 1248.20, 1255.92, 316394, 3973.66, 30312, 145779, 49.76
SUDEEPPHRM, EQ, 11-Sep-2026, 1213.50, 1152.90, 1244.00, 1152.90, 1212.00, 1202.80, 1194.35, 593341, 7086.59, 28081, 239745, 42.58
SUKHJITS, EQ, 11-Sep-2026, 159.99, 159.99, 161.00, 158.11, 160.50, 159.78, 159.67, 13568, 21.66, 212, 8664, 82.96
SULA, EQ, 11-Sep-2026, 138.28, 138.00, 138.13, 135.75, 137.42, 136.38, 136.31, 349596, 476.55, 5322, 159546, 52.80
SUMAX, ST, 11-Sep-2026, 120.45, 126.45, 126.45, 126.45, 126.45, 126.45, 126.45, 129600, 163.88, 55, 126000, 100.00
SUMEDHA, EQ, 11-Sep-2026, 39.00, 41.94, 43.50, 39.56, 43.50, 41.40, 41.32, 5329, 2.20, 157, 507, 91.02
SUMEETINDS, EQ, 11-Sep-2026, 10.95, 10.95, 11.04, 10.72, 10.75, 10.77, 10.83, 715081, 77.46, 1195, 380613, 67.74
SUMICHEM, EQ, 11-Sep-2026, 480.90, 480.00, 480.00, 466.50, 476.05, 476.40, 472.02, 269822, 1273.62, 11948, 151218, 59.42
SUMIT, EQ, 11-Sep-2026, 48.93, 53.20, 53.20, 48.20, 49.50, 49.40, 49.65, 22760, 11.30, 133, 18708, 90.35
SUMMITSEC, EQ, 11-Sep-2026, 1438.60, 1439.20, 1441.90, 1400.00, 1405.20, 1409.20, 1412.19, 2388, 33.72, 367, 1477, 80.62
SUNCLAY, EQ, 11-Sep-2026, 1295.20, 1304.00, 1304.00, 1276.70, 1296.10, 1298.30, 1295.74, 3732, 48.36, 284, 1503, 75.45
SUNDARAM, EQ, 11-Sep-2026, 1.20, 1.23, 1.23, 1.18, 1.20, 1.19, 1.20, 300725, 3.59, 272, 234277, 88.99
SUNDARMFIN, EQ, 11-Sep-2026, 4703.00, 4679.70, 4746.50, 4611.00, 4700.00, 4710.70, 4707.37, 25632, 1206.59, 8617, 9701, 55.68
SUNDRMBRAK, BE, 11-Sep-2026, 725.10, 716.25, 740.95, 700.05, 713.65, 713.65, 712.49, 768, 5.47, 71, -, -
SUNDRMFAST, EQ, 11-Sep-2026, 1256.10, 1257.30, 1284.60, 1227.10, 1281.00, 1270.00, 1254.44, 158860, 1992.81, 12424, 59523, 50.50
SUNDROP, EQ, 11-Sep-2026, 669.15, 673.80, 673.80, 656.10, 661.10, 662.00, 662.63, 8117, 53.79, 419, 4223, 67.12
SUNFLAG, EQ, 11-Sep-2026, 345.40, 344.85, 344.85, 334.00, 338.10, 337.20, 337.47, 122690, 414.04, 3023, 57550, 57.50
SUNLITE, SM, 11-Sep-2026, 705.50, 660.20, 703.00, 636.80, 680.10, 683.65, 665.67, 81000, 539.19, 228, 34500, 47.92
SUNLOC, EQ, 11-Sep-2026, 75.50, 75.70, 75.70, 75.00, 75.50, 75.50, 75.47, 909, 0.69, 9, 909, 100.00
SUNPHARMA, EQ, 11-Sep-2026, 1861.00, 1845.00, 1854.50, 1834.00, 1840.00, 1840.00, 1844.45, 1445071, 26653.55, 54700, 896962, 71.97
SUNRAKSHAK, EQ, 11-Sep-2026, 375.55, 376.00, 378.95, 374.95, 378.00, 377.05, 375.47, 14206, 53.34, 199, 12413, 95.99
SUNREST, SM, 11-Sep-2026, 37.20, 38.05, 38.05, 38.05, 38.05, 38.05, 38.05, 1600, 0.61, 1, -, -
SUNSHIEL, EQ, 11-Sep-2026, 1231.70, 1220.00, 1249.00, 1185.70, 1199.90, 1200.20, 1202.01, 4670, 56.13, 466, 2020, 70.58
SUNSHINE, EQ, 11-Sep-2026, 509.70, 512.40, 524.95, 407.80, 407.80, 407.80, 448.52, 3900142, 17493.00, 58512, 1501148, 38.55
SUNTECK, EQ, 11-Sep-2026, 289.80, 288.25, 289.90, 282.10, 289.00, 288.00, 285.73, 127980, 365.68, 3978, 62082, 54.85
SUNTV, EQ, 11-Sep-2026, 455.55, 450.55, 485.50, 450.00, 475.15, 476.00, 475.56, 3312335, 15752.01, 74589, 553197, 17.63
SUPERHOUSE, EQ, 11-Sep-2026, 171.67, 168.20, 173.87, 166.60, 169.20, 169.66, 170.15, 5993, 10.20, 212, 3416, 69.11
SUPERSPIN, BE, 11-Sep-2026, 7.36, 7.38, 7.68, 7.37, 7.39, 7.41, 7.42, 46772, 3.47, 83, -, -
SUPRAJIT, EQ, 11-Sep-2026, 500.30, 497.00, 497.00, 480.30, 490.00, 488.90, 487.11, 105726, 515.00, 13380, 47204, 50.12
SUPREME, EQ, 11-Sep-2026, 34.70, 34.30, 35.84, 33.01, 34.20, 34.74, 34.22, 42197, 14.44, 1303, 11631, 30.17
SUPREMEENG, BZ, 11-Sep-2026, 3.27, 3.33, 3.33, 3.32, 3.33, 3.33, 3.33, 2178546, 72.45, 269, -, -
SUPREMEIND, EQ, 11-Sep-2026, 3510.00, 3499.10, 3499.10, 3364.40, 3364.40, 3364.40, 3402.93, 130229, 4431.60, 15620, 44856, 39.45
SUPREMEINF, EQ, 11-Sep-2026, 88.73, 87.98, 87.98, 84.00, 84.50, 85.04, 85.46, 56316, 48.13, 2306, 26443, 53.00
SUPREMEPWR, SM, 11-Sep-2026, 222.10, 219.05, 222.00, 214.05, 215.05, 216.75, 216.63, 91500, 198.22, 143, 54500, 68.13
SUPRIYA, EQ, 11-Sep-2026, 917.45, 915.00, 915.30, 891.25, 904.40, 901.75, 902.30, 208583, 1882.04, 16835, 67283, 42.86
SUPTANERY, BE, 11-Sep-2026, 10.82, 10.28, 10.28, 10.28, 10.28, 10.28, 10.28, 14109, 1.45, 179, -, -
SURAJEST, EQ, 11-Sep-2026, 177.00, 175.00, 175.49, 172.50, 175.01, 174.59, 174.08, 44125, 76.81, 1514, 19640, 62.18
SURAJLTD, EQ, 11-Sep-2026, 200.66, 200.00, 205.00, 196.00, 199.99, 199.99, 199.78, 1492, 2.98, 54, 955, 65.77
SURAKSHA, EQ, 11-Sep-2026, 327.85, 330.10, 330.10, 318.10, 325.00, 323.75, 322.00, 50564, 162.82, 1961, 23111, 51.62
SURANASOL, EQ, 11-Sep-2026, 25.63, 25.50, 25.63, 25.01, 25.50, 25.51, 25.32, 25340, 6.42, 383, 15012, 74.14
SURANAT&P, EQ, 11-Sep-2026, 16.05, 16.05, 16.20, 15.80, 16.08, 16.10, 15.96, 56422, 9.00, 687, 41623, 76.87
SURANI, SM, 11-Sep-2026, 96.00, 91.00, 91.00, 91.00, 91.00, 91.00, 91.00, 200, 0.18, 1, -, -
SURYALA, EQ, 11-Sep-2026, 398.55, 395.05, 410.00, 383.00, 395.00, 395.25, 395.08, 782, 3.09, 21, 637, 87.14
SURYALAXMI, EQ, 11-Sep-2026, 58.12, 58.41, 59.38, 55.00, 56.03, 56.28, 56.49, 5357, 3.03, 123, 3730, 83.17
SURYAROSNI, EQ, 11-Sep-2026, 216.05, 215.50, 218.00, 212.02, 214.35, 214.27, 215.11, 455493, 979.83, 13529, 252663, 60.47
SURYODAY, EQ, 11-Sep-2026, 151.06, 149.50, 150.00, 146.75, 147.20, 148.05, 147.83, 400335, 591.82, 3926, 213615, 65.53
SUTLEJTEX, BE, 11-Sep-2026, 39.64, 39.65, 40.90, 38.90, 39.50, 39.27, 39.57, 20479, 8.10, 138, -, -
SUVEN, EQ, 11-Sep-2026, 360.70, 355.00, 359.95, 351.50, 358.95, 355.55, 354.69, 369913, 1312.05, 16807, 164935, 55.45
SUVIDHAA, EQ, 11-Sep-2026, 2.41, 2.47, 2.47, 2.19, 2.26, 2.25, 2.30, 184883, 4.25, 405, 133223, 79.29
SUYOG, EQ, 11-Sep-2026, 669.40, 661.05, 679.60, 645.05, 654.90, 650.50, 659.57, 46738, 308.27, 3193, 21949, 56.14
SUZLON, EQ, 11-Sep-2026, 44.22, 44.12, 44.50, 43.21, 44.12, 44.12, 43.85, 52777120, 23144.11, 83652, 18538773, 39.65
SVGLOBAL, EQ, 11-Sep-2026, 140.80, 140.69, 140.69, 126.55, 126.55, 133.35, 132.23, 1859, 2.46, 94, 919, 55.03
SVLL, BE, 11-Sep-2026, 793.10, 793.00, 810.00, 775.00, 785.00, 785.05, 780.72, 4356, 34.01, 41, -, -
SVPGLOB, EQ, 11-Sep-2026, 3.42, 3.44, 3.46, 3.34, 3.46, 3.45, 3.40, 20107, 0.68, 76, 19741, 99.79
SWANCORP, EQ, 11-Sep-2026, 298.15, 296.00, 298.50, 284.00, 295.00, 296.45, 291.95, 5650793, 16497.39, 66509, 854197, 16.06
SWANDEF, BE, 11-Sep-2026, 2662.80, 2705.00, 2742.00, 2662.80, 2734.00, 2727.90, 2725.46, 20275, 552.59, 1436, -, -
SWARAJ, BE, 11-Sep-2026, 352.75, 352.00, 353.90, 335.15, 335.15, 335.15, 343.11, 110904, 380.52, 858, -, -
SWARAJENG, EQ, 11-Sep-2026, 3551.00, 3550.00, 3592.20, 3531.30, 3575.00, 3576.00, 3561.30, 8326, 296.51, 2464, 4780, 60.56
SWARNSAR, EQ, 11-Sep-2026, 41.61, 40.70, 41.40, 39.30, 39.50, 39.66, 40.01, 60733, 24.30, 429, 40010, 70.93
SWELECTES, EQ, 11-Sep-2026, 568.15, 570.65, 582.00, 561.05, 563.95, 567.40, 573.21, 15589, 89.36, 1753, 5253, 38.57
SWIGGY, EQ, 11-Sep-2026, 279.00, 276.05, 281.45, 275.30, 278.20, 278.20, 277.92, 17233642, 47895.83, 82687, 7128026, 45.42
SWISSMLTRY, BE, 11-Sep-2026, 15.18, 15.00, 15.15, 14.70, 14.90, 14.91, 14.87, 76776, 11.42, 247, -, -
SWSOLAR, EQ, 11-Sep-2026, 182.65, 182.00, 182.11, 178.51, 180.00, 180.22, 179.57, 763085, 1370.31, 11395, 303741, 44.68
SYLVANPLY, SM, 11-Sep-2026, 55.50, 53.00, 53.00, 53.00, 53.00, 53.00, 53.00, 2000, 1.06, 1, 2000, 100.00
SYMBIOTEC, EQ, 11-Sep-2026, 1138.95, 1128.00, 1148.00, 1105.00, 1135.05, 1133.45, 1123.77, 1010520, 11355.96, 44139, 249708, 27.07
SYMPHONY, EQ, 11-Sep-2026, 606.95, 604.85, 605.00, 591.00, 592.00, 592.65, 594.38, 62790, 373.21, 3688, 27172, 55.12
SYNCOMF, EQ, 11-Sep-2026, 19.26, 18.98, 20.10, 18.51, 19.59, 19.46, 19.35, 9148018, 1770.53, 18167, 3077788, 37.06
SYNGENE, EQ, 11-Sep-2026, 384.00, 383.25, 383.60, 375.55, 383.10, 382.65, 380.48, 373196, 1419.94, 23226, 184451, 54.00
SYRMA, EQ, 11-Sep-2026, 1598.80, 1598.90, 1608.20, 1556.10, 1594.80, 1589.30, 1581.71, 638884, 10105.32, 32917, 191096, 34.22
SYSTANGO, SM, 11-Sep-2026, 225.00, 225.95, 233.00, 223.00, 233.00, 229.70, 226.68, 30400, 68.91, 51, 17600, 86.27
SYSTMTXC, BE, 11-Sep-2026, 71.11, 72.53, 72.53, 72.53, 72.53, 72.53, 72.53, 27101, 19.66, 27, -, -
TAALTECH, EQ, 11-Sep-2026, 5198.70, 5190.00, 5550.00, 5180.00, 5408.00, 5375.50, 5426.81, 43191, 2343.89, 11483, 14084, 34.15
TAC, ST, 11-Sep-2026, 469.20, 455.80, 472.60, 453.20, 467.70, 466.90, 465.15, 27000, 125.59, 120, 21600, 83.08
TAINWALCHM, EQ, 11-Sep-2026, 210.02, 212.00, 212.00, 207.01, 207.25, 207.79, 208.93, 258, 0.54, 23, 144, 63.16
TAJGVK, EQ, 11-Sep-2026, 342.60, 341.90, 342.00, 333.20, 335.00, 334.80, 335.89, 51864, 174.21, 2079, 25772, 59.81
TAKE, EQ, 11-Sep-2026, 16.78, 17.61, 17.61, 16.78, 17.61, 17.61, 17.52, 317126, 55.56, 452, 219624, 69.25
TALBROAUTO, EQ, 11-Sep-2026, 420.20, 418.00, 427.20, 414.90, 424.00, 423.75, 421.96, 164443, 693.89, 5459, 66528, 44.87
TAMBOLIIN, BE, 11-Sep-2026, 299.95, 305.95, 314.90, 303.00, 303.00, 306.85, 309.74, 20188, 62.53, 176, -, -
TANAA, EQ, 11-Sep-2026, 251.50, 246.55, 269.85, 238.00, 268.65, 266.95, 256.86, 50644, 130.09, 2652, 21841, 48.97
TANKUP, ST, 11-Sep-2026, 1621.70, 1649.00, 1649.95, 1649.00, 1649.95, 1649.95, 1649.48, 500, 8.25, 2, 500, 100.00
TANLA, EQ, 11-Sep-2026, 503.85, 500.00, 505.00, 497.00, 504.00, 502.80, 501.65, 289977, 1454.67, 10313, 115715, 43.42
TARACHAND, EQ, 11-Sep-2026, 47.24, 47.60, 47.60, 46.57, 47.10, 46.86, 46.99, 84039, 39.49, 2695, 15764, 19.11
TARAPUR, EQ, 11-Sep-2026, 12.74, 12.74, 13.00, 12.50, 13.00, 12.97, 12.77, 21384, 2.73, 174, 13325, 65.74
TARC, EQ, 11-Sep-2026, 128.56, 128.56, 132.59, 126.40, 131.00, 131.39, 130.52, 472565, 616.82, 5828, 173058, 50.08
TARIL, EQ, 11-Sep-2026, 289.95, 288.50, 290.45, 285.15, 289.95, 288.50, 286.87, 827433, 2373.68, 21965, 362902, 47.75
TARMAT, EQ, 11-Sep-2026, 60.66, 60.50, 61.99, 58.58, 59.25, 59.60, 59.89, 30543, 18.29, 1394, 14264, 51.28
TARSONS, EQ, 11-Sep-2026, 317.65, 317.65, 317.65, 304.00, 310.15, 311.20, 308.46, 159992, 493.51, 4151, 66164, 43.95
TASTYBITE, EQ, 11-Sep-2026, 10201.00, 10074.00, 10339.00, 10074.00, 10300.00, 10273.00, 10218.58, 2921, 298.48, 1042, 1018, 46.46
TATACAP, EQ, 11-Sep-2026, 363.15, 361.20, 365.15, 356.80, 363.00, 362.90, 361.97, 495348, 1793.04, 20496, 264696, 58.96
TATACHEM, EQ, 11-Sep-2026, 610.55, 608.25, 616.25, 600.00, 615.00, 612.45, 606.43, 642048, 3893.56, 22718, 220581, 41.40
TATACOMM, EQ, 11-Sep-2026, 1764.40, 1756.20, 1785.00, 1747.80, 1755.20, 1761.60, 1771.42, 167102, 2960.08, 22544, 74189, 50.14
TATACONSUM, EQ, 11-Sep-2026, 999.60, 993.00, 1000.00, 988.00, 991.00, 991.00, 993.66, 905959, 9002.18, 41203, 462783, 58.13
TATAELXSI, EQ, 11-Sep-2026, 3409.00, 3400.20, 3411.00, 3373.70, 3383.00, 3383.00, 3392.18, 112924, 3830.59, 14938, 35435, 43.19
TATAGOLD, EQ, 11-Sep-2026, 14.83, 14.61, 14.79, 14.58, 14.74, 14.70, 14.69, 38276819, 5622.10, 66320, 13372840, 38.56
TATAINVEST, EQ, 11-Sep-2026, 645.15, 646.00, 654.50, 641.70, 649.00, 650.90, 648.25, 577285, 3742.25, 25671, 125419, 24.36
TATAPOWER, EQ, 11-Sep-2026, 367.00, 364.80, 367.40, 362.95, 364.65, 364.65, 365.49, 2425732, 8865.84, 28412, 1148126, 53.50
TATASTEEL, EQ, 11-Sep-2026, 186.78, 184.00, 184.24, 180.79, 183.00, 183.00, 182.37, 31510206, 57465.76, 152042, 13969094, 50.34
TATATECH, EQ, 11-Sep-2026, 779.05, 774.00, 777.00, 758.10, 765.60, 762.15, 765.86, 871685, 6675.87, 39050, 337659, 42.12
TATSILV, EQ, 11-Sep-2026, 22.69, 22.01, 22.13, 21.73, 22.07, 21.99, 21.95, 73279808, 16082.19, 67651, 26149976, 37.39
TATVA, EQ, 11-Sep-2026, 1659.20, 1659.20, 1659.60, 1597.00, 1602.10, 1608.70, 1616.51, 47765, 772.13, 5944, 24470, 57.42
TAURIAN, ST, 11-Sep-2026, 463.50, 463.50, 472.00, 454.00, 457.00, 457.00, 459.92, 12800, 58.87, 16, 12000, 100.00
TBI, SM, 11-Sep-2026, 82.65, 84.65, 88.95, 80.00, 88.70, 87.75, 85.52, 187800, 160.60, 252, 132000, 76.12
TBOTEK, EQ, 11-Sep-2026, 1671.60, 1671.00, 1687.00, 1632.20, 1680.80, 1679.50, 1667.14, 128318, 2139.24, 27058, 56651, 46.31
TBZ, EQ, 11-Sep-2026, 501.25, 485.20, 526.30, 476.20, 526.30, 526.30, 496.37, 2734893, 13575.14, 28766, 1014200, 37.32
TCC, EQ, 11-Sep-2026, 53.62, 54.00, 57.31, 54.00, 56.01, 55.32, 55.77, 13756114, 7671.70, 52887, 967215, 7.45
TCI, EQ, 11-Sep-2026, 856.90, 856.90, 865.50, 843.20, 855.40, 858.85, 856.03, 21578, 184.71, 4773, 11820, 58.53
TCIEXP, EQ, 11-Sep-2026, 535.40, 535.10, 535.10, 509.00, 514.80, 514.60, 519.45, 32945, 171.13, 2128, 16161, 73.95
TCIFINANCE, BE, 11-Sep-2026, 15.11, 14.95, 15.49, 14.90, 15.01, 15.01, 15.01, 14232, 2.14, 68, -, -
TCL, SM, 11-Sep-2026, 113.20, 110.25, 114.00, 109.50, 111.00, 113.05, 112.09, 48000, 53.80, 32, 19200, 80.00
TCPLPACK, EQ, 11-Sep-2026, 3856.10, 3803.20, 3911.80, 3801.00, 3891.10, 3871.00, 3863.28, 5134, 198.34, 1217, 2150, 46.41
TCS, EQ, 11-Sep-2026, 2204.10, 2185.50, 2232.60, 2185.50, 2200.80, 2200.80, 2210.94, 2634124, 58238.97, 102069, 1221983, 50.96
TDPOWERSYS, EQ, 11-Sep-2026, 762.75, 760.00, 812.80, 743.05, 802.75, 804.90, 787.18, 4284956, 33730.48, 153276, 1615399, 45.69
TEAMGTY, EQ, 11-Sep-2026, 235.32, 243.80, 243.80, 235.00, 235.00, 235.00, 235.32, 1191, 2.80, 29, 458, 82.08
TEAMLEASE, EQ, 11-Sep-2026, 1253.90, 1252.00, 1252.00, 1232.30, 1238.30, 1241.40, 1240.79, 14460, 179.42, 1655, 9612, 69.06
TEAMTECH, ST, 11-Sep-2026, 131.05, 131.05, 132.50, 125.90, 128.00, 129.05, 129.83, 72000, 93.48, 22, 60000, 100.00
TECH, EQ, 11-Sep-2026, 31.70, 31.70, 32.50, 31.50, 31.93, 31.78, 31.78, 27370, 8.70, 282, 12558, 53.53
TECHD, SM, 11-Sep-2026, 601.40, 614.00, 625.00, 580.00, 603.20, 605.30, 609.89, 31500, 192.12, 96, 20400, 66.67
TECHERA, SM, 11-Sep-2026, 149.30, 148.70, 156.75, 144.00, 156.75, 156.75, 150.29, 56000, 84.16, 70, 38400, 68.57
TECHLABS, SM, 11-Sep-2026, 134.05, 140.75, 140.75, 127.35, 135.00, 130.25, 134.55, 40000, 53.82, 185, 21125, 66.54
TECHM, EQ, 11-Sep-2026, 1525.80, 1519.30, 1557.30, 1518.60, 1541.00, 1541.00, 1543.63, 2007328, 30985.74, 68622, 787592, 43.57
TECHNOCRAF, EQ, 11-Sep-2026, 439.40, 459.15, 459.80, 425.50, 437.50, 442.30, 443.23, 2759682, 12231.71, 42207, 670003, 29.28
TECHNOE, EQ, 11-Sep-2026, 977.85, 972.00, 985.95, 963.55, 975.00, 972.15, 975.21, 127552, 1243.91, 15684, 62100, 57.31
TECHNVISN, EQ, 11-Sep-2026, 4808.00, 4800.00, 4800.50, 4766.00, 4766.00, 4788.00, 4795.16, 145, 6.95, 30, 127, 90.07
TECILCHEM, EQ, 11-Sep-2026, 9.43, 9.77, 9.77, 9.20, 9.47, 9.60, 9.58, 9564, 0.92, 59, 6723, 93.67
TEGA, EQ, 11-Sep-2026, 1721.60, 1721.00, 1742.00, 1677.00, 1728.00, 1729.10, 1707.31, 278676, 4757.85, 17457, 123792, 51.86
TEJA, SM, 11-Sep-2026, 236.05, 236.30, 237.00, 218.05, 221.00, 223.25, 225.36, 63000, 141.98, 71, 17400, 50.88
TEJASNET, EQ, 11-Sep-2026, 549.80, 546.00, 560.40, 539.40, 554.90, 552.65, 547.67, 2465801, 13504.48, 51274, 552243, 27.41
TEMBO, EQ, 11-Sep-2026, 57.12, 56.90, 57.00, 56.00, 56.01, 56.08, 56.26, 1259812, 708.80, 3501, 338190, 30.99
TEMPSENS, EQ, 11-Sep-2026, 581.30, 578.90, 594.15, 561.20, 586.50, 584.80, 579.86, 2352665, 13642.11, 45067, 570848, 26.47
TENNIND, EQ, 11-Sep-2026, 519.25, 518.55, 518.55, 504.80, 505.95, 506.35, 509.94, 515274, 2627.60, 25943, 274050, 62.67
TERAI, EQ, 11-Sep-2026, 125.85, 127.11, 127.11, 126.90, 126.90, 126.90, 126.99, 180, 0.23, 4, 180, 100.00
TERASOFT, EQ, 11-Sep-2026, 253.55, 252.85, 256.25, 245.00, 248.40, 248.80, 249.69, 39096, 97.62, 1295, 26718, 73.14
TEXINFRA, EQ, 11-Sep-2026, 114.21, 114.25, 117.00, 112.10, 116.05, 115.52, 115.18, 140099, 161.37, 1932, 61542, 48.56
TEXMOPIPES, EQ, 11-Sep-2026, 56.44, 56.25, 62.99, 55.50, 60.25, 60.08, 60.52, 1133568, 685.99, 5528, 490086, 48.49
TEXRAIL, EQ, 11-Sep-2026, 117.77, 117.44, 118.80, 113.65, 118.80, 117.81, 116.07, 2468362, 2864.97, 24057, 610678, 27.13
TFCILTD, EQ, 11-Sep-2026, 143.17, 142.00, 144.21, 140.05, 141.75, 141.49, 141.87, 6496168, 9216.37, 22176, 2279258, 43.35
TFL, EQ, 11-Sep-2026, 12.11, 12.05, 12.46, 11.64, 11.81, 11.80, 11.78, 10799, 1.27, 107, 8238, 86.82
TGBHOTELS, EQ, 11-Sep-2026, 9.86, 9.86, 9.90, 9.31, 9.75, 9.70, 9.79, 42580, 4.17, 135, 31829, 76.84
TGL, ST, 11-Sep-2026, 16.75, 16.45, 16.45, 16.45, 16.45, 16.45, 16.45, 400, 0.07, 2, 400, 100.00
TGVSL, EQ, 11-Sep-2026, 107.45, 107.45, 107.45, 105.12, 105.99, 105.91, 106.08, 70249, 74.52, 914, 38716, 63.22
THACKER, EQ, 11-Sep-2026, 1045.00, 1045.00, 1045.00, 1000.00, 1038.00, 1038.00, 1035.89, 9, 0.09, 5, 8, 100.00
THAKDEV, EQ, 11-Sep-2026, 138.99, 130.65, 139.80, 125.35, 135.00, 128.15, 127.16, 660, 0.84, 23, 365, 55.81
THANGAMAYL, EQ, 11-Sep-2026, 5081.50, 5063.00, 5158.00, 5038.50, 5119.00, 5126.00, 5115.60, 79789, 4081.69, 12850, 31896, 48.48
THEINVEST, EQ, 11-Sep-2026, 97.34, 99.00, 99.00, 94.66, 97.90, 96.80, 97.33, 5797, 5.64, 239, 2538, 94.91
THEJO, EQ, 11-Sep-2026, 2197.40, 2197.40, 2231.90, 2158.00, 2185.00, 2192.60, 2200.16, 19444, 427.80, 1537, 8430, 45.31
THELEELA, EQ, 11-Sep-2026, 554.15, 553.80, 553.95, 533.35, 534.00, 542.30, 544.37, 361329, 1966.98, 26036, 154915, 48.50
THEMISMED, EQ, 11-Sep-2026, 132.07, 132.02, 132.02, 126.16, 129.20, 128.25, 128.31, 110605, 141.92, 2283, 45543, 46.81
THERMAX, EQ, 11-Sep-2026, 3645.40, 3611.00, 3702.10, 3589.50, 3692.50, 3682.00, 3662.57, 84569, 3097.40, 14123, 33421, 45.74
THOMASCOOK, EQ, 11-Sep-2026, 108.35, 107.50, 109.25, 106.12, 107.10, 108.63, 107.72, 462603, 498.30, 6219, 137619, 40.25
THOMASCOTT, EQ, 11-Sep-2026, 243.90, 241.00, 244.20, 232.35, 234.35, 237.55, 237.47, 93348, 221.68, 2871, 54494, 69.19
THYROCARE, EQ, 11-Sep-2026, 557.70, 552.00, 555.95, 545.00, 552.70, 549.70, 550.93, 394901, 2175.61, 35569, 258660, 67.75
TI, EQ, 11-Sep-2026, 535.75, 525.00, 529.45, 520.05, 521.90, 521.60, 524.25, 316424, 1658.87, 12791, 159726, 63.71
TICL, BE, 11-Sep-2026, 7.39, 7.31, 7.31, 7.03, 7.12, 7.05, 7.06, 140674, 9.93, 270, -, -
TIGERLOGS, EQ, 11-Sep-2026, 27.73, 27.11, 28.42, 26.95, 27.06, 27.16, 27.29, 76584, 20.90, 649, 49379, 67.96
TIIL, EQ, 11-Sep-2026, 3157.10, 3135.00, 3300.00, 3107.90, 3256.00, 3250.20, 3218.09, 40351, 1298.53, 8725, 16857, 45.59
TIINDIA, EQ, 11-Sep-2026, 2652.00, 2637.00, 2637.10, 2580.10, 2606.10, 2606.10, 2601.79, 135215, 3518.01, 15016, 57878, 45.21
TIJARIA, BE, 11-Sep-2026, 7.79, 7.41, 7.41, 7.41, 7.41, 7.41, 7.41, 55909, 4.14, 45, -, -
TIL, BE, 11-Sep-2026, 246.24, 243.21, 258.55, 235.10, 252.80, 255.30, 250.30, 170916, 427.80, 681, -, -
TIMETECHNO, EQ, 11-Sep-2026, 184.87, 183.89, 183.89, 179.42, 181.00, 180.80, 180.74, 1260819, 2278.83, 19965, 724284, 61.89
TIMEX, EQ, 11-Sep-2026, 627.10, 625.00, 636.00, 611.50, 630.00, 631.70, 626.19, 226422, 1417.82, 15424, 79521, 41.10
TIMKEN, EQ, 11-Sep-2026, 3297.20, 3297.20, 3319.80, 3210.10, 3302.20, 3302.40, 3266.56, 43706, 1427.68, 12661, 18559, 49.72
TINNARUBR, EQ, 11-Sep-2026, 1028.60, 1025.00, 1043.20, 1004.10, 1036.30, 1034.05, 1026.67, 33404, 342.95, 3849, 13560, 42.79
TIPSFILMS, EQ, 11-Sep-2026, 327.40, 322.10, 329.40, 322.10, 326.00, 327.50, 327.01, 501, 1.64, 57, 291, 69.12
TIPSMUSIC, EQ, 11-Sep-2026, 658.40, 657.10, 668.45, 650.05, 660.30, 661.55, 661.20, 252477, 1669.37, 13065, 96838, 40.98
TIRUMALCHM, EQ, 11-Sep-2026, 157.52, 157.52, 157.70, 153.55, 157.50, 155.98, 155.44, 432083, 671.61, 5072, 93540, 26.86
TIRUPATIFL, BE, 11-Sep-2026, 70.48, 70.65, 71.30, 69.00, 69.35, 69.12, 69.67, 140025, 97.55, 906, -, -
TITAGARH, EQ, 11-Sep-2026, 859.20, 852.00, 853.10, 833.20, 842.80, 842.15, 839.92, 463818, 3895.70, 24285, 168661, 38.29
TITAN, EQ, 11-Sep-2026, 5021.00, 4964.00, 5015.00, 4943.00, 5009.50, 5009.50, 4984.28, 403235, 20098.37, 33149, 164874, 52.36
TMB, EQ, 11-Sep-2026, 923.65, 918.00, 920.00, 904.00, 909.75, 910.90, 910.13, 89596, 815.44, 6061, 43840, 59.69
TMCV, EQ, 11-Sep-2026, 439.25, 436.00, 436.95, 425.35, 434.10, 434.55, 433.28, 7109495, 30803.83, 174601, 3856510, 60.31
TMPV, EQ, 11-Sep-2026, 300.50, 299.75, 304.40, 296.50, 301.10, 301.10, 301.00, 7683193, 23126.55, 111057, 2937083, 42.50
TNIDETF, EQ, 11-Sep-2026, 88.60, 88.88, 89.74, 87.43, 87.55, 88.36, 88.59, 32712, 28.98, 463, 21196, 71.69
TNPETRO, EQ, 11-Sep-2026, 133.14, 133.00, 146.00, 126.41, 129.00, 128.90, 135.47, 5650401, 7654.78, 72280, 1105698, 20.68
TNPL, EQ, 11-Sep-2026, 154.03, 152.52, 155.26, 151.10, 153.99, 153.27, 153.43, 185071, 283.96, 3919, 78363, 53.47
TNTELE, EQ, 11-Sep-2026, 8.94, 9.00, 9.34, 8.80, 9.10, 8.94, 9.01, 21111, 1.90, 142, 13897, 79.30
TOKYOPLAST, EQ, 11-Sep-2026, 76.81, 80.29, 80.29, 75.26, 78.95, 78.94, 78.09, 1713, 1.34, 49, 1177, 81.17
TOLINS, EQ, 11-Sep-2026, 90.96, 90.86, 92.68, 88.63, 89.06, 89.40, 89.76, 44120, 39.60, 1214, 25387, 60.47
TOP100CASE, EQ, 11-Sep-2026, 10.31, 10.31, 10.35, 10.20, 10.35, 10.33, 10.30, 660684, 68.05, 1208, 422855, 78.33
TOP10ADD, EQ, 11-Sep-2026, 84.89, 84.81, 86.00, 84.59, 85.91, 85.56, 85.35, 218951, 186.87, 647, 128961, 70.59
TOP15IETF, EQ, 11-Sep-2026, 9.56, 9.51, 9.62, 9.48, 9.59, 9.56, 9.54, 103972, 9.92, 248, 47432, 53.15
TOP20, EQ, 11-Sep-2026, 8.65, 8.65, 8.67, 8.59, 8.65, 8.65, 8.64, 62958, 5.44, 146, 55985, 91.81
TORNTPHARM, EQ, 11-Sep-2026, 4930.00, 4929.00, 4988.00, 4894.00, 4965.50, 4965.50, 4944.40, 263114, 13009.40, 28334, 118679, 58.90
TORNTPOWER, EQ, 11-Sep-2026, 1296.30, 1281.70, 1300.40, 1278.30, 1298.00, 1297.60, 1292.12, 194814, 2517.24, 14956, 102422, 56.63
TOTAL, BE, 11-Sep-2026, 76.98, 76.95, 77.00, 74.00, 76.01, 76.78, 76.43, 13215, 10.10, 60, -, -
TOYAMSL, EQ, 11-Sep-2026, 0.63, 0.64, 0.66, 0.63, 0.66, 0.66, 0.64, 1597779, 10.27, 207, 602836, 37.73
TPHQ, BE, 11-Sep-2026, 0.50, 0.51, 0.51, 0.50, 0.51, 0.50, 0.51, 724108, 3.67, 282, -, -
TPLPLASTEH, EQ, 11-Sep-2026, 68.20, 68.50, 69.10, 67.13, 68.13, 68.48, 68.14, 124603, 84.90, 1146, 27811, 24.70
TRACXN, EQ, 11-Sep-2026, 28.61, 28.59, 32.39, 28.43, 32.35, 31.90, 31.07, 1039887, 323.07, 6380, 568804, 72.31
TRANSCOR, EQ, 11-Sep-2026, 25.05, 25.05, 25.48, 24.00, 25.39, 25.39, 24.52, 5538, 1.36, 59, 3620, 65.88
TRANSPEK, BE, 11-Sep-2026, 1298.40, 1298.00, 1350.00, 1275.00, 1307.10, 1344.90, 1301.70, 1190, 15.49, 89, -, -
TRANSRAILL, EQ, 11-Sep-2026, 419.20, 417.00, 418.95, 407.00, 412.50, 410.35, 411.02, 547873, 2251.88, 14542, 232747, 50.10
TRANSTEEL, SM, 11-Sep-2026, 80.65, 82.25, 83.50, 77.25, 83.45, 83.05, 81.15, 121000, 98.20, 78, 82000, 73.87
TRANSWORLD, BE, 11-Sep-2026, 164.64, 164.00, 165.00, 163.00, 165.00, 165.00, 163.43, 2369, 3.87, 16, -, -
TRAVELFOOD, EQ, 11-Sep-2026, 1285.90, 1285.00, 1285.00, 1247.50, 1255.90, 1253.60, 1256.90, 25521, 320.77, 3722, 12844, 58.12
TREEHOUSE, EQ, 11-Sep-2026, 5.95, 6.28, 6.30, 5.90, 6.17, 6.14, 6.11, 11939, 0.73, 107, 5634, 54.32
TREJHARA, EQ, 11-Sep-2026, 145.33, 145.36, 145.36, 142.50, 142.51, 143.02, 143.32, 13989, 20.05, 187, 10141, 80.24
TREL, EQ, 11-Sep-2026, 26.94, 26.70, 27.39, 26.00, 27.17, 26.97, 26.87, 157483, 42.31, 4645, 111693, 74.61
TRENT, EQ, 11-Sep-2026, 2818.70, 2789.00, 2816.00, 2757.50, 2802.40, 2802.40, 2794.60, 677898, 18944.55, 50006, 324663, 54.20
TRF, EQ, 11-Sep-2026, 220.80, 221.00, 223.00, 218.60, 222.75, 222.05, 221.30, 12406, 27.45, 329, 8239, 72.14
TRIDENT, EQ, 11-Sep-2026, 23.59, 23.59, 23.60, 23.23, 23.48, 23.39, 23.37, 2078247, 485.68, 11016, 939020, 54.77
TRIGYN, EQ, 11-Sep-2026, 57.03, 56.50, 57.85, 55.35, 57.85, 56.10, 56.35, 40050, 22.57, 637, 14769, 55.77
TRITONV, EQ, 11-Sep-2026, 1133.30, 1133.40, 1144.60, 1059.30, 1103.90, 1092.10, 1108.27, 4924, 54.57, 607, 2024, 58.56
TRITURBINE, EQ, 11-Sep-2026, 560.85, 560.85, 572.80, 552.50, 568.60, 569.65, 561.62, 613864, 3447.58, 102743, 336430, 60.17
TRIVENI, EQ, 11-Sep-2026, 263.95, 263.95, 264.00, 254.00, 255.75, 255.40, 257.57, 744952, 1918.74, 16016, 364568, 58.56
TROM, SM, 11-Sep-2026, 60.50, 56.05, 58.05, 56.05, 58.05, 58.05, 56.72, 1800, 1.02, 2, 1800, 100.00
TRU, EQ, 11-Sep-2026, 4.28, 4.32, 4.32, 4.03, 4.30, 4.28, 4.27, 36038, 1.54, 119, 20493, 85.18
TRUALT, EQ, 11-Sep-2026, 419.65, 416.10, 423.95, 413.55, 414.00, 416.35, 418.42, 99815, 417.64, 2529, 52613, 60.43
TRUST, SM, 11-Sep-2026, 27.00, 27.65, 28.20, 26.05, 27.70, 27.70, 27.32, 9600, 2.62, 16, 6600, 68.75
TSC, ST, 11-Sep-2026, 52.25, 54.85, 54.85, 54.80, 54.85, 54.85, 54.84, 10000, 5.48, 5, 10000, 100.00
TSFINV, EQ, 11-Sep-2026, 441.15, 436.00, 439.95, 425.10, 436.60, 437.25, 431.70, 91968, 397.02, 3977, 42045, 54.93
TTKHLTCARE, EQ, 11-Sep-2026, 1134.40, 1139.00, 1146.50, 1112.10, 1115.00, 1115.40, 1124.23, 34353, 386.21, 4071, 15171, 49.18
TTKPRESTIG, EQ, 11-Sep-2026, 540.20, 540.20, 540.20, 527.45, 539.40, 537.30, 534.96, 39518, 211.41, 4792, 17734, 54.63
TTL, EQ, 11-Sep-2026, 6.73, 6.80, 6.80, 6.32, 6.70, 6.66, 6.53, 488208, 31.89, 474, 209870, 56.66
TTML, EQ, 11-Sep-2026, 35.91, 35.81, 35.81, 35.31, 35.70, 35.60, 35.51, 1102640, 391.60, 5255, 496467, 51.18
TUNWAL, SM, 11-Sep-2026, 24.70, 24.65, 24.85, 24.50, 24.50, 24.50, 24.61, 48000, 11.81, 23, 30000, 68.18
TURTLEMINT, EQ, 11-Sep-2026, 131.84, 131.99, 136.87, 129.84, 135.77, 136.12, 133.32, 589477, 785.88, 8234, 206987, 37.30
TUTIALKA, EQ, 11-Sep-2026, 58.48, 58.45, 59.89, 57.79, 59.80, 59.19, 58.50, 4605, 2.69, 102, 2715, 75.17
TVSELECT, EQ, 11-Sep-2026, 410.45, 410.50, 418.00, 402.05, 418.00, 413.85, 409.57, 26088, 106.85, 1335, 11086, 48.90
TVSHLTD, EQ, 11-Sep-2026, 13134.00, 13239.00, 13239.00, 12876.00, 12990.00, 13024.00, 12979.72, 2094, 271.80, 1192, 830, 43.50
TVSMOTOR, EQ, 11-Sep-2026, 4121.50, 4081.00, 4151.90, 4062.80, 4125.00, 4125.00, 4117.24, 454748, 18723.07, 35086, 152404, 43.87
TVSSCS, EQ, 11-Sep-2026, 128.73, 130.01, 135.25, 127.00, 130.52, 130.49, 131.40, 2918654, 3834.99, 36997, 830804, 31.37
TVSSRICHAK, EQ, 11-Sep-2026, 5222.50, 5220.00, 5250.50, 4940.50, 5199.00, 5146.00, 5129.46, 9142, 468.94, 2662, 3339, 44.41
TVTODAY, EQ, 11-Sep-2026, 109.70, 109.70, 109.98, 108.00, 109.90, 109.30, 108.87, 18765, 20.43, 318, 14463, 86.45
TVVISION, BE, 11-Sep-2026, 2.88, 2.74, 2.74, 2.74, 2.74, 2.74, 2.74, 67680, 1.85, 90, -, -
TWCGOLDETF, EQ, 11-Sep-2026, 152.05, 151.80, 152.92, 147.00, 150.66, 150.58, 149.89, 10595, 15.88, 329, 7048, 76.43
UBL, EQ, 11-Sep-2026, 1256.70, 1254.50, 1263.50, 1240.20, 1255.00, 1256.10, 1254.74, 407531, 5113.44, 7404, 367583, 93.23
UCAL, BE, 11-Sep-2026, 145.80, 144.60, 145.99, 139.51, 145.99, 143.43, 142.43, 20280, 28.88, 172, -, -
UCOBANK, EQ, 11-Sep-2026, 23.93, 23.70, 24.17, 23.59, 24.10, 24.12, 23.97, 5092337, 1220.55, 14205, 2193886, 45.74
UDAYJEW, EQ, 11-Sep-2026, 175.12, 178.00, 178.00, 169.90, 171.50, 172.04, 172.90, 19771, 34.18, 560, 8347, 49.22
UDS, EQ, 11-Sep-2026, 214.07, 211.00, 211.88, 206.06, 208.34, 207.50, 208.03, 83336, 173.37, 2672, 38528, 54.79
UEL, EQ, 11-Sep-2026, 196.80, 188.01, 206.64, 186.96, 206.64, 206.64, 199.59, 41410, 82.65, 661, 27722, 67.01
UFBL, BE, 11-Sep-2026, 712.85, 712.00, 712.00, 685.10, 699.50, 698.85, 695.86, 17971, 125.05, 652, -, -
UFLEX, EQ, 11-Sep-2026, 672.60, 666.50, 674.95, 650.00, 655.00, 653.45, 655.18, 184116, 1206.30, 6824, 98818, 58.78
UFO, EQ, 11-Sep-2026, 63.08, 63.31, 63.65, 62.11, 62.36, 62.63, 62.69, 7797, 4.89, 208, 5070, 77.20
UGARSUGAR, EQ, 11-Sep-2026, 49.92, 49.99, 58.99, 48.49, 54.20, 54.30, 56.09, 11275075, 6324.34, 50151, 832600, 7.61
UGROCAP, EQ, 11-Sep-2026, 83.17, 83.00, 84.54, 81.50, 84.50, 83.66, 83.12, 244074, 202.86, 3074, 120155, 59.25
UHTL, ST, 11-Sep-2026, 171.35, 174.75, 174.75, 174.75, 174.75, 174.75, 174.75, 398000, 695.51, 46, 352000, 88.89
UJJIVANSFB, EQ, 11-Sep-2026, 66.52, 65.90, 66.08, 64.70, 65.80, 65.54, 65.40, 9596521, 6276.05, 33368, 4333663, 49.91
ULTRACEMCO, EQ, 11-Sep-2026, 10979.00, 10859.00, 11060.00, 10790.00, 11000.00, 11000.00, 10947.04, 223277, 24442.23, 23839, 95831, 64.97
ULTRAMAR, EQ, 11-Sep-2026, 433.35, 430.50, 432.20, 422.85, 424.85, 428.55, 427.28, 21619, 92.37, 1006, 10402, 57.60
UMAEXPORTS, BE, 11-Sep-2026, 22.12, 21.68, 21.68, 21.68, 21.68, 21.68, 21.68, 7556, 1.64, 34, -, -
UMESLTD, EQ, 11-Sep-2026, 5.01, 4.99, 5.02, 4.70, 5.00, 4.97, 4.93, 28419, 1.40, 144, 21042, 78.81
UMIYA-MRO, EQ, 11-Sep-2026, 94.84, 94.00, 97.45, 93.44, 97.45, 96.23, 94.96, 7897, 7.50, 220, 3940, 59.44
UNICHEMLAB, EQ, 11-Sep-2026, 532.70, 528.70, 544.20, 522.05, 543.60, 539.70, 535.00, 59557, 318.63, 3829, 22064, 41.34
UNIDT, BE, 11-Sep-2026, 230.47, 232.00, 233.00, 225.85, 231.49, 230.95, 230.64, 15876, 36.62, 86, -, -
UNIECOM, EQ, 11-Sep-2026, 84.77, 84.77, 84.80, 82.69, 83.11, 83.33, 83.21, 208793, 173.74, 2650, 113007, 60.20
UNIENTER, EQ, 11-Sep-2026, 91.55, 92.00, 92.98, 91.01, 91.32, 91.32, 91.53, 1757, 1.61, 50, 1127, 90.23
UNIHEALTH, SM, 11-Sep-2026, 724.95, 718.80, 718.80, 710.00, 717.90, 712.00, 713.54, 7500, 53.52, 14, 5500, 78.57
UNIINFO, EQ, 11-Sep-2026, 11.27, 10.91, 11.13, 10.71, 10.95, 10.94, 10.84, 5048, 0.55, 27, 2680, 89.18
UNIMECH, EQ, 11-Sep-2026, 1568.10, 1560.90, 1614.90, 1531.00, 1609.00, 1610.00, 1586.31, 296742, 4707.24, 21493, 128526, 48.39
UNIONBANK, EQ, 11-Sep-2026, 179.20, 177.10, 179.65, 175.53, 178.10, 178.10, 177.90, 7422504, 13204.47, 37658, 3472085, 52.61
UNIONGOLD, EQ, 11-Sep-2026, 149.35, 149.00, 149.00, 146.80, 148.35, 148.30, 147.96, 3579, 5.30, 206, 1442, 49.22
UNIPARTS, EQ, 11-Sep-2026, 893.85, 888.00, 905.00, 859.95, 902.00, 897.45, 891.94, 168282, 1500.98, 9836, 46242, 35.66
UNITDSPR, EQ, 11-Sep-2026, 1400.00, 1395.10, 1407.20, 1384.30, 1395.00, 1395.00, 1396.12, 552853, 7718.47, 31708, 287784, 57.50
UNITECH, EQ, 11-Sep-2026, 4.22, 4.22, 4.22, 4.06, 4.18, 4.17, 4.12, 3308451, 136.40, 2078, 1849944, 61.62
UNITEDPOLY, EQ, 11-Sep-2026, 43.07, 44.00, 44.00, 41.00, 42.95, 43.28, 43.43, 144169, 62.62, 867, 104741, 77.19
UNITEDTEA, EQ, 11-Sep-2026, 435.80, 434.90, 439.60, 421.70, 433.00, 432.95, 431.69, 1928, 8.32, 166, 1140, 64.70
UNIVASTU, BE, 11-Sep-2026, 160.30, 156.10, 159.90, 152.50, 154.49, 153.00, 154.35, 91258, 140.86, 521, -, -
UNIVCABLES, EQ, 11-Sep-2026, 1556.90, 1540.00, 1540.10, 1485.00, 1495.00, 1492.50, 1502.01, 129409, 1943.73, 16439, 66443, 61.62
UNIVPHOTO, BE, 11-Sep-2026, 540.50, 514.25, 540.40, 514.15, 536.10, 540.15, 533.61, 889, 4.74, 39, -, -
UNOMINDA, EQ, 11-Sep-2026, 1224.80, 1217.00, 1217.60, 1199.50, 1201.60, 1201.60, 1207.86, 374682, 4525.65, 27671, 179159, 50.67
UPHOT, EQ, 11-Sep-2026, 1428.00, 1424.00, 1499.40, 1424.00, 1499.00, 1499.00, 1468.65, 64, 0.94, 15, 62, 96.88
UPL, EQ, 11-Sep-2026, 575.30, 571.80, 577.65, 567.55, 572.95, 572.95, 573.17, 1449635, 8308.94, 30151, 713111, 56.61
URAVIDEF, BE, 11-Sep-2026, 115.00, 115.00, 115.00, 112.70, 114.00, 114.00, 114.05, 1441, 1.64, 25, -, -
URBAN, SM, 11-Sep-2026, 123.00, 123.10, 124.70, 122.65, 123.00, 123.00, 123.45, 9600, 11.85, 11, 4800, 54.55
URBANCO, EQ, 11-Sep-2026, 164.56, 162.97, 167.80, 161.10, 166.15, 166.89, 165.34, 4314864, 7134.35, 40308, 1310813, 33.11
URJA, EQ, 11-Sep-2026, 9.00, 9.00, 9.05, 8.80, 9.05, 9.02, 8.98, 452061, 40.61, 1890, 266591, 65.16
USASEEDS, SM, 11-Sep-2026, 90.50, 87.00, 90.30, 87.00, 90.30, 90.30, 89.10, 1284, 1.14, 3, 856, 100.00
USHAMART, EQ, 11-Sep-2026, 495.75, 493.00, 501.50, 487.05, 493.90, 494.50, 494.07, 1607761, 7943.54, 55154, 1013056, 70.54
USK, EQ, 11-Sep-2026, 20.56, 20.74, 21.10, 20.51, 20.61, 20.64, 20.69, 10354, 2.14, 85, 6654, 68.44
UTIAMC, EQ, 11-Sep-2026, 921.45, 909.65, 920.00, 899.35, 910.45, 910.00, 909.67, 113860, 1035.75, 9649, 59711, 62.05
UTKARSHBNK, EQ, 11-Sep-2026, 14.80, 14.76, 14.76, 14.29, 14.54, 14.52, 14.46, 14252337, 2061.53, 11560, 5421620, 43.73
UTLSOLAR, EQ, 11-Sep-2026, 441.25, 439.00, 450.15, 434.80, 446.20, 447.80, 444.23, 169862, 754.58, 8836, 65550, 45.45
UTSSAV, SM, 11-Sep-2026, 515.20, 517.00, 544.95, 506.05, 536.00, 531.45, 524.79, 80400, 421.93, 91, 45600, 81.72
UTTAMSUGAR, EQ, 11-Sep-2026, 282.40, 279.20, 287.00, 275.80, 279.15, 279.85, 281.51, 205674, 578.99, 6852, 54757, 28.75
UWCSL, SM, 11-Sep-2026, 122.45, 122.45, 122.45, 122.45, 122.45, 122.45, 122.45, 2000, 2.45, 2, 2000, 100.00
UYFINCORP, BE, 11-Sep-2026, 19.31, 19.31, 20.00, 19.00, 19.75, 19.74, 19.63, 105430, 20.70, 239, -, -
V2RETAIL, EQ, 11-Sep-2026, 218.13, 217.50, 219.03, 212.57, 217.95, 218.00, 216.18, 879127, 1900.46, 18874, 379306, 48.69
VADILALIND, EQ, 11-Sep-2026, 7256.50, 7125.00, 7217.00, 6887.50, 6915.50, 6960.50, 7017.41, 52588, 3690.32, 12733, 20798, 44.13
VADILENT, EQ, 11-Sep-2026, 10400.00, 10401.00, 10501.00, 10400.00, 10400.00, 10400.00, 10413.06, 31, 3.23, 9, 16, 100.00
VAIBHAVGBL, EQ, 11-Sep-2026, 215.96, 215.96, 216.10, 210.00, 213.40, 212.58, 212.42, 187970, 399.28, 5386, 92574, 55.80
VAISHALI, EQ, 11-Sep-2026, 8.57, 8.22, 9.42, 8.22, 8.86, 8.77, 8.93, 392962, 35.09, 699, 246898, 65.07
VAKRANGEE, EQ, 11-Sep-2026, 5.47, 5.40, 5.49, 5.30, 5.39, 5.37, 5.37, 1038339, 55.80, 1875, 558327, 67.55
VAL30IETF, EQ, 11-Sep-2026, 15.06, 15.01, 15.10, 14.86, 15.03, 15.02, 14.93, 223102, 33.30, 707, 131192, 59.79
VALIANTLAB, BE, 11-Sep-2026, 124.80, 118.56, 129.90, 118.56, 128.50, 127.91, 121.88, 234978, 286.40, 1120, -, -
VALIANTORG, BE, 11-Sep-2026, 377.45, 364.00, 396.30, 358.60, 396.30, 396.30, 383.60, 133752, 513.07, 1382, -, -
VALUE, EQ, 11-Sep-2026, 16.04, 16.03, 16.03, 15.82, 15.93, 15.92, 15.92, 41013, 6.53, 121, 39950, 98.55
VALUE360, SM, 11-Sep-2026, 70.95, 69.60, 70.00, 68.40, 68.40, 69.45, 69.45, 13200, 9.17, 10, 9600, 100.00
VALUEAXIS, EQ, 11-Sep-2026, 32.54, 33.03, 33.03, 32.26, 32.78, 32.47, 32.39, 66956, 21.69, 322, 61393, 93.49
VAML, EQ, 11-Sep-2026, 437.05, 431.25, 432.00, 416.25, 422.60, 421.75, 420.76, 11587958, 48757.33, 138959, 6671778, 63.92
VARDHACRLC, BE, 11-Sep-2026, 44.25, 44.90, 44.90, 43.55, 44.05, 44.06, 44.24, 29672, 13.13, 146, -, -
VARDMNPOLY, EQ, 11-Sep-2026, 5.94, 6.00, 6.00, 5.88, 5.95, 5.94, 5.96, 66395, 3.96, 157, 44792, 86.84
VARROC, EQ, 11-Sep-2026, 884.40, 877.40, 889.85, 866.00, 868.90, 872.00, 877.58, 482620, 4235.38, 33084, 151705, 34.39
VASCONEQ, EQ, 11-Sep-2026, 30.15, 30.15, 30.34, 29.62, 29.90, 30.08, 29.90, 205831, 61.55, 1000, 113993, 70.24
VASWANI, EQ, 11-Sep-2026, 46.41, 46.01, 47.99, 45.67, 45.77, 45.88, 46.25, 13498, 6.24, 128, 10004, 79.42
VBL, EQ, 11-Sep-2026, 410.50, 406.80, 417.15, 403.00, 416.50, 416.50, 412.29, 9719304, 40072.13, 55459, 4767600, 56.87
VCL, BE, 11-Sep-2026, 1.73, 1.81, 1.81, 1.65, 1.65, 1.65, 1.71, 1158740, 19.81, 386, -, -
VDEAL, SM, 11-Sep-2026, 132.00, 130.00, 133.70, 130.00, 133.70, 131.90, 131.65, 10800, 14.22, 15, 9000, 100.00
VEDAVAAG, EQ, 11-Sep-2026, 22.21, 22.65, 25.69, 22.51, 23.00, 23.38, 24.22, 930326, 225.32, 3801, 378312, 42.60
VEDL, EQ, 11-Sep-2026, 269.05, 264.00, 264.85, 256.50, 263.70, 263.70, 262.21, 11843976, 31055.74, 89219, 5825946, 51.49
VEDPOWER, EQ, 11-Sep-2026, 33.96, 33.80, 33.94, 33.34, 33.72, 33.62, 33.61, 5964281, 2004.50, 31216, 2845053, 51.36
VEEDOL, EQ, 11-Sep-2026, 1437.70, 1437.70, 1437.70, 1422.00, 1433.00, 1428.50, 1427.37, 8081, 115.35, 1060, 4947, 71.20
VEEKAYEM, SM, 11-Sep-2026, 105.30, 109.65, 109.65, 100.05, 100.05, 100.05, 102.70, 6500, 6.68, 13, 5000, 83.33
VELJAN, BE, 11-Sep-2026, 1919.40, 1935.00, 1935.00, 1875.00, 1890.00, 1890.00, 1917.38, 693, 13.29, 47, -, -
VENKEYS, EQ, 11-Sep-2026, 1706.70, 1690.00, 1795.00, 1676.20, 1783.00, 1787.20, 1762.74, 254979, 4494.62, 20028, 103518, 49.12
VENTIVE, EQ, 11-Sep-2026, 569.80, 569.70, 577.95, 560.05, 575.10, 574.70, 569.51, 34114, 194.28, 1176, 24683, 77.03
VENUSPIPES, EQ, 11-Sep-2026, 1949.10, 1948.00, 2044.40, 1909.40, 2022.00, 2020.10, 1993.64, 301736, 6015.52, 25593, 93954, 35.07
VENUSREM, BE, 11-Sep-2026, 1624.20, 1618.10, 1655.00, 1580.00, 1611.00, 1616.30, 1604.22, 16535, 265.26, 1018, -, -
VERANDA, EQ, 11-Sep-2026, 230.51, 230.10, 232.86, 223.66, 223.90, 225.24, 225.79, 334713, 755.75, 5167, 185230, 61.94
VERITAAS, SM, 11-Sep-2026, 28.75, 27.35, 27.50, 27.35, 27.50, 27.50, 27.43, 2400, 0.66, 2, 1200, 50.00
VERTEXPLUS, SM, 11-Sep-2026, 66.25, 66.25, 68.00, 66.25, 68.00, 67.95, 67.95, 45600, 30.99, 3, 600, 100.00
VERTIS, IV, 11-Sep-2026, 116.00, 116.00, 116.00, 115.99, 116.00, 116.00, 116.00, 400000, 464.00, 10, 400000, 100.00
VERTOZ, EQ, 11-Sep-2026, 39.42, 39.43, 39.43, 38.00, 38.52, 38.38, 38.38, 43289, 16.61, 415, 26186, 73.02
VESUVIUS, EQ, 11-Sep-2026, 416.10, 412.30, 415.65, 408.55, 414.95, 413.05, 413.35, 31667, 130.90, 2392, 17854, 63.39
VETO, BE, 11-Sep-2026, 127.15, 128.48, 128.48, 124.00, 125.70, 125.81, 125.62, 17098, 21.48, 125, -, -
VGCL, EQ, 11-Sep-2026, 49.42, 51.77, 51.77, 49.00, 50.00, 50.00, 49.14, 548, 0.27, 15, 535, 99.44
VGINFOTECH, SM, 11-Sep-2026, 147.50, 145.20, 145.95, 142.75, 142.80, 142.80, 144.00, 17000, 24.48, 17, 13000, 81.25
VGL, EQ, 11-Sep-2026, 57.78, 57.96, 69.33, 54.62, 65.21, 66.82, 66.18, 2056842, 1361.15, 10155, 453574, 38.06
VGUARD, EQ, 11-Sep-2026, 328.75, 326.40, 327.00, 318.05, 325.35, 323.70, 322.49, 303031, 977.24, 10896, 140630, 52.79
VHL, EQ, 11-Sep-2026, 3443.00, 3407.00, 3483.40, 3407.00, 3446.60, 3447.90, 3457.49, 337, 11.65, 100, 233, 75.90
VHLTD, BE, 11-Sep-2026, 119.52, 120.55, 120.55, 116.00, 119.00, 118.98, 118.87, 12124, 14.41, 84, -, -
VICTORYEV, SM, 11-Sep-2026, 15.25, 15.50, 15.50, 15.15, 15.45, 15.45, 15.37, 9000, 1.38, 3, 6000, 66.67
VIDHIING, EQ, 11-Sep-2026, 338.90, 333.90, 337.90, 328.85, 332.50, 334.45, 334.17, 17238, 57.60, 1071, 10393, 71.86
VIDYAWIRES, EQ, 11-Sep-2026, 90.21, 88.80, 89.59, 87.40, 88.60, 88.25, 88.43, 606031, 535.94, 6134, 305881, 57.74
VIESL, SM, 11-Sep-2026, 404.40, 387.10, 400.00, 387.10, 399.75, 396.90, 395.15, 4800, 18.97, 6, 2400, 75.00
VIGOR, SM, 11-Sep-2026, 115.00, 109.00, 109.00, 103.50, 103.50, 103.50, 105.79, 38400, 40.62, 23, 35200, 91.67
VIJAYA, EQ, 11-Sep-2026, 1498.80, 1495.00, 1517.40, 1466.10, 1502.10, 1502.00, 1498.38, 98574, 1477.01, 12697, 40017, 44.89
VIJAYPD, SM, 11-Sep-2026, 62.00, 62.00, 65.00, 62.00, 65.00, 65.00, 63.50, 4000, 2.54, 2, 2000, 100.00
VIJIFIN, BE, 11-Sep-2026, 15.93, 15.62, 15.62, 15.62, 15.62, 15.62, 15.62, 428405, 66.92, 147, -, -
VIJSOLX, EQ, 11-Sep-2026, 625.90, 649.80, 649.80, 610.00, 633.70, 633.70, 627.46, 503, 3.16, 70, 320, 63.62
VIKASECO, EQ, 11-Sep-2026, 1.05, 1.06, 1.06, 1.04, 1.06, 1.05, 1.05, 1426919, 15.01, 961, 903187, 66.27
VIKASLIFE, EQ, 11-Sep-2026, 1.23, 1.23, 1.24, 1.22, 1.23, 1.22, 1.23, 1661197, 20.37, 14462, 831143, 55.86
VIKRAMSOLR, EQ, 11-Sep-2026, 165.61, 165.52, 167.84, 165.15, 167.20, 166.86, 166.26, 1840186, 3059.55, 15868, 635302, 37.53
VIKRAN, EQ, 11-Sep-2026, 57.64, 57.37, 57.50, 56.30, 57.10, 57.08, 56.88, 856569, 487.22, 5162, 438981, 57.05
VILAS, SM, 11-Sep-2026, 349.95, 349.95, 349.95, 340.40, 346.20, 346.00, 344.09, 21750, 74.84, 65, 14250, 74.03
VILINBIO, SM, 11-Sep-2026, 58.95, 59.00, 60.30, 58.05, 59.00, 59.00, 59.16, 32000, 18.93, 8, 20000, 71.43
VIMTALABS, EQ, 11-Sep-2026, 634.95, 635.80, 635.80, 623.25, 631.00, 629.60, 628.78, 75010, 471.64, 6883, 30928, 46.14
VINATIORGA, EQ, 11-Sep-2026, 1312.40, 1313.00, 1315.00, 1289.50, 1296.00, 1294.30, 1295.47, 64208, 831.79, 8216, 41546, 68.49
VINCOFE, EQ, 11-Sep-2026, 176.93, 178.00, 180.61, 173.05, 174.97, 174.35, 175.81, 1851750, 3255.61, 16420, 578784, 34.32
VINDHYATEL, EQ, 11-Sep-2026, 2818.30, 2795.00, 2865.50, 2760.60, 2822.00, 2813.50, 2812.98, 64033, 1801.24, 8769, 21629, 37.81
VINEETLAB, EQ, 11-Sep-2026, 35.79, 37.09, 37.57, 35.01, 37.57, 37.02, 36.37, 71650, 26.06, 450, 28889, 65.86
VINNY, EQ, 11-Sep-2026, 1.00, 1.00, 1.01, 0.95, 0.98, 0.97, 0.98, 331980, 3.27, 232, 182655, 86.02
VINSYS, ST, 11-Sep-2026, 585.00, 585.00, 585.00, 570.85, 585.00, 578.65, 581.24, 6500, 37.78, 19, 6000, 100.00
VINYAS, SM, 11-Sep-2026, 1553.50, 1515.00, 1579.90, 1515.00, 1548.00, 1548.00, 1543.18, 5900, 91.05, 53, 4200, 72.41
VINYLINDIA, EQ, 11-Sep-2026, 221.63, 221.63, 224.00, 219.02, 219.09, 219.93, 220.37, 4847, 10.68, 214, 2037, 65.92
VIPCLOTHNG, EQ, 11-Sep-2026, 21.26, 21.26, 21.88, 20.05, 21.70, 21.38, 21.07, 69320, 14.61, 327, 43337, 68.44
VIPIND, EQ, 11-Sep-2026, 301.55, 301.55, 301.95, 296.15, 301.00, 300.10, 299.13, 215768, 645.43, 4890, 111312, 57.17
VIPULLTD, BE, 11-Sep-2026, 13.23, 12.97, 12.97, 12.97, 12.97, 12.97, 12.97, 14460, 1.88, 38, -, -
VIRAT, EQ, 11-Sep-2026, 450.35, 448.70, 454.75, 448.70, 454.75, 450.05, 450.19, 6401, 28.82, 191, 4669, 86.46
VIRINCHI, EQ, 11-Sep-2026, 14.16, 13.93, 14.34, 13.93, 14.32, 14.25, 14.19, 30033, 4.26, 150, 22272, 85.52
VIRTUALG, BE, 11-Sep-2026, 0.43, 0.45, 0.45, 0.43, 0.45, 0.45, 0.45, 212463, 0.95, 157, -, -
VISACHROME, EQ, 11-Sep-2026, 34.90, 36.39, 36.39, 34.80, 35.75, 35.03, 35.66, 12397, 4.42, 162, 4965, 43.86
VISAKAIND, EQ, 11-Sep-2026, 91.91, 91.15, 91.37, 89.31, 90.60, 90.45, 90.46, 142149, 128.59, 2232, 57690, 49.38
VISAMAN, SM, 11-Sep-2026, 50.10, 47.60, 47.60, 47.60, 47.60, 47.60, 47.60, 10000, 4.76, 3, 10000, 100.00
VISHAL, EQ, 11-Sep-2026, 18.17, 17.85, 18.80, 17.85, 18.49, 18.36, 18.47, 76965, 14.22, 618, 36563, 50.31
VISHNU, EQ, 11-Sep-2026, 723.80, 724.45, 724.45, 708.20, 714.90, 713.95, 713.61, 101468, 724.09, 3676, 37888, 49.83
VISHNUINFR, SM, 11-Sep-2026, 156.25, 155.65, 156.90, 155.00, 156.90, 156.90, 156.16, 3000, 4.68, 6, 2000, 100.00
VISHWARAJ, EQ, 11-Sep-2026, 5.62, 5.52, 5.59, 5.33, 5.44, 5.38, 5.43, 934016, 50.71, 1375, 557624, 66.59
VISL, EQ, 11-Sep-2026, 33.37, 33.35, 33.60, 32.39, 33.39, 33.34, 33.01, 13476504, 4449.03, 39582, 5812585, 48.66
VITAL, EQ, 11-Sep-2026, 55.96, 55.99, 55.99, 54.06, 55.67, 55.65, 54.11, 2687, 1.45, 21, 2632, 99.55
VIVIANA, EQ, 11-Sep-2026, 769.15, 750.00, 774.75, 748.00, 750.10, 752.15, 756.63, 12940, 97.91, 636, 8252, 76.72
VIVIDEL, SM, 11-Sep-2026, 1888.05, 1878.60, 1988.00, 1845.00, 1988.00, 1953.85, 1912.69, 34800, 665.62, 126, 22080, 71.88
VIVIDHA, EQ, 11-Sep-2026, 0.51, 0.52, 0.54, 0.51, 0.51, 0.51, 0.52, 204897, 1.07, 119, 110414, 66.36
VIVIMEDLAB, BE, 11-Sep-2026, 6.15, 6.03, 6.03, 6.03, 6.03, 6.03, 6.03, 21885, 1.32, 27, -, -
VIVOBIOT, EQ, 11-Sep-2026, 16.99, 17.00, 17.37, 16.50, 17.37, 17.13, 16.66, 33194, 5.53, 159, 31899, 97.92
VIYASH, EQ, 11-Sep-2026, 260.45, 259.30, 259.35, 253.50, 256.95, 257.60, 256.84, 1859725, 4776.46, 25872, 831008, 51.30
VLEGOV, EQ, 11-Sep-2026, 9.87, 10.01, 10.30, 9.40, 10.25, 10.24, 10.08, 148242, 14.95, 617, 87981, 63.30
VLINFRA, SM, 11-Sep-2026, 27.00, 26.15, 26.15, 26.15, 26.15, 26.15, 26.15, 1500, 0.39, 1, 1500, 100.00
VLSFINANCE, EQ, 11-Sep-2026, 244.68, 242.05, 246.38, 241.00, 243.90, 244.00, 243.83, 12116, 29.54, 293, 6338, 75.26
VMARCIND, SM, 11-Sep-2026, 349.10, 352.20, 361.95, 345.05, 357.20, 358.30, 353.40, 291000, 1028.38, 183, 157500, 60.34
VMART, EQ, 11-Sep-2026, 817.80, 814.00, 820.80, 803.85, 805.20, 808.95, 811.67, 67763, 550.01, 7611, 29754, 53.10
VMM, EQ, 11-Sep-2026, 103.40, 102.60, 102.65, 101.06, 101.71, 101.71, 101.68, 7712844, 7842.77, 58193, 4026638, 57.43
VMOBILE, SM, 11-Sep-2026, 58.10, 58.15, 60.50, 57.50, 59.05, 59.05, 59.45, 14400, 8.56, 18, 11200, 82.35
VMSTMT, EQ, 11-Sep-2026, 44.09, 44.05, 44.50, 43.75, 44.01, 44.12, 44.16, 10687, 4.72, 200, 6969, 68.35
VOEPL, EQ, 11-Sep-2026, 531.85, 531.80, 531.80, 503.80, 516.00, 515.35, 513.50, 132543, 680.61, 5435, 69645, 58.49
VOGL, EQ, 11-Sep-2026, 36.37, 36.50, 37.44, 35.85, 36.90, 36.71, 36.67, 38669198, 14178.59, 73322, 10739573, 29.03
VOITHPAPR, EQ, 11-Sep-2026, 1484.70, 1440.00, 1470.00, 1440.00, 1451.30, 1459.60, 1451.37, 347, 5.04, 48, 256, 90.78
VOLERCAR, SM, 11-Sep-2026, 236.90, 233.90, 233.90, 233.90, 233.90, 233.90, 233.90, 8800, 20.58, 1, 8800, 100.00
VOLTAMP, EQ, 11-Sep-2026, 10924.00, 10800.00, 11255.00, 10672.00, 11215.00, 11217.00, 11029.02, 22505, 2482.08, 9999, 8028, 40.03
VOLTAS, EQ, 11-Sep-2026, 1158.50, 1149.00, 1169.00, 1138.00, 1165.00, 1165.00, 1159.27, 762254, 8836.62, 25421, 344559, 46.42
VPRPL, EQ, 11-Sep-2026, 37.12, 36.40, 37.00, 35.80, 36.00, 36.17, 36.39, 413477, 150.46, 2425, 200138, 65.90
VRAJ, EQ, 11-Sep-2026, 126.31, 125.30, 126.50, 124.00, 125.00, 125.50, 125.19, 31941, 39.99, 413, 21836, 85.59
VRLLOG, EQ, 11-Sep-2026, 288.80, 286.00, 291.45, 286.00, 288.30, 288.30, 288.28, 101854, 293.62, 6852, 53100, 68.38
VSCL, SM, 11-Sep-2026, 21.50, 20.80, 20.80, 20.80, 20.80, 20.80, 20.80, 3000, 0.62, 1, 3000, 100.00
VSSL, EQ, 11-Sep-2026, 392.00, 389.10, 405.00, 381.25, 398.45, 397.45, 393.66, 621233, 2445.56, 22229, 191464, 33.23
VSTIND, EQ, 11-Sep-2026, 206.46, 206.00, 206.45, 203.00, 204.22, 203.93, 204.35, 169400, 346.17, 5268, 94753, 64.77
VSTL, EQ, 11-Sep-2026, 120.17, 118.45, 122.80, 117.00, 119.00, 119.71, 118.99, 8436, 10.04, 377, 5234, 64.36
VSTTILLERS, EQ, 11-Sep-2026, 4081.30, 4082.00, 4088.90, 4026.30, 4042.70, 4042.90, 4044.83, 6213, 251.31, 1589, 3589, 68.28
VTL, EQ, 11-Sep-2026, 575.60, 572.60, 573.30, 557.70, 565.40, 566.20, 565.56, 200543, 1134.18, 13603, 80751, 46.66
VTMLTD, EQ, 11-Sep-2026, 52.72, 53.24, 53.24, 46.83, 49.50, 48.42, 49.65, 58536, 29.06, 912, 34717, 85.15
WAAREEENER, EQ, 11-Sep-2026, 2548.00, 2543.30, 2635.00, 2515.10, 2625.00, 2625.00, 2581.46, 1067044, 27545.27, 48426, 492519, 49.28
WAAREEINDO, EQ, 11-Sep-2026, 258.25, 259.80, 261.95, 251.00, 251.50, 251.95, 254.73, 206769, 526.70, 3640, 83092, 45.71
WAAREERTL, EQ, 11-Sep-2026, 833.85, 831.00, 836.95, 821.50, 835.00, 831.95, 828.73, 89735, 743.66, 7485, 36071, 47.23
WABAG, EQ, 11-Sep-2026, 2211.80, 2195.00, 2319.00, 2164.60, 2282.00, 2277.90, 2257.01, 2231415, 50363.31, 116942, 578669, 27.22
WAKEFIT, EQ, 11-Sep-2026, 152.44, 152.75, 158.20, 150.45, 155.00, 155.13, 155.20, 732141, 1136.27, 12694, 289937, 43.85
WALCHANNAG, EQ, 11-Sep-2026, 208.92, 207.00, 214.74, 203.50, 210.55, 210.10, 209.42, 1276691, 2673.63, 16047, 584027, 49.42
WALPAR, SM, 11-Sep-2026, 23.00, 22.40, 22.40, 22.40, 22.40, 22.40, 22.40, 2000, 0.45, 1, 2000, 100.00
WANBURY, EQ, 11-Sep-2026, 241.45, 240.00, 240.40, 234.75, 239.00, 239.35, 238.12, 59568, 141.84, 2159, 30370, 55.27
WARDINMOBI, EQ, 11-Sep-2026, 5.78, 5.84, 5.89, 5.67, 5.72, 5.72, 5.74, 221210, 12.69, 695, 124282, 68.21
WATERBASE, EQ, 11-Sep-2026, 46.55, 46.53, 47.24, 45.70, 46.85, 46.54, 46.57, 9577, 4.46, 153, 7688, 84.17
WCIL, EQ, 11-Sep-2026, 84.42, 84.95, 89.40, 84.63, 87.45, 87.51, 87.46, 446170, 390.23, 3597, 139837, 33.09
WEALTH, EQ, 11-Sep-2026, 839.30, 821.10, 852.90, 815.30, 845.00, 845.25, 842.18, 1525, 12.84, 185, 473, 61.67
WEBELSOLAR, EQ, 11-Sep-2026, 75.39, 75.37, 76.95, 74.05, 75.52, 75.84, 75.71, 1825883, 1382.40, 13435, 803969, 48.97
WEIZMANIND, EQ, 11-Sep-2026, 71.57, 74.00, 74.00, 70.50, 71.35, 71.71, 72.76, 2145, 1.56, 42, 1860, 88.11
WEL, EQ, 11-Sep-2026, 74.20, 72.00, 72.85, 70.70, 72.50, 72.34, 72.13, 401778, 289.82, 3888, 146893, 42.16
WELCORP, EQ, 11-Sep-2026, 2776.90, 2745.00, 2761.80, 2658.50, 2686.90, 2676.60, 2695.19, 1221515, 32922.20, 74682, 426220, 37.77
WELENT, EQ, 11-Sep-2026, 797.95, 797.95, 797.95, 777.00, 789.00, 786.20, 785.61, 250248, 1965.97, 9251, 114986, 51.75
WELINV, BE, 11-Sep-2026, 2345.00, 2321.00, 2322.00, 2321.00, 2322.00, 2322.00, 2321.40, 236, 5.48, 15, -, -
WELSPLSOL, EQ, 11-Sep-2026, 56.42, 56.00, 56.21, 54.51, 56.10, 55.59, 55.43, 525139, 291.09, 3734, 234418, 49.32
WELSPUNLIV, EQ, 11-Sep-2026, 210.50, 208.00, 208.90, 203.52, 208.15, 207.68, 206.21, 2653493, 5471.77, 36313, 922300, 40.77
WENDT, EQ, 11-Sep-2026, 8669.50, 8660.00, 8900.00, 8461.00, 8844.00, 8812.50, 8754.85, 28678, 2510.72, 7182, 10858, 42.56
WESTLIFE, EQ, 11-Sep-2026, 561.95, 554.80, 572.00, 548.95, 569.30, 569.60, 569.52, 7221944, 41130.56, 7818, 54105, 53.78
WEWIN, EQ, 11-Sep-2026, 42.99, 43.20, 43.40, 42.01, 43.40, 42.46, 42.83, 2714, 1.16, 68, 1492, 96.69
WEWORK, EQ, 11-Sep-2026, 676.95, 667.00, 674.45, 656.55, 670.85, 670.25, 666.85, 78098, 520.80, 6482, 38663, 57.35
WHEELS, EQ, 11-Sep-2026, 2313.00, 2288.10, 2319.90, 2215.20, 2229.00, 2230.10, 2247.72, 386291, 8682.75, 21687, 94961, 26.99
WHIRLPOOL, EQ, 11-Sep-2026, 795.65, 786.10, 786.10, 760.75, 763.25, 762.35, 768.90, 300241, 2308.56, 22742, 141860, 57.14
WHITEFORCE, SM, 11-Sep-2026, 39.60, 37.20, 37.20, 37.20, 37.20, 37.20, 37.20, 1600, 0.60, 1, 1600, 100.00
WILLAMAGOR, EQ, 11-Sep-2026, 24.49, 24.61, 24.61, 23.50, 24.39, 24.18, 23.86, 593, 0.14, 36, 331, 86.42
WINDLAS, EQ, 11-Sep-2026, 1129.40, 1127.10, 1141.90, 1110.75, 1129.50, 1129.25, 1129.02, 66749, 753.61, 7301, 33111, 55.35
WINDMACHIN, EQ, 11-Sep-2026, 298.90, 299.00, 304.95, 292.00, 300.10, 300.65, 301.13, 53705, 161.72, 1470, 21061, 54.77
WINSOL, SM, 11-Sep-2026, 111.00, 115.00, 115.00, 114.25, 114.25, 114.25, 114.63, 800, 0.92, 2, 400, 100.00
WIPL, EQ, 11-Sep-2026, 164.55, 164.11, 169.88, 164.11, 169.58, 169.58, 167.17, 145, 0.24, 23, 114, 81.43
WIPRO, EQ, 11-Sep-2026, 166.30, 165.20, 167.75, 165.16, 167.40, 167.40, 166.93, 8484897, 14164.05, 69199, 3277153, 45.78
WOCKPHARMA, EQ, 11-Sep-2026, 2220.60, 2200.00, 2237.00, 2167.30, 2179.20, 2179.40, 2192.67, 1109909, 24336.69, 54483, 393532, 39.58
WOL3D, SM, 11-Sep-2026, 142.50, 144.00, 144.00, 143.00, 143.90, 143.90, 143.44, 5000, 7.17, 5, 5000, 100.00
WOMANCART, ST, 11-Sep-2026, 100.00, 101.70, 105.00, 101.00, 104.45, 104.45, 103.72, 17200, 17.84, 26, 14800, 88.10
WONDERLA, EQ, 11-Sep-2026, 519.05, 518.75, 530.45, 504.10, 522.00, 520.95, 520.65, 73285, 381.56, 3023, 35405, 50.76
WORTHPERI, EQ, 11-Sep-2026, 149.96, 150.00, 150.00, 144.50, 145.65, 145.82, 146.36, 7377, 10.80, 126, 6860, 94.59
WPIL, EQ, 11-Sep-2026, 444.20, 442.80, 444.00, 430.00, 437.00, 435.25, 434.30, 51726, 224.65, 1743, 33928, 71.87
WSI, EQ, 11-Sep-2026, 58.83, 61.98, 63.80, 58.22, 61.50, 61.92, 61.25, 146840, 89.94, 3839, 69439, 49.30
WSTCSTPAPR, EQ, 11-Sep-2026, 710.10, 703.00, 722.40, 691.05, 714.85, 713.80, 710.66, 271781, 1931.45, 13685, 100381, 40.76
WTICAB, SM, 11-Sep-2026, 101.80, 101.80, 105.00, 99.00, 103.50, 102.85, 101.51, 17500, 17.76, 31, 12000, 72.73
XCHANGING, EQ, 11-Sep-2026, 63.62, 63.98, 64.94, 61.78, 62.50, 62.34, 63.01, 82421, 51.93, 775, 36518, 76.78
XELPMOC, EQ, 11-Sep-2026, 76.21, 75.11, 77.47, 72.10, 75.00, 76.03, 75.14, 12608, 9.47, 358, 7057, 62.84
XPROINDIA, EQ, 11-Sep-2026, 1265.50, 1269.80, 1309.20, 1239.20, 1285.90, 1294.70, 1272.73, 50993, 649.01, 5318, 21791, 46.93
XTGLOBAL, EQ, 11-Sep-2026, 30.04, 30.90, 30.90, 29.50, 29.50, 29.53, 29.69, 25934, 7.70, 322, 17376, 72.75
XTRANET, EQ, 11-Sep-2026, 285.59, 284.91, 288.89, 270.00, 270.90, 271.34, 277.09, 1232212, 3414.31, 20384, 345404, 32.34
YAAP, SM, 11-Sep-2026, 130.90, 130.25, 130.25, 122.10, 127.00, 125.50, 128.20, 21000, 26.92, 19, 14000, 73.68
YASHO, EQ, 11-Sep-2026, 3960.00, 3950.00, 4250.00, 3773.00, 4220.00, 4187.50, 3984.79, 95474, 3804.44, 16701, 34464, 41.66
YASHOPTICS, SM, 11-Sep-2026, 116.25, 116.25, 122.35, 116.25, 122.35, 121.85, 120.35, 14400, 17.33, 16, 8800, 91.67
YATHARTH, EQ, 11-Sep-2026, 977.20, 971.10, 975.90, 960.90, 969.00, 966.30, 967.49, 128509, 1243.31, 9634, 49816, 46.07
YATRA, EQ, 11-Sep-2026, 113.98, 113.25, 116.95, 111.25, 115.60, 115.42, 114.28, 1430101, 1634.29, 8171, 523767, 43.43
YCCL, SM, 11-Sep-2026, 8.60, 8.60, 8.60, 8.30, 8.50, 8.50, 8.50, 12000, 1.02, 4, 12000, 100.00
YESBANK, EQ, 11-Sep-2026, 22.30, 22.23, 23.95, 22.07, 23.48, 23.48, 23.30, 234792571, 54699.71, 140132, 83884755, 38.64
YOGI, EQ, 11-Sep-2026, 155.37, 162.90, 169.00, 155.00, 157.15, 157.13, 159.81, 3204, 5.12, 54, 1229, 49.14
YUDIZ, SM, 11-Sep-2026, 23.20, 23.20, 24.00, 22.60, 22.60, 23.30, 23.10, 3200, 0.74, 4, 1600, 100.00
YUKEN, EQ, 11-Sep-2026, 1085.70, 1085.70, 1124.85, 1060.55, 1110.00, 1113.75, 1100.78, 35432, 390.03, 4028, 16472, 51.41
ZAGGLE, EQ, 11-Sep-2026, 183.93, 182.00, 187.88, 180.34, 186.80, 187.00, 185.32, 1685484, 3123.52, 23177, 531150, 34.76
ZEAL, SM, 11-Sep-2026, 80.55, 78.00, 78.00, 74.15, 77.55, 76.55, 76.57, 1800, 1.38, 3, 1200, 100.00
ZEEL, EQ, 11-Sep-2026, 80.95, 81.00, 81.90, 79.20, 79.45, 79.36, 80.08, 21161135, 16945.94, 64298, 5968867, 31.86
ZEELEARN, BE, 11-Sep-2026, 6.48, 6.40, 6.80, 6.30, 6.80, 6.78, 6.56, 240086, 15.75, 420, -, -
ZEEMEDIA, EQ, 11-Sep-2026, 7.67, 7.65, 7.65, 7.26, 7.44, 7.43, 7.50, 2297783, 172.42, 2557, 1085325, 69.07
ZENITHDRUG, SM, 11-Sep-2026, 46.35, 46.50, 47.85, 46.50, 47.85, 47.85, 46.84, 3200, 1.50, 3, 2400, 100.00
ZENITHEXPO, EQ, 11-Sep-2026, 204.98, 206.00, 206.00, 205.00, 205.00, 205.00, 205.06, 17, 0.03, 5, 15, 88.24
ZENITHSTL, EQ, 11-Sep-2026, 5.99, 6.13, 6.35, 5.73, 5.84, 5.85, 5.86, 88082, 5.17, 310, 51668, 63.87
ZENSARTECH, EQ, 11-Sep-2026, 427.40, 425.70, 432.80, 421.00, 428.00, 425.25, 424.71, 980587, 4164.66, 31179, 304828, 36.06
ZENTEC, EQ, 11-Sep-2026, 1749.90, 1740.00, 1741.20, 1707.10, 1728.10, 1722.60, 1720.31, 273823, 4710.61, 22089, 118411, 47.73
ZFCVINDIA, EQ, 11-Sep-2026, 2528.40, 2514.90, 2559.90, 2490.00, 2536.10, 2548.20, 2530.58, 49717, 1258.13, 14680, 24508, 58.39
ZFSTEERING, EQ, 11-Sep-2026, 743.40, 742.00, 773.70, 723.00, 769.95, 764.75, 747.71, 18700, 139.82, 1138, 7812, 58.20
ZIMLAB, EQ, 11-Sep-2026, 136.43, 137.18, 141.50, 132.00, 139.00, 139.22, 136.51, 119406, 163.00, 1487, 46813, 64.43
ZODIAC, EQ, 11-Sep-2026, 230.88, 221.35, 231.18, 221.35, 225.60, 227.98, 226.51, 12124, 27.46, 778, 7392, 67.51
ZODIACLOTH, EQ, 11-Sep-2026, 70.42, 70.01, 70.40, 69.00, 69.50, 69.54, 69.31, 2956, 2.05, 291, 2385, 85.36
ZOTA, EQ, 11-Sep-2026, 1099.50, 1100.00, 1103.80, 1081.00, 1087.00, 1087.20, 1091.59, 22932, 250.32, 1970, 9974, 52.43
ZSARACOM, EQ, 11-Sep-2026, 11190.00, 11100.00, 11190.00, 10221.00, 10600.00, 10797.00, 10871.14, 43, 4.67, 41, 28, 84.85
ZTECH, SM, 11-Sep-2026, 452.00, 458.95, 458.95, 432.00, 433.60, 434.95, 444.19, 26400, 117.27, 81, 19500, 80.25
ZUARI, EQ, 11-Sep-2026, 223.04, 221.01, 221.01, 218.02, 220.80, 220.42, 219.79, 62275, 136.87, 1431, 40155, 67.37
ZUARIIND, EQ, 11-Sep-2026, 271.50, 270.00, 276.80, 265.00, 275.00, 273.15, 270.60, 49536, 134.05, 2332, 19360, 49.96
ZYDUSLIFE, EQ, 11-Sep-2026, 1117.80, 1114.00, 1135.50, 1104.60, 1119.10, 1119.10, 1122.60, 1038797, 11661.50, 23727, 445272, 48.46
ZYDUSWELL, EQ, 11-Sep-2026, 566.30, 567.85, 570.00, 545.30, 548.80, 552.00, 557.57, 210690, 1174.74, 19178, 83448, 51.04
