SYMBOL, SERIES, DATE1, PREV_CLOSE, OPEN_PRICE, HIGH_PRICE, LOW_PRICE, LAST_PRICE, CLOSE_PRICE, AVG_PRICE, TTL_TRD_QNTY, TURNOVER_LACS, NO_OF_TRADES, DELIV_QTY, DELIV_PER
20MICRONS, EQ, 09-Sep-2026, 219.28, 219.00, 220.99, 216.75, 217.11, 218.06, 218.61, 78133, 170.81, 2651, 35371, 45.27
21STCENMGM, EQ, 09-Sep-2026, 38.59, 38.98, 39.34, 38.31, 38.80, 38.80, 38.77, 1472, 0.57, 37, 806, 54.76
360ONE, EQ, 09-Sep-2026, 1110.00, 1104.40, 1109.20, 1087.40, 1087.40, 1087.40, 1100.34, 869898, 9571.81, 64089, 517487, 59.49
3BBLACKBIO, EQ, 09-Sep-2026, 1455.30, 1490.00, 1499.00, 1448.10, 1471.00, 1476.10, 1473.09, 9173, 135.13, 1267, 4551, 49.61
3IINFOLTD, BE, 09-Sep-2026, 22.32, 22.32, 22.58, 22.10, 22.49, 22.50, 22.48, 150908, 33.93, 405, -, -
3MINDIA, EQ, 09-Sep-2026, 33145.00, 33145.00, 33145.00, 32745.00, 33000.00, 33025.00, 32917.09, 1275, 419.69, 805, 549, 43.06
3PLAND, EQ, 09-Sep-2026, 32.40, 31.55, 32.51, 31.55, 32.25, 32.25, 32.39, 1886, 0.61, 77, 1847, 97.93
574GS2026, GS, 09-Sep-2026, 101.95, 101.21, 101.21, 101.21, 101.21, 101.21, 101.21, 1, 0.00, 1, 1, 100.00
5PAISA, EQ, 09-Sep-2026, 337.40, 337.20, 338.95, 327.55, 334.00, 334.30, 333.67, 55842, 186.33, 1977, 22328, 39.98
610GS2031, GS, 09-Sep-2026, 99.99, 99.99, 99.99, 99.99, 99.99, 99.99, 99.99, 1, 0.00, 1, 1, 100.00
620GS2029, GS, 09-Sep-2026, 99.00, 100.00, 100.00, 100.00, 100.00, 100.00, 100.00, 800, 0.80, 2, 800, 100.00
633GS2035, GS, 09-Sep-2026, 99.30, 101.00, 101.00, 99.00, 99.00, 99.00, 99.00, 3994, 3.95, 3, 3994, 100.00
636GS2031, GS, 09-Sep-2026, 99.50, 99.50, 99.50, 99.00, 99.50, 99.00, 99.01, 793, 0.79, 4, 793, 100.00
63MOONS, EQ, 09-Sep-2026, 868.25, 864.00, 883.35, 845.20, 879.50, 865.05, 866.15, 645891, 5594.37, 23314, 283072, 43.83
648GS2035, GS, 09-Sep-2026, 98.60, 98.11, 101.20, 98.11, 101.20, 101.20, 99.92, 5601, 5.60, 9, 5401, 96.43
654GS2032, GS, 09-Sep-2026, 100.30, 100.00, 100.25, 100.00, 100.25, 100.25, 100.25, 15001, 15.04, 2, 15001, 100.00
667GS2050, GS, 09-Sep-2026, 92.60, 92.60, 92.60, 92.60, 92.60, 92.60, 92.60, 1000, 0.93, 2, 1000, 100.00
668GS2040, GS, 09-Sep-2026, 97.70, 98.00, 98.00, 97.98, 97.98, 97.98, 97.98, 2500, 2.45, 2, 2500, 100.00
676GS2061, GS, 09-Sep-2026, 90.35, 91.00, 91.00, 90.15, 90.15, 90.23, 90.22, 46636, 42.07, 118, 46635, 100.00
679GS2031, GS, 09-Sep-2026, 100.50, 101.00, 101.00, 101.00, 101.00, 101.00, 101.00, 500, 0.51, 1, 500, 100.00
679GS2034A, GS, 09-Sep-2026, 101.00, 99.99, 99.99, 99.99, 99.99, 99.99, 99.99, 1, 0.00, 1, 1, 100.00
690GS2065, GS, 09-Sep-2026, 93.25, 93.49, 93.49, 93.35, 93.40, 93.39, 93.39, 2453, 2.29, 6, 2453, 100.00
692GS2039, GS, 09-Sep-2026, 99.29, 99.01, 99.01, 99.01, 99.01, 99.01, 99.01, 400, 0.40, 1, 400, 100.00
694GS2036, GS, 09-Sep-2026, 103.10, 102.21, 103.08, 102.21, 103.08, 103.08, 102.26, 211, 0.22, 4, 200, 94.79
695GS2061, GS, 09-Sep-2026, 93.89, 94.00, 94.00, 93.00, 93.89, 93.89, 93.89, 5357, 5.03, 9, 5345, 99.78
697GR2034, GS, 09-Sep-2026, 101.25, 98.00, 98.00, 98.00, 98.00, 98.00, 98.00, 10, 0.01, 1, 10, 100.00
698GR2054, GS, 09-Sep-2026, 94.50, 94.50, 94.50, 94.50, 94.50, 94.50, 94.50, 50, 0.05, 1, 50, 100.00
699GS2051, GS, 09-Sep-2026, 96.75, 96.00, 96.40, 96.00, 96.30, 96.30, 96.18, 2000, 1.92, 3, 2000, 100.00
704GS2029, GS, 09-Sep-2026, 103.00, 101.97, 102.50, 101.19, 101.19, 101.19, 102.02, 6800, 6.94, 6, 6800, 100.00
706GS2028, GS, 09-Sep-2026, 104.31, 103.60, 103.60, 103.60, 103.60, 103.60, 103.60, 100, 0.10, 1, 100, 100.00
706GS2041, GS, 09-Sep-2026, 100.15, 101.75, 101.75, 100.10, 100.20, 100.20, 100.76, 589, 0.59, 8, 460, 78.10
706GS2046, GS, 09-Sep-2026, 100.80, 100.70, 101.00, 100.00, 101.00, 101.00, 100.52, 10479, 10.53, 12, 10479, 100.00
709GS2054, GS, 09-Sep-2026, 95.10, 95.49, 95.49, 95.15, 95.15, 95.15, 95.16, 2886, 2.75, 21, 2600, 90.09
709GS2074, GS, 09-Sep-2026, 95.50, 95.80, 95.80, 95.00, 95.30, 95.30, 95.24, 5613, 5.35, 37, 4762, 84.84
710GS2029, GS, 09-Sep-2026, 106.00, 106.00, 106.00, 103.26, 104.10, 104.10, 103.96, 6101, 6.34, 5, 5101, 83.61
717GS2030, GS, 09-Sep-2026, 103.53, 103.53, 103.55, 103.53, 103.55, 103.55, 103.54, 1974, 2.04, 3, 1974, 100.00
718GS2037, GS, 09-Sep-2026, 102.21, 101.19, 103.45, 101.19, 101.85, 101.99, 102.08, 47545, 48.53, 50, 38077, 80.09
723GS2039, GS, 09-Sep-2026, 104.58, 104.58, 104.58, 104.58, 104.58, 104.58, 104.58, 200, 0.21, 1, 200, 100.00
724GS2055, GS, 09-Sep-2026, 96.65, 97.18, 97.18, 96.52, 96.74, 96.74, 96.82, 39200, 37.95, 54, 38712, 98.76
725GS2063, GS, 09-Sep-2026, 96.98, 96.60, 97.60, 96.26, 96.85, 96.85, 96.86, 110181, 106.72, 91, 105808, 96.03
726GS2032, GS, 09-Sep-2026, 103.30, 103.05, 103.30, 102.51, 102.99, 102.65, 103.08, 171960, 177.26, 22, 169960, 98.84
726GS2033, GS, 09-Sep-2026, 103.35, 103.30, 103.30, 102.80, 103.20, 103.20, 103.13, 5919, 6.10, 6, 5919, 100.00
733GS2026, GS, 09-Sep-2026, 102.31, 101.29, 102.31, 101.29, 102.31, 102.31, 101.85, 300, 0.31, 3, 200, 66.67
734GS2064, GS, 09-Sep-2026, 98.91, 99.25, 99.25, 98.61, 98.78, 98.76, 98.88, 24510, 24.24, 43, 23801, 97.11
736GS2052, GS, 09-Sep-2026, 102.10, 102.25, 102.85, 102.25, 102.50, 102.50, 102.49, 15000, 15.37, 12, 15000, 100.00
737GS2028, GS, 09-Sep-2026, 104.22, 104.21, 104.21, 104.21, 104.21, 104.21, 104.21, 100, 0.10, 1, 100, 100.00
738GS2027, GS, 09-Sep-2026, 102.35, 102.35, 103.00, 102.35, 103.00, 102.64, 102.41, 261569, 267.88, 38, 261569, 100.00
73GS2053, GS, 09-Sep-2026, 99.05, 98.90, 98.90, 98.76, 98.81, 98.81, 98.87, 10369, 10.25, 12, 10369, 100.00
741GS2036, GS, 09-Sep-2026, 105.05, 105.05, 105.05, 104.01, 104.70, 104.70, 104.55, 5306, 5.55, 18, 4172, 78.63
743GS2076, GS, 09-Sep-2026, 99.40, 99.23, 99.90, 98.98, 99.00, 98.98, 99.07, 68863, 68.22, 107, 66993, 97.28
746GS2073, GS, 09-Sep-2026, 101.25, 101.99, 101.99, 101.99, 101.99, 101.99, 101.99, 2, 0.00, 2, 2, 100.00
74GS2035, GS, 09-Sep-2026, 103.40, 103.40, 103.40, 103.40, 103.40, 103.40, 103.40, 1200, 1.24, 6, 1200, 100.00
74GS2062, GS, 09-Sep-2026, 102.00, 103.00, 103.00, 102.25, 102.25, 102.25, 102.63, 32, 0.03, 3, 16, 50.00
750GS2056, GS, 09-Sep-2026, 103.80, 103.80, 103.80, 101.97, 103.00, 103.00, 102.75, 2002, 2.06, 15, 2002, 100.00
754GS2036, GS, 09-Sep-2026, 106.09, 106.20, 106.24, 105.90, 105.90, 106.14, 106.15, 465988, 494.65, 200, 454697, 97.58
75GS2034, GS, 09-Sep-2026, 105.00, 102.35, 103.93, 102.33, 103.93, 103.93, 102.66, 30150, 30.95, 6, 30150, 100.00
771GS2066, GS, 09-Sep-2026, 103.15, 103.75, 103.75, 103.15, 103.35, 103.35, 103.29, 38959, 40.24, 49, 37959, 97.43
795GS2032, GS, 09-Sep-2026, 107.20, 105.00, 105.00, 105.00, 105.00, 105.00, 105.00, 50, 0.05, 1, 50, 100.00
824GS2027, GS, 09-Sep-2026, 101.65, 101.00, 101.65, 101.00, 101.65, 101.65, 101.62, 1891, 1.92, 7, 1881, 99.47
824GS2033, GS, 09-Sep-2026, 108.46, 111.35, 111.35, 111.35, 111.35, 111.35, 111.35, 1, 0.00, 1, 1, 100.00
897GS2030, GS, 09-Sep-2026, 115.00, 115.00, 115.00, 112.50, 112.50, 112.50, 114.38, 1500, 1.72, 8, 1375, 91.67
92GS2030, GS, 09-Sep-2026, 115.10, 116.40, 116.49, 116.40, 116.40, 116.40, 116.44, 494, 0.58, 4, 494, 100.00
A2ZINFRA, EQ, 09-Sep-2026, 15.80, 16.15, 16.15, 15.20, 15.20, 15.25, 15.38, 425561, 65.46, 700, 292751, 68.79
AAATECH, EQ, 09-Sep-2026, 92.64, 92.97, 92.97, 91.51, 91.86, 91.86, 91.96, 7328, 6.74, 161, 5824, 79.48
AADHARHFC, EQ, 09-Sep-2026, 479.65, 479.65, 481.65, 470.05, 471.90, 471.90, 473.92, 230829, 1093.94, 12183, 121561, 52.66
AAKAAR, SM, 09-Sep-2026, 64.80, 63.00, 63.00, 63.00, 63.00, 63.00, 63.00, 3200, 2.02, 2, 3200, 100.00
AAKASH, EQ, 09-Sep-2026, 8.49, 8.48, 8.60, 8.27, 8.50, 8.49, 8.41, 81772, 6.88, 382, 58447, 71.48
AARADHYA, SM, 09-Sep-2026, 127.90, 134.25, 134.25, 127.00, 134.25, 134.25, 133.91, 130800, 175.15, 61, 64800, 49.54
AAREYDRUGS, EQ, 09-Sep-2026, 98.03, 99.80, 100.40, 98.00, 99.21, 99.98, 99.42, 230078, 228.74, 2250, 120702, 52.46
AARNAV, BE, 09-Sep-2026, 31.59, 32.89, 32.89, 30.02, 31.90, 31.90, 30.93, 14363, 4.44, 58, -, -
AARON, EQ, 09-Sep-2026, 125.01, 125.00, 141.99, 123.65, 134.50, 134.50, 132.59, 25451, 33.75, 819, 16810, 66.05
AARTECH, BE, 09-Sep-2026, 51.38, 51.00, 52.85, 50.38, 52.50, 52.50, 52.11, 71037, 37.02, 241, -, -
AARTIDRUGS, EQ, 09-Sep-2026, 421.50, 421.50, 430.95, 421.50, 421.50, 423.45, 425.00, 108126, 459.54, 5100, 58652, 54.24
AARTIIND, EQ, 09-Sep-2026, 503.70, 503.70, 503.70, 494.50, 494.50, 496.20, 498.10, 448671, 2234.82, 20451, 207940, 46.35
AARTIPHARM, EQ, 09-Sep-2026, 867.00, 866.00, 873.00, 820.50, 830.00, 829.65, 836.07, 557734, 4663.07, 31105, 250956, 45.00
AARTISURF, BE, 09-Sep-2026, 538.75, 536.00, 536.00, 511.85, 512.00, 512.60, 517.18, 20036, 103.62, 540, -, -
AARVI, EQ, 09-Sep-2026, 142.16, 142.00, 143.38, 141.65, 143.00, 142.04, 142.19, 7411, 10.54, 189, 5126, 69.17
AASTHA, EQ, 09-Sep-2026, 76.85, 77.26, 83.88, 75.10, 81.19, 81.46, 80.73, 2046144, 1651.84, 8538, 896487, 43.81
AATMAJ, SM, 09-Sep-2026, 19.70, 19.70, 19.70, 19.70, 19.70, 19.70, 19.70, 2000, 0.39, 1, 2000, 100.00
AAVAS, EQ, 09-Sep-2026, 1293.50, 1290.00, 1305.50, 1280.00, 1287.00, 1290.30, 1293.05, 80715, 1043.68, 11182, 41244, 51.10
ABAN, BE, 09-Sep-2026, 14.55, 14.55, 14.81, 14.26, 14.80, 14.72, 14.57, 15902, 2.32, 125, -, -
ABANSENT, EQ, 09-Sep-2026, 27.77, 27.77, 29.00, 27.50, 27.97, 27.99, 28.04, 6468, 1.81, 128, 4203, 64.98
ABB, EQ, 09-Sep-2026, 7387.00, 7377.00, 7480.00, 7361.00, 7401.50, 7401.50, 7402.94, 309539, 22915.00, 30555, 178554, 57.68
ABBOTINDIA, EQ, 09-Sep-2026, 25555.00, 25555.00, 25705.00, 25190.00, 25245.00, 25225.00, 25358.46, 6053, 1534.95, 3013, 3993, 65.97
ABCAPITAL, EQ, 09-Sep-2026, 396.95, 396.85, 402.05, 393.55, 400.00, 400.00, 398.98, 2144020, 8554.24, 38643, 1064989, 49.67
ABCOTS, EQ, 09-Sep-2026, 207.99, 214.20, 214.20, 204.00, 207.69, 205.71, 207.25, 1477, 3.06, 88, 845, 57.21
ABDL, EQ, 09-Sep-2026, 594.50, 594.50, 607.50, 586.55, 604.90, 604.15, 599.75, 320490, 1922.13, 11069, 164232, 51.24
ABFRL, EQ, 09-Sep-2026, 52.24, 52.19, 52.22, 51.23, 51.30, 51.33, 51.57, 2157046, 1112.41, 11326, 1039095, 48.17
ABH, ST, 09-Sep-2026, 72.90, 69.30, 69.30, 69.30, 69.30, 69.30, 69.30, 7200, 4.99, 6, 7200, 100.00
ABHAPOWER, SM, 09-Sep-2026, 24.00, 24.90, 25.00, 24.50, 24.50, 24.50, 24.71, 8000, 1.98, 5, 8000, 100.00
ABINFRA, BE, 09-Sep-2026, 11.51, 11.52, 11.70, 11.15, 11.50, 11.59, 11.44, 156073, 17.85, 260, -, -
ABLBL, EQ, 09-Sep-2026, 84.52, 84.52, 85.60, 83.79, 84.40, 84.26, 84.53, 494687, 418.16, 4937, 240767, 48.67
ABMINTLLTD, BE, 09-Sep-2026, 54.75, 53.66, 53.70, 53.66, 53.70, 53.70, 53.67, 18, 0.01, 3, -, -
ABMKNO, EQ, 09-Sep-2026, 187.13, 187.13, 190.80, 180.00, 180.50, 180.73, 182.41, 651, 1.19, 27, 567, 87.10
ABREL, EQ, 09-Sep-2026, 1372.10, 1372.00, 1372.00, 1330.00, 1334.00, 1337.90, 1343.12, 111860, 1502.41, 9161, 59315, 53.03
ABSL10BANK, EQ, 09-Sep-2026, 167.31, 167.50, 167.50, 165.00, 165.00, 165.01, 166.13, 1456, 2.42, 22, 1235, 84.82
ABSLAMC, EQ, 09-Sep-2026, 1037.80, 1035.00, 1070.30, 1012.00, 1064.00, 1066.50, 1041.77, 233592, 2433.49, 16846, 111353, 47.67
ABSLBANETF, EQ, 09-Sep-2026, 58.31, 58.91, 58.91, 57.80, 57.97, 58.00, 58.11, 156871, 91.16, 392, 138366, 88.20
ABSLLIQUID, EQ, 09-Sep-2026, 1000.00, 1000.00, 1000.01, 999.99, 999.99, 999.99, 1000.00, 257, 2.57, 13, 138, 53.70
ABSLMSCIN, EQ, 09-Sep-2026, 29.34, 29.42, 29.57, 29.10, 29.57, 29.19, 29.18, 121, 0.04, 18, 121, 100.00
ABSLNN50ET, EQ, 09-Sep-2026, 76.85, 76.85, 77.50, 76.52, 77.50, 76.80, 76.84, 5514, 4.24, 171, 5094, 92.38
ABSLPSE, EQ, 09-Sep-2026, 10.13, 10.10, 10.23, 10.10, 10.20, 10.19, 10.19, 90916, 9.27, 335, 59970, 65.96
ABSMARINE, SM, 09-Sep-2026, 330.70, 323.05, 336.40, 315.00, 324.00, 320.15, 324.75, 66000, 214.33, 123, 40000, 60.61
ACC, EQ, 09-Sep-2026, 1262.80, 1260.00, 1272.00, 1255.10, 1258.00, 1257.70, 1261.66, 122510, 1545.66, 8710, 62920, 51.36
ACCELYA, EQ, 09-Sep-2026, 1124.40, 1129.00, 1131.40, 1115.00, 1118.70, 1119.90, 1121.59, 4845, 54.34, 631, 3234, 66.75
ACCENTMIC, SM, 09-Sep-2026, 642.95, 653.80, 699.00, 646.30, 697.00, 694.05, 677.24, 161500, 1093.74, 266, 85000, 52.63
ACCPL, ST, 09-Sep-2026, 210.00, 205.00, 210.00, 201.00, 202.00, 202.00, 204.57, 8400, 17.18, 7, 8400, 100.00
ACCURACY, BE, 09-Sep-2026, 4.29, 4.16, 4.39, 4.16, 4.32, 4.28, 4.28, 25806, 1.10, 113, -, -
ACE, EQ, 09-Sep-2026, 1121.20, 1122.00, 1163.00, 1120.00, 1130.30, 1127.00, 1140.13, 559419, 6378.09, 29931, 206444, 36.90
ACEINTEG, EQ, 09-Sep-2026, 17.37, 18.36, 18.36, 17.21, 17.55, 17.54, 17.50, 442, 0.08, 19, 392, 88.69
ACETEC, SM, 09-Sep-2026, 147.10, 146.00, 146.00, 146.00, 146.00, 146.00, 146.00, 1200, 1.75, 1, 1200, 100.00
ACGL, EQ, 09-Sep-2026, 1780.50, 1780.50, 1799.80, 1760.10, 1795.90, 1795.10, 1783.60, 393, 7.01, 88, 259, 65.90
ACI, EQ, 09-Sep-2026, 484.70, 485.90, 486.65, 477.00, 482.90, 481.25, 483.22, 289839, 1400.55, 12532, 152426, 52.59
ACL, EQ, 09-Sep-2026, 42.29, 42.95, 43.49, 42.50, 42.73, 43.21, 43.02, 5707, 2.46, 177, 4456, 78.08
ACMESOLAR, EQ, 09-Sep-2026, 412.60, 406.00, 417.00, 401.00, 402.00, 401.60, 407.80, 862025, 3515.34, 27084, 404724, 46.95
ACSTECH, BE, 09-Sep-2026, 57.14, 57.50, 59.99, 57.50, 59.99, 59.99, 59.57, 654859, 390.08, 606, -, -
ACUTAAS, EQ, 09-Sep-2026, 3182.10, 3182.10, 3270.00, 3181.50, 3245.00, 3241.80, 3228.76, 282128, 9109.24, 45861, 160694, 56.96
ADANIENSOL, EQ, 09-Sep-2026, 1407.70, 1406.00, 1446.00, 1396.50, 1423.30, 1423.30, 1425.74, 1914487, 27295.61, 47689, 725191, 37.88
ADANIENT, EQ, 09-Sep-2026, 2953.10, 2959.90, 3142.00, 2935.20, 3104.70, 3104.70, 3083.63, 5320594, 164067.23, 176097, 1961040, 36.86
ADANIGREEN, EQ, 09-Sep-2026, 1292.00, 1290.50, 1339.70, 1290.00, 1315.00, 1315.00, 1322.05, 2491107, 32933.80, 57152, 821118, 32.96
ADANIPORTS, EQ, 09-Sep-2026, 1710.00, 1719.00, 1785.90, 1706.00, 1775.00, 1775.00, 1756.55, 5527528, 97093.71, 181655, 3067600, 55.50
ADANIPOWER, EQ, 09-Sep-2026, 208.40, 207.10, 216.10, 206.50, 214.90, 214.90, 213.17, 33227588, 70830.03, 141639, 12501381, 37.62
ADDICTIVE, SM, 09-Sep-2026, 42.70, 42.60, 43.15, 42.60, 43.10, 43.10, 43.00, 2000, 0.86, 4, 2000, 100.00
ADDIND, EQ, 09-Sep-2026, 79.87, 77.00, 79.00, 77.00, 79.00, 79.00, 77.59, 41, 0.03, 7, 41, 100.00
ADFFOODS, EQ, 09-Sep-2026, 273.70, 274.80, 279.65, 268.35, 277.00, 278.20, 274.19, 212691, 583.17, 6878, 60501, 28.45
ADISOFT, SM, 09-Sep-2026, 225.05, 228.10, 252.00, 228.00, 245.00, 245.60, 244.14, 442400, 1080.06, 461, 301600, 68.17
ADL, EQ, 09-Sep-2026, 74.69, 74.00, 74.00, 71.21, 71.80, 71.84, 72.38, 1535, 1.11, 38, 1321, 86.06
ADOR, EQ, 09-Sep-2026, 1626.20, 1645.00, 1697.50, 1623.10, 1633.10, 1628.20, 1652.34, 59288, 979.64, 7013, 24580, 41.46
ADROITINFO, EQ, 09-Sep-2026, 10.63, 10.60, 11.40, 10.27, 11.05, 10.98, 10.84, 65228, 7.07, 277, 48505, 74.36
ADSL, EQ, 09-Sep-2026, 101.23, 101.57, 102.38, 99.12, 99.87, 99.68, 99.90, 92053, 91.96, 1795, 51929, 56.41
ADVAIT, EQ, 09-Sep-2026, 2153.90, 2164.00, 2164.00, 2076.20, 2093.00, 2091.70, 2105.89, 44532, 937.80, 5736, 23279, 52.27
ADVANCE, EQ, 09-Sep-2026, 115.53, 115.99, 116.19, 113.31, 113.58, 113.85, 114.26, 78694, 89.92, 1176, 50170, 63.75
ADVANIHOTR, EQ, 09-Sep-2026, 49.14, 49.56, 49.56, 47.63, 48.75, 48.74, 48.76, 21032, 10.26, 464, 17884, 85.03
ADVENTHTL, EQ, 09-Sep-2026, 132.78, 132.39, 132.88, 130.00, 130.50, 130.32, 131.16, 72649, 95.28, 1260, 43540, 59.93
ADVENZYMES, EQ, 09-Sep-2026, 298.85, 298.45, 302.90, 296.00, 300.00, 299.50, 299.99, 159172, 477.50, 3489, 94503, 59.37
ADVIKCA, EQ, 09-Sep-2026, 1.07, 1.07, 1.09, 1.06, 1.08, 1.07, 1.08, 159333, 1.72, 256, 128957, 80.94
AEGISLOG, EQ, 09-Sep-2026, 1268.10, 1270.60, 1358.70, 1268.60, 1341.00, 1343.40, 1334.27, 2121597, 28307.82, 93550, 483939, 22.81
AEGISVOPAK, EQ, 09-Sep-2026, 290.65, 291.00, 299.40, 288.80, 297.30, 297.65, 295.63, 1911786, 5651.84, 27327, 800264, 41.86
AEPL, EQ, 09-Sep-2026, 18.11, 18.50, 18.50, 16.12, 17.39, 16.99, 17.22, 123003, 21.19, 449, 88456, 71.91
AEQUS, EQ, 09-Sep-2026, 231.90, 232.00, 235.41, 228.65, 230.50, 230.55, 230.89, 2439713, 5633.05, 36589, 1066339, 43.71
AEROENTER, EQ, 09-Sep-2026, 152.65, 151.81, 152.55, 140.70, 144.20, 142.95, 145.66, 1381011, 2011.60, 17563, 653111, 47.29
AEROFLEX, EQ, 09-Sep-2026, 573.50, 572.00, 573.40, 554.05, 561.20, 561.15, 563.76, 865460, 4879.08, 23119, 357098, 41.26
AERON, SM, 09-Sep-2026, 80.20, 83.00, 87.20, 83.00, 85.05, 85.55, 85.58, 11000, 9.41, 10, 10000, 90.91
AERONEU, EQ, 09-Sep-2026, 74.13, 73.00, 76.00, 70.05, 70.64, 70.41, 72.36, 34048, 24.64, 553, 14805, 43.48
AEROPLANE, EQ, 09-Sep-2026, 199.31, 199.31, 204.00, 196.52, 200.90, 199.47, 199.55, 287505, 573.72, 4734, 156362, 54.39
AESTHETIK, SM, 09-Sep-2026, 69.05, 69.05, 71.00, 69.05, 71.00, 71.00, 70.35, 3000, 2.11, 3, 3000, 100.00
AETHER, EQ, 09-Sep-2026, 1642.90, 1640.00, 1678.80, 1605.10, 1605.80, 1610.90, 1633.52, 217203, 3548.06, 35410, 95023, 43.75
AFCONS, EQ, 09-Sep-2026, 280.25, 280.00, 283.85, 273.00, 273.60, 274.15, 277.23, 924861, 2563.97, 16604, 551053, 59.58
AFFLE, EQ, 09-Sep-2026, 1609.40, 1597.60, 1613.60, 1576.30, 1592.00, 1587.30, 1589.07, 101630, 1614.97, 11104, 44391, 43.68
AFFORDABLE, EQ, 09-Sep-2026, 164.23, 166.00, 166.00, 157.21, 161.00, 161.71, 161.33, 23690, 38.22, 614, 13808, 58.29
AFIL, EQ, 09-Sep-2026, 9.07, 9.45, 9.45, 8.90, 9.10, 9.01, 8.99, 446375, 40.13, 616, 340760, 76.34
AFSL, EQ, 09-Sep-2026, 201.16, 201.74, 204.40, 201.05, 201.10, 201.21, 201.96, 4021, 8.12, 100, 2704, 67.25
AGARIND, EQ, 09-Sep-2026, 440.90, 439.90, 449.95, 435.35, 449.00, 447.25, 443.31, 29437, 130.50, 2118, 16503, 56.06
AGARWALEYE, EQ, 09-Sep-2026, 519.70, 522.10, 522.10, 510.20, 513.00, 513.70, 514.08, 256670, 1319.48, 8802, 188631, 73.49
AGARWALFT, SM, 09-Sep-2026, 29.50, 28.10, 28.10, 28.10, 28.10, 28.10, 28.10, 3000, 0.84, 2, 3000, 100.00
AGARWALTUF, SM, 09-Sep-2026, 155.00, 158.95, 160.20, 155.95, 155.95, 155.95, 158.78, 66000, 104.79, 49, 39600, 60.00
AGI, EQ, 09-Sep-2026, 783.80, 781.00, 800.00, 767.30, 792.50, 796.15, 784.93, 303157, 2379.56, 16693, 135904, 44.83
AGIIL, EQ, 09-Sep-2026, 271.65, 273.00, 302.65, 269.05, 284.00, 283.20, 290.82, 8760571, 25477.61, 137409, 952987, 10.88
AGL, EQ, 09-Sep-2026, 16.02, 15.73, 16.38, 15.32, 15.70, 15.55, 15.87, 7575417, 1202.24, 12566, 2149170, 28.37
AGNI, SM, 09-Sep-2026, 15.75, 15.05, 16.50, 15.05, 16.50, 16.50, 15.86, 65000, 10.31, 19, 40000, 61.54
AGRITECH, EQ, 09-Sep-2026, 99.75, 100.00, 101.89, 96.10, 98.00, 98.25, 98.69, 2629, 2.59, 116, 2096, 79.73
AGROPHOS, EQ, 09-Sep-2026, 23.44, 23.45, 23.89, 21.00, 21.70, 21.72, 22.33, 143020, 31.94, 831, 97638, 68.27
AGSTRA, BZ, 09-Sep-2026, 1.96, 1.90, 1.95, 1.87, 1.92, 1.90, 1.90, 309384, 5.86, 327, -, -
AGUL, SM, 09-Sep-2026, 48.15, 45.75, 45.75, 45.75, 45.75, 45.75, 45.75, 2000, 0.92, 1, 2000, 100.00
AHCL, EQ, 09-Sep-2026, 15.61, 15.62, 16.68, 15.62, 16.18, 16.28, 16.22, 17458736, 2831.69, 49952, 7704959, 44.13
AHLADA, EQ, 09-Sep-2026, 36.30, 36.29, 36.99, 35.20, 35.50, 35.48, 35.65, 38344, 13.67, 232, 28138, 73.38
AHLEAST, EQ, 09-Sep-2026, 135.38, 137.00, 137.88, 135.40, 137.50, 137.08, 136.29, 1988, 2.71, 28, 1784, 89.74
AHLUCONT, EQ, 09-Sep-2026, 607.15, 605.90, 619.00, 593.00, 594.10, 596.15, 605.22, 63167, 382.30, 4291, 33228, 52.60
AHLWEST, BE, 09-Sep-2026, 515.50, 506.00, 538.95, 506.00, 516.00, 516.00, 524.92, 663, 3.48, 31, -, -
AIAENG, EQ, 09-Sep-2026, 4259.00, 4229.50, 4259.10, 4165.00, 4171.00, 4172.10, 4197.44, 18400, 772.33, 6455, 8547, 46.45
AIIL, EQ, 09-Sep-2026, 526.20, 524.50, 524.65, 512.00, 514.95, 513.95, 516.55, 100734, 520.34, 7738, 41226, 40.93
AIMTRON, SM, 09-Sep-2026, 1681.35, 1673.00, 1679.00, 1642.00, 1651.00, 1656.35, 1657.76, 21000, 348.13, 102, 14600, 69.52
AIRAN, EQ, 09-Sep-2026, 17.15, 17.20, 18.00, 17.20, 17.60, 17.66, 17.69, 343975, 60.84, 1189, 211903, 61.60
AIROLAM, EQ, 09-Sep-2026, 88.67, 88.50, 88.50, 86.17, 87.99, 87.97, 88.13, 173, 0.15, 15, 167, 96.53
AJANTPHARM, EQ, 09-Sep-2026, 3579.30, 3605.00, 3609.00, 3512.30, 3513.00, 3534.40, 3555.62, 41843, 1487.78, 10782, 17694, 42.29
AJAXENGG, EQ, 09-Sep-2026, 594.10, 599.30, 599.50, 575.85, 576.85, 578.05, 580.41, 65391, 379.53, 6124, 41093, 62.84
AJMERA, EQ, 09-Sep-2026, 118.10, 118.10, 118.27, 115.30, 117.00, 117.12, 117.21, 540312, 633.28, 10490, 266830, 49.38
AJOONI, EQ, 09-Sep-2026, 3.44, 3.42, 3.52, 3.42, 3.50, 3.50, 3.48, 164411, 5.72, 345, 142945, 86.94
AKANKSHA, SM, 09-Sep-2026, 135.50, 135.50, 135.50, 135.00, 135.00, 135.00, 135.35, 4000, 5.41, 4, 4000, 100.00
AKASH, EQ, 09-Sep-2026, 25.09, 25.09, 25.79, 24.65, 25.45, 25.45, 25.35, 3274, 0.83, 57, 2190, 66.89
AKCAPIT, EQ, 09-Sep-2026, 1772.20, 1747.60, 1750.20, 1673.50, 1688.00, 1691.60, 1726.88, 2791, 48.20, 350, 2494, 89.36
AKG, EQ, 09-Sep-2026, 9.83, 10.07, 10.73, 9.55, 10.35, 10.52, 10.45, 66537, 6.96, 594, 56210, 84.48
AKI, BE, 09-Sep-2026, 7.15, 7.15, 7.35, 6.80, 6.80, 6.80, 6.86, 111355, 7.64, 306, -, -
AKIKO, SM, 09-Sep-2026, 427.75, 428.95, 430.10, 428.95, 430.00, 430.00, 429.97, 53600, 230.47, 51, 50400, 94.03
AKSHAR, EQ, 09-Sep-2026, 0.42, 0.42, 0.43, 0.41, 0.41, 0.41, 0.42, 1293096, 5.42, 249, 731907, 56.60
AKSHARCHEM, BE, 09-Sep-2026, 452.50, 452.50, 453.00, 429.90, 429.90, 429.90, 433.42, 23607, 102.32, 311, -, -
AKSHOPTFBR, BE, 09-Sep-2026, 8.19, 8.59, 8.59, 8.59, 8.59, 8.59, 8.59, 372175, 31.97, 227, -, -
AKUMS, EQ, 09-Sep-2026, 736.60, 737.00, 769.00, 737.00, 738.00, 741.10, 750.48, 433609, 3254.13, 21459, 222641, 51.35
ALANKIT, EQ, 09-Sep-2026, 7.99, 7.99, 8.12, 7.90, 8.00, 8.02, 8.04, 63127, 5.07, 427, 40506, 64.17
ALBERTDAVD, EQ, 09-Sep-2026, 844.05, 854.00, 854.00, 832.30, 850.00, 850.55, 845.59, 3812, 32.23, 387, 2560, 67.16
ALEMBICLTD, EQ, 09-Sep-2026, 109.73, 109.73, 109.73, 106.08, 106.50, 106.95, 107.40, 694090, 745.45, 7430, 301824, 43.48
ALFREDHE, EQ, 09-Sep-2026, 2945.00, 2878.00, 2900.00, 2877.90, 2900.00, 2900.00, 2879.17, 96, 2.76, 80, 96, 100.00
ALGOQUANT, EQ, 09-Sep-2026, 63.70, 63.52, 65.50, 63.08, 63.89, 63.79, 63.79, 1285564, 820.07, 1874, 439659, 34.20
ALICON, EQ, 09-Sep-2026, 695.45, 695.45, 743.00, 663.00, 742.00, 737.65, 728.26, 108118, 787.38, 6999, 46254, 42.78
ALIVUS, EQ, 09-Sep-2026, 1372.00, 1370.00, 1436.40, 1370.00, 1400.00, 1400.10, 1408.72, 193281, 2722.78, 23321, 88620, 45.85
ALKALI, EQ, 09-Sep-2026, 87.34, 91.20, 91.20, 83.00, 84.05, 85.21, 88.03, 73247, 64.48, 1094, 27960, 38.17
ALKEM, EQ, 09-Sep-2026, 5181.00, 5181.00, 5222.00, 5139.00, 5139.00, 5139.00, 5173.66, 106076, 5488.02, 15027, 69062, 65.11
ALKYLAMINE, EQ, 09-Sep-2026, 1970.70, 1966.00, 1987.10, 1941.00, 1947.00, 1944.40, 1964.07, 47706, 936.98, 9968, 19079, 39.99
ALLCARGO, EQ, 09-Sep-2026, 13.02, 13.20, 13.30, 12.50, 12.86, 12.75, 12.84, 22061311, 2833.39, 41241, 4572880, 20.73
ALLDIGI, EQ, 09-Sep-2026, 804.90, 809.00, 818.55, 800.00, 804.70, 802.70, 804.65, 5053, 40.66, 388, 3994, 79.04
ALLETEC, SM, 09-Sep-2026, 138.05, 136.00, 136.00, 127.60, 127.80, 128.55, 130.70, 18000, 23.53, 43, 14400, 80.00
ALLTIME, EQ, 09-Sep-2026, 211.46, 212.00, 215.00, 204.81, 214.70, 213.54, 211.30, 120873, 255.40, 2905, 70404, 58.25
ALMONDZ, EQ, 09-Sep-2026, 19.61, 19.90, 19.94, 19.00, 19.07, 19.00, 19.20, 212289, 40.77, 551, 145560, 68.57
ALOKINDS, EQ, 09-Sep-2026, 7.46, 7.49, 7.69, 7.38, 7.45, 7.41, 7.49, 26216573, 1963.62, 16400, 10465059, 39.92
ALPA, EQ, 09-Sep-2026, 63.17, 63.80, 64.40, 62.49, 62.90, 63.24, 63.57, 24550, 15.61, 295, 12030, 49.00
ALPEXSOLAR, SM, 09-Sep-2026, 924.90, 924.90, 924.90, 900.00, 923.00, 920.75, 915.35, 42200, 386.28, 291, 29500, 69.91
ALPHA, EQ, 09-Sep-2026, 54.14, 54.13, 54.49, 54.10, 54.28, 54.22, 54.30, 635652, 345.17, 2295, 307741, 48.41
ALPHAETF, EQ, 09-Sep-2026, 26.71, 27.37, 27.37, 26.71, 26.93, 26.84, 26.87, 249325, 67.00, 634, 152253, 61.07
ALPHAGEO, BE, 09-Sep-2026, 323.10, 329.90, 329.90, 310.30, 323.00, 325.00, 324.32, 11061, 35.87, 194, -, -
ALPINETEX, EQ, 09-Sep-2026, 62.60, 61.95, 62.90, 57.80, 58.87, 59.63, 60.86, 195019, 118.70, 1915, 94495, 48.45
ALPL30IETF, EQ, 09-Sep-2026, 27.46, 27.44, 27.67, 27.37, 27.56, 27.51, 27.48, 144751, 39.77, 782, 95670, 66.09
ALUFLUOR, EQ, 09-Sep-2026, 503.75, 500.10, 503.45, 483.30, 502.95, 500.10, 498.33, 3191, 15.90, 290, 1935, 60.64
ALUWIND, SM, 09-Sep-2026, 46.70, 46.70, 48.75, 46.70, 48.70, 48.65, 48.16, 16500, 7.95, 11, 9000, 54.55
AMAGI, EQ, 09-Sep-2026, 576.15, 577.15, 588.90, 560.00, 580.00, 583.75, 574.63, 513278, 2949.45, 15200, 260210, 50.70
AMAL, EQ, 09-Sep-2026, 757.85, 761.90, 763.95, 736.40, 738.05, 740.80, 747.06, 6623, 49.48, 525, 3993, 60.29
AMANTA, BE, 09-Sep-2026, 201.86, 205.89, 205.89, 205.89, 205.89, 205.89, 205.89, 37745, 77.71, 58, -, -
AMARJOTHI, EQ, 09-Sep-2026, 161.05, 163.00, 163.00, 160.05, 160.05, 160.05, 161.71, 1108, 1.79, 15, 957, 86.37
AMBAAUTO, SM, 09-Sep-2026, 105.75, 102.60, 107.00, 102.60, 107.00, 106.00, 106.10, 35000, 37.13, 22, 24000, 68.57
AMBALALSA, BE, 09-Sep-2026, 42.05, 40.62, 42.79, 40.62, 42.50, 42.43, 41.83, 20446, 8.55, 110, -, -
AMBER, EQ, 09-Sep-2026, 7308.00, 7339.00, 7362.50, 7210.00, 7210.00, 7210.00, 7277.58, 97425, 7090.19, 14408, 37845, 38.85
AMBICAAGAR, EQ, 09-Sep-2026, 25.44, 25.89, 25.89, 24.76, 24.85, 25.05, 25.18, 34909, 8.79, 265, 33085, 94.77
AMBIKCO, EQ, 09-Sep-2026, 1631.90, 1637.10, 1640.80, 1613.60, 1618.10, 1617.20, 1623.86, 7772, 126.21, 912, 5283, 67.97
AMBUJACEM, EQ, 09-Sep-2026, 398.30, 396.30, 400.80, 395.00, 397.00, 397.00, 397.41, 862520, 3427.74, 18674, 378829, 43.92
AMCL, SM, 09-Sep-2026, 383.00, 360.50, 365.00, 360.05, 360.05, 360.05, 363.11, 2000, 7.26, 5, 1200, 60.00
AMDIND, EQ, 09-Sep-2026, 60.02, 60.02, 61.60, 55.80, 56.90, 56.57, 57.98, 63479, 36.81, 1127, 39030, 61.48
AMEYA, SM, 09-Sep-2026, 112.50, 112.50, 114.00, 112.50, 114.00, 114.00, 113.91, 19000, 21.64, 10, 19000, 100.00
AMJLAND, EQ, 09-Sep-2026, 39.05, 39.22, 39.59, 38.50, 38.73, 38.98, 38.99, 2517, 0.98, 63, 2366, 94.00
AMNPLST, EQ, 09-Sep-2026, 167.82, 168.00, 169.97, 165.00, 168.00, 167.99, 167.25, 3023, 5.06, 121, 1711, 56.60
AMRUTANJAN, EQ, 09-Sep-2026, 500.45, 500.45, 512.00, 494.00, 500.10, 504.00, 505.37, 74607, 377.04, 3653, 43682, 58.55
ANANDRATHI, EQ, 09-Sep-2026, 2229.50, 2219.00, 2222.30, 2165.00, 2181.00, 2180.60, 2192.03, 228715, 5013.50, 18988, 126729, 55.41
ANANTAM, IV, 09-Sep-2026, 106.69, 105.52, 107.00, 105.52, 106.98, 106.98, 106.87, 6323, 6.76, 62, 5941, 93.96
ANANTRAJ, EQ, 09-Sep-2026, 625.85, 622.00, 625.80, 612.50, 613.50, 613.60, 617.52, 2109667, 13027.55, 32337, 1195547, 56.67
ANAWIL, SM, 09-Sep-2026, 389.80, 385.05, 425.00, 382.00, 418.50, 415.25, 405.68, 489600, 1986.23, 943, 279600, 57.11
ANDHRAPAP, EQ, 09-Sep-2026, 72.09, 69.16, 71.56, 67.50, 68.02, 68.08, 69.05, 2940986, 2030.76, 21032, 536538, 18.24
ANDHRSUGAR, EQ, 09-Sep-2026, 98.79, 99.40, 99.57, 97.10, 97.65, 97.75, 97.80, 311807, 304.95, 3891, 141262, 45.30
ANDREWYU, EQ, 09-Sep-2026, 27.18, 26.90, 27.98, 26.53, 26.53, 26.73, 27.00, 70262, 18.97, 496, 40697, 57.92
ANGELONE, EQ, 09-Sep-2026, 298.00, 297.95, 303.65, 291.60, 299.05, 299.05, 298.47, 7856510, 23449.04, 50246, 2992142, 38.08
ANIKINDS, EQ, 09-Sep-2026, 45.21, 45.00, 45.70, 44.02, 44.99, 44.72, 45.10, 1479, 0.67, 81, 1121, 75.79
ANKITMETAL, BZ, 09-Sep-2026, 1.64, 1.61, 1.66, 1.61, 1.62, 1.62, 1.62, 17086, 0.28, 20, -, -
ANLON, SM, 09-Sep-2026, 680.00, 655.00, 660.00, 640.00, 644.05, 647.00, 647.91, 6800, 44.06, 17, 6000, 88.24
ANMOL, EQ, 09-Sep-2026, 11.38, 11.48, 13.65, 11.05, 13.65, 13.63, 13.28, 2032233, 269.81, 4296, 861984, 42.42
ANNAPURNA, EQ, 09-Sep-2026, 139.90, 140.25, 140.25, 136.93, 137.00, 137.68, 138.13, 24785, 34.24, 344, 16789, 67.74
ANNU, BE, 09-Sep-2026, 61.58, 58.51, 58.51, 58.51, 58.51, 58.51, 58.51, 188774, 110.45, 1723, -, -
ANOND-RE, ST, 09-Sep-2026, 228.60, 246.00, 246.00, 137.20, 189.00, 170.00, 148.58, 44150, 65.60, 479, 43730, 99.05
ANONDITA, SM, 09-Sep-2026, 1178.60, 1142.00, 1171.95, 1102.10, 1145.80, 1144.35, 1128.56, 59400, 670.37, 247, 35600, 59.93
ANSALAPI, BZ, 09-Sep-2026, 3.41, 3.40, 3.46, 3.40, 3.45, 3.44, 3.43, 45097, 1.55, 65, -, -
ANSALBU, EQ, 09-Sep-2026, 82.50, 82.50, 82.50, 75.00, 76.00, 77.15, 77.97, 667, 0.52, 19, 556, 83.36
ANTELOPUS, EQ, 09-Sep-2026, 1099.15, 1116.80, 1218.30, 1107.45, 1149.50, 1169.40, 1183.05, 13072209, 154650.40, 441670, 701001, 5.36
ANTGRAPHIC, EQ, 09-Sep-2026, 0.72, 0.73, 0.73, 0.71, 0.73, 0.72, 0.72, 406041, 2.92, 160, 342671, 84.39
ANTHEM, EQ, 09-Sep-2026, 957.80, 957.70, 977.55, 940.45, 944.00, 942.95, 957.98, 928217, 8892.16, 55331, 537115, 57.87
ANUHPHR, EQ, 09-Sep-2026, 95.53, 96.00, 99.50, 96.00, 96.95, 96.74, 98.17, 626549, 615.10, 6741, 268601, 42.87
ANUP, EQ, 09-Sep-2026, 1725.60, 1721.00, 1760.00, 1710.10, 1741.80, 1744.50, 1734.47, 16835, 292.00, 2808, 8643, 51.34
ANURAS, EQ, 09-Sep-2026, 1233.40, 1235.00, 1238.50, 1223.50, 1226.50, 1229.60, 1229.62, 204066, 2509.24, 3813, 155963, 76.43
ANYA, SM, 09-Sep-2026, 15.25, 15.15, 15.15, 14.25, 15.05, 15.05, 14.92, 30000, 4.48, 6, 20000, 66.67
ANZEN, IV, 09-Sep-2026, 129.00, 129.30, 129.30, 129.30, 129.30, 129.30, 129.30, 25000, 32.33, 1, 25000, 100.00
AONEGOLD, EQ, 09-Sep-2026, 14.20, 14.15, 14.28, 14.05, 14.22, 14.20, 14.19, 191081, 27.12, 1164, 90894, 47.57
AONELIQUID, EQ, 09-Sep-2026, 1075.94, 1076.08, 1076.08, 1076.06, 1076.06, 1076.06, 1076.08, 26546, 285.65, 87, 20510, 77.26
AONENIFTY, EQ, 09-Sep-2026, 9.79, 9.79, 9.83, 9.62, 9.73, 9.72, 9.73, 133129, 12.96, 1306, 106761, 80.19
AONESILVER, EQ, 09-Sep-2026, 8.82, 8.86, 8.94, 8.81, 8.86, 8.88, 8.88, 322568, 28.63, 1008, 192337, 59.63
AONETMMQ50, EQ, 09-Sep-2026, 10.35, 10.40, 10.46, 10.36, 10.42, 10.40, 10.39, 37525, 3.90, 274, 21451, 57.16
AONETOTAL, EQ, 09-Sep-2026, 11.81, 11.86, 11.86, 11.73, 11.79, 11.76, 11.77, 184344, 21.70, 1158, 131591, 71.38
APARINDS, EQ, 09-Sep-2026, 17635.00, 17639.00, 18132.00, 17350.00, 17451.00, 17448.00, 17587.33, 105567, 18566.41, 32423, 38539, 36.51
APCL, EQ, 09-Sep-2026, 100.32, 98.50, 102.80, 98.50, 100.10, 100.41, 100.45, 3129, 3.14, 74, 2474, 79.07
APCOTEXIND, EQ, 09-Sep-2026, 612.15, 610.15, 618.90, 606.05, 615.00, 615.45, 611.44, 67048, 409.96, 3627, 32327, 48.21
APEX, EQ, 09-Sep-2026, 384.20, 385.40, 385.95, 376.00, 379.90, 380.55, 380.10, 93004, 353.51, 4167, 40653, 43.71
APEXECO, ST, 09-Sep-2026, 279.55, 268.00, 287.50, 268.00, 280.00, 280.00, 278.63, 28800, 80.25, 18, 28000, 97.22
APLAPOLLO, EQ, 09-Sep-2026, 2185.00, 2182.00, 2194.90, 2165.00, 2168.00, 2168.00, 2179.37, 270373, 5892.42, 14756, 150365, 55.61
APLLTD, EQ, 09-Sep-2026, 808.50, 804.50, 821.50, 799.10, 817.00, 817.40, 813.04, 86236, 701.14, 8800, 41876, 48.56
APOLLO, EQ, 09-Sep-2026, 417.90, 419.40, 427.95, 415.10, 420.50, 422.45, 422.78, 10424699, 44073.88, 95986, 3032206, 29.09
APOLLOHOSP, EQ, 09-Sep-2026, 8837.50, 8825.00, 8974.50, 8803.50, 8967.00, 8967.00, 8936.46, 375525, 33558.62, 39287, 171189, 45.59
APOLLOPIPE, EQ, 09-Sep-2026, 591.20, 592.00, 593.50, 574.10, 579.85, 577.60, 582.87, 132926, 774.78, 5939, 50479, 37.98
APOLLOTYRE, EQ, 09-Sep-2026, 411.50, 410.00, 424.30, 408.00, 421.00, 422.25, 418.62, 540857, 2264.12, 18879, 250245, 46.27
APOLSINHOT, EQ, 09-Sep-2026, 1209.10, 1221.50, 1225.00, 1208.60, 1211.00, 1220.50, 1219.09, 876, 10.68, 119, 743, 84.82
APOORVA, EQ, 09-Sep-2026, 25.30, 26.51, 26.51, 25.30, 25.30, 25.30, 26.47, 104, 0.03, 4, 104, 100.00
APRAMEYA, SM, 09-Sep-2026, 103.25, 103.85, 112.00, 103.00, 112.00, 112.00, 106.75, 13500, 14.41, 23, 13500, 100.00
APS, SM, 09-Sep-2026, 250.60, 257.90, 257.90, 246.90, 246.90, 246.90, 250.25, 15000, 37.54, 59, 9500, 63.33
APSISAERO, ST, 09-Sep-2026, 625.00, 621.00, 621.00, 612.50, 612.50, 612.50, 614.05, 13200, 81.05, 11, 13200, 100.00
APTECHT, BE, 09-Sep-2026, 89.69, 89.69, 90.40, 88.21, 89.60, 89.07, 88.89, 50373, 44.78, 474, -, -
APTUS, EQ, 09-Sep-2026, 256.96, 256.00, 260.04, 251.63, 258.75, 258.28, 256.76, 1132562, 2907.96, 40206, 594208, 52.47
AQYLON, EQ, 09-Sep-2026, 23.10, 22.62, 23.10, 22.51, 22.54, 22.61, 22.73, 211570, 48.09, 1069, 85768, 40.54
ARABIAN, SM, 09-Sep-2026, 86.25, 88.00, 88.00, 83.80, 86.00, 84.90, 85.93, 6000, 5.16, 3, 6000, 100.00
ARCHIDPLY, EQ, 09-Sep-2026, 103.77, 104.35, 104.43, 102.01, 102.01, 102.54, 102.81, 4792, 4.93, 165, 2445, 51.02
ARCHIES, EQ, 09-Sep-2026, 13.14, 13.00, 13.90, 12.26, 13.00, 13.03, 12.75, 56369, 7.19, 333, 25066, 44.47
ARCIIL, SM, 09-Sep-2026, 35.75, 36.00, 36.80, 36.00, 36.10, 36.10, 36.30, 3000, 1.09, 3, 3000, 100.00
ARCL, EQ, 09-Sep-2026, 224.92, 231.90, 234.90, 223.00, 230.00, 226.83, 227.26, 358, 0.81, 44, 235, 65.64
ARDEE, EQ, 09-Sep-2026, 54.74, 54.63, 55.00, 52.65, 53.15, 53.27, 53.50, 3960688, 2118.84, 16996, 1912824, 48.30
ARE&M, EQ, 09-Sep-2026, 837.80, 836.30, 842.40, 830.00, 831.00, 832.15, 837.32, 297603, 2491.90, 21772, 132143, 44.40
ARENTERP, EQ, 09-Sep-2026, 33.34, 33.22, 34.99, 33.00, 34.99, 34.99, 33.43, 924, 0.31, 36, 732, 79.22
ARFIN, EQ, 09-Sep-2026, 91.36, 92.95, 92.99, 88.47, 89.60, 88.77, 90.54, 684659, 619.87, 5756, 317860, 46.43
ARHAM, SM, 09-Sep-2026, 213.40, 209.35, 213.00, 207.80, 209.40, 209.65, 211.48, 32000, 67.67, 30, 15000, 46.88
ARIES, BE, 09-Sep-2026, 483.15, 482.00, 493.25, 470.00, 485.00, 486.15, 483.77, 32661, 158.00, 418, -, -
ARIHANT, EQ, 09-Sep-2026, 919.55, 917.80, 918.00, 860.10, 880.00, 887.50, 886.29, 1558, 13.81, 340, 1129, 72.46
ARIHANTCAP, EQ, 09-Sep-2026, 78.54, 78.01, 78.39, 76.50, 76.72, 77.06, 77.62, 98959, 76.81, 929, 56325, 56.92
ARIHANTSUP, EQ, 09-Sep-2026, 232.60, 231.45, 231.45, 217.00, 219.95, 221.80, 223.45, 31761, 70.97, 564, 24212, 76.23
ARIS, EQ, 09-Sep-2026, 127.22, 127.26, 129.80, 126.40, 127.90, 127.85, 127.93, 672875, 860.79, 7094, 289222, 42.98
ARKADE, EQ, 09-Sep-2026, 123.09, 123.90, 126.85, 122.36, 122.45, 122.95, 124.45, 244733, 304.57, 2330, 112780, 46.08
ARMANFIN, EQ, 09-Sep-2026, 2037.50, 2034.00, 2075.00, 2000.00, 2060.00, 2037.10, 2039.79, 27412, 559.15, 4462, 14075, 51.35
ARMOUR, ST, 09-Sep-2026, 17.30, 18.15, 18.15, 18.15, 18.15, 18.15, 18.15, 2000, 0.36, 1, 2000, 100.00
AROGRANITE, EQ, 09-Sep-2026, 24.10, 24.69, 24.69, 24.00, 24.05, 24.04, 24.08, 4086, 0.98, 37, 3279, 80.25
ARROWGREEN, BE, 09-Sep-2026, 800.70, 800.70, 810.00, 792.50, 800.00, 803.00, 804.09, 9843, 79.15, 599, -, -
ARSHIYA, BZ, 09-Sep-2026, 0.73, 0.75, 0.75, 0.71, 0.75, 0.74, 0.74, 274161, 2.02, 79, -, -
ARSSBL, EQ, 09-Sep-2026, 513.65, 510.05, 513.00, 505.00, 505.55, 505.55, 507.71, 81100, 411.75, 2475, 49440, 60.96
ARTEMISMED, EQ, 09-Sep-2026, 342.05, 340.95, 355.90, 336.40, 352.20, 354.30, 349.89, 813189, 2845.29, 21200, 388951, 47.83
ARTNIRMAN, EQ, 09-Sep-2026, 40.41, 40.61, 41.00, 39.13, 40.90, 40.52, 40.27, 5519, 2.22, 19, 5513, 99.89
ARUNAYA, SM, 09-Sep-2026, 14.80, 14.80, 14.80, 14.15, 14.15, 14.15, 14.58, 6000, 0.88, 3, 6000, 100.00
ARVEE, EQ, 09-Sep-2026, 193.74, 206.00, 224.99, 206.00, 212.99, 210.29, 216.13, 159126, 343.92, 3831, 33650, 21.15
ARVIND, EQ, 09-Sep-2026, 581.35, 585.00, 607.15, 566.60, 568.95, 570.80, 587.99, 1539846, 9054.15, 48533, 502068, 32.61
ARVINDFASN, EQ, 09-Sep-2026, 440.35, 440.50, 449.00, 437.30, 449.00, 446.05, 444.69, 133171, 592.19, 9027, 73107, 54.90
ARVINDPORT, SM, 09-Sep-2026, 32.50, 32.25, 32.50, 32.25, 32.50, 32.50, 32.39, 15000, 4.86, 8, 15000, 100.00
ARVSMART, EQ, 09-Sep-2026, 629.65, 626.00, 628.50, 603.15, 603.15, 605.25, 611.16, 69778, 426.46, 2957, 37646, 53.95
ARYAMAN, EQ, 09-Sep-2026, 639.00, 639.00, 639.00, 618.00, 638.40, 621.65, 633.69, 459, 2.91, 125, 348, 75.82
ASAHIINDIA, EQ, 09-Sep-2026, 955.60, 955.10, 984.70, 950.00, 966.00, 968.75, 969.90, 220637, 2139.97, 15119, 93303, 42.29
ASAHISONG, BE, 09-Sep-2026, 385.35, 385.35, 391.00, 380.00, 389.95, 389.90, 386.19, 15423, 59.56, 253, -, -
ASAL, EQ, 09-Sep-2026, 468.45, 463.00, 477.95, 463.00, 467.20, 468.30, 470.48, 9447, 44.45, 544, 4731, 50.08
ASALCBR, EQ, 09-Sep-2026, 696.15, 698.50, 698.50, 680.05, 698.50, 686.70, 690.97, 26427, 182.60, 2102, 14304, 54.13
ASHALOG, SM, 09-Sep-2026, 60.50, 60.05, 60.50, 60.05, 60.50, 60.50, 60.28, 2000, 1.21, 2, 1000, 50.00
ASHAPURMIN, EQ, 09-Sep-2026, 549.35, 548.60, 574.65, 542.70, 549.10, 550.60, 557.35, 747609, 4166.83, 28866, 299586, 40.07
ASHIANA, EQ, 09-Sep-2026, 346.30, 346.10, 350.00, 345.05, 350.00, 349.10, 348.22, 18098, 63.02, 635, 11654, 64.39
ASHIKAG, BE, 09-Sep-2026, 419.50, 411.00, 424.40, 402.10, 418.00, 412.65, 414.28, 99512, 412.25, 313, -, -
ASHIMASYN, EQ, 09-Sep-2026, 17.36, 17.35, 18.40, 17.11, 17.20, 17.22, 17.42, 90655, 15.80, 370, 58360, 64.38
ASHOKA, EQ, 09-Sep-2026, 114.27, 113.60, 114.09, 113.25, 113.50, 113.58, 113.64, 473674, 538.27, 4635, 208244, 43.96
ASHOKAMET, EQ, 09-Sep-2026, 14.44, 14.87, 14.87, 14.22, 14.70, 14.54, 14.59, 13514, 1.97, 169, 5954, 44.06
ASHOKLEY, EQ, 09-Sep-2026, 169.00, 167.12, 169.27, 166.22, 167.00, 167.00, 167.55, 7197614, 12059.38, 68010, 2987359, 41.50
ASHUTOSH, ST, 09-Sep-2026, 154.05, 152.80, 157.45, 146.35, 152.85, 151.30, 151.05, 440400, 665.24, 347, 373200, 84.74
ASHWINI, SM, 09-Sep-2026, 174.00, 175.00, 175.00, 160.00, 170.50, 170.50, 168.13, 20000, 33.63, 15, 10000, 50.00
ASIANENE, EQ, 09-Sep-2026, 553.55, 552.90, 562.00, 532.05, 533.35, 535.50, 548.09, 475711, 2607.33, 18800, 188145, 39.55
ASIANHOTNR, EQ, 09-Sep-2026, 405.75, 415.00, 419.20, 393.05, 403.00, 404.50, 403.36, 27418, 110.59, 1479, 12348, 45.04
ASIANPAINT, EQ, 09-Sep-2026, 2481.60, 2459.10, 2489.00, 2457.40, 2489.00, 2489.00, 2475.66, 432840, 10715.63, 35052, 258653, 59.76
ASIANTILES, EQ, 09-Sep-2026, 50.04, 49.56, 50.98, 49.26, 50.67, 50.47, 50.14, 3910136, 1960.54, 8570, 1402144, 35.86
ASIANTNE, EQ, 09-Sep-2026, 9.69, 9.70, 9.79, 8.60, 9.59, 9.52, 9.36, 7352, 0.69, 55, 5197, 70.69
ASKAUTOLTD, EQ, 09-Sep-2026, 610.15, 610.00, 634.00, 609.80, 626.10, 627.25, 624.92, 288722, 1804.28, 16253, 130617, 45.24
ASMS, BE, 09-Sep-2026, 6.92, 7.02, 7.10, 6.90, 6.93, 6.95, 6.99, 123575, 8.64, 219, -, -
ASPINWALL, EQ, 09-Sep-2026, 254.15, 254.15, 254.20, 249.00, 251.25, 251.25, 251.69, 803, 2.02, 36, 601, 74.84
ASTAR, EQ, 09-Sep-2026, 596.95, 594.90, 594.90, 575.00, 575.10, 575.10, 589.11, 32, 0.19, 8, 30, 93.75
ASTEC, EQ, 09-Sep-2026, 662.80, 691.00, 779.35, 690.00, 766.50, 761.00, 752.51, 5356635, 40309.28, 163520, 308933, 5.77
ASTERDM, EQ, 09-Sep-2026, 790.35, 786.00, 792.30, 776.00, 779.70, 780.35, 783.63, 1498226, 11740.56, 41540, 1073275, 71.64
ASTRAL, EQ, 09-Sep-2026, 1500.80, 1492.80, 1507.00, 1465.60, 1474.80, 1474.80, 1477.27, 769503, 11367.61, 34919, 457488, 59.45
ASTRAMICRO, EQ, 09-Sep-2026, 1757.30, 1767.80, 1794.00, 1696.10, 1705.00, 1706.10, 1740.17, 550424, 9578.32, 30470, 239510, 43.51
ASTRAZEN, EQ, 09-Sep-2026, 6875.50, 6870.00, 6943.50, 6801.00, 6910.00, 6876.50, 6860.66, 5604, 384.47, 1624, 2188, 39.04
ASTRON, BZ, 09-Sep-2026, 2.96, 2.97, 3.09, 2.87, 3.01, 3.01, 3.00, 45900, 1.38, 79, -, -
ATALREAL, EQ, 09-Sep-2026, 21.20, 16.96, 16.96, 16.96, 16.96, 16.96, 16.96, 701191, 118.92, 1006, 694153, 99.00
ATAM, EQ, 09-Sep-2026, 55.34, 56.45, 56.45, 54.18, 56.00, 55.64, 55.66, 4732, 2.63, 202, 3132, 66.19
ATCENERGY, ST, 09-Sep-2026, 22.20, 21.80, 21.80, 21.80, 21.80, 21.80, 21.80, 4800, 1.05, 4, 4800, 100.00
ATGL, EQ, 09-Sep-2026, 609.40, 610.90, 624.40, 608.55, 612.50, 612.30, 616.77, 871019, 5372.22, 29953, 173761, 19.95
ATHERENERG, EQ, 09-Sep-2026, 1578.00, 1577.00, 1599.60, 1572.80, 1580.00, 1580.00, 1584.27, 1669212, 26444.86, 45790, 486806, 29.16
ATL, EQ, 09-Sep-2026, 25.82, 25.30, 25.78, 24.61, 24.88, 24.89, 25.06, 171806, 43.05, 1209, 105719, 61.53
ATLANTAA, EQ, 09-Sep-2026, 38.30, 38.49, 38.84, 37.02, 38.03, 38.11, 38.09, 19942, 7.60, 547, 11589, 58.11
ATLANTAELE, EQ, 09-Sep-2026, 1922.30, 1912.00, 1932.80, 1831.00, 1850.00, 1848.70, 1883.63, 103680, 1952.95, 10569, 46797, 45.14
ATLASCYCLE, EQ, 09-Sep-2026, 113.03, 116.00, 116.00, 105.00, 105.51, 106.47, 110.53, 180895, 199.94, 2554, 86533, 47.84
ATLPP, E1, 09-Sep-2026, 9.26, 9.55, 9.80, 9.26, 9.28, 9.28, 9.46, 956, 0.09, 17, 885, 92.57
ATMASTCO, SM, 09-Sep-2026, 132.70, 132.05, 132.20, 128.00, 129.00, 130.00, 129.94, 30400, 39.50, 66, 21200, 69.74
ATUL, EQ, 09-Sep-2026, 6314.50, 6295.00, 6321.50, 6203.50, 6233.50, 6221.50, 6256.79, 18697, 1169.83, 4306, 8516, 45.55
ATULAUTO, EQ, 09-Sep-2026, 458.90, 458.30, 460.00, 455.00, 457.00, 456.10, 456.33, 46298, 211.27, 2147, 26601, 57.46
AUBANK, EQ, 09-Sep-2026, 1073.70, 1070.90, 1077.90, 1060.50, 1060.50, 1060.50, 1068.62, 1294481, 13833.03, 72887, 823194, 63.59
AUGMONT, EQ, 09-Sep-2026, 893.40, 885.50, 926.20, 885.50, 901.80, 895.30, 908.05, 1284516, 11663.99, 46144, 285478, 22.22
AURIONPRO, EQ, 09-Sep-2026, 672.10, 676.50, 676.50, 663.00, 667.90, 664.95, 667.87, 119925, 800.94, 7783, 74991, 62.53
AUROIMPEX, SM, 09-Sep-2026, 26.60, 25.55, 25.55, 25.30, 25.35, 25.30, 25.33, 14400, 3.65, 9, 8000, 55.56
AUROPHARMA, EQ, 09-Sep-2026, 1692.00, 1685.00, 1704.00, 1672.00, 1698.90, 1698.90, 1683.14, 600583, 10108.64, 36210, 285399, 47.52
AURUM, EQ, 09-Sep-2026, 227.26, 228.74, 228.75, 218.00, 218.55, 220.17, 221.99, 140276, 311.40, 2207, 69960, 49.87
AURUS, EQ, 09-Sep-2026, 4.78, 4.78, 4.97, 4.78, 4.97, 4.93, 4.92, 26280, 1.29, 318, 16241, 61.80
AUSOMENT, EQ, 09-Sep-2026, 155.86, 154.01, 155.95, 153.20, 154.99, 154.19, 154.38, 1211, 1.87, 56, 835, 68.95
AUSTENG, EQ, 09-Sep-2026, 121.41, 125.95, 125.95, 118.00, 122.96, 122.95, 121.99, 1041, 1.27, 38, 870, 83.57
AUTOAXLES, EQ, 09-Sep-2026, 1664.40, 1666.00, 1667.90, 1652.00, 1656.20, 1658.50, 1661.91, 3945, 65.56, 506, 2724, 69.05
AUTOBEES, EQ, 09-Sep-2026, 286.83, 286.71, 286.90, 284.46, 284.80, 285.51, 285.48, 141003, 402.54, 2803, 84640, 60.03
AUTOIETF, EQ, 09-Sep-2026, 28.82, 29.54, 29.54, 28.09, 28.70, 28.71, 28.67, 371777, 106.58, 2042, 128599, 34.59
AUTOIND, EQ, 09-Sep-2026, 87.03, 87.03, 87.03, 85.20, 85.90, 86.11, 86.21, 109051, 94.02, 1638, 42248, 38.74
AVADHSUGAR, EQ, 09-Sep-2026, 836.25, 842.90, 843.00, 805.00, 824.00, 822.30, 818.92, 118788, 972.77, 3993, 59583, 50.16
AVALON, EQ, 09-Sep-2026, 2290.30, 2290.00, 2334.00, 2267.00, 2284.10, 2293.60, 2293.57, 206983, 4747.29, 27428, 82460, 39.84
AVANA, ST, 09-Sep-2026, 148.60, 148.00, 152.80, 145.00, 145.00, 145.25, 148.08, 20000, 29.62, 10, 16000, 80.00
AVANCE, EQ, 09-Sep-2026, 0.84, 0.83, 0.85, 0.82, 0.83, 0.82, 0.84, 4345874, 36.38, 1276, 1660269, 38.20
AVANTEL, EQ, 09-Sep-2026, 156.44, 156.49, 162.00, 156.49, 160.01, 160.60, 159.67, 1405773, 2244.64, 15177, 586400, 41.71
AVANTIFEED, EQ, 09-Sep-2026, 837.15, 842.00, 842.00, 803.55, 806.00, 807.15, 812.98, 414240, 3367.71, 19122, 198822, 48.00
AVG, BE, 09-Sep-2026, 165.57, 166.39, 173.84, 163.90, 173.84, 173.80, 169.09, 20849, 35.25, 155, -, -
AVIANSH, SM, 09-Sep-2026, 103.50, 101.05, 101.05, 99.00, 100.00, 99.65, 100.19, 8000, 8.02, 8, 6000, 75.00
AVIENCE, SM, 09-Sep-2026, 292.50, 302.00, 343.90, 302.00, 340.00, 336.35, 325.30, 106200, 345.47, 155, 83400, 78.53
AVL, EQ, 09-Sep-2026, 614.60, 618.00, 632.80, 608.20, 617.05, 623.10, 623.11, 930980, 5801.01, 35013, 637456, 68.47
AVONMORE, EQ, 09-Sep-2026, 14.06, 14.25, 14.25, 13.54, 14.03, 13.99, 13.95, 229737, 32.04, 972, 149609, 65.12
AVPINFRA, SM, 09-Sep-2026, 60.20, 60.00, 60.75, 59.00, 59.60, 59.60, 59.77, 20000, 11.95, 18, 15200, 76.00
AVROIND, EQ, 09-Sep-2026, 8.58, 8.55, 8.85, 8.19, 8.58, 8.59, 8.48, 860781, 72.99, 1037, 583780, 67.82
AVTNPL, EQ, 09-Sep-2026, 90.35, 90.00, 93.05, 90.00, 92.68, 92.42, 92.01, 432223, 397.67, 4585, 186033, 43.04
AWFIS, EQ, 09-Sep-2026, 253.00, 253.75, 255.50, 251.05, 254.00, 253.90, 253.31, 128291, 324.97, 3183, 73754, 57.49
AWHCL, EQ, 09-Sep-2026, 365.75, 362.65, 384.00, 362.55, 377.00, 376.15, 374.99, 145249, 544.67, 5363, 55211, 38.01
AWL, EQ, 09-Sep-2026, 187.52, 187.52, 188.49, 185.10, 188.20, 187.52, 186.63, 1594754, 2976.26, 26562, 814520, 51.07
AXISBANK, EQ, 09-Sep-2026, 1244.90, 1236.00, 1257.40, 1234.70, 1238.50, 1238.50, 1243.19, 6679663, 83041.07, 98429, 4863901, 72.82
AXISCADES, EQ, 09-Sep-2026, 1848.60, 1870.00, 1939.00, 1850.00, 1882.80, 1875.70, 1888.79, 347063, 6555.30, 25723, 169172, 48.74
AXITA, EQ, 09-Sep-2026, 7.99, 8.04, 8.25, 7.99, 8.00, 8.00, 8.02, 640768, 51.40, 829, 183430, 28.63
AXTEL, EQ, 09-Sep-2026, 408.85, 452.00, 454.80, 425.00, 433.25, 436.05, 438.78, 26894, 118.01, 1377, 14662, 54.52
AYE, EQ, 09-Sep-2026, 184.78, 184.80, 185.78, 178.20, 179.70, 178.83, 180.04, 793540, 1428.72, 14648, 333420, 42.02
AYMSYNTEX, EQ, 09-Sep-2026, 320.10, 322.00, 328.00, 304.60, 310.55, 311.30, 313.23, 91725, 287.31, 2077, 59361, 64.72
AZAD, EQ, 09-Sep-2026, 2822.10, 2822.30, 2868.00, 2762.00, 2801.00, 2805.00, 2802.96, 261391, 7326.69, 24858, 104065, 39.81
AZADIND, EQ, 09-Sep-2026, 89.86, 90.00, 90.95, 87.00, 87.00, 89.26, 89.39, 31921, 28.53, 532, 7854, 24.60
BABAFP, SM, 09-Sep-2026, 22.95, 21.65, 22.60, 21.65, 22.60, 22.55, 22.34, 8000, 1.79, 5, 6400, 80.00
BAFNAPH, BE, 09-Sep-2026, 307.75, 301.60, 303.10, 301.60, 301.60, 301.60, 301.72, 4475, 13.50, 53, -, -
BAGDIGITAL, SM, 09-Sep-2026, 103.00, 102.25, 104.00, 99.00, 102.95, 103.05, 102.44, 100800, 103.26, 26, 48000, 47.62
BAGFILMS, EQ, 09-Sep-2026, 4.70, 4.79, 4.79, 4.52, 4.59, 4.59, 4.62, 114517, 5.29, 276, 69363, 60.57
BAGMANE, RR, 09-Sep-2026, 107.29, 107.44, 107.50, 106.06, 107.50, 107.20, 107.14, 963650, 1032.41, 8490, 772259, 80.14
BAHETI, SM, 09-Sep-2026, 829.50, 835.00, 843.00, 811.00, 833.00, 826.35, 827.46, 18375, 152.05, 42, 11250, 61.22
BAIDFIN, EQ, 09-Sep-2026, 12.05, 12.28, 12.75, 12.00, 12.00, 12.03, 12.24, 273260, 33.46, 720, 200446, 73.35
BAJAJ-AUTO, EQ, 09-Sep-2026, 11880.00, 11841.00, 11896.00, 11740.00, 11790.00, 11790.00, 11798.06, 119472, 14095.37, 23333, 68710, 57.51
BAJAJCON, EQ, 09-Sep-2026, 514.10, 514.10, 524.00, 509.00, 522.30, 521.45, 516.33, 824949, 4259.45, 21543, 439562, 53.28
BAJAJELEC, EQ, 09-Sep-2026, 339.95, 336.55, 341.90, 335.70, 338.00, 339.80, 337.72, 90932, 307.10, 3354, 43382, 47.71
BAJAJFINSV, EQ, 09-Sep-2026, 1938.10, 1939.10, 1951.90, 1921.50, 1927.00, 1927.00, 1934.60, 617280, 11941.87, 39990, 403394, 65.35
BAJAJHCARE, EQ, 09-Sep-2026, 336.70, 339.20, 339.20, 331.25, 333.00, 333.70, 333.19, 83482, 278.15, 1896, 48370, 57.94
BAJAJHFL, EQ, 09-Sep-2026, 84.01, 84.10, 84.10, 82.79, 82.95, 82.92, 83.14, 1812516, 1506.95, 19047, 982701, 54.22
BAJAJHIND, EQ, 09-Sep-2026, 22.66, 22.67, 22.67, 21.16, 21.32, 21.35, 21.62, 26539319, 5737.13, 30647, 9115511, 34.35
BAJAJHLDNG, EQ, 09-Sep-2026, 11046.00, 11049.00, 11133.00, 11001.00, 11078.00, 11078.00, 11076.17, 18502, 2049.31, 4353, 8987, 48.57
BAJAJINDEF, EQ, 09-Sep-2026, 220.95, 221.31, 222.58, 220.10, 221.50, 221.46, 221.17, 12456, 27.55, 236, 10376, 83.30
BAJAJST, EQ, 09-Sep-2026, 365.00, 365.00, 377.45, 363.00, 370.00, 369.85, 369.21, 6692, 24.71, 681, 3966, 59.26
BAJEL, EQ, 09-Sep-2026, 183.62, 184.49, 184.90, 182.00, 183.11, 183.93, 183.56, 90712, 166.51, 2012, 42548, 46.90
BAJFINANCE, EQ, 09-Sep-2026, 1054.10, 1045.10, 1060.10, 1038.50, 1039.30, 1039.30, 1047.50, 9244698, 96837.77, 158288, 6269747, 67.82
BALAJEE, EQ, 09-Sep-2026, 25.46, 25.89, 25.90, 25.07, 25.40, 25.50, 25.49, 30955, 7.89, 269, 18511, 59.80
BALAJIPHOS, SM, 09-Sep-2026, 102.55, 107.95, 113.50, 107.95, 113.00, 113.00, 110.99, 18000, 19.98, 15, 15000, 83.33
BALAJITELE, EQ, 09-Sep-2026, 93.42, 93.60, 94.90, 91.75, 94.01, 92.85, 92.52, 83298, 77.07, 1214, 47895, 57.50
BALAMINES, EQ, 09-Sep-2026, 2475.40, 2475.40, 2487.10, 2343.00, 2343.00, 2359.30, 2386.39, 261839, 6248.50, 28651, 98010, 37.43
BALAXI, EQ, 09-Sep-2026, 23.34, 24.18, 25.05, 22.70, 23.40, 23.68, 23.79, 87548, 20.83, 421, 48637, 55.55
BALKRISHNA, EQ, 09-Sep-2026, 17.03, 17.06, 17.29, 16.16, 16.51, 16.52, 16.60, 23179, 3.85, 141, 15972, 68.91
BALKRISIND, EQ, 09-Sep-2026, 2258.00, 2220.00, 2248.50, 2191.30, 2201.90, 2208.60, 2212.31, 491646, 10876.76, 50936, 302325, 61.49
BALMLAWRIE, EQ, 09-Sep-2026, 176.38, 177.00, 177.00, 175.24, 175.98, 175.60, 175.85, 112860, 198.47, 2078, 77785, 68.92
BALPHARMA, EQ, 09-Sep-2026, 95.38, 95.10, 114.45, 95.10, 114.45, 114.45, 109.80, 782802, 859.49, 6255, 300994, 38.45
BALRAMCHIN, EQ, 09-Sep-2026, 711.45, 710.05, 710.05, 689.00, 701.55, 700.05, 696.85, 1337773, 9322.22, 23146, 263502, 19.70
BALUFORGE, EQ, 09-Sep-2026, 541.65, 539.80, 554.90, 528.35, 543.30, 541.55, 541.54, 1038353, 5623.09, 24421, 327568, 31.55
BANARBEADS, EQ, 09-Sep-2026, 109.99, 110.48, 112.80, 110.00, 111.00, 111.11, 110.84, 650, 0.72, 26, 566, 87.08
BANARISUG, EQ, 09-Sep-2026, 3743.60, 3748.00, 3749.90, 3613.60, 3613.60, 3650.80, 3673.83, 1385, 50.88, 289, 734, 53.00
BANCOINDIA, EQ, 09-Sep-2026, 628.30, 628.00, 649.00, 624.25, 634.10, 635.15, 637.94, 222414, 1418.86, 9510, 97589, 43.88
BANDHANBNK, EQ, 09-Sep-2026, 171.58, 170.60, 174.96, 168.65, 171.70, 171.70, 172.25, 11130322, 19172.00, 50804, 3587804, 32.23
BANG, EQ, 09-Sep-2026, 33.52, 34.25, 35.99, 33.05, 35.60, 35.63, 35.09, 144212, 50.60, 726, 54368, 37.70
BANK10ADD, EQ, 09-Sep-2026, 16.69, 16.56, 16.85, 16.52, 16.52, 16.54, 16.56, 40014, 6.62, 108, 35595, 88.96
BANK10BETF, EQ, 09-Sep-2026, 20.52, 20.62, 20.99, 20.30, 20.43, 20.42, 20.44, 1824, 0.37, 26, 1349, 73.96
BANKA, EQ, 09-Sep-2026, 79.10, 76.21, 82.39, 75.15, 77.30, 77.56, 77.63, 13182, 10.23, 199, 7382, 56.00
BANKADD, EQ, 09-Sep-2026, 58.41, 57.93, 58.12, 57.72, 58.09, 57.81, 57.96, 16309, 9.45, 106, 14011, 85.91
BANKBARODA, EQ, 09-Sep-2026, 236.60, 236.65, 237.15, 234.05, 234.10, 234.10, 235.38, 14888061, 35043.41, 66521, 9437518, 63.39
BANKBEES, EQ, 09-Sep-2026, 589.09, 587.98, 588.45, 585.00, 585.46, 585.87, 586.58, 552845, 3242.88, 8771, 333695, 60.36
BANKBETA, EQ, 09-Sep-2026, 58.88, 60.35, 60.35, 57.40, 58.80, 58.54, 58.61, 182507, 106.96, 557, 106287, 58.24
BANKBETF, EQ, 09-Sep-2026, 57.87, 57.60, 57.87, 57.23, 57.23, 57.49, 57.55, 7286, 4.19, 215, 4261, 58.48
BANKETF, EQ, 09-Sep-2026, 579.02, 593.49, 593.49, 575.10, 575.22, 575.63, 577.48, 30401, 175.56, 346, 22520, 74.08
BANKIETF, EQ, 09-Sep-2026, 58.43, 58.30, 58.37, 58.01, 58.07, 58.10, 58.15, 382479, 222.43, 1676, 224108, 58.59
BANKINDIA, EQ, 09-Sep-2026, 140.86, 140.38, 142.45, 139.80, 141.06, 141.06, 141.18, 6061098, 8557.18, 29422, 2941666, 48.53
BANKNIFTY1, EQ, 09-Sep-2026, 59.06, 59.06, 59.06, 58.60, 58.67, 58.66, 58.83, 216941, 127.63, 895, 143620, 66.20
BANKPSU, EQ, 09-Sep-2026, 84.89, 84.60, 85.02, 84.33, 84.54, 84.70, 84.76, 32043, 27.16, 94, 14735, 45.99
BANSALWIRE, EQ, 09-Sep-2026, 314.90, 312.00, 318.65, 302.20, 305.40, 304.35, 306.97, 257221, 789.58, 7519, 153902, 59.83
BANSWRAS, EQ, 09-Sep-2026, 115.00, 115.83, 116.89, 112.54, 114.75, 113.42, 113.75, 25897, 29.46, 537, 16910, 65.30
BARFLEX, SM, 09-Sep-2026, 58.40, 60.85, 60.85, 59.90, 59.90, 59.90, 60.38, 4000, 2.42, 2, 4000, 100.00
BASF, EQ, 09-Sep-2026, 3788.80, 3760.00, 3820.00, 3730.10, 3732.00, 3746.00, 3779.67, 19474, 736.05, 4896, 9370, 48.12
BASILIC, SM, 09-Sep-2026, 185.55, 185.00, 192.00, 185.00, 190.95, 189.80, 190.10, 7500, 14.26, 24, 6600, 88.00
BASML, BE, 09-Sep-2026, 24.46, 24.90, 24.90, 23.92, 24.50, 24.59, 24.35, 42660, 10.39, 124, -, -
BATAINDIA, EQ, 09-Sep-2026, 663.85, 664.00, 666.95, 656.40, 660.90, 661.05, 661.34, 141443, 935.43, 9567, 75383, 53.30
BATLIBOI, EQ, 09-Sep-2026, 87.63, 86.85, 89.66, 86.26, 86.61, 87.29, 87.35, 45812, 40.02, 1658, 21380, 46.67
BAWEJA, SM, 09-Sep-2026, 25.60, 24.00, 25.50, 23.10, 23.90, 23.65, 23.79, 16000, 3.81, 17, 13600, 85.00
BAYERCROP, EQ, 09-Sep-2026, 3984.90, 3990.00, 3999.80, 3945.00, 3945.10, 3951.10, 3956.84, 9019, 356.87, 1888, 5293, 58.69
BBETF0432, EQ, 09-Sep-2026, 1345.75, 1352.99, 1352.99, 1342.15, 1345.06, 1345.64, 1345.49, 259, 3.48, 47, 146, 56.37
BBL, EQ, 09-Sep-2026, 2240.10, 2221.00, 2281.90, 2221.00, 2251.90, 2245.50, 2253.33, 15266, 343.99, 2403, 8196, 53.69
BBNPNBETF, EQ, 09-Sep-2026, 57.13, 57.15, 58.55, 56.75, 56.75, 58.44, 57.26, 596, 0.34, 23, 488, 81.88
BBNPPGOLD, EQ, 09-Sep-2026, 147.60, 147.60, 149.00, 146.20, 146.75, 147.40, 147.36, 9016, 13.29, 82, 1399, 15.52
BBOX, EQ, 09-Sep-2026, 770.90, 769.65, 777.50, 755.00, 762.00, 763.10, 767.56, 261045, 2003.67, 17177, 111195, 42.60
BBTC, EQ, 09-Sep-2026, 1477.50, 1480.00, 1485.10, 1444.50, 1448.00, 1448.80, 1456.57, 62602, 911.84, 5498, 25499, 40.73
BBTCL, EQ, 09-Sep-2026, 229.89, 235.00, 235.00, 225.25, 226.80, 228.05, 229.52, 6549, 15.03, 565, 3906, 59.64
BCG, EQ, 09-Sep-2026, 10.57, 10.75, 10.93, 10.13, 10.31, 10.23, 10.42, 18035174, 1879.21, 14030, 5979340, 33.15
BCLIND, EQ, 09-Sep-2026, 36.00, 35.91, 35.99, 34.90, 35.40, 35.49, 35.43, 606197, 214.80, 3181, 356138, 58.75
BCONCEPTS, EQ, 09-Sep-2026, 166.33, 167.00, 167.00, 157.50, 161.00, 161.36, 162.55, 27842, 45.26, 1018, 19919, 71.54
BCPL, EQ, 09-Sep-2026, 71.04, 71.99, 74.00, 68.75, 72.50, 72.71, 71.89, 18800, 13.52, 483, 13536, 72.00
BDL, EQ, 09-Sep-2026, 1242.50, 1241.00, 1248.00, 1209.50, 1218.10, 1218.10, 1221.75, 1337188, 16337.14, 43431, 439572, 32.87
BEACON, SM, 09-Sep-2026, 82.60, 82.00, 84.40, 80.05, 84.00, 84.00, 82.74, 10000, 8.27, 10, 7000, 70.00
BEARDSELL, EQ, 09-Sep-2026, 24.77, 24.77, 25.48, 24.45, 25.15, 24.96, 24.75, 14564, 3.61, 218, 11993, 82.35
BECTORFOOD, EQ, 09-Sep-2026, 230.35, 230.10, 243.70, 225.61, 242.00, 242.05, 237.99, 2474475, 5889.01, 47451, 852399, 34.45
BEDMUTHA, EQ, 09-Sep-2026, 108.00, 108.01, 110.00, 106.33, 108.38, 108.39, 108.12, 1322, 1.43, 24, 1303, 98.56
BEEKAY, EQ, 09-Sep-2026, 427.60, 426.90, 429.50, 420.30, 427.00, 426.15, 424.79, 2146, 9.12, 134, 1956, 91.15
BEL, EQ, 09-Sep-2026, 410.55, 411.55, 413.85, 406.00, 406.00, 406.00, 408.52, 10899391, 44526.51, 107726, 6460846, 59.28
BELLACASA, EQ, 09-Sep-2026, 241.18, 245.00, 250.00, 240.00, 250.00, 246.65, 243.50, 8196, 19.96, 394, 6253, 76.29
BELRISE, EQ, 09-Sep-2026, 227.17, 227.50, 231.54, 227.50, 228.60, 228.54, 229.31, 1136349, 2605.77, 20557, 528381, 46.50
BEML, EQ, 09-Sep-2026, 2105.60, 2105.00, 2146.00, 2069.80, 2095.00, 2097.80, 2108.42, 465000, 9804.13, 31171, 119038, 25.60
BENARAS, EQ, 09-Sep-2026, 10250.00, 10148.00, 10555.00, 10070.00, 10531.00, 10520.00, 10342.40, 279, 28.86, 123, 217, 77.78
BENGALASM, EQ, 09-Sep-2026, 6222.00, 6206.50, 6300.00, 6113.50, 6130.00, 6149.50, 6219.71, 6527, 405.96, 146, 6188, 94.81
BEPL, EQ, 09-Sep-2026, 133.84, 135.15, 136.00, 131.80, 133.08, 133.56, 134.15, 2507926, 3364.44, 23399, 940586, 37.50
BERGEPAINT, EQ, 09-Sep-2026, 479.45, 483.90, 483.90, 468.00, 470.00, 470.80, 475.52, 397752, 1891.40, 13519, 168129, 42.27
BESTAGRO, EQ, 09-Sep-2026, 19.60, 19.69, 19.93, 19.16, 19.44, 19.50, 19.44, 599344, 116.50, 2407, 267706, 44.67
BETA, EQ, 09-Sep-2026, 2139.80, 2150.50, 2163.90, 2105.00, 2110.00, 2107.60, 2116.27, 9360, 198.08, 1357, 5964, 63.72
BEWLTD, SM, 09-Sep-2026, 49.35, 49.70, 50.00, 49.00, 49.00, 49.00, 49.10, 39500, 19.39, 26, 38500, 97.47
BFINVEST, EQ, 09-Sep-2026, 451.15, 448.00, 455.50, 448.00, 450.00, 449.70, 450.84, 12979, 58.52, 794, 7111, 54.79
BFSI, EQ, 09-Sep-2026, 26.78, 26.88, 26.88, 26.42, 26.45, 26.47, 26.54, 283798, 75.32, 1297, 141462, 49.85
BFUTILITIE, EQ, 09-Sep-2026, 526.55, 527.60, 537.80, 520.10, 520.10, 521.85, 524.37, 43773, 229.53, 1850, 14782, 33.77
BGRENERGY, BE, 09-Sep-2026, 257.06, 258.80, 260.00, 248.00, 248.40, 248.87, 251.67, 24453, 61.54, 352, -, -
BHADORA, ST, 09-Sep-2026, 114.60, 115.00, 119.80, 113.00, 119.80, 119.45, 117.42, 49200, 57.77, 33, 45600, 92.68
BHAGCHEM, EQ, 09-Sep-2026, 259.05, 258.00, 265.95, 256.60, 265.00, 262.55, 262.54, 43494, 114.19, 1123, 22281, 51.23
BHAGERIA, BE, 09-Sep-2026, 335.80, 339.00, 342.00, 319.05, 319.05, 319.05, 322.57, 167841, 541.41, 1346, -, -
BHAGYANGR, EQ, 09-Sep-2026, 392.05, 398.95, 411.65, 391.00, 411.65, 411.65, 403.56, 471785, 1903.94, 8715, 180930, 38.35
BHANDARI, EQ, 09-Sep-2026, 3.01, 3.05, 3.05, 2.92, 3.01, 3.00, 3.01, 203925, 6.13, 334, 140931, 69.11
BHARATCOAL, EQ, 09-Sep-2026, 33.51, 34.00, 34.50, 33.59, 33.75, 33.79, 34.02, 5615661, 1910.38, 15998, 1826732, 32.53
BHARATFORG, EQ, 09-Sep-2026, 2003.70, 1995.50, 2005.00, 1970.50, 1979.60, 1979.60, 1981.60, 522619, 10356.20, 23915, 230274, 44.06
BHARATGEAR, BE, 09-Sep-2026, 102.78, 101.60, 103.45, 101.11, 101.40, 101.75, 102.18, 12062, 12.32, 150, -, -
BHARATRAS, EQ, 09-Sep-2026, 1159.50, 1159.80, 1175.00, 1154.00, 1165.10, 1167.00, 1166.68, 7263, 84.74, 1335, 3156, 43.45
BHARATSE, EQ, 09-Sep-2026, 226.85, 227.49, 227.84, 221.01, 222.00, 222.00, 223.20, 65367, 145.90, 2074, 33766, 51.66
BHARATWIRE, EQ, 09-Sep-2026, 176.19, 176.00, 177.88, 170.23, 172.42, 171.84, 173.56, 154260, 267.74, 3139, 97996, 63.53
BHARTIARTL, EQ, 09-Sep-2026, 1844.00, 1830.50, 1834.80, 1813.00, 1814.70, 1814.70, 1823.75, 5574027, 101656.11, 142567, 3964197, 71.12
BHARTIHEXA, EQ, 09-Sep-2026, 1549.30, 1549.30, 1562.00, 1526.10, 1543.00, 1544.80, 1543.74, 74733, 1153.68, 15059, 33861, 45.31
BHEL, EQ, 09-Sep-2026, 422.15, 422.15, 436.00, 421.65, 433.70, 433.70, 430.93, 8487227, 36573.82, 69203, 3588374, 42.28
BI, BE, 09-Sep-2026, 96.11, 92.61, 94.00, 91.31, 92.00, 91.66, 92.26, 32476, 29.96, 181, -, -
BIGBLOC, EQ, 09-Sep-2026, 41.19, 40.70, 41.43, 40.45, 40.67, 40.82, 40.72, 33278, 13.55, 520, 23921, 71.88
BIKAJI, EQ, 09-Sep-2026, 583.70, 580.00, 584.05, 571.00, 572.00, 571.70, 573.99, 64910, 372.58, 5247, 37719, 58.11
BIKEWO, ST, 09-Sep-2026, 104.60, 109.80, 109.80, 105.00, 109.25, 108.55, 108.29, 148000, 160.28, 57, 120000, 81.08
BIL, EQ, 09-Sep-2026, 936.85, 938.40, 1124.20, 915.10, 1107.05, 1108.20, 1083.93, 191572, 2076.51, 8435, 65718, 34.30
BILVYAPAR, BE, 09-Sep-2026, 4.10, 4.05, 4.25, 4.05, 4.05, 4.05, 4.06, 2596, 0.11, 13, -, -
BIMETAL, EQ, 09-Sep-2026, 612.50, 612.65, 655.50, 611.00, 650.00, 650.00, 646.97, 2520, 16.30, 77, 2485, 98.61
BIOCON, EQ, 09-Sep-2026, 392.30, 394.00, 403.95, 393.00, 395.00, 395.00, 397.86, 10271402, 40866.22, 123485, 3865533, 37.63
BIOFILCHEM, EQ, 09-Sep-2026, 31.52, 32.15, 32.15, 31.26, 31.37, 31.46, 31.56, 7167, 2.26, 153, 5310, 74.09
BIOPOL, SM, 09-Sep-2026, 47.30, 47.50, 47.55, 44.95, 44.95, 44.95, 45.59, 46800, 21.34, 36, 32400, 69.23
BIRDYS, SM, 09-Sep-2026, 86.20, 81.95, 89.90, 81.95, 89.90, 89.90, 86.62, 3600, 3.12, 3, 0, 0.00
BIRET, RR, 09-Sep-2026, 341.89, 341.50, 342.00, 340.55, 340.80, 341.07, 341.33, 219985, 750.87, 5124, 201194, 91.46
BIRLACABLE, EQ, 09-Sep-2026, 339.90, 326.00, 356.85, 326.00, 356.85, 356.85, 345.98, 1334884, 4618.49, 10302, 466549, 34.95
BIRLACORPN, EQ, 09-Sep-2026, 854.30, 861.15, 861.15, 832.10, 834.00, 836.90, 843.75, 82083, 692.57, 5749, 52797, 64.32
BIRLAMONEY, EQ, 09-Sep-2026, 124.85, 126.00, 126.98, 122.62, 123.93, 123.25, 123.56, 35673, 44.08, 795, 21919, 61.44
BIRLANU, EQ, 09-Sep-2026, 1433.20, 1430.00, 1432.80, 1394.00, 1406.00, 1407.80, 1413.66, 6435, 90.97, 722, 3984, 61.91
BIRLAPREC, BE, 09-Sep-2026, 54.50, 54.11, 57.00, 51.78, 56.16, 56.48, 54.59, 147033, 80.26, 639, -, -
BLACKBUCK, EQ, 09-Sep-2026, 573.40, 600.40, 600.50, 577.65, 579.80, 580.05, 584.25, 1125030, 6572.97, 73054, 566137, 50.32
BLACKROSE, BE, 09-Sep-2026, 112.27, 112.75, 112.75, 110.80, 112.45, 112.02, 111.76, 13351, 14.92, 156, -, -
BLAL, EQ, 09-Sep-2026, 161.92, 163.40, 163.45, 160.00, 160.50, 161.34, 161.75, 14801, 23.94, 441, 9998, 67.55
BLBLIMITED, EQ, 09-Sep-2026, 16.88, 16.90, 17.01, 16.42, 16.45, 16.50, 16.58, 102796, 17.05, 272, 91317, 88.83
BLEL, EQ, 09-Sep-2026, 451.05, 452.00, 465.80, 451.15, 458.50, 456.75, 460.02, 1056205, 4858.78, 20208, 307758, 29.14
BLIL, EQ, 09-Sep-2026, 72.43, 72.35, 72.43, 71.50, 72.12, 72.01, 71.97, 123875, 89.15, 1412, 93902, 75.80
BLISSGVS, BE, 09-Sep-2026, 722.30, 722.30, 725.00, 690.10, 705.00, 692.85, 702.72, 344600, 2421.59, 5203, -, -
BLKASHYAP, EQ, 09-Sep-2026, 56.80, 56.80, 57.52, 55.00, 55.30, 55.41, 55.84, 428673, 239.36, 3153, 222389, 51.88
BLS, EQ, 09-Sep-2026, 237.70, 237.60, 239.02, 235.11, 236.60, 236.45, 236.69, 589949, 1396.33, 12836, 266322, 45.14
BLSE, EQ, 09-Sep-2026, 322.05, 322.05, 328.50, 318.15, 319.30, 320.60, 324.10, 178708, 579.20, 4410, 64943, 36.34
BLUECLOUDS, EQ, 09-Sep-2026, 19.75, 19.89, 19.89, 19.55, 19.75, 19.70, 19.67, 722640, 142.15, 1886, 352227, 48.74
BLUECOAST, EQ, 09-Sep-2026, 22.10, 22.21, 23.00, 21.40, 22.50, 22.50, 22.14, 811, 0.18, 18, 560, 69.05
BLUEDART, EQ, 09-Sep-2026, 4987.20, 4962.30, 4975.60, 4920.00, 4920.00, 4928.40, 4938.37, 5343, 263.86, 1575, 2505, 46.88
BLUEJET, EQ, 09-Sep-2026, 581.50, 580.10, 584.00, 573.00, 573.65, 575.30, 578.18, 216832, 1253.68, 10008, 110513, 50.97
BLUEPEBBLE, SM, 09-Sep-2026, 76.60, 79.95, 80.00, 77.00, 78.00, 78.70, 79.11, 4400, 3.48, 11, 3600, 81.82
BLUESTARCO, EQ, 09-Sep-2026, 1460.90, 1462.00, 1470.50, 1432.30, 1456.90, 1456.90, 1460.69, 714546, 10437.29, 23251, 437452, 61.22
BLUESTONE, EQ, 09-Sep-2026, 868.70, 868.70, 881.25, 831.10, 873.00, 874.40, 864.57, 1010562, 8737.06, 41374, 338592, 33.51
BLUEWATER, ST, 09-Sep-2026, 471.15, 450.00, 469.95, 447.60, 447.60, 447.60, 449.78, 16000, 71.96, 12, 15000, 93.75
BLUSPRING, EQ, 09-Sep-2026, 123.61, 123.00, 134.90, 120.75, 130.70, 130.52, 130.50, 661581, 863.38, 8161, 212526, 32.12
BMETRICS, SM, 09-Sep-2026, 33.65, 34.45, 35.95, 34.45, 35.95, 35.95, 35.43, 4800, 1.70, 6, 4800, 100.00
BMLL, SM, 09-Sep-2026, 159.65, 158.00, 162.00, 158.00, 160.40, 160.45, 160.28, 23000, 36.86, 19, 18000, 78.26
BMWVENTLTD, EQ, 09-Sep-2026, 54.80, 54.99, 54.99, 54.00, 54.18, 54.18, 54.23, 62136, 33.69, 1074, 36546, 58.82
BNALTD, BE, 09-Sep-2026, 375.00, 393.70, 393.70, 389.90, 389.90, 389.90, 390.08, 28, 0.11, 6, -, -
BNKETFAXIS, EQ, 09-Sep-2026, 585.23, 584.44, 586.13, 583.11, 583.28, 583.14, 583.58, 2147, 12.53, 74, 1128, 52.54
BODALCHEM, EQ, 09-Sep-2026, 184.05, 186.40, 189.68, 174.85, 174.85, 174.85, 180.75, 3521966, 6366.06, 23302, 1610861, 45.74
BOHRAIND, EQ, 09-Sep-2026, 13.00, 13.15, 13.15, 12.75, 13.00, 13.00, 13.00, 15627, 2.03, 29, 12129, 77.62
BOMDYEING, EQ, 09-Sep-2026, 114.27, 113.90, 113.90, 112.60, 112.80, 112.86, 113.08, 293411, 331.79, 2965, 143638, 48.95
BONLON, EQ, 09-Sep-2026, 40.88, 41.08, 41.79, 40.10, 40.65, 40.10, 40.36, 4935, 1.99, 241, 2129, 43.14
BORANA, EQ, 09-Sep-2026, 319.95, 314.20, 319.05, 313.05, 318.00, 316.20, 316.42, 8005, 25.33, 408, 3671, 45.86
BOROLTD, EQ, 09-Sep-2026, 255.54, 254.00, 256.70, 252.14, 255.08, 255.46, 254.50, 73476, 186.99, 1677, 43406, 59.08
BORORENEW, EQ, 09-Sep-2026, 503.35, 503.80, 511.90, 498.90, 502.25, 501.95, 504.61, 587336, 2963.74, 14603, 316892, 53.95
BOROSCI, EQ, 09-Sep-2026, 129.63, 129.25, 130.54, 126.99, 127.23, 127.19, 127.90, 30256, 38.70, 629, 21273, 70.31
BOSCH-HCIL, EQ, 09-Sep-2026, 1794.00, 1769.30, 1838.00, 1769.30, 1795.00, 1780.30, 1794.47, 31513, 565.49, 4303, 14952, 47.45
BOSCHLTD, EQ, 09-Sep-2026, 48785.00, 48475.00, 49100.00, 48360.00, 49100.00, 49100.00, 48749.93, 28278, 13785.50, 10001, 16454, 58.19
BOSS, SM, 09-Sep-2026, 58.95, 58.00, 60.00, 56.10, 60.00, 58.40, 58.18, 24000, 13.96, 10, 20000, 83.33
BPCL, EQ, 09-Sep-2026, 303.85, 300.15, 306.50, 298.65, 303.55, 303.55, 303.66, 4492551, 13642.01, 59193, 2313780, 51.50
BPL, EQ, 09-Sep-2026, 48.65, 48.67, 48.84, 47.30, 48.01, 48.03, 48.23, 33481, 16.15, 727, 16203, 48.39
BPLPHARMA, EQ, 09-Sep-2026, 1568.80, 1570.00, 1582.50, 1500.00, 1550.00, 1518.60, 1549.19, 1692, 26.21, 166, 1430, 84.52
BRACEPORT, SM, 09-Sep-2026, 55.95, 53.65, 57.60, 53.60, 54.00, 54.00, 54.71, 6400, 3.50, 4, 6400, 100.00
BRAHMINFRA, EQ, 09-Sep-2026, 159.13, 155.70, 159.59, 155.70, 159.57, 157.11, 156.81, 11358, 17.81, 279, 8141, 71.68
BRANDMAN, SM, 09-Sep-2026, 172.35, 174.00, 175.95, 171.30, 171.30, 171.65, 173.13, 12800, 22.16, 16, 9600, 75.00
BRIGADE, EQ, 09-Sep-2026, 687.00, 687.00, 689.30, 656.30, 657.90, 662.90, 668.15, 347995, 2325.14, 18850, 154359, 44.36
BRIGHOTEL, EQ, 09-Sep-2026, 57.14, 57.01, 57.15, 56.22, 56.30, 56.43, 56.47, 105118, 59.36, 2183, 80745, 76.81
BRIGHTBR, EQ, 09-Sep-2026, 259.25, 260.00, 263.95, 252.00, 263.00, 261.70, 257.15, 452, 1.16, 16, 422, 93.36
BRITANNIA, EQ, 09-Sep-2026, 5064.00, 5064.00, 5113.00, 5023.00, 5090.00, 5090.00, 5072.59, 190380, 9657.20, 16431, 89664, 47.10
BRNL, EQ, 09-Sep-2026, 17.12, 17.00, 17.12, 16.50, 16.75, 16.78, 16.82, 30372, 5.11, 339, 24824, 81.73
BROOKS, EQ, 09-Sep-2026, 63.30, 64.61, 65.50, 61.15, 63.05, 62.99, 63.45, 17284, 10.97, 358, 9926, 57.43
BSE, EQ, 09-Sep-2026, 3394.00, 3301.00, 3319.90, 3268.20, 3289.80, 3289.80, 3291.32, 4365902, 143695.67, 192407, 1750130, 40.09
BSE500IETF, EQ, 09-Sep-2026, 39.19, 39.19, 40.65, 38.90, 39.08, 39.07, 39.05, 93731, 36.60, 1139, 76146, 81.24
BSHSL, EQ, 09-Sep-2026, 91.17, 91.17, 93.00, 89.10, 89.10, 89.42, 90.33, 3534, 3.19, 140, 1962, 55.52
BSL, EQ, 09-Sep-2026, 123.33, 125.99, 125.99, 122.98, 123.02, 123.25, 124.09, 1297, 1.61, 43, 833, 64.23
BSLGOLDETF, EQ, 09-Sep-2026, 133.97, 133.78, 135.00, 133.12, 135.00, 133.98, 133.88, 250162, 334.92, 1824, 174894, 69.91
BSLNIFTY, EQ, 09-Sep-2026, 27.88, 28.57, 28.57, 27.57, 27.60, 27.61, 27.63, 1399208, 386.59, 4296, 1196009, 85.48
BSLSENETFG, EQ, 09-Sep-2026, 76.54, 76.56, 78.00, 75.67, 75.67, 76.07, 75.89, 6613, 5.02, 166, 6068, 91.76
BSOFT, EQ, 09-Sep-2026, 281.65, 279.85, 279.85, 276.10, 277.20, 277.20, 277.77, 945788, 2627.16, 21164, 521571, 55.15
BTML, EQ, 09-Sep-2026, 8.02, 8.06, 8.20, 7.77, 7.85, 7.87, 7.90, 126755, 10.01, 320, 81201, 64.06
BTTL, BE, 09-Sep-2026, 42.36, 43.21, 43.21, 40.65, 43.00, 42.29, 41.53, 5066, 2.10, 34, -, -
BUILDPRO, EQ, 09-Sep-2026, 1301.10, 1300.00, 1314.90, 1294.00, 1309.90, 1302.70, 1305.72, 36344, 474.55, 2536, 25477, 70.10
BULKCORP, ST, 09-Sep-2026, 83.90, 84.00, 87.95, 84.00, 87.95, 85.30, 85.32, 3600, 3.07, 3, 3600, 100.00
BURNPUR, BE, 09-Sep-2026, 19.47, 18.50, 18.50, 18.50, 18.50, 18.50, 18.50, 7974, 1.48, 97, -, -
BUTTERFLY, EQ, 09-Sep-2026, 614.55, 614.15, 620.00, 610.05, 620.00, 616.30, 614.97, 8492, 52.22, 807, 5552, 65.38
BVCL, EQ, 09-Sep-2026, 42.68, 42.99, 48.00, 42.28, 43.80, 44.02, 45.29, 205940, 93.28, 1519, 87632, 42.55
BYKE, BE, 09-Sep-2026, 31.90, 31.75, 32.73, 31.05, 32.73, 32.11, 31.64, 20500, 6.49, 118, -, -
C2C, SM, 09-Sep-2026, 212.90, 212.50, 223.50, 212.50, 218.00, 218.30, 216.93, 104400, 226.47, 474, 71400, 68.39
CALSOFT, BE, 09-Sep-2026, 37.00, 35.15, 35.15, 35.15, 35.15, 35.15, 35.15, 80779, 28.39, 239, -, -
CAMLINFINE, EQ, 09-Sep-2026, 104.15, 104.15, 105.30, 102.84, 103.70, 103.80, 103.93, 399410, 415.11, 4709, 184524, 46.20
CAMPUS, EQ, 09-Sep-2026, 216.81, 217.00, 218.00, 214.50, 214.55, 214.86, 215.77, 324376, 699.92, 7114, 170085, 52.43
CAMS, EQ, 09-Sep-2026, 729.50, 729.00, 730.00, 711.20, 715.00, 715.00, 716.98, 1556690, 11161.13, 34886, 792214, 50.89
CANARYS, SM, 09-Sep-2026, 24.90, 24.25, 25.30, 23.40, 23.40, 23.40, 24.04, 44000, 10.58, 10, 36000, 81.82
CANBK, EQ, 09-Sep-2026, 124.68, 124.42, 125.38, 124.04, 124.08, 124.08, 124.72, 9338510, 11647.45, 48799, 4721080, 50.55
CANFINHOME, EQ, 09-Sep-2026, 797.60, 797.60, 804.65, 785.00, 786.75, 786.90, 793.90, 225807, 1792.69, 13692, 134534, 59.58
CANHLIFE, EQ, 09-Sep-2026, 154.16, 153.50, 154.12, 148.10, 148.60, 149.49, 150.35, 641692, 964.79, 11729, 355040, 55.33
CANTABIL, EQ, 09-Sep-2026, 236.87, 236.87, 240.90, 233.50, 237.80, 238.80, 237.35, 127507, 302.64, 2116, 80812, 63.38
CAPACITE, EQ, 09-Sep-2026, 199.72, 199.72, 200.58, 194.90, 199.75, 199.59, 197.17, 444240, 875.93, 7188, 210144, 47.30
CAPILLARY, EQ, 09-Sep-2026, 460.55, 461.75, 462.90, 438.15, 460.50, 460.30, 452.63, 419478, 1898.68, 16614, 185064, 44.12
CAPINVIT, IV, 09-Sep-2026, 75.88, 76.00, 76.97, 75.79, 75.87, 75.84, 76.13, 335291, 255.24, 1936, 276366, 82.43
CAPITALSFB, EQ, 09-Sep-2026, 277.00, 280.00, 280.95, 276.45, 280.15, 279.40, 279.06, 14170, 39.54, 754, 9471, 66.84
CAPLIPOINT, EQ, 09-Sep-2026, 2770.10, 2789.90, 2798.90, 2707.70, 2713.10, 2723.10, 2739.03, 117200, 3210.14, 14585, 51045, 43.55
CAPTRUST, BE, 09-Sep-2026, 19.47, 19.50, 19.50, 18.50, 19.09, 18.92, 18.75, 36907, 6.92, 130, -, -
CARBORUNIV, EQ, 09-Sep-2026, 1095.90, 1106.00, 1106.00, 1080.70, 1093.00, 1094.10, 1090.30, 86399, 942.01, 8528, 37122, 42.97
CARERATING, EQ, 09-Sep-2026, 1721.10, 1735.70, 1737.00, 1705.10, 1728.90, 1724.60, 1721.13, 27226, 468.59, 5401, 13960, 51.27
CARRARO, EQ, 09-Sep-2026, 538.85, 542.80, 542.80, 533.65, 538.80, 538.85, 538.05, 48909, 263.16, 3366, 25799, 52.75
CARTRADE, EQ, 09-Sep-2026, 3176.70, 3157.40, 3167.40, 3011.00, 3019.00, 3027.10, 3070.82, 261277, 8023.35, 31218, 109845, 42.04
CARYSIL, EQ, 09-Sep-2026, 1155.00, 1163.50, 1188.90, 1156.00, 1181.60, 1180.30, 1175.40, 113525, 1334.38, 7943, 62938, 55.44
CASHIETF, EQ, 09-Sep-2026, 1078.61, 1078.74, 1078.76, 1078.74, 1078.74, 1078.74, 1078.74, 503338, 5429.72, 163, 449738, 89.35
CASTROLIND, EQ, 09-Sep-2026, 189.46, 188.96, 189.90, 188.30, 189.00, 189.16, 189.17, 2950116, 5580.66, 27433, 2170015, 73.56
CCAVENUE, EQ, 09-Sep-2026, 15.36, 15.33, 15.60, 15.20, 15.36, 15.41, 15.38, 7132901, 1096.82, 9892, 3120061, 43.74
CCCL, EQ, 09-Sep-2026, 14.09, 14.29, 14.30, 13.95, 14.18, 14.12, 14.14, 229188, 32.40, 638, 151486, 66.10
CCHHL, EQ, 09-Sep-2026, 12.69, 12.70, 12.99, 12.41, 12.45, 12.59, 12.62, 12691, 1.60, 170, 8372, 65.97
CCL, EQ, 09-Sep-2026, 1130.60, 1130.00, 1130.00, 1094.10, 1101.10, 1104.70, 1105.35, 136573, 1509.61, 13004, 72402, 53.01
CDSL, EQ, 09-Sep-2026, 1400.00, 1393.00, 1393.00, 1360.00, 1368.60, 1368.60, 1371.82, 1314059, 18026.49, 41275, 478497, 36.41
CEATLTD, EQ, 09-Sep-2026, 3313.20, 3302.00, 3333.50, 3281.00, 3291.80, 3293.20, 3301.85, 61898, 2043.78, 11532, 30268, 48.90
CEDAAR, ST, 09-Sep-2026, 13.30, 12.75, 13.10, 12.70, 13.10, 13.10, 12.85, 3000, 0.39, 3, 3000, 100.00
CEIGALL, EQ, 09-Sep-2026, 374.85, 377.00, 380.00, 369.00, 376.30, 376.40, 374.14, 243135, 909.68, 6145, 121210, 49.85
CEINSYS, EQ, 09-Sep-2026, 702.20, 703.25, 710.45, 685.25, 686.10, 688.10, 694.08, 26064, 180.91, 2052, 15889, 60.96
CELEBRITY, EQ, 09-Sep-2026, 6.74, 6.84, 6.84, 6.53, 6.79, 6.71, 6.71, 8695, 0.58, 57, 6582, 75.70
CELLECOR, SM, 09-Sep-2026, 31.75, 31.95, 32.40, 31.70, 31.80, 31.75, 31.98, 108000, 34.54, 22, 87000, 80.56
CELLO, EQ, 09-Sep-2026, 343.95, 344.25, 344.90, 336.45, 337.25, 337.40, 339.35, 252463, 856.75, 8348, 131636, 52.14
CELLPOINT, SM, 09-Sep-2026, 15.00, 15.20, 15.20, 15.20, 15.20, 15.20, 15.20, 4800, 0.73, 2, 4800, 100.00
CEMNTGROWW, EQ, 09-Sep-2026, 14.38, 14.54, 14.54, 14.25, 14.33, 14.33, 14.30, 131074, 18.74, 542, 81524, 62.20
CEMPRO, EQ, 09-Sep-2026, 1285.10, 1290.00, 1297.00, 1265.00, 1272.60, 1269.10, 1278.20, 210880, 2695.47, 12946, 127179, 60.31
CENTENKA, EQ, 09-Sep-2026, 589.20, 593.70, 596.95, 566.20, 573.00, 570.80, 575.26, 131150, 754.45, 5075, 60669, 46.26
CENTEXT, EQ, 09-Sep-2026, 21.39, 21.55, 21.98, 21.05, 21.94, 21.94, 21.56, 645624, 139.17, 1555, 474180, 73.45
CENTRALBK, EQ, 09-Sep-2026, 30.96, 30.78, 30.88, 30.54, 30.60, 30.58, 30.69, 4467951, 1371.07, 15966, 2485080, 55.62
CENTRUM, EQ, 09-Sep-2026, 22.57, 22.58, 22.63, 22.07, 22.50, 22.40, 22.26, 151636, 33.75, 275, 110210, 72.68
CENTUM, EQ, 09-Sep-2026, 4287.40, 4287.90, 4450.00, 4211.00, 4225.50, 4250.50, 4347.90, 114623, 4983.69, 21481, 27863, 24.31
CENTURYPLY, EQ, 09-Sep-2026, 744.10, 746.95, 746.95, 736.50, 737.10, 738.70, 740.11, 34000, 251.64, 3219, 22972, 67.56
CERA, EQ, 09-Sep-2026, 5761.50, 5761.50, 5761.50, 5676.00, 5723.00, 5698.50, 5712.66, 4352, 248.61, 1416, 2520, 57.90
CEREBRAINT, BZ, 09-Sep-2026, 2.90, 2.90, 3.02, 2.80, 2.88, 2.86, 2.86, 87512, 2.51, 96, -, -
CESC, EQ, 09-Sep-2026, 146.05, 145.79, 153.42, 145.21, 149.75, 149.67, 150.60, 7429488, 11189.03, 54430, 2398633, 32.29
CEWATER, EQ, 09-Sep-2026, 267.00, 268.75, 284.30, 264.05, 280.00, 280.30, 277.81, 384572, 1068.39, 11158, 206808, 53.78
CFEL, EQ, 09-Sep-2026, 32.21, 32.50, 38.65, 32.05, 38.65, 38.65, 37.30, 147540, 55.04, 1210, 97079, 65.80
CGCL, EQ, 09-Sep-2026, 270.75, 270.00, 274.10, 267.90, 272.45, 272.40, 270.90, 3036249, 8225.07, 26196, 1098853, 36.19
CGPOWER, EQ, 09-Sep-2026, 910.70, 910.70, 930.55, 910.00, 926.95, 926.95, 922.86, 3454657, 31881.78, 71086, 1623023, 46.98
CGRAPHICS, SM, 09-Sep-2026, 148.00, 148.10, 148.10, 143.00, 144.25, 145.55, 145.71, 23200, 33.81, 26, 20000, 86.21
CGVAK, EQ, 09-Sep-2026, 146.54, 146.54, 151.99, 144.02, 148.47, 144.84, 146.19, 645, 0.94, 41, 478, 74.11
CHALET, EQ, 09-Sep-2026, 897.75, 890.00, 899.25, 885.00, 890.00, 889.70, 890.44, 87296, 777.32, 7122, 46097, 52.81
CHAMBLFERT, EQ, 09-Sep-2026, 418.65, 414.60, 417.95, 414.50, 415.60, 415.60, 415.71, 446106, 1854.49, 16523, 279337, 62.62
CHAMUNDA, SM, 09-Sep-2026, 42.50, 41.70, 41.70, 41.70, 41.70, 41.70, 41.70, 3000, 1.25, 1, 3000, 100.00
CHANDAN, SM, 09-Sep-2026, 218.40, 218.00, 218.00, 208.60, 209.00, 209.20, 212.02, 28000, 59.37, 35, 20000, 71.43
CHAVDA, SM, 09-Sep-2026, 124.25, 124.25, 124.25, 124.25, 124.25, 124.25, 124.25, 1000, 1.24, 1, 1000, 100.00
CHEMBOND, EQ, 09-Sep-2026, 197.72, 204.60, 236.80, 200.50, 221.30, 220.36, 225.68, 338501, 763.94, 8599, 91138, 26.92
CHEMBONDCH, BE, 09-Sep-2026, 259.95, 259.95, 265.95, 250.00, 251.00, 251.75, 259.86, 12707, 33.02, 198, -, -
CHEMCON, BE, 09-Sep-2026, 209.53, 212.53, 220.00, 212.00, 220.00, 220.00, 218.02, 139577, 304.30, 1505, -, -
CHEMCRUX, EQ, 09-Sep-2026, 83.52, 83.57, 84.00, 82.00, 83.80, 82.57, 82.96, 3345, 2.77, 97, 3226, 96.44
CHEMFAB, EQ, 09-Sep-2026, 354.90, 364.45, 398.15, 351.40, 378.00, 373.75, 378.69, 15562, 58.93, 1198, 7585, 48.74
CHEMICAL, EQ, 09-Sep-2026, 30.13, 30.32, 30.32, 30.02, 30.25, 30.12, 30.16, 274580, 82.82, 930, 176245, 64.19
CHEMPLASTS, EQ, 09-Sep-2026, 180.76, 180.50, 180.91, 174.12, 178.00, 176.88, 176.39, 391876, 691.22, 6599, 160957, 41.07
CHENNPETRO, EQ, 09-Sep-2026, 1457.80, 1466.50, 1619.00, 1466.00, 1596.50, 1604.40, 1566.19, 8400385, 131566.24, 249214, 1035134, 12.32
CHETANA, SM, 09-Sep-2026, 42.05, 43.95, 44.00, 42.95, 44.00, 44.00, 43.06, 65600, 28.25, 16, 56000, 85.37
CHEVIOT, EQ, 09-Sep-2026, 1214.60, 1205.30, 1224.30, 1180.10, 1185.00, 1184.90, 1197.61, 1489, 17.83, 198, 1260, 84.62
CHOICEGOLD, EQ, 09-Sep-2026, 151.01, 151.01, 151.88, 149.70, 151.19, 151.13, 150.95, 6629, 10.01, 117, 3604, 54.37
CHOICEIN, EQ, 09-Sep-2026, 753.45, 752.85, 755.40, 745.15, 751.00, 750.65, 750.61, 589501, 4424.87, 6131, 376109, 63.80
CHOLAFIN, EQ, 09-Sep-2026, 1823.40, 1828.40, 1843.40, 1809.00, 1829.00, 1829.00, 1828.20, 1079333, 19732.38, 38656, 740281, 68.59
CHOLAHLDNG, EQ, 09-Sep-2026, 1526.20, 1530.00, 1535.90, 1510.00, 1533.10, 1530.60, 1527.35, 50582, 772.56, 6264, 28481, 56.31
CIEINDIA, EQ, 09-Sep-2026, 383.40, 383.40, 386.50, 381.00, 382.95, 381.65, 383.34, 261325, 1001.77, 11341, 165712, 63.41
CIFL, EQ, 09-Sep-2026, 20.16, 20.49, 20.49, 19.90, 19.98, 20.12, 20.12, 95857, 19.29, 637, 66035, 68.89
CINELINE, EQ, 09-Sep-2026, 95.39, 95.01, 97.35, 93.01, 94.01, 93.96, 94.20, 26990, 25.43, 629, 19584, 72.56
CINEVISTA, EQ, 09-Sep-2026, 14.21, 14.70, 14.70, 14.12, 14.52, 14.24, 14.40, 4924, 0.71, 52, 4612, 93.66
CIPLA, EQ, 09-Sep-2026, 1384.00, 1380.00, 1388.70, 1363.10, 1363.10, 1363.10, 1372.65, 818773, 11238.92, 70667, 537387, 65.63
CITIUSINVT, IV, 09-Sep-2026, 116.08, 116.40, 116.40, 115.52, 115.71, 115.59, 115.99, 31071, 36.04, 126, 29892, 96.21
CKKRETAIL, SM, 09-Sep-2026, 150.05, 148.00, 148.00, 148.00, 148.00, 148.00, 148.00, 800, 1.18, 1, 800, 100.00
CLASSICEIL, SM, 09-Sep-2026, 56.00, 57.50, 58.80, 57.50, 58.80, 58.80, 58.43, 40000, 23.37, 22, 36800, 92.00
CLAYCRAFT, SM, 09-Sep-2026, 150.90, 153.40, 154.10, 150.50, 151.00, 150.85, 151.80, 52200, 79.24, 75, 35400, 67.82
CLEAN, EQ, 09-Sep-2026, 830.25, 831.60, 834.30, 821.00, 826.50, 825.70, 827.31, 162108, 1341.13, 12362, 80545, 49.69
CLEANMAX, EQ, 09-Sep-2026, 1399.20, 1390.00, 1433.90, 1380.80, 1400.00, 1397.60, 1405.22, 152405, 2141.63, 15223, 57175, 37.52
CLEDUCATE, EQ, 09-Sep-2026, 59.11, 58.50, 60.15, 57.25, 57.72, 58.74, 58.92, 7604, 4.48, 117, 5671, 74.58
CLSEL, EQ, 09-Sep-2026, 305.65, 308.50, 315.70, 303.10, 306.80, 305.20, 307.88, 117675, 362.30, 3982, 55295, 46.99
CMLL, EQ, 09-Sep-2026, 484.35, 487.00, 493.40, 481.35, 487.00, 486.30, 486.87, 245505, 1195.30, 8384, 104953, 42.75
CMNL, SM, 09-Sep-2026, 118.00, 116.70, 117.70, 116.00, 117.70, 117.70, 116.91, 5250, 6.14, 6, 5250, 100.00
CMPDI, EQ, 09-Sep-2026, 236.85, 236.85, 237.75, 229.50, 229.99, 230.88, 232.14, 1530570, 3553.05, 14059, 1022066, 66.78
CMRGREEN, EQ, 09-Sep-2026, 222.16, 222.90, 223.70, 216.04, 217.50, 217.29, 218.79, 376008, 822.67, 7277, 198637, 52.83
CMSINFO, EQ, 09-Sep-2026, 236.58, 236.00, 236.00, 228.50, 232.45, 231.25, 231.21, 1394473, 3224.18, 25736, 792720, 56.85
CNL, EQ, 09-Sep-2026, 1149.20, 1194.80, 1194.80, 1130.00, 1134.00, 1141.40, 1157.66, 16131, 186.74, 1912, 9261, 57.41
COALINDIA, EQ, 09-Sep-2026, 420.25, 420.85, 435.35, 419.80, 431.00, 431.00, 432.41, 22791556, 98553.61, 174811, 11138139, 48.87
COASTCORP, EQ, 09-Sep-2026, 40.69, 40.96, 41.04, 40.01, 41.00, 40.55, 40.65, 40320, 16.39, 287, 27300, 67.71
COCHINSHIP, EQ, 09-Sep-2026, 1528.20, 1528.20, 1562.00, 1502.10, 1556.00, 1556.00, 1539.43, 1253871, 19302.51, 35583, 500840, 39.94
COCKERILL, EQ, 09-Sep-2026, 8325.50, 8305.50, 8361.00, 8105.00, 8115.00, 8140.00, 8233.66, 3989, 328.44, 1009, 1911, 47.91
COFFEEDAY, EQ, 09-Sep-2026, 34.24, 35.20, 35.34, 32.52, 33.12, 33.15, 33.55, 1715870, 575.65, 5579, 883404, 51.48
COFORGE, EQ, 09-Sep-2026, 1950.00, 1815.50, 1877.60, 1780.70, 1845.00, 1845.00, 1841.93, 10837239, 199614.63, 365377, 4965420, 45.82
COHANCE, EQ, 09-Sep-2026, 451.60, 453.85, 455.20, 436.25, 442.60, 443.35, 441.02, 1415841, 6244.19, 28687, 901702, 63.69
COLPAL, EQ, 09-Sep-2026, 1819.90, 1815.00, 1815.00, 1789.80, 1800.00, 1800.00, 1798.73, 518477, 9326.00, 36350, 342135, 65.99
COMFINTE, EQ, 09-Sep-2026, 6.11, 6.19, 6.19, 6.04, 6.14, 6.13, 6.12, 106634, 6.53, 284, 71261, 66.83
COMMOIETF, EQ, 09-Sep-2026, 98.68, 98.68, 99.94, 98.54, 98.82, 99.31, 99.51, 29312, 29.17, 2117, 17481, 59.64
COMPEAU, EQ, 09-Sep-2026, 369.00, 361.05, 368.00, 355.00, 362.00, 364.65, 366.56, 1168, 4.28, 32, 1011, 86.56
COMPINFO, BZ, 09-Sep-2026, 1.01, 1.03, 1.06, 1.03, 1.04, 1.04, 1.06, 6309, 0.07, 20, -, -
COMPUSOFT, EQ, 09-Sep-2026, 13.15, 13.20, 13.28, 13.10, 13.27, 13.21, 13.19, 7177, 0.95, 83, 6907, 96.24
COMSYN, EQ, 09-Sep-2026, 301.85, 305.30, 307.00, 298.30, 299.10, 301.15, 300.06, 618722, 1856.56, 3562, 367796, 59.44
CONCOR, EQ, 09-Sep-2026, 502.00, 502.00, 512.45, 499.50, 510.00, 510.00, 507.98, 1057889, 5373.90, 15927, 458006, 43.29
CONCORDBIO, EQ, 09-Sep-2026, 1470.50, 1474.00, 1479.80, 1447.60, 1473.50, 1464.50, 1462.82, 140985, 2062.36, 32340, 79361, 56.29
CONFIPET, EQ, 09-Sep-2026, 82.49, 82.98, 91.30, 82.98, 90.02, 90.66, 88.81, 15689882, 13933.93, 76396, 6224535, 39.67
CONNPLEX, SM, 09-Sep-2026, 250.00, 254.00, 272.00, 254.00, 265.00, 266.40, 263.77, 158400, 417.81, 173, 116800, 73.74
CONS, EQ, 09-Sep-2026, 11.88, 11.88, 11.94, 11.85, 11.92, 11.90, 11.90, 31578, 3.76, 112, 24685, 78.17
CONSOFINVT, BE, 09-Sep-2026, 317.45, 315.00, 315.00, 301.60, 304.00, 305.05, 304.91, 9735, 29.68, 124, -, -
CONSUMAXIS, EQ, 09-Sep-2026, 119.07, 121.00, 121.00, 118.85, 119.12, 119.12, 119.33, 545, 0.65, 16, 480, 88.07
CONSUMBEES, EQ, 09-Sep-2026, 129.15, 129.15, 129.99, 128.45, 129.24, 128.84, 128.76, 62177, 80.06, 1016, 37265, 59.93
CONSUMER, EQ, 09-Sep-2026, 11.98, 12.19, 12.19, 11.88, 11.90, 11.90, 11.93, 302910, 36.13, 388, 217081, 71.67
CONSUMIETF, EQ, 09-Sep-2026, 119.96, 119.82, 120.00, 118.23, 120.00, 119.01, 119.38, 22580, 26.96, 240, 15267, 67.61
CONTROLPR, EQ, 09-Sep-2026, 593.30, 587.70, 592.65, 582.50, 583.00, 587.40, 586.85, 18172, 106.64, 1208, 12454, 68.53
COOLCAPS, ST, 09-Sep-2026, 25.20, 25.00, 26.25, 25.00, 25.75, 25.30, 25.33, 125000, 31.66, 72, 112500, 90.00
CORALFINAC, EQ, 09-Sep-2026, 32.58, 33.40, 33.40, 31.53, 32.41, 32.69, 32.14, 42237, 13.57, 599, 24199, 57.29
CORDELIA, EQ, 09-Sep-2026, 106.72, 106.62, 108.77, 103.73, 104.17, 104.25, 106.18, 1243173, 1319.98, 10604, 490661, 39.47
CORDSCABLE, EQ, 09-Sep-2026, 372.75, 379.70, 394.90, 341.60, 363.00, 362.65, 375.69, 1551687, 5829.56, 33328, 350451, 22.59
COROMANDEL, EQ, 09-Sep-2026, 1951.10, 1946.10, 1967.60, 1918.10, 1959.40, 1962.70, 1947.43, 83551, 1627.10, 14518, 44418, 53.16
CORONA, EQ, 09-Sep-2026, 2093.20, 2175.00, 2246.90, 2150.00, 2206.00, 2197.20, 2203.01, 262842, 5790.43, 26173, 47287, 17.99
COSMOFIRST, EQ, 09-Sep-2026, 909.15, 909.15, 914.90, 899.80, 908.40, 906.75, 907.40, 48300, 438.27, 3137, 22778, 47.16
COUNCODOS, BE, 09-Sep-2026, 6.51, 6.57, 6.57, 6.31, 6.52, 6.50, 6.47, 96251, 6.23, 147, -, -
CPCAP, EQ, 09-Sep-2026, 137.36, 135.05, 137.05, 133.00, 134.75, 133.60, 135.12, 30258, 40.88, 1091, 17650, 58.33
CPEDU, EQ, 09-Sep-2026, 191.35, 192.00, 195.00, 190.00, 190.00, 190.18, 190.58, 1441, 2.75, 66, 1146, 79.53
CPL, EQ, 09-Sep-2026, 66.78, 66.78, 68.49, 65.52, 67.50, 67.81, 67.23, 133934, 90.04, 711, 16220, 12.11
CPPLUS, EQ, 09-Sep-2026, 3828.80, 3850.00, 3887.20, 3703.20, 3720.00, 3746.10, 3798.34, 180329, 6849.50, 21488, 100398, 55.67
CPS, SM, 09-Sep-2026, 1195.00, 1200.00, 1200.00, 1170.00, 1191.95, 1191.95, 1197.52, 29550, 353.87, 7, 29550, 100.00
CPSEETF, EQ, 09-Sep-2026, 94.23, 94.00, 95.49, 93.24, 94.70, 94.79, 95.21, 2883640, 2745.50, 6312, 1951007, 67.66
CRAFTSMAN, EQ, 09-Sep-2026, 11406.00, 11406.00, 11999.00, 11317.00, 11980.00, 11806.00, 11650.87, 52885, 6161.56, 17974, 23148, 43.77
CRAMC, EQ, 09-Sep-2026, 242.25, 241.25, 243.60, 236.85, 238.50, 238.70, 238.57, 573528, 1368.26, 12806, 337828, 58.90
CRAVATEX, EQ, 09-Sep-2026, 317.35, 316.25, 331.95, 313.10, 331.95, 325.40, 318.80, 374, 1.19, 78, 295, 78.88
CRAYONS, SM, 09-Sep-2026, 24.00, 24.00, 25.20, 23.50, 25.20, 25.20, 24.49, 24000, 5.88, 10, 24000, 100.00
CREATIVEYE, EQ, 09-Sep-2026, 6.09, 6.19, 6.19, 6.01, 6.14, 6.13, 6.07, 4928, 0.30, 32, 4206, 85.35
CREDENT, SM, 09-Sep-2026, 315.40, 313.00, 368.80, 309.05, 356.00, 355.35, 341.40, 204000, 696.45, 259, 146400, 71.76
CREDITACC, EQ, 09-Sep-2026, 1417.10, 1417.10, 1420.30, 1390.40, 1403.00, 1396.20, 1404.51, 124234, 1744.88, 17416, 65491, 52.72
CREST, EQ, 09-Sep-2026, 362.35, 356.00, 364.20, 354.10, 357.00, 361.35, 358.04, 3154, 11.29, 168, 2041, 64.71
CRISIL, EQ, 09-Sep-2026, 4754.50, 4765.00, 4765.00, 4677.20, 4690.00, 4690.60, 4710.57, 17017, 801.60, 5100, 9936, 58.39
CRIZAC, EQ, 09-Sep-2026, 171.94, 171.94, 178.00, 168.41, 176.02, 176.04, 173.28, 420545, 728.73, 8579, 198016, 47.09
CROMPTON, EQ, 09-Sep-2026, 231.90, 229.95, 234.42, 228.57, 232.96, 232.96, 232.54, 3989754, 9277.59, 41644, 2009400, 50.36
CROWN, EQ, 09-Sep-2026, 115.58, 116.90, 117.00, 115.01, 116.70, 116.15, 116.18, 11540, 13.41, 100, 10866, 94.16
CRSL, BE, 09-Sep-2026, 2.54, 2.50, 2.66, 2.46, 2.65, 2.64, 2.55, 327296, 8.36, 624, -, -
CSBBANK, EQ, 09-Sep-2026, 312.85, 314.90, 315.90, 306.20, 315.00, 311.10, 309.80, 1000771, 3100.42, 28250, 550414, 55.00
CSLFINANCE, EQ, 09-Sep-2026, 241.85, 241.85, 246.39, 238.41, 244.10, 243.40, 242.10, 73631, 178.26, 2027, 48060, 65.27
CSM, EQ, 09-Sep-2026, 94.13, 94.95, 94.95, 92.80, 93.00, 93.31, 93.28, 46723, 43.58, 1070, 21209, 45.39
CSSL, SM, 09-Sep-2026, 94.50, 94.00, 94.95, 93.00, 93.00, 93.00, 94.37, 5000, 4.72, 5, 5000, 100.00
CTE, BE, 09-Sep-2026, 41.77, 41.78, 43.00, 41.21, 42.50, 42.55, 42.07, 3673, 1.55, 44, -, -
CUB, EQ, 09-Sep-2026, 232.97, 232.95, 235.57, 230.23, 232.00, 231.67, 232.34, 1015686, 2359.87, 20295, 357093, 35.16
CUBEINVIT, IV, 09-Sep-2026, 156.99, 157.42, 157.42, 156.50, 157.00, 156.99, 156.99, 178445, 280.14, 3909, 167480, 93.86
CUBEXTUB, EQ, 09-Sep-2026, 78.88, 79.90, 82.00, 78.33, 79.61, 79.99, 80.65, 91677, 73.94, 1605, 45344, 49.46
CUDML, SM, 09-Sep-2026, 103.45, 100.90, 110.75, 100.90, 105.00, 107.45, 105.86, 18000, 19.06, 15, 14000, 77.78
CUMMINSIND, EQ, 09-Sep-2026, 5040.00, 5020.00, 5182.50, 5020.00, 5170.50, 5170.50, 5144.67, 373017, 19190.49, 29740, 179751, 48.19
CUPID, EQ, 09-Sep-2026, 274.80, 275.40, 280.60, 265.45, 279.30, 279.70, 273.57, 26778485, 73258.86, 167975, 6477844, 24.19
CURAA, EQ, 09-Sep-2026, 78.00, 76.85, 77.40, 74.50, 75.30, 75.88, 76.08, 518, 0.39, 37, 222, 42.86
CURIS, SM, 09-Sep-2026, 198.80, 211.00, 218.65, 211.00, 218.65, 218.65, 217.42, 104000, 226.11, 93, 57000, 54.81
CURRENT, SM, 09-Sep-2026, 85.00, 83.00, 83.00, 76.10, 78.65, 78.65, 79.68, 19200, 15.30, 11, 16000, 83.33
CYBERMEDIA, BE, 09-Sep-2026, 23.92, 22.74, 22.75, 22.73, 22.75, 22.73, 22.73, 37745, 8.58, 162, -, -
CYBERTECH, BE, 09-Sep-2026, 139.26, 140.70, 142.95, 140.00, 142.95, 142.27, 141.42, 29578, 41.83, 356, -, -
CYIENT, EQ, 09-Sep-2026, 1086.30, 1066.30, 1091.60, 1058.40, 1075.40, 1075.10, 1075.65, 323893, 3483.96, 18757, 188608, 58.23
CYIENTDLM, EQ, 09-Sep-2026, 976.25, 980.00, 989.95, 932.55, 951.00, 945.65, 962.07, 749695, 7212.60, 41055, 281834, 37.59
DABUR, EQ, 09-Sep-2026, 375.00, 374.70, 374.70, 368.05, 371.55, 371.55, 370.26, 2451979, 9078.68, 39559, 1434867, 58.52
DAICHI, BE, 09-Sep-2026, 367.00, 367.00, 367.00, 348.65, 352.00, 352.00, 351.13, 2014, 7.07, 52, -, -
DALBHARAT, EQ, 09-Sep-2026, 1700.50, 1710.70, 1740.00, 1690.00, 1738.00, 1733.60, 1718.17, 41241, 708.59, 6105, 16083, 39.00
DALMIASUG, EQ, 09-Sep-2026, 450.35, 453.00, 453.00, 431.10, 432.10, 433.00, 436.50, 204730, 893.65, 6696, 106723, 52.13
DAMCAPITAL, EQ, 09-Sep-2026, 145.29, 145.20, 146.31, 144.01, 144.40, 144.87, 145.03, 225379, 326.87, 5073, 133460, 59.22
DAMODARIND, BE, 09-Sep-2026, 29.11, 29.00, 29.70, 28.00, 29.02, 29.02, 28.83, 6491, 1.87, 39, -, -
DANGEE, EQ, 09-Sep-2026, 2.88, 2.94, 2.94, 2.81, 2.83, 2.83, 2.85, 10529, 0.30, 77, 9389, 89.17
DANISH, SM, 09-Sep-2026, 851.00, 850.00, 888.90, 830.55, 877.00, 873.55, 868.82, 36900, 320.60, 205, 24150, 65.45
DATAMATICS, EQ, 09-Sep-2026, 739.00, 732.10, 790.00, 732.05, 769.95, 773.05, 768.92, 212122, 1631.05, 11602, 70414, 33.20
DATAPATTNS, EQ, 09-Sep-2026, 4932.30, 4932.50, 4999.90, 4846.00, 4911.80, 4883.20, 4909.04, 682371, 33497.87, 60989, 159123, 23.32
DAVANGERE, EQ, 09-Sep-2026, 1.93, 1.96, 2.02, 1.74, 1.74, 1.75, 1.86, 161998621, 3013.02, 44661, 59662721, 36.83
DBCORP, EQ, 09-Sep-2026, 195.30, 195.98, 195.98, 190.22, 190.30, 190.55, 191.59, 99526, 190.68, 2590, 64716, 65.02
DBEIL, EQ, 09-Sep-2026, 7.26, 7.43, 7.44, 7.16, 7.22, 7.21, 7.35, 213896, 15.71, 845, 146904, 68.68
DBL, EQ, 09-Sep-2026, 393.55, 393.15, 399.70, 391.00, 394.00, 393.00, 395.48, 82862, 327.70, 3684, 36213, 43.70
DBOL, EQ, 09-Sep-2026, 126.12, 127.50, 127.50, 122.35, 122.95, 123.12, 124.13, 186892, 231.99, 2327, 116165, 62.16
DBREALTY, EQ, 09-Sep-2026, 101.19, 102.45, 102.45, 99.01, 99.46, 99.26, 100.67, 1060583, 1067.72, 6236, 725330, 68.39
DBSTOCKBRO, BE, 09-Sep-2026, 28.41, 28.40, 28.80, 27.51, 28.62, 28.03, 28.05, 3703, 1.04, 24, -, -
DCAL, EQ, 09-Sep-2026, 173.98, 174.00, 174.29, 169.99, 170.20, 170.59, 171.56, 148123, 254.13, 2880, 89231, 60.24
DCBBANK, EQ, 09-Sep-2026, 229.55, 229.00, 231.96, 224.95, 228.77, 228.10, 228.34, 2269401, 5181.91, 27295, 615429, 27.12
DCCL, SM, 09-Sep-2026, 43.00, 42.00, 42.00, 41.00, 41.05, 41.05, 41.39, 18000, 7.45, 9, 14000, 77.78
DCG, SM, 09-Sep-2026, 74.00, 74.00, 86.65, 74.00, 84.00, 83.85, 81.24, 271200, 220.31, 203, 178800, 65.93
DCI, EQ, 09-Sep-2026, 300.75, 301.95, 302.05, 270.20, 270.30, 270.80, 275.85, 1464705, 4040.42, 20118, 716051, 48.89
DCM, BE, 09-Sep-2026, 75.06, 75.10, 76.54, 74.80, 75.00, 74.99, 75.13, 13063, 9.81, 36, -, -
DCMFINSERV, EQ, 09-Sep-2026, 5.11, 5.11, 5.33, 5.06, 5.10, 5.10, 5.11, 12518, 0.64, 124, 7049, 56.31
DCMNVL, EQ, 09-Sep-2026, 180.44, 184.00, 184.80, 172.60, 176.26, 177.00, 178.21, 24490, 43.64, 1870, 8721, 35.61
DCMSHRIRAM, EQ, 09-Sep-2026, 1008.20, 1005.00, 1014.90, 996.00, 997.10, 997.60, 1000.76, 45418, 454.53, 4422, 29457, 64.86
DCMSIL, EQ, 09-Sep-2026, 69.09, 69.44, 71.40, 68.70, 69.51, 69.78, 70.28, 48268, 33.92, 1027, 24825, 51.43
DCMSRIND, EQ, 09-Sep-2026, 43.78, 43.60, 43.89, 42.20, 42.41, 42.41, 42.77, 178527, 76.36, 1455, 103379, 57.91
DCW, EQ, 09-Sep-2026, 47.65, 47.53, 49.30, 47.39, 48.14, 48.14, 48.35, 2937582, 1420.32, 13614, 1014013, 34.52
DCXINDIA, EQ, 09-Sep-2026, 174.09, 173.01, 174.97, 170.80, 171.15, 171.27, 172.39, 273660, 471.76, 4530, 124187, 45.38
DDEVPLSTIK, EQ, 09-Sep-2026, 269.45, 268.10, 269.45, 262.95, 266.60, 265.55, 266.26, 82663, 220.10, 2269, 55700, 67.38
DECCANCE, EQ, 09-Sep-2026, 567.75, 570.55, 570.55, 565.10, 565.10, 565.50, 565.71, 4122, 23.32, 184, 2908, 70.55
DECCANTRAN, SM, 09-Sep-2026, 20.50, 20.50, 21.75, 20.50, 21.75, 21.45, 21.14, 16800, 3.55, 11, 12000, 71.43
DECNGOLD, EQ, 09-Sep-2026, 223.22, 225.00, 228.70, 216.54, 219.24, 219.36, 222.30, 1734880, 3856.64, 23012, 724794, 41.78
DEEDEV, EQ, 09-Sep-2026, 701.60, 701.60, 709.35, 668.35, 670.00, 674.75, 678.50, 340451, 2309.96, 25640, 175758, 51.63
DEEM, ST, 09-Sep-2026, 44.40, 42.25, 42.25, 42.20, 42.20, 42.20, 42.22, 3000, 1.27, 3, 3000, 100.00
DEEP, EQ, 09-Sep-2026, 35.56, 36.72, 38.00, 35.60, 36.51, 36.89, 37.29, 25981, 9.69, 299, 21593, 83.11
DEEPA, EQ, 09-Sep-2026, 194.37, 196.01, 203.80, 194.37, 202.50, 201.23, 200.15, 14453376, 28928.28, 115651, 3135754, 21.70
DEEPAKFERT, EQ, 09-Sep-2026, 1345.90, 1346.00, 1363.80, 1333.60, 1352.00, 1357.80, 1353.59, 233902, 3166.06, 16123, 105837, 45.25
DEEPAKNTR, EQ, 09-Sep-2026, 1647.80, 1647.80, 1672.00, 1630.00, 1644.00, 1641.90, 1647.27, 249150, 4104.17, 20096, 105172, 42.21
DEEPINDS, EQ, 09-Sep-2026, 818.70, 825.00, 825.00, 781.40, 794.70, 792.70, 800.06, 624713, 4998.07, 29786, 237299, 37.99
DEFENCE, EQ, 09-Sep-2026, 83.81, 84.59, 84.59, 83.13, 83.29, 83.36, 83.55, 205161, 171.42, 938, 104982, 51.17
DELAPLEX, SM, 09-Sep-2026, 107.60, 110.00, 110.60, 105.75, 110.60, 110.20, 109.40, 12600, 13.78, 21, 7800, 61.90
DELHIVERY, EQ, 09-Sep-2026, 454.90, 451.65, 454.00, 448.00, 451.20, 451.20, 450.41, 1267067, 5707.00, 25237, 671054, 52.96
DELPHIFX, BE, 09-Sep-2026, 5.95, 6.15, 6.15, 5.90, 6.00, 5.95, 5.99, 39494, 2.37, 51, -, -
DELTACORP, EQ, 09-Sep-2026, 55.44, 55.48, 55.92, 54.80, 55.01, 55.25, 55.17, 713513, 393.62, 4574, 383252, 53.71
DELTAMAGNT, EQ, 09-Sep-2026, 58.44, 57.20, 58.49, 56.66, 56.66, 57.10, 57.55, 1728, 0.99, 28, 1716, 99.31
DELTIC, SM, 09-Sep-2026, 35.85, 36.00, 36.00, 34.90, 35.90, 35.90, 35.60, 3000, 1.07, 3, 2000, 66.67
DEN, EQ, 09-Sep-2026, 27.18, 27.47, 27.70, 27.08, 27.40, 27.21, 27.21, 219114, 59.62, 1203, 117898, 53.81
DENEERS, SM, 09-Sep-2026, 174.50, 171.20, 172.90, 169.00, 170.85, 169.85, 170.26, 13200, 22.47, 19, 7800, 59.09
DENORA, EQ, 09-Sep-2026, 805.95, 806.00, 830.00, 802.00, 811.80, 805.75, 819.07, 4503, 36.88, 541, 3157, 70.11
DENTA, EQ, 09-Sep-2026, 279.65, 279.65, 296.45, 279.60, 283.55, 283.20, 289.08, 308512, 891.85, 7402, 78812, 25.55
DENTALKART, SM, 09-Sep-2026, 404.40, 418.95, 418.95, 393.25, 398.00, 399.20, 401.98, 21000, 84.41, 74, 14500, 69.05
DEVIT, EQ, 09-Sep-2026, 23.99, 23.99, 24.80, 23.60, 23.99, 23.90, 23.91, 27608, 6.60, 342, 21257, 77.00
DEVX, EQ, 09-Sep-2026, 33.75, 33.00, 33.99, 32.90, 33.80, 33.63, 33.39, 52782, 17.62, 975, 24904, 47.18
DEVYANI, EQ, 09-Sep-2026, 137.99, 137.99, 139.76, 136.61, 137.49, 137.17, 138.05, 859550, 1186.61, 29840, 349474, 40.66
DGCONTENT, EQ, 09-Sep-2026, 24.54, 24.75, 25.77, 24.55, 24.55, 24.72, 24.93, 2970, 0.74, 47, 2405, 80.98
DHABRIYA, BE, 09-Sep-2026, 515.85, 513.90, 523.00, 505.10, 520.00, 517.25, 518.09, 7900, 40.93, 187, -, -
DHAMPURSUG, EQ, 09-Sep-2026, 168.88, 169.00, 171.40, 165.51, 171.23, 170.93, 169.28, 465136, 787.39, 7008, 213858, 45.98
DHANBANK, EQ, 09-Sep-2026, 31.11, 31.11, 31.12, 30.50, 30.60, 30.68, 30.70, 304141, 93.38, 1816, 175914, 57.84
DHANLAXMI, SM, 09-Sep-2026, 23.20, 23.60, 23.60, 23.60, 23.60, 23.60, 23.60, 2000, 0.47, 1, 2000, 100.00
DHANSA, SM, 09-Sep-2026, 30.95, 31.00, 32.45, 30.50, 32.45, 32.45, 32.11, 40000, 12.84, 20, 34000, 85.00
DHANUKA, EQ, 09-Sep-2026, 994.05, 998.40, 998.40, 969.00, 970.15, 975.40, 982.65, 24199, 237.79, 1912, 14085, 58.20
DHARAN, BZ, 09-Sep-2026, 0.13, 0.14, 0.14, 0.13, 0.14, 0.13, 0.14, 9577028, 13.12, 1435, -, -
DHARARAIL, ST, 09-Sep-2026, 140.00, 145.45, 145.90, 142.00, 142.00, 142.00, 143.26, 13000, 18.62, 11, 13000, 100.00
DHARIWAL, SM, 09-Sep-2026, 26.45, 27.45, 27.75, 27.00, 27.75, 27.75, 27.60, 360000, 99.36, 99, 258000, 71.67
DHARMAJ, EQ, 09-Sep-2026, 269.75, 268.80, 272.50, 268.80, 270.25, 270.20, 270.62, 19747, 53.44, 533, 13926, 70.52
DHATRE, EQ, 09-Sep-2026, 4.69, 4.77, 5.09, 4.25, 4.45, 4.46, 4.45, 219304, 9.76, 518, 144465, 65.87
DHOOTTRANS, EQ, 09-Sep-2026, 1597.60, 1609.90, 1610.00, 1565.10, 1593.00, 1596.50, 1585.20, 1174598, 18619.78, 58087, 297543, 25.33
DHRUV, EQ, 09-Sep-2026, 23.40, 23.00, 24.05, 23.00, 23.00, 23.00, 23.28, 1944, 0.45, 36, 1723, 88.63
DHUNINV, EQ, 09-Sep-2026, 1014.50, 1016.70, 1017.15, 991.20, 998.10, 999.90, 1004.48, 675, 6.78, 102, 531, 78.67
DIACABS, BE, 09-Sep-2026, 336.25, 336.25, 340.40, 330.00, 334.60, 334.80, 335.12, 523960, 1755.90, 7544, -, -
DIAMINESQ, EQ, 09-Sep-2026, 245.07, 245.01, 254.00, 245.00, 254.00, 253.24, 250.32, 10555, 26.42, 458, 6348, 60.14
DIAMONDYD, EQ, 09-Sep-2026, 1129.30, 1128.60, 1131.40, 1113.90, 1125.00, 1123.60, 1125.33, 4765, 53.62, 553, 3073, 64.49
DICIND, EQ, 09-Sep-2026, 622.85, 635.90, 635.90, 615.00, 615.10, 617.60, 624.53, 6544, 40.87, 435, 4215, 64.41
DIFFNKG, EQ, 09-Sep-2026, 442.50, 451.00, 464.80, 436.05, 442.30, 440.55, 449.86, 301159, 1354.78, 11314, 94446, 31.36
DIGIDRIVE, EQ, 09-Sep-2026, 17.73, 18.00, 18.00, 17.26, 17.73, 17.46, 17.55, 9623, 1.69, 93, 6055, 62.92
DIGIKORE, SM, 09-Sep-2026, 39.95, 39.95, 43.00, 38.55, 39.00, 39.05, 40.43, 48400, 19.57, 85, 34800, 71.90
DIGISPICE, EQ, 09-Sep-2026, 16.91, 17.09, 17.09, 16.07, 16.29, 16.31, 16.34, 179178, 29.27, 534, 101998, 56.93
DIGITIDE, EQ, 09-Sep-2026, 93.42, 95.00, 95.00, 92.12, 93.00, 92.69, 93.55, 115088, 107.67, 1482, 55536, 48.26
DIGJAMLMTD, EQ, 09-Sep-2026, 51.78, 52.90, 53.50, 51.50, 51.50, 51.54, 52.48, 8674, 4.55, 56, 8432, 97.21
DISAQ, EQ, 09-Sep-2026, 11926.00, 11813.00, 11999.00, 11733.00, 11999.00, 11929.00, 11828.28, 330, 39.03, 177, 178, 53.94
DISHTV, EQ, 09-Sep-2026, 2.54, 2.56, 2.56, 2.48, 2.50, 2.50, 2.50, 997546, 24.98, 1324, 814586, 81.66
DIVGIITTS, EQ, 09-Sep-2026, 1189.30, 1202.60, 1202.60, 1142.10, 1149.90, 1149.60, 1159.39, 159356, 1847.56, 11324, 97159, 60.97
DIVIDEND, EQ, 09-Sep-2026, 35.24, 35.24, 35.24, 34.96, 35.08, 35.07, 35.11, 35489, 12.46, 78, 6029, 16.99
DIVINEHIRA, ST, 09-Sep-2026, 111.00, 114.50, 114.50, 108.55, 112.80, 112.80, 111.95, 3600, 4.03, 3, 1200, 33.33
DIVISLAB, EQ, 09-Sep-2026, 9575.00, 9575.00, 9615.00, 9410.00, 9488.00, 9488.00, 9486.22, 385273, 36547.85, 47522, 221602, 57.52
DIVOPPBEES, EQ, 09-Sep-2026, 75.74, 75.70, 75.70, 75.12, 75.23, 75.23, 75.33, 58069, 43.74, 977, 36084, 62.14
DIVYADHAN, ST, 09-Sep-2026, 48.90, 48.90, 48.90, 46.75, 46.75, 46.75, 48.54, 12000, 5.83, 2, 12000, 100.00
DIXON, EQ, 09-Sep-2026, 14100.00, 14100.00, 14271.00, 13773.00, 13845.00, 13845.00, 14000.78, 368566, 51602.10, 55307, 178674, 48.48
DJML, EQ, 09-Sep-2026, 76.08, 74.67, 82.90, 74.67, 82.90, 82.03, 80.99, 227969, 184.63, 3676, 90994, 39.92
DKEGL, SM, 09-Sep-2026, 66.00, 64.00, 73.00, 64.00, 73.00, 73.00, 70.73, 6000, 4.24, 4, 1500, 25.00
DLF, EQ, 09-Sep-2026, 675.10, 670.20, 672.10, 654.70, 655.10, 655.10, 666.81, 17000327, 113360.23, 66484, 11697922, 68.81
DLINKINDIA, EQ, 09-Sep-2026, 443.00, 441.10, 441.70, 435.05, 435.10, 436.05, 438.35, 48956, 214.60, 2166, 32859, 67.12
DMART, EQ, 09-Sep-2026, 3720.20, 3710.00, 3750.00, 3705.00, 3735.00, 3735.00, 3726.30, 183727, 6846.22, 17928, 98535, 53.63
DMCC, EQ, 09-Sep-2026, 290.40, 290.40, 293.80, 286.45, 286.55, 288.90, 289.66, 28914, 83.75, 1116, 18738, 64.81
DNAMEDIA, EQ, 09-Sep-2026, 2.61, 2.56, 2.60, 2.50, 2.58, 2.51, 2.54, 63545, 1.61, 150, 38747, 60.98
DODLA, EQ, 09-Sep-2026, 1081.70, 1085.00, 1116.60, 1081.80, 1088.00, 1096.90, 1096.46, 37872, 415.25, 5199, 18058, 47.68
DOLATALGO, EQ, 09-Sep-2026, 70.70, 70.37, 70.70, 69.00, 69.11, 69.38, 69.60, 76139, 52.99, 1141, 40411, 53.08
DOLLAR, EQ, 09-Sep-2026, 264.75, 263.80, 276.45, 261.15, 275.00, 273.10, 270.78, 189227, 512.39, 4681, 104622, 55.29
DOLLEX, SM, 09-Sep-2026, 38.10, 39.45, 39.90, 39.10, 39.60, 39.75, 39.54, 68000, 26.88, 17, 60000, 88.24
DOLPHIN, EQ, 09-Sep-2026, 687.75, 682.80, 714.90, 676.20, 681.55, 685.00, 693.42, 70925, 491.81, 3552, 32327, 45.58
DOMS, EQ, 09-Sep-2026, 2191.40, 2170.00, 2196.40, 2159.90, 2190.00, 2190.80, 2176.72, 157465, 3427.57, 10490, 119861, 76.12
DONEAR, EQ, 09-Sep-2026, 86.79, 89.40, 89.40, 85.01, 85.20, 85.54, 85.90, 19989, 17.17, 497, 10783, 53.94
DPABHUSHAN, EQ, 09-Sep-2026, 1411.60, 1402.80, 1411.00, 1380.00, 1391.10, 1397.70, 1389.88, 16777, 233.18, 2052, 11012, 65.64
DPEL, SM, 09-Sep-2026, 621.75, 627.95, 638.90, 626.00, 638.90, 636.35, 633.34, 54500, 345.17, 90, 43500, 79.82
DPSCLTD, BE, 09-Sep-2026, 7.24, 7.26, 7.26, 7.12, 7.20, 7.19, 7.21, 49018, 3.54, 325, -, -
DPWIRES, BE, 09-Sep-2026, 152.77, 152.75, 155.75, 152.00, 153.01, 153.54, 152.82, 3000, 4.58, 87, -, -
DRAGARWQ, EQ, 09-Sep-2026, 5267.50, 5254.00, 5300.50, 5223.00, 5225.50, 5241.50, 5267.34, 644, 33.92, 292, 260, 40.37
DRCSYSTEMS, EQ, 09-Sep-2026, 12.90, 12.73, 13.30, 12.62, 12.99, 12.97, 12.86, 72897, 9.37, 359, 58606, 80.40
DREAMFOLKS, EQ, 09-Sep-2026, 65.14, 64.40, 70.90, 64.40, 67.00, 68.55, 67.49, 175877, 118.70, 2539, 83647, 47.56
DREDGECORP, EQ, 09-Sep-2026, 1049.10, 1044.00, 1066.00, 1032.70, 1036.50, 1040.50, 1045.68, 76183, 796.63, 5687, 33181, 43.55
DRONE, SM, 09-Sep-2026, 33.35, 33.35, 33.75, 33.00, 33.30, 33.30, 33.30, 144000, 47.95, 40, 138000, 95.83
DRREDDY, EQ, 09-Sep-2026, 1151.00, 1146.00, 1151.00, 1136.40, 1145.00, 1145.00, 1144.18, 528499, 6046.99, 34354, 319945, 60.54
DSFCL, BE, 09-Sep-2026, 26.74, 26.93, 26.93, 26.02, 26.18, 26.24, 26.23, 18395, 4.82, 83, -, -
DSSL, EQ, 09-Sep-2026, 1061.70, 1061.70, 1062.60, 1018.60, 1020.10, 1022.00, 1032.00, 25777, 266.02, 2975, 15494, 60.11
DTIL, BE, 09-Sep-2026, 142.08, 142.08, 145.00, 140.25, 143.99, 143.99, 143.95, 11797, 16.98, 78, -, -
DUCOL, SM, 09-Sep-2026, 119.30, 119.85, 123.00, 118.25, 123.00, 119.45, 119.26, 27200, 32.44, 28, 27200, 100.00
DUCON, EQ, 09-Sep-2026, 1.80, 1.83, 1.85, 1.78, 1.82, 1.80, 1.81, 947888, 17.15, 580, 701457, 74.00
DUGLOBAL, SM, 09-Sep-2026, 25.55, 23.30, 24.50, 23.00, 23.00, 23.00, 23.23, 182500, 42.39, 60, 132500, 72.60
DURLAX, SM, 09-Sep-2026, 64.10, 62.10, 65.25, 61.75, 63.00, 63.75, 64.69, 184000, 119.04, 36, 162000, 88.04
DVL, EQ, 09-Sep-2026, 292.05, 292.05, 293.85, 286.10, 288.00, 289.20, 289.96, 17683, 51.27, 620, 12861, 72.73
DWARKESH, EQ, 09-Sep-2026, 47.96, 48.00, 48.00, 46.40, 46.60, 46.72, 46.88, 1320702, 619.20, 6636, 463398, 35.09
DYCL, EQ, 09-Sep-2026, 460.60, 460.80, 468.90, 449.00, 456.10, 456.50, 459.91, 426020, 1959.32, 12371, 158081, 37.11
DYNAMATECH, EQ, 09-Sep-2026, 11584.00, 11495.00, 11741.00, 11394.00, 11690.00, 11625.00, 11572.53, 15961, 1847.09, 4623, 6308, 39.52
DYNAMIC, ST, 09-Sep-2026, 152.40, 154.00, 154.00, 144.80, 149.25, 149.25, 148.73, 8500, 12.64, 15, 7500, 88.24
DYNPRO, EQ, 09-Sep-2026, 233.28, 232.30, 240.00, 231.00, 237.00, 235.09, 236.39, 18946, 44.79, 413, 13741, 72.53
E2E, BE, 09-Sep-2026, 617.60, 627.00, 627.00, 600.00, 608.00, 604.50, 610.75, 796066, 4861.96, 10952, -, -
E2ERAIL, SM, 09-Sep-2026, 374.95, 371.00, 381.95, 359.50, 359.50, 360.60, 369.39, 76800, 283.69, 89, 32800, 42.71
EASEMYTRIP, EQ, 09-Sep-2026, 5.94, 5.90, 6.06, 5.86, 5.99, 5.97, 5.96, 17088715, 1018.21, 8752, 4441174, 25.99
EASTSILK, BE, 09-Sep-2026, 57.00, 54.91, 59.84, 54.90, 59.84, 59.84, 55.90, 377, 0.21, 7, -, -
EASTWEST, EQ, 09-Sep-2026, 2.36, 2.36, 2.36, 2.26, 2.33, 2.30, 2.30, 31476, 0.72, 94, 30868, 98.07
EBANK10, EQ, 09-Sep-2026, 16.54, 16.50, 16.93, 16.37, 16.38, 16.38, 16.39, 2871, 0.47, 23, 2742, 95.51
EBANKNIFTY, EQ, 09-Sep-2026, 57.48, 57.23, 57.38, 57.00, 57.15, 57.15, 57.22, 2020, 1.16, 22, 2020, 100.00
EBBETF0430, EQ, 09-Sep-2026, 1613.61, 1617.90, 1617.90, 1608.70, 1612.35, 1612.43, 1612.20, 16604, 267.69, 352, 15031, 90.53
EBBETF0431, EQ, 09-Sep-2026, 1435.18, 1433.00, 1439.12, 1433.00, 1433.00, 1435.07, 1434.06, 6557, 94.03, 167, 6024, 91.87
EBBETF0433, EQ, 09-Sep-2026, 1306.94, 1306.94, 1313.98, 1306.19, 1313.49, 1313.47, 1311.89, 9974, 130.85, 123, 8674, 86.97
EBGNG, EQ, 09-Sep-2026, 665.15, 672.20, 687.75, 658.00, 676.50, 675.80, 675.61, 1154375, 7799.06, 38503, 339680, 29.43
EBIX, BE, 09-Sep-2026, 19.77, 20.05, 20.40, 19.51, 20.00, 19.81, 20.05, 21547, 4.32, 78, -, -
ECAPINSURE, EQ, 09-Sep-2026, 23.73, 23.65, 23.82, 23.30, 23.70, 23.47, 23.51, 96564, 22.70, 464, 93964, 97.31
ECLERX, EQ, 09-Sep-2026, 1945.10, 1945.10, 1945.10, 1900.20, 1930.00, 1922.60, 1919.43, 89506, 1718.01, 11418, 30821, 34.43
ECOLINE, ST, 09-Sep-2026, 175.00, 179.95, 179.95, 169.00, 169.00, 169.00, 173.56, 32000, 55.54, 20, 30000, 93.75
ECORECO, EQ, 09-Sep-2026, 450.40, 450.40, 457.50, 441.25, 443.00, 444.45, 446.72, 10030, 44.81, 1087, 5376, 53.60
ECOSMOBLTY, EQ, 09-Sep-2026, 111.87, 111.87, 112.56, 110.49, 112.00, 111.44, 111.67, 40648, 45.39, 996, 23260, 57.22
EDELWEISS, EQ, 09-Sep-2026, 138.80, 139.15, 139.15, 131.40, 132.80, 133.63, 135.82, 7709484, 10471.38, 112991, 3923684, 50.89
EEPL, ST, 09-Sep-2026, 141.00, 141.00, 141.50, 138.50, 140.50, 140.45, 139.72, 12000, 16.77, 12, 12000, 100.00
EFACTOR, SM, 09-Sep-2026, 168.00, 182.00, 182.00, 168.00, 168.00, 168.00, 170.56, 9200, 15.69, 13, 8400, 91.30
EFCIL, EQ, 09-Sep-2026, 186.53, 185.11, 191.70, 182.04, 187.52, 189.52, 188.25, 350498, 659.80, 5621, 197531, 56.36
EFFWA, SM, 09-Sep-2026, 360.50, 360.00, 379.00, 360.00, 374.00, 372.00, 372.91, 15600, 58.17, 32, 13200, 84.62
EFORCE, SM, 09-Sep-2026, 19.50, 19.50, 19.95, 19.05, 19.60, 19.60, 19.57, 8400, 1.64, 7, 7200, 85.71
EGOLD, EQ, 09-Sep-2026, 152.25, 151.90, 152.90, 151.35, 152.00, 152.20, 151.79, 410909, 623.74, 293, 400964, 97.58
EICHERMOT, EQ, 09-Sep-2026, 7747.50, 7687.00, 7784.50, 7664.50, 7734.50, 7734.50, 7719.69, 318638, 24597.86, 37360, 184817, 58.00
EIDPARRY, EQ, 09-Sep-2026, 763.70, 765.00, 767.00, 746.10, 756.00, 756.70, 755.72, 361348, 2730.77, 17685, 147592, 40.84
EIEL, EQ, 09-Sep-2026, 196.20, 204.75, 215.00, 203.75, 204.30, 206.06, 209.03, 13186612, 27563.33, 137486, 1148384, 8.71
EIFFL, BE, 09-Sep-2026, 265.00, 270.30, 270.30, 259.70, 270.30, 270.30, 267.17, 5881, 15.71, 53, -, -
EIHAHOTELS, EQ, 09-Sep-2026, 295.70, 295.70, 300.60, 292.00, 292.00, 293.30, 295.51, 13571, 40.10, 971, 8718, 64.24
EIHOTEL, EQ, 09-Sep-2026, 295.75, 295.25, 295.75, 288.30, 288.30, 289.35, 291.18, 133319, 388.20, 6143, 68701, 51.53
EIMCOELECO, EQ, 09-Sep-2026, 2258.20, 2272.90, 2297.60, 2205.00, 2205.20, 2221.60, 2239.53, 14430, 323.16, 1923, 6779, 46.98
EKC, EQ, 09-Sep-2026, 103.14, 103.30, 104.75, 102.81, 104.00, 103.30, 103.72, 83747, 86.86, 1459, 42183, 50.37
EKI, EQ, 09-Sep-2026, 70.81, 73.00, 73.00, 70.30, 71.49, 71.38, 71.87, 7555, 5.43, 253, 6059, 80.20
ELANTAS, EQ, 09-Sep-2026, 13891.00, 13849.00, 13850.00, 13510.00, 13547.00, 13618.00, 13729.09, 1998, 274.31, 1160, 687, 34.38
ELCIDIN, EQ, 09-Sep-2026, 106500.00, 107500.00, 108495.00, 105340.00, 108000.00, 108000.00, 106999.76, 21, 22.47, 15, 16, 76.19
ELDEHSG, EQ, 09-Sep-2026, 795.70, 795.70, 796.75, 775.00, 775.00, 775.40, 777.31, 951, 7.39, 70, 787, 82.75
ELECON, EQ, 09-Sep-2026, 421.15, 421.95, 427.35, 416.80, 420.00, 419.40, 421.28, 286939, 1208.81, 10539, 110990, 38.68
ELECTCAST, EQ, 09-Sep-2026, 79.90, 79.53, 80.53, 77.95, 78.44, 78.24, 78.68, 1148373, 903.56, 12689, 633309, 55.15
ELECTHERM, EQ, 09-Sep-2026, 964.60, 956.00, 971.90, 950.00, 965.00, 965.00, 963.47, 10148, 97.77, 512, 8308, 81.87
ELGIEQUIP, EQ, 09-Sep-2026, 638.20, 640.00, 645.90, 617.50, 619.00, 618.85, 630.60, 367633, 2318.28, 21328, 187978, 51.13
ELGIRUBCO, EQ, 09-Sep-2026, 59.12, 57.94, 64.66, 57.64, 62.85, 62.82, 62.55, 308072, 192.71, 2398, 136290, 44.24
ELGNZ, SM, 09-Sep-2026, 88.95, 88.00, 88.00, 88.00, 88.00, 88.00, 88.00, 1000, 0.88, 1, 1000, 100.00
ELIN, EQ, 09-Sep-2026, 98.42, 97.32, 97.88, 95.60, 96.44, 96.29, 96.42, 112960, 108.92, 1453, 79410, 70.30
ELIQUID, EQ, 09-Sep-2026, 1046.84, 1047.00, 1050.75, 1041.91, 1046.97, 1046.97, 1047.00, 20826, 218.05, 29, 18596, 89.29
ELITECON, EQ, 09-Sep-2026, 7.84, 7.45, 7.45, 7.45, 7.45, 7.45, 7.45, 660044, 49.17, 2692, 659179, 99.87
ELLEN, EQ, 09-Sep-2026, 322.80, 326.00, 355.05, 324.20, 355.05, 355.05, 346.35, 2993680, 10368.70, 48688, 965975, 32.27
ELM250, EQ, 09-Sep-2026, 16.47, 16.55, 16.75, 16.41, 16.45, 16.52, 16.50, 501245, 82.73, 280, 484743, 96.71
ELMDIV, EQ, 09-Sep-2026, 36.13, 36.49, 36.49, 35.43, 35.43, 35.60, 36.01, 2844, 1.02, 29, 1691, 59.46
ELPROINTL, EQ, 09-Sep-2026, 174.17, 176.00, 176.00, 174.17, 175.00, 174.87, 175.12, 5075, 8.89, 131, 4096, 80.71
EMAMILTD, EQ, 09-Sep-2026, 363.65, 363.20, 377.65, 363.20, 369.50, 369.10, 370.85, 8039529, 29814.75, 60947, 4815697, 59.90
EMAMIPAP, BE, 09-Sep-2026, 119.68, 121.09, 122.35, 115.00, 117.00, 116.67, 117.58, 33133, 38.96, 242, -, -
EMAMIREAL, EQ, 09-Sep-2026, 66.18, 65.30, 69.48, 65.30, 69.48, 69.00, 67.81, 19551, 13.26, 198, 16599, 84.90
EMAPARTNER, SM, 09-Sep-2026, 85.65, 85.90, 86.95, 83.00, 83.00, 83.00, 84.51, 8000, 6.76, 8, 7000, 87.50
EMBASSY, RR, 09-Sep-2026, 439.87, 438.00, 440.89, 438.00, 439.92, 439.63, 439.83, 215948, 949.80, 5983, 192999, 89.37
EMBDL, EQ, 09-Sep-2026, 58.12, 57.65, 58.11, 57.10, 57.32, 57.34, 57.67, 3178307, 1832.94, 9942, 1520087, 47.83
EMCURE, EQ, 09-Sep-2026, 1925.80, 1938.10, 1938.90, 1889.90, 1911.10, 1914.40, 1910.92, 74957, 1432.37, 15553, 35537, 47.41
EMETAL, EQ, 09-Sep-2026, 13.20, 13.49, 13.49, 13.15, 13.40, 13.40, 13.29, 8228, 1.09, 32, 6405, 77.84
EMIL, EQ, 09-Sep-2026, 186.02, 186.40, 188.40, 181.05, 181.41, 182.65, 183.48, 1903526, 3492.61, 19090, 952994, 50.06
EMKAY, EQ, 09-Sep-2026, 260.70, 260.00, 264.70, 248.00, 250.00, 250.75, 254.92, 109423, 278.94, 1533, 73950, 67.58
EMKAYTOOLS, SM, 09-Sep-2026, 94.05, 92.00, 96.80, 92.00, 94.95, 94.95, 94.74, 2550, 2.42, 17, 1950, 76.47
EMMBI, BE, 09-Sep-2026, 89.94, 89.89, 89.94, 87.56, 89.88, 89.88, 88.73, 3875, 3.44, 68, -, -
EMMIL, SM, 09-Sep-2026, 117.10, 117.05, 125.00, 116.00, 125.00, 125.00, 120.68, 20250, 24.44, 42, 18250, 90.12
EMMVEE, EQ, 09-Sep-2026, 331.25, 331.00, 338.00, 327.95, 330.20, 328.90, 332.47, 1636507, 5440.86, 34013, 650326, 39.74
EMPIND, EQ, 09-Sep-2026, 1176.80, 1107.20, 1120.00, 1068.10, 1082.00, 1076.60, 1086.36, 13226, 143.68, 1224, 5736, 43.37
EMPOWER, EQ, 09-Sep-2026, 2.01, 2.06, 2.11, 2.05, 2.11, 2.10, 2.09, 14978502, 313.38, 3716, 8991455, 60.03
EMSLIMITED, EQ, 09-Sep-2026, 378.40, 379.90, 398.95, 379.90, 386.00, 385.80, 391.05, 885127, 3461.26, 22634, 160767, 18.16
EMUDHRA, EQ, 09-Sep-2026, 509.10, 509.10, 516.00, 501.15, 513.00, 511.50, 509.96, 59716, 304.53, 2797, 32623, 54.63
EMULTIMQ, EQ, 09-Sep-2026, 42.09, 42.09, 42.35, 41.87, 42.24, 42.19, 42.04, 12855, 5.40, 127, 9814, 76.34
ENCOMPAS, SM, 09-Sep-2026, 259.60, 259.60, 264.00, 258.00, 262.00, 262.00, 260.15, 4400, 11.45, 10, 4000, 90.91
ENDURANCE, EQ, 09-Sep-2026, 2735.30, 2738.00, 2823.00, 2722.90, 2747.50, 2755.70, 2786.58, 117170, 3265.03, 22505, 65575, 55.97
ENERGY, EQ, 09-Sep-2026, 38.45, 39.41, 39.41, 38.45, 38.71, 38.71, 38.77, 382217, 148.18, 955, 335981, 87.90
ENERGYAXIS, EQ, 09-Sep-2026, 19.18, 19.18, 19.75, 19.18, 19.30, 19.30, 19.30, 21312, 4.11, 74, 15938, 74.78
ENERGYDEV, EQ, 09-Sep-2026, 15.33, 15.33, 15.33, 14.70, 15.00, 14.89, 14.85, 63369, 9.41, 593, 49480, 78.08
ENEXT50, EQ, 09-Sep-2026, 72.85, 72.85, 72.89, 72.26, 72.60, 72.60, 72.87, 10396, 7.58, 10, 10031, 96.49
ENFUSE, SM, 09-Sep-2026, 158.00, 158.00, 158.00, 158.00, 158.00, 158.00, 158.00, 600, 0.95, 1, 600, 100.00
ENGINERSIN, EQ, 09-Sep-2026, 279.20, 279.00, 283.30, 272.00, 272.65, 273.10, 276.69, 2222424, 6149.12, 36591, 863700, 38.86
ENIFTY, EQ, 09-Sep-2026, 23.89, 24.48, 24.48, 23.68, 23.70, 23.70, 23.74, 11449, 2.72, 49, 11248, 98.24
ENIL, EQ, 09-Sep-2026, 100.21, 101.00, 101.67, 99.00, 100.00, 100.72, 100.20, 33254, 33.32, 863, 22256, 66.93
ENKEIWHEL, EQ, 09-Sep-2026, 396.60, 410.00, 410.00, 395.05, 403.00, 402.90, 401.10, 5075, 20.36, 111, 4200, 82.76
ENRIN, EQ, 09-Sep-2026, 3200.10, 3215.00, 3238.00, 3160.00, 3192.00, 3183.70, 3189.16, 276989, 8833.63, 27706, 142405, 51.41
ENTERO, EQ, 09-Sep-2026, 1851.80, 1856.00, 1890.50, 1812.00, 1833.40, 1828.30, 1845.62, 90729, 1674.51, 14493, 46265, 50.99
ENVIRO, SM, 09-Sep-2026, 69.95, 69.50, 70.90, 69.50, 69.50, 69.50, 69.93, 8000, 5.59, 8, 6000, 75.00
EPACK, EQ, 09-Sep-2026, 187.38, 187.38, 192.95, 185.41, 187.50, 188.15, 189.12, 491145, 928.84, 8443, 157777, 32.12
EPACKPEB, EQ, 09-Sep-2026, 234.00, 234.00, 250.90, 231.21, 248.10, 248.14, 245.11, 1620115, 3971.05, 26610, 596840, 36.84
EPIGRAL, EQ, 09-Sep-2026, 1189.80, 1185.80, 1189.80, 1160.00, 1170.00, 1163.90, 1167.16, 32831, 383.19, 3610, 15527, 47.29
EPL, EQ, 09-Sep-2026, 248.10, 248.50, 250.30, 245.10, 246.10, 246.70, 247.34, 2561676, 6336.12, 29301, 1503880, 58.71
EPWINDIA, ST, 09-Sep-2026, 231.90, 239.85, 242.95, 239.85, 242.95, 242.95, 240.90, 3600, 8.67, 3, 3600, 100.00
EQUAL200, EQ, 09-Sep-2026, 13.74, 13.70, 13.73, 13.67, 13.70, 13.69, 13.71, 16852, 2.31, 64, 15485, 91.89
EQUAL50, EQ, 09-Sep-2026, 327.03, 325.51, 326.38, 324.94, 325.58, 325.08, 325.36, 4722, 15.36, 43, 3501, 74.14
EQUAL50ADD, EQ, 09-Sep-2026, 337.41, 337.00, 337.69, 335.90, 337.54, 336.38, 336.75, 25552, 86.05, 282, 23302, 91.19
EQUIPPP, BE, 09-Sep-2026, 23.80, 23.75, 24.47, 23.11, 24.00, 23.83, 23.97, 52566, 12.60, 40, -, -
EQUITASBNK, EQ, 09-Sep-2026, 72.54, 72.52, 73.00, 71.03, 72.70, 72.70, 72.05, 1781588, 1283.68, 13768, 863962, 48.49
ERIS, EQ, 09-Sep-2026, 1324.70, 1318.00, 1339.00, 1318.00, 1338.90, 1335.00, 1327.83, 42165, 559.88, 5214, 24942, 59.15
ESABINDIA, EQ, 09-Sep-2026, 6067.00, 6060.00, 6126.00, 5905.00, 5905.00, 5932.00, 5997.88, 7212, 432.57, 2309, 4150, 57.54
ESAFSFB, BE, 09-Sep-2026, 41.47, 41.42, 41.77, 40.40, 41.27, 40.85, 40.74, 362765, 147.77, 1883, -, -
ESCONET, ST, 09-Sep-2026, 236.95, 236.95, 248.75, 225.15, 248.00, 246.20, 234.65, 60000, 140.79, 118, 57200, 95.33
ESCORTS, EQ, 09-Sep-2026, 3013.20, 3009.00, 3036.00, 2977.70, 2992.00, 2989.20, 2996.46, 31863, 954.76, 6823, 16379, 51.40
ESDS, EQ, 09-Sep-2026, 1308.05, 1438.85, 1438.85, 1438.85, 1438.85, 1438.85, 1438.85, 312887, 4501.97, 4561, 311082, 99.42
ESENSEX, EQ, 09-Sep-2026, 76.46, 76.00, 76.02, 75.49, 75.65, 75.63, 75.69, 972, 0.74, 42, 822, 84.57
ESFL, SM, 09-Sep-2026, 119.30, 116.05, 120.00, 114.00, 117.30, 115.55, 115.80, 25920, 30.02, 53, 15840, 61.11
ESG, EQ, 09-Sep-2026, 40.54, 40.39, 40.55, 40.29, 40.41, 40.42, 40.44, 9483, 3.83, 71, 8088, 85.29
ESILVER, EQ, 09-Sep-2026, 230.45, 230.45, 233.50, 230.45, 231.20, 232.93, 232.91, 237689, 553.61, 475, 225156, 94.73
ESPRIT, SM, 09-Sep-2026, 64.50, 63.05, 63.05, 63.00, 63.00, 63.00, 63.03, 3200, 2.02, 2, 3200, 100.00
ESSARSHPNG, EQ, 09-Sep-2026, 16.05, 16.12, 16.24, 15.96, 16.12, 16.04, 16.05, 176001, 28.25, 882, 148552, 84.40
ESSENTIA, EQ, 09-Sep-2026, 1.05, 1.06, 1.07, 1.05, 1.07, 1.06, 1.06, 2109879, 22.36, 739, 1089670, 51.65
ESTER, EQ, 09-Sep-2026, 91.43, 91.45, 92.80, 90.01, 91.75, 91.02, 91.28, 156917, 143.23, 2547, 70444, 44.89
ETERNAL, EQ, 09-Sep-2026, 321.60, 322.00, 322.55, 318.00, 320.60, 320.60, 319.55, 22599551, 72217.48, 205768, 16017547, 70.88
ETHOSLTD, EQ, 09-Sep-2026, 2761.50, 2746.10, 2781.60, 2680.00, 2760.20, 2744.00, 2726.31, 33321, 908.43, 7073, 15316, 45.97
ETL, SM, 09-Sep-2026, 1040.00, 1079.90, 1079.90, 1079.90, 1079.90, 1079.90, 1079.90, 150, 1.62, 1, 150, 100.00
ETML, SM, 09-Sep-2026, 81.60, 80.05, 81.80, 80.05, 80.55, 80.55, 80.61, 4800, 3.87, 4, 3600, 75.00
EUREKAFORB, EQ, 09-Sep-2026, 408.55, 411.25, 412.00, 398.65, 399.80, 399.35, 402.25, 114272, 459.66, 5888, 69059, 60.43
EUROBOND, EQ, 09-Sep-2026, 154.63, 159.54, 159.54, 149.00, 150.00, 150.15, 150.35, 696, 1.05, 42, 632, 90.80
EUROPRATIK, EQ, 09-Sep-2026, 256.95, 258.65, 258.65, 253.10, 254.50, 254.40, 256.39, 171857, 440.63, 1817, 23493, 13.67
EVEREADY, EQ, 09-Sep-2026, 348.85, 348.85, 351.60, 343.20, 349.00, 349.40, 349.03, 151411, 528.46, 2898, 78847, 52.07
EVERESTIND, BE, 09-Sep-2026, 426.30, 428.00, 434.00, 421.50, 425.00, 425.00, 425.55, 8146, 34.67, 70, -, -
EVIETF, EQ, 09-Sep-2026, 32.48, 32.40, 32.79, 32.10, 32.37, 32.24, 32.24, 131065, 42.26, 800, 67775, 51.71
EVINDIA, EQ, 09-Sep-2026, 32.40, 32.47, 32.47, 32.13, 32.29, 32.26, 32.25, 126162, 40.68, 1672, 75811, 60.09
EXCELINDUS, EQ, 09-Sep-2026, 993.00, 995.00, 1001.90, 985.00, 989.80, 989.40, 991.83, 10303, 102.19, 937, 7397, 71.79
EXCELLENT, ST, 09-Sep-2026, 205.50, 196.00, 207.00, 196.00, 207.00, 207.00, 201.50, 3200, 6.45, 2, 1600, 50.00
EXCELSOFT, EQ, 09-Sep-2026, 69.06, 69.49, 78.80, 67.00, 74.50, 75.23, 76.39, 15422814, 11781.87, 66865, 2180532, 14.14
EXICOM, EQ, 09-Sep-2026, 181.65, 180.45, 185.49, 170.99, 179.89, 180.42, 178.85, 3180545, 5688.42, 30430, 783667, 24.64
EXIDEIND, EQ, 09-Sep-2026, 418.15, 418.10, 420.00, 409.70, 411.80, 410.75, 414.25, 2097228, 8687.69, 51136, 1061111, 50.60
EXIMROUTES, SM, 09-Sep-2026, 108.00, 110.00, 110.00, 110.00, 110.00, 110.00, 110.00, 92800, 102.08, 2, 92800, 100.00
EXPLEOSOL, EQ, 09-Sep-2026, 887.95, 888.00, 891.55, 870.60, 873.00, 877.60, 878.16, 31062, 272.78, 2315, 17146, 55.20
EXXARO, EQ, 09-Sep-2026, 6.51, 6.35, 6.55, 6.35, 6.49, 6.45, 6.47, 187657, 12.14, 367, 154011, 82.07
FABTECH, EQ, 09-Sep-2026, 146.91, 148.00, 149.93, 146.52, 148.00, 147.65, 148.25, 64651, 95.85, 1249, 28252, 43.70
FACT, EQ, 09-Sep-2026, 791.20, 790.20, 798.95, 784.80, 785.00, 786.40, 788.33, 99776, 786.57, 6410, 24048, 24.10
FAIRCHEMOR, BE, 09-Sep-2026, 629.70, 626.55, 644.00, 620.05, 642.00, 636.85, 633.23, 8741, 55.35, 303, -, -
FASCINATE, SM, 09-Sep-2026, 58.80, 55.50, 58.00, 53.25, 54.30, 54.40, 55.60, 129600, 72.06, 159, 98400, 75.93
FAZE3Q, EQ, 09-Sep-2026, 497.30, 489.25, 494.95, 481.00, 485.60, 484.80, 487.02, 9833, 47.89, 601, 6170, 62.75
FCL, EQ, 09-Sep-2026, 58.44, 58.20, 62.40, 57.66, 58.20, 58.43, 60.03, 71051557, 42652.16, 172343, 12568261, 17.69
FCSSOFT, EQ, 09-Sep-2026, 1.42, 1.42, 1.43, 1.41, 1.42, 1.42, 1.42, 1579523, 22.40, 1072, 979493, 62.01
FDC, EQ, 09-Sep-2026, 345.95, 345.85, 356.75, 342.40, 355.20, 354.30, 350.56, 219983, 771.17, 7005, 127536, 57.98
FEDDERSHOL, EQ, 09-Sep-2026, 48.00, 47.75, 48.90, 47.28, 48.50, 48.50, 48.39, 3134810, 1517.02, 2842, 668983, 21.34
FEDERALBNK, EQ, 09-Sep-2026, 344.15, 341.50, 345.00, 341.50, 345.00, 345.00, 343.96, 3903520, 13426.66, 62116, 2641296, 67.66
FEDFINA, EQ, 09-Sep-2026, 162.30, 163.42, 163.42, 156.60, 157.49, 156.94, 158.76, 903186, 1433.86, 13828, 478920, 53.03
FEL, BZ, 09-Sep-2026, 0.38, 0.37, 0.39, 0.37, 0.39, 0.38, 0.38, 212427, 0.80, 102, -, -
FELDVR, BZ, 09-Sep-2026, 2.24, 2.24, 2.33, 2.13, 2.23, 2.23, 2.16, 3866, 0.08, 20, -, -
FELIX, SM, 09-Sep-2026, 219.00, 217.95, 224.00, 209.00, 215.00, 222.30, 218.32, 175500, 383.16, 120, 62000, 35.33
FERMENTA, EQ, 09-Sep-2026, 480.70, 476.00, 506.90, 475.95, 494.00, 494.40, 494.62, 168702, 834.43, 12267, 74774, 44.32
FIBERWEB, EQ, 09-Sep-2026, 26.03, 26.50, 26.50, 25.61, 26.24, 26.11, 26.12, 25253, 6.60, 121, 21827, 86.43
FIDEL, SM, 09-Sep-2026, 137.50, 135.50, 149.95, 135.50, 149.95, 149.95, 140.98, 9000, 12.69, 7, 8000, 88.89
FIEMIND, EQ, 09-Sep-2026, 2038.20, 2045.00, 2048.60, 2009.40, 2025.00, 2021.60, 2027.41, 52069, 1055.65, 7492, 28198, 54.16
FILATEX, EQ, 09-Sep-2026, 76.44, 76.07, 76.91, 75.06, 75.45, 75.55, 75.81, 994318, 753.74, 5853, 592187, 59.56
FILATFASH, EQ, 09-Sep-2026, 0.18, 0.19, 0.19, 0.18, 0.19, 0.18, 0.18, 15486525, 28.56, 1439, 9232033, 59.61
FINBUD, SM, 09-Sep-2026, 132.10, 132.00, 134.20, 128.60, 129.00, 131.10, 130.90, 36000, 47.12, 34, 27000, 75.00
FINCABLES, EQ, 09-Sep-2026, 1302.30, 1320.00, 1376.00, 1295.40, 1346.00, 1353.40, 1352.60, 2871412, 38838.68, 104378, 765659, 26.66
FINEORG, EQ, 09-Sep-2026, 5196.00, 5173.00, 5205.00, 5120.00, 5159.50, 5148.50, 5155.80, 15842, 816.78, 6570, 7467, 47.13
FINIETF, EQ, 09-Sep-2026, 32.56, 32.51, 32.51, 32.23, 32.38, 32.32, 32.36, 443060, 143.36, 2793, 312277, 70.48
FINKURVE, EQ, 09-Sep-2026, 69.09, 69.42, 70.98, 64.62, 68.45, 67.57, 66.34, 111424, 73.92, 1577, 68900, 61.84
FINOPB, EQ, 09-Sep-2026, 139.97, 138.57, 140.00, 137.10, 137.10, 137.64, 138.39, 105045, 145.37, 1652, 36635, 34.88
FINPIPE, EQ, 09-Sep-2026, 157.86, 157.86, 158.49, 156.30, 156.42, 156.71, 157.03, 277310, 435.47, 9369, 178181, 64.25
FIRSTCRY, EQ, 09-Sep-2026, 176.24, 175.00, 175.65, 172.00, 172.63, 172.52, 173.60, 624781, 1084.64, 10571, 240255, 38.45
FISCHER, EQ, 09-Sep-2026, 35.56, 36.00, 36.01, 34.50, 34.51, 34.78, 34.95, 669109, 233.87, 1847, 471566, 70.48
FIVESTAR, EQ, 09-Sep-2026, 524.15, 522.15, 535.00, 518.95, 532.00, 533.05, 529.17, 410018, 2169.71, 22575, 232600, 56.73
FLAIR, EQ, 09-Sep-2026, 236.96, 235.05, 245.95, 235.00, 238.00, 238.56, 240.33, 87625, 210.59, 2772, 40479, 46.20
FLEXIADD, EQ, 09-Sep-2026, 9.97, 10.17, 10.17, 9.80, 9.86, 9.85, 9.84, 189232, 18.62, 638, 171318, 90.53
FLEXITUFF, BE, 09-Sep-2026, 2.08, 2.08, 2.16, 2.00, 2.09, 2.08, 2.05, 138434, 2.83, 155, -, -
FLFL, BZ, 09-Sep-2026, 1.21, 1.22, 1.25, 1.19, 1.20, 1.19, 1.22, 52536, 0.64, 62, -, -
FLUOROCHEM, EQ, 09-Sep-2026, 4676.60, 4676.60, 4769.90, 4652.80, 4765.00, 4754.80, 4719.67, 119098, 5621.03, 14592, 65634, 55.11
FLYSBS, SM, 09-Sep-2026, 676.95, 678.00, 690.00, 652.00, 684.30, 681.25, 674.50, 125400, 845.82, 310, 67800, 54.07
FMCGADD, EQ, 09-Sep-2026, 46.07, 45.90, 47.22, 45.40, 45.79, 46.15, 45.73, 21150, 9.67, 254, 12226, 57.81
FMCGIETF, EQ, 09-Sep-2026, 49.31, 50.54, 50.54, 48.69, 48.99, 48.89, 48.89, 1908992, 933.23, 8858, 1462665, 76.62
FMGOETZE, EQ, 09-Sep-2026, 469.25, 470.90, 477.15, 451.20, 460.00, 455.45, 463.63, 550860, 2553.93, 13673, 218848, 39.73
FMNL, EQ, 09-Sep-2026, 9.52, 9.50, 9.50, 9.14, 9.33, 9.31, 9.21, 24342, 2.24, 176, 21892, 89.94
FOCE, SM, 09-Sep-2026, 487.00, 500.00, 500.00, 500.00, 500.00, 500.00, 500.00, 240, 1.20, 1, 240, 100.00
FOCUS, BE, 09-Sep-2026, 61.59, 60.62, 62.00, 59.64, 60.95, 60.92, 60.51, 62335, 37.72, 457, -, -
FONEBOX, SM, 09-Sep-2026, 108.00, 113.40, 113.40, 113.00, 113.40, 113.40, 113.36, 20000, 22.67, 16, 19000, 95.00
FOODSIN, EQ, 09-Sep-2026, 56.08, 55.00, 58.50, 54.61, 58.32, 57.98, 57.58, 95582, 55.04, 1636, 59739, 62.50
FORCAS, ST, 09-Sep-2026, 235.90, 239.95, 239.95, 236.00, 236.00, 236.00, 238.63, 4800, 11.45, 3, 4800, 100.00
FORCEMOT, EQ, 09-Sep-2026, 17625.00, 17588.00, 17645.00, 17340.00, 17355.00, 17355.00, 17438.77, 36797, 6416.94, 10981, 13731, 37.32
FORGEAUTO, SM, 09-Sep-2026, 100.00, 104.45, 104.45, 103.00, 103.50, 103.50, 103.94, 8400, 8.73, 7, 7200, 85.71
FORTIS, EQ, 09-Sep-2026, 908.00, 906.90, 918.40, 903.65, 915.00, 915.00, 911.07, 670656, 6110.13, 31814, 273914, 40.84
FOSECOIND, EQ, 09-Sep-2026, 6095.50, 6100.00, 6166.50, 6030.00, 6072.00, 6080.00, 6080.94, 5173, 314.57, 1767, 2268, 43.84
FRACTAL, EQ, 09-Sep-2026, 794.75, 791.85, 797.00, 774.10, 777.00, 777.65, 785.94, 391503, 3076.97, 23446, 185366, 47.35
FREDUN, EQ, 09-Sep-2026, 1356.80, 1369.30, 1449.00, 1348.00, 1449.00, 1439.20, 1409.12, 63586, 896.00, 7791, 24360, 38.31
FRESHARA, ST, 09-Sep-2026, 452.55, 471.90, 475.15, 460.00, 475.15, 475.15, 472.94, 61200, 289.44, 78, 56400, 92.16
FROG, ST, 09-Sep-2026, 258.20, 264.40, 270.45, 255.00, 255.00, 257.95, 264.28, 52000, 137.43, 94, 48000, 92.31
FRONTSP, EQ, 09-Sep-2026, 1258.20, 1258.00, 1275.70, 1242.80, 1258.20, 1263.90, 1259.73, 11690, 147.26, 1794, 6496, 55.57
FSL, EQ, 09-Sep-2026, 257.80, 258.00, 258.00, 254.15, 254.90, 254.75, 255.69, 318352, 814.00, 9257, 134257, 42.17
FUSION, EQ, 09-Sep-2026, 202.06, 201.00, 201.00, 194.00, 195.50, 194.93, 195.72, 787463, 1541.24, 11420, 448935, 57.01
GABRIEL, EQ, 09-Sep-2026, 1389.60, 1387.00, 1387.00, 1354.00, 1360.00, 1360.80, 1367.01, 109451, 1496.21, 12307, 45932, 41.97
GAEL, EQ, 09-Sep-2026, 167.30, 168.00, 168.64, 164.22, 166.50, 166.39, 166.61, 562238, 936.73, 11580, 293941, 52.28
GAIL, EQ, 09-Sep-2026, 175.09, 173.70, 175.59, 173.61, 174.90, 174.90, 174.62, 4342968, 7583.87, 31859, 2489289, 57.32
GAJA, EQ, 09-Sep-2026, 153.64, 153.65, 160.00, 152.61, 160.00, 158.69, 157.41, 1067431, 1680.24, 11878, 336773, 31.55
GAJANAND, SM, 09-Sep-2026, 8.75, 8.70, 8.70, 8.00, 8.60, 8.60, 8.43, 9000, 0.76, 3, 6000, 66.67
GALAPREC, EQ, 09-Sep-2026, 1054.90, 1054.00, 1085.40, 1038.20, 1048.00, 1048.10, 1047.57, 19177, 200.89, 2148, 10595, 55.25
GALAXYSURF, EQ, 09-Sep-2026, 2251.90, 2251.90, 2304.00, 2231.00, 2283.00, 2288.90, 2275.21, 49913, 1135.62, 8789, 26176, 52.44
GALLANTT, EQ, 09-Sep-2026, 561.65, 564.70, 574.40, 554.40, 556.00, 557.10, 560.25, 45830, 256.76, 4303, 22157, 48.35
GANDHAR, EQ, 09-Sep-2026, 264.05, 264.05, 273.45, 263.00, 265.50, 265.85, 269.07, 926450, 2492.76, 12842, 385162, 41.57
GANDHITUBE, EQ, 09-Sep-2026, 892.95, 883.00, 902.00, 883.00, 901.90, 898.80, 894.44, 6229, 55.71, 417, 4342, 69.71
GANECOS, EQ, 09-Sep-2026, 1040.40, 1040.40, 1041.00, 1004.00, 1030.00, 1020.50, 1020.39, 98699, 1007.12, 8783, 44255, 44.84
GANESHBE, BE, 09-Sep-2026, 129.60, 130.00, 133.50, 125.10, 129.00, 128.19, 128.93, 269989, 348.09, 917, -, -
GANESHCP, EQ, 09-Sep-2026, 169.71, 170.00, 174.00, 166.47, 167.03, 167.58, 168.18, 362392, 609.48, 2528, 276906, 76.41
GANESHHOU, EQ, 09-Sep-2026, 750.80, 745.00, 782.00, 740.00, 760.00, 758.50, 757.29, 52614, 398.44, 2852, 27430, 52.13
GANESHIN, ST, 09-Sep-2026, 92.25, 91.05, 96.85, 90.00, 96.85, 96.85, 95.30, 99200, 94.54, 85, 77600, 78.23
GANGABATH, SM, 09-Sep-2026, 20.20, 20.45, 21.30, 19.60, 20.00, 20.40, 20.40, 36000, 7.34, 12, 12000, 33.33
GANGAFORGE, EQ, 09-Sep-2026, 1.59, 1.64, 1.64, 1.54, 1.61, 1.59, 1.58, 2752465, 43.44, 1508, 1769657, 64.29
GANGESSECU, EQ, 09-Sep-2026, 118.63, 120.80, 120.80, 114.05, 116.00, 115.99, 116.20, 8609, 10.00, 174, 7467, 86.73
GARFIBRES, EQ, 09-Sep-2026, 819.15, 822.40, 822.40, 809.00, 814.00, 814.60, 814.25, 35097, 285.78, 4128, 20691, 58.95
GARUDA, EQ, 09-Sep-2026, 183.61, 181.99, 186.79, 180.29, 181.50, 181.95, 183.42, 1610615, 2954.14, 19386, 428641, 26.61
GATECH, BE, 09-Sep-2026, 0.83, 0.79, 0.79, 0.79, 0.79, 0.79, 0.79, 5020956, 39.67, 3477, -, -
GATECHDVR, BE, 09-Sep-2026, 0.49, 0.50, 0.50, 0.48, 0.50, 0.49, 0.49, 431277, 2.11, 257, -, -
GATEWAY, EQ, 09-Sep-2026, 53.94, 53.94, 54.10, 53.30, 53.32, 53.51, 53.75, 411512, 221.20, 3232, 220891, 53.68
GAUDIUMIVF, BE, 09-Sep-2026, 118.39, 119.65, 123.89, 115.70, 117.64, 116.56, 118.98, 144468, 171.89, 946, -, -
GAYAHWS, EQ, 09-Sep-2026, 1.94, 1.98, 2.00, 1.72, 1.93, 1.94, 1.93, 237823, 4.58, 258, 196101, 82.46
GAYAPROJ, EQ, 09-Sep-2026, 23.26, 23.85, 24.42, 23.30, 23.45, 23.64, 24.15, 3083761, 744.83, 4670, 2191952, 71.08
GCHOTELS, ST, 09-Sep-2026, 99.15, 96.50, 103.00, 95.55, 99.40, 99.40, 97.39, 25200, 24.54, 35, 18000, 71.43
GCSL, EQ, 09-Sep-2026, 598.25, 597.80, 608.00, 594.30, 605.00, 601.90, 601.43, 268383, 1614.13, 3912, 43190, 16.09
GEECEE, BE, 09-Sep-2026, 368.50, 368.50, 371.40, 361.45, 363.90, 363.95, 369.58, 1750, 6.47, 25, -, -
GEEKAYWIRE, EQ, 09-Sep-2026, 29.51, 29.89, 29.89, 27.61, 28.24, 27.91, 28.78, 193204, 55.60, 1149, 122177, 63.24
GEMAROMA, EQ, 09-Sep-2026, 161.86, 165.00, 168.00, 160.30, 167.00, 164.83, 164.62, 113076, 186.14, 2151, 56697, 50.14
GENCON, EQ, 09-Sep-2026, 41.89, 42.08, 43.70, 41.34, 43.70, 42.03, 41.87, 256006, 107.19, 987, 15743, 6.15
GENESYS, EQ, 09-Sep-2026, 288.19, 291.01, 297.40, 271.10, 272.06, 274.31, 282.27, 3610543, 10191.64, 56612, 799243, 22.14
GENSOL, BZ, 09-Sep-2026, 17.46, 17.46, 17.88, 16.80, 17.50, 17.47, 17.35, 59726, 10.36, 452, -, -
GENUSPAPER, EQ, 09-Sep-2026, 12.86, 12.86, 12.92, 12.08, 12.17, 12.19, 12.39, 235975, 29.24, 774, 155067, 65.71
GENUSPOWER, EQ, 09-Sep-2026, 333.65, 334.45, 336.00, 327.00, 328.75, 329.00, 330.33, 1392398, 4599.54, 21257, 703801, 50.55
GENXAI, SM, 09-Sep-2026, 83.70, 83.30, 85.50, 82.50, 84.00, 84.00, 84.04, 15600, 13.11, 12, 12000, 76.92
GEOJITFSL, EQ, 09-Sep-2026, 81.08, 80.25, 81.25, 79.47, 80.15, 80.12, 80.02, 235168, 188.19, 2078, 130744, 55.60
GESHIP, EQ, 09-Sep-2026, 1383.80, 1393.00, 1402.40, 1381.20, 1391.50, 1393.40, 1391.72, 755591, 10515.69, 33629, 402335, 53.25
GFLLIMITED, EQ, 09-Sep-2026, 60.17, 60.50, 61.40, 56.62, 57.50, 57.35, 58.95, 137857, 81.27, 1914, 74345, 53.93
GFSTEELS, EQ, 09-Sep-2026, 16.50, 18.15, 18.15, 18.15, 18.15, 18.15, 18.15, 3030, 0.55, 12, 3030, 100.00
GGBL, SM, 09-Sep-2026, 216.30, 220.70, 220.70, 211.05, 214.40, 214.35, 215.11, 27900, 60.02, 78, 21000, 75.27
GHCL, EQ, 09-Sep-2026, 433.05, 434.00, 434.00, 423.65, 426.20, 426.30, 426.60, 136963, 584.28, 5824, 89313, 65.21
GHCLTEXTIL, EQ, 09-Sep-2026, 131.96, 132.44, 134.90, 130.73, 133.10, 133.67, 133.02, 580475, 772.17, 6837, 308031, 53.07
GICHSGFIN, EQ, 09-Sep-2026, 138.73, 139.15, 139.16, 136.95, 137.03, 137.15, 137.37, 73159, 100.50, 1781, 49142, 67.17
GICL, EQ, 09-Sep-2026, 24.53, 24.02, 24.49, 23.63, 24.39, 24.40, 24.35, 186663, 45.45, 569, 120365, 64.48
GICRE, EQ, 09-Sep-2026, 348.10, 348.10, 353.75, 343.15, 348.70, 349.90, 349.68, 1164539, 4072.16, 20384, 606933, 52.12
GILLANDERS, EQ, 09-Sep-2026, 101.81, 105.00, 105.00, 100.00, 103.77, 102.20, 103.17, 3083, 3.18, 76, 2463, 79.89
GILLETTE, EQ, 09-Sep-2026, 7530.50, 7525.00, 7540.00, 7455.00, 7470.00, 7479.50, 7488.91, 11889, 890.36, 3799, 5885, 49.50
GILT10BETA, EQ, 09-Sep-2026, 26.70, 26.70, 26.79, 26.37, 26.79, 26.79, 26.67, 204, 0.05, 14, 146, 71.57
GILT5BETA, EQ, 09-Sep-2026, 66.80, 67.13, 67.23, 66.01, 67.02, 67.02, 66.98, 1636, 1.10, 23, 1350, 82.52
GILT5YBEES, EQ, 09-Sep-2026, 66.33, 66.33, 66.48, 66.26, 66.32, 66.36, 66.42, 181566, 120.59, 412, 121060, 66.68
GINNIFILA, BE, 09-Sep-2026, 42.99, 43.50, 43.50, 42.16, 42.59, 42.33, 42.55, 17885, 7.61, 101, -, -
GIPCL, EQ, 09-Sep-2026, 201.10, 202.00, 204.14, 200.50, 201.26, 201.04, 201.97, 368579, 744.42, 7311, 217801, 59.09
GIRIRAJ, SM, 09-Sep-2026, 82.25, 86.35, 86.35, 78.15, 78.15, 81.55, 82.13, 6250, 5.13, 18, 6000, 96.00
GJL, ST, 09-Sep-2026, 242.60, 242.00, 250.00, 242.00, 250.00, 250.00, 246.23, 8000, 19.70, 9, 8000, 100.00
GKB, EQ, 09-Sep-2026, 71.52, 72.00, 74.00, 65.00, 66.39, 66.43, 65.87, 17482, 11.52, 307, 11116, 63.59
GKENERGY, EQ, 09-Sep-2026, 129.61, 129.86, 129.87, 126.91, 127.00, 127.21, 127.63, 328663, 419.48, 4274, 189246, 57.58
GKSL, EQ, 09-Sep-2026, 175.19, 175.19, 180.90, 172.50, 176.00, 176.02, 176.02, 520724, 916.57, 7483, 133523, 25.64
GKWLIMITED, EQ, 09-Sep-2026, 1551.70, 1579.50, 1600.00, 1562.00, 1570.40, 1588.80, 1588.29, 229, 3.64, 41, 147, 64.19
GLAND, EQ, 09-Sep-2026, 2959.30, 2959.30, 3033.90, 2938.60, 3019.80, 3026.20, 2998.62, 1560855, 46804.13, 100445, 889055, 56.96
GLAXO, EQ, 09-Sep-2026, 2928.20, 2928.20, 2959.60, 2875.00, 2919.80, 2890.20, 2920.70, 29124, 850.62, 7447, 13132, 45.09
GLENMARK, EQ, 09-Sep-2026, 2474.50, 2486.90, 2486.90, 2400.10, 2435.00, 2435.00, 2429.99, 424753, 10321.44, 34891, 159072, 37.45
GLFL, EQ, 09-Sep-2026, 5.35, 5.35, 5.60, 5.09, 5.37, 5.37, 5.25, 21316, 1.12, 54, 14884, 69.83
GLOBAL, EQ, 09-Sep-2026, 126.62, 126.62, 128.24, 123.47, 125.05, 125.94, 125.74, 118903, 149.51, 1705, 54354, 45.71
GLOBALE, EQ, 09-Sep-2026, 10.91, 10.91, 11.40, 10.65, 11.30, 11.30, 10.96, 5859, 0.64, 29, 3812, 65.06
GLOBALPET, SM, 09-Sep-2026, 158.55, 158.00, 166.45, 157.10, 166.45, 166.45, 165.35, 36750, 60.77, 33, 32250, 87.76
GLOBALVECT, EQ, 09-Sep-2026, 139.29, 140.00, 140.00, 136.32, 138.00, 139.03, 138.22, 7507, 10.38, 283, 6384, 85.04
GLOBE, EQ, 09-Sep-2026, 1.87, 1.88, 1.88, 1.80, 1.85, 1.82, 1.84, 384976, 7.07, 318, 365568, 94.96
GLOBECIVIL, EQ, 09-Sep-2026, 45.34, 45.98, 45.98, 43.62, 45.35, 44.72, 44.83, 25542, 11.45, 505, 16627, 65.10
GLOBUSSPR, EQ, 09-Sep-2026, 861.45, 864.90, 865.00, 847.10, 848.00, 849.80, 852.63, 114371, 975.17, 7116, 67154, 58.72
GLOSTERLTD, EQ, 09-Sep-2026, 598.80, 601.00, 610.00, 595.20, 595.20, 597.55, 599.31, 418, 2.51, 56, 337, 80.62
GLOTTIS, EQ, 09-Sep-2026, 57.13, 56.51, 59.48, 56.50, 59.27, 59.03, 58.34, 58650, 34.22, 1208, 32284, 55.05
GMBREW, EQ, 09-Sep-2026, 927.75, 927.70, 927.75, 912.90, 916.50, 917.70, 917.05, 23995, 220.05, 1860, 13861, 57.77
GMDCLTD, EQ, 09-Sep-2026, 568.85, 571.70, 585.00, 569.95, 573.85, 574.55, 578.88, 1869082, 10819.68, 44546, 536343, 28.70
GML, SM, 09-Sep-2026, 16.95, 16.95, 17.00, 16.50, 16.50, 16.85, 16.94, 18000, 3.05, 6, 18000, 100.00
GMMPFAUDLR, EQ, 09-Sep-2026, 1285.20, 1305.00, 1352.00, 1297.70, 1305.00, 1305.40, 1320.17, 875591, 11559.26, 51019, 351256, 40.12
GMRAIRPORT, EQ, 09-Sep-2026, 97.00, 97.02, 98.73, 96.26, 98.65, 98.65, 97.81, 11994804, 11732.45, 41612, 6315497, 52.65
GMRP&UI, EQ, 09-Sep-2026, 95.61, 96.20, 96.55, 94.00, 94.51, 94.82, 95.09, 1211553, 1152.01, 9148, 604993, 49.94
GNA, EQ, 09-Sep-2026, 553.40, 558.00, 562.00, 536.50, 541.90, 539.55, 547.51, 303293, 1660.56, 10605, 146893, 48.43
GNFC, EQ, 09-Sep-2026, 589.10, 564.00, 579.75, 556.50, 577.00, 574.60, 565.86, 850758, 4814.13, 21029, 349664, 41.10
GNRL, EQ, 09-Sep-2026, 108.95, 110.70, 112.00, 108.10, 108.25, 109.03, 110.28, 149510, 164.89, 4429, 54476, 36.44
GOACARBON, EQ, 09-Sep-2026, 386.25, 400.00, 463.50, 400.00, 463.50, 463.50, 452.80, 1188458, 5381.29, 15901, 275500, 23.18
GOCLCORP, EQ, 09-Sep-2026, 435.60, 435.95, 439.90, 430.00, 433.00, 431.70, 433.76, 111213, 482.40, 4432, 65818, 59.18
GOCOLORS, EQ, 09-Sep-2026, 327.45, 325.00, 330.20, 323.00, 325.00, 325.85, 324.98, 39458, 128.23, 1696, 18595, 47.13
GODAVARIB, EQ, 09-Sep-2026, 244.37, 243.52, 244.19, 237.50, 237.61, 238.46, 240.33, 53461, 128.48, 1540, 34270, 64.10
GODFRYPHLP, EQ, 09-Sep-2026, 2010.00, 2010.00, 2010.00, 1972.00, 1978.50, 1978.50, 1985.07, 184308, 3658.64, 16916, 79316, 43.03
GODIGIT, EQ, 09-Sep-2026, 259.15, 256.25, 259.05, 252.90, 252.90, 253.30, 253.85, 187554, 476.11, 7171, 101026, 53.87
GODREJAGRO, EQ, 09-Sep-2026, 673.60, 675.00, 679.25, 657.90, 673.50, 674.65, 672.44, 322590, 2169.21, 16953, 138229, 42.85
GODREJCP, EQ, 09-Sep-2026, 865.00, 867.95, 867.95, 856.10, 863.80, 863.80, 863.25, 1440335, 12433.63, 28933, 918788, 63.79
GODREJIND, EQ, 09-Sep-2026, 1144.00, 1135.60, 1143.00, 1124.40, 1127.00, 1133.40, 1133.27, 45380, 514.28, 5786, 24582, 54.17
GODREJPROP, EQ, 09-Sep-2026, 1906.60, 1905.50, 1908.20, 1855.00, 1857.10, 1857.10, 1878.43, 538632, 10117.82, 21317, 244792, 45.45
GOKEX, EQ, 09-Sep-2026, 781.30, 786.20, 797.50, 770.10, 780.10, 785.45, 781.58, 287821, 2249.56, 15000, 107664, 37.41
GOKUL, EQ, 09-Sep-2026, 42.54, 42.54, 43.27, 42.12, 42.60, 42.78, 42.83, 171792, 73.57, 659, 34851, 20.29
GOKULAGRO, EQ, 09-Sep-2026, 233.15, 233.00, 234.00, 229.50, 230.02, 230.56, 231.50, 204827, 474.17, 6730, 121430, 59.28
GOLD1, EQ, 09-Sep-2026, 127.09, 127.00, 127.54, 126.36, 126.93, 126.95, 126.93, 1836693, 2331.24, 6915, 1048796, 57.10
GOLD360, EQ, 09-Sep-2026, 148.25, 148.25, 148.95, 147.40, 148.05, 148.25, 148.51, 90083, 133.79, 249, 80748, 89.64
GOLDADD, EQ, 09-Sep-2026, 14.79, 14.85, 14.87, 14.70, 14.74, 14.80, 14.81, 2913131, 431.38, 3524, 1979836, 67.96
GOLDAXIS, EQ, 09-Sep-2026, 126.86, 126.70, 127.36, 126.07, 126.79, 126.81, 126.97, 1146170, 1455.25, 2892, 870557, 75.95
GOLDBEES, EQ, 09-Sep-2026, 125.84, 125.50, 126.31, 125.15, 125.72, 125.78, 125.78, 15054022, 18935.14, 64117, 6360892, 42.25
GOLDBETA, EQ, 09-Sep-2026, 128.15, 128.15, 128.60, 127.05, 128.15, 128.25, 128.17, 523716, 671.25, 1921, 435752, 83.20
GOLDBND, EQ, 09-Sep-2026, 152.36, 152.36, 152.69, 151.15, 151.47, 152.03, 151.99, 6005, 9.13, 114, 4568, 76.07
GOLDCASE, EQ, 09-Sep-2026, 23.95, 23.91, 24.05, 23.82, 23.95, 23.96, 23.94, 7654601, 1832.88, 8720, 2661081, 34.76
GOLDENTOBC, BZ, 09-Sep-2026, 25.30, 25.75, 25.75, 24.11, 25.20, 25.10, 24.66, 1108, 0.27, 61, -, -
GOLDETF, EQ, 09-Sep-2026, 147.88, 146.55, 148.46, 146.55, 147.95, 148.05, 148.09, 1006579, 1490.67, 5437, 597966, 59.41
GOLDIAM, EQ, 09-Sep-2026, 338.20, 341.00, 341.10, 328.25, 329.00, 329.80, 333.27, 512298, 1707.34, 10306, 245013, 47.83
GOLDIETF, EQ, 09-Sep-2026, 130.38, 130.20, 130.89, 129.61, 130.28, 130.37, 130.43, 4152752, 5416.25, 26100, 2535212, 61.05
GOLDSTAR, SM, 09-Sep-2026, 7.60, 7.45, 7.80, 7.40, 7.50, 7.50, 7.59, 56250, 4.27, 5, 45000, 80.00
GOLDTECH, BE, 09-Sep-2026, 48.01, 48.01, 48.39, 47.15, 47.50, 47.50, 47.91, 10933, 5.24, 58, -, -
GOODLUCK, EQ, 09-Sep-2026, 515.65, 516.55, 539.00, 512.80, 514.20, 515.80, 526.60, 1179600, 6211.80, 42870, 477529, 40.48
GOODYEAR, EQ, 09-Sep-2026, 725.20, 730.00, 730.00, 723.05, 729.60, 729.35, 727.62, 2468, 17.96, 282, 1799, 72.89
GOPAL, EQ, 09-Sep-2026, 264.20, 263.00, 264.00, 261.00, 261.10, 261.85, 262.25, 53441, 140.15, 2966, 30968, 57.95
GOYALALUM, EQ, 09-Sep-2026, 6.21, 6.10, 6.27, 6.10, 6.16, 6.16, 6.18, 31666, 1.96, 331, 22429, 70.83
GOYALSALT, SM, 09-Sep-2026, 103.05, 102.00, 102.00, 101.00, 101.00, 101.00, 101.20, 3000, 3.04, 5, 3000, 100.00
GPECO, SM, 09-Sep-2026, 408.70, 402.00, 415.00, 402.00, 409.10, 410.95, 406.85, 17200, 69.98, 47, 13000, 75.58
GPIL, EQ, 09-Sep-2026, 245.71, 245.00, 255.00, 243.99, 252.50, 253.04, 251.56, 3124495, 7860.00, 34767, 1366825, 43.75
GPPL, EQ, 09-Sep-2026, 160.58, 160.58, 164.20, 158.01, 158.50, 158.59, 160.41, 1549197, 2485.12, 19008, 789346, 50.95
GPTHEALTH, EQ, 09-Sep-2026, 160.70, 159.50, 163.26, 158.86, 163.00, 162.63, 161.48, 119726, 193.33, 3074, 68915, 57.56
GPTINFRA, EQ, 09-Sep-2026, 111.42, 111.24, 114.71, 109.92, 111.80, 111.39, 112.37, 374389, 420.69, 3828, 102821, 27.46
GRADIENTE, EQ, 09-Sep-2026, 2.54, 2.63, 2.63, 2.48, 2.54, 2.55, 2.58, 2023521, 52.17, 665, 899582, 44.46
GRANDOAK, EQ, 09-Sep-2026, 34.56, 36.15, 36.28, 35.26, 36.28, 36.26, 36.19, 6576, 2.38, 59, 5374, 81.72
GRANULES, EQ, 09-Sep-2026, 895.35, 899.75, 901.80, 878.10, 880.50, 884.80, 889.07, 1406377, 12503.69, 49838, 859427, 61.11
GRAPHISAD, SM, 09-Sep-2026, 25.35, 26.50, 26.50, 26.40, 26.40, 26.40, 26.43, 6000, 1.59, 5, 4800, 80.00
GRAPHITE, EQ, 09-Sep-2026, 734.25, 812.90, 874.35, 775.00, 843.00, 844.65, 843.40, 36292952, 306095.86, 606087, 5077628, 13.99
GRASIM, EQ, 09-Sep-2026, 3306.80, 3305.00, 3320.00, 3279.00, 3300.00, 3300.00, 3294.97, 850901, 28036.94, 30234, 532560, 62.59
GRAUWEIL, EQ, 09-Sep-2026, 72.01, 72.09, 73.80, 71.04, 73.11, 72.67, 72.04, 306598, 220.88, 3761, 197921, 64.55
GRAVISSHO, EQ, 09-Sep-2026, 28.67, 29.25, 34.40, 28.50, 30.00, 29.66, 32.20, 472614, 152.16, 1037, 377131, 79.80
GRAVITA, EQ, 09-Sep-2026, 1682.30, 1682.30, 1724.00, 1677.50, 1704.00, 1696.40, 1699.89, 146729, 2494.24, 16707, 53305, 36.33
GRCL, SM, 09-Sep-2026, 575.00, 555.00, 599.90, 551.00, 561.00, 561.00, 566.41, 1750, 9.91, 7, 1500, 85.71
GREAVESCOT, EQ, 09-Sep-2026, 193.06, 192.65, 194.70, 190.60, 191.71, 192.38, 192.11, 561514, 1078.75, 8015, 233184, 41.53
GREENCHEF, SM, 09-Sep-2026, 61.90, 61.90, 67.50, 61.90, 67.00, 66.30, 66.17, 7200, 4.76, 8, 6400, 88.89
GREENLAM, EQ, 09-Sep-2026, 235.53, 235.30, 237.94, 234.70, 235.00, 236.25, 236.10, 19363, 45.72, 888, 11809, 60.99
GREENLEAF, ST, 09-Sep-2026, 116.25, 114.00, 114.00, 110.45, 110.45, 110.45, 111.70, 11000, 12.29, 8, 10000, 90.91
GREENPANEL, EQ, 09-Sep-2026, 161.69, 161.00, 164.25, 158.01, 161.00, 160.67, 160.05, 180431, 288.77, 4385, 119619, 66.30
GREENPLY, EQ, 09-Sep-2026, 299.35, 299.00, 299.85, 292.20, 293.40, 293.65, 294.77, 148974, 439.13, 4045, 78366, 52.60
GREENPOWER, EQ, 09-Sep-2026, 9.14, 9.14, 10.49, 9.06, 9.56, 9.54, 9.93, 46749101, 4641.79, 149456, 6872971, 14.70
GRINDWELL, EQ, 09-Sep-2026, 1922.80, 1922.80, 1923.90, 1881.00, 1898.00, 1893.10, 1899.23, 18388, 349.23, 3705, 10738, 58.40
GRINFRA, EQ, 09-Sep-2026, 859.30, 853.65, 869.95, 852.30, 869.95, 858.50, 857.67, 9779, 83.87, 1841, 3784, 38.70
GRMOVER, EQ, 09-Sep-2026, 88.17, 88.99, 88.99, 85.46, 88.03, 88.14, 86.78, 1430309, 1241.24, 12882, 323632, 22.63
GROBTEA, EQ, 09-Sep-2026, 966.00, 967.00, 968.00, 940.10, 940.15, 945.95, 952.64, 50, 0.48, 18, 33, 66.00
GROWW, EQ, 09-Sep-2026, 195.24, 195.00, 195.50, 192.18, 194.45, 194.63, 193.94, 20798963, 40338.44, 116432, 12537421, 60.28
GROWWCAPM, EQ, 09-Sep-2026, 11.43, 11.59, 11.59, 11.30, 11.40, 11.35, 11.35, 563044, 63.91, 861, 382773, 67.98
GROWWCHEM, EQ, 09-Sep-2026, 30.21, 29.90, 30.21, 29.90, 30.10, 30.10, 30.11, 52069, 15.68, 206, 31272, 60.06
GROWWDEFNC, EQ, 09-Sep-2026, 99.97, 100.01, 100.73, 98.14, 99.28, 99.25, 99.30, 271306, 269.40, 2955, 158558, 58.44
GROWWEV, EQ, 09-Sep-2026, 32.23, 31.89, 32.34, 31.89, 32.07, 32.21, 32.14, 260637, 83.76, 2128, 147508, 56.60
GROWWGOLD, EQ, 09-Sep-2026, 14.85, 14.84, 14.94, 14.77, 14.87, 14.87, 14.87, 3485550, 518.22, 4328, 1960886, 56.26
GROWWHOSPI, EQ, 09-Sep-2026, 51.89, 52.93, 52.93, 51.81, 52.50, 52.60, 52.55, 633992, 333.19, 970, 401441, 63.32
GROWWLIQID, EQ, 09-Sep-2026, 110.66, 110.66, 110.68, 110.54, 110.67, 110.67, 110.68, 289704, 320.63, 226, 180547, 62.32
GROWWLOVOL, EQ, 09-Sep-2026, 10.20, 10.40, 10.40, 10.14, 10.23, 10.18, 10.20, 7351, 0.75, 102, 4085, 55.57
GROWWMC150, EQ, 09-Sep-2026, 230.25, 232.35, 232.41, 229.62, 230.90, 230.90, 230.87, 587, 1.36, 26, 385, 65.59
GROWWMETAL, EQ, 09-Sep-2026, 12.48, 12.79, 12.80, 12.40, 12.67, 12.70, 12.70, 534513, 67.91, 1299, 335014, 62.68
GROWWMOM50, EQ, 09-Sep-2026, 11.05, 11.18, 11.18, 11.01, 11.14, 11.12, 11.10, 237006, 26.30, 447, 182364, 76.94
GROWWN200, EQ, 09-Sep-2026, 11.17, 11.17, 11.32, 11.10, 11.17, 11.17, 11.18, 29037, 3.25, 213, 24688, 85.02
GROWWNET, EQ, 09-Sep-2026, 10.86, 10.99, 11.20, 10.66, 10.70, 10.77, 10.81, 399148, 43.15, 2095, 159164, 39.88
GROWWNIFTY, EQ, 09-Sep-2026, 9.58, 9.81, 9.81, 9.35, 9.51, 9.51, 9.52, 1082032, 102.98, 3920, 759973, 70.24
GROWWNXT50, EQ, 09-Sep-2026, 74.60, 74.47, 75.10, 73.11, 74.00, 73.82, 73.42, 6879, 5.05, 143, 4243, 61.68
GROWWPOWER, EQ, 09-Sep-2026, 11.34, 11.59, 11.59, 11.31, 11.46, 11.43, 11.45, 13766421, 1576.09, 2647, 12239280, 88.91
GROWWPSE, EQ, 09-Sep-2026, 98.16, 99.48, 99.48, 96.20, 98.92, 98.50, 98.32, 2210, 2.17, 119, 1407, 63.67
GROWWPSUBK, EQ, 09-Sep-2026, 84.49, 83.71, 84.70, 83.57, 84.00, 84.06, 84.23, 4654, 3.92, 103, 2505, 53.82
GROWWRAIL, EQ, 09-Sep-2026, 27.79, 28.00, 28.00, 27.69, 27.80, 27.78, 27.81, 442887, 123.17, 1896, 277573, 62.67
GROWWRLTY, EQ, 09-Sep-2026, 10.03, 10.00, 10.35, 9.80, 9.85, 9.84, 9.89, 540756, 53.49, 879, 372609, 68.91
GROWWSC250, EQ, 09-Sep-2026, 10.64, 10.64, 10.72, 10.62, 10.65, 10.65, 10.65, 157749, 16.81, 496, 118609, 75.19
GROWWSLVR, EQ, 09-Sep-2026, 22.65, 22.86, 22.94, 22.70, 22.81, 22.77, 22.83, 1478790, 337.56, 3063, 663835, 44.89
GRPLTD, EQ, 09-Sep-2026, 2001.40, 1980.00, 2040.00, 1980.00, 2039.00, 2026.90, 2018.82, 1215, 24.53, 314, 799, 65.76
GRSE, EQ, 09-Sep-2026, 2525.70, 2525.70, 2553.30, 2488.10, 2498.00, 2493.90, 2503.75, 237008, 5934.09, 16667, 108084, 45.60
GRWRHITECH, EQ, 09-Sep-2026, 6975.50, 6920.00, 6966.00, 6735.50, 6778.00, 6752.50, 6823.09, 36942, 2520.59, 10474, 18725, 50.69
GSEC10ABSL, EQ, 09-Sep-2026, 112.93, 112.93, 113.27, 111.82, 113.27, 113.27, 111.98, 34, 0.04, 3, 30, 88.24
GSEC10ADD, EQ, 09-Sep-2026, 26.83, 26.80, 26.80, 26.80, 26.80, 26.80, 26.80, 6, 0.00, 2, 6, 100.00
GSEC10IETF, EQ, 09-Sep-2026, 262.18, 262.43, 265.05, 262.43, 262.68, 262.81, 263.07, 130, 0.34, 9, 106, 81.54
GSEC10YEAR, EQ, 09-Sep-2026, 30.30, 30.45, 30.45, 30.30, 30.44, 30.44, 30.38, 68, 0.02, 11, 34, 50.00
GSEC5IETF, EQ, 09-Sep-2026, 66.24, 66.25, 66.80, 66.24, 66.24, 66.24, 66.60, 3785, 2.52, 31, 2432, 64.25
GSFC, EQ, 09-Sep-2026, 160.81, 160.90, 161.75, 159.47, 159.90, 160.03, 160.06, 1931299, 3091.16, 12603, 1346528, 69.72
GSLSU, EQ, 09-Sep-2026, 29.30, 29.77, 29.90, 27.84, 27.84, 27.84, 28.35, 51751, 14.67, 405, 29996, 57.96
GSMFOILS, SM, 09-Sep-2026, 100.35, 95.60, 101.95, 95.35, 95.35, 95.35, 96.66, 1164500, 1125.66, 1126, 547500, 47.02
GSPCROP, EQ, 09-Sep-2026, 531.00, 524.85, 531.40, 479.95, 491.65, 491.35, 494.23, 1797785, 8885.13, 44163, 570895, 31.76
GSS, EQ, 09-Sep-2026, 10.96, 11.00, 11.15, 10.71, 10.96, 10.88, 10.91, 32036, 3.50, 194, 19614, 61.22
GSTL, SM, 09-Sep-2026, 11.25, 11.70, 11.80, 11.30, 11.75, 11.60, 11.73, 69000, 8.10, 36, 63000, 91.30
GTECJAINX, BE, 09-Sep-2026, 28.05, 27.98, 29.00, 26.65, 26.65, 26.87, 27.86, 10450, 2.91, 59, -, -
GTL, EQ, 09-Sep-2026, 7.02, 7.25, 7.32, 7.04, 7.19, 7.16, 7.19, 254178, 18.28, 611, 148670, 58.49
GTLINFRA, EQ, 09-Sep-2026, 1.18, 1.18, 1.18, 1.16, 1.16, 1.16, 1.17, 33191149, 388.60, 10357, 13108726, 39.49
GTPL, EQ, 09-Sep-2026, 58.08, 58.08, 58.89, 57.52, 58.50, 58.29, 58.15, 35618, 20.71, 605, 23695, 66.53
GUFICBIO, EQ, 09-Sep-2026, 440.30, 439.45, 445.00, 425.80, 428.10, 428.85, 433.66, 79726, 345.74, 4384, 39993, 50.16
GUJALKALI, EQ, 09-Sep-2026, 718.75, 718.75, 721.75, 706.05, 712.00, 712.55, 711.67, 63316, 450.60, 4577, 28174, 44.50
GUJAPOLLO, EQ, 09-Sep-2026, 342.20, 342.60, 348.40, 340.05, 345.00, 345.00, 344.82, 5966, 20.57, 277, 4332, 72.61
GUJENERGY, EQ, 09-Sep-2026, 260.18, 258.59, 262.18, 258.18, 259.37, 258.97, 259.37, 1102322, 2859.10, 30762, 652521, 59.20
GUJRAFFIA, EQ, 09-Sep-2026, 41.95, 41.95, 41.95, 40.13, 40.90, 40.90, 40.82, 1281, 0.52, 53, 855, 66.74
GUJTHEM, EQ, 09-Sep-2026, 453.25, 455.95, 459.35, 427.00, 430.80, 430.75, 442.53, 618616, 2737.58, 16537, 303479, 49.06
GULFOILLUB, EQ, 09-Sep-2026, 1057.60, 1057.60, 1090.10, 1049.60, 1075.10, 1081.10, 1071.47, 87698, 939.66, 8420, 48111, 54.86
GULFPETRO, BE, 09-Sep-2026, 64.62, 64.29, 67.85, 64.00, 67.75, 67.21, 67.14, 207186, 139.11, 635, -, -
GULPOLY, EQ, 09-Sep-2026, 181.96, 181.99, 183.10, 179.20, 179.20, 179.86, 180.60, 155791, 281.36, 2008, 106186, 68.16
GURUNANAK, SM, 09-Sep-2026, 36.85, 38.65, 38.65, 38.65, 38.65, 38.65, 38.65, 8000, 3.09, 5, 8000, 100.00
GVKPIL, BE, 09-Sep-2026, 2.13, 2.17, 2.17, 2.17, 2.17, 2.17, 2.17, 179151, 3.89, 188, -, -
GVPIL, EQ, 09-Sep-2026, 656.20, 656.20, 672.70, 647.00, 661.00, 659.25, 660.57, 237847, 1571.14, 10781, 102018, 42.89
GVPTECH, BE, 09-Sep-2026, 8.03, 7.87, 8.20, 7.80, 8.00, 7.97, 7.94, 67259, 5.34, 251, -, -
GVT&D, EQ, 09-Sep-2026, 4750.00, 4774.00, 4825.00, 4638.80, 4673.00, 4673.00, 4725.50, 1094528, 51721.95, 92415, 371978, 33.99
GYFTR, EQ, 09-Sep-2026, 186.02, 186.90, 187.77, 180.11, 183.00, 181.70, 182.42, 47501, 86.65, 860, 33843, 71.25
HAL, EQ, 09-Sep-2026, 5031.10, 5031.10, 5097.40, 5000.50, 5000.50, 5000.50, 5046.58, 1669937, 84274.66, 83594, 856205, 51.27
HALDER, EQ, 09-Sep-2026, 293.55, 293.85, 294.00, 276.05, 276.55, 282.45, 291.17, 20732, 60.37, 221, 5173, 24.95
HALDYNGL, BE, 09-Sep-2026, 141.14, 141.84, 144.05, 140.40, 141.00, 141.07, 141.81, 48565, 68.87, 166, -, -
HALEOSLABS, EQ, 09-Sep-2026, 1448.10, 1454.00, 1497.30, 1450.00, 1471.40, 1470.90, 1456.24, 733, 10.67, 41, 669, 91.27
HAMPTON, EQ, 09-Sep-2026, 8.59, 8.59, 8.85, 8.06, 8.12, 8.49, 8.48, 390289, 33.11, 182, 374735, 96.01
HAPPSTMNDS, EQ, 09-Sep-2026, 345.65, 343.10, 343.10, 337.10, 338.75, 339.50, 339.82, 789142, 2681.67, 15757, 310999, 39.41
HAPPY, SM, 09-Sep-2026, 87.35, 84.50, 85.95, 83.50, 84.95, 84.95, 84.48, 40000, 33.79, 20, 22000, 55.00
HAPPYFORGE, EQ, 09-Sep-2026, 2230.30, 2230.30, 2341.80, 2230.30, 2260.00, 2256.70, 2267.57, 53191, 1206.14, 14271, 36189, 68.04
HARDWYN, EQ, 09-Sep-2026, 9.14, 9.15, 9.20, 7.61, 9.16, 8.93, 8.96, 1117076, 100.07, 1645, 278118, 24.90
HARIOMPIPE, EQ, 09-Sep-2026, 371.70, 370.00, 372.00, 365.00, 365.00, 366.15, 367.24, 89526, 328.78, 3458, 39000, 43.56
HARRMALAYA, EQ, 09-Sep-2026, 189.92, 190.59, 190.59, 186.70, 186.75, 187.72, 188.37, 6634, 12.50, 286, 5254, 79.20
HARSHA, EQ, 09-Sep-2026, 466.80, 466.80, 470.95, 449.05, 451.00, 453.40, 455.51, 175392, 798.93, 6471, 100187, 57.12
HATHWAY, EQ, 09-Sep-2026, 10.29, 10.28, 10.30, 10.21, 10.22, 10.22, 10.24, 847215, 86.75, 1736, 469784, 55.45
HATSUN, EQ, 09-Sep-2026, 1198.00, 1200.00, 1215.00, 1155.10, 1200.00, 1199.10, 1183.77, 122744, 1453.01, 9724, 52075, 42.43
HAVELLS, EQ, 09-Sep-2026, 1140.00, 1136.00, 1143.50, 1118.90, 1120.40, 1120.40, 1127.46, 608049, 6855.52, 40847, 359311, 59.09
HAVISHA, EQ, 09-Sep-2026, 1.33, 1.35, 1.36, 1.30, 1.35, 1.35, 1.34, 18739, 0.25, 65, 18735, 99.98
HAWKINCOOK, EQ, 09-Sep-2026, 8212.00, 8340.00, 8640.00, 8337.00, 8515.00, 8504.50, 8539.16, 5000, 426.96, 1465, 2834, 56.68
HAZOOR, EQ, 09-Sep-2026, 19.97, 20.37, 20.59, 19.67, 19.75, 19.88, 20.29, 641192, 130.10, 1483, 194211, 30.29
HBESD, EQ, 09-Sep-2026, 76.66, 74.25, 74.25, 72.09, 72.81, 72.81, 73.12, 253, 0.18, 19, 183, 72.33
HBLENGINE, EQ, 09-Sep-2026, 731.25, 732.65, 772.80, 726.00, 728.00, 730.10, 750.19, 6705010, 50300.03, 154190, 1790791, 26.71
HBPOR, EQ, 09-Sep-2026, 61.79, 58.56, 61.50, 58.56, 59.05, 59.37, 61.42, 928, 0.57, 19, 928, 100.00
HBSL, EQ, 09-Sep-2026, 54.01, 54.40, 54.40, 52.10, 52.86, 52.86, 52.94, 2927, 1.55, 120, 2336, 79.81
HCC, EQ, 09-Sep-2026, 23.86, 23.66, 23.95, 23.22, 23.35, 23.43, 23.52, 25015712, 5884.28, 26771, 8948955, 35.77
HCG, EQ, 09-Sep-2026, 690.60, 692.90, 715.65, 688.00, 712.70, 712.55, 707.40, 123628, 874.55, 13263, 66302, 53.63
HCL-INSYS, EQ, 09-Sep-2026, 10.12, 10.02, 10.29, 10.02, 10.10, 10.09, 10.12, 166878, 16.89, 672, 95458, 57.20
HCLTECH, EQ, 09-Sep-2026, 1277.00, 1248.80, 1264.80, 1222.70, 1229.80, 1229.80, 1235.52, 2099173, 25935.71, 79263, 856018, 40.78
HDBFS, EQ, 09-Sep-2026, 683.10, 680.00, 684.80, 673.10, 675.00, 675.05, 675.34, 424779, 2868.71, 8851, 343241, 80.80
HDFCAMC, EQ, 09-Sep-2026, 2447.30, 2444.00, 2446.40, 2410.90, 2440.00, 2440.00, 2426.02, 455316, 11046.04, 30539, 203501, 44.69
HDFCBANK, EQ, 09-Sep-2026, 703.00, 698.00, 700.00, 687.10, 687.10, 687.10, 693.47, 39173990, 271661.63, 525234, 26163697, 66.79
HDFCBSE500, EQ, 09-Sep-2026, 37.35, 37.36, 37.36, 36.80, 36.80, 37.00, 36.99, 2479438, 917.23, 436, 2145937, 86.55
HDFCGOLD, EQ, 09-Sep-2026, 130.18, 129.99, 130.55, 129.35, 129.92, 130.06, 130.07, 2291910, 2981.12, 11178, 1273931, 55.58
HDFCGROWTH, EQ, 09-Sep-2026, 117.33, 117.02, 117.02, 115.71, 115.96, 116.15, 116.02, 18270, 21.20, 278, 10552, 57.76
HDFCLIFE, EQ, 09-Sep-2026, 533.80, 533.70, 534.60, 508.95, 514.00, 514.00, 517.48, 9024185, 46698.47, 110697, 4194438, 46.48
HDFCLIQUID, EQ, 09-Sep-2026, 1077.00, 1077.13, 1077.13, 1077.11, 1077.11, 1077.12, 1077.12, 21185, 228.19, 50, 12453, 58.78
HDFCLOWVOL, EQ, 09-Sep-2026, 20.29, 20.79, 20.79, 20.00, 20.17, 20.10, 20.14, 4649, 0.94, 94, 1916, 41.21
HDFCMID150, EQ, 09-Sep-2026, 23.42, 23.42, 23.42, 23.24, 23.34, 23.30, 23.32, 247192, 57.64, 1334, 172848, 69.92
HDFCMOMENT, EQ, 09-Sep-2026, 31.23, 31.33, 31.56, 31.19, 31.52, 31.36, 31.36, 204344, 64.08, 629, 136555, 66.83
HDFCNEXT50, EQ, 09-Sep-2026, 74.50, 74.78, 75.00, 74.08, 74.79, 74.58, 74.57, 77234, 57.59, 555, 47688, 61.74
HDFCNIF100, EQ, 09-Sep-2026, 25.71, 25.71, 25.96, 25.53, 25.53, 25.55, 25.60, 16271, 4.17, 285, 12798, 78.66
HDFCNIFBAN, EQ, 09-Sep-2026, 58.55, 58.40, 58.51, 58.00, 58.23, 58.16, 58.31, 181659, 105.92, 528, 100981, 55.59
HDFCNIFIT, EQ, 09-Sep-2026, 32.00, 31.77, 31.77, 30.81, 31.01, 30.90, 30.99, 354288, 109.81, 803, 260314, 73.48
HDFCNIFTY, EQ, 09-Sep-2026, 267.23, 266.91, 266.91, 265.03, 266.04, 265.24, 265.51, 180394, 478.96, 1300, 152353, 84.46
HDFCNIMEG, EQ, 09-Sep-2026, 131.80, 132.17, 134.27, 131.98, 133.50, 133.99, 133.92, 36595, 49.01, 141, 33753, 92.23
HDFCPSUBK, EQ, 09-Sep-2026, 84.59, 84.46, 85.26, 84.26, 84.26, 84.75, 84.92, 22385, 19.01, 182, 15059, 67.27
HDFCPVTBAN, EQ, 09-Sep-2026, 28.04, 28.04, 28.04, 27.65, 27.99, 27.89, 27.89, 69478, 19.38, 317, 52639, 75.76
HDFCQUAL, EQ, 09-Sep-2026, 58.25, 57.96, 57.96, 57.63, 57.70, 57.72, 57.83, 5316, 3.07, 134, 3045, 57.28
HDFCSENSEX, EQ, 09-Sep-2026, 85.99, 88.13, 88.13, 85.01, 85.46, 85.46, 85.30, 131101, 111.82, 1015, 70244, 53.58
HDFCSILVER, EQ, 09-Sep-2026, 221.31, 221.31, 223.65, 221.31, 222.37, 222.54, 222.65, 1537585, 3423.40, 7055, 571162, 37.15
HDFCSML250, EQ, 09-Sep-2026, 186.57, 187.12, 187.12, 185.01, 185.35, 185.46, 185.98, 1166407, 2169.30, 11758, 743873, 63.77
HDFCVALUE, EQ, 09-Sep-2026, 123.92, 123.19, 128.00, 122.61, 123.12, 122.89, 122.97, 12597, 15.49, 131, 6850, 54.38
HDIL, BZ, 09-Sep-2026, 1.50, 1.54, 1.54, 1.48, 1.51, 1.49, 1.50, 76865, 1.15, 168, -, -
HEADSUP, EQ, 09-Sep-2026, 7.04, 7.25, 7.25, 6.60, 6.71, 6.94, 7.07, 23178, 1.64, 76, 18043, 77.85
HEALTHADD, EQ, 09-Sep-2026, 16.67, 16.81, 16.92, 16.71, 16.80, 16.75, 16.78, 15029, 2.52, 83, 10962, 72.94
HEALTHAXIS, EQ, 09-Sep-2026, 169.31, 170.43, 170.90, 168.18, 168.87, 168.88, 168.77, 1412, 2.38, 77, 872, 61.76
HEALTHCARE, EQ, 09-Sep-2026, 21.82, 21.82, 22.26, 21.73, 21.82, 21.79, 21.79, 64343, 14.02, 219, 39905, 62.02
HEALTHIETF, EQ, 09-Sep-2026, 170.85, 172.56, 172.56, 169.19, 169.19, 170.12, 170.64, 68931, 117.62, 1091, 23187, 33.64
HEALTHX, EQ, 09-Sep-2026, 302.60, 302.85, 304.00, 297.00, 303.00, 299.50, 301.76, 4355, 13.14, 142, 3951, 90.72
HEALTHY, EQ, 09-Sep-2026, 17.09, 17.17, 17.25, 16.95, 17.02, 17.05, 17.10, 246034, 42.08, 880, 157407, 63.98
HECPROJECT, EQ, 09-Sep-2026, 122.98, 126.40, 126.40, 122.05, 122.50, 122.14, 123.02, 6948, 8.55, 73, 5508, 79.27
HEG, BE, 09-Sep-2026, 258.60, 257.00, 271.50, 255.00, 263.10, 262.75, 268.28, 3289030, 8823.84, 25665, -, -
HEIDELBERG, EQ, 09-Sep-2026, 159.72, 160.19, 160.50, 159.49, 159.90, 159.86, 159.86, 326934, 522.64, 2568, 225045, 68.83
HEMIPROP, EQ, 09-Sep-2026, 124.41, 124.02, 125.40, 122.15, 123.30, 123.18, 123.41, 310633, 383.34, 2594, 175991, 56.66
HERANBA, EQ, 09-Sep-2026, 172.80, 173.62, 174.97, 170.51, 173.99, 173.93, 173.36, 31477, 54.57, 1070, 17815, 56.60
HERITGFOOD, EQ, 09-Sep-2026, 382.15, 382.10, 383.30, 377.00, 380.00, 380.10, 379.88, 279635, 1062.28, 5844, 130196, 46.56
HEROMOTOCO, EQ, 09-Sep-2026, 5333.50, 5266.50, 5297.00, 5205.50, 5218.00, 5218.00, 5241.33, 532099, 27889.08, 49014, 262768, 49.38
HESTERBIO, EQ, 09-Sep-2026, 2318.30, 2316.90, 2360.00, 2257.40, 2330.00, 2322.60, 2292.99, 3779, 86.65, 778, 1693, 44.80
HEXAGON, BE, 09-Sep-2026, 64.21, 63.50, 67.42, 62.50, 67.42, 67.42, 66.61, 226751, 151.05, 610, -, -
HEXATRADEX, EQ, 09-Sep-2026, 157.34, 160.80, 160.80, 156.15, 156.15, 156.24, 156.68, 10694, 16.76, 95, 10347, 96.76
HEXT, EQ, 09-Sep-2026, 518.85, 517.75, 518.45, 506.55, 511.00, 509.90, 513.11, 138830, 712.35, 6686, 55846, 40.23
HFCL, BE, 09-Sep-2026, 250.76, 249.50, 254.00, 240.65, 246.00, 245.43, 248.03, 6833419, 16949.23, 36223, -, -
HGINFRA, EQ, 09-Sep-2026, 484.55, 483.00, 483.15, 476.25, 479.30, 478.55, 479.20, 26825, 128.54, 2132, 14686, 54.75
HGM, EQ, 09-Sep-2026, 50.16, 51.05, 51.35, 49.65, 50.12, 50.49, 50.61, 2341, 1.18, 54, 1528, 65.27
HGS, EQ, 09-Sep-2026, 387.95, 387.00, 393.90, 381.00, 385.00, 384.75, 386.61, 11159, 43.14, 1022, 7619, 68.28
HIGREEN, SM, 09-Sep-2026, 121.10, 120.00, 121.95, 119.25, 119.25, 119.25, 120.52, 7200, 8.68, 9, 6400, 88.89
HIKAL, EQ, 09-Sep-2026, 246.01, 245.88, 245.90, 238.76, 240.60, 240.69, 241.41, 1270796, 3067.87, 18470, 350845, 27.61
HILINFRA, EQ, 09-Sep-2026, 43.70, 43.25, 43.79, 43.10, 43.38, 43.28, 43.34, 40711, 17.65, 724, 22162, 54.44
HILTON, EQ, 09-Sep-2026, 18.65, 18.97, 18.97, 18.34, 18.40, 18.44, 18.56, 52156, 9.68, 268, 34072, 65.33
HIMATSEIDE, EQ, 09-Sep-2026, 69.46, 69.89, 70.30, 69.24, 69.75, 69.44, 69.71, 175080, 122.05, 2023, 92795, 53.00
HINDADH, EQ, 09-Sep-2026, 363.70, 363.70, 374.45, 357.00, 371.00, 367.20, 365.85, 1390, 5.09, 71, 1134, 81.58
HINDALCO, EQ, 09-Sep-2026, 1009.00, 1013.90, 1032.40, 1010.70, 1026.90, 1026.90, 1024.30, 3255790, 33349.13, 78439, 1703235, 52.31
HINDALUMI, EQ, 09-Sep-2026, 97.90, 97.95, 97.95, 96.35, 97.53, 97.38, 97.21, 531, 0.52, 45, 441, 83.05
HINDCOMPOS, EQ, 09-Sep-2026, 395.35, 395.35, 400.00, 380.20, 384.80, 387.05, 391.88, 4341, 17.01, 312, 2940, 67.73
HINDCON, EQ, 09-Sep-2026, 24.39, 24.74, 24.74, 23.65, 23.76, 23.71, 23.93, 28580, 6.84, 308, 18837, 65.91
HINDCOPPER, EQ, 09-Sep-2026, 532.85, 538.40, 545.00, 530.50, 530.50, 532.30, 538.07, 15102525, 81262.17, 154104, 4495524, 29.77
HINDOILEXP, EQ, 09-Sep-2026, 193.66, 194.62, 201.44, 193.90, 195.90, 195.83, 197.59, 3991694, 7887.07, 37949, 1270808, 31.84
HINDPETRO, EQ, 09-Sep-2026, 347.00, 345.55, 350.90, 343.55, 348.90, 348.90, 349.06, 5786455, 20198.15, 52857, 3484415, 60.22
HINDUNILVR, EQ, 09-Sep-2026, 1980.00, 1973.00, 1979.60, 1936.00, 1945.00, 1945.00, 1947.99, 1455307, 28349.27, 70847, 853939, 58.68
HINDWAREAP, EQ, 09-Sep-2026, 180.28, 181.46, 183.90, 179.00, 180.50, 179.66, 179.99, 81549, 146.78, 1660, 55688, 68.29
HINDZINC, EQ, 09-Sep-2026, 595.50, 595.00, 608.75, 593.10, 605.40, 605.40, 603.30, 6313228, 38088.00, 121620, 3106726, 49.21
HIRECT, EQ, 09-Sep-2026, 1281.40, 1281.40, 1318.50, 1263.00, 1272.00, 1273.60, 1293.09, 99771, 1290.13, 8134, 38668, 38.76
HISARMETAL, EQ, 09-Sep-2026, 160.26, 160.01, 160.01, 150.80, 155.00, 153.91, 154.16, 2386, 3.68, 178, 1346, 56.41
HITECH, EQ, 09-Sep-2026, 75.40, 75.00, 77.14, 74.58, 76.80, 76.79, 76.27, 1108418, 845.39, 7155, 547274, 49.37
HITECHCORP, BE, 09-Sep-2026, 335.95, 336.80, 340.00, 333.10, 335.50, 335.50, 336.89, 20809, 70.10, 89, -, -
HITECHGEAR, BE, 09-Sep-2026, 570.00, 576.00, 586.90, 562.00, 564.05, 582.45, 570.85, 2753, 15.72, 60, -, -
HLEGLAS, EQ, 09-Sep-2026, 334.50, 333.05, 367.95, 333.05, 367.95, 367.95, 362.40, 846199, 3066.62, 14397, 399345, 47.19
HLVLTD, EQ, 09-Sep-2026, 6.40, 6.33, 6.57, 6.32, 6.49, 6.47, 6.47, 139783, 9.04, 596, 114434, 81.87
HMAAGRO, EQ, 09-Sep-2026, 20.01, 20.11, 20.30, 19.80, 20.15, 20.02, 20.02, 1106812, 221.55, 2103, 554736, 50.12
HMT, BZ, 09-Sep-2026, 68.11, 69.00, 69.00, 65.50, 66.01, 66.24, 66.47, 18801, 12.50, 282, -, -
HMVL, BE, 09-Sep-2026, 81.98, 82.30, 82.30, 78.20, 79.50, 80.42, 80.00, 24250, 19.40, 229, -, -
HNDFDS, EQ, 09-Sep-2026, 623.50, 626.00, 626.00, 608.55, 615.65, 615.25, 619.90, 53963, 334.51, 3514, 29566, 54.79
HNGSNGBEES, EQ, 09-Sep-2026, 466.97, 478.64, 478.64, 463.82, 466.78, 466.33, 465.89, 79636, 371.02, 4313, 51529, 64.71
HOACFOODS, ST, 09-Sep-2026, 970.20, 950.80, 950.80, 950.80, 950.80, 950.80, 950.80, 2250, 21.39, 6, 2250, 100.00
HOLMARC, SM, 09-Sep-2026, 107.90, 108.00, 109.00, 108.00, 109.00, 109.00, 108.50, 3000, 3.26, 4, 3000, 100.00
HOMEFIRST, EQ, 09-Sep-2026, 1237.10, 1231.00, 1231.00, 1190.50, 1208.00, 1202.30, 1203.15, 156030, 1877.28, 14602, 88079, 56.45
HONASA, EQ, 09-Sep-2026, 476.05, 475.00, 480.55, 466.20, 473.00, 471.05, 470.54, 683211, 3214.77, 15573, 367595, 53.80
HONAUT, EQ, 09-Sep-2026, 35060.00, 35190.00, 35285.00, 34055.00, 34100.00, 34180.00, 34394.23, 3890, 1337.94, 2186, 1985, 51.03
HONDAPOWER, EQ, 09-Sep-2026, 1981.70, 1981.70, 1999.70, 1949.00, 1954.00, 1964.20, 1967.20, 3084, 60.67, 476, 1989, 64.49
HORIZONIND, EQ, 09-Sep-2026, 55.54, 55.05, 56.80, 54.98, 55.87, 55.67, 56.02, 3383047, 1895.09, 34091, 1878544, 55.53
HPAL, EQ, 09-Sep-2026, 35.42, 35.59, 36.07, 35.12, 35.25, 35.67, 35.67, 61671, 22.00, 713, 35165, 57.02
HPIL, EQ, 09-Sep-2026, 122.00, 121.50, 124.00, 118.20, 121.00, 121.00, 121.52, 358, 0.44, 38, 212, 59.22
HPL, EQ, 09-Sep-2026, 303.00, 302.55, 305.45, 298.05, 298.05, 298.65, 299.97, 83546, 250.62, 3361, 40692, 48.71
HPTL, SM, 09-Sep-2026, 315.50, 324.95, 325.00, 314.00, 324.90, 324.90, 318.13, 15600, 49.63, 20, 15600, 100.00
HRHNEXT, SM, 09-Sep-2026, 26.15, 26.15, 26.15, 26.15, 26.15, 26.15, 26.15, 1500, 0.39, 1, 1500, 100.00
HRYNSHP, EQ, 09-Sep-2026, 100.62, 102.50, 102.50, 98.11, 99.95, 99.95, 99.18, 784, 0.78, 45, 775, 98.85
HSBCGOLD, EQ, 09-Sep-2026, 132.67, 129.22, 134.80, 129.22, 132.62, 132.63, 131.93, 8413, 11.10, 45, 7191, 85.47
HSCL, EQ, 09-Sep-2026, 670.65, 672.00, 673.00, 661.20, 667.60, 667.05, 667.51, 2178664, 14542.78, 29320, 925967, 42.50
HTEL, BE, 09-Sep-2026, 73.96, 74.74, 77.65, 73.50, 77.65, 77.65, 76.54, 1719401, 1315.99, 5909, -, -
HTMEDIA, EQ, 09-Sep-2026, 25.41, 25.24, 25.91, 24.50, 24.95, 24.67, 24.82, 122745, 30.46, 632, 85737, 69.85
HUBTOWN, EQ, 09-Sep-2026, 185.56, 184.99, 188.99, 182.00, 183.97, 184.00, 185.99, 459997, 855.54, 5493, 231038, 50.23
HUDCO, EQ, 09-Sep-2026, 178.26, 177.57, 178.50, 175.00, 175.50, 175.35, 176.58, 1174950, 2074.68, 17171, 639666, 54.44
HUHTAMAKI, EQ, 09-Sep-2026, 250.70, 249.00, 269.40, 249.00, 268.90, 267.85, 264.64, 970555, 2568.50, 18401, 293703, 30.26
HVAX, SM, 09-Sep-2026, 640.00, 640.00, 669.00, 640.00, 669.00, 653.00, 647.80, 1500, 9.72, 8, 1500, 100.00
HYBRIDETF, EQ, 09-Sep-2026, 10.07, 10.12, 10.15, 10.06, 10.12, 10.12, 10.11, 29314, 2.97, 61, 27279, 93.06
HYBRIDFIN, BE, 09-Sep-2026, 17.20, 16.80, 17.20, 16.80, 17.00, 17.00, 16.99, 2117, 0.36, 14, -, -
HYUNDAI, EQ, 09-Sep-2026, 2220.00, 2210.00, 2219.70, 2152.50, 2182.40, 2182.40, 2193.64, 587339, 12884.08, 30909, 342288, 58.28
IBLFL, SM, 09-Sep-2026, 60.50, 60.00, 60.00, 60.00, 60.00, 60.00, 60.00, 6000, 3.60, 2, 6000, 100.00
IBULLSLTD, EQ, 09-Sep-2026, 25.95, 25.86, 26.85, 24.92, 25.45, 25.05, 25.31, 41720731, 10558.16, 25916, 28184492, 67.56
ICDSLTD, BE, 09-Sep-2026, 61.26, 60.60, 64.32, 60.50, 64.32, 64.32, 62.93, 6782, 4.27, 65, -, -
ICELCO, SM, 09-Sep-2026, 118.95, 120.00, 127.80, 114.60, 120.10, 120.55, 119.91, 169200, 202.90, 100, 123600, 73.05
ICEMAKE, EQ, 09-Sep-2026, 730.35, 725.00, 745.00, 723.00, 723.00, 725.70, 732.39, 9869, 72.28, 1317, 5136, 52.04
ICICIAMC, EQ, 09-Sep-2026, 3013.00, 3001.00, 3009.90, 2953.60, 3002.00, 3003.50, 2989.55, 347633, 10392.66, 29252, 218992, 63.00
ICICIB22, EQ, 09-Sep-2026, 113.91, 116.75, 116.75, 113.15, 114.00, 113.61, 114.02, 333198, 379.91, 2335, 272532, 81.79
ICICIBANK, EQ, 09-Sep-2026, 1399.40, 1395.90, 1402.50, 1385.50, 1389.10, 1389.10, 1392.76, 14229080, 198176.81, 151758, 10068827, 70.76
ICICIGI, EQ, 09-Sep-2026, 1484.40, 1485.20, 1485.70, 1460.20, 1474.00, 1474.00, 1468.59, 974837, 14316.39, 25993, 651574, 66.84
ICICIPRULI, EQ, 09-Sep-2026, 469.30, 467.70, 468.00, 456.90, 462.50, 462.50, 460.53, 942661, 4341.22, 30300, 411966, 43.70
ICIL, EQ, 09-Sep-2026, 450.85, 449.75, 464.00, 443.55, 445.10, 445.55, 453.22, 554256, 2512.02, 22497, 176736, 31.89
ICRA, EQ, 09-Sep-2026, 4854.40, 4888.70, 4888.70, 4744.40, 4773.20, 4776.50, 4778.32, 30824, 1472.87, 5421, 21795, 70.71
IDBI, EQ, 09-Sep-2026, 81.11, 81.40, 83.47, 80.12, 81.00, 81.56, 81.92, 22159103, 18153.79, 65770, 6209986, 28.02
IDEA, EQ, 09-Sep-2026, 15.42, 15.36, 15.79, 15.20, 15.52, 15.52, 15.53, 539161681, 83740.87, 999417, 165953005, 30.78
IDEAFORGE, EQ, 09-Sep-2026, 775.20, 779.00, 784.80, 736.45, 750.00, 747.45, 745.39, 650731, 4850.52, 21569, 344656, 52.96
IDEALTECHO, SM, 09-Sep-2026, 170.00, 160.20, 170.00, 154.00, 170.00, 162.00, 160.28, 6000, 9.62, 12, 5000, 83.33
IDFCFIRSTB, EQ, 09-Sep-2026, 86.50, 86.48, 86.95, 85.90, 86.00, 86.00, 86.42, 20235616, 17487.47, 79631, 12505691, 61.80
IDFNIFTYET, EQ, 09-Sep-2026, 261.92, 259.53, 260.77, 259.35, 259.35, 259.96, 260.10, 1475, 3.84, 47, 1265, 85.76
IEML, ST, 09-Sep-2026, 41.95, 42.00, 42.50, 40.55, 42.35, 42.35, 41.43, 24000, 9.94, 33, 23000, 95.83
IEX, EQ, 09-Sep-2026, 116.54, 116.05, 118.89, 115.82, 117.95, 117.95, 117.70, 3287242, 3869.16, 25926, 1432495, 43.58
IFBAGRO, EQ, 09-Sep-2026, 887.05, 888.40, 895.00, 875.00, 880.10, 879.55, 882.20, 3776, 33.31, 258, 3201, 84.77
IFBIND, EQ, 09-Sep-2026, 1296.00, 1298.00, 1298.50, 1255.00, 1269.90, 1266.80, 1269.77, 51137, 649.32, 4660, 26738, 52.29
IFCI, EQ, 09-Sep-2026, 92.61, 92.50, 93.56, 87.76, 89.10, 88.96, 89.58, 156503199, 140188.32, 373267, 23663426, 15.12
IFGLEXPOR, EQ, 09-Sep-2026, 198.22, 198.00, 225.98, 197.00, 217.70, 214.65, 217.09, 638605, 1386.36, 10475, 71904, 11.26
IGARASHI, EQ, 09-Sep-2026, 415.60, 415.60, 420.85, 406.40, 410.25, 410.30, 410.72, 39856, 163.70, 1957, 21874, 54.88
IGCL, EQ, 09-Sep-2026, 72.54, 71.15, 73.00, 71.15, 73.00, 72.74, 72.60, 154387, 112.08, 1033, 74237, 48.09
IGIL, EQ, 09-Sep-2026, 318.10, 320.00, 320.00, 309.30, 311.85, 311.50, 311.87, 601837, 1876.93, 40487, 340602, 56.59
IGL, EQ, 09-Sep-2026, 154.02, 154.00, 155.15, 151.95, 153.20, 152.92, 153.72, 978960, 1504.83, 16271, 546591, 55.83
IGPL, EQ, 09-Sep-2026, 584.55, 587.95, 587.95, 555.00, 556.00, 557.20, 564.18, 102555, 578.60, 4899, 59512, 58.03
IIFL, EQ, 09-Sep-2026, 628.00, 626.00, 628.05, 602.25, 609.50, 605.15, 611.27, 4680660, 28611.39, 98304, 2397111, 51.21
IIFLCAPS, EQ, 09-Sep-2026, 339.40, 340.70, 341.20, 337.60, 337.65, 338.05, 338.59, 492702, 1668.22, 3636, 358221, 72.71
IITL, EQ, 09-Sep-2026, 149.88, 150.99, 150.99, 145.25, 146.02, 147.09, 147.95, 95334, 141.05, 1215, 10239, 10.74
IKIO, EQ, 09-Sep-2026, 219.73, 219.73, 228.78, 218.12, 219.75, 219.94, 222.32, 697005, 1549.58, 15181, 175495, 25.18
IKS, EQ, 09-Sep-2026, 1780.00, 1789.00, 1849.00, 1762.70, 1785.20, 1792.10, 1804.29, 206160, 3719.73, 18051, 82070, 39.81
IL&FSENGG, BZ, 09-Sep-2026, 36.00, 36.50, 37.80, 35.51, 37.80, 37.80, 37.41, 61277, 22.93, 114, -, -
IL&FSTRANS, BZ, 09-Sep-2026, 2.08, 2.05, 2.16, 2.05, 2.07, 2.07, 2.09, 37237, 0.78, 54, -, -
IMAGICAA, EQ, 09-Sep-2026, 54.43, 54.50, 55.59, 53.25, 54.54, 54.80, 54.44, 1005224, 547.26, 5652, 483524, 48.10
IMFA, EQ, 09-Sep-2026, 1306.70, 1300.00, 1313.20, 1288.00, 1297.20, 1301.20, 1300.26, 78027, 1014.56, 8494, 37103, 47.55
IMPAL, EQ, 09-Sep-2026, 1151.50, 1132.40, 1154.90, 1120.00, 1124.30, 1128.70, 1133.51, 4177, 47.35, 365, 2901, 69.45
IMPEXFERRO, BZ, 09-Sep-2026, 4.90, 4.99, 4.99, 4.99, 4.99, 4.99, 4.99, 6684, 0.33, 11, -, -
INA, EQ, 09-Sep-2026, 93.12, 94.00, 94.00, 90.50, 90.90, 90.72, 91.78, 446968, 410.23, 3416, 236080, 52.82
INCREDIBLE, EQ, 09-Sep-2026, 31.78, 31.78, 32.37, 31.22, 32.19, 32.17, 31.83, 2141, 0.68, 53, 1600, 74.73
INDBANK, EQ, 09-Sep-2026, 27.69, 27.70, 28.10, 26.40, 26.65, 26.61, 27.02, 179876, 48.60, 1107, 128393, 71.38
INDGN, EQ, 09-Sep-2026, 589.20, 589.20, 591.00, 580.85, 586.95, 586.35, 585.44, 239296, 1400.93, 13203, 145138, 60.65
INDHOTEL, EQ, 09-Sep-2026, 720.00, 716.15, 723.25, 715.00, 722.75, 722.75, 720.40, 853702, 6150.04, 27240, 565303, 66.22
INDIACEM, EQ, 09-Sep-2026, 353.45, 354.00, 354.95, 350.50, 351.95, 351.55, 351.93, 36593, 128.78, 3004, 20735, 56.66
INDIAGLYCO, BE, 09-Sep-2026, 287.00, 301.30, 301.30, 300.00, 301.30, 301.30, 301.26, 101181, 304.82, 655, -, -
INDIAMART, EQ, 09-Sep-2026, 1684.50, 1684.00, 1697.20, 1670.00, 1674.00, 1671.90, 1676.91, 45330, 760.14, 5320, 28116, 62.03
INDIANB, EQ, 09-Sep-2026, 859.90, 858.95, 866.70, 850.55, 856.65, 856.65, 857.61, 1463841, 12553.99, 24025, 800175, 54.66
INDIANCARD, EQ, 09-Sep-2026, 218.81, 218.57, 218.57, 212.60, 218.00, 216.81, 214.70, 791, 1.70, 38, 357, 45.13
INDIANHUME, EQ, 09-Sep-2026, 388.90, 393.90, 394.20, 376.40, 379.15, 379.55, 384.58, 45110, 173.48, 1467, 25180, 55.82
INDIASHLTR, EQ, 09-Sep-2026, 671.70, 670.95, 675.20, 658.00, 666.00, 668.20, 666.25, 181931, 1212.12, 21198, 125815, 69.16
INDIGO, EQ, 09-Sep-2026, 5000.00, 4950.00, 5009.00, 4950.00, 4975.00, 4975.00, 4983.81, 443075, 22082.00, 40546, 257438, 58.10
INDIGOPNTS, EQ, 09-Sep-2026, 1140.30, 1136.90, 1136.90, 1105.00, 1116.00, 1111.20, 1115.94, 55897, 623.78, 8863, 23418, 41.89
INDIGRID, IV, 09-Sep-2026, 174.44, 174.90, 175.00, 173.70, 174.24, 173.99, 174.27, 563956, 982.82, 4222, 532194, 94.37
INDIQUBE, EQ, 09-Sep-2026, 205.09, 202.93, 206.96, 195.27, 205.74, 204.34, 203.44, 37014, 75.30, 3404, 19727, 53.30
INDNIPPON, EQ, 09-Sep-2026, 1122.30, 1120.10, 1346.70, 1111.20, 1346.70, 1313.30, 1274.69, 1613322, 20564.93, 78564, 172914, 10.72
INDOAMIN, BE, 09-Sep-2026, 127.06, 126.95, 128.75, 124.25, 127.80, 127.25, 127.06, 67298, 85.51, 315, -, -
INDOBORAX, EQ, 09-Sep-2026, 511.05, 514.40, 522.00, 510.00, 511.00, 510.95, 515.85, 92970, 479.59, 4828, 33052, 35.55
INDOCO, EQ, 09-Sep-2026, 244.25, 242.00, 246.29, 229.50, 231.89, 231.18, 234.80, 569994, 1338.37, 16379, 319542, 56.06
INDOFARM, EQ, 09-Sep-2026, 144.16, 143.50, 144.95, 139.00, 142.50, 144.18, 142.10, 162637, 231.10, 4094, 50817, 31.25
INDOKEM, EQ, 09-Sep-2026, 627.40, 630.00, 632.00, 615.50, 620.05, 623.45, 623.55, 2754, 17.17, 296, 2056, 74.66
INDOMIM, EQ, 09-Sep-2026, 968.95, 968.95, 998.00, 947.75, 994.00, 984.55, 969.85, 1874991, 18184.53, 49936, 670566, 35.76
INDORAMA, EQ, 09-Sep-2026, 74.98, 75.30, 88.20, 72.76, 85.00, 86.13, 83.28, 7613089, 6340.25, 59550, 1844672, 24.23
INDOSTAR, EQ, 09-Sep-2026, 251.29, 251.00, 254.29, 245.62, 246.00, 247.49, 249.48, 126856, 316.48, 2304, 87650, 69.09
INDOTECH, EQ, 09-Sep-2026, 3696.80, 3756.00, 3756.00, 3650.10, 3656.70, 3657.90, 3675.71, 8701, 319.82, 1484, 5973, 68.65
INDOTHAI, EQ, 09-Sep-2026, 39.40, 41.37, 41.37, 41.37, 41.37, 41.37, 41.37, 56636, 23.43, 104, 56636, 100.00
INDOUS, EQ, 09-Sep-2026, 78.85, 81.33, 81.33, 78.00, 80.50, 80.25, 79.97, 18722, 14.97, 331, 15129, 80.81
INDOWIND, EQ, 09-Sep-2026, 8.85, 8.86, 9.06, 8.86, 9.04, 9.02, 9.02, 113384, 10.23, 542, 95848, 84.53
INDPRUD, EQ, 09-Sep-2026, 6210.00, 6270.00, 6270.00, 6164.50, 6164.50, 6164.50, 6186.03, 45, 2.78, 29, 34, 75.56
INDRAMEDCO, EQ, 09-Sep-2026, 355.15, 352.00, 362.00, 352.00, 360.95, 360.20, 359.12, 217284, 780.32, 7106, 125346, 57.69
INDSWFTLAB, EQ, 09-Sep-2026, 388.30, 389.70, 404.00, 381.35, 385.95, 388.55, 390.99, 704593, 2754.89, 13697, 279618, 39.69
INDTERRAIN, EQ, 09-Sep-2026, 30.30, 30.45, 30.74, 29.02, 29.11, 29.34, 29.48, 30788, 9.08, 226, 25625, 83.23
INDUSINDBK, EQ, 09-Sep-2026, 997.70, 994.00, 1010.00, 994.00, 1004.00, 1004.00, 1003.19, 996411, 9995.85, 27015, 583524, 58.56
INDUSINVIT, IV, 09-Sep-2026, 132.98, 132.98, 133.73, 132.16, 132.44, 132.38, 132.58, 110923, 147.06, 2756, 78662, 70.92
INDUSTOWER, EQ, 09-Sep-2026, 373.05, 371.75, 376.45, 369.75, 373.70, 373.70, 372.81, 1765333, 6581.40, 30613, 961953, 54.49
INFINIUM, SM, 09-Sep-2026, 277.45, 283.50, 285.50, 275.00, 285.50, 283.00, 281.62, 8500, 23.94, 17, 8000, 94.12
INFLUX, SM, 09-Sep-2026, 283.70, 286.50, 290.00, 276.10, 276.10, 277.60, 283.33, 48600, 137.70, 66, 36000, 74.07
INFOBEAN, EQ, 09-Sep-2026, 158.61, 159.80, 159.80, 155.00, 156.10, 155.56, 156.09, 250394, 390.84, 4262, 159030, 63.51
INFOLLION, SM, 09-Sep-2026, 154.00, 153.00, 157.00, 153.00, 154.00, 154.00, 154.02, 6800, 10.47, 14, 6000, 88.24
INFOMEDIA, EQ, 09-Sep-2026, 5.53, 5.50, 5.50, 5.25, 5.47, 5.46, 5.35, 6918, 0.37, 62, 5837, 84.37
INFRA, EQ, 09-Sep-2026, 12.01, 12.31, 12.31, 11.99, 11.99, 12.01, 12.05, 24842, 2.99, 129, 20964, 84.39
INFRABEES, EQ, 09-Sep-2026, 947.27, 947.27, 949.26, 941.41, 948.99, 944.32, 946.22, 12145, 114.92, 437, 8474, 69.77
INFRAIETF, EQ, 09-Sep-2026, 94.76, 94.46, 94.70, 93.32, 93.60, 93.91, 94.16, 700571, 659.66, 4686, 652556, 93.15
INFY, EQ, 09-Sep-2026, 1082.00, 1059.00, 1059.00, 1026.50, 1035.00, 1035.00, 1038.28, 13530457, 140483.86, 248758, 8043809, 59.45
INGERRAND, EQ, 09-Sep-2026, 4741.70, 4760.00, 4825.00, 4667.70, 4705.00, 4693.50, 4723.00, 19820, 936.10, 3240, 11874, 59.91
INM, SM, 09-Sep-2026, 148.00, 148.00, 157.00, 148.00, 156.00, 156.00, 154.50, 2400, 3.71, 4, 2400, 100.00
INNOMET, ST, 09-Sep-2026, 288.90, 293.00, 293.65, 283.15, 283.15, 283.15, 289.58, 47400, 137.26, 67, 45000, 94.94
INNOVACAP, EQ, 09-Sep-2026, 1171.80, 1200.00, 1200.00, 1167.00, 1188.50, 1188.70, 1184.52, 84136, 996.61, 9662, 39182, 46.57
INNOVANA, EQ, 09-Sep-2026, 300.55, 298.75, 309.95, 295.05, 308.00, 303.20, 302.85, 91112, 275.93, 647, 61249, 67.22
INNOVISION, EQ, 09-Sep-2026, 252.00, 268.00, 296.45, 265.00, 276.60, 280.30, 284.73, 1409333, 4012.82, 31606, 93875, 6.66
INOXGREEN, EQ, 09-Sep-2026, 174.42, 174.00, 177.10, 170.97, 174.51, 175.76, 175.10, 1869097, 3272.83, 8982, 1224090, 65.49
INOXINDIA, EQ, 09-Sep-2026, 2215.90, 2208.10, 2235.90, 2174.90, 2193.90, 2185.50, 2195.48, 100850, 2214.14, 12654, 42528, 42.17
INOXWIND, EQ, 09-Sep-2026, 75.71, 75.50, 77.62, 75.50, 77.39, 77.39, 76.75, 18491767, 14191.58, 40879, 8099919, 43.80
INSECTICID, EQ, 09-Sep-2026, 610.20, 603.80, 634.90, 601.15, 623.10, 623.60, 624.78, 36377, 227.28, 2059, 18416, 50.63
INSPIRE, SM, 09-Sep-2026, 8.85, 8.95, 9.20, 8.95, 9.20, 9.20, 9.03, 6000, 0.54, 2, 6000, 100.00
INSPIRISYS, EQ, 09-Sep-2026, 90.52, 92.00, 92.00, 86.00, 88.80, 88.68, 87.26, 10044, 8.76, 172, 6428, 64.00
INSUREIETF, EQ, 09-Sep-2026, 14.98, 14.96, 14.96, 14.67, 14.75, 14.72, 14.72, 233503, 34.38, 306, 204986, 87.79
INTELLECT, EQ, 09-Sep-2026, 691.80, 693.60, 696.25, 679.50, 685.20, 684.90, 685.47, 349339, 2394.62, 17778, 194659, 55.72
INTENTECH, EQ, 09-Sep-2026, 79.66, 79.20, 80.40, 78.55, 78.65, 78.96, 79.53, 9042, 7.19, 182, 5744, 63.53
INTERARCH, EQ, 09-Sep-2026, 1753.50, 1759.90, 1788.00, 1725.00, 1774.00, 1761.00, 1760.79, 69673, 1226.79, 6881, 31021, 44.52
INTERNET, EQ, 09-Sep-2026, 14.60, 14.59, 14.68, 14.52, 14.64, 14.63, 14.60, 64335, 9.39, 170, 34329, 53.36
INTLCONV, EQ, 09-Sep-2026, 79.61, 79.58, 79.58, 75.05, 78.00, 76.96, 77.04, 88078, 67.86, 2965, 48624, 55.21
INVENTURE, EQ, 09-Sep-2026, 0.92, 0.92, 0.94, 0.90, 0.92, 0.91, 0.92, 958648, 8.79, 335, 629183, 65.63
INVICTA, SM, 09-Sep-2026, 67.50, 67.55, 68.00, 66.75, 68.00, 68.00, 67.57, 8000, 5.41, 5, 6400, 80.00
INVPRECQ, BE, 09-Sep-2026, 1324.90, 1351.30, 1351.30, 1351.30, 1351.30, 1351.30, 1351.30, 562, 7.59, 10, -, -
IOB, EQ, 09-Sep-2026, 33.34, 33.43, 33.43, 32.92, 33.00, 32.98, 33.09, 1407092, 465.57, 7882, 606626, 43.11
IOC, EQ, 09-Sep-2026, 134.35, 133.30, 136.14, 133.06, 135.60, 135.60, 135.07, 5297849, 7155.90, 41101, 2456824, 46.37
IOLCP, EQ, 09-Sep-2026, 210.98, 210.63, 216.40, 206.55, 209.90, 209.29, 210.93, 4527415, 9549.78, 43838, 1199335, 26.49
IONEXCHANG, EQ, 09-Sep-2026, 431.75, 430.00, 444.00, 429.00, 435.00, 437.45, 438.31, 786019, 3445.20, 32431, 312260, 39.73
IPCALAB, EQ, 09-Sep-2026, 1967.20, 1956.00, 1983.50, 1948.00, 1955.90, 1963.60, 1963.51, 126119, 2476.36, 20437, 78802, 62.48
IPHL, SM, 09-Sep-2026, 77.05, 74.40, 78.00, 72.50, 76.95, 76.70, 75.53, 56400, 42.60, 42, 43200, 76.60
IPL, EQ, 09-Sep-2026, 134.65, 134.65, 136.98, 133.52, 136.40, 136.06, 135.31, 87601, 118.53, 2339, 45890, 52.39
IPRINGLTD, EQ, 09-Sep-2026, 155.00, 155.00, 167.78, 152.50, 152.50, 153.39, 158.95, 4748, 7.55, 152, 3495, 73.61
IRB, EQ, 09-Sep-2026, 19.25, 19.19, 19.24, 19.05, 19.06, 19.07, 19.11, 5123857, 979.08, 11655, 2675410, 52.21
IRBINVIT, IV, 09-Sep-2026, 64.85, 64.40, 64.96, 64.40, 64.67, 64.53, 64.60, 304082, 196.42, 3706, 252640, 83.08
IRCON, EQ, 09-Sep-2026, 116.89, 116.53, 117.45, 115.00, 115.05, 115.08, 115.96, 1372933, 1592.04, 17836, 520719, 37.93
IRCTC, EQ, 09-Sep-2026, 472.45, 471.95, 475.00, 469.00, 469.95, 469.50, 470.53, 687597, 3235.34, 28832, 366412, 53.29
IREDA, EQ, 09-Sep-2026, 112.20, 111.62, 112.69, 111.62, 111.99, 111.99, 112.10, 2500536, 2803.21, 17074, 911764, 36.46
IRFC, EQ, 09-Sep-2026, 82.00, 81.90, 82.40, 81.12, 81.39, 81.39, 81.77, 6686837, 5468.10, 42348, 2784108, 41.64
IRIS, EQ, 09-Sep-2026, 254.67, 257.80, 257.80, 249.83, 251.50, 253.91, 252.91, 16457, 41.62, 906, 10718, 65.13
IRISDOREME, EQ, 09-Sep-2026, 61.62, 62.03, 62.58, 60.61, 62.15, 61.30, 61.51, 528736, 325.24, 1918, 204215, 38.62
IRMENERGY, EQ, 09-Sep-2026, 282.25, 282.30, 285.85, 281.00, 284.45, 282.85, 283.23, 58949, 166.96, 2729, 25383, 43.06
ISFT, EQ, 09-Sep-2026, 82.34, 82.88, 84.17, 80.75, 82.75, 82.55, 81.50, 123639, 100.76, 1456, 8137, 6.58
ISGEC, EQ, 09-Sep-2026, 782.40, 782.40, 790.00, 774.55, 785.00, 784.55, 784.84, 16428, 128.93, 1926, 9307, 56.65
ISHAN, SM, 09-Sep-2026, 0.55, 0.50, 0.50, 0.50, 0.50, 0.50, 0.50, 96000, 0.48, 2, 96000, 100.00
ISHANCH, EQ, 09-Sep-2026, 44.32, 44.89, 45.48, 43.41, 44.98, 44.82, 44.84, 22626, 10.15, 486, 15956, 70.52
ISTLTD, EQ, 09-Sep-2026, 651.80, 651.80, 670.00, 642.00, 663.90, 663.65, 660.15, 938, 6.19, 113, 629, 67.06
IT, EQ, 09-Sep-2026, 33.27, 33.19, 33.19, 32.01, 32.25, 32.13, 32.24, 1033397, 333.14, 2195, 834426, 80.75
ITADD, EQ, 09-Sep-2026, 31.79, 31.74, 31.79, 30.60, 30.79, 30.68, 30.77, 50953, 15.68, 349, 44917, 88.15
ITALIANE, SM, 09-Sep-2026, 30.75, 31.95, 32.00, 31.95, 32.00, 32.00, 31.98, 4000, 1.28, 2, 4000, 100.00
ITAXIS, EQ, 09-Sep-2026, 329.35, 325.00, 328.55, 318.25, 320.30, 319.85, 320.15, 6063, 19.41, 125, 5753, 94.89
ITBEES, EQ, 09-Sep-2026, 33.27, 34.10, 34.10, 32.06, 32.25, 32.15, 32.26, 21960305, 7084.83, 38239, 13343620, 60.76
ITBETA, EQ, 09-Sep-2026, 315.00, 310.00, 310.00, 304.06, 306.37, 305.60, 305.44, 2381, 7.27, 63, 1573, 66.06
ITC, EQ, 09-Sep-2026, 263.50, 263.65, 264.50, 260.20, 260.80, 260.80, 261.97, 10065188, 26367.58, 206864, 5965816, 59.27
ITCHOTELS, EQ, 09-Sep-2026, 156.84, 156.65, 157.04, 155.01, 155.50, 155.31, 155.89, 1636514, 2551.14, 24414, 942221, 57.57
ITDC, EQ, 09-Sep-2026, 638.20, 634.10, 636.40, 627.10, 627.10, 629.65, 631.02, 40153, 253.37, 2444, 16284, 40.55
ITETF, EQ, 09-Sep-2026, 31.70, 31.73, 31.73, 30.56, 30.72, 30.64, 30.75, 887118, 272.77, 1916, 499826, 56.34
ITI, EQ, 09-Sep-2026, 270.20, 269.00, 270.00, 266.95, 267.45, 267.45, 267.92, 79954, 214.21, 2889, 36583, 45.76
ITIETF, EQ, 09-Sep-2026, 33.24, 33.12, 33.12, 32.06, 32.40, 32.18, 32.26, 942508, 304.05, 2800, 685317, 72.71
ITL, EQ, 09-Sep-2026, 369.65, 363.00, 375.00, 363.00, 369.00, 364.10, 364.44, 1725, 6.29, 96, 1277, 74.03
IVALUE, EQ, 09-Sep-2026, 235.31, 234.55, 237.20, 232.10, 232.35, 233.71, 234.47, 80752, 189.34, 3196, 46241, 57.26
IVC, EQ, 09-Sep-2026, 10.02, 10.14, 10.14, 9.90, 9.95, 9.97, 9.98, 386088, 38.52, 1251, 309997, 80.29
IVP, BE, 09-Sep-2026, 216.96, 219.95, 222.00, 210.31, 218.01, 220.26, 218.08, 18588, 40.54, 217, -, -
IVZBANKNF, EQ, 09-Sep-2026, 56.80, 56.49, 56.51, 56.39, 56.39, 56.42, 56.44, 650, 0.37, 22, 649, 99.85
IVZINGOLD, EQ, 09-Sep-2026, 132.90, 132.90, 133.40, 131.50, 132.00, 132.35, 132.21, 9533, 12.60, 247, 6453, 67.69
IVZINNIFTY, EQ, 09-Sep-2026, 271.87, 270.47, 270.92, 269.37, 269.86, 269.92, 270.38, 238, 0.64, 22, 204, 85.71
IVZSENSEX, EQ, 09-Sep-2026, 75.81, 77.27, 77.27, 74.89, 75.04, 75.06, 75.08, 4373, 3.28, 35, 4301, 98.35
IWARE, ST, 09-Sep-2026, 454.60, 442.00, 454.85, 431.90, 454.85, 454.85, 439.63, 16200, 71.22, 27, 15000, 92.59
IWP, EQ, 09-Sep-2026, 34.70, 35.04, 35.40, 34.00, 34.00, 34.49, 34.78, 4628, 1.61, 40, 4626, 99.96
IXIGO, EQ, 09-Sep-2026, 169.96, 169.96, 171.37, 165.28, 167.44, 167.54, 167.08, 1901710, 3177.38, 40546, 1093529, 57.50
IZMO, EQ, 09-Sep-2026, 927.15, 933.80, 933.80, 907.00, 910.50, 912.30, 914.99, 83938, 768.03, 6099, 34200, 40.74
J&KBANK, EQ, 09-Sep-2026, 147.03, 147.88, 147.88, 145.00, 146.00, 145.81, 146.04, 1426459, 2083.19, 22225, 605302, 42.43
JAGRAN, EQ, 09-Sep-2026, 62.54, 62.54, 62.74, 61.97, 62.37, 62.35, 62.30, 154323, 96.15, 1601, 96163, 62.31
JAGSNPHARM, EQ, 09-Sep-2026, 237.72, 236.00, 239.38, 229.02, 234.10, 235.39, 235.81, 69845, 164.70, 2508, 33274, 47.64
JAIBALAJI, EQ, 09-Sep-2026, 67.86, 67.82, 69.75, 67.82, 68.75, 68.70, 68.79, 760934, 523.48, 4392, 485044, 63.74
JAICORPLTD, EQ, 09-Sep-2026, 98.30, 98.00, 98.97, 97.18, 98.09, 97.50, 97.77, 209651, 204.98, 3951, 90879, 43.35
JAINAM, SM, 09-Sep-2026, 224.30, 221.00, 221.00, 213.60, 213.60, 213.80, 218.52, 3000, 6.56, 6, 3000, 100.00
JAINIK, SM, 09-Sep-2026, 215.55, 215.00, 217.00, 215.00, 217.00, 217.00, 216.33, 3600, 7.79, 2, 3600, 100.00
JAINREC, EQ, 09-Sep-2026, 296.55, 294.00, 302.55, 294.00, 296.15, 295.85, 297.71, 1263717, 3762.20, 25875, 413958, 32.76
JAIPURKURT, EQ, 09-Sep-2026, 25.71, 25.73, 25.75, 24.40, 25.00, 24.65, 24.94, 37656, 9.39, 219, 21373, 56.76
JAMNAAUTO, EQ, 09-Sep-2026, 128.92, 129.90, 131.19, 126.49, 128.55, 128.93, 128.61, 1789554, 2301.61, 31872, 887531, 49.60
JARO, EQ, 09-Sep-2026, 441.40, 440.20, 440.95, 436.50, 436.90, 437.95, 438.94, 100093, 439.35, 1725, 15415, 15.40
JASH, EQ, 09-Sep-2026, 518.70, 522.80, 528.00, 513.80, 519.15, 518.75, 520.76, 167761, 873.64, 8285, 81446, 48.55
JAYAGROGN, EQ, 09-Sep-2026, 249.04, 254.00, 265.00, 248.00, 257.60, 256.90, 257.69, 140900, 363.08, 3823, 83570, 59.31
JAYBARMARU, EQ, 09-Sep-2026, 116.50, 116.10, 119.79, 114.35, 117.99, 117.28, 117.74, 224099, 263.86, 2849, 118382, 52.83
JAYBEE, SM, 09-Sep-2026, 82.00, 81.10, 95.80, 80.55, 88.60, 90.25, 90.11, 98500, 88.76, 153, 72000, 73.10
JAYESH, SM, 09-Sep-2026, 135.00, 134.00, 134.00, 134.00, 134.00, 134.00, 134.00, 4000, 5.36, 1, 4000, 100.00
JAYKAY, EQ, 09-Sep-2026, 159.87, 160.49, 173.50, 159.55, 168.88, 168.94, 170.12, 1531650, 2605.68, 25223, 503597, 32.88
JAYKAY-RE1, BE, 09-Sep-2026, 81.64, 81.64, 96.95, 80.00, 90.99, 89.89, 88.80, 101809, 90.41, 880, -, -
JAYNECOIND, EQ, 09-Sep-2026, 90.68, 90.05, 92.39, 90.05, 91.25, 91.36, 91.49, 3291186, 3011.18, 16367, 1582198, 48.07
JAYSREETEA, EQ, 09-Sep-2026, 94.41, 95.00, 95.80, 93.93, 95.18, 94.88, 94.59, 48714, 46.08, 464, 29610, 60.78
JBMA, EQ, 09-Sep-2026, 615.35, 617.15, 618.90, 611.55, 614.00, 614.25, 614.87, 158453, 974.28, 7802, 60157, 37.97
JENBURPH, EQ, 09-Sep-2026, 1039.90, 1052.50, 1052.90, 1021.20, 1023.10, 1023.70, 1024.69, 1113, 11.40, 73, 894, 80.32
JETFREIGHT, EQ, 09-Sep-2026, 20.24, 20.25, 20.72, 19.90, 20.11, 20.11, 20.19, 128937, 26.03, 1204, 76399, 59.25
JEYYAM, ST, 09-Sep-2026, 21.80, 21.50, 21.50, 20.85, 21.20, 21.20, 21.09, 72000, 15.18, 26, 72000, 100.00
JFLLIFE, SM, 09-Sep-2026, 9.70, 10.15, 10.15, 10.15, 10.15, 10.15, 10.15, 24000, 2.44, 3, 24000, 100.00
JGCHEM, EQ, 09-Sep-2026, 611.20, 612.45, 631.00, 601.05, 616.00, 619.50, 618.67, 521969, 3229.24, 20040, 175219, 33.57
JHS, EQ, 09-Sep-2026, 7.97, 8.25, 8.40, 7.66, 8.20, 8.11, 8.18, 47340, 3.87, 195, 34485, 72.85
JINDALPHOT, EQ, 09-Sep-2026, 1015.50, 1021.00, 1025.60, 1009.60, 1019.90, 1019.20, 1016.19, 628, 6.38, 92, 434, 69.11
JINDALPOLY, EQ, 09-Sep-2026, 683.80, 677.00, 699.00, 670.10, 675.05, 675.70, 680.22, 9912, 67.42, 896, 5207, 52.53
JINDALSAW, EQ, 09-Sep-2026, 307.60, 306.70, 315.30, 305.20, 312.95, 311.70, 310.51, 1991399, 6183.56, 32592, 858696, 43.12
JINDALSTEL, EQ, 09-Sep-2026, 1136.30, 1139.60, 1158.00, 1130.60, 1146.50, 1146.50, 1146.55, 590734, 6773.03, 25659, 221338, 37.47
JINDRILL, EQ, 09-Sep-2026, 678.00, 675.05, 693.00, 666.10, 672.50, 673.75, 679.78, 656825, 4464.97, 24964, 187955, 28.62
JINDWORLD, EQ, 09-Sep-2026, 55.53, 55.02, 57.20, 53.61, 55.67, 55.44, 55.60, 40892474, 22738.14, 86511, 2523155, 6.17
JIOFIN, EQ, 09-Sep-2026, 233.15, 232.50, 232.97, 230.63, 231.00, 231.00, 231.45, 10774282, 24936.81, 77349, 5718351, 53.07
JISLDVREQS, EQ, 09-Sep-2026, 21.70, 21.97, 21.97, 21.05, 21.11, 21.54, 21.55, 23848, 5.14, 137, 17947, 75.26
JISLJALEQS, EQ, 09-Sep-2026, 31.12, 31.00, 31.00, 30.27, 30.47, 30.51, 30.57, 1453828, 444.45, 4713, 633221, 43.56
JITFINFRA, EQ, 09-Sep-2026, 306.50, 309.70, 309.70, 301.25, 304.05, 304.95, 305.94, 8268, 25.29, 440, 5560, 67.25
JIWANRAM, SM, 09-Sep-2026, 4.20, 4.20, 4.20, 4.20, 4.20, 4.20, 4.20, 6000, 0.25, 1, 6000, 100.00
JKCEMENT, EQ, 09-Sep-2026, 4990.50, 5009.00, 5070.00, 4960.00, 4990.00, 4990.50, 5002.13, 34112, 1706.33, 8515, 18552, 54.39
JKIL, EQ, 09-Sep-2026, 488.60, 488.60, 490.00, 480.35, 480.50, 483.55, 485.43, 37410, 181.60, 2332, 24280, 64.90
JKIPL, EQ, 09-Sep-2026, 96.50, 96.34, 96.89, 92.25, 94.49, 93.63, 94.29, 18691, 17.62, 286, 14367, 76.87
JKLAKSHMI, EQ, 09-Sep-2026, 498.75, 497.85, 500.90, 495.20, 500.00, 499.20, 498.84, 56131, 280.00, 4915, 33050, 58.88
JKPAPER, EQ, 09-Sep-2026, 415.30, 418.90, 418.90, 406.80, 408.25, 408.85, 411.33, 353280, 1453.14, 9358, 176844, 50.06
JKTYRE, EQ, 09-Sep-2026, 364.10, 364.40, 364.75, 355.50, 356.40, 356.25, 357.78, 661061, 2365.13, 21459, 359038, 54.31
JLHL, EQ, 09-Sep-2026, 283.35, 283.45, 287.00, 280.00, 280.15, 282.00, 283.13, 51216, 145.01, 3361, 17523, 34.21
JMA, EQ, 09-Sep-2026, 89.14, 90.00, 101.00, 89.15, 97.05, 97.14, 97.33, 165983, 161.54, 1328, 92944, 56.00
JMFINANCIL, EQ, 09-Sep-2026, 128.47, 128.50, 128.57, 125.70, 126.80, 126.73, 126.92, 1812839, 2300.77, 14317, 897307, 49.50
JNKINDIA, EQ, 09-Sep-2026, 440.50, 445.00, 445.00, 428.05, 430.00, 430.85, 434.15, 58816, 255.35, 2083, 33141, 56.35
JNPR, EQ, 09-Sep-2026, 264.10, 261.10, 262.90, 257.00, 260.25, 260.50, 260.24, 500085, 1301.40, 11109, 269745, 53.94
JOCIL, EQ, 09-Sep-2026, 164.29, 163.99, 164.00, 145.26, 151.70, 152.29, 152.88, 30735, 46.99, 1081, 12105, 39.39
JPOLYINVST, EQ, 09-Sep-2026, 994.45, 992.10, 997.95, 988.00, 989.10, 994.05, 992.88, 2455, 24.38, 378, 1107, 45.09
JPPOWER, EQ, 09-Sep-2026, 16.49, 16.49, 16.81, 16.35, 16.42, 16.40, 16.57, 35108812, 5816.58, 26019, 9499452, 27.06
JSFB, EQ, 09-Sep-2026, 539.80, 540.00, 542.25, 528.70, 532.20, 533.95, 536.00, 268255, 1437.84, 11265, 132055, 49.23
JSL, EQ, 09-Sep-2026, 738.75, 739.00, 794.00, 731.00, 786.20, 783.30, 778.90, 6366585, 49589.25, 121126, 2374275, 37.29
JSLL, EQ, 09-Sep-2026, 505.45, 505.45, 512.25, 499.90, 507.90, 506.20, 505.99, 523561, 2649.18, 22936, 229816, 43.89
JSWCEMENT, EQ, 09-Sep-2026, 121.62, 120.70, 121.45, 120.41, 120.63, 120.70, 121.04, 1069054, 1293.94, 11769, 725499, 67.86
JSWDULUX, EQ, 09-Sep-2026, 3174.40, 3184.40, 3200.00, 3140.10, 3175.00, 3179.20, 3172.14, 37589, 1192.37, 4010, 28029, 74.57
JSWENERGY, EQ, 09-Sep-2026, 526.50, 526.50, 541.70, 521.50, 534.80, 534.80, 535.93, 2167753, 11617.74, 38142, 738905, 34.09
JSWHL, EQ, 09-Sep-2026, 11466.00, 11466.00, 11466.00, 11300.00, 11380.00, 11344.00, 11354.70, 877, 99.58, 467, 457, 52.11
JSWINFRA, EQ, 09-Sep-2026, 332.00, 330.15, 343.45, 329.10, 341.40, 341.40, 337.86, 5359382, 18107.28, 97879, 3141730, 58.62
JSWSTEEL, EQ, 09-Sep-2026, 1297.30, 1303.90, 1313.00, 1290.10, 1310.00, 1310.00, 1304.41, 1484708, 19366.71, 65493, 805721, 54.27
JTEKTINDIA, EQ, 09-Sep-2026, 121.28, 120.15, 122.00, 120.00, 122.00, 121.26, 120.86, 124349, 150.29, 1971, 69445, 55.85
JTLIND, EQ, 09-Sep-2026, 89.55, 90.04, 90.04, 85.70, 87.35, 87.80, 87.99, 3517545, 3095.23, 17135, 933135, 26.53
JUBLCPL, EQ, 09-Sep-2026, 2177.80, 2192.00, 2223.30, 2170.00, 2170.50, 2191.10, 2201.65, 2958, 65.12, 576, 1750, 59.16
JUBLFOOD, EQ, 09-Sep-2026, 480.40, 477.10, 479.25, 473.00, 475.95, 475.95, 475.87, 712724, 3391.63, 16565, 320021, 44.90
JUBLINGREA, EQ, 09-Sep-2026, 675.30, 672.30, 678.10, 656.50, 672.00, 672.75, 667.24, 379943, 2535.15, 19991, 220863, 58.13
JUBLPHARMA, EQ, 09-Sep-2026, 997.75, 1000.00, 1023.50, 989.05, 1019.95, 1019.00, 1010.90, 452808, 4577.44, 31903, 214432, 47.36
JUNIORBEES, EQ, 09-Sep-2026, 787.59, 771.84, 791.99, 771.84, 791.01, 789.37, 789.54, 239411, 1890.25, 7450, 140951, 58.87
JUNIPER, EQ, 09-Sep-2026, 215.75, 217.37, 217.37, 212.84, 214.81, 213.41, 213.92, 120641, 258.07, 3685, 77912, 64.58
JUSTDIAL, EQ, 09-Sep-2026, 694.25, 688.30, 688.85, 672.20, 676.45, 678.45, 678.33, 149701, 1015.47, 5019, 68641, 45.85
JWL, EQ, 09-Sep-2026, 242.41, 244.00, 245.40, 240.50, 240.69, 241.01, 242.21, 491937, 1191.53, 11766, 155703, 31.65
JYOTHYLAB, EQ, 09-Sep-2026, 194.59, 195.00, 196.30, 191.24, 195.00, 195.10, 194.36, 516334, 1003.57, 10539, 276544, 53.56
JYOTICNC, EQ, 09-Sep-2026, 1037.20, 1030.35, 1055.00, 1005.00, 1010.00, 1009.05, 1021.77, 510588, 5217.06, 19802, 221056, 43.29
JYOTIGLOBL, SM, 09-Sep-2026, 44.40, 46.60, 46.60, 44.50, 45.50, 45.50, 46.27, 76000, 35.17, 38, 60000, 78.95
JYOTIRES, EQ, 09-Sep-2026, 873.95, 868.85, 877.00, 858.05, 877.00, 865.45, 864.79, 5254, 45.44, 847, 2730, 51.96
JYOTISTRUC, EQ, 09-Sep-2026, 10.42, 10.47, 10.47, 10.00, 10.13, 10.08, 10.22, 4126612, 421.58, 4537, 2128671, 51.58
K2INFRA, ST, 09-Sep-2026, 46.05, 46.50, 48.30, 45.20, 48.30, 48.30, 46.86, 18600, 8.72, 31, 14400, 77.42
KABRAEXTRU, EQ, 09-Sep-2026, 656.45, 656.45, 678.95, 636.15, 659.00, 662.95, 660.33, 233277, 1540.40, 12406, 77364, 33.16
KAJARIACER, EQ, 09-Sep-2026, 1250.20, 1248.90, 1248.90, 1234.30, 1238.40, 1239.20, 1239.61, 80907, 1002.93, 18678, 49310, 60.95
KAKATCEM, EQ, 09-Sep-2026, 111.14, 111.05, 111.05, 110.00, 110.25, 110.97, 110.60, 416, 0.46, 12, 379, 91.11
KALAMANDIR, EQ, 09-Sep-2026, 85.37, 85.30, 85.74, 84.01, 84.99, 84.92, 84.66, 518967, 439.33, 3110, 347632, 66.99
KALANA, SM, 09-Sep-2026, 20.55, 21.50, 21.50, 21.00, 21.00, 21.00, 21.25, 4000, 0.85, 2, 4000, 100.00
KALPATARU, EQ, 09-Sep-2026, 272.15, 272.20, 273.20, 263.25, 268.90, 266.35, 267.99, 47149, 126.35, 1262, 23959, 50.82
KALYANIFRG, BE, 09-Sep-2026, 975.65, 926.90, 926.90, 926.90, 926.90, 926.90, 926.90, 4363, 40.44, 193, -, -
KALYANKJIL, EQ, 09-Sep-2026, 612.60, 612.60, 617.90, 603.30, 607.60, 607.60, 610.51, 7297816, 44554.08, 78609, 2215376, 30.36
KAMAHOLD, EQ, 09-Sep-2026, 2318.70, 2318.80, 2327.90, 2289.00, 2290.00, 2297.50, 2301.92, 5094, 117.26, 871, 3868, 75.93
KAMANWALA, EQ, 09-Sep-2026, 16.50, 16.50, 16.50, 16.00, 16.00, 16.00, 16.47, 10891, 1.79, 21, 10358, 95.11
KAMATHOTEL, EQ, 09-Sep-2026, 232.18, 230.00, 233.00, 223.94, 227.95, 226.46, 228.01, 131332, 299.45, 2379, 68506, 52.16
KAMDHENU, BE, 09-Sep-2026, 40.25, 40.45, 40.89, 39.00, 39.80, 39.38, 39.88, 732140, 291.98, 2954, -, -
KAMOPAINTS, EQ, 09-Sep-2026, 4.45, 4.40, 4.54, 4.40, 4.48, 4.49, 4.48, 180943, 8.10, 429, 113315, 62.62
KANANIIND, EQ, 09-Sep-2026, 1.53, 1.54, 1.54, 1.50, 1.52, 1.50, 1.52, 135257, 2.05, 192, 82086, 60.69
KANCHI, EQ, 09-Sep-2026, 403.95, 404.90, 415.00, 390.30, 409.50, 405.50, 403.15, 2531, 10.20, 260, 1687, 66.65
KANCOTEA, EQ, 09-Sep-2026, 55.89, 56.00, 56.00, 55.95, 55.95, 55.95, 55.95, 202, 0.11, 4, 202, 100.00
KANDARP, SM, 09-Sep-2026, 88.65, 80.10, 82.95, 79.80, 79.80, 79.80, 80.22, 18000, 14.44, 18, 15000, 83.33
KANORICHEM, BE, 09-Sep-2026, 158.90, 162.08, 166.84, 161.55, 166.84, 166.80, 164.90, 94989, 156.64, 816, -, -
KANPRPLA, EQ, 09-Sep-2026, 242.10, 243.00, 253.70, 239.00, 253.50, 251.40, 246.78, 24441, 60.32, 1420, 12568, 51.42
KANSAINER, EQ, 09-Sep-2026, 193.40, 191.26, 192.56, 187.03, 191.10, 191.20, 190.03, 343629, 653.00, 8926, 177090, 51.54
KAPSTON, EQ, 09-Sep-2026, 573.65, 570.00, 572.70, 563.00, 564.85, 564.30, 566.51, 22942, 129.97, 1566, 14443, 62.95
KARMAENG, EQ, 09-Sep-2026, 37.18, 37.18, 37.89, 37.18, 37.82, 37.82, 37.79, 713, 0.27, 27, 510, 71.53
KARNIKA, SM, 09-Sep-2026, 121.55, 122.40, 124.00, 119.70, 123.00, 120.95, 120.77, 377000, 455.30, 139, 302000, 80.11
KARURVYSYA, EQ, 09-Sep-2026, 341.15, 342.40, 343.80, 337.80, 340.45, 340.60, 340.90, 847197, 2888.12, 19831, 416511, 49.16
KATARIA, SM, 09-Sep-2026, 134.60, 133.95, 142.00, 132.05, 140.00, 139.80, 136.47, 54600, 74.51, 82, 49800, 91.21
KAUSHALYA, BE, 09-Sep-2026, 851.30, 851.30, 872.00, 826.50, 872.00, 872.00, 832.87, 151, 1.26, 21, -, -
KAVDEFENCE, EQ, 09-Sep-2026, 64.62, 64.50, 67.83, 62.20, 62.50, 63.19, 64.15, 283464, 181.84, 3774, 146286, 51.61
KAYA, BE, 09-Sep-2026, 356.00, 356.00, 363.00, 349.10, 350.00, 350.00, 353.52, 7689, 27.18, 152, -, -
KAYNES, EQ, 09-Sep-2026, 3610.00, 3624.00, 3650.70, 3587.50, 3615.00, 3615.00, 3614.72, 446465, 16138.45, 32511, 152864, 34.24
KAYTEX, SM, 09-Sep-2026, 57.50, 56.05, 56.80, 56.05, 56.80, 56.80, 56.55, 2400, 1.36, 3, 2400, 100.00
KCEIL, SM, 09-Sep-2026, 77.10, 77.80, 78.00, 76.00, 76.25, 76.25, 76.65, 8500, 6.52, 16, 6500, 76.47
KCK, ST, 09-Sep-2026, 15.05, 14.50, 14.90, 14.30, 14.90, 14.90, 14.43, 45000, 6.49, 13, 45000, 100.00
KCP, EQ, 09-Sep-2026, 162.11, 161.85, 162.44, 160.52, 161.91, 161.91, 161.60, 60961, 98.51, 1305, 41170, 67.53
KCPSUGIND, BE, 09-Sep-2026, 31.83, 31.51, 32.38, 31.15, 31.94, 31.60, 31.64, 70669, 22.36, 273, -, -
KDDL, EQ, 09-Sep-2026, 3965.70, 3965.00, 4000.00, 3875.50, 3875.50, 3912.20, 3958.00, 47930, 1897.07, 8624, 28295, 59.03
KDGREEN, EQ, 09-Sep-2026, 47.36, 47.00, 50.31, 46.37, 50.07, 50.01, 48.57, 109479, 53.17, 883, 52190, 47.67
KDL, SM, 09-Sep-2026, 90.75, 87.00, 91.85, 85.25, 88.20, 88.15, 88.40, 24750, 21.88, 123, 16200, 65.45
KEC, EQ, 09-Sep-2026, 405.70, 406.00, 417.90, 389.15, 393.50, 393.20, 403.15, 2065963, 8328.92, 39428, 858602, 41.56
KECL, EQ, 09-Sep-2026, 121.14, 120.95, 125.53, 120.60, 122.00, 122.64, 122.22, 87809, 107.32, 2132, 39379, 44.85
KEEPLEARN, EQ, 09-Sep-2026, 1.91, 1.91, 2.02, 1.83, 1.93, 1.93, 1.92, 29739, 0.57, 63, 28026, 94.24
KEI, EQ, 09-Sep-2026, 4697.50, 4722.00, 4738.00, 4610.00, 4669.50, 4669.50, 4653.95, 773204, 35984.55, 99356, 410989, 53.15
KELLTONTEC, EQ, 09-Sep-2026, 13.69, 13.78, 13.84, 13.55, 13.69, 13.65, 13.68, 1101373, 150.67, 2270, 550533, 49.99
KEN, SM, 09-Sep-2026, 38.50, 38.50, 41.45, 38.00, 40.00, 40.00, 39.34, 12000, 4.72, 10, 9600, 80.00
KENNAMET, EQ, 09-Sep-2026, 4654.40, 4691.70, 4880.00, 4544.80, 4740.00, 4746.70, 4747.89, 45818, 2175.39, 7790, 22735, 49.62
KERNEX, EQ, 09-Sep-2026, 1732.00, 1730.00, 1754.90, 1706.00, 1715.00, 1716.20, 1722.37, 200570, 3454.56, 13520, 99074, 49.40
KESORAMIND, BE, 09-Sep-2026, 11.33, 11.55, 11.55, 11.55, 11.55, 11.55, 11.55, 246526, 28.47, 132, -, -
KEYFINSERV, EQ, 09-Sep-2026, 250.25, 252.00, 256.40, 245.25, 245.25, 247.40, 250.63, 421, 1.06, 33, 255, 60.57
KFINTECH, EQ, 09-Sep-2026, 925.10, 920.50, 921.85, 907.70, 908.00, 908.00, 913.27, 539427, 4926.40, 19723, 224088, 41.54
KHADIM, BE, 09-Sep-2026, 118.32, 116.10, 120.68, 115.96, 120.68, 120.68, 116.15, 519530, 603.44, 162, -, -
KHAICHEM, EQ, 09-Sep-2026, 52.83, 52.30, 53.48, 52.28, 53.20, 52.97, 52.79, 110462, 58.32, 805, 60028, 54.34
KHAITANLTD, EQ, 09-Sep-2026, 160.99, 161.00, 163.90, 158.00, 163.10, 162.87, 161.84, 3223, 5.22, 170, 2268, 70.37
KHANDSE, EQ, 09-Sep-2026, 18.20, 18.40, 18.40, 17.01, 17.11, 17.70, 17.77, 1179, 0.21, 66, 716, 60.73
KHFM, SM, 09-Sep-2026, 46.90, 42.10, 42.60, 42.10, 42.60, 42.25, 42.27, 4650, 1.97, 3, 3100, 66.67
KICL, EQ, 09-Sep-2026, 5144.00, 5106.00, 5134.50, 5001.00, 5073.00, 5021.50, 5054.37, 1227, 62.02, 221, 990, 80.68
KILITCH, BE, 09-Sep-2026, 187.88, 185.02, 190.01, 182.50, 187.00, 188.45, 188.19, 16972, 31.94, 117, -, -
KIMS, EQ, 09-Sep-2026, 764.50, 764.50, 781.65, 759.35, 765.00, 761.55, 769.34, 481002, 3700.52, 16995, 254132, 52.83
KINGFA, EQ, 09-Sep-2026, 6037.00, 6070.50, 6187.00, 5975.00, 6184.00, 6157.50, 6094.22, 23001, 1401.73, 6763, 12953, 56.31
KIOCL, EQ, 09-Sep-2026, 377.10, 376.50, 378.45, 372.35, 373.05, 373.75, 375.01, 54759, 205.35, 2442, 24343, 44.45
KIRANVYPAR, EQ, 09-Sep-2026, 203.33, 200.00, 206.00, 194.00, 205.60, 204.87, 205.32, 5835, 11.98, 127, 5317, 91.12
KIRIINDUS, EQ, 09-Sep-2026, 588.10, 596.05, 600.50, 546.60, 550.70, 550.75, 572.95, 2378104, 13625.34, 39784, 1009738, 42.46
KIRLFER, EQ, 09-Sep-2026, 459.90, 464.15, 475.70, 455.10, 471.30, 467.25, 466.53, 690407, 3220.99, 12110, 525444, 76.11
KIRLOSBROS, EQ, 09-Sep-2026, 1853.30, 1853.30, 1862.50, 1836.60, 1850.00, 1850.20, 1850.60, 18090, 334.77, 3344, 10175, 56.25
KIRLOSENG, EQ, 09-Sep-2026, 2272.80, 2281.00, 2317.10, 2198.00, 2207.00, 2219.90, 2253.39, 438855, 9889.10, 31323, 248225, 56.56
KIRLOSIND, EQ, 09-Sep-2026, 3677.60, 3670.20, 3671.80, 3606.30, 3630.60, 3634.10, 3640.61, 3267, 118.94, 710, 2014, 61.65
KIRLPNU, EQ, 09-Sep-2026, 745.00, 741.80, 749.85, 724.00, 724.00, 724.85, 731.99, 133312, 975.83, 10737, 77541, 58.17
KISSHT, EQ, 09-Sep-2026, 331.00, 329.00, 333.50, 321.50, 324.00, 322.85, 327.16, 1050580, 3437.10, 31340, 500442, 47.63
KITEX, EQ, 09-Sep-2026, 127.10, 127.10, 127.37, 125.20, 127.00, 126.68, 126.27, 262578, 331.57, 2806, 87718, 33.41
KJMCFIN, EQ, 09-Sep-2026, 62.54, 62.50, 63.97, 62.00, 62.00, 62.64, 62.90, 285, 0.18, 11, 252, 88.42
KKCL, EQ, 09-Sep-2026, 501.50, 496.90, 516.00, 496.90, 505.00, 513.55, 511.78, 35975, 184.11, 1807, 27536, 76.54
KKJEWELS, SM, 09-Sep-2026, 103.30, 101.55, 103.55, 101.50, 103.55, 102.50, 102.20, 3000, 3.07, 3, 2000, 66.67
KLBRENG-B, EQ, 09-Sep-2026, 459.70, 459.00, 479.00, 450.25, 465.00, 466.40, 467.08, 326009, 1522.73, 10056, 166437, 51.05
KLL, SM, 09-Sep-2026, 24.05, 23.75, 23.85, 22.65, 22.65, 22.85, 23.09, 20800, 4.80, 19, 14400, 69.23
KMCSHIL, EQ, 09-Sep-2026, 137.59, 138.47, 139.20, 135.00, 138.00, 138.25, 137.90, 71949, 99.21, 1813, 41973, 58.34
KMEW, EQ, 09-Sep-2026, 2985.60, 2986.00, 3037.70, 2930.00, 2950.00, 2964.00, 2990.38, 67251, 2011.06, 11828, 26351, 39.18
KMSUGAR, EQ, 09-Sep-2026, 30.31, 30.25, 30.40, 29.61, 29.61, 29.67, 29.74, 149192, 44.38, 876, 106949, 71.69
KNACK, EQ, 09-Sep-2026, 183.91, 183.91, 186.04, 180.80, 183.90, 182.10, 182.79, 778843, 1423.64, 6453, 336759, 43.24
KNAGRI, EQ, 09-Sep-2026, 202.25, 202.00, 204.20, 195.10, 196.90, 198.21, 199.31, 5602, 11.17, 321, 3368, 60.12
KNRCON, EQ, 09-Sep-2026, 119.72, 119.60, 124.50, 118.51, 122.90, 122.90, 122.20, 1894420, 2314.98, 18692, 694747, 36.67
KODYTECH, ST, 09-Sep-2026, 1534.00, 1527.60, 1527.60, 1480.00, 1510.00, 1506.00, 1498.19, 4200, 62.92, 38, 4200, 100.00
KOHINOOR, EQ, 09-Sep-2026, 31.41, 31.50, 31.74, 30.50, 30.80, 30.87, 30.88, 204820, 63.25, 2632, 58350, 28.49
KOKUYOCMLN, EQ, 09-Sep-2026, 79.04, 78.40, 79.95, 78.20, 79.48, 78.90, 78.69, 19650, 15.46, 386, 13051, 66.42
KOLTEPATIL, EQ, 09-Sep-2026, 441.95, 441.95, 451.90, 431.15, 445.00, 442.80, 439.89, 92288, 405.96, 3335, 48943, 53.03
KONSTELEC, ST, 09-Sep-2026, 62.00, 64.35, 65.00, 62.15, 62.15, 62.15, 64.64, 34000, 21.98, 13, 33000, 97.06
KONTOR, SM, 09-Sep-2026, 52.00, 51.00, 51.00, 49.50, 50.00, 50.10, 50.45, 4800, 2.42, 8, 3600, 75.00
KOPRAN, EQ, 09-Sep-2026, 239.51, 237.41, 238.90, 231.39, 235.50, 234.37, 234.96, 363944, 855.13, 6248, 159542, 43.84
KORE, SM, 09-Sep-2026, 149.75, 157.00, 157.20, 157.00, 157.20, 157.20, 157.12, 3250, 5.11, 11, 3250, 100.00
KOTAKBANK, EQ, 09-Sep-2026, 419.25, 418.20, 420.65, 413.95, 414.00, 414.00, 415.44, 10886349, 45226.21, 109701, 7391047, 67.89
KOTARISUG, BE, 09-Sep-2026, 29.24, 29.13, 29.13, 28.10, 28.58, 28.36, 28.47, 38596, 10.99, 249, -, -
KOTHARIPET, EQ, 09-Sep-2026, 144.29, 142.70, 150.75, 141.76, 148.20, 148.90, 147.63, 251482, 371.25, 3229, 121993, 48.51
KOTHARIPRO, EQ, 09-Sep-2026, 66.43, 67.40, 68.19, 66.00, 66.31, 66.50, 66.90, 5918, 3.96, 121, 4204, 71.04
KOTIC, EQ, 09-Sep-2026, 136.63, 139.90, 141.00, 134.20, 135.45, 135.54, 137.80, 5193, 7.16, 168, 4125, 79.43
KOTYARK, BE, 09-Sep-2026, 32.00, 32.00, 32.44, 31.40, 31.90, 31.77, 31.72, 124336, 39.44, 326, -, -
KOVAI, EQ, 09-Sep-2026, 6107.00, 6108.00, 6188.00, 6099.00, 6180.00, 6149.50, 6150.19, 6798, 418.09, 1717, 4201, 61.80
KPEL, EQ, 09-Sep-2026, 235.88, 238.09, 241.50, 231.50, 234.00, 232.83, 236.42, 384870, 909.90, 8123, 148434, 38.57
KPIGREEN, EQ, 09-Sep-2026, 292.05, 294.05, 300.35, 291.00, 291.80, 291.55, 295.39, 808169, 2387.26, 20388, 292650, 36.21
KPIL, EQ, 09-Sep-2026, 1397.50, 1399.50, 1415.00, 1385.10, 1402.50, 1408.50, 1399.56, 132395, 1852.95, 23687, 63686, 48.10
KPITTECH, EQ, 09-Sep-2026, 562.00, 558.30, 559.25, 551.25, 553.10, 553.10, 554.49, 1160555, 6435.16, 29299, 533292, 45.95
KPL, EQ, 09-Sep-2026, 3661.40, 3678.90, 3798.90, 3552.50, 3569.90, 3577.00, 3651.64, 42952, 1568.45, 6824, 17806, 41.46
KPRMILL, EQ, 09-Sep-2026, 1135.00, 1148.90, 1158.80, 1128.30, 1143.00, 1140.30, 1139.23, 239559, 2729.14, 22636, 132303, 55.23
KRBL, EQ, 09-Sep-2026, 431.05, 434.45, 444.60, 428.15, 433.30, 434.45, 436.37, 688251, 3003.33, 18314, 289081, 42.00
KREBSBIO, EQ, 09-Sep-2026, 56.73, 57.40, 66.66, 57.40, 59.53, 60.14, 62.31, 133291, 83.06, 1780, 55315, 41.50
KRIDHANINF, EQ, 09-Sep-2026, 1.97, 2.01, 2.05, 1.96, 2.00, 2.00, 2.00, 76574, 1.53, 75, 67580, 88.25
KRISHANA, EQ, 09-Sep-2026, 183.03, 182.99, 184.50, 174.28, 182.94, 181.93, 179.18, 1650580, 2957.56, 18211, 847291, 51.33
KRISHCA, SM, 09-Sep-2026, 160.00, 160.00, 160.00, 157.00, 157.50, 157.45, 157.59, 13000, 20.49, 21, 10500, 80.77
KRISHIVAL, EQ, 09-Sep-2026, 418.00, 419.05, 419.05, 414.50, 417.00, 417.65, 415.67, 38015, 158.02, 684, 35297, 92.85
KRISHNADEF, EQ, 09-Sep-2026, 1111.60, 1120.20, 1136.30, 1080.00, 1080.00, 1087.20, 1103.40, 79580, 878.09, 7403, 40604, 51.02
KRITI, EQ, 09-Sep-2026, 61.27, 64.35, 64.35, 60.60, 60.93, 60.95, 61.77, 16043, 9.91, 230, 10075, 62.80
KRITIKA, EQ, 09-Sep-2026, 5.32, 5.33, 5.46, 5.33, 5.39, 5.37, 5.39, 179616, 9.67, 441, 137721, 76.68
KRITINUT, EQ, 09-Sep-2026, 82.14, 83.80, 84.00, 81.15, 81.50, 82.05, 82.26, 11043, 9.08, 189, 6242, 56.52
KRMAYURVED, SM, 09-Sep-2026, 289.75, 286.00, 288.00, 284.00, 285.05, 285.05, 285.41, 33000, 94.18, 17, 23000, 69.70
KRN, EQ, 09-Sep-2026, 1660.20, 1668.60, 1687.00, 1586.00, 1599.00, 1597.30, 1610.54, 186811, 3008.67, 16304, 96527, 51.67
KRONOX, BE, 09-Sep-2026, 174.97, 174.81, 180.00, 166.01, 174.40, 172.55, 171.98, 129647, 222.97, 1127, -, -
KROSS, EQ, 09-Sep-2026, 211.28, 211.00, 220.90, 208.91, 220.00, 219.67, 216.93, 793389, 1721.07, 11678, 385018, 48.53
KRSNAA, EQ, 09-Sep-2026, 546.15, 546.00, 565.00, 542.55, 561.10, 560.95, 558.56, 114869, 641.61, 3876, 87713, 76.36
KRT, RR, 09-Sep-2026, 113.59, 113.59, 113.88, 112.99, 113.24, 113.21, 113.39, 1385267, 1570.73, 2827, 1313232, 94.80
KRYSTAL, EQ, 09-Sep-2026, 663.95, 658.00, 667.65, 629.90, 629.90, 634.25, 638.45, 22132, 141.30, 1156, 10756, 48.60
KSB, EQ, 09-Sep-2026, 824.05, 824.05, 828.00, 804.70, 806.00, 806.70, 813.22, 106837, 868.82, 6724, 56471, 52.86
KSCL, EQ, 09-Sep-2026, 728.50, 729.00, 730.40, 720.00, 723.00, 722.05, 724.79, 53257, 386.00, 2941, 26720, 50.17
KSE, EQ, 09-Sep-2026, 178.95, 181.99, 181.99, 176.11, 178.00, 177.85, 178.15, 14563, 25.94, 275, 12856, 88.28
KSHINTL, EQ, 09-Sep-2026, 1176.75, 1190.20, 1198.00, 1128.50, 1149.00, 1152.05, 1156.63, 300648, 3477.38, 32753, 126916, 42.21
KSHITIJPOL, EQ, 09-Sep-2026, 3.62, 3.62, 3.76, 3.44, 3.44, 3.44, 3.51, 1924521, 67.52, 1231, 1200664, 62.39
KSL, EQ, 09-Sep-2026, 907.80, 906.00, 925.00, 901.40, 906.00, 910.40, 915.37, 61181, 560.03, 4195, 27367, 44.73
KSOLVES, EQ, 09-Sep-2026, 268.20, 265.00, 271.80, 265.00, 269.95, 269.45, 268.76, 27480, 73.86, 1129, 15475, 56.31
KSR, EQ, 09-Sep-2026, 37.33, 38.10, 39.19, 36.53, 39.19, 39.19, 38.96, 164524, 64.09, 1134, 125723, 76.42
KTKBANK, EQ, 09-Sep-2026, 334.25, 334.20, 335.70, 330.00, 330.70, 331.25, 332.45, 1849893, 6149.92, 16576, 1318989, 71.30
KUANTUM, EQ, 09-Sep-2026, 77.92, 77.93, 78.44, 75.00, 75.00, 75.61, 76.22, 76052, 57.97, 1410, 45347, 59.63
KUSUMGAR, EQ, 09-Sep-2026, 565.80, 565.10, 573.95, 562.25, 565.00, 564.15, 567.75, 142624, 809.74, 6966, 75722, 53.09
KWIL, EQ, 09-Sep-2026, 41.48, 41.07, 41.45, 40.33, 40.80, 40.84, 40.78, 7073441, 2884.89, 17558, 3107349, 43.93
LADDERUP, EQ, 09-Sep-2026, 45.19, 45.85, 54.22, 45.85, 51.79, 51.61, 51.52, 11637, 6.00, 196, 2669, 22.94
LAGNAM, EQ, 09-Sep-2026, 74.51, 75.99, 76.00, 73.00, 74.53, 74.53, 74.53, 3263, 2.43, 51, 2893, 88.66
LAHOTIOV, EQ, 09-Sep-2026, 41.38, 41.04, 42.59, 41.04, 41.13, 41.37, 41.62, 7847, 3.27, 90, 5421, 69.08
LAKPRE, BZ, 09-Sep-2026, 5.48, 5.58, 5.75, 5.58, 5.75, 5.74, 5.71, 8804, 0.50, 27, -, -
LAKSHMIMIL, EQ, 09-Sep-2026, 7998.50, 7979.50, 7979.50, 7800.00, 7800.00, 7800.00, 7871.80, 5, 0.39, 4, 4, 80.00
LAKSHYA, SM, 09-Sep-2026, 80.20, 81.00, 83.35, 81.00, 82.00, 82.00, 82.43, 6400, 5.28, 7, 6400, 100.00
LAL, EQ, 09-Sep-2026, 8.93, 8.93, 9.97, 8.65, 9.22, 9.10, 9.36, 67995, 6.36, 303, 43224, 63.57
LALITHAA, EQ, 09-Sep-2026, 318.75, 320.00, 339.95, 319.95, 336.40, 334.45, 334.44, 16094330, 53826.40, 128641, 3399973, 21.13
LALPATHLAB, EQ, 09-Sep-2026, 1912.50, 1905.20, 1962.00, 1901.20, 1916.00, 1919.70, 1929.80, 205022, 3956.52, 25362, 99213, 48.39
LAMBODHARA, EQ, 09-Sep-2026, 138.70, 138.01, 139.95, 134.00, 134.00, 134.12, 135.06, 5480, 7.40, 435, 3151, 57.50
LAMOSAIC, ST, 09-Sep-2026, 56.05, 53.95, 54.50, 53.25, 53.25, 53.25, 53.46, 9000, 4.81, 14, 8400, 93.33
LANCER, EQ, 09-Sep-2026, 12.62, 12.55, 13.00, 12.50, 12.98, 12.65, 12.75, 376947, 48.07, 694, 309086, 82.00
LANCORHOL, BE, 09-Sep-2026, 38.02, 38.40, 38.70, 36.12, 36.13, 36.13, 36.26, 165995, 60.19, 349, -, -
LANDMARK, EQ, 09-Sep-2026, 497.95, 494.35, 505.95, 487.20, 492.50, 491.50, 494.20, 55947, 276.49, 2433, 33849, 60.50
LANDSMILL, EQ, 09-Sep-2026, 0.58, 0.59, 0.59, 0.55, 0.56, 0.56, 0.57, 2833931, 16.19, 1223, 2046411, 72.21
LAOPALA, EQ, 09-Sep-2026, 169.92, 170.59, 170.97, 166.81, 168.00, 167.46, 168.40, 103970, 175.08, 2683, 61316, 58.97
LARGEMID50, EQ, 09-Sep-2026, 36.14, 36.69, 36.69, 35.85, 35.90, 35.90, 35.98, 1823, 0.66, 28, 1818, 99.73
LASA, EQ, 09-Sep-2026, 6.69, 6.71, 6.71, 6.45, 6.50, 6.52, 6.62, 46913, 3.10, 165, 41551, 88.57
LASERPOWER, EQ, 09-Sep-2026, 305.30, 304.00, 307.45, 295.30, 296.95, 296.65, 299.47, 697253, 2088.05, 9873, 406985, 58.37
LATENTVIEW, EQ, 09-Sep-2026, 258.05, 258.05, 263.35, 254.50, 260.50, 260.15, 259.04, 484772, 1255.76, 13009, 239963, 49.50
LATTEYS, EQ, 09-Sep-2026, 21.15, 21.25, 21.80, 21.05, 21.54, 21.52, 21.49, 31941, 6.86, 294, 23120, 72.38
LAURUSLABS, EQ, 09-Sep-2026, 1946.90, 1946.90, 1955.00, 1917.90, 1937.00, 1937.00, 1936.21, 1822218, 35281.94, 46616, 954051, 52.36
LAXMICOT, EQ, 09-Sep-2026, 13.03, 13.32, 13.69, 12.62, 13.19, 13.16, 13.12, 10359, 1.36, 129, 6710, 64.77
LAXMIDENTL, EQ, 09-Sep-2026, 199.25, 197.17, 201.79, 195.68, 201.45, 201.14, 199.53, 102202, 203.92, 4315, 59879, 58.59
LAXMIINDIA, EQ, 09-Sep-2026, 129.99, 130.00, 135.20, 127.25, 132.00, 132.05, 131.75, 426097, 561.39, 5499, 179630, 42.16
LCCINFOTEC, EQ, 09-Sep-2026, 3.73, 3.90, 3.90, 3.50, 3.50, 3.54, 3.56, 148243, 5.28, 225, 96294, 64.96
LCL, EQ, 09-Sep-2026, 555.80, 556.30, 562.90, 539.00, 548.10, 544.70, 546.38, 383959, 2097.86, 17640, 192565, 50.15
LEAPIND, EQ, 09-Sep-2026, 148.26, 149.79, 149.79, 143.80, 143.80, 144.91, 145.90, 1589038, 2318.46, 19001, 813342, 51.18
LEENEE, BE, 09-Sep-2026, 8.00, 7.90, 8.08, 7.90, 8.05, 8.05, 7.98, 3270, 0.26, 24, -, -
LEMERITE, EQ, 09-Sep-2026, 20.67, 21.00, 21.70, 20.40, 21.49, 21.26, 20.94, 211782, 44.34, 294, 93099, 43.96
LEMONTREE, EQ, 09-Sep-2026, 105.73, 105.13, 106.86, 105.13, 106.48, 106.17, 106.09, 3466400, 3677.64, 35938, 2134627, 61.58
LENSKART, EQ, 09-Sep-2026, 695.75, 695.00, 697.50, 681.00, 691.55, 693.90, 691.59, 7262193, 50224.31, 118568, 4874881, 67.13
LEXUS, EQ, 09-Sep-2026, 13.47, 13.80, 13.80, 13.07, 13.33, 13.35, 13.50, 9261, 1.25, 88, 7577, 81.82
LFIC, EQ, 09-Sep-2026, 139.65, 139.99, 166.98, 139.65, 153.49, 152.52, 158.21, 189187, 299.31, 2864, 51355, 27.15
LGBBROSLTD, EQ, 09-Sep-2026, 1736.70, 1749.00, 1749.00, 1714.10, 1729.90, 1729.70, 1733.07, 22866, 396.28, 6668, 10758, 47.05
LGEINDIA, EQ, 09-Sep-2026, 1672.20, 1668.60, 1673.00, 1640.40, 1643.00, 1647.80, 1657.50, 285259, 4728.16, 28920, 189516, 66.44
LGHL, EQ, 09-Sep-2026, 175.21, 177.31, 177.31, 169.81, 171.52, 172.23, 173.62, 7819, 13.58, 350, 2041, 26.10
LIBAS, EQ, 09-Sep-2026, 9.99, 10.34, 10.34, 9.91, 9.99, 9.99, 10.03, 9534, 0.96, 96, 7182, 75.33
LIBERTSHOE, EQ, 09-Sep-2026, 226.85, 231.98, 240.88, 226.81, 232.50, 233.05, 233.76, 47059, 110.01, 1426, 24929, 52.97
LICHSGFIN, EQ, 09-Sep-2026, 563.00, 560.00, 564.75, 550.45, 555.00, 555.00, 557.03, 2616014, 14572.09, 33389, 1260432, 48.18
LICI, EQ, 09-Sep-2026, 410.75, 410.00, 410.95, 406.55, 407.50, 407.50, 408.21, 5491468, 22416.58, 41386, 3402328, 61.96
LICMFGOLD, EQ, 09-Sep-2026, 137.20, 135.20, 137.70, 135.20, 137.00, 136.90, 136.99, 381839, 523.09, 424, 356999, 93.49
LICNETFGSC, EQ, 09-Sep-2026, 29.38, 29.38, 29.38, 29.31, 29.37, 29.37, 29.35, 1812, 0.53, 58, 1582, 87.31
LICNETFN50, EQ, 09-Sep-2026, 266.60, 263.93, 265.25, 263.93, 264.01, 264.24, 264.54, 159, 0.42, 24, 159, 100.00
LICNETFSEN, EQ, 09-Sep-2026, 858.90, 851.92, 852.79, 847.51, 849.25, 849.25, 849.49, 214, 1.82, 9, 214, 100.00
LICNFNHGP, EQ, 09-Sep-2026, 272.42, 271.80, 277.23, 269.70, 271.28, 274.86, 274.55, 2136, 5.86, 40, 1885, 88.25
LICNMID100, EQ, 09-Sep-2026, 63.65, 63.26, 63.50, 62.52, 62.52, 62.77, 62.89, 7891, 4.96, 116, 4493, 56.94
LIKHITHA, EQ, 09-Sep-2026, 203.77, 201.93, 230.40, 201.90, 224.00, 221.61, 224.97, 1147269, 2580.98, 14608, 152038, 13.25
LINC, EQ, 09-Sep-2026, 98.31, 100.00, 100.00, 96.10, 98.79, 98.10, 98.03, 10519, 10.31, 346, 7344, 69.82
LINCOLN, EQ, 09-Sep-2026, 639.80, 639.90, 642.90, 632.35, 638.50, 637.50, 637.55, 31329, 199.74, 2365, 13027, 41.58
LINDEINDIA, EQ, 09-Sep-2026, 6380.00, 6401.00, 6458.50, 6322.00, 6322.00, 6352.50, 6402.68, 45955, 2942.35, 5862, 32460, 70.63
LIQGRWBEES, EQ, 09-Sep-2026, 1054.68, 1054.80, 1054.82, 1054.80, 1054.82, 1054.80, 1054.81, 17440, 183.96, 187, 11154, 63.96
LIQUID, EQ, 09-Sep-2026, 999.99, 999.99, 1000.00, 999.99, 1000.00, 999.99, 999.99, 178482, 1784.81, 202, 135251, 75.78
LIQUID1, EQ, 09-Sep-2026, 1121.70, 1121.86, 1121.86, 1121.70, 1121.84, 1121.84, 1121.84, 1252433, 14050.29, 730, 764380, 61.03
LIQUIDADD, EQ, 09-Sep-2026, 1143.76, 1143.89, 1143.92, 1143.89, 1143.90, 1143.91, 1143.91, 506393, 5792.67, 249, 297132, 58.68
LIQUIDBEES, EQ, 09-Sep-2026, 1000.00, 1000.00, 1000.01, 999.99, 999.99, 999.99, 1000.00, 2370214, 23702.11, 5386, 1525706, 64.37
LIQUIDBETA, EQ, 09-Sep-2026, 1007.29, 1007.41, 1007.41, 1007.41, 1007.41, 1007.41, 1007.41, 65, 0.65, 3, 65, 100.00
LIQUIDBETF, EQ, 09-Sep-2026, 1097.89, 1098.01, 1098.03, 1098.01, 1098.02, 1098.02, 1098.02, 212223, 2330.25, 121, 156784, 73.88
LIQUIDCASE, EQ, 09-Sep-2026, 115.82, 115.83, 115.85, 115.83, 115.84, 115.83, 115.84, 14342054, 16613.92, 19586, 10469073, 73.00
LIQUIDETF, EQ, 09-Sep-2026, 999.99, 1000.00, 1000.01, 999.99, 1000.00, 999.99, 1000.00, 263669, 2636.69, 236, 233168, 88.43
LIQUIDIETF, EQ, 09-Sep-2026, 999.99, 999.99, 1000.01, 999.99, 1000.00, 999.99, 1000.00, 361471, 3614.70, 159, 211152, 58.41
LIQUIDPLUS, EQ, 09-Sep-2026, 1102.26, 1102.25, 1103.37, 1102.25, 1102.39, 1102.39, 1102.40, 309957, 3416.95, 296, 213723, 68.95
LIQUIDSBI, EQ, 09-Sep-2026, 999.99, 999.99, 1000.01, 999.99, 1000.01, 999.99, 999.99, 1758, 17.58, 17, 1441, 81.97
LIQUIDSHRI, EQ, 09-Sep-2026, 1120.55, 1120.66, 1120.68, 1120.66, 1120.66, 1120.66, 1120.67, 4249, 47.62, 19, 3124, 73.52
LKPSEC, EQ, 09-Sep-2026, 15.35, 14.86, 15.90, 14.86, 15.86, 15.84, 15.54, 20009, 3.11, 122, 14706, 73.50
LLOYDS, SM, 09-Sep-2026, 60.00, 60.00, 60.00, 57.00, 57.00, 57.00, 58.36, 7000, 4.09, 6, 5000, 71.43
LLOYDSENGG, EQ, 09-Sep-2026, 81.81, 81.80, 82.47, 80.71, 81.05, 81.31, 81.42, 4107410, 3344.33, 16810, 2109051, 51.35
LLOYDSENT, EQ, 09-Sep-2026, 71.05, 71.03, 71.99, 70.18, 70.78, 70.43, 70.89, 1050080, 744.37, 6907, 496563, 47.29
LLOYDSME, EQ, 09-Sep-2026, 1799.30, 1799.00, 1822.00, 1799.00, 1805.00, 1807.60, 1811.23, 188202, 3408.76, 14189, 81656, 43.39
LMW, EQ, 09-Sep-2026, 18603.00, 18600.00, 18600.00, 17900.00, 18279.00, 18032.00, 18109.67, 6787, 1229.10, 1584, 4745, 69.91
LODHA, EQ, 09-Sep-2026, 1212.00, 1203.50, 1213.30, 1161.00, 1166.00, 1166.00, 1181.76, 1560777, 18444.62, 31191, 847705, 54.31
LOKESHMACH, EQ, 09-Sep-2026, 363.50, 365.00, 365.00, 351.80, 356.00, 356.85, 357.57, 27167, 97.14, 1045, 14802, 54.49
LORDSCHLO, EQ, 09-Sep-2026, 138.23, 139.00, 141.40, 136.10, 140.00, 139.66, 139.82, 18982, 26.54, 250, 17573, 92.58
LOTUSCHO, EQ, 09-Sep-2026, 590.10, 591.00, 603.95, 581.70, 585.00, 587.70, 587.42, 2898, 17.02, 298, 2273, 78.43
LOTUSDEV, BE, 09-Sep-2026, 198.81, 199.75, 200.90, 193.00, 199.00, 197.99, 198.51, 818087, 1623.99, 3667, -, -
LOTUSEYE, EQ, 09-Sep-2026, 110.66, 111.98, 112.00, 110.05, 111.49, 110.96, 111.00, 4252, 4.72, 146, 3320, 78.08
LOVABLE, EQ, 09-Sep-2026, 70.41, 71.90, 71.90, 69.50, 70.10, 69.62, 69.92, 8486, 5.93, 260, 5704, 67.22
LOWVOL, EQ, 09-Sep-2026, 202.55, 201.64, 201.64, 200.73, 200.73, 200.73, 201.26, 482, 0.97, 14, 240, 49.79
LOWVOL1, EQ, 09-Sep-2026, 20.85, 20.85, 20.85, 20.50, 20.64, 20.58, 20.56, 415351, 85.38, 272, 299094, 72.01
LOWVOLIETF, EQ, 09-Sep-2026, 21.73, 21.70, 21.77, 21.52, 21.65, 21.57, 21.61, 4536922, 980.55, 1964, 2837053, 62.53
LOYALTEX, EQ, 09-Sep-2026, 225.39, 218.00, 218.00, 214.19, 216.49, 215.81, 215.82, 83, 0.18, 34, 75, 90.36
LPDC, EQ, 09-Sep-2026, 6.29, 6.29, 6.45, 6.22, 6.30, 6.38, 6.31, 33202, 2.09, 134, 27226, 82.00
LRRPL, SM, 09-Sep-2026, 91.85, 90.00, 92.00, 90.00, 92.00, 92.00, 91.00, 4500, 4.10, 3, 4500, 100.00
LT, EQ, 09-Sep-2026, 3946.10, 3935.30, 4020.20, 3922.60, 3922.60, 3922.60, 3977.82, 2954721, 117533.43, 132430, 2078693, 70.35
LTF, EQ, 09-Sep-2026, 308.30, 307.90, 314.40, 307.00, 310.40, 310.40, 311.42, 2989428, 9309.66, 26372, 1338565, 44.78
LTFOODS, EQ, 09-Sep-2026, 455.25, 453.80, 458.50, 449.15, 452.60, 453.55, 453.58, 485637, 2202.74, 16939, 189312, 38.98
LTGILTBEES, EQ, 09-Sep-2026, 29.89, 29.90, 29.93, 29.88, 29.89, 29.91, 29.91, 1289785, 385.74, 550, 1106893, 85.82
LTGILTCASE, EQ, 09-Sep-2026, 30.41, 30.55, 30.55, 30.40, 30.41, 30.42, 30.44, 134201, 40.85, 200, 109090, 81.29
LTM, EQ, 09-Sep-2026, 4430.00, 4399.90, 4437.50, 4290.00, 4412.00, 4412.00, 4386.19, 1051263, 46110.40, 60453, 553499, 52.65
LTTS, EQ, 09-Sep-2026, 3389.10, 3375.00, 3375.00, 3326.10, 3367.00, 3364.00, 3359.95, 52404, 1760.75, 11907, 26044, 49.70
LUMAXIND, EQ, 09-Sep-2026, 6133.00, 6188.00, 6280.00, 6120.00, 6228.00, 6214.00, 6209.83, 10564, 656.01, 3030, 4462, 42.24
LUMAXTECH, EQ, 09-Sep-2026, 1955.90, 1961.50, 2007.60, 1937.70, 1981.50, 1990.60, 1975.55, 117985, 2330.85, 17531, 51697, 43.82
LUMINO, EQ, 09-Sep-2026, 108.12, 109.60, 110.25, 105.41, 106.29, 106.32, 107.18, 20414218, 21879.25, 82653, 3544548, 17.36
LUPIN, EQ, 09-Sep-2026, 2104.70, 2091.00, 2120.00, 2090.00, 2100.00, 2100.00, 2102.33, 596996, 12550.82, 31513, 322274, 53.98
LUXIND, EQ, 09-Sep-2026, 1128.40, 1130.00, 1138.80, 1118.10, 1124.00, 1122.60, 1128.09, 14747, 166.36, 2094, 8316, 56.39
LXCHEM, EQ, 09-Sep-2026, 184.52, 182.81, 185.51, 177.90, 178.50, 178.56, 181.36, 1701815, 3086.40, 24974, 706058, 41.49
LYKALABS, BE, 09-Sep-2026, 81.51, 83.14, 83.14, 83.14, 83.14, 83.14, 83.14, 26227, 21.81, 111, -, -
M&M, EQ, 09-Sep-2026, 3160.00, 3135.30, 3151.30, 3118.00, 3150.00, 3150.00, 3139.71, 1050769, 32991.12, 71693, 669775, 63.74
M&MFIN, EQ, 09-Sep-2026, 374.35, 373.50, 374.00, 362.20, 364.55, 363.75, 366.62, 2529271, 9272.74, 42203, 1421350, 56.20
MAANALU, EQ, 09-Sep-2026, 114.34, 114.98, 116.70, 110.50, 110.55, 111.27, 112.39, 125023, 140.51, 1960, 84391, 67.50
MACOBSTECH, SM, 09-Sep-2026, 195.00, 197.00, 199.80, 197.00, 199.60, 199.60, 199.40, 20000, 39.88, 25, 800, 4.00
MACPOWER, EQ, 09-Sep-2026, 1874.10, 1884.20, 1932.90, 1850.00, 1864.40, 1863.80, 1894.39, 28773, 545.07, 4221, 13319, 46.29
MADHAV, EQ, 09-Sep-2026, 35.84, 36.20, 36.20, 34.81, 34.82, 34.82, 35.66, 3836, 1.37, 47, 3460, 90.20
MADHAVBAUG, ST, 09-Sep-2026, 150.00, 148.50, 157.00, 148.50, 154.00, 154.00, 153.11, 13200, 20.21, 22, 13200, 100.00
MADHAVIPL, EQ, 09-Sep-2026, 8.03, 8.10, 8.19, 7.92, 7.95, 7.96, 8.06, 84238, 6.79, 265, 64036, 76.02
MADHUCON, BE, 09-Sep-2026, 4.59, 4.62, 4.62, 4.42, 4.50, 4.52, 4.48, 11044, 0.49, 35, -, -
MADHURKNIT, ST, 09-Sep-2026, 81.50, 77.45, 77.45, 77.45, 77.45, 77.45, 77.45, 1200, 0.93, 1, 1200, 100.00
MADHUSUDAN, ST, 09-Sep-2026, 238.55, 238.55, 238.55, 234.05, 235.05, 236.65, 236.67, 15000, 35.50, 15, 13000, 86.67
MADRASFERT, EQ, 09-Sep-2026, 64.37, 64.80, 64.80, 61.50, 62.90, 63.03, 63.26, 66282, 41.93, 1033, 37177, 56.09
MAFANG, EQ, 09-Sep-2026, 234.98, 235.90, 258.47, 223.00, 231.40, 228.06, 244.54, 2290776, 5601.82, 31884, 976993, 42.65
MAFATIND, EQ, 09-Sep-2026, 120.56, 121.77, 123.30, 120.26, 121.27, 121.60, 121.73, 19046, 23.19, 592, 11413, 59.92
MAGADSUGAR, EQ, 09-Sep-2026, 563.80, 563.00, 566.40, 553.05, 562.00, 562.20, 560.56, 10950, 61.38, 1015, 4817, 43.99
MAGNUM, EQ, 09-Sep-2026, 18.99, 19.10, 19.36, 18.55, 18.90, 18.99, 18.95, 24891, 4.72, 109, 22624, 90.89
MAGSON, SM, 09-Sep-2026, 178.00, 176.05, 176.05, 176.05, 176.05, 176.05, 176.05, 1000, 1.76, 1, 1000, 100.00
MAHABANK, EQ, 09-Sep-2026, 84.79, 84.78, 84.80, 83.60, 84.56, 84.56, 84.20, 11713367, 9862.11, 31038, 5183571, 44.25
MAHAPEXLTD, EQ, 09-Sep-2026, 55.41, 55.03, 55.03, 50.76, 52.01, 52.53, 52.38, 61068, 31.99, 854, 34936, 57.21
MAHASTEEL, BE, 09-Sep-2026, 1291.40, 1309.90, 1340.00, 1226.90, 1330.00, 1325.60, 1277.63, 4953, 63.28, 395, -, -
MAHEPC, EQ, 09-Sep-2026, 102.75, 104.18, 104.45, 102.00, 102.95, 102.14, 103.16, 8957, 9.24, 216, 7595, 84.79
MAHESHWARI, BE, 09-Sep-2026, 72.49, 72.48, 72.48, 71.01, 71.03, 71.03, 71.65, 1103, 0.79, 19, -, -
MAHICKRA, SM, 09-Sep-2026, 300.00, 297.00, 297.00, 297.00, 297.00, 297.00, 297.00, 1500, 4.46, 2, 750, 50.00
MAHKTECH, EQ, 09-Sep-2026, 23.09, 23.66, 23.66, 22.60, 22.92, 22.80, 23.07, 544833, 125.68, 5344, 376219, 69.05
MAHLIFE, EQ, 09-Sep-2026, 366.15, 364.15, 373.00, 361.20, 368.35, 370.10, 368.92, 147985, 545.95, 10046, 60658, 40.99
MAHLOG, EQ, 09-Sep-2026, 408.85, 410.50, 412.75, 399.20, 401.20, 401.75, 405.18, 106299, 430.70, 4782, 48544, 45.67
MAHSCOOTER, EQ, 09-Sep-2026, 13267.00, 13354.00, 13500.00, 13151.00, 13212.00, 13270.00, 13375.37, 2701, 361.27, 1295, 1032, 38.21
MAHSEAMLES, EQ, 09-Sep-2026, 680.65, 679.65, 683.20, 668.70, 674.00, 676.20, 674.38, 167344, 1128.54, 10624, 79953, 47.78
MAITHANALL, EQ, 09-Sep-2026, 1061.20, 1065.00, 1089.90, 1035.60, 1082.00, 1077.00, 1069.21, 283553, 3031.79, 13880, 92738, 32.71
MAITREYA, SM, 09-Sep-2026, 121.00, 121.00, 121.00, 116.00, 120.00, 119.90, 117.91, 11200, 13.21, 24, 8800, 78.57
MAJESAUT, BE, 09-Sep-2026, 355.90, 355.90, 363.00, 351.30, 360.50, 360.50, 359.99, 2762, 9.94, 133, -, -
MAKEINDIA, EQ, 09-Sep-2026, 165.46, 165.93, 165.93, 164.60, 165.25, 165.28, 165.11, 23943, 39.53, 460, 12581, 52.55
MAKERSL, EQ, 09-Sep-2026, 184.63, 184.28, 191.00, 183.00, 185.00, 184.89, 184.42, 1305, 2.41, 114, 751, 57.55
MAKS, SM, 09-Sep-2026, 16.60, 16.60, 17.40, 16.60, 16.60, 16.60, 16.99, 13500, 2.29, 8, 12000, 88.89
MAL, SM, 09-Sep-2026, 42.10, 44.20, 44.20, 44.20, 44.20, 44.20, 44.20, 9600, 4.24, 4, 9600, 100.00
MALLCOM, EQ, 09-Sep-2026, 981.65, 980.30, 983.45, 971.25, 972.00, 977.85, 977.06, 3467, 33.87, 168, 2791, 80.50
MALUPAPER, EQ, 09-Sep-2026, 34.59, 34.75, 35.10, 34.10, 34.92, 34.81, 34.82, 20336, 7.08, 149, 14414, 70.88
MAMATA, EQ, 09-Sep-2026, 425.70, 428.55, 439.95, 417.50, 418.90, 419.40, 429.24, 100223, 430.19, 4362, 42339, 42.24
MANAKALUCO, EQ, 09-Sep-2026, 39.22, 39.65, 39.65, 38.50, 38.55, 38.74, 38.92, 69652, 27.11, 548, 35654, 51.19
MANAKCOAT, EQ, 09-Sep-2026, 122.93, 123.00, 127.90, 123.00, 127.79, 126.42, 125.94, 707413, 890.88, 3824, 237668, 33.60
MANAKSIA, EQ, 09-Sep-2026, 67.72, 68.90, 68.90, 65.74, 66.06, 66.21, 66.78, 48915, 32.67, 679, 32672, 66.79
MANAKSTEEL, BE, 09-Sep-2026, 104.33, 103.90, 109.54, 103.90, 109.54, 109.54, 106.94, 59230, 63.34, 292, -, -
MANALIPETC, EQ, 09-Sep-2026, 90.08, 90.60, 92.00, 86.50, 87.49, 87.15, 89.37, 3298224, 2947.55, 19476, 1026266, 31.12
MANAPPURAM, EQ, 09-Sep-2026, 325.00, 323.00, 328.00, 312.30, 320.00, 320.00, 318.55, 6844403, 21802.94, 49437, 2454078, 35.86
MANBA, EQ, 09-Sep-2026, 130.67, 130.92, 132.79, 129.20, 129.50, 130.16, 130.99, 108399, 142.00, 1026, 17163, 15.83
MANCREDIT, EQ, 09-Sep-2026, 221.22, 224.00, 224.00, 218.24, 222.00, 220.19, 221.21, 141076, 312.07, 1629, 25462, 18.05
MANGALAM, EQ, 09-Sep-2026, 29.33, 29.33, 31.99, 28.51, 31.85, 31.71, 30.89, 64156, 19.82, 565, 45264, 70.55
MANGLMCEM, EQ, 09-Sep-2026, 1062.50, 1053.10, 1068.00, 1034.60, 1042.00, 1049.60, 1051.22, 86283, 907.02, 4180, 38109, 44.17
MANILAM, SM, 09-Sep-2026, 46.00, 45.00, 45.00, 44.00, 45.00, 44.50, 44.45, 22000, 9.78, 11, 16000, 72.73
MANINDS, EQ, 09-Sep-2026, 821.70, 824.90, 826.00, 784.15, 795.60, 792.55, 799.26, 469853, 3755.37, 24688, 200291, 42.63
MANINFRA, EQ, 09-Sep-2026, 127.75, 128.00, 130.98, 127.72, 128.79, 128.72, 129.65, 3598189, 4665.09, 15558, 1122158, 31.19
MANIPALHOS, EQ, 09-Sep-2026, 718.95, 721.30, 737.75, 719.45, 729.80, 729.95, 730.91, 1112481, 8131.25, 37770, 623702, 56.06
MANKIND, EQ, 09-Sep-2026, 2309.00, 2305.00, 2317.60, 2250.00, 2265.00, 2265.00, 2281.39, 266219, 6073.50, 18670, 156253, 58.69
MANOMAY, EQ, 09-Sep-2026, 232.80, 232.46, 235.89, 227.38, 232.83, 229.73, 230.88, 147302, 340.09, 5380, 33335, 22.63
MANORAMA, EQ, 09-Sep-2026, 2132.90, 2132.10, 2138.90, 2062.50, 2085.20, 2093.30, 2094.97, 166097, 3479.68, 18004, 72198, 43.47
MANORG, EQ, 09-Sep-2026, 496.75, 498.90, 498.90, 476.55, 477.00, 480.70, 485.80, 5184, 25.18, 334, 3544, 68.36
MANUFGBEES, EQ, 09-Sep-2026, 162.66, 163.47, 163.68, 162.02, 162.15, 162.22, 163.00, 6943, 11.32, 101, 5791, 83.41
MANUGRAPH, BE, 09-Sep-2026, 15.00, 15.40, 15.50, 14.68, 15.47, 15.10, 15.06, 5881, 0.89, 32, -, -
MANYAVAR, EQ, 09-Sep-2026, 579.55, 575.95, 588.90, 562.65, 586.70, 581.35, 577.07, 305840, 1764.90, 17157, 121202, 39.63
MAPMYINDIA, EQ, 09-Sep-2026, 968.80, 968.80, 970.00, 951.00, 953.10, 955.20, 958.03, 82810, 793.34, 6073, 37000, 44.68
MARALOVER, EQ, 09-Sep-2026, 65.83, 67.10, 67.89, 62.70, 64.00, 64.79, 64.61, 35454, 22.91, 510, 21788, 61.45
MARATHON, EQ, 09-Sep-2026, 446.35, 447.00, 448.30, 435.20, 437.00, 436.90, 439.68, 92861, 408.29, 2877, 63617, 68.51
MARC, SM, 09-Sep-2026, 140.00, 135.00, 149.25, 135.00, 149.25, 146.15, 143.49, 38400, 55.10, 32, 25200, 65.63
MARICO, EQ, 09-Sep-2026, 823.90, 821.85, 823.00, 808.45, 813.90, 813.90, 813.16, 2389739, 19432.49, 57770, 1873361, 78.39
MARINE, EQ, 09-Sep-2026, 416.45, 416.80, 431.70, 416.80, 420.50, 421.05, 424.25, 483131, 2049.68, 16138, 160670, 33.26
MARKOLINES, EQ, 09-Sep-2026, 177.17, 178.33, 178.37, 172.64, 173.50, 173.48, 174.43, 104732, 182.68, 948, 43551, 41.58
MARKSANS, EQ, 09-Sep-2026, 335.90, 336.00, 340.00, 328.65, 329.20, 330.15, 332.91, 1784442, 5940.61, 31745, 684543, 38.36
MARSONS, EQ, 09-Sep-2026, 131.07, 131.00, 135.80, 129.25, 135.80, 135.08, 132.71, 2107683, 2797.01, 11858, 887107, 42.09
MARUSHIKA, SM, 09-Sep-2026, 113.00, 111.00, 119.70, 111.00, 116.00, 117.80, 117.41, 55200, 64.81, 35, 51600, 93.48
MARUTI, EQ, 09-Sep-2026, 12641.00, 12609.00, 12692.00, 12537.00, 12618.00, 12618.00, 12615.20, 534832, 67470.13, 51635, 352747, 65.95
MASFIN, EQ, 09-Sep-2026, 290.15, 290.15, 290.15, 282.00, 289.65, 288.90, 287.85, 375902, 1082.03, 21085, 223513, 59.46
MASKINVEST, EQ, 09-Sep-2026, 148.00, 141.20, 155.29, 140.60, 145.50, 153.29, 146.33, 3699, 5.41, 62, 2333, 63.07
MASON, SM, 09-Sep-2026, 112.05, 107.50, 115.00, 105.00, 113.80, 114.65, 111.75, 138000, 154.21, 101, 112000, 81.16
MASPTOP50, EQ, 09-Sep-2026, 97.01, 99.43, 111.56, 95.85, 101.50, 100.76, 105.74, 2197272, 2323.41, 21246, 991187, 45.11
MASTEK, EQ, 09-Sep-2026, 1654.20, 1654.00, 1654.00, 1605.00, 1626.00, 1623.50, 1621.33, 133390, 2162.69, 13601, 51357, 38.50
MASTER, SM, 09-Sep-2026, 423.00, 420.15, 420.15, 415.00, 415.00, 415.00, 416.58, 2000, 8.33, 4, 2000, 100.00
MASTERTR, EQ, 09-Sep-2026, 92.09, 91.99, 96.50, 90.64, 93.00, 93.07, 93.77, 1314880, 1232.97, 9621, 342294, 26.03
MATRIMONY, EQ, 09-Sep-2026, 516.05, 514.30, 528.30, 508.00, 527.90, 515.75, 516.58, 15412, 79.62, 651, 11205, 72.70
MAWANASUG, EQ, 09-Sep-2026, 142.51, 141.58, 142.11, 138.48, 139.70, 139.79, 139.67, 179141, 250.21, 3049, 91281, 50.95
MAXESTATES, EQ, 09-Sep-2026, 538.15, 541.65, 551.80, 531.00, 548.40, 546.10, 540.97, 63029, 340.97, 2187, 44809, 71.09
MAXHEALTH, EQ, 09-Sep-2026, 993.00, 992.70, 1040.40, 992.20, 1037.50, 1037.50, 1031.13, 4591285, 47342.04, 137058, 1829466, 39.85
MAXIND, EQ, 09-Sep-2026, 147.22, 147.00, 150.84, 146.50, 146.60, 148.65, 148.53, 57870, 85.95, 1229, 39654, 68.52
MAXPOSURE, SM, 09-Sep-2026, 30.00, 31.00, 31.00, 28.50, 29.15, 29.15, 29.36, 14000, 4.11, 14, 9000, 64.29
MAXVOLT, SM, 09-Sep-2026, 320.05, 318.00, 326.65, 315.00, 317.80, 316.90, 318.59, 36800, 117.24, 82, 30000, 81.52
MAYASHEEL, SM, 09-Sep-2026, 36.15, 36.65, 36.65, 35.50, 35.50, 35.50, 36.08, 6000, 2.16, 2, 3000, 50.00
MAYURUNIQ, EQ, 09-Sep-2026, 740.55, 750.00, 760.00, 731.15, 733.90, 735.95, 743.09, 98651, 733.06, 5962, 49475, 50.15
MAZDA, BE, 09-Sep-2026, 271.75, 270.80, 275.00, 260.00, 267.60, 271.70, 267.54, 11617, 31.08, 221, -, -
MAZDOCK, EQ, 09-Sep-2026, 2466.40, 2451.00, 2461.20, 2395.00, 2408.80, 2408.80, 2419.03, 563605, 13633.76, 29234, 198354, 35.19
MBAPL, EQ, 09-Sep-2026, 164.37, 164.37, 165.30, 161.06, 161.20, 162.03, 162.82, 370774, 603.71, 4078, 229070, 61.78
MBECL, BE, 09-Sep-2026, 285.42, 299.69, 299.69, 299.69, 299.69, 299.69, 299.69, 1022, 3.06, 45, -, -
MBEL, EQ, 09-Sep-2026, 267.70, 267.70, 267.75, 263.55, 264.55, 265.15, 265.32, 44511, 118.10, 2233, 24074, 54.09
MBLINFRA, EQ, 09-Sep-2026, 23.97, 24.59, 24.59, 23.05, 23.05, 23.27, 23.57, 15352, 3.62, 132, 12981, 84.56
MCCHRLS-B, EQ, 09-Sep-2026, 670.00, 684.90, 684.90, 672.00, 683.50, 683.50, 673.08, 41, 0.28, 13, 41, 100.00
MCL, EQ, 09-Sep-2026, 59.35, 60.00, 64.00, 58.16, 59.50, 58.95, 61.69, 300265, 185.22, 3704, 127206, 42.36
MCLEODRUSS, EQ, 09-Sep-2026, 44.96, 44.96, 45.22, 44.22, 44.85, 44.54, 44.73, 230024, 102.89, 1393, 162672, 70.72
MCLOUD, EQ, 09-Sep-2026, 25.92, 26.00, 26.12, 25.75, 25.99, 25.94, 25.91, 914261, 236.89, 2501, 372606, 40.75
MCON, SM, 09-Sep-2026, 42.50, 41.00, 41.95, 41.00, 41.30, 41.30, 41.37, 15000, 6.21, 14, 8000, 53.33
MCX, EQ, 09-Sep-2026, 3342.00, 3362.00, 3398.00, 3323.50, 3350.00, 3350.00, 3356.64, 2174879, 73002.93, 104398, 919788, 42.29
MEDANTA, EQ, 09-Sep-2026, 1428.60, 1432.10, 1487.40, 1431.80, 1483.30, 1480.40, 1474.65, 565564, 8340.12, 39315, 329885, 58.33
MEDIASSIST, EQ, 09-Sep-2026, 331.25, 327.00, 334.75, 326.95, 328.50, 328.65, 328.96, 82663, 271.93, 3800, 49368, 59.72
MEDICAMEQ, EQ, 09-Sep-2026, 285.75, 287.65, 317.35, 280.05, 314.90, 312.90, 302.18, 364218, 1100.59, 7570, 152376, 41.84
MEDICAPQ, EQ, 09-Sep-2026, 25.62, 27.72, 30.74, 26.99, 30.74, 30.74, 30.23, 101210, 30.60, 799, 43476, 42.96
MEDICO, EQ, 09-Sep-2026, 39.28, 39.23, 39.24, 34.11, 35.14, 35.44, 36.10, 2383216, 860.31, 10960, 1129626, 47.40
MEDIORG, SM, 09-Sep-2026, 26.50, 25.20, 25.20, 25.20, 25.20, 25.20, 25.20, 6000, 1.51, 3, 6000, 100.00
MEDPLUS, EQ, 09-Sep-2026, 663.45, 664.00, 677.95, 660.90, 674.95, 669.95, 668.44, 72744, 486.25, 7636, 33849, 46.53
MEESHO, EQ, 09-Sep-2026, 211.06, 211.40, 217.86, 210.50, 217.00, 216.70, 215.15, 17157843, 36914.73, 114020, 9339664, 54.43
MEGAFLEX, SM, 09-Sep-2026, 95.00, 99.00, 99.00, 99.00, 99.00, 99.00, 99.00, 1000, 0.99, 1, 1000, 100.00
MEGASTAR, EQ, 09-Sep-2026, 288.85, 285.00, 292.00, 280.20, 282.70, 285.10, 286.19, 3673, 10.51, 155, 3119, 84.92
MEGATHERM, SM, 09-Sep-2026, 227.75, 232.95, 247.80, 232.95, 242.00, 243.00, 237.50, 110800, 263.15, 103, 85200, 76.90
MEIL, EQ, 09-Sep-2026, 286.70, 287.75, 289.40, 280.25, 284.00, 283.45, 283.01, 24599, 69.62, 702, 14418, 58.61
MENNPIS, EQ, 09-Sep-2026, 84.28, 85.00, 85.00, 79.21, 80.48, 80.43, 80.86, 158787, 128.40, 2197, 82001, 51.64
MENONBE, BE, 09-Sep-2026, 291.05, 278.55, 305.60, 276.50, 305.60, 305.50, 288.70, 133876, 386.50, 1595, -, -
MEP, BZ, 09-Sep-2026, 0.69, 0.68, 0.68, 0.68, 0.68, 0.68, 0.68, 9555, 0.06, 29, -, -
MERCANTILE, EQ, 09-Sep-2026, 24.72, 25.50, 25.75, 24.06, 24.42, 24.12, 24.77, 112840, 27.95, 275, 102231, 90.60
MERCURYEV, EQ, 09-Sep-2026, 38.38, 38.94, 38.94, 37.00, 37.99, 37.83, 38.12, 463042, 176.53, 1803, 336254, 72.62
METAL, EQ, 09-Sep-2026, 13.28, 13.61, 13.61, 13.10, 13.51, 13.51, 13.47, 2417735, 325.76, 3818, 1369009, 56.62
METALIC, ST, 09-Sep-2026, 136.95, 133.00, 138.40, 131.20, 138.40, 136.05, 133.99, 68800, 92.19, 39, 56000, 81.40
METALIETF, EQ, 09-Sep-2026, 13.25, 13.40, 13.51, 13.21, 13.47, 13.44, 13.42, 7227949, 970.10, 8575, 4173979, 57.75
METROBRAND, EQ, 09-Sep-2026, 948.55, 948.95, 961.90, 932.30, 956.80, 959.00, 952.73, 34602, 329.66, 6457, 20879, 60.34
METROGLOBL, EQ, 09-Sep-2026, 139.90, 139.90, 142.95, 136.02, 142.95, 142.31, 141.12, 105, 0.15, 12, 52, 49.52
METROPOLIS, EQ, 09-Sep-2026, 582.20, 582.20, 605.00, 580.70, 605.00, 602.10, 596.24, 472099, 2814.84, 20384, 239840, 50.80
MFML, EQ, 09-Sep-2026, 18.69, 18.69, 19.83, 18.18, 18.54, 18.38, 18.42, 1806, 0.33, 61, 820, 45.40
MFSL, EQ, 09-Sep-2026, 1498.70, 1497.00, 1497.00, 1463.00, 1468.50, 1468.50, 1471.33, 802373, 11805.59, 26953, 475602, 59.27
MGEL, EQ, 09-Sep-2026, 15.50, 15.50, 17.00, 14.51, 15.87, 15.84, 15.55, 14242508, 2214.27, 19669, 13082306, 91.85
MGL, EQ, 09-Sep-2026, 1103.20, 1101.50, 1109.00, 1081.00, 1081.40, 1084.30, 1096.79, 156163, 1712.78, 6650, 121170, 77.59
MGSL, SM, 09-Sep-2026, 72.50, 73.40, 73.40, 70.10, 70.55, 70.55, 72.36, 18000, 13.02, 12, 15600, 86.67
MHHL, SM, 09-Sep-2026, 30.80, 32.30, 32.30, 31.00, 31.00, 31.00, 31.87, 4500, 1.43, 3, 4500, 100.00
MHLXMIRU, BE, 09-Sep-2026, 166.25, 164.70, 166.00, 162.00, 165.00, 164.88, 164.47, 4065, 6.69, 81, -, -
MHRIL, EQ, 09-Sep-2026, 205.71, 205.45, 206.69, 199.00, 199.30, 199.36, 201.38, 258681, 520.94, 5200, 153573, 59.37
MICEL, BE, 09-Sep-2026, 36.32, 36.30, 36.30, 36.00, 36.00, 36.00, 36.08, 94150, 33.97, 559, -, -
MID150, EQ, 09-Sep-2026, 23.48, 22.89, 23.90, 22.89, 23.43, 23.40, 23.42, 15755, 3.69, 165, 15062, 95.60
MID150BEES, EQ, 09-Sep-2026, 239.02, 233.04, 242.00, 233.04, 237.77, 238.02, 238.23, 580979, 1384.07, 7973, 359640, 61.90
MID150CASE, EQ, 09-Sep-2026, 11.63, 11.79, 11.79, 11.55, 11.61, 11.57, 11.59, 1277038, 148.07, 3513, 741984, 58.10
MIDBANKADD, EQ, 09-Sep-2026, 17.43, 17.40, 17.46, 17.40, 17.46, 17.42, 17.43, 1080, 0.19, 10, 969, 89.72
MIDCAP, EQ, 09-Sep-2026, 18.50, 18.60, 18.68, 18.34, 18.46, 18.41, 18.42, 266667, 49.12, 1026, 167192, 62.70
MIDCAPADD, EQ, 09-Sep-2026, 23.10, 23.03, 23.16, 23.00, 23.15, 23.10, 23.09, 7867, 1.82, 56, 5833, 74.15
MIDCAPBETA, EQ, 09-Sep-2026, 233.87, 233.26, 236.80, 231.97, 236.80, 233.03, 232.83, 774, 1.80, 33, 479, 61.89
MIDCAPETF, EQ, 09-Sep-2026, 23.63, 23.60, 23.62, 23.43, 23.55, 23.52, 23.53, 10482815, 2467.02, 7642, 10081660, 96.17
MIDCAPIETF, EQ, 09-Sep-2026, 23.91, 23.86, 23.99, 23.77, 23.91, 23.86, 23.85, 493061, 117.57, 2294, 319818, 64.86
MIDHANI, EQ, 09-Sep-2026, 477.00, 473.85, 474.90, 454.90, 463.70, 463.80, 464.13, 5087063, 23610.83, 84291, 997365, 19.61
MIDQ50ADD, EQ, 09-Sep-2026, 24.92, 24.71, 24.71, 24.49, 24.58, 24.54, 24.56, 37381, 9.18, 377, 29736, 79.55
MIDSELIETF, EQ, 09-Sep-2026, 19.89, 19.90, 19.92, 19.70, 19.80, 19.78, 19.80, 257690, 51.02, 762, 151138, 58.65
MIDSMALL, EQ, 09-Sep-2026, 51.97, 51.92, 52.00, 51.53, 51.74, 51.64, 51.72, 140549, 72.70, 878, 79012, 56.22
MIDWESTLTD, EQ, 09-Sep-2026, 1078.40, 1084.20, 1084.20, 1055.00, 1060.00, 1059.10, 1060.09, 13692, 145.15, 1520, 6875, 50.21
MIEL, SM, 09-Sep-2026, 11.85, 12.00, 12.00, 12.00, 12.00, 12.00, 12.00, 2000, 0.24, 1, 2000, 100.00
MIIL, EQ, 09-Sep-2026, 704.60, 709.20, 714.95, 666.55, 699.00, 688.40, 691.41, 116329, 804.31, 4993, 32946, 28.32
MILKYMIST, EQ, 09-Sep-2026, 275.97, 274.94, 274.94, 262.18, 267.00, 265.56, 266.03, 8108465, 21570.59, 64994, 2690180, 33.18
MINALIND, BE, 09-Sep-2026, 5.89, 5.88, 5.88, 5.78, 5.78, 5.78, 5.84, 198559, 11.60, 300, -, -
MINDACORP, EQ, 09-Sep-2026, 708.30, 710.00, 710.35, 697.05, 701.50, 700.80, 701.90, 140743, 987.88, 14625, 63644, 45.22
MINDSPACE, RR, 09-Sep-2026, 497.67, 498.80, 500.43, 497.50, 497.75, 497.98, 498.22, 320878, 1598.68, 11323, 306254, 95.44
MINDTECK, EQ, 09-Sep-2026, 165.00, 165.00, 167.09, 162.04, 163.00, 162.68, 163.74, 24891, 40.76, 822, 13989, 56.20
MIRZAINT, EQ, 09-Sep-2026, 30.73, 30.50, 32.30, 30.50, 31.10, 31.28, 31.50, 202011, 63.63, 2503, 65046, 32.20
MITCON, EQ, 09-Sep-2026, 80.74, 81.40, 88.85, 81.40, 81.98, 82.27, 85.15, 56492, 48.10, 507, 34677, 61.38
MITTAL, EQ, 09-Sep-2026, 0.86, 0.88, 0.92, 0.87, 0.89, 0.88, 0.89, 1286326, 11.48, 598, 1078292, 83.83
MKEXIM, EQ, 09-Sep-2026, 64.01, 65.89, 66.50, 62.57, 66.00, 64.88, 64.96, 40623, 26.39, 674, 30445, 74.95
MKPL, EQ, 09-Sep-2026, 3.99, 4.05, 4.05, 4.00, 4.05, 4.03, 4.02, 67490, 2.72, 263, 61923, 91.75
MLKFOOD, EQ, 09-Sep-2026, 84.87, 86.00, 87.40, 82.50, 85.46, 84.97, 85.07, 1232, 1.05, 64, 1073, 87.09
MMEL, SM, 09-Sep-2026, 26.30, 26.10, 26.25, 26.10, 26.25, 26.25, 26.18, 4000, 1.05, 2, 4000, 100.00
MMFL, EQ, 09-Sep-2026, 615.85, 613.75, 628.75, 609.40, 619.90, 616.95, 620.04, 91871, 569.64, 8144, 49385, 53.75
MMP, EQ, 09-Sep-2026, 478.50, 475.70, 483.00, 453.00, 466.00, 460.25, 467.82, 82983, 388.21, 3075, 48831, 58.84
MMTC, EQ, 09-Sep-2026, 63.19, 63.29, 63.62, 62.50, 62.83, 62.76, 62.90, 972735, 611.82, 6590, 411043, 42.26
MMWL, EQ, 09-Sep-2026, 13.99, 13.99, 14.26, 13.40, 13.97, 13.83, 13.64, 42797, 5.84, 345, 29518, 68.97
MNC, EQ, 09-Sep-2026, 33.11, 33.18, 33.18, 32.81, 33.10, 32.89, 32.99, 75533, 24.92, 368, 49450, 65.47
MOALPHA50, EQ, 09-Sep-2026, 56.34, 56.57, 56.73, 56.18, 56.64, 56.57, 56.49, 5752, 3.25, 48, 5647, 98.17
MOBANK10, EQ, 09-Sep-2026, 16.65, 16.50, 16.66, 16.48, 16.55, 16.55, 16.59, 8406, 1.39, 47, 8195, 97.49
MOBIKWIK, EQ, 09-Sep-2026, 194.14, 193.87, 198.90, 192.25, 195.50, 195.30, 195.71, 671589, 1314.36, 10381, 207430, 30.89
MOCAPITAL, EQ, 09-Sep-2026, 54.52, 54.52, 54.52, 53.71, 54.10, 53.99, 54.02, 471099, 254.51, 2916, 301783, 64.06
MODEFENCE, EQ, 09-Sep-2026, 109.72, 110.00, 110.82, 108.40, 109.00, 108.87, 109.12, 3730401, 4070.49, 9062, 2979049, 79.86
MODINATUR, EQ, 09-Sep-2026, 353.60, 363.00, 363.00, 345.00, 346.05, 349.10, 352.96, 3983, 14.06, 198, 3091, 77.60
MODIRUBBER, EQ, 09-Sep-2026, 124.72, 126.89, 129.40, 124.00, 126.98, 125.89, 125.95, 3150, 3.97, 77, 1894, 60.13
MODIS, EQ, 09-Sep-2026, 376.00, 377.05, 379.95, 370.00, 372.50, 371.45, 374.94, 18094, 67.84, 1069, 11150, 61.62
MODISONLTD, EQ, 09-Sep-2026, 499.35, 515.00, 522.40, 481.00, 494.00, 490.30, 501.32, 268225, 1344.66, 8020, 149305, 55.66
MODTHREAD, EQ, 09-Sep-2026, 52.96, 53.90, 54.70, 53.05, 53.40, 53.91, 53.85, 3023, 1.63, 52, 2827, 93.52
MOENERGY, EQ, 09-Sep-2026, 38.40, 38.40, 38.79, 38.32, 38.70, 38.70, 38.69, 154383, 59.73, 523, 124924, 80.92
MOGOLD, EQ, 09-Sep-2026, 150.60, 150.60, 151.25, 148.80, 150.05, 150.25, 150.60, 21158, 31.86, 315, 12726, 60.15
MOGSEC, EQ, 09-Sep-2026, 65.40, 65.69, 65.70, 65.13, 65.13, 65.14, 65.45, 315, 0.21, 39, 200, 63.49
MOHEALTH, EQ, 09-Sep-2026, 52.60, 52.60, 52.98, 51.95, 51.98, 52.14, 52.37, 56801, 29.75, 540, 49589, 87.30
MOHITE, EQ, 09-Sep-2026, 2.71, 2.78, 2.84, 2.66, 2.76, 2.74, 2.74, 90916, 2.49, 117, 79819, 87.79
MOHITIND, EQ, 09-Sep-2026, 23.50, 24.40, 24.80, 23.00, 23.10, 23.23, 23.30, 6998, 1.63, 99, 5122, 73.19
MOIL, EQ, 09-Sep-2026, 251.49, 251.69, 254.20, 250.00, 252.00, 251.95, 252.33, 587080, 1481.36, 11276, 241927, 41.21
MOINFRA, EQ, 09-Sep-2026, 58.50, 58.68, 59.04, 58.39, 58.39, 58.41, 58.62, 10295, 6.03, 59, 8249, 80.13
MOIPO, EQ, 09-Sep-2026, 48.70, 48.88, 48.91, 48.66, 48.81, 48.81, 48.73, 3095, 1.51, 27, 1951, 63.04
MOKSH, EQ, 09-Sep-2026, 10.00, 9.95, 10.99, 9.95, 10.23, 10.30, 10.41, 224126, 23.33, 551, 110893, 49.48
MOL, EQ, 09-Sep-2026, 65.82, 66.00, 66.00, 63.18, 63.50, 63.54, 64.44, 1003497, 646.62, 6041, 481284, 47.96
MOLBIO, EQ, 09-Sep-2026, 1117.50, 1119.00, 1293.50, 1111.50, 1268.80, 1257.90, 1251.84, 9414132, 117850.10, 310707, 703427, 7.47
MOLDTECH, BE, 09-Sep-2026, 218.27, 218.27, 224.40, 210.00, 213.00, 212.51, 213.69, 35303, 75.44, 624, -, -
MOLDTKPAC, EQ, 09-Sep-2026, 697.55, 694.00, 699.95, 685.15, 685.90, 690.20, 690.24, 63868, 440.84, 7271, 38930, 60.95
MOLOWVOL, EQ, 09-Sep-2026, 35.67, 35.70, 35.70, 35.42, 35.59, 35.59, 35.57, 2171, 0.77, 36, 2071, 95.39
MOM100, EQ, 09-Sep-2026, 67.91, 68.10, 68.10, 67.36, 67.50, 67.61, 67.68, 235846, 159.62, 2449, 145037, 61.50
MOM30IETF, EQ, 09-Sep-2026, 31.53, 32.31, 32.31, 31.23, 31.50, 31.54, 31.61, 471630, 149.09, 1920, 288850, 61.25
MOM50, EQ, 09-Sep-2026, 247.72, 250.20, 250.20, 245.94, 246.01, 246.16, 246.93, 14108, 34.84, 120, 13212, 93.65
MOMENTUM, EQ, 09-Sep-2026, 31.46, 31.25, 31.74, 31.03, 31.16, 31.57, 31.57, 229971, 72.61, 199, 210091, 91.36
MOMENTUM30, EQ, 09-Sep-2026, 30.98, 31.20, 31.20, 30.91, 31.00, 31.15, 31.13, 676856, 210.70, 100, 660686, 97.61
MOMENTUM50, EQ, 09-Sep-2026, 54.92, 55.18, 55.18, 54.74, 54.85, 54.96, 54.97, 554699, 304.91, 1603, 358803, 64.68
MOMETAL, EQ, 09-Sep-2026, 13.18, 13.18, 13.90, 13.18, 13.40, 13.40, 13.42, 27345, 3.67, 43, 24018, 87.83
MOMGF, EQ, 09-Sep-2026, 161.24, 162.49, 162.58, 161.30, 162.56, 162.24, 161.57, 310, 0.50, 13, 237, 76.45
MOMIDMTM, EQ, 09-Sep-2026, 64.87, 64.81, 65.00, 64.65, 64.80, 64.92, 64.79, 82906, 53.71, 278, 75757, 91.38
MOMMIDCAP, EQ, 09-Sep-2026, 13.09, 13.12, 13.17, 13.05, 13.14, 13.12, 13.13, 753302, 98.91, 441, 578343, 76.77
MOMNC, EQ, 09-Sep-2026, 32.10, 32.06, 32.06, 31.86, 32.00, 32.00, 31.99, 27509, 8.80, 24, 27359, 99.45
MOMOMENTUM, EQ, 09-Sep-2026, 62.43, 62.79, 63.30, 62.51, 62.61, 62.68, 62.86, 62660, 39.39, 389, 34703, 55.38
MOMSBELIEF, BE, 09-Sep-2026, 228.34, 222.00, 236.00, 216.93, 230.90, 229.81, 226.89, 420436, 953.95, 4077, -, -
MON100, EQ, 09-Sep-2026, 344.70, 353.31, 354.90, 335.16, 342.00, 340.57, 348.86, 1496649, 5221.17, 31384, 756136, 50.52
MON50EQUAL, EQ, 09-Sep-2026, 32.84, 32.71, 33.33, 32.59, 32.77, 32.77, 32.68, 4858, 1.59, 62, 3937, 81.04
MONARCH, EQ, 09-Sep-2026, 382.45, 381.70, 381.70, 369.90, 371.10, 370.95, 373.34, 113673, 424.39, 2175, 64111, 56.40
MONEXT50, EQ, 09-Sep-2026, 72.83, 73.84, 74.84, 72.62, 72.75, 72.96, 72.86, 2015, 1.47, 63, 1102, 54.69
MONEYBOXX, EQ, 09-Sep-2026, 56.01, 57.00, 57.00, 44.81, 44.81, 44.81, 46.64, 349519, 163.03, 1884, 203502, 58.22
MONIFTY100, EQ, 09-Sep-2026, 24.94, 24.90, 24.96, 24.62, 24.69, 24.80, 24.76, 577647, 143.01, 135, 483717, 83.74
MONIFTY500, EQ, 09-Sep-2026, 23.72, 24.31, 24.31, 23.50, 23.61, 23.60, 23.62, 1387568, 327.80, 1803, 1270938, 91.59
MONOLITH, SM, 09-Sep-2026, 1320.35, 1318.00, 1397.40, 1310.00, 1397.40, 1384.95, 1359.46, 91750, 1247.30, 309, 65500, 71.39
MONOPHARMA, SM, 09-Sep-2026, 9.00, 8.80, 8.95, 8.60, 8.60, 8.60, 8.89, 22000, 1.96, 4, 22000, 100.00
MONQ50, EQ, 09-Sep-2026, 195.77, 198.00, 234.92, 196.00, 214.08, 213.01, 222.93, 1928274, 4298.63, 23863, 631326, 32.74
MONTECARLO, EQ, 09-Sep-2026, 558.50, 562.15, 563.80, 548.35, 550.25, 553.30, 555.62, 88323, 490.74, 2562, 57509, 65.11
MOOILGAS, EQ, 09-Sep-2026, 11.05, 11.25, 11.25, 11.01, 11.07, 11.08, 11.08, 8445, 0.94, 38, 3680, 43.58
MOPSE, EQ, 09-Sep-2026, 99.46, 99.46, 103.00, 99.37, 99.60, 99.77, 99.73, 10786, 10.76, 25, 9725, 90.16
MOQUALITY, EQ, 09-Sep-2026, 199.27, 201.26, 201.26, 197.32, 197.36, 197.32, 198.07, 1279, 2.53, 34, 441, 34.48
MOREALTY, EQ, 09-Sep-2026, 89.78, 97.00, 97.00, 87.55, 87.61, 87.89, 88.11, 2572749, 2266.90, 3479, 2002145, 77.82
MOREPENLAB, EQ, 09-Sep-2026, 117.16, 117.04, 118.50, 113.68, 117.00, 116.54, 116.14, 12527070, 14549.38, 49625, 3032269, 24.21
MOS, ST, 09-Sep-2026, 6.90, 6.60, 6.85, 6.60, 6.60, 6.60, 6.61, 260000, 17.17, 58, 252000, 96.92
MOSCHIP, EQ, 09-Sep-2026, 214.26, 213.52, 215.00, 210.61, 211.20, 211.41, 211.75, 1353450, 2865.93, 15009, 500172, 36.96
MOSERVICE, EQ, 09-Sep-2026, 30.45, 30.18, 30.96, 30.08, 30.18, 30.18, 30.18, 6383, 1.93, 120, 6383, 100.00
MOSILVER, EQ, 09-Sep-2026, 229.24, 231.00, 231.00, 228.90, 229.50, 229.79, 230.10, 25038, 57.61, 378, 7863, 31.40
MOSMALL250, EQ, 09-Sep-2026, 18.58, 18.46, 18.65, 18.44, 18.50, 18.50, 18.55, 628553, 116.61, 1757, 383755, 61.05
MOTHERSON, EQ, 09-Sep-2026, 163.85, 162.99, 165.04, 162.50, 163.70, 163.70, 164.05, 6002467, 9846.80, 36001, 3355328, 55.90
MOTILALOFS, EQ, 09-Sep-2026, 1051.50, 1049.50, 1049.60, 1019.00, 1025.00, 1025.00, 1031.99, 489071, 5047.16, 22759, 199638, 40.82
MOTISONS, EQ, 09-Sep-2026, 16.13, 16.22, 16.73, 16.06, 16.30, 16.25, 16.41, 31830543, 5222.97, 60876, 6387096, 20.07
MOTOGENFIN, EQ, 09-Sep-2026, 27.45, 27.45, 27.45, 26.80, 27.00, 27.04, 27.23, 71800, 19.55, 253, 60714, 84.56
MOTOUR, EQ, 09-Sep-2026, 77.49, 78.26, 78.26, 77.07, 77.12, 77.19, 77.23, 10418, 8.05, 132, 8988, 86.27
MOVALUE, EQ, 09-Sep-2026, 111.69, 114.48, 114.48, 111.40, 111.40, 112.00, 111.89, 54956, 61.49, 645, 35968, 65.45
MOXSH, SM, 09-Sep-2026, 90.50, 86.00, 93.50, 86.00, 93.50, 93.50, 90.44, 8000, 7.24, 5, 4800, 60.00
MPDL, BE, 09-Sep-2026, 32.20, 33.30, 33.79, 30.59, 30.59, 30.59, 32.54, 233, 0.08, 11, -, -
MPEL, ST, 09-Sep-2026, 26.00, 24.70, 24.70, 24.70, 24.70, 24.70, 24.70, 1600, 0.40, 1, 1600, 100.00
MPEL-RE, ST, 09-Sep-2026, 6.85, 4.95, 4.95, 4.15, 4.15, 4.15, 4.36, 48000, 2.09, 12, 48000, 100.00
MPHASIS, EQ, 09-Sep-2026, 2355.00, 2325.70, 2326.60, 2286.80, 2307.50, 2307.50, 2306.41, 288892, 6663.03, 25729, 126632, 43.83
MPSLTD, EQ, 09-Sep-2026, 2749.10, 2763.90, 2806.70, 2678.20, 2750.00, 2783.40, 2755.22, 31308, 862.60, 4968, 16218, 51.80
MRF, EQ, 09-Sep-2026, 128245.00, 128400.00, 129090.00, 127545.00, 128590.00, 128315.00, 128329.43, 2834, 3636.86, 2314, 1361, 48.02
MRIL, ST, 09-Sep-2026, 63.15, 63.20, 66.30, 63.20, 66.30, 66.10, 64.65, 19200, 12.41, 8, 19200, 100.00
MRPL, EQ, 09-Sep-2026, 172.96, 173.19, 186.99, 173.19, 184.00, 184.46, 182.38, 47490869, 86615.14, 230413, 6882554, 14.49
MSCI360, EQ, 09-Sep-2026, 10.02, 10.07, 10.16, 9.95, 10.16, 10.15, 9.99, 1082, 0.11, 32, 1072, 99.08
MSCIADD, EQ, 09-Sep-2026, 29.27, 29.00, 29.13, 28.97, 29.13, 29.13, 29.03, 857, 0.25, 14, 408, 47.61
MSCIINDIA, EQ, 09-Sep-2026, 29.47, 29.44, 29.50, 29.26, 29.31, 29.31, 29.37, 7010, 2.06, 112, 4834, 68.96
MSL, EQ, 09-Sep-2026, 140.10, 134.50, 149.00, 134.50, 148.00, 148.00, 145.63, 307, 0.45, 23, 306, 99.67
MSPL, EQ, 09-Sep-2026, 34.95, 34.60, 35.10, 34.20, 34.54, 34.43, 34.64, 1130276, 391.48, 3438, 780125, 69.02
MSTCLTD, EQ, 09-Sep-2026, 778.55, 778.55, 787.05, 757.00, 758.00, 764.10, 772.29, 218533, 1687.71, 8677, 96261, 44.05
MSUMI, EQ, 09-Sep-2026, 36.61, 36.53, 37.05, 36.43, 36.70, 36.72, 36.72, 9188167, 3373.52, 51350, 5448335, 59.30
MTARTECH, BE, 09-Sep-2026, 7799.50, 7900.00, 7945.00, 7410.00, 7501.00, 7501.00, 7593.93, 147151, 11174.55, 19963, -, -
MTEDUCARE, BE, 09-Sep-2026, 1.87, 1.96, 1.96, 1.78, 1.93, 1.93, 1.88, 46802, 0.88, 117, -, -
MTNL, EQ, 09-Sep-2026, 25.35, 25.35, 25.44, 25.15, 25.26, 25.21, 25.26, 501277, 126.64, 2043, 208758, 41.65
MUFIN, EQ, 09-Sep-2026, 135.35, 135.26, 135.99, 134.20, 134.38, 134.83, 134.93, 444682, 600.01, 2336, 185587, 41.73
MUFTI, EQ, 09-Sep-2026, 73.91, 73.91, 75.59, 72.35, 75.14, 74.66, 73.79, 98309, 72.54, 1476, 51784, 52.67
MUKANDLTD, EQ, 09-Sep-2026, 137.66, 136.70, 141.00, 135.21, 140.90, 139.69, 138.32, 172124, 238.08, 1620, 126643, 73.58
MUKESHB, EQ, 09-Sep-2026, 133.45, 127.01, 135.00, 127.00, 135.00, 135.00, 127.46, 106, 0.14, 7, 106, 100.00
MUKKA, EQ, 09-Sep-2026, 30.72, 30.49, 31.20, 28.16, 29.88, 29.86, 30.00, 1716557, 514.93, 5627, 772040, 44.98
MUKTAARTS, BE, 09-Sep-2026, 57.05, 55.80, 58.99, 55.80, 58.10, 58.10, 57.45, 3237, 1.86, 31, -, -
MULTICAP, EQ, 09-Sep-2026, 16.69, 17.10, 17.10, 16.58, 16.61, 16.60, 16.63, 1640327, 272.75, 2262, 1576921, 96.13
MUNISH, SM, 09-Sep-2026, 85.40, 88.50, 102.40, 86.10, 95.20, 95.55, 97.90, 116400, 113.96, 66, 94800, 81.44
MUNJALAU, EQ, 09-Sep-2026, 112.80, 112.11, 113.07, 109.33, 110.45, 109.83, 110.55, 418680, 462.85, 5127, 180892, 43.21
MUNJALSHOW, EQ, 09-Sep-2026, 128.75, 130.38, 130.38, 127.30, 128.00, 128.19, 128.17, 21573, 27.65, 422, 12555, 58.20
MURUDCERA, EQ, 09-Sep-2026, 29.08, 28.55, 32.09, 28.00, 30.06, 30.83, 29.77, 50558, 15.05, 599, 38395, 75.94
MUTHOOTCAP, EQ, 09-Sep-2026, 234.39, 234.47, 236.00, 233.00, 235.98, 235.33, 234.18, 5157, 12.08, 268, 4190, 81.25
MUTHOOTFIN, EQ, 09-Sep-2026, 2899.70, 2854.10, 2865.30, 2795.60, 2815.00, 2815.00, 2826.63, 1027017, 29030.00, 55560, 527080, 51.32
MUTHOOTMF, EQ, 09-Sep-2026, 201.57, 202.00, 202.00, 196.00, 197.06, 197.10, 197.43, 242835, 479.44, 4567, 141720, 58.36
MVELECTRO, EQ, 09-Sep-2026, 883.25, 887.85, 948.00, 880.00, 912.00, 917.50, 922.84, 16480312, 152086.15, 327976, 1131374, 6.87
MVGJL, EQ, 09-Sep-2026, 210.72, 208.00, 224.33, 201.60, 215.00, 214.64, 217.09, 1334420, 2896.93, 28395, 439205, 32.91
MVKAGRO, SM, 09-Sep-2026, 260.55, 273.55, 273.55, 273.55, 273.55, 273.55, 273.55, 343500, 939.64, 51, 343500, 100.00
MWL, EQ, 09-Sep-2026, 37.65, 37.87, 38.50, 37.20, 38.10, 37.76, 37.81, 254374, 96.17, 1388, 165166, 64.93
MYMUDRA, SM, 09-Sep-2026, 69.70, 69.70, 69.70, 67.10, 67.25, 67.25, 67.92, 9600, 6.52, 7, 9600, 100.00
MYSORPETRO, BE, 09-Sep-2026, 140.09, 146.75, 147.09, 140.09, 147.09, 147.09, 146.18, 7751, 11.33, 125, -, -
NACLIND, EQ, 09-Sep-2026, 161.00, 160.23, 169.78, 160.00, 164.20, 164.32, 165.63, 553243, 916.36, 8473, 142713, 25.80
NAGREEKCAP, EQ, 09-Sep-2026, 23.38, 23.00, 23.38, 22.30, 23.00, 22.66, 22.88, 1392, 0.32, 66, 1316, 94.54
NAGREEKEXP, EQ, 09-Sep-2026, 22.39, 22.21, 22.75, 21.92, 22.25, 22.42, 22.31, 4404, 0.98, 225, 3572, 81.11
NAHARCAP, EQ, 09-Sep-2026, 258.90, 258.00, 262.00, 254.50, 258.95, 257.65, 257.73, 1663, 4.29, 63, 1432, 86.11
NAHARINDUS, EQ, 09-Sep-2026, 137.43, 135.92, 138.52, 133.34, 133.35, 134.10, 135.38, 15546, 21.05, 426, 10804, 69.50
NAHARPOLY, EQ, 09-Sep-2026, 243.18, 239.02, 242.19, 236.00, 236.00, 236.55, 237.13, 6160, 14.61, 355, 3749, 60.86
NAHARSPING, EQ, 09-Sep-2026, 277.55, 278.50, 281.20, 276.40, 279.95, 277.30, 278.56, 26272, 73.18, 1110, 17876, 68.04
NAM-INDIA, EQ, 09-Sep-2026, 1188.90, 1188.10, 1190.00, 1158.00, 1164.80, 1164.80, 1169.03, 588058, 6874.59, 52220, 319466, 54.33
NAMOEWASTE, ST, 09-Sep-2026, 281.25, 272.10, 286.90, 272.10, 283.20, 281.75, 280.06, 12000, 33.61, 14, 9600, 80.00
NARMADA, EQ, 09-Sep-2026, 14.78, 14.60, 14.86, 14.21, 14.21, 14.59, 14.52, 457162, 66.36, 821, 166263, 36.37
NATCAPSUQ, BE, 09-Sep-2026, 196.19, 196.00, 196.00, 190.00, 195.97, 194.26, 192.25, 11298, 21.72, 145, -, -
NATCOPHARM, EQ, 09-Sep-2026, 825.75, 827.90, 838.90, 815.20, 825.75, 826.30, 825.75, 537495, 4438.36, 36642, 206622, 38.44
NATHBIOGEN, EQ, 09-Sep-2026, 152.01, 152.01, 153.48, 149.11, 152.90, 151.67, 151.88, 9450, 14.35, 155, 7927, 83.88
NATIONALUM, EQ, 09-Sep-2026, 371.05, 372.00, 386.00, 371.65, 377.60, 377.60, 379.87, 9139475, 34717.97, 64268, 3571928, 39.08
NATIONSTD, EQ, 09-Sep-2026, 109.95, 113.00, 115.44, 110.10, 114.83, 114.40, 114.18, 69353, 79.19, 1063, 50540, 72.87
NAUKRI, EQ, 09-Sep-2026, 1292.00, 1281.00, 1286.60, 1255.00, 1267.00, 1267.00, 1263.02, 1281379, 16184.11, 54839, 751819, 58.67
NAVA, EQ, 09-Sep-2026, 554.55, 555.35, 580.00, 555.05, 564.00, 561.15, 565.82, 309952, 1753.76, 13661, 134447, 43.38
NAVINFLUOR, EQ, 09-Sep-2026, 8731.00, 8740.00, 8949.50, 8700.00, 8749.00, 8775.50, 8863.65, 294169, 26074.11, 53405, 130914, 44.50
NAVKARCORP, EQ, 09-Sep-2026, 94.75, 94.55, 95.71, 94.02, 94.50, 94.30, 94.65, 176714, 167.26, 1911, 95205, 53.88
NAVKARURB, BE, 09-Sep-2026, 0.89, 0.90, 0.93, 0.88, 0.89, 0.89, 0.91, 383531, 3.48, 298, -, -
NAVNETEDUL, EQ, 09-Sep-2026, 130.16, 130.07, 131.08, 126.00, 127.80, 127.00, 128.10, 181942, 233.06, 3058, 115923, 63.71
NAZARA, EQ, 09-Sep-2026, 368.40, 367.75, 378.00, 363.00, 373.00, 374.40, 373.30, 1723096, 6432.26, 25599, 768057, 44.57
NBCC, EQ, 09-Sep-2026, 86.00, 85.30, 85.52, 83.50, 83.60, 83.60, 84.22, 5699936, 4800.61, 26579, 2568620, 45.06
NBIFIN, EQ, 09-Sep-2026, 1970.00, 1963.40, 2075.00, 1961.00, 1988.00, 1993.00, 1976.36, 9475, 187.26, 122, 9223, 97.34
NCC, EQ, 09-Sep-2026, 148.65, 148.50, 148.90, 144.93, 145.48, 145.33, 146.84, 1300153, 1909.11, 14380, 594614, 45.73
NCLIND, EQ, 09-Sep-2026, 176.65, 175.25, 181.85, 175.25, 181.00, 179.12, 177.84, 27116, 48.22, 721, 17781, 65.57
NDGL, EQ, 09-Sep-2026, 2775.00, 2775.00, 2799.00, 2725.00, 2727.60, 2727.60, 2750.81, 44, 1.21, 19, 38, 86.36
NDL, EQ, 09-Sep-2026, 2.92, 2.93, 3.00, 2.88, 2.94, 2.93, 2.94, 1338011, 39.32, 1206, 816298, 61.01
NDLVENTURE, EQ, 09-Sep-2026, 126.18, 128.40, 128.99, 123.00, 123.31, 124.69, 127.65, 22755, 29.05, 390, 20167, 88.63
NDRAUTO, EQ, 09-Sep-2026, 717.65, 721.00, 721.00, 706.05, 711.00, 714.90, 713.55, 8117, 57.92, 850, 4501, 55.45
NDTV, EQ, 09-Sep-2026, 73.03, 73.03, 74.49, 72.21, 74.00, 73.73, 73.59, 77952, 57.37, 1291, 28526, 36.59
NEAGI, EQ, 09-Sep-2026, 3470.00, 3470.10, 3470.10, 3470.00, 3470.00, 3470.00, 3470.04, 29, 1.01, 14, 29, 100.00
NECCLTD, BE, 09-Sep-2026, 19.65, 19.25, 19.80, 19.25, 19.40, 19.59, 19.54, 156794, 30.64, 201, -, -
NECLIFE, EQ, 09-Sep-2026, 12.15, 12.39, 12.39, 11.93, 12.00, 11.98, 12.04, 122330, 14.73, 301, 90079, 73.64
NEELAM, SM, 09-Sep-2026, 6.65, 6.65, 6.65, 6.40, 6.40, 6.40, 6.53, 12000, 0.78, 2, 12000, 100.00
NELCAST, EQ, 09-Sep-2026, 114.18, 114.40, 117.00, 113.00, 113.51, 113.94, 114.41, 47071, 53.86, 1538, 24218, 51.45
NELCO, EQ, 09-Sep-2026, 973.10, 975.80, 992.10, 953.30, 958.00, 958.30, 975.40, 381192, 3718.16, 15379, 138144, 36.24
NEOCHEM, SM, 09-Sep-2026, 97.30, 100.50, 109.00, 98.00, 107.25, 107.40, 105.75, 115200, 121.82, 77, 88800, 77.08
NEOGEN, EQ, 09-Sep-2026, 2213.00, 2216.00, 2336.40, 2216.00, 2247.70, 2255.20, 2274.11, 234288, 5327.96, 23303, 115943, 49.49
NEPHROCARE, SM, 09-Sep-2026, 80.00, 79.00, 89.85, 78.00, 85.55, 87.25, 83.76, 44800, 37.52, 99, 34800, 77.68
NEPHROPLUS, EQ, 09-Sep-2026, 744.10, 744.10, 757.70, 725.75, 735.00, 733.45, 740.01, 204496, 1513.28, 13058, 106012, 51.84
NEPTUNE, SM, 09-Sep-2026, 178.95, 181.00, 181.00, 179.00, 179.00, 179.00, 180.00, 1500, 2.70, 3, 1500, 100.00
NESCO, EQ, 09-Sep-2026, 1117.10, 1101.00, 1124.90, 1091.40, 1096.50, 1096.90, 1108.00, 42607, 472.08, 4512, 24747, 58.08
NESTLEIND, EQ, 09-Sep-2026, 1400.50, 1400.50, 1405.90, 1389.20, 1393.00, 1393.00, 1394.21, 994121, 13860.15, 42280, 661412, 66.53
NETF, EQ, 09-Sep-2026, 257.91, 258.90, 258.90, 255.15, 256.53, 255.83, 256.56, 7172, 18.40, 220, 4676, 65.20
NETWEB, EQ, 09-Sep-2026, 5087.50, 5100.00, 5127.50, 4881.50, 4898.00, 4898.50, 4942.17, 1696353, 83836.69, 110304, 569075, 33.55
NETWORK18, EQ, 09-Sep-2026, 27.30, 27.25, 27.33, 26.83, 26.93, 26.92, 27.03, 3339531, 902.59, 8181, 1790928, 53.63
NEUEON, BE, 09-Sep-2026, 12.03, 12.30, 12.40, 11.61, 11.80, 11.90, 12.08, 17728, 2.14, 94, -, -
NEULANDLAB, EQ, 09-Sep-2026, 23995.00, 24000.00, 24225.00, 23000.00, 23150.00, 23195.00, 23608.37, 57976, 13687.19, 24564, 25071, 43.24
NEWGEN, EQ, 09-Sep-2026, 514.00, 512.50, 516.55, 504.35, 516.00, 512.85, 511.66, 587106, 3003.97, 18080, 231593, 39.45
NEXT30ADD, EQ, 09-Sep-2026, 42.60, 42.81, 42.81, 42.39, 42.68, 42.70, 42.67, 24711, 10.54, 48, 23864, 96.57
NEXT50, EQ, 09-Sep-2026, 753.77, 755.07, 756.08, 750.93, 754.05, 753.29, 753.64, 29774, 224.39, 1920, 14537, 48.82
NEXT50ADD, EQ, 09-Sep-2026, 73.49, 73.36, 73.49, 73.11, 73.43, 73.43, 73.37, 417, 0.31, 18, 220, 52.76
NEXT50BETA, EQ, 09-Sep-2026, 78.52, 78.91, 78.91, 78.51, 78.52, 78.75, 78.74, 60519, 47.66, 541, 43482, 71.85
NEXT50ETF, EQ, 09-Sep-2026, 73.46, 71.99, 74.20, 71.99, 73.72, 73.89, 73.56, 9452, 6.95, 79, 7456, 78.88
NEXT50IETF, EQ, 09-Sep-2026, 77.13, 75.20, 77.30, 75.20, 77.03, 77.00, 77.07, 501933, 386.82, 4564, 331638, 66.07
NEXTMEDIA, EQ, 09-Sep-2026, 3.86, 3.90, 3.99, 3.75, 3.97, 3.88, 3.81, 19254, 0.73, 100, 13281, 68.98
NFL, EQ, 09-Sep-2026, 70.35, 70.24, 70.37, 69.70, 70.00, 69.98, 69.90, 421662, 294.73, 2525, 195484, 46.36
NFPSAMPOOR, SM, 09-Sep-2026, 20.65, 20.75, 21.30, 20.75, 21.30, 21.30, 21.03, 8000, 1.68, 4, 8000, 100.00
NGIL, EQ, 09-Sep-2026, 37.73, 37.36, 39.75, 34.75, 34.75, 35.04, 36.49, 43179, 15.76, 521, 23608, 54.67
NGLFINE, EQ, 09-Sep-2026, 2811.60, 2811.60, 2834.20, 2750.00, 2756.00, 2758.30, 2779.19, 2466, 68.53, 725, 1173, 47.57
NH, EQ, 09-Sep-2026, 1897.40, 1899.90, 1920.60, 1872.00, 1887.20, 1890.60, 1896.45, 179466, 3403.49, 20694, 89912, 50.10
NHPC, EQ, 09-Sep-2026, 75.90, 75.90, 77.89, 75.90, 76.69, 76.69, 76.93, 17730521, 13640.59, 44500, 7792977, 43.95
NIACL, EQ, 09-Sep-2026, 205.22, 205.22, 210.20, 201.38, 206.10, 205.51, 205.43, 10799389, 22185.16, 78272, 1102550, 10.21
NIBE, EQ, 09-Sep-2026, 1331.50, 1331.00, 1337.70, 1310.00, 1314.00, 1313.30, 1318.30, 25348, 334.16, 2390, 14166, 55.89
NIBL, EQ, 09-Sep-2026, 30.36, 30.37, 31.47, 30.01, 30.60, 30.60, 30.68, 18028, 5.53, 146, 13858, 76.87
NICCOPAR, EQ, 09-Sep-2026, 80.33, 79.00, 81.00, 78.33, 79.33, 80.27, 79.23, 1769, 1.40, 26, 1669, 94.35
NIDAN, SM, 09-Sep-2026, 13.50, 13.50, 13.85, 13.30, 13.85, 13.85, 13.51, 4000, 0.54, 4, 4000, 100.00
NIF100BEES, EQ, 09-Sep-2026, 263.30, 263.30, 263.30, 261.52, 262.90, 262.29, 262.19, 57443, 150.61, 709, 44076, 76.73
NIF100IETF, EQ, 09-Sep-2026, 27.77, 27.70, 27.70, 27.52, 27.67, 27.60, 27.61, 115573, 31.91, 1521, 67638, 58.52
NIF500BETA, EQ, 09-Sep-2026, 37.27, 37.13, 37.16, 37.06, 37.08, 37.08, 37.10, 912, 0.34, 18, 912, 100.00
NIFTY1, EQ, 09-Sep-2026, 263.30, 263.00, 263.00, 260.90, 261.41, 261.13, 261.58, 147677, 386.30, 1718, 108067, 73.18
NIFTY100EW, EQ, 09-Sep-2026, 34.77, 34.73, 35.84, 34.64, 34.84, 35.00, 34.81, 38017, 13.23, 230, 29758, 78.28
NIFTYADD, EQ, 09-Sep-2026, 250.03, 249.28, 249.28, 247.50, 248.19, 247.86, 248.28, 16177, 40.16, 197, 12117, 74.90
NIFTYAXIS, EQ, 09-Sep-2026, 262.77, 262.15, 262.15, 260.00, 260.65, 260.47, 261.02, 72587, 189.47, 258, 49522, 68.22
NIFTYBEES, EQ, 09-Sep-2026, 270.05, 269.43, 269.68, 267.90, 268.25, 268.15, 268.60, 7537478, 20245.90, 93493, 5512028, 73.13
NIFTYBETA, EQ, 09-Sep-2026, 262.87, 262.88, 262.88, 260.28, 261.21, 260.87, 261.45, 65235, 170.56, 601, 55043, 84.38
NIFTYBETF, EQ, 09-Sep-2026, 243.84, 243.84, 243.84, 241.70, 242.13, 242.20, 242.42, 2211, 5.36, 87, 1885, 85.26
NIFTYCASE, EQ, 09-Sep-2026, 9.52, 9.75, 9.75, 9.43, 9.48, 9.45, 9.46, 1416249, 134.03, 2486, 1217926, 86.00
NIFTYETF, EQ, 09-Sep-2026, 257.53, 256.90, 257.02, 255.53, 255.53, 255.83, 256.31, 160962, 412.56, 1222, 133476, 82.92
NIFTYIETF, EQ, 09-Sep-2026, 268.88, 268.27, 268.27, 266.52, 266.98, 266.76, 267.23, 901843, 2410.00, 12708, 565157, 62.67
NIFTYJBLK, EQ, 09-Sep-2026, 12.14, 12.44, 12.44, 12.03, 12.05, 12.05, 12.07, 179458, 21.66, 846, 132811, 74.01
NIFTYQLITY, EQ, 09-Sep-2026, 21.04, 20.94, 21.09, 20.86, 20.99, 20.92, 20.93, 38855, 8.13, 221, 34223, 88.08
NIITLTD, EQ, 09-Sep-2026, 95.34, 95.20, 96.28, 93.71, 95.00, 94.99, 94.50, 153514, 145.07, 2380, 78459, 51.11
NIITMTS, EQ, 09-Sep-2026, 223.51, 223.51, 225.00, 220.00, 225.00, 221.54, 221.30, 53748, 118.94, 2539, 28351, 52.75
NILAINFRA, EQ, 09-Sep-2026, 6.62, 6.73, 7.80, 6.61, 6.78, 6.80, 6.97, 433326, 30.20, 974, 272893, 62.98
NILASPACES, EQ, 09-Sep-2026, 12.78, 12.81, 12.98, 11.97, 12.16, 12.16, 12.27, 3056613, 375.19, 4734, 1565702, 51.22
NILE, EQ, 09-Sep-2026, 1471.70, 1450.70, 1490.80, 1450.70, 1473.50, 1479.70, 1478.21, 1800, 26.61, 278, 1033, 57.39
NILKAMAL, EQ, 09-Sep-2026, 2112.00, 2101.60, 2123.50, 2045.10, 2056.70, 2056.70, 2068.59, 13217, 273.41, 1855, 5840, 44.19
NIMBSPROJ, EQ, 09-Sep-2026, 148.46, 147.46, 155.87, 141.04, 155.84, 155.84, 148.37, 6680, 9.91, 132, 5676, 84.97
NINSYS, EQ, 09-Sep-2026, 709.10, 709.00, 717.90, 704.10, 711.90, 710.75, 710.48, 3177, 22.57, 377, 2576, 81.08
NIPPOBATRY, EQ, 09-Sep-2026, 324.60, 324.60, 328.30, 321.00, 321.30, 323.00, 323.00, 460, 1.49, 41, 407, 88.48
NIRAJ, EQ, 09-Sep-2026, 28.18, 28.18, 29.20, 28.00, 28.30, 28.07, 28.36, 10845, 3.08, 189, 6087, 56.13
NIRAJISPAT, BE, 09-Sep-2026, 350.05, 332.55, 332.55, 332.55, 332.55, 332.55, 332.55, 68, 0.23, 10, -, -
NIRLON, EQ, 09-Sep-2026, 619.65, 619.65, 624.75, 617.60, 621.25, 619.70, 620.03, 5143, 31.89, 257, 4706, 91.50
NIRMAN, SM, 09-Sep-2026, 27.30, 27.80, 27.80, 27.05, 27.50, 27.50, 27.30, 18000, 4.91, 35, 17100, 95.00
NITCO, EQ, 09-Sep-2026, 93.46, 93.43, 94.00, 92.10, 92.15, 92.53, 92.82, 262356, 243.51, 2050, 148609, 56.64
NITINSPIN, EQ, 09-Sep-2026, 655.10, 660.95, 663.00, 647.20, 650.00, 651.25, 652.66, 109474, 714.50, 6357, 58308, 53.26
NITIRAJ, EQ, 09-Sep-2026, 230.92, 232.00, 232.00, 225.00, 230.00, 229.46, 228.05, 3604, 8.22, 82, 2677, 74.28
NITTAGELA, EQ, 09-Sep-2026, 1670.50, 1672.00, 1689.20, 1650.40, 1661.40, 1667.00, 1664.39, 2041, 33.97, 426, 1343, 65.80
NIVABUPA, EQ, 09-Sep-2026, 80.55, 80.48, 80.84, 79.20, 79.60, 79.59, 79.86, 371286, 296.49, 21494, 209722, 56.49
NKIND, EQ, 09-Sep-2026, 61.05, 60.01, 60.10, 58.00, 58.00, 58.07, 58.43, 341, 0.20, 28, 287, 84.16
NLCINDIA, EQ, 09-Sep-2026, 272.25, 275.00, 282.30, 270.75, 271.60, 271.55, 275.47, 4901961, 13503.22, 67851, 1834011, 37.41
NMDC, EQ, 09-Sep-2026, 84.71, 84.70, 85.89, 84.53, 85.80, 85.80, 85.32, 14151248, 12073.46, 34914, 7354696, 51.97
NMSTEEL, SM, 09-Sep-2026, 23.10, 23.10, 23.10, 23.10, 23.10, 23.10, 23.10, 4800, 1.11, 2, 4800, 100.00
NOCIL, EQ, 09-Sep-2026, 185.07, 184.00, 189.50, 181.00, 188.41, 188.28, 186.62, 2843821, 5307.04, 27912, 1244892, 43.78
NOIDATOLL, EQ, 09-Sep-2026, 3.99, 4.05, 4.05, 3.96, 4.03, 4.02, 4.02, 76812, 3.09, 252, 71450, 93.02
NORBTEAEXP, EQ, 09-Sep-2026, 69.75, 67.05, 68.90, 66.27, 67.20, 67.20, 66.87, 2111, 1.41, 46, 1012, 47.94
NORTHARC, EQ, 09-Sep-2026, 310.85, 312.00, 312.00, 303.55, 308.05, 308.35, 306.90, 1054140, 3235.13, 18432, 548765, 52.06
NOVAAGRI, BE, 09-Sep-2026, 23.15, 23.30, 23.79, 23.01, 23.34, 23.12, 23.29, 32545, 7.58, 184, -, -
NOVARTIND, EQ, 09-Sep-2026, 1822.00, 1873.70, 2186.40, 1851.00, 2186.40, 2186.40, 2080.29, 785816, 16347.24, 55717, 161295, 20.53
NPBET, EQ, 09-Sep-2026, 285.87, 284.00, 292.40, 282.82, 292.40, 292.40, 283.55, 427, 1.21, 21, 230, 53.86
NPST, EQ, 09-Sep-2026, 1716.50, 1743.40, 1745.00, 1621.00, 1675.00, 1680.50, 1659.22, 71432, 1185.22, 7061, 32020, 44.83
NRAIL, EQ, 09-Sep-2026, 644.35, 649.90, 650.00, 604.95, 613.05, 611.20, 628.67, 41453, 260.60, 3217, 21150, 51.02
NRBBEARING, EQ, 09-Sep-2026, 489.60, 490.00, 495.00, 478.55, 488.00, 484.55, 487.29, 309450, 1507.92, 9856, 152220, 49.19
NRL, BE, 09-Sep-2026, 130.46, 128.00, 133.00, 128.00, 130.76, 129.50, 130.97, 45722, 59.88, 377, -, -
NRVANDANA, SM, 09-Sep-2026, 69.10, 67.15, 68.00, 66.65, 68.00, 67.95, 67.73, 42000, 28.45, 8, 39000, 92.86
NSIL, EQ, 09-Sep-2026, 5660.00, 5650.00, 5667.50, 5600.50, 5636.00, 5621.00, 5625.28, 1373, 77.24, 258, 1109, 80.77
NSLNISP, EQ, 09-Sep-2026, 45.02, 45.20, 45.65, 44.82, 45.02, 45.04, 45.22, 5018996, 2269.57, 18432, 1693026, 33.73
NTCIND, EQ, 09-Sep-2026, 136.80, 139.00, 139.00, 130.60, 133.07, 132.41, 135.18, 3559, 4.81, 94, 3209, 90.17
NTPC, EQ, 09-Sep-2026, 330.80, 331.10, 337.50, 330.90, 334.50, 334.50, 334.92, 11795145, 39504.51, 119713, 7146097, 60.59
NTPCGREEN, EQ, 09-Sep-2026, 88.44, 87.98, 89.25, 87.95, 88.04, 88.03, 88.50, 2698297, 2387.97, 18146, 1291112, 47.85
NUCLEUS, EQ, 09-Sep-2026, 717.45, 713.00, 717.15, 704.70, 705.50, 706.10, 709.19, 9393, 66.61, 845, 5889, 62.70
NURECA, BE, 09-Sep-2026, 318.10, 316.55, 334.00, 316.55, 334.00, 334.00, 332.79, 12839, 42.73, 243, -, -
NUVAMA, EQ, 09-Sep-2026, 1836.40, 1829.00, 1829.00, 1765.10, 1778.00, 1781.30, 1797.01, 271476, 4878.46, 23936, 139882, 51.53
NUVOCO, EQ, 09-Sep-2026, 339.85, 340.00, 343.10, 332.10, 334.80, 334.75, 335.20, 302497, 1013.98, 10291, 178242, 58.92
NV20, EQ, 09-Sep-2026, 13.75, 13.77, 13.77, 13.60, 13.65, 13.62, 13.65, 205240, 28.01, 289, 162747, 79.30
NV20BEES, EQ, 09-Sep-2026, 137.75, 137.75, 137.75, 136.11, 136.86, 136.53, 136.62, 29712, 40.59, 412, 15845, 53.33
NV20IETF, EQ, 09-Sep-2026, 13.42, 13.69, 13.69, 13.27, 13.31, 13.30, 13.32, 776400, 103.38, 2110, 468096, 60.29
NXST, RR, 09-Sep-2026, 167.46, 167.40, 168.10, 166.61, 167.50, 167.33, 167.38, 387287, 648.23, 5220, 362684, 93.65
NXT-INFRA, IV, 09-Sep-2026, 97.00, 97.00, 97.00, 97.00, 97.00, 97.00, 97.00, 500000, 485.00, 1, 500000, 100.00
NYKAA, EQ, 09-Sep-2026, 341.00, 340.80, 343.00, 338.25, 343.00, 343.00, 341.01, 4010750, 13677.15, 58538, 2191553, 54.64
OAL, EQ, 09-Sep-2026, 530.95, 531.00, 553.00, 522.20, 538.75, 540.30, 543.63, 79289, 431.04, 2868, 44118, 55.64
OBCL, EQ, 09-Sep-2026, 55.63, 54.51, 55.99, 54.50, 55.99, 55.98, 55.18, 1427, 0.79, 15, 1427, 100.00
OBEROIRLTY, EQ, 09-Sep-2026, 1833.80, 1821.00, 1836.20, 1796.10, 1800.00, 1800.00, 1811.73, 222585, 4032.65, 18407, 98418, 44.22
OBSCP, SM, 09-Sep-2026, 869.05, 879.00, 998.00, 848.30, 977.00, 986.25, 935.21, 214400, 2005.09, 495, 108400, 50.56
OCCLLTD, BE, 09-Sep-2026, 164.84, 164.84, 168.80, 163.00, 166.75, 164.68, 166.58, 76133, 126.83, 514, -, -
ODIGMA, EQ, 09-Sep-2026, 21.99, 21.99, 22.90, 21.60, 22.50, 22.47, 22.16, 26469, 5.87, 385, 24176, 91.34
ODYCORP, EQ, 09-Sep-2026, 7.27, 6.66, 7.45, 6.66, 7.15, 7.17, 7.19, 51147, 3.68, 102, 44886, 87.76
OFSS, EQ, 09-Sep-2026, 11780.00, 11762.00, 11762.00, 11550.00, 11630.00, 11630.00, 11643.52, 156426, 18213.49, 30435, 77843, 49.76
OIL, EQ, 09-Sep-2026, 495.40, 498.00, 504.90, 496.00, 498.95, 498.95, 500.22, 2471923, 12365.00, 34705, 1033100, 41.79
OILCOUNTUB, BE, 09-Sep-2026, 63.00, 63.00, 63.00, 61.74, 61.74, 61.74, 62.06, 8254, 5.12, 55, -, -
OILIETF, EQ, 09-Sep-2026, 11.21, 11.21, 11.27, 11.17, 11.26, 11.24, 11.24, 887967, 99.79, 1766, 589373, 66.37
OLAELEC, EQ, 09-Sep-2026, 37.63, 37.40, 37.57, 37.06, 37.34, 37.31, 37.28, 19057493, 7104.39, 53282, 5059841, 26.55
OLECTRA, EQ, 09-Sep-2026, 1213.70, 1218.00, 1230.00, 1203.00, 1208.60, 1206.60, 1212.82, 256924, 3116.02, 16684, 94007, 36.59
OLIL, SM, 09-Sep-2026, 428.00, 420.00, 427.75, 411.00, 411.00, 411.00, 415.40, 35600, 147.88, 42, 31600, 88.76
OMAXAUTO, EQ, 09-Sep-2026, 170.75, 178.70, 179.00, 172.21, 175.00, 175.79, 175.51, 90664, 159.12, 2086, 34073, 37.58
OMAXE, EQ, 09-Sep-2026, 127.58, 128.90, 128.90, 120.77, 122.13, 121.36, 123.24, 1138054, 1402.50, 8648, 436022, 38.31
OMFREIGHT, BE, 09-Sep-2026, 87.51, 87.75, 89.00, 87.00, 87.50, 87.75, 87.73, 2731, 2.40, 58, -, -
OMFURN, SM, 09-Sep-2026, 56.50, 57.00, 57.00, 54.20, 54.20, 54.20, 55.60, 2400, 1.33, 2, 2400, 100.00
OMINFRAL, EQ, 09-Sep-2026, 81.96, 81.60, 82.94, 81.05, 81.40, 81.67, 81.72, 37997, 31.05, 675, 23379, 61.53
OMNI, EQ, 09-Sep-2026, 525.90, 522.20, 551.00, 521.10, 537.80, 534.60, 537.27, 1142132, 6136.31, 31877, 514755, 45.07
OMPOWER, EQ, 09-Sep-2026, 170.00, 170.92, 171.56, 168.01, 169.95, 168.70, 169.50, 34790, 58.97, 674, 18425, 52.96
ONDOOR, SM, 09-Sep-2026, 294.50, 290.00, 294.00, 284.50, 294.00, 290.80, 290.14, 2100, 6.09, 7, 1800, 85.71
ONEGLOBAL, EQ, 09-Sep-2026, 531.20, 550.00, 550.00, 525.05, 541.00, 540.40, 536.59, 11378, 61.05, 977, 6617, 58.16
ONELIFECAP, BE, 09-Sep-2026, 30.70, 30.09, 32.00, 29.17, 32.00, 31.93, 30.13, 68506, 20.64, 111, -, -
ONEPOINT, EQ, 09-Sep-2026, 56.36, 56.08, 58.70, 55.11, 58.70, 58.07, 57.19, 847505, 484.70, 3624, 348594, 41.13
ONESOURCE, EQ, 09-Sep-2026, 1579.50, 1590.00, 1617.00, 1510.10, 1540.00, 1530.10, 1529.37, 2411313, 36877.86, 58791, 964771, 40.01
ONGC, EQ, 09-Sep-2026, 236.00, 237.80, 239.27, 234.02, 234.02, 234.02, 236.56, 12781171, 30235.13, 106571, 7883441, 61.68
ONIDA, EQ, 09-Sep-2026, 34.76, 34.70, 34.73, 33.90, 33.90, 34.26, 34.30, 346700, 118.92, 1356, 230274, 66.42
ONIXSOLAR, EQ, 09-Sep-2026, 444.30, 446.00, 462.80, 446.00, 453.00, 455.30, 455.82, 462195, 2106.79, 9308, 249999, 54.09
ONMOBILE, BE, 09-Sep-2026, 48.25, 48.25, 48.25, 47.30, 47.35, 47.35, 47.50, 20520, 9.75, 169, -, -
ONWARDTEC, EQ, 09-Sep-2026, 286.30, 285.75, 290.00, 280.30, 286.70, 285.75, 284.07, 35966, 102.17, 1002, 19964, 55.51
ONYX, ST, 09-Sep-2026, 37.55, 37.40, 38.00, 37.40, 37.50, 37.50, 37.82, 12000, 4.54, 6, 12000, 100.00
OPTIEMUS, EQ, 09-Sep-2026, 556.35, 552.40, 556.70, 540.05, 544.90, 541.95, 547.74, 80387, 440.31, 3717, 41594, 51.74
OPTIFIN, EQ, 09-Sep-2026, 14.52, 14.23, 15.00, 13.55, 14.49, 14.20, 14.16, 18983, 2.69, 75, 14562, 76.71
OPTIMYSTIX, SM, 09-Sep-2026, 150.50, 150.00, 150.00, 145.05, 146.95, 148.20, 147.15, 35200, 51.80, 32, 22400, 63.64
OPTIVALUE, ST, 09-Sep-2026, 164.50, 168.00, 172.70, 168.00, 172.70, 172.70, 170.99, 92800, 158.67, 24, 89600, 96.55
ORBTEXP, BE, 09-Sep-2026, 239.43, 231.50, 237.99, 231.50, 233.00, 233.00, 234.46, 709, 1.66, 23, -, -
ORCHASP, EQ, 09-Sep-2026, 1.36, 1.43, 1.49, 1.38, 1.44, 1.42, 1.43, 417732, 5.98, 334, 342210, 81.92
ORCHPHARMA, EQ, 09-Sep-2026, 965.80, 975.80, 1035.10, 969.60, 1030.00, 1024.85, 1013.82, 161851, 1640.87, 8400, 84165, 52.00
ORIANA, SM, 09-Sep-2026, 1217.65, 1225.00, 1247.00, 1212.00, 1232.00, 1233.40, 1230.56, 36300, 446.69, 393, 23625, 65.08
ORICONENT, EQ, 09-Sep-2026, 53.16, 53.16, 53.97, 51.88, 52.70, 52.08, 52.62, 18760, 9.87, 604, 10445, 55.68
ORIENTALTL, EQ, 09-Sep-2026, 5.11, 5.09, 5.17, 5.02, 5.17, 5.12, 5.10, 107809, 5.49, 491, 44192, 40.99
ORIENTBELL, EQ, 09-Sep-2026, 410.30, 413.60, 422.50, 395.80, 419.90, 420.10, 409.72, 41864, 171.53, 1789, 16568, 39.58
ORIENTCEM, EQ, 09-Sep-2026, 126.42, 127.20, 127.90, 125.72, 126.25, 126.28, 126.66, 241975, 306.48, 1929, 131703, 54.43
ORIENTCER, EQ, 09-Sep-2026, 45.00, 45.10, 48.89, 44.00, 47.21, 47.30, 46.94, 353849, 166.09, 5019, 193434, 54.67
ORIENTELEC, EQ, 09-Sep-2026, 175.54, 176.00, 176.99, 171.20, 175.00, 175.11, 173.44, 324397, 562.63, 11512, 225390, 69.48
ORIENTHOT, EQ, 09-Sep-2026, 140.54, 140.54, 140.82, 139.27, 140.38, 139.98, 140.18, 724013, 1014.90, 3216, 465964, 64.36
ORIENTLTD, BE, 09-Sep-2026, 82.50, 80.50, 82.50, 80.50, 80.60, 81.86, 81.72, 3456, 2.82, 11, -, -
ORIENTPPR, EQ, 09-Sep-2026, 18.29, 18.29, 18.42, 17.81, 17.81, 17.93, 17.95, 288440, 51.76, 794, 194356, 67.38
ORIENTTECH, EQ, 09-Sep-2026, 233.43, 233.43, 233.52, 229.00, 231.00, 229.65, 230.07, 89252, 205.34, 2841, 50457, 56.53
ORIRAIL, EQ, 09-Sep-2026, 128.38, 127.75, 129.29, 125.94, 126.00, 126.65, 127.46, 59102, 75.33, 1110, 30294, 51.26
ORISSAMINE, EQ, 09-Sep-2026, 4198.70, 4191.10, 4201.40, 4141.50, 4158.20, 4153.50, 4165.22, 4202, 175.02, 1198, 2209, 52.57
ORKLAINDIA, EQ, 09-Sep-2026, 589.85, 590.00, 593.85, 582.20, 585.00, 586.30, 589.74, 44801, 264.21, 3436, 25466, 56.84
ORTINGLOBE, EQ, 09-Sep-2026, 15.93, 15.54, 16.29, 15.53, 15.53, 15.53, 15.71, 2934, 0.46, 49, 2567, 87.49
OSELDEVICE, SM, 09-Sep-2026, 369.90, 367.05, 375.05, 355.25, 371.00, 373.05, 365.12, 28800, 105.15, 115, 18400, 63.89
OSIAHYPER, BE, 09-Sep-2026, 2.44, 2.41, 2.49, 2.39, 2.47, 2.45, 2.42, 387005, 9.38, 358, -, -
OSWALAGRO, EQ, 09-Sep-2026, 36.21, 37.24, 37.24, 35.10, 35.60, 35.83, 35.72, 21502, 7.68, 593, 14879, 69.20
OSWALGREEN, EQ, 09-Sep-2026, 20.29, 20.11, 20.34, 20.10, 20.12, 20.15, 20.20, 77391, 15.63, 471, 56005, 72.37
OSWALPUMPS, EQ, 09-Sep-2026, 274.80, 274.80, 287.75, 273.00, 281.75, 282.75, 281.15, 704387, 1980.42, 13592, 248333, 35.26
OSWALSEEDS, EQ, 09-Sep-2026, 12.14, 12.38, 13.31, 11.81, 13.05, 13.08, 12.69, 295909, 37.54, 695, 219489, 74.17
OWAIS, ST, 09-Sep-2026, 79.50, 77.95, 79.40, 77.95, 77.95, 79.20, 78.12, 13100, 10.23, 38, 13000, 99.24
PACEDIGITK, EQ, 09-Sep-2026, 160.31, 159.70, 163.50, 158.80, 161.00, 160.68, 161.08, 802379, 1292.49, 9241, 331452, 41.31
PACIFICI, EQ, 09-Sep-2026, 140.00, 141.00, 142.00, 134.00, 142.00, 141.79, 139.89, 313, 0.44, 24, 311, 99.36
PAGEIND, EQ, 09-Sep-2026, 35915.00, 35825.00, 35825.00, 35200.00, 35395.00, 35395.00, 35408.91, 15250, 5399.86, 7557, 7010, 45.97
PAISALO, EQ, 09-Sep-2026, 77.72, 77.76, 80.50, 77.11, 79.98, 79.92, 79.45, 21010428, 16693.16, 44721, 8177928, 38.92
PAKKA, EQ, 09-Sep-2026, 78.54, 78.99, 81.00, 76.70, 78.01, 78.13, 78.77, 152118, 119.82, 3565, 90230, 59.32
PALASHSECU, EQ, 09-Sep-2026, 88.14, 88.11, 89.90, 87.99, 87.99, 88.86, 88.46, 1181, 1.04, 21, 1057, 89.50
PALREDTEC, EQ, 09-Sep-2026, 53.32, 53.75, 53.75, 50.66, 50.75, 50.75, 50.83, 1209, 0.61, 35, 957, 79.16
PANACEABIO, EQ, 09-Sep-2026, 391.85, 394.80, 400.00, 388.10, 393.90, 393.80, 395.85, 143042, 566.23, 3910, 78664, 54.99
PANACHE, BE, 09-Sep-2026, 515.60, 510.10, 525.00, 510.00, 525.00, 525.00, 516.48, 5506, 28.44, 48, -, -
PANAMAPET, EQ, 09-Sep-2026, 483.15, 484.80, 505.00, 481.10, 498.50, 498.40, 497.02, 791161, 3932.25, 20038, 225119, 28.45
PANCHMAHQ, EQ, 09-Sep-2026, 290.00, 290.00, 290.00, 290.00, 290.00, 290.00, 290.00, 62, 0.18, 6, 62, 100.00
PANORAMA, EQ, 09-Sep-2026, 48.38, 48.20, 49.32, 45.50, 46.00, 47.56, 48.36, 198297, 95.90, 2002, 59617, 30.06
PANSARI, EQ, 09-Sep-2026, 290.80, 287.55, 303.10, 280.00, 284.00, 281.20, 284.91, 909, 2.59, 46, 860, 94.61
PAR, BE, 09-Sep-2026, 141.44, 134.37, 134.37, 134.37, 134.37, 134.37, 134.37, 18033, 24.23, 169, -, -
PARACABLES, EQ, 09-Sep-2026, 69.05, 69.74, 70.90, 66.05, 66.45, 66.45, 68.23, 3622562, 2471.64, 17821, 1550918, 42.81
PARADEEP, EQ, 09-Sep-2026, 159.79, 159.51, 160.65, 157.50, 157.80, 157.92, 158.45, 1680376, 2662.49, 15923, 728923, 43.38
PARAGMILK, EQ, 09-Sep-2026, 254.40, 254.90, 256.00, 252.30, 254.15, 253.60, 254.10, 521490, 1325.11, 8744, 242388, 46.48
PARAGON, SM, 09-Sep-2026, 61.45, 60.30, 60.30, 56.55, 58.10, 58.10, 59.08, 14400, 8.51, 12, 10800, 75.00
PARAMATRIX, SM, 09-Sep-2026, 60.35, 60.00, 60.00, 59.00, 59.00, 59.00, 59.50, 2400, 1.43, 2, 1200, 50.00
PARAMOUNT, SM, 09-Sep-2026, 40.55, 42.55, 42.55, 42.55, 42.55, 42.55, 42.55, 3600, 1.53, 3, 3600, 100.00
PARAS, EQ, 09-Sep-2026, 1504.00, 1510.80, 1547.40, 1459.00, 1471.00, 1470.00, 1487.48, 1212712, 18038.88, 51005, 345522, 28.49
PARASPETRO, EQ, 09-Sep-2026, 2.13, 2.13, 2.23, 2.13, 2.23, 2.18, 2.17, 135723, 2.95, 231, 93931, 69.21
PARIN, SM, 09-Sep-2026, 705.30, 700.00, 730.00, 700.00, 720.00, 720.00, 714.04, 3750, 26.78, 13, 3000, 80.00
PARKHOSPS, EQ, 09-Sep-2026, 282.25, 282.40, 285.65, 281.15, 282.55, 281.85, 282.60, 209305, 591.50, 4431, 129146, 61.70
PARKHOTELS, EQ, 09-Sep-2026, 113.11, 113.28, 113.28, 110.97, 112.50, 111.64, 111.80, 62584, 69.97, 1303, 37803, 60.40
PARNAXLAB, EQ, 09-Sep-2026, 125.90, 116.00, 134.95, 116.00, 130.00, 130.00, 131.59, 1921, 2.53, 38, 1915, 99.69
PARSVNATH, BE, 09-Sep-2026, 1.63, 1.66, 1.66, 1.66, 1.66, 1.66, 1.66, 131882, 2.19, 54, -, -
PARTH, SM, 09-Sep-2026, 545.00, 540.00, 559.00, 540.00, 549.00, 549.35, 550.70, 13200, 72.69, 31, 10400, 78.79
PARTYCRUS, SM, 09-Sep-2026, 86.00, 89.35, 90.00, 89.35, 90.00, 90.00, 89.62, 3000, 2.69, 3, 3000, 100.00
PASHUPATI, EQ, 09-Sep-2026, 81.02, 82.70, 82.70, 80.00, 81.00, 81.00, 81.14, 41925, 34.02, 1346, 24267, 57.88
PASUPTAC, BE, 09-Sep-2026, 67.12, 66.79, 69.10, 66.16, 67.60, 67.91, 68.00, 68933, 46.87, 406, -, -
PATANJALI, EQ, 09-Sep-2026, 342.00, 341.55, 341.55, 338.70, 341.00, 341.00, 339.54, 967972, 3286.62, 7173, 477535, 49.33
PATELENG, EQ, 09-Sep-2026, 26.93, 26.91, 27.22, 26.75, 27.10, 27.10, 26.95, 1587356, 427.86, 5565, 756500, 47.66
PATELRMART, EQ, 09-Sep-2026, 215.20, 215.60, 216.95, 213.35, 214.00, 214.93, 215.46, 67218, 144.83, 1033, 47078, 70.04
PATILAUTOM, SM, 09-Sep-2026, 301.85, 305.00, 322.00, 302.80, 316.95, 314.50, 313.53, 222000, 696.03, 353, 150000, 67.57
PATINTLOG, BE, 09-Sep-2026, 13.30, 13.44, 13.44, 13.02, 13.20, 13.15, 13.11, 17082, 2.24, 92, -, -
PAUSHAKLTD, EQ, 09-Sep-2026, 770.70, 775.75, 780.00, 741.60, 751.10, 754.30, 754.33, 32142, 242.46, 2333, 12021, 37.40
PAVNAIND, EQ, 09-Sep-2026, 16.18, 16.18, 16.49, 14.66, 15.28, 15.17, 15.26, 297906, 45.47, 1351, 189899, 63.74
PAYTM, EQ, 09-Sep-2026, 1670.00, 1677.00, 1758.90, 1676.10, 1751.50, 1751.50, 1736.74, 8247684, 143240.45, 181218, 3656166, 44.33
PBMPOLY, EQ, 09-Sep-2026, 61.00, 60.00, 61.00, 59.51, 61.00, 60.86, 60.60, 478, 0.29, 22, 413, 86.40
PCBL, EQ, 09-Sep-2026, 328.80, 330.90, 341.50, 326.15, 334.90, 334.95, 335.90, 6364541, 21378.24, 92762, 1625940, 25.55
PCCL, SM, 09-Sep-2026, 427.20, 427.20, 444.00, 427.20, 444.00, 436.95, 434.82, 32400, 140.88, 46, 25200, 77.78
PCJEWELLER, EQ, 09-Sep-2026, 13.52, 13.60, 14.08, 13.45, 13.92, 13.87, 13.81, 697754870, 96373.51, 234912, 113467170, 16.26
PDMJEPAPER, EQ, 09-Sep-2026, 99.61, 99.56, 99.61, 94.57, 97.20, 96.74, 97.03, 293437, 284.73, 4629, 90364, 30.80
PDSL, EQ, 09-Sep-2026, 346.20, 344.00, 354.05, 341.95, 345.65, 345.70, 346.88, 233662, 810.53, 3767, 145389, 62.22
PEARLPOLY, EQ, 09-Sep-2026, 15.64, 16.00, 16.00, 15.57, 15.60, 15.61, 15.67, 5371, 0.84, 60, 5337, 99.37
PELATRO, SM, 09-Sep-2026, 390.20, 380.00, 398.75, 380.00, 389.00, 389.00, 390.61, 11700, 45.70, 32, 8700, 74.36
PENIND, EQ, 09-Sep-2026, 180.62, 180.62, 181.42, 176.21, 177.74, 178.08, 178.60, 603270, 1077.46, 8005, 222659, 36.91
PENINLAND, EQ, 09-Sep-2026, 15.67, 16.23, 16.23, 15.30, 15.41, 15.56, 15.58, 70378, 10.96, 294, 63066, 89.61
PENTAGON, SM, 09-Sep-2026, 96.00, 100.10, 100.10, 91.55, 99.00, 97.80, 95.96, 56000, 53.74, 47, 33000, 58.93
PERFECT, SZ, 09-Sep-2026, 1.85, 1.80, 1.80, 1.80, 1.80, 1.80, 1.80, 6000, 0.11, 1, 6000, 100.00
PERMAGN, EQ, 09-Sep-2026, 863.10, 864.80, 864.80, 838.05, 844.00, 843.30, 849.13, 5717, 48.54, 491, 4601, 80.48
PERNIASPOP, EQ, 09-Sep-2026, 557.30, 558.00, 567.00, 537.00, 562.40, 563.90, 557.13, 677914, 3776.84, 17699, 201389, 29.71
PERSISTENT, EQ, 09-Sep-2026, 5560.00, 5490.00, 5490.00, 5372.50, 5419.00, 5419.00, 5430.53, 599190, 32539.19, 44417, 219911, 36.70
PETRONET, EQ, 09-Sep-2026, 285.80, 285.80, 288.50, 284.15, 285.90, 285.90, 287.16, 1133536, 3255.04, 19582, 615694, 54.32
PFC, EQ, 09-Sep-2026, 355.90, 354.35, 355.30, 350.10, 351.40, 351.40, 352.58, 5426791, 19133.88, 59546, 3321483, 61.21
PFIZER, EQ, 09-Sep-2026, 4310.70, 4310.70, 4318.00, 4158.40, 4173.50, 4171.00, 4202.97, 125703, 5283.26, 25184, 49522, 39.40
PFOCUS, EQ, 09-Sep-2026, 313.15, 314.95, 321.35, 310.35, 316.30, 316.30, 316.48, 761243, 2409.19, 15163, 268370, 35.25
PFS, EQ, 09-Sep-2026, 27.71, 27.70, 27.75, 26.99, 27.38, 27.21, 27.32, 430257, 117.56, 2118, 259328, 60.27
PGEL, EQ, 09-Sep-2026, 553.70, 553.50, 557.15, 539.45, 542.50, 542.50, 545.30, 1621300, 8840.89, 28276, 652554, 40.25
PGHH, EQ, 09-Sep-2026, 7736.00, 7730.00, 7768.50, 7600.00, 7639.50, 7615.00, 7654.08, 8659, 662.77, 2707, 4893, 56.51
PGHL, EQ, 09-Sep-2026, 5603.00, 5598.00, 5598.00, 5451.00, 5460.00, 5475.00, 5511.14, 8071, 444.80, 2764, 4766, 59.05
PGIL, EQ, 09-Sep-2026, 2366.80, 2369.10, 2388.70, 2215.50, 2276.10, 2277.90, 2284.35, 97199, 2220.37, 13265, 39271, 40.40
PGINVIT, IV, 09-Sep-2026, 102.87, 102.89, 102.90, 101.90, 102.15, 102.23, 102.33, 1073586, 1098.63, 5905, 868396, 80.89
PHANTOMFX, SM, 09-Sep-2026, 115.95, 113.00, 118.40, 112.00, 115.00, 115.20, 115.27, 23400, 26.97, 65, 17400, 74.36
PHARMABEES, EQ, 09-Sep-2026, 27.66, 26.96, 28.40, 26.96, 27.56, 27.50, 27.52, 3758240, 1034.36, 10703, 2126212, 56.57
PHOENIXLTD, EQ, 09-Sep-2026, 1885.00, 1892.00, 1915.90, 1865.20, 1885.30, 1885.30, 1895.35, 299790, 5682.08, 24641, 176759, 58.96
PHOENXINTL, EQ, 09-Sep-2026, 29.81, 29.60, 30.20, 29.06, 30.20, 30.20, 29.97, 2017, 0.60, 34, 1506, 74.67
PHOGLOBAL, SM, 09-Sep-2026, 14.15, 13.35, 14.20, 13.35, 14.20, 14.20, 13.79, 10000, 1.38, 5, 6000, 60.00
PICCADIL, EQ, 09-Sep-2026, 608.30, 612.65, 612.65, 595.60, 598.10, 599.80, 600.41, 223548, 1342.20, 10739, 108501, 48.54
PIDILITIND, EQ, 09-Sep-2026, 1593.00, 1579.00, 1585.60, 1566.00, 1572.00, 1572.00, 1571.99, 276995, 4354.34, 21966, 168380, 60.79
PIGL, EQ, 09-Sep-2026, 96.13, 98.40, 109.73, 98.40, 104.95, 104.98, 105.64, 332177, 350.93, 4507, 132520, 39.89
PIIND, EQ, 09-Sep-2026, 2395.00, 2395.00, 2402.00, 2367.60, 2394.00, 2394.00, 2384.80, 100714, 2401.83, 11400, 40079, 39.79
PILANIINVS, EQ, 09-Sep-2026, 4261.70, 4261.70, 4303.90, 4021.30, 4200.00, 4109.80, 4091.97, 18239, 746.33, 2110, 9102, 49.90
PILITA, EQ, 09-Sep-2026, 7.75, 7.90, 8.11, 7.48, 7.95, 7.85, 7.83, 63380, 4.97, 219, 43432, 68.53
PINELABS, EQ, 09-Sep-2026, 169.55, 170.40, 176.70, 167.70, 175.05, 175.08, 173.89, 40668170, 70717.53, 185311, 12214327, 30.03
PIONEEREMB, EQ, 09-Sep-2026, 21.02, 21.51, 21.51, 20.51, 20.95, 20.83, 20.92, 11385, 2.38, 70, 10013, 87.95
PIONRINV, BE, 09-Sep-2026, 83.85, 88.00, 88.00, 85.50, 85.50, 85.50, 87.87, 7392, 6.50, 23, -, -
PIRAMALFIN, EQ, 09-Sep-2026, 2298.50, 2319.00, 2326.40, 2278.10, 2312.50, 2310.50, 2310.01, 220456, 5092.55, 28417, 141759, 64.30
PITTIENG, EQ, 09-Sep-2026, 1171.30, 1175.30, 1194.90, 1164.50, 1169.40, 1171.60, 1178.85, 132385, 1560.62, 9446, 59269, 44.77
PIXTRANS, EQ, 09-Sep-2026, 1722.00, 1720.00, 1761.90, 1715.50, 1732.00, 1746.40, 1739.78, 13287, 231.16, 2051, 7238, 54.47
PKTEA, EQ, 09-Sep-2026, 972.75, 976.85, 1160.00, 880.00, 1155.00, 1136.30, 1071.71, 59199, 634.44, 3261, 18012, 30.43
PLASTIBLEN, EQ, 09-Sep-2026, 191.23, 191.59, 193.42, 187.20, 187.50, 189.30, 191.16, 13063, 24.97, 357, 8229, 62.99
PLATIND, EQ, 09-Sep-2026, 232.47, 230.47, 232.00, 225.00, 226.45, 226.04, 227.80, 88798, 202.28, 2430, 54390, 61.25
PLAZACABLE, EQ, 09-Sep-2026, 56.84, 55.61, 59.68, 55.61, 59.68, 59.68, 58.93, 110358, 65.03, 997, 71463, 64.76
PML, EQ, 09-Sep-2026, 482.15, 483.00, 502.00, 480.30, 499.95, 487.95, 494.43, 433, 2.14, 29, 407, 94.00
PNB, EQ, 09-Sep-2026, 116.00, 115.25, 117.00, 115.25, 115.61, 115.61, 116.39, 11691129, 13607.57, 32806, 6127407, 52.41
PNBGILTS, EQ, 09-Sep-2026, 81.26, 81.25, 81.33, 79.00, 79.88, 79.46, 79.82, 283795, 226.52, 2377, 162921, 57.41
PNBHOUSING, EQ, 09-Sep-2026, 1167.10, 1165.50, 1169.20, 1138.20, 1142.00, 1142.00, 1154.30, 320435, 3698.77, 20355, 179124, 55.90
PNC, EQ, 09-Sep-2026, 16.66, 16.80, 16.80, 16.35, 16.70, 16.56, 16.46, 14249, 2.35, 82, 14032, 98.48
PNCINFRA, EQ, 09-Sep-2026, 177.06, 177.00, 180.83, 176.42, 179.20, 179.00, 178.60, 281660, 503.04, 6157, 149427, 53.05
PNGJL, EQ, 09-Sep-2026, 627.45, 628.00, 628.85, 609.30, 610.45, 611.45, 613.54, 402965, 2472.36, 21176, 210930, 52.34
PNGSREVA, EQ, 09-Sep-2026, 546.55, 548.65, 550.45, 513.25, 524.00, 519.70, 524.63, 265641, 1393.62, 10564, 113078, 42.57
POCL, EQ, 09-Sep-2026, 469.45, 471.00, 479.40, 465.00, 467.00, 466.95, 468.18, 581693, 2723.37, 9284, 434337, 74.67
PODDARMENT, EQ, 09-Sep-2026, 311.45, 312.75, 315.00, 294.00, 295.10, 295.85, 301.41, 18372, 55.37, 675, 12057, 65.63
POEL, EQ, 09-Sep-2026, 144.12, 144.99, 145.97, 142.21, 142.55, 143.02, 143.38, 24202, 34.70, 805, 14203, 58.69
POKARNA, EQ, 09-Sep-2026, 786.65, 785.90, 786.65, 768.30, 780.00, 779.35, 780.44, 84126, 656.56, 5167, 51830, 61.61
POLICYBZR, EQ, 09-Sep-2026, 1826.00, 1800.00, 1814.70, 1787.50, 1800.00, 1800.00, 1804.43, 1177932, 21254.94, 35019, 799455, 67.87
POLYCAB, EQ, 09-Sep-2026, 8373.50, 8373.50, 8407.00, 8302.00, 8354.00, 8354.00, 8350.58, 198567, 16581.50, 29835, 91080, 45.87
POLYMED, EQ, 09-Sep-2026, 1730.10, 1732.60, 1750.40, 1720.10, 1720.50, 1724.00, 1739.35, 75116, 1306.53, 10825, 34221, 45.56
POLYPLEX, EQ, 09-Sep-2026, 1149.60, 1147.00, 1158.80, 1135.10, 1142.40, 1140.00, 1145.02, 36081, 413.13, 3463, 19313, 53.53
POLYSIL, SM, 09-Sep-2026, 77.50, 81.35, 81.35, 81.20, 81.35, 81.35, 81.34, 122000, 99.24, 105, 77000, 63.11
PONNIERODE, EQ, 09-Sep-2026, 378.55, 381.05, 381.80, 370.25, 371.15, 373.20, 375.06, 51562, 193.39, 1346, 39663, 76.92
POONAWALLA, EQ, 09-Sep-2026, 455.25, 450.00, 451.85, 444.35, 449.45, 448.60, 447.20, 963582, 4309.13, 26027, 520253, 53.99
POSITRON, SM, 09-Sep-2026, 178.85, 182.00, 182.00, 176.00, 178.00, 178.10, 179.61, 5100, 9.16, 17, 3600, 70.59
POWERGRID, EQ, 09-Sep-2026, 265.75, 265.00, 269.25, 264.50, 265.85, 265.85, 266.71, 11738891, 31308.51, 82361, 8095007, 68.96
POWERICA, EQ, 09-Sep-2026, 530.70, 539.40, 552.30, 529.25, 549.95, 547.10, 543.23, 255922, 1390.24, 9098, 129287, 50.52
POWERINDIA, EQ, 09-Sep-2026, 31135.00, 31195.00, 31590.00, 31025.00, 31580.00, 31580.00, 31368.68, 94112, 29521.69, 27834, 39834, 42.33
POWERMECH, EQ, 09-Sep-2026, 2415.10, 2418.00, 2493.40, 2402.00, 2422.80, 2430.10, 2452.51, 123045, 3017.69, 17478, 26202, 21.29
PPAP, BE, 09-Sep-2026, 249.80, 251.60, 251.80, 242.10, 245.90, 244.40, 245.20, 17448, 42.78, 287, -, -
PPL, BE, 09-Sep-2026, 274.05, 278.00, 287.75, 273.00, 287.75, 287.55, 285.71, 79281, 226.51, 1152, -, -
PPLPHARMA, EQ, 09-Sep-2026, 226.62, 227.00, 227.75, 217.10, 218.45, 218.00, 221.12, 3881596, 8582.99, 44108, 1610998, 41.50
PPSL, SM, 09-Sep-2026, 2.85, 2.85, 2.85, 2.80, 2.85, 2.85, 2.84, 12000, 0.34, 4, 9000, 75.00
PRABHA, EQ, 09-Sep-2026, 253.55, 254.00, 262.80, 242.46, 252.00, 246.58, 249.45, 597234, 1489.78, 10158, 250398, 41.93
PRADPME, BE, 09-Sep-2026, 489.10, 488.00, 497.90, 481.00, 488.10, 487.85, 488.87, 8320, 40.67, 97, -, -
PRAENG, EQ, 09-Sep-2026, 22.69, 22.50, 23.69, 22.50, 22.90, 22.92, 23.06, 36814, 8.49, 551, 29563, 80.30
PRAJIND, EQ, 09-Sep-2026, 338.85, 338.00, 338.00, 324.85, 327.00, 326.70, 331.82, 676653, 2245.24, 17671, 328207, 48.50
PRAKASH, EQ, 09-Sep-2026, 127.30, 127.90, 128.19, 125.47, 126.03, 126.41, 126.49, 437689, 553.64, 3747, 283517, 64.78
PRAKASHSTL, EQ, 09-Sep-2026, 3.75, 3.76, 3.82, 3.75, 3.80, 3.80, 3.79, 85139, 3.23, 239, 62985, 73.98
PRAMARA, SM, 09-Sep-2026, 100.00, 100.00, 102.20, 97.00, 98.00, 97.40, 97.59, 46500, 45.38, 11, 45500, 97.85
PRAMODINI, SM, 09-Sep-2026, 129.55, 129.85, 131.95, 124.00, 128.90, 128.20, 128.86, 282000, 363.39, 214, 186000, 65.96
PRATHAM, SM, 09-Sep-2026, 119.65, 119.65, 120.00, 119.65, 120.00, 120.00, 119.83, 800, 0.96, 2, 800, 100.00
PRAVEG, EQ, 09-Sep-2026, 270.75, 274.05, 276.85, 261.05, 263.65, 263.80, 267.05, 31869, 85.11, 1239, 17788, 55.82
PRAXIS, EQ, 09-Sep-2026, 4.69, 4.78, 4.78, 4.60, 4.73, 4.72, 4.72, 161749, 7.64, 109, 159080, 98.35
PRECAM, EQ, 09-Sep-2026, 121.71, 121.40, 122.12, 119.20, 120.49, 119.91, 120.47, 107492, 129.50, 2357, 57681, 53.66
PRECISION, ST, 09-Sep-2026, 7.10, 7.10, 7.40, 6.80, 7.30, 7.30, 7.31, 94000, 6.87, 15, 94000, 100.00
PRECOT, EQ, 09-Sep-2026, 682.90, 675.60, 686.20, 658.20, 660.00, 660.15, 668.65, 9739, 65.12, 456, 8092, 83.09
PRECWIRE, EQ, 09-Sep-2026, 480.20, 479.00, 479.50, 468.15, 472.65, 474.35, 473.73, 390910, 1851.87, 19011, 158630, 40.58
PREMCO, EQ, 09-Sep-2026, 392.00, 392.00, 398.50, 385.05, 386.15, 386.05, 389.03, 896, 3.49, 75, 874, 97.54
PREMEXPLN, EQ, 09-Sep-2026, 677.70, 679.00, 679.00, 664.05, 667.00, 666.60, 667.47, 572139, 3818.86, 3008, 517777, 90.50
PREMIER, BE, 09-Sep-2026, 2.78, 2.78, 2.88, 2.65, 2.87, 2.87, 2.84, 33610, 0.96, 33, -, -
PREMIERENE, EQ, 09-Sep-2026, 988.80, 990.90, 994.50, 972.00, 975.90, 975.90, 984.87, 583491, 5746.62, 21179, 318142, 54.52
PREMIERPOL, EQ, 09-Sep-2026, 90.56, 91.10, 93.00, 88.18, 89.85, 89.73, 89.43, 201085, 179.83, 3065, 100875, 50.17
PREMIUM, SM, 09-Sep-2026, 39.95, 39.15, 41.20, 39.15, 40.90, 40.90, 40.30, 12000, 4.84, 4, 6000, 50.00
PRESSTONIC, SM, 09-Sep-2026, 30.10, 30.00, 30.90, 29.70, 29.80, 29.90, 30.18, 26400, 7.97, 28, 18400, 69.70
PRESTIGE, EQ, 09-Sep-2026, 1561.60, 1554.20, 1557.90, 1534.10, 1540.40, 1540.40, 1547.15, 499802, 7732.71, 16188, 307910, 61.61
PRICOLLTD, EQ, 09-Sep-2026, 758.60, 758.00, 758.00, 740.30, 746.50, 745.80, 744.83, 304363, 2266.98, 18013, 165524, 54.38
PRIMECAB, ST, 09-Sep-2026, 178.30, 169.40, 186.75, 169.40, 180.00, 180.00, 173.47, 136000, 235.91, 80, 126400, 92.94
PRIMESECU, EQ, 09-Sep-2026, 279.45, 279.90, 282.95, 276.20, 282.00, 280.10, 279.85, 22760, 63.69, 317, 11990, 52.68
PRIMO, EQ, 09-Sep-2026, 20.41, 20.63, 21.74, 20.26, 21.31, 21.27, 21.07, 162572, 34.26, 1936, 72832, 44.80
PRINCEPIPE, EQ, 09-Sep-2026, 285.75, 284.35, 286.45, 280.25, 280.85, 280.75, 281.77, 111190, 313.30, 3296, 71731, 64.51
PRIORITY, BE, 09-Sep-2026, 218.53, 215.00, 229.45, 215.00, 229.45, 229.45, 226.17, 352389, 797.01, 2534, -, -
PRISMX, EQ, 09-Sep-2026, 0.55, 0.57, 0.58, 0.55, 0.58, 0.57, 0.57, 231327, 1.31, 196, 154756, 66.90
PRITI, BE, 09-Sep-2026, 33.35, 33.35, 34.00, 32.20, 34.00, 33.47, 33.20, 5987, 1.99, 76, -, -
PRITIKA, SM, 09-Sep-2026, 63.35, 63.35, 63.35, 63.35, 63.35, 63.35, 63.35, 2000, 1.27, 1, 2000, 100.00
PRITIKAUTO, BE, 09-Sep-2026, 15.15, 15.15, 15.24, 14.80, 15.05, 15.08, 14.95, 146467, 21.90, 504, -, -
PRIVISCL, EQ, 09-Sep-2026, 3469.60, 3474.50, 3565.00, 3454.50, 3520.00, 3537.90, 3520.37, 130119, 4580.67, 16726, 77129, 59.28
PRIZOR, ST, 09-Sep-2026, 1248.85, 1225.00, 1225.00, 1223.90, 1223.90, 1223.90, 1224.05, 14400, 176.26, 29, 14400, 100.00
PRLIND, SM, 09-Sep-2026, 42.60, 42.10, 42.70, 42.00, 42.15, 42.60, 42.20, 50000, 21.10, 25, 48000, 96.00
PROPEQUITY, SM, 09-Sep-2026, 225.00, 220.00, 221.00, 220.00, 221.00, 220.50, 220.50, 1200, 2.65, 2, 1200, 100.00
PROPSHOP, SM, 09-Sep-2026, 73.15, 73.00, 76.85, 71.95, 75.00, 74.50, 75.84, 200000, 151.67, 70, 90000, 45.00
PROSTARM, EQ, 09-Sep-2026, 135.23, 135.91, 136.88, 133.92, 135.00, 135.64, 135.37, 119684, 162.02, 2558, 54598, 45.62
PROTEAN, EQ, 09-Sep-2026, 499.65, 499.65, 499.85, 491.05, 493.45, 493.35, 494.12, 135622, 670.13, 6080, 76023, 56.06
PROV, SM, 09-Sep-2026, 1760.00, 1760.00, 1760.00, 1658.00, 1750.00, 1750.00, 1738.60, 800, 13.91, 10, 640, 80.00
PROZONER, EQ, 09-Sep-2026, 48.92, 48.90, 50.50, 47.81, 50.00, 49.88, 49.11, 263133, 129.22, 2500, 168375, 63.99
PRSMJOHNSN, EQ, 09-Sep-2026, 112.27, 112.60, 113.35, 111.61, 112.43, 112.45, 112.43, 308878, 347.27, 3043, 205705, 66.60
PRUDENT, EQ, 09-Sep-2026, 3277.50, 3252.00, 3329.80, 3251.00, 3305.50, 3302.50, 3306.70, 11980, 396.14, 3844, 7449, 62.18
PRUDMOULI, BE, 09-Sep-2026, 16.79, 17.60, 17.60, 16.31, 16.50, 16.72, 16.60, 1635, 0.27, 37, -, -
PSB, EQ, 09-Sep-2026, 22.86, 22.86, 22.88, 22.60, 22.65, 22.64, 22.70, 610285, 138.55, 2877, 388253, 63.62
PSPPROJECT, EQ, 09-Sep-2026, 875.40, 865.40, 896.00, 865.40, 875.10, 879.95, 882.85, 48818, 430.99, 2861, 18044, 36.96
PSRAJ, ST, 09-Sep-2026, 86.95, 86.00, 91.25, 86.00, 91.25, 91.25, 87.65, 80000, 70.12, 28, 70000, 87.50
PSUBANK, EQ, 09-Sep-2026, 84.22, 83.50, 84.93, 83.50, 83.99, 83.96, 84.00, 579398, 486.70, 651, 460601, 79.50
PSUBANKADD, EQ, 09-Sep-2026, 85.12, 85.00, 85.25, 84.51, 85.07, 84.81, 84.98, 7250, 6.16, 202, 3743, 51.63
PSUBNKBEES, EQ, 09-Sep-2026, 93.97, 93.51, 94.25, 93.30, 93.49, 93.58, 93.82, 1220617, 1145.20, 4845, 811415, 66.48
PSUBNKIETF, EQ, 09-Sep-2026, 85.10, 85.00, 85.51, 84.65, 85.34, 84.83, 85.08, 67078, 57.07, 626, 19382, 28.89
PTC, EQ, 09-Sep-2026, 154.20, 153.91, 154.59, 152.78, 153.39, 153.12, 153.45, 1062150, 1629.83, 16341, 698823, 65.79
PTCIL, EQ, 09-Sep-2026, 23730.00, 23750.00, 23950.00, 22680.00, 22700.00, 22780.00, 23150.20, 31474, 7286.29, 11059, 13273, 42.17
PTL, EQ, 09-Sep-2026, 38.43, 38.41, 38.78, 38.00, 38.24, 38.03, 38.30, 35094, 13.44, 994, 27178, 77.44
PULZ, SM, 09-Sep-2026, 23.05, 23.00, 23.70, 23.00, 23.70, 23.70, 23.47, 6000, 1.41, 3, 6000, 100.00
PUNJABCHEM, EQ, 09-Sep-2026, 1094.90, 1097.90, 1104.00, 1086.00, 1100.00, 1096.10, 1093.06, 3866, 42.26, 604, 1789, 46.28
PURPLEUTED, ST, 09-Sep-2026, 402.35, 393.10, 422.45, 386.00, 422.45, 422.45, 407.92, 63500, 259.03, 180, 60250, 94.88
PURVA, EQ, 09-Sep-2026, 216.39, 215.10, 217.00, 213.02, 217.00, 216.25, 215.00, 167897, 360.98, 4649, 59210, 35.27
PURVFLEXI, SM, 09-Sep-2026, 44.95, 44.10, 44.90, 44.10, 44.90, 44.90, 44.31, 20000, 8.86, 6, 20000, 100.00
PVP, EQ, 09-Sep-2026, 64.07, 63.50, 65.90, 60.87, 64.00, 64.54, 62.97, 2883236, 1815.51, 11449, 1087650, 37.72
PVRINOX, EQ, 09-Sep-2026, 1231.30, 1231.30, 1232.00, 1161.50, 1168.00, 1169.20, 1189.27, 564590, 6714.52, 26833, 227990, 40.38
PVSL, EQ, 09-Sep-2026, 101.63, 102.04, 102.04, 100.10, 100.20, 100.60, 100.83, 12038, 12.14, 376, 8910, 74.02
PVTBANIETF, EQ, 09-Sep-2026, 27.80, 27.80, 27.80, 27.50, 27.51, 27.55, 27.63, 4144284, 1144.95, 1697, 3416994, 82.45
PVTBANK, EQ, 09-Sep-2026, 27.62, 27.48, 27.56, 27.33, 27.40, 27.40, 27.45, 4949, 1.36, 21, 4647, 93.90
PVTBANKADD, EQ, 09-Sep-2026, 27.93, 27.86, 27.96, 27.70, 27.89, 27.82, 27.86, 25064, 6.98, 168, 17286, 68.97
PVTBKGROWW, EQ, 09-Sep-2026, 27.70, 27.41, 27.60, 27.41, 27.60, 27.44, 27.46, 3418, 0.94, 95, 2161, 63.22
PWL, EQ, 09-Sep-2026, 126.63, 126.00, 126.80, 123.57, 125.31, 125.37, 125.42, 4582078, 5746.89, 30300, 1381772, 30.16
PYRAMID, EQ, 09-Sep-2026, 151.67, 152.04, 153.54, 150.00, 151.50, 150.51, 151.34, 31370, 47.47, 1160, 17163, 54.71
QGOLDHALF, EQ, 09-Sep-2026, 126.09, 126.03, 126.67, 125.50, 125.98, 126.00, 126.18, 167434, 211.26, 709, 69663, 41.61
QLINE, SM, 09-Sep-2026, 624.05, 620.40, 709.95, 620.05, 684.00, 675.70, 672.61, 349200, 2348.74, 770, 184400, 52.81
QMSMEDI, BE, 09-Sep-2026, 155.17, 158.27, 158.27, 151.00, 151.00, 151.80, 153.55, 11377, 17.47, 120, -, -
QNIFTY, EQ, 09-Sep-2026, 261.76, 260.14, 260.67, 258.20, 259.00, 258.85, 259.68, 6728, 17.47, 202, 4442, 66.02
QPOWER, EQ, 09-Sep-2026, 1519.70, 1520.70, 1568.00, 1493.20, 1515.50, 1513.20, 1522.09, 176606, 2688.11, 13318, 94850, 53.71
QUADFUTURE, EQ, 09-Sep-2026, 441.00, 440.90, 452.00, 433.05, 437.30, 439.85, 442.34, 584350, 2584.80, 21699, 186550, 31.92
QUADPRO, SM, 09-Sep-2026, 2.70, 2.80, 2.80, 2.80, 2.80, 2.80, 2.80, 12000, 0.34, 1, 12000, 100.00
QUAL30IETF, EQ, 09-Sep-2026, 20.90, 20.78, 20.83, 20.61, 20.79, 20.63, 20.68, 83422, 17.25, 369, 65315, 78.29
QUALITY30, EQ, 09-Sep-2026, 20.47, 20.39, 20.41, 20.30, 20.38, 20.34, 20.35, 2039, 0.41, 54, 2027, 99.41
QUESS, EQ, 09-Sep-2026, 337.50, 335.10, 358.00, 332.55, 357.90, 355.00, 349.88, 821596, 2874.64, 28481, 260377, 31.69
QUESTLAB, SM, 09-Sep-2026, 82.00, 88.00, 88.00, 86.00, 87.40, 87.30, 87.19, 8400, 7.32, 7, 8400, 100.00
QUICKHEAL, EQ, 09-Sep-2026, 153.44, 153.00, 154.66, 151.27, 153.00, 152.36, 152.87, 70585, 107.90, 1677, 36972, 52.38
QUINT, EQ, 09-Sep-2026, 39.85, 40.40, 40.40, 38.67, 39.50, 39.51, 39.45, 5717, 2.26, 83, 5565, 97.34
QVCEL, SM, 09-Sep-2026, 22.80, 22.80, 23.90, 22.80, 23.90, 23.90, 23.60, 6400, 1.51, 4, 4800, 75.00
RACE, EQ, 09-Sep-2026, 97.50, 97.00, 99.60, 95.00, 95.58, 96.38, 95.98, 2903, 2.79, 150, 2582, 88.94
RACLGEAR, EQ, 09-Sep-2026, 1540.20, 1530.00, 1647.80, 1523.10, 1644.20, 1633.90, 1608.77, 98666, 1587.30, 11356, 36339, 36.83
RADAAN, EQ, 09-Sep-2026, 2.98, 2.97, 3.03, 2.91, 2.99, 2.94, 2.97, 16689, 0.49, 88, 10823, 64.85
RADHIKAJWE, EQ, 09-Sep-2026, 87.96, 87.96, 91.99, 85.02, 86.95, 87.14, 88.87, 5875923, 5221.91, 37042, 951184, 16.19
RADIANTCMS, EQ, 09-Sep-2026, 41.24, 41.23, 41.23, 39.87, 40.69, 40.25, 40.35, 687614, 277.46, 3939, 443150, 64.45
RADICO, EQ, 09-Sep-2026, 4485.00, 4459.50, 4477.50, 4396.60, 4414.00, 4414.00, 4425.71, 212920, 9423.22, 23722, 127319, 59.80
RADIOCITY, EQ, 09-Sep-2026, 6.11, 6.09, 7.33, 5.90, 6.42, 6.47, 6.46, 196732, 12.70, 432, 115439, 58.68
RADIOWALLA, ST, 09-Sep-2026, 27.35, 27.35, 27.35, 27.35, 27.35, 27.35, 27.35, 1600, 0.44, 1, 1600, 100.00
RAILTEL, EQ, 09-Sep-2026, 266.30, 267.00, 268.15, 262.95, 264.30, 263.80, 265.13, 434791, 1152.76, 10336, 171848, 39.52
RAIN, EQ, 09-Sep-2026, 217.81, 219.50, 230.00, 218.67, 222.75, 222.50, 225.41, 11435273, 25776.35, 85340, 3362185, 29.40
RAINBOW, EQ, 09-Sep-2026, 1449.90, 1445.00, 1474.70, 1440.80, 1453.00, 1451.10, 1453.20, 97345, 1414.62, 13654, 63340, 65.07
RAJESHEXPO, BZ, 09-Sep-2026, 79.61, 80.39, 82.61, 78.56, 79.34, 79.05, 80.13, 100479, 80.52, 1104, -, -
RAJINDLTD, SM, 09-Sep-2026, 62.90, 62.90, 67.00, 61.80, 61.80, 61.80, 64.25, 16500, 10.60, 11, 15000, 90.91
RAJMET, EQ, 09-Sep-2026, 3.25, 3.32, 3.35, 3.21, 3.31, 3.29, 3.29, 350812, 11.55, 922, 272807, 77.76
RAJOOENG, BE, 09-Sep-2026, 53.70, 53.70, 56.35, 52.05, 56.00, 55.90, 54.89, 449747, 246.87, 1410, -, -
RAJPALAYAM, EQ, 09-Sep-2026, 785.00, 785.05, 785.05, 760.00, 765.00, 762.65, 765.33, 4229, 32.37, 144, 3807, 90.02
RAJPUTANA, SM, 09-Sep-2026, 204.00, 210.00, 216.00, 209.00, 212.00, 212.00, 211.78, 3500, 7.41, 7, 2500, 71.43
RAJRATAN, EQ, 09-Sep-2026, 496.80, 496.80, 529.95, 490.55, 523.65, 520.85, 516.85, 285802, 1477.18, 12035, 104010, 36.39
RAJRILTD, BE, 09-Sep-2026, 21.34, 21.34, 21.75, 21.02, 21.43, 21.42, 21.42, 1165, 0.25, 60, -, -
RAJSREESUG, EQ, 09-Sep-2026, 35.49, 35.03, 36.19, 35.03, 35.10, 35.22, 35.50, 26724, 9.49, 421, 11007, 41.19
RAJTV, EQ, 09-Sep-2026, 8.64, 8.60, 8.79, 8.21, 8.21, 8.21, 8.24, 103033, 8.49, 114, 101717, 98.72
RALLIS, EQ, 09-Sep-2026, 205.29, 204.50, 205.75, 202.62, 204.01, 204.01, 203.81, 450078, 917.29, 10358, 279040, 62.00
RAMANEWS, EQ, 09-Sep-2026, 33.74, 33.90, 34.50, 32.66, 32.66, 32.69, 32.98, 11958, 3.94, 170, 9004, 75.30
RAMAPHO, EQ, 09-Sep-2026, 124.74, 124.50, 125.59, 122.55, 123.78, 123.07, 123.83, 10645, 13.18, 276, 6937, 65.17
RAMASTEEL, BE, 09-Sep-2026, 4.17, 4.09, 4.09, 4.09, 4.09, 4.09, 4.09, 1269165, 51.91, 1455, -, -
RAMBHAJO, EQ, 09-Sep-2026, 275.04, 274.80, 285.00, 271.13, 276.59, 277.98, 279.59, 714676, 1998.17, 10096, 269239, 37.67
RAMCOCEM, EQ, 09-Sep-2026, 871.45, 871.55, 876.10, 859.20, 870.90, 866.85, 867.14, 177473, 1538.94, 16299, 94128, 53.04
RAMCOIND, EQ, 09-Sep-2026, 321.50, 320.80, 321.90, 315.10, 320.90, 319.45, 318.44, 89199, 284.05, 2107, 45268, 50.75
RAMCOSYS, EQ, 09-Sep-2026, 609.15, 609.15, 609.50, 595.00, 597.00, 596.70, 600.17, 58410, 350.56, 2661, 32082, 54.93
RAMKY, EQ, 09-Sep-2026, 337.60, 338.00, 341.45, 336.55, 338.50, 339.00, 338.75, 15041, 50.95, 963, 8461, 56.25
RAMRAT, EQ, 09-Sep-2026, 531.25, 529.70, 538.50, 525.00, 529.90, 527.35, 531.39, 184999, 983.06, 7091, 72094, 38.97
RANASUG, EQ, 09-Sep-2026, 14.90, 14.90, 14.96, 14.77, 14.89, 14.80, 14.86, 200511, 29.79, 564, 131430, 65.55
RANEHOLDIN, EQ, 09-Sep-2026, 1691.80, 1677.00, 1703.90, 1659.00, 1685.00, 1686.40, 1675.77, 15103, 253.09, 1945, 8357, 55.33
RAPIDFLEET, SM, 09-Sep-2026, 236.70, 237.50, 238.85, 236.00, 237.00, 237.00, 238.14, 9000, 21.43, 15, 1800, 20.00
RAPPID, SM, 09-Sep-2026, 303.75, 315.00, 318.00, 307.00, 308.20, 308.20, 313.39, 7800, 24.44, 9, 4200, 53.85
RATEGAIN, EQ, 09-Sep-2026, 862.70, 860.00, 862.00, 835.00, 841.00, 841.40, 846.63, 497731, 4213.92, 23221, 275560, 55.36
RATNAMANI, EQ, 09-Sep-2026, 2803.80, 2814.10, 2873.80, 2715.10, 2863.00, 2859.20, 2816.97, 126387, 3560.28, 20291, 48191, 38.13
RATNAVEER, EQ, 09-Sep-2026, 297.80, 298.00, 303.00, 290.80, 299.00, 299.90, 298.00, 2550769, 7601.40, 16786, 801125, 31.41
RAYMOND, EQ, 09-Sep-2026, 857.80, 834.50, 834.50, 773.50, 811.45, 808.45, 799.71, 5497465, 43963.77, 134605, 932973, 16.97
RAYMONDLSL, EQ, 09-Sep-2026, 696.85, 720.00, 732.00, 664.50, 673.30, 670.45, 692.49, 1149008, 7956.77, 46083, 341494, 29.72
RAYMONDREL, EQ, 09-Sep-2026, 582.50, 586.00, 596.15, 563.60, 575.30, 580.65, 579.98, 684383, 3969.25, 23663, 307672, 44.96
RBA, EQ, 09-Sep-2026, 95.54, 95.00, 101.25, 94.64, 100.92, 100.50, 99.66, 7327768, 7302.55, 38221, 3026138, 41.30
RBLBANK, EQ, 09-Sep-2026, 418.50, 415.30, 420.40, 414.70, 416.00, 416.00, 417.83, 3908840, 16332.38, 44022, 2275371, 58.21
RBMINFRA, SM, 09-Sep-2026, 275.75, 286.00, 330.90, 286.00, 319.95, 318.90, 315.98, 252000, 796.27, 936, 146600, 58.17
RBS, SM, 09-Sep-2026, 88.00, 87.00, 89.80, 87.00, 89.70, 89.70, 88.83, 9600, 8.53, 9, 5600, 58.33
RBZJEWEL, BE, 09-Sep-2026, 181.18, 179.50, 189.00, 172.13, 173.93, 173.60, 175.59, 240256, 421.87, 1531, -, -
RCDL, SM, 09-Sep-2026, 14.10, 14.60, 14.60, 14.60, 14.60, 14.60, 14.60, 3000, 0.44, 1, 3000, 100.00
RCDL-RE, ST, 09-Sep-2026, 3.00, 2.40, 2.40, 2.40, 2.40, 2.40, 2.40, 42000, 1.01, 9, 42000, 100.00
RCF, EQ, 09-Sep-2026, 113.73, 112.60, 113.19, 112.26, 112.62, 112.64, 112.70, 668920, 753.87, 7638, 345011, 51.58
RCOM, BE, 09-Sep-2026, 0.89, 0.92, 0.93, 0.91, 0.93, 0.93, 0.93, 4345641, 40.36, 1992, -, -
READYMIX, SM, 09-Sep-2026, 73.10, 72.50, 72.50, 67.00, 69.00, 68.50, 69.73, 90000, 62.76, 69, 62000, 68.89
RECLTD, EQ, 09-Sep-2026, 317.85, 316.55, 317.35, 313.60, 314.50, 314.50, 316.15, 3145078, 9943.04, 27012, 1763012, 56.06
REDINGTON, EQ, 09-Sep-2026, 373.55, 376.00, 382.70, 374.05, 378.50, 378.05, 378.41, 4173283, 15791.99, 61667, 1692748, 40.56
REDTAPE, EQ, 09-Sep-2026, 115.58, 115.00, 117.15, 113.15, 117.15, 116.57, 115.51, 321602, 371.48, 6630, 120516, 37.47
REFEX, EQ, 09-Sep-2026, 275.85, 275.25, 276.75, 271.10, 275.00, 273.15, 273.49, 177778, 486.20, 5192, 99921, 56.21
REFRACTORY, SM, 09-Sep-2026, 24.10, 23.50, 24.05, 23.50, 23.70, 23.85, 23.82, 12000, 2.86, 10, 12000, 100.00
REGAAL, EQ, 09-Sep-2026, 87.30, 87.87, 87.87, 84.50, 86.26, 85.80, 85.98, 260510, 223.98, 2037, 142803, 54.82
REGENCERAM, EQ, 09-Sep-2026, 34.23, 33.56, 35.87, 32.51, 35.50, 35.49, 34.93, 2140, 0.75, 60, 1931, 90.23
RELAXO, EQ, 09-Sep-2026, 333.70, 332.25, 333.90, 325.10, 328.00, 326.10, 327.88, 121497, 398.36, 6169, 58056, 47.78
RELCHEMQ, EQ, 09-Sep-2026, 114.09, 116.00, 116.00, 113.30, 115.40, 115.38, 115.40, 994, 1.15, 41, 527, 53.02
RELIABLE, EQ, 09-Sep-2026, 140.67, 141.93, 142.50, 133.21, 137.00, 135.90, 138.26, 26731, 36.96, 1253, 9043, 33.83
RELIANCE, EQ, 09-Sep-2026, 1294.90, 1283.50, 1294.70, 1277.20, 1279.00, 1279.00, 1285.95, 12152819, 156279.65, 248577, 7684696, 63.23
RELIGARE, EQ, 09-Sep-2026, 254.61, 252.47, 257.44, 248.68, 256.43, 256.65, 254.34, 1660145, 4222.37, 21451, 905292, 54.53
RELINFRA, BE, 09-Sep-2026, 57.00, 57.00, 58.00, 55.86, 55.86, 55.86, 56.54, 231937, 131.13, 1612, -, -
RELTD, EQ, 09-Sep-2026, 155.39, 154.90, 156.69, 150.50, 152.00, 151.94, 152.79, 99769, 152.44, 2238, 58473, 58.61
REMSONSIND, EQ, 09-Sep-2026, 97.26, 97.82, 99.13, 96.32, 98.20, 98.10, 97.83, 54465, 53.28, 2018, 24561, 45.10
REMUS, SM, 09-Sep-2026, 912.75, 894.50, 932.00, 894.50, 930.00, 928.85, 919.36, 11700, 107.56, 78, 9000, 76.92
RENUKA, EQ, 09-Sep-2026, 25.19, 25.11, 25.20, 24.12, 24.34, 24.35, 24.45, 15123230, 3697.15, 28163, 5524715, 36.53
REPCOHOME, EQ, 09-Sep-2026, 361.35, 364.85, 364.85, 355.35, 356.00, 356.80, 358.82, 94098, 337.65, 2321, 63942, 67.95
REPL, BE, 09-Sep-2026, 61.00, 61.00, 62.50, 60.10, 60.10, 60.10, 61.00, 2275, 1.39, 29, -, -
REPRO, EQ, 09-Sep-2026, 319.40, 321.65, 321.80, 312.00, 315.10, 314.00, 316.07, 2610, 8.25, 202, 1905, 72.99
RESPONIND, EQ, 09-Sep-2026, 148.23, 147.15, 175.20, 144.88, 168.50, 169.59, 168.46, 12729406, 21443.33, 97103, 671693, 5.28
RETAIL, EQ, 09-Sep-2026, 17.23, 17.20, 17.35, 16.50, 16.85, 17.24, 17.00, 2101, 0.36, 75, 1812, 86.24
REXPRO, SM, 09-Sep-2026, 37.45, 38.40, 38.95, 37.40, 37.40, 37.40, 38.38, 5000, 1.92, 5, 4000, 80.00
RFBL, ST, 09-Sep-2026, 87.00, 88.00, 91.35, 88.00, 91.35, 91.35, 89.68, 6000, 5.38, 2, 6000, 100.00
RGL, EQ, 09-Sep-2026, 150.00, 149.01, 150.90, 145.25, 146.45, 147.19, 148.53, 394708, 586.24, 5142, 130024, 32.94
RHETAN, EQ, 09-Sep-2026, 28.00, 28.51, 28.90, 26.60, 26.60, 26.60, 28.21, 55311416, 15602.87, 17099, 28943575, 52.33
RHFL, BZ, 09-Sep-2026, 1.81, 1.84, 1.84, 1.77, 1.79, 1.80, 1.80, 467505, 8.40, 755, -, -
RHIM, EQ, 09-Sep-2026, 371.70, 373.00, 387.55, 370.05, 376.45, 376.90, 380.19, 559435, 2126.90, 17843, 182061, 32.54
RHL, EQ, 09-Sep-2026, 166.66, 165.50, 169.00, 165.50, 167.00, 167.00, 168.84, 532, 0.90, 16, 516, 96.99
RICHA, ST, 09-Sep-2026, 71.00, 71.00, 72.45, 71.00, 72.45, 72.45, 71.97, 3000, 2.16, 3, 3000, 100.00
RICOAUTO, EQ, 09-Sep-2026, 132.38, 132.38, 133.20, 129.36, 130.67, 130.42, 131.15, 679050, 890.59, 7703, 313833, 46.22
RIIL, EQ, 09-Sep-2026, 729.70, 730.80, 738.30, 723.30, 723.50, 724.95, 728.85, 44392, 323.55, 2101, 15228, 34.30
RIIT, IV, 09-Sep-2026, 120.79, 121.49, 121.50, 119.00, 121.50, 121.04, 120.89, 657484, 794.85, 1636, 645438, 98.17
RILINFRA, SM, 09-Sep-2026, 31.75, 32.95, 32.95, 31.55, 32.45, 32.25, 32.33, 14000, 4.53, 63, 11900, 85.00
RIR, EQ, 09-Sep-2026, 183.84, 185.00, 191.50, 181.82, 183.95, 184.90, 186.55, 932071, 1738.78, 14010, 275458, 29.55
RISHABH, EQ, 09-Sep-2026, 808.30, 802.00, 852.00, 802.00, 816.85, 815.90, 829.98, 379932, 3153.37, 17141, 140470, 36.97
RITCO, EQ, 09-Sep-2026, 318.45, 322.90, 327.70, 312.00, 314.90, 317.45, 319.69, 142503, 455.57, 4843, 65458, 45.93
RITES, EQ, 09-Sep-2026, 212.97, 212.12, 213.50, 210.63, 213.00, 211.13, 211.73, 329531, 697.73, 7495, 140331, 42.59
RITEZONE, SM, 09-Sep-2026, 22.50, 22.55, 22.55, 22.55, 22.55, 22.55, 22.55, 1600, 0.36, 1, 1600, 100.00
RKDL, EQ, 09-Sep-2026, 18.36, 18.36, 18.36, 18.20, 18.25, 18.21, 18.24, 5500, 1.00, 81, 5496, 99.93
RKEC, EQ, 09-Sep-2026, 20.45, 20.20, 20.80, 19.75, 20.00, 19.96, 20.23, 40247, 8.14, 391, 35215, 87.50
RKFORGE, EQ, 09-Sep-2026, 701.30, 701.20, 728.80, 696.40, 724.05, 720.70, 711.21, 806230, 5734.03, 30221, 399649, 49.57
RKSWAMY, EQ, 09-Sep-2026, 94.34, 96.00, 96.00, 93.00, 93.00, 93.04, 93.97, 34636, 32.55, 722, 13612, 39.30
RMC, EQ, 09-Sep-2026, 226.19, 226.19, 229.66, 220.20, 223.74, 222.51, 224.87, 49359, 110.99, 1444, 22253, 45.08
RMDRIP, BE, 09-Sep-2026, 22.91, 24.04, 24.04, 22.94, 24.02, 23.89, 23.82, 526283, 125.34, 1267, -, -
RML, EQ, 09-Sep-2026, 1390.00, 1395.00, 1408.80, 1356.20, 1375.00, 1364.30, 1376.20, 77426, 1065.53, 6482, 30261, 39.08
RNBDENIMS, BE, 09-Sep-2026, 10.09, 10.04, 10.04, 9.60, 9.60, 9.67, 9.80, 203219, 19.91, 580, -, -
RNFI, SM, 09-Sep-2026, 322.55, 329.95, 333.00, 318.00, 324.00, 324.05, 326.20, 80400, 262.27, 103, 52200, 64.93
RNPL, SM, 09-Sep-2026, 72.10, 70.20, 70.85, 68.50, 68.50, 68.50, 69.19, 25200, 17.44, 21, 20400, 80.95
ROCKINGDCE, SM, 09-Sep-2026, 218.40, 224.00, 224.00, 222.00, 223.90, 222.95, 223.57, 1250, 2.79, 5, 1000, 80.00
ROHLTD, EQ, 09-Sep-2026, 308.00, 313.80, 313.80, 302.40, 304.00, 304.75, 305.50, 16081, 49.13, 762, 10157, 63.16
ROLEXRINGS, EQ, 09-Sep-2026, 175.52, 175.30, 177.89, 172.82, 175.86, 175.47, 174.82, 946177, 1654.10, 10694, 484487, 51.20
ROLLT, BE, 09-Sep-2026, 4.80, 4.95, 4.95, 4.56, 4.75, 4.70, 4.68, 763266, 35.71, 673, -, -
ROML, EQ, 09-Sep-2026, 42.26, 42.36, 42.39, 42.00, 42.00, 42.18, 42.29, 394, 0.17, 12, 345, 87.56
ROSSARI, EQ, 09-Sep-2026, 454.60, 454.60, 459.45, 450.30, 452.00, 452.10, 453.37, 42336, 191.94, 2390, 23759, 56.12
ROSSELLIND, EQ, 09-Sep-2026, 56.51, 56.10, 57.65, 55.00, 56.95, 57.19, 56.55, 66742, 37.74, 1548, 28619, 42.88
ROSSTECH, EQ, 09-Sep-2026, 1218.00, 1220.00, 1241.70, 1185.50, 1185.50, 1193.70, 1215.93, 189157, 2300.01, 14967, 71791, 37.95
ROTO, EQ, 09-Sep-2026, 65.44, 65.44, 67.40, 64.37, 65.60, 65.67, 66.35, 863803, 573.15, 6560, 190511, 22.05
ROUTE, EQ, 09-Sep-2026, 502.55, 500.00, 506.30, 497.10, 502.00, 502.75, 501.68, 76517, 383.87, 3168, 35417, 46.29
ROXHITECH, SM, 09-Sep-2026, 47.55, 46.20, 47.45, 46.05, 46.50, 46.50, 46.54, 14400, 6.70, 9, 11200, 77.78
RPEL, EQ, 09-Sep-2026, 1692.60, 1694.90, 1714.00, 1662.00, 1675.00, 1670.80, 1684.14, 57819, 973.75, 7599, 27658, 47.84
RPGLIFE, EQ, 09-Sep-2026, 2802.60, 2848.00, 2961.90, 2796.10, 2796.10, 2812.00, 2876.28, 51216, 1473.12, 6807, 19097, 37.29
RPOWER, EQ, 09-Sep-2026, 21.71, 21.69, 22.90, 21.62, 22.01, 22.01, 22.36, 72139512, 16128.96, 84223, 9430169, 13.07
RPPINFRA, EQ, 09-Sep-2026, 53.68, 54.00, 63.62, 53.00, 61.50, 62.00, 60.41, 1013641, 612.34, 9316, 237364, 23.42
RPPL, BE, 09-Sep-2026, 22.52, 22.78, 22.78, 21.71, 21.95, 21.80, 22.06, 39516, 8.72, 121, -, -
RPSGVENT, EQ, 09-Sep-2026, 819.05, 810.00, 888.80, 803.15, 865.45, 863.70, 868.54, 136757, 1187.78, 6380, 46833, 34.25
RPTECH, EQ, 09-Sep-2026, 817.95, 818.00, 820.40, 784.75, 791.00, 794.60, 799.31, 390735, 3123.18, 16495, 174608, 44.69
RRECL, EQ, 09-Sep-2026, 130.01, 130.00, 133.00, 130.00, 132.00, 132.04, 131.97, 450, 0.59, 13, 450, 100.00
RRIL, EQ, 09-Sep-2026, 16.12, 16.12, 16.48, 16.01, 16.03, 16.10, 16.21, 8537, 1.38, 104, 6465, 75.73
RRKABEL, EQ, 09-Sep-2026, 2448.50, 2450.00, 2465.40, 2411.00, 2411.00, 2419.80, 2435.33, 386308, 9407.86, 38979, 226728, 58.69
RSDFIN, BE, 09-Sep-2026, 98.00, 95.00, 97.90, 93.10, 97.59, 97.59, 93.29, 1738, 1.62, 25, -, -
RSL, EQ, 09-Sep-2026, 190.21, 191.75, 192.77, 187.31, 190.95, 190.09, 189.97, 144256, 274.04, 2932, 58426, 40.50
RSSOFTWARE, EQ, 09-Sep-2026, 29.09, 29.65, 29.92, 29.24, 29.36, 29.48, 29.62, 18618, 5.52, 127, 15637, 83.99
RSWM, BE, 09-Sep-2026, 225.70, 223.30, 225.00, 215.50, 219.99, 218.20, 219.79, 58589, 128.78, 334, -, -
RSYSTEMS, EQ, 09-Sep-2026, 245.89, 245.02, 248.74, 238.63, 242.20, 243.27, 242.96, 260433, 632.75, 5420, 124950, 47.98
RTL, SM, 09-Sep-2026, 80.05, 80.00, 83.80, 77.00, 83.80, 83.80, 80.41, 46000, 36.99, 22, 8000, 17.39
RTNINDIA, EQ, 09-Sep-2026, 28.05, 28.09, 28.18, 27.43, 27.69, 27.61, 27.60, 1379212, 380.68, 4159, 797150, 57.80
RTNPOWER, EQ, 09-Sep-2026, 7.28, 7.27, 7.40, 7.23, 7.27, 7.25, 7.30, 18178604, 1326.94, 16002, 7510991, 41.32
RTSPOWR, EQ, 09-Sep-2026, 88.17, 88.00, 90.00, 88.00, 88.66, 88.66, 88.28, 941, 0.83, 14, 898, 95.43
RUBFILA, EQ, 09-Sep-2026, 70.18, 70.44, 70.94, 67.50, 68.00, 67.89, 69.15, 99559, 68.85, 1286, 63194, 63.47
RUBICON, EQ, 09-Sep-2026, 1860.60, 1868.10, 1868.20, 1792.50, 1811.70, 1810.50, 1826.52, 189015, 3452.40, 18425, 97020, 51.33
RUBYMILLS, EQ, 09-Sep-2026, 450.30, 454.80, 488.30, 444.55, 475.00, 474.85, 474.50, 50253, 238.45, 2906, 23670, 47.10
RUCHINFRA, EQ, 09-Sep-2026, 5.63, 5.74, 5.74, 5.53, 5.60, 5.60, 5.64, 39452, 2.22, 163, 26679, 67.62
RUCHIRA, EQ, 09-Sep-2026, 112.17, 112.15, 112.15, 109.11, 110.15, 109.80, 110.56, 53343, 58.98, 773, 31377, 58.82
RUDRA, EQ, 09-Sep-2026, 19.77, 19.78, 20.33, 19.75, 20.23, 19.98, 20.00, 25516, 5.10, 148, 18763, 73.53
RULKA, SM, 09-Sep-2026, 110.00, 109.00, 110.00, 107.00, 110.00, 110.00, 108.80, 1500, 1.63, 5, 1200, 80.00
RUPA, EQ, 09-Sep-2026, 142.18, 141.50, 143.29, 140.20, 141.50, 141.03, 141.29, 97808, 138.19, 3632, 48291, 49.37
RUSHIL, EQ, 09-Sep-2026, 16.07, 16.27, 16.34, 15.80, 16.10, 16.07, 16.04, 286105, 45.89, 799, 194630, 68.03
RUSTOMJEE, EQ, 09-Sep-2026, 357.55, 356.30, 358.95, 351.00, 351.00, 352.35, 354.06, 29197, 103.37, 1106, 15882, 54.40
RVHL, EQ, 09-Sep-2026, 39.99, 40.00, 42.00, 39.75, 40.77, 40.23, 40.70, 9927, 4.04, 90, 8300, 83.61
RVNL, EQ, 09-Sep-2026, 207.50, 206.82, 209.45, 206.11, 207.00, 207.00, 207.75, 3171906, 6589.51, 30931, 783438, 24.70
RVTH, EQ, 09-Sep-2026, 752.45, 752.45, 799.00, 752.45, 787.00, 787.30, 783.02, 4161, 32.58, 314, 3002, 72.15
S&SPOWER, EQ, 09-Sep-2026, 350.70, 351.10, 359.90, 333.40, 341.00, 342.05, 346.33, 7426, 25.72, 479, 5215, 70.23
SAAKSHI, ST, 09-Sep-2026, 333.80, 342.75, 342.75, 325.00, 333.00, 333.75, 334.22, 36600, 122.32, 29, 34800, 95.08
SAATVIKGL, EQ, 09-Sep-2026, 415.95, 415.95, 419.90, 410.05, 415.05, 416.00, 414.18, 25784, 106.79, 1200, 11216, 43.50
SAB, EQ, 09-Sep-2026, 192.50, 192.50, 192.50, 183.00, 183.00, 183.00, 183.19, 51, 0.09, 2, 51, 100.00
SACHEEROME, SM, 09-Sep-2026, 513.30, 513.00, 519.95, 500.00, 500.00, 500.05, 506.05, 21600, 109.31, 56, 13200, 61.11
SADBHAV, EQ, 09-Sep-2026, 7.99, 7.98, 8.38, 7.90, 8.35, 8.30, 8.27, 286011, 23.65, 462, 160602, 56.15
SADBHIN, BE, 09-Sep-2026, 2.60, 2.61, 2.62, 2.55, 2.55, 2.55, 2.57, 44394, 1.14, 110, -, -
SADHAV, SM, 09-Sep-2026, 112.45, 112.45, 112.45, 109.00, 112.00, 112.00, 110.41, 10800, 11.92, 16, 7200, 66.67
SADHNANIQ, BE, 09-Sep-2026, 2.82, 2.78, 2.81, 2.78, 2.81, 2.81, 2.79, 1051201, 29.35, 308, -, -
SAFARI, EQ, 09-Sep-2026, 1533.70, 1533.00, 1543.90, 1499.90, 1537.90, 1534.20, 1526.55, 36130, 551.54, 5769, 21938, 60.72
SAFEENTP, SM, 09-Sep-2026, 263.75, 264.00, 272.00, 259.05, 272.00, 271.25, 266.95, 22000, 58.73, 41, 16000, 72.73
SAGARDEEP, EQ, 09-Sep-2026, 23.98, 24.23, 24.23, 23.49, 23.70, 23.70, 23.73, 6387, 1.52, 95, 4950, 77.50
SAGCEM, EQ, 09-Sep-2026, 151.82, 152.81, 155.00, 149.82, 152.11, 150.94, 151.45, 52413, 79.38, 916, 24211, 46.19
SAGILITY, EQ, 09-Sep-2026, 45.70, 45.70, 45.70, 44.83, 45.20, 45.20, 45.14, 9776027, 4412.50, 21220, 4034098, 41.27
SAHAJSOLAR, SM, 09-Sep-2026, 94.30, 94.50, 98.00, 94.00, 94.05, 94.05, 95.99, 24000, 23.04, 54, 17200, 71.67
SAHANA, SM, 09-Sep-2026, 887.85, 888.00, 915.00, 887.75, 900.00, 898.65, 899.72, 16800, 151.15, 101, 13050, 77.68
SAHASRA, SM, 09-Sep-2026, 305.75, 307.00, 307.00, 300.20, 300.50, 301.65, 303.66, 18800, 57.09, 40, 12000, 63.83
SAHLIBHFI, EQ, 09-Sep-2026, 84.95, 85.90, 86.32, 80.26, 82.90, 82.88, 82.77, 34749, 28.76, 728, 19548, 56.25
SAHYADRI, EQ, 09-Sep-2026, 385.00, 385.55, 385.55, 375.00, 380.00, 377.05, 378.42, 11550, 43.71, 806, 6858, 59.38
SAICAPI, EQ, 09-Sep-2026, 151.11, 154.15, 154.15, 144.20, 144.20, 144.20, 149.83, 472, 0.71, 20, 395, 83.69
SAIFL, SM, 09-Sep-2026, 4.55, 4.65, 4.70, 4.55, 4.70, 4.65, 4.62, 240000, 11.09, 50, 136000, 56.67
SAIL, EQ, 09-Sep-2026, 186.10, 185.98, 189.40, 185.36, 186.40, 186.40, 187.48, 13768193, 25811.99, 69347, 5624331, 40.85
SAILIFE, EQ, 09-Sep-2026, 1647.10, 1647.30, 1697.00, 1642.00, 1679.90, 1675.40, 1676.41, 1332770, 22342.71, 63159, 686929, 51.54
SAIPARENT, EQ, 09-Sep-2026, 529.70, 524.90, 533.45, 521.35, 531.40, 526.15, 526.61, 68600, 361.26, 4840, 35470, 51.71
SAJHOTELS, ST, 09-Sep-2026, 38.00, 36.20, 36.20, 36.10, 36.10, 36.10, 36.13, 6000, 2.17, 3, 6000, 100.00
SAKAR, EQ, 09-Sep-2026, 1157.85, 1169.00, 1178.95, 1114.00, 1142.00, 1152.35, 1140.62, 141701, 1616.27, 12060, 59730, 42.15
SAKHTISUG, EQ, 09-Sep-2026, 19.93, 19.81, 19.92, 19.20, 19.69, 19.55, 19.50, 96334, 18.78, 602, 61512, 63.85
SAKSOFT, EQ, 09-Sep-2026, 149.98, 149.98, 152.50, 147.30, 150.81, 151.41, 150.45, 243104, 365.75, 4210, 99826, 41.06
SAKUMA, EQ, 09-Sep-2026, 1.63, 1.63, 1.64, 1.59, 1.61, 1.60, 1.61, 538066, 8.67, 824, 423020, 78.62
SALASAR, EQ, 09-Sep-2026, 5.14, 5.14, 5.15, 5.05, 5.10, 5.08, 5.11, 3215266, 164.31, 2794, 1820625, 56.62
SALONA, EQ, 09-Sep-2026, 259.30, 261.95, 269.00, 255.10, 265.85, 264.25, 262.37, 246, 0.65, 16, 238, 96.75
SALSTEEL, EQ, 09-Sep-2026, 79.63, 79.01, 80.85, 77.00, 77.61, 79.19, 78.96, 697277, 550.56, 4912, 168184, 24.12
SALZERELEC, EQ, 09-Sep-2026, 550.55, 550.55, 558.85, 548.25, 551.20, 552.15, 552.88, 21705, 120.00, 1368, 11507, 53.02
SAMAY, ST, 09-Sep-2026, 46.00, 44.50, 45.95, 44.50, 45.95, 45.95, 45.23, 8000, 3.62, 2, 4000, 50.00
SAMBANDAM, EQ, 09-Sep-2026, 118.00, 122.00, 122.00, 113.01, 113.01, 113.01, 117.46, 633, 0.74, 22, 622, 98.26
SAMBHAAV, EQ, 09-Sep-2026, 5.96, 5.71, 6.03, 5.71, 5.77, 5.78, 5.85, 21822, 1.28, 108, 13371, 61.27
SAMBHV, EQ, 09-Sep-2026, 128.67, 128.05, 132.60, 127.57, 130.70, 130.44, 131.04, 2972046, 3894.57, 21167, 1039108, 34.96
SAMHI, EQ, 09-Sep-2026, 155.61, 155.90, 156.20, 151.82, 152.19, 152.43, 153.60, 989725, 1520.26, 19435, 634640, 64.12
SAMMAANCAP, EQ, 09-Sep-2026, 153.00, 153.00, 153.24, 149.81, 150.26, 150.13, 150.95, 4799914, 7245.24, 20761, 2926424, 60.97
SAMPANN, EQ, 09-Sep-2026, 24.35, 24.47, 24.59, 23.75, 24.01, 23.99, 24.17, 13466, 3.25, 156, 11462, 85.12
SANATHAN, EQ, 09-Sep-2026, 470.50, 475.00, 488.05, 472.00, 478.55, 480.35, 481.07, 243757, 1172.65, 11813, 127335, 52.24
SANDESH, EQ, 09-Sep-2026, 1051.10, 1051.10, 1069.90, 1020.00, 1024.00, 1028.70, 1042.06, 2318, 24.15, 217, 1720, 74.20
SANDHAR, EQ, 09-Sep-2026, 626.35, 628.50, 634.85, 621.00, 627.60, 625.00, 625.63, 92102, 576.22, 4695, 36238, 39.35
SANDUMA, EQ, 09-Sep-2026, 196.57, 195.80, 202.95, 195.75, 200.10, 201.01, 200.09, 974554, 1950.01, 18332, 351023, 36.02
SANGAMIND, EQ, 09-Sep-2026, 580.00, 579.05, 595.00, 572.05, 583.10, 581.80, 581.47, 16843, 97.94, 1290, 8229, 48.86
SANGANI, SM, 09-Sep-2026, 54.10, 54.00, 54.50, 51.65, 54.50, 54.50, 53.64, 6000, 3.22, 4, 4500, 75.00
SANGHVIMOV, EQ, 09-Sep-2026, 441.20, 440.00, 450.35, 437.70, 445.50, 443.05, 444.49, 171856, 763.88, 6635, 81849, 47.63
SANGINITA, BE, 09-Sep-2026, 61.90, 63.13, 63.13, 63.13, 63.13, 63.13, 63.13, 59507, 37.57, 189, -, -
SANOFI, EQ, 09-Sep-2026, 3114.90, 3114.50, 3124.90, 3100.00, 3101.10, 3104.20, 3109.23, 13834, 430.13, 3488, 7450, 53.85
SANOFICONR, EQ, 09-Sep-2026, 4075.60, 4099.80, 4099.80, 4033.00, 4045.00, 4049.50, 4049.70, 11920, 482.72, 1040, 10772, 90.37
SANSERA, EQ, 09-Sep-2026, 4033.60, 4013.80, 4170.00, 3955.00, 4110.00, 4135.90, 4077.55, 470508, 19185.22, 39448, 236615, 50.29
SANSTAR, EQ, 09-Sep-2026, 109.62, 109.00, 111.47, 108.50, 108.80, 108.99, 109.95, 126988, 139.62, 3328, 50063, 39.42
SANWARIA, BZ, 09-Sep-2026, 0.19, 0.20, 0.20, 0.19, 0.20, 0.19, 0.20, 450381, 0.88, 131, -, -
SAPPHIRE, EQ, 09-Sep-2026, 226.61, 225.35, 233.30, 224.72, 227.00, 227.61, 228.35, 1393585, 3182.30, 30106, 968556, 69.50
SAPPL, EQ, 09-Sep-2026, 282.70, 283.00, 291.50, 275.05, 291.50, 287.50, 284.71, 1192, 3.39, 75, 930, 78.02
SARDAEN, EQ, 09-Sep-2026, 519.85, 520.00, 554.70, 519.05, 547.50, 545.85, 544.93, 5268817, 28711.51, 105909, 1006704, 19.11
SAREGAMA, EQ, 09-Sep-2026, 497.10, 497.00, 516.50, 493.90, 503.00, 500.55, 506.56, 742876, 3763.12, 24188, 316965, 42.67
SARLAPOLY, EQ, 09-Sep-2026, 101.47, 102.48, 103.50, 100.50, 102.50, 101.46, 102.13, 45112, 46.07, 715, 30334, 67.24
SAROJA, SM, 09-Sep-2026, 40.00, 41.95, 41.95, 41.85, 41.85, 41.85, 41.90, 3200, 1.34, 2, 3200, 100.00
SARTELE, SM, 09-Sep-2026, 87.20, 86.50, 88.00, 85.05, 85.10, 85.50, 86.34, 66500, 57.41, 102, 39000, 58.65
SARVESHWAR, EQ, 09-Sep-2026, 4.03, 4.16, 4.17, 3.74, 3.78, 3.78, 3.95, 7131865, 281.72, 5655, 4083682, 57.26
SASKEN, EQ, 09-Sep-2026, 1894.30, 1897.00, 1897.50, 1840.00, 1860.00, 1857.10, 1856.83, 16837, 312.63, 2043, 10675, 63.40
SATECH, SM, 09-Sep-2026, 38.90, 39.90, 39.90, 38.05, 38.30, 38.35, 39.10, 12000, 4.69, 11, 10000, 83.33
SATIA, EQ, 09-Sep-2026, 67.83, 66.50, 68.19, 66.21, 66.71, 66.51, 67.15, 119974, 80.56, 1343, 73918, 61.61
SATIN, EQ, 09-Sep-2026, 217.49, 216.00, 219.00, 213.02, 214.98, 214.88, 215.67, 148870, 321.07, 3351, 92535, 62.16
SATKARTAR, SM, 09-Sep-2026, 117.00, 118.00, 119.90, 113.00, 117.50, 116.40, 116.35, 38400, 44.68, 46, 28800, 75.00
SATTVAENGG, SM, 09-Sep-2026, 61.05, 61.05, 63.00, 60.05, 60.05, 60.05, 61.42, 17600, 10.81, 9, 16000, 90.91
SAURASHCEM, EQ, 09-Sep-2026, 56.11, 56.35, 56.66, 55.50, 56.00, 55.78, 55.98, 23875, 13.37, 966, 14907, 62.44
SAVY, SM, 09-Sep-2026, 144.95, 145.00, 145.00, 141.10, 141.10, 141.10, 142.94, 4800, 6.86, 4, 3600, 75.00
SAWALIYA, SM, 09-Sep-2026, 170.00, 170.00, 170.00, 158.15, 168.50, 168.10, 166.43, 21000, 34.95, 15, 16800, 80.00
SAYAJIHOTL, EQ, 09-Sep-2026, 320.00, 299.00, 316.00, 295.00, 301.20, 302.35, 303.73, 108, 0.33, 43, 57, 52.78
SAYAJIIND, EQ, 09-Sep-2026, 116.01, 116.00, 116.00, 116.00, 116.00, 116.00, 116.00, 66, 0.08, 1, 66, 100.00
SBC, EQ, 09-Sep-2026, 46.77, 47.04, 49.00, 47.04, 48.70, 48.68, 48.36, 12797508, 6189.40, 12540, 5415068, 42.31
SBCL, EQ, 09-Sep-2026, 1105.20, 1112.00, 1163.50, 1108.60, 1139.10, 1136.50, 1134.22, 383467, 4349.34, 21934, 144178, 37.60
SBFC, EQ, 09-Sep-2026, 97.35, 97.35, 99.99, 96.15, 99.35, 99.59, 98.53, 1121688, 1105.19, 10249, 478002, 42.61
SBGLP, EQ, 09-Sep-2026, 23.81, 24.52, 24.70, 23.67, 24.01, 23.99, 24.07, 30066, 7.24, 193, 25387, 84.44
SBIBPB, EQ, 09-Sep-2026, 48.87, 49.31, 49.31, 48.59, 48.64, 48.72, 48.76, 4978966, 2427.76, 481, 4729447, 94.99
SBICARD, EQ, 09-Sep-2026, 668.00, 665.35, 674.45, 657.25, 668.40, 668.40, 667.22, 2199393, 14674.79, 46785, 1308999, 59.52
SBIETFCON, EQ, 09-Sep-2026, 119.88, 120.97, 120.97, 118.77, 119.77, 119.01, 119.30, 2629, 3.14, 103, 2341, 89.05
SBIETFIT, EQ, 09-Sep-2026, 331.60, 329.96, 329.97, 319.95, 321.99, 320.89, 321.64, 20685, 66.53, 548, 16895, 81.68
SBIETFPB, EQ, 09-Sep-2026, 281.99, 285.89, 285.89, 278.77, 279.35, 280.11, 279.32, 2460, 6.87, 123, 2147, 87.28
SBIETFQLTY, EQ, 09-Sep-2026, 219.53, 219.53, 219.53, 217.75, 218.00, 218.00, 218.30, 1205, 2.63, 69, 1012, 83.98
SBIFUNDS, EQ, 09-Sep-2026, 555.70, 553.70, 557.00, 550.00, 550.85, 552.65, 553.23, 653948, 3617.83, 18674, 389176, 59.51
SBILIFE, EQ, 09-Sep-2026, 1696.60, 1703.60, 1703.60, 1676.00, 1684.00, 1684.00, 1685.59, 1020022, 17193.43, 48215, 657478, 64.46
SBILIQETF, EQ, 09-Sep-2026, 1055.03, 1055.15, 1055.17, 1055.15, 1055.16, 1055.16, 1055.16, 5892, 62.17, 54, 4660, 79.09
SBIMIDMOM, EQ, 09-Sep-2026, 64.09, 64.09, 64.50, 63.74, 64.19, 63.99, 63.97, 55241, 35.34, 127, 50217, 90.91
SBIN, EQ, 09-Sep-2026, 1008.00, 999.00, 1012.20, 992.40, 1000.50, 1000.50, 1004.94, 7091386, 71263.96, 168692, 3766503, 53.11
SBINEQWETF, EQ, 09-Sep-2026, 32.88, 32.88, 32.88, 32.47, 32.82, 32.80, 32.75, 31916, 10.45, 198, 21187, 66.38
SBINMID150, EQ, 09-Sep-2026, 23.17, 23.28, 23.28, 22.80, 23.15, 23.09, 23.06, 16113, 3.72, 124, 10890, 67.59
SBISILVER, EQ, 09-Sep-2026, 226.79, 227.50, 229.17, 226.91, 227.37, 227.94, 227.71, 1523756, 3469.74, 5790, 991620, 65.08
SBISMLETF, EQ, 09-Sep-2026, 18.57, 18.41, 18.78, 18.26, 18.50, 18.48, 18.51, 32248, 5.97, 237, 20950, 64.97
SBIVALETF, EQ, 09-Sep-2026, 14.57, 14.57, 14.68, 14.57, 14.62, 14.62, 14.62, 10839, 1.58, 35, 5708, 52.66
SCANSTL, BE, 09-Sep-2026, 58.41, 58.39, 58.97, 56.00, 56.50, 56.32, 56.67, 46663, 26.44, 134, -, -
SCHAEFFLER, EQ, 09-Sep-2026, 3954.60, 3954.00, 3979.70, 3912.00, 3939.00, 3933.80, 3928.87, 76961, 3023.70, 16102, 61721, 80.20
SCHAND, EQ, 09-Sep-2026, 136.64, 137.99, 137.99, 132.30, 135.00, 135.01, 134.52, 21258, 28.60, 945, 12155, 57.18
SCHNEIDER, EQ, 09-Sep-2026, 1229.70, 1229.70, 1235.00, 1186.00, 1190.00, 1193.80, 1201.58, 184315, 2214.69, 13305, 99178, 53.81
SCI, EQ, 09-Sep-2026, 288.75, 288.70, 291.20, 287.00, 287.25, 287.35, 288.75, 1073224, 3098.92, 18930, 415310, 38.70
SCILAL, EQ, 09-Sep-2026, 38.77, 38.78, 39.00, 38.27, 38.50, 38.43, 38.52, 141169, 54.38, 1663, 88572, 62.74
SCML, SM, 09-Sep-2026, 79.90, 78.05, 78.15, 74.25, 75.70, 76.70, 76.49, 32000, 24.48, 20, 19000, 59.38
SCODATUBES, EQ, 09-Sep-2026, 129.85, 130.00, 132.90, 129.01, 131.00, 130.99, 130.65, 228232, 298.18, 2447, 148444, 65.04
SCPL, BE, 09-Sep-2026, 662.20, 662.20, 680.00, 643.00, 647.00, 648.10, 660.08, 15443, 101.94, 290, -, -
SDBL, EQ, 09-Sep-2026, 72.39, 72.39, 73.50, 71.25, 72.08, 71.68, 71.81, 408987, 293.68, 3392, 219200, 53.60
SEAMECLTD, EQ, 09-Sep-2026, 1782.60, 1788.70, 1812.20, 1769.10, 1770.00, 1772.60, 1790.25, 97645, 1748.09, 5843, 57693, 59.08
SECMARK, EQ, 09-Sep-2026, 139.33, 148.40, 149.45, 138.40, 140.00, 141.47, 144.63, 4964, 7.18, 241, 3759, 75.73
SECURKLOUD, EQ, 09-Sep-2026, 16.99, 17.40, 17.40, 16.50, 17.17, 16.96, 17.02, 12897, 2.19, 111, 11495, 89.13
SEDEMAC, EQ, 09-Sep-2026, 2867.50, 2852.60, 2869.80, 2813.50, 2850.00, 2850.40, 2844.56, 80637, 2293.77, 10730, 36045, 44.70
SEIL, EQ, 09-Sep-2026, 198.59, 200.01, 200.01, 193.06, 195.64, 195.28, 195.56, 205180, 401.25, 1900, 128199, 62.48
SEJALLTD, EQ, 09-Sep-2026, 651.35, 656.40, 657.00, 645.20, 645.20, 645.60, 649.11, 2864, 18.59, 361, 1981, 69.17
SEKURITIND, EQ, 09-Sep-2026, 113.19, 113.80, 114.19, 110.25, 112.26, 111.70, 112.33, 29556, 33.20, 441, 20935, 70.83
SEL, SM, 09-Sep-2026, 325.65, 325.65, 337.00, 325.65, 337.00, 328.50, 327.77, 1800, 5.90, 8, 1800, 100.00
SELECTIPO, EQ, 09-Sep-2026, 48.88, 48.88, 48.88, 48.52, 48.66, 48.59, 48.68, 55023, 26.78, 146, 33792, 61.41
SELLOWRAP, SM, 09-Sep-2026, 67.50, 70.60, 70.60, 67.60, 67.60, 67.60, 69.10, 3200, 2.21, 2, 1600, 50.00
SELMC, EQ, 09-Sep-2026, 28.81, 28.81, 31.89, 27.91, 29.34, 29.25, 29.73, 335077, 99.62, 1293, 159517, 47.61
SEMAC, EQ, 09-Sep-2026, 285.95, 273.45, 285.00, 273.40, 279.85, 279.85, 277.43, 512, 1.42, 60, 293, 57.23
SENCO, EQ, 09-Sep-2026, 361.85, 360.00, 363.70, 354.45, 355.00, 355.80, 358.55, 534010, 1914.68, 13838, 197035, 36.90
SENORES, EQ, 09-Sep-2026, 1509.80, 1519.90, 1525.00, 1460.20, 1490.00, 1488.60, 1484.33, 233104, 3460.03, 18242, 105376, 45.21
SENSEXADD, EQ, 09-Sep-2026, 78.31, 77.64, 77.70, 77.22, 77.69, 77.68, 77.57, 9684, 7.51, 56, 7695, 79.46
SENSEXAXIS, EQ, 09-Sep-2026, 78.74, 79.28, 79.28, 77.40, 78.01, 77.73, 78.15, 3092, 2.42, 80, 2772, 89.65
SENSEXBETA, EQ, 09-Sep-2026, 841.30, 839.29, 840.00, 831.90, 837.00, 834.77, 834.27, 3870, 32.29, 181, 3672, 94.88
SENSEXETF, EQ, 09-Sep-2026, 78.19, 78.17, 78.17, 77.31, 77.31, 77.42, 77.54, 49785, 38.60, 476, 33656, 67.60
SENSEXIETF, EQ, 09-Sep-2026, 872.03, 870.00, 870.01, 862.51, 866.13, 863.68, 864.87, 12977, 112.23, 647, 9964, 76.78
SEPC, EQ, 09-Sep-2026, 5.34, 5.34, 5.44, 5.31, 5.35, 5.36, 5.38, 6609217, 355.80, 3514, 2381942, 36.04
SERVICE, SM, 09-Sep-2026, 70.80, 71.00, 71.00, 70.70, 70.70, 70.70, 70.93, 10000, 7.09, 5, 8000, 80.00
SERVOTECH, EQ, 09-Sep-2026, 79.06, 79.90, 79.90, 77.12, 78.50, 77.84, 78.27, 367678, 287.80, 4674, 179809, 48.90
SESHAPAPER, EQ, 09-Sep-2026, 243.98, 244.29, 245.40, 241.50, 243.00, 243.68, 243.18, 74510, 181.20, 963, 53740, 72.12
SETCO, BE, 09-Sep-2026, 17.08, 16.74, 17.42, 16.41, 17.20, 17.18, 16.85, 60538, 10.20, 166, -, -
SETF10GILT, EQ, 09-Sep-2026, 265.02, 264.01, 265.29, 263.52, 265.25, 264.18, 265.01, 6790, 17.99, 44, 6011, 88.53
SETFGOLD, EQ, 09-Sep-2026, 129.84, 129.65, 130.26, 129.08, 129.78, 129.83, 129.83, 4242284, 5507.92, 11139, 2534680, 59.75
SETFNIF50, EQ, 09-Sep-2026, 255.36, 252.65, 257.91, 252.65, 253.63, 253.43, 253.89, 1608380, 4083.46, 6527, 1421991, 88.41
SETFNIFBK, EQ, 09-Sep-2026, 584.23, 582.83, 583.90, 580.05, 580.99, 581.06, 582.17, 26284, 153.02, 550, 15008, 57.10
SETFNN50, EQ, 09-Sep-2026, 781.42, 776.51, 784.73, 776.50, 783.00, 782.29, 781.86, 41835, 327.09, 1514, 19457, 46.51
SETL, EQ, 09-Sep-2026, 404.50, 402.00, 424.70, 401.40, 424.70, 424.70, 420.35, 1743094, 7327.16, 13607, 905649, 51.96
SETUINFRA, BZ, 09-Sep-2026, 0.61, 0.64, 0.64, 0.64, 0.64, 0.64, 0.64, 61858, 0.40, 66, -, -
SEYAIND, BE, 09-Sep-2026, 12.23, 12.47, 12.47, 12.02, 12.47, 12.47, 12.45, 3290, 0.41, 24, -, -
SFL, EQ, 09-Sep-2026, 675.95, 681.60, 698.60, 676.00, 683.00, 687.00, 689.06, 377404, 2600.54, 21962, 129639, 34.35
SFML, SM, 09-Sep-2026, 21.50, 21.55, 21.85, 21.55, 21.85, 21.85, 21.73, 4800, 1.04, 3, 3200, 66.67
SGBAPR28I, GB, 09-Sep-2026, 15121.40, 15035.00, 15245.00, 15035.00, 15245.00, 15244.09, 15221.57, 216, 32.88, 24, 167, 77.31
SGBAUG27, GB, 09-Sep-2026, 15070.25, 15100.00, 15196.00, 15075.00, 15150.00, 15146.85, 15165.61, 62, 9.40, 16, 53, 85.48
SGBAUG28V, GB, 09-Sep-2026, 15067.57, 15071.00, 15179.00, 15049.00, 15159.00, 15147.43, 15107.82, 838, 126.60, 128, 561, 66.95
SGBAUG29V, GB, 09-Sep-2026, 15196.00, 15106.00, 15390.00, 15106.00, 15135.00, 15156.83, 15161.40, 75, 11.37, 42, 39, 52.00
SGBAUG30, GB, 09-Sep-2026, 15265.93, 15265.93, 15265.93, 15155.01, 15200.00, 15235.78, 15199.62, 104, 15.81, 33, 76, 73.08
SGBD29VIII, GB, 09-Sep-2026, 15202.50, 15111.00, 15369.99, 15100.00, 15175.01, 15211.11, 15173.40, 86, 13.05, 34, 78, 90.70
SGBDC27VII, GB, 09-Sep-2026, 15100.11, 15100.00, 15160.00, 15100.00, 15140.00, 15140.00, 15124.80, 25, 3.78, 10, 16, 64.00
SGBDE30III, GB, 09-Sep-2026, 15280.71, 15279.98, 15350.00, 15125.77, 15350.00, 15349.99, 15293.68, 285, 43.59, 38, 158, 55.44
SGBDE31III, GB, 09-Sep-2026, 15579.93, 15500.01, 15750.00, 15475.00, 15749.99, 15727.10, 15615.13, 959, 149.75, 261, 472, 49.22
SGBFEB27, GB, 09-Sep-2026, 15199.99, 15100.00, 15149.00, 15100.00, 15149.00, 15149.00, 15117.82, 22, 3.33, 9, 20, 90.91
SGBFEB28IX, GB, 09-Sep-2026, 15100.00, 15175.50, 15200.00, 14956.00, 15164.99, 15164.99, 15087.64, 150, 22.63, 24, 87, 58.00
SGBFEB29XI, GB, 09-Sep-2026, 15100.00, 15100.00, 15300.00, 15011.01, 15300.00, 15293.26, 15210.20, 56, 8.52, 14, 53, 94.64
SGBFEB32IV, GB, 09-Sep-2026, 15790.11, 15800.00, 16035.97, 15735.00, 15880.00, 15885.72, 15898.17, 1659, 263.75, 358, 1119, 67.45
SGBJ28VIII, GB, 09-Sep-2026, 15299.99, 15197.99, 15197.99, 15030.00, 15030.00, 15030.00, 15141.99, 3, 0.45, 2, 3, 100.00
SGBJAN27, GB, 09-Sep-2026, 15248.00, 15150.00, 15168.00, 15150.00, 15168.00, 15160.04, 15160.05, 44, 6.67, 4, 44, 100.00
SGBJAN29IX, GB, 09-Sep-2026, 15076.94, 15035.01, 15174.99, 15035.01, 15110.00, 15110.00, 15101.55, 286, 43.19, 48, 268, 93.71
SGBJAN29X, GB, 09-Sep-2026, 15103.65, 15070.00, 15200.00, 15070.00, 15200.00, 15200.00, 15171.23, 146, 22.15, 29, 136, 93.15
SGBJAN30IX, GB, 09-Sep-2026, 15150.00, 15101.00, 15300.01, 15002.01, 15203.02, 15203.62, 15180.13, 219, 33.24, 44, 147, 67.12
SGBJU29III, GB, 09-Sep-2026, 15067.37, 14962.00, 15200.01, 14961.80, 15180.00, 15168.97, 15129.31, 75, 11.35, 29, 61, 81.33
SGBJUL27, GB, 09-Sep-2026, 15001.00, 15424.93, 15424.93, 15005.00, 15199.99, 15199.99, 15167.14, 37, 5.61, 9, 23, 62.16
SGBJUL28IV, GB, 09-Sep-2026, 15040.99, 14911.50, 15181.01, 14911.01, 15129.00, 15121.75, 15110.58, 387, 58.48, 73, 303, 78.29
SGBJUL29IV, GB, 09-Sep-2026, 15111.00, 15001.00, 15190.00, 15001.00, 15120.00, 15153.32, 15115.70, 98, 14.81, 23, 64, 65.31
SGBJUN27, GB, 09-Sep-2026, 15056.83, 15100.00, 15160.00, 15050.00, 15160.00, 15153.84, 15139.05, 191, 28.92, 22, 191, 100.00
SGBJUN28, GB, 09-Sep-2026, 15070.00, 14955.11, 15222.00, 14955.11, 15150.00, 15143.33, 15147.65, 120, 18.18, 17, 113, 94.17
SGBJUN29II, GB, 09-Sep-2026, 15068.84, 15000.00, 15190.00, 15000.00, 15187.00, 15179.50, 15114.85, 95, 14.36, 24, 68, 71.58
SGBJUN30, GB, 09-Sep-2026, 15221.00, 15285.00, 15289.00, 15150.00, 15288.00, 15288.00, 15267.29, 51, 7.79, 12, 47, 92.16
SGBJUN31I, GB, 09-Sep-2026, 15349.80, 15399.95, 15494.99, 14999.99, 15350.00, 15317.72, 15288.77, 900, 137.60, 194, 514, 57.11
SGBMAR28X, GB, 09-Sep-2026, 15257.00, 15333.28, 15333.28, 14914.00, 15200.00, 15200.00, 15199.56, 36, 5.47, 12, 19, 52.78
SGBMAR30X, GB, 09-Sep-2026, 15195.00, 15150.00, 15375.00, 15150.00, 15373.99, 15373.23, 15272.29, 42, 6.41, 12, 42, 100.00
SGBMAR31IV, GB, 09-Sep-2026, 15367.50, 15367.50, 15520.00, 15300.01, 15440.00, 15440.00, 15423.31, 136, 20.98, 37, 99, 72.79
SGBMAY28, GB, 09-Sep-2026, 15106.70, 15011.50, 15250.92, 15011.50, 15250.92, 15230.44, 15201.67, 197, 29.95, 19, 184, 93.40
SGBMAY29I, GB, 09-Sep-2026, 15139.28, 15180.00, 15250.00, 15011.00, 15200.00, 15199.98, 15162.99, 467, 70.81, 103, 332, 71.09
SGBMR29XII, GB, 09-Sep-2026, 15065.91, 15100.00, 15170.00, 14985.01, 15160.00, 15158.33, 15105.16, 177, 26.74, 34, 149, 84.18
SGBN28VIII, GB, 09-Sep-2026, 15124.99, 15021.00, 15244.00, 15021.00, 15200.00, 15200.00, 15189.00, 77, 11.70, 19, 55, 71.43
SGBNOV26, GB, 09-Sep-2026, 15069.00, 15069.00, 15190.00, 15069.00, 15190.00, 15190.00, 15143.46, 26, 3.94, 2, 26, 100.00
SGBNV29VII, GB, 09-Sep-2026, 15118.29, 15118.29, 15251.00, 15061.00, 15200.00, 15200.00, 15164.15, 83, 12.59, 27, 55, 66.27
SGBOC28VII, GB, 09-Sep-2026, 15120.00, 15120.00, 15250.00, 15120.00, 15250.00, 15242.61, 15208.56, 39, 5.93, 10, 39, 100.00
SGBOCT27, GB, 09-Sep-2026, 15300.00, 15100.01, 15100.01, 15100.01, 15100.01, 15100.01, 15100.01, 6, 0.91, 1, 6, 100.00
SGBOCT27VI, GB, 09-Sep-2026, 15178.51, 15100.00, 15150.00, 15100.00, 15150.00, 15150.00, 15104.77, 21, 3.17, 4, 21, 100.00
SGBSEP27, GB, 09-Sep-2026, 15076.00, 15000.01, 15099.00, 15000.00, 15099.00, 15099.00, 15036.00, 22, 3.31, 3, 14, 63.64
SGBSEP28VI, GB, 09-Sep-2026, 15058.65, 15050.00, 15149.99, 15005.00, 15148.00, 15136.91, 15109.39, 258, 38.98, 65, 207, 80.23
SGBSEP29VI, GB, 09-Sep-2026, 15052.16, 15052.16, 15200.00, 14971.01, 15100.00, 15100.15, 15121.28, 463, 70.01, 88, 294, 63.50
SGBSEP31II, GB, 09-Sep-2026, 15471.09, 15084.31, 15537.98, 15084.31, 15465.00, 15471.36, 15443.00, 718, 110.88, 135, 521, 72.56
SGFIN, EQ, 09-Sep-2026, 676.15, 675.20, 687.00, 668.25, 679.90, 678.80, 678.23, 153142, 1038.65, 5815, 79269, 51.76
SGIL, EQ, 09-Sep-2026, 588.50, 597.90, 609.00, 578.70, 602.90, 600.55, 595.70, 10782, 64.23, 467, 6354, 58.93
SGL, EQ, 09-Sep-2026, 9.87, 10.06, 10.33, 9.81, 10.07, 10.07, 10.05, 33380, 3.35, 68, 9657, 28.93
SGLRES, EQ, 09-Sep-2026, 2.52, 2.53, 2.58, 2.40, 2.55, 2.47, 2.44, 49785, 1.22, 82, 40080, 80.51
SGMART, EQ, 09-Sep-2026, 809.50, 809.50, 816.00, 766.90, 775.50, 772.90, 785.38, 336290, 2641.16, 16035, 203932, 60.64
SGRL, EQ, 09-Sep-2026, 696.00, 702.95, 708.00, 653.50, 660.00, 665.90, 677.16, 15678, 106.16, 967, 11471, 73.17
SHADOWFAX, EQ, 09-Sep-2026, 249.75, 249.00, 253.50, 246.25, 249.70, 251.20, 249.81, 2461406, 6148.81, 25245, 1150065, 46.72
SHAH, EQ, 09-Sep-2026, 3.36, 3.42, 3.61, 3.25, 3.51, 3.51, 3.47, 4466881, 154.78, 1341, 2009267, 44.98
SHAHALLOYS, BE, 09-Sep-2026, 100.09, 95.11, 102.95, 95.09, 100.85, 100.53, 98.94, 239381, 236.83, 263, -, -
SHAILY, EQ, 09-Sep-2026, 3407.80, 3410.00, 3487.70, 3391.60, 3425.20, 3455.00, 3453.43, 243432, 8406.76, 33407, 143102, 58.79
SHAKTIPUMP, EQ, 09-Sep-2026, 473.00, 472.00, 477.40, 466.05, 468.00, 467.80, 470.38, 389496, 1832.13, 13862, 144654, 37.14
SHALBY, EQ, 09-Sep-2026, 149.82, 149.82, 152.00, 147.60, 148.50, 148.48, 149.03, 87527, 130.44, 1378, 56512, 64.57
SHALPAINTS, BE, 09-Sep-2026, 84.12, 84.99, 85.50, 82.00, 83.25, 83.86, 83.97, 110746, 92.99, 309, -, -
SHANKARA, EQ, 09-Sep-2026, 148.34, 148.99, 148.99, 147.50, 148.40, 148.29, 148.16, 61629, 91.31, 558, 46105, 74.81
SHANKESH, EQ, 09-Sep-2026, 94.89, 95.58, 99.00, 95.13, 98.38, 97.93, 97.35, 3732363, 3633.34, 23819, 835526, 22.39
SHANTHALA, SM, 09-Sep-2026, 16.60, 16.00, 16.65, 16.00, 16.65, 16.65, 16.33, 2400, 0.39, 2, 1200, 50.00
SHANTI, EQ, 09-Sep-2026, 6.46, 6.64, 6.64, 6.15, 6.26, 6.26, 6.24, 12792, 0.80, 79, 10922, 85.38
SHANTIGEAR, EQ, 09-Sep-2026, 704.00, 711.50, 739.05, 687.50, 694.00, 707.75, 717.83, 936332, 6721.32, 25042, 244072, 26.07
SHANTIGOLD, EQ, 09-Sep-2026, 264.26, 264.28, 268.80, 260.00, 260.00, 261.29, 264.72, 1281587, 3392.57, 17244, 498557, 38.90
SHANTIINOR, ST, 09-Sep-2026, 159.85, 161.00, 167.80, 152.05, 167.80, 167.80, 161.16, 379200, 611.12, 201, 340800, 89.87
SHARDACROP, EQ, 09-Sep-2026, 795.90, 797.00, 797.40, 782.00, 783.00, 783.50, 788.61, 90922, 717.02, 6962, 48554, 53.40
SHARDAMOTR, EQ, 09-Sep-2026, 890.75, 890.75, 921.75, 885.05, 905.00, 909.30, 907.75, 72950, 662.20, 6672, 41015, 56.22
SHARDUL, BE, 09-Sep-2026, 54.03, 54.03, 55.00, 53.70, 54.06, 54.06, 53.89, 17322, 9.33, 51, -, -
SHAREINDIA, EQ, 09-Sep-2026, 170.91, 170.20, 196.60, 168.71, 188.50, 189.46, 190.69, 28867559, 55047.24, 210510, 1557271, 5.39
SHARIABEES, EQ, 09-Sep-2026, 446.23, 445.00, 446.04, 438.50, 441.26, 439.96, 440.81, 13292, 58.59, 837, 9618, 72.36
SHBAJRG, EQ, 09-Sep-2026, 155.89, 155.90, 159.98, 154.00, 158.99, 158.99, 156.56, 4905, 7.68, 88, 4046, 82.49
SHEEL, ST, 09-Sep-2026, 60.00, 59.00, 62.65, 59.00, 62.00, 62.00, 61.22, 6000, 3.67, 3, 6000, 100.00
SHEETAL, SM, 09-Sep-2026, 350.00, 349.90, 349.90, 348.50, 349.90, 349.75, 349.75, 6000, 20.98, 4, 6000, 100.00
SHEKHAWATI, BE, 09-Sep-2026, 16.81, 17.60, 17.65, 16.50, 17.65, 17.58, 17.58, 43958, 7.73, 113, -, -
SHEMAROO, BE, 09-Sep-2026, 125.31, 125.31, 125.99, 122.52, 123.11, 123.32, 123.63, 5243, 6.48, 80, -, -
SHERA, SM, 09-Sep-2026, 186.00, 185.00, 187.55, 183.90, 183.90, 184.45, 185.59, 41000, 76.09, 38, 33000, 80.49
SHERVANI, EQ, 09-Sep-2026, 324.90, 305.00, 324.85, 305.00, 310.35, 310.35, 318.94, 6, 0.02, 5, 4, 66.67
SHETHJI, SM, 09-Sep-2026, 213.30, 210.00, 213.00, 195.00, 198.20, 199.55, 204.03, 36000, 73.45, 33, 32000, 88.89
SHIGAN, SM, 09-Sep-2026, 69.00, 66.50, 68.00, 66.50, 68.00, 68.00, 67.00, 4500, 3.02, 3, 3000, 66.67
SHILCTECH, EQ, 09-Sep-2026, 4212.50, 4239.90, 4239.90, 4063.00, 4112.00, 4089.20, 4118.58, 15750, 648.68, 3789, 8832, 56.08
SHILGRAVQ, EQ, 09-Sep-2026, 150.21, 151.00, 153.00, 151.00, 153.00, 151.61, 151.24, 826, 1.25, 15, 695, 84.14
SHILPAMED, EQ, 09-Sep-2026, 959.90, 959.90, 974.95, 954.10, 962.30, 960.60, 962.24, 694978, 6687.36, 26432, 332360, 47.82
SHINDL, EQ, 09-Sep-2026, 160.65, 161.70, 161.88, 160.00, 160.00, 160.76, 160.68, 153215, 246.18, 570, 11780, 7.69
SHIPROCKET, EQ, 09-Sep-2026, 134.77, 134.78, 136.00, 131.23, 133.00, 132.37, 132.83, 4190927, 5566.72, 23870, 894034, 21.33
SHIVAAGRO, EQ, 09-Sep-2026, 42.96, 43.05, 43.05, 40.60, 42.00, 41.99, 42.16, 1176, 0.50, 24, 1169, 99.40
SHIVACEM, EQ, 09-Sep-2026, 16.12, 16.12, 16.12, 15.80, 15.89, 15.89, 15.93, 45230, 7.21, 180, 37035, 81.88
SHIVALIK, EQ, 09-Sep-2026, 320.75, 322.00, 384.90, 318.30, 384.90, 384.90, 367.19, 471778, 1732.33, 10932, 190086, 40.29
SHIVAMAUTO, EQ, 09-Sep-2026, 17.03, 17.03, 17.80, 16.70, 17.08, 16.86, 17.28, 34231, 5.91, 154, 26988, 78.84
SHIVAMILLS, EQ, 09-Sep-2026, 62.63, 62.00, 62.25, 59.86, 59.86, 60.47, 60.75, 2344, 1.42, 40, 1954, 83.36
SHIVASHRIT, SM, 09-Sep-2026, 116.75, 114.20, 117.95, 105.00, 111.20, 113.65, 112.26, 271000, 304.22, 196, 85000, 31.37
SHIVATEX, EQ, 09-Sep-2026, 177.70, 177.10, 179.00, 164.10, 179.00, 176.64, 176.31, 4458, 7.86, 96, 2924, 65.59
SHIVAUM, EQ, 09-Sep-2026, 461.20, 464.05, 465.00, 460.55, 465.00, 464.35, 463.48, 1445, 6.70, 213, 843, 58.34
SHK, EQ, 09-Sep-2026, 145.59, 145.88, 148.87, 143.94, 144.90, 144.98, 146.37, 298967, 437.59, 5701, 144732, 48.41
SHKSIL, SM, 09-Sep-2026, 31.10, 33.00, 33.00, 33.00, 33.00, 33.00, 33.00, 4000, 1.32, 2, 4000, 100.00
SHOPERSTOP, EQ, 09-Sep-2026, 380.80, 384.70, 384.70, 377.70, 377.70, 379.30, 379.81, 8498, 32.28, 775, 4011, 47.20
SHRADDHA, EQ, 09-Sep-2026, 154.75, 153.98, 156.40, 148.00, 153.29, 151.05, 150.49, 5567, 8.38, 157, 3273, 58.79
SHRADHA, EQ, 09-Sep-2026, 30.65, 30.66, 31.49, 30.00, 30.95, 30.84, 30.66, 9114, 2.79, 109, 6499, 71.31
SHREDIGCEM, EQ, 09-Sep-2026, 72.60, 71.20, 72.00, 70.60, 71.00, 70.96, 71.09, 94661, 67.30, 1077, 60224, 63.62
SHREECEM, EQ, 09-Sep-2026, 23160.00, 23160.00, 23240.00, 22900.00, 22950.00, 22950.00, 23011.59, 12133, 2792.00, 6203, 5191, 42.78
SHREEDHAR, ST, 09-Sep-2026, 117.35, 116.20, 123.20, 116.20, 123.20, 123.20, 122.15, 66000, 80.62, 32, 66000, 100.00
SHREEJISPG, EQ, 09-Sep-2026, 698.20, 695.20, 715.00, 695.10, 714.90, 713.10, 703.65, 735559, 5175.79, 10551, 318028, 43.24
SHREEKARNI, SM, 09-Sep-2026, 397.90, 397.00, 397.00, 397.00, 397.00, 397.00, 397.00, 150, 0.60, 1, 150, 100.00
SHREEOSFM, SM, 09-Sep-2026, 53.50, 53.65, 57.00, 53.65, 57.00, 57.00, 55.71, 5000, 2.79, 5, 4000, 80.00
SHREEPUSHK, EQ, 09-Sep-2026, 510.05, 513.40, 513.90, 499.10, 500.00, 501.20, 502.82, 46803, 235.34, 2474, 26887, 57.45
SHREERAMA, EQ, 09-Sep-2026, 42.27, 42.80, 49.91, 41.14, 45.21, 45.00, 46.35, 417234, 193.39, 3445, 186907, 44.80
SHREMINVIT, IV, 09-Sep-2026, 100.50, 100.50, 100.50, 100.50, 100.50, 100.50, 100.50, 75000, 75.38, 2, 75000, 100.00
SHRENIK, BZ, 09-Sep-2026, 0.29, 0.29, 0.30, 0.28, 0.30, 0.29, 0.29, 443723, 1.30, 161, -, -
SHREYANIND, EQ, 09-Sep-2026, 133.00, 133.50, 135.45, 132.00, 132.00, 132.98, 133.35, 6056, 8.08, 185, 4674, 77.18
SHRIAHIMSA, ST, 09-Sep-2026, 473.80, 477.00, 485.00, 465.10, 475.00, 475.00, 477.30, 12000, 57.28, 20, 10200, 85.00
SHRIKANHA, SM, 09-Sep-2026, 22.90, 23.80, 24.00, 23.80, 24.00, 24.00, 23.97, 19200, 4.60, 11, 16000, 83.33
SHRIKRISH, EQ, 09-Sep-2026, 37.15, 37.16, 39.00, 36.10, 36.11, 36.15, 37.19, 223, 0.08, 15, 217, 97.31
SHRINGARMS, EQ, 09-Sep-2026, 217.44, 218.00, 220.00, 216.51, 218.01, 218.70, 218.43, 104841, 229.01, 1582, 44020, 41.99
SHRIPISTON, EQ, 09-Sep-2026, 4438.20, 4438.20, 4525.00, 4390.00, 4500.00, 4500.80, 4489.96, 101461, 4555.56, 18510, 60351, 59.48
SHRIRAMFIN, EQ, 09-Sep-2026, 1029.00, 1018.20, 1034.80, 1013.00, 1029.00, 1029.00, 1026.92, 3641454, 37394.95, 83064, 2310693, 63.46
SHRIRAMPPS, EQ, 09-Sep-2026, 74.63, 74.43, 74.95, 72.20, 72.35, 72.51, 73.18, 410646, 300.51, 3786, 252464, 61.48
SHRJAGP, EQ, 09-Sep-2026, 638.10, 637.00, 665.95, 622.25, 665.95, 652.00, 648.98, 253, 1.64, 25, 184, 72.73
SHUBHLAXMI, SM, 09-Sep-2026, 18.00, 17.10, 17.10, 17.10, 17.10, 17.10, 17.10, 7000, 1.20, 6, 7000, 100.00
SHUBHSHREE, SM, 09-Sep-2026, 345.00, 352.00, 363.00, 350.00, 363.00, 363.00, 352.50, 2400, 8.46, 7, 2400, 100.00
SHUKRAPHAR, EQ, 09-Sep-2026, 54.11, 54.98, 57.44, 54.17, 56.69, 56.10, 55.60, 2827806, 1572.34, 8830, 1639126, 57.96
SHYAMCENT, BE, 09-Sep-2026, 4.94, 5.00, 5.10, 4.95, 5.01, 4.97, 4.99, 31051, 1.55, 79, -, -
SHYAMDHANI, ST, 09-Sep-2026, 53.70, 56.30, 56.30, 55.65, 55.65, 55.65, 55.93, 10000, 5.59, 5, 6000, 60.00
SHYAMMETL, EQ, 09-Sep-2026, 1081.90, 1080.50, 1090.30, 1070.30, 1078.00, 1073.70, 1080.12, 153996, 1663.34, 9539, 93625, 60.80
SHYAMTEL, EQ, 09-Sep-2026, 11.47, 11.06, 11.97, 10.72, 11.20, 11.43, 11.14, 4155, 0.46, 52, 3645, 87.73
SICAGEN, EQ, 09-Sep-2026, 57.84, 57.15, 58.95, 54.95, 57.35, 56.36, 56.07, 42516, 23.84, 678, 29073, 68.38
SICALLOG, BE, 09-Sep-2026, 101.85, 101.85, 103.25, 99.71, 101.80, 100.56, 100.83, 14315, 14.43, 124, -, -
SIDDHICOTS, SM, 09-Sep-2026, 26.50, 26.50, 26.60, 26.50, 26.50, 26.50, 26.52, 6000, 1.59, 4, 6000, 100.00
SIDDHIKA, SM, 09-Sep-2026, 229.95, 220.50, 220.50, 220.50, 220.50, 220.50, 220.50, 500, 1.10, 1, 500, 100.00
SIEL, EQ, 09-Sep-2026, 30.20, 29.55, 29.55, 29.34, 29.35, 29.35, 29.55, 346, 0.10, 24, 346, 100.00
SIEMENS, EQ, 09-Sep-2026, 3951.30, 3932.00, 4003.00, 3911.80, 3949.10, 3949.10, 3964.86, 378664, 15013.48, 27887, 198305, 52.37
SIGACHI, EQ, 09-Sep-2026, 34.70, 34.54, 35.80, 34.26, 35.60, 35.27, 35.25, 3396501, 1197.34, 10582, 1646873, 48.49
SIGIND, BE, 09-Sep-2026, 69.88, 70.99, 72.00, 68.00, 71.50, 70.52, 70.33, 17737, 12.47, 201, -, -
SIGMA, EQ, 09-Sep-2026, 47.21, 47.20, 48.00, 45.70, 45.70, 45.83, 46.39, 112657, 52.26, 1382, 69992, 62.13
SIGMAADV, BE, 09-Sep-2026, 777.15, 788.00, 789.00, 750.00, 754.90, 755.10, 764.64, 155489, 1188.94, 4084, -, -
SIGNATURE, EQ, 09-Sep-2026, 785.20, 785.00, 794.10, 775.65, 789.50, 786.80, 780.57, 172473, 1346.28, 4049, 9359, 5.43
SIGNPOST, EQ, 09-Sep-2026, 264.55, 265.60, 284.00, 259.60, 270.00, 270.75, 275.00, 1028495, 2828.34, 23804, 194771, 18.94
SIKA, EQ, 09-Sep-2026, 1015.15, 1015.15, 1019.05, 985.60, 1001.00, 993.40, 1001.10, 26269, 262.98, 1833, 13596, 51.76
SIKKO, BE, 09-Sep-2026, 5.52, 5.53, 5.63, 5.32, 5.62, 5.58, 5.54, 702986, 38.98, 446, -, -
SIL, EQ, 09-Sep-2026, 19.10, 19.19, 19.29, 18.26, 18.45, 18.35, 18.57, 75317, 13.98, 480, 61559, 81.73
SILGO, EQ, 09-Sep-2026, 71.49, 71.50, 72.91, 70.55, 71.00, 71.09, 71.33, 309476, 220.76, 997, 217207, 70.19
SILINV, EQ, 09-Sep-2026, 462.40, 453.00, 465.00, 453.00, 462.00, 461.45, 460.90, 1855, 8.55, 118, 1173, 63.23
SILKFLEX, SM, 09-Sep-2026, 296.55, 297.00, 297.00, 281.75, 281.75, 281.75, 288.21, 21000, 60.52, 20, 16000, 76.19
SILKY, SM, 09-Sep-2026, 68.95, 70.75, 70.75, 70.75, 70.75, 70.75, 70.75, 800, 0.57, 1, 800, 100.00
SILLYMONKS, EQ, 09-Sep-2026, 16.29, 15.96, 16.49, 15.96, 16.00, 16.00, 16.10, 31902, 5.14, 45, 31145, 97.63
SILVER, EQ, 09-Sep-2026, 231.10, 232.39, 233.64, 231.33, 232.48, 232.45, 232.54, 554586, 1289.63, 6388, 185744, 33.49
SILVER001, EQ, 09-Sep-2026, 23.28, 23.45, 23.60, 22.51, 23.51, 23.50, 23.24, 10116, 2.35, 58, 5363, 53.02
SILVER1, EQ, 09-Sep-2026, 22.46, 22.55, 22.70, 22.48, 22.57, 22.61, 22.62, 7579686, 1714.38, 4347, 5024050, 66.28
SILVER360, EQ, 09-Sep-2026, 227.28, 227.28, 229.99, 226.15, 229.07, 229.05, 228.84, 25160, 57.58, 274, 8824, 35.07
SILVERADD, EQ, 09-Sep-2026, 22.30, 22.48, 22.58, 22.33, 22.37, 22.42, 22.45, 2795835, 627.79, 8757, 1256076, 44.93
SILVERAG, EQ, 09-Sep-2026, 225.22, 223.10, 227.79, 223.10, 226.10, 226.50, 226.42, 73101, 165.51, 1065, 34796, 47.60
SILVERAXIS, EQ, 09-Sep-2026, 229.96, 229.96, 232.48, 229.96, 231.00, 231.19, 231.53, 153962, 356.46, 1221, 55101, 35.79
SILVERBEES, EQ, 09-Sep-2026, 221.17, 221.49, 223.65, 221.49, 222.29, 222.59, 222.75, 13917585, 31001.59, 46682, 5917074, 42.52
SILVERBETA, EQ, 09-Sep-2026, 223.41, 221.50, 225.83, 221.50, 224.15, 224.56, 224.88, 301611, 678.26, 1985, 176776, 58.61
SILVERBND, EQ, 09-Sep-2026, 231.90, 233.05, 234.89, 231.84, 233.15, 233.12, 233.26, 12000, 27.99, 115, 6334, 52.78
SILVERCASE, EQ, 09-Sep-2026, 23.45, 23.36, 23.71, 23.36, 23.59, 23.60, 23.60, 7178481, 1694.28, 5073, 1898717, 26.45
SILVERIETF, EQ, 09-Sep-2026, 230.88, 230.88, 233.49, 230.88, 232.05, 232.34, 232.51, 1953780, 4542.81, 13524, 756645, 38.73
SILVERTUC, EQ, 09-Sep-2026, 161.10, 161.00, 165.65, 157.99, 160.40, 159.96, 162.05, 418255, 677.78, 5179, 179052, 42.81
SIMBHALS, BZ, 09-Sep-2026, 7.50, 7.50, 7.50, 7.35, 7.35, 7.35, 7.38, 4635, 0.34, 26, -, -
SIMCA, ST, 09-Sep-2026, 260.25, 260.00, 262.00, 258.00, 262.00, 262.00, 259.62, 13200, 34.27, 17, 12600, 95.45
SIMPLEXINF, EQ, 09-Sep-2026, 257.40, 256.05, 264.55, 255.10, 260.00, 259.35, 259.88, 75525, 196.27, 1519, 54328, 71.93
SIMPLXREA, EQ, 09-Sep-2026, 134.62, 140.90, 140.90, 127.90, 140.90, 132.23, 132.23, 6, 0.01, 3, 4, 66.67
SINCLAIR, EQ, 09-Sep-2026, 84.03, 84.00, 84.79, 81.38, 82.31, 82.96, 83.34, 54639, 45.53, 777, 26947, 49.32
SINDHUTRAD, EQ, 09-Sep-2026, 25.00, 25.00, 25.42, 24.55, 24.79, 24.99, 25.00, 11179609, 2794.62, 1474, 10701306, 95.72
SINGERIND, EQ, 09-Sep-2026, 75.75, 75.95, 76.39, 74.11, 74.88, 74.38, 75.25, 32579, 24.52, 441, 17995, 55.23
SINTERCOM, EQ, 09-Sep-2026, 79.20, 81.85, 85.00, 80.97, 84.00, 83.90, 84.44, 8585, 7.25, 157, 6577, 76.61
SIRCA, EQ, 09-Sep-2026, 434.40, 435.35, 437.00, 429.20, 429.65, 430.60, 431.04, 201874, 870.17, 4851, 93759, 46.44
SIS, EQ, 09-Sep-2026, 427.75, 427.00, 433.80, 425.25, 429.60, 426.55, 429.14, 365193, 1567.20, 8599, 160027, 43.82
SITINET, BZ, 09-Sep-2026, 0.28, 0.28, 0.29, 0.28, 0.29, 0.28, 0.29, 339048, 0.97, 179, -, -
SIYSIL, EQ, 09-Sep-2026, 554.05, 550.10, 553.85, 527.10, 533.00, 530.45, 534.93, 80328, 429.70, 6491, 50429, 62.78
SJLOGISTIC, SM, 09-Sep-2026, 318.65, 318.00, 326.90, 316.55, 322.50, 320.15, 320.31, 23750, 76.07, 70, 16250, 68.42
SJS, EQ, 09-Sep-2026, 2286.80, 2280.00, 2304.90, 2258.50, 2290.00, 2295.20, 2285.15, 88371, 2019.41, 16775, 47976, 54.29
SJVN, EQ, 09-Sep-2026, 65.87, 65.95, 68.33, 65.59, 66.84, 66.88, 67.28, 5367026, 3610.95, 28434, 1426997, 26.59
SKFINDIA, EQ, 09-Sep-2026, 1534.80, 1534.80, 1552.70, 1525.90, 1533.20, 1533.50, 1536.48, 26668, 409.75, 3970, 13876, 52.03
SKFINDUS, EQ, 09-Sep-2026, 2953.80, 2940.00, 3039.80, 2935.70, 2961.50, 2971.70, 2999.27, 36285, 1088.29, 7358, 19861, 54.74
SKIPPER, EQ, 09-Sep-2026, 604.70, 604.00, 616.80, 590.10, 591.15, 593.95, 604.01, 1704618, 10296.10, 51726, 674105, 39.55
SKMEGGPROD, EQ, 09-Sep-2026, 253.35, 252.15, 254.95, 249.00, 250.60, 250.90, 251.21, 123540, 310.34, 2743, 59324, 48.02
SKP, SM, 09-Sep-2026, 167.30, 165.00, 169.20, 163.05, 168.70, 168.70, 165.59, 18000, 29.81, 24, 1500, 8.33
SKYGOLD, EQ, 09-Sep-2026, 820.00, 825.00, 839.00, 810.10, 831.90, 832.20, 828.04, 1092277, 9044.54, 30993, 440247, 40.31
SKYTECH, SM, 09-Sep-2026, 32.45, 30.85, 30.85, 30.85, 30.85, 30.85, 30.85, 40000, 12.34, 15, 40000, 100.00
SKYWAYS, EQ, 09-Sep-2026, 110.22, 110.50, 117.95, 109.33, 113.95, 113.59, 114.81, 5424457, 6227.98, 39215, 1202228, 22.16
SLONE, ST, 09-Sep-2026, 180.90, 179.00, 180.00, 174.05, 180.00, 180.00, 176.42, 2000, 3.53, 5, 1600, 80.00
SMALL250, EQ, 09-Sep-2026, 18.58, 18.95, 18.95, 18.49, 18.52, 18.52, 18.54, 431576, 80.02, 751, 215242, 49.87
SMALLADD, EQ, 09-Sep-2026, 18.62, 18.59, 18.84, 18.25, 18.66, 18.61, 18.58, 20581, 3.82, 94, 18404, 89.42
SMALLCAP, EQ, 09-Sep-2026, 49.45, 49.49, 49.60, 49.22, 49.30, 49.35, 49.45, 1617862, 800.01, 3068, 1214602, 75.07
SMALLGROWW, EQ, 09-Sep-2026, 49.55, 49.95, 49.95, 49.30, 49.56, 49.43, 49.50, 4260, 2.11, 101, 3128, 73.43
SMALLIETF, EQ, 09-Sep-2026, 18.59, 18.79, 18.79, 18.49, 18.55, 18.52, 18.53, 21712, 4.02, 108, 15666, 72.15
SMARTEN, ST, 09-Sep-2026, 56.15, 55.00, 56.00, 53.75, 56.00, 56.00, 54.33, 13200, 7.17, 10, 13200, 100.00
SMARTLINK, BE, 09-Sep-2026, 207.30, 215.00, 215.00, 205.00, 209.65, 209.47, 206.03, 5421, 11.17, 58, -, -
SMARTWORKS, EQ, 09-Sep-2026, 552.65, 557.15, 558.00, 541.10, 552.20, 547.95, 548.22, 63358, 347.34, 3132, 36333, 57.35
SMCGLOBAL, EQ, 09-Sep-2026, 85.31, 85.00, 85.47, 83.22, 84.00, 83.93, 84.44, 804605, 679.40, 3105, 332103, 41.28
SML100CASE, EQ, 09-Sep-2026, 11.46, 11.61, 11.61, 11.39, 11.44, 11.41, 11.42, 733407, 83.77, 1369, 479969, 65.44
SMLMAH, EQ, 09-Sep-2026, 6313.50, 6325.00, 6629.00, 6290.00, 6529.50, 6570.00, 6540.99, 134865, 8821.50, 17894, 47276, 35.05
SMLT, EQ, 09-Sep-2026, 62.17, 62.50, 63.65, 62.10, 62.15, 62.15, 62.50, 2857, 1.79, 102, 2234, 78.19
SMSPHARMA, EQ, 09-Sep-2026, 399.15, 405.00, 417.70, 402.05, 408.10, 407.30, 409.21, 523724, 2143.12, 16910, 180688, 34.50
SNEHAA, SM, 09-Sep-2026, 46.95, 44.20, 44.20, 44.00, 44.00, 44.00, 44.10, 3000, 1.32, 3, 3000, 100.00
SNOWMAN, EQ, 09-Sep-2026, 36.83, 36.83, 37.20, 36.33, 36.62, 36.82, 36.67, 75581, 27.71, 983, 40998, 54.24
SNXT30BEES, EQ, 09-Sep-2026, 42.25, 42.44, 43.00, 42.20, 42.67, 42.55, 42.55, 15467, 6.58, 70, 12043, 77.86
SNXT50BETA, EQ, 09-Sep-2026, 94.36, 94.83, 95.10, 93.10, 95.09, 94.62, 94.56, 1586, 1.50, 73, 1364, 86.00
SOBHA, EQ, 09-Sep-2026, 1255.60, 1255.00, 1255.00, 1224.00, 1230.00, 1229.50, 1234.76, 40274, 497.29, 5163, 21830, 54.20
SOCL, SM, 09-Sep-2026, 29.20, 29.20, 29.20, 28.50, 28.50, 28.50, 28.88, 14400, 4.16, 8, 14400, 100.00
SOFTTECH, EQ, 09-Sep-2026, 438.00, 446.95, 446.95, 430.15, 442.00, 441.65, 436.82, 2570, 11.23, 107, 1787, 69.53
SOLARA, EQ, 09-Sep-2026, 701.80, 700.00, 707.95, 688.05, 693.00, 690.50, 693.43, 271068, 1879.66, 11544, 131242, 48.42
SOLARINDS, EQ, 09-Sep-2026, 22455.00, 22515.00, 22625.00, 22230.00, 22355.00, 22355.00, 22338.59, 94443, 21097.24, 19872, 49361, 52.27
SOLARWORLD, EQ, 09-Sep-2026, 147.99, 149.00, 149.00, 145.05, 145.95, 145.59, 146.95, 109693, 161.19, 2202, 57458, 52.38
SOLEX, EQ, 09-Sep-2026, 725.05, 729.80, 729.80, 712.80, 721.25, 715.60, 719.68, 16403, 118.05, 1917, 7968, 48.58
SOMANYCERA, EQ, 09-Sep-2026, 562.65, 558.00, 561.75, 551.60, 560.00, 553.50, 554.61, 93463, 518.35, 7074, 62433, 66.80
SOMATEX, EQ, 09-Sep-2026, 85.27, 86.98, 86.98, 84.00, 84.99, 84.05, 84.64, 7478, 6.33, 173, 6151, 82.25
SOMICONVEY, EQ, 09-Sep-2026, 91.64, 90.55, 91.99, 90.50, 91.21, 90.87, 90.76, 7428, 6.74, 266, 5985, 80.57
SONACOMS, EQ, 09-Sep-2026, 804.00, 803.05, 806.40, 792.55, 799.50, 799.50, 798.81, 549181, 4386.90, 21582, 263371, 47.96
SONAL, EQ, 09-Sep-2026, 88.85, 88.85, 89.40, 88.50, 89.40, 88.58, 88.63, 125, 0.11, 4, 125, 100.00
SONAMAC, SM, 09-Sep-2026, 34.55, 33.15, 33.15, 32.85, 32.85, 32.85, 33.03, 3000, 0.99, 3, 2000, 66.67
SONAMLTD, BE, 09-Sep-2026, 72.50, 73.00, 76.00, 73.00, 74.89, 74.65, 74.76, 127225, 95.11, 503, -, -
SONATSOFTW, EQ, 09-Sep-2026, 274.25, 274.15, 274.15, 265.30, 268.95, 267.70, 268.31, 909749, 2440.93, 19147, 405733, 44.60
SONUINFRA, ST, 09-Sep-2026, 48.95, 50.10, 50.15, 46.55, 49.65, 49.65, 48.71, 129000, 62.83, 55, 105000, 81.40
SOTL, EQ, 09-Sep-2026, 681.35, 681.35, 698.20, 675.40, 690.10, 689.60, 687.57, 375794, 2583.84, 14355, 119317, 31.75
SOUTHBANK, EQ, 09-Sep-2026, 46.82, 46.51, 46.96, 46.14, 46.50, 46.41, 46.49, 8187411, 3806.56, 23902, 3671541, 44.84
SOUTHWEST, EQ, 09-Sep-2026, 230.38, 230.50, 244.40, 224.17, 228.00, 226.81, 237.21, 1192055, 2827.68, 21170, 592950, 49.74
SPAL, EQ, 09-Sep-2026, 1048.90, 1048.80, 1054.90, 1002.00, 1016.90, 1012.50, 1021.45, 128022, 1307.68, 7232, 65525, 51.18
SPANDANA, EQ, 09-Sep-2026, 239.74, 239.00, 239.00, 232.02, 233.08, 232.61, 234.06, 88510, 207.17, 4044, 56991, 64.39
SPARC, EQ, 09-Sep-2026, 203.27, 204.00, 204.00, 200.07, 200.60, 200.58, 201.11, 519851, 1045.46, 8118, 254862, 49.03
SPCENET, EQ, 09-Sep-2026, 3.61, 3.63, 3.65, 3.53, 3.59, 3.57, 3.59, 573087, 20.58, 569, 408854, 71.34
SPCL, SM, 09-Sep-2026, 63.35, 64.00, 64.50, 63.40, 64.25, 64.25, 64.07, 18000, 11.53, 24, 12000, 66.67
SPCON, SM, 09-Sep-2026, 150.00, 158.05, 173.00, 155.00, 155.00, 155.00, 160.28, 4800, 7.69, 4, 2400, 50.00
SPEB, SM, 09-Sep-2026, 93.00, 93.05, 93.05, 93.05, 93.05, 93.05, 93.05, 4000, 3.72, 1, 4000, 100.00
SPECIALITY, BE, 09-Sep-2026, 133.78, 134.44, 136.00, 131.50, 135.00, 135.13, 134.23, 17330, 23.26, 137, -, -
SPECTRUM, BE, 09-Sep-2026, 2611.10, 2591.00, 2741.60, 2571.00, 2741.60, 2741.60, 2689.59, 22007, 591.90, 584, -, -
SPELS, EQ, 09-Sep-2026, 146.60, 147.33, 148.45, 145.00, 145.50, 145.65, 145.95, 22324, 32.58, 1009, 14660, 65.67
SPENCERS, EQ, 09-Sep-2026, 29.41, 29.89, 29.98, 29.00, 29.22, 29.22, 29.38, 9742, 2.86, 165, 8088, 83.02
SPIC, EQ, 09-Sep-2026, 71.07, 71.07, 71.48, 69.95, 70.20, 70.13, 70.68, 398972, 282.00, 2705, 241871, 60.62
SPLIL, EQ, 09-Sep-2026, 30.80, 30.81, 31.40, 30.00, 31.30, 31.33, 30.60, 4330, 1.32, 84, 2948, 68.08
SPLPETRO, EQ, 09-Sep-2026, 828.40, 828.00, 837.60, 810.00, 816.00, 813.55, 825.84, 196496, 1622.75, 13039, 95097, 48.40
SPMLINFRA, EQ, 09-Sep-2026, 176.31, 176.42, 179.10, 173.00, 173.10, 173.93, 175.29, 206020, 361.14, 3876, 112810, 54.76
SPORTKING, EQ, 09-Sep-2026, 215.60, 215.99, 219.97, 212.22, 218.50, 217.39, 216.63, 171997, 372.59, 4164, 82949, 48.23
SPPPOLY, SM, 09-Sep-2026, 12.05, 11.50, 11.50, 11.50, 11.50, 11.50, 11.50, 2000, 0.23, 1, 2000, 100.00
SPUNWEB, SM, 09-Sep-2026, 102.95, 102.50, 103.00, 101.00, 102.00, 102.35, 102.08, 30000, 30.63, 10, 26400, 88.00
SRD, EQ, 09-Sep-2026, 39.39, 39.06, 40.00, 38.90, 39.53, 39.33, 39.57, 20414, 8.08, 371, 15296, 74.93
SREEL, EQ, 09-Sep-2026, 287.51, 288.00, 345.01, 287.50, 345.01, 345.01, 336.07, 635232, 2134.83, 9370, 405065, 63.77
SRF, EQ, 09-Sep-2026, 2522.00, 2519.80, 2532.00, 2509.70, 2520.00, 2520.00, 2520.61, 68501, 1726.64, 12041, 35699, 52.11
SRGHFL, EQ, 09-Sep-2026, 236.65, 244.90, 244.90, 233.00, 240.50, 243.75, 238.79, 5845, 13.96, 117, 5403, 92.44
SRHHYPOLTD, EQ, 09-Sep-2026, 527.90, 528.00, 537.50, 527.05, 534.80, 531.90, 533.67, 14320, 76.42, 994, 10896, 76.09
SRIKPRIND, BE, 09-Sep-2026, 32.36, 33.97, 33.97, 30.75, 32.20, 32.26, 31.68, 10151, 3.22, 91, -, -
SRIVASAVI, ST, 09-Sep-2026, 76.00, 74.05, 75.95, 74.05, 75.95, 75.95, 74.61, 5000, 3.73, 5, 3000, 60.00
SRM, EQ, 09-Sep-2026, 461.05, 462.90, 462.90, 450.00, 453.00, 452.85, 454.08, 43801, 198.89, 1917, 27169, 62.03
SRTL, EQ, 09-Sep-2026, 37.61, 37.78, 37.88, 36.80, 37.58, 37.02, 37.23, 24830, 9.25, 306, 18044, 72.67
SSDL, EQ, 09-Sep-2026, 57.12, 57.12, 57.79, 56.07, 56.09, 56.54, 56.54, 20816, 11.77, 429, 13985, 67.18
SSEGL, SM, 09-Sep-2026, 394.30, 399.55, 427.00, 380.00, 420.10, 422.90, 410.92, 100600, 413.38, 329, 60800, 60.44
SSFL, ST, 09-Sep-2026, 276.00, 275.20, 288.00, 270.00, 288.00, 285.70, 283.68, 13500, 38.30, 25, 13000, 96.30
SSWL, EQ, 09-Sep-2026, 373.10, 374.95, 379.05, 369.15, 370.70, 371.45, 372.92, 676147, 2521.46, 18255, 287361, 42.50
STALLION, BE, 09-Sep-2026, 212.77, 218.70, 223.40, 215.10, 223.40, 223.40, 222.45, 201491, 448.21, 1301, -, -
STANLEY, EQ, 09-Sep-2026, 138.59, 139.25, 140.50, 137.01, 137.01, 138.41, 138.56, 74144, 102.74, 1643, 46076, 62.14
STAR, EQ, 09-Sep-2026, 1187.40, 1187.40, 1217.00, 1181.30, 1190.00, 1195.70, 1198.23, 376096, 4506.51, 24529, 169980, 45.20
STARCEMENT, EQ, 09-Sep-2026, 194.83, 194.94, 194.94, 190.40, 192.25, 192.32, 192.25, 260534, 500.88, 4815, 164782, 63.25
STARHEALTH, EQ, 09-Sep-2026, 572.10, 576.50, 576.50, 561.75, 573.95, 571.95, 570.17, 289071, 1648.21, 21643, 173061, 59.87
STARPAPER, EQ, 09-Sep-2026, 159.33, 161.50, 163.00, 157.50, 158.55, 159.17, 160.39, 8830, 14.16, 188, 8309, 94.10
STARTECK, EQ, 09-Sep-2026, 246.90, 249.95, 250.15, 243.10, 246.10, 246.15, 247.31, 142, 0.35, 50, 93, 65.49
STCINDIA, EQ, 09-Sep-2026, 113.72, 115.50, 115.50, 113.10, 113.31, 113.74, 114.32, 11312, 12.93, 273, 4904, 43.35
STEELCAS, EQ, 09-Sep-2026, 331.60, 333.80, 336.20, 320.35, 321.30, 324.80, 328.10, 78377, 257.15, 3030, 45236, 57.72
STEELCITY, EQ, 09-Sep-2026, 83.22, 83.40, 84.29, 82.50, 83.80, 84.07, 83.12, 5821, 4.84, 108, 5206, 89.43
STEELXIND, EQ, 09-Sep-2026, 11.53, 11.61, 12.89, 11.47, 12.04, 12.00, 12.32, 57173683, 7046.10, 157953, 7717181, 13.50
STEL, EQ, 09-Sep-2026, 601.40, 605.15, 607.60, 577.60, 590.00, 590.00, 589.69, 4063, 23.96, 444, 1968, 48.44
STERTOOLS, BE, 09-Sep-2026, 218.68, 218.00, 219.00, 215.00, 219.00, 217.42, 216.66, 11117, 24.09, 275, -, -
STLNETWORK, EQ, 09-Sep-2026, 31.62, 31.95, 33.20, 30.71, 33.20, 33.20, 32.65, 12406425, 4051.29, 19103, 6553838, 52.83
STLSTRINF, EQ, 09-Sep-2026, 18.11, 18.20, 19.50, 18.20, 18.96, 18.64, 18.53, 1642, 0.30, 47, 1468, 89.40
STLTECH, BE, 09-Sep-2026, 824.70, 815.00, 865.90, 796.05, 865.90, 865.90, 854.58, 4381757, 37445.68, 37218, -, -
STOVEKRAFT, EQ, 09-Sep-2026, 839.45, 845.00, 849.80, 830.55, 838.55, 839.30, 840.98, 77414, 651.03, 6558, 39624, 51.18
STRIDERS, SM, 09-Sep-2026, 60.00, 60.00, 60.00, 58.50, 59.00, 58.85, 59.03, 12800, 7.56, 8, 9600, 75.00
STUDDS, EQ, 09-Sep-2026, 421.85, 421.85, 424.00, 410.00, 415.00, 414.60, 416.66, 46514, 193.81, 2394, 32089, 68.99
STUDIOLSD, SM, 09-Sep-2026, 9.55, 9.75, 9.80, 9.45, 9.70, 9.70, 9.61, 16000, 1.54, 8, 10000, 62.50
STYL, EQ, 09-Sep-2026, 383.35, 385.40, 398.20, 375.35, 387.60, 388.75, 385.14, 178377, 687.00, 6406, 58114, 32.58
STYLAMIND, EQ, 09-Sep-2026, 3349.90, 3348.00, 3430.00, 3321.00, 3360.00, 3382.30, 3389.07, 26241, 889.33, 8198, 10242, 39.03
STYLEBAAZA, EQ, 09-Sep-2026, 387.30, 387.00, 405.00, 383.05, 399.80, 397.70, 397.42, 821639, 3265.39, 7923, 471624, 57.40
STYRENIX, EQ, 09-Sep-2026, 2114.90, 2124.90, 2155.00, 2102.70, 2154.00, 2146.50, 2128.40, 47541, 1011.86, 4433, 31833, 66.96
SUBAHOTELS, SM, 09-Sep-2026, 103.50, 103.00, 103.00, 99.10, 101.10, 101.10, 100.64, 14400, 14.49, 11, 13200, 91.67
SUBEXLTD, EQ, 09-Sep-2026, 19.23, 19.30, 20.28, 17.61, 18.75, 18.80, 19.27, 23896769, 4606.03, 41172, 4912062, 20.56
SUBROS, EQ, 09-Sep-2026, 697.85, 696.30, 738.75, 692.60, 730.90, 729.00, 718.14, 96607, 693.78, 5572, 34039, 35.23
SUDARCOLOR, EQ, 09-Sep-2026, 385.35, 385.50, 385.50, 380.00, 380.05, 380.55, 381.56, 3623, 13.82, 174, 2821, 77.86
SUDARSCHEM, EQ, 09-Sep-2026, 1221.70, 1224.60, 1278.00, 1218.00, 1259.00, 1262.30, 1262.78, 371328, 4689.05, 27072, 167659, 45.15
SUDEEPPHRM, EQ, 09-Sep-2026, 1344.20, 1354.20, 1363.00, 1277.00, 1277.00, 1277.30, 1300.65, 318567, 4143.43, 25321, 173399, 54.43
SUKHJITS, EQ, 09-Sep-2026, 160.49, 160.70, 164.95, 158.30, 160.03, 160.03, 161.29, 91683, 147.87, 710, 69073, 75.34
SULA, EQ, 09-Sep-2026, 146.50, 144.10, 144.10, 138.40, 139.95, 139.35, 139.69, 1328109, 1855.24, 16958, 634073, 47.74
SUMAX, ST, 09-Sep-2026, 109.75, 109.45, 115.20, 106.00, 114.85, 114.75, 113.09, 337200, 381.35, 201, 302400, 89.68
SUMEDHA, EQ, 09-Sep-2026, 38.72, 41.48, 41.48, 38.05, 40.01, 40.01, 39.07, 1112, 0.43, 21, 892, 80.22
SUMEETINDS, EQ, 09-Sep-2026, 11.39, 11.41, 11.50, 11.26, 11.35, 11.28, 11.33, 957437, 108.47, 1103, 580038, 60.58
SUMICHEM, EQ, 09-Sep-2026, 486.70, 489.90, 492.00, 477.80, 479.10, 481.75, 483.55, 294934, 1426.16, 13930, 126830, 43.00
SUMIT, EQ, 09-Sep-2026, 49.06, 51.40, 51.40, 48.60, 49.81, 49.99, 49.58, 11078, 5.49, 94, 10677, 96.38
SUMMITSEC, EQ, 09-Sep-2026, 1404.10, 1410.70, 1460.50, 1402.50, 1411.00, 1411.80, 1426.07, 7674, 109.44, 667, 4275, 55.71
SUNCLAY, EQ, 09-Sep-2026, 1293.40, 1285.50, 1305.00, 1285.00, 1285.00, 1286.00, 1289.52, 3555, 45.84, 364, 2732, 76.85
SUNDARAM, EQ, 09-Sep-2026, 1.21, 1.21, 1.22, 1.19, 1.22, 1.20, 1.20, 366921, 4.42, 267, 245713, 66.97
SUNDARMFIN, EQ, 09-Sep-2026, 4712.70, 4689.20, 4740.60, 4645.10, 4722.10, 4728.00, 4706.71, 24537, 1154.89, 7564, 16066, 65.48
SUNDRMBRAK, BE, 09-Sep-2026, 731.80, 731.80, 741.80, 722.00, 725.00, 730.55, 734.04, 263, 1.93, 23, -, -
SUNDRMFAST, EQ, 09-Sep-2026, 1255.00, 1260.00, 1265.00, 1214.80, 1216.00, 1219.40, 1233.94, 99959, 1233.43, 11920, 53899, 53.92
SUNDROP, EQ, 09-Sep-2026, 659.30, 652.30, 674.85, 651.50, 670.00, 668.10, 667.16, 50091, 334.19, 913, 44643, 89.12
SUNFLAG, EQ, 09-Sep-2026, 338.30, 340.00, 340.00, 329.35, 332.00, 331.35, 333.81, 129992, 433.93, 2820, 79122, 60.87
SUNLITE, SM, 09-Sep-2026, 562.65, 582.00, 665.00, 575.00, 663.30, 655.55, 624.08, 119700, 747.03, 359, 81900, 68.42
SUNLOC, EQ, 09-Sep-2026, 79.72, 77.00, 80.52, 77.00, 78.00, 78.00, 79.32, 189, 0.15, 13, 188, 99.47
SUNPHARMA, EQ, 09-Sep-2026, 1885.90, 1892.60, 1898.60, 1864.90, 1864.90, 1864.90, 1873.14, 1396896, 26165.85, 73693, 867867, 62.13
SUNRAKSHAK, EQ, 09-Sep-2026, 373.75, 370.50, 377.50, 370.50, 374.00, 372.70, 373.17, 6679, 24.92, 197, 5913, 88.53
SUNREST, SM, 09-Sep-2026, 39.00, 39.45, 39.45, 39.45, 39.45, 39.45, 39.45, 1600, 0.63, 1, 1600, 100.00
SUNSHIEL, EQ, 09-Sep-2026, 1239.40, 1259.90, 1259.90, 1180.80, 1228.00, 1225.30, 1228.20, 1041, 12.79, 260, 815, 78.29
SUNSHINE, EQ, 09-Sep-2026, 489.15, 490.05, 498.60, 476.35, 479.00, 481.20, 488.18, 850225, 4150.60, 13959, 169468, 19.93
SUNTECH, SM, 09-Sep-2026, 39.15, 39.15, 39.15, 39.15, 39.15, 39.15, 39.15, 1600, 0.63, 1, 1600, 100.00
SUNTECK, EQ, 09-Sep-2026, 295.90, 295.80, 296.95, 290.45, 292.00, 291.70, 292.57, 85230, 249.36, 2456, 49547, 58.13
SUNTV, EQ, 09-Sep-2026, 453.50, 453.95, 457.90, 447.70, 449.85, 449.30, 450.66, 194146, 874.95, 8800, 99528, 51.26
SUPERHOUSE, EQ, 09-Sep-2026, 170.70, 168.50, 189.00, 167.04, 181.00, 180.05, 183.00, 73213, 133.98, 1542, 36008, 49.18
SUPERSPIN, BE, 09-Sep-2026, 6.87, 6.87, 7.20, 6.80, 7.01, 7.01, 6.94, 28818, 2.00, 52, -, -
SUPRAJIT, EQ, 09-Sep-2026, 475.60, 478.70, 488.50, 465.00, 482.00, 485.45, 482.35, 99934, 482.03, 7233, 65335, 65.38
SUPREME, EQ, 09-Sep-2026, 37.16, 37.95, 37.95, 34.80, 35.20, 35.17, 35.85, 245015, 87.83, 774, 117120, 47.80
SUPREMEENG, BZ, 09-Sep-2026, 3.15, 3.21, 3.21, 3.21, 3.21, 3.21, 3.21, 222519, 7.14, 104, -, -
SUPREMEIND, EQ, 09-Sep-2026, 3553.00, 3553.00, 3561.40, 3493.80, 3516.90, 3516.90, 3513.41, 99750, 3504.63, 16616, 44455, 44.57
SUPREMEINF, EQ, 09-Sep-2026, 85.10, 85.46, 86.50, 83.00, 86.50, 85.54, 84.63, 42204, 35.72, 1427, 15034, 35.62
SUPREMEPWR, SM, 09-Sep-2026, 233.35, 231.50, 232.40, 223.15, 225.95, 226.75, 228.60, 54500, 124.59, 91, 37000, 67.89
SUPRIYA, EQ, 09-Sep-2026, 915.65, 911.30, 925.00, 899.10, 909.00, 911.40, 910.70, 196499, 1789.52, 13816, 84418, 42.96
SUPTANERY, BE, 09-Sep-2026, 11.97, 11.38, 11.38, 11.38, 11.38, 11.38, 11.38, 12803, 1.46, 168, -, -
SURAJEST, EQ, 09-Sep-2026, 173.92, 174.25, 179.99, 166.25, 175.00, 169.91, 170.23, 385372, 656.00, 3530, 279798, 72.60
SURAJLTD, EQ, 09-Sep-2026, 200.20, 200.00, 205.50, 192.01, 205.50, 204.06, 203.71, 1117, 2.28, 29, 1089, 97.49
SURAKSHA, EQ, 09-Sep-2026, 340.10, 335.05, 349.00, 333.60, 335.00, 335.65, 342.21, 117233, 401.19, 5212, 63543, 54.20
SURANASOL, EQ, 09-Sep-2026, 26.03, 26.26, 26.27, 25.72, 25.72, 25.78, 25.88, 27564, 7.13, 339, 20529, 74.48
SURANAT&P, EQ, 09-Sep-2026, 16.42, 16.29, 16.71, 16.00, 16.24, 16.24, 16.17, 49078, 7.93, 401, 42430, 86.45
SURYALA, EQ, 09-Sep-2026, 410.00, 419.00, 419.00, 400.50, 401.05, 401.05, 401.80, 126, 0.51, 12, 123, 97.62
SURYALAXMI, EQ, 09-Sep-2026, 58.32, 58.98, 59.74, 57.55, 57.74, 58.21, 58.19, 957, 0.56, 33, 661, 69.07
SURYAROSNI, EQ, 09-Sep-2026, 216.02, 217.10, 222.28, 215.49, 220.00, 219.57, 218.28, 831791, 1815.64, 15258, 507002, 60.95
SURYODAY, EQ, 09-Sep-2026, 154.86, 155.00, 155.50, 152.10, 153.05, 153.42, 153.25, 151992, 232.93, 3116, 78410, 51.59
SUTLEJTEX, BE, 09-Sep-2026, 40.60, 40.40, 41.60, 39.25, 39.95, 39.95, 40.05, 18727, 7.50, 82, -, -
SUVEN, EQ, 09-Sep-2026, 369.90, 369.90, 376.75, 355.05, 357.95, 357.50, 361.40, 780037, 2819.09, 26652, 362417, 46.46
SUVIDHAA, EQ, 09-Sep-2026, 2.31, 2.29, 2.49, 2.20, 2.41, 2.41, 2.42, 363122, 8.79, 547, 277641, 76.46
SUYOG, EQ, 09-Sep-2026, 713.65, 717.50, 739.80, 680.40, 684.05, 689.35, 714.06, 77111, 550.62, 5668, 26747, 34.69
SUZLON, EQ, 09-Sep-2026, 45.50, 45.65, 46.40, 45.30, 45.45, 45.45, 45.82, 52512738, 24062.32, 86981, 25111318, 47.82
SVGLOBAL, EQ, 09-Sep-2026, 152.87, 156.80, 156.90, 145.35, 150.33, 147.65, 148.86, 1965, 2.93, 112, 1344, 68.40
SVLL, BE, 09-Sep-2026, 800.20, 793.00, 812.00, 790.00, 790.50, 790.50, 794.40, 661, 5.25, 25, -, -
SVPGLOB, EQ, 09-Sep-2026, 3.51, 3.51, 3.65, 3.50, 3.50, 3.50, 3.52, 35835, 1.26, 80, 33309, 92.95
SWANCORP, EQ, 09-Sep-2026, 276.80, 276.30, 279.90, 273.65, 277.50, 277.65, 276.42, 830009, 2294.29, 12619, 202613, 24.41
SWANDEF, BE, 09-Sep-2026, 2484.00, 2490.00, 2592.00, 2458.00, 2590.00, 2584.50, 2522.53, 24701, 623.09, 1594, -, -
SWARAJ, BE, 09-Sep-2026, 354.80, 356.25, 356.25, 352.15, 354.00, 353.15, 353.49, 57362, 202.77, 764, -, -
SWARAJENG, EQ, 09-Sep-2026, 3632.60, 3639.00, 3639.00, 3572.00, 3580.00, 3594.30, 3604.23, 9033, 325.57, 2316, 5587, 61.85
SWARNSAR, EQ, 09-Sep-2026, 41.62, 43.50, 45.70, 39.21, 40.99, 40.78, 42.80, 123602, 52.90, 1640, 68194, 55.17
SWASTIK, ST, 09-Sep-2026, 19.00, 18.20, 18.20, 18.05, 18.05, 18.05, 18.11, 4800, 0.87, 4, 4800, 100.00
SWELECTES, EQ, 09-Sep-2026, 583.80, 582.55, 594.80, 571.00, 575.00, 576.60, 582.77, 15629, 91.08, 1522, 7395, 47.32
SWIGGY, EQ, 09-Sep-2026, 275.70, 274.00, 285.55, 271.80, 282.75, 282.75, 279.48, 23545618, 65806.03, 108345, 10955103, 46.53
SWISSMLTRY, BE, 09-Sep-2026, 15.26, 15.59, 15.59, 15.03, 15.19, 15.13, 15.20, 60883, 9.26, 174, -, -
SWSOLAR, EQ, 09-Sep-2026, 184.08, 184.94, 184.94, 181.70, 182.50, 182.03, 183.01, 570016, 1043.16, 7722, 295136, 51.78
SYMBIOTEC, EQ, 09-Sep-2026, 1094.10, 1095.00, 1161.65, 1076.20, 1130.25, 1133.70, 1130.02, 3521358, 39791.93, 154342, 674383, 19.15
SYMPHONY, EQ, 09-Sep-2026, 613.05, 605.00, 627.00, 603.00, 618.05, 618.60, 617.39, 331925, 2049.27, 12487, 90767, 27.35
SYNCOMF, EQ, 09-Sep-2026, 20.97, 21.17, 21.32, 20.05, 20.12, 20.14, 20.59, 6347357, 1306.87, 12995, 2764751, 43.56
SYNGENE, EQ, 09-Sep-2026, 387.55, 386.80, 388.60, 382.60, 387.20, 386.80, 386.03, 358624, 1384.39, 11768, 165653, 46.19
SYRMA, EQ, 09-Sep-2026, 1639.20, 1639.00, 1660.00, 1616.00, 1616.00, 1622.40, 1635.56, 1096481, 17933.64, 42021, 379300, 34.59
SYSTANGO, SM, 09-Sep-2026, 227.25, 224.00, 229.25, 220.00, 222.45, 222.45, 224.35, 21200, 47.56, 46, 13600, 64.15
SYSTMTXC, BE, 09-Sep-2026, 66.40, 69.72, 69.72, 69.72, 69.72, 69.72, 69.72, 14471, 10.09, 85, -, -
TAALTECH, EQ, 09-Sep-2026, 4532.20, 4550.00, 4949.00, 4534.00, 4870.00, 4886.60, 4822.33, 45586, 2198.31, 9502, 18249, 40.03
TAC, ST, 09-Sep-2026, 435.35, 439.85, 457.10, 434.60, 457.10, 457.10, 450.22, 74200, 334.06, 232, 69200, 93.26
TAINWALCHM, EQ, 09-Sep-2026, 212.34, 212.34, 216.00, 209.00, 209.00, 209.11, 211.57, 2674, 5.66, 117, 1277, 47.76
TAJGVK, EQ, 09-Sep-2026, 332.75, 332.05, 335.70, 329.40, 332.60, 332.15, 332.20, 57365, 190.57, 1901, 35412, 61.73
TAKE, EQ, 09-Sep-2026, 15.23, 15.84, 15.99, 15.50, 15.99, 15.99, 15.93, 796799, 126.93, 1406, 472717, 59.33
TALBROAUTO, EQ, 09-Sep-2026, 424.00, 420.10, 426.90, 417.05, 420.00, 420.45, 420.52, 106061, 446.01, 3634, 57701, 54.40
TAMBOLIIN, BE, 09-Sep-2026, 272.10, 284.00, 285.70, 271.60, 285.70, 285.70, 283.21, 10355, 29.33, 105, -, -
TANAA, EQ, 09-Sep-2026, 276.95, 276.00, 277.35, 270.00, 274.00, 272.75, 273.75, 19162, 52.46, 1084, 11448, 59.74
TANKUP, ST, 09-Sep-2026, 1560.00, 1590.00, 1590.00, 1589.95, 1589.95, 1589.95, 1589.96, 1750, 27.82, 7, 1750, 100.00
TANLA, EQ, 09-Sep-2026, 512.95, 509.00, 520.45, 504.80, 507.50, 509.30, 511.00, 500496, 2557.53, 19017, 189149, 37.79
TAPIFRUIT, SM, 09-Sep-2026, 49.00, 49.00, 49.00, 49.00, 49.00, 49.00, 49.00, 1500, 0.74, 1, 1500, 100.00
TARACHAND, EQ, 09-Sep-2026, 47.68, 47.68, 48.63, 46.32, 47.14, 47.05, 47.19, 66478, 31.37, 1657, 35989, 54.14
TARAPUR, EQ, 09-Sep-2026, 12.83, 12.81, 13.34, 12.80, 12.95, 12.95, 12.94, 24086, 3.12, 137, 18066, 75.01
TARC, EQ, 09-Sep-2026, 131.53, 132.90, 133.90, 127.11, 129.53, 129.78, 129.35, 519332, 671.78, 5295, 248220, 47.80
TARIL, EQ, 09-Sep-2026, 297.15, 298.00, 300.50, 295.15, 297.80, 296.90, 297.60, 775856, 2308.97, 15287, 358561, 46.21
TARMAT, EQ, 09-Sep-2026, 62.25, 61.51, 63.57, 59.10, 59.90, 59.71, 61.03, 27947, 17.06, 1016, 16248, 58.14
TARSONS, EQ, 09-Sep-2026, 325.15, 327.30, 329.05, 315.05, 320.00, 321.35, 320.41, 113511, 363.70, 2856, 56168, 49.48
TASTYBITE, EQ, 09-Sep-2026, 9853.00, 9806.00, 9948.00, 9801.00, 9841.00, 9824.00, 9844.07, 1538, 151.40, 540, 770, 50.07
TATACAP, EQ, 09-Sep-2026, 368.05, 365.15, 366.55, 360.55, 363.00, 363.00, 362.90, 617731, 2241.73, 19611, 362317, 58.65
TATACHEM, EQ, 09-Sep-2026, 607.70, 604.70, 607.95, 600.55, 604.00, 603.05, 603.67, 311583, 1880.93, 13627, 116449, 37.37
TATACOMM, EQ, 09-Sep-2026, 1752.80, 1752.00, 1784.00, 1734.90, 1766.00, 1772.80, 1768.86, 207805, 3675.79, 23012, 97557, 46.95
TATACONSUM, EQ, 09-Sep-2026, 1014.10, 1010.80, 1013.70, 1001.00, 1001.00, 1001.00, 1007.65, 973918, 9813.69, 54897, 656441, 67.40
TATAELXSI, EQ, 09-Sep-2026, 3492.00, 3452.50, 3459.90, 3380.00, 3383.00, 3383.00, 3410.91, 246727, 8415.64, 29981, 113849, 46.14
TATAGOLD, EQ, 09-Sep-2026, 14.79, 14.78, 14.85, 14.71, 14.79, 14.79, 14.78, 27633939, 4083.68, 59145, 9528737, 34.48
TATAINVEST, EQ, 09-Sep-2026, 622.05, 622.05, 624.80, 616.10, 622.75, 618.80, 618.32, 129846, 802.87, 9803, 57207, 44.06
TATAPOWER, EQ, 09-Sep-2026, 365.55, 364.10, 373.70, 363.15, 370.00, 370.00, 369.91, 5668226, 20967.49, 62272, 2072536, 36.56
TATASTEEL, EQ, 09-Sep-2026, 184.15, 184.80, 190.26, 183.41, 188.75, 188.75, 187.61, 45985325, 86271.03, 182377, 21762385, 47.32
TATATECH, EQ, 09-Sep-2026, 798.50, 794.00, 794.00, 783.00, 787.00, 787.65, 789.56, 610440, 4819.81, 24707, 274079, 44.90
TATSILV, EQ, 09-Sep-2026, 22.44, 22.44, 22.72, 22.44, 22.57, 22.60, 22.61, 30151602, 6817.24, 34289, 11324429, 37.56
TATVA, EQ, 09-Sep-2026, 1680.20, 1680.20, 1712.50, 1666.60, 1690.00, 1688.40, 1688.27, 32908, 555.57, 4750, 16424, 49.91
TAURIAN, ST, 09-Sep-2026, 473.45, 471.70, 475.00, 468.00, 468.00, 468.00, 471.76, 8000, 37.74, 10, 8000, 100.00
TBI, SM, 09-Sep-2026, 68.30, 68.40, 72.00, 68.40, 72.00, 71.90, 70.91, 30000, 21.27, 46, 26400, 88.00
TBOTEK, EQ, 09-Sep-2026, 1694.50, 1703.00, 1735.00, 1682.00, 1713.00, 1721.10, 1713.63, 87150, 1493.43, 9969, 46503, 53.36
TBZ, EQ, 09-Sep-2026, 555.30, 583.05, 583.05, 527.55, 530.05, 527.60, 552.62, 5742152, 31732.26, 71951, 2279140, 39.69
TCC, EQ, 09-Sep-2026, 49.07, 49.10, 58.88, 45.60, 51.33, 51.50, 54.86, 32714581, 17946.55, 121608, 1605102, 4.91
TCI, EQ, 09-Sep-2026, 872.50, 874.80, 888.00, 863.30, 864.25, 867.95, 868.93, 18299, 159.01, 3777, 10967, 59.93
TCIEXP, EQ, 09-Sep-2026, 550.45, 548.90, 549.70, 535.60, 541.95, 540.05, 541.08, 33793, 182.85, 3678, 16419, 48.59
TCIFINANCE, BE, 09-Sep-2026, 15.00, 15.00, 15.45, 14.80, 15.00, 15.00, 15.21, 3573, 0.54, 46, -, -
TCL, SM, 09-Sep-2026, 111.30, 113.50, 118.00, 112.05, 115.00, 113.80, 115.61, 36800, 42.54, 45, 27200, 73.91
TCPLPACK, EQ, 09-Sep-2026, 3874.70, 3874.70, 3879.90, 3802.20, 3822.90, 3819.70, 3840.29, 4307, 165.40, 912, 2507, 58.21
TCS, EQ, 09-Sep-2026, 2255.50, 2237.00, 2237.00, 2193.20, 2208.00, 2208.00, 2207.41, 3370071, 74391.43, 124491, 2005311, 59.50
TDPOWERSYS, EQ, 09-Sep-2026, 768.80, 769.80, 787.60, 752.00, 756.00, 755.10, 767.54, 1286601, 9875.22, 50719, 526914, 40.95
TEAMGTY, EQ, 09-Sep-2026, 235.02, 240.97, 240.97, 235.00, 238.44, 238.43, 235.60, 248, 0.58, 10, 232, 93.55
TEAMLEASE, EQ, 09-Sep-2026, 1256.50, 1250.00, 1295.00, 1240.50, 1280.00, 1281.50, 1265.74, 20453, 258.88, 2973, 10520, 51.43
TEAMTECH, ST, 09-Sep-2026, 137.35, 134.00, 137.90, 134.00, 137.90, 137.90, 136.18, 10000, 13.62, 5, 8000, 80.00
TECH, EQ, 09-Sep-2026, 32.79, 32.79, 32.79, 31.61, 32.57, 31.76, 31.77, 122686, 38.97, 454, 92866, 75.69
TECHD, SM, 09-Sep-2026, 517.30, 517.30, 517.30, 501.10, 508.00, 508.65, 505.97, 22800, 115.36, 68, 14100, 61.84
TECHERA, SM, 09-Sep-2026, 154.70, 151.65, 155.10, 151.65, 152.70, 153.10, 153.16, 36800, 56.36, 46, 28000, 76.09
TECHLABS, SM, 09-Sep-2026, 121.65, 126.40, 127.70, 120.40, 127.70, 127.70, 127.04, 20500, 26.04, 80, 18750, 91.46
TECHM, EQ, 09-Sep-2026, 1559.00, 1531.00, 1531.00, 1498.00, 1508.00, 1508.00, 1508.20, 1329200, 20046.99, 65093, 601624, 45.26
TECHNOCRAF, EQ, 09-Sep-2026, 403.85, 405.90, 416.50, 401.00, 408.10, 409.00, 409.56, 1401837, 5741.35, 20474, 398867, 28.45
TECHNOE, EQ, 09-Sep-2026, 964.70, 965.00, 989.00, 960.00, 986.20, 985.30, 978.63, 156026, 1526.92, 11137, 74643, 47.84
TECHNVISN, EQ, 09-Sep-2026, 4797.50, 4839.00, 4950.00, 4636.00, 4950.00, 4928.50, 4855.30, 156, 7.57, 74, 101, 64.74
TECILCHEM, EQ, 09-Sep-2026, 9.26, 9.59, 10.20, 9.50, 9.67, 9.52, 9.67, 16420, 1.59, 92, 14806, 90.17
TEGA, EQ, 09-Sep-2026, 1632.40, 1632.50, 1743.30, 1625.20, 1680.00, 1678.30, 1687.81, 1152710, 19455.61, 55145, 600244, 52.07
TEJA, SM, 09-Sep-2026, 238.65, 238.90, 243.95, 237.00, 237.00, 237.05, 240.05, 101400, 243.41, 41, 95400, 94.08
TEJASCARGO, SM, 09-Sep-2026, 392.00, 392.00, 410.00, 392.00, 400.00, 400.00, 400.00, 2000, 8.00, 5, 2000, 100.00
TEJASNET, EQ, 09-Sep-2026, 590.05, 589.00, 600.00, 574.00, 576.05, 575.90, 581.97, 2049808, 11929.21, 38263, 552226, 26.94
TEMBO, EQ, 09-Sep-2026, 58.17, 58.45, 58.50, 57.36, 57.53, 57.45, 57.70, 487518, 281.30, 1803, 317548, 65.14
TEMPSENS, EQ, 09-Sep-2026, 571.35, 574.70, 609.80, 572.00, 589.00, 588.65, 593.66, 7543324, 44781.37, 123864, 1404957, 18.63
TENNIND, EQ, 09-Sep-2026, 525.70, 526.80, 528.95, 513.40, 518.65, 518.40, 519.22, 564878, 2932.98, 20539, 287655, 50.92
TERAI, EQ, 09-Sep-2026, 130.00, 131.30, 131.30, 115.00, 129.99, 123.31, 123.28, 1258, 1.55, 51, 838, 66.61
TERASOFT, EQ, 09-Sep-2026, 272.35, 272.35, 272.35, 251.50, 258.50, 255.40, 260.32, 40624, 105.75, 1573, 23369, 57.53
TEXINFRA, EQ, 09-Sep-2026, 120.03, 120.01, 121.29, 112.52, 113.20, 115.23, 116.22, 380617, 442.35, 2334, 270176, 70.98
TEXMOPIPES, EQ, 09-Sep-2026, 52.52, 52.30, 59.20, 51.31, 58.25, 57.59, 57.00, 998839, 569.31, 6325, 447512, 44.80
TEXRAIL, EQ, 09-Sep-2026, 118.26, 117.98, 118.60, 114.80, 115.25, 115.16, 116.42, 1397158, 1626.53, 14256, 615336, 44.04
TFCILTD, EQ, 09-Sep-2026, 140.89, 141.01, 144.80, 140.15, 142.51, 141.69, 142.28, 5715933, 8132.53, 18927, 2047259, 35.82
TFL, EQ, 09-Sep-2026, 12.06, 12.18, 12.18, 11.82, 11.86, 11.92, 12.04, 662, 0.08, 26, 617, 93.20
TGBHOTELS, EQ, 09-Sep-2026, 9.21, 9.45, 10.49, 9.30, 9.90, 9.82, 9.85, 135707, 13.37, 317, 84107, 61.98
TGL, ST, 09-Sep-2026, 17.35, 17.05, 17.05, 17.05, 17.05, 17.05, 17.05, 2400, 0.41, 8, 2400, 100.00
TGVSL, EQ, 09-Sep-2026, 109.47, 109.11, 109.93, 106.10, 107.69, 106.92, 107.46, 103034, 110.72, 1422, 52298, 50.76
THACKER, EQ, 09-Sep-2026, 1017.00, 1017.00, 1047.00, 1017.00, 1045.00, 1045.00, 1030.61, 44, 0.45, 8, 42, 95.45
THAKDEV, EQ, 09-Sep-2026, 148.00, 148.00, 148.00, 137.00, 137.00, 138.50, 146.88, 17, 0.02, 6, 15, 88.24
THANGAMAYL, EQ, 09-Sep-2026, 5366.50, 5366.00, 5366.00, 5100.50, 5144.00, 5118.00, 5184.39, 89077, 4618.10, 13908, 48384, 54.32
THEINVEST, EQ, 09-Sep-2026, 96.28, 98.00, 100.80, 96.00, 96.65, 97.46, 98.55, 11001, 10.84, 261, 7231, 65.73
THEJO, EQ, 09-Sep-2026, 2134.10, 2149.90, 2175.80, 2095.00, 2148.00, 2150.10, 2139.40, 5976, 127.85, 921, 3667, 61.36
THELEELA, EQ, 09-Sep-2026, 542.50, 540.95, 545.00, 528.00, 534.75, 531.45, 533.07, 244629, 1304.05, 15808, 144274, 58.98
THEMISMED, EQ, 09-Sep-2026, 132.17, 131.75, 136.20, 130.94, 132.80, 132.71, 133.90, 305033, 408.43, 5492, 95281, 31.24
THERMAX, EQ, 09-Sep-2026, 3629.60, 3631.80, 3702.00, 3614.20, 3637.50, 3638.60, 3646.02, 140751, 5131.81, 28126, 73792, 52.43
THESL, ST, 09-Sep-2026, 14.60, 14.60, 14.60, 14.60, 14.60, 14.60, 14.60, 3000, 0.44, 1, 3000, 100.00
THOMASCOOK, EQ, 09-Sep-2026, 109.91, 110.00, 110.00, 107.50, 108.99, 109.13, 108.60, 809014, 878.61, 6708, 318692, 39.39
THOMASCOTT, EQ, 09-Sep-2026, 255.30, 256.50, 257.90, 249.00, 250.10, 250.60, 252.66, 69512, 175.63, 2013, 44168, 63.54
THYROCARE, EQ, 09-Sep-2026, 569.45, 569.45, 574.05, 564.10, 569.40, 566.85, 568.02, 171583, 974.62, 15356, 91765, 53.48
TI, EQ, 09-Sep-2026, 540.35, 540.45, 540.85, 526.80, 528.00, 530.90, 534.05, 653479, 3489.90, 16666, 448452, 68.63
TICL, BE, 09-Sep-2026, 7.63, 7.63, 7.95, 7.48, 7.70, 7.70, 7.72, 31961, 2.47, 118, -, -
TIGERLOGS, EQ, 09-Sep-2026, 27.82, 27.82, 28.86, 27.10, 27.48, 27.36, 27.67, 71997, 19.92, 613, 37782, 52.48
TIIL, EQ, 09-Sep-2026, 3141.00, 3150.00, 3240.80, 3119.80, 3140.00, 3170.20, 3181.84, 63318, 2014.68, 8358, 36186, 57.15
TIINDIA, EQ, 09-Sep-2026, 2638.70, 2649.40, 2708.60, 2596.30, 2678.30, 2678.30, 2676.27, 234838, 6284.91, 26465, 101082, 43.04
TIJARIA, BE, 09-Sep-2026, 8.62, 8.19, 8.19, 8.19, 8.19, 8.19, 8.19, 31244, 2.56, 46, -, -
TIL, BE, 09-Sep-2026, 250.64, 250.00, 255.00, 248.10, 250.00, 248.97, 250.50, 41106, 102.97, 298, -, -
TIMESCAN, SM, 09-Sep-2026, 39.50, 39.50, 39.50, 39.50, 39.50, 39.50, 39.50, 6000, 2.37, 2, 6000, 100.00
TIMETECHNO, EQ, 09-Sep-2026, 186.54, 186.24, 189.20, 184.50, 185.47, 184.99, 186.82, 1710617, 3195.69, 16121, 598131, 34.97
TIMEX, EQ, 09-Sep-2026, 607.10, 605.10, 632.50, 603.75, 625.20, 623.35, 622.20, 313646, 1951.52, 19881, 132459, 42.23
TIMKEN, EQ, 09-Sep-2026, 3098.90, 3090.00, 3208.00, 3087.20, 3184.60, 3173.40, 3155.93, 30907, 975.40, 6836, 15248, 49.34
TINNARUBR, EQ, 09-Sep-2026, 1019.00, 1025.65, 1111.00, 1011.05, 1046.00, 1047.90, 1066.64, 221674, 2364.47, 16846, 57065, 25.74
TIPSFILMS, EQ, 09-Sep-2026, 331.10, 336.00, 337.45, 326.00, 326.50, 326.65, 330.52, 3246, 10.73, 176, 2290, 70.55
TIPSMUSIC, EQ, 09-Sep-2026, 644.90, 644.00, 654.85, 638.20, 650.85, 650.80, 649.73, 162290, 1054.44, 11913, 72132, 44.45
TIRUMALCHM, EQ, 09-Sep-2026, 157.90, 158.49, 161.00, 156.71, 157.84, 157.81, 158.64, 339118, 537.99, 5867, 170956, 50.41
TIRUPATI, SM, 09-Sep-2026, 308.00, 308.00, 308.00, 308.00, 308.00, 308.00, 308.00, 125, 0.39, 1, 125, 100.00
TIRUPATIFL, BE, 09-Sep-2026, 70.02, 69.31, 70.65, 68.60, 69.09, 69.29, 69.44, 138698, 96.31, 766, -, -
TITAGARH, EQ, 09-Sep-2026, 880.80, 881.00, 904.80, 873.15, 876.30, 876.35, 890.80, 869717, 7747.41, 31258, 287585, 33.07
TITAN, EQ, 09-Sep-2026, 4987.00, 5010.00, 5019.00, 4968.00, 5005.00, 5005.00, 4995.55, 502050, 25080.17, 57949, 326646, 65.06
TMB, EQ, 09-Sep-2026, 926.80, 920.00, 929.60, 916.10, 920.00, 922.25, 922.65, 68604, 632.98, 5825, 35007, 51.03
TMCV, EQ, 09-Sep-2026, 456.05, 455.05, 458.35, 443.55, 444.00, 444.95, 449.19, 5681388, 25519.96, 88129, 3110384, 54.75
TMPV, EQ, 09-Sep-2026, 306.45, 306.45, 306.45, 300.80, 303.00, 303.00, 303.33, 6971556, 21146.72, 81181, 3316966, 47.58
TNIDETF, EQ, 09-Sep-2026, 89.67, 90.12, 90.29, 88.20, 89.06, 88.43, 88.61, 75049, 66.50, 712, 57459, 76.56
TNPETRO, EQ, 09-Sep-2026, 139.18, 141.27, 144.75, 136.45, 137.90, 137.60, 140.57, 1993687, 2802.58, 20527, 550056, 27.59
TNPL, EQ, 09-Sep-2026, 161.41, 161.99, 162.19, 155.00, 155.35, 155.34, 157.18, 188419, 296.16, 3736, 106904, 56.74
TNTELE, EQ, 09-Sep-2026, 8.99, 8.81, 9.00, 8.80, 8.89, 8.89, 8.92, 9038, 0.81, 64, 7036, 77.85
TOKYOPLAST, EQ, 09-Sep-2026, 78.50, 77.40, 78.49, 74.58, 74.58, 74.65, 75.62, 2024, 1.53, 67, 1679, 82.95
TOLINS, EQ, 09-Sep-2026, 92.23, 91.11, 92.90, 90.90, 91.99, 91.45, 91.28, 31300, 28.57, 1021, 21312, 68.09
TOP100CASE, EQ, 09-Sep-2026, 10.43, 10.64, 10.64, 10.35, 10.38, 10.37, 10.39, 966569, 100.42, 1369, 659282, 68.21
TOP10ADD, EQ, 09-Sep-2026, 86.63, 86.17, 86.33, 85.36, 85.70, 85.46, 85.65, 638719, 547.06, 1104, 537661, 84.18
TOP15IETF, EQ, 09-Sep-2026, 9.68, 9.63, 9.66, 9.56, 9.61, 9.57, 9.58, 149833, 14.36, 403, 113274, 75.60
TOP20, EQ, 09-Sep-2026, 8.78, 8.78, 8.78, 8.67, 8.68, 8.67, 8.70, 67063, 5.84, 381, 66946, 99.83
TORNTPHARM, EQ, 09-Sep-2026, 4960.00, 4960.00, 4992.00, 4925.00, 4930.00, 4930.00, 4939.88, 165089, 8155.20, 20232, 102389, 62.02
TORNTPOWER, EQ, 09-Sep-2026, 1270.20, 1273.00, 1322.40, 1271.60, 1302.30, 1305.70, 1308.29, 486733, 6367.88, 29530, 162426, 33.37
TOTAL, EQ, 09-Sep-2026, 73.72, 77.00, 79.00, 74.30, 75.51, 75.25, 76.64, 36891, 28.27, 382, 28798, 78.06
TOUCHWOOD, EQ, 09-Sep-2026, 61.06, 61.06, 61.40, 60.10, 61.00, 61.00, 60.90, 375, 0.23, 29, 232, 61.87
TOYAMSL, EQ, 09-Sep-2026, 0.62, 0.64, 0.65, 0.63, 0.65, 0.65, 0.64, 326303, 2.10, 113, 267121, 81.86
TPHQ, BE, 09-Sep-2026, 0.51, 0.51, 0.52, 0.49, 0.52, 0.50, 0.50, 1636776, 8.25, 368, -, -
TPLPLASTEH, EQ, 09-Sep-2026, 67.69, 67.69, 68.95, 67.33, 68.25, 68.03, 68.14, 115475, 78.68, 857, 38094, 32.99
TRACXN, EQ, 09-Sep-2026, 29.01, 29.29, 29.69, 28.86, 29.10, 29.15, 29.28, 375201, 109.85, 1531, 299072, 79.71
TRANSCOR, EQ, 09-Sep-2026, 24.99, 24.99, 25.97, 24.99, 25.95, 25.95, 24.99, 2330, 0.58, 12, 2328, 99.91
TRANSPEK, BE, 09-Sep-2026, 1370.40, 1357.00, 1388.00, 1321.00, 1359.90, 1358.60, 1344.17, 1859, 24.99, 96, -, -
TRANSRAILL, EQ, 09-Sep-2026, 419.00, 420.00, 433.30, 420.00, 424.15, 424.05, 426.03, 461612, 1966.61, 15309, 215450, 46.67
TRANSTEEL, SM, 09-Sep-2026, 75.45, 76.05, 78.00, 75.30, 76.65, 76.60, 76.89, 140000, 107.65, 78, 105000, 75.00
TRANSWORLD, BE, 09-Sep-2026, 171.00, 171.00, 171.00, 168.00, 168.00, 168.00, 168.38, 2559, 4.31, 23, -, -
TRAVELFOOD, EQ, 09-Sep-2026, 1295.50, 1295.00, 1304.80, 1269.20, 1301.50, 1298.60, 1284.26, 27394, 351.81, 2660, 13968, 50.99
TREEHOUSE, EQ, 09-Sep-2026, 6.07, 6.07, 6.13, 5.60, 6.00, 5.94, 5.85, 21266, 1.24, 160, 14850, 69.83
TREJHARA, EQ, 09-Sep-2026, 149.11, 148.95, 149.80, 144.01, 148.75, 147.76, 147.01, 20042, 29.46, 404, 12748, 63.61
TREL, EQ, 09-Sep-2026, 26.72, 26.72, 27.31, 26.05, 27.00, 26.99, 26.98, 213848, 57.69, 3903, 160897, 75.24
TRENT, EQ, 09-Sep-2026, 2793.60, 2793.60, 2841.80, 2782.00, 2820.00, 2820.00, 2818.53, 601991, 16967.32, 41832, 285276, 47.39
TRF, EQ, 09-Sep-2026, 230.98, 231.21, 232.39, 227.00, 230.00, 228.79, 229.83, 3357, 7.72, 258, 2427, 72.30
TRIDENT, EQ, 09-Sep-2026, 23.86, 23.90, 24.07, 23.75, 23.82, 23.79, 23.85, 1905033, 454.42, 8180, 1007406, 52.88
TRIDHYA, ST, 09-Sep-2026, 7.15, 7.15, 7.15, 7.15, 7.15, 7.15, 7.15, 3000, 0.21, 1, 3000, 100.00
TRIGYN, EQ, 09-Sep-2026, 56.92, 56.95, 61.50, 56.51, 56.80, 57.39, 58.66, 73190, 42.93, 2174, 28749, 39.28
TRITONV, EQ, 09-Sep-2026, 1124.60, 1135.80, 1146.00, 1111.00, 1135.00, 1140.60, 1135.66, 2202, 25.01, 418, 1536, 69.75
TRITURBINE, EQ, 09-Sep-2026, 580.60, 580.60, 583.60, 563.80, 564.30, 565.05, 569.76, 454425, 2589.12, 72067, 264312, 58.16
TRIVENI, EQ, 09-Sep-2026, 272.75, 270.20, 274.70, 265.00, 269.45, 268.80, 269.47, 445094, 1199.40, 9296, 210532, 47.30
TROM, SM, 09-Sep-2026, 61.90, 60.50, 60.50, 60.50, 60.50, 60.50, 60.50, 600, 0.36, 1, 600, 100.00
TRU, EQ, 09-Sep-2026, 4.06, 4.13, 4.34, 4.04, 4.20, 4.18, 4.18, 122358, 5.12, 314, 99689, 81.47
TRUALT, EQ, 09-Sep-2026, 415.70, 415.70, 428.60, 415.00, 424.50, 421.15, 423.47, 119790, 507.28, 3904, 73879, 61.67
TRUST, SM, 09-Sep-2026, 29.20, 29.50, 29.50, 27.90, 28.05, 28.05, 28.17, 34200, 9.63, 30, 30600, 89.47
TSC, ST, 09-Sep-2026, 47.45, 49.80, 49.80, 49.80, 49.80, 49.80, 49.80, 6000, 2.99, 3, 6000, 100.00
TSFINV, EQ, 09-Sep-2026, 422.30, 422.30, 430.65, 416.00, 423.25, 422.90, 423.77, 86541, 366.73, 4195, 49204, 56.86
TTKHLTCARE, EQ, 09-Sep-2026, 1191.00, 1217.20, 1247.00, 1166.30, 1179.80, 1184.00, 1216.99, 244268, 2972.71, 22766, 97819, 40.05
TTKPRESTIG, EQ, 09-Sep-2026, 549.20, 549.00, 554.50, 540.25, 541.75, 541.35, 544.90, 60712, 330.82, 6074, 32148, 52.95
TTL, EQ, 09-Sep-2026, 6.83, 7.05, 7.25, 6.61, 6.90, 6.84, 6.78, 296238, 20.10, 529, 176239, 59.49
TTML, EQ, 09-Sep-2026, 36.49, 36.55, 36.55, 36.00, 36.00, 36.13, 36.26, 1205146, 437.02, 6574, 602801, 50.02
TUNWAL, SM, 09-Sep-2026, 25.35, 25.35, 25.40, 25.00, 25.25, 25.25, 25.18, 36000, 9.07, 17, 28000, 77.78
TURTLEMINT, EQ, 09-Sep-2026, 139.86, 139.10, 139.10, 133.80, 135.25, 134.62, 136.02, 423536, 576.07, 6983, 239379, 56.52
TUTIALKA, EQ, 09-Sep-2026, 59.91, 59.80, 61.00, 58.05, 58.05, 58.38, 59.32, 14318, 8.49, 170, 11538, 80.58
TVSELECT, EQ, 09-Sep-2026, 411.75, 410.00, 427.00, 410.00, 415.75, 414.85, 417.15, 30987, 129.26, 1384, 15303, 49.39
TVSHLTD, EQ, 09-Sep-2026, 13377.00, 13377.00, 13399.00, 13050.00, 13090.00, 13119.00, 13163.68, 5346, 703.73, 2565, 2434, 45.53
TVSMOTOR, EQ, 09-Sep-2026, 4133.20, 4102.00, 4217.50, 4071.30, 4151.10, 4151.10, 4135.76, 1044264, 43188.25, 69102, 655099, 62.73
TVSSCS, EQ, 09-Sep-2026, 127.23, 127.00, 127.38, 124.26, 124.75, 124.65, 125.64, 635388, 798.31, 8152, 393973, 62.01
TVSSRICHAK, EQ, 09-Sep-2026, 5340.00, 5350.00, 5367.00, 5150.00, 5179.50, 5169.00, 5223.69, 7739, 404.26, 1817, 4422, 57.14
TVTODAY, EQ, 09-Sep-2026, 110.99, 110.99, 112.70, 110.00, 110.02, 110.06, 110.29, 17754, 19.58, 385, 14073, 79.27
TVVISION, BE, 09-Sep-2026, 3.18, 3.20, 3.20, 3.03, 3.03, 3.03, 3.04, 106312, 3.23, 113, -, -
TWCGOLDETF, EQ, 09-Sep-2026, 151.52, 154.55, 154.55, 150.57, 151.41, 151.54, 151.77, 12189, 18.50, 122, 12132, 99.53
UBL, EQ, 09-Sep-2026, 1252.50, 1252.00, 1279.00, 1245.00, 1260.50, 1266.70, 1267.55, 189906, 2407.15, 14486, 97211, 51.19
UCAL, BE, 09-Sep-2026, 147.14, 145.05, 149.00, 141.01, 148.00, 147.92, 144.15, 19134, 27.58, 117, -, -
UCL, ST, 09-Sep-2026, 244.80, 239.95, 239.95, 239.95, 239.95, 239.95, 239.95, 8000, 19.20, 4, 8000, 100.00
UCOBANK, EQ, 09-Sep-2026, 24.18, 24.14, 24.24, 23.93, 24.00, 23.98, 24.06, 4455335, 1071.88, 14754, 2148562, 48.22
UDAYJEW, EQ, 09-Sep-2026, 167.17, 167.25, 176.75, 167.25, 174.20, 174.55, 174.11, 366777, 638.60, 2812, 60202, 16.41
UDS, EQ, 09-Sep-2026, 215.77, 217.00, 217.02, 205.64, 208.00, 207.42, 211.83, 449284, 951.72, 6289, 128695, 28.64
UEL, EQ, 09-Sep-2026, 218.05, 208.00, 215.31, 207.15, 207.15, 207.15, 208.48, 24874, 51.86, 386, 17992, 72.33
UFBL, BE, 09-Sep-2026, 717.60, 719.85, 719.85, 695.00, 695.40, 704.00, 709.69, 19392, 137.62, 830, -, -
UFLEX, EQ, 09-Sep-2026, 686.75, 686.75, 701.05, 677.30, 680.00, 680.15, 687.67, 154643, 1063.44, 6403, 72913, 47.15
UFO, EQ, 09-Sep-2026, 64.83, 65.75, 65.75, 63.02, 63.74, 63.13, 63.62, 57074, 36.31, 706, 41802, 73.24
UGARSUGAR, EQ, 09-Sep-2026, 53.29, 53.29, 53.51, 50.00, 50.51, 50.49, 51.77, 369523, 191.30, 3163, 195934, 53.02
UGROCAP, EQ, 09-Sep-2026, 85.06, 85.00, 85.00, 83.23, 83.70, 83.44, 83.80, 164949, 138.22, 1992, 110800, 67.17
UHTL, ST, 09-Sep-2026, 164.75, 168.00, 168.00, 168.00, 168.00, 168.00, 168.00, 10000, 16.80, 4, 10000, 100.00
UJJIVANSFB, EQ, 09-Sep-2026, 64.86, 64.28, 65.09, 63.68, 64.37, 64.12, 64.32, 14563305, 9367.35, 37222, 6353675, 43.63
ULTRACEMCO, EQ, 09-Sep-2026, 11009.00, 10975.00, 10998.00, 10860.00, 10900.00, 10900.00, 10929.30, 325637, 35589.84, 65009, 234673, 72.07
ULTRAMAR, EQ, 09-Sep-2026, 421.45, 426.20, 431.00, 420.30, 429.40, 427.50, 425.09, 35369, 150.35, 3806, 17869, 50.52
UMA, SM, 09-Sep-2026, 17.05, 16.80, 16.80, 16.80, 16.80, 16.80, 16.80, 4000, 0.67, 1, 4000, 100.00
UMAEXPORTS, BE, 09-Sep-2026, 23.03, 22.57, 22.57, 22.57, 22.57, 22.57, 22.57, 1862, 0.42, 19, -, -
UMESLTD, EQ, 09-Sep-2026, 5.08, 5.10, 5.13, 4.96, 5.08, 5.08, 5.05, 1680, 0.08, 44, 1103, 65.65
UMIYA-MRO, EQ, 09-Sep-2026, 98.93, 98.00, 102.99, 95.40, 99.89, 99.46, 99.08, 15283, 15.14, 519, 9173, 60.02
UNICHEMLAB, EQ, 09-Sep-2026, 555.60, 564.45, 564.45, 534.15, 540.10, 542.70, 543.62, 94121, 511.66, 4986, 41787, 44.40
UNIDT, BE, 09-Sep-2026, 234.16, 238.95, 239.97, 227.00, 231.51, 230.36, 233.12, 22373, 52.15, 193, -, -
UNIECOM, EQ, 09-Sep-2026, 84.13, 83.76, 86.08, 82.55, 85.13, 85.50, 84.03, 308642, 259.35, 2953, 181981, 58.96
UNIENTER, EQ, 09-Sep-2026, 93.55, 94.01, 94.99, 92.07, 92.50, 92.56, 92.96, 11028, 10.25, 117, 9462, 85.80
UNIHEALTH, SM, 09-Sep-2026, 717.15, 723.00, 723.00, 706.00, 720.00, 720.00, 715.14, 3500, 25.03, 7, 2000, 57.14
UNIINFO, EQ, 09-Sep-2026, 11.05, 11.20, 11.25, 10.81, 11.25, 11.25, 11.19, 2923, 0.33, 34, 2902, 99.28
UNIMECH, EQ, 09-Sep-2026, 1629.60, 1649.00, 1652.80, 1542.00, 1587.00, 1586.40, 1584.02, 399949, 6335.29, 40166, 156206, 39.06
UNIONBANK, EQ, 09-Sep-2026, 183.22, 181.75, 183.89, 180.82, 183.89, 183.89, 182.60, 7080822, 12929.36, 28663, 3150525, 44.49
UNIONGOLD, EQ, 09-Sep-2026, 148.85, 149.50, 152.80, 148.40, 149.05, 149.00, 149.26, 1800, 2.69, 61, 1183, 65.72
UNIPARTS, EQ, 09-Sep-2026, 898.00, 896.00, 908.95, 888.25, 892.25, 894.05, 898.32, 142933, 1284.00, 9203, 40386, 28.26
UNITDSPR, EQ, 09-Sep-2026, 1440.00, 1438.00, 1439.90, 1395.20, 1405.20, 1405.20, 1405.14, 493439, 6933.53, 21490, 250720, 50.81
UNITECH, EQ, 09-Sep-2026, 4.04, 4.10, 4.10, 3.88, 3.92, 3.92, 3.94, 6591605, 259.52, 3270, 4087154, 62.01
UNITEDPOLY, EQ, 09-Sep-2026, 42.78, 43.00, 43.00, 41.84, 42.63, 42.93, 42.76, 110087, 47.08, 789, 77908, 70.77
UNITEDTEA, EQ, 09-Sep-2026, 441.85, 444.35, 445.95, 436.35, 438.00, 439.90, 439.87, 5647, 24.84, 77, 5517, 97.70
UNIVASTU, BE, 09-Sep-2026, 164.79, 162.50, 166.49, 160.25, 163.00, 163.35, 163.11, 46744, 76.25, 282, -, -
UNIVCABLES, EQ, 09-Sep-2026, 1524.70, 1536.90, 1564.00, 1528.50, 1539.00, 1543.60, 1548.86, 91480, 1416.90, 9606, 44109, 48.22
UNIVPHOTO, BE, 09-Sep-2026, 540.60, 555.00, 567.60, 531.00, 567.00, 566.25, 559.63, 7505, 42.00, 213, -, -
UNOMINDA, EQ, 09-Sep-2026, 1237.00, 1230.00, 1237.00, 1225.70, 1229.00, 1229.00, 1231.64, 375564, 4625.61, 17401, 223027, 59.38
UPHOT, EQ, 09-Sep-2026, 1396.50, 1390.00, 1400.00, 1390.00, 1400.00, 1400.00, 1390.67, 420, 5.84, 18, 420, 100.00
UPL, EQ, 09-Sep-2026, 576.75, 573.50, 578.35, 568.55, 575.70, 575.70, 572.91, 1763304, 10102.10, 29306, 1006981, 57.11
URAVIDEF, BE, 09-Sep-2026, 113.53, 111.26, 115.00, 111.26, 115.00, 115.00, 111.62, 2705, 3.02, 29, -, -
URBAN, SM, 09-Sep-2026, 128.15, 128.15, 128.15, 124.55, 125.10, 125.25, 126.25, 8000, 10.10, 10, 4800, 60.00
URBANCO, EQ, 09-Sep-2026, 171.77, 170.50, 173.00, 166.00, 172.50, 171.59, 169.00, 5656330, 9559.47, 52274, 2127448, 37.61
URJA, EQ, 09-Sep-2026, 9.08, 9.08, 9.18, 9.02, 9.06, 9.05, 9.10, 777063, 70.71, 1996, 372270, 47.91
USASEEDS, SM, 09-Sep-2026, 92.20, 92.10, 92.10, 92.10, 92.10, 92.10, 92.10, 428, 0.39, 1, 428, 100.00
USHAFIN, SM, 09-Sep-2026, 53.75, 51.40, 51.40, 43.45, 50.00, 50.00, 47.40, 44800, 21.24, 27, 28800, 64.29
USHAMART, EQ, 09-Sep-2026, 499.85, 499.80, 502.10, 494.05, 498.00, 498.65, 497.66, 273561, 1361.42, 14993, 156757, 57.30
USK, EQ, 09-Sep-2026, 20.88, 21.00, 21.55, 20.56, 21.09, 20.86, 21.18, 30662, 6.49, 129, 23954, 78.12
UTIAMC, EQ, 09-Sep-2026, 900.45, 899.50, 903.35, 896.55, 901.10, 900.90, 900.47, 57773, 520.23, 5143, 32715, 56.63
UTKAL, SM, 09-Sep-2026, 46.55, 44.25, 44.25, 44.25, 44.25, 44.25, 44.25, 8000, 3.54, 4, 6000, 75.00
UTKARSHBNK, EQ, 09-Sep-2026, 15.69, 15.41, 16.48, 15.21, 16.00, 15.90, 15.83, 50487332, 7994.50, 91311, 16834954, 33.34
UTLSOLAR, EQ, 09-Sep-2026, 435.20, 435.20, 454.30, 435.20, 451.00, 451.50, 445.66, 356144, 1587.19, 16067, 177587, 49.86
UTSSAV, SM, 09-Sep-2026, 470.00, 470.00, 493.00, 470.00, 487.55, 487.35, 483.21, 19200, 92.78, 30, 15600, 81.25
UTTAMSUGAR, EQ, 09-Sep-2026, 287.55, 287.40, 290.00, 279.60, 284.50, 283.75, 283.12, 213906, 605.61, 4680, 58220, 27.22
UWCSL, SM, 09-Sep-2026, 121.45, 123.00, 123.00, 122.00, 122.00, 122.00, 122.55, 3000, 3.68, 3, 3000, 100.00
UYFINCORP, BE, 09-Sep-2026, 19.88, 20.14, 20.14, 19.40, 19.42, 19.44, 19.61, 40538, 7.95, 173, -, -
V2RETAIL, EQ, 09-Sep-2026, 220.17, 219.08, 220.77, 216.18, 219.00, 219.67, 219.07, 1035755, 2269.04, 17533, 623978, 60.24
VADILALIND, EQ, 09-Sep-2026, 7534.50, 7499.00, 7594.50, 7422.50, 7426.50, 7462.00, 7519.10, 8592, 646.04, 2938, 4326, 50.35
VADILENT, EQ, 09-Sep-2026, 10364.00, 10590.00, 10590.00, 10400.00, 10400.00, 10401.00, 10489.00, 51, 5.35, 27, 47, 92.16
VAIBHAVGBL, EQ, 09-Sep-2026, 215.98, 215.98, 218.12, 213.10, 214.70, 214.25, 215.69, 178200, 384.37, 6021, 100162, 56.21
VAISHALI, EQ, 09-Sep-2026, 8.34, 8.47, 8.47, 8.05, 8.10, 8.14, 8.16, 166181, 13.56, 254, 133502, 80.34
VAKRANGEE, EQ, 09-Sep-2026, 5.62, 5.62, 5.66, 5.50, 5.50, 5.52, 5.55, 1423887, 79.04, 1961, 959492, 67.39
VAL30IETF, EQ, 09-Sep-2026, 15.00, 15.11, 15.13, 15.00, 15.04, 15.05, 15.07, 855942, 128.98, 437, 670581, 78.34
VALIANTLAB, BE, 09-Sep-2026, 114.13, 116.60, 119.83, 115.27, 119.83, 119.83, 119.19, 118328, 141.03, 532, -, -
VALIANTORG, BE, 09-Sep-2026, 342.40, 354.50, 359.50, 346.05, 359.50, 359.50, 358.15, 61630, 220.72, 528, -, -
VALUE, EQ, 09-Sep-2026, 15.98, 15.99, 16.13, 15.99, 16.06, 16.06, 16.05, 17546, 2.82, 65, 14047, 80.06
VALUE360, SM, 09-Sep-2026, 69.00, 68.00, 76.45, 65.00, 70.00, 71.30, 70.03, 15600, 10.92, 12, 10800, 69.23
VALUEAXIS, EQ, 09-Sep-2026, 32.62, 32.85, 32.97, 32.60, 32.90, 32.73, 32.72, 46207, 15.12, 274, 28615, 61.93
VAML, EQ, 09-Sep-2026, 436.60, 436.20, 449.70, 434.00, 445.65, 445.30, 444.62, 6748411, 30004.81, 88596, 3703846, 54.88
VARDHACRLC, BE, 09-Sep-2026, 44.18, 44.18, 44.75, 43.65, 44.30, 44.02, 44.15, 24251, 10.71, 132, -, -
VARDMNPOLY, EQ, 09-Sep-2026, 5.89, 5.89, 6.00, 5.82, 5.95, 5.91, 5.89, 188275, 11.10, 301, 126868, 67.38
VARROC, EQ, 09-Sep-2026, 849.45, 851.00, 862.20, 832.75, 837.50, 839.40, 842.89, 163818, 1380.80, 11490, 73776, 45.04
VASA, SM, 09-Sep-2026, 3.70, 3.55, 3.55, 3.55, 3.55, 3.55, 3.55, 4000, 0.14, 1, 4000, 100.00
VASCONEQ, EQ, 09-Sep-2026, 29.87, 29.89, 30.69, 29.60, 29.80, 29.70, 29.81, 236751, 70.58, 971, 168359, 71.11
VASUPRADA, EQ, 09-Sep-2026, 103.00, 103.00, 103.00, 103.00, 103.00, 103.00, 103.00, 36, 0.04, 2, 36, 100.00
VASWANI, EQ, 09-Sep-2026, 46.50, 46.09, 46.50, 45.00, 46.50, 45.75, 45.62, 14935, 6.81, 179, 9718, 65.07
VBL, EQ, 09-Sep-2026, 405.70, 396.20, 407.00, 396.20, 407.00, 407.00, 401.48, 11284331, 45304.77, 86731, 6777633, 60.06
VCL, BE, 09-Sep-2026, 1.58, 1.65, 1.65, 1.65, 1.65, 1.65, 1.65, 302169, 4.99, 84, -, -
VDEAL, SM, 09-Sep-2026, 146.15, 154.00, 154.00, 137.00, 138.50, 138.50, 140.94, 24000, 33.83, 39, 19800, 82.50
VEDAVAAG, EQ, 09-Sep-2026, 18.83, 18.99, 19.08, 18.16, 18.49, 18.51, 18.56, 7155, 1.33, 104, 5601, 78.28
VEDL, EQ, 09-Sep-2026, 272.00, 271.50, 275.75, 268.55, 272.50, 272.50, 273.57, 8634652, 23621.88, 53235, 4957481, 57.41
VEDPOWER, EQ, 09-Sep-2026, 34.28, 34.34, 34.75, 34.02, 34.31, 34.28, 34.42, 8453812, 2909.66, 25254, 3973623, 47.00
VEEDOL, EQ, 09-Sep-2026, 1454.00, 1457.50, 1467.10, 1435.60, 1435.60, 1437.00, 1442.83, 8441, 121.79, 1141, 5272, 62.46
VEEKAYEM, SM, 09-Sep-2026, 106.15, 100.85, 108.90, 100.85, 108.90, 105.95, 102.92, 2500, 2.57, 5, 2000, 80.00
VELJAN, BE, 09-Sep-2026, 1890.00, 1880.60, 1915.00, 1841.00, 1866.60, 1885.20, 1865.18, 153, 2.85, 22, -, -
VENKEYS, EQ, 09-Sep-2026, 1709.00, 1710.00, 1727.80, 1680.00, 1698.70, 1694.70, 1697.46, 62910, 1067.87, 5733, 29178, 46.38
VENTIVE, EQ, 09-Sep-2026, 571.50, 572.55, 574.00, 554.85, 565.00, 569.70, 564.56, 66140, 373.40, 2768, 44685, 67.56
VENUSPIPES, EQ, 09-Sep-2026, 1949.90, 1945.00, 1998.00, 1907.00, 1942.00, 1930.10, 1962.99, 287398, 5641.60, 21236, 102502, 35.67
VENUSREM, BE, 09-Sep-2026, 1625.20, 1620.00, 1700.00, 1620.00, 1645.00, 1650.20, 1668.59, 25233, 421.03, 1179, -, -
VERANDA, EQ, 09-Sep-2026, 232.73, 234.16, 236.70, 230.49, 236.00, 233.79, 233.07, 146699, 341.90, 2198, 72384, 49.34
VERTEXPLUS, SM, 09-Sep-2026, 60.35, 57.40, 63.35, 57.40, 63.35, 63.35, 61.93, 3000, 1.86, 4, 2400, 80.00
VERTIS, IV, 09-Sep-2026, 116.74, 116.75, 116.99, 116.65, 116.65, 116.65, 116.76, 100000, 116.76, 4, 100000, 100.00
VERTOZ, EQ, 09-Sep-2026, 38.38, 38.80, 39.00, 37.80, 38.45, 38.10, 38.34, 26874, 10.30, 456, 17806, 66.26
VESUVIUS, EQ, 09-Sep-2026, 421.85, 423.00, 438.00, 419.75, 420.35, 420.85, 429.93, 175627, 755.08, 9444, 73758, 42.00
VETO, BE, 09-Sep-2026, 125.71, 123.56, 127.89, 123.20, 124.20, 124.63, 124.84, 24705, 30.84, 201, -, -
VGCL, EQ, 09-Sep-2026, 50.66, 52.00, 52.00, 48.15, 50.32, 48.27, 49.20, 8103, 3.99, 98, 7662, 94.56
VGINFOTECH, SM, 09-Sep-2026, 141.70, 141.50, 148.50, 140.15, 146.15, 146.15, 145.83, 44000, 64.16, 42, 30000, 68.18
VGL, EQ, 09-Sep-2026, 53.26, 53.00, 55.45, 51.62, 55.01, 54.77, 54.02, 37102, 20.04, 500, 24502, 66.04
VGUARD, EQ, 09-Sep-2026, 330.05, 330.05, 335.15, 326.15, 327.50, 326.95, 329.30, 454074, 1495.26, 12248, 229727, 50.59
VHL, EQ, 09-Sep-2026, 3631.40, 3600.00, 3681.00, 3420.20, 3469.80, 3453.60, 3490.02, 3434, 119.85, 500, 2427, 70.68
VHLTD, BE, 09-Sep-2026, 120.57, 120.60, 122.04, 117.53, 120.29, 119.20, 120.06, 25699, 30.85, 196, -, -
VIAZ, SM, 09-Sep-2026, 74.30, 74.30, 75.30, 71.00, 75.30, 75.30, 72.91, 8000, 5.83, 4, 8000, 100.00
VICTORYEV, SM, 09-Sep-2026, 15.65, 15.55, 15.55, 15.15, 15.55, 15.55, 15.42, 9000, 1.39, 3, 6000, 66.67
VIDHIING, EQ, 09-Sep-2026, 356.45, 358.40, 365.00, 347.55, 347.55, 350.20, 354.90, 59111, 209.78, 2385, 37844, 64.02
VIDYAWIRES, EQ, 09-Sep-2026, 89.09, 89.09, 91.70, 88.67, 90.00, 89.76, 90.22, 974594, 879.25, 8247, 472712, 48.50
VIESL, SM, 09-Sep-2026, 397.60, 397.60, 411.00, 395.00, 395.00, 399.15, 404.23, 15200, 61.44, 18, 10400, 68.42
VIGOR, SM, 09-Sep-2026, 115.55, 116.50, 117.00, 114.50, 117.00, 117.00, 116.50, 22400, 26.10, 13, 20800, 92.86
VIJAYA, EQ, 09-Sep-2026, 1503.00, 1501.80, 1578.00, 1476.70, 1495.00, 1498.90, 1528.95, 569495, 8707.31, 42425, 119598, 21.00
VIJAYPD, SM, 09-Sep-2026, 65.00, 65.00, 65.00, 63.00, 63.00, 63.00, 63.50, 8000, 5.08, 4, 8000, 100.00
VIJIFIN, BE, 09-Sep-2026, 16.58, 16.25, 16.25, 16.25, 16.25, 16.25, 16.25, 271832, 44.17, 242, -, -
VIJSOLX, EQ, 09-Sep-2026, 663.90, 670.00, 676.65, 632.00, 640.00, 642.50, 644.44, 1478, 9.52, 119, 1400, 94.72
VIKASECO, EQ, 09-Sep-2026, 1.05, 1.05, 1.08, 1.05, 1.06, 1.06, 1.07, 1762614, 18.83, 967, 847670, 48.09
VIKASLIFE, EQ, 09-Sep-2026, 1.28, 1.28, 1.29, 1.25, 1.26, 1.25, 1.27, 1436150, 18.24, 8400, 883974, 61.55
VIKRAMSOLR, EQ, 09-Sep-2026, 169.28, 167.55, 169.43, 166.10, 166.89, 166.59, 167.02, 1713809, 2862.35, 13520, 841355, 49.09
VIKRAN, EQ, 09-Sep-2026, 59.14, 59.00, 59.19, 58.30, 58.60, 58.50, 58.79, 589225, 346.41, 3338, 301953, 51.25
VILAS, SM, 09-Sep-2026, 353.60, 353.00, 353.75, 344.00, 350.00, 349.45, 349.64, 30500, 106.64, 91, 23250, 76.23
VILINBIO, SM, 09-Sep-2026, 59.75, 60.95, 60.95, 56.80, 56.80, 57.85, 58.13, 40000, 23.25, 10, 32000, 80.00
VIMTALABS, EQ, 09-Sep-2026, 625.80, 625.00, 638.75, 617.35, 626.00, 628.15, 626.92, 176456, 1106.24, 7771, 64504, 36.56
VINATIORGA, EQ, 09-Sep-2026, 1347.80, 1347.80, 1348.00, 1323.10, 1327.00, 1334.40, 1337.37, 42455, 567.78, 8513, 24524, 57.76
VINCOFE, EQ, 09-Sep-2026, 178.34, 177.90, 179.70, 174.67, 179.00, 178.40, 177.06, 2464634, 4363.77, 17425, 1016383, 41.24
VINDHYATEL, EQ, 09-Sep-2026, 2793.70, 2794.00, 2951.00, 2777.80, 2944.90, 2916.40, 2898.96, 163314, 4734.40, 20499, 51545, 31.56
VINEETLAB, EQ, 09-Sep-2026, 36.94, 37.90, 38.78, 36.88, 37.39, 37.14, 37.70, 73018, 27.53, 673, 44319, 60.70
VINNY, EQ, 09-Sep-2026, 1.00, 1.00, 1.02, 0.99, 1.01, 1.00, 1.01, 234737, 2.36, 188, 213639, 91.01
VINSYS, ST, 09-Sep-2026, 593.20, 593.00, 593.00, 590.00, 590.00, 590.00, 591.50, 1000, 5.92, 4, 1000, 100.00
VINYAS, SM, 09-Sep-2026, 1587.50, 1587.50, 1619.35, 1570.35, 1597.80, 1592.45, 1585.53, 8800, 139.53, 74, 6000, 68.18
VINYLINDIA, EQ, 09-Sep-2026, 224.57, 227.00, 228.00, 222.00, 222.15, 222.62, 224.20, 5240, 11.75, 322, 3890, 74.24
VIPCLOTHNG, EQ, 09-Sep-2026, 20.26, 20.50, 22.00, 20.50, 21.55, 21.47, 21.07, 204395, 43.06, 975, 129552, 63.38
VIPIND, EQ, 09-Sep-2026, 309.60, 308.20, 311.95, 303.50, 305.15, 305.00, 306.75, 340693, 1045.07, 9247, 159395, 46.79
VIPULLTD, BE, 09-Sep-2026, 13.44, 13.50, 13.51, 13.50, 13.50, 13.50, 13.51, 386770, 52.25, 183, -, -
VIRAT, EQ, 09-Sep-2026, 460.35, 436.20, 469.75, 436.20, 450.00, 450.20, 451.77, 6736, 30.43, 369, 5015, 74.45
VIRINCHI, EQ, 09-Sep-2026, 14.05, 14.36, 14.36, 14.00, 14.13, 14.17, 14.17, 36907, 5.23, 176, 31500, 85.35
VIRTUALG, BE, 09-Sep-2026, 0.46, 0.46, 0.46, 0.44, 0.45, 0.44, 0.45, 187434, 0.84, 167, -, -
VISACHROME, EQ, 09-Sep-2026, 36.93, 37.89, 38.45, 35.09, 35.09, 35.09, 35.51, 102411, 36.36, 497, 84187, 82.21
VISAKAIND, EQ, 09-Sep-2026, 93.12, 93.10, 93.10, 91.35, 91.50, 91.99, 92.05, 143775, 132.35, 2474, 76747, 53.38
VISAMAN, SM, 09-Sep-2026, 55.45, 52.70, 52.70, 52.70, 52.70, 52.70, 52.70, 4000, 2.11, 3, 4000, 100.00
VISDEM, SM, 09-Sep-2026, 98.00, 98.00, 98.00, 98.00, 98.00, 98.00, 98.00, 1200, 1.18, 1, 1200, 100.00
VISHAL, EQ, 09-Sep-2026, 18.39, 18.80, 18.80, 18.11, 18.25, 18.21, 18.34, 21745, 3.99, 155, 13103, 60.26
VISHNU, EQ, 09-Sep-2026, 731.55, 740.80, 741.00, 704.25, 708.80, 709.05, 719.18, 181853, 1307.85, 9713, 85238, 46.87
VISHNUINFR, SM, 09-Sep-2026, 155.00, 155.90, 155.90, 150.00, 152.00, 151.40, 152.07, 35000, 53.22, 41, 30500, 87.14
VISHWARAJ, EQ, 09-Sep-2026, 5.86, 5.94, 5.94, 5.62, 5.68, 5.66, 5.74, 406094, 23.31, 787, 293063, 72.17
VISL, EQ, 09-Sep-2026, 33.97, 34.08, 34.34, 33.26, 33.44, 33.38, 33.56, 30736292, 10315.35, 43225, 16288433, 52.99
VITAL, EQ, 09-Sep-2026, 55.40, 57.60, 57.60, 54.20, 56.00, 55.46, 55.37, 1748, 0.97, 15, 1737, 99.37
VIVIANA, EQ, 09-Sep-2026, 740.85, 739.90, 773.90, 732.05, 767.00, 769.55, 758.66, 33047, 250.71, 1333, 18168, 54.98
VIVIDEL, SM, 09-Sep-2026, 1698.30, 1707.00, 1759.00, 1707.00, 1739.95, 1732.05, 1738.35, 20880, 362.97, 75, 18240, 87.36
VIVIDHA, EQ, 09-Sep-2026, 0.52, 0.51, 0.54, 0.51, 0.53, 0.52, 0.52, 132103, 0.69, 137, 94218, 71.32
VIVIMEDLAB, BE, 09-Sep-2026, 6.33, 6.35, 6.40, 6.21, 6.27, 6.27, 6.27, 50627, 3.18, 65, -, -
VIVOBIOT, EQ, 09-Sep-2026, 19.01, 19.01, 19.20, 18.46, 18.65, 18.64, 18.71, 8752, 1.64, 93, 7109, 81.23
VIYASH, EQ, 09-Sep-2026, 261.95, 261.00, 262.45, 256.55, 262.00, 261.90, 259.54, 2327034, 6039.48, 24566, 1237851, 53.19
VLEGOV, EQ, 09-Sep-2026, 10.36, 10.31, 10.80, 10.12, 10.44, 10.34, 10.41, 61183, 6.37, 391, 40059, 65.47
VLINFRA, SM, 09-Sep-2026, 27.10, 26.75, 26.90, 26.55, 26.55, 26.55, 26.76, 6000, 1.61, 4, 6000, 100.00
VLSFINANCE, EQ, 09-Sep-2026, 246.08, 245.00, 247.92, 245.00, 245.65, 246.31, 246.17, 6221, 15.31, 230, 4156, 66.81
VMARCIND, SM, 09-Sep-2026, 321.80, 329.40, 333.65, 313.30, 329.10, 329.20, 326.25, 327000, 1066.84, 209, 174000, 53.21
VMART, EQ, 09-Sep-2026, 824.65, 820.95, 828.00, 815.95, 824.95, 821.20, 821.23, 101696, 835.16, 8275, 56476, 55.53
VMM, EQ, 09-Sep-2026, 103.90, 103.99, 103.99, 102.52, 103.18, 103.18, 103.11, 6949596, 7165.85, 28273, 3571493, 51.39
VMOBILE, SM, 09-Sep-2026, 54.00, 52.05, 55.50, 52.00, 55.35, 55.35, 53.19, 17600, 9.36, 22, 13600, 77.27
VMSTMT, EQ, 09-Sep-2026, 44.83, 44.48, 44.83, 44.01, 44.03, 44.11, 44.37, 22344, 9.91, 473, 15802, 70.72
VOEPL, EQ, 09-Sep-2026, 549.70, 549.70, 558.20, 531.70, 553.40, 552.45, 544.03, 107371, 584.13, 5317, 56077, 52.23
VOGL, EQ, 09-Sep-2026, 36.65, 36.50, 37.04, 36.20, 36.43, 36.27, 36.46, 28877181, 10529.07, 45222, 11821736, 40.94
VOITHPAPR, EQ, 09-Sep-2026, 1490.80, 1492.00, 1518.00, 1465.00, 1485.00, 1488.40, 1487.69, 454, 6.75, 62, 382, 84.14
VOLERCAR, SM, 09-Sep-2026, 232.45, 241.40, 241.40, 238.90, 238.90, 238.90, 240.08, 15200, 36.49, 2, 8000, 52.63
VOLTAMP, EQ, 09-Sep-2026, 11365.00, 11300.00, 11425.00, 11011.00, 11101.00, 11069.00, 11230.42, 17603, 1976.89, 7289, 7192, 40.86
VOLTAS, EQ, 09-Sep-2026, 1144.80, 1144.00, 1147.00, 1136.00, 1143.80, 1143.80, 1141.20, 475069, 5421.50, 14918, 274680, 57.82
VPRPL, EQ, 09-Sep-2026, 36.35, 37.70, 37.70, 34.85, 35.00, 35.11, 36.03, 814216, 293.37, 5101, 323372, 39.72
VR, SM, 09-Sep-2026, 112.45, 107.00, 107.00, 106.85, 106.85, 106.85, 106.90, 1600, 1.71, 4, 1600, 100.00
VRAJ, EQ, 09-Sep-2026, 121.44, 121.44, 125.50, 120.50, 124.81, 124.50, 123.98, 29237, 36.25, 866, 18714, 64.01
VRLLOG, EQ, 09-Sep-2026, 293.75, 294.95, 294.95, 287.20, 289.70, 288.35, 289.70, 119096, 345.02, 5490, 71176, 59.76
VSSL, EQ, 09-Sep-2026, 356.60, 358.60, 368.10, 352.80, 368.00, 362.75, 359.50, 78919, 283.72, 3307, 39869, 50.52
VSTIND, EQ, 09-Sep-2026, 206.74, 205.50, 209.31, 205.10, 209.15, 208.59, 206.78, 122818, 253.96, 2930, 74888, 60.97
VSTL, EQ, 09-Sep-2026, 124.44, 126.00, 126.00, 121.50, 123.50, 123.41, 123.62, 12007, 14.84, 303, 8491, 70.72
VSTTILLERS, EQ, 09-Sep-2026, 4127.50, 4124.00, 4137.50, 4064.00, 4075.00, 4074.30, 4092.36, 9863, 403.63, 3750, 5848, 59.29
VTL, EQ, 09-Sep-2026, 584.40, 587.95, 591.85, 579.10, 583.10, 583.00, 583.57, 175793, 1025.87, 10792, 83618, 47.57
VTMLTD, EQ, 09-Sep-2026, 56.58, 55.26, 57.98, 54.00, 56.10, 55.80, 56.26, 6773, 3.81, 194, 3654, 53.95
WAAREEENER, EQ, 09-Sep-2026, 2571.00, 2571.00, 2599.00, 2560.50, 2568.00, 2568.00, 2577.95, 282648, 7286.52, 20588, 136761, 48.39
WAAREEINDO, EQ, 09-Sep-2026, 262.05, 262.55, 270.00, 259.10, 260.00, 261.10, 264.32, 83420, 220.50, 2274, 45994, 55.14
WAAREERTL, EQ, 09-Sep-2026, 845.25, 841.25, 845.00, 832.05, 832.05, 833.50, 837.53, 94062, 787.80, 7256, 47801, 50.82
WABAG, EQ, 09-Sep-2026, 2008.40, 2011.30, 2188.00, 2011.30, 2125.00, 2130.90, 2144.57, 2441516, 52360.00, 126294, 784225, 32.12
WAKEFIT, EQ, 09-Sep-2026, 153.05, 153.00, 154.54, 149.51, 152.35, 152.64, 152.25, 614979, 936.29, 8383, 215747, 35.08
WALCHANNAG, EQ, 09-Sep-2026, 219.10, 218.43, 218.43, 210.68, 212.89, 211.78, 214.35, 447376, 958.93, 6895, 191952, 42.91
WANBURY, EQ, 09-Sep-2026, 247.70, 245.10, 249.75, 243.10, 244.00, 244.75, 246.45, 60141, 148.22, 2394, 25300, 42.07
WARDINMOBI, EQ, 09-Sep-2026, 5.77, 5.90, 5.90, 5.68, 5.75, 5.73, 5.73, 217866, 12.48, 638, 166007, 76.20
WATERBASE, EQ, 09-Sep-2026, 48.03, 48.10, 48.20, 47.00, 47.69, 47.17, 47.37, 12104, 5.73, 139, 9446, 78.04
WCIL, EQ, 09-Sep-2026, 82.48, 84.00, 85.99, 82.10, 84.25, 84.14, 84.43, 121217, 102.34, 2251, 67089, 55.35
WEALTH, EQ, 09-Sep-2026, 835.75, 844.00, 854.00, 841.00, 848.85, 848.35, 846.67, 695, 5.88, 75, 577, 83.02
WEBELSOLAR, EQ, 09-Sep-2026, 75.01, 75.40, 78.76, 75.01, 78.67, 78.36, 78.06, 3125206, 2439.62, 13112, 1642238, 52.55
WEIZMANIND, EQ, 09-Sep-2026, 73.61, 75.28, 75.28, 72.30, 72.55, 72.57, 72.81, 477, 0.35, 34, 360, 75.47
WEL, EQ, 09-Sep-2026, 69.39, 69.39, 72.85, 68.04, 72.85, 72.85, 71.49, 1058750, 756.89, 6069, 537607, 50.78
WELCORP, EQ, 09-Sep-2026, 2599.50, 2602.90, 2652.00, 2586.10, 2604.70, 2608.50, 2611.97, 759849, 19847.00, 75219, 372340, 49.00
WELENT, EQ, 09-Sep-2026, 790.00, 789.95, 790.60, 776.00, 784.30, 782.85, 783.33, 160929, 1260.61, 8000, 85051, 52.85
WELINV, BE, 09-Sep-2026, 2320.70, 2274.30, 2367.10, 2274.30, 2339.00, 2339.00, 2315.86, 129, 2.99, 14, -, -
WELSPLSOL, EQ, 09-Sep-2026, 57.11, 57.29, 59.50, 56.63, 57.00, 56.95, 58.01, 914578, 530.54, 5617, 365621, 39.98
WELSPUNLIV, EQ, 09-Sep-2026, 207.87, 211.80, 214.70, 207.55, 210.00, 210.28, 210.38, 8012610, 16857.03, 71390, 1541625, 19.24
WENDT, EQ, 09-Sep-2026, 8419.00, 8430.00, 8450.00, 8200.00, 8211.00, 8230.50, 8265.97, 5305, 438.51, 1386, 3312, 62.43
WESTLIFE, EQ, 09-Sep-2026, 538.25, 538.25, 579.75, 533.00, 559.00, 561.50, 560.67, 543690, 3048.32, 24122, 133940, 24.64
WEWIN, EQ, 09-Sep-2026, 41.85, 42.90, 42.90, 42.05, 42.05, 42.05, 42.65, 195, 0.08, 9, 162, 83.08
WEWORK, EQ, 09-Sep-2026, 667.35, 662.40, 685.50, 661.60, 672.00, 674.70, 674.67, 134282, 905.97, 13269, 80324, 59.82
WHBRADY, EQ, 09-Sep-2026, 481.50, 484.20, 484.20, 484.00, 484.00, 484.00, 484.04, 9, 0.04, 2, 9, 100.00
WHEELS, EQ, 09-Sep-2026, 2106.40, 2110.00, 2450.00, 2110.00, 2450.00, 2400.60, 2365.00, 6608762, 156297.18, 368499, 596278, 9.02
WHIRLPOOL, EQ, 09-Sep-2026, 805.00, 801.90, 805.95, 788.00, 795.15, 795.00, 793.87, 167593, 1330.47, 10617, 90703, 54.12
WHITEFORCE, SM, 09-Sep-2026, 38.00, 37.50, 39.60, 37.50, 39.60, 39.60, 38.55, 3200, 1.23, 2, 3200, 100.00
WILLAMAGOR, EQ, 09-Sep-2026, 23.73, 24.64, 24.64, 23.61, 24.31, 24.02, 23.70, 1616, 0.38, 141, 1354, 83.79
WINDLAS, EQ, 09-Sep-2026, 1146.10, 1145.00, 1174.75, 1132.75, 1135.00, 1142.45, 1154.09, 145841, 1683.13, 11112, 57606, 39.50
WINDMACHIN, EQ, 09-Sep-2026, 305.60, 305.40, 306.20, 299.65, 299.70, 301.45, 302.90, 20771, 62.91, 635, 12864, 61.93
WINNY, SM, 09-Sep-2026, 31.00, 29.45, 29.50, 29.45, 29.50, 29.50, 29.48, 1000, 0.29, 2, 500, 50.00
WINSOL, SM, 09-Sep-2026, 112.35, 115.40, 115.40, 113.45, 113.45, 113.45, 114.43, 800, 0.92, 2, 800, 100.00
WIPL, EQ, 09-Sep-2026, 167.99, 167.99, 171.39, 167.60, 169.20, 169.52, 168.80, 839, 1.42, 21, 822, 97.97
WIPRO, EQ, 09-Sep-2026, 171.50, 168.70, 169.15, 166.37, 167.00, 167.00, 167.71, 12001620, 20128.31, 117652, 5840104, 48.66
WOCKPHARMA, EQ, 09-Sep-2026, 2224.00, 2225.00, 2272.90, 2196.00, 2240.00, 2248.80, 2242.99, 1394874, 31286.90, 63563, 427924, 30.68
WOL3D, SM, 09-Sep-2026, 136.00, 142.50, 142.50, 142.50, 142.50, 142.50, 142.50, 1000, 1.43, 1, 1000, 100.00
WOMANCART, ST, 09-Sep-2026, 101.30, 102.00, 104.00, 100.00, 100.00, 100.40, 100.72, 15600, 15.71, 37, 13600, 87.18
WONDERLA, EQ, 09-Sep-2026, 518.40, 519.40, 524.95, 510.20, 519.00, 517.10, 515.74, 29909, 154.25, 1897, 19842, 66.34
WORTHPERI, EQ, 09-Sep-2026, 155.99, 159.80, 159.80, 150.05, 150.05, 151.93, 152.31, 15250, 23.23, 151, 13254, 86.91
WPIL, EQ, 09-Sep-2026, 428.60, 430.00, 440.40, 427.00, 428.70, 427.75, 429.67, 21399, 91.94, 1553, 11980, 55.98
WSI, EQ, 09-Sep-2026, 59.75, 61.69, 62.00, 58.91, 59.10, 59.11, 59.57, 57431, 34.21, 1963, 30790, 53.61
WSTCSTPAPR, EQ, 09-Sep-2026, 681.20, 677.10, 685.50, 664.00, 669.50, 667.55, 674.60, 126973, 856.56, 7110, 57840, 45.55
WTICAB, SM, 09-Sep-2026, 102.50, 103.00, 104.00, 102.00, 102.50, 102.50, 103.24, 8000, 8.26, 12, 6500, 81.25
XCHANGING, EQ, 09-Sep-2026, 64.08, 64.12, 64.99, 62.04, 64.73, 63.28, 62.80, 78595, 49.35, 1004, 42182, 53.67
XELPMOC, EQ, 09-Sep-2026, 77.61, 77.61, 79.30, 76.10, 76.10, 77.47, 77.61, 6890, 5.35, 149, 4042, 58.66
XPROINDIA, EQ, 09-Sep-2026, 1389.70, 1393.80, 1393.80, 1291.80, 1295.40, 1301.40, 1320.16, 85041, 1122.68, 9792, 37904, 44.57
XTGLOBAL, EQ, 09-Sep-2026, 31.11, 31.26, 31.89, 29.50, 30.97, 30.87, 30.77, 51263, 15.78, 868, 19947, 38.91
XTRANET, EQ, 09-Sep-2026, 266.70, 268.52, 293.37, 268.52, 293.37, 293.37, 285.71, 5261019, 15031.11, 54988, 781919, 14.86
YAAP, SM, 09-Sep-2026, 132.30, 132.30, 132.30, 129.00, 131.75, 131.75, 130.30, 14000, 18.24, 11, 13000, 92.86
YASHO, EQ, 09-Sep-2026, 4079.90, 4075.00, 4115.90, 3948.10, 3980.90, 3988.90, 4017.71, 30608, 1229.74, 6045, 15436, 50.43
YASHOPTICS, SM, 09-Sep-2026, 112.60, 111.05, 119.50, 110.50, 115.00, 115.00, 114.08, 16800, 19.17, 20, 12000, 71.43
YATHARTH, EQ, 09-Sep-2026, 969.90, 971.00, 995.60, 971.00, 988.00, 989.70, 985.99, 233441, 2301.70, 12259, 92347, 39.56
YATRA, EQ, 09-Sep-2026, 113.64, 113.18, 115.99, 112.90, 115.60, 115.17, 114.63, 1456925, 1670.08, 13102, 739780, 50.78
YCCL, SM, 09-Sep-2026, 9.15, 8.95, 8.95, 8.95, 8.95, 8.95, 8.95, 3000, 0.27, 1, 3000, 100.00
YESBANK, EQ, 09-Sep-2026, 22.52, 22.45, 22.58, 22.37, 22.42, 22.42, 22.49, 38540281, 8665.84, 58987, 21762071, 56.47
YOGI, EQ, 09-Sep-2026, 155.05, 163.00, 163.00, 152.00, 161.19, 161.94, 161.21, 49, 0.08, 12, 49, 100.00
YUDIZ, SM, 09-Sep-2026, 24.80, 23.60, 23.60, 23.60, 23.60, 23.60, 23.60, 800, 0.19, 1, 800, 100.00
YUKEN, EQ, 09-Sep-2026, 1017.35, 1018.00, 1084.00, 1000.10, 1071.00, 1067.70, 1052.39, 38375, 403.85, 2958, 22647, 59.01
ZAGGLE, EQ, 09-Sep-2026, 180.11, 180.00, 181.01, 176.15, 177.48, 177.06, 177.86, 813875, 1447.52, 9739, 397905, 48.89
ZEAL, SM, 09-Sep-2026, 91.40, 91.00, 91.00, 85.00, 85.00, 87.10, 88.36, 6000, 5.30, 8, 4200, 70.00
ZEEL, EQ, 09-Sep-2026, 86.31, 86.50, 87.18, 84.81, 85.55, 85.71, 85.61, 12868445, 11016.89, 49375, 3891013, 30.24
ZEELEARN, BE, 09-Sep-2026, 6.61, 6.60, 6.75, 6.50, 6.61, 6.65, 6.65, 129047, 8.58, 349, -, -
ZEEMEDIA, EQ, 09-Sep-2026, 7.94, 7.94, 7.95, 7.58, 7.71, 7.70, 7.79, 1750424, 136.29, 1781, 1036495, 59.21
ZENITHDRUG, SM, 09-Sep-2026, 48.85, 48.85, 48.85, 47.45, 48.80, 48.10, 47.93, 7200, 3.45, 7, 7200, 100.00
ZENITHEXPO, EQ, 09-Sep-2026, 197.00, 205.00, 206.85, 204.90, 205.00, 204.98, 206.23, 18, 0.04, 9, 15, 83.33
ZENITHSTL, EQ, 09-Sep-2026, 6.10, 6.10, 6.20, 5.99, 6.02, 6.06, 6.05, 92313, 5.59, 239, 68110, 73.78
ZENSARTECH, EQ, 09-Sep-2026, 450.55, 450.55, 450.55, 435.10, 436.50, 436.95, 439.50, 870647, 3826.51, 24122, 370917, 42.60
ZENTEC, EQ, 09-Sep-2026, 1825.00, 1820.00, 1853.90, 1756.50, 1763.00, 1762.30, 1784.93, 447868, 7994.14, 30118, 204906, 45.75
ZFCVINDIA, EQ, 09-Sep-2026, 2517.40, 2517.40, 2517.40, 2446.90, 2474.40, 2469.90, 2467.13, 88800, 2190.81, 15538, 64750, 72.92
ZFSTEERING, EQ, 09-Sep-2026, 670.30, 674.00, 681.95, 671.05, 681.95, 680.05, 677.82, 6549, 44.39, 243, 4325, 66.04
ZIMLAB, EQ, 09-Sep-2026, 129.10, 128.20, 135.00, 126.76, 135.00, 133.35, 132.79, 170175, 225.97, 2112, 107512, 63.18
ZODIAC, EQ, 09-Sep-2026, 235.28, 239.44, 239.44, 232.21, 233.10, 233.46, 233.93, 7149, 16.72, 529, 4156, 58.13
ZODIACLOTH, EQ, 09-Sep-2026, 71.50, 71.50, 72.00, 69.99, 71.10, 71.03, 70.66, 3803, 2.69, 92, 2898, 76.20
ZOTA, EQ, 09-Sep-2026, 1113.10, 1105.80, 1123.90, 1095.90, 1116.80, 1114.30, 1110.27, 42339, 470.08, 1801, 27773, 65.60
ZSARACOM, EQ, 09-Sep-2026, 11276.00, 11276.00, 11499.00, 10980.00, 11000.00, 11002.00, 11185.16, 43, 4.81, 23, 37, 86.05
ZTECH, SM, 09-Sep-2026, 457.60, 451.20, 471.75, 447.10, 465.05, 465.05, 457.13, 27000, 123.43, 78, 19800, 73.33
ZUARI, EQ, 09-Sep-2026, 227.96, 226.83, 228.80, 224.41, 225.39, 225.63, 226.26, 42224, 95.54, 1310, 24113, 57.11
ZUARIIND, EQ, 09-Sep-2026, 278.45, 277.55, 279.50, 273.00, 273.00, 273.55, 276.06, 32325, 89.24, 1443, 18964, 58.67
ZYDUSLIFE, EQ, 09-Sep-2026, 1145.50, 1150.00, 1158.00, 1126.50, 1127.40, 1127.40, 1132.30, 1185373, 13421.99, 28191, 693996, 58.55
ZYDUSWELL, EQ, 09-Sep-2026, 558.15, 558.25, 561.35, 551.40, 552.00, 554.20, 556.09, 195180, 1085.37, 15936, 85559, 43.84
