SYMBOL, SERIES, DATE1, PREV_CLOSE, OPEN_PRICE, HIGH_PRICE, LOW_PRICE, LAST_PRICE, CLOSE_PRICE, AVG_PRICE, TTL_TRD_QNTY, TURNOVER_LACS, NO_OF_TRADES, DELIV_QTY, DELIV_PER
20MICRONS, EQ, 29-Sep-2026, 212.94, 212.16, 216.45, 209.02, 211.20, 212.80, 212.99, 54062, 115.14, 2439, 24068, 44.52
21STCENMGM, EQ, 29-Sep-2026, 39.64, 39.64, 39.64, 38.85, 39.64, 39.37, 39.54, 2715, 1.07, 25, 2665, 98.16
360ONE, EQ, 29-Sep-2026, 1045.00, 1040.00, 1052.10, 1019.40, 1029.20, 1029.20, 1037.09, 2488489, 25807.85, 80383, 1291145, 51.88
3BBLACKBIO, EQ, 29-Sep-2026, 1584.80, 1575.10, 1635.00, 1532.90, 1622.50, 1622.70, 1595.88, 31539, 503.32, 4051, 13250, 42.01
3IINFOLTD, BE, 29-Sep-2026, 23.99, 23.56, 23.83, 22.80, 23.50, 23.36, 23.17, 166913, 38.67, 739, -, -
3MINDIA, EQ, 29-Sep-2026, 33415.00, 33200.00, 33400.00, 31600.00, 31915.00, 31890.00, 32031.65, 29335, 9396.49, 12412, 18957, 64.62
3PLAND, EQ, 29-Sep-2026, 30.83, 32.48, 32.48, 30.05, 31.87, 31.87, 31.13, 294, 0.09, 39, 269, 91.50
574GS2026, GS, 29-Sep-2026, 101.57, 99.03, 102.49, 99.03, 101.61, 101.61, 101.49, 186, 0.19, 5, 171, 91.94
5PAISA, EQ, 29-Sep-2026, 305.15, 303.05, 307.45, 301.00, 302.00, 304.90, 304.92, 13569, 41.37, 880, 8301, 61.18
601GS2030, GS, 29-Sep-2026, 97.74, 98.00, 98.00, 98.00, 98.00, 98.00, 98.00, 500, 0.49, 1, 500, 100.00
603GS2029, GS, 29-Sep-2026, 99.25, 99.25, 99.25, 99.25, 99.25, 99.25, 99.25, 100, 0.10, 1, 100, 100.00
610GS2031, GS, 29-Sep-2026, 97.05, 97.00, 97.00, 97.00, 97.00, 97.00, 97.00, 1, 0.00, 1, 1, 100.00
620GS2029, GS, 29-Sep-2026, 99.00, 99.50, 99.50, 98.29, 98.29, 98.29, 98.53, 500, 0.49, 2, 500, 100.00
633GS2035, GS, 29-Sep-2026, 101.00, 96.57, 96.57, 96.57, 96.57, 96.57, 96.57, 500, 0.48, 1, 500, 100.00
636GS2031, GS, 29-Sep-2026, 98.50, 99.50, 99.50, 98.01, 98.01, 98.01, 98.02, 101, 0.10, 2, 100, 99.01
63MOONS, EQ, 29-Sep-2026, 818.60, 818.80, 827.40, 803.95, 809.25, 810.80, 814.37, 195169, 1589.39, 8832, 79462, 40.71
648GS2035, GS, 29-Sep-2026, 98.90, 98.90, 98.90, 97.25, 97.31, 97.31, 97.72, 1350, 1.32, 4, 1350, 100.00
653GS2031, GS, 29-Sep-2026, 98.02, 96.06, 98.02, 96.06, 97.75, 97.75, 97.80, 2201, 2.15, 5, 2201, 100.00
654GS2032, GS, 29-Sep-2026, 98.70, 98.40, 98.40, 98.40, 98.40, 98.40, 98.40, 25000, 24.60, 1, 25000, 100.00
667GS2050, GS, 29-Sep-2026, 89.45, 91.25, 93.50, 91.25, 93.50, 92.37, 92.38, 24, 0.02, 4, 12, 50.00
668GS2033, GS, 29-Sep-2026, 98.80, 98.80, 98.80, 97.78, 97.78, 97.78, 97.80, 4700, 4.60, 7, 4700, 100.00
668GS2040, GS, 29-Sep-2026, 98.00, 98.00, 98.01, 98.00, 98.00, 98.00, 98.00, 86695, 84.96, 6, 86695, 100.00
676GS2061, GS, 29-Sep-2026, 89.38, 89.68, 91.00, 89.50, 89.50, 89.50, 89.77, 33169, 29.78, 42, 32727, 98.67
679GS2034, GS, 29-Sep-2026, 101.50, 99.80, 100.00, 99.70, 100.00, 100.00, 99.98, 11000, 11.00, 3, 11000, 100.00
679GS2034A, GS, 29-Sep-2026, 97.03, 96.39, 99.21, 96.39, 99.21, 99.21, 96.40, 201, 0.19, 3, 201, 100.00
68GS2060, GS, 29-Sep-2026, 91.45, 92.20, 92.20, 91.15, 91.15, 91.15, 91.25, 37152, 33.90, 21, 37152, 100.00
690GS2065, GS, 29-Sep-2026, 92.89, 93.60, 93.60, 92.50, 93.00, 93.00, 92.52, 117958, 109.13, 21, 116551, 98.81
694GS2036, GS, 29-Sep-2026, 102.98, 101.25, 102.24, 101.25, 101.87, 101.87, 101.73, 3101, 3.15, 33, 2901, 93.55
695GS2061, GS, 29-Sep-2026, 93.24, 93.00, 93.00, 92.90, 93.00, 93.00, 92.95, 799, 0.74, 12, 799, 100.00
698GR2054, GS, 29-Sep-2026, 91.75, 91.80, 93.95, 91.80, 93.95, 93.95, 92.72, 175, 0.16, 3, 100, 57.14
699GS2051, GS, 29-Sep-2026, 93.50, 96.68, 96.70, 96.35, 96.35, 96.35, 96.38, 539, 0.52, 5, 539, 100.00
702GS2031, GS, 29-Sep-2026, 101.39, 101.13, 101.13, 101.13, 101.13, 101.13, 101.13, 100, 0.10, 1, 100, 100.00
706GS2028, GS, 29-Sep-2026, 103.60, 103.29, 103.75, 103.29, 103.75, 103.75, 103.43, 7180, 7.43, 6, 7180, 100.00
709GS2054, GS, 29-Sep-2026, 94.50, 94.50, 95.74, 94.50, 95.49, 95.49, 95.23, 1842, 1.75, 9, 1543, 83.77
709GS2074, GS, 29-Sep-2026, 94.80, 95.00, 95.00, 94.12, 94.89, 94.85, 94.74, 26685, 25.28, 36, 23279, 87.24
710GS2029, GS, 29-Sep-2026, 104.52, 103.06, 104.00, 103.06, 103.50, 103.50, 103.74, 29440, 30.54, 14, 29230, 99.29
717GS2030, GS, 29-Sep-2026, 104.26, 102.01, 103.70, 102.01, 103.70, 103.70, 102.57, 3002, 3.08, 4, 3002, 100.00
718GS2033, GS, 29-Sep-2026, 103.40, 102.00, 102.00, 100.50, 102.00, 102.00, 100.89, 157103, 158.50, 15, 157103, 100.00
718GS2037, GS, 29-Sep-2026, 101.72, 102.84, 102.84, 101.50, 101.50, 101.50, 101.50, 10012, 10.16, 10, 10010, 99.98
719GS2060, GS, 29-Sep-2026, 95.00, 94.00, 94.00, 94.00, 94.00, 94.00, 94.00, 480, 0.45, 8, 480, 100.00
723GS2039, GS, 29-Sep-2026, 101.50, 101.50, 103.00, 101.50, 103.00, 103.00, 102.25, 400, 0.41, 2, 200, 50.00
724GS2055, GS, 29-Sep-2026, 96.20, 94.35, 97.09, 94.35, 96.39, 96.07, 95.97, 24647, 23.65, 63, 23013, 93.37
725GS2063, GS, 29-Sep-2026, 96.45, 96.51, 96.51, 95.79, 96.25, 96.08, 96.05, 196504, 188.74, 128, 183403, 93.33
726GS2032, GS, 29-Sep-2026, 101.97, 100.44, 101.50, 100.44, 101.00, 101.05, 100.46, 162921, 163.67, 16, 161511, 99.13
726GS2033, GS, 29-Sep-2026, 101.10, 101.20, 101.20, 101.20, 101.20, 101.20, 101.20, 2000, 2.02, 1, 2000, 100.00
732GS2030, GS, 29-Sep-2026, 103.50, 103.35, 104.00, 103.35, 104.00, 104.00, 103.68, 800, 0.83, 2, 400, 50.00
733GS2026, GS, 29-Sep-2026, 102.55, 102.56, 103.13, 102.56, 102.71, 102.70, 102.77, 3485, 3.58, 20, 3185, 91.39
734GS2064, GS, 29-Sep-2026, 98.34, 98.54, 98.57, 98.00, 98.49, 98.43, 98.28, 24037, 23.62, 38, 23141, 96.27
736GS2052, GS, 29-Sep-2026, 98.00, 97.70, 98.45, 97.20, 98.45, 98.45, 97.67, 5582, 5.45, 8, 5582, 100.00
737GS2028, GS, 29-Sep-2026, 104.39, 104.30, 104.40, 104.20, 104.31, 104.31, 104.30, 5653, 5.90, 6, 5653, 100.00
738GS2027, GS, 29-Sep-2026, 102.32, 102.60, 103.00, 102.25, 102.44, 102.40, 102.37, 50432, 51.63, 29, 46098, 91.41
73GS2053, GS, 29-Sep-2026, 97.99, 97.99, 97.99, 96.35, 97.55, 97.55, 97.56, 91022, 88.80, 59, 91022, 100.00
740IIFCL33, N1, 29-Sep-2026, 1160.00, 1171.00, 1171.00, 1171.00, 1171.00, 1171.00, 1171.00, 500, 5.86, 1, 500, 100.00
741GS2036, GS, 29-Sep-2026, 104.10, 103.78, 103.85, 102.20, 103.85, 102.33, 102.36, 6434, 6.59, 7, 6301, 97.93
743GS2076, GS, 29-Sep-2026, 98.59, 98.94, 98.94, 98.50, 98.70, 98.70, 98.66, 499753, 493.06, 135, 499702, 99.99
746GS2073, GS, 29-Sep-2026, 101.65, 100.63, 101.35, 100.00, 100.00, 100.00, 100.32, 3136, 3.15, 13, 3136, 100.00
74GS2062, GS, 29-Sep-2026, 98.00, 99.90, 99.90, 99.00, 99.00, 99.00, 99.00, 802, 0.79, 3, 802, 100.00
754GS2036, GS, 29-Sep-2026, 104.65, 104.70, 105.15, 102.00, 104.94, 104.76, 104.78, 1065988, 1116.98, 244, 964945, 90.52
75GS2034, GS, 29-Sep-2026, 103.96, 103.96, 103.96, 103.96, 103.96, 103.96, 103.96, 4000, 4.16, 1, 4000, 100.00
763GS2056, GS, 29-Sep-2026, 100.50, 99.99, 100.65, 99.99, 100.65, 100.60, 100.54, 16412, 16.50, 8, 16412, 100.00
771GS2066, GS, 29-Sep-2026, 103.99, 103.00, 104.00, 103.00, 104.00, 103.97, 103.96, 27581, 28.67, 17, 27581, 100.00
795GS2032, GS, 29-Sep-2026, 104.13, 104.11, 104.11, 104.11, 104.11, 104.11, 104.11, 400, 0.42, 2, 400, 100.00
824GS2027, GS, 29-Sep-2026, 103.40, 102.40, 102.40, 102.40, 102.40, 102.40, 102.40, 1, 0.00, 1, 1, 100.00
83GS2042, GS, 29-Sep-2026, 107.60, 105.93, 107.00, 105.93, 107.00, 107.00, 106.47, 200, 0.21, 2, 100, 50.00
897GS2030, GS, 29-Sep-2026, 113.00, 111.51, 115.98, 111.51, 115.98, 115.98, 111.55, 101, 0.11, 2, 100, 99.01
92GS2030, GS, 29-Sep-2026, 114.58, 112.20, 112.20, 109.12, 110.69, 110.20, 111.06, 47002, 52.20, 48, 46440, 98.80
A2ZINFRA, EQ, 29-Sep-2026, 14.66, 14.29, 14.66, 14.29, 14.64, 14.51, 14.40, 150724, 21.70, 516, 79029, 52.43
AAATECH, EQ, 29-Sep-2026, 99.53, 99.40, 100.70, 97.06, 100.35, 99.94, 98.59, 304150, 299.87, 1042, 288196, 94.75
AADHARHFC, EQ, 29-Sep-2026, 436.95, 435.10, 443.95, 427.30, 432.00, 432.50, 431.26, 376339, 1623.00, 16778, 235814, 62.66
AAKAAR, SM, 29-Sep-2026, 67.00, 67.00, 67.00, 67.00, 67.00, 67.00, 67.00, 3200, 2.14, 2, 3200, 100.00
AAKASH, EQ, 29-Sep-2026, 8.80, 8.62, 8.99, 8.51, 8.60, 8.59, 8.67, 56400, 4.89, 293, 51165, 90.72
AARADHYA, ST, 29-Sep-2026, 132.10, 128.05, 128.05, 128.05, 128.05, 128.05, 128.05, 1200, 1.54, 1, 1200, 100.00
AAREYDRUGS, EQ, 29-Sep-2026, 99.53, 99.53, 101.69, 97.24, 100.00, 99.92, 99.63, 131399, 130.92, 985, 102750, 78.20
AARNAV, BE, 29-Sep-2026, 35.28, 34.25, 35.94, 34.00, 35.88, 35.16, 34.74, 18763, 6.52, 80, -, -
AARON, EQ, 29-Sep-2026, 121.62, 122.00, 124.00, 119.15, 123.00, 122.01, 121.35, 6277, 7.62, 308, 3118, 49.67
AARTECH, BE, 29-Sep-2026, 51.22, 51.00, 51.00, 50.01, 50.45, 50.01, 50.30, 27571, 13.87, 102, -, -
AARTIDRUGS, EQ, 29-Sep-2026, 429.65, 427.50, 444.00, 422.05, 428.00, 428.60, 431.22, 570194, 2458.76, 18988, 246988, 43.32
AARTIIND, EQ, 29-Sep-2026, 476.60, 475.00, 482.90, 468.00, 471.50, 469.90, 475.57, 392844, 1868.25, 20373, 183419, 46.69
AARTIPHARM, EQ, 29-Sep-2026, 914.00, 912.00, 985.05, 906.20, 982.00, 972.80, 952.90, 812673, 7743.99, 42698, 330618, 40.68
AARTISURF, BE, 29-Sep-2026, 499.25, 492.00, 498.90, 475.20, 488.60, 489.20, 485.19, 12901, 62.59, 349, -, -
AARVI, EQ, 29-Sep-2026, 135.74, 135.00, 138.00, 135.00, 136.10, 136.21, 136.26, 8359, 11.39, 289, 5450, 65.20
AASTHA, EQ, 29-Sep-2026, 39.30, 38.71, 38.71, 36.61, 37.41, 37.53, 37.36, 689221, 257.46, 5152, 297763, 43.20
AATMAJ, SM, 29-Sep-2026, 20.45, 20.45, 20.45, 20.45, 20.45, 20.45, 20.45, 4000, 0.82, 2, 2000, 50.00
AAVAS, EQ, 29-Sep-2026, 1282.40, 1277.10, 1282.40, 1233.60, 1247.80, 1248.40, 1256.55, 63420, 796.91, 16293, 37844, 59.67
ABAN, BE, 29-Sep-2026, 14.07, 14.35, 14.35, 14.03, 14.35, 14.35, 14.35, 44023, 6.32, 115, -, -
ABANSENT, EQ, 29-Sep-2026, 26.84, 27.30, 27.30, 26.13, 26.94, 26.87, 26.82, 4321, 1.16, 145, 2734, 63.27
ABB, EQ, 29-Sep-2026, 6972.50, 6950.00, 6953.00, 6660.50, 6660.50, 6660.50, 6846.99, 213768, 14636.68, 28859, 104538, 48.90
ABBOTINDIA, EQ, 29-Sep-2026, 26740.00, 26735.00, 27850.00, 26650.00, 27310.00, 27270.00, 27417.79, 20582, 5643.13, 10394, 6839, 33.23
ABCAPITAL, EQ, 29-Sep-2026, 382.70, 381.00, 383.00, 376.05, 378.00, 378.00, 379.49, 4503197, 17089.33, 57438, 2765396, 61.41
ABCOTS, EQ, 29-Sep-2026, 200.15, 203.90, 203.90, 190.40, 199.00, 198.84, 198.77, 13070, 25.98, 465, 10989, 84.08
ABDL, EQ, 29-Sep-2026, 723.45, 719.85, 726.90, 706.40, 718.15, 716.50, 716.83, 510230, 3657.46, 24635, 179478, 35.18
ABFRL, EQ, 29-Sep-2026, 47.59, 47.59, 47.72, 46.00, 46.23, 46.24, 46.58, 12856547, 5988.92, 41408, 6909597, 53.74
ABGSEC, EQ, 29-Sep-2026, 113.85, 112.91, 113.36, 112.91, 112.92, 112.92, 113.29, 59, 0.07, 7, 57, 96.61
ABH, SM, 29-Sep-2026, 44.45, 45.00, 45.00, 42.25, 42.25, 42.40, 43.33, 56400, 24.44, 42, 45600, 80.85
ABHAPOWER, SM, 29-Sep-2026, 23.40, 23.10, 23.10, 22.90, 23.10, 23.10, 23.01, 20800, 4.79, 13, 14400, 69.23
ABINFRA, BE, 29-Sep-2026, 12.38, 12.03, 12.60, 12.01, 12.50, 12.50, 12.42, 396091, 49.19, 272, -, -
ABLBL, EQ, 29-Sep-2026, 77.17, 77.13, 84.43, 75.06, 76.20, 76.98, 80.75, 32556815, 26291.03, 137960, 5482932, 16.84
ABMINTLLTD, BE, 29-Sep-2026, 45.20, 45.20, 45.20, 45.20, 45.20, 45.20, 45.20, 25, 0.01, 1, -, -
ABMKNO, EQ, 29-Sep-2026, 175.13, 170.00, 174.95, 165.13, 168.30, 168.59, 167.85, 361, 0.61, 47, 249, 68.98
ABREL, EQ, 29-Sep-2026, 1191.50, 1192.10, 1194.70, 1155.60, 1161.90, 1160.60, 1171.73, 170053, 1992.55, 18022, 85196, 50.10
ABSL10BANK, EQ, 29-Sep-2026, 161.91, 157.30, 165.00, 154.62, 160.56, 160.58, 160.08, 25520, 40.85, 494, 10170, 39.85
ABSLAMC, EQ, 29-Sep-2026, 987.70, 984.00, 999.90, 950.30, 957.10, 955.90, 963.50, 167070, 1609.72, 20692, 108092, 64.70
ABSLBANETF, EQ, 29-Sep-2026, 55.98, 54.58, 56.58, 54.58, 55.87, 55.83, 55.39, 170695, 94.55, 320, 146962, 86.10
ABSLLIQUID, EQ, 29-Sep-2026, 1000.00, 999.99, 1000.01, 999.99, 999.99, 999.99, 1000.00, 1096, 10.96, 13, 416, 37.96
ABSLMSCIN, EQ, 29-Sep-2026, 28.15, 28.01, 28.37, 27.93, 28.37, 28.21, 28.13, 60, 0.02, 6, 60, 100.00
ABSLNN50ET, EQ, 29-Sep-2026, 74.47, 74.47, 75.53, 72.83, 74.16, 74.11, 74.08, 30606, 22.67, 227, 29307, 95.76
ABSLPSE, EQ, 29-Sep-2026, 9.81, 10.01, 10.01, 9.69, 9.84, 9.82, 9.79, 113339, 11.10, 506, 48747, 43.01
ABSMARINE, SM, 29-Sep-2026, 323.00, 321.00, 325.90, 313.00, 318.00, 318.35, 319.10, 40500, 129.24, 77, 28000, 69.14
ACC, EQ, 29-Sep-2026, 1213.50, 1215.50, 1224.50, 1188.10, 1200.00, 1202.60, 1201.20, 731645, 8788.51, 45637, 460648, 62.96
ACCELYA, EQ, 29-Sep-2026, 1099.90, 1099.00, 1108.70, 1085.00, 1097.70, 1095.40, 1095.59, 9213, 100.94, 1100, 6150, 66.75
ACCENTMIC, SM, 29-Sep-2026, 676.85, 683.95, 683.95, 671.30, 673.40, 674.00, 676.78, 16000, 108.28, 29, 11000, 68.75
ACCPL, ST, 29-Sep-2026, 202.25, 202.25, 210.95, 202.25, 210.95, 210.95, 206.60, 2400, 4.96, 2, 2400, 100.00
ACCURACY, BE, 29-Sep-2026, 4.30, 4.30, 4.32, 4.12, 4.27, 4.25, 4.22, 36760, 1.55, 127, -, -
ACE, EQ, 29-Sep-2026, 1212.90, 1205.00, 1229.70, 1199.00, 1202.00, 1205.80, 1214.92, 232653, 2826.54, 24035, 115693, 49.73
ACEINTEG, EQ, 29-Sep-2026, 17.02, 16.70, 16.95, 16.10, 16.24, 16.40, 16.39, 3269, 0.54, 120, 2309, 70.63
ACETEC, SM, 29-Sep-2026, 145.00, 145.00, 145.00, 145.00, 145.00, 145.00, 145.00, 3600, 5.22, 3, 3600, 100.00
ACGL, EQ, 29-Sep-2026, 1695.90, 1684.00, 1696.90, 1619.90, 1630.00, 1633.50, 1641.55, 2291, 37.61, 380, 1702, 74.29
ACI, EQ, 29-Sep-2026, 482.75, 484.45, 497.20, 480.00, 490.00, 490.60, 489.62, 529773, 2593.88, 14594, 398830, 75.28
ACL, EQ, 29-Sep-2026, 39.94, 40.78, 40.78, 38.40, 39.96, 39.56, 39.33, 25165, 9.90, 542, 15210, 60.44
ACMESOLAR, EQ, 29-Sep-2026, 437.90, 438.95, 440.80, 427.90, 438.20, 437.95, 436.28, 1067318, 4656.45, 43580, 491966, 46.09
ACSTECH, BE, 29-Sep-2026, 82.70, 81.05, 81.05, 81.05, 81.05, 81.05, 81.05, 30733, 24.91, 82, -, -
ACUTAAS, EQ, 29-Sep-2026, 3214.40, 3290.00, 3340.00, 3202.10, 3317.90, 3304.10, 3285.17, 999485, 32834.76, 102113, 475122, 47.54
ADANIENSOL, EQ, 29-Sep-2026, 1287.90, 1287.80, 1328.00, 1275.20, 1305.80, 1305.80, 1306.46, 2592098, 33864.80, 77892, 1388358, 53.56
ADANIENT, EQ, 29-Sep-2026, 2831.10, 2834.60, 2972.90, 2793.70, 2972.90, 2972.90, 2918.78, 4062231, 118567.74, 78392, 2751041, 67.72
ADANIGREEN, EQ, 29-Sep-2026, 1235.00, 1235.00, 1260.00, 1223.60, 1260.00, 1260.00, 1242.99, 1615165, 20076.41, 41843, 666710, 41.28
ADANIPORTS, EQ, 29-Sep-2026, 1743.70, 1755.20, 1822.00, 1738.40, 1822.00, 1822.00, 1786.04, 4214197, 75267.40, 83603, 2982330, 70.77
ADANIPOWER, EQ, 29-Sep-2026, 196.14, 196.30, 199.84, 192.45, 196.30, 196.30, 196.53, 33801685, 66429.70, 133196, 16600259, 49.11
ADDICTIVE, ST, 29-Sep-2026, 44.00, 42.25, 44.00, 42.25, 43.20, 43.20, 43.32, 7000, 3.03, 11, 6500, 92.86
ADDIND, EQ, 29-Sep-2026, 77.50, 80.00, 82.00, 76.99, 78.40, 78.40, 78.74, 2807, 2.21, 42, 2565, 91.38
ADFFOODS, EQ, 29-Sep-2026, 266.60, 265.00, 270.25, 261.50, 270.25, 268.30, 265.86, 67714, 180.02, 2220, 36929, 54.54
ADISOFT, SM, 29-Sep-2026, 264.60, 264.00, 266.00, 248.75, 258.00, 260.15, 257.20, 93600, 240.74, 105, 64800, 69.23
ADL, EQ, 29-Sep-2026, 72.17, 77.00, 77.00, 68.40, 70.00, 70.00, 73.09, 52, 0.04, 14, 41, 78.85
ADOR, EQ, 29-Sep-2026, 1611.70, 1620.30, 1631.00, 1592.20, 1606.10, 1612.00, 1617.73, 30103, 486.99, 3438, 13656, 45.36
ADROITINFO, EQ, 29-Sep-2026, 13.51, 13.98, 14.97, 13.25, 14.25, 14.23, 14.37, 767644, 110.32, 2662, 465704, 60.67
ADSL, EQ, 29-Sep-2026, 116.66, 114.00, 114.30, 108.27, 109.19, 109.99, 110.44, 594717, 656.81, 10425, 182180, 30.63
ADVAIT, EQ, 29-Sep-2026, 1867.40, 1862.00, 1911.00, 1838.00, 1909.00, 1903.60, 1879.32, 40598, 762.97, 6970, 19378, 47.73
ADVANCE, EQ, 29-Sep-2026, 121.50, 123.77, 123.78, 119.51, 120.65, 120.19, 120.75, 115011, 138.88, 2103, 58302, 50.69
ADVANIHOTR, EQ, 29-Sep-2026, 48.13, 48.79, 48.79, 47.01, 47.31, 47.40, 47.42, 24199, 11.48, 650, 20058, 82.89
ADVENTHTL, EQ, 29-Sep-2026, 124.62, 124.50, 127.39, 121.00, 125.25, 124.70, 124.22, 135289, 168.05, 3295, 59566, 44.03
ADVENZYMES, EQ, 29-Sep-2026, 283.15, 285.05, 286.95, 279.75, 283.30, 282.15, 282.57, 204966, 579.18, 7226, 116546, 56.86
ADVIKCA, EQ, 29-Sep-2026, 0.97, 0.96, 0.99, 0.96, 0.98, 0.97, 0.98, 226781, 2.21, 219, 177717, 78.37
AEGISLOG, EQ, 29-Sep-2026, 1308.10, 1308.10, 1342.50, 1279.80, 1309.90, 1299.80, 1309.50, 563303, 7376.45, 44091, 258895, 45.96
AEGISVOPAK, EQ, 29-Sep-2026, 298.55, 298.00, 298.00, 288.10, 292.70, 294.25, 292.86, 869693, 2546.95, 24742, 348172, 40.03
AEPL, EQ, 29-Sep-2026, 15.14, 15.30, 15.49, 14.40, 14.63, 14.72, 14.90, 13148, 1.96, 168, 10572, 80.41
AEQUS, EQ, 29-Sep-2026, 260.10, 260.00, 273.00, 249.03, 271.74, 271.63, 262.29, 11417115, 29945.57, 106266, 3989690, 34.94
AEROENTER, EQ, 29-Sep-2026, 121.66, 121.70, 126.00, 118.81, 126.00, 124.70, 123.26, 382082, 470.96, 6585, 140486, 36.77
AEROFLEX, EQ, 29-Sep-2026, 513.40, 511.30, 543.65, 508.10, 539.60, 539.60, 530.54, 1421036, 7539.13, 36693, 602509, 42.40
AERON, SM, 29-Sep-2026, 84.50, 82.05, 84.90, 80.60, 83.00, 83.00, 82.58, 7000, 5.78, 6, 4000, 57.14
AERONEU, EQ, 29-Sep-2026, 75.18, 75.00, 75.00, 72.21, 72.65, 72.98, 73.48, 31159, 22.90, 929, 20949, 67.23
AEROPLANE, EQ, 29-Sep-2026, 201.09, 200.05, 204.78, 195.32, 201.35, 202.08, 200.36, 702329, 1407.19, 6426, 399556, 56.89
AESTHETIK, SM, 29-Sep-2026, 65.80, 65.80, 65.80, 65.10, 65.10, 65.10, 65.45, 2000, 1.31, 2, 2000, 100.00
AETHER, EQ, 29-Sep-2026, 1739.20, 1746.90, 1773.70, 1707.00, 1747.90, 1749.90, 1740.44, 521059, 9068.74, 44093, 243718, 46.77
AFCONS, EQ, 29-Sep-2026, 251.65, 253.00, 253.05, 244.90, 245.00, 245.10, 247.04, 562757, 1390.24, 14559, 281141, 49.96
AFFLE, EQ, 29-Sep-2026, 1548.40, 1542.20, 1548.40, 1494.50, 1504.90, 1501.00, 1508.00, 193607, 2919.60, 24607, 110414, 57.03
AFFORDABLE, EQ, 29-Sep-2026, 170.74, 165.12, 175.40, 165.12, 171.10, 173.52, 170.87, 15470, 26.43, 800, 7391, 47.78
AFIL, EQ, 29-Sep-2026, 7.89, 7.91, 8.10, 7.49, 7.89, 7.85, 7.75, 1137489, 88.17, 1103, 734431, 64.57
AFSL, EQ, 29-Sep-2026, 201.00, 201.00, 202.50, 201.00, 201.00, 201.04, 201.25, 4509, 9.07, 121, 3124, 69.28
AGARIND, EQ, 29-Sep-2026, 397.15, 398.35, 400.00, 389.10, 391.80, 391.20, 394.15, 24191, 95.35, 1352, 11775, 48.68
AGARWALEYE, EQ, 29-Sep-2026, 503.60, 501.95, 501.95, 488.25, 498.00, 495.25, 494.30, 606157, 2996.23, 25050, 256873, 42.38
AGARWALTUF, SM, 29-Sep-2026, 157.10, 155.10, 170.00, 155.00, 169.70, 169.60, 166.45, 190800, 317.58, 98, 94800, 49.69
AGASTYAEN, BE, 29-Sep-2026, 70.98, 69.57, 69.57, 69.57, 69.57, 69.57, 69.57, 30063, 20.91, 59, -, -
AGI, EQ, 29-Sep-2026, 804.80, 804.80, 808.40, 781.10, 792.00, 792.90, 791.05, 100537, 795.30, 8854, 47641, 47.39
AGIIL, EQ, 29-Sep-2026, 271.60, 277.55, 279.90, 263.35, 264.50, 264.85, 269.95, 706302, 1906.64, 11671, 173756, 24.60
AGL, EQ, 29-Sep-2026, 13.21, 13.19, 13.35, 12.80, 13.05, 13.19, 13.09, 1032031, 135.07, 2384, 561871, 54.44
AGNI, SM, 29-Sep-2026, 15.20, 15.00, 15.75, 15.00, 15.65, 15.65, 15.51, 10000, 1.55, 4, 7500, 75.00
AGRITECH, EQ, 29-Sep-2026, 93.99, 95.00, 95.40, 92.50, 93.99, 93.19, 93.54, 2513, 2.35, 91, 1554, 61.84
AGROPHOS, EQ, 29-Sep-2026, 23.95, 23.51, 24.04, 23.47, 23.96, 23.96, 23.77, 4890, 1.16, 103, 3275, 66.97
AGSTRA, BZ, 29-Sep-2026, 2.52, 2.64, 2.64, 2.64, 2.64, 2.64, 2.64, 134862, 3.56, 113, -, -
AHCL, EQ, 29-Sep-2026, 34.66, 36.39, 36.39, 35.50, 36.39, 36.39, 36.37, 9537815, 3468.80, 3133, 5919587, 62.06
AHLADA, EQ, 29-Sep-2026, 38.57, 38.57, 38.57, 37.06, 37.06, 37.15, 37.46, 7808, 2.92, 115, 6081, 77.88
AHLEAST, EQ, 29-Sep-2026, 136.14, 134.40, 137.39, 134.25, 134.55, 134.54, 134.89, 251, 0.34, 11, 151, 60.16
AHLUCONT, EQ, 29-Sep-2026, 572.40, 568.05, 572.10, 544.10, 553.70, 551.55, 554.17, 238960, 1324.24, 13556, 120886, 50.59
AHLWEST, BE, 29-Sep-2026, 520.05, 510.00, 544.80, 510.00, 529.00, 529.00, 529.30, 918, 4.86, 10, -, -
AIAENG, EQ, 29-Sep-2026, 3841.40, 3850.00, 3859.50, 3805.00, 3843.10, 3835.70, 3836.20, 36731, 1409.07, 12707, 24270, 66.07
AIIL, EQ, 29-Sep-2026, 548.25, 548.25, 556.00, 536.90, 541.80, 541.80, 544.99, 167804, 914.51, 13162, 77138, 45.97
AIMTRON, SM, 29-Sep-2026, 1801.60, 1802.00, 1888.00, 1775.00, 1882.00, 1873.40, 1840.10, 48600, 894.29, 219, 29400, 60.49
AIRAN, EQ, 29-Sep-2026, 16.69, 16.88, 16.88, 16.00, 16.56, 16.40, 16.26, 52427, 8.53, 441, 39758, 75.83
AIROLAM, EQ, 29-Sep-2026, 88.79, 90.25, 91.00, 88.79, 90.98, 89.06, 88.91, 165, 0.15, 17, 153, 92.73
AISL, SM, 29-Sep-2026, 57.85, 60.40, 60.70, 60.00, 60.70, 60.70, 60.40, 4800, 2.90, 7, 4800, 100.00
AJANTPHARM, EQ, 29-Sep-2026, 3525.20, 3524.90, 3589.00, 3500.00, 3545.00, 3557.50, 3551.47, 85009, 3019.07, 18485, 40379, 47.50
AJAXENGG, EQ, 29-Sep-2026, 589.90, 600.00, 602.50, 578.95, 586.25, 591.65, 589.13, 88197, 519.59, 6062, 47660, 54.04
AJMERA, EQ, 29-Sep-2026, 119.62, 118.74, 121.00, 114.61, 119.69, 120.16, 117.90, 237553, 280.08, 4172, 103123, 43.41
AJOONI, EQ, 29-Sep-2026, 3.14, 3.16, 3.16, 3.11, 3.16, 3.14, 3.13, 112283, 3.51, 351, 87016, 77.50
AKANKSHA, SM, 29-Sep-2026, 159.70, 167.65, 167.65, 160.00, 167.65, 167.60, 165.46, 86000, 142.30, 78, 65000, 75.58
AKASH, EQ, 29-Sep-2026, 25.02, 24.55, 25.50, 24.50, 25.43, 25.32, 25.11, 5273, 1.32, 54, 3912, 74.19
AKCAPIT, EQ, 29-Sep-2026, 1758.00, 1746.50, 1772.00, 1706.00, 1720.00, 1728.10, 1751.56, 728, 12.75, 131, 527, 72.39
AKG, EQ, 29-Sep-2026, 9.76, 9.80, 9.84, 9.65, 9.80, 9.80, 9.70, 3597, 0.35, 37, 3395, 94.38
AKI, BE, 29-Sep-2026, 6.30, 6.29, 6.29, 6.01, 6.18, 6.15, 6.13, 78460, 4.81, 271, -, -
AKIKO, SM, 29-Sep-2026, 428.00, 428.00, 433.95, 414.00, 433.95, 433.95, 423.14, 14400, 60.93, 17, 10400, 72.22
AKSHAR, EQ, 29-Sep-2026, 0.41, 0.42, 0.42, 0.39, 0.42, 0.41, 0.41, 2658117, 10.96, 341, 1471501, 55.36
AKSHARCHEM, BE, 29-Sep-2026, 383.35, 387.90, 387.90, 375.00, 379.65, 376.55, 378.26, 1990, 7.53, 72, -, -
AKSHOPTFBR, BE, 29-Sep-2026, 7.07, 6.90, 7.30, 6.90, 7.10, 7.11, 7.04, 207512, 14.60, 339, -, -
AKUMS, EQ, 29-Sep-2026, 799.95, 800.00, 828.00, 800.00, 818.70, 819.55, 815.43, 179399, 1462.88, 17695, 88812, 49.51
ALANKIT, EQ, 29-Sep-2026, 7.72, 7.72, 7.79, 7.50, 7.59, 7.56, 7.58, 101890, 7.72, 704, 66599, 65.36
ALBERTDAVD, EQ, 29-Sep-2026, 846.95, 864.30, 898.00, 842.05, 882.90, 876.35, 871.01, 13163, 114.65, 1421, 9062, 68.84
ALCODIS, SM, 29-Sep-2026, 64.90, 62.10, 62.10, 61.90, 62.00, 61.95, 62.03, 2500, 1.55, 4, 1875, 75.00
ALEMBICLTD, EQ, 29-Sep-2026, 106.91, 106.95, 112.00, 105.34, 109.35, 108.44, 109.32, 1919395, 2098.30, 18618, 755549, 39.36
ALFREDHE, EQ, 29-Sep-2026, 2740.00, 2710.00, 2823.00, 2710.00, 2823.00, 2823.00, 2736.48, 9, 0.25, 3, 9, 100.00
ALGOQUANT, EQ, 29-Sep-2026, 69.55, 69.40, 69.40, 64.79, 65.85, 65.64, 66.01, 2269037, 1497.90, 8118, 581804, 25.64
ALICON, EQ, 29-Sep-2026, 716.85, 714.00, 740.00, 702.05, 725.00, 724.85, 723.03, 64416, 465.75, 4171, 43950, 68.23
ALIVUS, EQ, 29-Sep-2026, 1345.50, 1337.00, 1370.00, 1328.60, 1353.00, 1356.80, 1347.17, 245623, 3308.96, 30741, 112196, 45.68
ALKALI, BE, 29-Sep-2026, 94.55, 95.02, 96.00, 89.85, 95.00, 92.79, 93.60, 8117, 7.60, 147, -, -
ALKEM, EQ, 29-Sep-2026, 5175.00, 5166.50, 5306.50, 5152.00, 5250.00, 5250.00, 5255.45, 244410, 12844.83, 36626, 126663, 51.82
ALKYLAMINE, EQ, 29-Sep-2026, 1799.80, 1799.80, 1826.00, 1771.20, 1776.00, 1781.30, 1796.38, 29151, 523.66, 7139, 14403, 49.41
ALLCARGO, EQ, 29-Sep-2026, 10.82, 10.77, 10.77, 10.50, 10.57, 10.53, 10.59, 5539499, 586.40, 6503, 2259457, 40.79
ALLDIGI, EQ, 29-Sep-2026, 775.90, 778.95, 785.55, 771.00, 774.05, 775.80, 776.98, 5852, 45.47, 557, 4341, 74.18
ALLETEC, SM, 29-Sep-2026, 121.05, 121.10, 124.95, 120.20, 120.90, 120.85, 121.25, 22000, 26.68, 52, 16000, 72.73
ALLTIME, EQ, 29-Sep-2026, 197.91, 199.50, 199.50, 192.45, 192.46, 193.18, 195.29, 95447, 186.39, 2096, 56646, 59.35
ALMONDZ, BE, 29-Sep-2026, 21.09, 20.60, 20.61, 20.04, 20.06, 20.06, 20.08, 253726, 50.95, 334, -, -
ALOKINDS, EQ, 29-Sep-2026, 7.22, 7.24, 7.25, 7.02, 7.10, 7.06, 7.11, 22686291, 1613.95, 14169, 11599761, 51.13
ALPA, EQ, 29-Sep-2026, 59.21, 59.49, 59.85, 58.30, 59.79, 59.76, 59.06, 5289, 3.12, 105, 2286, 43.22
ALPEXSOLAR, SM, 29-Sep-2026, 872.00, 868.00, 874.90, 855.05, 865.20, 865.30, 866.77, 17400, 150.82, 148, 12100, 69.54
ALPHA, EQ, 29-Sep-2026, 51.44, 51.44, 52.45, 50.81, 52.21, 52.26, 51.75, 1808022, 935.63, 5363, 863865, 47.78
ALPHAETF, EQ, 29-Sep-2026, 25.43, 26.06, 26.06, 25.17, 25.40, 25.40, 25.33, 614197, 155.57, 1154, 313825, 51.10
ALPHAGEO, BE, 29-Sep-2026, 269.55, 270.00, 270.00, 256.20, 264.50, 259.15, 263.14, 12276, 32.30, 299, -, -
ALPINETEX, EQ, 29-Sep-2026, 48.36, 48.36, 50.95, 47.22, 48.70, 48.95, 48.67, 170617, 83.05, 2622, 62892, 36.86
ALPL30IETF, EQ, 29-Sep-2026, 26.54, 26.54, 26.70, 26.37, 26.60, 26.49, 26.47, 135459, 35.86, 721, 90843, 67.06
ALUFLUOR, EQ, 29-Sep-2026, 604.70, 609.95, 649.00, 580.00, 637.00, 632.55, 628.81, 57672, 362.65, 3023, 29204, 50.64
ALUWIND, SM, 29-Sep-2026, 51.45, 49.00, 49.95, 47.55, 49.95, 49.80, 49.06, 10500, 5.15, 7, 6000, 57.14
AMAGI, EQ, 29-Sep-2026, 560.00, 561.00, 573.95, 553.05, 563.30, 563.85, 565.84, 538606, 3047.67, 19064, 238766, 44.33
AMAL, EQ, 29-Sep-2026, 665.55, 659.80, 690.00, 654.05, 673.30, 682.10, 669.72, 5117, 34.27, 761, 3028, 59.18
AMANTA, BE, 29-Sep-2026, 183.00, 179.34, 186.66, 179.34, 186.66, 186.66, 182.74, 34512, 63.07, 136, -, -
AMARJOTHI, EQ, 29-Sep-2026, 150.70, 150.70, 152.45, 147.05, 152.00, 152.00, 150.64, 456, 0.69, 41, 382, 83.77
AMBAAUTO, SM, 29-Sep-2026, 95.00, 95.00, 99.75, 95.00, 99.75, 99.60, 98.99, 21000, 20.79, 19, 17000, 80.95
AMBALALSA, BE, 29-Sep-2026, 39.28, 39.28, 39.80, 38.11, 39.74, 39.04, 39.01, 31254, 12.19, 146, -, -
AMBANIORGO, SM, 29-Sep-2026, 115.00, 114.95, 114.95, 114.95, 114.95, 114.95, 114.95, 43000, 49.43, 1, 43000, 100.00
AMBER, EQ, 29-Sep-2026, 6990.00, 6915.50, 7001.00, 6606.50, 6606.50, 6606.50, 6754.00, 286219, 19331.24, 42070, 126163, 44.08
AMBICAAGAR, EQ, 29-Sep-2026, 24.88, 24.88, 24.88, 24.11, 24.38, 24.37, 24.30, 3594, 0.87, 93, 2900, 80.69
AMBIKCO, EQ, 29-Sep-2026, 1568.00, 1568.00, 1582.00, 1525.00, 1527.00, 1527.10, 1534.78, 9578, 147.00, 1039, 5385, 56.22
AMBUJACEM, EQ, 29-Sep-2026, 374.35, 373.50, 373.60, 365.75, 365.75, 365.75, 368.88, 1769537, 6527.55, 29656, 828319, 46.81
AMCL, SM, 29-Sep-2026, 347.90, 340.00, 346.90, 336.00, 346.90, 346.90, 342.28, 2400, 8.21, 6, 2400, 100.00
AMDIND, BE, 29-Sep-2026, 56.65, 56.65, 56.65, 53.82, 53.82, 54.00, 54.18, 58547, 31.72, 382, -, -
AMEYA, SM, 29-Sep-2026, 139.25, 137.00, 146.20, 137.00, 146.20, 146.20, 142.27, 10000, 14.23, 10, 10000, 100.00
AMJLAND, EQ, 29-Sep-2026, 38.05, 37.50, 38.87, 37.50, 37.75, 38.04, 38.40, 16749, 6.43, 105, 13900, 82.99
AMNPLST, EQ, 29-Sep-2026, 166.82, 169.00, 171.80, 162.00, 170.10, 170.18, 168.35, 107852, 181.57, 221, 104160, 96.58
AMRUTANJAN, EQ, 29-Sep-2026, 506.55, 505.05, 508.00, 499.15, 506.00, 505.25, 503.19, 17570, 88.41, 1127, 8741, 49.75
ANANDRATHI, EQ, 29-Sep-2026, 2146.20, 2150.00, 2168.90, 2077.30, 2105.00, 2100.60, 2105.42, 1341769, 28249.83, 67605, 779128, 58.07
ANANTAM, IV, 29-Sep-2026, 104.76, 104.76, 104.76, 104.21, 104.50, 104.28, 104.50, 144007, 150.49, 145, 144004, 100.00
ANANTRAJ, EQ, 29-Sep-2026, 607.95, 605.00, 613.60, 599.00, 600.80, 602.30, 603.91, 1194043, 7210.93, 32688, 451900, 37.85
ANAWIL, SM, 29-Sep-2026, 468.85, 468.85, 510.00, 468.85, 510.00, 509.00, 492.97, 315600, 1555.82, 607, 209600, 66.41
ANDHRAPAP, EQ, 29-Sep-2026, 72.62, 72.98, 72.98, 71.01, 72.00, 72.32, 72.00, 212077, 152.69, 5347, 101059, 47.65
ANDHRSUGAR, EQ, 29-Sep-2026, 95.13, 95.13, 96.83, 92.70, 94.08, 94.40, 94.06, 214302, 201.56, 6933, 64458, 30.08
ANDREWYU, EQ, 29-Sep-2026, 25.81, 25.82, 26.49, 25.05, 25.99, 25.84, 25.69, 87815, 22.56, 749, 46863, 53.37
ANGELONE, EQ, 29-Sep-2026, 279.20, 279.20, 280.00, 273.50, 273.50, 273.50, 275.93, 4376351, 12075.83, 37006, 1818818, 41.56
ANIKINDS, EQ, 29-Sep-2026, 43.03, 44.55, 44.55, 42.16, 43.99, 43.98, 43.20, 4840, 2.09, 145, 3859, 79.73
ANKITMETAL, BZ, 29-Sep-2026, 1.91, 1.94, 1.94, 1.94, 1.94, 1.94, 1.94, 60716, 1.18, 19, -, -
ANLON, SM, 29-Sep-2026, 769.95, 750.95, 750.95, 723.00, 749.90, 744.95, 742.51, 12400, 92.07, 25, 8000, 64.52
ANMOL, BE, 29-Sep-2026, 13.62, 13.93, 14.30, 13.13, 14.05, 13.77, 13.82, 80865, 11.18, 484, -, -
ANNAPURNA, EQ, 29-Sep-2026, 127.66, 127.66, 129.59, 126.31, 127.00, 127.22, 127.69, 15493, 19.78, 285, 9654, 62.31
ANNU, EQ, 29-Sep-2026, 47.86, 47.86, 49.00, 46.73, 48.00, 47.84, 47.63, 394589, 187.94, 4715, 147113, 37.28
ANONDITA, SM, 29-Sep-2026, 1103.35, 1100.00, 1115.00, 1070.00, 1092.00, 1094.75, 1098.74, 68600, 753.74, 225, 54000, 78.72
ANSALAPI, BZ, 29-Sep-2026, 4.00, 4.08, 4.08, 4.08, 4.08, 4.08, 4.08, 74081, 3.02, 35, -, -
ANSALBU, EQ, 29-Sep-2026, 90.38, 88.57, 92.00, 78.65, 87.43, 85.96, 87.04, 4740, 4.13, 131, 2807, 59.22
ANTELOPUS, EQ, 29-Sep-2026, 1159.45, 1165.00, 1234.90, 1112.05, 1157.00, 1162.50, 1178.27, 1431803, 16870.48, 68515, 181142, 12.65
ANTGRAPHIC, EQ, 29-Sep-2026, 0.69, 0.72, 0.72, 0.69, 0.71, 0.70, 0.71, 151675, 1.07, 143, 95131, 62.72
ANTHEM, EQ, 29-Sep-2026, 851.10, 855.00, 880.00, 852.05, 875.50, 869.75, 866.67, 689600, 5976.57, 51011, 328500, 47.64
ANUHPHR, EQ, 29-Sep-2026, 89.46, 89.00, 91.35, 87.90, 89.50, 89.68, 89.85, 106661, 95.84, 2419, 46531, 43.63
ANUP, EQ, 29-Sep-2026, 1632.00, 1635.00, 1644.80, 1580.00, 1598.30, 1591.20, 1595.65, 74671, 1191.49, 12826, 35903, 48.08
ANURAS, EQ, 29-Sep-2026, 1187.10, 1187.20, 1196.50, 1165.00, 1181.00, 1177.80, 1179.41, 192300, 2268.01, 11209, 117755, 61.24
ANYA, SM, 29-Sep-2026, 18.30, 17.55, 17.55, 17.55, 17.55, 17.55, 17.55, 15000, 2.63, 3, 15000, 100.00
ANZEN, IV, 29-Sep-2026, 127.00, 127.00, 127.00, 127.00, 127.00, 127.00, 127.00, 25000, 31.75, 1, 25000, 100.00
AONEGOLD, EQ, 29-Sep-2026, 13.71, 13.74, 13.77, 13.57, 13.66, 13.62, 13.65, 257103, 35.09, 1735, 149352, 58.09
AONELIQUID, EQ, 29-Sep-2026, 1078.72, 1078.86, 1078.88, 1078.86, 1078.86, 1078.86, 1078.87, 16578, 178.85, 89, 10324, 62.28
AONENIFTY, EQ, 29-Sep-2026, 9.42, 9.61, 9.65, 9.36, 9.42, 9.42, 9.41, 158764, 14.93, 1251, 139688, 87.98
AONESILVER, EQ, 29-Sep-2026, 8.46, 8.44, 8.55, 8.37, 8.40, 8.40, 8.41, 602587, 50.67, 1312, 493008, 81.82
AONETMMQ50, EQ, 29-Sep-2026, 9.91, 9.91, 10.00, 9.80, 9.91, 9.95, 9.87, 95276, 9.40, 327, 51343, 53.89
AONETOTAL, EQ, 29-Sep-2026, 11.41, 11.64, 11.64, 11.26, 11.38, 11.37, 11.35, 143752, 16.32, 965, 65184, 45.34
APARINDS, EQ, 29-Sep-2026, 17263.00, 17337.00, 18062.00, 17150.00, 17800.00, 17803.00, 17681.89, 199491, 35273.78, 64490, 85986, 43.10
APCL, EQ, 29-Sep-2026, 94.64, 95.10, 97.00, 93.00, 95.70, 94.92, 94.11, 4184, 3.94, 107, 3435, 82.10
APCOTEXIND, EQ, 29-Sep-2026, 586.00, 589.95, 603.60, 580.00, 600.70, 595.45, 595.47, 58105, 346.00, 5048, 32424, 55.80
APEX, EQ, 29-Sep-2026, 338.65, 338.65, 348.40, 334.50, 346.00, 343.10, 342.45, 112135, 384.01, 3853, 38311, 34.17
APEXECO, ST, 29-Sep-2026, 264.75, 260.00, 265.00, 253.25, 264.00, 263.95, 260.08, 15200, 39.53, 17, 15200, 100.00
APLAPOLLO, EQ, 29-Sep-2026, 2197.00, 2191.90, 2217.80, 2172.10, 2188.60, 2188.60, 2202.39, 639577, 14085.97, 29315, 405655, 63.43
APLLTD, EQ, 29-Sep-2026, 854.35, 853.90, 868.00, 837.50, 864.90, 861.50, 855.10, 457488, 3911.96, 33606, 222799, 48.70
APOLLO, EQ, 29-Sep-2026, 408.30, 411.70, 411.70, 399.10, 401.50, 402.60, 404.17, 5919584, 23925.31, 63042, 1793579, 30.30
APOLLOHOSP, EQ, 29-Sep-2026, 8860.00, 8885.00, 8906.00, 8657.50, 8659.00, 8659.00, 8743.42, 609210, 53265.78, 61576, 403816, 66.29
APOLLOPIPE, EQ, 29-Sep-2026, 521.20, 521.20, 530.00, 511.10, 511.25, 513.70, 523.67, 305274, 1598.64, 6950, 132605, 43.44
APOLLOTYRE, EQ, 29-Sep-2026, 389.60, 390.75, 429.00, 386.30, 415.00, 406.75, 404.24, 5125753, 20720.36, 86708, 3019547, 58.91
APOLSINHOT, EQ, 29-Sep-2026, 1172.90, 1185.00, 1199.90, 1160.40, 1166.20, 1166.20, 1175.36, 595, 6.99, 80, 448, 75.29
APOORVA, EQ, 29-Sep-2026, 33.49, 31.82, 33.14, 31.82, 33.00, 33.00, 32.25, 299, 0.10, 19, 299, 100.00
APRAMEYA, SM, 29-Sep-2026, 95.00, 104.90, 107.40, 100.00, 104.50, 105.00, 104.50, 38000, 39.71, 60, 35000, 92.11
APS, SM, 29-Sep-2026, 231.00, 231.05, 234.10, 225.00, 227.00, 229.60, 228.95, 19750, 45.22, 71, 10750, 54.43
APSISAERO, ST, 29-Sep-2026, 588.00, 585.00, 600.00, 558.60, 600.00, 600.00, 570.10, 22800, 129.98, 18, 15600, 68.42
APTECHT, EQ, 29-Sep-2026, 90.27, 91.50, 91.50, 86.99, 88.51, 88.61, 88.37, 90136, 79.65, 1712, 36314, 40.29
APTUS, EQ, 29-Sep-2026, 237.47, 238.10, 238.54, 231.33, 234.03, 233.34, 233.23, 4037956, 9417.59, 54864, 2552396, 63.21
AQYLON, EQ, 29-Sep-2026, 18.00, 18.34, 18.34, 17.10, 17.10, 17.11, 17.20, 715504, 123.05, 1703, 459345, 64.20
ARABIAN, SM, 29-Sep-2026, 89.95, 86.05, 88.00, 86.00, 88.00, 88.00, 86.69, 34000, 29.48, 13, 32000, 94.12
ARCHIDPLY, EQ, 29-Sep-2026, 102.76, 107.69, 107.69, 101.07, 101.60, 101.98, 101.94, 10384, 10.59, 293, 7688, 74.04
ARCHIES, EQ, 29-Sep-2026, 12.58, 12.85, 12.85, 12.34, 12.48, 12.43, 12.50, 10512, 1.31, 129, 8024, 76.33
ARCIIL, SM, 29-Sep-2026, 32.90, 31.75, 32.00, 31.60, 32.00, 32.00, 31.84, 6000, 1.91, 6, 5000, 83.33
ARCIL, EQ, 29-Sep-2026, 142.71, 142.71, 147.98, 141.10, 141.70, 142.51, 144.91, 3558859, 5157.07, 61334, 1257858, 35.34
ARCL, EQ, 29-Sep-2026, 241.99, 240.25, 241.89, 231.50, 233.00, 233.00, 237.67, 4370, 10.39, 63, 3891, 89.04
ARDEE, EQ, 29-Sep-2026, 51.99, 51.99, 52.00, 50.01, 51.10, 51.17, 50.84, 2231592, 1134.54, 16647, 717996, 32.17
ARE&M, EQ, 29-Sep-2026, 774.95, 775.00, 778.95, 764.00, 769.40, 766.30, 769.37, 325892, 2507.32, 29582, 151675, 46.54
ARENTERP, EQ, 29-Sep-2026, 32.67, 32.84, 33.49, 31.12, 33.49, 32.95, 32.21, 608, 0.20, 20, 559, 91.94
ARFIN, EQ, 29-Sep-2026, 88.48, 88.29, 90.48, 87.35, 88.13, 88.16, 89.22, 1365354, 1218.12, 6437, 229969, 16.84
ARHAM, SM, 29-Sep-2026, 213.65, 211.00, 220.80, 211.00, 214.00, 214.90, 215.65, 194000, 418.35, 116, 154000, 79.38
ARIES, BE, 29-Sep-2026, 470.50, 467.00, 484.90, 467.00, 471.05, 474.80, 473.38, 8953, 42.38, 232, -, -
ARIHANT, EQ, 29-Sep-2026, 914.05, 913.95, 914.05, 870.00, 889.70, 888.90, 889.15, 1106, 9.83, 83, 839, 75.86
ARIHANTACA, SM, 29-Sep-2026, 470.05, 491.00, 491.00, 491.00, 491.00, 491.00, 491.00, 400, 1.96, 1, 400, 100.00
ARIHANTCAP, EQ, 29-Sep-2026, 89.81, 89.81, 91.62, 87.20, 90.30, 90.58, 89.24, 296536, 264.63, 3227, 129050, 43.52
ARIHANTSUP, EQ, 29-Sep-2026, 236.25, 236.00, 236.00, 228.25, 230.00, 230.25, 231.07, 1353, 3.13, 85, 967, 71.47
ARIS, EQ, 29-Sep-2026, 132.61, 132.02, 138.00, 129.33, 135.00, 135.00, 134.57, 1264189, 1701.16, 16079, 392889, 31.08
ARISTO, SM, 29-Sep-2026, 100.60, 95.60, 95.60, 95.60, 95.60, 95.60, 95.60, 800, 0.76, 1, 800, 100.00
ARKADE, EQ, 29-Sep-2026, 123.22, 124.07, 124.51, 120.12, 122.35, 121.92, 122.12, 134893, 164.74, 2195, 48485, 35.94
ARMANFIN, EQ, 29-Sep-2026, 1700.10, 1708.50, 1752.00, 1685.00, 1691.00, 1711.40, 1718.10, 60370, 1037.22, 7124, 25646, 42.48
ARMOUR, ST, 29-Sep-2026, 21.10, 22.15, 22.15, 22.15, 22.15, 22.15, 22.15, 4000, 0.89, 2, 4000, 100.00
AROGRANITE, EQ, 29-Sep-2026, 23.12, 23.12, 24.07, 22.80, 22.81, 22.81, 22.93, 1134, 0.26, 21, 1134, 100.00
ARROWGREEN, EQ, 29-Sep-2026, 891.85, 897.80, 899.05, 848.90, 868.00, 872.50, 867.56, 46136, 400.26, 4440, 22848, 49.52
ARSHIYA, BZ, 29-Sep-2026, 0.76, 0.75, 0.79, 0.75, 0.79, 0.79, 0.78, 72244, 0.57, 63, -, -
ARSSBL, EQ, 29-Sep-2026, 500.60, 497.00, 506.35, 495.00, 497.05, 500.45, 501.17, 122318, 613.02, 3848, 64525, 52.75
ARTEMISMED, EQ, 29-Sep-2026, 365.90, 364.15, 369.60, 360.40, 368.95, 366.60, 365.16, 522715, 1908.73, 21120, 215876, 41.30
ARTNIRMAN, EQ, 29-Sep-2026, 38.30, 39.00, 39.00, 36.41, 38.85, 36.52, 36.53, 258, 0.09, 6, 225, 87.21
ARUNAYA, SM, 29-Sep-2026, 14.50, 14.00, 14.75, 14.00, 14.75, 14.75, 14.42, 10000, 1.44, 5, 10000, 100.00
ARVEE, EQ, 29-Sep-2026, 234.50, 244.00, 249.00, 230.00, 230.25, 232.85, 237.89, 27843, 66.24, 791, 10568, 37.96
ARVIND, EQ, 29-Sep-2026, 543.60, 545.05, 552.10, 540.15, 543.00, 545.45, 546.71, 291616, 1594.30, 15630, 137725, 47.23
ARVINDFASN, EQ, 29-Sep-2026, 413.75, 411.00, 413.50, 390.55, 410.50, 410.15, 402.34, 413765, 1664.75, 31524, 173424, 41.91
ARVINDPORT, SM, 29-Sep-2026, 34.90, 34.00, 34.00, 33.05, 33.05, 33.05, 33.53, 3000, 1.01, 2, 3000, 100.00
ARVSMART, EQ, 29-Sep-2026, 615.75, 612.95, 621.90, 606.20, 606.20, 609.70, 612.93, 78068, 478.50, 3475, 30955, 39.65
ARYAMAN, EQ, 29-Sep-2026, 625.00, 625.00, 631.60, 610.00, 620.00, 620.00, 623.26, 529, 3.30, 32, 527, 99.62
ASAHIINDIA, EQ, 29-Sep-2026, 933.55, 934.00, 980.00, 923.00, 954.00, 957.95, 963.35, 286875, 2763.60, 23049, 107929, 37.62
ASAHISONG, BE, 29-Sep-2026, 387.20, 390.00, 391.00, 380.00, 389.50, 384.20, 387.76, 5852, 22.69, 87, -, -
ASAL, EQ, 29-Sep-2026, 429.20, 429.00, 434.45, 424.05, 427.50, 428.00, 428.33, 8484, 36.34, 717, 5922, 69.80
ASALCBR, EQ, 29-Sep-2026, 641.55, 646.00, 646.95, 628.25, 632.05, 634.60, 635.98, 42132, 267.95, 3171, 22650, 53.76
ASHAPURMIN, EQ, 29-Sep-2026, 502.60, 500.10, 524.25, 497.50, 521.70, 518.80, 514.38, 439076, 2258.52, 14133, 177928, 40.52
ASHIANA, EQ, 29-Sep-2026, 388.80, 383.70, 403.95, 382.60, 390.00, 390.55, 393.58, 42912, 168.90, 2241, 21075, 49.11
ASHIKAG, BE, 29-Sep-2026, 402.15, 405.00, 407.00, 395.95, 403.00, 398.35, 399.87, 6575, 26.29, 103, -, -
ASHIMASYN, EQ, 29-Sep-2026, 15.85, 15.85, 16.20, 15.81, 15.92, 16.08, 16.01, 42495, 6.80, 166, 30568, 71.93
ASHOKA, EQ, 29-Sep-2026, 110.17, 109.20, 109.83, 107.25, 108.82, 108.53, 108.48, 595433, 645.90, 8441, 280832, 47.16
ASHOKAMET, EQ, 29-Sep-2026, 15.37, 15.98, 16.10, 15.00, 15.04, 15.15, 15.25, 31273, 4.77, 233, 16432, 52.54
ASHOKLEY, EQ, 29-Sep-2026, 155.22, 155.50, 155.50, 152.48, 153.44, 153.44, 154.11, 14351744, 22117.66, 142272, 7500104, 52.26
ASHUTOSH, SM, 29-Sep-2026, 158.10, 158.50, 168.85, 155.00, 164.00, 163.35, 162.79, 206400, 335.99, 159, 99600, 48.26
ASHWINI, SM, 29-Sep-2026, 170.00, 167.50, 167.50, 167.00, 167.00, 167.00, 167.25, 2000, 3.35, 2, 2000, 100.00
ASIANENE, EQ, 29-Sep-2026, 474.15, 476.25, 484.50, 459.80, 476.10, 478.25, 474.46, 249852, 1185.45, 11585, 103794, 41.54
ASIANHOTNR, EQ, 29-Sep-2026, 372.00, 373.50, 373.50, 356.00, 359.15, 361.35, 364.53, 8278, 30.18, 494, 4315, 52.13
ASIANPAINT, EQ, 29-Sep-2026, 2420.00, 2417.50, 2425.30, 2381.00, 2415.00, 2415.00, 2412.39, 909789, 21947.67, 53501, 622435, 68.42
ASIANTILES, EQ, 29-Sep-2026, 50.16, 50.00, 50.60, 49.22, 50.50, 50.10, 49.88, 2959007, 1476.07, 6724, 848150, 28.66
ASIANTNE, EQ, 29-Sep-2026, 9.17, 9.13, 9.39, 8.76, 9.34, 9.02, 9.03, 9774, 0.88, 29, 9765, 99.91
ASKAUTOLTD, EQ, 29-Sep-2026, 650.35, 643.00, 646.20, 611.00, 620.30, 619.85, 619.99, 710889, 4407.44, 43597, 279176, 39.27
ASMS, EQ, 29-Sep-2026, 6.33, 6.49, 6.49, 5.10, 6.07, 6.08, 5.83, 524327, 30.56, 1693, 320258, 61.08
ASPINWALL, EQ, 29-Sep-2026, 247.65, 248.85, 251.70, 242.25, 242.50, 242.50, 244.42, 554, 1.35, 31, 528, 95.31
ASPIRE, SM, 29-Sep-2026, 14.25, 14.10, 14.95, 14.10, 14.95, 14.95, 14.57, 10000, 1.46, 5, 10000, 100.00
ASTAR, EQ, 29-Sep-2026, 708.80, 708.00, 708.00, 661.40, 687.00, 685.35, 675.94, 171, 1.16, 33, 124, 72.51
ASTEC, EQ, 29-Sep-2026, 711.80, 705.00, 715.30, 686.80, 694.00, 696.25, 698.11, 30244, 211.14, 2559, 12303, 40.68
ASTERDM, EQ, 29-Sep-2026, 747.35, 745.00, 751.95, 718.50, 735.45, 733.95, 736.09, 4132919, 30422.02, 78821, 2530839, 61.24
ASTRAL, EQ, 29-Sep-2026, 1370.50, 1370.50, 1384.20, 1346.50, 1375.00, 1375.00, 1368.61, 933913, 12781.66, 49570, 548381, 58.72
ASTRAMICRO, EQ, 29-Sep-2026, 1590.10, 1585.00, 1670.00, 1577.60, 1649.00, 1652.60, 1638.09, 651062, 10664.99, 43209, 319689, 49.10
ASTRAZEN, EQ, 29-Sep-2026, 6280.00, 6235.00, 6355.00, 6195.50, 6220.00, 6254.50, 6284.15, 8506, 534.53, 3534, 4150, 48.79
ASTRON, BZ, 29-Sep-2026, 2.95, 2.98, 2.98, 2.83, 2.93, 2.93, 2.88, 8003, 0.23, 44, -, -
ATALREAL, EQ, 29-Sep-2026, 13.24, 13.40, 13.40, 11.92, 11.92, 12.03, 12.14, 5203592, 631.69, 4036, 2487034, 47.79
ATAM, EQ, 29-Sep-2026, 55.81, 56.12, 57.74, 54.45, 54.46, 54.91, 56.44, 15097, 8.52, 305, 14019, 92.86
ATCENERGY, SM, 29-Sep-2026, 23.10, 23.85, 23.85, 22.00, 22.05, 22.05, 22.78, 4800, 1.09, 4, 3600, 75.00
ATGL, EQ, 29-Sep-2026, 594.45, 598.10, 599.40, 586.00, 588.20, 588.40, 591.95, 603219, 3570.73, 29213, 184511, 30.59
ATHERENERG, EQ, 29-Sep-2026, 1454.90, 1460.20, 1460.20, 1403.80, 1407.00, 1407.00, 1422.23, 5655784, 80438.54, 149661, 2671008, 47.23
ATL, EQ, 29-Sep-2026, 24.85, 24.86, 24.94, 24.12, 24.32, 24.47, 24.38, 143546, 34.99, 2711, 68233, 47.53
ATLANTAA, EQ, 29-Sep-2026, 35.32, 35.70, 39.00, 35.15, 36.51, 36.69, 37.36, 336131, 125.59, 1639, 108469, 32.27
ATLANTAELE, EQ, 29-Sep-2026, 1613.30, 1605.00, 1657.40, 1584.20, 1612.70, 1634.20, 1621.46, 157786, 2558.44, 16735, 97452, 61.76
ATLASCYCLE, EQ, 29-Sep-2026, 91.43, 93.00, 100.00, 91.66, 94.50, 94.86, 96.49, 40780, 39.35, 869, 24632, 60.40
ATLPP, E1, 29-Sep-2026, 8.99, 9.00, 9.00, 9.00, 9.00, 9.00, 9.00, 2, 0.00, 2, 2, 100.00
ATMASTCO, SM, 29-Sep-2026, 112.55, 111.55, 115.35, 111.00, 115.10, 115.05, 113.29, 10800, 12.24, 24, 9600, 88.89
ATUL, EQ, 29-Sep-2026, 5991.00, 5975.00, 6086.50, 5950.00, 5970.00, 5982.50, 6022.44, 30980, 1865.75, 11949, 16168, 52.19
ATULAUTO, EQ, 29-Sep-2026, 440.55, 438.60, 440.70, 432.60, 440.40, 438.75, 437.07, 45338, 198.16, 2631, 22053, 48.64
AUBANK, EQ, 29-Sep-2026, 995.30, 990.00, 1005.20, 984.50, 1005.20, 1005.20, 992.27, 1870471, 18560.18, 59747, 1123487, 60.06
AUGMONT, EQ, 29-Sep-2026, 965.65, 1022.00, 1062.20, 1022.00, 1062.20, 1062.20, 1047.28, 1711349, 17922.64, 25282, 851225, 49.74
AURIONPRO, EQ, 29-Sep-2026, 642.50, 644.25, 654.00, 632.05, 634.00, 634.20, 641.06, 119838, 768.24, 8317, 64746, 54.03
AUROIMPEX, SM, 29-Sep-2026, 44.95, 44.95, 44.95, 43.00, 43.00, 43.00, 43.81, 17600, 7.71, 10, 17600, 100.00
AUROPHARMA, EQ, 29-Sep-2026, 1697.50, 1697.00, 1713.70, 1690.70, 1697.70, 1697.70, 1703.32, 1159038, 19742.18, 40560, 751145, 64.81
AURUM, EQ, 29-Sep-2026, 218.95, 217.40, 222.16, 217.08, 220.00, 220.31, 219.37, 64994, 142.58, 1295, 43337, 66.68
AURUS, EQ, 29-Sep-2026, 4.58, 4.62, 4.73, 4.21, 4.58, 4.57, 4.50, 35099, 1.58, 266, 27530, 78.44
AUSL, SM, 29-Sep-2026, 23.00, 23.00, 23.00, 23.00, 23.00, 23.00, 23.00, 4000, 0.92, 2, 4000, 100.00
AUSOMENT, EQ, 29-Sep-2026, 143.89, 142.31, 146.75, 140.00, 142.10, 143.75, 142.15, 3948, 5.61, 148, 2116, 53.60
AUSTENG, EQ, 29-Sep-2026, 159.23, 160.00, 160.00, 152.01, 158.00, 158.00, 158.22, 6599, 10.44, 141, 4762, 72.16
AUTOAXLES, EQ, 29-Sep-2026, 1689.20, 1675.00, 1709.00, 1665.10, 1685.10, 1699.60, 1686.33, 8595, 144.94, 636, 6305, 73.36
AUTOBEES, EQ, 29-Sep-2026, 274.30, 276.78, 276.78, 271.10, 273.75, 272.72, 272.77, 219809, 599.57, 3158, 119038, 54.16
AUTOIETF, EQ, 29-Sep-2026, 27.56, 28.02, 28.11, 27.11, 27.42, 27.29, 27.28, 415767, 113.41, 2532, 196676, 47.30
AUTOIND, EQ, 29-Sep-2026, 81.86, 83.40, 83.40, 80.60, 81.11, 81.99, 82.04, 82896, 68.01, 1312, 50075, 60.41
AVADHSUGAR, EQ, 29-Sep-2026, 808.40, 805.20, 812.00, 785.55, 789.00, 793.45, 799.16, 75190, 600.89, 5399, 26096, 34.71
AVALON, EQ, 29-Sep-2026, 2310.20, 2300.00, 2343.00, 2240.00, 2306.00, 2302.00, 2302.13, 210915, 4855.53, 21379, 63598, 30.15
AVANA, ST, 29-Sep-2026, 131.40, 128.30, 134.75, 128.05, 130.00, 130.00, 129.83, 10000, 12.98, 5, 10000, 100.00
AVANCE, EQ, 29-Sep-2026, 0.86, 0.85, 0.87, 0.83, 0.84, 0.85, 0.85, 6148649, 51.97, 1459, 2927051, 47.60
AVANTEL, EQ, 29-Sep-2026, 151.37, 151.25, 153.00, 147.10, 149.10, 149.22, 149.64, 1309329, 1959.26, 13231, 522929, 39.94
AVANTIFEED, EQ, 29-Sep-2026, 741.50, 740.90, 754.60, 730.10, 748.00, 747.50, 743.69, 628946, 4677.42, 38406, 310641, 49.39
AVATAR, ST, 29-Sep-2026, 178.10, 185.95, 186.00, 169.20, 169.20, 169.20, 179.07, 10000, 17.91, 5, 8000, 80.00
AVG, BE, 29-Sep-2026, 162.10, 160.50, 167.60, 160.50, 166.97, 164.53, 163.07, 8022, 13.08, 84, -, -
AVIANSH, SM, 29-Sep-2026, 98.00, 99.50, 100.00, 99.50, 100.00, 100.00, 99.75, 2000, 2.00, 2, 2000, 100.00
AVIENCE, SM, 29-Sep-2026, 376.25, 385.50, 392.00, 356.25, 362.20, 361.65, 373.06, 85200, 317.85, 135, 49200, 57.75
AVL, EQ, 29-Sep-2026, 595.15, 597.50, 597.50, 584.00, 585.00, 585.80, 587.90, 91169, 535.98, 9019, 42307, 46.41
AVONMORE, EQ, 29-Sep-2026, 12.66, 12.66, 13.24, 12.36, 13.24, 12.99, 12.72, 257037, 32.70, 966, 197522, 76.85
AVPINFRA, SM, 29-Sep-2026, 54.55, 54.50, 55.80, 53.05, 55.00, 55.00, 53.89, 72000, 38.80, 80, 47200, 65.56
AVROIND, EQ, 29-Sep-2026, 6.94, 7.00, 7.00, 6.83, 7.00, 6.98, 6.95, 72252, 5.02, 324, 49179, 68.07
AVTNPL, EQ, 29-Sep-2026, 86.61, 86.71, 93.50, 85.00, 92.75, 92.20, 89.79, 555777, 499.01, 6762, 208312, 37.48
AWFIS, EQ, 29-Sep-2026, 250.20, 250.40, 251.70, 244.05, 246.45, 247.10, 247.16, 471717, 1165.89, 12213, 206729, 43.82
AWHCL, EQ, 29-Sep-2026, 367.65, 369.00, 377.80, 361.00, 362.70, 364.35, 366.32, 64886, 237.69, 4497, 29198, 45.00
AWL, EQ, 29-Sep-2026, 180.66, 180.66, 181.45, 172.60, 179.45, 178.75, 177.60, 10388939, 18450.29, 95861, 5769797, 55.54
AXIOMGAS, ST, 29-Sep-2026, 51.35, 48.80, 48.80, 48.80, 48.80, 48.80, 48.80, 106000, 51.73, 5, 106000, 100.00
AXISBANK, EQ, 29-Sep-2026, 1209.90, 1202.00, 1212.10, 1190.50, 1212.10, 1212.10, 1203.39, 7260302, 87369.72, 159768, 4692570, 64.63
AXISCADES, EQ, 29-Sep-2026, 1879.50, 2034.00, 2067.40, 1970.80, 2067.40, 2067.40, 2049.43, 793589, 16264.09, 22179, 283099, 35.67
AXITA, EQ, 29-Sep-2026, 7.90, 7.96, 7.98, 7.79, 7.79, 7.81, 7.85, 1346408, 105.74, 1087, 537499, 39.92
AXTEL, EQ, 29-Sep-2026, 439.75, 439.75, 450.00, 427.50, 431.70, 443.65, 439.35, 4989, 21.92, 284, 3085, 61.84
AYE, EQ, 29-Sep-2026, 162.49, 163.30, 163.30, 156.72, 159.03, 159.70, 159.44, 931769, 1485.60, 22164, 430144, 46.16
AYMSYNTEX, EQ, 29-Sep-2026, 291.15, 292.00, 299.00, 276.15, 285.35, 285.95, 284.73, 214490, 610.71, 5683, 139337, 64.96
AZAD, EQ, 29-Sep-2026, 2723.20, 2779.00, 2998.00, 2751.10, 2915.00, 2914.20, 2905.40, 5323693, 154674.64, 310187, 1036499, 19.47
AZADIND, EQ, 29-Sep-2026, 82.30, 82.55, 85.40, 79.00, 79.00, 80.62, 81.10, 122844, 99.62, 1689, 16758, 13.64
BAFNAPH, BE, 29-Sep-2026, 357.05, 364.15, 364.15, 364.15, 364.15, 364.15, 364.15, 4801, 17.48, 27, -, -
BAGDIGITAL, SM, 29-Sep-2026, 102.75, 103.00, 103.95, 103.00, 103.95, 103.85, 103.41, 11200, 11.58, 7, 4800, 42.86
BAGFILMS, EQ, 29-Sep-2026, 4.20, 4.25, 4.32, 4.00, 4.08, 4.10, 4.07, 100884, 4.11, 356, 68061, 67.46
BAGMANE, RR, 29-Sep-2026, 109.30, 109.64, 109.80, 105.20, 106.50, 106.31, 106.57, 9960605, 10614.82, 21702, 7442916, 74.72
BAHETI, SM, 29-Sep-2026, 766.25, 777.00, 777.00, 755.00, 765.00, 765.00, 764.71, 25500, 195.00, 25, 20250, 79.41
BAIDFIN, EQ, 29-Sep-2026, 10.61, 10.61, 11.20, 10.39, 10.40, 10.45, 10.74, 77641, 8.34, 306, 56001, 72.13
BAJAJ-AUTO, EQ, 29-Sep-2026, 11024.00, 11016.00, 11020.00, 10805.00, 10811.00, 10811.00, 10859.92, 527929, 57332.68, 53481, 321611, 60.92
BAJAJCON, EQ, 29-Sep-2026, 480.05, 480.05, 499.80, 474.55, 495.30, 493.00, 491.66, 996143, 4897.67, 34616, 438788, 44.05
BAJAJELEC, EQ, 29-Sep-2026, 314.65, 313.15, 313.35, 304.00, 311.00, 309.85, 308.17, 348608, 1074.32, 11974, 131784, 37.80
BAJAJFINSV, EQ, 29-Sep-2026, 1752.00, 1758.80, 1758.80, 1730.00, 1742.40, 1742.40, 1744.97, 858895, 14987.49, 55986, 561831, 65.41
BAJAJHCARE, EQ, 29-Sep-2026, 336.60, 336.00, 341.10, 332.10, 335.80, 335.00, 336.34, 128214, 431.23, 4493, 61937, 48.31
BAJAJHFL, EQ, 29-Sep-2026, 82.52, 82.50, 82.50, 81.06, 81.15, 81.26, 81.50, 2829444, 2306.10, 31437, 1491272, 52.71
BAJAJHIND, EQ, 29-Sep-2026, 20.45, 20.32, 20.40, 19.83, 19.98, 19.98, 20.08, 11722083, 2353.22, 16684, 2588931, 22.09
BAJAJHLDNG, EQ, 29-Sep-2026, 10800.00, 10730.00, 10873.00, 10600.00, 10600.00, 10600.00, 10702.81, 65092, 6966.67, 14019, 43061, 66.15
BAJAJINDEF, EQ, 29-Sep-2026, 210.31, 212.06, 215.99, 209.05, 210.10, 213.11, 211.61, 11971, 25.33, 500, 8114, 67.78
BAJAJST, EQ, 29-Sep-2026, 338.80, 341.00, 352.50, 339.00, 342.40, 345.10, 343.96, 3869, 13.31, 331, 2419, 62.52
BAJEL, EQ, 29-Sep-2026, 169.47, 169.01, 171.60, 166.62, 168.30, 170.20, 169.39, 153241, 259.58, 2676, 82322, 53.72
BAJFINANCE, EQ, 29-Sep-2026, 985.00, 977.50, 979.70, 961.40, 973.80, 973.80, 969.86, 8612123, 83525.26, 111666, 5835954, 67.76
BALAJEE, EQ, 29-Sep-2026, 25.25, 25.00, 25.94, 24.51, 25.83, 25.43, 24.93, 24908, 6.21, 272, 18550, 74.47
BALAJIPHOS, SM, 29-Sep-2026, 107.05, 110.00, 110.00, 105.30, 105.30, 105.75, 107.80, 10000, 10.78, 10, 8000, 80.00
BALAJITELE, EQ, 29-Sep-2026, 93.87, 93.92, 93.92, 90.70, 91.30, 91.74, 91.86, 95613, 87.83, 1483, 51852, 54.23
BALAMINES, EQ, 29-Sep-2026, 2153.90, 2150.00, 2207.40, 2132.10, 2149.00, 2142.10, 2156.17, 100677, 2170.76, 12639, 30239, 30.04
BALAXI, EQ, 29-Sep-2026, 22.39, 22.39, 23.45, 22.05, 23.35, 23.02, 22.79, 18116, 4.13, 178, 16131, 89.04
BALCO, SM, 29-Sep-2026, 19.85, 18.90, 18.90, 18.90, 18.90, 18.90, 18.90, 2400, 0.45, 2, 1200, 50.00
BALKRISHNA, EQ, 29-Sep-2026, 16.44, 16.11, 16.58, 15.80, 15.80, 15.87, 16.07, 13114, 2.11, 113, 5954, 45.40
BALKRISIND, EQ, 29-Sep-2026, 2153.80, 2151.30, 2162.80, 2115.80, 2123.00, 2126.20, 2136.11, 142506, 3044.08, 37199, 79218, 55.59
BALMLAWRIE, EQ, 29-Sep-2026, 162.48, 162.30, 162.47, 160.11, 161.90, 161.59, 161.22, 73371, 118.29, 2102, 40024, 54.55
BALPHARMA, EQ, 29-Sep-2026, 104.77, 105.39, 114.63, 105.06, 112.00, 112.11, 111.43, 237163, 264.26, 4551, 88662, 37.38
BALRAMCHIN, EQ, 29-Sep-2026, 680.70, 680.70, 681.50, 670.00, 671.00, 672.90, 675.18, 602496, 4067.95, 18883, 124280, 20.63
BALUFORGE, EQ, 29-Sep-2026, 495.10, 495.10, 508.15, 483.50, 505.00, 501.15, 498.28, 687035, 3423.34, 22005, 150144, 21.85
BANARBEADS, EQ, 29-Sep-2026, 117.27, 119.60, 119.80, 113.10, 115.25, 115.25, 115.75, 3610, 4.18, 86, 2749, 76.15
BANARISUG, EQ, 29-Sep-2026, 3383.70, 3393.60, 3393.60, 3301.60, 3302.00, 3305.00, 3342.67, 554, 18.52, 151, 363, 65.52
BANCOINDIA, EQ, 29-Sep-2026, 594.20, 592.70, 599.90, 583.30, 598.45, 595.65, 591.97, 64135, 379.66, 6593, 28183, 43.94
BANDHANBNK, EQ, 29-Sep-2026, 181.00, 181.20, 185.31, 179.30, 185.31, 185.31, 182.30, 9533177, 17379.31, 66075, 4159924, 43.64
BANG, EQ, 29-Sep-2026, 31.69, 32.40, 32.68, 31.42, 31.65, 31.68, 31.93, 11450, 3.66, 82, 2572, 22.46
BANK10ADD, EQ, 29-Sep-2026, 16.19, 16.17, 16.17, 15.83, 16.06, 16.11, 15.97, 234324, 37.41, 832, 162607, 69.39
BANK10BETF, EQ, 29-Sep-2026, 19.90, 20.30, 20.30, 19.37, 19.40, 19.45, 19.61, 17628, 3.46, 47, 3493, 19.82
BANKA, EQ, 29-Sep-2026, 73.09, 72.00, 72.40, 70.50, 70.51, 70.52, 70.75, 3034, 2.15, 44, 2759, 90.94
BANKADD, EQ, 29-Sep-2026, 55.83, 55.73, 56.02, 55.10, 56.02, 55.89, 55.40, 22998, 12.74, 103, 14180, 61.66
BANKBARODA, EQ, 29-Sep-2026, 227.50, 227.50, 230.57, 223.82, 227.68, 227.68, 227.11, 7198395, 16348.54, 56484, 2863540, 39.78
BANKBEES, EQ, 29-Sep-2026, 565.32, 568.15, 568.15, 558.31, 565.44, 564.42, 561.65, 800119, 4493.90, 11908, 344268, 43.03
BANKBETA, EQ, 29-Sep-2026, 56.52, 56.60, 56.75, 55.10, 56.00, 56.25, 55.96, 499548, 279.56, 782, 356856, 71.44
BANKBETF, EQ, 29-Sep-2026, 55.60, 55.60, 55.64, 54.73, 55.49, 55.43, 55.24, 53243, 29.41, 295, 10227, 19.21
BANKETF, EQ, 29-Sep-2026, 556.29, 554.39, 554.84, 548.70, 552.84, 553.83, 552.29, 95277, 526.20, 1192, 86279, 90.56
BANKIETF, EQ, 29-Sep-2026, 56.11, 56.00, 56.11, 55.33, 56.05, 55.97, 55.60, 1206875, 671.08, 3022, 707314, 58.61
BANKINDIA, EQ, 29-Sep-2026, 129.99, 130.00, 131.83, 128.55, 130.11, 130.11, 130.59, 9187360, 11997.44, 50486, 4210127, 45.83
BANKNIFTY1, EQ, 29-Sep-2026, 56.68, 54.98, 57.28, 54.98, 56.51, 56.50, 56.34, 2595241, 1462.08, 5651, 2172694, 83.72
BANKPSU, EQ, 29-Sep-2026, 81.10, 81.10, 81.11, 80.00, 80.54, 80.90, 80.68, 10321, 8.33, 145, 5745, 55.66
BANSALWIRE, EQ, 29-Sep-2026, 317.60, 319.75, 330.00, 319.75, 329.00, 327.65, 325.28, 125973, 409.76, 6023, 55250, 43.86
BANSWRAS, EQ, 29-Sep-2026, 107.62, 109.90, 109.90, 106.21, 107.10, 107.31, 107.44, 9777, 10.50, 406, 6818, 69.74
BARFLEX, SM, 29-Sep-2026, 51.90, 51.95, 52.50, 51.00, 51.00, 51.00, 51.73, 44000, 22.76, 19, 36000, 81.82
BASF, EQ, 29-Sep-2026, 3495.80, 3495.80, 3520.90, 3411.00, 3440.00, 3435.60, 3467.59, 16267, 564.07, 3594, 8274, 50.86
BASILIC, SM, 29-Sep-2026, 167.30, 165.00, 180.00, 165.00, 176.50, 175.05, 170.15, 61500, 104.65, 105, 53100, 86.34
BASML, BE, 29-Sep-2026, 23.95, 23.96, 23.99, 22.93, 23.50, 23.41, 23.28, 60335, 14.05, 210, -, -
BATAINDIA, EQ, 29-Sep-2026, 624.70, 624.70, 628.90, 613.00, 617.00, 620.35, 620.14, 137084, 850.11, 12107, 65086, 47.48
BATLIBOI, EQ, 29-Sep-2026, 83.19, 84.60, 85.90, 82.55, 85.50, 85.24, 84.52, 24049, 20.33, 634, 17120, 71.19
BAYERCROP, EQ, 29-Sep-2026, 3671.80, 3648.00, 3669.60, 3575.00, 3590.00, 3602.70, 3611.11, 148960, 5379.11, 22074, 94632, 63.53
BBETF0432, EQ, 29-Sep-2026, 1333.50, 1333.50, 1338.49, 1330.10, 1335.05, 1337.31, 1334.52, 2380, 31.76, 78, 2045, 85.92
BBL, EQ, 29-Sep-2026, 2112.20, 2120.50, 2169.70, 2053.10, 2129.90, 2123.70, 2123.33, 21374, 453.84, 3884, 9073, 42.45
BBNPNBETF, EQ, 29-Sep-2026, 54.35, 54.65, 55.43, 53.71, 54.85, 53.73, 53.95, 1328, 0.72, 24, 1007, 75.83
BBNPPGOLD, EQ, 29-Sep-2026, 141.90, 141.90, 142.00, 139.90, 141.60, 141.10, 141.03, 4187, 5.90, 80, 2399, 57.30
BBOX, EQ, 29-Sep-2026, 783.15, 786.00, 828.40, 783.00, 817.00, 812.80, 804.73, 1236329, 9949.16, 65732, 527595, 42.67
BBTC, EQ, 29-Sep-2026, 1415.70, 1415.00, 1415.00, 1350.00, 1357.00, 1355.00, 1363.55, 240571, 3280.30, 21597, 139953, 58.18
BBTCL, EQ, 29-Sep-2026, 228.12, 234.90, 234.90, 226.57, 229.00, 228.15, 229.34, 4181, 9.59, 141, 3049, 72.93
BCG, EQ, 29-Sep-2026, 9.37, 9.37, 9.44, 9.20, 9.28, 9.28, 9.27, 3577362, 331.59, 3912, 1746367, 48.82
BCLIND, EQ, 29-Sep-2026, 32.52, 32.51, 32.80, 31.75, 32.40, 32.42, 32.20, 318329, 102.49, 3015, 153094, 48.09
BCONCEPTS, EQ, 29-Sep-2026, 146.02, 146.00, 146.00, 138.00, 139.97, 139.25, 139.68, 24778, 34.61, 921, 16153, 65.19
BCPL, EQ, 29-Sep-2026, 67.98, 69.65, 69.65, 67.25, 68.46, 68.12, 67.85, 2531, 1.72, 133, 1791, 70.76
BDL, EQ, 29-Sep-2026, 1115.00, 1112.70, 1117.00, 1085.10, 1085.10, 1085.10, 1097.44, 1081355, 11867.27, 38204, 490571, 45.37
BEACON, SM, 29-Sep-2026, 87.00, 87.85, 88.00, 84.50, 85.00, 85.00, 87.14, 9000, 7.84, 9, 7000, 77.78
BEARDSELL, EQ, 29-Sep-2026, 24.58, 24.58, 24.99, 23.07, 23.39, 23.32, 23.50, 138284, 32.49, 611, 109217, 78.98
BECTORFOOD, EQ, 29-Sep-2026, 211.52, 211.47, 212.94, 207.39, 209.00, 208.70, 209.62, 454443, 952.61, 13185, 180973, 39.82
BEDMUTHA, EQ, 29-Sep-2026, 109.23, 110.32, 112.20, 106.62, 107.33, 107.46, 108.09, 2521, 2.72, 222, 1712, 67.91
BEEKAY, EQ, 29-Sep-2026, 434.40, 422.20, 446.80, 416.15, 430.10, 433.30, 428.69, 2827, 12.12, 136, 2187, 77.36
BEL, EQ, 29-Sep-2026, 385.50, 385.50, 388.00, 382.20, 387.75, 387.75, 385.91, 13517154, 52164.68, 114895, 9574623, 70.83
BELLACASA, EQ, 29-Sep-2026, 266.50, 279.50, 279.50, 252.81, 257.65, 255.51, 257.85, 18265, 47.10, 664, 11445, 62.66
BELRISE, EQ, 29-Sep-2026, 248.62, 249.45, 249.45, 239.20, 241.00, 240.52, 242.90, 1783755, 4332.74, 35720, 826926, 46.36
BEML, EQ, 29-Sep-2026, 1995.10, 1985.00, 1990.40, 1944.00, 1960.00, 1966.60, 1965.74, 235405, 4627.46, 21868, 82516, 35.05
BENARAS, EQ, 29-Sep-2026, 10150.00, 10399.00, 10500.00, 10067.00, 10260.00, 10215.00, 10251.86, 166, 17.02, 53, 119, 71.69
BENGALASM, EQ, 29-Sep-2026, 5938.50, 6005.00, 6220.50, 5950.00, 6184.50, 6161.50, 6061.30, 689, 41.76, 433, 250, 36.28
BEPL, EQ, 29-Sep-2026, 125.38, 126.45, 126.95, 123.50, 123.50, 124.00, 125.09, 813546, 1017.70, 8036, 366574, 45.06
BERGEPAINT, EQ, 29-Sep-2026, 452.85, 451.95, 456.40, 441.10, 449.00, 448.20, 449.75, 610722, 2746.75, 35707, 429756, 70.37
BESTAGRO, EQ, 29-Sep-2026, 17.69, 17.81, 18.00, 17.30, 17.81, 17.86, 17.63, 469015, 82.67, 1828, 196108, 41.81
BETA, EQ, 29-Sep-2026, 2040.30, 2040.00, 2084.80, 2010.50, 2084.80, 2064.90, 2038.63, 12014, 244.92, 2029, 6095, 50.73
BEWLTD, SM, 29-Sep-2026, 63.00, 63.00, 64.00, 59.25, 61.00, 60.95, 61.62, 54000, 33.27, 82, 31000, 57.41
BFINVEST, EQ, 29-Sep-2026, 435.20, 436.50, 439.30, 432.05, 435.55, 436.15, 435.64, 19909, 86.73, 1036, 13653, 68.58
BFSI, EQ, 29-Sep-2026, 25.69, 25.22, 26.40, 25.22, 25.63, 25.58, 25.49, 265239, 67.61, 986, 150367, 56.69
BFUTILITIE, EQ, 29-Sep-2026, 515.90, 515.20, 518.45, 502.00, 514.00, 508.90, 508.35, 69674, 354.19, 3870, 28883, 41.45
BGRENERGY, BE, 29-Sep-2026, 268.28, 261.58, 261.58, 254.87, 254.87, 254.87, 256.98, 35946, 92.37, 255, -, -
BHADORA, ST, 29-Sep-2026, 127.25, 127.25, 133.60, 121.10, 133.60, 133.60, 129.73, 33600, 43.59, 21, 33600, 100.00
BHAGCHEM, EQ, 29-Sep-2026, 241.10, 241.45, 243.10, 237.90, 238.10, 240.25, 240.68, 63799, 153.55, 740, 36012, 56.45
BHAGERIA, EQ, 29-Sep-2026, 380.85, 380.65, 387.40, 371.00, 377.10, 377.85, 378.35, 112369, 425.15, 3184, 60141, 53.52
BHAGYANGR, EQ, 29-Sep-2026, 411.35, 404.05, 412.50, 397.15, 405.00, 408.10, 404.85, 89524, 362.44, 4916, 45198, 50.49
BHANDARI, EQ, 29-Sep-2026, 2.90, 2.88, 2.94, 2.87, 2.91, 2.90, 2.91, 148872, 4.33, 235, 133447, 89.64
BHARATCOAL, EQ, 29-Sep-2026, 32.51, 32.62, 33.67, 32.32, 33.45, 33.50, 33.12, 13101283, 4338.96, 35029, 4708870, 35.94
BHARATFORG, EQ, 29-Sep-2026, 1957.00, 1950.00, 1958.00, 1917.00, 1942.00, 1942.00, 1934.50, 1101271, 21304.13, 45288, 658367, 59.78
BHARATGEAR, BE, 29-Sep-2026, 99.82, 99.33, 100.78, 99.00, 100.70, 100.29, 99.74, 11861, 11.83, 85, -, -
BHARATRAS, EQ, 29-Sep-2026, 1046.20, 1049.70, 1055.00, 1000.00, 1006.00, 1005.70, 1015.99, 66905, 679.75, 4330, 43455, 64.95
BHARATSE, EQ, 29-Sep-2026, 212.45, 212.45, 215.23, 207.91, 211.20, 213.61, 212.26, 92513, 196.37, 3689, 43382, 46.89
BHARATWIRE, EQ, 29-Sep-2026, 166.35, 166.71, 169.68, 162.50, 166.00, 167.18, 166.39, 155514, 258.75, 4100, 63523, 40.85
BHARTIARTL, EQ, 29-Sep-2026, 1771.40, 1764.00, 1787.50, 1762.00, 1771.20, 1771.20, 1777.12, 9811381, 174359.58, 236952, 7115256, 72.52
BHARTIHEXA, EQ, 29-Sep-2026, 1426.50, 1429.70, 1432.40, 1398.00, 1402.10, 1409.40, 1413.40, 171619, 2425.66, 22074, 119440, 69.60
BHEL, EQ, 29-Sep-2026, 411.90, 410.30, 414.90, 402.60, 413.35, 413.35, 410.11, 6607415, 27097.78, 101664, 2975954, 45.04
BI, BE, 29-Sep-2026, 98.71, 96.74, 100.68, 96.74, 100.68, 100.68, 100.00, 13447, 13.45, 47, -, -
BIGBLOC, EQ, 29-Sep-2026, 39.37, 38.68, 40.40, 38.20, 38.55, 38.64, 38.64, 26802, 10.36, 1100, 15425, 57.55
BIKAJI, EQ, 29-Sep-2026, 557.90, 552.00, 554.90, 523.60, 538.00, 531.15, 534.03, 904191, 4828.66, 35596, 527157, 58.30
BIKEWO, ST, 29-Sep-2026, 117.95, 115.60, 117.40, 115.60, 117.40, 117.40, 116.80, 36000, 42.05, 12, 36000, 100.00
BIL, EQ, 29-Sep-2026, 1001.20, 998.20, 1008.70, 990.00, 997.35, 1000.70, 998.13, 7606, 75.92, 477, 5776, 75.94
BILVYAPAR, BE, 29-Sep-2026, 4.48, 4.60, 4.60, 4.27, 4.29, 4.29, 4.39, 10350, 0.45, 34, -, -
BIMETAL, EQ, 29-Sep-2026, 640.15, 640.10, 652.00, 629.80, 635.05, 635.65, 640.35, 482, 3.09, 44, 296, 61.41
BIOCON, EQ, 29-Sep-2026, 374.90, 376.05, 379.95, 373.25, 377.00, 377.00, 377.14, 2779766, 10483.62, 61541, 1252307, 45.05
BIOFILCHEM, EQ, 29-Sep-2026, 31.51, 31.36, 31.99, 31.30, 31.88, 31.52, 31.55, 8360, 2.64, 130, 5412, 64.74
BIOPOL, SM, 29-Sep-2026, 49.00, 51.45, 51.45, 51.40, 51.45, 51.45, 51.45, 44400, 22.84, 35, 39600, 89.19
BIRET, RR, 29-Sep-2026, 337.77, 338.80, 338.89, 331.05, 331.65, 333.85, 334.24, 4347530, 14531.09, 22638, 3704322, 85.21
BIRLACABLE, EQ, 29-Sep-2026, 351.40, 353.85, 368.95, 344.00, 368.95, 368.95, 362.14, 427890, 1549.56, 7650, 175379, 40.99
BIRLACORPN, EQ, 29-Sep-2026, 839.10, 836.00, 853.70, 828.35, 851.50, 849.90, 841.74, 57453, 483.61, 5986, 28895, 50.29
BIRLAMONEY, EQ, 29-Sep-2026, 115.31, 114.71, 115.78, 112.01, 113.65, 114.29, 114.09, 31654, 36.11, 1069, 19272, 60.88
BIRLANU, EQ, 29-Sep-2026, 1441.00, 1441.00, 1442.80, 1390.00, 1400.10, 1406.00, 1410.04, 7707, 108.67, 1450, 5264, 68.30
BIRLAPREC, BE, 29-Sep-2026, 53.88, 52.27, 54.98, 52.27, 54.90, 54.80, 53.67, 59792, 32.09, 319, -, -
BLACKBUCK, EQ, 29-Sep-2026, 601.20, 603.75, 625.00, 598.40, 624.80, 622.40, 616.58, 703713, 4338.97, 35818, 283922, 40.35
BLACKROSE, EQ, 29-Sep-2026, 116.32, 118.98, 118.98, 109.99, 113.00, 113.25, 112.45, 41795, 47.00, 761, 28771, 68.84
BLAL, EQ, 29-Sep-2026, 160.69, 160.06, 164.99, 158.61, 164.99, 163.65, 161.42, 18397, 29.70, 443, 11619, 63.16
BLBLIMITED, EQ, 29-Sep-2026, 17.18, 17.34, 17.38, 16.72, 16.75, 16.84, 17.05, 103341, 17.62, 599, 53179, 51.46
BLEL, EQ, 29-Sep-2026, 445.10, 449.05, 451.00, 436.10, 447.00, 447.05, 444.45, 251670, 1118.56, 8902, 78272, 31.10
BLIL, EQ, 29-Sep-2026, 65.56, 65.00, 65.49, 64.72, 64.84, 64.91, 64.96, 98538, 64.01, 2084, 82266, 83.49
BLISSGVS, BE, 29-Sep-2026, 737.65, 727.00, 730.00, 700.80, 712.90, 710.90, 706.33, 528926, 3735.98, 3842, -, -
BLKASHYAP, EQ, 29-Sep-2026, 51.90, 52.06, 52.06, 49.87, 50.75, 50.90, 50.85, 441623, 224.56, 3177, 217101, 49.16
BLS, EQ, 29-Sep-2026, 221.22, 221.60, 224.60, 218.00, 218.75, 219.55, 221.03, 784993, 1735.04, 19480, 299243, 38.12
BLSE, EQ, 29-Sep-2026, 320.65, 322.55, 324.00, 315.65, 322.50, 321.10, 320.58, 253804, 813.65, 4044, 161707, 63.71
BLUECLOUDS, EQ, 29-Sep-2026, 21.71, 21.74, 21.74, 19.89, 20.35, 20.23, 20.39, 7984831, 1627.79, 18482, 2366930, 29.64
BLUECOAST, EQ, 29-Sep-2026, 21.99, 22.99, 22.99, 21.61, 22.70, 22.70, 22.58, 1393, 0.31, 19, 1245, 89.38
BLUEDART, EQ, 29-Sep-2026, 4749.60, 4747.20, 4751.90, 4523.00, 4550.00, 4576.00, 4606.82, 88233, 4064.74, 17331, 50027, 56.70
BLUEJET, EQ, 29-Sep-2026, 557.30, 558.95, 566.60, 544.80, 555.40, 549.60, 553.53, 763828, 4228.03, 31087, 439151, 57.49
BLUEPEBBLE, ST, 29-Sep-2026, 68.85, 67.80, 67.80, 65.45, 67.00, 67.00, 66.54, 2000, 1.33, 4, 1600, 80.00
BLUESTARCO, EQ, 29-Sep-2026, 1575.40, 1572.90, 1578.50, 1526.90, 1529.50, 1529.50, 1549.52, 1003421, 15548.25, 35938, 535441, 53.36
BLUESTONE, EQ, 29-Sep-2026, 786.20, 789.00, 815.95, 740.35, 798.00, 806.05, 777.98, 2316818, 18024.41, 82220, 610003, 26.33
BLUEWATER, ST, 29-Sep-2026, 561.45, 589.40, 589.40, 558.05, 580.00, 580.00, 579.10, 21000, 121.61, 19, 19000, 90.48
BLUSPRING, EQ, 29-Sep-2026, 149.44, 149.00, 152.50, 142.00, 143.40, 143.11, 146.66, 351924, 516.15, 6890, 115967, 32.95
BMLL, SM, 29-Sep-2026, 166.00, 160.10, 160.10, 155.00, 155.00, 155.35, 159.10, 27000, 42.96, 22, 19000, 70.37
BMWVENTLTD, EQ, 29-Sep-2026, 51.40, 51.60, 52.49, 51.40, 51.40, 51.49, 51.66, 83375, 43.07, 1432, 64012, 76.78
BNAGROCHEM, EQ, 29-Sep-2026, 208.00, 208.00, 218.00, 197.60, 208.00, 207.24, 210.31, 918, 1.93, 39, 785, 85.51
BNALTD, BE, 29-Sep-2026, 351.80, 351.80, 351.80, 351.80, 351.80, 351.80, 351.80, 1, 0.00, 1, -, -
BNKETFAXIS, EQ, 29-Sep-2026, 563.13, 561.33, 562.34, 555.36, 562.34, 562.34, 556.42, 9056, 50.39, 51, 4223, 46.63
BODALCHEM, BE, 29-Sep-2026, 201.93, 201.95, 202.80, 191.84, 192.00, 191.99, 195.15, 710483, 1386.48, 2847, -, -
BOHRAIND, EQ, 29-Sep-2026, 15.79, 15.79, 15.79, 15.01, 15.01, 15.01, 15.08, 7861, 1.19, 42, 4431, 56.37
BOMDYEING, EQ, 29-Sep-2026, 107.39, 108.00, 108.00, 105.01, 106.39, 106.70, 106.31, 351757, 373.96, 3800, 142038, 40.38
BONLON, EQ, 29-Sep-2026, 40.16, 40.16, 42.00, 39.56, 40.50, 40.16, 40.60, 4226, 1.72, 44, 3390, 80.22
BORANA, EQ, 29-Sep-2026, 296.20, 294.15, 300.60, 286.10, 297.00, 296.40, 294.51, 28915, 85.16, 905, 14468, 50.04
BOROLTD, EQ, 29-Sep-2026, 280.80, 281.00, 282.26, 272.01, 277.00, 276.21, 276.88, 461628, 1278.14, 9347, 163806, 35.48
BORORENEW, EQ, 29-Sep-2026, 452.25, 452.25, 459.95, 449.10, 455.00, 452.50, 453.62, 392825, 1781.93, 18138, 157188, 40.01
BOROSCI, EQ, 29-Sep-2026, 114.13, 114.47, 118.56, 113.22, 115.60, 114.84, 115.59, 176023, 203.47, 2420, 108809, 61.82
BOSCH-HCIL, EQ, 29-Sep-2026, 1802.40, 1795.00, 1964.90, 1780.00, 1937.10, 1934.40, 1910.42, 201421, 3847.98, 20235, 64539, 32.04
BOSCHLTD, EQ, 29-Sep-2026, 47020.00, 47145.00, 47240.00, 45700.00, 45700.00, 45700.00, 46375.99, 14828, 6876.63, 6214, 6531, 44.05
BOSS, ST, 29-Sep-2026, 57.20, 57.00, 58.60, 57.00, 58.60, 58.60, 57.62, 6000, 3.46, 3, 6000, 100.00
BPCL, EQ, 29-Sep-2026, 302.25, 302.25, 303.45, 296.50, 299.35, 299.35, 299.79, 4538466, 13605.73, 44663, 2815202, 62.03
BPL, EQ, 29-Sep-2026, 46.41, 46.99, 47.99, 45.10, 46.10, 46.50, 46.33, 87265, 40.43, 1239, 35824, 41.05
BPLPHARMA, EQ, 29-Sep-2026, 2149.80, 2159.90, 2222.00, 1820.00, 1909.60, 1926.00, 1979.21, 64591, 1278.39, 6583, 24650, 38.16
BRACEPORT, SM, 29-Sep-2026, 65.10, 69.50, 69.70, 64.00, 64.00, 64.00, 68.04, 14400, 9.80, 9, 9600, 66.67
BRAHMINFRA, EQ, 29-Sep-2026, 148.23, 145.60, 156.00, 142.01, 155.90, 149.26, 145.95, 33835, 49.38, 520, 19982, 59.06
BRANDMAN, SM, 29-Sep-2026, 163.00, 162.00, 163.05, 160.00, 163.05, 163.05, 161.94, 4800, 7.77, 6, 4800, 100.00
BRIGADE, EQ, 29-Sep-2026, 583.90, 579.05, 584.85, 557.55, 562.00, 563.05, 568.28, 326005, 1852.61, 16383, 216519, 66.42
BRIGHOTEL, EQ, 29-Sep-2026, 55.52, 55.40, 56.98, 55.21, 55.81, 56.14, 56.03, 127096, 71.21, 4997, 64135, 50.46
BRIGHTBR, EQ, 29-Sep-2026, 248.10, 249.10, 252.00, 241.00, 248.00, 248.85, 248.05, 683, 1.69, 63, 506, 74.08
BRITANNIA, EQ, 29-Sep-2026, 4915.00, 4899.00, 4907.50, 4798.00, 4835.00, 4835.00, 4831.51, 524981, 25364.51, 29076, 311912, 59.41
BRNL, EQ, 29-Sep-2026, 16.43, 16.28, 16.87, 15.99, 16.59, 16.45, 16.23, 30174, 4.90, 283, 23013, 76.27
BROOKS, EQ, 29-Sep-2026, 56.55, 57.11, 57.94, 55.65, 56.50, 56.51, 56.63, 26984, 15.28, 560, 20082, 74.42
BSE, EQ, 29-Sep-2026, 3097.50, 3100.00, 3200.00, 3100.00, 3200.00, 3200.00, 3182.14, 30101047, 957856.91, 278349, 22637963, 75.21
BSE500IETF, EQ, 29-Sep-2026, 37.70, 37.90, 37.98, 37.31, 37.67, 37.73, 37.50, 85333, 32.00, 797, 60734, 71.17
BSHSL, EQ, 29-Sep-2026, 84.99, 84.99, 88.13, 81.53, 88.13, 85.90, 84.77, 13135, 11.13, 412, 10318, 78.55
BSL, EQ, 29-Sep-2026, 118.49, 120.79, 121.90, 117.01, 118.30, 118.16, 118.91, 2047, 2.43, 66, 1995, 97.46
BSLGOLDETF, EQ, 29-Sep-2026, 129.35, 129.38, 129.74, 127.66, 128.72, 128.49, 128.46, 810457, 1041.08, 3201, 737610, 91.01
BSLNIFTY, EQ, 29-Sep-2026, 26.81, 26.81, 28.00, 26.56, 27.83, 27.06, 26.81, 979590, 262.67, 4471, 605708, 61.83
BSLSENETFG, EQ, 29-Sep-2026, 73.78, 73.32, 74.43, 72.80, 73.40, 73.03, 73.11, 2292, 1.68, 91, 2196, 95.81
BSOFT, EQ, 29-Sep-2026, 271.25, 270.65, 273.40, 267.40, 270.50, 269.05, 269.75, 916800, 2473.09, 28596, 376343, 41.05
BTML, EQ, 29-Sep-2026, 7.15, 7.15, 7.25, 6.96, 7.05, 7.03, 7.13, 105273, 7.51, 292, 88583, 84.15
BTTL, BE, 29-Sep-2026, 38.50, 39.50, 40.40, 36.80, 40.40, 39.96, 39.09, 4534, 1.77, 26, -, -
BUILDPRO, EQ, 29-Sep-2026, 1256.70, 1261.30, 1279.10, 1229.50, 1260.00, 1244.20, 1255.87, 50034, 628.36, 5077, 27474, 54.91
BULKCORP, ST, 29-Sep-2026, 81.75, 81.50, 81.50, 77.90, 77.90, 79.70, 79.70, 2400, 1.91, 2, 2400, 100.00
BURNPUR, BE, 29-Sep-2026, 14.56, 14.01, 14.27, 13.84, 13.84, 13.84, 13.91, 50743, 7.06, 368, -, -
BUTTERFLY, EQ, 29-Sep-2026, 564.05, 563.00, 567.40, 559.50, 561.90, 561.25, 561.73, 7600, 42.69, 689, 5110, 67.24
BVCL, EQ, 29-Sep-2026, 40.53, 40.06, 41.30, 40.06, 41.10, 40.87, 40.87, 5203, 2.13, 118, 3762, 72.30
BYKE, EQ, 29-Sep-2026, 29.13, 29.90, 29.90, 28.08, 29.28, 28.93, 28.85, 57741, 16.66, 392, 48667, 84.28
C2C, SM, 29-Sep-2026, 162.15, 164.00, 194.55, 159.05, 194.55, 194.55, 183.52, 274650, 504.03, 1177, 178800, 65.10
CADSYS, SM, 29-Sep-2026, 43.70, 41.55, 41.55, 41.55, 41.55, 41.55, 41.55, 3000, 1.25, 6, 3000, 100.00
CALSOFT, BE, 29-Sep-2026, 34.55, 33.61, 34.70, 32.90, 33.79, 33.44, 33.41, 263015, 87.86, 743, -, -
CAMLINFINE, EQ, 29-Sep-2026, 95.40, 95.97, 96.42, 92.75, 93.40, 93.17, 93.71, 518550, 485.94, 5405, 228087, 43.99
CAMPUS, EQ, 29-Sep-2026, 211.04, 211.00, 212.27, 208.71, 210.98, 209.76, 210.52, 244297, 514.28, 8513, 114133, 46.72
CAMS, EQ, 29-Sep-2026, 691.55, 685.00, 689.95, 665.05, 666.00, 666.00, 672.41, 2128456, 14311.96, 74648, 868562, 40.81
CANARYS, SM, 29-Sep-2026, 28.65, 28.35, 29.35, 27.80, 28.30, 28.05, 28.64, 148000, 42.39, 33, 76000, 51.35
CANBK, EQ, 29-Sep-2026, 120.65, 120.00, 120.34, 118.03, 119.51, 119.51, 119.15, 20596639, 24540.98, 101398, 10071078, 48.90
CANFINHOME, EQ, 29-Sep-2026, 737.60, 737.60, 743.75, 730.00, 731.00, 731.70, 735.43, 182975, 1345.66, 14511, 104316, 57.01
CANHLIFE, EQ, 29-Sep-2026, 147.78, 146.55, 152.49, 144.55, 149.00, 149.62, 148.38, 1474938, 2188.52, 22446, 791042, 53.63
CANTABIL, EQ, 29-Sep-2026, 230.67, 231.00, 234.43, 228.21, 231.00, 232.50, 230.84, 92666, 213.91, 2103, 49035, 52.92
CAPACITE, EQ, 29-Sep-2026, 184.41, 185.10, 186.68, 180.50, 182.67, 182.61, 183.15, 350639, 642.18, 9015, 185738, 52.97
CAPILLARY, EQ, 29-Sep-2026, 576.35, 576.35, 576.35, 551.40, 569.50, 568.05, 565.53, 142990, 808.65, 7067, 55578, 38.87
CAPINVIT, IV, 29-Sep-2026, 76.92, 76.95, 77.28, 76.52, 76.89, 76.68, 76.89, 204140, 156.97, 2439, 163406, 80.05
CAPITALSFB, EQ, 29-Sep-2026, 280.20, 280.00, 281.95, 274.55, 280.00, 279.65, 278.15, 33988, 94.54, 917, 18373, 54.06
CAPLIPOINT, EQ, 29-Sep-2026, 2854.00, 2852.00, 2869.00, 2735.00, 2738.00, 2744.00, 2783.38, 93586, 2604.85, 15553, 38654, 41.30
CAPTRUST, BE, 29-Sep-2026, 18.39, 18.15, 18.73, 17.48, 17.55, 17.55, 17.63, 25855, 4.56, 84, -, -
CARBORUNIV, EQ, 29-Sep-2026, 1247.80, 1241.70, 1255.00, 1194.00, 1207.00, 1200.50, 1221.32, 279910, 3418.59, 21768, 170772, 61.01
CARERATING, EQ, 29-Sep-2026, 1628.40, 1627.90, 1647.60, 1603.40, 1640.00, 1637.80, 1626.99, 70064, 1139.94, 5757, 46703, 66.66
CARRARO, EQ, 29-Sep-2026, 523.70, 522.20, 525.00, 516.80, 520.00, 520.80, 521.30, 39095, 203.80, 4195, 20657, 52.84
CARTRADE, EQ, 29-Sep-2026, 2880.10, 2872.80, 2937.00, 2837.80, 2900.10, 2907.50, 2903.26, 245679, 7132.70, 31884, 104425, 42.50
CARYSIL, EQ, 29-Sep-2026, 1038.30, 1038.00, 1072.00, 1016.10, 1050.00, 1056.50, 1044.93, 92819, 969.90, 8971, 50373, 54.27
CASHIETF, EQ, 29-Sep-2026, 1081.41, 1081.41, 1081.57, 1081.41, 1081.56, 1081.56, 1081.56, 272398, 2946.16, 115, 202416, 74.31
CASTROLIND, EQ, 29-Sep-2026, 201.04, 200.20, 202.80, 198.10, 199.26, 199.83, 201.02, 5827158, 11713.89, 50167, 3374271, 57.91
CBAZAAR, SM, 29-Sep-2026, 5.35, 5.50, 5.60, 5.45, 5.45, 5.45, 5.52, 24000, 1.32, 3, 24000, 100.00
CCAVENUE, EQ, 29-Sep-2026, 15.41, 15.40, 15.60, 14.96, 15.37, 15.36, 15.26, 11575582, 1766.68, 18342, 3822352, 33.02
CCCL, EQ, 29-Sep-2026, 13.38, 13.38, 13.95, 13.00, 13.52, 13.47, 13.35, 222828, 29.75, 557, 189962, 85.25
CCHHL, EQ, 29-Sep-2026, 12.83, 12.89, 13.17, 12.71, 12.90, 12.90, 12.89, 4917, 0.63, 52, 4505, 91.62
CCL, EQ, 29-Sep-2026, 1031.60, 1030.00, 1036.30, 1000.00, 1002.30, 1006.20, 1015.92, 125455, 1274.53, 15185, 70090, 55.87
CDSL, EQ, 29-Sep-2026, 1289.00, 1289.00, 1290.00, 1261.30, 1261.90, 1261.90, 1275.86, 1412255, 18018.44, 54101, 635331, 44.99
CEATLTD, EQ, 29-Sep-2026, 3274.70, 3275.10, 3282.60, 3215.90, 3235.50, 3240.00, 3238.79, 45813, 1483.79, 11472, 22660, 49.46
CEDAAR, ST, 29-Sep-2026, 10.90, 10.85, 11.40, 10.85, 11.40, 11.40, 10.99, 4000, 0.44, 4, 4000, 100.00
CEIGALL, EQ, 29-Sep-2026, 378.55, 378.75, 384.80, 373.00, 380.00, 377.55, 379.70, 417159, 1583.96, 15683, 184900, 44.32
CEINSYS, EQ, 29-Sep-2026, 685.15, 682.00, 690.00, 668.00, 677.95, 681.85, 678.58, 47994, 325.68, 3115, 25239, 52.59
CELEBRITY, EQ, 29-Sep-2026, 6.68, 6.70, 6.70, 6.34, 6.45, 6.46, 6.47, 22678, 1.47, 79, 18939, 83.51
CELLECOR, SM, 29-Sep-2026, 29.45, 29.55, 29.85, 29.50, 29.55, 29.55, 29.64, 102000, 30.23, 32, 75000, 73.53
CELLO, EQ, 29-Sep-2026, 332.60, 332.60, 336.50, 325.60, 330.00, 333.35, 331.33, 213489, 707.36, 12889, 102566, 48.04
CEMNTGROWW, EQ, 29-Sep-2026, 13.93, 14.08, 14.09, 13.68, 13.68, 13.72, 13.78, 87435, 12.05, 520, 48687, 55.68
CEMPRO, EQ, 29-Sep-2026, 1224.50, 1229.00, 1245.50, 1214.00, 1222.00, 1223.30, 1226.29, 121284, 1487.29, 14722, 59884, 49.38
CENTENKA, EQ, 29-Sep-2026, 553.05, 558.60, 560.20, 541.00, 548.00, 549.50, 547.70, 20056, 109.85, 2113, 9391, 46.82
CENTEXT, EQ, 29-Sep-2026, 18.14, 18.29, 18.30, 18.00, 18.23, 18.16, 18.11, 68265, 12.37, 430, 50621, 74.15
CENTEXT-RE, BE, 29-Sep-2026, 2.00, 2.05, 2.80, 1.92, 2.80, 2.79, 2.38, 346265, 8.25, 563, -, -
CENTRALBK, EQ, 29-Sep-2026, 30.59, 30.59, 30.60, 29.92, 30.06, 30.04, 30.16, 6815993, 2055.81, 24849, 3467091, 50.87
CENTRUM, EQ, 29-Sep-2026, 20.85, 21.33, 22.20, 19.95, 20.40, 20.56, 20.44, 473508, 96.80, 1165, 224500, 47.41
CENTUM, EQ, 29-Sep-2026, 4571.20, 4530.00, 4995.00, 4460.20, 4848.00, 4920.70, 4862.07, 480139, 23344.68, 63410, 227985, 47.48
CENTURYPLY, EQ, 29-Sep-2026, 679.05, 679.05, 683.90, 655.05, 674.00, 665.00, 666.87, 515533, 3437.93, 34235, 309906, 60.11
CERA, EQ, 29-Sep-2026, 5196.00, 5196.00, 5238.50, 5100.00, 5126.00, 5124.50, 5130.38, 6588, 337.99, 2614, 3300, 50.09
CESC, EQ, 29-Sep-2026, 136.18, 136.11, 136.59, 132.50, 134.28, 133.87, 134.43, 4045341, 5438.23, 42768, 2188001, 54.09
CEWATER, EQ, 29-Sep-2026, 258.25, 259.00, 261.95, 250.25, 258.75, 259.60, 256.32, 57475, 147.32, 2739, 30816, 53.62
CFEL, BE, 29-Sep-2026, 44.92, 45.00, 47.16, 43.03, 46.95, 47.12, 45.14, 23048, 10.40, 97, -, -
CGCL, EQ, 29-Sep-2026, 248.90, 248.60, 249.95, 244.55, 247.80, 246.90, 246.96, 1745741, 4311.27, 22883, 684860, 39.23
CGPOWER, EQ, 29-Sep-2026, 865.00, 865.00, 873.00, 855.00, 858.05, 858.05, 864.53, 2197467, 18997.65, 44831, 1150230, 52.34
CGRAPHICS, SM, 29-Sep-2026, 147.60, 152.00, 159.95, 149.00, 159.50, 158.40, 155.08, 200800, 311.40, 155, 170400, 84.86
CGVAK, EQ, 29-Sep-2026, 151.69, 151.65, 151.69, 143.00, 148.97, 148.97, 150.22, 769, 1.16, 43, 684, 88.95
CHALET, EQ, 29-Sep-2026, 868.95, 861.50, 893.95, 830.20, 850.50, 840.75, 848.63, 1019411, 8650.99, 49450, 647812, 63.55
CHAMBLFERT, EQ, 29-Sep-2026, 418.45, 417.00, 417.80, 411.70, 413.00, 413.55, 415.46, 665522, 2764.95, 16682, 482033, 72.43
CHAMUNDA, SM, 29-Sep-2026, 42.85, 40.00, 40.00, 40.00, 40.00, 40.00, 40.00, 3000, 1.20, 1, 3000, 100.00
CHANDAN, SM, 29-Sep-2026, 236.50, 240.00, 241.90, 235.95, 239.00, 237.65, 238.81, 35200, 84.06, 39, 20000, 56.82
CHAVDA, ST, 29-Sep-2026, 68.05, 65.85, 66.50, 65.00, 65.00, 65.35, 65.44, 38000, 24.87, 15, 38000, 100.00
CHEMBOND, EQ, 29-Sep-2026, 189.43, 194.00, 194.00, 182.00, 182.00, 182.87, 184.48, 11920, 21.99, 532, 9019, 75.66
CHEMBONDCH, BE, 29-Sep-2026, 242.40, 246.80, 246.80, 230.30, 230.30, 230.30, 232.45, 10790, 25.08, 168, -, -
CHEMCON, EQ, 29-Sep-2026, 220.81, 221.55, 222.92, 211.00, 214.06, 213.81, 215.42, 42417, 91.37, 1191, 27684, 65.27
CHEMCRUX, EQ, 29-Sep-2026, 78.78, 78.80, 80.00, 76.30, 78.90, 78.01, 78.27, 5752, 4.50, 143, 4974, 86.47
CHEMFAB, EQ, 29-Sep-2026, 340.55, 340.55, 349.80, 334.45, 346.00, 343.50, 342.56, 3068, 10.51, 335, 2204, 71.84
CHEMICAL, EQ, 29-Sep-2026, 28.69, 28.71, 28.84, 28.01, 28.15, 28.11, 28.28, 1022878, 289.27, 2622, 404971, 39.59
CHEMPLASTS, EQ, 29-Sep-2026, 195.88, 195.15, 199.25, 191.09, 192.05, 192.35, 194.38, 198535, 385.92, 4058, 81084, 40.84
CHENNPETRO, EQ, 29-Sep-2026, 1408.10, 1413.00, 1485.00, 1395.50, 1436.00, 1436.90, 1447.61, 2928658, 42395.46, 103212, 561664, 19.18
CHEVIOT, EQ, 29-Sep-2026, 1187.90, 1175.50, 1193.90, 1171.00, 1175.20, 1176.00, 1175.82, 620, 7.29, 106, 550, 88.71
CHOICEGOLD, EQ, 29-Sep-2026, 145.35, 143.10, 145.45, 143.10, 145.20, 145.05, 144.88, 5639, 8.17, 173, 3552, 62.99
CHOICEIN, EQ, 29-Sep-2026, 756.90, 755.50, 756.95, 738.50, 739.00, 741.15, 749.34, 331488, 2483.98, 8080, 230537, 69.55
CHOLAFIN, EQ, 29-Sep-2026, 1634.20, 1620.00, 1644.00, 1600.20, 1627.30, 1627.30, 1628.62, 1489025, 24250.57, 61594, 848738, 57.00
CHOLAHLDNG, EQ, 29-Sep-2026, 1390.40, 1389.70, 1402.00, 1341.00, 1352.70, 1371.80, 1377.54, 479726, 6608.41, 48815, 275705, 57.47
CIEINDIA, EQ, 29-Sep-2026, 383.35, 384.80, 384.80, 374.80, 375.75, 376.45, 377.73, 206872, 781.42, 19532, 129965, 62.82
CIFL, EQ, 29-Sep-2026, 21.73, 22.49, 22.49, 20.40, 21.49, 21.36, 21.61, 304436, 65.79, 1490, 167726, 55.09
CINELINE, EQ, 29-Sep-2026, 88.02, 88.52, 89.90, 87.62, 89.39, 88.13, 88.27, 29030, 25.62, 372, 24690, 85.05
CINEVISTA, EQ, 29-Sep-2026, 13.82, 14.25, 14.25, 13.40, 13.85, 13.64, 13.61, 9908, 1.35, 93, 9342, 94.29
CIPLA, EQ, 29-Sep-2026, 1383.70, 1390.00, 1401.80, 1376.20, 1379.30, 1379.30, 1384.70, 1479526, 20487.01, 44697, 924048, 62.46
CITIUSINVT, IV, 29-Sep-2026, 117.30, 117.20, 119.00, 116.63, 117.80, 117.86, 117.84, 129209, 152.26, 2895, 110889, 85.82
CKKRETAIL, SM, 29-Sep-2026, 170.00, 170.10, 170.10, 153.00, 170.00, 169.90, 169.67, 147200, 249.76, 27, 76800, 52.17
CLASSICEIL, SM, 29-Sep-2026, 49.55, 50.80, 50.80, 50.20, 50.20, 50.20, 50.50, 3200, 1.62, 2, 3200, 100.00
CLAYCRAFT, SM, 29-Sep-2026, 174.15, 174.15, 174.15, 158.15, 165.10, 168.45, 165.72, 112800, 186.93, 116, 90600, 80.32
CLEAN, EQ, 29-Sep-2026, 781.70, 786.00, 788.80, 766.00, 773.00, 775.75, 775.09, 385864, 2990.80, 19854, 245263, 63.56
CLEANMAX, EQ, 29-Sep-2026, 1373.10, 1372.00, 1422.00, 1345.60, 1380.00, 1382.40, 1391.56, 1799568, 25042.05, 88702, 537451, 29.87
CLEDUCATE, EQ, 29-Sep-2026, 54.28, 55.01, 55.98, 53.05, 55.98, 55.43, 54.54, 11735, 6.40, 196, 9775, 83.30
CLSEL, EQ, 29-Sep-2026, 285.75, 285.50, 286.45, 280.80, 282.00, 282.25, 283.48, 20941, 59.36, 1434, 9151, 43.70
CLSL, ST, 29-Sep-2026, 63.20, 62.95, 62.95, 62.95, 62.95, 62.95, 62.95, 2000, 1.26, 1, 2000, 100.00
CMLL, EQ, 29-Sep-2026, 524.80, 526.00, 552.05, 513.65, 540.00, 542.90, 540.45, 1050819, 5679.16, 26819, 497325, 47.33
CMNL, SM, 29-Sep-2026, 115.75, 112.50, 115.00, 111.00, 111.00, 111.00, 112.01, 13500, 15.12, 17, 10500, 77.78
CMPDI, EQ, 29-Sep-2026, 204.58, 204.58, 214.65, 203.02, 212.63, 213.12, 211.46, 2376372, 5024.96, 33764, 960327, 40.41
CMRGREEN, EQ, 29-Sep-2026, 221.77, 221.80, 232.00, 218.60, 228.50, 227.91, 227.75, 1088405, 2478.83, 24802, 445504, 40.93
CMSINFO, EQ, 29-Sep-2026, 228.01, 228.60, 230.74, 224.63, 229.05, 229.17, 227.86, 425261, 968.98, 14451, 259532, 61.03
CNL, EQ, 29-Sep-2026, 1072.70, 1067.20, 1125.90, 1049.00, 1104.00, 1097.70, 1084.38, 14640, 158.75, 1608, 5498, 37.55
COALINDIA, EQ, 29-Sep-2026, 422.50, 420.55, 426.00, 420.55, 425.00, 425.00, 424.18, 7457218, 31632.00, 88911, 4836141, 64.85
COASTCORP, EQ, 29-Sep-2026, 36.18, 36.95, 36.95, 35.30, 35.83, 35.55, 35.70, 47459, 16.94, 549, 33515, 70.62
COCHINSHIP, EQ, 29-Sep-2026, 1329.00, 1327.60, 1359.30, 1290.00, 1359.30, 1359.30, 1314.63, 1450465, 19068.31, 50278, 579113, 39.93
COCKERILL, EQ, 29-Sep-2026, 7824.50, 7860.00, 7999.50, 7681.00, 7950.00, 7883.00, 7791.34, 3946, 307.45, 1286, 1869, 47.36
COFFEEDAY, EQ, 29-Sep-2026, 29.92, 30.00, 30.73, 29.80, 30.45, 30.51, 30.25, 488933, 147.90, 1969, 287079, 58.72
COFORGE, EQ, 29-Sep-2026, 1773.00, 1784.00, 1813.80, 1722.00, 1722.00, 1722.00, 1778.93, 1932111, 34370.92, 68247, 919338, 47.58
COHANCE, EQ, 29-Sep-2026, 453.30, 452.80, 469.75, 449.60, 455.10, 457.90, 459.80, 1477420, 6793.19, 42908, 622173, 42.11
COLPAL, EQ, 29-Sep-2026, 1845.90, 1833.20, 1836.00, 1785.10, 1785.10, 1785.10, 1810.29, 262461, 4751.31, 22457, 162033, 61.74
COMFINTE, EQ, 29-Sep-2026, 7.21, 7.04, 7.15, 6.38, 6.70, 6.73, 6.81, 827066, 56.33, 1324, 381358, 46.11
COMMITTED, SM, 29-Sep-2026, 317.00, 319.95, 319.95, 319.95, 319.95, 319.95, 319.95, 4800, 15.36, 2, 4800, 100.00
COMMOIETF, EQ, 29-Sep-2026, 95.39, 97.30, 97.30, 94.50, 95.50, 95.27, 95.15, 36019, 34.27, 1226, 20453, 56.78
COMPEAU, EQ, 29-Sep-2026, 353.05, 383.90, 383.90, 349.05, 373.00, 369.70, 363.92, 1518, 5.52, 108, 1056, 69.57
COMPINFO, BZ, 29-Sep-2026, 1.08, 1.03, 1.08, 1.03, 1.03, 1.03, 1.04, 7373, 0.08, 19, -, -
COMPUSOFT, EQ, 29-Sep-2026, 13.10, 13.06, 13.80, 13.06, 13.39, 13.36, 13.41, 22196, 2.98, 145, 17833, 80.34
COMSYN, EQ, 29-Sep-2026, 280.85, 281.90, 282.85, 258.25, 261.85, 261.95, 272.36, 1255588, 3419.73, 12030, 515203, 41.03
CONCOR, EQ, 29-Sep-2026, 450.00, 450.00, 452.05, 443.30, 443.50, 443.50, 448.26, 1737443, 7788.27, 40517, 826682, 47.58
CONCORDBIO, EQ, 29-Sep-2026, 1392.70, 1393.00, 1435.60, 1393.00, 1409.00, 1410.70, 1414.72, 153198, 2167.32, 16550, 57382, 37.46
CONFIPET, EQ, 29-Sep-2026, 85.65, 86.00, 88.72, 84.66, 86.92, 87.19, 87.08, 1929278, 1679.98, 21164, 627347, 32.52
CONNPLEX, SM, 29-Sep-2026, 248.80, 249.40, 254.00, 245.00, 251.50, 249.80, 248.98, 28000, 69.71, 33, 17600, 62.86
CONS, EQ, 29-Sep-2026, 11.71, 11.62, 11.89, 11.45, 11.60, 11.72, 11.61, 11940, 1.39, 234, 7520, 62.98
CONSOFINVT, BE, 29-Sep-2026, 276.10, 276.10, 289.90, 276.05, 289.90, 289.30, 283.50, 5396, 15.30, 38, -, -
CONSUMAXIS, EQ, 29-Sep-2026, 116.14, 115.78, 117.78, 115.00, 115.71, 115.71, 116.35, 2410, 2.80, 24, 1234, 51.20
CONSUMBEES, EQ, 29-Sep-2026, 125.98, 128.51, 128.51, 124.53, 125.42, 125.07, 125.08, 66699, 83.43, 1219, 22970, 34.44
CONSUMER, EQ, 29-Sep-2026, 11.42, 11.42, 11.53, 11.31, 11.33, 11.34, 11.34, 126063, 14.30, 371, 74829, 59.36
CONSUMIETF, EQ, 29-Sep-2026, 117.21, 120.00, 120.00, 115.80, 116.73, 116.41, 116.49, 11852, 13.81, 216, 6232, 52.58
CONTROLPR, EQ, 29-Sep-2026, 599.20, 593.00, 610.00, 593.00, 608.05, 608.50, 605.43, 49346, 298.76, 1637, 36296, 73.55
COOLCAPS, SM, 29-Sep-2026, 23.50, 23.50, 23.95, 21.15, 21.35, 21.50, 21.67, 251250, 54.44, 107, 193750, 77.11
CORALFINAC, EQ, 29-Sep-2026, 31.42, 31.98, 32.85, 31.06, 32.00, 32.17, 31.94, 28066, 8.96, 212, 21417, 76.31
CORDELIA, EQ, 29-Sep-2026, 102.64, 103.75, 104.65, 101.00, 101.30, 102.56, 102.93, 1147541, 1181.12, 9549, 580119, 50.55
CORDSCABLE, BE, 29-Sep-2026, 331.40, 315.50, 335.00, 314.85, 321.00, 316.70, 317.93, 75912, 241.35, 1185, -, -
COROMANDEL, EQ, 29-Sep-2026, 1899.10, 1900.00, 1900.10, 1772.10, 1810.00, 1792.90, 1809.41, 374773, 6781.17, 28703, 233107, 62.20
CORONA, EQ, 29-Sep-2026, 2053.30, 2053.00, 2108.20, 2001.10, 2085.00, 2078.40, 2060.71, 70858, 1460.18, 17404, 28600, 40.36
COSMOFIRST, EQ, 29-Sep-2026, 842.75, 844.00, 862.00, 825.20, 836.00, 834.80, 834.26, 39721, 331.38, 3199, 17888, 45.03
COUNCODOS, BE, 29-Sep-2026, 6.45, 6.35, 6.69, 6.29, 6.40, 6.40, 6.50, 14690, 0.95, 60, -, -
CPCAP, EQ, 29-Sep-2026, 150.22, 153.80, 153.80, 147.41, 150.10, 150.35, 149.60, 16103, 24.09, 417, 12750, 79.18
CPEDU, EQ, 29-Sep-2026, 173.92, 173.92, 184.80, 172.05, 179.40, 179.60, 179.88, 5458, 9.82, 120, 5305, 97.20
CPL, EQ, 29-Sep-2026, 62.86, 62.52, 62.86, 61.72, 62.40, 62.16, 62.27, 15463, 9.63, 572, 9295, 60.11
CPPLUS, EQ, 29-Sep-2026, 3723.40, 3739.00, 3841.90, 3714.10, 3811.00, 3817.60, 3780.13, 224859, 8499.97, 35058, 151524, 67.39
CPS, SM, 29-Sep-2026, 1150.00, 1110.00, 1135.00, 1101.10, 1135.00, 1135.00, 1117.93, 1200, 13.42, 8, 750, 62.50
CPSEETF, EQ, 29-Sep-2026, 91.40, 91.40, 92.50, 90.10, 91.50, 91.36, 91.07, 500003, 455.33, 6207, 245099, 49.02
CRAFTSMAN, EQ, 29-Sep-2026, 10534.00, 10566.00, 10646.00, 10405.00, 10498.00, 10505.00, 10550.53, 27697, 2922.18, 10916, 12307, 44.43
CRAMC, EQ, 29-Sep-2026, 225.40, 227.50, 228.00, 222.15, 223.45, 223.55, 223.69, 244217, 546.28, 7430, 146360, 59.93
CRAVATEX, EQ, 29-Sep-2026, 361.80, 340.05, 355.95, 332.25, 343.80, 343.95, 343.85, 281, 0.97, 52, 194, 69.04
CRAYONS, SM, 29-Sep-2026, 25.70, 26.85, 26.85, 24.45, 24.45, 24.45, 25.60, 3000, 0.77, 3, 3000, 100.00
CREATIVEYE, EQ, 29-Sep-2026, 5.72, 6.18, 6.18, 5.63, 6.04, 6.03, 5.79, 15364, 0.89, 84, 10237, 66.63
CREDENT, SM, 29-Sep-2026, 391.85, 392.00, 411.95, 387.25, 405.10, 407.45, 400.79, 74400, 298.19, 105, 54600, 73.39
CREDITACC, EQ, 29-Sep-2026, 1255.20, 1255.00, 1255.60, 1209.10, 1224.70, 1216.30, 1227.08, 368535, 4522.21, 31321, 231223, 62.74
CREST, EQ, 29-Sep-2026, 359.90, 361.90, 361.90, 355.00, 356.30, 356.90, 355.89, 768, 2.73, 35, 720, 93.75
CRESTO, EQ, 29-Sep-2026, 23.83, 22.85, 23.97, 22.20, 22.75, 23.59, 23.11, 42943, 9.92, 386, 34832, 81.11
CRISIL, EQ, 29-Sep-2026, 4650.60, 4640.20, 4640.20, 4437.10, 4500.00, 4464.10, 4518.22, 36620, 1654.57, 10492, 16298, 44.51
CRIZAC, EQ, 29-Sep-2026, 177.14, 177.00, 177.00, 168.00, 168.50, 169.08, 170.12, 428888, 729.64, 12263, 176897, 41.25
CROMPTON, EQ, 29-Sep-2026, 218.80, 219.00, 219.00, 211.37, 211.37, 211.37, 214.46, 5902708, 12658.98, 49232, 3148515, 53.34
CROWN, EQ, 29-Sep-2026, 113.72, 115.99, 118.00, 113.81, 115.50, 115.73, 115.77, 18332, 21.22, 628, 13039, 71.13
CRSL, BE, 29-Sep-2026, 2.33, 2.34, 2.34, 2.24, 2.25, 2.26, 2.27, 221776, 5.04, 495, -, -
CSBBANK, EQ, 29-Sep-2026, 323.75, 323.75, 323.75, 315.10, 315.50, 316.20, 318.59, 474185, 1510.68, 19596, 218245, 46.03
CSLFINANCE, EQ, 29-Sep-2026, 212.07, 211.79, 214.74, 208.81, 213.24, 211.40, 210.92, 26104, 55.06, 554, 16512, 63.25
CSM, EQ, 29-Sep-2026, 98.31, 98.69, 99.97, 95.21, 97.00, 98.16, 97.74, 100639, 98.36, 1588, 30481, 30.29
CSSL, SM, 29-Sep-2026, 76.00, 75.05, 75.05, 75.00, 75.00, 75.00, 75.02, 3000, 2.25, 3, 3000, 100.00
CTE, BE, 29-Sep-2026, 41.31, 40.10, 42.00, 39.25, 41.34, 41.34, 40.05, 9067, 3.63, 65, -, -
CUB, EQ, 29-Sep-2026, 215.99, 217.16, 217.48, 210.69, 215.40, 214.91, 214.43, 1556485, 3337.52, 25648, 829888, 53.32
CUBEINVIT, IV, 29-Sep-2026, 154.02, 154.75, 155.48, 154.00, 154.60, 154.59, 154.54, 1217384, 1881.30, 29106, 1186941, 97.50
CUBEXTUB, BE, 29-Sep-2026, 167.46, 170.00, 175.83, 159.09, 175.83, 175.74, 170.24, 511101, 870.11, 2974, -, -
CUDML, SM, 29-Sep-2026, 101.45, 100.25, 106.00, 100.25, 106.00, 106.00, 103.99, 7000, 7.28, 7, 7000, 100.00
CUMMINSIND, EQ, 29-Sep-2026, 4855.00, 4850.00, 4875.00, 4795.00, 4800.00, 4800.00, 4820.46, 796818, 38410.26, 93660, 522546, 65.58
CUPID, EQ, 29-Sep-2026, 264.50, 264.00, 292.25, 262.00, 290.30, 288.00, 279.79, 37060879, 103690.91, 201770, 20562525, 55.48
CURAA, BE, 29-Sep-2026, 72.50, 72.50, 72.50, 72.50, 72.50, 72.50, 72.50, 1, 0.00, 1, -, -
CURIS, ST, 29-Sep-2026, 230.10, 234.00, 234.00, 225.00, 225.00, 225.00, 229.67, 3000, 6.89, 3, 2000, 66.67
CURRENT, SM, 29-Sep-2026, 94.80, 94.80, 105.00, 94.80, 99.00, 99.00, 99.47, 14400, 14.32, 9, 12800, 88.89
CYBERMEDIA, BE, 29-Sep-2026, 19.18, 19.18, 19.60, 18.80, 18.99, 18.99, 19.07, 16000, 3.05, 83, -, -
CYBERTECH, BE, 29-Sep-2026, 135.44, 135.00, 137.75, 133.01, 137.49, 137.56, 136.86, 16429, 22.49, 126, -, -
CYIENT, EQ, 29-Sep-2026, 1082.30, 1075.00, 1093.50, 1044.00, 1056.00, 1055.30, 1069.75, 481634, 5152.26, 42430, 212612, 44.14
CYIENTDLM, EQ, 29-Sep-2026, 917.95, 914.00, 932.00, 885.45, 929.80, 921.15, 903.45, 439697, 3972.43, 34165, 178349, 40.56
DABUR, EQ, 29-Sep-2026, 385.75, 383.85, 384.45, 378.00, 380.40, 380.40, 381.91, 6185956, 23624.53, 50287, 4077755, 65.92
DAICHI, BE, 29-Sep-2026, 316.00, 326.85, 326.85, 301.20, 312.00, 313.35, 306.21, 2024, 6.20, 60, -, -
DALBHARAT, EQ, 29-Sep-2026, 1651.60, 1651.60, 1664.30, 1630.10, 1635.00, 1637.40, 1644.34, 51490, 846.67, 12627, 30065, 58.39
DALMIASUG, EQ, 29-Sep-2026, 414.80, 414.90, 419.30, 406.25, 413.45, 412.20, 412.64, 170040, 701.66, 6340, 71826, 42.24
DAMCAPITAL, EQ, 29-Sep-2026, 158.66, 157.95, 159.23, 152.23, 155.50, 155.76, 155.91, 3480805, 5426.84, 38750, 417842, 12.00
DAMODARIND, BE, 29-Sep-2026, 27.11, 26.80, 26.98, 25.77, 26.36, 26.40, 26.32, 5220, 1.37, 38, -, -
DANGEE, EQ, 29-Sep-2026, 2.94, 2.94, 2.96, 2.74, 2.75, 2.79, 2.79, 229714, 6.41, 345, 157570, 68.59
DANISH, SM, 29-Sep-2026, 926.30, 930.00, 981.00, 912.50, 967.00, 969.45, 954.56, 20100, 191.87, 115, 15450, 76.87
DATAMATICS, EQ, 29-Sep-2026, 784.20, 783.00, 829.90, 770.00, 821.10, 821.40, 813.96, 242433, 1973.31, 11121, 78044, 32.19
DATAPATTNS, EQ, 29-Sep-2026, 4276.80, 4287.00, 4298.00, 4190.00, 4222.00, 4221.60, 4236.58, 369866, 15669.68, 42230, 91788, 24.82
DAVANGERE, EQ, 29-Sep-2026, 2.48, 2.49, 2.49, 2.30, 2.33, 2.34, 2.39, 9874250, 235.61, 3524, 5017961, 50.82
DBCORP, EQ, 29-Sep-2026, 178.55, 178.00, 179.88, 174.72, 176.25, 175.73, 175.98, 102069, 179.62, 3726, 48390, 47.41
DBEIL, EQ, 29-Sep-2026, 6.54, 6.67, 6.75, 6.37, 6.51, 6.54, 6.56, 159976, 10.49, 345, 113254, 70.79
DBL, EQ, 29-Sep-2026, 406.90, 406.30, 412.80, 400.10, 411.50, 410.90, 408.33, 103780, 423.77, 5392, 36225, 34.91
DBOL, EQ, 29-Sep-2026, 122.77, 124.00, 126.25, 119.76, 123.50, 124.49, 123.86, 275265, 340.94, 6382, 135051, 49.06
DBREALTY, EQ, 29-Sep-2026, 96.28, 96.07, 98.99, 95.20, 98.00, 97.82, 97.47, 865694, 843.83, 9882, 526478, 60.82
DBSTOCKBRO, BE, 29-Sep-2026, 31.66, 31.60, 31.66, 30.11, 30.75, 30.75, 30.49, 10726, 3.27, 34, -, -
DCAL, EQ, 29-Sep-2026, 164.27, 164.30, 166.49, 160.99, 161.00, 161.39, 162.41, 260096, 422.41, 4932, 159426, 61.30
DCBBANK, EQ, 29-Sep-2026, 207.46, 206.05, 206.06, 201.10, 202.20, 202.37, 202.95, 977372, 1983.57, 25668, 467663, 47.85
DCG, ST, 29-Sep-2026, 74.50, 72.35, 77.55, 72.35, 77.00, 77.25, 76.52, 20400, 15.61, 16, 19200, 94.12
DCI, EQ, 29-Sep-2026, 326.65, 334.00, 336.30, 316.20, 327.00, 325.70, 327.80, 114901, 376.64, 4609, 37168, 32.35
DCM, EQ, 29-Sep-2026, 75.10, 75.10, 75.80, 75.00, 75.00, 75.00, 75.10, 1394, 1.05, 43, 1351, 96.92
DCMFINSERV, EQ, 29-Sep-2026, 5.06, 5.20, 5.20, 4.88, 4.90, 4.93, 4.98, 11982, 0.60, 193, 10740, 89.63
DCMNVL, EQ, 29-Sep-2026, 173.11, 177.05, 177.59, 172.01, 176.50, 175.13, 174.27, 17098, 29.80, 1618, 8209, 48.01
DCMSHRIRAM, EQ, 29-Sep-2026, 944.60, 944.00, 944.00, 903.00, 906.90, 907.80, 910.30, 424951, 3868.33, 24273, 287687, 67.70
DCMSIL, EQ, 29-Sep-2026, 78.98, 81.00, 81.50, 75.60, 78.00, 77.56, 77.54, 82867, 64.25, 1523, 50184, 60.56
DCMSRIND, EQ, 29-Sep-2026, 39.01, 39.05, 39.76, 38.21, 38.80, 39.34, 39.04, 181267, 70.76, 1734, 126744, 69.92
DCW, EQ, 29-Sep-2026, 46.81, 47.00, 47.01, 45.72, 45.82, 45.98, 46.21, 1027636, 474.91, 5797, 418345, 40.71
DCXINDIA, EQ, 29-Sep-2026, 159.24, 159.00, 161.78, 157.01, 159.90, 158.81, 159.30, 296344, 472.08, 6466, 125524, 42.36
DDEVPLSTIK, EQ, 29-Sep-2026, 252.60, 252.00, 253.65, 241.00, 248.15, 248.75, 249.67, 96122, 239.98, 4420, 57278, 59.59
DECCANCE, EQ, 29-Sep-2026, 542.55, 542.55, 551.90, 535.00, 540.00, 540.10, 540.13, 9821, 53.05, 654, 5566, 56.67
DECCANTRAN, SM, 29-Sep-2026, 21.65, 21.65, 21.65, 21.65, 21.65, 21.65, 21.65, 12000, 2.60, 8, 12000, 100.00
DECNGOLD, EQ, 29-Sep-2026, 205.10, 205.65, 206.98, 200.00, 201.00, 201.41, 202.71, 1086490, 2202.43, 18093, 488185, 44.93
DEEDEV, EQ, 29-Sep-2026, 655.50, 653.90, 663.90, 645.80, 652.50, 653.50, 653.43, 127706, 834.47, 7121, 57815, 45.27
DEEM, SM, 29-Sep-2026, 47.00, 47.00, 47.00, 47.00, 47.00, 47.00, 47.00, 1000, 0.47, 1, 1000, 100.00
DEEP, BE, 29-Sep-2026, 44.38, 44.00, 44.95, 42.55, 43.25, 44.26, 44.04, 6637, 2.92, 58, -, -
DEEPA, EQ, 29-Sep-2026, 202.54, 198.90, 203.35, 185.25, 187.50, 188.89, 194.72, 4117606, 8017.91, 46819, 1019389, 24.76
DEEPAKFERT, EQ, 29-Sep-2026, 1350.50, 1349.00, 1349.20, 1296.00, 1306.70, 1308.90, 1325.01, 171551, 2273.07, 14123, 90284, 52.63
DEEPAKNTR, EQ, 29-Sep-2026, 1550.80, 1552.80, 1555.00, 1512.30, 1520.00, 1529.00, 1532.61, 187781, 2877.95, 19766, 102329, 54.49
DEEPINDS, EQ, 29-Sep-2026, 768.00, 768.00, 794.90, 760.05, 777.35, 782.50, 779.11, 277380, 2161.09, 13271, 111694, 40.27
DEFENCE, EQ, 29-Sep-2026, 76.95, 76.96, 77.44, 76.11, 76.48, 76.93, 76.77, 168380, 129.26, 877, 88537, 52.58
DELAPLEX, SM, 29-Sep-2026, 91.05, 85.30, 99.95, 85.05, 96.55, 96.55, 95.28, 21600, 20.58, 35, 13200, 61.11
DELHIVERY, EQ, 29-Sep-2026, 407.50, 409.00, 418.30, 405.25, 417.40, 417.40, 414.96, 5622866, 23332.93, 72157, 2102983, 37.40
DELPHIFX, BE, 29-Sep-2026, 6.51, 6.64, 6.64, 6.64, 6.64, 6.64, 6.64, 88284, 5.86, 33, -, -
DELTACORP, EQ, 29-Sep-2026, 72.20, 72.45, 81.56, 71.02, 78.20, 78.69, 76.15, 12538926, 9548.88, 51029, 3532408, 28.17
DELTAMAGNT, EQ, 29-Sep-2026, 55.87, 57.98, 58.60, 55.35, 56.50, 57.07, 57.72, 2389, 1.38, 39, 1764, 73.84
DELTIC, SM, 29-Sep-2026, 34.50, 32.55, 35.20, 32.55, 34.85, 34.75, 34.24, 6000, 2.05, 6, 4000, 66.67
DEN, EQ, 29-Sep-2026, 26.00, 25.75, 26.40, 25.52, 25.99, 25.91, 25.87, 205763, 53.22, 1093, 137178, 66.67
DENEERS, SM, 29-Sep-2026, 182.50, 176.50, 182.00, 176.00, 181.75, 179.40, 178.95, 8400, 15.03, 14, 4800, 57.14
DENORA, EQ, 29-Sep-2026, 738.00, 748.00, 752.60, 717.60, 737.00, 741.35, 738.18, 9296, 68.62, 1247, 6044, 65.02
DENTA, EQ, 29-Sep-2026, 267.70, 268.70, 273.95, 264.00, 265.50, 266.60, 267.70, 60442, 161.80, 2419, 29049, 48.06
DENTALKART, SM, 29-Sep-2026, 424.40, 421.00, 434.85, 420.00, 434.85, 434.85, 427.12, 9500, 40.58, 34, 8750, 92.11
DEVIT, EQ, 29-Sep-2026, 22.16, 21.99, 22.00, 21.21, 21.85, 21.59, 21.64, 28270, 6.12, 734, 20793, 73.55
DEVX, EQ, 29-Sep-2026, 36.13, 36.31, 36.31, 35.59, 36.29, 36.12, 35.97, 23115, 8.32, 376, 15684, 67.85
DEVYANI, EQ, 29-Sep-2026, 131.09, 131.00, 133.30, 126.56, 131.90, 130.72, 130.22, 2134376, 2779.40, 28382, 930181, 43.58
DGCONTENT, EQ, 29-Sep-2026, 23.37, 24.40, 25.95, 23.23, 24.76, 25.24, 24.64, 126064, 31.06, 302, 119097, 94.47
DHABRIYA, BE, 29-Sep-2026, 471.90, 472.00, 481.50, 468.05, 470.00, 471.80, 473.03, 11235, 53.15, 140, -, -
DHAMPURSUG, EQ, 29-Sep-2026, 172.42, 172.88, 173.49, 168.51, 172.50, 171.80, 171.58, 382799, 656.82, 9271, 117717, 30.75
DHANBANK, EQ, 29-Sep-2026, 28.23, 28.00, 28.90, 27.79, 28.90, 28.37, 28.18, 268647, 75.71, 2544, 128694, 47.90
DHANLAXMI, SM, 29-Sep-2026, 25.25, 25.25, 26.00, 25.00, 26.00, 26.00, 25.42, 6000, 1.53, 3, 6000, 100.00
DHANUKA, EQ, 29-Sep-2026, 954.40, 950.00, 962.50, 922.00, 930.00, 930.55, 940.72, 26244, 246.88, 4789, 15717, 59.89
DHARAN, BZ, 29-Sep-2026, 0.14, 0.15, 0.15, 0.14, 0.15, 0.14, 0.14, 7530926, 10.88, 1024, -, -
DHARARAIL, ST, 29-Sep-2026, 138.90, 138.90, 140.00, 138.90, 140.00, 140.00, 139.45, 2000, 2.79, 2, 2000, 100.00
DHARIWAL, SM, 29-Sep-2026, 26.30, 26.90, 27.60, 26.00, 27.50, 27.05, 27.16, 165000, 44.81, 52, 99000, 60.00
DHARMAJ, EQ, 29-Sep-2026, 291.05, 289.85, 290.70, 274.00, 275.00, 278.75, 280.11, 78435, 219.70, 2891, 48643, 62.02
DHATRE, EQ, 29-Sep-2026, 3.96, 3.91, 4.09, 3.90, 3.95, 3.97, 3.98, 59326, 2.36, 176, 52060, 87.75
DHOOTTRANS, EQ, 29-Sep-2026, 1504.20, 1508.90, 1524.90, 1477.70, 1505.00, 1504.60, 1505.33, 617575, 9296.56, 37944, 196362, 31.80
DHRUV, EQ, 29-Sep-2026, 21.40, 20.90, 20.90, 20.33, 20.89, 20.89, 20.49, 12631, 2.59, 75, 10891, 86.22
DHTL, SM, 29-Sep-2026, 25.75, 25.75, 26.25, 25.75, 26.25, 26.25, 26.00, 30400, 7.90, 7, 15200, 50.00
DHUNINV, EQ, 29-Sep-2026, 968.50, 970.00, 991.00, 951.00, 972.20, 972.35, 972.86, 256, 2.49, 62, 197, 76.95
DIACABS, BE, 29-Sep-2026, 339.25, 336.90, 356.20, 333.65, 351.90, 352.05, 349.32, 1038953, 3629.28, 12368, -, -
DIAMINESQ, EQ, 29-Sep-2026, 240.18, 236.59, 244.00, 236.15, 236.60, 239.88, 239.35, 1394, 3.34, 188, 816, 58.54
DIAMONDYD, EQ, 29-Sep-2026, 1066.20, 1069.30, 1069.30, 1037.70, 1050.00, 1051.10, 1049.87, 28880, 303.20, 1361, 15521, 53.74
DICIND, EQ, 29-Sep-2026, 637.15, 626.65, 647.65, 612.05, 615.00, 619.95, 623.49, 1907, 11.89, 227, 1028, 53.91
DIFFNKG, EQ, 29-Sep-2026, 444.15, 447.15, 450.60, 428.50, 448.00, 448.15, 440.98, 128120, 564.98, 4992, 55395, 43.24
DIGIDRIVE, EQ, 29-Sep-2026, 17.75, 17.99, 18.20, 17.60, 17.92, 17.81, 17.79, 28906, 5.14, 109, 26045, 90.10
DIGIKORE, SM, 29-Sep-2026, 35.80, 35.45, 36.95, 35.45, 36.50, 36.35, 35.94, 24800, 8.91, 53, 17200, 69.35
DIGISPICE, EQ, 29-Sep-2026, 15.68, 15.79, 15.79, 14.95, 15.37, 15.35, 15.17, 169468, 25.71, 572, 89968, 53.09
DIGITIDE, EQ, 29-Sep-2026, 76.55, 76.55, 77.06, 74.80, 75.70, 75.12, 75.77, 268468, 203.42, 3950, 122550, 45.65
DIGJAMLMTD, BE, 29-Sep-2026, 51.68, 49.50, 52.00, 49.10, 49.50, 49.50, 49.87, 20251, 10.10, 76, -, -
DISAQ, EQ, 29-Sep-2026, 11972.00, 11802.00, 12150.00, 11720.00, 11825.00, 11804.00, 11866.07, 281, 33.34, 59, 266, 94.66
DISHTV, EQ, 29-Sep-2026, 2.26, 2.24, 2.24, 2.15, 2.15, 2.15, 2.16, 2598068, 56.06, 2006, 2515500, 96.82
DIVGIITTS, EQ, 29-Sep-2026, 1218.60, 1220.00, 1249.00, 1200.00, 1210.10, 1212.90, 1223.34, 143797, 1759.12, 11801, 64783, 45.05
DIVIDEND, EQ, 29-Sep-2026, 34.35, 34.31, 34.31, 33.88, 34.00, 33.99, 34.02, 10827, 3.68, 119, 8973, 82.88
DIVINEHIRA, ST, 29-Sep-2026, 102.45, 105.50, 107.55, 105.00, 106.40, 105.95, 106.63, 28800, 30.71, 22, 22800, 79.17
DIVISLAB, EQ, 29-Sep-2026, 9550.00, 9562.00, 9610.50, 9431.00, 9431.00, 9431.00, 9506.44, 652089, 61990.43, 70973, 477375, 73.21
DIVOPPBEES, EQ, 29-Sep-2026, 73.60, 74.90, 74.90, 72.21, 73.20, 72.76, 72.61, 87944, 63.86, 1210, 54638, 62.13
DIXON, EQ, 29-Sep-2026, 13640.00, 13640.00, 13686.00, 13250.00, 13250.00, 13250.00, 13560.63, 305508, 41428.81, 45423, 100192, 32.80
DJML, EQ, 29-Sep-2026, 71.35, 70.63, 72.79, 70.20, 70.40, 71.62, 71.44, 40710, 29.08, 603, 17317, 42.54
DLF, EQ, 29-Sep-2026, 663.55, 660.50, 675.00, 653.00, 653.00, 653.00, 663.49, 4736174, 31423.93, 51198, 2827767, 59.71
DLINKINDIA, EQ, 29-Sep-2026, 418.45, 416.95, 418.00, 403.00, 413.00, 414.20, 412.12, 82273, 339.06, 5096, 38993, 47.39
DMART, EQ, 29-Sep-2026, 3803.50, 3803.50, 3849.00, 3746.20, 3750.00, 3750.00, 3795.38, 656759, 24926.52, 41566, 387999, 59.08
DMCC, EQ, 29-Sep-2026, 302.80, 305.45, 319.90, 300.00, 316.80, 314.45, 313.08, 263536, 825.08, 8220, 120845, 45.86
DNAMEDIA, EQ, 29-Sep-2026, 2.47, 2.53, 2.53, 2.32, 2.45, 2.41, 2.45, 36350, 0.89, 84, 24282, 66.80
DODLA, EQ, 29-Sep-2026, 1008.70, 1000.30, 1020.30, 993.40, 1007.70, 1011.10, 1007.30, 21646, 218.04, 3301, 10462, 48.33
DOLATALGO, EQ, 29-Sep-2026, 65.79, 66.90, 66.90, 64.71, 65.32, 65.51, 65.39, 69225, 45.27, 1034, 39284, 56.75
DOLLAR, EQ, 29-Sep-2026, 269.50, 265.50, 282.95, 265.50, 277.10, 280.25, 277.33, 218402, 605.68, 4399, 126557, 57.95
DOLLEX, EQ, 29-Sep-2026, 36.10, 37.60, 39.55, 35.90, 38.20, 38.90, 37.85, 80171, 30.34, 462, 59655, 74.41
DOLPHIN, EQ, 29-Sep-2026, 648.00, 659.90, 669.45, 641.30, 652.85, 650.75, 655.68, 41024, 268.98, 2342, 18134, 44.20
DOMS, EQ, 29-Sep-2026, 2046.50, 2040.20, 2083.00, 2020.00, 2040.00, 2052.40, 2047.09, 56107, 1148.56, 11102, 30828, 54.95
DONEAR, EQ, 29-Sep-2026, 81.58, 81.75, 81.77, 81.00, 81.13, 81.12, 81.32, 9832, 8.00, 165, 8101, 82.39
DPABHUSHAN, EQ, 29-Sep-2026, 1388.20, 1384.00, 1665.80, 1376.40, 1665.80, 1665.80, 1580.69, 975157, 15414.22, 46211, 198918, 20.40
DPEL, SM, 29-Sep-2026, 620.70, 625.05, 627.00, 607.30, 619.50, 619.30, 619.62, 29000, 179.69, 56, 16000, 55.17
DPSCLTD, BE, 29-Sep-2026, 6.99, 7.00, 7.00, 6.81, 6.93, 6.90, 6.89, 53953, 3.72, 363, -, -
DPWIRES, BE, 29-Sep-2026, 158.41, 161.58, 162.99, 158.11, 161.95, 160.56, 159.91, 3612, 5.78, 79, -, -
DRAGARWQ, EQ, 29-Sep-2026, 5186.50, 5219.00, 5219.00, 5075.00, 5126.00, 5129.50, 5119.03, 2216, 113.44, 518, 1693, 76.40
DRCSYSTEMS, EQ, 29-Sep-2026, 12.52, 12.52, 12.75, 12.25, 12.45, 12.31, 12.47, 27456, 3.42, 331, 22697, 82.67
DREAMFOLKS, EQ, 29-Sep-2026, 62.03, 62.23, 62.59, 61.30, 61.75, 61.91, 61.87, 29459, 18.23, 953, 20146, 68.39
DREDGECORP, EQ, 29-Sep-2026, 941.40, 941.00, 952.00, 925.10, 929.90, 932.90, 940.16, 86237, 810.77, 5397, 32360, 37.52
DRONE, SM, 29-Sep-2026, 33.45, 33.45, 33.45, 32.75, 33.40, 33.30, 32.91, 14000, 4.61, 27, 13000, 92.86
DRREDDY, EQ, 29-Sep-2026, 1221.00, 1243.20, 1252.80, 1229.00, 1251.90, 1251.90, 1242.54, 5347128, 66440.30, 116376, 2450987, 45.84
DSFCL, EQ, 29-Sep-2026, 30.50, 30.51, 30.98, 28.98, 29.49, 29.10, 29.65, 97473, 28.90, 498, 67794, 69.55
DSKULKARNI, BE, 29-Sep-2026, 24.57, 25.06, 25.06, 25.06, 25.06, 25.06, 25.06, 37, 0.01, 1, -, -
DSSL, EQ, 29-Sep-2026, 1011.30, 1023.90, 1024.10, 986.00, 986.10, 993.00, 997.41, 27471, 274.00, 2728, 17795, 64.78
DTIL, BE, 29-Sep-2026, 139.95, 139.00, 146.94, 138.00, 143.00, 144.98, 145.29, 4777, 6.94, 73, -, -
DUCOL, SM, 29-Sep-2026, 115.00, 121.90, 125.00, 120.00, 120.00, 120.00, 122.23, 3200, 3.91, 4, 3200, 100.00
DUCON, EQ, 29-Sep-2026, 1.49, 1.42, 1.46, 1.42, 1.42, 1.42, 1.42, 3114371, 44.23, 409, 1793003, 57.57
DUGLOBAL, SM, 29-Sep-2026, 20.25, 21.25, 21.25, 19.60, 20.25, 20.15, 20.03, 555000, 111.16, 152, 530000, 95.50
DURLAX, SM, 29-Sep-2026, 65.85, 65.85, 69.15, 64.50, 69.05, 68.25, 67.79, 242000, 164.05, 97, 132000, 54.55
DVL, EQ, 29-Sep-2026, 281.90, 282.10, 289.00, 276.45, 285.00, 287.65, 281.81, 15774, 44.45, 599, 9696, 61.47
DWARKESH, EQ, 29-Sep-2026, 43.37, 43.19, 43.89, 42.65, 43.49, 43.33, 43.32, 1233809, 534.49, 6491, 342880, 27.79
DYCL, EQ, 29-Sep-2026, 435.15, 434.40, 438.50, 420.80, 434.00, 433.90, 429.83, 478495, 2056.71, 19226, 161269, 33.70
DYNAMATECH, EQ, 29-Sep-2026, 13139.00, 13049.00, 13149.00, 12723.00, 13005.00, 13065.00, 12960.92, 34803, 4510.79, 9801, 16813, 48.31
DYNAMIC, SM, 29-Sep-2026, 139.95, 139.30, 139.30, 139.30, 139.30, 139.30, 139.30, 500, 0.70, 1, 500, 100.00
DYNPRO, EQ, 29-Sep-2026, 224.70, 224.01, 228.87, 221.71, 224.50, 222.60, 223.80, 17051, 38.16, 816, 12067, 70.77
E2E, BE, 29-Sep-2026, 625.90, 619.55, 657.15, 602.15, 648.00, 651.80, 643.85, 851171, 5480.30, 14467, -, -
E2ERAIL, SM, 29-Sep-2026, 317.60, 315.00, 331.00, 314.85, 322.50, 322.15, 323.97, 84800, 274.73, 58, 34400, 40.57
EASEMYTRIP, EQ, 29-Sep-2026, 5.97, 5.96, 5.96, 5.85, 5.89, 5.88, 5.88, 7428490, 437.12, 5312, 2946126, 39.66
EASTSILK, BE, 29-Sep-2026, 74.00, 72.55, 72.55, 70.30, 70.30, 70.30, 70.65, 642, 0.45, 16, -, -
EASTWEST, EQ, 29-Sep-2026, 2.29, 2.25, 2.32, 2.25, 2.27, 2.27, 2.28, 34964, 0.80, 66, 32138, 91.92
EBANK10, EQ, 29-Sep-2026, 15.98, 15.93, 16.08, 15.63, 16.00, 16.04, 15.90, 1713, 0.27, 28, 875, 51.08
EBANKNIFTY, EQ, 29-Sep-2026, 55.18, 54.53, 55.63, 54.48, 54.94, 54.94, 54.97, 2170, 1.19, 26, 1427, 65.76
EBBETF0430, EQ, 29-Sep-2026, 1609.53, 1600.69, 1612.90, 1577.34, 1607.50, 1607.40, 1606.50, 7638, 122.70, 284, 6798, 89.00
EBBETF0431, EQ, 29-Sep-2026, 1425.38, 1423.50, 1434.00, 1423.22, 1423.25, 1425.71, 1426.19, 5894, 84.06, 91, 4902, 83.17
EBBETF0433, EQ, 29-Sep-2026, 1299.14, 1298.00, 1299.32, 1286.29, 1298.98, 1298.53, 1294.28, 7062, 91.40, 217, 4637, 65.66
EBGNG, EQ, 29-Sep-2026, 672.15, 672.05, 690.95, 666.10, 674.95, 674.80, 679.71, 544371, 3700.14, 26462, 244426, 44.90
EBIX, BE, 29-Sep-2026, 17.19, 17.10, 17.79, 16.90, 17.25, 17.01, 17.13, 37741, 6.46, 103, -, -
ECAPINSURE, EQ, 29-Sep-2026, 22.90, 22.90, 22.95, 22.45, 22.79, 22.58, 22.63, 161207, 36.48, 1256, 138922, 86.18
ECLERX, EQ, 29-Sep-2026, 1816.20, 1818.00, 1829.90, 1762.00, 1776.00, 1769.70, 1787.34, 175169, 3130.87, 25439, 84399, 48.18
ECOLINE, SM, 29-Sep-2026, 176.25, 172.00, 174.00, 168.00, 173.90, 173.90, 170.72, 11000, 18.78, 11, 10000, 90.91
ECORECO, EQ, 29-Sep-2026, 404.80, 403.60, 405.00, 386.00, 402.65, 403.30, 395.20, 25903, 102.37, 1905, 14751, 56.95
ECOSMOBLTY, EQ, 29-Sep-2026, 106.36, 107.30, 107.30, 104.10, 104.10, 105.07, 105.27, 47947, 50.47, 1564, 27290, 56.92
EDELWEISS, EQ, 29-Sep-2026, 135.45, 135.00, 138.43, 132.71, 137.84, 137.77, 136.25, 4623007, 6298.85, 39618, 2051948, 44.39
EEPL, ST, 29-Sep-2026, 129.15, 129.20, 132.10, 129.20, 132.10, 132.10, 129.93, 4000, 5.20, 4, 4000, 100.00
EFACTOR, SM, 29-Sep-2026, 177.85, 170.50, 194.40, 170.50, 190.00, 190.35, 186.13, 24000, 44.67, 54, 14400, 60.00
EFCIL, EQ, 29-Sep-2026, 175.24, 174.05, 176.41, 173.65, 173.89, 174.28, 174.64, 128858, 225.03, 2252, 71207, 55.26
EFFWA, SM, 29-Sep-2026, 348.85, 345.00, 363.00, 345.00, 361.00, 358.85, 355.36, 9200, 32.69, 19, 5600, 60.87
EFORCE, SM, 29-Sep-2026, 18.50, 17.60, 19.10, 17.60, 18.50, 18.50, 18.40, 8400, 1.55, 7, 7200, 85.71
EGOLD, EQ, 29-Sep-2026, 146.55, 146.85, 146.85, 145.05, 146.20, 145.85, 145.89, 54421, 79.39, 332, 45424, 83.47
EICHERMOT, EQ, 29-Sep-2026, 7213.50, 7213.50, 7268.00, 7164.50, 7179.00, 7179.00, 7203.38, 596560, 42972.45, 66317, 405924, 68.04
EIDPARRY, EQ, 29-Sep-2026, 706.45, 708.50, 708.50, 690.05, 699.00, 696.25, 697.64, 275246, 1920.21, 18233, 134077, 48.71
EIEL, EQ, 29-Sep-2026, 193.00, 192.68, 193.35, 188.60, 190.83, 191.48, 191.08, 453947, 867.42, 11764, 204880, 45.13
EIFFL, BE, 29-Sep-2026, 277.00, 271.50, 277.00, 271.50, 277.00, 277.00, 271.53, 210, 0.57, 8, -, -
EIHAHOTELS, EQ, 29-Sep-2026, 290.00, 289.00, 294.35, 286.00, 292.50, 292.35, 290.34, 11583, 33.63, 1160, 6035, 52.10
EIHOTEL, EQ, 29-Sep-2026, 295.10, 298.00, 309.00, 294.70, 300.60, 301.85, 303.79, 2110585, 6411.76, 46879, 243330, 11.53
EIMCOELECO, EQ, 29-Sep-2026, 2268.90, 2265.60, 2304.20, 2239.40, 2277.20, 2278.30, 2264.15, 15830, 358.41, 2298, 7465, 47.16
EKC, EQ, 29-Sep-2026, 107.03, 107.35, 108.96, 104.81, 108.65, 107.74, 106.70, 219635, 234.36, 2970, 95385, 43.43
EKI, EQ, 29-Sep-2026, 91.15, 92.70, 100.26, 83.30, 99.00, 98.57, 95.15, 318373, 302.94, 5084, 104321, 32.77
ELANTAS, EQ, 29-Sep-2026, 13819.00, 13720.00, 13839.00, 13403.00, 13771.00, 13649.00, 13594.42, 1687, 229.34, 884, 761, 45.11
ELCIDIN, EQ, 29-Sep-2026, 103500.00, 103500.00, 103500.00, 101500.00, 103000.00, 102665.00, 102950.00, 6, 6.18, 6, 3, 50.00
ELDEHSG, EQ, 29-Sep-2026, 756.60, 768.10, 768.10, 747.00, 754.90, 751.75, 757.97, 277, 2.10, 44, 262, 94.58
ELECON, EQ, 29-Sep-2026, 480.75, 477.85, 487.50, 468.00, 480.00, 480.40, 478.38, 1322812, 6328.08, 33627, 288757, 21.83
ELECTCAST, EQ, 29-Sep-2026, 72.35, 72.94, 79.00, 71.15, 76.50, 76.53, 76.56, 26225369, 20079.41, 121703, 4484406, 17.10
ELECTHERM, EQ, 29-Sep-2026, 806.65, 806.60, 806.65, 775.00, 779.00, 778.35, 786.65, 11981, 94.25, 794, 6997, 58.40
ELGIEQUIP, EQ, 29-Sep-2026, 598.85, 598.95, 605.80, 591.35, 598.95, 594.85, 598.07, 241659, 1445.29, 21876, 123625, 51.16
ELGIRUBCO, EQ, 29-Sep-2026, 52.25, 53.02, 53.51, 51.50, 52.35, 52.90, 52.51, 30247, 15.88, 509, 19885, 65.74
ELGNZ, SM, 29-Sep-2026, 82.00, 84.90, 85.00, 81.50, 84.00, 83.95, 83.51, 18000, 15.03, 15, 11000, 61.11
ELIN, EQ, 29-Sep-2026, 87.29, 86.62, 86.98, 85.21, 86.80, 86.65, 86.25, 57766, 49.82, 902, 32355, 56.01
ELIQUID, EQ, 29-Sep-2026, 1049.55, 1049.69, 1049.71, 1049.69, 1049.71, 1049.70, 1049.69, 77793, 816.59, 28, 70696, 90.88
ELITECON, EQ, 29-Sep-2026, 8.63, 8.84, 8.84, 8.20, 8.20, 8.20, 8.29, 3594963, 297.88, 4506, 2616141, 72.77
ELLEN, EQ, 29-Sep-2026, 359.05, 394.95, 394.95, 358.65, 369.00, 369.35, 372.12, 7447433, 27713.74, 93571, 3086585, 41.44
ELM250, EQ, 29-Sep-2026, 15.86, 15.96, 15.99, 15.52, 15.52, 15.70, 15.83, 103427, 16.38, 355, 79236, 76.61
ELMDIV, EQ, 29-Sep-2026, 34.76, 34.93, 34.93, 34.93, 34.93, 34.93, 34.93, 9, 0.00, 1, 9, 100.00
ELPROINTL, EQ, 29-Sep-2026, 172.52, 172.54, 172.88, 169.81, 172.60, 170.47, 171.70, 23149, 39.75, 170, 23068, 99.65
EMAMILTD, EQ, 29-Sep-2026, 388.75, 388.60, 388.60, 376.75, 382.05, 381.05, 383.67, 2619527, 10050.24, 61001, 1461531, 55.79
EMAMIPAP, BE, 29-Sep-2026, 117.40, 116.00, 119.95, 112.60, 118.98, 118.62, 116.97, 40900, 47.84, 295, -, -
EMAMIREAL, EQ, 29-Sep-2026, 67.14, 68.20, 68.20, 66.20, 66.95, 66.94, 66.63, 2736, 1.82, 77, 2502, 91.45
EMAPARTNER, SM, 29-Sep-2026, 81.25, 80.55, 82.25, 80.50, 82.25, 82.25, 80.95, 4000, 3.24, 3, 3000, 75.00
EMBASSY, RR, 29-Sep-2026, 437.66, 435.70, 440.00, 432.00, 436.25, 437.71, 437.21, 5374016, 23495.58, 34261, 4467192, 83.13
EMBDL, EQ, 29-Sep-2026, 56.03, 56.03, 56.64, 55.05, 56.40, 56.33, 55.80, 1237266, 690.41, 7393, 548166, 44.30
EMCURE, EQ, 29-Sep-2026, 1927.80, 1922.10, 1987.10, 1912.00, 1942.20, 1959.10, 1952.80, 330808, 6460.00, 34958, 192466, 58.18
EMETAL, EQ, 29-Sep-2026, 12.93, 12.88, 13.04, 12.75, 12.75, 12.76, 12.91, 2041, 0.26, 31, 1096, 53.70
EMIL, EQ, 29-Sep-2026, 192.89, 193.00, 198.00, 189.80, 190.50, 191.71, 194.10, 2513420, 4878.43, 44964, 1069326, 42.54
EMKAY, EQ, 29-Sep-2026, 288.70, 290.00, 295.05, 281.00, 282.00, 282.60, 288.41, 139872, 403.41, 2959, 74630, 53.36
EMKAYTOOLS, SM, 29-Sep-2026, 94.50, 94.50, 94.50, 92.35, 92.35, 92.80, 93.43, 1350, 1.26, 7, 1350, 100.00
EMMBI, BE, 29-Sep-2026, 89.17, 89.70, 90.00, 86.00, 90.00, 89.34, 88.13, 4467, 3.94, 61, -, -
EMMIL, SM, 29-Sep-2026, 128.35, 128.00, 137.70, 126.30, 137.70, 133.35, 131.84, 5750, 7.58, 21, 5750, 100.00
EMMVEE, EQ, 29-Sep-2026, 315.55, 314.05, 319.00, 312.45, 314.50, 314.55, 315.24, 1669860, 5264.10, 40714, 836536, 50.10
EMPIND, EQ, 29-Sep-2026, 1041.40, 1032.10, 1053.80, 1032.10, 1040.30, 1046.20, 1040.99, 631, 6.57, 126, 425, 67.35
EMPOWER, EQ, 29-Sep-2026, 1.78, 1.70, 1.70, 1.70, 1.70, 1.70, 1.70, 3592503, 61.07, 1890, 3592503, 100.00
EMSLIMITED, EQ, 29-Sep-2026, 342.55, 340.00, 342.50, 334.60, 338.00, 337.50, 338.13, 106018, 358.47, 5142, 43993, 41.50
EMUDHRA, EQ, 29-Sep-2026, 649.25, 650.20, 651.00, 621.10, 622.00, 627.15, 637.05, 487802, 3107.53, 23127, 159648, 32.73
EMULTIMQ, EQ, 29-Sep-2026, 40.53, 40.98, 40.98, 40.05, 40.50, 40.45, 40.40, 13091, 5.29, 214, 11617, 88.74
ENCOMPAS, SM, 29-Sep-2026, 239.00, 245.95, 245.95, 227.00, 233.95, 233.95, 234.32, 4000, 9.37, 9, 3200, 80.00
ENDURANCE, EQ, 29-Sep-2026, 2700.40, 2699.00, 2714.20, 2637.00, 2641.00, 2654.80, 2682.34, 68032, 1824.85, 20456, 32851, 48.29
ENERGY, EQ, 29-Sep-2026, 37.00, 37.00, 37.37, 36.56, 36.87, 36.95, 36.82, 189506, 69.77, 1212, 96910, 51.14
ENERGYAXIS, EQ, 29-Sep-2026, 18.41, 18.33, 18.77, 18.04, 18.77, 18.43, 18.43, 33344, 6.15, 104, 11937, 35.80
ENERGYDEV, EQ, 29-Sep-2026, 14.83, 14.60, 14.90, 14.59, 14.59, 14.60, 14.72, 17191, 2.53, 201, 9980, 58.05
ENEXT50, EQ, 29-Sep-2026, 70.40, 70.19, 71.09, 67.64, 71.09, 67.91, 68.98, 3943, 2.72, 47, 2900, 73.55
ENFUSE, SM, 29-Sep-2026, 149.00, 148.60, 148.60, 148.60, 148.60, 148.60, 148.60, 600, 0.89, 1, 600, 100.00
ENGINERSIN, EQ, 29-Sep-2026, 313.90, 310.10, 316.80, 304.75, 310.30, 310.20, 310.99, 4987436, 15510.66, 63935, 1252526, 25.11
ENIFTY, EQ, 29-Sep-2026, 23.07, 23.64, 25.33, 22.63, 24.79, 24.03, 23.46, 5844, 1.37, 123, 3303, 56.52
ENIL, EQ, 29-Sep-2026, 96.01, 98.74, 98.74, 95.12, 95.21, 95.33, 96.04, 9925, 9.53, 254, 7950, 80.10
ENKEIWHEL, EQ, 29-Sep-2026, 392.85, 385.05, 400.95, 385.00, 399.00, 397.80, 390.57, 1147, 4.48, 70, 1009, 87.97
ENRIN, EQ, 29-Sep-2026, 3189.00, 3189.50, 3246.00, 3164.10, 3214.00, 3199.00, 3205.57, 346891, 11119.84, 43335, 190155, 54.82
ENSER, SM, 29-Sep-2026, 15.25, 15.00, 15.05, 14.45, 15.00, 15.00, 14.90, 25000, 3.73, 5, 10000, 40.00
ENTERO, EQ, 29-Sep-2026, 1790.10, 1780.00, 1797.80, 1745.80, 1761.00, 1764.90, 1776.63, 120363, 2138.41, 10316, 77521, 64.41
ENVIRO, SM, 29-Sep-2026, 71.15, 69.05, 69.05, 67.15, 67.50, 67.75, 68.06, 50000, 34.03, 45, 34000, 68.00
EPACK, EQ, 29-Sep-2026, 178.23, 179.65, 179.65, 174.01, 178.60, 177.93, 176.81, 253210, 447.71, 5462, 92951, 36.71
EPACKPEB, EQ, 29-Sep-2026, 241.74, 241.74, 249.43, 238.41, 242.00, 243.32, 244.87, 456672, 1118.27, 9796, 167400, 36.66
EPIGRAL, EQ, 29-Sep-2026, 1038.00, 1045.00, 1052.40, 1013.10, 1017.10, 1018.10, 1024.39, 35053, 359.08, 3527, 18831, 53.72
EPL, EQ, 29-Sep-2026, 235.00, 236.35, 236.35, 231.10, 233.15, 233.05, 233.03, 655107, 1526.58, 14102, 270234, 41.25
EPWINDIA, SM, 29-Sep-2026, 239.00, 230.00, 230.00, 226.00, 230.00, 230.00, 229.00, 4800, 10.99, 4, 4800, 100.00
EQUAL200, EQ, 29-Sep-2026, 13.23, 13.12, 13.19, 13.04, 13.15, 13.13, 13.13, 33768, 4.43, 92, 20426, 60.49
EQUAL50, EQ, 29-Sep-2026, 316.38, 313.52, 315.60, 313.18, 314.92, 314.93, 314.68, 3465, 10.90, 46, 1738, 50.16
EQUAL50ADD, EQ, 29-Sep-2026, 327.00, 327.01, 327.01, 322.00, 325.82, 325.79, 324.56, 59385, 192.74, 739, 41093, 69.20
EQUIPPP, BE, 29-Sep-2026, 21.85, 21.85, 22.94, 21.85, 22.94, 22.93, 22.70, 4426, 1.00, 20, -, -
EQUITASBNK, EQ, 29-Sep-2026, 66.02, 66.08, 67.79, 65.50, 67.50, 67.07, 66.98, 2421082, 1621.56, 20507, 1181149, 48.79
ERIS, EQ, 29-Sep-2026, 1236.30, 1231.00, 1293.00, 1180.10, 1220.80, 1219.30, 1225.45, 859869, 10537.24, 65953, 504304, 58.65
ESABINDIA, EQ, 29-Sep-2026, 5518.50, 5530.00, 5546.00, 5447.00, 5505.00, 5510.00, 5496.87, 2344, 128.85, 651, 1405, 59.94
ESAFSFB, BE, 29-Sep-2026, 43.00, 42.50, 44.80, 41.21, 44.51, 44.54, 43.60, 1486139, 647.91, 3175, -, -
ESCONET, ST, 29-Sep-2026, 213.25, 213.25, 223.90, 209.00, 223.90, 223.90, 221.52, 46000, 101.90, 91, 46000, 100.00
ESCORTS, EQ, 29-Sep-2026, 2740.70, 2740.70, 2761.80, 2701.00, 2704.50, 2706.20, 2727.12, 40955, 1116.89, 11328, 23699, 57.87
ESDS, EQ, 29-Sep-2026, 1672.50, 1588.90, 1588.90, 1588.90, 1588.90, 1588.90, 1588.90, 21769, 345.89, 2006, 21769, 100.00
ESENSEX, EQ, 29-Sep-2026, 73.54, 74.38, 74.41, 72.98, 74.40, 74.40, 73.09, 1110, 0.81, 21, 1096, 98.74
ESFL, SM, 29-Sep-2026, 119.00, 116.05, 116.05, 109.80, 114.10, 113.75, 114.41, 17640, 20.18, 35, 15840, 89.80
ESG, EQ, 29-Sep-2026, 39.10, 39.00, 39.00, 38.73, 38.86, 38.87, 38.80, 8601, 3.34, 59, 8531, 99.19
ESILVER, EQ, 29-Sep-2026, 220.84, 220.00, 220.13, 217.96, 218.72, 218.25, 218.55, 48279, 105.52, 2947, 26781, 55.47
ESPRIT, SM, 29-Sep-2026, 62.00, 63.25, 66.80, 63.25, 65.25, 65.25, 65.34, 12800, 8.36, 8, 4800, 37.50
ESSARSHPNG, EQ, 29-Sep-2026, 15.63, 16.21, 18.00, 15.70, 17.00, 16.95, 16.63, 710896, 118.24, 3134, 337806, 47.52
ESSENTIA, EQ, 29-Sep-2026, 1.01, 1.01, 1.02, 1.00, 1.01, 1.00, 1.01, 1958147, 19.77, 752, 1258581, 64.27
ESTER, EQ, 29-Sep-2026, 85.23, 85.13, 85.82, 83.00, 84.60, 84.55, 84.12, 44511, 37.44, 1233, 21959, 49.33
ETERNAL, EQ, 29-Sep-2026, 330.95, 333.00, 333.00, 323.65, 327.85, 327.85, 327.16, 30822496, 100840.10, 208146, 21250561, 68.94
ETHOSLTD, EQ, 29-Sep-2026, 2518.20, 2502.00, 2516.80, 2410.40, 2499.00, 2489.80, 2462.10, 138768, 3416.61, 30474, 62696, 45.18
ETL, SM, 29-Sep-2026, 1170.00, 1210.00, 1210.00, 1210.00, 1210.00, 1210.00, 1210.00, 150, 1.82, 1, 150, 100.00
ETML, SM, 29-Sep-2026, 75.30, 76.05, 76.05, 75.00, 75.15, 75.15, 75.26, 12000, 9.03, 9, 12000, 100.00
EUREKAFORB, EQ, 29-Sep-2026, 361.30, 358.40, 365.80, 350.00, 363.60, 362.95, 357.39, 561407, 2006.43, 26218, 255667, 45.54
EUROBOND, EQ, 29-Sep-2026, 149.93, 149.00, 149.00, 145.05, 147.00, 147.12, 146.56, 1612, 2.36, 53, 1162, 72.08
EUROPRATIK, EQ, 29-Sep-2026, 206.40, 206.40, 206.45, 198.55, 202.50, 202.05, 201.64, 257897, 520.03, 9922, 160208, 62.12
EUROTEXIND, EQ, 29-Sep-2026, 12.92, 13.10, 14.10, 12.50, 13.00, 13.00, 13.31, 2224, 0.30, 24, 909, 40.87
EVEREADY, EQ, 29-Sep-2026, 321.75, 319.95, 324.30, 315.85, 318.00, 318.90, 319.79, 45033, 144.01, 2073, 25820, 57.34
EVERESTIND, BE, 29-Sep-2026, 422.05, 425.00, 443.15, 406.70, 443.10, 436.25, 432.42, 66206, 286.29, 243, -, -
EVIETF, EQ, 29-Sep-2026, 30.95, 31.49, 31.49, 30.50, 30.81, 30.73, 30.72, 168058, 51.63, 742, 82828, 49.29
EVINDIA, EQ, 29-Sep-2026, 30.98, 31.60, 31.60, 30.55, 30.64, 30.69, 30.73, 214872, 66.03, 1777, 146602, 68.23
EXCELINDUS, EQ, 29-Sep-2026, 942.80, 942.80, 942.80, 917.10, 917.10, 924.80, 931.23, 23883, 222.41, 1406, 19077, 79.88
EXCELLENT, ST, 29-Sep-2026, 192.90, 185.15, 194.90, 185.15, 194.90, 194.90, 190.03, 3200, 6.08, 2, 3200, 100.00
EXCELSOFT, EQ, 29-Sep-2026, 84.13, 85.00, 85.00, 82.05, 83.50, 83.39, 83.33, 798928, 665.73, 7482, 309897, 38.79
EXICOM, EQ, 29-Sep-2026, 156.07, 156.40, 157.00, 150.22, 153.24, 152.97, 152.56, 645786, 985.20, 9339, 266948, 41.34
EXIDEIND, EQ, 29-Sep-2026, 411.75, 411.00, 414.50, 403.15, 405.00, 407.00, 407.89, 2034310, 8297.66, 49465, 896159, 44.05
EXPLEOSOL, EQ, 29-Sep-2026, 870.35, 868.10, 869.85, 855.50, 856.00, 858.30, 860.82, 8798, 75.73, 1337, 4805, 54.61
EXXARO, EQ, 29-Sep-2026, 6.15, 6.16, 6.17, 6.01, 6.07, 6.09, 6.08, 172278, 10.48, 593, 114632, 66.54
FABTECH, EQ, 29-Sep-2026, 144.26, 144.00, 148.40, 142.61, 147.00, 147.47, 145.72, 61853, 90.13, 1147, 37238, 60.20
FACT, EQ, 29-Sep-2026, 767.50, 760.65, 781.90, 740.10, 747.00, 757.20, 758.29, 710398, 5386.84, 30981, 379632, 53.44
FAIRCHEMOR, BE, 29-Sep-2026, 675.00, 684.90, 689.00, 672.00, 680.00, 674.70, 674.07, 2690, 18.13, 694, -, -
FALCONTECH, SM, 29-Sep-2026, 12.25, 12.25, 12.85, 11.70, 12.85, 12.85, 12.32, 7200, 0.89, 6, 6000, 83.33
FASCINATE, SM, 29-Sep-2026, 63.95, 67.10, 67.10, 67.10, 67.10, 67.10, 67.10, 74400, 49.92, 11, 74400, 100.00
FAZE3Q, EQ, 29-Sep-2026, 427.25, 427.25, 429.75, 418.00, 419.05, 422.20, 424.57, 9297, 39.47, 829, 5503, 59.19
FCL, EQ, 29-Sep-2026, 57.40, 57.39, 58.42, 55.55, 57.90, 57.94, 57.21, 19042160, 10893.43, 51095, 5023496, 26.38
FCSSOFT, EQ, 29-Sep-2026, 1.40, 1.38, 1.43, 1.37, 1.40, 1.39, 1.38, 2848817, 39.39, 1120, 1361861, 47.80
FDC, EQ, 29-Sep-2026, 343.60, 341.30, 351.90, 340.15, 351.80, 350.10, 346.40, 111778, 387.20, 5212, 62355, 55.78
FEDDERSHOL, EQ, 29-Sep-2026, 61.89, 62.97, 64.08, 59.11, 59.99, 60.69, 61.86, 3808343, 2355.95, 15439, 925872, 24.31
FEDERALBNK, EQ, 29-Sep-2026, 325.00, 325.65, 326.85, 320.20, 320.20, 320.20, 323.16, 9570469, 30928.05, 114699, 5948294, 62.15
FEDFINA, EQ, 29-Sep-2026, 150.72, 150.10, 150.46, 147.33, 148.86, 148.86, 149.09, 1080152, 1610.40, 18870, 496343, 45.95
FEL, BZ, 29-Sep-2026, 0.37, 0.38, 0.38, 0.37, 0.38, 0.38, 0.38, 113129, 0.43, 77, -, -
FELDVR, BZ, 29-Sep-2026, 2.00, 2.08, 2.08, 1.92, 2.07, 2.07, 1.93, 1324, 0.03, 17, -, -
FELIX, SM, 29-Sep-2026, 198.00, 193.50, 202.00, 193.50, 202.00, 200.35, 197.93, 10000, 19.79, 20, 7500, 75.00
FERMENTA, EQ, 29-Sep-2026, 479.30, 501.00, 575.10, 496.40, 543.00, 551.35, 549.17, 3374367, 18530.97, 94105, 459493, 13.62
FIBERWEB, EQ, 29-Sep-2026, 26.40, 26.40, 27.46, 26.03, 27.00, 26.79, 26.27, 12963, 3.41, 105, 10974, 84.66
FIDEL, SM, 29-Sep-2026, 168.00, 167.00, 172.75, 165.00, 171.00, 168.05, 167.75, 7000, 11.74, 6, 6000, 85.71
FIEMIND, EQ, 29-Sep-2026, 1926.00, 1926.00, 1939.70, 1901.30, 1924.50, 1921.10, 1919.85, 36157, 694.16, 7520, 19921, 55.10
FILATEX, EQ, 29-Sep-2026, 110.75, 111.48, 113.94, 109.21, 110.66, 112.00, 112.10, 4756161, 5331.76, 27816, 1986484, 41.77
FILATFASH, EQ, 29-Sep-2026, 0.18, 0.19, 0.19, 0.18, 0.19, 0.18, 0.18, 16791914, 30.65, 1415, 12115895, 72.15
FINBUD, SM, 29-Sep-2026, 111.40, 110.05, 112.00, 110.00, 111.95, 111.95, 111.43, 11000, 12.26, 9, 10000, 90.91
FINCABLES, EQ, 29-Sep-2026, 1408.10, 1408.10, 1459.80, 1396.40, 1438.00, 1435.50, 1435.69, 769597, 11049.01, 43848, 358055, 46.52
FINEORG, EQ, 29-Sep-2026, 5124.00, 5090.00, 5162.00, 5070.00, 5157.00, 5140.00, 5127.61, 11866, 608.44, 3244, 6270, 52.84
FINIETF, EQ, 29-Sep-2026, 30.56, 31.00, 31.00, 30.10, 30.41, 30.42, 30.29, 471231, 142.73, 1733, 298033, 63.25
FINKURVE, EQ, 29-Sep-2026, 69.32, 69.48, 73.02, 68.80, 69.38, 69.37, 70.40, 49299, 34.71, 1127, 20777, 42.14
FINOPB, EQ, 29-Sep-2026, 127.23, 127.65, 130.05, 125.05, 128.50, 129.23, 127.81, 175313, 224.07, 2900, 63185, 36.04
FINPIPE, EQ, 29-Sep-2026, 151.61, 151.00, 152.20, 149.65, 151.25, 151.15, 151.13, 414515, 626.48, 16140, 174183, 42.02
FIRSTCRY, EQ, 29-Sep-2026, 184.72, 184.72, 190.00, 178.78, 184.57, 184.37, 185.42, 8233520, 15266.31, 70370, 1495874, 18.17
FISCHER, EQ, 29-Sep-2026, 34.08, 34.90, 35.50, 32.85, 34.09, 33.68, 34.01, 1344456, 457.27, 5118, 514364, 38.26
FIVESTAR, EQ, 29-Sep-2026, 518.35, 517.05, 517.50, 491.00, 492.15, 497.25, 501.45, 1439331, 7217.47, 57931, 750257, 52.13
FLAIR, EQ, 29-Sep-2026, 235.06, 234.46, 237.95, 230.00, 231.00, 230.38, 232.25, 105035, 243.94, 2561, 58608, 55.80
FLEXIADD, EQ, 29-Sep-2026, 9.60, 9.84, 9.84, 9.38, 9.52, 9.45, 9.56, 1273684, 121.80, 819, 653970, 51.34
FLEXITUFF, BE, 29-Sep-2026, 2.87, 2.92, 2.92, 2.91, 2.92, 2.92, 2.92, 6737, 0.20, 9, -, -
FLFL, BZ, 29-Sep-2026, 1.15, 1.15, 1.16, 1.10, 1.10, 1.10, 1.11, 14356, 0.16, 50, -, -
FLUOROCHEM, EQ, 29-Sep-2026, 4443.70, 4443.70, 4472.30, 4360.00, 4366.20, 4406.20, 4406.96, 57702, 2542.90, 14661, 27829, 48.23
FLYSBS, SM, 29-Sep-2026, 624.70, 619.85, 636.95, 603.00, 616.00, 619.60, 618.00, 110400, 682.27, 379, 56800, 51.45
FMCGADD, EQ, 29-Sep-2026, 45.67, 45.67, 45.88, 45.06, 45.23, 45.19, 45.18, 16005, 7.23, 214, 14675, 91.69
FMCGIETF, EQ, 29-Sep-2026, 48.76, 48.76, 49.05, 48.16, 48.45, 48.35, 48.34, 1556607, 752.46, 5717, 891184, 57.25
FMGOETZE, EQ, 29-Sep-2026, 458.65, 458.65, 462.20, 452.55, 461.00, 460.10, 458.13, 99572, 456.17, 4237, 39068, 39.24
FMNL, EQ, 29-Sep-2026, 7.94, 8.05, 8.17, 7.61, 7.77, 7.97, 7.93, 68724, 5.45, 190, 46444, 67.58
FOCUS, BE, 29-Sep-2026, 58.73, 59.30, 59.75, 57.00, 57.00, 57.07, 57.55, 36445, 20.97, 299, -, -
FONEBOX, ST, 29-Sep-2026, 160.00, 153.00, 153.00, 152.00, 152.00, 152.00, 152.25, 4000, 6.09, 4, 4000, 100.00
FOODSIN, EQ, 29-Sep-2026, 52.83, 52.83, 53.24, 50.50, 50.99, 51.46, 52.06, 105082, 54.70, 2475, 64793, 61.66
FORCAS, ST, 29-Sep-2026, 227.00, 228.10, 238.35, 225.00, 237.10, 237.55, 233.69, 70400, 164.52, 41, 65600, 93.18
FORCEMOT, EQ, 29-Sep-2026, 17100.00, 17100.00, 17146.00, 16761.00, 16905.00, 16905.00, 16941.89, 82027, 13896.92, 21788, 25173, 30.69
FORGEAUTO, SM, 29-Sep-2026, 101.00, 101.00, 101.00, 101.00, 101.00, 101.00, 101.00, 1200, 1.21, 1, 1200, 100.00
FORTIS, EQ, 29-Sep-2026, 830.75, 833.00, 838.05, 815.20, 822.00, 822.00, 822.36, 2532368, 20825.21, 59377, 1591838, 62.86
FOSECOIND, EQ, 29-Sep-2026, 6298.00, 6298.00, 6400.00, 6210.50, 6300.00, 6335.00, 6315.86, 9967, 629.50, 2619, 3573, 35.85
FRACTAL, EQ, 29-Sep-2026, 742.10, 742.45, 759.70, 740.25, 751.10, 753.15, 751.32, 1079289, 8108.90, 34550, 593817, 55.02
FREDUN, EQ, 29-Sep-2026, 1387.00, 1393.80, 1424.90, 1295.00, 1416.00, 1392.40, 1406.34, 91403, 1285.44, 8043, 42275, 46.25
FRESHARA, ST, 29-Sep-2026, 419.65, 410.00, 415.00, 402.25, 415.00, 414.75, 408.97, 10800, 44.17, 18, 7800, 72.22
FROG, SM, 29-Sep-2026, 267.90, 267.90, 268.00, 262.05, 262.10, 262.40, 264.08, 13600, 35.92, 33, 10000, 73.53
FRONTSP, EQ, 29-Sep-2026, 1447.00, 1431.00, 1431.00, 1339.00, 1399.00, 1394.10, 1385.46, 52600, 728.75, 4816, 17136, 32.58
FSL, EQ, 29-Sep-2026, 256.00, 256.00, 257.00, 248.00, 248.50, 248.90, 251.00, 406764, 1020.96, 13859, 188818, 46.42
FUSION, EQ, 29-Sep-2026, 171.93, 170.71, 176.58, 168.35, 175.00, 173.30, 172.98, 1397767, 2417.80, 18976, 853082, 61.03
FWSTC, SM, 29-Sep-2026, 173.00, 167.50, 194.00, 167.00, 191.90, 191.00, 189.99, 110400, 209.75, 38, 104400, 94.57
GABRIEL, EQ, 29-Sep-2026, 1349.20, 1355.00, 1355.10, 1294.00, 1306.00, 1303.90, 1318.36, 218766, 2884.12, 20930, 114532, 52.35
GAEL, EQ, 29-Sep-2026, 160.47, 158.93, 163.14, 157.15, 162.50, 161.75, 160.48, 452046, 725.46, 11878, 239385, 52.96
GAIL, EQ, 29-Sep-2026, 172.45, 172.34, 173.26, 168.43, 170.04, 170.04, 171.13, 12119087, 20739.03, 45255, 7854635, 64.81
GAJA, EQ, 29-Sep-2026, 140.93, 141.30, 142.79, 139.40, 140.00, 140.42, 140.91, 304080, 428.46, 5334, 103006, 33.87
GALAPREC, EQ, 29-Sep-2026, 1140.20, 1140.00, 1190.90, 1119.60, 1155.00, 1157.70, 1165.02, 60527, 705.15, 5377, 23357, 38.59
GALAXYSURF, EQ, 29-Sep-2026, 2190.70, 2191.00, 2325.00, 2188.90, 2307.40, 2301.20, 2261.95, 34404, 778.20, 7606, 17837, 51.85
GALLANTT, EQ, 29-Sep-2026, 536.55, 540.90, 547.00, 527.55, 535.00, 539.10, 538.93, 53198, 286.70, 5770, 22470, 42.24
GANDHAR, EQ, 29-Sep-2026, 262.05, 261.90, 274.55, 258.00, 271.25, 273.55, 268.44, 691116, 1855.27, 12811, 359876, 52.07
GANDHITUBE, EQ, 29-Sep-2026, 952.50, 948.00, 988.65, 937.10, 968.00, 966.55, 965.40, 23674, 228.55, 1955, 11459, 48.40
GANECOS, EQ, 29-Sep-2026, 1019.20, 1011.00, 1030.00, 1000.00, 1020.00, 1010.60, 1014.11, 45421, 460.62, 4296, 16516, 36.36
GANESHBE, BE, 29-Sep-2026, 137.32, 143.00, 143.00, 131.80, 137.93, 137.83, 138.35, 354560, 490.54, 1432, -, -
GANESHCP, EQ, 29-Sep-2026, 156.36, 158.01, 158.99, 152.00, 156.15, 153.08, 153.89, 110782, 170.48, 2465, 72391, 65.35
GANESHHOU, EQ, 29-Sep-2026, 718.55, 720.65, 724.95, 702.35, 706.95, 706.65, 708.12, 28836, 204.19, 1924, 20608, 71.47
GANESHIN, SM, 29-Sep-2026, 88.85, 88.50, 91.00, 87.20, 91.00, 90.50, 89.24, 23200, 20.70, 26, 13600, 58.62
GANGABATH, SM, 29-Sep-2026, 22.75, 22.10, 22.45, 21.15, 21.15, 21.15, 21.96, 27000, 5.93, 5, 27000, 100.00
GANGAFORGE, EQ, 29-Sep-2026, 1.40, 1.35, 1.47, 1.35, 1.47, 1.47, 1.45, 1779126, 25.81, 676, 1148524, 64.56
GARFIBRES, EQ, 29-Sep-2026, 772.85, 775.45, 777.40, 750.00, 750.10, 753.85, 764.20, 26654, 203.69, 4065, 13980, 52.45
GARUDA, EQ, 29-Sep-2026, 178.81, 178.80, 178.80, 174.07, 176.50, 176.56, 176.56, 301597, 532.50, 6563, 124656, 41.33
GATECH, BE, 29-Sep-2026, 0.73, 0.73, 0.73, 0.70, 0.70, 0.70, 0.70, 12312026, 86.58, 4393, -, -
GATECHDVR, BE, 29-Sep-2026, 0.46, 0.47, 0.48, 0.46, 0.47, 0.47, 0.48, 162052, 0.77, 154, -, -
GATEWAY, EQ, 29-Sep-2026, 51.88, 51.71, 52.35, 51.42, 51.51, 51.57, 51.85, 709691, 367.96, 7179, 464082, 65.39
GAUDIUMIVF, EQ, 29-Sep-2026, 112.20, 111.50, 115.50, 111.50, 113.19, 113.90, 113.67, 223577, 254.15, 2413, 119788, 53.58
GAYAHWS, EQ, 29-Sep-2026, 1.84, 1.84, 1.85, 1.75, 1.85, 1.84, 1.81, 120182, 2.18, 240, 86446, 71.93
GAYAPROJ, EQ, 29-Sep-2026, 21.96, 22.23, 22.89, 21.51, 22.73, 22.44, 22.03, 541787, 119.37, 2479, 312269, 57.64
GCHOTELS, SM, 29-Sep-2026, 118.20, 120.05, 131.00, 118.00, 124.50, 124.75, 124.49, 48000, 59.76, 68, 30600, 63.75
GCSL, EQ, 29-Sep-2026, 667.35, 667.50, 671.00, 657.70, 666.00, 666.25, 662.78, 378027, 2505.48, 4585, 114930, 30.40
GEECEE, BE, 29-Sep-2026, 369.35, 368.95, 379.50, 361.00, 375.00, 375.65, 373.60, 4653, 17.38, 91, -, -
GEEKAYWIRE, EQ, 29-Sep-2026, 31.87, 31.51, 32.11, 30.31, 30.40, 30.50, 30.87, 190025, 58.67, 1222, 107873, 56.77
GEMAROMA, EQ, 29-Sep-2026, 156.62, 156.00, 158.88, 153.08, 157.00, 157.76, 156.42, 46771, 73.16, 1185, 27729, 59.29
GENCON, EQ, 29-Sep-2026, 37.75, 38.00, 38.21, 36.50, 36.50, 37.12, 37.27, 364800, 135.97, 1158, 111084, 30.45
GENESYS, EQ, 29-Sep-2026, 282.13, 282.13, 282.40, 275.00, 276.00, 277.68, 278.75, 211324, 589.07, 5084, 83480, 39.50
GENSOL, BZ, 29-Sep-2026, 15.93, 15.99, 15.99, 15.14, 15.14, 15.14, 15.28, 159255, 24.33, 1070, -, -
GENUSPAPER, EQ, 29-Sep-2026, 10.11, 10.11, 11.40, 9.25, 10.24, 10.25, 10.11, 353410, 35.74, 1366, 190354, 53.86
GENUSPOWER, EQ, 29-Sep-2026, 294.05, 294.00, 301.00, 290.00, 294.00, 293.65, 295.83, 2057886, 6087.76, 31410, 965998, 46.94
GENXAI, SM, 29-Sep-2026, 69.20, 68.50, 80.00, 65.50, 73.00, 75.65, 72.67, 142800, 103.78, 75, 120000, 84.03
GEOJITFSL, EQ, 29-Sep-2026, 78.30, 77.22, 79.28, 76.16, 76.80, 76.76, 77.32, 378266, 292.46, 4846, 189849, 50.19
GESHIP, EQ, 29-Sep-2026, 1533.40, 1533.40, 1582.00, 1526.10, 1545.00, 1537.80, 1556.37, 2264928, 35250.67, 107165, 744864, 32.89
GFLLIMITED, EQ, 29-Sep-2026, 55.99, 56.99, 57.00, 54.00, 55.83, 55.70, 55.08, 55498, 30.57, 1420, 33944, 61.16
GFSTEELS, BE, 29-Sep-2026, 34.07, 35.77, 35.77, 35.77, 35.77, 35.77, 35.77, 3344, 1.20, 17, -, -
GGBL, SM, 29-Sep-2026, 212.35, 214.45, 222.00, 207.80, 220.00, 220.20, 216.35, 19200, 41.54, 61, 15000, 78.13
GHCL, EQ, 29-Sep-2026, 410.60, 410.50, 410.50, 396.00, 405.00, 404.55, 401.50, 600220, 2409.90, 17022, 295314, 49.20
GHCLTEXTIL, EQ, 29-Sep-2026, 134.83, 135.60, 135.65, 128.16, 131.50, 132.27, 132.09, 524448, 692.76, 10635, 234350, 44.69
GICHSGFIN, EQ, 29-Sep-2026, 135.72, 136.00, 136.60, 132.63, 133.11, 133.71, 133.65, 116666, 155.92, 1770, 76184, 65.30
GICL, BE, 29-Sep-2026, 23.38, 22.89, 23.17, 22.30, 23.00, 23.12, 22.69, 286636, 65.03, 188, -, -
GICRE, EQ, 29-Sep-2026, 329.30, 329.20, 329.75, 319.00, 319.00, 320.25, 322.46, 691287, 2229.14, 20506, 369583, 53.46
GILLANDERS, EQ, 29-Sep-2026, 107.38, 114.00, 114.00, 106.17, 111.90, 110.75, 109.74, 17774, 19.51, 321, 14009, 78.82
GILLETTE, EQ, 29-Sep-2026, 6925.50, 6930.00, 7020.00, 6870.00, 6960.00, 6963.50, 6931.85, 30311, 2101.11, 6635, 20489, 67.60
GILT10BETA, EQ, 29-Sep-2026, 26.52, 26.65, 27.17, 25.50, 26.35, 26.06, 26.08, 234, 0.06, 23, 224, 95.73
GILT5BETA, EQ, 29-Sep-2026, 66.14, 66.12, 66.44, 65.61, 65.62, 65.62, 65.83, 1637, 1.08, 21, 1149, 70.19
GILT5YBEES, EQ, 29-Sep-2026, 65.70, 67.34, 67.34, 65.49, 65.81, 65.79, 65.76, 162764, 107.04, 489, 115607, 71.03
GINNIFILA, BE, 29-Sep-2026, 40.41, 40.59, 40.59, 39.55, 40.00, 40.01, 40.00, 39204, 15.68, 119, -, -
GIPCL, EQ, 29-Sep-2026, 182.22, 183.00, 184.94, 179.17, 180.60, 181.56, 181.43, 251494, 456.28, 5584, 138363, 55.02
GIRIRAJ, SM, 29-Sep-2026, 65.15, 67.45, 68.40, 61.90, 67.85, 63.00, 64.09, 10250, 6.57, 33, 7000, 68.29
GJL, ST, 29-Sep-2026, 406.25, 426.55, 426.55, 425.00, 426.55, 426.55, 426.36, 6400, 27.29, 8, 6400, 100.00
GKB, EQ, 29-Sep-2026, 65.37, 65.37, 67.00, 65.00, 65.00, 65.93, 66.27, 4600, 3.05, 47, 3489, 75.85
GKENERGY, EQ, 29-Sep-2026, 121.87, 120.99, 121.81, 118.99, 119.20, 119.40, 119.89, 444548, 532.97, 5283, 229896, 51.71
GKSL, EQ, 29-Sep-2026, 174.83, 175.40, 178.00, 172.11, 174.96, 175.89, 175.33, 627188, 1099.68, 6088, 274253, 43.73
GKWLIMITED, EQ, 29-Sep-2026, 1531.70, 1525.10, 1550.00, 1501.80, 1542.00, 1542.00, 1530.38, 404, 6.18, 48, 310, 76.73
GLAND, EQ, 29-Sep-2026, 2896.00, 2896.60, 3024.00, 2896.60, 2985.00, 2989.70, 2988.10, 876878, 26202.01, 65764, 405761, 46.27
GLASSWALL, EQ, 29-Sep-2026, 270.32, 271.00, 297.00, 264.15, 282.75, 286.55, 278.86, 11915458, 33227.30, 101183, 1748076, 14.67
GLAXO, EQ, 29-Sep-2026, 2896.40, 2888.00, 2899.90, 2770.60, 2777.30, 2783.80, 2826.63, 49829, 1408.48, 10395, 20851, 41.85
GLENMARK, EQ, 29-Sep-2026, 2325.70, 2330.40, 2441.50, 2292.00, 2441.50, 2441.50, 2354.52, 1277155, 30070.93, 56808, 839781, 65.75
GLFL, EQ, 29-Sep-2026, 5.02, 5.25, 5.27, 5.25, 5.27, 5.27, 5.26, 30420, 1.60, 33, 30101, 98.95
GLOBAL, EQ, 29-Sep-2026, 133.61, 134.40, 135.03, 132.10, 132.80, 133.01, 133.36, 79535, 106.07, 1867, 40321, 50.70
GLOBALE, EQ, 29-Sep-2026, 10.80, 10.27, 11.32, 10.27, 10.65, 10.64, 10.90, 5574, 0.61, 42, 2024, 36.31
GLOBALVECT, EQ, 29-Sep-2026, 135.44, 136.25, 136.25, 129.00, 131.32, 131.98, 131.65, 4033, 5.31, 219, 2985, 74.01
GLOBE, EQ, 29-Sep-2026, 2.20, 2.20, 2.20, 2.12, 2.12, 2.14, 2.17, 601492, 13.06, 239, 534575, 88.87
GLOBECIVIL, EQ, 29-Sep-2026, 43.30, 43.50, 43.75, 41.66, 42.40, 42.06, 42.27, 26879, 11.36, 432, 24097, 89.65
GLOBUSSPR, EQ, 29-Sep-2026, 819.15, 820.00, 820.05, 801.10, 808.00, 804.80, 808.79, 69920, 565.50, 3823, 43317, 61.95
GLOSTERLTD, EQ, 29-Sep-2026, 545.50, 559.90, 559.90, 536.20, 540.00, 539.25, 542.43, 1121, 6.08, 101, 956, 85.28
GLOTTIS, EQ, 29-Sep-2026, 62.44, 62.44, 62.44, 59.11, 61.04, 61.02, 60.75, 48803, 29.65, 1232, 26510, 54.32
GMBREW, EQ, 29-Sep-2026, 966.60, 966.45, 981.00, 953.15, 961.00, 962.95, 963.67, 36309, 349.90, 2546, 20569, 56.65
GMDCLTD, EQ, 29-Sep-2026, 522.25, 521.00, 521.80, 510.05, 515.00, 513.20, 515.40, 728657, 3755.48, 28496, 255118, 35.01
GML, SM, 29-Sep-2026, 17.70, 18.00, 18.40, 16.90, 17.50, 17.50, 17.69, 48000, 8.49, 19, 48000, 100.00
GMMPFAUDLR, EQ, 29-Sep-2026, 1480.10, 1475.40, 1505.70, 1455.00, 1480.00, 1477.10, 1478.66, 478619, 7077.15, 46877, 249351, 52.10
GMRAIRPORT, EQ, 29-Sep-2026, 94.75, 94.10, 94.74, 93.50, 93.75, 93.75, 94.07, 10060323, 9463.41, 24994, 5930706, 58.95
GMRP&UI, EQ, 29-Sep-2026, 101.90, 101.80, 102.00, 99.40, 100.00, 100.72, 100.85, 1380706, 1392.49, 15624, 630515, 45.67
GNA, EQ, 29-Sep-2026, 594.70, 597.00, 600.00, 575.40, 593.00, 593.75, 588.31, 499013, 2935.74, 14958, 206882, 41.46
GNFC, EQ, 29-Sep-2026, 620.65, 619.00, 627.55, 609.85, 611.65, 611.50, 618.48, 588636, 3640.59, 16999, 275950, 46.88
GNRL, EQ, 29-Sep-2026, 98.46, 99.12, 99.12, 96.90, 98.01, 98.16, 97.91, 76012, 74.43, 1891, 37433, 49.25
GOACARBON, EQ, 29-Sep-2026, 405.75, 407.85, 409.85, 396.55, 409.85, 408.85, 404.77, 14749, 59.70, 778, 10341, 70.11
GOCLCORP, EQ, 29-Sep-2026, 379.00, 381.05, 381.05, 359.75, 364.00, 363.65, 364.81, 220064, 802.82, 8445, 85967, 39.06
GOCOLORS, EQ, 29-Sep-2026, 304.80, 305.70, 312.70, 301.00, 302.50, 304.30, 307.22, 74604, 229.20, 4652, 33155, 44.44
GODAVARIB, EQ, 29-Sep-2026, 229.45, 227.78, 237.79, 226.01, 236.87, 236.48, 231.34, 60955, 141.01, 2021, 28382, 46.56
GODFRYPHLP, EQ, 29-Sep-2026, 1931.50, 1941.90, 1944.20, 1862.00, 1862.00, 1862.00, 1898.40, 297806, 5653.55, 20702, 114734, 38.53
GODIGIT, EQ, 29-Sep-2026, 263.25, 263.10, 263.10, 251.80, 252.70, 253.20, 253.99, 3238407, 8225.19, 43832, 1912477, 59.06
GODREJAGRO, EQ, 29-Sep-2026, 642.50, 640.10, 643.15, 626.70, 635.00, 631.70, 635.96, 96669, 614.78, 7763, 43895, 45.41
GODREJCP, EQ, 29-Sep-2026, 868.00, 868.00, 870.00, 850.00, 855.00, 855.00, 856.27, 1360604, 11650.47, 36472, 728925, 53.57
GODREJIND, EQ, 29-Sep-2026, 1076.10, 1070.90, 1074.80, 1051.00, 1051.00, 1055.70, 1062.42, 40543, 430.74, 7277, 19046, 46.98
GODREJPROP, EQ, 29-Sep-2026, 1669.80, 1666.00, 1671.30, 1634.40, 1634.40, 1634.40, 1648.06, 410924, 6772.26, 23453, 208984, 50.86
GOKEX, EQ, 29-Sep-2026, 671.85, 666.00, 687.55, 666.00, 679.00, 678.55, 677.92, 506154, 3431.34, 19268, 388435, 76.74
GOKUL, EQ, 29-Sep-2026, 39.47, 39.28, 40.45, 38.87, 38.90, 39.41, 39.65, 162016, 64.25, 2405, 23811, 14.70
GOKULAGRO, EQ, 29-Sep-2026, 216.16, 216.16, 217.98, 212.32, 215.00, 215.23, 215.33, 284570, 612.78, 10368, 95348, 33.51
GOLD1, EQ, 29-Sep-2026, 122.16, 122.12, 122.25, 121.00, 121.86, 121.78, 121.75, 1778304, 2165.01, 8105, 1020421, 57.38
GOLD360, EQ, 29-Sep-2026, 142.95, 143.35, 143.35, 141.50, 142.40, 142.05, 142.12, 11095, 15.77, 275, 6205, 55.93
GOLDADD, EQ, 29-Sep-2026, 14.24, 14.27, 14.30, 14.08, 14.16, 14.16, 14.15, 7563524, 1069.89, 6661, 5147209, 68.05
GOLDAXIS, EQ, 29-Sep-2026, 121.46, 121.67, 121.79, 120.46, 121.53, 121.37, 121.38, 2222190, 2697.34, 3710, 1691525, 76.12
GOLDBEES, EQ, 29-Sep-2026, 121.17, 120.93, 121.09, 119.80, 120.80, 120.64, 120.58, 28612025, 34501.39, 115558, 14967831, 52.31
GOLDBETA, EQ, 29-Sep-2026, 123.65, 123.50, 123.50, 122.00, 122.95, 123.00, 122.86, 659494, 810.27, 3050, 515856, 78.22
GOLDBND, EQ, 29-Sep-2026, 146.43, 146.98, 146.98, 145.00, 146.11, 146.11, 145.99, 37455, 54.68, 243, 35658, 95.20
GOLDCASE, EQ, 29-Sep-2026, 23.08, 23.03, 23.12, 22.82, 23.00, 22.97, 22.97, 11868737, 2726.69, 13851, 6214279, 52.36
GOLDENTOBC, BZ, 29-Sep-2026, 24.50, 24.50, 24.50, 23.31, 23.85, 24.26, 24.38, 3049, 0.74, 21, -, -
GOLDETF, EQ, 29-Sep-2026, 143.02, 142.12, 143.63, 141.12, 142.99, 142.06, 142.00, 1407805, 1999.10, 11665, 809244, 57.48
GOLDIAM, EQ, 29-Sep-2026, 312.60, 312.60, 330.90, 310.00, 322.00, 322.85, 322.52, 931591, 3004.55, 18118, 403516, 43.31
GOLDIETF, EQ, 29-Sep-2026, 125.45, 125.27, 125.47, 124.08, 125.14, 124.94, 124.99, 5511528, 6888.76, 28783, 3186936, 57.82
GOLDSTAR, SM, 29-Sep-2026, 11.15, 11.70, 11.70, 11.70, 11.70, 11.70, 11.70, 315000, 36.86, 27, 281250, 89.29
GOLDTECH, BE, 29-Sep-2026, 46.52, 45.59, 45.80, 45.59, 45.59, 45.59, 45.59, 7301, 3.33, 29, -, -
GOODLUCK, EQ, 29-Sep-2026, 522.00, 522.75, 533.00, 513.60, 527.30, 528.60, 522.09, 328494, 1715.05, 12108, 149094, 45.39
GOODYEAR, EQ, 29-Sep-2026, 704.05, 700.00, 714.70, 697.55, 702.05, 702.55, 704.13, 3148, 22.17, 606, 1672, 53.11
GOPAL, EQ, 29-Sep-2026, 254.80, 255.45, 255.45, 247.60, 252.00, 253.00, 251.51, 79078, 198.89, 2837, 39426, 49.86
GOYALALUM, EQ, 29-Sep-2026, 5.97, 6.04, 6.04, 5.80, 5.93, 5.88, 5.93, 59801, 3.55, 329, 49641, 83.01
GOYALSALT, SM, 29-Sep-2026, 101.00, 102.00, 106.00, 101.50, 106.00, 106.00, 103.17, 1800, 1.86, 3, 1800, 100.00
GPECO, SM, 29-Sep-2026, 396.25, 395.00, 399.65, 391.60, 395.05, 396.35, 395.01, 8200, 32.39, 37, 5400, 65.85
GPIL, EQ, 29-Sep-2026, 225.46, 225.60, 225.60, 220.10, 220.45, 221.35, 223.09, 1239698, 2765.62, 18427, 725556, 58.53
GPPL, EQ, 29-Sep-2026, 159.88, 159.60, 161.46, 157.66, 160.32, 160.54, 159.77, 1153476, 1842.96, 16981, 658965, 57.13
GPTHEALTH, EQ, 29-Sep-2026, 156.10, 156.10, 157.20, 153.11, 153.36, 153.80, 155.07, 47460, 73.59, 1277, 24591, 51.81
GPTINFRA, EQ, 29-Sep-2026, 116.27, 116.27, 117.69, 113.94, 116.00, 115.72, 115.99, 228789, 265.36, 3939, 134150, 58.63
GRADIENTE, BE, 29-Sep-2026, 2.06, 2.10, 2.16, 2.00, 2.15, 2.15, 2.14, 848308, 18.11, 395, -, -
GRANDOAK, EQ, 29-Sep-2026, 34.10, 34.10, 35.80, 34.00, 35.73, 35.72, 35.31, 4390, 1.55, 279, 2252, 51.30
GRANULES, EQ, 29-Sep-2026, 851.40, 850.00, 876.95, 847.00, 864.50, 866.75, 865.73, 1132457, 9804.06, 37828, 587549, 51.88
GRAPHISAD, SM, 29-Sep-2026, 25.20, 25.40, 25.40, 25.40, 25.40, 25.40, 25.40, 1200, 0.30, 1, 1200, 100.00
GRAPHITE, EQ, 29-Sep-2026, 799.00, 791.20, 805.45, 778.80, 797.55, 801.55, 793.39, 1043628, 8280.07, 43638, 323467, 30.99
GRASIM, EQ, 29-Sep-2026, 3150.00, 3149.20, 3151.50, 3089.00, 3100.00, 3100.00, 3114.01, 1153762, 35928.31, 38870, 749930, 65.00
GRAUWEIL, EQ, 29-Sep-2026, 83.96, 83.10, 84.78, 82.26, 83.00, 82.78, 83.13, 349190, 290.30, 4005, 173977, 49.82
GRAVISSHO, BE, 29-Sep-2026, 33.69, 33.00, 33.00, 32.01, 32.10, 32.10, 32.23, 534, 0.17, 10, -, -
GRAVITA, EQ, 29-Sep-2026, 1475.40, 1470.00, 1488.10, 1441.10, 1448.90, 1446.90, 1459.81, 218555, 3190.48, 23317, 102997, 47.13
GREAVESCOT, EQ, 29-Sep-2026, 230.40, 230.70, 238.30, 228.87, 235.18, 234.99, 234.11, 2928868, 6856.65, 46963, 974691, 33.28
GREENCHEF, SM, 29-Sep-2026, 68.85, 70.80, 72.00, 70.80, 72.00, 72.00, 71.32, 4000, 2.85, 5, 4000, 100.00
GREENLAM, EQ, 29-Sep-2026, 217.51, 218.80, 218.80, 210.95, 215.40, 214.30, 214.34, 69454, 148.87, 1682, 43808, 63.07
GREENLEAF, SM, 29-Sep-2026, 107.00, 108.90, 112.35, 108.00, 112.35, 112.30, 111.47, 18000, 20.06, 16, 17000, 94.44
GREENPANEL, EQ, 29-Sep-2026, 159.21, 159.00, 160.86, 155.50, 158.10, 159.05, 158.52, 154127, 244.32, 4609, 74856, 48.57
GREENPLY, EQ, 29-Sep-2026, 279.75, 279.90, 284.80, 272.45, 281.00, 280.25, 278.53, 238151, 663.32, 8747, 150595, 63.24
GREENPOWER, EQ, 29-Sep-2026, 8.81, 8.68, 8.90, 8.58, 8.81, 8.85, 8.75, 2035250, 178.00, 4185, 873205, 42.90
GRINDWELL, EQ, 29-Sep-2026, 1918.20, 1908.60, 1930.90, 1901.20, 1919.00, 1916.70, 1917.77, 21270, 407.91, 6940, 11078, 52.08
GRINFRA, EQ, 29-Sep-2026, 799.30, 799.30, 820.00, 789.15, 810.15, 816.25, 802.99, 16367, 131.43, 2684, 7343, 44.86
GRMOVER, EQ, 29-Sep-2026, 80.01, 80.00, 80.00, 78.11, 78.50, 78.76, 78.87, 812391, 640.72, 3285, 136301, 16.78
GROBTEA, EQ, 29-Sep-2026, 919.10, 919.00, 919.00, 882.40, 899.00, 899.00, 897.26, 54, 0.48, 20, 31, 57.41
GROWW, EQ, 29-Sep-2026, 183.39, 183.39, 185.39, 179.35, 183.95, 183.52, 181.87, 26593111, 48365.05, 146956, 13455212, 50.60
GROWWCAPM, EQ, 29-Sep-2026, 10.87, 11.09, 11.09, 10.69, 10.85, 10.79, 10.81, 336145, 36.34, 1318, 183615, 54.62
GROWWCHEM, EQ, 29-Sep-2026, 28.74, 29.04, 29.28, 28.29, 28.66, 28.50, 28.53, 44109, 12.59, 298, 20903, 47.39
GROWWDEFNC, EQ, 29-Sep-2026, 92.40, 92.40, 96.00, 90.84, 92.37, 93.06, 91.79, 171105, 157.06, 2377, 77072, 45.04
GROWWEV, EQ, 29-Sep-2026, 30.94, 30.95, 31.02, 30.15, 30.32, 30.28, 30.57, 241395, 73.79, 2130, 111054, 46.01
GROWWGOLD, EQ, 29-Sep-2026, 14.33, 14.29, 14.34, 14.16, 14.27, 14.25, 14.25, 1509304, 215.10, 2971, 673198, 44.60
GROWWHOSPI, EQ, 29-Sep-2026, 51.06, 51.31, 51.56, 50.32, 50.98, 50.48, 50.60, 166419, 84.21, 1260, 117157, 70.40
GROWWLIQID, EQ, 29-Sep-2026, 110.92, 110.94, 110.95, 110.94, 110.95, 110.94, 110.94, 281604, 312.42, 201, 196166, 69.66
GROWWLOVOL, EQ, 29-Sep-2026, 10.00, 10.00, 10.16, 9.85, 9.87, 9.89, 9.96, 14447, 1.44, 135, 10956, 75.84
GROWWMC150, EQ, 29-Sep-2026, 222.81, 220.93, 225.48, 216.10, 225.48, 222.58, 220.95, 436, 0.96, 47, 414, 94.95
GROWWMETAL, EQ, 29-Sep-2026, 12.25, 12.05, 12.50, 12.05, 12.33, 12.26, 12.22, 168540, 20.60, 1081, 81068, 48.10
GROWWMOM50, EQ, 29-Sep-2026, 10.63, 10.74, 10.74, 10.50, 10.64, 10.60, 10.57, 131746, 13.93, 597, 72922, 55.35
GROWWN200, EQ, 29-Sep-2026, 10.82, 10.79, 10.99, 10.57, 10.58, 10.61, 10.66, 60712, 6.47, 313, 35782, 58.94
GROWWNET, EQ, 29-Sep-2026, 10.15, 10.00, 10.34, 9.89, 10.30, 10.21, 10.11, 945445, 95.56, 669, 851724, 90.09
GROWWNIFTY, EQ, 29-Sep-2026, 9.24, 9.39, 9.39, 9.15, 9.32, 9.25, 9.20, 861131, 79.24, 3540, 671089, 77.93
GROWWNXT50, EQ, 29-Sep-2026, 70.83, 70.68, 70.70, 69.75, 70.25, 70.40, 70.34, 5506, 3.87, 95, 2067, 37.54
GROWWPOWER, EQ, 29-Sep-2026, 10.84, 10.85, 11.01, 10.70, 10.96, 10.90, 10.81, 1594097, 172.30, 2617, 844902, 53.00
GROWWPSE, EQ, 29-Sep-2026, 95.15, 96.48, 96.48, 93.37, 95.80, 95.16, 94.46, 3070, 2.90, 121, 2677, 87.20
GROWWPSUBK, EQ, 29-Sep-2026, 81.40, 82.28, 82.89, 79.43, 82.89, 80.87, 80.26, 3090, 2.48, 136, 2874, 93.01
GROWWRAIL, EQ, 29-Sep-2026, 26.33, 26.02, 26.45, 25.90, 26.35, 26.23, 26.10, 748444, 195.38, 3806, 410381, 54.83
GROWWRLTY, EQ, 29-Sep-2026, 9.57, 9.54, 9.80, 9.31, 9.39, 9.36, 9.45, 161501, 15.26, 759, 91101, 56.41
GROWWSC250, EQ, 29-Sep-2026, 10.32, 10.12, 10.43, 10.12, 10.31, 10.30, 10.27, 99403, 10.21, 555, 64154, 64.54
GROWWSLVR, EQ, 29-Sep-2026, 21.56, 21.59, 21.66, 21.36, 21.46, 21.44, 21.45, 1330369, 285.41, 2486, 473620, 35.60
GRPLTD, EQ, 29-Sep-2026, 1950.40, 1949.20, 1952.00, 1890.00, 1900.00, 1899.40, 1907.30, 2313, 44.12, 389, 2065, 89.28
GRSE, EQ, 29-Sep-2026, 2245.30, 2234.00, 2242.70, 2191.90, 2205.00, 2206.10, 2210.50, 428953, 9482.01, 39095, 152354, 35.52
GRWRHITECH, EQ, 29-Sep-2026, 6653.50, 6665.50, 7048.00, 6555.00, 7000.00, 7016.50, 6899.26, 70353, 4853.84, 16291, 35287, 50.16
GSEC10ABSL, EQ, 29-Sep-2026, 111.87, 111.92, 111.92, 111.92, 111.92, 111.92, 111.92, 1, 0.00, 1, 1, 100.00
GSEC10ADD, EQ, 29-Sep-2026, 26.77, 26.54, 26.54, 26.54, 26.54, 26.54, 26.54, 1, 0.00, 1, 1, 100.00
GSEC10IETF, EQ, 29-Sep-2026, 262.05, 262.12, 262.12, 262.12, 262.12, 262.12, 262.12, 16, 0.04, 2, 16, 100.00
GSEC10YEAR, EQ, 29-Sep-2026, 30.10, 30.10, 30.10, 29.75, 29.81, 29.81, 29.86, 5045, 1.51, 23, 4938, 97.88
GSEC5IETF, EQ, 29-Sep-2026, 65.97, 66.29, 66.29, 65.80, 66.20, 65.92, 65.95, 20021, 13.20, 41, 10773, 53.81
GSFC, EQ, 29-Sep-2026, 153.04, 153.04, 153.12, 151.00, 151.35, 151.65, 151.98, 493454, 749.97, 7330, 252657, 51.20
GSLSU, EQ, 29-Sep-2026, 30.07, 30.05, 31.56, 29.12, 30.55, 30.74, 30.17, 37143, 11.21, 651, 12715, 34.23
GSMFOILS, SM, 29-Sep-2026, 81.40, 82.40, 83.45, 77.50, 78.60, 78.10, 79.93, 164500, 131.49, 226, 90500, 55.02
GSPCROP, EQ, 29-Sep-2026, 483.10, 480.05, 498.45, 467.00, 469.50, 469.45, 485.87, 307995, 1496.44, 6210, 46610, 15.13
GSS, EQ, 29-Sep-2026, 10.26, 10.79, 10.79, 10.08, 10.33, 10.25, 10.27, 24185, 2.48, 235, 15181, 62.77
GTECJAINX, EQ, 29-Sep-2026, 26.97, 29.66, 29.66, 29.66, 29.66, 29.66, 29.66, 14074, 4.17, 39, 14073, 99.99
GTL, EQ, 29-Sep-2026, 6.94, 6.98, 7.00, 6.65, 6.78, 6.75, 6.77, 238653, 16.16, 745, 175747, 73.64
GTLINFRA, EQ, 29-Sep-2026, 1.09, 1.10, 1.10, 1.07, 1.08, 1.08, 1.09, 31011505, 336.90, 10908, 14362693, 46.31
GTPL, EQ, 29-Sep-2026, 54.86, 54.89, 55.88, 53.75, 53.77, 54.11, 54.58, 13819, 7.54, 376, 9163, 66.31
GUFICBIO, EQ, 29-Sep-2026, 420.40, 421.00, 445.00, 416.35, 431.55, 436.50, 434.43, 146625, 636.98, 7186, 67922, 46.32
GUJALKALI, EQ, 29-Sep-2026, 606.20, 606.40, 645.00, 604.70, 623.35, 627.15, 627.54, 251288, 1576.94, 12583, 74241, 29.54
GUJAPOLLO, EQ, 29-Sep-2026, 341.45, 342.40, 343.70, 329.00, 330.25, 330.65, 334.34, 11411, 38.15, 750, 8214, 71.98
GUJENERGY, EQ, 29-Sep-2026, 235.07, 234.99, 241.02, 229.40, 236.00, 236.61, 235.37, 2304043, 5423.03, 46005, 1185475, 51.45
GUJRAFFIA, EQ, 29-Sep-2026, 40.44, 39.00, 40.40, 39.00, 40.00, 40.21, 39.87, 565, 0.23, 17, 516, 91.33
GUJTHEM, EQ, 29-Sep-2026, 397.55, 395.40, 410.00, 392.60, 404.00, 406.50, 403.75, 166047, 670.41, 7595, 67909, 40.90
GULFOILLUB, EQ, 29-Sep-2026, 1110.50, 1110.50, 1118.30, 1088.20, 1101.00, 1105.80, 1104.10, 29989, 331.11, 4781, 13853, 46.19
GULFPETRO, BE, 29-Sep-2026, 61.14, 60.80, 62.29, 58.99, 60.45, 60.51, 60.02, 43242, 25.95, 269, -, -
GULPOLY, EQ, 29-Sep-2026, 166.05, 165.40, 166.94, 162.00, 166.80, 165.15, 164.51, 70194, 115.48, 2333, 35207, 50.16
GVKPIL, BE, 29-Sep-2026, 2.66, 2.68, 2.69, 2.61, 2.61, 2.61, 2.63, 786998, 20.67, 927, -, -
GVPIL, EQ, 29-Sep-2026, 651.40, 656.95, 683.95, 645.05, 683.95, 683.95, 671.40, 143048, 960.43, 5695, 81610, 57.05
GVPTECH, BE, 29-Sep-2026, 7.63, 7.80, 7.89, 7.25, 7.72, 7.73, 7.60, 31649, 2.41, 116, -, -
GVT&D, EQ, 29-Sep-2026, 4203.00, 4198.80, 4229.00, 4110.90, 4130.30, 4130.30, 4157.85, 903170, 37552.47, 78922, 500854, 55.46
GYFTR, EQ, 29-Sep-2026, 162.25, 159.68, 164.59, 153.41, 158.00, 156.36, 159.95, 257670, 412.15, 6185, 30673, 11.90
HAL, EQ, 29-Sep-2026, 4738.00, 4723.00, 4723.10, 4549.30, 4549.30, 4549.30, 4640.39, 1096291, 50872.14, 48346, 770580, 70.29
HALDER, EQ, 29-Sep-2026, 247.15, 248.40, 248.40, 237.05, 239.00, 241.00, 241.98, 26808, 64.87, 250, 4991, 18.62
HALDYNGL, EQ, 29-Sep-2026, 152.35, 151.87, 155.95, 150.00, 155.60, 154.15, 154.25, 85821, 132.38, 1018, 51705, 60.25
HALEOSLABS, EQ, 29-Sep-2026, 1513.50, 1495.50, 1499.90, 1485.80, 1486.00, 1487.90, 1491.60, 234, 3.49, 58, 163, 69.66
HAMPTON, EQ, 29-Sep-2026, 7.90, 8.17, 8.17, 7.80, 7.90, 8.00, 7.92, 11667, 0.92, 112, 11336, 97.16
HAPPSTMNDS, EQ, 29-Sep-2026, 307.15, 306.90, 311.40, 303.30, 308.05, 308.70, 306.77, 544433, 1670.18, 13573, 209450, 38.47
HAPPY, SM, 29-Sep-2026, 76.20, 76.00, 77.00, 74.10, 74.70, 74.70, 74.96, 28000, 20.99, 14, 16000, 57.14
HAPPYFORGE, EQ, 29-Sep-2026, 1996.70, 1995.20, 2096.50, 1961.00, 2062.60, 2074.80, 2084.31, 193351, 4030.03, 11747, 130590, 67.54
HARDWYN, EQ, 29-Sep-2026, 9.23, 9.26, 9.43, 9.18, 9.25, 9.26, 9.25, 220896, 20.42, 487, 114181, 51.69
HARIOMPIPE, EQ, 29-Sep-2026, 342.10, 342.10, 351.65, 335.40, 342.30, 345.10, 343.81, 89236, 306.80, 5631, 39655, 44.44
HARRMALAYA, EQ, 29-Sep-2026, 167.90, 171.70, 178.44, 165.55, 173.99, 175.61, 171.78, 22733, 39.05, 670, 14648, 64.43
HARSHA, EQ, 29-Sep-2026, 465.55, 468.00, 469.70, 455.00, 466.00, 465.05, 464.39, 89042, 413.50, 3642, 45686, 51.31
HATHWAY, EQ, 29-Sep-2026, 9.37, 9.35, 10.88, 9.21, 9.55, 9.49, 9.36, 2799216, 262.06, 3491, 789279, 28.20
HATSUN, EQ, 29-Sep-2026, 1119.40, 1119.40, 1130.00, 1093.00, 1110.00, 1099.70, 1106.27, 28612, 316.53, 4590, 14221, 49.70
HAVELLS, EQ, 29-Sep-2026, 1085.00, 1080.60, 1081.50, 1043.30, 1043.30, 1043.30, 1060.27, 1014330, 10754.60, 39622, 530909, 52.34
HAVISHA, EQ, 29-Sep-2026, 1.38, 1.44, 1.44, 1.29, 1.33, 1.32, 1.32, 134689, 1.78, 176, 78860, 58.55
HAWKINCOOK, EQ, 29-Sep-2026, 8082.50, 8085.00, 8085.00, 7851.00, 7900.00, 7904.00, 7940.70, 3390, 269.19, 1308, 2017, 59.50
HAZOOR, EQ, 29-Sep-2026, 18.98, 19.04, 19.48, 18.65, 18.75, 18.83, 19.03, 240792, 45.81, 1024, 69731, 28.96
HBESD, EQ, 29-Sep-2026, 71.50, 75.00, 75.90, 69.02, 74.53, 73.98, 74.11, 3398, 2.52, 119, 2313, 68.07
HBLENGINE, EQ, 29-Sep-2026, 785.65, 784.00, 811.60, 773.65, 809.00, 808.30, 796.99, 2224069, 17725.69, 60936, 743387, 33.42
HBPOR, EQ, 29-Sep-2026, 59.75, 60.00, 60.65, 59.99, 60.30, 60.39, 60.40, 634, 0.38, 19, 632, 99.68
HBSL, EQ, 29-Sep-2026, 55.80, 55.00, 56.55, 55.00, 55.25, 55.28, 55.78, 5510, 3.07, 328, 5232, 94.95
HCC, EQ, 29-Sep-2026, 20.55, 20.50, 20.97, 20.17, 20.69, 20.71, 20.60, 12456726, 2565.53, 27114, 4509584, 36.20
HCG, EQ, 29-Sep-2026, 691.20, 695.45, 708.00, 684.00, 707.00, 703.60, 698.61, 113331, 791.74, 9298, 71762, 63.32
HCL-INSYS, EQ, 29-Sep-2026, 10.05, 10.39, 10.39, 10.02, 10.23, 10.11, 10.14, 112671, 11.42, 699, 76153, 67.59
HCLTECH, EQ, 29-Sep-2026, 1252.60, 1252.60, 1261.00, 1222.00, 1222.00, 1222.00, 1228.56, 5604932, 68860.15, 97693, 3919100, 69.92
HDBFS, EQ, 29-Sep-2026, 637.40, 636.00, 640.90, 626.45, 629.65, 630.90, 634.98, 234737, 1490.52, 23822, 121426, 51.73
HDFCAMC, EQ, 29-Sep-2026, 2302.30, 2286.10, 2303.00, 2223.30, 2223.30, 2223.30, 2267.37, 1311015, 29725.58, 76187, 895472, 68.30
HDFCBANK, EQ, 29-Sep-2026, 719.05, 713.70, 722.70, 706.25, 722.70, 722.70, 714.02, 42755901, 305285.95, 367801, 27394310, 64.07
HDFCBSE500, EQ, 29-Sep-2026, 35.78, 35.79, 35.95, 35.37, 35.77, 35.75, 35.68, 757606, 270.33, 253, 717248, 94.67
HDFCGOLD, EQ, 29-Sep-2026, 125.41, 125.15, 125.15, 123.90, 124.90, 124.76, 124.64, 8470158, 10557.47, 12403, 6190686, 73.09
HDFCGROWTH, EQ, 29-Sep-2026, 113.62, 113.62, 114.18, 111.40, 111.80, 111.63, 111.73, 10750, 12.01, 353, 6096, 56.71
HDFCLIFE, EQ, 29-Sep-2026, 531.60, 526.20, 528.35, 518.60, 523.55, 523.55, 522.94, 7693601, 40233.06, 63711, 5047562, 65.61
HDFCLIQUID, EQ, 29-Sep-2026, 1079.76, 1080.86, 1080.86, 1075.75, 1079.90, 1079.90, 1079.87, 17322, 187.05, 50, 15338, 88.55
HDFCLOWVOL, EQ, 29-Sep-2026, 19.63, 19.48, 19.99, 19.37, 19.58, 19.73, 19.54, 5222, 1.02, 73, 3699, 70.83
HDFCMID150, EQ, 29-Sep-2026, 22.40, 22.60, 22.60, 22.06, 22.20, 22.23, 22.21, 875335, 194.39, 2055, 506962, 57.92
HDFCMOMENT, EQ, 29-Sep-2026, 29.84, 29.85, 30.11, 29.68, 30.11, 29.97, 29.83, 187750, 56.01, 1185, 82255, 43.81
HDFCNEXT50, EQ, 29-Sep-2026, 72.01, 73.20, 73.20, 71.22, 71.99, 71.63, 71.52, 94864, 67.84, 979, 49933, 52.64
HDFCNIF100, EQ, 29-Sep-2026, 24.80, 25.30, 25.30, 24.53, 24.75, 24.57, 24.62, 178496, 43.94, 481, 110985, 62.18
HDFCNIFBAN, EQ, 29-Sep-2026, 56.17, 56.03, 56.25, 55.41, 56.08, 56.09, 55.72, 359708, 200.43, 1168, 312438, 86.86
HDFCNIFIT, EQ, 29-Sep-2026, 30.01, 30.61, 30.61, 29.45, 29.74, 29.62, 29.74, 64691, 19.24, 523, 33714, 52.12
HDFCNIFTY, EQ, 29-Sep-2026, 257.58, 264.01, 264.01, 255.05, 256.90, 256.61, 255.77, 518570, 1326.34, 1746, 441476, 85.13
HDFCNIMEG, EQ, 29-Sep-2026, 128.86, 128.86, 134.00, 127.50, 129.92, 129.53, 128.65, 2349, 3.02, 75, 1656, 70.50
HDFCPSUBK, EQ, 29-Sep-2026, 81.23, 81.01, 82.37, 80.26, 80.98, 81.41, 80.74, 38507, 31.09, 377, 20725, 53.82
HDFCPVTBAN, EQ, 29-Sep-2026, 27.09, 27.09, 27.09, 26.67, 27.00, 26.93, 26.80, 309934, 83.05, 562, 242973, 78.40
HDFCQUAL, EQ, 29-Sep-2026, 56.22, 55.94, 56.02, 55.42, 55.79, 55.66, 55.68, 10597, 5.90, 149, 5613, 52.97
HDFCSENSEX, EQ, 29-Sep-2026, 82.95, 84.20, 85.02, 82.00, 82.69, 82.73, 82.36, 118759, 97.81, 1217, 53941, 45.42
HDFCSILVER, EQ, 29-Sep-2026, 210.33, 209.78, 210.14, 208.20, 209.21, 209.02, 209.07, 2243596, 4690.76, 13419, 1103838, 49.20
HDFCSML250, EQ, 29-Sep-2026, 180.50, 179.91, 182.46, 178.10, 180.09, 181.07, 180.14, 1732641, 3121.16, 16875, 894883, 51.65
HDFCVALUE, EQ, 29-Sep-2026, 119.18, 120.57, 120.97, 117.45, 118.70, 118.43, 118.31, 15786, 18.68, 212, 8844, 56.02
HDIL, BZ, 29-Sep-2026, 1.47, 1.41, 1.49, 1.40, 1.47, 1.46, 1.45, 104327, 1.51, 203, -, -
HEADSUP, EQ, 29-Sep-2026, 6.61, 6.50, 6.95, 6.27, 6.64, 6.45, 6.41, 18622, 1.19, 121, 17478, 93.86
HEALTHADD, EQ, 29-Sep-2026, 16.74, 16.99, 16.99, 16.59, 16.82, 16.81, 16.69, 11644, 1.94, 203, 7699, 66.12
HEALTHAXIS, EQ, 29-Sep-2026, 168.19, 169.50, 169.50, 168.02, 168.20, 168.43, 168.42, 13386, 22.54, 68, 11434, 85.42
HEALTHCARE, EQ, 29-Sep-2026, 21.63, 21.71, 21.81, 21.60, 21.68, 21.71, 21.70, 24708, 5.36, 186, 15643, 63.31
HEALTHIETF, EQ, 29-Sep-2026, 169.72, 171.41, 171.41, 169.00, 170.00, 169.98, 169.92, 130367, 221.52, 2270, 65753, 50.44
HEALTHX, EQ, 29-Sep-2026, 285.15, 287.00, 291.00, 275.00, 291.00, 285.05, 280.63, 19728, 55.36, 665, 12984, 65.82
HEALTHY, EQ, 29-Sep-2026, 17.03, 17.03, 17.25, 16.95, 17.25, 17.14, 17.11, 279445, 47.82, 965, 173931, 62.24
HECPROJECT, EQ, 29-Sep-2026, 112.86, 112.55, 116.00, 110.50, 112.60, 114.82, 112.97, 7066, 7.98, 146, 4160, 58.87
HEGAM, EQ, 29-Sep-2026, 240.00, 241.75, 242.00, 235.25, 238.95, 238.25, 238.40, 663791, 1582.47, 14632, 272825, 41.10
HEIDELBERG, EQ, 29-Sep-2026, 131.45, 131.45, 131.91, 129.01, 130.40, 130.29, 130.18, 194472, 253.16, 3292, 106289, 54.66
HEMIPROP, EQ, 29-Sep-2026, 115.95, 115.90, 115.95, 113.11, 115.20, 114.94, 114.51, 747785, 856.32, 7954, 306793, 41.03
HERANBA, EQ, 29-Sep-2026, 179.94, 180.05, 182.82, 176.10, 180.51, 178.57, 179.14, 89075, 159.57, 2868, 29380, 32.98
HERITGFOOD, EQ, 29-Sep-2026, 402.05, 400.15, 406.55, 397.20, 400.00, 401.20, 402.76, 206267, 830.76, 8403, 72246, 35.03
HEROMOTOCO, EQ, 29-Sep-2026, 5390.00, 5375.00, 5384.00, 5208.00, 5208.00, 5208.00, 5316.99, 681672, 36244.41, 67374, 435745, 63.92
HEROMOTORS, EQ, 29-Sep-2026, 135.06, 137.48, 140.78, 132.62, 138.80, 138.71, 137.72, 92851990, 127872.23, 515114, 9557417, 10.29
HESTERBIO, EQ, 29-Sep-2026, 2147.30, 2156.60, 2192.90, 2125.20, 2150.00, 2165.00, 2155.29, 3358, 72.37, 648, 1170, 34.84
HEXAGON, BE, 29-Sep-2026, 64.35, 64.67, 65.58, 64.00, 65.15, 65.34, 64.80, 75687, 49.04, 389, -, -
HEXATRADEX, EQ, 29-Sep-2026, 155.00, 155.16, 158.68, 155.10, 156.54, 155.30, 155.52, 5566, 8.66, 79, 5247, 94.27
HEXT, EQ, 29-Sep-2026, 489.25, 488.90, 493.85, 476.25, 482.80, 482.10, 481.42, 152135, 732.42, 15938, 90464, 59.46
HFCL, BE, 29-Sep-2026, 205.92, 203.50, 216.21, 199.00, 216.21, 216.21, 211.79, 6086773, 12891.29, 25806, -, -
HGINFRA, EQ, 29-Sep-2026, 444.55, 444.00, 448.00, 435.00, 437.70, 438.25, 439.82, 173913, 764.91, 8882, 62950, 36.20
HGM, EQ, 29-Sep-2026, 41.25, 42.14, 43.50, 40.31, 42.03, 42.85, 41.93, 1914, 0.80, 53, 1522, 79.52
HGS, EQ, 29-Sep-2026, 372.35, 368.10, 373.40, 363.65, 365.60, 366.05, 367.77, 8101, 29.79, 1052, 5124, 63.25
HIGREEN, SM, 29-Sep-2026, 113.95, 114.05, 124.95, 113.05, 122.55, 122.85, 120.59, 28000, 33.77, 34, 20800, 74.29
HIKAL, EQ, 29-Sep-2026, 208.80, 208.90, 219.50, 207.21, 218.50, 218.05, 214.97, 740019, 1590.79, 13888, 205420, 27.76
HILINFRA, EQ, 29-Sep-2026, 42.61, 42.75, 43.55, 41.55, 43.34, 43.26, 42.60, 80120, 34.13, 804, 58086, 72.50
HILTON, EQ, 29-Sep-2026, 16.78, 16.56, 17.28, 16.26, 16.35, 16.45, 16.66, 183520, 30.58, 517, 139014, 75.75
HIMATSEIDE, EQ, 29-Sep-2026, 66.13, 65.90, 66.05, 64.51, 64.99, 64.90, 65.19, 312472, 203.72, 4234, 155399, 49.73
HINDADH, EQ, 29-Sep-2026, 384.45, 394.95, 394.95, 377.55, 382.00, 385.25, 385.10, 578, 2.23, 58, 443, 76.64
HINDALCO, EQ, 29-Sep-2026, 955.90, 955.90, 963.50, 947.10, 955.20, 955.20, 954.74, 5092531, 48620.27, 96565, 3280214, 64.41
HINDALUMI, EQ, 29-Sep-2026, 91.43, 93.00, 93.00, 88.00, 91.99, 90.15, 90.53, 2229, 2.02, 139, 1615, 72.45
HINDCOMPOS, EQ, 29-Sep-2026, 379.20, 380.10, 387.60, 370.20, 383.15, 377.50, 376.36, 2145, 8.07, 142, 1636, 76.27
HINDCON, EQ, 29-Sep-2026, 30.36, 33.39, 33.39, 32.40, 33.39, 33.39, 33.39, 210313, 70.22, 708, 178818, 85.02
HINDCOPPER, EQ, 29-Sep-2026, 479.60, 475.55, 479.95, 470.00, 474.95, 474.35, 474.62, 9198111, 43656.12, 123588, 5047978, 54.88
HINDOILEXP, EQ, 29-Sep-2026, 172.98, 173.35, 177.00, 171.55, 173.60, 173.91, 174.36, 394733, 688.25, 8675, 152227, 38.56
HINDPETRO, EQ, 29-Sep-2026, 342.45, 340.70, 349.35, 337.20, 349.20, 349.20, 344.54, 4074720, 14038.95, 79595, 2022024, 49.62
HINDUNILVR, EQ, 29-Sep-2026, 1896.00, 1896.00, 1898.90, 1863.80, 1863.80, 1863.80, 1872.30, 2057852, 38529.26, 80418, 1360824, 66.13
HINDWAREAP, EQ, 29-Sep-2026, 170.34, 170.34, 171.50, 165.00, 171.50, 170.20, 169.10, 88868, 150.27, 3920, 50751, 57.11
HINDZINC, EQ, 29-Sep-2026, 573.00, 569.00, 576.55, 563.20, 563.30, 563.30, 568.96, 4801573, 27319.21, 57875, 2807869, 58.48
HIRECT, EQ, 29-Sep-2026, 1179.40, 1182.00, 1189.50, 1150.70, 1174.90, 1171.40, 1167.94, 26079, 304.59, 3333, 13155, 50.44
HISARMETAL, EQ, 29-Sep-2026, 151.96, 151.97, 154.00, 149.20, 150.51, 151.39, 150.72, 774, 1.17, 34, 642, 82.95
HITECH, EQ, 29-Sep-2026, 73.34, 73.25, 73.95, 70.74, 72.50, 73.19, 72.32, 540643, 390.98, 6061, 190638, 35.26
HITECHCORP, BE, 29-Sep-2026, 341.45, 343.50, 343.50, 332.65, 343.00, 342.45, 340.28, 7424, 25.26, 76, -, -
HITECHGEAR, BE, 29-Sep-2026, 648.85, 680.90, 680.90, 616.45, 640.00, 625.50, 638.59, 5172, 33.03, 147, -, -
HLEGLAS, EQ, 29-Sep-2026, 419.35, 419.05, 436.95, 406.20, 434.00, 434.65, 428.05, 256043, 1096.00, 6856, 140940, 55.05
HLVLTD, EQ, 29-Sep-2026, 6.37, 6.33, 6.50, 6.31, 6.34, 6.39, 6.39, 64436, 4.11, 420, 51414, 79.79
HMAAGRO, EQ, 29-Sep-2026, 24.02, 24.02, 24.02, 23.43, 23.75, 23.80, 23.75, 614209, 145.85, 2327, 282329, 45.97
HMT, BZ, 29-Sep-2026, 59.04, 59.60, 60.00, 58.02, 59.98, 59.98, 59.26, 10311, 6.11, 96, -, -
HMVL, BE, 29-Sep-2026, 68.96, 68.99, 72.40, 68.11, 72.40, 72.40, 71.60, 27513, 19.70, 135, -, -
HNDFDS, EQ, 29-Sep-2026, 602.15, 602.15, 604.80, 577.00, 600.00, 596.85, 587.91, 168762, 992.17, 8240, 117111, 69.39
HNGSNGBEES, EQ, 29-Sep-2026, 456.22, 467.62, 467.62, 450.80, 453.94, 452.96, 453.64, 127847, 579.97, 4331, 94030, 73.55
HOACFOODS, ST, 29-Sep-2026, 875.75, 893.25, 893.25, 893.25, 893.25, 893.25, 893.25, 375, 3.35, 1, 375, 100.00
HOLMARC, SM, 29-Sep-2026, 125.00, 125.10, 125.10, 118.75, 118.75, 118.75, 120.49, 11250, 13.55, 14, 9750, 86.67
HOMEFIRST, EQ, 29-Sep-2026, 1094.00, 1094.00, 1109.20, 1057.20, 1095.00, 1094.40, 1095.23, 190918, 2091.00, 20808, 103895, 54.42
HONASA, EQ, 29-Sep-2026, 466.05, 454.00, 457.05, 439.30, 440.50, 441.65, 449.96, 20795107, 93569.40, 88358, 13906743, 66.88
HONAUT, EQ, 29-Sep-2026, 33855.00, 33660.00, 35470.00, 33505.00, 33870.00, 33980.00, 33952.79, 27480, 9330.23, 12156, 16820, 61.21
HONDAPOWER, EQ, 29-Sep-2026, 1862.80, 1884.70, 1910.00, 1828.10, 1871.10, 1886.00, 1858.68, 3476, 64.61, 727, 1917, 55.15
HORIZONIND, EQ, 29-Sep-2026, 51.79, 51.69, 52.15, 50.61, 51.00, 51.02, 51.34, 2934473, 1506.66, 31516, 1900720, 64.77
HPAL, EQ, 29-Sep-2026, 34.77, 34.50, 35.99, 34.10, 34.36, 34.44, 34.59, 35257, 12.19, 525, 27653, 78.43
HPIL, EQ, 29-Sep-2026, 115.40, 117.00, 117.00, 114.20, 114.89, 115.37, 115.85, 363, 0.42, 31, 274, 75.48
HPL, EQ, 29-Sep-2026, 270.95, 272.80, 273.65, 266.65, 268.05, 270.15, 269.93, 86592, 233.74, 3584, 42328, 48.88
HPTL, ST, 29-Sep-2026, 450.90, 450.00, 450.00, 443.00, 443.00, 443.00, 446.50, 1200, 5.36, 2, 1200, 100.00
HRHNEXT, SM, 29-Sep-2026, 23.10, 22.05, 24.20, 22.05, 24.15, 24.15, 22.91, 15000, 3.44, 10, 12000, 80.00
HRYNSHP, EQ, 29-Sep-2026, 96.01, 96.10, 99.00, 96.01, 96.01, 96.01, 96.39, 460, 0.44, 30, 387, 84.13
HSBCGOLD, EQ, 29-Sep-2026, 127.28, 128.80, 134.80, 126.14, 133.56, 129.08, 127.08, 256143, 325.50, 97, 233970, 91.34
HSCL, EQ, 29-Sep-2026, 669.95, 666.90, 676.60, 663.40, 667.00, 667.60, 671.13, 1686772, 11320.40, 31221, 697343, 41.34
HTEL, EQ, 29-Sep-2026, 65.64, 65.41, 70.39, 65.01, 69.30, 69.52, 68.45, 2012461, 1377.47, 19178, 749128, 37.22
HTMEDIA, EQ, 29-Sep-2026, 23.10, 23.10, 23.60, 22.52, 23.60, 23.46, 23.15, 61616, 14.26, 515, 36230, 58.80
HUBTOWN, EQ, 29-Sep-2026, 167.87, 168.00, 169.60, 165.55, 165.55, 166.41, 166.35, 253127, 421.07, 2598, 161663, 63.87
HUDCO, EQ, 29-Sep-2026, 168.66, 168.00, 169.70, 164.00, 165.65, 165.57, 165.89, 3647277, 6050.41, 40113, 1957201, 53.66
HUHTAMAKI, EQ, 29-Sep-2026, 234.20, 238.85, 238.95, 231.10, 235.80, 235.70, 234.95, 78853, 185.27, 3865, 36244, 45.96
HVAX, SM, 29-Sep-2026, 700.65, 732.00, 732.00, 672.00, 709.90, 709.90, 696.83, 1800, 12.54, 11, 1650, 91.67
HYBRIDETF, EQ, 29-Sep-2026, 9.80, 9.82, 9.84, 9.80, 9.84, 9.84, 9.81, 10486, 1.03, 42, 10324, 98.46
HYBRIDFIN, EQ, 29-Sep-2026, 17.36, 18.00, 18.00, 16.70, 17.98, 17.82, 17.62, 12018, 2.12, 78, 10163, 84.56
HYUNDAI, EQ, 29-Sep-2026, 2050.70, 2051.10, 2100.00, 2009.60, 2100.00, 2100.00, 2052.98, 763311, 15670.62, 35218, 377252, 49.42
IBLFL, SM, 29-Sep-2026, 61.00, 61.00, 61.00, 61.00, 61.00, 61.00, 61.00, 4000, 2.44, 2, 4000, 100.00
IBULLSLTD, EQ, 29-Sep-2026, 28.90, 28.80, 30.19, 28.45, 30.02, 29.93, 29.75, 12006735, 3572.11, 18620, 6745537, 56.18
ICDSLTD, BE, 29-Sep-2026, 54.15, 54.42, 54.42, 51.45, 51.45, 51.45, 51.50, 1104, 0.57, 31, -, -
ICELCO, SM, 29-Sep-2026, 128.25, 128.00, 132.30, 125.00, 125.00, 128.85, 128.79, 21600, 27.82, 12, 15600, 72.22
ICEMAKE, EQ, 29-Sep-2026, 648.75, 648.00, 648.00, 632.65, 635.00, 634.00, 638.34, 42018, 268.22, 2189, 30032, 71.47
ICICIAMC, EQ, 29-Sep-2026, 3214.50, 3220.00, 3265.00, 3167.00, 3237.00, 3233.00, 3204.43, 769671, 24663.57, 50482, 587831, 76.37
ICICIB22, EQ, 29-Sep-2026, 110.69, 111.90, 111.90, 109.31, 110.20, 110.35, 110.04, 160744, 176.88, 3020, 90338, 56.20
ICICIBANK, EQ, 29-Sep-2026, 1302.00, 1295.70, 1304.80, 1291.00, 1292.20, 1292.20, 1296.07, 14811396, 191965.51, 223405, 10452543, 70.57
ICICIGI, EQ, 29-Sep-2026, 1540.00, 1532.00, 1550.00, 1498.20, 1515.00, 1515.00, 1512.38, 756660, 11443.54, 38508, 429986, 56.83
ICICIPRULI, EQ, 29-Sep-2026, 458.70, 452.05, 455.45, 442.95, 444.55, 444.55, 448.70, 2919254, 13098.73, 88308, 1300279, 44.54
ICIL, EQ, 29-Sep-2026, 440.20, 439.90, 448.55, 433.00, 433.00, 434.95, 437.97, 420236, 1840.49, 19127, 185672, 44.18
ICRA, EQ, 29-Sep-2026, 4310.40, 4311.00, 4373.90, 4274.00, 4276.00, 4297.90, 4305.31, 14911, 641.96, 3110, 7351, 49.30
IDBI, EQ, 29-Sep-2026, 84.39, 83.90, 84.90, 82.60, 83.55, 83.32, 83.60, 7662555, 6406.11, 29865, 3057249, 39.90
IDEA, EQ, 29-Sep-2026, 13.47, 13.60, 13.68, 13.26, 13.56, 13.56, 13.48, 1150179404, 155022.39, 670939, 663435062, 57.68
IDEAFORGE, EQ, 29-Sep-2026, 716.40, 716.90, 724.00, 707.00, 724.00, 719.70, 716.66, 117154, 839.59, 8399, 61335, 52.35
IDFCFIRSTB, EQ, 29-Sep-2026, 80.55, 80.40, 80.63, 78.60, 79.46, 79.46, 79.89, 36206575, 28925.03, 79319, 21054689, 58.15
IDFNIFTYET, EQ, 29-Sep-2026, 252.64, 253.90, 255.00, 249.25, 255.00, 250.81, 250.61, 1985, 4.97, 62, 1550, 78.09
IEML, ST, 29-Sep-2026, 53.60, 55.50, 55.50, 50.95, 50.95, 50.95, 51.96, 48000, 24.94, 60, 36500, 76.04
IEX, EQ, 29-Sep-2026, 111.35, 111.35, 111.40, 106.35, 106.39, 106.39, 108.26, 7359823, 7967.47, 61589, 3756042, 51.03
IFBAGRO, EQ, 29-Sep-2026, 844.00, 844.00, 948.00, 844.00, 895.10, 905.45, 895.99, 12900, 115.58, 1176, 7525, 58.33
IFBIND, EQ, 29-Sep-2026, 1214.20, 1214.80, 1234.50, 1199.00, 1199.10, 1201.00, 1208.09, 40295, 486.80, 2977, 22620, 56.14
IFCI, EQ, 29-Sep-2026, 70.55, 70.06, 71.65, 69.53, 70.88, 70.97, 70.68, 38909344, 27500.08, 109229, 5485889, 14.10
IFGLEXPOR, EQ, 29-Sep-2026, 192.71, 194.10, 194.10, 186.91, 188.00, 189.61, 190.44, 25577, 48.71, 1324, 14106, 55.15
IGARASHI, EQ, 29-Sep-2026, 416.20, 414.90, 417.95, 406.30, 410.50, 411.55, 412.29, 50834, 209.58, 1819, 28727, 56.51
IGCL, EQ, 29-Sep-2026, 58.25, 59.10, 59.88, 56.50, 58.78, 57.15, 57.19, 70886, 40.54, 5000, 38341, 54.09
IGIL, EQ, 29-Sep-2026, 323.15, 321.55, 326.80, 317.70, 326.00, 324.30, 321.87, 607317, 1954.80, 17535, 361306, 59.49
IGL, EQ, 29-Sep-2026, 143.44, 143.50, 144.79, 139.20, 141.40, 142.02, 142.39, 3801920, 5413.56, 59352, 1811415, 47.64
IGPL, EQ, 29-Sep-2026, 581.55, 580.00, 591.90, 575.00, 584.05, 584.30, 583.32, 44273, 258.25, 2115, 20993, 47.42
IIFL, EQ, 29-Sep-2026, 598.15, 595.05, 614.05, 588.75, 605.90, 607.50, 603.62, 2559619, 15450.44, 92103, 1215500, 47.49
IIFLCAPS, EQ, 29-Sep-2026, 343.70, 343.55, 347.45, 343.55, 346.00, 344.95, 345.07, 460188, 1587.95, 11221, 242466, 52.69
IITL, EQ, 29-Sep-2026, 131.58, 132.85, 132.85, 123.85, 129.70, 125.64, 130.15, 111438, 145.04, 1487, 16956, 15.22
IKIO, EQ, 29-Sep-2026, 199.62, 199.40, 200.34, 194.31, 200.00, 197.30, 196.78, 153590, 302.24, 3590, 76336, 49.70
IKS, EQ, 29-Sep-2026, 1768.40, 1768.00, 1822.30, 1750.70, 1774.80, 1779.40, 1791.60, 203931, 3653.62, 28868, 99321, 48.70
IL&FSENGG, BZ, 29-Sep-2026, 38.55, 39.35, 39.35, 36.63, 37.05, 36.76, 36.82, 115599, 42.56, 118, -, -
IL&FSTRANS, BZ, 29-Sep-2026, 1.97, 2.02, 2.02, 1.88, 1.97, 1.90, 1.92, 84185, 1.61, 71, -, -
IMAGICAA, EQ, 29-Sep-2026, 51.29, 51.31, 54.30, 50.10, 50.60, 51.30, 51.87, 1504303, 780.26, 10330, 338620, 22.51
IMFA, EQ, 29-Sep-2026, 1207.80, 1202.00, 1226.40, 1184.10, 1217.00, 1206.50, 1210.42, 88124, 1066.67, 8447, 47916, 54.37
IMPAL, EQ, 29-Sep-2026, 1043.10, 1054.00, 1054.00, 1035.30, 1038.00, 1042.60, 1041.56, 1933, 20.13, 241, 1393, 72.06
IMPEXFERRO, BZ, 29-Sep-2026, 6.26, 6.38, 6.38, 6.38, 6.38, 6.38, 6.38, 59091, 3.77, 63, -, -
INA, EQ, 29-Sep-2026, 89.08, 89.00, 89.50, 87.10, 88.48, 87.63, 88.25, 318802, 281.33, 3141, 152872, 47.95
INCREDIBLE, EQ, 29-Sep-2026, 33.26, 32.60, 33.20, 31.55, 32.39, 31.60, 31.96, 3488, 1.11, 69, 2878, 82.51
INDBANK, EQ, 29-Sep-2026, 25.60, 25.60, 26.00, 24.21, 25.20, 25.06, 25.11, 25410, 6.38, 553, 17074, 67.19
INDGN, EQ, 29-Sep-2026, 613.30, 613.00, 627.00, 598.35, 604.00, 605.15, 612.07, 1828353, 11190.86, 62693, 999332, 54.66
INDHOTEL, EQ, 29-Sep-2026, 711.00, 709.00, 725.90, 704.60, 714.35, 714.35, 715.02, 26142773, 186925.66, 95515, 20196083, 77.25
INDIACEM, EQ, 29-Sep-2026, 312.40, 314.50, 314.55, 302.05, 303.00, 303.70, 305.79, 130348, 398.59, 10712, 66530, 51.04
INDIAGLYCO, EQ, 29-Sep-2026, 297.50, 301.50, 307.70, 292.60, 305.20, 304.50, 301.36, 501115, 1510.16, 16845, 161214, 32.17
INDIAMART, EQ, 29-Sep-2026, 1637.00, 1638.30, 1638.40, 1600.00, 1615.00, 1612.90, 1621.41, 69706, 1130.22, 9108, 45277, 64.95
INDIANB, EQ, 29-Sep-2026, 802.45, 802.50, 808.80, 794.75, 795.25, 795.25, 800.70, 1349036, 10801.74, 39698, 715365, 53.03
INDIANCARD, EQ, 29-Sep-2026, 189.69, 193.75, 193.75, 183.00, 183.55, 183.72, 184.25, 5044, 9.29, 289, 3826, 75.85
INDIANHUME, EQ, 29-Sep-2026, 350.35, 350.35, 358.00, 345.35, 354.05, 355.80, 351.98, 66941, 235.62, 2444, 37159, 55.51
INDIASHLTR, EQ, 29-Sep-2026, 647.30, 640.70, 646.95, 620.15, 643.50, 639.75, 635.42, 284396, 1807.12, 19558, 144768, 50.90
INDIFRA, SM, 29-Sep-2026, 12.85, 12.25, 12.25, 12.25, 12.25, 12.25, 12.25, 2000, 0.25, 1, 2000, 100.00
INDIGO, EQ, 29-Sep-2026, 4874.50, 4870.00, 4898.00, 4851.00, 4872.00, 4872.00, 4874.45, 409270, 19949.67, 40172, 231612, 56.59
INDIGOPNTS, EQ, 29-Sep-2026, 1110.00, 1110.60, 1115.50, 1072.50, 1085.00, 1078.90, 1085.90, 64558, 701.04, 9461, 29948, 46.39
INDIGRID, IV, 29-Sep-2026, 172.53, 172.99, 172.99, 171.52, 172.00, 172.10, 172.17, 478812, 824.37, 18287, 426324, 89.04
INDIQUBE, EQ, 29-Sep-2026, 199.44, 199.80, 199.80, 193.23, 196.98, 196.14, 196.26, 57862, 113.56, 1284, 39014, 67.43
INDNIPPON, EQ, 29-Sep-2026, 1290.60, 1295.10, 1311.60, 1226.00, 1246.00, 1244.80, 1258.56, 71735, 902.83, 7492, 33686, 46.96
INDOAMIN, EQ, 29-Sep-2026, 137.47, 140.00, 149.60, 137.65, 144.99, 145.45, 145.03, 626536, 908.66, 8450, 290855, 46.42
INDOBORAX, EQ, 29-Sep-2026, 477.55, 487.80, 497.50, 465.55, 488.40, 489.50, 483.25, 1031179, 4983.22, 28514, 159518, 15.47
INDOCO, EQ, 29-Sep-2026, 249.06, 249.80, 284.77, 249.20, 265.25, 269.15, 274.34, 19854651, 54469.37, 224875, 1172058, 5.90
INDOFARM, EQ, 29-Sep-2026, 134.27, 134.66, 136.00, 132.02, 133.02, 133.17, 133.55, 56934, 76.04, 1501, 30087, 52.85
INDOKEM, EQ, 29-Sep-2026, 609.00, 607.00, 626.35, 595.00, 615.00, 617.00, 608.16, 5978, 36.36, 414, 3803, 63.62
INDOMIM, EQ, 29-Sep-2026, 1227.60, 1230.00, 1288.90, 1210.00, 1250.00, 1248.15, 1251.82, 1464214, 18329.34, 56001, 714163, 48.77
INDORAMA, EQ, 29-Sep-2026, 100.80, 101.55, 104.45, 94.80, 104.00, 103.44, 100.63, 1899725, 1911.70, 22921, 464322, 24.44
INDOSTAR, EQ, 29-Sep-2026, 210.85, 208.00, 217.19, 208.00, 209.50, 209.04, 211.94, 139436, 295.52, 2794, 92216, 66.14
INDOTECH, EQ, 29-Sep-2026, 3133.70, 3225.00, 3270.00, 3079.90, 3154.50, 3186.20, 3172.68, 17139, 543.77, 3654, 7252, 42.31
INDOTHAI, EQ, 29-Sep-2026, 30.41, 30.03, 31.93, 29.00, 31.93, 31.93, 30.51, 1236632, 377.27, 4316, 607700, 49.14
INDOUS, EQ, 29-Sep-2026, 77.90, 77.47, 79.00, 77.00, 77.00, 77.42, 78.44, 3010, 2.36, 67, 2869, 95.32
INDOWIND, EQ, 29-Sep-2026, 8.64, 8.79, 8.92, 8.48, 8.89, 8.86, 8.72, 87824, 7.66, 686, 62529, 71.20
INDPRUD, EQ, 29-Sep-2026, 6092.50, 6100.00, 6450.00, 6100.00, 6449.50, 6358.00, 6326.71, 83, 5.25, 20, 81, 97.59
INDRAMEDCO, EQ, 29-Sep-2026, 360.00, 360.00, 363.15, 352.00, 355.10, 354.80, 355.61, 406266, 1444.71, 6658, 283619, 69.81
INDSWFTLAB, EQ, 29-Sep-2026, 408.10, 409.10, 417.25, 403.15, 414.55, 413.10, 410.31, 445415, 1827.57, 10189, 165313, 37.11
INDTERRAIN, EQ, 29-Sep-2026, 29.49, 29.60, 29.60, 29.02, 29.15, 29.30, 29.14, 14638, 4.27, 88, 12262, 83.77
INDUSINDBK, EQ, 29-Sep-2026, 909.70, 905.10, 908.10, 878.00, 878.00, 878.00, 892.31, 3205911, 28606.52, 55117, 2064779, 64.41
INDUSINVIT, IV, 29-Sep-2026, 130.55, 131.30, 132.57, 129.90, 131.48, 131.00, 131.34, 192902, 253.35, 6081, 140210, 72.68
INDUSTOWER, EQ, 29-Sep-2026, 360.00, 359.00, 373.05, 358.20, 367.55, 367.55, 368.53, 8836110, 32563.80, 74451, 4344795, 49.17
INFINIUM, SM, 29-Sep-2026, 268.50, 260.00, 266.50, 258.00, 266.50, 266.50, 261.16, 5000, 13.06, 10, 4500, 90.00
INFLUX, SM, 29-Sep-2026, 270.90, 269.90, 269.90, 250.00, 265.00, 262.90, 259.87, 81000, 210.49, 127, 55800, 68.89
INFOBEAN, EQ, 29-Sep-2026, 144.42, 144.00, 146.38, 142.25, 144.00, 143.78, 144.45, 135403, 195.59, 2580, 57692, 42.61
INFOLLION, SM, 29-Sep-2026, 152.00, 146.15, 154.95, 145.00, 152.55, 152.55, 150.03, 10400, 15.60, 21, 6800, 65.38
INFOMEDIA, EQ, 29-Sep-2026, 5.17, 5.19, 5.48, 5.06, 5.33, 5.19, 5.19, 8965, 0.47, 48, 7611, 84.90
INFRA, EQ, 29-Sep-2026, 11.50, 11.49, 11.52, 11.39, 11.46, 11.48, 11.46, 39577, 4.54, 185, 26915, 68.01
INFRABEES, EQ, 29-Sep-2026, 911.99, 911.99, 911.99, 900.23, 910.50, 908.55, 907.13, 10881, 98.70, 867, 5488, 50.44
INFRAIETF, EQ, 29-Sep-2026, 90.51, 92.32, 92.32, 89.77, 90.00, 90.62, 90.25, 52214, 47.12, 3232, 27207, 52.11
INFY, EQ, 29-Sep-2026, 1003.20, 1002.60, 1015.40, 980.40, 1015.40, 1015.40, 994.56, 12992711, 129220.93, 210984, 8332513, 64.13
INGERRAND, EQ, 29-Sep-2026, 4226.80, 4226.80, 4238.60, 4180.00, 4200.00, 4195.00, 4210.40, 5857, 246.60, 1934, 2391, 40.82
INM, SM, 29-Sep-2026, 136.00, 149.00, 150.05, 149.00, 150.00, 150.00, 149.68, 15000, 22.45, 16, 15000, 100.00
INNOMET, ST, 29-Sep-2026, 289.50, 290.35, 290.35, 283.75, 283.75, 283.75, 284.36, 25800, 73.37, 18, 25200, 97.67
INNOVACAP, EQ, 29-Sep-2026, 1271.20, 1265.00, 1314.80, 1259.10, 1260.00, 1271.20, 1284.78, 147937, 1900.67, 34133, 63118, 42.67
INNOVANA, EQ, 29-Sep-2026, 289.65, 295.80, 299.75, 285.00, 290.00, 291.50, 290.13, 31625, 91.75, 761, 6870, 21.72
INNOVISION, EQ, 29-Sep-2026, 251.70, 251.70, 255.00, 251.50, 252.05, 253.70, 252.93, 4268, 10.80, 225, 2189, 51.29
INOXGREEN, EQ, 29-Sep-2026, 170.00, 170.00, 171.00, 162.80, 163.52, 163.96, 165.93, 2050781, 3402.85, 27373, 891034, 43.45
INOXINDIA, EQ, 29-Sep-2026, 2051.10, 2056.50, 2092.40, 2032.20, 2065.60, 2070.40, 2063.80, 363480, 7501.50, 42120, 191451, 52.67
INOXWIND, EQ, 29-Sep-2026, 72.00, 72.00, 73.04, 70.57, 71.50, 71.50, 71.92, 8301480, 5970.80, 30950, 2817440, 33.94
INSECTICID, EQ, 29-Sep-2026, 598.35, 600.10, 600.10, 580.50, 588.00, 588.90, 587.62, 13561, 79.69, 1349, 7115, 52.47
INSPIRISYS, EQ, 29-Sep-2026, 84.99, 85.49, 87.99, 84.51, 86.00, 85.92, 85.32, 5984, 5.11, 108, 4574, 76.44
INSUREIETF, EQ, 29-Sep-2026, 14.78, 14.78, 14.78, 14.51, 14.64, 14.61, 14.56, 1232738, 179.51, 430, 1007651, 81.74
INTELLECT, EQ, 29-Sep-2026, 631.55, 628.60, 629.90, 609.40, 610.00, 613.25, 620.35, 262246, 1626.85, 16942, 126625, 48.28
INTENTECH, EQ, 29-Sep-2026, 83.05, 81.25, 82.98, 81.25, 82.24, 82.63, 82.46, 4813, 3.97, 104, 3550, 73.76
INTERARCH, EQ, 29-Sep-2026, 1706.20, 1718.60, 1718.60, 1678.70, 1684.80, 1690.20, 1693.93, 24515, 415.27, 2955, 13119, 53.51
INTERNET, EQ, 29-Sep-2026, 13.92, 13.91, 13.91, 13.50, 13.67, 13.68, 13.61, 479174, 65.22, 530, 401108, 83.71
INTLCONV, EQ, 29-Sep-2026, 79.90, 79.90, 80.86, 79.90, 80.00, 80.00, 80.10, 35739, 28.63, 643, 25266, 70.70
INVENTURE, EQ, 29-Sep-2026, 0.87, 0.87, 0.87, 0.85, 0.87, 0.86, 0.87, 1105528, 9.57, 329, 517279, 46.79
INVPRECQ, BE, 29-Sep-2026, 1501.50, 1543.60, 1543.60, 1450.00, 1524.00, 1521.20, 1494.64, 7980, 119.27, 226, -, -
IOB, EQ, 29-Sep-2026, 31.74, 31.74, 31.98, 30.51, 30.86, 30.95, 31.04, 15845308, 4918.05, 41056, 9487701, 59.88
IOC, EQ, 29-Sep-2026, 133.32, 133.32, 134.31, 131.02, 131.33, 131.33, 132.46, 10116269, 13399.58, 84956, 5536542, 54.73
IOLCP, EQ, 29-Sep-2026, 196.29, 196.25, 202.75, 196.24, 201.90, 201.48, 200.10, 1550901, 3103.33, 26943, 501607, 32.34
IONEXCHANG, EQ, 29-Sep-2026, 422.90, 420.40, 424.05, 406.35, 409.10, 410.20, 415.03, 190265, 789.65, 16992, 82028, 43.11
IPCALAB, EQ, 29-Sep-2026, 1919.30, 1919.70, 1980.00, 1919.70, 1950.30, 1938.10, 1946.73, 246042, 4789.77, 32884, 121687, 49.46
IPHL, SM, 29-Sep-2026, 72.20, 72.50, 72.50, 71.80, 71.90, 71.90, 72.34, 9600, 6.94, 7, 9600, 100.00
IPL, EQ, 29-Sep-2026, 131.56, 131.80, 133.85, 128.05, 133.50, 133.12, 130.78, 241268, 315.54, 4133, 102385, 42.44
IPRINGLTD, EQ, 29-Sep-2026, 136.17, 135.99, 144.14, 135.10, 141.00, 136.13, 138.75, 2024, 2.81, 63, 1872, 92.49
IRB, EQ, 29-Sep-2026, 17.14, 17.12, 17.12, 16.75, 16.95, 16.98, 16.95, 14681424, 2488.98, 29050, 5531202, 37.67
IRBINVIT, IV, 29-Sep-2026, 64.33, 64.35, 64.60, 64.00, 64.25, 64.17, 64.25, 520170, 334.21, 6639, 482050, 92.67
IRCON, EQ, 29-Sep-2026, 103.25, 103.00, 104.40, 101.60, 102.23, 102.47, 102.86, 1966663, 2022.82, 27847, 724076, 36.82
IRCTC, EQ, 29-Sep-2026, 453.50, 454.00, 456.00, 448.55, 452.00, 452.55, 452.38, 645641, 2920.77, 32804, 329024, 50.96
IREDA, EQ, 29-Sep-2026, 114.82, 114.82, 116.54, 111.00, 111.00, 111.00, 113.67, 8686276, 9873.38, 47952, 1839728, 21.18
IRFC, EQ, 29-Sep-2026, 78.55, 78.70, 80.26, 77.07, 80.26, 80.26, 78.43, 15747317, 12350.58, 63417, 5237730, 33.26
IRIS, EQ, 29-Sep-2026, 226.57, 228.94, 234.85, 223.00, 228.01, 230.23, 226.78, 26828, 60.84, 882, 18472, 68.85
IRISDOREME, EQ, 29-Sep-2026, 62.78, 63.00, 66.17, 62.11, 62.11, 62.80, 64.03, 537555, 344.18, 5937, 119118, 22.16
IRMENERGY, EQ, 29-Sep-2026, 265.40, 261.65, 269.00, 259.05, 268.50, 267.25, 265.93, 96668, 257.07, 3037, 61613, 63.74
ISFT, BE, 29-Sep-2026, 96.29, 95.10, 101.10, 91.48, 101.10, 100.11, 98.07, 19117, 18.75, 250, -, -
ISGEC, EQ, 29-Sep-2026, 886.45, 890.00, 890.00, 872.20, 880.00, 880.10, 879.17, 49547, 435.60, 7537, 26062, 52.60
ISHANCH, EQ, 29-Sep-2026, 50.07, 48.05, 50.81, 46.50, 47.83, 47.35, 47.97, 19242, 9.23, 266, 12110, 62.94
ISTLTD, EQ, 29-Sep-2026, 639.60, 635.05, 655.00, 635.00, 640.00, 640.00, 643.74, 171, 1.10, 34, 157, 91.81
IT, EQ, 29-Sep-2026, 31.31, 31.32, 31.47, 30.60, 30.63, 30.72, 30.86, 319509, 98.60, 1783, 156322, 48.93
ITADD, EQ, 29-Sep-2026, 29.90, 30.01, 30.20, 29.18, 29.52, 29.50, 29.55, 13380, 3.95, 246, 6999, 52.31
ITALIANE, SM, 29-Sep-2026, 30.30, 30.50, 30.50, 30.50, 30.50, 30.50, 30.50, 2000, 0.61, 1, 2000, 100.00
ITAXIS, EQ, 29-Sep-2026, 308.97, 308.00, 312.00, 305.00, 312.00, 311.83, 307.80, 5777, 17.78, 62, 4293, 74.31
ITBEES, EQ, 29-Sep-2026, 31.23, 31.23, 31.85, 30.75, 30.84, 30.80, 30.94, 9287804, 2873.18, 21664, 4842070, 52.13
ITBETA, EQ, 29-Sep-2026, 295.33, 294.10, 294.10, 290.80, 292.46, 292.46, 292.64, 707, 2.07, 22, 476, 67.33
ITC, EQ, 29-Sep-2026, 265.20, 265.45, 266.75, 263.30, 265.10, 265.10, 264.99, 14419948, 38212.07, 139214, 10034744, 69.59
ITCHOTELS, EQ, 29-Sep-2026, 158.57, 158.02, 162.00, 156.33, 161.00, 160.53, 159.58, 1965803, 3136.95, 35195, 965912, 49.14
ITDC, EQ, 29-Sep-2026, 662.50, 662.50, 670.85, 645.55, 657.75, 657.15, 657.89, 96658, 635.90, 9159, 24714, 25.57
ITETF, EQ, 29-Sep-2026, 29.87, 29.87, 30.45, 29.19, 30.45, 29.35, 29.46, 447506, 131.82, 1235, 170995, 38.21
ITI, EQ, 29-Sep-2026, 245.80, 245.90, 247.65, 240.10, 242.20, 243.40, 243.87, 179421, 437.55, 10514, 65447, 36.48
ITIETF, EQ, 29-Sep-2026, 31.31, 30.52, 31.41, 30.52, 30.94, 30.82, 30.96, 492189, 152.37, 1715, 244219, 49.62
ITL, EQ, 29-Sep-2026, 357.70, 361.60, 361.60, 343.05, 354.65, 353.00, 349.66, 2146, 7.50, 41, 2092, 97.48
ITTL, ST, 29-Sep-2026, 62.90, 61.65, 61.65, 61.65, 61.65, 61.65, 61.65, 315, 0.19, 3, 315, 100.00
IVALUE, EQ, 29-Sep-2026, 219.21, 218.47, 228.40, 215.82, 224.80, 224.61, 221.87, 118885, 263.76, 4163, 48232, 40.57
IVC, EQ, 29-Sep-2026, 7.81, 7.88, 7.90, 7.62, 7.72, 7.68, 7.74, 134792, 10.43, 1016, 90714, 67.30
IVP, BE, 29-Sep-2026, 229.16, 228.15, 228.15, 222.93, 227.00, 226.08, 224.12, 6529, 14.63, 92, -, -
IVZBANKNF, EQ, 29-Sep-2026, 54.37, 53.97, 55.80, 53.50, 54.52, 54.46, 54.15, 558, 0.30, 21, 508, 91.04
IVZINGOLD, EQ, 29-Sep-2026, 127.70, 127.50, 127.50, 126.05, 127.50, 127.25, 127.21, 63981, 81.39, 394, 61337, 95.87
IVZINNIFTY, EQ, 29-Sep-2026, 262.85, 269.42, 269.42, 260.10, 261.70, 261.70, 261.77, 1197, 3.13, 44, 1058, 88.39
IVZSENSEX, EQ, 29-Sep-2026, 73.01, 73.00, 73.97, 72.15, 73.03, 73.03, 72.53, 1281, 0.93, 23, 793, 61.90
IWARE, ST, 29-Sep-2026, 383.00, 389.00, 397.40, 381.65, 382.10, 382.10, 388.77, 8400, 32.66, 14, 6600, 78.57
IWP, EQ, 29-Sep-2026, 40.96, 39.95, 42.40, 34.36, 37.00, 36.88, 39.08, 466683, 182.38, 3450, 186415, 39.94
IXIGO, EQ, 29-Sep-2026, 155.08, 155.16, 160.50, 152.51, 160.00, 160.24, 158.10, 643712, 1017.68, 13354, 280696, 43.61
IZMO, EQ, 29-Sep-2026, 873.55, 879.00, 902.90, 873.60, 892.00, 888.20, 887.52, 57013, 506.00, 4488, 20390, 35.76
J&KBANK, EQ, 29-Sep-2026, 142.25, 142.63, 143.64, 138.00, 138.95, 138.52, 139.70, 2354937, 3289.87, 41545, 1264933, 53.71
JAGRAN, EQ, 29-Sep-2026, 62.05, 62.23, 62.40, 61.30, 61.99, 62.01, 61.91, 151788, 93.97, 1764, 105948, 69.80
JAGSNPHARM, EQ, 29-Sep-2026, 241.02, 239.02, 240.87, 232.30, 236.20, 234.71, 236.39, 93102, 220.08, 2789, 40453, 43.45
JAIBALAJI, EQ, 29-Sep-2026, 63.51, 63.55, 64.36, 62.05, 63.72, 63.35, 63.39, 338779, 214.75, 3234, 144050, 42.52
JAICORPLTD, EQ, 29-Sep-2026, 92.18, 92.49, 92.49, 89.64, 91.48, 91.80, 90.92, 253730, 230.68, 4046, 96527, 38.04
JAINAM, SM, 29-Sep-2026, 212.00, 201.50, 201.50, 201.50, 201.50, 201.50, 201.50, 1000, 2.02, 1, 1000, 100.00
JAINIK, ST, 29-Sep-2026, 204.00, 204.00, 204.00, 204.00, 204.00, 204.00, 204.00, 1200, 2.45, 1, 1200, 100.00
JAINREC, EQ, 29-Sep-2026, 281.75, 282.00, 294.45, 277.10, 285.55, 287.65, 287.03, 1712900, 4916.59, 37733, 490599, 28.64
JAIPURKURT, EQ, 29-Sep-2026, 25.48, 25.00, 26.00, 24.61, 26.00, 25.86, 25.64, 4946, 1.27, 67, 4229, 85.50
JALAN, ST, 29-Sep-2026, 1.75, 1.70, 1.70, 1.70, 1.70, 1.70, 1.70, 3000, 0.05, 1, 3000, 100.00
JAMNAAUTO, EQ, 29-Sep-2026, 139.68, 139.40, 139.40, 134.91, 136.45, 136.27, 136.68, 1537760, 2101.85, 26946, 609845, 39.66
JARO, EQ, 29-Sep-2026, 423.40, 423.00, 428.30, 418.50, 419.80, 421.55, 423.33, 88930, 376.47, 2677, 17795, 20.01
JASH, EQ, 29-Sep-2026, 588.75, 591.05, 602.80, 583.00, 599.40, 598.40, 596.43, 588225, 3508.37, 18020, 220280, 37.45
JAYAGROGN, EQ, 29-Sep-2026, 230.42, 231.20, 233.48, 223.00, 224.00, 225.44, 227.55, 23666, 53.85, 702, 15698, 66.33
JAYBARMARU, EQ, 29-Sep-2026, 122.52, 123.50, 127.90, 120.61, 124.26, 124.60, 124.80, 649558, 810.64, 10980, 258274, 39.76
JAYBEE, SM, 29-Sep-2026, 89.85, 90.70, 102.00, 90.70, 96.00, 96.30, 97.96, 73500, 72.00, 120, 47000, 63.95
JAYESH, SM, 29-Sep-2026, 125.00, 125.00, 125.00, 122.00, 124.90, 124.90, 124.18, 9000, 11.18, 6, 5000, 55.56
JAYKAY, EQ, 29-Sep-2026, 203.81, 208.00, 209.99, 197.00, 205.50, 205.01, 203.07, 572922, 1163.43, 9251, 237378, 41.43
JAYKAYPP, E1, 29-Sep-2026, 166.31, 160.00, 164.80, 154.10, 160.00, 159.31, 157.37, 74135, 116.67, 492, 71548, 96.51
JAYNECOIND, EQ, 29-Sep-2026, 87.98, 87.20, 94.40, 86.77, 92.95, 92.66, 92.12, 5809490, 5351.58, 35747, 1858220, 31.99
JAYSREETEA, EQ, 29-Sep-2026, 86.83, 86.80, 87.95, 85.00, 87.10, 85.75, 86.22, 36212, 31.22, 670, 24179, 66.77
JBMA, EQ, 29-Sep-2026, 571.05, 571.05, 576.35, 561.00, 561.50, 563.15, 565.07, 211192, 1193.38, 13886, 86709, 41.06
JENBURPH, EQ, 29-Sep-2026, 926.10, 926.10, 954.00, 919.10, 930.00, 924.00, 927.74, 2829, 26.25, 156, 2274, 80.38
JETFREIGHT, EQ, 29-Sep-2026, 21.01, 21.45, 21.78, 20.51, 20.60, 20.63, 21.07, 289665, 61.02, 2132, 115748, 39.96
JEYYAM, SM, 29-Sep-2026, 20.25, 20.75, 20.75, 20.00, 20.70, 20.70, 20.39, 18000, 3.67, 9, 14000, 77.78
JFLLIFE, SM, 29-Sep-2026, 10.35, 10.05, 10.05, 9.85, 10.00, 10.00, 9.96, 102000, 10.16, 10, 84000, 82.35
JGCHEM, EQ, 29-Sep-2026, 620.80, 624.95, 667.20, 611.05, 658.75, 658.65, 652.93, 1558962, 10178.97, 60518, 397050, 25.47
JHS, EQ, 29-Sep-2026, 8.81, 8.99, 10.57, 8.58, 10.34, 10.38, 10.06, 2324625, 233.77, 4740, 934832, 40.21
JINDALPHOT, EQ, 29-Sep-2026, 1051.00, 1047.10, 1054.90, 1040.40, 1041.10, 1043.40, 1043.44, 1109, 11.57, 126, 902, 81.33
JINDALPOLY, EQ, 29-Sep-2026, 679.65, 679.95, 685.35, 667.05, 681.50, 675.30, 674.20, 10340, 69.71, 1048, 4810, 46.52
JINDALSAW, EQ, 29-Sep-2026, 276.15, 277.60, 279.90, 272.30, 276.00, 277.70, 276.60, 904937, 2503.07, 23070, 419046, 46.31
JINDALSTEL, EQ, 29-Sep-2026, 1139.60, 1137.50, 1149.00, 1126.90, 1130.00, 1130.00, 1136.35, 760609, 8643.18, 21549, 415288, 54.60
JINDRILL, EQ, 29-Sep-2026, 624.15, 620.90, 620.90, 596.40, 601.10, 599.95, 607.09, 389254, 2363.12, 14200, 85733, 22.02
JINDWORLD, EQ, 29-Sep-2026, 48.69, 48.77, 48.77, 46.52, 46.99, 47.07, 47.09, 3110654, 1464.90, 9626, 835517, 26.86
JIOFIN, EQ, 29-Sep-2026, 220.50, 220.50, 220.50, 215.36, 217.56, 217.56, 217.71, 17125032, 37282.87, 133006, 8035418, 46.92
JISLDVREQS, EQ, 29-Sep-2026, 19.80, 19.37, 19.93, 19.01, 19.49, 19.46, 19.49, 15311, 2.98, 161, 12802, 83.61
JISLJALEQS, EQ, 29-Sep-2026, 28.88, 28.77, 29.17, 28.30, 28.99, 28.97, 28.81, 1693123, 487.74, 7458, 951765, 56.21
JITFINFRA, EQ, 29-Sep-2026, 284.15, 284.90, 285.95, 275.00, 275.75, 277.15, 278.49, 11547, 32.16, 695, 5797, 50.20
JKCEMENT, EQ, 29-Sep-2026, 4993.50, 4993.50, 4993.50, 4810.50, 4846.00, 4824.50, 4878.29, 29444, 1436.36, 9967, 17345, 58.91
JKIL, EQ, 29-Sep-2026, 461.25, 461.90, 462.25, 450.00, 450.10, 451.40, 453.29, 54972, 249.18, 3612, 33294, 60.57
JKIPL, EQ, 29-Sep-2026, 97.41, 95.46, 98.07, 95.05, 98.05, 97.69, 96.56, 2440, 2.36, 79, 1877, 76.93
JKLAKSHMI, EQ, 29-Sep-2026, 494.80, 493.45, 493.45, 482.05, 492.40, 490.15, 488.28, 450744, 2200.90, 24973, 203759, 45.21
JKPAPER, EQ, 29-Sep-2026, 398.15, 398.20, 403.90, 388.35, 391.00, 391.35, 392.63, 252465, 991.24, 9542, 132131, 52.34
JKTYRE, EQ, 29-Sep-2026, 337.80, 338.80, 340.25, 333.10, 336.50, 334.80, 336.04, 481192, 1617.02, 20376, 178694, 37.14
JLHL, EQ, 29-Sep-2026, 263.85, 263.70, 264.80, 254.20, 264.15, 262.05, 259.48, 1466095, 3804.22, 35663, 833305, 56.84
JMA, EQ, 29-Sep-2026, 87.81, 88.97, 90.50, 85.34, 89.42, 89.34, 88.27, 7272, 6.42, 226, 3822, 52.56
JMFINANCIL, EQ, 29-Sep-2026, 125.25, 124.10, 126.70, 123.19, 126.05, 125.78, 125.15, 2566558, 3211.93, 18994, 1397735, 54.46
JNKINDIA, EQ, 29-Sep-2026, 420.00, 422.85, 464.00, 413.70, 452.10, 451.75, 449.98, 713779, 3211.84, 26022, 189169, 26.50
JNPR, EQ, 29-Sep-2026, 269.95, 265.00, 275.00, 263.25, 270.25, 272.30, 269.97, 899121, 2427.40, 29993, 557363, 61.99
JOCIL, EQ, 29-Sep-2026, 147.00, 146.40, 148.47, 143.10, 145.10, 145.17, 145.28, 1114, 1.62, 61, 913, 81.96
JPOLYINVST, EQ, 29-Sep-2026, 911.50, 927.80, 976.90, 909.10, 935.10, 950.00, 931.43, 6912, 64.38, 773, 3761, 54.41
JPPOWER, EQ, 29-Sep-2026, 15.52, 15.55, 15.62, 15.15, 15.27, 15.26, 15.32, 34858936, 5340.70, 1580697, 11769286, 33.76
JSFB, EQ, 29-Sep-2026, 499.20, 500.00, 506.65, 486.95, 501.00, 503.70, 498.14, 605661, 3017.06, 20741, 251372, 41.50
JSIPL, BE, 29-Sep-2026, 145.85, 153.14, 153.14, 153.14, 153.14, 153.14, 153.14, 238715, 365.57, 971, -, -
JSL, EQ, 29-Sep-2026, 745.70, 746.90, 750.00, 726.00, 732.00, 738.30, 741.11, 614585, 4554.72, 33116, 348025, 56.63
JSLL, EQ, 29-Sep-2026, 501.90, 501.90, 515.85, 486.60, 505.20, 509.45, 499.34, 1183266, 5908.51, 46243, 559829, 47.31
JSWCEMENT, EQ, 29-Sep-2026, 112.49, 112.49, 112.99, 111.02, 112.40, 112.58, 112.24, 1286428, 1443.95, 33566, 793975, 61.72
JSWDULUX, EQ, 29-Sep-2026, 3169.80, 3169.80, 3169.80, 3005.20, 3035.00, 3034.40, 3043.57, 187186, 5697.14, 21896, 116828, 62.41
JSWENERGY, EQ, 29-Sep-2026, 495.00, 495.00, 501.15, 489.10, 501.15, 501.15, 495.83, 1639218, 8127.66, 31627, 1014140, 61.87
JSWHL, EQ, 29-Sep-2026, 11026.00, 10920.00, 11169.00, 10881.00, 10950.00, 11000.00, 10996.42, 1807, 198.71, 916, 772, 42.72
JSWINFRA, EQ, 29-Sep-2026, 348.75, 347.25, 353.30, 342.05, 350.00, 350.00, 348.24, 2469980, 8601.55, 66550, 1154348, 46.74
JSWSTEEL, EQ, 29-Sep-2026, 1264.10, 1260.70, 1272.40, 1246.60, 1272.40, 1272.40, 1263.15, 2499215, 31568.72, 61456, 1702154, 68.11
JTEKTINDIA, EQ, 29-Sep-2026, 116.21, 116.55, 117.76, 114.20, 115.55, 115.84, 115.79, 66051, 76.48, 1388, 33561, 50.81
JTLIND, EQ, 29-Sep-2026, 87.87, 88.50, 90.50, 85.98, 88.90, 88.88, 88.38, 2186784, 1932.57, 18249, 874819, 40.00
JUBLCPL, EQ, 29-Sep-2026, 2117.30, 2124.60, 2154.70, 2094.20, 2095.00, 2107.40, 2121.86, 6652, 141.15, 923, 3106, 46.69
JUBLFOOD, EQ, 29-Sep-2026, 478.70, 478.50, 478.55, 460.20, 463.00, 463.00, 466.34, 2376051, 11080.55, 61380, 839013, 35.31
JUBLINGREA, EQ, 29-Sep-2026, 654.80, 657.10, 657.20, 635.20, 637.15, 639.10, 645.96, 250387, 1617.40, 16295, 108906, 43.50
JUBLPHARMA, EQ, 29-Sep-2026, 1060.45, 1058.00, 1089.65, 1036.20, 1052.00, 1048.20, 1055.00, 1060299, 11186.17, 54176, 678555, 64.00
JUNIORBEES, EQ, 29-Sep-2026, 761.90, 765.00, 765.00, 753.66, 763.28, 761.66, 758.33, 412917, 3131.28, 12326, 251290, 60.86
JUNIPER, EQ, 29-Sep-2026, 214.76, 216.62, 216.62, 212.35, 216.00, 213.95, 214.37, 93329, 200.07, 3359, 61489, 65.88
JUSTDIAL, EQ, 29-Sep-2026, 658.95, 662.60, 665.00, 642.40, 657.00, 656.50, 655.53, 97629, 639.98, 4817, 35167, 36.02
JWL, EQ, 29-Sep-2026, 222.23, 223.71, 223.71, 218.45, 219.99, 219.82, 220.86, 627200, 1385.26, 19473, 252890, 40.32
JYOTHYLAB, EQ, 29-Sep-2026, 189.66, 189.50, 189.75, 184.00, 184.20, 184.26, 185.23, 469986, 870.56, 22847, 257544, 54.80
JYOTICNC, EQ, 29-Sep-2026, 1046.10, 1044.00, 1076.95, 1035.25, 1054.80, 1059.30, 1057.96, 703728, 7445.17, 30044, 275991, 39.22
JYOTIGLOBL, SM, 29-Sep-2026, 46.00, 43.80, 43.80, 43.70, 43.75, 43.75, 43.75, 6000, 2.63, 3, 6000, 100.00
JYOTIRES, EQ, 29-Sep-2026, 841.90, 854.90, 855.00, 831.25, 845.00, 840.95, 842.89, 7605, 64.10, 705, 3988, 52.44
JYOTISTRUC, EQ, 29-Sep-2026, 8.75, 8.76, 9.26, 8.62, 9.08, 9.07, 9.01, 9980402, 899.41, 9011, 2912966, 29.19
K2INFRA, SM, 29-Sep-2026, 42.85, 43.00, 45.00, 43.00, 44.90, 44.90, 44.45, 15000, 6.67, 25, 12600, 84.00
KABRAEXTRU, EQ, 29-Sep-2026, 863.15, 831.10, 841.90, 820.00, 840.00, 829.80, 824.97, 317848, 2622.15, 5228, 192365, 60.52
KAJARIACER, EQ, 29-Sep-2026, 1189.50, 1179.60, 1223.70, 1167.00, 1223.70, 1190.50, 1190.92, 2954458, 35185.22, 31965, 2718056, 92.00
KAKATCEM, EQ, 29-Sep-2026, 106.84, 105.61, 107.90, 105.61, 107.88, 107.83, 107.73, 418, 0.45, 14, 309, 73.92
KALAMANDIR, EQ, 29-Sep-2026, 78.14, 78.99, 79.50, 75.37, 76.10, 76.19, 76.91, 739776, 568.97, 5160, 407766, 55.12
KALANA, SM, 29-Sep-2026, 17.90, 18.00, 18.00, 18.00, 18.00, 18.00, 18.00, 2000, 0.36, 1, 2000, 100.00
KALPATARU, EQ, 29-Sep-2026, 275.80, 275.80, 292.00, 268.25, 282.20, 278.80, 274.92, 108375, 297.94, 1447, 29323, 27.06
KALYANIFRG, BE, 29-Sep-2026, 990.00, 999.00, 1025.00, 981.10, 1013.50, 1010.35, 1008.53, 2412, 24.33, 182, -, -
KALYANKJIL, EQ, 29-Sep-2026, 564.00, 566.00, 580.00, 561.45, 568.85, 568.85, 571.46, 9165283, 52375.70, 104008, 1746271, 19.05
KAMAHOLD, EQ, 29-Sep-2026, 2203.60, 2217.90, 2284.80, 2217.80, 2269.90, 2241.10, 2247.12, 5222, 117.34, 1913, 2603, 49.85
KAMANWALA, EQ, 29-Sep-2026, 17.49, 16.50, 17.10, 16.50, 17.10, 17.10, 16.50, 3229, 0.53, 15, 3223, 99.81
KAMATHOTEL, EQ, 29-Sep-2026, 233.18, 236.26, 238.40, 229.25, 235.50, 236.71, 234.05, 58707, 137.41, 1860, 31022, 52.84
KAMDHENU, EQ, 29-Sep-2026, 39.00, 38.26, 38.85, 37.41, 38.49, 38.41, 38.16, 838480, 319.97, 3394, 462992, 55.22
KAMOPAINTS, EQ, 29-Sep-2026, 4.12, 4.18, 4.18, 4.06, 4.10, 4.10, 4.10, 158679, 6.51, 614, 108201, 68.19
KANANIIND, EQ, 29-Sep-2026, 1.35, 1.37, 1.38, 1.33, 1.37, 1.36, 1.36, 60761, 0.82, 179, 36402, 59.91
KANCHI, EQ, 29-Sep-2026, 379.90, 380.00, 394.70, 370.00, 389.55, 391.00, 385.45, 3227, 12.44, 130, 2709, 83.95
KANCOTEA, EQ, 29-Sep-2026, 54.55, 54.90, 54.90, 53.90, 54.55, 54.55, 53.93, 142, 0.08, 7, 142, 100.00
KANDARP, SM, 29-Sep-2026, 69.50, 66.35, 66.35, 66.05, 66.05, 66.05, 66.11, 12000, 7.93, 12, 9000, 75.00
KANOHAR, EQ, 29-Sep-2026, 811.15, 819.00, 877.80, 805.00, 864.40, 862.75, 852.34, 3500592, 29836.94, 117390, 637065, 18.20
KANORICHEM, BE, 29-Sep-2026, 202.55, 204.90, 204.90, 195.00, 200.00, 199.94, 199.37, 34921, 69.62, 401, -, -
KANPRPLA, EQ, 29-Sep-2026, 250.90, 261.85, 262.00, 243.45, 247.00, 245.20, 249.49, 17259, 43.06, 750, 11171, 64.73
KANSAINER, EQ, 29-Sep-2026, 177.48, 178.06, 182.59, 173.60, 182.00, 181.33, 177.40, 670486, 1189.45, 10129, 447842, 66.79
KAPSTON, EQ, 29-Sep-2026, 537.80, 549.60, 568.95, 539.10, 557.00, 555.70, 550.97, 642974, 3542.58, 5075, 552119, 85.87
KARAMTARA, EQ, 29-Sep-2026, 357.80, 357.45, 363.00, 346.35, 359.00, 359.45, 356.20, 1239083, 4413.62, 29530, 351235, 28.35
KARMAENG, EQ, 29-Sep-2026, 39.14, 38.95, 39.14, 35.11, 37.99, 37.90, 37.57, 7088, 2.66, 117, 5469, 77.16
KARNIKA, SM, 29-Sep-2026, 124.10, 124.00, 126.00, 123.90, 125.00, 125.00, 124.64, 20000, 24.93, 17, 16000, 80.00
KARURVYSYA, EQ, 29-Sep-2026, 320.75, 320.75, 325.40, 312.70, 317.95, 318.15, 317.05, 2868750, 9095.30, 55778, 1607000, 56.02
KATARIA, SM, 29-Sep-2026, 152.30, 151.50, 151.50, 147.10, 147.10, 147.10, 148.38, 8400, 12.46, 8, 7800, 92.86
KAUSHALYA, BE, 29-Sep-2026, 845.45, 841.00, 841.00, 836.50, 836.50, 836.50, 837.14, 14, 0.12, 4, -, -
KAVDEFENCE, BE, 29-Sep-2026, 79.03, 79.00, 80.80, 75.70, 77.27, 76.89, 78.00, 112418, 87.69, 1004, -, -
KAYA, BE, 29-Sep-2026, 309.60, 309.65, 309.65, 305.00, 308.00, 307.20, 307.74, 1348, 4.15, 28, -, -
KAYNES, EQ, 29-Sep-2026, 3658.00, 3650.00, 3707.20, 3500.00, 3511.50, 3511.50, 3606.65, 1474271, 53171.79, 86140, 340987, 23.13
KAYTEX, SM, 29-Sep-2026, 55.50, 55.50, 56.80, 55.50, 56.80, 56.80, 55.83, 3200, 1.79, 4, 2400, 75.00
KCEIL, SM, 29-Sep-2026, 76.90, 78.00, 81.00, 78.00, 81.00, 80.50, 79.75, 9000, 7.18, 18, 7500, 83.33
KCK, ST, 29-Sep-2026, 14.20, 14.40, 14.40, 14.15, 14.15, 14.30, 14.32, 50000, 7.16, 18, 47500, 95.00
KCP, EQ, 29-Sep-2026, 157.28, 156.51, 157.84, 153.21, 155.91, 156.19, 156.01, 62111, 96.90, 1303, 36477, 58.73
KCPSUGIND, BE, 29-Sep-2026, 29.27, 29.48, 29.70, 28.20, 29.40, 29.23, 29.01, 75837, 22.00, 248, -, -
KDDL, EQ, 29-Sep-2026, 4014.10, 4014.10, 4069.90, 3874.00, 3935.70, 3931.60, 3988.19, 23844, 950.94, 5983, 10901, 45.72
KDGREEN, EQ, 29-Sep-2026, 46.76, 48.80, 48.88, 46.16, 47.11, 48.53, 47.80, 29728, 14.21, 1067, 12995, 43.71
KDL, SM, 29-Sep-2026, 55.00, 52.25, 52.25, 52.25, 52.25, 52.25, 52.25, 2700, 1.41, 17, 2700, 100.00
KEC, EQ, 29-Sep-2026, 390.55, 390.35, 390.35, 375.10, 378.25, 378.35, 381.32, 1237151, 4717.46, 33489, 634255, 51.27
KECL, EQ, 29-Sep-2026, 120.07, 119.15, 122.90, 118.00, 121.90, 121.40, 120.71, 121001, 146.06, 2405, 71682, 59.24
KEEPLEARN, EQ, 29-Sep-2026, 1.87, 1.92, 1.92, 1.82, 1.84, 1.84, 1.87, 26860, 0.50, 48, 23057, 85.84
KEI, EQ, 29-Sep-2026, 4516.00, 4500.00, 4521.00, 4457.50, 4461.00, 4461.00, 4489.05, 622806, 27958.05, 42130, 369568, 59.34
KELLTONTEC, EQ, 29-Sep-2026, 13.09, 13.14, 13.26, 12.65, 12.94, 13.05, 12.98, 1990721, 258.47, 4105, 807266, 40.55
KEN, SM, 29-Sep-2026, 40.90, 40.00, 41.05, 40.00, 41.00, 41.00, 40.84, 7200, 2.94, 6, 6000, 83.33
KENNAMET, EQ, 29-Sep-2026, 4134.10, 4167.90, 4172.90, 4012.50, 4044.00, 4039.60, 4070.82, 30755, 1251.98, 6068, 18366, 59.72
KERNEX, EQ, 29-Sep-2026, 1713.80, 1713.80, 1763.00, 1682.80, 1738.00, 1744.10, 1733.47, 139115, 2411.52, 15812, 55529, 39.92
KESORAMIND, EQ, 29-Sep-2026, 11.02, 10.87, 11.24, 10.52, 10.98, 10.84, 10.77, 995639, 107.18, 2573, 563125, 56.56
KEYFINSERV, EQ, 29-Sep-2026, 223.70, 230.00, 237.60, 225.00, 237.60, 233.00, 232.32, 1236, 2.87, 76, 673, 54.45
KFINTECH, EQ, 29-Sep-2026, 884.05, 880.20, 889.45, 838.20, 838.20, 838.20, 858.30, 1459780, 12529.24, 52490, 636373, 43.59
KHADIM, BE, 29-Sep-2026, 118.00, 116.50, 116.50, 115.64, 115.64, 115.64, 115.78, 33392, 38.66, 69, -, -
KHAICHEM, EQ, 29-Sep-2026, 49.51, 49.30, 50.35, 49.00, 49.10, 49.22, 49.61, 86844, 43.08, 1749, 44156, 50.85
KHAITANLTD, EQ, 29-Sep-2026, 146.69, 144.00, 153.80, 135.40, 152.44, 150.01, 145.63, 4152, 6.05, 170, 2078, 50.05
KHANDSE, EQ, 29-Sep-2026, 17.50, 17.40, 18.40, 16.86, 17.01, 17.06, 16.98, 11517, 1.96, 68, 11002, 95.53
KHERIAAUTO, ST, 29-Sep-2026, 96.30, 97.40, 101.10, 91.50, 101.10, 101.10, 98.70, 334800, 330.43, 225, 297600, 88.89
KHFM, SM, 29-Sep-2026, 40.15, 40.95, 40.95, 40.95, 40.95, 40.95, 40.95, 1550, 0.63, 1, 1550, 100.00
KICL, EQ, 29-Sep-2026, 4869.50, 4940.00, 4940.00, 4750.50, 4794.00, 4773.00, 4795.94, 1097, 52.61, 339, 607, 55.33
KILITCH, BE, 29-Sep-2026, 217.05, 224.00, 224.00, 216.00, 217.00, 216.76, 219.36, 14819, 32.51, 170, -, -
KIMS, EQ, 29-Sep-2026, 766.45, 766.00, 781.75, 759.35, 769.20, 769.90, 771.72, 403013, 3110.12, 23844, 181226, 44.97
KINGFA, EQ, 29-Sep-2026, 6384.00, 6384.00, 6594.50, 6376.50, 6500.00, 6524.50, 6504.00, 22165, 1441.61, 6576, 8353, 37.69
KIOCL, EQ, 29-Sep-2026, 331.00, 332.10, 338.00, 328.00, 334.60, 336.10, 333.66, 57228, 190.95, 2267, 18058, 31.55
KIRANVYPAR, EQ, 29-Sep-2026, 185.17, 185.00, 195.00, 169.82, 185.90, 189.66, 179.75, 29509, 53.04, 874, 21801, 73.88
KIRIINDUS, EQ, 29-Sep-2026, 541.95, 542.00, 560.00, 538.50, 543.00, 543.45, 548.21, 476341, 2611.35, 10114, 198967, 41.77
KIRLFER, EQ, 29-Sep-2026, 468.95, 469.40, 476.80, 461.00, 475.10, 474.40, 470.86, 99857, 470.19, 5395, 60477, 60.56
KIRLOSBROS, EQ, 29-Sep-2026, 1732.30, 1732.30, 1936.10, 1714.10, 1837.60, 1848.30, 1817.93, 457358, 8314.45, 47016, 185309, 40.52
KIRLOSENG, EQ, 29-Sep-2026, 2141.20, 2141.20, 2444.00, 2124.30, 2376.70, 2402.00, 2340.92, 5298949, 124044.32, 285547, 1268836, 23.95
KIRLOSIND, EQ, 29-Sep-2026, 3520.50, 3543.00, 3640.00, 3465.10, 3557.90, 3578.60, 3549.39, 7323, 259.92, 1782, 1994, 27.23
KIRLPNU, EQ, 29-Sep-2026, 678.65, 675.30, 690.00, 669.60, 683.20, 684.40, 682.01, 133945, 913.52, 12617, 61012, 45.55
KISSHT, EQ, 29-Sep-2026, 344.90, 345.05, 362.55, 340.05, 354.00, 358.65, 353.91, 2096454, 7419.52, 41118, 925153, 44.13
KITEX, EQ, 29-Sep-2026, 116.13, 115.98, 116.63, 114.36, 115.01, 115.56, 115.28, 260341, 300.13, 3912, 141575, 54.38
KJMCFIN, EQ, 29-Sep-2026, 58.12, 58.12, 60.00, 57.80, 59.00, 59.00, 58.26, 3969, 2.31, 37, 3719, 93.70
KKCL, EQ, 29-Sep-2026, 462.15, 462.05, 471.35, 455.00, 468.95, 467.10, 463.35, 34175, 158.35, 1729, 14768, 43.21
KKJEWELS, SM, 29-Sep-2026, 94.25, 96.90, 96.90, 96.90, 96.90, 96.90, 96.90, 1000, 0.97, 1, 1000, 100.00
KLBRENG-B, EQ, 29-Sep-2026, 514.40, 515.00, 532.00, 500.50, 522.00, 525.55, 521.83, 393122, 2051.43, 8146, 238237, 60.60
KLL, ST, 29-Sep-2026, 42.25, 40.20, 43.65, 40.15, 41.80, 41.95, 40.50, 40800, 16.52, 38, 36000, 88.24
KMCSHIL, EQ, 29-Sep-2026, 165.33, 165.32, 165.32, 160.00, 161.04, 161.98, 162.46, 300278, 487.82, 7498, 110923, 36.94
KMEW, EQ, 29-Sep-2026, 2876.90, 2965.10, 3099.90, 2892.70, 3095.00, 3064.80, 3020.73, 644521, 19469.22, 65750, 257399, 39.94
KMSUGAR, EQ, 29-Sep-2026, 32.67, 32.67, 33.00, 31.01, 32.00, 31.86, 31.60, 282268, 89.20, 2142, 153798, 54.49
KNACK, EQ, 29-Sep-2026, 176.65, 177.05, 183.00, 176.00, 176.00, 176.58, 178.18, 468586, 834.91, 7722, 171544, 36.61
KNAGRI, EQ, 29-Sep-2026, 205.05, 205.98, 205.98, 195.30, 200.00, 199.92, 199.28, 4172, 8.31, 134, 3135, 75.14
KNRCON, EQ, 29-Sep-2026, 117.39, 117.39, 120.90, 115.64, 119.60, 119.33, 117.94, 879023, 1036.76, 12159, 332791, 37.86
KODYTECH, ST, 29-Sep-2026, 1490.00, 1460.00, 1493.00, 1455.00, 1479.00, 1479.00, 1475.25, 1600, 23.60, 15, 1400, 87.50
KOHINOOR, EQ, 29-Sep-2026, 30.07, 30.29, 31.45, 29.27, 30.98, 30.99, 30.27, 264191, 79.97, 3746, 52852, 20.01
KOKUYOCMLN, EQ, 29-Sep-2026, 74.64, 74.60, 75.80, 74.00, 74.35, 74.72, 74.42, 16933, 12.60, 362, 14922, 88.12
KOLTEPATIL, EQ, 29-Sep-2026, 425.60, 425.50, 431.90, 418.00, 431.90, 427.05, 422.81, 42087, 177.95, 3763, 21402, 50.85
KONSTELEC, ST, 29-Sep-2026, 59.10, 60.00, 60.00, 59.00, 59.00, 59.25, 59.50, 3000, 1.79, 3, 3000, 100.00
KOPRAN, EQ, 29-Sep-2026, 277.97, 277.86, 292.30, 275.77, 292.00, 290.90, 287.09, 1181235, 3391.20, 14844, 525509, 44.49
KORE, ST, 29-Sep-2026, 189.15, 198.15, 198.60, 180.10, 180.10, 188.20, 195.70, 34750, 68.01, 75, 33000, 94.96
KOTAKBANK, EQ, 29-Sep-2026, 401.55, 401.25, 409.25, 394.70, 406.00, 406.00, 404.05, 32613940, 131775.79, 226111, 24743358, 75.87
KOTARISUG, BE, 29-Sep-2026, 26.75, 27.37, 27.37, 25.50, 26.00, 26.12, 25.86, 29867, 7.72, 216, -, -
KOTHARIPET, EQ, 29-Sep-2026, 130.84, 131.22, 133.84, 127.35, 128.40, 128.97, 130.56, 55694, 72.71, 1051, 36395, 65.35
KOTHARIPRO, EQ, 29-Sep-2026, 66.01, 64.60, 66.64, 64.60, 64.93, 65.09, 65.14, 3197, 2.08, 132, 1873, 58.59
KOTIC, EQ, 29-Sep-2026, 151.06, 149.07, 154.65, 147.42, 150.00, 150.12, 149.73, 10324, 15.46, 527, 5828, 56.45
KOTYARK, EQ, 29-Sep-2026, 26.47, 26.95, 30.90, 24.55, 28.81, 29.39, 27.71, 1583442, 438.82, 8773, 568781, 35.92
KOVAI, EQ, 29-Sep-2026, 6025.00, 6079.50, 6079.50, 5974.00, 6006.00, 6013.50, 5994.33, 3341, 200.27, 670, 2323, 69.53
KPEL, EQ, 29-Sep-2026, 220.54, 220.00, 225.00, 215.64, 223.25, 224.03, 220.71, 215474, 475.57, 5723, 88398, 41.02
KPIGREEN, EQ, 29-Sep-2026, 357.35, 356.00, 373.50, 351.50, 372.50, 371.25, 365.10, 3575742, 13055.11, 51106, 1019889, 28.52
KPIL, EQ, 29-Sep-2026, 1375.60, 1378.00, 1390.00, 1345.10, 1366.00, 1365.10, 1368.10, 186265, 2548.30, 26759, 89381, 47.99
KPITTECH, EQ, 29-Sep-2026, 509.00, 510.25, 519.70, 495.50, 519.70, 519.70, 507.53, 3351279, 17008.87, 52998, 1893894, 56.51
KPL, EQ, 29-Sep-2026, 3576.90, 3565.40, 3691.40, 3558.90, 3637.00, 3625.10, 3628.90, 18009, 653.53, 3872, 5259, 29.20
KPRMILL, EQ, 29-Sep-2026, 1101.20, 1099.80, 1102.90, 1066.30, 1068.50, 1081.50, 1086.80, 160547, 1744.83, 17379, 90786, 56.55
KRBL, EQ, 29-Sep-2026, 382.95, 382.00, 390.00, 379.25, 389.50, 386.20, 384.74, 320487, 1233.04, 12196, 139169, 43.42
KREBSBIO, EQ, 29-Sep-2026, 57.58, 58.75, 58.75, 55.20, 56.05, 56.42, 56.62, 6270, 3.55, 115, 3636, 57.99
KRIDHANINF, EQ, 29-Sep-2026, 1.89, 1.90, 1.90, 1.83, 1.88, 1.88, 1.86, 17885, 0.33, 65, 14478, 80.95
KRISHANA, EQ, 29-Sep-2026, 186.42, 186.99, 186.99, 183.50, 183.87, 185.19, 185.52, 331174, 614.39, 5475, 170534, 51.49
KRISHCA, SM, 29-Sep-2026, 226.55, 228.80, 230.50, 221.00, 227.90, 224.20, 226.12, 20500, 46.36, 38, 13000, 63.41
KRISHIVAL, EQ, 29-Sep-2026, 413.65, 414.00, 415.00, 400.25, 413.90, 403.95, 407.19, 18076, 73.60, 565, 10089, 55.81
KRISHNADEF, EQ, 29-Sep-2026, 995.80, 995.80, 1030.00, 986.60, 1008.00, 1013.00, 1007.48, 49354, 497.23, 6231, 20617, 41.77
KRITI, EQ, 29-Sep-2026, 60.27, 60.27, 62.50, 60.27, 62.42, 62.41, 61.86, 7772, 4.81, 112, 6244, 80.34
KRITIKA, EQ, 29-Sep-2026, 5.00, 5.12, 5.12, 4.62, 5.04, 5.01, 4.87, 160481, 7.81, 509, 97471, 60.74
KRITINUT, EQ, 29-Sep-2026, 75.54, 75.99, 75.99, 71.91, 72.42, 72.52, 72.74, 40415, 29.40, 747, 28846, 71.37
KRMAYURVED, SM, 29-Sep-2026, 299.30, 300.75, 306.95, 297.65, 305.50, 305.25, 303.94, 59000, 179.33, 54, 33000, 55.93
KRN, EQ, 29-Sep-2026, 1387.40, 1409.00, 1455.00, 1362.10, 1444.80, 1443.10, 1407.90, 385834, 5432.15, 28391, 228317, 59.17
KRONOX, BE, 29-Sep-2026, 216.90, 227.74, 227.74, 210.20, 217.00, 217.04, 222.93, 496174, 1106.10, 2386, -, -
KROSS, EQ, 29-Sep-2026, 260.23, 260.00, 267.93, 251.94, 260.71, 261.83, 260.50, 849539, 2213.04, 18858, 198641, 23.38
KRSNAA, EQ, 29-Sep-2026, 534.05, 540.00, 559.00, 529.00, 556.05, 553.60, 544.95, 158426, 863.34, 5856, 68751, 43.40
KRT, RR, 29-Sep-2026, 112.97, 112.97, 114.00, 112.50, 113.00, 113.54, 113.37, 1865001, 2114.43, 5033, 1440519, 77.24
KRYSTAL, EQ, 29-Sep-2026, 621.65, 621.40, 624.00, 612.00, 618.05, 619.75, 618.59, 3889, 24.06, 494, 1845, 47.44
KSB, EQ, 29-Sep-2026, 801.25, 801.25, 855.00, 796.55, 855.00, 824.80, 819.20, 755002, 6184.95, 37237, 449920, 59.59
KSCL, EQ, 29-Sep-2026, 769.50, 770.00, 785.00, 731.25, 739.00, 742.10, 746.02, 375646, 2802.41, 15890, 58670, 15.62
KSE, EQ, 29-Sep-2026, 179.32, 179.90, 180.90, 176.00, 178.99, 177.99, 177.65, 5760, 10.23, 400, 3976, 69.03
KSHINTL, EQ, 29-Sep-2026, 984.55, 988.00, 1035.00, 985.25, 1026.20, 1028.40, 1012.83, 216731, 2195.11, 19332, 76037, 35.08
KSHITIJPOL, BE, 29-Sep-2026, 4.57, 4.35, 4.35, 4.35, 4.35, 4.35, 4.35, 110597, 4.81, 365, -, -
KSL, EQ, 29-Sep-2026, 952.35, 953.00, 976.80, 934.00, 965.00, 964.35, 958.52, 77343, 741.35, 5290, 36516, 47.21
KSOLVES, EQ, 29-Sep-2026, 245.50, 245.60, 249.60, 243.05, 249.60, 247.40, 246.73, 25013, 61.71, 1697, 14662, 58.62
KSR, BE, 29-Sep-2026, 37.10, 37.10, 38.15, 35.25, 38.15, 37.56, 36.95, 18811, 6.95, 85, -, -
KTKBANK, EQ, 29-Sep-2026, 321.85, 322.00, 326.10, 317.35, 323.45, 324.25, 322.49, 1248849, 4027.42, 21027, 541402, 43.35
KUANTUM, EQ, 29-Sep-2026, 76.71, 76.94, 79.59, 76.00, 76.50, 76.73, 77.87, 117773, 91.71, 2825, 42824, 36.36
KUSUMGAR, EQ, 29-Sep-2026, 617.35, 619.90, 628.85, 600.05, 605.00, 606.25, 616.86, 228768, 1411.19, 22826, 110925, 48.49
KWIL, EQ, 29-Sep-2026, 39.81, 40.09, 41.80, 39.61, 40.80, 41.00, 40.86, 14145023, 5779.49, 38450, 5591875, 39.53
LADDERUP, BE, 29-Sep-2026, 52.45, 50.35, 52.40, 50.10, 50.25, 50.25, 50.43, 518, 0.26, 16, -, -
LAGNAM, EQ, 29-Sep-2026, 73.02, 73.99, 73.99, 71.12, 72.00, 72.02, 72.11, 12935, 9.33, 90, 10850, 83.88
LAHOTIOV, EQ, 29-Sep-2026, 40.20, 41.00, 41.00, 39.19, 39.19, 39.26, 39.84, 4167, 1.66, 12, 3548, 85.15
LAKPRE, BZ, 29-Sep-2026, 5.09, 5.34, 5.34, 4.84, 5.24, 5.24, 5.08, 520, 0.03, 15, -, -
LAKSHMIMIL, EQ, 29-Sep-2026, 7689.50, 7600.00, 7799.50, 7500.50, 7620.00, 7620.00, 7576.26, 65, 4.92, 20, 61, 93.85
LAKSHYA, SM, 29-Sep-2026, 118.80, 124.65, 124.65, 112.90, 112.90, 112.90, 118.26, 120800, 142.86, 120, 73600, 60.93
LAL, EQ, 29-Sep-2026, 8.69, 8.76, 8.76, 8.53, 8.56, 8.55, 8.62, 4755, 0.41, 61, 4593, 96.59
LALITHAA, EQ, 29-Sep-2026, 357.15, 358.00, 375.00, 357.35, 375.00, 375.00, 372.96, 6239745, 23271.58, 29775, 2536675, 40.65
LALPATHLAB, EQ, 29-Sep-2026, 1942.10, 1943.60, 1971.40, 1930.60, 1946.00, 1950.40, 1956.17, 401450, 7853.05, 50264, 235934, 58.77
LAMBODHARA, EQ, 29-Sep-2026, 135.19, 137.79, 137.99, 131.50, 137.99, 135.41, 133.69, 14809, 19.80, 424, 6943, 46.88
LAMOSAIC, ST, 29-Sep-2026, 51.00, 49.00, 51.95, 49.00, 50.00, 50.00, 49.68, 9000, 4.47, 9, 9000, 100.00
LANCER, EQ, 29-Sep-2026, 11.62, 11.41, 11.95, 10.68, 11.49, 11.41, 11.37, 178590, 20.30, 767, 121691, 68.14
LANCORHOL, BE, 29-Sep-2026, 32.16, 32.10, 33.76, 31.70, 33.76, 33.58, 33.14, 119497, 39.61, 215, -, -
LANDMARK, EQ, 29-Sep-2026, 475.90, 484.00, 537.85, 475.00, 478.00, 487.00, 519.72, 16779945, 87208.19, 289779, 680618, 4.06
LANDSMILL, EQ, 29-Sep-2026, 0.74, 0.85, 0.88, 0.76, 0.88, 0.88, 0.84, 18968243, 159.36, 1780, 10823039, 57.06
LAOPALA, EQ, 29-Sep-2026, 155.88, 156.00, 157.99, 153.01, 156.25, 156.71, 155.31, 79146, 122.92, 3445, 38314, 48.41
LARGEMID50, EQ, 29-Sep-2026, 34.69, 34.58, 34.62, 34.35, 34.54, 34.54, 34.57, 5096, 1.76, 30, 4952, 97.17
LASERPOWER, EQ, 29-Sep-2026, 262.40, 263.90, 273.70, 257.15, 269.05, 270.45, 266.45, 755964, 2014.30, 13229, 398549, 52.72
LATENTVIEW, EQ, 29-Sep-2026, 241.60, 241.50, 244.50, 234.25, 235.10, 235.50, 237.20, 1133664, 2688.99, 26640, 584373, 51.55
LATTEYS, EQ, 29-Sep-2026, 20.75, 20.75, 20.95, 20.33, 20.51, 20.59, 20.59, 29919, 6.16, 222, 22535, 75.32
LAURUSLABS, EQ, 29-Sep-2026, 2010.70, 2020.70, 2024.90, 1979.00, 1979.00, 1979.00, 2003.41, 2431575, 48714.53, 65417, 1498906, 61.64
LAXMICOT, EQ, 29-Sep-2026, 13.25, 13.10, 13.40, 12.69, 13.10, 12.85, 13.28, 9658, 1.28, 59, 8111, 83.98
LAXMIDENTL, EQ, 29-Sep-2026, 192.70, 193.26, 194.90, 191.22, 193.00, 192.49, 192.82, 34056, 65.67, 1305, 13930, 40.90
LAXMIINDIA, EQ, 29-Sep-2026, 118.26, 118.84, 121.00, 114.51, 118.89, 118.84, 118.55, 141482, 167.73, 2532, 68796, 48.63
LCCINFOTEC, EQ, 29-Sep-2026, 4.02, 4.06, 4.16, 3.82, 3.84, 3.90, 4.00, 165072, 6.60, 264, 124677, 75.53
LCCPROJECT, EQ, 29-Sep-2026, 149.35, 149.50, 152.50, 148.12, 150.70, 150.82, 150.76, 1143036, 1723.23, 13014, 308472, 26.99
LCL, EQ, 29-Sep-2026, 570.20, 571.35, 589.10, 564.25, 580.00, 581.65, 578.98, 282585, 1636.10, 19746, 101029, 35.75
LEAPIND, EQ, 29-Sep-2026, 135.36, 135.00, 139.60, 133.94, 136.65, 137.44, 137.00, 1202434, 1647.32, 16607, 402682, 33.49
LEENEE, BE, 29-Sep-2026, 7.57, 7.54, 7.90, 7.30, 7.58, 7.58, 7.44, 7840, 0.58, 47, -, -
LEMERITE, EQ, 29-Sep-2026, 20.01, 19.15, 20.30, 19.01, 20.19, 19.95, 19.34, 618998, 119.69, 697, 298923, 48.29
LEMONTREE, EQ, 29-Sep-2026, 103.82, 103.82, 104.70, 102.00, 104.16, 104.17, 103.61, 1918428, 1987.66, 21734, 978282, 50.99
LENSKART, EQ, 29-Sep-2026, 655.20, 655.20, 682.60, 648.30, 674.90, 674.60, 668.69, 6208921, 41518.62, 119386, 3931736, 63.32
LEXUS, EQ, 29-Sep-2026, 12.18, 12.44, 12.44, 11.32, 11.80, 11.82, 11.89, 25447, 3.03, 191, 20523, 80.65
LFIC, EQ, 29-Sep-2026, 131.49, 130.00, 132.90, 129.06, 129.50, 129.51, 129.54, 1151, 1.49, 57, 708, 61.51
LGBBROSLTD, EQ, 29-Sep-2026, 1730.60, 1730.40, 1742.50, 1699.80, 1730.00, 1730.10, 1724.06, 26837, 462.68, 3959, 15524, 57.85
LGEINDIA, EQ, 29-Sep-2026, 1730.70, 1724.00, 1743.90, 1704.10, 1740.00, 1739.20, 1730.65, 622387, 10771.35, 49415, 412377, 66.26
LGHL, EQ, 29-Sep-2026, 181.28, 184.92, 185.00, 178.00, 178.00, 178.72, 182.57, 7220, 13.18, 267, 1800, 24.93
LIBAS, EQ, 29-Sep-2026, 11.47, 11.52, 12.29, 11.21, 12.00, 11.98, 11.73, 62782, 7.36, 301, 50973, 81.19
LIBERTSHOE, EQ, 29-Sep-2026, 226.20, 229.06, 229.06, 221.05, 226.01, 225.54, 224.21, 15992, 35.86, 872, 9386, 58.69
LICHSGFIN, EQ, 29-Sep-2026, 564.15, 564.55, 566.75, 548.50, 548.50, 548.50, 559.77, 2870480, 16068.23, 33040, 1430540, 49.84
LICI, EQ, 29-Sep-2026, 400.65, 400.00, 401.00, 390.00, 390.00, 390.00, 396.77, 9662972, 38339.54, 72675, 6864799, 71.04
LICMFGOLD, EQ, 29-Sep-2026, 132.20, 132.60, 132.70, 130.75, 132.45, 131.75, 131.74, 36707, 48.36, 553, 18214, 49.62
LICNETFGSC, EQ, 29-Sep-2026, 28.98, 28.98, 29.12, 28.90, 29.07, 29.06, 29.01, 204722, 59.39, 84, 198006, 96.72
LICNETFN50, EQ, 29-Sep-2026, 256.17, 262.57, 262.57, 254.06, 256.90, 256.90, 255.68, 463, 1.18, 44, 265, 57.24
LICNETFSEN, EQ, 29-Sep-2026, 824.30, 824.00, 824.00, 804.15, 804.15, 804.15, 814.08, 2, 0.02, 2, 1, 50.00
LICNFNHGP, EQ, 29-Sep-2026, 265.50, 270.81, 271.47, 258.00, 270.20, 268.85, 265.17, 181, 0.48, 23, 108, 59.67
LICNMID100, EQ, 29-Sep-2026, 62.75, 61.35, 62.55, 59.26, 59.71, 60.29, 60.52, 30506, 18.46, 312, 10594, 34.73
LIKHITHA, EQ, 29-Sep-2026, 228.63, 228.63, 228.63, 221.00, 221.00, 222.85, 224.26, 23060, 51.71, 798, 14283, 61.94
LINC, EQ, 29-Sep-2026, 89.65, 89.86, 91.73, 88.00, 88.58, 88.84, 89.85, 132429, 118.99, 580, 124505, 94.02
LINCOLN, EQ, 29-Sep-2026, 581.85, 583.00, 595.90, 582.00, 582.55, 584.30, 585.17, 15006, 87.81, 1005, 7595, 50.61
LINDEINDIA, EQ, 29-Sep-2026, 6191.00, 6190.00, 6335.00, 6175.00, 6180.00, 6199.50, 6233.31, 32043, 1997.34, 9312, 14374, 44.86
LIQGRWBEES, EQ, 29-Sep-2026, 1057.23, 1057.37, 1057.39, 1057.36, 1057.38, 1057.36, 1057.37, 121996, 1289.94, 174, 116270, 95.31
LIQUID, EQ, 29-Sep-2026, 999.99, 999.99, 1000.00, 999.99, 1000.00, 999.99, 999.99, 319932, 3199.30, 197, 187008, 58.45
LIQUID1, EQ, 29-Sep-2026, 1124.55, 1124.70, 1147.04, 1122.98, 1124.70, 1124.68, 1124.83, 1751016, 19695.87, 4228, 1056179, 60.32
LIQUIDADD, EQ, 29-Sep-2026, 1146.67, 1152.40, 1152.40, 1146.82, 1146.82, 1146.82, 1146.83, 706908, 8107.06, 337, 522227, 73.87
LIQUIDBEES, EQ, 29-Sep-2026, 999.99, 1000.00, 1000.01, 994.99, 1000.01, 1000.00, 1000.00, 6333869, 63338.80, 6641, 4634168, 73.16
LIQUIDBETF, EQ, 29-Sep-2026, 1100.63, 1100.77, 1100.77, 1100.75, 1100.76, 1100.75, 1100.76, 290803, 3201.04, 120, 187050, 64.32
LIQUIDCASE, EQ, 29-Sep-2026, 116.11, 116.12, 116.14, 116.12, 116.13, 116.12, 116.13, 28943277, 33610.97, 15108, 21506252, 74.30
LIQUIDETF, EQ, 29-Sep-2026, 999.99, 999.99, 1000.01, 999.99, 1000.00, 999.99, 1000.00, 68481, 684.81, 226, 48903, 71.41
LIQUIDIETF, EQ, 29-Sep-2026, 999.99, 1000.00, 1000.01, 999.99, 1000.00, 999.99, 1000.00, 235047, 2350.47, 246, 152325, 64.81
LIQUIDPLUS, EQ, 29-Sep-2026, 1105.09, 1106.75, 1110.62, 1105.23, 1105.25, 1105.23, 1105.25, 560381, 6193.60, 292, 495998, 88.51
LIQUIDSBI, EQ, 29-Sep-2026, 999.99, 999.99, 1000.01, 999.99, 1000.01, 1000.00, 999.99, 2804, 28.04, 27, 2228, 79.46
LIQUIDSHRI, EQ, 29-Sep-2026, 1123.27, 1123.40, 1123.42, 1123.40, 1123.42, 1123.41, 1123.40, 4650, 52.24, 16, 3706, 79.70
LKPSEC, EQ, 29-Sep-2026, 13.76, 13.90, 14.44, 13.70, 14.26, 14.27, 14.07, 4705, 0.66, 99, 3756, 79.83
LLOYDS, SM, 29-Sep-2026, 60.00, 57.10, 60.00, 57.00, 60.00, 60.00, 58.14, 8000, 4.65, 8, 6000, 75.00
LLOYDSENGG, EQ, 29-Sep-2026, 95.97, 95.97, 103.45, 95.10, 102.00, 102.19, 100.25, 39990276, 40090.47, 146950, 9956332, 24.90
LLOYDSENT, EQ, 29-Sep-2026, 76.33, 76.30, 80.40, 75.12, 79.00, 79.13, 78.45, 4987982, 3913.06, 31941, 2027680, 40.65
LLOYDSME, EQ, 29-Sep-2026, 1836.30, 1840.30, 1908.10, 1822.70, 1894.00, 1902.20, 1879.15, 459165, 8628.42, 32649, 241980, 52.70
LMW, EQ, 29-Sep-2026, 16966.00, 16967.00, 17111.00, 16761.00, 16939.00, 16957.00, 16957.36, 2629, 445.81, 1132, 1428, 54.32
LODHA, EQ, 29-Sep-2026, 1117.10, 1121.00, 1128.00, 1096.30, 1106.60, 1106.60, 1110.74, 7960815, 88424.10, 64725, 6249247, 78.50
LOKESHMACH, EQ, 29-Sep-2026, 326.10, 335.00, 347.65, 319.00, 344.00, 341.55, 335.08, 34155, 114.45, 1523, 19751, 57.83
LORDSCHLO, EQ, 29-Sep-2026, 148.20, 151.00, 151.00, 139.01, 142.40, 140.34, 142.12, 26426, 37.56, 982, 16211, 61.34
LOTUSCHO, EQ, 29-Sep-2026, 564.20, 556.10, 567.00, 544.00, 555.00, 554.55, 551.65, 5152, 28.42, 407, 3993, 77.50
LOTUSDEV, BE, 29-Sep-2026, 208.05, 206.00, 217.80, 202.15, 214.00, 214.15, 214.35, 910440, 1951.50, 3584, -, -
LOTUSEYE, EQ, 29-Sep-2026, 114.78, 115.00, 117.00, 112.62, 114.84, 113.20, 114.19, 11294, 12.90, 223, 9058, 80.20
LOVABLE, EQ, 29-Sep-2026, 70.21, 70.99, 71.78, 69.75, 71.29, 71.00, 70.30, 8575, 6.03, 124, 5653, 65.92
LOWVOL, EQ, 29-Sep-2026, 195.72, 195.08, 195.39, 194.40, 195.10, 195.10, 194.96, 1124, 2.19, 28, 566, 50.36
LOWVOL1, EQ, 29-Sep-2026, 20.16, 20.31, 20.31, 19.84, 19.85, 19.88, 19.97, 157672, 31.48, 12254, 77098, 48.90
LOWVOLIETF, EQ, 29-Sep-2026, 21.00, 21.12, 21.39, 20.59, 21.04, 20.85, 20.84, 959949, 200.04, 15431, 478370, 49.83
LOYALTEX, EQ, 29-Sep-2026, 211.73, 210.10, 212.99, 206.25, 206.25, 207.28, 208.09, 475, 0.99, 21, 320, 67.37
LPDC, EQ, 29-Sep-2026, 6.41, 6.14, 6.53, 6.14, 6.25, 6.22, 6.21, 66105, 4.10, 234, 39164, 59.25
LRRPL, SM, 29-Sep-2026, 98.15, 103.00, 103.05, 103.00, 103.05, 103.05, 103.03, 28500, 29.36, 16, 28500, 100.00
LT, EQ, 29-Sep-2026, 3766.40, 3768.00, 3791.80, 3740.20, 3749.10, 3749.10, 3760.79, 2546475, 95767.48, 135267, 1651943, 64.87
LTF, EQ, 29-Sep-2026, 280.85, 279.50, 281.30, 269.45, 271.05, 271.05, 272.93, 13974932, 38141.36, 87146, 7181741, 51.39
LTFOODS, EQ, 29-Sep-2026, 408.50, 407.00, 413.80, 401.20, 402.50, 402.80, 406.63, 351308, 1428.52, 19134, 172844, 49.20
LTGILTBEES, EQ, 29-Sep-2026, 29.52, 29.52, 29.60, 29.52, 29.60, 29.55, 29.55, 1180432, 348.86, 551, 1083562, 91.79
LTGILTCASE, EQ, 29-Sep-2026, 30.09, 30.69, 30.69, 30.10, 30.14, 30.15, 30.14, 70790, 21.34, 176, 68878, 97.30
LTM, EQ, 29-Sep-2026, 4091.40, 4091.40, 4183.60, 3936.00, 3936.00, 3936.00, 4082.38, 1014142, 41401.17, 63179, 518759, 51.15
LTTS, EQ, 29-Sep-2026, 3211.60, 3211.60, 3227.30, 3051.80, 3105.00, 3081.60, 3114.37, 114793, 3575.08, 23086, 55221, 48.10
LUMAXIND, EQ, 29-Sep-2026, 5676.00, 5651.00, 5861.50, 5607.00, 5622.00, 5691.50, 5738.97, 25442, 1460.11, 7656, 8972, 35.26
LUMAXTECH, EQ, 29-Sep-2026, 2032.00, 2032.00, 2035.90, 1972.30, 2016.00, 2011.70, 2009.33, 79524, 1597.90, 16543, 37873, 47.62
LUMINO, EQ, 29-Sep-2026, 104.79, 104.61, 106.45, 103.53, 104.35, 104.40, 104.80, 3576565, 3748.37, 20561, 813217, 22.74
LUPIN, EQ, 29-Sep-2026, 2062.00, 2076.00, 2097.10, 2052.10, 2052.10, 2052.10, 2073.93, 942745, 19551.85, 48434, 484588, 51.40
LUXIND, EQ, 29-Sep-2026, 1124.60, 1112.10, 1130.90, 1094.50, 1100.00, 1103.60, 1110.44, 19114, 212.25, 2986, 8874, 46.43
LXCHEM, EQ, 29-Sep-2026, 177.47, 177.56, 178.99, 172.72, 176.50, 176.49, 176.24, 922542, 1625.92, 12694, 386846, 41.93
LYKALABS, BE, 29-Sep-2026, 84.14, 82.46, 82.46, 82.46, 82.46, 82.46, 82.46, 1191, 0.98, 18, -, -
M&M, EQ, 29-Sep-2026, 2995.00, 2986.00, 2991.00, 2947.80, 2947.80, 2947.80, 2964.38, 3270487, 96949.64, 142409, 2067736, 63.22
M&MFIN, EQ, 29-Sep-2026, 331.75, 327.00, 331.35, 325.30, 328.10, 328.05, 328.42, 1791118, 5882.37, 52615, 1069181, 59.69
MAANALU, EQ, 29-Sep-2026, 100.86, 102.90, 102.90, 99.76, 100.51, 100.62, 100.85, 25135, 25.35, 648, 13022, 51.81
MACOBSTECH, SM, 29-Sep-2026, 195.00, 192.05, 194.00, 190.00, 192.50, 193.25, 192.28, 9600, 18.46, 11, 7200, 75.00
MACPOWER, EQ, 29-Sep-2026, 2194.60, 2190.00, 2190.00, 2085.30, 2127.00, 2128.10, 2118.32, 55501, 1175.69, 8016, 25489, 45.93
MADHAV, EQ, 29-Sep-2026, 35.82, 35.10, 35.50, 34.20, 35.40, 34.81, 35.18, 107, 0.04, 20, 47, 43.93
MADHAVBAUG, ST, 29-Sep-2026, 165.00, 172.90, 173.25, 165.00, 167.80, 167.80, 167.30, 18800, 31.45, 15, 18800, 100.00
MADHAVIPL, EQ, 29-Sep-2026, 7.39, 7.40, 7.60, 7.21, 7.45, 7.41, 7.43, 57075, 4.24, 204, 53501, 93.74
MADHUCON, EQ, 29-Sep-2026, 3.99, 4.14, 4.14, 3.88, 4.05, 4.05, 3.96, 18329, 0.73, 85, 18051, 98.48
MADHURKNIT, SM, 29-Sep-2026, 50.30, 51.00, 53.00, 50.20, 52.90, 52.25, 51.46, 90000, 46.31, 56, 74400, 82.67
MADHUSUDAN, ST, 29-Sep-2026, 241.75, 233.25, 245.90, 233.25, 240.05, 240.00, 242.63, 18000, 43.67, 18, 17000, 94.44
MADRASFERT, EQ, 29-Sep-2026, 59.18, 60.40, 60.40, 58.11, 58.50, 58.55, 58.57, 29421, 17.23, 915, 14524, 49.37
MAFANG, EQ, 29-Sep-2026, 236.35, 241.35, 243.44, 231.08, 239.98, 238.14, 238.25, 450616, 1073.61, 9892, 200355, 44.46
MAFATIND, EQ, 29-Sep-2026, 115.41, 115.30, 116.99, 115.20, 115.20, 115.29, 115.89, 17637, 20.44, 504, 12307, 69.78
MAGADSUGAR, EQ, 29-Sep-2026, 541.20, 544.85, 545.10, 528.10, 535.00, 536.70, 536.24, 12714, 68.18, 1033, 5144, 40.46
MAGNUM, EQ, 29-Sep-2026, 18.88, 19.00, 19.00, 18.52, 18.52, 18.57, 18.62, 6746, 1.26, 94, 5009, 74.25
MAGSON, SM, 29-Sep-2026, 179.60, 179.60, 180.15, 175.00, 180.10, 180.10, 179.72, 250000, 449.30, 21, 247000, 98.80
MAHABANK, EQ, 29-Sep-2026, 80.85, 80.70, 80.74, 79.16, 79.16, 79.16, 79.96, 23053186, 18434.32, 72529, 13098926, 56.82
MAHAPEXLTD, EQ, 29-Sep-2026, 51.08, 50.65, 52.50, 50.21, 50.22, 50.82, 51.53, 5068, 2.61, 85, 3244, 64.01
MAHASTEEL, BE, 29-Sep-2026, 1224.60, 1193.90, 1211.00, 1180.20, 1198.80, 1201.60, 1197.03, 347, 4.15, 45, -, -
MAHEPC, EQ, 29-Sep-2026, 97.06, 98.90, 98.90, 95.30, 96.54, 96.78, 96.63, 12834, 12.40, 504, 8691, 67.72
MAHESHWARI, EQ, 29-Sep-2026, 71.61, 72.00, 74.50, 70.80, 74.50, 73.53, 72.58, 15307, 11.11, 61, 14356, 93.79
MAHICKRA, SM, 29-Sep-2026, 301.00, 299.95, 300.00, 285.10, 300.00, 295.00, 295.02, 2250, 6.64, 3, 750, 33.33
MAHKTECH, EQ, 29-Sep-2026, 21.94, 21.93, 22.08, 21.61, 21.98, 21.90, 21.90, 521137, 114.11, 3661, 401524, 77.05
MAHLIFE, EQ, 29-Sep-2026, 363.10, 361.00, 364.10, 354.40, 359.45, 361.00, 360.32, 88650, 319.42, 4429, 47447, 53.52
MAHLOG, EQ, 29-Sep-2026, 421.80, 420.10, 436.40, 415.80, 424.00, 425.70, 429.44, 458867, 1970.58, 18881, 208676, 45.48
MAHSCOOTER, EQ, 29-Sep-2026, 12804.00, 12804.00, 12804.00, 12110.00, 12299.00, 12341.00, 12318.71, 33036, 4069.61, 13333, 15761, 47.71
MAHSEAMLES, EQ, 29-Sep-2026, 714.35, 710.80, 726.65, 698.00, 726.00, 721.85, 714.76, 534025, 3817.01, 25606, 275026, 51.50
MAITHANALL, EQ, 29-Sep-2026, 939.00, 940.00, 941.45, 921.55, 925.00, 928.20, 929.86, 39509, 367.38, 3700, 19043, 48.20
MAITREYA, SM, 29-Sep-2026, 112.15, 108.00, 109.50, 107.30, 108.75, 109.05, 108.50, 2000, 2.17, 5, 1600, 80.00
MAJESAUT, BE, 29-Sep-2026, 362.75, 366.35, 366.35, 355.60, 361.05, 364.65, 361.52, 704, 2.55, 63, -, -
MAKEINDIA, EQ, 29-Sep-2026, 159.19, 160.83, 160.83, 157.75, 158.09, 158.60, 158.38, 37833, 59.92, 534, 18942, 50.07
MAKERSL, EQ, 29-Sep-2026, 181.13, 180.05, 188.30, 179.99, 181.40, 181.38, 180.93, 1347, 2.44, 189, 1200, 89.09
MAL, ST, 29-Sep-2026, 41.75, 40.05, 40.05, 40.05, 40.05, 40.05, 40.05, 1600, 0.64, 1, 1600, 100.00
MALLCOM, EQ, 29-Sep-2026, 937.90, 937.70, 949.55, 935.00, 938.80, 939.65, 941.37, 535, 5.04, 115, 349, 65.23
MALUPAPER, EQ, 29-Sep-2026, 31.90, 31.70, 32.29, 31.25, 31.65, 31.68, 31.60, 6545, 2.07, 118, 4668, 71.32
MAMATA, EQ, 29-Sep-2026, 401.20, 400.00, 407.95, 392.00, 397.35, 399.50, 399.71, 54563, 218.10, 3390, 27835, 51.01
MANAKALUCO, EQ, 29-Sep-2026, 34.39, 35.40, 35.40, 34.10, 35.35, 34.71, 34.42, 34937, 12.03, 476, 23481, 67.21
MANAKCOAT, EQ, 29-Sep-2026, 125.54, 125.54, 128.59, 125.13, 127.11, 127.29, 126.95, 216998, 275.47, 2317, 134459, 61.96
MANAKSIA, EQ, 29-Sep-2026, 60.19, 60.02, 62.40, 58.53, 62.40, 61.66, 60.59, 78476, 47.55, 2224, 50646, 64.54
MANAKSTEEL, BE, 29-Sep-2026, 110.13, 109.90, 115.63, 107.20, 114.50, 112.57, 113.29, 45890, 51.99, 496, -, -
MANALIPETC, EQ, 29-Sep-2026, 82.02, 82.09, 82.44, 78.82, 80.05, 80.18, 80.40, 1173799, 943.74, 11001, 454881, 38.75
MANAPPURAM, EQ, 29-Sep-2026, 313.00, 312.50, 317.80, 308.55, 316.45, 316.45, 314.04, 9763639, 30661.58, 54758, 3282797, 33.62
MANBA, EQ, 29-Sep-2026, 137.68, 137.11, 140.89, 136.50, 136.50, 136.52, 137.89, 206749, 285.08, 1713, 107208, 51.85
MANCREDIT, EQ, 29-Sep-2026, 217.40, 216.00, 220.00, 213.82, 220.00, 217.36, 218.16, 150144, 327.56, 2104, 11478, 7.64
MANDEEP, SM, 29-Sep-2026, 18.05, 17.80, 17.80, 17.80, 17.80, 17.80, 17.80, 2000, 0.36, 1, 2000, 100.00
MANGALAM, EQ, 29-Sep-2026, 30.90, 30.50, 32.19, 30.11, 31.67, 31.39, 31.25, 30962, 9.68, 469, 16382, 52.91
MANGLMCEM, EQ, 29-Sep-2026, 1000.50, 1000.00, 1023.00, 981.70, 982.20, 985.80, 995.66, 47664, 474.57, 2968, 26458, 55.51
MANIKA, BE, 29-Sep-2026, 41.37, 41.00, 42.20, 40.00, 41.50, 41.83, 41.47, 315655, 130.91, 1130, -, -
MANINDS, EQ, 29-Sep-2026, 953.35, 950.10, 970.20, 900.15, 960.00, 959.60, 943.30, 1000872, 9441.18, 43385, 236396, 23.62
MANINFRA, EQ, 29-Sep-2026, 127.43, 126.95, 130.00, 125.11, 127.60, 127.90, 127.34, 2651032, 3375.86, 15911, 883451, 33.32
MANIPALHOS, EQ, 29-Sep-2026, 722.50, 719.90, 760.00, 717.10, 746.00, 747.75, 743.46, 1423408, 10582.41, 49052, 850384, 59.74
MANKIND, EQ, 29-Sep-2026, 2435.60, 2436.80, 2559.00, 2436.80, 2545.00, 2545.00, 2523.35, 1973968, 49810.11, 84454, 697782, 35.35
MANOMAY, EQ, 29-Sep-2026, 228.58, 230.90, 238.00, 229.18, 232.65, 236.46, 234.60, 363665, 853.17, 9669, 84607, 23.27
MANORAMA, EQ, 29-Sep-2026, 1865.10, 1865.10, 1895.40, 1832.50, 1865.00, 1863.50, 1866.82, 162648, 3036.35, 21307, 77122, 47.42
MANORG, EQ, 29-Sep-2026, 446.55, 452.15, 459.70, 445.00, 446.00, 447.70, 451.21, 4540, 20.48, 296, 3626, 79.87
MANUFGBEES, EQ, 29-Sep-2026, 157.89, 158.00, 158.00, 153.83, 155.70, 156.03, 156.41, 17175, 26.86, 206, 11020, 64.16
MANUGRAPH, BE, 29-Sep-2026, 18.83, 17.89, 17.89, 17.89, 17.89, 17.89, 17.89, 15910, 2.85, 73, -, -
MANYAVAR, EQ, 29-Sep-2026, 541.30, 540.00, 540.00, 529.05, 531.70, 531.70, 532.29, 127295, 677.58, 8138, 57403, 45.09
MAPMYINDIA, EQ, 29-Sep-2026, 866.10, 870.10, 873.90, 840.00, 843.40, 845.20, 851.76, 329311, 2804.94, 17465, 173671, 52.74
MARALOVER, EQ, 29-Sep-2026, 59.37, 61.29, 64.75, 60.00, 60.80, 61.09, 61.90, 23652, 14.64, 281, 15849, 67.01
MARATHON, EQ, 29-Sep-2026, 392.80, 389.65, 400.00, 382.20, 384.95, 384.90, 387.80, 56359, 218.56, 2916, 33779, 59.94
MARC, ST, 29-Sep-2026, 148.00, 147.90, 148.00, 147.90, 148.00, 147.95, 147.95, 2400, 3.55, 2, 2400, 100.00
MARCO, SM, 29-Sep-2026, 28.20, 30.85, 30.85, 28.65, 29.30, 29.25, 29.57, 25500, 7.54, 14, 21000, 82.35
MARICO, EQ, 29-Sep-2026, 813.25, 805.10, 809.10, 787.15, 787.15, 787.15, 799.51, 1626109, 13000.95, 37295, 907583, 55.81
MARINE, EQ, 29-Sep-2026, 428.20, 429.30, 444.50, 423.00, 436.85, 438.25, 436.82, 1949017, 8513.70, 50954, 609396, 31.27
MARINETRAN, ST, 29-Sep-2026, 13.85, 14.50, 14.50, 14.50, 14.50, 14.50, 14.50, 4000, 0.58, 1, 4000, 100.00
MARKOLINES, EQ, 29-Sep-2026, 168.21, 168.61, 168.78, 165.10, 168.05, 167.82, 167.66, 83177, 139.46, 1075, 13614, 16.37
MARKSANS, EQ, 29-Sep-2026, 331.55, 333.00, 347.40, 332.95, 341.00, 342.75, 342.47, 4594619, 15735.36, 78865, 1139288, 24.80
MARSONS, EQ, 29-Sep-2026, 120.13, 120.13, 121.90, 117.50, 118.18, 117.96, 119.26, 1466921, 1749.49, 11222, 749460, 51.09
MARUTI, EQ, 29-Sep-2026, 12008.00, 12046.00, 12046.00, 11831.00, 11877.00, 11877.00, 11926.49, 519770, 61990.32, 60480, 260314, 50.08
MASFIN, EQ, 29-Sep-2026, 279.10, 279.00, 287.00, 273.15, 277.00, 281.40, 278.06, 224150, 623.26, 8910, 129848, 57.93
MASKINVEST, EQ, 29-Sep-2026, 141.71, 148.00, 148.79, 141.71, 141.71, 147.18, 147.26, 57, 0.08, 6, 47, 82.46
MASON, SM, 29-Sep-2026, 108.00, 106.70, 108.50, 104.00, 107.05, 107.25, 106.28, 9000, 9.57, 16, 7000, 77.78
MASPTOP50, EQ, 29-Sep-2026, 98.54, 96.57, 101.00, 96.31, 99.90, 99.50, 98.39, 546525, 537.71, 6936, 327568, 59.94
MASTEK, EQ, 29-Sep-2026, 1555.90, 1559.80, 1569.00, 1518.00, 1522.00, 1523.40, 1535.21, 56384, 865.62, 11873, 21327, 37.82
MASTER, SM, 29-Sep-2026, 392.00, 395.00, 399.00, 375.00, 390.00, 390.00, 391.14, 3500, 13.69, 7, 3500, 100.00
MASTERTR, EQ, 29-Sep-2026, 83.13, 82.50, 83.66, 81.95, 82.51, 83.11, 82.80, 120809, 100.03, 822, 29792, 24.66
MATRIMONY, EQ, 29-Sep-2026, 521.35, 524.90, 530.95, 511.00, 515.00, 519.25, 523.68, 11775, 61.66, 569, 7269, 61.73
MAWANASUG, EQ, 29-Sep-2026, 145.90, 146.50, 147.65, 141.70, 144.00, 145.05, 144.72, 302819, 438.25, 4729, 89263, 29.48
MAXESTATES, EQ, 29-Sep-2026, 571.85, 574.90, 576.95, 559.40, 570.00, 569.25, 567.52, 80560, 457.20, 4952, 35772, 44.40
MAXHEALTH, EQ, 29-Sep-2026, 1000.10, 993.00, 1000.10, 979.00, 982.10, 982.10, 988.42, 2611378, 25811.51, 47114, 1744886, 66.82
MAXIND, EQ, 29-Sep-2026, 155.35, 153.27, 162.00, 152.75, 162.00, 160.24, 156.89, 144805, 227.18, 2312, 99381, 68.63
MAXPOSURE, SM, 29-Sep-2026, 37.55, 37.25, 38.20, 37.00, 37.95, 37.95, 37.58, 8000, 3.01, 8, 5000, 62.50
MAXVOLT, SM, 29-Sep-2026, 447.15, 447.00, 459.80, 442.05, 448.00, 447.25, 448.06, 53200, 238.37, 122, 34800, 65.41
MAYURUNIQ, EQ, 29-Sep-2026, 717.05, 717.05, 739.50, 708.95, 725.00, 727.25, 727.87, 74060, 539.06, 5518, 35500, 47.93
MAZDA, BE, 29-Sep-2026, 285.15, 285.55, 294.80, 272.50, 289.00, 288.90, 289.46, 46614, 134.93, 614, -, -
MAZDOCK, EQ, 29-Sep-2026, 2138.00, 2136.00, 2137.40, 2087.10, 2087.10, 2087.10, 2104.81, 738710, 15548.43, 37590, 304951, 41.28
MBAPL, EQ, 29-Sep-2026, 166.81, 166.00, 170.50, 164.02, 166.43, 166.84, 168.15, 1701743, 2861.55, 16398, 811000, 47.66
MBECL, BE, 29-Sep-2026, 465.52, 474.83, 474.83, 472.32, 474.83, 474.83, 474.82, 3657, 17.36, 100, -, -
MBEL, EQ, 29-Sep-2026, 251.85, 250.35, 254.95, 245.80, 250.75, 251.50, 250.69, 90202, 226.13, 6096, 43822, 48.58
MBLINFRA, EQ, 29-Sep-2026, 20.80, 20.80, 21.84, 20.71, 21.84, 21.77, 21.57, 141641, 30.55, 363, 100963, 71.28
MCCHRLS-B, EQ, 29-Sep-2026, 677.90, 702.00, 702.00, 655.00, 698.90, 695.35, 658.60, 848, 5.58, 64, 778, 91.75
MCL, EQ, 29-Sep-2026, 58.60, 58.02, 58.79, 57.06, 57.50, 57.64, 58.01, 44594, 25.87, 813, 29062, 65.17
MCLEODRUSS, EQ, 29-Sep-2026, 43.67, 42.92, 44.18, 42.92, 43.70, 43.56, 43.54, 185587, 80.81, 1435, 95889, 51.67
MCLOUD, EQ, 29-Sep-2026, 23.95, 23.96, 26.20, 23.52, 25.35, 25.12, 25.33, 10129306, 2565.76, 27319, 1148330, 11.34
MCON, SM, 29-Sep-2026, 39.50, 38.75, 40.95, 38.75, 40.95, 40.95, 39.36, 8000, 3.15, 6, 7000, 87.50
MCX, EQ, 29-Sep-2026, 3263.50, 3248.00, 3344.00, 3232.00, 3232.00, 3232.00, 3300.94, 2094968, 69153.64, 134527, 996827, 47.58
MEDANTA, EQ, 29-Sep-2026, 1433.40, 1440.80, 1452.50, 1402.00, 1423.90, 1415.10, 1414.75, 205609, 2908.86, 27333, 114432, 55.66
MEDIASSIST, EQ, 29-Sep-2026, 307.75, 308.00, 310.35, 303.00, 306.35, 306.70, 307.42, 251204, 772.25, 9950, 152357, 60.65
MEDICAMEQ, BE, 29-Sep-2026, 326.95, 330.00, 330.00, 317.50, 323.90, 322.00, 322.58, 24859, 80.19, 213, -, -
MEDICAPQ, BE, 29-Sep-2026, 25.22, 25.97, 26.48, 25.97, 26.48, 26.48, 26.42, 6188, 1.63, 19, -, -
MEDICO, EQ, 29-Sep-2026, 22.30, 22.51, 23.69, 20.47, 22.00, 21.84, 21.90, 1914068, 419.28, 8177, 808178, 42.22
MEDIORG, SM, 29-Sep-2026, 22.95, 23.95, 24.05, 23.95, 24.05, 24.05, 24.04, 24000, 5.77, 7, 22000, 91.67
MEDISTEP, SM, 29-Sep-2026, 21.50, 21.20, 21.20, 21.20, 21.20, 21.20, 21.20, 3000, 0.64, 1, 3000, 100.00
MEDPLUS, EQ, 29-Sep-2026, 653.00, 656.00, 657.55, 652.00, 653.00, 654.00, 654.28, 90377, 591.32, 10141, 55614, 61.54
MEESHO, EQ, 29-Sep-2026, 216.83, 216.83, 226.41, 211.77, 222.49, 223.21, 219.58, 31046538, 68171.81, 205592, 14624229, 47.10
MEGASTAR, EQ, 29-Sep-2026, 248.30, 262.00, 271.90, 236.05, 252.10, 253.15, 257.02, 19735, 50.72, 813, 12497, 63.32
MEGATHERM, SM, 29-Sep-2026, 251.20, 251.20, 252.95, 246.00, 248.00, 248.00, 248.68, 8800, 21.88, 21, 5200, 59.09
MEIL, EQ, 29-Sep-2026, 269.35, 269.35, 269.35, 261.20, 263.40, 266.40, 264.77, 37214, 98.53, 1424, 16498, 44.33
MENNPIS, BE, 29-Sep-2026, 72.05, 71.00, 72.80, 70.25, 72.50, 72.04, 71.50, 11658, 8.34, 130, -, -
MENONBE, EQ, 29-Sep-2026, 290.85, 289.50, 304.45, 275.00, 293.90, 291.10, 288.05, 161630, 465.58, 2719, 102741, 63.57
MEP, BZ, 29-Sep-2026, 0.67, 0.68, 0.68, 0.68, 0.68, 0.68, 0.68, 2709, 0.02, 7, -, -
MERCANTILE, EQ, 29-Sep-2026, 23.16, 22.02, 22.70, 22.00, 22.00, 22.14, 22.09, 434, 0.10, 18, 328, 75.58
MERCURYEV, EQ, 29-Sep-2026, 38.93, 38.37, 38.92, 36.27, 38.70, 38.69, 37.98, 192944, 73.28, 2122, 84515, 43.80
METAL, EQ, 29-Sep-2026, 12.96, 13.28, 13.28, 12.37, 13.01, 13.02, 12.99, 1791595, 232.64, 5422, 1047659, 58.48
METALIC, ST, 29-Sep-2026, 188.00, 182.80, 182.80, 178.60, 178.60, 178.60, 179.91, 33600, 60.45, 20, 33600, 100.00
METALIETF, EQ, 29-Sep-2026, 12.91, 12.91, 13.06, 12.78, 12.98, 13.02, 12.92, 6311086, 815.19, 8659, 2635397, 41.76
METROBRAND, EQ, 29-Sep-2026, 875.15, 879.00, 881.90, 856.05, 872.75, 872.15, 867.81, 17677, 153.40, 3895, 7352, 41.59
METROGLOBL, EQ, 29-Sep-2026, 130.00, 131.99, 132.00, 127.10, 127.52, 131.90, 129.86, 461, 0.60, 20, 318, 68.98
METROPOLIS, EQ, 29-Sep-2026, 572.30, 572.85, 580.85, 560.20, 565.00, 562.30, 566.06, 249077, 1409.92, 15226, 150973, 60.61
MFML, EQ, 29-Sep-2026, 18.46, 18.11, 19.51, 18.11, 19.22, 18.46, 19.11, 1442, 0.28, 27, 1300, 90.15
MFSL, EQ, 29-Sep-2026, 1444.00, 1459.90, 1459.90, 1381.00, 1392.40, 1392.40, 1395.23, 955322, 13328.97, 62576, 429239, 44.93
MGEL, EQ, 29-Sep-2026, 15.97, 16.08, 16.20, 15.55, 16.14, 16.11, 15.97, 591494, 94.49, 900, 415585, 70.26
MGL, EQ, 29-Sep-2026, 1048.80, 1048.80, 1063.50, 1035.00, 1050.00, 1050.50, 1051.42, 113670, 1195.15, 15859, 60524, 53.25
MGSL, SM, 29-Sep-2026, 63.95, 63.00, 63.30, 59.50, 63.25, 63.25, 61.53, 94800, 58.33, 70, 62400, 65.82
MHHL, SM, 29-Sep-2026, 33.15, 32.50, 32.50, 32.50, 32.50, 32.50, 32.50, 1500, 0.49, 1, 1500, 100.00
MHLXMIRU, BE, 29-Sep-2026, 173.55, 174.41, 179.00, 172.08, 176.88, 176.39, 175.64, 10221, 17.95, 93, -, -
MHRIL, EQ, 29-Sep-2026, 195.92, 195.92, 196.82, 192.85, 195.00, 194.49, 194.72, 55373, 107.82, 2699, 31647, 57.15
MICEL, BE, 29-Sep-2026, 35.38, 34.68, 36.00, 34.68, 36.00, 36.00, 35.17, 167265, 58.83, 482, -, -
MICROPRO, SM, 29-Sep-2026, 18.00, 18.00, 18.00, 18.00, 18.00, 18.00, 18.00, 1600, 0.29, 1, 1600, 100.00
MID150, EQ, 29-Sep-2026, 22.51, 22.20, 22.88, 22.06, 22.39, 22.23, 22.56, 178874, 40.35, 397, 95951, 53.64
MID150BEES, EQ, 29-Sep-2026, 228.59, 229.99, 229.99, 226.11, 227.50, 227.38, 227.46, 1006465, 2289.32, 14020, 615755, 61.18
MID150CASE, EQ, 29-Sep-2026, 11.14, 11.41, 11.41, 11.00, 11.10, 11.06, 11.07, 1753428, 194.17, 3678, 835693, 47.66
MIDBANKADD, EQ, 29-Sep-2026, 16.52, 16.50, 16.70, 16.26, 16.46, 16.46, 16.29, 105024, 17.11, 51, 103158, 98.22
MIDCAP, EQ, 29-Sep-2026, 17.64, 17.64, 17.66, 17.39, 17.50, 17.52, 17.52, 744225, 130.39, 1467, 409957, 55.09
MIDCAPADD, EQ, 29-Sep-2026, 22.18, 22.62, 22.62, 21.91, 22.07, 22.06, 22.01, 8405, 1.85, 187, 4986, 59.32
MIDCAPBETA, EQ, 29-Sep-2026, 229.85, 225.00, 227.49, 221.70, 224.60, 224.61, 223.27, 9566, 21.36, 118, 5633, 58.89
MIDCAPETF, EQ, 29-Sep-2026, 22.58, 22.65, 22.65, 22.35, 22.39, 22.44, 22.47, 2885175, 648.22, 7832, 2254588, 78.14
MIDCAPIETF, EQ, 29-Sep-2026, 22.90, 22.91, 22.95, 22.60, 22.80, 22.75, 22.75, 1267300, 288.29, 2650, 706656, 55.76
MIDHANI, EQ, 29-Sep-2026, 416.00, 412.30, 427.00, 406.05, 419.50, 419.10, 418.69, 937182, 3923.93, 26955, 317922, 33.92
MIDQ50ADD, EQ, 29-Sep-2026, 24.01, 24.25, 24.25, 23.67, 23.80, 23.78, 23.76, 106238, 25.24, 386, 96399, 90.74
MIDSELIETF, EQ, 29-Sep-2026, 18.82, 18.82, 18.98, 18.56, 18.60, 18.72, 18.69, 277242, 51.81, 745, 207811, 74.96
MIDSMALL, EQ, 29-Sep-2026, 50.25, 50.26, 50.39, 49.75, 49.95, 49.98, 50.01, 254332, 127.20, 983, 170453, 67.02
MIDWESTLTD, EQ, 29-Sep-2026, 899.90, 895.10, 901.10, 869.00, 869.50, 877.00, 883.78, 60800, 537.34, 5622, 34174, 56.21
MIEL, SM, 29-Sep-2026, 13.20, 13.60, 13.85, 13.60, 13.70, 13.70, 13.70, 12000, 1.64, 6, 10000, 83.33
MIIL, EQ, 29-Sep-2026, 686.65, 697.00, 702.00, 676.65, 698.90, 692.05, 683.89, 59879, 409.51, 1562, 36311, 60.64
MILKYMIST, BE, 29-Sep-2026, 315.12, 306.20, 320.25, 305.00, 318.00, 317.99, 310.79, 1348570, 4191.17, 15911, -, -
MINALIND, BE, 29-Sep-2026, 4.59, 4.50, 4.50, 4.50, 4.50, 4.50, 4.50, 1928, 0.09, 16, -, -
MINDACORP, EQ, 29-Sep-2026, 673.00, 670.00, 678.25, 661.00, 674.00, 672.75, 671.66, 509602, 3422.77, 41740, 237181, 46.54
MINDSPACE, RR, 29-Sep-2026, 504.48, 506.40, 508.68, 495.00, 496.50, 495.83, 500.39, 274850, 1375.33, 8851, 215976, 78.58
MINDTECK, EQ, 29-Sep-2026, 153.62, 152.61, 156.50, 150.80, 152.15, 153.34, 153.48, 18274, 28.05, 762, 9235, 50.54
MIRZAINT, EQ, 29-Sep-2026, 28.68, 29.00, 29.00, 28.00, 28.13, 28.09, 28.20, 100699, 28.40, 872, 68681, 68.20
MITCON, EQ, 29-Sep-2026, 83.20, 82.00, 85.50, 79.00, 82.52, 82.66, 82.03, 82800, 67.92, 152, 80447, 97.16
MITTAL, EQ, 29-Sep-2026, 0.71, 0.72, 0.73, 0.71, 0.73, 0.72, 0.72, 626550, 4.51, 244, 581216, 92.76
MKEXIM, EQ, 29-Sep-2026, 69.35, 69.99, 69.99, 65.65, 67.69, 66.72, 67.02, 9728, 6.52, 143, 8099, 83.25
MKPL, EQ, 29-Sep-2026, 3.97, 4.04, 4.04, 3.90, 3.90, 3.92, 3.94, 133265, 5.25, 413, 101830, 76.41
MLKFOOD, EQ, 29-Sep-2026, 83.65, 84.06, 85.00, 80.00, 84.35, 84.24, 82.38, 8471, 6.98, 264, 4453, 52.57
MMFL, EQ, 29-Sep-2026, 604.50, 604.00, 617.50, 596.20, 614.20, 612.50, 607.97, 48405, 294.29, 3488, 19483, 40.25
MMP, EQ, 29-Sep-2026, 452.25, 452.25, 461.65, 442.70, 445.00, 447.55, 452.10, 88251, 398.98, 4214, 40376, 45.75
MMTC, EQ, 29-Sep-2026, 56.40, 56.10, 57.68, 55.72, 56.57, 56.76, 56.71, 1284719, 728.56, 13116, 392531, 30.55
MMWL, EQ, 29-Sep-2026, 14.56, 14.90, 14.90, 13.99, 14.01, 14.12, 14.24, 4355, 0.62, 99, 3745, 85.99
MNC, EQ, 29-Sep-2026, 31.93, 32.00, 32.97, 31.20, 31.79, 31.77, 31.84, 121051, 38.54, 1684, 55623, 45.95
MOALPHA50, EQ, 29-Sep-2026, 54.64, 54.65, 56.50, 52.79, 54.85, 54.90, 54.32, 18602, 10.10, 189, 16170, 86.93
MOBANK10, EQ, 29-Sep-2026, 16.20, 16.38, 16.48, 15.90, 16.19, 16.04, 16.06, 1562, 0.25, 69, 1450, 92.83
MOBIKWIK, EQ, 29-Sep-2026, 199.06, 198.25, 199.18, 192.82, 194.95, 194.93, 195.31, 715786, 1398.02, 10507, 221979, 31.01
MOBILISE, SM, 29-Sep-2026, 103.45, 98.35, 98.35, 98.35, 98.35, 98.35, 98.35, 3200, 3.15, 2, 3200, 100.00
MOCAPITAL, EQ, 29-Sep-2026, 51.77, 53.01, 53.01, 51.20, 51.60, 51.55, 51.60, 714705, 368.78, 3448, 388448, 54.35
MODEFENCE, EQ, 29-Sep-2026, 101.45, 101.60, 101.76, 99.81, 101.50, 101.29, 100.74, 1106009, 1114.15, 10216, 482221, 43.60
MODINATUR, EQ, 29-Sep-2026, 338.60, 339.70, 347.90, 333.25, 339.15, 339.65, 339.93, 2579, 8.77, 147, 1927, 74.72
MODIRUBBER, EQ, 29-Sep-2026, 121.00, 120.90, 122.50, 111.00, 122.10, 121.89, 118.63, 5863, 6.96, 133, 2761, 47.09
MODIS, EQ, 29-Sep-2026, 362.85, 360.10, 373.00, 356.10, 368.00, 367.15, 368.91, 59405, 219.15, 1210, 46089, 77.58
MODISONLTD, BE, 29-Sep-2026, 429.70, 427.75, 449.95, 423.75, 446.20, 447.75, 434.30, 53456, 232.16, 760, -, -
MODTHREAD, EQ, 29-Sep-2026, 47.75, 47.80, 47.98, 47.19, 47.20, 47.19, 47.59, 2325, 1.11, 24, 2325, 100.00
MOENERGY, EQ, 29-Sep-2026, 37.05, 37.04, 37.48, 36.31, 36.76, 36.92, 36.75, 93404, 34.32, 773, 65241, 69.85
MOGOLD, EQ, 29-Sep-2026, 145.05, 145.45, 145.45, 143.65, 144.45, 144.45, 144.53, 17008, 24.58, 351, 9646, 56.71
MOGSEC, EQ, 29-Sep-2026, 64.51, 65.12, 65.30, 64.65, 64.67, 64.66, 64.91, 5204, 3.38, 82, 3724, 71.56
MOHEALTH, EQ, 29-Sep-2026, 52.09, 50.78, 52.89, 50.78, 52.22, 52.21, 52.05, 27494, 14.31, 519, 17858, 64.95
MOHITE, EQ, 29-Sep-2026, 2.40, 2.46, 2.54, 2.37, 2.53, 2.53, 2.45, 25190, 0.62, 95, 22268, 88.40
MOHITIND, EQ, 29-Sep-2026, 22.89, 23.00, 23.48, 22.63, 23.00, 22.97, 23.00, 11464, 2.64, 31, 11379, 99.26
MOIL, EQ, 29-Sep-2026, 242.05, 242.75, 244.50, 237.10, 244.00, 243.96, 241.72, 474777, 1147.64, 10798, 218943, 46.11
MOINFRA, EQ, 29-Sep-2026, 56.77, 56.88, 56.88, 56.00, 56.74, 56.62, 56.34, 4097, 2.31, 75, 4076, 99.49
MOIPO, EQ, 29-Sep-2026, 46.36, 46.36, 46.59, 45.22, 46.43, 46.43, 46.23, 4149, 1.92, 35, 2425, 58.45
MOKSH, EQ, 29-Sep-2026, 9.80, 10.00, 10.00, 9.51, 9.51, 9.60, 9.66, 71208, 6.88, 339, 52969, 74.39
MOL, EQ, 29-Sep-2026, 56.96, 56.90, 57.88, 56.05, 56.91, 57.27, 57.03, 538823, 307.29, 4612, 226073, 41.96
MOLBIO, EQ, 29-Sep-2026, 1237.50, 1231.20, 1275.00, 1221.00, 1272.00, 1255.60, 1249.72, 435362, 5440.81, 26820, 121044, 27.80
MOLDTECH, BE, 29-Sep-2026, 197.29, 202.00, 207.15, 197.65, 202.78, 201.49, 201.55, 34982, 70.51, 510, -, -
MOLDTKPAC, EQ, 29-Sep-2026, 649.40, 650.00, 653.05, 637.00, 639.00, 642.95, 642.99, 52648, 338.52, 5224, 33410, 63.46
MOLOWVOL, EQ, 29-Sep-2026, 34.75, 34.71, 34.71, 33.62, 34.57, 34.57, 34.17, 1001288, 342.16, 187, 197746, 19.75
MOM100, EQ, 29-Sep-2026, 64.83, 64.83, 65.19, 63.97, 64.59, 64.55, 64.36, 403190, 259.50, 3386, 213804, 53.03
MOM30IETF, EQ, 29-Sep-2026, 30.19, 30.19, 30.50, 29.93, 30.38, 30.30, 30.19, 1034536, 312.29, 1918, 687564, 66.46
MOM50, EQ, 29-Sep-2026, 239.55, 241.95, 241.95, 237.00, 239.05, 239.16, 238.07, 4690, 11.17, 136, 3962, 84.48
MOMENTUM, EQ, 29-Sep-2026, 29.95, 30.25, 30.25, 29.55, 30.16, 30.01, 29.93, 35857, 10.73, 217, 24081, 67.16
MOMENTUM30, EQ, 29-Sep-2026, 29.72, 29.24, 30.20, 29.24, 29.83, 29.86, 29.84, 12864, 3.84, 230, 10324, 80.25
MOMENTUM50, EQ, 29-Sep-2026, 52.45, 52.05, 52.76, 52.01, 52.74, 52.47, 52.32, 856684, 448.20, 16572, 491598, 57.38
MOMETAL, EQ, 29-Sep-2026, 12.70, 12.90, 13.43, 12.60, 13.00, 13.02, 12.84, 19366, 2.49, 67, 16262, 83.97
MOMGF, EQ, 29-Sep-2026, 156.30, 157.08, 157.08, 152.55, 155.90, 155.86, 154.66, 830, 1.28, 38, 790, 95.18
MOMIDMTM, EQ, 29-Sep-2026, 62.22, 62.22, 62.95, 61.60, 62.15, 61.96, 62.12, 46592, 28.94, 390, 26748, 57.41
MOMMIDCAP, EQ, 29-Sep-2026, 12.51, 12.51, 12.58, 12.41, 12.48, 12.51, 12.50, 1369326, 171.14, 525, 1190053, 86.91
MOMNC, EQ, 29-Sep-2026, 30.88, 31.03, 31.03, 30.00, 30.66, 30.67, 30.35, 1394, 0.42, 30, 874, 62.70
MOMOMENTUM, EQ, 29-Sep-2026, 59.82, 60.30, 60.38, 59.30, 59.80, 60.34, 59.86, 162377, 97.20, 472, 93748, 57.73
MOMSBELIEF, EQ, 29-Sep-2026, 223.01, 234.00, 267.61, 232.00, 252.60, 255.96, 256.46, 2681284, 6876.53, 25519, 665029, 24.80
MON100, EQ, 29-Sep-2026, 323.86, 320.62, 328.00, 318.18, 318.99, 319.64, 321.89, 1057693, 3404.58, 19808, 645676, 61.05
MON50EQUAL, EQ, 29-Sep-2026, 31.78, 31.60, 32.26, 31.45, 31.73, 31.74, 31.62, 16116, 5.10, 109, 15522, 96.31
MONARCH, EQ, 29-Sep-2026, 350.10, 348.05, 352.05, 334.75, 344.90, 343.05, 342.96, 93763, 321.57, 2337, 46181, 49.25
MONEXT50, EQ, 29-Sep-2026, 70.39, 70.39, 70.95, 69.30, 70.34, 70.31, 70.10, 3769, 2.64, 69, 3384, 89.79
MONEYBOXX, EQ, 29-Sep-2026, 48.65, 49.84, 51.08, 46.22, 51.08, 51.08, 48.78, 101060, 49.30, 255, 66773, 66.07
MONIFTY100, EQ, 29-Sep-2026, 24.19, 24.43, 24.43, 23.92, 24.11, 24.08, 24.04, 22657, 5.45, 98, 18624, 82.20
MONIFTY500, EQ, 29-Sep-2026, 22.88, 22.97, 22.99, 22.58, 22.78, 22.79, 22.70, 648591, 147.21, 2043, 411317, 63.42
MONOLITH, SM, 29-Sep-2026, 1223.65, 1213.00, 1286.00, 1190.15, 1260.00, 1279.75, 1261.34, 54000, 681.12, 174, 31250, 57.87
MONOPHARMA, SM, 29-Sep-2026, 9.00, 8.55, 8.55, 8.55, 8.55, 8.55, 8.55, 4000, 0.34, 2, 4000, 100.00
MONQ50, EQ, 29-Sep-2026, 188.62, 194.00, 194.70, 179.61, 188.39, 188.41, 187.69, 841441, 1579.30, 16340, 295678, 35.14
MONTECARLO, EQ, 29-Sep-2026, 514.05, 515.75, 519.85, 509.00, 515.20, 516.75, 514.30, 32099, 165.09, 1656, 19384, 60.39
MOOILGAS, EQ, 29-Sep-2026, 10.84, 10.85, 10.95, 10.52, 10.68, 10.72, 10.65, 6786, 0.72, 80, 5796, 85.41
MOPSE, EQ, 29-Sep-2026, 96.15, 94.10, 98.00, 94.10, 96.24, 96.74, 95.95, 1470, 1.41, 25, 1461, 99.39
MOQUALITY, EQ, 29-Sep-2026, 191.33, 194.00, 194.00, 186.53, 189.12, 188.62, 189.04, 10959, 20.72, 102, 7060, 64.42
MOREALTY, EQ, 29-Sep-2026, 85.33, 85.34, 85.58, 84.27, 84.90, 84.51, 84.74, 249162, 211.15, 1840, 118227, 47.45
MOREPENLAB, EQ, 29-Sep-2026, 120.71, 120.80, 122.69, 117.37, 118.87, 118.80, 119.68, 12759041, 15270.23, 50923, 4210843, 33.00
MOS, SM, 29-Sep-2026, 7.60, 7.35, 7.35, 7.25, 7.25, 7.25, 7.26, 208000, 15.11, 32, 156000, 75.00
MOSCHIP, EQ, 29-Sep-2026, 200.21, 199.61, 201.49, 195.30, 198.50, 198.47, 198.41, 1162679, 2306.88, 20404, 475919, 40.93
MOSERVICE, EQ, 29-Sep-2026, 29.24, 29.38, 29.40, 29.10, 29.40, 29.32, 29.30, 4597, 1.35, 62, 4597, 100.00
MOSILVER, EQ, 29-Sep-2026, 217.92, 217.02, 217.98, 215.70, 217.07, 216.31, 216.39, 24908, 53.90, 1388, 14215, 57.07
MOSMALL250, EQ, 29-Sep-2026, 18.00, 18.00, 18.10, 17.75, 17.85, 17.92, 17.91, 1164979, 208.70, 2782, 604548, 51.89
MOTHERSON, EQ, 29-Sep-2026, 162.37, 162.08, 163.24, 158.56, 158.56, 158.56, 161.29, 14156331, 22832.55, 55657, 8085155, 57.11
MOTILALOFS, EQ, 29-Sep-2026, 1011.60, 1002.00, 1013.80, 995.50, 996.20, 996.20, 1003.61, 873780, 8769.38, 25721, 464943, 53.21
MOTISONS, EQ, 29-Sep-2026, 18.04, 18.08, 18.20, 17.50, 17.55, 17.62, 17.75, 38419101, 6818.63, 33495, 14959913, 38.94
MOTOGENFIN, EQ, 29-Sep-2026, 25.70, 26.65, 26.65, 25.50, 25.58, 25.57, 25.80, 14323, 3.70, 37, 12073, 84.29
MOTOUR, EQ, 29-Sep-2026, 75.95, 75.25, 76.97, 74.48, 75.49, 75.66, 75.47, 10272, 7.75, 193, 6203, 60.39
MOVALUE, EQ, 29-Sep-2026, 108.52, 109.60, 109.60, 106.71, 107.54, 107.90, 107.42, 59763, 64.19, 1048, 34066, 57.00
MPDL, BE, 29-Sep-2026, 26.65, 26.52, 27.98, 25.32, 27.98, 27.98, 27.53, 1986, 0.55, 10, -, -
MPEL, SM, 29-Sep-2026, 26.50, 27.80, 27.80, 25.20, 27.80, 27.80, 27.10, 91200, 24.71, 45, 62400, 68.42
MPHASIS, EQ, 29-Sep-2026, 2237.50, 2238.00, 2238.90, 2154.40, 2154.40, 2154.40, 2191.51, 420858, 9223.13, 22820, 272925, 64.85
MPIMANIPAL, EQ, 29-Sep-2026, 387.10, 393.70, 458.00, 388.70, 418.00, 417.40, 427.22, 13139195, 56132.89, 233621, 1263428, 9.62
MPSLTD, EQ, 29-Sep-2026, 2631.70, 2611.00, 2684.80, 2601.10, 2639.00, 2634.70, 2641.81, 12743, 336.65, 1701, 5009, 39.31
MRF, EQ, 29-Sep-2026, 123425.00, 123550.00, 124290.00, 122750.00, 123000.00, 123080.00, 123191.91, 2824, 3478.94, 1981, 1277, 45.22
MRPL, EQ, 29-Sep-2026, 169.80, 169.50, 177.49, 168.06, 171.99, 171.65, 173.84, 15901075, 27641.92, 102050, 2533628, 15.93
MSCI360, EQ, 29-Sep-2026, 9.64, 9.89, 9.89, 9.56, 9.76, 9.77, 9.63, 11703, 1.13, 188, 10969, 93.73
MSCIADD, EQ, 29-Sep-2026, 28.45, 28.06, 28.08, 27.83, 28.01, 27.95, 28.00, 2793, 0.78, 13, 2792, 99.96
MSCIINDIA, EQ, 29-Sep-2026, 28.30, 28.28, 28.78, 27.66, 28.10, 28.04, 28.05, 49618, 13.92, 362, 25247, 50.88
MSPL, EQ, 29-Sep-2026, 32.99, 32.76, 34.85, 32.64, 34.00, 33.55, 33.71, 1388148, 468.01, 3928, 729264, 52.54
MSTCLTD, EQ, 29-Sep-2026, 710.40, 711.95, 719.95, 705.50, 715.95, 713.05, 713.15, 158293, 1128.87, 14866, 70001, 44.22
MSUMI, EQ, 29-Sep-2026, 34.80, 34.80, 34.87, 33.93, 34.37, 34.36, 34.44, 8000741, 2755.39, 41803, 3767982, 47.10
MTARTECH, BE, 29-Sep-2026, 7072.50, 6851.00, 7426.00, 6840.00, 7426.00, 7426.00, 7305.20, 352250, 25732.57, 30476, -, -
MTEDUCARE, BE, 29-Sep-2026, 1.76, 1.75, 1.75, 1.68, 1.70, 1.70, 1.69, 6614, 0.11, 19, -, -
MTNL, EQ, 29-Sep-2026, 22.94, 22.62, 23.32, 22.57, 23.20, 23.18, 23.01, 691310, 159.04, 3233, 334328, 48.36
MUFIN, EQ, 29-Sep-2026, 130.16, 129.50, 133.99, 127.90, 131.79, 132.15, 131.82, 2236803, 2948.60, 7601, 774353, 34.62
MUFTI, EQ, 29-Sep-2026, 69.49, 69.01, 70.19, 68.51, 69.00, 69.28, 69.46, 40683, 28.26, 1229, 22900, 56.29
MUKANDLTD, EQ, 29-Sep-2026, 171.03, 170.40, 174.20, 165.41, 173.50, 172.49, 171.04, 821432, 1405.01, 12834, 332834, 40.52
MUKKA, BE, 29-Sep-2026, 26.91, 26.91, 26.99, 26.25, 26.44, 26.33, 26.45, 140377, 37.13, 682, -, -
MUKTAARTS, EQ, 29-Sep-2026, 57.12, 56.89, 56.89, 55.11, 56.74, 56.57, 55.88, 513, 0.29, 18, 274, 53.41
MULTICAP, EQ, 29-Sep-2026, 16.06, 16.38, 16.38, 15.86, 15.96, 15.96, 15.99, 364187, 58.25, 791, 348457, 95.68
MUNISH, SM, 29-Sep-2026, 88.05, 90.00, 90.00, 90.00, 90.00, 90.00, 90.00, 2400, 2.16, 2, 2400, 100.00
MUNJALAU, EQ, 29-Sep-2026, 106.87, 105.71, 107.90, 104.12, 106.03, 106.48, 105.65, 155908, 164.72, 5510, 73131, 46.91
MUNJALSHOW, EQ, 29-Sep-2026, 124.26, 124.26, 127.30, 122.36, 125.30, 126.32, 125.59, 46785, 58.76, 913, 26004, 55.58
MURUDCERA, EQ, 29-Sep-2026, 28.12, 28.05, 28.30, 27.86, 27.91, 28.00, 28.09, 33172, 9.32, 337, 19662, 59.27
MUTHOOTCAP, EQ, 29-Sep-2026, 221.17, 221.17, 226.75, 216.44, 216.50, 217.07, 219.03, 19275, 42.22, 593, 16211, 84.10
MUTHOOTFIN, EQ, 29-Sep-2026, 2760.00, 2748.00, 2764.10, 2706.50, 2736.80, 2736.80, 2742.51, 1190791, 32657.53, 100621, 749956, 62.98
MUTHOOTMF, EQ, 29-Sep-2026, 178.84, 178.96, 180.55, 175.44, 176.65, 177.64, 177.73, 151414, 269.10, 4175, 78330, 51.73
MVELECTRO, EQ, 29-Sep-2026, 786.35, 789.90, 859.00, 781.30, 838.00, 838.05, 827.89, 1626209, 13463.27, 41480, 216874, 13.34
MVGJL, EQ, 29-Sep-2026, 215.94, 216.30, 219.54, 207.00, 211.50, 212.60, 212.61, 172011, 365.71, 4612, 66564, 38.70
MVKAGRO, SM, 29-Sep-2026, 242.40, 240.00, 253.90, 230.30, 249.00, 248.05, 243.06, 283800, 689.80, 400, 173100, 60.99
MWL, EQ, 29-Sep-2026, 43.46, 43.76, 44.89, 43.06, 43.50, 43.40, 44.03, 396017, 174.35, 3401, 147865, 37.34
MYMUDRA, SM, 29-Sep-2026, 65.35, 65.35, 65.95, 62.95, 65.90, 65.90, 64.19, 36000, 23.11, 29, 25200, 70.00
MYSORPETRO, BE, 29-Sep-2026, 128.76, 123.50, 129.99, 122.50, 127.82, 127.82, 122.64, 4048, 4.96, 21, -, -
NACLIND, EQ, 29-Sep-2026, 136.53, 136.86, 137.96, 129.75, 133.00, 132.45, 133.76, 1047618, 1401.29, 11025, 688202, 65.69
NAGREEKCAP, EQ, 29-Sep-2026, 26.32, 25.50, 27.50, 25.50, 25.88, 26.05, 26.16, 3154, 0.83, 74, 2701, 85.64
NAGREEKEXP, EQ, 29-Sep-2026, 22.31, 21.42, 22.75, 20.99, 22.39, 22.09, 21.49, 35608, 7.65, 326, 15854, 44.52
NAHARCAP, EQ, 29-Sep-2026, 243.75, 249.50, 249.50, 230.00, 237.00, 237.60, 235.36, 8969, 21.11, 228, 5565, 62.05
NAHARINDUS, EQ, 29-Sep-2026, 127.47, 130.05, 132.99, 126.24, 129.50, 130.17, 130.65, 34383, 44.92, 734, 20148, 58.60
NAHARPOLY, EQ, 29-Sep-2026, 221.85, 224.94, 235.00, 221.11, 232.95, 230.27, 227.35, 3674, 8.35, 107, 2588, 70.44
NAHARSPING, EQ, 29-Sep-2026, 267.30, 278.00, 278.55, 259.20, 260.00, 261.75, 261.54, 46373, 121.28, 646, 38337, 82.67
NAM-INDIA, EQ, 29-Sep-2026, 1093.90, 1090.00, 1097.70, 1068.00, 1068.00, 1068.00, 1083.15, 983587, 10653.70, 32107, 518582, 52.72
NAMAN, SM, 29-Sep-2026, 46.20, 48.50, 48.50, 48.00, 48.50, 48.50, 48.38, 7200, 3.48, 9, 5600, 77.78
NAMOEWASTE, SM, 29-Sep-2026, 344.25, 349.90, 351.50, 330.05, 333.00, 334.65, 339.63, 48800, 165.74, 61, 32800, 67.21
NARMADA, EQ, 29-Sep-2026, 13.05, 13.05, 13.30, 12.65, 12.65, 12.75, 12.85, 210383, 27.04, 985, 113526, 53.96
NATCAPSUQ, BE, 29-Sep-2026, 165.20, 162.01, 164.59, 162.00, 163.10, 163.14, 162.87, 2460, 4.01, 44, -, -
NATCOPHARM, EQ, 29-Sep-2026, 828.55, 832.45, 851.00, 827.75, 842.60, 843.10, 840.93, 636356, 5351.30, 64865, 293787, 46.17
NATHBIOGEN, EQ, 29-Sep-2026, 144.12, 145.00, 147.00, 141.00, 142.17, 142.22, 141.93, 8389, 11.91, 248, 5817, 69.34
NATIONALUM, EQ, 29-Sep-2026, 349.00, 346.45, 346.95, 341.00, 346.65, 346.65, 344.82, 7334608, 25291.24, 67380, 3969801, 54.12
NATIONSTD, EQ, 29-Sep-2026, 114.48, 115.62, 116.75, 113.02, 114.00, 114.54, 114.28, 4773, 5.45, 196, 2963, 62.08
NAUKRI, EQ, 29-Sep-2026, 1253.90, 1238.10, 1251.30, 1232.30, 1245.00, 1245.00, 1241.78, 1242585, 15430.16, 41369, 677296, 54.51
NAVA, EQ, 29-Sep-2026, 547.00, 543.90, 553.55, 540.20, 544.90, 545.95, 548.99, 263953, 1449.07, 14879, 147857, 56.02
NAVINFLUOR, EQ, 29-Sep-2026, 8432.50, 8434.50, 8483.50, 8211.00, 8260.00, 8234.50, 8295.99, 136712, 11341.61, 39672, 78469, 57.40
NAVKARCORP, EQ, 29-Sep-2026, 86.86, 86.86, 87.99, 85.50, 86.24, 86.60, 86.76, 317322, 275.30, 3946, 182552, 57.53
NAVKARURB, EQ, 29-Sep-2026, 0.88, 0.91, 0.91, 0.84, 0.86, 0.86, 0.86, 1504717, 12.87, 324, 1017653, 67.63
NAVNETEDUL, EQ, 29-Sep-2026, 121.73, 121.50, 122.90, 120.35, 120.90, 121.42, 121.51, 84166, 102.27, 1512, 51891, 61.65
NAZARA, EQ, 29-Sep-2026, 379.65, 379.00, 391.10, 372.00, 387.25, 388.40, 384.91, 2459398, 9466.44, 30342, 1189608, 48.37
NBCC, EQ, 29-Sep-2026, 80.21, 80.16, 80.67, 78.01, 78.01, 78.01, 79.54, 8592936, 6834.68, 42623, 3365331, 39.16
NBIFIN, EQ, 29-Sep-2026, 1948.20, 1965.20, 1966.00, 1860.00, 1871.00, 1876.60, 1887.67, 239, 4.51, 72, 158, 66.11
NCC, EQ, 29-Sep-2026, 130.29, 133.83, 137.30, 126.65, 128.05, 128.27, 131.63, 28505185, 37520.65, 186469, 3466210, 12.16
NCLIND, EQ, 29-Sep-2026, 175.81, 176.68, 178.99, 174.00, 175.70, 176.86, 175.40, 43191, 75.76, 702, 30389, 70.36
NDGL, EQ, 29-Sep-2026, 2509.10, 2500.00, 2540.00, 2470.00, 2478.00, 2478.10, 2489.43, 119, 2.96, 45, 106, 89.08
NDL, EQ, 29-Sep-2026, 2.67, 2.73, 2.75, 2.57, 2.62, 2.62, 2.64, 1455788, 38.48, 2048, 937067, 64.37
NDLVENTURE, EQ, 29-Sep-2026, 121.43, 121.43, 123.15, 119.08, 122.96, 121.49, 121.14, 5638, 6.83, 121, 4668, 82.80
NDRAUTO, EQ, 29-Sep-2026, 721.60, 719.40, 746.30, 716.05, 740.00, 739.90, 735.29, 20057, 147.48, 1370, 10227, 50.99
NDRINVIT, IV, 29-Sep-2026, 148.00, 148.00, 152.00, 148.00, 151.00, 151.00, 150.21, 600000, 901.25, 8, 600000, 100.00
NDTV, EQ, 29-Sep-2026, 69.11, 69.11, 70.25, 68.60, 68.80, 69.06, 69.43, 61864, 42.95, 1187, 39786, 64.31
NEAGI, EQ, 29-Sep-2026, 3400.00, 3483.50, 3483.50, 3483.50, 3483.50, 3483.50, 3483.50, 2, 0.07, 1, 2, 100.00
NECCLTD, BE, 29-Sep-2026, 18.44, 18.55, 18.55, 18.00, 18.01, 18.08, 18.19, 37057, 6.74, 142, -, -
NECLIFE, EQ, 29-Sep-2026, 10.72, 10.63, 11.08, 10.63, 10.75, 10.71, 10.84, 93379, 10.12, 325, 72578, 77.72
NEELAM, SM, 29-Sep-2026, 7.35, 7.05, 7.05, 7.05, 7.05, 7.05, 7.05, 18000, 1.27, 3, 18000, 100.00
NELCAST, EQ, 29-Sep-2026, 116.65, 115.00, 121.00, 112.60, 118.80, 118.93, 118.16, 251768, 297.50, 3969, 112930, 44.85
NELCO, EQ, 29-Sep-2026, 916.45, 922.00, 933.45, 894.00, 921.00, 922.30, 914.54, 268542, 2455.92, 13630, 98790, 36.79
NEOCHEM, SM, 29-Sep-2026, 104.50, 101.00, 104.00, 101.00, 104.00, 104.00, 102.00, 7200, 7.34, 5, 6000, 83.33
NEOGEN, EQ, 29-Sep-2026, 2396.30, 2388.10, 2458.50, 2370.00, 2420.00, 2435.30, 2429.36, 157182, 3818.52, 21368, 64403, 40.97
NEPHROCARE, SM, 29-Sep-2026, 87.75, 86.10, 91.70, 86.10, 90.55, 90.55, 89.34, 7200, 6.43, 18, 4400, 61.11
NEPHROPLUS, EQ, 29-Sep-2026, 674.00, 679.95, 679.95, 660.00, 662.40, 663.40, 668.36, 599435, 4006.36, 53897, 368137, 61.41
NEPTUNE, SM, 29-Sep-2026, 188.50, 188.00, 191.80, 187.80, 191.80, 191.80, 189.20, 1500, 2.84, 3, 1000, 66.67
NESCO, EQ, 29-Sep-2026, 1086.40, 1082.30, 1082.30, 1030.10, 1042.50, 1040.50, 1044.73, 172385, 1800.97, 28805, 86916, 50.42
NESTLEIND, EQ, 29-Sep-2026, 1346.00, 1341.00, 1349.10, 1333.60, 1345.70, 1345.70, 1341.23, 1748621, 23453.11, 57684, 1244825, 71.19
NETF, EQ, 29-Sep-2026, 249.28, 249.10, 251.87, 247.00, 247.24, 247.71, 247.85, 3891, 9.64, 110, 2824, 72.58
NETWEB, EQ, 29-Sep-2026, 4566.50, 4550.00, 4664.00, 4453.00, 4610.00, 4613.00, 4569.53, 822138, 37567.85, 70746, 156322, 19.01
NETWORK18, EQ, 29-Sep-2026, 25.98, 25.98, 26.02, 25.28, 25.85, 25.88, 25.66, 2746331, 704.74, 9439, 1124925, 40.96
NEUEON, BE, 29-Sep-2026, 15.10, 15.85, 15.85, 14.35, 14.35, 14.35, 14.55, 37784, 5.50, 99, -, -
NEULANDLAB, EQ, 29-Sep-2026, 21440.00, 21690.00, 21920.00, 21170.00, 21365.00, 21375.00, 21435.89, 83910, 17986.86, 26959, 46650, 55.60
NEWGEN, EQ, 29-Sep-2026, 474.40, 480.00, 493.40, 465.40, 470.40, 473.00, 477.12, 2459936, 11736.90, 68616, 562471, 22.87
NEWJAISA, ST, 29-Sep-2026, 18.40, 17.70, 19.25, 17.50, 19.00, 18.00, 17.77, 124500, 22.12, 45, 117000, 93.98
NEXT30ADD, EQ, 29-Sep-2026, 41.31, 41.12, 41.27, 40.82, 41.11, 41.11, 40.98, 1678, 0.69, 218, 1213, 72.29
NEXT50, EQ, 29-Sep-2026, 727.01, 730.65, 730.66, 718.50, 719.05, 721.70, 724.66, 81627, 591.51, 4220, 60687, 74.35
NEXT50ADD, EQ, 29-Sep-2026, 70.89, 70.45, 70.74, 70.05, 70.27, 70.40, 70.38, 7188, 5.06, 161, 3339, 46.45
NEXT50BETA, EQ, 29-Sep-2026, 76.10, 77.50, 77.50, 75.30, 76.25, 76.02, 75.73, 98671, 74.73, 837, 55822, 56.57
NEXT50ETF, EQ, 29-Sep-2026, 70.99, 70.99, 73.00, 70.20, 71.00, 70.98, 70.99, 91582, 65.01, 318, 77362, 84.47
NEXT50IETF, EQ, 29-Sep-2026, 74.42, 74.59, 74.59, 73.03, 74.25, 73.81, 73.95, 1548313, 1145.02, 6744, 1098949, 70.98
NEXTMEDIA, EQ, 29-Sep-2026, 3.68, 3.54, 3.76, 3.54, 3.66, 3.70, 3.64, 12395, 0.45, 62, 11074, 89.34
NFL, EQ, 29-Sep-2026, 65.76, 65.44, 65.44, 63.70, 64.55, 64.79, 64.59, 751312, 485.30, 6160, 301333, 40.11
NFPSAMPOOR, SM, 29-Sep-2026, 22.10, 22.00, 22.05, 22.00, 22.00, 22.05, 22.02, 10000, 2.20, 3, 10000, 100.00
NGIL, EQ, 29-Sep-2026, 41.20, 40.38, 41.75, 39.20, 39.44, 39.72, 39.76, 20795, 8.27, 48, 18661, 89.74
NGLFINE, EQ, 29-Sep-2026, 2730.00, 2736.00, 2948.00, 2715.10, 2840.10, 2870.90, 2879.87, 22597, 650.76, 4601, 8034, 35.55
NH, EQ, 29-Sep-2026, 1820.10, 1820.10, 1863.00, 1761.00, 1773.00, 1789.90, 1794.97, 966399, 17346.59, 56107, 600550, 62.14
NHIT, IV, 29-Sep-2026, 169.85, 168.75, 168.75, 168.75, 168.75, 168.75, 168.75, 75000, 126.56, 1, 75000, 100.00
NHPC, EQ, 29-Sep-2026, 74.50, 74.05, 74.70, 73.30, 73.32, 73.32, 73.62, 11242484, 8276.96, 30644, 5918914, 52.65
NIACL, EQ, 29-Sep-2026, 169.84, 170.00, 171.95, 160.05, 167.90, 168.29, 167.96, 4230836, 7106.26, 53793, 1825075, 43.14
NIBE, EQ, 29-Sep-2026, 1237.40, 1237.40, 1265.40, 1226.80, 1240.00, 1238.50, 1246.15, 37110, 462.45, 3954, 15159, 40.85
NIBL, EQ, 29-Sep-2026, 31.65, 31.31, 32.50, 30.91, 31.89, 31.52, 31.51, 15737, 4.96, 168, 9521, 60.50
NICCOPAR, EQ, 29-Sep-2026, 80.50, 80.50, 83.00, 80.50, 82.87, 81.00, 81.11, 1332, 1.08, 44, 1241, 93.17
NIDAN, SM, 29-Sep-2026, 12.55, 12.90, 12.90, 12.90, 12.90, 12.90, 12.90, 2000, 0.26, 2, 2000, 100.00
NIF100BEES, EQ, 29-Sep-2026, 254.39, 255.00, 255.00, 251.11, 253.60, 253.21, 252.69, 44390, 112.17, 782, 27256, 61.40
NIF100IETF, EQ, 29-Sep-2026, 26.80, 27.47, 27.47, 26.43, 26.65, 26.64, 26.60, 142348, 37.86, 1140, 67897, 47.70
NIF500BETA, EQ, 29-Sep-2026, 35.86, 36.77, 38.25, 35.86, 38.25, 37.58, 37.11, 1011, 0.38, 35, 221, 21.86
NIFTY1, EQ, 29-Sep-2026, 253.69, 253.69, 253.69, 251.50, 253.39, 252.64, 252.24, 388108, 978.96, 1942, 311940, 80.37
NIFTY100EW, EQ, 29-Sep-2026, 33.67, 34.17, 34.17, 33.46, 33.62, 33.67, 33.75, 88148, 29.75, 379, 60462, 68.59
NIFTYADD, EQ, 29-Sep-2026, 240.87, 243.19, 243.19, 238.01, 239.50, 239.94, 239.56, 10717, 25.67, 269, 9511, 88.75
NIFTYAXIS, EQ, 29-Sep-2026, 252.96, 252.97, 253.62, 250.50, 251.50, 252.45, 252.71, 250413, 632.81, 454, 211301, 84.38
NIFTYBEES, EQ, 29-Sep-2026, 260.47, 260.49, 260.49, 257.90, 260.04, 259.47, 258.88, 16338797, 42297.79, 128229, 13064413, 79.96
NIFTYBETA, EQ, 29-Sep-2026, 253.56, 254.99, 254.99, 250.95, 253.67, 252.39, 251.76, 62271, 156.77, 1014, 47080, 75.61
NIFTYBETF, EQ, 29-Sep-2026, 235.50, 235.50, 237.67, 233.00, 236.72, 234.69, 234.23, 7383, 17.29, 130, 5406, 73.22
NIFTYCASE, EQ, 29-Sep-2026, 9.18, 9.32, 9.32, 8.95, 9.17, 9.16, 9.13, 1578992, 144.16, 2809, 1175436, 74.44
NIFTYETF, EQ, 29-Sep-2026, 248.49, 248.88, 248.88, 245.50, 247.48, 247.15, 246.62, 719461, 1774.30, 2309, 523291, 72.73
NIFTYIETF, EQ, 29-Sep-2026, 259.14, 259.14, 259.14, 256.57, 258.80, 257.98, 257.38, 1178543, 3033.37, 8663, 743759, 63.11
NIFTYJBLK, EQ, 29-Sep-2026, 11.72, 12.01, 12.01, 11.56, 11.75, 11.64, 11.64, 234199, 27.25, 721, 145118, 61.96
NIFTYQLITY, EQ, 29-Sep-2026, 20.23, 19.72, 20.45, 19.72, 20.04, 20.07, 20.07, 30297, 6.08, 241, 28689, 94.69
NIITLTD, EQ, 29-Sep-2026, 86.92, 87.00, 87.23, 85.49, 86.85, 86.37, 86.31, 152140, 131.31, 2382, 55144, 36.25
NIITMTS, EQ, 29-Sep-2026, 205.39, 206.07, 209.98, 202.72, 204.00, 204.96, 205.22, 58070, 119.17, 3610, 31199, 53.73
NIKITA, SM, 29-Sep-2026, 69.50, 71.20, 72.60, 70.00, 70.00, 70.00, 71.15, 15600, 11.10, 13, 7200, 46.15
NILAINFRA, EQ, 29-Sep-2026, 6.83, 6.76, 7.04, 6.66, 6.71, 6.71, 6.72, 92036, 6.18, 570, 68472, 74.40
NILASPACES, EQ, 29-Sep-2026, 11.00, 11.10, 11.35, 10.88, 11.28, 11.16, 11.09, 584546, 64.85, 1682, 269276, 46.07
NILE, EQ, 29-Sep-2026, 1279.40, 1280.00, 1305.00, 1250.00, 1280.00, 1264.70, 1278.12, 7248, 92.64, 1026, 5194, 71.66
NILKAMAL, EQ, 29-Sep-2026, 1918.00, 1930.90, 1969.90, 1891.00, 1911.00, 1898.90, 1918.93, 23084, 442.97, 3758, 8935, 38.71
NIMBSPROJ, EQ, 29-Sep-2026, 198.75, 194.95, 198.80, 188.82, 198.80, 194.12, 194.55, 22967, 44.68, 409, 5230, 22.77
NINSYS, EQ, 29-Sep-2026, 706.15, 715.80, 741.45, 696.60, 739.00, 737.15, 720.29, 5977, 43.05, 312, 4360, 72.95
NIPPOBATRY, EQ, 29-Sep-2026, 323.20, 322.70, 325.00, 317.30, 320.25, 322.70, 321.12, 640, 2.06, 64, 475, 74.22
NIRAJ, EQ, 29-Sep-2026, 27.90, 28.46, 28.90, 27.80, 28.50, 28.36, 28.14, 81568, 22.96, 122, 59110, 72.47
NIRLON, EQ, 29-Sep-2026, 608.00, 605.10, 609.00, 591.05, 607.00, 605.85, 602.96, 6431, 38.78, 515, 4980, 77.44
NIRMAN, SM, 29-Sep-2026, 26.50, 26.90, 26.90, 26.00, 26.50, 26.50, 26.29, 4200, 1.10, 14, 3000, 71.43
NITCO, EQ, 29-Sep-2026, 84.61, 84.05, 87.50, 82.60, 85.50, 86.75, 85.65, 1505725, 1289.68, 6146, 736212, 48.89
NITINSPIN, EQ, 29-Sep-2026, 596.45, 593.10, 617.00, 592.00, 604.00, 606.15, 604.04, 75325, 455.00, 4275, 34468, 45.76
NITIRAJ, EQ, 29-Sep-2026, 218.87, 219.65, 219.65, 203.00, 210.50, 215.74, 212.32, 2040, 4.33, 104, 1438, 70.49
NITTAGELA, EQ, 29-Sep-2026, 1718.20, 1718.20, 1718.20, 1674.20, 1695.00, 1702.80, 1699.11, 2116, 35.95, 365, 1428, 67.49
NIVABUPA, EQ, 29-Sep-2026, 75.73, 75.25, 75.69, 71.98, 73.50, 73.28, 73.33, 8812877, 6462.11, 65583, 5407931, 61.36
NKIND, EQ, 29-Sep-2026, 61.07, 60.90, 62.00, 57.00, 61.99, 61.99, 59.04, 527, 0.31, 21, 509, 96.58
NLCINDIA, EQ, 29-Sep-2026, 256.70, 256.85, 260.80, 251.20, 255.90, 255.75, 256.38, 2549158, 6535.45, 48920, 1032634, 40.51
NMDC, EQ, 29-Sep-2026, 77.43, 77.40, 77.86, 76.02, 77.00, 77.00, 77.10, 19014554, 14661.05, 81832, 11547273, 60.73
NMSTEEL, SM, 29-Sep-2026, 23.30, 22.25, 22.50, 22.00, 22.50, 22.50, 22.26, 8000, 1.78, 5, 6400, 80.00
NOCIL, EQ, 29-Sep-2026, 175.17, 175.00, 175.00, 166.64, 168.51, 169.31, 170.36, 2487591, 4237.93, 22798, 1054228, 42.38
NOIDATOLL, EQ, 29-Sep-2026, 3.58, 3.64, 3.88, 3.59, 3.63, 3.65, 3.69, 469676, 17.33, 1127, 248845, 52.98
NORBTEAEXP, EQ, 29-Sep-2026, 66.62, 68.00, 68.00, 64.03, 64.90, 64.90, 65.87, 3670, 2.42, 50, 2991, 81.50
NORTHARC, EQ, 29-Sep-2026, 291.10, 291.15, 295.15, 287.05, 290.50, 290.75, 291.43, 1241312, 3617.50, 19776, 594002, 47.85
NOVAAGRI, EQ, 29-Sep-2026, 22.48, 22.48, 22.98, 22.20, 22.42, 22.28, 22.33, 34484, 7.70, 347, 28772, 83.44
NOVARTIND, EQ, 29-Sep-2026, 1935.00, 1952.90, 1990.00, 1905.00, 1932.60, 1924.10, 1932.81, 21732, 420.04, 2856, 9445, 43.46
NPBET, EQ, 29-Sep-2026, 275.23, 272.00, 276.00, 270.76, 276.00, 274.80, 274.21, 963, 2.64, 25, 952, 98.86
NPST, EQ, 29-Sep-2026, 1635.00, 1634.40, 1662.60, 1524.00, 1647.80, 1653.00, 1592.32, 122885, 1956.72, 13309, 40377, 32.86
NRAIL, EQ, 29-Sep-2026, 647.60, 668.45, 685.00, 640.00, 650.30, 660.50, 664.69, 15189, 100.96, 1632, 5692, 37.47
NRBBEARING, EQ, 29-Sep-2026, 541.50, 541.50, 549.30, 531.80, 541.00, 541.05, 538.71, 366094, 1972.18, 17873, 124284, 33.95
NRL, BE, 29-Sep-2026, 158.47, 155.31, 160.00, 155.31, 160.00, 160.00, 156.85, 168734, 264.66, 448, -, -
NRVANDANA, SM, 29-Sep-2026, 69.80, 69.00, 69.00, 69.00, 69.00, 69.00, 69.00, 3000, 2.07, 1, 3000, 100.00
NSIL, EQ, 29-Sep-2026, 5398.50, 5350.50, 5400.00, 5340.00, 5378.00, 5350.00, 5362.55, 1228, 65.85, 371, 830, 67.59
NSLNISP, EQ, 29-Sep-2026, 41.78, 41.88, 42.42, 41.21, 41.83, 41.79, 41.87, 5493176, 2299.80, 22565, 2541621, 46.27
NTCIND, EQ, 29-Sep-2026, 132.52, 132.52, 138.80, 130.00, 132.70, 136.46, 134.61, 519, 0.70, 50, 317, 61.08
NTPC, EQ, 29-Sep-2026, 321.10, 320.50, 325.00, 317.55, 323.50, 323.50, 322.27, 11956206, 38531.61, 126542, 7965519, 66.62
NTPCGREEN, EQ, 29-Sep-2026, 92.21, 91.50, 92.19, 89.65, 89.91, 89.99, 90.67, 2417700, 2192.12, 34011, 1219153, 50.43
NUCLEUS, EQ, 29-Sep-2026, 661.50, 661.60, 661.60, 647.70, 658.00, 652.55, 653.38, 22285, 145.61, 2028, 16224, 72.80
NURECA, BE, 29-Sep-2026, 362.55, 371.00, 371.00, 351.65, 367.85, 361.50, 360.39, 10127, 36.50, 253, -, -
NUVAMA, EQ, 29-Sep-2026, 1640.60, 1635.00, 1677.20, 1615.70, 1651.00, 1652.10, 1647.91, 295343, 4866.98, 44034, 131143, 44.40
NUVOCO, EQ, 29-Sep-2026, 325.85, 327.00, 337.00, 321.50, 330.00, 330.20, 332.38, 442330, 1470.24, 29934, 195341, 44.16
NV20, EQ, 29-Sep-2026, 13.21, 13.21, 13.39, 13.05, 13.21, 13.26, 13.19, 105531, 13.92, 467, 46715, 44.27
NV20BEES, EQ, 29-Sep-2026, 132.30, 133.62, 140.00, 130.75, 132.15, 132.43, 131.76, 39737, 52.36, 393, 22519, 56.67
NV20IETF, EQ, 29-Sep-2026, 12.89, 12.82, 13.15, 12.75, 12.84, 12.83, 12.81, 687742, 88.11, 1656, 472948, 68.77
NXST, RR, 29-Sep-2026, 165.80, 165.99, 166.49, 163.48, 165.83, 164.70, 164.90, 666296, 1098.71, 6039, 528094, 79.26
NXT-INFRA, IV, 29-Sep-2026, 99.00, 99.00, 99.00, 99.00, 99.00, 99.00, 99.00, 1075000, 1064.25, 9, 1075000, 100.00
NYKAA, EQ, 29-Sep-2026, 325.50, 325.50, 329.80, 319.25, 327.35, 327.35, 325.92, 4395026, 14324.07, 85962, 2627996, 59.79
OAL, EQ, 29-Sep-2026, 553.15, 555.00, 555.00, 530.20, 537.00, 541.85, 539.95, 18459, 99.67, 1106, 7707, 41.75
OBCL, EQ, 29-Sep-2026, 56.90, 58.40, 58.69, 54.51, 54.52, 54.68, 55.87, 7991, 4.46, 109, 7185, 89.91
OBEROIRLTY, EQ, 29-Sep-2026, 1830.00, 1825.00, 1826.60, 1761.50, 1762.90, 1762.90, 1788.76, 395959, 7082.75, 26403, 226879, 57.30
OBSCP, SM, 29-Sep-2026, 916.60, 922.00, 931.00, 905.00, 920.00, 917.25, 918.53, 16800, 154.31, 42, 9200, 54.76
OCCLLTD, BE, 29-Sep-2026, 174.52, 172.30, 180.00, 165.80, 178.89, 178.52, 174.40, 155325, 270.89, 710, -, -
ODIGMA, EQ, 29-Sep-2026, 20.87, 20.80, 21.90, 20.50, 21.18, 21.41, 21.33, 29726, 6.34, 271, 28514, 95.92
ODYCORP, EQ, 29-Sep-2026, 6.86, 6.85, 7.09, 6.80, 7.08, 7.08, 7.07, 4156, 0.29, 19, 4112, 98.94
OFSS, EQ, 29-Sep-2026, 10800.00, 10800.00, 10876.00, 10406.00, 10406.00, 10406.00, 10604.69, 181154, 19210.82, 29528, 77981, 43.05
OIL, EQ, 29-Sep-2026, 468.00, 466.50, 467.80, 459.40, 459.45, 459.45, 463.60, 2140454, 9923.23, 26839, 1096743, 51.24
OILCOUNTUB, BE, 29-Sep-2026, 73.64, 75.11, 75.11, 75.11, 75.11, 75.11, 75.11, 56606, 42.52, 113, -, -
OILIETF, EQ, 29-Sep-2026, 10.85, 10.85, 10.91, 10.71, 10.81, 10.80, 10.80, 1059436, 114.44, 2539, 560448, 52.90
OLAELEC, EQ, 29-Sep-2026, 37.86, 37.84, 38.48, 36.30, 37.51, 37.42, 37.37, 118182493, 44161.67, 246095, 19280778, 16.31
OLECTRA, EQ, 29-Sep-2026, 1173.80, 1179.00, 1183.00, 1134.00, 1136.10, 1136.90, 1150.05, 359867, 4138.66, 24698, 173293, 48.15
OLIL, SM, 29-Sep-2026, 433.80, 422.00, 455.40, 420.05, 455.30, 455.30, 441.30, 58400, 257.72, 47, 33600, 57.53
OMAXAUTO, EQ, 29-Sep-2026, 200.55, 197.12, 208.00, 196.36, 197.25, 198.48, 199.72, 70700, 141.20, 1392, 34435, 48.71
OMAXE, EQ, 29-Sep-2026, 110.27, 110.10, 112.09, 108.46, 109.90, 109.48, 109.97, 449814, 494.65, 6969, 133682, 29.72
OMFREIGHT, BE, 29-Sep-2026, 89.01, 89.01, 93.46, 86.51, 93.46, 93.46, 90.59, 21769, 19.72, 128, -, -
OMFURN, SM, 29-Sep-2026, 51.45, 51.00, 51.00, 51.00, 51.00, 51.00, 51.00, 1200, 0.61, 1, 1200, 100.00
OMINFRAL, EQ, 29-Sep-2026, 78.75, 78.91, 78.91, 77.50, 77.50, 77.67, 78.00, 35469, 27.67, 795, 17356, 48.93
OMNI, EQ, 29-Sep-2026, 525.85, 526.00, 565.75, 519.05, 556.00, 560.40, 549.96, 851262, 4681.63, 29331, 329645, 38.72
OMPOWER, EQ, 29-Sep-2026, 162.71, 163.19, 163.99, 159.00, 163.40, 163.18, 161.94, 69412, 112.41, 1341, 30905, 44.52
ONDOOR, SM, 29-Sep-2026, 259.00, 254.00, 261.00, 253.00, 256.00, 257.65, 255.78, 2700, 6.91, 9, 2100, 77.78
ONEGLOBAL, EQ, 29-Sep-2026, 544.95, 551.00, 551.00, 525.00, 533.00, 534.15, 535.28, 7975, 42.69, 649, 5960, 74.73
ONELIFECAP, BE, 29-Sep-2026, 37.52, 38.30, 39.20, 37.40, 39.14, 38.97, 37.98, 75446, 28.65, 141, -, -
ONEPOINT, EQ, 29-Sep-2026, 69.43, 69.73, 74.00, 68.07, 71.28, 71.62, 72.13, 7409814, 5344.45, 36729, 2372618, 32.02
ONESOURCE, EQ, 29-Sep-2026, 1565.80, 1570.00, 1605.00, 1562.70, 1574.00, 1583.30, 1586.07, 463289, 7348.09, 26535, 265156, 57.23
ONGC, EQ, 29-Sep-2026, 230.00, 230.00, 231.70, 227.80, 230.00, 230.00, 229.99, 13380638, 30774.18, 99814, 8963790, 66.99
ONIDA, EQ, 29-Sep-2026, 32.00, 31.51, 32.65, 31.10, 31.50, 31.75, 31.80, 313966, 99.84, 1858, 158120, 50.36
ONIXSOLAR, EQ, 29-Sep-2026, 339.80, 344.00, 352.95, 339.80, 345.95, 344.50, 345.83, 162654, 562.50, 3977, 79667, 48.98
ONMOBILE, BE, 29-Sep-2026, 50.84, 50.22, 51.05, 49.00, 50.11, 50.10, 50.07, 44803, 22.43, 338, -, -
ONWARDTEC, EQ, 29-Sep-2026, 285.00, 292.00, 292.00, 281.45, 285.50, 287.40, 286.49, 24567, 70.38, 1002, 13371, 54.43
ONYX, ST, 29-Sep-2026, 37.80, 38.90, 38.90, 37.00, 37.05, 37.05, 37.20, 22000, 8.18, 3, 22000, 100.00
OPTIEMUS, EQ, 29-Sep-2026, 809.95, 810.90, 810.90, 781.15, 794.00, 796.20, 795.40, 744867, 5924.65, 30775, 171190, 22.98
OPTIFIN, EQ, 29-Sep-2026, 14.53, 14.53, 15.88, 13.61, 14.90, 14.82, 14.84, 73034, 10.84, 331, 34419, 47.13
OPTIMYSTIX, SM, 29-Sep-2026, 131.35, 133.00, 133.00, 124.00, 132.00, 129.75, 125.40, 280800, 352.12, 77, 259200, 92.31
OPTIVALUE, ST, 29-Sep-2026, 231.35, 242.90, 242.90, 228.00, 230.00, 229.50, 239.07, 86400, 206.56, 42, 75200, 87.04
ORBTEXP, EQ, 29-Sep-2026, 227.15, 233.60, 267.00, 225.11, 264.00, 262.01, 249.44, 93205, 232.49, 1224, 60404, 64.81
ORCHASP, EQ, 29-Sep-2026, 1.34, 1.34, 1.35, 1.31, 1.34, 1.33, 1.33, 86228, 1.15, 155, 76922, 89.21
ORCHPHARMA, EQ, 29-Sep-2026, 1023.40, 1023.40, 1040.90, 991.60, 1008.00, 1014.90, 1010.48, 146800, 1483.38, 19178, 70284, 47.88
ORIANA, SM, 29-Sep-2026, 309.85, 306.30, 324.50, 292.95, 314.00, 317.20, 308.79, 505875, 1562.11, 1056, 205875, 40.70
ORICONENT, EQ, 29-Sep-2026, 52.36, 53.00, 53.87, 50.59, 51.55, 51.83, 51.33, 1200606, 616.25, 452, 1182689, 98.51
ORIENTALTL, EQ, 29-Sep-2026, 4.94, 5.13, 5.13, 4.85, 4.93, 4.86, 4.89, 72604, 3.55, 290, 59611, 82.10
ORIENTBELL, EQ, 29-Sep-2026, 395.70, 393.95, 405.40, 390.05, 400.40, 402.60, 399.63, 39951, 159.66, 1642, 29875, 74.78
ORIENTCEM, EQ, 29-Sep-2026, 119.43, 119.40, 122.00, 116.70, 118.20, 118.42, 117.97, 704241, 830.81, 8989, 269734, 38.30
ORIENTCER, EQ, 29-Sep-2026, 45.86, 45.54, 46.40, 45.01, 45.50, 45.60, 45.66, 46273, 21.13, 1019, 20717, 44.77
ORIENTELEC, EQ, 29-Sep-2026, 160.00, 160.78, 165.00, 155.00, 158.60, 156.62, 157.47, 300753, 473.59, 8268, 137518, 45.72
ORIENTHOT, EQ, 29-Sep-2026, 138.03, 138.03, 141.50, 136.50, 140.23, 139.34, 139.68, 1048759, 1464.96, 5751, 601701, 57.37
ORIENTLTD, BE, 29-Sep-2026, 79.90, 77.00, 79.90, 77.00, 79.90, 79.90, 77.00, 5758, 4.43, 13, -, -
ORIENTPPR, EQ, 29-Sep-2026, 16.61, 16.65, 16.74, 16.25, 16.39, 16.43, 16.42, 124950, 20.52, 699, 84640, 67.74
ORIENTTECH, EQ, 29-Sep-2026, 233.81, 233.81, 234.76, 228.26, 231.00, 231.50, 230.70, 81882, 188.91, 2484, 26759, 32.68
ORIRAIL, EQ, 29-Sep-2026, 126.15, 124.50, 127.00, 121.44, 123.30, 122.81, 124.97, 80038, 100.02, 1574, 41875, 52.32
ORISSAMINE, EQ, 29-Sep-2026, 3667.60, 3667.60, 3749.90, 3586.20, 3645.00, 3673.30, 3644.96, 8027, 292.58, 1691, 3153, 39.28
ORKLAINDIA, EQ, 29-Sep-2026, 554.30, 550.10, 550.75, 530.15, 542.65, 540.05, 537.85, 191761, 1031.38, 16312, 92982, 48.49
ORTINGLOBE, EQ, 29-Sep-2026, 14.65, 15.00, 15.21, 13.92, 15.20, 14.72, 14.40, 24048, 3.46, 59, 17040, 70.86
OSELDEVICE, SM, 29-Sep-2026, 384.85, 385.00, 393.50, 378.40, 390.00, 388.25, 388.48, 12600, 48.95, 53, 10000, 79.37
OSIAHYPER, BE, 29-Sep-2026, 2.29, 2.40, 2.40, 2.22, 2.33, 2.33, 2.36, 457146, 10.77, 359, -, -
OSWALAGRO, EQ, 29-Sep-2026, 33.67, 33.01, 35.50, 33.01, 34.95, 34.90, 34.88, 136463, 47.59, 558, 122589, 89.83
OSWALGREEN, EQ, 29-Sep-2026, 19.57, 19.35, 19.84, 19.10, 19.32, 19.41, 19.33, 88692, 17.15, 919, 36085, 40.69
OSWALPUMPS, EQ, 29-Sep-2026, 268.55, 268.55, 270.70, 265.35, 267.30, 266.25, 267.35, 271978, 727.12, 6581, 145047, 53.33
OSWALSEEDS, EQ, 29-Sep-2026, 12.45, 12.50, 12.80, 12.05, 12.64, 12.52, 12.46, 77507, 9.66, 282, 47263, 60.98
OWAIS, ST, 29-Sep-2026, 71.20, 69.80, 69.80, 69.80, 69.80, 69.80, 69.80, 1400, 0.98, 10, 1300, 92.86
PACEDIGITK, EQ, 29-Sep-2026, 161.81, 160.92, 163.35, 158.80, 161.80, 162.30, 161.12, 418674, 674.56, 8082, 168338, 40.21
PACIFICI, EQ, 29-Sep-2026, 135.14, 135.00, 135.00, 130.20, 135.00, 132.96, 134.00, 59, 0.08, 9, 58, 98.31
PAGEIND, EQ, 29-Sep-2026, 37500.00, 37130.00, 37400.00, 36580.00, 36580.00, 36580.00, 37102.55, 25120, 9320.16, 10085, 11436, 45.53
PAISALO, EQ, 29-Sep-2026, 79.60, 79.08, 80.23, 77.01, 77.98, 78.59, 78.74, 8530685, 6717.39, 32006, 3063029, 35.91
PAKKA, EQ, 29-Sep-2026, 73.77, 72.70, 73.39, 72.02, 72.50, 72.83, 72.70, 97327, 70.75, 1383, 59162, 60.79
PALASHSECU, EQ, 29-Sep-2026, 88.90, 86.00, 88.00, 84.10, 84.25, 84.25, 85.10, 1544, 1.31, 50, 1014, 65.67
PALREDTEC, EQ, 29-Sep-2026, 46.05, 45.82, 46.05, 44.00, 45.99, 45.99, 45.05, 2263, 1.02, 44, 2139, 94.52
PANACEABIO, EQ, 29-Sep-2026, 366.45, 366.45, 380.00, 362.05, 373.00, 375.25, 371.78, 64320, 239.13, 2293, 30969, 48.15
PANACHE, BE, 29-Sep-2026, 515.00, 515.00, 515.00, 506.05, 506.05, 506.05, 513.84, 3831, 19.69, 35, -, -
PANAMAPET, EQ, 29-Sep-2026, 467.35, 472.45, 489.80, 463.35, 480.00, 480.50, 473.34, 160114, 757.88, 7931, 73507, 45.91
PANCHMAHQ, EQ, 29-Sep-2026, 298.00, 290.00, 290.00, 290.00, 290.00, 290.00, 290.00, 16, 0.05, 2, 16, 100.00
PANORAMA, EQ, 29-Sep-2026, 59.25, 57.50, 59.30, 52.77, 59.30, 57.77, 56.03, 1380319, 773.40, 6765, 376395, 27.27
PANSARI, EQ, 29-Sep-2026, 289.00, 273.15, 283.00, 271.00, 274.55, 274.55, 272.66, 528, 1.44, 12, 493, 93.37
PAR, BE, 29-Sep-2026, 130.05, 132.60, 132.60, 124.21, 124.21, 125.32, 127.14, 12353, 15.71, 182, -, -
PARACABLES, EQ, 29-Sep-2026, 56.35, 56.35, 58.60, 55.33, 58.60, 57.85, 57.10, 1550828, 885.56, 8485, 770572, 49.69
PARADEEP, EQ, 29-Sep-2026, 155.70, 155.47, 156.17, 151.60, 153.06, 154.08, 154.06, 2094420, 3226.61, 51350, 842602, 40.23
PARAGMILK, EQ, 29-Sep-2026, 274.95, 277.00, 280.50, 265.10, 268.50, 268.55, 274.34, 2258239, 6195.29, 42250, 1013503, 44.88
PARAGON, SM, 29-Sep-2026, 50.50, 48.10, 50.00, 48.10, 48.25, 48.25, 48.43, 10800, 5.23, 9, 10800, 100.00
PARAMATRIX, SM, 29-Sep-2026, 58.00, 57.00, 57.00, 57.00, 57.00, 57.00, 57.00, 1200, 0.68, 1, 1200, 100.00
PARAS, EQ, 29-Sep-2026, 1315.00, 1315.00, 1336.90, 1288.10, 1319.00, 1325.00, 1316.75, 699385, 9209.16, 44130, 189908, 27.15
PARASPETRO, EQ, 29-Sep-2026, 2.03, 2.03, 2.09, 2.03, 2.08, 2.07, 2.06, 106545, 2.20, 241, 59527, 55.87
PARIN, EQ, 29-Sep-2026, 720.10, 735.00, 735.00, 695.00, 720.00, 720.35, 708.35, 31415, 222.53, 1228, 14547, 46.31
PARKHOSPS, EQ, 29-Sep-2026, 276.50, 277.75, 277.75, 271.70, 275.00, 275.45, 273.76, 868008, 2376.28, 14544, 514193, 59.24
PARKHOTELS, EQ, 29-Sep-2026, 103.57, 103.78, 104.25, 100.62, 101.88, 102.02, 101.97, 314706, 320.89, 5091, 178838, 56.83
PARNAXLAB, EQ, 29-Sep-2026, 112.78, 118.00, 118.00, 105.00, 112.00, 113.37, 111.50, 32458, 36.19, 665, 25786, 79.44
PARSVNATH, BE, 29-Sep-2026, 2.01, 2.05, 2.05, 2.05, 2.05, 2.05, 2.05, 142367, 2.92, 41, -, -
PARTH, SM, 29-Sep-2026, 508.15, 512.00, 515.90, 502.00, 502.00, 502.00, 512.40, 8000, 40.99, 12, 7600, 95.00
PARTY-RE, ST, 29-Sep-2026, 0.05, 0.10, 0.10, 0.10, 0.10, 0.10, 0.10, 29548, 0.03, 7, 29548, 100.00
PASHUPATI, EQ, 29-Sep-2026, 77.27, 77.27, 92.72, 75.60, 92.72, 92.72, 84.25, 219755, 185.13, 4418, 85607, 38.96
PASUPTAC, EQ, 29-Sep-2026, 72.45, 72.00, 75.50, 71.05, 74.36, 75.20, 73.46, 212785, 156.30, 3300, 112532, 52.89
PATANJALI, EQ, 29-Sep-2026, 390.80, 390.00, 391.60, 368.90, 371.40, 371.40, 375.07, 3725050, 13971.49, 53353, 894484, 24.01
PATELENG, EQ, 29-Sep-2026, 26.90, 27.11, 27.15, 26.21, 26.38, 26.45, 26.49, 1584797, 419.82, 7029, 859632, 54.24
PATELRMART, EQ, 29-Sep-2026, 204.00, 204.00, 215.25, 202.55, 214.00, 213.59, 209.62, 90056, 188.77, 1613, 56729, 62.99
PATILAUTOM, ST, 29-Sep-2026, 336.80, 337.00, 348.00, 335.00, 347.00, 343.25, 341.24, 34200, 116.70, 48, 32400, 94.74
PATINTLOG, EQ, 29-Sep-2026, 13.15, 13.30, 14.35, 13.10, 13.38, 13.51, 13.80, 390223, 53.84, 1131, 228736, 58.62
PAUSHAKLTD, EQ, 29-Sep-2026, 655.75, 655.00, 679.45, 647.35, 661.75, 668.30, 669.20, 27031, 180.89, 2099, 14635, 54.14
PAVNAIND, EQ, 29-Sep-2026, 15.53, 15.31, 16.00, 15.05, 15.79, 15.77, 15.57, 28866, 4.50, 208, 19218, 66.58
PAYTM, EQ, 29-Sep-2026, 1635.80, 1635.80, 1691.70, 1624.40, 1683.00, 1683.00, 1669.47, 3925804, 65540.05, 118825, 1636256, 41.68
PBMPOLY, EQ, 29-Sep-2026, 59.66, 61.00, 61.00, 61.00, 61.00, 61.00, 61.00, 965, 0.59, 1, 965, 100.00
PCBL, EQ, 29-Sep-2026, 332.55, 330.50, 334.90, 328.55, 332.50, 330.45, 331.73, 671406, 2227.26, 23103, 290132, 43.21
PCCL, SM, 29-Sep-2026, 448.95, 440.00, 440.00, 440.00, 440.00, 440.00, 440.00, 400, 1.76, 1, 400, 100.00
PCJEWELLER, EQ, 29-Sep-2026, 13.52, 13.52, 13.68, 13.01, 13.28, 13.23, 13.28, 261661117, 34746.12, 136731, 59700541, 22.82
PDMJEPAPER, EQ, 29-Sep-2026, 93.78, 94.16, 96.00, 90.86, 96.00, 94.67, 93.34, 172693, 161.19, 2625, 62689, 36.30
PDSL, EQ, 29-Sep-2026, 349.50, 349.50, 364.90, 344.15, 350.00, 348.95, 355.40, 597046, 2121.89, 21108, 234447, 39.27
PEARLPOLY, EQ, 29-Sep-2026, 17.64, 17.50, 17.50, 16.80, 16.80, 16.92, 16.99, 8476, 1.44, 62, 5362, 63.26
PELATRO, SM, 29-Sep-2026, 399.65, 400.00, 403.95, 395.00, 402.80, 402.80, 400.30, 12900, 51.64, 29, 12000, 93.02
PENIND, EQ, 29-Sep-2026, 182.17, 183.47, 184.90, 178.56, 180.95, 180.28, 181.98, 775949, 1412.07, 12040, 253912, 32.72
PENINLAND, EQ, 29-Sep-2026, 15.76, 15.51, 15.84, 15.20, 15.35, 15.48, 15.49, 115681, 17.91, 643, 86292, 74.59
PERMAGN, EQ, 29-Sep-2026, 825.70, 822.00, 842.10, 818.05, 838.05, 837.10, 830.95, 1604, 13.33, 216, 1090, 67.96
PERNIASPOP, EQ, 29-Sep-2026, 517.85, 517.40, 534.90, 512.20, 531.35, 530.75, 526.76, 63013, 331.93, 3688, 21624, 34.32
PERSISTENT, EQ, 29-Sep-2026, 5328.50, 5328.00, 5348.50, 5162.00, 5162.00, 5162.00, 5248.34, 294063, 15433.41, 24084, 138178, 46.99
PETRONET, EQ, 29-Sep-2026, 289.85, 284.70, 288.50, 281.75, 282.95, 282.95, 284.87, 2819999, 8033.36, 41807, 1601436, 56.79
PFC, EQ, 29-Sep-2026, 330.00, 330.25, 330.60, 320.80, 324.10, 324.10, 324.86, 13111275, 42593.32, 91810, 8148933, 62.15
PFIZER, EQ, 29-Sep-2026, 3968.00, 3966.10, 3988.00, 3888.60, 3900.00, 3912.90, 3923.30, 174412, 6842.71, 23094, 112500, 64.50
PFOCUS, EQ, 29-Sep-2026, 315.20, 316.75, 321.40, 310.00, 316.05, 317.50, 316.54, 3725970, 11794.10, 33360, 464243, 12.46
PFS, EQ, 29-Sep-2026, 27.12, 27.04, 28.99, 26.41, 27.89, 28.00, 27.59, 4112305, 1134.62, 34375, 990994, 24.10
PGEL, EQ, 29-Sep-2026, 507.00, 504.55, 509.95, 493.15, 493.15, 493.15, 499.47, 1964023, 9809.67, 40930, 874409, 44.52
PGHH, EQ, 29-Sep-2026, 6888.50, 6900.00, 6946.00, 6804.00, 6849.50, 6871.50, 6875.68, 25253, 1736.32, 8849, 11617, 46.00
PGHL, EQ, 29-Sep-2026, 5399.50, 5403.00, 5880.00, 5400.50, 5613.00, 5696.00, 5698.24, 91841, 5233.32, 21526, 29020, 31.60
PGIL, EQ, 29-Sep-2026, 1296.10, 1294.00, 1333.00, 1276.80, 1286.00, 1290.40, 1304.11, 153191, 1997.78, 16321, 56301, 36.75
PGINVIT, IV, 29-Sep-2026, 102.01, 102.32, 102.38, 101.51, 102.10, 102.03, 101.96, 1117239, 1139.13, 5039, 920174, 82.36
PHANTOMFX, SM, 29-Sep-2026, 87.75, 87.00, 89.00, 83.00, 87.15, 88.00, 85.64, 15000, 12.85, 48, 10500, 70.00
PHARMABEES, EQ, 29-Sep-2026, 27.56, 28.11, 28.11, 27.56, 27.89, 27.79, 27.73, 4751571, 1317.81, 9864, 2966711, 62.44
PHOENIXLTD, EQ, 29-Sep-2026, 1952.20, 1946.30, 1957.30, 1916.70, 1929.00, 1929.00, 1933.77, 381228, 7372.07, 30163, 230971, 60.59
PHOENXINTL, EQ, 29-Sep-2026, 29.30, 29.30, 29.30, 27.80, 28.40, 28.05, 28.29, 2269, 0.64, 18, 2164, 95.37
PHOGLOBAL, SM, 29-Sep-2026, 16.00, 16.00, 17.05, 16.00, 17.05, 17.05, 16.53, 4000, 0.66, 2, 2000, 50.00
PICCADIL, EQ, 29-Sep-2026, 600.50, 606.40, 607.85, 591.55, 603.90, 602.85, 600.97, 84778, 509.49, 8070, 40747, 48.06
PIDILITIND, EQ, 29-Sep-2026, 1503.00, 1493.00, 1500.40, 1461.00, 1461.00, 1461.00, 1480.38, 1073488, 15891.75, 42867, 684097, 63.73
PIGL, EQ, 29-Sep-2026, 96.00, 95.90, 98.99, 94.90, 97.50, 96.92, 96.27, 41941, 40.38, 680, 25377, 60.51
PIIND, EQ, 29-Sep-2026, 2349.00, 2327.50, 2339.00, 2288.80, 2288.80, 2288.80, 2307.44, 186578, 4305.17, 17407, 90822, 48.68
PILANIINVS, EQ, 29-Sep-2026, 3997.50, 4024.00, 4127.50, 3965.00, 4040.00, 4027.70, 4034.95, 2381, 96.07, 1180, 1387, 58.25
PILITA, EQ, 29-Sep-2026, 7.59, 7.48, 7.71, 7.30, 7.31, 7.34, 7.46, 31206, 2.33, 189, 27611, 88.48
PINELABS, EQ, 29-Sep-2026, 173.02, 172.75, 172.90, 167.70, 170.50, 171.55, 170.48, 18280064, 31163.40, 119643, 5927493, 32.43
PIONEEREMB, EQ, 29-Sep-2026, 21.15, 21.15, 21.59, 20.30, 20.72, 20.79, 20.85, 4907, 1.02, 72, 3811, 77.66
PIONRINV, BE, 29-Sep-2026, 77.00, 77.77, 77.77, 77.00, 77.50, 77.50, 77.30, 343, 0.27, 7, -, -
PIRAMALFIN, EQ, 29-Sep-2026, 2149.00, 2142.00, 2174.40, 2057.20, 2089.40, 2127.50, 2126.27, 1703600, 36223.09, 75829, 1115118, 65.46
PITTIENG, EQ, 29-Sep-2026, 1136.80, 1136.00, 1152.20, 1115.70, 1126.00, 1131.40, 1135.74, 51812, 588.45, 6441, 29031, 56.03
PIXTRANS, EQ, 29-Sep-2026, 1724.80, 1714.10, 1750.00, 1714.10, 1725.00, 1728.10, 1728.06, 10656, 184.14, 1313, 6672, 62.61
PKTEA, BE, 29-Sep-2026, 994.60, 965.00, 1012.95, 965.00, 1000.00, 993.70, 980.16, 1251, 12.26, 84, -, -
PLADAINFO, SM, 29-Sep-2026, 13.05, 13.00, 13.00, 13.00, 13.00, 13.00, 13.00, 3000, 0.39, 1, 3000, 100.00
PLASTIBLEN, EQ, 29-Sep-2026, 199.86, 198.04, 205.99, 196.27, 204.85, 204.50, 202.14, 44950, 90.86, 1151, 24321, 54.11
PLATIND, EQ, 29-Sep-2026, 205.91, 205.10, 209.04, 202.50, 206.90, 205.70, 205.41, 44189, 90.77, 1566, 24040, 54.40
PLAZACABLE, EQ, 29-Sep-2026, 57.05, 56.05, 59.90, 56.05, 59.90, 59.90, 58.75, 77690, 45.64, 790, 52362, 67.40
PML, EQ, 29-Sep-2026, 488.10, 481.30, 483.00, 461.00, 479.55, 472.70, 467.12, 245, 1.14, 31, 237, 96.73
PNB, EQ, 29-Sep-2026, 112.60, 112.55, 113.98, 110.56, 111.75, 111.75, 112.14, 25885049, 29028.59, 60978, 14872131, 57.45
PNBGILTS, EQ, 29-Sep-2026, 73.28, 73.20, 73.20, 70.90, 71.75, 71.89, 71.95, 377184, 271.39, 3293, 154702, 41.01
PNBHOUSING, EQ, 29-Sep-2026, 1085.00, 1078.50, 1123.50, 1073.40, 1098.20, 1098.20, 1103.35, 907413, 10011.93, 38590, 379637, 41.84
PNC, EQ, 29-Sep-2026, 16.68, 16.98, 17.50, 15.70, 17.40, 17.40, 16.98, 27003, 4.59, 135, 25157, 93.16
PNCINFRA, EQ, 29-Sep-2026, 131.26, 131.25, 132.54, 128.32, 130.04, 129.80, 130.15, 1025015, 1334.02, 20192, 445167, 43.43
PNGJL, EQ, 29-Sep-2026, 585.35, 585.35, 592.20, 572.70, 584.95, 585.05, 584.43, 379690, 2219.01, 22974, 155452, 40.94
PNGSREVA, EQ, 29-Sep-2026, 506.05, 506.05, 520.00, 502.25, 514.00, 513.40, 510.17, 81209, 414.30, 4019, 36457, 44.89
POCL, EQ, 29-Sep-2026, 452.65, 453.00, 467.15, 444.60, 461.25, 461.60, 458.33, 270171, 1238.27, 11426, 115184, 42.63
PODDARMENT, EQ, 29-Sep-2026, 257.80, 257.65, 266.00, 253.70, 265.85, 259.05, 258.05, 12257, 31.63, 315, 8228, 67.13
POEL, EQ, 29-Sep-2026, 141.35, 144.91, 144.91, 139.52, 139.66, 139.89, 141.63, 30180, 42.74, 1025, 16756, 55.52
POKARNA, EQ, 29-Sep-2026, 718.15, 718.00, 729.90, 711.00, 721.00, 718.05, 720.42, 55054, 396.62, 3984, 25158, 45.70
POLICYBZR, EQ, 29-Sep-2026, 1151.30, 1162.10, 1162.30, 1077.00, 1081.00, 1081.00, 1097.05, 19346053, 212234.93, 299033, 10698664, 55.30
POLYCAB, EQ, 29-Sep-2026, 8191.00, 8195.00, 8256.00, 8102.50, 8102.50, 8102.50, 8147.25, 1645809, 134088.24, 76938, 1195469, 72.64
POLYMED, EQ, 29-Sep-2026, 1636.70, 1636.70, 1668.50, 1626.80, 1629.10, 1644.70, 1646.58, 168312, 2771.39, 19990, 77876, 46.27
POLYPLEX, EQ, 29-Sep-2026, 1063.10, 1061.00, 1078.30, 1050.00, 1069.20, 1061.30, 1063.00, 51486, 547.30, 4137, 29771, 57.82
POLYSIL, SM, 29-Sep-2026, 57.90, 55.55, 59.60, 55.05, 58.60, 58.60, 56.73, 49500, 28.08, 44, 25000, 50.51
POLYSPIN, EQ, 29-Sep-2026, 31.78, 32.00, 32.00, 28.00, 31.46, 31.46, 28.94, 772, 0.22, 45, 619, 80.18
PONNIERODE, EQ, 29-Sep-2026, 390.00, 391.05, 392.00, 382.00, 382.95, 384.15, 386.88, 14553, 56.30, 1411, 5295, 36.38
POONAWALLA, EQ, 29-Sep-2026, 445.15, 446.00, 450.05, 437.40, 442.00, 443.00, 443.75, 1017550, 4515.39, 43657, 501140, 49.25
POSITRON, SM, 29-Sep-2026, 226.50, 234.50, 234.50, 220.20, 230.00, 230.00, 227.42, 7800, 17.74, 25, 6600, 84.62
POWERGRID, EQ, 29-Sep-2026, 261.85, 262.30, 269.20, 259.55, 261.50, 261.50, 262.34, 25174350, 66043.44, 130135, 16810545, 66.78
POWERICA, EQ, 29-Sep-2026, 562.95, 564.90, 605.00, 557.05, 602.90, 599.75, 592.39, 755551, 4475.83, 23345, 346614, 45.88
POWERINDIA, EQ, 29-Sep-2026, 30260.00, 30250.00, 30930.00, 29865.00, 30735.00, 30735.00, 30542.83, 387016, 118205.66, 46556, 270442, 69.88
POWERMECH, EQ, 29-Sep-2026, 2364.30, 2399.00, 2459.50, 2380.70, 2384.00, 2397.20, 2414.72, 153659, 3710.43, 22717, 27640, 17.99
PPAP, BE, 29-Sep-2026, 235.80, 237.00, 237.00, 226.30, 236.50, 234.30, 231.34, 6025, 13.94, 125, -, -
PPL, BE, 29-Sep-2026, 250.85, 251.00, 255.00, 238.35, 254.80, 251.50, 246.05, 31728, 78.07, 486, -, -
PPLPHARMA, EQ, 29-Sep-2026, 206.59, 206.80, 212.05, 206.66, 207.21, 209.07, 209.12, 5062059, 10585.53, 60210, 1416113, 27.98
PPSL, SM, 29-Sep-2026, 2.80, 2.75, 2.75, 2.75, 2.75, 2.75, 2.75, 9000, 0.25, 3, 9000, 100.00
PRABHA, EQ, 29-Sep-2026, 223.39, 223.00, 227.68, 215.60, 224.50, 224.41, 221.17, 87334, 193.16, 1913, 43976, 50.35
PRADPME, BE, 29-Sep-2026, 476.85, 489.50, 489.50, 470.05, 479.95, 473.75, 479.99, 2766, 13.28, 49, -, -
PRAENG, EQ, 29-Sep-2026, 22.86, 23.00, 23.00, 21.40, 21.49, 21.76, 22.13, 64641, 14.30, 442, 51866, 80.24
PRAJIND, EQ, 29-Sep-2026, 311.95, 310.65, 313.75, 306.40, 308.25, 307.75, 308.73, 341879, 1055.48, 16149, 161887, 47.35
PRAKASH, EQ, 29-Sep-2026, 115.68, 115.66, 122.80, 114.40, 121.44, 121.62, 120.51, 1059864, 1277.26, 12334, 471907, 44.53
PRAKASHSTL, EQ, 29-Sep-2026, 3.61, 3.64, 3.64, 3.46, 3.60, 3.59, 3.57, 76849, 2.75, 258, 60773, 79.08
PRAMARA, SM, 29-Sep-2026, 107.70, 111.30, 113.05, 110.95, 113.05, 113.05, 112.64, 54500, 61.39, 54, 49500, 90.83
PRAMODINI, SM, 29-Sep-2026, 120.25, 121.00, 126.00, 116.70, 117.50, 117.65, 121.66, 201600, 245.27, 131, 146400, 72.62
PRANAV, EQ, 29-Sep-2026, 101.39, 101.39, 102.38, 98.78, 99.40, 100.18, 100.49, 1894008, 1903.22, 15477, 399401, 21.09
PRANIK, SM, 29-Sep-2026, 44.10, 44.10, 47.35, 44.10, 47.35, 47.35, 45.63, 6400, 2.92, 3, 4800, 75.00
PRASOLCHEM, EQ, 29-Sep-2026, 763.80, 799.90, 840.15, 692.80, 840.15, 840.15, 802.91, 3815494, 30634.80, 133200, 596573, 15.64
PRATHAM, SM, 29-Sep-2026, 122.00, 120.05, 120.25, 120.00, 120.00, 120.00, 120.02, 6000, 7.20, 14, 6000, 100.00
PRAVEG, EQ, 29-Sep-2026, 249.50, 246.15, 253.95, 241.05, 242.95, 242.60, 244.24, 23598, 57.64, 1034, 14945, 63.33
PRAXIS, EQ, 29-Sep-2026, 4.84, 5.00, 5.00, 4.73, 4.84, 4.83, 4.82, 95061, 4.58, 168, 62402, 65.64
PRECAM, EQ, 29-Sep-2026, 116.78, 115.90, 118.69, 114.01, 117.49, 117.16, 116.73, 77134, 90.04, 1892, 36874, 47.81
PRECOT, EQ, 29-Sep-2026, 617.80, 613.00, 644.70, 582.05, 639.70, 638.55, 602.54, 13331, 80.32, 569, 7656, 57.43
PRECWIRE, EQ, 29-Sep-2026, 480.65, 480.00, 513.70, 476.55, 496.00, 500.15, 500.83, 1563376, 7829.78, 53448, 412401, 26.38
PREMCO, EQ, 29-Sep-2026, 395.40, 396.80, 403.80, 396.80, 397.50, 398.30, 398.35, 279, 1.11, 24, 275, 98.57
PREMEXPLN, EQ, 29-Sep-2026, 677.05, 675.00, 679.40, 673.55, 675.10, 675.30, 676.28, 178136, 1204.70, 2333, 133946, 75.19
PREMIER, BE, 29-Sep-2026, 2.70, 2.75, 2.75, 2.66, 2.66, 2.66, 2.69, 1589, 0.04, 24, -, -
PREMIERENE, EQ, 29-Sep-2026, 906.00, 906.00, 917.60, 853.60, 870.00, 870.00, 873.08, 3053623, 26660.46, 58268, 1122991, 36.78
PREMIERPOL, EQ, 29-Sep-2026, 92.81, 95.49, 97.38, 91.11, 96.30, 95.89, 94.89, 448654, 425.75, 8005, 133408, 29.74
PREMIUM, SM, 29-Sep-2026, 42.95, 45.00, 45.25, 43.00, 44.00, 44.00, 44.19, 81000, 35.79, 21, 63000, 77.78
PRESSTONIC, ST, 29-Sep-2026, 50.25, 47.75, 48.00, 47.75, 47.80, 47.80, 47.81, 50400, 24.10, 38, 50400, 100.00
PRESTIGE, EQ, 29-Sep-2026, 1470.80, 1465.00, 1465.00, 1417.50, 1417.50, 1417.50, 1433.23, 746201, 10694.80, 20259, 446787, 59.87
PRICOLLTD, EQ, 29-Sep-2026, 753.10, 752.00, 758.25, 741.00, 749.00, 749.35, 750.18, 283435, 2126.27, 19707, 140334, 49.51
PRIMECAB, ST, 29-Sep-2026, 178.20, 185.00, 187.10, 183.00, 187.10, 187.10, 186.42, 57600, 107.38, 31, 56000, 97.22
PRIMESECU, EQ, 29-Sep-2026, 301.85, 298.95, 304.50, 293.05, 302.10, 302.50, 301.04, 18619, 56.05, 259, 12904, 69.31
PRIMO, EQ, 29-Sep-2026, 28.13, 28.99, 29.12, 25.94, 28.00, 27.38, 27.31, 1302676, 355.77, 8650, 512740, 39.36
PRINCEPIPE, EQ, 29-Sep-2026, 257.75, 258.00, 259.90, 251.80, 256.00, 255.85, 255.60, 75234, 192.30, 3092, 35341, 46.97
PRIORITY, EQ, 29-Sep-2026, 300.93, 295.65, 302.00, 279.87, 301.00, 293.64, 287.28, 379091, 1089.06, 7702, 158627, 41.84
PRISMX, EQ, 29-Sep-2026, 0.53, 0.54, 0.55, 0.52, 0.53, 0.53, 0.53, 142967, 0.76, 111, 98450, 68.86
PRITI, EQ, 29-Sep-2026, 31.33, 32.00, 32.48, 30.50, 31.98, 32.14, 31.38, 6072, 1.91, 141, 5014, 82.58
PRITIKA, SM, 29-Sep-2026, 62.50, 62.50, 65.95, 57.65, 62.90, 62.70, 62.33, 12000, 7.48, 5, 4000, 33.33
PRITIKAUTO, EQ, 29-Sep-2026, 18.87, 19.85, 19.85, 17.56, 18.39, 18.40, 18.62, 1329969, 247.70, 3204, 654721, 49.23
PRIVISCL, EQ, 29-Sep-2026, 3605.30, 3607.20, 3705.00, 3568.70, 3590.00, 3605.50, 3635.66, 418867, 15228.57, 67059, 224334, 53.56
PRIZOR, ST, 29-Sep-2026, 1128.10, 1132.00, 1150.65, 1132.00, 1150.65, 1150.65, 1142.53, 4000, 45.70, 10, 4000, 100.00
PRLIND, SM, 29-Sep-2026, 45.95, 45.00, 45.20, 45.00, 45.20, 45.20, 45.07, 3000, 1.35, 3, 3000, 100.00
PROFX, SM, 29-Sep-2026, 72.75, 71.00, 71.00, 68.55, 69.95, 69.95, 69.88, 6400, 4.47, 4, 4800, 75.00
PROLIFE, SM, 29-Sep-2026, 80.00, 76.00, 76.00, 76.00, 76.00, 76.00, 76.00, 500, 0.38, 1, 500, 100.00
PROPSHOP, SM, 29-Sep-2026, 68.00, 65.50, 69.00, 65.40, 69.00, 69.00, 67.32, 10000, 6.73, 5, 6000, 60.00
PROSTARM, EQ, 29-Sep-2026, 136.33, 136.33, 138.58, 133.00, 135.17, 135.83, 136.05, 164167, 223.35, 2816, 60176, 36.66
PROTEAN, EQ, 29-Sep-2026, 691.50, 690.00, 699.40, 661.35, 663.80, 666.65, 680.38, 859577, 5848.42, 22747, 279526, 32.52
PROV, SM, 29-Sep-2026, 1920.50, 1920.00, 1959.00, 1920.00, 1940.00, 1949.50, 1939.81, 560, 10.86, 7, 480, 85.71
PROZONER, EQ, 29-Sep-2026, 56.26, 56.05, 56.81, 55.41, 56.05, 56.20, 56.10, 817910, 458.83, 2079, 733575, 89.69
PRSMJOHNSN, EQ, 29-Sep-2026, 115.15, 115.09, 115.15, 108.20, 109.50, 109.27, 109.89, 1164484, 1279.70, 15964, 440199, 37.80
PRUDENT, EQ, 29-Sep-2026, 3171.30, 3170.00, 3170.00, 3060.00, 3111.90, 3098.70, 3092.03, 98288, 3039.09, 22835, 51515, 52.41
PRUDMOULI, EQ, 29-Sep-2026, 13.93, 13.98, 13.98, 13.50, 13.98, 13.98, 13.74, 2209, 0.30, 23, 1840, 83.30
PSB, EQ, 29-Sep-2026, 21.31, 21.31, 21.32, 20.95, 21.18, 21.11, 21.08, 1263412, 266.36, 6811, 618277, 48.94
PSPPROJECT, EQ, 29-Sep-2026, 779.10, 778.00, 793.50, 772.10, 786.95, 782.65, 783.67, 68855, 539.60, 4101, 36751, 53.37
PSRAJ, SM, 29-Sep-2026, 100.00, 100.50, 100.70, 99.00, 99.90, 99.80, 100.24, 92500, 92.72, 25, 82500, 89.19
PSUBANK, EQ, 29-Sep-2026, 80.58, 80.66, 80.66, 78.86, 80.00, 79.67, 79.84, 160761, 128.35, 1003, 60319, 37.52
PSUBANKADD, EQ, 29-Sep-2026, 81.39, 82.18, 82.38, 80.20, 80.95, 81.28, 80.78, 21665, 17.50, 396, 14474, 66.81
PSUBNKBEES, EQ, 29-Sep-2026, 89.92, 90.00, 90.99, 88.61, 89.85, 89.71, 89.28, 958562, 855.81, 6826, 424243, 44.26
PSUBNKIETF, EQ, 29-Sep-2026, 81.65, 81.39, 81.90, 80.37, 81.89, 81.49, 80.88, 138717, 112.20, 1038, 69302, 49.96
PTC, EQ, 29-Sep-2026, 154.88, 155.20, 156.09, 153.53, 155.80, 155.75, 155.08, 1273851, 1975.54, 22973, 711254, 55.83
PTCIL, EQ, 29-Sep-2026, 21685.00, 21685.00, 22690.00, 21555.00, 22325.00, 22535.00, 22220.29, 19622, 4360.07, 7643, 7319, 37.30
PTL, EQ, 29-Sep-2026, 37.90, 37.99, 38.84, 37.03, 38.02, 38.20, 38.06, 28735, 10.94, 1482, 12596, 43.84
PULZ, SM, 29-Sep-2026, 21.20, 21.00, 21.65, 21.00, 21.65, 21.65, 21.21, 8000, 1.70, 4, 8000, 100.00
PUNJABCHEM, EQ, 29-Sep-2026, 1054.60, 1078.90, 1078.90, 1024.40, 1032.10, 1035.80, 1041.02, 3891, 40.51, 529, 2522, 64.82
PURPLEUTED, SM, 29-Sep-2026, 503.65, 500.00, 500.00, 478.50, 478.50, 482.00, 486.29, 21500, 104.55, 81, 16250, 75.58
PURVA, EQ, 29-Sep-2026, 209.99, 208.80, 210.88, 199.50, 204.00, 204.84, 204.19, 240427, 490.93, 6645, 98910, 41.14
PURVFLEXI, SM, 29-Sep-2026, 42.00, 43.60, 43.60, 40.00, 40.00, 41.15, 41.66, 6400, 2.67, 7, 5600, 87.50
PUSHPA, SM, 29-Sep-2026, 116.10, 116.00, 122.00, 111.35, 118.05, 119.00, 119.60, 265000, 316.95, 197, 95000, 35.85
PVP, EQ, 29-Sep-2026, 58.85, 57.30, 57.94, 55.91, 55.91, 55.91, 56.14, 2985074, 1675.72, 3361, 1372009, 45.96
PVRINOX, EQ, 29-Sep-2026, 1225.00, 1230.00, 1230.00, 1181.20, 1190.00, 1190.10, 1195.82, 816749, 9766.88, 49362, 468760, 57.39
PVSL, EQ, 29-Sep-2026, 97.66, 97.20, 102.50, 95.23, 97.00, 97.01, 96.86, 24960, 24.18, 722, 17637, 70.66
PVTBANIETF, EQ, 29-Sep-2026, 26.83, 26.83, 26.83, 26.44, 26.76, 26.72, 26.62, 1688640, 449.59, 2659, 818539, 48.47
PVTBANK, EQ, 29-Sep-2026, 26.72, 26.61, 27.40, 26.00, 27.00, 27.01, 26.67, 39520, 10.54, 179, 18192, 46.03
PVTBANKADD, EQ, 29-Sep-2026, 26.90, 26.76, 26.94, 26.54, 26.75, 26.80, 26.70, 70320, 18.77, 211, 34511, 49.08
PVTBKGROWW, EQ, 29-Sep-2026, 26.60, 26.50, 26.59, 26.31, 26.47, 26.47, 26.40, 4714, 1.24, 74, 3307, 70.15
PWL, EQ, 29-Sep-2026, 128.07, 128.07, 128.32, 124.39, 125.10, 125.15, 125.62, 5275797, 6627.39, 40178, 1913323, 36.27
PYRAMID, EQ, 29-Sep-2026, 161.11, 159.50, 162.24, 155.05, 156.00, 156.54, 157.47, 38974, 61.37, 811, 23008, 59.03
QFIL, SM, 29-Sep-2026, 52.35, 49.75, 52.35, 49.75, 52.35, 52.35, 51.48, 3000, 1.54, 2, 3000, 100.00
QGOLDHALF, EQ, 29-Sep-2026, 121.37, 121.60, 121.60, 120.10, 121.20, 120.80, 120.85, 274708, 331.98, 1069, 126295, 45.97
QLINE, SM, 29-Sep-2026, 666.70, 652.50, 678.70, 648.10, 670.00, 672.75, 659.87, 103200, 680.99, 218, 68000, 65.89
QMSMEDI, BE, 29-Sep-2026, 206.47, 216.79, 216.79, 205.00, 216.79, 216.79, 215.13, 191841, 412.70, 612, -, -
QNIFTY, EQ, 29-Sep-2026, 251.49, 257.77, 257.77, 249.00, 250.80, 250.71, 250.37, 2154, 5.39, 289, 1309, 60.77
QPOWER, EQ, 29-Sep-2026, 1592.70, 1608.00, 1638.00, 1552.30, 1619.00, 1614.30, 1593.95, 378939, 6040.10, 24944, 151116, 39.88
QUADFUTURE, EQ, 29-Sep-2026, 531.50, 535.00, 554.00, 521.10, 540.05, 542.15, 539.66, 682032, 3680.68, 29842, 156465, 22.94
QUADPRO, ST, 29-Sep-2026, 4.20, 4.40, 4.40, 4.40, 4.40, 4.40, 4.40, 84000, 3.70, 7, 84000, 100.00
QUAL30IETF, EQ, 29-Sep-2026, 20.04, 20.04, 20.05, 19.79, 19.85, 19.82, 19.85, 122305, 24.28, 400, 85679, 70.05
QUALIANCE, SM, 29-Sep-2026, 181.40, 181.50, 193.95, 177.50, 191.00, 189.10, 182.53, 58000, 105.86, 52, 46000, 79.31
QUALITY30, EQ, 29-Sep-2026, 19.64, 19.53, 19.88, 19.29, 19.47, 19.40, 19.48, 1365, 0.27, 135, 1001, 73.33
QUESS, EQ, 29-Sep-2026, 340.90, 339.75, 343.00, 335.90, 342.40, 342.10, 340.36, 190530, 648.48, 13140, 96900, 50.86
QUESTLAB, SM, 29-Sep-2026, 85.75, 83.60, 90.00, 81.00, 89.00, 89.00, 84.81, 28800, 24.43, 23, 20400, 70.83
QUICKHEAL, EQ, 29-Sep-2026, 143.40, 143.82, 148.29, 141.70, 144.87, 145.92, 145.48, 77600, 112.90, 2347, 36608, 47.18
QUICKTOUCH, SM, 29-Sep-2026, 15.50, 15.50, 15.50, 14.75, 14.75, 14.75, 15.13, 2000, 0.30, 4, 1500, 75.00
QUINT, BE, 29-Sep-2026, 80.15, 76.15, 76.15, 76.15, 76.15, 76.15, 76.15, 1264, 0.96, 24, -, -
QUINTEGRA, EQ, 29-Sep-2026, 1.17, 1.22, 1.22, 1.22, 1.22, 1.22, 1.22, 1020, 0.01, 2, 1020, 100.00
QVCEL, SM, 29-Sep-2026, 24.00, 23.50, 25.00, 23.20, 25.00, 25.00, 23.83, 8000, 1.91, 5, 6400, 80.00
RACE, EQ, 29-Sep-2026, 121.70, 121.70, 123.13, 117.90, 119.61, 119.85, 120.63, 49879, 60.17, 730, 22481, 45.07
RACLGEAR, EQ, 29-Sep-2026, 1613.10, 1606.60, 1626.00, 1535.30, 1571.00, 1588.60, 1596.94, 42673, 681.46, 8473, 21183, 49.64
RADAAN, EQ, 29-Sep-2026, 3.02, 3.02, 3.09, 2.90, 2.99, 2.96, 2.96, 22851, 0.68, 107, 16711, 73.13
RADHIKAJWE, BE, 29-Sep-2026, 69.38, 68.35, 69.23, 67.55, 68.80, 68.69, 68.39, 113961, 77.94, 889, -, -
RADIANTCMS, EQ, 29-Sep-2026, 35.70, 35.40, 36.48, 35.02, 35.61, 35.65, 35.71, 169177, 60.42, 1693, 88274, 52.18
RADICO, EQ, 29-Sep-2026, 4478.30, 4478.00, 4478.00, 4364.00, 4364.00, 4364.00, 4412.25, 238687, 10531.47, 30906, 120464, 50.47
RADIOCITY, EQ, 29-Sep-2026, 5.99, 5.99, 6.05, 5.92, 6.03, 6.01, 6.01, 192865, 11.60, 124, 156474, 81.13
RADIOWALLA, ST, 29-Sep-2026, 28.60, 29.15, 29.15, 29.15, 29.15, 29.15, 29.15, 14400, 4.20, 8, 12800, 88.89
RAILTEL, EQ, 29-Sep-2026, 256.15, 255.00, 261.95, 252.05, 261.30, 259.25, 257.89, 637058, 1642.92, 19260, 235304, 36.94
RAIN, EQ, 29-Sep-2026, 215.45, 215.95, 217.44, 210.10, 214.05, 215.41, 214.20, 2705102, 5794.44, 21064, 1194466, 44.16
RAINBOW, EQ, 29-Sep-2026, 1372.60, 1374.80, 1385.70, 1351.10, 1354.00, 1367.80, 1369.12, 229899, 3147.60, 25352, 151175, 65.76
RAJESHEXPO, BZ, 29-Sep-2026, 65.15, 65.80, 66.00, 62.00, 63.40, 63.38, 63.48, 173192, 109.93, 2100, -, -
RAJINDLTD, SM, 29-Sep-2026, 66.55, 65.40, 66.40, 64.40, 64.40, 64.40, 65.38, 6000, 3.92, 4, 4500, 75.00
RAJMET, EQ, 29-Sep-2026, 3.08, 3.10, 3.12, 3.04, 3.08, 3.06, 3.08, 201847, 6.21, 628, 173864, 86.14
RAJOOENG, BE, 29-Sep-2026, 53.68, 53.89, 54.40, 52.80, 53.40, 53.32, 53.43, 110899, 59.25, 508, -, -
RAJPALAYAM, EQ, 29-Sep-2026, 758.05, 758.00, 776.00, 757.00, 760.00, 757.80, 759.25, 1623, 12.32, 41, 1430, 88.11
RAJPUTANA, SM, 29-Sep-2026, 198.20, 198.50, 198.50, 198.50, 198.50, 198.50, 198.50, 1500, 2.98, 3, 1500, 100.00
RAJRATAN, EQ, 29-Sep-2026, 460.95, 461.00, 473.60, 453.50, 462.00, 466.15, 464.78, 52250, 242.85, 4841, 26829, 51.35
RAJRILTD, BE, 29-Sep-2026, 20.80, 21.00, 21.00, 20.39, 20.41, 20.46, 20.49, 4921, 1.01, 79, -, -
RAJSREESUG, EQ, 29-Sep-2026, 30.84, 31.46, 31.46, 30.01, 30.50, 30.58, 30.55, 21238, 6.49, 319, 14256, 67.12
RAJTV, EQ, 29-Sep-2026, 11.14, 11.49, 11.60, 10.59, 10.59, 10.59, 10.69, 130949, 13.99, 261, 102762, 78.47
RALLIS, EQ, 29-Sep-2026, 199.42, 199.75, 200.85, 196.76, 199.00, 199.96, 199.24, 628858, 1252.96, 22151, 383309, 60.95
RAMANEWS, EQ, 29-Sep-2026, 31.11, 30.19, 31.58, 30.17, 30.32, 30.31, 30.53, 10643, 3.25, 217, 6884, 64.68
RAMAPHO, EQ, 29-Sep-2026, 120.00, 122.40, 122.40, 119.31, 120.60, 120.33, 120.47, 9762, 11.76, 185, 6842, 70.09
RAMASTEEL, BE, 29-Sep-2026, 4.40, 4.32, 4.48, 4.32, 4.48, 4.48, 4.39, 2009991, 88.29, 1302, -, -
RAMBHAJO, EQ, 29-Sep-2026, 265.03, 266.70, 291.53, 263.21, 291.53, 290.97, 284.79, 1672071, 4761.82, 16631, 844833, 50.53
RAMCOCEM, EQ, 29-Sep-2026, 848.65, 849.70, 850.00, 822.05, 845.00, 844.25, 837.23, 339013, 2838.31, 20210, 218418, 64.43
RAMCOIND, EQ, 29-Sep-2026, 310.90, 310.90, 313.70, 305.00, 310.00, 310.10, 309.36, 85458, 264.38, 2381, 38891, 45.51
RAMCOSYS, EQ, 29-Sep-2026, 563.80, 563.50, 563.95, 550.00, 555.95, 553.70, 557.08, 40081, 223.28, 2439, 21504, 53.65
RAMKY, EQ, 29-Sep-2026, 306.25, 309.05, 309.05, 290.15, 292.70, 294.05, 300.06, 113032, 339.16, 2428, 79080, 69.96
RAMRAT, EQ, 29-Sep-2026, 568.20, 568.20, 590.00, 564.60, 583.00, 583.80, 579.45, 258622, 1498.58, 16353, 119472, 46.20
RANASUG, EQ, 29-Sep-2026, 13.86, 13.62, 14.00, 13.60, 13.60, 13.67, 13.72, 98422, 13.50, 745, 46065, 46.80
RANEHOLDIN, EQ, 29-Sep-2026, 1584.40, 1565.60, 1575.10, 1531.00, 1551.00, 1541.30, 1548.96, 11509, 178.27, 1081, 7318, 63.59
RAPIDFLEET, SM, 29-Sep-2026, 208.00, 200.00, 200.40, 200.00, 200.40, 200.40, 200.20, 5400, 10.81, 9, 0, 0.00
RAPPID, SM, 29-Sep-2026, 350.00, 350.00, 350.00, 340.00, 340.00, 340.50, 344.48, 9600, 33.07, 10, 9000, 93.75
RATEGAIN, EQ, 29-Sep-2026, 828.70, 827.00, 833.00, 817.00, 830.00, 830.00, 827.23, 203669, 1684.80, 17167, 110870, 54.44
RATNAMANI, EQ, 29-Sep-2026, 2748.40, 2722.50, 2918.40, 2722.50, 2790.00, 2833.30, 2848.81, 72241, 2058.01, 14931, 21654, 29.97
RATNAVEER, EQ, 29-Sep-2026, 330.95, 332.30, 335.50, 323.80, 331.00, 331.15, 330.88, 4872949, 16123.50, 33181, 1406243, 28.86
RAYMOND, EQ, 29-Sep-2026, 1179.95, 1183.40, 1203.85, 1162.50, 1185.00, 1185.75, 1183.37, 1469467, 17389.20, 48817, 181369, 12.34
RAYMONDLSL, EQ, 29-Sep-2026, 672.00, 672.15, 672.15, 654.00, 659.00, 660.55, 663.26, 136756, 907.05, 11113, 53576, 39.18
RAYMONDREL, EQ, 29-Sep-2026, 672.95, 670.10, 685.15, 652.00, 667.80, 672.55, 672.73, 1056909, 7110.17, 29986, 242728, 22.97
RBA, EQ, 29-Sep-2026, 91.61, 92.00, 92.35, 90.32, 92.25, 91.98, 91.47, 1645563, 1505.12, 22425, 772091, 46.92
RBLBANK, EQ, 29-Sep-2026, 407.00, 406.00, 407.80, 401.45, 402.00, 402.00, 404.33, 4214429, 17040.01, 43026, 2169430, 51.48
RBMINFRA, SM, 29-Sep-2026, 258.60, 256.05, 264.00, 230.00, 230.00, 241.40, 244.19, 26600, 64.96, 101, 23600, 88.72
RBS, SM, 29-Sep-2026, 82.00, 82.00, 84.90, 82.00, 84.90, 84.90, 83.56, 4000, 3.34, 3, 2400, 60.00
RBZJEWEL, BE, 29-Sep-2026, 189.91, 199.40, 199.40, 184.30, 196.50, 197.78, 197.26, 339612, 669.90, 2020, -, -
RCDL, SM, 29-Sep-2026, 17.90, 18.40, 18.75, 18.00, 18.75, 18.75, 18.57, 417000, 77.43, 98, 240000, 57.55
RCF, EQ, 29-Sep-2026, 109.95, 109.55, 109.67, 107.15, 107.90, 108.11, 108.52, 1140274, 1237.45, 12195, 401832, 35.24
RCOM, BE, 29-Sep-2026, 0.89, 0.87, 0.90, 0.85, 0.89, 0.86, 0.87, 3809581, 32.98, 2070, -, -
RECLTD, EQ, 29-Sep-2026, 303.25, 302.20, 303.15, 292.20, 292.45, 292.45, 293.94, 39781303, 116932.78, 130946, 30069786, 75.59
REDINGTON, EQ, 29-Sep-2026, 404.85, 404.75, 411.10, 401.05, 405.00, 405.45, 406.08, 2957867, 12011.41, 62582, 1407544, 47.59
REDTAPE, EQ, 29-Sep-2026, 119.97, 119.91, 119.91, 115.33, 117.19, 117.48, 117.19, 1234073, 1446.25, 25737, 421783, 34.18
REFEX, EQ, 29-Sep-2026, 275.80, 274.45, 276.60, 270.60, 272.35, 272.05, 272.64, 158081, 431.00, 5179, 76984, 48.70
REFRACTORY, SM, 29-Sep-2026, 38.90, 38.50, 40.80, 37.00, 40.80, 40.80, 39.33, 39000, 15.34, 30, 36000, 92.31
REGAAL, EQ, 29-Sep-2026, 88.56, 89.79, 90.99, 87.50, 88.97, 88.64, 89.22, 233388, 208.22, 3593, 77023, 33.00
REGENCERAM, EQ, 29-Sep-2026, 32.64, 36.92, 39.16, 31.20, 31.90, 32.51, 37.36, 246224, 92.00, 1298, 109534, 44.49
RELAXO, EQ, 29-Sep-2026, 290.75, 291.10, 296.30, 286.55, 290.40, 291.50, 290.59, 115867, 336.69, 8031, 56076, 48.40
RELCHEMQ, EQ, 29-Sep-2026, 115.51, 114.55, 118.99, 112.00, 112.00, 113.09, 114.47, 3263, 3.74, 138, 1536, 47.07
RELIABLE, EQ, 29-Sep-2026, 144.24, 146.69, 147.00, 142.00, 145.89, 145.17, 146.52, 59849, 87.69, 544, 56935, 95.13
RELIANCE, EQ, 29-Sep-2026, 1197.60, 1193.80, 1198.30, 1181.80, 1182.00, 1182.00, 1187.32, 24191416, 287229.13, 310251, 17501766, 72.35
RELIGARE, EQ, 29-Sep-2026, 234.32, 234.00, 236.24, 228.94, 233.40, 232.05, 232.06, 1613223, 3743.66, 12417, 1012593, 62.77
RELINFRA, BE, 29-Sep-2026, 44.30, 43.43, 43.43, 43.42, 43.42, 43.42, 43.42, 40398, 17.54, 326, -, -
RELTD, EQ, 29-Sep-2026, 148.07, 147.51, 151.00, 145.02, 148.86, 149.12, 149.02, 114620, 170.81, 2406, 56798, 49.55
REMSONSIND, EQ, 29-Sep-2026, 120.39, 119.95, 119.95, 110.10, 112.25, 111.56, 113.98, 807024, 919.82, 9321, 335760, 41.60
REMUS, SM, 29-Sep-2026, 919.50, 900.00, 939.00, 882.00, 925.05, 925.05, 901.00, 4200, 37.84, 40, 3000, 71.43
RENTOMOJO, EQ, 29-Sep-2026, 491.35, 489.00, 507.90, 485.55, 504.00, 502.15, 497.02, 2191503, 10892.15, 69656, 693219, 31.63
RENUKA, EQ, 29-Sep-2026, 22.91, 22.73, 22.88, 22.36, 22.49, 22.54, 22.58, 7648950, 1726.95, 13791, 1942077, 25.39
REPCOHOME, EQ, 29-Sep-2026, 346.75, 344.00, 345.00, 339.05, 342.10, 343.65, 342.03, 53494, 182.97, 1842, 28683, 53.62
REPL, EQ, 29-Sep-2026, 61.20, 61.00, 61.19, 60.00, 61.15, 61.14, 60.67, 715, 0.43, 28, 705, 98.60
REPRO, EQ, 29-Sep-2026, 333.80, 333.00, 333.00, 310.10, 320.00, 317.05, 318.08, 46679, 148.47, 2130, 18731, 40.13
RESPONIND, EQ, 29-Sep-2026, 161.60, 162.40, 172.69, 160.22, 168.02, 168.09, 168.37, 1341506, 2258.65, 21557, 282489, 21.06
RETAIL, EQ, 29-Sep-2026, 24.07, 28.88, 28.88, 28.80, 28.88, 28.88, 28.88, 117010, 33.79, 171, 104434, 89.25
REXPRO, SM, 29-Sep-2026, 35.00, 33.55, 34.50, 33.55, 33.55, 33.55, 34.11, 5000, 1.71, 5, 4000, 80.00
RGL, EQ, 29-Sep-2026, 163.23, 163.69, 166.00, 160.56, 165.90, 164.27, 163.88, 348391, 570.95, 8139, 134063, 38.48
RHETAN, EQ, 29-Sep-2026, 15.91, 16.69, 16.70, 16.69, 16.70, 16.69, 16.70, 11749535, 1961.79, 4915, 4336423, 36.91
RHFL, BZ, 29-Sep-2026, 1.60, 1.60, 1.64, 1.53, 1.58, 1.59, 1.58, 674508, 10.66, 756, -, -
RHIM, EQ, 29-Sep-2026, 386.60, 386.60, 399.60, 379.35, 393.00, 393.20, 391.90, 714917, 2801.79, 22008, 281698, 39.40
RHL, EQ, 29-Sep-2026, 163.90, 164.90, 165.00, 162.99, 165.00, 164.99, 164.49, 1539, 2.53, 38, 1538, 99.94
RICHA, SM, 29-Sep-2026, 78.00, 80.70, 80.70, 80.70, 80.70, 80.70, 80.70, 1000, 0.81, 1, 1000, 100.00
RICOAUTO, EQ, 29-Sep-2026, 127.36, 127.00, 127.01, 123.51, 125.79, 126.22, 125.52, 583280, 732.14, 7326, 236537, 40.55
RIIL, EQ, 29-Sep-2026, 685.60, 684.05, 684.05, 670.00, 672.00, 677.05, 676.09, 38584, 260.86, 2109, 11879, 30.79
RIIT, IV, 29-Sep-2026, 119.42, 119.00, 121.77, 119.00, 120.50, 120.38, 120.02, 52040, 62.46, 3835, 45627, 87.68
RILINFRA, SM, 29-Sep-2026, 34.10, 33.80, 33.80, 32.85, 33.05, 33.10, 33.29, 6300, 2.10, 46, 2400, 38.10
RIR, EQ, 29-Sep-2026, 186.21, 186.21, 191.00, 182.75, 187.98, 188.08, 187.61, 588043, 1103.23, 9678, 156558, 26.62
RISHABH, EQ, 29-Sep-2026, 713.50, 717.50, 728.85, 699.65, 721.65, 723.85, 716.19, 83308, 596.64, 8521, 39591, 47.52
RITCO, EQ, 29-Sep-2026, 277.20, 278.15, 287.50, 271.75, 281.60, 280.85, 278.61, 73429, 204.58, 1613, 32855, 44.74
RITES, EQ, 29-Sep-2026, 196.11, 196.11, 196.11, 191.25, 192.20, 192.31, 193.12, 387673, 748.68, 16049, 187220, 48.29
RITEZONE, SM, 29-Sep-2026, 17.60, 17.10, 17.10, 16.75, 16.75, 16.75, 16.89, 14400, 2.43, 8, 14400, 100.00
RKDL, EQ, 29-Sep-2026, 18.02, 18.03, 18.50, 17.80, 18.05, 18.36, 18.19, 7635, 1.39, 75, 4431, 58.04
RKEC, EQ, 29-Sep-2026, 22.78, 22.50, 25.90, 21.39, 23.70, 23.61, 24.04, 139704, 33.59, 907, 54447, 38.97
RKFORGE, EQ, 29-Sep-2026, 703.10, 703.00, 723.45, 700.00, 717.00, 714.65, 716.11, 843189, 6038.20, 43272, 349951, 41.50
RKSWAMY, EQ, 29-Sep-2026, 88.50, 89.93, 93.41, 87.01, 88.30, 89.48, 88.24, 25503, 22.51, 484, 19962, 78.27
RMC, EQ, 29-Sep-2026, 208.96, 209.59, 214.15, 206.02, 213.90, 210.37, 210.36, 16004, 33.67, 915, 7790, 48.68
RMDRIP, BE, 29-Sep-2026, 23.29, 23.50, 23.69, 23.50, 23.50, 23.52, 23.51, 239321, 56.26, 368, -, -
RML, EQ, 29-Sep-2026, 1325.90, 1334.80, 1407.10, 1298.50, 1391.70, 1380.90, 1357.20, 66084, 896.90, 5225, 32182, 48.70
RNBDENIMS, BE, 29-Sep-2026, 9.14, 9.14, 9.19, 8.95, 9.05, 9.04, 9.04, 57626, 5.21, 245, -, -
RNFI, SM, 29-Sep-2026, 315.00, 311.00, 313.00, 310.25, 311.80, 311.80, 311.09, 12000, 37.33, 19, 7200, 60.00
RNPL, SM, 29-Sep-2026, 59.65, 62.60, 62.60, 62.60, 62.60, 62.60, 62.60, 3600, 2.25, 3, 3600, 100.00
ROCKINGDCE, SM, 29-Sep-2026, 212.65, 221.45, 221.45, 215.90, 215.90, 215.90, 217.06, 2000, 4.34, 8, 1500, 75.00
ROCKPP, E1, 29-Sep-2026, 63.45, 57.20, 57.20, 57.20, 57.20, 57.20, 57.20, 10000, 5.72, 2, 10000, 100.00
ROHLTD, EQ, 29-Sep-2026, 299.05, 298.10, 310.20, 296.10, 301.10, 306.35, 301.11, 14020, 42.22, 893, 6314, 45.04
ROLEXRINGS, EQ, 29-Sep-2026, 193.45, 194.00, 196.81, 189.15, 190.00, 190.58, 192.69, 2165701, 4173.16, 33842, 806282, 37.23
ROLLT, BE, 29-Sep-2026, 5.51, 5.24, 5.24, 5.24, 5.24, 5.24, 5.24, 172065, 9.02, 138, -, -
ROML, EQ, 29-Sep-2026, 42.91, 42.82, 43.75, 41.50, 42.00, 41.91, 42.62, 1934, 0.82, 56, 1013, 52.38
ROSSARI, EQ, 29-Sep-2026, 440.40, 437.00, 438.10, 426.00, 429.80, 427.70, 429.52, 74365, 319.41, 4502, 42811, 57.57
ROSSELLIND, EQ, 29-Sep-2026, 51.18, 50.10, 51.98, 50.10, 51.97, 51.03, 50.94, 19856, 10.11, 418, 15345, 77.28
ROSSTECH, EQ, 29-Sep-2026, 1398.80, 1409.90, 1490.00, 1375.80, 1470.00, 1481.70, 1448.47, 315207, 4565.68, 32618, 123966, 39.33
ROTO, EQ, 29-Sep-2026, 62.55, 62.90, 64.01, 62.18, 63.12, 63.26, 63.13, 332694, 210.04, 3222, 132461, 39.81
ROUTE, EQ, 29-Sep-2026, 453.45, 452.50, 454.05, 444.10, 447.00, 447.20, 448.47, 97047, 435.23, 5330, 38887, 40.07
ROXHITECH, SM, 29-Sep-2026, 47.80, 45.60, 47.60, 45.60, 46.00, 46.55, 46.61, 14400, 6.71, 9, 14400, 100.00
RPEL, EQ, 29-Sep-2026, 1703.90, 1700.00, 1722.10, 1665.00, 1710.00, 1718.10, 1701.46, 42157, 717.28, 5510, 17907, 42.48
RPGLIFE, EQ, 29-Sep-2026, 2955.10, 2935.00, 3125.00, 2926.30, 3103.60, 3089.20, 3018.71, 96080, 2900.37, 10594, 55106, 57.35
RPOWER, EQ, 29-Sep-2026, 19.96, 19.90, 20.15, 19.45, 19.84, 19.77, 19.79, 32861231, 6504.50, 49423, 13155648, 40.03
RPPINFRA, EQ, 29-Sep-2026, 51.52, 50.55, 52.34, 50.25, 50.55, 50.80, 50.97, 33805, 17.23, 685, 20439, 60.46
RPPL, BE, 29-Sep-2026, 18.83, 18.85, 19.74, 18.85, 19.50, 19.49, 19.41, 58159, 11.29, 96, -, -
RPSGVENT, EQ, 29-Sep-2026, 842.05, 848.00, 848.00, 828.00, 830.60, 833.85, 832.98, 25190, 209.83, 1095, 14357, 56.99
RPTECH, EQ, 29-Sep-2026, 883.95, 883.95, 935.00, 871.55, 929.95, 925.35, 907.84, 557981, 5065.55, 40592, 237334, 42.53
RRECL, EQ, 29-Sep-2026, 119.32, 122.30, 131.00, 118.00, 130.00, 129.19, 123.70, 1323, 1.64, 37, 1145, 86.55
RRIL, EQ, 29-Sep-2026, 15.66, 15.36, 15.66, 15.30, 15.57, 15.48, 15.50, 27693, 4.29, 85, 20859, 75.32
RRKABEL, EQ, 29-Sep-2026, 2459.80, 2459.80, 2546.50, 2440.30, 2531.20, 2523.20, 2507.12, 240700, 6034.64, 23448, 114925, 47.75
RSDFIN, BE, 29-Sep-2026, 91.00, 91.00, 91.00, 87.00, 87.00, 87.00, 90.90, 42, 0.04, 5, -, -
RSL, EQ, 29-Sep-2026, 167.41, 168.54, 168.90, 164.00, 165.05, 165.45, 165.77, 635959, 1054.24, 7637, 347635, 54.66
RSSOFTWARE, EQ, 29-Sep-2026, 30.85, 31.00, 31.00, 29.53, 29.90, 29.97, 30.03, 4580, 1.38, 201, 3744, 81.75
RSWM, EQ, 29-Sep-2026, 211.35, 209.29, 215.29, 206.58, 212.02, 212.37, 211.10, 57039, 120.41, 1638, 35400, 62.06
RSYSTEMS, EQ, 29-Sep-2026, 275.21, 290.00, 305.98, 285.20, 301.00, 298.69, 295.31, 67292815, 198724.61, 586712, 3263880, 4.85
RTL, SM, 29-Sep-2026, 82.50, 78.50, 78.50, 78.50, 78.50, 78.50, 78.50, 2000, 1.57, 1, 2000, 100.00
RTNINDIA, EQ, 29-Sep-2026, 26.20, 26.29, 26.35, 25.25, 25.71, 25.66, 25.58, 3231261, 826.49, 12815, 1413540, 43.75
RTNPOWER, EQ, 29-Sep-2026, 6.86, 6.86, 6.91, 6.71, 6.88, 6.87, 6.81, 16028573, 1091.39, 14765, 6008671, 37.49
RTSPOWR, EQ, 29-Sep-2026, 125.50, 136.77, 138.05, 116.05, 116.90, 118.18, 131.85, 274598, 362.07, 3501, 103128, 37.56
RUBFILA, EQ, 29-Sep-2026, 62.37, 62.37, 64.50, 61.61, 64.40, 63.85, 62.75, 41304, 25.92, 833, 12432, 30.10
RUBICON, EQ, 29-Sep-2026, 1592.80, 1593.60, 1646.40, 1583.20, 1599.00, 1609.00, 1604.28, 701771, 11258.38, 54306, 463226, 66.01
RUBYMILLS, EQ, 29-Sep-2026, 510.60, 510.60, 510.65, 485.00, 490.00, 491.80, 498.30, 22908, 114.15, 1395, 10162, 44.36
RUCHINFRA, EQ, 29-Sep-2026, 5.09, 5.19, 5.19, 5.03, 5.03, 5.05, 5.09, 47504, 2.42, 136, 27708, 58.33
RUCHIRA, EQ, 29-Sep-2026, 106.92, 107.80, 107.80, 104.00, 105.15, 104.29, 105.23, 20128, 21.18, 506, 13781, 68.47
RUDRA, EQ, 29-Sep-2026, 18.55, 18.55, 18.60, 18.01, 18.03, 18.03, 18.22, 30405, 5.54, 181, 24824, 81.64
RULKA, SM, 29-Sep-2026, 107.30, 105.00, 110.50, 105.00, 107.40, 107.40, 107.66, 6900, 7.43, 21, 6300, 91.30
RUPA, EQ, 29-Sep-2026, 132.75, 132.98, 133.57, 130.00, 131.98, 132.39, 131.69, 100141, 131.87, 5438, 42669, 42.61
RUSHIL, EQ, 29-Sep-2026, 15.96, 15.84, 16.45, 15.84, 16.08, 16.13, 16.18, 250310, 40.51, 615, 163692, 65.40
RUSTOMJEE, EQ, 29-Sep-2026, 359.90, 357.10, 367.20, 355.10, 363.00, 362.95, 359.26, 94347, 338.95, 2042, 52522, 55.67
RVHL, EQ, 29-Sep-2026, 38.66, 38.20, 39.48, 37.70, 38.50, 38.28, 38.26, 12470, 4.77, 103, 11201, 89.82
RVNL, EQ, 29-Sep-2026, 202.75, 202.00, 202.00, 195.32, 197.90, 197.90, 198.37, 7345733, 14571.80, 59078, 1574602, 21.44
RVTH, EQ, 29-Sep-2026, 633.25, 635.00, 680.00, 633.25, 642.50, 664.90, 663.65, 592, 3.93, 49, 563, 95.10
S&SPOWER, EQ, 29-Sep-2026, 311.10, 298.20, 311.00, 298.05, 302.00, 301.25, 303.01, 5052, 15.31, 139, 4691, 92.85
SAAKSHI, ST, 29-Sep-2026, 360.00, 360.00, 367.20, 360.00, 367.00, 367.00, 365.88, 10200, 37.32, 16, 9600, 94.12
SAATVIKGL, EQ, 29-Sep-2026, 422.40, 420.00, 422.00, 404.35, 415.50, 414.50, 411.77, 186910, 769.64, 10132, 67522, 36.13
SACHEEROME, SM, 29-Sep-2026, 449.05, 450.00, 465.00, 441.05, 465.00, 457.25, 450.66, 17700, 79.77, 55, 12600, 71.19
SADBHAV, EQ, 29-Sep-2026, 7.19, 7.19, 7.19, 6.90, 7.00, 6.93, 6.98, 369279, 25.78, 797, 248255, 67.23
SADBHIN, EQ, 29-Sep-2026, 2.57, 2.57, 2.60, 2.50, 2.57, 2.56, 2.54, 87828, 2.23, 131, 62158, 70.77
SADHAV, SM, 29-Sep-2026, 110.00, 106.35, 110.00, 106.35, 110.00, 110.00, 109.33, 15600, 17.06, 20, 13200, 84.62
SADHNANIQ, BE, 29-Sep-2026, 2.68, 2.63, 2.69, 2.55, 2.60, 2.59, 2.58, 1588892, 40.97, 972, -, -
SAFARI, EQ, 29-Sep-2026, 1453.20, 1464.50, 1464.50, 1412.50, 1430.00, 1430.90, 1430.96, 31021, 443.90, 6672, 13169, 42.45
SAFEENTP, SM, 29-Sep-2026, 249.55, 250.00, 250.00, 236.20, 239.10, 239.25, 240.36, 66500, 159.84, 109, 50500, 75.94
SAGARDEEP, EQ, 29-Sep-2026, 23.29, 23.18, 23.60, 22.76, 23.10, 23.44, 22.95, 6760, 1.55, 80, 6607, 97.74
SAGCEM, EQ, 29-Sep-2026, 149.64, 149.00, 150.92, 146.60, 146.99, 147.45, 147.75, 29148, 43.06, 1058, 13191, 45.26
SAGILITY, EQ, 29-Sep-2026, 43.45, 43.45, 43.47, 42.11, 42.54, 42.54, 42.56, 11366184, 4837.58, 28044, 5089888, 44.78
SAHAJSOLAR, SM, 29-Sep-2026, 89.80, 88.40, 91.90, 87.00, 87.50, 87.90, 87.97, 16800, 14.78, 35, 12800, 76.19
SAHANA, SM, 29-Sep-2026, 817.45, 825.00, 829.70, 790.00, 811.05, 806.00, 817.39, 19650, 160.62, 87, 6300, 32.06
SAHASRA, SM, 29-Sep-2026, 450.25, 459.95, 472.75, 427.75, 427.80, 432.75, 457.18, 265600, 1214.26, 550, 150000, 56.48
SAHLIBHFI, EQ, 29-Sep-2026, 75.61, 78.09, 79.15, 76.87, 78.99, 78.37, 78.37, 17549, 13.75, 254, 15423, 87.89
SAHYADRI, EQ, 29-Sep-2026, 351.30, 353.50, 353.90, 346.10, 349.00, 349.20, 349.36, 3181, 11.11, 230, 2154, 67.71
SAICAPI, EQ, 29-Sep-2026, 155.85, 154.45, 155.85, 153.99, 155.85, 155.09, 154.52, 138, 0.21, 33, 88, 63.77
SAIFL, SM, 29-Sep-2026, 4.15, 4.15, 4.25, 4.10, 4.25, 4.25, 4.16, 124000, 5.16, 25, 88000, 70.97
SAIL, EQ, 29-Sep-2026, 184.20, 182.53, 186.86, 181.21, 181.82, 181.82, 183.95, 21241634, 39073.81, 86545, 9339808, 43.97
SAILIFE, EQ, 29-Sep-2026, 1582.80, 1576.00, 1594.50, 1550.00, 1558.00, 1559.90, 1570.18, 356685, 5600.59, 41501, 191936, 53.81
SAIPARENT, EQ, 29-Sep-2026, 509.95, 504.70, 514.05, 501.00, 502.00, 502.50, 506.46, 64324, 325.77, 3007, 39905, 62.04
SAJHOTELS, ST, 29-Sep-2026, 31.10, 30.10, 30.10, 30.00, 30.00, 30.00, 30.05, 6000, 1.80, 3, 6000, 100.00
SAKAR, EQ, 29-Sep-2026, 1089.65, 1087.00, 1129.00, 1081.65, 1129.00, 1121.85, 1111.56, 47204, 524.70, 4299, 22641, 47.96
SAKHTISUG, EQ, 29-Sep-2026, 18.42, 18.75, 18.75, 17.86, 18.05, 18.11, 18.16, 85154, 15.47, 581, 52687, 61.87
SAKSOFT, EQ, 29-Sep-2026, 141.81, 142.50, 142.68, 139.00, 139.98, 139.78, 140.53, 179876, 252.77, 4328, 78189, 43.47
SAKUMA, EQ, 29-Sep-2026, 1.61, 1.61, 1.61, 1.53, 1.58, 1.55, 1.56, 1090164, 17.04, 989, 637699, 58.50
SALASAR, EQ, 29-Sep-2026, 4.51, 4.51, 4.54, 3.82, 4.14, 4.16, 4.16, 22936188, 954.07, 44926, 14338414, 62.51
SALONA, EQ, 29-Sep-2026, 272.95, 270.00, 270.00, 260.20, 267.10, 266.95, 264.97, 441, 1.17, 80, 287, 65.08
SALSTEEL, EQ, 29-Sep-2026, 93.03, 95.30, 97.68, 92.00, 96.99, 97.08, 95.33, 1208259, 1151.84, 7241, 325946, 26.98
SALZERELEC, EQ, 29-Sep-2026, 535.55, 537.15, 544.45, 530.15, 535.00, 535.65, 537.21, 36625, 196.75, 2104, 17430, 47.59
SAMBANDAM, EQ, 29-Sep-2026, 106.24, 106.24, 110.15, 105.00, 109.98, 109.98, 109.17, 212, 0.23, 20, 206, 97.17
SAMBHAAV, EQ, 29-Sep-2026, 5.80, 5.60, 6.09, 5.56, 5.93, 5.92, 5.92, 95530, 5.66, 209, 71060, 74.39
SAMBHV, EQ, 29-Sep-2026, 154.00, 154.00, 163.80, 152.50, 161.30, 162.24, 160.47, 8688235, 13942.44, 77197, 2394946, 27.57
SAMHI, EQ, 29-Sep-2026, 150.16, 149.55, 150.85, 145.55, 148.50, 149.34, 148.34, 888234, 1317.63, 17061, 431148, 48.54
SAMMAANCAP, EQ, 29-Sep-2026, 138.82, 139.08, 139.20, 135.68, 136.22, 136.48, 137.20, 4111952, 5641.41, 29473, 2236692, 54.39
SAMPANN, EQ, 29-Sep-2026, 24.29, 25.25, 25.25, 23.75, 23.80, 23.82, 24.01, 18697, 4.49, 261, 13032, 69.70
SANATHAN, EQ, 29-Sep-2026, 517.55, 525.95, 530.95, 510.20, 515.00, 515.00, 521.99, 88348, 461.17, 3814, 44303, 50.15
SANDESH, EQ, 29-Sep-2026, 1027.90, 1020.10, 1049.40, 1001.00, 1030.90, 1029.60, 1022.71, 218, 2.23, 83, 139, 63.76
SANDHAR, EQ, 29-Sep-2026, 576.55, 579.20, 585.40, 568.85, 581.30, 582.70, 579.42, 68787, 398.56, 4931, 37287, 54.21
SANDUMA, EQ, 29-Sep-2026, 181.51, 181.90, 184.00, 178.53, 183.10, 182.69, 181.72, 448066, 814.25, 10690, 187259, 41.79
SANGAMIND, EQ, 29-Sep-2026, 629.30, 633.55, 658.90, 625.05, 644.50, 645.55, 646.47, 157857, 1020.50, 9734, 56505, 35.80
SANGANI, SM, 29-Sep-2026, 53.65, 55.50, 56.30, 55.50, 56.30, 56.30, 56.22, 15000, 8.43, 3, 15000, 100.00
SANGHVIMOV, EQ, 29-Sep-2026, 444.30, 444.00, 459.60, 437.40, 453.55, 454.00, 450.13, 249409, 1122.67, 9339, 124828, 50.05
SANOFI, EQ, 29-Sep-2026, 3103.50, 3103.50, 3112.10, 3061.20, 3071.20, 3072.10, 3082.59, 10918, 336.56, 2480, 6206, 56.84
SANOFICONR, EQ, 29-Sep-2026, 3976.20, 3971.10, 3971.10, 3813.00, 3888.00, 3867.00, 3848.86, 41560, 1599.58, 13025, 20423, 49.14
SANSERA, EQ, 29-Sep-2026, 4457.20, 4380.00, 4550.00, 4154.60, 4448.40, 4362.20, 4293.48, 1016129, 43627.27, 122534, 536070, 52.76
SANSTAR, EQ, 29-Sep-2026, 106.90, 106.50, 107.08, 104.62, 105.15, 105.90, 105.74, 123874, 130.98, 2192, 62052, 50.09
SANWARIA, BZ, 29-Sep-2026, 0.19, 0.20, 0.20, 0.19, 0.20, 0.19, 0.20, 456837, 0.89, 109, -, -
SAPPHIRE, EQ, 29-Sep-2026, 216.68, 216.00, 224.13, 206.10, 211.11, 211.05, 212.52, 4093215, 8699.04, 53483, 2197239, 53.68
SAPPL, EQ, 29-Sep-2026, 279.95, 293.00, 298.00, 276.00, 298.00, 293.55, 290.19, 2179, 6.32, 99, 2032, 93.25
SARDAEN, EQ, 29-Sep-2026, 501.30, 500.45, 504.75, 493.00, 502.80, 500.35, 498.72, 260686, 1300.09, 13951, 139593, 53.55
SAREGAMA, EQ, 29-Sep-2026, 489.60, 489.85, 502.40, 473.00, 493.15, 493.45, 491.24, 1317275, 6470.97, 43482, 781427, 59.32
SARLAPOLY, EQ, 29-Sep-2026, 97.70, 98.70, 98.70, 95.30, 95.75, 95.67, 96.13, 22199, 21.34, 821, 14136, 63.68
SARTELE, SM, 29-Sep-2026, 84.80, 88.00, 93.00, 88.00, 92.95, 91.95, 90.88, 121000, 109.96, 177, 81000, 66.94
SARVESHWAR, EQ, 29-Sep-2026, 3.49, 3.55, 3.59, 3.40, 3.44, 3.44, 3.46, 1542269, 53.29, 2362, 938047, 60.82
SASKEN, EQ, 29-Sep-2026, 1658.20, 1681.00, 1690.00, 1611.70, 1664.40, 1658.80, 1636.23, 29675, 485.55, 4861, 18044, 60.81
SATECH, SM, 29-Sep-2026, 37.60, 37.60, 37.60, 37.60, 37.60, 37.60, 37.60, 1000, 0.38, 1, 1000, 100.00
SATIA, EQ, 29-Sep-2026, 68.10, 68.10, 69.00, 66.96, 68.31, 68.48, 68.20, 127525, 86.97, 2211, 67994, 53.32
SATIN, EQ, 29-Sep-2026, 234.40, 235.50, 244.00, 231.56, 236.78, 237.69, 238.52, 386081, 920.88, 7679, 151880, 39.34
SATIPOLY, SM, 29-Sep-2026, 33.00, 33.00, 33.80, 33.00, 33.80, 33.80, 33.27, 1500, 0.50, 3, 1500, 100.00
SATKARTAR, SM, 29-Sep-2026, 181.90, 181.90, 188.00, 176.00, 178.00, 179.30, 180.10, 47200, 85.01, 45, 35200, 74.58
SATTVAENGG, SM, 29-Sep-2026, 56.10, 56.55, 58.65, 53.00, 55.00, 53.70, 54.90, 48000, 26.35, 29, 35200, 73.33
SAURASHCEM, EQ, 29-Sep-2026, 53.35, 53.40, 54.49, 53.40, 53.56, 54.10, 53.96, 93956, 50.70, 1074, 61155, 65.09
SAVY, SM, 29-Sep-2026, 139.35, 139.00, 139.00, 137.00, 137.00, 137.00, 138.00, 2400, 3.31, 2, 1200, 50.00
SAWALIYA, SM, 29-Sep-2026, 162.45, 165.00, 176.00, 162.15, 176.00, 173.60, 170.55, 54600, 93.12, 28, 45000, 82.42
SAYAJIHOTL, EQ, 29-Sep-2026, 325.95, 302.00, 305.95, 302.00, 304.00, 304.00, 303.68, 7, 0.02, 4, 7, 100.00
SAYAJIIND, EQ, 29-Sep-2026, 116.09, 112.01, 120.95, 110.50, 120.95, 118.70, 114.94, 4247, 4.88, 35, 2897, 68.21
SBC, EQ, 29-Sep-2026, 53.54, 54.31, 55.26, 53.93, 54.89, 54.73, 54.68, 14185608, 7756.53, 21107, 6275766, 44.24
SBCL, EQ, 29-Sep-2026, 1110.20, 1096.80, 1129.30, 1090.80, 1123.90, 1111.30, 1114.16, 154486, 1721.22, 9850, 86369, 55.91
SBFC, EQ, 29-Sep-2026, 86.82, 86.78, 88.30, 83.61, 84.80, 84.46, 85.12, 5969074, 5080.97, 39087, 3642146, 61.02
SBGLP, EQ, 29-Sep-2026, 23.67, 23.90, 24.20, 21.00, 22.74, 22.98, 22.56, 107126, 24.17, 490, 74460, 69.51
SBIBPB, EQ, 29-Sep-2026, 46.83, 46.95, 47.29, 46.01, 46.40, 46.66, 46.25, 97593, 45.14, 577, 45457, 46.58
SBICARD, EQ, 29-Sep-2026, 591.00, 593.05, 594.00, 581.00, 581.00, 581.00, 587.48, 1392600, 8181.31, 41953, 764531, 54.90
SBIETFCON, EQ, 29-Sep-2026, 116.37, 117.78, 117.78, 115.00, 115.89, 115.90, 115.95, 1766, 2.05, 110, 1470, 83.24
SBIETFIT, EQ, 29-Sep-2026, 311.71, 314.00, 314.00, 307.00, 307.15, 307.50, 308.29, 8027, 24.75, 251, 4360, 54.32
SBIETFPB, EQ, 29-Sep-2026, 271.40, 271.38, 271.50, 267.56, 271.50, 270.52, 269.12, 3754, 10.10, 136, 1880, 50.08
SBIETFQLTY, EQ, 29-Sep-2026, 210.55, 210.55, 210.55, 207.00, 209.00, 209.05, 207.82, 23225, 48.27, 92, 11120, 47.88
SBIFUNDS, EQ, 29-Sep-2026, 522.90, 523.35, 524.00, 516.50, 518.00, 517.80, 518.34, 788800, 4088.70, 36052, 470671, 59.67
SBILIFE, EQ, 29-Sep-2026, 1728.10, 1731.60, 1746.00, 1711.00, 1735.00, 1735.00, 1728.58, 1598671, 27634.29, 51203, 1171894, 73.30
SBILIQETF, EQ, 29-Sep-2026, 1057.74, 1057.87, 1057.89, 1057.87, 1057.87, 1057.87, 1057.88, 31066, 328.64, 139, 20719, 66.69
SBIMIDMOM, EQ, 29-Sep-2026, 61.14, 60.50, 61.74, 60.50, 61.48, 61.33, 61.32, 351391, 215.48, 166, 345720, 98.39
SBIN, EQ, 29-Sep-2026, 962.00, 960.90, 968.10, 953.00, 964.70, 964.70, 959.42, 26781498, 256946.63, 282035, 18768750, 70.08
SBINEQWETF, EQ, 29-Sep-2026, 31.77, 31.92, 31.92, 31.50, 31.70, 31.65, 31.61, 43731, 13.82, 222, 35509, 81.20
SBINMID150, EQ, 29-Sep-2026, 22.21, 22.58, 22.58, 21.75, 22.04, 22.34, 21.88, 217628, 47.62, 191, 110406, 50.73
SBISILVER, EQ, 29-Sep-2026, 216.00, 215.50, 215.54, 213.55, 214.70, 214.53, 214.48, 885060, 1898.27, 7956, 475680, 53.75
SBISMLETF, EQ, 29-Sep-2026, 17.99, 17.90, 18.97, 17.70, 17.83, 17.84, 18.05, 221299, 39.95, 603, 42217, 19.08
SBIVALETF, EQ, 29-Sep-2026, 14.14, 14.03, 14.12, 13.97, 14.06, 14.06, 14.02, 7748, 1.09, 50, 5888, 75.99
SCANSTL, BE, 29-Sep-2026, 50.36, 52.07, 52.07, 48.15, 50.38, 49.64, 49.26, 17619, 8.68, 130, -, -
SCHAEFFLER, EQ, 29-Sep-2026, 3955.50, 3955.50, 3955.50, 3900.00, 3922.00, 3920.00, 3914.60, 91928, 3598.61, 11260, 70208, 76.37
SCHAND, EQ, 29-Sep-2026, 144.65, 147.50, 149.05, 142.78, 146.38, 147.29, 145.73, 40487, 59.00, 1091, 21652, 53.48
SCHNEIDER, EQ, 29-Sep-2026, 1188.20, 1193.80, 1214.00, 1182.40, 1197.00, 1192.70, 1196.13, 159472, 1907.50, 19436, 81037, 50.82
SCI, EQ, 29-Sep-2026, 272.05, 270.70, 275.95, 267.25, 272.00, 272.90, 271.69, 1448173, 3934.58, 25130, 457531, 31.59
SCILAL, EQ, 29-Sep-2026, 36.90, 36.90, 36.91, 36.40, 36.55, 36.69, 36.62, 179920, 65.89, 1240, 122244, 67.94
SCML, SM, 29-Sep-2026, 75.30, 70.65, 75.00, 70.65, 75.00, 74.65, 73.51, 17000, 12.50, 11, 5000, 29.41
SCODATUBES, EQ, 29-Sep-2026, 130.53, 130.02, 132.47, 128.70, 130.00, 130.14, 130.32, 241476, 314.69, 2560, 146360, 60.61
SCPL, BE, 29-Sep-2026, 628.50, 633.00, 658.00, 620.35, 639.00, 641.05, 639.52, 5479, 35.04, 189, -, -
SDBL, EQ, 29-Sep-2026, 80.62, 80.50, 80.50, 77.86, 79.00, 79.05, 78.94, 2249578, 1775.93, 15456, 603853, 26.84
SDREAMS, SM, 29-Sep-2026, 81.50, 81.00, 81.00, 81.00, 81.00, 81.00, 81.00, 2000, 1.62, 2, 2000, 100.00
SEAMECLTD, EQ, 29-Sep-2026, 1684.30, 1684.20, 1686.80, 1644.00, 1645.10, 1653.20, 1657.41, 46114, 764.30, 5021, 26527, 57.52
SECLEDBETA, EQ, 29-Sep-2026, 14.01, 14.10, 14.10, 13.85, 13.93, 13.93, 13.91, 7208, 1.00, 48, 6161, 85.47
SECMARK, EQ, 29-Sep-2026, 141.28, 141.28, 143.70, 133.41, 142.75, 142.75, 141.40, 28, 0.04, 6, 27, 96.43
SECURKLOUD, EQ, 29-Sep-2026, 17.14, 17.44, 17.44, 16.62, 17.10, 17.06, 17.03, 23462, 4.00, 102, 17608, 75.05
SEDEMAC, EQ, 29-Sep-2026, 3547.80, 3523.90, 3596.00, 3450.60, 3494.10, 3485.60, 3536.52, 437207, 15461.92, 56809, 145440, 33.27
SEIL, EQ, 29-Sep-2026, 190.06, 188.00, 195.00, 185.41, 188.06, 188.92, 187.96, 121217, 227.84, 1378, 89207, 73.59
SEITINVIT, IV, 29-Sep-2026, 121.50, 122.50, 122.50, 122.50, 122.50, 122.50, 122.50, 250000, 306.25, 1, 250000, 100.00
SEJALLTD, EQ, 29-Sep-2026, 664.60, 664.60, 664.60, 645.00, 645.00, 648.75, 649.89, 5509, 35.80, 502, 3750, 68.07
SEKURITIND, EQ, 29-Sep-2026, 108.12, 107.62, 112.00, 107.62, 109.60, 109.55, 109.55, 19727, 21.61, 469, 11572, 58.66
SEL, SM, 29-Sep-2026, 332.10, 325.00, 325.00, 325.00, 325.00, 325.00, 325.00, 1600, 5.20, 6, 1600, 100.00
SELECTIPO, EQ, 29-Sep-2026, 46.31, 47.23, 47.23, 45.80, 46.37, 46.32, 46.12, 61455, 28.34, 173, 45949, 74.77
SEMAC, EQ, 29-Sep-2026, 247.90, 245.00, 245.00, 237.00, 243.95, 243.95, 239.70, 808, 1.94, 40, 660, 81.68
SENCO, EQ, 29-Sep-2026, 318.30, 321.75, 331.50, 320.90, 327.40, 328.30, 327.65, 1459192, 4781.04, 42862, 408999, 28.03
SENORES, EQ, 29-Sep-2026, 1351.80, 1352.50, 1435.00, 1352.50, 1394.00, 1403.70, 1403.72, 506799, 7114.06, 35258, 180458, 35.61
SENSEXADD, EQ, 29-Sep-2026, 75.51, 75.00, 75.12, 74.55, 74.55, 74.74, 74.78, 1703, 1.27, 145, 1600, 93.95
SENSEXAXIS, EQ, 29-Sep-2026, 75.80, 75.80, 75.99, 74.76, 75.46, 75.45, 75.32, 11031, 8.31, 70, 2706, 24.53
SENSEXBETA, EQ, 29-Sep-2026, 809.63, 808.00, 808.00, 794.05, 805.00, 804.77, 801.88, 3092, 24.79, 192, 1716, 55.50
SENSEXETF, EQ, 29-Sep-2026, 75.25, 75.12, 75.13, 74.48, 74.96, 74.91, 74.83, 49424, 36.98, 470, 28877, 58.43
SENSEXIETF, EQ, 29-Sep-2026, 839.98, 838.01, 846.00, 830.57, 838.32, 836.33, 834.08, 20543, 171.35, 740, 12976, 63.17
SEPC, EQ, 29-Sep-2026, 4.96, 5.00, 5.15, 4.92, 5.09, 5.10, 5.05, 10955991, 553.73, 5519, 5379056, 49.10
SERVOTECH, EQ, 29-Sep-2026, 72.34, 72.75, 74.00, 69.76, 71.30, 71.34, 71.83, 811420, 582.86, 8470, 315402, 38.87
SESHAPAPER, EQ, 29-Sep-2026, 242.23, 241.07, 245.16, 241.00, 242.25, 242.53, 242.16, 8410, 20.37, 359, 4724, 56.17
SETCO, BE, 29-Sep-2026, 18.52, 18.43, 19.20, 18.10, 18.84, 18.67, 18.63, 61709, 11.50, 184, -, -
SETF10GILT, EQ, 29-Sep-2026, 260.71, 259.80, 261.85, 259.80, 261.84, 261.83, 261.62, 4141, 10.83, 32, 3805, 91.89
SETFGOLD, EQ, 29-Sep-2026, 124.97, 124.95, 124.95, 123.57, 124.55, 124.44, 124.35, 4944395, 6148.27, 14826, 2841669, 57.47
SETFNIF50, EQ, 29-Sep-2026, 246.07, 252.22, 252.22, 243.59, 245.73, 245.02, 244.45, 1135277, 2775.14, 7153, 859915, 75.74
SETFNIFBK, EQ, 29-Sep-2026, 560.87, 560.90, 566.00, 553.35, 561.10, 561.34, 557.23, 45053, 251.05, 2358, 16121, 35.78
SETFNN50, EQ, 29-Sep-2026, 756.63, 758.50, 758.50, 748.26, 756.00, 754.68, 751.32, 58980, 443.13, 1691, 36088, 61.19
SETL, EQ, 29-Sep-2026, 422.65, 434.70, 437.65, 416.10, 429.00, 428.95, 426.93, 717715, 3064.17, 15223, 346495, 48.28
SETUINFRA, BZ, 29-Sep-2026, 0.54, 0.55, 0.55, 0.53, 0.53, 0.53, 0.53, 5024, 0.03, 16, -, -
SEYAIND, BE, 29-Sep-2026, 13.60, 13.87, 13.87, 13.33, 13.33, 13.33, 13.42, 639, 0.09, 22, -, -
SFL, EQ, 29-Sep-2026, 629.30, 630.00, 638.95, 616.95, 625.55, 631.50, 629.98, 150092, 945.55, 13390, 69486, 46.30
SFML, SM, 29-Sep-2026, 20.40, 20.40, 20.40, 20.40, 20.40, 20.40, 20.40, 1600, 0.33, 1, 1600, 100.00
SGBAPR28I, GB, 29-Sep-2026, 14754.62, 14765.00, 14769.99, 14710.00, 14720.00, 14739.41, 14739.04, 149, 21.96, 45, 108, 72.48
SGBAUG27, GB, 29-Sep-2026, 14711.07, 14712.00, 14824.98, 14625.01, 14670.00, 14693.05, 14695.17, 102, 14.99, 39, 40, 39.22
SGBAUG28V, GB, 29-Sep-2026, 14737.67, 14749.00, 14775.00, 14666.66, 14775.00, 14766.95, 14740.22, 657, 96.84, 151, 447, 68.04
SGBAUG29V, GB, 29-Sep-2026, 14857.14, 14782.00, 14848.99, 14605.01, 14800.00, 14756.66, 14739.30, 271, 39.94, 66, 172, 63.47
SGBAUG30, GB, 29-Sep-2026, 15096.08, 15096.08, 15149.11, 15000.00, 15030.00, 15048.26, 15063.99, 72, 10.85, 30, 48, 66.67
SGBD29VIII, GB, 29-Sep-2026, 14873.95, 14873.95, 14928.00, 14745.00, 14766.85, 14766.86, 14784.11, 157, 23.21, 72, 127, 80.89
SGBDC27VII, GB, 29-Sep-2026, 14802.00, 14801.00, 14801.00, 14801.00, 14801.00, 14801.00, 14801.00, 2, 0.30, 2, 2, 100.00
SGBDE30III, GB, 29-Sep-2026, 15112.38, 15112.38, 15299.99, 14980.00, 14980.00, 14980.50, 15041.87, 95, 14.29, 60, 84, 88.42
SGBDE31III, GB, 29-Sep-2026, 15337.00, 15202.00, 15499.99, 15100.00, 15200.00, 15249.43, 15246.07, 1382, 210.70, 318, 867, 62.74
SGBDEC26, GB, 29-Sep-2026, 14998.99, 14998.99, 14998.99, 14998.99, 14998.99, 14998.99, 14998.99, 1, 0.15, 1, 1, 100.00
SGBFEB27, GB, 29-Sep-2026, 14650.00, 14511.01, 14610.00, 14511.01, 14610.00, 14610.00, 14560.51, 2, 0.29, 2, 1, 50.00
SGBFEB28IX, GB, 29-Sep-2026, 14900.00, 14802.11, 14899.00, 14601.00, 14675.00, 14638.00, 14841.95, 16, 2.37, 7, 13, 81.25
SGBFEB29XI, GB, 29-Sep-2026, 14836.45, 14762.27, 14800.00, 14700.00, 14769.00, 14769.00, 14759.71, 27, 3.99, 13, 27, 100.00
SGBFEB32IV, GB, 29-Sep-2026, 15660.13, 15699.99, 15875.00, 15510.01, 15600.10, 15627.81, 15585.69, 869, 135.44, 225, 635, 73.07
SGBJ28VIII, GB, 29-Sep-2026, 14640.00, 14685.00, 14740.00, 14526.00, 14740.00, 14740.00, 14632.54, 89, 13.02, 29, 54, 60.67
SGBJAN27, GB, 29-Sep-2026, 15250.00, 15249.99, 15249.99, 15249.99, 15249.99, 15249.99, 15249.99, 1, 0.15, 1, 1, 100.00
SGBJAN29IX, GB, 29-Sep-2026, 14734.28, 14740.00, 14770.00, 14645.00, 14713.19, 14713.19, 14722.26, 364, 53.59, 45, 322, 88.46
SGBJAN29X, GB, 29-Sep-2026, 14733.56, 14660.00, 14738.00, 14623.00, 14737.00, 14736.05, 14693.23, 47, 6.91, 25, 35, 74.47
SGBJAN30IX, GB, 29-Sep-2026, 14947.00, 15021.73, 15076.99, 14821.02, 14826.01, 14951.50, 14908.18, 48, 7.16, 20, 45, 93.75
SGBJU29III, GB, 29-Sep-2026, 14745.07, 14625.00, 14710.00, 14625.00, 14700.00, 14700.71, 14696.84, 85, 12.49, 20, 81, 95.29
SGBJUL27, GB, 29-Sep-2026, 14666.10, 14649.99, 14701.00, 14559.01, 14650.00, 14650.00, 14636.17, 52, 7.61, 8, 26, 50.00
SGBJUL28IV, GB, 29-Sep-2026, 14726.67, 14726.67, 14726.67, 14626.02, 14719.98, 14654.97, 14653.21, 298, 43.67, 52, 218, 73.15
SGBJUL29IV, GB, 29-Sep-2026, 14780.00, 14779.99, 14850.00, 14501.00, 14705.00, 14723.27, 14669.32, 390, 57.21, 87, 216, 55.38
SGBJUN28, GB, 29-Sep-2026, 14751.45, 14700.00, 14700.00, 14700.00, 14700.00, 14700.00, 14700.00, 48, 7.06, 10, 48, 100.00
SGBJUN29II, GB, 29-Sep-2026, 14720.53, 14799.00, 14799.00, 14650.00, 14701.00, 14723.14, 14726.39, 153, 22.53, 39, 134, 87.58
SGBJUN30, GB, 29-Sep-2026, 14984.52, 15099.00, 15244.99, 14901.00, 15100.00, 14970.12, 15052.92, 103, 15.50, 42, 60, 58.25
SGBJUN31I, GB, 29-Sep-2026, 15135.59, 15085.01, 15135.59, 14950.00, 15040.00, 15042.52, 15049.78, 655, 98.58, 153, 509, 77.71
SGBMAR28X, GB, 29-Sep-2026, 14686.84, 14670.00, 14740.00, 14670.00, 14740.00, 14740.00, 14678.24, 34, 4.99, 6, 34, 100.00
SGBMAR30X, GB, 29-Sep-2026, 14934.94, 14900.00, 14990.00, 14825.00, 14990.00, 14951.33, 14914.87, 49, 7.31, 20, 31, 63.27
SGBMAR31IV, GB, 29-Sep-2026, 15082.48, 15100.00, 15250.00, 14626.56, 14985.00, 14994.60, 14921.42, 555, 82.81, 138, 313, 56.40
SGBMAY28, GB, 29-Sep-2026, 14730.06, 14749.99, 14749.99, 14640.50, 14724.00, 14724.00, 14722.84, 54, 7.95, 13, 47, 87.04
SGBMAY29I, GB, 29-Sep-2026, 14732.74, 14700.00, 14773.99, 14630.03, 14750.00, 14731.83, 14705.29, 206, 30.29, 64, 143, 69.42
SGBMR29XII, GB, 29-Sep-2026, 14741.23, 14750.00, 14750.00, 14610.56, 14700.00, 14682.26, 14660.72, 224, 32.84, 82, 135, 60.27
SGBN28VIII, GB, 29-Sep-2026, 14799.92, 14662.50, 14735.00, 14662.50, 14735.00, 14726.50, 14688.43, 41, 6.02, 19, 22, 53.66
SGBNOV26, GB, 29-Sep-2026, 14898.98, 14650.00, 14650.00, 14625.00, 14625.00, 14625.00, 14627.27, 11, 1.61, 2, 11, 100.00
SGBNV29VII, GB, 29-Sep-2026, 14737.65, 14790.00, 14798.99, 14701.00, 14721.00, 14749.38, 14735.02, 310, 45.68, 69, 284, 91.61
SGBOC28VII, GB, 29-Sep-2026, 14920.00, 14701.50, 14750.00, 14666.00, 14725.01, 14725.06, 14712.16, 255, 37.52, 35, 212, 83.14
SGBOCT26, GB, 29-Sep-2026, 15100.00, 14950.00, 14950.00, 14750.00, 14750.00, 14750.00, 14850.00, 2, 0.30, 2, 2, 100.00
SGBOCT27, GB, 29-Sep-2026, 15200.00, 15200.00, 15200.00, 14631.00, 14700.00, 14700.00, 14772.40, 5, 0.74, 5, 3, 60.00
SGBOCT27VI, GB, 29-Sep-2026, 14800.00, 14700.00, 14700.00, 14700.00, 14700.00, 14700.00, 14700.00, 1, 0.15, 1, 1, 100.00
SGBSEP27, GB, 29-Sep-2026, 14720.00, 14670.00, 14670.00, 14670.00, 14670.00, 14670.00, 14670.00, 4, 0.59, 3, 4, 100.00
SGBSEP28VI, GB, 29-Sep-2026, 14801.44, 14727.44, 15000.00, 14601.00, 14642.01, 14805.13, 14719.73, 228, 33.56, 61, 150, 65.79
SGBSEP29VI, GB, 29-Sep-2026, 14815.57, 14790.00, 14815.00, 14730.01, 14800.00, 14810.50, 14794.59, 205, 30.33, 47, 198, 96.59
SGBSEP31II, GB, 29-Sep-2026, 15128.02, 15149.00, 15149.00, 14981.01, 15020.00, 15035.85, 15033.24, 1608, 241.73, 263, 1037, 64.49
SGFIN, EQ, 29-Sep-2026, 589.75, 589.75, 604.45, 573.70, 591.00, 595.30, 589.04, 246626, 1452.74, 11119, 121711, 49.35
SGIL, EQ, 29-Sep-2026, 650.75, 656.70, 669.45, 634.80, 657.60, 657.35, 653.33, 10083, 65.87, 969, 6783, 67.27
SGL, EQ, 29-Sep-2026, 9.12, 9.55, 9.55, 8.85, 9.39, 9.35, 9.39, 13277, 1.25, 90, 12553, 94.55
SGLRES, EQ, 29-Sep-2026, 2.35, 2.30, 2.42, 2.25, 2.40, 2.33, 2.30, 27251, 0.63, 68, 20010, 73.43
SGMART, EQ, 29-Sep-2026, 729.50, 729.80, 770.50, 725.90, 758.00, 755.95, 755.40, 491934, 3716.05, 22446, 207242, 42.13
SGRL, EQ, 29-Sep-2026, 680.05, 675.00, 688.95, 645.00, 667.30, 665.75, 671.55, 20692, 138.96, 1413, 12173, 58.83
SHADOWFAX, EQ, 29-Sep-2026, 274.05, 274.05, 284.90, 270.50, 281.70, 280.85, 279.05, 4932256, 13763.59, 99161, 2497849, 50.64
SHAH, EQ, 29-Sep-2026, 3.18, 3.20, 3.20, 3.11, 3.15, 3.15, 3.15, 858603, 27.01, 832, 583460, 67.95
SHAHALLOYS, BE, 29-Sep-2026, 89.39, 89.00, 90.00, 88.25, 89.50, 89.35, 89.07, 9153, 8.15, 59, -, -
SHAILY, EQ, 29-Sep-2026, 3033.50, 3046.50, 3091.00, 3011.90, 3033.00, 3040.80, 3056.75, 109791, 3356.03, 22573, 49813, 45.37
SHAKTIPUMP, EQ, 29-Sep-2026, 465.15, 463.00, 463.40, 455.80, 457.90, 458.00, 459.01, 263497, 1209.47, 12651, 122777, 46.60
SHALBY, EQ, 29-Sep-2026, 143.25, 143.73, 144.40, 141.00, 141.10, 142.01, 142.80, 57757, 82.48, 1854, 26269, 45.48
SHALPAINTS, BE, 29-Sep-2026, 74.40, 74.87, 78.12, 71.16, 78.12, 78.09, 75.06, 127726, 95.87, 546, -, -
SHANKARA, EQ, 29-Sep-2026, 127.34, 128.61, 131.60, 124.77, 127.00, 127.47, 126.82, 23889, 30.30, 1261, 13278, 55.58
SHANKESH, EQ, 29-Sep-2026, 90.42, 90.50, 91.00, 88.11, 88.80, 88.80, 89.74, 1519099, 1363.22, 13298, 595978, 39.23
SHANTI, EQ, 29-Sep-2026, 5.67, 5.67, 5.95, 5.26, 5.50, 5.57, 5.67, 47911, 2.72, 108, 29458, 61.48
SHANTIGEAR, EQ, 29-Sep-2026, 633.30, 625.00, 625.00, 601.65, 601.65, 601.65, 604.11, 81490, 492.29, 3055, 38624, 47.40
SHANTIGOLD, EQ, 29-Sep-2026, 308.77, 310.00, 314.99, 296.85, 305.00, 306.85, 306.77, 3338239, 10240.82, 40322, 920134, 27.56
SHANTIINOR, SM, 29-Sep-2026, 177.45, 173.00, 181.65, 172.50, 177.00, 177.70, 177.45, 91200, 161.83, 50, 49600, 54.39
SHARDACROP, EQ, 29-Sep-2026, 729.10, 721.00, 737.15, 716.00, 717.00, 721.45, 725.46, 120611, 874.99, 12747, 56211, 46.61
SHARDAMOTR, EQ, 29-Sep-2026, 945.10, 948.00, 976.50, 931.00, 975.25, 971.25, 960.02, 50632, 486.08, 5315, 28004, 55.31
SHARDUL, BE, 29-Sep-2026, 55.56, 56.60, 56.60, 55.01, 56.18, 55.54, 55.45, 3166, 1.76, 43, -, -
SHAREINDIA, EQ, 29-Sep-2026, 206.10, 206.10, 213.12, 202.22, 205.10, 205.68, 207.02, 1274403, 2638.26, 18301, 304133, 23.86
SHARIABEES, EQ, 29-Sep-2026, 432.55, 443.36, 443.36, 421.00, 432.60, 425.18, 426.16, 14218, 60.59, 666, 10727, 75.45
SHBAJRG, EQ, 29-Sep-2026, 169.72, 169.99, 172.00, 165.00, 168.27, 169.16, 169.23, 13884, 23.50, 246, 11744, 84.59
SHEEL, SM, 29-Sep-2026, 63.00, 60.20, 60.20, 60.20, 60.20, 60.20, 60.20, 4000, 2.41, 2, 4000, 100.00
SHEETAL, SM, 29-Sep-2026, 357.00, 356.95, 357.00, 351.05, 357.00, 354.00, 355.50, 2000, 7.11, 4, 1500, 75.00
SHEKHAWATI, BE, 29-Sep-2026, 28.75, 30.18, 30.18, 30.18, 30.18, 30.18, 30.18, 29954, 9.04, 113, -, -
SHEMAROO, EQ, 29-Sep-2026, 121.65, 121.70, 123.00, 116.56, 116.56, 117.95, 120.20, 3375, 4.06, 96, 2277, 67.47
SHERA, SM, 29-Sep-2026, 190.70, 190.00, 197.00, 185.25, 196.00, 195.30, 194.06, 157000, 304.67, 94, 140000, 89.17
SHERVANI, EQ, 29-Sep-2026, 348.55, 325.00, 325.00, 325.00, 325.00, 325.00, 325.00, 10, 0.03, 2, 10, 100.00
SHETHJI, SM, 29-Sep-2026, 187.15, 190.00, 190.00, 185.00, 187.25, 187.10, 186.03, 91000, 169.29, 19, 84000, 92.31
SHIGAN, SM, 29-Sep-2026, 60.55, 63.80, 63.80, 58.30, 58.30, 58.30, 61.05, 3000, 1.83, 2, 0, 0.00
SHILCTECH, EQ, 29-Sep-2026, 4061.30, 4061.00, 4143.90, 4003.00, 4016.00, 4032.70, 4077.98, 42437, 1730.57, 8721, 20015, 47.16
SHILGRAVQ, EQ, 29-Sep-2026, 143.36, 143.36, 148.80, 138.00, 144.69, 139.82, 140.17, 4090, 5.73, 200, 2967, 72.54
SHILPAMED, EQ, 29-Sep-2026, 1025.25, 1033.10, 1071.10, 1018.70, 1052.95, 1055.75, 1046.74, 875494, 9164.14, 52315, 338416, 38.65
SHINDL, EQ, 29-Sep-2026, 160.03, 159.49, 160.99, 158.05, 160.25, 160.10, 159.25, 126506, 201.46, 858, 85176, 67.33
SHIPROCKET, EQ, 29-Sep-2026, 120.90, 120.50, 122.10, 118.75, 120.02, 119.99, 120.42, 2378663, 2864.32, 38053, 871639, 36.64
SHIVAAGRO, EQ, 29-Sep-2026, 38.99, 39.00, 39.90, 38.00, 39.90, 39.13, 38.88, 4117, 1.60, 71, 3587, 87.13
SHIVACEM, EQ, 29-Sep-2026, 15.21, 15.01, 15.49, 14.70, 14.90, 14.91, 15.02, 104609, 15.71, 408, 92116, 88.06
SHIVALIK, EQ, 29-Sep-2026, 407.95, 411.00, 419.55, 401.70, 412.90, 411.35, 410.72, 66902, 274.78, 2946, 36842, 55.07
SHIVAMAUTO, EQ, 29-Sep-2026, 17.22, 17.30, 17.99, 16.51, 16.67, 16.70, 16.89, 59079, 9.98, 329, 41994, 71.08
SHIVAMILLS, EQ, 29-Sep-2026, 60.55, 58.06, 60.00, 57.53, 60.00, 60.00, 58.48, 3075, 1.80, 35, 1227, 39.90
SHIVASHRIT, SM, 29-Sep-2026, 113.75, 113.70, 114.95, 110.35, 113.45, 113.30, 113.16, 22000, 24.90, 17, 6000, 27.27
SHIVATEX, EQ, 29-Sep-2026, 165.91, 175.00, 175.00, 165.45, 169.35, 168.97, 169.70, 1956, 3.32, 66, 1455, 74.39
SHIVAUM, EQ, 29-Sep-2026, 544.20, 544.00, 548.80, 542.00, 542.25, 545.40, 545.15, 13192, 71.92, 151, 11406, 86.46
SHK, EQ, 29-Sep-2026, 137.78, 137.02, 142.28, 136.23, 139.25, 140.33, 139.67, 276049, 385.55, 5588, 149025, 53.98
SHKSIL, SM, 29-Sep-2026, 33.60, 33.35, 33.35, 33.35, 33.35, 33.35, 33.35, 2000, 0.67, 1, 2000, 100.00
SHOPERSTOP, EQ, 29-Sep-2026, 421.80, 417.45, 423.15, 405.55, 418.90, 418.95, 415.18, 121522, 504.53, 7456, 47855, 39.38
SHRADDHA, EQ, 29-Sep-2026, 150.90, 151.55, 151.55, 146.11, 147.89, 147.91, 148.62, 3246, 4.82, 158, 2634, 81.15
SHRADHA, EQ, 29-Sep-2026, 29.48, 30.25, 30.25, 29.55, 29.55, 29.58, 29.72, 667, 0.20, 35, 616, 92.35
SHREDIGCEM, EQ, 29-Sep-2026, 66.61, 66.24, 67.19, 65.21, 65.60, 66.41, 66.36, 31536, 20.93, 823, 13965, 44.28
SHREECEM, EQ, 29-Sep-2026, 22170.00, 22170.00, 22360.00, 21550.00, 21900.00, 21900.00, 21862.97, 450209, 98429.08, 38763, 333143, 74.00
SHREEDHAR, ST, 29-Sep-2026, 165.00, 164.95, 164.95, 156.75, 156.75, 156.75, 158.08, 26000, 41.10, 8, 26000, 100.00
SHREEJISPG, EQ, 29-Sep-2026, 752.80, 755.00, 767.10, 754.00, 762.95, 763.30, 761.50, 864463, 6582.90, 13304, 320832, 37.11
SHREEKARNI, SM, 29-Sep-2026, 377.40, 378.00, 378.00, 378.00, 378.00, 378.00, 378.00, 300, 1.13, 1, 300, 100.00
SHREEOSFM, SM, 29-Sep-2026, 52.00, 51.95, 52.00, 51.00, 51.00, 51.00, 51.65, 3000, 1.55, 3, 3000, 100.00
SHREEPUSHK, EQ, 29-Sep-2026, 496.85, 492.40, 494.95, 476.55, 476.55, 481.90, 487.20, 30375, 147.99, 1890, 18357, 60.43
SHREERAMA, EQ, 29-Sep-2026, 43.39, 43.03, 43.95, 43.01, 43.88, 43.71, 43.63, 39201, 17.10, 525, 29304, 74.75
SHRENIK, BZ, 29-Sep-2026, 0.29, 0.30, 0.30, 0.28, 0.29, 0.29, 0.29, 311187, 0.89, 129, -, -
SHREYANIND, EQ, 29-Sep-2026, 129.00, 130.29, 130.29, 129.00, 129.00, 129.00, 129.09, 5110, 6.60, 45, 4723, 92.43
SHRIAHIMSA, SM, 29-Sep-2026, 440.00, 435.05, 444.95, 427.00, 436.00, 437.55, 432.67, 20400, 88.26, 31, 12600, 61.76
SHRIKANHA, SM, 29-Sep-2026, 23.55, 22.40, 22.50, 22.40, 22.50, 22.50, 22.41, 17600, 3.94, 11, 16000, 90.91
SHRIKRISH, EQ, 29-Sep-2026, 35.20, 36.00, 36.11, 36.00, 36.10, 36.10, 36.07, 129, 0.05, 7, 129, 100.00
SHRINGARMS, EQ, 29-Sep-2026, 218.04, 219.78, 221.40, 214.50, 215.00, 215.91, 217.81, 319671, 696.27, 5189, 110131, 34.45
SHRIPISTON, EQ, 29-Sep-2026, 4645.30, 4647.50, 4841.10, 4558.60, 4725.00, 4749.20, 4707.74, 272659, 12836.08, 47548, 144176, 52.88
SHRIRAMFIN, EQ, 29-Sep-2026, 976.30, 975.00, 986.20, 967.90, 971.50, 971.50, 976.35, 6176420, 60303.57, 225808, 4546322, 73.61
SHRIRAMPPS, EQ, 29-Sep-2026, 70.09, 70.01, 70.10, 68.51, 70.00, 69.86, 69.33, 219843, 152.41, 2946, 105965, 48.20
SHRITECH, SM, 29-Sep-2026, 62.00, 60.15, 62.00, 60.00, 60.00, 60.00, 60.63, 8000, 4.85, 4, 6000, 75.00
SHRJAGP, EQ, 29-Sep-2026, 637.25, 637.70, 637.70, 620.10, 637.70, 634.35, 626.55, 251, 1.57, 49, 212, 84.46
SHUBHLAXMI, SM, 29-Sep-2026, 19.05, 18.20, 18.20, 18.15, 18.15, 18.15, 18.18, 4000, 0.73, 4, 4000, 100.00
SHUBHSHREE, SM, 29-Sep-2026, 345.95, 335.60, 335.60, 335.60, 335.60, 335.60, 335.60, 300, 1.01, 1, 300, 100.00
SHUKRAPHAR, EQ, 29-Sep-2026, 59.43, 60.25, 62.49, 59.00, 60.20, 60.30, 60.51, 8970388, 5427.62, 51081, 1484496, 16.55
SHYAMCENT, BE, 29-Sep-2026, 4.96, 4.96, 5.09, 4.95, 5.09, 4.99, 4.99, 48331, 2.41, 83, -, -
SHYAMDHANI, SM, 29-Sep-2026, 54.15, 52.05, 52.05, 52.00, 52.00, 52.00, 52.02, 6000, 3.12, 3, 4000, 66.67
SHYAMMETL, EQ, 29-Sep-2026, 1068.70, 1064.00, 1085.70, 1056.00, 1075.50, 1074.00, 1073.19, 236237, 2535.28, 14295, 99150, 41.97
SHYAMTEL, EQ, 29-Sep-2026, 11.16, 11.14, 11.46, 10.30, 10.85, 10.86, 10.86, 15046, 1.63, 40, 8802, 58.50
SICAGEN, EQ, 29-Sep-2026, 52.12, 51.86, 52.40, 50.50, 51.75, 51.18, 51.38, 7947, 4.08, 86, 5616, 70.67
SICALLOG, BE, 29-Sep-2026, 89.14, 90.98, 91.50, 87.01, 89.45, 89.12, 89.75, 24853, 22.31, 94, -, -
SIEL, EQ, 29-Sep-2026, 30.50, 30.50, 30.50, 30.50, 30.50, 30.50, 30.50, 11, 0.00, 1, 11, 100.00
SIEMENS, EQ, 29-Sep-2026, 3785.50, 3769.60, 3814.60, 3710.00, 3710.00, 3710.00, 3771.33, 344496, 12992.10, 31488, 175145, 50.84
SIGACHI, EQ, 29-Sep-2026, 28.77, 28.98, 29.95, 28.05, 29.10, 28.76, 28.99, 4607371, 1335.60, 17115, 1082785, 23.50
SIGIND, BE, 29-Sep-2026, 69.04, 70.99, 70.99, 67.10, 69.30, 68.37, 68.22, 6858, 4.68, 108, -, -
SIGMA, EQ, 29-Sep-2026, 44.74, 44.06, 44.74, 43.07, 44.00, 43.90, 43.88, 65048, 28.55, 1531, 42924, 65.99
SIGMAADV, BE, 29-Sep-2026, 930.40, 915.00, 976.90, 904.85, 976.90, 976.90, 963.08, 564099, 5432.70, 5743, -, -
SIGNATURE, EQ, 29-Sep-2026, 780.35, 775.95, 775.95, 751.00, 753.10, 754.45, 765.91, 298048, 2282.77, 12829, 45637, 15.31
SIGNPOST, EQ, 29-Sep-2026, 264.40, 262.05, 265.70, 255.60, 256.00, 257.85, 260.24, 36505, 95.00, 1227, 24519, 67.17
SIKA, EQ, 29-Sep-2026, 1021.35, 1032.00, 1032.00, 999.20, 1032.00, 1025.45, 1018.86, 24835, 253.03, 2820, 13484, 54.29
SIKKO, BE, 29-Sep-2026, 6.53, 6.53, 6.61, 6.28, 6.52, 6.51, 6.48, 488459, 31.65, 734, -, -
SIL, EQ, 29-Sep-2026, 16.63, 16.50, 16.89, 15.90, 16.45, 16.42, 16.25, 36876, 5.99, 338, 18799, 50.98
SILGO, EQ, 29-Sep-2026, 68.31, 69.03, 71.52, 68.50, 71.00, 70.49, 69.37, 113792, 78.93, 927, 102990, 90.51
SILINV, EQ, 29-Sep-2026, 444.70, 440.00, 453.00, 432.20, 435.95, 436.60, 437.98, 1251, 5.48, 146, 928, 74.18
SILKY, SM, 29-Sep-2026, 69.80, 66.15, 68.95, 65.00, 67.75, 67.75, 66.40, 8000, 5.31, 10, 4800, 60.00
SILVER, EQ, 29-Sep-2026, 220.19, 219.71, 219.71, 217.67, 218.53, 218.64, 218.61, 825833, 1805.35, 8992, 422734, 51.19
SILVER001, EQ, 29-Sep-2026, 22.27, 21.84, 22.50, 21.84, 22.17, 22.12, 22.13, 110840, 24.53, 100, 98044, 88.46
SILVER1, EQ, 29-Sep-2026, 21.41, 21.37, 21.37, 21.14, 21.23, 21.23, 21.23, 5236811, 1111.99, 4698, 2014413, 38.47
SILVER360, EQ, 29-Sep-2026, 217.62, 217.00, 217.00, 214.78, 215.72, 215.68, 215.66, 7026, 15.15, 244, 5014, 71.36
SILVERADD, EQ, 29-Sep-2026, 21.19, 21.19, 21.19, 20.99, 21.09, 21.07, 21.07, 2489623, 524.47, 5755, 1357842, 54.54
SILVERAG, EQ, 29-Sep-2026, 214.33, 214.00, 214.06, 212.17, 213.09, 213.24, 213.14, 196016, 417.79, 2038, 141326, 72.10
SILVERAXIS, EQ, 29-Sep-2026, 219.23, 218.83, 218.83, 216.60, 217.99, 217.68, 217.57, 317194, 690.13, 2471, 269883, 85.08
SILVERBEES, EQ, 29-Sep-2026, 210.65, 209.85, 210.30, 208.37, 209.36, 209.15, 209.22, 17086240, 35748.52, 77710, 9448775, 55.30
SILVERBETA, EQ, 29-Sep-2026, 212.36, 212.01, 212.16, 210.37, 211.11, 211.40, 211.23, 363511, 767.86, 3576, 248277, 68.30
SILVERBND, EQ, 29-Sep-2026, 221.03, 221.03, 221.03, 218.70, 220.20, 219.43, 219.74, 27963, 61.45, 333, 25559, 91.40
SILVERCASE, EQ, 29-Sep-2026, 22.35, 22.29, 22.29, 22.08, 22.19, 22.17, 22.19, 5221929, 1158.52, 7550, 2647842, 50.71
SILVERIETF, EQ, 29-Sep-2026, 220.20, 219.50, 219.50, 217.56, 218.45, 218.43, 218.48, 2136335, 4667.50, 16652, 1013247, 47.43
SILVERTUC, EQ, 29-Sep-2026, 145.80, 145.00, 147.27, 139.26, 141.90, 140.59, 141.76, 260831, 369.75, 4830, 127631, 48.93
SIMBHALS, BZ, 29-Sep-2026, 6.43, 6.43, 6.43, 6.31, 6.31, 6.31, 6.32, 14392, 0.91, 23, -, -
SIMCA, ST, 29-Sep-2026, 288.50, 287.00, 298.00, 276.15, 291.00, 291.00, 284.94, 37200, 106.00, 45, 37200, 100.00
SIMPLEXINF, EQ, 29-Sep-2026, 241.10, 241.15, 245.75, 237.30, 239.50, 242.85, 241.95, 67083, 162.31, 1847, 41934, 62.51
SIMPLXREA, EQ, 29-Sep-2026, 126.69, 130.88, 130.88, 130.88, 130.88, 130.88, 130.88, 1, 0.00, 1, 1, 100.00
SINCLAIR, EQ, 29-Sep-2026, 78.47, 78.50, 79.15, 77.00, 78.00, 77.43, 77.86, 15996, 12.45, 475, 11641, 72.77
SINDHUTRAD, EQ, 29-Sep-2026, 23.24, 22.99, 23.19, 22.65, 23.09, 22.86, 22.97, 152237, 34.97, 763, 79757, 52.39
SINGERIND, EQ, 29-Sep-2026, 77.43, 76.20, 77.68, 75.21, 76.75, 76.79, 76.43, 60317, 46.10, 552, 25580, 42.41
SINTERCOM, EQ, 29-Sep-2026, 76.78, 77.50, 77.50, 74.70, 76.95, 76.96, 76.41, 2593, 1.98, 90, 2119, 81.72
SIRCA, EQ, 29-Sep-2026, 406.60, 406.00, 413.00, 401.00, 407.00, 408.05, 407.98, 147126, 600.25, 2983, 51577, 35.06
SIS, EQ, 29-Sep-2026, 394.20, 394.20, 424.40, 394.15, 420.00, 418.65, 411.33, 413495, 1700.84, 19649, 209977, 50.78
SITINET, BZ, 29-Sep-2026, 0.27, 0.27, 0.28, 0.27, 0.27, 0.27, 0.27, 434860, 1.18, 188, -, -
SIYSIL, EQ, 29-Sep-2026, 533.35, 534.90, 543.95, 525.15, 536.00, 541.40, 537.03, 28804, 154.69, 2724, 14670, 50.93
SJLOGISTIC, SM, 29-Sep-2026, 317.00, 319.00, 324.70, 314.10, 321.00, 322.55, 318.98, 30500, 97.29, 88, 22750, 74.59
SJS, EQ, 29-Sep-2026, 2261.70, 2262.50, 2377.10, 2260.00, 2305.00, 2309.80, 2321.84, 271747, 6309.53, 28352, 125146, 46.05
SJVN, EQ, 29-Sep-2026, 61.06, 61.10, 61.35, 59.42, 59.68, 59.83, 59.96, 10622257, 6368.88, 67437, 6050806, 56.96
SKFINDIA, EQ, 29-Sep-2026, 1511.80, 1512.00, 1536.40, 1476.20, 1500.00, 1514.00, 1504.78, 164121, 2469.66, 23478, 66648, 40.61
SKFINDUS, EQ, 29-Sep-2026, 2881.70, 2881.00, 2881.00, 2721.30, 2792.90, 2789.00, 2774.34, 190210, 5277.07, 36330, 97007, 51.00
SKIPPER, EQ, 29-Sep-2026, 535.65, 533.50, 544.50, 529.65, 541.00, 541.55, 538.82, 508233, 2738.47, 18184, 226372, 44.54
SKMEGGPROD, EQ, 29-Sep-2026, 211.35, 211.50, 220.70, 208.30, 219.00, 219.10, 216.28, 184627, 399.31, 3760, 85606, 46.37
SKP, SM, 29-Sep-2026, 162.55, 163.00, 167.00, 163.00, 167.00, 166.95, 166.26, 34500, 57.36, 20, 34500, 100.00
SKYGOLD, EQ, 29-Sep-2026, 796.95, 799.65, 831.85, 795.00, 827.00, 820.85, 811.77, 1433357, 11635.53, 32962, 901862, 62.92
SKYTECH, SM, 29-Sep-2026, 33.65, 35.30, 35.30, 35.30, 35.30, 35.30, 35.30, 32000, 11.30, 17, 32000, 100.00
SKYWAYS, EQ, 29-Sep-2026, 119.21, 119.50, 119.70, 114.85, 115.40, 115.31, 117.02, 2023181, 2367.55, 21221, 537150, 26.55
SLONE, ST, 29-Sep-2026, 168.25, 167.00, 167.40, 167.00, 167.40, 167.40, 167.20, 800, 1.34, 2, 800, 100.00
SMALL250, EQ, 29-Sep-2026, 17.94, 17.94, 18.60, 17.73, 17.77, 17.90, 17.86, 661963, 118.20, 943, 424829, 64.18
SMALLADD, EQ, 29-Sep-2026, 17.99, 18.35, 18.35, 17.61, 18.04, 17.85, 17.86, 22836, 4.08, 354, 9738, 42.64
SMALLCAP, EQ, 29-Sep-2026, 47.89, 47.58, 48.98, 47.35, 47.69, 47.72, 47.78, 1606755, 767.64, 4697, 860617, 53.56
SMALLGROWW, EQ, 29-Sep-2026, 48.54, 48.49, 48.49, 47.23, 48.00, 47.90, 47.84, 10786, 5.16, 141, 9918, 91.95
SMALLIETF, EQ, 29-Sep-2026, 17.94, 17.90, 18.21, 17.60, 17.82, 17.80, 17.76, 117491, 20.87, 230, 56944, 48.47
SMARTEN, SM, 29-Sep-2026, 63.80, 63.80, 63.80, 60.65, 60.70, 60.70, 61.11, 24000, 14.67, 14, 20400, 85.00
SMARTLINK, BE, 29-Sep-2026, 208.53, 209.00, 216.94, 203.00, 203.41, 203.47, 207.51, 2095, 4.35, 54, -, -
SMARTWORKS, EQ, 29-Sep-2026, 511.65, 509.65, 517.25, 499.70, 513.35, 514.25, 510.26, 190804, 973.60, 8731, 95283, 49.94
SMCGLOBAL, EQ, 29-Sep-2026, 97.23, 97.00, 107.00, 89.40, 92.10, 92.98, 96.36, 24531586, 23639.25, 172228, 2334780, 9.52
SML100CASE, EQ, 29-Sep-2026, 10.99, 11.05, 11.35, 10.88, 11.09, 11.12, 11.03, 2956680, 326.02, 1873, 1152810, 38.99
SMLMAH, EQ, 29-Sep-2026, 6515.50, 6575.00, 6660.00, 6485.50, 6599.00, 6616.50, 6590.27, 34312, 2261.25, 6182, 10839, 31.59
SMLT, EQ, 29-Sep-2026, 58.81, 60.90, 60.90, 58.23, 59.43, 59.31, 59.37, 1905, 1.13, 81, 1179, 61.89
SMSPHARMA, EQ, 29-Sep-2026, 462.15, 462.00, 482.80, 453.65, 478.00, 479.40, 470.05, 613848, 2885.41, 17909, 255903, 41.69
SMVD, SM, 29-Sep-2026, 14.60, 15.30, 15.30, 15.30, 15.30, 15.30, 15.30, 4040, 0.62, 1, 4040, 100.00
SNEHAA, SM, 29-Sep-2026, 45.20, 43.15, 43.15, 43.15, 43.15, 43.15, 43.15, 1000, 0.43, 1, 1000, 100.00
SNOWMAN, EQ, 29-Sep-2026, 35.09, 35.20, 35.39, 34.30, 34.81, 34.69, 34.82, 111336, 38.76, 1165, 58553, 52.59
SNXT30BEES, EQ, 29-Sep-2026, 41.13, 40.50, 41.74, 40.50, 41.00, 41.00, 40.96, 9338, 3.83, 107, 5721, 61.27
SNXT50BETA, EQ, 29-Sep-2026, 90.67, 91.12, 91.49, 89.08, 90.15, 90.13, 89.55, 1432, 1.28, 65, 839, 58.59
SOBHA, EQ, 29-Sep-2026, 1218.70, 1221.40, 1227.80, 1192.00, 1204.10, 1216.50, 1212.00, 101240, 1227.03, 15427, 50926, 50.30
SOCL, SM, 29-Sep-2026, 28.00, 28.20, 28.40, 26.60, 26.60, 27.40, 27.74, 17600, 4.88, 9, 16000, 90.91
SOFTTECH, EQ, 29-Sep-2026, 495.00, 505.00, 510.00, 484.55, 496.05, 502.85, 494.73, 16051, 79.41, 293, 14581, 90.84
SOLARA, EQ, 29-Sep-2026, 736.30, 735.00, 767.90, 730.10, 754.00, 749.85, 753.08, 423670, 3190.59, 18728, 146753, 34.64
SOLARINDS, EQ, 29-Sep-2026, 19150.00, 19125.00, 19400.00, 18650.00, 18650.00, 18650.00, 19115.67, 226436, 43284.76, 46543, 118165, 52.18
SOLARWORLD, EQ, 29-Sep-2026, 131.49, 131.03, 132.53, 126.20, 128.00, 128.98, 129.19, 305013, 394.05, 5228, 134766, 44.18
SOLEX, EQ, 29-Sep-2026, 695.45, 695.45, 698.60, 678.80, 694.00, 688.55, 688.86, 38674, 266.41, 2916, 17512, 45.28
SOMANYCERA, EQ, 29-Sep-2026, 620.05, 614.45, 624.95, 610.70, 620.00, 613.85, 617.38, 68751, 424.45, 6243, 36524, 53.13
SOMATEX, EQ, 29-Sep-2026, 80.35, 80.00, 81.99, 77.80, 81.95, 81.52, 80.00, 15615, 12.49, 496, 15100, 96.70
SOMICONVEY, EQ, 29-Sep-2026, 89.18, 91.68, 91.68, 88.26, 88.60, 88.62, 88.86, 5800, 5.15, 272, 4905, 84.57
SONA, BE, 29-Sep-2026, 96.95, 96.10, 99.99, 96.10, 98.50, 98.41, 97.19, 378373, 367.74, 2697, -, -
SONACOMS, EQ, 29-Sep-2026, 807.90, 808.00, 827.80, 797.70, 815.65, 815.65, 816.32, 4300310, 35104.29, 59351, 2476067, 57.58
SONAL, EQ, 29-Sep-2026, 92.00, 87.50, 91.75, 87.40, 91.75, 91.72, 87.53, 508, 0.44, 17, 496, 97.64
SONAMLTD, BE, 29-Sep-2026, 69.54, 69.57, 71.90, 67.75, 68.50, 68.40, 68.67, 90979, 62.47, 195, -, -
SONATSOFTW, EQ, 29-Sep-2026, 274.05, 272.05, 276.20, 258.20, 260.70, 260.85, 263.57, 2520359, 6642.86, 38984, 1566960, 62.17
SONUINFRA, SM, 29-Sep-2026, 44.00, 41.80, 45.80, 41.80, 45.80, 45.80, 45.30, 12000, 5.44, 4, 10500, 87.50
SOTL, EQ, 29-Sep-2026, 699.30, 703.50, 721.00, 694.10, 710.90, 717.00, 709.39, 192685, 1366.89, 10286, 73687, 38.24
SOUTHBANK, EQ, 29-Sep-2026, 48.64, 48.54, 49.41, 47.85, 48.70, 48.71, 48.58, 10559473, 5129.29, 37182, 3715559, 35.19
SOUTHWEST, EQ, 29-Sep-2026, 189.85, 188.80, 197.05, 182.82, 183.99, 183.41, 185.65, 110534, 205.20, 3366, 64289, 58.16
SPAL, EQ, 29-Sep-2026, 948.50, 950.00, 953.80, 930.60, 942.40, 935.80, 941.68, 19945, 187.82, 1908, 9925, 49.76
SPANDANA, EQ, 29-Sep-2026, 228.35, 228.35, 231.30, 225.10, 225.25, 226.67, 227.50, 96391, 219.29, 3270, 44937, 46.62
SPARC, EQ, 29-Sep-2026, 202.85, 204.50, 211.00, 203.30, 208.91, 208.85, 207.67, 1452486, 3016.41, 29753, 546488, 37.62
SPCENET, EQ, 29-Sep-2026, 3.29, 3.23, 3.36, 3.15, 3.22, 3.19, 3.21, 569986, 18.31, 494, 408980, 71.75
SPCL, SM, 29-Sep-2026, 67.10, 64.15, 66.50, 64.15, 64.55, 64.90, 64.99, 11400, 7.41, 19, 7800, 68.42
SPCON, SM, 29-Sep-2026, 167.00, 172.00, 172.00, 172.00, 172.00, 172.00, 172.00, 1200, 2.06, 1, 1200, 100.00
SPEB, SM, 29-Sep-2026, 91.00, 87.50, 87.50, 87.50, 87.50, 87.50, 87.50, 2000, 1.75, 1, 2000, 100.00
SPECIALITY, BE, 29-Sep-2026, 150.89, 151.00, 156.00, 148.00, 151.25, 153.99, 150.93, 15975, 24.11, 178, -, -
SPECTRAA, ST, 29-Sep-2026, 248.50, 240.10, 252.95, 240.00, 247.00, 248.10, 246.97, 226800, 560.12, 160, 217200, 95.77
SPECTRUM, BE, 29-Sep-2026, 3578.70, 3624.00, 3757.00, 3595.00, 3700.00, 3720.90, 3690.99, 28315, 1045.10, 829, -, -
SPECTSTM, SM, 29-Sep-2026, 55.50, 57.95, 61.90, 57.95, 60.00, 60.00, 59.98, 6400, 3.84, 8, 5600, 87.50
SPENCERS, EQ, 29-Sep-2026, 27.41, 27.41, 27.99, 27.06, 27.21, 27.40, 27.35, 21309, 5.83, 323, 15804, 74.17
SPIC, EQ, 29-Sep-2026, 62.75, 62.53, 63.90, 62.06, 63.10, 63.47, 62.92, 215758, 135.76, 2557, 95661, 44.34
SPLIL, EQ, 29-Sep-2026, 29.87, 29.76, 30.50, 29.60, 29.89, 29.89, 29.83, 1527, 0.46, 28, 1524, 99.80
SPLPETRO, EQ, 29-Sep-2026, 864.85, 867.00, 881.90, 820.05, 834.00, 831.85, 841.01, 902463, 7589.79, 40122, 517658, 57.36
SPMLINFRA, EQ, 29-Sep-2026, 161.42, 160.00, 165.00, 158.98, 160.00, 162.07, 162.14, 105856, 171.64, 2217, 56933, 53.78
SPORTKING, EQ, 29-Sep-2026, 207.42, 208.00, 213.90, 203.31, 213.30, 212.16, 209.96, 247793, 520.28, 6987, 148001, 59.73
SPPPOLY, SM, 29-Sep-2026, 12.00, 11.45, 11.85, 11.40, 11.85, 11.85, 11.53, 14000, 1.61, 7, 6000, 42.86
SPRL, SM, 29-Sep-2026, 126.35, 132.65, 132.65, 132.65, 132.65, 132.65, 132.65, 800, 1.06, 1, 800, 100.00
SPUNWEB, SM, 29-Sep-2026, 99.25, 99.25, 103.00, 99.25, 100.00, 100.00, 102.04, 8400, 8.57, 4, 8400, 100.00
SRD, EQ, 29-Sep-2026, 39.03, 39.05, 39.50, 37.98, 39.50, 38.78, 38.32, 27031, 10.36, 242, 20621, 76.29
SREEL, BE, 29-Sep-2026, 296.09, 299.22, 301.00, 286.12, 288.00, 288.86, 291.28, 9417, 27.43, 146, -, -
SRF, EQ, 29-Sep-2026, 2491.50, 2491.80, 2498.70, 2417.90, 2420.10, 2420.10, 2449.09, 290746, 7120.63, 21688, 146435, 50.37
SRGHFL, EQ, 29-Sep-2026, 140.95, 137.20, 139.45, 135.05, 139.00, 138.70, 137.15, 3048, 4.18, 110, 2486, 81.56
SRHHYPOLTD, EQ, 29-Sep-2026, 570.00, 570.00, 595.95, 560.10, 571.40, 575.50, 573.51, 37670, 216.04, 2578, 21187, 56.24
SRIKPRIND, BE, 29-Sep-2026, 27.78, 27.78, 27.78, 26.40, 27.48, 27.48, 27.08, 923, 0.25, 21, -, -
SRIVASAVI, ST, 29-Sep-2026, 81.70, 77.65, 77.65, 77.65, 77.65, 77.65, 77.65, 5000, 3.88, 5, 5000, 100.00
SRM, EQ, 29-Sep-2026, 407.35, 408.55, 415.20, 400.40, 405.30, 408.25, 409.28, 37125, 151.94, 2165, 18147, 48.88
SRTL, EQ, 29-Sep-2026, 37.20, 37.75, 38.00, 36.50, 37.45, 37.35, 37.19, 12493, 4.65, 286, 9359, 74.91
SSDL, EQ, 29-Sep-2026, 81.52, 86.52, 86.78, 82.19, 84.00, 83.92, 83.63, 411654, 344.25, 6492, 214500, 52.11
SSEGL, SM, 29-Sep-2026, 380.05, 389.50, 391.40, 368.00, 374.00, 374.45, 377.14, 38600, 145.58, 162, 24600, 63.73
SSFL, ST, 29-Sep-2026, 282.00, 282.00, 282.00, 277.05, 282.00, 282.00, 281.45, 4500, 12.67, 8, 4500, 100.00
SSRETAIL, EQ, 29-Sep-2026, 716.95, 742.15, 775.75, 691.00, 764.00, 746.85, 725.08, 16835075, 122067.83, 368050, 1447084, 8.60
SSWL, EQ, 29-Sep-2026, 388.65, 390.85, 404.70, 378.60, 403.00, 400.65, 393.71, 2695286, 10611.54, 65896, 955099, 35.44
STALLION, BE, 29-Sep-2026, 221.54, 224.00, 224.85, 210.47, 219.00, 219.58, 216.46, 299520, 648.35, 2248, -, -
STANLEY, EQ, 29-Sep-2026, 135.81, 133.35, 145.00, 133.34, 137.48, 137.58, 138.77, 340920, 473.09, 5068, 103130, 30.25
STAR, EQ, 29-Sep-2026, 1151.40, 1143.10, 1182.50, 1131.00, 1171.00, 1172.60, 1162.06, 229635, 2668.50, 28294, 107821, 46.95
STARCEMENT, EQ, 29-Sep-2026, 182.42, 182.33, 182.33, 175.20, 177.70, 178.10, 177.87, 649952, 1156.09, 15813, 280243, 43.12
STARHEALTH, EQ, 29-Sep-2026, 552.50, 550.00, 561.65, 535.90, 539.50, 538.10, 541.87, 631624, 3422.57, 43649, 361040, 57.16
STARPAPER, EQ, 29-Sep-2026, 151.52, 152.00, 153.80, 150.00, 153.00, 153.03, 152.27, 7247, 11.03, 116, 5683, 78.42
STARTECK, EQ, 29-Sep-2026, 314.00, 340.00, 350.00, 315.60, 333.05, 335.40, 330.44, 57813, 191.03, 1867, 17242, 29.82
STCINDIA, EQ, 29-Sep-2026, 106.91, 107.70, 107.95, 105.00, 107.25, 106.98, 106.30, 12618, 13.41, 387, 7550, 59.84
STEAMHOUSE, EQ, 29-Sep-2026, 107.57, 107.52, 114.00, 106.00, 111.00, 110.86, 110.42, 4482102, 4949.13, 29119, 1646334, 36.73
STEELCAS, EQ, 29-Sep-2026, 370.75, 368.00, 380.60, 363.10, 373.15, 371.80, 374.25, 208433, 780.06, 6020, 97397, 46.73
STEELCITY, EQ, 29-Sep-2026, 81.88, 80.52, 82.39, 80.52, 81.50, 82.18, 81.37, 3684, 3.00, 128, 2895, 78.58
STEELXIND, EQ, 29-Sep-2026, 11.10, 11.11, 11.29, 10.94, 11.18, 11.19, 11.13, 4198763, 467.43, 3579, 1601193, 38.13
STEL, EQ, 29-Sep-2026, 608.70, 611.80, 618.45, 592.75, 600.00, 597.95, 606.23, 1691, 10.25, 356, 866, 51.21
STERTOOLS, EQ, 29-Sep-2026, 224.13, 226.00, 226.00, 215.28, 221.26, 221.24, 219.94, 27442, 60.36, 746, 15477, 56.40
STLNETWORK, EQ, 29-Sep-2026, 52.06, 51.00, 51.09, 49.46, 49.46, 49.46, 49.79, 16727248, 8327.90, 13499, 6658471, 39.81
STLSTRINF, EQ, 29-Sep-2026, 23.80, 23.00, 24.50, 22.50, 23.01, 23.00, 23.45, 4936, 1.16, 77, 3465, 70.20
STLTECH, BE, 29-Sep-2026, 825.35, 803.00, 866.60, 792.10, 866.60, 866.60, 852.42, 3661693, 31213.01, 46173, -, -
STOVEKRAFT, EQ, 29-Sep-2026, 797.15, 796.00, 820.10, 795.00, 815.80, 813.65, 809.10, 55896, 452.25, 4617, 27941, 49.99
STRIDERS, SM, 29-Sep-2026, 51.70, 53.70, 56.40, 47.60, 50.95, 50.95, 51.05, 28800, 14.70, 18, 14400, 50.00
STUDDS, EQ, 29-Sep-2026, 398.00, 400.00, 400.00, 395.00, 395.50, 395.65, 398.12, 27815, 110.74, 2911, 16287, 58.55
STUDIOLSD, SM, 29-Sep-2026, 9.00, 8.95, 8.95, 8.95, 8.95, 8.95, 8.95, 4000, 0.36, 2, 4000, 100.00
STYL, EQ, 29-Sep-2026, 370.35, 373.75, 383.35, 360.30, 372.00, 368.80, 367.07, 243419, 893.52, 8165, 110532, 45.41
STYLAMIND, EQ, 29-Sep-2026, 3281.30, 3281.30, 3410.00, 3252.10, 3340.00, 3336.40, 3347.97, 99369, 3326.85, 18272, 45438, 45.73
STYLEBAAZA, EQ, 29-Sep-2026, 394.50, 395.15, 407.95, 385.00, 407.80, 405.00, 396.96, 2149007, 8530.73, 19558, 1240278, 57.71
STYRENIX, EQ, 29-Sep-2026, 2036.40, 2035.40, 2035.40, 1969.70, 2001.40, 2000.80, 1995.75, 85384, 1704.05, 10548, 37724, 44.18
SUBAHOTELS, SM, 29-Sep-2026, 90.60, 90.50, 91.70, 87.20, 91.70, 91.70, 89.40, 26400, 23.60, 21, 20400, 77.27
SUBEXLTD, EQ, 29-Sep-2026, 20.33, 20.31, 20.65, 19.73, 20.39, 20.35, 20.19, 8281592, 1671.90, 18051, 2573409, 31.07
SUBROS, EQ, 29-Sep-2026, 700.30, 702.65, 712.70, 689.00, 700.00, 702.20, 703.06, 45674, 321.11, 3360, 19980, 43.74
SUDARCOLOR, EQ, 29-Sep-2026, 387.90, 394.90, 394.90, 380.55, 380.90, 383.70, 384.12, 1632, 6.27, 209, 980, 60.05
SUDARSCHEM, EQ, 29-Sep-2026, 1199.60, 1205.00, 1209.80, 1166.50, 1185.00, 1197.30, 1193.94, 146487, 1748.97, 16834, 62597, 42.73
SUDEEPPHRM, EQ, 29-Sep-2026, 1138.80, 1138.80, 1195.70, 1138.80, 1195.70, 1195.20, 1188.58, 314140, 3733.81, 8896, 227924, 72.55
SUKHJITS, EQ, 29-Sep-2026, 157.10, 159.05, 159.84, 156.69, 158.12, 157.95, 158.16, 7250, 11.47, 267, 5652, 77.96
SULA, EQ, 29-Sep-2026, 133.50, 133.50, 135.00, 131.55, 131.86, 131.77, 132.33, 176993, 234.21, 4230, 88771, 50.16
SUMAX, SM, 29-Sep-2026, 110.00, 110.00, 110.00, 102.00, 106.00, 105.15, 105.58, 142800, 150.76, 107, 109200, 76.47
SUMEDHA, EQ, 29-Sep-2026, 43.96, 43.92, 45.03, 43.00, 44.54, 43.63, 43.95, 394, 0.17, 22, 371, 94.16
SUMEETINDS, EQ, 29-Sep-2026, 11.59, 11.28, 11.50, 11.06, 11.20, 11.20, 11.18, 655070, 73.25, 1243, 484996, 74.04
SUMICHEM, EQ, 29-Sep-2026, 433.75, 435.00, 435.10, 424.60, 431.00, 431.15, 430.27, 221398, 952.62, 12135, 141309, 63.83
SUMIT, EQ, 29-Sep-2026, 49.52, 51.00, 51.00, 47.07, 49.98, 49.97, 49.49, 19588, 9.69, 182, 15151, 77.35
SUMMITSEC, EQ, 29-Sep-2026, 1337.40, 1352.70, 1352.70, 1312.10, 1325.00, 1322.60, 1323.71, 1753, 23.20, 475, 1100, 62.75
SUNCLAY, EQ, 29-Sep-2026, 1229.90, 1245.20, 1272.00, 1228.00, 1230.00, 1231.50, 1239.43, 6088, 75.46, 600, 3575, 58.72
SUNDARAM, EQ, 29-Sep-2026, 1.13, 1.13, 1.15, 1.10, 1.11, 1.10, 1.12, 586450, 6.58, 319, 475754, 81.12
SUNDARMFIN, EQ, 29-Sep-2026, 4453.40, 4462.80, 4462.80, 4310.10, 4324.90, 4334.80, 4347.58, 51607, 2243.66, 14242, 27404, 53.10
SUNDRMBRAK, EQ, 29-Sep-2026, 698.80, 681.00, 694.50, 669.00, 670.50, 671.75, 676.35, 1060, 7.17, 128, 544, 51.32
SUNDRMFAST, EQ, 29-Sep-2026, 1166.60, 1169.80, 1170.90, 1132.80, 1145.00, 1143.20, 1151.50, 696456, 8019.70, 33030, 427713, 61.41
SUNDROP, EQ, 29-Sep-2026, 740.20, 734.00, 753.00, 715.95, 753.00, 750.75, 742.04, 23591, 175.05, 1149, 12287, 52.08
SUNFLAG, EQ, 29-Sep-2026, 449.20, 459.40, 469.00, 435.15, 465.00, 464.30, 454.82, 2158845, 9818.77, 40223, 710859, 32.93
SUNLITE, SM, 29-Sep-2026, 606.25, 602.05, 635.00, 599.95, 633.00, 625.20, 617.15, 24300, 149.97, 74, 18300, 75.31
SUNLOC, EQ, 29-Sep-2026, 70.90, 68.00, 68.00, 68.00, 68.00, 68.00, 68.00, 2, 0.00, 1, 2, 100.00
SUNPHARMA, EQ, 29-Sep-2026, 1838.00, 1853.90, 1865.00, 1836.60, 1865.00, 1865.00, 1850.92, 3083083, 57065.39, 92484, 1969001, 63.86
SUNRAKSHAK, EQ, 29-Sep-2026, 359.65, 366.90, 368.30, 357.00, 363.05, 365.60, 361.55, 4961, 17.94, 429, 3725, 75.09
SUNREST, SM, 29-Sep-2026, 36.25, 38.00, 38.00, 38.00, 38.00, 38.00, 38.00, 1600, 0.61, 1, 1600, 100.00
SUNSHIEL, EQ, 29-Sep-2026, 1113.50, 1134.90, 1139.00, 1080.00, 1090.00, 1087.50, 1110.75, 3514, 39.03, 342, 2680, 76.27
SUNSHINE, EQ, 29-Sep-2026, 448.85, 449.85, 457.05, 431.40, 441.00, 445.05, 443.99, 1277165, 5670.52, 10178, 587229, 45.98
SUNTECH, SM, 29-Sep-2026, 38.50, 36.60, 36.70, 36.60, 36.70, 36.70, 36.63, 6400, 2.34, 4, 3200, 50.00
SUNTECK, EQ, 29-Sep-2026, 276.75, 276.00, 285.45, 268.55, 277.15, 280.30, 276.83, 327510, 906.63, 9598, 147692, 45.10
SUNTV, EQ, 29-Sep-2026, 519.90, 519.60, 559.95, 510.45, 552.55, 553.25, 541.27, 3444850, 18645.95, 81645, 1191998, 34.60
SUPERHOUSE, EQ, 29-Sep-2026, 160.77, 160.77, 164.87, 159.00, 161.69, 159.90, 160.25, 1609, 2.58, 88, 1063, 66.07
SUPERSPIN, BE, 29-Sep-2026, 7.86, 7.54, 8.00, 7.54, 7.70, 7.70, 7.83, 32653, 2.56, 46, -, -
SUPRAJIT, EQ, 29-Sep-2026, 483.60, 481.20, 495.00, 475.55, 495.00, 492.10, 488.72, 94276, 460.75, 5958, 63636, 67.50
SUPREME, EQ, 29-Sep-2026, 31.55, 30.20, 31.75, 29.06, 29.06, 29.77, 30.51, 58980, 17.99, 451, 51876, 87.96
SUPREMEENG, BZ, 29-Sep-2026, 4.00, 4.08, 4.08, 4.08, 4.08, 4.08, 4.08, 260877, 10.64, 89, -, -
SUPREMEIND, EQ, 29-Sep-2026, 3499.80, 3499.00, 3499.00, 3444.00, 3445.80, 3445.80, 3464.05, 129446, 4484.08, 15454, 65887, 50.90
SUPREMEINF, EQ, 29-Sep-2026, 79.72, 82.40, 82.40, 76.16, 76.32, 77.83, 78.67, 32183, 25.32, 1121, 17682, 54.94
SUPREMEPWR, SM, 29-Sep-2026, 204.95, 203.00, 210.00, 203.00, 210.00, 208.00, 206.85, 29500, 61.02, 57, 18000, 61.02
SUPRIYA, EQ, 29-Sep-2026, 984.75, 986.00, 1019.80, 971.00, 984.95, 985.05, 997.78, 548198, 5469.82, 43933, 167638, 30.58
SUPTANERY, BE, 29-Sep-2026, 9.14, 9.00, 9.59, 8.69, 8.89, 8.86, 8.89, 430883, 38.32, 1056, -, -
SURAJEST, EQ, 29-Sep-2026, 217.27, 217.89, 217.89, 207.01, 208.50, 209.06, 211.37, 102634, 216.94, 1715, 65185, 63.51
SURAJLTD, EQ, 29-Sep-2026, 193.45, 198.00, 198.01, 193.02, 193.02, 193.14, 197.16, 1326, 2.61, 33, 1255, 94.65
SURAKSHA, EQ, 29-Sep-2026, 347.05, 343.50, 359.40, 340.00, 355.00, 355.05, 352.60, 88441, 311.84, 4342, 46516, 52.60
SURANASOL, EQ, 29-Sep-2026, 25.13, 24.83, 25.01, 24.30, 24.68, 24.51, 24.59, 46832, 11.52, 661, 38096, 81.35
SURANAT&P, EQ, 29-Sep-2026, 15.72, 15.89, 16.00, 15.52, 15.80, 15.87, 15.77, 28165, 4.44, 188, 23943, 85.01
SURANI, SM, 29-Sep-2026, 98.45, 98.45, 98.45, 98.45, 98.45, 98.45, 98.45, 400, 0.39, 2, 400, 100.00
SURYALA, EQ, 29-Sep-2026, 382.00, 382.00, 387.70, 376.05, 376.65, 376.65, 381.94, 309, 1.18, 18, 162, 52.43
SURYALAXMI, EQ, 29-Sep-2026, 56.50, 57.00, 57.56, 56.11, 57.16, 56.63, 56.83, 770, 0.44, 27, 588, 76.36
SURYAROSNI, EQ, 29-Sep-2026, 220.10, 220.00, 224.89, 218.55, 220.00, 220.75, 221.08, 377814, 835.28, 7485, 193612, 51.25
SURYODAY, EQ, 29-Sep-2026, 144.99, 145.22, 146.18, 143.33, 143.50, 144.68, 144.50, 140702, 203.31, 2494, 65145, 46.30
SUTLEJTEX, BE, 29-Sep-2026, 37.00, 38.30, 38.30, 36.35, 37.40, 36.41, 36.65, 5544, 2.03, 56, -, -
SUVEN, EQ, 29-Sep-2026, 321.65, 321.60, 331.80, 320.00, 324.00, 324.75, 326.41, 1068199, 3486.67, 28806, 507037, 47.47
SUVIDHAA, EQ, 29-Sep-2026, 2.21, 2.20, 2.26, 2.02, 2.12, 2.09, 2.13, 169861, 3.61, 221, 133524, 78.61
SUYOG, EQ, 29-Sep-2026, 641.90, 643.80, 710.00, 625.80, 709.00, 689.95, 671.98, 60550, 406.89, 4215, 29977, 49.51
SUZLON, EQ, 29-Sep-2026, 39.66, 39.66, 39.87, 38.90, 39.50, 39.50, 39.44, 61795397, 24372.14, 106888, 25631872, 41.48
SVGLOBAL, EQ, 29-Sep-2026, 144.06, 157.00, 157.00, 142.00, 143.90, 143.20, 146.46, 1243, 1.82, 52, 751, 60.42
SVLL, EQ, 29-Sep-2026, 821.35, 821.35, 828.00, 810.00, 812.50, 813.35, 810.08, 39361, 318.86, 49, 39169, 99.51
SVPGLOB, EQ, 29-Sep-2026, 3.16, 3.15, 3.28, 3.01, 3.16, 3.15, 3.06, 52099, 1.60, 91, 21931, 42.09
SWANCORP, EQ, 29-Sep-2026, 289.70, 288.75, 289.50, 282.50, 283.90, 284.05, 286.02, 542922, 1552.87, 15054, 178347, 32.85
SWANDEF, BE, 29-Sep-2026, 2631.30, 2631.00, 2750.00, 2575.00, 2700.10, 2704.40, 2643.43, 9537, 252.10, 817, -, -
SWARAJ, BE, 29-Sep-2026, 355.45, 358.00, 373.20, 350.10, 373.20, 373.20, 367.35, 99000, 363.68, 417, -, -
SWARAJENG, EQ, 29-Sep-2026, 3552.50, 3552.50, 3561.80, 3527.00, 3540.00, 3548.20, 3544.50, 5922, 209.91, 2297, 3944, 66.60
SWARNSAR, EQ, 29-Sep-2026, 40.18, 38.60, 43.90, 38.00, 39.50, 41.29, 39.33, 13331, 5.24, 103, 11693, 87.71
SWASTIK, ST, 29-Sep-2026, 19.50, 20.45, 20.45, 19.75, 19.75, 19.75, 20.22, 3600, 0.73, 3, 3600, 100.00
SWELECTES, EQ, 29-Sep-2026, 590.40, 592.15, 592.15, 572.00, 572.20, 582.65, 585.66, 7730, 45.27, 536, 3922, 50.74
SWIGGY, EQ, 29-Sep-2026, 256.00, 255.50, 255.95, 251.00, 253.70, 253.70, 253.37, 13619762, 34507.88, 82695, 6786705, 49.83
SWISSMLTRY, BE, 29-Sep-2026, 14.01, 14.25, 14.25, 13.80, 14.00, 13.95, 14.06, 65877, 9.26, 354, -, -
SWSOLAR, EQ, 29-Sep-2026, 170.74, 170.10, 171.63, 168.20, 171.45, 171.08, 170.10, 708082, 1204.44, 9770, 283147, 39.99
SYMBIOTEC, EQ, 29-Sep-2026, 1055.75, 1051.00, 1149.85, 1045.05, 1142.90, 1144.20, 1121.47, 2887817, 32385.99, 140033, 617415, 21.38
SYMPHONY, EQ, 29-Sep-2026, 585.95, 586.00, 589.85, 574.60, 578.00, 580.40, 582.15, 41970, 244.33, 3142, 20734, 49.40
SYNCOMF, EQ, 29-Sep-2026, 22.20, 22.46, 26.64, 22.03, 26.64, 26.18, 24.85, 237186557, 58940.79, 752007, 23856406, 10.06
SYNGENE, EQ, 29-Sep-2026, 376.00, 376.00, 376.95, 365.00, 365.90, 367.20, 369.96, 582282, 2154.20, 30455, 280642, 48.20
SYRMA, EQ, 29-Sep-2026, 1746.40, 1745.00, 1746.40, 1685.00, 1694.00, 1692.60, 1704.62, 1111808, 18952.05, 61153, 404181, 36.35
SYSTANGO, SM, 29-Sep-2026, 219.35, 218.00, 223.80, 216.30, 223.00, 223.25, 219.41, 7600, 16.68, 19, 4800, 63.16
SYSTMTXC, BE, 29-Sep-2026, 77.00, 75.46, 75.50, 75.46, 75.46, 75.46, 75.46, 24858, 18.76, 44, -, -
TAALTECH, EQ, 29-Sep-2026, 1069.10, 1084.90, 1084.90, 1025.00, 1040.00, 1044.40, 1045.31, 31867, 333.11, 4253, 15654, 49.12
TAC, ST, 29-Sep-2026, 427.60, 416.60, 439.00, 406.25, 423.00, 419.70, 414.65, 132800, 550.65, 390, 117600, 88.55
TAINWALCHM, EQ, 29-Sep-2026, 206.26, 205.10, 209.00, 202.51, 205.25, 205.36, 205.87, 1735, 3.57, 50, 1312, 75.62
TAJGVK, EQ, 29-Sep-2026, 315.25, 316.20, 319.00, 310.80, 319.00, 316.55, 315.02, 38238, 120.46, 2229, 18510, 48.41
TAKE, EQ, 29-Sep-2026, 14.74, 14.01, 14.01, 14.01, 14.01, 14.01, 14.01, 53056, 7.43, 208, 53056, 100.00
TALBROAUTO, EQ, 29-Sep-2026, 437.85, 437.85, 447.40, 431.10, 431.10, 433.20, 437.90, 261069, 1143.22, 10725, 112272, 43.00
TAMBOLIIN, BE, 29-Sep-2026, 300.95, 297.95, 297.95, 286.00, 297.80, 292.15, 290.38, 2953, 8.57, 40, -, -
TANAA, EQ, 29-Sep-2026, 352.85, 355.60, 365.00, 326.90, 334.00, 335.00, 343.87, 53123, 182.67, 2303, 26768, 50.39
TANKUP, ST, 29-Sep-2026, 1685.30, 1719.00, 1719.00, 1719.00, 1719.00, 1719.00, 1719.00, 4750, 81.65, 13, 4750, 100.00
TANLA, EQ, 29-Sep-2026, 497.30, 497.70, 498.40, 488.45, 491.90, 490.65, 492.01, 273875, 1347.49, 15191, 114247, 41.72
TARACHAND, EQ, 29-Sep-2026, 47.44, 47.51, 49.00, 46.50, 48.60, 47.27, 47.40, 62680, 29.71, 2679, 24858, 39.66
TARAPUR, EQ, 29-Sep-2026, 11.87, 11.87, 12.40, 10.80, 12.09, 12.03, 11.62, 23557, 2.74, 273, 16056, 68.16
TARC, EQ, 29-Sep-2026, 126.53, 127.24, 128.92, 125.33, 126.70, 127.02, 127.00, 308230, 391.44, 3566, 169191, 54.89
TARIL, EQ, 29-Sep-2026, 270.45, 272.00, 275.85, 266.60, 274.95, 272.85, 271.78, 1066716, 2899.15, 26767, 450433, 42.23
TARMAT, EQ, 29-Sep-2026, 56.87, 55.00, 59.40, 55.00, 56.85, 57.03, 57.78, 19634, 11.34, 399, 9567, 48.73
TARSONS, EQ, 29-Sep-2026, 338.00, 339.90, 342.00, 327.55, 327.55, 330.35, 336.35, 116179, 390.77, 6293, 35079, 30.19
TASTYBITE, EQ, 29-Sep-2026, 9633.00, 9665.00, 9665.00, 9491.00, 9600.00, 9611.00, 9575.29, 1178, 112.80, 402, 704, 59.76
TATACAP, EQ, 29-Sep-2026, 328.10, 326.00, 333.30, 321.55, 331.00, 331.35, 325.82, 3110270, 10133.89, 59427, 1794696, 57.70
TATACHEM, EQ, 29-Sep-2026, 641.45, 632.50, 640.50, 609.80, 612.75, 613.85, 621.27, 3290504, 20442.87, 81218, 683620, 20.78
TATACOMM, EQ, 29-Sep-2026, 1655.30, 1642.20, 1674.10, 1630.00, 1650.00, 1654.70, 1655.09, 215427, 3565.52, 35955, 131502, 61.04
TATACONSUM, EQ, 29-Sep-2026, 960.00, 961.70, 969.00, 953.90, 967.70, 967.70, 962.43, 2410899, 23203.26, 68794, 1613567, 66.93
TATAELXSI, EQ, 29-Sep-2026, 3191.00, 3190.00, 3211.70, 3106.10, 3211.70, 3211.70, 3158.57, 522063, 16489.70, 35164, 333636, 63.91
TATAGOLD, EQ, 29-Sep-2026, 14.26, 14.21, 14.25, 14.10, 14.22, 14.19, 14.19, 46258772, 6563.13, 68998, 19910307, 43.04
TATAINVEST, EQ, 29-Sep-2026, 644.45, 635.00, 637.00, 621.10, 625.55, 625.45, 629.34, 508671, 3201.28, 26381, 190252, 37.40
TATAPOWER, EQ, 29-Sep-2026, 361.90, 358.00, 360.70, 353.95, 359.00, 359.00, 358.49, 10743181, 38513.21, 52122, 6914235, 64.36
TATASTEEL, EQ, 29-Sep-2026, 186.30, 184.78, 189.00, 184.24, 188.00, 188.00, 187.18, 28159048, 52708.93, 149301, 14296534, 50.77
TATATECH, EQ, 29-Sep-2026, 707.05, 701.50, 706.20, 683.70, 685.80, 686.75, 693.03, 584827, 4053.05, 44669, 274266, 46.90
TATSILV, EQ, 29-Sep-2026, 21.38, 21.30, 21.37, 21.16, 21.26, 21.25, 21.25, 27646459, 5876.06, 43974, 12754646, 46.13
TATVA, EQ, 29-Sep-2026, 1760.20, 1768.00, 1830.00, 1727.40, 1801.00, 1806.40, 1787.77, 88197, 1576.76, 11186, 38228, 43.34
TAURIAN, ST, 29-Sep-2026, 596.00, 596.00, 608.00, 570.00, 608.00, 601.60, 591.75, 24000, 142.02, 26, 22400, 93.33
TBI, SM, 29-Sep-2026, 69.70, 70.40, 76.00, 69.00, 75.95, 75.90, 73.36, 102600, 75.26, 123, 71400, 69.59
TBOTEK, EQ, 29-Sep-2026, 1654.80, 1650.00, 1698.30, 1633.00, 1688.00, 1684.70, 1678.70, 113052, 1897.81, 14393, 70688, 62.53
TBZ, BE, 29-Sep-2026, 630.75, 608.00, 645.00, 599.25, 629.85, 625.80, 616.73, 502282, 3097.71, 4789, -, -
TCC, EQ, 29-Sep-2026, 49.35, 49.20, 50.82, 48.18, 50.80, 50.09, 49.38, 319661, 157.84, 3040, 62187, 19.45
TCI, EQ, 29-Sep-2026, 864.85, 867.20, 880.00, 846.00, 865.00, 868.70, 861.94, 426394, 3675.26, 29729, 73291, 17.19
TCIEXP, EQ, 29-Sep-2026, 486.00, 499.20, 583.20, 495.25, 529.90, 531.85, 558.71, 5534726, 30922.85, 123019, 344872, 6.23
TCIFINANCE, EQ, 29-Sep-2026, 14.75, 14.75, 15.30, 14.02, 14.65, 14.48, 14.45, 13901, 2.01, 120, 10431, 75.04
TCL, SM, 29-Sep-2026, 128.15, 125.00, 132.00, 124.00, 131.10, 131.10, 130.63, 49600, 64.79, 25, 44000, 88.71
TCPLPACK, EQ, 29-Sep-2026, 3987.80, 3999.90, 4202.20, 3826.00, 4105.00, 4117.40, 4067.75, 13649, 555.21, 3072, 5652, 41.41
TCS, EQ, 29-Sep-2026, 2070.70, 2065.00, 2085.10, 2032.40, 2032.40, 2032.40, 2045.45, 4437783, 90772.79, 115910, 2944983, 66.36
TDPOWERSYS, EQ, 29-Sep-2026, 722.00, 719.00, 799.00, 714.00, 795.00, 777.35, 762.00, 7602887, 57934.29, 176782, 4852170, 63.82
TEAMGTY, EQ, 29-Sep-2026, 235.01, 242.95, 242.95, 235.00, 235.00, 235.00, 235.03, 640, 1.50, 15, 639, 99.84
TEAMLEASE, EQ, 29-Sep-2026, 1140.20, 1144.00, 1163.90, 1117.90, 1160.00, 1148.60, 1143.48, 27808, 317.98, 6398, 17429, 62.68
TEAMTECH, ST, 29-Sep-2026, 133.50, 136.00, 137.00, 132.00, 137.00, 137.00, 135.39, 34000, 46.03, 11, 34000, 100.00
TECH, EQ, 29-Sep-2026, 30.85, 30.90, 32.00, 30.30, 30.42, 31.29, 30.59, 40531, 12.40, 202, 39174, 96.65
TECHD, SM, 29-Sep-2026, 544.65, 538.00, 550.00, 536.00, 550.00, 549.00, 543.78, 8400, 45.68, 26, 6000, 71.43
TECHERA, SM, 29-Sep-2026, 159.60, 167.55, 167.55, 159.60, 167.55, 167.55, 166.62, 891200, 1484.96, 480, 560800, 62.93
TECHLABS, SM, 29-Sep-2026, 114.90, 113.10, 116.90, 110.00, 110.00, 112.80, 113.96, 12125, 13.82, 65, 11125, 91.75
TECHM, EQ, 29-Sep-2026, 1542.20, 1542.30, 1557.50, 1510.50, 1510.50, 1510.50, 1530.66, 3218354, 49261.94, 84005, 2102127, 65.32
TECHNOCRAF, EQ, 29-Sep-2026, 476.95, 478.50, 492.00, 477.00, 482.20, 480.85, 484.24, 1003368, 4858.73, 18368, 344374, 34.32
TECHNOE, EQ, 29-Sep-2026, 981.85, 979.90, 1027.60, 966.20, 1008.00, 1010.15, 1008.61, 271404, 2737.40, 22000, 119712, 44.11
TECHNVISN, EQ, 29-Sep-2026, 3966.00, 3966.00, 3989.00, 3799.50, 3900.00, 3896.50, 3886.57, 174, 6.76, 72, 149, 85.63
TECILCHEM, EQ, 29-Sep-2026, 9.12, 9.80, 9.80, 8.92, 8.92, 9.21, 9.31, 7526, 0.70, 67, 7190, 95.54
TEGA, EQ, 29-Sep-2026, 2011.50, 2013.40, 2089.90, 1988.60, 2059.00, 2060.60, 2052.48, 342283, 7025.29, 27932, 117013, 34.19
TEJA, SM, 29-Sep-2026, 214.70, 217.00, 228.45, 208.00, 216.00, 214.25, 215.91, 25200, 54.41, 30, 19200, 76.19
TEJASNET, EQ, 29-Sep-2026, 491.10, 491.10, 495.90, 480.65, 489.20, 490.40, 488.52, 1223062, 5974.88, 40468, 315093, 25.76
TEMBO, EQ, 29-Sep-2026, 57.75, 57.75, 58.51, 57.00, 58.08, 57.99, 57.84, 680807, 393.80, 3923, 274692, 40.35
TEMPSENS, EQ, 29-Sep-2026, 530.50, 531.10, 549.00, 524.00, 528.00, 529.30, 534.68, 1354439, 7241.95, 45857, 333055, 24.59
TENNIND, EQ, 29-Sep-2026, 502.15, 503.90, 513.50, 498.50, 509.30, 508.60, 506.18, 903915, 4575.44, 55249, 379979, 42.04
TERAI, EQ, 29-Sep-2026, 116.00, 115.80, 115.80, 115.80, 115.80, 115.80, 115.80, 1, 0.00, 1, 1, 100.00
TERASOFT, EQ, 29-Sep-2026, 215.70, 215.00, 225.00, 206.00, 208.00, 209.25, 214.68, 31347, 67.30, 1751, 19919, 63.54
TEXINFRA, EQ, 29-Sep-2026, 116.56, 116.00, 116.80, 114.71, 115.31, 115.54, 115.79, 40220, 46.57, 930, 19885, 49.44
TEXMOPIPES, EQ, 29-Sep-2026, 55.48, 55.50, 55.51, 52.30, 54.00, 53.72, 53.63, 154189, 82.69, 2765, 80901, 52.47
TEXRAIL, EQ, 29-Sep-2026, 123.14, 123.10, 126.95, 120.28, 125.70, 125.67, 124.60, 3055571, 3807.36, 32277, 1067538, 34.94
TFCILTD, EQ, 29-Sep-2026, 139.68, 139.68, 141.43, 138.20, 139.76, 138.92, 139.60, 18454638, 25762.93, 32714, 6339280, 34.35
TFL, EQ, 29-Sep-2026, 11.67, 11.65, 11.89, 11.47, 11.89, 11.64, 11.60, 2822, 0.33, 33, 1922, 68.11
TGBHOTELS, EQ, 29-Sep-2026, 9.16, 9.16, 9.34, 9.09, 9.15, 9.13, 9.18, 20980, 1.93, 149, 17928, 85.45
TGL, ST, 29-Sep-2026, 13.95, 13.70, 13.70, 13.70, 13.70, 13.70, 13.70, 3600, 0.49, 12, 3600, 100.00
TGVSL, EQ, 29-Sep-2026, 121.88, 121.89, 125.00, 117.51, 122.00, 122.47, 121.92, 923146, 1125.50, 15267, 253655, 27.48
THACKER, EQ, 29-Sep-2026, 975.00, 999.00, 1085.00, 975.00, 975.00, 996.80, 1051.72, 18, 0.19, 13, 15, 83.33
THAKDEV, EQ, 29-Sep-2026, 141.37, 135.00, 137.00, 135.00, 135.00, 135.00, 135.10, 21, 0.03, 6, 21, 100.00
THANGAMAYL, EQ, 29-Sep-2026, 5011.50, 5010.00, 5262.00, 4916.50, 5189.50, 5204.50, 5127.53, 177094, 9080.54, 32305, 98984, 55.89
THEINVEST, EQ, 29-Sep-2026, 92.37, 93.00, 94.86, 90.00, 90.00, 90.53, 91.53, 9698, 8.88, 298, 6530, 67.33
THEJO, EQ, 29-Sep-2026, 2146.50, 2158.20, 2169.90, 2086.20, 2093.00, 2110.30, 2118.87, 9710, 205.74, 1150, 6331, 65.20
THELEELA, EQ, 29-Sep-2026, 547.90, 549.45, 572.15, 522.15, 538.25, 533.60, 541.41, 1415534, 7663.90, 58315, 837542, 59.17
THEMISMED, EQ, 29-Sep-2026, 116.85, 118.00, 121.04, 116.02, 119.79, 119.95, 118.35, 106694, 126.27, 2022, 37287, 34.95
THERMAX, EQ, 29-Sep-2026, 3386.00, 3369.00, 3375.90, 3269.10, 3290.00, 3291.00, 3315.58, 164479, 5453.43, 27814, 101609, 61.78
THESL, ST, 29-Sep-2026, 14.70, 14.10, 14.15, 14.10, 14.15, 14.15, 14.13, 6000, 0.85, 2, 3000, 50.00
THOMASCOOK, EQ, 29-Sep-2026, 102.18, 102.00, 105.45, 101.01, 103.70, 103.92, 103.32, 749468, 774.37, 15412, 420098, 56.05
THOMASCOTT, EQ, 29-Sep-2026, 238.35, 255.00, 270.50, 244.55, 249.00, 250.35, 254.00, 143024, 363.28, 3353, 55321, 38.68
THYROCARE, EQ, 29-Sep-2026, 548.30, 549.95, 555.55, 545.00, 545.15, 547.10, 549.21, 105491, 579.36, 9866, 54421, 51.59
TI, EQ, 29-Sep-2026, 561.65, 560.00, 562.00, 550.00, 550.20, 550.85, 554.58, 606083, 3361.25, 22446, 316435, 52.21
TICL, BE, 29-Sep-2026, 6.74, 7.07, 7.07, 6.91, 7.07, 7.07, 7.06, 247850, 17.50, 151, -, -
TIGERLOGS, EQ, 29-Sep-2026, 26.40, 27.16, 27.16, 25.80, 26.08, 26.17, 26.14, 80402, 21.02, 585, 62046, 77.17
TIIL, EQ, 29-Sep-2026, 2929.40, 2920.40, 2980.50, 2914.60, 2935.00, 2926.40, 2938.39, 24064, 707.09, 6819, 12910, 53.65
TIINDIA, EQ, 29-Sep-2026, 2459.00, 2455.30, 2455.30, 2397.80, 2413.00, 2413.00, 2417.34, 392266, 9482.41, 30181, 206981, 52.77
TIJARIA, BE, 29-Sep-2026, 6.66, 6.66, 6.85, 6.44, 6.55, 6.54, 6.52, 6809, 0.44, 45, -, -
TIL, BE, 29-Sep-2026, 252.32, 250.90, 255.00, 242.65, 249.40, 249.03, 248.26, 78502, 194.89, 568, -, -
TIMESCAN, SM, 29-Sep-2026, 41.40, 39.35, 40.00, 39.35, 40.00, 40.00, 39.78, 6000, 2.39, 2, 6000, 100.00
TIMETECHNO, EQ, 29-Sep-2026, 183.44, 183.25, 185.90, 180.94, 185.07, 183.92, 183.84, 4160921, 7649.59, 26649, 902943, 21.70
TIMEX, EQ, 29-Sep-2026, 703.65, 702.65, 747.00, 683.10, 728.00, 729.10, 728.65, 986170, 7185.68, 54413, 379322, 38.46
TIMKEN, EQ, 29-Sep-2026, 3180.50, 3180.60, 3213.80, 3065.00, 3075.10, 3086.20, 3108.89, 51275, 1594.08, 16229, 29518, 57.57
TINNARUBR, EQ, 29-Sep-2026, 947.40, 954.90, 968.85, 919.45, 958.00, 955.20, 939.72, 37917, 356.31, 3433, 16402, 43.26
TIPSFILMS, EQ, 29-Sep-2026, 331.80, 345.00, 369.40, 335.10, 337.25, 339.55, 353.16, 38117, 134.61, 1257, 12577, 33.00
TIPSMUSIC, EQ, 29-Sep-2026, 657.35, 657.35, 659.00, 639.20, 650.00, 647.20, 652.84, 276147, 1802.81, 14315, 129107, 46.75
TIRUMALCHM, EQ, 29-Sep-2026, 155.04, 155.01, 157.29, 150.00, 152.36, 152.39, 152.45, 355416, 541.83, 6426, 175346, 49.34
TIRUPATI, SM, 29-Sep-2026, 292.50, 277.90, 277.90, 277.90, 277.90, 277.90, 277.90, 125, 0.35, 1, 125, 100.00
TIRUPATIFL, BE, 29-Sep-2026, 76.72, 75.19, 75.19, 75.19, 75.19, 75.19, 75.19, 135045, 101.54, 245, -, -
TITAGARH, EQ, 29-Sep-2026, 818.65, 817.00, 829.75, 808.15, 817.60, 819.35, 817.87, 308740, 2525.09, 18704, 91995, 29.80
TITAN, EQ, 29-Sep-2026, 4819.50, 4808.00, 4818.50, 4675.00, 4675.00, 4675.00, 4717.98, 1188414, 56069.10, 79606, 738980, 62.18
TMB, EQ, 29-Sep-2026, 861.75, 861.75, 871.65, 845.10, 860.00, 863.55, 859.52, 169572, 1457.50, 18064, 70100, 41.34
TMCV, EQ, 29-Sep-2026, 432.95, 430.60, 434.80, 426.50, 430.90, 430.15, 430.82, 4991805, 21505.80, 136420, 2810558, 56.30
TMPV, EQ, 29-Sep-2026, 281.75, 279.00, 281.40, 272.20, 280.95, 280.95, 277.07, 18903507, 52375.45, 170170, 7582188, 40.11
TNIDETF, EQ, 29-Sep-2026, 84.53, 86.22, 86.22, 83.20, 83.83, 83.49, 83.57, 67094, 56.07, 743, 46753, 69.68
TNPETRO, EQ, 29-Sep-2026, 124.99, 125.61, 128.28, 123.00, 125.93, 125.67, 125.88, 826447, 1040.33, 10817, 280182, 33.90
TNPL, EQ, 29-Sep-2026, 147.64, 146.22, 152.90, 143.78, 152.70, 151.80, 148.57, 327768, 486.96, 4919, 199502, 60.87
TNTELE, EQ, 29-Sep-2026, 11.89, 13.50, 14.26, 13.11, 14.26, 14.26, 13.81, 510371, 70.50, 813, 233324, 45.72
TOKYOPLAST, EQ, 29-Sep-2026, 72.62, 74.30, 74.90, 72.00, 73.50, 73.50, 74.68, 1109, 0.83, 17, 1069, 96.39
TOLINS, EQ, 29-Sep-2026, 86.91, 86.20, 86.99, 85.00, 86.51, 86.21, 85.94, 36061, 30.99, 1266, 19374, 53.73
TOP100CASE, EQ, 29-Sep-2026, 10.07, 10.27, 10.27, 9.98, 10.07, 10.05, 10.02, 1278984, 128.22, 1654, 840340, 65.70
TOP10ADD, EQ, 29-Sep-2026, 82.59, 82.60, 83.45, 81.96, 82.50, 82.71, 82.24, 235506, 193.69, 1202, 145025, 61.58
TOP15IETF, EQ, 29-Sep-2026, 9.25, 9.16, 9.29, 9.11, 9.21, 9.18, 9.17, 143643, 13.18, 325, 99601, 69.34
TOP20, EQ, 29-Sep-2026, 8.45, 8.43, 8.43, 8.36, 8.38, 8.39, 8.39, 74222, 6.23, 211, 45296, 61.03
TORNTPHARM, EQ, 29-Sep-2026, 4869.00, 4884.50, 4948.00, 4833.50, 4894.00, 4894.00, 4891.19, 725626, 35491.77, 38942, 447219, 61.63
TORNTPOWER, EQ, 29-Sep-2026, 1237.20, 1237.30, 1243.90, 1211.50, 1217.90, 1220.20, 1227.39, 224598, 2756.69, 25730, 160798, 71.59
TOTAL, BE, 29-Sep-2026, 70.34, 69.95, 71.50, 68.80, 71.40, 71.38, 69.96, 5418, 3.79, 26, -, -
TOUCHWOOD, EQ, 29-Sep-2026, 60.13, 59.70, 60.00, 58.12, 60.00, 59.99, 59.66, 1035, 0.62, 31, 914, 88.31
TOYAMSL, EQ, 29-Sep-2026, 0.77, 0.75, 0.77, 0.74, 0.74, 0.74, 0.75, 1663494, 12.48, 322, 463443, 27.86
TPHQ, BE, 29-Sep-2026, 0.50, 0.50, 0.52, 0.50, 0.51, 0.51, 0.51, 703705, 3.59, 254, -, -
TPLPLASTEH, EQ, 29-Sep-2026, 64.90, 64.10, 67.50, 63.15, 64.10, 65.26, 64.54, 97097, 62.67, 836, 23403, 24.10
TRACXN, EQ, 29-Sep-2026, 32.33, 32.98, 33.00, 31.70, 32.98, 32.94, 32.54, 229392, 74.64, 1429, 160922, 70.15
TRANSCOR, EQ, 29-Sep-2026, 24.39, 24.39, 24.90, 23.52, 24.69, 23.85, 23.88, 6605, 1.58, 31, 3034, 45.93
TRANSPEK, BE, 29-Sep-2026, 1304.20, 1348.00, 1355.00, 1305.10, 1355.00, 1352.50, 1345.45, 1187, 15.97, 61, -, -
TRANSRAILL, EQ, 29-Sep-2026, 449.65, 451.95, 459.00, 437.30, 451.00, 451.65, 447.57, 766338, 3429.94, 28822, 270053, 35.24
TRANSTEEL, SM, 29-Sep-2026, 84.50, 84.00, 85.55, 79.70, 81.00, 80.15, 80.79, 61000, 49.28, 47, 46000, 75.41
TRANSWORLD, BE, 29-Sep-2026, 162.78, 159.60, 165.90, 159.60, 163.00, 163.00, 160.97, 1512, 2.43, 11, -, -
TRAVELFOOD, EQ, 29-Sep-2026, 1203.00, 1213.50, 1213.50, 1171.00, 1208.00, 1196.60, 1198.31, 356445, 4271.31, 16819, 233643, 65.55
TREEHOUSE, EQ, 29-Sep-2026, 5.88, 5.88, 5.93, 5.46, 5.80, 5.81, 5.64, 19318, 1.09, 145, 15648, 81.00
TREJHARA, EQ, 29-Sep-2026, 139.74, 144.95, 144.95, 132.98, 135.10, 135.70, 136.56, 44520, 60.79, 1038, 26244, 58.95
TREL, EQ, 29-Sep-2026, 28.89, 28.89, 28.94, 27.70, 28.35, 28.40, 28.25, 112132, 31.68, 5011, 60878, 54.29
TRENT, EQ, 29-Sep-2026, 2626.00, 2626.00, 2642.70, 2580.40, 2635.00, 2635.00, 2609.88, 1548590, 40416.36, 74657, 962210, 62.13
TRF, EQ, 29-Sep-2026, 207.55, 210.07, 210.73, 202.00, 202.00, 202.90, 203.78, 24268, 49.45, 1002, 21490, 88.55
TRIDENT, EQ, 29-Sep-2026, 22.93, 22.93, 22.99, 22.28, 22.44, 22.49, 22.62, 3025645, 684.27, 22940, 1542320, 50.97
TRIDHYA, SM, 29-Sep-2026, 7.00, 6.80, 6.80, 6.80, 6.80, 6.80, 6.80, 3000, 0.20, 1, 3000, 100.00
TRIGYN, EQ, 29-Sep-2026, 53.12, 53.60, 53.80, 52.34, 52.40, 53.03, 52.95, 30084, 15.93, 870, 17678, 58.76
TRITONV, EQ, 29-Sep-2026, 1093.30, 1080.40, 1093.30, 1060.10, 1087.00, 1075.40, 1078.07, 967, 10.42, 198, 573, 59.26
TRITURBINE, EQ, 29-Sep-2026, 551.65, 547.00, 550.85, 535.80, 542.50, 543.55, 542.38, 643808, 3491.87, 57059, 430443, 66.86
TRIVENI, EQ, 29-Sep-2026, 242.40, 242.00, 243.75, 236.95, 238.80, 239.15, 239.73, 773286, 1853.82, 29176, 360877, 46.67
TROM, SM, 29-Sep-2026, 52.25, 51.50, 53.80, 51.00, 53.00, 53.00, 52.30, 3600, 1.88, 6, 1800, 50.00
TRU, EQ, 29-Sep-2026, 4.11, 4.06, 4.18, 4.05, 4.15, 4.06, 4.08, 50438, 2.06, 142, 38968, 77.26
TRUALT, EQ, 29-Sep-2026, 458.15, 459.90, 464.00, 452.70, 458.00, 458.40, 459.02, 258126, 1184.85, 8380, 124074, 48.07
TRUST, SM, 29-Sep-2026, 27.00, 25.80, 26.05, 25.35, 25.65, 25.65, 25.60, 7800, 2.00, 12, 5400, 69.23
TSFINV, EQ, 29-Sep-2026, 434.70, 434.70, 435.95, 412.60, 422.00, 421.45, 419.92, 522272, 2193.12, 21538, 266053, 50.94
TTKHLTCARE, EQ, 29-Sep-2026, 1013.60, 1016.60, 1042.60, 1000.00, 1039.50, 1033.70, 1022.39, 10420, 106.53, 1581, 4752, 45.60
TTKPRESTIG, EQ, 29-Sep-2026, 513.85, 515.35, 551.50, 515.35, 528.00, 533.75, 535.65, 484427, 2594.82, 22587, 145479, 30.03
TTL, EQ, 29-Sep-2026, 7.33, 7.33, 8.25, 7.12, 7.90, 7.71, 7.51, 878500, 65.97, 616, 621149, 70.71
TTML, EQ, 29-Sep-2026, 36.19, 35.71, 35.90, 33.93, 35.25, 35.18, 34.58, 11819456, 4086.86, 40503, 961613, 8.14
TUNWAL, SM, 29-Sep-2026, 25.70, 25.60, 26.05, 25.35, 25.95, 25.85, 25.81, 70000, 18.07, 28, 48000, 68.57
TURTLEMINT, EQ, 29-Sep-2026, 83.29, 84.00, 84.05, 78.80, 79.55, 79.52, 80.25, 2538324, 2036.98, 15619, 929930, 36.64
TUTIALKA, EQ, 29-Sep-2026, 55.22, 55.00, 55.85, 52.56, 55.00, 54.74, 53.74, 7605, 4.09, 180, 5931, 77.99
TVSELECT, EQ, 29-Sep-2026, 378.85, 378.85, 379.65, 367.10, 371.70, 374.30, 372.43, 25816, 96.15, 2065, 11083, 42.93
TVSHLTD, EQ, 29-Sep-2026, 12436.00, 12436.00, 12497.00, 12050.00, 12350.00, 12298.00, 12196.47, 10491, 1279.53, 4403, 5672, 54.07
TVSINVIT, IV, 29-Sep-2026, 119.00, 119.00, 119.00, 119.00, 119.00, 119.00, 119.00, 25000, 29.75, 1, 25000, 100.00
TVSMOTOR, EQ, 29-Sep-2026, 4095.00, 4075.00, 4149.00, 4037.20, 4091.10, 4091.10, 4108.58, 765737, 31460.92, 63172, 459746, 60.04
TVSSCS, EQ, 29-Sep-2026, 128.50, 128.30, 132.62, 125.74, 131.55, 131.30, 130.28, 838113, 1091.90, 14230, 309564, 36.94
TVSSRICHAK, EQ, 29-Sep-2026, 4490.50, 4445.00, 4495.00, 4370.00, 4416.50, 4435.00, 4427.83, 5321, 235.60, 1460, 2543, 47.79
TVTODAY, EQ, 29-Sep-2026, 105.06, 105.20, 106.75, 102.00, 103.60, 103.84, 103.79, 13158, 13.66, 558, 7190, 54.64
TVVISION, BE, 29-Sep-2026, 2.96, 3.03, 3.05, 2.82, 2.82, 2.82, 2.85, 76042, 2.17, 128, -, -
TWCGOLDETF, EQ, 29-Sep-2026, 145.89, 145.89, 145.89, 144.96, 145.58, 145.45, 145.52, 24430, 35.55, 72, 24173, 98.95
UBL, EQ, 29-Sep-2026, 1217.40, 1213.00, 1228.20, 1169.50, 1210.30, 1210.20, 1198.39, 116267, 1393.33, 13471, 55121, 47.41
UCAL, BE, 29-Sep-2026, 141.44, 141.44, 142.85, 138.51, 140.40, 139.00, 140.45, 3213, 4.51, 49, -, -
UCOBANK, EQ, 29-Sep-2026, 23.33, 23.40, 23.45, 22.97, 23.05, 23.05, 23.11, 4035725, 932.78, 19505, 1666412, 41.29
UDAYJEW, EQ, 29-Sep-2026, 167.02, 173.03, 173.03, 166.00, 166.40, 168.37, 167.93, 19048, 31.99, 621, 7181, 37.70
UDS, EQ, 29-Sep-2026, 207.84, 207.84, 208.98, 202.56, 208.46, 207.79, 206.64, 53770, 111.11, 2218, 27573, 51.28
UEL, EQ, 29-Sep-2026, 190.14, 193.60, 193.60, 183.05, 185.80, 184.75, 185.41, 11518, 21.36, 726, 5919, 51.39
UFBL, BE, 29-Sep-2026, 677.85, 677.85, 689.45, 666.25, 680.00, 674.15, 677.19, 78748, 533.27, 755, -, -
UFLEX, EQ, 29-Sep-2026, 641.95, 640.15, 660.90, 636.80, 644.50, 647.70, 650.93, 162208, 1055.85, 7707, 68729, 42.37
UFO, EQ, 29-Sep-2026, 58.87, 58.99, 60.48, 56.30, 59.00, 58.93, 57.96, 64364, 37.31, 1380, 39537, 61.43
UGARSUGAR, EQ, 29-Sep-2026, 62.29, 62.00, 62.41, 57.20, 57.69, 57.81, 59.52, 1013983, 603.51, 12130, 453454, 44.72
UGROCAP, EQ, 29-Sep-2026, 80.29, 80.53, 82.19, 79.20, 81.24, 81.07, 80.34, 434421, 349.00, 3438, 291634, 67.13
UHTL, ST, 29-Sep-2026, 203.60, 199.55, 199.55, 199.55, 199.55, 199.55, 199.55, 38000, 75.83, 17, 38000, 100.00
UJJIVANSFB, EQ, 29-Sep-2026, 63.09, 63.05, 65.40, 62.56, 65.31, 65.26, 64.59, 12425218, 8025.85, 73485, 5875809, 47.29
ULTRACEMCO, EQ, 29-Sep-2026, 11025.00, 11010.00, 11027.00, 10826.00, 10829.00, 10829.00, 10922.64, 514924, 56243.29, 54709, 301780, 58.61
ULTRAMAR, EQ, 29-Sep-2026, 419.10, 423.90, 423.90, 412.30, 420.00, 418.50, 417.86, 18454, 77.11, 1149, 11968, 64.85
UMA, SM, 29-Sep-2026, 15.65, 17.85, 17.95, 16.25, 17.75, 17.75, 17.36, 28000, 4.86, 7, 20000, 71.43
UMAEXPORTS, BE, 29-Sep-2026, 21.64, 21.60, 22.06, 21.60, 22.06, 22.06, 21.83, 9758, 2.13, 38, -, -
UMESLTD, EQ, 29-Sep-2026, 4.59, 4.71, 4.71, 4.35, 4.41, 4.41, 4.43, 14937, 0.66, 86, 12162, 81.42
UMIYA-MRO, EQ, 29-Sep-2026, 97.54, 97.46, 97.90, 94.42, 94.50, 94.80, 95.15, 9754, 9.28, 310, 6146, 63.01
UNICHEMLAB, EQ, 29-Sep-2026, 536.40, 537.00, 608.00, 530.00, 565.05, 568.40, 582.69, 4127586, 24050.93, 136736, 283808, 6.88
UNIDT, EQ, 29-Sep-2026, 229.31, 229.31, 234.59, 222.68, 230.00, 229.83, 228.73, 29891, 68.37, 1436, 15232, 50.96
UNIECOM, EQ, 29-Sep-2026, 82.18, 82.81, 83.16, 81.01, 82.30, 82.45, 82.23, 161740, 133.00, 2362, 65985, 40.80
UNIENTER, EQ, 29-Sep-2026, 89.07, 89.07, 91.98, 88.67, 88.67, 89.01, 89.18, 7461, 6.65, 96, 4909, 65.80
UNIHEALTH, SM, 29-Sep-2026, 641.95, 646.90, 647.95, 615.00, 620.00, 626.40, 624.20, 18000, 112.36, 32, 11500, 63.89
UNIINFO, EQ, 29-Sep-2026, 11.30, 11.10, 11.30, 11.00, 11.08, 11.08, 11.20, 1610, 0.18, 14, 1609, 99.94
UNILEX, SM, 29-Sep-2026, 31.50, 30.85, 30.85, 30.85, 30.85, 30.85, 30.85, 3200, 0.99, 2, 3200, 100.00
UNIMECH, EQ, 29-Sep-2026, 1616.20, 1622.00, 1710.00, 1591.60, 1687.50, 1675.00, 1668.23, 595622, 9936.37, 46989, 293412, 49.26
UNIONBANK, EQ, 29-Sep-2026, 171.75, 172.00, 172.44, 166.00, 166.00, 166.00, 169.28, 19452924, 32929.94, 76090, 11594641, 59.60
UNIONGOLD, EQ, 29-Sep-2026, 142.95, 143.65, 143.65, 141.70, 143.15, 143.00, 142.83, 4431, 6.33, 153, 2585, 58.34
UNIPARTS, EQ, 29-Sep-2026, 837.10, 837.10, 847.50, 829.55, 846.95, 843.55, 840.88, 47603, 400.28, 5906, 25023, 52.57
UNITDSPR, EQ, 29-Sep-2026, 1415.40, 1408.00, 1414.20, 1356.10, 1363.00, 1363.00, 1367.47, 8761343, 119808.42, 93136, 6943269, 79.25
UNITECH, EQ, 29-Sep-2026, 3.95, 3.95, 4.00, 3.81, 3.92, 3.92, 3.90, 3452169, 134.56, 2745, 1910291, 55.34
UNITEDPOLY, EQ, 29-Sep-2026, 45.28, 46.23, 47.10, 45.00, 47.00, 46.87, 45.98, 136680, 62.85, 623, 86263, 63.11
UNITEDTEA, EQ, 29-Sep-2026, 425.05, 425.10, 429.65, 421.05, 421.10, 421.60, 425.07, 2379, 10.11, 43, 2174, 91.38
UNIVASTU, BE, 29-Sep-2026, 132.79, 132.79, 132.79, 126.16, 126.16, 126.63, 128.03, 68022, 87.09, 594, -, -
UNIVCABLES, EQ, 29-Sep-2026, 1427.10, 1427.10, 1479.90, 1404.40, 1459.60, 1468.40, 1448.48, 81266, 1177.12, 7886, 30607, 37.66
UNIVPHOTO, BE, 29-Sep-2026, 524.30, 524.30, 524.30, 500.00, 513.80, 513.80, 504.29, 195, 0.98, 21, -, -
UNOMINDA, EQ, 29-Sep-2026, 1173.00, 1173.30, 1179.00, 1149.50, 1162.00, 1162.00, 1164.31, 546120, 6358.55, 41904, 312458, 57.21
UPHOT, EQ, 29-Sep-2026, 1503.00, 1515.00, 1530.00, 1515.00, 1530.00, 1530.00, 1525.71, 35, 0.53, 5, 35, 100.00
UPL, EQ, 29-Sep-2026, 549.50, 546.00, 547.55, 532.60, 538.00, 538.00, 536.94, 3270756, 17561.98, 43801, 1724029, 52.71
URAVIDEF, BE, 29-Sep-2026, 102.50, 101.99, 104.55, 101.99, 104.55, 104.55, 102.70, 1254, 1.29, 21, -, -
URBAN, SM, 29-Sep-2026, 118.00, 118.00, 122.90, 117.40, 122.90, 122.80, 121.50, 10400, 12.64, 12, 8800, 84.62
URBANCO, EQ, 29-Sep-2026, 161.21, 161.00, 164.89, 158.60, 163.64, 163.71, 162.13, 3747128, 6075.22, 66672, 1464957, 39.10
URJA, EQ, 29-Sep-2026, 8.75, 8.75, 9.00, 8.55, 8.91, 8.90, 8.74, 675563, 59.04, 3071, 342619, 50.72
USASEEDS, SM, 29-Sep-2026, 85.10, 84.00, 89.00, 80.85, 89.00, 89.00, 84.28, 2568, 2.16, 6, 1712, 66.67
USHAFIN, ST, 29-Sep-2026, 53.50, 51.00, 51.00, 50.85, 50.85, 50.85, 50.95, 4800, 2.45, 3, 4800, 100.00
USHAMART, EQ, 29-Sep-2026, 508.00, 506.00, 509.35, 495.15, 498.50, 498.90, 503.06, 418393, 2104.79, 16132, 202799, 48.47
USK, EQ, 29-Sep-2026, 19.31, 19.70, 20.21, 19.06, 19.85, 19.57, 19.67, 21138, 4.16, 165, 14042, 66.43
UTIAMC, EQ, 29-Sep-2026, 893.90, 895.00, 907.90, 872.05, 873.25, 877.60, 880.70, 119110, 1049.00, 11356, 80772, 67.81
UTKAL, ST, 29-Sep-2026, 49.95, 47.50, 48.00, 47.50, 47.50, 47.50, 47.60, 10000, 4.76, 5, 8000, 80.00
UTKARSHBNK, EQ, 29-Sep-2026, 13.59, 13.56, 14.00, 13.26, 13.93, 13.91, 13.63, 5856546, 798.53, 5873, 2287069, 39.05
UTLSOLAR, EQ, 29-Sep-2026, 409.05, 405.05, 420.00, 395.05, 401.00, 407.70, 403.91, 276123, 1115.29, 13814, 143218, 51.87
UTSSAV, SM, 29-Sep-2026, 713.25, 711.00, 739.00, 711.00, 728.00, 731.45, 728.97, 38400, 279.93, 53, 19800, 51.56
UTTAMSUGAR, EQ, 29-Sep-2026, 294.75, 293.65, 293.90, 284.00, 290.75, 290.80, 288.84, 181656, 524.69, 6486, 47423, 26.11
UYFINCORP, BE, 29-Sep-2026, 19.79, 19.79, 20.77, 19.51, 20.77, 20.77, 20.62, 383165, 78.99, 407, -, -
V2RETAIL, EQ, 29-Sep-2026, 211.22, 211.93, 211.93, 207.00, 208.16, 209.43, 209.66, 697065, 1461.48, 15899, 362444, 52.00
VADILALIND, EQ, 29-Sep-2026, 7397.50, 7440.00, 7543.00, 7224.00, 7245.00, 7277.00, 7402.38, 9371, 693.68, 3570, 3987, 42.55
VADILENT, EQ, 29-Sep-2026, 10201.00, 10200.00, 10200.00, 10200.00, 10200.00, 10200.00, 10200.00, 2, 0.20, 2, 2, 100.00
VAIBHAVGBL, EQ, 29-Sep-2026, 199.72, 199.00, 204.49, 198.16, 203.60, 202.89, 202.06, 268287, 542.11, 7748, 130259, 48.55
VAISHALI, EQ, 29-Sep-2026, 8.50, 8.60, 8.94, 8.33, 8.40, 8.39, 8.46, 239530, 20.27, 310, 205418, 85.76
VAKRANGEE, EQ, 29-Sep-2026, 5.18, 5.27, 5.27, 5.08, 5.21, 5.18, 5.17, 869571, 44.94, 1701, 399454, 45.94
VAL30IETF, EQ, 29-Sep-2026, 14.57, 14.50, 14.62, 14.34, 14.58, 14.55, 14.45, 190527, 27.54, 715, 118316, 62.10
VALIANTLAB, BE, 29-Sep-2026, 118.97, 121.85, 122.80, 115.00, 122.60, 122.19, 119.43, 52840, 63.11, 368, -, -
VALIANTORG, EQ, 29-Sep-2026, 397.75, 395.00, 409.95, 380.90, 404.80, 404.60, 391.91, 59107, 231.65, 1630, 35760, 60.50
VALUE, EQ, 29-Sep-2026, 15.48, 15.47, 15.47, 15.30, 15.38, 15.40, 15.36, 37094, 5.70, 123, 21873, 58.97
VALUE360, SM, 29-Sep-2026, 56.15, 57.00, 57.00, 56.00, 56.00, 56.00, 56.67, 3600, 2.04, 3, 3600, 100.00
VALUEAXIS, EQ, 29-Sep-2026, 31.62, 32.41, 32.41, 31.07, 31.15, 31.19, 31.19, 273820, 85.41, 754, 198014, 72.32
VAML, EQ, 29-Sep-2026, 420.05, 420.15, 479.00, 416.55, 432.45, 434.45, 432.90, 56303173, 243738.96, 194649, 38919983, 69.13
VARDHACRLC, BE, 29-Sep-2026, 43.80, 44.01, 44.81, 43.25, 44.30, 44.24, 43.56, 12623, 5.50, 101, -, -
VARDMNPOLY, EQ, 29-Sep-2026, 5.80, 5.96, 6.09, 5.45, 5.79, 5.81, 5.85, 311301, 18.21, 329, 192350, 61.79
VARMORA, EQ, 29-Sep-2026, 148.00, 155.00, 163.77, 148.10, 149.41, 152.19, 154.56, 51633016, 79804.54, 269971, 18780422, 36.37
VARROC, EQ, 29-Sep-2026, 848.35, 846.00, 848.85, 826.95, 834.45, 837.40, 838.20, 339439, 2845.19, 27848, 135755, 39.99
VASCONEQ, EQ, 29-Sep-2026, 34.96, 35.05, 35.23, 33.01, 33.96, 33.97, 34.03, 707643, 240.80, 4626, 299288, 42.29
VASWANI, EQ, 29-Sep-2026, 44.62, 45.00, 47.00, 44.40, 44.42, 44.51, 45.24, 39639, 17.93, 329, 28797, 72.65
VBL, EQ, 29-Sep-2026, 430.00, 428.65, 432.90, 425.15, 430.00, 430.00, 430.23, 8308533, 35745.82, 80456, 5043063, 60.70
VCL, BE, 29-Sep-2026, 1.32, 1.26, 1.26, 1.26, 1.26, 1.26, 1.26, 208383, 2.63, 148, -, -
VDEAL, SM, 29-Sep-2026, 103.95, 104.20, 104.40, 101.10, 102.00, 102.95, 103.75, 33000, 34.24, 33, 28800, 87.27
VEDAVAAG, EQ, 29-Sep-2026, 22.93, 23.38, 23.38, 21.66, 22.30, 22.06, 22.26, 54384, 12.11, 285, 35438, 65.16
VEDL, EQ, 29-Sep-2026, 259.00, 259.00, 260.50, 256.10, 260.00, 260.00, 258.40, 9517563, 24593.49, 79787, 5441025, 57.17
VEDPOWER, EQ, 29-Sep-2026, 32.15, 32.17, 34.80, 31.80, 34.39, 34.25, 33.64, 35097382, 11807.87, 79004, 14708872, 41.91
VEEDOL, EQ, 29-Sep-2026, 1364.10, 1364.10, 1366.10, 1352.00, 1355.50, 1356.50, 1357.96, 6638, 90.14, 691, 3862, 58.18
VEEGALAND, BE, 29-Sep-2026, 140.62, 139.00, 141.90, 138.05, 141.40, 141.17, 139.94, 98618, 138.00, 1183, -, -
VEEKAYEM, SM, 29-Sep-2026, 101.40, 96.35, 105.95, 96.35, 100.00, 102.45, 100.56, 4000, 4.02, 8, 2000, 50.00
VELJAN, BE, 29-Sep-2026, 2044.20, 2000.00, 2094.00, 1942.00, 2030.00, 2082.70, 2048.32, 766, 15.69, 79, -, -
VENKEYS, EQ, 29-Sep-2026, 1632.80, 1625.00, 1640.70, 1599.00, 1638.10, 1633.00, 1620.56, 27001, 437.57, 3353, 12997, 48.14
VENTIVE, EQ, 29-Sep-2026, 558.90, 556.00, 563.40, 548.80, 560.60, 559.85, 556.51, 20278, 112.85, 1343, 10009, 49.36
VENUSPIPES, EQ, 29-Sep-2026, 2132.60, 2125.10, 2225.00, 2101.00, 2210.00, 2195.80, 2170.59, 163257, 3543.65, 15761, 65398, 40.06
VENUSREM, EQ, 29-Sep-2026, 1629.20, 1629.80, 1710.60, 1629.80, 1710.60, 1710.60, 1689.68, 44957, 759.63, 2391, 29967, 66.66
VERANDA, EQ, 29-Sep-2026, 238.02, 239.86, 239.91, 220.00, 222.40, 223.31, 224.27, 2104745, 4720.29, 15404, 1078523, 51.24
VERITAAS, SM, 29-Sep-2026, 28.00, 29.40, 29.40, 29.40, 29.40, 29.40, 29.40, 1200, 0.35, 1, 1200, 100.00
VERTIS, IV, 29-Sep-2026, 115.50, 116.70, 116.70, 116.70, 116.70, 116.70, 116.70, 425000, 495.98, 17, 425000, 100.00
VERTOZ, EQ, 29-Sep-2026, 36.17, 36.17, 37.29, 34.98, 35.90, 35.64, 35.55, 40122, 14.26, 454, 29228, 72.85
VESUVIUS, EQ, 29-Sep-2026, 385.40, 386.55, 433.80, 385.60, 397.50, 400.20, 413.00, 2664864, 11005.88, 73336, 492304, 18.47
VETO, EQ, 29-Sep-2026, 147.70, 147.70, 150.99, 143.25, 145.26, 146.25, 146.18, 109301, 159.77, 2652, 60983, 55.79
VGCL, EQ, 29-Sep-2026, 46.58, 46.85, 47.66, 46.58, 47.50, 47.50, 46.99, 1959, 0.92, 32, 1957, 99.90
VGINFOTECH, SM, 29-Sep-2026, 143.00, 143.00, 143.05, 140.95, 140.95, 140.95, 142.65, 17000, 24.25, 16, 17000, 100.00
VGL, EQ, 29-Sep-2026, 64.26, 64.80, 66.29, 63.00, 64.42, 64.73, 64.22, 35195, 22.60, 603, 21416, 60.85
VGUARD, EQ, 29-Sep-2026, 307.25, 305.40, 310.65, 302.80, 304.10, 307.05, 307.60, 269210, 828.08, 13049, 118756, 44.11
VHL, EQ, 29-Sep-2026, 3329.30, 3310.30, 3366.70, 3273.00, 3304.00, 3305.30, 3313.50, 284, 9.41, 123, 193, 67.96
VHLTD, BE, 29-Sep-2026, 128.28, 129.00, 132.00, 127.60, 130.14, 130.38, 130.36, 57692, 75.21, 177, -, -
VIAZ, SM, 29-Sep-2026, 79.00, 82.00, 82.00, 79.00, 80.50, 80.50, 80.86, 8000, 6.47, 4, 6000, 75.00
VICTORYEV, SM, 29-Sep-2026, 13.95, 13.65, 14.10, 13.50, 14.10, 13.95, 13.77, 24000, 3.30, 8, 18000, 75.00
VIDHIING, EQ, 29-Sep-2026, 354.00, 357.00, 361.15, 345.00, 359.90, 359.40, 357.39, 27204, 97.22, 1367, 22449, 82.52
VIDYAWIRES, EQ, 29-Sep-2026, 91.07, 92.90, 94.90, 89.41, 93.50, 93.54, 92.77, 1523338, 1413.22, 14776, 702118, 46.09
VIESL, SM, 29-Sep-2026, 364.25, 360.00, 370.05, 360.00, 363.00, 366.40, 365.47, 26400, 96.48, 32, 20000, 75.76
VIGOR, SM, 29-Sep-2026, 101.40, 103.95, 103.95, 94.85, 94.85, 94.85, 95.76, 30400, 29.11, 18, 24000, 78.95
VIJAYA, EQ, 29-Sep-2026, 1501.40, 1497.70, 1512.90, 1460.20, 1494.00, 1475.00, 1485.53, 80593, 1197.23, 14317, 46893, 58.18
VIJIFIN, BE, 29-Sep-2026, 16.09, 15.77, 15.77, 15.77, 15.77, 15.77, 15.77, 86783, 13.69, 97, -, -
VIJSOLX, EQ, 29-Sep-2026, 636.10, 636.90, 650.00, 636.90, 649.30, 649.30, 642.73, 11, 0.07, 5, 10, 90.91
VIKASECO, EQ, 29-Sep-2026, 1.03, 1.03, 1.04, 1.01, 1.03, 1.02, 1.02, 2234550, 22.82, 1763, 1278713, 57.22
VIKASLIFE, EQ, 29-Sep-2026, 1.23, 1.22, 1.24, 1.21, 1.22, 1.21, 1.22, 1887874, 23.07, 7891, 912521, 48.34
VIKRAMSOLR, EQ, 29-Sep-2026, 160.08, 163.92, 164.99, 160.00, 160.01, 160.05, 161.23, 4651540, 7499.71, 32823, 1061768, 22.83
VIKRAN, EQ, 29-Sep-2026, 57.26, 57.25, 63.00, 56.50, 60.78, 60.88, 60.71, 6766925, 4108.22, 39201, 992654, 14.67
VILAS, SM, 29-Sep-2026, 376.85, 373.10, 381.00, 363.00, 364.05, 365.55, 367.60, 40250, 147.96, 109, 32500, 80.75
VILINBIO, ST, 29-Sep-2026, 51.50, 53.85, 53.85, 53.85, 53.85, 53.85, 53.85, 4000, 2.15, 1, 4000, 100.00
VIMTALABS, EQ, 29-Sep-2026, 585.35, 585.00, 599.00, 583.05, 592.00, 591.40, 593.16, 171430, 1016.85, 10288, 48988, 28.58
VINATIORGA, EQ, 29-Sep-2026, 1191.00, 1195.00, 1210.90, 1172.40, 1173.40, 1174.30, 1184.39, 67018, 793.76, 11410, 31708, 47.31
VINCOFE, EQ, 29-Sep-2026, 179.97, 179.00, 184.00, 174.68, 182.10, 182.56, 179.43, 1354650, 2430.61, 16669, 563017, 41.56
VINDHYATEL, EQ, 29-Sep-2026, 2598.40, 2592.10, 2691.50, 2508.10, 2640.00, 2653.30, 2604.22, 59364, 1545.97, 10148, 21957, 36.99
VINEETLAB, EQ, 29-Sep-2026, 35.33, 35.89, 37.08, 34.85, 35.95, 36.72, 36.71, 917482, 336.82, 568, 902351, 98.35
VINNY, EQ, 29-Sep-2026, 0.91, 0.91, 0.92, 0.89, 0.91, 0.90, 0.90, 301852, 2.72, 234, 301752, 99.97
VINOD, ST, 29-Sep-2026, 62.55, 59.45, 59.45, 59.45, 59.45, 59.45, 59.45, 3600, 2.14, 3, 3600, 100.00
VINSYS, ST, 29-Sep-2026, 576.00, 580.00, 581.00, 577.00, 577.00, 577.00, 579.33, 750, 4.35, 3, 750, 100.00
VINYAS, SM, 29-Sep-2026, 1493.00, 1460.00, 1494.80, 1460.00, 1494.00, 1490.90, 1487.13, 12800, 190.35, 67, 10400, 81.25
VINYLINDIA, EQ, 29-Sep-2026, 218.59, 215.50, 221.80, 212.00, 216.00, 214.68, 215.90, 11038, 23.83, 448, 8723, 79.03
VIPCLOTHNG, EQ, 29-Sep-2026, 21.09, 21.78, 21.80, 20.21, 20.43, 20.44, 20.64, 34950, 7.21, 358, 19644, 56.21
VIPIND, EQ, 29-Sep-2026, 296.25, 295.65, 296.80, 289.15, 293.45, 293.20, 292.88, 126136, 369.43, 5822, 66144, 52.44
VIPULLTD, BE, 29-Sep-2026, 10.87, 11.41, 11.41, 10.85, 11.41, 11.36, 11.30, 222174, 25.11, 311, -, -
VIRAT, EQ, 29-Sep-2026, 358.40, 365.00, 374.90, 331.60, 340.00, 340.20, 348.12, 8054, 28.04, 550, 4804, 59.65
VIRINCHI, EQ, 29-Sep-2026, 13.72, 13.72, 14.00, 13.16, 13.39, 13.37, 13.45, 78601, 10.57, 469, 54786, 69.70
VIRTUALG, BE, 29-Sep-2026, 0.44, 0.45, 0.45, 0.42, 0.45, 0.43, 0.43, 268134, 1.17, 174, -, -
VISACHROME, EQ, 29-Sep-2026, 33.36, 33.36, 35.02, 31.81, 35.02, 35.02, 32.51, 1571547, 510.96, 100, 1567824, 99.76
VISAKAIND, BE, 29-Sep-2026, 87.21, 87.91, 88.01, 83.00, 86.12, 87.07, 85.33, 123072, 105.01, 760, -, -
VISAMAN, SM, 29-Sep-2026, 28.70, 27.30, 30.10, 27.30, 30.10, 30.10, 28.78, 202000, 58.13, 94, 146000, 72.28
VISDEM, SM, 29-Sep-2026, 93.00, 92.00, 92.00, 86.00, 92.00, 92.00, 90.80, 6000, 5.45, 5, 6000, 100.00
VISHAL, EQ, 29-Sep-2026, 17.86, 17.78, 18.20, 17.25, 17.90, 17.92, 17.83, 37725, 6.73, 233, 27590, 73.13
VISHNU, EQ, 29-Sep-2026, 691.95, 688.05, 696.80, 669.80, 676.85, 673.90, 681.59, 153858, 1048.68, 7229, 102764, 66.79
VISHNUINFR, SM, 29-Sep-2026, 143.50, 142.00, 148.50, 141.50, 148.50, 148.50, 147.81, 67500, 99.77, 20, 67500, 100.00
VISHWARAJ, EQ, 29-Sep-2026, 5.40, 5.43, 5.43, 5.24, 5.27, 5.26, 5.31, 206295, 10.96, 579, 134025, 64.97
VISHWAS, SM, 29-Sep-2026, 40.40, 42.40, 42.40, 42.40, 42.40, 42.40, 42.40, 3200, 1.36, 2, 3200, 100.00
VISL, EQ, 29-Sep-2026, 31.42, 31.40, 32.99, 31.10, 32.99, 32.85, 32.26, 21043260, 6789.04, 38415, 12087003, 57.44
VITAL, EQ, 29-Sep-2026, 54.06, 53.50, 53.90, 51.50, 51.80, 52.82, 52.28, 5574, 2.91, 79, 4319, 77.48
VIVIANA, EQ, 29-Sep-2026, 710.65, 709.30, 724.95, 700.00, 705.00, 704.70, 707.33, 16300, 115.30, 1118, 10252, 62.90
VIVIDEL, SM, 29-Sep-2026, 1686.05, 1692.00, 1775.00, 1615.05, 1730.00, 1738.10, 1715.99, 27360, 469.50, 90, 20640, 75.44
VIVIDHA, EQ, 29-Sep-2026, 0.52, 0.52, 0.53, 0.51, 0.53, 0.52, 0.53, 325093, 1.71, 127, 81844, 25.18
VIVIMEDLAB, BE, 29-Sep-2026, 5.66, 5.77, 5.77, 5.55, 5.55, 5.55, 5.55, 13423, 0.75, 21, -, -
VIVOBIOT, EQ, 29-Sep-2026, 16.26, 17.44, 17.44, 16.11, 16.87, 17.05, 16.81, 39020, 6.56, 348, 34984, 89.66
VIYASH, EQ, 29-Sep-2026, 241.00, 239.50, 245.90, 235.80, 238.45, 238.05, 240.24, 4039716, 9704.94, 51903, 2639234, 65.33
VLEGOV, EQ, 29-Sep-2026, 10.34, 10.33, 10.44, 10.15, 10.32, 10.20, 10.25, 41646, 4.27, 304, 31657, 76.01
VLINFRA, SM, 29-Sep-2026, 24.55, 24.30, 24.55, 24.15, 24.55, 24.55, 24.29, 9000, 2.19, 5, 9000, 100.00
VLSFINANCE, EQ, 29-Sep-2026, 237.40, 237.38, 237.40, 230.90, 233.00, 234.96, 233.77, 7305, 17.08, 338, 4394, 60.15
VMARCIND, SM, 29-Sep-2026, 310.80, 310.90, 323.90, 303.25, 315.00, 316.60, 312.11, 147000, 458.81, 92, 93000, 63.27
VMART, EQ, 29-Sep-2026, 766.50, 766.40, 769.80, 748.65, 754.35, 760.05, 758.13, 65456, 496.24, 10132, 28518, 43.57
VMM, EQ, 29-Sep-2026, 100.81, 100.81, 104.30, 98.00, 104.30, 104.30, 100.27, 15659999, 15702.89, 54467, 7618005, 48.65
VMOBILE, SM, 29-Sep-2026, 56.60, 58.90, 58.90, 57.00, 57.00, 57.00, 58.24, 8800, 5.13, 6, 8800, 100.00
VMSTMT, EQ, 29-Sep-2026, 48.25, 48.02, 49.99, 48.02, 48.89, 48.99, 48.99, 105910, 51.89, 1072, 59151, 55.85
VOEPL, EQ, 29-Sep-2026, 497.50, 495.15, 511.95, 491.90, 495.00, 497.95, 500.80, 45543, 228.08, 3069, 19789, 43.45
VOGL, EQ, 29-Sep-2026, 33.30, 33.30, 34.35, 32.93, 34.00, 33.96, 33.69, 40629240, 13685.96, 76922, 19024292, 46.82
VOITHPAPR, EQ, 29-Sep-2026, 1435.30, 1435.00, 1460.50, 1405.50, 1405.50, 1408.20, 1418.43, 242, 3.43, 35, 201, 83.06
VOLERCAR, SM, 29-Sep-2026, 221.00, 220.00, 220.00, 220.00, 220.00, 220.00, 220.00, 800, 1.76, 1, 800, 100.00
VOLTAMP, EQ, 29-Sep-2026, 10513.00, 10513.00, 10669.00, 10443.00, 10653.00, 10624.00, 10592.30, 10908, 1155.41, 5569, 4453, 40.82
VOLTAS, EQ, 29-Sep-2026, 1135.50, 1135.20, 1137.90, 1090.00, 1090.00, 1090.00, 1107.05, 1279969, 14169.92, 30136, 762064, 59.54
VPRPL, EQ, 29-Sep-2026, 31.09, 31.00, 32.80, 28.89, 29.19, 28.99, 30.42, 2626247, 798.88, 9087, 718873, 27.37
VR, SM, 29-Sep-2026, 95.50, 95.50, 95.50, 95.50, 95.50, 95.50, 95.50, 400, 0.38, 1, 400, 100.00
VRAJ, EQ, 29-Sep-2026, 124.66, 125.53, 127.69, 123.20, 125.40, 125.16, 125.00, 11399, 14.25, 802, 6948, 60.95
VRLLOG, EQ, 29-Sep-2026, 287.00, 285.50, 288.40, 281.50, 282.95, 282.40, 283.58, 166349, 471.73, 4664, 108306, 65.11
VSSL, EQ, 29-Sep-2026, 407.75, 410.50, 410.50, 397.80, 405.00, 405.85, 404.27, 64367, 260.21, 3858, 27142, 42.17
VSTIND, EQ, 29-Sep-2026, 204.00, 204.68, 204.80, 202.05, 203.00, 202.96, 203.10, 92063, 186.98, 3683, 45958, 49.92
VSTL, EQ, 29-Sep-2026, 111.23, 111.45, 111.95, 110.05, 111.01, 110.81, 110.76, 3440, 3.81, 152, 2895, 84.16
VSTTILLERS, EQ, 29-Sep-2026, 4307.30, 4285.80, 4488.00, 4232.20, 4436.00, 4427.40, 4340.98, 9068, 393.64, 2095, 3744, 41.29
VTL, EQ, 29-Sep-2026, 540.55, 540.50, 545.20, 526.70, 527.15, 529.55, 535.84, 501166, 2685.44, 19569, 308200, 61.50
VTMLTD, EQ, 29-Sep-2026, 38.07, 38.54, 41.77, 37.75, 41.76, 39.93, 39.11, 179086, 70.05, 2100, 91406, 51.04
WAAREEENER, EQ, 29-Sep-2026, 2455.00, 2455.00, 2460.00, 2380.00, 2380.00, 2380.00, 2409.69, 724573, 17459.98, 51147, 300105, 41.42
WAAREEINDO, EQ, 29-Sep-2026, 219.35, 218.60, 221.40, 208.45, 209.60, 210.65, 212.50, 172505, 366.57, 4501, 96177, 55.75
WAAREERTL, EQ, 29-Sep-2026, 826.05, 824.90, 827.70, 812.85, 822.50, 821.40, 820.98, 94415, 775.13, 10448, 47870, 50.70
WABAG, EQ, 29-Sep-2026, 1977.20, 1977.20, 2099.80, 1956.80, 2088.60, 2093.80, 2050.02, 703056, 14412.77, 56910, 259160, 36.86
WAKEFIT, EQ, 29-Sep-2026, 138.57, 139.01, 145.10, 136.70, 143.85, 144.06, 141.79, 435263, 617.15, 6653, 137118, 31.50
WALCHANNAG, EQ, 29-Sep-2026, 203.03, 202.15, 206.23, 198.95, 203.20, 203.24, 202.64, 432314, 876.06, 9954, 196673, 45.49
WALPAR, SM, 29-Sep-2026, 26.25, 24.95, 27.40, 24.95, 27.40, 27.40, 26.18, 4000, 1.05, 2, 4000, 100.00
WANBURY, EQ, 29-Sep-2026, 222.25, 221.80, 229.95, 216.05, 216.05, 216.95, 221.40, 242042, 535.89, 5297, 124552, 51.46
WARDINMOBI, EQ, 29-Sep-2026, 5.43, 5.54, 5.54, 5.16, 5.53, 5.49, 5.35, 314645, 16.85, 927, 259072, 82.34
WATERBASE, EQ, 29-Sep-2026, 44.56, 44.16, 50.30, 44.16, 47.20, 46.86, 47.11, 47588, 22.42, 373, 28604, 60.11
WCIL, EQ, 29-Sep-2026, 92.75, 92.20, 95.50, 89.51, 95.00, 94.91, 93.80, 231054, 216.73, 2107, 106535, 46.11
WEALTH, EQ, 29-Sep-2026, 832.80, 846.75, 918.00, 837.80, 882.05, 887.50, 882.38, 5500, 48.53, 571, 3020, 54.91
WEBELSOLAR, EQ, 29-Sep-2026, 71.75, 71.99, 71.99, 69.50, 70.55, 70.62, 70.36, 1776300, 1249.85, 13086, 1111254, 62.56
WEIZMANIND, EQ, 29-Sep-2026, 72.54, 72.50, 72.50, 69.51, 71.25, 70.86, 70.68, 3367, 2.38, 67, 3262, 96.88
WEL, EQ, 29-Sep-2026, 73.72, 73.75, 74.94, 71.00, 73.00, 72.57, 72.47, 346612, 251.18, 2398, 203909, 58.83
WELCORP, EQ, 29-Sep-2026, 2739.70, 2712.30, 2900.00, 2680.50, 2829.00, 2842.00, 2819.80, 3094471, 87257.90, 145547, 1202656, 38.86
WELENT, EQ, 29-Sep-2026, 749.50, 749.50, 769.50, 736.05, 742.90, 744.30, 749.36, 531075, 3979.64, 12956, 340405, 64.10
WELINV, BE, 29-Sep-2026, 2451.00, 2451.00, 2451.00, 2402.10, 2435.00, 2435.00, 2420.76, 48, 1.16, 6, -, -
WELSPLSOL, EQ, 29-Sep-2026, 53.81, 53.11, 54.46, 52.35, 52.79, 52.69, 52.89, 344119, 181.99, 2767, 188050, 54.65
WELSPUNLIV, EQ, 29-Sep-2026, 227.95, 226.21, 228.50, 222.62, 225.96, 225.21, 225.45, 1833544, 4133.68, 35703, 751028, 40.96
WENDT, EQ, 29-Sep-2026, 8459.00, 8490.50, 8651.00, 8340.00, 8401.50, 8395.00, 8451.52, 8552, 722.77, 2219, 3947, 46.15
WESTLIFE, EQ, 29-Sep-2026, 579.85, 579.85, 602.00, 570.20, 596.95, 596.60, 588.27, 286746, 1686.84, 36071, 120250, 41.94
WEWIN, EQ, 29-Sep-2026, 48.59, 48.59, 48.59, 47.50, 48.10, 48.10, 47.61, 2401, 1.14, 24, 2301, 95.84
WEWORK, EQ, 29-Sep-2026, 650.65, 645.65, 679.80, 641.30, 671.70, 667.15, 664.26, 204957, 1361.45, 17794, 118870, 58.00
WHBRADY, EQ, 29-Sep-2026, 491.00, 491.00, 491.00, 491.00, 491.00, 491.00, 491.00, 2, 0.01, 2, 2, 100.00
WHEELS, EQ, 29-Sep-2026, 2323.80, 2300.00, 2300.00, 2191.00, 2209.00, 2204.00, 2237.56, 138348, 3095.62, 11699, 46529, 33.63
WHIRLPOOL, EQ, 29-Sep-2026, 917.10, 912.55, 912.55, 873.00, 875.10, 888.20, 890.35, 1761949, 15687.56, 57696, 347214, 19.71
WILLAMAGOR, EQ, 29-Sep-2026, 22.11, 23.45, 23.45, 21.21, 22.94, 22.31, 22.05, 4087, 0.90, 129, 2881, 70.49
WINDLAS, EQ, 29-Sep-2026, 1102.55, 1090.05, 1123.95, 1085.00, 1094.10, 1096.25, 1104.60, 109383, 1208.25, 13365, 48846, 44.66
WINDMACHIN, EQ, 29-Sep-2026, 300.25, 298.10, 304.90, 290.95, 300.00, 300.00, 299.19, 158312, 473.66, 1219, 105409, 66.58
WINSOL, SM, 29-Sep-2026, 106.45, 100.85, 110.80, 100.85, 110.00, 108.75, 109.36, 21200, 23.18, 31, 17200, 81.13
WIPL, EQ, 29-Sep-2026, 166.74, 166.70, 169.90, 163.22, 165.00, 163.72, 165.28, 418, 0.69, 27, 265, 63.40
WIPRO, EQ, 29-Sep-2026, 161.56, 161.00, 162.43, 156.79, 156.79, 156.79, 157.06, 164453787, 258286.96, 147207, 144035654, 87.58
WOCKPHARMA, EQ, 29-Sep-2026, 2187.60, 2199.00, 2255.00, 2148.00, 2189.70, 2194.20, 2188.70, 1274737, 27900.21, 80496, 410319, 32.19
WOL3D, SM, 29-Sep-2026, 130.70, 134.00, 137.20, 134.00, 137.20, 137.20, 136.58, 9000, 12.29, 9, 7000, 77.78
WOMANCART, ST, 29-Sep-2026, 99.20, 100.25, 100.25, 95.70, 98.40, 98.40, 97.28, 9200, 8.95, 23, 6000, 65.22
WONDERLA, EQ, 29-Sep-2026, 505.55, 504.00, 504.95, 491.25, 500.50, 501.45, 500.05, 43971, 219.88, 2445, 25909, 58.92
WORTHPERI, EQ, 29-Sep-2026, 146.86, 143.16, 147.00, 142.05, 143.20, 144.85, 146.56, 20329, 29.79, 206, 17914, 88.12
WPIL, EQ, 29-Sep-2026, 422.35, 422.35, 438.90, 416.00, 427.30, 431.50, 430.64, 53460, 230.22, 3546, 32972, 61.68
WSI, EQ, 29-Sep-2026, 55.70, 55.97, 56.31, 55.11, 55.62, 55.62, 55.61, 8869, 4.93, 144, 8462, 95.41
WSTCSTPAPR, EQ, 29-Sep-2026, 722.35, 724.00, 724.90, 694.00, 694.00, 703.45, 709.98, 169050, 1200.21, 9993, 92222, 54.55
WTICAB, SM, 29-Sep-2026, 97.50, 95.00, 98.20, 95.00, 98.00, 98.00, 97.27, 9500, 9.24, 17, 7000, 73.68
XCHANGING, EQ, 29-Sep-2026, 60.04, 60.89, 60.89, 59.20, 60.62, 60.22, 59.89, 37926, 22.72, 783, 26771, 70.59
XELPMOC, EQ, 29-Sep-2026, 89.57, 89.20, 91.90, 83.56, 86.10, 85.53, 87.21, 34299, 29.91, 754, 19533, 56.95
XPROINDIA, EQ, 29-Sep-2026, 1142.20, 1142.20, 1170.00, 1121.20, 1170.00, 1160.40, 1148.38, 43568, 500.33, 4402, 26150, 60.02
XTGLOBAL, EQ, 29-Sep-2026, 28.91, 29.00, 31.00, 29.00, 29.85, 29.43, 29.64, 25775, 7.64, 190, 8207, 31.84
XTRANET, EQ, 29-Sep-2026, 285.76, 285.97, 285.97, 271.48, 271.48, 271.48, 276.72, 730316, 2020.92, 10261, 384406, 52.64
YAAP, SM, 29-Sep-2026, 123.05, 123.05, 123.05, 120.10, 121.00, 121.05, 121.61, 9000, 10.94, 9, 9000, 100.00
YASHO, EQ, 29-Sep-2026, 4117.90, 4100.00, 4117.50, 3965.00, 4040.50, 4061.30, 4031.74, 21869, 881.70, 4473, 9800, 44.81
YASHOPTICS, SM, 29-Sep-2026, 131.25, 131.25, 131.25, 130.00, 130.00, 130.00, 130.25, 10400, 13.55, 10, 10400, 100.00
YATHARTH, EQ, 29-Sep-2026, 1100.40, 1091.00, 1117.50, 1085.00, 1111.00, 1108.00, 1103.32, 309227, 3411.76, 21405, 140441, 45.42
YATRA, EQ, 29-Sep-2026, 101.67, 102.20, 102.32, 98.52, 101.85, 101.37, 100.75, 769697, 775.45, 13007, 280348, 36.42
YESBANK, EQ, 29-Sep-2026, 21.18, 21.18, 21.33, 20.71, 20.71, 20.71, 20.98, 137347987, 28809.25, 95584, 76968394, 56.04
YOGI, EQ, 29-Sep-2026, 162.00, 162.00, 162.00, 156.00, 156.00, 156.67, 158.02, 850, 1.34, 171, 850, 100.00
YUDIZ, SM, 29-Sep-2026, 23.00, 22.00, 22.00, 21.90, 21.90, 21.90, 21.93, 2400, 0.53, 3, 2400, 100.00
YUKEN, EQ, 29-Sep-2026, 1125.85, 1121.70, 1141.00, 1103.10, 1126.00, 1130.70, 1122.00, 15657, 175.67, 1456, 8368, 53.45
ZAGGLE, EQ, 29-Sep-2026, 175.55, 175.00, 176.26, 172.25, 173.98, 173.84, 173.78, 563415, 979.09, 9125, 239804, 42.56
ZEAL, SM, 29-Sep-2026, 76.25, 79.95, 79.95, 72.55, 72.55, 75.45, 76.95, 1800, 1.39, 3, 1200, 66.67
ZEEL, EQ, 29-Sep-2026, 76.50, 76.50, 76.85, 73.31, 73.58, 74.14, 74.46, 15872606, 11818.55, 56261, 5541222, 34.91
ZEELEARN, EQ, 29-Sep-2026, 6.65, 6.78, 6.85, 6.01, 6.36, 6.25, 6.42, 562426, 36.12, 1020, 378149, 67.24
ZEEMEDIA, EQ, 29-Sep-2026, 7.29, 7.29, 7.30, 7.01, 7.23, 7.18, 7.18, 936126, 67.18, 1711, 559515, 59.77
ZENITHDRUG, SM, 29-Sep-2026, 42.80, 42.80, 45.35, 42.80, 44.50, 44.50, 44.22, 7200, 3.18, 9, 7200, 100.00
ZENITHEXPO, EQ, 29-Sep-2026, 203.00, 203.00, 203.00, 193.40, 200.00, 199.53, 199.11, 53, 0.11, 10, 31, 58.49
ZENITHSTL, EQ, 29-Sep-2026, 5.17, 5.22, 5.23, 5.03, 5.23, 5.19, 5.15, 78952, 4.07, 187, 73590, 93.21
ZENSARTECH, EQ, 29-Sep-2026, 436.70, 436.90, 438.90, 427.50, 429.05, 429.00, 432.35, 677413, 2928.78, 26943, 233561, 34.48
ZENTEC, EQ, 29-Sep-2026, 1642.80, 1642.00, 1649.20, 1606.00, 1623.70, 1619.80, 1622.84, 305781, 4962.33, 26087, 110116, 36.01
ZFCVINDIA, EQ, 29-Sep-2026, 2332.80, 2325.00, 2331.40, 2285.00, 2302.00, 2297.80, 2299.28, 85803, 1972.85, 14584, 53443, 62.29
ZFSTEERING, EQ, 29-Sep-2026, 729.70, 750.00, 750.00, 708.65, 710.00, 710.85, 715.97, 3274, 23.44, 436, 1795, 54.83
ZIMLAB, EQ, 29-Sep-2026, 137.55, 137.55, 138.10, 132.00, 133.50, 134.89, 135.11, 123508, 166.88, 2501, 64304, 52.06
ZODIAC, EQ, 29-Sep-2026, 219.20, 227.99, 227.99, 201.35, 213.06, 208.60, 210.03, 44250, 92.94, 2972, 21301, 48.14
ZODIACLOTH, EQ, 29-Sep-2026, 69.00, 68.05, 69.99, 68.01, 68.03, 68.23, 68.39, 1648, 1.13, 32, 1144, 69.42
ZOTA, EQ, 29-Sep-2026, 1322.20, 1315.60, 1346.90, 1291.00, 1291.50, 1300.20, 1314.54, 53539, 703.79, 3727, 30557, 57.07
ZSARACOM, EQ, 29-Sep-2026, 10008.00, 10058.00, 10299.00, 9834.00, 10255.00, 10233.00, 10205.67, 30, 3.06, 25, 19, 63.33
ZTECH, SM, 29-Sep-2026, 428.05, 429.00, 437.50, 425.00, 426.50, 431.25, 432.76, 8700, 37.65, 28, 6300, 72.41
ZUARI, EQ, 29-Sep-2026, 217.12, 215.40, 222.47, 213.16, 220.80, 221.66, 218.89, 56240, 123.11, 2066, 35871, 63.78
ZUARIIND, EQ, 29-Sep-2026, 276.85, 278.50, 283.85, 272.55, 278.30, 281.85, 278.22, 56493, 157.17, 2063, 30464, 53.93
ZYDUSLIFE, EQ, 29-Sep-2026, 1215.00, 1217.60, 1232.10, 1200.50, 1200.50, 1200.50, 1215.48, 2372609, 28838.58, 54249, 1224775, 51.62
ZYDUSWELL, EQ, 29-Sep-2026, 524.40, 523.55, 528.80, 503.05, 515.00, 506.10, 517.34, 308220, 1594.55, 19210, 149031, 48.35
