SYMBOL, SERIES, DATE1, PREV_CLOSE, OPEN_PRICE, HIGH_PRICE, LOW_PRICE, LAST_PRICE, CLOSE_PRICE, AVG_PRICE, TTL_TRD_QNTY, TURNOVER_LACS, NO_OF_TRADES, DELIV_QTY, DELIV_PER
20MICRONS, EQ, 06-Oct-2026, 204.61, 204.61, 208.80, 204.13, 208.80, 207.87, 206.90, 42040, 86.98, 1498, 21580, 51.33
21STCENMGM, EQ, 06-Oct-2026, 37.61, 37.98, 38.36, 37.24, 38.36, 38.36, 38.31, 4200, 1.61, 27, 4054, 96.52
360ONE, EQ, 06-Oct-2026, 1050.00, 1057.80, 1074.50, 1050.00, 1069.50, 1069.50, 1067.79, 734690, 7844.94, 42184, 488814, 66.53
3BBLACKBIO, EQ, 06-Oct-2026, 1624.70, 1644.90, 1656.40, 1563.50, 1572.30, 1575.10, 1588.89, 13616, 216.34, 2025, 6259, 45.97
3IINFOLTD, BE, 06-Oct-2026, 22.62, 22.95, 23.10, 22.51, 22.85, 22.81, 22.86, 64288, 14.69, 450, -, -
3MINDIA, EQ, 06-Oct-2026, 30400.00, 30800.00, 30950.00, 30435.00, 30940.00, 30840.00, 30683.45, 1680, 515.48, 1139, 788, 46.90
3PLAND, EQ, 06-Oct-2026, 30.48, 30.78, 31.00, 30.11, 30.95, 30.75, 30.28, 365, 0.11, 34, 317, 86.85
574GS2026, GS, 06-Oct-2026, 101.71, 102.49, 102.49, 101.73, 102.49, 102.49, 102.49, 1066, 1.09, 4, 1065, 99.91
591GS2028, GS, 06-Oct-2026, 99.80, 99.80, 99.80, 99.80, 99.80, 99.80, 99.80, 100, 0.10, 1, 100, 100.00
5PAISA, EQ, 06-Oct-2026, 360.90, 358.10, 358.10, 346.65, 349.95, 349.70, 350.87, 136027, 477.27, 5436, 47678, 35.05
601GS2030, GS, 06-Oct-2026, 98.00, 96.31, 97.10, 96.31, 97.10, 97.10, 96.71, 800, 0.77, 4, 400, 50.00
603GS2029, GS, 06-Oct-2026, 99.25, 98.01, 98.01, 98.01, 98.01, 98.01, 98.01, 100, 0.10, 1, 100, 100.00
610GS2031, GS, 06-Oct-2026, 99.75, 99.49, 99.49, 99.49, 99.49, 99.49, 99.49, 2, 0.00, 2, 2, 100.00
620GS2029, GS, 06-Oct-2026, 97.80, 98.00, 98.00, 98.00, 98.00, 98.00, 98.00, 100, 0.10, 1, 100, 100.00
636GS2031, GS, 06-Oct-2026, 99.50, 99.50, 99.50, 99.40, 99.50, 99.50, 99.49, 752, 0.75, 5, 752, 100.00
63MOONS, EQ, 06-Oct-2026, 789.75, 787.00, 796.00, 786.05, 794.00, 792.95, 790.90, 87123, 689.05, 4288, 42615, 48.91
648GS2035, GS, 06-Oct-2026, 97.00, 95.20, 97.00, 93.61, 96.00, 96.00, 95.53, 14082, 13.45, 26, 11839, 84.07
653GS2031, GS, 06-Oct-2026, 99.80, 99.80, 99.80, 99.80, 99.80, 99.80, 99.80, 2004, 2.00, 1, 2004, 100.00
654GS2032, GS, 06-Oct-2026, 99.25, 99.50, 99.50, 98.90, 98.90, 98.90, 99.01, 20002, 19.80, 3, 20001, 100.00
657GS2033A, GS, 06-Oct-2026, 99.00, 99.00, 99.00, 98.00, 98.00, 98.00, 98.78, 900, 0.89, 3, 900, 100.00
664GS2027, GS, 06-Oct-2026, 102.74, 101.71, 101.71, 101.71, 101.71, 101.71, 101.71, 100, 0.10, 1, 100, 100.00
667GS2050, GS, 06-Oct-2026, 91.95, 91.50, 91.50, 91.50, 91.50, 91.50, 91.50, 51, 0.05, 2, 51, 100.00
668GS2033, GS, 06-Oct-2026, 98.00, 99.05, 99.05, 99.05, 99.05, 99.05, 99.05, 1500, 1.49, 1, 1500, 100.00
668GS2040, GS, 06-Oct-2026, 96.00, 97.50, 97.50, 97.30, 97.40, 97.40, 97.49, 13957, 13.61, 8, 13927, 99.79
676GS2061, GS, 06-Oct-2026, 89.44, 89.60, 89.60, 88.67, 89.48, 89.48, 89.43, 1793, 1.60, 25, 1718, 95.82
679GS2034, GS, 06-Oct-2026, 101.50, 99.00, 99.00, 97.80, 97.80, 97.80, 98.80, 1149, 1.14, 6, 1149, 100.00
68GS2060, GS, 06-Oct-2026, 91.20, 91.85, 91.85, 91.00, 91.00, 91.00, 91.05, 347, 0.32, 17, 345, 99.42
690GS2065, GS, 06-Oct-2026, 93.23, 93.50, 93.50, 92.52, 92.60, 92.60, 92.78, 10560, 9.80, 24, 10460, 99.05
692GS2039, GS, 06-Oct-2026, 99.00, 99.00, 99.00, 99.00, 99.00, 99.00, 99.00, 6, 0.01, 1, 6, 100.00
694GS2036, GS, 06-Oct-2026, 102.26, 101.30, 101.30, 101.30, 101.30, 101.30, 101.30, 550, 0.56, 3, 550, 100.00
695GS2061, GS, 06-Oct-2026, 91.52, 93.00, 93.00, 91.50, 92.79, 92.79, 91.59, 1008, 0.92, 7, 1001, 99.31
697GR2034, GS, 06-Oct-2026, 97.00, 97.50, 97.60, 97.50, 97.60, 97.60, 97.52, 12000, 11.70, 5, 12000, 100.00
699GS2051, GS, 06-Oct-2026, 96.70, 96.39, 96.39, 96.39, 96.39, 96.39, 96.39, 2764, 2.66, 2, 2764, 100.00
702GS2027, GS, 06-Oct-2026, 102.45, 102.30, 102.45, 102.30, 102.45, 102.45, 102.32, 2673, 2.74, 7, 2673, 100.00
704GS2029, GS, 06-Oct-2026, 102.50, 102.70, 102.70, 102.70, 102.70, 102.70, 102.70, 3650, 3.75, 2, 3650, 100.00
706GS2028, GS, 06-Oct-2026, 103.50, 103.50, 103.50, 103.50, 103.50, 103.50, 103.50, 3969, 4.11, 3, 3969, 100.00
706GS2041, GS, 06-Oct-2026, 99.69, 99.55, 99.56, 97.25, 97.25, 97.25, 99.31, 1202, 1.19, 6, 1102, 91.68
709GS2054, GS, 06-Oct-2026, 95.00, 96.00, 96.00, 95.00, 95.50, 95.50, 95.49, 1004, 0.96, 5, 1002, 99.80
709GS2074, GS, 06-Oct-2026, 94.83, 94.80, 94.82, 94.46, 94.76, 94.76, 94.65, 5928, 5.61, 24, 4028, 67.95
710GS2029, GS, 06-Oct-2026, 103.15, 103.95, 103.95, 103.90, 103.90, 103.90, 103.94, 352, 0.37, 5, 352, 100.00
716GS2050, GS, 06-Oct-2026, 99.70, 97.79, 97.79, 96.69, 96.69, 96.69, 96.93, 3581, 3.47, 5, 3581, 100.00
717GS2030, GS, 06-Oct-2026, 103.35, 102.26, 103.05, 102.26, 103.05, 103.05, 102.26, 1502, 1.54, 2, 1502, 100.00
718GS2033, GS, 06-Oct-2026, 101.20, 101.00, 101.80, 100.90, 101.80, 101.80, 101.33, 4920, 4.99, 6, 2838, 57.68
718GS2037, GS, 06-Oct-2026, 101.12, 101.01, 102.48, 101.00, 101.35, 101.11, 101.18, 62563, 63.30, 34, 45149, 72.17
71GS2034, GS, 06-Oct-2026, 103.38, 103.00, 103.00, 103.00, 103.00, 103.00, 103.00, 250, 0.26, 1, 250, 100.00
724GS2055, GS, 06-Oct-2026, 96.00, 96.26, 96.26, 95.26, 96.20, 96.20, 95.82, 44348, 42.49, 52, 41858, 94.39
725GS2063, GS, 06-Oct-2026, 96.61, 96.50, 96.50, 96.00, 96.33, 96.33, 96.25, 70428, 67.79, 75, 66428, 94.32
726GS2032, GS, 06-Oct-2026, 100.52, 101.50, 101.75, 100.10, 100.86, 100.98, 101.19, 13670, 13.83, 8, 13520, 98.90
726GS2033, GS, 06-Oct-2026, 100.82, 101.59, 101.59, 101.59, 101.59, 101.59, 101.59, 957, 0.97, 1, 957, 100.00
732GS2030, GS, 06-Oct-2026, 103.43, 103.50, 103.50, 103.50, 103.50, 103.50, 103.50, 100, 0.10, 1, 100, 100.00
733GS2026, GS, 06-Oct-2026, 102.82, 102.84, 102.84, 102.84, 102.84, 102.84, 102.84, 150, 0.15, 1, 150, 100.00
734GS2064, GS, 06-Oct-2026, 98.65, 98.90, 98.90, 98.60, 98.70, 98.68, 98.75, 145886, 144.06, 69, 143977, 98.69
735NABAR31, N1, 06-Oct-2026, 1110.00, 1111.05, 1111.05, 1111.05, 1111.05, 1111.05, 1111.05, 100, 1.11, 1, 100, 100.00
736GS2052, GS, 06-Oct-2026, 98.45, 98.45, 98.45, 98.45, 98.45, 98.45, 98.45, 3, 0.00, 1, 3, 100.00
737GS2028, GS, 06-Oct-2026, 104.00, 104.00, 104.02, 104.00, 104.02, 104.02, 104.00, 3031, 3.15, 4, 3031, 100.00
738GS2027, GS, 06-Oct-2026, 102.81, 102.85, 103.00, 102.50, 102.65, 102.66, 102.66, 36430, 37.40, 25, 35599, 97.72
73GS2053, GS, 06-Oct-2026, 97.31, 98.00, 98.00, 97.05, 97.20, 97.09, 97.14, 9407, 9.14, 45, 9406, 99.99
741GS2036, GS, 06-Oct-2026, 103.00, 104.50, 104.50, 103.25, 103.49, 103.30, 103.42, 4220, 4.36, 11, 4220, 100.00
743GS2076, GS, 06-Oct-2026, 98.30, 98.79, 98.79, 97.73, 97.95, 97.80, 97.96, 94815, 92.88, 145, 93115, 98.21
74GS2062, GS, 06-Oct-2026, 98.00, 98.50, 98.50, 98.00, 98.00, 98.00, 98.00, 1162, 1.14, 14, 1162, 100.00
750GS2056, GS, 06-Oct-2026, 101.00, 101.50, 101.50, 98.40, 98.40, 99.26, 100.19, 910, 0.91, 11, 910, 100.00
754GS2036, GS, 06-Oct-2026, 104.67, 104.90, 105.00, 104.50, 104.95, 104.57, 104.66, 469874, 491.77, 180, 458140, 97.50
763GS2056, GS, 06-Oct-2026, 100.20, 100.50, 100.50, 100.05, 100.25, 100.27, 100.33, 12564, 12.61, 29, 12564, 100.00
771GS2066, GS, 06-Oct-2026, 103.29, 103.25, 103.25, 102.51, 102.90, 102.94, 102.97, 3117, 3.21, 23, 3018, 96.82
772GS2049, GS, 06-Oct-2026, 104.00, 106.22, 107.01, 106.22, 107.01, 107.01, 106.64, 225, 0.24, 4, 225, 100.00
795GS2032, GS, 06-Oct-2026, 102.35, 103.00, 103.10, 103.00, 103.10, 103.10, 103.06, 25500, 26.28, 6, 25500, 100.00
897GS2030, GS, 06-Oct-2026, 115.00, 115.00, 115.00, 115.00, 115.00, 115.00, 115.00, 1, 0.00, 1, 1, 100.00
92GS2030, GS, 06-Oct-2026, 108.90, 109.85, 109.85, 108.00, 109.00, 108.99, 108.50, 15204, 16.50, 39, 12099, 79.58
A2ZINFRA, EQ, 06-Oct-2026, 13.76, 13.87, 14.19, 13.45, 13.90, 14.00, 13.79, 316196, 43.59, 1596, 111112, 35.14
AAATECH, EQ, 06-Oct-2026, 95.44, 95.00, 107.90, 94.96, 105.00, 103.53, 103.22, 424175, 437.84, 3428, 256704, 60.52
AADHARHFC, EQ, 06-Oct-2026, 453.70, 454.85, 459.00, 451.60, 453.00, 453.80, 455.16, 259527, 1181.26, 11376, 151631, 58.43
AAKAAR, SM, 06-Oct-2026, 65.00, 68.00, 68.00, 65.55, 65.55, 65.55, 66.78, 3200, 2.14, 2, 3200, 100.00
AAKASH, EQ, 06-Oct-2026, 8.44, 8.40, 8.60, 6.86, 8.21, 8.21, 7.98, 248778, 19.86, 889, 173292, 69.66
AARADHYA, ST, 06-Oct-2026, 128.65, 124.10, 131.00, 124.10, 124.60, 124.60, 127.03, 48000, 60.97, 10, 48000, 100.00
AAREYDRUGS, EQ, 06-Oct-2026, 104.07, 104.00, 108.98, 101.01, 108.05, 107.85, 106.59, 184313, 196.45, 1416, 137466, 74.58
AARNAV, BE, 06-Oct-2026, 36.49, 36.23, 38.00, 35.01, 37.49, 37.31, 37.04, 47378, 17.55, 142, -, -
AARON, EQ, 06-Oct-2026, 122.25, 123.63, 125.49, 122.00, 123.29, 122.31, 122.86, 5775, 7.10, 210, 3480, 60.26
AARTECH, BE, 06-Oct-2026, 47.30, 47.49, 47.85, 46.00, 47.20, 47.33, 46.90, 36404, 17.07, 261, -, -
AARTIDRUGS, EQ, 06-Oct-2026, 415.00, 421.15, 430.25, 414.10, 428.00, 428.80, 424.17, 132855, 563.53, 5866, 52284, 39.35
AARTIIND, EQ, 06-Oct-2026, 470.85, 475.00, 490.00, 471.00, 482.00, 481.15, 482.97, 755429, 3648.52, 29481, 271331, 35.92
AARTIPHARM, EQ, 06-Oct-2026, 946.60, 954.00, 987.00, 954.00, 980.00, 975.00, 972.52, 537274, 5225.08, 35243, 258200, 48.06
AARTISURF, BE, 06-Oct-2026, 493.00, 493.00, 509.90, 488.00, 505.00, 505.45, 502.81, 7452, 37.47, 205, -, -
AARVI, EQ, 06-Oct-2026, 135.18, 135.18, 139.58, 135.10, 138.01, 138.82, 137.75, 1895, 2.61, 73, 1770, 93.40
AASTHA, EQ, 06-Oct-2026, 30.83, 29.81, 30.74, 29.29, 29.79, 29.54, 29.83, 961865, 286.90, 5155, 557036, 57.91
AATMAJ, SM, 06-Oct-2026, 21.95, 20.55, 23.50, 20.55, 21.55, 21.55, 22.41, 12000, 2.69, 6, 10000, 83.33
AAVAS, EQ, 06-Oct-2026, 1219.50, 1209.00, 1232.00, 1174.00, 1214.00, 1215.10, 1209.81, 34464, 416.95, 7511, 13973, 40.54
ABAN, BE, 06-Oct-2026, 16.12, 16.92, 16.92, 16.92, 16.92, 16.92, 16.92, 17386, 2.94, 70, -, -
ABANSENT, EQ, 06-Oct-2026, 27.11, 27.87, 28.30, 26.65, 27.22, 27.51, 27.63, 10512, 2.90, 96, 6333, 60.25
ABB, EQ, 06-Oct-2026, 6895.00, 6899.00, 7140.50, 6873.00, 7122.50, 7122.50, 7082.73, 241531, 17107.00, 29620, 107786, 44.63
ABBOTINDIA, EQ, 06-Oct-2026, 26240.00, 26240.00, 26550.00, 25955.00, 26130.00, 26115.00, 26118.22, 12533, 3273.40, 3688, 8338, 66.53
ABCAPITAL, EQ, 06-Oct-2026, 377.40, 377.80, 378.90, 372.30, 378.90, 378.90, 376.33, 4873650, 18341.25, 42289, 3427340, 70.32
ABCOTS, EQ, 06-Oct-2026, 195.98, 197.50, 197.50, 192.25, 193.10, 193.34, 193.35, 2483, 4.80, 84, 1901, 76.56
ABDL, EQ, 06-Oct-2026, 696.75, 700.25, 727.85, 691.55, 713.00, 714.65, 717.03, 701809, 5032.18, 32200, 286317, 40.80
ABFRL, EQ, 06-Oct-2026, 44.34, 44.47, 47.39, 44.47, 45.60, 45.68, 46.38, 10464192, 4853.41, 43425, 2193239, 20.96
ABGSEC, EQ, 06-Oct-2026, 113.53, 113.38, 113.38, 112.92, 112.93, 112.93, 113.06, 23, 0.03, 5, 14, 60.87
ABH, SM, 06-Oct-2026, 43.50, 45.55, 45.65, 45.40, 45.65, 45.65, 45.60, 30000, 13.68, 25, 20400, 68.00
ABINFRA, BE, 06-Oct-2026, 12.35, 12.60, 12.80, 12.10, 12.25, 12.25, 12.25, 134357, 16.45, 223, -, -
ABLBL, EQ, 06-Oct-2026, 73.37, 73.25, 75.90, 72.66, 73.57, 73.16, 74.26, 3207943, 2382.18, 19269, 1646383, 51.32
ABMINTLLTD, BE, 06-Oct-2026, 45.00, 42.80, 43.32, 42.80, 43.31, 43.31, 43.12, 348, 0.15, 15, -, -
ABMKNO, EQ, 06-Oct-2026, 165.85, 165.85, 169.00, 161.20, 165.21, 165.87, 165.92, 1818, 3.02, 44, 1580, 86.91
ABREL, EQ, 06-Oct-2026, 1082.60, 1089.80, 1104.00, 1074.70, 1080.00, 1078.00, 1085.90, 178357, 1936.78, 15746, 107752, 60.41
ABSL10BANK, EQ, 06-Oct-2026, 162.01, 162.70, 163.34, 162.70, 163.10, 163.10, 163.17, 305, 0.50, 6, 305, 100.00
ABSLAMC, EQ, 06-Oct-2026, 1028.55, 1026.00, 1034.00, 1005.70, 1010.00, 1009.65, 1017.50, 213335, 2170.68, 28102, 122157, 57.26
ABSLBANETF, EQ, 06-Oct-2026, 56.03, 56.59, 56.60, 56.26, 56.60, 56.46, 56.47, 20864, 11.78, 178, 16314, 78.19
ABSLLIQUID, EQ, 06-Oct-2026, 999.99, 999.99, 1000.01, 999.99, 999.99, 999.99, 1000.00, 5079, 50.79, 18, 4613, 90.82
ABSLMSCIN, EQ, 06-Oct-2026, 27.72, 27.92, 28.01, 27.82, 27.82, 27.82, 27.92, 616, 0.17, 7, 422, 68.51
ABSLNN50ET, EQ, 06-Oct-2026, 72.69, 72.30, 77.00, 72.20, 73.64, 75.28, 74.34, 9901, 7.36, 168, 8217, 82.99
ABSLPSE, EQ, 06-Oct-2026, 9.70, 9.70, 9.78, 9.66, 9.76, 9.75, 9.72, 34740, 3.38, 303, 32126, 92.48
ABSMARINE, SM, 06-Oct-2026, 327.05, 327.00, 332.40, 325.10, 325.30, 325.60, 328.66, 19000, 62.44, 36, 14500, 76.32
ACC, EQ, 06-Oct-2026, 1184.40, 1186.10, 1191.80, 1174.00, 1177.00, 1177.00, 1184.31, 62747, 743.12, 7789, 28005, 44.63
ACCELYA, EQ, 06-Oct-2026, 1105.30, 1115.00, 1125.00, 1090.00, 1091.00, 1097.50, 1105.14, 64134, 708.77, 4475, 46351, 72.27
ACCENTMIC, SM, 06-Oct-2026, 662.90, 661.00, 667.60, 660.55, 663.00, 662.80, 664.91, 73000, 485.38, 117, 63500, 86.99
ACCPL, ST, 06-Oct-2026, 194.05, 190.80, 194.00, 184.40, 193.95, 193.95, 190.24, 16800, 31.96, 13, 16800, 100.00
ACCURACY, EQ, 06-Oct-2026, 4.15, 4.19, 4.20, 4.05, 4.16, 4.10, 4.15, 24807, 1.03, 170, 19150, 77.20
ACE, EQ, 06-Oct-2026, 1227.50, 1235.00, 1260.00, 1230.00, 1252.00, 1252.20, 1243.25, 197550, 2456.04, 17318, 113539, 57.47
ACEINTEG, EQ, 06-Oct-2026, 16.53, 17.40, 17.40, 16.50, 16.95, 17.03, 17.04, 405, 0.07, 25, 243, 60.00
ACEVECTOR, EQ, 06-Oct-2026, 26.08, 26.75, 27.74, 25.50, 25.76, 25.93, 26.55, 16627205, 4414.38, 31039, 4009216, 24.11
ACGL, EQ, 06-Oct-2026, 1683.00, 1683.00, 1770.00, 1678.00, 1740.00, 1723.70, 1718.86, 1034, 17.77, 200, 813, 78.63
ACI, EQ, 06-Oct-2026, 463.20, 465.45, 476.80, 462.70, 476.80, 474.50, 471.95, 87877, 414.73, 6085, 40528, 46.12
ACL, EQ, 06-Oct-2026, 39.80, 40.20, 40.20, 39.45, 39.80, 39.67, 39.69, 6310, 2.50, 183, 4334, 68.68
ACMESOLAR, EQ, 06-Oct-2026, 427.65, 429.90, 453.65, 428.60, 451.40, 448.20, 440.50, 887494, 3909.41, 28630, 376202, 42.39
ACSTECH, BE, 06-Oct-2026, 76.30, 75.11, 75.11, 74.78, 74.78, 74.78, 74.94, 104743, 78.49, 120, -, -
ACUTAAS, EQ, 06-Oct-2026, 3122.20, 3140.00, 3216.00, 3120.00, 3154.90, 3156.70, 3154.30, 321664, 10146.24, 41306, 155965, 48.49
ADANIENSOL, EQ, 06-Oct-2026, 1353.40, 1354.00, 1369.10, 1340.80, 1350.10, 1350.10, 1353.75, 1566344, 21204.37, 40731, 773276, 49.37
ADANIENT, EQ, 06-Oct-2026, 2864.00, 2869.00, 2888.00, 2834.60, 2849.90, 2849.90, 2859.85, 1240051, 35463.55, 37311, 608011, 49.03
ADANIGREEN, EQ, 06-Oct-2026, 1284.00, 1286.10, 1329.40, 1280.50, 1313.00, 1313.00, 1312.98, 2570708, 33752.77, 60986, 1334325, 51.90
ADANIPORTS, EQ, 06-Oct-2026, 1774.00, 1773.10, 1789.10, 1761.10, 1783.40, 1783.40, 1778.57, 1684154, 29953.90, 42795, 883094, 52.44
ADANIPOWER, EQ, 06-Oct-2026, 201.00, 201.80, 205.43, 201.32, 202.40, 202.40, 203.22, 23468966, 47693.65, 107447, 11761474, 50.12
ADDICTIVE, ST, 06-Oct-2026, 40.10, 40.00, 41.80, 39.55, 41.80, 41.80, 40.59, 3000, 1.22, 6, 2500, 83.33
ADDIND, EQ, 06-Oct-2026, 79.49, 79.49, 82.00, 78.90, 78.90, 78.90, 78.98, 422, 0.33, 26, 422, 100.00
ADFFOODS, EQ, 06-Oct-2026, 282.15, 284.70, 299.75, 281.60, 292.50, 293.10, 293.40, 487913, 1431.53, 12972, 206084, 42.24
ADISOFT, SM, 06-Oct-2026, 263.65, 263.70, 310.00, 260.70, 310.00, 301.65, 288.71, 245600, 709.08, 275, 163200, 66.45
ADL, EQ, 06-Oct-2026, 75.90, 75.50, 76.40, 72.00, 76.40, 76.20, 75.16, 18, 0.01, 14, 11, 61.11
ADOR, EQ, 06-Oct-2026, 1512.00, 1511.00, 1552.70, 1508.10, 1542.00, 1535.00, 1539.41, 14756, 227.16, 2601, 7830, 53.06
ADROITIND, BE, 06-Oct-2026, 224.19, 212.99, 212.99, 212.99, 212.99, 212.99, 212.99, 135487, 288.57, 923, -, -
ADROITINFO, BE, 06-Oct-2026, 13.25, 12.59, 12.68, 12.59, 12.59, 12.59, 12.60, 110445, 13.92, 183, -, -
ADSL, EQ, 06-Oct-2026, 105.51, 105.51, 107.09, 102.92, 103.04, 103.82, 104.52, 219245, 229.15, 3642, 113970, 51.98
ADVAIT, EQ, 06-Oct-2026, 1832.10, 1845.00, 1960.00, 1836.10, 1960.00, 1946.90, 1906.70, 63179, 1204.64, 9840, 29708, 47.02
ADVANCE, EQ, 06-Oct-2026, 115.85, 115.85, 118.59, 115.75, 118.12, 117.76, 117.31, 66008, 77.43, 1089, 40033, 60.65
ADVANIHOTR, EQ, 06-Oct-2026, 47.26, 47.90, 48.50, 47.01, 47.50, 47.51, 47.55, 31548, 15.00, 443, 20792, 65.91
ADVENTHTL, EQ, 06-Oct-2026, 123.12, 123.60, 124.82, 121.15, 121.99, 122.21, 123.22, 106585, 131.34, 2348, 62245, 58.40
ADVENZYMES, EQ, 06-Oct-2026, 272.40, 273.40, 278.35, 270.80, 272.60, 273.10, 274.68, 171582, 471.30, 4730, 110278, 64.27
ADVIKCA, EQ, 06-Oct-2026, 0.99, 1.00, 1.02, 0.98, 0.99, 0.99, 1.00, 362238, 3.62, 253, 251546, 69.44
AEGISLOG, EQ, 06-Oct-2026, 1359.50, 1365.30, 1400.00, 1348.30, 1396.30, 1395.90, 1378.22, 861628, 11875.11, 48617, 403121, 46.79
AEGISVOPAK, EQ, 06-Oct-2026, 297.55, 298.10, 299.10, 291.50, 293.00, 293.35, 293.74, 538943, 1583.11, 17325, 214740, 39.84
AEPL, EQ, 06-Oct-2026, 15.01, 15.02, 15.90, 15.02, 15.20, 15.20, 15.23, 27213, 4.15, 73, 24376, 89.57
AEQUS, EQ, 06-Oct-2026, 284.50, 288.00, 294.70, 283.85, 287.00, 286.10, 289.15, 4437254, 12830.50, 58895, 1681525, 37.90
AEROENTER, EQ, 06-Oct-2026, 126.69, 128.59, 134.70, 125.51, 133.00, 132.56, 131.41, 796865, 1047.14, 9569, 376534, 47.25
AEROFLEX, EQ, 06-Oct-2026, 544.35, 549.70, 563.50, 536.40, 559.00, 560.75, 551.75, 1324804, 7309.61, 32728, 471040, 35.56
AERON, SM, 06-Oct-2026, 86.00, 86.05, 86.05, 84.00, 84.00, 84.00, 85.51, 4000, 3.42, 3, 4000, 100.00
AERONEU, EQ, 06-Oct-2026, 69.70, 69.50, 71.00, 69.50, 70.00, 69.97, 70.08, 63434, 44.45, 514, 57264, 90.27
AEROPLANE, EQ, 06-Oct-2026, 211.24, 211.24, 212.49, 206.70, 210.00, 209.24, 209.13, 815516, 1705.46, 8084, 238199, 29.21
AESTHETIK, SM, 06-Oct-2026, 65.20, 67.05, 67.05, 67.05, 67.05, 67.05, 67.05, 1000, 0.67, 1, 1000, 100.00
AETHER, EQ, 06-Oct-2026, 1661.00, 1649.00, 1814.10, 1640.90, 1795.10, 1799.80, 1776.85, 1456255, 25875.42, 92765, 415131, 28.51
AFCONS, EQ, 06-Oct-2026, 241.50, 241.90, 243.95, 240.75, 242.10, 242.15, 242.31, 167607, 406.13, 4711, 72763, 43.41
AFFLE, EQ, 06-Oct-2026, 1443.80, 1450.00, 1456.00, 1433.30, 1450.80, 1450.20, 1446.68, 96528, 1396.45, 14961, 53090, 55.00
AFFORDABLE, EQ, 06-Oct-2026, 163.65, 163.65, 166.18, 161.42, 163.00, 163.67, 163.49, 18157, 29.69, 818, 14340, 78.98
AFIL, EQ, 06-Oct-2026, 7.77, 7.77, 7.95, 7.50, 7.94, 7.90, 7.77, 395042, 30.71, 503, 260358, 65.91
AFSL, EQ, 06-Oct-2026, 201.00, 201.00, 201.90, 201.00, 201.00, 201.00, 201.10, 2674, 5.38, 50, 1430, 53.48
AGARIND, EQ, 06-Oct-2026, 382.95, 388.00, 398.90, 381.65, 395.80, 396.50, 392.91, 14766, 58.02, 1034, 7265, 49.20
AGARWALEYE, EQ, 06-Oct-2026, 484.25, 485.00, 488.80, 474.20, 487.00, 486.85, 482.86, 202172, 976.21, 12824, 99588, 49.26
AGARWALFT, SM, 06-Oct-2026, 25.60, 25.60, 25.60, 24.35, 24.35, 24.35, 24.98, 3000, 0.75, 2, 3000, 100.00
AGARWALTUF, SM, 06-Oct-2026, 173.50, 177.80, 177.80, 172.65, 172.65, 175.55, 175.37, 236400, 414.57, 74, 94800, 40.10
AGASTYAEN, BE, 06-Oct-2026, 68.16, 67.70, 67.70, 66.80, 66.80, 66.80, 67.02, 32886, 22.04, 84, -, -
AGI, EQ, 06-Oct-2026, 781.70, 781.70, 796.50, 779.90, 786.00, 786.40, 787.12, 52157, 410.54, 6317, 23949, 45.92
AGIIL, EQ, 06-Oct-2026, 261.25, 261.00, 263.40, 257.85, 259.00, 259.10, 260.21, 150360, 391.25, 3168, 61303, 40.77
AGL, EQ, 06-Oct-2026, 12.50, 12.40, 12.88, 12.37, 12.80, 12.77, 12.62, 1266118, 159.76, 3355, 639847, 50.54
AGNI, SM, 06-Oct-2026, 14.55, 14.50, 14.60, 14.05, 14.05, 14.30, 14.40, 17500, 2.52, 7, 15000, 85.71
AGRITECH, EQ, 06-Oct-2026, 88.47, 88.48, 90.85, 85.55, 88.00, 87.68, 88.62, 6452, 5.72, 204, 4713, 73.05
AGROPHOS, EQ, 06-Oct-2026, 22.31, 22.75, 23.20, 21.30, 21.85, 21.92, 22.10, 36332, 8.03, 356, 13826, 38.05
AGSTRA, BZ, 06-Oct-2026, 2.49, 2.45, 2.45, 2.45, 2.45, 2.45, 2.45, 22134, 0.54, 61, -, -
AHCL, EQ, 06-Oct-2026, 31.22, 29.66, 31.22, 29.66, 29.66, 29.66, 29.86, 11979158, 3577.17, 10995, 7676558, 64.08
AHLADA, EQ, 06-Oct-2026, 37.91, 37.06, 40.00, 37.06, 39.79, 38.33, 37.72, 9703, 3.66, 98, 1708, 17.60
AHLEAST, EQ, 06-Oct-2026, 135.31, 139.90, 139.90, 134.31, 135.05, 135.74, 136.44, 777, 1.06, 28, 485, 62.42
AHLUCONT, EQ, 06-Oct-2026, 569.80, 563.65, 578.00, 563.25, 575.70, 576.05, 572.29, 23249, 133.05, 2422, 12278, 52.81
AHLWEST, BE, 06-Oct-2026, 545.00, 555.00, 555.00, 545.00, 545.00, 545.00, 551.67, 3, 0.02, 2, -, -
AIAENG, EQ, 06-Oct-2026, 3863.20, 3863.10, 3960.00, 3781.00, 3905.00, 3914.70, 3893.67, 43786, 1704.88, 15036, 24660, 56.32
AIIL, EQ, 06-Oct-2026, 551.60, 548.40, 552.60, 548.20, 550.00, 550.15, 550.14, 55682, 306.33, 4160, 35052, 62.95
AIMTRON, SM, 06-Oct-2026, 1873.55, 1865.00, 1927.00, 1860.05, 1915.00, 1900.90, 1896.84, 23400, 443.86, 114, 14400, 61.54
AIRAN, EQ, 06-Oct-2026, 15.43, 15.43, 16.00, 15.07, 15.25, 15.40, 15.52, 83556, 12.97, 512, 59864, 71.65
AIROLAM, EQ, 06-Oct-2026, 89.54, 93.85, 93.85, 87.69, 89.65, 88.29, 90.07, 132, 0.12, 55, 72, 54.55
AISL, SM, 06-Oct-2026, 70.15, 73.60, 73.65, 72.00, 73.60, 73.60, 73.00, 7800, 5.69, 8, 7800, 100.00
AJANTPHARM, EQ, 06-Oct-2026, 3486.00, 3492.10, 3585.00, 3486.00, 3575.00, 3573.40, 3551.52, 109380, 3884.66, 26981, 57956, 52.99
AJAXENGG, EQ, 06-Oct-2026, 594.25, 604.90, 604.90, 584.10, 586.20, 585.85, 589.62, 51992, 306.55, 3341, 30058, 57.81
AJMERA, EQ, 06-Oct-2026, 116.70, 116.12, 117.99, 114.30, 116.40, 116.24, 116.06, 372159, 431.91, 3315, 193690, 52.04
AJOONI, EQ, 06-Oct-2026, 3.02, 3.03, 3.16, 3.02, 3.07, 3.08, 3.10, 233526, 7.25, 383, 144852, 62.03
AKANKSHA, SM, 06-Oct-2026, 177.80, 173.10, 186.65, 170.15, 178.20, 182.20, 182.23, 177000, 322.55, 154, 109000, 61.58
AKASH, EQ, 06-Oct-2026, 24.64, 25.19, 25.19, 24.55, 24.97, 24.81, 24.91, 6070, 1.51, 63, 5093, 83.90
AKCAPIT, EQ, 06-Oct-2026, 1746.70, 1735.20, 1735.20, 1675.00, 1708.50, 1709.10, 1724.84, 1082, 18.66, 105, 956, 88.35
AKG, EQ, 06-Oct-2026, 9.35, 9.60, 9.60, 9.31, 9.36, 9.38, 9.37, 3242, 0.30, 56, 3240, 99.94
AKI, BE, 06-Oct-2026, 6.01, 5.90, 6.04, 5.81, 6.02, 6.01, 5.93, 48066, 2.85, 211, -, -
AKIKO, SM, 06-Oct-2026, 431.40, 420.05, 431.00, 420.00, 420.00, 420.00, 422.76, 6400, 27.06, 8, 5600, 87.50
AKSHAR, EQ, 06-Oct-2026, 0.42, 0.43, 0.43, 0.41, 0.41, 0.41, 0.42, 516716, 2.17, 243, 437189, 84.61
AKSHARCHEM, BE, 06-Oct-2026, 365.30, 382.50, 382.50, 365.30, 378.90, 374.20, 370.75, 19035, 70.57, 118, -, -
AKSHOPTFBR, BE, 06-Oct-2026, 7.02, 7.15, 7.37, 6.84, 7.37, 7.37, 7.19, 231583, 16.66, 296, -, -
AKUMS, EQ, 06-Oct-2026, 801.35, 802.00, 818.00, 796.30, 818.00, 814.65, 811.44, 128317, 1041.21, 8106, 71715, 55.89
ALANKIT, EQ, 06-Oct-2026, 7.61, 7.66, 7.84, 7.42, 7.62, 7.58, 7.57, 117495, 8.89, 361, 101153, 86.09
ALBERTDAVD, EQ, 06-Oct-2026, 836.45, 835.65, 847.95, 823.30, 833.05, 839.10, 833.91, 2820, 23.52, 434, 1736, 61.56
ALEMBICLTD, EQ, 06-Oct-2026, 104.44, 105.25, 106.90, 104.01, 105.09, 104.99, 105.42, 346507, 365.27, 4111, 158829, 45.84
ALFREDHE, EQ, 06-Oct-2026, 2748.00, 2761.70, 2819.90, 2749.90, 2750.00, 2750.00, 2756.50, 34, 0.94, 17, 31, 91.18
ALGOQUANT, EQ, 06-Oct-2026, 68.25, 68.25, 71.71, 68.01, 70.59, 70.56, 69.76, 1409783, 983.48, 7072, 296976, 21.07
ALICON, EQ, 06-Oct-2026, 848.95, 850.00, 876.50, 837.05, 865.00, 866.90, 856.25, 59587, 510.21, 4719, 22162, 37.19
ALIVUS, EQ, 06-Oct-2026, 1373.70, 1365.40, 1394.70, 1354.20, 1380.00, 1384.00, 1375.94, 166792, 2294.96, 20774, 114798, 68.83
ALKALI, BE, 06-Oct-2026, 87.29, 87.00, 87.90, 84.01, 87.00, 85.88, 85.53, 4932, 4.22, 104, -, -
ALKEM, EQ, 06-Oct-2026, 5192.50, 5223.50, 5292.00, 5165.00, 5292.00, 5292.00, 5246.89, 63668, 3340.59, 10111, 33361, 52.40
ALKYLAMINE, EQ, 06-Oct-2026, 1730.40, 1730.40, 2057.30, 1730.40, 1953.00, 1962.20, 1987.04, 3134700, 62287.76, 181222, 153232, 4.89
ALLCARGO, EQ, 06-Oct-2026, 10.03, 10.32, 10.57, 10.04, 10.50, 10.50, 10.32, 4523931, 466.71, 5672, 2295326, 50.74
ALLDIGI, EQ, 06-Oct-2026, 750.90, 754.70, 774.00, 742.45, 765.00, 768.10, 758.21, 7202, 54.61, 505, 5203, 72.24
ALLETEC, SM, 06-Oct-2026, 124.65, 121.00, 124.00, 120.00, 121.40, 121.50, 121.75, 13600, 16.56, 34, 10800, 79.41
ALLTIME, EQ, 06-Oct-2026, 183.80, 185.80, 189.80, 180.01, 184.50, 184.36, 183.69, 162308, 298.15, 2943, 109452, 67.43
ALMONDZ, BE, 06-Oct-2026, 19.01, 19.01, 19.96, 18.60, 19.90, 19.85, 19.63, 98029, 19.24, 233, -, -
ALOKINDS, EQ, 06-Oct-2026, 7.12, 7.22, 7.83, 7.09, 7.83, 7.83, 7.64, 36666461, 2801.29, 29675, 15545208, 42.40
ALPA, EQ, 06-Oct-2026, 59.00, 60.20, 60.20, 58.52, 58.70, 58.73, 58.78, 5812, 3.42, 221, 3193, 54.94
ALPEXSOLAR, SM, 06-Oct-2026, 810.80, 811.00, 828.00, 808.10, 811.00, 814.15, 818.68, 19200, 157.19, 162, 13200, 68.75
ALPHA, EQ, 06-Oct-2026, 51.40, 51.49, 52.78, 51.49, 52.78, 52.70, 52.32, 1499557, 784.58, 2474, 962806, 64.21
ALPHAETF, EQ, 06-Oct-2026, 25.14, 25.22, 25.62, 25.22, 25.62, 25.61, 25.57, 624672, 159.74, 761, 508456, 81.40
ALPHAGEO, BE, 06-Oct-2026, 254.75, 257.75, 257.75, 246.00, 253.95, 251.15, 251.70, 4803, 12.09, 155, -, -
ALPINETEX, EQ, 06-Oct-2026, 45.82, 47.80, 47.80, 46.04, 46.20, 46.44, 46.58, 113484, 52.86, 1698, 58685, 51.71
ALPL30IETF, EQ, 06-Oct-2026, 25.86, 25.86, 26.17, 25.82, 26.17, 25.98, 25.95, 194319, 50.42, 989, 106472, 54.79
ALUFLUOR, EQ, 06-Oct-2026, 616.80, 611.50, 627.60, 611.50, 623.90, 619.45, 622.09, 11486, 71.45, 584, 9319, 81.13
AMAGI, EQ, 06-Oct-2026, 569.70, 575.25, 575.25, 559.80, 562.00, 564.15, 564.44, 214734, 1212.04, 20098, 108790, 50.66
AMAL, EQ, 06-Oct-2026, 699.50, 703.20, 768.80, 699.80, 762.95, 753.70, 739.08, 23479, 173.53, 1407, 11209, 47.74
AMANTA, BE, 06-Oct-2026, 199.92, 206.30, 206.30, 191.00, 198.40, 197.68, 198.17, 77852, 154.28, 706, -, -
AMARJOTHI, EQ, 06-Oct-2026, 146.50, 147.50, 150.50, 145.50, 150.40, 149.05, 148.93, 1085, 1.62, 56, 1041, 95.94
AMBAAUTO, SM, 06-Oct-2026, 112.00, 112.00, 114.95, 110.00, 110.00, 110.00, 112.33, 14000, 15.73, 12, 7000, 50.00
AMBALALSA, BE, 06-Oct-2026, 37.97, 38.10, 39.50, 37.55, 38.55, 38.55, 38.50, 41880, 16.13, 131, -, -
AMBER, EQ, 06-Oct-2026, 6585.00, 6551.50, 6881.00, 6511.00, 6869.00, 6869.00, 6745.85, 155584, 10495.46, 20840, 49750, 31.98
AMBICAAGAR, EQ, 06-Oct-2026, 23.83, 23.76, 24.80, 23.76, 24.44, 24.42, 24.15, 1832, 0.44, 38, 1318, 71.94
AMBIKCO, EQ, 06-Oct-2026, 1534.00, 1522.60, 1555.00, 1522.60, 1538.90, 1532.70, 1534.93, 2521, 38.70, 458, 1568, 62.20
AMBUJACEM, EQ, 06-Oct-2026, 366.50, 367.50, 370.10, 359.80, 361.55, 361.55, 365.30, 2356458, 8608.06, 23348, 1278283, 54.25
AMCL, SM, 06-Oct-2026, 370.60, 345.00, 385.35, 340.50, 374.00, 376.20, 372.54, 86400, 321.87, 67, 66800, 77.31
AMDIND, BE, 06-Oct-2026, 51.31, 51.31, 53.00, 50.50, 52.92, 52.73, 52.23, 12479, 6.52, 156, -, -
AMEYA, SM, 06-Oct-2026, 143.00, 140.00, 147.90, 139.00, 147.90, 147.90, 142.31, 14000, 19.92, 12, 10000, 71.43
AMJLAND, EQ, 06-Oct-2026, 37.14, 38.02, 38.02, 37.00, 38.00, 37.66, 37.59, 2127, 0.80, 53, 2060, 96.85
AMNPLST, EQ, 06-Oct-2026, 160.29, 161.00, 192.34, 161.00, 184.60, 186.92, 189.94, 431098, 818.82, 4677, 86583, 20.08
AMRUTANJAN, EQ, 06-Oct-2026, 518.10, 527.00, 527.00, 516.00, 524.30, 523.70, 521.66, 27720, 144.60, 2009, 16314, 58.85
ANANDRATHI, EQ, 06-Oct-2026, 2132.00, 2134.10, 2169.90, 2129.90, 2142.00, 2142.00, 2144.11, 275350, 5903.81, 24987, 110640, 40.18
ANANTAM, IV, 06-Oct-2026, 103.97, 103.97, 103.97, 102.98, 102.98, 102.99, 103.00, 111993, 115.36, 247, 111982, 99.99
ANANTRAJ, EQ, 06-Oct-2026, 587.40, 590.00, 611.45, 587.80, 610.20, 608.90, 599.94, 1142191, 6852.46, 25242, 523399, 45.82
ANAWIL, SM, 06-Oct-2026, 393.30, 393.00, 418.95, 393.00, 398.00, 397.40, 405.62, 196400, 796.64, 424, 133200, 67.82
ANDHRAPAP, EQ, 06-Oct-2026, 69.94, 70.66, 71.06, 68.54, 70.35, 70.48, 70.16, 234556, 164.56, 3425, 119309, 50.87
ANDHRSUGAR, EQ, 06-Oct-2026, 91.95, 93.00, 94.80, 92.70, 94.70, 94.42, 93.84, 360904, 338.68, 11165, 125309, 34.72
ANDREWYU, EQ, 06-Oct-2026, 25.34, 25.02, 25.74, 24.12, 25.00, 24.95, 24.83, 104068, 25.84, 861, 64616, 62.09
ANGELONE, EQ, 06-Oct-2026, 285.20, 288.90, 295.90, 288.60, 295.00, 295.00, 292.89, 8198494, 24012.69, 77294, 2694486, 32.87
ANIKINDS, EQ, 06-Oct-2026, 44.56, 43.02, 48.25, 43.02, 46.13, 45.40, 46.65, 66538, 31.04, 605, 30789, 46.27
ANKITMETAL, BZ, 06-Oct-2026, 2.16, 2.26, 2.26, 2.26, 2.26, 2.26, 2.26, 19958, 0.45, 14, -, -
ANLON, SM, 06-Oct-2026, 758.20, 772.00, 772.00, 752.05, 765.00, 765.00, 763.01, 4000, 30.52, 10, 1600, 40.00
ANMOL, BE, 06-Oct-2026, 13.07, 13.07, 13.44, 12.87, 13.14, 13.13, 13.02, 30011, 3.91, 119, -, -
ANNAPURNA, EQ, 06-Oct-2026, 130.44, 132.80, 132.80, 129.00, 129.80, 130.35, 130.40, 34618, 45.14, 804, 27800, 80.31
ANNU, EQ, 06-Oct-2026, 45.12, 45.21, 45.50, 43.22, 44.50, 44.33, 44.36, 661281, 293.32, 6920, 280189, 42.37
ANONDITA, SM, 06-Oct-2026, 1031.00, 1057.95, 1114.00, 1049.95, 1073.05, 1075.30, 1084.29, 91600, 993.21, 364, 60000, 65.50
ANSALAPI, BZ, 06-Oct-2026, 4.00, 4.00, 4.08, 3.92, 3.92, 3.92, 4.01, 15567, 0.62, 45, -, -
ANSALBU, EQ, 06-Oct-2026, 85.60, 85.57, 88.00, 83.00, 86.00, 85.57, 84.72, 779, 0.66, 44, 662, 84.98
ANTELOPUS, EQ, 06-Oct-2026, 1103.40, 1125.00, 1125.00, 1090.00, 1107.00, 1100.60, 1106.07, 173534, 1919.40, 9185, 53106, 30.60
ANTGRAPHIC, EQ, 06-Oct-2026, 0.69, 0.71, 0.71, 0.68, 0.70, 0.69, 0.70, 98256, 0.68, 169, 47603, 48.45
ANTHEM, EQ, 06-Oct-2026, 851.90, 853.00, 898.65, 843.00, 892.00, 890.35, 877.19, 681982, 5982.26, 23899, 369924, 54.24
ANUHPHR, EQ, 06-Oct-2026, 84.15, 85.07, 88.50, 84.41, 87.77, 87.57, 86.80, 105757, 91.79, 2368, 56366, 53.30
ANUP, EQ, 06-Oct-2026, 1539.00, 1538.80, 1585.00, 1536.10, 1580.00, 1575.90, 1559.75, 18047, 281.49, 3861, 8864, 49.12
ANURAS, EQ, 06-Oct-2026, 1164.40, 1170.00, 1178.00, 1158.10, 1164.00, 1170.20, 1171.98, 440690, 5164.79, 12123, 318938, 72.37
ANYA, SM, 06-Oct-2026, 18.00, 18.00, 18.25, 18.00, 18.00, 18.00, 18.18, 35000, 6.36, 7, 35000, 100.00
ANZEN, IV, 06-Oct-2026, 131.00, 129.00, 131.00, 129.00, 131.00, 131.00, 129.21, 700000, 904.45, 4, 700000, 100.00
AONEGOLD, EQ, 06-Oct-2026, 13.74, 13.74, 13.74, 13.51, 13.73, 13.69, 13.68, 210243, 28.76, 1583, 121044, 57.57
AONELIQUID, EQ, 06-Oct-2026, 1079.71, 1079.85, 1079.87, 1079.85, 1079.85, 1079.86, 1079.86, 9477, 102.34, 73, 5870, 61.94
AONENIFTY, EQ, 06-Oct-2026, 9.31, 9.20, 9.50, 9.20, 9.37, 9.39, 9.37, 93166, 8.73, 969, 77443, 83.12
AONESILVER, EQ, 06-Oct-2026, 8.48, 8.48, 8.52, 8.35, 8.43, 8.40, 8.39, 284744, 23.89, 1326, 137067, 48.14
AONESTEELS, EQ, 06-Oct-2026, 389.40, 385.65, 389.40, 366.45, 387.00, 384.80, 377.59, 659243, 2489.25, 18470, 253142, 38.40
AONETMMQ50, EQ, 06-Oct-2026, 9.89, 10.09, 10.09, 9.80, 10.05, 10.01, 9.96, 148640, 14.80, 248, 125032, 84.12
AONETOTAL, EQ, 06-Oct-2026, 11.21, 11.43, 11.46, 10.99, 11.38, 11.37, 11.34, 106286, 12.05, 803, 65689, 61.80
APARINDS, EQ, 06-Oct-2026, 18102.00, 18297.00, 18440.00, 17875.00, 17954.00, 18016.00, 18181.15, 94494, 17180.10, 29580, 37184, 39.35
APCL, EQ, 06-Oct-2026, 94.00, 96.67, 96.67, 93.00, 93.51, 93.58, 94.38, 2525, 2.38, 73, 1977, 78.30
APCOTEXIND, EQ, 06-Oct-2026, 587.25, 587.25, 613.90, 585.00, 610.35, 610.70, 605.20, 79604, 481.77, 7559, 44462, 55.85
APEX, EQ, 06-Oct-2026, 328.40, 325.50, 342.60, 320.00, 339.30, 339.80, 334.89, 107151, 358.84, 5249, 49483, 46.18
APEXECO, ST, 06-Oct-2026, 251.00, 255.50, 255.50, 247.55, 255.00, 253.65, 251.11, 12000, 30.13, 15, 10400, 86.67
APLAPOLLO, EQ, 06-Oct-2026, 2099.80, 2102.00, 2152.00, 2099.60, 2152.00, 2152.00, 2139.03, 320327, 6851.89, 19163, 183359, 57.24
APLLTD, EQ, 06-Oct-2026, 831.25, 831.25, 840.30, 825.00, 837.95, 834.20, 832.15, 143011, 1190.06, 19606, 88134, 61.63
APOLLO, EQ, 06-Oct-2026, 401.70, 402.70, 408.75, 402.40, 408.15, 408.05, 406.49, 3344430, 13594.80, 40625, 1401580, 41.91
APOLLOHOSP, EQ, 06-Oct-2026, 7985.00, 7970.00, 8017.00, 7806.00, 7914.50, 7914.50, 7881.38, 1072883, 84557.95, 133057, 694538, 64.74
APOLLOPIPE, EQ, 06-Oct-2026, 530.75, 531.00, 549.80, 528.00, 528.25, 529.80, 537.38, 132829, 713.80, 5458, 66587, 50.13
APOLLOTYRE, EQ, 06-Oct-2026, 401.60, 402.75, 405.25, 399.35, 403.00, 401.55, 401.40, 333239, 1337.61, 16003, 144654, 43.41
APOLSINHOT, EQ, 06-Oct-2026, 1174.90, 1180.00, 1183.90, 1165.00, 1172.00, 1174.70, 1173.79, 857, 10.06, 138, 428, 49.94
APOORVA, BE, 06-Oct-2026, 33.65, 33.49, 33.49, 33.00, 33.00, 33.00, 33.02, 31, 0.01, 4, -, -
APRAMEYA, SM, 06-Oct-2026, 102.00, 104.95, 113.00, 101.05, 113.00, 106.35, 105.75, 30500, 32.25, 26, 30000, 98.36
APS, SM, 06-Oct-2026, 223.45, 224.05, 229.60, 224.05, 228.40, 228.40, 227.43, 8500, 19.33, 32, 6000, 70.59
APSISAERO, ST, 06-Oct-2026, 528.00, 515.00, 554.40, 504.40, 554.40, 554.40, 525.48, 50400, 264.84, 32, 49200, 97.62
APTECHT, EQ, 06-Oct-2026, 86.88, 86.10, 89.89, 86.10, 87.76, 88.19, 88.09, 76755, 67.61, 1489, 41699, 54.33
APTUS, EQ, 06-Oct-2026, 223.65, 223.65, 226.21, 222.32, 223.90, 223.90, 224.23, 512918, 1150.10, 22939, 288825, 56.31
AQYLON, EQ, 06-Oct-2026, 15.58, 16.19, 16.30, 15.26, 15.30, 15.46, 15.67, 335127, 52.51, 1003, 163435, 48.77
ARABIAN, SM, 06-Oct-2026, 96.75, 100.50, 105.85, 100.00, 104.00, 104.10, 103.09, 88000, 90.72, 41, 62000, 70.45
ARCHIDPLY, EQ, 06-Oct-2026, 101.80, 101.18, 104.00, 100.75, 101.50, 101.67, 101.66, 12612, 12.82, 106, 7875, 62.44
ARCHIES, EQ, 06-Oct-2026, 12.35, 12.74, 12.74, 12.10, 12.29, 12.24, 12.19, 14768, 1.80, 148, 11416, 77.30
ARCIIL, SM, 06-Oct-2026, 32.50, 34.00, 34.00, 31.65, 32.65, 32.65, 32.47, 8000, 2.60, 8, 8000, 100.00
ARCIL, EQ, 06-Oct-2026, 142.24, 143.00, 147.80, 143.00, 146.00, 145.74, 145.69, 1271807, 1852.90, 19545, 624380, 49.09
ARCL, EQ, 06-Oct-2026, 235.00, 224.52, 235.06, 223.25, 226.99, 226.99, 225.34, 2963, 6.68, 69, 1675, 56.53
ARDEE, EQ, 06-Oct-2026, 48.51, 48.50, 50.50, 48.50, 50.21, 50.22, 49.84, 1861166, 927.57, 10020, 748656, 40.23
ARE&M, EQ, 06-Oct-2026, 741.60, 742.05, 745.60, 740.35, 744.00, 742.90, 742.76, 309353, 2297.75, 19161, 156039, 50.44
ARENTERP, EQ, 06-Oct-2026, 33.79, 33.79, 34.89, 32.70, 33.89, 33.89, 33.22, 177, 0.06, 17, 163, 92.09
ARFIN, EQ, 06-Oct-2026, 87.51, 87.51, 98.24, 87.14, 97.40, 96.36, 95.45, 9170776, 8753.85, 53593, 2000954, 21.82
ARHAM, SM, 06-Oct-2026, 208.90, 208.90, 208.90, 204.05, 205.60, 206.30, 206.40, 13000, 26.83, 13, 9000, 69.23
ARIES, BE, 06-Oct-2026, 501.25, 505.60, 514.00, 492.10, 500.00, 499.00, 501.52, 24527, 123.01, 536, -, -
ARIHANT, EQ, 06-Oct-2026, 891.35, 891.00, 940.00, 891.00, 930.00, 914.90, 910.70, 873, 7.95, 102, 589, 67.47
ARIHANTCAP, EQ, 06-Oct-2026, 91.01, 91.55, 97.80, 91.25, 94.30, 94.13, 95.70, 1232598, 1179.65, 10287, 304048, 24.67
ARIHANTSUP, EQ, 06-Oct-2026, 218.78, 219.80, 224.90, 216.00, 220.34, 220.26, 218.71, 1578, 3.45, 100, 1293, 81.94
ARIS, EQ, 06-Oct-2026, 140.24, 140.24, 145.50, 138.37, 143.70, 143.66, 143.28, 2533868, 3630.53, 20307, 550164, 21.71
ARISTO, SM, 06-Oct-2026, 87.40, 91.75, 91.75, 91.75, 91.75, 91.75, 91.75, 2400, 2.20, 3, 2400, 100.00
ARKADE, EQ, 06-Oct-2026, 120.03, 120.04, 122.00, 120.00, 121.47, 121.24, 120.81, 97831, 118.19, 2090, 50952, 52.08
ARMANFIN, EQ, 06-Oct-2026, 1754.90, 1763.90, 1763.90, 1730.00, 1743.10, 1743.70, 1742.67, 17759, 309.48, 2775, 9615, 54.14
ARMEE, EQ, 06-Oct-2026, 254.25, 253.95, 278.80, 253.90, 272.00, 271.05, 271.97, 2199972, 5983.26, 39089, 333691, 15.17
ARMOUR, SM, 06-Oct-2026, 21.10, 21.10, 21.50, 21.00, 21.50, 21.15, 21.15, 8000, 1.69, 3, 6000, 75.00
AROGRANITE, EQ, 06-Oct-2026, 22.19, 22.50, 23.10, 22.11, 22.81, 22.97, 22.85, 4041, 0.92, 154, 3402, 84.19
ARROWGREEN, EQ, 06-Oct-2026, 858.55, 878.50, 915.95, 858.70, 899.50, 891.75, 898.76, 60698, 545.53, 4954, 31790, 52.37
ARSHIYA, BZ, 06-Oct-2026, 0.83, 0.85, 0.85, 0.81, 0.84, 0.82, 0.82, 170195, 1.40, 54, -, -
ARSSBL, EQ, 06-Oct-2026, 535.00, 539.00, 557.40, 535.00, 553.50, 551.55, 549.11, 468308, 2571.50, 12017, 271288, 57.93
ARTEMISMED, EQ, 06-Oct-2026, 324.10, 324.25, 324.95, 314.25, 320.00, 318.35, 317.97, 428681, 1363.08, 20547, 212788, 49.64
ARTNIRMAN, EQ, 06-Oct-2026, 38.49, 36.01, 41.29, 36.01, 40.13, 40.13, 40.48, 62, 0.03, 14, 46, 74.19
ARUNAYA, SM, 06-Oct-2026, 14.00, 13.90, 13.90, 13.90, 13.90, 13.90, 13.90, 6000, 0.83, 3, 6000, 100.00
ARVEE, EQ, 06-Oct-2026, 209.39, 209.39, 224.90, 205.84, 215.36, 216.89, 217.33, 8861, 19.26, 343, 3955, 44.63
ARVIND, EQ, 06-Oct-2026, 530.40, 536.00, 538.40, 529.70, 536.40, 534.65, 533.60, 351037, 1873.14, 25192, 192862, 54.94
ARVINDFASN, EQ, 06-Oct-2026, 384.25, 384.25, 409.95, 384.25, 406.10, 406.40, 401.87, 293478, 1179.39, 21864, 122077, 41.60
ARVINDPORT, SM, 06-Oct-2026, 33.05, 33.00, 33.00, 31.15, 31.15, 31.40, 32.13, 19500, 6.26, 13, 16500, 84.62
ARVSMART, EQ, 06-Oct-2026, 580.25, 579.90, 606.00, 576.65, 606.00, 603.80, 595.66, 61916, 368.81, 2641, 32215, 52.03
ARYAMAN, EQ, 06-Oct-2026, 624.00, 620.90, 620.90, 620.90, 620.90, 620.90, 620.90, 10, 0.06, 1, 10, 100.00
ASAHIINDIA, EQ, 06-Oct-2026, 945.75, 950.00, 960.00, 941.05, 957.95, 956.95, 950.76, 36644, 348.39, 5648, 15606, 42.59
ASAHISONG, BE, 06-Oct-2026, 366.20, 367.00, 370.50, 366.00, 367.00, 369.95, 369.28, 4716, 17.42, 141, -, -
ASAL, EQ, 06-Oct-2026, 423.10, 424.10, 434.90, 423.05, 428.00, 426.20, 427.40, 5651, 24.15, 497, 3196, 56.56
ASALCBR, EQ, 06-Oct-2026, 595.65, 591.00, 604.85, 589.85, 598.70, 598.70, 595.74, 54706, 325.91, 2984, 40891, 74.75
ASHALOG, SM, 06-Oct-2026, 60.00, 60.35, 61.50, 60.35, 61.50, 61.50, 60.73, 3000, 1.82, 2, 3000, 100.00
ASHAPURMIN, EQ, 06-Oct-2026, 490.85, 492.20, 504.85, 491.05, 502.50, 502.90, 500.01, 229174, 1145.90, 9336, 107086, 46.73
ASHIANA, EQ, 06-Oct-2026, 383.60, 381.60, 385.85, 376.95, 384.00, 382.95, 381.44, 29815, 113.73, 1257, 14170, 47.53
ASHIKAG, BE, 06-Oct-2026, 389.80, 389.80, 394.00, 382.35, 382.35, 389.40, 391.05, 6896, 26.97, 81, -, -
ASHIMASYN, EQ, 06-Oct-2026, 15.00, 14.80, 15.39, 14.55, 14.90, 14.88, 14.80, 108612, 16.07, 381, 86258, 79.42
ASHOKA, EQ, 06-Oct-2026, 105.90, 106.00, 107.20, 105.70, 106.70, 106.42, 106.29, 395400, 420.26, 5026, 212563, 53.76
ASHOKAMET, EQ, 06-Oct-2026, 14.71, 14.71, 14.99, 14.40, 14.75, 14.71, 14.62, 21653, 3.16, 207, 15745, 72.72
ASHOKLEY, EQ, 06-Oct-2026, 152.60, 153.00, 153.87, 152.13, 153.70, 153.70, 153.18, 9995070, 15310.15, 52337, 5363173, 53.66
ASHUTOSH, SM, 06-Oct-2026, 138.20, 140.00, 144.00, 137.05, 138.50, 138.95, 139.85, 127200, 177.89, 101, 84000, 66.04
ASHWINI, SM, 06-Oct-2026, 160.00, 161.50, 165.00, 161.50, 165.00, 165.00, 163.86, 6000, 9.83, 6, 4000, 66.67
ASIANENE, EQ, 06-Oct-2026, 458.65, 457.65, 470.00, 457.45, 466.95, 463.75, 463.01, 129110, 597.79, 5589, 54568, 42.26
ASIANHOTNR, EQ, 06-Oct-2026, 334.10, 336.55, 340.25, 325.05, 326.10, 328.65, 331.50, 6380, 21.15, 384, 3126, 49.00
ASIANPAINT, EQ, 06-Oct-2026, 2366.00, 2369.10, 2424.20, 2349.00, 2424.20, 2424.20, 2391.11, 439473, 10508.28, 40953, 253201, 57.61
ASIANTILES, EQ, 06-Oct-2026, 46.65, 46.88, 48.36, 46.88, 48.12, 48.10, 47.64, 1144403, 545.25, 3319, 591204, 51.66
ASIANTNE, EQ, 06-Oct-2026, 9.00, 9.08, 9.08, 8.80, 9.06, 9.06, 9.03, 3657, 0.33, 31, 2603, 71.18
ASKAUTOLTD, EQ, 06-Oct-2026, 608.20, 614.50, 614.50, 603.10, 611.95, 609.75, 608.80, 128865, 784.53, 11546, 55044, 42.71
ASMS, EQ, 06-Oct-2026, 5.84, 5.96, 6.00, 5.77, 6.00, 5.98, 5.92, 165301, 9.79, 405, 133814, 80.95
ASPINWALL, EQ, 06-Oct-2026, 238.35, 228.10, 243.50, 228.10, 238.00, 238.35, 239.67, 2844, 6.82, 30, 2757, 96.94
ASPIRE, SM, 06-Oct-2026, 14.95, 14.50, 15.65, 14.50, 15.65, 15.65, 15.11, 14000, 2.12, 6, 12000, 85.71
ASTAR, EQ, 06-Oct-2026, 644.05, 643.05, 657.75, 615.00, 625.05, 639.80, 636.53, 774, 4.93, 101, 629, 81.27
ASTEC, EQ, 06-Oct-2026, 712.70, 715.00, 726.00, 685.00, 703.05, 704.70, 699.83, 73594, 515.03, 3824, 19308, 26.24
ASTERDM, EQ, 06-Oct-2026, 691.50, 691.60, 691.80, 674.10, 685.80, 684.70, 684.04, 1226250, 8388.02, 57033, 782008, 63.77
ASTRAL, EQ, 06-Oct-2026, 1362.10, 1355.10, 1405.00, 1348.60, 1402.30, 1402.30, 1382.11, 359782, 4972.58, 26250, 179664, 49.94
ASTRAMICRO, EQ, 06-Oct-2026, 1651.70, 1651.70, 1726.00, 1650.30, 1705.00, 1705.90, 1700.53, 571464, 9717.92, 28901, 307492, 53.81
ASTRAZEN, EQ, 06-Oct-2026, 5909.00, 5944.00, 5996.50, 5883.50, 5970.00, 5980.50, 5931.41, 5728, 339.75, 1935, 2702, 47.17
ASTRON, BZ, 06-Oct-2026, 2.81, 2.75, 2.88, 2.73, 2.80, 2.80, 2.83, 22027, 0.62, 80, -, -
ATALREAL, EQ, 06-Oct-2026, 12.81, 12.70, 12.93, 12.17, 12.17, 12.36, 12.38, 1940986, 240.28, 1656, 1018363, 52.47
ATAM, EQ, 06-Oct-2026, 54.04, 54.05, 55.39, 54.00, 54.00, 54.20, 54.53, 4007, 2.19, 110, 2495, 62.27
ATCENERGY, SM, 06-Oct-2026, 21.30, 22.00, 22.00, 20.65, 21.20, 21.20, 21.49, 8400, 1.81, 7, 6000, 71.43
ATGL, EQ, 06-Oct-2026, 583.25, 586.05, 592.90, 583.60, 586.00, 588.45, 588.45, 365730, 2152.13, 16779, 107971, 29.52
ATHERENERG, EQ, 06-Oct-2026, 1409.90, 1408.70, 1550.80, 1385.70, 1446.00, 1446.00, 1414.25, 4192732, 59295.61, 107232, 1726947, 41.19
ATL, EQ, 06-Oct-2026, 24.49, 24.47, 24.85, 24.06, 24.58, 24.71, 24.56, 70373, 17.28, 884, 52076, 74.00
ATLANTAA, EQ, 06-Oct-2026, 34.97, 34.97, 36.39, 34.12, 35.40, 35.34, 35.35, 18256, 6.45, 347, 10877, 59.58
ATLANTAELE, EQ, 06-Oct-2026, 1882.90, 1900.50, 1968.30, 1856.60, 1860.50, 1869.30, 1911.06, 339216, 6482.63, 39911, 126897, 37.41
ATLASCYCLE, EQ, 06-Oct-2026, 91.30, 89.55, 95.00, 89.55, 93.19, 92.93, 92.89, 7339, 6.82, 210, 4307, 58.69
ATLPP, E1, 06-Oct-2026, 9.17, 9.25, 9.25, 8.64, 9.00, 9.00, 8.80, 3246, 0.29, 20, 3069, 94.55
ATMASTCO, SM, 06-Oct-2026, 114.65, 116.00, 118.00, 114.00, 117.00, 117.05, 116.51, 8800, 10.25, 22, 7600, 86.36
ATUL, EQ, 06-Oct-2026, 5856.00, 5918.00, 6015.00, 5835.00, 5985.00, 6000.00, 5980.16, 37620, 2249.74, 11747, 19470, 51.75
ATULAUTO, EQ, 06-Oct-2026, 424.50, 424.50, 429.35, 424.50, 428.90, 427.50, 427.22, 42113, 179.91, 2381, 17421, 41.37
AUBANK, EQ, 06-Oct-2026, 1029.20, 1034.70, 1037.70, 1015.90, 1028.00, 1028.00, 1028.52, 1179591, 12132.38, 46949, 507320, 43.01
AUGMONT, EQ, 06-Oct-2026, 1223.30, 1204.00, 1234.80, 1162.20, 1162.20, 1162.20, 1189.69, 568075, 6758.30, 20821, 284351, 50.06
AURIONPRO, EQ, 06-Oct-2026, 598.50, 610.00, 625.00, 602.00, 614.00, 616.05, 613.75, 172779, 1060.42, 10008, 81606, 47.23
AUROIMPEX, ST, 06-Oct-2026, 38.20, 40.10, 40.10, 40.10, 40.10, 40.10, 40.10, 4800, 1.92, 3, 4800, 100.00
AUROPHARMA, EQ, 06-Oct-2026, 1674.90, 1676.00, 1694.70, 1670.90, 1692.80, 1692.80, 1686.26, 1009636, 17025.04, 27871, 632856, 62.68
AURUM, EQ, 06-Oct-2026, 223.61, 226.12, 234.00, 223.08, 231.25, 231.14, 229.69, 135512, 311.26, 3462, 84708, 62.51
AURUS, EQ, 06-Oct-2026, 4.23, 4.29, 4.41, 4.11, 4.28, 4.29, 4.19, 12082, 0.51, 119, 9409, 77.88
AUSL, SM, 06-Oct-2026, 23.50, 23.00, 23.00, 23.00, 23.00, 23.00, 23.00, 2000, 0.46, 1, 2000, 100.00
AUSOMENT, EQ, 06-Oct-2026, 137.81, 140.89, 140.89, 135.41, 139.00, 137.48, 138.94, 1865, 2.59, 59, 1743, 93.46
AUSTENG, EQ, 06-Oct-2026, 161.95, 161.40, 168.79, 158.00, 167.28, 166.43, 166.00, 8508, 14.12, 225, 4161, 48.91
AUTOAXLES, EQ, 06-Oct-2026, 1624.90, 1625.00, 1648.20, 1624.90, 1633.00, 1638.10, 1636.34, 2484, 40.65, 392, 1528, 61.51
AUTOBEES, EQ, 06-Oct-2026, 262.82, 265.45, 266.00, 262.30, 265.65, 264.61, 264.01, 161327, 425.92, 2065, 82949, 51.42
AUTOIETF, EQ, 06-Oct-2026, 26.33, 26.39, 26.57, 26.28, 26.57, 26.47, 26.43, 383237, 101.31, 1732, 226629, 59.14
AUTOIND, EQ, 06-Oct-2026, 83.17, 83.90, 86.11, 82.21, 85.99, 85.82, 84.61, 125477, 106.17, 1543, 76647, 61.08
AVADHSUGAR, EQ, 06-Oct-2026, 840.35, 870.45, 898.80, 856.00, 875.00, 873.30, 873.01, 523457, 4569.84, 27412, 110489, 21.11
AVALON, EQ, 06-Oct-2026, 2256.30, 2295.00, 2416.60, 2286.90, 2394.00, 2400.40, 2358.69, 565942, 13348.80, 54054, 221445, 39.13
AVANA, SM, 06-Oct-2026, 139.25, 146.90, 151.80, 142.10, 151.75, 150.85, 148.30, 94000, 139.40, 47, 58000, 61.70
AVANCE, EQ, 06-Oct-2026, 0.79, 0.81, 0.81, 0.77, 0.78, 0.77, 0.79, 7221289, 56.74, 1725, 4558583, 63.13
AVANTEL, EQ, 06-Oct-2026, 147.59, 148.11, 152.00, 148.10, 151.00, 151.08, 150.72, 691347, 1041.97, 8018, 300935, 43.53
AVANTIFEED, EQ, 06-Oct-2026, 711.10, 714.65, 720.75, 709.00, 713.00, 714.10, 713.62, 139663, 996.66, 9903, 59970, 42.94
AVATAR, SM, 06-Oct-2026, 159.00, 166.90, 166.95, 156.00, 166.95, 166.95, 164.95, 18000, 29.69, 9, 14000, 77.78
AVG, EQ, 06-Oct-2026, 168.15, 168.15, 174.00, 165.00, 174.00, 172.06, 170.86, 75078, 128.28, 183, 73925, 98.46
AVIANSH, SM, 06-Oct-2026, 100.75, 100.50, 100.50, 100.50, 100.50, 100.50, 100.50, 1000, 1.01, 1, 1000, 100.00
AVIENCE, SM, 06-Oct-2026, 294.35, 295.50, 304.95, 273.00, 287.00, 290.15, 287.96, 105600, 304.08, 168, 55800, 52.84
AVL, EQ, 06-Oct-2026, 601.05, 604.25, 606.90, 589.25, 595.80, 595.10, 593.95, 85771, 509.44, 15045, 33136, 38.63
AVONMORE, EQ, 06-Oct-2026, 12.49, 13.06, 13.06, 12.44, 12.53, 12.55, 12.63, 66577, 8.41, 427, 39042, 58.64
AVPINFRA, SM, 06-Oct-2026, 55.90, 55.05, 58.35, 55.00, 57.30, 57.30, 56.38, 33600, 18.94, 25, 23200, 69.05
AVROIND, EQ, 06-Oct-2026, 6.97, 6.65, 7.29, 6.65, 6.87, 6.85, 6.83, 150875, 10.30, 356, 110767, 73.42
AVTNPL, EQ, 06-Oct-2026, 88.84, 89.82, 91.90, 89.28, 90.70, 90.18, 90.72, 127373, 115.55, 2362, 59222, 46.49
AWFIS, EQ, 06-Oct-2026, 235.59, 235.59, 249.00, 235.00, 245.00, 243.54, 242.71, 547536, 1328.95, 12551, 322210, 58.85
AWHCL, EQ, 06-Oct-2026, 350.40, 355.50, 364.05, 351.40, 353.05, 355.20, 355.14, 69504, 246.84, 3087, 22845, 32.87
AWL, EQ, 06-Oct-2026, 176.15, 179.45, 187.88, 178.65, 186.00, 185.93, 184.32, 4711354, 8683.81, 49734, 1702275, 36.13
AXIOMGAS, ST, 06-Oct-2026, 41.90, 39.85, 41.90, 39.85, 40.00, 40.00, 40.05, 520000, 208.28, 172, 516000, 99.23
AXISBANK, EQ, 06-Oct-2026, 1222.20, 1234.00, 1251.90, 1232.00, 1248.00, 1248.00, 1244.37, 7518330, 93555.71, 137521, 4101666, 54.56
AXISCADES, EQ, 06-Oct-2026, 2282.30, 2280.00, 2300.00, 2252.30, 2285.00, 2288.50, 2276.02, 141367, 3217.55, 18199, 66107, 46.76
AXITA, EQ, 06-Oct-2026, 7.59, 7.59, 7.63, 7.17, 7.46, 7.51, 7.54, 223090, 16.82, 841, 125250, 56.14
AXTEL, EQ, 06-Oct-2026, 430.40, 430.00, 450.95, 430.00, 446.35, 447.95, 445.09, 4750, 21.14, 409, 2826, 59.49
AYE, EQ, 06-Oct-2026, 162.75, 162.57, 166.78, 162.57, 166.40, 165.56, 164.88, 320576, 528.56, 6781, 163993, 51.16
AYMSYNTEX, EQ, 06-Oct-2026, 283.15, 286.00, 292.80, 281.30, 292.80, 289.25, 286.02, 32944, 94.23, 5317, 19636, 59.60
AZAD, EQ, 06-Oct-2026, 2927.20, 2940.00, 3091.70, 2905.50, 3054.80, 3062.60, 3041.71, 1329869, 40450.77, 86992, 310006, 23.31
AZADIND, EQ, 06-Oct-2026, 83.05, 83.80, 83.80, 80.02, 81.95, 80.94, 82.14, 41576, 34.15, 949, 19772, 47.56
BAFNAPH, BE, 06-Oct-2026, 386.30, 394.00, 394.00, 393.00, 394.00, 394.00, 393.95, 480, 1.89, 12, -, -
BAGDIGITAL, SM, 06-Oct-2026, 107.05, 107.70, 107.70, 107.70, 107.70, 107.70, 107.70, 1600, 1.72, 1, 1600, 100.00
BAGFILMS, EQ, 06-Oct-2026, 4.10, 4.14, 4.17, 4.05, 4.11, 4.11, 4.12, 63985, 2.64, 104, 52821, 82.55
BAGMANE, RR, 06-Oct-2026, 106.50, 106.80, 107.48, 106.10, 106.43, 106.43, 106.51, 400656, 426.73, 6866, 320366, 79.96
BAHETI, SM, 06-Oct-2026, 735.00, 734.00, 750.00, 721.05, 729.00, 725.55, 732.02, 16125, 118.04, 30, 12000, 74.42
BAIDFIN, EQ, 06-Oct-2026, 10.33, 10.60, 10.79, 9.83, 10.36, 10.32, 10.20, 39796, 4.06, 184, 36641, 92.07
BAJAJ-AUTO, EQ, 06-Oct-2026, 10024.00, 10050.00, 10062.00, 9955.00, 10017.00, 10017.00, 10006.92, 159069, 15917.90, 31385, 85826, 53.96
BAJAJCON, EQ, 06-Oct-2026, 480.35, 484.00, 496.50, 483.05, 495.00, 493.50, 491.44, 284916, 1400.20, 13868, 158318, 55.57
BAJAJELEC, EQ, 06-Oct-2026, 299.25, 299.45, 305.25, 298.75, 300.00, 300.25, 301.34, 104900, 316.10, 5769, 51580, 49.17
BAJAJFINSV, EQ, 06-Oct-2026, 1751.40, 1751.00, 1754.00, 1737.80, 1752.40, 1752.40, 1745.32, 552353, 9640.33, 31503, 314525, 56.94
BAJAJHCARE, EQ, 06-Oct-2026, 319.10, 323.00, 324.00, 317.50, 324.00, 323.10, 320.96, 79462, 255.04, 2986, 44555, 56.07
BAJAJHFL, EQ, 06-Oct-2026, 82.79, 82.79, 83.09, 82.12, 82.29, 82.36, 82.56, 1967051, 1623.94, 19172, 931444, 47.35
BAJAJHIND, EQ, 06-Oct-2026, 19.96, 20.50, 21.49, 20.42, 21.36, 21.33, 20.92, 31059329, 6496.89, 39850, 6907653, 22.24
BAJAJHLDNG, EQ, 06-Oct-2026, 10732.00, 10732.00, 10798.00, 10555.00, 10600.00, 10600.00, 10643.70, 39830, 4239.38, 10394, 22428, 56.31
BAJAJINDEF, EQ, 06-Oct-2026, 202.19, 204.08, 209.69, 202.03, 207.60, 207.21, 206.24, 9974, 20.57, 406, 5355, 53.69
BAJAJST, EQ, 06-Oct-2026, 328.75, 322.30, 327.95, 322.00, 324.05, 324.40, 323.49, 9801, 31.71, 689, 7309, 74.57
BAJEL, EQ, 06-Oct-2026, 164.05, 165.00, 165.96, 163.10, 163.10, 164.08, 164.52, 132024, 217.21, 1918, 68482, 51.87
BAJFINANCE, EQ, 06-Oct-2026, 970.00, 970.00, 973.25, 957.00, 963.10, 963.10, 963.72, 4380406, 42214.78, 103639, 2497513, 57.02
BALAJEE, EQ, 06-Oct-2026, 24.80, 25.42, 25.42, 23.20, 24.44, 24.24, 24.31, 62884, 15.29, 609, 41839, 66.53
BALAJIPHOS, SM, 06-Oct-2026, 106.40, 106.00, 106.00, 106.00, 106.00, 106.00, 106.00, 1000, 1.06, 1, 1000, 100.00
BALAJITELE, EQ, 06-Oct-2026, 90.61, 91.45, 91.69, 89.11, 91.21, 90.56, 90.50, 80196, 72.58, 1794, 44014, 54.88
BALAMINES, EQ, 06-Oct-2026, 1957.80, 1961.00, 2349.30, 1961.00, 2279.00, 2287.70, 2260.10, 2585710, 58439.66, 154506, 403141, 15.59
BALAXI, EQ, 06-Oct-2026, 22.77, 23.00, 23.00, 22.32, 22.90, 22.67, 22.70, 8384, 1.90, 80, 6265, 74.73
BALCO, SM, 06-Oct-2026, 19.00, 19.95, 19.95, 19.95, 19.95, 19.95, 19.95, 1200, 0.24, 1, 1200, 100.00
BALKRISHNA, EQ, 06-Oct-2026, 16.00, 16.95, 16.95, 15.76, 16.40, 16.21, 16.24, 2770, 0.45, 50, 1549, 55.92
BALKRISIND, EQ, 06-Oct-2026, 2066.50, 2069.90, 2103.90, 2050.60, 2081.80, 2082.70, 2081.60, 122686, 2553.83, 18099, 71919, 58.62
BALMLAWRIE, EQ, 06-Oct-2026, 158.59, 159.50, 160.16, 149.85, 158.50, 158.78, 156.56, 210133, 328.99, 3697, 112171, 53.38
BALPHARMA, BE, 06-Oct-2026, 106.79, 103.01, 105.00, 101.46, 101.46, 101.46, 102.59, 21864, 22.43, 270, -, -
BALRAMCHIN, EQ, 06-Oct-2026, 671.50, 685.00, 714.50, 682.35, 688.10, 691.30, 691.70, 2257521, 15615.25, 60916, 430380, 19.06
BALUFORGE, EQ, 06-Oct-2026, 502.80, 507.80, 529.00, 503.05, 527.70, 526.95, 519.64, 777797, 4041.77, 63715, 315761, 40.60
BANARBEADS, EQ, 06-Oct-2026, 115.04, 118.98, 119.65, 116.11, 116.11, 116.11, 117.87, 1285, 1.51, 38, 807, 62.80
BANARISUG, EQ, 06-Oct-2026, 3296.80, 3300.00, 3439.90, 3300.00, 3360.00, 3349.30, 3371.72, 1405, 47.37, 291, 830, 59.07
BANCOINDIA, EQ, 06-Oct-2026, 589.80, 590.00, 604.60, 590.00, 604.00, 602.65, 599.05, 54328, 325.45, 4838, 29293, 53.92
BANDHANBNK, EQ, 06-Oct-2026, 168.27, 169.11, 170.85, 162.46, 164.15, 164.15, 165.73, 12148002, 20132.30, 61205, 5362636, 44.14
BANG, EQ, 06-Oct-2026, 33.28, 33.28, 34.40, 32.50, 34.00, 33.49, 33.50, 57018, 19.10, 339, 30297, 53.14
BANK10ADD, EQ, 06-Oct-2026, 16.16, 16.28, 16.41, 16.24, 16.41, 16.32, 16.34, 2075431, 339.13, 115, 1964291, 94.64
BANK10BETF, EQ, 06-Oct-2026, 19.62, 20.09, 21.39, 19.89, 20.67, 20.32, 20.33, 5941334, 1207.63, 476, 5918645, 99.62
BANKA, EQ, 06-Oct-2026, 69.84, 69.84, 70.40, 66.95, 70.00, 69.50, 68.97, 962, 0.66, 39, 933, 96.99
BANKADD, EQ, 06-Oct-2026, 55.93, 56.12, 56.55, 56.12, 56.39, 56.35, 56.24, 34038, 19.14, 40, 31352, 92.11
BANKBARODA, EQ, 06-Oct-2026, 232.80, 233.02, 234.80, 231.80, 232.73, 232.73, 233.33, 5312668, 12395.81, 40808, 3142359, 59.15
BANKBEES, EQ, 06-Oct-2026, 565.61, 571.37, 571.60, 565.61, 570.33, 569.45, 569.65, 548540, 3124.76, 6933, 321639, 58.64
BANKBETA, EQ, 06-Oct-2026, 56.52, 56.81, 57.06, 56.62, 56.86, 56.88, 56.96, 1595947, 909.10, 294, 1585850, 99.37
BANKBETF, EQ, 06-Oct-2026, 55.75, 55.80, 56.23, 55.65, 56.10, 55.96, 56.00, 7700, 4.31, 234, 2756, 35.79
BANKETF, EQ, 06-Oct-2026, 557.48, 559.69, 562.67, 559.35, 561.63, 561.20, 560.98, 73896, 414.54, 320, 68121, 92.18
BANKIETF, EQ, 06-Oct-2026, 56.07, 56.70, 56.70, 56.07, 56.45, 56.48, 56.55, 664234, 375.62, 959, 594873, 89.56
BANKINDIA, EQ, 06-Oct-2026, 133.50, 133.40, 133.72, 131.62, 132.16, 132.16, 132.44, 3280724, 4345.09, 20661, 1393585, 42.48
BANKNIFTY1, EQ, 06-Oct-2026, 56.80, 56.98, 57.29, 56.94, 57.15, 57.05, 57.12, 268750, 153.51, 641, 192312, 71.56
BANKPSU, EQ, 06-Oct-2026, 80.72, 80.94, 81.17, 80.46, 80.75, 80.60, 80.91, 7918, 6.41, 80, 4531, 57.22
BANSALWIRE, EQ, 06-Oct-2026, 323.05, 323.05, 335.20, 323.05, 325.20, 325.70, 327.65, 100324, 328.71, 5331, 58370, 58.18
BANSWRAS, EQ, 06-Oct-2026, 102.93, 105.93, 105.93, 104.41, 105.00, 105.09, 105.09, 14812, 15.57, 249, 11903, 80.36
BARFLEX, SM, 06-Oct-2026, 51.65, 52.75, 54.25, 49.15, 54.25, 52.25, 52.23, 40000, 20.89, 13, 34000, 85.00
BASF, EQ, 06-Oct-2026, 3406.00, 3448.40, 3507.80, 3406.10, 3500.00, 3472.10, 3476.00, 20716, 720.09, 3752, 10879, 52.51
BASILIC, SM, 06-Oct-2026, 182.95, 181.00, 206.00, 181.00, 202.00, 198.30, 194.07, 81900, 158.94, 160, 69300, 84.62
BASML, EQ, 06-Oct-2026, 22.54, 22.51, 23.30, 22.51, 22.89, 22.88, 22.89, 34084, 7.80, 97, 29541, 86.67
BATAINDIA, EQ, 06-Oct-2026, 611.05, 612.55, 623.95, 611.20, 623.00, 619.85, 617.27, 71929, 444.00, 5812, 33412, 46.45
BATLIBOI, EQ, 06-Oct-2026, 89.78, 89.80, 99.32, 89.75, 96.75, 96.16, 95.40, 258938, 247.03, 3340, 131797, 50.90
BAWEJA, SM, 06-Oct-2026, 26.10, 26.10, 26.80, 26.10, 26.10, 26.10, 26.24, 4000, 1.05, 3, 3200, 80.00
BAYERCROP, EQ, 06-Oct-2026, 3508.90, 3508.90, 3554.20, 3508.00, 3520.00, 3533.40, 3528.72, 17934, 632.84, 5946, 9768, 54.47
BBETF0432, EQ, 06-Oct-2026, 1336.70, 1336.70, 1339.74, 1334.03, 1339.74, 1336.14, 1336.69, 698, 9.33, 26, 435, 62.32
BBL, EQ, 06-Oct-2026, 2058.80, 2062.00, 2084.40, 2041.70, 2070.00, 2068.80, 2063.66, 26540, 547.70, 4225, 15992, 60.26
BBNPNBETF, EQ, 06-Oct-2026, 55.40, 55.83, 55.83, 55.26, 55.68, 55.68, 55.54, 275, 0.15, 18, 210, 76.36
BBNPPGOLD, EQ, 06-Oct-2026, 142.25, 142.00, 142.40, 139.15, 142.30, 141.85, 141.59, 5215, 7.38, 93, 3386, 64.93
BBOX, EQ, 06-Oct-2026, 812.50, 816.00, 844.55, 805.65, 842.95, 839.95, 828.35, 1120325, 9280.20, 46617, 463276, 41.35
BBTC, EQ, 06-Oct-2026, 1304.50, 1300.00, 1305.00, 1284.00, 1301.40, 1298.20, 1294.90, 93576, 1211.72, 9678, 49215, 52.59
BBTCL, EQ, 06-Oct-2026, 234.94, 234.94, 241.94, 230.02, 234.98, 233.12, 235.97, 5121, 12.08, 229, 3685, 71.96
BCG, EQ, 06-Oct-2026, 9.17, 9.22, 9.22, 8.89, 9.14, 9.07, 9.09, 4615868, 419.57, 4535, 2491407, 53.97
BCLIND, EQ, 06-Oct-2026, 31.29, 31.42, 32.19, 31.36, 32.10, 32.03, 31.80, 365447, 116.21, 2619, 168735, 46.17
BCONCEPTS, EQ, 06-Oct-2026, 139.23, 142.43, 150.12, 140.10, 145.30, 146.88, 146.03, 16446, 24.02, 537, 12098, 73.56
BCPL, EQ, 06-Oct-2026, 67.00, 68.00, 69.80, 66.00, 67.74, 67.24, 67.52, 17887, 12.08, 563, 8583, 47.98
BDL, EQ, 06-Oct-2026, 1096.20, 1096.20, 1111.00, 1092.20, 1101.80, 1101.80, 1103.07, 729165, 8043.19, 26571, 261960, 35.93
BEACON, SM, 06-Oct-2026, 85.15, 81.60, 81.80, 81.30, 81.30, 81.30, 81.57, 7000, 5.71, 7, 6000, 85.71
BEARDSELL, EQ, 06-Oct-2026, 22.76, 23.50, 23.50, 22.11, 22.75, 22.50, 22.77, 24500, 5.58, 354, 14905, 60.84
BECTORFOOD, EQ, 06-Oct-2026, 210.83, 211.25, 214.99, 211.11, 212.54, 212.16, 212.68, 335112, 712.72, 10034, 141915, 42.35
BEDMUTHA, EQ, 06-Oct-2026, 107.25, 106.18, 108.56, 104.99, 108.00, 106.23, 106.35, 15926, 16.94, 185, 12423, 78.00
BEEKAY, EQ, 06-Oct-2026, 426.90, 425.05, 442.00, 425.05, 433.70, 434.10, 432.03, 1114, 4.81, 81, 827, 74.24
BEL, EQ, 06-Oct-2026, 384.85, 383.20, 387.65, 382.55, 387.40, 387.40, 385.78, 10038178, 38725.54, 114008, 6034102, 60.11
BELLACASA, EQ, 06-Oct-2026, 238.26, 241.80, 248.40, 238.00, 241.10, 242.13, 242.56, 6123, 14.85, 630, 2450, 40.01
BELRISE, EQ, 06-Oct-2026, 231.12, 231.29, 237.75, 225.01, 237.00, 236.81, 231.49, 2650681, 6136.10, 42497, 750904, 28.33
BEML, EQ, 06-Oct-2026, 1970.40, 1980.00, 2060.20, 1970.50, 2052.00, 2042.20, 2010.37, 196225, 3944.85, 20776, 75275, 38.36
BENARAS, EQ, 06-Oct-2026, 10166.00, 10200.00, 10250.00, 10145.00, 10250.00, 10238.00, 10202.19, 221, 22.55, 47, 217, 98.19
BENGALASM, EQ, 06-Oct-2026, 5772.00, 5888.00, 6125.00, 5800.00, 6100.00, 6110.50, 6025.16, 657, 39.59, 181, 413, 62.86
BEPL, EQ, 06-Oct-2026, 124.77, 125.19, 129.60, 125.00, 129.00, 128.63, 128.22, 1635015, 2096.39, 11566, 704961, 43.12
BERGEPAINT, EQ, 06-Oct-2026, 458.40, 461.50, 474.65, 457.45, 473.20, 472.55, 467.04, 383616, 1791.66, 21252, 199904, 52.11
BESTAGRO, EQ, 06-Oct-2026, 17.73, 17.94, 18.18, 17.62, 17.87, 17.89, 17.90, 523828, 93.74, 1646, 211884, 40.45
BETA, EQ, 06-Oct-2026, 2004.00, 1990.10, 2027.50, 1989.90, 2000.10, 2001.40, 2006.07, 10362, 207.87, 1670, 5789, 55.87
BEWLTD, SM, 06-Oct-2026, 59.60, 60.05, 60.50, 57.60, 57.65, 57.80, 59.28, 28000, 16.60, 33, 25500, 91.07
BFINVEST, EQ, 06-Oct-2026, 436.85, 441.80, 443.35, 435.10, 442.00, 441.35, 439.10, 11744, 51.57, 964, 6003, 51.12
BFSI, EQ, 06-Oct-2026, 25.66, 25.78, 26.00, 25.75, 25.98, 25.90, 25.92, 95227, 24.69, 548, 76715, 80.56
BFUTILITIE, EQ, 06-Oct-2026, 495.90, 502.80, 504.15, 495.60, 499.20, 498.90, 499.49, 20937, 104.58, 1390, 9708, 46.37
BGRENERGY, BE, 06-Oct-2026, 232.95, 244.59, 244.59, 240.12, 243.00, 244.11, 244.35, 99629, 243.44, 662, -, -
BHADORA, ST, 06-Oct-2026, 153.50, 153.00, 161.15, 147.60, 155.00, 155.10, 156.83, 98400, 154.32, 70, 87600, 89.02
BHAGCHEM, EQ, 06-Oct-2026, 229.14, 228.00, 240.50, 228.00, 240.48, 239.91, 236.84, 97813, 231.66, 1545, 57857, 59.15
BHAGERIA, EQ, 06-Oct-2026, 364.65, 364.70, 401.10, 364.70, 397.00, 393.55, 393.90, 361311, 1423.22, 6772, 178687, 49.46
BHAGYANGR, EQ, 06-Oct-2026, 412.35, 417.90, 432.95, 413.50, 432.95, 432.95, 428.48, 149876, 642.19, 3332, 111408, 74.33
BHANDARI, EQ, 06-Oct-2026, 2.76, 2.74, 2.87, 2.72, 2.85, 2.83, 2.79, 149942, 4.18, 250, 117030, 78.05
BHARATCOAL, EQ, 06-Oct-2026, 31.88, 32.22, 32.33, 31.84, 32.09, 32.05, 32.09, 4263686, 1368.19, 16032, 1812235, 42.50
BHARATFORG, EQ, 06-Oct-2026, 1833.00, 1830.10, 1881.00, 1825.00, 1880.00, 1880.00, 1866.96, 1089594, 20342.24, 45284, 664971, 61.03
BHARATGEAR, BE, 06-Oct-2026, 99.67, 99.94, 100.99, 99.20, 99.95, 99.88, 99.99, 6980, 6.98, 65, -, -
BHARATRAS, EQ, 06-Oct-2026, 983.20, 994.20, 1008.30, 978.00, 991.70, 998.30, 996.71, 16359, 163.05, 2132, 9345, 57.12
BHARATSE, EQ, 06-Oct-2026, 202.86, 203.50, 207.90, 203.50, 207.50, 206.14, 205.49, 66668, 137.00, 4783, 32131, 48.20
BHARATWIRE, EQ, 06-Oct-2026, 162.25, 161.60, 167.99, 161.60, 166.00, 165.28, 165.51, 121132, 200.49, 2722, 38289, 31.61
BHARTIARTL, EQ, 06-Oct-2026, 1779.90, 1777.00, 1810.50, 1771.40, 1810.50, 1810.50, 1797.14, 5155150, 92645.11, 133220, 2984811, 57.90
BHARTIHEXA, EQ, 06-Oct-2026, 1383.10, 1383.10, 1403.30, 1359.20, 1384.60, 1386.80, 1378.24, 308564, 4252.75, 35194, 177154, 57.41
BHEL, EQ, 06-Oct-2026, 429.00, 429.00, 453.90, 427.70, 452.00, 452.00, 446.59, 22865195, 102113.23, 186785, 6924401, 30.28
BI, BE, 06-Oct-2026, 94.77, 93.99, 94.00, 92.90, 92.90, 92.90, 93.90, 7322, 6.88, 36, -, -
BIGBLOC, EQ, 06-Oct-2026, 37.57, 38.00, 38.21, 36.50, 37.49, 37.22, 37.36, 43526, 16.26, 1002, 28523, 65.53
BIKAJI, EQ, 06-Oct-2026, 487.00, 486.80, 498.25, 477.55, 482.40, 481.10, 482.57, 975537, 4707.64, 25893, 688782, 70.61
BIKEWO, ST, 06-Oct-2026, 124.40, 126.00, 126.80, 126.00, 126.80, 126.80, 126.10, 62000, 78.18, 20, 62000, 100.00
BIL, EQ, 06-Oct-2026, 1071.15, 1088.50, 1112.85, 1042.70, 1081.00, 1092.85, 1079.33, 27873, 300.84, 1609, 15315, 54.95
BILVYAPAR, BE, 06-Oct-2026, 4.19, 4.10, 4.30, 4.10, 4.15, 4.15, 4.16, 3257, 0.14, 23, -, -
BIMETAL, EQ, 06-Oct-2026, 640.00, 654.95, 661.00, 637.00, 661.00, 660.40, 658.50, 833, 5.49, 46, 815, 97.84
BIOCON, EQ, 06-Oct-2026, 369.80, 369.70, 371.00, 366.60, 369.10, 369.10, 368.50, 4647884, 17127.50, 33437, 3522148, 75.78
BIOFILCHEM, EQ, 06-Oct-2026, 29.64, 29.31, 30.70, 29.31, 29.95, 30.11, 29.94, 9125, 2.73, 142, 5086, 55.74
BIOPOL, SM, 06-Oct-2026, 49.30, 51.70, 51.75, 51.00, 51.75, 51.75, 51.53, 10800, 5.57, 9, 9600, 88.89
BIRDYS, SM, 06-Oct-2026, 80.50, 79.00, 79.00, 79.00, 79.00, 79.00, 79.00, 1200, 0.95, 1, 1200, 100.00
BIRET, RR, 06-Oct-2026, 333.11, 329.60, 332.68, 329.00, 329.25, 329.89, 330.05, 400944, 1323.31, 8419, 326482, 81.43
BIRLACABLE, EQ, 06-Oct-2026, 376.65, 376.90, 395.45, 376.85, 395.45, 395.45, 392.15, 459269, 1801.04, 5935, 259462, 56.49
BIRLACORPN, EQ, 06-Oct-2026, 812.80, 817.55, 823.65, 799.25, 800.00, 803.45, 806.16, 186690, 1505.02, 5889, 161893, 86.72
BIRLAMONEY, EQ, 06-Oct-2026, 112.15, 112.20, 118.00, 110.88, 116.10, 116.45, 114.97, 41987, 48.27, 1487, 20095, 47.86
BIRLANU, EQ, 06-Oct-2026, 1379.50, 1381.00, 1430.00, 1379.40, 1415.00, 1406.50, 1404.31, 11841, 166.28, 2145, 6414, 54.17
BIRLAPREC, BE, 06-Oct-2026, 57.78, 57.19, 59.40, 55.65, 58.49, 57.79, 57.76, 90736, 52.41, 500, -, -
BLACKBUCK, EQ, 06-Oct-2026, 599.40, 600.90, 603.10, 591.95, 595.90, 596.00, 595.61, 487698, 2904.77, 17341, 227171, 46.58
BLACKROSE, EQ, 06-Oct-2026, 110.31, 111.00, 111.95, 105.00, 109.89, 107.65, 108.48, 44467, 48.24, 789, 30531, 68.66
BLAL, EQ, 06-Oct-2026, 156.84, 159.25, 160.00, 156.03, 159.75, 157.53, 158.44, 6912, 10.95, 260, 4685, 67.78
BLBLIMITED, EQ, 06-Oct-2026, 15.98, 16.50, 16.50, 15.80, 16.20, 16.09, 16.03, 95266, 15.27, 941, 30093, 31.59
BLEL, EQ, 06-Oct-2026, 490.05, 492.90, 516.95, 481.55, 509.80, 510.05, 506.80, 2319444, 11754.95, 51829, 591249, 25.49
BLIL, EQ, 06-Oct-2026, 64.50, 64.91, 65.42, 64.46, 65.06, 65.21, 64.94, 36925, 23.98, 711, 25776, 69.81
BLISSGVS, BE, 06-Oct-2026, 664.80, 669.85, 697.00, 660.00, 676.30, 676.45, 687.65, 166474, 1144.75, 2037, -, -
BLKASHYAP, EQ, 06-Oct-2026, 53.22, 52.84, 55.50, 52.83, 54.80, 54.79, 54.71, 747328, 408.83, 4934, 374781, 50.15
BLS, EQ, 06-Oct-2026, 215.75, 216.90, 224.66, 216.90, 224.50, 223.97, 221.78, 860041, 1907.40, 21169, 341077, 39.66
BLSE, EQ, 06-Oct-2026, 319.15, 163.70, 164.00, 160.05, 160.75, 160.90, 162.10, 285538, 462.85, 6643, 144356, 50.56
BLUECLOUDS, EQ, 06-Oct-2026, 19.61, 19.66, 20.10, 19.60, 20.07, 20.01, 19.78, 1202785, 237.93, 2725, 602306, 50.08
BLUECOAST, EQ, 06-Oct-2026, 21.06, 22.05, 22.05, 21.00, 22.04, 22.04, 21.66, 337, 0.07, 14, 258, 76.56
BLUEDART, EQ, 06-Oct-2026, 4514.40, 4505.00, 4575.00, 4483.60, 4560.00, 4562.80, 4533.63, 6431, 291.56, 2108, 2852, 44.35
BLUEJET, EQ, 06-Oct-2026, 531.50, 535.05, 549.00, 528.50, 541.00, 538.15, 539.17, 292965, 1579.58, 13751, 129597, 44.24
BLUESTARCO, EQ, 06-Oct-2026, 1510.00, 1508.40, 1578.60, 1501.30, 1571.50, 1571.50, 1561.30, 867322, 13541.50, 47359, 306656, 35.36
BLUESTONE, EQ, 06-Oct-2026, 790.65, 794.00, 818.00, 788.55, 813.90, 813.85, 807.94, 651566, 5264.26, 28894, 230428, 35.37
BLUEWATER, ST, 06-Oct-2026, 567.05, 594.00, 594.00, 570.00, 585.90, 578.60, 583.58, 8000, 46.69, 7, 8000, 100.00
BLUSPRING, EQ, 06-Oct-2026, 143.92, 147.99, 147.99, 142.84, 143.40, 144.53, 144.80, 139531, 202.04, 2241, 60000, 43.00
BMETRICS, SM, 06-Oct-2026, 39.65, 39.50, 39.50, 39.50, 39.50, 39.50, 39.50, 800, 0.32, 1, 800, 100.00
BMISL, ST, 06-Oct-2026, 115.50, 121.25, 121.25, 121.25, 121.25, 121.25, 121.25, 105600, 128.04, 49, 105600, 100.00
BMWVENTLTD, EQ, 06-Oct-2026, 50.02, 50.05, 50.95, 49.67, 50.35, 50.37, 50.24, 53078, 26.67, 1102, 25235, 47.54
BNAGROCHEM, EQ, 06-Oct-2026, 238.45, 238.45, 243.99, 226.53, 226.53, 226.53, 235.16, 16699, 39.27, 367, 3571, 21.38
BNALTD, BE, 06-Oct-2026, 351.80, 350.00, 351.10, 348.00, 351.10, 351.10, 349.02, 202, 0.71, 3, -, -
BNKETFAXIS, EQ, 06-Oct-2026, 563.05, 567.13, 570.01, 567.03, 569.06, 568.73, 569.23, 2590, 14.74, 36, 2086, 80.54
BODALCHEM, BE, 06-Oct-2026, 180.30, 177.00, 188.50, 173.00, 187.50, 186.57, 181.64, 564786, 1025.88, 3350, -, -
BOHRAIND, EQ, 06-Oct-2026, 14.01, 13.31, 14.50, 13.31, 14.39, 14.38, 13.93, 12632, 1.76, 63, 8806, 69.71
BOMDYEING, EQ, 06-Oct-2026, 101.54, 101.90, 104.20, 101.23, 102.67, 102.91, 102.83, 430586, 442.79, 4691, 161824, 37.58
BONLON, EQ, 06-Oct-2026, 39.76, 39.80, 40.94, 39.38, 39.39, 39.39, 39.96, 1362, 0.54, 57, 712, 52.28
BORANA, EQ, 06-Oct-2026, 270.40, 272.10, 275.45, 268.45, 268.60, 269.60, 270.39, 27663, 74.80, 676, 20181, 72.95
BOROLTD, EQ, 06-Oct-2026, 278.35, 280.00, 289.00, 277.05, 287.20, 286.85, 284.86, 212491, 605.29, 5213, 104816, 49.33
BORORENEW, EQ, 06-Oct-2026, 442.70, 445.00, 453.00, 443.70, 451.00, 449.85, 449.31, 201596, 905.80, 11133, 99816, 49.51
BOROSCI, EQ, 06-Oct-2026, 112.15, 113.38, 115.50, 112.28, 112.71, 113.27, 113.52, 61966, 70.35, 1625, 36623, 59.10
BOSCH-HCIL, EQ, 06-Oct-2026, 1998.20, 1990.00, 2020.00, 1970.10, 1972.10, 1976.90, 1991.40, 35164, 700.26, 6125, 17308, 49.22
BOSCHLTD, EQ, 06-Oct-2026, 44960.00, 44960.00, 45360.00, 44845.00, 45000.00, 45000.00, 45033.38, 21643, 9746.57, 10552, 10870, 50.22
BOSS, ST, 06-Oct-2026, 60.00, 57.00, 57.00, 57.00, 57.00, 57.00, 57.00, 2000, 1.14, 1, 2000, 100.00
BPCL, EQ, 06-Oct-2026, 296.95, 297.40, 300.50, 294.60, 300.50, 300.50, 297.21, 6314935, 18768.68, 40210, 3640399, 57.65
BPL, EQ, 06-Oct-2026, 44.39, 44.94, 45.28, 44.26, 44.37, 44.45, 44.72, 14695, 6.57, 256, 11914, 81.08
BPLPHARMA, EQ, 06-Oct-2026, 1726.90, 1758.20, 1899.00, 1741.30, 1888.00, 1836.40, 1812.83, 11347, 205.70, 1075, 3840, 33.84
BRACEPORT, SM, 06-Oct-2026, 66.50, 67.00, 67.00, 65.00, 65.00, 65.00, 66.03, 4800, 3.17, 3, 4800, 100.00
BRAHMINFRA, EQ, 06-Oct-2026, 143.02, 148.80, 149.39, 141.52, 147.99, 145.58, 144.92, 14504, 21.02, 244, 12974, 89.45
BRANDMAN, SM, 06-Oct-2026, 160.00, 160.00, 161.65, 158.10, 161.65, 161.65, 160.17, 5600, 8.97, 7, 4000, 71.43
BRIGADE, EQ, 06-Oct-2026, 571.60, 573.90, 579.95, 565.00, 568.15, 569.10, 570.15, 151551, 864.06, 12985, 79183, 52.25
BRIGHOTEL, EQ, 06-Oct-2026, 57.06, 57.40, 57.40, 56.52, 56.90, 56.93, 56.88, 28827, 16.40, 1405, 15070, 52.28
BRIGHTBR, EQ, 06-Oct-2026, 230.65, 230.65, 239.95, 230.65, 235.00, 235.00, 235.65, 335, 0.79, 15, 322, 96.12
BRITANNIA, EQ, 06-Oct-2026, 4770.00, 4779.90, 4892.50, 4760.10, 4883.80, 4883.80, 4858.14, 221171, 10744.79, 21629, 124072, 56.10
BRNL, EQ, 06-Oct-2026, 16.13, 16.59, 16.59, 15.73, 16.02, 16.03, 16.16, 17457, 2.82, 215, 10498, 60.14
BROOKS, EQ, 06-Oct-2026, 54.24, 56.34, 59.66, 54.30, 59.66, 59.66, 58.74, 58724, 34.49, 399, 49362, 84.06
BSE, EQ, 06-Oct-2026, 3179.60, 3209.00, 3305.00, 3206.50, 3305.00, 3305.00, 3276.40, 6869765, 225081.04, 265966, 3206247, 46.67
BSE500IETF, EQ, 06-Oct-2026, 37.08, 37.08, 38.15, 37.08, 37.72, 37.62, 37.50, 128912, 48.34, 1677, 84548, 65.59
BSHSL, EQ, 06-Oct-2026, 83.07, 83.10, 83.40, 79.90, 80.00, 80.10, 80.71, 12928, 10.43, 356, 8860, 68.53
BSL, EQ, 06-Oct-2026, 120.15, 121.40, 121.40, 119.00, 120.79, 119.76, 119.49, 981, 1.17, 37, 960, 97.86
BSLGOLDETF, EQ, 06-Oct-2026, 129.43, 129.22, 129.50, 128.32, 129.35, 129.39, 129.27, 391297, 505.84, 2165, 331797, 84.79
BSLNIFTY, EQ, 06-Oct-2026, 26.52, 26.52, 26.71, 26.48, 26.70, 26.69, 26.66, 730654, 194.83, 5511, 421101, 57.63
BSLSENETFG, EQ, 06-Oct-2026, 73.49, 72.75, 73.81, 72.75, 73.47, 73.70, 73.60, 1987, 1.46, 64, 1000, 50.33
BSOFT, EQ, 06-Oct-2026, 276.00, 276.15, 281.30, 273.75, 279.00, 279.45, 276.79, 1297747, 3592.07, 35602, 642243, 49.49
BTML, EQ, 06-Oct-2026, 7.15, 7.07, 7.23, 6.66, 6.99, 6.86, 6.95, 286532, 19.92, 326, 200074, 69.83
BTTL, BE, 06-Oct-2026, 38.72, 39.20, 39.30, 39.20, 39.30, 39.30, 39.25, 644, 0.25, 6, -, -
BUILDPRO, EQ, 06-Oct-2026, 1265.90, 1285.00, 1321.00, 1277.00, 1293.00, 1301.50, 1304.39, 126155, 1645.56, 10050, 79498, 63.02
BULKCORP, ST, 06-Oct-2026, 79.75, 81.95, 81.95, 81.75, 81.75, 81.75, 81.85, 6000, 4.91, 5, 6000, 100.00
BURNPUR, BE, 06-Oct-2026, 13.18, 13.83, 13.83, 13.83, 13.83, 13.83, 13.83, 7158, 0.99, 36, -, -
BUTTERFLY, EQ, 06-Oct-2026, 547.55, 553.60, 553.60, 539.00, 547.50, 543.25, 546.20, 20545, 112.22, 1080, 13996, 68.12
BVCL, EQ, 06-Oct-2026, 41.21, 41.16, 41.94, 40.56, 41.79, 41.44, 41.36, 27256, 11.27, 281, 20999, 77.04
BYKE, EQ, 06-Oct-2026, 29.66, 29.78, 29.96, 29.00, 29.49, 29.46, 29.46, 22384, 6.59, 277, 17074, 76.28
C2C, SM, 06-Oct-2026, 176.15, 176.15, 197.80, 176.15, 190.00, 187.65, 189.23, 159300, 301.44, 775, 84150, 52.82
CALSOFT, BE, 06-Oct-2026, 34.93, 34.59, 34.82, 33.20, 33.20, 33.44, 33.83, 105771, 35.78, 774, -, -
CAMLINFINE, EQ, 06-Oct-2026, 91.16, 92.19, 95.69, 90.90, 95.00, 95.00, 93.59, 486254, 455.09, 6184, 192798, 39.65
CAMPUS, EQ, 06-Oct-2026, 204.12, 204.11, 209.90, 202.80, 209.90, 208.68, 206.72, 470823, 973.27, 12250, 211325, 44.88
CAMS, EQ, 06-Oct-2026, 683.85, 688.00, 693.90, 678.55, 693.90, 693.90, 687.99, 1051068, 7231.24, 29772, 566034, 53.85
CANARYS, SM, 06-Oct-2026, 28.40, 27.75, 28.50, 27.70, 28.50, 28.50, 27.99, 16000, 4.48, 4, 12000, 75.00
CANBK, EQ, 06-Oct-2026, 118.50, 118.90, 119.29, 117.62, 117.82, 117.82, 118.32, 10318285, 12209.07, 82858, 5474902, 53.06
CANFINHOME, EQ, 06-Oct-2026, 724.70, 726.00, 737.10, 726.00, 736.00, 734.75, 732.09, 197132, 1443.18, 15955, 111115, 56.37
CANHLIFE, EQ, 06-Oct-2026, 142.36, 141.00, 143.90, 138.96, 143.00, 143.13, 141.49, 619392, 876.37, 18473, 264859, 42.76
CANTABIL, EQ, 06-Oct-2026, 225.18, 225.90, 230.14, 224.85, 230.00, 229.84, 227.17, 111517, 253.33, 1633, 54481, 48.85
CAPACITE, EQ, 06-Oct-2026, 178.62, 180.20, 186.97, 178.21, 184.90, 184.51, 183.47, 977132, 1792.74, 14594, 235966, 24.15
CAPILLARY, EQ, 06-Oct-2026, 546.10, 542.10, 597.35, 542.10, 594.00, 587.20, 576.21, 290150, 1671.86, 11816, 139139, 47.95
CAPINVIT, IV, 06-Oct-2026, 77.05, 77.10, 77.38, 76.80, 77.24, 77.23, 77.16, 180433, 139.22, 2078, 166485, 92.27
CAPITALSFB, EQ, 06-Oct-2026, 279.55, 279.55, 285.35, 262.25, 264.30, 263.80, 267.23, 166208, 444.16, 3111, 114094, 68.65
CAPLIPOINT, EQ, 06-Oct-2026, 2604.00, 2611.00, 2691.20, 2583.00, 2679.90, 2679.70, 2641.71, 110962, 2931.29, 20039, 46255, 41.69
CAPTRUST, BE, 06-Oct-2026, 19.99, 20.50, 20.98, 20.50, 20.98, 20.98, 20.90, 59977, 12.54, 127, -, -
CARBORUNIV, EQ, 06-Oct-2026, 1267.60, 1285.70, 1295.90, 1260.10, 1269.50, 1269.60, 1272.49, 377930, 4809.11, 39898, 194861, 51.56
CARERATING, EQ, 06-Oct-2026, 1607.70, 1607.70, 1633.70, 1582.20, 1590.00, 1588.20, 1605.65, 38742, 622.06, 3555, 26363, 68.05
CARRARO, EQ, 06-Oct-2026, 518.90, 520.00, 530.00, 517.60, 523.00, 525.65, 524.63, 43978, 230.72, 4720, 25218, 57.34
CARTRADE, EQ, 06-Oct-2026, 2935.40, 2943.00, 2982.00, 2900.60, 2909.90, 2911.70, 2937.06, 121721, 3575.02, 17579, 44369, 36.45
CARYSIL, EQ, 06-Oct-2026, 1031.00, 1031.00, 1044.90, 1022.00, 1035.00, 1033.10, 1032.48, 48672, 502.53, 5219, 25777, 52.96
CASHIETF, EQ, 06-Oct-2026, 1082.41, 1082.54, 1082.56, 1082.54, 1082.56, 1082.55, 1082.55, 683722, 7401.61, 127, 443514, 64.87
CASTROLIND, EQ, 06-Oct-2026, 199.51, 199.99, 201.25, 198.74, 199.60, 200.20, 199.87, 1863669, 3724.98, 22114, 1128351, 60.54
CBAZAAR, SM, 06-Oct-2026, 5.30, 5.05, 5.45, 5.05, 5.05, 5.05, 5.11, 56000, 2.86, 7, 24000, 42.86
CCAVENUE, EQ, 06-Oct-2026, 14.99, 15.03, 15.49, 15.03, 15.40, 15.35, 15.34, 17222230, 2641.95, 12272, 11982484, 69.58
CCCL, EQ, 06-Oct-2026, 13.19, 13.39, 13.50, 12.91, 13.20, 13.10, 13.14, 139257, 18.29, 457, 115449, 82.90
CCHHL, EQ, 06-Oct-2026, 12.71, 12.89, 13.00, 12.70, 12.81, 12.81, 12.82, 4574, 0.59, 75, 4077, 89.13
CCL, EQ, 06-Oct-2026, 1051.90, 1048.60, 1071.00, 1026.60, 1046.00, 1054.90, 1050.43, 155651, 1635.01, 18166, 75233, 48.33
CDSL, EQ, 06-Oct-2026, 1250.00, 1255.00, 1267.90, 1251.50, 1263.40, 1263.40, 1259.51, 896613, 11292.93, 31144, 437970, 48.85
CEATLTD, EQ, 06-Oct-2026, 3283.00, 3283.40, 3342.30, 3278.30, 3330.00, 3328.70, 3311.53, 28932, 958.09, 6728, 11804, 40.80
CEDAAR, SM, 06-Oct-2026, 10.50, 11.00, 11.00, 11.00, 11.00, 11.00, 11.00, 3000, 0.33, 3, 3000, 100.00
CEIGALL, EQ, 06-Oct-2026, 383.95, 385.55, 385.55, 375.00, 375.20, 376.20, 379.91, 179646, 682.50, 3569, 105610, 58.79
CEINSYS, EQ, 06-Oct-2026, 649.60, 644.10, 747.70, 644.10, 708.00, 718.45, 712.71, 501355, 3573.20, 25282, 91389, 18.23
CELEBRITY, EQ, 06-Oct-2026, 6.41, 6.73, 6.73, 6.30, 6.45, 6.35, 6.39, 33165, 2.12, 82, 13182, 39.75
CELLECOR, SM, 06-Oct-2026, 29.40, 29.95, 30.00, 29.15, 29.45, 29.85, 29.81, 129000, 38.46, 20, 105000, 81.40
CELLO, EQ, 06-Oct-2026, 340.05, 340.00, 388.40, 340.00, 368.00, 369.15, 373.52, 20298731, 75819.38, 278812, 1958448, 9.65
CELLPOINT, SM, 06-Oct-2026, 15.85, 15.25, 16.20, 15.25, 16.20, 16.20, 15.68, 4800, 0.75, 4, 4800, 100.00
CEMNTGROWW, EQ, 06-Oct-2026, 13.62, 13.82, 13.82, 13.51, 13.70, 13.64, 13.62, 60769, 8.28, 270, 34302, 56.45
CEMPRO, EQ, 06-Oct-2026, 1156.60, 1168.80, 1169.00, 1145.50, 1156.00, 1159.80, 1157.95, 130790, 1514.48, 12703, 75676, 57.86
CENTENKA, EQ, 06-Oct-2026, 546.20, 543.50, 580.10, 543.40, 564.70, 566.60, 563.80, 51588, 290.85, 4010, 20622, 39.97
CENTEXT, EQ, 06-Oct-2026, 17.99, 18.20, 18.39, 17.80, 17.96, 17.88, 17.94, 121435, 21.79, 706, 94138, 77.52
CENTEXT-RE, BE, 06-Oct-2026, 2.79, 2.90, 2.90, 2.33, 2.40, 2.40, 2.54, 66287, 1.68, 214, -, -
CENTRALBK, EQ, 06-Oct-2026, 30.31, 30.48, 30.66, 30.10, 30.16, 30.19, 30.38, 3222967, 979.02, 11861, 1346577, 41.78
CENTRUM, EQ, 06-Oct-2026, 19.70, 20.20, 20.20, 19.47, 19.86, 19.80, 19.85, 253359, 50.29, 905, 174343, 68.81
CENTUM, EQ, 06-Oct-2026, 4584.10, 4619.90, 4654.90, 4425.90, 4460.00, 4451.00, 4486.87, 81692, 3665.41, 14601, 31283, 38.29
CENTURYPLY, EQ, 06-Oct-2026, 680.05, 680.10, 699.00, 674.05, 678.20, 679.85, 680.57, 100595, 684.62, 8922, 68141, 67.74
CERA, EQ, 06-Oct-2026, 5056.50, 5006.00, 5136.00, 5006.00, 5130.00, 5122.50, 5106.14, 2628, 134.19, 1074, 1143, 43.49
CESC, EQ, 06-Oct-2026, 133.73, 133.75, 136.12, 133.55, 134.55, 134.43, 134.95, 1795373, 2422.78, 36555, 1028629, 57.29
CEWATER, EQ, 06-Oct-2026, 259.10, 257.10, 261.90, 256.75, 260.15, 260.65, 259.35, 18552, 48.12, 1478, 8893, 47.94
CFEL, BE, 06-Oct-2026, 43.55, 43.50, 45.69, 43.50, 45.00, 45.00, 44.76, 3178, 1.42, 62, -, -
CGCL, EQ, 06-Oct-2026, 247.06, 247.06, 248.76, 241.72, 247.00, 246.88, 246.57, 5242811, 12927.33, 33250, 3583830, 68.36
CGPOWER, EQ, 06-Oct-2026, 882.30, 888.00, 913.30, 885.35, 912.00, 912.00, 904.51, 2540774, 22981.67, 49204, 1216650, 47.89
CGRAPHICS, SM, 06-Oct-2026, 150.85, 152.00, 156.00, 150.20, 156.00, 156.00, 153.01, 7200, 11.02, 9, 5600, 77.78
CGVAK, EQ, 06-Oct-2026, 147.99, 147.00, 153.85, 143.30, 148.65, 146.16, 144.08, 4859, 7.00, 89, 4722, 97.18
CHALET, EQ, 06-Oct-2026, 841.45, 841.50, 844.00, 816.10, 820.00, 818.20, 825.24, 83301, 687.44, 10941, 41228, 49.49
CHAMBLFERT, EQ, 06-Oct-2026, 397.60, 398.35, 406.00, 397.95, 406.00, 404.80, 403.50, 225621, 910.39, 11532, 109076, 48.34
CHANDAN, SM, 06-Oct-2026, 222.60, 224.00, 241.00, 221.05, 235.60, 235.95, 234.50, 36000, 84.42, 43, 22400, 62.22
CHAVDA, ST, 06-Oct-2026, 59.50, 57.00, 59.00, 56.65, 57.50, 58.35, 57.73, 24000, 13.86, 12, 20000, 83.33
CHEMBOND, EQ, 06-Oct-2026, 177.94, 180.88, 194.00, 178.10, 194.00, 191.83, 186.58, 10041, 18.73, 615, 6174, 61.49
CHEMBONDCH, BE, 06-Oct-2026, 214.85, 214.00, 225.59, 210.20, 222.55, 222.94, 221.89, 10935, 24.26, 169, -, -
CHEMCON, EQ, 06-Oct-2026, 213.86, 214.05, 219.89, 214.05, 216.41, 217.40, 217.45, 31102, 67.63, 825, 18536, 59.60
CHEMCRUX, EQ, 06-Oct-2026, 79.22, 80.20, 80.90, 77.00, 80.80, 80.21, 79.58, 5013, 3.99, 132, 4507, 89.91
CHEMFAB, EQ, 06-Oct-2026, 326.35, 318.00, 340.00, 317.85, 335.05, 338.50, 330.35, 3982, 13.15, 216, 3419, 85.86
CHEMICAL, EQ, 06-Oct-2026, 27.95, 28.09, 28.82, 28.09, 28.82, 28.63, 28.47, 291598, 83.02, 714, 244603, 83.88
CHEMPLASTS, EQ, 06-Oct-2026, 196.93, 196.15, 212.00, 195.61, 210.30, 210.24, 207.62, 1032680, 2144.05, 17387, 374866, 36.30
CHENNPETRO, EQ, 06-Oct-2026, 1401.00, 1409.40, 1431.00, 1385.00, 1405.60, 1405.70, 1405.20, 949377, 13340.62, 36759, 249963, 26.33
CHETANA, SM, 06-Oct-2026, 38.50, 38.25, 39.00, 38.00, 39.00, 39.00, 38.47, 12800, 4.92, 6, 9600, 75.00
CHEVIOT, EQ, 06-Oct-2026, 1165.70, 1166.00, 1169.50, 1133.00, 1147.00, 1152.90, 1148.34, 1698, 19.50, 208, 1296, 76.33
CHOICEGOLD, EQ, 06-Oct-2026, 145.93, 144.10, 146.03, 143.30, 145.94, 145.91, 145.16, 5127, 7.44, 107, 2649, 51.67
CHOICEIN, EQ, 06-Oct-2026, 726.00, 726.70, 738.00, 725.00, 727.00, 727.15, 730.35, 857731, 6264.44, 8976, 594212, 69.28
CHOLAFIN, EQ, 06-Oct-2026, 1605.40, 1606.90, 1616.00, 1594.30, 1611.00, 1611.00, 1609.12, 949646, 15280.92, 37655, 548018, 57.71
CHOLAHLDNG, EQ, 06-Oct-2026, 1404.40, 1402.40, 1433.30, 1402.40, 1424.90, 1424.60, 1418.86, 59351, 842.10, 7134, 25827, 43.52
CIEINDIA, EQ, 06-Oct-2026, 378.00, 376.55, 380.00, 375.25, 378.80, 379.00, 377.63, 95515, 360.69, 10111, 48058, 50.31
CIFL, EQ, 06-Oct-2026, 20.49, 20.99, 21.67, 20.25, 20.86, 20.68, 20.80, 250479, 52.09, 2646, 145782, 58.20
CINELINE, EQ, 06-Oct-2026, 86.22, 87.94, 88.40, 86.50, 87.25, 87.72, 87.43, 8115, 7.10, 165, 5521, 68.03
CINEVISTA, EQ, 06-Oct-2026, 13.79, 14.40, 14.40, 13.54, 13.95, 13.83, 13.67, 7751, 1.06, 59, 6818, 87.96
CIPLA, EQ, 06-Oct-2026, 1335.50, 1335.00, 1344.90, 1323.20, 1340.20, 1340.20, 1335.70, 575696, 7689.59, 35795, 333157, 57.87
CITIUSINVT, IV, 06-Oct-2026, 115.63, 116.78, 116.84, 115.25, 116.00, 115.31, 115.78, 210819, 244.08, 327, 201799, 95.72
CKKRETAIL, SM, 06-Oct-2026, 165.10, 171.00, 171.00, 171.00, 171.00, 171.00, 171.00, 800, 1.37, 1, 800, 100.00
CLASSICEIL, SM, 06-Oct-2026, 50.60, 51.00, 51.30, 48.55, 49.95, 49.95, 49.68, 28800, 14.31, 18, 22400, 77.78
CLAYCRAFT, SM, 06-Oct-2026, 169.40, 164.35, 174.95, 164.35, 174.45, 174.20, 172.66, 73200, 126.39, 98, 68400, 93.44
CLEAN, EQ, 06-Oct-2026, 799.80, 807.55, 830.80, 803.55, 824.80, 823.15, 822.81, 296158, 2436.81, 19132, 100173, 33.82
CLEANMAX, EQ, 06-Oct-2026, 1303.30, 1300.00, 1398.30, 1300.00, 1390.90, 1392.50, 1348.67, 465556, 6278.79, 33050, 212460, 45.64
CLEDUCATE, EQ, 06-Oct-2026, 55.02, 55.00, 55.48, 53.01, 54.05, 53.98, 54.16, 27803, 15.06, 148, 26729, 96.14
CLSEL, EQ, 06-Oct-2026, 283.10, 283.90, 294.90, 281.50, 291.00, 291.95, 291.00, 65438, 190.42, 2711, 23901, 36.52
CLSL, ST, 06-Oct-2026, 62.85, 60.05, 60.05, 60.00, 60.00, 60.00, 60.02, 6000, 3.60, 3, 6000, 100.00
CMLL, EQ, 06-Oct-2026, 507.20, 510.50, 519.50, 503.70, 515.40, 517.20, 510.76, 252471, 1289.51, 6487, 83383, 33.03
CMNL, SM, 06-Oct-2026, 115.00, 118.45, 120.00, 116.00, 120.00, 119.35, 118.68, 27750, 32.93, 24, 22500, 81.08
CMPDI, EQ, 06-Oct-2026, 207.13, 207.00, 212.49, 205.00, 208.55, 210.06, 209.88, 798679, 1676.23, 14265, 324469, 40.63
CMRGREEN, EQ, 06-Oct-2026, 221.48, 221.01, 228.00, 220.49, 227.50, 226.63, 225.19, 243468, 548.28, 5933, 118152, 48.53
CMSINFO, EQ, 06-Oct-2026, 218.98, 219.50, 221.59, 218.28, 220.50, 220.35, 219.65, 335302, 736.49, 7835, 212519, 63.38
CNL, EQ, 06-Oct-2026, 1071.90, 1063.70, 1083.00, 1055.10, 1066.40, 1070.00, 1069.46, 16254, 173.83, 712, 14423, 88.74
COALINDIA, EQ, 06-Oct-2026, 425.10, 426.05, 426.95, 410.60, 411.65, 411.65, 415.52, 5548430, 23055.01, 75761, 2893047, 52.14
COASTCORP, EQ, 06-Oct-2026, 35.68, 36.20, 36.48, 35.53, 36.02, 36.18, 35.97, 24372, 8.77, 326, 18856, 77.37
COCHINSHIP, EQ, 06-Oct-2026, 1283.80, 1285.20, 1293.10, 1273.50, 1282.00, 1282.00, 1281.07, 860827, 11027.78, 22890, 391198, 45.44
COCKERILL, EQ, 06-Oct-2026, 7868.50, 7834.00, 8004.00, 7834.00, 7931.00, 7978.50, 7941.64, 2569, 204.02, 819, 1403, 54.61
COFFEEDAY, EQ, 06-Oct-2026, 30.06, 29.60, 30.52, 29.10, 30.39, 30.03, 29.87, 789744, 235.88, 3338, 317987, 40.26
COFORGE, EQ, 06-Oct-2026, 1852.00, 1859.00, 1868.00, 1816.60, 1849.70, 1849.70, 1837.16, 1921707, 35304.75, 62699, 996271, 51.84
COHANCE, EQ, 06-Oct-2026, 446.80, 448.30, 459.20, 445.50, 459.00, 457.00, 452.70, 492779, 2230.80, 17648, 228101, 46.29
COLPAL, EQ, 06-Oct-2026, 1775.00, 1773.00, 1809.40, 1763.30, 1809.40, 1809.40, 1788.86, 557765, 9977.62, 18438, 378712, 67.90
COMFINTE, EQ, 06-Oct-2026, 6.18, 6.18, 6.50, 6.18, 6.26, 6.23, 6.36, 123107, 7.83, 360, 65993, 53.61
COMMOIETF, EQ, 06-Oct-2026, 93.55, 93.61, 94.45, 93.05, 93.72, 93.92, 93.93, 229895, 215.93, 3946, 216146, 94.02
COMPEAU, EQ, 06-Oct-2026, 349.30, 359.95, 364.55, 352.20, 364.00, 358.10, 363.49, 172, 0.63, 132, 140, 81.40
COMPINFO, BZ, 06-Oct-2026, 1.09, 1.05, 1.09, 1.05, 1.09, 1.08, 1.05, 4462, 0.05, 11, -, -
COMPUSOFT, EQ, 06-Oct-2026, 13.00, 13.00, 13.35, 12.65, 12.92, 12.90, 12.93, 13838, 1.79, 263, 7100, 51.31
COMSYN, EQ, 06-Oct-2026, 259.55, 262.40, 265.50, 257.75, 263.80, 263.00, 261.06, 267609, 698.63, 4176, 118907, 44.43
CONCOR, EQ, 06-Oct-2026, 441.45, 441.50, 446.50, 440.20, 445.85, 445.85, 444.03, 929976, 4129.37, 14852, 344871, 37.08
CONCORDBIO, EQ, 06-Oct-2026, 1355.90, 1352.00, 1375.00, 1348.20, 1373.00, 1368.80, 1361.40, 41856, 569.83, 9146, 18629, 44.51
CONFIPET, EQ, 06-Oct-2026, 86.18, 86.00, 87.80, 85.16, 86.95, 86.67, 86.39, 1393957, 1204.30, 19561, 596186, 42.77
CONNPLEX, SM, 06-Oct-2026, 244.45, 244.50, 250.00, 244.00, 247.50, 247.50, 247.24, 71200, 176.04, 34, 63200, 88.76
CONS, EQ, 06-Oct-2026, 11.28, 11.32, 11.45, 11.28, 11.45, 11.40, 11.37, 3393, 0.39, 142, 2388, 70.38
CONSOFINVT, BE, 06-Oct-2026, 284.25, 284.95, 290.00, 282.00, 283.20, 283.20, 284.07, 3292, 9.35, 26, -, -
CONSUMAXIS, EQ, 06-Oct-2026, 112.77, 113.23, 113.95, 113.00, 113.50, 113.50, 113.25, 4209, 4.77, 14, 2103, 49.96
CONSUMBEES, EQ, 06-Oct-2026, 122.10, 122.10, 123.88, 121.90, 123.88, 123.30, 122.91, 35903, 44.13, 569, 19952, 55.57
CONSUMER, EQ, 06-Oct-2026, 11.15, 11.37, 11.37, 11.20, 11.33, 11.31, 11.29, 51388, 5.80, 219, 43980, 85.58
CONSUMIETF, EQ, 06-Oct-2026, 113.58, 113.90, 119.70, 113.83, 115.24, 114.90, 114.46, 5551, 6.35, 146, 2529, 45.56
CONTI, SM, 06-Oct-2026, 9.80, 9.80, 9.80, 9.80, 9.80, 9.80, 9.80, 3333, 0.33, 1, 3333, 100.00
CONTROLPR, EQ, 06-Oct-2026, 616.30, 621.00, 625.00, 614.10, 625.00, 622.65, 619.30, 13088, 81.05, 1504, 8828, 67.45
COOLCAPS, SM, 06-Oct-2026, 21.10, 21.40, 21.80, 20.90, 21.45, 21.45, 21.49, 71250, 15.31, 57, 63750, 89.47
CORALFINAC, EQ, 06-Oct-2026, 30.21, 30.78, 33.48, 30.65, 31.37, 31.18, 31.96, 279647, 89.38, 2418, 117195, 41.91
CORDELIA, EQ, 06-Oct-2026, 100.83, 103.00, 105.10, 101.33, 104.32, 104.32, 103.42, 872052, 901.85, 7643, 400432, 45.92
CORDSCABLE, BE, 06-Oct-2026, 308.30, 308.65, 322.95, 300.00, 315.00, 314.35, 313.62, 39443, 123.70, 731, -, -
COREIN, ST, 06-Oct-2026, 82.55, 86.60, 86.65, 85.20, 86.65, 86.65, 86.60, 97600, 84.52, 32, 97600, 100.00
COROMANDEL, EQ, 06-Oct-2026, 1801.40, 1802.90, 1812.80, 1772.30, 1798.90, 1788.30, 1789.01, 149119, 2667.76, 15873, 94056, 63.07
CORONA, EQ, 06-Oct-2026, 2034.20, 2034.90, 2051.60, 2007.60, 2040.00, 2038.30, 2025.35, 26077, 528.15, 7090, 15335, 58.81
COSMOFIRST, EQ, 06-Oct-2026, 822.70, 822.00, 833.40, 815.00, 832.00, 829.15, 825.84, 23753, 196.16, 2321, 16030, 67.49
COUNCODOS, BE, 06-Oct-2026, 6.44, 6.42, 6.62, 6.40, 6.53, 6.51, 6.42, 71617, 4.60, 192, -, -
CPCAP, EQ, 06-Oct-2026, 134.45, 135.00, 161.34, 135.00, 154.00, 154.53, 157.73, 462318, 729.19, 5494, 153880, 33.28
CPEDU, EQ, 06-Oct-2026, 179.47, 179.47, 183.90, 179.47, 180.51, 181.29, 180.68, 1895, 3.42, 41, 1860, 98.15
CPL, EQ, 06-Oct-2026, 62.73, 62.04, 63.00, 61.62, 61.91, 62.12, 62.28, 14208, 8.85, 734, 7076, 49.80
CPPLUS, EQ, 06-Oct-2026, 3989.50, 4082.10, 4188.90, 3942.50, 3981.90, 3976.00, 4072.14, 432803, 17624.33, 46060, 205513, 47.48
CPS, SM, 06-Oct-2026, 1135.00, 1100.00, 1100.00, 1100.00, 1100.00, 1100.00, 1100.00, 150, 1.65, 1, 150, 100.00
CPSEETF, EQ, 06-Oct-2026, 90.09, 90.09, 90.95, 89.79, 90.35, 89.94, 90.16, 489544, 441.37, 5869, 277786, 56.74
CRAFTSMAN, EQ, 06-Oct-2026, 10251.00, 10299.00, 10412.00, 10200.00, 10276.00, 10348.00, 10315.93, 24314, 2508.21, 11423, 10804, 44.44
CRAMC, EQ, 06-Oct-2026, 220.23, 224.60, 225.56, 221.65, 225.56, 224.88, 223.86, 243147, 544.31, 5705, 127351, 52.38
CRAVATEX, EQ, 06-Oct-2026, 339.20, 336.00, 394.40, 336.00, 347.50, 374.60, 366.26, 817, 2.99, 43, 681, 83.35
CREATIVEYE, EQ, 06-Oct-2026, 5.90, 5.90, 6.47, 5.75, 5.91, 5.90, 5.85, 21039, 1.23, 70, 20273, 96.36
CREDENT, SM, 06-Oct-2026, 367.70, 368.00, 379.00, 368.00, 374.00, 375.50, 375.58, 28800, 108.17, 46, 22800, 79.17
CREDITACC, EQ, 06-Oct-2026, 1251.50, 1260.00, 1286.10, 1254.00, 1263.10, 1265.80, 1270.11, 122326, 1553.67, 17846, 61662, 50.41
CREST, EQ, 06-Oct-2026, 363.05, 363.20, 363.80, 357.75, 363.80, 359.90, 359.21, 838, 3.01, 52, 719, 85.80
CRESTO, BE, 06-Oct-2026, 20.99, 21.49, 21.99, 19.95, 20.02, 20.02, 20.51, 26637, 5.46, 91, -, -
CRISIL, EQ, 06-Oct-2026, 4505.80, 4505.80, 4549.90, 4480.50, 4501.00, 4523.30, 4525.10, 10499, 475.09, 4108, 4630, 44.10
CRIZAC, EQ, 06-Oct-2026, 168.24, 169.95, 172.72, 167.00, 168.30, 168.85, 168.92, 98903, 167.07, 3741, 61171, 61.85
CROMPTON, EQ, 06-Oct-2026, 211.50, 211.00, 213.06, 209.92, 211.98, 211.98, 212.09, 1180238, 2503.15, 17320, 482281, 40.86
CROWN, EQ, 06-Oct-2026, 111.06, 111.12, 112.80, 111.10, 112.46, 112.38, 111.77, 3230, 3.61, 95, 2659, 82.32
CRSL, BZ, 06-Oct-2026, 2.04, 2.08, 2.13, 2.03, 2.09, 2.05, 2.08, 239117, 4.97, 438, -, -
CSBBANK, EQ, 06-Oct-2026, 306.85, 309.85, 313.40, 304.35, 306.90, 305.85, 309.06, 416690, 1287.83, 17850, 186203, 44.69
CSLFINANCE, EQ, 06-Oct-2026, 209.79, 210.84, 210.84, 205.91, 207.00, 207.48, 207.73, 21357, 44.36, 497, 16935, 79.29
CSM, EQ, 06-Oct-2026, 93.68, 93.22, 94.29, 92.00, 93.10, 92.86, 93.18, 44966, 41.90, 1113, 22708, 50.50
CSSL, SM, 06-Oct-2026, 73.50, 75.50, 79.90, 75.50, 77.25, 77.35, 77.85, 13000, 10.12, 13, 7000, 53.85
CTE, BE, 06-Oct-2026, 37.22, 36.99, 37.88, 35.81, 37.51, 37.45, 36.93, 6495, 2.40, 63, -, -
CUB, EQ, 06-Oct-2026, 227.65, 229.50, 229.74, 223.05, 224.20, 223.75, 225.04, 1326402, 2984.93, 31091, 615641, 46.41
CUBEINVIT, IV, 06-Oct-2026, 155.02, 155.16, 156.00, 154.76, 154.81, 154.91, 155.36, 341889, 531.15, 7354, 314017, 91.85
CUBEXTUB, BE, 06-Oct-2026, 157.80, 150.00, 153.98, 149.91, 149.91, 149.91, 150.57, 94259, 141.93, 723, -, -
CUDML, SM, 06-Oct-2026, 102.60, 102.60, 102.60, 100.00, 100.60, 100.75, 101.01, 7000, 7.07, 7, 5000, 71.43
CUMMINSIND, EQ, 06-Oct-2026, 4832.30, 4832.30, 4932.00, 4808.00, 4919.00, 4919.00, 4873.32, 883370, 43049.44, 58373, 671014, 75.96
CUPID, EQ, 06-Oct-2026, 310.10, 310.95, 324.95, 310.10, 324.00, 324.20, 320.73, 24176893, 77543.55, 135345, 4693273, 19.41
CURAA, BE, 06-Oct-2026, 72.12, 72.30, 72.30, 72.30, 72.30, 72.30, 72.30, 14, 0.01, 5, -, -
CURRENT, SM, 06-Oct-2026, 98.00, 95.00, 95.00, 94.00, 94.00, 94.00, 94.50, 3200, 3.02, 2, 3200, 100.00
CYBERMEDIA, BE, 06-Oct-2026, 17.69, 18.33, 18.33, 17.02, 17.90, 17.85, 17.60, 12540, 2.21, 65, -, -
CYBERTECH, EQ, 06-Oct-2026, 139.10, 140.00, 144.80, 137.00, 143.98, 143.10, 141.78, 38204, 54.16, 629, 17479, 45.75
CYIENT, EQ, 06-Oct-2026, 1140.20, 1140.20, 1141.30, 1097.20, 1119.20, 1119.40, 1115.40, 550341, 6138.52, 39256, 202769, 36.84
CYIENTDLM, EQ, 06-Oct-2026, 946.80, 946.70, 964.00, 934.20, 938.10, 939.00, 946.30, 235010, 2223.91, 21195, 94219, 40.09
DABUR, EQ, 06-Oct-2026, 378.65, 377.85, 393.15, 375.30, 388.90, 388.90, 387.03, 2619919, 10139.85, 41294, 1256770, 47.97
DAICHI, BE, 06-Oct-2026, 315.00, 315.00, 321.75, 315.00, 320.00, 316.50, 316.06, 357, 1.13, 17, -, -
DALBHARAT, EQ, 06-Oct-2026, 1673.70, 1688.00, 1691.70, 1668.10, 1680.00, 1682.60, 1682.50, 25720, 432.74, 5690, 13032, 50.67
DALMIASUG, EQ, 06-Oct-2026, 430.15, 437.80, 466.95, 436.00, 450.20, 453.00, 453.15, 806757, 3655.85, 30926, 169102, 20.96
DAMCAPITAL, EQ, 06-Oct-2026, 146.75, 147.38, 153.80, 146.25, 152.90, 152.51, 151.14, 402836, 608.85, 6839, 135745, 33.70
DAMODARIND, BE, 06-Oct-2026, 26.50, 26.06, 27.00, 26.06, 26.95, 26.95, 26.38, 371, 0.10, 13, -, -
DANGEE, EQ, 06-Oct-2026, 2.92, 2.98, 3.12, 2.90, 3.07, 3.08, 3.01, 78767, 2.37, 117, 71265, 90.48
DANISH, SM, 06-Oct-2026, 933.10, 928.45, 1027.85, 928.45, 1019.00, 1010.00, 1000.32, 68550, 685.72, 377, 49800, 72.65
DATAMATICS, EQ, 06-Oct-2026, 769.75, 776.65, 776.65, 765.00, 771.00, 771.20, 771.69, 46833, 361.40, 2545, 19966, 42.63
DATAPATTNS, EQ, 06-Oct-2026, 4226.50, 4249.20, 4320.50, 4221.00, 4318.00, 4299.20, 4264.14, 362558, 15459.99, 47770, 129082, 35.60
DAVANGERE, EQ, 06-Oct-2026, 2.29, 2.32, 2.35, 2.23, 2.30, 2.27, 2.27, 6788229, 154.24, 2277, 3914512, 57.67
DBCORP, EQ, 06-Oct-2026, 171.08, 172.95, 175.08, 170.56, 175.08, 173.57, 172.75, 80253, 138.64, 1969, 32709, 40.76
DBEIL, EQ, 06-Oct-2026, 6.40, 6.40, 6.55, 6.33, 6.54, 6.52, 6.49, 1128176, 73.24, 353, 1089971, 96.61
DBL, EQ, 06-Oct-2026, 396.30, 396.50, 402.60, 394.60, 401.00, 400.80, 398.09, 58056, 231.12, 2662, 26462, 45.58
DBOL, EQ, 06-Oct-2026, 125.03, 126.50, 138.98, 126.00, 137.85, 137.90, 134.24, 1202685, 1614.44, 20109, 475001, 39.50
DBREALTY, EQ, 06-Oct-2026, 91.72, 92.48, 92.99, 89.47, 90.30, 90.08, 90.73, 660832, 599.59, 6805, 387045, 58.57
DBSTOCKBRO, BE, 06-Oct-2026, 31.58, 31.60, 33.15, 31.60, 33.15, 32.49, 32.36, 14368, 4.65, 41, -, -
DCAL, EQ, 06-Oct-2026, 151.50, 151.70, 155.89, 151.70, 153.21, 153.57, 153.95, 171019, 263.28, 3472, 86671, 50.68
DCBBANK, EQ, 06-Oct-2026, 197.36, 197.36, 202.40, 191.94, 198.00, 200.78, 197.73, 1579458, 3123.04, 34587, 890352, 56.37
DCG, ST, 06-Oct-2026, 72.60, 70.00, 71.95, 70.00, 71.95, 71.95, 70.83, 7200, 5.10, 6, 4800, 66.67
DCI, EQ, 06-Oct-2026, 343.15, 345.00, 350.00, 331.20, 342.00, 343.05, 340.31, 139887, 476.04, 3194, 47165, 33.72
DCM, EQ, 06-Oct-2026, 72.71, 72.55, 73.60, 71.41, 71.60, 71.96, 72.20, 3606, 2.60, 87, 2965, 82.22
DCMFINSERV, EQ, 06-Oct-2026, 5.02, 5.02, 5.30, 4.90, 5.22, 5.21, 5.14, 39463, 2.03, 158, 37834, 95.87
DCMNVL, BE, 06-Oct-2026, 171.37, 175.00, 175.00, 170.00, 172.00, 172.00, 172.28, 2049, 3.53, 15, -, -
DCMSHRIRAM, EQ, 06-Oct-2026, 1044.55, 1011.10, 1017.60, 982.50, 986.00, 988.85, 995.94, 406997, 4053.43, 30113, 85241, 20.94
DCMSIL, EQ, 06-Oct-2026, 77.42, 78.00, 80.65, 75.90, 78.44, 78.87, 78.28, 121166, 94.85, 1894, 54629, 45.09
DCMSRIND, EQ, 06-Oct-2026, 39.06, 39.79, 40.98, 39.00, 40.10, 39.78, 39.76, 716375, 284.83, 4972, 244376, 34.11
DCW, EQ, 06-Oct-2026, 44.69, 45.34, 46.51, 44.61, 46.44, 46.37, 45.81, 1400823, 641.76, 5001, 588084, 41.98
DCXINDIA, EQ, 06-Oct-2026, 156.82, 158.15, 161.38, 157.36, 160.80, 160.23, 159.78, 156839, 250.60, 3991, 81226, 51.79
DDEVPLSTIK, EQ, 06-Oct-2026, 243.13, 244.15, 252.76, 244.15, 251.99, 249.79, 248.04, 93705, 232.43, 2100, 55813, 59.56
DECCANCE, EQ, 06-Oct-2026, 552.05, 555.30, 562.00, 551.55, 555.00, 556.85, 557.31, 7577, 42.23, 328, 5614, 74.09
DECCANTRAN, SM, 06-Oct-2026, 19.55, 20.00, 21.10, 20.00, 20.50, 20.55, 20.50, 9600, 1.97, 7, 8400, 87.50
DECNGOLD, EQ, 06-Oct-2026, 188.57, 189.29, 199.90, 187.11, 199.80, 199.16, 194.50, 976493, 1899.30, 16063, 395330, 40.48
DEEDEV, EQ, 06-Oct-2026, 636.95, 648.00, 654.40, 635.10, 652.50, 651.70, 645.46, 113545, 732.89, 7129, 57937, 51.03
DEEP, BE, 06-Oct-2026, 42.76, 42.97, 43.50, 40.63, 41.00, 41.03, 41.91, 4033, 1.69, 73, -, -
DEEPA, EQ, 06-Oct-2026, 194.93, 195.45, 216.40, 194.00, 214.05, 214.04, 209.47, 7733667, 16199.56, 81333, 1896316, 24.52
DEEPAKFERT, EQ, 06-Oct-2026, 1297.70, 1305.00, 1391.90, 1296.40, 1384.00, 1385.60, 1358.17, 875190, 11886.59, 51082, 262234, 29.96
DEEPAKNTR, EQ, 06-Oct-2026, 1497.00, 1499.90, 1566.00, 1498.30, 1557.00, 1560.60, 1548.62, 279774, 4332.64, 24461, 140920, 50.37
DEEPINDS, EQ, 06-Oct-2026, 747.05, 742.60, 765.00, 734.20, 754.35, 748.95, 746.98, 205606, 1535.83, 11786, 89130, 43.35
DEFENCE, EQ, 06-Oct-2026, 76.68, 78.21, 78.21, 76.76, 77.87, 78.10, 77.89, 174437, 135.87, 574, 133075, 76.29
DELAPLEX, SM, 06-Oct-2026, 96.70, 85.10, 98.00, 85.10, 97.90, 95.50, 95.67, 10800, 10.33, 17, 4800, 44.44
DELHIVERY, EQ, 06-Oct-2026, 400.30, 400.30, 410.80, 400.30, 407.50, 407.50, 407.75, 2099830, 8562.00, 24327, 1126673, 53.66
DELPHIFX, BE, 06-Oct-2026, 7.03, 7.17, 7.17, 7.17, 7.17, 7.17, 7.17, 35900, 2.57, 28, -, -
DELTACORP, EQ, 06-Oct-2026, 85.43, 84.25, 88.60, 81.00, 84.25, 84.34, 85.33, 61115839, 52150.23, 218085, 5762396, 9.43
DELTAMAGNT, EQ, 06-Oct-2026, 54.87, 56.30, 58.40, 54.55, 58.26, 56.24, 56.84, 7038, 4.00, 235, 3415, 48.52
DELTIC, SM, 06-Oct-2026, 35.85, 38.90, 38.90, 35.90, 35.90, 35.90, 36.68, 5000, 1.83, 5, 4000, 80.00
DEN, EQ, 06-Oct-2026, 25.71, 25.87, 26.03, 24.40, 25.77, 25.78, 25.66, 411483, 105.58, 1372, 186500, 45.32
DENEERS, SM, 06-Oct-2026, 172.10, 172.25, 172.25, 166.10, 168.00, 167.05, 168.51, 13200, 22.24, 22, 9000, 68.18
DENORA, EQ, 06-Oct-2026, 731.65, 732.00, 747.00, 723.05, 733.00, 729.10, 737.00, 5581, 41.13, 550, 3235, 57.96
DENTA, EQ, 06-Oct-2026, 260.35, 264.00, 265.00, 260.00, 263.00, 263.20, 262.75, 42500, 111.67, 2089, 25884, 60.90
DENTALKART, SM, 06-Oct-2026, 465.00, 460.00, 500.05, 450.10, 500.00, 490.15, 477.33, 12750, 60.86, 49, 9000, 70.59
DEVIT, EQ, 06-Oct-2026, 20.52, 20.90, 22.49, 20.40, 21.90, 21.36, 21.09, 42921, 9.05, 775, 21451, 49.98
DEVX, EQ, 06-Oct-2026, 37.85, 38.49, 40.55, 38.11, 39.90, 39.62, 39.59, 278350, 110.19, 2007, 137118, 49.26
DEVYANI, EQ, 06-Oct-2026, 130.03, 130.90, 130.90, 129.03, 129.25, 129.53, 129.86, 415065, 539.02, 8589, 165294, 39.82
DGCONTENT, EQ, 06-Oct-2026, 24.91, 24.91, 25.98, 24.50, 24.52, 24.73, 24.99, 13336, 3.33, 104, 10481, 78.59
DHABRIYA, BE, 06-Oct-2026, 452.55, 451.70, 461.00, 445.00, 450.30, 454.35, 452.95, 4773, 21.62, 143, -, -
DHAMPURSUG, EQ, 06-Oct-2026, 176.85, 182.00, 192.00, 181.33, 187.80, 188.81, 188.03, 3999385, 7519.95, 50383, 773232, 19.33
DHANBANK, EQ, 06-Oct-2026, 26.49, 26.30, 30.48, 26.30, 29.25, 28.83, 28.60, 8680349, 2482.93, 25201, 1404837, 16.18
DHANLAXMI, SM, 06-Oct-2026, 23.10, 25.50, 26.85, 25.50, 26.50, 26.50, 26.39, 48000, 12.67, 20, 38000, 79.17
DHANSA, ST, 06-Oct-2026, 25.90, 25.90, 27.10, 25.90, 27.10, 27.10, 26.50, 4000, 1.06, 2, 4000, 100.00
DHANUKA, EQ, 06-Oct-2026, 907.40, 915.00, 921.05, 895.75, 911.00, 909.55, 905.28, 40985, 371.03, 2639, 25878, 63.14
DHARAN, BZ, 06-Oct-2026, 0.13, 0.14, 0.14, 0.13, 0.14, 0.14, 0.14, 5813343, 8.06, 988, -, -
DHARARAIL, SM, 06-Oct-2026, 141.15, 137.00, 141.10, 133.95, 141.10, 141.10, 137.88, 22000, 30.33, 16, 18000, 81.82
DHARIWAL, SM, 06-Oct-2026, 29.00, 29.00, 29.60, 27.65, 27.75, 27.85, 28.30, 72000, 20.37, 24, 45000, 62.50
DHARMAJ, EQ, 06-Oct-2026, 265.00, 270.30, 270.40, 264.25, 268.25, 266.55, 267.21, 53591, 143.20, 2333, 38920, 72.62
DHATRE, EQ, 06-Oct-2026, 3.93, 3.91, 4.07, 3.91, 3.98, 3.93, 3.96, 16483, 0.65, 136, 11830, 71.77
DHOOTTRANS, EQ, 06-Oct-2026, 1521.80, 1540.00, 1542.30, 1460.10, 1470.00, 1474.10, 1489.92, 1176554, 17529.66, 60277, 397979, 33.83
DHRUV, EQ, 06-Oct-2026, 19.51, 18.76, 20.23, 18.76, 19.50, 19.50, 19.68, 5649, 1.11, 64, 5534, 97.96
DHTL, SM, 06-Oct-2026, 24.75, 24.75, 24.75, 23.55, 23.55, 23.55, 24.27, 28000, 6.79, 13, 24800, 88.57
DHUNINV, EQ, 06-Oct-2026, 972.10, 980.00, 990.45, 961.05, 969.90, 966.90, 970.40, 275, 2.67, 47, 204, 74.18
DIACABS, BE, 06-Oct-2026, 350.80, 350.00, 368.30, 348.15, 368.30, 368.30, 366.11, 1146404, 4197.05, 10528, -, -
DIAMINESQ, EQ, 06-Oct-2026, 237.97, 235.20, 258.00, 235.20, 242.20, 244.54, 247.06, 32866, 81.20, 1065, 10773, 32.78
DIAMONDYD, EQ, 06-Oct-2026, 1058.80, 1061.40, 1096.00, 1056.10, 1081.20, 1088.20, 1072.33, 15772, 169.13, 767, 11238, 71.25
DICIND, EQ, 06-Oct-2026, 595.95, 600.00, 624.00, 597.00, 614.25, 619.20, 615.61, 1605, 9.88, 101, 890, 55.45
DIFFNKG, EQ, 06-Oct-2026, 451.25, 456.90, 456.90, 434.75, 451.50, 454.10, 444.05, 279011, 1238.95, 11705, 112904, 40.47
DIGIDRIVE, EQ, 06-Oct-2026, 17.80, 17.80, 18.25, 17.33, 18.25, 17.95, 17.86, 4048, 0.72, 83, 3735, 92.27
DIGIKORE, SM, 06-Oct-2026, 37.95, 37.20, 38.70, 35.05, 36.00, 36.15, 37.09, 49600, 18.40, 89, 39600, 79.84
DIGISPICE, EQ, 06-Oct-2026, 15.20, 15.40, 15.54, 14.90, 15.29, 15.12, 15.23, 35098, 5.34, 171, 27638, 78.75
DIGITIDE, EQ, 06-Oct-2026, 74.08, 75.00, 75.00, 73.00, 75.00, 74.01, 73.83, 141105, 104.18, 1729, 83565, 59.22
DIGJAMLMTD, BE, 06-Oct-2026, 47.61, 47.61, 48.20, 47.50, 47.50, 47.52, 47.58, 5177, 2.46, 25, -, -
DISAQ, EQ, 06-Oct-2026, 11487.00, 11365.00, 11732.00, 11208.00, 11699.00, 11540.00, 11415.46, 83, 9.47, 31, 69, 83.13
DISHTV, EQ, 06-Oct-2026, 2.10, 2.14, 2.14, 2.10, 2.13, 2.12, 2.11, 892250, 18.86, 1126, 631129, 70.73
DIVGIITTS, EQ, 06-Oct-2026, 1120.20, 1120.00, 1143.00, 1100.00, 1134.00, 1119.20, 1122.27, 71946, 807.43, 6919, 35338, 49.12
DIVIDEND, EQ, 06-Oct-2026, 33.80, 32.95, 33.90, 32.95, 33.82, 33.74, 33.78, 4091, 1.38, 85, 3148, 76.95
DIVINEHIRA, ST, 06-Oct-2026, 107.80, 107.80, 107.80, 105.90, 106.40, 106.40, 107.01, 9600, 10.27, 8, 9600, 100.00
DIVISLAB, EQ, 06-Oct-2026, 9196.00, 9210.00, 9557.50, 9165.00, 9550.00, 9550.00, 9419.47, 465106, 43810.50, 36790, 294969, 63.42
DIVOPPBEES, EQ, 06-Oct-2026, 72.29, 72.79, 72.79, 72.07, 72.15, 72.21, 72.20, 36074, 26.05, 670, 19294, 53.48
DIXON, EQ, 06-Oct-2026, 12748.00, 12751.00, 13039.00, 12660.00, 13015.00, 13015.00, 12892.54, 175676, 22649.10, 29242, 68434, 38.95
DJML, EQ, 06-Oct-2026, 73.11, 73.05, 74.20, 72.61, 74.10, 73.87, 73.59, 64590, 47.53, 363, 33560, 51.96
DLF, EQ, 06-Oct-2026, 673.00, 673.00, 675.50, 664.95, 666.10, 666.10, 669.15, 3799738, 25426.00, 67520, 2296045, 60.43
DLINKINDIA, EQ, 06-Oct-2026, 411.75, 411.75, 420.95, 410.50, 419.05, 419.95, 416.41, 37393, 155.71, 2843, 21933, 58.66
DMART, EQ, 06-Oct-2026, 3567.00, 3545.30, 3595.00, 3521.00, 3581.90, 3581.90, 3561.59, 827372, 29467.61, 37361, 366629, 44.31
DMCC, EQ, 06-Oct-2026, 319.10, 323.30, 374.15, 323.00, 354.00, 355.80, 356.98, 2942524, 10504.19, 72558, 329611, 11.20
DNAMEDIA, EQ, 06-Oct-2026, 2.34, 2.35, 2.45, 2.35, 2.39, 2.42, 2.42, 47647, 1.15, 100, 40303, 84.59
DODLA, EQ, 06-Oct-2026, 1015.60, 1015.60, 1023.60, 1007.20, 1023.00, 1019.90, 1015.39, 7697, 78.15, 1240, 3941, 51.20
DOLATALGO, EQ, 06-Oct-2026, 62.40, 63.93, 63.93, 61.90, 62.50, 62.46, 62.74, 111249, 69.80, 1031, 82931, 74.55
DOLLAR, EQ, 06-Oct-2026, 274.40, 275.00, 282.00, 273.60, 276.50, 278.55, 278.34, 68600, 190.94, 1654, 38019, 55.42
DOLLEX, EQ, 06-Oct-2026, 37.16, 39.87, 39.87, 36.00, 37.77, 36.92, 37.03, 21502, 7.96, 875, 10896, 50.67
DOLPHIN, EQ, 06-Oct-2026, 621.00, 619.70, 656.05, 615.00, 634.10, 643.35, 638.03, 103424, 659.88, 5220, 46699, 45.15
DOMS, EQ, 06-Oct-2026, 2079.80, 2079.80, 2085.00, 2065.00, 2067.20, 2073.20, 2072.06, 11709, 242.62, 3389, 6309, 53.88
DONEAR, EQ, 06-Oct-2026, 80.22, 81.48, 81.48, 80.25, 80.36, 80.39, 80.74, 4046, 3.27, 92, 3166, 78.25
DPABHUSHAN, EQ, 06-Oct-2026, 2130.50, 2098.60, 2190.00, 1917.50, 2190.00, 2174.00, 2052.50, 530780, 10894.24, 31134, 168082, 31.67
DPEL, SM, 06-Oct-2026, 608.50, 615.50, 615.85, 605.35, 615.00, 612.60, 611.56, 36000, 220.16, 63, 16500, 45.83
DPSCLTD, BE, 06-Oct-2026, 6.72, 6.62, 6.89, 6.49, 6.66, 6.56, 6.58, 162647, 10.71, 580, -, -
DPWIRES, EQ, 06-Oct-2026, 196.78, 212.23, 234.70, 199.00, 222.50, 221.54, 222.52, 1732403, 3854.96, 34904, 281447, 16.25
DRAGARWQ, EQ, 06-Oct-2026, 5215.00, 5215.00, 5323.50, 5161.00, 5199.00, 5195.00, 5230.06, 1620, 84.73, 811, 800, 49.38
DRCSYSTEMS, EQ, 06-Oct-2026, 13.04, 12.87, 13.33, 12.80, 12.80, 12.92, 13.02, 47066, 6.13, 235, 31510, 66.95
DREAMFOLKS, EQ, 06-Oct-2026, 60.50, 61.00, 62.37, 60.00, 60.50, 60.66, 60.99, 65169, 39.75, 1063, 40296, 61.83
DREDGECORP, EQ, 06-Oct-2026, 903.90, 904.30, 922.85, 899.20, 902.50, 909.00, 907.47, 69081, 626.89, 5719, 34238, 49.56
DRONE, SM, 06-Oct-2026, 32.55, 32.55, 34.00, 32.55, 33.65, 33.30, 33.41, 19000, 6.35, 27, 16500, 86.84
DRREDDY, EQ, 06-Oct-2026, 1203.00, 1207.00, 1212.70, 1195.00, 1208.00, 1208.00, 1205.23, 1638100, 19742.91, 40801, 841314, 51.36
DSFCL, BE, 06-Oct-2026, 27.89, 28.00, 28.90, 27.55, 28.00, 27.94, 28.01, 44546, 12.48, 209, -, -
DSKULKARNI, BE, 06-Oct-2026, 26.59, 27.12, 27.12, 27.12, 27.12, 27.12, 27.12, 1129, 0.31, 7, -, -
DSSL, EQ, 06-Oct-2026, 964.85, 960.00, 1013.05, 960.00, 1013.05, 1013.05, 1002.99, 34564, 346.67, 2164, 16990, 49.16
DTIL, BE, 06-Oct-2026, 157.86, 157.86, 157.86, 152.60, 154.00, 154.00, 155.67, 1881, 2.93, 54, -, -
DUCOL, SM, 06-Oct-2026, 122.25, 122.00, 122.00, 122.00, 122.00, 122.00, 122.00, 800, 0.98, 1, 800, 100.00
DUCON, EQ, 06-Oct-2026, 1.36, 1.42, 1.42, 1.42, 1.42, 1.42, 1.42, 314932, 4.47, 50, 314907, 99.99
DURLAX, SM, 06-Oct-2026, 63.40, 65.00, 65.35, 62.60, 63.75, 63.75, 63.89, 42000, 26.83, 21, 10000, 23.81
DVL, EQ, 06-Oct-2026, 271.65, 273.30, 279.00, 273.30, 277.30, 278.60, 277.51, 2212, 6.14, 147, 1615, 73.01
DWARKESH, EQ, 06-Oct-2026, 44.08, 45.15, 47.59, 45.13, 47.00, 46.86, 46.62, 6280361, 2928.12, 25675, 1148452, 18.29
DYCL, EQ, 06-Oct-2026, 434.85, 437.90, 450.00, 433.35, 446.95, 446.05, 444.10, 208326, 925.18, 7440, 88993, 42.72
DYNAMATECH, EQ, 06-Oct-2026, 14251.00, 14300.00, 14409.00, 14111.00, 14318.00, 14279.00, 14251.61, 25746, 3669.22, 8977, 10867, 42.21
DYNAMIC, SM, 06-Oct-2026, 127.95, 129.95, 136.00, 129.95, 131.00, 131.00, 131.39, 2500, 3.28, 4, 2500, 100.00
DYNPRO, EQ, 06-Oct-2026, 220.44, 225.58, 225.59, 220.00, 220.80, 221.55, 221.84, 4792, 10.63, 203, 3032, 63.27
E2E, BE, 06-Oct-2026, 656.10, 665.00, 688.90, 662.00, 688.90, 688.90, 686.08, 857233, 5881.34, 6924, -, -
E2ERAIL, SM, 06-Oct-2026, 312.25, 313.90, 321.70, 310.00, 312.00, 312.65, 315.52, 43200, 136.30, 49, 23200, 53.70
EASEMYTRIP, EQ, 06-Oct-2026, 5.77, 5.77, 5.84, 5.76, 5.81, 5.80, 5.79, 5918087, 342.63, 4568, 2328632, 39.35
EASTSILK, BE, 06-Oct-2026, 66.66, 69.34, 69.99, 67.20, 67.20, 67.20, 69.89, 1891, 1.32, 16, -, -
EASTWEST, EQ, 06-Oct-2026, 2.32, 2.35, 2.36, 2.20, 2.22, 2.22, 2.25, 113939, 2.56, 187, 71287, 62.57
EBANK10, EQ, 06-Oct-2026, 16.05, 16.19, 16.30, 16.05, 16.30, 16.30, 16.24, 21, 0.00, 5, 20, 95.24
EBANKNIFTY, EQ, 06-Oct-2026, 56.95, 55.99, 55.99, 55.54, 55.75, 55.70, 55.68, 4682, 2.61, 59, 4614, 98.55
EBBETF0430, EQ, 06-Oct-2026, 1605.61, 1637.72, 1637.72, 1603.80, 1607.31, 1607.48, 1607.65, 13199, 212.19, 361, 12411, 94.03
EBBETF0431, EQ, 06-Oct-2026, 1427.09, 1431.00, 1432.00, 1425.50, 1431.99, 1427.32, 1427.56, 13373, 190.91, 157, 12142, 90.79
EBBETF0433, EQ, 06-Oct-2026, 1298.98, 1301.59, 1303.97, 1296.91, 1297.70, 1301.26, 1300.33, 2861, 37.20, 93, 2245, 78.47
EBGNG, EQ, 06-Oct-2026, 695.45, 700.00, 712.00, 648.70, 686.00, 685.15, 682.96, 783243, 5349.22, 31555, 309722, 39.54
EBIX, BE, 06-Oct-2026, 16.91, 17.50, 17.50, 16.88, 17.00, 17.01, 17.05, 13725, 2.34, 61, -, -
ECAPINSURE, EQ, 06-Oct-2026, 22.94, 23.29, 23.50, 22.51, 23.44, 23.35, 23.08, 65357, 15.08, 206, 42169, 64.52
ECLERX, EQ, 06-Oct-2026, 1884.30, 1884.00, 1936.40, 1878.00, 1920.00, 1917.20, 1904.29, 184481, 3513.06, 30003, 84000, 45.53
ECOLINE, SM, 06-Oct-2026, 182.00, 188.00, 189.00, 182.05, 184.95, 184.95, 186.78, 131000, 244.68, 41, 111000, 84.73
ECORECO, EQ, 06-Oct-2026, 427.30, 429.90, 442.00, 418.00, 442.00, 438.70, 432.86, 11679, 50.55, 1091, 5750, 49.23
ECOSMOBLTY, EQ, 06-Oct-2026, 105.44, 106.60, 114.89, 105.00, 111.00, 110.42, 110.38, 175431, 193.65, 3122, 76814, 43.79
EDELWEISS, EQ, 06-Oct-2026, 135.47, 136.12, 138.19, 133.80, 135.95, 135.53, 135.78, 2547963, 3459.66, 21886, 1091258, 42.83
EEPL, ST, 06-Oct-2026, 134.00, 128.05, 136.00, 128.05, 136.00, 136.00, 133.98, 11000, 14.74, 11, 11000, 100.00
EFACTOR, SM, 06-Oct-2026, 175.60, 181.00, 185.45, 176.00, 183.50, 183.50, 180.99, 12800, 23.17, 21, 9600, 75.00
EFCIL, EQ, 06-Oct-2026, 168.74, 170.00, 173.80, 165.94, 170.00, 170.10, 169.09, 480175, 811.93, 6546, 296281, 61.70
EFFWA, SM, 06-Oct-2026, 350.90, 343.55, 357.00, 338.95, 343.35, 343.35, 345.05, 29600, 102.13, 45, 22000, 74.32
EFORCE, SM, 06-Oct-2026, 18.50, 17.10, 18.00, 17.10, 18.00, 18.00, 17.71, 8400, 1.49, 7, 6000, 71.43
EGOLD, EQ, 06-Oct-2026, 146.95, 146.90, 147.15, 145.75, 146.15, 147.05, 147.03, 444585, 653.67, 433, 434184, 97.66
EICHERMOT, EQ, 06-Oct-2026, 7021.50, 7065.00, 7074.50, 6976.00, 7051.00, 7051.00, 7037.21, 233372, 16422.89, 29875, 123780, 53.04
EIDPARRY, EQ, 06-Oct-2026, 691.95, 698.00, 710.70, 695.00, 696.00, 699.20, 701.97, 314300, 2206.28, 19647, 137660, 43.80
EIEL, EQ, 06-Oct-2026, 180.61, 182.38, 186.40, 182.38, 186.25, 185.54, 184.90, 1234338, 2282.33, 13477, 558726, 45.27
EIFFL, BE, 06-Oct-2026, 262.40, 257.40, 267.55, 257.40, 259.50, 259.50, 260.59, 1400, 3.65, 13, -, -
EIHAHOTELS, EQ, 06-Oct-2026, 294.40, 294.40, 299.70, 293.00, 299.00, 297.80, 296.72, 10394, 30.84, 603, 7288, 70.12
EIHOTEL, EQ, 06-Oct-2026, 298.30, 300.80, 301.75, 297.80, 299.10, 300.70, 299.80, 96830, 290.30, 5200, 48278, 49.86
EIMCOELECO, EQ, 06-Oct-2026, 2241.90, 2251.40, 2415.90, 2251.40, 2379.90, 2371.80, 2350.20, 81588, 1917.48, 9362, 34887, 42.76
EKC, EQ, 06-Oct-2026, 105.13, 104.50, 108.50, 104.50, 106.10, 106.54, 106.04, 114189, 121.09, 1828, 47907, 41.95
EKI, BE, 06-Oct-2026, 93.06, 93.06, 93.06, 88.41, 88.41, 88.41, 88.67, 18606, 16.50, 267, -, -
ELANTAS, EQ, 06-Oct-2026, 13214.00, 13261.00, 14097.00, 13261.00, 14087.00, 13937.00, 13904.09, 6923, 962.58, 1710, 3939, 56.90
ELCIDIN, EQ, 06-Oct-2026, 102000.00, 102000.00, 102975.00, 98005.00, 102975.00, 102975.00, 100709.00, 10, 10.07, 9, 6, 60.00
ELDEHSG, EQ, 06-Oct-2026, 773.55, 785.00, 789.75, 766.15, 785.90, 785.20, 779.29, 41, 0.32, 12, 22, 53.66
ELECON, EQ, 06-Oct-2026, 446.35, 446.40, 449.70, 440.40, 449.00, 446.30, 444.12, 307847, 1367.21, 12590, 137678, 44.72
ELECTCAST, EQ, 06-Oct-2026, 75.26, 75.44, 80.98, 74.77, 79.15, 78.97, 79.32, 7872274, 6244.67, 47319, 2853665, 36.25
ELECTHERM, EQ, 06-Oct-2026, 702.40, 725.40, 755.80, 711.10, 730.00, 735.25, 735.17, 57868, 425.43, 3819, 23408, 40.45
ELEVATE, EQ, 06-Oct-2026, 333.15, 339.00, 341.90, 327.05, 339.95, 337.75, 334.74, 2160676, 7232.54, 79639, 911333, 42.18
ELGIEQUIP, EQ, 06-Oct-2026, 591.20, 590.80, 601.95, 587.50, 596.00, 599.25, 595.01, 316791, 1884.94, 19996, 163869, 51.73
ELGIRUBCO, EQ, 06-Oct-2026, 51.56, 52.50, 59.80, 51.61, 56.55, 55.97, 57.12, 256656, 146.60, 3180, 74493, 29.02
ELGNZ, SM, 06-Oct-2026, 81.95, 79.25, 80.00, 78.35, 80.00, 80.00, 79.18, 11000, 8.71, 11, 9000, 81.82
ELIN, EQ, 06-Oct-2026, 78.97, 78.97, 80.70, 78.10, 79.00, 78.84, 79.06, 120244, 95.07, 1639, 70302, 58.47
ELIQUID, EQ, 06-Oct-2026, 1050.52, 1050.68, 1050.68, 1050.67, 1050.68, 1050.67, 1050.68, 68894, 723.86, 19, 68894, 100.00
ELITECON, EQ, 06-Oct-2026, 7.49, 7.40, 7.49, 7.20, 7.25, 7.24, 7.28, 8019054, 583.50, 8187, 5009991, 62.48
ELLEN, EQ, 06-Oct-2026, 332.55, 330.10, 353.80, 330.10, 351.00, 348.20, 342.50, 694949, 2380.23, 13812, 344118, 49.52
ELM250, EQ, 06-Oct-2026, 15.46, 15.60, 15.82, 15.58, 15.80, 15.80, 15.75, 31418, 4.95, 193, 23602, 75.12
ELMDIV, EQ, 06-Oct-2026, 34.39, 34.55, 34.62, 34.34, 34.49, 34.49, 34.39, 335, 0.12, 7, 301, 89.85
ELPROINTL, EQ, 06-Oct-2026, 174.59, 173.72, 174.75, 172.08, 174.75, 174.39, 173.84, 1613, 2.80, 77, 1303, 80.78
EMAMILTD, EQ, 06-Oct-2026, 377.75, 377.90, 387.50, 374.00, 385.00, 384.00, 380.12, 2900756, 11026.32, 35906, 1902372, 65.58
EMAMIPAP, BE, 06-Oct-2026, 115.01, 116.38, 116.38, 113.60, 116.20, 115.20, 114.90, 12243, 14.07, 115, -, -
EMAMIREAL, EQ, 06-Oct-2026, 68.06, 69.00, 69.90, 66.50, 68.50, 68.43, 68.21, 5789, 3.95, 441, 4392, 75.87
EMAPARTNER, SM, 06-Oct-2026, 83.90, 72.00, 82.90, 72.00, 82.90, 82.05, 80.42, 11000, 8.85, 8, 7000, 63.64
EMBASSY, RR, 06-Oct-2026, 427.16, 428.10, 432.40, 427.16, 431.00, 431.21, 429.21, 300172, 1288.37, 17842, 230715, 76.86
EMBDL, EQ, 06-Oct-2026, 56.05, 56.30, 58.64, 56.30, 57.20, 57.33, 57.57, 1258961, 724.81, 7050, 498737, 39.61
EMCURE, EQ, 06-Oct-2026, 1937.10, 1937.10, 1954.90, 1890.00, 1920.50, 1922.40, 1905.97, 379767, 7238.23, 18754, 316522, 83.35
EMETAL, EQ, 06-Oct-2026, 12.58, 12.58, 12.67, 12.57, 12.66, 12.57, 12.59, 12129, 1.53, 31, 12097, 99.74
EMIL, EQ, 06-Oct-2026, 205.10, 206.00, 209.90, 199.42, 200.66, 201.42, 205.09, 6266534, 12852.27, 53896, 1370909, 21.88
EMKAY, EQ, 06-Oct-2026, 280.20, 283.80, 289.00, 281.00, 284.25, 285.60, 284.77, 16864, 48.02, 614, 10339, 61.31
EMKAYTOOLS, SM, 06-Oct-2026, 98.00, 94.50, 95.00, 92.55, 94.00, 94.00, 93.78, 1350, 1.27, 8, 1050, 77.78
EMMBI, EQ, 06-Oct-2026, 86.08, 85.00, 88.30, 85.00, 88.30, 88.15, 86.88, 7258, 6.31, 114, 5475, 75.43
EMMIL, SM, 06-Oct-2026, 129.00, 130.00, 136.00, 125.15, 129.90, 129.95, 130.94, 14250, 18.66, 31, 11500, 80.70
EMMVEE, EQ, 06-Oct-2026, 296.25, 297.00, 299.30, 293.10, 297.00, 296.50, 296.83, 1073102, 3185.33, 28158, 533107, 49.68
EMPIND, EQ, 06-Oct-2026, 1034.00, 1051.90, 1054.00, 1035.00, 1040.00, 1040.00, 1041.10, 9488, 98.78, 204, 9140, 96.33
EMPOWER, EQ, 06-Oct-2026, 1.61, 1.69, 1.69, 1.65, 1.69, 1.68, 1.69, 30334293, 512.20, 4976, 24213709, 79.82
EMSLIMITED, EQ, 06-Oct-2026, 327.80, 329.00, 340.45, 329.00, 335.50, 334.25, 333.45, 112594, 375.45, 4587, 51479, 45.72
EMUDHRA, EQ, 06-Oct-2026, 599.00, 599.00, 610.00, 593.00, 609.65, 607.90, 601.97, 267269, 1608.87, 10930, 82946, 31.03
EMULTIMQ, EQ, 06-Oct-2026, 39.91, 40.14, 40.65, 40.12, 40.59, 40.56, 40.51, 18853, 7.64, 113, 12169, 64.55
ENCOMPAS, SM, 06-Oct-2026, 252.50, 255.00, 255.00, 253.60, 254.00, 254.00, 254.02, 10400, 26.42, 11, 10000, 96.15
ENDURANCE, EQ, 06-Oct-2026, 2526.50, 2530.00, 2553.20, 2512.00, 2514.00, 2516.00, 2531.99, 75266, 1905.72, 21461, 45551, 60.52
ENERGY, EQ, 06-Oct-2026, 36.83, 36.84, 37.28, 36.84, 37.28, 37.21, 37.18, 112302, 41.76, 803, 76330, 67.97
ENERGYAXIS, EQ, 06-Oct-2026, 18.36, 18.59, 18.59, 18.37, 18.41, 18.42, 18.43, 8261, 1.52, 54, 3595, 43.52
ENERGYDEV, EQ, 06-Oct-2026, 14.40, 14.54, 14.80, 14.21, 14.28, 14.36, 14.45, 7848, 1.13, 204, 6063, 77.26
ENEXT50, EQ, 06-Oct-2026, 69.21, 69.70, 69.92, 69.50, 69.92, 69.92, 69.86, 595, 0.42, 8, 595, 100.00
ENFUSE, SM, 06-Oct-2026, 150.00, 154.00, 154.00, 154.00, 154.00, 154.00, 154.00, 600, 0.92, 1, 600, 100.00
ENGINERSIN, EQ, 06-Oct-2026, 307.85, 309.00, 320.80, 306.40, 313.90, 313.30, 314.68, 5178995, 16297.22, 62892, 1685117, 32.54
ENIFTY, EQ, 06-Oct-2026, 22.79, 22.87, 23.02, 22.87, 23.02, 23.02, 22.94, 2412, 0.55, 58, 1947, 80.72
ENIL, EQ, 06-Oct-2026, 91.69, 94.30, 94.30, 91.60, 92.50, 92.24, 92.11, 4896, 4.51, 112, 4269, 87.19
ENKEIWHEL, EQ, 06-Oct-2026, 392.40, 392.00, 392.00, 382.25, 385.65, 386.60, 387.86, 3389, 13.14, 97, 3311, 97.70
ENRIN, EQ, 06-Oct-2026, 3316.40, 3333.00, 3354.90, 3288.20, 3307.50, 3307.50, 3320.74, 288526, 9581.19, 25652, 143377, 49.69
ENSER, SM, 06-Oct-2026, 14.70, 14.65, 16.15, 14.65, 15.40, 15.30, 15.32, 535000, 81.98, 78, 410000, 76.64
ENTERO, EQ, 06-Oct-2026, 1697.10, 1702.00, 1744.00, 1682.70, 1744.00, 1721.60, 1704.21, 63943, 1089.72, 8095, 32875, 51.41
ENVIRO, SM, 06-Oct-2026, 70.95, 71.50, 71.95, 71.00, 71.80, 71.80, 71.06, 110000, 78.16, 11, 109000, 99.09
EPACK, EQ, 06-Oct-2026, 168.13, 168.13, 175.00, 168.13, 174.50, 173.75, 171.57, 300391, 515.37, 5763, 143219, 47.68
EPACKPEB, EQ, 06-Oct-2026, 249.74, 249.75, 252.79, 245.98, 247.66, 247.82, 249.07, 361765, 901.06, 12722, 185672, 51.32
EPIGRAL, EQ, 06-Oct-2026, 1017.30, 1007.40, 1062.00, 1005.80, 1030.30, 1036.20, 1039.18, 67127, 697.57, 6294, 28872, 43.01
EPL, EQ, 06-Oct-2026, 236.50, 237.40, 239.00, 232.29, 235.35, 237.23, 235.79, 1423426, 3356.23, 27546, 763345, 53.63
EPWINDIA, SM, 06-Oct-2026, 242.70, 250.00, 250.00, 225.05, 230.00, 228.60, 236.37, 21600, 51.06, 16, 18000, 83.33
EQUAL200, EQ, 06-Oct-2026, 13.01, 13.07, 13.14, 13.06, 13.14, 13.13, 13.11, 27110, 3.55, 35, 27110, 100.00
EQUAL50, EQ, 06-Oct-2026, 310.43, 310.43, 316.64, 310.43, 312.60, 312.60, 311.92, 20652, 64.42, 63, 15610, 75.59
EQUAL50ADD, EQ, 06-Oct-2026, 322.16, 323.77, 325.60, 321.28, 325.60, 323.46, 322.87, 8527, 27.53, 284, 5796, 67.97
EQUIPPP, BE, 06-Oct-2026, 21.85, 21.85, 22.50, 21.85, 22.50, 22.50, 21.97, 1849, 0.41, 15, -, -
EQUITASBNK, EQ, 06-Oct-2026, 68.28, 68.28, 69.42, 67.84, 67.95, 67.96, 68.53, 626333, 429.22, 8898, 264947, 42.30
ERIS, EQ, 06-Oct-2026, 1188.60, 1188.60, 1201.30, 1175.00, 1186.90, 1184.70, 1188.49, 47481, 564.30, 7089, 27106, 57.09
ESABINDIA, EQ, 06-Oct-2026, 5514.00, 5516.00, 5619.00, 5513.00, 5619.00, 5608.00, 5582.62, 2318, 129.41, 559, 1645, 70.97
ESAFSFB, BE, 06-Oct-2026, 43.18, 43.18, 43.45, 41.79, 42.39, 42.15, 42.68, 353896, 151.03, 1164, -, -
ESCONET, ST, 06-Oct-2026, 242.65, 245.00, 245.00, 230.55, 235.20, 232.85, 236.29, 28000, 66.16, 65, 27600, 98.57
ESCORTS, EQ, 06-Oct-2026, 2820.90, 2820.90, 2867.00, 2785.30, 2797.20, 2811.70, 2833.03, 106436, 3015.36, 15377, 57740, 54.25
ESDS, EQ, 06-Oct-2026, 1362.40, 1294.30, 1294.30, 1294.30, 1294.30, 1294.30, 1294.30, 151322, 1958.56, 4391, 151271, 99.97
ESENSEX, EQ, 06-Oct-2026, 73.41, 73.46, 73.64, 73.00, 73.64, 73.64, 73.24, 876, 0.64, 12, 871, 99.43
ESFL, SM, 06-Oct-2026, 112.10, 111.00, 113.00, 111.00, 112.05, 112.55, 112.32, 12600, 14.15, 22, 11520, 91.43
ESG, EQ, 06-Oct-2026, 38.59, 38.19, 39.60, 38.19, 38.99, 38.88, 38.88, 35325, 13.74, 47, 34612, 97.98
ESILVER, EQ, 06-Oct-2026, 221.74, 220.69, 221.24, 218.00, 220.48, 220.35, 219.42, 41159, 90.31, 1104, 14180, 34.45
ESPRIT, SM, 06-Oct-2026, 63.90, 63.95, 63.95, 62.00, 62.00, 62.00, 63.18, 9600, 6.07, 6, 9600, 100.00
ESSARSHPNG, EQ, 06-Oct-2026, 17.04, 17.06, 17.55, 16.36, 17.00, 16.72, 17.07, 385151, 65.73, 1516, 225388, 58.52
ESSENTIA, EQ, 06-Oct-2026, 1.01, 1.01, 1.03, 1.01, 1.02, 1.01, 1.02, 646672, 6.58, 544, 379506, 58.69
ESTER, EQ, 06-Oct-2026, 93.40, 93.60, 96.96, 93.50, 93.80, 93.87, 95.22, 127496, 121.41, 1465, 75221, 59.00
ETERNAL, EQ, 06-Oct-2026, 320.80, 322.50, 330.20, 319.10, 329.00, 329.00, 325.78, 27075757, 88206.29, 178606, 16796736, 62.04
ETHOSLTD, EQ, 06-Oct-2026, 2602.30, 2608.00, 2646.30, 2590.00, 2603.00, 2621.20, 2632.11, 112877, 2971.04, 9419, 93524, 82.85
ETL, SM, 06-Oct-2026, 1155.00, 1125.00, 1125.00, 1125.00, 1125.00, 1125.00, 1125.00, 150, 1.69, 1, 150, 100.00
ETML, SM, 06-Oct-2026, 73.45, 73.45, 73.45, 72.10, 73.00, 72.95, 73.07, 36000, 26.31, 15, 31200, 86.67
EUREKAFORB, EQ, 06-Oct-2026, 342.15, 343.90, 354.60, 342.15, 353.95, 353.80, 350.89, 129684, 455.05, 8067, 84868, 65.44
EUROBOND, EQ, 06-Oct-2026, 144.32, 148.89, 148.89, 141.20, 143.99, 143.40, 143.80, 6632, 9.54, 111, 4760, 71.77
EUROPRATIK, EQ, 06-Oct-2026, 183.41, 184.70, 185.18, 176.88, 179.65, 180.02, 181.17, 241612, 437.74, 4400, 167793, 69.45
EUROTEXIND, EQ, 06-Oct-2026, 16.51, 17.33, 17.33, 15.70, 16.99, 16.33, 16.71, 35577, 5.94, 154, 19526, 54.88
EVEREADY, EQ, 06-Oct-2026, 318.10, 321.00, 321.90, 315.30, 319.15, 320.10, 319.77, 58694, 187.68, 1909, 39424, 67.17
EVERESTIND, EQ, 06-Oct-2026, 478.15, 470.00, 524.00, 465.00, 513.00, 515.95, 503.57, 52175, 262.74, 1310, 41400, 79.35
EVIETF, EQ, 06-Oct-2026, 30.01, 30.61, 30.90, 29.97, 30.40, 30.28, 30.23, 225495, 68.17, 580, 146329, 64.89
EVINDIA, EQ, 06-Oct-2026, 30.04, 30.00, 30.34, 29.98, 30.34, 30.28, 30.23, 80305, 24.28, 1276, 60823, 75.74
EXCELINDUS, EQ, 06-Oct-2026, 912.95, 920.10, 928.40, 910.55, 927.00, 924.10, 921.55, 6357, 58.58, 616, 3206, 50.43
EXCELLENT, ST, 06-Oct-2026, 194.90, 185.50, 185.50, 185.50, 185.50, 185.50, 185.50, 1600, 2.97, 1, 1600, 100.00
EXCELSOFT, EQ, 06-Oct-2026, 80.00, 80.09, 83.34, 79.82, 82.11, 82.10, 81.91, 419250, 343.41, 4501, 143964, 34.34
EXICOM, EQ, 06-Oct-2026, 150.77, 150.70, 157.75, 150.70, 157.05, 156.17, 155.07, 535223, 829.95, 7763, 217786, 40.69
EXIDEIND, EQ, 06-Oct-2026, 405.25, 405.20, 410.40, 403.75, 406.20, 405.75, 406.86, 1097415, 4464.89, 35111, 568176, 51.77
EXIMROUTES, SM, 06-Oct-2026, 87.00, 87.40, 87.40, 87.40, 87.40, 87.40, 87.40, 800, 0.70, 1, 800, 100.00
EXPLEOSOL, EQ, 06-Oct-2026, 863.45, 868.70, 888.00, 867.00, 881.00, 878.85, 879.17, 18786, 165.16, 1681, 10739, 57.16
EXXARO, EQ, 06-Oct-2026, 6.05, 6.24, 6.69, 6.07, 6.13, 6.14, 6.36, 765535, 48.71, 1038, 244749, 31.97
FABTECH, EQ, 06-Oct-2026, 141.87, 143.40, 143.40, 140.00, 142.16, 141.04, 141.02, 40571, 57.21, 871, 25538, 62.95
FACT, EQ, 06-Oct-2026, 731.75, 739.90, 765.00, 732.05, 762.50, 759.00, 750.52, 131471, 986.71, 9470, 32721, 24.89
FAIRCHEMOR, EQ, 06-Oct-2026, 682.25, 682.00, 703.80, 667.50, 671.00, 679.30, 687.00, 131897, 906.14, 3745, 62323, 47.25
FASCINATE, SM, 06-Oct-2026, 77.60, 81.45, 81.45, 81.45, 81.45, 81.45, 81.45, 74400, 60.60, 50, 62400, 83.87
FAZE3Q, EQ, 06-Oct-2026, 425.00, 420.00, 450.00, 420.00, 446.25, 445.75, 440.18, 35186, 154.88, 1558, 21043, 59.81
FCL, EQ, 06-Oct-2026, 54.03, 54.08, 59.43, 54.08, 59.06, 59.20, 58.43, 41395324, 24186.89, 82974, 13456583, 32.51
FCSSOFT, EQ, 06-Oct-2026, 1.38, 1.38, 1.42, 1.38, 1.42, 1.41, 1.40, 2086137, 29.15, 1146, 864206, 41.43
FDC, EQ, 06-Oct-2026, 331.30, 333.80, 338.00, 332.05, 333.20, 333.65, 334.47, 113050, 378.12, 7717, 65822, 58.22
FEDDERSHOL, EQ, 06-Oct-2026, 64.23, 64.23, 75.99, 63.05, 64.50, 64.25, 68.72, 46653683, 32062.60, 171479, 3773257, 8.09
FEDERALBNK, EQ, 06-Oct-2026, 327.35, 328.10, 329.55, 319.25, 320.00, 320.00, 322.54, 4338051, 13991.92, 65414, 2509948, 57.86
FEDFINA, EQ, 06-Oct-2026, 149.64, 149.65, 151.94, 149.50, 151.20, 150.72, 150.99, 530026, 800.29, 10187, 289543, 54.63
FEL, BZ, 06-Oct-2026, 0.38, 0.39, 0.39, 0.37, 0.37, 0.37, 0.37, 477406, 1.78, 139, -, -
FELDVR, BZ, 06-Oct-2026, 2.04, 2.06, 2.06, 1.94, 1.94, 1.96, 2.03, 2976, 0.06, 18, -, -
FELIX, SM, 06-Oct-2026, 187.90, 188.00, 199.00, 188.00, 194.40, 194.40, 192.80, 26500, 51.09, 42, 14000, 52.83
FERMENTA, EQ, 06-Oct-2026, 557.45, 558.00, 582.65, 552.00, 567.30, 569.45, 571.42, 672393, 3842.20, 19248, 171448, 25.50
FIBERWEB, EQ, 06-Oct-2026, 26.19, 26.20, 27.17, 25.38, 26.85, 26.47, 26.01, 11945, 3.11, 166, 7378, 61.77
FIDEL, SM, 06-Oct-2026, 176.00, 178.00, 178.90, 176.00, 177.60, 177.60, 177.61, 22000, 39.08, 14, 16000, 72.73
FIEMIND, EQ, 06-Oct-2026, 1763.10, 1774.20, 1799.90, 1760.00, 1790.00, 1779.50, 1782.14, 45396, 809.02, 6582, 27863, 61.38
FILATEX, EQ, 06-Oct-2026, 103.89, 103.89, 112.80, 103.89, 111.72, 111.36, 109.44, 4466335, 4887.92, 34181, 1863678, 41.73
FILATFASH, EQ, 06-Oct-2026, 0.18, 0.18, 0.19, 0.18, 0.19, 0.18, 0.18, 14862657, 27.30, 1292, 8950601, 60.22
FINBUD, SM, 06-Oct-2026, 119.45, 119.00, 121.00, 118.00, 118.00, 118.00, 119.35, 14000, 16.71, 8, 11000, 78.57
FINCABLES, EQ, 06-Oct-2026, 1467.30, 1467.30, 1495.50, 1444.00, 1471.80, 1474.00, 1469.69, 537623, 7901.41, 42001, 235655, 43.83
FINEORG, EQ, 06-Oct-2026, 5210.00, 5208.00, 5590.00, 5208.00, 5540.00, 5537.00, 5452.68, 79818, 4352.22, 17588, 29117, 36.48
FINIETF, EQ, 06-Oct-2026, 30.12, 30.12, 30.75, 30.12, 30.75, 30.43, 30.37, 243361, 73.91, 1000, 113964, 46.83
FINKURVE, EQ, 06-Oct-2026, 68.51, 68.55, 69.87, 68.55, 69.30, 69.31, 69.31, 7535, 5.22, 280, 5610, 74.45
FINOPB, EQ, 06-Oct-2026, 128.50, 130.00, 130.80, 127.88, 127.99, 128.29, 128.46, 71195, 91.46, 1374, 28727, 40.35
FINPIPE, EQ, 06-Oct-2026, 149.31, 149.31, 155.00, 149.31, 154.89, 154.72, 152.92, 489277, 748.20, 13792, 255540, 52.23
FIRSTCRY, EQ, 06-Oct-2026, 172.00, 174.00, 178.85, 172.62, 177.75, 177.57, 176.61, 2105882, 3719.28, 20659, 714175, 33.91
FISCHER, EQ, 06-Oct-2026, 32.80, 33.00, 33.39, 32.41, 33.27, 33.14, 33.06, 169925, 56.17, 980, 95428, 56.16
FIVESTAR, EQ, 06-Oct-2026, 519.10, 519.10, 529.00, 510.35, 513.65, 514.35, 517.68, 567661, 2938.64, 32433, 331855, 58.46
FLAIR, EQ, 06-Oct-2026, 226.43, 229.00, 229.00, 225.20, 228.05, 227.84, 226.73, 34809, 78.92, 1315, 14882, 42.75
FLEXIADD, EQ, 06-Oct-2026, 9.41, 9.45, 9.70, 9.41, 9.55, 9.50, 9.47, 218189, 20.66, 311, 171145, 78.44
FLEXITUFF, BE, 06-Oct-2026, 3.07, 3.13, 3.13, 3.13, 3.13, 3.13, 3.13, 5199, 0.16, 15, -, -
FLFL, BZ, 06-Oct-2026, 1.06, 1.01, 1.06, 1.01, 1.03, 1.02, 1.02, 93999, 0.96, 134, -, -
FLUOROCHEM, EQ, 06-Oct-2026, 4429.80, 4458.20, 4646.90, 4430.20, 4580.00, 4577.20, 4583.50, 181004, 8296.32, 36618, 79009, 43.65
FLYSBS, SM, 06-Oct-2026, 626.05, 637.95, 657.95, 626.90, 650.00, 648.40, 648.24, 69400, 449.88, 249, 41800, 60.23
FMCGADD, EQ, 06-Oct-2026, 44.71, 44.91, 45.35, 44.76, 45.35, 45.27, 45.10, 3874, 1.75, 45, 1851, 47.78
FMCGIETF, EQ, 06-Oct-2026, 47.67, 48.86, 48.86, 47.72, 48.44, 48.39, 48.15, 707110, 340.45, 2707, 428720, 60.63
FMGOETZE, EQ, 06-Oct-2026, 440.90, 440.90, 451.50, 440.90, 448.00, 448.50, 447.21, 84880, 379.60, 5401, 37151, 43.77
FMNL, EQ, 06-Oct-2026, 7.98, 8.14, 8.21, 7.80, 7.96, 7.96, 7.97, 45775, 3.65, 168, 36438, 79.60
FOCUS, EQ, 06-Oct-2026, 54.80, 56.50, 57.00, 55.02, 56.00, 55.95, 56.17, 16468, 9.25, 194, 12672, 76.95
FONEBOX, ST, 06-Oct-2026, 130.35, 125.05, 128.00, 123.85, 128.00, 127.50, 125.34, 13000, 16.29, 13, 13000, 100.00
FOODSIN, EQ, 06-Oct-2026, 49.68, 50.00, 51.64, 49.50, 50.25, 50.78, 50.25, 110532, 55.54, 1008, 90391, 81.78
FORCAS, ST, 06-Oct-2026, 245.95, 233.75, 233.75, 233.70, 233.70, 233.70, 233.72, 8000, 18.70, 5, 8000, 100.00
FORCEMOT, EQ, 06-Oct-2026, 16650.00, 16650.00, 17110.00, 16608.00, 17110.00, 17110.00, 16931.37, 65477, 11086.15, 17703, 25241, 38.55
FORGEAUTO, SM, 06-Oct-2026, 99.05, 103.00, 103.00, 99.45, 99.45, 99.45, 100.82, 3600, 3.63, 3, 3600, 100.00
FORTIS, EQ, 06-Oct-2026, 763.80, 770.00, 770.20, 756.30, 764.00, 764.00, 761.86, 1246982, 9500.30, 37655, 654587, 52.49
FOSECOIND, EQ, 06-Oct-2026, 6300.50, 6366.50, 6463.50, 6271.00, 6421.50, 6440.00, 6415.16, 10288, 659.99, 4286, 5229, 50.83
FRACTAL, EQ, 06-Oct-2026, 725.05, 725.05, 745.50, 722.00, 742.00, 742.15, 731.18, 447908, 3275.00, 13541, 350662, 78.29
FREDUN, EQ, 06-Oct-2026, 1363.20, 1356.00, 1424.90, 1356.00, 1414.00, 1406.70, 1398.25, 82965, 1160.06, 6101, 42562, 51.30
FRESHARA, ST, 06-Oct-2026, 398.95, 386.05, 395.00, 386.05, 387.00, 391.30, 389.58, 18600, 72.46, 31, 17400, 93.55
FROG, SM, 06-Oct-2026, 258.60, 260.00, 262.00, 251.55, 255.00, 255.00, 257.73, 21600, 55.67, 46, 17600, 81.48
FRONTSP, EQ, 06-Oct-2026, 1387.40, 1387.40, 1418.00, 1385.00, 1395.70, 1392.50, 1396.79, 12486, 174.40, 1342, 7439, 59.58
FSL, EQ, 06-Oct-2026, 257.40, 258.65, 262.00, 256.55, 259.95, 260.25, 259.34, 666701, 1729.03, 16854, 260625, 39.09
FUSION, EQ, 06-Oct-2026, 167.63, 168.54, 172.91, 167.99, 168.80, 169.00, 170.23, 263346, 448.30, 7012, 132079, 50.15
FWSTC, SM, 06-Oct-2026, 201.00, 195.10, 195.10, 191.00, 191.00, 191.00, 193.73, 1800, 3.49, 3, 1200, 66.67
GABRIEL, EQ, 06-Oct-2026, 1303.60, 1321.60, 1359.90, 1314.50, 1342.00, 1352.90, 1340.73, 205619, 2756.81, 25857, 67202, 32.68
GAEL, EQ, 06-Oct-2026, 158.28, 158.47, 163.50, 157.51, 162.10, 162.81, 161.66, 557617, 901.43, 14345, 253821, 45.52
GAIL, EQ, 06-Oct-2026, 167.50, 168.40, 172.08, 167.04, 172.08, 172.08, 170.26, 6945149, 11824.54, 48663, 4300740, 61.92
GAJA, EQ, 06-Oct-2026, 135.87, 135.12, 142.95, 135.12, 141.98, 141.71, 140.31, 724573, 1016.67, 10481, 162653, 22.45
GALAPREC, EQ, 06-Oct-2026, 1160.10, 1160.00, 1170.90, 1152.10, 1163.90, 1161.00, 1159.85, 11857, 137.52, 1738, 6020, 50.77
GALAXYSURF, EQ, 06-Oct-2026, 2335.00, 2346.50, 2448.00, 2346.50, 2429.60, 2442.40, 2422.91, 99858, 2419.47, 13767, 57481, 57.56
GALLANTT, EQ, 06-Oct-2026, 522.90, 532.40, 541.90, 522.50, 528.00, 530.05, 532.84, 65236, 347.60, 3996, 23200, 35.56
GANDHAR, EQ, 06-Oct-2026, 278.55, 280.35, 284.70, 278.05, 282.00, 282.50, 281.66, 417903, 1177.06, 8149, 217627, 52.08
GANDHITUBE, EQ, 06-Oct-2026, 993.70, 997.95, 998.15, 972.00, 985.00, 981.50, 980.61, 6439, 63.14, 678, 3260, 50.63
GANECOS, EQ, 06-Oct-2026, 966.60, 966.60, 995.00, 963.60, 995.00, 990.10, 986.71, 31822, 313.99, 2566, 13383, 42.06
GANESHBE, BE, 06-Oct-2026, 118.18, 112.28, 112.28, 112.28, 112.28, 112.28, 112.28, 614880, 690.39, 255, -, -
GANESHCP, EQ, 06-Oct-2026, 147.51, 149.13, 150.49, 144.75, 144.77, 145.47, 146.44, 220535, 322.96, 3460, 151314, 68.61
GANESHHOU, EQ, 06-Oct-2026, 701.85, 700.00, 720.75, 700.00, 720.00, 713.65, 713.87, 24071, 171.84, 1628, 14239, 59.15
GANESHIN, SM, 06-Oct-2026, 86.10, 87.05, 88.00, 84.25, 86.90, 87.05, 85.45, 57600, 49.22, 51, 40800, 70.83
GANGABATH, SM, 06-Oct-2026, 21.30, 20.55, 21.20, 20.30, 20.30, 20.30, 20.71, 18000, 3.73, 6, 18000, 100.00
GANGAFORGE, EQ, 06-Oct-2026, 1.46, 1.51, 1.53, 1.46, 1.53, 1.52, 1.52, 2034924, 30.91, 978, 1443530, 70.94
GANGESSECU, EQ, 06-Oct-2026, 112.86, 112.78, 116.99, 112.77, 116.00, 115.82, 115.94, 3461, 4.01, 33, 3263, 94.28
GARFIBRES, EQ, 06-Oct-2026, 770.60, 770.60, 777.35, 755.00, 769.95, 770.05, 764.68, 33904, 259.26, 7954, 18246, 53.82
GARUDA, EQ, 06-Oct-2026, 171.10, 171.50, 174.50, 171.30, 173.35, 173.36, 172.86, 197928, 342.13, 3259, 76367, 38.58
GATECH, BE, 06-Oct-2026, 0.68, 0.69, 0.70, 0.65, 0.66, 0.65, 0.67, 14069480, 94.73, 4077, -, -
GATECHDVR, BE, 06-Oct-2026, 0.47, 0.48, 0.48, 0.46, 0.48, 0.47, 0.47, 186706, 0.89, 147, -, -
GATEWAY, EQ, 06-Oct-2026, 51.49, 51.49, 52.20, 50.80, 50.92, 50.91, 51.29, 1670348, 856.66, 8587, 1132720, 67.81
GAUDIUMIVF, EQ, 06-Oct-2026, 103.25, 105.89, 110.39, 103.51, 110.10, 109.28, 107.46, 320982, 344.94, 5079, 134034, 41.76
GAYAHWS, EQ, 06-Oct-2026, 1.72, 1.72, 1.79, 1.69, 1.79, 1.78, 1.75, 130336, 2.28, 227, 103443, 79.37
GAYAPROJ, EQ, 06-Oct-2026, 21.45, 21.78, 21.85, 20.59, 21.50, 21.46, 21.27, 696467, 148.11, 3174, 344184, 49.42
GCHOTELS, SM, 06-Oct-2026, 118.00, 119.20, 119.20, 111.00, 113.00, 113.05, 115.16, 28200, 32.47, 43, 16200, 57.45
GCSL, EQ, 06-Oct-2026, 681.75, 685.00, 696.25, 685.00, 692.00, 693.05, 692.78, 225480, 1562.07, 3809, 70762, 31.38
GEECEE, EQ, 06-Oct-2026, 365.90, 366.00, 379.50, 366.00, 366.25, 369.60, 372.12, 1547, 5.76, 83, 985, 63.67
GEEKAYWIRE, EQ, 06-Oct-2026, 31.42, 31.70, 33.98, 31.57, 33.00, 32.72, 32.89, 260564, 85.69, 1527, 142307, 54.61
GEMAROMA, EQ, 06-Oct-2026, 152.61, 154.99, 154.99, 149.49, 150.70, 152.23, 151.76, 69256, 105.10, 1398, 45000, 64.98
GENCON, EQ, 06-Oct-2026, 38.73, 38.73, 39.20, 37.55, 37.98, 37.78, 38.29, 862741, 330.38, 1128, 544749, 63.14
GENESYS, EQ, 06-Oct-2026, 287.40, 288.40, 304.10, 285.10, 298.65, 301.05, 296.58, 941604, 2792.65, 21481, 305060, 32.40
GENSOL, BZ, 06-Oct-2026, 13.00, 13.13, 13.18, 12.35, 12.35, 12.35, 12.43, 313864, 39.01, 1237, -, -
GENUSPAPER, EQ, 06-Oct-2026, 10.36, 10.50, 10.95, 10.25, 10.66, 10.57, 10.62, 63755, 6.77, 383, 46035, 72.21
GENUSPOWER, EQ, 06-Oct-2026, 280.25, 281.05, 309.70, 280.25, 308.50, 307.20, 300.46, 3898293, 11713.00, 58362, 1615828, 41.45
GENXAI, SM, 06-Oct-2026, 83.20, 82.00, 83.05, 78.00, 81.00, 80.80, 81.09, 36000, 29.19, 30, 27600, 76.67
GEOJITFSL, EQ, 06-Oct-2026, 76.59, 77.39, 79.00, 76.51, 79.00, 78.68, 78.05, 287810, 224.63, 4869, 152922, 53.13
GERMAN, EQ, 06-Oct-2026, 128.33, 129.62, 131.00, 117.40, 118.01, 118.12, 122.90, 4202220, 5164.40, 50309, 1297791, 30.88
GESHIP, EQ, 06-Oct-2026, 1559.30, 1565.00, 1565.10, 1523.40, 1533.80, 1532.60, 1533.05, 740133, 11346.64, 33020, 407191, 55.02
GFLLIMITED, EQ, 06-Oct-2026, 54.89, 55.00, 56.25, 54.71, 56.00, 55.86, 55.66, 41479, 23.09, 1058, 28175, 67.93
GFSTEELS, BE, 06-Oct-2026, 39.05, 39.83, 39.83, 39.83, 39.83, 39.83, 39.83, 47277, 18.83, 37, -, -
GGBL, SM, 06-Oct-2026, 218.00, 218.00, 220.00, 213.55, 214.65, 214.45, 215.70, 16200, 34.94, 49, 12000, 74.07
GHCL, EQ, 06-Oct-2026, 402.00, 402.00, 415.00, 400.00, 410.10, 408.85, 406.07, 104349, 423.74, 5212, 55878, 53.55
GHCLTEXTIL, EQ, 06-Oct-2026, 129.53, 129.53, 132.00, 128.25, 131.68, 131.58, 130.56, 280004, 365.59, 10562, 129052, 46.09
GICHSGFIN, EQ, 06-Oct-2026, 132.32, 134.28, 136.80, 132.43, 136.80, 134.48, 133.46, 150050, 200.26, 1031, 126632, 84.39
GICL, BE, 06-Oct-2026, 21.26, 21.17, 21.90, 20.30, 21.40, 21.05, 20.77, 81380, 16.90, 163, -, -
GICRE, EQ, 06-Oct-2026, 319.10, 318.60, 321.55, 313.50, 314.50, 314.25, 316.15, 745898, 2358.15, 24998, 363842, 48.78
GILLANDERS, EQ, 06-Oct-2026, 115.73, 119.80, 119.80, 111.30, 111.61, 111.77, 113.24, 16537, 18.73, 437, 6877, 41.59
GILLETTE, EQ, 06-Oct-2026, 6979.00, 6995.50, 7114.50, 6909.50, 7075.00, 7057.00, 7031.61, 17258, 1213.51, 4538, 10468, 60.66
GILT10BETA, EQ, 06-Oct-2026, 26.59, 26.45, 26.45, 26.14, 26.45, 26.45, 26.18, 163, 0.04, 10, 140, 85.89
GILT5BETA, EQ, 06-Oct-2026, 66.20, 66.20, 66.39, 66.00, 66.00, 66.00, 66.17, 2532, 1.68, 24, 1663, 65.68
GILT5YBEES, EQ, 06-Oct-2026, 65.63, 65.42, 65.69, 65.42, 65.61, 65.54, 65.56, 227991, 149.48, 609, 154667, 67.84
GINNIFILA, BE, 06-Oct-2026, 39.80, 39.15, 41.00, 39.15, 40.98, 40.96, 40.62, 26290, 10.68, 66, -, -
GIPCL, EQ, 06-Oct-2026, 176.62, 176.69, 179.39, 173.05, 174.50, 174.06, 175.15, 420544, 736.59, 6856, 277919, 66.09
GIRIRAJ, SM, 06-Oct-2026, 60.50, 58.30, 58.30, 57.50, 57.50, 57.50, 57.74, 1500, 0.87, 6, 1500, 100.00
GJL, ST, 06-Oct-2026, 486.90, 511.00, 511.20, 463.00, 511.20, 510.10, 499.55, 6400, 31.97, 8, 5600, 87.50
GKB, EQ, 06-Oct-2026, 62.96, 63.00, 63.00, 58.25, 61.76, 61.76, 61.03, 8922, 5.44, 132, 6494, 72.79
GKENERGY, EQ, 06-Oct-2026, 112.29, 110.37, 115.51, 110.37, 115.22, 114.45, 113.97, 291340, 332.05, 3942, 143197, 49.15
GKSL, EQ, 06-Oct-2026, 190.34, 190.34, 196.50, 185.00, 193.00, 193.62, 191.87, 2244596, 4306.79, 24333, 457157, 20.37
GKWLIMITED, EQ, 06-Oct-2026, 1549.50, 1540.00, 1568.90, 1540.00, 1542.00, 1545.40, 1549.94, 6435, 99.74, 53, 6426, 99.86
GLAND, EQ, 06-Oct-2026, 2911.50, 2921.10, 3019.80, 2898.10, 3005.00, 3006.10, 2985.65, 373873, 11162.54, 54777, 241406, 64.57
GLASSWALL, EQ, 06-Oct-2026, 254.70, 254.70, 280.00, 253.80, 275.05, 275.75, 268.81, 9294421, 24984.44, 96221, 1426920, 15.35
GLAXO, EQ, 06-Oct-2026, 2732.80, 2738.80, 2762.90, 2707.00, 2740.60, 2755.00, 2732.69, 39214, 1071.60, 12046, 19027, 48.52
GLENMARK, EQ, 06-Oct-2026, 2295.00, 2312.20, 2320.00, 2277.30, 2311.00, 2311.00, 2295.01, 493823, 11333.30, 40035, 277080, 56.11
GLFL, EQ, 06-Oct-2026, 5.22, 5.17, 5.43, 5.00, 5.42, 5.39, 5.23, 1038, 0.05, 15, 802, 77.26
GLOBAL, EQ, 06-Oct-2026, 139.10, 141.00, 145.25, 140.00, 142.00, 142.62, 143.35, 209802, 300.76, 3587, 107152, 51.07
GLOBALE, EQ, 06-Oct-2026, 10.30, 10.30, 10.67, 10.00, 10.66, 10.65, 10.59, 2796, 0.30, 17, 2236, 79.97
GLOBALPET, SM, 06-Oct-2026, 176.20, 168.75, 175.00, 168.75, 175.00, 175.00, 172.92, 4500, 7.78, 6, 3750, 83.33
GLOBALVECT, EQ, 06-Oct-2026, 132.08, 132.08, 133.28, 129.02, 132.10, 130.77, 131.07, 6016, 7.89, 233, 2884, 47.94
GLOBE, EQ, 06-Oct-2026, 2.07, 2.07, 2.14, 2.01, 2.10, 2.08, 2.07, 449279, 9.32, 311, 313733, 69.83
GLOBECIVIL, EQ, 06-Oct-2026, 41.23, 42.00, 43.25, 41.25, 42.46, 42.29, 42.41, 22554, 9.56, 237, 15528, 68.85
GLOBUSSPR, EQ, 06-Oct-2026, 789.85, 794.90, 819.00, 789.85, 808.60, 812.70, 807.10, 73168, 590.54, 7197, 34270, 46.84
GLOSTERLTD, EQ, 06-Oct-2026, 542.50, 550.00, 556.90, 543.75, 550.80, 551.60, 551.73, 619, 3.42, 40, 538, 86.91
GLOTTIS, EQ, 06-Oct-2026, 56.72, 57.99, 58.90, 57.04, 58.20, 58.34, 58.03, 37743, 21.90, 613, 29744, 78.81
GMBREW, EQ, 06-Oct-2026, 947.90, 947.90, 985.00, 945.00, 980.00, 981.35, 970.98, 66739, 648.02, 5178, 35619, 53.37
GMDCLTD, EQ, 06-Oct-2026, 487.35, 490.00, 498.90, 488.00, 493.70, 491.55, 492.71, 816501, 4023.01, 23835, 303502, 37.17
GMMPFAUDLR, EQ, 06-Oct-2026, 1386.60, 1381.00, 1451.00, 1380.90, 1425.80, 1425.70, 1431.69, 228112, 3265.87, 17448, 135213, 59.27
GMRAIRPORT, EQ, 06-Oct-2026, 92.79, 93.00, 93.97, 92.47, 93.06, 93.06, 93.24, 13287023, 12388.62, 40570, 8569724, 64.50
GMRP&UI, EQ, 06-Oct-2026, 100.85, 102.05, 105.16, 101.06, 101.91, 102.23, 103.51, 2198701, 2275.83, 24883, 778591, 35.41
GNA, EQ, 06-Oct-2026, 585.05, 589.80, 619.85, 578.55, 612.55, 615.80, 602.56, 895341, 5394.98, 24835, 373483, 41.71
GNFC, EQ, 06-Oct-2026, 586.30, 589.00, 633.60, 587.10, 628.40, 629.50, 614.42, 2291498, 14079.38, 59898, 1045452, 45.62
GNRL, EQ, 06-Oct-2026, 96.77, 96.91, 99.20, 95.89, 98.70, 98.79, 97.34, 162237, 157.92, 1412, 112976, 69.64
GOACARBON, EQ, 06-Oct-2026, 403.25, 405.00, 422.00, 399.20, 414.80, 414.65, 413.25, 28864, 119.28, 1376, 14876, 51.54
GOCLCORP, EQ, 06-Oct-2026, 347.70, 347.00, 375.00, 347.00, 373.60, 372.45, 365.58, 141669, 517.92, 6511, 44053, 31.10
GOCOLORS, EQ, 06-Oct-2026, 292.80, 292.00, 311.90, 292.00, 307.00, 306.45, 305.35, 123956, 378.50, 6235, 58725, 47.38
GODAVARIB, EQ, 06-Oct-2026, 224.91, 225.01, 231.50, 224.73, 229.39, 228.57, 228.26, 54485, 124.37, 1853, 17259, 31.68
GODFRYPHLP, EQ, 06-Oct-2026, 1876.00, 1900.00, 1900.00, 1872.60, 1900.00, 1900.00, 1888.04, 146492, 2765.83, 12324, 60654, 41.40
GODIGIT, EQ, 06-Oct-2026, 256.05, 258.60, 259.95, 256.85, 259.60, 258.60, 258.34, 123612, 319.34, 8847, 64972, 52.56
GODREJAGRO, EQ, 06-Oct-2026, 640.90, 645.00, 651.00, 636.00, 650.00, 648.10, 643.98, 172003, 1107.67, 15101, 80796, 46.97
GODREJCP, EQ, 06-Oct-2026, 837.00, 846.40, 872.50, 838.20, 872.50, 872.50, 857.52, 1398890, 11995.72, 34749, 488289, 34.91
GODREJIND, EQ, 06-Oct-2026, 1040.20, 1037.90, 1054.00, 1022.50, 1049.00, 1045.00, 1037.00, 42487, 440.59, 7420, 17133, 40.33
GODREJPROP, EQ, 06-Oct-2026, 1599.90, 1597.10, 1620.00, 1583.70, 1610.00, 1610.00, 1607.21, 371383, 5968.92, 20884, 149094, 40.15
GOKEX, EQ, 06-Oct-2026, 672.30, 672.75, 691.70, 672.75, 681.10, 682.75, 682.35, 364832, 2489.43, 14105, 244641, 67.06
GOKUL, EQ, 06-Oct-2026, 37.81, 37.90, 38.90, 37.90, 38.89, 38.78, 38.63, 172634, 66.69, 1907, 26339, 15.26
GOKULAGRO, EQ, 06-Oct-2026, 205.27, 211.89, 213.00, 206.22, 211.41, 210.95, 210.13, 274499, 576.79, 13540, 69971, 25.49
GOLD1, EQ, 06-Oct-2026, 122.78, 122.40, 122.86, 121.66, 122.74, 122.72, 122.34, 2150532, 2630.87, 18557, 1114040, 51.80
GOLD360, EQ, 06-Oct-2026, 143.45, 143.40, 143.65, 142.15, 142.80, 143.25, 142.92, 6085, 8.70, 203, 3358, 55.18
GOLDADD, EQ, 06-Oct-2026, 14.28, 14.28, 14.30, 14.17, 14.29, 14.29, 14.24, 16128252, 2297.01, 9643, 12147925, 75.32
GOLDAXIS, EQ, 06-Oct-2026, 122.40, 122.14, 122.40, 121.30, 122.39, 122.34, 121.80, 1062940, 1294.69, 2643, 702718, 66.11
GOLDBEES, EQ, 06-Oct-2026, 121.58, 121.05, 121.55, 120.50, 121.45, 121.46, 120.96, 15580041, 18845.59, 91171, 7469854, 47.95
GOLDBETA, EQ, 06-Oct-2026, 123.90, 123.45, 123.85, 122.70, 123.75, 123.75, 123.53, 573104, 707.98, 2360, 480764, 83.89
GOLDBND, EQ, 06-Oct-2026, 147.06, 145.05, 147.00, 144.91, 146.86, 146.97, 146.88, 17655, 25.93, 129, 15738, 89.14
GOLDCASE, EQ, 06-Oct-2026, 23.13, 23.09, 23.17, 22.95, 23.14, 23.14, 23.04, 43919555, 10118.54, 15784, 33472697, 76.21
GOLDENTOBC, BZ, 06-Oct-2026, 23.57, 23.57, 24.49, 22.41, 22.44, 22.74, 22.67, 1251, 0.28, 93, -, -
GOLDETF, EQ, 06-Oct-2026, 142.97, 142.57, 143.20, 141.83, 142.91, 142.99, 142.72, 1471383, 2099.93, 6889, 1056963, 71.83
GOLDIAM, EQ, 06-Oct-2026, 310.00, 310.20, 321.30, 310.20, 318.50, 317.50, 316.58, 319497, 1011.47, 6077, 154462, 48.35
GOLDIETF, EQ, 06-Oct-2026, 126.00, 125.67, 125.94, 124.81, 125.83, 125.85, 125.36, 4880737, 6118.42, 31869, 3566186, 73.07
GOLDSTAR, SM, 06-Oct-2026, 12.25, 11.65, 11.65, 11.65, 11.65, 11.65, 11.65, 67500, 7.86, 5, 67500, 100.00
GOLDTECH, BE, 06-Oct-2026, 42.92, 42.07, 42.99, 42.07, 42.07, 42.07, 42.48, 17349, 7.37, 62, -, -
GOODLUCK, EQ, 06-Oct-2026, 482.00, 482.75, 495.20, 482.75, 491.50, 491.30, 491.03, 222669, 1093.38, 9079, 104162, 46.78
GOODYEAR, EQ, 06-Oct-2026, 685.65, 685.65, 691.95, 682.10, 690.65, 685.95, 686.53, 5035, 34.57, 723, 3336, 66.26
GOPAL, EQ, 06-Oct-2026, 253.85, 253.85, 258.20, 252.55, 255.50, 255.85, 255.78, 82025, 209.80, 5085, 40146, 48.94
GOYALALUM, EQ, 06-Oct-2026, 5.95, 5.95, 5.98, 5.75, 5.90, 5.91, 5.93, 34113, 2.02, 253, 28226, 82.74
GOYALSALT, SM, 06-Oct-2026, 102.00, 102.00, 102.00, 102.00, 102.00, 102.00, 102.00, 1800, 1.84, 3, 1800, 100.00
GPECO, SM, 06-Oct-2026, 432.25, 432.25, 470.00, 430.00, 470.00, 469.65, 455.43, 58400, 265.97, 207, 48600, 83.22
GPIL, EQ, 06-Oct-2026, 211.32, 212.90, 220.85, 211.77, 218.50, 218.98, 217.04, 2728607, 5922.07, 45717, 1206551, 44.22
GPPL, EQ, 06-Oct-2026, 167.60, 168.43, 171.00, 166.69, 168.00, 168.21, 168.42, 1125256, 1895.15, 13999, 597148, 53.07
GPTHEALTH, EQ, 06-Oct-2026, 149.56, 148.42, 151.18, 147.10, 148.21, 148.01, 148.39, 50028, 74.24, 1579, 33839, 67.64
GPTINFRA, EQ, 06-Oct-2026, 120.38, 120.38, 122.29, 120.00, 120.75, 121.62, 121.55, 148536, 180.55, 2051, 81677, 54.99
GRADIENTE, BE, 06-Oct-2026, 2.47, 2.47, 2.59, 2.36, 2.59, 2.57, 2.51, 795138, 19.99, 318, -, -
GRANDOAK, EQ, 06-Oct-2026, 35.93, 36.50, 36.98, 34.66, 35.32, 36.17, 35.98, 1916, 0.69, 86, 1022, 53.34
GRANULES, EQ, 06-Oct-2026, 817.25, 818.00, 839.00, 814.75, 836.00, 836.40, 832.59, 518092, 4313.59, 42137, 292372, 56.43
GRAPHISAD, SM, 06-Oct-2026, 23.80, 24.30, 24.50, 24.30, 24.30, 24.40, 24.37, 3600, 0.88, 3, 3600, 100.00
GRAPHITE, EQ, 06-Oct-2026, 816.40, 821.00, 861.50, 817.05, 850.10, 851.20, 846.25, 2456818, 20790.86, 62564, 917237, 37.33
GRASIM, EQ, 06-Oct-2026, 2972.00, 2988.00, 2988.70, 2935.60, 2969.00, 2969.00, 2959.53, 359655, 10644.09, 23791, 193812, 53.89
GRAUWEIL, EQ, 06-Oct-2026, 83.53, 82.70, 83.53, 82.01, 82.30, 82.32, 82.58, 239964, 198.15, 2938, 150883, 62.88
GRAVISSHO, BE, 06-Oct-2026, 31.67, 31.75, 32.00, 30.75, 32.00, 30.76, 30.80, 3093, 0.95, 14, -, -
GRAVITA, EQ, 06-Oct-2026, 1423.50, 1432.90, 1528.00, 1428.50, 1500.00, 1500.90, 1500.70, 796225, 11948.92, 52949, 219775, 27.60
GRCL, SM, 06-Oct-2026, 571.15, 570.00, 570.00, 570.00, 570.00, 570.00, 570.00, 500, 2.85, 2, 500, 100.00
GREAVESCOT, EQ, 06-Oct-2026, 220.94, 220.50, 226.50, 220.11, 222.00, 222.78, 223.40, 1018671, 2275.74, 19164, 445904, 43.77
GREENCHEF, SM, 06-Oct-2026, 69.95, 67.50, 69.95, 67.50, 69.95, 68.85, 68.85, 3200, 2.20, 4, 2400, 75.00
GREENLAM, EQ, 06-Oct-2026, 211.71, 212.00, 214.40, 209.20, 211.65, 212.02, 212.10, 52267, 110.86, 1246, 41240, 78.90
GREENLEAF, SM, 06-Oct-2026, 114.05, 111.00, 114.35, 111.00, 114.35, 114.35, 112.68, 2000, 2.25, 2, 2000, 100.00
GREENPANEL, EQ, 06-Oct-2026, 159.06, 159.01, 160.70, 157.42, 160.00, 159.92, 159.73, 281448, 449.57, 3288, 218448, 77.62
GREENPLY, EQ, 06-Oct-2026, 308.45, 309.80, 316.90, 305.10, 312.50, 315.30, 311.98, 196749, 613.82, 5834, 99904, 50.78
GREENPOWER, EQ, 06-Oct-2026, 8.66, 8.65, 8.80, 8.65, 8.79, 8.74, 8.73, 1136066, 99.18, 2997, 656992, 57.83
GRINDWELL, EQ, 06-Oct-2026, 2004.20, 2023.10, 2066.50, 1992.00, 2029.10, 2033.10, 2025.32, 40139, 812.94, 11722, 20077, 50.02
GRINFRA, EQ, 06-Oct-2026, 789.45, 793.45, 824.50, 788.70, 815.00, 815.00, 805.10, 19600, 157.80, 1685, 11995, 61.20
GRMOVER, EQ, 06-Oct-2026, 78.50, 79.00, 79.79, 78.49, 79.15, 79.04, 79.11, 1056604, 835.83, 3275, 118865, 11.25
GROBTEA, EQ, 06-Oct-2026, 872.80, 872.80, 900.00, 872.80, 873.90, 873.95, 886.02, 107, 0.95, 28, 68, 63.55
GROWW, EQ, 06-Oct-2026, 187.05, 188.00, 194.50, 187.57, 193.05, 193.19, 192.49, 41408393, 79707.27, 206004, 23617089, 57.03
GROWWCAPM, EQ, 06-Oct-2026, 10.88, 11.10, 11.19, 10.87, 11.06, 11.15, 11.04, 853914, 94.27, 972, 694591, 81.34
GROWWCHEM, EQ, 06-Oct-2026, 28.24, 28.49, 28.74, 28.19, 28.74, 28.53, 28.39, 9548, 2.71, 148, 5698, 59.68
GROWWDEFNC, EQ, 06-Oct-2026, 91.87, 92.79, 94.21, 91.21, 94.16, 93.91, 92.82, 193774, 179.87, 2106, 87841, 45.33
GROWWEV, EQ, 06-Oct-2026, 30.07, 30.22, 30.59, 29.89, 30.30, 30.33, 30.22, 202152, 61.09, 1428, 144088, 71.28
GROWWGOLD, EQ, 06-Oct-2026, 14.35, 14.33, 14.38, 14.24, 14.37, 14.35, 14.30, 2322289, 332.02, 3730, 1317861, 56.75
GROWWHOSPI, EQ, 06-Oct-2026, 46.99, 47.88, 47.88, 46.24, 46.95, 46.66, 46.48, 464735, 215.99, 2421, 335382, 72.17
GROWWLIQID, EQ, 06-Oct-2026, 111.02, 111.03, 111.04, 111.03, 111.04, 111.03, 111.04, 91752, 101.88, 161, 53185, 57.97
GROWWLOVOL, EQ, 06-Oct-2026, 9.79, 9.78, 9.99, 9.70, 9.99, 9.89, 9.81, 7534, 0.74, 83, 4137, 54.91
GROWWMC150, EQ, 06-Oct-2026, 218.98, 219.58, 220.92, 218.27, 220.90, 220.90, 220.34, 1058, 2.33, 20, 854, 80.72
GROWWMETAL, EQ, 06-Oct-2026, 11.90, 11.60, 12.11, 11.60, 12.00, 11.97, 12.02, 150772, 18.13, 942, 71389, 47.35
GROWWMOM50, EQ, 06-Oct-2026, 10.50, 10.60, 10.76, 10.50, 10.76, 10.72, 10.69, 68984, 7.37, 405, 56833, 82.39
GROWWN200, EQ, 06-Oct-2026, 10.66, 10.71, 10.83, 10.55, 10.82, 10.76, 10.72, 20480, 2.20, 211, 10216, 49.88
GROWWNET, EQ, 06-Oct-2026, 10.00, 10.05, 10.32, 9.98, 10.28, 10.26, 10.16, 549310, 55.79, 627, 424715, 77.32
GROWWNIFTY, EQ, 06-Oct-2026, 9.17, 9.32, 9.32, 9.11, 9.29, 9.22, 9.19, 468342, 43.04, 3465, 294238, 62.83
GROWWNXT50, EQ, 06-Oct-2026, 70.68, 70.60, 71.48, 69.30, 70.08, 70.73, 70.44, 4191, 2.95, 106, 1868, 44.57
GROWWPOWER, EQ, 06-Oct-2026, 10.84, 10.93, 11.03, 10.83, 11.03, 11.01, 10.98, 1358202, 149.14, 1877, 925962, 68.18
GROWWPSE, EQ, 06-Oct-2026, 93.77, 91.89, 94.98, 91.89, 94.50, 94.50, 94.25, 1453, 1.37, 142, 890, 61.25
GROWWPSUBK, EQ, 06-Oct-2026, 80.35, 81.48, 81.64, 79.25, 80.50, 80.43, 80.26, 3904, 3.13, 130, 2369, 60.68
GROWWRAIL, EQ, 06-Oct-2026, 26.08, 26.21, 26.33, 25.94, 26.16, 26.05, 26.13, 357632, 93.47, 1800, 139910, 39.12
GROWWRLTY, EQ, 06-Oct-2026, 9.48, 9.44, 9.64, 9.32, 9.61, 9.45, 9.41, 219880, 20.69, 451, 125501, 57.08
GROWWSC250, EQ, 06-Oct-2026, 10.18, 10.43, 10.43, 10.11, 10.37, 10.38, 10.34, 191013, 19.75, 479, 173951, 91.07
GROWWSLVR, EQ, 06-Oct-2026, 21.71, 21.53, 21.61, 21.37, 21.61, 21.59, 21.49, 958820, 206.02, 2349, 483159, 50.39
GRPLTD, EQ, 06-Oct-2026, 1868.90, 1877.20, 1909.10, 1850.00, 1851.00, 1853.00, 1864.42, 754, 14.06, 139, 510, 67.64
GRSE, EQ, 06-Oct-2026, 2110.40, 2120.00, 2143.60, 2109.10, 2138.70, 2137.30, 2130.14, 287612, 6126.53, 23860, 126739, 44.07
GRWRHITECH, EQ, 06-Oct-2026, 6725.50, 6800.00, 7129.50, 6771.00, 7075.00, 7102.50, 6999.92, 91391, 6397.29, 22499, 51388, 56.23
GSEC10ABSL, EQ, 06-Oct-2026, 111.29, 111.22, 111.22, 111.22, 111.22, 111.22, 111.22, 90, 0.10, 2, 90, 100.00
GSEC10ADD, EQ, 06-Oct-2026, 26.15, 26.50, 26.50, 26.50, 26.50, 26.50, 26.50, 2014, 0.53, 3, 2014, 100.00
GSEC10IETF, EQ, 06-Oct-2026, 260.00, 261.50, 262.22, 259.10, 262.22, 259.19, 260.93, 4361, 11.38, 7, 2290, 52.51
GSEC10YEAR, EQ, 06-Oct-2026, 30.18, 30.33, 30.33, 29.73, 29.73, 29.79, 29.96, 4454, 1.33, 32, 1801, 40.44
GSEC5IETF, EQ, 06-Oct-2026, 65.39, 66.04, 66.19, 65.28, 65.28, 65.64, 65.84, 20748, 13.66, 42, 10348, 49.87
GSFC, EQ, 06-Oct-2026, 147.26, 148.00, 153.95, 148.00, 153.40, 153.47, 151.49, 963097, 1458.97, 15432, 449893, 46.71
GSLSU, EQ, 06-Oct-2026, 29.20, 29.83, 29.99, 28.01, 29.50, 28.89, 28.86, 37399, 10.79, 306, 27509, 73.56
GSMFOILS, SM, 06-Oct-2026, 72.15, 72.15, 72.45, 69.05, 70.30, 70.15, 70.70, 171000, 120.90, 246, 112500, 65.79
GSPCROP, EQ, 06-Oct-2026, 457.40, 455.05, 484.00, 452.85, 473.20, 476.65, 464.84, 250131, 1162.70, 3263, 22572, 9.02
GSPLTRANS, BE, 06-Oct-2026, 130.33, 123.82, 123.82, 123.82, 123.82, 123.82, 123.82, 592716, 733.90, 1061, -, -
GSS, EQ, 06-Oct-2026, 10.30, 10.30, 10.49, 10.11, 10.17, 10.13, 10.28, 14564, 1.50, 129, 10310, 70.79
GSTL, SM, 06-Oct-2026, 10.45, 10.45, 10.95, 9.95, 10.95, 10.95, 10.56, 11000, 1.16, 10, 9000, 81.82
GTECJAINX, EQ, 06-Oct-2026, 37.67, 39.55, 39.55, 35.79, 36.12, 36.19, 38.39, 60594, 23.26, 265, 46751, 77.15
GTL, EQ, 06-Oct-2026, 6.75, 6.76, 6.90, 6.75, 6.87, 6.86, 6.83, 222012, 15.17, 513, 154288, 69.50
GTLINFRA, EQ, 06-Oct-2026, 1.06, 1.06, 1.10, 1.05, 1.10, 1.09, 1.07, 24823552, 266.61, 10952, 14443400, 58.18
GTPL, EQ, 06-Oct-2026, 54.47, 54.47, 55.48, 54.47, 54.55, 54.68, 54.80, 16120, 8.83, 337, 13303, 82.52
GUFICBIO, EQ, 06-Oct-2026, 419.70, 419.70, 432.40, 414.80, 428.35, 427.80, 424.63, 68074, 289.06, 3494, 31693, 46.56
GUJALKALI, EQ, 06-Oct-2026, 606.45, 609.50, 620.60, 602.55, 611.75, 613.10, 611.10, 44900, 274.39, 4269, 12668, 28.21
GUJAPOLLO, EQ, 06-Oct-2026, 340.45, 341.00, 349.50, 336.55, 349.45, 346.70, 343.84, 12346, 42.45, 1266, 4551, 36.86
GUJENERGY, EQ, 06-Oct-2026, 232.15, 231.91, 234.66, 229.00, 229.70, 229.97, 230.45, 4815989, 11098.63, 37592, 3690943, 76.64
GUJRAFFIA, EQ, 06-Oct-2026, 39.50, 39.60, 42.38, 39.60, 42.06, 41.86, 41.25, 5526, 2.28, 186, 4457, 80.66
GUJTHEM, EQ, 06-Oct-2026, 373.60, 372.05, 393.15, 372.05, 386.50, 390.00, 383.05, 224486, 859.89, 5537, 115888, 51.62
GULFOILLUB, EQ, 06-Oct-2026, 1068.70, 1070.00, 1095.00, 1070.00, 1087.00, 1087.90, 1085.04, 22705, 246.36, 4158, 10714, 47.19
GULFPETRO, BE, 06-Oct-2026, 62.10, 61.75, 63.45, 60.00, 62.00, 62.52, 61.85, 80476, 49.78, 322, -, -
GULPOLY, EQ, 06-Oct-2026, 160.84, 160.70, 168.90, 160.69, 167.01, 167.92, 165.36, 117697, 194.63, 3270, 47926, 40.72
GURUNANAK, SM, 06-Oct-2026, 33.00, 34.25, 34.25, 34.25, 34.25, 34.25, 34.25, 1600, 0.55, 1, 1600, 100.00
GVKPIL, BE, 06-Oct-2026, 2.46, 2.42, 2.42, 2.42, 2.42, 2.42, 2.42, 234688, 5.68, 391, -, -
GVPIL, EQ, 06-Oct-2026, 704.35, 718.00, 739.00, 700.00, 733.80, 734.85, 723.77, 421992, 3054.25, 16270, 201992, 47.87
GVPTECH, BE, 06-Oct-2026, 7.52, 7.52, 7.73, 7.15, 7.30, 7.31, 7.39, 27384, 2.02, 162, -, -
GVT&D, EQ, 06-Oct-2026, 4247.50, 4242.00, 4285.70, 4228.40, 4245.10, 4245.10, 4253.57, 614818, 26151.71, 37978, 324477, 52.78
GYFTR, EQ, 06-Oct-2026, 156.11, 157.86, 175.10, 157.86, 169.85, 169.30, 168.11, 1294182, 2175.71, 11741, 671819, 51.91
HAL, EQ, 06-Oct-2026, 4680.00, 4680.00, 4837.10, 4680.00, 4816.00, 4816.00, 4783.61, 935720, 44761.20, 71654, 528676, 56.50
HALDER, EQ, 06-Oct-2026, 258.03, 258.12, 266.00, 255.23, 260.50, 263.84, 261.98, 2684, 7.03, 211, 2289, 85.28
HALDYNGL, EQ, 06-Oct-2026, 142.85, 144.95, 144.95, 140.30, 142.50, 142.27, 142.19, 43552, 61.93, 987, 28406, 65.22
HALEOSLABS, EQ, 06-Oct-2026, 1549.20, 1560.00, 1596.90, 1560.00, 1588.80, 1587.80, 1581.07, 782, 12.36, 162, 671, 85.81
HAMPTON, EQ, 06-Oct-2026, 8.00, 8.40, 8.40, 7.87, 8.10, 8.09, 8.02, 3587, 0.29, 40, 2631, 73.35
HAPPSTMNDS, EQ, 06-Oct-2026, 304.20, 305.05, 306.70, 302.05, 304.50, 303.35, 303.80, 276347, 839.53, 7893, 142372, 51.52
HAPPY, SM, 06-Oct-2026, 75.95, 75.95, 80.10, 75.95, 80.10, 80.10, 78.48, 14000, 10.99, 7, 12000, 85.71
HAPPYFORGE, EQ, 06-Oct-2026, 2013.20, 2040.00, 2040.00, 1950.00, 2000.00, 1989.40, 1979.84, 185386, 3670.35, 30897, 118412, 63.87
HARDWYN, EQ, 06-Oct-2026, 9.34, 9.41, 9.99, 9.11, 9.31, 9.22, 9.35, 826036, 77.20, 1390, 513209, 62.13
HARIOMPIPE, EQ, 06-Oct-2026, 324.60, 328.00, 339.95, 325.00, 337.00, 336.50, 333.32, 78836, 262.78, 3691, 33248, 42.17
HARRMALAYA, EQ, 06-Oct-2026, 173.00, 178.50, 178.50, 172.70, 175.55, 175.08, 174.59, 8051, 14.06, 172, 6362, 79.02
HARSHA, EQ, 06-Oct-2026, 462.30, 465.80, 468.90, 460.25, 465.25, 464.65, 464.08, 78390, 363.79, 3705, 44435, 56.68
HATHWAY, EQ, 06-Oct-2026, 9.40, 9.37, 10.00, 9.37, 9.85, 9.80, 9.64, 2497478, 240.78, 2866, 1011864, 40.52
HATSUN, EQ, 06-Oct-2026, 1143.50, 1143.50, 1175.00, 1137.30, 1150.00, 1150.00, 1156.18, 24484, 283.08, 2962, 9381, 38.31
HAVELLS, EQ, 06-Oct-2026, 1046.70, 1050.00, 1057.00, 1039.60, 1057.00, 1057.00, 1048.91, 946495, 9927.91, 27274, 536511, 56.68
HAVISHA, EQ, 06-Oct-2026, 1.40, 1.36, 1.52, 1.26, 1.40, 1.36, 1.38, 74614, 1.03, 154, 39232, 52.58
HAWKINCOOK, EQ, 06-Oct-2026, 7977.00, 8053.00, 8099.00, 7961.50, 8015.00, 8009.50, 8015.36, 831, 66.61, 484, 424, 51.02
HAZOOR, EQ, 06-Oct-2026, 17.75, 18.11, 18.30, 17.57, 18.00, 18.00, 17.83, 2456480, 437.92, 3491, 2256349, 91.85
HBESD, EQ, 06-Oct-2026, 78.13, 86.00, 90.97, 73.99, 75.30, 75.03, 82.54, 180036, 148.61, 2615, 33739, 18.74
HBLENGINE, EQ, 06-Oct-2026, 763.60, 767.00, 771.20, 762.00, 764.00, 764.30, 764.83, 620183, 4743.35, 21548, 265947, 42.88
HBPOR, EQ, 06-Oct-2026, 61.30, 59.45, 62.89, 59.08, 59.27, 59.27, 59.34, 196, 0.12, 15, 185, 94.39
HBSL, EQ, 06-Oct-2026, 55.82, 56.00, 58.40, 55.82, 57.90, 57.91, 57.19, 4061, 2.32, 93, 3758, 92.54
HCC, EQ, 06-Oct-2026, 20.00, 20.06, 20.56, 20.06, 20.28, 20.26, 20.28, 11477346, 2327.72, 20386, 5429104, 47.30
HCG, EQ, 06-Oct-2026, 669.05, 678.50, 683.80, 652.80, 680.90, 680.55, 668.96, 115342, 771.60, 15875, 59043, 51.19
HCL-INSYS, EQ, 06-Oct-2026, 10.00, 9.92, 10.49, 9.92, 10.08, 10.15, 10.11, 148330, 14.99, 558, 96749, 65.23
HCLTECH, EQ, 06-Oct-2026, 1201.90, 1202.00, 1208.90, 1188.20, 1204.40, 1204.40, 1196.20, 2002132, 23949.42, 71236, 1011432, 50.52
HDBFS, EQ, 06-Oct-2026, 622.55, 626.00, 629.00, 613.05, 618.30, 616.75, 617.75, 943452, 5828.16, 28552, 680445, 72.12
HDFCAMC, EQ, 06-Oct-2026, 2346.00, 2359.00, 2366.90, 2336.10, 2352.40, 2352.40, 2355.90, 885381, 20858.69, 48283, 595166, 67.22
HDFCBANK, EQ, 06-Oct-2026, 704.80, 705.60, 714.70, 701.00, 711.45, 711.45, 709.55, 26568270, 188514.09, 212931, 13533664, 50.94
HDFCBSE500, EQ, 06-Oct-2026, 35.48, 35.66, 35.75, 35.38, 35.65, 35.71, 35.67, 1003242, 357.87, 279, 812741, 81.01
HDFCGOLD, EQ, 06-Oct-2026, 125.72, 125.30, 125.72, 124.57, 125.60, 125.61, 125.37, 3814587, 4782.30, 10460, 2568252, 67.33
HDFCGROWTH, EQ, 06-Oct-2026, 109.95, 109.08, 111.65, 109.08, 110.23, 109.72, 109.59, 15007, 16.45, 152, 5295, 35.28
HDFCLIFE, EQ, 06-Oct-2026, 531.00, 533.45, 551.40, 528.05, 543.95, 543.95, 544.39, 8334621, 45372.79, 72150, 4618033, 55.41
HDFCLIQUID, EQ, 06-Oct-2026, 1080.77, 1080.77, 1080.92, 1080.61, 1080.92, 1080.91, 1080.91, 46756, 505.39, 66, 36054, 77.11
HDFCLOWVOL, EQ, 06-Oct-2026, 19.16, 19.15, 19.43, 19.15, 19.24, 19.35, 19.29, 1418, 0.27, 55, 565, 39.84
HDFCMID150, EQ, 06-Oct-2026, 22.22, 22.50, 22.77, 22.00, 22.25, 22.20, 22.19, 272593, 60.48, 1294, 171014, 62.74
HDFCMOMENT, EQ, 06-Oct-2026, 29.71, 29.96, 30.25, 29.71, 30.14, 30.13, 30.06, 173732, 52.23, 453, 123565, 71.12
HDFCNEXT50, EQ, 06-Oct-2026, 70.81, 71.22, 71.65, 70.61, 71.59, 71.54, 71.31, 79683, 56.82, 530, 49526, 62.15
HDFCNIF100, EQ, 06-Oct-2026, 24.46, 24.46, 24.74, 24.45, 24.74, 24.62, 24.58, 31920, 7.84, 233, 19685, 61.67
HDFCNIFBAN, EQ, 06-Oct-2026, 56.23, 56.19, 56.88, 56.19, 56.60, 56.61, 56.61, 80567, 45.61, 315, 60284, 74.82
HDFCNIFIT, EQ, 06-Oct-2026, 30.15, 30.15, 30.31, 29.81, 30.10, 29.94, 29.99, 118523, 35.54, 296, 36387, 30.70
HDFCNIFTY, EQ, 06-Oct-2026, 254.91, 254.91, 257.58, 254.29, 256.00, 256.42, 255.90, 1368678, 3502.50, 1289, 1119644, 81.80
HDFCNIMEG, EQ, 06-Oct-2026, 124.97, 125.61, 126.38, 125.16, 125.16, 125.71, 125.79, 100633, 126.58, 53, 91855, 91.28
HDFCPSUBK, EQ, 06-Oct-2026, 81.09, 81.06, 82.05, 80.50, 81.29, 80.82, 80.97, 28643, 23.19, 210, 12322, 43.02
HDFCPVTBAN, EQ, 06-Oct-2026, 27.30, 27.31, 27.72, 27.31, 27.72, 27.57, 27.58, 168807, 46.56, 282, 117138, 69.39
HDFCQUAL, EQ, 06-Oct-2026, 55.06, 55.02, 55.54, 55.01, 55.22, 55.45, 55.21, 3447, 1.90, 69, 1539, 44.65
HDFCSENSEX, EQ, 06-Oct-2026, 82.04, 82.02, 82.91, 82.02, 82.80, 82.75, 82.65, 41455, 34.26, 550, 26125, 63.02
HDFCSILVER, EQ, 06-Oct-2026, 212.02, 210.41, 210.79, 208.21, 210.45, 210.63, 209.60, 2776923, 5820.44, 10096, 1486726, 53.54
HDFCSML250, EQ, 06-Oct-2026, 178.32, 177.84, 181.90, 177.84, 181.69, 180.96, 180.25, 4177041, 7529.16, 18558, 3601337, 86.22
HDFCVALUE, EQ, 06-Oct-2026, 118.12, 118.64, 119.14, 118.46, 119.14, 118.58, 118.86, 12239, 14.55, 78, 7807, 63.79
HDIL, BZ, 06-Oct-2026, 1.47, 1.49, 1.50, 1.41, 1.44, 1.44, 1.46, 95603, 1.40, 182, -, -
HEADSUP, EQ, 06-Oct-2026, 6.14, 6.55, 6.55, 6.20, 6.53, 6.52, 6.49, 3719, 0.24, 36, 2703, 72.68
HEALTHADD, EQ, 06-Oct-2026, 16.10, 16.05, 16.69, 15.99, 16.32, 16.25, 16.23, 82750, 13.43, 188, 33919, 40.99
HEALTHAXIS, EQ, 06-Oct-2026, 162.33, 162.25, 164.12, 161.91, 164.12, 163.78, 163.43, 2581, 4.22, 51, 1839, 71.25
HEALTHCARE, EQ, 06-Oct-2026, 20.81, 20.40, 21.57, 20.40, 21.05, 21.02, 20.99, 11356, 2.38, 167, 8490, 74.76
HEALTHIETF, EQ, 06-Oct-2026, 164.02, 164.46, 170.00, 162.35, 165.79, 165.45, 164.10, 104323, 171.19, 3660, 51818, 49.67
HEALTHX, EQ, 06-Oct-2026, 277.00, 277.00, 285.85, 276.00, 285.85, 284.95, 283.88, 7721, 21.92, 116, 7198, 93.23
HEALTHY, EQ, 06-Oct-2026, 16.41, 16.76, 16.76, 16.31, 16.68, 16.57, 16.50, 427669, 70.56, 842, 333884, 78.07
HECPROJECT, EQ, 06-Oct-2026, 110.87, 110.90, 115.49, 110.90, 114.00, 112.79, 113.42, 3866, 4.38, 140, 2531, 65.47
HEGAM, EQ, 06-Oct-2026, 233.77, 235.59, 256.47, 235.59, 253.00, 252.21, 250.64, 4802303, 12036.66, 68002, 1465002, 30.51
HEIDELBERG, EQ, 06-Oct-2026, 130.11, 130.49, 130.95, 127.41, 127.80, 127.78, 128.20, 275926, 353.75, 3774, 210600, 76.32
HEMIPROP, EQ, 06-Oct-2026, 111.53, 111.53, 113.88, 111.50, 113.40, 113.53, 113.01, 195940, 221.43, 2920, 116307, 59.36
HERANBA, EQ, 06-Oct-2026, 167.58, 167.15, 173.90, 166.20, 170.90, 169.00, 170.40, 30617, 52.17, 1143, 15163, 49.52
HERITGFOOD, EQ, 06-Oct-2026, 394.75, 394.60, 408.40, 392.00, 405.00, 406.10, 402.21, 271576, 1092.30, 9213, 95652, 35.22
HEROMOTOCO, EQ, 06-Oct-2026, 5089.50, 5095.00, 5113.50, 5041.00, 5075.00, 5075.00, 5073.19, 388296, 19698.98, 47541, 227763, 58.66
HEROMOTORS, EQ, 06-Oct-2026, 169.63, 168.40, 169.63, 163.33, 168.30, 167.52, 166.28, 52806263, 87806.41, 288404, 6122099, 11.59
HESTERBIO, EQ, 06-Oct-2026, 2105.50, 2130.00, 2184.90, 2090.20, 2184.10, 2174.10, 2149.64, 4424, 95.10, 821, 1781, 40.26
HEXAGON, BE, 06-Oct-2026, 69.77, 70.29, 73.25, 68.80, 71.00, 71.13, 72.06, 1499472, 1080.51, 2351, -, -
HEXATRADEX, EQ, 06-Oct-2026, 153.58, 157.00, 157.00, 152.28, 155.98, 155.85, 154.86, 2219, 3.44, 63, 1449, 65.30
HEXT, EQ, 06-Oct-2026, 495.15, 499.50, 504.00, 490.30, 500.00, 500.30, 498.73, 99472, 496.10, 13162, 40393, 40.61
HFCL, BE, 06-Oct-2026, 250.27, 262.78, 262.78, 256.00, 262.78, 262.78, 262.23, 6656282, 17455.09, 24167, -, -
HGINFRA, EQ, 06-Oct-2026, 403.75, 403.80, 425.75, 398.55, 418.00, 417.20, 412.20, 470243, 1938.35, 20881, 90557, 19.26
HGM, EQ, 06-Oct-2026, 38.97, 39.00, 41.95, 38.98, 39.00, 39.28, 39.65, 4397, 1.74, 71, 3626, 82.47
HGS, EQ, 06-Oct-2026, 364.95, 364.00, 366.40, 360.10, 360.55, 361.40, 362.35, 13171, 47.72, 1123, 9730, 73.87
HIGREEN, SM, 06-Oct-2026, 115.80, 112.00, 119.60, 112.00, 119.60, 118.80, 116.49, 10400, 12.11, 12, 7200, 69.23
HIKAL, EQ, 06-Oct-2026, 214.45, 215.30, 227.16, 213.21, 226.86, 226.43, 221.71, 608833, 1349.85, 12191, 266699, 43.80
HILINFRA, EQ, 06-Oct-2026, 43.71, 44.70, 45.71, 43.66, 45.40, 45.36, 44.97, 145388, 65.38, 2243, 71990, 49.52
HILTON, EQ, 06-Oct-2026, 16.77, 16.99, 17.18, 16.62, 16.70, 16.75, 16.87, 54257, 9.16, 284, 35468, 65.37
HIMALAYAN, ST, 06-Oct-2026, 84.85, 81.00, 83.90, 80.65, 80.70, 80.80, 82.70, 403200, 333.44, 63, 403200, 100.00
HIMATSEIDE, EQ, 06-Oct-2026, 64.64, 64.00, 65.95, 63.86, 65.05, 65.36, 65.17, 356115, 232.06, 4459, 188276, 52.87
HINDADH, EQ, 06-Oct-2026, 384.50, 388.00, 390.60, 380.15, 386.75, 384.35, 385.49, 1531, 5.90, 54, 1405, 91.77
HINDALCO, EQ, 06-Oct-2026, 938.40, 945.35, 950.40, 935.10, 940.50, 940.50, 939.68, 2991457, 28110.24, 61758, 1744038, 58.30
HINDALUMI, EQ, 06-Oct-2026, 91.83, 91.83, 92.84, 89.99, 89.99, 90.32, 90.84, 2250, 2.04, 107, 1860, 82.67
HINDCOMPOS, EQ, 06-Oct-2026, 400.65, 406.00, 406.00, 397.00, 401.00, 401.45, 401.44, 13778, 55.31, 333, 11423, 82.91
HINDCON, BE, 06-Oct-2026, 31.64, 30.06, 30.06, 30.06, 30.06, 30.06, 30.06, 23518, 7.07, 147, -, -
HINDCOPPER, EQ, 06-Oct-2026, 478.65, 483.90, 487.60, 480.25, 486.25, 485.50, 483.94, 3645773, 17643.45, 50351, 1381111, 37.88
HINDOILEXP, EQ, 06-Oct-2026, 164.87, 164.01, 167.79, 164.01, 166.80, 166.35, 166.36, 254603, 423.56, 3933, 111812, 43.92
HINDPETRO, EQ, 06-Oct-2026, 342.35, 344.05, 351.75, 343.45, 351.00, 351.00, 347.91, 3973902, 13825.48, 46101, 2456683, 61.82
HINDUNILVR, EQ, 06-Oct-2026, 1838.40, 1847.90, 1895.20, 1834.20, 1895.20, 1895.20, 1877.13, 1576062, 29584.66, 57721, 1021493, 64.81
HINDWAREAP, EQ, 06-Oct-2026, 171.63, 173.13, 173.13, 170.00, 171.84, 170.75, 170.29, 59957, 102.10, 3132, 37017, 61.74
HINDZINC, EQ, 06-Oct-2026, 560.95, 564.15, 567.40, 557.05, 557.65, 557.65, 561.37, 2198787, 12343.43, 44302, 1177505, 53.55
HIRECT, EQ, 06-Oct-2026, 1109.40, 1102.00, 1157.00, 1088.40, 1142.10, 1146.80, 1132.41, 46766, 529.58, 4937, 21519, 46.01
HISARMETAL, EQ, 06-Oct-2026, 145.22, 146.00, 147.00, 145.30, 145.30, 145.30, 146.34, 242, 0.35, 18, 242, 100.00
HITECH, EQ, 06-Oct-2026, 70.05, 72.85, 76.24, 72.20, 74.80, 74.68, 73.95, 6307495, 4664.25, 35200, 799017, 12.67
HITECHCORP, BE, 06-Oct-2026, 342.00, 340.00, 344.40, 340.00, 342.50, 342.40, 341.45, 30000, 102.44, 240, -, -
HITECHGEAR, BE, 06-Oct-2026, 584.60, 590.40, 613.80, 555.40, 581.00, 568.90, 574.79, 10320, 59.32, 234, -, -
HLEGLAS, EQ, 06-Oct-2026, 425.85, 424.05, 447.10, 424.05, 447.10, 447.10, 441.72, 134283, 593.16, 2724, 80120, 59.67
HLVLTD, EQ, 06-Oct-2026, 6.21, 6.12, 6.33, 6.05, 6.18, 6.13, 6.20, 199838, 12.38, 580, 149377, 74.75
HMAAGRO, EQ, 06-Oct-2026, 23.40, 23.40, 24.74, 23.31, 24.74, 24.56, 24.19, 2144577, 518.86, 4834, 1259177, 58.71
HMT, BZ, 06-Oct-2026, 58.99, 58.99, 59.98, 57.00, 58.60, 58.53, 58.18, 9014, 5.24, 126, -, -
HMVL, BE, 06-Oct-2026, 76.00, 78.25, 79.80, 72.20, 75.20, 74.91, 74.29, 110904, 82.39, 357, -, -
HNDFDS, EQ, 06-Oct-2026, 570.05, 570.00, 591.00, 570.00, 585.15, 584.75, 583.62, 68825, 401.68, 5531, 39521, 57.42
HNGSNGBEES, EQ, 06-Oct-2026, 457.63, 469.00, 469.00, 458.03, 461.80, 460.99, 460.52, 63065, 290.42, 3036, 44044, 69.84
HOACFOODS, ST, 06-Oct-2026, 923.05, 930.00, 930.00, 930.00, 930.00, 930.00, 930.00, 4125, 38.36, 9, 4125, 100.00
HOLMARC, SM, 06-Oct-2026, 123.75, 123.70, 125.40, 123.70, 125.40, 125.40, 124.83, 2250, 2.81, 3, 1500, 66.67
HOMEFIRST, EQ, 06-Oct-2026, 1096.20, 1091.30, 1118.00, 1091.30, 1105.40, 1111.50, 1105.57, 212389, 2348.11, 11958, 159604, 75.15
HOMESFY, SM, 06-Oct-2026, 116.00, 121.60, 121.60, 121.60, 121.60, 121.60, 121.60, 300, 0.36, 1, 300, 100.00
HONASA, EQ, 06-Oct-2026, 442.10, 449.00, 493.00, 446.70, 476.65, 478.30, 477.96, 24467750, 116946.57, 357380, 3568535, 14.58
HONAUT, EQ, 06-Oct-2026, 33785.00, 34000.00, 34080.00, 33600.00, 33600.00, 33780.00, 33747.41, 2116, 714.10, 1344, 1238, 58.51
HONDAPOWER, EQ, 06-Oct-2026, 1865.20, 1865.20, 1914.90, 1850.00, 1906.40, 1885.90, 1884.77, 2399, 45.22, 475, 1090, 45.44
HORIZONIND, EQ, 06-Oct-2026, 47.75, 47.60, 51.08, 47.06, 49.40, 49.20, 49.60, 6215607, 3082.95, 35704, 2835054, 45.61
HPAL, EQ, 06-Oct-2026, 33.90, 34.40, 34.69, 33.30, 34.49, 34.37, 34.06, 43421, 14.79, 521, 31397, 72.31
HPIL, EQ, 06-Oct-2026, 110.64, 115.00, 117.98, 113.75, 116.58, 116.49, 116.36, 486, 0.57, 54, 273, 56.17
HPL, EQ, 06-Oct-2026, 264.75, 263.00, 277.00, 263.00, 274.20, 272.70, 270.71, 119882, 324.53, 4063, 47887, 39.95
HPTL, ST, 06-Oct-2026, 431.00, 432.00, 432.00, 430.00, 430.00, 430.00, 430.75, 2400, 10.34, 4, 2400, 100.00
HRHNEXT, SM, 06-Oct-2026, 24.00, 23.20, 23.20, 23.20, 23.20, 23.20, 23.20, 4500, 1.04, 2, 4500, 100.00
HRYNSHP, EQ, 06-Oct-2026, 96.65, 96.65, 96.65, 95.87, 95.90, 95.90, 96.34, 296, 0.29, 16, 285, 96.28
HSBCGOLD, EQ, 06-Oct-2026, 128.04, 126.55, 128.08, 126.55, 127.93, 128.02, 127.49, 1507, 1.92, 39, 903, 59.92
HSCL, EQ, 06-Oct-2026, 659.85, 664.00, 670.00, 661.30, 670.00, 668.55, 665.84, 1016587, 6768.86, 19329, 499019, 49.09
HTEL, EQ, 06-Oct-2026, 70.43, 70.53, 75.81, 70.53, 73.85, 73.81, 73.91, 1595964, 1179.57, 12612, 699412, 43.82
HTMEDIA, EQ, 06-Oct-2026, 22.14, 22.14, 23.15, 22.00, 22.67, 22.99, 22.85, 46073, 10.53, 270, 22227, 48.24
HUBTOWN, EQ, 06-Oct-2026, 168.09, 169.11, 174.65, 168.01, 171.24, 170.00, 170.56, 598209, 1020.30, 5563, 313676, 52.44
HUDCO, EQ, 06-Oct-2026, 162.09, 162.95, 165.80, 155.80, 160.89, 161.04, 158.87, 9805265, 15578.07, 103433, 4335860, 44.22
HUHTAMAKI, EQ, 06-Oct-2026, 227.52, 230.00, 235.00, 228.00, 234.45, 233.45, 232.05, 48214, 111.88, 4904, 25493, 52.87
HVAX, SM, 06-Oct-2026, 680.00, 680.00, 714.00, 680.00, 714.00, 714.00, 703.88, 3000, 21.12, 13, 2850, 95.00
HYBRIDETF, EQ, 06-Oct-2026, 9.78, 9.78, 9.86, 9.64, 9.83, 9.83, 9.82, 131241, 12.89, 51, 121235, 92.38
HYBRIDFIN, EQ, 06-Oct-2026, 17.43, 17.43, 17.89, 16.81, 17.40, 17.56, 17.33, 4344, 0.75, 46, 3736, 86.00
HYUNDAI, EQ, 06-Oct-2026, 2000.00, 2008.10, 2014.00, 1975.00, 1989.00, 1989.00, 1989.12, 432970, 8612.27, 41719, 206291, 47.65
IBLFL, SM, 06-Oct-2026, 61.00, 61.00, 61.00, 61.00, 61.00, 61.00, 61.00, 4000, 2.44, 1, 4000, 100.00
IBULLSLTD, EQ, 06-Oct-2026, 29.48, 29.80, 30.95, 29.70, 30.95, 30.95, 30.63, 18672512, 5719.99, 13377, 12689183, 67.96
ICDSLTD, BE, 06-Oct-2026, 44.61, 44.61, 45.01, 44.20, 44.27, 44.27, 44.61, 953, 0.43, 12, -, -
ICELCO, SM, 06-Oct-2026, 117.00, 115.80, 118.75, 114.65, 116.45, 116.05, 115.72, 56400, 65.26, 40, 39600, 70.21
ICEMAKE, EQ, 06-Oct-2026, 628.55, 623.75, 638.80, 620.95, 634.00, 631.20, 631.53, 11370, 71.81, 971, 6054, 53.25
ICICIAMC, EQ, 06-Oct-2026, 3061.20, 3062.20, 3085.00, 3040.00, 3065.20, 3071.50, 3061.29, 275856, 8444.75, 30531, 165173, 59.88
ICICIB22, EQ, 06-Oct-2026, 109.88, 112.08, 112.08, 109.64, 110.25, 110.00, 109.91, 803316, 882.93, 2288, 728944, 90.74
ICICIBANK, EQ, 06-Oct-2026, 1332.00, 1330.10, 1343.50, 1327.90, 1342.80, 1342.80, 1337.49, 12201451, 163192.98, 133764, 6992545, 57.31
ICICIGI, EQ, 06-Oct-2026, 1600.00, 1595.00, 1606.00, 1576.00, 1598.30, 1598.30, 1594.43, 333763, 5321.62, 21745, 149846, 44.90
ICICIPRULI, EQ, 06-Oct-2026, 454.90, 458.00, 462.90, 453.55, 459.50, 459.50, 457.90, 595212, 2725.47, 29096, 282366, 47.44
ICIL, EQ, 06-Oct-2026, 446.20, 449.00, 475.00, 448.90, 471.00, 473.15, 470.45, 981220, 4616.14, 29623, 343318, 34.99
ICRA, EQ, 06-Oct-2026, 4297.50, 4297.50, 4396.80, 4271.70, 4351.00, 4356.70, 4353.23, 20311, 884.18, 3576, 12765, 62.85
IDBI, EQ, 06-Oct-2026, 86.31, 86.10, 87.25, 84.82, 87.05, 87.01, 86.35, 7936021, 6853.05, 31413, 3592375, 45.27
IDEA, EQ, 06-Oct-2026, 12.74, 12.77, 13.22, 12.76, 13.21, 13.21, 13.10, 337226121, 44175.41, 637096, 101982490, 30.24
IDEAFORGE, EQ, 06-Oct-2026, 701.65, 700.00, 728.00, 695.85, 726.00, 723.40, 713.92, 229168, 1636.07, 12579, 88534, 38.63
IDENTICAL, SM, 06-Oct-2026, 18.45, 21.35, 21.35, 21.35, 21.35, 21.35, 21.35, 2000, 0.43, 1, 2000, 100.00
IDFCFIRSTB, EQ, 06-Oct-2026, 82.22, 81.98, 82.29, 78.89, 81.56, 81.56, 80.79, 29054579, 23472.83, 78746, 12984815, 44.69
IDFNIFTYET, EQ, 06-Oct-2026, 249.70, 255.94, 255.94, 247.55, 251.47, 251.47, 251.12, 1341, 3.37, 47, 1320, 98.43
IEML, ST, 06-Oct-2026, 49.80, 49.80, 50.90, 47.35, 47.35, 47.35, 47.50, 113500, 53.91, 116, 87500, 77.09
IEX, EQ, 06-Oct-2026, 104.30, 105.30, 105.48, 104.41, 104.86, 104.86, 105.01, 2589786, 2719.52, 22706, 1039842, 40.15
IFBAGRO, EQ, 06-Oct-2026, 872.00, 872.00, 883.00, 863.10, 871.50, 874.15, 874.28, 1401, 12.25, 332, 634, 45.25
IFBIND, EQ, 06-Oct-2026, 1178.80, 1188.00, 1218.80, 1177.80, 1217.00, 1212.30, 1201.53, 18184, 218.49, 2111, 9708, 53.39
IFCI, EQ, 06-Oct-2026, 64.28, 64.85, 66.08, 63.90, 65.51, 65.51, 65.43, 29555126, 19336.76, 76489, 4957018, 16.77
IFGLEXPOR, EQ, 06-Oct-2026, 183.99, 183.86, 186.89, 179.10, 180.00, 180.65, 182.42, 34436, 62.82, 1160, 26432, 76.76
IGARASHI, EQ, 06-Oct-2026, 389.65, 390.60, 417.40, 389.65, 402.80, 401.40, 406.00, 187399, 760.83, 9512, 41648, 22.22
IGCL, EQ, 06-Oct-2026, 53.40, 52.60, 58.00, 52.60, 56.99, 57.36, 54.96, 412022, 226.44, 1940, 342018, 83.01
IGIL, EQ, 06-Oct-2026, 316.25, 316.40, 321.35, 313.05, 319.10, 319.60, 317.28, 436001, 1383.33, 17060, 147509, 33.83
IGL, EQ, 06-Oct-2026, 142.10, 142.10, 142.43, 140.32, 141.41, 141.38, 141.30, 1219033, 1722.54, 29616, 666384, 54.66
IGPL, EQ, 06-Oct-2026, 554.00, 550.50, 599.90, 550.50, 588.50, 589.50, 587.69, 175561, 1031.76, 8321, 73055, 41.61
IIFL, EQ, 06-Oct-2026, 601.15, 601.65, 603.70, 590.45, 602.00, 601.70, 598.12, 1097013, 6561.41, 40497, 619620, 56.48
IIFLCAPS, EQ, 06-Oct-2026, 345.20, 346.00, 346.00, 343.60, 346.00, 345.15, 344.97, 154566, 533.21, 5169, 107617, 69.63
IITL, EQ, 06-Oct-2026, 129.40, 133.50, 137.00, 128.00, 136.50, 132.25, 131.02, 100782, 132.05, 1081, 10811, 10.73
IKIO, EQ, 06-Oct-2026, 192.22, 192.00, 198.20, 192.00, 195.20, 195.87, 194.44, 80513, 156.55, 2479, 35451, 44.03
IKS, EQ, 06-Oct-2026, 1766.80, 1758.10, 1777.10, 1745.50, 1759.80, 1761.00, 1760.28, 66106, 1163.65, 13022, 35037, 53.00
IL&FSENGG, BZ, 06-Oct-2026, 39.78, 39.78, 40.05, 39.00, 40.05, 39.54, 39.02, 142150, 55.46, 53, -, -
IL&FSTRANS, BZ, 06-Oct-2026, 1.94, 1.98, 1.98, 1.91, 1.94, 1.94, 1.94, 23767, 0.46, 67, -, -
IMAGICAA, EQ, 06-Oct-2026, 48.76, 48.76, 50.29, 48.76, 50.00, 49.92, 49.83, 435420, 216.99, 3842, 238708, 54.82
IMFA, EQ, 06-Oct-2026, 1158.90, 1159.10, 1195.00, 1158.90, 1188.00, 1190.60, 1185.24, 78676, 932.50, 7984, 40859, 51.93
IMPAL, EQ, 06-Oct-2026, 1026.20, 1034.30, 1050.00, 1027.10, 1050.00, 1036.50, 1033.61, 725, 7.49, 100, 643, 88.69
INA, EQ, 06-Oct-2026, 83.44, 84.59, 85.34, 83.40, 84.00, 83.81, 84.11, 478784, 402.69, 4853, 259073, 54.11
INCREDIBLE, EQ, 06-Oct-2026, 31.48, 32.25, 32.25, 31.12, 31.72, 31.42, 31.84, 754, 0.24, 18, 753, 99.87
INDBANK, EQ, 06-Oct-2026, 25.17, 25.20, 25.50, 24.88, 25.40, 25.23, 25.22, 35543, 8.96, 466, 18609, 52.36
INDGN, EQ, 06-Oct-2026, 598.45, 595.00, 598.40, 591.00, 597.00, 596.30, 594.45, 133215, 791.90, 12795, 71514, 53.68
INDHOTEL, EQ, 06-Oct-2026, 725.00, 720.30, 736.00, 720.30, 736.00, 736.00, 730.49, 2461719, 17982.54, 51314, 1743006, 70.80
INDIACEM, EQ, 06-Oct-2026, 299.05, 299.75, 303.15, 294.15, 294.15, 295.25, 297.98, 139497, 415.68, 9093, 70389, 50.46
INDIAGLYCO, EQ, 06-Oct-2026, 303.35, 305.00, 324.75, 303.05, 319.90, 318.95, 317.95, 613990, 1952.16, 18358, 205866, 33.53
INDIAMART, EQ, 06-Oct-2026, 1591.50, 1584.00, 1616.00, 1584.00, 1592.00, 1592.90, 1596.39, 41629, 664.56, 6811, 20668, 49.65
INDIANB, EQ, 06-Oct-2026, 810.00, 812.00, 819.00, 807.70, 813.00, 813.00, 812.02, 888598, 7215.59, 34868, 420146, 47.28
INDIANCARD, EQ, 06-Oct-2026, 184.82, 190.00, 190.00, 184.83, 189.83, 187.86, 185.89, 216, 0.40, 26, 160, 74.07
INDIANHUME, EQ, 06-Oct-2026, 335.70, 337.70, 342.50, 333.60, 340.80, 341.20, 338.55, 40380, 136.70, 1903, 27599, 68.35
INDIASHLTR, EQ, 06-Oct-2026, 646.60, 641.00, 648.30, 635.00, 635.00, 636.35, 640.28, 37403, 239.48, 3842, 18325, 48.99
INDIGO, EQ, 06-Oct-2026, 4935.00, 4954.90, 5057.60, 4925.10, 5050.50, 5050.50, 5005.78, 613781, 30724.54, 53812, 338971, 55.23
INDIGOPNTS, EQ, 06-Oct-2026, 1040.00, 1045.00, 1069.20, 1032.50, 1060.00, 1062.40, 1050.00, 40882, 429.26, 5999, 20595, 50.38
INDIGRID, IV, 06-Oct-2026, 169.75, 170.20, 170.20, 169.20, 169.25, 169.41, 169.54, 664201, 1126.07, 11456, 619036, 93.20
INDIQUBE, EQ, 06-Oct-2026, 197.40, 196.03, 199.58, 195.51, 197.00, 197.32, 197.17, 13399, 26.42, 375, 7297, 54.46
INDNIPPON, EQ, 06-Oct-2026, 1220.30, 1233.70, 1248.50, 1215.10, 1246.20, 1241.70, 1227.58, 24214, 297.25, 2884, 12257, 50.62
INDOAMIN, EQ, 06-Oct-2026, 143.31, 146.90, 168.00, 145.69, 160.62, 161.16, 160.99, 8043089, 12948.52, 90360, 988740, 12.29
INDOBORAX, EQ, 06-Oct-2026, 460.65, 465.70, 497.60, 459.00, 488.00, 491.75, 487.33, 194721, 948.93, 8687, 58039, 29.81
INDOCO, EQ, 06-Oct-2026, 246.80, 248.15, 249.95, 244.50, 247.75, 247.15, 247.11, 168290, 415.86, 3710, 70940, 42.15
INDOFARM, EQ, 06-Oct-2026, 129.43, 131.70, 137.00, 130.11, 135.40, 134.32, 133.65, 165385, 221.03, 2743, 39874, 24.11
INDOKEM, EQ, 06-Oct-2026, 598.25, 614.95, 614.95, 592.10, 596.00, 596.85, 598.83, 3482, 20.85, 268, 2417, 69.41
INDOMIM, EQ, 06-Oct-2026, 1320.40, 1329.90, 1360.00, 1305.00, 1345.00, 1350.20, 1336.27, 953041, 12735.22, 33136, 448569, 47.07
INDORAMA, EQ, 06-Oct-2026, 93.69, 93.68, 96.34, 92.42, 95.50, 95.10, 94.51, 603328, 570.20, 7690, 262561, 43.52
INDOSTAR, EQ, 06-Oct-2026, 204.33, 206.56, 207.90, 197.58, 199.00, 199.55, 202.32, 161211, 326.17, 2671, 87971, 54.57
INDOTECH, EQ, 06-Oct-2026, 3275.40, 3275.40, 3400.00, 3275.40, 3341.00, 3352.80, 3341.91, 22557, 753.83, 3126, 12905, 57.21
INDOTHAI, EQ, 06-Oct-2026, 36.94, 37.59, 38.78, 37.09, 38.78, 38.78, 38.35, 552471, 211.87, 2159, 338718, 61.31
INDOUS, EQ, 06-Oct-2026, 75.50, 78.92, 78.92, 73.99, 75.10, 75.53, 76.06, 6111, 4.65, 317, 3892, 63.69
INDOWIND, EQ, 06-Oct-2026, 8.41, 8.55, 8.80, 8.50, 8.55, 8.56, 8.65, 85003, 7.35, 538, 68971, 81.14
INDPRUD, EQ, 06-Oct-2026, 6350.00, 6400.00, 6400.00, 6050.00, 6299.50, 6299.50, 6148.35, 227, 13.96, 16, 225, 99.12
INDRAMEDCO, EQ, 06-Oct-2026, 333.95, 334.00, 336.55, 327.35, 334.90, 335.15, 333.87, 209881, 700.72, 7157, 117325, 55.90
INDSWFTLAB, EQ, 06-Oct-2026, 385.75, 388.70, 401.50, 386.90, 400.85, 400.45, 394.05, 369560, 1456.27, 8434, 169907, 45.98
INDTERRAIN, EQ, 06-Oct-2026, 29.36, 29.04, 29.73, 29.04, 29.15, 29.22, 29.18, 16070, 4.69, 110, 14641, 91.11
INDUSINDBK, EQ, 06-Oct-2026, 886.60, 886.00, 907.00, 883.55, 906.10, 906.10, 901.13, 2405486, 21676.48, 69294, 1380090, 57.37
INDUSINVIT, IV, 06-Oct-2026, 128.80, 129.35, 131.44, 128.50, 129.57, 130.13, 129.57, 148481, 192.38, 7091, 111769, 75.27
INDUSTOWER, EQ, 06-Oct-2026, 380.20, 382.80, 392.30, 382.70, 389.10, 389.10, 389.63, 5484978, 21371.35, 47981, 3394137, 61.88
INFINIUM, SM, 06-Oct-2026, 311.80, 324.50, 324.50, 306.50, 310.00, 307.35, 310.28, 9000, 27.93, 16, 7500, 83.33
INFLUX, SM, 06-Oct-2026, 265.65, 265.00, 273.50, 265.00, 272.00, 272.00, 270.13, 34800, 94.01, 54, 28200, 81.03
INFOBEAN, EQ, 06-Oct-2026, 148.08, 150.00, 150.65, 147.01, 150.00, 149.46, 148.82, 116776, 173.79, 2005, 49243, 42.17
INFOLLION, SM, 06-Oct-2026, 160.40, 160.00, 167.90, 158.00, 158.00, 159.80, 162.98, 64000, 104.31, 56, 60800, 95.00
INFOMEDIA, EQ, 06-Oct-2026, 5.21, 5.47, 5.47, 5.15, 5.26, 5.21, 5.19, 10232, 0.53, 72, 7349, 71.82
INFRA, EQ, 06-Oct-2026, 11.44, 11.54, 11.60, 11.53, 11.60, 11.59, 11.58, 7326, 0.85, 97, 5731, 78.23
INFRABEES, EQ, 06-Oct-2026, 898.85, 898.85, 914.79, 897.54, 904.08, 909.15, 907.63, 18900, 171.54, 395, 10538, 55.76
INFRAIETF, EQ, 06-Oct-2026, 90.15, 90.15, 91.13, 89.52, 90.15, 90.52, 90.16, 48309, 43.55, 4766, 26964, 55.82
INFY, EQ, 06-Oct-2026, 1020.50, 1018.00, 1020.50, 1003.15, 1013.85, 1013.85, 1008.82, 8252213, 83250.29, 125495, 4319853, 52.35
INGERRAND, EQ, 06-Oct-2026, 4154.20, 4154.00, 4187.90, 4117.00, 4144.10, 4130.80, 4144.51, 5472, 226.79, 1676, 2800, 51.17
INM, SM, 06-Oct-2026, 141.00, 141.00, 141.00, 139.50, 139.50, 139.50, 139.80, 3000, 4.19, 3, 3000, 100.00
INNOMET, ST, 06-Oct-2026, 281.00, 281.00, 281.00, 267.00, 277.25, 277.25, 274.40, 195000, 535.09, 57, 193200, 99.08
INNOVACAP, EQ, 06-Oct-2026, 1145.40, 1145.40, 1159.20, 1115.00, 1143.00, 1141.80, 1140.99, 71879, 820.13, 9894, 32400, 45.08
INNOVANA, EQ, 06-Oct-2026, 302.30, 298.25, 303.45, 292.90, 293.20, 294.85, 295.81, 22993, 68.02, 498, 2505, 10.89
INNOVISION, EQ, 06-Oct-2026, 254.25, 254.00, 258.10, 252.20, 256.90, 256.50, 254.62, 7240, 18.43, 389, 4673, 64.54
INOXGREEN, EQ, 06-Oct-2026, 149.95, 149.95, 152.20, 144.10, 146.10, 146.59, 147.47, 2572640, 3793.76, 27020, 1406858, 54.69
INOXINDIA, EQ, 06-Oct-2026, 2089.10, 2125.00, 2146.00, 2068.00, 2089.00, 2077.30, 2103.50, 331952, 6982.60, 48762, 132887, 40.03
INOXWIND, EQ, 06-Oct-2026, 67.80, 68.01, 70.24, 67.51, 68.70, 68.70, 69.13, 10428766, 7209.35, 50197, 3777776, 36.22
INSECTICID, EQ, 06-Oct-2026, 578.80, 583.95, 585.00, 579.25, 585.00, 584.15, 581.62, 7785, 45.28, 550, 5509, 70.76
INSPIRE, SM, 06-Oct-2026, 9.45, 9.90, 9.90, 9.90, 9.90, 9.90, 9.90, 8000, 0.79, 3, 8000, 100.00
INSPIRISYS, EQ, 06-Oct-2026, 83.02, 84.00, 85.79, 82.60, 85.79, 83.76, 83.36, 1388, 1.16, 42, 952, 68.59
INSUREIETF, EQ, 06-Oct-2026, 14.54, 14.62, 14.95, 14.49, 14.77, 14.72, 14.63, 1433175, 209.70, 323, 997316, 69.59
INTELLECT, EQ, 06-Oct-2026, 600.20, 600.00, 608.00, 595.00, 600.90, 601.40, 600.36, 288653, 1732.95, 19338, 148785, 51.54
INTENTECH, EQ, 06-Oct-2026, 80.58, 80.18, 84.50, 80.18, 82.00, 84.10, 81.55, 94403, 76.98, 462, 89530, 94.84
INTERARCH, EQ, 06-Oct-2026, 1661.70, 1678.30, 1709.90, 1661.70, 1678.10, 1685.60, 1687.18, 57491, 969.97, 6889, 22431, 39.02
INTERNET, EQ, 06-Oct-2026, 13.46, 13.55, 13.79, 13.55, 13.75, 13.78, 13.72, 214061, 29.36, 212, 195695, 91.42
INTLCONV, EQ, 06-Oct-2026, 80.06, 80.86, 81.80, 80.00, 80.00, 80.02, 80.25, 19239, 15.44, 296, 11212, 58.28
INVENTURE, EQ, 06-Oct-2026, 0.85, 0.85, 0.86, 0.85, 0.86, 0.85, 0.85, 472880, 4.04, 262, 245745, 51.97
INVICTA, SM, 06-Oct-2026, 66.10, 67.05, 67.05, 66.80, 66.80, 66.80, 66.93, 3200, 2.14, 2, 1600, 50.00
INVPRECQ, BE, 06-Oct-2026, 1612.10, 1655.00, 1675.00, 1560.00, 1563.50, 1571.30, 1607.68, 6162, 99.07, 295, -, -
IOB, EQ, 06-Oct-2026, 31.35, 31.40, 31.62, 30.94, 31.31, 31.46, 31.24, 2269424, 709.00, 17017, 1056844, 46.57
IOC, EQ, 06-Oct-2026, 130.50, 131.00, 131.60, 129.55, 131.60, 131.60, 130.66, 6515655, 8513.12, 48135, 2829091, 43.42
IOLCP, EQ, 06-Oct-2026, 205.71, 206.50, 216.55, 204.73, 216.30, 214.90, 212.66, 3889322, 8270.85, 44109, 1511633, 38.87
IONEXCHANG, EQ, 06-Oct-2026, 401.75, 402.85, 411.00, 399.65, 409.00, 409.20, 407.59, 113442, 462.38, 8762, 48774, 42.99
IPCALAB, EQ, 06-Oct-2026, 1951.30, 1951.20, 1965.00, 1932.00, 1936.10, 1945.50, 1941.88, 271603, 5274.20, 30479, 213645, 78.66
IPHL, SM, 06-Oct-2026, 68.80, 69.00, 70.00, 67.50, 68.00, 68.00, 68.76, 8400, 5.78, 7, 7200, 85.71
IPL, EQ, 06-Oct-2026, 128.75, 129.00, 133.30, 127.50, 132.85, 132.60, 130.58, 220828, 288.35, 4635, 67009, 30.34
IPRINGLTD, EQ, 06-Oct-2026, 137.15, 137.15, 144.00, 137.00, 144.00, 143.67, 142.86, 834, 1.19, 20, 725, 86.93
IPSL, SM, 06-Oct-2026, 210.00, 192.20, 204.90, 192.20, 204.90, 204.90, 200.63, 1500, 3.01, 3, 1000, 66.67
IRB, EQ, 06-Oct-2026, 16.87, 16.92, 18.23, 16.84, 17.85, 17.84, 17.56, 14815112, 2602.00, 25247, 4622445, 31.20
IRBINVIT, IV, 06-Oct-2026, 63.93, 64.27, 64.27, 63.61, 63.87, 63.85, 63.89, 319473, 204.12, 4637, 263479, 82.47
IRCON, EQ, 06-Oct-2026, 106.88, 106.98, 109.58, 106.46, 107.82, 107.86, 108.08, 2577615, 2786.00, 27923, 688686, 26.72
IRCTC, EQ, 06-Oct-2026, 452.80, 452.80, 460.05, 451.50, 454.95, 454.80, 455.22, 718299, 3269.88, 26586, 356013, 49.56
IREDA, EQ, 06-Oct-2026, 109.00, 110.00, 110.23, 108.80, 109.00, 109.00, 109.35, 3014460, 3296.44, 23992, 1098652, 36.45
IRFC, EQ, 06-Oct-2026, 76.50, 76.98, 78.07, 76.33, 77.10, 77.10, 77.28, 6659066, 5146.44, 37906, 2322513, 34.88
IRIS, EQ, 06-Oct-2026, 220.46, 220.22, 226.99, 217.80, 222.98, 221.57, 220.67, 18132, 40.01, 606, 12193, 67.25
IRISDOREME, EQ, 06-Oct-2026, 59.69, 60.35, 60.58, 58.20, 58.50, 58.45, 58.96, 130667, 77.04, 1698, 60938, 46.64
IRMENERGY, EQ, 06-Oct-2026, 259.50, 256.20, 264.45, 256.20, 262.00, 262.10, 261.27, 37776, 98.70, 2302, 17735, 46.95
ISFT, BE, 06-Oct-2026, 99.82, 99.50, 100.49, 97.11, 98.28, 98.32, 98.84, 8338, 8.24, 63, -, -
ISGEC, EQ, 06-Oct-2026, 899.30, 899.60, 913.45, 898.00, 905.00, 905.00, 903.17, 52570, 474.79, 4031, 21989, 41.83
ISHAN, SM, 06-Oct-2026, 0.50, 0.50, 0.50, 0.45, 0.45, 0.45, 0.46, 192000, 0.89, 4, 192000, 100.00
ISHANCH, EQ, 06-Oct-2026, 47.39, 47.39, 48.96, 46.05, 47.51, 47.92, 47.73, 10450, 4.99, 105, 8685, 83.11
ISTLTD, EQ, 06-Oct-2026, 610.50, 622.30, 651.45, 620.55, 639.00, 637.20, 634.78, 871, 5.53, 111, 308, 35.36
IT, EQ, 06-Oct-2026, 31.32, 31.32, 31.98, 31.00, 31.32, 31.19, 31.24, 340246, 106.31, 1010, 201920, 59.35
ITADD, EQ, 06-Oct-2026, 29.97, 29.96, 29.99, 29.67, 29.82, 29.79, 29.81, 14482, 4.32, 79, 8743, 60.37
ITAXIS, EQ, 06-Oct-2026, 312.02, 310.98, 310.98, 307.42, 309.00, 307.77, 308.79, 3520, 10.87, 51, 1661, 47.19
ITBEES, EQ, 06-Oct-2026, 31.35, 31.56, 31.57, 31.07, 31.25, 31.17, 31.18, 5346868, 1667.41, 15696, 2926246, 54.73
ITBETA, EQ, 06-Oct-2026, 297.84, 297.60, 297.60, 294.68, 295.00, 295.00, 295.16, 207, 0.61, 16, 207, 100.00
ITC, EQ, 06-Oct-2026, 268.90, 269.00, 269.40, 263.95, 266.70, 266.70, 265.91, 22132738, 58853.44, 172400, 12630992, 57.07
ITCHOTELS, EQ, 06-Oct-2026, 158.96, 159.50, 160.80, 158.30, 160.80, 160.21, 159.59, 1237693, 1975.20, 22313, 611908, 49.44
ITDC, EQ, 06-Oct-2026, 664.80, 664.80, 678.00, 662.40, 678.00, 675.25, 671.89, 74057, 497.58, 5218, 21554, 29.10
ITETF, EQ, 06-Oct-2026, 29.95, 30.10, 30.24, 29.63, 29.89, 29.72, 29.75, 442262, 131.56, 795, 241065, 54.51
ITI, EQ, 06-Oct-2026, 240.75, 241.00, 253.98, 241.00, 248.89, 247.84, 248.38, 567023, 1408.36, 16721, 93065, 16.41
ITIETF, EQ, 06-Oct-2026, 31.39, 31.56, 31.56, 31.10, 31.28, 31.22, 31.22, 233795, 72.98, 978, 136947, 58.58
ITL, EQ, 06-Oct-2026, 355.40, 356.00, 370.00, 352.05, 368.75, 366.75, 361.00, 1583, 5.71, 52, 1549, 97.85
ITTL, ST, 06-Oct-2026, 60.75, 60.75, 60.75, 60.75, 60.75, 60.75, 60.75, 105, 0.06, 1, 105, 100.00
IVALUE, EQ, 06-Oct-2026, 228.29, 226.02, 232.56, 226.01, 229.50, 229.45, 229.26, 93436, 214.21, 2496, 49947, 53.46
IVC, EQ, 06-Oct-2026, 7.85, 7.98, 8.10, 7.85, 8.01, 8.00, 8.00, 161487, 12.92, 871, 102408, 63.42
IVP, BE, 06-Oct-2026, 219.17, 220.26, 230.12, 220.26, 226.55, 228.92, 227.26, 20377, 46.31, 214, -, -
IVZBANKNF, EQ, 06-Oct-2026, 54.57, 54.57, 55.14, 54.57, 55.12, 55.12, 55.02, 330, 0.18, 16, 249, 75.45
IVZINGOLD, EQ, 06-Oct-2026, 128.20, 126.30, 128.60, 126.30, 128.60, 128.20, 127.75, 126913, 162.13, 386, 78495, 61.85
IVZINNIFTY, EQ, 06-Oct-2026, 259.22, 265.70, 265.70, 258.62, 261.31, 261.31, 260.80, 127, 0.33, 34, 98, 77.17
IVZSENSEX, EQ, 06-Oct-2026, 72.45, 72.50, 74.66, 72.38, 74.66, 73.20, 72.79, 716, 0.52, 15, 474, 66.20
IWARE, ST, 06-Oct-2026, 372.30, 384.30, 384.30, 373.00, 373.00, 373.00, 375.60, 4800, 18.03, 8, 4200, 87.50
IWP, EQ, 06-Oct-2026, 38.73, 39.00, 39.00, 35.85, 37.16, 37.38, 37.39, 16737, 6.26, 301, 11343, 67.77
IXIGO, EQ, 06-Oct-2026, 161.00, 161.03, 161.83, 158.24, 160.25, 160.13, 159.85, 1707336, 2729.13, 24973, 1128098, 66.07
IZMO, EQ, 06-Oct-2026, 870.70, 870.00, 875.95, 860.60, 868.00, 864.30, 865.29, 43464, 376.09, 2941, 25040, 57.61
J&KBANK, EQ, 06-Oct-2026, 141.53, 141.50, 142.25, 139.00, 140.00, 139.50, 140.41, 1505658, 2114.09, 22384, 796693, 52.91
JAGRAN, EQ, 06-Oct-2026, 61.33, 61.33, 62.14, 61.33, 61.51, 61.72, 61.80, 99565, 61.53, 1129, 70397, 70.70
JAGSNPHARM, EQ, 06-Oct-2026, 229.47, 228.90, 235.99, 227.01, 235.00, 233.63, 233.21, 58557, 136.56, 2038, 32449, 55.41
JAIBALAJI, EQ, 06-Oct-2026, 61.12, 62.49, 64.17, 61.53, 64.17, 64.17, 63.74, 469887, 299.51, 1177, 374868, 79.78
JAICORPLTD, EQ, 06-Oct-2026, 88.49, 89.46, 90.40, 88.36, 90.01, 90.17, 89.71, 301894, 270.81, 4455, 104738, 34.69
JAINAM, SM, 06-Oct-2026, 201.50, 200.00, 211.55, 200.00, 211.55, 211.55, 205.78, 1000, 2.06, 2, 1000, 100.00
JAINIK, ST, 06-Oct-2026, 186.35, 180.00, 185.90, 180.00, 185.90, 185.90, 181.32, 10800, 19.58, 5, 10800, 100.00
JAINREC, EQ, 06-Oct-2026, 290.45, 291.85, 292.90, 288.60, 290.00, 290.15, 290.95, 439000, 1277.28, 11997, 149670, 34.09
JAIPURKURT, EQ, 06-Oct-2026, 26.01, 25.51, 28.00, 25.51, 27.70, 27.37, 27.13, 99083, 26.88, 281, 84107, 84.89
JALAN, ST, 06-Oct-2026, 1.60, 1.60, 1.65, 1.60, 1.65, 1.65, 1.62, 9000, 0.15, 3, 9000, 100.00
JAMNAAUTO, EQ, 06-Oct-2026, 134.45, 136.00, 145.44, 134.45, 144.40, 144.21, 142.75, 6124884, 8743.07, 71188, 2281495, 37.25
JARO, EQ, 06-Oct-2026, 405.15, 405.70, 416.90, 405.70, 415.05, 413.85, 411.10, 112093, 460.82, 2728, 11495, 10.25
JASH, EQ, 06-Oct-2026, 598.10, 600.00, 600.00, 586.00, 599.00, 594.95, 592.96, 176581, 1047.06, 8499, 86159, 48.79
JAYAGROGN, EQ, 06-Oct-2026, 211.82, 213.80, 221.49, 213.80, 221.45, 219.16, 217.41, 7595, 16.51, 307, 4935, 64.98
JAYBARMARU, EQ, 06-Oct-2026, 127.98, 129.80, 134.37, 126.70, 134.37, 134.37, 131.90, 809825, 1068.13, 12867, 415941, 51.36
JAYBEE, SM, 06-Oct-2026, 93.70, 97.40, 97.40, 92.75, 93.20, 93.55, 94.87, 14000, 13.28, 24, 9000, 64.29
JAYESH, SM, 06-Oct-2026, 118.85, 121.40, 137.95, 121.05, 124.95, 124.45, 125.31, 31000, 38.85, 16, 19000, 61.29
JAYKAY, EQ, 06-Oct-2026, 221.97, 230.33, 243.89, 228.01, 241.70, 240.02, 236.08, 6303237, 14880.86, 89958, 864934, 13.72
JAYKAYPP, E1, 06-Oct-2026, 175.78, 180.00, 196.00, 180.00, 195.99, 193.11, 189.34, 64823, 122.73, 638, 46129, 71.16
JAYNECOIND, EQ, 06-Oct-2026, 91.00, 91.00, 95.31, 90.75, 94.09, 94.45, 93.33, 3108994, 2901.47, 24449, 1450270, 46.65
JAYSREETEA, EQ, 06-Oct-2026, 82.70, 83.90, 87.26, 82.62, 85.02, 85.74, 85.33, 24644, 21.03, 658, 13072, 53.04
JBMA, EQ, 06-Oct-2026, 544.55, 544.55, 559.45, 544.35, 559.00, 555.65, 553.59, 252185, 1396.06, 13744, 85887, 34.06
JENBURPH, EQ, 06-Oct-2026, 900.40, 900.40, 920.85, 893.05, 902.30, 905.55, 902.50, 1456, 13.14, 141, 1255, 86.20
JETFREIGHT, EQ, 06-Oct-2026, 19.85, 19.85, 20.24, 19.46, 19.74, 19.80, 19.87, 104313, 20.72, 1225, 37844, 36.28
JEYYAM, SM, 06-Oct-2026, 20.45, 20.90, 22.45, 20.75, 22.45, 21.90, 21.35, 42000, 8.97, 19, 34000, 80.95
JFLLIFE, SM, 06-Oct-2026, 10.25, 10.15, 10.15, 9.80, 9.80, 9.80, 9.98, 12000, 1.20, 2, 12000, 100.00
JGCHEM, EQ, 06-Oct-2026, 609.65, 611.00, 668.50, 611.00, 668.00, 665.45, 649.02, 750821, 4872.97, 25935, 275693, 36.72
JHS, BE, 06-Oct-2026, 10.53, 10.39, 10.75, 10.01, 10.44, 10.36, 10.18, 214870, 21.88, 438, -, -
JINDALPHOT, EQ, 06-Oct-2026, 1024.70, 1024.50, 1049.80, 1012.00, 1020.10, 1024.80, 1020.25, 1695, 17.29, 166, 1152, 67.96
JINDALPOLY, EQ, 06-Oct-2026, 641.60, 655.45, 670.00, 647.15, 657.00, 658.35, 655.98, 13687, 89.78, 1081, 4522, 33.04
JINDALSAW, EQ, 06-Oct-2026, 275.00, 276.50, 283.70, 274.75, 281.50, 282.40, 279.72, 1056608, 2955.59, 25914, 599433, 56.73
JINDALSTEL, EQ, 06-Oct-2026, 1097.30, 1090.00, 1090.00, 1034.80, 1085.90, 1085.90, 1071.53, 4442649, 47604.18, 67531, 2060533, 46.38
JINDRILL, EQ, 06-Oct-2026, 585.95, 588.00, 593.00, 584.60, 588.65, 590.70, 589.88, 94159, 555.42, 3540, 39528, 41.98
JINDWORLD, EQ, 06-Oct-2026, 45.37, 45.37, 45.97, 45.10, 45.50, 45.39, 45.46, 1298991, 590.48, 5419, 437699, 33.70
JIOFIN, EQ, 06-Oct-2026, 212.00, 212.90, 219.38, 211.70, 217.90, 217.90, 216.90, 16691895, 36204.97, 99904, 6362491, 38.12
JISLDVREQS, EQ, 06-Oct-2026, 18.89, 18.99, 19.39, 18.60, 19.00, 18.96, 18.97, 7394, 1.40, 143, 4053, 54.81
JISLJALEQS, EQ, 06-Oct-2026, 26.81, 26.86, 27.10, 26.50, 26.74, 26.65, 26.78, 1608630, 430.79, 4151, 958821, 59.60
JITFINFRA, EQ, 06-Oct-2026, 266.50, 270.90, 278.00, 268.00, 275.00, 275.10, 271.31, 9775, 26.52, 559, 5830, 59.64
JKCEMENT, EQ, 06-Oct-2026, 4981.50, 4952.50, 5000.00, 4945.50, 4965.00, 4960.00, 4970.19, 9886, 491.35, 3019, 3765, 38.08
JKIL, EQ, 06-Oct-2026, 453.70, 453.70, 455.30, 445.15, 449.95, 448.30, 448.46, 52805, 236.81, 2947, 33343, 63.14
JKIPL, EQ, 06-Oct-2026, 95.13, 94.83, 97.98, 94.50, 95.05, 95.52, 96.11, 4014, 3.86, 80, 2895, 72.12
JKLAKSHMI, EQ, 06-Oct-2026, 466.80, 467.05, 486.00, 467.05, 478.30, 478.45, 478.79, 114155, 546.56, 9801, 46904, 41.09
JKPAPER, EQ, 06-Oct-2026, 385.65, 387.50, 400.75, 385.65, 393.00, 393.45, 394.35, 307769, 1213.68, 14289, 157758, 51.26
JKTYRE, EQ, 06-Oct-2026, 338.85, 340.30, 342.25, 338.05, 339.00, 339.35, 339.71, 354281, 1203.54, 11290, 154531, 43.62
JLHL, EQ, 06-Oct-2026, 253.90, 258.85, 258.85, 252.00, 253.80, 253.85, 253.52, 46251, 117.26, 3833, 21216, 45.87
JMA, EQ, 06-Oct-2026, 87.07, 87.07, 88.80, 86.00, 87.00, 86.92, 87.13, 8435, 7.35, 163, 5782, 68.55
JMFINANCIL, EQ, 06-Oct-2026, 123.10, 123.25, 125.25, 123.00, 124.10, 124.00, 124.29, 1300787, 1616.69, 17989, 635509, 48.86
JNKINDIA, EQ, 06-Oct-2026, 432.20, 436.95, 443.65, 429.05, 441.00, 440.95, 439.50, 59918, 263.34, 3788, 28674, 47.86
JNPR, EQ, 06-Oct-2026, 271.30, 271.30, 284.50, 271.20, 280.85, 280.60, 278.47, 766346, 2134.03, 20882, 373830, 48.78
JOCIL, EQ, 06-Oct-2026, 147.84, 147.84, 149.69, 147.00, 147.62, 148.47, 147.34, 937, 1.38, 41, 753, 80.36
JPOLYINVST, EQ, 06-Oct-2026, 891.20, 892.90, 929.00, 892.90, 928.00, 923.90, 912.04, 2637, 24.05, 454, 1458, 55.29
JPPOWER, EQ, 06-Oct-2026, 14.91, 15.00, 15.23, 14.96, 15.05, 15.00, 15.09, 30812762, 4648.30, 671977, 11166580, 36.24
JSFB, EQ, 06-Oct-2026, 498.60, 498.60, 503.10, 496.50, 500.00, 499.85, 500.03, 340187, 1701.04, 20209, 217033, 63.80
JSIPL, BE, 06-Oct-2026, 177.26, 186.12, 186.12, 186.12, 186.12, 186.12, 186.12, 24283, 45.20, 285, -, -
JSL, EQ, 06-Oct-2026, 742.00, 742.50, 759.60, 742.05, 750.00, 750.95, 752.91, 476717, 3589.25, 48556, 258122, 54.15
JSLL, EQ, 06-Oct-2026, 449.90, 450.95, 456.70, 440.00, 442.95, 441.25, 446.78, 742814, 3318.74, 30097, 299844, 40.37
JSWCEMENT, EQ, 06-Oct-2026, 111.09, 111.35, 113.60, 110.48, 113.50, 113.20, 112.46, 1257168, 1413.79, 39727, 671138, 53.38
JSWDULUX, EQ, 06-Oct-2026, 2964.80, 2970.00, 3019.80, 2955.10, 3019.00, 3004.80, 2991.21, 17773, 531.63, 5999, 7658, 43.09
JSWENERGY, EQ, 06-Oct-2026, 491.80, 492.00, 505.20, 490.65, 494.90, 494.90, 498.15, 3951551, 19684.75, 55833, 2440042, 61.75
JSWHL, EQ, 06-Oct-2026, 11350.00, 11380.00, 11445.00, 11265.00, 11350.00, 11313.00, 11321.21, 2550, 288.69, 1077, 1646, 64.55
JSWINFRA, EQ, 06-Oct-2026, 359.40, 361.50, 366.95, 359.40, 364.00, 363.05, 362.78, 2318315, 8410.37, 44360, 1262786, 54.47
JSWSTEEL, EQ, 06-Oct-2026, 1235.30, 1241.90, 1261.50, 1233.50, 1259.60, 1259.60, 1253.81, 1326118, 16626.98, 44457, 709424, 53.50
JTEKTINDIA, EQ, 06-Oct-2026, 113.68, 114.05, 115.95, 113.55, 115.08, 115.38, 114.80, 65534, 75.23, 1134, 33628, 51.31
JTLIND, EQ, 06-Oct-2026, 84.98, 84.90, 86.54, 83.57, 84.30, 84.53, 84.33, 3609155, 3043.48, 11293, 586857, 16.26
JUBLCPL, EQ, 06-Oct-2026, 2021.80, 2023.60, 2063.90, 1994.70, 2009.00, 2003.50, 2023.08, 4932, 99.78, 680, 3032, 61.48
JUBLFOOD, EQ, 06-Oct-2026, 445.70, 445.55, 462.10, 444.45, 449.75, 449.75, 457.05, 1587592, 7256.14, 43011, 668915, 42.13
JUBLINGREA, EQ, 06-Oct-2026, 632.20, 633.20, 647.90, 629.15, 645.95, 644.25, 643.43, 188089, 1210.23, 10791, 91870, 48.84
JUBLPHARMA, EQ, 06-Oct-2026, 981.60, 982.00, 996.60, 970.10, 985.00, 989.20, 985.60, 174777, 1722.59, 17332, 102329, 58.55
JUNIORBEES, EQ, 06-Oct-2026, 748.46, 753.20, 761.23, 743.00, 760.89, 758.79, 755.15, 404843, 3057.17, 14215, 266049, 65.72
JUNIPER, EQ, 06-Oct-2026, 216.00, 218.90, 220.59, 214.81, 218.98, 218.36, 217.82, 110549, 240.80, 4655, 43155, 39.04
JUSTDIAL, EQ, 06-Oct-2026, 651.35, 651.00, 661.95, 650.00, 657.00, 658.95, 654.44, 52473, 343.41, 2886, 20152, 38.40
JWL, EQ, 06-Oct-2026, 223.44, 223.50, 226.90, 221.78, 225.00, 224.64, 224.73, 775749, 1743.33, 15727, 229792, 29.62
JYOTHYLAB, EQ, 06-Oct-2026, 180.93, 181.50, 183.93, 180.94, 183.75, 183.32, 182.66, 128353, 234.45, 6687, 74979, 58.42
JYOTICNC, EQ, 06-Oct-2026, 1029.60, 1042.70, 1077.00, 1029.10, 1075.00, 1073.10, 1061.56, 557011, 5913.03, 28891, 258087, 46.33
JYOTIGLOBL, SM, 06-Oct-2026, 46.50, 48.60, 48.60, 44.20, 44.20, 44.20, 44.85, 30000, 13.46, 15, 26000, 86.67
JYOTIRES, EQ, 06-Oct-2026, 832.90, 840.00, 850.00, 832.00, 849.90, 849.60, 839.30, 4245, 35.63, 468, 2829, 66.64
JYOTISTRUC, EQ, 06-Oct-2026, 8.67, 8.61, 8.99, 8.61, 8.97, 8.94, 8.87, 3309242, 293.52, 3087, 1559667, 47.13
K2INFRA, SM, 06-Oct-2026, 39.65, 38.25, 41.00, 38.25, 40.10, 40.10, 39.87, 28800, 11.48, 48, 25200, 87.50
KABRAEXTRU, BE, 06-Oct-2026, 799.40, 795.40, 824.90, 771.05, 817.95, 815.70, 804.93, 51133, 411.59, 1187, -, -
KAJARIACER, EQ, 06-Oct-2026, 1214.40, 1218.00, 1229.80, 1197.10, 1208.70, 1213.80, 1209.98, 388375, 4699.26, 24519, 251598, 64.78
KAKATCEM, EQ, 06-Oct-2026, 104.79, 105.90, 108.60, 104.00, 106.99, 105.44, 105.64, 3216, 3.40, 99, 2105, 65.45
KALAMANDIR, EQ, 06-Oct-2026, 74.98, 75.69, 77.90, 75.12, 77.22, 77.36, 76.58, 488052, 373.77, 5570, 191921, 39.32
KALPATARU, EQ, 06-Oct-2026, 272.30, 274.60, 275.45, 268.60, 268.65, 269.80, 270.37, 77594, 209.79, 915, 64694, 83.38
KALYANIFRG, BE, 06-Oct-2026, 920.05, 915.00, 933.90, 891.00, 902.00, 905.00, 901.88, 3045, 27.46, 198, -, -
KALYANKJIL, EQ, 06-Oct-2026, 556.85, 557.00, 581.90, 546.55, 548.15, 548.15, 563.84, 14873008, 83859.34, 150181, 3772741, 25.37
KAMAHOLD, EQ, 06-Oct-2026, 2229.30, 2260.00, 2319.00, 2230.20, 2264.00, 2253.30, 2253.49, 1608, 36.24, 276, 669, 41.60
KAMANWALA, EQ, 06-Oct-2026, 16.60, 17.80, 17.80, 16.60, 17.40, 17.40, 16.98, 299, 0.05, 11, 296, 99.00
KAMATHOTEL, EQ, 06-Oct-2026, 245.99, 249.65, 264.89, 249.64, 259.50, 258.82, 259.07, 574646, 1488.76, 14881, 159856, 27.82
KAMDHENU, EQ, 06-Oct-2026, 36.73, 37.15, 37.94, 36.41, 37.50, 37.31, 37.16, 716062, 266.10, 4361, 379890, 53.05
KAMOPAINTS, EQ, 06-Oct-2026, 4.11, 4.11, 4.19, 4.10, 4.13, 4.11, 4.12, 120710, 4.98, 477, 96584, 80.01
KANANIIND, EQ, 06-Oct-2026, 1.30, 1.31, 1.37, 1.26, 1.35, 1.35, 1.35, 100373, 1.35, 350, 93084, 92.74
KANCHI, EQ, 06-Oct-2026, 378.70, 375.00, 381.45, 365.10, 374.90, 371.65, 375.57, 1771, 6.65, 103, 1339, 75.61
KANCOTEA, EQ, 06-Oct-2026, 51.69, 54.00, 54.00, 48.33, 50.05, 50.47, 50.42, 482, 0.24, 20, 301, 62.45
KANDARP, SM, 06-Oct-2026, 57.00, 54.15, 59.05, 54.15, 59.05, 59.00, 56.54, 9000, 5.09, 9, 7000, 77.78
KANOHAR, EQ, 06-Oct-2026, 1020.25, 1037.00, 1047.60, 915.00, 955.00, 942.50, 987.04, 11936772, 117820.42, 350959, 1344031, 11.26
KANORICHEM, BE, 06-Oct-2026, 182.71, 186.70, 187.35, 175.01, 183.00, 182.10, 179.89, 28727, 51.68, 346, -, -
KANPRPLA, EQ, 06-Oct-2026, 252.24, 256.70, 257.00, 245.00, 252.50, 250.90, 252.10, 9852, 24.84, 582, 5991, 60.81
KANSAINER, EQ, 06-Oct-2026, 176.97, 178.95, 184.85, 176.09, 184.01, 184.00, 181.00, 331156, 599.40, 16313, 162948, 49.21
KAPSTON, EQ, 06-Oct-2026, 548.60, 555.00, 555.00, 541.35, 549.00, 547.25, 547.91, 49283, 270.03, 2231, 27849, 56.51
KARAMTARA, EQ, 06-Oct-2026, 416.30, 421.00, 444.00, 414.10, 443.70, 438.80, 432.15, 3070483, 13269.19, 50698, 1099198, 35.80
KARMAENG, EQ, 06-Oct-2026, 35.90, 35.00, 36.90, 35.00, 36.05, 36.28, 36.57, 1261, 0.46, 64, 912, 72.32
KARNIKA, SM, 06-Oct-2026, 120.30, 119.65, 120.95, 115.15, 120.95, 120.95, 118.17, 29000, 34.27, 24, 20000, 68.97
KARURVYSYA, EQ, 06-Oct-2026, 324.70, 324.55, 329.35, 323.00, 324.85, 325.20, 326.04, 1631557, 5319.48, 40720, 956488, 58.62
KATARIA, ST, 06-Oct-2026, 161.15, 160.00, 164.75, 159.00, 162.90, 162.60, 161.48, 9600, 15.50, 16, 9600, 100.00
KAUSHALYA, BE, 06-Oct-2026, 813.35, 834.00, 843.90, 804.05, 806.10, 822.70, 832.99, 188, 1.57, 22, -, -
KAVDEFENCE, BE, 06-Oct-2026, 81.48, 83.90, 85.55, 83.90, 85.55, 85.55, 85.40, 167209, 142.80, 1009, -, -
KAYA, BE, 06-Oct-2026, 306.70, 300.30, 308.90, 295.00, 308.00, 305.55, 301.91, 8502, 25.67, 72, -, -
KAYNES, EQ, 06-Oct-2026, 3394.80, 3430.80, 3430.80, 3333.00, 3405.00, 3405.00, 3385.92, 908631, 30765.55, 60260, 190963, 21.02
KAYTEX, SM, 06-Oct-2026, 57.75, 57.05, 57.75, 56.90, 57.75, 57.75, 57.29, 5600, 3.21, 7, 5600, 100.00
KCEIL, SM, 06-Oct-2026, 77.70, 77.70, 80.15, 75.05, 77.25, 77.25, 77.47, 12000, 9.30, 20, 11000, 91.67
KCK, ST, 06-Oct-2026, 14.65, 15.00, 15.00, 14.40, 15.00, 15.00, 14.87, 152500, 22.68, 50, 152500, 100.00
KCP, EQ, 06-Oct-2026, 155.61, 155.60, 158.99, 151.35, 155.00, 154.41, 154.55, 200701, 310.19, 2782, 99488, 49.57
KCPSUGIND, BE, 06-Oct-2026, 25.42, 25.60, 26.69, 24.15, 24.15, 24.43, 25.35, 463776, 117.58, 1047, -, -
KDDL, EQ, 06-Oct-2026, 3943.40, 3963.20, 4073.90, 3958.90, 3998.00, 3999.90, 4023.90, 19017, 765.22, 4590, 9890, 52.01
KDGREEN, EQ, 06-Oct-2026, 48.29, 46.83, 51.43, 46.83, 49.00, 49.19, 49.10, 47418, 23.28, 607, 22533, 47.52
KDL, SM, 06-Oct-2026, 44.85, 42.65, 42.65, 42.65, 42.65, 42.65, 42.65, 7500, 3.20, 25, 7500, 100.00
KEC, EQ, 06-Oct-2026, 370.55, 373.70, 376.95, 369.05, 375.00, 374.90, 374.63, 941989, 3528.97, 48888, 540450, 57.37
KECL, EQ, 06-Oct-2026, 125.42, 127.60, 129.30, 124.13, 127.70, 128.11, 126.82, 151467, 192.10, 2903, 94722, 62.54
KEEPLEARN, EQ, 06-Oct-2026, 1.79, 1.79, 1.95, 1.70, 1.92, 1.79, 1.84, 80648, 1.48, 96, 65906, 81.72
KEI, EQ, 06-Oct-2026, 4638.20, 4626.20, 4639.00, 4557.40, 4557.40, 4557.40, 4600.33, 413199, 19008.54, 34576, 244382, 59.14
KELLTONTEC, EQ, 06-Oct-2026, 12.18, 12.12, 12.50, 12.10, 12.38, 12.41, 12.24, 1263362, 154.59, 3801, 557934, 44.16
KEN, SM, 06-Oct-2026, 42.25, 41.35, 42.85, 41.35, 42.85, 42.85, 42.47, 6000, 2.55, 5, 6000, 100.00
KENNAMET, EQ, 06-Oct-2026, 4193.70, 4193.60, 4301.90, 4193.60, 4264.00, 4268.60, 4264.62, 18118, 772.66, 4828, 8577, 47.34
KERNEX, EQ, 06-Oct-2026, 1661.80, 1660.00, 1770.00, 1658.90, 1748.90, 1749.70, 1724.76, 208295, 3592.58, 18068, 93138, 44.71
KESORAMIND, EQ, 06-Oct-2026, 10.25, 10.27, 10.76, 10.27, 10.76, 10.76, 10.68, 595493, 63.58, 1376, 345129, 57.96
KEYFINSERV, EQ, 06-Oct-2026, 237.01, 247.90, 247.90, 235.33, 241.00, 241.53, 242.19, 631, 1.53, 33, 448, 71.00
KFINTECH, EQ, 06-Oct-2026, 867.50, 870.00, 887.00, 858.65, 863.80, 863.80, 871.20, 518303, 4515.45, 26756, 176247, 34.00
KHADIM, BE, 06-Oct-2026, 115.40, 114.90, 115.00, 114.70, 114.70, 114.70, 114.90, 4001, 4.60, 42, -, -
KHAICHEM, EQ, 06-Oct-2026, 48.03, 48.85, 48.99, 48.01, 48.50, 48.73, 48.46, 130507, 63.24, 1206, 70905, 54.33
KHAITANLTD, EQ, 06-Oct-2026, 144.31, 143.00, 146.90, 139.40, 145.50, 145.60, 144.31, 1721, 2.48, 48, 1161, 67.46
KHANDSE, EQ, 06-Oct-2026, 16.92, 17.58, 17.58, 16.52, 17.00, 16.97, 16.95, 153, 0.03, 25, 124, 81.05
KHERIAAUTO, ST, 06-Oct-2026, 91.70, 90.75, 91.00, 87.15, 91.00, 89.45, 88.07, 123600, 108.85, 84, 103200, 83.50
KICL, EQ, 06-Oct-2026, 4709.80, 4664.00, 4837.50, 4664.00, 4810.00, 4808.30, 4794.53, 686, 32.89, 142, 546, 79.59
KILITCH, EQ, 06-Oct-2026, 233.74, 244.00, 267.80, 236.30, 261.00, 260.70, 255.66, 661834, 1692.04, 14893, 229116, 34.62
KIMS, EQ, 06-Oct-2026, 705.45, 710.15, 711.95, 691.00, 694.00, 693.40, 695.84, 913768, 6358.39, 48856, 576683, 63.11
KINGFA, EQ, 06-Oct-2026, 6669.00, 6700.00, 6996.00, 6676.50, 6949.00, 6932.00, 6884.88, 24558, 1690.79, 6999, 10276, 41.84
KIOCL, EQ, 06-Oct-2026, 322.65, 326.20, 347.95, 324.30, 345.00, 344.60, 338.03, 139535, 471.67, 6560, 51842, 37.15
KIRANVYPAR, EQ, 06-Oct-2026, 179.99, 178.19, 182.90, 176.00, 177.00, 177.05, 177.86, 997, 1.77, 47, 700, 70.21
KIRIINDUS, EQ, 06-Oct-2026, 542.40, 544.00, 567.70, 544.00, 563.20, 564.10, 561.09, 712617, 3998.46, 20856, 403556, 56.63
KIRLFER, EQ, 06-Oct-2026, 465.00, 461.10, 475.05, 461.10, 471.90, 472.75, 470.95, 57417, 270.41, 3398, 31748, 55.29
KIRLOSBROS, EQ, 06-Oct-2026, 1742.40, 1746.50, 1765.00, 1735.10, 1740.00, 1745.30, 1749.33, 26434, 462.42, 5001, 10714, 40.53
KIRLOSENG, EQ, 06-Oct-2026, 2243.70, 2258.80, 2275.50, 2221.00, 2267.20, 2266.10, 2248.13, 392965, 8834.35, 53317, 148282, 37.73
KIRLOSIND, EQ, 06-Oct-2026, 3467.00, 3529.00, 3600.50, 3471.00, 3503.50, 3542.50, 3546.72, 8925, 316.54, 1746, 4019, 45.03
KIRLPNU, EQ, 06-Oct-2026, 677.60, 675.00, 714.45, 672.50, 710.00, 710.85, 695.79, 250315, 1741.67, 16537, 176907, 70.67
KISSHT, EQ, 06-Oct-2026, 379.20, 381.00, 384.75, 375.30, 381.25, 383.10, 380.56, 692711, 2636.18, 19207, 274010, 39.56
KITEX, EQ, 06-Oct-2026, 118.02, 117.71, 121.48, 116.84, 118.70, 118.96, 119.42, 266370, 318.10, 4773, 114052, 42.82
KJMCFIN, EQ, 06-Oct-2026, 58.25, 59.32, 59.32, 57.20, 58.30, 59.03, 59.03, 737, 0.44, 16, 369, 50.07
KKCL, EQ, 06-Oct-2026, 470.40, 475.00, 475.95, 461.55, 474.50, 474.55, 469.73, 14216, 66.78, 880, 9622, 67.68
KKJEWELS, SM, 06-Oct-2026, 94.80, 96.95, 99.90, 96.95, 99.90, 99.90, 98.24, 8000, 7.86, 6, 8000, 100.00
KKVAPOW, SM, 06-Oct-2026, 305.00, 290.10, 290.10, 290.10, 290.10, 290.10, 290.10, 342, 0.99, 2, 342, 100.00
KLBRENG-B, EQ, 06-Oct-2026, 524.30, 523.00, 537.00, 520.00, 531.00, 528.40, 530.22, 147354, 781.30, 5238, 77340, 52.49
KLL, ST, 06-Oct-2026, 39.25, 40.95, 41.20, 39.30, 40.90, 40.90, 40.75, 21600, 8.80, 22, 20000, 92.59
KMCSHIL, EQ, 06-Oct-2026, 169.38, 171.39, 171.39, 165.50, 170.90, 170.36, 168.27, 346101, 582.40, 6528, 105886, 30.59
KMEW, EQ, 06-Oct-2026, 2992.50, 3028.00, 3242.00, 2996.10, 3196.00, 3202.30, 3168.42, 268808, 8516.98, 44113, 100250, 37.29
KMSUGAR, BE, 06-Oct-2026, 26.96, 27.16, 27.49, 26.30, 26.88, 26.53, 26.79, 117055, 31.36, 450, -, -
KNACK, EQ, 06-Oct-2026, 188.91, 190.45, 201.32, 188.15, 197.00, 197.34, 195.53, 2606145, 5095.68, 36975, 1240636, 47.60
KNAGRI, EQ, 06-Oct-2026, 198.83, 201.70, 209.10, 201.70, 204.00, 205.00, 206.06, 4087, 8.42, 157, 2900, 70.96
KNRCON, EQ, 06-Oct-2026, 111.89, 111.96, 116.41, 111.96, 115.90, 115.65, 114.98, 1452660, 1670.33, 15750, 472832, 32.55
KODYTECH, ST, 06-Oct-2026, 1576.80, 1580.00, 1593.80, 1550.00, 1560.00, 1556.55, 1578.54, 8800, 138.91, 47, 8600, 97.73
KOHINOOR, EQ, 06-Oct-2026, 28.95, 29.02, 29.69, 28.71, 28.97, 28.89, 28.95, 105472, 30.53, 2267, 28325, 26.86
KOKUYOCMLN, EQ, 06-Oct-2026, 75.82, 75.82, 76.00, 74.00, 74.85, 74.57, 74.55, 23294, 17.37, 343, 19705, 84.59
KOLTEPATIL, EQ, 06-Oct-2026, 430.45, 427.50, 437.20, 427.15, 432.20, 433.55, 432.84, 55259, 239.18, 2696, 29418, 53.24
KONSTELEC, ST, 06-Oct-2026, 51.00, 53.40, 53.50, 49.95, 50.00, 50.00, 51.28, 11000, 5.64, 10, 9000, 81.82
KONTOR, SM, 06-Oct-2026, 50.00, 56.75, 56.75, 54.50, 54.50, 54.50, 55.67, 1800, 1.00, 3, 1200, 66.67
KOPRAN, EQ, 06-Oct-2026, 268.70, 268.70, 274.70, 265.00, 270.00, 269.60, 269.91, 359825, 971.21, 5884, 128661, 35.76
KORE, ST, 06-Oct-2026, 191.00, 200.55, 200.55, 191.95, 195.00, 195.00, 194.62, 3750, 7.30, 10, 3750, 100.00
KOTAKBANK, EQ, 06-Oct-2026, 416.00, 422.00, 435.30, 421.30, 431.90, 431.90, 431.29, 40021922, 172608.89, 303701, 25500459, 63.72
KOTARISUG, BE, 06-Oct-2026, 25.83, 25.50, 26.99, 25.50, 26.65, 26.15, 26.40, 46264, 12.22, 194, -, -
KOTHARIPET, EQ, 06-Oct-2026, 125.53, 127.59, 129.59, 125.60, 128.73, 127.53, 127.71, 42054, 53.71, 990, 17621, 41.90
KOTHARIPRO, EQ, 06-Oct-2026, 63.44, 65.76, 65.76, 63.50, 65.00, 64.64, 64.15, 1756, 1.13, 114, 1076, 61.28
KOTIC, EQ, 06-Oct-2026, 148.68, 150.24, 152.47, 146.00, 146.90, 147.33, 148.62, 4545, 6.75, 231, 2310, 50.83
KOTYARK, EQ, 06-Oct-2026, 28.26, 28.86, 30.25, 26.51, 29.05, 29.98, 29.03, 516636, 149.97, 1927, 336375, 65.11
KOVAI, EQ, 06-Oct-2026, 5963.00, 5925.50, 5994.00, 5924.00, 5924.00, 5936.00, 5937.95, 4135, 245.53, 706, 2757, 66.67
KPEL, EQ, 06-Oct-2026, 213.74, 215.00, 217.89, 212.10, 215.01, 215.47, 214.45, 207525, 445.03, 5435, 83068, 40.03
KPIGREEN, EQ, 06-Oct-2026, 321.85, 326.30, 335.45, 319.10, 326.90, 326.80, 326.38, 1238987, 4043.80, 34321, 356945, 28.81
KPIL, EQ, 06-Oct-2026, 1378.80, 1378.80, 1490.00, 1378.80, 1455.00, 1451.50, 1455.06, 652356, 9492.18, 46056, 254586, 39.03
KPITTECH, EQ, 06-Oct-2026, 489.50, 490.30, 497.90, 488.30, 492.70, 492.70, 492.69, 965926, 4759.05, 19417, 384518, 39.81
KPL, EQ, 06-Oct-2026, 3644.20, 3644.20, 3777.00, 3580.50, 3767.80, 3745.00, 3697.33, 29281, 1082.61, 4991, 16080, 54.92
KPRMILL, EQ, 06-Oct-2026, 1072.60, 1080.50, 1103.00, 1074.10, 1102.00, 1100.40, 1092.67, 75276, 822.52, 9746, 27919, 37.09
KRBL, EQ, 06-Oct-2026, 382.15, 382.50, 402.45, 381.55, 388.00, 389.15, 392.56, 688266, 2701.84, 20723, 270545, 39.31
KREBSBIO, EQ, 06-Oct-2026, 63.96, 63.65, 63.65, 57.20, 59.00, 58.86, 59.40, 81033, 48.14, 1282, 50276, 62.04
KRIDHANINF, EQ, 06-Oct-2026, 1.89, 1.93, 1.93, 1.88, 1.88, 1.88, 1.89, 9034, 0.17, 34, 7117, 78.78
KRISHANA, EQ, 06-Oct-2026, 185.83, 190.00, 196.50, 186.52, 194.00, 193.66, 191.97, 1697639, 3258.91, 10700, 847523, 49.92
KRISHCA, SM, 06-Oct-2026, 203.65, 209.00, 213.00, 204.05, 209.00, 209.90, 208.67, 16000, 33.39, 27, 10500, 65.63
KRISHIVAL, EQ, 06-Oct-2026, 406.50, 406.05, 408.00, 403.50, 405.00, 404.45, 406.02, 2752, 11.17, 164, 1886, 68.53
KRISHNADEF, EQ, 06-Oct-2026, 1201.00, 1294.00, 1329.00, 1226.10, 1319.00, 1312.30, 1275.33, 1729929, 22062.37, 99314, 199407, 11.53
KRITI, EQ, 06-Oct-2026, 60.92, 61.99, 61.99, 58.15, 60.00, 60.03, 59.62, 7079, 4.22, 184, 6145, 86.81
KRITIKA, EQ, 06-Oct-2026, 4.78, 4.99, 4.99, 4.70, 4.98, 4.95, 4.90, 55178, 2.71, 346, 44240, 80.18
KRITINUT, EQ, 06-Oct-2026, 69.26, 70.11, 72.72, 70.11, 72.60, 72.61, 72.27, 9501, 6.87, 225, 7841, 82.53
KRMAYURVED, SM, 06-Oct-2026, 271.90, 273.00, 293.00, 273.00, 292.80, 291.80, 282.90, 76000, 215.01, 69, 43000, 56.58
KRN, EQ, 06-Oct-2026, 1392.70, 1402.20, 1462.30, 1400.00, 1462.30, 1462.30, 1453.76, 105952, 1540.29, 5190, 72972, 68.87
KRONOX, BE, 06-Oct-2026, 196.81, 196.81, 206.65, 191.30, 206.65, 206.65, 203.92, 39741, 81.04, 285, -, -
KROSS, EQ, 06-Oct-2026, 253.60, 253.60, 256.20, 244.75, 255.00, 253.20, 251.07, 458241, 1150.49, 11696, 184474, 40.26
KRSNAA, EQ, 06-Oct-2026, 559.35, 558.95, 564.00, 550.00, 553.40, 552.70, 554.87, 33501, 185.89, 4294, 20066, 59.90
KRT, RR, 06-Oct-2026, 112.57, 112.50, 112.87, 111.81, 112.10, 112.40, 112.32, 886926, 996.20, 8596, 806425, 90.92
KRYSTAL, EQ, 06-Oct-2026, 654.65, 654.65, 674.00, 640.00, 659.00, 656.65, 660.05, 15827, 104.47, 1261, 7527, 47.56
KSB, EQ, 06-Oct-2026, 803.95, 805.00, 814.30, 793.05, 805.00, 809.10, 802.94, 139737, 1122.00, 10256, 73744, 52.77
KSCL, EQ, 06-Oct-2026, 701.55, 702.85, 723.55, 702.05, 718.20, 717.45, 714.13, 170806, 1219.77, 7998, 50360, 29.48
KSE, EQ, 06-Oct-2026, 174.60, 173.00, 178.80, 173.00, 178.80, 176.86, 176.33, 6800, 11.99, 243, 6405, 94.19
KSHINTL, EQ, 06-Oct-2026, 1036.70, 1036.00, 1054.80, 1025.00, 1033.50, 1034.10, 1037.96, 281870, 2925.70, 36773, 142435, 50.53
KSHITIJPOL, BE, 06-Oct-2026, 3.75, 3.57, 3.93, 3.57, 3.80, 3.64, 3.69, 20575662, 759.81, 4066, -, -
KSL, EQ, 06-Oct-2026, 921.30, 923.00, 949.00, 923.00, 939.05, 942.80, 940.82, 65980, 620.76, 4071, 27286, 41.35
KSOLVES, EQ, 06-Oct-2026, 248.86, 246.97, 251.00, 245.00, 248.80, 248.96, 247.90, 21403, 53.06, 1012, 12142, 56.73
KSR, BE, 06-Oct-2026, 38.35, 38.35, 39.99, 38.00, 38.11, 38.30, 38.89, 18875, 7.34, 46, -, -
KTKBANK, EQ, 06-Oct-2026, 326.75, 329.00, 329.90, 323.00, 325.00, 324.25, 325.77, 1512757, 4928.14, 28609, 906136, 59.90
KUANTUM, EQ, 06-Oct-2026, 76.43, 77.43, 77.57, 74.60, 75.61, 75.31, 76.01, 66071, 50.22, 1395, 35387, 53.56
KUSUMGAR, EQ, 06-Oct-2026, 602.00, 603.00, 631.95, 601.20, 610.15, 611.00, 619.42, 329899, 2043.48, 12780, 127876, 38.76
KWIL, EQ, 06-Oct-2026, 37.88, 38.10, 38.87, 37.99, 38.37, 38.29, 38.40, 5805866, 2229.47, 21873, 2336103, 40.24
LADDERUP, BE, 06-Oct-2026, 52.16, 50.25, 52.20, 50.25, 52.20, 52.20, 51.14, 33, 0.02, 4, -, -
LAGNAM, EQ, 06-Oct-2026, 71.10, 76.70, 76.70, 68.83, 73.50, 73.59, 71.52, 1365, 0.98, 31, 1186, 86.89
LAHOTIOV, EQ, 06-Oct-2026, 39.98, 39.03, 40.00, 39.00, 39.50, 39.12, 39.79, 5017, 2.00, 42, 4645, 92.59
LAKPRE, BZ, 06-Oct-2026, 5.25, 5.00, 5.25, 5.00, 5.25, 5.25, 5.02, 331, 0.02, 8, -, -
LAKSHMIMIL, EQ, 06-Oct-2026, 7855.00, 7800.00, 7991.50, 7600.00, 7871.00, 7733.50, 7787.87, 115, 8.96, 35, 108, 93.91
LAKSHYA, SM, 06-Oct-2026, 97.05, 95.00, 95.00, 93.00, 93.00, 93.05, 93.69, 20000, 18.74, 14, 16800, 84.00
LAL, EQ, 06-Oct-2026, 8.45, 8.45, 8.79, 8.36, 8.59, 8.50, 8.50, 13135, 1.12, 74, 11476, 87.37
LALITHAA, EQ, 06-Oct-2026, 392.60, 395.80, 408.25, 389.95, 405.75, 405.45, 398.95, 2951065, 11773.22, 33124, 1182835, 40.08
LALPATHLAB, EQ, 06-Oct-2026, 1971.30, 1993.20, 2018.70, 1945.90, 1952.00, 1964.20, 1982.95, 245709, 4872.29, 25351, 129769, 52.81
LAMBODHARA, EQ, 06-Oct-2026, 126.51, 126.60, 142.00, 126.60, 136.20, 135.95, 136.06, 67140, 91.35, 1639, 18609, 27.72
LAMOSAIC, ST, 06-Oct-2026, 47.30, 47.05, 49.30, 44.95, 49.30, 47.70, 45.87, 81600, 37.43, 85, 72000, 88.24
LANCER, EQ, 06-Oct-2026, 11.15, 11.49, 11.49, 11.16, 11.30, 11.28, 11.29, 184522, 20.83, 593, 132347, 71.72
LANCORHOL, BE, 06-Oct-2026, 31.22, 31.84, 32.50, 31.06, 32.50, 32.21, 31.77, 25327, 8.05, 120, -, -
LANDMARK, EQ, 06-Oct-2026, 470.70, 475.00, 484.00, 469.85, 483.00, 480.60, 477.88, 71976, 343.96, 2791, 27028, 37.55
LANDSMILL, EQ, 06-Oct-2026, 1.03, 1.02, 1.05, 0.93, 0.93, 0.93, 0.96, 11262310, 108.52, 1832, 6227293, 55.29
LAOPALA, EQ, 06-Oct-2026, 154.47, 154.00, 159.90, 154.00, 158.46, 159.07, 157.02, 125550, 197.14, 4025, 57608, 45.88
LARGEMID50, EQ, 06-Oct-2026, 34.31, 34.51, 34.63, 34.46, 34.63, 34.63, 34.58, 25, 0.01, 8, 23, 92.00
LASERPOWER, EQ, 06-Oct-2026, 267.75, 271.00, 279.95, 265.85, 279.50, 278.80, 273.97, 681633, 1867.46, 10536, 298191, 43.75
LATENTVIEW, EQ, 06-Oct-2026, 235.68, 237.00, 238.77, 232.50, 234.97, 233.28, 234.48, 267880, 628.12, 7654, 136096, 50.80
LATTEYS, EQ, 06-Oct-2026, 20.40, 20.41, 23.98, 20.41, 21.70, 21.89, 21.76, 135856, 29.56, 467, 101474, 74.69
LAURUSLABS, EQ, 06-Oct-2026, 1971.40, 1968.90, 2054.90, 1958.00, 2050.00, 2050.00, 2009.24, 2197316, 44149.33, 57291, 1270771, 57.83
LAXMICOT, EQ, 06-Oct-2026, 12.91, 12.91, 13.29, 12.43, 12.50, 12.63, 12.84, 8119, 1.04, 90, 5812, 71.59
LAXMIDENTL, EQ, 06-Oct-2026, 190.54, 190.54, 192.38, 188.21, 191.68, 190.53, 190.54, 34854, 66.41, 1161, 20654, 59.26
LAXMIINDIA, EQ, 06-Oct-2026, 112.94, 114.40, 114.96, 111.00, 112.10, 111.59, 112.43, 110943, 124.74, 2446, 64434, 58.08
LCCINFOTEC, BE, 06-Oct-2026, 3.71, 3.78, 3.78, 3.53, 3.65, 3.59, 3.55, 69594, 2.47, 106, -, -
LCCPROJECT, EQ, 06-Oct-2026, 148.44, 142.03, 146.90, 138.80, 144.56, 144.08, 143.23, 1374162, 1968.22, 16227, 317251, 23.09
LCL, EQ, 06-Oct-2026, 578.95, 582.70, 634.45, 581.55, 629.10, 627.55, 619.05, 2300964, 14244.14, 88493, 780930, 33.94
LEAPIND, EQ, 06-Oct-2026, 141.35, 142.88, 145.48, 141.94, 142.20, 142.48, 143.55, 1035046, 1485.77, 17175, 308886, 29.84
LEENEE, BE, 06-Oct-2026, 7.49, 7.49, 7.79, 7.12, 7.44, 7.39, 7.29, 13445, 0.98, 60, -, -
LEMERITE, EQ, 06-Oct-2026, 20.04, 20.60, 20.60, 19.40, 19.89, 19.80, 19.94, 142615, 28.44, 257, 27997, 19.63
LEMONTREE, EQ, 06-Oct-2026, 107.86, 107.86, 110.50, 107.50, 109.80, 110.12, 109.00, 4208738, 4587.37, 38133, 1672819, 39.75
LENSKART, EQ, 06-Oct-2026, 692.75, 692.15, 695.00, 682.50, 685.00, 684.85, 687.52, 2891155, 19877.35, 69347, 1668478, 57.71
LEXUS, EQ, 06-Oct-2026, 10.81, 10.91, 10.93, 10.50, 10.70, 10.81, 10.78, 11175, 1.20, 145, 8758, 78.37
LFIC, EQ, 06-Oct-2026, 128.62, 128.00, 133.00, 127.20, 133.00, 130.42, 129.60, 434, 0.56, 39, 239, 55.07
LGBBROSLTD, EQ, 06-Oct-2026, 1663.50, 1674.90, 1674.90, 1640.00, 1670.00, 1657.80, 1656.89, 27432, 454.52, 4048, 17353, 63.26
LGEINDIA, EQ, 06-Oct-2026, 1770.90, 1775.00, 1789.60, 1750.00, 1758.80, 1758.60, 1767.29, 687055, 12142.27, 43659, 340381, 49.54
LGHL, EQ, 06-Oct-2026, 213.99, 224.00, 224.00, 210.00, 214.89, 213.69, 213.85, 18433, 39.42, 670, 5461, 29.63
LIBAS, EQ, 06-Oct-2026, 11.21, 11.42, 12.00, 11.00, 11.65, 11.51, 11.34, 128333, 14.56, 181, 52938, 41.25
LIBERTSHOE, EQ, 06-Oct-2026, 212.42, 212.44, 219.50, 211.71, 218.99, 218.57, 216.73, 14502, 31.43, 676, 9034, 62.29
LICHSGFIN, EQ, 06-Oct-2026, 505.00, 505.30, 507.55, 498.85, 502.00, 502.00, 502.51, 1198970, 6024.94, 15491, 509768, 42.52
LICI, EQ, 06-Oct-2026, 388.70, 390.00, 392.20, 386.50, 390.00, 390.00, 390.12, 3373619, 13161.11, 30163, 1933522, 57.31
LICMFGOLD, EQ, 06-Oct-2026, 132.35, 132.30, 132.35, 131.25, 131.80, 132.00, 131.76, 77864, 102.59, 572, 42357, 54.40
LICNETFGSC, EQ, 06-Oct-2026, 28.99, 29.25, 29.25, 28.99, 29.00, 29.02, 29.05, 5566, 1.62, 80, 4571, 82.12
LICNETFN50, EQ, 06-Oct-2026, 254.27, 255.04, 255.84, 253.87, 255.83, 255.83, 255.50, 80, 0.20, 15, 73, 91.25
LICNETFSEN, EQ, 06-Oct-2026, 822.49, 866.00, 866.00, 823.00, 823.00, 823.00, 844.50, 2, 0.02, 2, 1, 50.00
LICNFNHGP, EQ, 06-Oct-2026, 261.09, 261.09, 266.28, 261.04, 262.40, 262.40, 262.23, 83, 0.22, 10, 52, 62.65
LICNMID100, EQ, 06-Oct-2026, 59.48, 59.22, 59.85, 59.07, 59.63, 59.62, 59.70, 2932, 1.75, 56, 2440, 83.22
LIKHITHA, EQ, 06-Oct-2026, 227.43, 225.47, 228.68, 223.51, 225.77, 226.66, 226.12, 24710, 55.87, 1079, 11411, 46.18
LINC, EQ, 06-Oct-2026, 87.53, 87.53, 88.60, 87.00, 87.81, 88.25, 88.09, 4395, 3.87, 153, 3310, 75.31
LINCOLN, EQ, 06-Oct-2026, 567.20, 573.40, 586.65, 569.20, 581.00, 577.80, 575.18, 15982, 91.93, 1348, 8688, 54.36
LINDEINDIA, EQ, 06-Oct-2026, 6041.00, 6030.00, 6171.00, 6029.50, 6166.00, 6152.50, 6126.14, 17348, 1062.76, 5443, 9132, 52.64
LIQGRWBEES, EQ, 06-Oct-2026, 1058.17, 1058.30, 1058.32, 1058.30, 1058.30, 1058.31, 1058.30, 85518, 905.04, 288, 67652, 79.11
LIQUID, EQ, 06-Oct-2026, 999.99, 999.99, 1000.00, 999.99, 1000.00, 999.99, 1000.00, 104280, 1042.80, 164, 79295, 76.04
LIQUID1, EQ, 06-Oct-2026, 1125.52, 1133.66, 1133.66, 1125.66, 1125.66, 1125.67, 1125.67, 748917, 8430.36, 1581, 568866, 75.96
LIQUIDADD, EQ, 06-Oct-2026, 1147.71, 1147.86, 1147.88, 1147.86, 1147.88, 1147.87, 1147.87, 260081, 2985.39, 250, 149391, 57.44
LIQUIDBEES, EQ, 06-Oct-2026, 999.99, 999.99, 1000.01, 999.99, 1000.01, 999.99, 1000.00, 2902299, 29022.89, 4385, 2288906, 78.87
LIQUIDBETA, EQ, 06-Oct-2026, 1010.57, 1010.85, 1010.85, 1010.85, 1010.85, 1010.85, 1010.85, 1, 0.01, 1, 1, 100.00
LIQUIDBETF, EQ, 06-Oct-2026, 1101.63, 1101.75, 1101.77, 1101.75, 1101.77, 1101.75, 1101.75, 218906, 2411.81, 76, 189550, 86.59
LIQUIDCASE, EQ, 06-Oct-2026, 116.22, 116.25, 116.25, 116.23, 116.25, 116.23, 116.24, 22378418, 26012.94, 20002, 16343533, 73.03
LIQUIDETF, EQ, 06-Oct-2026, 1000.00, 1000.00, 1000.01, 999.99, 1000.00, 1000.00, 1000.00, 124477, 1244.77, 287, 90098, 72.38
LIQUIDIETF, EQ, 06-Oct-2026, 999.99, 999.99, 1000.01, 999.99, 1000.00, 999.99, 1000.00, 209100, 2091.00, 196, 109194, 52.22
LIQUIDPLUS, EQ, 06-Oct-2026, 1106.10, 1107.99, 1111.63, 1104.99, 1106.33, 1106.32, 1106.33, 411888, 4556.84, 294, 371541, 90.20
LIQUIDSBI, EQ, 06-Oct-2026, 1000.01, 999.99, 1000.01, 999.99, 999.99, 999.99, 999.99, 2452, 24.52, 19, 2402, 97.96
LIQUIDSHRI, EQ, 06-Oct-2026, 1124.28, 1124.40, 1124.42, 1124.40, 1124.42, 1124.42, 1124.41, 11502, 129.33, 22, 7395, 64.29
LKPSEC, EQ, 06-Oct-2026, 14.26, 14.58, 14.58, 13.80, 14.00, 14.30, 14.22, 9479, 1.35, 161, 6568, 69.29
LLOYDS, SM, 06-Oct-2026, 62.00, 62.00, 62.00, 62.00, 62.00, 62.00, 62.00, 1000, 0.62, 1, 1000, 100.00
LLOYDSENGG, EQ, 06-Oct-2026, 102.20, 102.86, 103.79, 99.63, 101.15, 101.15, 101.40, 10878549, 11030.88, 53107, 4180619, 38.43
LLOYDSENT, EQ, 06-Oct-2026, 79.63, 80.04, 81.84, 78.17, 78.66, 78.83, 79.88, 3341137, 2668.83, 17786, 1539950, 46.09
LLOYDSME, EQ, 06-Oct-2026, 1802.50, 1834.00, 1869.00, 1827.10, 1856.00, 1858.20, 1848.55, 569041, 10519.02, 43076, 251026, 44.11
LMW, EQ, 06-Oct-2026, 16530.00, 16620.00, 17101.00, 16534.00, 17079.00, 16910.00, 16890.30, 3635, 613.96, 1518, 1949, 53.62
LODHA, EQ, 06-Oct-2026, 1132.50, 1125.00, 1141.90, 1119.30, 1135.60, 1135.60, 1132.61, 1572481, 17810.08, 44238, 913740, 58.11
LOKESHMACH, EQ, 06-Oct-2026, 446.25, 438.70, 471.20, 431.25, 451.50, 455.70, 454.78, 687289, 3125.66, 27611, 235826, 34.31
LORDSCHLO, EQ, 06-Oct-2026, 137.66, 138.20, 145.25, 137.35, 139.90, 139.21, 141.34, 37635, 53.19, 1097, 25809, 68.58
LOTUSCHO, EQ, 06-Oct-2026, 536.80, 562.00, 585.00, 549.00, 585.00, 579.65, 566.75, 6149, 34.85, 581, 5342, 86.88
LOTUSDEV, BE, 06-Oct-2026, 237.89, 237.89, 248.10, 230.83, 241.53, 244.73, 241.76, 1512350, 3656.33, 6833, -, -
LOTUSEYE, EQ, 06-Oct-2026, 115.61, 114.85, 115.80, 114.85, 115.80, 115.37, 115.40, 12509, 14.44, 112, 10930, 87.38
LOVABLE, EQ, 06-Oct-2026, 68.80, 69.00, 70.50, 68.25, 69.40, 69.00, 69.22, 2810, 1.95, 108, 2188, 77.86
LOWVOL, EQ, 06-Oct-2026, 192.20, 196.04, 196.04, 191.64, 193.25, 193.43, 193.61, 709, 1.37, 27, 407, 57.40
LOWVOL1, EQ, 06-Oct-2026, 19.58, 19.71, 20.18, 19.61, 19.70, 19.85, 19.77, 784855, 155.17, 12746, 638079, 81.30
LOWVOLIETF, EQ, 06-Oct-2026, 20.56, 20.76, 20.81, 20.56, 20.64, 20.69, 20.75, 1227270, 254.65, 13683, 877184, 71.47
LOYALTEX, EQ, 06-Oct-2026, 206.50, 205.20, 207.00, 205.20, 207.00, 207.00, 205.36, 11, 0.02, 2, 11, 100.00
LPDC, EQ, 06-Oct-2026, 6.30, 6.29, 6.30, 6.15, 6.21, 6.23, 6.23, 20099, 1.25, 151, 16388, 81.54
LRRPL, SM, 06-Oct-2026, 106.00, 101.00, 101.00, 100.70, 100.70, 100.70, 100.82, 7500, 7.56, 5, 7500, 100.00
LT, EQ, 06-Oct-2026, 3750.00, 3742.50, 3774.10, 3730.00, 3770.00, 3770.00, 3751.89, 1994276, 74823.04, 85491, 1234768, 61.92
LTF, EQ, 06-Oct-2026, 263.75, 264.00, 265.30, 261.40, 264.40, 264.40, 263.57, 3148329, 8298.19, 33601, 1508390, 47.91
LTFOODS, EQ, 06-Oct-2026, 405.80, 405.80, 416.60, 405.45, 409.35, 408.15, 410.65, 285857, 1173.88, 14039, 91054, 31.85
LTGILTBEES, EQ, 06-Oct-2026, 29.49, 28.49, 29.58, 28.49, 29.54, 29.54, 29.50, 2142939, 632.20, 681, 1704916, 79.56
LTGILTCASE, EQ, 06-Oct-2026, 30.09, 30.13, 30.13, 30.04, 30.09, 30.08, 30.07, 321728, 96.74, 621, 318104, 98.87
LTM, EQ, 06-Oct-2026, 4010.00, 4011.90, 4036.20, 3952.10, 3971.10, 3971.10, 3977.93, 176859, 7035.33, 16336, 50527, 28.57
LTTS, EQ, 06-Oct-2026, 3219.50, 3219.50, 3258.30, 3185.00, 3252.00, 3246.00, 3214.73, 40233, 1293.38, 12415, 16804, 41.77
LUMAXIND, EQ, 06-Oct-2026, 5439.00, 5439.50, 5510.50, 5396.00, 5430.00, 5435.50, 5449.27, 7818, 426.02, 2402, 3928, 50.24
LUMAXTECH, EQ, 06-Oct-2026, 1967.60, 1990.00, 1990.00, 1842.50, 1848.00, 1856.90, 1887.17, 311867, 5885.45, 37967, 138639, 44.45
LUMINO, EQ, 06-Oct-2026, 98.88, 99.48, 103.10, 97.50, 102.80, 101.67, 99.94, 5939874, 5936.37, 27580, 1726133, 29.06
LUPIN, EQ, 06-Oct-2026, 2011.00, 2011.00, 2031.40, 2003.00, 2029.30, 2029.30, 2024.26, 1066347, 21585.61, 46799, 737775, 69.19
LUXIND, EQ, 06-Oct-2026, 1183.90, 1169.70, 1195.00, 1165.00, 1178.00, 1177.00, 1181.31, 25557, 301.91, 3237, 8835, 34.57
LXCHEM, EQ, 06-Oct-2026, 177.08, 177.15, 190.90, 177.15, 189.20, 188.86, 187.47, 4355804, 8166.00, 45949, 1433896, 32.92
LYKALABS, BE, 06-Oct-2026, 77.48, 77.48, 78.39, 75.00, 75.80, 75.26, 75.88, 42595, 32.32, 143, -, -
M&M, EQ, 06-Oct-2026, 2857.60, 2849.00, 2866.00, 2837.30, 2855.00, 2855.00, 2850.82, 2611087, 74437.36, 106207, 1751923, 67.10
M&MFIN, EQ, 06-Oct-2026, 326.20, 327.00, 329.85, 322.30, 329.05, 327.75, 324.92, 1798943, 5845.11, 38486, 1068793, 59.41
MAANALU, EQ, 06-Oct-2026, 104.98, 106.00, 106.57, 103.10, 105.00, 105.03, 105.06, 43861, 46.08, 1730, 20189, 46.03
MACOBSTECH, SM, 06-Oct-2026, 202.00, 194.00, 203.70, 194.00, 203.70, 203.70, 196.34, 4000, 7.85, 3, 4000, 100.00
MACPOWER, EQ, 06-Oct-2026, 2160.50, 2198.50, 2198.50, 2044.10, 2097.00, 2090.10, 2117.05, 44507, 942.23, 6580, 18970, 42.62
MADHAV, EQ, 06-Oct-2026, 34.08, 33.60, 35.44, 33.60, 34.25, 33.93, 33.78, 10225, 3.45, 75, 5392, 52.73
MADHAVBAUG, ST, 06-Oct-2026, 173.40, 177.00, 177.90, 173.00, 173.00, 173.00, 176.67, 8800, 15.55, 15, 8800, 100.00
MADHAVIPL, EQ, 06-Oct-2026, 7.26, 7.26, 7.45, 7.21, 7.37, 7.35, 7.34, 76389, 5.60, 197, 63740, 83.44
MADHUCON, EQ, 06-Oct-2026, 3.88, 3.88, 4.05, 3.79, 3.96, 3.96, 3.92, 24076, 0.94, 59, 20953, 87.03
MADHURKNIT, SM, 06-Oct-2026, 55.80, 55.00, 56.70, 54.00, 55.10, 55.10, 55.23, 16800, 9.28, 14, 14400, 85.71
MADHUSUDAN, ST, 06-Oct-2026, 235.00, 230.00, 232.00, 227.15, 227.15, 227.15, 229.72, 3000, 6.89, 3, 3000, 100.00
MADRASFERT, EQ, 06-Oct-2026, 57.61, 58.40, 59.50, 57.61, 59.50, 58.98, 58.71, 30663, 18.00, 705, 16413, 53.53
MAFANG, EQ, 06-Oct-2026, 259.42, 263.90, 283.35, 259.21, 278.38, 276.13, 273.76, 1473840, 4034.85, 29494, 639275, 43.37
MAFATIND, EQ, 06-Oct-2026, 109.26, 111.00, 116.80, 109.81, 116.00, 115.64, 113.45, 37850, 42.94, 1358, 29064, 76.79
MAGADSUGAR, EQ, 06-Oct-2026, 539.40, 547.50, 566.60, 542.85, 552.65, 552.45, 555.27, 57458, 319.05, 3321, 14361, 24.99
MAGNUM, EQ, 06-Oct-2026, 18.26, 18.17, 18.60, 18.05, 18.18, 18.19, 18.22, 5858, 1.07, 94, 3865, 65.98
MAGSON, SM, 06-Oct-2026, 185.50, 189.00, 192.00, 182.05, 183.00, 183.00, 187.37, 36000, 67.45, 25, 35000, 97.22
MAHABANK, EQ, 06-Oct-2026, 80.90, 81.00, 81.30, 80.02, 80.80, 80.80, 80.49, 8455689, 6805.58, 42526, 4384892, 51.86
MAHAPEXLTD, EQ, 06-Oct-2026, 50.46, 51.00, 51.99, 49.23, 50.00, 50.84, 50.66, 1786, 0.90, 61, 1675, 93.78
MAHASTEEL, BE, 06-Oct-2026, 1167.10, 1162.00, 1162.00, 1131.40, 1132.10, 1139.30, 1145.04, 892, 10.21, 136, -, -
MAHEPC, EQ, 06-Oct-2026, 96.75, 96.75, 99.80, 95.18, 99.49, 98.97, 98.17, 10718, 10.52, 413, 7643, 71.31
MAHESHWARI, EQ, 06-Oct-2026, 72.48, 72.48, 72.48, 70.53, 71.44, 71.44, 71.17, 999, 0.71, 31, 812, 81.28
MAHKTECH, EQ, 06-Oct-2026, 21.99, 22.10, 22.44, 21.99, 22.30, 22.25, 22.20, 477678, 106.04, 3924, 367261, 76.88
MAHLIFE, EQ, 06-Oct-2026, 351.10, 351.00, 353.70, 346.05, 353.70, 352.20, 349.97, 101799, 356.27, 5484, 47856, 47.01
MAHLOG, EQ, 06-Oct-2026, 406.75, 403.50, 417.25, 403.50, 416.50, 415.05, 412.80, 89588, 369.82, 5460, 46353, 51.74
MAHSCOOTER, EQ, 06-Oct-2026, 12507.00, 12465.00, 12567.00, 12281.00, 12318.00, 12315.00, 12334.76, 5136, 633.51, 2435, 2879, 56.06
MAHSEAMLES, EQ, 06-Oct-2026, 685.05, 686.10, 696.00, 683.00, 683.00, 685.70, 689.26, 219713, 1514.40, 21920, 132813, 60.45
MAITHANALL, EQ, 06-Oct-2026, 905.60, 914.90, 923.70, 908.05, 912.00, 911.00, 913.22, 26492, 241.93, 2449, 13450, 50.77
MAITREYA, SM, 06-Oct-2026, 117.40, 113.05, 116.00, 113.05, 113.50, 113.50, 114.79, 4800, 5.51, 10, 4000, 83.33
MAJESAUT, BE, 06-Oct-2026, 365.80, 360.50, 370.50, 360.50, 369.75, 369.15, 369.02, 1540, 5.68, 86, -, -
MAKEINDIA, EQ, 06-Oct-2026, 154.82, 156.82, 157.92, 154.97, 157.21, 157.00, 156.28, 21627, 33.80, 340, 13060, 60.39
MAKERSL, EQ, 06-Oct-2026, 177.40, 177.01, 186.99, 177.00, 183.00, 183.00, 181.23, 296, 0.54, 49, 207, 69.93
MAL, ST, 06-Oct-2026, 39.05, 37.55, 38.00, 37.50, 38.00, 38.00, 37.62, 19200, 7.22, 10, 17600, 91.67
MALLCOM, EQ, 06-Oct-2026, 911.65, 912.35, 924.75, 892.20, 910.00, 903.30, 911.27, 5552, 50.59, 313, 5028, 90.56
MALUPAPER, EQ, 06-Oct-2026, 31.19, 31.19, 32.94, 30.95, 32.50, 32.40, 32.03, 13408, 4.29, 162, 9486, 70.75
MAMATA, EQ, 06-Oct-2026, 402.95, 404.90, 404.90, 394.00, 395.00, 395.65, 397.82, 73276, 291.50, 2226, 43847, 59.84
MANAKALUCO, EQ, 06-Oct-2026, 33.66, 33.40, 34.44, 33.10, 33.50, 33.24, 33.33, 35396, 11.80, 450, 27447, 77.54
MANAKCOAT, EQ, 06-Oct-2026, 126.17, 126.10, 131.49, 125.95, 131.00, 129.32, 129.09, 367367, 474.24, 2438, 303867, 82.71
MANAKSIA, EQ, 06-Oct-2026, 57.99, 58.80, 59.79, 57.57, 59.42, 59.05, 58.44, 50235, 29.36, 1269, 22294, 44.38
MANAKSTEEL, BE, 06-Oct-2026, 103.70, 103.45, 108.88, 100.35, 108.88, 108.88, 105.45, 51919, 54.75, 230, -, -
MANALIPETC, EQ, 06-Oct-2026, 87.19, 88.00, 92.80, 87.45, 92.00, 92.36, 91.12, 10482494, 9551.76, 52131, 1855016, 17.70
MANAPPURAM, EQ, 06-Oct-2026, 310.70, 311.40, 312.95, 305.95, 310.20, 310.20, 308.60, 3956853, 12211.00, 27853, 1902645, 48.08
MANBA, EQ, 06-Oct-2026, 138.60, 140.08, 142.00, 138.50, 141.00, 141.35, 139.87, 43633, 61.03, 539, 22229, 50.95
MANCREDIT, EQ, 06-Oct-2026, 221.10, 225.90, 238.00, 221.41, 232.98, 231.90, 231.14, 213610, 493.75, 3059, 34858, 16.32
MANGALAM, EQ, 06-Oct-2026, 29.19, 29.01, 32.00, 28.98, 31.99, 31.86, 30.75, 50506, 15.53, 577, 30183, 59.76
MANGLMCEM, EQ, 06-Oct-2026, 990.80, 990.00, 994.65, 982.25, 994.65, 988.10, 988.44, 24374, 240.92, 1445, 13731, 56.33
MANIKA, EQ, 06-Oct-2026, 43.11, 43.50, 51.73, 42.55, 51.56, 51.52, 48.40, 8545846, 4136.04, 29873, 3237068, 37.88
MANILAM, SM, 06-Oct-2026, 36.00, 35.30, 36.20, 32.50, 35.00, 34.85, 34.30, 66000, 22.64, 26, 48000, 72.73
MANINDS, EQ, 06-Oct-2026, 888.25, 885.10, 928.00, 882.05, 924.10, 922.05, 917.06, 456249, 4184.06, 23763, 172953, 37.91
MANINFRA, EQ, 06-Oct-2026, 123.78, 123.30, 124.99, 122.35, 123.39, 123.24, 123.93, 1146888, 1421.40, 5329, 455771, 39.74
MANIPALHOS, EQ, 06-Oct-2026, 667.00, 675.60, 695.00, 668.05, 695.00, 690.50, 680.33, 822841, 5598.03, 29658, 338550, 41.14
MANKIND, EQ, 06-Oct-2026, 2479.00, 2481.00, 2508.90, 2464.50, 2500.00, 2500.00, 2493.39, 297524, 7418.43, 22661, 161521, 54.29
MANOMAY, EQ, 06-Oct-2026, 237.09, 240.70, 242.65, 235.65, 239.15, 240.14, 240.26, 174673, 419.68, 6045, 17699, 10.13
MANORAMA, EQ, 06-Oct-2026, 1944.90, 1960.00, 1999.80, 1960.00, 1986.00, 1985.60, 1986.60, 207581, 4123.80, 17579, 91538, 44.10
MANORG, EQ, 06-Oct-2026, 432.30, 431.00, 444.85, 426.10, 440.00, 436.10, 435.00, 7004, 30.47, 235, 6186, 88.32
MANUFGBEES, EQ, 06-Oct-2026, 153.14, 153.49, 156.00, 153.38, 155.65, 155.23, 154.55, 2710, 4.19, 138, 2263, 83.51
MANUGRAPH, BE, 06-Oct-2026, 16.30, 16.29, 16.58, 15.60, 16.58, 16.45, 16.12, 40356, 6.51, 186, -, -
MANYAVAR, EQ, 06-Oct-2026, 521.30, 516.00, 529.00, 500.15, 509.00, 505.40, 509.85, 187727, 957.13, 14390, 79524, 42.36
MAPMYINDIA, EQ, 06-Oct-2026, 873.40, 882.90, 900.90, 867.20, 898.10, 896.60, 888.47, 81899, 727.65, 7868, 32697, 39.92
MARALOVER, EQ, 06-Oct-2026, 57.59, 58.50, 59.00, 57.00, 57.48, 57.99, 58.01, 3906, 2.27, 126, 3155, 80.77
MARATHON, EQ, 06-Oct-2026, 380.30, 381.40, 386.60, 373.20, 374.80, 374.60, 377.90, 163989, 619.72, 3705, 123072, 75.05
MARC, ST, 06-Oct-2026, 141.40, 144.95, 148.45, 144.95, 148.45, 148.45, 147.47, 19200, 28.31, 15, 18000, 93.75
MARCO, SM, 06-Oct-2026, 29.00, 29.60, 29.60, 28.90, 28.90, 28.90, 29.17, 4500, 1.31, 3, 3000, 66.67
MARICO, EQ, 06-Oct-2026, 790.00, 796.95, 796.95, 784.50, 794.15, 794.15, 790.30, 1467158, 11594.91, 49358, 835828, 56.97
MARINE, EQ, 06-Oct-2026, 469.15, 473.85, 490.00, 461.40, 477.20, 478.85, 477.97, 2220066, 10611.17, 52808, 764122, 34.42
MARKOLINES, EQ, 06-Oct-2026, 169.29, 169.81, 170.69, 168.73, 170.15, 170.41, 169.93, 52816, 89.75, 461, 22296, 42.21
MARKSANS, EQ, 06-Oct-2026, 331.65, 332.75, 341.95, 322.20, 325.70, 324.40, 330.80, 3112693, 10296.64, 64216, 1470493, 47.24
MARSONS, EQ, 06-Oct-2026, 114.30, 114.63, 122.73, 114.31, 120.44, 119.24, 119.00, 3015676, 3588.58, 19570, 1186000, 39.33
MARUSHIKA, SM, 06-Oct-2026, 116.00, 116.00, 117.00, 114.00, 114.00, 114.00, 115.38, 25200, 29.08, 15, 24000, 95.24
MARUTI, EQ, 06-Oct-2026, 11532.00, 11485.00, 11625.00, 11451.00, 11625.00, 11625.00, 11547.96, 263958, 30481.75, 29392, 127080, 48.14
MASFIN, EQ, 06-Oct-2026, 267.75, 265.00, 269.90, 265.00, 266.50, 266.90, 267.60, 94219, 252.13, 3226, 50281, 53.37
MASKINVEST, EQ, 06-Oct-2026, 142.37, 142.00, 147.49, 140.00, 147.49, 147.49, 141.05, 93, 0.13, 14, 92, 98.92
MASON, SM, 06-Oct-2026, 103.55, 105.00, 105.00, 103.85, 104.00, 104.35, 104.46, 9500, 9.92, 18, 7000, 73.68
MASPTOP50, EQ, 06-Oct-2026, 107.09, 108.16, 117.79, 106.02, 111.72, 111.05, 113.27, 2426241, 2748.17, 20588, 878571, 36.21
MASTEK, EQ, 06-Oct-2026, 1608.20, 1604.50, 1624.70, 1591.10, 1617.80, 1616.30, 1614.78, 66881, 1079.98, 10417, 29694, 44.40
MASTER, SM, 06-Oct-2026, 408.50, 390.15, 411.00, 390.00, 411.00, 410.50, 402.35, 3000, 12.07, 6, 2000, 66.67
MASTERTR, EQ, 06-Oct-2026, 81.13, 81.80, 83.23, 81.68, 83.00, 82.62, 82.36, 127755, 105.22, 631, 46279, 36.22
MATRIMONY, EQ, 06-Oct-2026, 514.05, 508.60, 521.40, 503.15, 513.00, 509.60, 511.42, 7753, 39.65, 586, 3756, 48.45
MAWANASUG, EQ, 06-Oct-2026, 145.96, 148.96, 152.99, 145.92, 147.60, 147.89, 149.17, 436659, 651.36, 8094, 142272, 32.58
MAXESTATES, EQ, 06-Oct-2026, 563.40, 564.00, 578.45, 559.40, 566.50, 564.95, 568.58, 111480, 633.86, 6958, 34688, 31.12
MAXHEALTH, EQ, 06-Oct-2026, 917.00, 921.55, 921.60, 892.25, 902.50, 902.50, 902.84, 2407174, 21732.87, 62453, 1197186, 49.73
MAXIND, EQ, 06-Oct-2026, 150.13, 150.00, 168.00, 150.00, 165.00, 165.84, 163.41, 422790, 690.90, 7219, 135391, 32.02
MAXPOSURE, SM, 06-Oct-2026, 36.00, 35.60, 35.60, 35.00, 35.00, 35.00, 35.20, 3000, 1.06, 3, 2000, 66.67
MAXVOLT, SM, 06-Oct-2026, 419.95, 413.00, 440.90, 412.15, 440.90, 440.75, 436.36, 69600, 303.71, 141, 54400, 78.16
MAYASHEEL, SM, 06-Oct-2026, 32.90, 36.45, 36.45, 36.20, 36.20, 36.20, 36.33, 6000, 2.18, 2, 6000, 100.00
MAYURUNIQ, EQ, 06-Oct-2026, 706.55, 713.00, 766.00, 710.05, 758.75, 761.15, 747.16, 181493, 1356.05, 9789, 109838, 60.52
MAZDA, BE, 06-Oct-2026, 282.90, 284.00, 289.90, 275.55, 283.95, 283.40, 282.64, 18785, 53.09, 275, -, -
MAZDOCK, EQ, 06-Oct-2026, 2074.00, 2080.00, 2111.00, 2078.80, 2101.00, 2101.00, 2097.42, 403608, 8465.34, 22287, 118366, 29.33
MBAPL, EQ, 06-Oct-2026, 163.66, 164.00, 167.50, 164.00, 167.00, 166.95, 166.01, 444655, 738.19, 5196, 235966, 53.07
MBECL, BE, 06-Oct-2026, 503.85, 513.90, 513.90, 493.80, 493.80, 493.80, 504.16, 18808, 94.82, 273, -, -
MBEL, EQ, 06-Oct-2026, 247.63, 246.20, 258.25, 246.20, 255.50, 255.41, 253.81, 116396, 295.43, 4940, 52356, 44.98
MBLINFRA, EQ, 06-Oct-2026, 23.90, 23.16, 25.09, 23.16, 25.09, 25.05, 24.95, 209858, 52.36, 682, 122976, 58.60
MCCHRLS-B, EQ, 06-Oct-2026, 683.15, 665.00, 679.00, 620.00, 665.00, 674.25, 649.03, 460, 2.99, 70, 327, 71.09
MCL, EQ, 06-Oct-2026, 52.08, 53.49, 54.97, 52.80, 54.96, 54.82, 54.08, 58157, 31.45, 1468, 41188, 70.82
MCLEODRUSS, EQ, 06-Oct-2026, 41.58, 41.57, 43.65, 41.52, 42.50, 42.60, 42.98, 206559, 88.79, 1093, 128249, 62.09
MCLOUD, EQ, 06-Oct-2026, 24.54, 24.88, 25.05, 24.45, 25.02, 24.85, 24.83, 1349922, 335.22, 3271, 423893, 31.40
MCON, SM, 06-Oct-2026, 40.25, 40.00, 40.00, 39.00, 39.95, 39.95, 39.23, 9000, 3.53, 7, 8000, 88.89
MCX, EQ, 06-Oct-2026, 3181.70, 3195.00, 3323.00, 3185.00, 3310.00, 3310.00, 3266.85, 1520917, 49686.05, 89254, 620597, 40.80
MDL, SM, 06-Oct-2026, 64.90, 56.50, 59.70, 56.00, 59.70, 58.35, 56.81, 7000, 3.98, 7, 5000, 71.43
MEDANTA, EQ, 06-Oct-2026, 1332.60, 1336.10, 1344.70, 1282.00, 1306.90, 1300.80, 1302.12, 378275, 4925.58, 38019, 231294, 61.14
MEDIASSIST, EQ, 06-Oct-2026, 297.20, 299.90, 308.35, 297.00, 304.50, 306.25, 301.95, 183195, 553.16, 12782, 100638, 54.93
MEDICAMEQ, BE, 06-Oct-2026, 308.00, 308.00, 317.85, 304.00, 312.00, 311.95, 309.43, 14802, 45.80, 265, -, -
MEDICAPQ, BE, 06-Oct-2026, 24.75, 24.26, 24.99, 24.26, 24.99, 24.99, 24.57, 705, 0.17, 14, -, -
MEDICO, EQ, 06-Oct-2026, 21.68, 21.94, 22.40, 21.21, 22.25, 22.17, 21.96, 125095, 27.47, 1010, 66184, 52.91
MEDPLUS, EQ, 06-Oct-2026, 644.40, 649.90, 655.55, 642.10, 651.65, 651.45, 649.92, 121423, 789.15, 13551, 68140, 56.12
MEESHO, EQ, 06-Oct-2026, 226.50, 229.00, 244.00, 228.51, 238.00, 238.22, 238.39, 39917541, 95158.12, 300447, 9892898, 24.78
MEGAFLEX, SM, 06-Oct-2026, 114.55, 120.00, 120.25, 120.00, 120.25, 120.25, 120.13, 2000, 2.40, 2, 2000, 100.00
MEGASTAR, EQ, 06-Oct-2026, 267.87, 267.87, 297.65, 263.11, 292.00, 289.97, 281.54, 6688, 18.83, 257, 5061, 75.67
MEGATHERM, SM, 06-Oct-2026, 248.50, 252.00, 252.00, 239.25, 245.90, 245.90, 243.74, 37600, 91.65, 67, 28800, 76.60
MEIL, EQ, 06-Oct-2026, 256.65, 256.65, 268.50, 256.65, 263.40, 263.45, 263.14, 52828, 139.01, 1689, 24282, 45.96
MENNPIS, BE, 06-Oct-2026, 70.55, 70.98, 70.98, 70.00, 70.10, 70.19, 70.42, 14117, 9.94, 110, -, -
MENONBE, EQ, 06-Oct-2026, 286.00, 285.00, 309.65, 285.00, 309.00, 304.95, 301.79, 189774, 572.72, 5589, 73576, 38.77
MEP, BZ, 06-Oct-2026, 0.66, 0.66, 0.67, 0.66, 0.67, 0.67, 0.67, 39561, 0.26, 29, -, -
MERCANTILE, EQ, 06-Oct-2026, 22.45, 22.45, 23.79, 22.00, 22.86, 22.85, 22.79, 4008, 0.91, 46, 3812, 95.11
MERCURYEV, EQ, 06-Oct-2026, 36.81, 37.00, 37.89, 36.75, 37.49, 36.97, 37.20, 95003, 35.34, 1334, 47265, 49.75
METAL, EQ, 06-Oct-2026, 12.61, 12.92, 12.92, 12.57, 12.73, 12.72, 12.71, 1523264, 193.67, 4842, 1043100, 68.48
METALIC, ST, 06-Oct-2026, 181.95, 176.05, 184.00, 172.90, 172.90, 172.90, 176.43, 84800, 149.61, 46, 68800, 81.13
METALIETF, EQ, 06-Oct-2026, 12.55, 12.71, 12.72, 12.55, 12.64, 12.63, 12.66, 4178947, 529.18, 7514, 2390041, 57.19
METROBRAND, EQ, 06-Oct-2026, 812.50, 822.95, 822.95, 807.30, 818.00, 818.85, 814.53, 32863, 267.68, 4198, 18034, 54.88
METROGLOBL, EQ, 06-Oct-2026, 132.97, 134.00, 134.00, 127.10, 130.00, 130.00, 130.27, 455, 0.59, 23, 421, 92.53
METROPOLIS, EQ, 06-Oct-2026, 553.60, 565.35, 565.35, 537.60, 546.00, 552.65, 547.55, 367729, 2013.51, 25375, 145191, 39.48
MFML, EQ, 06-Oct-2026, 18.16, 18.50, 19.54, 18.16, 19.50, 19.19, 18.47, 478, 0.09, 26, 413, 86.40
MFSL, EQ, 06-Oct-2026, 1348.00, 1350.00, 1362.70, 1330.20, 1361.00, 1361.00, 1348.80, 2855802, 38519.18, 51216, 1900280, 66.54
MGEL, EQ, 06-Oct-2026, 15.79, 15.68, 16.08, 15.41, 15.98, 15.78, 15.77, 578303, 91.20, 1538, 376426, 65.09
MGL, EQ, 06-Oct-2026, 1043.70, 1041.50, 1048.40, 1033.00, 1039.20, 1039.80, 1038.08, 57016, 591.87, 9104, 26303, 46.13
MGSL, SM, 06-Oct-2026, 59.45, 59.45, 59.95, 58.50, 58.50, 58.95, 59.44, 10800, 6.42, 9, 9600, 88.89
MHLXMIRU, BE, 06-Oct-2026, 171.00, 166.40, 177.95, 166.40, 170.33, 171.12, 175.25, 2836, 4.97, 37, -, -
MHRIL, EQ, 06-Oct-2026, 194.81, 194.81, 197.25, 194.31, 195.00, 196.71, 196.02, 41115, 80.60, 1998, 25222, 61.35
MICEL, BE, 06-Oct-2026, 35.28, 35.00, 35.00, 34.60, 34.60, 34.60, 34.72, 81646, 28.35, 533, -, -
MID150, EQ, 06-Oct-2026, 22.12, 22.12, 22.74, 22.12, 22.44, 22.31, 22.31, 103001, 22.98, 210, 44986, 43.68
MID150BEES, EQ, 06-Oct-2026, 224.92, 226.26, 228.50, 224.55, 228.45, 227.52, 226.89, 826150, 1874.42, 10604, 632939, 76.61
MID150CASE, EQ, 06-Oct-2026, 10.95, 11.22, 11.22, 10.95, 11.10, 11.06, 11.04, 987103, 108.98, 2980, 594052, 60.18
MIDBANKADD, EQ, 06-Oct-2026, 16.61, 16.63, 16.63, 16.48, 16.48, 16.48, 16.52, 2417, 0.40, 30, 2321, 96.03
MIDCAP, EQ, 06-Oct-2026, 17.31, 17.31, 17.58, 17.26, 17.45, 17.42, 17.42, 270504, 47.12, 916, 139892, 51.72
MIDCAPADD, EQ, 06-Oct-2026, 21.82, 21.91, 22.70, 21.84, 21.88, 22.21, 22.00, 102527, 22.55, 49, 98281, 95.86
MIDCAPBETA, EQ, 06-Oct-2026, 219.14, 221.33, 222.34, 219.52, 222.34, 222.14, 221.28, 333, 0.74, 28, 263, 78.98
MIDCAPETF, EQ, 06-Oct-2026, 22.23, 22.37, 22.50, 22.24, 22.50, 22.42, 22.40, 3690091, 826.50, 10657, 2654146, 71.93
MIDCAPIETF, EQ, 06-Oct-2026, 22.49, 22.58, 22.87, 22.50, 22.80, 22.73, 22.69, 549270, 124.64, 2000, 297881, 54.23
MIDHANI, EQ, 06-Oct-2026, 440.10, 441.00, 465.85, 439.70, 461.50, 462.35, 458.95, 2140471, 9823.70, 58168, 769319, 35.94
MIDQ50ADD, EQ, 06-Oct-2026, 23.54, 23.68, 24.20, 23.27, 23.91, 23.83, 23.78, 38640, 9.19, 206, 22717, 58.79
MIDSELIETF, EQ, 06-Oct-2026, 18.49, 18.50, 18.75, 18.21, 18.60, 18.67, 18.60, 193871, 36.07, 536, 138836, 71.61
MIDSMALL, EQ, 06-Oct-2026, 49.59, 49.26, 50.35, 48.91, 50.35, 50.32, 50.19, 241661, 121.28, 511, 201702, 83.46
MIDWESTLTD, EQ, 06-Oct-2026, 914.75, 925.00, 1006.20, 919.30, 1006.20, 1006.20, 970.09, 61917, 600.65, 3480, 28864, 46.62
MIEL, SM, 06-Oct-2026, 13.10, 13.00, 13.00, 12.50, 12.50, 12.50, 12.75, 4000, 0.51, 2, 4000, 100.00
MIIL, EQ, 06-Oct-2026, 670.40, 685.00, 692.45, 671.60, 683.10, 675.50, 681.07, 68421, 465.99, 1550, 40199, 58.75
MILKYMIST, BE, 06-Oct-2026, 304.00, 303.95, 319.20, 301.00, 319.20, 319.20, 315.25, 1662386, 5240.74, 11948, -, -
MINALIND, BE, 06-Oct-2026, 4.25, 4.17, 4.17, 4.17, 4.17, 4.17, 4.17, 2521, 0.11, 6, -, -
MINDACORP, EQ, 06-Oct-2026, 647.85, 648.00, 661.50, 648.00, 661.00, 659.60, 658.02, 149067, 980.88, 13955, 67509, 45.29
MINDSPACE, RR, 06-Oct-2026, 497.72, 499.88, 500.80, 496.00, 496.91, 496.63, 498.00, 116357, 579.46, 12060, 100665, 86.51
MINDTECK, EQ, 06-Oct-2026, 151.31, 151.31, 154.02, 138.53, 142.65, 143.72, 144.81, 111163, 160.97, 2955, 73444, 66.07
MIRZAINT, EQ, 06-Oct-2026, 27.83, 27.65, 28.34, 27.36, 28.04, 27.72, 27.71, 74096, 20.53, 689, 45297, 61.13
MITCON, EQ, 06-Oct-2026, 81.14, 81.14, 82.00, 78.56, 79.00, 79.35, 79.75, 3935, 3.14, 72, 2360, 59.97
MITTAL, EQ, 06-Oct-2026, 0.70, 0.70, 0.72, 0.69, 0.72, 0.71, 0.71, 1139464, 8.08, 267, 524520, 46.03
MKEXIM, EQ, 06-Oct-2026, 66.32, 67.00, 67.00, 64.47, 64.47, 64.59, 64.83, 3449, 2.24, 63, 3006, 87.16
MKPL, EQ, 06-Oct-2026, 3.90, 3.97, 4.60, 3.90, 4.00, 3.99, 4.10, 359653, 14.73, 494, 159403, 44.32
MLKFOOD, EQ, 06-Oct-2026, 84.59, 84.59, 85.65, 81.05, 85.38, 84.66, 84.64, 13390, 11.33, 141, 10578, 79.00
MMEL, SM, 06-Oct-2026, 28.50, 27.25, 27.25, 27.00, 27.00, 27.00, 27.15, 6000, 1.63, 3, 6000, 100.00
MMFL, EQ, 06-Oct-2026, 552.50, 550.00, 583.00, 550.00, 579.00, 579.15, 573.53, 80544, 461.94, 5357, 37127, 46.10
MMP, EQ, 06-Oct-2026, 468.05, 473.30, 485.10, 463.40, 485.00, 480.55, 474.08, 51091, 242.21, 2619, 29970, 58.66
MMTC, EQ, 06-Oct-2026, 56.33, 57.16, 57.52, 56.65, 57.00, 57.01, 57.01, 653249, 372.42, 7562, 244769, 37.47
MMWL, EQ, 06-Oct-2026, 16.33, 17.14, 17.14, 17.14, 17.14, 17.14, 17.14, 44579, 7.64, 63, 44578, 100.00
MNC, EQ, 06-Oct-2026, 30.95, 31.38, 31.59, 30.85, 31.36, 31.48, 31.21, 33839, 10.56, 391, 23942, 70.75
MOALPHA50, EQ, 06-Oct-2026, 53.66, 53.66, 54.60, 53.66, 54.58, 54.34, 54.34, 3952, 2.15, 60, 3345, 84.64
MOBANK10, EQ, 06-Oct-2026, 16.22, 16.28, 16.79, 16.27, 16.41, 16.43, 16.39, 1436, 0.24, 47, 1294, 90.11
MOBIKWIK, EQ, 06-Oct-2026, 201.79, 203.04, 242.14, 202.06, 242.14, 242.14, 230.38, 58640687, 135094.49, 432767, 6759235, 11.53
MOCAPITAL, EQ, 06-Oct-2026, 51.37, 52.40, 52.92, 51.45, 52.91, 52.89, 52.53, 457066, 240.08, 2543, 269901, 59.05
MODEFENCE, EQ, 06-Oct-2026, 100.54, 101.53, 102.50, 100.52, 102.50, 102.41, 101.94, 793992, 809.42, 5651, 492248, 62.00
MODINATUR, EQ, 06-Oct-2026, 325.05, 330.00, 334.95, 315.00, 319.90, 317.50, 325.05, 8478, 27.56, 216, 8091, 95.44
MODIRUBBER, EQ, 06-Oct-2026, 121.85, 121.00, 121.60, 118.00, 118.30, 118.58, 118.86, 2252, 2.68, 73, 1511, 67.10
MODIS, EQ, 06-Oct-2026, 372.25, 380.00, 387.00, 370.00, 381.00, 380.85, 379.29, 38246, 145.06, 853, 13713, 35.85
MODISONLTD, BE, 06-Oct-2026, 467.95, 467.95, 491.30, 452.00, 491.30, 491.30, 480.50, 57126, 274.49, 978, -, -
MODTHREAD, EQ, 06-Oct-2026, 46.58, 46.34, 55.88, 46.34, 48.99, 48.99, 49.92, 618, 0.31, 60, 430, 69.58
MOENERGY, EQ, 06-Oct-2026, 36.87, 37.61, 37.61, 36.71, 37.15, 37.11, 37.10, 66850, 24.80, 459, 45650, 68.29
MOGOLD, EQ, 06-Oct-2026, 145.55, 145.50, 145.55, 143.85, 145.05, 145.35, 144.87, 25184, 36.48, 293, 20583, 81.73
MOGSEC, EQ, 06-Oct-2026, 64.61, 65.49, 65.50, 64.40, 64.53, 64.86, 64.80, 436710, 282.99, 70, 435431, 99.71
MOHEALTH, EQ, 06-Oct-2026, 49.99, 50.48, 51.40, 49.85, 50.86, 50.86, 50.48, 30847, 15.57, 478, 22931, 74.34
MOHITE, EQ, 06-Oct-2026, 2.43, 2.50, 2.54, 2.40, 2.44, 2.49, 2.44, 86578, 2.12, 81, 80344, 92.80
MOHITIND, EQ, 06-Oct-2026, 22.64, 22.51, 22.98, 22.27, 22.63, 22.78, 22.60, 1859, 0.42, 45, 1744, 93.81
MOIL, EQ, 06-Oct-2026, 236.49, 237.00, 240.40, 236.94, 239.25, 239.20, 238.88, 228758, 546.46, 5542, 88642, 38.75
MOINFRA, EQ, 06-Oct-2026, 56.11, 56.27, 56.98, 56.00, 56.98, 56.67, 56.61, 2574, 1.46, 37, 2451, 95.22
MOIPO, EQ, 06-Oct-2026, 47.31, 46.23, 46.84, 46.19, 46.84, 46.74, 46.40, 5556, 2.58, 69, 5490, 98.81
MOKSH, EQ, 06-Oct-2026, 9.31, 9.07, 9.70, 9.07, 9.25, 9.31, 9.22, 91299, 8.42, 324, 47404, 51.92
MOL, EQ, 06-Oct-2026, 54.83, 55.00, 61.85, 54.88, 60.39, 60.25, 59.00, 1833781, 1081.93, 12871, 577071, 31.47
MOLBIO, EQ, 06-Oct-2026, 1503.40, 1509.40, 1540.00, 1475.00, 1493.00, 1501.10, 1504.18, 1128691, 16977.54, 54285, 159334, 14.12
MOLDTECH, BE, 06-Oct-2026, 213.50, 217.77, 220.00, 215.01, 218.00, 216.72, 217.25, 52216, 113.44, 853, -, -
MOLDTKPAC, EQ, 06-Oct-2026, 680.70, 682.00, 694.00, 670.25, 676.00, 678.00, 684.94, 90503, 619.89, 4945, 38545, 42.59
MOLOWVOL, EQ, 06-Oct-2026, 33.95, 34.09, 34.43, 34.09, 34.43, 34.25, 34.19, 76357, 26.10, 25, 56226, 73.64
MOM100, EQ, 06-Oct-2026, 63.68, 64.19, 64.95, 63.60, 64.78, 64.60, 64.30, 436902, 280.92, 2096, 282916, 64.76
MOM30IETF, EQ, 06-Oct-2026, 29.96, 30.56, 30.56, 29.98, 30.53, 30.47, 30.41, 552255, 167.94, 1115, 359044, 65.01
MOM50, EQ, 06-Oct-2026, 235.61, 240.32, 240.32, 237.00, 238.25, 238.46, 237.88, 13336, 31.72, 104, 10153, 76.13
MOMENTUM, EQ, 06-Oct-2026, 29.73, 30.32, 30.40, 29.40, 30.40, 30.25, 30.10, 61600, 18.54, 155, 48976, 79.51
MOMENTUM30, EQ, 06-Oct-2026, 29.42, 29.75, 30.07, 29.69, 30.07, 29.80, 29.82, 639784, 190.81, 102, 627722, 98.11
MOMENTUM50, EQ, 06-Oct-2026, 52.21, 52.64, 53.46, 52.25, 53.41, 53.24, 52.98, 400877, 212.40, 14480, 236480, 58.99
MOMETAL, EQ, 06-Oct-2026, 12.55, 12.53, 12.66, 12.52, 12.62, 12.62, 12.61, 11500, 1.45, 34, 9220, 80.17
MOMGF, EQ, 06-Oct-2026, 152.03, 152.00, 153.94, 152.00, 153.94, 153.92, 153.03, 1438, 2.20, 23, 1030, 71.63
MOMIDMTM, EQ, 06-Oct-2026, 61.09, 61.71, 62.31, 61.48, 62.30, 62.14, 62.09, 51021, 31.68, 249, 41713, 81.76
MOMMIDCAP, EQ, 06-Oct-2026, 12.41, 12.16, 12.75, 12.16, 12.62, 12.61, 12.60, 918394, 115.70, 273, 823482, 89.67
MOMNC, EQ, 06-Oct-2026, 30.00, 30.25, 31.10, 30.25, 30.59, 30.72, 30.33, 1561, 0.47, 25, 1408, 90.20
MOMOMENTUM, EQ, 06-Oct-2026, 59.56, 60.75, 60.86, 59.56, 60.86, 60.72, 60.46, 35609, 21.53, 302, 25219, 70.82
MOMSBELIEF, EQ, 06-Oct-2026, 228.74, 228.40, 234.80, 224.21, 232.40, 232.64, 229.88, 86445, 198.72, 1642, 42104, 48.71
MON100, EQ, 06-Oct-2026, 325.35, 331.84, 331.84, 325.00, 330.04, 330.43, 329.10, 689763, 2269.99, 16215, 420775, 61.00
MON50EQUAL, EQ, 06-Oct-2026, 31.10, 31.87, 31.99, 31.12, 31.51, 31.79, 31.33, 4717, 1.48, 59, 2620, 55.54
MONARCH, EQ, 06-Oct-2026, 348.65, 346.00, 353.55, 341.80, 344.00, 344.65, 347.14, 83365, 289.39, 2160, 54822, 65.76
MONEXT50, EQ, 06-Oct-2026, 69.16, 69.50, 69.97, 69.42, 69.80, 69.80, 69.95, 14915, 10.43, 49, 14909, 99.96
MONEYBOXX, BE, 06-Oct-2026, 54.76, 52.03, 53.90, 52.03, 53.24, 53.48, 52.39, 24999, 13.10, 86, -, -
MONEYVIEW, EQ, 06-Oct-2026, 51.51, 51.80, 53.00, 48.34, 50.59, 50.50, 49.92, 151735994, 75739.15, 307095, 18399124, 12.13
MONIFTY100, EQ, 06-Oct-2026, 23.80, 24.08, 24.08, 23.86, 23.86, 23.91, 23.99, 64739, 15.53, 70, 64249, 99.24
MONIFTY500, EQ, 06-Oct-2026, 22.53, 22.67, 22.85, 22.51, 22.78, 22.74, 22.66, 359516, 81.47, 1075, 288766, 80.32
MONOLITH, SM, 06-Oct-2026, 1229.05, 1223.60, 1279.00, 1223.60, 1230.00, 1239.85, 1253.90, 21000, 263.32, 75, 14000, 66.67
MONOPHARMA, SM, 06-Oct-2026, 8.55, 8.30, 8.30, 8.30, 8.30, 8.30, 8.30, 2000, 0.17, 1, 2000, 100.00
MONQ50, EQ, 06-Oct-2026, 200.60, 204.90, 240.69, 200.00, 222.50, 219.20, 220.23, 3041295, 6697.92, 38747, 668785, 21.99
MONTECARLO, EQ, 06-Oct-2026, 516.90, 520.00, 527.35, 518.00, 523.00, 524.30, 524.12, 17793, 93.26, 1300, 10757, 60.46
MOOILGAS, EQ, 06-Oct-2026, 10.57, 10.57, 11.00, 10.53, 10.73, 10.74, 10.65, 33923, 3.61, 59, 28145, 82.97
MOPSE, EQ, 06-Oct-2026, 94.95, 93.05, 95.57, 93.05, 94.99, 94.99, 95.03, 3159, 3.00, 13, 2915, 92.28
MOQUALITY, EQ, 06-Oct-2026, 190.65, 190.37, 196.20, 187.65, 190.44, 191.38, 188.92, 5140, 9.71, 73, 5091, 99.05
MOREALTY, EQ, 06-Oct-2026, 83.89, 82.95, 84.63, 82.95, 84.29, 83.96, 84.00, 162773, 136.73, 1033, 84917, 52.17
MOREPENLAB, EQ, 06-Oct-2026, 135.29, 135.70, 145.25, 135.61, 144.49, 143.96, 141.86, 22422554, 31807.77, 105552, 5862961, 26.15
MOS, SM, 06-Oct-2026, 6.30, 6.30, 6.40, 6.00, 6.00, 6.00, 6.04, 476000, 28.76, 77, 216000, 45.38
MOSCHIP, EQ, 06-Oct-2026, 195.84, 196.79, 199.49, 190.78, 197.85, 197.70, 197.53, 1094914, 2162.76, 13873, 472497, 43.15
MOSERVICE, EQ, 06-Oct-2026, 29.21, 30.20, 30.20, 29.25, 29.33, 29.33, 29.29, 199, 0.06, 33, 152, 76.38
MOSILVER, EQ, 06-Oct-2026, 218.63, 218.08, 218.45, 215.66, 217.61, 218.15, 217.44, 48465, 105.38, 446, 35535, 73.32
MOSMALL250, EQ, 06-Oct-2026, 17.72, 17.87, 18.00, 17.72, 17.97, 17.95, 17.90, 751052, 134.42, 1644, 488000, 64.98
MOTHERSON, EQ, 06-Oct-2026, 156.50, 156.28, 160.69, 155.68, 160.00, 160.00, 159.10, 7313345, 11635.87, 48068, 3711009, 50.74
MOTILALOFS, EQ, 06-Oct-2026, 1011.10, 1019.50, 1086.00, 1017.10, 1081.15, 1081.15, 1058.77, 2179004, 23070.65, 53066, 753360, 34.57
MOTISONS, EQ, 06-Oct-2026, 17.74, 17.98, 18.12, 17.50, 17.61, 17.61, 17.82, 14292565, 2546.60, 17972, 2578736, 18.04
MOTOGENFIN, EQ, 06-Oct-2026, 24.53, 24.90, 26.00, 24.45, 25.84, 25.77, 25.38, 39767, 10.09, 428, 35433, 89.10
MOTOUR, EQ, 06-Oct-2026, 75.19, 75.58, 76.80, 75.58, 76.80, 76.55, 76.16, 5598, 4.26, 96, 4988, 89.10
MOVALUE, EQ, 06-Oct-2026, 106.82, 106.82, 107.88, 106.50, 107.00, 106.86, 106.98, 52125, 55.76, 629, 41997, 80.57
MPEL, SM, 06-Oct-2026, 23.90, 22.75, 25.05, 22.75, 22.75, 22.80, 22.98, 2419200, 555.95, 202, 1859200, 76.85
MPHASIS, EQ, 06-Oct-2026, 2297.10, 2290.00, 2306.00, 2265.50, 2298.00, 2298.00, 2285.50, 286928, 6557.75, 19324, 159366, 55.54
MPIMANIPAL, EQ, 06-Oct-2026, 389.70, 394.90, 394.90, 363.70, 366.10, 366.05, 374.92, 1189124, 4458.28, 36443, 400413, 33.67
MPSLTD, EQ, 06-Oct-2026, 2637.40, 2667.00, 2729.90, 2628.10, 2652.20, 2681.20, 2680.95, 9345, 250.53, 2117, 4808, 51.45
MRF, EQ, 06-Oct-2026, 123330.00, 123500.00, 124560.00, 123250.00, 124280.00, 124080.00, 123860.05, 2176, 2695.19, 1627, 827, 38.01
MRIL, ST, 06-Oct-2026, 72.20, 70.00, 70.00, 68.60, 68.60, 68.60, 68.73, 17600, 12.10, 11, 14400, 81.82
MRPL, EQ, 06-Oct-2026, 172.43, 173.00, 176.95, 171.11, 175.11, 174.72, 174.12, 9705261, 16899.23, 63510, 2253632, 23.22
MSCI360, EQ, 06-Oct-2026, 9.56, 9.56, 9.60, 9.56, 9.56, 9.56, 9.57, 1624, 0.16, 29, 1622, 99.88
MSCIADD, EQ, 06-Oct-2026, 28.27, 27.84, 28.03, 27.84, 28.03, 28.03, 27.92, 421, 0.12, 28, 307, 72.92
MSCIINDIA, EQ, 06-Oct-2026, 28.04, 28.16, 28.42, 28.04, 28.42, 28.37, 28.27, 5043, 1.43, 65, 4359, 86.44
MSL, EQ, 06-Oct-2026, 148.45, 148.45, 148.45, 139.00, 139.00, 140.00, 140.12, 632, 0.89, 43, 493, 78.01
MSPL, EQ, 06-Oct-2026, 31.65, 31.51, 32.64, 31.10, 32.49, 32.34, 32.17, 538757, 173.31, 2454, 284175, 52.75
MSTCLTD, EQ, 06-Oct-2026, 693.75, 694.00, 725.60, 693.95, 715.05, 714.30, 714.78, 174093, 1244.38, 8939, 74594, 42.85
MSUMI, EQ, 06-Oct-2026, 32.89, 32.96, 33.38, 32.81, 33.28, 33.31, 33.12, 3809743, 1261.89, 19044, 1751791, 45.98
MTARTECH, BE, 06-Oct-2026, 7654.00, 7512.00, 7789.00, 7426.00, 7723.00, 7718.50, 7669.39, 98802, 7577.51, 14348, -, -
MTEDUCARE, BE, 06-Oct-2026, 1.68, 1.71, 1.71, 1.60, 1.63, 1.63, 1.65, 31691, 0.52, 42, -, -
MTNL, EQ, 06-Oct-2026, 23.19, 23.24, 23.58, 23.20, 23.24, 23.28, 23.32, 893842, 208.46, 3058, 332688, 37.22
MUFIN, EQ, 06-Oct-2026, 132.89, 133.30, 136.45, 132.25, 135.00, 135.17, 134.97, 2282224, 3080.25, 7197, 811713, 35.57
MUFTI, EQ, 06-Oct-2026, 69.70, 69.70, 70.50, 69.00, 70.00, 69.61, 69.50, 58819, 40.88, 899, 33199, 56.44
MUKANDLTD, EQ, 06-Oct-2026, 182.20, 182.20, 184.95, 175.00, 178.61, 181.55, 181.19, 476026, 862.52, 7901, 194645, 40.89
MUKKA, BE, 06-Oct-2026, 26.67, 26.59, 27.20, 26.26, 27.06, 26.97, 26.79, 112572, 30.16, 522, -, -
MUKTAARTS, EQ, 06-Oct-2026, 54.89, 54.30, 59.99, 53.10, 57.98, 57.04, 56.51, 904, 0.51, 28, 535, 59.18
MULTICAP, EQ, 06-Oct-2026, 15.83, 15.99, 16.15, 15.86, 16.01, 16.02, 15.96, 171855, 27.43, 403, 109207, 63.55
MUNISH, SM, 06-Oct-2026, 86.45, 86.45, 86.45, 86.45, 86.45, 86.45, 86.45, 1200, 1.04, 1, 1200, 100.00
MUNJALAU, EQ, 06-Oct-2026, 105.56, 106.45, 106.98, 103.74, 105.95, 105.33, 105.31, 355586, 374.47, 9810, 140422, 39.49
MUNJALSHOW, EQ, 06-Oct-2026, 124.03, 125.70, 127.00, 124.18, 124.45, 124.82, 125.61, 16146, 20.28, 602, 7782, 48.20
MURUDCERA, EQ, 06-Oct-2026, 28.01, 28.70, 28.70, 27.56, 27.60, 27.97, 28.02, 17500, 4.90, 103, 14882, 85.04
MUTHOOTCAP, EQ, 06-Oct-2026, 219.33, 229.05, 229.05, 210.74, 216.80, 216.42, 216.29, 6595, 14.26, 425, 4932, 74.78
MUTHOOTFIN, EQ, 06-Oct-2026, 2716.40, 2722.90, 2724.10, 2679.00, 2686.00, 2686.00, 2691.92, 369508, 9946.85, 36350, 184521, 49.94
MUTHOOTMF, EQ, 06-Oct-2026, 176.38, 176.38, 179.19, 173.12, 174.40, 176.76, 175.10, 193467, 338.77, 4544, 73680, 38.08
MVELECTRO, EQ, 06-Oct-2026, 897.55, 913.90, 970.00, 913.50, 931.00, 933.10, 944.57, 4326577, 40867.50, 148487, 386787, 8.94
MVGJL, EQ, 06-Oct-2026, 204.36, 208.40, 208.40, 201.12, 202.70, 203.16, 204.18, 120816, 246.69, 3244, 50564, 41.85
MVKAGRO, SM, 06-Oct-2026, 228.65, 226.95, 227.00, 217.25, 217.25, 217.30, 219.80, 57300, 125.95, 102, 49500, 86.39
MWL, EQ, 06-Oct-2026, 41.53, 41.33, 41.93, 41.02, 41.55, 41.66, 41.51, 358670, 148.89, 1547, 193624, 53.98
MYMUDRA, SM, 06-Oct-2026, 72.65, 75.85, 83.60, 75.50, 82.40, 82.70, 80.66, 141600, 114.22, 108, 127200, 89.83
MYSORPETRO, BE, 06-Oct-2026, 115.88, 117.98, 119.90, 112.71, 117.00, 117.13, 115.65, 3104, 3.59, 49, -, -
NACLIND, EQ, 06-Oct-2026, 130.29, 131.83, 137.40, 130.96, 137.00, 136.63, 134.88, 375897, 507.03, 6914, 159829, 42.52
NAGREEKCAP, EQ, 06-Oct-2026, 25.49, 24.56, 27.88, 24.56, 27.88, 27.25, 26.77, 17101, 4.58, 110, 13866, 81.08
NAGREEKEXP, EQ, 06-Oct-2026, 20.87, 20.70, 22.48, 20.70, 22.18, 21.97, 21.85, 4503, 0.98, 81, 3792, 84.21
NAHARCAP, EQ, 06-Oct-2026, 233.82, 231.60, 239.70, 230.00, 233.75, 234.66, 234.05, 1700, 3.98, 65, 1431, 84.18
NAHARINDUS, EQ, 06-Oct-2026, 127.08, 128.15, 129.67, 126.25, 127.66, 127.66, 127.92, 12859, 16.45, 381, 9316, 72.45
NAHARPOLY, EQ, 06-Oct-2026, 222.21, 223.34, 225.00, 219.99, 221.50, 220.36, 221.57, 5593, 12.39, 427, 4968, 88.83
NAHARSPING, EQ, 06-Oct-2026, 250.15, 254.35, 259.85, 253.00, 255.55, 257.40, 256.82, 10252, 26.33, 294, 5457, 53.23
NAM-INDIA, EQ, 06-Oct-2026, 1061.00, 1067.90, 1079.00, 1056.10, 1073.50, 1073.50, 1065.10, 456986, 4867.34, 25872, 244501, 53.50
NAMAN, ST, 06-Oct-2026, 48.20, 48.20, 48.20, 48.20, 48.20, 48.20, 48.20, 2400, 1.16, 2, 2400, 100.00
NAMOEWASTE, SM, 06-Oct-2026, 323.50, 327.95, 387.45, 327.95, 383.00, 382.90, 367.12, 148000, 543.33, 174, 99200, 67.03
NARMADA, EQ, 06-Oct-2026, 12.30, 12.49, 12.49, 11.99, 12.00, 12.10, 12.10, 359207, 43.48, 1010, 232109, 64.62
NATCAPSUQ, BE, 06-Oct-2026, 165.15, 164.00, 168.50, 162.30, 166.97, 166.74, 165.70, 837, 1.39, 25, -, -
NATCOPHARM, EQ, 06-Oct-2026, 821.50, 824.70, 827.00, 815.35, 824.55, 823.65, 820.76, 225113, 1847.63, 17214, 139297, 61.88
NATHBIOGEN, EQ, 06-Oct-2026, 134.29, 138.50, 141.98, 136.00, 139.50, 138.31, 138.63, 9276, 12.86, 415, 6348, 68.43
NATIONALUM, EQ, 06-Oct-2026, 340.00, 344.95, 348.65, 333.35, 337.25, 337.25, 339.19, 6701284, 22730.00, 50695, 3051444, 45.54
NATIONSTD, EQ, 06-Oct-2026, 112.51, 112.00, 113.98, 108.46, 110.15, 110.79, 110.99, 8035, 8.92, 284, 6571, 81.78
NAUKRI, EQ, 06-Oct-2026, 1201.70, 1208.70, 1241.00, 1197.40, 1241.00, 1241.00, 1218.55, 1622862, 19775.34, 48054, 975475, 60.11
NAVA, EQ, 06-Oct-2026, 556.70, 558.00, 578.00, 558.00, 574.90, 575.00, 572.50, 601625, 3444.32, 25030, 282740, 47.00
NAVINFLUOR, EQ, 06-Oct-2026, 8272.00, 8272.00, 8574.00, 8272.00, 8570.00, 8536.00, 8432.43, 112311, 9470.54, 25748, 57042, 50.79
NAVKARCORP, EQ, 06-Oct-2026, 84.94, 85.99, 86.28, 84.28, 86.10, 85.96, 85.46, 149503, 127.77, 2350, 81446, 54.48
NAVKARURB, EQ, 06-Oct-2026, 0.83, 0.85, 0.86, 0.83, 0.85, 0.85, 0.85, 119787, 1.02, 243, 108765, 90.80
NAVNETEDUL, EQ, 06-Oct-2026, 122.97, 123.90, 125.11, 123.36, 124.05, 124.27, 124.29, 56581, 70.33, 941, 32313, 57.11
NAZARA, EQ, 06-Oct-2026, 385.80, 385.75, 387.60, 378.80, 379.10, 379.55, 381.69, 732269, 2794.96, 15454, 381892, 52.15
NBCC, EQ, 06-Oct-2026, 76.20, 76.50, 77.85, 76.20, 77.05, 77.05, 76.84, 5142985, 3951.72, 33566, 2179964, 42.39
NBIFIN, EQ, 06-Oct-2026, 1819.00, 1850.90, 1879.00, 1820.00, 1821.10, 1828.10, 1849.02, 164, 3.03, 46, 101, 61.59
NCC, EQ, 06-Oct-2026, 128.79, 128.90, 129.70, 128.20, 128.65, 128.47, 128.70, 1129724, 1453.91, 20527, 577799, 51.15
NCLIND, EQ, 06-Oct-2026, 168.85, 168.85, 170.95, 165.20, 165.20, 166.80, 167.77, 43369, 72.76, 1100, 33073, 76.26
NDGL, EQ, 06-Oct-2026, 2354.30, 2400.00, 2437.00, 2336.10, 2371.80, 2371.80, 2396.42, 118, 2.83, 48, 102, 86.44
NDL, EQ, 06-Oct-2026, 2.59, 2.60, 2.70, 2.56, 2.59, 2.57, 2.63, 997287, 26.20, 1235, 635830, 63.76
NDLVENTURE, EQ, 06-Oct-2026, 123.17, 124.30, 124.49, 120.74, 123.00, 122.91, 123.03, 5903, 7.26, 131, 5185, 87.84
NDRAUTO, EQ, 06-Oct-2026, 706.80, 706.80, 709.90, 700.00, 703.00, 704.70, 704.11, 8373, 58.96, 724, 3919, 46.81
NDTV, EQ, 06-Oct-2026, 67.19, 67.44, 68.55, 66.83, 67.50, 67.08, 67.44, 74085, 49.96, 967, 46092, 62.22
NEAGI, EQ, 06-Oct-2026, 3292.90, 3452.00, 3452.00, 3230.10, 3230.10, 3284.40, 3327.58, 51, 1.70, 12, 50, 98.04
NECCLTD, EQ, 06-Oct-2026, 19.12, 19.30, 20.30, 18.51, 19.49, 19.38, 19.51, 129818, 25.33, 563, 69325, 53.40
NECLIFE, EQ, 06-Oct-2026, 10.48, 10.62, 11.00, 10.30, 10.72, 10.95, 10.81, 335891, 36.32, 356, 326992, 97.35
NELCAST, EQ, 06-Oct-2026, 121.43, 123.00, 126.00, 119.69, 125.00, 124.48, 122.96, 232684, 286.11, 3893, 108120, 46.47
NELCO, EQ, 06-Oct-2026, 885.10, 889.40, 930.25, 889.40, 921.00, 924.15, 918.66, 187172, 1719.47, 8807, 65867, 35.19
NEOCHEM, SM, 06-Oct-2026, 104.70, 105.50, 105.85, 99.95, 105.80, 105.80, 101.95, 31200, 31.81, 22, 24000, 76.92
NEOGEN, EQ, 06-Oct-2026, 2311.20, 2319.00, 2438.50, 2319.00, 2436.00, 2429.20, 2401.06, 91934, 2207.39, 12818, 38903, 42.32
NEPHROCARE, SM, 06-Oct-2026, 86.90, 86.90, 89.90, 84.95, 85.00, 87.30, 86.73, 27200, 23.59, 54, 18800, 69.12
NEPHROPLUS, EQ, 06-Oct-2026, 637.65, 639.00, 642.00, 628.00, 639.90, 634.55, 632.27, 438059, 2769.71, 23733, 283672, 64.76
NEPTUNE, SM, 06-Oct-2026, 178.20, 178.20, 178.20, 178.20, 178.20, 178.20, 178.20, 500, 0.89, 1, 500, 100.00
NESCO, EQ, 06-Oct-2026, 1036.60, 1030.20, 1045.00, 1030.20, 1037.20, 1037.10, 1038.79, 37988, 394.62, 3544, 24318, 64.01
NESTLEIND, EQ, 06-Oct-2026, 1297.10, 1303.60, 1341.40, 1293.40, 1341.40, 1341.40, 1318.43, 1650856, 21765.32, 52212, 850020, 51.49
NETF, EQ, 06-Oct-2026, 246.03, 252.18, 252.18, 246.03, 247.00, 247.59, 247.65, 736, 1.82, 86, 542, 73.64
NETWEB, EQ, 06-Oct-2026, 4765.10, 4785.00, 4847.90, 4721.00, 4742.60, 4746.20, 4782.12, 768777, 36763.85, 62582, 172604, 22.45
NETWORK18, EQ, 06-Oct-2026, 25.44, 25.58, 26.41, 25.50, 26.22, 26.22, 26.04, 2445551, 636.73, 7113, 803460, 32.85
NEUEON, BE, 06-Oct-2026, 14.50, 14.00, 14.50, 13.78, 13.94, 13.79, 13.86, 30899, 4.28, 117, -, -
NEULANDLAB, EQ, 06-Oct-2026, 21875.00, 21940.00, 21975.00, 21410.00, 21975.00, 21905.00, 21634.28, 61813, 13372.80, 21985, 31509, 50.97
NEWGEN, EQ, 06-Oct-2026, 458.75, 460.90, 463.20, 454.15, 457.00, 456.60, 457.05, 432611, 1977.24, 20948, 210733, 48.71
NEWJAISA, ST, 06-Oct-2026, 17.00, 17.00, 17.00, 16.20, 16.20, 16.20, 16.52, 75000, 12.39, 19, 75000, 100.00
NEXT30ADD, EQ, 06-Oct-2026, 40.21, 40.22, 40.39, 40.19, 40.35, 40.29, 40.27, 1673, 0.67, 43, 962, 57.50
NEXT50, EQ, 06-Oct-2026, 714.71, 719.51, 724.64, 714.92, 722.11, 723.61, 721.73, 27793, 200.59, 1961, 16419, 59.08
NEXT50ADD, EQ, 06-Oct-2026, 69.69, 69.97, 70.63, 69.97, 70.29, 70.56, 70.40, 7545, 5.31, 27, 2836, 37.59
NEXT50BETA, EQ, 06-Oct-2026, 75.03, 75.01, 75.68, 74.92, 75.30, 75.50, 75.35, 153921, 115.98, 1153, 122797, 79.78
NEXT50ETF, EQ, 06-Oct-2026, 69.79, 69.99, 70.68, 69.82, 70.58, 70.59, 70.32, 15516, 10.91, 188, 10621, 68.45
NEXT50IETF, EQ, 06-Oct-2026, 73.17, 77.00, 77.00, 72.80, 74.15, 74.04, 73.74, 412683, 304.31, 4307, 250681, 60.74
NEXTMEDIA, EQ, 06-Oct-2026, 3.57, 3.57, 3.69, 3.54, 3.57, 3.56, 3.57, 4292, 0.15, 42, 4283, 99.79
NFL, EQ, 06-Oct-2026, 63.28, 63.28, 65.25, 63.11, 64.61, 64.91, 64.33, 584167, 375.77, 5592, 195232, 33.42
NFPSAMPOOR, SM, 06-Oct-2026, 20.30, 20.30, 20.50, 19.25, 19.25, 19.80, 19.91, 8000, 1.59, 4, 8000, 100.00
NGIL, EQ, 06-Oct-2026, 36.83, 36.82, 38.40, 35.96, 36.00, 36.15, 36.48, 13331, 4.86, 288, 12274, 92.07
NGLFINE, EQ, 06-Oct-2026, 2988.30, 3032.90, 3184.00, 2995.00, 3092.70, 3122.10, 3097.36, 18062, 559.44, 3857, 5182, 28.69
NH, EQ, 06-Oct-2026, 1722.40, 1730.20, 1739.60, 1716.20, 1725.00, 1723.80, 1726.05, 177934, 3071.24, 30437, 95027, 53.41
NHPC, EQ, 06-Oct-2026, 72.00, 71.79, 73.32, 71.35, 73.11, 73.11, 72.37, 5480099, 3965.83, 20764, 2720736, 49.65
NIACL, EQ, 06-Oct-2026, 158.36, 158.00, 163.50, 158.00, 161.50, 160.72, 161.56, 1937355, 3129.92, 22596, 318481, 16.44
NIBE, EQ, 06-Oct-2026, 1221.30, 1221.30, 1244.40, 1211.30, 1240.00, 1240.90, 1235.73, 26333, 325.41, 2333, 15166, 57.59
NIBL, EQ, 06-Oct-2026, 31.33, 30.66, 32.60, 30.66, 31.40, 31.22, 31.50, 4316, 1.36, 266, 2615, 60.59
NICCOPAR, EQ, 06-Oct-2026, 80.10, 82.45, 82.45, 79.00, 79.00, 79.00, 79.09, 263, 0.21, 6, 256, 97.34
NIDAN, SM, 06-Oct-2026, 12.60, 13.50, 13.50, 12.70, 13.35, 13.35, 13.05, 11000, 1.44, 11, 6000, 54.55
NIF100BEES, EQ, 06-Oct-2026, 251.20, 251.21, 253.66, 250.53, 253.66, 253.11, 252.56, 36283, 91.63, 522, 21746, 59.93
NIF100IETF, EQ, 06-Oct-2026, 26.38, 27.03, 27.03, 26.39, 26.55, 26.65, 26.60, 76633, 20.38, 1878, 33709, 43.99
NIF500BETA, EQ, 06-Oct-2026, 36.30, 36.29, 36.29, 35.40, 36.00, 35.99, 35.69, 5960, 2.13, 83, 2552, 42.82
NIFTY1, EQ, 06-Oct-2026, 250.50, 256.76, 256.76, 250.34, 252.90, 252.54, 252.14, 55643, 140.30, 1403, 28038, 50.39
NIFTY100EW, EQ, 06-Oct-2026, 33.10, 33.72, 33.72, 33.09, 33.40, 33.37, 33.35, 32779, 10.93, 283, 24722, 75.42
NIFTYADD, EQ, 06-Oct-2026, 237.98, 239.96, 240.12, 237.72, 240.10, 239.92, 239.58, 52140, 124.92, 166, 46802, 89.76
NIFTYAXIS, EQ, 06-Oct-2026, 250.63, 250.59, 252.63, 249.86, 252.53, 251.28, 251.77, 166573, 419.39, 205, 149905, 89.99
NIFTYBEES, EQ, 06-Oct-2026, 257.29, 258.86, 259.25, 255.80, 258.75, 258.89, 258.34, 7681670, 19844.83, 47100, 5188168, 67.54
NIFTYBETA, EQ, 06-Oct-2026, 250.26, 252.76, 252.76, 250.43, 252.62, 252.39, 251.89, 21482, 54.11, 376, 16730, 77.88
NIFTYBETF, EQ, 06-Oct-2026, 232.63, 233.01, 234.75, 232.60, 233.79, 233.91, 233.79, 2160, 5.05, 133, 1223, 56.62
NIFTYCASE, EQ, 06-Oct-2026, 9.07, 9.19, 9.19, 9.07, 9.14, 9.11, 9.12, 730152, 66.59, 1807, 408257, 55.91
NIFTYETF, EQ, 06-Oct-2026, 245.60, 246.38, 248.38, 245.60, 248.38, 247.58, 246.98, 274217, 677.25, 1309, 153669, 56.04
NIFTYIETF, EQ, 06-Oct-2026, 256.15, 256.15, 258.00, 255.58, 257.57, 257.79, 257.36, 448807, 1155.06, 13258, 268535, 59.83
NIFTYJBLK, EQ, 06-Oct-2026, 11.59, 11.87, 11.87, 11.58, 11.69, 11.65, 11.66, 74343, 8.67, 574, 47973, 64.53
NIFTYQLITY, EQ, 06-Oct-2026, 19.84, 20.19, 20.19, 19.80, 20.01, 20.10, 19.96, 21574, 4.31, 130, 13968, 64.74
NIITLTD, EQ, 06-Oct-2026, 83.89, 84.25, 87.30, 83.94, 86.89, 86.78, 86.02, 158264, 136.13, 2788, 64051, 40.47
NIITMTS, EQ, 06-Oct-2026, 199.62, 202.59, 206.52, 198.65, 205.00, 204.99, 203.51, 97157, 197.72, 4941, 53807, 55.38
NIKITA, SM, 06-Oct-2026, 72.35, 73.30, 73.30, 70.60, 72.00, 72.00, 71.85, 4800, 3.45, 4, 4800, 100.00
NILAINFRA, EQ, 06-Oct-2026, 6.71, 6.73, 6.85, 6.67, 6.72, 6.70, 6.73, 81728, 5.50, 327, 53619, 65.61
NILASPACES, EQ, 06-Oct-2026, 11.00, 11.08, 11.46, 10.86, 11.25, 11.17, 11.21, 669539, 75.09, 1902, 281965, 42.11
NILE, EQ, 06-Oct-2026, 1226.00, 1230.30, 1268.40, 1228.00, 1239.00, 1238.00, 1241.35, 5834, 72.42, 903, 4093, 70.16
NILKAMAL, EQ, 06-Oct-2026, 1829.50, 1829.90, 1832.90, 1801.00, 1816.90, 1811.50, 1817.14, 20452, 371.64, 3520, 12878, 62.97
NIMBSPROJ, EQ, 06-Oct-2026, 187.32, 186.94, 194.30, 182.00, 191.70, 191.57, 186.03, 31024, 57.72, 555, 1752, 5.65
NINSYS, EQ, 06-Oct-2026, 842.00, 842.00, 867.25, 815.30, 825.95, 822.55, 835.39, 7334, 61.27, 682, 4258, 58.06
NIPPOBATRY, EQ, 06-Oct-2026, 318.75, 320.30, 321.90, 318.00, 318.00, 319.45, 318.92, 388, 1.24, 44, 367, 94.59
NIRAJ, EQ, 06-Oct-2026, 27.92, 27.00, 28.40, 27.00, 27.50, 27.48, 27.48, 22765, 6.26, 74, 21441, 94.18
NIRAJISPAT, BE, 06-Oct-2026, 300.00, 299.00, 299.00, 299.00, 299.00, 299.00, 299.00, 1, 0.00, 1, -, -
NIRLON, EQ, 06-Oct-2026, 615.40, 613.00, 620.40, 606.15, 619.90, 619.00, 616.81, 3635, 22.42, 325, 2329, 64.07
NIRMAN, SM, 06-Oct-2026, 27.00, 26.70, 27.75, 26.70, 27.70, 27.70, 27.30, 18300, 5.00, 33, 12900, 70.49
NITCO, EQ, 06-Oct-2026, 82.69, 82.95, 84.90, 82.80, 83.76, 83.77, 83.62, 210104, 175.69, 1688, 104168, 49.58
NITINSPIN, EQ, 06-Oct-2026, 604.75, 604.75, 621.00, 602.95, 617.20, 616.35, 614.74, 63407, 389.79, 4513, 37875, 59.73
NITIRAJ, EQ, 06-Oct-2026, 202.14, 203.15, 204.95, 203.15, 203.15, 203.29, 203.49, 281, 0.57, 15, 272, 96.80
NITTAGELA, EQ, 06-Oct-2026, 1668.90, 1719.80, 1719.80, 1665.00, 1672.70, 1668.10, 1682.57, 1882, 31.67, 455, 1221, 64.88
NIVABUPA, EQ, 06-Oct-2026, 75.85, 76.23, 76.84, 75.51, 76.15, 76.56, 76.22, 618602, 471.52, 12743, 296661, 47.96
NKIND, EQ, 06-Oct-2026, 59.96, 57.00, 58.90, 51.30, 57.00, 57.06, 57.27, 1666, 0.95, 49, 739, 44.36
NLCINDIA, EQ, 06-Oct-2026, 252.45, 253.80, 260.00, 253.80, 254.90, 254.90, 256.54, 1241729, 3185.54, 22368, 528494, 42.56
NMDC, EQ, 06-Oct-2026, 73.74, 74.41, 74.49, 73.74, 74.38, 74.38, 74.14, 10800931, 8007.45, 50767, 6539124, 60.54
NMSTEEL, SM, 06-Oct-2026, 23.50, 22.90, 23.20, 22.90, 23.20, 23.20, 23.00, 4800, 1.10, 3, 4800, 100.00
NOCIL, EQ, 06-Oct-2026, 165.83, 166.43, 173.20, 166.43, 172.34, 171.83, 171.23, 713463, 1221.69, 9538, 291759, 40.89
NOIDATOLL, EQ, 06-Oct-2026, 3.56, 3.50, 3.74, 3.50, 3.68, 3.67, 3.65, 134344, 4.91, 289, 124268, 92.50
NORBTEAEXP, EQ, 06-Oct-2026, 65.59, 64.59, 66.14, 62.99, 63.30, 64.21, 63.91, 1241, 0.79, 57, 851, 68.57
NORTHARC, EQ, 06-Oct-2026, 289.45, 289.50, 300.00, 288.70, 297.25, 298.20, 295.13, 960451, 2834.54, 13272, 585470, 60.96
NOVAAGRI, EQ, 06-Oct-2026, 22.39, 22.39, 22.97, 21.85, 22.70, 22.64, 22.48, 33109, 7.44, 295, 26736, 80.75
NOVARTIND, EQ, 06-Oct-2026, 1967.80, 1971.00, 2076.20, 1936.80, 2060.20, 2051.20, 2006.95, 50956, 1022.66, 8644, 19996, 39.24
NPBET, EQ, 06-Oct-2026, 276.10, 278.86, 281.89, 278.86, 281.00, 281.10, 280.70, 333, 0.93, 21, 286, 85.89
NPST, EQ, 06-Oct-2026, 1833.50, 1848.00, 1865.90, 1800.00, 1840.00, 1835.50, 1835.44, 67123, 1232.00, 8416, 27628, 41.16
NRAIL, EQ, 06-Oct-2026, 661.35, 679.00, 679.00, 655.00, 660.25, 658.25, 662.08, 11965, 79.22, 1020, 7452, 62.28
NRBBEARING, EQ, 06-Oct-2026, 535.70, 536.00, 543.30, 533.55, 535.50, 536.95, 538.57, 201725, 1086.44, 12869, 82562, 40.93
NRL, BE, 06-Oct-2026, 157.00, 158.00, 158.00, 156.25, 157.00, 157.00, 157.13, 66546, 104.56, 156, -, -
NRVANDANA, SM, 06-Oct-2026, 73.10, 69.60, 69.60, 69.60, 69.60, 69.60, 69.60, 9000, 6.26, 2, 9000, 100.00
NSIL, EQ, 06-Oct-2026, 5199.50, 5153.00, 5324.00, 5153.00, 5315.00, 5297.50, 5271.77, 1675, 88.30, 514, 1142, 68.18
NSLNISP, EQ, 06-Oct-2026, 40.50, 40.60, 41.11, 40.40, 40.90, 40.90, 40.72, 4387731, 1786.85, 14942, 2810253, 64.05
NTCIND, EQ, 06-Oct-2026, 135.97, 140.00, 143.00, 133.00, 138.00, 134.76, 135.95, 762, 1.04, 52, 557, 73.10
NTPC, EQ, 06-Oct-2026, 321.80, 323.50, 324.30, 320.05, 321.45, 321.45, 322.28, 7317350, 23582.25, 58787, 4470144, 61.09
NTPCGREEN, EQ, 06-Oct-2026, 90.09, 90.11, 90.72, 90.00, 90.05, 90.13, 90.26, 796462, 718.90, 12560, 343027, 43.07
NUCLEUS, EQ, 06-Oct-2026, 637.75, 634.00, 642.90, 632.00, 636.00, 638.05, 636.32, 14083, 89.61, 1794, 7202, 51.14
NURECA, BE, 06-Oct-2026, 339.05, 332.65, 343.00, 332.65, 342.50, 338.55, 340.35, 4187, 14.25, 145, -, -
NUVAMA, EQ, 06-Oct-2026, 1820.80, 1826.40, 1886.50, 1795.50, 1840.50, 1838.80, 1852.41, 641224, 11878.07, 39337, 187925, 29.31
NUVOCO, EQ, 06-Oct-2026, 326.10, 325.00, 330.00, 323.35, 326.00, 326.50, 325.85, 148942, 485.32, 12289, 87653, 58.85
NV20, EQ, 06-Oct-2026, 13.20, 13.46, 13.46, 13.15, 13.42, 13.23, 13.22, 89694, 11.86, 284, 34739, 38.73
NV20BEES, EQ, 06-Oct-2026, 131.79, 128.49, 136.90, 128.49, 134.00, 134.00, 132.46, 8931, 11.83, 177, 5374, 60.17
NV20IETF, EQ, 06-Oct-2026, 12.80, 12.80, 12.93, 12.80, 12.83, 12.85, 12.87, 263032, 33.84, 1737, 155926, 59.28
NXST, RR, 06-Oct-2026, 164.99, 165.40, 165.59, 164.55, 164.70, 164.81, 164.97, 389968, 643.34, 2822, 361817, 92.78
NYKAA, EQ, 06-Oct-2026, 339.55, 339.50, 345.00, 337.25, 338.20, 338.20, 340.90, 3554565, 12117.47, 54979, 1606713, 45.20
OAL, EQ, 06-Oct-2026, 515.10, 526.95, 526.95, 505.80, 518.00, 511.35, 511.65, 13510, 69.12, 1005, 7597, 56.23
OBCL, EQ, 06-Oct-2026, 55.85, 55.91, 57.60, 55.90, 57.05, 57.44, 56.60, 3579, 2.03, 44, 2374, 66.33
OBEROIRLTY, EQ, 06-Oct-2026, 1751.20, 1748.00, 1764.40, 1737.90, 1751.80, 1751.80, 1751.77, 226302, 3964.28, 11606, 125540, 55.47
OBSCP, SM, 06-Oct-2026, 888.70, 884.05, 908.95, 880.00, 903.00, 904.80, 894.58, 23200, 207.54, 55, 13600, 58.62
OCCLLTD, BE, 06-Oct-2026, 197.79, 197.99, 207.67, 192.10, 207.67, 207.59, 203.98, 193602, 394.91, 1161, -, -
ODIGMA, EQ, 06-Oct-2026, 20.66, 21.17, 21.17, 20.51, 20.85, 20.91, 20.76, 8824, 1.83, 203, 7133, 80.84
ODYCORP, EQ, 06-Oct-2026, 6.85, 6.85, 6.99, 6.52, 6.87, 6.85, 6.76, 17446, 1.18, 85, 13889, 79.61
OFSS, EQ, 06-Oct-2026, 10470.00, 10485.00, 10550.00, 10382.00, 10482.00, 10482.00, 10463.93, 165190, 17285.37, 22859, 81467, 49.32
OIL, EQ, 06-Oct-2026, 446.50, 445.85, 449.95, 442.15, 447.85, 447.85, 446.66, 2084230, 9309.36, 26893, 1513370, 72.61
OILCOUNTUB, BE, 06-Oct-2026, 79.70, 81.29, 81.29, 81.29, 81.29, 81.29, 81.29, 61794, 50.23, 118, -, -
OILIETF, EQ, 06-Oct-2026, 10.68, 10.71, 10.89, 10.66, 10.89, 10.82, 10.78, 590598, 63.65, 1711, 300370, 50.86
OLAELEC, EQ, 06-Oct-2026, 36.68, 36.70, 37.00, 35.73, 36.00, 35.96, 36.17, 57079984, 20645.27, 122316, 20036729, 35.10
OLECTRA, EQ, 06-Oct-2026, 1078.40, 1090.00, 1105.00, 1076.40, 1105.00, 1102.90, 1095.66, 215703, 2363.38, 15647, 94255, 43.70
OLIL, SM, 06-Oct-2026, 443.65, 423.10, 455.00, 423.05, 448.00, 440.65, 442.57, 29600, 131.00, 32, 15600, 52.70
OMAXAUTO, EQ, 06-Oct-2026, 201.44, 201.00, 213.64, 201.00, 209.98, 209.29, 210.06, 122372, 257.05, 2711, 70464, 57.58
OMAXE, EQ, 06-Oct-2026, 107.43, 107.45, 109.20, 106.41, 107.99, 107.71, 108.15, 260401, 281.62, 3380, 114050, 43.80
OMFREIGHT, EQ, 06-Oct-2026, 100.95, 101.80, 108.00, 97.00, 105.05, 105.00, 104.06, 74988, 78.03, 920, 58262, 77.70
OMFURN, SM, 06-Oct-2026, 51.00, 51.00, 51.90, 49.25, 51.90, 51.90, 50.48, 9600, 4.85, 7, 8400, 87.50
OMINFRAL, EQ, 06-Oct-2026, 74.84, 74.05, 76.03, 72.71, 72.81, 73.33, 74.32, 103269, 76.75, 2314, 48963, 47.41
OMNI, EQ, 06-Oct-2026, 632.15, 640.00, 678.80, 638.45, 655.90, 656.95, 661.94, 1269642, 8404.26, 48005, 337114, 26.55
OMPOWER, EQ, 06-Oct-2026, 152.06, 154.00, 156.82, 150.50, 154.35, 153.50, 154.90, 57336, 88.81, 929, 28589, 49.86
ONDOOR, SM, 06-Oct-2026, 262.25, 267.00, 267.00, 267.00, 267.00, 267.00, 267.00, 2100, 5.61, 1, 2100, 100.00
ONEGLOBAL, EQ, 06-Oct-2026, 547.20, 559.90, 566.95, 537.05, 561.00, 564.00, 552.71, 23278, 128.66, 1028, 17050, 73.25
ONELIFECAP, BE, 06-Oct-2026, 43.52, 43.03, 45.25, 42.55, 45.24, 45.00, 43.83, 61571, 26.99, 228, -, -
ONEPOINT, EQ, 06-Oct-2026, 78.33, 78.90, 79.63, 77.30, 79.00, 78.65, 78.46, 1960862, 1538.53, 16163, 727915, 37.12
ONESOURCE, EQ, 06-Oct-2026, 1488.30, 1507.50, 1544.40, 1475.10, 1531.50, 1535.80, 1520.60, 147840, 2248.05, 15068, 85609, 57.91
ONGC, EQ, 06-Oct-2026, 224.90, 225.00, 225.37, 221.30, 224.20, 224.20, 222.60, 19173994, 42681.19, 121739, 12730471, 66.39
ONIDA, EQ, 06-Oct-2026, 31.06, 31.30, 31.78, 30.61, 31.00, 31.11, 31.37, 235196, 73.78, 1046, 142600, 60.63
ONIXSOLAR, EQ, 06-Oct-2026, 334.60, 342.00, 347.05, 335.00, 335.05, 338.20, 339.93, 254164, 863.97, 3081, 194049, 76.35
ONMOBILE, BE, 06-Oct-2026, 48.23, 48.65, 50.00, 47.50, 49.00, 49.12, 48.69, 35560, 17.32, 347, -, -
ONWARDTEC, EQ, 06-Oct-2026, 290.75, 291.90, 296.15, 287.05, 293.70, 294.60, 293.33, 29818, 87.47, 813, 20306, 68.10
ONYX, ST, 06-Oct-2026, 37.50, 36.55, 39.35, 36.15, 39.35, 39.35, 38.55, 22000, 8.48, 11, 20000, 90.91
OPTIEMUS, EQ, 06-Oct-2026, 786.20, 794.00, 924.90, 793.90, 886.25, 889.90, 881.19, 10818595, 95332.13, 303973, 1486319, 13.74
OPTIFIN, EQ, 06-Oct-2026, 14.66, 14.24, 14.96, 14.20, 14.66, 14.42, 14.54, 46134, 6.71, 269, 28204, 61.13
OPTIMYSTIX, SM, 06-Oct-2026, 133.00, 132.90, 135.00, 132.90, 133.00, 133.00, 133.53, 7200, 9.61, 8, 4800, 66.67
OPTIVALUE, ST, 06-Oct-2026, 224.70, 233.90, 235.90, 230.00, 235.90, 235.45, 234.42, 56000, 131.28, 30, 51200, 91.43
ORBTEXP, EQ, 06-Oct-2026, 240.40, 247.40, 257.05, 244.15, 244.50, 246.85, 249.21, 8679, 21.63, 247, 4291, 49.44
ORCHASP, EQ, 06-Oct-2026, 1.24, 1.25, 1.33, 1.24, 1.29, 1.29, 1.27, 179861, 2.29, 199, 165006, 91.74
ORCHPHARMA, EQ, 06-Oct-2026, 965.90, 967.35, 1015.10, 965.00, 1008.00, 1006.55, 1001.92, 65666, 657.92, 7358, 32695, 49.79
ORIANA, SM, 06-Oct-2026, 298.90, 299.00, 311.40, 298.05, 302.05, 303.30, 304.17, 189375, 576.02, 402, 115125, 60.79
ORICONENT, EQ, 06-Oct-2026, 52.44, 53.10, 53.10, 51.50, 52.50, 52.27, 52.30, 96670, 50.56, 1144, 79919, 82.67
ORIENTALTL, EQ, 06-Oct-2026, 4.83, 4.98, 4.99, 4.73, 4.88, 4.87, 4.90, 38279, 1.87, 181, 27163, 70.96
ORIENTBELL, EQ, 06-Oct-2026, 417.10, 422.40, 422.40, 410.85, 412.10, 413.55, 415.17, 16464, 68.35, 1219, 9443, 57.36
ORIENTCABL, EQ, 06-Oct-2026, 405.00, 380.00, 404.00, 364.50, 400.65, 396.40, 377.14, 22213407, 83776.31, 284341, 5217716, 23.49
ORIENTCEM, EQ, 06-Oct-2026, 116.16, 116.10, 117.90, 115.30, 115.30, 115.76, 116.53, 187615, 218.63, 2435, 116502, 62.10
ORIENTCER, EQ, 06-Oct-2026, 43.61, 44.35, 44.69, 42.50, 43.71, 44.14, 43.83, 49791, 21.82, 1812, 22612, 45.41
ORIENTELEC, EQ, 06-Oct-2026, 157.71, 156.75, 162.78, 156.50, 160.10, 160.70, 160.35, 144227, 231.27, 4306, 60580, 42.00
ORIENTHOT, EQ, 06-Oct-2026, 140.87, 142.05, 144.39, 140.89, 143.90, 143.61, 143.10, 869875, 1244.80, 6559, 493375, 56.72
ORIENTLTD, BE, 06-Oct-2026, 75.52, 78.26, 78.26, 76.00, 76.00, 76.00, 76.02, 375, 0.29, 5, -, -
ORIENTPPR, EQ, 06-Oct-2026, 16.17, 16.23, 16.38, 16.17, 16.25, 16.26, 16.27, 71350, 11.61, 262, 49272, 69.06
ORIENTTECH, EQ, 06-Oct-2026, 222.47, 222.53, 229.98, 222.53, 229.00, 226.35, 224.93, 140422, 315.84, 2607, 79895, 56.90
ORIRAIL, EQ, 06-Oct-2026, 122.39, 122.00, 123.88, 120.60, 122.49, 122.96, 122.45, 32173, 39.40, 791, 13800, 42.89
ORISSAMINE, EQ, 06-Oct-2026, 3522.20, 3588.10, 3649.70, 3552.10, 3616.60, 3609.00, 3602.80, 7282, 262.36, 1798, 2576, 35.37
ORKLAINDIA, EQ, 06-Oct-2026, 539.20, 537.00, 551.00, 535.50, 541.00, 545.00, 544.17, 54162, 294.73, 4830, 26337, 48.63
ORTINGLOBE, EQ, 06-Oct-2026, 13.82, 13.82, 14.51, 13.80, 14.51, 14.39, 14.17, 9315, 1.32, 55, 8642, 92.78
OSELDEVICE, SM, 06-Oct-2026, 365.80, 366.10, 378.75, 366.10, 373.10, 375.70, 373.39, 12000, 44.81, 45, 10400, 86.67
OSIAHYPER, BZ, 06-Oct-2026, 2.09, 2.00, 2.09, 1.99, 2.02, 2.00, 2.01, 387665, 7.80, 556, -, -
OSWALAGRO, EQ, 06-Oct-2026, 32.98, 33.78, 34.86, 32.00, 32.80, 32.85, 33.17, 73055, 24.24, 881, 57476, 78.67
OSWALGREEN, EQ, 06-Oct-2026, 19.14, 19.14, 19.75, 19.14, 19.33, 19.27, 19.37, 64470, 12.49, 1154, 28464, 44.15
OSWALPUMPS, EQ, 06-Oct-2026, 265.10, 264.90, 269.20, 263.55, 265.70, 264.80, 265.57, 275385, 731.35, 6301, 138175, 50.18
OSWALSEEDS, EQ, 06-Oct-2026, 12.18, 12.24, 12.39, 11.45, 12.30, 12.13, 12.10, 81699, 9.89, 331, 55358, 67.76
OWAIS, SM, 06-Oct-2026, 67.50, 67.80, 68.85, 66.15, 67.00, 67.00, 67.15, 4800, 3.22, 34, 4300, 89.58
PACEDIGITK, EQ, 06-Oct-2026, 164.04, 165.00, 171.00, 164.26, 166.00, 166.28, 166.82, 903214, 1506.75, 11431, 311046, 34.44
PACIFICI, EQ, 06-Oct-2026, 139.50, 139.00, 139.00, 138.99, 138.99, 138.99, 139.00, 48, 0.07, 3, 48, 100.00
PAGEIND, EQ, 06-Oct-2026, 37465.00, 37600.00, 38465.00, 37395.00, 37970.00, 37970.00, 37999.25, 31600, 12007.76, 13391, 10448, 33.06
PAISALO, EQ, 06-Oct-2026, 81.13, 82.00, 83.25, 81.19, 83.25, 83.10, 82.64, 9862392, 8149.98, 16289, 3748032, 38.00
PAKKA, EQ, 06-Oct-2026, 69.79, 70.48, 73.85, 68.66, 69.00, 69.13, 70.64, 695031, 490.94, 7264, 367110, 52.82
PALASHSECU, EQ, 06-Oct-2026, 87.94, 89.90, 89.90, 86.00, 86.80, 86.80, 86.61, 607, 0.53, 34, 345, 56.84
PALREDTEC, EQ, 06-Oct-2026, 43.67, 41.51, 43.00, 41.49, 41.49, 41.62, 42.05, 2463, 1.04, 87, 2320, 94.19
PANACEABIO, EQ, 06-Oct-2026, 350.25, 351.10, 364.75, 349.20, 362.00, 363.20, 360.75, 66783, 240.92, 2719, 30782, 46.09
PANACHE, BE, 06-Oct-2026, 541.95, 569.00, 569.00, 555.00, 569.00, 569.00, 568.66, 7672, 43.63, 93, -, -
PANAMAPET, EQ, 06-Oct-2026, 482.20, 487.90, 509.90, 480.60, 503.00, 504.10, 501.25, 627296, 3144.34, 19642, 277421, 44.22
PANCHMAHQ, EQ, 06-Oct-2026, 287.50, 287.50, 309.80, 287.50, 309.80, 296.40, 296.42, 25, 0.07, 3, 25, 100.00
PANORAMA, EQ, 06-Oct-2026, 63.50, 62.80, 69.00, 62.00, 62.80, 63.05, 66.18, 2527901, 1672.93, 10998, 996062, 39.40
PANSARI, EQ, 06-Oct-2026, 254.30, 274.00, 277.55, 260.00, 266.20, 265.70, 269.80, 1067, 2.88, 35, 310, 29.05
PAR, BE, 06-Oct-2026, 125.79, 122.00, 125.48, 122.00, 123.90, 122.74, 123.65, 9174, 11.34, 136, -, -
PARACABLES, EQ, 06-Oct-2026, 56.08, 56.11, 58.50, 56.11, 58.35, 58.22, 57.66, 966467, 557.29, 5873, 503353, 52.08
PARADEEP, EQ, 06-Oct-2026, 153.60, 153.60, 157.44, 153.11, 156.40, 156.76, 155.65, 1621070, 2523.26, 24029, 530225, 32.71
PARAGMILK, EQ, 06-Oct-2026, 281.00, 283.00, 311.00, 279.10, 308.60, 308.70, 303.07, 7377044, 22357.85, 99896, 2228196, 30.20
PARAGON, SM, 06-Oct-2026, 49.50, 50.00, 51.00, 49.00, 49.00, 49.20, 49.94, 9600, 4.79, 8, 7200, 75.00
PARAMATRIX, SM, 06-Oct-2026, 54.90, 56.00, 56.00, 55.00, 55.00, 55.00, 55.33, 3600, 1.99, 3, 3600, 100.00
PARAS, EQ, 06-Oct-2026, 1266.20, 1267.70, 1332.00, 1267.20, 1328.00, 1323.30, 1304.70, 661178, 8626.37, 41002, 198378, 30.00
PARASPETRO, EQ, 06-Oct-2026, 2.06, 2.06, 2.13, 1.96, 2.01, 2.02, 2.05, 195262, 4.00, 254, 130427, 66.80
PARIN, EQ, 06-Oct-2026, 701.50, 708.50, 708.50, 682.60, 704.00, 700.05, 696.25, 12525, 87.21, 422, 7515, 60.00
PARKHOSPS, EQ, 06-Oct-2026, 267.75, 270.45, 275.95, 265.50, 274.00, 274.85, 273.67, 708732, 1939.59, 9118, 497626, 70.21
PARKHOTELS, EQ, 06-Oct-2026, 103.83, 104.99, 105.79, 101.41, 103.10, 103.19, 103.23, 233718, 241.27, 2940, 119503, 51.13
PARNAXLAB, EQ, 06-Oct-2026, 113.23, 112.55, 115.50, 112.50, 115.50, 115.34, 113.73, 450, 0.51, 20, 450, 100.00
PARSVNATH, BE, 06-Oct-2026, 2.17, 2.21, 2.21, 2.21, 2.21, 2.21, 2.21, 12479, 0.28, 33, -, -
PARTH, SM, 06-Oct-2026, 504.05, 505.05, 523.95, 505.05, 515.00, 512.85, 514.74, 4400, 22.65, 10, 3200, 72.73
PARTY-RE, ST, 06-Oct-2026, 0.25, 0.25, 0.30, 0.25, 0.30, 0.30, 0.30, 392258, 1.17, 86, 392258, 100.00
PARTYCRUS, SM, 06-Oct-2026, 97.05, 95.00, 95.00, 95.00, 95.00, 95.00, 95.00, 2000, 1.90, 2, 2000, 100.00
PASHUPATI, EQ, 06-Oct-2026, 74.03, 74.70, 75.70, 69.00, 70.00, 69.91, 70.30, 1469656, 1033.11, 6795, 1167179, 79.42
PASUPTAC, EQ, 06-Oct-2026, 67.51, 67.05, 72.00, 67.05, 71.56, 70.89, 70.34, 251121, 176.63, 3905, 94997, 37.83
PATANJALI, EQ, 06-Oct-2026, 355.70, 355.70, 364.50, 350.50, 363.00, 363.00, 356.99, 6485464, 23152.25, 41305, 1977965, 30.50
PATELENG, EQ, 06-Oct-2026, 25.73, 25.83, 26.09, 25.81, 26.09, 25.93, 25.96, 1205652, 313.00, 20891, 663735, 55.05
PATELRMART, EQ, 06-Oct-2026, 222.90, 223.00, 230.00, 219.92, 226.89, 227.01, 224.54, 102505, 230.17, 2131, 45615, 44.50
PATILAUTOM, ST, 06-Oct-2026, 320.35, 325.00, 336.35, 320.00, 336.35, 336.35, 331.06, 34800, 115.21, 54, 34200, 98.28
PATINTLOG, EQ, 06-Oct-2026, 13.02, 13.15, 13.49, 13.01, 13.14, 13.15, 13.21, 30969, 4.09, 214, 22546, 72.80
PAUSHAKLTD, EQ, 06-Oct-2026, 657.45, 658.00, 728.80, 658.00, 708.25, 704.30, 700.01, 78776, 551.44, 6233, 27714, 35.18
PAVNAIND, EQ, 06-Oct-2026, 15.45, 15.70, 15.70, 15.25, 15.70, 15.65, 15.60, 22449, 3.50, 100, 17228, 76.74
PAYTM, EQ, 06-Oct-2026, 1684.00, 1698.00, 1705.50, 1672.10, 1694.00, 1694.00, 1687.88, 2061099, 34788.97, 58087, 882498, 42.82
PBMPOLY, EQ, 06-Oct-2026, 58.02, 57.50, 60.40, 55.97, 58.75, 58.75, 58.60, 583, 0.34, 19, 470, 80.62
PCBL, EQ, 06-Oct-2026, 320.35, 321.80, 328.50, 320.80, 328.50, 327.70, 325.70, 540498, 1760.40, 11910, 274507, 50.79
PCCL, SM, 06-Oct-2026, 415.90, 413.00, 415.00, 413.00, 415.00, 415.00, 414.33, 1200, 4.97, 3, 1200, 100.00
PCJEWELLER, EQ, 06-Oct-2026, 13.06, 13.14, 13.20, 12.85, 12.98, 12.93, 12.99, 133837112, 17387.51, 64087, 40529695, 30.28
PDMJEPAPER, EQ, 06-Oct-2026, 95.85, 96.90, 98.30, 95.35, 95.62, 96.16, 96.98, 182090, 176.59, 2942, 96407, 52.94
PDSL, EQ, 06-Oct-2026, 342.30, 342.00, 349.50, 341.90, 349.50, 347.40, 345.12, 33706, 116.33, 7174, 19853, 58.90
PEARLPOLY, EQ, 06-Oct-2026, 17.22, 17.20, 17.23, 17.08, 17.20, 17.20, 17.18, 1798, 0.31, 19, 1329, 73.92
PELATRO, SM, 06-Oct-2026, 363.45, 374.00, 383.00, 370.00, 383.00, 379.20, 375.49, 14100, 52.94, 29, 12000, 85.11
PENIND, EQ, 06-Oct-2026, 178.71, 178.20, 180.19, 176.61, 177.60, 177.85, 178.30, 273804, 488.20, 4750, 139350, 50.89
PENINLAND, EQ, 06-Oct-2026, 14.50, 14.31, 14.99, 14.31, 14.72, 14.66, 14.63, 120155, 17.58, 357, 83417, 69.42
PENTAGON, ST, 06-Oct-2026, 84.80, 84.70, 89.00, 84.70, 89.00, 89.00, 86.85, 2000, 1.74, 2, 1000, 50.00
PERMAGN, EQ, 06-Oct-2026, 859.00, 860.00, 862.45, 839.80, 856.00, 846.75, 850.51, 2938, 24.99, 316, 2393, 81.45
PERNIASPOP, EQ, 06-Oct-2026, 523.75, 522.80, 529.50, 513.00, 515.50, 518.60, 519.35, 121346, 630.22, 5367, 58269, 48.02
PERSISTENT, EQ, 06-Oct-2026, 5530.00, 5520.00, 5553.50, 5463.50, 5521.00, 5521.00, 5499.79, 266663, 14665.90, 27200, 114711, 43.02
PETRONET, EQ, 06-Oct-2026, 290.00, 291.70, 297.85, 291.00, 297.50, 297.50, 296.18, 5098731, 15101.52, 33212, 3215468, 63.06
PFC, EQ, 06-Oct-2026, 322.00, 322.30, 327.25, 322.30, 322.60, 322.60, 324.31, 7472995, 24236.01, 41250, 4622088, 61.85
PFIZER, EQ, 06-Oct-2026, 3842.20, 3860.00, 3868.20, 3826.70, 3861.90, 3852.20, 3848.86, 21026, 809.26, 4004, 14271, 67.87
PFOCUS, EQ, 06-Oct-2026, 285.65, 285.90, 297.10, 281.70, 293.00, 292.70, 289.58, 4125637, 11947.17, 37749, 444627, 10.78
PFS, EQ, 06-Oct-2026, 28.19, 28.73, 28.73, 27.19, 27.29, 27.29, 27.61, 607649, 167.75, 9362, 325528, 53.57
PGEL, EQ, 06-Oct-2026, 487.70, 487.70, 532.00, 483.50, 527.65, 527.65, 520.65, 5927905, 30863.67, 77821, 997390, 16.83
PGHH, EQ, 06-Oct-2026, 6768.00, 6780.50, 6900.00, 6745.00, 6866.00, 6865.00, 6819.24, 10760, 733.75, 3799, 5639, 52.41
PGHL, EQ, 06-Oct-2026, 5300.00, 5300.00, 5352.00, 5239.00, 5300.00, 5306.00, 5293.32, 18158, 961.16, 3042, 12140, 66.86
PGIL, EQ, 06-Oct-2026, 1266.50, 1264.50, 1284.90, 1242.00, 1265.00, 1266.70, 1257.22, 251443, 3161.18, 43844, 153541, 61.06
PGINVIT, IV, 06-Oct-2026, 102.10, 102.40, 102.40, 101.60, 102.40, 102.23, 101.96, 1061761, 1082.53, 5240, 815864, 76.84
PHANTOMFX, SM, 06-Oct-2026, 84.90, 84.90, 85.00, 81.25, 82.40, 82.10, 84.11, 15300, 12.87, 39, 14400, 94.12
PHARMABEES, EQ, 06-Oct-2026, 26.85, 26.85, 27.40, 26.67, 27.40, 27.30, 27.13, 3580723, 971.31, 10801, 2475105, 69.12
PHOENIXLTD, EQ, 06-Oct-2026, 1935.00, 1946.80, 1946.80, 1857.80, 1883.50, 1883.50, 1878.05, 617915, 11604.74, 42221, 278944, 45.14
PHOENXINTL, EQ, 06-Oct-2026, 28.15, 28.15, 29.00, 27.83, 28.01, 28.01, 28.03, 2562, 0.72, 31, 2461, 96.06
PHOGLOBAL, SM, 06-Oct-2026, 16.50, 14.70, 15.20, 14.65, 15.20, 15.20, 14.96, 14000, 2.10, 7, 10000, 71.43
PICCADIL, EQ, 06-Oct-2026, 588.45, 591.20, 598.75, 589.30, 596.70, 594.20, 594.70, 65957, 392.25, 5983, 30970, 46.95
PIDILITIND, EQ, 06-Oct-2026, 1487.70, 1485.90, 1524.60, 1472.80, 1520.50, 1520.50, 1506.28, 608466, 9165.17, 47474, 356295, 58.56
PIGL, EQ, 06-Oct-2026, 94.55, 95.40, 99.00, 94.00, 97.60, 98.42, 96.70, 66437, 64.25, 1284, 48314, 72.72
PIIND, EQ, 06-Oct-2026, 2220.00, 2220.00, 2252.20, 2200.00, 2250.00, 2250.00, 2227.17, 617515, 13753.10, 30698, 400668, 64.88
PILANIINVS, EQ, 06-Oct-2026, 3984.70, 4019.90, 4080.00, 4010.00, 4076.00, 4067.10, 4052.86, 1530, 62.01, 258, 1225, 80.07
PILITA, EQ, 06-Oct-2026, 7.39, 7.35, 7.51, 7.30, 7.35, 7.35, 7.37, 15116, 1.11, 126, 12144, 80.34
PINELABS, EQ, 06-Oct-2026, 167.16, 168.50, 173.25, 167.83, 173.00, 172.73, 171.86, 10927701, 18780.83, 78196, 3653778, 33.44
PIONEEREMB, EQ, 06-Oct-2026, 20.13, 20.03, 20.84, 20.03, 20.60, 20.60, 20.58, 2547, 0.52, 30, 2173, 85.32
PIONRINV, BE, 06-Oct-2026, 69.35, 66.00, 66.00, 65.89, 65.89, 65.89, 65.92, 1195, 0.79, 27, -, -
PIRAMALFIN, EQ, 06-Oct-2026, 2002.60, 1999.00, 2046.90, 1975.00, 2026.80, 2018.50, 2014.67, 171616, 3457.50, 34539, 88064, 51.31
PITTIENG, EQ, 06-Oct-2026, 1127.30, 1117.00, 1160.40, 1117.00, 1122.00, 1122.00, 1138.92, 63535, 723.62, 5389, 31902, 50.21
PIXTRANS, EQ, 06-Oct-2026, 1834.20, 1848.90, 1848.90, 1786.90, 1790.10, 1796.70, 1811.80, 20105, 364.26, 2455, 7543, 37.52
PKTEA, BE, 06-Oct-2026, 1033.00, 1032.00, 1033.00, 981.40, 986.90, 983.20, 990.65, 900, 8.92, 121, -, -
PLADAINFO, SM, 06-Oct-2026, 13.00, 12.35, 12.35, 12.35, 12.35, 12.35, 12.35, 12000, 1.48, 4, 6000, 50.00
PLASTIBLEN, EQ, 06-Oct-2026, 197.79, 202.45, 205.00, 200.00, 202.35, 202.40, 203.01, 54146, 109.92, 1269, 30166, 55.71
PLATIND, EQ, 06-Oct-2026, 203.83, 204.00, 207.00, 199.75, 204.78, 203.58, 203.89, 45409, 92.58, 1298, 19615, 43.20
PLAZACABLE, EQ, 06-Oct-2026, 55.32, 55.32, 58.08, 54.31, 58.08, 58.07, 56.76, 74179, 42.10, 1073, 45274, 61.03
PML, EQ, 06-Oct-2026, 486.95, 480.00, 484.45, 478.00, 478.00, 481.20, 480.43, 216, 1.04, 17, 216, 100.00
PNB, EQ, 06-Oct-2026, 112.35, 112.36, 113.00, 111.17, 111.92, 111.92, 111.93, 8421589, 9426.43, 40985, 4544861, 53.97
PNBGILTS, EQ, 06-Oct-2026, 71.72, 71.99, 73.00, 70.50, 71.70, 71.42, 71.64, 408404, 292.59, 3010, 213935, 52.38
PNBHOUSING, EQ, 06-Oct-2026, 1105.80, 1103.00, 1112.20, 1087.80, 1102.10, 1102.10, 1103.56, 514325, 5675.88, 23510, 275150, 53.50
PNC, EQ, 06-Oct-2026, 17.22, 17.22, 18.05, 17.02, 17.41, 17.41, 17.36, 2233, 0.39, 45, 1900, 85.09
PNCINFRA, EQ, 06-Oct-2026, 137.03, 137.03, 140.20, 136.00, 138.30, 138.74, 137.98, 583869, 805.62, 11799, 259150, 44.38
PNGJL, EQ, 06-Oct-2026, 573.30, 573.65, 590.45, 572.35, 588.00, 588.60, 585.51, 320402, 1875.99, 15434, 149743, 46.74
PNGSREVA, EQ, 06-Oct-2026, 535.30, 539.05, 560.70, 539.05, 550.00, 547.20, 548.44, 335113, 1837.89, 14168, 112080, 33.45
POCL, EQ, 06-Oct-2026, 439.55, 443.00, 449.35, 442.35, 447.00, 447.25, 446.90, 117171, 523.64, 7094, 55860, 47.67
PODDARMENT, EQ, 06-Oct-2026, 251.95, 252.90, 255.00, 250.20, 252.00, 253.30, 252.13, 1717, 4.33, 83, 1037, 60.40
POEL, EQ, 06-Oct-2026, 136.27, 139.94, 141.00, 132.15, 132.30, 133.71, 135.97, 35229, 47.90, 1426, 18883, 53.60
POKARNA, EQ, 06-Oct-2026, 699.20, 695.30, 714.95, 695.30, 710.00, 709.90, 704.05, 48093, 338.60, 2487, 24207, 50.33
POLICYBZR, EQ, 06-Oct-2026, 976.20, 984.00, 1042.20, 972.00, 1034.90, 1034.90, 1020.24, 8051949, 82149.42, 168428, 2094566, 26.01
POLYCAB, EQ, 06-Oct-2026, 8080.00, 8120.00, 8173.50, 8062.00, 8147.00, 8147.00, 8120.49, 301660, 24496.27, 32426, 204900, 67.92
POLYMED, EQ, 06-Oct-2026, 1619.60, 1613.00, 1639.90, 1611.20, 1628.10, 1633.80, 1629.17, 94082, 1532.76, 9284, 58284, 61.95
POLYPLEX, EQ, 06-Oct-2026, 1020.50, 1020.50, 1057.00, 999.00, 1026.00, 1034.30, 1027.87, 109925, 1129.89, 8110, 63886, 58.12
POLYSIL, SM, 06-Oct-2026, 55.85, 56.00, 56.50, 53.10, 53.10, 53.10, 53.78, 30000, 16.14, 35, 27000, 90.00
POLYSPIN, EQ, 06-Oct-2026, 28.87, 28.88, 30.00, 28.88, 28.95, 28.95, 28.94, 187, 0.05, 17, 187, 100.00
PONNIERODE, EQ, 06-Oct-2026, 368.40, 377.50, 391.25, 370.10, 373.80, 374.55, 377.25, 103001, 388.57, 3654, 47619, 46.23
POOJALOGIS, ST, 06-Oct-2026, 119.20, 115.75, 120.90, 115.75, 119.90, 119.90, 119.37, 43200, 51.57, 33, 43200, 100.00
POONAWALLA, EQ, 06-Oct-2026, 451.95, 451.95, 461.85, 447.95, 459.75, 460.45, 456.17, 732498, 3341.41, 26252, 335779, 45.84
POSITRON, SM, 06-Oct-2026, 217.15, 220.10, 226.50, 217.50, 223.80, 223.80, 222.58, 4200, 9.35, 14, 2700, 64.29
POWERGRID, EQ, 06-Oct-2026, 257.00, 257.00, 258.40, 256.00, 257.20, 257.20, 257.28, 4808578, 12371.74, 44652, 3008746, 62.57
POWERICA, EQ, 06-Oct-2026, 587.15, 588.00, 605.00, 585.00, 603.50, 601.70, 595.36, 128005, 762.09, 5672, 60286, 47.10
POWERINDIA, EQ, 06-Oct-2026, 31500.00, 31510.00, 31970.00, 31450.00, 31640.00, 31640.00, 31746.25, 73665, 23385.88, 20601, 39959, 54.24
POWERMECH, EQ, 06-Oct-2026, 2431.50, 2431.90, 2457.60, 2398.60, 2425.00, 2426.00, 2431.39, 22049, 536.10, 4136, 8483, 38.47
PPAP, BE, 06-Oct-2026, 228.56, 233.15, 239.98, 231.20, 239.98, 239.81, 235.87, 11232, 26.49, 118, -, -
PPL, EQ, 06-Oct-2026, 253.10, 256.80, 256.80, 247.10, 255.00, 252.65, 251.61, 32471, 81.70, 807, 22259, 68.55
PPLPHARMA, EQ, 06-Oct-2026, 194.89, 195.48, 201.20, 193.75, 200.21, 200.52, 197.83, 1719220, 3401.21, 29525, 635973, 36.99
PRABHA, EQ, 06-Oct-2026, 214.90, 221.00, 226.01, 215.67, 221.50, 221.33, 221.58, 82864, 183.61, 2268, 35499, 42.84
PRADPME, EQ, 06-Oct-2026, 470.65, 475.00, 556.95, 475.00, 545.00, 544.25, 531.01, 104979, 557.45, 2447, 55380, 52.75
PRAENG, EQ, 06-Oct-2026, 19.01, 19.79, 20.39, 17.25, 19.94, 19.70, 18.63, 532330, 99.19, 1479, 320077, 60.13
PRAJIND, EQ, 06-Oct-2026, 304.05, 305.75, 316.00, 305.75, 315.40, 315.05, 312.45, 751662, 2348.54, 20329, 232005, 30.87
PRAKASH, EQ, 06-Oct-2026, 119.72, 120.00, 120.90, 118.35, 119.15, 119.70, 119.73, 200357, 239.90, 4174, 106878, 53.34
PRAKASHSTL, EQ, 06-Oct-2026, 3.51, 3.52, 3.59, 3.50, 3.55, 3.53, 3.53, 51681, 1.82, 257, 37756, 73.06
PRAMARA, SM, 06-Oct-2026, 101.25, 106.00, 106.30, 102.00, 104.10, 104.45, 104.96, 10500, 11.02, 21, 6500, 61.90
PRAMODINI, SM, 06-Oct-2026, 113.50, 115.00, 117.20, 112.05, 116.70, 116.35, 114.83, 49200, 56.50, 39, 38400, 78.05
PRANAV, EQ, 06-Oct-2026, 93.21, 92.85, 93.88, 89.70, 90.98, 90.90, 91.63, 1336798, 1224.95, 13382, 440824, 32.98
PRANIK, SM, 06-Oct-2026, 44.05, 45.15, 45.15, 45.15, 45.15, 45.15, 45.15, 1600, 0.72, 1, 1600, 100.00
PRASOLCHEM, EQ, 06-Oct-2026, 789.05, 791.95, 846.90, 788.65, 822.80, 821.45, 827.27, 387141, 3202.70, 22397, 91323, 23.59
PRATHAM, SM, 06-Oct-2026, 124.00, 121.50, 124.00, 121.50, 122.50, 122.50, 123.70, 27600, 34.14, 20, 27600, 100.00
PRAVEG, EQ, 06-Oct-2026, 232.42, 234.96, 250.00, 234.08, 249.63, 247.81, 243.41, 36505, 88.86, 1356, 20675, 56.64
PRAXIS, EQ, 06-Oct-2026, 4.41, 4.57, 4.57, 4.33, 4.48, 4.45, 4.44, 33632, 1.49, 307, 23821, 70.83
PRECAM, EQ, 06-Oct-2026, 108.91, 110.20, 113.90, 109.50, 113.90, 113.27, 112.39, 111679, 125.52, 2847, 39484, 35.35
PRECISION, ST, 06-Oct-2026, 6.85, 6.65, 7.00, 6.65, 7.00, 7.00, 6.68, 26000, 1.74, 9, 26000, 100.00
PRECOT, EQ, 06-Oct-2026, 605.10, 653.00, 653.00, 585.00, 603.10, 604.50, 601.71, 4943, 29.74, 337, 3280, 66.36
PRECWIRE, EQ, 06-Oct-2026, 507.40, 509.50, 519.00, 506.25, 516.25, 515.15, 512.59, 371870, 1906.18, 22498, 130001, 34.96
PREMCO, EQ, 06-Oct-2026, 398.80, 399.00, 406.80, 391.20, 405.85, 405.90, 402.56, 425, 1.71, 46, 396, 93.18
PREMEXPLN, EQ, 06-Oct-2026, 685.05, 685.95, 687.35, 683.40, 685.05, 685.10, 685.04, 270918, 1855.91, 1975, 240766, 88.87
PREMIER, BE, 06-Oct-2026, 2.52, 2.54, 2.64, 2.48, 2.57, 2.63, 2.61, 5849, 0.15, 29, -, -
PREMIERENE, EQ, 06-Oct-2026, 891.95, 889.40, 911.85, 885.00, 907.00, 907.00, 900.84, 867775, 7817.30, 29159, 346754, 39.96
PREMIERPOL, EQ, 06-Oct-2026, 101.54, 102.01, 103.52, 94.83, 97.56, 97.23, 99.63, 803662, 800.69, 13673, 243488, 30.30
PREMIUM, SM, 06-Oct-2026, 46.20, 46.50, 46.50, 46.50, 46.50, 46.50, 46.50, 6000, 2.79, 2, 6000, 100.00
PRESSTONIC, ST, 06-Oct-2026, 44.05, 44.05, 45.20, 41.85, 42.00, 42.80, 43.03, 34400, 14.80, 42, 30400, 88.37
PRESTIGE, EQ, 06-Oct-2026, 1445.00, 1446.40, 1467.70, 1438.00, 1467.70, 1467.70, 1457.06, 610916, 8901.43, 22876, 428755, 70.18
PRICOLLTD, EQ, 06-Oct-2026, 704.45, 707.40, 714.50, 667.00, 677.10, 677.65, 679.80, 1812530, 12321.53, 78250, 858000, 47.34
PRIMECAB, ST, 06-Oct-2026, 203.95, 203.95, 203.95, 194.00, 201.60, 201.05, 197.93, 33600, 66.50, 21, 32000, 95.24
PRIMESECU, EQ, 06-Oct-2026, 298.80, 300.60, 303.80, 295.65, 296.25, 297.05, 299.65, 9985, 29.92, 591, 5266, 52.74
PRIMO, EQ, 06-Oct-2026, 26.08, 26.60, 27.30, 26.17, 27.00, 26.97, 26.80, 433840, 116.26, 1626, 242771, 55.96
PRINCEPIPE, EQ, 06-Oct-2026, 247.45, 248.40, 259.90, 248.40, 258.50, 258.20, 255.05, 117722, 300.25, 4976, 70138, 59.58
PRIORITY, EQ, 06-Oct-2026, 291.20, 291.50, 314.00, 291.30, 312.00, 311.85, 303.58, 704006, 2137.22, 14641, 331198, 47.04
PRISMX, EQ, 06-Oct-2026, 0.50, 0.49, 0.51, 0.49, 0.50, 0.49, 0.49, 336580, 1.66, 150, 289978, 86.15
PRITI, EQ, 06-Oct-2026, 32.04, 31.26, 33.49, 31.26, 31.90, 31.66, 31.81, 4142, 1.32, 100, 2059, 49.71
PRITIKA, SM, 06-Oct-2026, 62.70, 62.90, 62.90, 61.95, 62.90, 62.90, 62.69, 36000, 22.57, 6, 36000, 100.00
PRITIKAUTO, EQ, 06-Oct-2026, 16.02, 16.00, 16.50, 15.96, 16.50, 16.33, 16.19, 116226, 18.82, 598, 62377, 53.67
PRIVISCL, EQ, 06-Oct-2026, 3442.20, 3430.30, 3568.00, 3415.00, 3520.50, 3504.90, 3494.19, 218699, 7641.76, 27850, 113053, 51.69
PRIZOR, ST, 06-Oct-2026, 1253.70, 1316.35, 1316.35, 1316.35, 1316.35, 1316.35, 1316.35, 2800, 36.86, 7, 2800, 100.00
PRLIND, SM, 06-Oct-2026, 44.55, 44.10, 44.10, 42.30, 42.95, 42.95, 43.12, 28000, 12.07, 24, 23000, 82.14
PROFX, SM, 06-Oct-2026, 68.25, 67.05, 67.05, 67.05, 67.05, 67.05, 67.05, 1600, 1.07, 1, 1600, 100.00
PROLIFE, SM, 06-Oct-2026, 76.00, 79.80, 79.80, 79.80, 79.80, 79.80, 79.80, 500, 0.40, 1, 500, 100.00
PROPEQUITY, SM, 06-Oct-2026, 207.70, 195.00, 195.00, 195.00, 195.00, 195.00, 195.00, 1200, 2.34, 1, 1200, 100.00
PROPSHOP, SM, 06-Oct-2026, 70.50, 71.50, 71.50, 71.50, 71.50, 71.50, 71.50, 2000, 1.43, 1, 2000, 100.00
PROSTARM, EQ, 06-Oct-2026, 132.00, 132.88, 134.70, 131.53, 133.52, 132.91, 133.37, 145980, 194.69, 2640, 57437, 39.35
PROTEAN, EQ, 06-Oct-2026, 639.05, 642.10, 699.00, 631.60, 687.20, 689.25, 675.86, 1283331, 8673.55, 45052, 373094, 29.07
PROV, SM, 06-Oct-2026, 1940.00, 1980.00, 1989.95, 1960.00, 1960.00, 1960.00, 1972.50, 320, 6.31, 4, 240, 75.00
PROZONER, EQ, 06-Oct-2026, 50.54, 50.04, 53.50, 50.04, 52.40, 52.45, 52.33, 176214, 92.21, 2345, 91422, 51.88
PRSMJOHNSN, EQ, 06-Oct-2026, 102.06, 102.99, 104.00, 101.50, 103.11, 103.48, 102.70, 236606, 242.99, 6155, 94192, 39.81
PRUDENT, EQ, 06-Oct-2026, 3108.10, 3108.10, 3228.20, 3086.00, 3200.00, 3204.30, 3179.62, 13341, 424.19, 4217, 6500, 48.72
PRUDMOULI, EQ, 06-Oct-2026, 13.87, 13.99, 14.00, 13.55, 13.82, 13.81, 13.96, 13911, 1.94, 41, 13511, 97.12
PSB, EQ, 06-Oct-2026, 21.02, 21.09, 21.16, 20.95, 21.07, 21.05, 21.04, 543771, 114.43, 2300, 254253, 46.76
PSFL, SM, 06-Oct-2026, 36.50, 32.50, 32.50, 32.50, 32.50, 32.50, 32.50, 2000, 0.65, 1, 2000, 100.00
PSIFHLSRG, SF, 06-Oct-2026, 10.00, 11.00, 11.00, 11.00, 11.00, 11.00, 11.00, 1, 0.00, 1, 1, 100.00
PSPPROJECT, EQ, 06-Oct-2026, 764.55, 764.50, 770.80, 754.65, 755.50, 761.75, 762.25, 28286, 215.61, 2476, 15235, 53.86
PSRAJ, SM, 06-Oct-2026, 98.00, 98.00, 100.35, 98.00, 99.90, 99.75, 99.72, 125000, 124.65, 36, 112500, 90.00
PSUBANK, EQ, 06-Oct-2026, 80.31, 80.41, 80.70, 79.90, 80.70, 80.09, 80.11, 320783, 256.97, 470, 278144, 86.71
PSUBANKADD, EQ, 06-Oct-2026, 81.05, 81.20, 81.52, 79.33, 80.99, 80.60, 80.69, 65395, 52.77, 265, 38990, 59.62
PSUBNKBEES, EQ, 06-Oct-2026, 89.31, 89.01, 90.00, 88.91, 89.24, 89.11, 89.28, 793150, 708.13, 4372, 393781, 49.65
PSUBNKIETF, EQ, 06-Oct-2026, 80.95, 80.50, 81.99, 79.69, 81.50, 81.24, 81.27, 35723, 29.03, 495, 16520, 46.24
PTC, EQ, 06-Oct-2026, 157.52, 157.90, 158.70, 156.10, 157.27, 157.14, 157.14, 3439913, 5405.43, 28065, 2158672, 62.75
PTCIL, EQ, 06-Oct-2026, 22530.00, 22530.00, 23240.00, 22330.00, 23155.00, 23125.00, 22936.22, 20786, 4767.52, 7000, 8977, 43.19
PTL, EQ, 06-Oct-2026, 38.21, 38.54, 38.54, 38.10, 38.10, 38.23, 38.30, 49589, 18.99, 840, 42262, 85.22
PULZ, SM, 06-Oct-2026, 21.65, 20.65, 21.65, 20.60, 21.65, 21.50, 21.08, 8000, 1.69, 4, 6000, 75.00
PUNJABCHEM, EQ, 06-Oct-2026, 1036.90, 1047.60, 1047.90, 1028.10, 1039.00, 1039.00, 1039.36, 2928, 30.43, 421, 2033, 69.43
PURPLEUTED, SM, 06-Oct-2026, 472.25, 495.85, 495.85, 495.85, 495.85, 495.85, 495.85, 21750, 107.85, 49, 21750, 100.00
PURVA, EQ, 06-Oct-2026, 206.93, 206.91, 213.00, 206.00, 212.60, 210.75, 208.83, 95890, 200.25, 2631, 43974, 45.86
PUSHPA, SM, 06-Oct-2026, 120.00, 120.20, 130.00, 119.10, 119.40, 120.45, 120.55, 199000, 239.90, 125, 68000, 34.17
PVP, EQ, 06-Oct-2026, 47.95, 45.56, 50.34, 45.56, 50.34, 50.34, 47.71, 2588716, 1235.10, 8322, 1154892, 44.61
PVRINOX, EQ, 06-Oct-2026, 1231.40, 1241.50, 1261.20, 1226.10, 1251.00, 1249.40, 1245.04, 335983, 4183.11, 27684, 191803, 57.09
PVSL, EQ, 06-Oct-2026, 91.08, 93.96, 94.91, 91.00, 94.25, 94.57, 92.39, 15944, 14.73, 526, 9339, 58.57
PVTBANIETF, EQ, 06-Oct-2026, 27.07, 27.07, 27.50, 27.07, 27.45, 27.41, 27.44, 2172810, 596.19, 901, 1482535, 68.23
PVTBANK, EQ, 06-Oct-2026, 26.79, 26.93, 27.25, 26.93, 27.20, 27.14, 27.08, 11604, 3.14, 47, 8708, 75.04
PVTBANKADD, EQ, 06-Oct-2026, 27.11, 27.34, 27.63, 27.24, 27.63, 27.55, 27.43, 3771917, 1034.73, 150, 3687248, 97.76
PVTBKGROWW, EQ, 06-Oct-2026, 26.64, 26.74, 27.28, 26.60, 27.25, 27.06, 27.09, 7888, 2.14, 67, 4399, 55.77
PWL, EQ, 06-Oct-2026, 131.10, 131.00, 135.40, 126.61, 132.20, 131.86, 130.99, 21549039, 28228.00, 121390, 3706561, 17.20
PYRAMID, EQ, 06-Oct-2026, 157.88, 159.88, 161.00, 155.11, 158.50, 159.71, 159.43, 68129, 108.62, 403, 61990, 90.99
QGOLDHALF, EQ, 06-Oct-2026, 121.83, 121.79, 123.80, 120.82, 121.82, 121.86, 121.67, 336939, 409.95, 866, 203129, 60.29
QLINE, SM, 06-Oct-2026, 663.55, 668.00, 677.95, 652.10, 657.10, 658.15, 669.79, 40800, 273.28, 89, 31200, 76.47
QMSMEDI, BE, 06-Oct-2026, 185.89, 176.60, 195.18, 176.60, 194.50, 192.71, 185.46, 266762, 494.73, 521, -, -
QNIFTY, EQ, 06-Oct-2026, 248.85, 250.00, 251.20, 248.40, 250.80, 250.58, 250.35, 9127, 22.85, 166, 7254, 79.48
QPOWER, EQ, 06-Oct-2026, 1620.20, 1630.20, 1681.00, 1609.60, 1643.80, 1648.80, 1648.42, 334224, 5509.43, 16879, 192013, 57.45
QUADFUTURE, EQ, 06-Oct-2026, 529.25, 530.80, 551.05, 528.00, 545.00, 547.40, 543.81, 515075, 2801.02, 17782, 157097, 30.50
QUAL30IETF, EQ, 06-Oct-2026, 19.57, 19.96, 20.90, 19.65, 19.89, 19.83, 19.74, 183674, 36.26, 296, 108139, 58.88
QUALIANCE, SM, 06-Oct-2026, 174.60, 172.00, 175.55, 160.00, 165.00, 166.40, 170.19, 81000, 137.85, 74, 53000, 65.43
QUALITY30, EQ, 06-Oct-2026, 19.71, 19.71, 19.85, 18.98, 19.45, 19.40, 19.38, 34240, 6.64, 170, 23071, 67.38
QUESS, EQ, 06-Oct-2026, 341.85, 344.85, 344.85, 332.55, 334.70, 334.45, 335.38, 218679, 733.40, 16509, 106229, 48.58
QUESTLAB, SM, 06-Oct-2026, 96.00, 95.30, 96.00, 92.00, 92.60, 92.60, 94.35, 16800, 15.85, 14, 12000, 71.43
QUICKHEAL, EQ, 06-Oct-2026, 137.91, 138.00, 141.00, 138.00, 140.70, 140.42, 139.98, 61739, 86.42, 1473, 33838, 54.81
QUICKTOUCH, SM, 06-Oct-2026, 14.50, 14.00, 14.00, 14.00, 14.00, 14.00, 14.00, 2000, 0.28, 3, 2000, 100.00
QUINT, BE, 06-Oct-2026, 65.31, 62.05, 62.05, 62.05, 62.05, 62.05, 62.05, 3360, 2.08, 35, -, -
QUINTEGRA, EQ, 06-Oct-2026, 1.40, 1.47, 1.47, 1.47, 1.47, 1.47, 1.47, 11789, 0.17, 7, 11788, 99.99
QVCEL, SM, 06-Oct-2026, 25.15, 26.00, 26.00, 25.75, 25.75, 25.75, 25.85, 6400, 1.65, 4, 6400, 100.00
RACE, EQ, 06-Oct-2026, 108.95, 113.60, 113.60, 108.55, 108.95, 108.75, 109.38, 17139, 18.75, 409, 6156, 35.92
RACLGEAR, EQ, 06-Oct-2026, 1550.40, 1560.00, 1608.20, 1550.10, 1598.00, 1593.40, 1576.54, 20828, 328.36, 3598, 10232, 49.13
RADAAN, EQ, 06-Oct-2026, 2.99, 2.99, 3.15, 2.86, 2.95, 2.98, 3.05, 22851, 0.70, 70, 11817, 51.71
RADHIKAJWE, BE, 06-Oct-2026, 67.82, 67.10, 68.79, 65.55, 67.50, 67.39, 67.41, 109530, 73.84, 978, -, -
RADIANTCMS, EQ, 06-Oct-2026, 34.92, 34.51, 35.49, 34.42, 34.95, 34.82, 34.87, 86519, 30.17, 1177, 34036, 39.34
RADICO, EQ, 06-Oct-2026, 4289.10, 4300.00, 4509.00, 4294.00, 4460.10, 4460.10, 4439.43, 632144, 28063.59, 57216, 351822, 55.66
RADIOCITY, EQ, 06-Oct-2026, 5.90, 6.05, 6.05, 5.80, 6.02, 6.01, 5.89, 18611, 1.10, 115, 16331, 87.75
RADIOWALLA, ST, 06-Oct-2026, 28.05, 27.50, 28.60, 27.50, 28.60, 28.60, 28.42, 9600, 2.73, 6, 8000, 83.33
RAILTEL, EQ, 06-Oct-2026, 252.30, 253.10, 258.55, 252.55, 258.55, 257.65, 256.76, 511182, 1312.51, 14670, 144129, 28.20
RAIN, EQ, 06-Oct-2026, 208.02, 207.80, 216.00, 207.10, 213.50, 212.63, 213.45, 3477479, 7422.66, 21498, 1753827, 50.43
RAINBOW, EQ, 06-Oct-2026, 1269.30, 1269.20, 1273.90, 1235.60, 1242.00, 1239.70, 1246.58, 122566, 1527.88, 23042, 61161, 49.90
RAJESHEXPO, BZ, 06-Oct-2026, 62.35, 61.52, 63.47, 61.51, 62.35, 61.80, 61.78, 160375, 99.08, 1620, -, -
RAJINDLTD, SM, 06-Oct-2026, 64.50, 66.45, 66.45, 66.45, 66.45, 66.45, 66.45, 1500, 1.00, 1, 1500, 100.00
RAJMET, EQ, 06-Oct-2026, 3.06, 3.06, 3.19, 3.02, 3.09, 3.08, 3.09, 196261, 6.06, 557, 140787, 71.73
RAJOOENG, EQ, 06-Oct-2026, 54.97, 55.40, 57.50, 54.11, 57.29, 56.95, 55.95, 838914, 469.36, 3228, 509341, 60.71
RAJPALAYAM, EQ, 06-Oct-2026, 734.35, 755.00, 773.00, 735.00, 744.20, 743.95, 742.69, 295, 2.19, 30, 234, 79.32
RAJPUTANA, SM, 06-Oct-2026, 206.05, 213.90, 213.95, 205.00, 205.00, 205.25, 208.42, 4000, 8.34, 8, 3500, 87.50
RAJRATAN, EQ, 06-Oct-2026, 454.60, 455.00, 475.00, 452.95, 470.00, 467.30, 462.72, 96176, 445.02, 5459, 36309, 37.75
RAJRILTD, BE, 06-Oct-2026, 19.62, 19.98, 20.01, 19.71, 20.01, 20.01, 19.99, 6943, 1.39, 63, -, -
RAJSREESUG, EQ, 06-Oct-2026, 28.39, 29.25, 29.90, 28.85, 29.53, 29.58, 29.53, 67148, 19.83, 618, 37465, 55.79
RAJTV, BE, 06-Oct-2026, 10.64, 10.90, 10.90, 10.26, 10.73, 10.72, 10.54, 16428, 1.73, 47, -, -
RALLIS, EQ, 06-Oct-2026, 197.16, 198.00, 200.93, 197.00, 200.20, 200.30, 198.78, 352413, 700.53, 10696, 180306, 51.16
RAMANEWS, EQ, 06-Oct-2026, 29.36, 29.70, 29.75, 28.40, 28.84, 28.88, 29.00, 20075, 5.82, 205, 16566, 82.52
RAMAPHO, EQ, 06-Oct-2026, 119.07, 118.57, 123.34, 117.52, 118.00, 117.99, 118.74, 73107, 86.81, 828, 59844, 81.86
RAMASTEEL, BE, 06-Oct-2026, 4.39, 4.39, 4.39, 4.31, 4.31, 4.31, 4.35, 713156, 30.99, 1230, -, -
RAMBHAJO, EQ, 06-Oct-2026, 305.10, 309.95, 332.00, 307.85, 329.00, 330.35, 322.21, 880575, 2837.34, 22956, 252299, 28.65
RAMCOCEM, EQ, 06-Oct-2026, 837.10, 842.90, 849.70, 834.80, 848.00, 848.25, 841.07, 167222, 1406.45, 5867, 119892, 71.70
RAMCOIND, EQ, 06-Oct-2026, 298.50, 300.00, 302.20, 293.00, 298.70, 297.75, 297.22, 114309, 339.74, 4481, 67414, 58.98
RAMCOSYS, EQ, 06-Oct-2026, 555.30, 555.50, 565.75, 553.00, 565.00, 563.50, 558.88, 33400, 186.67, 2273, 16649, 49.85
RAMKY, EQ, 06-Oct-2026, 280.95, 282.00, 288.45, 281.60, 286.00, 286.65, 285.62, 28933, 82.64, 1409, 15946, 55.11
RAMRAT, EQ, 06-Oct-2026, 635.20, 640.95, 648.70, 634.45, 641.35, 641.20, 641.52, 264177, 1694.76, 15928, 94641, 35.82
RANASUG, EQ, 06-Oct-2026, 13.62, 13.90, 14.10, 13.75, 13.80, 13.81, 13.88, 443685, 61.58, 1153, 244092, 55.01
RANEHOLDIN, EQ, 06-Oct-2026, 1550.80, 1550.80, 1568.90, 1533.10, 1544.90, 1547.40, 1548.81, 4758, 73.69, 593, 3025, 63.58
RAPIDFLEET, SM, 06-Oct-2026, 196.00, 205.00, 205.65, 205.00, 205.65, 205.65, 205.29, 6600, 13.55, 11, 0, 0.00
RAPPID, SM, 06-Oct-2026, 327.35, 336.90, 338.00, 336.90, 338.00, 338.00, 337.27, 1800, 6.07, 3, 1800, 100.00
RATEGAIN, EQ, 06-Oct-2026, 849.45, 850.00, 858.00, 842.05, 850.50, 854.45, 850.26, 136700, 1162.31, 12588, 71236, 52.11
RATNAMANI, EQ, 06-Oct-2026, 2564.90, 2570.00, 2634.30, 2569.60, 2600.00, 2601.20, 2589.43, 19889, 515.01, 5148, 9808, 49.31
RATNAVEER, EQ, 06-Oct-2026, 339.35, 341.25, 343.95, 333.90, 335.30, 335.25, 337.17, 1400875, 4723.38, 18428, 474846, 33.90
RAYMOND, EQ, 06-Oct-2026, 1300.70, 1312.80, 1339.00, 1271.70, 1285.00, 1294.30, 1312.79, 1955260, 25668.42, 85731, 375840, 19.22
RAYMONDLSL, EQ, 06-Oct-2026, 628.85, 636.00, 658.80, 630.05, 652.00, 649.85, 650.56, 281558, 1831.71, 12229, 121551, 43.17
RAYMONDREL, EQ, 06-Oct-2026, 691.85, 698.00, 737.90, 681.05, 703.70, 707.80, 718.49, 2765917, 19872.84, 79228, 677025, 24.48
RBA, EQ, 06-Oct-2026, 93.99, 93.91, 95.68, 92.52, 95.39, 95.10, 94.47, 1607028, 1518.16, 14482, 800602, 49.82
RBLBANK, EQ, 06-Oct-2026, 416.55, 416.95, 418.00, 412.30, 414.50, 414.50, 414.34, 2559971, 10606.91, 28092, 1302870, 50.89
RBMINFRA, SM, 06-Oct-2026, 243.05, 245.45, 246.75, 235.85, 239.90, 239.50, 240.19, 11600, 27.86, 54, 9400, 81.03
RBS, SM, 06-Oct-2026, 80.00, 80.00, 80.00, 80.00, 80.00, 80.00, 80.00, 800, 0.64, 1, 800, 100.00
RBZJEWEL, BE, 06-Oct-2026, 187.03, 185.70, 196.37, 180.10, 196.37, 196.15, 191.31, 109729, 209.92, 852, -, -
RCDL, SM, 06-Oct-2026, 16.15, 15.35, 15.35, 15.35, 15.35, 15.35, 15.35, 9000, 1.38, 3, 9000, 100.00
RCF, EQ, 06-Oct-2026, 106.69, 107.40, 109.39, 107.00, 109.00, 108.94, 108.04, 911292, 984.59, 7797, 356620, 39.13
RCOM, BE, 06-Oct-2026, 0.85, 0.86, 0.87, 0.85, 0.86, 0.86, 0.86, 3334578, 28.56, 1693, -, -
READYMIX, SM, 06-Oct-2026, 54.70, 55.00, 55.00, 54.00, 54.75, 54.35, 54.65, 7000, 3.83, 7, 4000, 57.14
RECLTD, EQ, 06-Oct-2026, 295.65, 295.55, 300.95, 294.85, 300.00, 300.00, 298.87, 5488691, 16403.79, 41133, 3189218, 58.11
REDINGTON, EQ, 06-Oct-2026, 412.75, 414.00, 417.40, 404.00, 406.25, 405.70, 408.13, 2037976, 8317.68, 35963, 1076534, 52.82
REDTAPE, EQ, 06-Oct-2026, 113.85, 114.05, 115.49, 114.05, 114.85, 114.80, 114.70, 148953, 170.85, 3012, 73658, 49.45
REFEX, EQ, 06-Oct-2026, 271.30, 270.85, 271.85, 263.10, 265.50, 265.15, 266.18, 301675, 803.00, 6501, 166235, 55.10
REGAAL, EQ, 06-Oct-2026, 85.78, 86.00, 88.00, 85.00, 85.02, 85.94, 86.28, 183472, 158.29, 2979, 99395, 54.17
REGENCERAM, EQ, 06-Oct-2026, 32.53, 32.20, 33.80, 30.15, 33.40, 33.28, 33.05, 23966, 7.92, 235, 15980, 66.68
RELAXO, EQ, 06-Oct-2026, 281.95, 282.20, 291.45, 282.20, 290.05, 290.50, 288.46, 92182, 265.91, 5055, 35199, 38.18
RELCHEMQ, EQ, 06-Oct-2026, 113.27, 113.27, 116.00, 113.27, 113.27, 113.40, 113.80, 2301, 2.62, 105, 1536, 66.75
RELIABLE, EQ, 06-Oct-2026, 142.39, 144.00, 144.00, 137.25, 140.70, 139.30, 139.66, 8421, 11.76, 337, 6079, 72.19
RELIANCE, EQ, 06-Oct-2026, 1186.40, 1188.10, 1219.10, 1188.10, 1218.00, 1218.00, 1211.57, 18003127, 218120.46, 371754, 9851929, 54.72
RELIGARE, EQ, 06-Oct-2026, 223.44, 224.90, 228.97, 223.51, 227.70, 227.75, 225.83, 659520, 1489.40, 12009, 396411, 60.11
RELINFRA, BE, 06-Oct-2026, 48.80, 51.24, 51.24, 51.24, 51.24, 51.24, 51.24, 79210, 40.59, 519, -, -
RELTD, EQ, 06-Oct-2026, 144.18, 143.51, 148.50, 143.23, 146.99, 147.25, 146.67, 66967, 98.22, 1699, 26986, 40.30
REMSONSIND, EQ, 06-Oct-2026, 109.71, 110.00, 110.90, 102.72, 108.20, 108.67, 107.07, 520894, 557.74, 5694, 237820, 45.66
REMUS, SM, 06-Oct-2026, 867.75, 861.30, 889.90, 837.00, 842.10, 844.45, 858.01, 7700, 66.07, 58, 6300, 81.82
RENTOMOJO, EQ, 06-Oct-2026, 510.95, 521.40, 564.00, 517.10, 552.95, 545.20, 544.45, 9174958, 49952.77, 239323, 1647938, 17.96
RENUKA, EQ, 06-Oct-2026, 21.76, 22.38, 22.84, 22.18, 22.75, 22.65, 22.56, 18626993, 4202.76, 28713, 4031125, 21.64
REPCOHOME, EQ, 06-Oct-2026, 329.25, 331.00, 337.45, 325.65, 325.75, 326.45, 328.21, 65214, 214.04, 3616, 40314, 61.82
REPL, EQ, 06-Oct-2026, 56.24, 58.95, 58.95, 55.00, 56.51, 56.83, 56.31, 1257, 0.71, 78, 1037, 82.50
REPRO, EQ, 06-Oct-2026, 294.25, 290.45, 310.95, 290.45, 294.05, 296.35, 300.47, 18005, 54.10, 1096, 9066, 50.35
RESPONIND, EQ, 06-Oct-2026, 158.17, 158.20, 163.00, 154.65, 156.50, 156.31, 157.01, 1662406, 2610.21, 8334, 414919, 24.96
RETAIL, BE, 06-Oct-2026, 33.19, 31.54, 31.54, 31.54, 31.54, 31.54, 31.54, 2926, 0.92, 19, -, -
REXPRO, SM, 06-Oct-2026, 35.00, 35.00, 35.00, 33.55, 33.60, 33.60, 34.06, 6000, 2.04, 6, 5000, 83.33
RFBL, ST, 06-Oct-2026, 112.40, 113.00, 113.00, 106.80, 106.80, 106.80, 108.76, 42000, 45.68, 8, 42000, 100.00
RGL, EQ, 06-Oct-2026, 161.52, 161.10, 167.49, 158.01, 164.00, 163.62, 162.74, 465586, 757.72, 7907, 197825, 42.49
RHETAN, EQ, 06-Oct-2026, 15.81, 15.02, 16.60, 15.02, 16.60, 16.59, 16.18, 31432821, 5085.84, 54562, 9272627, 29.50
RHFL, BZ, 06-Oct-2026, 1.56, 1.55, 1.58, 1.53, 1.57, 1.56, 1.56, 316617, 4.94, 625, -, -
RHIM, EQ, 06-Oct-2026, 372.75, 373.60, 376.80, 370.40, 373.55, 373.40, 374.17, 181452, 678.93, 8832, 80570, 44.40
RHL, EQ, 06-Oct-2026, 164.80, 169.50, 169.50, 161.51, 162.75, 165.25, 164.71, 1708, 2.81, 23, 1649, 96.55
RICHA, SM, 06-Oct-2026, 80.50, 82.00, 84.50, 82.00, 84.50, 83.25, 83.25, 2000, 1.67, 2, 2000, 100.00
RICOAUTO, EQ, 06-Oct-2026, 120.52, 120.35, 122.50, 120.00, 121.70, 121.83, 121.40, 677941, 823.05, 6799, 310878, 45.86
RIIL, EQ, 06-Oct-2026, 664.10, 664.10, 684.00, 661.50, 679.20, 681.70, 676.28, 55354, 374.35, 2743, 18311, 33.08
RIIT, IV, 06-Oct-2026, 120.39, 121.96, 121.96, 120.00, 120.70, 120.69, 120.78, 103570, 125.09, 6291, 84259, 81.35
RILINFRA, SM, 06-Oct-2026, 33.15, 32.95, 33.15, 31.70, 32.50, 32.50, 32.57, 6700, 2.18, 39, 5100, 76.12
RIR, EQ, 06-Oct-2026, 174.61, 176.19, 184.90, 175.77, 184.00, 183.49, 180.26, 632621, 1140.38, 11398, 214671, 33.93
RISHABH, EQ, 06-Oct-2026, 686.20, 686.20, 709.25, 685.60, 690.70, 688.40, 694.68, 178044, 1236.84, 8052, 55357, 31.09
RITCO, EQ, 06-Oct-2026, 284.35, 286.95, 291.10, 284.25, 287.15, 285.55, 286.27, 107885, 308.84, 1634, 84180, 78.03
RITES, EQ, 06-Oct-2026, 205.74, 204.52, 206.86, 202.41, 203.65, 203.51, 204.63, 616591, 1261.75, 12169, 189552, 30.74
RITEZONE, SM, 06-Oct-2026, 17.00, 17.00, 17.45, 16.15, 17.45, 17.45, 16.59, 8000, 1.33, 5, 6400, 80.00
RKDL, EQ, 06-Oct-2026, 17.05, 17.79, 17.79, 17.15, 17.47, 17.27, 17.34, 9673, 1.68, 88, 9564, 98.87
RKEC, BE, 06-Oct-2026, 20.85, 20.85, 21.69, 19.81, 21.49, 21.42, 20.30, 34187, 6.94, 138, -, -
RKFORGE, EQ, 06-Oct-2026, 700.45, 700.10, 736.45, 696.10, 730.20, 732.65, 726.36, 992145, 7206.54, 30995, 478195, 48.20
RKSWAMY, EQ, 06-Oct-2026, 86.07, 89.48, 89.48, 86.45, 88.00, 87.87, 88.00, 7595, 6.68, 204, 5399, 71.09
RMC, EQ, 06-Oct-2026, 194.15, 194.91, 202.85, 193.00, 199.00, 196.05, 196.53, 146046, 287.02, 2189, 111375, 76.26
RMDRIP, BE, 06-Oct-2026, 23.36, 23.36, 23.85, 22.61, 23.23, 23.55, 23.32, 238838, 55.70, 399, -, -
RML, EQ, 06-Oct-2026, 1372.20, 1382.50, 1437.30, 1372.00, 1385.00, 1394.40, 1405.17, 99854, 1403.12, 10717, 34574, 34.62
RNBDENIMS, BE, 06-Oct-2026, 8.97, 8.99, 9.13, 8.81, 8.98, 8.98, 8.94, 59430, 5.31, 223, -, -
RNFI, SM, 06-Oct-2026, 313.35, 314.00, 334.20, 312.00, 331.50, 331.00, 326.10, 37800, 123.26, 55, 29400, 77.78
RNPL, SM, 06-Oct-2026, 72.35, 75.95, 75.95, 75.95, 75.95, 75.95, 75.95, 8400, 6.38, 7, 8400, 100.00
ROHLTD, EQ, 06-Oct-2026, 295.10, 296.00, 303.25, 296.00, 300.70, 300.75, 300.50, 8836, 26.55, 380, 7305, 82.67
ROLEXRINGS, EQ, 06-Oct-2026, 189.77, 190.90, 191.56, 185.60, 187.98, 188.18, 188.01, 2424946, 4559.08, 32965, 1312472, 54.12
ROLLT, BE, 06-Oct-2026, 4.97, 5.21, 5.21, 5.10, 5.21, 5.21, 5.20, 409730, 21.30, 236, -, -
ROML, EQ, 06-Oct-2026, 43.00, 43.00, 43.30, 42.65, 43.00, 42.99, 42.89, 1781, 0.76, 26, 1420, 79.73
ROSSARI, EQ, 06-Oct-2026, 430.90, 427.15, 435.00, 424.80, 427.00, 427.45, 429.63, 184174, 791.27, 6412, 150470, 81.70
ROSSELLIND, EQ, 06-Oct-2026, 50.10, 50.10, 51.30, 49.83, 51.00, 50.68, 51.01, 20826, 10.62, 244, 18549, 89.07
ROSSTECH, EQ, 06-Oct-2026, 1607.20, 1624.90, 1699.00, 1586.40, 1615.00, 1612.10, 1648.51, 506905, 8356.39, 46791, 161034, 31.77
ROTO, EQ, 06-Oct-2026, 62.26, 62.85, 63.36, 61.74, 62.21, 62.24, 62.27, 524832, 326.79, 4037, 181694, 34.62
ROUTE, EQ, 06-Oct-2026, 431.10, 435.00, 437.30, 429.40, 431.50, 430.80, 431.88, 137980, 595.91, 5642, 74525, 54.01
ROXHITECH, SM, 06-Oct-2026, 62.45, 64.45, 71.80, 64.00, 70.90, 70.55, 69.67, 513600, 357.82, 283, 310400, 60.44
RPEL, EQ, 06-Oct-2026, 1825.30, 1851.20, 1860.00, 1799.00, 1845.00, 1835.60, 1828.72, 51137, 935.15, 7827, 22826, 44.64
RPGLIFE, EQ, 06-Oct-2026, 2896.40, 2905.00, 2987.90, 2899.60, 2917.00, 2933.20, 2940.99, 14225, 418.36, 2347, 6526, 45.88
RPOWER, EQ, 06-Oct-2026, 20.09, 20.07, 21.05, 20.00, 20.58, 20.49, 20.65, 48663848, 10050.36, 70154, 11603885, 23.84
RPPINFRA, EQ, 06-Oct-2026, 50.82, 50.10, 52.57, 50.10, 51.11, 51.53, 51.75, 33688, 17.43, 630, 19789, 58.74
RPPL, BE, 06-Oct-2026, 18.72, 18.98, 19.60, 18.50, 19.39, 19.03, 19.27, 33977, 6.55, 95, -, -
RPSGVENT, EQ, 06-Oct-2026, 833.90, 839.95, 842.00, 828.00, 842.00, 833.10, 834.10, 13774, 114.89, 981, 8297, 60.24
RPTECH, EQ, 06-Oct-2026, 943.45, 945.00, 961.20, 941.10, 958.00, 958.25, 952.93, 188962, 1800.67, 15622, 95626, 50.61
RRECL, EQ, 06-Oct-2026, 134.62, 134.62, 135.00, 124.21, 130.00, 125.17, 134.09, 279, 0.37, 16, 272, 97.49
RRIL, EQ, 06-Oct-2026, 15.21, 15.35, 16.44, 15.25, 16.44, 16.18, 15.68, 21385, 3.35, 174, 17599, 82.30
RRKABEL, EQ, 06-Oct-2026, 2648.00, 2667.00, 2806.80, 2645.00, 2770.00, 2789.70, 2745.25, 917457, 25186.52, 72488, 309894, 33.78
RSDFIN, BE, 06-Oct-2026, 94.00, 93.53, 94.00, 92.00, 92.00, 92.00, 93.82, 60, 0.06, 6, -, -
RSL, EQ, 06-Oct-2026, 175.57, 175.57, 184.90, 173.68, 176.00, 176.06, 177.87, 2532342, 4504.34, 15888, 1392184, 54.98
RSSOFTWARE, EQ, 06-Oct-2026, 29.79, 30.99, 30.99, 29.50, 30.50, 30.44, 30.36, 8348, 2.53, 84, 6575, 78.76
RSWM, EQ, 06-Oct-2026, 203.03, 203.30, 209.00, 202.81, 209.00, 207.03, 205.52, 24341, 50.03, 492, 14391, 59.12
RSYSTEMS, EQ, 06-Oct-2026, 249.90, 247.50, 251.55, 244.50, 247.00, 246.30, 246.50, 760943, 1875.69, 13392, 198558, 26.09
RTL, SM, 06-Oct-2026, 73.00, 75.85, 77.50, 75.85, 77.00, 76.90, 76.72, 14000, 10.74, 7, 12000, 85.71
RTNINDIA, EQ, 06-Oct-2026, 25.46, 25.63, 26.24, 25.50, 26.07, 26.13, 25.94, 976831, 253.36, 4977, 410715, 42.05
RTNPOWER, EQ, 06-Oct-2026, 6.73, 6.71, 6.83, 6.71, 6.77, 6.75, 6.78, 6922772, 469.11, 8789, 3155113, 45.58
RTSPOWR, BE, 06-Oct-2026, 108.40, 103.00, 112.33, 103.00, 103.65, 103.78, 103.99, 4526, 4.71, 97, -, -
RUBFILA, EQ, 06-Oct-2026, 63.18, 62.62, 64.40, 62.62, 63.50, 63.59, 63.84, 28374, 18.11, 520, 9512, 33.52
RUBICON, EQ, 06-Oct-2026, 1608.50, 1608.50, 1612.00, 1583.50, 1592.10, 1596.80, 1598.46, 72117, 1152.76, 7457, 33609, 46.60
RUBYMILLS, EQ, 06-Oct-2026, 494.20, 490.00, 519.00, 487.85, 518.00, 512.80, 501.94, 22847, 114.68, 1050, 14997, 65.64
RUCHINFRA, EQ, 06-Oct-2026, 4.85, 5.04, 5.04, 4.85, 5.01, 4.98, 4.97, 20684, 1.03, 132, 15361, 74.27
RUCHIRA, EQ, 06-Oct-2026, 103.39, 103.39, 104.47, 102.01, 102.85, 102.78, 103.24, 9363, 9.67, 291, 5526, 59.02
RUDRA, EQ, 06-Oct-2026, 18.00, 18.18, 18.39, 17.67, 17.80, 17.81, 17.81, 7681, 1.37, 98, 5447, 70.92
RULKA, SM, 06-Oct-2026, 108.00, 108.00, 108.00, 103.20, 105.00, 105.00, 105.33, 11400, 12.01, 29, 8700, 76.32
RUNWALENTR, EQ, 06-Oct-2026, 301.45, 296.00, 299.75, 286.55, 290.00, 290.60, 293.68, 1321433, 3880.77, 17908, 708021, 53.58
RUPA, EQ, 06-Oct-2026, 128.40, 128.00, 130.59, 128.00, 129.00, 128.99, 129.49, 118983, 154.07, 2890, 72769, 61.16
RUSHIL, EQ, 06-Oct-2026, 15.46, 15.90, 15.90, 15.41, 15.51, 15.54, 15.59, 108221, 16.87, 385, 60952, 56.32
RUSTOMJEE, EQ, 06-Oct-2026, 368.50, 368.00, 370.00, 362.85, 370.00, 368.55, 366.98, 11367, 41.71, 577, 7577, 66.66
RVHL, EQ, 06-Oct-2026, 37.46, 37.14, 38.50, 37.00, 37.25, 37.26, 37.51, 6990, 2.62, 177, 5774, 82.60
RVNL, EQ, 06-Oct-2026, 196.95, 197.00, 201.20, 196.64, 198.78, 198.78, 199.31, 3145856, 6270.13, 28295, 914907, 29.08
RVTH, EQ, 06-Oct-2026, 726.45, 723.00, 760.00, 701.00, 738.05, 756.20, 726.64, 1590, 11.55, 240, 699, 43.96
S&SPOWER, EQ, 06-Oct-2026, 294.55, 295.00, 299.85, 281.50, 291.50, 286.00, 285.63, 4306, 12.30, 125, 3759, 87.30
SAAKSHI, ST, 06-Oct-2026, 358.60, 361.00, 364.00, 361.00, 364.00, 364.00, 361.67, 5400, 19.53, 7, 5400, 100.00
SAATVIKGL, EQ, 06-Oct-2026, 400.85, 406.70, 406.70, 398.20, 401.00, 402.50, 401.32, 57401, 230.36, 2153, 29158, 50.80
SAB, EQ, 06-Oct-2026, 170.00, 170.00, 170.00, 170.00, 170.00, 170.00, 170.00, 10, 0.02, 1, 10, 100.00
SACHEEROME, SM, 06-Oct-2026, 500.05, 502.25, 515.00, 502.25, 505.35, 511.85, 508.68, 11700, 59.52, 36, 9300, 79.49
SADBHAV, EQ, 06-Oct-2026, 6.86, 6.75, 6.94, 6.75, 6.89, 6.85, 6.85, 118920, 8.15, 405, 98164, 82.55
SADBHIN, EQ, 06-Oct-2026, 2.61, 2.62, 2.62, 2.56, 2.58, 2.56, 2.58, 45546, 1.17, 146, 33703, 74.00
SADHAV, SM, 06-Oct-2026, 115.50, 114.35, 115.50, 114.00, 114.05, 114.50, 114.40, 7800, 8.92, 13, 6600, 84.62
SADHNANIQ, BE, 06-Oct-2026, 2.59, 2.61, 2.71, 2.60, 2.71, 2.68, 2.70, 1975998, 53.28, 749, -, -
SAFARI, EQ, 06-Oct-2026, 1308.60, 1308.60, 1344.60, 1299.20, 1312.60, 1318.00, 1322.59, 41056, 543.00, 6117, 16692, 40.66
SAFEENTP, SM, 06-Oct-2026, 254.40, 253.00, 255.50, 246.25, 250.70, 250.05, 250.60, 29000, 72.68, 55, 17500, 60.34
SAGARDEEP, EQ, 06-Oct-2026, 22.10, 24.00, 24.00, 22.00, 23.14, 23.14, 22.53, 4214, 0.95, 99, 2028, 48.13
SAGCEM, EQ, 06-Oct-2026, 148.68, 148.68, 149.70, 145.81, 147.00, 146.60, 146.93, 38480, 56.54, 1112, 30860, 80.20
SAGILITY, EQ, 06-Oct-2026, 42.57, 42.79, 43.88, 42.51, 43.88, 43.88, 43.17, 8239659, 3556.76, 20216, 4222907, 51.25
SAHAJSOLAR, SM, 06-Oct-2026, 87.60, 89.50, 92.00, 89.00, 90.00, 91.15, 91.04, 26000, 23.67, 57, 18000, 69.23
SAHANA, SM, 06-Oct-2026, 889.60, 900.00, 930.00, 900.00, 926.50, 926.60, 918.96, 58800, 540.35, 267, 38100, 64.80
SAHASRA, SM, 06-Oct-2026, 500.90, 509.00, 521.80, 475.90, 475.90, 475.90, 486.42, 127600, 620.68, 307, 63600, 49.84
SAHLIBHFI, EQ, 06-Oct-2026, 76.70, 77.90, 77.92, 75.05, 77.47, 76.71, 76.76, 2882, 2.21, 136, 1989, 69.01
SAHYADRI, EQ, 06-Oct-2026, 361.40, 363.95, 367.90, 350.00, 353.15, 354.05, 358.00, 8223, 29.44, 508, 4699, 57.14
SAICAPI, EQ, 06-Oct-2026, 155.00, 155.00, 155.00, 145.00, 155.00, 150.16, 147.18, 462, 0.68, 31, 318, 68.83
SAIFL, SM, 06-Oct-2026, 4.20, 4.30, 4.35, 4.20, 4.30, 4.30, 4.28, 56000, 2.40, 11, 32000, 57.14
SAIL, EQ, 06-Oct-2026, 176.95, 177.30, 180.45, 174.80, 178.10, 178.10, 178.01, 19432905, 34592.46, 68780, 7355545, 37.85
SAILIFE, EQ, 06-Oct-2026, 1511.30, 1520.00, 1569.00, 1495.00, 1569.00, 1558.10, 1536.39, 277814, 4268.30, 27877, 148477, 53.44
SAIPARENT, EQ, 06-Oct-2026, 498.70, 502.90, 535.00, 499.20, 523.75, 522.90, 519.56, 352499, 1831.44, 11257, 181357, 51.45
SAJHOTELS, ST, 06-Oct-2026, 29.00, 30.35, 30.35, 27.55, 29.35, 29.35, 28.30, 28000, 7.93, 9, 26000, 92.86
SAKAR, EQ, 06-Oct-2026, 1006.80, 1013.00, 1068.00, 1013.00, 1068.00, 1048.50, 1035.15, 68620, 710.32, 4648, 41316, 60.21
SAKHTISUG, EQ, 06-Oct-2026, 17.80, 18.07, 19.35, 18.06, 18.81, 18.88, 18.88, 290628, 54.87, 1767, 128169, 44.10
SAKSOFT, EQ, 06-Oct-2026, 140.72, 140.40, 144.00, 140.31, 142.44, 142.74, 141.87, 112706, 159.90, 2528, 50092, 44.44
SAKUMA, EQ, 06-Oct-2026, 1.54, 1.57, 1.57, 1.49, 1.53, 1.51, 1.52, 1647490, 25.11, 947, 1214759, 73.73
SALASAR, EQ, 06-Oct-2026, 4.04, 4.07, 4.34, 4.04, 4.17, 4.22, 4.21, 5485232, 230.80, 4787, 2706170, 49.34
SALONA, EQ, 06-Oct-2026, 268.25, 272.95, 275.00, 268.00, 275.00, 274.20, 273.04, 757, 2.07, 60, 578, 76.35
SALSTEEL, EQ, 06-Oct-2026, 93.98, 92.00, 93.00, 89.29, 89.30, 89.60, 90.02, 746781, 672.27, 2559, 274922, 36.81
SALZERELEC, EQ, 06-Oct-2026, 525.05, 523.00, 531.40, 521.20, 522.00, 524.95, 525.45, 35112, 184.50, 1831, 20473, 58.31
SAMBHAAV, EQ, 06-Oct-2026, 5.30, 5.41, 5.41, 5.06, 5.26, 5.25, 5.21, 27220, 1.42, 161, 23545, 86.50
SAMBHV, EQ, 06-Oct-2026, 164.66, 166.00, 167.00, 161.36, 162.00, 162.19, 163.54, 1575550, 2576.61, 17578, 672002, 42.65
SAMHI, EQ, 06-Oct-2026, 150.41, 148.60, 151.00, 147.90, 149.00, 149.73, 149.47, 811325, 1212.65, 9663, 462181, 56.97
SAMMAANCAP, EQ, 06-Oct-2026, 133.11, 134.20, 134.87, 133.00, 134.80, 134.40, 134.09, 2560634, 3433.67, 16600, 1413424, 55.20
SAMPANN, EQ, 06-Oct-2026, 23.91, 24.00, 24.66, 23.90, 23.92, 23.99, 24.21, 10227, 2.48, 99, 7122, 69.64
SANATHAN, EQ, 06-Oct-2026, 528.35, 528.35, 532.30, 522.25, 528.10, 525.65, 528.61, 45492, 240.47, 2913, 23682, 52.06
SANDESH, EQ, 06-Oct-2026, 1013.95, 985.15, 1025.55, 985.15, 1006.00, 1017.40, 1006.67, 972, 9.78, 69, 724, 74.49
SANDHAR, EQ, 06-Oct-2026, 555.30, 557.00, 563.75, 553.25, 562.00, 558.10, 558.81, 78149, 436.71, 6483, 40871, 52.30
SANDUMA, EQ, 06-Oct-2026, 177.35, 177.35, 185.00, 177.35, 183.85, 183.38, 181.01, 525752, 951.68, 10117, 242777, 46.18
SANGAMIND, EQ, 06-Oct-2026, 631.75, 638.00, 645.30, 630.05, 640.80, 642.40, 638.60, 30921, 197.46, 1596, 22935, 74.17
SANGANI, SM, 06-Oct-2026, 56.85, 57.00, 57.20, 54.95, 57.20, 57.20, 55.91, 40500, 22.64, 6, 40500, 100.00
SANGHVIMOV, EQ, 06-Oct-2026, 409.90, 410.00, 432.95, 410.00, 423.20, 419.50, 421.58, 482154, 2032.68, 14002, 253123, 52.50
SANOFI, EQ, 06-Oct-2026, 3024.20, 3020.10, 3057.80, 3004.00, 3046.00, 3047.00, 3025.16, 16503, 499.24, 3192, 8572, 51.94
SANOFICONR, EQ, 06-Oct-2026, 3752.70, 3731.00, 3764.40, 3704.00, 3726.00, 3736.50, 3724.06, 3430, 127.74, 1307, 1889, 55.07
SANSERA, EQ, 06-Oct-2026, 4291.30, 4245.80, 4273.60, 4085.40, 4226.00, 4232.90, 4220.07, 261389, 11030.80, 39376, 112797, 43.15
SANSTAR, EQ, 06-Oct-2026, 104.73, 103.93, 106.13, 103.20, 103.99, 104.07, 104.42, 104195, 108.80, 2312, 36398, 34.93
SANWARIA, BZ, 06-Oct-2026, 0.19, 0.20, 0.20, 0.18, 0.18, 0.18, 0.19, 1698397, 3.17, 191, -, -
SAPPHIRE, EQ, 06-Oct-2026, 212.64, 214.30, 216.02, 210.60, 216.02, 215.16, 213.27, 315838, 673.59, 14044, 139124, 44.05
SAPPL, EQ, 06-Oct-2026, 327.10, 306.60, 332.15, 306.60, 320.00, 314.10, 313.95, 3162, 9.93, 290, 2443, 77.26
SARDAEN, EQ, 06-Oct-2026, 501.00, 502.15, 503.95, 496.50, 502.00, 500.70, 500.35, 188815, 944.73, 7743, 117572, 62.27
SAREGAMA, EQ, 06-Oct-2026, 497.10, 497.10, 506.80, 493.00, 503.00, 503.70, 501.42, 166549, 835.12, 11663, 78094, 46.89
SARLAPOLY, EQ, 06-Oct-2026, 95.10, 95.80, 96.79, 95.01, 96.68, 96.44, 96.00, 26212, 25.16, 1085, 13973, 53.31
SARTELE, SM, 06-Oct-2026, 97.70, 99.00, 100.50, 94.25, 96.20, 96.85, 96.78, 59500, 57.58, 96, 31500, 52.94
SARVESHWAR, EQ, 06-Oct-2026, 3.46, 3.47, 3.60, 3.47, 3.60, 3.58, 3.54, 1021600, 36.20, 1780, 780573, 76.41
SASKEN, EQ, 06-Oct-2026, 1683.20, 1700.00, 1729.00, 1666.10, 1685.00, 1679.50, 1684.93, 18068, 304.43, 2391, 11195, 61.96
SATECH, SM, 06-Oct-2026, 36.95, 38.95, 38.95, 37.55, 37.55, 37.55, 38.12, 3000, 1.14, 3, 2000, 66.67
SATIA, EQ, 06-Oct-2026, 68.51, 69.00, 69.40, 68.02, 68.65, 69.26, 68.86, 81400, 56.05, 989, 51062, 62.73
SATIN, EQ, 06-Oct-2026, 216.29, 216.15, 231.22, 200.07, 230.00, 228.35, 214.76, 4924729, 10576.20, 56762, 2214667, 44.97
SATIPOLY, SM, 06-Oct-2026, 32.50, 34.10, 34.10, 34.10, 34.10, 34.10, 34.10, 2000, 0.68, 3, 2000, 100.00
SATKARTAR, SM, 06-Oct-2026, 180.85, 180.85, 182.00, 163.10, 171.70, 166.80, 173.11, 80800, 139.87, 92, 52000, 64.36
SATTVAENGG, SM, 06-Oct-2026, 57.40, 57.75, 57.90, 55.00, 56.10, 56.10, 56.06, 46400, 26.01, 27, 41600, 89.66
SAURASHCEM, EQ, 06-Oct-2026, 51.40, 51.05, 51.90, 50.95, 51.40, 51.47, 51.45, 67553, 34.76, 1144, 44436, 65.78
SAVY, SM, 06-Oct-2026, 134.85, 129.50, 135.00, 128.10, 135.00, 135.00, 132.53, 13200, 17.49, 10, 9600, 72.73
SAWALIYA, SM, 06-Oct-2026, 174.90, 177.00, 192.35, 173.00, 184.20, 191.20, 180.09, 250800, 451.67, 166, 89400, 35.65
SAYAJIHOTL, EQ, 06-Oct-2026, 306.50, 309.80, 319.95, 306.55, 309.50, 307.35, 309.41, 38, 0.12, 31, 36, 94.74
SAYAJIIND, EQ, 06-Oct-2026, 120.00, 115.00, 118.00, 114.01, 118.00, 118.00, 114.95, 2098, 2.41, 13, 2097, 99.95
SBC, EQ, 06-Oct-2026, 62.04, 62.90, 64.43, 60.40, 61.75, 61.70, 61.94, 26585618, 16466.66, 44791, 6059881, 22.79
SBCL, EQ, 06-Oct-2026, 1076.50, 1076.50, 1103.50, 1067.70, 1100.00, 1099.60, 1095.57, 130349, 1428.07, 8083, 88225, 67.68
SBFC, EQ, 06-Oct-2026, 82.83, 82.51, 84.19, 82.25, 83.06, 83.28, 83.31, 1721500, 1434.10, 21270, 1051003, 61.05
SBGLP, EQ, 06-Oct-2026, 23.11, 23.22, 23.88, 22.56, 22.81, 22.78, 22.97, 45230, 10.39, 363, 32872, 72.68
SBIBPB, EQ, 06-Oct-2026, 46.48, 46.69, 46.85, 46.36, 46.68, 46.61, 46.53, 22078, 10.27, 269, 14937, 67.66
SBICARD, EQ, 06-Oct-2026, 566.00, 566.00, 571.50, 562.20, 569.40, 569.40, 567.20, 622300, 3529.69, 17484, 315073, 50.63
SBIETFCON, EQ, 06-Oct-2026, 112.72, 113.50, 114.33, 113.00, 114.33, 113.94, 113.58, 2469, 2.80, 56, 1735, 70.27
SBIETFIT, EQ, 06-Oct-2026, 312.96, 316.92, 316.92, 310.00, 311.29, 311.04, 311.18, 2434, 7.57, 137, 1584, 65.08
SBIETFPB, EQ, 06-Oct-2026, 273.52, 270.78, 277.68, 270.78, 275.91, 275.91, 275.87, 4312, 11.90, 85, 2588, 60.02
SBIETFQLTY, EQ, 06-Oct-2026, 206.58, 206.55, 208.00, 206.07, 208.00, 207.80, 206.83, 6265, 12.96, 64, 4242, 67.71
SBIFUNDS, EQ, 06-Oct-2026, 495.40, 497.20, 504.00, 494.10, 503.00, 502.85, 499.24, 920580, 4595.88, 53427, 530443, 57.62
SBILIFE, EQ, 06-Oct-2026, 1709.50, 1720.20, 1754.30, 1708.90, 1750.00, 1750.00, 1741.55, 941906, 16403.75, 24500, 620999, 65.93
SBILIQETF, EQ, 06-Oct-2026, 1058.76, 1058.89, 1058.91, 1058.89, 1058.89, 1058.89, 1058.89, 437526, 4632.92, 121, 138358, 31.62
SBIMIDMOM, EQ, 06-Oct-2026, 60.65, 60.98, 61.84, 60.98, 61.84, 61.56, 61.54, 72718, 44.75, 123, 51578, 70.93
SBIN, EQ, 06-Oct-2026, 958.00, 962.10, 963.65, 949.85, 958.75, 958.75, 955.17, 8204620, 78368.38, 188791, 4070060, 49.61
SBINEQWETF, EQ, 06-Oct-2026, 31.27, 30.48, 32.82, 30.48, 31.56, 32.01, 31.56, 19042, 6.01, 222, 16550, 86.91
SBINMID150, EQ, 06-Oct-2026, 21.75, 21.85, 22.05, 21.85, 21.95, 21.98, 21.91, 11520, 2.52, 105, 7789, 67.61
SBISILVER, EQ, 06-Oct-2026, 217.32, 215.76, 216.19, 213.63, 216.09, 216.04, 215.15, 801021, 1723.38, 5429, 423758, 52.90
SBISMLETF, EQ, 06-Oct-2026, 17.83, 17.98, 17.98, 17.70, 17.90, 17.90, 17.84, 24530, 4.38, 203, 20368, 83.03
SBIVALETF, EQ, 06-Oct-2026, 13.92, 13.92, 13.99, 13.90, 13.98, 13.95, 13.93, 6384, 0.89, 39, 5568, 87.22
SCANSTL, BE, 06-Oct-2026, 47.15, 46.55, 48.49, 45.31, 48.00, 48.06, 46.85, 34339, 16.09, 150, -, -
SCHAEFFLER, EQ, 06-Oct-2026, 3845.00, 3874.20, 3874.20, 3806.90, 3827.00, 3818.10, 3825.04, 43159, 1650.85, 11486, 25263, 58.53
SCHAND, EQ, 06-Oct-2026, 140.50, 140.20, 146.00, 137.01, 144.20, 145.16, 141.84, 25808, 36.61, 2360, 11079, 42.93
SCHNEIDER, EQ, 06-Oct-2026, 1268.10, 1261.80, 1292.80, 1250.10, 1272.00, 1274.00, 1274.15, 127905, 1629.70, 18377, 54395, 42.53
SCI, EQ, 06-Oct-2026, 290.60, 292.05, 293.80, 283.25, 289.60, 289.00, 287.84, 5287314, 15219.09, 58138, 1100136, 20.81
SCILAL, EQ, 06-Oct-2026, 37.26, 37.50, 37.90, 37.00, 37.70, 37.68, 37.44, 236495, 88.53, 1948, 145072, 61.34
SCML, SM, 06-Oct-2026, 100.20, 105.00, 110.00, 103.00, 108.90, 107.95, 106.30, 72000, 76.54, 63, 40000, 55.56
SCODATUBES, EQ, 06-Oct-2026, 124.62, 126.75, 126.75, 123.39, 124.90, 124.37, 124.53, 116589, 145.19, 1970, 64299, 55.15
SCPL, BE, 06-Oct-2026, 617.85, 627.45, 627.45, 605.00, 614.60, 609.25, 612.09, 4825, 29.53, 349, -, -
SDBL, EQ, 06-Oct-2026, 73.21, 74.50, 75.18, 73.50, 74.15, 74.02, 74.11, 589045, 436.53, 5155, 267594, 45.43
SDREAMS, SM, 06-Oct-2026, 85.00, 85.00, 86.00, 83.15, 84.50, 84.75, 84.58, 8000, 6.77, 4, 7000, 87.50
SEAMECLTD, EQ, 06-Oct-2026, 1577.90, 1554.00, 1604.20, 1554.00, 1588.00, 1584.90, 1586.78, 54558, 865.72, 5273, 29970, 54.93
SECLEDBETA, EQ, 06-Oct-2026, 13.74, 13.84, 13.98, 13.84, 13.86, 13.97, 13.89, 2731, 0.38, 17, 1839, 67.34
SECMARK, EQ, 06-Oct-2026, 137.41, 136.72, 141.40, 136.72, 137.00, 137.00, 139.13, 175, 0.24, 7, 124, 70.86
SECURKLOUD, EQ, 06-Oct-2026, 16.13, 16.25, 16.50, 15.61, 15.67, 15.71, 15.93, 30534, 4.86, 182, 29121, 95.37
SEDEMAC, EQ, 06-Oct-2026, 3372.30, 3395.60, 3426.80, 3320.10, 3390.10, 3399.60, 3380.17, 143990, 4867.11, 21838, 59329, 41.20
SEIL, EQ, 06-Oct-2026, 183.52, 185.53, 187.93, 182.61, 186.95, 186.16, 186.85, 592634, 1107.35, 1146, 572845, 96.66
SEITINVIT, IV, 06-Oct-2026, 122.05, 122.00, 122.00, 122.00, 122.00, 122.00, 122.00, 25000, 30.50, 1, 25000, 100.00
SEJALLTD, EQ, 06-Oct-2026, 651.20, 650.00, 683.75, 649.35, 670.50, 676.55, 657.64, 6501, 42.75, 492, 4396, 67.62
SEKURITIND, EQ, 06-Oct-2026, 108.72, 109.98, 110.44, 107.50, 109.94, 110.08, 108.95, 31166, 33.95, 688, 19704, 63.22
SELECTIPO, EQ, 06-Oct-2026, 45.79, 46.01, 46.65, 46.01, 46.65, 46.64, 46.43, 18943, 8.80, 68, 9799, 51.73
SELLOWRAP, SM, 06-Oct-2026, 62.00, 62.00, 62.15, 60.00, 60.00, 60.00, 61.60, 70400, 43.36, 16, 70400, 100.00
SEMAC, EQ, 06-Oct-2026, 239.04, 239.04, 239.04, 235.55, 235.55, 235.55, 236.55, 7, 0.02, 3, 7, 100.00
SENCO, EQ, 06-Oct-2026, 316.95, 318.70, 323.55, 317.05, 320.00, 318.75, 319.97, 559711, 1790.90, 18493, 222400, 39.73
SENORES, EQ, 06-Oct-2026, 1321.20, 1331.30, 1401.00, 1318.60, 1399.80, 1388.60, 1361.81, 309834, 4219.35, 24224, 154882, 49.99
SENSEXADD, EQ, 06-Oct-2026, 74.78, 75.15, 75.45, 75.02, 75.45, 75.35, 75.21, 2031, 1.53, 28, 1034, 50.91
SENSEXAXIS, EQ, 06-Oct-2026, 75.22, 75.98, 75.98, 75.38, 75.58, 75.78, 75.72, 4817, 3.65, 47, 3918, 81.34
SENSEXBETA, EQ, 06-Oct-2026, 808.67, 812.89, 812.89, 803.41, 808.00, 809.72, 807.98, 2164, 17.48, 92, 1225, 56.61
SENSEXETF, EQ, 06-Oct-2026, 74.67, 75.30, 75.44, 74.71, 75.44, 75.41, 75.17, 26787, 20.14, 234, 12977, 48.45
SENSEXIETF, EQ, 06-Oct-2026, 834.11, 836.25, 839.50, 833.00, 835.21, 838.12, 836.99, 7563, 63.30, 395, 4518, 59.74
SEPC, EQ, 06-Oct-2026, 5.11, 5.15, 5.15, 5.03, 5.07, 5.05, 5.06, 4908883, 248.50, 3138, 2881946, 58.71
SERVICE, SM, 06-Oct-2026, 69.20, 71.30, 71.30, 68.80, 69.15, 69.15, 69.23, 18000, 12.46, 9, 2000, 11.11
SERVOTECH, EQ, 06-Oct-2026, 71.93, 72.00, 72.39, 71.25, 72.25, 72.06, 71.81, 303819, 218.18, 3257, 173871, 57.23
SESHAPAPER, EQ, 06-Oct-2026, 234.76, 235.01, 239.18, 233.00, 234.00, 233.87, 234.85, 28978, 68.05, 1027, 13638, 47.06
SETCO, BE, 06-Oct-2026, 17.60, 17.60, 18.48, 17.21, 18.39, 18.22, 17.91, 37990, 6.81, 158, -, -
SETF10GILT, EQ, 06-Oct-2026, 260.58, 261.00, 262.11, 259.55, 259.78, 259.78, 260.47, 2444, 6.37, 30, 1518, 62.11
SETFGOLD, EQ, 06-Oct-2026, 125.41, 125.08, 125.47, 124.26, 125.34, 125.36, 124.99, 9150958, 11437.70, 20533, 7061951, 77.17
SETFNIF50, EQ, 06-Oct-2026, 243.13, 243.13, 245.70, 243.13, 245.50, 245.14, 244.55, 807354, 1974.40, 4164, 529154, 65.54
SETFNIFBK, EQ, 06-Oct-2026, 561.27, 558.46, 568.00, 558.46, 564.60, 565.47, 565.70, 186970, 1057.68, 581, 168391, 90.06
SETFNN50, EQ, 06-Oct-2026, 742.05, 744.04, 753.99, 742.05, 753.99, 751.83, 749.02, 16951, 126.97, 993, 8938, 52.73
SETL, EQ, 06-Oct-2026, 430.05, 431.20, 434.80, 423.75, 427.35, 428.30, 429.41, 453699, 1948.23, 10284, 252258, 55.60
SETUINFRA, BZ, 06-Oct-2026, 0.50, 0.50, 0.50, 0.49, 0.49, 0.49, 0.49, 6413, 0.03, 17, -, -
SEYAIND, BE, 06-Oct-2026, 13.12, 13.00, 13.25, 12.86, 12.86, 12.86, 12.86, 2528, 0.33, 23, -, -
SFL, EQ, 06-Oct-2026, 620.45, 624.40, 630.00, 616.85, 622.00, 623.40, 623.03, 81224, 506.05, 6650, 54132, 66.65
SFML, SM, 06-Oct-2026, 19.50, 20.95, 20.95, 20.95, 20.95, 20.95, 20.95, 1600, 0.34, 1, 1600, 100.00
SGBAPR28I, GB, 06-Oct-2026, 14782.34, 14799.99, 14799.99, 14725.02, 14770.00, 14770.00, 14764.31, 73, 10.78, 11, 69, 94.52
SGBAUG27, GB, 06-Oct-2026, 14695.25, 14548.00, 14750.00, 14548.00, 14616.00, 14616.00, 14642.48, 29, 4.25, 11, 22, 75.86
SGBAUG28V, GB, 06-Oct-2026, 14701.90, 14667.00, 14725.00, 14640.00, 14663.00, 14672.89, 14682.77, 721, 105.86, 140, 525, 72.82
SGBAUG29V, GB, 06-Oct-2026, 14729.12, 14729.12, 14900.01, 14680.00, 14809.50, 14809.50, 14787.22, 81, 11.98, 35, 59, 72.84
SGBAUG30, GB, 06-Oct-2026, 14846.59, 14840.00, 14989.99, 14800.00, 14830.00, 14889.91, 14840.08, 270, 40.07, 74, 212, 78.52
SGBD29VIII, GB, 06-Oct-2026, 14757.87, 14757.87, 14869.97, 14695.00, 14695.00, 14708.91, 14761.94, 80, 11.81, 41, 51, 63.75
SGBDE30III, GB, 06-Oct-2026, 14947.81, 14947.81, 14949.99, 14652.00, 14777.00, 14813.69, 14784.55, 409, 60.47, 178, 274, 66.99
SGBDE31III, GB, 06-Oct-2026, 15136.04, 15136.04, 15300.00, 15065.01, 15120.00, 15123.77, 15120.32, 480, 72.58, 136, 303, 63.13
SGBDEC26, GB, 06-Oct-2026, 14660.00, 14660.00, 14660.00, 14660.00, 14660.00, 14660.00, 14660.00, 3, 0.44, 1, 3, 100.00
SGBFEB27, GB, 06-Oct-2026, 14635.00, 14708.17, 14708.17, 14708.17, 14708.17, 14708.17, 14708.17, 1, 0.15, 1, 1, 100.00
SGBFEB29XI, GB, 06-Oct-2026, 14728.43, 14670.50, 14705.00, 14670.02, 14699.00, 14693.18, 14680.29, 34, 4.99, 15, 14, 41.18
SGBFEB32IV, GB, 06-Oct-2026, 15508.46, 15445.00, 15507.99, 15445.00, 15470.01, 15481.95, 15479.08, 984, 152.31, 264, 614, 62.40
SGBJ28VIII, GB, 06-Oct-2026, 14750.00, 14750.00, 14750.00, 14750.00, 14750.00, 14750.00, 14750.00, 5, 0.74, 1, 5, 100.00
SGBJAN29IX, GB, 06-Oct-2026, 14697.89, 14611.00, 14749.00, 14611.00, 14718.20, 14699.10, 14679.00, 178, 26.13, 40, 138, 77.53
SGBJAN29X, GB, 06-Oct-2026, 14681.20, 14681.20, 14999.00, 14675.50, 14700.00, 14700.00, 14812.64, 72, 10.67, 18, 55, 76.39
SGBJAN30IX, GB, 06-Oct-2026, 14829.34, 14829.00, 14829.34, 14735.01, 14772.00, 14772.00, 14809.78, 100, 14.81, 19, 98, 98.00
SGBJU29III, GB, 06-Oct-2026, 14750.10, 14750.10, 14774.99, 14675.00, 14680.00, 14680.00, 14738.09, 71, 10.46, 21, 64, 90.14
SGBJUL28IV, GB, 06-Oct-2026, 14681.90, 14688.00, 14718.99, 14621.03, 14685.00, 14675.85, 14669.34, 129, 18.92, 38, 89, 68.99
SGBJUL29IV, GB, 06-Oct-2026, 14786.30, 14774.00, 14775.00, 14443.41, 14675.00, 14675.74, 14645.20, 615, 90.07, 98, 378, 61.46
SGBJUN27, GB, 06-Oct-2026, 14625.00, 14739.98, 14739.98, 14685.00, 14685.00, 14685.00, 14700.00, 49, 7.20, 14, 49, 100.00
SGBJUN28, GB, 06-Oct-2026, 14737.03, 14730.00, 14730.00, 14685.00, 14685.00, 14685.31, 14709.15, 93, 13.68, 38, 89, 95.70
SGBJUN29II, GB, 06-Oct-2026, 14725.66, 14725.00, 14759.99, 14499.99, 14700.00, 14703.64, 14651.10, 375, 54.94, 83, 280, 74.67
SGBJUN30, GB, 06-Oct-2026, 14839.99, 14939.00, 15100.00, 14800.00, 15052.28, 15010.21, 14962.85, 131, 19.60, 64, 92, 70.23
SGBJUN31I, GB, 06-Oct-2026, 15021.35, 15015.00, 15149.82, 14900.00, 15079.87, 15036.13, 14991.94, 448, 67.16, 140, 300, 66.96
SGBMAR28X, GB, 06-Oct-2026, 14700.90, 14663.67, 14673.37, 14663.67, 14673.00, 14673.06, 14671.72, 14, 2.05, 6, 14, 100.00
SGBMAR30X, GB, 06-Oct-2026, 14839.80, 14616.10, 15049.00, 14616.10, 14799.99, 14764.39, 14781.87, 121, 17.89, 42, 55, 45.45
SGBMAR31IV, GB, 06-Oct-2026, 14975.07, 14975.07, 15098.26, 14852.00, 14941.01, 14941.01, 14970.30, 56, 8.38, 31, 48, 85.71
SGBMAY28, GB, 06-Oct-2026, 14714.73, 14714.73, 14770.00, 14667.01, 14770.00, 14720.61, 14707.96, 56, 8.24, 15, 48, 85.71
SGBMAY29I, GB, 06-Oct-2026, 14742.14, 14740.00, 14788.00, 14625.00, 14738.00, 14706.87, 14699.70, 348, 51.15, 78, 267, 76.72
SGBMR29XII, GB, 06-Oct-2026, 14673.92, 14662.00, 14750.00, 14637.05, 14687.26, 14695.03, 14674.68, 48, 7.04, 26, 33, 68.75
SGBN28VIII, GB, 06-Oct-2026, 14710.01, 14725.00, 14739.99, 14667.00, 14735.00, 14735.00, 14706.54, 41, 6.03, 16, 30, 73.17
SGBNOV26, GB, 06-Oct-2026, 14870.00, 14650.00, 14770.00, 14650.00, 14770.00, 14770.00, 14693.10, 10, 1.47, 3, 10, 100.00
SGBNV29VII, GB, 06-Oct-2026, 14733.11, 14750.00, 14790.00, 14711.00, 14725.00, 14745.14, 14756.57, 85, 12.54, 27, 84, 98.82
SGBOC28VII, GB, 06-Oct-2026, 14735.01, 14735.01, 14799.99, 14701.00, 14750.00, 14750.00, 14746.73, 224, 33.03, 14, 209, 93.30
SGBOCT26, GB, 06-Oct-2026, 14780.00, 14779.00, 14780.00, 14779.00, 14780.00, 14780.00, 14779.42, 26, 3.84, 3, 26, 100.00
SGBOCT27, GB, 06-Oct-2026, 14801.50, 14700.00, 14700.00, 14699.00, 14699.00, 14699.00, 14699.13, 38, 5.59, 4, 38, 100.00
SGBOCT27VI, GB, 06-Oct-2026, 14760.00, 14700.00, 14700.00, 14650.00, 14650.00, 14650.00, 14660.00, 10, 1.47, 3, 10, 100.00
SGBSEP28VI, GB, 06-Oct-2026, 14667.31, 14621.01, 14700.00, 14621.01, 14651.15, 14651.15, 14662.75, 83, 12.17, 23, 62, 74.70
SGBSEP29VI, GB, 06-Oct-2026, 14690.83, 14690.83, 14845.00, 14650.01, 14702.00, 14705.92, 14705.83, 262, 38.53, 61, 149, 56.87
SGBSEP31II, GB, 06-Oct-2026, 14979.66, 15000.00, 15025.00, 14966.00, 14992.11, 14997.32, 14993.83, 1097, 164.48, 181, 884, 80.58
SGFIN, EQ, 06-Oct-2026, 677.95, 687.00, 687.00, 655.25, 660.10, 662.15, 665.26, 371637, 2472.33, 15349, 202991, 54.62
SGIL, EQ, 06-Oct-2026, 603.00, 603.45, 614.65, 598.55, 601.80, 603.20, 603.92, 4622, 27.91, 427, 2925, 63.28
SGL, EQ, 06-Oct-2026, 8.84, 9.35, 9.35, 8.61, 8.85, 8.80, 8.88, 4518, 0.40, 61, 3679, 81.43
SGLRES, EQ, 06-Oct-2026, 2.23, 2.29, 2.29, 2.17, 2.29, 2.26, 2.23, 33778, 0.75, 76, 24824, 73.49
SGMART, EQ, 06-Oct-2026, 737.65, 740.00, 757.20, 734.00, 738.00, 742.85, 745.67, 255968, 1908.67, 15871, 130395, 50.94
SGRL, EQ, 06-Oct-2026, 680.40, 690.00, 734.25, 690.00, 721.65, 719.05, 718.13, 31464, 225.95, 2493, 15747, 50.05
SHADOWFAX, EQ, 06-Oct-2026, 289.05, 291.00, 291.90, 284.20, 288.60, 288.00, 287.26, 7609302, 21858.70, 62807, 5254939, 69.06
SHAH, EQ, 06-Oct-2026, 3.07, 3.06, 3.22, 3.00, 3.08, 3.09, 3.06, 596500, 18.27, 528, 377608, 63.30
SHAHALLOYS, BE, 06-Oct-2026, 82.00, 79.40, 82.45, 79.40, 81.00, 81.03, 81.22, 18422, 14.96, 113, -, -
SHAHINVEST, BE, 06-Oct-2026, 167.00, 171.00, 179.55, 171.00, 174.00, 173.79, 172.69, 2436399, 4207.39, 18786, -, -
SHAILY, EQ, 06-Oct-2026, 3012.80, 3019.00, 3124.80, 3018.50, 3095.00, 3100.30, 3094.10, 88898, 2750.59, 13848, 42799, 48.14
SHAKTIPUMP, EQ, 06-Oct-2026, 443.40, 443.40, 451.60, 443.25, 451.00, 449.35, 447.31, 936744, 4190.17, 42828, 283830, 30.30
SHALBY, EQ, 06-Oct-2026, 134.01, 134.00, 137.10, 133.61, 137.03, 136.51, 135.81, 50727, 68.89, 1530, 23545, 46.42
SHALPAINTS, BE, 06-Oct-2026, 75.17, 75.88, 78.50, 75.00, 77.25, 77.64, 76.88, 55434, 42.62, 256, -, -
SHANKARA, EQ, 06-Oct-2026, 118.16, 119.90, 127.19, 118.00, 124.10, 125.58, 122.79, 113826, 139.77, 3411, 63913, 56.15
SHANKESH, EQ, 06-Oct-2026, 88.24, 88.65, 92.98, 88.50, 92.01, 92.21, 91.23, 2373020, 2164.91, 16906, 847695, 35.72
SHANTHALA, SM, 06-Oct-2026, 13.90, 14.45, 14.45, 14.20, 14.20, 14.20, 14.37, 3600, 0.52, 3, 3600, 100.00
SHANTI, EQ, 06-Oct-2026, 5.44, 5.45, 5.69, 5.15, 5.49, 5.49, 5.32, 32761, 1.74, 97, 19999, 61.05
SHANTIGEAR, EQ, 06-Oct-2026, 591.75, 593.00, 606.75, 586.55, 603.00, 602.30, 596.59, 50138, 299.12, 2161, 20890, 41.67
SHANTIGOLD, EQ, 06-Oct-2026, 316.60, 320.00, 338.70, 318.95, 337.45, 336.65, 329.41, 4557739, 15013.85, 47605, 1118874, 24.55
SHANTIINOR, SM, 06-Oct-2026, 168.05, 172.00, 201.65, 172.00, 201.65, 201.65, 193.97, 824000, 1598.30, 317, 649600, 78.83
SHARDACROP, EQ, 06-Oct-2026, 720.10, 721.80, 744.55, 720.00, 741.30, 741.75, 734.40, 89366, 656.31, 8005, 43245, 48.39
SHARDAMOTR, EQ, 06-Oct-2026, 918.60, 924.50, 933.05, 921.85, 925.00, 928.55, 927.51, 26440, 245.23, 3463, 13633, 51.56
SHARDUL, BE, 06-Oct-2026, 58.11, 58.90, 58.90, 57.50, 58.38, 58.25, 58.02, 26778, 15.54, 92, -, -
SHAREINDIA, EQ, 06-Oct-2026, 206.06, 207.50, 212.00, 207.00, 211.83, 211.40, 209.79, 880466, 1847.11, 12662, 223835, 25.42
SHARIABEES, EQ, 06-Oct-2026, 421.48, 421.48, 429.60, 421.48, 424.00, 424.70, 423.82, 4737, 20.08, 289, 2435, 51.40
SHBAJRG, EQ, 06-Oct-2026, 164.79, 166.50, 167.96, 161.49, 162.65, 162.80, 163.83, 6772, 11.09, 239, 5460, 80.63
SHEEL, SM, 06-Oct-2026, 60.00, 58.00, 62.00, 58.00, 62.00, 62.00, 60.00, 4000, 2.40, 2, 2000, 50.00
SHEETAL, SM, 06-Oct-2026, 358.65, 358.60, 358.65, 345.00, 350.00, 350.00, 351.51, 6000, 21.09, 12, 3000, 50.00
SHEKHAWATI, BE, 06-Oct-2026, 28.60, 27.17, 27.17, 27.17, 27.17, 27.17, 27.17, 25814, 7.01, 50, -, -
SHEMAROO, EQ, 06-Oct-2026, 110.56, 111.60, 114.35, 111.60, 112.70, 111.76, 112.81, 6104, 6.89, 114, 3656, 59.90
SHERA, SM, 06-Oct-2026, 187.00, 192.00, 195.90, 188.35, 195.00, 195.35, 192.20, 38000, 73.04, 32, 30000, 78.95
SHERVANI, EQ, 06-Oct-2026, 315.00, 304.00, 304.00, 304.00, 304.00, 304.00, 304.00, 20, 0.06, 1, 20, 100.00
SHETHJI, SM, 06-Oct-2026, 184.05, 186.50, 186.50, 182.50, 184.70, 184.50, 184.07, 29000, 53.38, 19, 26000, 89.66
SHILCTECH, EQ, 06-Oct-2026, 4032.90, 4032.90, 4105.00, 4015.90, 4100.00, 4094.20, 4084.90, 10823, 442.11, 2576, 6187, 57.17
SHILGRAVQ, EQ, 06-Oct-2026, 142.87, 145.00, 146.99, 141.27, 145.83, 145.31, 145.46, 1576, 2.29, 52, 1535, 97.40
SHILPAMED, EQ, 06-Oct-2026, 1031.20, 1028.10, 1079.90, 1026.10, 1076.00, 1073.70, 1061.88, 587086, 6234.16, 35352, 279396, 47.59
SHINDL, EQ, 06-Oct-2026, 158.41, 159.99, 159.99, 156.00, 157.01, 158.69, 157.73, 135954, 214.45, 640, 68349, 50.27
SHIPROCKET, EQ, 06-Oct-2026, 123.00, 124.87, 132.34, 123.46, 131.99, 131.43, 129.48, 7625305, 9873.36, 68590, 1679283, 22.02
SHIVAAGRO, EQ, 06-Oct-2026, 38.70, 39.10, 39.20, 38.00, 39.20, 39.02, 38.40, 3408, 1.31, 27, 3340, 98.00
SHIVACEM, EQ, 06-Oct-2026, 12.70, 12.60, 14.70, 12.60, 13.16, 13.19, 13.27, 118475, 15.72, 727, 79016, 66.69
SHIVALIK, EQ, 06-Oct-2026, 375.30, 374.00, 389.80, 360.00, 386.50, 386.25, 377.53, 78286, 295.56, 3589, 34346, 43.87
SHIVAMAUTO, EQ, 06-Oct-2026, 16.67, 16.95, 17.89, 16.45, 16.52, 16.60, 16.93, 93728, 15.87, 365, 76385, 81.50
SHIVAMILLS, EQ, 06-Oct-2026, 59.32, 59.00, 62.15, 58.00, 58.30, 58.31, 58.54, 1160, 0.68, 16, 833, 71.81
SHIVASHRIT, SM, 06-Oct-2026, 115.95, 117.00, 119.95, 114.00, 116.70, 116.70, 116.43, 64000, 74.51, 46, 36000, 56.25
SHIVATEX, EQ, 06-Oct-2026, 165.01, 165.22, 172.90, 165.01, 172.00, 169.99, 167.45, 2607, 4.37, 60, 2340, 89.76
SHIVAUM, EQ, 06-Oct-2026, 558.95, 559.05, 559.70, 552.50, 554.00, 552.65, 555.90, 4729, 26.29, 145, 1806, 38.19
SHK, EQ, 06-Oct-2026, 137.42, 138.40, 143.86, 136.82, 141.80, 142.32, 141.58, 584843, 828.03, 6205, 347475, 59.41
SHKSIL, SM, 06-Oct-2026, 31.50, 30.55, 30.55, 30.45, 30.45, 30.45, 30.50, 6000, 1.83, 3, 4000, 66.67
SHOPERSTOP, EQ, 06-Oct-2026, 395.50, 390.05, 405.00, 390.05, 405.00, 398.15, 399.23, 17408, 69.50, 2018, 4589, 26.36
SHRADDHA, EQ, 06-Oct-2026, 164.79, 166.50, 172.50, 162.30, 166.00, 166.72, 168.03, 9492, 15.95, 539, 5614, 59.14
SHRADHA, EQ, 06-Oct-2026, 29.36, 30.48, 32.49, 28.50, 30.50, 29.83, 31.10, 31148, 9.69, 185, 19509, 62.63
SHREDIGCEM, EQ, 06-Oct-2026, 66.33, 67.00, 67.00, 64.15, 65.30, 65.12, 65.29, 144731, 94.50, 1787, 93662, 64.71
SHREECEM, EQ, 06-Oct-2026, 21990.00, 21800.00, 22210.00, 21800.00, 22210.00, 22210.00, 22054.81, 22436, 4948.22, 7682, 13791, 61.47
SHREEDHAR, ST, 06-Oct-2026, 158.00, 158.00, 158.00, 153.50, 153.50, 153.75, 155.17, 6000, 9.31, 3, 6000, 100.00
SHREEJISPG, EQ, 06-Oct-2026, 779.85, 783.00, 799.50, 781.50, 797.00, 796.50, 791.38, 1125084, 8903.67, 12815, 469515, 41.73
SHREEKARNI, SM, 06-Oct-2026, 377.00, 377.00, 377.00, 377.00, 377.00, 377.00, 377.00, 450, 1.70, 3, 450, 100.00
SHREEOSFM, SM, 06-Oct-2026, 59.95, 58.80, 59.40, 52.15, 58.00, 57.65, 57.03, 9000, 5.13, 9, 6000, 66.67
SHREEPUSHK, EQ, 06-Oct-2026, 494.55, 495.25, 515.00, 487.30, 515.00, 510.10, 500.20, 51539, 257.80, 2288, 23158, 44.93
SHREERAMA, EQ, 06-Oct-2026, 43.09, 42.96, 44.19, 42.60, 44.19, 43.53, 43.31, 35270, 15.27, 1156, 17544, 49.74
SHREMINVIT, IV, 06-Oct-2026, 103.00, 102.00, 102.00, 100.05, 100.05, 100.05, 101.35, 75000, 76.01, 3, 75000, 100.00
SHRENIK, BZ, 06-Oct-2026, 0.28, 0.29, 0.29, 0.27, 0.28, 0.27, 0.27, 973725, 2.65, 184, -, -
SHREYANIND, EQ, 06-Oct-2026, 129.00, 128.10, 130.00, 127.00, 129.00, 128.94, 128.28, 7606, 9.76, 229, 6458, 84.91
SHRIAHIMSA, SM, 06-Oct-2026, 441.65, 440.80, 440.80, 420.30, 426.00, 426.50, 426.02, 16200, 69.02, 25, 7200, 44.44
SHRIKANHA, SM, 06-Oct-2026, 22.95, 22.00, 23.85, 22.00, 23.85, 23.75, 22.96, 32000, 7.35, 11, 30400, 95.00
SHRINGARMS, EQ, 06-Oct-2026, 219.36, 221.02, 225.50, 219.49, 222.90, 223.32, 223.17, 1145487, 2556.33, 7113, 411362, 35.91
SHRIPISTON, EQ, 06-Oct-2026, 4398.80, 4430.00, 4447.90, 4332.00, 4394.10, 4405.00, 4379.27, 74828, 3276.92, 19857, 39526, 52.82
SHRIRAMFIN, EQ, 06-Oct-2026, 971.40, 971.40, 975.00, 959.10, 965.05, 965.05, 967.18, 4433773, 42882.62, 69391, 3224530, 72.73
SHRIRAMPPS, EQ, 06-Oct-2026, 67.52, 67.97, 68.47, 67.41, 68.44, 68.13, 67.87, 143686, 97.52, 2061, 82220, 57.22
SHRITECH, SM, 06-Oct-2026, 58.80, 60.00, 62.00, 60.00, 62.00, 61.30, 60.71, 14000, 8.50, 7, 14000, 100.00
SHRJAGP, EQ, 06-Oct-2026, 685.00, 676.00, 700.00, 672.10, 674.60, 674.60, 680.53, 210, 1.43, 35, 154, 73.33
SHUBHLAXMI, SM, 06-Oct-2026, 16.45, 16.45, 16.45, 15.65, 16.45, 16.45, 16.19, 6000, 0.97, 5, 4000, 66.67
SHUBHSHREE, SM, 06-Oct-2026, 322.00, 322.00, 348.00, 318.00, 348.00, 348.00, 336.53, 7200, 24.23, 7, 6900, 95.83
SHUKRAPHAR, EQ, 06-Oct-2026, 70.49, 72.40, 75.40, 70.55, 72.87, 72.58, 72.74, 24259904, 17647.23, 113437, 2914935, 12.02
SHYAMCENT, EQ, 06-Oct-2026, 5.07, 5.17, 5.17, 5.00, 5.10, 5.03, 5.05, 38542, 1.95, 104, 35932, 93.23
SHYAMDHANI, SM, 06-Oct-2026, 53.00, 54.00, 54.00, 54.00, 54.00, 54.00, 54.00, 2000, 1.08, 1, 2000, 100.00
SHYAMMETL, EQ, 06-Oct-2026, 1020.20, 1024.00, 1059.30, 1019.40, 1054.90, 1054.00, 1038.37, 413254, 4291.10, 18133, 250213, 60.55
SHYAMTEL, EQ, 06-Oct-2026, 10.93, 11.22, 11.25, 10.62, 10.70, 10.73, 10.94, 4752, 0.52, 53, 3540, 74.49
SICAGEN, EQ, 06-Oct-2026, 52.37, 51.50, 52.84, 51.50, 51.84, 51.87, 51.77, 4100, 2.12, 51, 3752, 91.51
SICALLOG, BE, 06-Oct-2026, 88.68, 90.00, 90.00, 86.20, 89.20, 89.33, 88.76, 11027, 9.79, 85, -, -
SIDDHICOTS, SM, 06-Oct-2026, 26.00, 25.90, 26.90, 25.75, 25.90, 25.90, 26.24, 8400, 2.20, 7, 7200, 85.71
SIDDHIKA, SM, 06-Oct-2026, 211.00, 209.00, 209.00, 203.00, 206.55, 206.55, 206.44, 9500, 19.61, 12, 7000, 73.68
SIEL, EQ, 06-Oct-2026, 31.00, 31.00, 31.00, 31.00, 31.00, 31.00, 31.00, 11, 0.00, 2, 11, 100.00
SIEMENS, EQ, 06-Oct-2026, 3701.10, 3734.00, 3859.60, 3694.40, 3854.00, 3854.00, 3798.41, 219732, 8346.32, 21905, 78473, 35.71
SIGACHI, EQ, 06-Oct-2026, 28.72, 28.73, 31.19, 28.65, 29.95, 29.89, 30.31, 5409694, 1639.72, 16191, 1474393, 27.25
SIGIND, BE, 06-Oct-2026, 64.06, 66.00, 66.40, 61.90, 63.50, 62.86, 63.05, 16916, 10.66, 149, -, -
SIGMA, EQ, 06-Oct-2026, 43.83, 44.90, 45.60, 43.55, 45.00, 45.24, 44.78, 88715, 39.72, 1604, 49744, 56.07
SIGMAADV, BE, 06-Oct-2026, 1130.60, 1107.00, 1165.00, 1090.00, 1120.00, 1119.40, 1126.27, 385103, 4337.32, 8519, -, -
SIGNATURE, EQ, 06-Oct-2026, 738.20, 732.60, 740.20, 717.55, 718.00, 719.35, 727.87, 280842, 2044.17, 10264, 54327, 19.34
SIGNPOST, EQ, 06-Oct-2026, 260.85, 262.25, 265.85, 260.00, 262.00, 262.10, 262.49, 30403, 79.80, 1122, 18013, 59.25
SIKA, EQ, 06-Oct-2026, 1022.60, 1033.70, 1040.00, 1017.00, 1029.00, 1029.30, 1028.51, 9995, 102.80, 1251, 4824, 48.26
SIKKO, BE, 06-Oct-2026, 6.21, 6.09, 6.21, 6.00, 6.10, 6.16, 6.09, 303160, 18.46, 474, -, -
SIL, EQ, 06-Oct-2026, 15.98, 16.20, 16.20, 15.86, 16.00, 16.00, 16.06, 8963, 1.44, 160, 7197, 80.30
SILGO, EQ, 06-Oct-2026, 69.49, 70.52, 70.55, 68.07, 69.95, 69.51, 69.84, 66055, 46.13, 675, 16272, 24.63
SILINV, EQ, 06-Oct-2026, 445.75, 454.00, 463.00, 450.00, 462.00, 459.40, 456.30, 1855, 8.46, 160, 1579, 85.12
SILKFLEX, SM, 06-Oct-2026, 300.15, 300.80, 300.80, 286.05, 289.00, 290.45, 290.27, 30000, 87.08, 25, 25000, 83.33
SILKY, SM, 06-Oct-2026, 66.20, 69.70, 69.70, 69.70, 69.70, 69.70, 69.70, 800, 0.56, 1, 800, 100.00
SILVER, EQ, 06-Oct-2026, 221.22, 219.69, 220.30, 217.74, 220.25, 220.17, 219.35, 561229, 1231.03, 7294, 289473, 51.58
SILVER001, EQ, 06-Oct-2026, 22.33, 22.50, 22.50, 22.06, 22.29, 22.31, 22.17, 16924, 3.75, 77, 16607, 98.13
SILVER1, EQ, 06-Oct-2026, 21.51, 21.39, 21.40, 21.16, 21.36, 21.37, 21.29, 8578942, 1826.82, 4967, 3019296, 35.19
SILVER360, EQ, 06-Oct-2026, 217.71, 217.38, 217.38, 215.00, 216.01, 216.58, 215.83, 7580, 16.36, 341, 2522, 33.27
SILVERADD, EQ, 06-Oct-2026, 21.34, 21.24, 21.26, 21.00, 21.25, 21.23, 21.18, 1153270, 244.22, 3157, 558881, 48.46
SILVERAG, EQ, 06-Oct-2026, 215.75, 215.00, 215.00, 212.24, 214.81, 214.75, 214.58, 533554, 1144.91, 1882, 473333, 88.71
SILVERAXIS, EQ, 06-Oct-2026, 220.26, 218.91, 219.26, 216.79, 219.14, 219.09, 218.27, 715377, 1561.44, 1809, 571261, 79.85
SILVERBEES, EQ, 06-Oct-2026, 211.85, 210.10, 210.83, 208.50, 210.66, 210.70, 209.73, 11390233, 23888.86, 61960, 5201232, 45.66
SILVERBETA, EQ, 06-Oct-2026, 213.84, 212.88, 212.88, 210.36, 212.31, 212.69, 211.45, 1588843, 3359.67, 3902, 1273865, 80.18
SILVERBND, EQ, 06-Oct-2026, 222.53, 219.93, 221.72, 219.00, 220.50, 221.55, 220.50, 2006, 4.42, 86, 1232, 61.42
SILVERCASE, EQ, 06-Oct-2026, 22.43, 22.26, 22.34, 22.09, 22.33, 22.32, 22.23, 3295102, 732.48, 6158, 1306753, 39.66
SILVERIETF, EQ, 06-Oct-2026, 221.18, 219.70, 220.19, 217.66, 219.99, 219.99, 218.95, 3092376, 6770.71, 16441, 1693581, 54.77
SILVERTUC, EQ, 06-Oct-2026, 137.41, 139.00, 139.39, 136.76, 138.04, 137.68, 137.87, 95538, 131.72, 2121, 52506, 54.96
SIMBHALS, BZ, 06-Oct-2026, 7.05, 7.25, 7.40, 7.11, 7.40, 7.40, 7.28, 30697, 2.23, 56, -, -
SIMCA, ST, 06-Oct-2026, 302.00, 305.00, 317.10, 305.00, 317.10, 317.10, 314.08, 49800, 156.41, 44, 49800, 100.00
SIMPLEXINF, EQ, 06-Oct-2026, 249.61, 251.85, 261.50, 247.82, 259.50, 259.13, 257.61, 205768, 530.07, 3147, 139005, 67.55
SIMPLXREA, EQ, 06-Oct-2026, 117.43, 122.95, 122.95, 113.75, 113.75, 113.75, 122.81, 203, 0.25, 5, 203, 100.00
SINCLAIR, EQ, 06-Oct-2026, 75.87, 75.38, 77.97, 74.79, 75.60, 75.93, 75.79, 25792, 19.55, 355, 19523, 75.69
SINDHUTRAD, EQ, 06-Oct-2026, 22.13, 22.24, 22.93, 21.56, 22.00, 22.00, 22.55, 4527595, 1021.03, 2317, 4120954, 91.02
SINGERIND, EQ, 06-Oct-2026, 74.60, 74.05, 76.40, 73.51, 76.40, 74.93, 75.12, 73914, 55.53, 1072, 57744, 78.12
SINTERCOM, EQ, 06-Oct-2026, 75.90, 76.01, 78.50, 75.91, 78.35, 76.93, 76.83, 3846, 2.95, 15, 3805, 98.93
SIRCA, EQ, 06-Oct-2026, 401.70, 403.80, 411.00, 403.70, 405.80, 406.60, 407.64, 78928, 321.75, 1651, 13084, 16.58
SIS, EQ, 06-Oct-2026, 414.70, 416.45, 420.30, 414.55, 415.00, 416.70, 418.36, 99900, 417.94, 8419, 55253, 55.31
SITINET, BZ, 06-Oct-2026, 0.26, 0.26, 0.27, 0.25, 0.26, 0.25, 0.26, 1028300, 2.68, 278, -, -
SIYSIL, EQ, 06-Oct-2026, 540.15, 549.00, 559.05, 541.60, 554.60, 553.45, 552.87, 25170, 139.16, 1550, 12189, 48.43
SJLOGISTIC, SM, 06-Oct-2026, 314.85, 318.60, 318.75, 302.05, 310.40, 308.90, 311.34, 29500, 91.85, 102, 21000, 71.19
SJS, EQ, 06-Oct-2026, 2039.60, 2039.60, 2039.60, 1969.10, 1990.00, 1981.40, 2001.52, 278139, 5567.01, 35148, 154739, 55.63
SJVN, EQ, 06-Oct-2026, 57.16, 57.42, 57.60, 56.80, 57.20, 57.26, 57.16, 1735501, 992.01, 16714, 913742, 52.65
SKFINDIA, EQ, 06-Oct-2026, 1445.90, 1453.00, 1466.00, 1435.00, 1466.00, 1461.90, 1450.26, 34336, 497.96, 5734, 17524, 51.04
SKFINDUS, EQ, 06-Oct-2026, 2729.50, 2720.00, 2785.00, 2691.30, 2751.00, 2774.60, 2736.54, 23101, 632.17, 9146, 10017, 43.36
SKIPPER, EQ, 06-Oct-2026, 538.90, 539.05, 553.50, 537.00, 551.70, 551.50, 548.89, 377434, 2071.69, 18756, 191550, 50.75
SKMEGGPROD, EQ, 06-Oct-2026, 201.40, 202.01, 214.65, 202.01, 210.85, 210.05, 209.41, 179510, 375.91, 4943, 68440, 38.13
SKP, SM, 06-Oct-2026, 165.00, 164.50, 170.00, 162.40, 170.00, 170.00, 165.30, 19500, 32.23, 32, 4000, 20.51
SKYGOLD, EQ, 06-Oct-2026, 825.90, 830.70, 877.00, 830.65, 857.00, 857.65, 855.94, 4153944, 35555.10, 110325, 1985712, 47.80
SKYTECH, SM, 06-Oct-2026, 40.70, 42.00, 42.70, 39.50, 39.55, 40.15, 41.41, 40000, 16.57, 24, 33600, 84.00
SKYWAYS, EQ, 06-Oct-2026, 109.48, 110.00, 116.50, 109.52, 116.50, 113.51, 111.77, 1344512, 1502.73, 15966, 517890, 38.52
SLONE, SM, 06-Oct-2026, 162.90, 161.50, 161.50, 155.00, 159.60, 157.30, 159.69, 3200, 5.11, 8, 3200, 100.00
SMALL250, EQ, 06-Oct-2026, 17.68, 17.77, 18.20, 17.33, 17.98, 17.96, 17.87, 503365, 89.95, 605, 356072, 70.74
SMALLADD, EQ, 06-Oct-2026, 17.79, 18.23, 18.23, 17.79, 17.98, 17.98, 17.94, 16478, 2.96, 131, 9055, 54.95
SMALLCAP, EQ, 06-Oct-2026, 47.47, 47.60, 48.42, 47.47, 48.26, 48.24, 48.02, 1195165, 573.92, 2768, 667547, 55.85
SMALLGROWW, EQ, 06-Oct-2026, 47.50, 47.50, 48.31, 47.00, 48.29, 48.29, 48.07, 8501, 4.09, 61, 4877, 57.37
SMALLIETF, EQ, 06-Oct-2026, 17.61, 17.84, 18.09, 17.75, 18.01, 18.01, 17.87, 36414, 6.51, 95, 25697, 70.57
SMARTEN, SM, 06-Oct-2026, 55.65, 55.10, 55.50, 53.90, 54.00, 53.95, 54.51, 13200, 7.20, 11, 13200, 100.00
SMARTLINK, BE, 06-Oct-2026, 222.70, 226.95, 233.83, 218.00, 222.00, 221.90, 229.37, 15549, 35.66, 194, -, -
SMARTWORKS, EQ, 06-Oct-2026, 497.80, 501.00, 513.85, 497.35, 503.05, 503.90, 507.34, 128071, 649.75, 5203, 88982, 69.48
SMCGLOBAL, EQ, 06-Oct-2026, 114.50, 119.40, 120.00, 107.67, 110.00, 110.55, 112.03, 29982678, 33590.62, 179877, 3648484, 12.17
SML100CASE, EQ, 06-Oct-2026, 10.84, 11.04, 11.06, 10.87, 11.05, 10.99, 10.97, 1217057, 133.56, 1324, 806748, 66.29
SMLMAH, EQ, 06-Oct-2026, 6354.00, 6404.00, 6404.00, 6090.00, 6152.00, 6135.50, 6182.51, 55168, 3410.77, 8989, 25659, 46.51
SMLT, EQ, 06-Oct-2026, 78.72, 78.88, 78.90, 73.02, 73.70, 74.06, 75.42, 66008, 49.78, 1651, 29087, 44.07
SMSPHARMA, EQ, 06-Oct-2026, 477.85, 479.95, 482.80, 467.55, 472.00, 472.20, 474.35, 242600, 1150.77, 7556, 112724, 46.46
SNEHAA, SM, 06-Oct-2026, 44.35, 40.00, 42.00, 40.00, 42.00, 42.00, 40.84, 21000, 8.58, 19, 16000, 76.19
SNOWMAN, EQ, 06-Oct-2026, 33.99, 34.32, 34.59, 33.93, 34.40, 34.24, 34.21, 70667, 24.18, 787, 37329, 52.82
SNXT30BEES, EQ, 06-Oct-2026, 40.02, 39.94, 40.20, 39.94, 40.20, 40.16, 40.14, 3365, 1.35, 45, 2621, 77.89
SNXT50BETA, EQ, 06-Oct-2026, 89.24, 89.24, 90.28, 89.24, 90.01, 90.07, 89.81, 333, 0.30, 58, 262, 78.68
SOBHA, EQ, 06-Oct-2026, 1198.20, 1202.00, 1218.30, 1180.80, 1200.90, 1190.70, 1192.60, 401261, 4785.44, 18556, 305856, 76.22
SOCL, SM, 06-Oct-2026, 28.50, 29.30, 29.60, 29.30, 29.50, 29.50, 29.49, 59200, 17.46, 15, 59200, 100.00
SOFTTECH, EQ, 06-Oct-2026, 462.15, 463.20, 473.95, 459.90, 461.00, 461.55, 462.00, 1508, 6.97, 110, 920, 61.01
SOLARA, EQ, 06-Oct-2026, 676.90, 682.00, 689.70, 668.10, 687.00, 682.65, 677.51, 196640, 1332.26, 9727, 77049, 39.18
SOLARINDS, EQ, 06-Oct-2026, 19540.00, 19464.00, 20274.00, 19416.00, 20071.00, 20071.00, 19889.66, 177180, 35240.49, 35107, 64227, 36.25
SOLARWORLD, EQ, 06-Oct-2026, 123.94, 124.98, 132.00, 123.00, 130.01, 130.39, 128.29, 170537, 218.78, 3520, 77027, 45.17
SOLEX, EQ, 06-Oct-2026, 682.20, 687.00, 704.95, 670.00, 696.00, 690.85, 687.76, 114805, 789.58, 8461, 20854, 18.16
SOMANYCERA, EQ, 06-Oct-2026, 610.90, 606.00, 631.70, 605.35, 621.00, 625.00, 620.52, 129420, 803.07, 5563, 82427, 63.69
SOMATEX, EQ, 06-Oct-2026, 75.65, 76.89, 79.43, 75.72, 79.43, 79.09, 77.84, 5567, 4.33, 88, 4964, 89.17
SOMICONVEY, EQ, 06-Oct-2026, 83.43, 83.50, 86.49, 82.51, 83.92, 84.05, 83.95, 12860, 10.80, 435, 9054, 70.40
SONA, BE, 06-Oct-2026, 92.60, 92.00, 96.50, 90.02, 94.40, 94.08, 93.22, 64268, 59.91, 548, -, -
SONACOMS, EQ, 06-Oct-2026, 797.00, 799.70, 821.65, 793.25, 820.00, 820.00, 809.35, 1679743, 13594.97, 45794, 760062, 45.25
SONAL, EQ, 06-Oct-2026, 87.56, 85.00, 85.00, 83.19, 83.19, 83.19, 83.20, 1616, 1.34, 53, 1616, 100.00
SONAMAC, SM, 06-Oct-2026, 30.05, 29.85, 31.55, 29.10, 31.55, 31.55, 30.63, 12000, 3.68, 12, 10000, 83.33
SONAMLTD, BE, 06-Oct-2026, 69.94, 71.00, 72.34, 68.60, 71.99, 71.55, 71.49, 143443, 102.55, 596, -, -
SONATSOFTW, EQ, 06-Oct-2026, 254.00, 255.65, 256.70, 250.60, 251.60, 252.05, 252.46, 515712, 1301.95, 13900, 212326, 41.17
SONUINFRA, SM, 06-Oct-2026, 41.60, 39.55, 41.40, 39.55, 41.40, 41.40, 40.17, 4500, 1.81, 3, 3000, 66.67
SOTL, EQ, 06-Oct-2026, 727.20, 730.00, 780.00, 722.60, 777.75, 775.50, 758.72, 523424, 3971.33, 19339, 274659, 52.47
SOUTHBANK, EQ, 06-Oct-2026, 48.54, 48.20, 48.59, 47.05, 47.28, 47.23, 47.83, 11015738, 5268.89, 37800, 6140610, 55.74
SOUTHWEST, EQ, 06-Oct-2026, 195.58, 195.58, 201.60, 193.99, 201.00, 199.72, 198.54, 161477, 320.59, 4473, 59230, 36.68
SPAL, EQ, 06-Oct-2026, 937.90, 955.40, 958.90, 935.10, 955.00, 949.65, 948.45, 18873, 179.00, 2397, 7951, 42.13
SPANDANA, EQ, 06-Oct-2026, 213.52, 215.05, 219.98, 215.05, 217.55, 218.12, 217.63, 96068, 209.07, 3104, 38008, 39.56
SPARC, EQ, 06-Oct-2026, 191.26, 192.14, 197.69, 191.40, 196.80, 196.89, 195.47, 688818, 1346.43, 9645, 319645, 46.40
SPCENET, EQ, 06-Oct-2026, 3.22, 3.28, 3.54, 3.16, 3.34, 3.31, 3.35, 680098, 22.77, 524, 546893, 80.41
SPCL, SM, 06-Oct-2026, 61.80, 61.80, 62.10, 60.55, 60.60, 60.75, 61.41, 9000, 5.53, 12, 7800, 86.67
SPCON, SM, 06-Oct-2026, 165.00, 178.70, 182.00, 174.00, 182.00, 182.00, 177.34, 13200, 23.41, 11, 10800, 81.82
SPECIALITY, BE, 06-Oct-2026, 154.91, 157.00, 158.00, 151.20, 154.50, 156.32, 155.20, 14242, 22.10, 139, -, -
SPECTRAA, ST, 06-Oct-2026, 247.25, 247.25, 259.60, 242.00, 259.60, 259.60, 254.58, 128400, 326.88, 104, 126000, 98.13
SPECTRUM, BE, 06-Oct-2026, 3839.10, 3799.90, 3939.60, 3661.00, 3930.00, 3915.90, 3809.71, 19949, 760.00, 1784, -, -
SPECTSTM, SM, 06-Oct-2026, 58.95, 59.90, 61.90, 59.90, 60.40, 60.40, 60.93, 3200, 1.95, 4, 3200, 100.00
SPENCERS, EQ, 06-Oct-2026, 26.39, 26.88, 28.48, 25.99, 28.44, 28.30, 27.20, 80468, 21.89, 1612, 56614, 70.36
SPIC, EQ, 06-Oct-2026, 62.19, 62.42, 63.46, 62.11, 63.00, 63.05, 62.63, 243856, 152.73, 2404, 111657, 45.79
SPLIL, EQ, 06-Oct-2026, 28.94, 29.08, 29.60, 28.55, 29.50, 29.49, 29.41, 1186, 0.35, 21, 1185, 99.92
SPLPETRO, EQ, 06-Oct-2026, 798.35, 802.80, 825.45, 792.45, 817.25, 819.60, 814.00, 143797, 1170.51, 11127, 65610, 45.63
SPMLINFRA, EQ, 06-Oct-2026, 158.29, 159.99, 165.00, 159.99, 162.89, 162.63, 162.18, 118985, 192.97, 2251, 67368, 56.62
SPORTKING, EQ, 06-Oct-2026, 193.53, 192.51, 206.90, 192.51, 202.95, 202.80, 203.10, 381331, 774.48, 11571, 155265, 40.72
SPPPOLY, SM, 06-Oct-2026, 11.90, 11.40, 12.40, 11.40, 12.40, 12.40, 11.90, 4000, 0.48, 2, 2000, 50.00
SPUNWEB, SM, 06-Oct-2026, 102.40, 103.00, 115.65, 103.00, 115.65, 114.70, 110.36, 94800, 104.62, 48, 84000, 88.61
SRD, EQ, 06-Oct-2026, 37.70, 37.76, 38.57, 37.76, 38.28, 38.29, 38.28, 7028, 2.69, 115, 5498, 78.23
SREEL, BE, 06-Oct-2026, 290.80, 299.80, 299.80, 286.10, 291.00, 286.85, 288.63, 6028, 17.40, 158, -, -
SRF, EQ, 06-Oct-2026, 2460.00, 2450.00, 2492.00, 2445.20, 2470.00, 2470.00, 2471.12, 150635, 3722.38, 16375, 53230, 35.34
SRGHFL, EQ, 06-Oct-2026, 128.99, 124.01, 129.63, 122.55, 122.55, 122.55, 123.40, 6638, 8.19, 170, 5686, 85.66
SRHHYPOLTD, EQ, 06-Oct-2026, 537.30, 542.40, 559.00, 540.00, 547.35, 548.65, 549.04, 15877, 87.17, 1470, 7878, 49.62
SRIKPRIND, BE, 06-Oct-2026, 26.12, 26.12, 26.99, 24.85, 26.49, 25.23, 25.02, 2682, 0.67, 52, -, -
SRIT, BE, 06-Oct-2026, 130.00, 148.00, 155.09, 148.00, 155.09, 155.09, 150.44, 5130949, 7718.96, 22934, -, -
SRIVASAVI, ST, 06-Oct-2026, 77.45, 76.25, 81.30, 76.25, 81.25, 81.25, 80.14, 17000, 13.62, 16, 17000, 100.00
SRM, EQ, 06-Oct-2026, 398.65, 398.85, 422.00, 393.25, 415.10, 418.45, 413.74, 80137, 331.56, 3396, 40901, 51.04
SRTL, EQ, 06-Oct-2026, 36.10, 36.10, 37.49, 36.10, 36.31, 36.67, 36.77, 12161, 4.47, 173, 10150, 83.46
SSDL, EQ, 06-Oct-2026, 69.75, 69.80, 71.28, 67.16, 69.00, 68.57, 69.23, 77815, 53.87, 2017, 35462, 45.57
SSEGL, SM, 06-Oct-2026, 385.65, 378.00, 402.00, 378.00, 396.10, 397.00, 394.70, 37200, 146.83, 128, 24400, 65.59
SSFL, ST, 06-Oct-2026, 286.00, 278.20, 280.00, 275.00, 275.00, 275.30, 276.59, 5500, 15.21, 11, 5500, 100.00
SSRETAIL, EQ, 06-Oct-2026, 677.15, 678.00, 729.65, 665.50, 722.00, 712.75, 699.74, 14705225, 102897.79, 314570, 1156876, 7.87
SSWL, EQ, 06-Oct-2026, 410.55, 413.65, 434.00, 411.55, 426.00, 424.70, 423.76, 2408881, 10207.81, 54350, 899858, 37.36
STALLION, BE, 06-Oct-2026, 224.61, 226.90, 227.90, 221.21, 226.50, 225.72, 223.46, 368991, 824.55, 1783, -, -
STANLEY, EQ, 06-Oct-2026, 135.11, 135.13, 137.55, 135.01, 137.50, 136.54, 136.48, 41367, 56.46, 1109, 21063, 50.92
STAR, EQ, 06-Oct-2026, 1086.70, 1081.20, 1096.20, 1074.00, 1088.00, 1088.70, 1086.24, 138279, 1502.04, 19336, 73340, 53.04
STARCEMENT, EQ, 06-Oct-2026, 176.03, 177.00, 177.23, 175.30, 176.00, 176.41, 176.27, 50211, 88.51, 2450, 17835, 35.52
STARHEALTH, EQ, 06-Oct-2026, 535.25, 542.00, 553.30, 539.00, 550.25, 550.55, 544.24, 2132928, 11608.35, 41657, 1663650, 78.00
STARPAPER, EQ, 06-Oct-2026, 152.01, 152.01, 154.91, 151.36, 153.76, 154.14, 153.55, 2573, 3.95, 92, 2134, 82.94
STARTECK, EQ, 06-Oct-2026, 275.45, 282.00, 289.90, 250.50, 271.90, 272.50, 260.88, 1872, 4.88, 86, 1059, 56.57
STCINDIA, EQ, 06-Oct-2026, 105.27, 106.10, 107.00, 105.53, 105.80, 105.86, 106.14, 9737, 10.33, 293, 5594, 57.45
STEAMHOUSE, EQ, 06-Oct-2026, 107.66, 115.00, 118.42, 112.07, 118.42, 118.42, 115.90, 11965420, 13867.74, 48881, 4267954, 35.67
STEELCAS, EQ, 06-Oct-2026, 363.70, 363.55, 376.70, 357.60, 370.00, 369.60, 369.41, 88203, 325.83, 3901, 50508, 57.26
STEELCITY, EQ, 06-Oct-2026, 82.52, 82.50, 83.34, 81.50, 83.20, 82.72, 82.50, 3817, 3.15, 67, 1736, 45.48
STEELXIND, EQ, 06-Oct-2026, 11.12, 11.15, 11.60, 11.15, 11.50, 11.46, 11.41, 4754467, 542.66, 4413, 1783355, 37.51
STEL, EQ, 06-Oct-2026, 567.70, 570.00, 584.50, 570.00, 584.50, 575.95, 572.30, 950, 5.44, 95, 719, 75.68
STERTOOLS, EQ, 06-Oct-2026, 218.78, 216.00, 222.49, 215.00, 218.00, 218.45, 218.19, 30769, 67.13, 806, 18732, 60.88
STLNETWORK, EQ, 06-Oct-2026, 44.84, 44.84, 47.08, 44.42, 47.08, 47.08, 46.14, 6587304, 3039.50, 11634, 3941638, 59.84
STLSTRINF, EQ, 06-Oct-2026, 22.10, 22.54, 22.99, 21.35, 22.79, 21.75, 22.50, 2590, 0.58, 41, 2398, 92.59
STLTECH, BE, 06-Oct-2026, 1001.25, 1034.40, 1051.10, 1006.30, 1014.90, 1016.70, 1034.28, 3447000, 35651.77, 75860, -, -
STOVEKRAFT, EQ, 06-Oct-2026, 806.40, 807.00, 828.80, 806.35, 812.40, 813.45, 817.62, 160000, 1308.19, 9672, 56738, 35.46
STRIDERS, SM, 06-Oct-2026, 51.65, 50.15, 50.15, 50.15, 50.15, 50.15, 50.15, 4800, 2.41, 2, 4800, 100.00
STUDDS, EQ, 06-Oct-2026, 403.10, 400.00, 414.50, 399.55, 406.00, 407.05, 406.98, 37495, 152.60, 2453, 21741, 57.98
STUDIOLSD, SM, 06-Oct-2026, 8.55, 8.60, 8.65, 8.50, 8.50, 8.50, 8.56, 8000, 0.69, 4, 4000, 50.00
STYL, EQ, 06-Oct-2026, 358.55, 356.05, 375.30, 356.05, 364.00, 369.70, 365.24, 551497, 2014.27, 6446, 430439, 78.05
STYLAMIND, EQ, 06-Oct-2026, 3325.20, 3320.10, 3345.30, 3264.10, 3293.00, 3303.50, 3312.34, 22326, 739.51, 5427, 11261, 50.44
STYLEBAAZA, EQ, 06-Oct-2026, 359.90, 359.80, 377.85, 357.10, 376.85, 375.45, 367.21, 1260694, 4629.40, 11140, 642595, 50.97
STYRENIX, EQ, 06-Oct-2026, 2015.00, 2015.00, 2066.30, 2004.00, 2042.60, 2042.90, 2045.78, 17806, 364.27, 2601, 10612, 59.60
SUBAHOTELS, SM, 06-Oct-2026, 90.95, 90.15, 90.15, 87.55, 88.00, 88.50, 88.92, 26400, 23.48, 20, 18000, 68.18
SUBEXLTD, EQ, 06-Oct-2026, 19.21, 19.28, 19.93, 19.28, 19.61, 19.59, 19.63, 4662300, 915.18, 7676, 1506233, 32.31
SUBROS, EQ, 06-Oct-2026, 675.85, 680.00, 686.40, 672.00, 681.50, 682.95, 679.42, 31223, 212.14, 2983, 14155, 45.34
SUDARCOLOR, EQ, 06-Oct-2026, 365.65, 379.95, 379.95, 365.10, 373.30, 368.30, 368.79, 3286, 12.12, 246, 2665, 81.10
SUDARSCHEM, EQ, 06-Oct-2026, 1229.20, 1230.30, 1247.20, 1225.20, 1240.00, 1238.60, 1238.47, 87536, 1084.11, 8758, 40973, 46.81
SUDEEPPHRM, EQ, 06-Oct-2026, 1173.40, 1199.00, 1199.00, 1152.60, 1160.80, 1158.40, 1173.18, 94340, 1106.77, 10755, 58187, 61.68
SUKHJITS, EQ, 06-Oct-2026, 150.98, 152.00, 154.13, 146.00, 148.15, 147.84, 149.39, 9695, 14.48, 308, 7101, 73.24
SULA, EQ, 06-Oct-2026, 132.33, 132.99, 135.00, 132.57, 134.80, 134.01, 133.71, 168005, 224.64, 3965, 63363, 37.71
SUMAX, SM, 06-Oct-2026, 101.30, 100.30, 101.00, 100.00, 100.50, 100.50, 100.18, 25200, 25.25, 21, 22800, 90.48
SUMEDHA, EQ, 06-Oct-2026, 42.00, 43.43, 44.00, 41.13, 43.00, 43.45, 43.27, 5136, 2.22, 65, 3304, 64.33
SUMEETINDS, EQ, 06-Oct-2026, 10.89, 11.43, 11.43, 11.43, 11.43, 11.43, 11.43, 192796, 22.04, 100, 146286, 75.88
SUMICHEM, EQ, 06-Oct-2026, 414.70, 411.25, 427.70, 411.25, 417.20, 418.05, 420.35, 490031, 2059.87, 27987, 292411, 59.67
SUMIT, EQ, 06-Oct-2026, 50.64, 53.00, 53.00, 51.00, 51.93, 51.88, 52.05, 43586, 22.69, 275, 30019, 68.87
SUMMITSEC, EQ, 06-Oct-2026, 1314.80, 1316.30, 1330.40, 1306.50, 1321.10, 1321.00, 1319.69, 1814, 23.94, 377, 1053, 58.05
SUNCLAY, EQ, 06-Oct-2026, 1174.80, 1180.00, 1184.90, 1149.10, 1155.00, 1152.80, 1158.28, 6613, 76.60, 1131, 4881, 73.81
SUNDARAM, EQ, 06-Oct-2026, 1.09, 1.09, 1.10, 1.08, 1.10, 1.09, 1.09, 137030, 1.50, 216, 116785, 85.23
SUNDARMFIN, EQ, 06-Oct-2026, 4268.40, 4289.80, 4369.50, 4240.50, 4362.60, 4347.80, 4294.42, 31040, 1332.99, 10956, 17828, 57.44
SUNDRMBRAK, EQ, 06-Oct-2026, 681.30, 686.70, 697.00, 679.40, 680.00, 680.10, 685.86, 657, 4.51, 55, 565, 86.00
SUNDRMFAST, EQ, 06-Oct-2026, 1115.60, 1115.00, 1155.00, 1101.50, 1154.00, 1140.30, 1127.38, 103800, 1170.22, 12569, 63403, 61.08
SUNDROP, EQ, 06-Oct-2026, 748.60, 752.80, 762.00, 745.00, 745.00, 746.80, 749.57, 28219, 211.52, 791, 14919, 52.87
SUNFLAG, EQ, 06-Oct-2026, 455.00, 455.00, 473.00, 452.00, 461.00, 459.05, 463.43, 704018, 3262.62, 17128, 334543, 47.52
SUNLITE, SM, 06-Oct-2026, 656.20, 656.20, 660.00, 636.10, 647.95, 643.80, 646.73, 21000, 135.81, 66, 14100, 67.14
SUNLOC, EQ, 06-Oct-2026, 68.00, 68.00, 68.00, 68.00, 68.00, 68.00, 68.00, 60, 0.04, 4, 60, 100.00
SUNPHARMA, EQ, 06-Oct-2026, 1779.70, 1775.00, 1804.10, 1768.00, 1804.10, 1804.10, 1787.80, 1478310, 26429.16, 67783, 885883, 59.93
SUNRAKSHAK, EQ, 06-Oct-2026, 356.05, 357.20, 360.95, 352.10, 359.00, 356.75, 356.35, 2192, 7.81, 181, 1483, 67.66
SUNREST, SM, 06-Oct-2026, 35.50, 38.50, 38.50, 38.50, 38.50, 38.50, 38.50, 1600, 0.62, 1, 1600, 100.00
SUNSHIEL, EQ, 06-Oct-2026, 1097.00, 1102.70, 1111.90, 1029.00, 1058.00, 1047.40, 1059.70, 1686, 17.87, 230, 1079, 64.00
SUNSHINE, EQ, 06-Oct-2026, 447.55, 448.00, 469.90, 445.15, 446.15, 447.20, 456.86, 1276990, 5834.03, 7370, 484803, 37.96
SUNTECH, SM, 06-Oct-2026, 35.50, 36.55, 37.25, 36.00, 37.25, 37.25, 36.51, 9600, 3.50, 6, 6400, 66.67
SUNTECK, EQ, 06-Oct-2026, 278.15, 280.00, 281.65, 278.15, 279.00, 279.60, 279.83, 57716, 161.51, 2708, 29808, 51.65
SUNTV, EQ, 06-Oct-2026, 626.85, 625.80, 640.95, 620.60, 629.50, 632.10, 630.81, 1439793, 9082.37, 32909, 315753, 21.93
SUPERHOUSE, EQ, 06-Oct-2026, 155.88, 158.00, 158.00, 153.35, 155.90, 155.27, 155.10, 4302, 6.67, 127, 2702, 62.81
SUPERSPIN, BE, 06-Oct-2026, 7.26, 7.29, 7.57, 6.92, 7.18, 7.14, 7.08, 12170, 0.86, 59, -, -
SUPRAJIT, EQ, 06-Oct-2026, 461.50, 460.20, 473.85, 457.80, 470.00, 471.20, 467.61, 65826, 307.81, 9307, 35437, 53.83
SUPREME, EQ, 06-Oct-2026, 30.91, 30.80, 30.80, 30.00, 30.22, 30.27, 30.29, 7518, 2.28, 176, 4481, 59.60
SUPREMEENG, BZ, 06-Oct-2026, 4.32, 4.40, 4.40, 4.40, 4.40, 4.40, 4.40, 206286, 9.08, 79, -, -
SUPREMEIND, EQ, 06-Oct-2026, 3398.90, 3410.00, 3530.70, 3376.00, 3497.90, 3497.90, 3486.61, 221343, 7717.37, 18613, 127846, 57.76
SUPREMEINF, EQ, 06-Oct-2026, 61.59, 68.00, 68.00, 57.42, 61.11, 61.40, 60.30, 151116, 91.13, 2671, 82576, 54.64
SUPREMEPWR, SM, 06-Oct-2026, 227.25, 234.00, 243.80, 232.20, 239.95, 239.45, 238.43, 173500, 413.68, 308, 108000, 62.25
SUPRIYA, EQ, 06-Oct-2026, 899.55, 900.00, 917.40, 885.00, 916.00, 915.35, 903.68, 177090, 1600.33, 14131, 70348, 39.72
SUPTANERY, BE, 06-Oct-2026, 7.69, 7.69, 8.07, 7.36, 8.07, 8.07, 8.00, 94825, 7.58, 211, -, -
SURAJEST, EQ, 06-Oct-2026, 208.40, 210.68, 211.00, 204.00, 206.90, 205.53, 206.80, 92916, 192.15, 1779, 58930, 63.42
SURAJLTD, EQ, 06-Oct-2026, 191.50, 195.00, 195.00, 180.00, 187.99, 187.40, 183.78, 3738, 6.87, 221, 2730, 73.03
SURAKSHA, EQ, 06-Oct-2026, 331.85, 330.20, 334.70, 325.15, 330.50, 332.00, 329.63, 57477, 189.46, 2953, 24485, 42.60
SURANASOL, EQ, 06-Oct-2026, 24.07, 23.65, 24.07, 23.56, 24.00, 23.67, 23.76, 42501, 10.10, 447, 31967, 75.21
SURANAT&P, EQ, 06-Oct-2026, 15.65, 15.65, 16.10, 15.60, 15.61, 15.76, 15.80, 29445, 4.65, 251, 21675, 73.61
SURANI, SM, 06-Oct-2026, 120.05, 144.05, 144.05, 140.00, 144.05, 144.05, 144.02, 69400, 99.95, 115, 54200, 78.10
SURYALA, EQ, 06-Oct-2026, 377.15, 377.00, 386.95, 376.30, 376.30, 376.30, 378.11, 255, 0.96, 9, 197, 77.25
SURYALAXMI, EQ, 06-Oct-2026, 57.50, 57.45, 57.97, 57.00, 57.00, 57.00, 57.40, 1173, 0.67, 15, 1152, 98.21
SURYAROSNI, EQ, 06-Oct-2026, 220.41, 220.10, 222.90, 218.65, 222.00, 221.35, 221.37, 165570, 366.53, 4830, 77472, 46.79
SURYODAY, EQ, 06-Oct-2026, 146.86, 148.88, 154.45, 145.91, 151.50, 151.47, 149.94, 305987, 458.81, 4851, 185190, 60.52
SUTLEJTEX, EQ, 06-Oct-2026, 36.97, 38.10, 38.10, 36.26, 37.01, 37.04, 37.09, 13973, 5.18, 240, 10855, 77.69
SUVEN, EQ, 06-Oct-2026, 306.30, 308.00, 312.50, 302.30, 310.00, 309.15, 308.23, 920242, 2836.47, 16308, 510667, 55.49
SUVIDHAA, EQ, 06-Oct-2026, 2.10, 2.12, 2.13, 1.91, 2.05, 2.07, 2.06, 100019, 2.06, 251, 82266, 82.25
SUYOG, EQ, 06-Oct-2026, 664.25, 665.25, 677.90, 653.00, 676.90, 667.25, 664.74, 10888, 72.38, 1064, 5732, 52.65
SUZLON, EQ, 06-Oct-2026, 38.92, 39.01, 39.45, 38.85, 39.16, 39.16, 39.17, 42495197, 16643.65, 69032, 18011576, 42.38
SVGLOBAL, EQ, 06-Oct-2026, 135.70, 140.00, 140.99, 135.28, 140.94, 140.92, 140.64, 957, 1.35, 46, 637, 66.56
SVLL, EQ, 06-Oct-2026, 822.20, 823.00, 850.00, 822.20, 830.55, 835.60, 833.98, 2740, 22.85, 111, 2230, 81.39
SVPGLOB, EQ, 06-Oct-2026, 3.03, 3.04, 3.16, 2.96, 3.14, 3.11, 3.01, 59824, 1.80, 69, 49017, 81.94
SWANCORP, EQ, 06-Oct-2026, 262.90, 263.10, 270.75, 262.60, 269.60, 268.85, 266.01, 817660, 2175.08, 18312, 277765, 33.97
SWANDEF, BE, 06-Oct-2026, 2728.80, 2720.00, 2769.90, 2660.00, 2740.00, 2760.20, 2741.66, 23194, 635.90, 1121, -, -
SWARAJ, BE, 06-Oct-2026, 369.80, 365.00, 368.00, 351.55, 360.00, 354.70, 359.50, 31212, 112.21, 186, -, -
SWARAJENG, EQ, 06-Oct-2026, 3532.20, 3524.80, 3549.90, 3511.00, 3540.00, 3537.80, 3529.08, 9212, 325.10, 2362, 6041, 65.58
SWARNSAR, EQ, 06-Oct-2026, 40.14, 40.14, 41.00, 39.00, 40.73, 40.62, 39.79, 11939, 4.75, 67, 10556, 88.42
SWASTIK, ST, 06-Oct-2026, 19.00, 18.05, 18.05, 18.05, 18.05, 18.05, 18.05, 1200, 0.22, 1, 1200, 100.00
SWASTIKAIN, BE, 06-Oct-2026, 208.47, 205.00, 217.00, 198.05, 200.05, 200.13, 200.97, 445285, 894.89, 2618, -, -
SWELECTES, EQ, 06-Oct-2026, 600.10, 608.50, 620.00, 595.00, 618.20, 613.80, 612.51, 28332, 173.54, 2109, 15768, 55.65
SWIGGY, EQ, 06-Oct-2026, 238.80, 240.00, 244.75, 238.00, 244.20, 244.20, 241.82, 9738654, 23549.90, 48117, 3742477, 38.43
SWISSMLTRY, BE, 06-Oct-2026, 14.16, 14.49, 14.49, 13.85, 14.19, 14.07, 14.04, 34146, 4.79, 268, -, -
SWSOLAR, EQ, 06-Oct-2026, 163.72, 164.90, 173.69, 164.20, 173.00, 172.54, 170.16, 1334043, 2269.95, 17098, 419145, 31.42
SYMBIOTEC, EQ, 06-Oct-2026, 1169.70, 1168.90, 1209.50, 1138.60, 1151.00, 1149.50, 1166.73, 641019, 7478.97, 36936, 184187, 28.73
SYMPHONY, EQ, 06-Oct-2026, 559.45, 564.15, 568.00, 555.00, 558.00, 556.95, 560.44, 55548, 311.31, 3354, 36597, 65.88
SYNCOMF, EQ, 06-Oct-2026, 23.14, 23.14, 23.83, 22.77, 23.25, 23.22, 23.21, 15329504, 3557.27, 22815, 3859890, 25.18
SYNGENE, EQ, 06-Oct-2026, 357.40, 357.40, 364.00, 355.55, 359.15, 363.20, 360.25, 319188, 1149.88, 17381, 191574, 60.02
SYNOPTICS, SM, 06-Oct-2026, 50.85, 50.85, 50.85, 50.85, 50.85, 50.85, 50.85, 600, 0.31, 1, 600, 100.00
SYRMA, EQ, 06-Oct-2026, 1700.40, 1738.10, 1738.10, 1670.30, 1688.00, 1685.10, 1689.72, 817702, 13816.84, 51919, 262895, 32.15
SYSTANGO, SM, 06-Oct-2026, 215.30, 217.00, 221.95, 217.00, 219.40, 219.20, 219.52, 3600, 7.90, 9, 3200, 88.89
SYSTMTXC, BE, 06-Oct-2026, 73.50, 73.10, 73.10, 73.00, 73.05, 73.05, 73.05, 2595, 1.90, 21, -, -
TAALTECH, EQ, 06-Oct-2026, 929.70, 939.90, 1115.00, 913.60, 1106.00, 1093.40, 1047.24, 622209, 6516.04, 36299, 78349, 12.59
TAC, ST, 06-Oct-2026, 389.75, 389.05, 409.20, 386.15, 409.20, 409.20, 399.92, 48000, 191.96, 194, 42400, 88.33
TAINWALCHM, EQ, 06-Oct-2026, 197.18, 204.49, 204.49, 200.10, 201.97, 201.12, 200.75, 695, 1.40, 29, 650, 93.53
TAJGVK, EQ, 06-Oct-2026, 315.30, 315.00, 320.50, 314.40, 319.00, 318.30, 317.80, 24032, 76.37, 1128, 14729, 61.29
TAKE, EQ, 06-Oct-2026, 12.06, 11.86, 12.49, 11.51, 11.52, 11.55, 11.88, 577722, 68.61, 1937, 424300, 73.44
TALBROAUTO, EQ, 06-Oct-2026, 416.45, 416.45, 434.00, 416.30, 434.00, 429.45, 426.48, 138664, 591.38, 6188, 70953, 51.17
TAMBOLIIN, BE, 06-Oct-2026, 296.05, 295.00, 310.85, 295.00, 308.00, 300.35, 306.23, 22764, 69.71, 79, -, -
TANAA, EQ, 06-Oct-2026, 314.35, 315.00, 323.70, 308.10, 310.00, 309.30, 313.53, 36995, 115.99, 2067, 24611, 66.53
TANKUP, ST, 06-Oct-2026, 1752.65, 1778.50, 1787.70, 1778.50, 1787.70, 1787.70, 1785.77, 2750, 49.11, 11, 2500, 90.91
TANLA, EQ, 06-Oct-2026, 488.00, 489.50, 493.40, 487.30, 492.30, 492.15, 490.56, 132721, 651.07, 8050, 58461, 44.05
TARACHAND, EQ, 06-Oct-2026, 46.47, 47.50, 47.50, 46.01, 46.34, 46.42, 46.51, 40223, 18.71, 1073, 24955, 62.04
TARAPUR, EQ, 06-Oct-2026, 11.58, 11.95, 11.95, 11.20, 11.75, 11.61, 11.69, 24826, 2.90, 222, 16532, 66.59
TARC, EQ, 06-Oct-2026, 122.84, 123.95, 124.56, 122.36, 124.34, 124.10, 123.25, 180539, 222.52, 1662, 98066, 54.32
TARIL, EQ, 06-Oct-2026, 285.45, 286.25, 288.20, 277.75, 283.95, 283.65, 283.10, 2263680, 6408.37, 39110, 635125, 28.06
TARMAT, EQ, 06-Oct-2026, 56.20, 57.80, 59.99, 56.30, 57.25, 56.79, 58.08, 78718, 45.72, 848, 25702, 32.65
TARSONS, EQ, 06-Oct-2026, 335.95, 332.75, 349.00, 329.55, 333.80, 331.65, 340.32, 166476, 566.55, 5264, 90604, 54.42
TASTYBITE, EQ, 06-Oct-2026, 9377.50, 9477.00, 9486.50, 9321.00, 9460.50, 9413.00, 9385.78, 932, 87.48, 414, 366, 39.27
TATACAP, EQ, 06-Oct-2026, 317.60, 317.60, 323.05, 316.60, 322.70, 322.10, 320.71, 1014911, 3254.88, 42919, 586855, 57.82
TATACHEM, EQ, 06-Oct-2026, 617.40, 620.00, 624.75, 615.40, 617.00, 616.55, 618.63, 691824, 4279.81, 23853, 255644, 36.95
TATACOMM, EQ, 06-Oct-2026, 1677.20, 1678.00, 1694.70, 1664.20, 1690.00, 1681.80, 1680.84, 132327, 2224.21, 10468, 92458, 69.87
TATACONSUM, EQ, 06-Oct-2026, 953.75, 953.75, 976.00, 946.25, 976.00, 976.00, 960.62, 904358, 8687.41, 31639, 542774, 60.02
TATAELXSI, EQ, 06-Oct-2026, 3105.00, 3110.10, 3119.90, 3078.10, 3093.00, 3093.00, 3094.90, 196732, 6088.65, 24764, 93396, 47.47
TATAGOLD, EQ, 06-Oct-2026, 14.30, 14.25, 14.30, 14.18, 14.29, 14.28, 14.23, 52143065, 7417.50, 61494, 29512141, 56.60
TATAINVEST, EQ, 06-Oct-2026, 621.75, 628.05, 637.80, 621.65, 624.40, 624.15, 629.29, 335796, 2113.12, 16944, 105963, 31.56
TATAPOWER, EQ, 06-Oct-2026, 351.50, 352.10, 356.75, 349.85, 351.65, 351.65, 352.99, 5741438, 20266.66, 31877, 4120835, 71.77
TATASTEEL, EQ, 06-Oct-2026, 178.14, 178.25, 180.38, 177.00, 178.69, 178.69, 178.61, 17244259, 30799.71, 130013, 7583803, 43.98
TATATECH, EQ, 06-Oct-2026, 697.55, 704.45, 707.45, 695.80, 703.00, 703.10, 700.61, 307198, 2152.25, 23068, 131522, 42.81
TATSILV, EQ, 06-Oct-2026, 21.53, 21.38, 21.42, 21.17, 21.41, 21.40, 21.29, 28052039, 5971.41, 39462, 12475951, 44.47
TATVA, EQ, 06-Oct-2026, 1799.00, 1820.10, 1900.00, 1794.30, 1899.00, 1877.40, 1847.63, 132614, 2450.21, 13330, 67815, 51.14
TAURIAN, ST, 06-Oct-2026, 617.85, 618.00, 646.25, 618.00, 645.50, 645.50, 641.97, 34400, 220.84, 38, 31200, 90.70
TBI, SM, 06-Oct-2026, 74.65, 74.00, 74.90, 71.30, 72.40, 73.20, 72.84, 57600, 41.96, 76, 48000, 83.33
TBOTEK, EQ, 06-Oct-2026, 1657.00, 1659.90, 1702.10, 1624.20, 1683.60, 1693.20, 1657.27, 178083, 2951.31, 12205, 103425, 58.08
TBZ, BE, 06-Oct-2026, 597.90, 588.00, 617.85, 568.05, 612.40, 608.85, 577.58, 394826, 2280.44, 4314, -, -
TCC, EQ, 06-Oct-2026, 47.07, 46.61, 49.04, 46.22, 46.51, 47.09, 47.60, 720355, 342.86, 6166, 190835, 26.49
TCI, EQ, 06-Oct-2026, 878.75, 883.95, 889.90, 877.00, 886.50, 888.00, 882.76, 40550, 357.96, 3112, 26874, 66.27
TCIEXP, EQ, 06-Oct-2026, 494.20, 504.00, 507.00, 491.30, 500.65, 501.40, 497.63, 25355, 126.18, 1576, 7991, 31.52
TCIFINANCE, EQ, 06-Oct-2026, 14.30, 14.23, 14.89, 14.00, 14.15, 14.16, 14.16, 7205, 1.02, 81, 6536, 90.71
TCL, SM, 06-Oct-2026, 139.30, 137.00, 141.15, 133.00, 137.00, 137.45, 136.92, 154400, 211.41, 49, 136000, 88.08
TCPLPACK, EQ, 06-Oct-2026, 3933.60, 3975.00, 4023.10, 3890.20, 4022.00, 4007.90, 3970.53, 2681, 106.45, 727, 1590, 59.31
TCS, EQ, 06-Oct-2026, 2114.40, 2097.00, 2115.00, 2082.70, 2100.00, 2100.00, 2094.24, 2382510, 49895.54, 81520, 1212217, 50.88
TDPOWERSYS, EQ, 06-Oct-2026, 812.90, 810.00, 832.75, 798.30, 816.90, 816.00, 816.91, 2739151, 22376.29, 85046, 947688, 34.60
TEAMGTY, EQ, 06-Oct-2026, 236.15, 239.80, 239.80, 235.00, 235.00, 235.02, 235.05, 326, 0.77, 15, 324, 99.39
TEAMLEASE, EQ, 06-Oct-2026, 1134.60, 1126.10, 1147.10, 1121.00, 1130.00, 1130.30, 1130.32, 16958, 191.68, 2246, 11933, 70.37
TEAMTECH, ST, 06-Oct-2026, 153.20, 153.40, 153.40, 151.00, 151.60, 151.80, 152.24, 14000, 21.31, 7, 14000, 100.00
TECH, EQ, 06-Oct-2026, 30.88, 31.65, 31.65, 30.57, 30.66, 30.71, 30.73, 11112, 3.41, 132, 5827, 52.44
TECHD, SM, 06-Oct-2026, 552.00, 567.50, 567.50, 515.00, 526.00, 529.80, 537.44, 29400, 158.01, 93, 21900, 74.49
TECHERA, SM, 06-Oct-2026, 159.10, 154.15, 158.05, 151.15, 153.00, 153.30, 153.94, 156000, 240.14, 187, 92000, 58.97
TECHLABS, SM, 06-Oct-2026, 113.90, 115.00, 117.85, 110.00, 113.00, 113.25, 112.38, 13625, 15.31, 78, 9250, 67.89
TECHM, EQ, 06-Oct-2026, 1535.90, 1536.00, 1540.80, 1495.00, 1504.50, 1504.50, 1503.52, 2389084, 35920.46, 70760, 1340425, 56.11
TECHNOCRAF, EQ, 06-Oct-2026, 471.10, 471.25, 479.80, 455.10, 469.15, 467.25, 468.82, 646452, 3030.68, 18382, 234726, 36.31
TECHNOE, EQ, 06-Oct-2026, 978.60, 980.90, 1003.20, 980.80, 988.00, 996.20, 992.26, 112790, 1119.17, 9426, 70905, 62.86
TECHNVISN, EQ, 06-Oct-2026, 3821.90, 3801.10, 4012.90, 3801.10, 4012.90, 4012.90, 3936.80, 118, 4.65, 58, 113, 95.76
TECILCHEM, EQ, 06-Oct-2026, 9.56, 9.55, 9.55, 9.14, 9.18, 9.24, 9.40, 2818, 0.26, 49, 2410, 85.52
TEGA, EQ, 06-Oct-2026, 2064.10, 2091.60, 2129.00, 2060.80, 2095.00, 2092.50, 2098.59, 249989, 5246.25, 17643, 101772, 40.71
TEJA, SM, 06-Oct-2026, 214.20, 212.05, 212.05, 212.05, 212.05, 212.05, 212.05, 1200, 2.54, 2, 1200, 100.00
TEJASNET, EQ, 06-Oct-2026, 463.20, 466.80, 484.80, 465.65, 475.85, 475.85, 478.34, 1878474, 8985.45, 48630, 325201, 17.31
TEMBO, EQ, 06-Oct-2026, 55.18, 55.88, 58.86, 55.88, 57.98, 58.25, 58.18, 5603319, 3259.84, 11748, 1736052, 30.98
TEMPSENS, EQ, 06-Oct-2026, 493.95, 495.60, 520.00, 486.15, 514.75, 515.50, 503.02, 1537191, 7732.34, 37381, 391500, 25.47
TENNIND, EQ, 06-Oct-2026, 487.00, 487.15, 497.45, 483.30, 492.75, 494.15, 491.96, 577492, 2841.04, 29230, 381493, 66.06
TERAI, EQ, 06-Oct-2026, 116.00, 110.00, 120.00, 110.00, 120.00, 120.00, 113.05, 4, 0.00, 3, 3, 75.00
TERASOFT, EQ, 06-Oct-2026, 227.86, 235.85, 263.16, 230.00, 235.31, 237.77, 240.97, 92595, 223.13, 3695, 27803, 30.03
TEXINFRA, EQ, 06-Oct-2026, 120.53, 120.80, 126.40, 119.00, 126.00, 125.42, 123.12, 587316, 723.08, 4855, 337698, 57.50
TEXMOPIPES, EQ, 06-Oct-2026, 50.37, 50.68, 54.50, 50.10, 53.50, 53.80, 53.02, 175736, 93.18, 2405, 67643, 38.49
TEXRAIL, EQ, 06-Oct-2026, 117.18, 118.20, 119.92, 116.72, 117.40, 117.38, 118.23, 2061189, 2436.96, 17911, 782789, 37.98
TFCILTD, EQ, 06-Oct-2026, 139.65, 140.27, 141.50, 139.25, 140.21, 140.65, 140.38, 3376081, 4739.19, 15741, 1586706, 47.00
TFL, EQ, 06-Oct-2026, 11.72, 11.76, 12.25, 11.75, 12.19, 11.99, 12.03, 6398, 0.77, 34, 6203, 96.95
TGBHOTELS, EQ, 06-Oct-2026, 9.51, 9.70, 9.70, 9.20, 9.50, 9.37, 9.39, 4118, 0.39, 55, 4092, 99.37
TGL, ST, 06-Oct-2026, 12.95, 12.70, 13.20, 12.70, 13.20, 13.20, 12.77, 39400, 5.03, 63, 39200, 99.49
TGVSL, EQ, 06-Oct-2026, 121.99, 122.29, 126.00, 121.55, 125.40, 125.48, 124.28, 360172, 447.63, 5189, 180668, 50.16
THACKER, EQ, 06-Oct-2026, 935.00, 940.00, 940.00, 939.65, 939.65, 939.65, 939.97, 11, 0.10, 2, 11, 100.00
THANGAMAYL, EQ, 06-Oct-2026, 4747.00, 4794.00, 4847.00, 4726.00, 4751.00, 4758.50, 4765.02, 41236, 1964.91, 9424, 20807, 50.46
THEINVEST, EQ, 06-Oct-2026, 90.10, 91.00, 92.65, 90.25, 90.25, 90.81, 90.38, 1290, 1.17, 34, 1137, 88.14
THEJO, EQ, 06-Oct-2026, 2095.20, 2095.20, 2113.00, 2082.10, 2100.00, 2098.90, 2099.17, 4668, 97.99, 447, 3713, 79.54
THELEELA, EQ, 06-Oct-2026, 577.60, 582.00, 589.70, 566.50, 583.00, 582.70, 579.68, 514330, 2981.46, 53185, 337911, 65.70
THEMISMED, EQ, 06-Oct-2026, 112.89, 113.45, 114.98, 112.35, 114.00, 113.49, 113.61, 44074, 50.07, 1100, 22566, 51.20
THERMAX, EQ, 06-Oct-2026, 3228.20, 3230.00, 3250.00, 3193.00, 3225.00, 3225.10, 3215.01, 236487, 7603.08, 44739, 159310, 67.37
THESL, ST, 06-Oct-2026, 15.55, 15.00, 15.00, 14.80, 14.80, 14.80, 14.87, 9000, 1.34, 3, 6000, 66.67
THOMASCOOK, EQ, 06-Oct-2026, 99.61, 99.63, 101.63, 99.51, 101.50, 101.09, 100.81, 248235, 250.25, 3789, 100739, 40.58
THOMASCOTT, EQ, 06-Oct-2026, 278.85, 278.80, 292.80, 275.10, 280.00, 280.80, 283.44, 111445, 315.88, 2473, 67440, 60.51
THYROCARE, EQ, 06-Oct-2026, 542.05, 542.00, 544.60, 528.50, 530.00, 529.80, 534.11, 156551, 836.16, 17056, 92524, 59.10
TI, EQ, 06-Oct-2026, 540.35, 549.00, 579.80, 540.00, 544.00, 547.80, 561.43, 2728824, 15320.43, 79661, 1166322, 42.74
TICL, BE, 06-Oct-2026, 8.17, 8.57, 8.57, 8.57, 8.57, 8.57, 8.57, 26627, 2.28, 31, -, -
TIGERLOGS, EQ, 06-Oct-2026, 26.30, 26.89, 27.49, 24.82, 25.70, 25.86, 25.69, 306981, 78.85, 1892, 217617, 70.89
TIIL, EQ, 06-Oct-2026, 2815.30, 2815.30, 2850.00, 2777.80, 2835.00, 2819.10, 2817.86, 20082, 565.88, 3612, 9994, 49.77
TIINDIA, EQ, 06-Oct-2026, 2320.00, 2329.20, 2472.70, 2312.00, 2472.70, 2472.70, 2425.87, 780130, 18924.96, 37969, 357384, 45.81
TIJARIA, BE, 06-Oct-2026, 6.62, 6.57, 6.60, 6.36, 6.58, 6.42, 6.55, 14938, 0.98, 88, -, -
TIL, BE, 06-Oct-2026, 242.15, 240.70, 250.00, 239.00, 241.35, 242.25, 242.83, 114661, 278.43, 481, -, -
TIMETECHNO, EQ, 06-Oct-2026, 178.71, 178.51, 183.70, 178.10, 183.40, 183.07, 182.03, 2979108, 5422.91, 22841, 655511, 22.00
TIMEX, EQ, 06-Oct-2026, 734.60, 737.00, 759.70, 726.65, 728.00, 731.70, 743.54, 528969, 3933.12, 35768, 195660, 36.99
TIMKEN, EQ, 06-Oct-2026, 3132.30, 3158.60, 3169.90, 3111.00, 3169.90, 3156.90, 3142.55, 18065, 567.70, 7026, 9462, 52.38
TINNARUBR, EQ, 06-Oct-2026, 930.15, 948.05, 960.00, 931.25, 941.70, 950.25, 943.33, 24118, 227.51, 2544, 13520, 56.06
TIPSFILMS, EQ, 06-Oct-2026, 312.25, 309.00, 374.70, 309.00, 331.60, 334.55, 354.24, 98064, 347.38, 3870, 28206, 28.76
TIPSMUSIC, EQ, 06-Oct-2026, 639.10, 648.00, 661.45, 637.80, 654.50, 653.10, 650.47, 253226, 1647.16, 11848, 139776, 55.20
TIRUMALCHM, EQ, 06-Oct-2026, 143.35, 144.10, 150.99, 144.10, 148.72, 148.53, 148.68, 320975, 477.23, 5773, 150374, 46.85
TIRUPATIFL, BE, 06-Oct-2026, 73.66, 72.51, 74.00, 72.19, 72.19, 72.19, 73.09, 398736, 291.45, 503, -, -
TITAGARH, EQ, 06-Oct-2026, 809.65, 813.50, 813.50, 802.85, 804.00, 804.85, 806.75, 249996, 2016.84, 14018, 83847, 33.54
TITAN, EQ, 06-Oct-2026, 4580.00, 4599.90, 4600.00, 4530.30, 4550.00, 4550.00, 4553.62, 800113, 36434.09, 63283, 506313, 63.28
TMB, EQ, 06-Oct-2026, 886.25, 883.95, 889.95, 872.40, 878.00, 878.95, 880.76, 136215, 1199.73, 14570, 61369, 45.05
TMCV, EQ, 06-Oct-2026, 426.80, 427.30, 437.55, 423.70, 431.45, 433.80, 429.11, 7619951, 32697.96, 140984, 4185285, 54.93
TMPV, EQ, 06-Oct-2026, 288.65, 288.40, 290.40, 285.10, 285.80, 285.80, 287.30, 7578840, 21773.97, 64320, 3855394, 50.87
TNIDETF, EQ, 06-Oct-2026, 83.14, 83.55, 84.98, 83.10, 83.18, 84.01, 84.19, 80842, 68.06, 389, 49592, 61.34
TNPETRO, EQ, 06-Oct-2026, 122.75, 123.00, 127.13, 123.00, 125.63, 126.03, 125.23, 803613, 1006.33, 14533, 407387, 50.69
TNPL, EQ, 06-Oct-2026, 146.49, 147.40, 148.92, 145.61, 146.32, 145.94, 146.82, 62489, 91.75, 2227, 33312, 53.31
TNTELE, BE, 06-Oct-2026, 10.99, 10.45, 10.45, 10.45, 10.45, 10.45, 10.45, 32851, 3.43, 56, -, -
TOKYOPLAST, EQ, 06-Oct-2026, 71.06, 71.11, 73.20, 71.10, 71.10, 71.10, 72.08, 833, 0.60, 33, 463, 55.58
TOLINS, EQ, 06-Oct-2026, 85.12, 90.00, 91.85, 86.50, 90.50, 90.19, 89.57, 202771, 181.63, 3942, 60193, 29.69
TOP100CASE, EQ, 06-Oct-2026, 9.94, 10.00, 10.05, 9.93, 10.05, 10.03, 10.00, 593557, 59.37, 1044, 488981, 82.38
TOP10ADD, EQ, 06-Oct-2026, 83.07, 83.48, 84.10, 83.13, 84.08, 83.84, 83.71, 1969278, 1648.42, 458, 1896518, 96.31
TOP15IETF, EQ, 06-Oct-2026, 9.17, 9.35, 9.35, 9.17, 9.29, 9.30, 9.22, 46067, 4.25, 146, 40623, 88.18
TOP20, EQ, 06-Oct-2026, 8.34, 8.38, 8.42, 8.36, 8.41, 8.40, 8.39, 30049, 2.52, 143, 21889, 72.84
TORNTPHARM, EQ, 06-Oct-2026, 4772.00, 4763.50, 4788.30, 4702.50, 4772.00, 4772.00, 4764.04, 302606, 14416.26, 30836, 166689, 55.08
TORNTPOWER, EQ, 06-Oct-2026, 1234.20, 1234.60, 1240.10, 1220.50, 1232.00, 1234.90, 1230.31, 206066, 2535.25, 14042, 128486, 62.35
TOTAL, BE, 06-Oct-2026, 69.23, 69.23, 71.70, 69.00, 71.00, 71.54, 71.00, 3174, 2.25, 39, -, -
TOUCHWOOD, EQ, 06-Oct-2026, 58.53, 58.55, 58.95, 58.26, 58.95, 58.95, 58.56, 640, 0.37, 23, 531, 82.97
TOYAMSL, EQ, 06-Oct-2026, 0.66, 0.65, 0.69, 0.64, 0.69, 0.68, 0.67, 765045, 5.09, 254, 450252, 58.85
TPHQ, BE, 06-Oct-2026, 0.49, 0.49, 0.50, 0.47, 0.49, 0.48, 0.49, 1369830, 6.67, 319, -, -
TPLPLASTEH, EQ, 06-Oct-2026, 67.86, 68.60, 69.44, 67.51, 69.40, 69.18, 68.74, 110390, 75.88, 953, 37242, 33.74
TRACXN, EQ, 06-Oct-2026, 31.61, 31.60, 35.00, 31.60, 34.49, 34.34, 33.91, 493405, 167.32, 3338, 291314, 59.04
TRANSCOR, EQ, 06-Oct-2026, 24.60, 24.90, 24.90, 23.75, 23.76, 23.91, 23.82, 624, 0.15, 20, 623, 99.84
TRANSPEK, BE, 06-Oct-2026, 1313.90, 1313.80, 1379.50, 1300.00, 1379.50, 1379.50, 1373.41, 3069, 42.15, 144, -, -
TRANSRAILL, EQ, 06-Oct-2026, 462.75, 478.00, 486.00, 474.10, 483.20, 482.40, 480.79, 2088541, 10041.49, 52716, 374619, 17.94
TRANSTEEL, SM, 06-Oct-2026, 79.75, 81.95, 82.40, 80.70, 80.70, 80.95, 81.55, 12000, 9.79, 12, 6000, 50.00
TRANSWORLD, BE, 06-Oct-2026, 154.29, 154.00, 156.97, 152.05, 153.70, 153.70, 152.85, 3872, 5.92, 66, -, -
TRAVELFOOD, EQ, 06-Oct-2026, 1204.30, 1200.00, 1204.70, 1191.00, 1200.00, 1197.90, 1197.54, 23618, 282.83, 5466, 12449, 52.71
TREEHOUSE, EQ, 06-Oct-2026, 5.80, 5.98, 5.98, 5.73, 5.85, 5.82, 5.84, 17012, 0.99, 93, 10482, 61.62
TREJHARA, EQ, 06-Oct-2026, 131.36, 131.36, 133.05, 128.80, 131.13, 130.39, 130.57, 13317, 17.39, 585, 8618, 64.71
TREL, EQ, 06-Oct-2026, 26.99, 26.99, 27.39, 26.51, 26.61, 26.64, 26.80, 39088, 10.48, 750, 22249, 56.92
TRENT, EQ, 06-Oct-2026, 2580.00, 2800.00, 2914.00, 2782.30, 2906.00, 2906.00, 2866.61, 6695372, 191930.48, 248124, 933558, 13.94
TRF, EQ, 06-Oct-2026, 194.02, 196.86, 197.47, 193.97, 196.36, 196.30, 195.45, 6221, 12.16, 303, 4464, 71.76
TRIDENT, EQ, 06-Oct-2026, 21.84, 21.84, 22.98, 21.84, 22.60, 22.56, 22.46, 6085787, 1366.90, 20748, 1583542, 26.02
TRIGYN, EQ, 06-Oct-2026, 51.45, 51.50, 52.79, 51.30, 52.00, 51.70, 51.93, 20828, 10.82, 371, 15882, 76.25
TRITONV, EQ, 06-Oct-2026, 1063.20, 1076.80, 1095.00, 1076.30, 1095.00, 1093.00, 1086.82, 2665, 28.96, 270, 1947, 73.06
TRITURBINE, EQ, 06-Oct-2026, 526.10, 529.30, 538.90, 518.85, 534.10, 536.10, 526.51, 485568, 2556.58, 38650, 210741, 43.40
TRIVENI, EQ, 06-Oct-2026, 237.22, 244.80, 249.00, 239.85, 242.80, 241.97, 242.67, 920396, 2233.57, 22911, 340611, 37.01
TROM, SM, 06-Oct-2026, 54.70, 54.00, 54.00, 51.35, 52.10, 52.05, 52.94, 8400, 4.45, 11, 7200, 85.71
TRU, EQ, 06-Oct-2026, 4.15, 4.25, 4.36, 4.08, 4.15, 4.12, 4.16, 54342, 2.26, 171, 41512, 76.39
TRUALT, EQ, 06-Oct-2026, 442.30, 442.05, 452.10, 441.20, 445.95, 444.35, 446.51, 130699, 583.58, 5654, 73361, 56.13
TRUST, SM, 06-Oct-2026, 25.95, 27.10, 27.10, 25.15, 25.55, 25.55, 25.88, 10800, 2.80, 15, 7200, 66.67
TSC, ST, 06-Oct-2026, 50.25, 50.00, 50.00, 48.00, 48.00, 48.00, 49.00, 6000, 2.94, 3, 6000, 100.00
TSFINV, EQ, 06-Oct-2026, 409.00, 409.00, 420.20, 405.00, 415.00, 417.95, 416.11, 63765, 265.33, 3818, 34743, 54.49
TTKHLTCARE, EQ, 06-Oct-2026, 1007.40, 1014.90, 1053.70, 1007.80, 1028.00, 1033.70, 1032.68, 22381, 231.12, 2372, 10367, 46.32
TTKPRESTIG, EQ, 06-Oct-2026, 512.95, 518.90, 524.95, 513.20, 519.00, 522.85, 519.50, 21447, 111.42, 2385, 10435, 48.65
TTL, EQ, 06-Oct-2026, 7.77, 7.84, 7.84, 7.30, 7.43, 7.38, 7.62, 264595, 20.17, 403, 238493, 90.14
TTML, EQ, 06-Oct-2026, 34.33, 33.92, 34.43, 33.92, 34.24, 34.18, 34.18, 1255795, 429.20, 7408, 454717, 36.21
TUNWAL, SM, 06-Oct-2026, 26.25, 26.50, 26.50, 26.05, 26.05, 26.10, 26.17, 42000, 10.99, 18, 30000, 71.43
TURTLEMINT, EQ, 06-Oct-2026, 68.04, 69.00, 71.00, 67.52, 68.50, 68.91, 69.53, 2824519, 1963.98, 46803, 1554802, 55.05
TUTIALKA, EQ, 06-Oct-2026, 52.27, 52.16, 55.39, 52.01, 54.00, 54.00, 53.58, 5399, 2.89, 148, 4768, 88.31
TVSELECT, EQ, 06-Oct-2026, 391.70, 395.15, 411.95, 393.00, 402.50, 404.20, 402.22, 76143, 306.26, 3540, 26753, 35.14
TVSHLTD, EQ, 06-Oct-2026, 11813.00, 11810.00, 11854.00, 11705.00, 11770.00, 11763.00, 11778.91, 4509, 531.11, 1778, 2972, 65.91
TVSMOTOR, EQ, 06-Oct-2026, 4031.00, 4030.00, 4043.60, 3955.90, 3981.00, 3981.00, 3988.09, 791080, 31548.96, 57525, 508613, 64.29
TVSSCS, EQ, 06-Oct-2026, 127.27, 127.16, 132.40, 127.11, 131.00, 130.67, 130.29, 519940, 677.42, 7446, 248906, 47.87
TVSSRICHAK, EQ, 06-Oct-2026, 4277.30, 4308.00, 4428.80, 4308.00, 4410.00, 4390.10, 4368.77, 3855, 168.42, 1143, 1705, 44.23
TVTODAY, EQ, 06-Oct-2026, 101.49, 100.32, 102.50, 100.30, 101.09, 101.48, 101.59, 17508, 17.79, 523, 12862, 73.46
TVVISION, BE, 06-Oct-2026, 2.64, 2.68, 2.73, 2.51, 2.63, 2.59, 2.57, 26274, 0.68, 66, -, -
TWCGOLDETF, EQ, 06-Oct-2026, 146.47, 146.00, 149.99, 145.16, 146.30, 146.53, 146.33, 3405, 4.98, 155, 3231, 94.89
UBL, EQ, 06-Oct-2026, 1183.30, 1188.50, 1197.60, 1172.00, 1173.80, 1178.30, 1181.44, 93587, 1105.68, 9544, 56894, 60.79
UCAL, BE, 06-Oct-2026, 137.43, 137.00, 144.30, 136.25, 142.40, 142.37, 141.36, 12204, 17.25, 111, -, -
UCL, ST, 06-Oct-2026, 210.45, 199.95, 199.95, 199.95, 199.95, 199.95, 199.95, 4000, 8.00, 2, 4000, 100.00
UCOBANK, EQ, 06-Oct-2026, 23.16, 23.20, 23.49, 23.14, 23.25, 23.27, 23.31, 3053454, 711.70, 11578, 1279075, 41.89
UDAYJEW, EQ, 06-Oct-2026, 160.27, 167.35, 167.36, 159.60, 160.00, 160.33, 162.96, 17571, 28.63, 1210, 3885, 22.11
UDS, EQ, 06-Oct-2026, 210.82, 213.70, 216.75, 208.01, 213.70, 215.40, 212.49, 141225, 300.10, 3229, 72530, 51.36
UEL, EQ, 06-Oct-2026, 176.87, 173.40, 180.99, 173.01, 180.00, 179.62, 178.30, 11101, 19.79, 714, 6450, 58.10
UFBL, BE, 06-Oct-2026, 662.10, 660.00, 695.20, 660.00, 695.20, 695.20, 692.73, 76397, 529.23, 1355, -, -
UFLEX, EQ, 06-Oct-2026, 639.20, 640.10, 646.65, 635.20, 644.70, 641.25, 641.71, 61320, 393.50, 3132, 31706, 51.71
UFO, EQ, 06-Oct-2026, 57.18, 56.51, 58.02, 56.51, 57.90, 57.38, 57.50, 19334, 11.12, 541, 15874, 82.10
UGARSUGAR, BE, 06-Oct-2026, 58.84, 60.89, 61.50, 58.80, 59.50, 59.26, 60.65, 228982, 138.87, 1119, -, -
UGROCAP, EQ, 06-Oct-2026, 81.89, 82.70, 84.00, 81.61, 82.41, 82.97, 82.69, 102799, 85.01, 1128, 64026, 62.28
UHTL, ST, 06-Oct-2026, 195.90, 199.80, 199.80, 199.80, 199.80, 199.80, 199.80, 6000, 11.99, 3, 6000, 100.00
UJJIVANSFB, EQ, 06-Oct-2026, 66.59, 67.00, 67.98, 65.14, 65.19, 65.19, 65.99, 13780244, 9094.14, 36080, 6102661, 44.29
ULTRACEMCO, EQ, 06-Oct-2026, 10850.00, 10850.00, 10905.00, 10697.00, 10750.00, 10750.00, 10797.75, 270277, 29183.84, 29609, 172371, 63.78
ULTRAMAR, EQ, 06-Oct-2026, 404.80, 408.85, 417.15, 402.50, 408.00, 408.80, 409.78, 177802, 728.60, 4066, 68043, 38.27
UMAEXPORTS, BE, 06-Oct-2026, 21.16, 20.99, 21.80, 20.55, 21.29, 21.09, 21.05, 17187, 3.62, 90, -, -
UMESLTD, EQ, 06-Oct-2026, 4.37, 4.59, 4.59, 4.26, 4.49, 4.45, 4.40, 3511, 0.15, 32, 3473, 98.92
UMIYA-MRO, EQ, 06-Oct-2026, 91.98, 93.00, 93.08, 92.01, 92.02, 92.55, 92.24, 10179, 9.39, 162, 7000, 68.77
UNICHEMLAB, EQ, 06-Oct-2026, 531.45, 531.25, 556.20, 531.25, 550.00, 548.10, 547.21, 60230, 329.58, 3995, 24722, 41.05
UNIDT, EQ, 06-Oct-2026, 229.93, 231.99, 237.14, 225.00, 227.00, 226.13, 229.87, 34207, 78.63, 1186, 19039, 55.66
UNIECOM, EQ, 06-Oct-2026, 81.54, 82.35, 82.71, 81.16, 82.55, 81.84, 81.77, 181148, 148.12, 2634, 85606, 47.26
UNIENTER, EQ, 06-Oct-2026, 86.17, 90.00, 90.00, 86.17, 87.98, 87.09, 87.04, 2595, 2.26, 102, 1771, 68.25
UNIHEALTH, SM, 06-Oct-2026, 562.15, 545.00, 570.00, 525.00, 550.00, 550.00, 553.04, 21500, 118.90, 39, 14000, 65.12
UNIINFO, EQ, 06-Oct-2026, 10.62, 10.63, 11.07, 10.45, 11.02, 11.00, 10.88, 1893, 0.21, 36, 1620, 85.58
UNILEX, SM, 06-Oct-2026, 30.40, 30.40, 30.40, 30.40, 30.40, 30.40, 30.40, 11200, 3.40, 2, 11200, 100.00
UNIMECH, EQ, 06-Oct-2026, 1845.10, 1850.00, 1901.00, 1819.70, 1863.70, 1873.10, 1864.26, 288002, 5369.11, 33877, 106731, 37.06
UNIONBANK, EQ, 06-Oct-2026, 167.97, 169.00, 171.29, 166.89, 168.44, 168.44, 168.23, 10378539, 17459.95, 59338, 5888952, 56.74
UNIONGOLD, EQ, 06-Oct-2026, 144.00, 142.55, 143.95, 142.40, 143.60, 143.35, 143.01, 3325, 4.76, 366, 1849, 55.61
UNIPARTS, EQ, 06-Oct-2026, 826.05, 836.00, 844.00, 815.00, 821.05, 824.70, 831.06, 101784, 845.89, 8645, 55606, 54.63
UNITDSPR, EQ, 06-Oct-2026, 1369.00, 1365.00, 1373.00, 1349.00, 1358.00, 1358.00, 1358.01, 925853, 12573.14, 30182, 615022, 66.43
UNITECH, EQ, 06-Oct-2026, 3.90, 3.91, 4.05, 3.91, 4.03, 4.00, 3.97, 2291434, 91.04, 2055, 1614730, 70.47
UNITEDPOLY, EQ, 06-Oct-2026, 48.43, 49.00, 49.59, 47.89, 48.50, 48.49, 48.62, 706323, 343.38, 2203, 323929, 45.86
UNITEDTEA, EQ, 06-Oct-2026, 415.00, 420.00, 420.00, 411.45, 415.95, 415.95, 416.13, 1718, 7.15, 55, 1677, 97.61
UNIVASTU, BE, 06-Oct-2026, 127.77, 128.40, 132.69, 126.23, 131.85, 131.63, 130.04, 27075, 35.21, 241, -, -
UNIVCABLES, EQ, 06-Oct-2026, 1520.20, 1523.10, 1665.00, 1501.80, 1655.00, 1649.20, 1612.64, 374840, 6044.83, 32983, 119068, 31.77
UNIVPHOTO, BE, 06-Oct-2026, 488.20, 467.05, 483.30, 467.05, 481.90, 470.25, 473.89, 889, 4.21, 45, -, -
UNOMINDA, EQ, 06-Oct-2026, 1101.00, 1101.00, 1128.50, 1100.00, 1120.00, 1120.00, 1118.75, 1038825, 11621.81, 29538, 564988, 54.39
UPL, EQ, 06-Oct-2026, 502.50, 503.90, 511.55, 503.90, 509.55, 509.55, 507.67, 1194229, 6062.74, 22354, 627836, 52.57
URAVIDEF, BE, 06-Oct-2026, 101.16, 101.50, 102.00, 100.00, 102.00, 102.00, 101.24, 1892, 1.92, 35, -, -
URBAN, SM, 06-Oct-2026, 120.25, 122.80, 123.50, 118.05, 123.50, 122.65, 120.47, 21600, 26.02, 26, 13600, 62.96
URBANCO, EQ, 06-Oct-2026, 159.59, 160.00, 174.46, 160.00, 173.10, 173.54, 170.89, 23975368, 40972.44, 151748, 4034451, 16.83
URJA, EQ, 06-Oct-2026, 8.69, 8.60, 8.74, 8.52, 8.58, 8.60, 8.60, 583060, 50.12, 2653, 377246, 64.70
USASEEDS, SM, 06-Oct-2026, 88.95, 85.00, 86.00, 85.00, 86.00, 86.00, 85.51, 1712, 1.46, 4, 1284, 75.00
USHAFIN, ST, 06-Oct-2026, 46.05, 46.80, 48.35, 46.80, 48.35, 48.35, 47.88, 14400, 6.90, 9, 14400, 100.00
USHAMART, EQ, 06-Oct-2026, 510.50, 510.00, 519.90, 500.40, 518.00, 516.70, 514.29, 819697, 4215.58, 33946, 316923, 38.66
USK, EQ, 06-Oct-2026, 18.53, 18.53, 19.30, 18.53, 18.96, 18.64, 18.87, 25994, 4.90, 158, 21434, 82.46
UTIAMC, EQ, 06-Oct-2026, 890.30, 890.30, 894.85, 883.10, 892.00, 888.20, 888.59, 75256, 668.71, 10472, 47807, 63.53
UTKAL, ST, 06-Oct-2026, 49.75, 51.80, 52.00, 49.40, 50.50, 50.50, 51.08, 40000, 20.43, 18, 36000, 90.00
UTKARSHBNK, EQ, 06-Oct-2026, 13.22, 13.42, 13.62, 13.27, 13.49, 13.52, 13.41, 2363770, 316.89, 4030, 1332484, 56.37
UTLSOLAR, EQ, 06-Oct-2026, 412.15, 412.20, 424.40, 410.05, 418.00, 418.85, 419.13, 164223, 688.30, 10771, 79866, 48.63
UTSSAV, SM, 06-Oct-2026, 843.35, 848.00, 868.95, 848.00, 853.00, 860.75, 858.91, 45000, 386.51, 67, 28200, 62.67
UTTAMSUGAR, EQ, 06-Oct-2026, 294.70, 300.50, 309.95, 296.60, 302.10, 302.80, 304.71, 427890, 1303.80, 12526, 125872, 29.42
UYFINCORP, BE, 06-Oct-2026, 23.98, 24.20, 24.20, 22.79, 22.79, 22.95, 23.39, 407089, 95.23, 640, -, -
V2RETAIL, EQ, 06-Oct-2026, 169.28, 168.19, 176.75, 165.05, 172.00, 172.19, 171.94, 5350710, 9200.13, 73227, 1601818, 29.94
VADILALIND, EQ, 06-Oct-2026, 7111.00, 7111.00, 7375.00, 7111.00, 7258.00, 7309.50, 7280.99, 7145, 520.23, 2292, 2685, 37.58
VADILENT, EQ, 06-Oct-2026, 9860.00, 9860.00, 9860.00, 9860.00, 9860.00, 9860.00, 9860.00, 2, 0.20, 1, 2, 100.00
VAIBHAVGBL, EQ, 06-Oct-2026, 199.43, 199.44, 204.20, 199.42, 202.00, 202.43, 202.35, 108902, 220.37, 4594, 53056, 48.72
VAISHALI, EQ, 06-Oct-2026, 8.28, 8.36, 8.60, 7.80, 8.16, 8.17, 8.14, 227994, 18.56, 349, 160345, 70.33
VAKRANGEE, EQ, 06-Oct-2026, 5.21, 5.23, 5.24, 5.15, 5.21, 5.19, 5.20, 869007, 45.16, 1121, 495274, 56.99
VAL30IETF, EQ, 06-Oct-2026, 14.33, 14.62, 14.62, 14.31, 14.39, 14.34, 14.36, 105011, 15.08, 374, 54990, 52.37
VALIANTLAB, BE, 06-Oct-2026, 124.58, 124.00, 127.99, 124.00, 125.25, 124.37, 126.24, 73168, 92.37, 347, -, -
VALIANTORG, EQ, 06-Oct-2026, 475.65, 476.00, 503.00, 469.15, 502.80, 496.80, 488.61, 262872, 1284.41, 6804, 143930, 54.75
VALUE, EQ, 06-Oct-2026, 15.22, 15.00, 15.52, 14.92, 15.26, 15.25, 15.32, 31145, 4.77, 93, 29634, 95.15
VALUE360, SM, 06-Oct-2026, 54.85, 55.00, 62.95, 51.45, 62.85, 61.55, 57.14, 148800, 85.03, 68, 114000, 76.61
VALUEAXIS, EQ, 06-Oct-2026, 31.02, 31.28, 31.28, 30.90, 31.09, 30.93, 31.02, 71332, 22.13, 396, 33919, 47.55
VAML, EQ, 06-Oct-2026, 396.60, 398.45, 404.00, 397.55, 401.50, 401.05, 401.73, 4356180, 17500.28, 67283, 2631904, 60.42
VARDHACRLC, EQ, 06-Oct-2026, 44.47, 45.00, 45.00, 43.00, 43.51, 43.63, 43.78, 58968, 25.82, 345, 40552, 68.77
VARDMNPOLY, EQ, 06-Oct-2026, 5.55, 5.69, 5.74, 5.11, 5.45, 5.44, 5.45, 320774, 17.47, 397, 255173, 79.55
VARMORA, EQ, 06-Oct-2026, 134.88, 134.60, 136.02, 130.51, 132.91, 132.84, 132.71, 1407091, 1867.29, 17132, 413795, 29.41
VARROC, EQ, 06-Oct-2026, 820.00, 824.10, 829.45, 793.00, 820.00, 814.45, 807.43, 402684, 3251.41, 40529, 184261, 45.76
VASCONEQ, EQ, 06-Oct-2026, 32.27, 32.10, 33.00, 31.99, 32.44, 32.31, 32.42, 325907, 105.67, 1585, 204160, 62.64
VASUPRADA, EQ, 06-Oct-2026, 96.25, 92.00, 95.00, 92.00, 95.00, 95.00, 93.50, 2, 0.00, 2, 1, 50.00
VASWANI, EQ, 06-Oct-2026, 44.13, 44.04, 44.50, 43.11, 43.21, 43.41, 43.87, 15181, 6.66, 154, 11788, 77.65
VBL, EQ, 06-Oct-2026, 439.60, 440.50, 442.75, 435.85, 439.30, 439.30, 439.27, 4266861, 18743.16, 61876, 2634577, 61.75
VCL, BE, 06-Oct-2026, 1.43, 1.49, 1.50, 1.43, 1.50, 1.50, 1.49, 171838, 2.56, 79, -, -
VDEAL, SM, 06-Oct-2026, 103.05, 108.00, 114.90, 108.00, 114.90, 110.35, 109.94, 4200, 4.62, 7, 4200, 100.00
VEDAVAAG, EQ, 06-Oct-2026, 22.33, 22.00, 23.34, 22.00, 23.30, 23.24, 23.01, 130276, 29.98, 560, 84877, 65.15
VEDL, EQ, 06-Oct-2026, 255.05, 257.20, 267.70, 256.60, 265.60, 265.60, 263.65, 14899808, 39283.60, 103606, 6506477, 43.67
VEDPOWER, EQ, 06-Oct-2026, 31.87, 32.25, 32.66, 31.83, 32.65, 32.53, 32.26, 7497056, 2418.39, 33654, 3700462, 49.36
VEEDOL, EQ, 06-Oct-2026, 1350.40, 1355.20, 1400.50, 1349.30, 1395.00, 1392.40, 1378.33, 10408, 143.46, 1123, 6362, 61.13
VEEGALAND, EQ, 06-Oct-2026, 144.74, 145.50, 153.80, 142.50, 149.70, 148.64, 148.61, 2946800, 4379.33, 22230, 874717, 29.68
VELJAN, BE, 06-Oct-2026, 2410.90, 2531.40, 2531.40, 2531.40, 2531.40, 2531.40, 2531.40, 1420, 35.95, 94, -, -
VENKEYS, EQ, 06-Oct-2026, 1642.70, 1642.70, 1707.90, 1618.00, 1687.90, 1694.80, 1683.18, 49857, 839.18, 6597, 27132, 54.42
VENTIVE, EQ, 06-Oct-2026, 548.00, 557.00, 602.80, 546.05, 580.00, 582.35, 582.37, 85216, 496.27, 3250, 27879, 32.72
VENUSPIPES, EQ, 06-Oct-2026, 2206.40, 2236.00, 2280.00, 2215.90, 2236.00, 2240.30, 2248.83, 80155, 1802.55, 7698, 35757, 44.61
VENUSREM, BE, 06-Oct-2026, 1778.00, 1807.90, 1807.90, 1710.00, 1764.00, 1746.70, 1748.57, 20737, 362.60, 977, -, -
VERANDA, BE, 06-Oct-2026, 212.76, 28.40, 29.72, 26.90, 29.72, 29.72, 29.27, 418116, 122.40, 901, -, -
VERITAAS, SM, 06-Oct-2026, 30.05, 28.55, 28.60, 28.55, 28.55, 28.55, 28.57, 3600, 1.03, 3, 2400, 66.67
VERTOZ, EQ, 06-Oct-2026, 34.73, 34.73, 36.49, 32.71, 33.49, 33.52, 34.26, 81639, 27.97, 711, 73372, 89.87
VESUVIUS, EQ, 06-Oct-2026, 389.40, 390.40, 424.90, 390.40, 404.00, 404.40, 411.22, 377740, 1553.34, 18235, 87100, 23.06
VETO, EQ, 06-Oct-2026, 136.65, 136.64, 140.81, 136.00, 139.00, 138.54, 138.18, 62786, 86.76, 1394, 42098, 67.05
VGCL, EQ, 06-Oct-2026, 48.02, 49.48, 49.48, 45.83, 48.99, 47.60, 46.09, 325, 0.15, 12, 300, 92.31
VGINFOTECH, SM, 06-Oct-2026, 138.00, 138.00, 138.00, 135.00, 136.80, 136.85, 136.01, 25000, 34.00, 25, 16000, 64.00
VGL, EQ, 06-Oct-2026, 63.60, 63.62, 65.70, 63.62, 63.74, 63.76, 64.07, 65905, 42.22, 673, 49884, 75.69
VGUARD, EQ, 06-Oct-2026, 296.55, 301.05, 307.90, 294.35, 305.55, 306.30, 302.51, 409980, 1240.25, 14563, 225160, 54.92
VHL, EQ, 06-Oct-2026, 3517.80, 3460.00, 3624.80, 3460.00, 3532.00, 3574.20, 3571.60, 1294, 46.22, 320, 1082, 83.62
VHLTD, BE, 06-Oct-2026, 126.05, 130.95, 131.00, 128.00, 129.60, 128.97, 129.75, 68525, 88.91, 366, -, -
VIAZ, SM, 06-Oct-2026, 84.00, 80.00, 82.50, 80.00, 82.50, 81.75, 80.88, 8000, 6.47, 4, 6000, 75.00
VICTORYEV, SM, 06-Oct-2026, 13.30, 13.30, 13.75, 13.20, 13.75, 13.75, 13.42, 9000, 1.21, 3, 9000, 100.00
VIDHIING, EQ, 06-Oct-2026, 354.00, 358.90, 358.90, 348.75, 354.95, 352.30, 353.91, 6713, 23.76, 606, 3890, 57.95
VIDYAWIRES, EQ, 06-Oct-2026, 91.27, 92.00, 95.83, 92.00, 95.83, 95.83, 94.83, 2092268, 1984.05, 8863, 1300046, 62.14
VIESL, SM, 06-Oct-2026, 359.80, 361.55, 369.90, 354.00, 369.90, 369.90, 363.91, 13600, 49.49, 16, 8800, 64.71
VIGOR, SM, 06-Oct-2026, 76.00, 76.00, 76.00, 72.20, 74.00, 74.05, 73.36, 35200, 25.82, 21, 25600, 72.73
VIJAYA, EQ, 06-Oct-2026, 1422.20, 1422.20, 1501.00, 1408.70, 1462.30, 1466.70, 1456.88, 134949, 1966.04, 18352, 59899, 44.39
VIJAYPD, SM, 06-Oct-2026, 90.35, 91.35, 94.50, 82.30, 82.30, 83.70, 89.52, 128000, 114.58, 39, 104000, 81.25
VIJIFIN, BE, 06-Oct-2026, 14.41, 13.69, 13.69, 13.69, 13.69, 13.69, 13.69, 57100, 7.82, 129, -, -
VIJSOLX, EQ, 06-Oct-2026, 636.95, 630.00, 630.00, 620.00, 620.00, 620.00, 625.65, 23, 0.14, 2, 23, 100.00
VIKASECO, EQ, 06-Oct-2026, 1.02, 1.02, 1.03, 1.01, 1.02, 1.02, 1.02, 1846510, 18.85, 818, 635679, 34.43
VIKASLIFE, EQ, 06-Oct-2026, 1.21, 1.21, 1.22, 1.19, 1.20, 1.20, 1.20, 2367196, 28.49, 5795, 1322179, 55.85
VIKRAMSOLR, EQ, 06-Oct-2026, 152.52, 152.70, 154.14, 150.96, 151.70, 151.50, 151.89, 1330871, 2021.41, 15195, 594583, 44.68
VIKRAN, EQ, 06-Oct-2026, 57.19, 57.20, 58.25, 57.20, 58.20, 58.13, 57.86, 518281, 299.89, 3376, 238767, 46.07
VILAS, SM, 06-Oct-2026, 396.25, 398.20, 400.00, 388.25, 397.45, 394.75, 394.99, 12000, 47.40, 44, 9750, 81.25
VILINBIO, ST, 06-Oct-2026, 53.75, 51.50, 52.95, 51.10, 52.95, 52.95, 51.55, 44000, 22.68, 11, 40000, 90.91
VIMTALABS, EQ, 06-Oct-2026, 571.75, 573.00, 584.90, 569.80, 579.90, 577.40, 577.30, 140356, 810.27, 7495, 64785, 46.16
VINATIORGA, EQ, 06-Oct-2026, 1175.80, 1176.00, 1200.10, 1166.70, 1173.80, 1179.50, 1183.53, 30277, 358.34, 5323, 12499, 41.28
VINCOFE, EQ, 06-Oct-2026, 182.59, 182.99, 189.00, 181.24, 186.11, 187.21, 185.85, 1459907, 2713.28, 16080, 855717, 58.61
VINDHYATEL, EQ, 06-Oct-2026, 2577.30, 2588.00, 2842.00, 2584.00, 2815.20, 2829.70, 2764.75, 142293, 3934.04, 16406, 55045, 38.68
VINEETLAB, EQ, 06-Oct-2026, 37.57, 38.39, 38.39, 36.32, 36.43, 36.52, 36.65, 24929, 9.14, 423, 15732, 63.11
VINNY, EQ, 06-Oct-2026, 0.90, 0.90, 0.91, 0.90, 0.90, 0.90, 0.90, 439590, 3.96, 394, 430615, 97.96
VINOD, SM, 06-Oct-2026, 45.80, 41.25, 44.00, 41.25, 41.25, 41.25, 41.37, 928800, 384.24, 255, 739200, 79.59
VINSYS, ST, 06-Oct-2026, 574.00, 575.00, 578.00, 571.00, 576.00, 576.00, 574.14, 1750, 10.05, 7, 1750, 100.00
VINYAS, SM, 06-Oct-2026, 1374.45, 1390.00, 1433.85, 1390.00, 1410.00, 1412.10, 1419.19, 5200, 73.80, 39, 4300, 82.69
VINYLINDIA, EQ, 06-Oct-2026, 214.15, 211.00, 217.78, 211.00, 212.01, 212.77, 212.54, 10361, 22.02, 254, 4972, 47.99
VIPCLOTHNG, EQ, 06-Oct-2026, 20.19, 20.26, 20.89, 20.20, 20.26, 20.30, 20.35, 26372, 5.37, 171, 19882, 75.39
VIPIND, EQ, 06-Oct-2026, 284.30, 288.50, 289.00, 282.00, 288.50, 288.10, 286.95, 108780, 312.14, 3610, 68677, 63.13
VIPULLTD, BE, 06-Oct-2026, 10.49, 10.22, 10.55, 10.11, 10.29, 10.20, 10.29, 52717, 5.42, 203, -, -
VIRAT, EQ, 06-Oct-2026, 345.00, 350.00, 356.00, 342.20, 345.75, 347.70, 346.64, 1764, 6.11, 198, 1193, 67.63
VIRINCHI, EQ, 06-Oct-2026, 12.78, 12.72, 13.39, 12.72, 13.11, 13.16, 13.03, 39744, 5.18, 196, 31632, 79.59
VIRTUALG, BE, 06-Oct-2026, 0.43, 0.44, 0.44, 0.42, 0.43, 0.42, 0.43, 240623, 1.04, 145, -, -
VISACHROME, EQ, 06-Oct-2026, 34.12, 35.35, 35.68, 34.31, 35.05, 35.22, 35.00, 26497, 9.28, 387, 17170, 64.80
VISAKAIND, BE, 06-Oct-2026, 81.57, 80.70, 83.08, 80.11, 81.70, 81.63, 81.56, 74539, 60.80, 477, -, -
VISAMAN, SM, 06-Oct-2026, 25.85, 24.60, 25.50, 24.60, 24.60, 24.60, 24.74, 41000, 10.15, 35, 34000, 82.93
VISDEM, SM, 06-Oct-2026, 99.65, 95.10, 95.10, 95.10, 95.10, 95.10, 95.10, 1200, 1.14, 1, 1200, 100.00
VISHAL, EQ, 06-Oct-2026, 17.31, 17.11, 18.40, 17.10, 17.50, 17.50, 17.74, 334362, 59.31, 268, 322775, 96.53
VISHNU, EQ, 06-Oct-2026, 647.75, 648.00, 701.00, 648.00, 695.15, 695.55, 686.65, 220744, 1515.74, 9286, 113049, 51.21
VISHNUINFR, SM, 06-Oct-2026, 143.00, 141.75, 146.60, 141.15, 146.40, 146.40, 143.18, 22000, 31.50, 13, 20000, 90.91
VISHWARAJ, EQ, 06-Oct-2026, 5.23, 5.34, 6.00, 5.27, 5.72, 5.72, 5.73, 1186917, 67.97, 2035, 545749, 45.98
VISHWAS, SM, 06-Oct-2026, 44.45, 42.25, 42.25, 42.25, 42.25, 42.25, 42.25, 3200, 1.35, 2, 3200, 100.00
VISL, EQ, 06-Oct-2026, 30.74, 31.00, 31.39, 30.33, 30.82, 30.75, 30.77, 13725410, 4222.82, 33343, 7208121, 52.52
VITAL, EQ, 06-Oct-2026, 51.05, 53.40, 53.40, 51.50, 53.18, 53.18, 51.50, 5003, 2.58, 6, 5003, 100.00
VIVIANA, EQ, 06-Oct-2026, 815.65, 829.80, 854.45, 795.05, 829.00, 824.20, 828.83, 88932, 737.09, 6094, 41000, 46.10
VIVIDEL, SM, 06-Oct-2026, 1715.00, 1692.00, 1750.00, 1661.30, 1719.95, 1713.00, 1709.86, 10320, 176.46, 41, 6240, 60.47
VIVIDHA, EQ, 06-Oct-2026, 0.51, 0.51, 0.53, 0.51, 0.52, 0.51, 0.52, 172652, 0.89, 162, 104398, 60.47
VIVIMEDLAB, BE, 06-Oct-2026, 5.99, 6.28, 6.28, 6.28, 6.28, 6.28, 6.28, 27868, 1.75, 44, -, -
VIVOBIOT, EQ, 06-Oct-2026, 15.14, 14.97, 15.69, 13.11, 14.00, 13.87, 13.92, 130105, 18.11, 845, 80783, 62.09
VIYASH, EQ, 06-Oct-2026, 229.07, 229.00, 234.50, 228.57, 234.25, 233.23, 232.11, 1481195, 3438.03, 19377, 796467, 53.77
VLEGOV, EQ, 06-Oct-2026, 9.32, 9.57, 9.78, 8.86, 9.41, 9.37, 9.47, 164271, 15.56, 698, 94274, 57.39
VLINFRA, SM, 06-Oct-2026, 25.15, 25.60, 25.60, 23.95, 24.50, 24.75, 24.72, 15000, 3.71, 8, 10500, 70.00
VLSFINANCE, EQ, 06-Oct-2026, 231.16, 232.36, 234.75, 230.60, 234.75, 233.90, 232.36, 4462, 10.37, 109, 3274, 73.38
VMARCIND, SM, 06-Oct-2026, 321.65, 320.80, 329.80, 318.25, 324.00, 323.05, 322.61, 249000, 803.29, 139, 165000, 66.27
VMART, EQ, 06-Oct-2026, 770.95, 753.05, 799.90, 753.05, 787.10, 793.00, 789.82, 99506, 785.91, 9003, 40466, 40.67
VMM, EQ, 06-Oct-2026, 98.25, 98.25, 101.71, 98.08, 100.95, 100.95, 100.64, 15107047, 15203.60, 30781, 9210369, 60.97
VMOBILE, SM, 06-Oct-2026, 53.75, 55.75, 56.30, 55.75, 56.00, 56.00, 56.01, 3200, 1.79, 4, 3200, 100.00
VMSTMT, EQ, 06-Oct-2026, 44.34, 44.45, 46.97, 44.40, 46.92, 46.58, 46.25, 38944, 18.01, 828, 23950, 61.50
VOEPL, EQ, 06-Oct-2026, 506.10, 519.65, 519.90, 497.10, 516.00, 511.15, 505.40, 84435, 426.73, 4469, 23693, 28.06
VOGL, EQ, 06-Oct-2026, 30.87, 31.05, 31.57, 30.95, 31.55, 31.41, 31.30, 11313091, 3540.72, 32184, 4831299, 42.71
VOITHPAPR, EQ, 06-Oct-2026, 1437.20, 1406.00, 1453.90, 1406.00, 1425.00, 1425.00, 1422.54, 94, 1.34, 19, 79, 84.04
VOLTAMP, EQ, 06-Oct-2026, 10561.00, 10609.00, 10656.00, 10479.00, 10525.00, 10539.00, 10551.54, 9008, 950.48, 4418, 4121, 45.75
VOLTAS, EQ, 06-Oct-2026, 1061.30, 1064.70, 1073.40, 1048.60, 1067.90, 1067.90, 1060.53, 2705541, 28693.11, 33538, 1909046, 70.56
VPRPL, EQ, 06-Oct-2026, 28.78, 29.00, 29.47, 27.36, 28.80, 28.77, 28.80, 351910, 101.35, 1494, 195791, 55.64
VRAJ, EQ, 06-Oct-2026, 122.18, 121.80, 124.50, 119.44, 121.60, 121.60, 122.56, 10753, 13.18, 441, 6218, 57.83
VRLLOG, EQ, 06-Oct-2026, 285.00, 285.45, 286.00, 283.90, 286.00, 284.95, 284.99, 95557, 272.32, 2857, 65316, 68.35
VSSL, EQ, 06-Oct-2026, 386.10, 388.00, 393.40, 385.00, 385.20, 389.75, 389.83, 43982, 171.46, 2277, 27084, 61.58
VSTIND, EQ, 06-Oct-2026, 200.92, 202.00, 203.35, 201.00, 202.80, 202.64, 202.07, 100176, 202.42, 2658, 59791, 59.69
VSTL, EQ, 06-Oct-2026, 109.04, 109.04, 111.95, 107.30, 109.80, 108.56, 109.56, 8543, 9.36, 216, 6011, 70.36
VSTTILLERS, EQ, 06-Oct-2026, 4235.10, 4205.00, 4455.00, 4205.00, 4391.00, 4426.30, 4382.28, 12869, 563.96, 2796, 2916, 22.66
VTL, EQ, 06-Oct-2026, 529.90, 531.15, 557.00, 531.15, 548.50, 549.40, 542.65, 317619, 1723.56, 16730, 148377, 46.72
VTMLTD, EQ, 06-Oct-2026, 38.27, 39.70, 40.45, 35.38, 35.40, 35.92, 36.91, 163584, 60.37, 1414, 128333, 78.45
WAAREEENER, EQ, 06-Oct-2026, 2346.50, 2346.50, 2398.00, 2341.30, 2398.00, 2398.00, 2375.76, 394147, 9364.00, 28714, 178310, 45.24
WAAREEINDO, EQ, 06-Oct-2026, 204.89, 209.28, 209.89, 204.62, 207.39, 208.05, 207.20, 85113, 176.36, 1992, 44150, 51.87
WAAREERTL, EQ, 06-Oct-2026, 809.10, 809.10, 828.00, 808.75, 823.65, 825.95, 820.31, 101885, 835.77, 10443, 46121, 45.27
WABAG, EQ, 06-Oct-2026, 1999.50, 2037.60, 2055.00, 1991.20, 2012.50, 2006.90, 2013.03, 423835, 8531.92, 31086, 159127, 37.54
WAKEFIT, EQ, 06-Oct-2026, 138.12, 138.20, 141.26, 135.70, 136.18, 135.98, 137.23, 308548, 423.41, 4442, 212327, 68.81
WALCHANNAG, EQ, 06-Oct-2026, 195.05, 195.00, 207.00, 194.99, 203.90, 204.17, 202.12, 716366, 1447.95, 10187, 278207, 38.84
WANBURY, EQ, 06-Oct-2026, 190.46, 194.99, 205.81, 191.15, 196.02, 197.87, 198.77, 1143379, 2272.70, 16400, 599434, 52.43
WARDINMOBI, BZ, 06-Oct-2026, 5.17, 5.08, 5.30, 5.00, 5.19, 5.11, 5.13, 228775, 11.73, 584, -, -
WATERBASE, EQ, 06-Oct-2026, 45.57, 46.79, 46.79, 43.51, 44.85, 44.80, 44.78, 16937, 7.58, 394, 11645, 68.75
WCIL, EQ, 06-Oct-2026, 89.27, 89.50, 89.90, 86.99, 87.60, 87.76, 88.09, 137701, 121.30, 1690, 73222, 53.17
WEALTH, EQ, 06-Oct-2026, 864.00, 860.00, 883.00, 832.80, 855.00, 855.15, 851.35, 1300, 11.07, 176, 741, 57.00
WEBELSOLAR, EQ, 06-Oct-2026, 68.06, 69.00, 71.46, 67.19, 70.40, 70.89, 69.72, 2917914, 2034.47, 15817, 1281596, 43.92
WEIZMANIND, EQ, 06-Oct-2026, 69.40, 68.01, 72.70, 68.01, 70.90, 70.39, 70.98, 2565, 1.82, 144, 2523, 98.36
WEL, EQ, 06-Oct-2026, 73.30, 73.30, 75.45, 73.29, 75.25, 74.62, 74.76, 181866, 135.97, 1319, 106093, 58.34
WELCORP, EQ, 06-Oct-2026, 2497.50, 2528.20, 2676.00, 2518.60, 2670.30, 2660.90, 2617.00, 1853422, 48504.14, 121802, 551572, 29.76
WELENT, EQ, 06-Oct-2026, 723.10, 723.10, 728.00, 713.00, 715.00, 718.30, 719.71, 150965, 1086.51, 6848, 88751, 58.79
WELINV, BE, 06-Oct-2026, 2478.00, 2440.00, 2452.20, 2440.00, 2440.00, 2440.00, 2448.13, 12, 0.29, 7, -, -
WELSPLSOL, EQ, 06-Oct-2026, 52.50, 52.29, 53.87, 51.69, 52.00, 51.99, 52.49, 571376, 299.93, 3841, 318616, 55.76
WELSPUNLIV, EQ, 06-Oct-2026, 230.27, 231.05, 240.73, 230.99, 237.51, 237.86, 237.29, 4609322, 10937.39, 49982, 1596849, 34.64
WENDT, EQ, 06-Oct-2026, 8016.50, 8124.00, 8151.50, 8053.50, 8100.00, 8097.50, 8101.82, 3527, 285.75, 947, 2121, 60.14
WESTLIFE, EQ, 06-Oct-2026, 590.95, 594.00, 605.35, 589.00, 591.10, 594.60, 594.59, 62651, 372.52, 5137, 22209, 35.45
WEWIN, EQ, 06-Oct-2026, 51.00, 51.00, 53.00, 50.50, 52.90, 51.92, 51.68, 5900, 3.05, 59, 5836, 98.92
WEWORK, EQ, 06-Oct-2026, 651.00, 651.00, 670.00, 646.65, 661.10, 664.90, 660.32, 82193, 542.74, 8848, 47146, 57.36
WHBRADY, EQ, 06-Oct-2026, 464.40, 456.30, 515.00, 452.60, 485.00, 485.00, 494.62, 329, 1.63, 56, 229, 69.60
WHEELS, EQ, 06-Oct-2026, 2206.60, 2254.90, 2341.00, 2211.10, 2282.20, 2289.00, 2270.90, 120884, 2745.16, 11498, 56668, 46.88
WHIRLPOOL, EQ, 06-Oct-2026, 871.75, 873.75, 878.00, 861.10, 865.90, 867.80, 871.75, 392092, 3418.06, 21449, 134227, 34.23
WHITEFORCE, SM, 06-Oct-2026, 37.50, 37.50, 37.50, 37.50, 37.50, 37.50, 37.50, 1600, 0.60, 1, 1600, 100.00
WILLAMAGOR, EQ, 06-Oct-2026, 21.67, 22.40, 22.40, 21.31, 21.98, 21.88, 21.64, 784, 0.17, 43, 663, 84.57
WINDLAS, EQ, 06-Oct-2026, 1017.90, 1008.00, 1041.00, 1000.00, 1038.50, 1036.20, 1020.08, 71884, 733.27, 8092, 33525, 46.64
WINDMACHIN, EQ, 06-Oct-2026, 286.20, 286.15, 297.45, 281.50, 296.50, 294.85, 288.57, 92539, 267.04, 3012, 44103, 47.66
WINSOL, SM, 06-Oct-2026, 102.65, 102.65, 110.00, 98.00, 108.95, 107.95, 102.66, 13600, 13.96, 29, 9200, 67.65
WIPL, EQ, 06-Oct-2026, 160.81, 163.65, 164.39, 160.50, 160.50, 161.65, 163.19, 56, 0.09, 18, 35, 62.50
WIPRO, EQ, 06-Oct-2026, 162.14, 161.96, 162.88, 160.54, 161.84, 161.84, 161.31, 16386869, 26433.01, 62812, 11316831, 69.06
WOCKPHARMA, EQ, 06-Oct-2026, 2063.50, 2067.20, 2184.00, 2062.00, 2174.00, 2176.40, 2139.28, 899270, 19237.93, 48235, 324990, 36.14
WOMANCART, ST, 06-Oct-2026, 94.50, 93.70, 96.90, 92.05, 92.50, 93.60, 93.38, 19200, 17.93, 45, 14000, 72.92
WONDERLA, EQ, 06-Oct-2026, 499.70, 502.00, 517.90, 488.00, 503.10, 509.70, 503.20, 37533, 188.87, 2915, 24193, 64.46
WORTHPERI, EQ, 06-Oct-2026, 143.41, 144.95, 144.95, 140.25, 141.50, 141.09, 140.99, 8240, 11.62, 138, 6481, 78.65
WPIL, EQ, 06-Oct-2026, 447.20, 447.00, 452.00, 441.05, 441.05, 444.15, 446.06, 42287, 188.62, 3005, 20821, 49.24
WSI, EQ, 06-Oct-2026, 50.66, 51.00, 52.80, 51.00, 52.79, 51.79, 51.86, 41522, 21.53, 454, 27113, 65.30
WSTCSTPAPR, EQ, 06-Oct-2026, 717.75, 721.00, 763.05, 721.00, 752.50, 753.05, 748.73, 254433, 1905.01, 14364, 97378, 38.27
WTICAB, SM, 06-Oct-2026, 98.75, 98.70, 99.70, 97.75, 99.70, 99.40, 98.52, 6500, 6.40, 13, 6500, 100.00
XCHANGING, EQ, 06-Oct-2026, 58.13, 58.80, 62.60, 58.18, 62.00, 61.86, 61.51, 172281, 105.97, 2115, 85006, 49.34
XELPMOC, EQ, 06-Oct-2026, 89.86, 90.00, 91.46, 85.00, 85.12, 85.62, 86.86, 22716, 19.73, 782, 14859, 65.41
XPROINDIA, EQ, 06-Oct-2026, 1139.00, 1151.20, 1160.00, 1125.20, 1150.50, 1136.10, 1142.61, 47015, 537.20, 4778, 31512, 67.03
XTGLOBAL, EQ, 06-Oct-2026, 28.09, 28.98, 28.98, 26.91, 27.78, 27.61, 27.57, 49359, 13.61, 426, 35085, 71.08
XTRANET, EQ, 06-Oct-2026, 286.00, 288.00, 300.30, 283.50, 300.30, 300.30, 294.30, 614797, 1809.36, 9344, 282270, 45.91
YAAP, SM, 06-Oct-2026, 125.00, 125.90, 125.90, 125.00, 125.00, 125.00, 125.50, 4000, 5.02, 4, 4000, 100.00
YASHO, EQ, 06-Oct-2026, 4042.90, 4040.00, 4350.00, 4039.90, 4324.80, 4282.80, 4207.49, 33512, 1410.02, 5828, 19709, 58.81
YASHOPTICS, SM, 06-Oct-2026, 133.00, 134.10, 134.10, 126.50, 127.00, 127.00, 128.99, 12000, 15.48, 15, 10400, 86.67
YATHARTH, EQ, 06-Oct-2026, 1003.00, 1003.00, 1065.00, 998.20, 1064.00, 1058.80, 1043.73, 382135, 3988.47, 28353, 157028, 41.09
YATRA, EQ, 06-Oct-2026, 100.81, 101.00, 101.85, 100.21, 101.70, 101.48, 101.13, 353097, 357.10, 3970, 159132, 45.07
YESBANK, EQ, 06-Oct-2026, 21.06, 21.05, 21.05, 20.81, 20.86, 20.86, 20.92, 48861066, 10221.31, 65849, 27431155, 56.14
YOGI, EQ, 06-Oct-2026, 160.00, 161.90, 164.92, 161.00, 161.00, 161.00, 161.47, 421, 0.68, 14, 420, 99.76
YUKEN, EQ, 06-Oct-2026, 1129.00, 1142.40, 1333.90, 1137.40, 1238.00, 1238.60, 1257.91, 282354, 3551.76, 22284, 58842, 20.84
ZAGGLE, EQ, 06-Oct-2026, 170.32, 172.25, 174.40, 169.77, 172.49, 171.88, 171.29, 1067509, 1828.55, 11072, 558400, 52.31
ZEAL, SM, 06-Oct-2026, 70.70, 70.70, 70.70, 70.70, 70.70, 70.70, 70.70, 600, 0.42, 1, 600, 100.00
ZEEL, EQ, 06-Oct-2026, 73.57, 73.60, 74.77, 72.20, 72.47, 72.42, 73.16, 15468698, 11317.48, 43445, 6323461, 40.88
ZEELEARN, EQ, 06-Oct-2026, 6.21, 6.21, 6.50, 6.10, 6.35, 6.37, 6.25, 573557, 35.83, 833, 429507, 74.88
ZEEMEDIA, EQ, 06-Oct-2026, 7.15, 7.27, 7.30, 7.08, 7.20, 7.22, 7.20, 633024, 45.61, 955, 404641, 63.92
ZENITHDRUG, SM, 06-Oct-2026, 42.50, 42.50, 42.50, 42.05, 42.05, 42.05, 42.29, 8800, 3.72, 7, 8000, 90.91
ZENITHEXPO, EQ, 06-Oct-2026, 194.90, 194.10, 194.10, 186.05, 186.05, 187.56, 188.45, 531, 1.00, 25, 331, 62.34
ZENITHSTL, EQ, 06-Oct-2026, 5.15, 5.15, 5.29, 5.07, 5.27, 5.25, 5.23, 57835, 3.03, 170, 43788, 75.71
ZENSARTECH, EQ, 06-Oct-2026, 451.50, 455.00, 457.65, 444.35, 446.60, 445.45, 447.78, 605170, 2709.82, 17601, 213420, 35.27
ZENTEC, EQ, 06-Oct-2026, 1599.50, 1608.80, 1622.00, 1598.80, 1617.00, 1614.30, 1609.67, 177507, 2857.28, 16866, 77303, 43.55
ZFCVINDIA, EQ, 06-Oct-2026, 2201.30, 2201.30, 2213.20, 2165.00, 2188.70, 2187.40, 2188.23, 70332, 1539.03, 10709, 43249, 61.49
ZFSTEERING, EQ, 06-Oct-2026, 703.65, 705.40, 719.60, 702.55, 707.00, 710.25, 710.01, 1592, 11.30, 129, 1098, 68.97
ZIMLAB, EQ, 06-Oct-2026, 137.10, 139.00, 140.00, 135.59, 138.00, 138.57, 138.52, 63618, 88.12, 1441, 35978, 56.55
ZODIAC, EQ, 06-Oct-2026, 215.10, 216.25, 223.99, 210.70, 214.95, 212.65, 214.54, 10334, 22.17, 580, 6221, 60.20
ZODIACLOTH, EQ, 06-Oct-2026, 67.67, 68.97, 68.97, 66.25, 67.50, 66.67, 67.06, 1950, 1.31, 68, 1777, 91.13
ZOTA, EQ, 06-Oct-2026, 1297.40, 1297.00, 1305.00, 1275.00, 1278.50, 1278.60, 1285.88, 20087, 258.29, 1948, 10869, 54.11
ZSARACOM, EQ, 06-Oct-2026, 9787.00, 9711.00, 9986.00, 9710.00, 9970.00, 9961.00, 9836.97, 35, 3.44, 24, 21, 60.00
ZTECH, SM, 06-Oct-2026, 470.30, 472.05, 489.00, 465.05, 489.00, 488.15, 481.14, 16800, 80.83, 54, 11400, 67.86
ZUARI, EQ, 06-Oct-2026, 211.46, 212.00, 219.60, 211.81, 219.33, 218.28, 215.96, 53443, 115.41, 2122, 25277, 47.30
ZUARIIND, EQ, 06-Oct-2026, 283.95, 284.90, 295.00, 284.90, 288.35, 288.45, 290.34, 85327, 247.74, 4124, 37950, 44.48
ZYDUSLIFE, EQ, 06-Oct-2026, 1139.00, 1145.00, 1164.80, 1145.00, 1159.50, 1159.50, 1155.13, 1575419, 18198.11, 30967, 841312, 53.40
ZYDUSWELL, EQ, 06-Oct-2026, 483.80, 484.00, 505.45, 484.00, 502.00, 502.40, 497.74, 136730, 680.56, 11591, 53667, 39.25
