SYMBOL, SERIES, DATE1, PREV_CLOSE, OPEN_PRICE, HIGH_PRICE, LOW_PRICE, LAST_PRICE, CLOSE_PRICE, AVG_PRICE, TTL_TRD_QNTY, TURNOVER_LACS, NO_OF_TRADES, DELIV_QTY, DELIV_PER
20MICRONS, EQ, 15-Sep-2026, 207.86, 207.98, 208.77, 198.51, 200.10, 201.29, 202.48, 111270, 225.31, 3258, 62529, 56.20
21STCENMGM, EQ, 15-Sep-2026, 38.39, 37.80, 39.15, 37.80, 39.00, 39.00, 38.63, 1658, 0.64, 65, 1407, 84.86
360ONE, EQ, 15-Sep-2026, 1091.00, 1092.00, 1092.90, 1052.10, 1052.10, 1052.10, 1063.66, 896308, 9533.64, 54476, 475769, 53.08
3BBLACKBIO, EQ, 15-Sep-2026, 1419.90, 1423.50, 1437.30, 1352.00, 1355.00, 1355.80, 1387.02, 10026, 139.06, 1458, 5062, 50.49
3IINFOLTD, BE, 15-Sep-2026, 22.85, 22.79, 23.99, 22.50, 23.99, 23.99, 23.84, 733982, 175.00, 1074, -, -
3MINDIA, EQ, 15-Sep-2026, 32710.00, 32710.00, 32895.00, 31500.00, 31870.00, 31590.00, 31962.93, 2096, 669.94, 1381, 1260, 60.11
3PLAND, EQ, 15-Sep-2026, 31.24, 31.25, 32.30, 29.50, 30.50, 30.80, 31.25, 7541, 2.36, 208, 5478, 72.64
5PAISA, EQ, 15-Sep-2026, 326.55, 325.10, 327.90, 311.30, 317.50, 313.20, 318.20, 40835, 129.94, 2389, 22340, 54.71
601GS2030, GS, 15-Sep-2026, 98.50, 97.56, 98.60, 97.56, 98.40, 98.40, 98.00, 4380, 4.29, 4, 2190, 50.00
603GS2029, GS, 15-Sep-2026, 99.00, 98.81, 99.55, 98.81, 99.55, 99.55, 99.18, 1180, 1.17, 3, 590, 50.00
610GS2031, GS, 15-Sep-2026, 99.99, 99.50, 99.50, 99.50, 99.50, 99.50, 99.50, 100, 0.10, 1, 100, 100.00
619GS2034, GS, 15-Sep-2026, 99.20, 94.31, 95.00, 94.30, 95.00, 95.00, 94.65, 2202, 2.08, 4, 1102, 50.05
620GS2029, GS, 15-Sep-2026, 99.99, 99.01, 99.01, 98.65, 98.65, 98.65, 98.72, 250, 0.25, 2, 250, 100.00
622GS2035, GS, 15-Sep-2026, 98.95, 94.15, 94.20, 94.15, 94.20, 94.20, 94.18, 60, 0.06, 2, 30, 50.00
636GS2031, GS, 15-Sep-2026, 99.00, 99.00, 99.25, 98.11, 99.25, 99.25, 98.64, 2042, 2.01, 8, 1442, 70.62
63MOONS, EQ, 15-Sep-2026, 908.90, 911.70, 914.25, 858.10, 867.00, 864.00, 881.52, 310775, 2739.54, 13943, 143919, 46.31
648GS2035, GS, 15-Sep-2026, 100.00, 98.11, 98.21, 98.11, 98.21, 98.21, 98.18, 3490, 3.43, 3, 3490, 100.00
653GS2031, GS, 15-Sep-2026, 100.00, 99.00, 100.98, 99.00, 100.98, 100.98, 99.05, 721, 0.71, 6, 721, 100.00
657GS2033A, GS, 15-Sep-2026, 99.75, 97.81, 97.81, 97.81, 97.81, 97.81, 97.81, 90, 0.09, 1, 90, 100.00
664GS2035, GS, 15-Sep-2026, 98.50, 98.01, 98.01, 98.00, 98.00, 98.00, 98.01, 604, 0.59, 2, 604, 100.00
667GS2050, GS, 15-Sep-2026, 93.50, 92.60, 92.60, 92.60, 92.60, 92.60, 92.60, 1000, 0.93, 1, 1000, 100.00
668GS2033, GS, 15-Sep-2026, 98.66, 99.00, 100.00, 98.66, 100.00, 100.00, 99.87, 4440, 4.43, 5, 4100, 92.34
668GS2040, GS, 15-Sep-2026, 98.20, 96.24, 98.15, 96.05, 98.00, 98.00, 96.92, 10955, 10.62, 9, 10953, 99.98
676GS2061, GS, 15-Sep-2026, 89.64, 90.30, 90.30, 88.61, 89.70, 89.47, 89.62, 7128, 6.39, 36, 6128, 85.97
690GS2065, GS, 15-Sep-2026, 92.41, 92.30, 92.90, 92.30, 92.66, 92.66, 92.47, 21700, 20.07, 44, 17700, 81.57
694GS2036, GS, 15-Sep-2026, 102.78, 101.55, 101.75, 100.75, 101.10, 101.01, 100.99, 36350, 36.71, 51, 25450, 70.01
695GS2061, GS, 15-Sep-2026, 92.22, 93.50, 93.50, 91.89, 92.00, 92.00, 92.28, 1921, 1.77, 12, 1867, 97.19
697GR2034, GS, 15-Sep-2026, 98.00, 98.00, 98.00, 98.00, 98.00, 98.00, 98.00, 253, 0.25, 2, 253, 100.00
699GS2051, GS, 15-Sep-2026, 96.00, 96.00, 96.00, 96.00, 96.00, 96.00, 96.00, 1000, 0.96, 1, 1000, 100.00
702GS2027, GS, 15-Sep-2026, 102.01, 102.06, 102.10, 102.06, 102.10, 102.10, 102.10, 2212, 2.26, 9, 2212, 100.00
702GS2031, GS, 15-Sep-2026, 102.00, 103.64, 103.65, 103.64, 103.65, 103.64, 103.65, 20, 0.02, 2, 10, 50.00
704GS2029, GS, 15-Sep-2026, 103.00, 103.50, 103.50, 103.20, 103.20, 103.20, 103.39, 7860, 8.13, 3, 7860, 100.00
706GS2028, GS, 15-Sep-2026, 103.59, 104.00, 104.00, 103.70, 103.80, 103.80, 103.85, 4300, 4.47, 3, 4300, 100.00
706GS2041, GS, 15-Sep-2026, 99.99, 99.98, 99.98, 99.98, 99.98, 99.98, 99.98, 600, 0.60, 2, 600, 100.00
706GS2046, GS, 15-Sep-2026, 101.50, 103.00, 103.00, 103.00, 103.00, 103.00, 103.00, 1, 0.00, 1, 1, 100.00
709GS2054, GS, 15-Sep-2026, 95.00, 95.00, 95.00, 94.97, 94.97, 94.97, 94.99, 10600, 10.07, 13, 10600, 100.00
709GS2074, GS, 15-Sep-2026, 95.13, 95.00, 95.00, 94.00, 94.50, 94.50, 94.32, 18080, 17.05, 35, 16553, 91.55
710GS2029, GS, 15-Sep-2026, 104.80, 103.26, 104.90, 103.26, 104.90, 104.90, 104.86, 1506501, 1579.75, 11, 1503500, 99.80
717GS2030, GS, 15-Sep-2026, 104.00, 104.00, 104.00, 104.00, 104.00, 104.00, 104.00, 100, 0.10, 1, 100, 100.00
718GS2037, GS, 15-Sep-2026, 102.00, 102.00, 102.00, 101.75, 102.00, 102.00, 101.97, 4405, 4.49, 6, 4405, 100.00
724GS2055, GS, 15-Sep-2026, 96.42, 96.25, 96.45, 95.90, 95.90, 95.90, 96.00, 11752, 11.28, 38, 11752, 100.00
725GS2063, GS, 15-Sep-2026, 96.80, 96.41, 96.41, 96.00, 96.20, 96.11, 96.25, 151034, 145.37, 127, 146504, 97.00
726GS2029, GS, 15-Sep-2026, 101.84, 102.00, 102.00, 102.00, 102.00, 102.00, 102.00, 5000, 5.10, 1, 5000, 100.00
726GS2032, GS, 15-Sep-2026, 102.91, 102.01, 102.01, 102.01, 102.01, 102.01, 102.01, 2360, 2.41, 2, 2360, 100.00
726GS2033, GS, 15-Sep-2026, 103.20, 101.71, 101.71, 101.70, 101.70, 101.70, 101.70, 9600, 9.76, 4, 9600, 100.00
732GS2030, GS, 15-Sep-2026, 105.32, 103.61, 103.61, 103.61, 103.61, 103.61, 103.61, 1100, 1.14, 3, 1100, 100.00
733GS2026, GS, 15-Sep-2026, 102.31, 103.33, 103.33, 102.31, 102.32, 102.32, 102.35, 310, 0.32, 4, 310, 100.00
734GS2064, GS, 15-Sep-2026, 98.57, 98.35, 98.35, 97.82, 97.99, 97.94, 98.26, 99574, 97.84, 65, 98974, 99.40
736GS2052, GS, 15-Sep-2026, 101.48, 96.56, 98.75, 96.56, 98.75, 98.75, 97.94, 6984, 6.84, 24, 6185, 88.56
737GS2028, GS, 15-Sep-2026, 104.20, 104.20, 104.20, 104.20, 104.20, 104.20, 104.20, 202, 0.21, 3, 202, 100.00
738GS2027, GS, 15-Sep-2026, 102.75, 103.00, 103.00, 102.21, 102.55, 102.54, 102.41, 44011, 45.07, 13, 44010, 100.00
73GS2053, GS, 15-Sep-2026, 98.85, 98.25, 98.25, 98.00, 98.25, 98.21, 98.18, 15494, 15.21, 25, 14984, 96.71
741GS2036, GS, 15-Sep-2026, 104.70, 104.70, 104.70, 103.22, 103.49, 103.23, 103.43, 17944, 18.56, 24, 13878, 77.34
743GS2076, GS, 15-Sep-2026, 98.08, 98.00, 98.60, 98.00, 98.02, 98.05, 98.12, 39933, 39.18, 40, 39927, 99.98
746GS2073, GS, 15-Sep-2026, 101.23, 100.22, 101.24, 99.10, 101.20, 101.20, 100.15, 13211, 13.23, 20, 13106, 99.21
74GS2062, GS, 15-Sep-2026, 102.50, 102.95, 102.95, 102.49, 102.49, 102.49, 102.51, 136, 0.14, 6, 136, 100.00
750GS2056, GS, 15-Sep-2026, 103.00, 102.90, 102.90, 102.80, 102.90, 102.90, 102.85, 21, 0.02, 4, 21, 100.00
754GS2036, GS, 15-Sep-2026, 105.74, 105.75, 105.75, 105.00, 105.10, 105.08, 105.30, 580605, 611.37, 271, 571208, 98.38
757GS2033, GS, 15-Sep-2026, 105.00, 103.66, 103.66, 103.50, 103.50, 103.58, 103.58, 2000, 2.07, 4, 2000, 100.00
771GS2066, GS, 15-Sep-2026, 102.99, 103.00, 103.00, 102.70, 102.70, 102.70, 102.90, 3466, 3.57, 10, 3466, 100.00
772GS2049, GS, 15-Sep-2026, 103.51, 104.00, 104.00, 104.00, 104.00, 104.00, 104.00, 1357, 1.41, 1, 1357, 100.00
795GS2032, GS, 15-Sep-2026, 107.50, 105.00, 105.45, 104.30, 105.45, 105.45, 104.61, 2103, 2.20, 8, 1853, 88.11
824GS2027, GS, 15-Sep-2026, 101.55, 102.00, 102.00, 102.00, 102.00, 102.00, 102.00, 1000, 1.02, 1, 1000, 100.00
828GS2032, GS, 15-Sep-2026, 107.65, 107.70, 107.70, 105.75, 107.70, 107.70, 107.69, 304, 0.33, 5, 302, 99.34
83GS2040, GS, 15-Sep-2026, 108.91, 109.00, 109.00, 109.00, 109.00, 109.00, 109.00, 851, 0.93, 5, 851, 100.00
83GS2042, GS, 15-Sep-2026, 110.00, 108.00, 108.00, 107.60, 107.60, 107.60, 107.60, 160, 0.17, 2, 160, 100.00
897GS2030, GS, 15-Sep-2026, 112.18, 112.00, 112.18, 112.00, 112.18, 112.18, 112.05, 4000, 4.48, 3, 4000, 100.00
92GS2030, GS, 15-Sep-2026, 114.49, 114.51, 115.00, 113.95, 114.00, 113.99, 114.31, 11978, 13.69, 32, 9848, 82.22
A2ZINFRA, EQ, 15-Sep-2026, 15.33, 15.99, 15.99, 15.07, 15.11, 15.11, 15.21, 95954, 14.59, 253, 67182, 70.01
AAATECH, EQ, 15-Sep-2026, 91.88, 93.80, 95.00, 91.40, 92.00, 91.98, 92.39, 189713, 175.28, 499, 180240, 95.01
AADHARHFC, EQ, 15-Sep-2026, 456.80, 457.00, 460.20, 444.50, 449.25, 448.35, 448.62, 231528, 1038.68, 14071, 116378, 50.27
AAKAAR, SM, 15-Sep-2026, 63.00, 63.00, 63.00, 63.00, 63.00, 63.00, 63.00, 9600, 6.05, 6, 9600, 100.00
AAKASH, EQ, 15-Sep-2026, 9.10, 9.01, 9.25, 8.69, 8.84, 8.83, 8.95, 132523, 11.86, 445, 87508, 66.03
AARADHYA, ST, 15-Sep-2026, 141.55, 148.55, 148.55, 140.10, 140.10, 140.10, 145.49, 19200, 27.93, 10, 18000, 93.75
AAREYDRUGS, EQ, 15-Sep-2026, 98.89, 98.71, 100.45, 96.10, 98.50, 98.82, 98.90, 212869, 210.53, 1295, 169162, 79.47
AARNAV, BE, 15-Sep-2026, 30.56, 29.95, 31.39, 29.20, 29.80, 29.79, 29.92, 6499, 1.94, 51, -, -
AARON, EQ, 15-Sep-2026, 126.94, 125.00, 132.20, 120.60, 122.00, 123.18, 125.58, 14325, 17.99, 525, 11123, 77.65
AARTECH, BE, 15-Sep-2026, 51.99, 52.24, 52.25, 50.20, 51.00, 50.83, 50.88, 43354, 22.06, 175, -, -
AARTIDRUGS, EQ, 15-Sep-2026, 428.50, 428.00, 439.90, 424.00, 425.00, 426.35, 432.66, 143544, 621.05, 9140, 70320, 48.99
AARTIIND, EQ, 15-Sep-2026, 492.70, 492.70, 494.50, 466.10, 470.50, 468.70, 477.34, 789421, 3768.20, 34942, 430537, 54.54
AARTIPHARM, EQ, 15-Sep-2026, 826.95, 831.95, 832.00, 785.15, 791.60, 789.45, 805.28, 386201, 3110.02, 26089, 196886, 50.98
AARTISURF, BE, 15-Sep-2026, 506.65, 506.90, 515.00, 506.90, 511.00, 513.20, 511.35, 14974, 76.57, 360, -, -
AARVI, EQ, 15-Sep-2026, 141.85, 141.10, 145.45, 140.81, 141.00, 141.39, 141.36, 5231, 7.39, 206, 4173, 79.77
AASTHA, EQ, 15-Sep-2026, 78.43, 78.43, 80.26, 76.00, 76.50, 76.38, 76.77, 772986, 593.42, 2378, 379084, 49.04
AATMAJ, SM, 15-Sep-2026, 18.60, 18.60, 19.70, 18.60, 19.25, 19.25, 19.02, 16000, 3.04, 7, 14000, 87.50
AAVAS, EQ, 15-Sep-2026, 1275.10, 1270.10, 1290.60, 1262.10, 1277.90, 1270.30, 1278.69, 114642, 1465.92, 13560, 63952, 55.78
ABAN, BE, 15-Sep-2026, 14.39, 14.65, 14.65, 14.11, 14.60, 14.36, 14.28, 14322, 2.05, 144, -, -
ABANSENT, EQ, 15-Sep-2026, 28.09, 28.09, 28.60, 26.81, 26.97, 27.83, 27.61, 5280, 1.46, 77, 4536, 85.91
ABB, EQ, 15-Sep-2026, 7274.00, 7268.00, 7268.00, 7005.00, 7005.00, 7005.00, 7095.16, 195095, 13842.30, 39304, 93336, 47.84
ABBOTINDIA, EQ, 15-Sep-2026, 25550.00, 25690.00, 26245.00, 25550.00, 26145.00, 26125.00, 26032.49, 10732, 2793.81, 5288, 5633, 52.49
ABCAPITAL, EQ, 15-Sep-2026, 395.00, 395.15, 396.80, 378.80, 378.80, 378.80, 386.07, 2529778, 9766.63, 43358, 1275946, 50.44
ABCOTS, EQ, 15-Sep-2026, 203.06, 200.70, 213.59, 200.70, 207.00, 206.04, 208.49, 6697, 13.96, 291, 5100, 76.15
ABDL, EQ, 15-Sep-2026, 632.50, 635.00, 644.40, 622.00, 635.50, 631.60, 632.53, 522432, 3304.54, 27373, 239563, 45.86
ABFRL, EQ, 15-Sep-2026, 50.44, 50.35, 50.68, 48.71, 49.50, 49.02, 49.21, 9099306, 4478.04, 20957, 5564423, 61.15
ABGSEC, EQ, 15-Sep-2026, 113.96, 113.96, 113.96, 113.07, 113.07, 113.07, 113.52, 5, 0.01, 4, 3, 60.00
ABH, ST, 15-Sep-2026, 62.70, 59.60, 59.60, 59.60, 59.60, 59.60, 59.60, 30000, 17.88, 11, 30000, 100.00
ABHAPOWER, SM, 15-Sep-2026, 23.95, 24.00, 24.00, 24.00, 24.00, 24.00, 24.00, 1600, 0.38, 1, 1600, 100.00
ABINFRA, BE, 15-Sep-2026, 11.34, 11.34, 11.40, 10.91, 11.40, 11.11, 11.14, 133271, 14.85, 345, -, -
ABLBL, EQ, 15-Sep-2026, 83.61, 83.50, 85.35, 82.71, 83.40, 82.95, 84.04, 625654, 525.79, 9985, 339874, 54.32
ABMINTLLTD, BE, 15-Sep-2026, 52.50, 52.35, 52.35, 52.00, 52.00, 52.00, 52.31, 51, 0.03, 7, -, -
ABMKNO, EQ, 15-Sep-2026, 181.45, 182.00, 184.90, 170.00, 175.00, 174.71, 176.48, 2678, 4.73, 94, 2536, 94.70
ABREL, EQ, 15-Sep-2026, 1281.60, 1276.20, 1281.70, 1227.00, 1235.80, 1232.50, 1244.39, 197639, 2459.40, 14731, 92103, 46.60
ABSL10BANK, EQ, 15-Sep-2026, 167.34, 170.90, 170.90, 164.00, 167.26, 165.51, 165.20, 3511, 5.80, 35, 3466, 98.72
ABSLAMC, EQ, 15-Sep-2026, 1109.90, 1102.00, 1104.00, 1034.00, 1035.00, 1037.90, 1062.86, 129497, 1376.37, 18599, 64335, 49.68
ABSLBANETF, EQ, 15-Sep-2026, 58.01, 58.14, 58.28, 57.30, 57.44, 57.40, 57.61, 23799, 13.71, 447, 12539, 52.69
ABSLLIQUID, EQ, 15-Sep-2026, 1000.00, 1000.01, 1000.01, 999.99, 1000.00, 999.99, 1000.00, 9016, 90.16, 62, 8305, 92.11
ABSLMSCIN, EQ, 15-Sep-2026, 28.90, 29.11, 29.26, 28.63, 28.67, 28.67, 28.76, 354, 0.10, 14, 309, 87.29
ABSLNN50ET, EQ, 15-Sep-2026, 76.15, 76.53, 76.53, 74.10, 74.10, 74.48, 74.74, 43922, 32.83, 474, 21485, 48.92
ABSLPSE, EQ, 15-Sep-2026, 10.11, 10.11, 10.29, 9.90, 9.99, 9.93, 9.98, 109470, 10.92, 818, 94089, 85.95
ABSMARINE, SM, 15-Sep-2026, 316.00, 323.00, 330.00, 300.00, 300.00, 303.50, 314.81, 70000, 220.37, 128, 50500, 72.14
ACC, EQ, 15-Sep-2026, 1246.50, 1234.90, 1280.30, 1219.60, 1227.00, 1225.20, 1228.35, 205903, 2529.20, 17828, 111703, 54.25
ACCELYA, EQ, 15-Sep-2026, 1118.40, 1120.00, 1126.00, 1108.00, 1116.80, 1112.20, 1116.56, 5132, 57.30, 638, 3405, 66.35
ACCENTMIC, SM, 15-Sep-2026, 725.75, 729.00, 731.70, 680.00, 686.00, 686.55, 698.18, 141000, 984.43, 252, 105500, 74.82
ACCPL, ST, 15-Sep-2026, 215.00, 215.00, 219.00, 210.00, 219.00, 219.00, 213.86, 8400, 17.96, 7, 8400, 100.00
ACCURACY, BE, 15-Sep-2026, 4.19, 4.17, 4.39, 4.17, 4.39, 4.38, 4.35, 99869, 4.35, 223, -, -
ACE, EQ, 15-Sep-2026, 1129.00, 1135.00, 1141.50, 1105.00, 1130.00, 1132.10, 1128.54, 332640, 3753.98, 25282, 169151, 50.85
ACEINTEG, EQ, 15-Sep-2026, 17.62, 17.54, 18.37, 17.51, 17.70, 17.75, 17.71, 6074, 1.08, 82, 5935, 97.71
ACETEC, SM, 15-Sep-2026, 145.00, 147.00, 160.00, 147.00, 147.00, 150.45, 156.04, 22800, 35.58, 19, 16800, 73.68
ACGL, EQ, 15-Sep-2026, 1785.70, 1785.70, 1824.00, 1725.20, 1739.80, 1732.10, 1763.94, 944, 16.65, 231, 743, 78.71
ACI, EQ, 15-Sep-2026, 470.45, 476.70, 478.00, 453.05, 456.30, 455.25, 459.91, 295921, 1360.97, 15469, 168469, 56.93
ACL, EQ, 15-Sep-2026, 42.70, 41.85, 43.50, 41.85, 42.91, 42.55, 42.68, 4611, 1.97, 218, 3172, 68.79
ACMESOLAR, EQ, 15-Sep-2026, 402.30, 402.15, 426.15, 402.15, 418.75, 420.40, 416.91, 5262214, 21938.54, 101707, 2254141, 42.84
ACSTECH, BE, 15-Sep-2026, 58.29, 58.50, 61.10, 58.50, 59.06, 59.45, 60.10, 274304, 164.84, 443, -, -
ACTIVEINFR, SM, 15-Sep-2026, 173.00, 171.00, 171.00, 171.00, 171.00, 171.00, 171.00, 600, 1.03, 1, 600, 100.00
ACUTAAS, EQ, 15-Sep-2026, 3383.70, 3384.00, 3447.60, 3232.20, 3265.00, 3266.20, 3326.98, 264234, 8791.02, 47895, 116164, 43.96
ADANIENSOL, EQ, 15-Sep-2026, 1373.00, 1377.60, 1379.80, 1337.00, 1347.50, 1347.50, 1355.79, 822951, 11157.52, 33783, 347380, 42.21
ADANIENT, EQ, 15-Sep-2026, 3060.00, 3080.00, 3083.70, 2921.30, 2928.60, 2928.60, 2974.19, 1783310, 53039.00, 77398, 920830, 51.64
ADANIGREEN, EQ, 15-Sep-2026, 1281.30, 1282.30, 1294.00, 1249.00, 1255.00, 1255.00, 1265.96, 980470, 12412.34, 33211, 490785, 50.06
ADANIPORTS, EQ, 15-Sep-2026, 1764.60, 1791.40, 1791.40, 1713.80, 1713.80, 1713.80, 1742.30, 1610729, 28063.78, 60024, 921384, 57.20
ADANIPOWER, EQ, 15-Sep-2026, 209.97, 211.05, 212.00, 201.40, 202.00, 202.00, 204.63, 14417003, 29501.55, 137013, 6742915, 46.77
ADDICTIVE, SM, 15-Sep-2026, 47.50, 47.50, 47.50, 45.15, 45.15, 45.15, 46.08, 5500, 2.53, 9, 5000, 90.91
ADDIND, EQ, 15-Sep-2026, 77.48, 79.41, 80.00, 79.00, 79.00, 79.00, 79.55, 6, 0.00, 5, 4, 66.67
ADFFOODS, EQ, 15-Sep-2026, 269.55, 269.55, 270.90, 260.10, 260.15, 261.30, 264.87, 65591, 173.73, 2111, 23622, 36.01
ADISOFT, SM, 15-Sep-2026, 235.95, 236.00, 241.80, 222.30, 223.00, 226.25, 231.05, 87200, 201.47, 103, 56800, 65.14
ADL, EQ, 15-Sep-2026, 71.54, 75.90, 83.00, 69.71, 70.60, 71.16, 76.26, 3183, 2.43, 53, 912, 28.65
ADOR, EQ, 15-Sep-2026, 1603.70, 1604.00, 1620.00, 1541.30, 1559.40, 1548.20, 1567.96, 31262, 490.18, 5506, 17269, 55.24
ADROITINFO, EQ, 15-Sep-2026, 11.02, 11.06, 11.29, 10.82, 11.12, 11.04, 11.04, 36084, 3.98, 187, 23562, 65.30
ADSL, EQ, 15-Sep-2026, 100.21, 100.68, 101.60, 96.15, 96.70, 97.02, 98.52, 112407, 110.74, 2636, 55112, 49.03
ADVAIT, EQ, 15-Sep-2026, 2065.00, 2070.00, 2083.90, 2000.00, 2015.00, 2007.00, 2023.06, 34911, 706.27, 5055, 17509, 50.15
ADVANCE, EQ, 15-Sep-2026, 117.85, 118.69, 119.76, 113.50, 113.60, 113.95, 115.46, 66283, 76.53, 1321, 45242, 68.26
ADVANIHOTR, EQ, 15-Sep-2026, 49.18, 49.06, 49.06, 47.50, 48.00, 47.98, 48.41, 35019, 16.95, 691, 27543, 78.65
ADVENTHTL, EQ, 15-Sep-2026, 128.56, 128.67, 136.00, 125.11, 126.25, 126.42, 130.20, 361220, 470.31, 6799, 91862, 25.43
ADVENZYMES, EQ, 15-Sep-2026, 293.40, 293.40, 297.00, 286.15, 289.90, 287.70, 292.58, 247159, 723.14, 4964, 144677, 58.54
ADVIKCA, EQ, 15-Sep-2026, 1.02, 1.02, 1.02, 0.94, 1.00, 0.98, 0.99, 431765, 4.28, 428, 365212, 84.59
AEGISLOG, EQ, 15-Sep-2026, 1353.60, 1365.30, 1385.00, 1320.00, 1322.90, 1323.50, 1350.65, 701470, 9474.43, 37560, 269962, 38.49
AEGISVOPAK, EQ, 15-Sep-2026, 295.10, 298.40, 311.00, 292.80, 303.50, 302.00, 303.49, 4447657, 13498.18, 75497, 1272685, 28.61
AEPL, EQ, 15-Sep-2026, 17.21, 17.50, 17.59, 16.02, 16.02, 16.27, 16.97, 53631, 9.10, 368, 43468, 81.05
AEQUS, EQ, 15-Sep-2026, 225.97, 229.00, 234.00, 220.00, 221.23, 221.52, 226.21, 2201591, 4980.31, 33775, 902939, 41.01
AEROENTER, EQ, 15-Sep-2026, 137.09, 137.77, 137.77, 113.85, 116.90, 116.93, 122.76, 1916380, 2352.46, 26166, 877292, 45.78
AEROFLEX, EQ, 15-Sep-2026, 563.95, 565.40, 567.45, 507.60, 507.60, 507.60, 515.08, 1836440, 9459.13, 29038, 819087, 44.60
AERON, SM, 15-Sep-2026, 85.00, 83.55, 83.55, 80.00, 81.00, 81.00, 81.53, 8000, 6.52, 8, 6000, 75.00
AERONEU, EQ, 15-Sep-2026, 68.76, 68.76, 71.39, 67.75, 69.15, 67.94, 68.54, 22172, 15.20, 453, 20231, 91.25
AEROPLANE, EQ, 15-Sep-2026, 205.13, 205.12, 205.13, 195.00, 196.80, 199.72, 199.95, 921171, 1841.88, 8611, 572064, 62.10
AESTHETIK, SM, 15-Sep-2026, 68.50, 69.00, 69.05, 69.00, 69.00, 69.00, 69.01, 8000, 5.52, 6, 8000, 100.00
AETHER, EQ, 15-Sep-2026, 1674.70, 1674.70, 1680.00, 1567.70, 1591.60, 1583.10, 1594.63, 405221, 6461.76, 48990, 164649, 40.63
AFCONS, EQ, 15-Sep-2026, 253.80, 281.00, 304.55, 260.25, 262.90, 262.25, 283.83, 26501568, 75219.46, 233701, 3962714, 14.95
AFFLE, EQ, 15-Sep-2026, 1567.60, 1585.80, 1588.90, 1534.40, 1536.00, 1536.40, 1559.83, 132668, 2069.39, 17365, 66102, 49.83
AFFORDABLE, EQ, 15-Sep-2026, 159.88, 159.09, 161.88, 156.01, 160.00, 158.93, 158.93, 16702, 26.54, 559, 11718, 70.16
AFIL, EQ, 15-Sep-2026, 8.92, 9.00, 9.00, 8.39, 8.60, 8.54, 8.62, 634241, 54.66, 861, 437668, 69.01
AFSL, EQ, 15-Sep-2026, 201.00, 201.95, 202.50, 201.00, 201.00, 201.03, 201.06, 7901, 15.89, 98, 6454, 81.69
AGARIND, EQ, 15-Sep-2026, 431.75, 431.95, 436.95, 417.50, 425.00, 421.00, 424.45, 51633, 219.16, 2598, 23873, 46.24
AGARWALEYE, EQ, 15-Sep-2026, 508.40, 510.00, 511.00, 494.85, 499.00, 502.05, 501.20, 195769, 981.19, 13483, 103821, 53.03
AGARWALTUF, SM, 15-Sep-2026, 149.80, 145.00, 149.80, 142.90, 145.15, 146.05, 146.93, 27600, 40.55, 20, 20400, 73.91
AGI, EQ, 15-Sep-2026, 762.65, 761.05, 762.05, 731.10, 734.95, 736.65, 746.87, 91711, 684.96, 5268, 44560, 48.59
AGIIL, EQ, 15-Sep-2026, 272.95, 272.95, 274.85, 255.80, 262.00, 264.15, 268.51, 382898, 1028.11, 5329, 174084, 45.46
AGL, EQ, 15-Sep-2026, 15.13, 15.14, 15.23, 14.01, 14.05, 14.23, 14.48, 2608653, 377.69, 4057, 1411281, 54.10
AGRITECH, EQ, 15-Sep-2026, 99.84, 100.33, 101.39, 97.12, 97.55, 97.57, 98.06, 2551, 2.50, 154, 2144, 84.05
AGROPHOS, EQ, 15-Sep-2026, 23.50, 24.20, 24.20, 22.51, 23.93, 23.47, 23.22, 22908, 5.32, 345, 16358, 71.41
AGSTRA, BZ, 15-Sep-2026, 1.89, 1.89, 1.98, 1.88, 1.93, 1.92, 1.93, 169141, 3.26, 234, -, -
AHCL, EQ, 15-Sep-2026, 19.57, 21.05, 22.94, 19.37, 20.30, 20.18, 20.56, 165056337, 33937.50, 924280, 17797082, 10.78
AHLADA, EQ, 15-Sep-2026, 35.06, 34.85, 36.09, 34.00, 35.00, 34.99, 34.99, 10913, 3.82, 105, 8610, 78.90
AHLEAST, EQ, 15-Sep-2026, 133.95, 134.52, 136.88, 133.00, 133.20, 133.56, 133.56, 1187, 1.59, 32, 1081, 91.07
AHLUCONT, EQ, 15-Sep-2026, 601.00, 601.00, 604.65, 580.30, 588.00, 585.85, 593.78, 66007, 391.94, 4540, 34413, 52.14
AHLWEST, BE, 15-Sep-2026, 505.00, 505.00, 530.25, 505.00, 506.40, 506.40, 528.14, 882, 4.66, 38, -, -
AIAENG, EQ, 15-Sep-2026, 4096.60, 4113.50, 4140.00, 3886.00, 3913.40, 3899.30, 3971.32, 43966, 1746.03, 16444, 23861, 54.27
AIIL, EQ, 15-Sep-2026, 544.35, 539.00, 539.00, 524.20, 531.90, 529.85, 532.20, 279515, 1487.58, 14196, 122652, 43.88
AILIMITED, SM, 15-Sep-2026, 20.10, 19.15, 19.15, 19.10, 19.10, 19.10, 19.13, 6000, 1.15, 2, 6000, 100.00
AIMTRON, SM, 15-Sep-2026, 1772.95, 1790.65, 1798.95, 1645.00, 1645.00, 1656.35, 1694.29, 63000, 1067.40, 291, 40000, 63.49
AIRAN, EQ, 15-Sep-2026, 17.13, 17.21, 17.90, 16.21, 16.40, 16.45, 17.22, 157643, 27.15, 945, 91815, 58.24
AIROLAM, EQ, 15-Sep-2026, 84.25, 89.45, 89.45, 83.53, 83.60, 84.21, 85.88, 2779, 2.39, 90, 1825, 65.67
AISL, SM, 15-Sep-2026, 54.65, 54.65, 57.30, 54.65, 56.90, 56.90, 56.28, 1800, 1.01, 3, 1800, 100.00
AJANTPHARM, EQ, 15-Sep-2026, 3533.40, 3555.90, 3555.90, 3477.10, 3505.00, 3510.40, 3511.69, 78118, 2743.26, 13552, 54482, 69.74
AJAXENGG, EQ, 15-Sep-2026, 590.60, 585.05, 598.00, 575.30, 580.20, 581.60, 588.08, 70412, 414.08, 9845, 41247, 58.58
AJMERA, EQ, 15-Sep-2026, 116.75, 117.61, 117.61, 111.83, 114.90, 114.37, 113.71, 421507, 479.28, 4439, 228661, 54.25
AJOONI, EQ, 15-Sep-2026, 3.47, 3.42, 3.49, 3.36, 3.43, 3.43, 3.43, 317027, 10.86, 670, 232342, 73.29
AKANKSHA, SM, 15-Sep-2026, 132.85, 130.00, 130.00, 129.90, 130.00, 130.00, 129.97, 9000, 11.70, 7, 9000, 100.00
AKASH, EQ, 15-Sep-2026, 24.86, 25.93, 25.93, 24.55, 24.56, 24.56, 24.70, 1710, 0.42, 41, 1612, 94.27
AKCAPIT, EQ, 15-Sep-2026, 1708.40, 1702.00, 1715.00, 1681.30, 1715.00, 1714.10, 1705.23, 1383, 23.58, 115, 1322, 95.59
AKG, EQ, 15-Sep-2026, 10.61, 10.40, 10.74, 10.40, 10.54, 10.48, 10.43, 49896, 5.20, 159, 46977, 94.15
AKI, BE, 15-Sep-2026, 6.14, 6.14, 6.14, 5.84, 5.84, 5.84, 5.88, 285275, 16.78, 432, -, -
AKIKO, SM, 15-Sep-2026, 432.50, 430.00, 430.00, 430.00, 430.00, 430.00, 430.00, 2400, 10.32, 1, 2400, 100.00
AKSHAR, EQ, 15-Sep-2026, 0.41, 0.41, 0.42, 0.41, 0.42, 0.41, 0.41, 395939, 1.64, 180, 246908, 62.36
AKSHARCHEM, BE, 15-Sep-2026, 423.40, 404.10, 414.95, 401.80, 401.80, 401.80, 403.48, 8144, 32.86, 202, -, -
AKSHOPTFBR, BE, 15-Sep-2026, 8.78, 8.60, 8.89, 8.35, 8.35, 8.35, 8.39, 406682, 34.12, 571, -, -
AKUMS, EQ, 15-Sep-2026, 776.35, 780.25, 792.00, 762.15, 764.10, 765.65, 777.46, 345164, 2683.53, 26631, 169964, 49.24
ALANKIT, EQ, 15-Sep-2026, 7.91, 8.00, 8.00, 7.70, 7.78, 7.77, 7.78, 78407, 6.10, 752, 65772, 83.89
ALBERTDAVD, EQ, 15-Sep-2026, 844.35, 844.55, 862.85, 832.00, 845.00, 851.90, 847.17, 5779, 48.96, 539, 2984, 51.64
ALCODIS, SM, 15-Sep-2026, 68.00, 74.30, 74.30, 74.00, 74.00, 74.00, 74.15, 1250, 0.93, 2, 1250, 100.00
ALEMBICLTD, EQ, 15-Sep-2026, 104.33, 105.30, 106.49, 100.00, 100.10, 100.51, 101.89, 840743, 856.65, 9350, 474039, 56.38
ALFREDHE, EQ, 15-Sep-2026, 2845.00, 2800.90, 2880.00, 2750.00, 2880.00, 2820.00, 2839.64, 69, 1.96, 43, 55, 79.71
ALGOQUANT, EQ, 15-Sep-2026, 64.61, 64.61, 66.59, 63.50, 63.80, 64.13, 64.53, 1404240, 906.21, 3529, 505557, 36.00
ALICON, EQ, 15-Sep-2026, 733.40, 739.45, 739.95, 690.00, 697.00, 697.20, 709.16, 11860, 84.11, 1448, 6414, 54.08
ALIVUS, EQ, 15-Sep-2026, 1386.80, 1386.80, 1401.70, 1344.50, 1344.50, 1347.80, 1363.14, 79325, 1081.31, 9199, 42559, 53.65
ALKALI, EQ, 15-Sep-2026, 77.25, 75.70, 78.48, 72.22, 73.00, 73.45, 74.27, 10853, 8.06, 290, 6190, 57.03
ALKEM, EQ, 15-Sep-2026, 5087.50, 5170.00, 5290.00, 5140.50, 5161.00, 5161.00, 5242.60, 253213, 13274.94, 31431, 112761, 44.53
ALKYLAMINE, EQ, 15-Sep-2026, 1867.50, 1867.00, 1867.00, 1768.10, 1795.00, 1775.70, 1803.49, 85642, 1544.54, 14672, 42243, 49.33
ALLCARGO, EQ, 15-Sep-2026, 12.16, 12.40, 12.40, 11.38, 11.68, 11.60, 11.85, 11548427, 1368.12, 14507, 3986212, 34.52
ALLDIGI, EQ, 15-Sep-2026, 797.30, 795.00, 806.95, 795.00, 805.00, 799.50, 799.29, 2913, 23.28, 403, 2115, 72.61
ALLETEC, SM, 15-Sep-2026, 132.00, 128.75, 135.00, 127.00, 127.00, 127.75, 130.29, 12400, 16.16, 29, 10000, 80.65
ALLTIME, EQ, 15-Sep-2026, 221.15, 221.50, 223.50, 212.00, 212.80, 213.38, 218.56, 111414, 243.51, 3357, 44291, 39.75
ALMONDZ, EQ, 15-Sep-2026, 19.13, 19.25, 19.40, 15.77, 16.65, 16.84, 18.16, 546923, 99.29, 1364, 385140, 70.42
ALOKINDS, EQ, 15-Sep-2026, 7.36, 7.40, 7.65, 7.35, 7.39, 7.38, 7.44, 16675898, 1240.94, 13212, 7093215, 42.54
ALPA, EQ, 15-Sep-2026, 61.69, 62.00, 62.80, 60.00, 61.00, 60.39, 61.24, 10739, 6.58, 311, 8806, 82.00
ALPEXSOLAR, SM, 15-Sep-2026, 934.20, 948.80, 948.80, 890.00, 908.00, 906.35, 927.71, 44900, 416.54, 368, 31300, 69.71
ALPHA, EQ, 15-Sep-2026, 54.06, 54.07, 54.24, 51.95, 52.44, 52.18, 52.81, 1858489, 981.46, 8073, 1156432, 62.22
ALPHAETF, EQ, 15-Sep-2026, 26.49, 26.49, 26.51, 25.65, 25.66, 25.68, 25.93, 494292, 128.17, 2093, 366112, 74.07
ALPHAGEO, BE, 15-Sep-2026, 310.25, 307.00, 319.80, 298.00, 299.00, 298.85, 303.74, 7700, 23.39, 188, -, -
ALPINETEX, EQ, 15-Sep-2026, 57.13, 57.11, 57.39, 53.50, 54.90, 54.68, 55.61, 94673, 52.65, 1535, 51006, 53.88
ALPL30IETF, EQ, 15-Sep-2026, 27.25, 27.25, 27.25, 26.69, 26.88, 26.70, 26.91, 2987998, 804.02, 1984, 2793069, 93.48
ALUFLUOR, EQ, 15-Sep-2026, 487.40, 487.40, 495.00, 487.40, 493.50, 492.55, 491.74, 4714, 23.18, 180, 4123, 87.46
ALUWIND, SM, 15-Sep-2026, 47.75, 47.20, 47.20, 45.25, 46.00, 46.00, 46.15, 4500, 2.08, 3, 4500, 100.00
AMAGI, EQ, 15-Sep-2026, 578.35, 581.25, 587.85, 567.05, 569.90, 569.40, 576.31, 291602, 1680.54, 14489, 121712, 41.74
AMAL, EQ, 15-Sep-2026, 738.70, 739.00, 739.40, 702.65, 717.15, 713.30, 718.84, 7292, 52.42, 787, 5078, 69.64
AMANTA, BE, 15-Sep-2026, 197.75, 193.80, 193.80, 193.80, 193.80, 193.80, 193.80, 15941, 30.89, 93, -, -
AMARJOTHI, EQ, 15-Sep-2026, 150.14, 154.93, 154.93, 147.00, 147.00, 148.09, 149.77, 3047, 4.56, 80, 2720, 89.27
AMBAAUTO, SM, 15-Sep-2026, 103.00, 103.00, 103.00, 97.85, 99.95, 98.35, 99.62, 25000, 24.91, 22, 17000, 68.00
AMBALALSA, BE, 15-Sep-2026, 40.33, 40.50, 40.98, 38.32, 38.80, 38.59, 39.30, 45056, 17.71, 190, -, -
AMBER, EQ, 15-Sep-2026, 7245.00, 7280.50, 7290.50, 6937.00, 7000.00, 7000.00, 7075.31, 145928, 10324.85, 20355, 49788, 34.12
AMBICAAGAR, EQ, 15-Sep-2026, 24.99, 24.87, 25.48, 24.87, 24.90, 24.94, 25.08, 8112, 2.03, 133, 6205, 76.49
AMBIKCO, EQ, 15-Sep-2026, 1593.10, 1594.70, 1605.00, 1575.00, 1583.00, 1579.60, 1587.01, 10233, 162.40, 736, 8545, 83.50
AMBUJACEM, EQ, 15-Sep-2026, 391.85, 392.60, 393.85, 380.10, 381.75, 381.75, 385.78, 1367462, 5275.42, 28941, 615162, 44.99
AMCL, SM, 15-Sep-2026, 369.45, 375.00, 382.00, 366.45, 375.00, 375.00, 371.04, 10800, 40.07, 18, 10400, 96.30
AMDIND, EQ, 15-Sep-2026, 64.03, 66.29, 74.39, 65.80, 68.70, 69.64, 70.86, 1440694, 1020.92, 17696, 360155, 25.00
AMEYA, SM, 15-Sep-2026, 121.00, 121.25, 126.50, 119.90, 126.50, 126.50, 122.86, 24000, 29.49, 20, 17000, 70.83
AMJLAND, EQ, 15-Sep-2026, 38.56, 38.56, 38.64, 36.66, 36.95, 37.21, 37.68, 20539, 7.74, 259, 17414, 84.79
AMNPLST, EQ, 15-Sep-2026, 165.26, 169.90, 169.90, 164.00, 165.00, 165.52, 166.79, 1450, 2.42, 63, 1321, 91.10
AMRUTANJAN, EQ, 15-Sep-2026, 490.95, 489.00, 494.85, 485.00, 486.30, 489.60, 489.02, 26954, 131.81, 1336, 15753, 58.44
ANANDRATHI, EQ, 15-Sep-2026, 2211.00, 2212.40, 2222.00, 2175.00, 2180.00, 2183.90, 2196.47, 126796, 2785.04, 27909, 78401, 61.83
ANANTAM, IV, 15-Sep-2026, 107.69, 107.90, 107.90, 106.21, 106.31, 106.83, 107.09, 3997, 4.28, 97, 3685, 92.19
ANANTRAJ, EQ, 15-Sep-2026, 598.35, 601.05, 605.30, 583.05, 587.00, 585.90, 594.24, 1793456, 10657.47, 32622, 802379, 44.74
ANAWIL, SM, 15-Sep-2026, 462.30, 456.60, 462.50, 425.00, 429.25, 429.40, 438.91, 160400, 704.01, 366, 106800, 66.58
ANDHRAPAP, EQ, 15-Sep-2026, 73.36, 73.36, 75.00, 71.00, 71.02, 71.64, 73.05, 1506455, 1100.42, 9894, 513709, 34.10
ANDHRSUGAR, EQ, 15-Sep-2026, 96.38, 97.60, 97.60, 94.00, 94.85, 94.66, 95.48, 366347, 349.78, 4827, 176355, 48.14
ANDREWYU, EQ, 15-Sep-2026, 26.24, 26.10, 26.89, 25.31, 25.51, 25.65, 25.99, 63569, 16.52, 546, 48277, 75.94
ANGELONE, EQ, 15-Sep-2026, 305.00, 306.45, 310.00, 297.30, 297.50, 297.50, 302.88, 5536817, 16769.92, 50926, 1976176, 35.69
ANIKINDS, EQ, 15-Sep-2026, 44.66, 44.05, 45.53, 39.96, 40.50, 40.58, 41.63, 23241, 9.68, 354, 14896, 64.09
ANKITMETAL, BZ, 15-Sep-2026, 1.61, 1.64, 1.64, 1.64, 1.64, 1.64, 1.64, 40238, 0.66, 23, -, -
ANLON, SM, 15-Sep-2026, 691.65, 692.00, 699.95, 661.15, 661.15, 672.75, 684.90, 3600, 24.66, 9, 3200, 88.89
ANMOL, EQ, 15-Sep-2026, 16.87, 17.00, 18.55, 15.20, 15.47, 15.27, 16.83, 977450, 164.50, 3710, 480858, 49.20
ANNAPURNA, EQ, 15-Sep-2026, 137.95, 137.90, 138.14, 134.06, 138.00, 137.39, 136.78, 14823, 20.27, 758, 8860, 59.77
ANNU, BE, 15-Sep-2026, 58.35, 55.44, 55.44, 55.44, 55.44, 55.44, 55.44, 129616, 71.86, 1366, -, -
ANONDITA, SM, 15-Sep-2026, 1129.55, 1133.10, 1158.00, 1078.75, 1150.00, 1140.90, 1125.96, 58400, 657.56, 262, 35800, 61.30
ANSALAPI, BZ, 15-Sep-2026, 3.34, 3.40, 3.40, 3.40, 3.40, 3.40, 3.40, 23340, 0.79, 19, -, -
ANSALBU, EQ, 15-Sep-2026, 82.00, 82.00, 87.00, 79.00, 84.00, 84.00, 83.30, 10068, 8.39, 120, 8783, 87.24
ANTELOPUS, EQ, 15-Sep-2026, 1139.35, 1146.10, 1173.15, 1036.95, 1062.00, 1057.80, 1107.47, 1129576, 12509.73, 38516, 186935, 16.55
ANTGRAPHIC, EQ, 15-Sep-2026, 0.75, 0.75, 0.75, 0.73, 0.74, 0.74, 0.74, 87794, 0.65, 207, 57044, 64.97
ANTHEM, EQ, 15-Sep-2026, 940.90, 944.95, 962.00, 938.20, 945.00, 942.85, 950.09, 599280, 5693.70, 37150, 335159, 55.93
ANUHPHR, EQ, 15-Sep-2026, 94.86, 95.00, 97.50, 89.91, 90.95, 90.33, 93.39, 208793, 194.99, 3387, 98349, 47.10
ANUP, EQ, 15-Sep-2026, 1664.30, 1670.00, 1679.00, 1611.10, 1620.00, 1616.10, 1636.12, 24723, 404.50, 4302, 14107, 57.06
ANURAS, EQ, 15-Sep-2026, 1219.40, 1224.80, 1227.30, 1115.80, 1180.00, 1170.40, 1178.08, 493232, 5810.68, 24790, 288207, 58.43
ANYA, SM, 15-Sep-2026, 15.00, 15.25, 15.25, 15.25, 15.25, 15.25, 15.25, 5000, 0.76, 1, 5000, 100.00
AONEGOLD, EQ, 15-Sep-2026, 14.15, 14.01, 14.99, 13.96, 14.31, 14.50, 14.18, 394998, 56.01, 2146, 181523, 45.96
AONELIQUID, EQ, 15-Sep-2026, 1076.74, 1076.89, 1076.89, 1076.87, 1076.89, 1076.87, 1076.88, 10143, 109.23, 149, 7276, 71.73
AONENIFTY, EQ, 15-Sep-2026, 9.71, 9.95, 9.95, 9.55, 9.62, 9.58, 9.66, 237957, 22.99, 2223, 217760, 91.51
AONESILVER, EQ, 15-Sep-2026, 8.70, 8.77, 8.79, 8.58, 8.70, 8.66, 8.65, 565305, 48.87, 1828, 355107, 62.82
AONETMMQ50, EQ, 15-Sep-2026, 10.34, 10.69, 10.69, 10.00, 10.04, 10.00, 10.14, 204288, 20.72, 479, 163001, 79.79
AONETOTAL, EQ, 15-Sep-2026, 11.70, 11.93, 11.93, 11.49, 11.49, 11.52, 11.62, 226437, 26.30, 1844, 115690, 51.09
APARINDS, EQ, 15-Sep-2026, 17500.00, 17598.00, 17688.00, 16490.00, 16613.00, 16550.00, 16957.90, 100710, 17078.30, 34026, 39728, 39.45
APCL, EQ, 15-Sep-2026, 98.16, 100.00, 100.00, 98.00, 99.90, 99.40, 99.37, 4097, 4.07, 45, 3935, 96.05
APCOTEXIND, EQ, 15-Sep-2026, 601.15, 602.05, 610.00, 575.00, 576.80, 576.70, 583.74, 118177, 689.85, 7948, 66581, 56.34
APEX, EQ, 15-Sep-2026, 368.50, 366.65, 369.70, 355.00, 362.90, 358.95, 361.62, 81885, 296.12, 3698, 38979, 47.60
APEXECO, ST, 15-Sep-2026, 272.50, 271.60, 273.00, 258.90, 258.90, 258.90, 266.30, 14400, 38.35, 17, 14400, 100.00
APLAPOLLO, EQ, 15-Sep-2026, 2153.50, 2157.00, 2160.00, 2107.70, 2119.30, 2119.30, 2123.78, 434016, 9217.54, 24611, 219587, 50.59
APLLTD, EQ, 15-Sep-2026, 810.95, 811.00, 839.35, 810.20, 825.00, 824.75, 830.01, 165473, 1373.45, 14861, 72601, 43.87
APOLLO, EQ, 15-Sep-2026, 422.25, 424.35, 424.60, 384.00, 386.80, 386.60, 399.92, 9564451, 38249.74, 110177, 3539988, 37.01
APOLLOHOSP, EQ, 15-Sep-2026, 8836.00, 8937.00, 8950.50, 8714.00, 8714.00, 8714.00, 8828.88, 247091, 21815.36, 42293, 152948, 61.90
APOLLOPIPE, EQ, 15-Sep-2026, 554.90, 553.15, 554.15, 516.45, 518.00, 520.20, 530.48, 406249, 2155.07, 13600, 184431, 45.40
APOLLOTYRE, EQ, 15-Sep-2026, 417.65, 415.00, 417.75, 405.05, 408.00, 406.20, 410.54, 329820, 1354.06, 18719, 136141, 41.28
APOLSINHOT, EQ, 15-Sep-2026, 1226.70, 1205.10, 1237.00, 1205.00, 1212.00, 1214.50, 1217.97, 636, 7.75, 66, 527, 82.86
APOORVA, EQ, 15-Sep-2026, 27.63, 28.18, 28.18, 27.00, 27.02, 27.02, 27.56, 296, 0.08, 14, 296, 100.00
APRAMEYA, SM, 15-Sep-2026, 116.00, 112.00, 114.00, 112.00, 112.00, 112.00, 112.68, 14000, 15.78, 4, 14000, 100.00
APS, SM, 15-Sep-2026, 239.30, 240.00, 241.00, 232.85, 233.00, 233.35, 236.55, 18000, 42.58, 66, 12250, 68.06
APSISAERO, ST, 15-Sep-2026, 612.30, 600.10, 600.10, 600.10, 600.10, 600.10, 600.10, 7200, 43.21, 2, 7200, 100.00
APTECHT, BE, 15-Sep-2026, 88.20, 90.00, 90.00, 86.00, 86.10, 86.38, 87.35, 47241, 41.26, 442, -, -
APTUS, EQ, 15-Sep-2026, 249.11, 249.01, 249.66, 240.40, 241.99, 244.83, 244.08, 1042351, 2544.22, 25725, 607836, 58.31
AQYLON, EQ, 15-Sep-2026, 21.24, 21.65, 21.90, 20.18, 20.50, 20.71, 20.74, 4195907, 870.44, 1311, 4073221, 97.08
ARABIAN, SM, 15-Sep-2026, 78.10, 78.10, 78.10, 78.10, 78.10, 78.10, 78.10, 2000, 1.56, 1, 2000, 100.00
ARCHIDPLY, EQ, 15-Sep-2026, 101.96, 102.00, 105.60, 100.21, 100.21, 100.21, 102.20, 16131, 16.49, 277, 11124, 68.96
ARCHIES, EQ, 15-Sep-2026, 12.19, 12.36, 12.61, 12.23, 12.30, 12.29, 12.32, 10834, 1.34, 92, 9792, 90.38
ARCIIL, SM, 15-Sep-2026, 36.00, 36.00, 36.00, 36.00, 36.00, 36.00, 36.00, 2000, 0.72, 2, 2000, 100.00
ARCL, EQ, 15-Sep-2026, 249.90, 262.39, 262.39, 262.39, 262.39, 262.39, 262.39, 1510, 3.96, 16, 1510, 100.00
ARDEE, EQ, 15-Sep-2026, 50.91, 51.60, 52.65, 47.50, 47.94, 47.78, 48.82, 5215440, 2546.02, 28386, 2950277, 56.57
ARE&M, EQ, 15-Sep-2026, 813.90, 817.95, 824.00, 794.60, 799.95, 799.55, 809.44, 408139, 3303.65, 29434, 198813, 48.71
ARENTERP, EQ, 15-Sep-2026, 33.34, 32.67, 33.39, 32.01, 32.01, 32.64, 32.68, 547, 0.18, 30, 392, 71.66
ARFIN, EQ, 15-Sep-2026, 85.98, 85.30, 86.51, 82.02, 82.21, 82.72, 83.82, 1085971, 910.22, 4697, 186720, 17.19
ARHAM, SM, 15-Sep-2026, 213.90, 215.00, 221.45, 209.00, 209.00, 209.00, 211.73, 19000, 40.23, 15, 15000, 78.95
ARIES, BE, 15-Sep-2026, 475.60, 468.50, 482.00, 453.00, 471.05, 473.30, 476.12, 25734, 122.52, 493, -, -
ARIHANT, EQ, 15-Sep-2026, 887.75, 949.15, 960.00, 841.40, 860.00, 858.80, 895.14, 6740, 60.33, 638, 1378, 20.45
ARIHANTACA, SM, 15-Sep-2026, 500.00, 495.00, 495.00, 495.00, 495.00, 495.00, 495.00, 400, 1.98, 1, 400, 100.00
ARIHANTCAP, EQ, 15-Sep-2026, 79.00, 79.47, 83.00, 79.13, 81.20, 81.45, 81.58, 1185062, 966.72, 10814, 581095, 49.03
ARIHANTSUP, EQ, 15-Sep-2026, 218.45, 216.00, 219.90, 210.00, 214.00, 213.95, 215.56, 4749, 10.24, 255, 3484, 73.36
ARIS, EQ, 15-Sep-2026, 125.46, 125.25, 127.26, 119.15, 120.56, 120.63, 123.57, 1323454, 1635.38, 9267, 543604, 41.07
ARISTO, SM, 15-Sep-2026, 108.00, 113.40, 113.40, 112.00, 112.00, 112.00, 113.05, 3200, 3.62, 4, 3200, 100.00
ARKADE, EQ, 15-Sep-2026, 122.03, 122.99, 122.99, 115.21, 117.00, 116.42, 119.05, 194033, 230.99, 2932, 78703, 40.56
ARMANFIN, EQ, 15-Sep-2026, 2011.30, 2024.90, 2025.00, 1900.40, 1927.00, 1918.10, 1965.76, 37939, 745.79, 5502, 19886, 52.42
AROGRANITE, EQ, 15-Sep-2026, 23.38, 23.38, 24.74, 22.81, 22.85, 22.98, 23.19, 9200, 2.13, 115, 8684, 94.39
ARROWGREEN, EQ, 15-Sep-2026, 813.00, 835.90, 883.85, 815.25, 838.00, 838.55, 853.00, 225224, 1921.17, 6809, 119090, 52.88
ARSHIYA, BZ, 15-Sep-2026, 0.76, 0.74, 0.79, 0.74, 0.79, 0.78, 0.78, 391329, 3.04, 125, -, -
ARSSBL, EQ, 15-Sep-2026, 490.25, 495.00, 499.90, 475.05, 479.00, 479.65, 486.65, 149916, 729.56, 4772, 81854, 54.60
ARTEMISMED, EQ, 15-Sep-2026, 344.90, 347.50, 347.50, 326.45, 330.50, 330.55, 332.81, 380378, 1265.95, 14773, 203253, 53.43
ARTNIRMAN, EQ, 15-Sep-2026, 39.92, 40.11, 40.11, 39.11, 39.78, 39.78, 39.21, 834, 0.33, 9, 829, 99.40
ARUNAYA, SM, 15-Sep-2026, 14.20, 14.20, 14.20, 14.00, 14.00, 14.00, 14.10, 4000, 0.56, 2, 4000, 100.00
ARVEE, EQ, 15-Sep-2026, 180.69, 177.10, 180.00, 168.00, 168.00, 168.60, 171.77, 5648, 9.70, 244, 3126, 55.35
ARVIND, EQ, 15-Sep-2026, 575.10, 578.80, 597.90, 542.25, 551.75, 550.60, 571.09, 1581072, 9029.30, 69913, 565614, 35.77
ARVINDFASN, EQ, 15-Sep-2026, 446.50, 446.90, 448.05, 426.55, 427.00, 428.50, 436.57, 218586, 954.29, 15668, 83252, 38.09
ARVINDPORT, SM, 15-Sep-2026, 38.05, 38.00, 38.80, 38.00, 38.20, 38.45, 38.45, 7500, 2.88, 5, 7500, 100.00
ARVSMART, EQ, 15-Sep-2026, 598.05, 581.00, 586.10, 554.10, 562.00, 564.15, 563.07, 232819, 1310.94, 8010, 111230, 47.78
ARYAMAN, EQ, 15-Sep-2026, 635.00, 632.00, 632.00, 632.00, 632.00, 632.00, 632.00, 5, 0.03, 1, 5, 100.00
ASAHIINDIA, EQ, 15-Sep-2026, 985.80, 995.00, 995.00, 952.35, 957.95, 958.80, 967.40, 181950, 1760.18, 11905, 111542, 61.30
ASAHISONG, BE, 15-Sep-2026, 363.95, 356.05, 367.95, 353.00, 353.00, 354.55, 358.49, 8660, 31.04, 136, -, -
ASAL, EQ, 15-Sep-2026, 462.40, 463.95, 469.00, 445.20, 447.30, 447.85, 451.74, 19416, 87.71, 1220, 11547, 59.47
ASALCBR, EQ, 15-Sep-2026, 676.70, 676.70, 690.15, 660.30, 666.15, 661.90, 666.19, 38899, 259.14, 2978, 22894, 58.85
ASHALOG, SM, 15-Sep-2026, 60.00, 59.10, 63.85, 59.10, 63.85, 63.85, 60.22, 16000, 9.63, 10, 15000, 93.75
ASHAPURMIN, EQ, 15-Sep-2026, 542.90, 542.80, 546.80, 515.65, 518.00, 518.40, 528.25, 299127, 1580.13, 17912, 146956, 49.13
ASHIANA, EQ, 15-Sep-2026, 346.75, 344.20, 346.40, 340.50, 344.40, 341.90, 342.60, 26206, 89.78, 1029, 17507, 66.81
ASHIKAG, BE, 15-Sep-2026, 415.45, 415.45, 418.00, 402.10, 402.10, 406.60, 409.86, 16659, 68.28, 117, -, -
ASHIMASYN, EQ, 15-Sep-2026, 16.61, 16.41, 17.30, 16.41, 16.66, 16.78, 16.85, 30749, 5.18, 230, 22572, 73.41
ASHOKA, EQ, 15-Sep-2026, 113.86, 114.32, 114.32, 110.90, 111.20, 111.37, 112.16, 542158, 608.08, 5792, 279190, 51.50
ASHOKAMET, EQ, 15-Sep-2026, 17.20, 19.40, 19.40, 14.70, 14.80, 15.14, 17.15, 900455, 154.41, 3124, 421159, 46.77
ASHOKLEY, EQ, 15-Sep-2026, 163.75, 164.50, 165.36, 156.65, 156.65, 156.65, 159.58, 17917014, 28591.17, 105198, 8878502, 49.55
ASHUTOSH, ST, 15-Sep-2026, 164.50, 169.90, 172.50, 156.30, 156.30, 156.90, 164.13, 338400, 555.42, 243, 312000, 92.20
ASHWINI, SM, 15-Sep-2026, 174.00, 173.00, 173.00, 172.00, 172.00, 172.00, 172.50, 2000, 3.45, 2, 2000, 100.00
ASIANENE, EQ, 15-Sep-2026, 535.10, 541.75, 541.75, 477.50, 491.45, 485.25, 496.90, 855416, 4250.55, 33495, 408363, 47.74
ASIANHOTNR, EQ, 15-Sep-2026, 378.80, 381.60, 409.00, 375.35, 386.00, 385.45, 397.09, 111275, 441.86, 4721, 18857, 16.95
ASIANPAINT, EQ, 15-Sep-2026, 2472.50, 2472.50, 2473.00, 2402.80, 2402.80, 2402.80, 2428.93, 539643, 13107.56, 51457, 332510, 61.62
ASIANTILES, EQ, 15-Sep-2026, 50.34, 50.00, 50.44, 48.86, 50.05, 50.03, 49.82, 2855354, 1422.57, 8032, 1116484, 39.10
ASIANTNE, EQ, 15-Sep-2026, 9.25, 9.90, 9.90, 8.22, 9.22, 8.69, 8.99, 11719, 1.05, 76, 11592, 98.92
ASKAUTOLTD, EQ, 15-Sep-2026, 624.55, 634.00, 649.95, 600.35, 609.85, 604.70, 623.81, 480326, 2996.32, 22741, 128346, 26.72
ASMS, BE, 15-Sep-2026, 6.88, 6.99, 6.99, 6.80, 6.82, 6.82, 6.88, 66066, 4.54, 289, -, -
ASPINWALL, EQ, 15-Sep-2026, 260.50, 266.30, 268.00, 250.30, 251.20, 250.85, 259.82, 2956, 7.68, 126, 2302, 77.88
ASTAR, EQ, 15-Sep-2026, 583.00, 583.00, 583.00, 560.05, 562.50, 562.50, 562.05, 164, 0.92, 26, 164, 100.00
ASTEC, EQ, 15-Sep-2026, 699.80, 700.00, 708.70, 663.05, 665.00, 673.70, 677.76, 47020, 318.68, 3442, 16177, 34.40
ASTERDM, EQ, 15-Sep-2026, 763.05, 762.95, 762.95, 738.00, 738.75, 741.25, 748.73, 1030702, 7717.17, 61817, 634778, 61.59
ASTRAL, EQ, 15-Sep-2026, 1411.40, 1410.00, 1414.10, 1372.80, 1379.60, 1379.60, 1386.84, 609291, 8449.90, 37296, 367972, 60.39
ASTRAMICRO, EQ, 15-Sep-2026, 1680.60, 1688.50, 1688.50, 1581.00, 1602.00, 1593.80, 1624.04, 496962, 8070.86, 37671, 293291, 59.02
ASTRAZEN, EQ, 15-Sep-2026, 6764.50, 6767.50, 6778.50, 6600.00, 6668.00, 6695.50, 6715.37, 14843, 996.76, 3284, 10763, 72.51
ASTRON, BZ, 15-Sep-2026, 2.94, 2.86, 3.04, 2.86, 2.99, 2.99, 2.97, 13824, 0.41, 77, -, -
ATALREAL, EQ, 15-Sep-2026, 13.75, 12.38, 14.74, 12.38, 14.50, 14.40, 13.34, 13631375, 1818.34, 8751, 6355867, 46.63
ATAM, EQ, 15-Sep-2026, 55.38, 55.11, 56.50, 53.61, 56.00, 54.67, 54.99, 10388, 5.71, 315, 6927, 66.68
ATCENERGY, ST, 15-Sep-2026, 22.20, 21.10, 21.50, 21.10, 21.10, 21.10, 21.35, 25200, 5.38, 13, 25200, 100.00
ATGL, EQ, 15-Sep-2026, 594.80, 595.00, 602.90, 576.40, 581.00, 580.15, 587.94, 517239, 3041.04, 26332, 196722, 38.03
ATHERENERG, EQ, 15-Sep-2026, 1656.00, 1660.70, 1662.00, 1545.50, 1568.50, 1568.50, 1591.27, 3713971, 59099.20, 116278, 1326951, 35.73
ATL, EQ, 15-Sep-2026, 25.18, 25.21, 25.40, 24.20, 24.31, 24.33, 24.67, 162315, 40.04, 930, 117606, 72.46
ATLANTAA, EQ, 15-Sep-2026, 37.22, 37.00, 38.00, 36.25, 36.80, 36.74, 36.79, 26472, 9.74, 364, 22254, 84.07
ATLANTAELE, EQ, 15-Sep-2026, 1777.80, 1765.10, 1784.20, 1652.20, 1678.90, 1660.00, 1693.21, 106063, 1795.86, 13960, 57750, 54.45
ATLASCYCLE, EQ, 15-Sep-2026, 95.71, 94.66, 96.26, 90.30, 91.00, 91.02, 92.05, 26406, 24.31, 769, 19272, 72.98
ATLPP, E1, 15-Sep-2026, 9.11, 8.70, 9.10, 8.70, 8.71, 8.81, 8.82, 2656, 0.23, 26, 2656, 100.00
ATMASTCO, SM, 15-Sep-2026, 130.20, 130.50, 130.50, 126.05, 126.05, 126.05, 127.89, 14800, 18.93, 18, 12800, 86.49
ATUL, EQ, 15-Sep-2026, 6244.50, 6250.00, 6250.00, 6060.50, 6093.50, 6081.50, 6121.68, 34391, 2105.31, 7979, 20355, 59.19
ATULAUTO, EQ, 15-Sep-2026, 445.60, 446.50, 460.00, 435.15, 437.75, 438.45, 446.78, 132601, 592.43, 7102, 55282, 41.69
AUBANK, EQ, 15-Sep-2026, 1058.90, 1061.40, 1065.70, 1024.60, 1028.00, 1028.00, 1038.31, 815819, 8470.77, 39542, 517307, 63.41
AUGMONT, EQ, 15-Sep-2026, 886.15, 889.95, 889.95, 825.30, 830.00, 832.25, 848.10, 930427, 7890.98, 31309, 322439, 34.65
AURIONPRO, EQ, 15-Sep-2026, 680.85, 691.00, 725.95, 687.00, 698.00, 698.65, 710.16, 306875, 2179.31, 15618, 137216, 44.71
AUROIMPEX, SM, 15-Sep-2026, 27.85, 29.20, 29.20, 29.20, 29.20, 29.20, 29.20, 4800, 1.40, 3, 4800, 100.00
AUROPHARMA, EQ, 15-Sep-2026, 1679.80, 1688.00, 1688.00, 1642.10, 1660.00, 1660.00, 1663.51, 438757, 7298.76, 23981, 213790, 48.73
AURUM, EQ, 15-Sep-2026, 224.02, 224.02, 227.18, 220.75, 221.03, 221.36, 222.28, 121746, 270.62, 2708, 80737, 66.32
AURUS, EQ, 15-Sep-2026, 4.89, 4.87, 4.99, 4.69, 4.93, 4.85, 4.85, 12400, 0.60, 202, 10383, 83.73
AUSL, SM, 15-Sep-2026, 23.35, 24.00, 24.50, 24.00, 24.50, 24.25, 24.25, 4000, 0.97, 2, 4000, 100.00
AUSOMENT, EQ, 15-Sep-2026, 152.59, 153.90, 156.50, 151.45, 154.50, 151.73, 153.42, 5047, 7.74, 116, 3994, 79.14
AUSTENG, EQ, 15-Sep-2026, 135.29, 130.00, 139.00, 122.08, 125.00, 127.31, 126.64, 6842, 8.67, 194, 5213, 76.19
AUTOAXLES, EQ, 15-Sep-2026, 1678.00, 1685.00, 1715.90, 1655.10, 1673.00, 1661.60, 1677.89, 3806, 63.86, 640, 2554, 67.10
AUTOBEES, EQ, 15-Sep-2026, 282.87, 286.00, 286.00, 277.90, 279.39, 278.31, 280.21, 187772, 526.16, 4788, 98178, 52.29
AUTOIETF, EQ, 15-Sep-2026, 28.58, 29.29, 29.29, 27.86, 27.99, 27.91, 28.12, 695282, 195.52, 4369, 409854, 58.95
AUTOIND, EQ, 15-Sep-2026, 82.83, 83.20, 83.33, 78.35, 78.97, 79.11, 80.36, 129975, 104.45, 1480, 80453, 61.90
AVADHSUGAR, EQ, 15-Sep-2026, 769.60, 777.00, 777.00, 724.00, 736.00, 732.70, 743.41, 195986, 1456.98, 17485, 89446, 45.64
AVALON, EQ, 15-Sep-2026, 2264.50, 2272.70, 2312.00, 2150.20, 2168.00, 2160.70, 2208.46, 355969, 7861.44, 36683, 178096, 50.03
AVANA, ST, 15-Sep-2026, 143.75, 144.00, 144.00, 141.70, 144.00, 144.00, 142.86, 8000, 11.43, 4, 8000, 100.00
AVANCE, EQ, 15-Sep-2026, 0.81, 0.81, 0.83, 0.80, 0.81, 0.81, 0.81, 4652378, 37.91, 1415, 2985085, 64.16
AVANTEL, EQ, 15-Sep-2026, 156.46, 156.46, 159.00, 143.00, 145.35, 144.50, 149.75, 1853714, 2775.95, 25176, 1004430, 54.18
AVANTIFEED, EQ, 15-Sep-2026, 798.60, 798.50, 805.70, 769.35, 773.60, 771.95, 783.94, 282723, 2216.39, 16252, 126331, 44.68
AVATAR, ST, 15-Sep-2026, 242.40, 230.50, 242.00, 230.50, 242.00, 242.00, 234.33, 6000, 14.06, 2, 6000, 100.00
AVG, BE, 15-Sep-2026, 176.41, 180.00, 180.00, 168.20, 171.95, 169.21, 175.46, 5306, 9.31, 79, -, -
AVIANSH, SM, 15-Sep-2026, 102.50, 103.00, 103.40, 100.20, 100.20, 100.20, 101.71, 4000, 4.07, 4, 3000, 75.00
AVIENCE, SM, 15-Sep-2026, 385.35, 392.00, 392.00, 346.85, 350.00, 349.60, 363.66, 46800, 170.19, 77, 28800, 61.54
AVL, EQ, 15-Sep-2026, 616.45, 616.45, 622.35, 595.20, 595.50, 611.20, 613.35, 421337, 2584.26, 21570, 201077, 47.72
AVONMORE, EQ, 15-Sep-2026, 14.00, 14.00, 14.29, 13.66, 13.80, 13.79, 14.00, 298526, 41.79, 932, 237307, 79.49
AVPINFRA, SM, 15-Sep-2026, 58.80, 59.00, 59.00, 56.55, 58.40, 58.40, 57.59, 46400, 26.72, 26, 41600, 89.66
AVROIND, EQ, 15-Sep-2026, 7.81, 7.76, 8.20, 7.51, 7.55, 7.66, 7.89, 222508, 17.56, 630, 172793, 77.66
AVTNPL, EQ, 15-Sep-2026, 90.13, 89.40, 90.19, 84.54, 86.60, 86.24, 86.63, 279706, 242.31, 3220, 152449, 54.50
AWFIS, EQ, 15-Sep-2026, 293.20, 297.85, 304.50, 268.30, 272.50, 275.15, 286.11, 3801941, 10877.85, 71339, 645844, 16.99
AWHCL, EQ, 15-Sep-2026, 366.50, 367.75, 367.75, 351.75, 355.00, 354.10, 359.00, 82561, 296.40, 4385, 43840, 53.10
AWL, EQ, 15-Sep-2026, 185.02, 185.50, 185.94, 181.05, 183.61, 183.14, 183.18, 1154132, 2114.14, 22121, 609821, 52.84
AXISBANK, EQ, 15-Sep-2026, 1246.00, 1254.00, 1254.00, 1219.90, 1222.90, 1222.90, 1233.46, 5698466, 70288.11, 131467, 3319643, 58.26
AXISCADES, EQ, 15-Sep-2026, 1831.80, 1876.20, 1876.20, 1699.90, 1726.00, 1717.70, 1761.15, 176313, 3105.14, 18230, 98118, 55.65
AXITA, EQ, 15-Sep-2026, 7.98, 8.03, 8.04, 7.99, 8.01, 8.00, 8.00, 425828, 34.08, 620, 322384, 75.71
AXTEL, EQ, 15-Sep-2026, 440.20, 437.20, 458.80, 419.10, 423.50, 429.65, 438.51, 21380, 93.75, 696, 17296, 80.90
AYE, EQ, 15-Sep-2026, 179.46, 185.00, 189.28, 176.11, 177.50, 177.25, 182.64, 1154930, 2109.37, 19664, 540403, 46.79
AYMSYNTEX, EQ, 15-Sep-2026, 281.65, 278.65, 284.55, 268.00, 269.00, 269.10, 274.85, 73158, 201.08, 1717, 57157, 78.13
AZAD, EQ, 15-Sep-2026, 2849.10, 2865.00, 2904.20, 2692.90, 2715.00, 2704.90, 2784.82, 427305, 11899.67, 32355, 198493, 46.45
AZADIND, EQ, 15-Sep-2026, 87.13, 90.00, 90.00, 81.50, 82.80, 84.11, 86.04, 13007, 11.19, 434, 5483, 42.15
BABAFP, SM, 15-Sep-2026, 22.05, 22.15, 22.15, 20.70, 20.70, 20.70, 21.69, 8000, 1.74, 5, 8000, 100.00
BAFNAPH, BE, 15-Sep-2026, 301.45, 301.55, 307.45, 301.55, 307.30, 307.30, 306.89, 12177, 37.37, 61, -, -
BAGFILMS, EQ, 15-Sep-2026, 4.44, 4.53, 4.53, 4.31, 4.31, 4.35, 4.39, 94381, 4.15, 281, 64167, 67.99
BAGMANE, RR, 15-Sep-2026, 108.79, 109.77, 110.48, 108.45, 109.88, 109.89, 109.55, 2349887, 2574.34, 14159, 2069956, 88.09
BAHETI, SM, 15-Sep-2026, 820.85, 820.00, 839.00, 770.00, 780.00, 780.75, 802.22, 48000, 385.06, 84, 34125, 71.09
BAIDFIN, EQ, 15-Sep-2026, 11.88, 11.82, 11.90, 9.97, 10.09, 10.08, 10.35, 552693, 57.19, 1728, 356910, 64.58
BAJAJ-AUTO, EQ, 15-Sep-2026, 11678.00, 11693.00, 11709.00, 11416.00, 11424.00, 11424.00, 11516.54, 236796, 27270.70, 42064, 147488, 62.28
BAJAJCON, EQ, 15-Sep-2026, 520.50, 517.00, 529.80, 496.80, 503.70, 503.80, 513.68, 824896, 4237.36, 33732, 423955, 51.39
BAJAJELEC, EQ, 15-Sep-2026, 335.30, 335.95, 340.40, 326.40, 329.50, 328.40, 332.84, 127113, 423.08, 7407, 47887, 37.67
BAJAJFINSV, EQ, 15-Sep-2026, 1913.50, 1921.40, 1930.60, 1855.50, 1855.50, 1855.50, 1875.56, 486164, 9118.29, 46968, 278637, 57.31
BAJAJHCARE, EQ, 15-Sep-2026, 334.05, 334.05, 334.10, 318.60, 321.90, 320.90, 324.43, 95072, 308.44, 5093, 58889, 61.94
BAJAJHFL, EQ, 15-Sep-2026, 84.11, 84.26, 84.53, 83.08, 84.00, 84.00, 83.88, 3993670, 3349.98, 22748, 2521407, 63.14
BAJAJHIND, EQ, 15-Sep-2026, 20.94, 21.15, 21.19, 19.51, 19.78, 19.71, 20.11, 19892199, 4001.21, 28825, 6309552, 31.72
BAJAJHLDNG, EQ, 15-Sep-2026, 11134.00, 11134.00, 11208.00, 11060.00, 11100.00, 11100.00, 11108.42, 56888, 6319.36, 15121, 35167, 61.82
BAJAJINDEF, EQ, 15-Sep-2026, 228.57, 230.59, 234.31, 220.06, 222.00, 220.69, 224.36, 10651, 23.90, 830, 6266, 58.83
BAJAJST, EQ, 15-Sep-2026, 365.65, 370.00, 370.00, 363.10, 365.10, 365.30, 365.93, 7410, 27.12, 376, 5952, 80.32
BAJEL, EQ, 15-Sep-2026, 179.89, 178.67, 182.60, 168.01, 169.80, 168.87, 172.51, 305666, 527.29, 6960, 168942, 55.27
BAJFINANCE, EQ, 15-Sep-2026, 1034.50, 1035.00, 1038.60, 1005.50, 1009.20, 1009.20, 1015.47, 5792124, 58817.48, 164946, 4060046, 70.10
BALAJEE, EQ, 15-Sep-2026, 25.14, 26.09, 26.09, 24.51, 25.33, 24.96, 25.16, 16947, 4.26, 328, 9549, 56.35
BALAJIPHOS, SM, 15-Sep-2026, 116.00, 113.00, 113.00, 113.00, 113.00, 113.00, 113.00, 2000, 2.26, 2, 2000, 100.00
BALAJITELE, EQ, 15-Sep-2026, 90.63, 90.71, 98.00, 90.51, 95.55, 95.48, 95.79, 1605822, 1538.27, 14623, 357395, 22.26
BALAMINES, EQ, 15-Sep-2026, 2276.50, 2288.00, 2288.00, 2093.00, 2129.70, 2105.70, 2158.45, 256830, 5543.56, 27373, 121197, 47.19
BALAXI, EQ, 15-Sep-2026, 23.39, 24.80, 24.80, 23.00, 23.00, 23.12, 23.57, 26067, 6.14, 285, 17681, 67.83
BALKRISHNA, EQ, 15-Sep-2026, 16.10, 16.60, 17.20, 16.02, 16.88, 16.73, 16.78, 9171, 1.54, 78, 5085, 55.45
BALKRISIND, EQ, 15-Sep-2026, 2164.60, 2164.60, 2176.30, 2117.10, 2136.00, 2129.00, 2145.31, 166038, 3562.02, 24293, 92717, 55.84
BALMLAWRIE, EQ, 15-Sep-2026, 168.72, 168.70, 169.00, 163.25, 164.39, 164.24, 165.19, 203640, 336.40, 3922, 116446, 57.18
BALPHARMA, EQ, 15-Sep-2026, 107.42, 109.22, 115.00, 107.07, 107.50, 107.44, 110.29, 107727, 118.81, 1417, 48284, 44.82
BALRAMCHIN, EQ, 15-Sep-2026, 691.40, 697.30, 698.00, 667.55, 675.20, 677.10, 682.88, 1081870, 7387.84, 27562, 264527, 24.45
BALUFORGE, EQ, 15-Sep-2026, 533.40, 533.40, 534.90, 494.00, 498.00, 498.20, 507.48, 876986, 4450.56, 19853, 380513, 43.39
BANARBEADS, EQ, 15-Sep-2026, 107.56, 111.90, 115.00, 110.35, 110.50, 110.92, 112.40, 3820, 4.29, 165, 2830, 74.08
BANARISUG, EQ, 15-Sep-2026, 3517.60, 3542.60, 3542.60, 3400.00, 3400.00, 3411.10, 3428.64, 1035, 35.49, 269, 538, 51.98
BANCOINDIA, EQ, 15-Sep-2026, 615.00, 617.55, 622.85, 585.15, 590.00, 587.65, 598.84, 144544, 865.58, 10133, 72758, 50.34
BANDHANBNK, EQ, 15-Sep-2026, 176.52, 177.00, 179.11, 172.24, 172.45, 172.45, 175.81, 10329258, 18159.66, 52778, 4691483, 45.42
BANG, EQ, 15-Sep-2026, 35.12, 35.76, 35.76, 31.55, 32.30, 32.29, 33.64, 54164, 18.22, 691, 26220, 48.41
BANK10ADD, EQ, 15-Sep-2026, 16.65, 16.73, 16.73, 16.38, 16.38, 16.45, 16.56, 37455, 6.20, 141, 22427, 59.88
BANK10BETF, EQ, 15-Sep-2026, 20.21, 20.31, 20.99, 19.73, 19.90, 19.81, 20.14, 7312, 1.47, 50, 3205, 43.83
BANKA, EQ, 15-Sep-2026, 81.78, 82.18, 83.00, 77.70, 77.70, 77.86, 79.32, 2696, 2.14, 57, 1874, 69.51
BANKADD, EQ, 15-Sep-2026, 58.09, 58.50, 58.50, 57.23, 57.61, 57.51, 57.71, 16276, 9.39, 132, 12926, 79.42
BANKBARODA, EQ, 15-Sep-2026, 238.13, 238.13, 238.51, 232.44, 232.70, 232.70, 235.08, 7383660, 17357.73, 62138, 3834703, 51.93
BANKBEES, EQ, 15-Sep-2026, 586.35, 601.00, 601.00, 578.18, 579.00, 579.33, 582.58, 533936, 3110.59, 11768, 289461, 54.21
BANKBETA, EQ, 15-Sep-2026, 58.63, 60.09, 60.09, 57.85, 58.19, 58.08, 58.27, 62803, 36.59, 752, 29962, 47.71
BANKBETF, EQ, 15-Sep-2026, 57.61, 57.00, 57.91, 56.44, 57.01, 57.02, 57.17, 11849, 6.77, 343, 6022, 50.82
BANKETF, EQ, 15-Sep-2026, 577.62, 580.70, 580.70, 569.69, 571.26, 571.28, 573.94, 30068, 172.57, 1444, 8207, 27.29
BANKIETF, EQ, 15-Sep-2026, 58.14, 58.36, 58.54, 57.37, 57.37, 57.50, 57.81, 151138, 87.37, 2237, 95709, 63.33
BANKINDIA, EQ, 15-Sep-2026, 140.00, 140.00, 140.41, 137.00, 137.61, 137.61, 138.43, 4479489, 6200.88, 28773, 2005036, 44.76
BANKNIFTY1, EQ, 15-Sep-2026, 58.70, 59.08, 59.21, 58.00, 58.20, 58.06, 58.41, 332242, 194.07, 1590, 188223, 56.65
BANKPSU, EQ, 15-Sep-2026, 84.34, 83.72, 84.34, 82.41, 82.41, 82.56, 83.11, 18464, 15.35, 210, 12799, 69.32
BANSALWIRE, EQ, 15-Sep-2026, 309.35, 307.90, 311.90, 298.00, 301.15, 303.70, 304.11, 82917, 252.16, 4160, 45184, 54.49
BANSWRAS, EQ, 15-Sep-2026, 112.84, 114.97, 114.97, 109.00, 109.30, 110.03, 110.86, 9076, 10.06, 296, 6654, 73.31
BARFLEX, SM, 15-Sep-2026, 58.05, 61.00, 61.05, 58.15, 60.30, 60.70, 60.39, 14000, 8.46, 7, 4000, 28.57
BASF, EQ, 15-Sep-2026, 3661.50, 3662.00, 3674.10, 3528.00, 3533.00, 3539.40, 3584.19, 17640, 632.25, 4647, 9987, 56.62
BASILIC, SM, 15-Sep-2026, 191.10, 191.05, 191.05, 186.00, 186.05, 187.45, 187.79, 4800, 9.01, 16, 3900, 81.25
BASML, BE, 15-Sep-2026, 24.60, 24.60, 24.75, 23.50, 23.50, 23.51, 23.90, 73689, 17.61, 163, -, -
BATAINDIA, EQ, 15-Sep-2026, 648.65, 649.90, 656.90, 637.50, 638.00, 640.15, 643.97, 174746, 1125.31, 7984, 97198, 55.62
BATLIBOI, EQ, 15-Sep-2026, 85.91, 86.00, 86.00, 82.50, 83.00, 83.95, 84.67, 26108, 22.11, 485, 20920, 80.13
BAWEJA, SM, 15-Sep-2026, 24.15, 23.05, 23.10, 23.00, 23.00, 23.00, 23.04, 7200, 1.66, 8, 7200, 100.00
BAYERCROP, EQ, 15-Sep-2026, 3974.10, 3998.90, 3999.00, 3930.00, 3940.00, 3941.10, 3952.44, 9354, 369.71, 2476, 5677, 60.69
BBETF0432, EQ, 15-Sep-2026, 1350.41, 1343.65, 1343.66, 1338.00, 1338.00, 1340.38, 1339.64, 680, 9.11, 81, 463, 68.09
BBL, EQ, 15-Sep-2026, 2246.50, 2246.50, 2275.50, 2166.60, 2168.10, 2180.10, 2208.53, 28880, 637.82, 4700, 15785, 54.66
BBNPNBETF, EQ, 15-Sep-2026, 56.66, 57.97, 57.97, 56.43, 56.44, 56.44, 56.79, 315, 0.18, 40, 182, 57.78
BBNPPGOLD, EQ, 15-Sep-2026, 146.20, 146.20, 146.20, 144.15, 145.25, 144.80, 144.98, 1723, 2.50, 91, 1109, 64.36
BBOX, EQ, 15-Sep-2026, 800.80, 815.00, 834.35, 727.10, 750.00, 745.80, 784.26, 1510478, 11846.13, 66216, 407464, 26.98
BBTC, EQ, 15-Sep-2026, 1423.50, 1429.00, 1447.10, 1410.40, 1411.50, 1416.40, 1430.26, 34860, 498.59, 4623, 14636, 41.99
BBTCL, EQ, 15-Sep-2026, 227.51, 232.79, 232.79, 221.35, 223.65, 224.92, 228.13, 4937, 11.26, 317, 3627, 73.47
BCG, EQ, 15-Sep-2026, 9.99, 10.09, 10.40, 9.74, 9.88, 9.85, 10.09, 10744108, 1084.47, 9278, 3810129, 35.46
BCLIND, EQ, 15-Sep-2026, 34.18, 34.60, 34.64, 32.10, 33.33, 32.95, 33.52, 648439, 217.37, 4256, 366439, 56.51
BCONCEPTS, EQ, 15-Sep-2026, 156.56, 164.00, 164.00, 152.10, 152.60, 154.24, 154.65, 10173, 15.73, 544, 7536, 74.08
BCPL, EQ, 15-Sep-2026, 70.01, 70.36, 70.88, 67.21, 67.90, 68.27, 68.53, 7601, 5.21, 222, 6528, 85.88
BDL, EQ, 15-Sep-2026, 1190.00, 1191.00, 1194.60, 1123.00, 1135.00, 1135.00, 1149.47, 1293584, 14869.33, 56924, 508336, 39.30
BEACON, SM, 15-Sep-2026, 81.70, 79.20, 80.50, 79.00, 80.50, 80.50, 79.43, 17000, 13.50, 14, 12000, 70.59
BEARDSELL, EQ, 15-Sep-2026, 24.67, 25.18, 25.18, 24.02, 24.40, 24.27, 24.48, 15640, 3.83, 294, 9826, 62.83
BECTORFOOD, EQ, 15-Sep-2026, 242.50, 239.70, 240.00, 221.50, 223.50, 223.40, 225.99, 2295967, 5188.70, 52052, 902134, 39.29
BEDMUTHA, EQ, 15-Sep-2026, 103.94, 108.79, 108.79, 103.50, 104.11, 104.42, 105.66, 3658, 3.86, 84, 2475, 67.66
BEEKAY, EQ, 15-Sep-2026, 425.60, 428.05, 442.20, 427.05, 436.00, 435.15, 435.55, 2968, 12.93, 221, 2263, 76.25
BEL, EQ, 15-Sep-2026, 404.35, 402.00, 403.65, 382.90, 382.90, 382.90, 390.28, 16741114, 65336.87, 195383, 9645722, 57.62
BELLACASA, EQ, 15-Sep-2026, 256.52, 262.86, 262.86, 247.00, 259.27, 252.67, 251.82, 8516, 21.45, 386, 6146, 72.17
BELRISE, EQ, 15-Sep-2026, 228.00, 228.59, 232.56, 226.00, 226.79, 226.66, 229.56, 2660988, 6108.62, 41547, 1120869, 42.12
BEML, EQ, 15-Sep-2026, 2023.40, 2033.40, 2033.40, 1922.00, 1933.00, 1939.30, 1963.54, 234307, 4600.72, 23342, 110346, 47.09
BENARAS, EQ, 15-Sep-2026, 11085.00, 11199.00, 11499.00, 10460.00, 11000.00, 11001.00, 10902.52, 250, 27.26, 100, 153, 61.20
BENGALASM, EQ, 15-Sep-2026, 6265.00, 6311.00, 6349.00, 6111.50, 6309.00, 6286.50, 6277.80, 372, 23.35, 258, 186, 50.00
BEPL, EQ, 15-Sep-2026, 128.08, 128.80, 129.30, 120.00, 120.85, 120.69, 122.86, 1830786, 2249.24, 15124, 884734, 48.33
BERGEPAINT, EQ, 15-Sep-2026, 458.05, 458.05, 460.95, 445.55, 447.00, 447.10, 452.32, 220721, 998.36, 17584, 112361, 50.91
BESTAGRO, EQ, 15-Sep-2026, 19.05, 19.47, 19.48, 18.06, 18.50, 18.39, 18.66, 767826, 143.26, 3302, 363026, 47.28
BETA, EQ, 15-Sep-2026, 2118.50, 2101.00, 2214.90, 2079.10, 2119.00, 2105.20, 2162.26, 34753, 751.45, 5205, 13859, 39.88
BEWLTD, SM, 15-Sep-2026, 48.80, 49.50, 50.00, 48.10, 48.15, 48.15, 48.87, 15000, 7.33, 25, 13000, 86.67
BFINVEST, EQ, 15-Sep-2026, 448.30, 453.00, 453.70, 434.70, 434.75, 435.50, 439.89, 25747, 113.26, 1239, 19992, 77.65
BFSI, EQ, 15-Sep-2026, 26.52, 27.18, 27.18, 25.90, 26.13, 26.18, 26.37, 162863, 42.94, 1172, 96314, 59.14
BFUTILITIE, EQ, 15-Sep-2026, 548.90, 547.15, 550.05, 521.00, 521.00, 528.20, 535.73, 40177, 215.24, 1802, 19517, 48.58
BGLOBAL, BZ, 15-Sep-2026, 3.20, 3.23, 3.23, 3.05, 3.06, 3.05, 3.09, 22158, 0.69, 27, -, -
BGRENERGY, BE, 15-Sep-2026, 232.78, 235.00, 238.40, 221.15, 221.15, 221.15, 226.05, 72438, 163.75, 721, -, -
BHADORA, ST, 15-Sep-2026, 123.00, 117.10, 127.00, 116.85, 127.00, 125.70, 121.46, 40800, 49.56, 32, 40800, 100.00
BHAGCHEM, EQ, 15-Sep-2026, 258.75, 258.75, 258.75, 246.10, 251.00, 250.00, 252.73, 54531, 137.81, 1155, 31003, 56.85
BHAGERIA, BE, 15-Sep-2026, 317.05, 317.05, 329.00, 305.00, 309.45, 306.50, 317.54, 176159, 559.37, 1371, -, -
BHAGYANGR, EQ, 15-Sep-2026, 422.55, 427.95, 429.00, 401.55, 407.00, 405.00, 414.27, 183392, 759.74, 5900, 85909, 46.84
BHANDARI, EQ, 15-Sep-2026, 3.00, 3.00, 3.04, 2.98, 3.00, 3.00, 3.01, 141743, 4.26, 228, 141201, 99.62
BHARATCOAL, EQ, 15-Sep-2026, 33.01, 33.01, 33.17, 32.30, 32.48, 32.40, 32.68, 3087850, 1009.02, 19492, 1846459, 59.80
BHARATFORG, EQ, 15-Sep-2026, 1944.90, 1944.90, 1950.00, 1869.10, 1877.20, 1877.20, 1897.98, 293090, 5562.79, 34305, 139312, 47.53
BHARATGEAR, BE, 15-Sep-2026, 101.14, 101.00, 102.69, 100.10, 100.17, 100.29, 100.61, 14687, 14.78, 167, -, -
BHARATRAS, EQ, 15-Sep-2026, 1157.90, 1158.00, 1170.00, 1125.10, 1130.40, 1128.90, 1148.53, 12759, 146.54, 2084, 6932, 54.33
BHARATSE, EQ, 15-Sep-2026, 217.47, 217.50, 219.72, 206.60, 208.40, 208.62, 211.35, 128545, 271.67, 2702, 69219, 53.85
BHARATWIRE, EQ, 15-Sep-2026, 172.48, 173.74, 179.70, 166.10, 166.10, 168.08, 172.86, 170021, 293.89, 4236, 55715, 32.77
BHARTIARTL, EQ, 15-Sep-2026, 1831.10, 1844.00, 1844.00, 1819.60, 1830.40, 1830.40, 1830.59, 4066471, 74440.61, 124050, 2849811, 70.08
BHARTIHEXA, EQ, 15-Sep-2026, 1545.00, 1546.10, 1546.10, 1502.00, 1510.00, 1505.50, 1509.05, 47838, 721.90, 8510, 26251, 54.87
BHEL, EQ, 15-Sep-2026, 431.00, 431.25, 432.00, 412.85, 412.85, 412.85, 420.40, 7340842, 30860.53, 73943, 4109026, 55.97
BI, BE, 15-Sep-2026, 92.92, 93.00, 97.56, 91.25, 97.56, 97.56, 96.76, 29669, 28.71, 109, -, -
BIGBLOC, EQ, 15-Sep-2026, 40.79, 40.00, 40.73, 39.00, 39.00, 39.14, 39.76, 53036, 21.09, 711, 42619, 80.36
BIKAJI, EQ, 15-Sep-2026, 548.25, 555.00, 570.00, 535.35, 548.70, 541.60, 544.57, 111374, 606.50, 9165, 44626, 40.07
BIKEWO, ST, 15-Sep-2026, 104.30, 104.00, 108.00, 104.00, 107.75, 105.20, 105.97, 58000, 61.46, 24, 58000, 100.00
BIL, EQ, 15-Sep-2026, 1073.00, 1073.00, 1095.50, 1025.00, 1028.00, 1027.55, 1044.61, 12076, 126.15, 1118, 7053, 58.41
BILVYAPAR, BE, 15-Sep-2026, 3.95, 4.13, 4.14, 4.00, 4.14, 4.13, 4.11, 4416, 0.18, 33, -, -
BIMETAL, EQ, 15-Sep-2026, 640.50, 658.65, 658.65, 623.00, 640.00, 640.00, 635.71, 193, 1.23, 29, 176, 91.19
BIOCON, EQ, 15-Sep-2026, 390.65, 391.95, 392.05, 381.00, 382.00, 382.00, 385.80, 2543144, 9811.33, 34921, 1121582, 44.10
BIOFILCHEM, EQ, 15-Sep-2026, 34.51, 34.40, 35.49, 33.10, 33.11, 33.65, 34.21, 33485, 11.46, 393, 19122, 57.11
BIOPOL, SM, 15-Sep-2026, 47.70, 48.10, 48.90, 45.75, 45.75, 45.90, 47.81, 50400, 24.09, 36, 40800, 80.95
BIRET, RR, 15-Sep-2026, 335.41, 335.41, 337.33, 334.31, 335.49, 336.47, 336.22, 432711, 1454.86, 15987, 347737, 80.36
BIRLACABLE, EQ, 15-Sep-2026, 392.35, 384.95, 411.95, 372.75, 385.50, 377.95, 394.36, 1025099, 4042.60, 22205, 413933, 40.38
BIRLACORPN, EQ, 15-Sep-2026, 825.15, 825.00, 829.70, 805.05, 815.90, 810.25, 815.14, 33029, 269.23, 4243, 17065, 51.67
BIRLAMONEY, EQ, 15-Sep-2026, 121.19, 121.35, 123.87, 117.31, 119.00, 118.22, 119.47, 36546, 43.66, 1243, 25902, 70.88
BIRLANU, EQ, 15-Sep-2026, 1448.40, 1448.40, 1459.00, 1385.90, 1410.30, 1395.50, 1411.82, 8252, 116.50, 1240, 5060, 61.32
BIRLAPREC, BE, 15-Sep-2026, 61.43, 62.30, 63.49, 58.36, 58.36, 58.36, 61.31, 189775, 116.35, 1063, -, -
BLACKBUCK, EQ, 15-Sep-2026, 628.15, 641.00, 644.00, 609.25, 611.00, 611.90, 628.89, 1773025, 11150.30, 61673, 602452, 33.98
BLACKROSE, BE, 15-Sep-2026, 108.14, 108.00, 112.00, 105.00, 107.00, 105.75, 107.13, 20342, 21.79, 316, -, -
BLAL, EQ, 15-Sep-2026, 161.47, 160.03, 163.84, 160.03, 160.50, 161.01, 162.02, 47310, 76.65, 850, 42548, 89.93
BLBLIMITED, EQ, 15-Sep-2026, 16.13, 16.64, 16.64, 15.65, 16.15, 16.10, 15.94, 180878, 28.83, 392, 155390, 85.91
BLEL, EQ, 15-Sep-2026, 442.15, 445.00, 447.70, 433.85, 438.00, 439.65, 441.36, 646232, 2852.19, 20564, 204100, 31.58
BLIL, EQ, 15-Sep-2026, 68.44, 68.43, 69.07, 67.00, 67.24, 67.13, 67.74, 144750, 98.06, 2412, 106153, 73.34
BLISSGVS, BE, 15-Sep-2026, 720.95, 719.00, 728.00, 684.95, 684.95, 684.95, 693.89, 217584, 1509.80, 3557, -, -
BLKASHYAP, EQ, 15-Sep-2026, 53.91, 54.08, 54.79, 51.00, 51.61, 51.50, 52.51, 679073, 356.57, 3305, 423674, 62.39
BLS, EQ, 15-Sep-2026, 231.58, 231.59, 242.15, 227.49, 229.70, 228.51, 234.67, 1252796, 2939.93, 22950, 360481, 28.77
BLSE, EQ, 15-Sep-2026, 312.80, 313.00, 315.95, 307.25, 308.00, 310.10, 310.96, 302523, 940.74, 6628, 138274, 45.71
BLUECHIP, BE, 15-Sep-2026, 2.10, 2.06, 2.06, 2.06, 2.06, 2.06, 2.06, 983, 0.02, 9, -, -
BLUECLOUDS, EQ, 15-Sep-2026, 19.13, 19.35, 20.47, 19.05, 19.40, 19.19, 19.66, 1858911, 365.53, 5555, 625351, 33.64
BLUECOAST, EQ, 15-Sep-2026, 22.18, 22.89, 22.89, 21.08, 21.08, 21.09, 22.16, 2067, 0.46, 24, 1990, 96.27
BLUEDART, EQ, 15-Sep-2026, 4830.90, 4842.00, 4889.40, 4791.00, 4810.80, 4843.50, 4832.43, 7941, 383.74, 2288, 3336, 42.01
BLUEJET, EQ, 15-Sep-2026, 568.55, 572.00, 572.00, 548.10, 550.00, 550.65, 555.61, 364930, 2027.58, 19311, 202837, 55.58
BLUEPEBBLE, SM, 15-Sep-2026, 79.00, 74.00, 79.50, 73.45, 79.50, 79.50, 75.73, 2400, 1.82, 5, 1600, 66.67
BLUESTARCO, EQ, 15-Sep-2026, 1558.00, 1559.50, 1562.80, 1475.30, 1483.00, 1483.00, 1511.38, 509083, 7694.18, 34140, 207030, 40.67
BLUESTONE, EQ, 15-Sep-2026, 890.35, 899.00, 904.00, 822.35, 839.60, 828.55, 857.82, 950222, 8151.18, 44908, 287822, 30.29
BLUEWATER, ST, 15-Sep-2026, 457.50, 475.75, 475.75, 445.35, 460.00, 460.00, 461.97, 11000, 50.82, 11, 11000, 100.00
BLUSPRING, EQ, 15-Sep-2026, 131.48, 129.50, 132.85, 123.61, 124.50, 125.27, 128.59, 214823, 276.23, 3274, 91741, 42.71
BMETRICS, SM, 15-Sep-2026, 34.45, 34.15, 34.50, 34.05, 34.10, 34.10, 34.19, 4000, 1.37, 5, 4000, 100.00
BMLL, SM, 15-Sep-2026, 158.00, 158.00, 158.00, 155.00, 155.00, 155.00, 156.57, 7000, 10.96, 7, 5000, 71.43
BMWVENTLTD, EQ, 15-Sep-2026, 54.05, 53.73, 54.35, 50.16, 52.00, 51.61, 52.67, 133104, 70.10, 1147, 109247, 82.08
BNAGROCHEM, EQ, 15-Sep-2026, 204.99, 204.95, 204.95, 200.00, 200.00, 200.08, 201.49, 961, 1.94, 37, 788, 82.00
BNALTD, BE, 15-Sep-2026, 400.60, 400.60, 400.60, 381.30, 382.00, 381.65, 382.11, 41, 0.16, 3, -, -
BNKETFAXIS, EQ, 15-Sep-2026, 584.36, 596.05, 596.05, 576.78, 578.35, 577.46, 586.38, 2506, 14.69, 49, 323, 12.89
BODALCHEM, EQ, 15-Sep-2026, 172.40, 173.12, 181.02, 172.00, 176.70, 176.66, 176.69, 2894993, 5115.23, 20780, 1190961, 41.14
BOHRAIND, EQ, 15-Sep-2026, 13.42, 14.00, 14.40, 13.02, 13.79, 13.71, 13.68, 21413, 2.93, 55, 11633, 54.33
BOMDYEING, EQ, 15-Sep-2026, 111.27, 111.80, 112.10, 107.00, 107.20, 107.58, 108.75, 754544, 820.55, 9714, 304617, 40.37
BONLON, EQ, 15-Sep-2026, 40.10, 40.10, 40.99, 36.25, 38.49, 38.56, 38.63, 6018, 2.32, 207, 4744, 78.83
BORANA, EQ, 15-Sep-2026, 313.40, 313.40, 322.00, 298.00, 304.00, 303.50, 308.23, 56889, 175.35, 1383, 30381, 53.40
BOROLTD, EQ, 15-Sep-2026, 257.48, 256.01, 263.40, 247.14, 247.25, 248.33, 255.51, 135344, 345.81, 3743, 74625, 55.14
BORORENEW, EQ, 15-Sep-2026, 495.65, 496.00, 499.00, 448.55, 462.00, 461.30, 473.20, 720224, 3408.11, 31997, 307587, 42.71
BOROSCI, EQ, 15-Sep-2026, 125.28, 124.66, 126.89, 118.61, 120.12, 120.02, 121.52, 61828, 75.13, 1321, 35401, 57.26
BOSCH-HCIL, EQ, 15-Sep-2026, 1704.00, 1698.00, 1722.00, 1660.00, 1665.80, 1667.40, 1683.70, 25201, 424.31, 2948, 13028, 51.70
BOSCHLTD, EQ, 15-Sep-2026, 48385.00, 48725.00, 48725.00, 47070.00, 47070.00, 47070.00, 47761.75, 30224, 14435.51, 13889, 15581, 51.55
BOSS, SM, 15-Sep-2026, 59.40, 59.70, 59.70, 59.70, 59.70, 59.70, 59.70, 6000, 3.58, 3, 6000, 100.00
BPCL, EQ, 15-Sep-2026, 304.50, 304.20, 308.15, 298.65, 298.65, 298.65, 303.46, 3512731, 10659.61, 55298, 1693388, 48.21
BPL, EQ, 15-Sep-2026, 46.30, 47.40, 47.95, 46.10, 46.72, 46.58, 46.91, 34419, 16.14, 868, 22850, 66.39
BPLPHARMA, EQ, 15-Sep-2026, 1505.10, 1575.00, 1575.00, 1510.00, 1560.00, 1543.40, 1539.71, 2207, 33.98, 202, 1779, 80.61
BRACEPORT, SM, 15-Sep-2026, 54.40, 51.10, 53.85, 51.10, 53.85, 53.85, 52.48, 3200, 1.68, 2, 3200, 100.00
BRAHMINFRA, EQ, 15-Sep-2026, 157.35, 157.04, 157.04, 148.80, 155.10, 151.60, 153.67, 7774, 11.95, 220, 6778, 87.19
BRANDMAN, SM, 15-Sep-2026, 172.50, 166.20, 167.20, 155.25, 161.25, 161.85, 161.47, 39200, 63.30, 42, 32800, 83.67
BRIGADE, EQ, 15-Sep-2026, 638.65, 642.05, 648.95, 610.00, 616.90, 612.25, 625.59, 201825, 1262.61, 16145, 73723, 36.53
BRIGHOTEL, EQ, 15-Sep-2026, 56.51, 56.51, 56.98, 55.75, 56.20, 56.14, 56.17, 72260, 40.59, 1512, 55982, 77.47
BRIGHTBR, EQ, 15-Sep-2026, 255.25, 247.00, 252.00, 245.00, 252.00, 248.50, 248.94, 1183, 2.94, 34, 1161, 98.14
BRITANNIA, EQ, 15-Sep-2026, 4962.00, 4990.00, 5022.50, 4947.50, 4947.50, 4947.50, 4984.52, 209279, 10431.56, 31024, 120691, 57.67
BRNL, EQ, 15-Sep-2026, 16.73, 16.70, 16.70, 16.25, 16.32, 16.31, 16.42, 33211, 5.45, 318, 27644, 83.24
BROOKS, EQ, 15-Sep-2026, 65.69, 67.70, 67.70, 62.80, 62.99, 63.09, 63.91, 26350, 16.84, 443, 18608, 70.62
BSE, EQ, 15-Sep-2026, 3384.00, 3417.00, 3452.70, 3295.00, 3310.00, 3310.00, 3366.76, 3901579, 131356.92, 169621, 1450559, 37.18
BSE500IETF, EQ, 15-Sep-2026, 38.78, 38.00, 39.24, 37.81, 38.13, 38.03, 38.15, 305682, 116.61, 3246, 237564, 77.72
BSHSL, EQ, 15-Sep-2026, 88.80, 89.99, 89.99, 83.40, 83.42, 85.42, 86.16, 3443, 2.97, 170, 2709, 78.68
BSL, EQ, 15-Sep-2026, 120.39, 120.00, 122.99, 117.25, 119.89, 119.35, 119.29, 2783, 3.32, 113, 2510, 90.19
BSLGOLDETF, EQ, 15-Sep-2026, 133.25, 133.15, 133.15, 131.26, 131.26, 131.88, 132.14, 2171574, 2869.44, 2667, 2037949, 93.85
BSLNIFTY, EQ, 15-Sep-2026, 27.55, 28.23, 28.23, 27.20, 27.50, 27.33, 27.35, 1886384, 515.84, 8908, 1641035, 86.99
BSLSENETFG, EQ, 15-Sep-2026, 77.19, 75.26, 76.84, 74.65, 75.90, 75.22, 75.26, 10770, 8.11, 305, 8359, 77.61
BSOFT, EQ, 15-Sep-2026, 281.65, 291.00, 302.85, 285.10, 286.20, 286.45, 293.71, 8595221, 25244.82, 114839, 1655924, 19.27
BTML, EQ, 15-Sep-2026, 7.48, 7.68, 8.00, 6.42, 7.71, 7.62, 7.17, 1112013, 79.77, 1410, 614632, 55.27
BTTL, BE, 15-Sep-2026, 42.50, 42.50, 42.50, 40.60, 40.65, 40.78, 41.25, 10559, 4.36, 36, -, -
BUILDPRO, EQ, 15-Sep-2026, 1252.50, 1274.80, 1334.00, 1274.80, 1283.00, 1283.00, 1301.35, 95748, 1246.02, 8344, 42259, 44.14
BULKCORP, ST, 15-Sep-2026, 85.25, 87.50, 87.50, 81.05, 81.05, 83.20, 83.22, 3600, 3.00, 3, 3600, 100.00
BURNPUR, BE, 15-Sep-2026, 16.71, 15.88, 15.88, 15.88, 15.88, 15.88, 15.88, 11764, 1.87, 140, -, -
BUTTERFLY, EQ, 15-Sep-2026, 586.25, 582.15, 634.80, 577.05, 581.95, 580.25, 601.89, 89943, 541.36, 5035, 34455, 38.31
BVCL, EQ, 15-Sep-2026, 42.05, 42.10, 42.90, 40.11, 40.53, 40.80, 41.27, 18121, 7.48, 413, 13035, 71.93
BYKE, BE, 15-Sep-2026, 31.05, 31.03, 31.70, 30.05, 30.12, 30.17, 30.49, 34852, 10.62, 90, -, -
C2C, SM, 15-Sep-2026, 212.15, 210.20, 214.00, 204.75, 207.50, 207.90, 207.97, 112050, 233.03, 467, 82050, 73.23
CALSOFT, BE, 15-Sep-2026, 38.74, 39.90, 40.20, 36.81, 37.80, 37.86, 37.87, 473178, 179.20, 1401, -, -
CAMLINFINE, EQ, 15-Sep-2026, 101.68, 101.86, 103.90, 97.75, 99.00, 99.21, 99.61, 634588, 632.10, 5447, 335732, 52.91
CAMPUS, EQ, 15-Sep-2026, 214.36, 214.50, 215.39, 207.92, 214.40, 212.90, 211.48, 432209, 914.02, 10409, 199883, 46.25
CAMS, EQ, 15-Sep-2026, 711.00, 711.30, 732.60, 708.05, 717.35, 717.35, 720.07, 1973247, 14208.66, 49305, 907630, 46.00
CANARYS, SM, 15-Sep-2026, 23.70, 23.70, 23.70, 22.55, 23.50, 23.50, 23.06, 132000, 30.44, 29, 80000, 60.61
CANBK, EQ, 15-Sep-2026, 124.00, 123.25, 124.48, 122.05, 122.37, 122.37, 123.04, 12696568, 15621.35, 71447, 6800167, 53.56
CANFINHOME, EQ, 15-Sep-2026, 779.75, 776.20, 788.75, 766.85, 785.00, 784.80, 778.86, 203614, 1585.86, 10408, 110176, 54.11
CANHLIFE, EQ, 15-Sep-2026, 151.92, 151.70, 153.00, 149.00, 151.65, 151.78, 151.21, 591395, 894.27, 12348, 349229, 59.05
CANTABIL, EQ, 15-Sep-2026, 240.21, 238.60, 245.79, 238.00, 239.20, 240.30, 241.98, 198186, 479.57, 2927, 111525, 56.27
CAPACITE, EQ, 15-Sep-2026, 191.98, 191.00, 196.53, 187.75, 189.79, 189.57, 191.64, 319841, 612.95, 7114, 170822, 53.41
CAPILLARY, EQ, 15-Sep-2026, 461.95, 466.00, 477.40, 464.80, 473.00, 472.20, 472.82, 428715, 2027.04, 14382, 273395, 63.77
CAPINVIT, IV, 15-Sep-2026, 76.97, 77.18, 77.18, 76.40, 77.00, 76.87, 76.94, 315832, 242.99, 3048, 282476, 89.44
CAPITALSFB, EQ, 15-Sep-2026, 271.35, 271.35, 277.20, 267.15, 272.00, 269.70, 271.99, 31682, 86.17, 1017, 22176, 70.00
CAPLIPOINT, EQ, 15-Sep-2026, 2754.90, 2750.20, 2760.00, 2555.00, 2572.00, 2570.60, 2626.39, 216544, 5687.29, 31763, 88370, 40.81
CAPTRUST, BE, 15-Sep-2026, 18.12, 17.82, 18.30, 17.80, 18.15, 17.90, 17.98, 12034, 2.16, 40, -, -
CARBORUNIV, EQ, 15-Sep-2026, 1075.20, 1085.00, 1085.00, 1021.00, 1030.00, 1031.80, 1046.61, 188036, 1967.99, 18401, 96757, 51.46
CARERATING, EQ, 15-Sep-2026, 1650.50, 1660.00, 1668.30, 1626.00, 1638.00, 1635.70, 1641.20, 28190, 462.65, 3527, 16041, 56.90
CARRARO, EQ, 15-Sep-2026, 538.45, 538.00, 539.00, 519.00, 524.10, 521.00, 528.17, 95342, 503.57, 6069, 55364, 58.07
CARTRADE, EQ, 15-Sep-2026, 3087.90, 3090.00, 3170.20, 3001.10, 3039.00, 3017.10, 3094.08, 337654, 10447.28, 46234, 122560, 36.30
CARYSIL, EQ, 15-Sep-2026, 1161.90, 1162.00, 1164.50, 1123.00, 1135.00, 1126.80, 1136.93, 73083, 830.90, 6818, 35887, 49.10
CASHIETF, EQ, 15-Sep-2026, 1079.43, 1079.50, 1079.57, 1079.50, 1079.57, 1079.56, 1079.56, 1011652, 10921.34, 309, 747440, 73.88
CASTROLIND, EQ, 15-Sep-2026, 188.03, 187.80, 188.25, 187.20, 188.00, 187.82, 187.80, 2080994, 3908.12, 33735, 1391597, 66.87
CCAVENUE, EQ, 15-Sep-2026, 16.29, 16.47, 16.47, 15.55, 15.71, 15.69, 15.88, 16515500, 2622.65, 20414, 6916668, 41.88
CCCL, EQ, 15-Sep-2026, 13.91, 13.90, 14.11, 13.73, 13.98, 13.99, 13.95, 158953, 22.18, 355, 132879, 83.60
CCHHL, EQ, 15-Sep-2026, 12.37, 12.41, 12.59, 12.10, 12.18, 12.18, 12.30, 15566, 1.91, 177, 12332, 79.22
CCL, EQ, 15-Sep-2026, 1081.00, 1076.00, 1086.00, 1056.00, 1056.20, 1060.90, 1069.46, 118848, 1271.04, 19874, 68384, 57.54
CDSL, EQ, 15-Sep-2026, 1360.00, 1360.00, 1361.30, 1302.50, 1311.00, 1311.00, 1325.93, 1265342, 16777.53, 53148, 586473, 46.35
CEATLTD, EQ, 15-Sep-2026, 3278.50, 3285.90, 3322.00, 3252.00, 3264.70, 3282.50, 3300.03, 60254, 1988.40, 10118, 30978, 51.41
CEDAAR, ST, 15-Sep-2026, 12.60, 12.20, 12.60, 12.00, 12.00, 12.00, 12.44, 89000, 11.07, 14, 88000, 98.88
CEIGALL, EQ, 15-Sep-2026, 380.40, 382.35, 383.40, 370.00, 382.90, 382.25, 376.88, 317006, 1194.72, 6440, 156295, 49.30
CEINSYS, EQ, 15-Sep-2026, 707.00, 700.00, 715.20, 671.30, 675.50, 676.60, 688.01, 49837, 342.89, 3487, 27602, 55.38
CELEBRITY, EQ, 15-Sep-2026, 6.85, 7.17, 7.17, 6.65, 6.65, 6.70, 6.75, 21421, 1.45, 81, 18374, 85.78
CELLECOR, SM, 15-Sep-2026, 30.60, 30.50, 30.95, 30.50, 30.90, 30.65, 30.68, 78000, 23.93, 19, 69000, 88.46
CELLO, EQ, 15-Sep-2026, 332.80, 335.45, 337.00, 325.05, 330.00, 327.55, 330.54, 382117, 1263.05, 13022, 196252, 51.36
CELLPOINT, SM, 15-Sep-2026, 14.95, 14.65, 15.50, 14.65, 15.50, 15.50, 15.24, 6000, 0.91, 5, 4800, 80.00
CEMNTGROWW, EQ, 15-Sep-2026, 14.37, 14.37, 14.48, 13.88, 13.94, 13.95, 14.03, 351863, 49.37, 1349, 337219, 95.84
CEMPRO, EQ, 15-Sep-2026, 1244.30, 1246.00, 1285.70, 1196.00, 1200.00, 1207.10, 1230.82, 270250, 3326.29, 24364, 172126, 63.69
CENTENKA, EQ, 15-Sep-2026, 565.40, 568.90, 570.10, 546.55, 551.80, 550.40, 556.73, 42064, 234.18, 3335, 20934, 49.77
CENTEXT, EQ, 15-Sep-2026, 22.37, 21.95, 21.95, 19.80, 20.22, 19.98, 20.39, 888517, 181.15, 3188, 551129, 62.03
CENTRALBK, EQ, 15-Sep-2026, 30.74, 30.85, 31.03, 30.35, 30.40, 30.46, 30.63, 5054888, 1548.15, 19611, 2606649, 51.57
CENTRUM, EQ, 15-Sep-2026, 22.34, 22.54, 22.54, 21.57, 21.61, 21.65, 21.87, 128168, 28.03, 680, 89939, 70.17
CENTUM, EQ, 15-Sep-2026, 4192.00, 4254.90, 4298.90, 3972.80, 4039.50, 4010.60, 4104.86, 42588, 1748.18, 11891, 13857, 32.54
CENTURYPLY, EQ, 15-Sep-2026, 717.05, 717.05, 726.90, 706.65, 720.00, 711.05, 715.66, 37273, 266.75, 5066, 17390, 46.66
CERA, EQ, 15-Sep-2026, 5587.50, 5588.00, 5620.00, 5558.00, 5584.50, 5572.00, 5570.57, 4096, 228.17, 972, 2837, 69.26
CEREBRAINT, BZ, 15-Sep-2026, 2.86, 2.81, 2.81, 2.81, 2.81, 2.81, 2.81, 39145, 1.10, 74, -, -
CESC, EQ, 15-Sep-2026, 145.37, 146.00, 146.76, 141.10, 141.65, 141.70, 143.52, 1720693, 2469.49, 27331, 1035785, 60.20
CEWATER, EQ, 15-Sep-2026, 284.70, 286.55, 286.70, 273.30, 277.80, 276.15, 277.89, 142855, 396.98, 7611, 76868, 53.81
CFEL, EQ, 15-Sep-2026, 49.30, 50.00, 52.80, 47.05, 47.29, 47.41, 49.42, 171314, 84.66, 1303, 97728, 57.05
CGCL, EQ, 15-Sep-2026, 266.00, 264.00, 264.80, 254.25, 257.05, 255.10, 258.32, 2889142, 7463.28, 26571, 1151681, 39.86
CGPOWER, EQ, 15-Sep-2026, 909.00, 909.00, 911.30, 858.00, 858.00, 858.00, 873.63, 3474919, 30358.10, 72177, 1664786, 47.91
CGRAPHICS, SM, 15-Sep-2026, 144.65, 142.00, 145.90, 138.00, 138.95, 138.35, 140.77, 58400, 82.21, 68, 35200, 60.27
CGVAK, EQ, 15-Sep-2026, 145.83, 148.00, 148.00, 144.19, 147.88, 144.31, 145.02, 2089, 3.03, 52, 2021, 96.74
CHALET, EQ, 15-Sep-2026, 877.25, 872.00, 881.90, 839.10, 840.00, 845.15, 856.81, 51795, 443.78, 7135, 27003, 52.13
CHAMBLFERT, EQ, 15-Sep-2026, 418.80, 420.00, 421.00, 415.45, 416.00, 416.65, 417.16, 447469, 1866.66, 21389, 274978, 61.45
CHANDAN, SM, 15-Sep-2026, 199.80, 201.00, 204.10, 191.00, 191.00, 191.05, 196.52, 46400, 91.19, 51, 32800, 70.69
CHAVDA, SM, 15-Sep-2026, 125.30, 129.50, 129.50, 123.55, 123.55, 123.55, 127.82, 6000, 7.67, 6, 3000, 50.00
CHEMBOND, EQ, 15-Sep-2026, 217.12, 219.99, 223.00, 190.60, 197.98, 195.52, 201.20, 32132, 64.65, 1197, 13953, 43.42
CHEMBONDCH, BE, 15-Sep-2026, 262.20, 263.00, 275.30, 263.00, 265.00, 264.75, 272.68, 15600, 42.54, 238, -, -
CHEMCON, BE, 15-Sep-2026, 217.23, 219.01, 224.50, 211.30, 218.00, 213.88, 218.37, 72440, 158.18, 1122, -, -
CHEMCRUX, EQ, 15-Sep-2026, 82.40, 82.10, 84.00, 79.80, 81.87, 80.23, 80.50, 5107, 4.11, 176, 4033, 78.97
CHEMFAB, EQ, 15-Sep-2026, 379.35, 384.45, 384.45, 365.05, 373.45, 372.15, 374.25, 2148, 8.04, 200, 1590, 74.02
CHEMICAL, EQ, 15-Sep-2026, 29.97, 30.36, 30.36, 28.73, 29.01, 28.94, 29.27, 511729, 149.78, 3189, 312555, 61.08
CHEMPLASTS, EQ, 15-Sep-2026, 171.35, 173.50, 174.45, 164.29, 165.30, 165.12, 167.89, 241434, 405.33, 6348, 152233, 63.05
CHENNPETRO, EQ, 15-Sep-2026, 1572.90, 1580.00, 1583.20, 1461.10, 1475.00, 1471.80, 1508.74, 2061830, 31107.71, 85784, 618792, 30.01
CHETANA, SM, 15-Sep-2026, 42.00, 41.00, 41.00, 40.00, 41.00, 41.00, 40.95, 102400, 41.93, 36, 88000, 85.94
CHEVIOT, EQ, 15-Sep-2026, 1207.80, 1213.80, 1235.00, 1170.00, 1178.90, 1172.30, 1189.02, 1305, 15.52, 209, 1132, 86.74
CHOICEGOLD, EQ, 15-Sep-2026, 150.00, 150.00, 150.28, 148.00, 150.00, 149.29, 149.56, 5092, 7.62, 149, 2388, 46.90
CHOICEIN, EQ, 15-Sep-2026, 759.80, 760.50, 764.70, 737.10, 737.15, 740.40, 746.47, 193485, 1444.30, 5408, 91291, 47.18
CHOLAFIN, EQ, 15-Sep-2026, 1845.90, 1834.80, 1842.00, 1784.20, 1791.60, 1791.60, 1801.70, 1709145, 30793.72, 55394, 961645, 56.26
CHOLAHLDNG, EQ, 15-Sep-2026, 1528.60, 1530.00, 1543.20, 1500.30, 1514.00, 1510.80, 1510.72, 79301, 1198.01, 9811, 37108, 46.79
CIEINDIA, EQ, 15-Sep-2026, 379.65, 382.75, 382.75, 368.00, 373.60, 375.00, 377.05, 207605, 782.77, 14608, 130548, 62.88
CIFL, EQ, 15-Sep-2026, 20.20, 20.26, 20.26, 19.45, 19.51, 19.53, 19.68, 23450, 4.62, 273, 14562, 62.10
CINELINE, EQ, 15-Sep-2026, 96.31, 97.90, 97.90, 91.25, 92.18, 91.81, 94.26, 12901, 12.16, 310, 7977, 61.83
CINEVISTA, EQ, 15-Sep-2026, 14.23, 14.50, 14.96, 14.06, 14.20, 14.08, 14.19, 6564, 0.93, 93, 5716, 87.08
CIPLA, EQ, 15-Sep-2026, 1366.00, 1355.00, 1362.70, 1347.70, 1351.00, 1351.00, 1354.80, 1225305, 16600.47, 77711, 819754, 66.90
CITIUSINVT, IV, 15-Sep-2026, 115.49, 116.24, 116.45, 115.00, 115.49, 115.49, 115.98, 30902, 35.84, 409, 27497, 88.98
CKKRETAIL, SM, 15-Sep-2026, 151.00, 150.20, 150.30, 150.20, 150.30, 150.25, 150.25, 1600, 2.40, 2, 1600, 100.00
CLASSICEIL, SM, 15-Sep-2026, 56.25, 55.50, 55.50, 53.45, 53.45, 53.65, 54.29, 46400, 25.19, 24, 36800, 79.31
CLAYCRAFT, SM, 15-Sep-2026, 155.40, 152.20, 157.00, 152.20, 152.60, 152.75, 154.18, 13200, 20.35, 22, 9000, 68.18
CLCIND, BE, 15-Sep-2026, 48.93, 47.70, 47.70, 47.67, 47.67, 47.67, 47.68, 262, 0.12, 5, -, -
CLEAN, EQ, 15-Sep-2026, 842.05, 843.45, 850.80, 815.50, 821.85, 820.30, 829.47, 281497, 2334.93, 18006, 144947, 51.49
CLEANMAX, EQ, 15-Sep-2026, 1431.00, 1429.00, 1430.00, 1292.60, 1322.00, 1321.50, 1336.55, 405886, 5424.87, 40441, 201246, 49.58
CLEDUCATE, EQ, 15-Sep-2026, 59.18, 60.00, 60.00, 56.36, 57.20, 57.14, 57.47, 24865, 14.29, 432, 22713, 91.35
CLSEL, EQ, 15-Sep-2026, 296.50, 297.70, 301.50, 280.00, 284.30, 281.60, 286.07, 80059, 229.03, 2886, 39040, 48.76
CLSL, ST, 15-Sep-2026, 83.00, 78.85, 78.85, 78.85, 78.85, 78.85, 78.85, 4000, 3.15, 2, 4000, 100.00
CMICABLES, BZ, 15-Sep-2026, 2.51, 2.57, 2.63, 2.57, 2.57, 2.62, 2.62, 23338, 0.61, 49, -, -
CMLL, EQ, 15-Sep-2026, 474.15, 475.50, 486.30, 467.00, 474.20, 474.70, 476.44, 292036, 1391.37, 9730, 143070, 48.99
CMNL, SM, 15-Sep-2026, 113.70, 113.00, 113.50, 110.00, 113.50, 112.20, 110.89, 33000, 36.59, 27, 29250, 88.64
CMPDI, EQ, 15-Sep-2026, 215.23, 216.70, 217.90, 202.00, 204.95, 203.74, 208.16, 1650955, 3436.65, 28910, 755411, 45.76
CMRGREEN, EQ, 15-Sep-2026, 216.58, 217.90, 224.83, 211.39, 213.00, 212.76, 215.19, 282768, 608.48, 6001, 105412, 37.28
CMSINFO, EQ, 15-Sep-2026, 224.38, 224.98, 236.90, 220.99, 222.89, 222.91, 227.87, 1409704, 3212.33, 21336, 620261, 44.00
CNL, EQ, 15-Sep-2026, 1116.90, 1133.60, 1139.20, 1050.10, 1050.50, 1068.60, 1092.03, 20384, 222.60, 2613, 7040, 34.54
COALINDIA, EQ, 15-Sep-2026, 426.40, 426.40, 427.00, 418.00, 419.25, 419.25, 422.50, 6128458, 25892.91, 75556, 3806416, 62.11
COASTCORP, EQ, 15-Sep-2026, 39.09, 39.52, 40.53, 37.00, 37.08, 37.32, 38.06, 132609, 50.48, 2015, 77087, 58.13
COCHINSHIP, EQ, 15-Sep-2026, 1381.00, 1389.00, 1389.00, 1320.00, 1325.00, 1325.00, 1350.03, 1989625, 26860.55, 69513, 726811, 36.53
COCKERILL, EQ, 15-Sep-2026, 8191.00, 8115.00, 8885.00, 8115.00, 8205.00, 8286.00, 8534.99, 34982, 2985.71, 8634, 11338, 32.41
COFFEEDAY, EQ, 15-Sep-2026, 31.67, 32.00, 32.47, 30.12, 30.48, 30.37, 30.92, 693779, 214.55, 2464, 442405, 63.77
COFORGE, EQ, 15-Sep-2026, 1846.50, 1887.30, 1893.60, 1765.60, 1775.50, 1775.50, 1810.99, 4583784, 83011.77, 179465, 2272318, 49.57
COHANCE, EQ, 15-Sep-2026, 440.20, 440.10, 443.15, 421.35, 424.95, 423.60, 429.45, 383863, 1648.51, 18708, 206023, 53.67
COLPAL, EQ, 15-Sep-2026, 1797.40, 1797.40, 1846.60, 1788.80, 1820.30, 1820.30, 1830.25, 670867, 12278.51, 29805, 379105, 56.51
COMFINTE, EQ, 15-Sep-2026, 6.08, 6.03, 6.16, 5.91, 6.04, 5.92, 5.98, 127261, 7.62, 466, 110198, 86.59
COMMITTED, SM, 15-Sep-2026, 362.00, 340.00, 340.00, 340.00, 340.00, 340.00, 340.00, 1600, 5.44, 2, 1600, 100.00
COMMOIETF, EQ, 15-Sep-2026, 98.26, 98.26, 99.28, 96.01, 96.57, 96.24, 96.72, 64836, 62.71, 1414, 36192, 55.82
COMPEAU, EQ, 15-Sep-2026, 362.00, 364.50, 364.50, 360.00, 360.00, 360.00, 362.25, 10, 0.04, 2, 5, 50.00
COMPINFO, BZ, 15-Sep-2026, 1.10, 1.05, 1.10, 1.05, 1.06, 1.06, 1.06, 13460, 0.14, 30, -, -
COMPUSOFT, EQ, 15-Sep-2026, 12.90, 12.98, 13.15, 12.82, 13.03, 12.91, 12.99, 12297, 1.60, 173, 7326, 59.58
COMSYN, EQ, 15-Sep-2026, 299.15, 303.00, 303.00, 281.35, 288.90, 289.80, 293.26, 208274, 610.77, 3179, 142865, 68.59
CONCOR, EQ, 15-Sep-2026, 499.25, 499.95, 501.50, 483.70, 483.70, 483.70, 491.36, 566088, 2781.52, 19003, 246795, 43.60
CONCORDBIO, EQ, 15-Sep-2026, 1505.70, 1513.60, 1527.10, 1467.00, 1470.00, 1473.00, 1494.03, 97030, 1449.65, 13422, 43868, 45.21
CONFIPET, EQ, 15-Sep-2026, 89.22, 90.20, 91.65, 84.10, 84.10, 86.10, 88.71, 4869333, 4319.52, 34469, 1511057, 31.03
CONNPLEX, SM, 15-Sep-2026, 264.70, 266.10, 277.00, 242.70, 243.30, 245.10, 257.03, 96800, 248.81, 98, 70400, 72.73
CONS, EQ, 15-Sep-2026, 11.84, 11.84, 12.05, 11.60, 11.73, 11.71, 11.76, 23897, 2.81, 301, 18151, 75.96
CONSOFINVT, BE, 15-Sep-2026, 301.50, 302.50, 310.00, 300.00, 300.40, 302.00, 301.76, 8390, 25.32, 174, -, -
CONSUMAXIS, EQ, 15-Sep-2026, 117.94, 118.52, 118.61, 116.57, 116.93, 116.94, 117.74, 1155, 1.36, 39, 945, 81.82
CONSUMBEES, EQ, 15-Sep-2026, 127.96, 128.77, 128.89, 126.12, 126.50, 126.43, 127.18, 78981, 100.45, 1557, 46873, 59.35
CONSUMER, EQ, 15-Sep-2026, 11.82, 12.06, 12.06, 11.58, 11.62, 11.61, 11.71, 341421, 39.99, 722, 243007, 71.18
CONSUMIETF, EQ, 15-Sep-2026, 119.03, 119.03, 119.55, 117.45, 117.80, 117.90, 118.32, 6164, 7.29, 272, 3275, 53.13
CONTI, SM, 15-Sep-2026, 11.65, 11.10, 11.10, 11.10, 11.10, 11.10, 11.10, 9999, 1.11, 3, 6666, 66.67
CONTROLPR, EQ, 15-Sep-2026, 588.70, 583.00, 586.00, 568.90, 573.50, 574.80, 579.87, 22163, 128.52, 1323, 15878, 71.64
COOLCAPS, SM, 15-Sep-2026, 25.40, 24.80, 25.15, 24.15, 25.05, 24.90, 24.73, 26250, 6.49, 19, 22500, 85.71
CORALFINAC, EQ, 15-Sep-2026, 32.16, 31.65, 33.96, 31.65, 32.37, 32.77, 32.80, 13223, 4.34, 308, 7382, 55.83
CORDELIA, EQ, 15-Sep-2026, 112.85, 114.29, 115.49, 109.87, 112.00, 112.33, 112.65, 2990405, 3368.63, 20443, 1179102, 39.43
CORDSCABLE, EQ, 15-Sep-2026, 373.40, 375.90, 379.00, 350.10, 357.80, 354.25, 362.02, 181308, 656.37, 6504, 90164, 49.73
COROMANDEL, EQ, 15-Sep-2026, 1929.00, 1928.00, 1950.00, 1918.90, 1931.30, 1939.10, 1938.48, 93758, 1817.48, 14327, 60697, 64.74
CORONA, EQ, 15-Sep-2026, 2236.10, 2250.00, 2292.40, 2192.10, 2235.00, 2217.90, 2248.53, 90921, 2044.38, 14048, 36083, 39.69
COSMOFIRST, EQ, 15-Sep-2026, 874.90, 875.05, 884.60, 858.00, 861.90, 861.35, 867.57, 54106, 469.41, 3335, 31211, 57.68
COUNCODOS, BE, 15-Sep-2026, 6.40, 6.13, 6.55, 6.13, 6.45, 6.44, 6.37, 52396, 3.34, 315, -, -
CPCAP, EQ, 15-Sep-2026, 135.08, 138.32, 141.00, 132.00, 141.00, 140.17, 138.07, 81592, 112.66, 2173, 31998, 39.22
CPEDU, EQ, 15-Sep-2026, 177.74, 178.10, 180.00, 174.00, 176.10, 176.34, 177.29, 1860, 3.30, 62, 1824, 98.06
CPL, EQ, 15-Sep-2026, 64.79, 65.78, 65.78, 62.50, 64.00, 62.83, 63.68, 22223, 14.15, 502, 13729, 61.78
CPPLUS, EQ, 15-Sep-2026, 3825.50, 3825.40, 3879.80, 3634.30, 3660.90, 3663.40, 3769.03, 182895, 6893.37, 31152, 93183, 50.95
CPS, SM, 15-Sep-2026, 1224.50, 1205.00, 1205.00, 1202.00, 1202.00, 1202.00, 1203.50, 300, 3.61, 2, 300, 100.00
CPSEETF, EQ, 15-Sep-2026, 93.89, 93.89, 94.36, 91.54, 92.04, 92.04, 92.69, 1059209, 981.79, 13784, 753337, 71.12
CRAFTSMAN, EQ, 15-Sep-2026, 11669.00, 11763.00, 11798.00, 10968.00, 11289.00, 11099.00, 11272.61, 74009, 8342.75, 22189, 43605, 58.92
CRAMC, EQ, 15-Sep-2026, 238.90, 240.35, 241.00, 231.10, 232.70, 232.40, 235.80, 341060, 804.21, 8047, 179012, 52.49
CRAVATEX, EQ, 15-Sep-2026, 323.95, 335.20, 335.20, 316.30, 316.55, 319.50, 326.19, 231, 0.75, 69, 192, 83.12
CRAYONS, SM, 15-Sep-2026, 23.95, 22.80, 23.00, 22.80, 23.00, 23.00, 22.90, 2000, 0.46, 2, 2000, 100.00
CREATIVEYE, EQ, 15-Sep-2026, 5.72, 5.88, 5.88, 5.71, 5.88, 5.74, 5.76, 4750, 0.27, 75, 3977, 83.73
CREDENT, SM, 15-Sep-2026, 357.10, 357.00, 357.00, 329.25, 347.85, 340.50, 336.98, 64200, 216.34, 91, 48600, 75.70
CREDITACC, EQ, 15-Sep-2026, 1424.20, 1413.30, 1431.70, 1400.00, 1401.20, 1409.60, 1412.79, 188404, 2661.75, 23381, 118971, 63.15
CREST, EQ, 15-Sep-2026, 355.25, 350.50, 357.95, 347.50, 357.90, 354.65, 353.14, 6243, 22.05, 160, 4399, 70.46
CRESTO, EQ, 15-Sep-2026, 16.91, 16.70, 17.08, 15.48, 15.99, 16.05, 16.29, 25866, 4.21, 215, 20080, 77.63
CRISIL, EQ, 15-Sep-2026, 4697.90, 4700.00, 4717.40, 4531.60, 4644.50, 4596.90, 4598.80, 45895, 2110.62, 13017, 25710, 56.02
CRIZAC, EQ, 15-Sep-2026, 186.68, 190.00, 192.00, 178.12, 180.00, 179.89, 181.73, 323052, 587.08, 7514, 165955, 51.37
CROMPTON, EQ, 15-Sep-2026, 231.00, 231.00, 231.60, 226.11, 226.15, 226.15, 227.98, 1492514, 3402.68, 29208, 743000, 49.78
CROWN, EQ, 15-Sep-2026, 112.55, 113.67, 114.50, 106.05, 107.60, 106.83, 108.90, 7616, 8.29, 206, 5975, 78.45
CRSL, BE, 15-Sep-2026, 2.60, 2.54, 2.65, 2.54, 2.57, 2.55, 2.58, 163187, 4.20, 491, -, -
CSBBANK, EQ, 15-Sep-2026, 305.70, 303.25, 307.15, 295.00, 297.00, 296.35, 301.44, 496189, 1495.72, 14695, 237694, 47.90
CSLFINANCE, EQ, 15-Sep-2026, 220.98, 219.38, 223.13, 215.02, 215.10, 215.37, 217.55, 78193, 170.11, 1128, 40834, 52.22
CSM, EQ, 15-Sep-2026, 83.44, 83.44, 95.00, 81.59, 90.00, 89.85, 88.39, 1303153, 1151.82, 16566, 233451, 17.91
CSSL, SM, 15-Sep-2026, 91.35, 90.00, 90.50, 84.05, 85.00, 85.50, 85.79, 20000, 17.16, 20, 15000, 75.00
CTE, BE, 15-Sep-2026, 41.37, 41.50, 42.93, 39.76, 39.85, 39.96, 40.83, 2937, 1.20, 50, -, -
CUB, EQ, 15-Sep-2026, 227.32, 227.32, 231.00, 223.25, 225.00, 225.78, 228.19, 1260751, 2876.87, 31448, 491164, 38.96
CUBEINVIT, IV, 15-Sep-2026, 156.84, 156.84, 157.50, 156.15, 156.75, 156.88, 156.88, 305614, 479.43, 4000, 301481, 98.65
CUBEXTUB, EQ, 15-Sep-2026, 77.10, 76.00, 76.72, 74.80, 74.92, 75.08, 75.48, 50132, 37.84, 1649, 27522, 54.90
CUDML, SM, 15-Sep-2026, 105.00, 105.20, 105.20, 105.00, 105.00, 105.00, 105.03, 8000, 8.40, 7, 7000, 87.50
CUMMINSIND, EQ, 15-Sep-2026, 5070.00, 5070.00, 5121.50, 4874.00, 4874.00, 4874.00, 4948.42, 304824, 15083.97, 48707, 180206, 59.12
CUPID, EQ, 15-Sep-2026, 280.00, 280.55, 286.85, 279.00, 284.65, 284.40, 284.01, 10885946, 30917.16, 77919, 4541069, 41.71
CURAA, EQ, 15-Sep-2026, 79.61, 79.00, 79.00, 75.00, 75.50, 75.50, 77.80, 419, 0.33, 21, 323, 77.09
CURIS, ST, 15-Sep-2026, 198.35, 197.00, 206.00, 195.00, 195.00, 195.05, 199.00, 21000, 41.79, 19, 17000, 80.95
CURRENT, SM, 15-Sep-2026, 81.75, 81.75, 86.10, 81.75, 82.00, 82.00, 83.99, 6400, 5.38, 4, 6400, 100.00
CYBERMEDIA, BE, 15-Sep-2026, 22.69, 22.50, 23.74, 21.70, 23.49, 23.25, 22.60, 30711, 6.94, 164, -, -
CYBERTECH, BE, 15-Sep-2026, 140.53, 141.99, 146.00, 139.00, 140.00, 140.43, 142.31, 14910, 21.22, 220, -, -
CYIENT, EQ, 15-Sep-2026, 1059.40, 1076.60, 1107.20, 1065.60, 1079.00, 1078.90, 1085.06, 857646, 9305.96, 56503, 333620, 38.90
CYIENTDLM, EQ, 15-Sep-2026, 904.40, 910.00, 924.60, 874.00, 893.90, 882.70, 892.50, 468701, 4183.18, 29279, 222958, 47.57
DABUR, EQ, 15-Sep-2026, 376.00, 379.00, 390.95, 376.75, 384.90, 384.90, 386.00, 9936721, 38356.13, 57767, 6351070, 63.92
DAICHI, BE, 15-Sep-2026, 337.15, 337.05, 337.05, 322.00, 337.00, 328.60, 330.00, 2055, 6.78, 36, -, -
DALBHARAT, EQ, 15-Sep-2026, 1746.60, 1746.60, 1754.00, 1682.00, 1684.70, 1687.40, 1701.72, 56698, 964.84, 10743, 31875, 56.22
DALMIASUG, EQ, 15-Sep-2026, 417.35, 415.00, 416.55, 396.00, 397.00, 398.20, 403.63, 191352, 772.35, 8486, 96715, 50.54
DAMCAPITAL, EQ, 15-Sep-2026, 142.43, 142.98, 144.09, 138.05, 139.00, 138.93, 139.86, 215682, 301.66, 3712, 116925, 54.21
DAMODARIND, BE, 15-Sep-2026, 28.80, 28.80, 29.28, 28.00, 28.55, 28.53, 28.90, 967, 0.28, 15, -, -
DANGEE, EQ, 15-Sep-2026, 2.75, 2.75, 2.94, 2.75, 2.76, 2.78, 2.80, 85525, 2.39, 134, 78571, 91.87
DANISH, SM, 15-Sep-2026, 997.40, 989.00, 1010.00, 972.00, 975.00, 976.05, 990.63, 143400, 1420.56, 245, 130650, 91.11
DATAMATICS, EQ, 15-Sep-2026, 760.20, 764.50, 857.50, 755.50, 764.00, 766.25, 810.22, 1393528, 11290.70, 67021, 124238, 8.92
DATAPATTNS, EQ, 15-Sep-2026, 4829.20, 4829.00, 4829.00, 4306.00, 4383.00, 4358.80, 4511.02, 1100262, 49633.01, 126524, 418482, 38.03
DAVANGERE, EQ, 15-Sep-2026, 2.10, 2.27, 2.31, 2.20, 2.25, 2.24, 2.27, 38601423, 874.97, 7830, 15558020, 40.30
DBCORP, EQ, 15-Sep-2026, 190.79, 191.74, 191.74, 184.00, 184.59, 184.73, 187.29, 119959, 224.67, 4232, 79409, 66.20
DBEIL, EQ, 15-Sep-2026, 7.06, 7.10, 7.10, 6.52, 6.89, 6.79, 6.95, 205425, 14.27, 510, 131053, 63.80
DBL, EQ, 15-Sep-2026, 403.35, 405.00, 409.00, 395.60, 397.50, 399.60, 401.22, 222795, 893.90, 7466, 68671, 30.82
DBOL, EQ, 15-Sep-2026, 118.55, 117.94, 121.23, 111.00, 112.50, 113.26, 115.10, 264141, 304.03, 3326, 153645, 58.17
DBREALTY, EQ, 15-Sep-2026, 97.79, 97.80, 100.50, 95.70, 97.44, 96.96, 97.38, 1376663, 1340.58, 12181, 875983, 63.63
DBSTOCKBRO, BE, 15-Sep-2026, 27.61, 27.51, 28.79, 27.51, 27.80, 27.80, 28.46, 11001, 3.13, 41, -, -
DCAL, EQ, 15-Sep-2026, 167.25, 174.99, 177.57, 160.77, 166.00, 163.16, 170.06, 903157, 1535.92, 12188, 232441, 25.74
DCBBANK, EQ, 15-Sep-2026, 226.37, 226.23, 228.94, 220.81, 221.12, 221.89, 224.04, 845015, 1893.20, 22364, 453539, 53.67
DCCL, SM, 15-Sep-2026, 41.05, 40.10, 40.10, 40.00, 40.00, 40.00, 40.03, 6000, 2.40, 3, 6000, 100.00
DCG, SM, 15-Sep-2026, 89.10, 89.10, 93.95, 80.60, 81.10, 81.70, 86.65, 93600, 81.11, 67, 63600, 67.95
DCI, EQ, 15-Sep-2026, 271.70, 272.00, 295.00, 251.15, 269.00, 264.70, 271.66, 4004396, 10878.34, 92664, 413316, 10.32
DCM, EQ, 15-Sep-2026, 75.00, 77.25, 79.75, 75.40, 77.30, 76.42, 76.32, 18824, 14.37, 98, 16597, 88.17
DCMFINSERV, EQ, 15-Sep-2026, 5.07, 5.07, 5.45, 4.78, 5.01, 5.00, 5.10, 16937, 0.86, 88, 14896, 87.95
DCMNVL, EQ, 15-Sep-2026, 178.77, 180.00, 180.00, 172.50, 172.50, 172.60, 175.10, 11960, 20.94, 618, 7537, 63.02
DCMSHRIRAM, EQ, 15-Sep-2026, 1000.00, 996.00, 1004.00, 985.00, 985.00, 994.10, 995.17, 54350, 540.88, 8393, 31227, 57.46
DCMSIL, EQ, 15-Sep-2026, 71.04, 72.00, 73.79, 68.03, 68.50, 69.25, 70.91, 117329, 83.20, 1142, 75701, 64.52
DCMSRIND, EQ, 15-Sep-2026, 40.56, 41.10, 41.10, 38.16, 38.54, 38.56, 39.06, 241420, 94.31, 2470, 165765, 68.66
DCW, EQ, 15-Sep-2026, 46.63, 46.72, 46.84, 44.50, 44.90, 44.72, 45.31, 962522, 436.08, 5974, 511430, 53.13
DCXINDIA, EQ, 15-Sep-2026, 166.63, 167.60, 168.70, 160.00, 160.00, 161.62, 163.18, 430267, 702.09, 7962, 203429, 47.28
DDEVPLSTIK, EQ, 15-Sep-2026, 256.80, 256.70, 257.70, 250.00, 252.25, 250.65, 253.21, 77123, 195.28, 2278, 48431, 62.80
DECCANCE, EQ, 15-Sep-2026, 573.70, 581.00, 599.65, 561.55, 562.10, 566.05, 576.15, 84609, 487.48, 4877, 25222, 29.81
DECCANTRAN, SM, 15-Sep-2026, 21.75, 20.30, 20.95, 20.00, 20.95, 20.95, 20.21, 9600, 1.94, 8, 7200, 75.00
DECNGOLD, EQ, 15-Sep-2026, 229.73, 237.00, 238.40, 221.25, 224.23, 222.82, 230.58, 2417752, 5574.91, 40976, 1056766, 43.71
DEEDEV, EQ, 15-Sep-2026, 639.35, 639.35, 644.00, 607.40, 607.40, 607.40, 623.50, 225832, 1408.05, 10654, 150602, 66.69
DEEM, ST, 15-Sep-2026, 41.95, 40.50, 41.95, 40.50, 41.95, 41.95, 41.23, 2000, 0.82, 2, 2000, 100.00
DEEP, EQ, 15-Sep-2026, 46.08, 47.00, 47.77, 42.67, 46.00, 45.13, 44.68, 112049, 50.06, 1211, 59952, 53.51
DEEPA, EQ, 15-Sep-2026, 185.86, 185.87, 187.62, 165.00, 170.00, 169.14, 175.66, 3282691, 5766.36, 37690, 975905, 29.73
DEEPAKFERT, EQ, 15-Sep-2026, 1320.40, 1321.80, 1353.00, 1277.90, 1288.00, 1284.80, 1314.52, 232642, 3058.13, 18140, 113648, 48.85
DEEPAKNTR, EQ, 15-Sep-2026, 1587.80, 1588.90, 1597.90, 1556.10, 1565.00, 1561.30, 1569.38, 208902, 3278.46, 22901, 115803, 55.43
DEEPINDS, EQ, 15-Sep-2026, 774.40, 778.40, 778.40, 724.55, 730.25, 730.40, 741.67, 492116, 3649.85, 21060, 225753, 45.87
DEFENCE, EQ, 15-Sep-2026, 81.92, 83.56, 83.56, 76.50, 77.12, 76.88, 78.08, 1049090, 819.12, 4272, 536231, 51.11
DELAPLEX, SM, 15-Sep-2026, 101.50, 99.10, 101.95, 95.95, 96.00, 95.95, 98.61, 10800, 10.65, 15, 7200, 66.67
DELHIVERY, EQ, 15-Sep-2026, 439.00, 439.00, 441.85, 416.50, 420.50, 420.50, 423.26, 4661661, 19731.12, 66022, 2655724, 56.97
DELPHIFX, BE, 15-Sep-2026, 5.75, 6.00, 6.00, 5.47, 5.60, 5.54, 5.60, 120721, 6.76, 240, -, -
DELTACORP, EQ, 15-Sep-2026, 54.15, 54.14, 54.53, 52.82, 53.65, 53.79, 53.70, 983195, 527.97, 6725, 423072, 43.03
DELTAMAGNT, EQ, 15-Sep-2026, 55.87, 57.26, 57.29, 55.20, 55.55, 55.65, 55.50, 2736, 1.52, 33, 2100, 76.75
DELTIC, SM, 15-Sep-2026, 33.55, 33.20, 34.70, 33.20, 34.70, 34.25, 33.90, 6000, 2.03, 6, 4000, 66.67
DEN, EQ, 15-Sep-2026, 26.98, 26.98, 27.19, 26.51, 26.51, 26.62, 26.74, 260934, 69.78, 1109, 212235, 81.34
DENEERS, SM, 15-Sep-2026, 168.00, 168.00, 169.90, 168.00, 168.00, 168.00, 168.42, 7200, 12.13, 12, 4800, 66.67
DENORA, EQ, 15-Sep-2026, 798.45, 820.00, 820.00, 792.00, 818.00, 812.95, 807.49, 2684, 21.67, 392, 1678, 62.52
DENTA, EQ, 15-Sep-2026, 287.75, 288.10, 291.90, 273.00, 276.60, 276.30, 281.93, 83817, 236.31, 2949, 41935, 50.03
DENTALKART, SM, 15-Sep-2026, 390.00, 395.00, 404.60, 380.00, 386.00, 386.35, 393.95, 32000, 126.06, 62, 26750, 83.59
DEVIT, EQ, 15-Sep-2026, 24.18, 24.35, 24.35, 23.55, 23.63, 23.80, 23.74, 25147, 5.97, 264, 21773, 86.58
DEVX, EQ, 15-Sep-2026, 34.05, 34.08, 34.60, 33.12, 33.74, 33.30, 33.65, 51741, 17.41, 986, 28845, 55.75
DEVYANI, EQ, 15-Sep-2026, 137.97, 138.50, 139.95, 135.56, 136.32, 136.22, 136.89, 2125386, 2909.37, 35083, 1096244, 51.58
DGCONTENT, EQ, 15-Sep-2026, 24.12, 23.88, 24.66, 23.65, 23.80, 23.74, 23.78, 4109, 0.98, 122, 3807, 92.65
DHABRIYA, BE, 15-Sep-2026, 503.10, 512.00, 518.40, 494.00, 497.05, 503.70, 508.95, 5242, 26.68, 132, -, -
DHAMPURSUG, EQ, 15-Sep-2026, 163.59, 164.11, 165.00, 155.00, 156.66, 156.61, 159.05, 529298, 841.84, 10584, 260162, 49.15
DHANBANK, EQ, 15-Sep-2026, 31.15, 31.15, 31.30, 29.54, 29.88, 29.79, 30.35, 593184, 180.03, 2615, 344314, 58.05
DHANSA, SM, 15-Sep-2026, 35.75, 36.95, 36.95, 34.00, 34.00, 34.00, 34.85, 42000, 14.64, 21, 30000, 71.43
DHANUKA, EQ, 15-Sep-2026, 980.00, 977.80, 980.00, 953.00, 958.90, 956.50, 963.33, 10086, 97.16, 1388, 6403, 63.48
DHARAN, BZ, 15-Sep-2026, 0.13, 0.14, 0.14, 0.13, 0.14, 0.13, 0.14, 8283083, 11.35, 1458, -, -
DHARARAIL, ST, 15-Sep-2026, 149.00, 151.10, 155.00, 149.20, 153.45, 153.45, 151.12, 15000, 22.67, 14, 14000, 93.33
DHARIWAL, SM, 15-Sep-2026, 27.75, 26.55, 26.75, 26.40, 26.40, 26.40, 26.51, 87000, 23.06, 18, 66000, 75.86
DHARMAJ, EQ, 15-Sep-2026, 269.35, 269.50, 271.20, 264.95, 269.75, 268.25, 268.34, 39754, 106.68, 2194, 24706, 62.15
DHATRE, EQ, 15-Sep-2026, 4.31, 4.40, 4.40, 4.07, 4.34, 4.29, 4.33, 12333, 0.53, 147, 10810, 87.65
DHOOTTRANS, EQ, 15-Sep-2026, 1728.70, 1735.30, 1735.30, 1555.90, 1555.90, 1555.90, 1596.34, 1966272, 31388.48, 61069, 1071279, 54.48
DHRUV, EQ, 15-Sep-2026, 21.84, 22.00, 22.93, 21.50, 21.76, 22.14, 22.05, 3779, 0.83, 51, 3148, 83.30
DHTL, SM, 15-Sep-2026, 32.50, 30.95, 30.95, 30.90, 30.90, 30.90, 30.93, 1600, 0.49, 2, 1600, 100.00
DHUNINV, EQ, 15-Sep-2026, 995.00, 1028.00, 1028.00, 975.00, 992.00, 978.45, 988.90, 570, 5.64, 88, 490, 85.96
DIACABS, BE, 15-Sep-2026, 369.05, 381.00, 387.50, 375.00, 387.50, 387.50, 386.70, 1398719, 5408.80, 10285, -, -
DIAMINESQ, EQ, 15-Sep-2026, 258.27, 263.45, 263.45, 247.57, 248.20, 251.80, 252.15, 9661, 24.36, 354, 4933, 51.06
DIAMONDYD, EQ, 15-Sep-2026, 1108.40, 1114.50, 1150.00, 1076.30, 1150.00, 1107.40, 1097.84, 11209, 123.06, 1315, 5678, 50.66
DICIND, EQ, 15-Sep-2026, 602.10, 602.15, 628.70, 586.30, 604.00, 593.15, 613.93, 6058, 37.19, 314, 4499, 74.27
DIFFNKG, EQ, 15-Sep-2026, 449.50, 449.00, 459.25, 423.25, 425.15, 427.25, 438.60, 231431, 1015.06, 8380, 80581, 34.82
DIGIDRIVE, EQ, 15-Sep-2026, 17.15, 17.17, 17.60, 17.12, 17.57, 17.58, 17.39, 14370, 2.50, 109, 9774, 68.02
DIGIKORE, SM, 15-Sep-2026, 38.05, 38.15, 40.00, 36.10, 39.50, 39.25, 38.01, 30800, 11.71, 47, 21200, 68.83
DIGISPICE, EQ, 15-Sep-2026, 16.87, 17.68, 17.68, 16.12, 16.22, 16.33, 16.31, 161772, 26.38, 376, 113606, 70.23
DIGITIDE, EQ, 15-Sep-2026, 88.75, 89.40, 89.66, 84.10, 84.95, 85.06, 86.94, 220676, 191.86, 2462, 112141, 50.82
DIGJAMLMTD, EQ, 15-Sep-2026, 68.42, 68.79, 70.93, 65.00, 65.00, 65.00, 67.61, 123964, 83.81, 1313, 85994, 69.37
DISAQ, EQ, 15-Sep-2026, 11688.00, 11775.00, 11919.00, 11500.00, 11614.00, 11677.00, 11785.87, 295, 34.77, 233, 86, 29.15
DISHTV, EQ, 15-Sep-2026, 2.50, 2.59, 2.62, 2.57, 2.62, 2.62, 2.62, 1142262, 29.88, 770, 1025459, 89.77
DIVGIITTS, EQ, 15-Sep-2026, 1188.30, 1192.90, 1199.90, 1101.00, 1101.10, 1106.30, 1127.42, 113571, 1280.42, 10350, 53156, 46.80
DIVIDEND, EQ, 15-Sep-2026, 34.86, 35.16, 35.26, 34.67, 34.68, 34.71, 34.83, 7148, 2.49, 82, 3895, 54.49
DIVINEHIRA, ST, 15-Sep-2026, 112.40, 111.95, 111.95, 106.80, 109.00, 109.00, 108.47, 26400, 28.64, 21, 22800, 86.36
DIVISLAB, EQ, 15-Sep-2026, 9322.00, 9367.50, 9397.50, 9118.50, 9198.00, 9198.00, 9232.96, 380826, 35161.51, 79828, 265013, 69.59
DIVOPPBEES, EQ, 15-Sep-2026, 74.92, 76.12, 76.12, 74.27, 74.66, 74.40, 75.00, 63890, 47.92, 1426, 38060, 59.57
DIXON, EQ, 15-Sep-2026, 13425.00, 13490.00, 13575.00, 13093.00, 13180.00, 13180.00, 13281.28, 431603, 57322.38, 60849, 225864, 52.33
DJML, EQ, 15-Sep-2026, 82.39, 82.97, 83.59, 76.64, 77.15, 78.66, 78.75, 92791, 73.07, 2056, 25518, 27.50
DKEGL, SM, 15-Sep-2026, 69.00, 73.00, 73.00, 70.00, 70.00, 70.00, 71.50, 3000, 2.15, 2, 1500, 50.00
DLF, EQ, 15-Sep-2026, 644.50, 644.50, 647.15, 620.85, 620.85, 620.85, 630.25, 3668098, 23118.22, 57280, 1997572, 54.46
DLINKINDIA, EQ, 15-Sep-2026, 434.25, 436.00, 436.00, 414.30, 425.00, 417.05, 421.89, 110182, 464.85, 3621, 74532, 67.64
DMART, EQ, 15-Sep-2026, 3688.00, 3692.90, 3735.90, 3680.00, 3680.00, 3680.00, 3714.41, 496744, 18451.12, 35511, 314303, 63.27
DMCC, EQ, 15-Sep-2026, 287.55, 290.00, 290.00, 263.50, 265.00, 265.50, 273.76, 109990, 301.10, 3171, 62758, 57.06
DNAMEDIA, EQ, 15-Sep-2026, 2.51, 2.56, 2.66, 2.48, 2.50, 2.50, 2.53, 16001, 0.40, 115, 11673, 72.95
DODLA, EQ, 15-Sep-2026, 1090.80, 1078.10, 1094.50, 1067.10, 1088.90, 1080.30, 1082.43, 23425, 253.56, 2257, 13845, 59.10
DOLATALGO, EQ, 15-Sep-2026, 69.32, 69.82, 69.82, 68.01, 68.07, 68.25, 68.71, 126104, 86.65, 1745, 56174, 44.55
DOLLAR, EQ, 15-Sep-2026, 273.55, 276.90, 276.90, 261.05, 262.10, 262.95, 267.50, 46906, 125.48, 1813, 26725, 56.98
DOLLEX, EQ, 15-Sep-2026, 38.45, 39.00, 39.00, 37.00, 37.10, 37.40, 37.90, 53119, 20.13, 417, 46385, 87.32
DOLPHIN, EQ, 15-Sep-2026, 649.00, 663.00, 685.00, 644.10, 655.00, 651.05, 665.27, 52528, 349.45, 3023, 22429, 42.70
DOMS, EQ, 15-Sep-2026, 2121.00, 2125.10, 2143.80, 2103.00, 2103.00, 2120.40, 2120.24, 19480, 413.02, 4047, 9059, 46.50
DONEAR, EQ, 15-Sep-2026, 85.03, 85.03, 85.03, 82.26, 82.40, 82.46, 83.38, 15977, 13.32, 382, 13346, 83.53
DPABHUSHAN, EQ, 15-Sep-2026, 1340.60, 1344.80, 1359.90, 1330.00, 1333.30, 1337.50, 1342.50, 18910, 253.87, 1230, 10154, 53.70
DPEL, SM, 15-Sep-2026, 634.95, 640.05, 648.90, 628.00, 628.00, 629.00, 636.41, 52000, 330.93, 77, 33500, 64.42
DPSCLTD, BE, 15-Sep-2026, 7.14, 7.24, 7.28, 7.02, 7.18, 7.05, 7.15, 71833, 5.14, 481, -, -
DPWIRES, BE, 15-Sep-2026, 150.33, 149.94, 149.94, 145.00, 146.00, 145.39, 147.15, 8284, 12.19, 237, -, -
DRAGARWQ, EQ, 15-Sep-2026, 5306.50, 5311.00, 5420.00, 5105.50, 5155.00, 5137.00, 5203.44, 1747, 90.90, 549, 1257, 71.95
DRCSYSTEMS, EQ, 15-Sep-2026, 12.92, 13.11, 13.11, 12.72, 12.89, 12.75, 12.86, 32134, 4.13, 248, 23584, 73.39
DREAMFOLKS, EQ, 15-Sep-2026, 66.12, 65.69, 69.25, 65.50, 65.50, 66.76, 67.33, 74003, 49.83, 1213, 46797, 63.24
DREDGECORP, EQ, 15-Sep-2026, 1039.70, 1047.00, 1047.00, 985.10, 998.80, 994.00, 1004.26, 75067, 753.87, 6019, 36549, 48.69
DRONE, SM, 15-Sep-2026, 33.50, 33.90, 34.30, 31.70, 32.30, 32.30, 32.63, 41500, 13.54, 74, 26500, 63.86
DRREDDY, EQ, 15-Sep-2026, 1165.50, 1163.70, 1168.50, 1141.00, 1145.00, 1145.00, 1155.51, 1810974, 20925.90, 61378, 984566, 54.37
DSFCL, BE, 15-Sep-2026, 24.73, 24.16, 25.00, 24.16, 24.56, 24.54, 24.54, 91373, 22.42, 228, -, -
DSKULKARNI, BE, 15-Sep-2026, 21.00, 21.42, 21.42, 21.42, 21.42, 21.42, 21.42, 38, 0.01, 2, -, -
DSSL, EQ, 15-Sep-2026, 1059.10, 1075.00, 1104.70, 1027.60, 1027.60, 1034.40, 1061.88, 38862, 412.67, 3273, 17822, 45.86
DTIL, BE, 15-Sep-2026, 142.91, 145.80, 145.80, 136.90, 136.90, 138.30, 140.00, 9715, 13.60, 86, -, -
DUCOL, SM, 15-Sep-2026, 127.65, 125.00, 125.00, 122.50, 122.60, 122.60, 123.74, 6400, 7.92, 7, 6400, 100.00
DUCON, EQ, 15-Sep-2026, 1.78, 1.80, 1.81, 1.52, 1.60, 1.59, 1.65, 3110461, 51.37, 1538, 2515342, 80.87
DUGLOBAL, SM, 15-Sep-2026, 23.75, 23.45, 23.45, 23.45, 23.45, 23.45, 23.45, 2500, 0.59, 1, 2500, 100.00
DURLAX, SM, 15-Sep-2026, 60.95, 61.00, 61.00, 57.25, 57.25, 57.75, 58.74, 98000, 57.56, 37, 84000, 85.71
DVL, EQ, 15-Sep-2026, 286.20, 286.20, 287.90, 281.50, 282.00, 282.70, 283.80, 13896, 39.44, 487, 10668, 76.77
DWARKESH, EQ, 15-Sep-2026, 44.74, 45.10, 45.15, 41.51, 41.86, 41.72, 42.81, 3030956, 1297.49, 11661, 1369133, 45.17
DYCL, EQ, 15-Sep-2026, 455.45, 459.00, 459.75, 430.20, 435.00, 432.60, 439.84, 406393, 1787.47, 13523, 213648, 52.57
DYNAMATECH, EQ, 15-Sep-2026, 12097.00, 12201.00, 12277.00, 11925.00, 12199.00, 12071.00, 12104.90, 22745, 2753.26, 8702, 10334, 45.43
DYNAMIC, ST, 15-Sep-2026, 139.90, 134.10, 138.20, 133.35, 136.35, 135.10, 135.17, 2500, 3.38, 5, 1500, 60.00
DYNPRO, EQ, 15-Sep-2026, 232.18, 232.18, 234.90, 226.91, 229.20, 227.94, 229.83, 20261, 46.57, 768, 12550, 61.94
E2E, BE, 15-Sep-2026, 610.35, 593.80, 610.35, 579.85, 579.85, 579.85, 584.32, 635870, 3715.52, 14576, -, -
E2ERAIL, SM, 15-Sep-2026, 351.85, 364.90, 383.95, 350.50, 375.00, 378.40, 370.13, 315200, 1166.66, 275, 134400, 42.64
EASEMYTRIP, EQ, 15-Sep-2026, 5.83, 5.83, 5.93, 5.77, 5.78, 5.78, 5.84, 14324287, 837.05, 9669, 5093395, 35.56
EASTSILK, BE, 15-Sep-2026, 64.00, 64.00, 64.00, 62.00, 63.50, 63.50, 63.49, 2246, 1.43, 20, -, -
EASTWEST, EQ, 15-Sep-2026, 2.36, 2.38, 2.38, 2.30, 2.30, 2.30, 2.32, 21580, 0.50, 115, 12841, 59.50
EBANK10, EQ, 15-Sep-2026, 16.45, 16.56, 16.56, 16.26, 16.26, 16.26, 16.43, 260, 0.04, 16, 162, 62.31
EBANKNIFTY, EQ, 15-Sep-2026, 56.94, 56.94, 57.29, 56.39, 56.49, 56.49, 56.67, 1851, 1.05, 41, 1842, 99.51
EBBETF0430, EQ, 15-Sep-2026, 1608.01, 1614.90, 1614.90, 1600.00, 1603.30, 1603.74, 1603.47, 9077, 145.55, 648, 6170, 67.97
EBBETF0431, EQ, 15-Sep-2026, 1432.97, 1432.00, 1439.82, 1420.61, 1425.36, 1425.49, 1425.71, 8761, 124.91, 187, 7716, 88.07
EBBETF0433, EQ, 15-Sep-2026, 1308.54, 1307.01, 1312.52, 1304.01, 1307.00, 1305.80, 1308.96, 3976, 52.04, 153, 2589, 65.12
EBGNG, EQ, 15-Sep-2026, 679.65, 690.00, 712.00, 666.10, 673.00, 671.45, 688.41, 1306597, 8994.73, 49643, 343225, 26.27
EBIX, BE, 15-Sep-2026, 19.99, 19.99, 20.39, 19.00, 19.30, 19.30, 19.62, 15398, 3.02, 100, -, -
ECAPINSURE, EQ, 15-Sep-2026, 23.35, 23.64, 23.65, 22.88, 23.00, 22.95, 23.04, 164338, 37.86, 561, 110356, 67.15
ECLERX, EQ, 15-Sep-2026, 1899.60, 1890.80, 1968.80, 1885.00, 1895.00, 1894.80, 1923.59, 202420, 3893.73, 30193, 77288, 38.18
ECOLINE, ST, 15-Sep-2026, 167.50, 166.00, 175.85, 166.00, 173.00, 173.00, 173.53, 18000, 31.24, 18, 13000, 72.22
ECORECO, EQ, 15-Sep-2026, 435.50, 444.00, 444.00, 424.00, 424.00, 427.40, 430.35, 6437, 27.70, 747, 4535, 70.45
ECOSMOBLTY, EQ, 15-Sep-2026, 111.68, 112.47, 112.91, 106.00, 106.99, 107.47, 108.60, 96779, 105.10, 1875, 53631, 55.42
EDELWEISS, EQ, 15-Sep-2026, 132.43, 133.00, 133.14, 125.10, 127.95, 127.40, 129.30, 9385808, 12136.24, 108001, 4099505, 43.68
EDUCOMP, BZ, 15-Sep-2026, 0.91, 0.91, 0.95, 0.87, 0.87, 0.90, 0.89, 48559, 0.43, 121, -, -
EEPL, ST, 15-Sep-2026, 133.05, 128.15, 133.15, 128.00, 130.00, 129.95, 129.33, 11000, 14.23, 11, 9000, 81.82
EFACTOR, SM, 15-Sep-2026, 166.00, 166.00, 169.00, 155.55, 160.00, 160.00, 162.69, 9200, 14.97, 21, 6400, 69.57
EFCIL, EQ, 15-Sep-2026, 185.18, 185.85, 187.78, 180.45, 182.99, 182.64, 182.65, 171436, 313.12, 5100, 90534, 52.81
EFFWA, SM, 15-Sep-2026, 374.95, 374.95, 380.00, 350.05, 357.00, 357.05, 363.72, 30000, 109.12, 55, 17600, 58.67
EFORCE, SM, 15-Sep-2026, 19.50, 19.50, 20.10, 19.00, 19.00, 19.00, 19.53, 4800, 0.94, 4, 4800, 100.00
EGOLD, EQ, 15-Sep-2026, 151.05, 150.80, 150.80, 147.55, 149.00, 149.65, 149.78, 53334, 79.88, 801, 38406, 72.01
EICHERMOT, EQ, 15-Sep-2026, 7530.00, 7567.50, 7570.50, 7440.00, 7452.50, 7452.50, 7484.28, 353472, 26454.83, 45085, 198460, 56.15
EIDPARRY, EQ, 15-Sep-2026, 721.05, 721.00, 721.00, 700.05, 702.30, 702.75, 706.36, 339905, 2400.96, 24768, 198477, 58.39
EIEL, EQ, 15-Sep-2026, 207.11, 207.11, 208.25, 196.00, 197.99, 196.91, 200.66, 875481, 1756.76, 15031, 398406, 45.51
EIFFL, BE, 15-Sep-2026, 281.20, 275.60, 275.60, 275.60, 275.60, 275.60, 275.60, 45, 0.12, 6, -, -
EIHAHOTELS, EQ, 15-Sep-2026, 287.45, 289.40, 292.05, 280.10, 281.90, 281.30, 283.57, 20478, 58.07, 1771, 12072, 58.95
EIHOTEL, EQ, 15-Sep-2026, 286.45, 286.55, 287.90, 280.30, 283.50, 283.80, 283.37, 203168, 575.72, 8926, 118583, 58.37
EIMCOELECO, EQ, 15-Sep-2026, 2325.50, 2325.50, 2348.80, 2233.00, 2247.00, 2242.20, 2268.95, 26475, 600.71, 3435, 14587, 55.10
EKC, EQ, 15-Sep-2026, 101.80, 101.80, 102.39, 98.10, 98.84, 98.80, 99.97, 215796, 215.73, 2442, 129018, 59.79
EKI, EQ, 15-Sep-2026, 69.28, 69.00, 73.98, 69.00, 69.00, 69.50, 70.42, 11049, 7.78, 422, 7913, 71.62
ELANTAS, EQ, 15-Sep-2026, 14513.00, 14890.00, 14890.00, 13125.00, 13503.00, 13481.00, 13790.65, 9233, 1273.29, 4194, 3091, 33.48
ELCIDIN, EQ, 15-Sep-2026, 106850.00, 105035.00, 105500.00, 102210.00, 102210.00, 102210.00, 104804.09, 11, 11.53, 11, 8, 72.73
ELDEHSG, EQ, 15-Sep-2026, 783.50, 799.80, 815.80, 775.00, 775.00, 780.30, 789.85, 1007, 7.95, 123, 645, 64.05
ELECON, EQ, 15-Sep-2026, 422.10, 422.60, 423.45, 412.20, 413.05, 413.50, 417.14, 171029, 713.42, 9074, 85968, 50.27
ELECTCAST, EQ, 15-Sep-2026, 77.62, 77.50, 78.20, 74.66, 75.45, 75.23, 75.75, 1365788, 1034.52, 12246, 721866, 52.85
ELECTHERM, EQ, 15-Sep-2026, 956.30, 956.30, 988.30, 926.50, 943.30, 945.35, 970.03, 16105, 156.22, 841, 8885, 55.17
ELGIEQUIP, EQ, 15-Sep-2026, 617.70, 627.55, 641.40, 606.80, 611.00, 612.05, 626.05, 626303, 3920.95, 45285, 308067, 49.19
ELGIRUBCO, EQ, 15-Sep-2026, 58.48, 59.70, 59.70, 55.41, 55.52, 55.83, 57.07, 47619, 27.18, 746, 32873, 69.03
ELGNZ, SM, 15-Sep-2026, 85.35, 84.25, 85.00, 82.50, 84.80, 84.30, 83.68, 13000, 10.88, 13, 8000, 61.54
ELIN, EQ, 15-Sep-2026, 90.96, 91.41, 92.49, 86.02, 86.95, 87.15, 89.24, 169405, 151.17, 2645, 107449, 63.43
ELIQUID, EQ, 15-Sep-2026, 1047.59, 1047.74, 1047.74, 1047.72, 1047.72, 1047.72, 1047.72, 26313, 275.69, 25, 22620, 85.97
ELITECON, EQ, 15-Sep-2026, 8.18, 8.48, 8.58, 8.36, 8.58, 8.57, 8.57, 12249273, 1049.59, 10533, 9266366, 75.65
ELLEN, EQ, 15-Sep-2026, 380.20, 382.05, 382.45, 351.10, 366.50, 355.10, 362.22, 1197962, 4339.31, 31081, 526185, 43.92
ELM250, EQ, 15-Sep-2026, 16.31, 16.42, 16.45, 15.80, 16.00, 16.00, 16.15, 178808, 28.88, 468, 134955, 75.47
ELMDIV, EQ, 15-Sep-2026, 36.26, 36.00, 36.50, 35.21, 36.50, 36.40, 35.64, 1456, 0.52, 28, 1456, 100.00
ELPROINTL, EQ, 15-Sep-2026, 173.24, 173.50, 174.89, 171.90, 172.50, 172.85, 173.02, 17260, 29.86, 202, 16017, 92.80
EMAMILTD, EQ, 15-Sep-2026, 363.80, 374.00, 382.65, 371.20, 373.70, 373.70, 377.91, 2883728, 10897.89, 57777, 911343, 31.60
EMAMIPAP, BE, 15-Sep-2026, 116.00, 116.05, 117.80, 113.00, 113.00, 113.00, 114.25, 25983, 29.69, 236, -, -
EMAMIREAL, EQ, 15-Sep-2026, 69.80, 68.10, 69.90, 67.05, 68.00, 67.45, 68.20, 5992, 4.09, 96, 4297, 71.71
EMAPARTNER, SM, 15-Sep-2026, 82.70, 83.90, 83.90, 79.10, 79.10, 79.10, 80.42, 15000, 12.06, 11, 13000, 86.67
EMBASSY, RR, 15-Sep-2026, 439.07, 435.51, 440.00, 435.51, 439.54, 439.48, 437.97, 489706, 2144.75, 31308, 399974, 81.68
EMBDL, EQ, 15-Sep-2026, 55.28, 55.32, 56.38, 53.90, 55.35, 55.01, 55.25, 3033004, 1675.72, 8995, 1381966, 45.56
EMCURE, EQ, 15-Sep-2026, 1978.90, 1977.00, 2014.30, 1974.00, 2005.00, 1993.00, 1997.74, 239137, 4777.34, 29588, 122057, 51.04
EMETAL, EQ, 15-Sep-2026, 13.06, 13.35, 13.35, 12.70, 12.78, 12.74, 12.85, 14974, 1.92, 89, 13488, 90.08
EMIL, EQ, 15-Sep-2026, 188.38, 190.49, 191.82, 183.50, 185.00, 185.06, 185.84, 1398144, 2598.36, 31940, 624110, 44.64
EMKAY, EQ, 15-Sep-2026, 250.90, 254.00, 254.45, 240.00, 243.00, 241.45, 245.15, 26566, 65.13, 807, 19107, 71.92
EMKAYTOOLS, SM, 15-Sep-2026, 94.50, 94.50, 94.80, 92.80, 94.80, 94.75, 94.35, 1200, 1.13, 7, 1050, 87.50
EMMBI, BE, 15-Sep-2026, 88.95, 90.99, 92.85, 88.00, 91.40, 90.39, 90.74, 4997, 4.53, 77, -, -
EMMIL, SM, 15-Sep-2026, 119.95, 120.00, 120.00, 117.50, 118.90, 118.90, 119.15, 2250, 2.68, 6, 2250, 100.00
EMMVEE, EQ, 15-Sep-2026, 346.00, 346.00, 349.70, 322.45, 329.60, 328.55, 336.12, 2890305, 9714.76, 64058, 1326893, 45.91
EMPIND, EQ, 15-Sep-2026, 1054.00, 1049.00, 1056.00, 1020.10, 1045.00, 1038.30, 1038.92, 3778, 39.25, 498, 2177, 57.62
EMPOWER, EQ, 15-Sep-2026, 2.28, 2.34, 2.39, 2.32, 2.39, 2.38, 2.38, 20036776, 476.00, 4522, 10701379, 53.41
EMSLIMITED, EQ, 15-Sep-2026, 383.10, 387.00, 387.00, 371.05, 373.00, 373.95, 376.81, 200788, 756.60, 5350, 85224, 42.44
EMUDHRA, EQ, 15-Sep-2026, 494.05, 535.00, 592.85, 531.00, 592.85, 592.85, 583.15, 1550701, 9042.87, 27013, 509804, 32.88
EMULTIMQ, EQ, 15-Sep-2026, 41.85, 42.05, 42.05, 40.35, 40.70, 40.58, 40.93, 40554, 16.60, 553, 35019, 86.35
ENCOMPAS, SM, 15-Sep-2026, 259.50, 258.00, 260.25, 258.00, 260.25, 260.25, 259.13, 800, 2.07, 2, 800, 100.00
ENDURANCE, EQ, 15-Sep-2026, 2692.60, 2692.60, 2710.00, 2609.80, 2629.00, 2614.60, 2655.10, 45517, 1208.52, 9234, 23280, 51.15
ENERGY, EQ, 15-Sep-2026, 38.30, 37.34, 39.00, 37.34, 37.51, 37.40, 37.68, 440593, 166.00, 2214, 278868, 63.29
ENERGYAXIS, EQ, 15-Sep-2026, 19.06, 19.25, 19.99, 18.63, 19.80, 19.78, 19.06, 24801, 4.73, 125, 22147, 89.30
ENERGYDEV, EQ, 15-Sep-2026, 14.92, 14.72, 15.50, 14.14, 14.20, 14.27, 14.49, 50557, 7.33, 461, 32831, 64.94
ENEXT50, EQ, 15-Sep-2026, 72.21, 72.37, 72.57, 70.00, 70.00, 70.00, 70.87, 952, 0.67, 31, 556, 58.40
ENFUSE, SM, 15-Sep-2026, 158.00, 148.00, 148.00, 145.00, 145.00, 146.50, 146.50, 1200, 1.76, 2, 1200, 100.00
ENGINERSIN, EQ, 15-Sep-2026, 268.95, 270.00, 273.00, 261.60, 262.40, 262.45, 265.46, 2408462, 6393.47, 59518, 1054794, 43.80
ENIFTY, EQ, 15-Sep-2026, 23.63, 24.22, 24.22, 23.03, 23.44, 23.43, 23.51, 7916, 1.86, 81, 7900, 99.80
ENIL, EQ, 15-Sep-2026, 101.24, 103.80, 103.80, 99.61, 101.00, 100.40, 100.52, 9593, 9.64, 337, 7342, 76.53
ENKEIWHEL, EQ, 15-Sep-2026, 399.00, 412.95, 413.00, 394.60, 397.00, 398.55, 403.88, 2736, 11.05, 174, 2047, 74.82
ENRIN, EQ, 15-Sep-2026, 3181.30, 3200.00, 3200.00, 3010.00, 3011.00, 3028.70, 3086.77, 304976, 9413.91, 44977, 167523, 54.93
ENSER, SM, 15-Sep-2026, 15.15, 14.05, 14.05, 14.05, 14.05, 14.05, 14.05, 10000, 1.41, 2, 10000, 100.00
ENTERO, EQ, 15-Sep-2026, 1815.40, 1812.00, 1825.40, 1730.00, 1800.00, 1802.10, 1772.70, 144363, 2559.13, 18679, 75791, 52.50
ENVIRO, SM, 15-Sep-2026, 68.25, 70.50, 73.40, 60.00, 68.85, 69.70, 68.70, 114000, 78.32, 47, 96000, 84.21
EPACK, EQ, 15-Sep-2026, 185.15, 185.49, 186.79, 176.72, 178.00, 177.70, 180.99, 422360, 764.42, 8220, 180844, 42.82
EPACKPEB, EQ, 15-Sep-2026, 240.44, 244.05, 245.65, 215.46, 222.80, 221.26, 228.72, 705316, 1613.18, 14104, 292326, 41.45
EPIGRAL, EQ, 15-Sep-2026, 1131.10, 1134.80, 1136.60, 1076.70, 1082.60, 1092.20, 1093.87, 49513, 541.61, 4331, 29869, 60.33
EPL, EQ, 15-Sep-2026, 239.30, 240.65, 240.80, 234.50, 235.05, 235.90, 236.74, 1961583, 4643.94, 38667, 1053018, 53.68
EPWINDIA, ST, 15-Sep-2026, 255.00, 255.00, 255.00, 242.25, 242.25, 242.25, 244.03, 12000, 29.28, 10, 9600, 80.00
EQUAL200, EQ, 15-Sep-2026, 13.59, 13.59, 13.59, 13.33, 13.33, 13.33, 13.41, 30673, 4.11, 142, 18940, 61.75
EQUAL50, EQ, 15-Sep-2026, 324.09, 324.99, 324.99, 319.56, 319.56, 320.43, 321.66, 1653, 5.32, 46, 818, 49.49
EQUAL50ADD, EQ, 15-Sep-2026, 334.19, 335.86, 337.00, 330.00, 332.27, 330.63, 332.23, 78106, 259.49, 614, 66912, 85.67
EQUIPPP, BE, 15-Sep-2026, 22.57, 22.54, 23.50, 22.05, 23.40, 23.40, 23.41, 21347, 5.00, 22, -, -
EQUITASBNK, EQ, 15-Sep-2026, 73.15, 73.04, 73.55, 71.05, 71.35, 71.35, 72.03, 1749775, 1260.40, 19891, 1022844, 58.46
ERIS, EQ, 15-Sep-2026, 1355.50, 1355.50, 1359.90, 1300.60, 1305.00, 1310.10, 1334.52, 44182, 589.62, 6476, 22949, 51.94
ESABINDIA, EQ, 15-Sep-2026, 5884.00, 5860.00, 5886.50, 5736.50, 5741.00, 5751.00, 5773.26, 5649, 326.13, 1618, 3431, 60.74
ESAFSFB, BE, 15-Sep-2026, 39.61, 39.01, 40.10, 38.40, 38.85, 38.98, 39.16, 435491, 170.54, 1647, -, -
ESCONET, ST, 15-Sep-2026, 249.50, 238.05, 239.00, 237.05, 237.05, 237.05, 237.49, 11600, 27.55, 26, 9600, 82.76
ESCORTS, EQ, 15-Sep-2026, 2899.70, 2895.00, 2899.60, 2822.20, 2830.00, 2835.80, 2844.91, 49945, 1420.89, 11152, 24512, 49.08
ESDS, EQ, 15-Sep-2026, 1740.40, 1800.00, 1827.40, 1681.00, 1827.40, 1824.70, 1760.14, 6742443, 118676.23, 315746, 1132421, 16.80
ESENSEX, EQ, 15-Sep-2026, 75.52, 76.58, 76.58, 74.69, 75.40, 75.40, 74.92, 149, 0.11, 19, 106, 71.14
ESFL, SM, 15-Sep-2026, 119.95, 122.05, 122.20, 117.00, 121.65, 120.55, 120.10, 21600, 25.94, 34, 18360, 85.00
ESG, EQ, 15-Sep-2026, 40.18, 40.38, 40.44, 39.72, 39.74, 39.72, 39.89, 17564, 7.01, 130, 12329, 70.19
ESILVER, EQ, 15-Sep-2026, 226.52, 225.50, 227.16, 223.30, 225.00, 224.00, 224.90, 23787, 53.50, 4751, 7585, 31.89
ESPRIT, SM, 15-Sep-2026, 63.00, 62.00, 62.00, 62.00, 62.00, 62.00, 62.00, 1600, 0.99, 1, 1600, 100.00
ESSARSHPNG, EQ, 15-Sep-2026, 16.31, 16.31, 17.15, 15.61, 15.79, 15.76, 16.14, 184779, 29.83, 905, 135042, 73.08
ESSENTIA, EQ, 15-Sep-2026, 1.06, 1.06, 1.07, 1.04, 1.04, 1.04, 1.05, 1407735, 14.84, 847, 1134505, 80.59
ESTER, EQ, 15-Sep-2026, 89.89, 90.53, 93.85, 86.20, 86.70, 87.03, 87.94, 59979, 52.75, 1196, 37622, 62.73
ETERNAL, EQ, 15-Sep-2026, 323.50, 327.50, 327.95, 314.65, 315.25, 315.25, 319.51, 12538697, 40062.92, 99234, 5944993, 47.41
ETHOSLTD, EQ, 15-Sep-2026, 2635.40, 2646.00, 2660.00, 2567.50, 2590.00, 2574.10, 2598.56, 26476, 688.00, 9216, 11976, 45.23
ETML, SM, 15-Sep-2026, 80.75, 84.00, 85.00, 80.05, 80.05, 80.05, 82.25, 12000, 9.87, 9, 8400, 70.00
EUREKAFORB, EQ, 15-Sep-2026, 394.15, 394.25, 405.40, 389.55, 394.00, 394.30, 396.11, 97508, 386.23, 8665, 40401, 41.43
EUROBOND, EQ, 15-Sep-2026, 150.46, 146.21, 149.99, 146.00, 147.00, 146.98, 147.39, 2050, 3.02, 87, 1649, 80.44
EUROPRATIK, EQ, 15-Sep-2026, 245.70, 249.40, 250.05, 238.00, 239.00, 240.50, 241.28, 231445, 558.42, 2954, 25115, 10.85
EUROTEXIND, BE, 15-Sep-2026, 13.20, 13.10, 13.10, 12.60, 12.60, 12.60, 12.95, 713, 0.09, 9, -, -
EVEREADY, EQ, 15-Sep-2026, 363.00, 362.95, 362.95, 329.60, 335.00, 336.75, 341.52, 204803, 699.45, 5427, 85920, 41.95
EVERESTIND, BE, 15-Sep-2026, 408.00, 409.85, 409.90, 398.00, 402.95, 399.00, 401.00, 9599, 38.49, 123, -, -
EVIETF, EQ, 15-Sep-2026, 31.97, 32.76, 32.76, 31.13, 31.38, 31.35, 31.83, 138619, 44.13, 1242, 77543, 55.94
EVINDIA, EQ, 15-Sep-2026, 31.99, 32.78, 32.78, 31.41, 31.41, 31.50, 31.83, 246999, 78.62, 3272, 146654, 59.37
EXCELINDUS, EQ, 15-Sep-2026, 980.80, 990.60, 1002.90, 959.80, 965.60, 965.70, 975.40, 12066, 117.69, 1297, 6220, 51.55
EXCELSOFT, EQ, 15-Sep-2026, 81.03, 81.05, 84.70, 76.15, 77.75, 77.63, 81.01, 2340141, 1895.74, 18670, 568541, 24.30
EXICOM, EQ, 15-Sep-2026, 182.28, 183.20, 184.34, 167.00, 169.80, 168.43, 174.11, 1644397, 2863.01, 21457, 751262, 45.69
EXIDEIND, EQ, 15-Sep-2026, 412.65, 412.65, 417.95, 405.10, 407.50, 409.20, 413.50, 1537472, 6357.41, 45216, 702818, 45.71
EXIMROUTES, SM, 15-Sep-2026, 106.90, 104.00, 104.00, 104.00, 104.00, 104.00, 104.00, 92800, 96.51, 1, 92800, 100.00
EXPLEOSOL, EQ, 15-Sep-2026, 889.50, 891.00, 914.00, 860.00, 868.00, 862.60, 884.38, 33126, 292.96, 3344, 14093, 42.54
EXXARO, EQ, 15-Sep-2026, 6.38, 6.38, 6.48, 6.20, 6.45, 6.35, 6.32, 241706, 15.27, 577, 201079, 83.19
FABTECH, EQ, 15-Sep-2026, 147.02, 148.07, 148.60, 145.21, 145.75, 146.30, 146.79, 95273, 139.85, 821, 71472, 75.02
FACT, EQ, 15-Sep-2026, 779.60, 780.15, 785.15, 751.40, 755.00, 754.55, 765.42, 118792, 909.26, 8157, 40946, 34.47
FAIRCHEMOR, BE, 15-Sep-2026, 623.95, 639.90, 639.90, 605.00, 605.00, 608.85, 611.35, 5990, 36.62, 399, -, -
FALCONTECH, SM, 15-Sep-2026, 12.90, 12.90, 12.90, 12.90, 12.90, 12.90, 12.90, 1200, 0.15, 1, 1200, 100.00
FASCINATE, SM, 15-Sep-2026, 53.15, 51.35, 52.60, 50.50, 50.50, 50.50, 51.35, 71200, 36.56, 72, 64800, 91.01
FAZE3Q, EQ, 15-Sep-2026, 489.45, 489.45, 491.45, 465.00, 471.00, 467.85, 473.71, 16501, 78.17, 1192, 9448, 57.26
FCL, EQ, 15-Sep-2026, 57.72, 58.00, 58.39, 52.25, 53.82, 53.88, 54.18, 29470137, 15966.13, 95559, 9020891, 30.61
FCSSOFT, EQ, 15-Sep-2026, 1.44, 1.46, 1.47, 1.42, 1.43, 1.42, 1.44, 1322981, 19.08, 1545, 848722, 64.15
FDC, EQ, 15-Sep-2026, 341.45, 340.00, 354.85, 339.75, 349.65, 349.70, 349.79, 470213, 1644.74, 13560, 175873, 37.40
FEDDERSHOL, EQ, 15-Sep-2026, 48.51, 49.65, 49.90, 49.01, 49.11, 49.14, 49.37, 1540025, 760.26, 5603, 356687, 23.16
FEDERALBNK, EQ, 15-Sep-2026, 344.50, 344.45, 344.50, 339.45, 343.00, 343.00, 341.77, 3090047, 10560.91, 50376, 1846260, 59.75
FEDFINA, EQ, 15-Sep-2026, 158.53, 158.60, 160.04, 152.82, 153.30, 153.51, 155.49, 598566, 930.73, 10400, 310490, 51.87
FEL, BZ, 15-Sep-2026, 0.37, 0.38, 0.38, 0.37, 0.37, 0.37, 0.37, 226699, 0.85, 132, -, -
FELDVR, BZ, 15-Sep-2026, 2.12, 2.08, 2.11, 2.02, 2.05, 2.05, 2.06, 7080, 0.15, 25, -, -
FELIX, SM, 15-Sep-2026, 216.30, 215.95, 223.50, 198.10, 206.00, 211.35, 206.22, 166000, 342.32, 215, 94000, 56.63
FERMENTA, EQ, 15-Sep-2026, 474.65, 478.00, 479.00, 468.00, 473.00, 471.00, 472.89, 59767, 282.63, 5076, 40328, 67.48
FIBERWEB, EQ, 15-Sep-2026, 27.10, 27.10, 27.98, 25.56, 25.62, 25.63, 26.15, 17411, 4.55, 312, 12784, 73.42
FIDEL, SM, 15-Sep-2026, 154.00, 154.00, 158.00, 153.95, 158.00, 158.00, 155.14, 7000, 10.86, 6, 6000, 85.71
FIEMIND, EQ, 15-Sep-2026, 2009.50, 2013.90, 2020.00, 1931.00, 1940.00, 1938.10, 1966.59, 61058, 1200.76, 11113, 37180, 60.89
FILATEX, EQ, 15-Sep-2026, 87.41, 89.50, 91.30, 80.05, 80.69, 82.41, 86.13, 8356838, 7198.15, 40662, 2290940, 27.41
FILATFASH, EQ, 15-Sep-2026, 0.18, 0.18, 0.19, 0.18, 0.19, 0.18, 0.18, 17462471, 31.69, 1930, 14665065, 83.98
FINBUD, SM, 15-Sep-2026, 128.55, 129.85, 130.80, 125.10, 125.10, 126.95, 128.53, 30000, 38.56, 29, 22000, 73.33
FINCABLES, EQ, 15-Sep-2026, 1424.00, 1420.00, 1421.60, 1326.40, 1340.50, 1339.90, 1367.65, 1266116, 17316.09, 63170, 468850, 37.03
FINEORG, EQ, 15-Sep-2026, 5167.50, 5160.50, 5167.50, 5081.00, 5167.50, 5153.50, 5138.16, 18010, 925.38, 5665, 12483, 69.31
FINIETF, EQ, 15-Sep-2026, 32.40, 33.21, 33.21, 31.58, 31.72, 31.64, 31.84, 463798, 147.69, 2766, 255328, 55.05
FINKURVE, EQ, 15-Sep-2026, 72.49, 75.00, 76.83, 70.30, 72.10, 72.68, 74.56, 389220, 290.20, 6021, 124428, 31.97
FINOPB, EQ, 15-Sep-2026, 139.83, 141.00, 141.96, 137.03, 138.00, 137.73, 138.18, 136375, 188.44, 1922, 70196, 51.47
FINPIPE, EQ, 15-Sep-2026, 153.45, 153.67, 154.43, 150.51, 151.20, 151.33, 151.59, 428132, 649.00, 20054, 232686, 54.35
FIRSTCRY, EQ, 15-Sep-2026, 168.83, 170.00, 189.75, 167.01, 168.40, 171.53, 178.57, 53340405, 95248.04, 462473, 3306214, 6.20
FISCHER, EQ, 15-Sep-2026, 35.87, 35.95, 35.98, 33.70, 34.88, 34.02, 34.71, 300708, 104.37, 1880, 180404, 59.99
FIVESTAR, EQ, 15-Sep-2026, 551.05, 558.00, 558.00, 536.35, 542.55, 541.95, 546.18, 513721, 2805.83, 37495, 218081, 42.45
FLAIR, EQ, 15-Sep-2026, 236.08, 238.20, 244.65, 232.02, 232.85, 233.73, 235.65, 69539, 163.87, 1906, 38491, 55.35
FLEXIADD, EQ, 15-Sep-2026, 9.77, 9.91, 9.99, 9.65, 9.72, 9.67, 9.73, 585333, 56.98, 804, 318255, 54.37
FLEXITUFF, BE, 15-Sep-2026, 2.14, 2.18, 2.24, 2.14, 2.24, 2.24, 2.23, 78787, 1.75, 112, -, -
FLFL, BZ, 15-Sep-2026, 1.16, 1.21, 1.21, 1.15, 1.15, 1.15, 1.16, 40091, 0.47, 85, -, -
FLUOROCHEM, EQ, 15-Sep-2026, 4773.20, 4819.90, 4830.00, 4557.90, 4572.00, 4601.30, 4629.55, 130548, 6043.78, 32952, 72491, 55.53
FLYSBS, SM, 15-Sep-2026, 702.65, 707.00, 719.95, 643.40, 650.00, 650.95, 680.56, 101200, 688.73, 374, 70000, 69.17
FMCGADD, EQ, 15-Sep-2026, 45.52, 45.74, 46.98, 45.25, 45.42, 45.65, 45.47, 31238, 14.20, 222, 11703, 37.46
FMCGIETF, EQ, 15-Sep-2026, 48.60, 49.81, 49.81, 48.41, 48.62, 48.49, 48.73, 1575053, 767.59, 5177, 960769, 61.00
FMGOETZE, EQ, 15-Sep-2026, 461.00, 466.25, 466.40, 441.00, 446.80, 445.65, 448.82, 274593, 1232.43, 9760, 104245, 37.96
FMNL, EQ, 15-Sep-2026, 9.43, 9.65, 9.65, 8.97, 9.18, 9.09, 9.06, 45720, 4.14, 145, 41614, 91.02
FOCUS, BE, 15-Sep-2026, 61.84, 61.68, 62.00, 60.13, 60.87, 60.87, 61.13, 13306, 8.13, 153, -, -
FONEBOX, SM, 15-Sep-2026, 125.00, 131.25, 131.25, 131.25, 131.25, 131.25, 131.25, 25000, 32.81, 16, 25000, 100.00
FOODSIN, EQ, 15-Sep-2026, 55.23, 55.23, 55.23, 53.02, 53.50, 53.49, 54.37, 50438, 27.42, 1069, 34197, 67.80
FORCAS, ST, 15-Sep-2026, 216.70, 214.90, 214.90, 205.90, 205.90, 205.90, 208.25, 16000, 33.32, 8, 16000, 100.00
FORCEMOT, EQ, 15-Sep-2026, 17705.00, 17710.00, 17785.00, 17200.00, 17245.00, 17245.00, 17435.53, 68042, 11863.48, 19695, 34607, 50.86
FORGEAUTO, SM, 15-Sep-2026, 100.70, 101.00, 101.00, 100.95, 100.95, 100.95, 100.96, 7200, 7.27, 2, 7200, 100.00
FORTIS, EQ, 15-Sep-2026, 887.80, 894.00, 896.55, 875.20, 880.10, 880.10, 887.25, 842800, 7477.72, 21044, 471977, 56.00
FOSECOIND, EQ, 15-Sep-2026, 6194.50, 6277.50, 6367.50, 6100.00, 6290.00, 6223.50, 6234.55, 11949, 744.97, 3037, 5276, 44.15
FRACTAL, EQ, 15-Sep-2026, 764.45, 765.95, 780.00, 743.10, 751.15, 748.10, 754.18, 404374, 3049.71, 19883, 252636, 62.48
FREDUN, EQ, 15-Sep-2026, 1412.20, 1424.70, 1424.70, 1308.10, 1339.60, 1327.90, 1356.74, 66072, 896.43, 8036, 28536, 43.19
FRESHARA, ST, 15-Sep-2026, 485.00, 485.00, 485.00, 460.75, 460.75, 460.75, 467.68, 14400, 67.35, 22, 14400, 100.00
FROG, SM, 15-Sep-2026, 263.10, 268.00, 301.50, 251.05, 258.00, 265.00, 286.38, 114400, 327.61, 222, 63200, 55.24
FRONTSP, EQ, 15-Sep-2026, 1240.00, 1240.00, 1247.00, 1195.40, 1232.90, 1226.60, 1221.58, 19127, 233.65, 2523, 11916, 62.30
FSL, EQ, 15-Sep-2026, 247.60, 250.15, 292.00, 250.15, 285.00, 283.35, 282.61, 33931358, 95893.60, 356090, 3500036, 10.32
FUSION, EQ, 15-Sep-2026, 189.72, 189.90, 193.68, 187.45, 187.55, 188.18, 189.91, 495689, 941.34, 15323, 250946, 50.63
GABRIEL, EQ, 15-Sep-2026, 1346.40, 1347.10, 1383.50, 1292.00, 1292.00, 1300.50, 1339.27, 212338, 2843.78, 22921, 82865, 39.03
GAEL, EQ, 15-Sep-2026, 163.08, 163.01, 163.40, 157.16, 158.00, 158.72, 159.81, 602826, 963.35, 12859, 305243, 50.64
GAIL, EQ, 15-Sep-2026, 173.62, 173.62, 173.82, 169.73, 170.88, 170.88, 171.34, 6202446, 10627.11, 59419, 4013018, 64.70
GAJA, EQ, 15-Sep-2026, 152.60, 152.61, 153.09, 141.20, 144.50, 142.55, 146.38, 792538, 1160.13, 9188, 382084, 48.21
GAJANAND, SM, 15-Sep-2026, 8.25, 8.00, 8.00, 8.00, 8.00, 8.00, 8.00, 3000, 0.24, 1, 3000, 100.00
GALAPREC, EQ, 15-Sep-2026, 1031.00, 1038.60, 1051.00, 985.00, 998.00, 992.10, 1011.09, 25832, 261.18, 2602, 13302, 51.49
GALAXYSURF, EQ, 15-Sep-2026, 2187.30, 2187.20, 2198.90, 2100.00, 2150.00, 2127.30, 2143.18, 22677, 486.01, 5418, 9544, 42.09
GALLANTT, EQ, 15-Sep-2026, 546.40, 546.90, 548.75, 531.00, 535.00, 534.65, 539.66, 75010, 404.80, 4389, 45098, 60.12
GANDHAR, EQ, 15-Sep-2026, 272.70, 274.20, 275.85, 257.80, 262.60, 260.45, 268.39, 886074, 2378.13, 21996, 442500, 49.94
GANDHITUBE, EQ, 15-Sep-2026, 887.75, 887.75, 887.75, 870.05, 870.05, 871.20, 877.95, 3736, 32.80, 305, 2481, 66.41
GANECOS, EQ, 15-Sep-2026, 1013.30, 1005.00, 1024.80, 993.00, 1008.00, 1007.00, 1008.14, 80714, 813.71, 6326, 36800, 45.59
GANESHBE, BE, 15-Sep-2026, 131.63, 134.25, 134.95, 125.05, 125.94, 125.35, 127.99, 119026, 152.35, 813, -, -
GANESHCP, EQ, 15-Sep-2026, 167.36, 168.41, 168.54, 163.25, 163.31, 163.79, 166.09, 70307, 116.77, 1767, 28207, 40.12
GANESHHOU, EQ, 15-Sep-2026, 763.40, 755.40, 764.00, 741.30, 741.30, 745.10, 750.40, 26112, 195.94, 1997, 15820, 60.59
GANESHIN, ST, 15-Sep-2026, 101.55, 102.50, 102.50, 97.00, 97.10, 97.20, 98.41, 30400, 29.92, 34, 27200, 89.47
GANGABATH, SM, 15-Sep-2026, 19.90, 20.00, 20.00, 20.00, 20.00, 20.00, 20.00, 3000, 0.60, 1, 3000, 100.00
GANGAFORGE, EQ, 15-Sep-2026, 1.58, 1.59, 1.65, 1.56, 1.64, 1.63, 1.62, 5791282, 93.84, 1497, 2691311, 46.47
GANGESSECU, EQ, 15-Sep-2026, 115.11, 116.36, 116.89, 113.12, 113.35, 113.52, 114.47, 355, 0.41, 21, 219, 61.69
GARFIBRES, EQ, 15-Sep-2026, 795.70, 798.40, 799.30, 780.05, 785.55, 785.50, 786.22, 70578, 554.90, 5816, 32795, 46.47
GARUDA, EQ, 15-Sep-2026, 181.90, 182.90, 184.17, 175.00, 176.89, 176.05, 179.01, 384253, 687.84, 5964, 157314, 40.94
GATECH, BE, 15-Sep-2026, 0.73, 0.70, 0.70, 0.70, 0.70, 0.70, 0.70, 6607161, 46.25, 4388, -, -
GATECHDVR, BE, 15-Sep-2026, 0.48, 0.48, 0.50, 0.47, 0.50, 0.49, 0.49, 371009, 1.82, 233, -, -
GATEWAY, EQ, 15-Sep-2026, 53.35, 53.50, 54.00, 52.35, 52.51, 52.49, 53.01, 543148, 287.90, 5263, 356978, 65.72
GAUDIUMIVF, EQ, 15-Sep-2026, 117.75, 119.80, 125.50, 113.60, 114.80, 114.42, 119.32, 217265, 259.23, 1923, 143891, 66.23
GAYAHWS, EQ, 15-Sep-2026, 1.92, 1.95, 1.95, 1.86, 1.90, 1.88, 1.91, 169792, 3.25, 335, 154502, 90.99
GAYAPROJ, EQ, 15-Sep-2026, 26.03, 27.28, 27.33, 24.73, 26.79, 26.15, 26.26, 3617474, 949.85, 8172, 1835339, 50.74
GCHOTELS, ST, 15-Sep-2026, 100.85, 101.50, 105.85, 100.00, 105.85, 105.40, 102.76, 58200, 59.81, 60, 56400, 96.91
GCSL, EQ, 15-Sep-2026, 600.70, 604.75, 610.90, 588.35, 600.00, 601.55, 600.82, 1181049, 7096.02, 7881, 661802, 56.04
GEECEE, BE, 15-Sep-2026, 364.55, 362.95, 372.75, 350.00, 350.10, 350.10, 360.49, 2008, 7.24, 33, -, -
GEEKAYWIRE, EQ, 15-Sep-2026, 27.83, 27.84, 31.72, 27.84, 29.00, 29.34, 30.09, 463841, 139.59, 3614, 148249, 31.96
GEMAROMA, EQ, 15-Sep-2026, 160.87, 160.87, 163.45, 157.12, 158.70, 158.08, 159.83, 100204, 160.16, 1250, 77995, 77.84
GENCON, EQ, 15-Sep-2026, 41.01, 41.31, 41.80, 39.25, 39.25, 39.67, 40.59, 240268, 97.54, 771, 17010, 7.08
GENESYS, EQ, 15-Sep-2026, 307.81, 307.00, 314.49, 280.19, 289.00, 285.51, 299.52, 945103, 2830.78, 20016, 290260, 30.71
GENSOL, BZ, 15-Sep-2026, 17.10, 16.65, 17.40, 16.40, 17.00, 16.94, 17.00, 49482, 8.41, 467, -, -
GENUSPAPER, EQ, 15-Sep-2026, 12.04, 11.83, 12.40, 11.25, 11.45, 11.38, 11.69, 197130, 23.03, 712, 133552, 67.75
GENUSPOWER, EQ, 15-Sep-2026, 323.10, 323.95, 325.30, 301.10, 306.85, 306.50, 312.25, 1644408, 5134.66, 29709, 923621, 56.17
GENXAI, SM, 15-Sep-2026, 82.40, 82.00, 82.00, 77.00, 78.00, 78.00, 78.67, 21600, 16.99, 18, 21600, 100.00
GEOJITFSL, EQ, 15-Sep-2026, 78.60, 79.22, 79.99, 76.60, 77.09, 77.27, 77.86, 214765, 167.22, 3495, 109674, 51.07
GESHIP, EQ, 15-Sep-2026, 1412.20, 1415.00, 1415.00, 1375.00, 1379.80, 1390.40, 1399.12, 1189720, 16645.57, 73431, 711164, 59.78
GFLLIMITED, EQ, 15-Sep-2026, 58.27, 58.27, 58.27, 54.19, 54.45, 54.69, 56.14, 88311, 49.58, 1789, 52845, 59.84
GFSTEELS, EQ, 15-Sep-2026, 20.95, 21.99, 21.99, 21.99, 21.99, 21.99, 21.99, 6049, 1.33, 12, 5409, 89.42
GGBL, SM, 15-Sep-2026, 215.50, 219.80, 219.90, 206.00, 207.60, 206.65, 211.69, 30300, 64.14, 96, 22800, 75.25
GHCL, EQ, 15-Sep-2026, 421.15, 422.15, 430.00, 422.00, 424.75, 423.15, 424.35, 100745, 427.51, 4014, 58962, 58.53
GHCLTEXTIL, EQ, 15-Sep-2026, 130.76, 131.80, 132.08, 118.11, 119.20, 119.62, 123.50, 1302642, 1608.71, 15053, 674416, 51.77
GICHSGFIN, EQ, 15-Sep-2026, 136.84, 136.11, 137.50, 134.50, 134.56, 134.89, 135.63, 50826, 68.94, 1110, 35493, 69.83
GICL, BE, 15-Sep-2026, 24.74, 24.74, 24.86, 23.80, 24.50, 24.42, 24.39, 78057, 19.04, 175, -, -
GICRE, EQ, 15-Sep-2026, 349.40, 350.00, 350.20, 337.10, 340.55, 338.20, 342.60, 370114, 1268.01, 13004, 205905, 55.63
GILLANDERS, EQ, 15-Sep-2026, 103.58, 109.00, 109.00, 101.02, 104.00, 102.91, 102.98, 3729, 3.84, 184, 2981, 79.94
GILLETTE, EQ, 15-Sep-2026, 7307.00, 7310.00, 7321.00, 7207.00, 7216.00, 7248.50, 7272.50, 11161, 811.68, 3507, 5915, 53.00
GILT10BETA, EQ, 15-Sep-2026, 26.28, 26.70, 26.70, 26.17, 26.21, 26.21, 26.57, 464, 0.12, 28, 359, 77.37
GILT5BETA, EQ, 15-Sep-2026, 66.41, 67.75, 67.75, 65.65, 65.65, 65.66, 66.55, 5511, 3.67, 18, 4564, 82.82
GILT5YBEES, EQ, 15-Sep-2026, 66.16, 64.84, 66.66, 64.84, 65.90, 65.72, 65.76, 285839, 187.98, 753, 211112, 73.86
GINNIFILA, BE, 15-Sep-2026, 41.00, 40.99, 42.99, 40.57, 42.50, 42.18, 41.49, 37544, 15.58, 120, -, -
GIPCL, EQ, 15-Sep-2026, 199.72, 199.50, 200.50, 187.00, 188.10, 188.31, 191.93, 638722, 1225.90, 10467, 404243, 63.29
GIRIRAJ, SM, 15-Sep-2026, 84.50, 88.70, 88.70, 87.00, 88.70, 88.70, 88.44, 16250, 14.37, 23, 15750, 96.92
GJL, ST, 15-Sep-2026, 265.85, 279.00, 279.00, 279.00, 279.00, 279.00, 279.00, 1600, 4.46, 2, 1600, 100.00
GKB, EQ, 15-Sep-2026, 64.79, 64.79, 67.44, 64.79, 67.42, 67.42, 65.58, 340, 0.22, 6, 340, 100.00
GKENERGY, EQ, 15-Sep-2026, 127.85, 127.71, 127.85, 122.28, 122.50, 123.57, 125.26, 220707, 276.46, 2985, 135478, 61.38
GKSL, EQ, 15-Sep-2026, 171.09, 170.70, 183.05, 170.00, 173.11, 173.60, 176.72, 852318, 1506.21, 9073, 252635, 29.64
GKWLIMITED, EQ, 15-Sep-2026, 1584.80, 1589.80, 1599.00, 1551.00, 1562.00, 1554.00, 1560.58, 423, 6.60, 43, 358, 84.63
GLAND, EQ, 15-Sep-2026, 2922.30, 2930.00, 2940.00, 2856.90, 2909.00, 2895.50, 2895.41, 497958, 14417.93, 47249, 305756, 61.40
GLAXO, EQ, 15-Sep-2026, 2828.40, 2814.90, 2840.80, 2775.80, 2823.00, 2818.90, 2807.63, 39814, 1117.83, 7175, 21054, 52.88
GLENMARK, EQ, 15-Sep-2026, 2419.20, 2420.80, 2429.80, 2346.60, 2371.70, 2371.70, 2384.01, 275789, 6574.83, 30418, 141296, 51.23
GLFL, EQ, 15-Sep-2026, 5.22, 5.22, 5.45, 4.97, 5.45, 5.26, 5.18, 13041, 0.68, 38, 11439, 87.72
GLOBAL, EQ, 15-Sep-2026, 126.91, 128.00, 128.09, 123.11, 127.00, 126.23, 125.13, 86903, 108.74, 1064, 51141, 58.85
GLOBALE, EQ, 15-Sep-2026, 11.38, 11.49, 11.89, 11.01, 11.70, 11.70, 11.58, 2350, 0.27, 40, 1193, 50.77
GLOBALPET, SM, 15-Sep-2026, 170.55, 163.05, 163.05, 163.05, 163.05, 163.05, 163.05, 750, 1.22, 1, 750, 100.00
GLOBALVECT, EQ, 15-Sep-2026, 132.17, 136.00, 136.00, 129.00, 129.50, 129.84, 130.93, 7660, 10.03, 417, 4920, 64.23
GLOBE, EQ, 15-Sep-2026, 1.81, 1.81, 1.85, 1.76, 1.76, 1.76, 1.80, 241250, 4.35, 340, 183831, 76.20
GLOBECIVIL, EQ, 15-Sep-2026, 44.21, 44.19, 46.29, 42.23, 43.01, 43.50, 44.18, 83670, 36.96, 1437, 21442, 25.63
GLOBUSSPR, EQ, 15-Sep-2026, 839.75, 839.90, 843.55, 810.25, 824.40, 820.55, 822.14, 116617, 958.76, 10274, 59792, 51.27
GLOSTERLTD, EQ, 15-Sep-2026, 583.10, 575.50, 588.00, 575.00, 575.00, 575.10, 576.05, 2489, 14.34, 91, 2313, 92.93
GLOTTIS, EQ, 15-Sep-2026, 59.04, 58.00, 59.42, 58.00, 59.23, 59.03, 59.02, 26442, 15.61, 372, 22404, 84.73
GMBREW, EQ, 15-Sep-2026, 910.90, 910.00, 914.00, 901.60, 905.05, 905.70, 906.90, 19543, 177.24, 1643, 11704, 59.89
GMDCLTD, EQ, 15-Sep-2026, 575.35, 577.00, 580.00, 552.00, 552.45, 553.45, 560.61, 947898, 5313.98, 28256, 397889, 41.98
GMMPFAUDLR, EQ, 15-Sep-2026, 1307.90, 1325.00, 1384.80, 1323.70, 1350.00, 1348.00, 1357.63, 1157001, 15707.85, 70256, 475712, 41.12
GMRAIRPORT, EQ, 15-Sep-2026, 97.98, 98.00, 98.28, 92.92, 92.97, 92.97, 94.34, 10370386, 9783.15, 70939, 5988651, 57.75
GMRP&UI, EQ, 15-Sep-2026, 94.07, 93.55, 94.38, 90.00, 90.50, 90.35, 92.13, 813767, 749.71, 7148, 403675, 49.61
GNA, EQ, 15-Sep-2026, 551.10, 555.00, 555.00, 527.25, 529.00, 532.60, 540.69, 183815, 993.88, 5828, 104575, 56.89
GNFC, EQ, 15-Sep-2026, 562.40, 564.20, 564.30, 540.00, 540.50, 540.60, 548.25, 486266, 2665.93, 12409, 315361, 64.85
GNRL, EQ, 15-Sep-2026, 104.29, 104.79, 104.80, 101.90, 102.90, 102.54, 102.98, 76246, 78.52, 1545, 41106, 53.91
GOACARBON, EQ, 15-Sep-2026, 413.40, 415.00, 418.00, 382.20, 384.50, 384.90, 397.70, 48024, 190.99, 2193, 20697, 43.10
GOCLCORP, EQ, 15-Sep-2026, 441.55, 444.15, 448.00, 432.05, 437.95, 435.65, 440.01, 209907, 923.62, 6810, 91391, 43.54
GOCOLORS, EQ, 15-Sep-2026, 324.75, 325.05, 328.05, 301.25, 312.35, 304.90, 311.39, 186618, 581.11, 5180, 94665, 50.73
GODAVARIB, EQ, 15-Sep-2026, 233.65, 233.65, 236.89, 225.02, 225.50, 226.63, 230.17, 65919, 151.72, 2416, 42225, 64.06
GODFRYPHLP, EQ, 15-Sep-2026, 1927.00, 1931.00, 1957.00, 1900.00, 1915.00, 1915.00, 1927.16, 153558, 2959.32, 12516, 49299, 32.10
GODIGIT, EQ, 15-Sep-2026, 256.20, 257.40, 257.40, 251.00, 251.50, 251.50, 252.13, 89335, 225.24, 3997, 38862, 43.50
GODREJAGRO, EQ, 15-Sep-2026, 675.85, 679.05, 683.00, 643.00, 650.00, 645.30, 664.72, 210484, 1399.13, 12642, 98871, 46.97
GODREJCP, EQ, 15-Sep-2026, 865.00, 867.00, 877.00, 856.60, 857.00, 857.00, 868.63, 1176819, 10222.20, 25602, 686620, 58.35
GODREJIND, EQ, 15-Sep-2026, 1126.80, 1126.70, 1137.80, 1100.10, 1105.00, 1104.00, 1113.58, 51244, 570.64, 6877, 20908, 40.80
GODREJPROP, EQ, 15-Sep-2026, 1748.00, 1754.00, 1759.70, 1657.40, 1659.30, 1659.30, 1686.44, 1071741, 18074.28, 49572, 417593, 38.96
GOKEX, EQ, 15-Sep-2026, 785.50, 784.25, 785.30, 738.55, 744.00, 743.30, 757.07, 222959, 1687.96, 19038, 112396, 50.41
GOKUL, EQ, 15-Sep-2026, 42.03, 42.03, 42.03, 39.51, 40.00, 39.92, 41.25, 194895, 80.39, 1277, 57528, 29.52
GOKULAGRO, EQ, 15-Sep-2026, 226.76, 226.18, 226.89, 218.00, 219.78, 218.69, 221.92, 250526, 555.95, 7448, 143640, 57.34
GOLD1, EQ, 15-Sep-2026, 126.19, 126.15, 126.15, 124.46, 124.55, 124.66, 125.09, 2132188, 2667.14, 10989, 1406369, 65.96
GOLD360, EQ, 15-Sep-2026, 147.80, 147.70, 147.70, 145.70, 145.70, 145.80, 146.22, 13408, 19.61, 384, 7856, 58.59
GOLDADD, EQ, 15-Sep-2026, 14.71, 14.71, 14.71, 14.50, 14.56, 14.50, 14.57, 4200093, 612.11, 10194, 2695779, 64.18
GOLDAXIS, EQ, 15-Sep-2026, 125.93, 125.90, 125.90, 124.16, 124.45, 124.35, 124.98, 3738148, 4671.80, 5429, 2912542, 77.91
GOLDBEES, EQ, 15-Sep-2026, 125.12, 124.80, 124.80, 123.38, 123.73, 123.62, 123.99, 23136571, 28686.64, 148395, 12184573, 52.66
GOLDBETA, EQ, 15-Sep-2026, 127.50, 126.35, 127.20, 125.60, 126.20, 126.05, 126.19, 719783, 908.31, 3847, 567628, 78.86
GOLDBND, EQ, 15-Sep-2026, 151.29, 151.48, 154.00, 149.11, 149.11, 149.43, 149.76, 7270, 10.89, 324, 3265, 44.91
GOLDCASE, EQ, 15-Sep-2026, 23.82, 23.81, 23.81, 23.49, 23.57, 23.51, 23.61, 9637798, 2275.64, 18771, 4463003, 46.31
GOLDENTOBC, BZ, 15-Sep-2026, 25.49, 25.00, 25.40, 24.22, 25.00, 25.00, 24.85, 732, 0.18, 24, -, -
GOLDETF, EQ, 15-Sep-2026, 147.20, 147.01, 147.01, 145.16, 145.67, 145.49, 145.98, 1698626, 2479.58, 11567, 843304, 49.65
GOLDIAM, EQ, 15-Sep-2026, 325.00, 329.00, 340.90, 322.00, 324.50, 324.15, 332.78, 797777, 2654.86, 17549, 256367, 32.14
GOLDIETF, EQ, 15-Sep-2026, 129.63, 129.62, 129.62, 127.80, 127.98, 127.94, 128.45, 6488971, 8334.81, 58540, 3679012, 56.70
GOLDSTAR, SM, 15-Sep-2026, 8.20, 8.60, 8.60, 8.00, 8.35, 8.20, 8.46, 135000, 11.42, 12, 123750, 91.67
GOLDTECH, BE, 15-Sep-2026, 45.00, 44.97, 44.97, 42.75, 42.75, 42.75, 43.12, 33127, 14.28, 159, -, -
GOODLUCK, EQ, 15-Sep-2026, 516.85, 520.00, 528.70, 513.35, 520.95, 519.15, 520.86, 708900, 3692.36, 24519, 292033, 41.20
GOODYEAR, EQ, 15-Sep-2026, 722.05, 722.50, 726.95, 709.80, 711.25, 712.95, 715.59, 2756, 19.72, 395, 2048, 74.31
GOPAL, EQ, 15-Sep-2026, 257.35, 256.25, 259.95, 248.10, 249.45, 249.30, 251.71, 99187, 249.66, 5471, 67083, 67.63
GOYALALUM, EQ, 15-Sep-2026, 6.01, 5.82, 5.99, 5.81, 5.96, 5.93, 5.89, 79378, 4.68, 478, 53594, 67.52
GPECO, SM, 15-Sep-2026, 411.60, 406.95, 406.95, 395.00, 400.00, 398.80, 400.15, 9400, 37.61, 42, 7800, 82.98
GPIL, EQ, 15-Sep-2026, 244.45, 244.95, 245.51, 235.20, 236.50, 237.16, 238.38, 1827411, 4356.10, 25872, 945072, 51.72
GPPL, EQ, 15-Sep-2026, 161.32, 162.50, 165.50, 160.80, 161.33, 161.18, 163.50, 3555183, 5812.66, 44937, 1758947, 49.48
GPTHEALTH, EQ, 15-Sep-2026, 159.38, 158.20, 161.26, 155.00, 159.20, 159.45, 158.39, 140502, 222.53, 2992, 66423, 47.28
GPTINFRA, EQ, 15-Sep-2026, 112.21, 113.00, 113.24, 109.25, 111.46, 111.72, 111.10, 131226, 145.79, 1937, 67346, 51.32
GRADIENTE, EQ, 15-Sep-2026, 2.51, 2.54, 2.62, 2.40, 2.40, 2.46, 2.51, 732804, 18.36, 369, 398566, 54.39
GRANDOAK, EQ, 15-Sep-2026, 35.16, 35.50, 36.80, 33.41, 35.26, 34.89, 34.75, 6532, 2.27, 48, 5069, 77.60
GRANULES, EQ, 15-Sep-2026, 909.30, 917.00, 923.65, 872.50, 873.20, 872.60, 884.56, 2106282, 18631.25, 64730, 1133539, 53.82
GRAPHISAD, SM, 15-Sep-2026, 26.00, 26.00, 26.10, 25.30, 25.30, 25.30, 25.45, 18000, 4.58, 12, 15600, 86.67
GRAPHITE, EQ, 15-Sep-2026, 825.80, 825.50, 830.00, 776.05, 783.00, 781.50, 803.81, 1871773, 15045.54, 49108, 667045, 35.64
GRASIM, EQ, 15-Sep-2026, 3281.90, 3263.30, 3272.00, 3171.00, 3171.00, 3171.00, 3201.27, 1332882, 42669.10, 62025, 834939, 62.64
GRAUWEIL, EQ, 15-Sep-2026, 75.60, 75.60, 77.00, 72.80, 72.86, 73.08, 75.14, 415681, 312.34, 4490, 216527, 52.09
GRAVISSHO, EQ, 15-Sep-2026, 42.70, 46.15, 46.97, 45.70, 46.97, 46.97, 46.80, 129348, 60.53, 772, 73809, 57.06
GRAVITA, EQ, 15-Sep-2026, 1668.20, 1678.10, 1690.80, 1625.00, 1649.00, 1639.00, 1643.73, 126737, 2083.21, 14627, 67435, 53.21
GREAVESCOT, EQ, 15-Sep-2026, 192.25, 192.25, 194.08, 185.10, 186.00, 187.13, 188.95, 743150, 1404.19, 10579, 395376, 53.20
GREENCHEF, SM, 15-Sep-2026, 69.50, 69.50, 73.50, 69.00, 69.00, 69.75, 70.79, 32800, 23.22, 27, 26400, 80.49
GREENLAM, EQ, 15-Sep-2026, 234.63, 236.35, 236.94, 225.00, 228.00, 226.57, 229.97, 75209, 172.96, 2060, 47421, 63.05
GREENLEAF, ST, 15-Sep-2026, 104.05, 104.10, 109.25, 104.10, 109.25, 109.25, 109.01, 23000, 25.07, 13, 21000, 91.30
GREENPANEL, EQ, 15-Sep-2026, 153.60, 155.85, 155.85, 150.25, 150.25, 151.24, 152.91, 312484, 477.83, 6743, 176041, 56.34
GREENPLY, EQ, 15-Sep-2026, 290.25, 295.00, 295.00, 277.50, 277.50, 280.10, 286.51, 133626, 382.85, 3671, 68655, 51.38
GREENPOWER, EQ, 15-Sep-2026, 9.31, 9.31, 9.36, 8.88, 9.12, 9.09, 9.13, 2901357, 264.91, 6334, 1540668, 53.10
GRETEX, SM, 15-Sep-2026, 215.00, 210.00, 225.00, 210.00, 225.00, 225.00, 217.50, 1500, 3.26, 2, 1500, 100.00
GRINDWELL, EQ, 15-Sep-2026, 1885.80, 1876.40, 1885.80, 1813.60, 1815.00, 1825.90, 1840.79, 25743, 473.87, 9443, 14969, 58.15
GRINFRA, EQ, 15-Sep-2026, 855.80, 855.80, 857.50, 832.00, 837.00, 838.15, 842.82, 11367, 95.80, 2034, 6285, 55.29
GRMOVER, EQ, 15-Sep-2026, 84.45, 84.50, 85.90, 82.00, 83.00, 82.70, 83.33, 1030464, 858.69, 15036, 240029, 23.29
GROBTEA, EQ, 15-Sep-2026, 945.85, 946.90, 969.00, 940.00, 940.00, 941.70, 942.82, 29, 0.27, 8, 28, 96.55
GROWW, EQ, 15-Sep-2026, 200.24, 200.20, 203.70, 196.40, 197.00, 197.59, 200.37, 30383521, 60879.80, 272504, 14327049, 47.15
GROWWCAPM, EQ, 15-Sep-2026, 11.28, 11.28, 11.39, 11.06, 11.10, 11.10, 11.18, 363928, 40.70, 1385, 276180, 75.89
GROWWCHEM, EQ, 15-Sep-2026, 29.87, 30.47, 30.47, 28.84, 29.79, 29.24, 29.27, 61518, 18.01, 626, 40645, 66.07
GROWWDEFNC, EQ, 15-Sep-2026, 97.41, 97.41, 97.70, 91.54, 93.98, 91.97, 93.30, 976099, 910.67, 9213, 568430, 58.23
GROWWEV, EQ, 15-Sep-2026, 31.91, 31.66, 32.87, 31.01, 31.11, 31.48, 31.66, 410821, 130.09, 3863, 284651, 69.29
GROWWGOLD, EQ, 15-Sep-2026, 14.78, 14.78, 14.78, 14.57, 14.62, 14.60, 14.66, 1300210, 190.67, 5760, 734686, 56.51
GROWWHOSPI, EQ, 15-Sep-2026, 52.32, 52.58, 52.78, 51.75, 52.00, 51.92, 51.93, 451511, 234.49, 1307, 387542, 85.83
GROWWLIQID, EQ, 15-Sep-2026, 110.74, 110.76, 110.76, 110.75, 110.76, 110.75, 110.75, 665002, 736.51, 384, 454458, 68.34
GROWWLOVOL, EQ, 15-Sep-2026, 10.15, 9.95, 10.33, 9.95, 10.16, 10.11, 10.12, 13459, 1.36, 207, 6468, 48.06
GROWWMC150, EQ, 15-Sep-2026, 228.18, 226.11, 230.46, 224.15, 226.50, 226.50, 226.87, 1163, 2.64, 60, 1021, 87.79
GROWWMETAL, EQ, 15-Sep-2026, 12.45, 12.46, 12.64, 12.10, 12.20, 12.14, 12.23, 481451, 58.89, 2589, 281328, 58.43
GROWWMOM50, EQ, 15-Sep-2026, 11.02, 11.14, 11.14, 10.62, 10.76, 10.65, 10.78, 325305, 35.05, 1133, 265471, 81.61
GROWWN200, EQ, 15-Sep-2026, 11.13, 11.40, 11.40, 10.91, 11.00, 10.92, 11.01, 47350, 5.21, 433, 24617, 51.99
GROWWNET, EQ, 15-Sep-2026, 10.96, 11.18, 11.18, 10.59, 10.59, 10.70, 10.81, 698152, 75.50, 1223, 549477, 78.70
GROWWNIFTY, EQ, 15-Sep-2026, 9.49, 9.52, 9.65, 9.35, 9.44, 9.41, 9.45, 1309024, 123.68, 6074, 917047, 70.06
GROWWNXT50, EQ, 15-Sep-2026, 71.83, 71.83, 72.58, 70.61, 72.09, 71.80, 71.26, 10799, 7.70, 193, 5251, 48.62
GROWWPOWER, EQ, 15-Sep-2026, 11.36, 11.59, 11.59, 10.98, 11.05, 11.02, 11.10, 3180372, 353.13, 6307, 2210809, 69.51
GROWWPSE, EQ, 15-Sep-2026, 98.28, 96.31, 99.00, 95.70, 95.80, 96.11, 96.56, 6296, 6.08, 182, 4693, 74.54
GROWWPSUBK, EQ, 15-Sep-2026, 84.03, 84.78, 84.78, 81.73, 82.00, 82.08, 82.76, 11159, 9.24, 199, 5905, 52.92
GROWWRAIL, EQ, 15-Sep-2026, 27.32, 27.58, 27.58, 26.71, 26.92, 26.86, 26.98, 1062100, 286.58, 4424, 905124, 85.22
GROWWRLTY, EQ, 15-Sep-2026, 9.53, 9.69, 9.69, 9.16, 9.29, 9.22, 9.32, 1423895, 132.74, 1702, 1215942, 85.40
GROWWSC250, EQ, 15-Sep-2026, 10.64, 10.69, 10.72, 10.36, 10.45, 10.38, 10.47, 240576, 25.18, 1139, 199076, 82.75
GROWWSLVR, EQ, 15-Sep-2026, 22.20, 22.03, 22.21, 21.92, 22.05, 22.00, 22.07, 1709364, 377.27, 3710, 538154, 31.48
GRPLTD, EQ, 15-Sep-2026, 1925.10, 1925.10, 2050.00, 1925.10, 2029.70, 2046.20, 2017.26, 20058, 404.62, 804, 16432, 81.92
GRSE, EQ, 15-Sep-2026, 2427.50, 2434.50, 2437.60, 2350.00, 2358.00, 2358.80, 2379.02, 270785, 6442.02, 26926, 133895, 49.45
GRWRHITECH, EQ, 15-Sep-2026, 6921.50, 6921.00, 6930.00, 6566.00, 6590.00, 6603.50, 6705.45, 31955, 2142.73, 9971, 13501, 42.25
GSEC10ABSL, EQ, 15-Sep-2026, 113.03, 112.75, 112.75, 112.59, 112.59, 112.59, 112.62, 6, 0.01, 2, 6, 100.00
GSEC10ADD, EQ, 15-Sep-2026, 27.00, 27.00, 27.00, 24.32, 26.30, 26.30, 26.72, 519, 0.14, 14, 507, 97.69
GSEC10IETF, EQ, 15-Sep-2026, 262.33, 263.64, 263.64, 263.00, 263.08, 263.08, 263.17, 387, 1.02, 7, 387, 100.00
GSEC10YEAR, EQ, 15-Sep-2026, 30.49, 30.34, 30.46, 29.99, 30.40, 30.05, 30.10, 1000, 0.30, 31, 786, 78.60
GSEC5IETF, EQ, 15-Sep-2026, 66.26, 66.52, 66.58, 65.85, 65.85, 65.85, 66.05, 18951, 12.52, 48, 10000, 52.77
GSFC, EQ, 15-Sep-2026, 155.95, 155.80, 156.50, 150.85, 151.05, 151.55, 152.93, 1068484, 1634.07, 12937, 593985, 55.59
GSLSU, EQ, 15-Sep-2026, 28.25, 28.98, 29.66, 27.71, 27.82, 28.00, 28.73, 84868, 24.39, 888, 53089, 62.55
GSMFOILS, SM, 15-Sep-2026, 86.10, 81.80, 85.90, 81.80, 81.80, 81.80, 82.49, 738500, 609.17, 859, 374000, 50.64
GSPCROP, EQ, 15-Sep-2026, 471.25, 471.25, 486.45, 465.00, 472.00, 472.35, 476.61, 389136, 1854.66, 10238, 67053, 17.23
GSS, EQ, 15-Sep-2026, 10.19, 10.48, 10.48, 9.96, 10.00, 10.22, 10.23, 64657, 6.62, 345, 50280, 77.76
GSTL, SM, 15-Sep-2026, 10.95, 10.45, 10.45, 10.45, 10.45, 10.45, 10.45, 4000, 0.42, 4, 4000, 100.00
GTECJAINX, EQ, 15-Sep-2026, 26.65, 24.80, 29.31, 24.80, 29.31, 29.31, 27.77, 20231, 5.62, 111, 12309, 60.84
GTL, EQ, 15-Sep-2026, 7.24, 7.24, 7.24, 7.07, 7.08, 7.08, 7.16, 147661, 10.57, 621, 91487, 61.96
GTLINFRA, EQ, 15-Sep-2026, 1.16, 1.16, 1.17, 1.12, 1.13, 1.13, 1.15, 39824241, 456.47, 13345, 18714756, 46.99
GTPL, EQ, 15-Sep-2026, 59.81, 60.70, 60.70, 57.30, 57.60, 57.83, 59.00, 88762, 52.37, 1176, 73468, 82.77
GUFICBIO, EQ, 15-Sep-2026, 425.10, 425.00, 431.90, 418.00, 425.90, 425.10, 425.63, 60589, 257.89, 3084, 36771, 60.69
GUJALKALI, EQ, 15-Sep-2026, 705.00, 710.15, 727.50, 681.30, 698.50, 692.70, 704.18, 138916, 978.21, 10289, 57761, 41.58
GUJAPOLLO, EQ, 15-Sep-2026, 348.10, 340.25, 346.40, 334.75, 335.20, 340.85, 340.38, 126274, 429.81, 638, 93747, 74.24
GUJENERGY, EQ, 15-Sep-2026, 241.59, 241.98, 246.80, 241.98, 244.50, 243.56, 244.90, 1350191, 3306.60, 40361, 727570, 53.89
GUJRAFFIA, EQ, 15-Sep-2026, 41.72, 41.72, 41.90, 40.10, 40.11, 40.26, 40.47, 607, 0.25, 22, 392, 64.58
GUJTHEM, EQ, 15-Sep-2026, 422.65, 424.80, 438.45, 417.00, 423.50, 430.45, 426.55, 668088, 2849.73, 15821, 313270, 46.89
GULFOILLUB, EQ, 15-Sep-2026, 1060.70, 1060.70, 1079.00, 1051.10, 1059.40, 1057.30, 1064.06, 43293, 460.66, 8085, 21476, 49.61
GULFPETRO, BE, 15-Sep-2026, 64.08, 64.08, 64.45, 60.88, 61.00, 61.01, 61.59, 139260, 85.77, 392, -, -
GULPOLY, EQ, 15-Sep-2026, 174.84, 175.98, 176.00, 169.20, 170.00, 170.03, 171.38, 150847, 258.52, 2938, 83210, 55.16
GURUNANAK, SM, 15-Sep-2026, 38.05, 36.15, 37.00, 36.15, 37.00, 37.00, 36.32, 8000, 2.91, 5, 8000, 100.00
GVKPIL, BE, 15-Sep-2026, 2.25, 2.29, 2.29, 2.29, 2.29, 2.29, 2.29, 179050, 4.10, 238, -, -
GVPIL, EQ, 15-Sep-2026, 652.65, 648.00, 656.95, 620.05, 620.05, 620.05, 633.39, 211646, 1340.54, 6776, 118530, 56.00
GVPTECH, BE, 15-Sep-2026, 7.82, 7.81, 8.00, 7.50, 7.58, 7.57, 7.66, 55164, 4.23, 198, -, -
GVT&D, EQ, 15-Sep-2026, 4548.10, 4520.00, 4520.00, 4191.60, 4246.90, 4246.90, 4304.26, 1106490, 47626.26, 97820, 500736, 45.25
GYFTR, EQ, 15-Sep-2026, 175.73, 175.00, 182.50, 174.30, 179.97, 178.62, 177.42, 26808, 47.56, 454, 18171, 67.78
HAL, EQ, 15-Sep-2026, 4905.00, 4920.00, 4940.00, 4674.00, 4695.00, 4695.00, 4758.14, 809202, 38502.97, 68013, 391901, 48.43
HALDER, EQ, 15-Sep-2026, 276.15, 286.15, 288.55, 257.00, 260.50, 265.90, 284.59, 20914, 59.52, 172, 5080, 24.29
HALDYNGL, BE, 15-Sep-2026, 145.70, 146.00, 149.79, 140.25, 142.89, 141.68, 143.46, 39743, 57.01, 327, -, -
HALEOSLABS, EQ, 15-Sep-2026, 1462.50, 1475.40, 1496.00, 1470.00, 1486.00, 1488.90, 1490.63, 1964, 29.28, 134, 1530, 77.90
HAMPTON, EQ, 15-Sep-2026, 8.05, 8.10, 8.38, 7.33, 7.92, 7.95, 8.33, 363072, 30.23, 114, 357413, 98.44
HAPPSTMNDS, EQ, 15-Sep-2026, 332.35, 336.05, 343.70, 324.10, 325.30, 325.60, 334.32, 1167686, 3903.78, 28457, 356959, 30.57
HAPPY, SM, 15-Sep-2026, 88.95, 89.95, 90.00, 84.20, 84.20, 84.20, 86.83, 52000, 45.15, 22, 32000, 61.54
HAPPYFORGE, EQ, 15-Sep-2026, 2169.00, 2171.00, 2186.90, 2060.60, 2078.20, 2074.30, 2106.57, 75023, 1580.42, 12623, 49086, 65.43
HARDWYN, EQ, 15-Sep-2026, 9.16, 9.23, 9.25, 8.81, 8.83, 9.06, 9.09, 3135827, 284.96, 1135, 2527113, 80.59
HARIOMPIPE, EQ, 15-Sep-2026, 359.20, 355.95, 358.95, 348.50, 348.50, 351.60, 353.37, 64036, 226.29, 3708, 36994, 57.77
HARRMALAYA, EQ, 15-Sep-2026, 185.81, 185.81, 190.19, 180.00, 182.90, 182.60, 184.11, 9460, 17.42, 540, 5803, 61.34
HARSHA, EQ, 15-Sep-2026, 445.00, 446.00, 451.95, 423.30, 424.30, 424.70, 433.04, 103103, 446.48, 5370, 59233, 57.45
HATHWAY, EQ, 15-Sep-2026, 10.23, 10.25, 10.25, 9.80, 9.85, 9.95, 10.05, 1951309, 196.08, 3488, 936061, 47.97
HATSUN, EQ, 15-Sep-2026, 1224.40, 1207.20, 1349.70, 1207.20, 1259.20, 1275.00, 1297.29, 874664, 11346.97, 63939, 105691, 12.08
HAVELLS, EQ, 15-Sep-2026, 1111.00, 1117.00, 1117.00, 1081.10, 1087.00, 1087.00, 1092.37, 1017899, 11119.26, 44878, 570509, 56.05
HAVISHA, EQ, 15-Sep-2026, 1.34, 1.36, 1.36, 1.30, 1.34, 1.31, 1.32, 8098, 0.11, 87, 7172, 88.57
HAWKINCOOK, EQ, 15-Sep-2026, 8411.50, 8455.50, 8484.00, 8250.00, 8295.00, 8381.50, 8351.81, 2478, 206.96, 864, 1292, 52.14
HAZOOR, EQ, 15-Sep-2026, 19.22, 19.02, 19.51, 18.50, 18.75, 18.74, 18.93, 297628, 56.35, 829, 173696, 58.36
HBESD, EQ, 15-Sep-2026, 72.99, 73.00, 73.01, 60.51, 71.50, 71.50, 69.85, 650, 0.45, 45, 526, 80.92
HBLENGINE, EQ, 15-Sep-2026, 722.20, 725.00, 725.20, 706.00, 720.00, 720.15, 717.58, 1095218, 7859.11, 32106, 597758, 54.58
HBPOR, EQ, 15-Sep-2026, 59.99, 62.80, 62.80, 59.60, 60.00, 59.99, 60.07, 1364, 0.82, 39, 1346, 98.68
HBSL, EQ, 15-Sep-2026, 52.91, 52.65, 54.63, 51.60, 53.14, 52.85, 52.57, 348, 0.18, 44, 289, 83.05
HCC, EQ, 15-Sep-2026, 22.73, 22.95, 22.95, 21.25, 21.49, 21.32, 21.87, 20566631, 4497.13, 31498, 8684258, 42.22
HCG, EQ, 15-Sep-2026, 693.90, 693.90, 699.80, 675.45, 677.00, 678.30, 682.84, 69865, 477.07, 5661, 32518, 46.54
HCL-INSYS, EQ, 15-Sep-2026, 10.07, 10.01, 10.47, 10.00, 10.03, 10.01, 10.14, 219639, 22.27, 936, 149488, 68.06
HCLTECH, EQ, 15-Sep-2026, 1206.10, 1252.00, 1290.00, 1250.00, 1253.70, 1253.70, 1274.69, 4443984, 56646.90, 134519, 1375726, 30.96
HDBFS, EQ, 15-Sep-2026, 669.20, 670.05, 675.00, 662.40, 665.80, 664.70, 668.74, 220611, 1475.32, 17616, 138781, 62.91
HDFCAMC, EQ, 15-Sep-2026, 2403.90, 2416.90, 2423.90, 2385.00, 2409.00, 2409.00, 2402.14, 652383, 15671.17, 62225, 421588, 64.62
HDFCBANK, EQ, 15-Sep-2026, 708.25, 722.40, 730.75, 715.05, 716.55, 716.55, 722.77, 50387632, 364186.45, 511980, 27250373, 54.08
HDFCBSE500, EQ, 15-Sep-2026, 36.89, 36.89, 37.18, 36.07, 36.38, 36.33, 36.62, 722175, 264.47, 493, 684792, 94.82
HDFCGOLD, EQ, 15-Sep-2026, 129.37, 129.33, 129.33, 127.59, 128.08, 127.88, 128.11, 4525096, 5797.04, 15011, 2623499, 57.98
HDFCGROWTH, EQ, 15-Sep-2026, 115.87, 115.87, 117.16, 115.30, 115.81, 115.75, 116.08, 6778, 7.87, 172, 3029, 44.69
HDFCLIFE, EQ, 15-Sep-2026, 530.00, 530.00, 530.65, 516.10, 516.10, 516.10, 523.24, 4844755, 25349.49, 86634, 3252846, 67.14
HDFCLIQUID, EQ, 15-Sep-2026, 1077.78, 1077.91, 1077.93, 1077.91, 1077.91, 1077.91, 1077.91, 35033, 377.63, 63, 27313, 77.96
HDFCLOWVOL, EQ, 15-Sep-2026, 20.01, 20.10, 20.12, 19.82, 19.87, 19.87, 19.86, 16438, 3.27, 109, 15116, 91.96
HDFCMID150, EQ, 15-Sep-2026, 23.13, 23.33, 23.33, 22.63, 22.79, 22.71, 22.90, 1419493, 325.03, 2659, 625622, 44.07
HDFCMOMENT, EQ, 15-Sep-2026, 30.91, 30.92, 31.07, 29.96, 30.13, 30.05, 30.34, 317341, 96.30, 1710, 173791, 54.76
HDFCNEXT50, EQ, 15-Sep-2026, 73.91, 73.91, 74.26, 72.01, 72.32, 72.18, 72.77, 160026, 116.45, 1443, 100934, 63.07
HDFCNIF100, EQ, 15-Sep-2026, 25.44, 25.44, 25.66, 25.10, 25.23, 25.18, 25.33, 114491, 29.00, 594, 48153, 42.06
HDFCNIFBAN, EQ, 15-Sep-2026, 58.33, 58.25, 58.54, 57.54, 57.76, 57.69, 57.93, 81621, 47.28, 749, 38498, 47.17
HDFCNIFIT, EQ, 15-Sep-2026, 31.01, 31.90, 32.49, 31.30, 31.60, 31.64, 31.91, 358822, 114.50, 548, 254527, 70.93
HDFCNIFTY, EQ, 15-Sep-2026, 263.79, 257.19, 266.79, 257.19, 261.64, 261.49, 262.26, 1811012, 4749.58, 3491, 1613569, 89.10
HDFCNIMEG, EQ, 15-Sep-2026, 130.37, 130.37, 143.40, 126.50, 137.96, 136.31, 128.86, 4153, 5.35, 123, 2278, 54.85
HDFCPSUBK, EQ, 15-Sep-2026, 84.27, 85.07, 85.08, 82.20, 83.19, 82.65, 83.32, 26997, 22.49, 472, 14221, 52.68
HDFCPVTBAN, EQ, 15-Sep-2026, 27.94, 28.63, 28.63, 27.70, 27.79, 27.76, 27.87, 63514, 17.70, 558, 49997, 78.72
HDFCQUAL, EQ, 15-Sep-2026, 57.43, 57.98, 57.98, 56.50, 56.96, 56.56, 57.03, 17570, 10.02, 146, 7931, 45.14
HDFCSENSEX, EQ, 15-Sep-2026, 85.32, 85.03, 86.30, 84.25, 84.62, 84.58, 84.73, 134553, 114.01, 1291, 110241, 81.93
HDFCSILVER, EQ, 15-Sep-2026, 216.48, 216.45, 216.45, 213.72, 214.85, 214.48, 214.98, 3464974, 7449.17, 13377, 1544949, 44.59
HDFCSML250, EQ, 15-Sep-2026, 185.17, 186.62, 186.62, 180.40, 181.33, 180.83, 182.30, 3283413, 5985.67, 38142, 2434912, 74.16
HDFCVALUE, EQ, 15-Sep-2026, 122.49, 123.10, 123.25, 120.89, 121.03, 121.73, 122.09, 10278, 12.55, 153, 5491, 53.42
HDIL, BZ, 15-Sep-2026, 1.47, 1.50, 1.51, 1.45, 1.50, 1.49, 1.49, 107732, 1.60, 279, -, -
HEADSUP, EQ, 15-Sep-2026, 6.99, 7.15, 7.45, 6.88, 7.00, 6.98, 7.12, 7511, 0.53, 118, 6517, 86.77
HEALTHADD, EQ, 15-Sep-2026, 16.68, 16.50, 16.76, 16.45, 16.45, 16.50, 16.51, 66843, 11.03, 126, 62842, 94.01
HEALTHAXIS, EQ, 15-Sep-2026, 168.42, 168.42, 170.70, 166.00, 166.34, 166.40, 166.71, 3445, 5.74, 145, 2104, 61.07
HEALTHCARE, EQ, 15-Sep-2026, 21.71, 22.14, 22.14, 21.38, 21.41, 21.39, 21.52, 50176, 10.80, 408, 29981, 59.75
HEALTHIETF, EQ, 15-Sep-2026, 169.67, 169.67, 171.37, 167.50, 168.36, 167.86, 168.46, 136608, 230.13, 2276, 70002, 51.24
HEALTHX, EQ, 15-Sep-2026, 308.15, 309.00, 309.00, 301.00, 306.90, 305.55, 304.01, 1370, 4.16, 43, 1207, 88.10
HEALTHY, EQ, 15-Sep-2026, 16.96, 16.72, 17.54, 16.72, 16.88, 16.84, 16.90, 239809, 40.54, 1671, 145046, 60.48
HECPROJECT, EQ, 15-Sep-2026, 119.04, 121.49, 121.49, 116.31, 117.50, 117.53, 118.68, 3554, 4.22, 98, 2887, 81.23
HEG, BE, 15-Sep-2026, 237.20, 225.35, 229.35, 225.35, 225.35, 225.35, 225.41, 1510389, 3404.54, 8279, -, -
HEIDELBERG, EQ, 15-Sep-2026, 149.80, 153.50, 154.00, 145.10, 145.50, 145.97, 148.94, 283324, 421.98, 3996, 103015, 36.36
HEMIPROP, EQ, 15-Sep-2026, 120.62, 122.55, 122.97, 116.20, 116.88, 117.18, 118.22, 524451, 620.00, 5740, 247063, 47.11
HERANBA, EQ, 15-Sep-2026, 171.58, 172.43, 173.79, 165.00, 165.90, 165.95, 167.91, 25094, 42.13, 1471, 11895, 47.40
HERITGFOOD, EQ, 15-Sep-2026, 417.40, 419.50, 419.95, 391.30, 399.95, 393.85, 404.27, 572936, 2316.23, 18907, 229473, 40.05
HEROMOTOCO, EQ, 15-Sep-2026, 5221.50, 5287.50, 5327.50, 5166.00, 5166.00, 5166.00, 5261.63, 666103, 35047.88, 51649, 383983, 57.65
HESTERBIO, EQ, 15-Sep-2026, 2264.90, 2271.00, 2299.00, 2151.50, 2172.00, 2171.80, 2213.83, 4443, 98.36, 952, 2213, 49.81
HEXAGON, BE, 15-Sep-2026, 67.99, 68.98, 69.00, 64.31, 64.31, 64.54, 65.69, 140022, 91.98, 626, -, -
HEXATRADEX, EQ, 15-Sep-2026, 155.81, 156.26, 158.50, 155.99, 156.02, 156.06, 156.13, 5215, 8.14, 54, 4866, 93.31
HEXT, EQ, 15-Sep-2026, 497.05, 497.75, 527.20, 497.75, 518.00, 517.50, 518.98, 441056, 2288.99, 26504, 109365, 24.80
HFCL, BE, 15-Sep-2026, 233.69, 230.50, 234.70, 222.01, 222.01, 222.01, 225.01, 5197660, 11695.37, 42559, -, -
HGINFRA, EQ, 15-Sep-2026, 484.00, 484.00, 484.00, 471.00, 471.10, 471.80, 475.03, 46258, 219.74, 3060, 29628, 64.05
HGM, EQ, 15-Sep-2026, 48.68, 48.49, 48.49, 45.99, 46.50, 46.77, 47.24, 5577, 2.63, 104, 5317, 95.34
HGS, EQ, 15-Sep-2026, 381.45, 381.45, 391.50, 380.05, 383.90, 381.60, 384.88, 8605, 33.12, 623, 5345, 62.12
HIGREEN, SM, 15-Sep-2026, 120.15, 119.30, 125.70, 119.30, 120.10, 121.50, 123.45, 13600, 16.79, 17, 9600, 70.59
HIKAL, EQ, 15-Sep-2026, 224.95, 227.87, 227.87, 210.15, 211.50, 212.22, 217.24, 851825, 1850.54, 21184, 359891, 42.25
HILINFRA, EQ, 15-Sep-2026, 41.53, 41.04, 45.50, 40.10, 42.99, 43.60, 41.81, 189762, 79.34, 2074, 63584, 33.51
HILTON, EQ, 15-Sep-2026, 18.06, 17.71, 18.29, 17.16, 17.30, 17.29, 17.59, 144053, 25.34, 563, 104335, 72.43
HIMATSEIDE, EQ, 15-Sep-2026, 67.83, 67.99, 68.21, 64.81, 65.35, 65.12, 66.06, 571755, 377.69, 5094, 377116, 65.96
HINDADH, EQ, 15-Sep-2026, 369.10, 369.10, 376.00, 354.10, 375.80, 371.95, 370.96, 5611, 20.81, 158, 5245, 93.48
HINDALCO, EQ, 15-Sep-2026, 981.50, 980.10, 981.00, 958.70, 958.70, 958.70, 968.55, 2245506, 21748.83, 92323, 1269156, 56.52
HINDALUMI, EQ, 15-Sep-2026, 96.18, 98.00, 98.99, 93.46, 96.00, 95.09, 95.95, 2235, 2.14, 148, 1495, 66.89
HINDCOMPOS, EQ, 15-Sep-2026, 376.45, 376.10, 385.90, 372.55, 381.50, 379.45, 379.79, 2565, 9.74, 219, 1982, 77.27
HINDCON, EQ, 15-Sep-2026, 24.09, 23.20, 24.50, 23.20, 24.19, 23.74, 24.02, 23558, 5.66, 219, 18897, 80.21
HINDCOPPER, EQ, 15-Sep-2026, 514.50, 513.95, 513.95, 490.55, 493.70, 492.10, 499.92, 6982438, 34906.76, 141993, 3605965, 51.64
HINDOILEXP, EQ, 15-Sep-2026, 185.22, 185.50, 186.30, 174.01, 175.20, 175.72, 179.62, 844381, 1516.67, 12344, 392975, 46.54
HINDPETRO, EQ, 15-Sep-2026, 352.00, 352.65, 355.20, 344.20, 345.30, 345.30, 349.64, 2494296, 8721.02, 36050, 1121476, 44.96
HINDUNILVR, EQ, 15-Sep-2026, 1927.00, 1944.00, 1969.40, 1933.80, 1938.10, 1938.10, 1955.84, 1715702, 33556.46, 59743, 1014913, 59.15
HINDWAREAP, EQ, 15-Sep-2026, 178.40, 178.96, 181.29, 174.00, 174.00, 174.42, 177.19, 75927, 134.53, 2827, 39182, 51.60
HINDZINC, EQ, 15-Sep-2026, 576.45, 574.95, 574.95, 560.90, 560.90, 560.90, 567.28, 2402454, 13628.55, 64983, 1396193, 58.12
HIRECT, EQ, 15-Sep-2026, 1245.40, 1252.70, 1255.00, 1191.00, 1206.90, 1204.90, 1221.18, 59699, 729.03, 6158, 30119, 50.45
HISARMETAL, EQ, 15-Sep-2026, 157.20, 157.20, 158.90, 153.22, 156.00, 155.53, 155.78, 327, 0.51, 36, 259, 79.20
HITECH, EQ, 15-Sep-2026, 76.39, 76.77, 77.00, 73.23, 74.00, 73.61, 74.65, 553825, 413.42, 5549, 335487, 60.58
HITECHCORP, BE, 15-Sep-2026, 334.50, 336.15, 339.00, 325.10, 332.40, 327.90, 330.65, 8272, 27.35, 66, -, -
HITECHGEAR, BE, 15-Sep-2026, 567.45, 572.00, 572.00, 545.00, 563.95, 551.80, 551.34, 1883, 10.38, 59, -, -
HLEGLAS, EQ, 15-Sep-2026, 404.35, 415.00, 429.80, 388.90, 392.60, 395.40, 411.40, 745010, 3064.96, 30046, 228768, 30.71
HLVLTD, EQ, 15-Sep-2026, 6.38, 6.40, 6.55, 6.22, 6.29, 6.26, 6.34, 150511, 9.54, 586, 119667, 79.51
HMAAGRO, EQ, 15-Sep-2026, 20.07, 20.08, 24.05, 19.99, 23.55, 23.41, 23.20, 35613186, 8261.67, 92216, 7985931, 22.42
HMT, BZ, 15-Sep-2026, 63.36, 62.50, 63.49, 61.00, 61.00, 61.09, 61.94, 10848, 6.72, 139, -, -
HMVL, BE, 15-Sep-2026, 79.90, 79.10, 81.70, 77.75, 77.75, 78.03, 78.33, 2537, 1.99, 73, -, -
HNDFDS, EQ, 15-Sep-2026, 618.70, 618.40, 620.00, 595.00, 595.00, 598.15, 605.81, 67519, 409.04, 5553, 37438, 55.45
HNGSNGBEES, EQ, 15-Sep-2026, 463.91, 469.55, 471.01, 462.81, 465.35, 465.43, 467.33, 115384, 539.22, 5995, 73930, 64.07
HOACFOODS, ST, 15-Sep-2026, 913.20, 913.10, 913.10, 894.95, 894.95, 894.95, 900.50, 4875, 43.90, 12, 4875, 100.00
HOLMARC, SM, 15-Sep-2026, 108.70, 109.20, 114.10, 109.00, 114.10, 114.10, 113.46, 21750, 24.68, 13, 21750, 100.00
HOMEFIRST, EQ, 15-Sep-2026, 1184.50, 1184.40, 1194.90, 1170.80, 1175.20, 1175.30, 1178.70, 137211, 1617.31, 14614, 93618, 68.23
HONASA, EQ, 15-Sep-2026, 471.15, 471.15, 476.20, 455.15, 460.00, 457.25, 463.57, 707821, 3281.27, 25195, 408549, 57.72
HONAUT, EQ, 15-Sep-2026, 34580.00, 34590.00, 34870.00, 33500.00, 33650.00, 33595.00, 33945.78, 2651, 899.90, 1982, 1289, 48.62
HONDAPOWER, EQ, 15-Sep-2026, 1953.00, 1966.90, 1979.90, 1904.50, 1925.00, 1926.60, 1938.05, 3003, 58.20, 454, 2057, 68.50
HORIZONIND, EQ, 15-Sep-2026, 55.67, 56.10, 56.55, 53.10, 53.99, 53.59, 54.69, 3996553, 2185.67, 13425, 2434143, 60.91
HPAL, EQ, 15-Sep-2026, 37.91, 38.00, 38.65, 35.00, 36.24, 35.41, 36.17, 64781, 23.43, 1522, 40341, 62.27
HPIL, EQ, 15-Sep-2026, 123.87, 124.48, 124.48, 118.50, 118.50, 119.77, 120.41, 353, 0.43, 24, 349, 98.87
HPL, EQ, 15-Sep-2026, 292.00, 292.00, 294.00, 282.00, 282.00, 283.20, 286.12, 76209, 218.05, 3455, 45728, 60.00
HPTL, SM, 15-Sep-2026, 358.15, 350.00, 376.05, 350.00, 375.00, 375.00, 369.27, 13200, 48.74, 22, 10800, 81.82
HRHNEXT, SM, 15-Sep-2026, 23.65, 24.45, 24.45, 24.40, 24.40, 24.40, 24.42, 16500, 4.03, 5, 16500, 100.00
HRYNSHP, EQ, 15-Sep-2026, 100.84, 100.10, 101.00, 95.99, 96.00, 96.38, 98.25, 1212, 1.19, 48, 1159, 95.63
HSBCGOLD, EQ, 15-Sep-2026, 131.94, 131.90, 132.35, 128.09, 128.09, 130.59, 130.58, 17672, 23.08, 158, 10384, 58.76
HSCL, EQ, 15-Sep-2026, 664.90, 665.00, 667.40, 632.50, 635.90, 637.25, 650.19, 7510515, 48832.76, 75233, 1768479, 23.55
HTEL, BE, 15-Sep-2026, 85.60, 83.60, 86.45, 81.32, 81.32, 81.32, 82.67, 1461646, 1208.29, 4537, -, -
HTMEDIA, EQ, 15-Sep-2026, 24.92, 25.36, 25.49, 22.81, 23.00, 23.55, 24.01, 254895, 61.19, 628, 213065, 83.59
HUBTOWN, EQ, 15-Sep-2026, 181.21, 182.28, 182.28, 172.20, 173.05, 173.18, 176.37, 309472, 545.82, 4173, 195385, 63.13
HUDCO, EQ, 15-Sep-2026, 172.76, 173.00, 174.75, 168.50, 168.89, 168.92, 170.46, 1454761, 2479.80, 27132, 880314, 60.51
HUHTAMAKI, EQ, 15-Sep-2026, 254.40, 258.00, 258.00, 239.45, 240.55, 242.15, 245.18, 241632, 592.43, 5217, 131883, 54.58
HVAX, SM, 15-Sep-2026, 669.00, 670.00, 670.00, 635.55, 635.55, 635.55, 642.34, 3750, 24.09, 10, 3600, 96.00
HYBRIDETF, EQ, 15-Sep-2026, 10.04, 10.04, 10.04, 9.85, 9.86, 9.86, 9.92, 94732, 9.40, 185, 94674, 99.94
HYBRIDFIN, BE, 15-Sep-2026, 16.61, 16.20, 16.80, 16.20, 16.21, 16.21, 16.47, 2859, 0.47, 26, -, -
HYUNDAI, EQ, 15-Sep-2026, 2174.00, 2187.90, 2217.90, 2130.50, 2140.00, 2140.00, 2179.65, 451786, 9847.35, 33770, 178661, 39.55
IBLFL, SM, 15-Sep-2026, 61.00, 61.00, 61.20, 61.00, 61.20, 61.20, 61.10, 4000, 2.44, 2, 4000, 100.00
IBULLSLTD, EQ, 15-Sep-2026, 26.14, 27.44, 27.44, 27.44, 27.44, 27.44, 27.44, 2593006, 711.52, 1849, 2586956, 99.77
ICDSLTD, BE, 15-Sep-2026, 62.52, 62.83, 63.50, 60.01, 63.25, 63.15, 62.11, 2403, 1.49, 32, -, -
ICELCO, SM, 15-Sep-2026, 125.20, 123.00, 123.00, 120.10, 120.10, 120.10, 120.66, 40800, 49.23, 29, 30000, 73.53
ICEMAKE, EQ, 15-Sep-2026, 730.10, 728.00, 728.00, 691.25, 691.25, 695.55, 707.17, 33055, 233.75, 2124, 20936, 63.34
ICICIAMC, EQ, 15-Sep-2026, 3041.50, 3021.70, 3114.90, 3021.70, 3065.00, 3065.00, 3079.04, 840166, 25869.03, 61053, 520219, 61.92
ICICIB22, EQ, 15-Sep-2026, 113.16, 115.42, 115.42, 111.14, 111.46, 111.33, 112.02, 463142, 518.81, 6924, 261672, 56.50
ICICIBANK, EQ, 15-Sep-2026, 1379.30, 1379.30, 1390.00, 1350.40, 1350.40, 1350.40, 1357.84, 10133488, 137596.86, 210192, 6648943, 65.61
ICICIGI, EQ, 15-Sep-2026, 1459.80, 1460.00, 1463.00, 1423.10, 1427.70, 1427.70, 1436.72, 951910, 13676.30, 34745, 515035, 54.11
ICICIPRULI, EQ, 15-Sep-2026, 471.50, 471.60, 472.20, 457.60, 457.60, 457.60, 464.48, 941756, 4374.31, 50150, 544588, 57.83
ICIL, EQ, 15-Sep-2026, 443.25, 443.25, 444.35, 423.10, 425.10, 427.10, 435.19, 281524, 1225.17, 13589, 123218, 43.77
ICRA, EQ, 15-Sep-2026, 4728.90, 4787.00, 4787.00, 4600.20, 4649.90, 4643.30, 4675.64, 17598, 822.82, 4305, 9833, 55.88
IDBI, EQ, 15-Sep-2026, 83.43, 84.00, 88.53, 82.69, 83.00, 82.95, 85.96, 50187288, 43139.21, 142330, 16100301, 32.08
IDEA, EQ, 15-Sep-2026, 14.97, 15.06, 15.07, 14.43, 14.45, 14.45, 14.68, 368743044, 54138.87, 428504, 140168133, 38.01
IDEAFORGE, EQ, 15-Sep-2026, 733.95, 733.90, 740.25, 702.30, 705.75, 704.25, 715.94, 238794, 1709.62, 19129, 138243, 57.89
IDENTICAL, SM, 15-Sep-2026, 18.85, 18.00, 18.90, 17.10, 18.00, 18.00, 17.93, 16000, 2.87, 8, 8000, 50.00
IDFCFIRSTB, EQ, 15-Sep-2026, 86.21, 86.56, 86.65, 84.80, 84.80, 84.80, 85.69, 25183922, 21579.85, 68446, 15090849, 59.92
IDFNIFTYET, EQ, 15-Sep-2026, 258.60, 258.60, 262.60, 255.55, 256.71, 256.87, 259.27, 1273, 3.30, 88, 744, 58.44
IEML, ST, 15-Sep-2026, 40.45, 41.55, 42.45, 40.85, 41.00, 41.20, 41.78, 86500, 36.14, 65, 85000, 98.27
IEX, EQ, 15-Sep-2026, 113.88, 113.88, 114.24, 111.82, 112.00, 112.00, 112.68, 5438969, 6128.52, 41894, 2852281, 52.44
IFBAGRO, EQ, 15-Sep-2026, 884.45, 898.00, 898.00, 859.00, 860.00, 861.10, 867.28, 2760, 23.94, 283, 1927, 69.82
IFBIND, EQ, 15-Sep-2026, 1300.10, 1310.70, 1310.70, 1255.00, 1268.60, 1272.00, 1274.72, 43228, 551.04, 5122, 18339, 42.42
IFCI, EQ, 15-Sep-2026, 82.29, 83.00, 83.98, 76.34, 77.34, 76.95, 78.84, 81195084, 64014.30, 201604, 16181360, 19.93
IFGLEXPOR, EQ, 15-Sep-2026, 206.08, 202.99, 206.60, 198.20, 201.90, 200.33, 202.57, 26283, 53.24, 967, 13381, 50.91
IGARASHI, EQ, 15-Sep-2026, 414.30, 414.90, 476.90, 411.00, 433.40, 437.05, 454.91, 13011373, 59190.45, 265188, 503412, 3.87
IGCL, EQ, 15-Sep-2026, 67.61, 67.99, 67.99, 62.63, 66.60, 65.59, 64.35, 238447, 153.44, 2715, 91670, 38.44
IGIL, EQ, 15-Sep-2026, 314.30, 320.00, 323.60, 312.25, 316.00, 313.10, 317.03, 503750, 1597.06, 26434, 296474, 58.85
IGL, EQ, 15-Sep-2026, 151.98, 151.98, 152.42, 149.00, 149.37, 150.03, 151.13, 1069089, 1615.71, 28957, 663857, 62.10
IGPL, EQ, 15-Sep-2026, 547.05, 544.40, 547.00, 516.40, 519.85, 525.25, 532.07, 69170, 368.03, 4668, 37609, 54.37
IIFL, EQ, 15-Sep-2026, 600.60, 599.00, 599.00, 573.30, 579.10, 581.05, 583.77, 2152091, 12563.36, 58307, 997336, 46.34
IIFLCAPS, EQ, 15-Sep-2026, 339.05, 340.00, 340.40, 335.45, 336.05, 336.50, 337.46, 305457, 1030.79, 8386, 213838, 70.01
IITL, EQ, 15-Sep-2026, 149.01, 148.27, 155.00, 147.02, 155.00, 148.84, 148.72, 96948, 144.19, 794, 14835, 15.30
IKIO, EQ, 15-Sep-2026, 223.87, 223.85, 223.87, 210.00, 211.00, 211.06, 215.44, 350513, 755.16, 7979, 149172, 42.56
IKS, EQ, 15-Sep-2026, 1740.60, 1762.80, 1800.00, 1747.00, 1780.00, 1783.00, 1784.60, 172263, 3074.20, 27334, 92112, 53.47
IL&FSENGG, BZ, 15-Sep-2026, 38.54, 38.54, 39.98, 37.50, 39.25, 39.17, 38.82, 25777, 10.01, 58, -, -
IL&FSTRANS, BZ, 15-Sep-2026, 2.01, 2.06, 2.06, 1.91, 1.98, 1.92, 1.96, 114199, 2.24, 96, -, -
IMAGICAA, EQ, 15-Sep-2026, 52.33, 52.35, 52.68, 50.05, 50.69, 50.43, 51.29, 686219, 351.95, 4180, 359924, 52.45
IMFA, EQ, 15-Sep-2026, 1243.50, 1245.00, 1271.00, 1215.00, 1219.40, 1220.80, 1243.74, 142336, 1770.29, 14719, 62238, 43.73
IMPAL, EQ, 15-Sep-2026, 1113.20, 1113.20, 1120.50, 1074.90, 1078.00, 1077.80, 1092.25, 2157, 23.56, 304, 1512, 70.10
IMPEXFERRO, BZ, 15-Sep-2026, 5.18, 5.28, 5.28, 5.28, 5.28, 5.28, 5.28, 83788, 4.42, 71, -, -
INA, EQ, 15-Sep-2026, 92.98, 90.00, 90.81, 84.78, 86.68, 86.93, 87.24, 1853188, 1616.77, 14108, 767317, 41.41
INCREDIBLE, EQ, 15-Sep-2026, 33.58, 34.25, 34.50, 31.57, 33.50, 33.46, 33.20, 3062, 1.02, 85, 2111, 68.94
INDBANK, EQ, 15-Sep-2026, 27.64, 27.64, 28.19, 26.53, 26.90, 26.71, 27.03, 37094, 10.03, 543, 24549, 66.18
INDGN, EQ, 15-Sep-2026, 578.35, 581.80, 584.85, 568.30, 570.85, 571.50, 574.09, 317962, 1825.39, 20544, 187817, 59.07
INDHOTEL, EQ, 15-Sep-2026, 718.50, 724.00, 737.75, 710.85, 715.00, 715.00, 725.74, 2423706, 17589.82, 42390, 1190570, 49.12
INDIACEM, EQ, 15-Sep-2026, 346.90, 346.00, 347.50, 333.00, 333.60, 336.00, 340.18, 61327, 208.62, 4706, 30445, 49.64
INDIAGLYCO, BE, 15-Sep-2026, 294.90, 290.00, 291.80, 280.20, 280.20, 280.20, 282.15, 52712, 148.73, 1209, -, -
INDIAMART, EQ, 15-Sep-2026, 1695.00, 1713.80, 1713.80, 1652.00, 1675.00, 1659.50, 1671.19, 56056, 936.80, 7708, 27302, 48.70
INDIANB, EQ, 15-Sep-2026, 853.50, 854.20, 859.50, 833.80, 836.75, 836.75, 844.14, 754029, 6365.04, 28271, 444895, 59.00
INDIANCARD, EQ, 15-Sep-2026, 212.45, 212.70, 212.70, 206.02, 207.01, 207.35, 208.06, 589, 1.23, 81, 374, 63.50
INDIANHUME, EQ, 15-Sep-2026, 369.55, 371.30, 372.45, 351.70, 351.80, 354.00, 360.86, 31542, 113.82, 1508, 18579, 58.90
INDIASHLTR, EQ, 15-Sep-2026, 652.25, 653.00, 663.00, 640.50, 646.00, 647.25, 651.51, 99067, 645.43, 12109, 47382, 47.83
INDIGO, EQ, 15-Sep-2026, 4973.00, 4955.50, 4963.50, 4773.00, 4776.00, 4776.00, 4829.19, 860472, 41553.80, 59691, 442342, 51.41
INDIGOPNTS, EQ, 15-Sep-2026, 1089.30, 1083.00, 1090.90, 1047.20, 1057.90, 1061.90, 1061.09, 62095, 658.88, 11936, 29924, 48.19
INDIGRID, IV, 15-Sep-2026, 173.90, 173.90, 175.01, 173.10, 173.25, 173.19, 173.54, 464327, 805.77, 8386, 424532, 91.43
INDIQUBE, EQ, 15-Sep-2026, 202.87, 205.91, 205.91, 197.62, 199.00, 199.43, 200.10, 30153, 60.33, 565, 21073, 69.89
INDNIPPON, EQ, 15-Sep-2026, 1358.90, 1358.90, 1364.90, 1261.60, 1280.00, 1279.00, 1299.12, 96043, 1247.71, 8579, 40007, 41.66
INDOAMIN, BE, 15-Sep-2026, 126.92, 126.92, 127.40, 122.11, 122.57, 122.67, 124.49, 29985, 37.33, 353, -, -
INDOBORAX, EQ, 15-Sep-2026, 484.55, 482.00, 485.35, 457.20, 464.40, 460.80, 468.21, 103157, 483.00, 5244, 45264, 43.88
INDOCO, EQ, 15-Sep-2026, 263.02, 263.02, 265.92, 238.50, 242.40, 241.39, 248.78, 354504, 881.94, 9676, 135387, 38.19
INDOFARM, EQ, 15-Sep-2026, 141.66, 142.00, 142.01, 135.10, 136.89, 136.07, 137.56, 72050, 99.12, 1987, 34121, 47.36
INDOKEM, EQ, 15-Sep-2026, 613.85, 644.00, 644.00, 596.00, 614.90, 611.70, 612.28, 3603, 22.06, 326, 2339, 64.92
INDOMIM, EQ, 15-Sep-2026, 1018.20, 1026.00, 1026.00, 960.10, 975.00, 975.65, 989.58, 1440023, 14250.20, 56087, 557595, 38.72
INDORAMA, EQ, 15-Sep-2026, 86.50, 90.00, 96.50, 81.56, 81.78, 82.81, 90.05, 4750924, 4278.09, 39425, 1428271, 30.06
INDOSTAR, EQ, 15-Sep-2026, 244.38, 243.16, 246.19, 230.15, 232.00, 233.07, 235.83, 94427, 222.69, 2316, 49563, 52.49
INDOTECH, EQ, 15-Sep-2026, 3522.90, 3522.90, 3544.30, 3346.80, 3346.80, 3377.20, 3406.86, 32734, 1115.20, 3149, 19324, 59.03
INDOTHAI, EQ, 15-Sep-2026, 41.17, 39.12, 40.00, 39.12, 39.12, 39.12, 39.13, 690854, 270.35, 1333, 440253, 63.73
INDOUS, EQ, 15-Sep-2026, 78.24, 79.90, 81.00, 76.00, 78.29, 78.29, 78.24, 2244, 1.76, 94, 1869, 83.29
INDOWIND, EQ, 15-Sep-2026, 9.09, 9.20, 9.20, 8.86, 8.89, 8.90, 9.04, 81422, 7.36, 501, 63022, 77.40
INDPRUD, EQ, 15-Sep-2026, 6250.00, 6260.00, 6260.00, 6080.00, 6080.00, 6081.00, 6217.57, 67, 4.17, 17, 67, 100.00
INDRAMEDCO, EQ, 15-Sep-2026, 355.00, 355.00, 360.00, 351.35, 355.00, 354.55, 355.42, 259219, 921.32, 9105, 169419, 65.36
INDSWFTLAB, EQ, 15-Sep-2026, 385.35, 394.45, 394.60, 376.00, 376.65, 378.75, 381.91, 366134, 1398.28, 7619, 188852, 51.58
INDTERRAIN, EQ, 15-Sep-2026, 28.85, 30.30, 30.35, 28.00, 28.02, 28.01, 28.25, 30326, 8.57, 322, 26046, 85.89
INDUSINDBK, EQ, 15-Sep-2026, 978.20, 978.20, 984.50, 955.00, 956.50, 956.50, 964.30, 1511601, 14576.42, 55410, 889994, 58.88
INDUSINVIT, IV, 15-Sep-2026, 132.57, 133.00, 133.64, 131.90, 132.88, 132.35, 132.40, 74876, 99.13, 4022, 55836, 74.57
INDUSTOWER, EQ, 15-Sep-2026, 388.00, 390.80, 390.80, 378.70, 379.00, 379.00, 383.73, 3807593, 14610.70, 56789, 2221802, 58.35
INFINIUM, SM, 15-Sep-2026, 266.20, 281.50, 283.00, 270.00, 270.00, 272.50, 276.17, 8500, 23.47, 17, 7000, 82.35
INFLUX, SM, 15-Sep-2026, 270.95, 263.35, 279.95, 226.00, 258.10, 258.90, 262.74, 49800, 130.85, 81, 36000, 72.29
INFOBEAN, EQ, 15-Sep-2026, 154.01, 154.22, 161.75, 152.15, 153.27, 153.13, 157.13, 416949, 655.14, 5373, 119613, 28.69
INFOLLION, SM, 15-Sep-2026, 158.05, 158.05, 159.40, 155.05, 156.00, 156.65, 157.44, 8400, 13.22, 17, 6400, 76.19
INFOMEDIA, EQ, 15-Sep-2026, 5.20, 5.11, 5.43, 5.11, 5.38, 5.18, 5.31, 2424, 0.13, 87, 1916, 79.04
INFRA, EQ, 15-Sep-2026, 11.91, 11.93, 11.93, 11.55, 11.55, 11.55, 11.71, 173654, 20.33, 538, 113585, 65.41
INFRABEES, EQ, 15-Sep-2026, 943.65, 938.93, 948.37, 920.00, 927.61, 925.85, 930.30, 14798, 137.67, 1344, 9141, 61.77
INFRAIETF, EQ, 15-Sep-2026, 94.18, 94.98, 94.98, 91.69, 92.34, 91.91, 92.27, 181412, 167.39, 6651, 113694, 62.67
INFY, EQ, 15-Sep-2026, 1037.70, 1085.00, 1097.70, 1071.70, 1077.00, 1077.00, 1083.60, 14816117, 160546.81, 246743, 7570972, 51.10
INGERRAND, EQ, 15-Sep-2026, 4573.00, 4551.60, 4611.30, 4301.40, 4355.00, 4344.30, 4436.68, 31530, 1398.89, 6175, 14247, 45.19
INNOMET, ST, 15-Sep-2026, 283.00, 283.00, 288.65, 277.35, 288.65, 288.65, 286.33, 70800, 202.72, 56, 63600, 89.83
INNOVACAP, EQ, 15-Sep-2026, 1147.20, 1147.20, 1236.10, 1125.20, 1133.00, 1140.10, 1178.36, 216521, 2551.39, 23042, 52506, 24.25
INNOVANA, EQ, 15-Sep-2026, 327.00, 334.00, 336.35, 303.00, 303.70, 306.10, 316.20, 29412, 93.00, 725, 4909, 16.69
INNOVISION, EQ, 15-Sep-2026, 260.35, 260.80, 261.00, 255.00, 256.15, 255.35, 257.64, 13741, 35.40, 776, 7107, 51.72
INOXGREEN, EQ, 15-Sep-2026, 178.21, 177.92, 177.92, 169.66, 171.50, 173.22, 173.21, 1508686, 2613.14, 11303, 651383, 43.18
INOXINDIA, EQ, 15-Sep-2026, 2246.60, 2250.00, 2265.00, 1982.00, 2005.90, 1992.80, 2068.46, 531067, 10984.90, 64629, 237072, 44.64
INOXWIND, EQ, 15-Sep-2026, 76.50, 76.88, 76.94, 73.72, 74.35, 74.35, 74.70, 9034365, 6748.24, 31232, 3375775, 37.37
INSECTICID, EQ, 15-Sep-2026, 609.70, 609.70, 618.00, 591.05, 592.10, 594.80, 598.90, 10796, 64.66, 900, 6380, 59.10
INSPIRISYS, EQ, 15-Sep-2026, 85.43, 84.05, 88.00, 81.35, 81.35, 81.78, 83.05, 5846, 4.85, 97, 5263, 90.03
INSUREIETF, EQ, 15-Sep-2026, 14.76, 14.76, 14.77, 14.39, 14.54, 14.48, 14.52, 646486, 93.87, 419, 580961, 89.86
INTELLECT, EQ, 15-Sep-2026, 682.60, 684.15, 696.60, 659.50, 662.50, 662.85, 677.83, 405465, 2748.35, 19597, 187382, 46.21
INTENTECH, EQ, 15-Sep-2026, 78.53, 78.00, 80.28, 77.01, 78.15, 77.76, 78.63, 8255, 6.49, 287, 3213, 38.92
INTERARCH, EQ, 15-Sep-2026, 1728.20, 1751.00, 1751.00, 1668.50, 1685.00, 1684.30, 1696.87, 49337, 837.19, 5741, 32439, 65.75
INTERNET, EQ, 15-Sep-2026, 14.87, 14.86, 14.87, 14.39, 14.39, 14.45, 14.64, 237631, 34.80, 580, 124217, 52.27
INTLCONV, EQ, 15-Sep-2026, 78.27, 78.80, 79.80, 75.20, 75.53, 76.04, 77.16, 38383, 29.62, 2124, 23530, 61.30
INVENTURE, EQ, 15-Sep-2026, 0.92, 0.93, 0.93, 0.91, 0.91, 0.91, 0.92, 357866, 3.28, 422, 235435, 65.79
INVICTA, SM, 15-Sep-2026, 68.00, 67.00, 67.05, 66.80, 67.00, 67.00, 66.98, 12800, 8.57, 7, 8000, 62.50
INVPRECQ, BE, 15-Sep-2026, 1405.80, 1377.70, 1377.70, 1377.70, 1377.70, 1377.70, 1377.70, 8851, 121.94, 64, -, -
IOB, EQ, 15-Sep-2026, 33.07, 33.24, 33.30, 32.12, 32.50, 32.38, 32.64, 2198392, 717.46, 13676, 1079210, 49.09
IOC, EQ, 15-Sep-2026, 135.11, 135.50, 135.69, 132.03, 132.03, 132.03, 133.75, 10870933, 14539.56, 62817, 6853228, 63.04
IOLCP, EQ, 15-Sep-2026, 194.31, 195.11, 197.90, 176.30, 182.04, 179.52, 184.51, 5315214, 9807.23, 58525, 2261390, 42.55
IONEXCHANG, EQ, 15-Sep-2026, 445.70, 446.85, 457.20, 430.00, 433.25, 432.00, 442.74, 401926, 1779.50, 19674, 175152, 43.58
IPCALAB, EQ, 15-Sep-2026, 1968.50, 1976.70, 1995.90, 1924.00, 1938.90, 1932.40, 1953.63, 274487, 5362.45, 41195, 174308, 63.50
IPHL, SM, 15-Sep-2026, 75.50, 73.65, 73.65, 71.00, 71.50, 71.25, 72.10, 16800, 12.11, 13, 13200, 78.57
IPL, EQ, 15-Sep-2026, 133.69, 134.10, 134.28, 132.01, 132.78, 132.68, 132.70, 99694, 132.29, 1586, 60923, 61.11
IPRINGLTD, EQ, 15-Sep-2026, 145.87, 142.10, 145.00, 136.00, 136.30, 137.02, 140.93, 1943, 2.74, 98, 1608, 82.76
IRB, EQ, 15-Sep-2026, 19.64, 19.83, 19.83, 19.08, 19.17, 19.18, 19.26, 9392762, 1809.14, 20153, 4684704, 49.88
IRBINVIT, IV, 15-Sep-2026, 64.16, 64.47, 64.47, 63.80, 63.93, 63.91, 63.98, 448609, 287.03, 5697, 403077, 89.85
IRCON, EQ, 15-Sep-2026, 113.26, 113.26, 113.95, 109.00, 109.30, 109.42, 111.23, 1868607, 2078.42, 33788, 900767, 48.21
IRCTC, EQ, 15-Sep-2026, 462.90, 464.00, 466.55, 457.00, 457.20, 458.55, 460.85, 660178, 3042.46, 34676, 373681, 56.60
IREDA, EQ, 15-Sep-2026, 111.71, 111.71, 112.08, 108.27, 109.00, 109.00, 109.96, 3982851, 4379.60, 35782, 1896538, 47.62
IRFC, EQ, 15-Sep-2026, 81.09, 81.09, 81.87, 79.00, 79.15, 79.15, 80.13, 8655447, 6935.33, 66490, 4219871, 48.75
IRIS, EQ, 15-Sep-2026, 245.39, 245.00, 251.39, 233.42, 239.00, 237.78, 241.69, 28017, 67.72, 1238, 12139, 43.33
IRISDOREME, EQ, 15-Sep-2026, 61.47, 61.89, 62.42, 57.21, 57.56, 58.09, 58.84, 514737, 302.86, 3213, 299566, 58.20
IRMENERGY, EQ, 15-Sep-2026, 280.25, 279.05, 283.40, 265.05, 265.05, 266.50, 271.81, 78878, 214.40, 3495, 36007, 45.65
ISFT, EQ, 15-Sep-2026, 79.48, 80.40, 80.40, 76.18, 76.90, 76.59, 77.68, 115249, 89.52, 1012, 8295, 7.20
ISGEC, EQ, 15-Sep-2026, 795.95, 801.80, 801.80, 770.00, 770.50, 773.85, 781.37, 33880, 264.73, 3630, 19398, 57.26
ISHAN, SM, 15-Sep-2026, 0.50, 0.50, 0.50, 0.50, 0.50, 0.50, 0.50, 528000, 2.64, 6, 528000, 100.00
ISHANCH, EQ, 15-Sep-2026, 44.84, 45.40, 45.40, 43.11, 44.40, 43.73, 44.31, 55167, 24.44, 174, 52799, 95.71
ISTLTD, EQ, 15-Sep-2026, 662.20, 662.20, 662.20, 635.00, 659.90, 661.20, 647.68, 311, 2.01, 42, 236, 75.88
IT, EQ, 15-Sep-2026, 32.13, 32.77, 33.85, 32.43, 32.72, 32.85, 33.43, 995806, 332.88, 2115, 319780, 32.11
ITADD, EQ, 15-Sep-2026, 30.75, 31.70, 32.28, 31.35, 31.40, 31.44, 31.96, 131176, 41.92, 253, 56479, 43.06
ITALIANE, SM, 15-Sep-2026, 31.00, 31.00, 31.00, 31.00, 31.00, 31.00, 31.00, 2000, 0.62, 1, 2000, 100.00
ITAXIS, EQ, 15-Sep-2026, 320.94, 324.38, 335.43, 324.35, 324.35, 325.36, 331.39, 12083, 40.04, 112, 7384, 61.11
ITBEES, EQ, 15-Sep-2026, 32.17, 32.97, 33.78, 32.51, 32.83, 32.87, 33.42, 26293348, 8786.16, 28310, 11948473, 45.44
ITBETA, EQ, 15-Sep-2026, 305.42, 312.00, 319.74, 311.15, 312.00, 312.00, 315.05, 1781, 5.61, 50, 1332, 74.79
ITC, EQ, 15-Sep-2026, 259.85, 261.00, 264.20, 258.00, 258.00, 258.00, 261.19, 12133201, 31691.16, 168656, 6580980, 54.24
ITCHOTELS, EQ, 15-Sep-2026, 153.69, 153.60, 155.25, 152.00, 152.20, 152.22, 153.36, 1141335, 1750.37, 19040, 662529, 58.05
ITDC, EQ, 15-Sep-2026, 690.85, 688.20, 689.85, 645.40, 645.40, 653.45, 662.22, 186964, 1238.12, 9630, 46971, 25.12
ITETF, EQ, 15-Sep-2026, 30.74, 31.70, 32.28, 31.33, 31.36, 31.37, 31.84, 430820, 137.16, 1089, 220002, 51.07
ITI, EQ, 15-Sep-2026, 262.85, 263.00, 267.95, 255.00, 255.30, 255.40, 258.95, 160701, 416.14, 5413, 70704, 44.00
ITIETF, EQ, 15-Sep-2026, 32.26, 32.50, 33.89, 32.50, 32.77, 32.87, 33.42, 1570613, 524.97, 2738, 489359, 31.16
ITL, EQ, 15-Sep-2026, 369.25, 378.95, 378.95, 366.00, 368.90, 367.50, 373.85, 412, 1.54, 66, 312, 75.73
IVALUE, EQ, 15-Sep-2026, 223.35, 228.00, 233.78, 223.35, 226.00, 225.70, 228.80, 112181, 256.67, 3590, 53866, 48.02
IVC, EQ, 15-Sep-2026, 9.11, 8.58, 8.58, 7.78, 7.95, 7.92, 8.04, 1241350, 99.85, 3046, 802468, 64.64
IVP, BE, 15-Sep-2026, 214.47, 215.00, 216.90, 207.50, 211.90, 209.79, 211.31, 6599, 13.94, 89, -, -
IVZBANKNF, EQ, 15-Sep-2026, 55.85, 56.37, 56.45, 55.70, 55.82, 55.71, 56.42, 10711, 6.04, 23, 10633, 99.27
IVZINGOLD, EQ, 15-Sep-2026, 131.90, 131.05, 131.70, 129.60, 129.70, 129.80, 130.75, 10693, 13.98, 256, 4974, 46.52
IVZINNIFTY, EQ, 15-Sep-2026, 269.29, 276.02, 276.02, 265.99, 267.04, 267.04, 267.62, 892, 2.39, 59, 708, 79.37
IVZSENSEX, EQ, 15-Sep-2026, 75.01, 75.01, 75.21, 74.45, 74.50, 74.50, 74.58, 2639, 1.97, 40, 2173, 82.34
IWARE, ST, 15-Sep-2026, 441.60, 442.00, 442.00, 419.55, 419.55, 420.25, 425.51, 19200, 81.70, 28, 19200, 100.00
IWP, EQ, 15-Sep-2026, 34.41, 36.00, 36.00, 34.10, 34.31, 34.85, 34.72, 7145, 2.48, 127, 5854, 81.93
IXIGO, EQ, 15-Sep-2026, 158.63, 159.20, 167.29, 159.00, 160.55, 161.02, 163.13, 2920496, 4764.27, 51635, 1374275, 47.06
IZMO, EQ, 15-Sep-2026, 906.80, 912.15, 940.00, 891.05, 895.00, 896.05, 916.61, 183154, 1678.80, 12759, 61727, 33.70
J&KBANK, EQ, 15-Sep-2026, 145.27, 145.27, 147.50, 143.75, 144.60, 144.75, 145.72, 3037724, 4426.69, 31862, 1639827, 53.98
JAGRAN, EQ, 15-Sep-2026, 62.09, 62.08, 62.93, 61.32, 62.00, 61.72, 62.11, 189794, 117.88, 2426, 108560, 57.20
JAGSNPHARM, EQ, 15-Sep-2026, 232.89, 234.60, 234.99, 223.16, 223.16, 225.83, 228.56, 57007, 130.30, 2748, 30030, 52.68
JAIBALAJI, EQ, 15-Sep-2026, 65.07, 65.38, 65.89, 62.00, 62.25, 62.25, 63.31, 672658, 425.85, 4421, 392917, 58.41
JAICORPLTD, EQ, 15-Sep-2026, 95.73, 97.40, 97.40, 92.30, 93.28, 92.64, 93.98, 336929, 316.64, 4118, 163795, 48.61
JAINIK, ST, 15-Sep-2026, 202.35, 200.95, 201.00, 200.00, 200.00, 200.00, 200.78, 6000, 12.05, 5, 6000, 100.00
JAINREC, EQ, 15-Sep-2026, 284.70, 286.90, 286.90, 273.15, 275.00, 274.70, 278.80, 694511, 1936.30, 18137, 318794, 45.90
JAIPURKURT, EQ, 15-Sep-2026, 25.57, 26.15, 26.15, 24.30, 24.90, 24.88, 24.85, 3714, 0.92, 67, 2371, 63.84
JAMNAAUTO, EQ, 15-Sep-2026, 135.46, 137.50, 139.40, 127.99, 128.60, 129.06, 132.37, 3184124, 4214.94, 50315, 1178399, 37.01
JARO, EQ, 15-Sep-2026, 454.05, 457.00, 478.20, 454.05, 475.50, 469.95, 469.17, 330906, 1552.52, 13019, 98807, 29.86
JASH, EQ, 15-Sep-2026, 514.05, 514.05, 523.95, 495.00, 496.80, 496.10, 503.80, 94635, 476.77, 4767, 58391, 61.70
JAYAGROGN, EQ, 15-Sep-2026, 244.13, 244.09, 244.13, 223.13, 228.00, 227.39, 233.76, 35008, 81.83, 1702, 21417, 61.18
JAYBARMARU, EQ, 15-Sep-2026, 116.58, 116.65, 119.13, 110.80, 112.70, 112.34, 113.16, 383222, 433.67, 5051, 189830, 49.54
JAYBEE, SM, 15-Sep-2026, 83.70, 86.00, 86.90, 82.10, 82.20, 82.25, 83.34, 21500, 17.92, 42, 17500, 81.40
JAYESH, SM, 15-Sep-2026, 130.75, 130.15, 130.15, 125.10, 125.10, 125.10, 128.78, 14000, 18.03, 10, 11000, 78.57
JAYKAY, EQ, 15-Sep-2026, 165.32, 169.40, 169.50, 156.25, 158.90, 158.45, 159.79, 519085, 829.45, 8636, 262327, 50.54
JAYKAY-RE1, BE, 15-Sep-2026, 87.07, 83.50, 87.10, 81.06, 82.50, 83.54, 83.68, 107174, 89.68, 947, -, -
JAYNECOIND, EQ, 15-Sep-2026, 89.97, 90.79, 90.79, 87.50, 89.02, 88.63, 88.78, 2854456, 2534.13, 20575, 1545935, 54.16
JAYSREETEA, EQ, 15-Sep-2026, 92.90, 93.10, 94.87, 90.51, 91.50, 91.64, 92.02, 41257, 37.96, 585, 28365, 68.75
JBMA, EQ, 15-Sep-2026, 620.30, 620.95, 626.00, 600.00, 602.00, 603.90, 612.61, 226951, 1390.32, 14975, 83132, 36.63
JENBURPH, EQ, 15-Sep-2026, 1003.90, 991.20, 1018.30, 971.00, 974.50, 974.10, 989.84, 4111, 40.69, 246, 3756, 91.36
JETFREIGHT, EQ, 15-Sep-2026, 20.07, 20.07, 20.28, 19.71, 20.20, 20.03, 19.95, 76485, 15.26, 451, 51158, 66.89
JEYYAM, ST, 15-Sep-2026, 20.90, 21.00, 21.00, 20.50, 20.95, 20.95, 20.87, 22000, 4.59, 6, 22000, 100.00
JFLLIFE, SM, 15-Sep-2026, 10.65, 10.65, 10.65, 10.15, 10.15, 10.15, 10.29, 24000, 2.47, 4, 24000, 100.00
JGCHEM, EQ, 15-Sep-2026, 592.05, 598.45, 600.00, 561.10, 569.00, 564.65, 573.22, 249766, 1431.71, 10264, 123259, 49.35
JHS, EQ, 15-Sep-2026, 8.43, 8.45, 9.39, 8.45, 8.80, 8.79, 8.99, 376577, 33.84, 838, 235632, 62.57
JINDALPHOT, EQ, 15-Sep-2026, 1010.90, 1001.50, 1154.00, 1001.50, 1100.30, 1099.60, 1113.13, 83635, 930.97, 3480, 40372, 48.27
JINDALPOLY, EQ, 15-Sep-2026, 671.30, 671.30, 738.40, 666.00, 738.40, 737.90, 726.94, 346025, 2515.40, 7097, 148378, 42.88
JINDALSAW, EQ, 15-Sep-2026, 311.95, 313.00, 313.90, 286.25, 289.00, 289.00, 296.66, 2584168, 7666.08, 50788, 1189012, 46.01
JINDALSTEL, EQ, 15-Sep-2026, 1120.50, 1119.70, 1119.70, 1090.50, 1095.00, 1095.00, 1100.12, 816410, 8981.46, 21349, 371086, 45.45
JINDRILL, EQ, 15-Sep-2026, 633.25, 640.00, 643.80, 596.00, 598.00, 598.65, 613.60, 319605, 1961.11, 12825, 107597, 33.67
JINDWORLD, EQ, 15-Sep-2026, 52.88, 53.50, 54.09, 47.60, 50.20, 49.44, 50.93, 10265488, 5228.58, 27587, 2824475, 27.51
JIOFIN, EQ, 15-Sep-2026, 229.90, 230.50, 231.80, 225.60, 225.60, 225.60, 229.19, 13273805, 30422.74, 85352, 6521630, 49.13
JISLDVREQS, EQ, 15-Sep-2026, 20.76, 20.56, 21.25, 20.56, 20.67, 20.67, 20.73, 2483, 0.51, 52, 2110, 84.98
JISLJALEQS, EQ, 15-Sep-2026, 29.71, 29.70, 29.83, 29.15, 29.16, 29.23, 29.32, 1419781, 416.24, 3766, 934562, 65.82
JITFINFRA, EQ, 15-Sep-2026, 290.35, 286.00, 291.00, 275.60, 277.10, 279.35, 282.46, 27837, 78.63, 1251, 17416, 62.56
JIWANRAM, SM, 15-Sep-2026, 4.30, 4.00, 4.10, 4.00, 4.10, 4.05, 4.03, 18000, 0.73, 3, 12000, 66.67
JKCEMENT, EQ, 15-Sep-2026, 4843.50, 4843.50, 4849.50, 4701.00, 4711.00, 4712.00, 4754.11, 24671, 1172.89, 6124, 14545, 58.96
JKIL, EQ, 15-Sep-2026, 475.85, 483.55, 486.95, 470.00, 471.00, 473.15, 477.55, 61527, 293.82, 3435, 36756, 59.74
JKIPL, EQ, 15-Sep-2026, 91.64, 94.60, 96.22, 92.35, 96.17, 95.18, 94.94, 16190, 15.37, 350, 10762, 66.47
JKLAKSHMI, EQ, 15-Sep-2026, 505.90, 506.00, 516.00, 500.25, 505.45, 504.90, 505.59, 138286, 699.17, 8015, 76125, 55.05
JKPAPER, EQ, 15-Sep-2026, 414.25, 414.25, 417.00, 400.00, 402.00, 402.10, 408.27, 256584, 1047.55, 8639, 103777, 40.45
JKTYRE, EQ, 15-Sep-2026, 353.95, 353.95, 355.00, 343.10, 345.25, 345.25, 349.45, 438110, 1530.97, 21960, 243400, 55.56
JLHL, EQ, 15-Sep-2026, 279.15, 278.00, 283.00, 270.65, 270.95, 275.55, 277.20, 62199, 172.41, 2524, 22276, 35.81
JMA, EQ, 15-Sep-2026, 93.22, 93.22, 95.00, 88.01, 90.10, 88.96, 90.61, 15451, 14.00, 400, 9404, 60.86
JMFINANCIL, EQ, 15-Sep-2026, 124.47, 124.80, 125.70, 120.10, 120.75, 121.21, 123.17, 2800356, 3449.34, 35051, 1221141, 43.61
JNKINDIA, EQ, 15-Sep-2026, 422.40, 425.00, 432.20, 411.00, 411.20, 415.05, 419.04, 142537, 597.29, 5269, 77524, 54.39
JNPR, EQ, 15-Sep-2026, 265.35, 265.40, 272.90, 261.80, 265.50, 264.50, 268.13, 840795, 2254.45, 31215, 266577, 31.71
JOCIL, EQ, 15-Sep-2026, 149.89, 145.40, 149.90, 140.70, 141.55, 142.39, 145.19, 8184, 11.88, 260, 5173, 63.21
JPOLYINVST, EQ, 15-Sep-2026, 989.50, 989.50, 1030.00, 965.00, 966.00, 967.05, 993.92, 23363, 232.21, 3332, 5817, 24.90
JPPOWER, EQ, 15-Sep-2026, 16.02, 16.02, 16.20, 15.55, 15.65, 15.64, 15.82, 30754969, 4864.39, 235713, 11980407, 38.95
JSFB, EQ, 15-Sep-2026, 516.85, 517.50, 527.70, 486.95, 493.00, 488.65, 502.16, 344324, 1729.04, 14394, 169568, 49.25
JSL, EQ, 15-Sep-2026, 756.10, 755.00, 760.00, 721.25, 726.05, 723.55, 735.65, 547512, 4027.76, 28959, 291448, 53.23
JSLL, EQ, 15-Sep-2026, 511.85, 514.80, 515.00, 497.00, 501.10, 500.25, 503.89, 305700, 1540.38, 12989, 181290, 59.30
JSWCEMENT, EQ, 15-Sep-2026, 118.87, 118.70, 119.33, 116.20, 117.00, 116.88, 117.35, 928470, 1089.52, 25759, 524013, 56.44
JSWDULUX, EQ, 15-Sep-2026, 3155.10, 3175.10, 3199.00, 3083.10, 3104.00, 3133.80, 3125.28, 50943, 1592.11, 9301, 30551, 59.97
JSWENERGY, EQ, 15-Sep-2026, 526.45, 526.45, 526.45, 505.00, 505.00, 505.00, 513.64, 897315, 4608.95, 36374, 434555, 48.43
JSWHL, EQ, 15-Sep-2026, 11449.00, 11449.00, 11543.00, 10787.00, 11025.00, 10967.00, 11035.12, 58618, 6468.57, 2663, 55056, 93.92
JSWINFRA, EQ, 15-Sep-2026, 343.15, 345.50, 349.20, 324.55, 326.50, 325.85, 335.43, 3396380, 11392.49, 113352, 1918123, 56.48
JSWSTEEL, EQ, 15-Sep-2026, 1265.00, 1265.00, 1267.70, 1229.20, 1229.20, 1229.20, 1246.51, 1030088, 12840.17, 76625, 542037, 52.62
JTEKTINDIA, EQ, 15-Sep-2026, 120.55, 121.25, 121.74, 117.00, 117.00, 117.36, 118.51, 93642, 110.98, 1802, 55041, 58.78
JTLIND, EQ, 15-Sep-2026, 88.68, 89.39, 89.39, 80.25, 82.60, 82.47, 84.71, 3227041, 2733.63, 19617, 1401640, 43.43
JUBLCPL, EQ, 15-Sep-2026, 2105.80, 2106.00, 2151.90, 2079.00, 2080.10, 2082.00, 2104.96, 4591, 96.64, 736, 2953, 64.32
JUBLFOOD, EQ, 15-Sep-2026, 470.25, 468.95, 472.95, 461.60, 466.00, 466.00, 465.97, 471771, 2198.30, 15035, 188925, 40.05
JUBLINGREA, EQ, 15-Sep-2026, 658.40, 658.05, 658.30, 627.00, 633.10, 630.50, 641.42, 165058, 1058.71, 12349, 76642, 46.43
JUBLPHARMA, EQ, 15-Sep-2026, 1025.20, 1040.00, 1041.00, 1002.15, 1005.00, 1011.95, 1019.43, 190713, 1944.19, 15894, 86538, 45.38
JUNIORBEES, EQ, 15-Sep-2026, 781.96, 797.60, 797.60, 757.68, 763.29, 762.71, 769.08, 586902, 4513.77, 25822, 392758, 66.92
JUNIPER, EQ, 15-Sep-2026, 221.12, 222.50, 223.91, 213.00, 214.00, 214.84, 217.27, 124447, 270.38, 3144, 66970, 53.81
JUSTDIAL, EQ, 15-Sep-2026, 665.55, 668.00, 669.95, 646.85, 659.90, 661.85, 657.34, 149638, 983.63, 5220, 57574, 38.48
JWL, EQ, 15-Sep-2026, 239.58, 241.00, 242.82, 230.40, 231.00, 231.17, 235.16, 630241, 1482.09, 17139, 338350, 53.69
JYOTHYLAB, EQ, 15-Sep-2026, 195.06, 196.25, 197.09, 191.00, 191.20, 192.22, 194.54, 405665, 789.18, 10312, 226634, 55.87
JYOTICNC, EQ, 15-Sep-2026, 985.00, 989.00, 990.60, 954.00, 963.35, 961.45, 973.98, 550288, 5359.69, 39974, 262999, 47.79
JYOTIGLOBL, SM, 15-Sep-2026, 47.45, 47.50, 48.45, 47.45, 48.45, 48.45, 47.80, 6000, 2.87, 3, 4000, 66.67
JYOTIRES, EQ, 15-Sep-2026, 867.85, 862.00, 875.00, 840.00, 844.00, 843.50, 848.58, 7780, 66.02, 991, 4618, 59.36
JYOTISTRUC, EQ, 15-Sep-2026, 9.69, 9.74, 9.90, 9.04, 9.20, 9.21, 9.36, 10215578, 955.87, 11190, 5393989, 52.80
K2INFRA, ST, 15-Sep-2026, 47.15, 46.55, 46.90, 44.80, 46.80, 45.20, 45.62, 30600, 13.96, 48, 27600, 90.20
KABRAEXTRU, EQ, 15-Sep-2026, 723.15, 741.90, 741.90, 650.85, 650.85, 650.85, 669.98, 313142, 2098.00, 10465, 154410, 49.31
KAJARIACER, EQ, 15-Sep-2026, 1226.40, 1226.40, 1226.70, 1211.00, 1211.00, 1213.60, 1216.31, 99558, 1210.93, 6827, 68642, 68.95
KAKATCEM, EQ, 15-Sep-2026, 109.57, 109.57, 110.70, 107.05, 109.95, 109.69, 109.20, 1411, 1.54, 34, 1204, 85.33
KALAMANDIR, EQ, 15-Sep-2026, 82.57, 82.57, 83.04, 78.45, 79.00, 78.97, 80.44, 748945, 602.48, 7014, 427495, 57.08
KALANA, SM, 15-Sep-2026, 19.25, 18.50, 18.50, 18.50, 18.50, 18.50, 18.50, 2000, 0.37, 1, 2000, 100.00
KALPATARU, EQ, 15-Sep-2026, 266.25, 266.00, 268.95, 253.00, 256.45, 255.45, 258.21, 80848, 208.76, 2363, 53886, 66.65
KALYANIFRG, BE, 15-Sep-2026, 1021.65, 1030.35, 1072.00, 1024.55, 1031.10, 1044.30, 1059.79, 7646, 81.03, 396, -, -
KALYANKJIL, EQ, 15-Sep-2026, 601.15, 610.00, 616.00, 604.20, 604.20, 604.20, 611.06, 8522494, 52077.62, 87287, 3017362, 35.40
KAMAHOLD, EQ, 15-Sep-2026, 2273.50, 2273.50, 2299.90, 2250.00, 2280.90, 2269.70, 2271.29, 8835, 200.67, 2562, 5295, 59.93
KAMANWALA, EQ, 15-Sep-2026, 17.46, 17.80, 17.80, 16.50, 17.00, 17.00, 17.00, 640, 0.11, 13, 440, 68.75
KAMATHOTEL, EQ, 15-Sep-2026, 224.20, 222.55, 225.89, 202.85, 211.61, 207.60, 211.16, 118268, 249.73, 3221, 59719, 50.49
KAMDHENU, BE, 15-Sep-2026, 39.09, 39.68, 39.70, 38.10, 38.68, 38.66, 38.73, 432685, 167.59, 2772, -, -
KAMOPAINTS, EQ, 15-Sep-2026, 4.33, 4.45, 4.45, 4.02, 4.26, 4.22, 4.22, 295047, 12.47, 878, 193072, 65.44
KANANIIND, EQ, 15-Sep-2026, 1.50, 1.49, 1.52, 1.40, 1.46, 1.44, 1.46, 194238, 2.83, 257, 169042, 87.03
KANCHI, EQ, 15-Sep-2026, 390.75, 388.80, 408.60, 379.35, 405.30, 392.50, 390.34, 1278, 4.99, 116, 1113, 87.09
KANCOTEA, EQ, 15-Sep-2026, 52.29, 52.31, 56.98, 52.31, 56.80, 56.80, 54.77, 1089, 0.60, 12, 1033, 94.86
KANDARP, SM, 15-Sep-2026, 72.85, 76.40, 76.40, 69.25, 69.25, 69.45, 69.93, 20000, 13.99, 20, 10000, 50.00
KANORICHEM, BE, 15-Sep-2026, 169.64, 178.12, 178.12, 178.12, 178.12, 178.12, 178.12, 67464, 120.17, 294, -, -
KANPRPLA, EQ, 15-Sep-2026, 264.60, 264.60, 264.60, 241.30, 244.80, 246.00, 253.18, 24653, 62.42, 1231, 12826, 52.03
KANSAINER, EQ, 15-Sep-2026, 188.60, 189.24, 190.02, 182.20, 183.40, 183.03, 185.75, 138520, 257.30, 5158, 77565, 56.00
KAPSTON, EQ, 15-Sep-2026, 588.20, 590.00, 590.00, 550.20, 565.00, 563.45, 572.75, 45325, 259.60, 2674, 26290, 58.00
KARMAENG, EQ, 15-Sep-2026, 39.63, 40.00, 40.00, 37.27, 37.30, 37.29, 38.15, 4644, 1.77, 101, 3102, 66.80
KARNIKA, SM, 15-Sep-2026, 119.25, 119.25, 120.10, 116.20, 116.20, 116.65, 118.72, 35000, 41.55, 20, 30000, 85.71
KARURVYSYA, EQ, 15-Sep-2026, 333.80, 333.80, 339.90, 322.75, 324.80, 324.45, 331.00, 1975015, 6537.27, 48676, 1051873, 53.26
KATARIA, SM, 15-Sep-2026, 138.95, 138.95, 150.00, 138.95, 150.00, 148.10, 144.54, 63000, 91.06, 64, 61800, 98.10
KAUSHALYA, BE, 15-Sep-2026, 825.20, 822.00, 841.90, 820.00, 841.90, 834.50, 823.94, 121, 1.00, 23, -, -
KAVDEFENCE, EQ, 15-Sep-2026, 69.33, 69.00, 80.00, 63.80, 72.00, 75.17, 74.33, 2090584, 1553.95, 18467, 746721, 35.72
KAYA, BE, 15-Sep-2026, 331.70, 328.10, 330.90, 315.20, 315.25, 316.10, 323.13, 4822, 15.58, 159, -, -
KAYNES, EQ, 15-Sep-2026, 3505.00, 3505.00, 3527.80, 3387.00, 3392.00, 3392.00, 3430.69, 689922, 23669.10, 55037, 229130, 33.21
KAYTEX, SM, 15-Sep-2026, 58.85, 58.85, 58.85, 56.90, 56.90, 56.90, 57.60, 3200, 1.84, 4, 3200, 100.00
KCEIL, SM, 15-Sep-2026, 76.05, 75.25, 76.00, 75.20, 75.30, 75.30, 75.41, 5000, 3.77, 10, 4500, 90.00
KCK, ST, 15-Sep-2026, 14.65, 14.10, 15.00, 14.05, 14.95, 14.95, 14.92, 265000, 39.53, 46, 262500, 99.06
KCP, EQ, 15-Sep-2026, 162.40, 162.40, 162.94, 158.18, 162.50, 159.15, 159.86, 118488, 189.42, 2370, 66605, 56.21
KCPSUGIND, BE, 15-Sep-2026, 31.09, 31.69, 31.69, 30.15, 30.21, 30.39, 30.49, 47617, 14.52, 248, -, -
KDDL, EQ, 15-Sep-2026, 3881.90, 3898.90, 3918.00, 3739.50, 3760.00, 3756.50, 3801.67, 23873, 907.57, 6072, 13165, 55.15
KDGREEN, EQ, 15-Sep-2026, 49.09, 49.44, 50.58, 45.95, 47.49, 46.61, 47.61, 33359, 15.88, 342, 23911, 71.68
KDL, SM, 15-Sep-2026, 93.45, 93.00, 93.45, 87.00, 88.75, 88.70, 89.73, 21450, 19.25, 110, 16800, 78.32
KEC, EQ, 15-Sep-2026, 406.40, 427.10, 429.60, 403.45, 405.85, 406.90, 411.44, 5009834, 20612.40, 89448, 1045900, 20.88
KECL, EQ, 15-Sep-2026, 124.21, 124.34, 124.60, 118.20, 120.95, 119.47, 120.54, 107901, 130.06, 2450, 56523, 52.38
KEEPLEARN, EQ, 15-Sep-2026, 1.89, 1.89, 1.92, 1.83, 1.89, 1.89, 1.88, 13270, 0.25, 81, 12979, 97.81
KEI, EQ, 15-Sep-2026, 4578.00, 4570.00, 4574.50, 4449.00, 4500.00, 4500.00, 4495.93, 371320, 16694.28, 33443, 157259, 42.35
KELLTONTEC, EQ, 15-Sep-2026, 13.77, 13.82, 14.70, 13.45, 13.54, 13.65, 14.18, 5613507, 796.10, 13374, 1272399, 22.67
KEN, SM, 15-Sep-2026, 38.70, 38.70, 38.70, 38.00, 38.00, 38.00, 38.19, 15600, 5.96, 10, 14400, 92.31
KENNAMET, EQ, 15-Sep-2026, 4682.40, 4700.00, 4739.60, 4210.50, 4249.60, 4266.40, 4379.62, 50119, 2195.02, 10560, 23024, 45.94
KERNEX, EQ, 15-Sep-2026, 1732.10, 1738.00, 1750.00, 1650.00, 1668.40, 1656.30, 1690.27, 124877, 2110.76, 13115, 60822, 48.71
KESORAMIND, BE, 15-Sep-2026, 12.01, 12.61, 12.61, 12.01, 12.61, 12.60, 12.59, 1546731, 194.72, 1239, -, -
KEYFINSERV, EQ, 15-Sep-2026, 239.20, 233.00, 254.75, 233.00, 246.00, 246.60, 240.11, 345, 0.83, 43, 311, 90.14
KFINTECH, EQ, 15-Sep-2026, 900.00, 901.80, 903.85, 880.00, 884.80, 884.80, 890.60, 761367, 6780.73, 23211, 337775, 44.36
KHADIM, BE, 15-Sep-2026, 121.01, 123.43, 123.43, 122.90, 123.43, 123.43, 123.39, 47601, 58.73, 107, -, -
KHAICHEM, EQ, 15-Sep-2026, 54.03, 54.43, 54.50, 50.11, 50.55, 50.60, 51.49, 260512, 134.15, 2516, 127814, 49.06
KHAITANLTD, EQ, 15-Sep-2026, 162.51, 166.00, 166.00, 156.50, 159.00, 158.94, 159.65, 5040, 8.05, 195, 4245, 84.23
KHANDSE, EQ, 15-Sep-2026, 17.10, 16.58, 17.99, 16.58, 17.78, 17.67, 17.21, 1300, 0.22, 41, 879, 67.62
KHFM, SM, 15-Sep-2026, 43.40, 44.80, 44.80, 44.80, 44.80, 44.80, 44.80, 1550, 0.69, 1, 1550, 100.00
KICL, EQ, 15-Sep-2026, 5040.50, 5065.00, 5198.00, 4802.00, 4815.50, 4846.50, 4948.61, 1570, 77.69, 358, 812, 51.72
KILITCH, BE, 15-Sep-2026, 185.97, 187.00, 194.00, 185.00, 190.95, 190.20, 189.37, 28652, 54.26, 210, -, -
KIMS, EQ, 15-Sep-2026, 768.95, 770.00, 772.15, 755.00, 767.00, 766.85, 762.43, 493213, 3760.39, 36816, 292910, 59.39
KINGFA, EQ, 15-Sep-2026, 6197.00, 6280.00, 6280.00, 5701.50, 5746.50, 5754.00, 5863.56, 37408, 2193.44, 12806, 19852, 53.07
KIOCL, EQ, 15-Sep-2026, 355.90, 358.15, 358.35, 339.35, 340.10, 340.80, 345.35, 91774, 316.94, 4919, 49224, 53.64
KIRANVYPAR, EQ, 15-Sep-2026, 207.02, 182.60, 209.80, 182.60, 200.15, 200.75, 203.57, 3176, 6.47, 161, 2768, 87.15
KIRIINDUS, EQ, 15-Sep-2026, 537.35, 540.65, 544.15, 520.00, 521.00, 522.85, 530.98, 551796, 2929.90, 14613, 260189, 47.15
KIRLFER, EQ, 15-Sep-2026, 465.10, 469.40, 469.40, 461.00, 465.30, 464.85, 464.85, 211119, 981.39, 5419, 115459, 54.69
KIRLOSBROS, EQ, 15-Sep-2026, 1784.00, 1789.30, 1796.90, 1719.90, 1749.20, 1728.00, 1739.62, 80121, 1393.80, 12177, 46334, 57.83
KIRLOSENG, EQ, 15-Sep-2026, 2168.60, 2183.60, 2212.50, 2030.00, 2058.80, 2041.60, 2119.09, 639048, 13542.00, 66465, 333147, 52.13
KIRLOSIND, EQ, 15-Sep-2026, 3828.30, 3974.60, 3983.00, 3762.00, 3785.00, 3834.00, 3869.39, 37165, 1438.06, 6217, 6467, 17.40
KIRLPNU, EQ, 15-Sep-2026, 719.90, 718.45, 718.45, 694.30, 701.00, 698.15, 700.84, 172157, 1206.55, 15715, 108168, 62.83
KISSHT, EQ, 15-Sep-2026, 328.70, 332.00, 350.50, 332.00, 340.30, 339.55, 342.56, 4238984, 14521.13, 88035, 1291051, 30.46
KITEX, EQ, 15-Sep-2026, 123.87, 124.72, 125.79, 118.50, 118.60, 119.13, 121.26, 375463, 455.27, 5215, 199658, 53.18
KJMCFIN, EQ, 15-Sep-2026, 60.51, 60.51, 62.94, 60.51, 62.94, 60.95, 60.69, 214, 0.13, 75, 187, 87.38
KKCL, EQ, 15-Sep-2026, 494.90, 498.55, 501.95, 480.75, 496.60, 498.60, 490.62, 108121, 530.46, 3281, 82177, 76.00
KKJEWELS, SM, 15-Sep-2026, 99.00, 96.00, 98.00, 92.65, 96.50, 96.50, 96.69, 47000, 45.44, 18, 37000, 78.72
KLBRENG-B, EQ, 15-Sep-2026, 486.95, 480.50, 483.50, 457.80, 463.00, 466.00, 468.05, 216254, 1012.17, 7123, 135708, 62.75
KLL, SM, 15-Sep-2026, 24.55, 24.10, 24.10, 24.00, 24.00, 24.00, 24.06, 7200, 1.73, 7, 5600, 77.78
KMCSHIL, EQ, 15-Sep-2026, 138.47, 138.48, 138.56, 132.00, 132.97, 132.80, 134.63, 108615, 146.23, 2098, 55028, 50.66
KMEW, EQ, 15-Sep-2026, 2869.20, 2869.20, 2917.60, 2699.00, 2720.00, 2730.50, 2789.19, 78412, 2187.06, 14015, 33881, 43.21
KMSUGAR, EQ, 15-Sep-2026, 30.41, 30.40, 30.40, 28.85, 29.11, 29.10, 29.40, 227201, 66.79, 2205, 146191, 64.34
KNACK, EQ, 15-Sep-2026, 183.27, 184.11, 184.18, 177.27, 178.40, 178.58, 179.05, 656445, 1175.40, 8802, 342118, 52.12
KNAGRI, EQ, 15-Sep-2026, 193.74, 196.50, 196.70, 191.75, 192.00, 192.52, 192.22, 6861, 13.19, 140, 5967, 86.97
KNRCON, EQ, 15-Sep-2026, 125.66, 126.05, 126.45, 120.62, 120.89, 121.22, 123.26, 956758, 1179.33, 10716, 545004, 56.96
KODYTECH, ST, 15-Sep-2026, 1470.00, 1464.80, 1470.00, 1396.50, 1428.00, 1411.00, 1423.66, 5800, 82.57, 46, 5500, 94.83
KOHINOOR, EQ, 15-Sep-2026, 30.85, 30.85, 31.29, 29.16, 29.84, 29.58, 30.16, 72803, 21.95, 1542, 35136, 48.26
KOKUYOCMLN, EQ, 15-Sep-2026, 77.91, 78.25, 78.89, 76.90, 76.90, 77.00, 77.82, 27082, 21.08, 1178, 12280, 45.34
KOLTEPATIL, EQ, 15-Sep-2026, 436.85, 436.80, 437.20, 418.50, 420.00, 420.80, 424.91, 69335, 294.61, 3246, 29319, 42.29
KONSTELEC, ST, 15-Sep-2026, 63.50, 61.10, 61.75, 60.40, 60.40, 60.40, 61.25, 7000, 4.29, 7, 7000, 100.00
KOPRAN, EQ, 15-Sep-2026, 235.26, 235.26, 267.00, 233.15, 249.00, 249.90, 253.33, 15857726, 40171.94, 214546, 1019747, 6.43
KORE, ST, 15-Sep-2026, 173.20, 181.00, 181.85, 167.00, 177.50, 177.50, 177.88, 10500, 18.68, 32, 10250, 97.62
KOTAKBANK, EQ, 15-Sep-2026, 419.00, 420.50, 420.50, 409.80, 409.80, 409.80, 413.35, 14367343, 59387.77, 181030, 10001175, 69.61
KOTARISUG, BE, 15-Sep-2026, 28.57, 28.03, 29.20, 27.20, 27.60, 27.48, 28.00, 42257, 11.83, 281, -, -
KOTHARIPET, EQ, 15-Sep-2026, 138.57, 139.59, 140.54, 129.00, 131.21, 130.35, 132.79, 123365, 163.81, 1393, 85619, 69.40
KOTHARIPRO, EQ, 15-Sep-2026, 65.78, 65.78, 67.61, 65.00, 65.00, 65.03, 65.18, 7715, 5.03, 140, 7238, 93.82
KOTIC, EQ, 15-Sep-2026, 133.82, 133.90, 133.90, 125.15, 126.90, 126.62, 129.11, 23198, 29.95, 757, 11983, 51.66
KOTYARK, BE, 15-Sep-2026, 32.19, 32.39, 33.70, 31.10, 33.00, 32.49, 32.54, 118674, 38.62, 363, -, -
KOVAI, EQ, 15-Sep-2026, 6203.50, 6111.50, 6189.00, 5980.50, 6015.00, 6019.00, 6027.63, 11357, 684.56, 2002, 6989, 61.54
KPEL, EQ, 15-Sep-2026, 214.91, 215.90, 219.94, 208.15, 213.21, 210.24, 213.52, 324350, 692.55, 8092, 139701, 43.07
KPIGREEN, EQ, 15-Sep-2026, 281.70, 281.75, 286.95, 275.80, 277.00, 277.15, 281.01, 686169, 1928.23, 21972, 301453, 43.93
KPIL, EQ, 15-Sep-2026, 1435.70, 1436.70, 1438.50, 1371.80, 1383.20, 1380.20, 1391.97, 110460, 1537.57, 19243, 55332, 50.09
KPITTECH, EQ, 15-Sep-2026, 553.75, 560.00, 580.95, 560.00, 563.00, 563.00, 572.99, 4090759, 23439.72, 67873, 972459, 23.77
KPL, EQ, 15-Sep-2026, 3643.30, 3700.00, 3786.40, 3392.50, 3428.00, 3430.60, 3574.46, 57728, 2063.46, 9210, 22022, 38.15
KPRMILL, EQ, 15-Sep-2026, 1109.10, 1110.00, 1129.00, 1105.10, 1123.00, 1120.20, 1119.77, 204356, 2288.32, 15968, 113887, 55.73
KRBL, EQ, 15-Sep-2026, 421.05, 423.65, 423.65, 391.00, 397.00, 397.15, 403.58, 697222, 2813.84, 16956, 299343, 42.93
KREBSBIO, EQ, 15-Sep-2026, 58.72, 58.50, 59.50, 56.03, 56.30, 56.27, 57.19, 7980, 4.56, 123, 6709, 84.07
KRIDHANINF, EQ, 15-Sep-2026, 1.96, 1.97, 1.98, 1.92, 1.98, 1.94, 1.95, 16747, 0.33, 117, 16393, 97.89
KRISHANA, EQ, 15-Sep-2026, 179.66, 180.90, 183.00, 173.29, 177.00, 177.20, 176.79, 700166, 1237.82, 9131, 361553, 51.64
KRISHCA, SM, 15-Sep-2026, 156.50, 156.00, 162.00, 156.00, 158.40, 159.40, 160.03, 13500, 21.60, 24, 13000, 96.30
KRISHIVAL, EQ, 15-Sep-2026, 419.95, 420.65, 421.10, 418.00, 420.90, 419.50, 420.03, 7459, 31.33, 291, 5628, 75.45
KRISHNADEF, EQ, 15-Sep-2026, 1065.50, 1088.80, 1088.80, 1021.40, 1028.00, 1027.80, 1041.69, 121172, 1262.23, 7664, 41784, 34.48
KRITI, EQ, 15-Sep-2026, 61.40, 64.00, 64.00, 60.60, 60.60, 61.60, 62.34, 5506, 3.43, 71, 4163, 75.61
KRITIKA, EQ, 15-Sep-2026, 5.40, 5.35, 5.48, 5.20, 5.20, 5.24, 5.31, 102293, 5.43, 497, 85987, 84.06
KRITINUT, EQ, 15-Sep-2026, 80.52, 81.32, 82.79, 79.51, 81.48, 80.78, 80.85, 9657, 7.81, 187, 7870, 81.50
KRMAYURVED, SM, 15-Sep-2026, 307.70, 310.35, 326.85, 305.10, 317.00, 316.05, 315.73, 231000, 729.33, 225, 149000, 64.50
KRN, EQ, 15-Sep-2026, 1593.60, 1593.60, 1601.10, 1514.00, 1514.00, 1514.00, 1519.44, 232761, 3536.67, 10107, 168921, 72.57
KRONOX, BE, 15-Sep-2026, 175.92, 172.55, 175.92, 169.00, 173.00, 170.36, 171.56, 39393, 67.58, 557, -, -
KROSS, EQ, 15-Sep-2026, 239.07, 240.00, 243.29, 226.01, 227.01, 228.87, 233.95, 885883, 2072.48, 18579, 349139, 39.41
KRSNAA, EQ, 15-Sep-2026, 550.05, 552.45, 552.60, 540.00, 542.90, 541.65, 542.38, 38940, 211.20, 1798, 25055, 64.34
KRT, RR, 15-Sep-2026, 113.04, 112.62, 113.70, 112.62, 113.14, 113.46, 113.48, 839511, 952.69, 4258, 755615, 90.01
KRYSTAL, EQ, 15-Sep-2026, 614.45, 623.60, 623.60, 604.00, 609.00, 607.80, 612.13, 8328, 50.98, 659, 3513, 42.18
KSB, EQ, 15-Sep-2026, 804.20, 810.05, 812.00, 780.40, 793.00, 787.95, 791.05, 182033, 1439.98, 14790, 96962, 53.27
KSCL, EQ, 15-Sep-2026, 715.85, 721.10, 728.95, 694.25, 697.00, 697.90, 703.58, 66169, 465.55, 3917, 41511, 62.73
KSE, EQ, 15-Sep-2026, 177.22, 180.75, 180.75, 176.12, 177.00, 176.88, 177.42, 17510, 31.07, 381, 15447, 88.22
KSHINTL, EQ, 15-Sep-2026, 1170.90, 1184.00, 1186.90, 1048.25, 1074.60, 1058.85, 1084.41, 500166, 5423.87, 44108, 221640, 44.31
KSHITIJPOL, EQ, 15-Sep-2026, 3.48, 3.45, 3.65, 3.40, 3.65, 3.65, 3.59, 7902695, 283.57, 1592, 4434392, 56.11
KSL, EQ, 15-Sep-2026, 968.75, 970.00, 985.00, 922.10, 929.70, 930.45, 948.07, 163411, 1549.26, 12698, 82628, 50.56
KSOLVES, EQ, 15-Sep-2026, 258.10, 258.50, 264.95, 251.00, 251.95, 252.10, 254.90, 43296, 110.36, 2351, 27356, 63.18
KSR, EQ, 15-Sep-2026, 42.40, 42.61, 44.52, 42.61, 44.52, 44.40, 44.13, 100470, 44.34, 676, 64640, 64.34
KTKBANK, EQ, 15-Sep-2026, 325.35, 324.70, 331.35, 314.30, 316.00, 315.95, 323.35, 3508307, 11344.20, 52359, 1767637, 50.38
KUANTUM, EQ, 15-Sep-2026, 76.43, 76.88, 80.49, 75.15, 76.00, 75.99, 77.74, 324561, 252.33, 3867, 161412, 49.73
KUSUMGAR, EQ, 15-Sep-2026, 568.10, 565.00, 569.90, 549.30, 552.00, 552.35, 554.13, 213151, 1181.13, 9956, 152478, 71.54
KWIL, EQ, 15-Sep-2026, 43.04, 43.60, 43.69, 40.51, 40.90, 40.83, 41.76, 11063147, 4619.64, 31759, 5346892, 48.33
LADDERUP, EQ, 15-Sep-2026, 74.31, 80.90, 80.98, 66.88, 66.88, 66.88, 73.34, 62133, 45.57, 1005, 28549, 45.95
LAGNAM, EQ, 15-Sep-2026, 72.56, 72.90, 74.90, 70.40, 70.40, 71.15, 73.11, 8595, 6.28, 99, 5415, 63.00
LAHOTIOV, EQ, 15-Sep-2026, 40.55, 40.60, 40.97, 39.25, 39.26, 39.28, 40.47, 13284, 5.38, 38, 13179, 99.21
LAKPRE, BZ, 15-Sep-2026, 6.00, 6.28, 6.28, 5.70, 5.70, 5.70, 5.98, 2929, 0.18, 20, -, -
LAKSHMIMIL, EQ, 15-Sep-2026, 7800.00, 7799.00, 8000.00, 7565.00, 7565.00, 7565.00, 7753.09, 96, 7.44, 33, 83, 86.46
LAKSHYA, SM, 15-Sep-2026, 81.00, 81.10, 81.10, 77.10, 77.55, 77.55, 78.37, 14400, 11.29, 13, 12000, 83.33
LAL, EQ, 15-Sep-2026, 8.83, 8.80, 9.88, 8.76, 8.99, 8.99, 8.92, 18605, 1.66, 157, 11186, 60.12
LALITHAA, EQ, 15-Sep-2026, 338.60, 321.70, 321.70, 321.70, 321.70, 321.70, 321.70, 947094, 3046.80, 5286, 946810, 99.97
LALPATHLAB, EQ, 15-Sep-2026, 1909.00, 1907.00, 1921.00, 1885.50, 1891.00, 1906.40, 1904.85, 171214, 3261.38, 35334, 113000, 66.00
LAMBODHARA, EQ, 15-Sep-2026, 137.37, 139.93, 139.93, 127.37, 128.70, 130.33, 133.09, 16281, 21.67, 503, 8159, 50.11
LAMOSAIC, ST, 15-Sep-2026, 53.10, 55.45, 55.45, 50.75, 53.45, 53.45, 53.43, 57000, 30.46, 32, 55800, 97.89
LANCER, EQ, 15-Sep-2026, 12.74, 13.18, 13.18, 12.40, 12.54, 12.47, 12.65, 274163, 34.68, 812, 214767, 78.34
LANCORHOL, BE, 15-Sep-2026, 36.95, 37.00, 37.95, 35.25, 36.00, 36.04, 36.66, 37066, 13.59, 143, -, -
LANDMARK, EQ, 15-Sep-2026, 487.95, 490.00, 493.95, 470.00, 474.70, 470.35, 475.49, 61400, 291.95, 2969, 38361, 62.48
LANDSMILL, EQ, 15-Sep-2026, 0.56, 0.56, 0.58, 0.55, 0.58, 0.57, 0.57, 1865848, 10.68, 1373, 1296136, 69.47
LAOPALA, EQ, 15-Sep-2026, 158.93, 158.93, 165.79, 158.70, 160.85, 160.63, 162.21, 442956, 718.50, 10552, 231786, 52.33
LARGEMID50, EQ, 15-Sep-2026, 35.69, 35.85, 35.85, 35.03, 35.04, 35.06, 35.30, 3975, 1.40, 70, 3272, 82.31
LASA, BE, 15-Sep-2026, 6.52, 6.20, 6.20, 6.20, 6.20, 6.20, 6.20, 18314, 1.14, 84, -, -
LASERPOWER, EQ, 15-Sep-2026, 289.75, 289.80, 290.55, 267.60, 272.70, 271.90, 275.02, 1156486, 3180.59, 14939, 659316, 57.01
LATENTVIEW, EQ, 15-Sep-2026, 252.45, 254.05, 264.80, 251.70, 254.00, 252.90, 259.34, 1164017, 3018.79, 24793, 320138, 27.50
LATTEYS, EQ, 15-Sep-2026, 21.80, 21.08, 21.74, 20.12, 20.79, 20.52, 20.73, 67559, 14.01, 354, 58493, 86.58
LAURUSLABS, EQ, 15-Sep-2026, 1969.00, 1975.00, 1981.00, 1915.60, 1926.90, 1926.90, 1937.73, 1538262, 29807.36, 45711, 870311, 56.58
LAXMICOT, EQ, 15-Sep-2026, 12.89, 12.89, 13.29, 12.39, 12.60, 12.63, 12.82, 13495, 1.73, 70, 3726, 27.61
LAXMIDENTL, EQ, 15-Sep-2026, 202.84, 202.14, 205.00, 196.00, 196.50, 197.46, 200.74, 65633, 131.75, 2382, 27840, 42.42
LAXMIINDIA, EQ, 15-Sep-2026, 129.07, 128.00, 130.00, 120.30, 121.00, 121.59, 124.59, 330864, 412.24, 5720, 169663, 51.28
LCCINFOTEC, EQ, 15-Sep-2026, 3.14, 3.15, 3.15, 2.99, 2.99, 2.99, 3.04, 115767, 3.52, 323, 97972, 84.63
LCL, EQ, 15-Sep-2026, 553.05, 550.20, 551.70, 532.15, 536.90, 535.50, 538.72, 297525, 1602.81, 11905, 185994, 62.51
LEAPIND, EQ, 15-Sep-2026, 144.34, 145.31, 145.31, 132.92, 134.00, 134.61, 137.45, 3444783, 4734.93, 38124, 1524879, 44.27
LEENEE, BE, 15-Sep-2026, 7.90, 8.29, 8.29, 7.52, 8.19, 7.74, 7.99, 7188, 0.57, 68, -, -
LEMERITE, EQ, 15-Sep-2026, 21.11, 20.41, 20.95, 20.06, 20.06, 20.06, 20.40, 242138, 49.39, 626, 151911, 62.74
LEMONTREE, EQ, 15-Sep-2026, 104.78, 104.75, 105.13, 102.30, 102.65, 102.58, 103.58, 2149510, 2226.56, 28895, 1271437, 59.15
LENSKART, EQ, 15-Sep-2026, 681.75, 691.20, 701.25, 679.50, 685.05, 685.40, 687.52, 6456204, 44387.72, 132165, 4096929, 63.46
LEXUS, EQ, 15-Sep-2026, 13.31, 13.94, 13.94, 12.58, 12.99, 12.75, 12.98, 20196, 2.62, 162, 13304, 65.87
LFIC, EQ, 15-Sep-2026, 139.35, 136.10, 157.89, 135.60, 136.80, 136.64, 144.41, 32513, 46.95, 548, 12564, 38.64
LGBBROSLTD, EQ, 15-Sep-2026, 1711.00, 1711.00, 1720.00, 1697.20, 1710.00, 1703.20, 1705.60, 21277, 362.90, 2425, 15340, 72.10
LGEINDIA, EQ, 15-Sep-2026, 1636.80, 1636.80, 1658.00, 1622.60, 1631.80, 1629.60, 1648.41, 617142, 10173.05, 37315, 440136, 71.32
LGHL, EQ, 15-Sep-2026, 183.99, 184.78, 187.00, 175.86, 187.00, 185.11, 182.26, 11020, 20.08, 377, 3835, 34.80
LIBAS, EQ, 15-Sep-2026, 11.20, 11.40, 12.00, 11.22, 11.50, 11.43, 11.56, 180219, 20.83, 571, 98185, 54.48
LIBERTSHOE, EQ, 15-Sep-2026, 228.68, 228.68, 228.68, 217.50, 218.99, 218.62, 221.84, 49862, 110.61, 1564, 26763, 53.67
LICHSGFIN, EQ, 15-Sep-2026, 562.90, 563.90, 565.25, 538.50, 542.00, 542.00, 548.57, 4654811, 25534.77, 42617, 2706275, 58.14
LICI, EQ, 15-Sep-2026, 404.10, 402.60, 404.70, 390.65, 391.50, 391.50, 395.40, 12174521, 48137.73, 120726, 7832073, 64.33
LICMFGOLD, EQ, 15-Sep-2026, 136.30, 136.25, 136.25, 133.75, 135.00, 133.95, 134.95, 71303, 96.22, 1070, 39551, 55.47
LICNETFGSC, EQ, 15-Sep-2026, 29.31, 29.00, 29.58, 29.00, 29.23, 29.23, 29.26, 2720, 0.80, 116, 2604, 95.74
LICNETFN50, EQ, 15-Sep-2026, 263.79, 257.19, 264.69, 257.19, 261.00, 261.00, 263.38, 387, 1.02, 56, 372, 96.12
LICNETFSEN, EQ, 15-Sep-2026, 841.94, 841.94, 853.93, 839.46, 841.79, 841.79, 851.19, 40, 0.34, 9, 34, 85.00
LICNFNHGP, EQ, 15-Sep-2026, 269.57, 269.57, 272.80, 263.25, 270.00, 270.00, 271.17, 140, 0.38, 22, 128, 91.43
LICNMID100, EQ, 15-Sep-2026, 62.80, 63.48, 63.48, 60.62, 60.62, 60.99, 61.91, 8554, 5.30, 169, 5755, 67.28
LIKHITHA, EQ, 15-Sep-2026, 217.07, 218.00, 234.00, 208.00, 221.05, 222.22, 225.22, 176186, 396.81, 3456, 62683, 35.58
LINC, EQ, 15-Sep-2026, 95.61, 95.12, 97.41, 94.00, 95.98, 95.02, 95.96, 5415, 5.20, 303, 3992, 73.72
LINCOLN, EQ, 15-Sep-2026, 623.50, 625.05, 630.90, 600.00, 600.00, 602.60, 618.16, 62529, 386.53, 3548, 21986, 35.16
LINDEINDIA, EQ, 15-Sep-2026, 6227.50, 6250.00, 6267.00, 6065.00, 6090.00, 6080.00, 6126.03, 15285, 936.36, 4035, 9988, 65.35
LIQGRWBEES, EQ, 15-Sep-2026, 1055.41, 1057.45, 1057.45, 1055.52, 1055.54, 1055.53, 1055.54, 82587, 871.74, 201, 64180, 77.71
LIQUID, EQ, 15-Sep-2026, 999.99, 999.99, 1000.00, 999.99, 999.99, 999.99, 1000.00, 503276, 5032.74, 253, 137064, 27.23
LIQUID1, EQ, 15-Sep-2026, 1122.52, 1122.52, 1124.45, 1122.00, 1122.68, 1122.67, 1122.67, 702499, 7886.75, 657, 457871, 65.18
LIQUIDADD, EQ, 15-Sep-2026, 1144.60, 1144.73, 1144.76, 1144.73, 1144.76, 1144.75, 1144.75, 703069, 8048.42, 305, 574953, 81.78
LIQUIDBEES, EQ, 15-Sep-2026, 1000.00, 1001.00, 1001.00, 999.99, 1000.00, 999.99, 1000.00, 4879279, 48792.80, 6536, 2861773, 58.65
LIQUIDBETA, EQ, 15-Sep-2026, 1007.91, 1008.02, 1008.02, 1008.02, 1008.02, 1008.02, 1008.02, 108, 1.09, 3, 108, 100.00
LIQUIDBETF, EQ, 15-Sep-2026, 1098.68, 1098.68, 1098.83, 1098.68, 1098.83, 1098.82, 1098.82, 305217, 3353.80, 198, 262352, 85.96
LIQUIDCASE, EQ, 15-Sep-2026, 115.91, 115.91, 115.93, 115.91, 115.93, 115.92, 115.92, 21015069, 24360.93, 22022, 16936487, 80.59
LIQUIDETF, EQ, 15-Sep-2026, 1000.00, 1000.00, 1000.01, 999.99, 1000.00, 999.99, 1000.00, 112514, 1125.14, 253, 89055, 79.15
LIQUIDIETF, EQ, 15-Sep-2026, 999.99, 1000.00, 1000.01, 999.99, 1000.00, 999.99, 1000.00, 325912, 3259.12, 235, 197251, 60.52
LIQUIDPLUS, EQ, 15-Sep-2026, 1103.07, 1103.18, 1103.20, 1103.18, 1103.20, 1103.18, 1103.18, 903247, 9964.46, 429, 850333, 94.14
LIQUIDSBI, EQ, 15-Sep-2026, 999.99, 1000.01, 1000.01, 999.99, 999.99, 999.99, 999.99, 6431, 64.31, 33, 5511, 85.69
LIQUIDSHRI, EQ, 15-Sep-2026, 1121.30, 1121.46, 1121.46, 1121.44, 1121.46, 1121.45, 1121.46, 3625, 40.65, 22, 2998, 82.70
LKPSEC, EQ, 15-Sep-2026, 15.82, 15.82, 16.50, 14.99, 15.00, 15.20, 15.66, 12628, 1.98, 308, 10547, 83.52
LLOYDS, SM, 15-Sep-2026, 58.50, 56.00, 56.00, 55.60, 55.60, 55.60, 55.80, 2000, 1.12, 2, 2000, 100.00
LLOYDSENGG, EQ, 15-Sep-2026, 82.76, 83.09, 83.19, 79.35, 80.00, 79.71, 80.38, 4655333, 3741.76, 19324, 2579230, 55.40
LLOYDSENT, EQ, 15-Sep-2026, 69.79, 70.00, 70.33, 67.28, 68.15, 67.64, 68.60, 1887015, 1294.53, 10447, 967635, 51.28
LLOYDSME, EQ, 15-Sep-2026, 1799.60, 1789.10, 1809.90, 1741.00, 1807.60, 1778.80, 1778.26, 587090, 10440.00, 39552, 298651, 50.87
LMW, EQ, 15-Sep-2026, 17727.00, 17790.00, 17797.00, 17022.00, 17180.00, 17103.00, 17385.09, 2531, 440.02, 1396, 1399, 55.27
LODHA, EQ, 15-Sep-2026, 1116.90, 1128.00, 1128.00, 1064.80, 1064.80, 1064.80, 1088.79, 1480215, 16116.48, 42384, 808577, 54.63
LOKESHMACH, EQ, 15-Sep-2026, 347.15, 343.15, 350.75, 330.00, 332.00, 332.20, 338.55, 24268, 82.16, 1052, 14734, 60.71
LORDSCHLO, EQ, 15-Sep-2026, 137.67, 136.99, 138.99, 129.68, 134.00, 131.10, 133.67, 11716, 15.66, 620, 7386, 63.04
LOTUSCHO, EQ, 15-Sep-2026, 589.45, 586.50, 594.90, 570.00, 573.05, 574.90, 577.58, 2708, 15.64, 381, 1749, 64.59
LOTUSDEV, BE, 15-Sep-2026, 209.27, 214.88, 219.73, 201.65, 211.00, 213.54, 215.07, 2311800, 4972.09, 7146, -, -
LOTUSEYE, EQ, 15-Sep-2026, 113.90, 111.30, 115.30, 109.57, 111.00, 110.59, 111.32, 16668, 18.55, 774, 12824, 76.94
LOVABLE, EQ, 15-Sep-2026, 71.73, 71.98, 71.98, 69.69, 70.99, 70.91, 70.92, 10863, 7.70, 440, 4404, 40.54
LOWVOL, EQ, 15-Sep-2026, 200.10, 200.10, 201.10, 198.22, 198.22, 198.22, 200.06, 160, 0.32, 21, 80, 50.00
LOWVOL1, EQ, 15-Sep-2026, 20.51, 19.99, 20.84, 19.99, 20.21, 20.27, 20.46, 511920, 104.74, 14453, 415200, 81.11
LOWVOLIETF, EQ, 15-Sep-2026, 21.47, 21.04, 21.76, 21.04, 21.32, 21.27, 21.35, 3329463, 710.78, 15962, 2994167, 89.93
LOYALTEX, EQ, 15-Sep-2026, 213.83, 209.00, 211.00, 209.00, 210.00, 210.00, 210.02, 73, 0.15, 12, 73, 100.00
LPDC, EQ, 15-Sep-2026, 6.16, 6.24, 6.24, 6.02, 6.04, 6.06, 6.10, 23268, 1.42, 168, 17583, 75.57
LRRPL, SM, 15-Sep-2026, 93.00, 93.00, 93.00, 90.05, 90.05, 90.05, 91.53, 6000, 5.49, 4, 6000, 100.00
LT, EQ, 15-Sep-2026, 3930.70, 3959.00, 3959.00, 3835.70, 3850.70, 3850.70, 3863.63, 1848703, 71427.00, 125439, 1087451, 58.82
LTF, EQ, 15-Sep-2026, 309.10, 310.60, 311.30, 296.60, 296.80, 296.80, 300.31, 3858315, 11586.92, 37426, 2013046, 52.17
LTFOODS, EQ, 15-Sep-2026, 438.10, 439.90, 440.00, 420.10, 422.80, 421.05, 426.97, 376661, 1608.24, 23400, 183741, 48.78
LTGILTBEES, EQ, 15-Sep-2026, 29.75, 29.51, 29.85, 29.51, 29.68, 29.67, 29.68, 1553396, 461.07, 1044, 1309012, 84.27
LTGILTCASE, EQ, 15-Sep-2026, 30.38, 30.99, 30.99, 29.80, 30.22, 30.22, 30.22, 178942, 54.08, 362, 177080, 98.96
LTM, EQ, 15-Sep-2026, 4275.00, 4404.30, 4568.90, 4323.30, 4346.60, 4346.60, 4465.84, 663212, 29617.99, 56670, 113851, 17.17
LTTS, EQ, 15-Sep-2026, 3337.40, 3402.00, 3441.00, 3300.50, 3328.00, 3312.20, 3379.65, 60380, 2040.63, 12977, 20986, 34.76
LUMAXIND, EQ, 15-Sep-2026, 5879.50, 5879.50, 5943.00, 5710.50, 5710.50, 5766.50, 5818.62, 12304, 715.92, 4181, 6168, 50.13
LUMAXTECH, EQ, 15-Sep-2026, 1993.70, 2019.90, 2048.90, 1951.90, 1976.00, 1991.30, 2002.77, 233217, 4670.79, 36667, 122261, 52.42
LUMINO, EQ, 15-Sep-2026, 108.81, 109.70, 110.64, 100.62, 102.45, 103.16, 105.35, 7645621, 8054.65, 42918, 2314693, 30.27
LUPIN, EQ, 15-Sep-2026, 2095.00, 2095.00, 2099.50, 2049.50, 2063.20, 2063.20, 2072.22, 599677, 12426.64, 45545, 380507, 63.45
LUXIND, EQ, 15-Sep-2026, 1098.60, 1139.80, 1139.80, 1052.20, 1058.00, 1056.70, 1076.17, 34774, 374.23, 3698, 17417, 50.09
LXCHEM, EQ, 15-Sep-2026, 175.56, 175.56, 176.01, 167.01, 167.92, 167.83, 170.29, 901508, 1535.22, 9755, 458053, 50.81
LYKALABS, BE, 15-Sep-2026, 82.90, 82.50, 82.50, 81.25, 81.25, 81.25, 81.98, 3888, 3.19, 27, -, -
M&M, EQ, 15-Sep-2026, 3107.00, 3114.60, 3119.60, 3029.50, 3029.50, 3029.50, 3079.88, 2176832, 67043.90, 112625, 1331485, 61.17
M&MFIN, EQ, 15-Sep-2026, 356.15, 356.15, 358.75, 341.00, 343.00, 342.30, 345.81, 1375707, 4757.31, 37453, 753737, 54.79
MAANALU, EQ, 15-Sep-2026, 110.40, 110.40, 111.96, 105.00, 106.65, 106.14, 107.57, 90260, 97.10, 1281, 58712, 65.05
MACOBSTECH, SM, 15-Sep-2026, 197.00, 195.00, 195.00, 195.00, 195.00, 195.00, 195.00, 800, 1.56, 1, 800, 100.00
MACPOWER, EQ, 15-Sep-2026, 1843.00, 1843.00, 1950.00, 1786.20, 1872.90, 1882.30, 1886.07, 51674, 974.61, 8141, 20578, 39.82
MADHAV, EQ, 15-Sep-2026, 36.29, 36.29, 36.70, 35.01, 35.01, 35.18, 35.49, 1158, 0.41, 57, 634, 54.75
MADHAVBAUG, ST, 15-Sep-2026, 159.35, 160.00, 160.00, 159.35, 159.35, 159.35, 159.51, 1600, 2.55, 4, 1600, 100.00
MADHAVIPL, EQ, 15-Sep-2026, 7.96, 8.00, 8.00, 7.71, 7.95, 7.82, 7.83, 112440, 8.80, 336, 96283, 85.63
MADHUCON, BE, 15-Sep-2026, 4.34, 4.40, 4.49, 4.14, 4.16, 4.15, 4.25, 30916, 1.31, 66, -, -
MADHURKNIT, ST, 15-Sep-2026, 73.60, 69.95, 69.95, 69.95, 69.95, 69.95, 69.95, 4800, 3.36, 4, 4800, 100.00
MADHUSUDAN, ST, 15-Sep-2026, 238.00, 249.65, 249.65, 235.00, 240.00, 240.00, 241.66, 27000, 65.25, 26, 23000, 85.19
MADRASFERT, EQ, 15-Sep-2026, 61.83, 62.99, 62.99, 60.01, 60.05, 60.52, 61.02, 36951, 22.55, 814, 25609, 69.31
MAFANG, EQ, 15-Sep-2026, 235.56, 241.44, 243.68, 226.55, 229.40, 234.20, 238.46, 931372, 2220.94, 25136, 502199, 53.92
MAFATIND, EQ, 15-Sep-2026, 122.57, 122.00, 126.61, 121.00, 123.00, 122.15, 123.97, 58688, 72.76, 1763, 35726, 60.87
MAGADSUGAR, EQ, 15-Sep-2026, 543.80, 545.00, 548.95, 515.00, 515.75, 520.15, 526.64, 18117, 95.41, 1505, 8531, 47.09
MAGNUM, EQ, 15-Sep-2026, 18.73, 18.42, 19.07, 18.41, 18.47, 18.69, 18.76, 12637, 2.37, 122, 9759, 77.23
MAGSON, SM, 15-Sep-2026, 184.35, 180.25, 180.25, 178.00, 179.05, 179.05, 179.84, 118000, 212.22, 18, 115000, 97.46
MAHABANK, EQ, 15-Sep-2026, 84.20, 84.20, 84.61, 79.56, 79.56, 79.56, 81.76, 14589564, 11928.91, 47561, 6801720, 46.62
MAHAPEXLTD, EQ, 15-Sep-2026, 54.57, 54.57, 56.60, 53.10, 53.10, 53.15, 54.52, 4322, 2.36, 148, 2519, 58.28
MAHASTEEL, BE, 15-Sep-2026, 1276.10, 1278.00, 1298.50, 1212.30, 1232.00, 1294.50, 1233.66, 10124, 124.90, 605, -, -
MAHEPC, EQ, 15-Sep-2026, 101.82, 102.00, 103.98, 101.02, 102.23, 102.08, 102.14, 19128, 19.54, 430, 12460, 65.14
MAHESHWARI, EQ, 15-Sep-2026, 70.71, 71.20, 73.99, 70.30, 70.30, 70.30, 71.29, 9099, 6.49, 51, 8741, 96.07
MAHKTECH, EQ, 15-Sep-2026, 22.03, 22.58, 22.80, 21.60, 21.78, 21.74, 21.93, 1392067, 305.25, 9876, 888276, 63.81
MAHLIFE, EQ, 15-Sep-2026, 353.05, 353.10, 363.45, 345.05, 348.60, 345.90, 354.34, 92194, 326.68, 10343, 41414, 44.92
MAHLOG, EQ, 15-Sep-2026, 397.20, 398.40, 398.40, 381.80, 386.90, 387.25, 389.61, 147295, 573.87, 11878, 78960, 53.61
MAHSCOOTER, EQ, 15-Sep-2026, 12964.00, 13027.00, 13230.00, 12750.00, 12982.00, 12882.00, 12915.01, 4586, 592.28, 1667, 2387, 52.05
MAHSEAMLES, EQ, 15-Sep-2026, 728.90, 735.00, 738.60, 696.00, 702.50, 701.10, 709.73, 328878, 2334.16, 22713, 162676, 49.46
MAITHANALL, EQ, 15-Sep-2026, 1045.85, 1045.85, 1051.70, 1002.00, 1009.00, 1006.05, 1019.70, 80106, 816.84, 4351, 43895, 54.80
MAITREYA, SM, 15-Sep-2026, 116.00, 115.05, 116.00, 115.05, 116.00, 116.00, 115.67, 1200, 1.39, 3, 400, 33.33
MAJESAUT, BE, 15-Sep-2026, 366.70, 377.95, 377.95, 357.50, 357.50, 357.90, 360.77, 1625, 5.86, 132, -, -
MAKEINDIA, EQ, 15-Sep-2026, 162.79, 159.53, 164.48, 158.63, 158.81, 158.97, 160.31, 44125, 70.74, 1167, 28943, 65.59
MAKERSL, EQ, 15-Sep-2026, 185.87, 184.95, 187.20, 171.36, 171.38, 173.77, 178.03, 4843, 8.62, 229, 4475, 92.40
MAKS, SM, 15-Sep-2026, 15.10, 14.35, 14.35, 14.35, 14.35, 14.35, 14.35, 1500, 0.22, 1, 1500, 100.00
MAL, SM, 15-Sep-2026, 48.70, 51.10, 51.10, 46.30, 46.30, 46.30, 49.92, 289600, 144.56, 80, 187200, 64.64
MALLCOM, EQ, 15-Sep-2026, 952.15, 959.05, 959.05, 905.15, 919.00, 911.95, 936.40, 3685, 34.51, 425, 2620, 71.10
MALUPAPER, EQ, 15-Sep-2026, 34.53, 34.53, 35.25, 32.92, 32.99, 32.96, 33.53, 11021, 3.70, 148, 8843, 80.24
MAMATA, EQ, 15-Sep-2026, 407.85, 411.90, 413.55, 392.25, 398.90, 396.65, 401.66, 46873, 188.27, 3057, 27105, 57.83
MANAKALUCO, EQ, 15-Sep-2026, 36.87, 36.55, 37.53, 35.11, 36.00, 35.47, 36.13, 91668, 33.12, 973, 67845, 74.01
MANAKCOAT, EQ, 15-Sep-2026, 128.53, 130.05, 130.50, 123.36, 123.40, 124.19, 126.32, 148602, 187.72, 2268, 70324, 47.32
MANAKSIA, EQ, 15-Sep-2026, 70.95, 71.00, 72.95, 67.35, 68.05, 68.01, 69.45, 62854, 43.65, 1314, 39064, 62.15
MANAKSTEEL, BE, 15-Sep-2026, 117.91, 119.90, 119.90, 112.02, 112.02, 112.02, 113.81, 57388, 65.31, 439, -, -
MANALIPETC, EQ, 15-Sep-2026, 84.93, 84.93, 87.40, 79.00, 80.48, 80.19, 81.76, 1729990, 1414.45, 13157, 710416, 41.06
MANAPPURAM, EQ, 15-Sep-2026, 329.00, 327.10, 330.45, 317.70, 318.85, 318.85, 321.72, 3726323, 11988.18, 33308, 1816998, 48.76
MANBA, EQ, 15-Sep-2026, 132.47, 133.42, 135.99, 131.12, 134.60, 133.87, 133.90, 104730, 140.24, 1140, 36278, 34.64
MANCREDIT, EQ, 15-Sep-2026, 219.90, 221.97, 224.90, 214.00, 215.00, 215.36, 218.86, 145803, 319.10, 1861, 16930, 11.61
MANGALAM, EQ, 15-Sep-2026, 36.46, 36.00, 36.46, 33.22, 33.35, 33.54, 34.21, 109928, 37.61, 984, 77017, 70.06
MANGLMCEM, EQ, 15-Sep-2026, 1028.00, 1016.00, 1022.40, 983.80, 990.50, 989.40, 1000.30, 49675, 496.90, 3002, 27847, 56.06
MANILAM, SM, 15-Sep-2026, 43.45, 43.55, 43.55, 42.00, 42.00, 42.00, 42.78, 4000, 1.71, 2, 4000, 100.00
MANINDS, EQ, 15-Sep-2026, 866.10, 866.10, 866.65, 802.60, 815.00, 808.20, 823.71, 1027095, 8460.32, 41806, 342161, 33.31
MANINFRA, EQ, 15-Sep-2026, 126.87, 127.48, 127.48, 122.89, 124.09, 124.83, 124.57, 1734690, 2160.91, 11594, 966690, 55.73
MANIPALHOS, EQ, 15-Sep-2026, 717.35, 720.00, 721.90, 698.00, 701.90, 701.70, 707.61, 589061, 4168.28, 21168, 320376, 54.39
MANKIND, EQ, 15-Sep-2026, 2280.00, 2280.00, 2300.90, 2251.80, 2280.50, 2280.50, 2280.54, 446450, 10181.45, 23888, 271586, 60.83
MANOMAY, EQ, 15-Sep-2026, 234.19, 235.50, 239.80, 224.50, 225.00, 228.71, 230.94, 116912, 269.99, 3307, 20914, 17.89
MANORAMA, EQ, 15-Sep-2026, 2055.70, 2050.00, 2057.30, 1975.00, 2021.00, 1987.10, 2013.54, 151439, 3049.28, 21209, 80308, 53.03
MANORG, EQ, 15-Sep-2026, 466.45, 468.40, 475.00, 450.10, 459.00, 454.30, 460.91, 11510, 53.05, 438, 7387, 64.18
MANUFGBEES, EQ, 15-Sep-2026, 160.93, 161.73, 161.73, 157.11, 157.70, 157.69, 158.84, 19404, 30.82, 277, 10172, 52.42
MANUGRAPH, EQ, 15-Sep-2026, 14.96, 16.03, 16.50, 14.00, 14.86, 14.65, 15.20, 50721, 7.71, 425, 39210, 77.31
MANYAVAR, EQ, 15-Sep-2026, 582.35, 584.00, 584.00, 556.00, 566.25, 566.65, 568.10, 399110, 2267.33, 20515, 211099, 52.89
MAPMYINDIA, EQ, 15-Sep-2026, 925.80, 927.00, 944.60, 885.10, 888.20, 887.80, 907.14, 177627, 1611.32, 13948, 84276, 47.45
MARALOVER, EQ, 15-Sep-2026, 62.41, 61.30, 67.00, 60.00, 60.00, 60.00, 61.48, 15938, 9.80, 291, 12724, 79.83
MARATHON, EQ, 15-Sep-2026, 435.45, 435.45, 435.45, 410.20, 415.00, 414.00, 421.58, 56871, 239.76, 2640, 34122, 60.00
MARCO, SM, 15-Sep-2026, 31.50, 31.80, 31.80, 28.50, 30.00, 30.00, 30.65, 16500, 5.06, 8, 15000, 90.91
MARICO, EQ, 15-Sep-2026, 802.10, 809.65, 809.80, 791.25, 791.25, 791.25, 798.95, 1533193, 12249.49, 73976, 1068974, 69.72
MARINE, EQ, 15-Sep-2026, 419.15, 422.00, 426.55, 373.30, 382.00, 376.75, 389.40, 1230221, 4790.52, 52256, 585425, 47.59
MARINETRAN, ST, 15-Sep-2026, 16.10, 15.30, 15.30, 15.30, 15.30, 15.30, 15.30, 4000, 0.61, 1, 4000, 100.00
MARKOLINES, EQ, 15-Sep-2026, 170.86, 171.00, 171.47, 161.27, 162.00, 163.08, 165.69, 166974, 276.66, 2288, 64459, 38.60
MARKSANS, EQ, 15-Sep-2026, 329.40, 330.00, 331.40, 301.10, 313.25, 312.85, 317.21, 2298117, 7289.78, 53798, 1099092, 47.83
MARSONS, EQ, 15-Sep-2026, 127.24, 128.00, 129.00, 121.00, 121.11, 121.30, 123.30, 2630119, 3243.00, 12728, 1038078, 39.47
MARUSHIKA, SM, 15-Sep-2026, 119.95, 119.95, 119.95, 119.00, 119.00, 119.00, 119.48, 2400, 2.87, 2, 1200, 50.00
MARUTI, EQ, 15-Sep-2026, 12400.00, 12470.00, 12470.00, 12231.00, 12231.00, 12231.00, 12348.04, 286167, 35336.02, 59948, 160219, 55.99
MASFIN, EQ, 15-Sep-2026, 295.95, 296.00, 298.95, 290.55, 290.55, 294.90, 294.08, 140211, 412.33, 6463, 101606, 72.47
MASKINVEST, EQ, 15-Sep-2026, 145.36, 140.10, 151.95, 140.10, 140.80, 140.80, 144.88, 190, 0.28, 10, 147, 77.37
MASON, SM, 15-Sep-2026, 113.00, 113.00, 113.00, 108.00, 110.00, 110.00, 109.79, 5000, 5.49, 9, 4000, 80.00
MASPTOP50, EQ, 15-Sep-2026, 93.97, 96.31, 100.48, 93.97, 94.80, 95.31, 96.74, 1078493, 1043.33, 13208, 495164, 45.91
MASTEK, EQ, 15-Sep-2026, 1626.30, 1661.00, 1743.00, 1642.10, 1657.00, 1652.10, 1695.61, 341353, 5788.00, 37847, 60638, 17.76
MASTERTR, EQ, 15-Sep-2026, 90.61, 89.25, 90.38, 83.45, 88.18, 87.55, 86.72, 1302449, 1129.48, 11433, 374289, 28.74
MATRIMONY, EQ, 15-Sep-2026, 514.80, 515.90, 516.55, 492.00, 492.00, 497.80, 502.69, 13536, 68.04, 1075, 9655, 71.33
MAWANASUG, EQ, 15-Sep-2026, 134.63, 135.62, 136.08, 127.00, 127.00, 129.00, 131.71, 195212, 257.11, 3370, 88467, 45.32
MAXESTATES, EQ, 15-Sep-2026, 560.45, 559.75, 571.50, 542.00, 566.00, 568.90, 560.78, 257350, 1443.16, 5663, 186745, 72.56
MAXHEALTH, EQ, 15-Sep-2026, 1037.70, 1048.00, 1048.00, 1030.00, 1030.00, 1030.00, 1035.69, 2836517, 29377.57, 53394, 1581501, 55.76
MAXIND, EQ, 15-Sep-2026, 146.00, 145.70, 149.71, 137.36, 138.90, 139.12, 141.26, 80771, 114.10, 2286, 49875, 61.75
MAXPOSURE, SM, 15-Sep-2026, 31.15, 31.40, 31.40, 31.40, 31.40, 31.40, 31.40, 4000, 1.26, 1, 4000, 100.00
MAXVOLT, SM, 15-Sep-2026, 349.20, 359.00, 366.65, 353.20, 366.65, 366.65, 365.00, 68400, 249.66, 153, 58400, 85.38
MAYASHEEL, SM, 15-Sep-2026, 34.80, 36.65, 36.65, 36.65, 36.65, 36.65, 36.65, 3000, 1.10, 1, 3000, 100.00
MAYURUNIQ, EQ, 15-Sep-2026, 740.05, 743.30, 770.75, 725.00, 741.00, 745.20, 753.08, 314452, 2368.09, 14427, 89970, 28.61
MAZDA, BE, 15-Sep-2026, 255.25, 255.25, 264.45, 252.50, 256.00, 255.90, 258.46, 14212, 36.73, 154, -, -
MAZDOCK, EQ, 15-Sep-2026, 2339.00, 2339.00, 2346.90, 2225.10, 2236.00, 2236.00, 2270.69, 762530, 17314.71, 47715, 341211, 44.75
MBAPL, EQ, 15-Sep-2026, 160.87, 161.99, 163.10, 153.98, 156.25, 155.82, 156.92, 1205876, 1892.23, 10537, 657719, 54.54
MBECL, BE, 15-Sep-2026, 330.40, 346.92, 346.92, 346.92, 346.92, 346.92, 346.92, 1134, 3.93, 55, -, -
MBEL, EQ, 15-Sep-2026, 254.20, 256.10, 263.70, 250.05, 253.80, 252.65, 258.09, 230610, 595.18, 7889, 106621, 46.23
MBLINFRA, EQ, 15-Sep-2026, 23.00, 22.46, 23.68, 22.40, 22.59, 22.56, 22.99, 13462, 3.10, 175, 10835, 80.49
MCCHRLS-B, EQ, 15-Sep-2026, 673.90, 675.00, 675.00, 650.00, 675.00, 675.00, 669.71, 226, 1.51, 21, 225, 99.56
MCL, EQ, 15-Sep-2026, 57.92, 59.08, 59.08, 56.15, 56.32, 56.53, 57.29, 39754, 22.78, 1243, 25553, 64.28
MCLEODRUSS, EQ, 15-Sep-2026, 43.28, 43.11, 43.69, 41.15, 41.35, 41.57, 42.40, 364882, 154.73, 1868, 205003, 56.18
MCLOUD, EQ, 15-Sep-2026, 25.67, 25.67, 27.10, 25.55, 25.65, 25.58, 26.09, 1685258, 439.71, 5742, 681426, 40.43
MCON, SM, 15-Sep-2026, 41.20, 40.00, 41.20, 40.00, 41.20, 41.20, 40.36, 7000, 2.83, 7, 7000, 100.00
MCX, EQ, 15-Sep-2026, 3276.00, 3265.00, 3267.60, 3156.40, 3173.50, 3173.50, 3194.14, 1746940, 55799.71, 125726, 708266, 40.54
MDL, SM, 15-Sep-2026, 62.00, 60.00, 60.00, 60.00, 60.00, 60.00, 60.00, 1000, 0.60, 1, 1000, 100.00
MEDANTA, EQ, 15-Sep-2026, 1447.20, 1454.00, 1464.60, 1410.00, 1417.90, 1418.10, 1424.04, 65507, 932.85, 11152, 35560, 54.28
MEDIASSIST, EQ, 15-Sep-2026, 316.40, 316.40, 321.40, 308.00, 312.25, 309.90, 314.90, 149893, 472.01, 6354, 94089, 62.77
MEDICAMEQ, EQ, 15-Sep-2026, 323.05, 329.50, 341.00, 312.10, 314.00, 318.20, 330.33, 154184, 509.32, 4532, 80845, 52.43
MEDICAPQ, EQ, 15-Sep-2026, 31.70, 31.00, 31.00, 28.53, 28.53, 28.53, 28.80, 34469, 9.93, 176, 23421, 67.95
MEDICO, EQ, 15-Sep-2026, 37.05, 37.05, 37.59, 35.50, 35.74, 35.68, 36.44, 163751, 59.68, 2176, 110166, 67.28
MEDIORG, SM, 15-Sep-2026, 23.95, 23.00, 23.00, 22.80, 22.80, 22.80, 22.86, 8000, 1.83, 4, 8000, 100.00
MEDPLUS, EQ, 15-Sep-2026, 660.15, 660.45, 666.60, 654.00, 655.00, 656.30, 657.92, 61605, 405.31, 3536, 41527, 67.41
MEESHO, EQ, 15-Sep-2026, 217.08, 219.44, 220.90, 210.61, 212.18, 212.40, 216.98, 20742207, 45005.70, 154470, 12310144, 59.35
MEGASTAR, EQ, 15-Sep-2026, 277.50, 266.90, 295.00, 266.90, 287.00, 285.50, 287.44, 11101, 31.91, 278, 7608, 68.53
MEGATHERM, SM, 15-Sep-2026, 251.00, 257.00, 284.00, 257.00, 261.30, 265.25, 269.59, 82000, 221.06, 179, 63200, 77.07
MEIL, EQ, 15-Sep-2026, 282.10, 280.70, 284.00, 271.00, 275.00, 276.55, 276.63, 57165, 158.13, 1243, 28140, 49.23
MENNPIS, BE, 15-Sep-2026, 78.65, 77.79, 77.79, 74.72, 75.60, 75.17, 75.49, 44760, 33.79, 373, -, -
MENONBE, BE, 15-Sep-2026, 297.50, 298.85, 312.00, 287.05, 300.15, 304.35, 305.11, 65394, 199.53, 1588, -, -
MEP, BZ, 15-Sep-2026, 0.67, 0.68, 0.68, 0.66, 0.66, 0.66, 0.66, 34438, 0.23, 54, -, -
MERCANTILE, EQ, 15-Sep-2026, 23.86, 23.85, 24.98, 21.00, 23.00, 22.02, 22.99, 3578, 0.82, 67, 3166, 88.49
MERCURYEV, EQ, 15-Sep-2026, 41.86, 42.60, 43.99, 40.70, 41.13, 40.87, 42.12, 1209534, 509.45, 4665, 791302, 65.42
METAL, EQ, 15-Sep-2026, 13.16, 12.83, 14.18, 12.74, 12.82, 12.80, 12.92, 3768383, 486.75, 10436, 2391583, 63.46
METALIC, ST, 15-Sep-2026, 147.00, 147.10, 152.90, 139.70, 151.90, 150.15, 148.00, 91200, 134.98, 55, 73600, 80.70
METALIETF, EQ, 15-Sep-2026, 13.10, 13.42, 13.42, 12.73, 12.77, 12.77, 12.91, 11323031, 1461.42, 21068, 5975536, 52.77
METROBRAND, EQ, 15-Sep-2026, 940.20, 954.75, 954.75, 938.40, 950.05, 944.45, 943.69, 34577, 326.30, 4779, 18587, 53.76
METROGLOBL, EQ, 15-Sep-2026, 138.58, 140.65, 143.00, 132.90, 134.30, 134.31, 137.61, 893, 1.23, 41, 572, 64.05
METROPOLIS, EQ, 15-Sep-2026, 585.50, 586.00, 591.50, 569.85, 573.45, 572.50, 577.78, 118075, 682.22, 9442, 63515, 53.79
MFML, EQ, 15-Sep-2026, 18.52, 18.54, 19.44, 18.53, 18.55, 18.68, 18.67, 2803, 0.52, 27, 2099, 74.88
MFSL, EQ, 15-Sep-2026, 1477.00, 1478.40, 1482.00, 1425.90, 1425.90, 1425.90, 1445.87, 557252, 8057.14, 46778, 384051, 68.92
MGEL, EQ, 15-Sep-2026, 15.86, 16.20, 16.20, 15.50, 15.65, 15.53, 15.67, 227004, 35.57, 655, 135988, 59.91
MGL, EQ, 15-Sep-2026, 1084.30, 1081.00, 1092.20, 1069.10, 1073.60, 1071.70, 1082.34, 66528, 720.06, 9156, 36861, 55.41
MGSL, SM, 15-Sep-2026, 74.00, 72.00, 72.00, 68.00, 68.10, 68.10, 70.48, 15600, 10.99, 12, 10800, 69.23
MHLXMIRU, BE, 15-Sep-2026, 157.24, 157.24, 162.90, 155.97, 156.00, 156.39, 157.86, 5361, 8.46, 87, -, -
MHRIL, EQ, 15-Sep-2026, 196.73, 198.04, 199.86, 191.10, 191.27, 192.40, 194.48, 132435, 257.56, 3986, 70769, 53.44
MICEL, BE, 15-Sep-2026, 35.49, 35.14, 35.14, 34.79, 34.79, 34.79, 34.85, 104800, 36.52, 698, -, -
MICROPRO, SM, 15-Sep-2026, 19.00, 18.15, 18.40, 18.00, 18.40, 18.40, 18.18, 4800, 0.87, 3, 3200, 66.67
MID150, EQ, 15-Sep-2026, 23.25, 23.72, 23.72, 22.78, 22.83, 22.85, 22.95, 51260, 11.77, 535, 34215, 66.75
MID150BEES, EQ, 15-Sep-2026, 236.63, 238.32, 238.43, 231.02, 231.80, 231.67, 233.72, 1215175, 2840.10, 19477, 740084, 60.90
MID150CASE, EQ, 15-Sep-2026, 11.51, 11.79, 11.79, 11.25, 11.32, 11.29, 11.38, 1659047, 188.83, 7641, 1162799, 70.09
MIDBANKADD, EQ, 15-Sep-2026, 17.39, 17.32, 17.32, 17.01, 17.13, 17.07, 17.18, 536738, 92.21, 98, 406494, 75.73
MIDCAP, EQ, 15-Sep-2026, 18.31, 18.48, 18.48, 17.95, 18.06, 18.03, 18.16, 493281, 89.58, 1775, 308687, 62.58
MIDCAPADD, EQ, 15-Sep-2026, 22.89, 22.90, 22.92, 22.32, 22.56, 22.47, 22.51, 33965, 7.65, 60, 28905, 85.10
MIDCAPBETA, EQ, 15-Sep-2026, 230.43, 229.28, 233.90, 225.79, 233.90, 231.44, 228.91, 2858, 6.54, 82, 1269, 44.40
MIDCAPETF, EQ, 15-Sep-2026, 23.39, 23.56, 23.56, 22.85, 22.91, 22.91, 23.11, 2930640, 677.39, 13325, 2384815, 81.38
MIDCAPIETF, EQ, 15-Sep-2026, 23.71, 23.71, 23.95, 23.20, 23.48, 23.28, 23.46, 1443451, 338.63, 5083, 830324, 57.52
MIDHANI, EQ, 15-Sep-2026, 447.40, 448.35, 450.50, 402.15, 405.90, 405.85, 417.13, 2748265, 11463.76, 55647, 1170208, 42.58
MIDQ50ADD, EQ, 15-Sep-2026, 24.33, 24.33, 24.50, 24.00, 24.15, 24.12, 24.22, 101598, 24.61, 215, 93523, 92.05
MIDSELIETF, EQ, 15-Sep-2026, 19.78, 20.27, 20.27, 19.25, 19.28, 19.35, 19.50, 342179, 66.73, 1400, 185043, 54.08
MIDSMALL, EQ, 15-Sep-2026, 51.56, 51.56, 51.67, 50.16, 50.36, 50.28, 50.62, 246418, 124.74, 5444, 191272, 77.62
MIDWESTLTD, EQ, 15-Sep-2026, 1016.40, 1030.00, 1033.00, 967.60, 974.00, 974.30, 992.07, 50494, 500.94, 3415, 30218, 59.84
MIEL, SM, 15-Sep-2026, 12.30, 12.30, 12.30, 12.30, 12.30, 12.30, 12.30, 2000, 0.25, 1, 2000, 100.00
MIIL, EQ, 15-Sep-2026, 676.45, 681.30, 698.70, 658.20, 690.90, 666.10, 670.25, 89895, 602.52, 1676, 52144, 58.01
MILKYMIST, EQ, 15-Sep-2026, 292.77, 290.00, 304.70, 278.14, 278.14, 278.14, 288.06, 10778708, 31048.97, 83785, 3768145, 34.96
MILTON, SM, 15-Sep-2026, 38.00, 36.10, 36.10, 36.10, 36.10, 36.10, 36.10, 2200, 0.79, 1, 2200, 100.00
MINALIND, BE, 15-Sep-2026, 5.56, 5.45, 5.45, 5.45, 5.45, 5.45, 5.45, 3829, 0.21, 51, -, -
MINDACORP, EQ, 15-Sep-2026, 705.45, 702.30, 704.60, 675.00, 689.80, 678.95, 684.11, 184069, 1259.24, 16117, 95341, 51.80
MINDSPACE, RR, 15-Sep-2026, 491.66, 493.89, 497.70, 493.00, 496.00, 496.81, 495.78, 939617, 4658.42, 10691, 893181, 95.06
MINDTECK, EQ, 15-Sep-2026, 158.61, 161.61, 162.28, 151.80, 153.56, 154.36, 157.27, 44745, 70.37, 1038, 23399, 52.29
MIRZAINT, EQ, 15-Sep-2026, 30.63, 30.63, 31.48, 29.03, 29.19, 29.40, 29.97, 299174, 89.65, 2495, 151315, 50.58
MITCON, EQ, 15-Sep-2026, 80.15, 80.56, 80.56, 78.01, 80.00, 80.00, 79.40, 753, 0.60, 27, 587, 77.95
MITTAL, EQ, 15-Sep-2026, 0.80, 0.80, 0.81, 0.77, 0.78, 0.77, 0.79, 2832041, 22.31, 637, 2036107, 71.90
MKEXIM, EQ, 15-Sep-2026, 64.99, 66.90, 66.90, 61.50, 65.90, 64.52, 63.48, 4900, 3.11, 159, 3736, 76.24
MKPL, EQ, 15-Sep-2026, 3.96, 3.97, 4.00, 3.90, 3.94, 3.92, 3.96, 84266, 3.33, 578, 74513, 88.43
MLKFOOD, EQ, 15-Sep-2026, 80.64, 80.64, 83.00, 75.00, 79.00, 78.84, 78.06, 5091, 3.97, 153, 4542, 89.22
MMEL, SM, 15-Sep-2026, 27.00, 27.00, 27.00, 27.00, 27.00, 27.00, 27.00, 4000, 1.08, 2, 4000, 100.00
MMFL, EQ, 15-Sep-2026, 631.70, 631.70, 633.65, 583.50, 600.00, 593.80, 600.52, 198758, 1193.58, 5479, 137069, 68.96
MMP, EQ, 15-Sep-2026, 469.95, 474.35, 498.00, 453.25, 456.00, 457.70, 469.18, 68004, 319.06, 3176, 30467, 44.80
MMTC, EQ, 15-Sep-2026, 61.92, 62.42, 62.99, 60.34, 60.39, 60.77, 61.18, 973978, 595.91, 7577, 440975, 45.28
MMWL, EQ, 15-Sep-2026, 13.46, 13.46, 14.10, 13.40, 13.90, 13.77, 13.77, 30090, 4.14, 216, 18274, 60.73
MNC, EQ, 15-Sep-2026, 32.71, 33.08, 33.08, 32.00, 32.21, 32.18, 32.22, 154691, 49.84, 686, 137193, 88.69
MOALPHA50, EQ, 15-Sep-2026, 56.12, 56.12, 57.10, 53.86, 54.00, 54.04, 54.43, 24436, 13.30, 237, 17789, 72.80
MOBANK10, EQ, 15-Sep-2026, 16.65, 16.73, 17.07, 16.39, 16.49, 16.42, 16.54, 1948, 0.32, 110, 1169, 60.01
MOBIKWIK, EQ, 15-Sep-2026, 209.70, 211.88, 215.70, 197.70, 200.10, 200.86, 206.57, 3070663, 6342.96, 41290, 879962, 28.66
MOCAPITAL, EQ, 15-Sep-2026, 53.99, 54.04, 55.33, 52.67, 53.07, 52.85, 53.35, 972221, 518.64, 5440, 704548, 72.47
MODEFENCE, EQ, 15-Sep-2026, 106.73, 110.00, 110.00, 100.30, 102.00, 100.76, 102.44, 4664150, 4777.75, 29773, 2831331, 60.70
MODINATUR, EQ, 15-Sep-2026, 339.70, 343.70, 347.90, 336.25, 336.25, 338.00, 340.27, 7810, 26.58, 238, 7087, 90.74
MODIRUBBER, EQ, 15-Sep-2026, 123.91, 122.76, 126.80, 120.40, 121.00, 121.46, 123.84, 2584, 3.20, 81, 1732, 67.03
MODIS, EQ, 15-Sep-2026, 365.50, 365.00, 365.70, 350.10, 357.60, 354.40, 359.76, 14475, 52.07, 782, 8143, 56.26
MODISONLTD, BE, 15-Sep-2026, 503.05, 503.05, 510.80, 477.90, 477.90, 478.15, 483.42, 76958, 372.03, 1610, -, -
MODTHREAD, EQ, 15-Sep-2026, 52.92, 52.98, 53.00, 51.11, 51.99, 52.13, 52.21, 5839, 3.05, 120, 3586, 61.41
MOENERGY, EQ, 15-Sep-2026, 38.06, 38.25, 38.45, 37.26, 37.53, 37.48, 37.74, 147550, 55.68, 1235, 124444, 84.34
MOGOLD, EQ, 15-Sep-2026, 149.80, 149.70, 155.00, 148.00, 150.00, 149.25, 148.87, 27721, 41.27, 655, 8898, 32.10
MOGSEC, EQ, 15-Sep-2026, 65.17, 65.50, 65.68, 64.80, 65.01, 65.01, 65.45, 1521, 1.00, 76, 1322, 86.92
MOHEALTH, EQ, 15-Sep-2026, 52.15, 52.65, 52.65, 50.93, 51.20, 51.11, 51.60, 136793, 70.59, 1122, 68778, 50.28
MOHITE, EQ, 15-Sep-2026, 2.63, 2.72, 2.79, 2.25, 2.50, 2.54, 2.48, 228258, 5.67, 551, 141764, 62.11
MOHITIND, EQ, 15-Sep-2026, 23.23, 24.10, 24.10, 22.65, 23.79, 23.68, 23.61, 6206, 1.47, 60, 4585, 73.88
MOIL, EQ, 15-Sep-2026, 244.93, 246.00, 247.40, 237.26, 238.44, 238.54, 241.51, 756254, 1826.44, 13455, 419102, 55.42
MOINFRA, EQ, 15-Sep-2026, 58.73, 58.25, 58.50, 57.26, 57.59, 57.41, 57.79, 4927, 2.85, 131, 4453, 90.38
MOIPO, EQ, 15-Sep-2026, 48.70, 48.70, 48.73, 47.25, 47.68, 47.59, 47.94, 8532, 4.09, 70, 6820, 79.93
MOKSH, EQ, 15-Sep-2026, 10.31, 10.31, 10.59, 9.95, 10.10, 10.01, 10.10, 123393, 12.46, 394, 106691, 86.46
MOL, EQ, 15-Sep-2026, 62.52, 62.86, 63.15, 58.58, 59.03, 58.86, 60.26, 828296, 499.13, 6294, 421983, 50.95
MOLBIO, EQ, 15-Sep-2026, 1438.20, 1419.70, 1419.70, 1273.00, 1374.00, 1356.80, 1329.18, 3774360, 50167.94, 171177, 428699, 11.36
MOLDTECH, BE, 15-Sep-2026, 207.39, 213.00, 213.00, 197.03, 197.03, 197.03, 198.81, 28727, 57.11, 530, -, -
MOLDTKPAC, EQ, 15-Sep-2026, 676.45, 670.70, 677.45, 650.25, 655.50, 652.10, 661.11, 53186, 351.62, 5263, 28343, 53.29
MOLOWVOL, EQ, 15-Sep-2026, 35.33, 35.33, 35.59, 34.95, 35.13, 34.96, 35.12, 4112, 1.44, 75, 4032, 98.05
MOM100, EQ, 15-Sep-2026, 67.29, 67.29, 67.80, 65.74, 66.11, 65.95, 66.46, 539284, 358.40, 5282, 309758, 57.44
MOM30IETF, EQ, 15-Sep-2026, 31.30, 31.93, 31.93, 30.25, 30.42, 30.33, 30.62, 1202788, 368.24, 5208, 739591, 61.49
MOM50, EQ, 15-Sep-2026, 246.88, 251.82, 251.82, 242.90, 243.50, 243.41, 244.62, 3874, 9.48, 261, 3109, 80.25
MOMENTUM, EQ, 15-Sep-2026, 31.61, 32.00, 32.40, 30.04, 30.62, 30.25, 30.43, 160931, 48.97, 1297, 122731, 76.26
MOMENTUM30, EQ, 15-Sep-2026, 30.63, 30.95, 30.95, 29.53, 29.86, 29.78, 29.91, 194013, 58.02, 233, 73386, 37.83
MOMENTUM50, EQ, 15-Sep-2026, 54.52, 55.47, 55.47, 52.46, 52.73, 52.63, 53.18, 1075624, 572.06, 19548, 712224, 66.21
MOMETAL, EQ, 15-Sep-2026, 13.07, 13.08, 13.08, 12.66, 12.76, 12.74, 12.91, 28627, 3.69, 90, 27255, 95.21
MOMGF, EQ, 15-Sep-2026, 160.00, 159.17, 165.00, 156.05, 156.64, 158.24, 157.74, 1547, 2.44, 64, 1539, 99.48
MOMIDMTM, EQ, 15-Sep-2026, 64.37, 65.66, 65.66, 62.40, 62.82, 62.66, 63.35, 64529, 40.88, 782, 57251, 88.72
MOMMIDCAP, EQ, 15-Sep-2026, 12.99, 12.96, 13.13, 12.56, 12.60, 12.58, 12.70, 1704461, 216.47, 1666, 1517541, 89.03
MOMNC, EQ, 15-Sep-2026, 31.85, 31.85, 32.87, 31.12, 31.13, 31.12, 31.39, 1595, 0.50, 59, 1509, 94.61
MOMOMENTUM, EQ, 15-Sep-2026, 62.07, 61.51, 62.16, 60.11, 60.46, 60.30, 60.76, 104191, 63.30, 1094, 63148, 60.61
MOMSBELIEF, BE, 15-Sep-2026, 224.96, 224.96, 229.00, 216.55, 220.10, 224.88, 224.24, 121277, 271.95, 930, -, -
MON100, EQ, 15-Sep-2026, 332.83, 338.44, 342.81, 330.02, 331.29, 330.62, 333.33, 785006, 2616.62, 31130, 441507, 56.24
MON50EQUAL, EQ, 15-Sep-2026, 32.51, 32.64, 33.33, 32.05, 32.26, 32.22, 32.32, 3116, 1.01, 68, 3109, 99.78
MONARCH, EQ, 15-Sep-2026, 373.95, 370.95, 374.00, 365.55, 366.55, 366.50, 367.49, 73907, 271.60, 1183, 37603, 50.88
MONEXT50, EQ, 15-Sep-2026, 71.90, 73.34, 73.34, 69.87, 70.72, 70.14, 70.72, 10781, 7.62, 174, 4635, 42.99
MONEYBOXX, EQ, 15-Sep-2026, 40.86, 42.20, 44.94, 42.19, 44.94, 44.94, 44.77, 85676, 38.36, 129, 79449, 92.73
MONIFTY100, EQ, 15-Sep-2026, 24.78, 24.16, 25.02, 24.16, 24.48, 24.48, 24.64, 8248, 2.03, 108, 6835, 82.87
MONIFTY500, EQ, 15-Sep-2026, 23.53, 24.11, 24.11, 23.09, 23.17, 23.19, 23.24, 2616214, 607.96, 3330, 2459508, 94.01
MONOLITH, SM, 15-Sep-2026, 1432.55, 1421.00, 1450.00, 1347.05, 1419.00, 1420.35, 1400.40, 90250, 1263.86, 312, 55500, 61.50
MONQ50, EQ, 15-Sep-2026, 216.35, 221.75, 234.00, 210.94, 229.52, 229.73, 229.53, 656015, 1505.75, 14301, 291407, 44.42
MONTECARLO, EQ, 15-Sep-2026, 555.45, 555.45, 560.90, 548.00, 551.10, 552.35, 554.79, 63656, 353.16, 2536, 42721, 67.11
MOOILGAS, EQ, 15-Sep-2026, 11.34, 11.62, 11.62, 10.80, 10.88, 10.87, 10.95, 35075, 3.84, 161, 32393, 92.35
MOPSE, EQ, 15-Sep-2026, 99.27, 97.10, 103.00, 96.90, 97.20, 99.10, 97.54, 3900, 3.80, 62, 3444, 88.31
MOQUALITY, EQ, 15-Sep-2026, 194.92, 195.89, 195.95, 192.00, 192.00, 192.25, 194.04, 572, 1.11, 39, 397, 69.41
MORARJEE, BZ, 15-Sep-2026, 9.22, 8.76, 8.76, 8.76, 8.76, 8.76, 8.76, 3162, 0.28, 4, -, -
MOREALTY, EQ, 15-Sep-2026, 85.21, 86.06, 86.59, 82.10, 82.96, 82.37, 83.34, 790268, 658.57, 4858, 500062, 63.28
MOREPENLAB, EQ, 15-Sep-2026, 115.78, 116.00, 116.68, 104.80, 106.90, 106.22, 108.69, 18625874, 20244.39, 76167, 5909411, 31.73
MOS, ST, 15-Sep-2026, 6.00, 5.75, 5.95, 5.70, 5.70, 5.70, 5.72, 600000, 34.32, 87, 540000, 90.00
MOSCHIP, EQ, 15-Sep-2026, 210.29, 210.35, 211.70, 202.00, 203.30, 203.02, 206.17, 1146326, 2363.36, 19584, 534353, 46.61
MOSERVICE, EQ, 15-Sep-2026, 30.33, 30.94, 30.94, 29.90, 30.00, 30.00, 30.06, 5995, 1.80, 82, 5976, 99.68
MOSILVER, EQ, 15-Sep-2026, 224.35, 224.48, 224.48, 221.20, 222.08, 221.93, 222.80, 23991, 53.45, 4258, 10249, 42.72
MOSMALL250, EQ, 15-Sep-2026, 18.41, 18.87, 18.87, 17.58, 18.00, 17.98, 18.09, 4772214, 863.11, 4922, 2736889, 57.35
MOTHERSON, EQ, 15-Sep-2026, 164.45, 165.00, 165.41, 158.15, 158.15, 158.15, 160.86, 13755237, 22126.29, 94793, 8779908, 63.83
MOTILALOFS, EQ, 15-Sep-2026, 1026.50, 1029.00, 1030.00, 985.10, 990.80, 990.80, 997.06, 581522, 5798.13, 20098, 266935, 45.90
MOTISONS, EQ, 15-Sep-2026, 15.95, 16.00, 16.09, 15.32, 15.35, 15.47, 15.65, 9434969, 1477.00, 12867, 2883071, 30.56
MOTOGENFIN, EQ, 15-Sep-2026, 25.59, 25.60, 27.00, 25.11, 25.11, 25.15, 25.74, 41480, 10.68, 156, 31198, 75.21
MOTOUR, EQ, 15-Sep-2026, 76.85, 76.85, 77.61, 75.07, 75.35, 75.27, 75.51, 24983, 18.86, 337, 19286, 77.20
MOVALUE, EQ, 15-Sep-2026, 111.48, 111.55, 112.48, 108.79, 109.66, 109.39, 110.25, 46233, 50.97, 1352, 30379, 65.71
MPDL, BE, 15-Sep-2026, 32.11, 31.95, 31.95, 30.51, 31.75, 31.75, 31.61, 808, 0.26, 5, -, -
MPEL, ST, 15-Sep-2026, 22.35, 21.25, 21.95, 21.25, 21.25, 21.25, 21.34, 12800, 2.73, 8, 8000, 62.50
MPEL-RE, ST, 15-Sep-2026, 2.00, 2.40, 2.40, 1.60, 1.60, 1.60, 2.00, 102400, 2.05, 26, 102400, 100.00
MPHASIS, EQ, 15-Sep-2026, 2295.00, 2353.00, 2461.10, 2353.00, 2378.00, 2378.00, 2403.08, 1176828, 28280.06, 86231, 396590, 33.70
MPSLTD, EQ, 15-Sep-2026, 2608.50, 2612.10, 2649.00, 2510.50, 2525.00, 2522.60, 2571.02, 19900, 511.63, 3125, 12420, 62.41
MRF, EQ, 15-Sep-2026, 128290.00, 128800.00, 129600.00, 125500.00, 126440.00, 125795.00, 126937.58, 2921, 3707.85, 2382, 1460, 49.98
MRIL, ST, 15-Sep-2026, 72.40, 72.00, 76.00, 72.00, 76.00, 76.00, 75.41, 48000, 36.20, 27, 48000, 100.00
MRPL, EQ, 15-Sep-2026, 175.86, 175.50, 176.07, 166.00, 166.70, 166.81, 170.38, 8734694, 14882.49, 59028, 2663313, 30.49
MSCI360, EQ, 15-Sep-2026, 9.94, 9.94, 10.07, 9.75, 10.04, 9.77, 9.87, 13928, 1.37, 43, 13427, 96.40
MSCIADD, EQ, 15-Sep-2026, 28.92, 28.91, 28.91, 28.56, 28.56, 28.56, 28.75, 1208, 0.35, 13, 1100, 91.06
MSCIINDIA, EQ, 15-Sep-2026, 29.11, 29.11, 29.48, 28.80, 28.80, 28.89, 29.02, 7421, 2.15, 179, 6497, 87.55
MSL, EQ, 15-Sep-2026, 141.56, 138.50, 140.00, 134.00, 140.00, 140.00, 135.75, 405, 0.55, 22, 388, 95.80
MSPL, EQ, 15-Sep-2026, 33.96, 34.90, 34.90, 32.60, 33.28, 32.96, 33.22, 721973, 239.83, 2632, 512198, 70.94
MSTCLTD, EQ, 15-Sep-2026, 738.55, 741.95, 746.00, 700.00, 703.00, 701.20, 713.87, 387780, 2768.23, 14054, 212168, 54.71
MSUMI, EQ, 15-Sep-2026, 36.30, 36.50, 36.58, 34.76, 34.96, 35.06, 35.61, 10784713, 3840.18, 80850, 6036652, 55.97
MTARTECH, BE, 15-Sep-2026, 7312.50, 6950.00, 7151.00, 6947.00, 6947.00, 6947.00, 6960.75, 155246, 10806.28, 13121, -, -
MTEDUCARE, BE, 15-Sep-2026, 1.82, 1.91, 1.91, 1.73, 1.74, 1.83, 1.78, 43345, 0.77, 100, -, -
MTNL, EQ, 15-Sep-2026, 24.74, 24.94, 25.12, 23.62, 23.64, 23.70, 24.29, 1071039, 260.14, 4582, 460666, 43.01
MUFIN, EQ, 15-Sep-2026, 134.76, 135.33, 135.90, 131.31, 132.00, 132.49, 132.98, 403703, 536.84, 2402, 217749, 53.94
MUFTI, EQ, 15-Sep-2026, 72.78, 73.00, 73.50, 72.00, 72.26, 72.49, 72.83, 57214, 41.67, 820, 35779, 62.54
MUKANDLTD, EQ, 15-Sep-2026, 139.48, 139.59, 143.48, 135.20, 135.30, 135.62, 136.81, 53683, 73.44, 1015, 30316, 56.47
MUKKA, EQ, 15-Sep-2026, 32.17, 33.00, 33.29, 30.95, 31.50, 31.39, 32.43, 2284101, 740.83, 8722, 1140012, 49.91
MUKTAARTS, BE, 15-Sep-2026, 58.57, 58.57, 58.57, 55.65, 57.20, 57.20, 56.52, 3147, 1.78, 30, -, -
MULTICAP, EQ, 15-Sep-2026, 16.51, 16.78, 16.78, 16.21, 16.22, 16.22, 16.37, 191369, 31.32, 987, 144536, 75.53
MUNISH, SM, 15-Sep-2026, 93.00, 90.15, 98.00, 90.15, 97.00, 97.50, 94.33, 57600, 54.33, 48, 45600, 79.17
MUNJALAU, EQ, 15-Sep-2026, 106.64, 106.64, 108.24, 103.09, 103.47, 103.80, 104.89, 299371, 314.01, 4760, 126304, 42.19
MUNJALSHOW, EQ, 15-Sep-2026, 127.66, 128.88, 128.88, 125.00, 125.00, 125.28, 125.92, 18586, 23.40, 533, 12839, 69.08
MURUDCERA, EQ, 15-Sep-2026, 29.78, 29.74, 30.16, 29.00, 29.00, 29.00, 29.20, 11482, 3.35, 164, 8887, 77.40
MUTHOOTCAP, EQ, 15-Sep-2026, 226.85, 226.85, 233.79, 220.80, 221.50, 222.90, 226.63, 11449, 25.95, 580, 7434, 64.93
MUTHOOTFIN, EQ, 15-Sep-2026, 2792.10, 2792.10, 2794.00, 2722.30, 2722.30, 2722.30, 2752.85, 451554, 12430.61, 54842, 262946, 58.23
MUTHOOTMF, EQ, 15-Sep-2026, 196.48, 196.48, 199.31, 183.60, 188.45, 187.61, 191.63, 333669, 639.42, 6047, 152870, 45.81
MVELECTRO, EQ, 15-Sep-2026, 841.70, 856.00, 856.00, 757.55, 790.00, 777.00, 805.98, 1768387, 14252.91, 43017, 217569, 12.30
MVGJL, EQ, 15-Sep-2026, 197.37, 197.80, 212.00, 193.23, 199.00, 196.05, 201.99, 407195, 822.48, 9359, 158422, 38.91
MVKAGRO, SM, 15-Sep-2026, 299.80, 309.00, 309.00, 284.85, 284.85, 284.85, 291.14, 380100, 1106.64, 661, 255600, 67.25
MWL, EQ, 15-Sep-2026, 40.60, 41.90, 48.00, 39.29, 40.63, 41.03, 43.50, 7108354, 3092.11, 41600, 1551147, 21.82
MYMUDRA, SM, 15-Sep-2026, 64.80, 63.40, 66.00, 63.40, 63.50, 63.50, 64.23, 4800, 3.08, 4, 4800, 100.00
MYSORPETRO, BE, 15-Sep-2026, 141.10, 135.01, 146.45, 134.05, 134.05, 134.05, 137.53, 3374, 4.64, 71, -, -
NACLIND, EQ, 15-Sep-2026, 157.62, 158.29, 158.68, 149.46, 150.00, 149.92, 152.42, 481375, 733.69, 9295, 275237, 57.18
NAGAFERT, BZ, 15-Sep-2026, 1.95, 1.86, 1.86, 1.86, 1.86, 1.86, 1.86, 287300, 5.34, 485, -, -
NAGREEKCAP, EQ, 15-Sep-2026, 24.90, 24.90, 27.39, 24.07, 27.39, 27.38, 26.92, 47603, 12.81, 427, 33071, 69.47
NAGREEKEXP, EQ, 15-Sep-2026, 22.40, 22.40, 23.00, 21.36, 21.80, 21.61, 22.14, 18145, 4.02, 228, 13616, 75.04
NAHARCAP, EQ, 15-Sep-2026, 258.90, 260.60, 261.90, 248.00, 252.00, 252.65, 253.38, 6628, 16.79, 150, 5824, 87.87
NAHARINDUS, EQ, 15-Sep-2026, 131.62, 131.20, 135.59, 126.22, 128.00, 127.37, 130.25, 15027, 19.57, 665, 8092, 53.85
NAHARPOLY, EQ, 15-Sep-2026, 231.87, 231.87, 234.76, 225.00, 225.16, 226.24, 228.13, 9176, 20.93, 370, 6143, 66.95
NAHARSPING, EQ, 15-Sep-2026, 273.10, 275.00, 279.00, 255.00, 261.10, 261.65, 265.20, 17043, 45.20, 629, 10936, 64.17
NAM-INDIA, EQ, 15-Sep-2026, 1189.60, 1184.00, 1194.40, 1153.10, 1153.10, 1153.10, 1179.78, 1238154, 14607.55, 115150, 790673, 63.86
NAMAN, SM, 15-Sep-2026, 39.00, 39.00, 39.00, 39.00, 39.00, 39.00, 39.00, 1600, 0.62, 2, 1600, 100.00
NAMOEWASTE, ST, 15-Sep-2026, 284.25, 273.15, 277.95, 270.05, 270.60, 273.55, 271.18, 82400, 223.45, 96, 71200, 86.41
NARMADA, EQ, 15-Sep-2026, 14.38, 14.20, 14.38, 13.55, 13.98, 13.85, 14.06, 188355, 26.49, 582, 105360, 55.94
NATCAPSUQ, BE, 15-Sep-2026, 189.39, 185.01, 189.99, 180.00, 180.00, 180.43, 181.95, 15656, 28.49, 194, -, -
NATCOPHARM, EQ, 15-Sep-2026, 815.35, 816.95, 831.45, 812.30, 816.10, 819.15, 819.91, 434634, 3563.61, 31839, 210940, 48.53
NATHBIOGEN, EQ, 15-Sep-2026, 147.78, 147.78, 150.00, 146.00, 147.95, 146.81, 147.95, 7164, 10.60, 219, 6463, 90.21
NATIONALUM, EQ, 15-Sep-2026, 361.00, 359.60, 360.35, 350.25, 350.55, 350.55, 355.67, 3640356, 12947.64, 58392, 1936952, 53.21
NATIONSTD, EQ, 15-Sep-2026, 110.11, 110.11, 115.40, 105.20, 114.98, 114.25, 109.12, 45167, 49.29, 965, 30190, 66.84
NAUKRI, EQ, 15-Sep-2026, 1250.80, 1268.10, 1310.00, 1261.50, 1261.50, 1261.50, 1283.15, 1716983, 22031.45, 57023, 793200, 46.20
NAVA, EQ, 15-Sep-2026, 551.85, 552.10, 561.85, 533.90, 540.00, 536.95, 546.39, 261101, 1426.64, 20468, 152037, 58.23
NAVINFLUOR, EQ, 15-Sep-2026, 8543.50, 8586.00, 8618.50, 8208.00, 8210.00, 8228.00, 8301.80, 111387, 9247.12, 31476, 54751, 49.15
NAVKARCORP, EQ, 15-Sep-2026, 93.58, 93.58, 93.90, 90.60, 91.90, 91.58, 91.84, 261219, 239.91, 3024, 164691, 63.05
NAVKARURB, BE, 15-Sep-2026, 0.87, 0.87, 0.89, 0.84, 0.87, 0.87, 0.88, 739180, 6.48, 336, -, -
NAVNETEDUL, EQ, 15-Sep-2026, 127.85, 127.20, 127.80, 123.81, 124.11, 124.10, 125.48, 90749, 113.87, 1495, 70123, 77.27
NAZARA, EQ, 15-Sep-2026, 370.30, 369.05, 375.05, 354.90, 357.40, 357.40, 363.60, 1012532, 3681.55, 18757, 615867, 60.82
NBCC, EQ, 15-Sep-2026, 82.90, 83.25, 83.49, 80.13, 80.69, 80.69, 81.40, 5854402, 4765.67, 31974, 2894472, 49.44
NBIFIN, EQ, 15-Sep-2026, 2020.00, 2020.00, 2020.00, 1966.10, 1975.00, 1978.50, 1973.41, 5209, 102.79, 77, 5141, 98.69
NCC, EQ, 15-Sep-2026, 140.94, 141.33, 142.23, 136.60, 137.19, 137.33, 139.10, 1413062, 1965.51, 21116, 772602, 54.68
NCLIND, EQ, 15-Sep-2026, 175.05, 174.52, 175.50, 171.10, 173.45, 173.02, 173.02, 39682, 68.66, 717, 30739, 77.46
NDGL, EQ, 15-Sep-2026, 2692.20, 2690.00, 2795.00, 2650.00, 2650.00, 2655.50, 2681.81, 174, 4.67, 42, 164, 94.25
NDL, EQ, 15-Sep-2026, 2.86, 2.87, 2.88, 2.65, 2.75, 2.75, 2.77, 1065293, 29.52, 1619, 671876, 63.07
NDLVENTURE, EQ, 15-Sep-2026, 125.43, 127.97, 127.97, 118.30, 121.00, 118.87, 124.41, 40636, 50.55, 802, 33885, 83.39
NDRAUTO, EQ, 15-Sep-2026, 692.85, 692.85, 697.15, 660.50, 673.00, 672.85, 673.98, 44559, 300.32, 3162, 23212, 52.09
NDRINVIT, IV, 15-Sep-2026, 145.00, 145.00, 145.00, 145.00, 145.00, 145.00, 145.00, 25000, 36.25, 1, 25000, 100.00
NDTV, EQ, 15-Sep-2026, 72.02, 71.13, 72.80, 70.05, 70.50, 70.43, 70.91, 58950, 41.80, 1038, 35066, 59.48
NEAGI, EQ, 15-Sep-2026, 3435.00, 3450.00, 3450.00, 3308.00, 3308.00, 3308.00, 3336.80, 10, 0.33, 6, 9, 90.00
NECCLTD, BE, 15-Sep-2026, 19.10, 19.01, 19.36, 18.15, 19.10, 19.04, 18.42, 55002, 10.13, 158, -, -
NECLIFE, EQ, 15-Sep-2026, 11.50, 11.54, 12.07, 11.23, 11.43, 11.40, 11.75, 129977, 15.27, 467, 90211, 69.41
NELCAST, EQ, 15-Sep-2026, 108.56, 108.79, 109.04, 103.80, 104.99, 104.91, 106.27, 50573, 53.74, 1729, 28266, 55.89
NELCO, EQ, 15-Sep-2026, 947.25, 953.00, 960.65, 912.50, 925.95, 924.30, 929.99, 220149, 2047.36, 9308, 97138, 44.12
NEOCHEM, SM, 15-Sep-2026, 102.15, 102.00, 108.30, 102.00, 104.05, 105.15, 104.54, 140400, 146.78, 46, 85200, 60.68
NEOGEN, EQ, 15-Sep-2026, 2373.00, 2381.00, 2399.80, 2234.30, 2332.20, 2310.30, 2320.70, 264415, 6136.27, 35847, 136082, 51.47
NEPHROCARE, SM, 15-Sep-2026, 93.20, 97.00, 102.45, 95.25, 95.70, 95.40, 98.06, 27600, 27.06, 60, 19200, 69.57
NEPHROPLUS, EQ, 15-Sep-2026, 765.35, 770.00, 774.95, 725.00, 731.25, 734.95, 742.73, 306493, 2276.40, 25012, 170236, 55.54
NEPTUNE, SM, 15-Sep-2026, 179.05, 179.00, 179.00, 179.00, 179.00, 179.00, 179.00, 500, 0.90, 1, 500, 100.00
NESCO, EQ, 15-Sep-2026, 1102.20, 1112.00, 1132.30, 1081.60, 1093.00, 1087.70, 1104.60, 77281, 853.65, 7250, 42273, 54.70
NESTLEIND, EQ, 15-Sep-2026, 1383.30, 1383.30, 1395.00, 1362.00, 1362.00, 1362.00, 1374.94, 1597455, 21964.02, 73893, 965260, 60.42
NETF, EQ, 15-Sep-2026, 254.79, 252.55, 257.00, 252.15, 254.78, 253.54, 254.60, 2881, 7.34, 255, 1597, 55.43
NETWEB, EQ, 15-Sep-2026, 5027.00, 4962.00, 4977.50, 4570.00, 4605.50, 4614.00, 4728.67, 1907037, 90177.49, 165544, 607417, 31.85
NETWORK18, EQ, 15-Sep-2026, 26.64, 27.12, 27.19, 25.85, 25.90, 25.95, 26.29, 3466061, 911.23, 8056, 2262905, 65.29
NEUEON, BE, 15-Sep-2026, 11.96, 11.95, 11.95, 11.37, 11.37, 11.38, 11.44, 31418, 3.59, 100, -, -
NEULANDLAB, EQ, 15-Sep-2026, 23535.00, 23430.00, 23480.00, 22430.00, 22455.00, 22595.00, 22924.55, 54667, 12532.17, 22457, 30084, 55.03
NEWGEN, EQ, 15-Sep-2026, 501.40, 512.00, 528.60, 498.00, 500.00, 499.35, 516.10, 1695640, 8751.24, 48798, 306321, 18.07
NEWJAISA, ST, 15-Sep-2026, 17.25, 17.65, 17.65, 17.40, 17.60, 17.60, 17.61, 49500, 8.72, 12, 49500, 100.00
NEXT30ADD, EQ, 15-Sep-2026, 42.39, 42.60, 42.60, 41.47, 41.70, 41.59, 41.83, 4424, 1.85, 119, 3329, 75.25
NEXT50, EQ, 15-Sep-2026, 746.10, 746.10, 749.83, 726.93, 727.49, 728.36, 732.74, 56707, 415.52, 4410, 37072, 65.37
NEXT50ADD, EQ, 15-Sep-2026, 72.78, 72.78, 72.78, 70.71, 70.75, 70.86, 71.39, 114949, 82.06, 115, 103459, 90.00
NEXT50BETA, EQ, 15-Sep-2026, 78.06, 78.78, 78.78, 76.00, 76.98, 76.45, 77.05, 122831, 94.64, 1444, 85775, 69.83
NEXT50ETF, EQ, 15-Sep-2026, 72.96, 73.32, 73.32, 71.00, 71.10, 71.39, 71.76, 26824, 19.25, 407, 26149, 97.48
NEXT50IETF, EQ, 15-Sep-2026, 76.35, 76.70, 76.70, 74.32, 74.70, 74.54, 75.14, 1139608, 856.30, 13075, 894575, 78.50
NEXTMEDIA, EQ, 15-Sep-2026, 3.90, 3.81, 3.96, 3.78, 3.87, 3.83, 3.86, 15210, 0.59, 40, 6185, 40.66
NFL, EQ, 15-Sep-2026, 68.49, 68.42, 68.86, 67.10, 67.15, 67.18, 67.59, 471098, 318.44, 3893, 197068, 41.83
NFPSAMPOOR, SM, 15-Sep-2026, 21.00, 20.50, 22.50, 20.00, 22.50, 22.00, 20.85, 26000, 5.42, 13, 14000, 53.85
NGIL, EQ, 15-Sep-2026, 33.42, 33.42, 34.10, 32.30, 33.00, 33.01, 33.24, 8373, 2.78, 73, 7452, 89.00
NGLFINE, EQ, 15-Sep-2026, 2657.20, 2657.20, 2690.90, 2541.50, 2570.00, 2581.80, 2609.91, 7736, 201.90, 1607, 4578, 59.18
NH, EQ, 15-Sep-2026, 1869.20, 1899.00, 1914.90, 1878.90, 1899.00, 1894.90, 1901.32, 249620, 4746.08, 39145, 136028, 54.49
NHIT, IV, 15-Sep-2026, 169.95, 171.00, 171.00, 171.00, 171.00, 171.00, 171.00, 25000, 42.75, 1, 25000, 100.00
NHPC, EQ, 15-Sep-2026, 76.38, 76.55, 77.07, 75.56, 76.04, 76.04, 76.12, 8558617, 6514.57, 42881, 4601977, 53.77
NIACL, EQ, 15-Sep-2026, 198.39, 200.00, 200.30, 184.00, 185.18, 185.41, 190.14, 3487564, 6631.38, 35947, 1080854, 30.99
NIBE, EQ, 15-Sep-2026, 1282.40, 1295.00, 1295.00, 1218.00, 1230.00, 1224.40, 1249.82, 39048, 488.03, 4069, 22656, 58.02
NIBL, EQ, 15-Sep-2026, 33.23, 33.26, 34.00, 30.62, 31.00, 31.06, 32.39, 45821, 14.84, 587, 30645, 66.88
NICCOPAR, EQ, 15-Sep-2026, 83.00, 83.00, 83.00, 79.05, 82.00, 80.51, 79.61, 1411, 1.12, 39, 1328, 94.12
NIDAN, SM, 15-Sep-2026, 13.50, 13.25, 13.25, 13.25, 13.25, 13.25, 13.25, 1000, 0.13, 1, 1000, 100.00
NIF100BEES, EQ, 15-Sep-2026, 261.20, 263.81, 264.02, 257.10, 258.75, 257.93, 259.09, 39979, 103.58, 944, 20514, 51.31
NIF100IETF, EQ, 15-Sep-2026, 27.49, 28.17, 28.17, 26.80, 27.23, 27.16, 27.27, 131694, 35.91, 3801, 68355, 51.90
NIF500BETA, EQ, 15-Sep-2026, 36.78, 38.00, 38.00, 36.24, 36.31, 36.31, 36.53, 1428, 0.52, 21, 1426, 99.86
NIFTY1, EQ, 15-Sep-2026, 260.41, 257.81, 263.01, 257.03, 258.05, 257.46, 258.90, 195379, 505.84, 2701, 109808, 56.20
NIFTY100EW, EQ, 15-Sep-2026, 34.53, 34.53, 35.00, 33.82, 33.95, 33.91, 34.12, 111737, 38.13, 668, 104028, 93.10
NIFTYADD, EQ, 15-Sep-2026, 246.89, 244.42, 248.12, 244.42, 245.10, 244.69, 245.93, 14910, 36.67, 259, 9401, 63.05
NIFTYAXIS, EQ, 15-Sep-2026, 259.44, 262.46, 262.46, 256.84, 257.87, 257.17, 258.06, 15282, 39.44, 272, 11906, 77.91
NIFTYBEES, EQ, 15-Sep-2026, 267.14, 268.10, 269.90, 264.24, 265.10, 264.58, 265.96, 7069412, 18801.87, 93403, 4949429, 70.01
NIFTYBETA, EQ, 15-Sep-2026, 260.23, 262.88, 262.88, 257.11, 258.10, 257.38, 258.43, 53891, 139.27, 941, 40455, 75.07
NIFTYBETF, EQ, 15-Sep-2026, 241.10, 244.47, 244.47, 238.39, 239.00, 239.22, 240.90, 14854, 35.78, 158, 4994, 33.62
NIFTYCASE, EQ, 15-Sep-2026, 9.41, 9.17, 9.59, 9.17, 9.36, 9.34, 9.37, 1012463, 94.90, 3011, 818781, 80.87
NIFTYETF, EQ, 15-Sep-2026, 255.29, 255.17, 258.86, 252.12, 252.12, 252.68, 253.54, 119757, 303.63, 1598, 78596, 65.63
NIFTYIETF, EQ, 15-Sep-2026, 265.67, 270.98, 270.98, 263.00, 264.00, 263.36, 264.73, 638243, 1689.64, 32580, 428930, 67.20
NIFTYJBLK, EQ, 15-Sep-2026, 12.14, 11.83, 12.44, 11.83, 12.07, 11.92, 11.99, 178450, 21.40, 1263, 155162, 86.95
NIFTYQLITY, EQ, 15-Sep-2026, 20.83, 21.08, 21.08, 20.50, 20.60, 20.57, 20.80, 31338, 6.52, 332, 24853, 79.31
NIITLTD, EQ, 15-Sep-2026, 92.49, 91.77, 94.29, 86.69, 87.44, 87.32, 90.12, 391512, 352.81, 5154, 184644, 47.16
NIITMTS, EQ, 15-Sep-2026, 229.84, 231.98, 238.45, 227.82, 233.85, 232.02, 233.09, 297370, 693.15, 11091, 157353, 52.91
NIKITA, SM, 15-Sep-2026, 70.10, 68.25, 68.25, 66.80, 66.80, 66.80, 67.70, 10800, 7.31, 9, 7200, 66.67
NILAINFRA, EQ, 15-Sep-2026, 6.64, 6.65, 6.86, 6.50, 6.70, 6.57, 6.63, 177793, 11.79, 701, 149831, 84.27
NILASPACES, EQ, 15-Sep-2026, 12.28, 12.28, 12.56, 12.00, 12.22, 12.23, 12.24, 1058264, 129.53, 1933, 431044, 40.73
NILE, EQ, 15-Sep-2026, 1452.10, 1440.00, 1488.00, 1430.00, 1432.00, 1431.90, 1441.52, 1972, 28.43, 376, 1607, 81.49
NILKAMAL, EQ, 15-Sep-2026, 2050.80, 2050.80, 2069.90, 1989.00, 2000.00, 2017.90, 2033.20, 19596, 398.43, 2976, 10675, 54.48
NIMBSPROJ, EQ, 15-Sep-2026, 165.25, 171.86, 173.51, 170.00, 170.00, 170.00, 172.64, 1551, 2.68, 28, 1393, 89.81
NINSYS, EQ, 15-Sep-2026, 710.70, 725.00, 725.00, 700.05, 711.45, 710.75, 708.93, 3821, 27.09, 616, 2300, 60.19
NIPPOBATRY, EQ, 15-Sep-2026, 317.85, 320.00, 322.20, 316.50, 320.00, 320.85, 319.94, 1619, 5.18, 92, 1100, 67.94
NIRAJ, EQ, 15-Sep-2026, 27.22, 27.02, 28.70, 27.02, 27.50, 27.58, 28.01, 19209, 5.38, 147, 13975, 72.75
NIRAJISPAT, BE, 15-Sep-2026, 300.30, 299.95, 300.00, 299.90, 300.00, 300.00, 299.99, 674, 2.02, 16, -, -
NIRLON, EQ, 15-Sep-2026, 607.50, 610.00, 620.45, 600.00, 602.75, 600.65, 603.87, 3067, 18.52, 517, 2239, 73.00
NIRMAN, SM, 15-Sep-2026, 27.55, 28.10, 28.45, 27.10, 27.50, 27.50, 27.60, 13800, 3.81, 37, 10800, 78.26
NITCO, EQ, 15-Sep-2026, 93.71, 93.32, 94.03, 87.15, 88.00, 88.24, 90.19, 464560, 419.00, 3239, 256836, 55.29
NITINSPIN, EQ, 15-Sep-2026, 651.05, 654.80, 665.00, 640.25, 643.00, 643.15, 649.22, 182683, 1186.01, 9319, 105738, 57.88
NITIRAJ, EQ, 15-Sep-2026, 233.25, 235.00, 236.00, 224.50, 224.50, 225.91, 226.62, 4441, 10.06, 120, 3363, 75.73
NITTAGELA, EQ, 15-Sep-2026, 1645.30, 1625.40, 1807.00, 1602.20, 1690.30, 1693.00, 1725.81, 14085, 243.08, 1511, 9124, 64.78
NIVABUPA, EQ, 15-Sep-2026, 79.93, 79.92, 83.90, 79.63, 81.00, 81.50, 81.01, 1416460, 1147.46, 13849, 613554, 43.32
NKIND, EQ, 15-Sep-2026, 55.43, 55.10, 59.50, 55.00, 55.80, 55.52, 55.66, 1139, 0.63, 35, 934, 82.00
NLCINDIA, EQ, 15-Sep-2026, 264.40, 264.45, 266.40, 256.30, 259.45, 261.05, 261.20, 1337838, 3494.45, 30188, 689974, 51.57
NMDC, EQ, 15-Sep-2026, 82.40, 82.80, 82.89, 80.50, 80.50, 80.50, 81.52, 10462679, 8529.37, 42633, 6252336, 59.76
NMSTEEL, SM, 15-Sep-2026, 23.55, 23.55, 23.55, 23.55, 23.55, 23.55, 23.55, 1600, 0.38, 1, 1600, 100.00
NOCIL, EQ, 15-Sep-2026, 189.65, 191.61, 192.00, 182.15, 182.70, 183.60, 187.22, 1291473, 2417.84, 13757, 473090, 36.63
NOIDATOLL, EQ, 15-Sep-2026, 3.95, 4.04, 4.05, 3.95, 4.02, 4.01, 3.99, 48722, 1.94, 235, 40782, 83.70
NORBTEAEXP, EQ, 15-Sep-2026, 64.40, 65.90, 67.39, 64.50, 64.50, 64.50, 64.61, 1569, 1.01, 35, 1170, 74.57
NORTHARC, EQ, 15-Sep-2026, 305.10, 305.90, 308.20, 292.00, 295.00, 294.20, 296.54, 1045895, 3101.46, 19080, 581214, 55.57
NOVAAGRI, EQ, 15-Sep-2026, 22.70, 23.42, 23.48, 21.80, 22.32, 22.49, 22.51, 107024, 24.09, 605, 68157, 63.68
NOVARTIND, EQ, 15-Sep-2026, 2391.30, 2360.20, 2360.20, 2153.30, 2191.00, 2188.00, 2243.31, 135595, 3041.82, 11266, 41597, 30.68
NPBET, EQ, 15-Sep-2026, 284.56, 284.72, 284.72, 277.78, 277.78, 278.83, 281.63, 484, 1.36, 41, 268, 55.37
NPST, EQ, 15-Sep-2026, 1686.10, 1698.90, 1700.00, 1630.00, 1635.00, 1639.50, 1660.44, 27585, 458.03, 3880, 14137, 51.25
NRAIL, EQ, 15-Sep-2026, 627.90, 638.00, 685.00, 631.00, 640.00, 638.85, 663.31, 113606, 753.56, 6021, 43999, 38.73
NRBBEARING, EQ, 15-Sep-2026, 514.65, 516.00, 516.80, 478.00, 481.15, 480.85, 490.86, 504748, 2477.59, 25017, 241875, 47.92
NRL, BE, 15-Sep-2026, 133.06, 127.00, 136.50, 126.41, 135.67, 135.35, 130.93, 118553, 155.22, 562, -, -
NRVANDANA, SM, 15-Sep-2026, 68.00, 68.00, 68.00, 67.00, 67.00, 67.00, 67.50, 6000, 4.05, 2, 6000, 100.00
NSIL, EQ, 15-Sep-2026, 5551.00, 5623.00, 5623.00, 5400.00, 5421.00, 5409.50, 5484.32, 1651, 90.55, 322, 1234, 74.74
NSLNISP, EQ, 15-Sep-2026, 43.66, 43.68, 43.69, 41.35, 41.59, 41.45, 42.20, 3741526, 1579.09, 17388, 2027705, 54.19
NTCIND, EQ, 15-Sep-2026, 134.91, 139.45, 139.45, 130.15, 136.58, 134.11, 135.44, 2427, 3.29, 96, 1450, 59.74
NTPC, EQ, 15-Sep-2026, 333.40, 333.00, 333.30, 326.40, 329.50, 329.50, 328.36, 8445501, 27731.61, 88696, 5383822, 63.75
NTPCGREEN, EQ, 15-Sep-2026, 86.94, 86.94, 87.02, 85.75, 85.89, 85.86, 86.11, 2073084, 1785.08, 24646, 1290600, 62.26
NUCLEUS, EQ, 15-Sep-2026, 696.45, 691.40, 707.55, 691.40, 698.90, 696.40, 699.01, 20850, 145.74, 1482, 10059, 48.24
NURECA, BE, 15-Sep-2026, 332.75, 330.00, 345.00, 322.10, 325.00, 322.20, 331.21, 5712, 18.92, 137, -, -
NUVAMA, EQ, 15-Sep-2026, 1737.20, 1740.00, 1746.40, 1660.00, 1694.90, 1668.20, 1690.23, 217310, 3673.05, 20800, 131715, 60.61
NUVOCO, EQ, 15-Sep-2026, 330.15, 330.15, 330.95, 312.05, 313.40, 313.75, 318.51, 321519, 1024.07, 14864, 190419, 59.22
NV20, EQ, 15-Sep-2026, 13.56, 13.56, 13.81, 13.47, 13.57, 13.51, 13.60, 362180, 49.25, 479, 181883, 50.22
NV20BEES, EQ, 15-Sep-2026, 136.15, 137.51, 137.61, 134.99, 134.99, 135.04, 135.38, 114375, 154.84, 473, 101573, 88.81
NV20IETF, EQ, 15-Sep-2026, 13.27, 13.54, 13.58, 13.01, 13.20, 13.16, 13.26, 447667, 59.37, 3193, 251083, 56.09
NXST, RR, 15-Sep-2026, 166.98, 167.70, 167.84, 164.12, 167.00, 166.93, 166.06, 664717, 1103.85, 8987, 495311, 74.51
NYKAA, EQ, 15-Sep-2026, 344.50, 345.40, 346.15, 336.20, 336.20, 336.20, 341.77, 2338555, 7992.48, 33498, 1300953, 55.63
OAL, EQ, 15-Sep-2026, 532.10, 524.00, 559.80, 505.50, 506.00, 510.95, 536.25, 101439, 543.97, 5771, 24874, 24.52
OBCL, EQ, 15-Sep-2026, 55.78, 55.79, 57.50, 55.00, 57.50, 56.58, 56.46, 18533, 10.46, 75, 18300, 98.74
OBEROIRLTY, EQ, 15-Sep-2026, 1741.10, 1746.00, 1749.50, 1668.50, 1668.50, 1668.50, 1696.15, 362748, 6152.74, 34922, 194910, 53.73
OBSCP, SM, 15-Sep-2026, 958.65, 966.05, 974.65, 922.55, 930.85, 926.70, 939.42, 40000, 375.77, 97, 30000, 75.00
OCCLLTD, BE, 15-Sep-2026, 159.41, 159.90, 163.00, 151.44, 152.00, 151.64, 153.28, 57150, 87.60, 447, -, -
ODIGMA, EQ, 15-Sep-2026, 22.23, 22.12, 22.44, 21.50, 22.00, 22.09, 21.97, 9536, 2.10, 394, 7703, 80.78
ODYCORP, EQ, 15-Sep-2026, 7.18, 7.39, 7.39, 6.80, 7.15, 6.88, 7.08, 17867, 1.26, 156, 14855, 83.14
OFSS, EQ, 15-Sep-2026, 11763.00, 11910.00, 12099.00, 11692.00, 11803.00, 11803.00, 11891.08, 231321, 27506.56, 42071, 87183, 37.69
OIL, EQ, 15-Sep-2026, 489.80, 494.40, 494.40, 483.00, 485.60, 485.60, 487.87, 1967012, 9596.41, 33818, 998145, 50.74
OILCOUNTUB, BE, 15-Sep-2026, 61.20, 61.20, 62.40, 61.01, 62.40, 62.40, 61.30, 14794, 9.07, 51, -, -
OILIETF, EQ, 15-Sep-2026, 11.17, 11.17, 11.21, 10.98, 11.02, 11.00, 11.04, 2438800, 269.32, 4137, 1883376, 77.23
OLAELEC, EQ, 15-Sep-2026, 38.54, 38.95, 40.10, 37.63, 37.95, 38.03, 38.67, 60999122, 23591.02, 129690, 16133598, 26.45
OLECTRA, EQ, 15-Sep-2026, 1209.50, 1216.70, 1249.00, 1166.10, 1177.90, 1179.20, 1212.15, 381768, 4627.59, 27113, 126016, 33.01
OLIL, SM, 15-Sep-2026, 436.30, 437.00, 443.85, 437.00, 443.50, 443.50, 442.05, 2000, 8.84, 5, 1600, 80.00
OMAXAUTO, EQ, 15-Sep-2026, 172.93, 172.92, 177.00, 168.01, 169.60, 169.00, 171.72, 63651, 109.30, 1233, 32247, 50.66
OMAXE, EQ, 15-Sep-2026, 123.98, 123.03, 123.54, 116.65, 118.00, 118.04, 119.59, 801155, 958.11, 8746, 262722, 32.79
OMFREIGHT, BE, 15-Sep-2026, 89.12, 87.50, 88.50, 86.50, 86.50, 86.51, 87.07, 3929, 3.42, 83, -, -
OMINFRAL, EQ, 15-Sep-2026, 79.59, 80.80, 88.00, 78.20, 79.00, 80.25, 81.82, 219096, 179.25, 4122, 40417, 18.45
OMNI, EQ, 15-Sep-2026, 549.75, 555.00, 565.95, 535.50, 540.50, 540.30, 548.99, 457673, 2512.56, 15220, 228512, 49.93
OMPOWER, EQ, 15-Sep-2026, 171.54, 171.10, 173.72, 165.35, 165.35, 168.20, 169.59, 103029, 174.72, 1974, 55935, 54.29
ONDOOR, SM, 15-Sep-2026, 288.00, 285.00, 285.00, 277.90, 277.90, 277.95, 280.98, 7500, 21.07, 19, 6600, 88.00
ONEGLOBAL, EQ, 15-Sep-2026, 540.45, 555.30, 560.20, 513.45, 515.00, 518.50, 524.35, 19227, 100.82, 1166, 10276, 53.45
ONELIFECAP, BE, 15-Sep-2026, 32.76, 32.87, 34.00, 31.76, 33.40, 33.15, 32.94, 13971, 4.60, 77, -, -
ONEPOINT, EQ, 15-Sep-2026, 56.39, 57.49, 61.38, 56.00, 56.80, 56.68, 59.12, 5466042, 3231.61, 27821, 1440822, 26.36
ONESOURCE, EQ, 15-Sep-2026, 1592.20, 1614.90, 1657.50, 1589.00, 1614.00, 1599.60, 1623.31, 724751, 11764.92, 61518, 362382, 50.00
ONGC, EQ, 15-Sep-2026, 232.50, 234.90, 236.30, 233.33, 235.95, 235.95, 234.77, 14549134, 34157.65, 85752, 8821336, 60.63
ONIDA, EQ, 15-Sep-2026, 32.18, 32.00, 33.78, 32.00, 33.35, 33.33, 33.35, 1068890, 356.46, 2830, 559575, 52.35
ONIXSOLAR, EQ, 15-Sep-2026, 438.65, 416.75, 436.00, 416.75, 416.75, 416.75, 417.76, 279187, 1166.33, 942, 201807, 72.28
ONMOBILE, BE, 15-Sep-2026, 47.00, 47.23, 49.35, 46.74, 49.35, 49.35, 48.14, 77699, 37.41, 391, -, -
ONWARDTEC, EQ, 15-Sep-2026, 283.65, 283.65, 290.00, 280.10, 280.50, 281.55, 283.92, 20077, 57.00, 845, 12888, 64.19
ONYX, ST, 15-Sep-2026, 38.00, 39.00, 39.00, 38.00, 38.00, 38.00, 38.06, 48000, 18.27, 6, 48000, 100.00
OPTIEMUS, EQ, 15-Sep-2026, 566.25, 569.60, 622.10, 567.85, 605.00, 604.95, 601.83, 1979704, 11914.38, 71271, 480049, 24.25
OPTIFIN, EQ, 15-Sep-2026, 14.50, 14.05, 15.00, 13.56, 14.00, 13.85, 14.04, 28858, 4.05, 104, 20283, 70.29
OPTIMYSTIX, SM, 15-Sep-2026, 148.00, 145.00, 150.00, 141.35, 150.00, 148.30, 144.59, 37600, 54.37, 36, 24800, 65.96
OPTIVALUE, ST, 15-Sep-2026, 190.35, 195.00, 199.85, 189.00, 199.85, 199.70, 198.11, 289600, 573.74, 102, 264000, 91.16
ORBTEXP, BE, 15-Sep-2026, 237.00, 234.63, 240.99, 228.00, 235.00, 234.42, 234.83, 1386, 3.25, 31, -, -
ORCHASP, EQ, 15-Sep-2026, 1.41, 1.44, 1.64, 1.41, 1.61, 1.58, 1.53, 766655, 11.70, 652, 621154, 81.02
ORCHPHARMA, EQ, 15-Sep-2026, 1003.05, 1009.15, 1060.00, 972.85, 987.00, 988.20, 1010.79, 135724, 1371.89, 14270, 25267, 18.62
ORIANA, SM, 15-Sep-2026, 1227.25, 1250.00, 1305.00, 1230.00, 1270.10, 1270.75, 1272.35, 86475, 1100.27, 860, 58200, 67.30
ORICONENT, EQ, 15-Sep-2026, 51.39, 51.55, 53.43, 51.16, 51.30, 51.31, 51.70, 18903, 9.77, 745, 7352, 38.89
ORIENTALTL, EQ, 15-Sep-2026, 5.07, 5.07, 5.25, 4.95, 5.07, 5.02, 5.05, 85709, 4.33, 338, 46904, 54.72
ORIENTBELL, EQ, 15-Sep-2026, 401.95, 403.10, 414.00, 386.40, 394.00, 390.45, 391.93, 55451, 217.33, 2287, 36725, 66.23
ORIENTCEM, EQ, 15-Sep-2026, 125.58, 125.58, 125.99, 121.20, 121.60, 121.98, 123.47, 433788, 535.61, 4802, 211824, 48.83
ORIENTCER, EQ, 15-Sep-2026, 46.01, 46.88, 47.40, 44.50, 44.95, 44.79, 45.86, 89199, 40.91, 2740, 48625, 54.51
ORIENTELEC, EQ, 15-Sep-2026, 173.56, 174.00, 174.95, 168.54, 170.17, 169.17, 171.39, 138909, 238.07, 3762, 81179, 58.44
ORIENTHOT, EQ, 15-Sep-2026, 141.35, 142.18, 144.00, 138.50, 139.33, 138.98, 140.96, 1117544, 1575.24, 7982, 514397, 46.03
ORIENTLTD, BE, 15-Sep-2026, 82.75, 83.16, 83.16, 82.50, 82.90, 82.90, 82.65, 125, 0.10, 6, -, -
ORIENTPPR, EQ, 15-Sep-2026, 17.78, 17.78, 17.94, 16.60, 16.70, 16.69, 17.00, 341559, 58.07, 1491, 240147, 70.31
ORIENTTECH, EQ, 15-Sep-2026, 249.64, 249.64, 256.00, 240.25, 241.00, 242.28, 246.72, 345230, 851.76, 10740, 98988, 28.67
ORIRAIL, EQ, 15-Sep-2026, 124.11, 124.11, 124.99, 117.01, 119.74, 119.03, 119.62, 99410, 118.91, 1834, 53679, 54.00
ORISSAMINE, EQ, 15-Sep-2026, 3955.20, 3980.00, 4037.40, 3832.80, 3861.10, 3877.90, 3927.50, 10016, 393.38, 2238, 4684, 46.77
ORKLAINDIA, EQ, 15-Sep-2026, 591.25, 588.30, 591.20, 579.90, 580.00, 582.30, 582.94, 34460, 200.88, 2251, 20337, 59.02
ORTEL, BZ, 15-Sep-2026, 1.85, 1.86, 1.86, 1.76, 1.76, 1.76, 1.78, 46087, 0.82, 29, -, -
ORTINGLOBE, EQ, 15-Sep-2026, 17.09, 17.50, 17.58, 16.62, 16.62, 16.62, 16.95, 17178, 2.91, 85, 15410, 89.71
OSELDEVICE, SM, 15-Sep-2026, 372.15, 374.95, 374.95, 356.00, 361.70, 361.90, 366.33, 30200, 110.63, 119, 24200, 80.13
OSIAHYPER, BE, 15-Sep-2026, 2.44, 2.45, 2.50, 2.32, 2.43, 2.42, 2.39, 547909, 13.10, 441, -, -
OSWALAGRO, EQ, 15-Sep-2026, 35.60, 35.20, 35.60, 34.12, 34.18, 34.25, 34.87, 16012, 5.58, 307, 10799, 67.44
OSWALGREEN, EQ, 15-Sep-2026, 20.01, 20.03, 20.36, 19.50, 19.53, 19.59, 19.81, 101172, 20.05, 1184, 64459, 63.71
OSWALPUMPS, EQ, 15-Sep-2026, 282.45, 282.45, 289.20, 274.30, 275.25, 275.45, 279.41, 347502, 970.97, 7317, 173792, 50.01
OSWALSEEDS, EQ, 15-Sep-2026, 15.54, 15.70, 16.49, 13.46, 15.74, 15.83, 14.87, 988892, 147.03, 2991, 481470, 48.69
OWAIS, ST, 15-Sep-2026, 76.55, 76.50, 78.05, 75.05, 77.00, 75.10, 75.38, 13800, 10.40, 55, 13400, 97.10
PACEDIGITK, EQ, 15-Sep-2026, 158.33, 159.51, 161.97, 152.90, 154.00, 153.60, 155.60, 628622, 978.14, 8844, 312809, 49.76
PACIFICI, EQ, 15-Sep-2026, 140.00, 140.70, 150.00, 136.00, 136.00, 136.00, 140.13, 66, 0.09, 10, 63, 95.45
PAGEIND, EQ, 15-Sep-2026, 35365.00, 35465.00, 35510.00, 34580.00, 34580.00, 34580.00, 34971.52, 12827, 4485.80, 7398, 7323, 57.09
PAISALO, EQ, 15-Sep-2026, 84.23, 84.92, 85.25, 83.47, 84.21, 84.47, 84.64, 14460925, 12239.68, 69326, 7872056, 54.44
PAKKA, EQ, 15-Sep-2026, 76.57, 77.13, 79.83, 74.00, 74.01, 74.85, 76.53, 174152, 133.27, 3600, 94886, 54.48
PALASHSECU, EQ, 15-Sep-2026, 85.92, 87.02, 90.00, 84.00, 88.00, 88.72, 87.86, 1481, 1.30, 54, 1094, 73.87
PALREDTEC, EQ, 15-Sep-2026, 52.00, 52.00, 54.34, 49.75, 49.80, 49.81, 51.39, 4452, 2.29, 72, 3435, 77.16
PANACEABIO, EQ, 15-Sep-2026, 397.65, 396.95, 396.95, 371.00, 371.00, 375.75, 383.70, 292361, 1121.79, 8832, 128928, 44.10
PANACHE, BE, 15-Sep-2026, 519.00, 525.00, 529.00, 509.65, 529.00, 529.00, 518.38, 11038, 57.22, 62, -, -
PANAMAPET, EQ, 15-Sep-2026, 483.15, 475.05, 476.90, 445.15, 448.95, 450.75, 457.81, 455986, 2087.54, 12896, 239518, 52.53
PANCHMAHQ, EQ, 15-Sep-2026, 280.00, 309.80, 309.80, 266.45, 305.00, 293.40, 297.75, 698, 2.08, 55, 557, 79.80
PANORAMA, EQ, 15-Sep-2026, 53.78, 55.40, 56.18, 50.35, 50.67, 51.92, 53.87, 572747, 308.52, 5482, 153644, 26.83
PANSARI, EQ, 15-Sep-2026, 281.50, 281.50, 299.00, 275.00, 281.00, 282.15, 284.18, 312, 0.89, 27, 200, 64.10
PAR, BE, 15-Sep-2026, 140.92, 138.90, 138.90, 133.88, 133.88, 133.88, 134.54, 26115, 35.14, 239, -, -
PARACABLES, EQ, 15-Sep-2026, 64.87, 65.00, 65.29, 61.00, 61.30, 61.31, 62.34, 1879764, 1171.79, 11378, 1135089, 60.38
PARADEEP, EQ, 15-Sep-2026, 155.96, 155.51, 156.71, 148.50, 149.00, 149.34, 151.83, 2126737, 3229.08, 31994, 991045, 46.60
PARAGMILK, EQ, 15-Sep-2026, 268.50, 269.00, 276.75, 250.00, 251.85, 252.15, 259.19, 1542890, 3998.95, 26019, 589883, 38.23
PARAGON, SM, 15-Sep-2026, 53.85, 53.95, 54.00, 52.80, 54.00, 53.80, 53.37, 14400, 7.68, 11, 10800, 75.00
PARAMOUNT, SM, 15-Sep-2026, 44.65, 46.85, 46.85, 46.85, 46.85, 46.85, 46.85, 1200, 0.56, 1, 1200, 100.00
PARAS, EQ, 15-Sep-2026, 1435.60, 1437.00, 1443.70, 1306.00, 1360.70, 1339.20, 1359.42, 1276494, 17352.87, 60703, 507085, 39.72
PARASPETRO, EQ, 15-Sep-2026, 2.17, 2.14, 2.24, 2.13, 2.15, 2.15, 2.16, 123328, 2.66, 265, 91912, 74.53
PARIN, SM, 15-Sep-2026, 687.10, 700.00, 713.00, 680.00, 713.00, 710.70, 701.46, 15000, 105.22, 37, 7750, 51.67
PARKHOSPS, EQ, 15-Sep-2026, 279.30, 279.20, 286.00, 275.00, 280.00, 279.15, 281.17, 530232, 1490.87, 13245, 232890, 43.92
PARKHOTELS, EQ, 15-Sep-2026, 110.77, 111.58, 111.85, 105.60, 107.19, 106.83, 108.06, 151020, 163.19, 3390, 93141, 61.67
PARNAXLAB, EQ, 15-Sep-2026, 127.00, 127.00, 127.00, 122.72, 123.90, 123.87, 124.84, 1731, 2.16, 183, 1192, 68.86
PARSVNATH, BE, 15-Sep-2026, 1.72, 1.75, 1.75, 1.75, 1.75, 1.75, 1.75, 70370, 1.23, 58, -, -
PARTH, SM, 15-Sep-2026, 523.35, 525.00, 526.00, 490.00, 509.00, 509.85, 511.78, 13200, 67.56, 29, 12400, 93.94
PARTYCRUS, SM, 15-Sep-2026, 99.95, 100.00, 103.80, 90.45, 90.55, 90.55, 96.15, 13000, 12.50, 13, 11000, 84.62
PASHUPATI, EQ, 15-Sep-2026, 80.73, 82.00, 82.49, 79.95, 80.00, 80.04, 80.51, 67301, 54.19, 901, 55767, 82.86
PASUPTAC, EQ, 15-Sep-2026, 67.08, 70.50, 72.80, 68.10, 71.40, 70.48, 70.76, 667184, 472.07, 3436, 410056, 61.46
PATANJALI, EQ, 15-Sep-2026, 341.00, 341.00, 342.40, 335.75, 338.55, 338.55, 337.86, 2567906, 8675.81, 22890, 1044495, 40.67
PATELENG, EQ, 15-Sep-2026, 26.61, 27.65, 27.65, 26.00, 26.03, 26.08, 26.45, 1903899, 503.61, 6898, 1013820, 53.25
PATELRMART, EQ, 15-Sep-2026, 211.05, 211.00, 211.00, 205.44, 208.53, 207.44, 207.82, 61869, 128.57, 1425, 40488, 65.44
PATILAUTOM, SM, 15-Sep-2026, 312.65, 308.00, 314.00, 290.00, 306.00, 302.90, 304.87, 103800, 316.45, 163, 61200, 58.96
PATINTLOG, BE, 15-Sep-2026, 13.18, 13.18, 13.54, 13.11, 13.39, 13.14, 13.25, 21945, 2.91, 132, -, -
PAUSHAKLTD, EQ, 15-Sep-2026, 729.60, 730.15, 736.45, 675.30, 687.40, 682.80, 698.78, 35145, 245.59, 2292, 18982, 54.01
PAVNAIND, EQ, 15-Sep-2026, 14.88, 14.89, 17.85, 14.89, 15.35, 15.32, 16.23, 207036, 33.59, 953, 113940, 55.03
PAYTM, EQ, 15-Sep-2026, 1807.50, 1808.00, 1811.00, 1730.00, 1730.00, 1730.00, 1761.67, 3226150, 56834.04, 134172, 1378018, 42.71
PCBL, EQ, 15-Sep-2026, 331.05, 334.80, 335.00, 311.30, 313.50, 314.05, 320.99, 962916, 3090.89, 23971, 450068, 46.74
PCCL, SM, 15-Sep-2026, 434.00, 429.65, 438.70, 429.65, 438.70, 435.75, 435.55, 13600, 59.23, 26, 9600, 70.59
PCJEWELLER, EQ, 15-Sep-2026, 13.70, 13.85, 13.87, 12.72, 12.80, 12.89, 13.21, 356317461, 47074.44, 157305, 105652315, 29.65
PDMJEPAPER, EQ, 15-Sep-2026, 97.70, 97.85, 107.49, 95.15, 97.00, 96.81, 101.68, 1160437, 1179.88, 14644, 288128, 24.83
PDSL, EQ, 15-Sep-2026, 348.20, 348.20, 349.00, 331.10, 336.15, 334.25, 340.07, 70697, 240.42, 3710, 39228, 55.49
PEARLPOLY, EQ, 15-Sep-2026, 15.51, 15.22, 15.98, 15.22, 15.85, 15.85, 15.75, 21771, 3.43, 95, 19772, 90.82
PELATRO, SM, 15-Sep-2026, 376.00, 395.00, 395.00, 351.20, 353.80, 353.30, 371.03, 7200, 26.71, 23, 5400, 75.00
PENIND, EQ, 15-Sep-2026, 175.54, 175.54, 175.58, 166.69, 167.98, 167.30, 170.25, 338236, 575.85, 9432, 193259, 57.14
PENINLAND, EQ, 15-Sep-2026, 15.59, 15.87, 15.87, 14.80, 14.98, 14.98, 15.13, 100074, 15.14, 395, 80430, 80.37
PENTAGON, ST, 15-Sep-2026, 93.00, 91.10, 93.00, 91.10, 93.00, 91.40, 91.39, 7000, 6.40, 3, 7000, 100.00
PERFECT, SZ, 15-Sep-2026, 1.70, 1.65, 1.65, 1.65, 1.65, 1.65, 1.65, 6000, 0.10, 1, 6000, 100.00
PERMAGN, EQ, 15-Sep-2026, 864.65, 864.65, 864.65, 821.30, 822.00, 827.70, 847.67, 2721, 23.07, 315, 2002, 73.58
PERNIASPOP, EQ, 15-Sep-2026, 569.90, 564.95, 565.00, 529.20, 534.10, 542.00, 546.98, 391989, 2144.10, 14027, 121132, 30.90
PERSISTENT, EQ, 15-Sep-2026, 5516.00, 5654.00, 5759.00, 5456.50, 5477.50, 5477.50, 5620.57, 812335, 45657.86, 66185, 333205, 41.02
PETRONET, EQ, 15-Sep-2026, 287.20, 287.05, 288.40, 280.50, 283.95, 283.95, 284.27, 1170508, 3327.45, 26473, 744415, 63.60
PFC, EQ, 15-Sep-2026, 353.45, 352.45, 353.30, 344.00, 344.00, 344.00, 347.73, 7488255, 26038.87, 62781, 4503870, 60.15
PFIZER, EQ, 15-Sep-2026, 4060.20, 4075.00, 4091.10, 4026.20, 4050.00, 4041.60, 4055.61, 36144, 1465.86, 6677, 16247, 44.95
PFOCUS, EQ, 15-Sep-2026, 310.85, 310.95, 323.70, 310.10, 319.00, 319.00, 318.83, 1807027, 5761.41, 35204, 763907, 42.27
PFS, EQ, 15-Sep-2026, 27.42, 27.44, 27.49, 26.41, 26.53, 26.51, 26.81, 303757, 81.44, 1814, 167019, 54.98
PGEL, EQ, 15-Sep-2026, 545.00, 543.75, 545.00, 515.15, 518.00, 518.00, 527.10, 837345, 4413.60, 21648, 273222, 32.63
PGHH, EQ, 15-Sep-2026, 7518.00, 7619.50, 7619.50, 7475.00, 7548.50, 7507.00, 7521.27, 11202, 842.53, 3879, 5418, 48.37
PGHL, EQ, 15-Sep-2026, 5411.50, 5405.00, 5459.50, 5363.50, 5400.00, 5408.00, 5418.95, 10415, 564.38, 2839, 6230, 59.82
PGIL, EQ, 15-Sep-2026, 1187.70, 1181.10, 1192.50, 1131.00, 1144.00, 1141.40, 1143.39, 82391, 942.05, 11276, 40546, 49.21
PGINVIT, IV, 15-Sep-2026, 101.99, 102.24, 102.40, 101.21, 102.00, 101.71, 101.80, 1158786, 1179.66, 7800, 962169, 83.03
PHANTOMFX, SM, 15-Sep-2026, 112.35, 109.00, 112.00, 92.50, 93.05, 93.90, 98.09, 158100, 155.09, 390, 111300, 70.40
PHARMABEES, EQ, 15-Sep-2026, 27.29, 27.47, 27.47, 26.79, 26.90, 26.94, 27.07, 3727254, 1008.98, 16754, 2371586, 63.63
PHOENIXLTD, EQ, 15-Sep-2026, 1890.00, 1890.00, 1890.00, 1833.60, 1833.60, 1833.60, 1862.69, 366872, 6833.69, 44483, 224986, 61.33
PHOENXINTL, EQ, 15-Sep-2026, 29.85, 29.86, 29.86, 27.50, 28.40, 28.40, 28.37, 4669, 1.32, 91, 4414, 94.54
PICCADIL, EQ, 15-Sep-2026, 602.15, 602.15, 605.40, 582.30, 589.00, 585.65, 590.03, 118995, 702.10, 7382, 62867, 52.83
PIDILITIND, EQ, 15-Sep-2026, 1566.90, 1566.90, 1575.70, 1521.10, 1521.10, 1521.10, 1543.82, 455854, 7037.55, 32555, 281270, 61.70
PIGL, EQ, 15-Sep-2026, 102.10, 102.90, 104.90, 98.60, 100.00, 99.54, 99.82, 104396, 104.21, 833, 65627, 62.86
PIIND, EQ, 15-Sep-2026, 2259.00, 2260.00, 2288.30, 2240.50, 2255.00, 2255.00, 2259.96, 286400, 6472.51, 18900, 112866, 39.41
PILANIINVS, EQ, 15-Sep-2026, 4191.60, 4200.00, 4235.00, 4059.90, 4059.90, 4081.80, 4108.60, 2461, 101.11, 712, 1624, 65.99
PILITA, EQ, 15-Sep-2026, 7.84, 7.72, 8.10, 7.70, 7.72, 7.73, 7.86, 18276, 1.44, 137, 16195, 88.61
PINELABS, EQ, 15-Sep-2026, 202.17, 201.40, 201.40, 191.00, 194.50, 193.80, 195.51, 62792856, 122767.25, 427021, 21246610, 33.84
PIONEEREMB, EQ, 15-Sep-2026, 20.51, 21.25, 21.25, 20.76, 20.90, 20.89, 21.01, 2658, 0.56, 48, 2563, 96.43
PIRAMALFIN, EQ, 15-Sep-2026, 2255.60, 2299.00, 2299.00, 2214.00, 2215.00, 2224.40, 2254.62, 257641, 5808.83, 26078, 158890, 61.67
PITTIENG, EQ, 15-Sep-2026, 1167.90, 1168.00, 1168.00, 1100.00, 1115.00, 1109.30, 1126.43, 110111, 1240.32, 7328, 48481, 44.03
PIXTRANS, EQ, 15-Sep-2026, 1722.10, 1722.20, 1757.00, 1710.00, 1757.00, 1734.00, 1724.16, 12970, 223.62, 2006, 7624, 58.78
PKTEA, EQ, 15-Sep-2026, 1121.75, 1121.75, 1121.75, 1009.60, 1009.60, 1024.60, 1056.84, 3649, 38.56, 436, 2218, 60.78
PLADAINFO, SM, 15-Sep-2026, 11.35, 11.85, 11.90, 11.85, 11.90, 11.90, 11.88, 6000, 0.71, 2, 6000, 100.00
PLASTIBLEN, EQ, 15-Sep-2026, 192.78, 194.50, 196.08, 182.96, 183.21, 185.18, 188.80, 24239, 45.76, 719, 11049, 45.58
PLATIND, EQ, 15-Sep-2026, 221.05, 221.20, 221.90, 216.00, 218.15, 218.88, 218.36, 39048, 85.27, 3097, 22811, 58.42
PLAZACABLE, EQ, 15-Sep-2026, 62.97, 64.90, 66.00, 60.42, 61.70, 61.38, 63.52, 226444, 143.83, 2912, 127101, 56.13
PML, EQ, 15-Sep-2026, 482.45, 500.95, 504.85, 476.70, 498.55, 498.55, 483.14, 105, 0.51, 17, 90, 85.71
PNB, EQ, 15-Sep-2026, 116.75, 116.75, 117.23, 114.70, 114.70, 114.70, 115.68, 12031284, 13917.98, 42616, 5704217, 47.41
PNBGILTS, EQ, 15-Sep-2026, 80.34, 80.20, 80.80, 76.01, 76.64, 76.29, 77.78, 569582, 443.03, 5202, 316509, 55.57
PNBHOUSING, EQ, 15-Sep-2026, 1178.90, 1178.80, 1178.90, 1135.90, 1145.00, 1145.00, 1147.24, 321850, 3692.38, 18970, 151171, 46.97
PNC, EQ, 15-Sep-2026, 16.50, 17.35, 17.35, 16.10, 16.37, 16.38, 16.54, 7941, 1.31, 139, 6233, 78.49
PNCINFRA, EQ, 15-Sep-2026, 175.40, 165.00, 165.00, 140.32, 140.32, 140.32, 145.84, 4938381, 7202.01, 39791, 2364489, 47.88
PNGJL, EQ, 15-Sep-2026, 613.20, 613.20, 617.55, 605.45, 612.65, 611.60, 612.04, 655158, 4009.80, 19477, 407907, 62.26
PNGSREVA, EQ, 15-Sep-2026, 512.70, 517.15, 518.00, 488.85, 498.00, 494.20, 498.40, 228691, 1139.80, 8375, 121060, 52.94
POCL, EQ, 15-Sep-2026, 454.15, 455.00, 459.55, 432.10, 436.25, 435.30, 439.27, 443507, 1948.21, 15317, 234535, 52.88
PODDARMENT, EQ, 15-Sep-2026, 279.85, 280.25, 294.30, 268.10, 270.00, 270.10, 273.47, 22527, 61.60, 505, 17261, 76.62
POEL, EQ, 15-Sep-2026, 140.83, 140.51, 145.92, 138.55, 140.79, 139.45, 140.29, 34559, 48.48, 998, 25532, 73.88
POKARNA, EQ, 15-Sep-2026, 804.15, 804.15, 808.90, 750.10, 758.00, 758.25, 771.99, 102781, 793.46, 6019, 49485, 48.15
POLICYBZR, EQ, 15-Sep-2026, 1797.30, 1799.00, 1804.30, 1736.00, 1736.00, 1736.00, 1783.14, 750563, 13383.60, 44185, 401927, 53.55
POLYCAB, EQ, 15-Sep-2026, 8241.00, 8258.50, 8294.50, 8115.00, 8143.50, 8143.50, 8191.06, 301764, 24717.67, 44287, 164634, 54.56
POLYMED, EQ, 15-Sep-2026, 1738.50, 1738.50, 1738.50, 1695.50, 1705.00, 1704.60, 1707.41, 49164, 839.43, 5462, 25865, 52.61
POLYPLEX, EQ, 15-Sep-2026, 1134.20, 1134.20, 1138.30, 1091.10, 1091.20, 1093.80, 1109.13, 46033, 510.57, 2914, 31090, 67.54
POLYSIL, SM, 15-Sep-2026, 81.15, 77.10, 77.10, 77.10, 77.10, 77.10, 77.10, 2500, 1.93, 4, 2500, 100.00
POLYSPIN, EQ, 15-Sep-2026, 29.58, 29.58, 29.58, 27.53, 28.95, 28.95, 28.26, 806, 0.23, 34, 751, 93.18
PONNIERODE, EQ, 15-Sep-2026, 371.10, 373.10, 375.05, 349.95, 352.00, 351.80, 357.17, 20410, 72.90, 1401, 12906, 63.23
POONAWALLA, EQ, 15-Sep-2026, 445.25, 446.00, 447.65, 431.00, 433.00, 434.60, 438.09, 859283, 3764.40, 38622, 494101, 57.50
POSITRON, SM, 15-Sep-2026, 178.50, 173.50, 182.25, 173.50, 174.70, 174.70, 178.61, 6600, 11.79, 20, 4500, 68.18
POWERGRID, EQ, 15-Sep-2026, 269.10, 267.15, 268.50, 262.80, 262.80, 262.80, 265.11, 10519594, 27888.86, 115111, 6428436, 61.11
POWERICA, EQ, 15-Sep-2026, 569.35, 572.10, 572.10, 530.00, 532.00, 532.75, 545.67, 169220, 923.38, 7080, 87196, 51.53
POWERINDIA, EQ, 15-Sep-2026, 31435.00, 31260.00, 31295.00, 30000.00, 30790.00, 30790.00, 30445.14, 98157, 29884.04, 32746, 42669, 43.47
POWERMECH, EQ, 15-Sep-2026, 2421.30, 2421.30, 2421.50, 2320.30, 2346.00, 2336.40, 2357.63, 39034, 920.28, 8679, 21932, 56.19
PPAP, BE, 15-Sep-2026, 238.85, 237.70, 237.70, 227.10, 229.00, 228.05, 230.89, 25261, 58.32, 356, -, -
PPL, BE, 15-Sep-2026, 285.55, 284.15, 284.95, 273.05, 279.00, 277.45, 278.78, 35468, 98.88, 492, -, -
PPLPHARMA, EQ, 15-Sep-2026, 211.35, 211.07, 211.35, 202.55, 203.20, 203.47, 205.97, 3104010, 6393.45, 47956, 1378488, 44.41
PPSL, SM, 15-Sep-2026, 3.00, 2.95, 3.10, 2.95, 2.95, 2.95, 3.00, 69000, 2.07, 14, 66000, 95.65
PRABHA, EQ, 15-Sep-2026, 244.64, 247.40, 251.00, 235.25, 235.41, 239.42, 243.67, 307312, 748.81, 3811, 174902, 56.91
PRADPME, BE, 15-Sep-2026, 486.90, 487.00, 497.80, 465.30, 467.00, 469.35, 477.75, 5366, 25.64, 84, -, -
PRAENG, EQ, 15-Sep-2026, 21.93, 21.93, 23.44, 21.26, 21.52, 21.51, 22.35, 47240, 10.56, 403, 32545, 68.89
PRAJIND, EQ, 15-Sep-2026, 322.15, 321.05, 322.80, 316.25, 318.50, 318.00, 318.34, 504700, 1606.67, 13655, 275470, 54.58
PRAKASH, EQ, 15-Sep-2026, 123.14, 123.57, 124.01, 117.99, 118.50, 119.49, 120.11, 716947, 861.13, 4665, 498259, 69.50
PRAKASHSTL, EQ, 15-Sep-2026, 3.75, 3.73, 3.92, 3.48, 3.57, 3.56, 3.67, 278843, 10.22, 818, 198517, 71.19
PRAMARA, SM, 15-Sep-2026, 84.10, 85.00, 88.30, 85.00, 88.30, 88.30, 87.96, 16000, 14.07, 22, 15500, 96.88
PRAMODINI, SM, 15-Sep-2026, 118.50, 118.50, 119.40, 114.90, 115.00, 115.15, 116.59, 108000, 125.91, 85, 87600, 81.11
PRANAV, EQ, 15-Sep-2026, 124.00, 165.00, 165.10, 132.00, 132.00, 132.00, 142.97, 41828214, 59800.26, 245765, 17295077, 41.35
PRATHAM, SM, 15-Sep-2026, 123.50, 125.50, 130.55, 125.00, 126.50, 126.50, 127.83, 10400, 13.29, 22, 8800, 84.62
PRAVEG, EQ, 15-Sep-2026, 263.05, 263.00, 266.90, 253.90, 256.00, 255.95, 259.23, 31819, 82.48, 1044, 18395, 57.81
PRAXIS, EQ, 15-Sep-2026, 4.48, 4.51, 4.63, 4.26, 4.29, 4.28, 4.34, 151922, 6.60, 203, 134686, 88.65
PRECAM, EQ, 15-Sep-2026, 116.81, 117.06, 118.17, 112.40, 113.20, 113.69, 114.62, 244954, 280.78, 4371, 150197, 61.32
PRECISION, ST, 15-Sep-2026, 6.65, 6.65, 6.65, 6.45, 6.45, 6.45, 6.55, 4000, 0.26, 2, 4000, 100.00
PRECOT, EQ, 15-Sep-2026, 658.30, 661.00, 689.00, 648.00, 648.00, 656.10, 665.21, 3291, 21.89, 202, 2359, 71.68
PRECWIRE, EQ, 15-Sep-2026, 462.55, 462.90, 465.60, 435.35, 440.00, 440.05, 445.68, 413745, 1843.99, 21736, 187547, 45.33
PREMCO, EQ, 15-Sep-2026, 394.00, 409.95, 409.95, 386.90, 390.95, 391.35, 391.70, 484, 1.90, 55, 450, 92.98
PREMEXPLN, EQ, 15-Sep-2026, 668.00, 667.50, 669.95, 663.20, 668.05, 668.30, 667.88, 192979, 1288.87, 3699, 153225, 79.40
PREMIER, BE, 15-Sep-2026, 2.69, 2.74, 2.80, 2.56, 2.76, 2.75, 2.62, 30780, 0.81, 35, -, -
PREMIERENE, EQ, 15-Sep-2026, 974.20, 967.10, 972.80, 940.50, 945.00, 945.00, 956.31, 569740, 5448.47, 24045, 286899, 50.36
PREMIERPOL, EQ, 15-Sep-2026, 85.91, 85.99, 86.06, 80.16, 80.16, 81.90, 82.51, 359684, 296.79, 4458, 173315, 48.19
PRESSTONIC, SM, 15-Sep-2026, 29.45, 29.45, 31.20, 29.15, 29.45, 29.40, 30.11, 48000, 14.45, 36, 45600, 95.00
PRESTIGE, EQ, 15-Sep-2026, 1498.00, 1498.20, 1514.90, 1417.00, 1417.00, 1417.00, 1449.05, 410061, 5941.98, 19620, 169268, 41.28
PRICOLLTD, EQ, 15-Sep-2026, 761.40, 760.90, 760.90, 737.00, 741.00, 740.75, 743.95, 392758, 2921.93, 29322, 204478, 52.06
PRIMECAB, ST, 15-Sep-2026, 169.75, 166.30, 172.80, 164.05, 164.05, 164.50, 166.72, 51200, 85.36, 32, 46400, 90.63
PRIMESECU, EQ, 15-Sep-2026, 283.05, 280.20, 281.00, 275.40, 275.90, 277.50, 279.82, 4273, 11.96, 101, 2811, 65.79
PRIMO, EQ, 15-Sep-2026, 23.71, 24.59, 24.59, 22.06, 22.41, 22.31, 23.18, 179451, 41.60, 988, 107998, 60.18
PRINCEPIPE, EQ, 15-Sep-2026, 266.65, 270.00, 272.40, 258.00, 260.25, 259.05, 263.30, 208774, 549.70, 5825, 112166, 53.73
PRIORITY, BE, 15-Sep-2026, 228.80, 232.99, 234.00, 217.61, 220.00, 220.64, 224.24, 118719, 266.21, 948, -, -
PRISMX, EQ, 15-Sep-2026, 0.58, 0.58, 0.63, 0.54, 0.56, 0.55, 0.55, 524693, 2.90, 258, 426681, 81.32
PRITI, EQ, 15-Sep-2026, 33.14, 33.00, 35.00, 33.00, 33.05, 33.52, 33.56, 4850, 1.63, 90, 3183, 65.63
PRITIKA, SM, 15-Sep-2026, 63.20, 64.00, 64.00, 64.00, 64.00, 64.00, 64.00, 2000, 1.28, 1, 2000, 100.00
PRITIKAUTO, BE, 15-Sep-2026, 14.91, 15.05, 15.05, 14.35, 14.40, 14.47, 14.65, 123901, 18.15, 488, -, -
PRIVISCL, EQ, 15-Sep-2026, 3556.10, 3561.40, 3599.30, 3425.50, 3462.00, 3452.20, 3473.10, 98065, 3405.90, 16260, 62691, 63.93
PRIZOR, ST, 15-Sep-2026, 1200.00, 1176.00, 1176.00, 1176.00, 1176.00, 1176.00, 1176.00, 5600, 65.86, 7, 5600, 100.00
PRLIND, SM, 15-Sep-2026, 41.90, 42.45, 45.00, 42.45, 44.35, 44.35, 44.00, 24000, 10.56, 22, 19000, 79.17
PROFX, SM, 15-Sep-2026, 71.10, 71.00, 71.00, 71.00, 71.00, 71.00, 71.00, 4800, 3.41, 3, 4800, 100.00
PROPEQUITY, SM, 15-Sep-2026, 198.50, 197.00, 197.00, 196.00, 196.10, 196.10, 196.24, 3000, 5.89, 3, 1800, 60.00
PROPSHOP, SM, 15-Sep-2026, 72.00, 72.20, 72.45, 69.10, 72.45, 72.45, 71.38, 26000, 18.56, 9, 20000, 76.92
PROSTARM, EQ, 15-Sep-2026, 133.63, 132.80, 133.57, 125.11, 126.00, 126.04, 128.13, 284943, 365.10, 3741, 156523, 54.93
PROTEAN, EQ, 15-Sep-2026, 492.35, 492.40, 501.90, 485.20, 488.75, 488.85, 493.64, 234669, 1158.43, 7153, 143820, 61.29
PROV, SM, 15-Sep-2026, 1721.00, 1670.00, 1670.00, 1670.00, 1670.00, 1670.00, 1670.00, 80, 1.34, 1, 80, 100.00
PROZONER, EQ, 15-Sep-2026, 52.88, 52.12, 53.49, 51.12, 52.75, 52.72, 52.53, 311137, 163.43, 2148, 223644, 71.88
PRSMJOHNSN, EQ, 15-Sep-2026, 113.35, 112.80, 113.69, 111.56, 112.90, 112.14, 112.18, 251455, 282.07, 2725, 143452, 57.05
PRUDENT, EQ, 15-Sep-2026, 3385.00, 3397.90, 3436.70, 3222.20, 3274.10, 3251.50, 3333.98, 43255, 1442.11, 12265, 17825, 41.21
PRUDMOULI, BE, 15-Sep-2026, 16.35, 15.55, 16.02, 15.55, 15.55, 15.55, 15.55, 3073, 0.48, 17, -, -
PSB, EQ, 15-Sep-2026, 22.73, 22.78, 22.78, 22.31, 22.40, 22.38, 22.54, 653723, 147.34, 2649, 476285, 72.86
PSFL, SM, 15-Sep-2026, 34.25, 34.25, 34.25, 34.25, 34.25, 34.25, 34.25, 4000, 1.37, 2, 4000, 100.00
PSPPROJECT, EQ, 15-Sep-2026, 846.40, 850.00, 854.85, 813.00, 817.05, 821.30, 832.61, 58315, 485.53, 2543, 33258, 57.03
PSRAJ, SM, 15-Sep-2026, 98.90, 98.00, 100.00, 93.05, 95.55, 96.80, 97.07, 17500, 16.99, 7, 12500, 71.43
PSUBANK, EQ, 15-Sep-2026, 83.42, 81.33, 83.61, 81.33, 82.00, 81.95, 82.52, 95380, 78.71, 871, 43111, 45.20
PSUBANKADD, EQ, 15-Sep-2026, 84.34, 84.34, 84.50, 82.51, 82.62, 82.69, 83.30, 58726, 48.92, 477, 35109, 59.78
PSUBNKBEES, EQ, 15-Sep-2026, 93.22, 93.22, 94.18, 91.10, 91.67, 91.25, 91.95, 1588284, 1460.43, 10407, 1003940, 63.21
PSUBNKIETF, EQ, 15-Sep-2026, 84.59, 84.52, 84.68, 82.93, 83.20, 83.08, 83.77, 129060, 108.11, 1372, 77666, 60.18
PTC, EQ, 15-Sep-2026, 152.78, 154.00, 155.55, 152.05, 152.49, 152.41, 153.21, 1610691, 2467.80, 24388, 1160022, 72.02
PTCIL, EQ, 15-Sep-2026, 23630.00, 23450.00, 23885.00, 22400.00, 22550.00, 22560.00, 23101.21, 34722, 8021.20, 14004, 12036, 34.66
PTL, EQ, 15-Sep-2026, 38.43, 38.84, 38.84, 38.01, 38.11, 38.15, 38.39, 23165, 8.89, 692, 12810, 55.30
PULZ, SM, 15-Sep-2026, 23.95, 24.45, 24.45, 24.45, 24.45, 24.45, 24.45, 2000, 0.49, 1, 2000, 100.00
PUNJABCHEM, EQ, 15-Sep-2026, 1065.30, 1069.00, 1079.90, 1030.00, 1060.00, 1041.20, 1054.84, 9565, 100.90, 1219, 5155, 53.89
PURPLEUTED, ST, 15-Sep-2026, 450.15, 428.20, 443.00, 427.65, 434.30, 433.45, 433.17, 29750, 128.87, 94, 28500, 95.80
PURVA, EQ, 15-Sep-2026, 212.06, 213.78, 214.33, 203.39, 204.15, 205.56, 208.60, 188428, 393.06, 4479, 68353, 36.28
PURVFLEXI, SM, 15-Sep-2026, 46.55, 46.55, 46.55, 44.40, 44.55, 44.55, 45.08, 4800, 2.16, 6, 3200, 66.67
PUSHPA, SM, 15-Sep-2026, 110.00, 109.90, 110.45, 106.00, 107.00, 107.00, 109.60, 58000, 63.57, 58, 7000, 12.07
PVP, EQ, 15-Sep-2026, 64.82, 63.99, 64.79, 61.58, 61.58, 61.58, 62.30, 853205, 531.55, 3648, 470295, 55.12
PVRINOX, EQ, 15-Sep-2026, 1237.10, 1234.90, 1234.90, 1206.20, 1220.00, 1221.00, 1222.59, 291985, 3569.77, 19143, 155298, 53.19
PVSL, EQ, 15-Sep-2026, 101.30, 100.13, 101.10, 97.30, 97.51, 97.93, 99.18, 12722, 12.62, 692, 8610, 67.68
PVTBANIETF, EQ, 15-Sep-2026, 27.85, 28.49, 28.49, 27.42, 27.55, 27.51, 27.59, 1242955, 342.99, 2046, 674896, 54.30
PVTBANK, EQ, 15-Sep-2026, 27.53, 27.65, 27.65, 27.26, 27.28, 27.28, 27.32, 7206, 1.97, 25, 6470, 89.79
PVTBANKADD, EQ, 15-Sep-2026, 27.89, 27.97, 28.02, 27.26, 27.45, 27.64, 27.79, 409732, 113.85, 256, 375597, 91.67
PVTBKGROWW, EQ, 15-Sep-2026, 27.43, 27.95, 27.95, 27.00, 27.01, 27.30, 27.28, 17868, 4.87, 167, 9457, 52.93
PWL, EQ, 15-Sep-2026, 136.10, 137.00, 137.70, 130.10, 130.95, 130.72, 134.00, 7983867, 10698.00, 48279, 2627385, 32.91
PYRAMID, EQ, 15-Sep-2026, 157.74, 157.00, 158.00, 152.10, 153.30, 154.96, 155.09, 41198, 63.89, 1018, 22849, 55.46
QGOLDHALF, EQ, 15-Sep-2026, 125.35, 125.32, 125.90, 124.10, 124.30, 124.36, 124.38, 339170, 421.88, 1309, 129595, 38.21
QLINE, SM, 15-Sep-2026, 726.20, 735.00, 735.00, 670.00, 676.90, 676.60, 690.71, 127200, 878.59, 292, 74800, 58.81
QMSMEDI, BE, 15-Sep-2026, 157.98, 164.00, 165.87, 157.98, 165.87, 165.82, 164.47, 87527, 143.96, 958, -, -
QNIFTY, EQ, 15-Sep-2026, 258.90, 260.19, 260.40, 255.00, 255.80, 255.81, 256.48, 7801, 20.01, 234, 4460, 57.17
QPOWER, EQ, 15-Sep-2026, 1426.50, 1456.00, 1459.00, 1355.20, 1355.20, 1355.20, 1380.94, 415519, 5738.06, 26652, 216413, 52.08
QUADFUTURE, EQ, 15-Sep-2026, 478.50, 482.00, 519.60, 473.60, 486.00, 484.60, 500.26, 4009846, 20059.60, 110257, 465679, 11.61
QUAL30IETF, EQ, 15-Sep-2026, 20.50, 20.70, 20.76, 20.30, 20.39, 20.37, 20.44, 74969, 15.32, 366, 43944, 58.62
QUALIANCE, ST, 15-Sep-2026, 236.10, 229.00, 230.00, 224.30, 224.30, 224.30, 225.90, 94000, 212.35, 87, 94000, 100.00
QUALITY30, EQ, 15-Sep-2026, 20.18, 20.28, 20.36, 19.92, 19.98, 19.97, 20.05, 57105, 11.45, 164, 26701, 46.76
QUESS, EQ, 15-Sep-2026, 348.00, 346.35, 359.00, 340.15, 342.00, 342.10, 348.58, 783201, 2730.09, 29444, 251837, 32.15
QUESTLAB, SM, 15-Sep-2026, 84.70, 82.00, 82.00, 75.00, 77.00, 77.00, 78.85, 68400, 53.93, 49, 62400, 91.23
QUICKHEAL, EQ, 15-Sep-2026, 147.52, 160.00, 172.00, 155.15, 157.90, 158.81, 165.09, 2076441, 3427.99, 26919, 491779, 23.68
QUICKTOUCH, SM, 15-Sep-2026, 17.90, 18.00, 18.00, 17.05, 17.05, 17.05, 17.53, 1000, 0.18, 2, 1000, 100.00
QUINT, EQ, 15-Sep-2026, 40.20, 43.50, 48.24, 41.00, 48.24, 48.24, 47.22, 43332, 20.46, 218, 39069, 90.16
QUINTEGRA, BE, 15-Sep-2026, 1.15, 1.20, 1.20, 1.10, 1.15, 1.15, 1.12, 31870, 0.36, 25, -, -
QVCEL, SM, 15-Sep-2026, 23.90, 25.05, 25.05, 22.80, 22.80, 22.80, 23.98, 6400, 1.53, 4, 4800, 75.00
RACE, EQ, 15-Sep-2026, 98.12, 99.50, 101.00, 94.60, 95.66, 96.15, 97.32, 2080, 2.02, 143, 1382, 66.44
RACLGEAR, EQ, 15-Sep-2026, 1756.70, 1841.00, 1850.00, 1685.20, 1765.00, 1755.20, 1757.33, 219097, 3850.26, 25534, 49959, 22.80
RADAAN, EQ, 15-Sep-2026, 2.83, 2.86, 2.98, 2.83, 2.90, 2.90, 2.89, 13131, 0.38, 93, 8332, 63.45
RADHIKAJWE, EQ, 15-Sep-2026, 83.21, 84.00, 85.99, 73.61, 75.88, 75.47, 78.82, 1325850, 1045.01, 13799, 616090, 46.47
RADIANTCMS, EQ, 15-Sep-2026, 35.99, 36.17, 36.62, 34.95, 36.02, 35.89, 35.83, 362902, 130.02, 1724, 129174, 35.59
RADICO, EQ, 15-Sep-2026, 4368.10, 4370.10, 4431.00, 4298.80, 4360.00, 4360.00, 4367.13, 242365, 10584.39, 36247, 107072, 44.18
RADIOCITY, EQ, 15-Sep-2026, 6.15, 6.05, 6.32, 6.00, 6.01, 6.03, 6.05, 144035, 8.71, 215, 125445, 87.09
RADIOWALLA, ST, 15-Sep-2026, 24.70, 24.75, 24.75, 24.00, 24.00, 24.00, 24.50, 4800, 1.18, 2, 4800, 100.00
RAILTEL, EQ, 15-Sep-2026, 259.90, 259.95, 261.30, 251.05, 251.95, 252.40, 256.44, 418439, 1073.03, 13462, 184964, 44.20
RAIN, EQ, 15-Sep-2026, 215.97, 216.00, 216.48, 195.30, 195.30, 196.74, 203.32, 5273699, 10722.37, 42631, 2453702, 46.53
RAINBOW, EQ, 15-Sep-2026, 1444.90, 1443.10, 1460.00, 1424.00, 1455.10, 1453.70, 1442.41, 72380, 1044.02, 9259, 39004, 53.89
RAJESHEXPO, BZ, 15-Sep-2026, 78.30, 80.43, 80.43, 76.30, 76.50, 76.47, 77.92, 105441, 82.16, 1210, -, -
RAJINDLTD, SM, 15-Sep-2026, 62.10, 62.10, 65.25, 60.85, 65.25, 65.25, 62.73, 4500, 2.82, 3, 3000, 66.67
RAJMET, EQ, 15-Sep-2026, 3.20, 3.20, 3.35, 3.11, 3.15, 3.14, 3.15, 372173, 11.73, 793, 257604, 69.22
RAJOOENG, BE, 15-Sep-2026, 55.19, 55.19, 56.10, 53.30, 54.05, 53.96, 54.77, 169325, 92.75, 666, -, -
RAJPALAYAM, EQ, 15-Sep-2026, 775.95, 775.00, 775.00, 751.00, 755.00, 759.00, 757.31, 1355, 10.26, 97, 1188, 87.68
RAJPUTANA, SM, 15-Sep-2026, 210.00, 205.00, 207.00, 204.00, 204.00, 204.00, 205.29, 3500, 7.19, 7, 3500, 100.00
RAJRATAN, EQ, 15-Sep-2026, 498.15, 495.20, 498.10, 474.80, 479.80, 485.10, 482.81, 153932, 743.20, 8496, 79763, 51.82
RAJRILTD, BE, 15-Sep-2026, 21.10, 21.45, 21.45, 20.87, 20.87, 20.97, 21.25, 2090, 0.44, 90, -, -
RAJSREESUG, EQ, 15-Sep-2026, 33.13, 33.21, 33.67, 32.40, 32.73, 32.82, 33.04, 35214, 11.63, 498, 20645, 58.63
RAJTV, EQ, 15-Sep-2026, 8.21, 8.59, 8.62, 8.44, 8.62, 8.62, 8.60, 39790, 3.42, 103, 29945, 75.26
RAJVIR, BZ, 15-Sep-2026, 5.32, 5.32, 5.32, 5.32, 5.32, 5.32, 5.32, 1, 0.00, 1, -, -
RALLIS, EQ, 15-Sep-2026, 201.99, 204.15, 208.50, 199.50, 200.49, 200.82, 204.04, 1097997, 2240.34, 20301, 397946, 36.24
RAMANEWS, EQ, 15-Sep-2026, 30.95, 30.95, 32.71, 30.50, 31.59, 30.94, 31.56, 16171, 5.10, 155, 11119, 68.76
RAMAPHO, EQ, 15-Sep-2026, 122.67, 122.06, 123.50, 118.51, 119.89, 118.86, 120.11, 28796, 34.59, 637, 19830, 68.86
RAMASTEEL, BE, 15-Sep-2026, 3.93, 3.74, 4.10, 3.74, 3.74, 3.74, 3.85, 6593055, 253.92, 8063, -, -
RAMBHAJO, EQ, 15-Sep-2026, 269.28, 269.17, 269.17, 250.00, 255.83, 253.22, 258.28, 537792, 1389.00, 6409, 306945, 57.08
RAMCOCEM, EQ, 15-Sep-2026, 866.65, 869.40, 870.10, 855.35, 864.90, 859.55, 859.46, 187590, 1612.26, 13717, 117512, 62.64
RAMCOIND, EQ, 15-Sep-2026, 322.25, 322.95, 325.25, 312.00, 323.60, 318.40, 317.20, 83193, 263.89, 2290, 35305, 42.44
RAMCOSYS, EQ, 15-Sep-2026, 594.55, 598.00, 600.95, 564.85, 564.85, 567.80, 578.19, 46824, 270.73, 2436, 26403, 56.39
RAMKY, EQ, 15-Sep-2026, 332.10, 332.80, 334.95, 312.65, 312.70, 314.80, 321.40, 47492, 152.64, 1640, 27318, 57.52
RAMRAT, EQ, 15-Sep-2026, 532.40, 535.10, 555.00, 513.00, 519.00, 515.85, 525.27, 217043, 1140.07, 8101, 82795, 38.15
RANASUG, EQ, 15-Sep-2026, 14.74, 14.61, 14.93, 14.61, 14.82, 14.82, 14.82, 451004, 66.82, 516, 410007, 90.91
RANEHOLDIN, EQ, 15-Sep-2026, 1696.20, 1697.70, 1699.90, 1641.50, 1669.00, 1669.00, 1669.41, 15327, 255.87, 1339, 7739, 50.49
RAPIDFLEET, SM, 15-Sep-2026, 230.10, 232.50, 232.65, 230.10, 230.10, 230.10, 232.17, 7800, 18.11, 12, 1200, 15.38
RAPPID, SM, 15-Sep-2026, 321.00, 306.25, 314.80, 306.05, 306.05, 306.05, 309.03, 1800, 5.56, 3, 600, 33.33
RATEGAIN, EQ, 15-Sep-2026, 878.25, 879.00, 897.00, 868.65, 872.25, 878.65, 883.59, 262687, 2321.06, 13386, 133641, 50.87
RATNAMANI, EQ, 15-Sep-2026, 2811.40, 2833.00, 2833.70, 2673.00, 2735.00, 2691.40, 2747.61, 55253, 1518.14, 12450, 26947, 48.77
RATNAVEER, EQ, 15-Sep-2026, 288.30, 285.90, 296.30, 278.30, 289.50, 289.60, 288.43, 6487828, 18712.60, 39607, 2759266, 42.53
RAYMOND, EQ, 15-Sep-2026, 1002.80, 1015.60, 1122.00, 971.30, 994.00, 995.95, 1069.44, 22726056, 243041.31, 658853, 1753201, 7.71
RAYMONDLSL, EQ, 15-Sep-2026, 692.00, 700.00, 717.55, 670.00, 671.20, 672.65, 691.76, 675263, 4671.21, 30339, 366357, 54.25
RAYMONDREL, EQ, 15-Sep-2026, 583.55, 600.05, 615.00, 575.00, 580.00, 584.00, 598.59, 2720847, 16286.61, 69375, 875393, 32.17
RBA, EQ, 15-Sep-2026, 98.05, 98.05, 99.46, 94.27, 95.80, 95.23, 96.65, 2819981, 2725.37, 20766, 1317127, 46.71
RBLBANK, EQ, 15-Sep-2026, 412.55, 412.65, 414.30, 402.15, 403.60, 403.60, 406.10, 1249135, 5072.74, 17579, 524373, 41.98
RBMINFRA, SM, 15-Sep-2026, 316.60, 315.00, 315.00, 282.10, 289.95, 285.95, 298.89, 32800, 98.04, 141, 29600, 90.24
RBS, SM, 15-Sep-2026, 87.00, 87.00, 89.80, 79.50, 83.50, 83.50, 86.11, 17600, 15.16, 16, 9600, 54.55
RBZJEWEL, BE, 15-Sep-2026, 174.19, 175.98, 176.40, 165.49, 166.00, 165.70, 167.15, 82350, 137.64, 872, -, -
RCDL, SM, 15-Sep-2026, 14.50, 14.00, 14.75, 13.80, 13.80, 13.80, 14.10, 42000, 5.92, 13, 24000, 57.14
RCDL-RE, ST, 15-Sep-2026, 2.10, 2.00, 2.50, 2.00, 2.50, 2.50, 2.39, 51000, 1.22, 13, 51000, 100.00
RCF, EQ, 15-Sep-2026, 111.45, 112.36, 112.57, 108.20, 108.54, 108.59, 109.93, 1070656, 1176.96, 10292, 507499, 47.40
RCOM, BE, 15-Sep-2026, 1.01, 1.06, 1.06, 1.04, 1.06, 1.06, 1.06, 6639544, 70.32, 3924, -, -
READYMIX, SM, 15-Sep-2026, 70.50, 70.50, 71.55, 70.00, 71.55, 71.55, 71.23, 13000, 9.26, 4, 13000, 100.00
RECLTD, EQ, 15-Sep-2026, 312.70, 313.00, 314.80, 308.50, 308.50, 308.50, 312.82, 4665696, 14595.40, 37970, 2734076, 58.60
REDINGTON, EQ, 15-Sep-2026, 393.70, 395.70, 398.85, 375.00, 379.50, 378.95, 381.51, 4338609, 16552.31, 67164, 1815668, 41.85
REDTAPE, EQ, 15-Sep-2026, 116.10, 115.07, 132.75, 114.11, 122.80, 120.87, 124.60, 33802011, 42118.70, 246510, 921351, 2.73
REFEX, EQ, 15-Sep-2026, 273.55, 273.30, 274.15, 265.00, 266.00, 265.85, 268.37, 184866, 496.12, 4258, 112809, 61.02
REFRACTORY, SM, 15-Sep-2026, 26.15, 26.20, 27.45, 26.20, 27.45, 27.45, 27.21, 7000, 1.91, 6, 7000, 100.00
REGAAL, EQ, 15-Sep-2026, 83.71, 84.00, 84.86, 79.02, 80.25, 79.72, 81.06, 301749, 244.61, 2843, 179751, 59.57
REGENCERAM, EQ, 15-Sep-2026, 34.10, 34.78, 36.00, 33.46, 33.82, 34.00, 34.21, 3945, 1.35, 100, 3207, 81.29
RELAXO, EQ, 15-Sep-2026, 324.95, 324.95, 327.50, 315.00, 315.00, 317.15, 320.09, 109701, 351.14, 6017, 51180, 46.65
RELCHEMQ, EQ, 15-Sep-2026, 110.23, 114.00, 129.50, 113.00, 119.00, 120.70, 125.54, 138336, 173.67, 2656, 51454, 37.19
RELIABLE, EQ, 15-Sep-2026, 137.04, 139.10, 139.10, 133.50, 136.40, 134.92, 135.49, 3657, 4.95, 369, 2036, 55.67
RELIANCE, EQ, 15-Sep-2026, 1257.50, 1252.50, 1259.40, 1235.30, 1235.30, 1235.30, 1249.26, 13754376, 171828.34, 234801, 8426050, 61.26
RELIGARE, EQ, 15-Sep-2026, 256.81, 256.81, 256.81, 245.14, 247.20, 247.55, 250.14, 584107, 1461.09, 11943, 287807, 49.27
RELINFRA, BE, 15-Sep-2026, 53.66, 52.60, 54.00, 52.59, 52.59, 52.59, 52.63, 63092, 33.21, 766, -, -
RELTD, EQ, 15-Sep-2026, 155.64, 156.78, 157.50, 147.55, 149.00, 148.90, 151.40, 106567, 161.35, 2421, 56970, 53.46
REMSONSIND, EQ, 15-Sep-2026, 96.32, 96.40, 98.90, 91.11, 93.50, 92.13, 94.97, 146432, 139.07, 3497, 74848, 51.11
REMUS, SM, 15-Sep-2026, 880.00, 867.45, 891.80, 854.00, 870.00, 884.80, 869.38, 6500, 56.51, 62, 4100, 63.08
RENUKA, EQ, 15-Sep-2026, 24.87, 25.00, 25.05, 23.05, 23.45, 23.49, 23.95, 11649203, 2790.08, 21437, 4547563, 39.04
REPCOHOME, EQ, 15-Sep-2026, 359.60, 359.60, 361.70, 345.00, 348.50, 348.75, 350.40, 159662, 559.46, 5453, 93703, 58.69
REPL, BE, 15-Sep-2026, 61.00, 61.99, 61.99, 57.95, 59.24, 59.51, 59.15, 9716, 5.75, 80, -, -
REPRO, EQ, 15-Sep-2026, 309.50, 312.90, 314.60, 285.20, 293.90, 296.40, 300.73, 9288, 27.93, 537, 6200, 66.75
RESPONIND, EQ, 15-Sep-2026, 173.27, 172.30, 172.96, 160.00, 160.25, 160.82, 166.53, 957892, 1595.17, 7259, 394500, 41.18
RETAIL, EQ, 15-Sep-2026, 17.14, 17.14, 17.87, 16.25, 16.61, 17.76, 17.11, 629, 0.11, 28, 599, 95.23
RFBL, ST, 15-Sep-2026, 89.00, 84.60, 84.65, 84.55, 84.55, 84.55, 84.59, 15000, 12.69, 5, 15000, 100.00
RGL, EQ, 15-Sep-2026, 155.49, 157.30, 163.45, 151.20, 151.80, 151.77, 156.95, 1223848, 1920.77, 21371, 451142, 36.86
RHETAN, EQ, 15-Sep-2026, 24.01, 22.81, 22.81, 22.81, 22.81, 22.81, 22.81, 246294, 56.18, 682, 246243, 99.98
RHFL, BZ, 15-Sep-2026, 1.87, 1.90, 1.90, 1.83, 1.84, 1.85, 1.86, 433412, 8.06, 1005, -, -
RHIM, EQ, 15-Sep-2026, 375.80, 375.65, 375.65, 360.80, 361.60, 361.60, 367.39, 156169, 573.76, 5682, 103275, 66.13
RHL, EQ, 15-Sep-2026, 166.85, 168.70, 179.80, 168.69, 173.40, 175.23, 175.97, 17789, 31.30, 316, 13694, 76.98
RICOAUTO, EQ, 15-Sep-2026, 134.17, 133.97, 135.70, 128.21, 128.90, 128.58, 130.60, 643528, 840.43, 9121, 273839, 42.55
RIIL, EQ, 15-Sep-2026, 710.75, 715.00, 719.70, 694.70, 701.00, 697.25, 704.13, 36914, 259.92, 2167, 14927, 40.44
RIIT, IV, 15-Sep-2026, 119.62, 120.44, 120.50, 119.40, 119.40, 119.49, 119.66, 195082, 233.44, 1929, 181195, 92.88
RILINFRA, SM, 15-Sep-2026, 31.90, 32.35, 34.00, 32.35, 33.80, 33.55, 33.34, 12100, 4.03, 59, 11200, 92.56
RIR, EQ, 15-Sep-2026, 177.26, 180.00, 181.00, 170.27, 170.71, 171.50, 174.77, 512746, 896.11, 8199, 147277, 28.72
RISHABH, EQ, 15-Sep-2026, 829.60, 829.55, 830.00, 772.70, 788.80, 779.50, 796.11, 224609, 1788.14, 16030, 118231, 52.64
RITCO, EQ, 15-Sep-2026, 300.70, 300.00, 309.45, 289.40, 295.00, 291.35, 295.08, 60571, 178.73, 1849, 41257, 68.11
RITES, EQ, 15-Sep-2026, 209.15, 209.60, 211.19, 205.55, 206.20, 206.53, 208.49, 262779, 547.86, 11001, 134095, 51.03
RKDL, EQ, 15-Sep-2026, 18.06, 18.10, 18.69, 17.62, 18.00, 18.00, 18.05, 5592, 1.01, 82, 4766, 85.23
RKEC, EQ, 15-Sep-2026, 19.33, 20.45, 20.45, 19.20, 19.20, 19.43, 19.64, 22880, 4.49, 190, 17877, 78.13
RKFORGE, EQ, 15-Sep-2026, 711.20, 715.00, 715.20, 684.60, 688.00, 688.20, 694.68, 685117, 4759.34, 23266, 391857, 57.20
RKSWAMY, EQ, 15-Sep-2026, 92.94, 94.80, 94.80, 86.83, 90.60, 89.46, 90.37, 44355, 40.09, 1069, 25567, 57.64
RMC, EQ, 15-Sep-2026, 211.68, 211.68, 215.00, 199.00, 202.98, 201.09, 205.78, 55581, 114.37, 2353, 28199, 50.73
RMDRIP, BE, 15-Sep-2026, 23.55, 24.00, 24.02, 23.50, 23.51, 23.50, 23.57, 385005, 90.75, 564, -, -
RML, EQ, 15-Sep-2026, 1360.00, 1362.10, 1371.60, 1300.00, 1300.80, 1306.50, 1323.42, 36201, 479.09, 4230, 17400, 48.06
RNBDENIMS, BE, 15-Sep-2026, 9.46, 9.55, 9.77, 9.00, 9.04, 9.04, 9.23, 189739, 17.52, 502, -, -
RNFI, SM, 15-Sep-2026, 339.55, 339.60, 339.60, 320.05, 323.50, 323.50, 329.95, 19800, 65.33, 26, 15000, 75.76
RNPL, SM, 15-Sep-2026, 61.85, 60.00, 60.55, 60.00, 60.55, 60.55, 60.20, 4800, 2.89, 4, 4800, 100.00
ROCKINGDCE, SM, 15-Sep-2026, 227.35, 217.10, 235.00, 213.00, 235.00, 223.90, 219.84, 2000, 4.40, 8, 1000, 50.00
ROHLTD, EQ, 15-Sep-2026, 306.30, 304.80, 313.95, 294.00, 297.85, 298.50, 299.79, 20115, 60.30, 756, 13590, 67.56
ROLEXRINGS, EQ, 15-Sep-2026, 171.37, 173.64, 176.00, 164.92, 169.00, 166.47, 170.21, 1102758, 1877.05, 20223, 503689, 45.68
ROLLT, BE, 15-Sep-2026, 4.75, 4.80, 4.98, 4.61, 4.98, 4.95, 4.90, 972824, 47.67, 651, -, -
ROML, EQ, 15-Sep-2026, 42.69, 43.22, 43.50, 42.72, 43.00, 43.00, 43.05, 144, 0.06, 23, 85, 59.03
ROSSARI, EQ, 15-Sep-2026, 446.15, 443.95, 448.60, 433.30, 437.00, 435.40, 439.90, 59590, 262.13, 3190, 31727, 53.24
ROSSELLIND, EQ, 15-Sep-2026, 55.06, 55.95, 57.89, 55.00, 56.90, 56.65, 56.56, 68654, 38.83, 1268, 36049, 52.51
ROSSTECH, EQ, 15-Sep-2026, 1214.30, 1234.90, 1308.20, 1211.80, 1269.00, 1265.40, 1278.58, 1062808, 13588.84, 68922, 199512, 18.77
ROTO, EQ, 15-Sep-2026, 64.29, 63.80, 64.68, 62.57, 62.57, 63.01, 63.53, 289946, 184.21, 2671, 138173, 47.65
ROUTE, EQ, 15-Sep-2026, 493.55, 496.45, 505.90, 480.00, 482.00, 481.90, 494.88, 216143, 1069.65, 8018, 125255, 57.95
ROXHITECH, SM, 15-Sep-2026, 45.80, 44.50, 44.50, 43.70, 43.75, 43.75, 43.90, 28800, 12.64, 18, 25600, 88.89
ROYALARC, SM, 15-Sep-2026, 154.00, 155.00, 155.00, 155.00, 155.00, 155.00, 155.00, 2400, 3.72, 1, 2400, 100.00
RPEL, EQ, 15-Sep-2026, 1845.20, 1860.00, 1875.00, 1605.00, 1648.50, 1622.40, 1688.73, 225914, 3815.08, 26411, 99485, 44.04
RPGLIFE, EQ, 15-Sep-2026, 2698.60, 2709.00, 2918.20, 2685.00, 2770.00, 2718.80, 2794.50, 60664, 1695.26, 8460, 20309, 33.48
RPOWER, EQ, 15-Sep-2026, 21.58, 21.60, 21.74, 20.90, 21.10, 21.03, 21.21, 17702828, 3755.36, 37128, 6038556, 34.11
RPPINFRA, EQ, 15-Sep-2026, 60.34, 60.79, 60.83, 54.32, 54.50, 54.72, 56.57, 87771, 49.66, 1339, 57836, 65.89
RPPL, BE, 15-Sep-2026, 20.74, 20.74, 20.74, 19.80, 20.00, 20.00, 20.02, 77276, 15.47, 172, -, -
RPSGVENT, EQ, 15-Sep-2026, 831.80, 831.80, 869.90, 826.05, 833.00, 829.35, 849.34, 38746, 329.09, 1953, 12923, 33.35
RPTECH, EQ, 15-Sep-2026, 819.65, 815.00, 815.00, 788.30, 799.00, 797.35, 801.04, 377031, 3020.17, 30565, 188451, 49.98
RRECL, EQ, 15-Sep-2026, 133.80, 134.46, 134.46, 121.20, 133.00, 123.70, 129.25, 160, 0.21, 15, 124, 77.50
RRIL, EQ, 15-Sep-2026, 15.99, 16.64, 16.64, 15.81, 15.95, 15.94, 16.17, 14455, 2.34, 108, 9746, 67.42
RRKABEL, EQ, 15-Sep-2026, 2424.40, 2424.80, 2427.90, 2370.10, 2382.60, 2381.30, 2394.41, 208267, 4986.77, 23297, 122281, 58.71
RSDFIN, BE, 15-Sep-2026, 94.00, 98.40, 98.40, 90.47, 93.10, 93.10, 93.54, 86, 0.08, 4, -, -
RSL, EQ, 15-Sep-2026, 190.10, 191.62, 193.09, 180.00, 183.00, 181.63, 186.45, 670942, 1250.97, 5510, 212648, 31.69
RSSOFTWARE, EQ, 15-Sep-2026, 29.63, 29.50, 29.97, 29.01, 29.52, 29.60, 29.53, 32806, 9.69, 187, 25987, 79.21
RSWM, BE, 15-Sep-2026, 218.23, 222.00, 222.00, 208.05, 210.50, 209.41, 214.11, 38344, 82.10, 256, -, -
RSYSTEMS, EQ, 15-Sep-2026, 240.36, 240.34, 252.74, 240.00, 240.00, 240.47, 247.29, 217291, 537.35, 5145, 87317, 40.18
RTL, SM, 15-Sep-2026, 78.00, 77.00, 77.00, 77.00, 77.00, 77.00, 77.00, 2000, 1.54, 1, 2000, 100.00
RTNINDIA, EQ, 15-Sep-2026, 27.68, 27.83, 28.28, 26.00, 27.00, 27.01, 27.34, 2120638, 579.84, 6638, 937632, 44.21
RTNPOWER, EQ, 15-Sep-2026, 7.17, 7.22, 7.30, 6.95, 7.01, 6.99, 7.09, 27592104, 1957.49, 23412, 13868824, 50.26
RTSPOWR, EQ, 15-Sep-2026, 87.94, 88.00, 88.00, 85.00, 86.15, 86.10, 86.94, 668, 0.58, 24, 642, 96.11
RUBFILA, EQ, 15-Sep-2026, 68.51, 67.40, 68.34, 62.80, 64.00, 63.56, 65.32, 103797, 67.80, 947, 78110, 75.25
RUBICON, EQ, 15-Sep-2026, 1835.40, 1852.90, 1880.50, 1805.10, 1831.50, 1815.60, 1840.32, 200388, 3687.78, 21243, 94382, 47.10
RUBYMILLS, EQ, 15-Sep-2026, 455.10, 468.00, 468.00, 420.60, 425.05, 432.40, 436.87, 13641, 59.59, 1189, 5923, 43.42
RUCHINFRA, EQ, 15-Sep-2026, 5.55, 5.72, 5.72, 5.40, 5.44, 5.41, 5.49, 80698, 4.43, 211, 57832, 71.66
RUCHIRA, EQ, 15-Sep-2026, 108.83, 109.00, 111.73, 104.57, 105.45, 105.44, 107.78, 37224, 40.12, 993, 21316, 57.26
RUDRA, EQ, 15-Sep-2026, 20.49, 20.15, 20.79, 19.83, 20.59, 20.16, 20.14, 28636, 5.77, 250, 21171, 73.93
RULKA, SM, 15-Sep-2026, 107.00, 105.05, 105.05, 105.00, 105.00, 105.00, 105.03, 1800, 1.89, 6, 1800, 100.00
RUPA, EQ, 15-Sep-2026, 137.48, 137.48, 137.80, 133.00, 133.00, 133.49, 134.94, 98326, 132.68, 4236, 54733, 55.66
RUSHIL, EQ, 15-Sep-2026, 15.91, 16.18, 16.23, 15.41, 15.65, 15.59, 15.71, 229040, 35.98, 819, 166501, 72.70
RUSTOMJEE, EQ, 15-Sep-2026, 344.95, 345.00, 348.55, 334.55, 334.55, 339.45, 340.26, 76157, 259.13, 2604, 43852, 57.58
RVHL, EQ, 15-Sep-2026, 39.46, 40.43, 40.43, 38.37, 38.80, 39.16, 39.03, 6411, 2.50, 99, 4673, 72.89
RVNL, EQ, 15-Sep-2026, 204.90, 205.00, 207.00, 198.29, 199.00, 199.00, 202.24, 3967219, 8023.29, 46275, 1611103, 40.61
RVTH, EQ, 15-Sep-2026, 740.95, 740.95, 740.95, 613.50, 680.50, 680.50, 670.10, 4976, 33.34, 361, 2959, 59.47
S&SPOWER, EQ, 15-Sep-2026, 350.35, 332.85, 344.00, 332.85, 332.85, 332.85, 334.64, 2992, 10.01, 126, 2385, 79.71
SAAKSHI, ST, 15-Sep-2026, 345.40, 340.15, 362.65, 340.15, 362.00, 362.00, 360.83, 37800, 136.40, 58, 26400, 69.84
SAATVIKGL, EQ, 15-Sep-2026, 395.95, 392.00, 399.00, 384.70, 387.95, 389.55, 391.80, 105059, 411.62, 2734, 51700, 49.21
SAB, EQ, 15-Sep-2026, 175.05, 175.05, 175.05, 175.05, 175.05, 175.05, 175.05, 5, 0.01, 1, 5, 100.00
SACHEEROME, SM, 15-Sep-2026, 509.95, 521.00, 521.00, 470.00, 475.00, 480.70, 493.50, 22200, 109.56, 66, 15000, 67.57
SADBHAV, EQ, 15-Sep-2026, 7.87, 7.99, 8.10, 7.62, 7.66, 7.67, 7.82, 224092, 17.53, 582, 149641, 66.78
SADBHIN, EQ, 15-Sep-2026, 2.52, 2.56, 2.56, 2.46, 2.51, 2.47, 2.48, 60864, 1.51, 186, 55478, 91.15
SADHAV, SM, 15-Sep-2026, 113.65, 110.05, 113.15, 106.20, 107.10, 107.60, 109.04, 35400, 38.60, 56, 25800, 72.88
SADHNANIQ, BE, 15-Sep-2026, 2.84, 2.84, 2.84, 2.80, 2.80, 2.80, 2.81, 888546, 24.94, 299, -, -
SAFARI, EQ, 15-Sep-2026, 1544.70, 1550.00, 1550.00, 1490.00, 1540.10, 1532.10, 1517.77, 74589, 1132.09, 7705, 38484, 51.59
SAFEENTP, SM, 15-Sep-2026, 257.30, 264.50, 264.95, 253.00, 257.00, 259.55, 260.02, 33000, 85.81, 59, 22500, 68.18
SAGARDEEP, EQ, 15-Sep-2026, 23.79, 23.79, 23.79, 23.52, 23.65, 23.65, 23.68, 4366, 1.03, 57, 3668, 84.01
SAGCEM, EQ, 15-Sep-2026, 146.25, 148.30, 149.38, 146.25, 147.99, 146.80, 147.48, 35191, 51.90, 867, 26441, 75.14
SAGILITY, EQ, 15-Sep-2026, 45.20, 45.85, 46.62, 45.21, 45.60, 45.60, 46.00, 23912914, 11000.48, 41167, 8892134, 37.19
SAHAJSOLAR, SM, 15-Sep-2026, 93.95, 94.40, 95.45, 93.65, 94.00, 94.05, 94.64, 13600, 12.87, 26, 10000, 73.53
SAHANA, SM, 15-Sep-2026, 904.45, 900.00, 910.00, 885.00, 898.00, 899.00, 901.57, 22950, 206.91, 71, 19200, 83.66
SAHASRA, SM, 15-Sep-2026, 297.10, 309.25, 311.95, 302.00, 311.95, 311.35, 311.12, 82000, 255.12, 145, 73200, 89.27
SAHLIBHFI, EQ, 15-Sep-2026, 81.67, 81.67, 82.75, 77.01, 78.00, 77.91, 79.39, 41398, 32.87, 544, 28572, 69.02
SAHYADRI, EQ, 15-Sep-2026, 390.90, 394.80, 408.95, 358.00, 365.00, 363.15, 375.92, 27611, 103.80, 1166, 16593, 60.10
SAICAPI, EQ, 15-Sep-2026, 152.18, 155.00, 155.00, 148.00, 154.50, 154.50, 154.44, 134, 0.21, 11, 125, 93.28
SAIFL, SM, 15-Sep-2026, 4.40, 4.50, 4.50, 4.30, 4.40, 4.35, 4.39, 224000, 9.83, 45, 112000, 50.00
SAIL, EQ, 15-Sep-2026, 179.00, 179.53, 180.00, 172.92, 173.00, 173.00, 175.35, 10217048, 17915.32, 43272, 4302258, 42.11
SAILIFE, EQ, 15-Sep-2026, 1585.00, 1587.90, 1601.00, 1535.80, 1545.00, 1541.50, 1563.94, 433185, 6774.76, 36268, 212207, 48.99
SAIPARENT, EQ, 15-Sep-2026, 523.35, 520.30, 520.85, 503.00, 503.00, 506.35, 510.87, 74691, 381.57, 3585, 44053, 58.98
SAKAR, EQ, 15-Sep-2026, 1158.55, 1178.00, 1179.00, 1117.10, 1136.00, 1137.55, 1153.52, 119031, 1373.05, 10784, 51036, 42.88
SAKHTISUG, EQ, 15-Sep-2026, 19.90, 19.90, 20.22, 18.90, 18.90, 18.95, 19.31, 135785, 26.22, 768, 87947, 64.77
SAKSOFT, EQ, 15-Sep-2026, 146.49, 146.50, 150.98, 141.00, 141.98, 142.25, 145.85, 505365, 737.08, 8462, 170157, 33.67
SAKUMA, EQ, 15-Sep-2026, 1.57, 1.60, 1.60, 1.55, 1.57, 1.56, 1.57, 742269, 11.65, 1059, 539434, 72.67
SALASAR, EQ, 15-Sep-2026, 5.05, 5.07, 5.09, 4.71, 4.78, 4.81, 4.85, 11156788, 541.29, 8278, 6790444, 60.86
SALONA, EQ, 15-Sep-2026, 260.05, 255.05, 265.00, 255.00, 262.50, 257.15, 257.63, 65, 0.17, 12, 38, 58.46
SALSTEEL, EQ, 15-Sep-2026, 74.81, 75.55, 75.55, 71.07, 71.07, 71.07, 71.80, 351889, 252.66, 2476, 201240, 57.19
SALZERELEC, EQ, 15-Sep-2026, 550.55, 551.60, 551.60, 530.00, 531.90, 531.45, 541.45, 34986, 189.43, 2646, 19150, 54.74
SAMAY, ST, 15-Sep-2026, 45.00, 46.95, 46.95, 46.95, 46.95, 46.95, 46.95, 4000, 1.88, 1, 4000, 100.00
SAMBANDAM, EQ, 15-Sep-2026, 111.65, 111.65, 111.65, 111.65, 111.65, 111.65, 111.65, 1, 0.00, 1, 1, 100.00
SAMBHAAV, EQ, 15-Sep-2026, 5.96, 6.00, 6.00, 5.66, 5.68, 5.67, 5.77, 16941, 0.98, 111, 15405, 90.93
SAMBHV, EQ, 15-Sep-2026, 131.08, 131.60, 132.00, 128.32, 128.88, 128.96, 129.75, 1638704, 2126.23, 13807, 793820, 48.44
SAMHI, EQ, 15-Sep-2026, 157.07, 157.00, 158.99, 152.25, 153.00, 152.73, 154.83, 468454, 725.31, 14287, 244374, 52.17
SAMMAANCAP, EQ, 15-Sep-2026, 147.30, 148.00, 148.30, 141.21, 142.00, 141.96, 144.08, 5171011, 7450.53, 29640, 2451071, 47.40
SAMPANN, EQ, 15-Sep-2026, 24.46, 24.41, 25.24, 23.56, 24.37, 23.91, 24.19, 27614, 6.68, 202, 21753, 78.78
SANATHAN, EQ, 15-Sep-2026, 472.10, 474.50, 480.20, 453.00, 461.80, 461.40, 462.24, 58337, 269.66, 7712, 36069, 61.83
SANDESH, EQ, 15-Sep-2026, 1014.60, 1015.00, 1042.00, 1010.00, 1010.00, 1018.80, 1021.52, 502, 5.13, 107, 411, 81.87
SANDHAR, EQ, 15-Sep-2026, 618.60, 618.10, 628.00, 607.30, 609.00, 610.35, 616.73, 119259, 735.50, 8132, 74511, 62.48
SANDUMA, EQ, 15-Sep-2026, 190.35, 191.01, 191.99, 181.20, 182.40, 181.98, 184.11, 1127169, 2075.23, 20627, 594208, 52.72
SANGAMIND, EQ, 15-Sep-2026, 574.40, 570.55, 573.40, 552.35, 565.25, 565.65, 564.36, 34764, 196.19, 1799, 19400, 55.80
SANGHVIMOV, EQ, 15-Sep-2026, 426.50, 427.85, 438.15, 400.00, 402.75, 401.50, 411.47, 514577, 2117.32, 16672, 309866, 60.22
SANGINITA, BE, 15-Sep-2026, 65.67, 66.98, 66.98, 66.98, 66.98, 66.98, 66.98, 23718, 15.89, 120, -, -
SANOFI, EQ, 15-Sep-2026, 3079.20, 3079.20, 3159.80, 3074.10, 3131.90, 3131.00, 3114.41, 23468, 730.89, 4140, 11740, 50.03
SANOFICONR, EQ, 15-Sep-2026, 4023.40, 4023.40, 4112.00, 3978.00, 4080.00, 4055.30, 4039.90, 7742, 312.77, 2462, 3303, 42.66
SANSERA, EQ, 15-Sep-2026, 4129.90, 4155.00, 4183.60, 3820.00, 3841.00, 3871.70, 3967.41, 276179, 10957.15, 45368, 160854, 58.24
SANSTAR, EQ, 15-Sep-2026, 110.53, 109.59, 111.60, 109.59, 111.60, 110.76, 110.79, 130368, 144.44, 2022, 82815, 63.52
SANWARIA, BZ, 15-Sep-2026, 0.19, 0.19, 0.20, 0.18, 0.19, 0.19, 0.19, 411773, 0.79, 215, -, -
SAPPHIRE, EQ, 15-Sep-2026, 225.74, 225.95, 228.79, 221.51, 222.63, 222.37, 224.27, 399696, 896.38, 17121, 245311, 61.37
SAPPL, EQ, 15-Sep-2026, 290.80, 292.00, 293.00, 277.95, 288.00, 287.60, 281.72, 1738, 4.90, 46, 1351, 77.73
SARDAEN, EQ, 15-Sep-2026, 524.15, 523.00, 525.00, 499.50, 504.10, 501.35, 508.97, 380876, 1938.54, 15021, 210755, 55.33
SAREGAMA, EQ, 15-Sep-2026, 505.50, 505.10, 505.10, 481.15, 485.50, 485.50, 493.67, 194289, 959.14, 11694, 87202, 44.88
SARLAPOLY, EQ, 15-Sep-2026, 100.22, 100.70, 102.78, 96.11, 96.50, 96.70, 99.37, 102414, 101.77, 1138, 71754, 70.06
SAROJA, SM, 15-Sep-2026, 39.80, 39.75, 39.75, 39.75, 39.75, 39.75, 39.75, 1600, 0.64, 1, 1600, 100.00
SARTELE, SM, 15-Sep-2026, 79.90, 79.70, 82.95, 77.15, 77.15, 77.70, 79.94, 56500, 45.17, 90, 38500, 68.14
SARVESHWAR, EQ, 15-Sep-2026, 4.01, 4.04, 4.04, 3.78, 3.89, 3.85, 3.88, 1905933, 74.00, 2437, 1292186, 67.80
SASKEN, EQ, 15-Sep-2026, 1783.60, 1749.90, 1801.60, 1714.00, 1719.60, 1722.20, 1741.06, 55350, 963.68, 7601, 26060, 47.08
SATECH, SM, 15-Sep-2026, 39.90, 39.90, 43.85, 39.90, 43.85, 43.85, 43.06, 20000, 8.61, 20, 16000, 80.00
SATIA, EQ, 15-Sep-2026, 68.01, 67.01, 68.67, 66.22, 66.50, 66.51, 67.41, 106260, 71.63, 1290, 61405, 57.79
SATIN, EQ, 15-Sep-2026, 216.68, 217.15, 217.63, 212.00, 215.39, 214.88, 213.95, 158812, 339.78, 3304, 76815, 48.37
SATIPOLY, ST, 15-Sep-2026, 38.80, 38.00, 38.00, 36.90, 36.90, 36.90, 37.45, 1000, 0.37, 2, 1000, 100.00
SATKARTAR, SM, 15-Sep-2026, 145.20, 147.00, 159.20, 135.00, 145.00, 144.85, 144.75, 140000, 202.65, 145, 107200, 76.57
SATTVAENGG, SM, 15-Sep-2026, 62.15, 62.25, 62.25, 60.90, 62.10, 62.10, 61.69, 8000, 4.94, 5, 6400, 80.00
SAURASHCEM, EQ, 15-Sep-2026, 54.76, 54.90, 55.99, 52.70, 53.00, 53.03, 53.72, 107268, 57.62, 1494, 84941, 79.19
SAVY, SM, 15-Sep-2026, 140.00, 140.00, 140.00, 135.00, 135.00, 135.00, 138.47, 7200, 9.97, 5, 6000, 83.33
SAWALIYA, SM, 15-Sep-2026, 162.45, 166.00, 166.00, 154.10, 159.50, 158.30, 159.88, 22200, 35.49, 15, 16200, 72.97
SAYAJIHOTL, EQ, 15-Sep-2026, 326.80, 325.10, 338.00, 320.70, 322.70, 322.70, 325.67, 605, 1.97, 26, 549, 90.74
SAYAJIIND, EQ, 15-Sep-2026, 118.90, 113.00, 117.99, 113.00, 113.51, 113.51, 113.20, 312, 0.35, 6, 311, 99.68
SBC, EQ, 15-Sep-2026, 48.33, 48.15, 48.55, 47.35, 47.99, 47.73, 47.80, 9919587, 4741.62, 7684, 3738312, 37.69
SBCL, EQ, 15-Sep-2026, 1087.00, 1087.00, 1120.00, 1000.00, 1030.60, 1020.20, 1029.41, 482862, 4970.63, 24538, 224756, 46.55
SBFC, EQ, 15-Sep-2026, 98.19, 98.00, 98.75, 94.01, 94.90, 94.43, 95.98, 630989, 605.59, 11131, 316713, 50.19
SBGLP, EQ, 15-Sep-2026, 21.56, 21.56, 22.63, 21.05, 21.32, 21.33, 21.49, 56281, 12.10, 510, 37698, 66.98
SBIBPB, EQ, 15-Sep-2026, 48.58, 48.58, 49.13, 47.50, 47.80, 47.72, 47.90, 56517, 27.07, 682, 46623, 82.49
SBICARD, EQ, 15-Sep-2026, 655.20, 652.10, 655.75, 617.10, 618.60, 618.60, 629.19, 1751822, 11022.24, 43216, 858867, 49.03
SBIETFCON, EQ, 15-Sep-2026, 118.35, 119.98, 119.98, 116.81, 117.00, 116.86, 117.80, 3428, 4.04, 170, 1981, 57.79
SBIETFIT, EQ, 15-Sep-2026, 322.45, 324.70, 339.70, 324.70, 329.97, 328.26, 332.30, 32283, 107.27, 408, 10739, 33.27
SBIETFPB, EQ, 15-Sep-2026, 281.69, 285.89, 285.90, 277.28, 279.02, 277.50, 279.19, 3089, 8.62, 122, 2410, 78.02
SBIETFQLTY, EQ, 15-Sep-2026, 216.09, 215.01, 218.28, 213.31, 214.12, 214.04, 214.11, 17934, 38.40, 93, 11226, 62.60
SBIFUNDS, EQ, 15-Sep-2026, 544.30, 545.80, 549.00, 533.10, 534.90, 536.50, 537.17, 1079997, 5801.39, 74142, 602314, 55.77
SBILIFE, EQ, 15-Sep-2026, 1684.70, 1672.10, 1683.10, 1652.90, 1654.10, 1654.10, 1662.43, 1139205, 18938.49, 46830, 738329, 64.81
SBILIQETF, EQ, 15-Sep-2026, 1055.80, 1055.93, 1055.95, 1055.93, 1055.95, 1055.95, 1055.93, 5977, 63.11, 48, 5976, 99.98
SBIMIDMOM, EQ, 15-Sep-2026, 63.53, 64.17, 64.17, 61.68, 62.03, 61.85, 62.16, 53326, 33.15, 363, 50838, 95.33
SBIN, EQ, 15-Sep-2026, 995.70, 994.00, 999.80, 968.00, 968.00, 968.00, 979.36, 10004115, 97976.03, 206073, 6015570, 60.13
SBINEQWETF, EQ, 15-Sep-2026, 32.55, 33.36, 33.36, 32.15, 32.33, 32.24, 32.46, 36302, 11.78, 398, 26238, 72.28
SBINMID150, EQ, 15-Sep-2026, 22.94, 23.40, 23.40, 22.32, 22.37, 22.35, 22.58, 36224, 8.18, 221, 19069, 52.64
SBISILVER, EQ, 15-Sep-2026, 221.92, 221.92, 221.92, 219.15, 221.00, 220.12, 220.46, 1062753, 2342.89, 7296, 491917, 46.29
SBISMLETF, EQ, 15-Sep-2026, 18.28, 18.37, 18.53, 17.84, 17.84, 17.98, 18.17, 76273, 13.86, 444, 51956, 68.12
SBIVALETF, EQ, 15-Sep-2026, 14.57, 14.57, 14.57, 14.25, 14.36, 14.28, 14.38, 12957, 1.86, 126, 12532, 96.72
SCANSTL, BE, 15-Sep-2026, 56.34, 56.06, 56.99, 54.90, 56.00, 55.18, 55.94, 24619, 13.77, 118, -, -
SCHAEFFLER, EQ, 15-Sep-2026, 3950.50, 3950.50, 3961.60, 3895.00, 3895.00, 3916.40, 3918.84, 50304, 1971.33, 18935, 31600, 62.82
SCHAND, EQ, 15-Sep-2026, 137.72, 136.05, 137.72, 133.19, 133.57, 133.74, 134.27, 17433, 23.41, 547, 12784, 73.33
SCHNEIDER, EQ, 15-Sep-2026, 1227.00, 1227.00, 1228.90, 1185.00, 1195.00, 1193.10, 1197.63, 233496, 2796.41, 20099, 156102, 66.85
SCI, EQ, 15-Sep-2026, 280.60, 281.00, 281.85, 268.00, 268.85, 269.05, 273.26, 1967345, 5375.91, 36763, 807233, 41.03
SCILAL, EQ, 15-Sep-2026, 38.14, 38.85, 38.85, 37.15, 37.27, 37.34, 37.72, 182150, 68.71, 1814, 135069, 74.15
SCML, SM, 15-Sep-2026, 77.90, 76.10, 76.10, 76.00, 76.00, 76.00, 76.05, 2000, 1.52, 2, 2000, 100.00
SCODATUBES, EQ, 15-Sep-2026, 129.82, 130.00, 132.90, 125.50, 127.00, 126.23, 127.90, 123440, 157.88, 1730, 83809, 67.89
SCPL, BE, 15-Sep-2026, 646.80, 646.00, 654.00, 630.05, 649.95, 636.05, 644.23, 3939, 25.38, 169, -, -
SDBL, EQ, 15-Sep-2026, 70.07, 70.00, 71.96, 67.75, 68.05, 68.13, 68.56, 535458, 367.13, 4537, 341247, 63.73
SDREAMS, SM, 15-Sep-2026, 83.00, 81.00, 81.00, 77.05, 79.90, 79.90, 79.34, 28000, 22.21, 23, 25000, 89.29
SEAMECLTD, EQ, 15-Sep-2026, 1788.40, 1814.90, 1814.90, 1721.00, 1732.00, 1736.90, 1742.87, 83528, 1455.79, 6702, 40599, 48.61
SECL, SZ, 15-Sep-2026, 2.65, 2.75, 2.75, 2.75, 2.75, 2.75, 2.75, 6250, 0.17, 1, 6250, 100.00
SECMARK, EQ, 15-Sep-2026, 141.31, 149.40, 149.40, 133.41, 143.00, 142.98, 142.59, 802, 1.14, 38, 405, 50.50
SECURKLOUD, EQ, 15-Sep-2026, 16.51, 16.18, 16.99, 16.18, 16.89, 16.78, 16.59, 31638, 5.25, 160, 21882, 69.16
SEDEMAC, EQ, 15-Sep-2026, 2906.20, 2944.00, 2995.00, 2911.00, 2942.80, 2950.70, 2953.78, 95665, 2825.73, 15652, 34164, 35.71
SEIL, EQ, 15-Sep-2026, 192.68, 193.50, 195.00, 188.30, 191.26, 190.09, 191.42, 382765, 732.69, 2313, 215326, 56.26
SEJALLTD, EQ, 15-Sep-2026, 646.30, 663.20, 663.20, 616.50, 617.00, 618.35, 630.03, 6101, 38.44, 596, 4741, 77.71
SEKURITIND, EQ, 15-Sep-2026, 110.34, 110.35, 112.16, 105.05, 108.50, 106.86, 108.51, 52685, 57.17, 1009, 33248, 63.11
SEL, SM, 15-Sep-2026, 354.20, 369.00, 369.00, 351.00, 368.00, 363.85, 358.53, 3400, 12.19, 17, 2400, 70.59
SELECTIPO, EQ, 15-Sep-2026, 48.48, 48.72, 48.72, 47.31, 47.40, 47.34, 47.90, 61098, 29.27, 209, 49295, 80.68
SELMC, BE, 15-Sep-2026, 29.25, 28.00, 28.00, 27.79, 27.79, 27.79, 27.82, 6239, 1.74, 64, -, -
SEMAC, EQ, 15-Sep-2026, 273.05, 269.50, 272.40, 264.00, 269.00, 269.00, 268.86, 702, 1.89, 37, 630, 89.74
SENCO, EQ, 15-Sep-2026, 346.40, 348.95, 351.00, 335.15, 338.50, 336.40, 341.19, 504318, 1720.69, 17479, 247428, 49.06
SENORES, EQ, 15-Sep-2026, 1467.30, 1470.00, 1475.60, 1400.00, 1422.10, 1416.10, 1433.18, 162042, 2322.36, 14251, 83753, 51.69
SENSEXADD, EQ, 15-Sep-2026, 77.35, 77.59, 77.59, 76.62, 77.29, 76.77, 76.70, 5048, 3.87, 43, 4354, 86.25
SENSEXAXIS, EQ, 15-Sep-2026, 77.35, 78.38, 78.38, 77.00, 77.24, 77.20, 77.42, 2720, 2.11, 76, 1521, 55.92
SENSEXBETA, EQ, 15-Sep-2026, 832.37, 822.02, 844.00, 822.02, 825.87, 824.00, 824.08, 240273, 1980.03, 252, 240046, 99.91
SENSEXETF, EQ, 15-Sep-2026, 77.42, 77.77, 77.77, 76.34, 76.34, 76.63, 76.92, 24562, 18.89, 484, 14120, 57.49
SENSEXIETF, EQ, 15-Sep-2026, 863.63, 867.94, 867.94, 849.18, 857.71, 853.91, 858.35, 16466, 141.34, 758, 11153, 67.73
SEPC, EQ, 15-Sep-2026, 5.27, 5.30, 5.32, 5.08, 5.13, 5.12, 5.18, 8695082, 450.37, 5504, 4836334, 55.62
SERVICE, SM, 15-Sep-2026, 68.05, 65.65, 65.75, 65.65, 65.75, 65.75, 65.70, 4000, 2.63, 2, 4000, 100.00
SERVOTECH, EQ, 15-Sep-2026, 77.28, 76.91, 76.91, 72.31, 73.45, 72.86, 73.74, 844722, 622.86, 9052, 392908, 46.51
SESHAPAPER, EQ, 15-Sep-2026, 251.14, 251.00, 251.48, 241.60, 241.60, 242.80, 245.79, 43579, 107.11, 1222, 28393, 65.15
SETCO, BE, 15-Sep-2026, 16.74, 17.50, 17.57, 17.15, 17.45, 17.23, 17.44, 46116, 8.04, 219, -, -
SETF10GILT, EQ, 15-Sep-2026, 263.98, 262.75, 264.40, 261.00, 263.75, 263.75, 263.36, 5042, 13.28, 61, 4100, 81.32
SETFGOLD, EQ, 15-Sep-2026, 129.06, 129.00, 129.00, 127.25, 127.87, 127.57, 127.78, 8275144, 10574.23, 17494, 4956321, 59.89
SETFNIF50, EQ, 15-Sep-2026, 252.41, 255.34, 255.34, 249.79, 250.99, 250.09, 251.36, 863309, 2170.00, 13695, 530472, 61.45
SETFNIFBK, EQ, 15-Sep-2026, 581.78, 596.32, 596.32, 573.65, 573.65, 575.11, 576.40, 166307, 958.60, 1964, 153527, 92.32
SETFNN50, EQ, 15-Sep-2026, 772.61, 791.92, 791.92, 756.00, 757.90, 756.99, 762.67, 51047, 389.32, 2561, 37384, 73.23
SETL, EQ, 15-Sep-2026, 468.15, 444.75, 444.75, 444.75, 444.75, 444.75, 444.75, 194608, 865.52, 2127, 193107, 99.23
SETUINFRA, BZ, 15-Sep-2026, 0.66, 0.67, 0.69, 0.63, 0.63, 0.63, 0.64, 141940, 0.91, 97, -, -
SEYAIND, BE, 15-Sep-2026, 12.68, 12.68, 12.93, 12.51, 12.57, 12.57, 12.86, 16307, 2.10, 63, -, -
SFL, EQ, 15-Sep-2026, 691.55, 691.55, 695.90, 662.90, 670.45, 668.25, 683.06, 159797, 1091.52, 15057, 73288, 45.86
SFML, SM, 15-Sep-2026, 21.60, 21.00, 21.00, 21.00, 21.00, 21.00, 21.00, 1600, 0.34, 1, 1600, 100.00
SGBAPR28I, GB, 15-Sep-2026, 15130.83, 15130.83, 15130.83, 14925.29, 14950.00, 14949.83, 14970.43, 1598, 239.23, 68, 1532, 95.87
SGBAUG27, GB, 15-Sep-2026, 15010.28, 15085.33, 15085.33, 14760.00, 14900.00, 14858.00, 14942.23, 66, 9.86, 26, 42, 63.64
SGBAUG28V, GB, 15-Sep-2026, 15012.80, 15279.00, 15279.00, 14812.00, 14913.00, 14907.92, 14947.22, 657, 98.20, 138, 425, 64.69
SGBAUG29V, GB, 15-Sep-2026, 15113.83, 15100.00, 15100.00, 14861.00, 14950.00, 14916.62, 14968.60, 42, 6.29, 32, 29, 69.05
SGBAUG30, GB, 15-Sep-2026, 15175.73, 15175.73, 15251.60, 14915.55, 14922.02, 14988.59, 15053.17, 128, 19.27, 42, 119, 92.97
SGBD29VIII, GB, 15-Sep-2026, 15133.75, 14860.01, 15099.99, 14860.00, 15000.00, 14955.74, 14985.05, 155, 23.23, 45, 123, 79.35
SGBDC27VII, GB, 15-Sep-2026, 15190.00, 15050.00, 15425.00, 14875.00, 14900.00, 14900.00, 14973.33, 15, 2.25, 6, 10, 66.67
SGBDE30III, GB, 15-Sep-2026, 15213.46, 15137.39, 15247.99, 15054.91, 15115.00, 15122.65, 15119.18, 172, 26.00, 58, 129, 75.00
SGBDE31III, GB, 15-Sep-2026, 15592.86, 15675.00, 15675.00, 15325.01, 15444.99, 15334.27, 15462.87, 819, 126.64, 227, 517, 63.13
SGBFEB27, GB, 15-Sep-2026, 15025.00, 14900.00, 14900.00, 14900.00, 14900.00, 14900.00, 14900.00, 5, 0.75, 2, 5, 100.00
SGBFEB28IX, GB, 15-Sep-2026, 15030.04, 14810.00, 15149.99, 14810.00, 15149.99, 15149.99, 14980.00, 2, 0.30, 2, 2, 100.00
SGBFEB29XI, GB, 15-Sep-2026, 15032.94, 14957.78, 15050.00, 14862.00, 15000.00, 14988.66, 14961.05, 55, 8.23, 23, 41, 74.55
SGBFEB32IV, GB, 15-Sep-2026, 15841.24, 15841.24, 15841.24, 15501.55, 15550.00, 15554.95, 15685.65, 1161, 182.11, 352, 836, 72.01
SGBJ28VIII, GB, 15-Sep-2026, 15149.00, 14702.01, 15049.91, 14702.01, 14900.00, 14900.00, 14823.75, 24, 3.56, 5, 13, 54.17
SGBJAN27, GB, 15-Sep-2026, 15160.04, 14732.10, 14850.00, 14732.10, 14850.00, 14850.00, 14781.75, 38, 5.62, 6, 15, 39.47
SGBJAN29IX, GB, 15-Sep-2026, 15046.09, 15030.00, 15099.00, 14901.02, 14901.02, 14905.81, 14939.70, 273, 40.79, 47, 245, 89.74
SGBJAN29X, GB, 15-Sep-2026, 15042.97, 14950.01, 14951.01, 14901.02, 14925.00, 14925.00, 14925.31, 45, 6.72, 10, 44, 97.78
SGBJAN30IX, GB, 15-Sep-2026, 15232.85, 14928.19, 15169.99, 14911.50, 14950.00, 14949.84, 15047.78, 486, 73.13, 159, 157, 32.30
SGBJU29III, GB, 15-Sep-2026, 15012.61, 14937.55, 14950.10, 14900.02, 14920.00, 14920.00, 14926.83, 85, 12.69, 19, 80, 94.12
SGBJUL27, GB, 15-Sep-2026, 14999.90, 15001.00, 15001.00, 14911.00, 14911.00, 14911.00, 14966.00, 4, 0.60, 4, 4, 100.00
SGBJUL28IV, GB, 15-Sep-2026, 15010.00, 15010.00, 15010.00, 14858.00, 14915.00, 14892.16, 14912.36, 100, 14.91, 39, 67, 67.00
SGBJUL29IV, GB, 15-Sep-2026, 15012.50, 14950.00, 14961.07, 14900.00, 14900.00, 14900.00, 14940.45, 198, 29.58, 81, 198, 100.00
SGBJUN27, GB, 15-Sep-2026, 15025.00, 15025.00, 15025.00, 14713.21, 14885.83, 14885.83, 14895.62, 24, 3.57, 14, 13, 54.17
SGBJUN28, GB, 15-Sep-2026, 15030.00, 15000.00, 15000.00, 14900.00, 14976.98, 14921.74, 14951.23, 88, 13.16, 43, 66, 75.00
SGBJUN29II, GB, 15-Sep-2026, 15055.62, 15000.00, 15000.00, 14910.01, 14911.00, 14911.00, 14949.55, 300, 44.85, 48, 214, 71.33
SGBJUN30, GB, 15-Sep-2026, 15296.66, 15011.00, 15269.99, 14841.00, 14989.95, 14922.53, 14965.18, 369, 55.22, 112, 217, 58.81
SGBJUN31I, GB, 15-Sep-2026, 15320.87, 15320.87, 15320.87, 15101.00, 15195.00, 15160.05, 15182.48, 528, 80.16, 127, 372, 70.45
SGBMAR28X, GB, 15-Sep-2026, 15385.00, 14852.14, 14969.85, 14852.14, 14969.85, 14969.85, 14891.38, 3, 0.45, 2, 3, 100.00
SGBMAR30X, GB, 15-Sep-2026, 15179.63, 15170.00, 15170.00, 15060.00, 15060.00, 15060.00, 15115.00, 2, 0.30, 2, 2, 100.00
SGBMAR31IV, GB, 15-Sep-2026, 15319.25, 15295.64, 15295.64, 15100.01, 15120.00, 15120.00, 15161.42, 126, 19.10, 44, 109, 86.51
SGBMAY28, GB, 15-Sep-2026, 15059.50, 14921.00, 15044.99, 14900.00, 14904.71, 14904.56, 14955.69, 110, 16.45, 30, 57, 51.82
SGBMAY29I, GB, 15-Sep-2026, 15071.47, 15061.00, 15089.99, 14899.99, 14960.00, 14962.49, 14965.81, 309, 46.24, 69, 289, 93.53
SGBMR29XII, GB, 15-Sep-2026, 15023.88, 15025.00, 15025.00, 14875.00, 14901.00, 14901.00, 14914.08, 114, 17.00, 32, 110, 96.49
SGBN28VIII, GB, 15-Sep-2026, 15038.81, 15150.00, 15150.00, 14900.00, 14955.00, 14955.00, 14974.71, 41, 6.14, 15, 26, 63.41
SGBNOV26, GB, 15-Sep-2026, 15190.00, 14900.00, 15050.00, 14900.00, 15050.00, 14945.65, 14945.65, 23, 3.44, 2, 16, 69.57
SGBNV29VII, GB, 15-Sep-2026, 15072.55, 14971.00, 15095.00, 14915.00, 14915.00, 14915.00, 14957.39, 191, 28.57, 30, 130, 68.06
SGBOC28VII, GB, 15-Sep-2026, 15199.00, 15035.00, 15035.00, 14931.00, 14950.00, 14950.00, 14980.28, 566, 84.79, 19, 555, 98.06
SGBOCT27, GB, 15-Sep-2026, 15155.00, 15000.02, 15000.02, 15000.00, 15000.00, 15000.00, 15000.01, 9, 1.35, 3, 6, 66.67
SGBOCT27VI, GB, 15-Sep-2026, 15175.01, 14952.00, 14952.00, 14905.00, 14905.00, 14905.00, 14925.43, 115, 17.16, 3, 115, 100.00
SGBSEP27, GB, 15-Sep-2026, 15054.75, 14901.27, 14989.98, 14901.00, 14905.02, 14905.02, 14907.45, 19, 2.83, 5, 13, 68.42
SGBSEP28VI, GB, 15-Sep-2026, 15009.04, 14975.01, 14975.01, 14875.00, 14875.00, 14884.61, 14912.90, 237, 35.34, 56, 202, 85.23
SGBSEP29VI, GB, 15-Sep-2026, 15043.82, 14968.60, 15100.00, 14880.01, 14935.00, 14901.25, 14951.47, 371, 55.47, 88, 325, 87.60
SGBSEP31II, GB, 15-Sep-2026, 15391.90, 15391.90, 15391.90, 15201.01, 15201.01, 15209.01, 15300.11, 715, 109.40, 165, 501, 70.07
SGFIN, EQ, 15-Sep-2026, 660.75, 665.00, 666.00, 625.00, 630.00, 629.75, 640.54, 272203, 1743.56, 12644, 153629, 56.44
SGIL, EQ, 15-Sep-2026, 592.20, 592.20, 608.00, 586.00, 586.00, 590.90, 600.04, 16573, 99.44, 434, 12711, 76.70
SGL, EQ, 15-Sep-2026, 9.73, 9.82, 10.01, 9.75, 9.92, 9.82, 9.82, 6382, 0.63, 67, 4874, 76.37
SGLRES, EQ, 15-Sep-2026, 2.44, 2.55, 2.55, 2.32, 2.35, 2.35, 2.36, 31022, 0.73, 150, 25167, 81.13
SGMART, EQ, 15-Sep-2026, 750.95, 750.75, 753.05, 716.15, 723.55, 722.10, 734.79, 198309, 1457.16, 12954, 105357, 53.13
SGRL, EQ, 15-Sep-2026, 659.20, 670.00, 699.20, 646.60, 659.00, 657.60, 665.54, 15689, 104.42, 1090, 10152, 64.71
SHADOWFAX, EQ, 15-Sep-2026, 253.40, 253.40, 254.90, 239.00, 241.00, 241.15, 244.01, 3355837, 8188.62, 41737, 2211894, 65.91
SHAH, EQ, 15-Sep-2026, 3.51, 3.50, 3.50, 3.19, 3.38, 3.35, 3.37, 1406837, 47.34, 1158, 902437, 64.15
SHAHALLOYS, BE, 15-Sep-2026, 92.62, 90.30, 94.25, 87.99, 91.50, 91.05, 90.27, 43776, 39.52, 151, -, -
SHAILY, EQ, 15-Sep-2026, 3279.50, 3300.70, 3326.50, 3152.00, 3153.10, 3181.80, 3222.16, 108535, 3497.17, 21552, 50233, 46.28
SHAKTIPUMP, EQ, 15-Sep-2026, 493.80, 492.90, 493.75, 473.15, 474.50, 474.20, 480.83, 609362, 2929.98, 21514, 307608, 50.48
SHALBY, EQ, 15-Sep-2026, 144.78, 144.78, 149.00, 136.35, 137.40, 137.21, 141.29, 364825, 515.46, 4477, 189828, 52.03
SHALPAINTS, BE, 15-Sep-2026, 85.73, 85.73, 89.00, 81.45, 82.00, 81.79, 84.23, 88280, 74.36, 386, -, -
SHANKARA, EQ, 15-Sep-2026, 148.29, 148.40, 150.39, 147.11, 150.24, 149.83, 149.49, 415745, 621.51, 2865, 389893, 93.78
SHANKESH, EQ, 15-Sep-2026, 101.30, 103.49, 104.19, 92.22, 95.00, 94.35, 97.69, 5763565, 5630.55, 35085, 1747005, 30.31
SHANTI, EQ, 15-Sep-2026, 6.20, 6.47, 6.47, 6.04, 6.10, 6.10, 6.17, 27186, 1.68, 96, 24057, 88.49
SHANTIGEAR, EQ, 15-Sep-2026, 714.95, 714.95, 728.50, 679.25, 679.25, 679.25, 690.50, 102653, 708.81, 2911, 42952, 41.84
SHANTIGOLD, EQ, 15-Sep-2026, 258.17, 260.65, 262.04, 246.36, 247.50, 247.89, 251.13, 888493, 2231.27, 14726, 401827, 45.23
SHANTIINOR, ST, 15-Sep-2026, 184.95, 194.15, 194.15, 184.00, 194.15, 194.15, 192.73, 300800, 579.73, 156, 268800, 89.36
SHARDACROP, EQ, 15-Sep-2026, 765.55, 770.20, 771.00, 748.60, 754.00, 753.40, 756.17, 179500, 1357.33, 11982, 115525, 64.36
SHARDAMOTR, EQ, 15-Sep-2026, 943.75, 968.00, 974.40, 928.00, 930.10, 933.15, 953.31, 147923, 1410.16, 14241, 71360, 48.24
SHARDUL, BE, 15-Sep-2026, 55.43, 56.00, 56.00, 53.25, 54.20, 54.17, 54.35, 27354, 14.87, 82, -, -
SHAREINDIA, EQ, 15-Sep-2026, 198.93, 204.28, 207.36, 193.06, 198.00, 197.20, 199.32, 4211096, 8393.75, 38753, 682560, 16.21
SHARIABEES, EQ, 15-Sep-2026, 437.38, 437.50, 446.25, 437.50, 446.00, 442.09, 444.08, 13753, 61.08, 774, 7398, 53.79
SHBAJRG, EQ, 15-Sep-2026, 155.85, 156.99, 156.99, 153.00, 153.00, 153.96, 153.11, 1495, 2.29, 48, 1378, 92.17
SHEETAL, SM, 15-Sep-2026, 353.00, 354.00, 360.00, 354.00, 355.00, 355.00, 357.27, 5500, 19.65, 11, 3000, 54.55
SHEKHAWATI, BE, 15-Sep-2026, 19.37, 19.29, 20.33, 19.00, 20.32, 20.29, 20.26, 203612, 41.26, 283, -, -
SHEMAROO, BE, 15-Sep-2026, 120.57, 121.05, 121.25, 114.55, 115.85, 114.78, 117.16, 11458, 13.42, 121, -, -
SHERA, SM, 15-Sep-2026, 195.05, 194.05, 194.20, 180.75, 184.75, 183.10, 186.08, 68000, 126.54, 58, 51000, 75.00
SHERVANI, EQ, 15-Sep-2026, 348.85, 350.55, 374.00, 342.00, 350.00, 349.50, 364.17, 382, 1.39, 52, 298, 78.01
SHETHJI, SM, 15-Sep-2026, 189.50, 190.60, 190.60, 185.20, 185.20, 185.40, 186.77, 11000, 20.55, 6, 11000, 100.00
SHIGAN, SM, 15-Sep-2026, 66.50, 64.50, 64.50, 64.50, 64.50, 64.50, 64.50, 1500, 0.97, 1, 1500, 100.00
SHILCTECH, EQ, 15-Sep-2026, 4174.40, 4208.90, 4279.00, 4062.20, 4068.00, 4078.30, 4145.02, 15004, 621.92, 3882, 8567, 57.10
SHILGRAVQ, EQ, 15-Sep-2026, 163.94, 164.00, 168.90, 158.00, 160.95, 159.62, 163.27, 3504, 5.72, 88, 2838, 80.99
SHILPAMED, EQ, 15-Sep-2026, 961.15, 968.00, 968.75, 902.25, 911.00, 911.90, 929.89, 756740, 7036.81, 35157, 323705, 42.78
SHINDL, EQ, 15-Sep-2026, 163.02, 164.69, 164.69, 158.77, 162.69, 161.48, 161.09, 154154, 248.33, 917, 25689, 16.66
SHIPROCKET, EQ, 15-Sep-2026, 133.99, 134.39, 134.39, 125.85, 128.00, 127.82, 129.84, 2797182, 3631.89, 23643, 788635, 28.19
SHIVAAGRO, EQ, 15-Sep-2026, 39.69, 40.00, 40.00, 37.60, 37.90, 37.90, 38.26, 1547, 0.59, 42, 1543, 99.74
SHIVACEM, EQ, 15-Sep-2026, 15.95, 16.29, 16.29, 15.60, 15.71, 15.89, 15.99, 43700, 6.99, 286, 34071, 77.97
SHIVALIK, EQ, 15-Sep-2026, 362.05, 362.50, 373.15, 350.00, 355.70, 353.90, 359.09, 97952, 351.73, 5000, 49573, 50.61
SHIVAMAUTO, EQ, 15-Sep-2026, 16.69, 17.10, 18.00, 16.45, 16.73, 16.54, 16.81, 41093, 6.91, 228, 32938, 80.15
SHIVAMILLS, EQ, 15-Sep-2026, 61.47, 63.00, 63.00, 59.50, 61.15, 61.12, 60.37, 1396, 0.84, 25, 981, 70.27
SHIVASHRIT, SM, 15-Sep-2026, 120.40, 120.40, 124.40, 117.00, 120.00, 119.35, 120.88, 75000, 90.66, 71, 53000, 70.67
SHIVATEX, EQ, 15-Sep-2026, 178.05, 180.03, 184.72, 176.06, 176.06, 180.50, 181.31, 3009, 5.46, 113, 2063, 68.56
SHIVAUM, EQ, 15-Sep-2026, 465.40, 484.35, 484.90, 463.50, 476.95, 470.00, 470.95, 815, 3.84, 56, 196, 24.05
SHK, EQ, 15-Sep-2026, 141.22, 141.20, 141.88, 135.00, 135.60, 135.89, 138.48, 298458, 413.32, 5253, 176134, 59.01
SHKSIL, SM, 15-Sep-2026, 36.10, 34.00, 36.90, 34.00, 36.90, 35.95, 35.18, 10000, 3.52, 5, 6000, 60.00
SHOPERSTOP, EQ, 15-Sep-2026, 375.45, 378.20, 442.00, 372.55, 403.70, 398.50, 420.21, 2756422, 11582.83, 88607, 112589, 4.08
SHRADDHA, EQ, 15-Sep-2026, 152.67, 151.00, 154.53, 148.10, 151.89, 151.89, 150.46, 7567, 11.39, 65, 6898, 91.16
SHRADHA, EQ, 15-Sep-2026, 30.84, 30.84, 30.84, 29.80, 29.81, 29.97, 30.13, 1488, 0.45, 81, 1177, 79.10
SHREDIGCEM, EQ, 15-Sep-2026, 68.49, 69.50, 70.00, 65.46, 65.50, 65.87, 66.75, 130681, 87.24, 1455, 84381, 64.57
SHREECEM, EQ, 15-Sep-2026, 22570.00, 22620.00, 22660.00, 21905.00, 21905.00, 21905.00, 22242.74, 12171, 2707.16, 6948, 6897, 56.67
SHREEDHAR, ST, 15-Sep-2026, 135.80, 141.90, 142.55, 141.90, 142.55, 142.55, 142.44, 24000, 34.19, 12, 22000, 91.67
SHREEJISPG, EQ, 15-Sep-2026, 691.75, 691.75, 711.65, 655.85, 682.00, 684.00, 686.18, 3269593, 22435.17, 31867, 1309028, 40.04
SHREEKARNI, SM, 15-Sep-2026, 381.00, 382.00, 382.05, 362.15, 365.00, 365.05, 370.16, 4800, 17.77, 24, 3600, 75.00
SHREEOSFM, SM, 15-Sep-2026, 56.00, 54.00, 54.00, 53.00, 53.05, 53.00, 53.51, 4000, 2.14, 4, 4000, 100.00
SHREEPUSHK, EQ, 15-Sep-2026, 486.90, 487.50, 524.00, 470.00, 499.80, 501.45, 500.50, 310949, 1556.30, 14712, 68447, 22.01
SHREERAMA, EQ, 15-Sep-2026, 47.12, 46.31, 47.08, 43.61, 44.50, 44.23, 45.34, 84445, 38.29, 2498, 38209, 45.25
SHRENIK, BZ, 15-Sep-2026, 0.29, 0.29, 0.30, 0.29, 0.30, 0.29, 0.29, 244863, 0.72, 166, -, -
SHREYANIND, EQ, 15-Sep-2026, 132.80, 134.12, 134.12, 125.12, 125.37, 126.17, 128.50, 4777, 6.14, 161, 3494, 73.14
SHRIAHIMSA, SM, 15-Sep-2026, 462.15, 462.15, 485.00, 450.00, 452.00, 457.00, 460.60, 12600, 58.04, 19, 9600, 76.19
SHRIKANHA, SM, 15-Sep-2026, 22.80, 22.80, 23.90, 22.80, 23.50, 23.50, 23.40, 4800, 1.12, 3, 4800, 100.00
SHRIKRISH, EQ, 15-Sep-2026, 37.00, 36.00, 36.10, 34.01, 35.28, 34.22, 36.04, 917, 0.33, 12, 894, 97.49
SHRINGARMS, EQ, 15-Sep-2026, 217.27, 218.00, 218.01, 209.55, 211.00, 211.05, 212.44, 157933, 335.52, 1373, 75898, 48.06
SHRIPISTON, EQ, 15-Sep-2026, 4371.50, 4358.50, 4407.80, 4246.40, 4290.00, 4275.40, 4300.49, 76632, 3295.55, 17906, 44598, 58.20
SHRIRAMFIN, EQ, 15-Sep-2026, 1028.60, 1044.90, 1044.90, 979.80, 979.80, 979.80, 996.87, 5927612, 59090.42, 116757, 3658587, 61.72
SHRIRAMPPS, EQ, 15-Sep-2026, 71.83, 72.22, 72.60, 70.20, 70.60, 70.41, 70.91, 287955, 204.20, 2775, 168064, 58.36
SHRITECH, SM, 15-Sep-2026, 59.70, 61.00, 61.00, 58.55, 58.55, 58.55, 59.03, 16000, 9.44, 5, 16000, 100.00
SHRJAGP, EQ, 15-Sep-2026, 647.00, 673.95, 673.95, 617.00, 653.70, 641.45, 634.66, 451, 2.86, 26, 391, 86.70
SHUBHLAXMI, SM, 15-Sep-2026, 18.40, 18.40, 18.40, 18.40, 18.40, 18.40, 18.40, 1000, 0.18, 1, 1000, 100.00
SHUBHSHREE, SM, 15-Sep-2026, 360.00, 345.00, 361.90, 345.00, 356.00, 360.70, 357.45, 2400, 8.58, 6, 1800, 75.00
SHUKRAPHAR, EQ, 15-Sep-2026, 53.94, 54.06, 56.20, 54.06, 55.44, 55.27, 55.25, 2366428, 1307.51, 7424, 954941, 40.35
SHYAMCENT, BE, 15-Sep-2026, 4.96, 4.96, 5.09, 4.87, 4.90, 4.90, 4.93, 30597, 1.51, 103, -, -
SHYAMDHANI, ST, 15-Sep-2026, 52.95, 53.70, 53.70, 52.00, 52.10, 52.10, 52.24, 22000, 11.49, 7, 22000, 100.00
SHYAMMETL, EQ, 15-Sep-2026, 1074.80, 1082.30, 1082.70, 1045.10, 1054.30, 1050.50, 1061.20, 231835, 2460.24, 19129, 146827, 63.33
SHYAMTEL, EQ, 15-Sep-2026, 11.48, 11.86, 11.86, 10.55, 11.27, 11.20, 11.05, 1365, 0.15, 83, 835, 61.17
SICAGEN, EQ, 15-Sep-2026, 53.53, 54.00, 55.95, 53.01, 55.95, 53.98, 53.69, 13896, 7.46, 435, 10838, 77.99
SICALLOG, BE, 15-Sep-2026, 98.00, 98.90, 101.94, 94.25, 94.25, 94.42, 95.81, 12466, 11.94, 102, -, -
SIDDHICOTS, SM, 15-Sep-2026, 26.50, 26.50, 26.90, 26.20, 26.90, 26.90, 26.54, 4800, 1.27, 4, 4800, 100.00
SIDDHIKA, SM, 15-Sep-2026, 235.00, 226.00, 226.00, 226.00, 226.00, 226.00, 226.00, 500, 1.13, 1, 500, 100.00
SIEL, EQ, 15-Sep-2026, 30.00, 30.50, 31.50, 28.51, 31.50, 31.50, 30.08, 510, 0.15, 20, 507, 99.41
SIEMENS, EQ, 15-Sep-2026, 3957.00, 3957.40, 3964.00, 3770.00, 3770.00, 3770.00, 3843.00, 347469, 13353.22, 33063, 150096, 43.20
SIGACHI, EQ, 15-Sep-2026, 37.93, 37.80, 37.80, 30.35, 31.05, 31.51, 32.02, 20492367, 6561.05, 49614, 7128567, 34.79
SIGIND, BE, 15-Sep-2026, 70.79, 71.00, 71.97, 68.01, 68.50, 68.99, 69.31, 11166, 7.74, 84, -, -
SIGMA, EQ, 15-Sep-2026, 44.19, 43.35, 46.79, 43.35, 44.95, 44.90, 44.69, 139128, 62.18, 1579, 54256, 39.00
SIGMAADV, BE, 15-Sep-2026, 832.45, 840.00, 867.00, 790.85, 798.00, 794.65, 821.83, 318415, 2616.84, 8090, -, -
SIGNATURE, EQ, 15-Sep-2026, 760.85, 764.90, 777.85, 748.55, 750.00, 751.15, 760.79, 179141, 1362.88, 4763, 11932, 6.66
SIGNPOST, EQ, 15-Sep-2026, 276.25, 278.50, 278.50, 261.90, 264.00, 264.65, 267.24, 57010, 152.35, 2287, 28087, 49.27
SIKA, EQ, 15-Sep-2026, 1085.55, 1099.90, 1106.95, 1026.10, 1060.00, 1040.05, 1047.82, 46605, 488.34, 5135, 21509, 46.15
SIKKO, BE, 15-Sep-2026, 5.83, 5.97, 5.99, 5.60, 5.63, 5.64, 5.88, 506757, 29.80, 803, -, -
SIL, EQ, 15-Sep-2026, 17.76, 17.76, 18.36, 17.51, 17.87, 17.60, 17.76, 31415, 5.58, 377, 23229, 73.94
SILGO, EQ, 15-Sep-2026, 70.01, 70.53, 71.36, 68.41, 69.96, 69.08, 69.96, 259419, 181.49, 1261, 222208, 85.66
SILINV, EQ, 15-Sep-2026, 463.80, 471.55, 478.00, 440.50, 445.00, 444.95, 453.78, 1485, 6.74, 189, 980, 65.99
SILKFLEX, SM, 15-Sep-2026, 281.05, 270.10, 281.75, 268.05, 271.10, 271.10, 274.07, 19000, 52.07, 19, 11000, 57.89
SILKY, SM, 15-Sep-2026, 68.75, 71.00, 71.00, 69.95, 69.95, 69.95, 70.48, 1600, 1.13, 2, 1600, 100.00
SILVER, EQ, 15-Sep-2026, 226.48, 226.42, 226.42, 223.34, 224.50, 224.06, 224.78, 926183, 2081.86, 11188, 458004, 49.45
SILVER001, EQ, 15-Sep-2026, 22.94, 23.05, 23.17, 22.61, 23.00, 23.00, 22.86, 6706, 1.53, 83, 3906, 58.25
SILVER1, EQ, 15-Sep-2026, 22.01, 22.00, 22.02, 21.69, 21.92, 21.78, 21.89, 10647931, 2330.36, 7532, 6416020, 60.26
SILVER360, EQ, 15-Sep-2026, 223.61, 223.98, 223.98, 221.06, 222.00, 222.74, 222.76, 15321, 34.13, 487, 6104, 39.84
SILVERADD, EQ, 15-Sep-2026, 21.82, 21.80, 21.85, 21.55, 21.64, 21.61, 21.70, 5796850, 1257.78, 5670, 3010594, 51.93
SILVERAG, EQ, 15-Sep-2026, 220.59, 220.50, 220.50, 217.67, 218.99, 218.62, 218.93, 216997, 475.08, 2751, 125195, 57.69
SILVERAXIS, EQ, 15-Sep-2026, 225.76, 226.45, 226.45, 222.42, 223.40, 223.10, 224.42, 657007, 1474.48, 3543, 547650, 83.36
SILVERBEES, EQ, 15-Sep-2026, 216.72, 216.45, 216.54, 213.83, 214.98, 214.67, 215.30, 16405242, 35320.45, 84570, 8023599, 48.91
SILVERBETA, EQ, 15-Sep-2026, 218.53, 218.97, 218.97, 215.88, 217.00, 216.69, 217.55, 529462, 1151.84, 5367, 204125, 38.55
SILVERBND, EQ, 15-Sep-2026, 227.20, 227.00, 227.19, 224.14, 225.85, 224.95, 225.31, 13863, 31.23, 168, 12676, 91.44
SILVERCASE, EQ, 15-Sep-2026, 22.98, 22.95, 22.96, 22.68, 22.80, 22.74, 22.82, 5588161, 1275.43, 10255, 2606463, 46.64
SILVERIETF, EQ, 15-Sep-2026, 226.39, 226.50, 226.50, 223.33, 224.50, 223.94, 224.71, 3710345, 8337.46, 22741, 1888429, 50.90
SILVERTUC, EQ, 15-Sep-2026, 152.49, 155.98, 157.90, 146.12, 148.55, 149.66, 153.77, 420284, 646.26, 6926, 130347, 31.01
SIMBHALS, BZ, 15-Sep-2026, 7.07, 7.07, 7.07, 6.93, 6.93, 6.93, 6.94, 3399, 0.24, 17, -, -
SIMCA, ST, 15-Sep-2026, 261.80, 263.00, 265.00, 256.00, 260.00, 261.10, 261.08, 76200, 198.94, 27, 76200, 100.00
SIMPLEXINF, EQ, 15-Sep-2026, 255.10, 255.35, 256.00, 238.90, 242.65, 242.85, 244.52, 110563, 270.35, 2327, 70626, 63.88
SIMPLXREA, EQ, 15-Sep-2026, 137.00, 143.00, 143.00, 130.15, 130.15, 132.27, 142.49, 169, 0.24, 10, 169, 100.00
SINCLAIR, EQ, 15-Sep-2026, 80.28, 80.00, 81.00, 78.10, 78.10, 78.41, 79.45, 46998, 37.34, 650, 31935, 67.95
SINDHUTRAD, EQ, 15-Sep-2026, 23.99, 24.02, 24.02, 23.23, 23.95, 23.53, 23.64, 385853, 91.20, 887, 108178, 28.04
SINGERIND, EQ, 15-Sep-2026, 76.16, 75.70, 78.19, 74.01, 75.00, 74.98, 75.40, 66642, 50.25, 857, 45378, 68.09
SINTERCOM, EQ, 15-Sep-2026, 76.65, 80.00, 80.00, 75.00, 75.00, 75.05, 75.97, 1098, 0.83, 91, 696, 63.39
SIRCA, EQ, 15-Sep-2026, 427.35, 429.90, 434.00, 414.00, 415.15, 418.15, 419.55, 200970, 843.16, 3519, 93847, 46.70
SIS, EQ, 15-Sep-2026, 419.30, 418.45, 425.65, 412.25, 422.95, 414.90, 420.17, 450780, 1894.03, 10036, 193163, 42.85
SITINET, BZ, 15-Sep-2026, 0.27, 0.27, 0.28, 0.27, 0.28, 0.27, 0.28, 433513, 1.20, 273, -, -
SIYSIL, EQ, 15-Sep-2026, 535.15, 535.65, 539.60, 516.40, 518.20, 520.95, 526.23, 26520, 139.56, 2577, 14649, 55.24
SJLOGISTIC, SM, 15-Sep-2026, 317.35, 315.00, 317.35, 311.05, 314.00, 312.90, 313.19, 27750, 86.91, 98, 22000, 79.28
SJS, EQ, 15-Sep-2026, 2354.00, 2357.10, 2369.70, 2290.20, 2310.00, 2311.70, 2324.10, 151469, 3520.29, 22678, 89948, 59.38
SJVN, EQ, 15-Sep-2026, 66.18, 66.17, 66.77, 64.38, 64.75, 64.58, 65.09, 1708205, 1111.93, 17689, 802246, 46.96
SKFINDIA, EQ, 15-Sep-2026, 1527.80, 1518.60, 1528.50, 1502.10, 1512.60, 1508.50, 1512.98, 23487, 355.35, 3201, 13500, 57.48
SKFINDUS, EQ, 15-Sep-2026, 2887.70, 2886.00, 2910.00, 2812.10, 2820.00, 2833.80, 2855.49, 56181, 1604.24, 21404, 23079, 41.08
SKIL, BZ, 15-Sep-2026, 0.87, 0.89, 0.91, 0.87, 0.87, 0.90, 0.90, 109842, 0.99, 64, -, -
SKIPPER, EQ, 15-Sep-2026, 551.55, 557.50, 557.80, 531.00, 532.10, 534.15, 540.36, 1092523, 5903.53, 30626, 484890, 44.38
SKMEGGPROD, EQ, 15-Sep-2026, 241.30, 241.35, 242.95, 231.00, 233.95, 231.90, 235.23, 116381, 273.76, 3838, 72011, 61.88
SKP, SM, 15-Sep-2026, 171.00, 175.00, 175.00, 160.50, 162.55, 165.55, 166.85, 36500, 60.90, 58, 11500, 31.51
SKYGOLD, EQ, 15-Sep-2026, 827.40, 835.00, 851.95, 785.00, 789.90, 789.40, 808.66, 773753, 6257.01, 29225, 352975, 45.62
SKYTECH, SM, 15-Sep-2026, 27.90, 26.55, 26.55, 26.55, 26.55, 26.55, 26.55, 35200, 9.35, 19, 35200, 100.00
SKYWAYS, EQ, 15-Sep-2026, 116.01, 117.00, 117.50, 110.31, 112.29, 111.29, 113.96, 1875473, 2137.38, 16241, 579763, 30.91
SLONE, ST, 15-Sep-2026, 177.20, 178.50, 183.50, 169.10, 183.50, 177.75, 174.88, 4800, 8.39, 12, 3600, 75.00
SMALL250, EQ, 15-Sep-2026, 18.40, 18.86, 18.86, 17.93, 17.99, 17.98, 18.14, 505834, 91.74, 1780, 304272, 60.15
SMALLADD, EQ, 15-Sep-2026, 18.48, 18.48, 18.50, 18.02, 18.11, 18.11, 18.23, 90981, 16.58, 194, 59656, 65.57
SMALLCAP, EQ, 15-Sep-2026, 49.14, 49.49, 49.49, 46.87, 47.82, 47.76, 48.10, 7245494, 3484.83, 9861, 3469741, 47.89
SMALLGROWW, EQ, 15-Sep-2026, 49.55, 49.95, 50.08, 47.67, 47.80, 47.85, 48.65, 12495, 6.08, 266, 11431, 91.48
SMALLIETF, EQ, 15-Sep-2026, 18.40, 18.40, 18.40, 17.90, 18.03, 17.98, 18.16, 63411, 11.51, 252, 40791, 64.33
SMARTEN, ST, 15-Sep-2026, 53.60, 53.60, 53.60, 52.00, 52.00, 52.00, 52.92, 6000, 3.18, 5, 6000, 100.00
SMARTLINK, BE, 15-Sep-2026, 230.30, 233.30, 241.81, 230.30, 239.69, 233.41, 239.54, 25790, 61.78, 306, -, -
SMARTWORKS, EQ, 15-Sep-2026, 530.75, 539.00, 540.35, 517.50, 520.00, 518.70, 526.88, 39490, 208.07, 2420, 25384, 64.28
SMCGLOBAL, EQ, 15-Sep-2026, 86.00, 86.47, 87.29, 81.16, 82.00, 81.94, 83.66, 1251208, 1046.76, 13013, 576606, 46.08
SML100CASE, EQ, 15-Sep-2026, 11.29, 11.57, 11.70, 11.00, 11.07, 11.05, 11.12, 2166984, 240.92, 3223, 1237277, 57.10
SMLMAH, EQ, 15-Sep-2026, 6583.00, 6640.00, 6654.00, 6254.00, 6254.00, 6254.00, 6359.38, 45556, 2897.08, 7167, 23907, 52.48
SMLT, EQ, 15-Sep-2026, 62.29, 63.80, 65.90, 61.54, 61.55, 62.18, 62.73, 2686, 1.68, 173, 1626, 60.54
SMSPHARMA, EQ, 15-Sep-2026, 463.45, 477.95, 482.00, 397.50, 407.00, 410.15, 421.17, 4315277, 18174.68, 105763, 1286644, 29.82
SMVD, SM, 15-Sep-2026, 17.00, 16.15, 16.15, 16.15, 16.15, 16.15, 16.15, 4040, 0.65, 1, 4040, 100.00
SNEHAA, SM, 15-Sep-2026, 44.25, 45.00, 45.00, 44.25, 44.25, 44.25, 44.62, 3000, 1.34, 3, 3000, 100.00
SNOWMAN, EQ, 15-Sep-2026, 35.91, 35.95, 36.11, 34.55, 34.56, 35.03, 35.23, 188142, 66.28, 1840, 115674, 61.48
SNXT30BEES, EQ, 15-Sep-2026, 42.20, 42.41, 42.41, 41.27, 41.59, 41.38, 41.85, 59482, 24.89, 142, 53012, 89.12
SNXT50BETA, EQ, 15-Sep-2026, 94.41, 94.41, 95.48, 92.10, 92.28, 93.00, 93.26, 1657, 1.55, 178, 1313, 79.24
SOBHA, EQ, 15-Sep-2026, 1216.80, 1226.60, 1240.90, 1181.20, 1187.50, 1192.70, 1202.96, 110757, 1332.36, 13572, 43348, 39.14
SOCL, SM, 15-Sep-2026, 29.00, 29.00, 29.00, 28.50, 29.00, 28.75, 28.81, 12800, 3.69, 8, 9600, 75.00
SOFTTECH, EQ, 15-Sep-2026, 452.35, 456.10, 474.95, 452.35, 474.90, 474.95, 473.13, 13382, 63.31, 209, 13144, 98.22
SOLARA, EQ, 15-Sep-2026, 749.15, 761.45, 774.00, 711.10, 715.35, 715.80, 740.28, 696761, 5157.96, 31814, 272906, 39.17
SOLARINDS, EQ, 15-Sep-2026, 22290.00, 22320.00, 22700.00, 19065.00, 19250.00, 19250.00, 20164.55, 1304570, 263060.73, 195264, 425477, 32.61
SOLARWORLD, EQ, 15-Sep-2026, 141.48, 142.00, 143.45, 130.15, 132.49, 131.42, 135.04, 463874, 626.44, 9736, 225443, 48.60
SOLEX, EQ, 15-Sep-2026, 698.60, 698.75, 700.45, 661.00, 685.00, 668.90, 676.36, 61445, 415.59, 5114, 33541, 54.59
SOMANYCERA, EQ, 15-Sep-2026, 565.20, 568.00, 568.00, 544.00, 552.50, 550.80, 557.54, 76905, 428.78, 6972, 46995, 61.11
SOMATEX, EQ, 15-Sep-2026, 84.52, 84.05, 84.52, 81.00, 82.40, 81.62, 81.59, 4172, 3.40, 147, 2201, 52.76
SOMICONVEY, EQ, 15-Sep-2026, 92.93, 92.90, 94.45, 90.61, 90.61, 91.01, 92.35, 11112, 10.26, 385, 7998, 71.98
SONACOMS, EQ, 15-Sep-2026, 788.00, 788.00, 793.90, 777.45, 790.00, 790.00, 787.70, 1635076, 12879.56, 26487, 979783, 59.92
SONAL, EQ, 15-Sep-2026, 86.25, 90.50, 90.50, 90.50, 90.50, 90.50, 90.50, 98, 0.09, 1, 98, 100.00
SONAMAC, SM, 15-Sep-2026, 35.25, 33.50, 34.00, 33.50, 33.50, 33.50, 33.60, 5000, 1.68, 5, 4000, 80.00
SONAMLTD, BE, 15-Sep-2026, 72.90, 74.00, 75.00, 72.15, 73.80, 72.55, 73.56, 37695, 27.73, 257, -, -
SONATSOFTW, EQ, 15-Sep-2026, 265.85, 274.75, 291.95, 272.45, 280.75, 281.30, 282.41, 6788610, 19171.98, 86249, 1063568, 15.67
SONUINFRA, ST, 15-Sep-2026, 50.35, 48.00, 51.00, 47.85, 48.30, 48.30, 49.89, 153000, 76.34, 40, 151500, 99.02
SOTL, EQ, 15-Sep-2026, 716.25, 715.80, 723.00, 684.00, 689.00, 688.30, 695.79, 243431, 1693.78, 15669, 102302, 42.03
SOUTHBANK, EQ, 15-Sep-2026, 46.18, 46.38, 47.89, 44.88, 45.05, 45.00, 46.00, 12742655, 5861.58, 43834, 5468339, 42.91
SOUTHWEST, EQ, 15-Sep-2026, 213.35, 213.35, 213.35, 200.05, 200.55, 201.59, 204.62, 304793, 623.68, 7198, 172769, 56.68
SPAL, EQ, 15-Sep-2026, 1023.00, 1023.00, 1027.90, 965.30, 984.80, 973.80, 992.47, 53942, 535.36, 5178, 26947, 49.96
SPANDANA, EQ, 15-Sep-2026, 235.37, 235.37, 235.51, 226.15, 227.00, 226.96, 230.56, 188234, 433.99, 5360, 101328, 53.83
SPARC, EQ, 15-Sep-2026, 196.01, 197.26, 198.09, 186.99, 188.00, 188.00, 191.22, 627126, 1199.18, 13552, 328528, 52.39
SPCENET, EQ, 15-Sep-2026, 3.39, 3.38, 3.43, 3.20, 3.23, 3.27, 3.28, 1132328, 37.12, 830, 713308, 62.99
SPCL, SM, 15-Sep-2026, 64.70, 67.45, 67.50, 64.05, 65.80, 65.70, 65.31, 24000, 15.67, 40, 18600, 77.50
SPCON, SM, 15-Sep-2026, 155.00, 150.00, 171.75, 150.00, 165.00, 165.00, 159.30, 10800, 17.20, 9, 9600, 88.89
SPEB, SM, 15-Sep-2026, 93.05, 91.20, 91.20, 91.20, 91.20, 91.20, 91.20, 2000, 1.82, 1, 2000, 100.00
SPECIALITY, BE, 15-Sep-2026, 141.70, 138.20, 140.99, 136.90, 138.99, 137.63, 137.92, 9049, 12.48, 125, -, -
SPECTRUM, BE, 15-Sep-2026, 3022.50, 3058.00, 3173.60, 2951.10, 3173.60, 3173.60, 3116.41, 29046, 905.19, 1248, -, -
SPELS, BE, 15-Sep-2026, 145.65, 138.37, 138.37, 138.37, 138.37, 138.37, 138.37, 17259, 23.88, 697, -, -
SPENCERS, EQ, 15-Sep-2026, 28.30, 28.50, 28.99, 27.50, 27.64, 27.94, 28.26, 30766, 8.70, 505, 25109, 81.61
SPIC, EQ, 15-Sep-2026, 69.00, 69.00, 69.17, 67.00, 67.11, 67.38, 68.22, 418875, 285.76, 3073, 271300, 64.77
SPLIL, EQ, 15-Sep-2026, 30.05, 30.79, 30.79, 28.55, 28.63, 28.84, 29.75, 13439, 4.00, 194, 11172, 83.13
SPLPETRO, EQ, 15-Sep-2026, 818.35, 828.00, 828.00, 781.35, 791.80, 789.35, 800.03, 170064, 1360.56, 11215, 98393, 57.86
SPMLINFRA, EQ, 15-Sep-2026, 171.63, 171.05, 171.89, 167.00, 169.85, 168.47, 168.21, 163272, 274.64, 2481, 103646, 63.48
SPORTKING, EQ, 15-Sep-2026, 214.77, 215.00, 215.00, 199.00, 202.00, 201.01, 204.97, 471319, 966.06, 10958, 272028, 57.72
SPPPOLY, SM, 15-Sep-2026, 11.75, 12.30, 12.30, 11.40, 12.20, 12.20, 12.13, 12000, 1.46, 3, 10000, 83.33
SPUNWEB, SM, 15-Sep-2026, 101.00, 100.35, 102.80, 100.00, 102.80, 102.80, 100.35, 19200, 19.27, 7, 16800, 87.50
SRD, EQ, 15-Sep-2026, 38.27, 38.99, 40.00, 38.50, 39.55, 39.30, 39.63, 53352, 21.15, 332, 44271, 82.98
SREEL, BE, 15-Sep-2026, 333.27, 323.00, 323.00, 316.61, 316.61, 316.61, 316.92, 15954, 50.56, 189, -, -
SRF, EQ, 15-Sep-2026, 2482.40, 2482.40, 2490.70, 2450.00, 2455.20, 2455.20, 2469.14, 149986, 3703.37, 18002, 83630, 55.76
SRGHFL, EQ, 15-Sep-2026, 156.00, 140.40, 140.40, 140.40, 140.40, 140.40, 140.40, 66874, 93.89, 150, 62822, 93.94
SRHHYPOLTD, EQ, 15-Sep-2026, 523.80, 523.50, 535.00, 488.00, 506.00, 497.40, 512.62, 59413, 304.56, 2270, 37553, 63.21
SRIKPRIND, BE, 15-Sep-2026, 30.75, 29.50, 29.50, 29.22, 29.22, 29.22, 29.38, 3687, 1.08, 45, -, -
SRIVASAVI, ST, 15-Sep-2026, 72.05, 70.15, 72.00, 70.00, 71.00, 71.00, 70.49, 12000, 8.46, 11, 11000, 91.67
SRM, EQ, 15-Sep-2026, 439.35, 444.60, 444.60, 417.00, 419.20, 419.90, 427.19, 63636, 271.85, 3419, 37671, 59.20
SRTL, EQ, 15-Sep-2026, 37.32, 37.67, 38.25, 37.32, 37.51, 37.55, 37.70, 23754, 8.96, 305, 20230, 85.16
SSDL, EQ, 15-Sep-2026, 62.59, 62.60, 64.50, 59.73, 60.11, 60.22, 61.85, 41431, 25.62, 1183, 28278, 68.25
SSEGL, SM, 15-Sep-2026, 428.35, 429.05, 433.00, 410.00, 418.00, 417.10, 416.23, 69000, 287.20, 167, 54200, 78.55
SSFL, ST, 15-Sep-2026, 313.65, 325.00, 329.30, 311.00, 326.50, 324.85, 324.68, 21000, 68.18, 40, 21000, 100.00
SSWL, EQ, 15-Sep-2026, 370.65, 370.00, 370.00, 336.00, 340.75, 339.00, 346.84, 1724329, 5980.64, 43626, 828764, 48.06
STALLION, BE, 15-Sep-2026, 225.09, 218.50, 223.95, 213.84, 213.84, 213.84, 216.18, 255501, 552.33, 3046, -, -
STANLEY, EQ, 15-Sep-2026, 135.60, 136.71, 138.00, 134.85, 135.08, 135.02, 135.51, 114098, 154.61, 1320, 81212, 71.18
STAR, EQ, 15-Sep-2026, 1183.40, 1183.00, 1203.00, 1127.00, 1148.00, 1150.60, 1175.87, 421480, 4956.04, 38107, 218321, 51.80
STARCEMENT, EQ, 15-Sep-2026, 195.14, 195.14, 195.91, 184.00, 184.90, 184.93, 190.01, 272570, 517.91, 6182, 171375, 62.87
STARHEALTH, EQ, 15-Sep-2026, 562.70, 562.70, 565.00, 537.00, 540.00, 540.80, 544.45, 873422, 4755.31, 49819, 564105, 64.59
STARPAPER, EQ, 15-Sep-2026, 168.44, 172.00, 172.00, 159.01, 160.00, 160.27, 164.78, 14400, 23.73, 525, 10675, 74.13
STARTECK, EQ, 15-Sep-2026, 240.65, 240.95, 240.95, 230.00, 240.50, 238.90, 238.03, 127, 0.30, 40, 98, 77.17
STCINDIA, EQ, 15-Sep-2026, 112.60, 112.61, 114.43, 111.00, 111.00, 111.26, 112.50, 11964, 13.46, 272, 9804, 81.95
STEELCAS, EQ, 15-Sep-2026, 325.25, 325.35, 330.00, 311.00, 315.00, 312.75, 318.42, 49977, 159.13, 2744, 28332, 56.69
STEELCITY, EQ, 15-Sep-2026, 90.30, 89.55, 90.88, 85.36, 85.55, 86.12, 88.01, 17883, 15.74, 357, 11251, 62.91
STEELXIND, EQ, 15-Sep-2026, 12.14, 12.19, 12.25, 11.30, 11.45, 11.44, 11.75, 5762202, 677.04, 6115, 1991087, 34.55
STEL, EQ, 15-Sep-2026, 611.10, 611.10, 611.10, 581.50, 597.05, 597.90, 595.58, 3096, 18.44, 317, 1729, 55.85
STERTOOLS, BE, 15-Sep-2026, 214.66, 215.99, 222.00, 210.52, 214.10, 212.64, 214.75, 10880, 23.36, 379, -, -
STLNETWORK, EQ, 15-Sep-2026, 36.60, 38.43, 38.43, 35.37, 37.04, 37.20, 37.62, 14945148, 5623.04, 61157, 7246955, 48.49
STLSTRINF, EQ, 15-Sep-2026, 21.20, 25.44, 25.44, 24.20, 25.44, 25.44, 25.35, 40095, 10.16, 165, 30266, 75.49
STLTECH, BE, 15-Sep-2026, 897.40, 877.10, 912.00, 852.55, 852.55, 852.55, 864.48, 3615694, 31256.97, 75748, -, -
STOVEKRAFT, EQ, 15-Sep-2026, 814.90, 819.50, 828.95, 800.75, 803.00, 804.70, 813.48, 105247, 856.16, 8180, 58635, 55.71
STRIDERS, SM, 15-Sep-2026, 60.95, 57.05, 57.05, 57.00, 57.00, 57.00, 57.02, 4800, 2.74, 3, 3200, 66.67
STUDDS, EQ, 15-Sep-2026, 418.65, 420.00, 422.05, 410.00, 410.10, 410.70, 413.15, 20247, 83.65, 1091, 11210, 55.37
STUDIOLSD, SM, 15-Sep-2026, 9.60, 9.60, 9.90, 9.60, 9.65, 9.65, 9.77, 20000, 1.95, 10, 16000, 80.00
STYL, EQ, 15-Sep-2026, 387.40, 387.40, 391.95, 357.25, 362.95, 360.20, 368.35, 155799, 573.89, 4383, 108771, 69.81
STYLAMIND, EQ, 15-Sep-2026, 3329.90, 3341.00, 3359.70, 3252.10, 3278.00, 3281.20, 3320.48, 31650, 1050.93, 5436, 17041, 53.84
STYLEBAAZA, EQ, 15-Sep-2026, 388.10, 388.05, 395.45, 374.40, 379.80, 376.05, 380.88, 431277, 1642.65, 7776, 282904, 65.60
STYRENIX, EQ, 15-Sep-2026, 2113.10, 2114.40, 2130.10, 2018.30, 2030.00, 2034.20, 2055.33, 22209, 456.47, 3339, 13808, 62.17
SUBAHOTELS, SM, 15-Sep-2026, 101.20, 104.90, 104.90, 92.40, 94.50, 94.55, 95.99, 68400, 65.66, 55, 46800, 68.42
SUBEXLTD, EQ, 15-Sep-2026, 20.80, 21.30, 21.85, 20.05, 20.53, 20.44, 21.21, 25531437, 5415.85, 53560, 6911059, 27.07
SUBROS, EQ, 15-Sep-2026, 703.75, 702.75, 705.00, 679.40, 683.00, 682.55, 692.04, 29668, 205.31, 2536, 16529, 55.71
SUDARCOLOR, EQ, 15-Sep-2026, 378.40, 376.00, 388.70, 374.00, 376.00, 375.10, 378.21, 5728, 21.66, 302, 3654, 63.79
SUDARSCHEM, EQ, 15-Sep-2026, 1248.20, 1259.00, 1259.00, 1175.40, 1182.50, 1183.20, 1204.33, 176492, 2125.55, 15253, 93591, 53.03
SUDEEPPHRM, EQ, 15-Sep-2026, 1202.80, 1238.00, 1238.00, 1142.70, 1142.70, 1142.70, 1160.17, 124977, 1449.95, 6823, 67383, 53.92
SUKHJITS, EQ, 15-Sep-2026, 159.78, 162.00, 165.67, 160.95, 162.80, 161.72, 162.87, 29472, 48.00, 570, 18934, 64.24
SULA, EQ, 15-Sep-2026, 136.38, 138.00, 138.89, 134.00, 134.20, 134.14, 134.97, 354017, 477.81, 6010, 195240, 55.15
SUMAX, ST, 15-Sep-2026, 126.45, 132.75, 132.75, 120.15, 126.00, 125.85, 127.54, 534000, 681.07, 291, 417600, 78.20
SUMEDHA, EQ, 15-Sep-2026, 41.40, 43.49, 45.50, 41.55, 42.95, 43.09, 43.23, 12042, 5.21, 305, 10578, 87.84
SUMEETINDS, EQ, 15-Sep-2026, 10.77, 10.80, 10.82, 10.24, 10.24, 10.24, 10.40, 1550724, 161.22, 1846, 1035087, 66.75
SUMICHEM, EQ, 15-Sep-2026, 476.40, 478.20, 479.55, 450.25, 455.00, 451.95, 461.03, 263903, 1216.68, 14783, 126184, 47.81
SUMIT, EQ, 15-Sep-2026, 49.40, 50.00, 52.00, 49.81, 50.98, 50.61, 50.69, 25085, 12.71, 123, 20363, 81.18
SUMMITSEC, EQ, 15-Sep-2026, 1409.20, 1423.30, 1426.50, 1390.00, 1391.00, 1393.60, 1402.68, 4644, 65.14, 459, 3346, 72.05
SUNCLAY, EQ, 15-Sep-2026, 1298.30, 1318.90, 1318.90, 1239.00, 1239.00, 1250.20, 1262.03, 6584, 83.09, 1285, 4484, 68.10
SUNDARAM, EQ, 15-Sep-2026, 1.19, 1.20, 1.21, 1.17, 1.21, 1.18, 1.20, 192563, 2.30, 294, 136519, 70.90
SUNDARMFIN, EQ, 15-Sep-2026, 4710.70, 4718.90, 4864.80, 4668.50, 4686.00, 4695.00, 4789.90, 64086, 3069.66, 16789, 34190, 53.35
SUNDRMBRAK, BE, 15-Sep-2026, 713.65, 720.75, 720.75, 681.00, 681.00, 690.10, 700.65, 1776, 12.44, 59, -, -
SUNDRMFAST, EQ, 15-Sep-2026, 1270.00, 1277.30, 1280.20, 1232.50, 1235.00, 1237.30, 1255.59, 130043, 1632.81, 16385, 68550, 52.71
SUNDROP, EQ, 15-Sep-2026, 662.00, 662.05, 666.05, 653.00, 653.00, 653.40, 656.70, 5387, 35.38, 477, 3473, 64.47
SUNFLAG, EQ, 15-Sep-2026, 337.20, 337.20, 339.50, 328.50, 336.90, 331.55, 334.33, 103768, 346.93, 3783, 52563, 50.65
SUNLITE, SM, 15-Sep-2026, 683.65, 704.00, 704.00, 633.35, 637.00, 635.95, 654.44, 26400, 172.77, 81, 17100, 64.77
SUNLOC, EQ, 15-Sep-2026, 75.50, 75.00, 77.99, 74.74, 77.99, 76.49, 74.80, 506, 0.38, 10, 504, 99.60
SUNPHARMA, EQ, 15-Sep-2026, 1840.00, 1854.60, 1856.80, 1828.00, 1835.00, 1835.00, 1841.06, 1437151, 26458.82, 101840, 1009585, 70.25
SUNRAKSHAK, EQ, 15-Sep-2026, 377.05, 375.00, 378.90, 350.10, 365.00, 362.45, 370.46, 8173, 30.28, 351, 6313, 77.24
SUNREST, SM, 15-Sep-2026, 38.05, 38.80, 38.80, 36.50, 37.10, 37.10, 37.22, 14400, 5.36, 8, 14400, 100.00
SUNSHIEL, EQ, 15-Sep-2026, 1200.20, 1219.00, 1275.40, 1201.00, 1233.90, 1209.30, 1244.06, 4496, 55.93, 666, 3157, 70.22
SUNSHINE, EQ, 15-Sep-2026, 407.80, 385.00, 394.60, 326.25, 335.50, 333.95, 369.74, 7326036, 27087.54, 117545, 2476045, 33.80
SUNTECH, SM, 15-Sep-2026, 39.95, 38.60, 38.60, 38.10, 38.10, 38.40, 38.43, 11200, 4.30, 7, 9600, 85.71
SUNTECK, EQ, 15-Sep-2026, 288.00, 289.00, 289.95, 275.00, 278.90, 276.20, 280.67, 243697, 683.99, 5701, 119466, 49.02
SUNTV, EQ, 15-Sep-2026, 476.00, 476.00, 476.00, 461.15, 464.00, 464.25, 469.67, 323101, 1517.51, 16955, 174931, 54.14
SUPERHOUSE, EQ, 15-Sep-2026, 169.66, 171.49, 177.90, 169.00, 171.00, 169.83, 172.03, 4382, 7.54, 270, 3354, 76.54
SUPERSPIN, BE, 15-Sep-2026, 7.41, 7.50, 7.50, 7.15, 7.16, 7.16, 7.22, 23947, 1.73, 47, -, -
SUPRAJIT, EQ, 15-Sep-2026, 488.90, 490.45, 495.00, 475.20, 480.00, 480.05, 485.18, 113378, 550.09, 9946, 45832, 40.42
SUPREME, EQ, 15-Sep-2026, 34.74, 37.90, 37.90, 32.51, 32.51, 32.98, 33.56, 111772, 37.51, 1346, 38191, 34.17
SUPREMEENG, BZ, 15-Sep-2026, 3.33, 3.39, 3.39, 3.38, 3.39, 3.39, 3.39, 1404389, 47.57, 346, -, -
SUPREMEIND, EQ, 15-Sep-2026, 3364.40, 3369.00, 3413.90, 3300.00, 3300.00, 3300.00, 3348.90, 157956, 5289.79, 18590, 77928, 49.34
SUPREMEINF, EQ, 15-Sep-2026, 85.04, 85.04, 86.00, 81.25, 81.83, 81.40, 82.67, 33793, 27.94, 714, 26500, 78.42
SUPREMEPWR, SM, 15-Sep-2026, 216.75, 216.65, 216.65, 206.00, 210.00, 209.40, 211.21, 71500, 151.02, 113, 45500, 63.64
SUPRIYA, EQ, 15-Sep-2026, 901.75, 904.50, 912.75, 866.25, 874.00, 874.95, 887.60, 166220, 1475.37, 13026, 75945, 45.69
SUPTANERY, BE, 15-Sep-2026, 10.28, 9.72, 9.72, 9.72, 9.72, 9.72, 9.72, 24845, 2.41, 239, -, -
SURAJEST, EQ, 15-Sep-2026, 174.59, 175.42, 179.59, 168.85, 174.00, 169.85, 173.38, 123897, 214.81, 2512, 69444, 56.05
SURAJLTD, EQ, 15-Sep-2026, 199.99, 196.17, 199.79, 194.97, 195.35, 195.75, 196.12, 1313, 2.58, 33, 1127, 85.83
SURAKSHA, EQ, 15-Sep-2026, 323.75, 323.75, 328.85, 317.70, 326.50, 323.05, 324.88, 70378, 228.64, 4928, 32648, 46.39
SURANASOL, EQ, 15-Sep-2026, 25.51, 25.70, 26.00, 24.80, 24.80, 25.02, 25.20, 24580, 6.19, 471, 19537, 79.48
SURANAT&P, EQ, 15-Sep-2026, 16.10, 16.28, 16.40, 15.80, 15.99, 15.81, 15.98, 39617, 6.33, 418, 32571, 82.21
SURANI, SM, 15-Sep-2026, 91.00, 76.00, 90.00, 76.00, 88.30, 87.50, 83.54, 5200, 4.34, 20, 2600, 50.00
SURYALA, EQ, 15-Sep-2026, 395.25, 399.20, 416.00, 395.25, 401.00, 401.00, 399.58, 41, 0.16, 9, 41, 100.00
SURYALAXMI, EQ, 15-Sep-2026, 56.28, 59.00, 59.00, 53.45, 55.08, 55.46, 55.06, 4782, 2.63, 238, 4058, 84.86
SURYAROSNI, EQ, 15-Sep-2026, 214.27, 214.40, 216.76, 208.15, 209.50, 209.80, 212.43, 375749, 798.22, 11788, 241451, 64.26
SURYODAY, EQ, 15-Sep-2026, 148.05, 148.05, 150.36, 143.43, 144.46, 144.81, 146.52, 322480, 472.49, 4175, 208551, 64.67
SUTLEJTEX, BE, 15-Sep-2026, 39.27, 39.31, 39.50, 38.00, 38.20, 38.28, 38.53, 68463, 26.38, 148, -, -
SUVEN, EQ, 15-Sep-2026, 355.55, 356.35, 363.95, 327.10, 334.90, 333.45, 340.19, 870622, 2961.74, 20872, 458814, 52.70
SUVIDHAA, EQ, 15-Sep-2026, 2.25, 2.27, 2.36, 2.20, 2.28, 2.28, 2.27, 87341, 1.98, 291, 75745, 86.72
SUYOG, EQ, 15-Sep-2026, 650.50, 652.95, 664.75, 639.00, 659.00, 643.60, 649.60, 25996, 168.87, 1569, 14543, 55.94
SUZLON, EQ, 15-Sep-2026, 44.12, 44.53, 44.97, 42.58, 42.90, 42.90, 43.53, 40276349, 17533.42, 100810, 17777630, 44.14
SVGLOBAL, EQ, 15-Sep-2026, 133.35, 135.00, 143.60, 127.20, 130.20, 131.84, 136.04, 2536, 3.45, 64, 1998, 78.79
SVLL, EQ, 15-Sep-2026, 785.05, 816.00, 829.40, 790.00, 791.00, 790.40, 800.96, 1173, 9.40, 68, 978, 83.38
SVPGLOB, EQ, 15-Sep-2026, 3.45, 3.60, 3.61, 3.35, 3.35, 3.39, 3.41, 37542, 1.28, 79, 30915, 82.35
SWANCORP, EQ, 15-Sep-2026, 296.45, 296.00, 307.30, 288.00, 290.00, 292.60, 297.62, 2810162, 8363.66, 42904, 576808, 20.53
SWANDEF, BE, 15-Sep-2026, 2727.90, 2733.00, 2733.00, 2599.00, 2650.00, 2650.50, 2652.96, 21102, 559.83, 1377, -, -
SWARAJ, BE, 15-Sep-2026, 335.15, 318.40, 318.40, 318.40, 318.40, 318.40, 318.40, 3185, 10.14, 41, -, -
SWARAJENG, EQ, 15-Sep-2026, 3576.00, 3579.00, 3599.00, 3549.00, 3598.80, 3569.20, 3568.20, 7502, 267.69, 1893, 4451, 59.33
SWARNSAR, EQ, 15-Sep-2026, 39.66, 39.05, 40.87, 38.30, 38.60, 38.74, 39.29, 17383, 6.83, 214, 12687, 72.99
SWASTIK, ST, 15-Sep-2026, 17.50, 16.65, 16.65, 16.65, 16.65, 16.65, 16.65, 1200, 0.20, 1, 1200, 100.00
SWELECTES, EQ, 15-Sep-2026, 567.40, 569.90, 572.00, 547.00, 547.00, 551.40, 556.63, 14842, 82.61, 1062, 7491, 50.47
SWIGGY, EQ, 15-Sep-2026, 278.20, 278.20, 282.00, 275.00, 275.00, 275.00, 278.03, 13233851, 36794.13, 78581, 6564467, 49.60
SWISSMLTRY, BE, 15-Sep-2026, 14.91, 14.99, 15.34, 14.52, 14.89, 14.73, 14.79, 51438, 7.61, 238, -, -
SWSOLAR, EQ, 15-Sep-2026, 180.22, 184.70, 187.58, 173.01, 174.00, 174.30, 180.53, 1684846, 3041.65, 21475, 608515, 36.12
SYLVANPLY, SM, 15-Sep-2026, 53.00, 50.40, 52.00, 50.35, 52.00, 52.00, 50.92, 6000, 3.06, 3, 4000, 66.67
SYMBIOTEC, EQ, 15-Sep-2026, 1133.45, 1133.50, 1174.90, 1070.05, 1085.00, 1080.10, 1116.94, 1313080, 14666.33, 65930, 314470, 23.95
SYMPHONY, EQ, 15-Sep-2026, 592.65, 590.05, 596.40, 571.00, 571.00, 573.70, 581.19, 81544, 473.93, 5021, 35607, 43.67
SYNCOMF, EQ, 15-Sep-2026, 19.46, 19.69, 19.85, 18.44, 18.56, 18.53, 18.92, 5369736, 1015.75, 11696, 2482808, 46.24
SYNGENE, EQ, 15-Sep-2026, 382.65, 382.95, 383.80, 377.25, 378.60, 378.85, 379.90, 337576, 1282.45, 12261, 197887, 58.62
SYNOPTICS, ST, 15-Sep-2026, 49.35, 46.90, 46.90, 46.90, 46.90, 46.90, 46.90, 600, 0.28, 1, 600, 100.00
SYRMA, EQ, 15-Sep-2026, 1589.30, 1613.70, 1614.00, 1500.30, 1509.90, 1507.70, 1536.79, 1180574, 18142.92, 62086, 499801, 42.34
SYSTANGO, SM, 15-Sep-2026, 229.70, 230.00, 236.00, 220.15, 227.00, 226.10, 228.19, 26800, 61.15, 60, 18800, 70.15
SYSTMTXC, BE, 15-Sep-2026, 72.53, 72.53, 72.53, 70.99, 70.99, 70.99, 71.10, 14593, 10.38, 52, -, -
TAALTECH, EQ, 15-Sep-2026, 5375.50, 5550.00, 5550.00, 4957.20, 5090.00, 5012.40, 5258.04, 20898, 1098.83, 5822, 8416, 40.27
TAC, ST, 15-Sep-2026, 466.90, 479.90, 485.90, 460.40, 468.70, 464.75, 475.81, 41200, 196.04, 171, 35200, 85.44
TAINWALCHM, EQ, 15-Sep-2026, 207.79, 214.00, 214.00, 205.00, 205.01, 205.00, 206.70, 6228, 12.87, 48, 5977, 95.97
TAJGVK, EQ, 15-Sep-2026, 334.80, 334.55, 335.40, 325.10, 326.70, 325.85, 328.70, 58026, 190.73, 1922, 33965, 58.53
TAKE, EQ, 15-Sep-2026, 17.61, 18.49, 18.49, 18.49, 18.49, 18.49, 18.49, 44031, 8.14, 101, 44030, 100.00
TALBROAUTO, EQ, 15-Sep-2026, 423.75, 425.00, 443.45, 418.00, 421.00, 421.30, 432.13, 454628, 1964.59, 14576, 164883, 36.27
TAMBOLIIN, BE, 15-Sep-2026, 306.85, 303.00, 318.85, 291.55, 291.55, 291.55, 295.07, 5792, 17.09, 96, -, -
TANAA, EQ, 15-Sep-2026, 266.95, 271.00, 278.00, 263.00, 264.70, 263.60, 269.34, 15969, 43.01, 1303, 9191, 57.56
TANKUP, ST, 15-Sep-2026, 1649.95, 1669.80, 1669.80, 1617.00, 1617.00, 1617.00, 1645.03, 2000, 32.90, 8, 2000, 100.00
TANLA, EQ, 15-Sep-2026, 502.80, 508.05, 516.00, 488.00, 490.00, 490.55, 501.84, 453227, 2274.47, 18321, 175852, 38.80
TARACHAND, EQ, 15-Sep-2026, 46.86, 48.00, 48.00, 46.50, 47.47, 47.11, 47.24, 59887, 28.29, 1805, 27102, 45.26
TARAPUR, EQ, 15-Sep-2026, 12.97, 12.97, 13.31, 12.14, 12.15, 12.26, 12.41, 30649, 3.80, 232, 20946, 68.34
TARC, EQ, 15-Sep-2026, 131.39, 132.00, 132.40, 126.10, 126.10, 126.61, 128.26, 473899, 607.84, 5130, 292876, 61.80
TARIL, EQ, 15-Sep-2026, 288.50, 289.85, 290.65, 276.60, 277.90, 277.95, 282.67, 1167264, 3299.47, 27733, 633375, 54.26
TARMAT, EQ, 15-Sep-2026, 59.60, 59.61, 61.68, 58.07, 58.22, 58.29, 59.73, 25511, 15.24, 1796, 9157, 35.89
TARSONS, EQ, 15-Sep-2026, 311.20, 311.75, 312.45, 301.00, 305.80, 303.15, 305.31, 98302, 300.13, 2816, 50715, 51.59
TASTYBITE, EQ, 15-Sep-2026, 10273.00, 10275.00, 10386.00, 9900.00, 9905.00, 9927.00, 10030.40, 3830, 384.16, 1041, 2365, 61.75
TATACAP, EQ, 15-Sep-2026, 362.90, 365.00, 365.00, 350.95, 354.20, 353.35, 356.85, 1237142, 4414.70, 43038, 683259, 55.23
TATACHEM, EQ, 15-Sep-2026, 612.45, 734.90, 734.90, 734.90, 734.90, 734.90, 734.90, 1823658, 13402.06, 15456, 1753814, 96.17
TATACOMM, EQ, 15-Sep-2026, 1761.60, 1767.90, 1819.80, 1742.40, 1746.00, 1748.20, 1790.42, 285951, 5119.73, 32861, 104009, 36.37
TATACONSUM, EQ, 15-Sep-2026, 991.00, 990.10, 1009.30, 986.00, 986.10, 986.10, 996.86, 1567952, 15630.29, 42724, 908659, 57.95
TATAELXSI, EQ, 15-Sep-2026, 3383.00, 3450.00, 3532.10, 3418.10, 3440.00, 3440.00, 3486.85, 424602, 14805.23, 34122, 97184, 22.89
TATAGOLD, EQ, 15-Sep-2026, 14.70, 14.67, 14.67, 14.52, 14.56, 14.52, 14.59, 40637526, 5927.09, 107264, 18873207, 46.44
TATAINVEST, EQ, 15-Sep-2026, 650.90, 700.15, 750.50, 700.15, 715.00, 718.35, 723.38, 24516580, 177348.59, 544693, 1833475, 7.48
TATAPOWER, EQ, 15-Sep-2026, 364.65, 375.00, 377.65, 362.95, 363.00, 363.00, 367.88, 3710579, 13650.57, 44583, 1328259, 35.80
TATASTEEL, EQ, 15-Sep-2026, 183.00, 186.10, 186.49, 182.38, 183.65, 183.65, 183.51, 31857708, 58463.10, 199901, 15313473, 48.07
TATATECH, EQ, 15-Sep-2026, 762.15, 772.70, 789.95, 752.25, 758.50, 759.30, 774.40, 1235230, 9565.67, 57292, 351849, 28.48
TATSILV, EQ, 15-Sep-2026, 21.99, 21.94, 21.99, 21.72, 21.83, 21.78, 21.86, 30441996, 6655.13, 69384, 12536390, 41.18
TATVA, EQ, 15-Sep-2026, 1608.70, 1604.00, 1618.00, 1540.00, 1559.00, 1547.30, 1576.60, 42445, 669.19, 5751, 24533, 57.80
TAURIAN, ST, 15-Sep-2026, 457.00, 455.00, 479.85, 450.00, 451.05, 451.10, 460.89, 44000, 202.79, 48, 35200, 80.00
TBI, SM, 15-Sep-2026, 87.75, 87.50, 91.00, 77.00, 77.15, 78.35, 86.09, 120600, 103.82, 184, 76200, 63.18
TBOTEK, EQ, 15-Sep-2026, 1679.50, 1680.80, 1680.80, 1646.20, 1658.10, 1656.10, 1656.53, 81145, 1344.19, 14001, 43955, 54.17
TBZ, EQ, 15-Sep-2026, 526.30, 552.60, 552.60, 511.40, 527.00, 524.45, 535.77, 1933695, 10360.09, 39120, 637583, 32.97
TCC, EQ, 15-Sep-2026, 55.32, 56.00, 57.30, 52.36, 54.21, 54.63, 54.66, 3680305, 2011.74, 19807, 408163, 11.09
TCI, EQ, 15-Sep-2026, 858.85, 858.85, 867.40, 833.60, 838.05, 845.40, 849.10, 17354, 147.35, 4560, 11035, 63.59
TCIEXP, EQ, 15-Sep-2026, 514.60, 519.00, 519.50, 490.35, 495.00, 494.30, 502.62, 25494, 128.14, 2138, 14778, 57.97
TCIFINANCE, EQ, 15-Sep-2026, 15.01, 15.94, 15.94, 14.20, 15.18, 15.02, 14.97, 20473, 3.07, 172, 12919, 63.10
TCL, SM, 15-Sep-2026, 113.05, 114.00, 120.00, 112.00, 116.00, 118.60, 116.89, 59200, 69.20, 46, 54400, 91.89
TCPLPACK, EQ, 15-Sep-2026, 3871.00, 3879.30, 3879.30, 3657.50, 3700.00, 3692.10, 3762.19, 5613, 211.17, 1343, 2885, 51.40
TCS, EQ, 15-Sep-2026, 2200.80, 2275.50, 2323.00, 2251.00, 2251.00, 2251.00, 2295.85, 5406210, 124118.29, 181099, 2347086, 43.41
TDPOWERSYS, EQ, 15-Sep-2026, 804.90, 814.15, 817.55, 720.10, 731.00, 725.50, 748.82, 5769493, 43203.16, 175611, 2442964, 42.34
TEAMGTY, EQ, 15-Sep-2026, 235.00, 243.90, 243.90, 235.00, 238.00, 235.08, 236.09, 467, 1.10, 30, 399, 85.44
TEAMLEASE, EQ, 15-Sep-2026, 1241.40, 1230.10, 1241.30, 1213.10, 1230.00, 1229.60, 1227.70, 14425, 177.10, 5007, 8657, 60.01
TEAMTECH, ST, 15-Sep-2026, 129.05, 129.95, 130.00, 126.00, 126.00, 126.00, 128.89, 24000, 30.93, 10, 22000, 91.67
TECH, EQ, 15-Sep-2026, 31.78, 32.01, 33.30, 31.93, 31.94, 32.38, 32.96, 173875, 57.31, 390, 86590, 49.80
TECHD, SM, 15-Sep-2026, 605.30, 621.00, 625.00, 572.00, 573.00, 575.20, 599.86, 18300, 109.77, 60, 12300, 67.21
TECHERA, SM, 15-Sep-2026, 156.75, 162.00, 164.55, 162.00, 164.55, 164.55, 164.07, 80000, 131.25, 94, 60800, 76.00
TECHLABS, SM, 15-Sep-2026, 130.25, 132.00, 136.75, 123.75, 123.75, 124.75, 130.24, 13750, 17.91, 90, 10375, 75.45
TECHM, EQ, 15-Sep-2026, 1541.00, 1588.00, 1633.20, 1575.90, 1575.90, 1575.90, 1606.05, 2577135, 41390.03, 123110, 946196, 36.72
TECHNOCRAF, EQ, 15-Sep-2026, 442.30, 440.25, 446.05, 414.90, 426.00, 424.35, 429.59, 1500330, 6445.28, 33686, 629732, 41.97
TECHNOE, EQ, 15-Sep-2026, 972.15, 972.25, 982.95, 943.55, 952.05, 950.60, 956.93, 129290, 1237.21, 16392, 73650, 56.96
TECHNVISN, EQ, 15-Sep-2026, 4788.00, 4700.00, 4874.00, 4549.00, 4549.00, 4591.50, 4571.09, 744, 34.01, 130, 579, 77.82
TECILCHEM, EQ, 15-Sep-2026, 9.60, 9.60, 9.60, 9.05, 9.39, 9.27, 9.20, 13722, 1.26, 57, 12811, 93.36
TEGA, EQ, 15-Sep-2026, 1729.10, 1748.00, 1748.00, 1659.20, 1685.00, 1671.10, 1692.33, 138967, 2351.78, 11419, 66879, 48.13
TEJA, SM, 15-Sep-2026, 223.25, 223.25, 225.75, 200.95, 200.95, 202.25, 207.23, 68400, 141.75, 87, 42600, 62.28
TEJASCARGO, SM, 15-Sep-2026, 400.00, 410.00, 410.00, 410.00, 410.00, 410.00, 410.00, 1200, 4.92, 1, 1200, 100.00
TEJASNET, EQ, 15-Sep-2026, 552.65, 554.00, 558.30, 516.75, 522.60, 521.25, 530.63, 2713607, 14399.21, 59064, 782686, 28.84
TEMBO, EQ, 15-Sep-2026, 56.08, 56.60, 56.98, 55.10, 55.55, 55.52, 55.66, 967188, 538.31, 3400, 601427, 62.18
TEMPSENS, EQ, 15-Sep-2026, 584.80, 589.00, 592.00, 517.25, 526.70, 523.65, 545.08, 2634136, 14358.10, 59437, 922358, 35.02
TENNIND, EQ, 15-Sep-2026, 506.35, 521.00, 532.80, 510.25, 513.50, 512.90, 520.97, 1307869, 6813.56, 57057, 579731, 44.33
TERAI, EQ, 15-Sep-2026, 126.90, 125.63, 125.63, 120.69, 125.63, 125.63, 125.27, 57, 0.07, 10, 57, 100.00
TERASOFT, EQ, 15-Sep-2026, 248.80, 248.80, 253.00, 231.40, 241.90, 238.35, 245.53, 24003, 58.94, 1111, 13774, 57.38
TEXINFRA, EQ, 15-Sep-2026, 115.52, 115.52, 116.07, 113.47, 114.00, 114.07, 114.37, 226217, 258.72, 1300, 185106, 81.83
TEXMOPIPES, EQ, 15-Sep-2026, 60.08, 61.20, 64.50, 60.00, 60.78, 60.56, 62.78, 669660, 420.43, 4327, 325246, 48.57
TEXRAIL, EQ, 15-Sep-2026, 117.81, 118.00, 119.01, 110.27, 111.10, 110.71, 113.36, 2149805, 2436.96, 19508, 1029953, 47.91
TFCILTD, EQ, 15-Sep-2026, 141.49, 141.75, 142.44, 137.32, 138.22, 138.18, 139.47, 9687578, 13510.82, 30419, 3942772, 40.70
TFL, EQ, 15-Sep-2026, 11.80, 11.80, 12.50, 11.71, 12.11, 11.90, 11.79, 7273, 0.86, 62, 6620, 91.02
TGBHOTELS, EQ, 15-Sep-2026, 9.70, 9.51, 9.87, 9.31, 9.70, 9.70, 9.63, 7842, 0.76, 53, 7510, 95.77
TGL, ST, 15-Sep-2026, 16.45, 16.15, 16.15, 16.15, 16.15, 16.15, 16.15, 600, 0.10, 3, 600, 100.00
TGVSL, EQ, 15-Sep-2026, 105.91, 105.99, 107.00, 103.01, 103.02, 103.91, 104.98, 127830, 134.20, 1720, 93673, 73.28
THACKER, EQ, 15-Sep-2026, 1038.00, 1030.00, 1030.00, 1000.00, 1000.00, 1000.00, 1026.05, 38, 0.39, 5, 35, 92.11
THAKDEV, EQ, 15-Sep-2026, 128.15, 128.15, 128.15, 128.15, 128.15, 128.15, 128.15, 10, 0.01, 2, 10, 100.00
THANGAMAYL, EQ, 15-Sep-2026, 5126.00, 5142.00, 5148.50, 4870.00, 4881.00, 4912.00, 4974.79, 100172, 4983.35, 14551, 57276, 57.18
THEINVEST, EQ, 15-Sep-2026, 96.80, 96.51, 99.00, 95.44, 96.00, 96.18, 97.74, 4818, 4.71, 88, 4005, 83.13
THEJO, EQ, 15-Sep-2026, 2192.60, 2192.60, 2250.00, 2160.60, 2164.00, 2175.20, 2204.12, 14877, 327.91, 1514, 8572, 57.62
THELEELA, EQ, 15-Sep-2026, 542.30, 538.00, 541.45, 519.15, 523.00, 522.45, 531.64, 189584, 1007.91, 17653, 88100, 46.47
THEMISMED, EQ, 15-Sep-2026, 128.25, 129.85, 129.85, 120.10, 120.10, 121.57, 124.97, 127347, 159.15, 2328, 65638, 51.54
THERMAX, EQ, 15-Sep-2026, 3682.00, 3715.00, 3718.00, 3508.00, 3551.50, 3559.40, 3564.76, 211945, 7555.33, 34975, 106041, 50.03
THESL, ST, 15-Sep-2026, 13.90, 13.40, 13.40, 13.25, 13.25, 13.25, 13.29, 12000, 1.59, 4, 6000, 50.00
THOMASCOOK, EQ, 15-Sep-2026, 108.63, 108.60, 109.60, 102.83, 103.66, 103.37, 105.35, 989497, 1042.44, 8040, 484739, 48.99
THOMASCOTT, EQ, 15-Sep-2026, 237.55, 236.60, 246.15, 229.75, 236.30, 237.90, 237.29, 60938, 144.60, 2602, 25794, 42.33
THYROCARE, EQ, 15-Sep-2026, 549.70, 552.70, 556.90, 542.05, 548.00, 544.45, 549.51, 194375, 1068.11, 21916, 111475, 57.35
TI, EQ, 15-Sep-2026, 521.60, 524.05, 526.40, 503.10, 509.00, 510.75, 513.85, 786869, 4043.36, 24132, 345610, 43.92
TICL, BE, 15-Sep-2026, 7.05, 7.05, 7.10, 6.70, 6.70, 6.75, 6.77, 162994, 11.04, 295, -, -
TIGERLOGS, EQ, 15-Sep-2026, 27.16, 27.23, 27.62, 26.52, 27.40, 27.40, 27.21, 100468, 27.33, 559, 76892, 76.53
TIIL, EQ, 15-Sep-2026, 3250.20, 3250.20, 3255.90, 3109.00, 3120.20, 3128.60, 3153.15, 24762, 780.78, 6004, 13418, 54.19
TIINDIA, EQ, 15-Sep-2026, 2606.10, 2606.10, 2613.20, 2521.50, 2525.00, 2525.00, 2560.25, 195410, 5002.98, 20720, 91348, 46.75
TIJARIA, BE, 15-Sep-2026, 7.41, 7.04, 7.78, 7.04, 7.78, 7.76, 7.19, 185044, 13.31, 325, -, -
TIL, BE, 15-Sep-2026, 255.30, 254.90, 256.00, 242.54, 244.00, 244.60, 248.42, 58074, 144.27, 510, -, -
TIMETECHNO, EQ, 15-Sep-2026, 180.80, 180.80, 181.79, 176.00, 176.46, 176.30, 179.39, 1721801, 3088.80, 17609, 564039, 32.76
TIMEX, EQ, 15-Sep-2026, 631.70, 637.25, 637.25, 600.00, 604.00, 605.65, 615.57, 315563, 1942.53, 23129, 165342, 52.40
TIMKEN, EQ, 15-Sep-2026, 3302.40, 3311.20, 3312.30, 3120.10, 3157.00, 3151.20, 3164.90, 60795, 1924.10, 16491, 29186, 48.01
TINNARUBR, EQ, 15-Sep-2026, 1034.05, 1034.00, 1043.95, 955.05, 968.00, 965.00, 988.28, 86015, 850.07, 7722, 44695, 51.96
TIPSFILMS, EQ, 15-Sep-2026, 327.50, 332.40, 332.40, 317.00, 317.00, 319.40, 321.78, 3349, 10.78, 188, 2922, 87.25
TIPSMUSIC, EQ, 15-Sep-2026, 661.55, 660.80, 668.00, 652.20, 656.10, 659.15, 663.72, 210300, 1395.80, 11261, 122408, 58.21
TIRUMALCHM, EQ, 15-Sep-2026, 155.98, 158.00, 162.50, 153.10, 155.45, 154.48, 159.09, 646717, 1028.85, 8869, 327922, 50.71
TIRUPATIFL, BE, 15-Sep-2026, 69.12, 69.20, 70.50, 65.70, 66.57, 68.52, 68.32, 264217, 180.50, 1644, -, -
TITAGARH, EQ, 15-Sep-2026, 842.15, 847.70, 848.40, 809.00, 813.50, 811.45, 826.04, 476266, 3934.14, 27476, 218582, 45.89
TITAN, EQ, 15-Sep-2026, 5009.50, 5003.00, 5003.00, 4856.00, 4856.00, 4856.00, 4908.42, 504447, 24760.39, 62428, 277236, 54.96
TMB, EQ, 15-Sep-2026, 910.90, 910.90, 920.00, 860.00, 873.00, 868.35, 882.90, 209458, 1849.31, 23429, 106600, 50.89
TMCV, EQ, 15-Sep-2026, 434.55, 441.20, 446.70, 424.05, 426.40, 427.15, 432.27, 4286778, 18530.42, 98217, 1767691, 41.24
TMPV, EQ, 15-Sep-2026, 301.10, 320.00, 320.15, 303.50, 303.60, 303.60, 311.85, 19003987, 59263.02, 122574, 8730447, 45.94
TNIDETF, EQ, 15-Sep-2026, 88.36, 86.15, 90.97, 86.15, 87.56, 88.19, 89.52, 119416, 106.90, 954, 66109, 55.36
TNPETRO, EQ, 15-Sep-2026, 128.90, 132.90, 132.90, 122.68, 125.80, 125.71, 126.06, 1021991, 1288.29, 14960, 409306, 40.05
TNPL, EQ, 15-Sep-2026, 153.27, 154.25, 156.60, 151.56, 152.37, 152.39, 153.57, 240597, 369.49, 4539, 135761, 56.43
TNTELE, EQ, 15-Sep-2026, 8.94, 9.14, 9.14, 8.42, 8.94, 8.92, 8.84, 8615, 0.76, 139, 6744, 78.28
TOKYOPLAST, EQ, 15-Sep-2026, 78.94, 78.94, 79.80, 75.92, 76.00, 76.01, 76.22, 1311, 1.00, 39, 786, 59.95
TOLINS, EQ, 15-Sep-2026, 89.40, 88.71, 89.99, 88.00, 88.30, 88.24, 88.85, 38721, 34.40, 880, 29078, 75.10
TOP100CASE, EQ, 15-Sep-2026, 10.33, 10.58, 10.58, 10.20, 10.25, 10.21, 10.27, 868118, 89.15, 2155, 726816, 83.72
TOP10ADD, EQ, 15-Sep-2026, 85.56, 86.55, 86.70, 85.25, 86.70, 85.39, 85.81, 826254, 709.00, 590, 746039, 90.29
TOP15IETF, EQ, 15-Sep-2026, 9.56, 9.60, 9.61, 9.47, 9.52, 9.49, 9.53, 72745, 6.93, 257, 35980, 49.46
TOP20, EQ, 15-Sep-2026, 8.65, 8.71, 8.73, 8.59, 8.59, 8.60, 8.62, 170172, 14.68, 190, 163413, 96.03
TORNTPHARM, EQ, 15-Sep-2026, 4965.50, 4931.00, 4959.50, 4837.50, 4850.00, 4850.00, 4891.31, 397030, 19419.97, 33214, 267149, 67.29
TORNTPOWER, EQ, 15-Sep-2026, 1297.60, 1325.00, 1326.90, 1291.50, 1300.00, 1300.90, 1308.95, 436537, 5714.04, 37596, 207170, 47.46
TOTAL, BE, 15-Sep-2026, 76.78, 76.40, 76.40, 73.10, 75.60, 75.60, 74.78, 1241, 0.93, 31, -, -
TOUCHWOOD, EQ, 15-Sep-2026, 61.16, 62.68, 62.68, 60.16, 60.16, 60.91, 61.80, 635, 0.39, 26, 182, 28.66
TOYAMSL, EQ, 15-Sep-2026, 0.66, 0.69, 0.69, 0.68, 0.69, 0.68, 0.69, 667929, 4.61, 206, 597888, 89.51
TPHQ, BE, 15-Sep-2026, 0.50, 0.50, 0.52, 0.50, 0.52, 0.52, 0.51, 1023050, 5.19, 360, -, -
TPLPLASTEH, EQ, 15-Sep-2026, 68.48, 68.17, 68.49, 64.21, 64.30, 65.27, 66.16, 153584, 101.60, 2150, 43977, 28.63
TRACXN, EQ, 15-Sep-2026, 31.90, 32.50, 33.04, 30.61, 30.61, 31.21, 31.84, 478090, 152.22, 3420, 230285, 48.17
TRANSCOR, EQ, 15-Sep-2026, 25.39, 26.25, 26.25, 24.50, 25.75, 25.75, 25.02, 1157, 0.29, 13, 1049, 90.67
TRANSPEK, BE, 15-Sep-2026, 1344.90, 1341.00, 1369.00, 1320.00, 1359.00, 1336.70, 1337.80, 1076, 14.39, 82, -, -
TRANSRAILL, EQ, 15-Sep-2026, 410.35, 415.50, 418.50, 402.00, 405.15, 404.90, 408.96, 368086, 1505.33, 19066, 188497, 51.21
TRANSTEEL, SM, 15-Sep-2026, 83.05, 84.60, 88.50, 83.55, 86.95, 86.30, 86.59, 128000, 110.84, 88, 98000, 76.56
TRANSWORLD, BE, 15-Sep-2026, 165.00, 162.00, 166.66, 162.00, 162.12, 162.12, 164.73, 1520, 2.50, 22, -, -
TRAVELFOOD, EQ, 15-Sep-2026, 1253.60, 1259.30, 1259.90, 1224.40, 1235.00, 1227.40, 1235.65, 18613, 229.99, 3212, 9706, 52.15
TREEHOUSE, EQ, 15-Sep-2026, 6.14, 6.15, 6.36, 5.93, 5.93, 6.01, 6.12, 21449, 1.31, 131, 7722, 36.00
TREJHARA, EQ, 15-Sep-2026, 143.02, 143.50, 144.90, 135.10, 135.10, 137.10, 140.10, 7177, 10.06, 299, 5086, 70.87
TREL, EQ, 15-Sep-2026, 26.97, 27.19, 27.90, 25.17, 25.78, 25.71, 26.52, 82719, 21.93, 5004, 55034, 66.53
TRENT, EQ, 15-Sep-2026, 2802.40, 2802.40, 2817.60, 2730.00, 2730.00, 2730.00, 2773.43, 494769, 13722.08, 43757, 247503, 50.02
TRF, EQ, 15-Sep-2026, 222.05, 224.50, 234.99, 210.00, 212.00, 213.00, 222.11, 42549, 94.51, 1347, 22928, 53.89
TRIDENT, EQ, 15-Sep-2026, 23.39, 23.45, 23.55, 23.03, 23.15, 23.12, 23.22, 2850365, 661.99, 13415, 1492553, 52.36
TRIDHYA, ST, 15-Sep-2026, 6.95, 6.65, 7.25, 6.65, 7.25, 7.25, 6.95, 6000, 0.42, 2, 6000, 100.00
TRIGYN, EQ, 15-Sep-2026, 56.10, 55.90, 57.77, 51.71, 51.71, 52.58, 54.79, 58590, 32.10, 1898, 23429, 39.99
TRITONV, EQ, 15-Sep-2026, 1092.10, 1092.10, 1092.10, 1040.00, 1080.00, 1051.50, 1073.57, 5609, 60.22, 725, 3541, 63.13
TRITURBINE, EQ, 15-Sep-2026, 569.65, 567.10, 569.65, 535.65, 546.75, 546.90, 545.91, 1820501, 9938.37, 168949, 983651, 54.03
TRIVENI, EQ, 15-Sep-2026, 255.40, 257.00, 257.80, 243.70, 247.05, 246.45, 247.39, 661461, 1636.37, 18681, 348628, 52.71
TRU, EQ, 15-Sep-2026, 4.28, 4.54, 4.59, 4.06, 4.13, 4.22, 4.43, 206874, 9.17, 319, 136107, 65.79
TRUALT, EQ, 15-Sep-2026, 416.35, 415.00, 428.00, 400.00, 414.20, 411.65, 410.03, 224114, 918.93, 4785, 151243, 67.48
TRUST, SM, 15-Sep-2026, 27.70, 26.60, 28.25, 26.60, 28.20, 28.10, 27.86, 10800, 3.01, 15, 9600, 88.89
TSC, ST, 15-Sep-2026, 54.85, 54.90, 54.90, 52.15, 52.15, 52.15, 53.97, 6000, 3.24, 3, 6000, 100.00
TSFINV, EQ, 15-Sep-2026, 437.25, 437.00, 446.45, 436.95, 438.80, 442.95, 441.94, 92881, 410.48, 5575, 50560, 54.44
TTKHLTCARE, EQ, 15-Sep-2026, 1115.40, 1119.00, 1125.90, 1067.90, 1070.00, 1074.60, 1091.30, 33869, 369.61, 3546, 17365, 51.27
TTKPRESTIG, EQ, 15-Sep-2026, 537.30, 537.35, 550.20, 534.30, 539.00, 540.00, 543.21, 65503, 355.82, 7495, 32152, 49.08
TTL, EQ, 15-Sep-2026, 6.66, 6.56, 6.75, 6.53, 6.55, 6.58, 6.60, 43242, 2.85, 158, 39157, 90.55
TTML, EQ, 15-Sep-2026, 35.60, 36.01, 36.92, 35.85, 36.05, 36.15, 36.20, 2840915, 1028.53, 13732, 806225, 28.38
TUNWAL, SM, 15-Sep-2026, 24.50, 24.90, 25.40, 24.85, 25.00, 25.00, 25.09, 38000, 9.53, 17, 32000, 84.21
TURTLEMINT, EQ, 15-Sep-2026, 136.12, 137.30, 138.39, 130.00, 131.98, 131.04, 132.85, 357604, 475.09, 6204, 161371, 45.13
TUTIALKA, EQ, 15-Sep-2026, 59.19, 60.79, 60.79, 58.85, 59.85, 59.78, 59.65, 6626, 3.95, 84, 4759, 71.82
TVSELECT, EQ, 15-Sep-2026, 413.85, 412.00, 415.20, 395.00, 397.00, 399.40, 403.79, 27977, 112.97, 1749, 13913, 49.73
TVSHLTD, EQ, 15-Sep-2026, 13024.00, 12991.00, 13009.00, 12402.00, 12500.00, 12488.00, 12676.30, 6044, 766.16, 2879, 3125, 51.70
TVSMOTOR, EQ, 15-Sep-2026, 4125.00, 4150.00, 4155.00, 4022.10, 4050.00, 4050.00, 4064.92, 496058, 20164.37, 51850, 275954, 55.63
TVSSCS, EQ, 15-Sep-2026, 130.49, 130.80, 131.38, 126.00, 126.50, 127.16, 127.95, 528148, 675.77, 11464, 240646, 45.56
TVSSRICHAK, EQ, 15-Sep-2026, 5146.00, 5164.00, 5164.00, 4940.50, 4942.00, 4960.50, 5000.83, 5607, 280.40, 1959, 2558, 45.62
TVTODAY, EQ, 15-Sep-2026, 109.30, 108.40, 109.97, 104.51, 106.05, 105.68, 106.48, 93068, 99.10, 1204, 63871, 68.63
TVVISION, BE, 15-Sep-2026, 2.74, 2.61, 2.75, 2.61, 2.66, 2.63, 2.61, 125312, 3.28, 137, -, -
TWCGOLDETF, EQ, 15-Sep-2026, 150.58, 150.30, 151.77, 146.05, 149.00, 147.74, 148.90, 10349, 15.41, 204, 1099, 10.62
UBL, EQ, 15-Sep-2026, 1256.10, 1262.30, 1268.00, 1240.00, 1245.00, 1241.80, 1255.96, 52994, 665.58, 6694, 24593, 46.41
UCAL, BE, 15-Sep-2026, 143.43, 137.10, 140.50, 136.26, 139.95, 137.54, 137.85, 17019, 23.46, 178, -, -
UCOBANK, EQ, 15-Sep-2026, 24.12, 24.12, 24.14, 23.66, 23.74, 23.72, 23.89, 3373905, 805.89, 15111, 1727382, 51.20
UDAYJEW, EQ, 15-Sep-2026, 172.04, 172.31, 175.99, 159.30, 159.30, 161.60, 166.30, 66824, 111.13, 1259, 30481, 45.61
UDS, EQ, 15-Sep-2026, 207.50, 209.02, 210.00, 194.15, 197.45, 197.04, 202.05, 95017, 191.98, 3495, 46247, 48.67
UEL, EQ, 15-Sep-2026, 206.64, 216.97, 216.97, 207.00, 213.30, 215.54, 216.32, 50156, 108.50, 773, 27398, 54.63
UFBL, BE, 15-Sep-2026, 698.85, 690.95, 714.85, 664.05, 677.50, 679.15, 687.65, 42478, 292.10, 2215, -, -
UFLEX, EQ, 15-Sep-2026, 653.45, 663.50, 670.30, 631.75, 635.00, 636.10, 644.70, 129497, 834.87, 5316, 68945, 53.24
UFO, EQ, 15-Sep-2026, 62.63, 63.50, 64.16, 60.25, 60.90, 60.66, 61.48, 36249, 22.29, 741, 28146, 77.65
UGARSUGAR, EQ, 15-Sep-2026, 54.30, 54.60, 57.50, 52.36, 52.59, 53.22, 55.24, 1194220, 659.67, 9445, 327374, 27.41
UGROCAP, EQ, 15-Sep-2026, 83.66, 85.31, 86.42, 82.80, 83.35, 83.28, 83.88, 189556, 158.99, 2472, 99576, 52.53
UHTL, ST, 15-Sep-2026, 174.75, 178.20, 178.20, 178.20, 178.20, 178.20, 178.20, 30000, 53.46, 12, 30000, 100.00
UJJIVANSFB, EQ, 15-Sep-2026, 65.54, 65.71, 66.56, 63.85, 64.00, 64.07, 64.98, 7611153, 4945.96, 36504, 3776499, 49.62
ULTRACEMCO, EQ, 15-Sep-2026, 11000.00, 11045.00, 11045.00, 10697.00, 10697.00, 10697.00, 10804.59, 335172, 36213.95, 51589, 208152, 62.10
ULTRAMAR, EQ, 15-Sep-2026, 428.55, 434.50, 434.50, 415.20, 419.00, 416.20, 419.30, 39348, 164.99, 1480, 26730, 67.93
UMAEXPORTS, BE, 15-Sep-2026, 21.68, 21.25, 21.25, 21.25, 21.25, 21.25, 21.25, 4313, 0.92, 29, -, -
UMESLTD, EQ, 15-Sep-2026, 4.97, 4.97, 5.14, 4.48, 4.56, 4.53, 4.55, 145521, 6.62, 184, 139688, 95.99
UMIYA-MRO, EQ, 15-Sep-2026, 96.23, 99.20, 99.20, 93.01, 98.00, 95.66, 94.95, 28955, 27.49, 355, 21349, 73.73
UNICHEMLAB, EQ, 15-Sep-2026, 539.70, 544.10, 548.95, 515.00, 519.55, 519.05, 528.17, 57806, 305.31, 4278, 30945, 53.53
UNIDT, EQ, 15-Sep-2026, 230.95, 234.90, 241.99, 213.60, 215.00, 216.49, 224.58, 42891, 96.32, 741, 31259, 72.88
UNIECOM, EQ, 15-Sep-2026, 83.33, 84.00, 84.84, 81.75, 81.75, 82.20, 83.01, 152701, 126.75, 2131, 96155, 62.97
UNIENTER, EQ, 15-Sep-2026, 91.32, 92.00, 92.90, 88.05, 89.00, 89.22, 90.24, 12219, 11.03, 181, 10708, 87.63
UNIHEALTH, SM, 15-Sep-2026, 712.00, 712.00, 721.00, 686.00, 687.00, 688.15, 700.39, 10000, 70.04, 20, 7500, 75.00
UNIINFO, EQ, 15-Sep-2026, 10.94, 10.99, 11.44, 10.94, 11.38, 11.38, 11.33, 4784, 0.54, 39, 2810, 58.74
UNILEX, SM, 15-Sep-2026, 28.00, 27.10, 27.10, 27.00, 27.00, 27.00, 27.05, 3200, 0.87, 2, 3200, 100.00
UNIMECH, EQ, 15-Sep-2026, 1610.00, 1625.00, 1631.40, 1533.00, 1552.00, 1538.50, 1564.47, 269490, 4216.10, 30475, 111768, 41.47
UNIONBANK, EQ, 15-Sep-2026, 178.10, 179.57, 179.69, 174.74, 175.00, 175.00, 176.55, 4444675, 7847.14, 46615, 2329245, 52.41
UNIONGOLD, EQ, 15-Sep-2026, 148.30, 146.35, 151.00, 146.00, 151.00, 149.25, 148.02, 1984, 2.94, 152, 1030, 51.92
UNIPARTS, EQ, 15-Sep-2026, 897.45, 897.45, 899.00, 861.10, 867.40, 865.70, 875.71, 115818, 1014.23, 11555, 61777, 53.34
UNITDSPR, EQ, 15-Sep-2026, 1395.00, 1392.10, 1403.60, 1370.60, 1370.60, 1370.60, 1386.15, 343060, 4755.33, 28185, 198848, 57.96
UNITECH, EQ, 15-Sep-2026, 4.17, 4.20, 4.40, 4.02, 4.24, 4.21, 4.23, 10640815, 449.94, 9053, 5741482, 53.96
UNITEDPOLY, EQ, 15-Sep-2026, 43.28, 44.89, 45.05, 42.50, 43.00, 42.75, 43.74, 129163, 56.49, 1301, 85803, 66.43
UNITEDTEA, EQ, 15-Sep-2026, 432.95, 426.05, 438.50, 415.10, 425.65, 425.65, 423.86, 6153, 26.08, 252, 3806, 61.86
UNIVAFOODS, BE, 15-Sep-2026, 9.03, 9.48, 9.48, 9.48, 9.48, 9.48, 9.48, 2201, 0.21, 8, -, -
UNIVASTU, BE, 15-Sep-2026, 153.00, 153.97, 157.00, 145.35, 145.35, 145.37, 146.33, 72668, 106.33, 544, -, -
UNIVCABLES, EQ, 15-Sep-2026, 1492.50, 1492.50, 1501.60, 1387.00, 1419.80, 1417.30, 1421.82, 235116, 3342.93, 26348, 111353, 47.36
UNIVPHOTO, BE, 15-Sep-2026, 540.15, 520.00, 567.15, 513.20, 567.10, 566.75, 564.82, 15446, 87.24, 119, -, -
UNOMINDA, EQ, 15-Sep-2026, 1201.60, 1212.30, 1213.90, 1159.70, 1159.70, 1159.70, 1185.18, 417139, 4943.85, 24348, 229918, 55.12
UPHOT, EQ, 15-Sep-2026, 1499.00, 1506.40, 1550.00, 1506.40, 1550.00, 1550.00, 1537.43, 8, 0.12, 3, 8, 100.00
UPL, EQ, 15-Sep-2026, 572.95, 573.40, 575.95, 558.00, 560.80, 560.80, 565.52, 1588857, 8985.26, 34540, 808693, 50.90
URAVIDEF, BE, 15-Sep-2026, 114.00, 114.00, 114.00, 112.01, 112.01, 112.01, 112.82, 1574, 1.78, 16, -, -
URBAN, SM, 15-Sep-2026, 123.00, 127.00, 127.00, 122.40, 123.05, 123.05, 124.19, 4800, 5.96, 6, 3200, 66.67
URBANCO, EQ, 15-Sep-2026, 166.89, 166.98, 167.71, 157.55, 159.25, 158.22, 160.60, 4152047, 6668.14, 35086, 1962023, 47.25
URJA, EQ, 15-Sep-2026, 9.02, 9.15, 9.15, 8.80, 8.83, 8.81, 8.92, 719687, 64.18, 3107, 446877, 62.09
USHAFIN, SM, 15-Sep-2026, 50.00, 50.00, 52.00, 48.00, 48.00, 48.00, 49.84, 24000, 11.96, 9, 22400, 93.33
USHAMART, EQ, 15-Sep-2026, 494.50, 493.00, 494.40, 477.50, 483.65, 480.25, 484.69, 604747, 2931.13, 25107, 393721, 65.11
USK, EQ, 15-Sep-2026, 20.64, 20.90, 21.89, 20.53, 20.65, 20.64, 20.64, 21328, 4.40, 151, 13209, 61.93
UTIAMC, EQ, 15-Sep-2026, 910.00, 909.15, 915.75, 905.90, 914.10, 911.10, 910.50, 109601, 997.92, 8236, 67815, 61.87
UTKAL, SM, 15-Sep-2026, 46.00, 46.00, 47.75, 43.70, 43.70, 43.70, 44.64, 24000, 10.71, 11, 22000, 91.67
UTKARSHBNK, EQ, 15-Sep-2026, 14.52, 14.61, 14.75, 14.14, 14.28, 14.20, 14.40, 10678279, 1538.15, 10673, 4198337, 39.32
UTLSOLAR, EQ, 15-Sep-2026, 447.80, 445.00, 447.80, 419.05, 423.60, 421.90, 425.68, 342061, 1456.07, 19578, 151621, 44.33
UTSSAV, SM, 15-Sep-2026, 531.45, 555.00, 618.95, 554.40, 603.00, 600.45, 590.61, 242400, 1431.64, 304, 119400, 49.26
UTTAMSUGAR, EQ, 15-Sep-2026, 279.85, 278.90, 280.70, 255.50, 256.00, 256.65, 264.44, 240789, 636.74, 7753, 106297, 44.15
UYFINCORP, BE, 15-Sep-2026, 19.74, 19.83, 20.35, 19.16, 19.60, 19.28, 19.76, 82941, 16.39, 239, -, -
V2RETAIL, EQ, 15-Sep-2026, 218.00, 218.09, 219.59, 210.00, 210.69, 212.12, 213.59, 925313, 1976.37, 16659, 549820, 59.42
VADILALIND, EQ, 15-Sep-2026, 6960.50, 6923.00, 7119.50, 6745.00, 7040.00, 7035.50, 6960.31, 32305, 2248.53, 7043, 16672, 51.61
VADILENT, EQ, 15-Sep-2026, 10400.00, 10400.00, 10450.00, 10400.00, 10400.00, 10400.00, 10404.64, 11, 1.14, 5, 11, 100.00
VAIBHAVGBL, EQ, 15-Sep-2026, 212.58, 213.52, 217.98, 208.90, 209.50, 209.30, 212.51, 158830, 337.52, 4200, 86487, 54.45
VAISHALI, EQ, 15-Sep-2026, 8.77, 9.25, 9.25, 8.81, 9.10, 9.02, 9.11, 357226, 32.54, 584, 281608, 78.83
VAKRANGEE, EQ, 15-Sep-2026, 5.37, 5.44, 5.45, 5.24, 5.31, 5.27, 5.30, 1176438, 62.31, 2123, 690211, 58.67
VAL30IETF, EQ, 15-Sep-2026, 15.02, 14.64, 15.16, 14.64, 14.80, 14.73, 14.83, 258219, 38.30, 982, 156987, 60.80
VALIANTLAB, BE, 15-Sep-2026, 127.91, 125.01, 129.50, 121.52, 123.00, 122.63, 124.21, 104961, 130.37, 659, -, -
VALIANTORG, BE, 15-Sep-2026, 396.30, 408.00, 414.00, 379.10, 388.00, 388.35, 393.82, 74859, 294.81, 1172, -, -
VALUE, EQ, 15-Sep-2026, 15.92, 15.95, 15.95, 15.64, 15.65, 15.65, 15.84, 21562, 3.41, 202, 21078, 97.76
VALUE360, SM, 15-Sep-2026, 69.45, 69.45, 69.45, 69.45, 69.45, 69.45, 69.45, 1200, 0.83, 1, 1200, 100.00
VALUEAXIS, EQ, 15-Sep-2026, 32.47, 32.88, 32.88, 31.80, 31.93, 31.90, 32.15, 98731, 31.74, 647, 51874, 52.54
VAML, EQ, 15-Sep-2026, 421.75, 422.00, 423.95, 403.90, 406.00, 406.00, 410.44, 8429673, 34598.44, 161543, 5025583, 59.62
VARDHACRLC, BE, 15-Sep-2026, 44.06, 44.00, 44.75, 43.20, 43.25, 43.25, 43.51, 42073, 18.31, 187, -, -
VARDMNPOLY, EQ, 15-Sep-2026, 5.94, 5.90, 5.94, 5.68, 5.81, 5.83, 5.81, 186182, 10.82, 427, 157495, 84.59
VARROC, EQ, 15-Sep-2026, 872.00, 872.00, 884.50, 831.15, 832.10, 836.00, 849.82, 278443, 2366.26, 21359, 110943, 39.84
VASCONEQ, EQ, 15-Sep-2026, 30.08, 30.05, 30.48, 28.86, 29.40, 29.10, 29.65, 368759, 109.35, 1468, 243351, 65.99
VASWANI, EQ, 15-Sep-2026, 45.88, 47.00, 47.40, 44.10, 44.75, 44.67, 45.60, 41920, 19.12, 348, 33758, 80.53
VBL, EQ, 15-Sep-2026, 416.50, 417.50, 419.75, 409.10, 409.60, 409.60, 412.96, 3118516, 12878.20, 40467, 1812315, 58.11
VCL, BE, 15-Sep-2026, 1.65, 1.57, 1.73, 1.57, 1.73, 1.71, 1.60, 10746943, 171.76, 488, -, -
VDEAL, SM, 15-Sep-2026, 131.90, 133.70, 133.70, 126.05, 126.05, 126.75, 129.01, 6000, 7.74, 9, 4800, 80.00
VEDAVAAG, EQ, 15-Sep-2026, 23.38, 23.43, 24.99, 20.52, 20.96, 20.98, 22.61, 184975, 41.82, 987, 106279, 57.46
VEDL, EQ, 15-Sep-2026, 263.70, 263.70, 264.40, 253.55, 257.00, 257.00, 257.82, 9234199, 23807.89, 97366, 5251319, 56.87
VEDPOWER, EQ, 15-Sep-2026, 33.62, 33.51, 33.55, 31.56, 31.70, 31.68, 32.30, 15567840, 5027.66, 65324, 9233016, 59.31
VEEDOL, EQ, 15-Sep-2026, 1428.50, 1434.80, 1439.70, 1378.00, 1385.70, 1382.50, 1401.39, 15287, 214.23, 2001, 9112, 59.61
VEEKAYEM, SM, 15-Sep-2026, 100.05, 96.05, 103.50, 95.05, 103.50, 103.50, 97.63, 3000, 2.93, 6, 2000, 66.67
VELJAN, BE, 15-Sep-2026, 1890.00, 1890.00, 1950.00, 1850.00, 1859.20, 1856.10, 1883.57, 590, 11.11, 51, -, -
VENKEYS, EQ, 15-Sep-2026, 1787.20, 1810.00, 1814.90, 1702.00, 1703.00, 1713.60, 1765.28, 115324, 2035.79, 14170, 43317, 37.56
VENTIVE, EQ, 15-Sep-2026, 574.70, 580.00, 582.00, 561.00, 562.00, 563.15, 563.60, 79959, 450.65, 1433, 69253, 86.61
VENUSPIPES, EQ, 15-Sep-2026, 2020.10, 2026.00, 2033.90, 1931.10, 1955.00, 1941.60, 1971.83, 238550, 4703.79, 19279, 117207, 49.13
VENUSREM, BE, 15-Sep-2026, 1616.30, 1628.90, 1645.00, 1538.00, 1560.00, 1545.40, 1560.49, 34832, 543.55, 1589, -, -
VERANDA, EQ, 15-Sep-2026, 225.24, 225.45, 228.78, 216.65, 218.71, 218.28, 222.90, 149157, 332.47, 3031, 92999, 62.35
VERITAAS, SM, 15-Sep-2026, 27.50, 28.75, 28.85, 26.40, 26.65, 26.65, 27.66, 4800, 1.33, 4, 2400, 50.00
VERTEXPLUS, ST, 15-Sep-2026, 67.95, 69.35, 69.35, 69.35, 69.35, 69.35, 69.35, 1800, 1.25, 3, 1800, 100.00
VERTIS, IV, 15-Sep-2026, 116.00, 116.00, 116.00, 115.00, 116.00, 116.00, 115.90, 250000, 289.75, 8, 250000, 100.00
VERTOZ, EQ, 15-Sep-2026, 38.38, 40.20, 40.20, 37.13, 37.44, 37.49, 38.43, 44396, 17.06, 501, 28080, 63.25
VESUVIUS, EQ, 15-Sep-2026, 413.05, 413.05, 413.40, 400.00, 404.00, 400.80, 405.52, 58269, 236.29, 4921, 37123, 63.71
VETO, BE, 15-Sep-2026, 125.81, 127.50, 128.50, 125.00, 125.10, 125.14, 126.47, 35415, 44.79, 173, -, -
VGCL, EQ, 15-Sep-2026, 50.00, 50.00, 52.00, 49.90, 51.50, 51.50, 50.00, 3504, 1.75, 23, 3501, 99.91
VGINFOTECH, SM, 15-Sep-2026, 142.80, 142.80, 144.95, 140.70, 140.80, 141.15, 142.26, 16000, 22.76, 16, 12000, 75.00
VGL, EQ, 15-Sep-2026, 66.82, 66.82, 70.49, 64.05, 66.30, 66.21, 67.69, 361556, 244.75, 2599, 184832, 51.12
VGUARD, EQ, 15-Sep-2026, 323.70, 323.70, 326.80, 319.60, 322.00, 321.90, 321.95, 439497, 1414.96, 13467, 265644, 60.44
VHL, EQ, 15-Sep-2026, 3447.90, 3465.10, 3470.00, 3382.10, 3400.00, 3403.00, 3416.19, 495, 16.91, 71, 453, 91.52
VHLTD, BE, 15-Sep-2026, 118.98, 122.00, 122.50, 117.40, 121.80, 120.81, 121.51, 34703, 42.17, 148, -, -
VICTORYEV, SM, 15-Sep-2026, 15.45, 14.15, 15.15, 13.95, 14.80, 14.80, 14.68, 30000, 4.40, 10, 21000, 70.00
VIDHIING, EQ, 15-Sep-2026, 334.45, 331.70, 334.45, 320.00, 324.90, 320.65, 325.42, 23677, 77.05, 1153, 13673, 57.75
VIDYAWIRES, EQ, 15-Sep-2026, 88.25, 88.50, 89.90, 84.00, 85.73, 85.12, 86.22, 707334, 609.89, 7157, 428188, 60.54
VIESL, SM, 15-Sep-2026, 396.90, 410.00, 410.00, 385.00, 397.00, 397.65, 399.06, 33600, 134.09, 29, 28800, 85.71
VIGOR, SM, 15-Sep-2026, 103.50, 94.05, 100.00, 93.15, 98.00, 98.00, 97.52, 51200, 49.93, 31, 30400, 59.38
VIJAYA, EQ, 15-Sep-2026, 1502.00, 1503.00, 1515.90, 1431.10, 1432.40, 1443.70, 1460.98, 116091, 1696.07, 18372, 65070, 56.05
VIJIFIN, BE, 15-Sep-2026, 15.62, 15.31, 15.31, 15.31, 15.31, 15.31, 15.31, 151981, 23.27, 110, -, -
VIJSOLX, EQ, 15-Sep-2026, 633.70, 640.00, 649.00, 637.00, 640.00, 640.00, 638.00, 561, 3.58, 34, 494, 88.06
VIKASECO, EQ, 15-Sep-2026, 1.05, 1.05, 1.07, 1.05, 1.05, 1.05, 1.06, 1278805, 13.50, 1274, 813770, 63.64
VIKASLIFE, EQ, 15-Sep-2026, 1.22, 1.22, 1.23, 1.20, 1.23, 1.21, 1.21, 1607155, 19.44, 8377, 1084137, 67.46
VIKRAMSOLR, EQ, 15-Sep-2026, 166.86, 167.06, 168.62, 162.84, 163.30, 163.46, 164.94, 2131509, 3515.62, 15861, 1205332, 56.55
VIKRAN, EQ, 15-Sep-2026, 57.08, 57.09, 57.80, 55.20, 55.90, 55.54, 56.13, 936506, 525.63, 6418, 430126, 45.93
VILAS, SM, 15-Sep-2026, 346.00, 344.20, 346.00, 325.00, 325.05, 328.90, 335.44, 47750, 160.17, 153, 39250, 82.20
VILINBIO, SM, 15-Sep-2026, 59.00, 59.00, 59.00, 59.00, 59.00, 59.00, 59.00, 4000, 2.36, 1, 4000, 100.00
VIMTALABS, EQ, 15-Sep-2026, 629.60, 637.90, 642.00, 613.00, 615.00, 616.00, 623.34, 121161, 755.25, 6535, 59465, 49.08
VINATIORGA, EQ, 15-Sep-2026, 1294.30, 1300.60, 1316.00, 1250.10, 1260.00, 1261.40, 1276.30, 41505, 529.73, 5296, 24481, 58.98
VINCOFE, EQ, 15-Sep-2026, 174.35, 176.00, 179.00, 165.81, 168.50, 166.54, 169.98, 2128186, 3617.50, 20752, 826966, 38.86
VINDHYATEL, EQ, 15-Sep-2026, 2813.50, 2833.00, 2842.40, 2600.00, 2620.00, 2617.70, 2685.97, 100076, 2688.01, 11351, 45126, 45.09
VINEETLAB, EQ, 15-Sep-2026, 37.02, 35.17, 36.50, 35.17, 35.88, 35.61, 35.31, 164341, 58.03, 925, 87085, 52.99
VINNY, EQ, 15-Sep-2026, 0.97, 0.99, 0.99, 0.97, 0.98, 0.97, 0.98, 250857, 2.46, 265, 212162, 84.57
VINSYS, ST, 15-Sep-2026, 578.65, 580.00, 590.00, 575.00, 590.00, 590.00, 588.82, 9750, 57.41, 17, 9000, 92.31
VINYAS, SM, 15-Sep-2026, 1548.00, 1547.40, 1547.40, 1461.00, 1484.00, 1477.10, 1488.86, 8600, 128.04, 83, 6100, 70.93
VINYLINDIA, EQ, 15-Sep-2026, 219.93, 220.21, 226.00, 218.00, 218.03, 218.59, 220.85, 7205, 15.91, 234, 6453, 89.56
VIPCLOTHNG, EQ, 15-Sep-2026, 21.38, 21.38, 22.00, 20.25, 20.50, 20.57, 21.31, 140164, 29.87, 476, 89899, 64.14
VIPIND, EQ, 15-Sep-2026, 300.10, 300.60, 303.20, 290.05, 290.90, 291.05, 294.48, 220240, 648.57, 4883, 137304, 62.34
VIPULLTD, BE, 15-Sep-2026, 12.97, 12.72, 12.74, 12.72, 12.72, 12.72, 12.73, 93865, 11.95, 86, -, -
VIRAT, EQ, 15-Sep-2026, 450.05, 463.95, 463.95, 406.35, 439.85, 421.60, 441.14, 7551, 33.31, 189, 6258, 82.88
VIRINCHI, EQ, 15-Sep-2026, 14.25, 14.20, 14.85, 13.65, 13.71, 13.76, 13.92, 76595, 10.66, 354, 62047, 81.01
VIRTUALG, BE, 15-Sep-2026, 0.45, 0.47, 0.47, 0.46, 0.47, 0.47, 0.47, 246319, 1.16, 175, -, -
VISACHROME, EQ, 15-Sep-2026, 35.03, 34.00, 35.89, 33.28, 33.80, 33.53, 34.18, 10883, 3.72, 163, 8258, 75.88
VISAKAIND, EQ, 15-Sep-2026, 90.45, 91.10, 91.68, 88.10, 88.25, 88.47, 89.09, 124953, 111.32, 2173, 73330, 58.69
VISAMAN, SM, 15-Sep-2026, 47.60, 45.25, 45.25, 45.25, 45.25, 45.25, 45.25, 6000, 2.72, 3, 6000, 100.00
VISDEM, SM, 15-Sep-2026, 98.00, 92.00, 92.50, 90.50, 92.50, 92.50, 92.24, 15600, 14.39, 11, 12000, 76.92
VISHAL, EQ, 15-Sep-2026, 18.36, 18.81, 20.45, 18.20, 18.36, 18.35, 18.47, 32987, 6.09, 215, 19869, 60.23
VISHNU, EQ, 15-Sep-2026, 713.95, 713.95, 715.50, 680.20, 687.80, 682.80, 691.53, 102967, 712.05, 5733, 53958, 52.40
VISHNUINFR, SM, 15-Sep-2026, 156.90, 153.00, 153.00, 146.00, 149.60, 149.60, 148.14, 16500, 24.44, 22, 13000, 78.79
VISHWARAJ, EQ, 15-Sep-2026, 5.38, 5.47, 5.48, 5.33, 5.38, 5.37, 5.38, 329218, 17.72, 564, 245630, 74.61
VISHWAS, ST, 15-Sep-2026, 43.95, 41.80, 41.85, 41.80, 41.85, 41.85, 41.83, 3200, 1.34, 2, 3200, 100.00
VISL, EQ, 15-Sep-2026, 33.34, 33.49, 33.49, 31.68, 31.68, 31.68, 31.96, 18491355, 5909.50, 51777, 12169018, 65.81
VITAL, EQ, 15-Sep-2026, 55.65, 55.65, 55.65, 52.87, 54.00, 53.76, 53.33, 6752, 3.60, 44, 6725, 99.60
VIVIANA, EQ, 15-Sep-2026, 752.15, 745.00, 748.40, 705.00, 715.00, 710.90, 722.69, 22028, 159.19, 1799, 14222, 64.56
VIVIDEL, SM, 15-Sep-2026, 1953.85, 1950.00, 1990.00, 1761.15, 1765.00, 1778.05, 1823.21, 74400, 1356.47, 281, 45120, 60.65
VIVIDHA, EQ, 15-Sep-2026, 0.51, 0.51, 0.57, 0.51, 0.53, 0.52, 0.53, 347149, 1.85, 290, 229132, 66.00
VIVIMEDLAB, BE, 15-Sep-2026, 6.03, 6.03, 6.03, 5.91, 5.91, 5.91, 5.91, 3457, 0.20, 18, -, -
VIVOBIOT, EQ, 15-Sep-2026, 17.13, 16.79, 17.44, 16.00, 16.99, 17.19, 17.15, 12191, 2.09, 162, 10540, 86.46
VIYASH, EQ, 15-Sep-2026, 257.60, 258.45, 258.45, 245.40, 247.70, 246.90, 250.85, 3290032, 8252.90, 32687, 1808770, 54.98
VLEGOV, EQ, 15-Sep-2026, 10.24, 10.25, 10.75, 10.25, 10.55, 10.47, 10.65, 218706, 23.29, 549, 190274, 87.00
VLINFRA, SM, 15-Sep-2026, 26.15, 25.75, 25.90, 25.75, 25.85, 25.85, 25.86, 7500, 1.94, 5, 7500, 100.00
VLSFINANCE, EQ, 15-Sep-2026, 244.00, 242.12, 247.55, 231.95, 237.00, 235.33, 236.98, 23045, 54.61, 814, 7352, 31.90
VMARCIND, SM, 15-Sep-2026, 358.30, 359.90, 365.00, 329.00, 333.00, 332.45, 342.74, 223500, 766.02, 137, 126000, 56.38
VMART, EQ, 15-Sep-2026, 808.95, 805.50, 809.65, 774.55, 783.25, 789.85, 786.33, 122376, 962.28, 15034, 56857, 46.46
VMM, EQ, 15-Sep-2026, 101.71, 102.25, 102.29, 100.10, 100.10, 100.10, 101.08, 7678106, 7761.17, 51939, 3575850, 46.57
VMOBILE, SM, 15-Sep-2026, 59.05, 61.00, 61.00, 59.15, 59.15, 59.15, 60.47, 6400, 3.87, 8, 4800, 75.00
VMSTMT, EQ, 15-Sep-2026, 44.12, 44.95, 48.09, 44.95, 47.90, 47.46, 46.75, 161894, 75.68, 1114, 106175, 65.58
VOEPL, EQ, 15-Sep-2026, 515.35, 522.00, 522.70, 485.55, 488.90, 495.00, 504.21, 79658, 401.64, 3527, 43114, 54.12
VOGL, EQ, 15-Sep-2026, 36.71, 36.89, 36.95, 34.70, 34.80, 34.83, 35.45, 23297053, 8259.70, 54557, 12702478, 54.52
VOITHPAPR, EQ, 15-Sep-2026, 1459.60, 1459.60, 1490.00, 1440.00, 1465.00, 1465.40, 1461.71, 609, 8.90, 69, 533, 87.52
VOLERCAR, SM, 15-Sep-2026, 233.90, 225.20, 225.20, 224.05, 224.05, 224.05, 224.92, 4800, 10.80, 6, 4800, 100.00
VOLTAMP, EQ, 15-Sep-2026, 11217.00, 11250.00, 11255.00, 10460.00, 10535.00, 10596.00, 10773.94, 26149, 2817.28, 10701, 12927, 49.44
VOLTAS, EQ, 15-Sep-2026, 1165.00, 1168.00, 1179.00, 1137.00, 1137.00, 1137.00, 1159.80, 477143, 5533.89, 24440, 194162, 40.69
VPRPL, EQ, 15-Sep-2026, 36.17, 36.00, 36.68, 30.76, 31.00, 32.26, 33.59, 723981, 243.16, 3917, 518082, 71.56
VR, SM, 15-Sep-2026, 106.85, 105.80, 105.80, 105.80, 105.80, 105.80, 105.80, 400, 0.42, 1, 400, 100.00
VRAJ, EQ, 15-Sep-2026, 125.50, 123.63, 127.00, 123.30, 124.51, 125.08, 124.93, 18615, 23.26, 438, 12363, 66.41
VRLLOG, EQ, 15-Sep-2026, 288.30, 288.30, 289.00, 282.55, 284.10, 283.60, 284.89, 109956, 313.26, 4690, 84102, 76.49
VSCL, SM, 15-Sep-2026, 20.80, 20.85, 20.85, 19.80, 19.80, 19.80, 20.33, 6000, 1.22, 2, 6000, 100.00
VSSL, EQ, 15-Sep-2026, 397.45, 397.40, 401.40, 382.00, 390.00, 389.10, 388.70, 203103, 789.46, 8144, 84395, 41.55
VSTIND, EQ, 15-Sep-2026, 203.93, 206.00, 206.49, 202.10, 203.15, 203.40, 203.84, 101421, 206.74, 3746, 63513, 62.62
VSTL, EQ, 15-Sep-2026, 119.71, 117.25, 122.00, 114.00, 115.95, 114.88, 116.48, 12485, 14.54, 559, 9688, 77.60
VSTTILLERS, EQ, 15-Sep-2026, 4042.90, 4030.10, 4085.00, 4009.40, 4030.00, 4030.30, 4050.38, 7195, 291.43, 1898, 3866, 53.73
VTL, EQ, 15-Sep-2026, 566.20, 566.25, 570.25, 545.20, 547.65, 547.00, 554.92, 162882, 903.86, 13965, 84970, 52.17
VTMLTD, EQ, 15-Sep-2026, 48.42, 48.65, 49.16, 40.90, 42.50, 42.17, 42.85, 235189, 100.79, 2410, 174454, 74.18
WAAREEENER, EQ, 15-Sep-2026, 2625.00, 2590.00, 2624.90, 2540.00, 2555.00, 2555.00, 2591.38, 734115, 19023.70, 47553, 340809, 46.42
WAAREEINDO, EQ, 15-Sep-2026, 251.95, 252.10, 259.50, 245.10, 251.00, 249.40, 252.64, 92977, 234.90, 2487, 40373, 43.42
WAAREERTL, EQ, 15-Sep-2026, 831.95, 850.00, 864.10, 801.70, 805.00, 806.55, 822.79, 213833, 1759.39, 18005, 87196, 40.78
WABAG, EQ, 15-Sep-2026, 2277.90, 2283.00, 2289.00, 2091.10, 2107.70, 2103.40, 2161.96, 894663, 19342.26, 57621, 375716, 42.00
WAKEFIT, EQ, 15-Sep-2026, 155.13, 154.27, 156.00, 147.90, 149.50, 148.61, 152.29, 422271, 643.07, 6678, 214137, 50.71
WALCHANNAG, EQ, 15-Sep-2026, 210.10, 212.40, 212.40, 199.00, 199.00, 200.03, 205.29, 668236, 1371.80, 10864, 314005, 46.99
WANBURY, EQ, 15-Sep-2026, 239.35, 237.10, 240.50, 220.35, 225.00, 223.10, 226.79, 227244, 515.36, 7183, 121810, 53.60
WARDINMOBI, EQ, 15-Sep-2026, 5.72, 5.72, 5.92, 5.60, 5.66, 5.62, 5.65, 258296, 14.60, 785, 203736, 78.88
WATERBASE, EQ, 15-Sep-2026, 46.54, 48.00, 48.00, 46.00, 47.05, 46.71, 46.59, 10908, 5.08, 146, 7062, 64.74
WCIL, EQ, 15-Sep-2026, 87.51, 87.95, 93.39, 87.44, 91.50, 91.45, 91.32, 455441, 415.93, 4547, 142395, 31.27
WEALTH, EQ, 15-Sep-2026, 845.25, 822.00, 845.00, 820.00, 833.75, 825.30, 827.89, 2078, 17.20, 162, 1806, 86.91
WEBELSOLAR, EQ, 15-Sep-2026, 75.84, 75.33, 75.80, 72.10, 73.00, 72.75, 73.94, 1752314, 1295.58, 12357, 948738, 54.14
WEIZMANIND, EQ, 15-Sep-2026, 71.71, 71.71, 71.71, 69.10, 69.11, 70.28, 70.63, 1373, 0.97, 69, 1205, 87.76
WEL, EQ, 15-Sep-2026, 72.34, 72.51, 73.60, 68.73, 69.10, 69.18, 69.54, 697448, 484.98, 4906, 392112, 56.22
WELCORP, EQ, 15-Sep-2026, 2676.60, 2661.20, 2718.40, 2363.60, 2402.00, 2413.30, 2476.84, 3340619, 82741.69, 201146, 1615268, 48.35
WELENT, EQ, 15-Sep-2026, 786.20, 790.65, 796.35, 728.05, 732.95, 737.60, 763.40, 4638248, 35408.55, 22521, 3738122, 80.59
WELINV, BE, 15-Sep-2026, 2322.00, 2322.00, 2322.00, 2275.60, 2276.00, 2276.00, 2296.40, 292, 6.71, 16, -, -
WELSPLSOL, EQ, 15-Sep-2026, 55.59, 55.59, 56.00, 52.55, 53.68, 53.52, 53.60, 746478, 400.14, 4710, 426519, 57.14
WELSPUNLIV, EQ, 15-Sep-2026, 207.68, 208.00, 208.83, 199.25, 201.99, 201.63, 204.56, 5087632, 10407.07, 32144, 3036321, 59.68
WENDT, EQ, 15-Sep-2026, 8812.50, 8900.00, 9100.00, 8521.00, 8584.00, 8580.00, 8887.65, 38273, 3401.57, 9948, 11004, 28.75
WESTLIFE, EQ, 15-Sep-2026, 569.60, 569.95, 579.80, 550.00, 550.00, 556.10, 565.35, 84067, 475.27, 4765, 22448, 26.70
WEWIN, EQ, 15-Sep-2026, 42.46, 42.46, 42.92, 40.50, 40.83, 40.83, 41.54, 2599, 1.08, 44, 2476, 95.27
WEWORK, EQ, 15-Sep-2026, 670.25, 666.15, 680.00, 666.15, 674.00, 673.55, 673.53, 304823, 2053.06, 28888, 198665, 65.17
WHBRADY, EQ, 15-Sep-2026, 480.50, 481.30, 481.30, 477.00, 477.00, 477.00, 480.36, 19, 0.09, 7, 18, 94.74
WHEELS, EQ, 15-Sep-2026, 2230.10, 2249.90, 2249.90, 2084.00, 2122.00, 2129.10, 2145.04, 383920, 8235.24, 23512, 126121, 32.85
WHIRLPOOL, EQ, 15-Sep-2026, 762.35, 770.95, 771.20, 750.00, 752.00, 751.95, 758.66, 150797, 1144.03, 12360, 82389, 54.64
WHITEFORCE, SM, 15-Sep-2026, 37.20, 40.45, 41.25, 40.45, 41.25, 41.25, 40.62, 8000, 3.25, 5, 8000, 100.00
WILLAMAGOR, EQ, 15-Sep-2026, 24.18, 24.80, 24.80, 23.60, 24.60, 24.46, 24.30, 887, 0.22, 38, 673, 75.87
WINDLAS, EQ, 15-Sep-2026, 1129.25, 1137.00, 1144.00, 1084.00, 1100.00, 1098.15, 1112.23, 83578, 929.58, 10495, 43308, 51.82
WINDMACHIN, EQ, 15-Sep-2026, 300.65, 302.80, 306.00, 283.80, 300.00, 300.70, 298.77, 472746, 1412.40, 5305, 333342, 70.51
WINSOL, SM, 15-Sep-2026, 114.25, 113.80, 113.80, 107.15, 107.15, 107.15, 110.48, 800, 0.88, 2, 800, 100.00
WIPL, EQ, 15-Sep-2026, 169.58, 169.58, 169.58, 165.12, 169.57, 168.72, 168.79, 472, 0.80, 29, 412, 87.29
WIPRO, EQ, 15-Sep-2026, 167.40, 172.20, 173.35, 169.01, 170.00, 170.00, 171.52, 11722173, 20106.04, 87437, 3507523, 29.92
WOCKPHARMA, EQ, 15-Sep-2026, 2179.40, 2190.00, 2193.80, 2055.00, 2069.90, 2064.10, 2105.43, 851928, 17936.73, 51838, 384055, 45.08
WOL3D, SM, 15-Sep-2026, 143.90, 143.90, 143.90, 136.75, 136.75, 137.50, 139.10, 4000, 5.56, 4, 4000, 100.00
WOMANCART, ST, 15-Sep-2026, 104.45, 104.00, 108.90, 102.00, 104.50, 103.20, 105.78, 18800, 19.89, 43, 16000, 85.11
WONDERLA, EQ, 15-Sep-2026, 520.95, 528.00, 530.15, 510.00, 512.55, 514.20, 521.51, 73992, 385.87, 3082, 47188, 63.77
WORTHPERI, EQ, 15-Sep-2026, 145.82, 144.36, 147.98, 141.37, 142.50, 142.83, 144.43, 3575, 5.16, 112, 2592, 72.50
WPIL, EQ, 15-Sep-2026, 435.25, 435.25, 440.40, 421.50, 429.00, 428.55, 434.10, 30776, 133.60, 1522, 17571, 57.09
WSI, EQ, 15-Sep-2026, 61.92, 60.20, 62.50, 59.00, 60.00, 59.92, 60.12, 72062, 43.32, 3043, 23474, 32.57
WSTCSTPAPR, EQ, 15-Sep-2026, 713.80, 713.00, 734.00, 705.85, 714.00, 713.30, 717.26, 375037, 2690.01, 15803, 200508, 53.46
WTICAB, SM, 15-Sep-2026, 102.85, 102.85, 105.00, 100.70, 102.00, 101.95, 103.63, 21000, 21.76, 26, 18000, 85.71
XCHANGING, EQ, 15-Sep-2026, 62.34, 62.90, 66.50, 62.32, 64.14, 64.50, 65.23, 511238, 333.49, 4239, 189824, 37.13
XELPMOC, EQ, 15-Sep-2026, 76.03, 77.50, 78.15, 74.20, 75.79, 74.59, 76.21, 10867, 8.28, 330, 8741, 80.44
XPROINDIA, EQ, 15-Sep-2026, 1294.70, 1294.70, 1295.00, 1259.90, 1273.00, 1268.20, 1277.98, 54197, 692.63, 3812, 35536, 65.57
XTGLOBAL, EQ, 15-Sep-2026, 29.53, 29.55, 31.80, 29.25, 29.85, 29.45, 30.82, 82382, 25.39, 890, 31868, 38.68
XTRANET, EQ, 15-Sep-2026, 271.34, 278.00, 292.94, 271.00, 276.10, 276.09, 280.01, 2631980, 7369.77, 45991, 467216, 17.75
YAAP, SM, 15-Sep-2026, 125.50, 127.50, 128.00, 120.30, 123.95, 123.95, 125.19, 9000, 11.27, 9, 7000, 77.78
YASHO, EQ, 15-Sep-2026, 4187.50, 4260.00, 4286.90, 3855.00, 3944.00, 3883.40, 3962.85, 72056, 2855.47, 16514, 34658, 48.10
YASHOPTICS, SM, 15-Sep-2026, 121.85, 123.00, 131.90, 123.00, 130.00, 129.85, 128.01, 78400, 100.36, 75, 75200, 95.92
YATHARTH, EQ, 15-Sep-2026, 966.30, 1000.00, 1024.00, 972.00, 982.80, 981.80, 996.86, 693776, 6915.96, 31803, 236304, 34.06
YATRA, EQ, 15-Sep-2026, 115.42, 114.28, 115.67, 107.50, 108.81, 107.96, 110.96, 969513, 1075.80, 8952, 521831, 53.82
YCCL, SM, 15-Sep-2026, 8.50, 8.00, 8.50, 8.00, 8.50, 8.50, 8.33, 9000, 0.75, 3, 6000, 66.67
YESBANK, EQ, 15-Sep-2026, 23.48, 23.68, 23.90, 22.99, 23.07, 23.07, 23.30, 95413759, 22229.97, 98296, 39300920, 41.19
YOGI, EQ, 15-Sep-2026, 157.13, 157.50, 166.95, 157.50, 162.00, 158.58, 158.87, 390, 0.62, 10, 350, 89.74
YUDIZ, SM, 15-Sep-2026, 23.30, 22.85, 22.85, 22.30, 22.30, 22.30, 22.58, 1600, 0.36, 2, 1600, 100.00
YUKEN, EQ, 15-Sep-2026, 1113.75, 1124.00, 1124.00, 1046.00, 1084.00, 1077.60, 1074.21, 43272, 464.83, 3332, 24109, 55.72
ZAGGLE, EQ, 15-Sep-2026, 187.00, 188.52, 188.54, 178.42, 179.50, 179.41, 181.46, 1178475, 2138.50, 14612, 500552, 42.47
ZEAL, SM, 15-Sep-2026, 76.55, 77.00, 83.50, 77.00, 83.50, 83.50, 80.66, 7200, 5.81, 11, 6600, 91.67
ZEEL, EQ, 15-Sep-2026, 79.36, 80.00, 80.29, 77.11, 77.38, 77.41, 78.53, 13904557, 10919.12, 48764, 5437963, 39.11
ZEELEARN, EQ, 15-Sep-2026, 6.78, 7.15, 7.25, 6.60, 6.61, 6.63, 6.88, 371367, 25.54, 774, 302354, 81.42
ZEEMEDIA, EQ, 15-Sep-2026, 7.43, 7.50, 7.56, 7.25, 7.25, 7.27, 7.33, 1749367, 128.25, 1751, 1066381, 60.96
ZENITHDRUG, SM, 15-Sep-2026, 47.85, 47.80, 47.80, 45.00, 46.10, 46.10, 45.64, 6400, 2.92, 7, 4800, 75.00
ZENITHEXPO, EQ, 15-Sep-2026, 205.00, 207.05, 207.05, 194.75, 196.06, 196.35, 196.21, 238, 0.47, 19, 210, 88.24
ZENITHSTL, EQ, 15-Sep-2026, 5.85, 5.95, 5.95, 5.51, 5.80, 5.71, 5.80, 54663, 3.17, 295, 34757, 63.58
ZENSARTECH, EQ, 15-Sep-2026, 425.25, 430.00, 479.90, 430.00, 443.00, 440.20, 461.55, 42017111, 193930.26, 601675, 2078890, 4.95
ZENTEC, EQ, 15-Sep-2026, 1722.60, 1730.00, 1732.80, 1630.00, 1642.00, 1638.90, 1668.52, 529917, 8841.79, 39848, 225085, 42.48
ZFCVINDIA, EQ, 15-Sep-2026, 2548.20, 2560.00, 2560.00, 2495.50, 2514.00, 2511.50, 2518.81, 78066, 1966.33, 20070, 48687, 62.37
ZFSTEERING, EQ, 15-Sep-2026, 764.75, 765.00, 792.00, 750.00, 750.00, 762.05, 775.72, 21612, 167.65, 1059, 12871, 59.55
ZIMLAB, EQ, 15-Sep-2026, 139.22, 136.00, 138.96, 128.02, 132.11, 133.61, 134.34, 146082, 196.24, 1854, 68702, 47.03
ZODIAC, EQ, 15-Sep-2026, 227.98, 221.50, 226.85, 220.01, 221.15, 221.61, 222.53, 14986, 33.35, 1071, 9007, 60.10
ZODIACLOTH, EQ, 15-Sep-2026, 69.54, 70.67, 70.67, 68.00, 69.35, 69.67, 69.26, 5490, 3.80, 117, 3161, 57.58
ZOTA, EQ, 15-Sep-2026, 1087.20, 1088.00, 1124.00, 1088.00, 1114.00, 1113.10, 1108.99, 53200, 589.98, 3054, 33965, 63.84
ZSARACOM, EQ, 15-Sep-2026, 10797.00, 10600.00, 11000.00, 10300.00, 10310.00, 10337.00, 10679.23, 43, 4.59, 33, 36, 83.72
ZTECH, SM, 15-Sep-2026, 434.95, 446.00, 450.00, 400.00, 405.05, 425.25, 428.21, 34200, 146.45, 109, 30300, 88.60
ZUARI, EQ, 15-Sep-2026, 220.42, 220.00, 222.12, 210.10, 211.70, 212.40, 215.05, 103154, 221.83, 3221, 64586, 62.61
ZUARIIND, EQ, 15-Sep-2026, 273.15, 273.40, 273.60, 264.25, 264.30, 265.30, 268.63, 52743, 141.68, 1463, 32988, 62.54
ZYDUSLIFE, EQ, 15-Sep-2026, 1119.10, 1120.10, 1124.50, 1099.00, 1099.00, 1099.00, 1110.48, 522672, 5804.18, 27925, 293146, 56.09
ZYDUSWELL, EQ, 15-Sep-2026, 552.00, 549.35, 558.45, 544.35, 550.00, 549.95, 550.75, 260004, 1431.96, 24968, 146340, 56.28
