SYMBOL, SERIES, DATE1, PREV_CLOSE, OPEN_PRICE, HIGH_PRICE, LOW_PRICE, LAST_PRICE, CLOSE_PRICE, AVG_PRICE, TTL_TRD_QNTY, TURNOVER_LACS, NO_OF_TRADES, DELIV_QTY, DELIV_PER
1018GS2026, GS, 02-Sep-2026, 104.60, 105.00, 105.00, 104.60, 104.60, 104.60, 104.83, 16, 0.02, 2, 16, 100.00
20MICRONS, EQ, 02-Sep-2026, 213.00, 212.00, 216.39, 207.00, 212.56, 211.36, 211.89, 90223, 191.18, 3513, 39404, 43.67
21STCENMGM, EQ, 02-Sep-2026, 39.60, 40.39, 40.39, 38.81, 39.38, 38.85, 39.01, 5812, 2.27, 73, 5284, 90.92
360ONE, EQ, 02-Sep-2026, 1165.60, 1156.40, 1181.30, 1128.60, 1181.30, 1181.30, 1148.39, 666823, 7657.75, 29892, 356593, 53.48
3BBLACKBIO, EQ, 02-Sep-2026, 1523.50, 1528.50, 1588.90, 1469.10, 1478.90, 1478.60, 1544.14, 50928, 786.40, 5115, 28458, 55.88
3IINFOLTD, BE, 02-Sep-2026, 22.67, 22.80, 22.99, 22.01, 22.40, 22.43, 22.25, 131772, 29.32, 656, -, -
3MINDIA, EQ, 02-Sep-2026, 33315.00, 33205.00, 33290.00, 32805.00, 32805.00, 32895.00, 32926.76, 1858, 611.78, 1240, 1164, 62.65
3PLAND, EQ, 02-Sep-2026, 31.80, 31.80, 33.97, 31.51, 32.75, 32.75, 31.86, 911, 0.29, 55, 876, 96.16
574GS2026, GS, 02-Sep-2026, 101.03, 101.05, 101.05, 101.05, 101.05, 101.05, 101.05, 1, 0.00, 1, 1, 100.00
591GS2028, GS, 02-Sep-2026, 99.70, 99.71, 99.78, 99.70, 99.78, 99.78, 99.71, 3760, 3.75, 6, 3760, 100.00
5PAISA, EQ, 02-Sep-2026, 344.85, 344.25, 344.80, 335.00, 337.95, 336.55, 339.22, 26993, 91.57, 1671, 15611, 57.83
601GS2030, GS, 02-Sep-2026, 99.00, 99.00, 99.00, 99.00, 99.00, 99.00, 99.00, 100, 0.10, 2, 100, 100.00
603GS2029, GS, 02-Sep-2026, 99.00, 98.81, 98.81, 98.50, 98.50, 98.50, 98.72, 5000, 4.94, 3, 5000, 100.00
610GS2031, GS, 02-Sep-2026, 99.99, 99.99, 99.99, 99.00, 99.00, 99.00, 99.20, 3003, 2.98, 5, 1502, 50.02
620GS2029, GS, 02-Sep-2026, 99.80, 99.79, 100.00, 99.50, 100.00, 99.98, 99.75, 1056, 1.05, 7, 1055, 99.91
628GS2032, GS, 02-Sep-2026, 97.85, 99.50, 99.50, 99.50, 99.50, 99.50, 99.50, 9349, 9.30, 2, 9349, 100.00
636GS2031, GS, 02-Sep-2026, 100.00, 100.00, 100.00, 100.00, 100.00, 100.00, 100.00, 1, 0.00, 1, 1, 100.00
63MOONS, EQ, 02-Sep-2026, 775.55, 777.75, 820.00, 775.00, 803.50, 805.10, 798.33, 444235, 3546.47, 17298, 194725, 43.83
645GS2029, GS, 02-Sep-2026, 101.60, 103.20, 103.20, 103.20, 103.20, 103.20, 103.20, 1, 0.00, 1, 1, 100.00
667GS2050, GS, 02-Sep-2026, 92.25, 92.10, 92.25, 92.10, 92.25, 92.25, 92.13, 5339, 4.92, 6, 5339, 100.00
668GS2040, GS, 02-Sep-2026, 97.89, 98.25, 98.25, 97.93, 97.93, 97.93, 98.03, 442, 0.43, 4, 442, 100.00
676GS2061, GS, 02-Sep-2026, 90.74, 90.90, 90.90, 90.40, 90.79, 90.79, 90.53, 125937, 114.02, 47, 122033, 96.90
690GS2065, GS, 02-Sep-2026, 93.70, 93.60, 93.60, 93.00, 93.48, 93.48, 93.39, 101928, 95.19, 49, 101024, 99.11
692GS2039, GS, 02-Sep-2026, 100.00, 99.00, 99.00, 99.00, 99.00, 99.00, 99.00, 110, 0.11, 1, 110, 100.00
694GS2036, GS, 02-Sep-2026, 102.65, 102.65, 102.65, 101.62, 102.40, 102.40, 102.36, 1300, 1.33, 4, 1300, 100.00
695GS2061, GS, 02-Sep-2026, 93.40, 93.00, 93.01, 92.30, 93.00, 93.00, 92.71, 6901, 6.40, 5, 6901, 100.00
698GR2054, GS, 02-Sep-2026, 95.00, 93.10, 93.10, 93.10, 93.10, 93.10, 93.10, 100, 0.09, 1, 100, 100.00
702GS2027, GS, 02-Sep-2026, 102.40, 103.00, 103.00, 103.00, 103.00, 103.00, 103.00, 2010, 2.07, 2, 2010, 100.00
706GS2028, GS, 02-Sep-2026, 104.34, 104.00, 104.20, 103.61, 104.20, 104.20, 103.84, 4560, 4.74, 4, 4560, 100.00
706GS2041, GS, 02-Sep-2026, 100.25, 100.25, 100.50, 99.25, 99.25, 99.25, 100.42, 6775, 6.80, 9, 6775, 100.00
709GS2054, GS, 02-Sep-2026, 95.70, 96.00, 96.00, 95.60, 95.65, 95.65, 95.75, 11163, 10.69, 13, 11162, 99.99
709GS2074, GS, 02-Sep-2026, 95.25, 95.85, 95.85, 95.30, 95.50, 95.50, 95.50, 9285, 8.87, 29, 8775, 94.51
710GS2029, GS, 02-Sep-2026, 104.17, 104.16, 104.45, 104.15, 104.30, 104.30, 104.28, 25148, 26.22, 8, 25148, 100.00
716GS2050, GS, 02-Sep-2026, 101.00, 102.00, 102.00, 102.00, 102.00, 102.00, 102.00, 450, 0.46, 1, 450, 100.00
718GS2037, GS, 02-Sep-2026, 104.00, 102.31, 103.82, 102.25, 102.50, 102.27, 102.28, 76402, 78.14, 26, 75700, 99.08
724GS2055, GS, 02-Sep-2026, 97.35, 97.11, 97.20, 96.92, 97.15, 97.15, 97.03, 144021, 139.74, 94, 144021, 100.00
725GS2063, GS, 02-Sep-2026, 96.95, 97.80, 97.80, 96.70, 96.81, 96.81, 96.85, 486161, 470.84, 220, 478274, 98.38
726GS2032, GS, 02-Sep-2026, 103.00, 101.56, 103.00, 101.56, 103.00, 103.00, 102.77, 4400, 4.52, 3, 4400, 100.00
726GS2033, GS, 02-Sep-2026, 104.00, 102.00, 103.00, 101.70, 102.55, 102.55, 102.36, 22850, 23.39, 7, 8850, 38.73
732GS2030, GS, 02-Sep-2026, 104.00, 103.77, 103.95, 102.57, 102.57, 102.57, 103.67, 650, 0.67, 4, 650, 100.00
733GS2026, GS, 02-Sep-2026, 101.85, 101.95, 102.25, 101.72, 102.25, 102.25, 101.95, 2200, 2.24, 7, 1500, 68.18
734GS2064, GS, 02-Sep-2026, 99.10, 99.00, 99.00, 98.76, 98.83, 98.83, 98.91, 166235, 164.42, 123, 166235, 100.00
735NABAR31, N1, 02-Sep-2026, 1115.00, 1120.00, 1138.45, 1110.00, 1110.00, 1110.00, 1128.25, 1036, 11.69, 10, 1000, 96.53
737GS2028, GS, 02-Sep-2026, 106.58, 104.21, 106.58, 104.21, 106.58, 106.58, 104.70, 12814, 13.42, 23, 12814, 100.00
738GS2027, GS, 02-Sep-2026, 102.40, 102.40, 102.70, 102.40, 102.63, 102.63, 102.57, 168119, 172.43, 36, 168022, 99.94
73GS2053, GS, 02-Sep-2026, 98.65, 98.26, 98.90, 97.41, 98.90, 98.83, 98.29, 20989, 20.63, 26, 16727, 79.69
741GS2036, GS, 02-Sep-2026, 105.00, 104.80, 104.90, 104.40, 104.85, 104.40, 104.55, 37549, 39.26, 30, 37310, 99.36
743GS2076, GS, 02-Sep-2026, 99.73, 99.25, 99.99, 99.25, 99.85, 99.82, 99.44, 16473, 16.38, 16, 16473, 100.00
746GS2073, GS, 02-Sep-2026, 101.50, 101.00, 104.00, 101.00, 101.50, 101.50, 101.19, 8082, 8.18, 6, 8082, 100.00
74GS2062, GS, 02-Sep-2026, 103.95, 103.00, 103.89, 102.99, 102.99, 102.99, 103.02, 208, 0.21, 4, 208, 100.00
754GS2036, GS, 02-Sep-2026, 106.08, 106.38, 106.38, 106.00, 106.05, 106.08, 106.08, 323043, 342.70, 199, 304238, 94.18
757GS2033, GS, 02-Sep-2026, 105.50, 105.00, 105.00, 105.00, 105.00, 105.00, 105.00, 7765, 8.15, 2, 7765, 100.00
771GS2066, GS, 02-Sep-2026, 103.88, 103.95, 103.95, 103.41, 103.89, 103.83, 103.81, 14517, 15.07, 31, 13890, 95.68
897GS2030, GS, 02-Sep-2026, 112.00, 111.00, 111.50, 111.00, 111.50, 111.50, 111.43, 2450, 2.73, 7, 2450, 100.00
92GS2030, GS, 02-Sep-2026, 115.50, 117.49, 117.49, 113.93, 116.98, 116.98, 113.97, 152, 0.17, 4, 150, 98.68
A2ZINFRA, EQ, 02-Sep-2026, 16.66, 16.16, 16.80, 16.11, 16.50, 16.40, 16.40, 167484, 27.47, 424, 111978, 66.86
AAATECH, EQ, 02-Sep-2026, 93.72, 93.79, 95.77, 93.01, 93.75, 93.07, 93.66, 9744, 9.13, 169, 8377, 85.97
AADHARHFC, EQ, 02-Sep-2026, 476.45, 478.50, 478.50, 465.00, 476.00, 475.40, 474.02, 240290, 1139.03, 14622, 142844, 59.45
AAKAAR, SM, 02-Sep-2026, 63.50, 62.05, 63.50, 61.95, 62.00, 62.00, 62.36, 11200, 6.98, 7, 8000, 71.43
AAKASH, EQ, 02-Sep-2026, 8.68, 8.80, 8.87, 8.52, 8.72, 8.67, 8.71, 72356, 6.30, 273, 47527, 65.68
AARADHYA, SM, 02-Sep-2026, 93.60, 95.50, 102.95, 94.00, 102.95, 102.95, 100.72, 38400, 38.68, 31, 27600, 71.88
AAREYDRUGS, EQ, 02-Sep-2026, 92.49, 92.50, 94.00, 91.00, 92.00, 91.72, 92.63, 146358, 135.57, 1767, 77292, 52.81
AARNAV, BE, 02-Sep-2026, 33.63, 33.60, 33.60, 32.05, 32.10, 32.10, 32.25, 6179, 1.99, 38, -, -
AARON, EQ, 02-Sep-2026, 127.59, 127.60, 130.00, 124.68, 126.40, 125.95, 126.77, 8560, 10.85, 403, 5360, 62.62
AARTECH, BE, 02-Sep-2026, 48.94, 48.00, 50.00, 48.00, 49.99, 49.81, 49.70, 68063, 33.82, 173, -, -
AARTIDRUGS, EQ, 02-Sep-2026, 427.10, 430.00, 430.00, 415.85, 417.55, 417.80, 419.52, 170806, 716.57, 6266, 94022, 55.05
AARTIIND, EQ, 02-Sep-2026, 524.85, 520.00, 520.90, 503.05, 505.85, 505.20, 510.20, 917705, 4682.13, 30622, 473138, 51.56
AARTIPHARM, EQ, 02-Sep-2026, 865.20, 866.00, 879.40, 859.50, 864.45, 867.25, 869.36, 343720, 2988.16, 19770, 119273, 34.70
AARTISURF, BE, 02-Sep-2026, 514.45, 507.00, 539.90, 502.00, 525.55, 526.05, 517.14, 22238, 115.00, 563, -, -
AARVI, EQ, 02-Sep-2026, 148.92, 148.94, 149.00, 142.20, 143.27, 143.08, 144.09, 29676, 42.76, 1038, 16193, 54.57
AASTHA, EQ, 02-Sep-2026, 83.01, 82.96, 82.96, 78.10, 79.99, 79.19, 79.81, 304911, 243.34, 3002, 153434, 50.32
AAVAS, EQ, 02-Sep-2026, 1248.40, 1248.50, 1287.60, 1234.20, 1254.40, 1258.70, 1259.50, 229811, 2894.46, 31542, 98749, 42.97
ABAN, BE, 02-Sep-2026, 14.54, 14.54, 14.83, 14.25, 14.83, 14.83, 14.73, 60782, 8.96, 230, -, -
ABANSENT, EQ, 02-Sep-2026, 27.93, 27.93, 27.93, 26.63, 27.05, 27.58, 27.27, 14689, 4.01, 84, 13831, 94.16
ABB, EQ, 02-Sep-2026, 7396.00, 7348.50, 7447.50, 7258.00, 7447.50, 7447.50, 7344.95, 163580, 12014.87, 24294, 81884, 50.06
ABBOTINDIA, EQ, 02-Sep-2026, 26135.00, 26185.00, 26265.00, 25810.00, 26095.00, 26045.00, 26062.65, 7827, 2039.92, 3968, 4046, 51.69
ABCAPITAL, EQ, 02-Sep-2026, 394.45, 390.00, 397.05, 385.10, 397.05, 397.05, 392.65, 4883439, 19174.83, 42390, 2810866, 57.56
ABCOTS, EQ, 02-Sep-2026, 213.11, 215.90, 215.90, 208.00, 211.85, 209.57, 210.83, 2466, 5.20, 145, 1276, 51.74
ABDL, EQ, 02-Sep-2026, 617.20, 614.00, 614.90, 603.35, 604.05, 604.40, 608.47, 125467, 763.43, 7666, 61226, 48.80
ABFRL, EQ, 02-Sep-2026, 51.10, 51.10, 51.29, 50.20, 50.75, 50.47, 50.70, 4428051, 2245.15, 20145, 2092206, 47.25
ABGSEC, EQ, 02-Sep-2026, 113.68, 113.68, 114.75, 113.51, 113.51, 113.51, 114.49, 44, 0.05, 14, 42, 95.45
ABH, ST, 02-Sep-2026, 94.05, 89.35, 89.35, 89.35, 89.35, 89.35, 89.35, 1200, 1.07, 1, 1200, 100.00
ABHAPOWER, SM, 02-Sep-2026, 23.80, 23.90, 23.90, 23.90, 23.90, 23.90, 23.90, 1600, 0.38, 1, 1600, 100.00
ABINFRA, BE, 02-Sep-2026, 11.32, 11.03, 11.39, 11.03, 11.39, 11.27, 11.19, 87389, 9.78, 269, -, -
ABLBL, EQ, 02-Sep-2026, 85.33, 84.60, 84.70, 82.61, 83.00, 82.78, 83.20, 860340, 715.80, 12643, 537695, 62.50
ABMINTLLTD, BE, 02-Sep-2026, 55.00, 55.00, 56.10, 55.00, 56.10, 56.10, 55.18, 132, 0.07, 6, -, -
ABMKNO, EQ, 02-Sep-2026, 186.74, 190.91, 191.86, 190.00, 190.90, 190.90, 190.81, 1070, 2.04, 24, 1010, 94.39
ABREL, EQ, 02-Sep-2026, 1357.00, 1350.30, 1350.30, 1318.70, 1335.60, 1331.10, 1333.71, 84555, 1127.72, 7680, 45090, 53.33
ABSL10BANK, EQ, 02-Sep-2026, 168.36, 168.00, 168.02, 167.74, 167.74, 167.74, 167.96, 34, 0.06, 3, 34, 100.00
ABSLAMC, EQ, 02-Sep-2026, 1029.10, 1025.30, 1036.40, 1007.50, 1036.40, 1022.00, 1020.18, 398572, 4066.16, 13309, 320241, 80.35
ABSLBANETF, EQ, 02-Sep-2026, 58.88, 59.30, 59.30, 58.28, 58.76, 58.64, 58.57, 916157, 536.62, 329, 910461, 99.38
ABSLLIQUID, EQ, 02-Sep-2026, 1000.00, 1000.01, 1000.01, 999.99, 999.99, 999.99, 1000.00, 1033, 10.33, 41, 726, 70.28
ABSLMSCIN, EQ, 02-Sep-2026, 29.51, 29.51, 29.51, 29.14, 29.37, 29.37, 29.34, 553, 0.16, 14, 433, 78.30
ABSLNN50ET, EQ, 02-Sep-2026, 76.79, 78.33, 78.33, 75.75, 77.00, 77.04, 76.28, 19744, 15.06, 265, 17406, 88.16
ABSLPSE, EQ, 02-Sep-2026, 10.05, 10.17, 10.17, 9.97, 10.01, 10.07, 10.07, 186780, 18.81, 1468, 91738, 49.12
ABSMARINE, SM, 02-Sep-2026, 288.50, 283.50, 294.15, 277.10, 288.20, 289.60, 287.09, 54500, 156.47, 92, 41000, 75.23
ACC, EQ, 02-Sep-2026, 1272.30, 1271.00, 1272.20, 1252.90, 1267.00, 1266.60, 1266.15, 146429, 1854.00, 13465, 83638, 57.12
ACCELYA, EQ, 02-Sep-2026, 1132.30, 1137.90, 1143.80, 1125.60, 1133.30, 1135.10, 1135.05, 4566, 51.83, 428, 3068, 67.19
ACCENTMIC, SM, 02-Sep-2026, 605.90, 606.95, 607.00, 597.35, 603.00, 602.10, 600.84, 27000, 162.23, 48, 18500, 68.52
ACCPL, ST, 02-Sep-2026, 207.00, 203.00, 205.00, 203.00, 205.00, 205.00, 204.00, 2400, 4.90, 2, 2400, 100.00
ACCURACY, BE, 02-Sep-2026, 4.21, 4.29, 4.29, 4.16, 4.27, 4.26, 4.24, 57458, 2.43, 151, -, -
ACE, EQ, 02-Sep-2026, 1093.80, 1087.00, 1099.90, 1073.80, 1097.20, 1090.90, 1086.25, 159180, 1729.10, 13346, 66878, 42.01
ACEINTEG, EQ, 02-Sep-2026, 17.63, 17.45, 17.67, 17.01, 17.31, 17.27, 17.21, 5445, 0.94, 92, 4042, 74.23
ACETEC, SM, 02-Sep-2026, 139.00, 135.00, 139.00, 135.00, 139.00, 139.00, 137.00, 2400, 3.29, 2, 2400, 100.00
ACGL, EQ, 02-Sep-2026, 1787.80, 1795.00, 1809.80, 1756.00, 1760.00, 1760.00, 1767.72, 629, 11.12, 145, 509, 80.92
ACI, EQ, 02-Sep-2026, 492.65, 490.00, 501.00, 484.15, 493.35, 494.10, 491.52, 635843, 3125.27, 18077, 438899, 69.03
ACL, EQ, 02-Sep-2026, 43.94, 44.10, 44.20, 43.13, 43.65, 43.92, 43.75, 8724, 3.82, 214, 4460, 51.12
ACMESOLAR, EQ, 02-Sep-2026, 403.70, 395.00, 411.15, 391.10, 397.90, 398.25, 400.84, 2449655, 9819.28, 106139, 1028586, 41.99
ACSTECH, BE, 02-Sep-2026, 50.94, 50.94, 51.50, 50.02, 50.70, 51.25, 51.18, 59299, 30.35, 156, -, -
ACTIVEINFR, SM, 02-Sep-2026, 172.50, 172.50, 172.50, 172.50, 172.50, 172.50, 172.50, 600, 1.04, 1, 600, 100.00
ACUTAAS, EQ, 02-Sep-2026, 3174.30, 3161.10, 3195.60, 3120.00, 3147.50, 3134.90, 3144.87, 190272, 5983.81, 23108, 117483, 61.74
ADANIENSOL, EQ, 02-Sep-2026, 1382.00, 1374.60, 1401.00, 1348.00, 1396.60, 1396.60, 1377.94, 4214587, 58074.49, 106245, 2048674, 48.61
ADANIENT, EQ, 02-Sep-2026, 2863.90, 2859.80, 2905.00, 2830.50, 2891.80, 2891.80, 2879.02, 1642492, 47287.69, 80452, 646254, 39.35
ADANIGREEN, EQ, 02-Sep-2026, 1265.00, 1244.00, 1303.00, 1236.40, 1296.00, 1296.00, 1281.24, 2634560, 33755.06, 68860, 777377, 29.51
ADANIPORTS, EQ, 02-Sep-2026, 1647.50, 1637.10, 1676.70, 1632.10, 1672.70, 1672.70, 1663.49, 2338937, 38907.90, 71148, 1059507, 45.30
ADANIPOWER, EQ, 02-Sep-2026, 204.36, 202.59, 207.70, 200.12, 207.70, 207.70, 205.09, 18174608, 37274.13, 95985, 5571900, 30.66
ADDICTIVE, SM, 02-Sep-2026, 45.50, 45.25, 45.25, 43.65, 44.00, 44.00, 44.71, 12000, 5.37, 15, 11000, 91.67
ADDIND, EQ, 02-Sep-2026, 81.44, 83.50, 90.00, 83.50, 85.29, 85.29, 86.43, 595, 0.51, 18, 592, 99.50
ADFFOODS, EQ, 02-Sep-2026, 265.15, 263.00, 269.00, 258.80, 268.50, 267.70, 262.80, 107626, 282.84, 3112, 40662, 37.78
ADISOFT, SM, 02-Sep-2026, 188.80, 185.05, 204.65, 184.55, 197.90, 196.70, 194.87, 68000, 132.51, 77, 40800, 60.00
ADL, EQ, 02-Sep-2026, 75.42, 76.93, 76.93, 71.75, 76.57, 76.40, 74.16, 1341, 0.99, 39, 1077, 80.31
ADOR, EQ, 02-Sep-2026, 1700.80, 1706.00, 1744.80, 1670.80, 1740.00, 1730.30, 1719.03, 71667, 1231.98, 8126, 30929, 43.16
ADROITINFO, EQ, 02-Sep-2026, 10.46, 10.53, 10.55, 10.02, 10.22, 10.26, 10.37, 7962, 0.83, 80, 5341, 67.08
ADSL, EQ, 02-Sep-2026, 103.94, 103.80, 104.94, 100.65, 104.30, 103.90, 103.69, 60736, 62.97, 1182, 28058, 46.20
ADVAIT, EQ, 02-Sep-2026, 2121.00, 2095.00, 2160.00, 2080.00, 2160.00, 2139.00, 2126.46, 49312, 1048.60, 6572, 23948, 48.56
ADVANCE, EQ, 02-Sep-2026, 116.22, 116.62, 121.09, 115.10, 117.50, 117.89, 119.03, 331320, 394.38, 3421, 149189, 45.03
ADVANIHOTR, EQ, 02-Sep-2026, 49.55, 49.60, 50.00, 49.30, 49.30, 49.43, 49.70, 27794, 13.81, 348, 24407, 87.81
ADVENTHTL, EQ, 02-Sep-2026, 135.72, 134.55, 137.98, 133.41, 137.00, 136.89, 136.02, 48518, 66.00, 1378, 22557, 46.49
ADVENZYMES, EQ, 02-Sep-2026, 295.35, 295.35, 296.60, 292.25, 293.00, 292.90, 294.38, 188103, 553.74, 3173, 123072, 65.43
ADVIKCA, EQ, 02-Sep-2026, 1.15, 1.16, 1.26, 1.11, 1.15, 1.15, 1.15, 899571, 10.35, 467, 496530, 55.20
AEGISLOG, EQ, 02-Sep-2026, 1219.30, 1202.00, 1252.90, 1200.00, 1247.70, 1241.80, 1227.00, 722924, 8870.30, 37358, 282474, 39.07
AEGISVOPAK, EQ, 02-Sep-2026, 270.10, 268.45, 288.30, 266.30, 286.50, 286.30, 281.60, 3128778, 8810.60, 40284, 963610, 30.80
AEPL, EQ, 02-Sep-2026, 15.09, 15.87, 15.87, 15.00, 15.02, 15.08, 15.12, 478365, 72.34, 319, 466050, 97.43
AEQUS, EQ, 02-Sep-2026, 247.47, 245.00, 248.15, 241.03, 245.00, 245.62, 245.44, 1668299, 4094.66, 24263, 859466, 51.52
AEROENTER, EQ, 02-Sep-2026, 143.39, 142.00, 143.59, 139.41, 140.70, 140.46, 140.74, 413196, 581.54, 4515, 195730, 47.37
AEROFLEX, EQ, 02-Sep-2026, 552.05, 548.20, 561.45, 536.30, 541.25, 540.75, 546.57, 1124008, 6143.53, 26633, 358181, 31.87
AERON, SM, 02-Sep-2026, 74.15, 74.15, 76.50, 71.55, 75.00, 75.25, 74.16, 20000, 14.83, 20, 17000, 85.00
AERONEU, EQ, 02-Sep-2026, 77.97, 79.87, 84.70, 77.80, 81.30, 80.70, 79.97, 72398, 57.89, 1700, 19412, 26.81
AEROPLANE, EQ, 02-Sep-2026, 174.19, 173.95, 182.32, 172.63, 178.05, 179.25, 179.73, 711360, 1278.52, 4885, 566738, 79.67
AESTHETIK, SM, 02-Sep-2026, 69.00, 68.95, 69.00, 68.00, 69.00, 69.00, 68.74, 18000, 12.37, 9, 12000, 66.67
AETHER, EQ, 02-Sep-2026, 1683.70, 1685.00, 1693.70, 1641.10, 1657.70, 1646.40, 1657.46, 232941, 3860.90, 18828, 126618, 54.36
AFCONS, EQ, 02-Sep-2026, 285.25, 282.05, 286.25, 280.50, 285.50, 285.10, 283.68, 402500, 1141.80, 6552, 249497, 61.99
AFFLE, EQ, 02-Sep-2026, 1565.10, 1561.00, 1561.00, 1509.00, 1518.00, 1517.90, 1520.26, 443298, 6739.28, 33661, 277454, 62.59
AFFORDABLE, EQ, 02-Sep-2026, 157.07, 160.99, 161.80, 157.05, 160.50, 159.41, 159.45, 7436, 11.86, 388, 4665, 62.74
AFIL, EQ, 02-Sep-2026, 9.43, 9.31, 9.58, 9.31, 9.35, 9.39, 9.41, 196038, 18.44, 316, 116761, 59.56
AFSL, EQ, 02-Sep-2026, 207.73, 205.00, 215.00, 202.25, 210.65, 210.47, 209.47, 6924, 14.50, 322, 3676, 53.09
AGARIND, EQ, 02-Sep-2026, 442.80, 439.50, 454.70, 432.05, 449.60, 450.55, 442.39, 49700, 219.87, 2846, 30376, 61.12
AGARWALEYE, EQ, 02-Sep-2026, 508.70, 508.15, 524.50, 508.15, 511.00, 514.25, 516.54, 640862, 3310.31, 17554, 368160, 57.45
AGARWALFT, SM, 02-Sep-2026, 30.35, 29.00, 30.00, 28.85, 30.00, 30.00, 28.97, 16500, 4.78, 7, 15000, 90.91
AGARWALTUF, SM, 02-Sep-2026, 133.80, 133.00, 133.00, 130.00, 130.00, 131.00, 131.87, 20400, 26.90, 13, 18000, 88.24
AGI, EQ, 02-Sep-2026, 782.25, 776.00, 778.35, 748.00, 749.00, 749.45, 759.01, 199603, 1515.01, 11254, 105614, 52.91
AGIIL, EQ, 02-Sep-2026, 286.10, 284.70, 285.00, 276.50, 281.75, 280.75, 280.41, 231029, 647.83, 4242, 97668, 42.28
AGL, EQ, 02-Sep-2026, 13.59, 13.56, 13.95, 13.28, 13.70, 13.79, 13.62, 1532028, 208.59, 2719, 787486, 51.40
AGRITECH, EQ, 02-Sep-2026, 101.16, 102.37, 104.90, 100.60, 100.90, 100.90, 102.21, 3722, 3.80, 78, 2674, 71.84
AGROPHOS, EQ, 02-Sep-2026, 25.60, 25.63, 26.44, 24.81, 25.19, 24.99, 25.24, 33087, 8.35, 393, 16405, 49.58
AGSTRA, BZ, 02-Sep-2026, 2.01, 1.99, 2.04, 1.96, 1.98, 1.98, 2.00, 89045, 1.78, 175, -, -
AHCL, EQ, 02-Sep-2026, 15.49, 15.49, 15.76, 15.32, 15.56, 15.56, 15.55, 1668193, 259.40, 2649, 978598, 58.66
AHLADA, EQ, 02-Sep-2026, 37.31, 37.25, 38.37, 36.70, 37.97, 37.27, 37.20, 2566, 0.95, 59, 2196, 85.58
AHLEAST, EQ, 02-Sep-2026, 142.20, 138.80, 143.00, 138.51, 143.00, 142.01, 141.57, 1209, 1.71, 26, 1116, 92.31
AHLUCONT, EQ, 02-Sep-2026, 612.50, 606.05, 611.65, 590.00, 602.80, 602.20, 597.91, 107402, 642.17, 9621, 55087, 51.29
AHLWEST, BE, 02-Sep-2026, 534.65, 511.05, 535.00, 511.00, 535.00, 535.00, 518.19, 330, 1.71, 6, -, -
AIAENG, EQ, 02-Sep-2026, 4243.20, 4243.20, 4260.00, 4141.00, 4180.00, 4159.70, 4168.17, 51399, 2142.40, 13184, 33470, 65.12
AIIL, EQ, 02-Sep-2026, 539.30, 538.00, 541.05, 504.85, 509.00, 507.45, 516.43, 1027128, 5304.43, 26257, 553301, 53.87
AILIMITED, SM, 02-Sep-2026, 19.80, 19.80, 20.70, 19.80, 20.70, 20.25, 20.25, 6000, 1.22, 2, 6000, 100.00
AIMTRON, SM, 02-Sep-2026, 1602.35, 1611.00, 1619.95, 1562.25, 1590.00, 1583.45, 1585.10, 26600, 421.64, 121, 17600, 66.17
AIRAN, EQ, 02-Sep-2026, 14.92, 14.92, 15.05, 14.50, 14.65, 14.83, 14.80, 68092, 10.08, 419, 49295, 72.39
AIROLAM, EQ, 02-Sep-2026, 86.68, 86.68, 88.50, 86.50, 86.51, 86.51, 88.12, 3469, 3.06, 42, 3109, 89.62
AISL, SM, 02-Sep-2026, 56.60, 54.00, 57.90, 54.00, 57.90, 57.90, 55.95, 1200, 0.67, 2, 1200, 100.00
AJANTPHARM, EQ, 02-Sep-2026, 3504.80, 3504.80, 3544.00, 3425.00, 3475.00, 3481.70, 3456.37, 99445, 3437.18, 16246, 58647, 58.97
AJAXENGG, EQ, 02-Sep-2026, 573.95, 569.00, 582.00, 565.00, 578.25, 570.65, 573.15, 62498, 358.20, 8032, 34290, 54.87
AJMERA, EQ, 02-Sep-2026, 115.67, 114.80, 117.01, 113.79, 116.50, 115.69, 115.05, 326215, 375.32, 7976, 161733, 49.58
AJOONI, EQ, 02-Sep-2026, 3.75, 3.74, 3.80, 3.70, 3.75, 3.72, 3.74, 151345, 5.66, 366, 115101, 76.05
AKANKSHA, SM, 02-Sep-2026, 118.35, 118.85, 124.25, 118.85, 124.00, 124.00, 123.65, 17000, 21.02, 13, 16000, 94.12
AKASH, EQ, 02-Sep-2026, 24.36, 24.70, 26.00, 24.52, 24.71, 25.20, 25.30, 5134, 1.30, 43, 4336, 84.46
AKCAPIT, EQ, 02-Sep-2026, 1733.90, 1729.70, 1729.70, 1682.00, 1699.00, 1699.40, 1703.07, 1057, 18.00, 274, 850, 80.42
AKG, EQ, 02-Sep-2026, 9.19, 9.19, 9.26, 9.02, 9.16, 9.21, 9.15, 14000, 1.28, 89, 10134, 72.39
AKI, EQ, 02-Sep-2026, 4.57, 4.85, 5.48, 4.70, 5.48, 5.48, 5.34, 3044554, 162.48, 3445, 1272403, 41.79
AKIKO, SM, 02-Sep-2026, 383.20, 380.00, 382.95, 375.00, 379.10, 379.10, 378.01, 9600, 36.29, 12, 8800, 91.67
AKSHAR, EQ, 02-Sep-2026, 0.41, 0.42, 0.43, 0.41, 0.43, 0.42, 0.42, 1428759, 5.98, 282, 934728, 65.42
AKSHARCHEM, BE, 02-Sep-2026, 384.65, 403.00, 403.85, 375.00, 403.85, 403.85, 393.71, 32662, 128.60, 522, -, -
AKSHOPTFBR, BE, 02-Sep-2026, 7.42, 7.20, 7.69, 7.16, 7.45, 7.41, 7.36, 370249, 27.27, 420, -, -
AKUMS, EQ, 02-Sep-2026, 779.05, 778.00, 794.90, 768.20, 769.70, 770.25, 777.25, 750068, 5829.87, 27882, 469258, 62.56
ALANKIT, EQ, 02-Sep-2026, 8.07, 8.10, 8.16, 7.85, 8.00, 7.96, 8.04, 82889, 6.66, 433, 68397, 82.52
ALBERTDAVD, EQ, 02-Sep-2026, 871.70, 875.10, 878.00, 861.00, 864.90, 871.70, 870.76, 3973, 34.60, 573, 2717, 68.39
ALEMBICLTD, EQ, 02-Sep-2026, 98.85, 98.85, 101.00, 98.00, 100.00, 100.14, 99.65, 645226, 642.96, 6767, 281314, 43.60
ALFREDHE, EQ, 02-Sep-2026, 2889.80, 2860.90, 2980.00, 2860.90, 2884.00, 2884.00, 2928.97, 310, 9.08, 27, 113, 36.45
ALGOQUANT, EQ, 02-Sep-2026, 63.02, 63.00, 64.90, 62.57, 63.84, 63.80, 63.54, 1328784, 844.33, 5782, 367450, 27.65
ALICON, EQ, 02-Sep-2026, 659.65, 652.00, 672.55, 647.65, 666.00, 665.50, 658.63, 22999, 151.48, 2260, 9259, 40.26
ALIVUS, EQ, 02-Sep-2026, 1443.70, 1438.10, 1470.10, 1398.10, 1413.00, 1417.90, 1424.97, 561531, 8001.67, 30353, 313572, 55.84
ALKALI, BE, 02-Sep-2026, 67.41, 70.45, 70.45, 66.60, 68.85, 68.86, 68.94, 5599, 3.86, 54, -, -
ALKEM, EQ, 02-Sep-2026, 5300.00, 5280.00, 5289.50, 5187.50, 5210.00, 5210.00, 5223.34, 218220, 11398.38, 20518, 151526, 69.44
ALKYLAMINE, EQ, 02-Sep-2026, 2011.00, 1981.10, 2044.50, 1956.70, 1978.00, 1975.50, 1998.69, 138950, 2777.18, 17205, 35398, 25.48
ALLCARGO, EQ, 02-Sep-2026, 11.92, 11.92, 12.37, 11.74, 12.25, 12.27, 12.02, 16512418, 1984.41, 16261, 4185313, 25.35
ALLDIGI, EQ, 02-Sep-2026, 807.80, 811.90, 811.90, 788.55, 793.60, 796.55, 794.24, 10831, 86.02, 687, 8145, 75.20
ALLETEC, SM, 02-Sep-2026, 128.15, 126.00, 128.15, 125.05, 126.30, 126.30, 126.46, 7200, 9.11, 18, 4800, 66.67
ALLTIME, EQ, 02-Sep-2026, 200.60, 200.00, 202.84, 197.46, 199.00, 199.61, 200.23, 180025, 360.46, 4954, 95988, 53.32
ALMONDZ, EQ, 02-Sep-2026, 17.49, 17.02, 17.90, 16.80, 17.84, 17.43, 17.26, 286311, 49.40, 770, 175917, 61.44
ALOKINDS, EQ, 02-Sep-2026, 7.69, 7.60, 8.19, 7.06, 7.78, 7.73, 7.52, 117258835, 8815.80, 75608, 43565607, 37.15
ALPA, EQ, 02-Sep-2026, 61.73, 61.73, 65.00, 61.35, 62.80, 63.13, 62.64, 18733, 11.73, 326, 9977, 53.26
ALPEXSOLAR, SM, 02-Sep-2026, 849.20, 854.00, 880.00, 847.10, 866.00, 866.85, 864.32, 58700, 507.36, 384, 45300, 77.17
ALPHA, EQ, 02-Sep-2026, 54.43, 54.42, 54.42, 53.53, 53.99, 53.94, 53.84, 1586344, 854.10, 4161, 1078870, 68.01
ALPHAETF, EQ, 02-Sep-2026, 26.53, 25.86, 27.19, 25.86, 26.56, 26.45, 26.34, 794013, 209.11, 1067, 615037, 77.46
ALPHAGEO, BE, 02-Sep-2026, 286.45, 289.90, 300.75, 281.35, 297.50, 300.00, 294.76, 13023, 38.39, 281, -, -
ALPINETEX, EQ, 02-Sep-2026, 51.95, 51.69, 52.38, 50.46, 50.85, 51.09, 51.21, 293413, 150.25, 3046, 150192, 51.19
ALPL30IETF, EQ, 02-Sep-2026, 27.77, 27.77, 27.77, 27.54, 27.68, 27.62, 27.64, 1120581, 309.67, 948, 947390, 84.54
ALUFLUOR, EQ, 02-Sep-2026, 496.90, 509.90, 509.90, 491.90, 502.05, 502.55, 500.01, 11146, 55.73, 518, 9483, 85.08
ALUWIND, SM, 02-Sep-2026, 47.10, 47.10, 47.10, 47.10, 47.10, 47.10, 47.10, 1500, 0.71, 1, 1500, 100.00
AMAGI, EQ, 02-Sep-2026, 584.25, 578.00, 582.25, 569.00, 569.15, 572.80, 576.06, 264517, 1523.77, 8736, 112797, 42.64
AMAL, EQ, 02-Sep-2026, 753.10, 755.00, 771.00, 741.00, 759.70, 749.70, 755.99, 15022, 113.56, 765, 10858, 72.28
AMANTA, BE, 02-Sep-2026, 190.00, 190.00, 190.00, 186.50, 186.50, 186.50, 189.12, 24024, 45.43, 129, -, -
AMARJOTHI, EQ, 02-Sep-2026, 159.18, 158.00, 160.00, 155.00, 160.00, 156.13, 155.67, 598, 0.93, 24, 457, 76.42
AMBAAUTO, SM, 02-Sep-2026, 111.95, 110.00, 111.85, 110.00, 111.85, 111.85, 110.33, 104000, 114.74, 14, 83000, 79.81
AMBALALSA, BE, 02-Sep-2026, 43.92, 42.25, 44.50, 42.25, 44.00, 44.10, 43.59, 44130, 19.23, 209, -, -
AMBER, EQ, 02-Sep-2026, 7508.00, 7470.00, 7482.50, 7281.50, 7415.00, 7415.00, 7381.20, 174407, 12873.34, 19444, 46362, 26.58
AMBICAAGAR, EQ, 02-Sep-2026, 24.75, 25.49, 25.50, 24.26, 24.75, 24.75, 24.87, 26635, 6.62, 130, 23967, 89.98
AMBIKCO, EQ, 02-Sep-2026, 1625.10, 1625.10, 1648.80, 1614.40, 1624.20, 1629.20, 1626.17, 9215, 149.85, 1056, 4819, 52.30
AMBUJACEM, EQ, 02-Sep-2026, 402.20, 400.00, 402.70, 395.05, 402.70, 402.70, 399.34, 1330391, 5312.74, 34675, 534767, 40.20
AMCL, SM, 02-Sep-2026, 357.00, 362.00, 365.00, 362.00, 365.00, 365.00, 364.00, 1200, 4.37, 3, 1200, 100.00
AMDIND, EQ, 02-Sep-2026, 57.02, 57.02, 58.50, 55.55, 57.70, 57.39, 56.64, 42435, 24.04, 288, 25289, 59.59
AMJLAND, EQ, 02-Sep-2026, 38.45, 39.00, 39.39, 38.33, 38.61, 38.61, 38.96, 5934, 2.31, 63, 5539, 93.34
AMNPLST, EQ, 02-Sep-2026, 181.17, 184.00, 185.00, 180.00, 180.24, 180.32, 180.82, 5863, 10.60, 142, 3224, 54.99
AMRUTANJAN, EQ, 02-Sep-2026, 498.35, 499.50, 510.90, 499.50, 500.00, 500.25, 502.84, 33541, 168.66, 2933, 18184, 54.21
ANANDRATHI, EQ, 02-Sep-2026, 2197.00, 2200.00, 2212.00, 2182.00, 2201.30, 2198.30, 2196.45, 183620, 4033.13, 16105, 100412, 54.68
ANANTAM, IV, 02-Sep-2026, 105.98, 105.00, 106.49, 105.00, 106.05, 106.00, 105.90, 36274, 38.41, 93, 35522, 97.93
ANANTRAJ, EQ, 02-Sep-2026, 587.80, 583.00, 594.85, 571.35, 592.95, 588.85, 581.05, 1282254, 7450.48, 30435, 498107, 38.85
ANAWIL, SM, 02-Sep-2026, 384.75, 382.30, 413.00, 371.25, 391.00, 390.00, 392.53, 425200, 1669.03, 903, 152400, 35.84
ANDHRAPAP, EQ, 02-Sep-2026, 60.55, 60.50, 61.30, 60.20, 61.11, 61.09, 60.68, 234449, 142.27, 4508, 131239, 55.98
ANDHRSUGAR, EQ, 02-Sep-2026, 96.49, 96.87, 99.80, 96.11, 99.02, 99.20, 98.27, 490982, 482.49, 6574, 190502, 38.80
ANDREWYU, EQ, 02-Sep-2026, 28.11, 27.66, 28.35, 27.51, 28.02, 28.15, 27.97, 123709, 34.60, 363, 79295, 64.10
ANGELONE, EQ, 02-Sep-2026, 281.55, 280.25, 280.85, 275.25, 279.25, 279.25, 278.30, 4437022, 12348.21, 35842, 1985766, 44.75
ANIKINDS, EQ, 02-Sep-2026, 45.89, 44.75, 46.47, 44.11, 45.00, 44.77, 45.07, 4037, 1.82, 127, 3328, 82.44
ANKITMETAL, BZ, 02-Sep-2026, 1.72, 1.71, 1.72, 1.69, 1.71, 1.71, 1.71, 8722, 0.15, 23, -, -
ANLON, SM, 02-Sep-2026, 632.00, 629.00, 669.00, 629.00, 645.00, 645.00, 645.90, 6800, 43.92, 17, 6000, 88.24
ANMOL, EQ, 02-Sep-2026, 10.02, 10.07, 10.36, 9.91, 10.00, 9.97, 10.00, 61224, 6.12, 140, 51836, 84.67
ANNAPURNA, EQ, 02-Sep-2026, 145.76, 144.04, 146.58, 141.50, 144.80, 143.73, 144.50, 26855, 38.81, 377, 21503, 80.07
ANNU, BE, 02-Sep-2026, 99.00, 72.00, 75.60, 70.00, 75.60, 75.60, 72.70, 6333016, 4604.04, 11515, -, -
ANONDITA, SM, 02-Sep-2026, 1051.95, 1050.00, 1108.95, 1049.95, 1061.05, 1060.85, 1072.33, 109200, 1170.98, 396, 69200, 63.37
ANSALAPI, BZ, 02-Sep-2026, 3.20, 3.26, 3.26, 3.24, 3.26, 3.26, 3.26, 3398, 0.11, 20, -, -
ANSALBU, EQ, 02-Sep-2026, 78.57, 82.00, 82.00, 76.10, 78.90, 78.91, 79.53, 1443, 1.15, 117, 1139, 78.93
ANTELOPUS, EQ, 02-Sep-2026, 792.65, 813.00, 951.15, 807.10, 951.15, 951.15, 901.75, 12446135, 112233.50, 305044, 953125, 7.66
ANTGRAPHIC, EQ, 02-Sep-2026, 0.75, 0.75, 0.77, 0.72, 0.74, 0.73, 0.74, 415805, 3.06, 204, 397849, 95.68
ANTHEM, EQ, 02-Sep-2026, 924.50, 920.00, 952.80, 915.65, 938.00, 934.50, 940.33, 1484697, 13961.02, 50359, 756005, 50.92
ANUHPHR, EQ, 02-Sep-2026, 81.43, 81.43, 81.93, 78.40, 79.00, 78.94, 79.52, 138379, 110.05, 1815, 76729, 55.45
ANUP, EQ, 02-Sep-2026, 1810.20, 1800.00, 1816.00, 1767.10, 1801.00, 1799.80, 1792.02, 18045, 323.37, 4085, 7357, 40.77
ANURAS, EQ, 02-Sep-2026, 1259.80, 1259.10, 1260.00, 1232.10, 1236.10, 1240.30, 1243.17, 282041, 3506.25, 9724, 194187, 68.85
ANYA, SM, 02-Sep-2026, 15.20, 15.00, 15.40, 15.00, 15.40, 15.40, 15.20, 10000, 1.52, 2, 10000, 100.00
ANZEN, IV, 02-Sep-2026, 131.80, 129.00, 129.00, 129.00, 129.00, 129.00, 129.00, 25000, 32.25, 1, 25000, 100.00
AONEGOLD, EQ, 02-Sep-2026, 14.18, 14.16, 14.16, 13.90, 13.99, 13.98, 13.98, 420827, 58.84, 1616, 245890, 58.43
AONELIQUID, EQ, 02-Sep-2026, 1075.03, 1075.17, 1075.18, 1075.16, 1075.18, 1075.16, 1075.16, 24958, 268.34, 116, 23253, 93.17
AONENIFTY, EQ, 02-Sep-2026, 9.89, 9.96, 9.96, 9.69, 9.89, 9.85, 9.87, 306263, 30.24, 1302, 266830, 87.12
AONESILVER, EQ, 02-Sep-2026, 8.71, 8.71, 8.76, 8.54, 8.66, 8.64, 8.64, 380983, 32.92, 1406, 290282, 76.19
AONETMMQ50, EQ, 02-Sep-2026, 10.33, 10.33, 10.50, 10.18, 10.32, 10.31, 10.27, 33121, 3.40, 240, 27784, 83.89
AONETOTAL, EQ, 02-Sep-2026, 11.90, 12.10, 12.35, 11.80, 11.80, 11.83, 11.83, 299224, 35.39, 1285, 131091, 43.81
APARINDS, EQ, 02-Sep-2026, 17400.00, 17401.00, 17444.00, 16500.00, 16889.00, 16813.00, 16915.70, 94227, 15939.15, 26235, 38601, 40.97
APCL, EQ, 02-Sep-2026, 100.19, 100.50, 100.50, 98.90, 100.01, 100.00, 99.78, 7960, 7.94, 116, 6636, 83.37
APCOTEXIND, EQ, 02-Sep-2026, 639.20, 638.00, 642.40, 617.05, 629.30, 628.65, 626.26, 107750, 674.79, 4870, 53058, 49.24
APEX, EQ, 02-Sep-2026, 374.70, 374.70, 379.00, 363.90, 366.45, 367.25, 367.09, 140115, 514.35, 6360, 58429, 41.70
APEXECO, ST, 02-Sep-2026, 249.05, 260.00, 260.00, 256.00, 256.00, 256.00, 258.18, 4000, 10.33, 5, 4000, 100.00
APLAPOLLO, EQ, 02-Sep-2026, 2234.00, 2219.20, 2228.50, 2186.70, 2210.00, 2210.00, 2206.10, 786402, 17348.85, 26484, 514683, 65.45
APLLTD, EQ, 02-Sep-2026, 843.85, 845.00, 859.00, 823.25, 827.00, 826.90, 840.19, 172875, 1452.48, 12727, 71073, 41.11
APOLLO, EQ, 02-Sep-2026, 379.50, 378.75, 389.10, 374.35, 382.50, 382.65, 383.63, 4275794, 16403.17, 33320, 1201503, 28.10
APOLLOHOSP, EQ, 02-Sep-2026, 8755.00, 8680.00, 8746.50, 8640.00, 8719.00, 8719.00, 8694.65, 169190, 14710.47, 24297, 105406, 62.30
APOLLOPIPE, EQ, 02-Sep-2026, 609.85, 588.65, 612.00, 588.60, 598.00, 599.05, 601.56, 159504, 959.51, 7010, 59621, 37.38
APOLLOTYRE, EQ, 02-Sep-2026, 442.70, 439.25, 440.75, 432.20, 434.40, 434.15, 435.05, 333100, 1449.16, 14632, 179474, 53.88
APOLSINHOT, EQ, 02-Sep-2026, 1219.50, 1213.40, 1234.70, 1201.20, 1213.00, 1221.20, 1216.82, 1311, 15.95, 163, 874, 66.67
APOORVA, EQ, 02-Sep-2026, 26.57, 26.58, 26.58, 25.25, 25.25, 25.25, 25.72, 500, 0.13, 7, 500, 100.00
APRAMEYA, SM, 02-Sep-2026, 126.60, 124.00, 124.00, 120.60, 120.60, 120.60, 121.31, 12000, 14.56, 16, 11000, 91.67
APS, SM, 02-Sep-2026, 250.25, 250.00, 250.00, 245.00, 247.00, 249.35, 248.55, 14500, 36.04, 50, 13250, 91.38
APSISAERO, ST, 02-Sep-2026, 576.10, 587.60, 587.60, 587.60, 587.60, 587.60, 587.60, 3600, 21.15, 3, 3600, 100.00
APTECHT, BE, 02-Sep-2026, 91.41, 91.41, 92.75, 89.00, 91.00, 90.78, 90.85, 42019, 38.17, 421, -, -
APTUS, EQ, 02-Sep-2026, 253.36, 252.00, 256.61, 249.20, 254.90, 254.28, 252.62, 466564, 1178.65, 17966, 235095, 50.39
AQYLON, EQ, 02-Sep-2026, 21.69, 21.50, 22.05, 20.61, 20.61, 20.61, 20.87, 684411, 142.86, 1474, 434286, 63.45
ARABIAN, SM, 02-Sep-2026, 88.00, 86.25, 86.25, 86.25, 86.25, 86.25, 86.25, 2000, 1.73, 1, 2000, 100.00
ARCHIDPLY, EQ, 02-Sep-2026, 101.72, 102.05, 107.65, 102.02, 107.00, 106.52, 105.51, 33961, 35.83, 470, 23988, 70.63
ARCHIES, EQ, 02-Sep-2026, 13.40, 13.46, 13.46, 12.65, 12.90, 12.94, 13.04, 27463, 3.58, 214, 23615, 85.99
ARCIIL, SM, 02-Sep-2026, 39.00, 38.20, 39.00, 38.20, 39.00, 39.00, 38.87, 12000, 4.66, 7, 12000, 100.00
ARCL, EQ, 02-Sep-2026, 233.00, 225.00, 230.00, 221.35, 230.00, 230.00, 223.94, 248, 0.56, 22, 248, 100.00
ARDEE, EQ, 02-Sep-2026, 56.20, 56.45, 57.49, 55.71, 56.40, 56.40, 56.66, 2698066, 1528.65, 11756, 984727, 36.50
ARE&M, EQ, 02-Sep-2026, 879.90, 878.00, 882.30, 864.15, 872.80, 871.25, 870.58, 410795, 3576.31, 24138, 209462, 50.99
ARENTERP, EQ, 02-Sep-2026, 35.31, 34.60, 36.40, 34.50, 34.70, 34.70, 34.90, 1644, 0.57, 23, 1522, 92.58
ARFIN, EQ, 02-Sep-2026, 85.50, 85.50, 88.50, 85.50, 87.92, 87.87, 86.48, 1010679, 874.05, 2122, 94525, 9.35
ARHAM, SM, 02-Sep-2026, 205.75, 209.75, 209.75, 201.00, 208.90, 206.10, 202.68, 68000, 137.83, 41, 56000, 82.35
ARIES, EQ, 02-Sep-2026, 458.85, 461.60, 510.25, 461.55, 496.50, 495.35, 494.92, 480377, 2377.48, 16856, 72638, 15.12
ARIHANT, EQ, 02-Sep-2026, 900.00, 909.00, 914.45, 878.00, 906.00, 900.30, 892.74, 2447, 21.85, 250, 1741, 71.15
ARIHANTCAP, EQ, 02-Sep-2026, 80.03, 79.80, 79.98, 77.63, 78.41, 78.48, 78.61, 132223, 103.94, 1201, 81837, 61.89
ARIHANTSUP, EQ, 02-Sep-2026, 250.15, 245.20, 251.90, 245.20, 249.85, 247.75, 247.75, 3340, 8.27, 110, 2375, 71.11
ARIS, EQ, 02-Sep-2026, 131.68, 130.99, 131.03, 125.86, 128.35, 128.31, 127.90, 897946, 1148.48, 9775, 338447, 37.69
ARISTO, SM, 02-Sep-2026, 103.00, 103.00, 103.00, 103.00, 103.00, 103.00, 103.00, 3200, 3.30, 3, 3200, 100.00
ARKADE, EQ, 02-Sep-2026, 120.72, 120.72, 121.08, 117.11, 118.00, 117.93, 119.26, 231541, 276.13, 2583, 98801, 42.67
ARMANFIN, EQ, 02-Sep-2026, 1952.30, 1945.00, 1994.00, 1927.00, 1994.00, 1947.20, 1944.07, 21151, 411.19, 3292, 12347, 58.38
AROGRANITE, EQ, 02-Sep-2026, 24.45, 24.45, 25.05, 24.45, 24.61, 24.61, 24.68, 4239, 1.05, 35, 3516, 82.94
ARROWGREEN, BE, 02-Sep-2026, 734.50, 746.00, 771.20, 735.05, 771.20, 771.20, 759.39, 26675, 202.57, 781, -, -
ARSHIYA, BZ, 02-Sep-2026, 0.74, 0.71, 0.71, 0.71, 0.71, 0.71, 0.71, 72444, 0.51, 63, -, -
ARSSBL, EQ, 02-Sep-2026, 508.80, 500.00, 514.20, 500.00, 506.00, 508.30, 508.60, 199206, 1013.16, 4422, 97957, 49.17
ARTEMISMED, EQ, 02-Sep-2026, 327.95, 328.00, 332.40, 320.00, 320.65, 320.70, 323.10, 226615, 732.20, 10030, 122809, 54.19
ARTNIRMAN, EQ, 02-Sep-2026, 40.70, 40.70, 41.10, 39.10, 40.95, 40.25, 40.53, 1607, 0.65, 34, 1431, 89.05
ARUNAYA, SM, 02-Sep-2026, 14.50, 14.10, 14.20, 14.10, 14.20, 14.20, 14.17, 6000, 0.85, 3, 6000, 100.00
ARVEE, EQ, 02-Sep-2026, 164.21, 164.01, 166.80, 163.39, 165.00, 165.81, 165.10, 962, 1.59, 40, 824, 85.65
ARVIND, EQ, 02-Sep-2026, 557.10, 552.95, 578.00, 548.20, 573.00, 574.05, 565.56, 790352, 4469.89, 28652, 334071, 42.27
ARVINDFASN, EQ, 02-Sep-2026, 458.80, 454.00, 463.00, 448.40, 460.10, 461.15, 457.29, 203097, 928.73, 21623, 113898, 56.08
ARVINDPORT, SM, 02-Sep-2026, 33.95, 33.50, 33.50, 33.50, 33.50, 33.50, 33.50, 12000, 4.02, 4, 12000, 100.00
ARVSMART, EQ, 02-Sep-2026, 656.00, 650.20, 656.00, 638.75, 640.05, 642.40, 644.22, 79766, 513.87, 2957, 43551, 54.60
ARYAMAN, EQ, 02-Sep-2026, 625.00, 635.00, 640.00, 620.00, 639.95, 639.95, 638.06, 229, 1.46, 6, 201, 87.77
ASAHIINDIA, EQ, 02-Sep-2026, 951.20, 950.00, 964.70, 936.05, 951.50, 951.05, 952.73, 213328, 2032.43, 14265, 94037, 44.08
ASAHISONG, BE, 02-Sep-2026, 374.55, 364.15, 374.55, 364.00, 369.90, 367.90, 368.42, 12724, 46.88, 202, -, -
ASAL, EQ, 02-Sep-2026, 473.60, 469.90, 478.65, 463.55, 478.65, 473.40, 469.45, 13648, 64.07, 747, 6792, 49.77
ASALCBR, EQ, 02-Sep-2026, 693.70, 694.70, 705.00, 690.45, 704.95, 703.80, 699.64, 14509, 101.51, 1482, 8723, 60.12
ASHALOG, SM, 02-Sep-2026, 61.80, 62.00, 62.00, 62.00, 62.00, 62.00, 62.00, 2000, 1.24, 2, 2000, 100.00
ASHAPURMIN, EQ, 02-Sep-2026, 555.50, 555.70, 561.00, 549.35, 551.00, 550.50, 553.05, 226693, 1253.72, 11233, 101540, 44.79
ASHIANA, EQ, 02-Sep-2026, 363.65, 367.25, 368.95, 361.10, 368.50, 368.30, 365.82, 38619, 141.27, 1462, 16902, 43.77
ASHIKAG, BE, 02-Sep-2026, 429.95, 429.00, 429.00, 420.00, 423.00, 425.95, 423.38, 34573, 146.37, 173, -, -
ASHIMASYN, EQ, 02-Sep-2026, 17.67, 17.67, 18.90, 17.20, 17.80, 17.83, 17.85, 71620, 12.79, 338, 40712, 56.84
ASHOKA, EQ, 02-Sep-2026, 121.75, 119.71, 120.00, 116.49, 117.84, 117.39, 117.65, 2169165, 2551.99, 14668, 563832, 25.99
ASHOKAMET, EQ, 02-Sep-2026, 13.63, 13.63, 13.63, 13.34, 13.50, 13.49, 13.47, 18438, 2.48, 132, 11249, 61.01
ASHOKLEY, EQ, 02-Sep-2026, 170.53, 169.11, 169.29, 165.02, 167.90, 167.90, 166.54, 16412854, 27334.41, 123369, 8026290, 48.90
ASHWINI, SM, 02-Sep-2026, 186.50, 186.50, 190.00, 186.00, 186.00, 186.00, 187.79, 7000, 13.15, 7, 5000, 71.43
ASIANENE, EQ, 02-Sep-2026, 488.40, 490.10, 516.15, 483.10, 505.00, 504.10, 500.26, 919172, 4598.28, 27497, 290723, 31.63
ASIANHOTNR, EQ, 02-Sep-2026, 369.20, 369.20, 386.00, 360.10, 379.00, 379.90, 374.60, 26364, 98.76, 1021, 11896, 45.12
ASIANPAINT, EQ, 02-Sep-2026, 2575.50, 2548.00, 2548.00, 2510.70, 2527.50, 2527.50, 2524.28, 497889, 12568.10, 45493, 219384, 44.06
ASIANTILES, EQ, 02-Sep-2026, 50.26, 50.29, 51.18, 48.85, 50.29, 50.16, 49.99, 5231296, 2615.26, 12884, 2039944, 39.00
ASIANTNE, EQ, 02-Sep-2026, 10.17, 10.17, 10.17, 9.75, 10.05, 9.83, 9.93, 3443, 0.34, 45, 3346, 97.18
ASKAUTOLTD, EQ, 02-Sep-2026, 635.65, 638.05, 638.05, 618.05, 624.30, 623.85, 624.48, 134316, 838.78, 6371, 57746, 42.99
ASMS, BE, 02-Sep-2026, 7.24, 7.15, 7.33, 6.91, 7.01, 7.01, 7.05, 323359, 22.80, 463, -, -
ASPINWALL, EQ, 02-Sep-2026, 260.05, 260.05, 264.95, 256.30, 256.30, 259.85, 260.08, 1099, 2.86, 44, 904, 82.26
ASSAMENT, EQ, 02-Sep-2026, 800.00, 828.00, 828.00, 763.00, 819.00, 819.00, 803.33, 3, 0.02, 3, 2, 66.67
ASTAR, EQ, 02-Sep-2026, 599.90, 600.00, 600.00, 590.00, 590.00, 590.00, 593.60, 124, 0.74, 26, 123, 99.19
ASTEC, EQ, 02-Sep-2026, 562.40, 556.95, 584.90, 553.05, 572.00, 572.55, 570.74, 37649, 214.88, 2050, 22859, 60.72
ASTERDM, EQ, 02-Sep-2026, 757.80, 761.70, 768.00, 745.05, 760.00, 759.90, 756.24, 1275385, 9645.00, 40099, 719051, 56.38
ASTRAL, EQ, 02-Sep-2026, 1507.00, 1502.00, 1516.40, 1476.70, 1487.00, 1487.00, 1494.07, 1046620, 15637.25, 32807, 604761, 57.78
ASTRAMICRO, EQ, 02-Sep-2026, 1686.40, 1678.00, 1678.00, 1631.00, 1638.20, 1641.80, 1652.44, 220101, 3637.03, 17281, 134550, 61.13
ASTRAZEN, EQ, 02-Sep-2026, 6917.00, 6930.00, 6940.00, 6835.00, 6860.00, 6868.00, 6862.89, 4789, 328.66, 1933, 2488, 51.95
ASTRON, BZ, 02-Sep-2026, 3.07, 3.00, 3.10, 2.95, 2.96, 2.98, 2.98, 20922, 0.62, 68, -, -
ATALREAL, EQ, 02-Sep-2026, 26.65, 25.01, 26.84, 25.01, 25.52, 25.53, 25.52, 33201247, 8472.29, 25684, 6755262, 20.35
ATAM, EQ, 02-Sep-2026, 55.90, 55.20, 56.30, 54.09, 54.79, 54.78, 54.91, 8221, 4.51, 157, 5309, 64.58
ATCENERGY, ST, 02-Sep-2026, 22.80, 22.90, 22.90, 22.85, 22.85, 22.85, 22.87, 3600, 0.82, 3, 3600, 100.00
ATGL, EQ, 02-Sep-2026, 613.65, 613.95, 624.95, 604.30, 618.00, 614.95, 614.79, 776942, 4776.58, 27683, 199954, 25.74
ATHERENERG, EQ, 02-Sep-2026, 1725.60, 1722.00, 1737.00, 1641.00, 1686.10, 1686.10, 1700.68, 6312532, 107355.84, 154854, 1607004, 25.46
ATL, EQ, 02-Sep-2026, 25.33, 25.30, 25.30, 23.50, 23.73, 23.80, 24.12, 782831, 188.82, 4818, 501168, 64.02
ATLANTAA, EQ, 02-Sep-2026, 40.68, 40.47, 40.96, 39.00, 39.01, 39.21, 39.74, 53579, 21.29, 1087, 33240, 62.04
ATLANTAELE, EQ, 02-Sep-2026, 1823.60, 1816.90, 1846.90, 1784.90, 1841.00, 1838.90, 1819.23, 70238, 1277.79, 11104, 31317, 44.59
ATLASCYCLE, EQ, 02-Sep-2026, 95.37, 95.40, 98.55, 92.70, 95.00, 95.05, 94.48, 6678, 6.31, 176, 4113, 61.59
ATLPP, E1, 02-Sep-2026, 9.22, 9.22, 9.22, 9.00, 9.01, 9.09, 9.11, 4028, 0.37, 21, 4028, 100.00
ATMASTCO, SM, 02-Sep-2026, 142.25, 144.90, 144.90, 138.05, 139.00, 139.10, 140.07, 16400, 22.97, 29, 14800, 90.24
ATUL, EQ, 02-Sep-2026, 6452.00, 6430.00, 6499.00, 6358.00, 6475.00, 6485.50, 6451.29, 22848, 1473.99, 6440, 14204, 62.17
ATULAUTO, EQ, 02-Sep-2026, 476.05, 476.05, 476.70, 464.70, 465.90, 466.40, 467.83, 124489, 582.39, 5002, 60565, 48.65
AUBANK, EQ, 02-Sep-2026, 1079.20, 1073.10, 1077.90, 1063.40, 1077.90, 1077.90, 1071.48, 864436, 9262.30, 54900, 579708, 67.06
AUGMONT, EQ, 02-Sep-2026, 866.25, 865.00, 952.85, 857.05, 952.85, 952.85, 917.42, 4700620, 43124.26, 129866, 1256626, 26.73
AURIONPRO, EQ, 02-Sep-2026, 694.70, 692.00, 700.25, 684.00, 697.00, 693.00, 692.78, 170519, 1181.32, 8605, 97627, 57.25
AUROIMPEX, SM, 02-Sep-2026, 26.00, 27.25, 27.30, 27.25, 27.30, 27.30, 27.29, 11200, 3.06, 7, 9600, 85.71
AUROPHARMA, EQ, 02-Sep-2026, 1683.30, 1675.00, 1695.00, 1639.60, 1648.20, 1648.20, 1673.55, 816419, 13663.17, 40594, 341370, 41.81
AURUM, EQ, 02-Sep-2026, 223.93, 225.25, 227.11, 218.85, 223.90, 224.95, 222.75, 179857, 400.63, 3966, 92619, 51.50
AURUS, EQ, 02-Sep-2026, 4.66, 4.72, 4.72, 4.51, 4.65, 4.64, 4.54, 22489, 1.02, 84, 20635, 91.76
AUSL, SM, 02-Sep-2026, 23.50, 24.50, 24.65, 24.50, 24.65, 24.65, 24.60, 6000, 1.48, 3, 6000, 100.00
AUSOMENT, EQ, 02-Sep-2026, 149.77, 148.00, 157.25, 147.10, 155.00, 156.45, 155.22, 19464, 30.21, 320, 13624, 70.00
AUSTENG, EQ, 02-Sep-2026, 122.72, 125.90, 125.90, 121.35, 123.89, 121.40, 122.16, 59, 0.07, 4, 49, 83.05
AUTOAXLES, EQ, 02-Sep-2026, 1690.90, 1686.00, 1744.50, 1674.10, 1731.20, 1732.50, 1721.62, 9452, 162.73, 1247, 5274, 55.80
AUTOBEES, EQ, 02-Sep-2026, 292.63, 292.63, 293.33, 285.50, 288.01, 288.88, 287.78, 454387, 1307.66, 7207, 243001, 53.48
AUTOIETF, EQ, 02-Sep-2026, 29.46, 30.19, 30.19, 28.61, 29.06, 28.96, 28.85, 1576618, 454.84, 4864, 961218, 60.97
AUTOIND, EQ, 02-Sep-2026, 85.59, 85.85, 86.80, 83.60, 84.35, 84.68, 84.96, 193816, 164.67, 2716, 76123, 39.28
AVADHSUGAR, EQ, 02-Sep-2026, 823.30, 823.00, 845.00, 806.00, 814.45, 811.70, 825.65, 120202, 992.45, 6922, 44571, 37.08
AVALON, EQ, 02-Sep-2026, 2318.60, 2295.00, 2348.00, 2166.60, 2188.00, 2189.60, 2228.38, 662674, 14766.91, 58117, 252116, 38.05
AVANA, ST, 02-Sep-2026, 156.40, 148.65, 155.85, 148.65, 155.85, 155.85, 152.26, 8000, 12.18, 4, 6000, 75.00
AVANCE, EQ, 02-Sep-2026, 0.82, 0.83, 0.85, 0.80, 0.83, 0.82, 0.82, 17145793, 140.70, 2083, 7500121, 43.74
AVANTEL, EQ, 02-Sep-2026, 156.67, 156.67, 157.82, 155.50, 157.35, 156.81, 156.68, 611755, 958.51, 6094, 277043, 45.29
AVANTIFEED, EQ, 02-Sep-2026, 833.75, 830.00, 830.00, 800.00, 802.00, 801.20, 809.42, 400361, 3240.61, 21944, 185606, 46.36
AVG, BE, 02-Sep-2026, 174.63, 174.90, 174.90, 170.10, 171.50, 171.42, 172.31, 7867, 13.56, 94, -, -
AVIANSH, SM, 02-Sep-2026, 103.00, 103.50, 104.00, 103.50, 104.00, 104.00, 103.75, 2000, 2.08, 2, 2000, 100.00
AVIENCE, SM, 02-Sep-2026, 275.00, 275.00, 275.00, 265.00, 272.50, 272.50, 267.57, 9000, 24.08, 14, 6000, 66.67
AVL, EQ, 02-Sep-2026, 604.10, 601.00, 607.60, 593.15, 598.10, 599.85, 599.53, 315136, 1889.34, 6928, 247462, 78.53
AVONMORE, EQ, 02-Sep-2026, 13.34, 13.30, 13.30, 12.85, 13.13, 13.10, 13.08, 194160, 25.39, 743, 103540, 53.33
AVPINFRA, SM, 02-Sep-2026, 59.40, 59.40, 59.40, 57.30, 58.00, 57.95, 58.32, 25600, 14.93, 16, 17600, 68.75
AVROIND, EQ, 02-Sep-2026, 8.64, 8.69, 9.25, 8.57, 9.18, 9.13, 9.00, 422890, 38.07, 672, 311422, 73.64
AVTNPL, EQ, 02-Sep-2026, 88.41, 88.40, 88.40, 86.15, 87.70, 87.16, 87.21, 99085, 86.42, 1439, 55678, 56.19
AWFIS, EQ, 02-Sep-2026, 262.80, 260.00, 261.30, 255.10, 257.00, 256.40, 257.64, 135933, 350.22, 3964, 73275, 53.91
AWHCL, EQ, 02-Sep-2026, 377.35, 375.00, 375.00, 370.10, 373.95, 372.95, 372.87, 63740, 237.67, 3428, 35096, 55.06
AWL, EQ, 02-Sep-2026, 194.38, 194.01, 194.02, 189.71, 191.00, 191.25, 191.36, 2934970, 5616.50, 36796, 1586198, 54.04
AXISBANK, EQ, 02-Sep-2026, 1258.00, 1254.60, 1266.90, 1250.00, 1253.90, 1253.90, 1256.75, 6437250, 80900.24, 163906, 4248028, 65.99
AXISCADES, EQ, 02-Sep-2026, 1644.20, 1657.00, 1723.00, 1625.30, 1690.00, 1689.70, 1693.23, 290857, 4924.87, 20861, 122576, 42.14
AXITA, EQ, 02-Sep-2026, 7.96, 8.07, 8.08, 7.97, 7.98, 7.97, 8.00, 668683, 53.52, 791, 393112, 58.79
AXTEL, EQ, 02-Sep-2026, 397.65, 395.00, 398.50, 392.00, 394.80, 396.75, 396.76, 1840, 7.30, 109, 1297, 70.49
AYE, EQ, 02-Sep-2026, 171.70, 171.00, 172.74, 168.28, 171.27, 171.34, 170.32, 1770200, 3015.04, 17906, 1065651, 60.20
AYMSYNTEX, EQ, 02-Sep-2026, 294.20, 294.20, 318.80, 288.00, 312.00, 312.50, 310.62, 601939, 1869.74, 17101, 142969, 23.75
AZAD, EQ, 02-Sep-2026, 2844.30, 2820.10, 2853.50, 2754.90, 2792.00, 2785.80, 2790.81, 254104, 7091.56, 22856, 103608, 40.77
AZADIND, EQ, 02-Sep-2026, 90.37, 91.99, 91.99, 88.15, 91.50, 89.09, 89.37, 19649, 17.56, 441, 7641, 38.89
BABAFP, SM, 02-Sep-2026, 22.10, 21.60, 21.60, 21.60, 21.60, 21.60, 21.60, 1600, 0.35, 1, 1600, 100.00
BAFNAPH, BE, 02-Sep-2026, 312.60, 306.35, 308.00, 306.35, 308.00, 308.00, 306.66, 7525, 23.08, 87, -, -
BAGDIGITAL, SM, 02-Sep-2026, 108.70, 106.00, 106.00, 106.00, 106.00, 106.00, 106.00, 1600, 1.70, 1, 1600, 100.00
BAGFILMS, EQ, 02-Sep-2026, 4.36, 4.32, 4.47, 4.30, 4.31, 4.32, 4.36, 85276, 3.72, 168, 54097, 63.44
BAGMANE, RR, 02-Sep-2026, 105.95, 106.49, 106.60, 105.73, 106.49, 106.13, 106.20, 901651, 957.60, 15059, 780724, 86.59
BAHETI, SM, 02-Sep-2026, 843.30, 848.90, 848.90, 835.05, 840.90, 840.90, 842.63, 10875, 91.64, 27, 7875, 72.41
BAIDFIN, EQ, 02-Sep-2026, 10.15, 10.15, 10.16, 9.93, 10.06, 9.99, 10.03, 18429, 1.85, 105, 16867, 91.52
BAJAJ-AUTO, EQ, 02-Sep-2026, 12361.00, 12211.00, 12275.00, 11925.00, 12130.00, 12130.00, 12061.32, 333619, 40238.86, 55750, 185570, 55.62
BAJAJCON, EQ, 02-Sep-2026, 471.95, 472.00, 498.00, 465.60, 486.00, 484.55, 486.39, 2420197, 11771.49, 47934, 1157331, 47.82
BAJAJELEC, EQ, 02-Sep-2026, 325.85, 322.60, 327.00, 320.10, 322.90, 323.60, 323.60, 100313, 324.61, 4345, 46697, 46.55
BAJAJFINSV, EQ, 02-Sep-2026, 1972.00, 1951.50, 1990.00, 1939.20, 1990.00, 1990.00, 1967.07, 730988, 14379.06, 30423, 424333, 58.05
BAJAJHCARE, EQ, 02-Sep-2026, 329.00, 330.95, 332.00, 325.85, 330.00, 329.00, 328.21, 43921, 144.15, 1740, 19625, 44.68
BAJAJHFL, EQ, 02-Sep-2026, 82.85, 82.82, 83.06, 81.71, 82.85, 82.78, 82.48, 2276868, 1877.94, 23064, 1196565, 52.55
BAJAJHIND, EQ, 02-Sep-2026, 21.92, 21.84, 22.33, 21.57, 21.89, 21.84, 21.86, 28951286, 6328.96, 31824, 3928529, 13.57
BAJAJHLDNG, EQ, 02-Sep-2026, 11310.00, 11210.00, 11247.00, 11059.00, 11100.00, 11100.00, 11134.97, 32382, 3605.73, 8476, 18993, 58.65
BAJAJINDEF, EQ, 02-Sep-2026, 224.51, 224.48, 226.60, 220.51, 221.01, 221.34, 222.72, 10094, 22.48, 296, 5914, 58.59
BAJAJST, EQ, 02-Sep-2026, 351.55, 355.00, 355.00, 347.00, 352.00, 352.00, 350.60, 5216, 18.29, 237, 3907, 74.90
BAJEL, EQ, 02-Sep-2026, 186.17, 186.90, 187.94, 183.99, 185.95, 185.30, 185.87, 100603, 186.99, 1969, 44155, 43.89
BAJFINANCE, EQ, 02-Sep-2026, 1053.90, 1044.20, 1061.00, 1034.80, 1055.90, 1055.90, 1046.45, 6234288, 65238.64, 133068, 4160048, 66.73
BALAJEE, EQ, 02-Sep-2026, 26.06, 26.27, 26.44, 25.81, 26.30, 26.25, 26.15, 16711, 4.37, 161, 10877, 65.09
BALAJIPHOS, SM, 02-Sep-2026, 108.25, 114.80, 120.10, 110.00, 115.90, 116.00, 117.49, 130000, 152.74, 104, 105000, 80.77
BALAJITELE, EQ, 02-Sep-2026, 92.26, 90.92, 92.57, 89.96, 90.80, 91.09, 91.19, 133306, 121.56, 1986, 92470, 69.37
BALAMINES, EQ, 02-Sep-2026, 2409.70, 2415.20, 2506.00, 2371.50, 2381.40, 2390.10, 2443.50, 455466, 11129.31, 44528, 125811, 27.62
BALAXI, EQ, 02-Sep-2026, 22.77, 22.45, 25.04, 22.45, 25.04, 25.01, 24.77, 302797, 75.01, 834, 199554, 65.90
BALCO, SM, 02-Sep-2026, 19.40, 18.50, 18.50, 18.45, 18.45, 18.45, 18.48, 2400, 0.44, 2, 2400, 100.00
BALKRISHNA, EQ, 02-Sep-2026, 16.97, 17.29, 17.29, 16.50, 16.98, 16.70, 16.75, 3958, 0.66, 49, 3230, 81.61
BALKRISIND, EQ, 02-Sep-2026, 2331.80, 2310.20, 2338.50, 2273.00, 2335.00, 2329.10, 2307.86, 343301, 7922.91, 30540, 130672, 38.06
BALMLAWRIE, EQ, 02-Sep-2026, 176.13, 174.51, 176.94, 173.91, 176.10, 176.06, 175.76, 97753, 171.81, 1884, 49523, 50.66
BALPHARMA, EQ, 02-Sep-2026, 85.45, 84.10, 88.88, 84.10, 85.75, 85.65, 86.49, 14659, 12.68, 247, 6549, 44.68
BALRAMCHIN, EQ, 02-Sep-2026, 668.85, 667.20, 675.00, 638.60, 669.80, 669.75, 658.21, 4012425, 26410.02, 73423, 695705, 17.34
BALUFORGE, EQ, 02-Sep-2026, 621.90, 618.05, 628.25, 574.10, 580.00, 578.40, 588.90, 2344406, 13806.13, 40756, 691677, 29.50
BANARBEADS, EQ, 02-Sep-2026, 116.40, 113.20, 117.50, 113.20, 115.98, 114.15, 114.90, 355, 0.41, 43, 158, 44.51
BANARISUG, EQ, 02-Sep-2026, 3766.20, 3769.10, 3897.90, 3768.00, 3868.00, 3864.80, 3846.15, 2140, 82.31, 453, 694, 32.43
BANCOINDIA, EQ, 02-Sep-2026, 620.15, 620.10, 621.00, 610.15, 615.00, 613.60, 613.89, 81619, 501.05, 6678, 36062, 44.18
BANDHANBNK, EQ, 02-Sep-2026, 162.90, 161.00, 162.32, 159.24, 161.52, 161.52, 160.89, 6396488, 10291.11, 41284, 3227175, 50.45
BANG, EQ, 02-Sep-2026, 34.27, 34.70, 34.70, 33.11, 33.50, 33.49, 33.65, 28337, 9.54, 286, 13828, 48.80
BANK10ADD, EQ, 02-Sep-2026, 16.89, 16.89, 16.89, 16.75, 16.85, 16.78, 16.78, 3657235, 613.70, 173, 3625062, 99.12
BANK10BETF, EQ, 02-Sep-2026, 20.74, 20.61, 20.75, 20.61, 20.62, 20.61, 20.70, 1489, 0.31, 9, 1255, 84.28
BANKA, EQ, 02-Sep-2026, 78.75, 79.75, 79.75, 77.20, 77.20, 77.20, 78.31, 1069, 0.84, 29, 1064, 99.53
BANKADD, EQ, 02-Sep-2026, 58.77, 58.63, 58.69, 58.37, 58.68, 58.56, 58.59, 9796, 5.74, 70, 6737, 68.77
BANKBARODA, EQ, 02-Sep-2026, 237.70, 237.50, 241.25, 235.84, 241.20, 241.20, 239.74, 9638977, 23108.23, 62387, 5816550, 60.34
BANKBEES, EQ, 02-Sep-2026, 593.79, 593.48, 593.69, 590.16, 593.43, 592.76, 592.35, 1045041, 6190.26, 10080, 636109, 60.87
BANKBETA, EQ, 02-Sep-2026, 59.31, 59.00, 59.33, 58.89, 59.26, 59.23, 59.00, 647961, 382.30, 487, 617567, 95.31
BANKBETF, EQ, 02-Sep-2026, 58.21, 58.15, 58.33, 57.86, 58.31, 58.06, 58.08, 15722, 9.13, 192, 10787, 68.61
BANKETF, EQ, 02-Sep-2026, 584.26, 581.16, 584.03, 580.54, 584.02, 583.37, 583.15, 41320, 240.96, 266, 34283, 82.97
BANKIETF, EQ, 02-Sep-2026, 58.90, 58.91, 58.91, 58.50, 58.86, 58.77, 58.73, 168198, 98.78, 1355, 97377, 57.89
BANKINDIA, EQ, 02-Sep-2026, 142.35, 141.50, 143.36, 140.23, 143.10, 143.10, 141.83, 5132803, 7280.10, 29164, 2130476, 41.51
BANKNIFTY1, EQ, 02-Sep-2026, 59.31, 59.31, 60.00, 59.10, 59.37, 59.30, 59.37, 559906, 332.41, 918, 335110, 59.85
BANKPSU, EQ, 02-Sep-2026, 85.72, 85.25, 86.25, 85.03, 85.60, 85.60, 85.64, 21223, 18.17, 82, 5701, 26.86
BANSALWIRE, EQ, 02-Sep-2026, 319.75, 316.10, 321.60, 316.10, 321.20, 319.75, 319.14, 39275, 125.34, 2848, 19698, 50.15
BANSWRAS, EQ, 02-Sep-2026, 115.54, 115.80, 119.70, 114.65, 119.40, 118.99, 118.15, 41871, 49.47, 519, 29743, 71.03
BARFLEX, SM, 02-Sep-2026, 58.25, 60.00, 60.00, 60.00, 60.00, 60.00, 60.00, 2000, 1.20, 1, 2000, 100.00
BASF, EQ, 02-Sep-2026, 3760.80, 3742.00, 3845.90, 3728.00, 3825.00, 3811.00, 3806.64, 15322, 583.25, 4351, 7074, 46.17
BASILIC, SM, 02-Sep-2026, 195.00, 191.00, 195.20, 190.25, 192.00, 192.05, 192.20, 5100, 9.80, 16, 3900, 76.47
BASML, BE, 02-Sep-2026, 25.57, 25.06, 25.73, 24.75, 25.00, 25.00, 25.00, 64332, 16.09, 107, -, -
BATAINDIA, EQ, 02-Sep-2026, 677.35, 677.50, 677.95, 666.85, 669.95, 670.45, 670.98, 87033, 583.98, 6924, 38372, 44.09
BATLIBOI, EQ, 02-Sep-2026, 85.10, 85.10, 94.97, 85.10, 93.70, 93.57, 92.31, 122105, 112.72, 1782, 62940, 51.55
BAWEJA, ST, 02-Sep-2026, 25.00, 25.80, 25.80, 25.80, 25.80, 25.80, 25.80, 800, 0.21, 1, 800, 100.00
BAYERCROP, EQ, 02-Sep-2026, 3987.60, 3987.60, 3994.90, 3935.00, 3974.00, 3979.50, 3966.32, 16833, 667.65, 3600, 11147, 66.22
BBETF0432, EQ, 02-Sep-2026, 1338.05, 1341.35, 1341.99, 1336.85, 1336.85, 1340.67, 1339.15, 1080, 14.46, 48, 939, 86.94
BBL, EQ, 02-Sep-2026, 2319.20, 2322.80, 2328.50, 2278.60, 2288.20, 2288.20, 2289.51, 18647, 426.92, 1935, 12072, 64.74
BBNPNBETF, EQ, 02-Sep-2026, 57.86, 57.76, 57.88, 57.20, 57.44, 57.44, 57.39, 2071, 1.19, 24, 1807, 87.25
BBNPPGOLD, EQ, 02-Sep-2026, 146.85, 146.80, 146.80, 144.20, 144.85, 144.65, 144.87, 2926, 4.24, 92, 2273, 77.68
BBOX, EQ, 02-Sep-2026, 719.95, 722.00, 728.00, 709.15, 727.50, 725.20, 720.66, 207783, 1497.41, 11461, 92461, 44.50
BBTC, EQ, 02-Sep-2026, 1539.00, 1524.10, 1538.30, 1490.20, 1496.00, 1492.70, 1508.15, 76820, 1158.56, 6732, 30502, 39.71
BBTCL, EQ, 02-Sep-2026, 220.62, 222.15, 229.69, 217.78, 222.05, 223.45, 220.92, 9290, 20.52, 451, 6196, 66.70
BCG, EQ, 02-Sep-2026, 9.00, 9.01, 9.02, 8.90, 8.95, 8.92, 8.93, 3198107, 285.59, 3293, 1778735, 55.62
BCLIND, EQ, 02-Sep-2026, 36.19, 36.39, 36.72, 35.97, 36.00, 36.07, 36.21, 473912, 171.60, 3313, 224746, 47.42
BCONCEPTS, EQ, 02-Sep-2026, 162.75, 158.57, 168.80, 158.57, 165.80, 165.27, 162.85, 7512, 12.23, 441, 6343, 84.44
BCPL, EQ, 02-Sep-2026, 68.58, 68.58, 68.99, 67.15, 67.51, 67.85, 67.74, 4322, 2.93, 234, 3092, 71.54
BDL, EQ, 02-Sep-2026, 1250.00, 1242.10, 1258.00, 1231.00, 1253.70, 1253.70, 1243.86, 578257, 7192.71, 25948, 160199, 27.70
BEACON, SM, 02-Sep-2026, 85.15, 87.00, 87.00, 82.15, 86.65, 86.65, 85.36, 5000, 4.27, 5, 3000, 60.00
BEARDSELL, EQ, 02-Sep-2026, 25.79, 25.70, 26.40, 24.75, 24.75, 24.94, 25.16, 22548, 5.67, 395, 17524, 77.72
BECTORFOOD, EQ, 02-Sep-2026, 227.75, 228.00, 229.80, 222.14, 228.90, 228.31, 225.44, 963048, 2171.13, 22403, 374012, 38.84
BEDMUTHA, EQ, 02-Sep-2026, 106.61, 107.50, 108.00, 105.39, 108.00, 107.96, 107.39, 3679, 3.95, 67, 3357, 91.25
BEEKAY, EQ, 02-Sep-2026, 396.85, 390.20, 413.95, 390.20, 404.90, 404.30, 403.83, 3760, 15.18, 156, 3446, 91.65
BEL, EQ, 02-Sep-2026, 411.20, 407.50, 408.00, 402.90, 405.75, 405.75, 405.12, 11919117, 48286.95, 175932, 7149438, 59.98
BELLACASA, EQ, 02-Sep-2026, 248.58, 248.15, 253.00, 240.00, 245.00, 242.90, 244.90, 8193, 20.06, 396, 5647, 68.92
BELRISE, EQ, 02-Sep-2026, 230.73, 229.20, 235.00, 227.74, 234.87, 234.31, 233.07, 3569979, 8320.45, 38938, 1834034, 51.37
BEML, EQ, 02-Sep-2026, 1970.20, 1973.80, 2047.80, 1955.10, 2037.60, 2032.40, 2012.81, 966324, 19450.28, 61260, 364958, 37.77
BENARAS, EQ, 02-Sep-2026, 10312.00, 10201.00, 10300.00, 10008.00, 10155.00, 10155.00, 10231.09, 44, 4.50, 17, 36, 81.82
BENGALASM, EQ, 02-Sep-2026, 6661.50, 6630.00, 6688.50, 6263.00, 6600.00, 6474.00, 6545.97, 336, 21.99, 150, 229, 68.15
BEPL, EQ, 02-Sep-2026, 127.16, 127.16, 129.20, 125.00, 127.50, 127.29, 127.45, 1468903, 1872.12, 13165, 516584, 35.17
BERGEPAINT, EQ, 02-Sep-2026, 490.85, 488.80, 489.90, 478.75, 488.05, 488.05, 485.12, 225836, 1095.59, 14152, 96000, 42.51
BESTAGRO, EQ, 02-Sep-2026, 17.11, 18.40, 18.82, 18.00, 18.82, 18.82, 18.70, 2169874, 405.77, 2195, 1107094, 51.02
BETA, EQ, 02-Sep-2026, 2206.80, 2208.50, 2208.50, 2076.00, 2200.00, 2137.00, 2114.99, 44647, 944.28, 6467, 25340, 56.76
BEWLTD, SM, 02-Sep-2026, 48.30, 48.50, 49.25, 48.00, 48.50, 48.50, 48.86, 19500, 9.53, 23, 16500, 84.62
BFINVEST, EQ, 02-Sep-2026, 444.40, 447.75, 454.75, 438.00, 454.50, 452.95, 448.02, 30551, 136.88, 2673, 17066, 55.86
BFSI, EQ, 02-Sep-2026, 26.99, 26.91, 26.91, 26.72, 26.88, 26.84, 26.84, 265420, 71.24, 928, 183580, 69.17
BFUTILITIE, EQ, 02-Sep-2026, 504.70, 501.50, 504.00, 495.35, 499.90, 500.65, 500.98, 23073, 115.59, 1203, 8891, 38.53
BGRENERGY, BE, 02-Sep-2026, 233.12, 234.00, 244.77, 230.02, 244.77, 244.77, 242.69, 61270, 148.70, 503, -, -
BHADORA, ST, 02-Sep-2026, 110.35, 108.60, 108.60, 104.85, 104.95, 105.00, 106.54, 24000, 25.57, 18, 24000, 100.00
BHAGCHEM, EQ, 02-Sep-2026, 269.05, 266.60, 270.45, 265.10, 268.80, 268.10, 267.41, 70506, 188.54, 1256, 43947, 62.33
BHAGERIA, BE, 02-Sep-2026, 263.20, 273.00, 276.35, 253.05, 276.35, 276.35, 272.95, 613964, 1675.81, 2448, -, -
BHAGYANGR, EQ, 02-Sep-2026, 380.00, 379.90, 386.00, 368.15, 378.25, 380.40, 376.48, 140035, 527.20, 4509, 69096, 49.34
BHANDARI, EQ, 02-Sep-2026, 2.96, 2.97, 3.10, 2.94, 2.99, 2.98, 3.00, 198728, 5.95, 256, 155297, 78.15
BHARATCOAL, EQ, 02-Sep-2026, 33.34, 33.33, 34.83, 33.00, 34.00, 33.92, 34.17, 12235859, 4181.22, 32104, 3410872, 27.88
BHARATFORG, EQ, 02-Sep-2026, 2052.20, 2046.10, 2046.10, 2006.30, 2031.80, 2031.80, 2017.39, 1341071, 27054.61, 32598, 966899, 72.10
BHARATGEAR, BE, 02-Sep-2026, 100.30, 101.30, 102.99, 99.05, 101.61, 102.08, 101.55, 8134, 8.26, 197, -, -
BHARATRAS, EQ, 02-Sep-2026, 1233.00, 1239.90, 1247.90, 1190.50, 1196.60, 1203.30, 1219.77, 25627, 312.59, 2572, 16764, 65.42
BHARATSE, EQ, 02-Sep-2026, 219.25, 219.25, 220.99, 212.03, 213.35, 214.00, 213.97, 180073, 385.30, 3760, 82440, 45.78
BHARATWIRE, EQ, 02-Sep-2026, 174.18, 172.40, 180.50, 169.63, 176.00, 175.76, 175.64, 247468, 434.65, 7030, 58498, 23.64
BHARTIARTL, EQ, 02-Sep-2026, 1877.20, 1869.00, 1873.00, 1854.90, 1862.80, 1862.80, 1865.36, 4125938, 76963.55, 161986, 2997731, 72.66
BHARTIHEXA, EQ, 02-Sep-2026, 1511.70, 1512.00, 1547.30, 1498.20, 1518.00, 1531.10, 1524.70, 70741, 1078.59, 12348, 38353, 54.22
BHEL, EQ, 02-Sep-2026, 426.55, 423.55, 427.50, 417.35, 427.50, 427.50, 423.11, 5742323, 24296.09, 58421, 2719773, 47.36
BI, BE, 02-Sep-2026, 87.26, 87.00, 91.50, 85.00, 86.60, 87.04, 87.88, 46584, 40.94, 197, -, -
BIGBLOC, EQ, 02-Sep-2026, 41.89, 42.01, 42.01, 40.95, 41.11, 41.24, 41.28, 24121, 9.96, 497, 14602, 60.54
BIKAJI, EQ, 02-Sep-2026, 598.30, 597.00, 598.30, 586.90, 590.00, 590.20, 590.71, 356630, 2106.64, 16228, 254548, 71.38
BIKEWO, ST, 02-Sep-2026, 101.60, 102.50, 106.65, 98.50, 106.65, 104.70, 104.06, 160000, 166.50, 69, 132000, 82.50
BIL, EQ, 02-Sep-2026, 885.45, 938.00, 938.00, 885.45, 892.00, 893.20, 898.93, 18069, 162.43, 1344, 9992, 55.30
BILVYAPAR, BE, 02-Sep-2026, 3.99, 4.10, 4.10, 3.85, 3.90, 3.90, 4.10, 2096, 0.09, 17, -, -
BIMETAL, EQ, 02-Sep-2026, 640.05, 640.00, 641.00, 633.00, 641.00, 638.90, 635.75, 329, 2.09, 37, 314, 95.44
BIOCON, EQ, 02-Sep-2026, 401.05, 400.00, 402.40, 397.90, 401.00, 401.00, 400.50, 1433504, 5741.12, 34775, 839667, 58.57
BIOFILCHEM, EQ, 02-Sep-2026, 32.15, 32.60, 32.80, 31.55, 32.23, 31.95, 32.11, 4881, 1.57, 112, 3831, 78.49
BIOPOL, SM, 02-Sep-2026, 46.15, 41.55, 41.55, 41.55, 41.55, 41.55, 41.55, 57600, 23.93, 40, 57600, 100.00
BIRET, RR, 02-Sep-2026, 341.86, 341.80, 342.50, 338.00, 341.50, 341.39, 341.02, 180992, 617.21, 15740, 143507, 79.29
BIRLACABLE, BE, 02-Sep-2026, 325.35, 334.40, 341.60, 332.05, 341.60, 341.60, 339.84, 324909, 1104.17, 2955, -, -
BIRLACORPN, EQ, 02-Sep-2026, 879.55, 870.00, 877.60, 862.00, 869.00, 867.40, 868.29, 43993, 381.98, 7688, 22692, 51.58
BIRLAMONEY, EQ, 02-Sep-2026, 127.02, 127.02, 129.00, 125.62, 126.10, 126.47, 126.69, 11603, 14.70, 523, 6063, 52.25
BIRLANU, EQ, 02-Sep-2026, 1437.70, 1443.50, 1443.50, 1403.10, 1427.00, 1422.30, 1425.57, 3869, 55.16, 568, 1721, 44.48
BIRLAPREC, EQ, 02-Sep-2026, 43.79, 43.80, 44.89, 43.00, 43.15, 43.11, 43.76, 52217, 22.85, 484, 34214, 65.52
BLACKBUCK, EQ, 02-Sep-2026, 580.30, 578.20, 584.70, 570.10, 584.00, 581.65, 577.86, 232439, 1343.17, 17766, 135519, 58.30
BLACKROSE, BE, 02-Sep-2026, 113.60, 113.60, 114.20, 112.00, 113.70, 112.64, 113.33, 13715, 15.54, 152, -, -
BLAL, EQ, 02-Sep-2026, 164.88, 167.00, 167.00, 162.92, 163.37, 163.27, 163.69, 19000, 31.10, 486, 16979, 89.36
BLBLIMITED, EQ, 02-Sep-2026, 16.15, 16.25, 17.50, 15.82, 17.15, 17.11, 16.58, 361782, 59.99, 494, 271502, 75.05
BLEL, EQ, 02-Sep-2026, 436.40, 434.00, 452.80, 431.10, 444.00, 445.25, 443.31, 1657322, 7347.03, 26294, 233133, 14.07
BLIL, EQ, 02-Sep-2026, 72.18, 72.38, 72.38, 71.94, 72.23, 72.11, 72.12, 58245, 42.01, 1360, 49842, 85.57
BLISSGVS, BE, 02-Sep-2026, 630.40, 624.10, 659.00, 616.00, 649.90, 648.65, 641.92, 541997, 3479.21, 4141, -, -
BLKASHYAP, EQ, 02-Sep-2026, 55.84, 55.80, 57.89, 54.80, 55.62, 55.75, 56.57, 682619, 386.17, 4328, 345857, 50.67
BLS, EQ, 02-Sep-2026, 238.19, 238.09, 238.09, 234.00, 235.60, 235.22, 235.26, 620128, 1458.90, 13163, 292161, 47.11
BLSE, EQ, 02-Sep-2026, 327.70, 329.05, 330.40, 322.50, 322.50, 322.85, 325.41, 151988, 494.58, 3214, 80582, 53.02
BLUECLOUDS, EQ, 02-Sep-2026, 19.99, 20.00, 20.02, 19.61, 20.00, 19.89, 19.81, 1134230, 224.73, 2742, 630517, 55.59
BLUECOAST, BE, 02-Sep-2026, 22.57, 21.50, 22.50, 21.50, 22.07, 22.07, 22.37, 1407, 0.31, 17, -, -
BLUEDART, EQ, 02-Sep-2026, 5105.00, 5061.00, 5133.90, 4991.00, 5000.00, 5017.50, 5043.25, 23531, 1186.73, 5603, 9065, 38.52
BLUEJET, EQ, 02-Sep-2026, 586.35, 586.30, 586.30, 576.50, 581.00, 580.35, 580.95, 275975, 1603.27, 11478, 145274, 52.64
BLUEPEBBLE, SM, 02-Sep-2026, 62.95, 62.95, 71.00, 62.95, 69.00, 69.05, 67.80, 16000, 10.85, 23, 16000, 100.00
BLUESTARCO, EQ, 02-Sep-2026, 1490.90, 1491.00, 1491.00, 1432.50, 1445.30, 1445.30, 1450.57, 657972, 9544.36, 34361, 273903, 41.63
BLUESTONE, EQ, 02-Sep-2026, 813.25, 810.00, 819.00, 794.55, 805.20, 813.40, 807.36, 351724, 2839.68, 14011, 90497, 25.73
BLUEWATER, ST, 02-Sep-2026, 483.00, 502.95, 502.95, 480.05, 487.00, 487.00, 488.84, 12000, 58.66, 12, 11000, 91.67
BLUSPRING, EQ, 02-Sep-2026, 121.47, 121.88, 133.61, 120.71, 133.60, 132.44, 129.15, 1043522, 1347.68, 10244, 417401, 40.00
BMETRICS, SM, 02-Sep-2026, 33.50, 34.95, 35.85, 34.95, 35.85, 35.85, 35.65, 4000, 1.43, 4, 4000, 100.00
BMLL, SM, 02-Sep-2026, 145.35, 153.00, 163.80, 152.65, 160.10, 160.90, 158.62, 30000, 47.58, 20, 25000, 83.33
BMWVENTLTD, EQ, 02-Sep-2026, 55.28, 56.24, 56.24, 55.00, 55.13, 55.23, 55.30, 51206, 28.32, 1964, 17574, 34.32
BNAGROCHEM, EQ, 02-Sep-2026, 229.00, 225.05, 228.89, 218.00, 225.00, 225.00, 220.55, 1745, 3.85, 63, 976, 55.93
BNALTD, BE, 02-Sep-2026, 362.00, 360.00, 360.00, 355.10, 355.10, 355.10, 357.61, 394, 1.41, 5, -, -
BNKETFAXIS, EQ, 02-Sep-2026, 591.79, 588.42, 591.40, 586.07, 590.89, 589.07, 589.65, 201, 1.19, 29, 142, 70.65
BODALCHEM, EQ, 02-Sep-2026, 126.76, 126.51, 151.89, 119.00, 143.60, 145.45, 139.48, 30271526, 42223.52, 176356, 3560935, 11.76
BOHRAIND, EQ, 02-Sep-2026, 12.69, 13.34, 13.34, 12.24, 12.41, 12.36, 12.37, 21139, 2.61, 99, 13198, 62.43
BOMDYEING, EQ, 02-Sep-2026, 113.49, 112.70, 115.50, 111.47, 114.39, 113.86, 113.33, 568186, 643.94, 5524, 177934, 31.32
BONLON, EQ, 02-Sep-2026, 41.71, 41.91, 42.89, 40.01, 40.60, 40.24, 41.41, 4432, 1.84, 129, 2389, 53.90
BORANA, EQ, 02-Sep-2026, 309.15, 308.50, 310.50, 303.00, 308.25, 304.90, 305.92, 19418, 59.40, 481, 14210, 73.18
BOROLTD, EQ, 02-Sep-2026, 241.85, 241.10, 253.77, 236.51, 249.90, 249.92, 246.36, 310915, 765.97, 6627, 111323, 35.80
BORORENEW, EQ, 02-Sep-2026, 497.15, 493.00, 499.00, 487.80, 495.80, 495.75, 494.59, 172957, 855.43, 7165, 80572, 46.58
BOROSCI, EQ, 02-Sep-2026, 127.65, 126.37, 134.00, 126.37, 131.10, 131.31, 129.48, 92825, 120.19, 1858, 50531, 54.44
BOSCH-HCIL, EQ, 02-Sep-2026, 1745.50, 1746.50, 1750.80, 1686.40, 1740.00, 1733.90, 1726.75, 29791, 514.42, 3579, 16359, 54.91
BOSCHLTD, EQ, 02-Sep-2026, 48550.00, 47780.00, 48090.00, 46410.00, 47250.00, 47250.00, 46794.35, 50832, 23786.51, 20954, 20356, 40.05
BOSS, SM, 02-Sep-2026, 52.95, 54.00, 54.00, 54.00, 54.00, 54.00, 54.00, 2000, 1.08, 1, 2000, 100.00
BPCL, EQ, 02-Sep-2026, 317.65, 312.10, 319.60, 312.10, 319.60, 319.60, 316.03, 8277464, 26159.31, 50371, 4794959, 57.93
BPL, EQ, 02-Sep-2026, 50.02, 49.60, 50.74, 49.20, 49.30, 49.78, 49.90, 59833, 29.85, 1064, 49705, 83.07
BPLPHARMA, EQ, 02-Sep-2026, 1507.40, 1513.00, 1532.90, 1490.00, 1520.00, 1518.20, 1516.49, 524, 7.95, 75, 332, 63.36
BRACEPORT, SM, 02-Sep-2026, 54.75, 58.75, 58.80, 58.25, 58.80, 58.80, 58.53, 6400, 3.75, 4, 6400, 100.00
BRAHMINFRA, EQ, 02-Sep-2026, 157.41, 162.00, 167.99, 159.99, 165.00, 164.96, 163.52, 46742, 76.43, 869, 24254, 51.89
BRANDMAN, SM, 02-Sep-2026, 183.00, 195.00, 195.00, 183.20, 185.00, 184.95, 188.43, 82400, 155.27, 74, 64800, 78.64
BRIGADE, EQ, 02-Sep-2026, 645.10, 639.70, 658.00, 622.60, 642.05, 640.00, 633.96, 258628, 1639.59, 13658, 61011, 23.59
BRIGHOTEL, EQ, 02-Sep-2026, 58.32, 58.32, 59.39, 58.01, 58.31, 58.42, 58.62, 76485, 44.83, 1471, 51216, 66.96
BRIGHTBR, EQ, 02-Sep-2026, 260.00, 259.40, 259.40, 247.55, 259.00, 258.25, 254.87, 1199, 3.06, 40, 805, 67.14
BRITANNIA, EQ, 02-Sep-2026, 5187.00, 5135.00, 5172.00, 5046.00, 5154.00, 5154.00, 5092.24, 325672, 16584.01, 36879, 182507, 56.04
BRNL, EQ, 02-Sep-2026, 17.28, 17.44, 17.44, 17.00, 17.02, 17.11, 17.11, 35170, 6.02, 194, 25322, 72.00
BROOKS, BE, 02-Sep-2026, 66.47, 66.00, 66.10, 64.00, 65.05, 65.10, 64.70, 23544, 15.23, 110, -, -
BSE, EQ, 02-Sep-2026, 3242.00, 3222.60, 3265.00, 3131.50, 3168.00, 3168.00, 3179.92, 6510791, 207038.11, 321310, 2547398, 39.13
BSE500IETF, EQ, 02-Sep-2026, 39.51, 39.13, 39.32, 39.07, 39.26, 39.26, 39.18, 105175, 41.20, 1053, 57471, 54.64
BSHSL, EQ, 02-Sep-2026, 89.03, 89.03, 90.89, 89.03, 89.90, 89.91, 89.52, 3027, 2.71, 87, 2180, 72.02
BSL, EQ, 02-Sep-2026, 123.25, 122.89, 123.00, 121.05, 121.60, 122.12, 121.83, 1740, 2.12, 40, 1231, 70.75
BSLGOLDETF, EQ, 02-Sep-2026, 133.67, 133.47, 133.47, 131.08, 131.75, 131.74, 131.76, 432842, 570.31, 2878, 255093, 58.93
BSLNIFTY, EQ, 02-Sep-2026, 28.18, 28.40, 28.40, 27.96, 28.00, 28.10, 28.09, 1719207, 482.95, 4516, 1159682, 67.45
BSLSENETFG, EQ, 02-Sep-2026, 77.82, 79.37, 79.37, 76.80, 77.09, 77.23, 77.20, 1239, 0.96, 95, 830, 66.99
BSOFT, EQ, 02-Sep-2026, 295.80, 294.60, 299.45, 291.80, 294.70, 294.40, 295.57, 1273310, 3763.50, 28875, 494538, 38.84
BTML, EQ, 02-Sep-2026, 8.06, 8.13, 8.19, 7.90, 8.12, 8.08, 8.02, 453815, 36.39, 329, 391463, 86.26
BTTL, BE, 02-Sep-2026, 43.19, 43.00, 43.00, 41.20, 43.00, 42.09, 41.92, 8575, 3.59, 35, -, -
BUILDPRO, EQ, 02-Sep-2026, 1272.40, 1273.00, 1298.00, 1234.10, 1269.90, 1261.80, 1270.34, 129285, 1642.36, 5610, 77416, 59.88
BULKCORP, ST, 02-Sep-2026, 71.60, 72.00, 72.00, 72.00, 72.00, 72.00, 72.00, 1200, 0.86, 1, 1200, 100.00
BURNPUR, EQ, 02-Sep-2026, 18.64, 19.57, 19.57, 18.05, 19.57, 19.57, 19.20, 467871, 89.82, 1459, 221086, 47.25
BUTTERFLY, EQ, 02-Sep-2026, 624.35, 624.35, 624.35, 611.10, 614.00, 614.25, 616.45, 12254, 75.54, 757, 9876, 80.59
BVCL, EQ, 02-Sep-2026, 43.50, 43.10, 43.77, 42.20, 43.49, 42.93, 43.41, 6239, 2.71, 89, 2421, 38.80
BYKE, BE, 02-Sep-2026, 31.87, 32.97, 32.97, 31.17, 31.73, 31.72, 31.51, 16685, 5.26, 56, -, -
C2C, SM, 02-Sep-2026, 229.00, 225.60, 230.00, 219.00, 224.00, 224.50, 223.16, 91200, 203.52, 463, 59700, 65.46
CALSOFT, EQ, 02-Sep-2026, 39.13, 40.49, 41.08, 40.11, 41.08, 41.08, 40.80, 283152, 115.52, 710, 187538, 66.23
CAMLINFINE, EQ, 02-Sep-2026, 102.14, 102.01, 103.30, 101.00, 102.95, 102.80, 102.20, 384536, 393.01, 3801, 181072, 47.09
CAMPUS, EQ, 02-Sep-2026, 223.92, 223.50, 223.50, 220.10, 220.40, 220.87, 221.33, 248414, 549.81, 7928, 117693, 47.38
CAMS, EQ, 02-Sep-2026, 752.00, 751.00, 752.00, 730.55, 741.85, 741.85, 737.40, 1271642, 9377.14, 38126, 616313, 48.47
CANARYS, SM, 02-Sep-2026, 25.30, 24.90, 25.30, 24.90, 25.30, 25.30, 25.07, 12000, 3.01, 3, 8000, 66.67
CANBK, EQ, 02-Sep-2026, 125.60, 125.35, 126.99, 124.38, 126.30, 126.30, 125.88, 13231733, 16655.64, 64406, 6092679, 46.05
CANFINHOME, EQ, 02-Sep-2026, 793.40, 786.50, 798.00, 783.00, 791.00, 795.30, 793.43, 171636, 1361.82, 12749, 108097, 62.98
CANHLIFE, EQ, 02-Sep-2026, 154.18, 154.18, 154.99, 151.55, 152.88, 152.81, 152.65, 315187, 481.12, 6104, 163542, 51.89
CANTABIL, EQ, 02-Sep-2026, 241.92, 241.40, 241.58, 235.21, 238.00, 236.60, 238.71, 96859, 231.21, 1616, 59717, 61.65
CAPACITE, EQ, 02-Sep-2026, 208.64, 207.50, 209.94, 201.51, 205.49, 205.02, 204.35, 471954, 964.43, 7021, 235962, 50.00
CAPILLARY, EQ, 02-Sep-2026, 491.80, 491.80, 491.80, 482.00, 486.00, 484.00, 485.77, 79393, 385.66, 2753, 51000, 64.24
CAPINVIT, IV, 02-Sep-2026, 76.36, 76.49, 76.69, 76.20, 76.23, 76.25, 76.41, 121461, 92.81, 1560, 108348, 89.20
CAPITALSFB, EQ, 02-Sep-2026, 284.40, 284.85, 284.90, 280.05, 284.00, 283.25, 282.36, 10917, 30.83, 389, 7995, 73.23
CAPLIPOINT, EQ, 02-Sep-2026, 2711.20, 2710.00, 2735.80, 2650.00, 2728.00, 2720.50, 2695.83, 373618, 10072.11, 32337, 80323, 21.50
CAPTRUST, BE, 02-Sep-2026, 18.82, 18.60, 19.76, 18.60, 19.76, 19.76, 19.52, 26227, 5.12, 139, -, -
CARBORUNIV, EQ, 02-Sep-2026, 1100.50, 1100.50, 1107.60, 1068.50, 1072.70, 1071.50, 1081.61, 146299, 1582.39, 13118, 91800, 62.75
CARERATING, EQ, 02-Sep-2026, 1705.00, 1694.00, 1727.50, 1675.20, 1675.20, 1683.00, 1699.21, 101976, 1732.79, 10795, 74420, 72.98
CARRARO, EQ, 02-Sep-2026, 542.25, 539.95, 559.00, 535.00, 543.50, 542.00, 543.52, 88463, 480.81, 6957, 34455, 38.95
CARTRADE, EQ, 02-Sep-2026, 2970.10, 2933.40, 2990.60, 2914.00, 2959.40, 2932.30, 2936.84, 157344, 4620.95, 19278, 66487, 42.26
CARYSIL, EQ, 02-Sep-2026, 1118.00, 1102.60, 1147.80, 1102.60, 1136.10, 1139.20, 1128.88, 43539, 491.50, 4305, 25604, 58.81
CASHIETF, EQ, 02-Sep-2026, 1077.71, 1077.85, 1077.87, 1077.85, 1077.85, 1077.86, 1077.87, 344136, 3709.32, 142, 264011, 76.72
CASTROLIND, EQ, 02-Sep-2026, 186.02, 185.40, 186.40, 184.20, 186.40, 186.08, 185.88, 858851, 1596.41, 23055, 519980, 60.54
CBAZAAR, ST, 02-Sep-2026, 4.70, 4.50, 4.50, 4.50, 4.50, 4.50, 4.50, 16000, 0.72, 2, 16000, 100.00
CCAVENUE, EQ, 02-Sep-2026, 15.31, 15.30, 15.91, 15.02, 15.50, 15.50, 15.48, 14217006, 2200.81, 19841, 5065223, 35.63
CCCL, EQ, 02-Sep-2026, 14.45, 14.45, 14.49, 14.01, 14.42, 14.31, 14.22, 102155, 14.53, 488, 69932, 68.46
CCHHL, EQ, 02-Sep-2026, 12.77, 12.90, 12.90, 12.22, 12.69, 12.42, 12.46, 20907, 2.61, 126, 15344, 73.39
CCL, EQ, 02-Sep-2026, 1100.10, 1096.60, 1106.60, 1074.50, 1090.00, 1086.10, 1089.67, 145991, 1590.82, 17944, 71786, 49.17
CDSL, EQ, 02-Sep-2026, 1391.00, 1378.00, 1379.70, 1355.90, 1365.20, 1365.20, 1365.03, 858052, 11712.66, 35997, 299123, 34.86
CEATLTD, EQ, 02-Sep-2026, 3400.20, 3381.60, 3382.30, 3337.00, 3353.80, 3347.80, 3351.95, 47129, 1579.74, 9552, 23080, 48.97
CEDAAR, ST, 02-Sep-2026, 14.00, 13.40, 13.40, 13.30, 13.30, 13.30, 13.34, 9000, 1.20, 9, 9000, 100.00
CEIGALL, EQ, 02-Sep-2026, 344.70, 342.90, 344.70, 338.90, 341.00, 340.60, 341.03, 203190, 692.94, 3916, 91588, 45.08
CEINSYS, EQ, 02-Sep-2026, 704.40, 698.00, 720.00, 694.95, 700.00, 697.90, 704.70, 63889, 450.23, 3445, 34957, 54.72
CELEBRITY, EQ, 02-Sep-2026, 6.74, 6.70, 6.90, 6.46, 6.90, 6.75, 6.65, 10192, 0.68, 119, 7374, 72.35
CELLECOR, SM, 02-Sep-2026, 31.40, 31.40, 33.00, 31.40, 33.00, 32.90, 32.58, 309000, 100.67, 54, 240000, 77.67
CELLO, EQ, 02-Sep-2026, 349.40, 349.40, 349.40, 343.15, 345.15, 347.60, 346.21, 201808, 698.68, 7502, 94138, 46.65
CELLPOINT, SM, 02-Sep-2026, 16.25, 16.20, 16.45, 16.00, 16.00, 16.00, 16.31, 6000, 0.98, 5, 4800, 80.00
CEMNTGROWW, EQ, 02-Sep-2026, 14.68, 15.04, 15.04, 14.40, 14.55, 14.53, 14.47, 118820, 17.19, 747, 100113, 84.26
CEMPRO, EQ, 02-Sep-2026, 1244.10, 1244.00, 1244.10, 1213.40, 1230.20, 1235.80, 1232.50, 188580, 2324.24, 13302, 122521, 64.97
CENTENKA, EQ, 02-Sep-2026, 544.10, 560.00, 624.80, 560.00, 619.00, 602.35, 597.09, 9590323, 57262.97, 189707, 444315, 4.63
CENTEXT, EQ, 02-Sep-2026, 22.28, 22.23, 22.91, 21.81, 22.60, 22.49, 22.30, 184050, 41.04, 1082, 116058, 63.06
CENTRALBK, EQ, 02-Sep-2026, 30.31, 30.19, 30.53, 29.89, 30.38, 30.37, 30.26, 6820964, 2063.82, 21820, 2977836, 43.66
CENTRUM, EQ, 02-Sep-2026, 22.33, 22.30, 23.10, 22.05, 22.91, 22.90, 22.53, 201793, 45.47, 519, 109618, 54.32
CENTUM, EQ, 02-Sep-2026, 3420.10, 3467.70, 3595.00, 3437.20, 3565.00, 3555.30, 3537.98, 117868, 4170.15, 20339, 35624, 30.22
CENTURYPLY, EQ, 02-Sep-2026, 755.45, 754.95, 757.35, 745.10, 746.25, 748.45, 750.01, 25519, 191.40, 6607, 14465, 56.68
CERA, EQ, 02-Sep-2026, 5717.50, 5700.00, 5712.00, 5641.00, 5651.00, 5662.50, 5665.30, 2090, 118.40, 829, 1340, 64.11
CEREBRAINT, BZ, 02-Sep-2026, 2.51, 2.51, 2.59, 2.49, 2.59, 2.57, 2.53, 86970, 2.20, 75, -, -
CESC, EQ, 02-Sep-2026, 145.15, 144.52, 147.94, 143.55, 146.50, 146.44, 146.42, 1227110, 1796.80, 19962, 531370, 43.30
CEWATER, EQ, 02-Sep-2026, 262.70, 262.00, 267.10, 256.70, 265.00, 263.30, 261.12, 44650, 116.59, 2217, 18584, 41.62
CFEL, EQ, 02-Sep-2026, 30.88, 31.90, 32.75, 31.00, 31.80, 31.80, 31.72, 18100, 5.74, 104, 10621, 58.68
CGCL, EQ, 02-Sep-2026, 250.90, 250.85, 259.00, 249.00, 256.50, 256.60, 255.49, 3713359, 9487.27, 34271, 1084506, 29.21
CGPOWER, EQ, 02-Sep-2026, 885.50, 878.05, 881.40, 870.00, 877.75, 877.75, 875.76, 2061765, 18056.04, 62541, 1117804, 54.22
CGRAPHICS, SM, 02-Sep-2026, 146.80, 145.95, 149.00, 145.55, 147.85, 147.30, 146.75, 24000, 35.22, 25, 18400, 76.67
CGVAK, EQ, 02-Sep-2026, 152.99, 150.01, 152.98, 148.00, 152.98, 148.93, 149.95, 1333, 2.00, 25, 1302, 97.67
CHALET, EQ, 02-Sep-2026, 897.50, 897.55, 904.70, 884.50, 893.00, 897.95, 897.01, 70205, 629.75, 6213, 31579, 44.98
CHAMBLFERT, EQ, 02-Sep-2026, 412.30, 412.40, 414.65, 407.25, 411.80, 411.45, 410.55, 739003, 3033.99, 21421, 458508, 62.04
CHANDAN, SM, 02-Sep-2026, 220.15, 217.30, 217.30, 209.05, 211.05, 211.40, 212.70, 51200, 108.90, 60, 34400, 67.19
CHAVDA, SM, 02-Sep-2026, 126.75, 122.60, 125.15, 120.85, 124.00, 123.90, 122.95, 30000, 36.89, 30, 22000, 73.33
CHEMBOND, EQ, 02-Sep-2026, 168.99, 174.44, 174.44, 165.61, 169.00, 167.67, 168.33, 3886, 6.54, 147, 2248, 57.85
CHEMBONDCH, BE, 02-Sep-2026, 267.60, 269.00, 276.90, 260.05, 266.50, 261.40, 268.85, 8614, 23.16, 113, -, -
CHEMCON, BE, 02-Sep-2026, 199.32, 198.00, 200.37, 195.32, 198.00, 199.61, 197.42, 15863, 31.32, 248, -, -
CHEMCRUX, EQ, 02-Sep-2026, 83.24, 83.24, 83.85, 80.24, 81.99, 81.52, 82.12, 3519, 2.89, 142, 3139, 89.20
CHEMFAB, EQ, 02-Sep-2026, 362.80, 366.00, 366.00, 351.80, 355.00, 355.25, 355.66, 2940, 10.46, 138, 2720, 92.52
CHEMICAL, EQ, 02-Sep-2026, 30.04, 30.34, 30.34, 29.78, 30.00, 30.07, 29.96, 256088, 76.73, 1150, 144593, 56.46
CHEMPLASTS, EQ, 02-Sep-2026, 170.35, 171.13, 172.38, 167.61, 170.50, 169.83, 169.81, 128382, 218.01, 3938, 55745, 43.42
CHENNPETRO, EQ, 02-Sep-2026, 1387.00, 1396.60, 1423.50, 1382.50, 1412.80, 1414.00, 1406.12, 1672746, 23520.89, 57977, 367282, 21.96
CHETANA, SM, 02-Sep-2026, 43.85, 41.05, 43.95, 41.05, 43.95, 43.90, 42.95, 20800, 8.93, 13, 12800, 61.54
CHEVIOT, EQ, 02-Sep-2026, 1124.60, 1112.10, 1159.00, 1101.00, 1146.00, 1150.60, 1135.34, 1549, 17.59, 253, 1176, 75.92
CHOICEGOLD, EQ, 02-Sep-2026, 150.62, 150.30, 150.30, 147.94, 148.65, 148.39, 148.62, 6727, 10.00, 112, 5431, 80.73
CHOICEIN, EQ, 02-Sep-2026, 774.70, 773.00, 774.75, 760.00, 762.75, 763.40, 764.73, 203010, 1552.48, 6029, 82629, 40.70
CHOLAFIN, EQ, 02-Sep-2026, 1814.70, 1796.00, 1825.90, 1773.50, 1825.90, 1825.90, 1799.12, 853169, 15349.52, 51405, 551839, 64.68
CHOLAHLDNG, EQ, 02-Sep-2026, 1475.00, 1470.00, 1501.00, 1437.00, 1501.00, 1489.00, 1467.47, 143781, 2109.94, 15603, 70745, 49.20
CIEINDIA, EQ, 02-Sep-2026, 390.85, 392.00, 392.00, 383.85, 385.00, 385.00, 386.39, 191339, 739.31, 11935, 117149, 61.23
CIFL, EQ, 02-Sep-2026, 20.38, 20.31, 20.64, 20.30, 20.43, 20.41, 20.39, 8872, 1.81, 98, 7964, 89.77
CINELINE, EQ, 02-Sep-2026, 88.95, 88.98, 89.59, 88.00, 88.00, 88.18, 88.27, 8621, 7.61, 116, 7151, 82.95
CINEVISTA, EQ, 02-Sep-2026, 14.38, 14.78, 15.09, 13.96, 14.39, 14.40, 14.32, 11609, 1.66, 150, 7774, 66.97
CIPLA, EQ, 02-Sep-2026, 1423.00, 1414.00, 1417.00, 1401.20, 1412.80, 1412.80, 1409.98, 578260, 8153.35, 34342, 321987, 55.68
CITIUSINVT, IV, 02-Sep-2026, 114.83, 114.05, 114.97, 114.00, 114.35, 114.52, 114.50, 106972, 122.49, 1173, 103155, 96.43
CLASSICEIL, SM, 02-Sep-2026, 55.00, 55.00, 55.00, 53.20, 53.20, 53.20, 53.81, 6400, 3.44, 4, 4800, 75.00
CLAYCRAFT, SM, 02-Sep-2026, 157.75, 159.00, 162.90, 158.00, 160.45, 161.80, 160.04, 40200, 64.34, 41, 38400, 95.52
CLEAN, EQ, 02-Sep-2026, 827.10, 826.35, 869.10, 815.50, 863.00, 863.15, 849.36, 1112817, 9451.86, 41501, 427647, 38.43
CLEANMAX, EQ, 02-Sep-2026, 1249.50, 1240.00, 1267.00, 1225.10, 1262.00, 1257.60, 1251.83, 104707, 1310.75, 10575, 49359, 47.14
CLEDUCATE, BE, 02-Sep-2026, 62.96, 63.00, 63.00, 60.21, 60.50, 60.96, 62.30, 16196, 10.09, 102, -, -
CLSEL, EQ, 02-Sep-2026, 302.40, 301.00, 306.85, 298.00, 302.75, 301.40, 302.19, 70678, 213.58, 2929, 25774, 36.47
CLSL, ST, 02-Sep-2026, 87.50, 83.15, 83.15, 83.15, 83.15, 83.15, 83.15, 2000, 1.66, 1, 2000, 100.00
CMLL, EQ, 02-Sep-2026, 501.40, 501.00, 521.00, 491.00, 497.50, 495.45, 501.95, 716590, 3596.93, 15113, 311369, 43.45
CMNL, SM, 02-Sep-2026, 115.00, 117.00, 120.00, 116.05, 120.00, 120.00, 118.57, 22500, 26.68, 21, 20250, 90.00
CMPDI, EQ, 02-Sep-2026, 222.68, 222.00, 226.30, 219.20, 223.00, 222.97, 223.29, 906471, 2024.07, 13911, 369991, 40.82
CMRGREEN, EQ, 02-Sep-2026, 231.03, 231.03, 231.03, 223.58, 225.50, 224.71, 225.50, 277896, 626.64, 5081, 124761, 44.89
CMRSL, SM, 02-Sep-2026, 68.25, 66.40, 66.40, 66.00, 66.40, 66.40, 66.17, 4000, 2.65, 5, 4000, 100.00
CMSINFO, EQ, 02-Sep-2026, 247.67, 248.00, 254.00, 245.62, 249.00, 249.30, 250.16, 625944, 1565.84, 15835, 318632, 50.90
CNL, EQ, 02-Sep-2026, 1245.50, 1246.00, 1270.00, 1225.00, 1270.00, 1259.60, 1245.63, 17267, 215.08, 1472, 9853, 57.06
COALINDIA, EQ, 02-Sep-2026, 401.60, 408.20, 422.40, 406.50, 417.85, 417.85, 417.14, 34130970, 142374.14, 271387, 9663682, 28.31
COASTCORP, EQ, 02-Sep-2026, 39.84, 39.50, 40.58, 39.00, 39.00, 39.40, 39.73, 59914, 23.81, 915, 41298, 68.93
COCHINSHIP, EQ, 02-Sep-2026, 1475.90, 1473.90, 1473.90, 1452.10, 1463.00, 1463.00, 1459.83, 327832, 4785.79, 16340, 103580, 31.60
COCKERILL, EQ, 02-Sep-2026, 7968.50, 7965.00, 8049.00, 7820.50, 8020.00, 8005.00, 7936.58, 4052, 321.59, 1204, 2213, 54.62
COFFEEDAY, BE, 02-Sep-2026, 29.08, 29.39, 29.99, 28.90, 29.98, 29.81, 29.42, 325805, 95.86, 800, -, -
COFORGE, EQ, 02-Sep-2026, 1988.90, 1970.00, 1975.00, 1942.00, 1965.70, 1965.70, 1962.02, 1665060, 32668.86, 102409, 1005036, 60.36
COHANCE, EQ, 02-Sep-2026, 460.00, 460.00, 469.60, 452.20, 459.00, 458.30, 459.42, 417152, 1916.50, 16369, 174504, 41.83
COLPAL, EQ, 02-Sep-2026, 1859.80, 1848.80, 1862.60, 1831.90, 1861.50, 1861.50, 1849.60, 274685, 5080.57, 16516, 143703, 52.32
COMFINTE, EQ, 02-Sep-2026, 6.20, 6.30, 6.30, 6.15, 6.30, 6.23, 6.22, 116294, 7.23, 286, 86297, 74.21
COMMITTED, SM, 02-Sep-2026, 347.95, 349.00, 349.00, 349.00, 349.00, 349.00, 349.00, 9600, 33.50, 1, 9600, 100.00
COMMOIETF, EQ, 02-Sep-2026, 98.85, 101.32, 101.80, 97.92, 99.19, 99.26, 98.84, 28045, 27.72, 534, 13165, 46.94
COMPEAU, EQ, 02-Sep-2026, 359.65, 359.50, 366.00, 354.00, 354.00, 354.00, 363.38, 561, 2.04, 18, 561, 100.00
COMPINFO, BZ, 02-Sep-2026, 1.11, 1.12, 1.15, 1.06, 1.07, 1.07, 1.08, 11679, 0.13, 21, -, -
COMPUSOFT, EQ, 02-Sep-2026, 13.48, 13.61, 13.61, 13.00, 13.33, 13.38, 13.35, 17899, 2.39, 141, 12799, 71.51
COMSYN, EQ, 02-Sep-2026, 304.35, 302.60, 314.85, 297.00, 298.75, 302.65, 305.09, 113506, 346.29, 2621, 48708, 42.91
CONCOR, EQ, 02-Sep-2026, 514.00, 510.00, 520.75, 508.25, 510.00, 510.00, 513.11, 2202359, 11300.43, 29440, 1090811, 49.53
CONCORDBIO, EQ, 02-Sep-2026, 1484.30, 1485.00, 1492.80, 1440.90, 1445.00, 1444.80, 1458.16, 90956, 1326.29, 10178, 43468, 47.79
CONFIPET, EQ, 02-Sep-2026, 80.34, 80.11, 84.40, 78.85, 82.25, 82.55, 82.48, 5113322, 4217.53, 24018, 2516599, 49.22
CONNPLEX, SM, 02-Sep-2026, 211.10, 210.00, 219.00, 210.00, 213.15, 213.15, 214.25, 25600, 54.85, 31, 19200, 75.00
CONS, EQ, 02-Sep-2026, 12.12, 11.88, 12.30, 11.88, 12.10, 12.06, 11.99, 21260, 2.55, 170, 18561, 87.30
CONSOFINVT, BE, 02-Sep-2026, 264.00, 276.90, 276.90, 266.00, 266.25, 266.25, 267.15, 1836, 4.90, 40, -, -
CONSUMAXIS, EQ, 02-Sep-2026, 119.97, 119.38, 120.32, 119.38, 120.12, 120.12, 119.86, 5359, 6.42, 32, 942, 17.58
CONSUMBEES, EQ, 02-Sep-2026, 131.45, 131.45, 132.85, 129.41, 130.95, 130.51, 130.06, 179006, 232.81, 2198, 133091, 74.35
CONSUMER, EQ, 02-Sep-2026, 12.08, 12.45, 12.45, 11.90, 12.01, 12.01, 11.96, 300957, 35.98, 499, 261156, 86.78
CONSUMIETF, EQ, 02-Sep-2026, 122.08, 121.90, 121.90, 120.30, 121.38, 121.08, 120.79, 7895, 9.54, 267, 4390, 55.60
CONTI, SM, 02-Sep-2026, 11.65, 11.50, 11.65, 11.10, 11.10, 11.10, 11.52, 279972, 32.25, 7, 279972, 100.00
CONTROLPR, EQ, 02-Sep-2026, 597.80, 597.80, 607.00, 588.00, 601.00, 603.30, 600.02, 64466, 386.81, 3030, 55784, 86.53
COOLCAPS, ST, 02-Sep-2026, 21.65, 20.90, 22.65, 20.70, 22.50, 22.50, 21.84, 157500, 34.39, 88, 140000, 88.89
CORALFINAC, EQ, 02-Sep-2026, 32.21, 33.00, 33.00, 32.01, 32.78, 32.36, 32.45, 17316, 5.62, 364, 9185, 53.04
CORDELIA, EQ, 02-Sep-2026, 103.92, 103.80, 103.80, 100.80, 102.03, 101.89, 101.75, 1054722, 1073.17, 6510, 535197, 50.74
CORDSCABLE, EQ, 02-Sep-2026, 312.95, 319.85, 329.30, 305.50, 314.80, 315.50, 319.49, 516769, 1651.04, 12256, 191183, 37.00
COROMANDEL, EQ, 02-Sep-2026, 1922.90, 1916.10, 1929.50, 1890.00, 1911.20, 1914.60, 1911.45, 95960, 1834.23, 16435, 55176, 57.50
CORONA, EQ, 02-Sep-2026, 2033.30, 2031.00, 2073.10, 2020.20, 2064.70, 2054.20, 2054.07, 9979, 204.98, 1892, 3431, 34.38
COSMOFIRST, EQ, 02-Sep-2026, 949.65, 950.20, 966.00, 938.85, 950.00, 952.85, 953.81, 136691, 1303.78, 8184, 44573, 32.61
COUNCODOS, BE, 02-Sep-2026, 6.72, 6.70, 6.88, 6.61, 6.77, 6.70, 6.71, 13720, 0.92, 143, -, -
CPCAP, EQ, 02-Sep-2026, 117.72, 118.33, 118.50, 113.00, 114.50, 115.16, 115.43, 7926, 9.15, 375, 5313, 67.03
CPEDU, EQ, 02-Sep-2026, 183.28, 178.00, 189.00, 178.00, 187.00, 186.93, 184.64, 2202, 4.07, 118, 1638, 74.39
CPL, EQ, 02-Sep-2026, 64.27, 63.06, 65.17, 61.52, 62.28, 61.87, 62.73, 144900, 90.89, 950, 26674, 18.41
CPPLUS, EQ, 02-Sep-2026, 3726.90, 3742.00, 3787.60, 3665.20, 3712.00, 3721.40, 3714.39, 222182, 8252.70, 29419, 121265, 54.58
CPS, SM, 02-Sep-2026, 1150.00, 1190.00, 1190.00, 1150.00, 1150.00, 1150.00, 1162.50, 1200, 13.95, 8, 1200, 100.00
CPSEETF, EQ, 02-Sep-2026, 92.53, 94.84, 94.84, 92.06, 93.73, 93.64, 93.36, 1238289, 1156.08, 7054, 907684, 73.30
CRAFTSMAN, EQ, 02-Sep-2026, 11253.00, 11215.00, 11215.00, 10927.00, 11040.00, 10999.00, 11012.91, 43059, 4742.05, 15923, 26086, 60.58
CRAMC, EQ, 02-Sep-2026, 255.35, 255.00, 255.00, 251.50, 252.70, 252.85, 253.06, 166410, 421.12, 6666, 98687, 59.30
CRAVATEX, EQ, 02-Sep-2026, 318.10, 339.00, 339.00, 339.00, 339.00, 339.00, 339.00, 1, 0.00, 1, 1, 100.00
CREATIVEYE, EQ, 02-Sep-2026, 6.09, 6.18, 6.18, 6.00, 6.15, 6.15, 6.04, 1356, 0.08, 38, 1234, 91.00
CREDENT, ST, 02-Sep-2026, 345.10, 341.00, 359.95, 338.00, 355.20, 355.60, 349.71, 140400, 491.00, 170, 135600, 96.58
CREDITACC, EQ, 02-Sep-2026, 1393.30, 1379.00, 1410.90, 1362.20, 1400.00, 1403.40, 1402.74, 394282, 5530.77, 45229, 260754, 66.13
CREST, EQ, 02-Sep-2026, 364.45, 357.00, 370.00, 357.00, 365.00, 364.95, 364.84, 4044, 14.75, 58, 3949, 97.65
CRISIL, EQ, 02-Sep-2026, 4829.50, 4770.30, 4793.20, 4672.00, 4720.00, 4701.70, 4719.76, 40753, 1923.44, 14672, 20030, 49.15
CRIZAC, EQ, 02-Sep-2026, 164.63, 164.95, 170.42, 161.66, 164.89, 165.30, 166.67, 380389, 633.98, 7877, 136186, 35.80
CROMPTON, EQ, 02-Sep-2026, 231.10, 230.90, 230.90, 226.05, 227.72, 227.72, 227.61, 3476670, 7913.10, 41067, 1599688, 46.01
CROWN, EQ, 02-Sep-2026, 109.04, 110.90, 112.00, 107.21, 108.20, 108.27, 110.10, 7390, 8.14, 134, 6245, 84.51
CRSL, BE, 02-Sep-2026, 2.88, 2.94, 2.95, 2.74, 2.74, 2.74, 2.79, 397232, 11.10, 654, -, -
CSBBANK, EQ, 02-Sep-2026, 338.95, 337.10, 338.00, 328.70, 332.45, 331.65, 332.53, 340893, 1133.58, 9414, 179282, 52.59
CSLFINANCE, EQ, 02-Sep-2026, 236.92, 239.95, 242.00, 230.65, 238.11, 239.05, 235.20, 46180, 108.61, 1537, 29198, 63.23
CSM, EQ, 02-Sep-2026, 94.49, 94.49, 96.30, 93.12, 95.05, 95.94, 95.19, 130639, 124.36, 1402, 48175, 36.88
CSSL, SM, 02-Sep-2026, 93.90, 92.05, 92.05, 92.00, 92.00, 92.00, 92.03, 2000, 1.84, 2, 2000, 100.00
CTE, BE, 02-Sep-2026, 44.78, 44.00, 44.50, 42.70, 42.85, 43.16, 43.73, 6771, 2.96, 66, -, -
CUB, EQ, 02-Sep-2026, 234.99, 231.90, 231.90, 226.40, 230.06, 230.61, 229.92, 2227407, 5121.36, 52869, 1089047, 48.89
CUBEINVIT, IV, 02-Sep-2026, 156.27, 156.30, 157.25, 156.03, 156.89, 156.94, 156.59, 727940, 1139.91, 9476, 678188, 93.17
CUBEXTUB, EQ, 02-Sep-2026, 76.82, 76.81, 76.96, 75.50, 75.75, 76.07, 76.13, 22424, 17.07, 1083, 11829, 52.75
CUDML, SM, 02-Sep-2026, 103.75, 103.70, 103.75, 101.25, 103.75, 103.75, 102.14, 12000, 12.26, 12, 12000, 100.00
CUMMINSIND, EQ, 02-Sep-2026, 5105.00, 5089.00, 5089.00, 5001.00, 5088.50, 5088.50, 5033.86, 368600, 18554.82, 39047, 249694, 67.74
CUPID, EQ, 02-Sep-2026, 275.05, 275.05, 282.30, 274.00, 280.70, 280.70, 279.11, 9328144, 26035.91, 66546, 3675461, 39.40
CURAA, EQ, 02-Sep-2026, 67.00, 68.34, 68.50, 67.00, 67.00, 67.04, 67.71, 39, 0.03, 8, 30, 76.92
CURIS, SM, 02-Sep-2026, 137.50, 142.00, 150.35, 140.00, 142.00, 141.95, 143.23, 10000, 14.32, 10, 9000, 90.00
CURRENT, SM, 02-Sep-2026, 91.50, 89.00, 89.00, 89.00, 89.00, 89.00, 89.00, 6400, 5.70, 4, 4800, 75.00
CYBERMEDIA, EQ, 02-Sep-2026, 18.66, 19.00, 20.05, 18.11, 20.00, 19.90, 19.44, 83153, 16.16, 640, 68835, 82.78
CYBERTECH, BE, 02-Sep-2026, 132.91, 133.99, 133.99, 132.01, 133.50, 133.35, 132.97, 6781, 9.02, 133, -, -
CYIENT, EQ, 02-Sep-2026, 1164.60, 1150.00, 1150.00, 1114.50, 1122.00, 1122.20, 1128.86, 820374, 9260.85, 34205, 346712, 42.26
CYIENTDLM, EQ, 02-Sep-2026, 857.20, 852.00, 865.10, 836.05, 859.90, 854.75, 853.10, 581016, 4956.62, 31351, 283278, 48.76
DABUR, EQ, 02-Sep-2026, 384.00, 383.70, 383.70, 377.60, 379.00, 379.00, 379.92, 1597939, 6070.85, 27433, 925303, 57.91
DAICHI, EQ, 02-Sep-2026, 339.00, 337.80, 355.95, 331.50, 355.95, 352.30, 346.64, 18127, 62.84, 238, 16969, 93.61
DALBHARAT, EQ, 02-Sep-2026, 1806.60, 1801.90, 1802.00, 1760.20, 1774.90, 1773.10, 1772.88, 58918, 1044.54, 7382, 28540, 48.44
DALMIASUG, EQ, 02-Sep-2026, 467.85, 462.50, 472.95, 450.50, 459.20, 456.55, 460.19, 337632, 1553.76, 9535, 109887, 32.55
DAMCAPITAL, EQ, 02-Sep-2026, 141.45, 141.15, 144.99, 139.64, 143.40, 144.16, 142.95, 271119, 387.57, 3485, 99799, 36.81
DAMODARIND, BE, 02-Sep-2026, 27.85, 27.98, 28.90, 26.51, 28.90, 28.71, 27.98, 3635, 1.02, 29, -, -
DANGEE, EQ, 02-Sep-2026, 2.71, 2.74, 2.97, 2.63, 2.88, 2.87, 2.87, 91306, 2.62, 203, 75619, 82.82
DANISH, SM, 02-Sep-2026, 850.50, 821.10, 854.70, 821.10, 850.00, 852.25, 843.84, 15300, 129.11, 78, 10200, 66.67
DATAMATICS, EQ, 02-Sep-2026, 771.05, 767.70, 769.45, 760.15, 762.00, 763.95, 764.62, 29964, 229.11, 1745, 16192, 54.04
DATAPATTNS, EQ, 02-Sep-2026, 4515.20, 4505.20, 4543.60, 4454.00, 4515.00, 4516.70, 4497.68, 292275, 13145.60, 26115, 52555, 17.98
DAVANGERE, EQ, 02-Sep-2026, 2.08, 2.10, 2.13, 2.06, 2.10, 2.09, 2.09, 9326102, 195.34, 2323, 6366593, 68.27
DBCORP, EQ, 02-Sep-2026, 197.76, 197.10, 199.02, 193.05, 194.00, 194.27, 194.57, 97496, 189.70, 3503, 58769, 60.28
DBEIL, BE, 02-Sep-2026, 6.27, 6.14, 6.37, 6.01, 6.06, 6.11, 6.15, 156716, 9.64, 342, -, -
DBL, EQ, 02-Sep-2026, 394.80, 394.70, 396.65, 390.55, 395.80, 395.05, 394.09, 58809, 231.76, 2420, 31509, 53.58
DBOL, EQ, 02-Sep-2026, 126.76, 126.60, 130.95, 125.70, 127.61, 128.18, 128.52, 136571, 175.52, 3708, 63624, 46.59
DBREALTY, EQ, 02-Sep-2026, 102.90, 103.00, 103.35, 101.00, 102.62, 102.81, 102.14, 752185, 768.26, 5409, 446877, 59.41
DBSTOCKBRO, BE, 02-Sep-2026, 30.46, 30.46, 31.97, 29.52, 30.50, 30.30, 30.70, 24139, 7.41, 79, -, -
DCAL, EQ, 02-Sep-2026, 181.83, 182.00, 183.62, 174.82, 176.54, 176.85, 178.87, 225327, 403.04, 4027, 101361, 44.98
DCBBANK, EQ, 02-Sep-2026, 224.39, 224.39, 224.39, 218.55, 222.12, 222.34, 220.66, 2487065, 5487.86, 32289, 1358789, 54.63
DCCL, SM, 02-Sep-2026, 43.50, 43.00, 43.00, 43.00, 43.00, 43.00, 43.00, 2000, 0.86, 1, 2000, 100.00
DCG, SM, 02-Sep-2026, 67.05, 67.25, 77.00, 65.00, 74.60, 74.65, 72.25, 116400, 84.10, 92, 81600, 70.10
DCI, EQ, 02-Sep-2026, 369.70, 374.00, 376.60, 345.80, 357.00, 354.55, 355.90, 249417, 887.68, 8023, 70131, 28.12
DCM, BE, 02-Sep-2026, 77.67, 77.56, 78.79, 76.79, 77.50, 78.39, 77.13, 14889, 11.48, 50, -, -
DCMFINSERV, EQ, 02-Sep-2026, 5.22, 5.20, 5.41, 5.05, 5.06, 5.21, 5.23, 9021, 0.47, 44, 8519, 94.44
DCMNVL, EQ, 02-Sep-2026, 189.67, 189.73, 193.00, 185.00, 185.01, 185.47, 188.95, 31825, 60.13, 430, 27211, 85.50
DCMSHRIRAM, EQ, 02-Sep-2026, 1030.40, 1033.00, 1052.50, 1021.00, 1028.00, 1028.00, 1036.44, 88712, 919.45, 14347, 42658, 48.09
DCMSIL, EQ, 02-Sep-2026, 70.98, 69.48, 72.83, 69.48, 71.00, 71.65, 71.37, 55181, 39.38, 1706, 22037, 39.94
DCMSRIND, EQ, 02-Sep-2026, 46.61, 45.98, 47.48, 45.98, 46.35, 46.81, 46.60, 170129, 79.28, 1488, 85632, 50.33
DCW, EQ, 02-Sep-2026, 44.58, 44.55, 48.20, 43.75, 47.74, 47.61, 46.86, 6153160, 2883.60, 23971, 2078495, 33.78
DCXINDIA, EQ, 02-Sep-2026, 173.51, 173.00, 173.00, 169.62, 172.07, 171.23, 171.04, 215087, 367.89, 3833, 95198, 44.26
DDEVPLSTIK, EQ, 02-Sep-2026, 278.75, 280.40, 280.40, 272.95, 275.60, 274.05, 274.34, 64985, 178.28, 2223, 39620, 60.97
DECCANCE, EQ, 02-Sep-2026, 574.40, 567.05, 573.70, 567.00, 570.95, 571.30, 569.85, 2760, 15.73, 170, 1697, 61.49
DECCANTRAN, SM, 02-Sep-2026, 21.10, 20.60, 20.60, 20.50, 20.50, 20.50, 20.52, 6000, 1.23, 5, 6000, 100.00
DECNGOLD, EQ, 02-Sep-2026, 221.05, 216.69, 223.99, 215.50, 220.51, 219.03, 218.94, 757656, 1658.84, 12232, 307544, 40.59
DEEDEV, EQ, 02-Sep-2026, 619.80, 619.00, 650.75, 617.20, 643.00, 643.85, 645.68, 530818, 3427.37, 9883, 287504, 54.16
DEEP, EQ, 02-Sep-2026, 36.10, 36.10, 36.10, 34.20, 35.99, 35.24, 35.52, 5874, 2.09, 58, 5417, 92.22
DEEPAKFERT, EQ, 02-Sep-2026, 1427.50, 1427.50, 1433.20, 1404.70, 1415.00, 1416.70, 1416.10, 130758, 1851.67, 18571, 67607, 51.70
DEEPAKNTR, EQ, 02-Sep-2026, 1782.80, 1784.00, 1789.50, 1717.80, 1734.00, 1734.10, 1744.73, 389513, 6795.94, 28296, 187685, 48.18
DEEPINDS, EQ, 02-Sep-2026, 665.00, 666.85, 704.50, 655.00, 697.05, 693.65, 680.44, 450290, 3063.97, 13598, 210980, 46.85
DEFENCE, EQ, 02-Sep-2026, 80.77, 82.78, 82.78, 79.63, 80.66, 80.63, 80.21, 246280, 197.53, 978, 120310, 48.85
DELAPLEX, SM, 02-Sep-2026, 96.60, 96.00, 102.00, 95.00, 102.00, 101.25, 99.62, 9000, 8.97, 14, 7200, 80.00
DELHIVERY, EQ, 02-Sep-2026, 460.80, 458.50, 459.70, 452.50, 454.80, 454.80, 455.23, 1061104, 4830.47, 26549, 614569, 57.92
DELPHIFX, BE, 02-Sep-2026, 6.41, 6.41, 6.41, 6.09, 6.09, 6.09, 6.14, 172651, 10.59, 276, -, -
DELTACORP, EQ, 02-Sep-2026, 57.41, 57.30, 57.50, 56.60, 56.70, 56.95, 56.95, 647310, 368.63, 4203, 366155, 56.57
DELTAMAGNT, EQ, 02-Sep-2026, 58.45, 57.87, 57.87, 55.10, 57.79, 57.74, 56.79, 2805, 1.59, 89, 1640, 58.47
DEN, EQ, 02-Sep-2026, 27.77, 27.90, 27.93, 27.33, 27.85, 27.85, 27.61, 304255, 84.00, 1516, 184115, 60.51
DENEERS, SM, 02-Sep-2026, 168.05, 171.00, 171.75, 168.20, 170.00, 170.00, 170.24, 2400, 4.09, 4, 1200, 50.00
DENORA, EQ, 02-Sep-2026, 813.90, 802.00, 824.00, 802.00, 812.10, 816.95, 813.28, 1761, 14.32, 249, 1117, 63.43
DENTA, EQ, 02-Sep-2026, 270.35, 271.00, 275.90, 262.90, 270.10, 270.50, 271.82, 111326, 302.61, 3096, 42628, 38.29
DENTALKART, SM, 02-Sep-2026, 397.75, 394.05, 405.00, 394.05, 399.05, 399.05, 400.55, 2250, 9.01, 9, 1500, 66.67
DEVIT, EQ, 02-Sep-2026, 25.02, 24.61, 25.09, 24.60, 24.62, 24.64, 24.75, 12989, 3.21, 159, 9578, 73.74
DEVX, EQ, 02-Sep-2026, 32.99, 33.40, 34.68, 32.80, 33.62, 33.01, 33.02, 114889, 37.94, 526, 106357, 92.57
DEVYANI, EQ, 02-Sep-2026, 138.69, 137.40, 138.55, 135.35, 138.35, 138.07, 137.19, 1211173, 1661.67, 15597, 622429, 51.39
DGCONTENT, EQ, 02-Sep-2026, 24.23, 24.69, 29.07, 24.66, 25.00, 24.95, 26.88, 198027, 53.23, 1174, 54634, 27.59
DHABRIYA, BE, 02-Sep-2026, 529.80, 516.05, 539.00, 505.00, 520.00, 506.50, 517.78, 23368, 121.00, 275, -, -
DHAMPURSUG, EQ, 02-Sep-2026, 172.82, 172.20, 176.79, 168.03, 170.08, 170.67, 172.17, 655398, 1128.38, 10723, 240072, 36.63
DHANBANK, EQ, 02-Sep-2026, 32.05, 31.91, 31.92, 31.30, 31.60, 31.50, 31.63, 612773, 193.84, 1965, 350254, 57.16
DHANLAXMI, SM, 02-Sep-2026, 24.25, 24.25, 24.25, 24.25, 24.25, 24.25, 24.25, 2000, 0.49, 1, 2000, 100.00
DHANSA, SM, 02-Sep-2026, 27.00, 26.00, 26.00, 25.65, 26.00, 25.85, 25.85, 22000, 5.69, 11, 14000, 63.64
DHANUKA, EQ, 02-Sep-2026, 990.35, 980.00, 999.80, 972.80, 994.00, 995.70, 988.68, 17041, 168.48, 2283, 8907, 52.27
DHARAN, BZ, 02-Sep-2026, 0.14, 0.15, 0.15, 0.13, 0.15, 0.13, 0.14, 30671706, 43.08, 2482, -, -
DHARARAIL, ST, 02-Sep-2026, 149.00, 142.00, 146.50, 142.00, 146.50, 145.35, 143.96, 12000, 17.28, 9, 12000, 100.00
DHARIWAL, SM, 02-Sep-2026, 21.65, 22.70, 22.70, 22.70, 22.70, 22.70, 22.70, 81000, 18.39, 15, 81000, 100.00
DHARMAJ, EQ, 02-Sep-2026, 269.75, 267.50, 271.00, 267.50, 268.20, 270.00, 269.97, 105881, 285.85, 1197, 97285, 91.88
DHATRE, EQ, 02-Sep-2026, 4.35, 4.45, 4.45, 4.20, 4.34, 4.32, 4.27, 16175, 0.69, 132, 14133, 87.38
DHOOTTRANS, EQ, 02-Sep-2026, 1450.10, 1433.10, 1595.00, 1424.00, 1516.00, 1522.10, 1526.76, 4833587, 73797.14, 176665, 759177, 15.71
DHRUV, EQ, 02-Sep-2026, 23.50, 23.50, 23.85, 23.01, 23.46, 23.40, 23.50, 4896, 1.15, 71, 4640, 94.77
DHUNINV, EQ, 02-Sep-2026, 987.30, 987.90, 1021.00, 985.50, 1021.00, 1016.65, 1005.66, 2140, 21.52, 210, 1745, 81.54
DIACABS, BE, 02-Sep-2026, 340.60, 340.60, 340.60, 328.00, 331.80, 330.90, 334.05, 857893, 2865.76, 14014, -, -
DIAMINESQ, EQ, 02-Sep-2026, 242.01, 242.00, 244.50, 239.00, 243.00, 243.65, 241.99, 4583, 11.09, 105, 2871, 62.64
DIAMONDYD, EQ, 02-Sep-2026, 1144.80, 1135.00, 1169.90, 1102.30, 1158.30, 1155.20, 1150.56, 7145, 82.21, 860, 3739, 52.33
DICIND, EQ, 02-Sep-2026, 553.60, 579.00, 591.95, 557.10, 571.00, 576.55, 576.01, 4900, 28.22, 381, 2934, 59.88
DIFFNKG, EQ, 02-Sep-2026, 477.50, 476.50, 486.70, 467.00, 479.00, 476.80, 477.39, 306772, 1464.51, 9227, 104297, 34.00
DIGIDRIVE, EQ, 02-Sep-2026, 17.82, 17.62, 17.82, 17.26, 17.60, 17.69, 17.54, 10459, 1.83, 127, 7459, 71.32
DIGIKORE, SM, 02-Sep-2026, 39.25, 37.75, 40.40, 37.75, 38.85, 39.55, 39.58, 51200, 20.26, 72, 40400, 78.91
DIGISPICE, EQ, 02-Sep-2026, 17.00, 16.81, 17.10, 16.70, 17.08, 16.97, 16.88, 50007, 8.44, 220, 33310, 66.61
DIGITIDE, EQ, 02-Sep-2026, 97.01, 96.30, 99.00, 95.12, 95.99, 95.88, 96.35, 146462, 141.12, 1485, 79829, 54.50
DIGJAMLMTD, EQ, 02-Sep-2026, 49.17, 49.10, 50.00, 49.00, 49.90, 49.01, 49.17, 2110, 1.04, 41, 1762, 83.51
DISAQ, EQ, 02-Sep-2026, 11724.00, 12160.00, 12160.00, 11811.00, 12030.00, 12008.00, 11962.38, 342, 40.91, 290, 64, 18.71
DISHTV, EQ, 02-Sep-2026, 2.67, 2.67, 2.70, 2.64, 2.67, 2.65, 2.66, 741311, 19.74, 903, 575749, 77.67
DIVGIITTS, EQ, 02-Sep-2026, 1268.80, 1268.80, 1277.30, 1220.10, 1250.00, 1244.40, 1246.83, 122025, 1521.44, 11149, 43995, 36.05
DIVIDEND, EQ, 02-Sep-2026, 35.55, 35.55, 35.56, 35.26, 35.56, 35.51, 35.40, 42589, 15.08, 66, 30173, 70.85
DIVINEHIRA, ST, 02-Sep-2026, 115.45, 116.00, 116.00, 109.70, 110.00, 110.00, 110.92, 22800, 25.29, 17, 18000, 78.95
DIVISLAB, EQ, 02-Sep-2026, 9165.00, 9121.50, 9299.00, 9104.50, 9220.00, 9220.00, 9213.54, 403619, 37187.61, 48348, 256249, 63.49
DIVOPPBEES, EQ, 02-Sep-2026, 77.35, 76.54, 77.99, 76.10, 76.88, 76.71, 76.74, 58412, 44.82, 965, 34768, 59.52
DIVYADHAN, ST, 02-Sep-2026, 41.90, 39.85, 40.85, 39.85, 40.85, 40.85, 39.94, 22000, 8.79, 4, 20000, 90.91
DIXON, EQ, 02-Sep-2026, 14461.00, 14461.00, 14620.00, 14315.00, 14590.00, 14590.00, 14468.30, 216702, 31353.10, 41345, 64146, 29.60
DJML, EQ, 02-Sep-2026, 71.92, 70.12, 73.48, 69.41, 72.90, 72.22, 71.69, 147754, 105.92, 2104, 28115, 19.03
DLF, EQ, 02-Sep-2026, 675.15, 666.00, 673.55, 651.30, 673.55, 673.55, 661.35, 3578778, 23668.26, 83213, 1624284, 45.39
DLINKINDIA, EQ, 02-Sep-2026, 436.10, 436.00, 456.90, 430.05, 448.50, 447.85, 448.07, 411216, 1842.52, 10757, 83466, 20.30
DMART, EQ, 02-Sep-2026, 3824.00, 3790.00, 3813.40, 3775.00, 3813.40, 3813.40, 3796.92, 204007, 7745.99, 21307, 111772, 54.79
DMCC, EQ, 02-Sep-2026, 286.80, 286.60, 297.00, 285.10, 294.80, 293.35, 290.99, 63510, 184.81, 2266, 26296, 41.40
DNAMEDIA, EQ, 02-Sep-2026, 2.58, 2.55, 2.69, 2.50, 2.56, 2.53, 2.55, 26237, 0.67, 97, 18595, 70.87
DODLA, EQ, 02-Sep-2026, 1066.20, 1067.90, 1084.30, 1056.30, 1068.10, 1065.30, 1072.15, 34781, 372.91, 7770, 20855, 59.96
DOLATALGO, EQ, 02-Sep-2026, 70.93, 70.13, 70.88, 69.57, 70.00, 69.96, 70.09, 178494, 125.10, 1401, 78270, 43.85
DOLLAR, EQ, 02-Sep-2026, 266.60, 266.05, 266.05, 260.00, 261.50, 262.35, 262.71, 84900, 223.04, 2114, 48504, 57.13
DOLLEX, SM, 02-Sep-2026, 36.35, 35.80, 36.35, 35.35, 36.15, 36.15, 35.61, 48000, 17.09, 7, 44000, 91.67
DOLPHIN, EQ, 02-Sep-2026, 583.30, 598.00, 608.00, 565.50, 607.00, 603.45, 592.64, 34269, 203.09, 1425, 14798, 43.18
DOMS, EQ, 02-Sep-2026, 2229.00, 2220.00, 2226.90, 2193.40, 2196.00, 2206.30, 2206.90, 29319, 647.04, 3861, 22744, 77.57
DONEAR, EQ, 02-Sep-2026, 84.02, 84.40, 85.35, 83.01, 83.65, 83.46, 83.63, 8254, 6.90, 131, 5221, 63.25
DPABHUSHAN, EQ, 02-Sep-2026, 1416.00, 1408.90, 1408.90, 1356.90, 1374.50, 1370.40, 1380.33, 24177, 333.72, 2335, 14390, 59.52
DPEL, SM, 02-Sep-2026, 581.00, 582.90, 584.80, 573.10, 577.75, 577.75, 577.83, 20000, 115.57, 40, 15500, 77.50
DPSCLTD, BE, 02-Sep-2026, 7.35, 7.38, 7.71, 6.99, 7.40, 7.41, 7.28, 130408, 9.50, 434, -, -
DPWIRES, BE, 02-Sep-2026, 158.02, 159.00, 159.00, 151.20, 156.85, 155.30, 154.71, 2189, 3.39, 85, -, -
DRAGARWQ, EQ, 02-Sep-2026, 5309.50, 5319.00, 5489.50, 5260.50, 5440.00, 5420.00, 5377.76, 2319, 124.71, 937, 1269, 54.72
DRCSYSTEMS, EQ, 02-Sep-2026, 13.76, 14.22, 14.22, 13.42, 13.65, 13.59, 13.68, 30334, 4.15, 275, 18335, 60.44
DREAMFOLKS, EQ, 02-Sep-2026, 66.36, 67.65, 67.65, 65.80, 66.32, 66.39, 66.43, 26461, 17.58, 1214, 13642, 51.56
DREDGECORP, EQ, 02-Sep-2026, 1076.70, 1070.10, 1084.80, 1056.20, 1064.00, 1060.90, 1066.84, 43034, 459.10, 3726, 17006, 39.52
DRONE, SM, 02-Sep-2026, 34.25, 34.30, 35.30, 34.25, 34.70, 34.70, 34.66, 10500, 3.64, 19, 7000, 66.67
DRREDDY, EQ, 02-Sep-2026, 1171.00, 1165.00, 1170.90, 1156.50, 1156.50, 1156.50, 1164.17, 486542, 5664.16, 30353, 297303, 61.11
DSFCL, BE, 02-Sep-2026, 26.07, 26.01, 26.53, 25.56, 26.15, 26.23, 26.10, 24672, 6.44, 93, -, -
DSKULKARNI, BE, 02-Sep-2026, 18.67, 19.04, 19.04, 19.04, 19.04, 19.04, 19.04, 4, 0.00, 1, -, -
DSSL, EQ, 02-Sep-2026, 1020.80, 1019.30, 1039.60, 1010.00, 1015.50, 1016.00, 1019.42, 36263, 369.67, 2764, 23356, 64.41
DTIL, EQ, 02-Sep-2026, 153.50, 153.50, 153.50, 148.50, 149.70, 149.95, 150.69, 11996, 18.08, 365, 7788, 64.92
DTL, SM, 02-Sep-2026, 120.00, 128.00, 128.00, 128.00, 128.00, 128.00, 128.00, 1200, 1.54, 1, 1200, 100.00
DUCOL, SM, 02-Sep-2026, 115.50, 114.00, 115.00, 113.00, 115.00, 115.00, 114.00, 2400, 2.74, 3, 2400, 100.00
DUCON, EQ, 02-Sep-2026, 2.07, 2.15, 2.15, 1.92, 2.07, 2.08, 2.05, 1030380, 21.08, 1367, 706532, 68.57
DUGLOBAL, SM, 02-Sep-2026, 25.00, 25.00, 25.00, 23.70, 24.45, 23.85, 23.96, 22500, 5.39, 6, 17500, 77.78
DURLAX, SM, 02-Sep-2026, 63.05, 62.50, 63.00, 62.00, 63.00, 63.00, 62.34, 36000, 22.44, 14, 28000, 77.78
DVL, EQ, 02-Sep-2026, 282.50, 282.50, 287.00, 275.10, 287.00, 285.65, 282.77, 14922, 42.20, 588, 10434, 69.92
DWARKESH, EQ, 02-Sep-2026, 49.14, 49.15, 50.75, 48.12, 48.71, 48.78, 49.34, 3908597, 1928.56, 17280, 721600, 18.46
DYCL, EQ, 02-Sep-2026, 542.40, 542.00, 550.00, 530.25, 536.00, 535.55, 538.84, 1090048, 5873.66, 26370, 252560, 23.17
DYNAMATECH, EQ, 02-Sep-2026, 11678.00, 11612.00, 11612.00, 11350.00, 11465.00, 11425.00, 11429.55, 9361, 1069.92, 3371, 4410, 47.11
DYNAMIC, ST, 02-Sep-2026, 132.65, 137.00, 139.25, 134.10, 134.10, 135.05, 137.19, 12500, 17.15, 20, 11500, 92.00
DYNPRO, EQ, 02-Sep-2026, 230.19, 228.10, 234.21, 224.00, 229.00, 229.06, 228.21, 10344, 23.61, 312, 6703, 64.80
E2E, BE, 02-Sep-2026, 620.90, 614.00, 619.00, 590.25, 610.00, 608.45, 603.73, 626317, 3781.26, 10525, -, -
E2ERAIL, SM, 02-Sep-2026, 296.50, 296.50, 353.00, 296.50, 339.85, 347.70, 334.80, 576000, 1928.44, 515, 179200, 31.11
EASEMYTRIP, EQ, 02-Sep-2026, 5.99, 5.99, 6.14, 5.86, 6.05, 6.00, 5.94, 11843898, 703.98, 8838, 4659095, 39.34
EASTSILK, BE, 02-Sep-2026, 63.68, 63.00, 63.00, 60.50, 60.50, 61.28, 60.99, 83, 0.05, 9, -, -
EASTWEST, EQ, 02-Sep-2026, 2.40, 2.42, 2.48, 2.36, 2.46, 2.45, 2.44, 26674, 0.65, 70, 17175, 64.39
EBANK10, EQ, 02-Sep-2026, 16.71, 16.71, 16.74, 16.57, 16.71, 16.71, 16.68, 2651, 0.44, 19, 1868, 70.46
EBANKNIFTY, EQ, 02-Sep-2026, 57.95, 57.32, 57.90, 57.32, 57.83, 57.83, 57.70, 597, 0.34, 23, 551, 92.29
EBBETF0430, EQ, 02-Sep-2026, 1606.67, 1609.00, 1609.00, 1603.31, 1605.51, 1606.00, 1605.55, 9788, 157.15, 371, 7730, 78.97
EBBETF0431, EQ, 02-Sep-2026, 1433.04, 1439.69, 1439.69, 1428.32, 1431.56, 1431.77, 1430.48, 2018, 28.87, 94, 1668, 82.66
EBBETF0433, EQ, 02-Sep-2026, 1310.99, 1350.32, 1350.32, 1305.01, 1310.00, 1309.22, 1309.54, 2242, 29.36, 105, 1743, 77.74
EBGNG, EQ, 02-Sep-2026, 650.50, 650.00, 673.40, 637.60, 640.00, 641.80, 657.60, 1248083, 8207.43, 38003, 405614, 32.50
EBIX, EQ, 02-Sep-2026, 19.99, 19.06, 20.50, 19.06, 20.50, 20.03, 19.60, 79184, 15.52, 218, 67900, 85.75
ECAPINSURE, EQ, 02-Sep-2026, 23.88, 23.71, 23.90, 23.35, 23.88, 23.76, 23.68, 27027, 6.40, 388, 18297, 67.70
ECLERX, EQ, 02-Sep-2026, 1973.80, 1950.00, 2020.00, 1929.40, 2000.80, 2004.50, 1993.74, 264722, 5277.86, 28766, 91633, 34.61
ECOLINE, ST, 02-Sep-2026, 180.00, 174.00, 182.00, 171.90, 181.00, 178.25, 178.65, 21000, 37.52, 18, 20000, 95.24
ECORECO, EQ, 02-Sep-2026, 464.50, 459.80, 468.70, 451.05, 454.50, 454.45, 457.43, 13107, 59.96, 755, 8317, 63.45
ECOSMOBLTY, EQ, 02-Sep-2026, 115.16, 114.05, 124.19, 112.50, 114.70, 114.79, 116.50, 438547, 510.91, 4403, 213776, 48.75
EDELWEISS, EQ, 02-Sep-2026, 128.94, 128.61, 131.20, 125.53, 126.40, 126.18, 127.75, 5705746, 7288.94, 40500, 2112787, 37.03
EEPL, ST, 02-Sep-2026, 142.25, 141.90, 141.90, 135.20, 135.35, 136.25, 136.79, 45000, 61.55, 39, 38000, 84.44
EFCIL, EQ, 02-Sep-2026, 201.34, 200.00, 200.92, 197.60, 198.97, 199.12, 199.15, 203846, 405.96, 4540, 119392, 58.57
EFFWA, ST, 02-Sep-2026, 336.00, 320.00, 352.80, 320.00, 352.80, 352.80, 345.49, 32800, 113.32, 58, 32000, 97.56
EFORCE, SM, 02-Sep-2026, 21.40, 21.00, 21.75, 20.35, 20.35, 20.35, 21.27, 15600, 3.32, 13, 13200, 84.62
EGOLD, EQ, 02-Sep-2026, 151.65, 151.65, 151.65, 148.40, 149.65, 149.15, 149.43, 82638, 123.48, 681, 53982, 65.32
EICHERMOT, EQ, 02-Sep-2026, 7970.00, 7860.00, 7893.00, 7507.50, 7711.50, 7711.50, 7624.95, 1117588, 85215.58, 113006, 533749, 47.76
EIDPARRY, EQ, 02-Sep-2026, 795.60, 795.60, 805.45, 782.15, 800.00, 800.65, 792.19, 358986, 2843.86, 16474, 172075, 47.93
EIEL, EQ, 02-Sep-2026, 190.82, 190.00, 194.00, 188.00, 192.00, 192.36, 190.52, 446613, 850.88, 9627, 162337, 36.35
EIFFL, BE, 02-Sep-2026, 290.05, 284.25, 284.25, 284.25, 284.25, 284.25, 284.25, 420, 1.19, 8, -, -
EIHAHOTELS, EQ, 02-Sep-2026, 293.30, 290.50, 309.85, 290.30, 307.15, 307.85, 304.43, 49556, 150.86, 2716, 28438, 57.39
EIHOTEL, EQ, 02-Sep-2026, 294.45, 290.00, 292.80, 285.00, 286.00, 285.80, 287.09, 174245, 500.24, 9406, 91270, 52.38
EIMCOELECO, EQ, 02-Sep-2026, 2193.40, 2180.00, 2247.80, 2159.40, 2196.10, 2194.60, 2205.96, 22028, 485.93, 3155, 9622, 43.68
EKC, EQ, 02-Sep-2026, 105.79, 105.62, 107.00, 104.46, 107.00, 106.25, 105.73, 127389, 134.68, 1854, 62703, 49.22
EKI, EQ, 02-Sep-2026, 73.69, 76.99, 77.00, 72.52, 76.70, 75.80, 75.39, 16532, 12.46, 271, 9354, 56.58
ELANTAS, EQ, 02-Sep-2026, 11297.00, 11590.00, 12238.00, 11403.00, 11862.00, 11904.00, 11839.26, 8310, 983.84, 3655, 2188, 26.33
ELCIDIN, EQ, 02-Sep-2026, 106700.00, 106170.00, 107000.00, 106170.00, 107000.00, 107000.00, 106723.33, 3, 3.20, 3, 2, 66.67
ELDEHSG, EQ, 02-Sep-2026, 783.65, 798.95, 799.95, 776.25, 784.00, 794.25, 793.84, 838, 6.65, 108, 599, 71.48
ELECON, EQ, 02-Sep-2026, 412.25, 412.60, 418.35, 406.20, 418.35, 416.60, 413.31, 329056, 1360.02, 22353, 141600, 43.03
ELECTCAST, EQ, 02-Sep-2026, 83.83, 83.63, 86.27, 82.16, 85.17, 85.28, 85.01, 3654988, 3106.94, 28171, 1583502, 43.32
ELECTHERM, EQ, 02-Sep-2026, 997.25, 995.60, 1005.90, 981.10, 1001.50, 1000.10, 998.15, 7593, 75.79, 617, 5443, 71.68
ELGIEQUIP, EQ, 02-Sep-2026, 628.90, 627.05, 627.05, 613.90, 621.00, 616.75, 617.82, 340531, 2103.88, 15981, 201174, 59.08
ELGIRUBCO, EQ, 02-Sep-2026, 60.66, 60.66, 61.80, 59.40, 61.50, 60.88, 60.62, 56371, 34.17, 1424, 24516, 43.49
ELGNZ, SM, 02-Sep-2026, 92.80, 88.50, 94.60, 86.30, 90.00, 88.55, 89.72, 56000, 50.25, 49, 35000, 62.50
ELIN, EQ, 02-Sep-2026, 96.17, 95.01, 96.99, 94.62, 95.15, 95.26, 95.36, 147098, 140.27, 1790, 71735, 48.77
ELIQUID, EQ, 02-Sep-2026, 1045.99, 1051.22, 1051.22, 1046.12, 1046.12, 1046.13, 1046.13, 16863, 176.41, 22, 14871, 88.19
ELITECON, EQ, 02-Sep-2026, 10.11, 9.61, 9.61, 9.61, 9.61, 9.61, 9.61, 809638, 77.81, 3098, 809638, 100.00
ELLEN, EQ, 02-Sep-2026, 315.40, 315.05, 317.90, 308.35, 314.70, 313.30, 313.40, 232113, 727.45, 5280, 110426, 47.57
ELM250, EQ, 02-Sep-2026, 16.65, 16.73, 16.75, 16.45, 16.65, 16.50, 16.59, 287747, 47.75, 300, 276725, 96.17
ELMDIV, EQ, 02-Sep-2026, 36.20, 37.35, 37.35, 35.83, 36.18, 36.08, 36.25, 2336, 0.85, 19, 868, 37.16
ELPROINTL, EQ, 02-Sep-2026, 175.01, 175.48, 175.48, 173.62, 173.62, 173.86, 174.09, 17302, 30.12, 146, 15113, 87.35
EMAMILTD, EQ, 02-Sep-2026, 376.65, 375.95, 375.95, 366.10, 367.00, 368.05, 369.83, 1183546, 4377.13, 22575, 797068, 67.35
EMAMIPAP, BE, 02-Sep-2026, 109.77, 107.61, 110.47, 105.10, 110.42, 109.31, 108.15, 15695, 16.97, 187, -, -
EMAMIREAL, EQ, 02-Sep-2026, 68.57, 68.57, 69.30, 67.85, 68.00, 67.98, 68.62, 14408, 9.89, 1033, 11810, 81.97
EMAPARTNER, SM, 02-Sep-2026, 83.45, 89.45, 89.45, 83.00, 83.55, 83.55, 85.99, 4000, 3.44, 4, 4000, 100.00
EMBASSY, RR, 02-Sep-2026, 438.73, 438.52, 439.49, 435.00, 435.79, 435.23, 436.46, 372037, 1623.81, 12995, 326934, 87.88
EMBDL, EQ, 02-Sep-2026, 59.63, 59.45, 59.56, 58.08, 59.34, 59.18, 58.86, 2150451, 1265.73, 9821, 1059934, 49.29
EMCURE, EQ, 02-Sep-2026, 1845.90, 1845.90, 1880.00, 1840.00, 1859.40, 1858.40, 1861.57, 93727, 1744.80, 16050, 49338, 52.64
EMETAL, EQ, 02-Sep-2026, 13.28, 13.61, 13.61, 13.05, 13.15, 13.15, 13.14, 5814, 0.76, 38, 5661, 97.37
EMIL, EQ, 02-Sep-2026, 175.70, 173.00, 179.39, 173.00, 178.73, 176.44, 176.00, 942548, 1658.85, 15156, 471057, 49.98
EMKAY, EQ, 02-Sep-2026, 264.10, 266.75, 266.75, 252.15, 257.90, 255.30, 257.00, 34967, 89.86, 702, 23681, 67.72
EMKAYTOOLS, SM, 02-Sep-2026, 90.30, 95.45, 95.45, 91.00, 92.00, 92.00, 91.81, 1050, 0.96, 6, 600, 57.14
EMMBI, BE, 02-Sep-2026, 92.66, 93.50, 94.99, 90.00, 93.20, 91.41, 90.89, 16813, 15.28, 111, -, -
EMMIL, SM, 02-Sep-2026, 121.00, 122.95, 124.00, 122.55, 123.80, 123.80, 123.22, 5500, 6.78, 11, 5000, 90.91
EMMVEE, EQ, 02-Sep-2026, 319.25, 316.20, 327.45, 315.90, 324.85, 324.70, 323.32, 1011269, 3269.61, 21895, 449223, 44.42
EMPIND, EQ, 02-Sep-2026, 1209.20, 1219.00, 1221.00, 1190.00, 1203.00, 1196.90, 1203.95, 7580, 91.26, 412, 6055, 79.88
EMPOWER, EQ, 02-Sep-2026, 2.01, 1.91, 1.91, 1.91, 1.91, 1.91, 1.91, 2054257, 39.24, 1493, 2054257, 100.00
EMSLIMITED, EQ, 02-Sep-2026, 372.40, 391.00, 409.50, 380.00, 383.40, 386.80, 397.75, 8214302, 32672.43, 128490, 583079, 7.10
EMUDHRA, EQ, 02-Sep-2026, 533.10, 533.80, 536.10, 520.00, 522.00, 522.15, 526.66, 72368, 381.14, 3731, 40528, 56.00
EMULTIMQ, EQ, 02-Sep-2026, 42.11, 42.14, 42.37, 41.40, 41.75, 41.65, 41.68, 23272, 9.70, 255, 18966, 81.50
ENCOMPAS, SM, 02-Sep-2026, 250.00, 250.40, 250.40, 248.10, 250.00, 250.00, 249.56, 3200, 7.99, 8, 2400, 75.00
ENDURANCE, EQ, 02-Sep-2026, 2841.70, 2840.00, 2841.30, 2735.00, 2758.30, 2755.90, 2754.09, 143316, 3947.05, 22337, 81724, 57.02
ENERGY, EQ, 02-Sep-2026, 37.94, 37.95, 38.27, 37.74, 38.20, 38.22, 38.16, 651538, 248.63, 1302, 484891, 74.42
ENERGYAXIS, EQ, 02-Sep-2026, 19.06, 19.15, 19.27, 18.81, 19.01, 19.01, 18.99, 20686, 3.93, 65, 17494, 84.57
ENERGYDEV, EQ, 02-Sep-2026, 15.78, 15.66, 16.13, 15.58, 15.87, 15.65, 15.75, 17038, 2.68, 284, 10731, 62.98
ENEXT50, EQ, 02-Sep-2026, 72.91, 72.49, 72.77, 71.85, 72.09, 72.09, 72.13, 2112, 1.52, 17, 1478, 69.98
ENFUSE, SM, 02-Sep-2026, 160.00, 160.00, 160.00, 160.00, 160.00, 160.00, 160.00, 1200, 1.92, 1, 1200, 100.00
ENGINERSIN, EQ, 02-Sep-2026, 280.05, 279.00, 282.85, 273.65, 276.60, 276.60, 277.54, 6781901, 18822.56, 65217, 1898435, 27.99
ENIFTY, EQ, 02-Sep-2026, 24.42, 25.03, 25.03, 24.04, 24.14, 24.12, 24.08, 7983, 1.92, 78, 7909, 99.07
ENIL, EQ, 02-Sep-2026, 100.96, 101.01, 101.16, 100.00, 100.70, 100.28, 100.43, 8961, 9.00, 276, 6078, 67.83
ENKEIWHEL, EQ, 02-Sep-2026, 400.00, 400.00, 405.00, 385.00, 389.00, 389.20, 398.06, 2735, 10.89, 57, 2712, 99.16
ENRIN, EQ, 02-Sep-2026, 3172.50, 3140.00, 3155.90, 3104.50, 3117.00, 3119.30, 3126.55, 245835, 7686.15, 31144, 136570, 55.55
ENSER, SM, 02-Sep-2026, 14.90, 15.00, 15.40, 15.00, 15.30, 15.30, 15.05, 65000, 9.79, 10, 65000, 100.00
ENTERO, EQ, 02-Sep-2026, 1805.00, 1805.70, 1834.00, 1785.30, 1800.00, 1797.40, 1808.63, 166967, 3019.82, 16391, 69781, 41.79
ENVIRO, SM, 02-Sep-2026, 69.10, 70.00, 70.00, 70.00, 70.00, 70.00, 70.00, 1000, 0.70, 1, 1000, 100.00
EPACK, EQ, 02-Sep-2026, 187.72, 187.00, 189.61, 184.86, 187.05, 187.53, 187.66, 393677, 738.78, 5901, 123465, 31.36
EPACKPEB, EQ, 02-Sep-2026, 224.00, 221.92, 227.95, 220.00, 224.50, 225.04, 224.55, 479629, 1076.99, 6524, 272995, 56.92
EPIGRAL, EQ, 02-Sep-2026, 1239.50, 1235.00, 1240.80, 1206.20, 1234.00, 1230.60, 1229.05, 35163, 432.17, 5258, 16921, 48.12
EPL, EQ, 02-Sep-2026, 240.35, 238.90, 243.00, 234.15, 238.90, 236.30, 239.30, 10496347, 25117.92, 49449, 3276252, 31.21
EPWINDIA, ST, 02-Sep-2026, 250.00, 256.00, 256.00, 256.00, 256.00, 256.00, 256.00, 1200, 3.07, 1, 1200, 100.00
EQUAL200, EQ, 02-Sep-2026, 13.83, 13.83, 13.90, 13.68, 13.90, 13.79, 13.75, 24530, 3.37, 94, 20207, 82.38
EQUAL50, EQ, 02-Sep-2026, 331.69, 338.32, 338.32, 328.15, 330.10, 329.92, 329.39, 7747, 25.52, 53, 6776, 87.47
EQUAL50ADD, EQ, 02-Sep-2026, 342.71, 346.14, 346.14, 339.28, 342.20, 341.16, 340.20, 51998, 176.90, 415, 36469, 70.14
EQUIPPP, BE, 02-Sep-2026, 22.20, 22.37, 23.20, 22.20, 23.19, 23.19, 22.89, 14860, 3.40, 31, -, -
EQUITASBNK, EQ, 02-Sep-2026, 73.42, 72.69, 73.80, 72.12, 73.56, 73.45, 73.29, 670856, 491.69, 10746, 344752, 51.39
ERIS, EQ, 02-Sep-2026, 1299.90, 1292.00, 1349.90, 1265.10, 1330.00, 1288.90, 1282.13, 152755, 1958.52, 13397, 104482, 68.40
ESABINDIA, EQ, 02-Sep-2026, 6141.50, 6156.00, 6175.50, 6001.00, 6055.00, 6038.50, 6048.51, 6800, 411.30, 2132, 4157, 61.13
ESAFSFB, BE, 02-Sep-2026, 41.48, 41.48, 42.60, 40.10, 42.08, 42.36, 41.51, 366036, 151.95, 1279, -, -
ESCONET, SM, 02-Sep-2026, 217.40, 229.00, 239.10, 219.05, 239.10, 239.10, 235.50, 101200, 238.33, 182, 77200, 76.28
ESCORTS, EQ, 02-Sep-2026, 3016.10, 3009.40, 3039.90, 2983.10, 3010.20, 3019.40, 3015.56, 103177, 3111.36, 17343, 60811, 58.94
ESENSEX, EQ, 02-Sep-2026, 78.16, 78.88, 78.88, 76.53, 77.00, 77.00, 77.11, 304, 0.23, 20, 287, 94.41
ESFL, SM, 02-Sep-2026, 120.15, 118.90, 118.90, 115.00, 117.50, 117.10, 116.62, 22680, 26.45, 39, 15120, 66.67
ESG, EQ, 02-Sep-2026, 41.03, 40.49, 41.31, 40.49, 41.00, 40.87, 40.87, 19078, 7.80, 67, 17548, 91.98
ESILVER, EQ, 02-Sep-2026, 227.73, 226.78, 226.78, 224.29, 224.51, 224.97, 224.99, 251202, 565.17, 1033, 236238, 94.04
ESSARSHPNG, EQ, 02-Sep-2026, 16.83, 16.99, 16.99, 16.50, 16.79, 16.73, 16.73, 147217, 24.63, 552, 93448, 63.48
ESSENTIA, EQ, 02-Sep-2026, 1.04, 1.06, 1.06, 1.03, 1.04, 1.04, 1.05, 2411294, 25.22, 741, 1249303, 51.81
ESTER, EQ, 02-Sep-2026, 92.68, 91.71, 94.75, 91.41, 93.58, 94.05, 93.33, 95277, 88.92, 2164, 41960, 44.04
ETERNAL, EQ, 02-Sep-2026, 327.75, 325.50, 327.50, 320.30, 327.30, 327.30, 324.80, 20138975, 65410.82, 145685, 11220426, 55.71
ETHOSLTD, EQ, 02-Sep-2026, 2879.40, 2879.40, 2901.50, 2820.00, 2850.00, 2839.40, 2864.85, 25873, 741.22, 4947, 12144, 46.94
ETL, SM, 02-Sep-2026, 1048.00, 1024.00, 1100.00, 1024.00, 1100.00, 1100.00, 1044.54, 1200, 12.53, 7, 750, 62.50
ETML, SM, 02-Sep-2026, 80.65, 80.70, 81.25, 80.70, 80.80, 80.80, 80.88, 7200, 5.82, 4, 6000, 83.33
EUREKAFORB, EQ, 02-Sep-2026, 427.80, 425.50, 426.30, 419.85, 424.00, 422.95, 422.59, 81366, 343.84, 8055, 44991, 55.29
EUROBOND, EQ, 02-Sep-2026, 148.02, 149.95, 152.00, 145.51, 152.00, 150.04, 149.52, 7429, 11.11, 110, 4766, 64.15
EUROPRATIK, EQ, 02-Sep-2026, 259.35, 257.50, 271.20, 255.30, 259.40, 260.05, 261.35, 201379, 526.31, 2907, 35639, 17.70
EVEREADY, EQ, 02-Sep-2026, 325.10, 322.50, 329.65, 316.85, 320.00, 321.30, 320.18, 86932, 278.34, 2642, 47788, 54.97
EVERESTIND, BE, 02-Sep-2026, 420.75, 429.00, 429.00, 414.00, 428.00, 427.55, 424.98, 3705, 15.75, 104, -, -
EVIETF, EQ, 02-Sep-2026, 33.10, 33.92, 33.92, 32.36, 32.60, 32.53, 32.49, 492139, 159.87, 1606, 300544, 61.07
EVINDIA, EQ, 02-Sep-2026, 33.15, 33.15, 33.49, 32.40, 32.69, 32.61, 32.52, 868296, 282.40, 3120, 545586, 62.83
EXCELINDUS, EQ, 02-Sep-2026, 1015.50, 1018.00, 1035.10, 1010.00, 1029.80, 1027.40, 1026.58, 5547, 56.94, 860, 3086, 55.63
EXCELLENT, ST, 02-Sep-2026, 204.00, 199.00, 208.80, 199.00, 208.80, 208.80, 203.90, 3200, 6.52, 2, 3200, 100.00
EXCELSOFT, EQ, 02-Sep-2026, 69.79, 70.00, 70.00, 69.05, 69.60, 69.62, 69.54, 171128, 119.00, 1495, 77783, 45.45
EXICOM, EQ, 02-Sep-2026, 162.98, 158.31, 165.80, 158.15, 162.42, 163.33, 162.60, 698763, 1136.17, 9718, 214557, 30.71
EXIDEIND, EQ, 02-Sep-2026, 436.25, 435.00, 436.50, 423.70, 426.40, 425.65, 428.84, 2878998, 12346.30, 55350, 1430094, 49.67
EXIMROUTES, SM, 02-Sep-2026, 108.00, 109.00, 112.00, 108.00, 108.00, 108.00, 110.13, 6400, 7.05, 8, 5600, 87.50
EXPLEOSOL, EQ, 02-Sep-2026, 854.40, 871.50, 926.90, 871.50, 884.00, 890.85, 897.05, 431972, 3875.00, 22476, 73764, 17.08
EXXARO, EQ, 02-Sep-2026, 6.48, 6.48, 6.71, 6.36, 6.59, 6.60, 6.56, 382891, 25.10, 1213, 229914, 60.05
FABTECH, EQ, 02-Sep-2026, 147.60, 147.64, 149.79, 145.77, 148.00, 147.84, 148.08, 62164, 92.05, 1128, 20726, 33.34
FACT, EQ, 02-Sep-2026, 815.25, 815.00, 817.45, 800.30, 807.00, 804.30, 806.65, 140166, 1130.66, 8315, 63314, 45.17
FAIRCHEMOR, BE, 02-Sep-2026, 664.15, 662.00, 677.35, 662.00, 674.00, 674.00, 669.36, 3070, 20.55, 62, -, -
FALCONTECH, SM, 02-Sep-2026, 12.75, 12.80, 12.80, 11.50, 12.55, 12.35, 12.11, 8400, 1.02, 7, 3600, 42.86
FASCINATE, ST, 02-Sep-2026, 84.55, 80.35, 80.35, 80.35, 80.35, 80.35, 80.35, 5600, 4.50, 6, 5600, 100.00
FAZE3Q, EQ, 02-Sep-2026, 490.55, 482.80, 491.95, 473.00, 485.60, 488.75, 482.85, 17325, 83.65, 860, 7472, 43.13
FCL, EQ, 02-Sep-2026, 48.83, 49.00, 49.60, 48.11, 49.35, 49.19, 48.84, 7723374, 3772.10, 23280, 2264720, 29.32
FCSSOFT, EQ, 02-Sep-2026, 1.45, 1.45, 1.50, 1.44, 1.46, 1.45, 1.47, 2997571, 44.06, 1302, 1923712, 64.18
FDC, EQ, 02-Sep-2026, 333.60, 334.25, 344.60, 328.80, 342.00, 340.60, 336.62, 159404, 536.58, 7321, 83891, 52.63
FEDDERSHOL, EQ, 02-Sep-2026, 45.21, 45.99, 46.94, 45.00, 46.05, 45.99, 46.04, 954494, 439.47, 1826, 327841, 34.35
FEDERALBNK, EQ, 02-Sep-2026, 349.25, 349.00, 353.50, 345.20, 353.35, 353.35, 350.38, 6273256, 21980.17, 67869, 4324582, 68.94
FEDFINA, EQ, 02-Sep-2026, 156.21, 155.00, 158.50, 153.89, 157.89, 157.57, 156.97, 704394, 1105.67, 9906, 368951, 52.38
FEL, BZ, 02-Sep-2026, 0.38, 0.38, 0.39, 0.38, 0.39, 0.39, 0.39, 123793, 0.48, 86, -, -
FELDVR, BZ, 02-Sep-2026, 2.23, 2.30, 2.30, 2.23, 2.23, 2.23, 2.26, 420, 0.01, 8, -, -
FELIX, SM, 02-Sep-2026, 184.35, 184.00, 191.00, 182.05, 191.00, 189.70, 188.53, 135000, 254.51, 149, 112000, 82.96
FERMENTA, EQ, 02-Sep-2026, 485.80, 486.00, 529.80, 480.00, 529.80, 520.65, 507.58, 159537, 809.79, 7161, 74528, 46.72
FIBERWEB, EQ, 02-Sep-2026, 26.15, 26.00, 26.00, 25.52, 25.80, 25.76, 25.80, 12490, 3.22, 142, 9319, 74.61
FIDEL, SM, 02-Sep-2026, 142.00, 141.00, 141.00, 141.00, 141.00, 141.00, 141.00, 1000, 1.41, 1, 1000, 100.00
FIEMIND, EQ, 02-Sep-2026, 2085.70, 2085.00, 2085.00, 2040.00, 2048.00, 2052.00, 2047.61, 55396, 1134.29, 6994, 28571, 51.58
FILATEX, EQ, 02-Sep-2026, 73.74, 73.00, 75.21, 72.10, 73.51, 73.31, 73.54, 1849818, 1360.42, 9380, 942975, 50.98
FILATFASH, EQ, 02-Sep-2026, 0.18, 0.18, 0.19, 0.18, 0.19, 0.18, 0.18, 20978413, 38.79, 1702, 13033441, 62.13
FINBUD, SM, 02-Sep-2026, 129.90, 129.90, 129.90, 126.00, 126.00, 126.00, 127.58, 5000, 6.38, 5, 5000, 100.00
FINCABLES, EQ, 02-Sep-2026, 1248.30, 1232.30, 1235.50, 1186.50, 1192.00, 1191.20, 1204.44, 643658, 7752.50, 30248, 255354, 39.67
FINEORG, EQ, 02-Sep-2026, 5255.50, 5250.50, 5251.50, 5130.00, 5140.00, 5146.50, 5152.39, 17127, 882.45, 4539, 10017, 58.49
FINIETF, EQ, 02-Sep-2026, 32.65, 32.66, 32.68, 32.14, 32.58, 32.43, 32.29, 455095, 146.95, 1884, 258648, 56.83
FINKURVE, EQ, 02-Sep-2026, 67.76, 68.02, 71.79, 67.56, 69.98, 69.53, 69.47, 58734, 40.81, 1153, 24661, 41.99
FINOPB, EQ, 02-Sep-2026, 136.44, 137.12, 145.78, 135.00, 141.00, 140.49, 141.53, 871541, 1233.51, 10484, 174498, 20.02
FINPIPE, EQ, 02-Sep-2026, 155.34, 154.80, 159.70, 152.51, 158.50, 157.84, 154.83, 1132536, 1753.51, 25204, 596235, 52.65
FIRSTCRY, EQ, 02-Sep-2026, 177.67, 176.98, 176.98, 168.15, 171.10, 170.82, 172.17, 2461807, 4238.58, 32981, 958706, 38.94
FISCHER, EQ, 02-Sep-2026, 36.77, 37.67, 38.00, 36.76, 37.51, 37.73, 37.47, 651361, 244.09, 2658, 384282, 59.00
FIVESTAR, EQ, 02-Sep-2026, 538.10, 535.00, 535.00, 518.50, 524.95, 524.85, 525.31, 558691, 2934.86, 27151, 268581, 48.07
FLAIR, EQ, 02-Sep-2026, 249.98, 250.50, 250.50, 246.10, 246.90, 247.14, 248.31, 67200, 166.86, 1214, 16726, 24.89
FLEXIADD, EQ, 02-Sep-2026, 10.15, 10.20, 10.27, 9.98, 10.06, 10.03, 10.02, 87285, 8.75, 532, 77240, 88.49
FLEXITUFF, BE, 02-Sep-2026, 2.46, 2.46, 2.46, 2.34, 2.40, 2.39, 2.39, 62354, 1.49, 89, -, -
FLFL, BZ, 02-Sep-2026, 1.19, 1.22, 1.24, 1.15, 1.24, 1.23, 1.20, 28609, 0.34, 66, -, -
FLUOROCHEM, EQ, 02-Sep-2026, 4740.10, 4744.90, 4746.00, 4680.10, 4729.00, 4727.70, 4716.47, 116596, 5499.22, 16356, 67270, 57.69
FLYSBS, SM, 02-Sep-2026, 606.65, 601.00, 648.00, 591.00, 633.25, 634.65, 621.74, 154400, 959.97, 474, 83800, 54.27
FMCGADD, EQ, 02-Sep-2026, 46.70, 46.50, 46.68, 46.18, 46.67, 46.45, 46.34, 9246, 4.28, 112, 5159, 55.80
FMCGIETF, EQ, 02-Sep-2026, 49.78, 49.78, 50.49, 49.39, 49.80, 49.74, 49.66, 1609017, 799.11, 5557, 1071533, 66.60
FMGOETZE, EQ, 02-Sep-2026, 624.85, 626.00, 628.75, 607.40, 613.35, 612.40, 614.42, 1528240, 9389.77, 23843, 794090, 51.96
FMNL, EQ, 02-Sep-2026, 10.04, 10.09, 10.20, 9.62, 9.65, 9.64, 9.82, 15300, 1.50, 125, 14910, 97.45
FOCUS, BE, 02-Sep-2026, 66.14, 66.20, 67.87, 64.33, 64.50, 64.53, 65.24, 37259, 24.31, 367, -, -
FONEBOX, SM, 02-Sep-2026, 99.00, 99.00, 99.00, 99.00, 99.00, 99.00, 99.00, 1000, 0.99, 1, 1000, 100.00
FOODSIN, EQ, 02-Sep-2026, 53.46, 53.37, 56.00, 53.20, 54.99, 54.78, 54.97, 374789, 206.00, 1982, 331209, 88.37
FORCAS, ST, 02-Sep-2026, 235.85, 237.60, 243.95, 228.80, 239.95, 239.95, 237.18, 9600, 22.77, 6, 6400, 66.67
FORCEMOT, EQ, 02-Sep-2026, 17722.00, 17720.00, 17823.00, 17360.00, 17600.00, 17600.00, 17572.12, 103485, 18184.51, 24785, 35059, 33.88
FORGEAUTO, SM, 02-Sep-2026, 90.75, 95.25, 95.25, 95.25, 95.25, 95.25, 95.25, 1200, 1.14, 1, 1200, 100.00
FORTIS, EQ, 02-Sep-2026, 915.00, 907.65, 915.00, 901.35, 915.00, 915.00, 909.49, 725295, 6596.50, 21281, 454052, 62.60
FOSECOIND, EQ, 02-Sep-2026, 6308.50, 6300.00, 6369.50, 6150.00, 6174.50, 6183.00, 6237.04, 12329, 768.96, 3410, 5137, 41.67
FRACTAL, EQ, 02-Sep-2026, 827.80, 824.90, 838.75, 816.40, 823.00, 821.40, 825.06, 154219, 1272.40, 9133, 74906, 48.57
FREDUN, EQ, 02-Sep-2026, 1497.80, 1497.80, 1519.60, 1470.00, 1510.00, 1505.80, 1497.75, 9712, 145.46, 1487, 5626, 57.93
FRESHARA, ST, 02-Sep-2026, 456.95, 474.00, 474.00, 445.00, 464.00, 461.30, 460.46, 18000, 82.88, 29, 16800, 93.33
FROG, ST, 02-Sep-2026, 260.60, 266.00, 266.00, 248.30, 256.00, 259.15, 257.95, 30800, 79.45, 68, 28800, 93.51
FRONTSP, EQ, 02-Sep-2026, 1256.20, 1259.90, 1264.30, 1242.50, 1253.00, 1250.40, 1252.02, 13571, 169.91, 1912, 8399, 61.89
FSL, EQ, 02-Sep-2026, 266.00, 263.80, 272.00, 262.20, 271.35, 270.40, 268.16, 674372, 1808.40, 15770, 346230, 51.34
FUSION, EQ, 02-Sep-2026, 194.65, 194.65, 196.11, 191.13, 193.60, 193.42, 192.65, 206791, 398.38, 4410, 92473, 44.72
GABRIEL, EQ, 02-Sep-2026, 1426.30, 1427.00, 1434.90, 1372.20, 1400.00, 1384.90, 1390.55, 230274, 3202.07, 15481, 112124, 48.69
GAEL, EQ, 02-Sep-2026, 172.03, 171.80, 173.67, 169.15, 171.40, 170.80, 171.01, 483798, 827.35, 10502, 227713, 47.07
GAIL, EQ, 02-Sep-2026, 172.69, 172.60, 173.60, 171.02, 173.00, 173.00, 172.21, 5580510, 9610.38, 59418, 3172768, 56.85
GAJA, EQ, 02-Sep-2026, 161.79, 159.75, 164.70, 158.10, 163.99, 163.83, 161.91, 2433047, 3939.35, 24912, 723943, 29.75
GALAPREC, EQ, 02-Sep-2026, 1009.60, 1015.30, 1047.80, 1002.00, 1039.00, 1040.50, 1031.86, 35036, 361.52, 3556, 15697, 44.80
GALAXYSURF, EQ, 02-Sep-2026, 2229.40, 2223.90, 2244.00, 2200.00, 2218.50, 2223.10, 2219.99, 11285, 250.53, 3538, 6257, 55.45
GALLANTT, EQ, 02-Sep-2026, 552.80, 552.80, 562.00, 543.15, 557.00, 555.40, 553.30, 49632, 274.62, 5430, 22744, 45.83
GANDHAR, EQ, 02-Sep-2026, 261.80, 263.65, 267.75, 262.10, 265.60, 265.95, 265.36, 1018241, 2702.01, 14840, 418551, 41.11
GANDHITUBE, EQ, 02-Sep-2026, 896.60, 891.65, 904.50, 887.35, 897.10, 896.40, 896.88, 7989, 71.65, 600, 6014, 75.28
GANECOS, EQ, 02-Sep-2026, 1024.60, 1026.50, 1040.00, 1001.80, 1008.00, 1004.40, 1015.25, 53502, 543.18, 5294, 25643, 47.93
GANESHBE, BE, 02-Sep-2026, 116.37, 115.50, 122.18, 114.50, 122.18, 122.18, 120.79, 186820, 225.65, 459, -, -
GANESHCP, EQ, 02-Sep-2026, 168.20, 167.00, 170.00, 166.50, 167.89, 167.47, 167.62, 67303, 112.81, 1087, 41445, 61.58
GANESHHOU, EQ, 02-Sep-2026, 775.20, 773.95, 773.95, 757.05, 763.00, 762.00, 762.74, 11344, 86.52, 865, 6886, 60.70
GANESHIN, ST, 02-Sep-2026, 102.80, 100.00, 102.30, 97.70, 97.70, 97.70, 98.48, 108800, 107.15, 107, 101600, 93.38
GANGABATH, SM, 02-Sep-2026, 21.80, 21.45, 21.45, 20.40, 20.85, 20.60, 20.83, 75000, 15.62, 24, 48000, 64.00
GANGAFORGE, EQ, 02-Sep-2026, 1.77, 1.85, 1.85, 1.77, 1.85, 1.85, 1.85, 7078382, 130.60, 1465, 3860203, 54.54
GANGESSECU, EQ, 02-Sep-2026, 118.03, 118.10, 119.80, 115.70, 118.00, 117.87, 118.15, 1435, 1.70, 30, 1347, 93.87
GARFIBRES, EQ, 02-Sep-2026, 842.70, 846.95, 846.95, 810.30, 816.00, 814.75, 824.40, 52451, 432.40, 5511, 17745, 33.83
GARUDA, EQ, 02-Sep-2026, 179.85, 178.05, 180.00, 173.10, 174.80, 174.34, 176.26, 459289, 809.54, 8118, 171848, 37.42
GATECH, BE, 02-Sep-2026, 1.05, 1.00, 1.00, 1.00, 1.00, 1.00, 1.00, 5654832, 56.55, 4670, -, -
GATECHDVR, BE, 02-Sep-2026, 0.54, 0.52, 0.53, 0.52, 0.52, 0.52, 0.52, 435438, 2.27, 267, -, -
GATEWAY, EQ, 02-Sep-2026, 52.86, 53.40, 53.53, 52.40, 52.98, 53.10, 53.04, 928175, 492.33, 8408, 523867, 56.44
GAUDIUMIVF, BE, 02-Sep-2026, 127.72, 128.98, 129.80, 121.34, 124.00, 123.40, 122.74, 159307, 195.54, 1285, -, -
GAYAHWS, EQ, 02-Sep-2026, 2.02, 2.02, 2.09, 1.95, 1.97, 1.99, 2.00, 215434, 4.30, 331, 195468, 90.73
GAYAPROJ, EQ, 02-Sep-2026, 20.69, 20.51, 21.72, 20.35, 21.40, 21.46, 21.57, 549373, 118.47, 2023, 469007, 85.37
GCHOTELS, ST, 02-Sep-2026, 93.80, 95.00, 98.45, 92.00, 98.45, 98.45, 95.60, 71400, 68.26, 68, 65400, 91.60
GCSL, EQ, 02-Sep-2026, 562.90, 564.50, 575.65, 564.50, 569.00, 571.85, 570.19, 556823, 3174.96, 5597, 211015, 37.90
GEECEE, BE, 02-Sep-2026, 368.55, 373.95, 373.95, 362.30, 369.65, 366.90, 366.59, 1751, 6.42, 31, -, -
GEEKAYWIRE, EQ, 02-Sep-2026, 29.09, 31.20, 31.20, 27.51, 28.20, 27.86, 29.13, 334848, 97.55, 2694, 169962, 50.76
GEMAROMA, EQ, 02-Sep-2026, 166.69, 167.35, 169.00, 162.88, 165.26, 164.17, 164.79, 63560, 104.74, 1155, 35458, 55.79
GENCON, EQ, 02-Sep-2026, 44.93, 45.41, 45.41, 43.51, 43.56, 44.33, 44.67, 245355, 109.59, 599, 12282, 5.01
GENESYS, EQ, 02-Sep-2026, 225.93, 225.00, 225.79, 216.35, 219.99, 219.87, 221.40, 396489, 877.84, 5955, 165623, 41.77
GENSOL, BZ, 02-Sep-2026, 17.23, 17.49, 17.80, 16.51, 17.20, 16.86, 17.01, 26383, 4.49, 334, -, -
GENUSPAPER, EQ, 02-Sep-2026, 11.99, 12.04, 12.14, 11.82, 11.90, 11.96, 11.97, 42138, 5.04, 175, 32768, 77.76
GENUSPOWER, EQ, 02-Sep-2026, 327.90, 325.00, 341.00, 324.00, 339.00, 336.15, 332.48, 3705712, 12320.73, 89491, 1498349, 40.43
GENXAI, SM, 02-Sep-2026, 85.05, 84.05, 84.05, 79.50, 81.90, 81.90, 81.56, 102000, 83.19, 44, 94800, 92.94
GEOJITFSL, EQ, 02-Sep-2026, 83.22, 83.00, 83.22, 81.77, 83.14, 82.76, 82.58, 225428, 186.16, 2670, 130094, 57.71
GESHIP, EQ, 02-Sep-2026, 1325.60, 1322.10, 1328.00, 1303.00, 1305.10, 1305.60, 1310.83, 471098, 6175.27, 26876, 272295, 57.80
GFLLIMITED, EQ, 02-Sep-2026, 56.30, 55.12, 59.67, 54.18, 58.62, 58.82, 58.20, 346841, 201.85, 4558, 193476, 55.78
GGBL, SM, 02-Sep-2026, 217.50, 217.50, 229.75, 217.50, 226.35, 225.85, 224.10, 29400, 65.88, 94, 21600, 73.47
GHCL, EQ, 02-Sep-2026, 435.60, 435.00, 438.15, 431.00, 435.90, 435.10, 434.45, 53854, 233.97, 2766, 27791, 51.60
GHCLTEXTIL, EQ, 02-Sep-2026, 140.45, 142.00, 144.59, 138.00, 139.94, 139.35, 141.02, 1397109, 1970.14, 19365, 590995, 42.30
GICHSGFIN, EQ, 02-Sep-2026, 141.95, 140.60, 148.38, 139.50, 144.85, 145.82, 143.74, 155356, 223.32, 2260, 94455, 60.80
GICL, EQ, 02-Sep-2026, 23.74, 23.56, 24.90, 23.30, 24.50, 23.99, 23.78, 234510, 55.76, 308, 102893, 43.88
GICRE, EQ, 02-Sep-2026, 354.75, 354.95, 358.45, 352.25, 355.20, 355.45, 355.32, 1798962, 6392.00, 20274, 982947, 54.64
GILLANDERS, EQ, 02-Sep-2026, 105.83, 106.00, 108.89, 103.00, 106.00, 105.02, 105.10, 3326, 3.50, 44, 3184, 95.73
GILLETTE, EQ, 02-Sep-2026, 7419.50, 7400.00, 7460.00, 7306.00, 7353.00, 7346.00, 7379.94, 20760, 1532.08, 5166, 11767, 56.68
GILT10BETA, EQ, 02-Sep-2026, 26.52, 26.65, 26.76, 26.65, 26.75, 26.75, 26.73, 21, 0.01, 8, 19, 90.48
GILT5BETA, EQ, 02-Sep-2026, 65.68, 66.33, 66.89, 65.69, 65.69, 65.69, 66.86, 462, 0.31, 8, 457, 98.92
GILT5YBEES, EQ, 02-Sep-2026, 66.04, 66.10, 66.10, 65.78, 66.04, 66.09, 66.03, 198008, 130.75, 402, 155194, 78.38
GINNIFILA, BE, 02-Sep-2026, 43.54, 43.99, 44.00, 43.00, 43.99, 43.97, 43.76, 38932, 17.04, 116, -, -
GIPCL, EQ, 02-Sep-2026, 198.80, 200.35, 207.94, 197.51, 206.16, 205.94, 204.12, 1526007, 3114.87, 21902, 731714, 47.95
GIRIRAJ, SM, 02-Sep-2026, 78.80, 75.10, 75.10, 74.90, 74.90, 74.90, 74.91, 12750, 9.55, 19, 12750, 100.00
GJL, ST, 02-Sep-2026, 235.00, 244.90, 246.75, 235.00, 235.00, 235.00, 244.45, 5600, 13.69, 6, 4800, 85.71
GKB, EQ, 02-Sep-2026, 67.00, 66.33, 66.99, 65.80, 65.80, 65.80, 66.23, 68, 0.05, 7, 64, 94.12
GKENERGY, EQ, 02-Sep-2026, 132.08, 132.00, 133.70, 128.82, 131.29, 131.04, 130.99, 225373, 295.21, 3036, 106210, 47.13
GKSL, EQ, 02-Sep-2026, 162.45, 162.45, 171.90, 161.50, 168.05, 168.30, 167.88, 817412, 1372.24, 10015, 339111, 41.49
GKWLIMITED, EQ, 02-Sep-2026, 1550.00, 1568.00, 1600.00, 1510.10, 1600.00, 1593.30, 1550.76, 26045, 403.90, 160, 25773, 98.96
GLAND, EQ, 02-Sep-2026, 2875.00, 2915.00, 2930.00, 2803.00, 2851.00, 2868.40, 2862.76, 556481, 15930.70, 49204, 172318, 30.97
GLAXO, EQ, 02-Sep-2026, 2996.10, 2972.60, 2990.10, 2908.50, 2968.10, 2949.90, 2946.62, 59227, 1745.20, 9304, 24732, 41.76
GLENMARK, EQ, 02-Sep-2026, 2470.40, 2455.00, 2476.90, 2420.00, 2460.00, 2460.00, 2445.95, 516029, 12621.82, 26799, 272139, 52.74
GLFL, EQ, 02-Sep-2026, 5.93, 5.70, 5.92, 5.64, 5.80, 5.80, 5.70, 6306, 0.36, 21, 4644, 73.64
GLOBAL, EQ, 02-Sep-2026, 110.14, 110.40, 119.00, 110.22, 118.50, 117.31, 114.63, 496539, 569.19, 3475, 295566, 59.53
GLOBALE, EQ, 02-Sep-2026, 11.20, 11.30, 11.30, 10.65, 11.15, 11.23, 10.80, 3568, 0.39, 29, 2382, 66.76
GLOBALPET, ST, 02-Sep-2026, 155.00, 154.00, 154.00, 154.00, 154.00, 154.00, 154.00, 750, 1.16, 1, 750, 100.00
GLOBALVECT, EQ, 02-Sep-2026, 142.20, 140.50, 143.99, 139.21, 143.90, 142.93, 141.25, 5651, 7.98, 271, 2998, 53.05
GLOBE, EQ, 02-Sep-2026, 1.90, 1.90, 1.93, 1.87, 1.93, 1.91, 1.90, 610832, 11.59, 338, 580608, 95.05
GLOBECIVIL, EQ, 02-Sep-2026, 46.21, 47.00, 47.70, 45.20, 47.00, 46.84, 46.29, 158647, 73.44, 445, 33613, 21.19
GLOBUSSPR, EQ, 02-Sep-2026, 914.95, 914.45, 918.95, 892.55, 908.00, 908.75, 902.31, 110360, 995.79, 4863, 67459, 61.13
GLOSTERLTD, EQ, 02-Sep-2026, 591.50, 581.10, 599.70, 581.10, 589.80, 585.35, 588.99, 1284, 7.56, 77, 998, 77.73
GLOTTIS, EQ, 02-Sep-2026, 63.01, 63.01, 63.47, 62.12, 62.13, 62.22, 62.67, 26138, 16.38, 423, 21743, 83.19
GMBREW, EQ, 02-Sep-2026, 876.20, 876.00, 889.90, 871.00, 883.05, 885.40, 878.49, 19456, 170.92, 1329, 11766, 60.47
GMDCLTD, EQ, 02-Sep-2026, 562.25, 558.00, 562.85, 555.55, 558.90, 557.65, 558.24, 395940, 2210.31, 13243, 152969, 38.63
GML, SM, 02-Sep-2026, 17.00, 17.80, 17.85, 17.80, 17.85, 17.85, 17.83, 18000, 3.21, 8, 18000, 100.00
GMMPFAUDLR, EQ, 02-Sep-2026, 1083.80, 1080.00, 1089.60, 1050.10, 1071.50, 1070.00, 1065.46, 167948, 1789.42, 11185, 84862, 50.53
GMRAIRPORT, EQ, 02-Sep-2026, 94.12, 93.40, 94.21, 92.60, 93.99, 93.99, 93.60, 6108730, 5718.03, 31555, 3720773, 60.91
GMRP&UI, EQ, 02-Sep-2026, 89.91, 89.20, 91.91, 86.80, 91.14, 91.14, 89.58, 2248453, 2014.08, 15522, 1026674, 45.66
GNA, EQ, 02-Sep-2026, 532.45, 530.20, 541.60, 525.60, 534.70, 532.40, 532.01, 155940, 829.61, 5039, 66224, 42.47
GNFC, EQ, 02-Sep-2026, 576.00, 573.20, 583.50, 571.60, 581.00, 576.95, 575.89, 610680, 3516.85, 24415, 271693, 44.49
GNRL, EQ, 02-Sep-2026, 95.56, 95.90, 95.90, 94.70, 94.70, 94.84, 95.03, 58303, 55.40, 597, 45299, 77.70
GOACARBON, EQ, 02-Sep-2026, 369.05, 366.15, 373.00, 363.00, 368.20, 365.80, 368.10, 6453, 23.75, 479, 3575, 55.40
GOCLCORP, EQ, 02-Sep-2026, 387.35, 387.75, 395.00, 382.55, 394.95, 391.70, 388.57, 22496, 87.41, 1455, 9232, 41.04
GOCOLORS, EQ, 02-Sep-2026, 323.45, 323.45, 326.65, 318.50, 323.90, 323.35, 322.93, 51374, 165.90, 1692, 25697, 50.02
GODAVARIB, EQ, 02-Sep-2026, 234.95, 234.95, 239.00, 232.00, 236.62, 237.30, 235.92, 31043, 73.24, 1322, 13148, 42.35
GODFRYPHLP, EQ, 02-Sep-2026, 2078.30, 2072.00, 2074.80, 2025.40, 2025.40, 2025.40, 2037.61, 226079, 4606.60, 17118, 100398, 44.41
GODIGIT, EQ, 02-Sep-2026, 260.75, 258.05, 262.20, 255.20, 257.10, 258.40, 258.98, 121329, 314.22, 7775, 56584, 46.64
GODREJAGRO, EQ, 02-Sep-2026, 654.40, 652.00, 679.70, 650.00, 666.05, 670.25, 668.34, 2230141, 14905.01, 50244, 531781, 23.85
GODREJCP, EQ, 02-Sep-2026, 905.00, 900.55, 905.00, 891.50, 905.00, 905.00, 897.30, 1120078, 10050.49, 32524, 598805, 53.46
GODREJIND, EQ, 02-Sep-2026, 1152.90, 1152.90, 1152.90, 1135.00, 1135.00, 1138.80, 1139.95, 45406, 517.61, 4515, 19112, 42.09
GODREJPROP, EQ, 02-Sep-2026, 1978.00, 1950.00, 1970.70, 1908.90, 1970.70, 1970.70, 1931.46, 770610, 14884.05, 36302, 368697, 47.84
GOKEX, EQ, 02-Sep-2026, 780.50, 774.00, 779.90, 767.00, 770.00, 770.10, 772.61, 138716, 1071.73, 6169, 67984, 49.01
GOKUL, EQ, 02-Sep-2026, 41.53, 40.70, 41.77, 40.50, 41.68, 41.37, 41.25, 219183, 90.40, 1679, 82844, 37.80
GOKULAGRO, EQ, 02-Sep-2026, 236.58, 235.40, 238.00, 229.68, 233.50, 234.19, 233.06, 487548, 1136.26, 9589, 264332, 54.22
GOLD1, EQ, 02-Sep-2026, 126.58, 124.60, 125.45, 123.66, 124.70, 124.77, 124.77, 2034162, 2538.04, 8911, 1239514, 60.93
GOLD360, EQ, 02-Sep-2026, 147.90, 147.60, 147.60, 145.05, 146.15, 145.60, 146.29, 23092, 33.78, 303, 15683, 67.92
GOLDADD, EQ, 02-Sep-2026, 14.73, 14.70, 14.70, 14.46, 14.49, 14.51, 14.57, 12536983, 1826.02, 10226, 10968071, 87.49
GOLDAXIS, EQ, 02-Sep-2026, 125.91, 125.50, 125.50, 123.20, 124.40, 124.18, 124.25, 850365, 1056.62, 4015, 492585, 57.93
GOLDBEES, EQ, 02-Sep-2026, 125.34, 123.47, 124.29, 122.75, 123.57, 123.52, 123.66, 36173459, 44730.35, 132355, 17369564, 48.02
GOLDBETA, EQ, 02-Sep-2026, 127.85, 124.65, 129.15, 124.65, 125.90, 126.00, 126.04, 933480, 1176.58, 3822, 641331, 68.70
GOLDBND, EQ, 02-Sep-2026, 151.57, 148.54, 150.98, 148.00, 149.55, 149.22, 149.25, 3995, 5.96, 152, 2069, 51.79
GOLDCASE, EQ, 02-Sep-2026, 23.86, 23.69, 23.69, 23.38, 23.52, 23.51, 23.55, 15798999, 3720.50, 15047, 7876119, 49.85
GOLDENTOBC, BZ, 02-Sep-2026, 24.46, 24.40, 25.27, 24.00, 24.12, 24.27, 24.38, 4522, 1.10, 34, -, -
GOLDETF, EQ, 02-Sep-2026, 147.58, 147.30, 147.30, 144.80, 145.55, 145.52, 145.60, 1483420, 2159.90, 11284, 640191, 43.16
GOLDIAM, EQ, 02-Sep-2026, 342.40, 340.20, 347.10, 336.05, 347.00, 344.10, 341.67, 326183, 1114.47, 5891, 132993, 40.77
GOLDIETF, EQ, 02-Sep-2026, 129.73, 132.97, 132.97, 126.48, 127.94, 127.84, 128.07, 8804998, 11276.84, 38303, 4994293, 56.72
GOLDKART, SM, 02-Sep-2026, 96.30, 100.00, 100.00, 100.00, 100.00, 100.00, 100.00, 1250, 1.25, 2, 1250, 100.00
GOLDSTAR, SM, 02-Sep-2026, 7.50, 7.50, 7.85, 7.50, 7.85, 7.85, 7.71, 56250, 4.34, 5, 45000, 80.00
GOLDTECH, BE, 02-Sep-2026, 47.25, 47.75, 47.93, 46.25, 47.29, 47.28, 46.81, 12252, 5.74, 109, -, -
GOODLUCK, EQ, 02-Sep-2026, 452.90, 453.10, 479.90, 448.00, 476.35, 474.75, 467.36, 674267, 3151.26, 15603, 321039, 47.61
GOODYEAR, EQ, 02-Sep-2026, 736.25, 729.05, 740.00, 729.05, 737.10, 736.10, 735.69, 3995, 29.39, 452, 2574, 64.43
GOPAL, EQ, 02-Sep-2026, 270.30, 270.30, 271.60, 262.80, 266.00, 264.90, 266.59, 126055, 336.04, 3533, 68354, 54.23
GOYALALUM, EQ, 02-Sep-2026, 6.29, 6.41, 6.41, 6.20, 6.21, 6.23, 6.25, 33923, 2.12, 273, 26690, 78.68
GOYALSALT, SM, 02-Sep-2026, 106.50, 105.00, 105.00, 104.00, 105.00, 105.00, 104.50, 2400, 2.51, 4, 2400, 100.00
GPECO, ST, 02-Sep-2026, 400.10, 400.00, 408.00, 395.00, 407.00, 402.20, 401.55, 7000, 28.11, 33, 6800, 97.14
GPIL, EQ, 02-Sep-2026, 243.41, 243.41, 243.41, 237.01, 239.45, 239.39, 239.51, 1989265, 4764.50, 31169, 1109389, 55.77
GPPL, EQ, 02-Sep-2026, 169.02, 162.42, 165.50, 162.00, 164.89, 164.44, 164.16, 2172344, 3566.16, 30486, 1030549, 47.44
GPTHEALTH, EQ, 02-Sep-2026, 151.63, 150.00, 154.54, 150.00, 151.00, 150.83, 150.70, 50195, 75.64, 1337, 31388, 62.53
GPTINFRA, EQ, 02-Sep-2026, 107.72, 107.55, 119.13, 106.41, 110.28, 110.71, 113.92, 1296483, 1476.91, 14919, 177826, 13.72
GRADIENTE, EQ, 02-Sep-2026, 2.59, 2.64, 2.67, 2.63, 2.66, 2.65, 2.65, 606549, 16.08, 171, 349716, 57.66
GRANDOAK, EQ, 02-Sep-2026, 36.23, 36.28, 36.28, 34.42, 34.42, 34.58, 34.92, 7029, 2.45, 67, 5396, 76.77
GRANULES, EQ, 02-Sep-2026, 837.20, 834.05, 838.00, 816.00, 837.00, 831.75, 828.51, 787511, 6524.60, 26033, 331695, 42.12
GRAPHISAD, SM, 02-Sep-2026, 26.20, 25.50, 26.00, 25.50, 26.00, 26.00, 25.75, 2400, 0.62, 2, 2400, 100.00
GRAPHITE, EQ, 02-Sep-2026, 732.90, 732.00, 737.00, 721.05, 723.00, 726.60, 728.65, 680122, 4955.74, 19024, 273384, 40.20
GRASIM, EQ, 02-Sep-2026, 3305.00, 3292.00, 3298.30, 3235.50, 3294.90, 3294.90, 3265.08, 1085964, 35457.55, 61538, 593720, 54.67
GRAUWEIL, EQ, 02-Sep-2026, 69.25, 68.81, 70.79, 68.81, 69.71, 70.06, 70.10, 219735, 154.03, 2951, 134230, 61.09
GRAVISSHO, EQ, 02-Sep-2026, 28.20, 30.99, 30.99, 30.79, 30.84, 30.83, 30.83, 128, 0.04, 6, 128, 100.00
GRAVITA, EQ, 02-Sep-2026, 1781.90, 1779.00, 1789.50, 1746.00, 1747.00, 1749.10, 1765.45, 120612, 2129.34, 20427, 63701, 52.81
GRCL, SM, 02-Sep-2026, 580.00, 590.00, 597.95, 590.00, 590.00, 590.00, 591.33, 1500, 8.87, 6, 1500, 100.00
GREAVESCOT, EQ, 02-Sep-2026, 197.80, 195.00, 196.66, 193.25, 194.38, 194.20, 194.78, 785920, 1530.79, 11381, 365154, 46.46
GREENCHEF, SM, 02-Sep-2026, 57.65, 60.00, 63.40, 58.80, 63.40, 63.40, 61.71, 25600, 15.80, 30, 21600, 84.38
GREENLAM, EQ, 02-Sep-2026, 242.61, 242.61, 244.90, 240.35, 241.00, 242.06, 242.17, 50408, 122.07, 989, 33169, 65.80
GREENLEAF, ST, 02-Sep-2026, 107.70, 109.90, 112.80, 109.00, 112.80, 112.80, 110.99, 6000, 6.66, 6, 6000, 100.00
GREENPANEL, EQ, 02-Sep-2026, 160.09, 160.00, 160.49, 154.55, 158.00, 158.00, 157.72, 274624, 433.15, 22525, 148140, 53.94
GREENPLY, EQ, 02-Sep-2026, 286.20, 285.35, 288.70, 280.60, 284.90, 283.70, 283.99, 76970, 218.59, 2226, 41275, 53.62
GREENPOWER, EQ, 02-Sep-2026, 9.12, 9.00, 9.23, 8.90, 9.12, 9.16, 9.09, 1495912, 136.04, 3360, 717332, 47.95
GRINDWELL, EQ, 02-Sep-2026, 1983.30, 1983.30, 1999.00, 1950.10, 1999.00, 1967.50, 1965.90, 14477, 284.60, 3689, 7827, 54.07
GRINFRA, EQ, 02-Sep-2026, 882.50, 875.05, 890.00, 858.25, 868.00, 873.90, 869.72, 10763, 93.61, 1522, 4614, 42.87
GRMOVER, EQ, 02-Sep-2026, 85.29, 85.05, 86.47, 83.72, 85.68, 86.03, 85.11, 1220718, 1038.94, 4242, 378197, 30.98
GROBTEA, EQ, 02-Sep-2026, 975.25, 980.00, 980.55, 960.00, 965.50, 965.50, 969.67, 123, 1.19, 29, 80, 65.04
GROWW, EQ, 02-Sep-2026, 189.41, 190.00, 190.23, 185.35, 189.70, 189.88, 188.23, 21060867, 39642.10, 128571, 9690095, 46.01
GROWWCAPM, EQ, 02-Sep-2026, 11.37, 11.40, 11.40, 11.19, 11.26, 11.20, 11.25, 559055, 62.89, 988, 338556, 60.56
GROWWCHEM, EQ, 02-Sep-2026, 30.00, 29.92, 30.25, 29.58, 30.00, 30.01, 29.69, 8369265, 2485.12, 724, 8306366, 99.25
GROWWDEFNC, EQ, 02-Sep-2026, 96.75, 98.69, 98.69, 95.09, 96.31, 95.89, 95.56, 281797, 269.29, 3125, 148619, 52.74
GROWWEV, EQ, 02-Sep-2026, 33.17, 33.18, 33.18, 32.22, 32.55, 32.60, 32.50, 574173, 186.60, 3009, 289256, 50.38
GROWWGOLD, EQ, 02-Sep-2026, 14.80, 14.68, 14.68, 14.48, 14.60, 14.58, 14.61, 4454236, 650.94, 5422, 3003652, 67.43
GROWWHOSPI, EQ, 02-Sep-2026, 52.21, 52.38, 52.38, 51.54, 52.00, 51.85, 51.81, 223935, 116.02, 1757, 130974, 58.49
GROWWLIQID, EQ, 02-Sep-2026, 110.58, 110.59, 110.60, 110.59, 110.60, 110.59, 110.59, 488458, 540.20, 195, 335641, 68.71
GROWWLOVOL, EQ, 02-Sep-2026, 10.38, 10.30, 10.52, 10.21, 10.48, 10.30, 10.30, 22557, 2.32, 116, 12221, 54.18
GROWWMC150, EQ, 02-Sep-2026, 234.07, 230.75, 233.00, 229.52, 232.09, 232.09, 231.48, 1981, 4.59, 53, 1535, 77.49
GROWWMETAL, EQ, 02-Sep-2026, 12.52, 12.70, 12.77, 12.33, 12.58, 12.48, 12.49, 421344, 52.61, 1300, 200491, 47.58
GROWWMOM50, EQ, 02-Sep-2026, 11.02, 11.18, 11.18, 10.88, 10.99, 11.01, 10.96, 184990, 20.27, 550, 138177, 74.69
GROWWN200, EQ, 02-Sep-2026, 11.28, 11.42, 11.45, 11.21, 11.40, 11.31, 11.27, 57672, 6.50, 268, 28237, 48.96
GROWWNET, EQ, 02-Sep-2026, 10.77, 10.71, 10.95, 10.60, 10.75, 10.73, 10.67, 823244, 87.81, 765, 421557, 51.21
GROWWNIFTY, EQ, 02-Sep-2026, 9.72, 9.70, 9.78, 9.64, 9.70, 9.67, 9.67, 856030, 82.78, 4000, 621860, 72.64
GROWWNXT50, EQ, 02-Sep-2026, 73.35, 73.35, 73.55, 72.35, 73.17, 73.23, 72.93, 6365, 4.64, 142, 2971, 46.68
GROWWPOWER, EQ, 02-Sep-2026, 11.16, 11.19, 11.27, 11.03, 11.21, 11.18, 11.16, 1494406, 166.85, 2764, 677202, 45.32
GROWWPSE, EQ, 02-Sep-2026, 96.64, 96.64, 97.90, 94.65, 97.82, 97.74, 97.49, 3893, 3.80, 204, 2285, 58.70
GROWWPSUBK, EQ, 02-Sep-2026, 85.46, 85.46, 86.02, 83.88, 85.45, 85.36, 85.07, 3573, 3.04, 123, 1514, 42.37
GROWWRAIL, EQ, 02-Sep-2026, 28.17, 28.02, 28.28, 27.71, 28.00, 27.90, 27.87, 1386286, 386.36, 4241, 1040215, 75.04
GROWWRLTY, EQ, 02-Sep-2026, 9.96, 9.94, 10.04, 9.75, 10.03, 9.92, 9.85, 297808, 29.32, 631, 109952, 36.92
GROWWSC250, EQ, 02-Sep-2026, 10.65, 10.91, 10.91, 10.45, 10.60, 10.58, 10.54, 134149, 14.14, 655, 97180, 72.44
GROWWSLVR, EQ, 02-Sep-2026, 22.27, 22.10, 22.22, 22.00, 22.11, 22.08, 22.11, 1558535, 344.55, 2308, 654468, 41.99
GRPLTD, EQ, 02-Sep-2026, 2025.60, 2035.00, 2048.00, 1983.20, 2023.00, 2008.90, 2021.53, 771, 15.59, 212, 432, 56.03
GRSE, EQ, 02-Sep-2026, 2530.20, 2523.00, 2535.00, 2487.00, 2497.00, 2495.10, 2499.41, 273379, 6832.86, 21221, 117200, 42.87
GRWRHITECH, EQ, 02-Sep-2026, 7209.50, 7178.00, 7323.00, 7115.00, 7190.00, 7202.50, 7210.41, 27984, 2017.76, 7212, 13066, 46.69
GSEC10ABSL, EQ, 02-Sep-2026, 112.65, 112.62, 113.06, 111.61, 111.61, 111.61, 112.43, 3, 0.00, 3, 1, 33.33
GSEC10IETF, EQ, 02-Sep-2026, 263.50, 264.81, 264.81, 262.55, 262.55, 263.42, 264.45, 10, 0.03, 5, 9, 90.00
GSEC10YEAR, EQ, 02-Sep-2026, 30.51, 31.12, 31.12, 30.24, 30.57, 30.55, 30.24, 7377, 2.23, 45, 7367, 99.86
GSEC5IETF, EQ, 02-Sep-2026, 66.01, 66.53, 66.53, 66.04, 66.25, 66.25, 66.31, 10415, 6.91, 34, 5240, 50.31
GSFC, EQ, 02-Sep-2026, 158.75, 158.00, 160.25, 157.30, 160.10, 159.95, 159.62, 787261, 1256.62, 9027, 472058, 59.96
GSLSU, EQ, 02-Sep-2026, 24.52, 24.60, 25.74, 24.55, 25.74, 25.74, 25.55, 180235, 46.04, 845, 144730, 80.30
GSMFOILS, SM, 02-Sep-2026, 129.60, 134.00, 134.80, 123.15, 123.15, 123.15, 126.84, 754500, 957.04, 589, 491000, 65.08
GSPCROP, EQ, 02-Sep-2026, 621.70, 621.00, 627.30, 614.55, 625.00, 625.95, 621.03, 51552, 320.15, 1960, 21929, 42.54
GSS, EQ, 02-Sep-2026, 11.90, 11.91, 12.03, 11.55, 11.85, 11.83, 11.79, 14411, 1.70, 132, 8174, 56.72
GSTL, SM, 02-Sep-2026, 12.00, 12.00, 12.00, 11.40, 11.40, 11.40, 11.77, 7000, 0.82, 7, 7000, 100.00
GTECJAINX, BE, 02-Sep-2026, 28.28, 28.30, 29.35, 27.50, 28.90, 28.90, 28.49, 2322, 0.66, 31, -, -
GTL, EQ, 02-Sep-2026, 7.07, 7.20, 7.50, 7.05, 7.24, 7.23, 7.20, 196396, 14.14, 601, 144543, 73.60
GTLINFRA, EQ, 02-Sep-2026, 1.15, 1.17, 1.18, 1.15, 1.16, 1.16, 1.16, 31318894, 363.96, 10421, 13620280, 43.49
GTPL, EQ, 02-Sep-2026, 57.14, 58.20, 58.20, 55.51, 56.82, 56.17, 56.56, 55563, 31.43, 508, 42689, 76.83
GUFICBIO, EQ, 02-Sep-2026, 421.05, 419.75, 453.95, 415.50, 440.00, 438.80, 442.49, 693834, 3070.17, 23086, 206455, 29.76
GUJALKALI, EQ, 02-Sep-2026, 713.30, 726.00, 729.50, 707.10, 715.60, 714.80, 718.59, 107798, 774.63, 9514, 37748, 35.02
GUJAPOLLO, EQ, 02-Sep-2026, 335.65, 355.00, 355.00, 336.00, 338.00, 337.70, 339.76, 3595, 12.21, 160, 2457, 68.34
GUJENERGY, EQ, 02-Sep-2026, 254.30, 255.00, 262.80, 253.65, 262.22, 262.29, 259.77, 2260654, 5872.61, 41185, 1082271, 47.87
GUJRAFFIA, EQ, 02-Sep-2026, 39.96, 40.02, 41.45, 39.46, 40.00, 40.00, 40.85, 1260, 0.51, 28, 886, 70.32
GUJTHEM, EQ, 02-Sep-2026, 419.95, 408.95, 420.20, 407.10, 411.50, 413.05, 412.37, 1719974, 7092.65, 5334, 1541971, 89.65
GULFOILLUB, EQ, 02-Sep-2026, 1132.80, 1133.00, 1147.40, 1118.00, 1126.00, 1125.00, 1124.10, 64023, 719.69, 6699, 41966, 65.55
GULFPETRO, BE, 02-Sep-2026, 67.51, 68.45, 68.45, 66.00, 67.84, 67.56, 66.79, 90692, 60.58, 299, -, -
GULPOLY, EQ, 02-Sep-2026, 188.28, 187.98, 189.74, 185.25, 186.60, 187.56, 187.18, 170753, 319.61, 3321, 83250, 48.75
GVKPIL, BE, 02-Sep-2026, 2.08, 2.10, 2.10, 2.04, 2.05, 2.06, 2.05, 956635, 19.60, 927, -, -
GVPIL, EQ, 02-Sep-2026, 622.55, 622.80, 638.45, 608.00, 631.00, 632.15, 623.64, 125940, 785.42, 5160, 61343, 48.71
GVPTECH, EQ, 02-Sep-2026, 8.23, 8.43, 8.99, 8.11, 8.20, 8.33, 8.43, 231970, 19.55, 759, 147358, 63.52
GVT&D, EQ, 02-Sep-2026, 4324.00, 4280.00, 4282.50, 4183.20, 4240.00, 4240.00, 4220.99, 836148, 35293.76, 73323, 491954, 58.84
GYFTR, EQ, 02-Sep-2026, 182.15, 183.95, 189.17, 173.50, 182.60, 183.00, 181.26, 102161, 185.18, 1545, 52108, 51.01
HAL, EQ, 02-Sep-2026, 4807.60, 4785.00, 4793.50, 4707.00, 4780.00, 4780.00, 4744.48, 525620, 24937.95, 38580, 234496, 44.61
HALDER, EQ, 02-Sep-2026, 292.25, 274.00, 297.85, 274.00, 295.00, 293.90, 294.50, 34207, 100.74, 277, 10047, 29.37
HALDYNGL, BE, 02-Sep-2026, 139.52, 140.45, 145.00, 137.77, 144.00, 142.55, 141.77, 75540, 107.09, 414, -, -
HALEOSLABS, EQ, 02-Sep-2026, 1480.00, 1480.10, 1490.00, 1475.00, 1481.00, 1481.40, 1480.48, 1498, 22.18, 34, 1334, 89.05
HAMPTON, EQ, 02-Sep-2026, 8.03, 8.33, 8.33, 7.87, 8.18, 8.17, 8.15, 6209, 0.51, 73, 6082, 97.95
HAPPSTMNDS, EQ, 02-Sep-2026, 362.70, 362.00, 362.25, 348.65, 355.80, 354.85, 355.17, 4999399, 17756.24, 69910, 1172731, 23.46
HAPPY, SM, 02-Sep-2026, 86.65, 85.00, 85.00, 82.00, 82.75, 82.85, 83.07, 38000, 31.57, 19, 28000, 73.68
HAPPYFORGE, EQ, 02-Sep-2026, 2420.40, 2380.80, 2460.00, 2340.00, 2350.00, 2345.90, 2419.35, 102193, 2472.41, 21675, 59181, 57.91
HARDWYN, EQ, 02-Sep-2026, 9.03, 9.06, 9.25, 8.95, 9.15, 9.12, 9.09, 1367993, 124.36, 1034, 596536, 43.61
HARIOMPIPE, EQ, 02-Sep-2026, 342.55, 340.40, 352.90, 332.50, 347.80, 348.60, 344.89, 134360, 463.40, 4172, 65187, 48.52
HARRMALAYA, EQ, 02-Sep-2026, 193.07, 191.55, 194.00, 186.66, 188.05, 188.98, 189.61, 11701, 22.19, 480, 7085, 60.55
HARSHA, EQ, 02-Sep-2026, 453.70, 458.00, 462.00, 445.00, 448.50, 450.75, 453.39, 241531, 1095.07, 9958, 121731, 50.40
HATHWAY, EQ, 02-Sep-2026, 10.50, 10.49, 10.49, 10.25, 10.30, 10.34, 10.35, 1410954, 145.99, 2217, 799593, 56.67
HATSUN, EQ, 02-Sep-2026, 1178.50, 1191.00, 1222.00, 1172.50, 1172.90, 1193.60, 1201.78, 244250, 2935.36, 15255, 141329, 57.86
HAVELLS, EQ, 02-Sep-2026, 1222.80, 1220.00, 1220.00, 1183.00, 1193.00, 1193.00, 1193.53, 752254, 8978.38, 51947, 379068, 50.39
HAVISHA, EQ, 02-Sep-2026, 1.34, 1.35, 1.35, 1.27, 1.27, 1.28, 1.31, 47158, 0.62, 84, 34853, 73.91
HAWKINCOOK, EQ, 02-Sep-2026, 8152.00, 8151.00, 8220.50, 8124.00, 8151.50, 8194.50, 8160.62, 804, 65.61, 204, 501, 62.31
HAZOOR, EQ, 02-Sep-2026, 19.39, 19.47, 19.47, 18.81, 18.98, 18.95, 19.03, 171123, 32.57, 630, 116618, 68.15
HBESD, EQ, 02-Sep-2026, 75.27, 74.90, 75.90, 74.90, 75.00, 75.00, 75.00, 224, 0.17, 7, 224, 100.00
HBLENGINE, EQ, 02-Sep-2026, 659.20, 658.05, 663.00, 648.00, 661.05, 660.20, 654.88, 519552, 3402.43, 18859, 205366, 39.53
HBPOR, EQ, 02-Sep-2026, 59.99, 59.99, 60.00, 58.05, 60.00, 59.99, 59.21, 515, 0.30, 35, 505, 98.06
HBSL, EQ, 02-Sep-2026, 54.06, 54.33, 54.99, 52.44, 53.00, 52.98, 53.38, 730, 0.39, 44, 635, 86.99
HCC, EQ, 02-Sep-2026, 23.36, 23.26, 23.74, 22.90, 23.16, 23.08, 23.19, 32414628, 7517.45, 30683, 10662213, 32.89
HCG, EQ, 02-Sep-2026, 704.40, 704.40, 716.55, 695.80, 699.55, 699.30, 705.56, 95423, 673.26, 8840, 39827, 41.74
HCL-INSYS, EQ, 02-Sep-2026, 10.46, 10.72, 10.72, 10.25, 10.39, 10.32, 10.45, 237943, 24.85, 837, 168688, 70.89
HCLTECH, EQ, 02-Sep-2026, 1351.40, 1340.10, 1349.30, 1317.40, 1331.50, 1331.50, 1331.02, 2739386, 36461.73, 74188, 1455738, 53.14
HDBFS, EQ, 02-Sep-2026, 675.30, 670.50, 676.70, 667.50, 675.95, 675.20, 672.82, 203242, 1367.45, 8183, 135240, 66.54
HDFCAMC, EQ, 02-Sep-2026, 2544.90, 2511.50, 2528.50, 2477.00, 2525.70, 2525.70, 2500.28, 962353, 24061.52, 67554, 561159, 58.31
HDFCBANK, EQ, 02-Sep-2026, 711.90, 702.30, 705.65, 700.00, 700.80, 700.80, 702.22, 36950338, 259471.22, 475283, 22751679, 61.57
HDFCBSE500, EQ, 02-Sep-2026, 37.56, 37.55, 37.82, 37.09, 37.50, 37.55, 37.15, 6500475, 2414.94, 525, 5227529, 80.42
HDFCGOLD, EQ, 02-Sep-2026, 129.71, 128.34, 128.43, 127.28, 127.82, 127.80, 127.80, 4434615, 5667.30, 14482, 2159573, 48.70
HDFCGROWTH, EQ, 02-Sep-2026, 120.24, 119.31, 119.80, 118.70, 118.95, 119.13, 119.06, 33131, 39.45, 214, 18609, 56.17
HDFCLIFE, EQ, 02-Sep-2026, 540.30, 538.00, 538.00, 532.05, 533.00, 533.00, 535.28, 1116864, 5978.35, 34775, 614168, 54.99
HDFCLIQUID, EQ, 02-Sep-2026, 1076.13, 1075.06, 1078.79, 1075.06, 1076.26, 1076.27, 1076.36, 18114, 194.97, 73, 9566, 52.81
HDFCLOWVOL, EQ, 02-Sep-2026, 20.69, 20.53, 20.67, 20.51, 20.67, 20.57, 20.55, 2076, 0.43, 71, 1562, 75.24
HDFCMID150, EQ, 02-Sep-2026, 23.56, 23.56, 23.72, 23.21, 23.51, 23.40, 23.32, 629418, 146.77, 2156, 350819, 55.74
HDFCMOMENT, EQ, 02-Sep-2026, 31.01, 31.20, 31.25, 30.62, 31.08, 30.90, 30.78, 251617, 77.45, 766, 165323, 65.70
HDFCNEXT50, EQ, 02-Sep-2026, 74.14, 74.06, 74.85, 73.63, 74.78, 74.47, 74.08, 131262, 97.24, 733, 74214, 56.54
HDFCNIF100, EQ, 02-Sep-2026, 26.00, 26.00, 26.00, 25.77, 25.93, 25.90, 25.90, 84250, 21.82, 291, 50784, 60.28
HDFCNIFBAN, EQ, 02-Sep-2026, 59.00, 58.83, 59.02, 58.62, 59.02, 58.88, 58.87, 152224, 89.61, 395, 134811, 88.56
HDFCNIFIT, EQ, 02-Sep-2026, 33.43, 33.11, 33.39, 32.85, 33.27, 33.07, 33.18, 225637, 74.88, 510, 197575, 87.56
HDFCNIFTY, EQ, 02-Sep-2026, 270.87, 270.21, 270.87, 268.80, 270.72, 269.77, 269.46, 420555, 1133.24, 1307, 369164, 87.78
HDFCNIMEG, EQ, 02-Sep-2026, 131.69, 132.34, 132.34, 130.40, 131.19, 131.19, 131.25, 22753, 29.86, 83, 21657, 95.18
HDFCPSUBK, EQ, 02-Sep-2026, 85.73, 85.49, 86.49, 85.24, 85.50, 85.92, 85.86, 15985, 13.72, 228, 7978, 49.91
HDFCPVTBAN, EQ, 02-Sep-2026, 28.14, 28.56, 28.56, 28.07, 28.21, 28.18, 28.17, 57961, 16.33, 506, 39213, 67.65
HDFCQUAL, EQ, 02-Sep-2026, 59.14, 59.25, 59.25, 58.40, 58.63, 58.82, 58.63, 3956, 2.32, 125, 2480, 62.69
HDFCSENSEX, EQ, 02-Sep-2026, 87.38, 87.67, 87.67, 86.53, 86.96, 86.79, 86.75, 48366, 41.96, 804, 31523, 65.18
HDFCSILVER, EQ, 02-Sep-2026, 217.42, 214.94, 216.67, 214.11, 215.41, 215.37, 215.55, 2903676, 6258.81, 12396, 1355224, 46.67
HDFCSML250, EQ, 02-Sep-2026, 185.65, 185.64, 185.64, 183.13, 183.98, 184.13, 184.09, 1788565, 3292.52, 40288, 1336876, 74.75
HDFCVALUE, EQ, 02-Sep-2026, 125.56, 124.00, 125.69, 123.19, 125.69, 125.43, 124.64, 1842, 2.30, 97, 882, 47.88
HDIL, BZ, 02-Sep-2026, 1.50, 1.50, 1.54, 1.47, 1.53, 1.52, 1.50, 133742, 2.00, 160, -, -
HEADSUP, EQ, 02-Sep-2026, 6.85, 6.72, 7.00, 6.60, 6.66, 6.83, 6.76, 9607, 0.65, 123, 7528, 78.36
HEALTHADD, EQ, 02-Sep-2026, 16.83, 16.83, 16.83, 16.69, 16.74, 16.73, 16.76, 91074, 15.27, 207, 83347, 91.52
HEALTHAXIS, EQ, 02-Sep-2026, 169.20, 169.73, 173.00, 168.32, 171.27, 170.11, 169.29, 1130, 1.91, 70, 638, 56.46
HEALTHCARE, EQ, 02-Sep-2026, 21.69, 22.10, 22.10, 21.55, 21.71, 21.71, 21.64, 22485, 4.87, 189, 17941, 79.79
HEALTHIETF, EQ, 02-Sep-2026, 171.16, 171.01, 171.40, 169.97, 171.30, 170.65, 170.40, 70188, 119.60, 1343, 45893, 65.39
HEALTHX, EQ, 02-Sep-2026, 297.90, 309.95, 309.95, 293.00, 294.30, 294.30, 295.72, 1875, 5.54, 82, 1724, 91.95
HEALTHY, EQ, 02-Sep-2026, 17.13, 17.35, 17.35, 17.00, 17.10, 17.08, 17.07, 238422, 40.69, 933, 135828, 56.97
HECPROJECT, EQ, 02-Sep-2026, 116.37, 116.37, 119.37, 115.00, 116.85, 116.09, 115.69, 4614, 5.34, 151, 3516, 76.20
HEG, EQ, 02-Sep-2026, 729.90, 725.00, 726.30, 702.95, 707.00, 706.40, 713.54, 1020619, 7282.48, 18971, 523565, 51.30
HEIDELBERG, EQ, 02-Sep-2026, 158.10, 157.00, 159.38, 157.00, 157.82, 157.87, 157.81, 138843, 219.11, 3055, 89010, 64.11
HEMIPROP, EQ, 02-Sep-2026, 127.15, 126.52, 127.30, 125.25, 126.85, 126.61, 126.32, 253856, 320.67, 2832, 146363, 57.66
HERANBA, EQ, 02-Sep-2026, 175.96, 175.99, 177.32, 173.74, 175.96, 175.23, 175.13, 20511, 35.92, 593, 9370, 45.68
HERITGFOOD, EQ, 02-Sep-2026, 353.70, 352.35, 384.80, 349.30, 378.95, 378.75, 372.60, 4731013, 17627.93, 75855, 1375463, 29.07
HEROMOTOCO, EQ, 02-Sep-2026, 5555.00, 5477.00, 5485.00, 5167.00, 5300.00, 5300.00, 5263.67, 1746768, 91944.07, 135952, 646915, 37.03
HESTERBIO, EQ, 02-Sep-2026, 2200.50, 2189.50, 2210.90, 2146.00, 2170.20, 2176.50, 2175.66, 7011, 152.54, 915, 3639, 51.90
HEXAGON, BE, 02-Sep-2026, 66.19, 65.00, 66.50, 64.80, 66.00, 66.14, 65.62, 107199, 70.35, 495, -, -
HEXATRADEX, EQ, 02-Sep-2026, 158.72, 158.25, 161.00, 157.40, 157.40, 157.91, 158.36, 789, 1.25, 41, 769, 97.47
HEXT, EQ, 02-Sep-2026, 551.10, 552.80, 552.80, 539.60, 546.00, 543.60, 545.10, 311273, 1696.76, 23758, 146304, 47.00
HFCL, EQ, 02-Sep-2026, 236.64, 230.00, 238.89, 225.01, 225.98, 226.27, 230.84, 17046359, 39350.43, 121641, 8126287, 47.67
HGINFRA, EQ, 02-Sep-2026, 481.85, 481.90, 483.25, 470.00, 474.85, 471.80, 474.06, 91321, 432.91, 4548, 48247, 52.83
HGM, EQ, 02-Sep-2026, 48.67, 49.77, 49.77, 46.55, 47.51, 48.34, 48.68, 15445, 7.52, 139, 11610, 75.17
HGS, EQ, 02-Sep-2026, 393.70, 395.50, 399.15, 390.60, 393.25, 393.10, 394.38, 12083, 47.65, 824, 7847, 64.94
HIGREEN, SM, 02-Sep-2026, 128.75, 126.05, 126.05, 123.55, 125.00, 124.80, 124.94, 8800, 10.99, 11, 5600, 63.64
HIKAL, EQ, 02-Sep-2026, 198.54, 198.88, 202.99, 197.01, 201.00, 200.60, 199.77, 237919, 475.29, 6385, 92683, 38.96
HILINFRA, EQ, 02-Sep-2026, 44.19, 43.55, 44.84, 43.50, 44.00, 43.56, 43.69, 69280, 30.27, 606, 54315, 78.40
HILTON, EQ, 02-Sep-2026, 19.32, 19.51, 19.71, 18.40, 18.80, 18.79, 18.77, 202367, 37.99, 793, 131324, 64.89
HIMATSEIDE, EQ, 02-Sep-2026, 69.27, 69.27, 69.88, 68.00, 69.56, 69.66, 69.19, 266034, 184.07, 2681, 133256, 50.09
HINDADH, EQ, 02-Sep-2026, 346.10, 348.90, 365.00, 347.90, 365.00, 359.50, 356.37, 2619, 9.33, 179, 2127, 81.21
HINDALCO, EQ, 02-Sep-2026, 1014.40, 1004.00, 1011.20, 998.20, 1009.70, 1009.70, 1006.35, 1902917, 19150.03, 65112, 1129409, 59.35
HINDALUMI, EQ, 02-Sep-2026, 97.80, 99.00, 100.00, 97.00, 97.00, 97.32, 98.16, 5519, 5.42, 106, 2526, 45.77
HINDCOMPOS, EQ, 02-Sep-2026, 405.20, 405.20, 405.20, 397.00, 399.10, 399.60, 399.93, 4600, 18.40, 202, 3127, 67.98
HINDCON, EQ, 02-Sep-2026, 23.47, 23.50, 23.50, 22.81, 23.25, 23.16, 23.06, 15529, 3.58, 160, 8874, 57.14
HINDCOPPER, EQ, 02-Sep-2026, 526.65, 521.25, 524.55, 516.25, 521.85, 520.95, 519.99, 6616530, 34404.97, 82167, 2677756, 40.47
HINDOILEXP, EQ, 02-Sep-2026, 169.00, 170.00, 171.99, 165.10, 166.01, 166.18, 167.00, 551626, 921.23, 8777, 195806, 35.50
HINDPETRO, EQ, 02-Sep-2026, 363.10, 358.30, 362.90, 355.40, 359.00, 359.00, 358.56, 7705518, 27629.12, 86435, 4702480, 61.03
HINDUNILVR, EQ, 02-Sep-2026, 1994.80, 1983.00, 1983.80, 1962.30, 1975.00, 1975.00, 1969.25, 1497019, 29480.09, 60321, 991668, 66.24
HINDWAREAP, EQ, 02-Sep-2026, 182.11, 182.16, 183.48, 179.22, 181.00, 182.08, 180.75, 74310, 134.31, 3172, 39355, 52.96
HINDZINC, EQ, 02-Sep-2026, 597.00, 590.00, 592.90, 581.30, 588.40, 588.40, 588.17, 3987561, 23453.50, 57085, 1717686, 43.08
HIRECT, EQ, 02-Sep-2026, 1248.20, 1244.00, 1250.90, 1214.00, 1219.40, 1218.50, 1228.55, 26426, 324.66, 2784, 11464, 43.38
HISARMETAL, EQ, 02-Sep-2026, 159.54, 161.14, 165.80, 155.23, 161.19, 159.80, 161.71, 2599, 4.20, 77, 1475, 56.75
HITECH, EQ, 02-Sep-2026, 79.67, 79.62, 80.00, 76.00, 76.60, 76.54, 77.55, 1100863, 853.72, 5234, 782345, 71.07
HITECHCORP, BE, 02-Sep-2026, 337.65, 339.90, 339.90, 335.00, 338.00, 336.55, 335.46, 7808, 26.19, 50, -, -
HITECHGEAR, BE, 02-Sep-2026, 569.25, 565.00, 574.60, 560.05, 570.00, 569.20, 569.25, 1031, 5.87, 29, -, -
HLEGLAS, EQ, 02-Sep-2026, 316.75, 316.75, 318.35, 312.85, 314.70, 314.10, 315.27, 71474, 225.34, 2436, 35200, 49.25
HLVLTD, EQ, 02-Sep-2026, 6.34, 6.34, 6.34, 6.22, 6.32, 6.30, 6.28, 203740, 12.80, 499, 175001, 85.89
HMAAGRO, EQ, 02-Sep-2026, 20.92, 20.90, 21.64, 20.71, 20.81, 20.89, 21.05, 4096974, 862.42, 6792, 2084256, 50.87
HMT, BZ, 02-Sep-2026, 64.27, 65.20, 67.48, 63.55, 67.48, 67.48, 66.31, 46803, 31.03, 398, -, -
HMVL, BE, 02-Sep-2026, 86.57, 86.10, 88.20, 86.00, 87.89, 87.33, 87.19, 8500, 7.41, 48, -, -
HNDFDS, EQ, 02-Sep-2026, 644.10, 644.10, 644.10, 612.70, 623.00, 622.80, 621.56, 239548, 1488.94, 11192, 149018, 62.21
HNGSNGBEES, EQ, 02-Sep-2026, 469.33, 479.00, 479.00, 464.56, 469.38, 468.63, 468.40, 60755, 284.57, 3781, 40221, 66.20
HOACFOODS, ST, 02-Sep-2026, 914.00, 914.00, 950.00, 914.00, 930.00, 923.70, 934.25, 4875, 45.54, 13, 4500, 92.31
HOLMARC, SM, 02-Sep-2026, 105.00, 100.25, 107.00, 100.00, 107.00, 107.00, 103.16, 5250, 5.42, 7, 2250, 42.86
HOMEFIRST, EQ, 02-Sep-2026, 1182.80, 1187.00, 1199.00, 1153.90, 1192.00, 1196.70, 1185.77, 125641, 1489.81, 25485, 69010, 54.93
HOMESFY, SM, 02-Sep-2026, 111.30, 111.30, 111.30, 111.30, 111.30, 111.30, 111.30, 300, 0.33, 1, 300, 100.00
HONASA, EQ, 02-Sep-2026, 473.50, 472.50, 481.50, 464.60, 471.40, 469.95, 472.83, 966603, 4570.35, 30353, 496561, 51.37
HONAUT, EQ, 02-Sep-2026, 35580.00, 35415.00, 35415.00, 34875.00, 35160.00, 35170.00, 35133.35, 2073, 728.31, 1389, 1070, 51.62
HONDAPOWER, EQ, 02-Sep-2026, 1993.40, 2001.20, 2021.80, 1956.20, 1965.50, 1976.10, 1983.74, 5423, 107.58, 915, 2678, 49.38
HORIZONIND, EQ, 02-Sep-2026, 55.37, 55.57, 57.25, 53.75, 56.69, 56.57, 55.41, 11684390, 6474.83, 49482, 5983174, 51.21
HPAL, EQ, 02-Sep-2026, 34.93, 34.93, 35.50, 34.40, 35.20, 35.01, 35.03, 45020, 15.77, 539, 31327, 69.58
HPIL, EQ, 02-Sep-2026, 121.17, 122.00, 124.75, 121.00, 122.00, 122.01, 121.70, 484, 0.59, 19, 402, 83.06
HPL, EQ, 02-Sep-2026, 299.80, 295.65, 301.85, 290.20, 296.85, 297.35, 297.30, 74715, 222.13, 3489, 35161, 47.06
HPTL, SM, 02-Sep-2026, 315.00, 330.75, 330.75, 312.00, 330.75, 330.75, 313.77, 91800, 288.04, 81, 87600, 95.42
HRHNEXT, SM, 02-Sep-2026, 23.50, 23.55, 24.65, 23.55, 24.65, 24.65, 24.38, 6000, 1.46, 4, 6000, 100.00
HRYNSHP, EQ, 02-Sep-2026, 100.05, 100.05, 102.78, 100.00, 102.00, 102.00, 100.97, 395, 0.40, 13, 345, 87.34
HSBCGOLD, EQ, 02-Sep-2026, 132.04, 131.99, 131.99, 128.00, 130.32, 130.24, 130.28, 72337, 94.24, 147, 34855, 48.18
HSCL, EQ, 02-Sep-2026, 680.85, 672.50, 683.80, 654.00, 657.00, 659.60, 669.90, 10982851, 73573.77, 89265, 1858136, 16.92
HTEL, BE, 02-Sep-2026, 78.75, 76.80, 81.40, 75.25, 78.00, 78.55, 78.56, 4060604, 3189.84, 20499, -, -
HTMEDIA, EQ, 02-Sep-2026, 26.88, 26.98, 26.98, 25.71, 25.71, 26.19, 26.31, 143113, 37.66, 467, 103027, 71.99
HUBTOWN, EQ, 02-Sep-2026, 180.33, 180.04, 183.71, 177.12, 181.30, 180.60, 179.52, 369887, 664.01, 4317, 183529, 49.62
HUDCO, EQ, 02-Sep-2026, 178.58, 177.80, 180.27, 175.13, 178.38, 178.35, 176.81, 1558842, 2756.15, 23402, 771810, 49.51
HUHTAMAKI, EQ, 02-Sep-2026, 258.95, 261.90, 271.90, 257.10, 260.90, 261.35, 261.57, 337585, 883.04, 6857, 140416, 41.59
HVAX, SM, 02-Sep-2026, 660.00, 660.00, 660.00, 660.00, 660.00, 660.00, 660.00, 150, 0.99, 1, 150, 100.00
HYBRIDETF, EQ, 02-Sep-2026, 10.05, 10.05, 10.05, 10.00, 10.03, 10.03, 10.01, 62333, 6.24, 60, 62333, 100.00
HYBRIDFIN, BE, 02-Sep-2026, 16.96, 16.96, 16.96, 16.20, 16.51, 16.60, 16.48, 7358, 1.21, 48, -, -
HYUNDAI, EQ, 02-Sep-2026, 2179.80, 2168.00, 2168.00, 2095.80, 2154.40, 2154.40, 2124.93, 1012608, 21517.18, 67601, 442445, 43.69
IBLFL, SM, 02-Sep-2026, 61.00, 58.00, 58.00, 58.00, 58.00, 58.00, 58.00, 20000, 11.60, 1, 20000, 100.00
IBULLSLTD, EQ, 02-Sep-2026, 25.44, 25.39, 26.50, 24.66, 26.00, 25.96, 25.65, 12745266, 3268.99, 20215, 6766808, 53.09
ICDSLTD, EQ, 02-Sep-2026, 49.22, 52.00, 59.06, 52.00, 59.06, 59.06, 57.59, 122072, 70.30, 762, 43637, 35.75
ICELCO, SM, 02-Sep-2026, 117.05, 116.55, 119.00, 114.00, 114.25, 114.90, 116.36, 88800, 103.33, 39, 76800, 86.49
ICEMAKE, EQ, 02-Sep-2026, 733.45, 729.00, 743.00, 727.55, 735.00, 739.70, 736.58, 7785, 57.34, 750, 4540, 58.32
ICICIAMC, EQ, 02-Sep-2026, 3038.10, 3030.00, 3039.90, 2946.00, 2980.00, 2973.30, 2974.81, 880414, 26190.69, 74038, 542878, 61.66
ICICIB22, EQ, 02-Sep-2026, 113.64, 112.80, 114.06, 112.64, 113.84, 113.81, 113.71, 166033, 188.79, 2791, 101264, 60.99
ICICIBANK, EQ, 02-Sep-2026, 1438.00, 1425.10, 1436.00, 1420.70, 1426.50, 1426.50, 1426.34, 8515824, 121464.50, 148174, 5724353, 67.22
ICICIGI, EQ, 02-Sep-2026, 1566.90, 1542.20, 1554.40, 1521.10, 1537.00, 1537.00, 1533.47, 605897, 9291.24, 34335, 337472, 55.70
ICICIPRULI, EQ, 02-Sep-2026, 495.45, 495.00, 501.85, 487.50, 499.50, 499.50, 496.67, 1099572, 5461.21, 33055, 578439, 52.61
ICIL, EQ, 02-Sep-2026, 433.45, 433.45, 450.00, 423.45, 446.10, 447.15, 439.33, 823554, 3618.14, 23946, 273097, 33.16
ICRA, EQ, 02-Sep-2026, 5011.90, 4959.90, 4999.80, 4881.00, 4901.00, 4891.30, 4921.25, 16104, 792.52, 2984, 11170, 69.36
IDBI, EQ, 02-Sep-2026, 92.06, 91.65, 93.25, 90.61, 91.70, 91.55, 91.97, 10822943, 9953.47, 38093, 4640837, 42.88
IDEA, EQ, 02-Sep-2026, 14.06, 14.12, 14.72, 13.93, 14.53, 14.53, 14.41, 527024719, 75967.63, 818860, 109915987, 20.86
IDEAFORGE, EQ, 02-Sep-2026, 783.60, 780.00, 792.20, 768.10, 769.20, 769.75, 776.61, 214711, 1667.46, 14764, 120756, 56.24
IDEALTECHO, SM, 02-Sep-2026, 175.00, 170.00, 170.00, 170.00, 170.00, 170.00, 170.00, 500, 0.85, 1, 500, 100.00
IDENTICAL, SM, 02-Sep-2026, 17.00, 16.65, 17.00, 16.55, 17.00, 17.00, 16.69, 8000, 1.34, 4, 6000, 75.00
IDFCFIRSTB, EQ, 02-Sep-2026, 84.90, 84.61, 85.25, 83.70, 85.09, 85.09, 84.79, 15107630, 12810.48, 57257, 8946129, 59.22
IDFNIFTYET, EQ, 02-Sep-2026, 265.41, 263.94, 269.90, 262.94, 269.75, 267.14, 265.31, 340, 0.90, 47, 275, 80.88
IEML, ST, 02-Sep-2026, 42.45, 40.70, 42.00, 40.35, 41.30, 41.30, 40.66, 28000, 11.38, 49, 27000, 96.43
IEX, EQ, 02-Sep-2026, 119.20, 118.99, 119.25, 117.70, 118.86, 118.86, 118.59, 3975640, 4714.87, 79328, 2306529, 58.02
IFBAGRO, EQ, 02-Sep-2026, 899.40, 893.00, 900.00, 889.55, 898.00, 897.65, 896.49, 2396, 21.48, 262, 1496, 62.44
IFBIND, EQ, 02-Sep-2026, 1301.40, 1296.40, 1311.70, 1271.40, 1293.00, 1296.00, 1295.93, 35123, 455.17, 6589, 15822, 45.05
IFCI, EQ, 02-Sep-2026, 87.26, 87.50, 99.49, 87.01, 97.72, 98.32, 95.87, 428062214, 410390.71, 844172, 46021160, 10.75
IFGLEXPOR, EQ, 02-Sep-2026, 207.91, 207.58, 211.50, 202.41, 210.97, 207.95, 207.08, 18135, 37.55, 705, 8725, 48.11
IGARASHI, EQ, 02-Sep-2026, 421.05, 421.05, 421.75, 412.10, 414.50, 415.00, 416.52, 32627, 135.90, 1819, 16473, 50.49
IGCL, EQ, 02-Sep-2026, 71.98, 72.24, 74.80, 71.15, 73.00, 73.27, 72.50, 75535, 54.76, 475, 37726, 49.95
IGIL, EQ, 02-Sep-2026, 339.75, 339.05, 339.05, 325.85, 326.50, 327.20, 329.31, 552217, 1818.53, 26342, 341535, 61.85
IGL, EQ, 02-Sep-2026, 149.85, 149.51, 149.76, 147.45, 147.93, 147.94, 148.42, 1206517, 1790.67, 20886, 703787, 58.33
IGPL, EQ, 02-Sep-2026, 548.35, 545.35, 549.20, 532.60, 547.80, 546.40, 541.71, 75076, 406.70, 3480, 36242, 48.27
IIFL, EQ, 02-Sep-2026, 639.15, 633.85, 652.00, 624.25, 635.80, 633.25, 639.13, 4480751, 28637.83, 66467, 2198961, 49.08
IIFLCAPS, EQ, 02-Sep-2026, 340.15, 339.45, 342.45, 337.05, 338.10, 338.30, 339.99, 375285, 1275.92, 9029, 173701, 46.29
IITL, EQ, 02-Sep-2026, 153.00, 154.12, 158.98, 148.12, 149.50, 150.05, 153.15, 96731, 148.14, 1039, 15045, 15.55
IKIO, EQ, 02-Sep-2026, 207.53, 204.50, 213.00, 203.00, 206.01, 206.14, 208.02, 375682, 781.50, 6972, 106838, 28.44
IKS, EQ, 02-Sep-2026, 1740.80, 1740.80, 1748.00, 1712.10, 1743.00, 1744.10, 1733.97, 78597, 1362.85, 8396, 44064, 56.06
IL&FSENGG, BZ, 02-Sep-2026, 35.00, 35.00, 35.49, 34.00, 35.49, 34.10, 34.24, 7834, 2.68, 27, -, -
IL&FSTRANS, BZ, 02-Sep-2026, 2.23, 2.29, 2.29, 2.16, 2.26, 2.19, 2.21, 28924, 0.64, 61, -, -
IMAGICAA, EQ, 02-Sep-2026, 55.00, 54.50, 54.99, 53.90, 54.95, 54.61, 54.37, 484536, 263.46, 2589, 239421, 49.41
IMFA, EQ, 02-Sep-2026, 1301.10, 1299.00, 1313.50, 1285.00, 1293.00, 1289.10, 1295.35, 76217, 987.28, 7413, 38749, 50.84
IMPAL, EQ, 02-Sep-2026, 1131.40, 1134.00, 1134.00, 1090.00, 1100.00, 1102.10, 1100.44, 1509, 16.61, 180, 1173, 77.73
IMPEXFERRO, BZ, 02-Sep-2026, 4.46, 4.54, 4.54, 4.54, 4.54, 4.54, 4.54, 9856, 0.45, 12, -, -
INA, EQ, 02-Sep-2026, 89.60, 90.98, 90.98, 88.00, 89.50, 89.37, 89.29, 328762, 293.55, 3837, 173680, 52.83
INCREDIBLE, EQ, 02-Sep-2026, 32.81, 32.48, 33.48, 31.00, 32.89, 32.08, 32.33, 5295, 1.71, 135, 4242, 80.11
INDBANK, EQ, 02-Sep-2026, 31.27, 31.50, 31.50, 30.95, 31.10, 31.10, 31.15, 14504, 4.52, 180, 10619, 73.21
INDGN, EQ, 02-Sep-2026, 605.40, 602.40, 613.75, 593.60, 597.00, 600.15, 601.14, 684806, 4116.63, 27098, 364343, 53.20
INDHOTEL, EQ, 02-Sep-2026, 718.00, 713.55, 727.70, 706.05, 727.70, 727.70, 720.44, 1623631, 11697.23, 42073, 885318, 54.53
INDIACEM, EQ, 02-Sep-2026, 359.85, 359.85, 360.15, 354.20, 358.70, 358.30, 356.85, 73072, 260.76, 4676, 30839, 42.20
INDIAGLYCO, BE, 02-Sep-2026, 1111.70, 225.00, 236.20, 217.00, 236.20, 236.20, 228.60, 115189, 263.32, 974, -, -
INDIAMART, EQ, 02-Sep-2026, 1764.40, 1760.00, 1760.00, 1733.30, 1736.10, 1740.80, 1740.90, 48141, 838.09, 5537, 27050, 56.19
INDIANB, EQ, 02-Sep-2026, 881.75, 875.00, 884.40, 866.00, 878.80, 878.80, 873.00, 898988, 7848.14, 29905, 379412, 42.20
INDIANCARD, EQ, 02-Sep-2026, 211.47, 206.00, 212.94, 206.00, 210.00, 209.92, 207.69, 313, 0.65, 23, 242, 77.32
INDIANHUME, EQ, 02-Sep-2026, 372.15, 370.10, 394.00, 368.50, 389.20, 388.70, 385.07, 91818, 353.56, 2576, 22022, 23.98
INDIASHLTR, EQ, 02-Sep-2026, 628.90, 630.05, 658.00, 620.15, 652.00, 651.20, 637.47, 94870, 604.77, 7118, 44284, 46.68
INDIGO, EQ, 02-Sep-2026, 5052.00, 4957.00, 5020.00, 4908.50, 5020.00, 5020.00, 4945.70, 1437991, 71118.71, 91643, 775344, 53.92
INDIGOPNTS, EQ, 02-Sep-2026, 1172.40, 1172.20, 1182.00, 1127.40, 1175.00, 1171.00, 1160.01, 106322, 1233.35, 12948, 59806, 56.25
INDIGRID, IV, 02-Sep-2026, 175.06, 175.90, 175.90, 174.85, 175.19, 175.22, 175.20, 980911, 1718.53, 14419, 859736, 87.65
INDIQUBE, EQ, 02-Sep-2026, 190.05, 190.53, 193.79, 186.91, 193.79, 193.17, 191.52, 38944, 74.59, 983, 21720, 55.77
INDNIPPON, EQ, 02-Sep-2026, 1072.10, 1076.20, 1079.70, 1055.10, 1060.00, 1064.30, 1064.85, 9746, 103.78, 1400, 5299, 54.37
INDOAMIN, BE, 02-Sep-2026, 120.47, 121.00, 122.79, 118.50, 122.60, 122.38, 121.27, 36353, 44.08, 287, -, -
INDOBORAX, EQ, 02-Sep-2026, 516.05, 508.00, 518.25, 502.15, 507.00, 506.15, 509.10, 129523, 659.40, 6264, 53728, 41.48
INDOCO, EQ, 02-Sep-2026, 243.84, 242.00, 287.80, 241.34, 273.11, 273.77, 275.38, 19225160, 52943.20, 253065, 663176, 3.45
INDOFARM, EQ, 02-Sep-2026, 134.83, 134.50, 136.00, 133.04, 135.49, 134.97, 134.42, 67157, 90.27, 1485, 30504, 45.42
INDOKEM, EQ, 02-Sep-2026, 607.45, 615.00, 619.00, 590.30, 594.00, 597.55, 605.89, 2412, 14.61, 179, 1840, 76.29
INDOMIM, EQ, 02-Sep-2026, 858.85, 856.00, 892.00, 839.05, 890.50, 888.00, 872.30, 2583002, 22531.50, 65987, 978887, 37.90
INDORAMA, EQ, 02-Sep-2026, 68.01, 69.99, 69.99, 65.50, 67.02, 66.77, 66.90, 435143, 291.10, 4943, 171471, 39.41
INDOSTAR, EQ, 02-Sep-2026, 252.08, 250.13, 263.90, 250.00, 260.00, 261.07, 259.26, 130359, 337.97, 2341, 82568, 63.34
INDOTECH, EQ, 02-Sep-2026, 3702.20, 3700.00, 3703.30, 3551.00, 3565.00, 3577.20, 3616.56, 20517, 742.01, 3407, 15328, 74.71
INDOTHAI, EQ, 02-Sep-2026, 41.69, 39.61, 43.00, 39.61, 39.61, 39.61, 39.73, 6527923, 2593.22, 3029, 4518885, 69.22
INDOUS, EQ, 02-Sep-2026, 79.09, 79.00, 81.30, 76.05, 78.15, 78.15, 77.99, 5087, 3.97, 134, 3280, 64.48
INDOWIND, EQ, 02-Sep-2026, 9.04, 9.00, 9.09, 8.81, 9.04, 8.98, 8.98, 79240, 7.12, 321, 67095, 84.67
INDPRUD, EQ, 02-Sep-2026, 6232.00, 6297.00, 6297.00, 6275.00, 6275.00, 6275.00, 6275.58, 38, 2.38, 23, 37, 97.37
INDRAMEDCO, EQ, 02-Sep-2026, 357.80, 356.80, 357.05, 349.55, 353.00, 352.35, 352.19, 295932, 1042.26, 7489, 157856, 53.34
INDSWFTLAB, EQ, 02-Sep-2026, 368.15, 364.10, 378.90, 363.10, 366.00, 366.85, 369.63, 473769, 1751.19, 10743, 175590, 37.06
INDTERRAIN, EQ, 02-Sep-2026, 30.82, 30.01, 30.50, 30.00, 30.20, 30.16, 30.15, 16292, 4.91, 93, 13162, 80.79
INDUSINDBK, EQ, 02-Sep-2026, 992.60, 985.00, 987.60, 963.30, 978.00, 978.00, 975.22, 2673391, 26071.55, 68147, 1599480, 59.83
INDUSINVIT, IV, 02-Sep-2026, 133.12, 133.80, 134.50, 133.03, 133.30, 133.43, 133.54, 85835, 114.63, 6209, 73359, 85.47
INDUSTOWER, EQ, 02-Sep-2026, 375.00, 375.00, 380.00, 371.95, 379.00, 379.00, 376.75, 2707843, 10201.72, 48600, 1417417, 52.34
INFINIUM, SM, 02-Sep-2026, 261.70, 255.00, 261.50, 255.00, 260.00, 259.95, 259.61, 4500, 11.68, 9, 4000, 88.89
INFLUX, SM, 02-Sep-2026, 292.55, 282.00, 292.95, 275.30, 283.60, 283.85, 281.95, 23400, 65.98, 39, 15600, 66.67
INFOBEAN, EQ, 02-Sep-2026, 157.52, 158.21, 159.18, 154.03, 157.79, 157.22, 156.94, 284603, 446.65, 4110, 138653, 48.72
INFOLLION, SM, 02-Sep-2026, 159.50, 159.00, 159.00, 156.05, 156.05, 156.25, 157.27, 2400, 3.77, 6, 2000, 83.33
INFOMEDIA, EQ, 02-Sep-2026, 5.27, 5.27, 5.27, 5.06, 5.25, 5.15, 5.18, 16755, 0.87, 50, 9633, 57.49
INFRA, EQ, 02-Sep-2026, 11.93, 11.90, 12.37, 11.69, 11.90, 11.90, 11.85, 35960, 4.26, 207, 29255, 81.35
INFRABEES, EQ, 02-Sep-2026, 950.40, 950.40, 954.99, 943.03, 952.95, 953.53, 950.17, 12570, 119.44, 539, 6882, 54.75
INFRAIETF, EQ, 02-Sep-2026, 94.49, 94.49, 94.84, 93.77, 94.30, 94.55, 94.43, 399829, 377.58, 3092, 321593, 80.43
INFY, EQ, 02-Sep-2026, 1156.00, 1137.70, 1147.80, 1118.60, 1140.00, 1140.00, 1134.99, 8564358, 97205.01, 192466, 4696289, 54.84
INGERRAND, EQ, 02-Sep-2026, 4794.00, 4761.50, 4955.00, 4738.80, 4889.90, 4883.50, 4882.09, 78135, 3814.62, 11427, 37834, 48.42
INNOMET, ST, 02-Sep-2026, 266.25, 271.55, 271.55, 271.55, 271.55, 271.55, 271.55, 15000, 40.73, 21, 15000, 100.00
INNOVACAP, EQ, 02-Sep-2026, 1068.10, 1068.10, 1140.00, 1058.10, 1122.00, 1108.60, 1111.77, 246228, 2737.49, 25011, 74183, 30.13
INNOVANA, EQ, 02-Sep-2026, 300.00, 301.00, 303.00, 291.05, 297.10, 298.05, 297.38, 1770, 5.26, 121, 1237, 69.89
INNOVISION, EQ, 02-Sep-2026, 263.30, 263.00, 263.30, 258.00, 259.50, 258.75, 259.48, 7422, 19.26, 470, 4570, 61.57
INOXGREEN, EQ, 02-Sep-2026, 160.29, 160.34, 166.70, 159.12, 165.44, 164.25, 163.93, 673411, 1103.94, 10851, 240722, 35.75
INOXINDIA, EQ, 02-Sep-2026, 2165.90, 2145.00, 2168.90, 2076.40, 2097.00, 2099.40, 2121.34, 226228, 4799.07, 24673, 110884, 49.01
INOXWIND, EQ, 02-Sep-2026, 69.50, 69.15, 71.31, 68.00, 70.59, 70.59, 69.93, 13562084, 9483.85, 46132, 5120847, 37.76
INSECTICID, EQ, 02-Sep-2026, 598.35, 598.00, 614.95, 591.10, 613.30, 612.60, 606.96, 18329, 111.25, 1527, 9438, 51.49
INSPIRISYS, EQ, 02-Sep-2026, 86.21, 86.25, 89.99, 86.00, 89.98, 89.70, 88.32, 3545, 3.13, 89, 2776, 78.31
INSUREIETF, EQ, 02-Sep-2026, 15.43, 15.43, 15.43, 15.00, 15.10, 15.10, 15.05, 2499345, 376.07, 371, 2452235, 98.12
INTEGRITY, ST, 02-Sep-2026, 175.00, 174.00, 174.00, 174.00, 174.00, 174.00, 174.00, 1200, 2.09, 1, 1200, 100.00
INTELLECT, EQ, 02-Sep-2026, 694.70, 696.00, 697.70, 677.00, 679.00, 679.25, 684.05, 342023, 2339.62, 20609, 192987, 56.43
INTENTECH, EQ, 02-Sep-2026, 81.20, 82.47, 82.80, 79.00, 80.00, 80.09, 80.27, 12426, 9.97, 281, 9271, 74.61
INTERARCH, EQ, 02-Sep-2026, 1722.60, 1720.00, 1737.90, 1680.10, 1687.80, 1687.50, 1706.77, 55317, 944.14, 6009, 26942, 48.70
INTERNET, EQ, 02-Sep-2026, 14.55, 14.55, 14.95, 14.34, 14.50, 14.65, 14.48, 492182, 71.25, 427, 278481, 56.58
INTLCONV, EQ, 02-Sep-2026, 79.51, 80.50, 80.50, 78.21, 79.90, 79.65, 79.63, 26946, 21.46, 1384, 14737, 54.69
INVENTURE, EQ, 02-Sep-2026, 0.92, 0.94, 0.94, 0.91, 0.93, 0.92, 0.92, 590515, 5.44, 303, 532171, 90.12
INVICTA, SM, 02-Sep-2026, 70.00, 69.95, 70.00, 68.55, 69.90, 69.90, 69.56, 11200, 7.79, 7, 8000, 71.43
INVPRECQ, BE, 02-Sep-2026, 1281.00, 1290.00, 1290.00, 1257.00, 1275.00, 1275.00, 1271.34, 2935, 37.31, 55, -, -
IOB, EQ, 02-Sep-2026, 32.27, 32.15, 32.84, 31.83, 32.77, 32.68, 32.36, 3854357, 1247.31, 18414, 1515315, 39.31
IOC, EQ, 02-Sep-2026, 136.53, 135.00, 137.00, 134.35, 137.00, 137.00, 135.90, 8229119, 11183.61, 58634, 4426992, 53.80
IOLCP, EQ, 02-Sep-2026, 190.48, 190.00, 194.10, 186.00, 188.50, 188.38, 189.14, 2248618, 4253.03, 24637, 902500, 40.14
IONEXCHANG, EQ, 02-Sep-2026, 367.60, 367.60, 385.50, 362.85, 383.00, 382.10, 376.16, 309897, 1165.70, 12569, 147907, 47.73
IPCALAB, EQ, 02-Sep-2026, 1987.60, 1979.00, 2001.50, 1948.90, 1955.80, 1956.50, 1960.67, 161648, 3169.38, 23019, 80555, 49.83
IPHL, SM, 02-Sep-2026, 76.40, 75.50, 75.50, 66.50, 71.00, 69.80, 71.07, 81600, 57.99, 53, 63600, 77.94
IPL, EQ, 02-Sep-2026, 138.24, 136.80, 137.61, 135.61, 136.30, 136.45, 136.46, 66187, 90.32, 1556, 26615, 40.21
IPRINGLTD, EQ, 02-Sep-2026, 176.70, 176.70, 182.20, 163.00, 164.20, 167.78, 169.85, 7719, 13.11, 329, 4116, 53.32
IRB, EQ, 02-Sep-2026, 19.35, 19.35, 19.59, 19.11, 19.20, 19.18, 19.28, 28951268, 5580.62, 41719, 13117503, 45.31
IRBINVIT, IV, 02-Sep-2026, 64.71, 64.93, 64.93, 64.00, 64.30, 64.30, 64.51, 324970, 209.65, 4369, 270195, 83.14
IRCON, EQ, 02-Sep-2026, 119.08, 118.50, 119.00, 116.46, 118.97, 118.25, 117.70, 1047669, 1233.15, 15201, 382791, 36.54
IRCTC, EQ, 02-Sep-2026, 481.35, 481.30, 481.35, 470.70, 473.05, 472.60, 473.60, 1151968, 5455.77, 45279, 653599, 56.74
IREDA, EQ, 02-Sep-2026, 114.20, 113.65, 113.68, 112.05, 112.55, 112.55, 112.60, 4711096, 5304.72, 31096, 1817527, 38.58
IRFC, EQ, 02-Sep-2026, 82.50, 82.50, 82.50, 81.30, 82.48, 82.48, 82.07, 7977861, 6547.78, 42786, 3611078, 45.26
IRIS, EQ, 02-Sep-2026, 250.04, 249.00, 249.00, 241.00, 244.10, 245.80, 244.76, 25963, 63.55, 1028, 18082, 69.65
IRISDOREME, EQ, 02-Sep-2026, 57.85, 57.84, 58.80, 57.16, 58.70, 58.39, 58.33, 676779, 394.79, 4345, 212769, 31.44
IRMENERGY, EQ, 02-Sep-2026, 280.40, 287.90, 287.90, 278.85, 284.50, 283.25, 283.02, 95221, 269.49, 3588, 43967, 46.17
ISFT, EQ, 02-Sep-2026, 93.21, 91.68, 93.88, 87.50, 87.50, 87.81, 89.56, 19820, 17.75, 654, 13234, 66.77
ISGEC, EQ, 02-Sep-2026, 778.25, 782.10, 785.75, 766.75, 780.80, 777.55, 777.02, 20339, 158.04, 3056, 11551, 56.79
ISHAN, SM, 02-Sep-2026, 0.50, 0.50, 0.50, 0.50, 0.50, 0.50, 0.50, 192000, 0.96, 4, 192000, 100.00
ISHANCH, EQ, 02-Sep-2026, 44.22, 44.23, 44.39, 41.81, 44.37, 43.77, 43.17, 23202, 10.02, 493, 13460, 58.01
ISTLTD, EQ, 02-Sep-2026, 646.15, 640.00, 649.90, 631.10, 636.10, 636.10, 636.49, 246, 1.57, 38, 230, 93.50
IT, EQ, 02-Sep-2026, 34.72, 35.58, 35.58, 34.10, 34.29, 34.36, 34.46, 274892, 94.73, 1086, 140815, 51.23
ITADD, EQ, 02-Sep-2026, 33.15, 33.82, 33.82, 32.63, 32.74, 32.90, 32.91, 22005, 7.24, 611, 12120, 55.08
ITALIANE, SM, 02-Sep-2026, 33.15, 32.00, 32.00, 32.00, 32.00, 32.00, 32.00, 2000, 0.64, 1, 2000, 100.00
ITAXIS, EQ, 02-Sep-2026, 343.43, 343.32, 344.35, 338.37, 343.66, 343.11, 342.06, 2185, 7.47, 56, 855, 39.13
ITBEES, EQ, 02-Sep-2026, 34.79, 34.19, 35.00, 34.12, 34.49, 34.39, 34.43, 6917685, 2381.87, 16593, 2520526, 36.44
ITBETA, EQ, 02-Sep-2026, 329.02, 326.00, 328.19, 325.32, 325.32, 325.32, 326.55, 448, 1.46, 18, 244, 54.46
ITC, EQ, 02-Sep-2026, 266.60, 266.00, 269.00, 262.80, 266.30, 266.30, 266.95, 14643482, 39091.07, 244645, 7971263, 54.44
ITCHOTELS, EQ, 02-Sep-2026, 161.58, 161.00, 161.00, 155.80, 158.72, 158.63, 158.00, 2352334, 3716.77, 37670, 1004819, 42.72
ITDC, EQ, 02-Sep-2026, 644.75, 645.00, 645.05, 630.00, 639.00, 637.15, 635.76, 67907, 431.73, 5908, 18411, 27.11
ITETF, EQ, 02-Sep-2026, 33.21, 32.92, 33.11, 32.53, 32.95, 32.85, 32.88, 238991, 78.59, 667, 109947, 46.00
ITI, EQ, 02-Sep-2026, 268.55, 266.00, 269.90, 264.15, 267.75, 267.70, 267.42, 133079, 355.88, 4327, 46336, 34.82
ITIETF, EQ, 02-Sep-2026, 34.80, 34.80, 34.80, 34.12, 34.60, 34.38, 34.44, 831659, 286.38, 1660, 496084, 59.65
ITL, EQ, 02-Sep-2026, 363.95, 373.00, 373.00, 358.05, 367.70, 363.20, 364.26, 852, 3.10, 67, 711, 83.45
ITTL, ST, 02-Sep-2026, 64.20, 64.20, 64.20, 64.20, 64.20, 64.20, 64.20, 105, 0.07, 1, 105, 100.00
IVALUE, EQ, 02-Sep-2026, 236.35, 234.36, 241.52, 230.41, 240.41, 238.38, 237.14, 176126, 417.66, 4348, 81890, 46.50
IVC, EQ, 02-Sep-2026, 9.32, 9.50, 9.90, 9.01, 9.37, 9.59, 9.46, 1346252, 127.29, 1530, 1052134, 78.15
IVP, BE, 02-Sep-2026, 205.84, 206.80, 211.00, 206.00, 209.75, 209.80, 208.32, 22584, 47.05, 239, -, -
IVZBANKNF, EQ, 02-Sep-2026, 57.30, 58.45, 58.45, 56.90, 57.00, 57.00, 57.03, 982, 0.56, 13, 929, 94.60
IVZINGOLD, EQ, 02-Sep-2026, 131.90, 131.40, 131.40, 128.70, 130.10, 129.65, 129.37, 17990, 23.27, 259, 14644, 81.40
IVZINNIFTY, EQ, 02-Sep-2026, 275.76, 275.76, 275.76, 273.60, 274.31, 274.31, 274.31, 114, 0.31, 28, 74, 64.91
IVZSENSEX, EQ, 02-Sep-2026, 76.35, 76.53, 76.71, 76.16, 76.62, 76.57, 76.48, 1849, 1.41, 23, 791, 42.78
IWARE, ST, 02-Sep-2026, 440.25, 442.00, 449.95, 431.20, 440.25, 440.25, 440.71, 5400, 23.80, 9, 5400, 100.00
IWP, EQ, 02-Sep-2026, 34.49, 34.49, 35.50, 34.49, 35.48, 34.96, 35.17, 2965, 1.04, 57, 2949, 99.46
IXIGO, EQ, 02-Sep-2026, 158.57, 158.00, 159.75, 155.76, 157.70, 156.42, 156.90, 2142604, 3361.66, 21231, 1592518, 74.33
IZMO, EQ, 02-Sep-2026, 916.30, 940.00, 989.00, 885.10, 932.00, 938.80, 933.11, 963349, 8989.12, 59837, 210647, 21.87
J&KBANK, EQ, 02-Sep-2026, 147.38, 146.50, 147.88, 144.00, 144.50, 144.44, 145.22, 1856552, 2696.07, 30719, 992667, 53.47
JAGRAN, EQ, 02-Sep-2026, 61.17, 61.41, 61.44, 60.80, 60.90, 61.03, 61.09, 189910, 116.01, 31065, 140116, 73.78
JAGSNPHARM, EQ, 02-Sep-2026, 239.63, 239.49, 239.55, 235.50, 237.34, 237.03, 236.89, 58876, 139.47, 1878, 35822, 60.84
JAIBALAJI, EQ, 02-Sep-2026, 70.44, 69.61, 72.26, 69.04, 70.80, 70.60, 70.64, 563457, 398.02, 5054, 315959, 56.08
JAICORPLTD, EQ, 02-Sep-2026, 98.35, 98.00, 98.52, 96.41, 98.25, 98.01, 97.43, 230222, 224.29, 3247, 91366, 39.69
JAINAM, SM, 02-Sep-2026, 226.00, 224.90, 224.90, 224.90, 224.90, 224.90, 224.90, 1000, 2.25, 1, 1000, 100.00
JAINIK, SM, 02-Sep-2026, 200.05, 201.00, 208.00, 201.00, 208.00, 208.00, 204.50, 2400, 4.91, 2, 2400, 100.00
JAINREC, EQ, 02-Sep-2026, 280.70, 278.00, 284.45, 272.55, 284.05, 282.15, 277.64, 1437062, 3989.85, 25166, 478971, 33.33
JAIPURKURT, EQ, 02-Sep-2026, 26.25, 26.00, 26.42, 26.00, 26.30, 26.30, 26.10, 4856, 1.27, 32, 4592, 94.56
JALAN, ST, 02-Sep-2026, 1.85, 1.85, 1.85, 1.85, 1.85, 1.85, 1.85, 6000, 0.11, 2, 6000, 100.00
JAMNAAUTO, EQ, 02-Sep-2026, 120.85, 119.86, 121.00, 118.89, 120.94, 120.29, 119.80, 910304, 1090.52, 10528, 459898, 50.52
JARO, EQ, 02-Sep-2026, 453.05, 453.90, 459.80, 449.05, 454.00, 455.25, 455.78, 84913, 387.02, 2267, 11294, 13.30
JASH, EQ, 02-Sep-2026, 457.70, 456.85, 472.00, 456.85, 471.80, 470.35, 465.56, 75576, 351.85, 4870, 42672, 56.46
JAYAGROGN, EQ, 02-Sep-2026, 229.42, 227.18, 233.95, 222.32, 231.97, 229.57, 228.41, 18896, 43.16, 551, 9905, 52.42
JAYBARMARU, EQ, 02-Sep-2026, 124.80, 125.73, 125.73, 122.00, 123.00, 122.44, 122.83, 108296, 133.02, 1388, 55989, 51.70
JAYBEE, SM, 02-Sep-2026, 86.05, 86.05, 87.80, 86.05, 86.15, 86.30, 86.67, 10000, 8.67, 17, 8500, 85.00
JAYESH, SM, 02-Sep-2026, 138.00, 132.50, 132.85, 132.40, 132.80, 132.65, 132.64, 4000, 5.31, 4, 4000, 100.00
JAYKAY, EQ, 02-Sep-2026, 161.97, 158.00, 171.00, 155.81, 169.00, 169.40, 167.24, 937003, 1567.06, 16405, 288464, 30.79
JAYNECOIND, EQ, 02-Sep-2026, 96.88, 97.30, 99.00, 95.66, 97.94, 98.19, 97.45, 2257984, 2200.51, 14910, 990070, 43.85
JAYSREETEA, EQ, 02-Sep-2026, 98.12, 98.41, 101.00, 97.02, 99.49, 99.79, 98.81, 67011, 66.21, 1141, 38091, 56.84
JBMA, EQ, 02-Sep-2026, 621.85, 620.00, 631.55, 611.50, 619.00, 621.50, 620.42, 208269, 1292.15, 10882, 68680, 32.98
JENBURPH, EQ, 02-Sep-2026, 1048.00, 1056.50, 1057.00, 1032.10, 1044.00, 1043.90, 1045.45, 574, 6.00, 39, 484, 84.32
JETFREIGHT, EQ, 02-Sep-2026, 21.59, 21.40, 22.23, 21.06, 21.06, 21.17, 21.42, 188582, 40.39, 1757, 69722, 36.97
JEYYAM, ST, 02-Sep-2026, 22.65, 22.60, 23.40, 22.10, 22.30, 22.30, 22.31, 44000, 9.82, 14, 42000, 95.45
JFLLIFE, SM, 02-Sep-2026, 10.55, 10.50, 10.50, 10.15, 10.15, 10.15, 10.24, 42000, 4.30, 5, 36000, 85.71
JGCHEM, EQ, 02-Sep-2026, 626.30, 628.85, 637.90, 597.30, 600.50, 600.85, 610.37, 364638, 2225.64, 17717, 147209, 40.37
JHS, EQ, 02-Sep-2026, 7.91, 8.29, 8.29, 7.77, 7.81, 7.81, 7.87, 52593, 4.14, 203, 48190, 91.63
JINDALPHOT, EQ, 02-Sep-2026, 1012.00, 1032.30, 1032.30, 1004.20, 1028.70, 1027.60, 1024.65, 1024, 10.49, 187, 600, 58.59
JINDALPOLY, EQ, 02-Sep-2026, 694.45, 714.95, 714.95, 671.00, 683.70, 686.25, 687.15, 98538, 677.11, 5514, 30712, 31.17
JINDALSAW, EQ, 02-Sep-2026, 309.75, 309.75, 313.35, 304.20, 310.00, 309.15, 309.60, 2082953, 6448.77, 29876, 1048948, 50.36
JINDALSTEL, EQ, 02-Sep-2026, 1160.00, 1149.00, 1165.30, 1141.00, 1159.40, 1159.40, 1155.84, 706262, 8163.25, 26974, 384114, 54.39
JINDRILL, EQ, 02-Sep-2026, 615.65, 624.00, 646.55, 616.00, 644.00, 642.10, 633.17, 610029, 3862.52, 20487, 131853, 21.61
JINDWORLD, EQ, 02-Sep-2026, 42.08, 42.00, 42.05, 38.40, 40.01, 40.19, 41.03, 15067052, 6182.14, 30985, 1960855, 13.01
JIOFIN, EQ, 02-Sep-2026, 235.85, 234.00, 237.40, 232.30, 236.90, 236.90, 235.44, 15926208, 37496.40, 88253, 8251338, 51.81
JISLDVREQS, EQ, 02-Sep-2026, 20.97, 21.00, 21.69, 20.11, 20.75, 20.97, 20.98, 113094, 23.72, 339, 9062, 8.01
JISLJALEQS, EQ, 02-Sep-2026, 28.07, 27.99, 28.58, 27.54, 28.32, 28.24, 28.09, 1413119, 396.91, 4495, 577312, 40.85
JITFINFRA, EQ, 02-Sep-2026, 310.25, 309.90, 312.60, 303.10, 305.90, 304.25, 306.01, 15433, 47.23, 441, 11245, 72.86
JIWANRAM, SM, 02-Sep-2026, 4.50, 4.45, 4.45, 4.35, 4.35, 4.35, 4.39, 36000, 1.58, 6, 24000, 66.67
JKCEMENT, EQ, 02-Sep-2026, 5078.50, 5078.50, 5080.00, 4951.00, 4970.00, 4979.50, 4986.01, 63500, 3166.11, 11497, 43035, 67.77
JKIL, EQ, 02-Sep-2026, 486.45, 484.00, 491.90, 480.50, 483.20, 483.50, 486.91, 56942, 277.25, 2811, 39398, 69.19
JKIPL, EQ, 02-Sep-2026, 108.40, 104.00, 108.96, 103.82, 107.15, 107.56, 107.67, 28408, 30.59, 305, 24128, 84.93
JKLAKSHMI, EQ, 02-Sep-2026, 524.10, 525.05, 528.75, 512.30, 514.50, 514.30, 514.84, 141071, 726.29, 10678, 75574, 53.57
JKPAPER, EQ, 02-Sep-2026, 401.05, 408.05, 412.00, 387.00, 393.40, 395.20, 395.38, 776388, 3069.65, 18038, 369604, 47.61
JKTYRE, EQ, 02-Sep-2026, 373.95, 368.00, 371.50, 363.50, 371.50, 370.15, 368.38, 367987, 1355.57, 12185, 128942, 35.04
JLHL, EQ, 02-Sep-2026, 293.15, 293.00, 293.35, 282.35, 288.90, 287.65, 287.45, 210142, 604.05, 8797, 76522, 36.41
JMA, EQ, 02-Sep-2026, 91.27, 91.25, 92.59, 87.30, 90.05, 90.56, 91.08, 7357, 6.70, 156, 5578, 75.82
JMFINANCIL, EQ, 02-Sep-2026, 128.25, 127.85, 130.00, 125.61, 129.50, 129.39, 128.47, 1534370, 1971.21, 20465, 650742, 42.41
JNKINDIA, EQ, 02-Sep-2026, 430.75, 430.75, 430.75, 415.60, 421.40, 420.90, 422.20, 59074, 249.41, 2490, 34274, 58.02
JNPR, EQ, 02-Sep-2026, 262.35, 260.90, 261.65, 255.60, 260.00, 260.25, 258.99, 329482, 853.31, 8488, 101977, 30.95
JOCIL, BE, 02-Sep-2026, 148.74, 148.20, 150.80, 147.60, 150.80, 150.79, 148.90, 2702, 4.02, 20, -, -
JPOLYINVST, EQ, 02-Sep-2026, 1011.80, 1010.00, 1019.00, 980.10, 995.10, 1011.90, 999.19, 8189, 81.82, 995, 4176, 51.00
JPPOWER, EQ, 02-Sep-2026, 16.56, 16.55, 16.55, 16.28, 16.39, 16.37, 16.38, 21807243, 3572.80, 21165, 8597432, 39.42
JSFB, EQ, 02-Sep-2026, 529.80, 529.00, 529.70, 519.00, 523.65, 523.40, 524.15, 250706, 1314.07, 8170, 104184, 41.56
JSL, EQ, 02-Sep-2026, 734.00, 730.00, 741.50, 715.90, 735.00, 734.90, 728.88, 485040, 3535.38, 34437, 201868, 41.62
JSLL, EQ, 02-Sep-2026, 503.45, 503.45, 517.95, 495.85, 510.00, 513.65, 509.61, 394505, 2010.43, 15605, 163697, 41.49
JSWCEMENT, EQ, 02-Sep-2026, 124.75, 124.70, 124.70, 123.17, 123.38, 123.60, 123.70, 822154, 1016.99, 21636, 461918, 56.18
JSWDULUX, EQ, 02-Sep-2026, 3143.40, 3143.40, 3180.00, 3085.60, 3165.00, 3163.30, 3133.78, 29237, 916.22, 5529, 17023, 58.22
JSWENERGY, EQ, 02-Sep-2026, 518.00, 515.00, 540.75, 511.40, 539.80, 539.80, 534.08, 3635853, 19418.30, 66075, 897117, 24.67
JSWHL, EQ, 02-Sep-2026, 11716.00, 11716.00, 11717.00, 11405.00, 11414.00, 11441.00, 11493.32, 1387, 159.41, 789, 636, 45.85
JSWINFRA, EQ, 02-Sep-2026, 334.80, 335.00, 336.75, 330.65, 332.45, 332.10, 333.15, 1661891, 5536.53, 23245, 980583, 59.00
JSWSTEEL, EQ, 02-Sep-2026, 1313.50, 1308.10, 1309.80, 1299.40, 1306.00, 1306.00, 1302.98, 1562597, 20360.25, 37710, 1069400, 68.44
JTEKTINDIA, EQ, 02-Sep-2026, 125.72, 124.85, 124.86, 117.00, 121.78, 121.38, 120.22, 765359, 920.12, 9495, 224117, 29.28
JTLIND, EQ, 02-Sep-2026, 87.97, 88.05, 94.00, 87.26, 92.00, 92.40, 91.86, 10046013, 9228.39, 57130, 3181295, 31.67
JUBLCPL, EQ, 02-Sep-2026, 2222.00, 2220.00, 2252.00, 2185.70, 2196.00, 2217.90, 2218.02, 12367, 274.30, 1717, 4796, 38.78
JUBLFOOD, EQ, 02-Sep-2026, 484.40, 482.00, 486.50, 476.95, 486.50, 486.50, 481.05, 976244, 4696.17, 20125, 454553, 46.56
JUBLINGREA, EQ, 02-Sep-2026, 693.25, 689.85, 691.80, 680.70, 686.90, 683.60, 685.55, 93217, 639.05, 8840, 54209, 58.15
JUBLPHARMA, EQ, 02-Sep-2026, 907.60, 907.60, 911.70, 893.60, 901.60, 900.30, 900.93, 63912, 575.80, 9156, 31731, 49.65
JUNIORBEES, EQ, 02-Sep-2026, 788.17, 807.87, 807.87, 778.00, 788.89, 788.40, 783.29, 563104, 4410.75, 13230, 408273, 72.50
JUNIPER, EQ, 02-Sep-2026, 214.14, 213.00, 220.20, 211.60, 218.00, 218.50, 215.69, 383474, 827.10, 6949, 283034, 73.81
JUSTDIAL, EQ, 02-Sep-2026, 705.65, 704.00, 704.00, 691.50, 692.95, 697.85, 697.23, 172227, 1200.82, 5851, 61511, 35.72
JWL, EQ, 02-Sep-2026, 242.36, 242.00, 242.00, 237.40, 240.00, 239.37, 239.09, 498860, 1192.73, 15871, 171312, 34.34
JYOTHYLAB, EQ, 02-Sep-2026, 204.81, 206.50, 209.00, 195.98, 202.50, 202.09, 202.21, 8133068, 16446.03, 50489, 4189993, 51.52
JYOTICNC, EQ, 02-Sep-2026, 989.10, 989.10, 990.00, 948.05, 961.00, 955.65, 965.25, 757084, 7307.77, 31520, 354919, 46.88
JYOTIRES, EQ, 02-Sep-2026, 870.95, 871.05, 880.40, 836.05, 880.00, 857.60, 852.25, 10196, 86.90, 1076, 5893, 57.80
JYOTISTRUC, EQ, 02-Sep-2026, 9.84, 9.83, 9.87, 9.67, 9.87, 9.79, 9.77, 5733894, 560.01, 3772, 3651216, 63.68
K2INFRA, ST, 02-Sep-2026, 49.80, 49.80, 50.00, 48.25, 50.00, 50.00, 48.99, 14400, 7.05, 21, 12600, 87.50
KABRAEXTRU, EQ, 02-Sep-2026, 579.40, 567.35, 580.00, 552.35, 561.00, 559.95, 564.80, 315900, 1784.21, 10961, 177089, 56.06
KAJARIACER, EQ, 02-Sep-2026, 1229.00, 1205.30, 1269.90, 1205.30, 1265.00, 1261.10, 1253.32, 725742, 9095.88, 44646, 303011, 41.75
KAKATCEM, EQ, 02-Sep-2026, 112.30, 112.55, 114.70, 106.70, 111.75, 110.50, 110.73, 6804, 7.53, 170, 4744, 69.72
KALAMANDIR, EQ, 02-Sep-2026, 85.62, 85.50, 86.00, 84.10, 86.00, 85.65, 85.14, 338173, 287.94, 2878, 206987, 61.21
KALANA, SM, 02-Sep-2026, 21.30, 20.30, 20.30, 20.25, 20.25, 20.25, 20.26, 10000, 2.03, 5, 6000, 60.00
KALPATARU, EQ, 02-Sep-2026, 278.10, 278.70, 279.00, 272.00, 273.50, 274.90, 274.32, 18702, 51.30, 681, 6925, 37.03
KALYANIFRG, EQ, 02-Sep-2026, 1083.90, 1079.05, 1192.25, 975.55, 1176.60, 1113.65, 1051.44, 82533, 867.78, 6887, 28287, 34.27
KALYANKJIL, EQ, 02-Sep-2026, 573.00, 568.60, 595.45, 556.50, 590.00, 590.00, 579.07, 21212135, 122833.34, 161486, 6679199, 31.49
KAMAHOLD, EQ, 02-Sep-2026, 2352.70, 2350.10, 2359.80, 2340.00, 2341.00, 2344.90, 2349.84, 6405, 150.51, 591, 5522, 86.21
KAMANWALA, EQ, 02-Sep-2026, 16.66, 16.50, 16.55, 15.99, 16.00, 16.00, 16.38, 25901, 4.24, 20, 25761, 99.46
KAMATHOTEL, EQ, 02-Sep-2026, 233.89, 233.90, 238.40, 227.67, 230.00, 232.74, 233.75, 128608, 300.63, 2936, 49006, 38.10
KAMDHENU, BE, 02-Sep-2026, 36.16, 35.30, 37.62, 35.00, 37.59, 37.45, 36.82, 1034547, 380.90, 1730, -, -
KAMOPAINTS, EQ, 02-Sep-2026, 4.48, 4.42, 4.55, 4.38, 4.46, 4.46, 4.46, 147223, 6.56, 477, 98747, 67.07
KANANIIND, EQ, 02-Sep-2026, 1.56, 1.56, 1.60, 1.53, 1.54, 1.53, 1.57, 123510, 1.93, 267, 97311, 78.79
KANCHI, EQ, 02-Sep-2026, 411.50, 405.10, 417.00, 400.00, 410.95, 410.95, 407.29, 3543, 14.43, 149, 2590, 73.10
KANCOTEA, EQ, 02-Sep-2026, 55.55, 55.35, 56.65, 53.99, 55.01, 54.67, 54.55, 46, 0.03, 10, 34, 73.91
KANDARP, SM, 02-Sep-2026, 91.00, 85.05, 97.95, 85.05, 97.95, 97.95, 90.63, 3000, 2.72, 3, 2000, 66.67
KANORICHEM, BE, 02-Sep-2026, 156.18, 158.85, 159.45, 150.05, 156.40, 154.75, 155.24, 49706, 77.16, 299, -, -
KANPRPLA, EQ, 02-Sep-2026, 262.20, 263.25, 273.95, 252.00, 257.55, 253.35, 258.76, 19999, 51.75, 893, 10438, 52.19
KANSAINER, EQ, 02-Sep-2026, 194.75, 193.75, 195.50, 191.05, 195.00, 194.82, 193.60, 279290, 540.71, 9642, 140395, 50.27
KAPSTON, EQ, 02-Sep-2026, 572.30, 570.00, 579.00, 552.30, 570.00, 573.75, 569.31, 47094, 268.11, 2379, 21890, 46.48
KARMAENG, EQ, 02-Sep-2026, 37.28, 37.70, 37.95, 36.61, 37.00, 37.00, 37.43, 2444, 0.91, 52, 2093, 85.64
KARNIKA, SM, 02-Sep-2026, 116.85, 115.00, 118.00, 114.60, 114.60, 114.60, 116.15, 15000, 17.42, 12, 12000, 80.00
KARURVYSYA, EQ, 02-Sep-2026, 347.60, 345.60, 349.85, 345.00, 347.50, 346.60, 347.05, 1317009, 4570.62, 30025, 705960, 53.60
KATARIA, SM, 02-Sep-2026, 105.05, 106.00, 109.90, 106.00, 109.90, 108.35, 108.06, 7800, 8.43, 12, 7200, 92.31
KAUSHALYA, BE, 02-Sep-2026, 876.90, 855.00, 876.80, 852.30, 875.50, 872.75, 862.20, 376, 3.24, 17, -, -
KAVDEFENCE, EQ, 02-Sep-2026, 56.05, 55.75, 56.78, 55.00, 55.17, 55.31, 55.33, 61691, 34.13, 1003, 37108, 60.15
KAYA, BE, 02-Sep-2026, 327.15, 326.00, 339.95, 324.40, 338.00, 335.20, 332.01, 8079, 26.82, 338, -, -
KAYNES, EQ, 02-Sep-2026, 3600.50, 3580.00, 3623.10, 3517.10, 3583.00, 3583.00, 3569.91, 834972, 29807.76, 54492, 164720, 19.73
KAYTEX, SM, 02-Sep-2026, 56.00, 56.00, 56.00, 56.00, 56.00, 56.00, 56.00, 800, 0.45, 1, 800, 100.00
KCEIL, SM, 02-Sep-2026, 80.00, 80.00, 82.70, 80.00, 80.00, 80.55, 81.40, 11000, 8.95, 17, 10000, 90.91
KCK, ST, 02-Sep-2026, 14.80, 15.00, 15.20, 14.30, 14.80, 14.80, 15.00, 95000, 14.25, 13, 95000, 100.00
KCP, EQ, 02-Sep-2026, 167.89, 167.89, 169.66, 164.81, 166.00, 165.81, 166.71, 84149, 140.28, 1706, 48972, 58.20
KCPSUGIND, BE, 02-Sep-2026, 32.25, 32.25, 33.00, 31.52, 31.95, 32.00, 32.02, 75406, 24.15, 307, -, -
KDDL, EQ, 02-Sep-2026, 3877.40, 3877.40, 3927.80, 3838.80, 3872.00, 3852.90, 3866.36, 17464, 675.22, 3638, 9167, 52.49
KDL, SM, 02-Sep-2026, 90.85, 89.50, 92.00, 88.00, 89.70, 89.00, 89.90, 19500, 17.53, 63, 14400, 73.85
KEC, EQ, 02-Sep-2026, 417.00, 415.00, 416.00, 406.50, 407.80, 407.80, 409.32, 701636, 2871.94, 22575, 348031, 49.60
KECL, EQ, 02-Sep-2026, 126.34, 125.95, 130.00, 124.10, 126.32, 127.24, 127.40, 95939, 122.23, 2145, 48906, 50.98
KEEPLEARN, EQ, 02-Sep-2026, 1.86, 1.98, 1.98, 1.82, 1.94, 1.90, 1.90, 12851, 0.24, 93, 9270, 72.13
KEI, EQ, 02-Sep-2026, 5348.00, 5335.00, 5335.00, 5132.00, 5170.00, 5170.00, 5196.04, 666412, 34627.04, 75187, 376350, 56.47
KELLTONTEC, EQ, 02-Sep-2026, 13.98, 13.96, 14.18, 13.72, 14.00, 14.01, 14.01, 2245431, 314.50, 4183, 724021, 32.24
KEN, SM, 02-Sep-2026, 39.25, 38.00, 42.50, 37.70, 42.50, 42.15, 40.18, 13200, 5.30, 11, 10800, 81.82
KENNAMET, EQ, 02-Sep-2026, 4558.20, 4635.00, 4734.90, 4536.30, 4637.00, 4643.10, 4670.57, 35878, 1675.71, 5517, 17712, 49.37
KERNEX, EQ, 02-Sep-2026, 1634.30, 1625.00, 1748.00, 1625.00, 1739.00, 1736.40, 1698.62, 280085, 4757.59, 21837, 89579, 31.98
KESORAMIND, BE, 02-Sep-2026, 11.10, 11.10, 11.32, 11.10, 11.27, 11.27, 11.28, 229868, 25.93, 224, -, -
KEYFINSERV, EQ, 02-Sep-2026, 251.70, 251.70, 256.50, 251.70, 252.60, 255.25, 254.18, 391, 0.99, 21, 309, 79.03
KFINTECH, EQ, 02-Sep-2026, 937.50, 937.00, 937.00, 911.85, 929.00, 929.00, 924.45, 1181875, 10925.82, 39925, 471293, 39.88
KHADIM, BE, 02-Sep-2026, 118.47, 117.20, 117.20, 116.11, 116.11, 116.11, 116.17, 47389, 55.05, 63, -, -
KHAICHEM, EQ, 02-Sep-2026, 55.02, 55.29, 55.29, 53.25, 53.94, 54.00, 54.32, 120726, 65.57, 1135, 78503, 65.03
KHAITANLTD, EQ, 02-Sep-2026, 149.45, 150.00, 166.00, 143.75, 165.00, 160.80, 156.07, 19103, 29.81, 817, 15159, 79.35
KHANDSE, EQ, 02-Sep-2026, 17.97, 17.89, 17.89, 17.00, 17.80, 17.56, 17.30, 674, 0.12, 36, 629, 93.32
KHFM, SM, 02-Sep-2026, 44.90, 42.55, 44.25, 42.10, 44.25, 44.25, 42.79, 7750, 3.32, 5, 6200, 80.00
KICL, EQ, 02-Sep-2026, 5177.00, 5177.00, 5249.00, 5130.50, 5249.00, 5215.00, 5177.22, 840, 43.49, 141, 434, 51.67
KILITCH, BE, 02-Sep-2026, 170.55, 170.60, 172.40, 166.15, 170.26, 171.37, 170.67, 25939, 44.27, 253, -, -
KIMS, EQ, 02-Sep-2026, 758.40, 752.50, 767.00, 748.30, 750.10, 753.65, 753.68, 670696, 5054.92, 30844, 451715, 67.35
KINGFA, EQ, 02-Sep-2026, 6030.00, 6050.50, 6050.50, 5875.00, 5930.50, 5932.00, 5952.07, 5721, 340.52, 2464, 2964, 51.81
KIOCL, EQ, 02-Sep-2026, 383.95, 382.55, 384.70, 377.95, 382.00, 380.55, 380.38, 75452, 287.01, 2591, 40718, 53.97
KIRANVYPAR, EQ, 02-Sep-2026, 198.99, 201.00, 202.90, 197.05, 200.00, 200.00, 201.49, 778, 1.57, 21, 648, 83.29
KIRIINDUS, EQ, 02-Sep-2026, 515.95, 510.05, 531.00, 509.00, 522.85, 523.65, 520.98, 977381, 5092.00, 23476, 282733, 28.93
KIRLFER, EQ, 02-Sep-2026, 449.80, 451.50, 463.30, 444.35, 459.00, 460.00, 457.47, 126379, 578.15, 6567, 79216, 62.68
KIRLOSBROS, EQ, 02-Sep-2026, 1886.30, 1864.60, 1884.00, 1842.70, 1852.50, 1847.70, 1858.59, 35102, 652.40, 5847, 14751, 42.02
KIRLOSENG, EQ, 02-Sep-2026, 2138.30, 2142.90, 2180.00, 2091.80, 2172.00, 2160.90, 2147.02, 498719, 10707.60, 46312, 289870, 58.12
KIRLOSIND, EQ, 02-Sep-2026, 3740.40, 3724.70, 3737.90, 3685.00, 3692.40, 3699.00, 3705.61, 1735, 64.29, 517, 1102, 63.52
KIRLPNU, EQ, 02-Sep-2026, 740.40, 740.00, 749.80, 725.70, 749.45, 745.45, 741.35, 220039, 1631.26, 13554, 120303, 54.67
KISSHT, EQ, 02-Sep-2026, 295.80, 295.00, 303.00, 284.65, 300.00, 300.90, 292.46, 1891855, 5532.92, 37038, 967178, 51.12
KITEX, EQ, 02-Sep-2026, 126.00, 125.25, 125.50, 122.75, 125.50, 124.77, 124.56, 196813, 245.15, 2805, 86156, 43.78
KJMCFIN, EQ, 02-Sep-2026, 64.10, 64.10, 67.00, 64.10, 64.32, 64.37, 64.71, 615, 0.40, 10, 569, 92.52
KKCL, EQ, 02-Sep-2026, 510.20, 507.05, 507.15, 497.00, 498.70, 499.65, 501.30, 9917, 49.71, 1734, 5552, 55.98
KKJEWELS, SM, 02-Sep-2026, 98.00, 97.25, 97.25, 97.00, 97.00, 97.10, 97.13, 2000, 1.94, 2, 2000, 100.00
KLBRENG-B, EQ, 02-Sep-2026, 424.25, 424.00, 448.40, 410.00, 442.10, 443.25, 437.49, 450114, 1969.21, 12579, 225428, 50.08
KLL, SM, 02-Sep-2026, 22.95, 22.95, 25.00, 22.95, 24.85, 24.75, 24.20, 32000, 7.74, 28, 28000, 87.50
KMCSHIL, EQ, 02-Sep-2026, 133.32, 133.83, 134.90, 131.45, 134.00, 133.19, 132.60, 62555, 82.95, 1395, 35771, 57.18
KMEW, EQ, 02-Sep-2026, 2936.00, 2920.00, 2960.00, 2903.60, 2955.00, 2951.60, 2929.84, 35123, 1029.05, 6221, 14601, 41.57
KMSUGAR, EQ, 02-Sep-2026, 31.39, 31.30, 32.12, 31.00, 31.20, 31.26, 31.53, 239654, 75.56, 1849, 114357, 47.72
KNACK, EQ, 02-Sep-2026, 190.21, 190.00, 190.21, 186.50, 186.92, 187.43, 187.69, 1092839, 2051.11, 7232, 603667, 55.24
KNAGRI, EQ, 02-Sep-2026, 214.99, 215.00, 215.00, 207.62, 209.10, 209.46, 210.44, 7223, 15.20, 282, 3500, 48.46
KNRCON, EQ, 02-Sep-2026, 117.68, 117.65, 118.64, 115.02, 116.75, 117.07, 116.83, 1522950, 1779.28, 38620, 723550, 47.51
KODYTECH, ST, 02-Sep-2026, 1502.00, 1502.00, 1550.00, 1495.00, 1544.00, 1542.65, 1526.60, 19200, 293.11, 97, 18700, 97.40
KOHINOOR, EQ, 02-Sep-2026, 33.04, 33.04, 34.00, 33.00, 33.10, 33.41, 33.59, 105947, 35.59, 2089, 33556, 31.67
KOKUYOCMLN, EQ, 02-Sep-2026, 78.54, 79.00, 79.70, 77.55, 77.64, 77.84, 78.28, 20142, 15.77, 568, 10639, 52.82
KOLTEPATIL, EQ, 02-Sep-2026, 436.20, 436.20, 442.10, 425.80, 441.90, 440.80, 433.63, 77009, 333.93, 3172, 39604, 51.43
KONSTELEC, ST, 02-Sep-2026, 65.20, 63.00, 64.00, 62.35, 62.35, 62.35, 63.31, 6000, 3.80, 6, 6000, 100.00
KOPRAN, EQ, 02-Sep-2026, 217.58, 215.25, 220.40, 214.04, 219.00, 218.81, 217.19, 212685, 461.93, 3783, 91136, 42.85
KORE, SM, 02-Sep-2026, 111.80, 113.00, 122.95, 106.05, 106.05, 114.05, 115.43, 60500, 69.84, 140, 51750, 85.54
KOTAKBANK, EQ, 02-Sep-2026, 425.00, 421.90, 425.75, 418.95, 423.50, 423.50, 422.09, 10022695, 42304.40, 120517, 6711278, 66.96
KOTARISUG, BE, 02-Sep-2026, 31.34, 31.23, 31.23, 29.82, 30.05, 30.11, 30.26, 103522, 31.33, 423, -, -
KOTHARIPET, EQ, 02-Sep-2026, 130.90, 130.90, 132.89, 128.00, 129.42, 129.17, 129.71, 44226, 57.36, 1203, 26096, 59.01
KOTHARIPRO, EQ, 02-Sep-2026, 66.97, 67.80, 68.67, 66.00, 68.29, 68.19, 67.85, 3873, 2.63, 75, 3121, 80.58
KOTIC, EQ, 02-Sep-2026, 140.78, 140.78, 141.20, 136.10, 136.10, 136.47, 138.53, 14128, 19.57, 349, 9363, 66.27
KOTYARK, BE, 02-Sep-2026, 31.84, 31.82, 31.82, 30.50, 30.55, 30.63, 30.79, 180309, 55.51, 572, -, -
KOVAI, EQ, 02-Sep-2026, 6036.00, 6035.00, 6035.00, 5930.50, 6025.00, 6017.50, 5990.69, 2393, 143.36, 747, 1566, 65.44
KPEL, EQ, 02-Sep-2026, 241.75, 241.75, 245.00, 239.10, 243.39, 241.14, 241.15, 208427, 502.63, 4719, 105549, 50.64
KPIGREEN, EQ, 02-Sep-2026, 307.80, 307.00, 307.00, 301.50, 305.95, 304.60, 303.72, 907949, 2757.63, 12768, 583284, 64.24
KPIL, EQ, 02-Sep-2026, 1408.40, 1408.40, 1418.70, 1391.00, 1414.00, 1410.50, 1406.77, 78306, 1101.58, 10027, 36932, 47.16
KPITTECH, EQ, 02-Sep-2026, 590.00, 588.00, 589.90, 579.10, 588.00, 588.00, 585.88, 715333, 4190.97, 21016, 199613, 27.90
KPL, EQ, 02-Sep-2026, 3390.50, 3388.90, 3425.00, 3324.10, 3397.00, 3390.10, 3375.95, 25588, 863.84, 4115, 13641, 53.31
KPRMILL, EQ, 02-Sep-2026, 1158.50, 1154.00, 1182.90, 1133.30, 1166.50, 1167.40, 1164.54, 308659, 3594.44, 26251, 130324, 42.22
KRBL, EQ, 02-Sep-2026, 424.10, 422.00, 429.15, 418.60, 424.20, 424.40, 423.79, 442674, 1876.00, 11693, 147930, 33.42
KREBSBIO, EQ, 02-Sep-2026, 54.49, 55.50, 56.85, 54.72, 54.91, 54.91, 55.92, 5283, 2.95, 45, 3827, 72.44
KRIDHANINF, BE, 02-Sep-2026, 2.04, 2.00, 2.09, 1.95, 2.07, 2.06, 2.04, 24110, 0.49, 42, -, -
KRISHANA, EQ, 02-Sep-2026, 192.23, 192.60, 193.00, 186.91, 188.58, 188.06, 189.70, 272212, 516.38, 6260, 133335, 48.98
KRISHCA, SM, 02-Sep-2026, 158.15, 160.50, 165.00, 159.60, 165.00, 164.70, 161.91, 17000, 27.52, 27, 15500, 91.18
KRISHIVAL, EQ, 02-Sep-2026, 411.35, 412.30, 412.65, 409.00, 410.25, 410.35, 411.51, 6752, 27.78, 213, 5782, 85.63
KRISHNADEF, EQ, 02-Sep-2026, 1001.70, 992.00, 1023.00, 987.10, 1014.10, 1007.40, 1007.61, 58316, 587.60, 5444, 27294, 46.80
KRITI, EQ, 02-Sep-2026, 60.56, 61.45, 61.49, 58.10, 60.11, 60.90, 60.03, 12298, 7.38, 159, 11029, 89.68
KRITIKA, EQ, 02-Sep-2026, 5.35, 5.35, 5.44, 5.31, 5.40, 5.39, 5.38, 81083, 4.36, 281, 67129, 82.79
KRITINUT, EQ, 02-Sep-2026, 86.65, 87.51, 88.10, 84.06, 84.22, 84.30, 84.87, 13595, 11.54, 243, 10092, 74.23
KRMAYURVED, SM, 02-Sep-2026, 296.95, 300.00, 300.00, 285.05, 291.65, 291.15, 291.12, 69000, 200.88, 49, 36000, 52.17
KRN, EQ, 02-Sep-2026, 1527.40, 1535.00, 1544.80, 1495.30, 1534.40, 1534.80, 1522.01, 161090, 2451.80, 14996, 81117, 50.36
KRONOX, BE, 02-Sep-2026, 181.19, 181.30, 190.24, 175.00, 189.98, 189.68, 187.86, 216651, 407.00, 1323, -, -
KROSS, EQ, 02-Sep-2026, 209.03, 209.00, 209.83, 204.39, 208.15, 207.52, 207.11, 166705, 345.26, 3480, 88392, 53.02
KRSNAA, EQ, 02-Sep-2026, 559.95, 558.00, 559.70, 551.00, 553.00, 553.10, 555.06, 32269, 179.11, 2717, 18638, 57.76
KRT, RR, 02-Sep-2026, 109.58, 109.05, 110.24, 109.01, 110.00, 110.03, 109.70, 5161351, 5662.25, 28110, 4769061, 92.40
KRYSTAL, EQ, 02-Sep-2026, 647.35, 646.55, 683.45, 632.10, 668.75, 667.00, 665.53, 108555, 722.47, 3045, 23264, 21.43
KSB, EQ, 02-Sep-2026, 828.20, 827.45, 827.45, 800.75, 806.80, 805.80, 807.74, 200288, 1617.81, 14114, 101510, 50.68
KSCL, EQ, 02-Sep-2026, 761.60, 763.00, 763.00, 735.95, 740.00, 738.75, 745.27, 112238, 836.47, 5561, 62435, 55.63
KSE, EQ, 02-Sep-2026, 177.86, 179.96, 179.96, 175.00, 177.54, 177.04, 176.48, 18978, 33.49, 421, 13685, 72.11
KSHINTL, EQ, 02-Sep-2026, 953.00, 951.85, 956.50, 931.25, 952.80, 945.70, 941.50, 123540, 1163.13, 9736, 66520, 53.84
KSHITIJ-RE, BE, 02-Sep-2026, 0.05, 0.06, 0.06, 0.06, 0.06, 0.06, 0.06, 6816757, 4.09, 741, -, -
KSHITIJPOL, EQ, 02-Sep-2026, 2.86, 2.85, 3.00, 2.85, 3.00, 3.00, 2.96, 1179895, 34.88, 707, 1097352, 93.00
KSL, EQ, 02-Sep-2026, 900.00, 906.00, 919.00, 891.40, 906.30, 904.30, 905.82, 110343, 999.51, 6382, 55110, 49.94
KSOLVES, EQ, 02-Sep-2026, 281.30, 281.30, 283.95, 271.55, 272.80, 273.20, 273.32, 23800, 65.05, 1394, 15464, 64.97
KSR, EQ, 02-Sep-2026, 28.65, 28.65, 29.85, 28.65, 29.50, 29.49, 29.09, 9678, 2.82, 80, 9093, 93.96
KTKBANK, EQ, 02-Sep-2026, 330.90, 326.95, 333.00, 321.55, 329.40, 330.35, 327.68, 2245525, 7358.07, 31879, 1008265, 44.90
KUANTUM, EQ, 02-Sep-2026, 71.62, 71.81, 72.25, 70.35, 70.70, 71.23, 71.15, 59962, 42.66, 1088, 30917, 51.56
KUSUMGAR, EQ, 02-Sep-2026, 565.10, 562.10, 576.95, 553.20, 573.00, 571.15, 564.63, 388168, 2191.70, 9293, 197519, 50.88
KWIL, EQ, 02-Sep-2026, 44.35, 43.01, 44.69, 42.75, 43.48, 43.38, 43.48, 19189455, 8343.70, 33857, 8045022, 41.92
LADDERUP, EQ, 02-Sep-2026, 49.60, 48.20, 52.85, 48.20, 52.85, 50.06, 48.56, 102, 0.05, 7, 90, 88.24
LAGNAM, EQ, 02-Sep-2026, 75.93, 76.90, 76.90, 72.60, 75.00, 74.92, 74.41, 5214, 3.88, 154, 2633, 50.50
LAHOTIOV, EQ, 02-Sep-2026, 41.99, 42.19, 43.00, 40.76, 41.99, 41.98, 41.64, 6724, 2.80, 40, 5181, 77.05
LAKPRE, BZ, 02-Sep-2026, 4.90, 4.90, 5.00, 4.66, 4.93, 4.92, 4.87, 1475, 0.07, 21, -, -
LAKSHMIMIL, EQ, 02-Sep-2026, 8000.00, 7950.00, 8086.00, 7700.00, 7837.00, 7927.00, 7926.25, 222, 17.60, 46, 208, 93.69
LAKSHYA, SM, 02-Sep-2026, 85.00, 84.90, 87.00, 82.00, 83.55, 83.55, 84.60, 12000, 10.15, 13, 10400, 86.67
LAL, EQ, 02-Sep-2026, 8.97, 9.28, 9.28, 8.46, 8.87, 8.88, 8.92, 30403, 2.71, 278, 18304, 60.20
LALITHAA, EQ, 02-Sep-2026, 267.60, 269.00, 272.80, 262.55, 263.80, 264.35, 266.32, 8411510, 22401.94, 60212, 2930275, 34.84
LALPATHLAB, EQ, 02-Sep-2026, 1904.40, 1904.40, 1933.60, 1893.10, 1914.00, 1916.10, 1913.62, 178401, 3413.91, 23416, 106593, 59.75
LAMBODHARA, EQ, 02-Sep-2026, 141.38, 141.04, 141.04, 131.63, 133.50, 133.45, 134.00, 15039, 20.15, 630, 7151, 47.55
LAMOSAIC, ST, 02-Sep-2026, 59.75, 57.10, 61.00, 57.05, 60.90, 60.90, 60.88, 92400, 56.25, 49, 90000, 97.40
LANCER, EQ, 02-Sep-2026, 12.61, 13.00, 13.00, 12.50, 12.99, 12.91, 12.80, 506482, 64.82, 1169, 398503, 78.68
LANCORHOL, EQ, 02-Sep-2026, 33.46, 33.50, 33.50, 32.22, 33.00, 33.15, 32.78, 144455, 47.36, 1583, 82826, 57.34
LANDMARK, EQ, 02-Sep-2026, 505.95, 507.00, 507.60, 490.65, 493.00, 494.90, 497.41, 91762, 456.43, 4397, 41203, 44.90
LANDSMILL, EQ, 02-Sep-2026, 0.68, 0.68, 0.69, 0.67, 0.68, 0.68, 0.68, 2203565, 15.02, 780, 1149501, 52.17
LAOPALA, EQ, 02-Sep-2026, 173.30, 173.00, 173.00, 169.26, 172.00, 171.87, 171.03, 79552, 136.06, 1848, 43505, 54.69
LARGEMID50, EQ, 02-Sep-2026, 36.52, 36.27, 36.35, 36.16, 36.34, 36.34, 36.23, 1300, 0.47, 16, 1230, 94.62
LASA, EQ, 02-Sep-2026, 6.76, 6.96, 6.96, 6.66, 6.79, 6.78, 6.78, 20793, 1.41, 105, 19325, 92.94
LASERPOWER, EQ, 02-Sep-2026, 311.35, 308.00, 311.00, 302.15, 302.65, 303.55, 306.09, 394417, 1207.29, 8875, 172846, 43.82
LATENTVIEW, EQ, 02-Sep-2026, 272.55, 270.00, 272.55, 268.45, 271.75, 271.00, 271.01, 335930, 910.39, 7835, 154963, 46.13
LATTEYS, EQ, 02-Sep-2026, 20.80, 20.56, 21.69, 20.56, 21.22, 21.26, 21.05, 46863, 9.87, 271, 36561, 78.02
LAURUSLABS, EQ, 02-Sep-2026, 1861.60, 1853.20, 1864.40, 1811.70, 1864.00, 1864.00, 1834.00, 2265630, 41551.62, 59216, 1203488, 53.12
LAXMICOT, EQ, 02-Sep-2026, 12.76, 12.50, 13.02, 11.36, 12.74, 12.72, 12.17, 49268, 6.00, 221, 26373, 53.53
LAXMIDENTL, EQ, 02-Sep-2026, 192.95, 195.80, 196.00, 191.74, 194.00, 194.58, 193.91, 43016, 83.41, 1586, 22879, 53.19
LAXMIINDIA, EQ, 02-Sep-2026, 127.04, 127.30, 128.46, 124.65, 126.01, 125.93, 126.12, 137828, 173.83, 1253, 98361, 71.37
LCCINFOTEC, EQ, 02-Sep-2026, 3.60, 3.64, 3.94, 3.45, 3.64, 3.64, 3.64, 44030, 1.60, 131, 40432, 91.83
LCL, EQ, 02-Sep-2026, 543.80, 539.00, 553.95, 535.80, 541.00, 540.85, 543.35, 144632, 785.86, 10302, 65067, 44.99
LEAPIND, EQ, 02-Sep-2026, 159.47, 159.00, 162.00, 156.51, 157.00, 157.68, 158.86, 4097242, 6509.03, 33934, 1730783, 42.24
LEENEE, EQ, 02-Sep-2026, 9.51, 9.34, 9.87, 8.62, 8.78, 8.89, 9.18, 52757, 4.84, 191, 36128, 68.48
LEMERITE, EQ, 02-Sep-2026, 21.00, 21.34, 21.34, 19.95, 20.16, 20.38, 20.31, 147751, 30.01, 361, 68040, 46.05
LEMONTREE, EQ, 02-Sep-2026, 106.15, 105.75, 106.66, 104.71, 106.25, 106.18, 105.82, 2312163, 2446.78, 23821, 1224989, 52.98
LENSKART, EQ, 02-Sep-2026, 663.75, 665.90, 678.40, 663.05, 669.25, 668.90, 670.14, 8766705, 58749.58, 198897, 4815007, 54.92
LEXUS, EQ, 02-Sep-2026, 13.38, 13.50, 14.51, 13.02, 13.85, 13.96, 13.87, 51576, 7.15, 270, 27773, 53.85
LFIC, EQ, 02-Sep-2026, 133.01, 134.00, 135.99, 131.40, 135.98, 135.91, 134.34, 480, 0.64, 25, 414, 86.25
LGBBROSLTD, EQ, 02-Sep-2026, 1702.90, 1680.90, 1710.00, 1672.30, 1700.00, 1699.90, 1693.34, 22848, 386.89, 3881, 13685, 59.90
LGEINDIA, EQ, 02-Sep-2026, 1665.60, 1664.10, 1667.30, 1644.10, 1651.00, 1653.20, 1653.64, 200141, 3309.60, 21869, 100139, 50.03
LGHL, EQ, 02-Sep-2026, 179.64, 180.95, 181.96, 171.64, 180.00, 175.77, 178.89, 9420, 16.85, 526, 1982, 21.04
LIBAS, EQ, 02-Sep-2026, 10.63, 10.45, 10.64, 10.25, 10.41, 10.49, 10.53, 5823, 0.61, 100, 4669, 80.18
LIBERTSHOE, EQ, 02-Sep-2026, 239.45, 239.44, 239.44, 233.60, 235.47, 234.79, 235.46, 13033, 30.69, 905, 7156, 54.91
LICHSGFIN, EQ, 02-Sep-2026, 534.90, 530.00, 542.15, 525.25, 541.25, 541.25, 536.22, 2788144, 14950.64, 25476, 1669229, 59.87
LICI, EQ, 02-Sep-2026, 412.15, 411.95, 412.50, 406.80, 408.25, 408.25, 409.51, 2710302, 11099.08, 27340, 1248801, 46.08
LICMFGOLD, EQ, 02-Sep-2026, 137.10, 136.40, 136.40, 133.10, 135.35, 135.25, 135.26, 80058, 108.29, 1033, 39363, 49.17
LICNETFGSC, EQ, 02-Sep-2026, 29.35, 29.56, 29.56, 29.21, 29.54, 29.33, 29.31, 45660, 13.38, 101, 22888, 50.13
LICNETFN50, EQ, 02-Sep-2026, 269.95, 268.65, 268.86, 266.90, 267.60, 267.60, 267.71, 283, 0.76, 20, 230, 81.27
LICNETFSEN, EQ, 02-Sep-2026, 872.00, 866.65, 867.56, 861.41, 861.96, 861.96, 864.00, 143, 1.24, 8, 85, 59.44
LICNFNHGP, EQ, 02-Sep-2026, 274.35, 274.60, 275.92, 273.42, 275.75, 274.97, 274.29, 106, 0.29, 18, 79, 74.53
LICNMID100, EQ, 02-Sep-2026, 63.81, 64.12, 64.12, 63.10, 63.19, 63.19, 63.42, 6896, 4.37, 107, 6395, 92.73
LIKHITHA, EQ, 02-Sep-2026, 204.23, 204.23, 205.99, 200.00, 205.04, 202.76, 203.56, 25415, 51.74, 473, 14558, 57.28
LINC, EQ, 02-Sep-2026, 94.35, 94.38, 96.30, 94.09, 96.00, 95.86, 94.78, 5707, 5.41, 179, 4373, 76.63
LINCOLN, EQ, 02-Sep-2026, 609.65, 611.30, 629.45, 605.40, 619.80, 618.35, 620.30, 56377, 349.71, 2985, 27981, 49.63
LINDEINDIA, EQ, 02-Sep-2026, 6373.00, 6363.00, 6446.00, 6310.00, 6346.00, 6352.50, 6376.97, 16567, 1056.47, 7237, 8203, 49.51
LIQGRWBEES, EQ, 02-Sep-2026, 1053.90, 1054.97, 1056.73, 1051.35, 1054.03, 1054.02, 1054.02, 104639, 1102.92, 226, 97795, 93.46
LIQUID, EQ, 02-Sep-2026, 999.99, 999.50, 1000.00, 999.50, 1000.00, 999.99, 999.99, 97407, 974.06, 217, 43861, 45.03
LIQUID1, EQ, 02-Sep-2026, 1120.75, 1120.75, 1120.91, 1120.75, 1120.89, 1120.90, 1120.90, 713046, 7992.54, 1125, 460072, 64.52
LIQUIDADD, EQ, 02-Sep-2026, 1142.86, 1143.00, 1143.02, 1142.98, 1143.00, 1142.98, 1142.99, 538769, 6158.06, 413, 424976, 78.88
LIQUIDBEES, EQ, 02-Sep-2026, 1000.00, 1000.00, 1000.01, 999.99, 1000.01, 1000.00, 1000.00, 2397673, 23976.73, 4547, 1632854, 68.10
LIQUIDBETA, EQ, 02-Sep-2026, 1006.46, 1006.57, 1006.59, 1006.57, 1006.57, 1006.57, 1006.57, 37, 0.37, 4, 36, 97.30
LIQUIDBETF, EQ, 02-Sep-2026, 1097.02, 1097.14, 1097.16, 1097.14, 1097.15, 1097.15, 1097.15, 262810, 2883.42, 136, 195911, 74.54
LIQUIDCASE, EQ, 02-Sep-2026, 115.73, 115.75, 115.75, 115.73, 115.74, 115.74, 115.74, 16635993, 19254.95, 14052, 13171426, 79.17
LIQUIDETF, EQ, 02-Sep-2026, 999.99, 1000.00, 1000.01, 999.99, 1000.00, 999.99, 1000.00, 94750, 947.50, 250, 53949, 56.94
LIQUIDIETF, EQ, 02-Sep-2026, 999.99, 1000.00, 1000.01, 999.99, 999.99, 999.99, 1000.00, 245121, 2451.20, 156, 234799, 95.79
LIQUIDPLUS, EQ, 02-Sep-2026, 1101.37, 1101.51, 1101.51, 1101.49, 1101.51, 1101.50, 1101.49, 385522, 4246.50, 360, 320140, 83.04
LIQUIDSBI, EQ, 02-Sep-2026, 1000.00, 999.99, 1000.01, 999.99, 1000.01, 1000.00, 1000.01, 5380, 53.80, 25, 5192, 96.51
LIQUIDSHRI, EQ, 02-Sep-2026, 1119.72, 1119.85, 1119.85, 1119.83, 1119.83, 1119.83, 1119.83, 3282, 36.75, 15, 2780, 84.70
LKPSEC, EQ, 02-Sep-2026, 15.18, 15.18, 15.58, 14.01, 14.85, 15.19, 14.62, 19888, 2.91, 229, 13581, 68.29
LLOYDSENGG, EQ, 02-Sep-2026, 84.27, 83.97, 84.80, 81.76, 83.10, 82.77, 83.19, 7857744, 6537.22, 29150, 3257714, 41.46
LLOYDSENT, EQ, 02-Sep-2026, 71.34, 71.00, 71.33, 69.51, 71.00, 70.96, 70.67, 2422934, 1712.18, 8871, 1122677, 46.34
LLOYDSME, EQ, 02-Sep-2026, 1790.00, 1785.20, 1819.00, 1770.00, 1816.80, 1813.00, 1798.36, 369752, 6649.48, 23813, 201045, 54.37
LMW, EQ, 02-Sep-2026, 19011.00, 18905.00, 19168.00, 18700.00, 18780.00, 18783.00, 18902.27, 3472, 656.29, 1477, 1514, 43.61
LODHA, EQ, 02-Sep-2026, 1193.90, 1179.70, 1208.30, 1166.40, 1208.30, 1208.30, 1184.14, 1532916, 18151.86, 48538, 834961, 54.47
LOKESHMACH, EQ, 02-Sep-2026, 346.25, 345.00, 345.05, 334.00, 344.30, 339.90, 339.46, 25446, 86.38, 753, 14229, 55.92
LORDSCHLO, EQ, 02-Sep-2026, 136.46, 134.50, 138.98, 134.19, 138.90, 138.28, 137.35, 2603, 3.58, 144, 1836, 70.53
LOTUSCHO, EQ, 02-Sep-2026, 621.85, 659.00, 659.00, 620.00, 643.00, 640.05, 632.13, 2761, 17.45, 203, 1913, 69.29
LOTUSDEV, BE, 02-Sep-2026, 179.18, 180.29, 182.89, 173.80, 176.48, 175.95, 177.94, 851992, 1516.04, 1176, -, -
LOTUSEYE, EQ, 02-Sep-2026, 108.77, 109.20, 109.20, 105.00, 108.80, 107.98, 106.77, 12570, 13.42, 216, 11647, 92.66
LOVABLE, EQ, 02-Sep-2026, 72.78, 72.80, 73.90, 70.21, 71.22, 70.84, 71.20, 13799, 9.83, 455, 8651, 62.69
LOWVOL, EQ, 02-Sep-2026, 207.13, 211.27, 211.27, 205.05, 206.20, 206.20, 205.88, 221, 0.45, 14, 126, 57.01
LOWVOL1, EQ, 02-Sep-2026, 21.14, 21.66, 21.66, 20.97, 21.17, 21.13, 21.08, 68147, 14.36, 124, 64608, 94.81
LOWVOLIETF, EQ, 02-Sep-2026, 22.13, 22.38, 22.38, 21.98, 21.98, 22.04, 22.07, 751477, 165.85, 1561, 410893, 54.68
LOYALTEX, EQ, 02-Sep-2026, 205.27, 218.40, 218.40, 206.14, 209.00, 209.00, 214.27, 80, 0.17, 9, 40, 50.00
LPDC, EQ, 02-Sep-2026, 6.67, 6.80, 7.43, 6.57, 6.75, 6.68, 6.79, 25525, 1.73, 164, 17525, 68.66
LRRPL, SM, 02-Sep-2026, 87.00, 86.00, 87.00, 86.00, 86.00, 86.35, 86.33, 9000, 7.77, 4, 9000, 100.00
LT, EQ, 02-Sep-2026, 3980.10, 3966.00, 4002.30, 3956.70, 3981.00, 3981.00, 3982.27, 1307081, 52051.48, 96121, 823690, 63.02
LTF, EQ, 02-Sep-2026, 309.05, 308.75, 313.35, 302.70, 312.80, 312.80, 306.83, 6165981, 18919.34, 88668, 2701828, 43.82
LTFOODS, EQ, 02-Sep-2026, 437.00, 434.80, 444.00, 429.55, 443.00, 442.45, 437.06, 718335, 3139.57, 22592, 285727, 39.78
LTGILTBEES, EQ, 02-Sep-2026, 29.84, 29.87, 29.88, 29.76, 29.81, 29.82, 29.79, 10199022, 3038.27, 895, 10006389, 98.11
LTGILTCASE, EQ, 02-Sep-2026, 30.41, 31.02, 31.02, 29.80, 30.36, 30.36, 30.37, 113673, 34.52, 266, 106915, 94.05
LTM, EQ, 02-Sep-2026, 4625.00, 4587.20, 4611.00, 4489.00, 4588.00, 4588.00, 4572.52, 218038, 9969.83, 26275, 86981, 39.89
LTTS, EQ, 02-Sep-2026, 3587.80, 3589.00, 3589.00, 3490.30, 3519.90, 3505.00, 3517.46, 41078, 1444.90, 8420, 16261, 39.59
LUMAXIND, EQ, 02-Sep-2026, 6422.50, 6504.50, 6609.50, 6176.00, 6400.00, 6347.00, 6320.79, 38591, 2439.26, 10421, 11109, 28.79
LUMAXTECH, EQ, 02-Sep-2026, 2060.00, 2053.90, 2066.40, 1976.90, 1986.70, 1986.50, 2003.24, 117029, 2344.37, 15571, 53865, 46.03
LUPIN, EQ, 02-Sep-2026, 2153.00, 2152.10, 2155.20, 2135.00, 2155.20, 2155.20, 2144.19, 714232, 15314.51, 44563, 435864, 61.03
LUXIND, EQ, 02-Sep-2026, 1192.80, 1192.80, 1192.80, 1160.80, 1165.90, 1164.90, 1170.36, 16563, 193.85, 1815, 9529, 57.53
LXCHEM, EQ, 02-Sep-2026, 164.90, 164.25, 170.99, 162.00, 170.00, 169.55, 166.40, 639001, 1063.28, 9143, 274133, 42.90
LYKALABS, BE, 02-Sep-2026, 73.86, 73.00, 75.33, 73.00, 75.33, 75.33, 74.16, 15303, 11.35, 47, -, -
M&M, EQ, 02-Sep-2026, 3259.00, 3223.50, 3229.60, 3142.50, 3190.00, 3190.00, 3177.92, 2883166, 91624.70, 162418, 1752881, 60.80
M&MFIN, EQ, 02-Sep-2026, 364.40, 364.50, 370.60, 360.30, 370.30, 368.85, 364.89, 1218704, 4446.98, 46017, 748542, 61.42
MAANALU, EQ, 02-Sep-2026, 119.42, 119.78, 120.39, 117.01, 117.50, 118.15, 118.10, 33362, 39.40, 813, 20599, 61.74
MACOBSTECH, SM, 02-Sep-2026, 199.95, 201.90, 201.90, 201.90, 201.90, 201.90, 201.90, 800, 1.62, 1, 800, 100.00
MACPOWER, EQ, 02-Sep-2026, 1911.30, 1900.00, 1908.60, 1834.10, 1899.00, 1883.60, 1871.20, 30923, 578.63, 5137, 15502, 50.13
MADHAV, EQ, 02-Sep-2026, 35.42, 35.95, 35.95, 34.55, 35.26, 35.25, 35.84, 349, 0.13, 22, 316, 90.54
MADHAVIPL, EQ, 02-Sep-2026, 8.04, 8.22, 8.22, 7.66, 7.98, 7.97, 7.94, 80860, 6.42, 277, 66733, 82.53
MADHUCON, BE, 02-Sep-2026, 4.84, 4.84, 5.08, 4.79, 5.05, 5.01, 5.01, 10089, 0.51, 36, -, -
MADHURKNIT, ST, 02-Sep-2026, 95.00, 90.25, 90.25, 90.25, 90.25, 90.25, 90.25, 2400, 2.17, 2, 2400, 100.00
MADHUSUDAN, ST, 02-Sep-2026, 225.05, 225.00, 233.00, 225.00, 231.00, 231.00, 229.10, 22000, 50.40, 21, 20000, 90.91
MADRASFERT, EQ, 02-Sep-2026, 64.70, 65.39, 65.39, 63.84, 64.45, 64.26, 64.30, 51060, 32.83, 1011, 30817, 60.35
MAFANG, EQ, 02-Sep-2026, 211.05, 210.38, 210.38, 208.38, 210.08, 209.39, 209.93, 392513, 824.02, 9712, 330600, 84.23
MAFATIND, EQ, 02-Sep-2026, 121.77, 122.00, 124.00, 119.12, 121.08, 122.57, 121.30, 27261, 33.07, 766, 17239, 63.24
MAGADSUGAR, EQ, 02-Sep-2026, 568.05, 567.95, 581.40, 555.10, 559.70, 559.15, 566.40, 75176, 425.80, 4202, 31060, 41.32
MAGNUM, EQ, 02-Sep-2026, 18.95, 18.66, 19.44, 18.55, 19.00, 19.18, 19.06, 32977, 6.28, 105, 30115, 91.32
MAHABANK, EQ, 02-Sep-2026, 82.70, 82.20, 84.30, 81.31, 82.40, 82.40, 82.58, 17803645, 14702.03, 58900, 7178780, 40.32
MAHAPEXLTD, EQ, 02-Sep-2026, 56.17, 56.07, 56.29, 54.80, 54.80, 54.94, 55.32, 3134, 1.73, 87, 2675, 85.35
MAHASTEEL, BE, 02-Sep-2026, 1394.10, 1390.60, 1419.00, 1324.40, 1324.40, 1324.40, 1345.54, 3557, 47.86, 237, -, -
MAHEPC, EQ, 02-Sep-2026, 102.30, 104.33, 104.33, 101.24, 102.50, 101.95, 102.37, 8705, 8.91, 405, 4281, 49.18
MAHESHWARI, BE, 02-Sep-2026, 70.78, 70.76, 73.74, 70.66, 72.48, 71.88, 72.09, 10168, 7.33, 52, -, -
MAHICKRA, SM, 02-Sep-2026, 286.40, 275.00, 295.00, 275.00, 292.00, 291.50, 278.62, 24750, 68.96, 15, 17250, 69.70
MAHKTECH, EQ, 02-Sep-2026, 22.52, 22.06, 22.65, 22.06, 22.50, 22.50, 22.58, 443101, 100.06, 4370, 409598, 92.44
MAHLIFE, EQ, 02-Sep-2026, 356.95, 357.00, 361.00, 352.05, 357.90, 359.00, 355.49, 73364, 260.80, 3176, 36465, 49.70
MAHLOG, EQ, 02-Sep-2026, 387.20, 384.20, 394.30, 380.25, 393.90, 392.45, 388.91, 105720, 411.16, 7565, 49328, 46.66
MAHSCOOTER, EQ, 02-Sep-2026, 13695.00, 13690.00, 13746.00, 13440.00, 13550.00, 13560.00, 13594.46, 2871, 390.30, 684, 1902, 66.25
MAHSEAMLES, EQ, 02-Sep-2026, 649.60, 647.00, 673.90, 645.00, 665.00, 665.05, 661.70, 492471, 3258.67, 24843, 249473, 50.66
MAITHANALL, EQ, 02-Sep-2026, 972.75, 977.90, 1056.65, 964.55, 1024.00, 1019.35, 1025.28, 435952, 4469.73, 24047, 103492, 23.74
MAITREYA, SM, 02-Sep-2026, 120.50, 114.70, 127.45, 114.70, 123.90, 123.90, 121.11, 4400, 5.33, 10, 2400, 54.55
MAJESAUT, BE, 02-Sep-2026, 357.15, 357.70, 360.00, 347.15, 354.00, 353.65, 355.25, 4135, 14.69, 112, -, -
MAKEINDIA, EQ, 02-Sep-2026, 166.46, 166.46, 166.46, 164.00, 165.76, 164.96, 164.94, 89176, 147.09, 785, 55642, 62.40
MAKERSL, EQ, 02-Sep-2026, 187.60, 188.48, 188.48, 181.60, 182.01, 182.70, 183.36, 1964, 3.60, 101, 1466, 74.64
MAKS, SM, 02-Sep-2026, 13.10, 13.10, 13.75, 13.10, 13.75, 13.75, 13.47, 7500, 1.01, 3, 6000, 80.00
MAL, SM, 02-Sep-2026, 32.00, 30.05, 32.00, 30.00, 31.60, 31.60, 31.36, 24000, 7.53, 14, 16000, 66.67
MALLCOM, EQ, 02-Sep-2026, 1004.45, 1000.00, 1050.00, 982.45, 1020.00, 1021.15, 1034.43, 42842, 443.17, 935, 39246, 91.61
MALUPAPER, EQ, 02-Sep-2026, 31.94, 31.80, 31.90, 30.30, 31.10, 31.05, 30.92, 30518, 9.44, 136, 26407, 86.53
MAMATA, EQ, 02-Sep-2026, 401.85, 401.10, 406.50, 398.20, 401.30, 401.15, 403.04, 18074, 72.84, 1057, 10184, 56.35
MANAKALUCO, EQ, 02-Sep-2026, 38.34, 38.65, 39.35, 36.55, 36.91, 37.12, 37.56, 97514, 36.62, 953, 63323, 64.94
MANAKCOAT, EQ, 02-Sep-2026, 120.46, 120.95, 124.00, 118.00, 121.60, 121.56, 119.06, 736255, 876.56, 4394, 591702, 80.37
MANAKSIA, EQ, 02-Sep-2026, 57.79, 57.75, 58.41, 56.00, 58.40, 58.14, 57.53, 38440, 22.11, 429, 22875, 59.51
MANAKSTEEL, EQ, 02-Sep-2026, 104.10, 104.00, 109.30, 101.53, 109.30, 109.30, 108.12, 509467, 550.84, 3283, 368285, 72.29
MANALIPETC, EQ, 02-Sep-2026, 84.04, 84.70, 85.40, 81.60, 82.80, 82.76, 83.42, 8290147, 6916.04, 34540, 1081315, 13.04
MANAPPURAM, EQ, 02-Sep-2026, 337.00, 333.00, 341.10, 330.30, 340.90, 340.90, 335.75, 5411370, 18168.54, 50101, 2234364, 41.29
MANAV, SM, 02-Sep-2026, 36.10, 37.90, 37.90, 37.90, 37.90, 37.90, 37.90, 8000, 3.03, 1, 8000, 100.00
MANBA, EQ, 02-Sep-2026, 129.30, 129.76, 129.80, 128.00, 128.01, 128.31, 128.77, 60344, 77.70, 450, 18900, 31.32
MANBRO, EQ, 02-Sep-2026, 54.16, 53.60, 54.99, 48.75, 52.00, 51.06, 50.27, 498508, 250.58, 2010, 161797, 32.46
MANCREDIT, EQ, 02-Sep-2026, 230.19, 227.00, 234.90, 225.02, 234.31, 227.79, 228.36, 10860, 24.80, 390, 6266, 57.70
MANGALAM, EQ, 02-Sep-2026, 29.86, 30.45, 30.97, 29.06, 30.40, 30.33, 29.95, 28610, 8.57, 257, 14713, 51.43
MANGLMCEM, EQ, 02-Sep-2026, 1084.00, 1108.20, 1114.40, 1054.00, 1090.00, 1092.90, 1097.07, 304145, 3336.67, 10160, 182726, 60.08
MANINDS, EQ, 02-Sep-2026, 762.75, 755.00, 769.85, 741.50, 743.00, 744.85, 752.36, 417411, 3140.44, 15302, 195442, 46.82
MANINFRA, EQ, 02-Sep-2026, 124.56, 124.99, 125.08, 119.11, 122.00, 123.27, 122.43, 3095001, 3789.18, 16230, 1116491, 36.07
MANIPALHOS, EQ, 02-Sep-2026, 746.90, 750.00, 750.70, 702.00, 713.50, 709.90, 721.11, 4066750, 29325.66, 91380, 2536594, 62.37
MANKIND, EQ, 02-Sep-2026, 2356.50, 2351.00, 2391.50, 2341.20, 2391.50, 2391.50, 2374.05, 334009, 7929.53, 26083, 145869, 43.67
MANOMAY, EQ, 02-Sep-2026, 223.64, 230.00, 230.00, 223.20, 225.10, 224.52, 225.82, 90681, 204.77, 1789, 14159, 15.61
MANORAMA, EQ, 02-Sep-2026, 1834.00, 1805.10, 1833.20, 1795.10, 1816.00, 1813.10, 1813.05, 157707, 2859.31, 14720, 72744, 46.13
MANORG, EQ, 02-Sep-2026, 496.80, 490.00, 499.80, 472.00, 480.00, 478.65, 484.37, 11497, 55.69, 391, 6103, 53.08
MANUFGBEES, EQ, 02-Sep-2026, 164.83, 164.00, 164.00, 162.15, 164.00, 163.07, 162.57, 12385, 20.13, 203, 8453, 68.25
MANUGRAPH, BE, 02-Sep-2026, 14.54, 14.99, 14.99, 14.30, 14.38, 14.38, 14.45, 15297, 2.21, 40, -, -
MANYAVAR, EQ, 02-Sep-2026, 546.85, 546.85, 550.45, 537.20, 545.00, 544.10, 545.87, 222703, 1215.67, 12146, 106692, 47.91
MAPMYINDIA, EQ, 02-Sep-2026, 999.60, 999.80, 1000.30, 978.30, 985.00, 982.60, 985.36, 114018, 1123.48, 10059, 45208, 39.65
MARALOVER, EQ, 02-Sep-2026, 54.44, 52.40, 54.98, 52.40, 54.00, 54.13, 53.53, 11811, 6.32, 97, 9271, 78.49
MARATHON, EQ, 02-Sep-2026, 434.50, 436.00, 443.80, 422.05, 437.90, 433.80, 435.51, 188885, 822.62, 7328, 86578, 45.84
MARCO, SM, 02-Sep-2026, 36.80, 36.95, 36.95, 32.00, 33.95, 33.70, 33.56, 27000, 9.06, 18, 19500, 72.22
MARICO, EQ, 02-Sep-2026, 838.10, 830.00, 834.85, 826.50, 829.35, 829.35, 830.90, 1477115, 12273.28, 37139, 1040551, 70.44
MARINE, EQ, 02-Sep-2026, 432.60, 430.60, 436.00, 423.15, 433.30, 431.50, 430.31, 956684, 4116.67, 25828, 304200, 31.80
MARKOLINES, EQ, 02-Sep-2026, 173.96, 175.00, 176.00, 170.63, 173.40, 172.66, 173.01, 506896, 876.98, 2437, 70100, 13.83
MARKSANS, EQ, 02-Sep-2026, 322.40, 321.20, 337.65, 318.75, 334.10, 332.50, 332.75, 6573003, 21871.87, 83813, 1833600, 27.90
MARSONS, EQ, 02-Sep-2026, 123.99, 123.81, 126.00, 120.56, 122.99, 122.84, 123.23, 2909043, 3584.72, 17524, 1040223, 35.76
MARUTI, EQ, 02-Sep-2026, 12950.00, 12763.00, 12888.00, 12640.00, 12849.00, 12849.00, 12728.06, 614156, 78170.13, 115523, 362918, 59.09
MASFIN, EQ, 02-Sep-2026, 304.50, 305.40, 305.55, 292.95, 294.50, 294.45, 296.83, 135767, 402.99, 11191, 81251, 59.85
MASKINVEST, EQ, 02-Sep-2026, 146.00, 146.00, 146.00, 146.00, 146.00, 146.00, 146.00, 5, 0.01, 1, 5, 100.00
MASPTOP50, EQ, 02-Sep-2026, 80.48, 80.22, 80.22, 79.76, 80.22, 80.22, 80.22, 138346, 110.98, 1741, 138151, 99.86
MASTEK, EQ, 02-Sep-2026, 1802.00, 1798.90, 1798.90, 1748.00, 1762.00, 1763.00, 1767.13, 88631, 1566.22, 10810, 27649, 31.20
MASTER, SM, 02-Sep-2026, 435.00, 430.65, 430.65, 430.65, 430.65, 430.65, 430.65, 500, 2.15, 1, 500, 100.00
MASTERTR, EQ, 02-Sep-2026, 81.58, 81.71, 83.00, 79.97, 80.76, 80.85, 80.84, 231560, 187.20, 1120, 63277, 27.33
MATRIMONY, EQ, 02-Sep-2026, 519.00, 512.80, 520.25, 510.55, 513.25, 514.35, 515.72, 5735, 29.58, 539, 2855, 49.78
MAWANASUG, EQ, 02-Sep-2026, 142.31, 142.31, 154.47, 142.31, 148.95, 147.87, 149.76, 734892, 1100.59, 14026, 147750, 20.10
MAXESTATES, EQ, 02-Sep-2026, 503.00, 495.00, 527.60, 485.10, 525.00, 520.65, 507.38, 193763, 983.12, 6642, 108363, 55.93
MAXHEALTH, EQ, 02-Sep-2026, 1003.00, 1003.00, 1005.00, 987.20, 994.00, 994.00, 993.07, 1195319, 11870.41, 53700, 649138, 54.31
MAXIND, EQ, 02-Sep-2026, 148.97, 148.50, 151.33, 144.90, 148.30, 147.90, 147.64, 128088, 189.11, 2376, 85633, 66.85
MAXPOSURE, SM, 02-Sep-2026, 29.15, 29.00, 29.00, 29.00, 29.00, 29.00, 29.00, 2000, 0.58, 2, 2000, 100.00
MAXVOLT, SM, 02-Sep-2026, 341.60, 335.05, 341.80, 331.10, 333.00, 333.25, 336.05, 45600, 153.24, 79, 35600, 78.07
MAYASHEEL, SM, 02-Sep-2026, 37.90, 37.90, 37.90, 37.90, 37.90, 37.90, 37.90, 3000, 1.14, 1, 3000, 100.00
MAYURUNIQ, EQ, 02-Sep-2026, 742.20, 737.50, 739.40, 716.30, 728.65, 728.75, 725.32, 194948, 1413.99, 8256, 129736, 66.55
MAZDA, BE, 02-Sep-2026, 249.40, 252.90, 261.85, 242.00, 261.85, 261.30, 258.80, 62477, 161.69, 568, -, -
MAZDOCK, EQ, 02-Sep-2026, 2485.00, 2465.00, 2472.10, 2430.90, 2459.00, 2459.00, 2446.80, 410616, 10046.94, 23537, 138822, 33.81
MBAPL, EQ, 02-Sep-2026, 160.78, 160.78, 163.90, 157.53, 158.50, 159.07, 160.09, 1021835, 1635.81, 7859, 715695, 70.04
MBECL, BE, 02-Sep-2026, 223.65, 234.83, 234.83, 234.83, 234.83, 234.83, 234.83, 5502, 12.92, 204, -, -
MBEL, EQ, 02-Sep-2026, 265.60, 266.30, 268.10, 261.30, 265.00, 266.10, 264.41, 87436, 231.19, 3870, 40978, 46.87
MBLINFRA, EQ, 02-Sep-2026, 22.84, 22.84, 23.50, 22.10, 23.00, 23.34, 22.74, 53582, 12.19, 431, 35013, 65.34
MCCHRLS-B, EQ, 02-Sep-2026, 694.95, 694.95, 694.95, 650.00, 679.85, 675.60, 661.66, 345, 2.28, 52, 294, 85.22
MCL, EQ, 02-Sep-2026, 56.86, 56.00, 57.11, 55.72, 56.11, 56.17, 56.44, 45631, 25.75, 2264, 15726, 34.46
MCLEODRUSS, EQ, 02-Sep-2026, 48.57, 48.25, 48.30, 46.65, 46.80, 47.04, 47.33, 406637, 192.46, 2156, 229100, 56.34
MCLOUD, EQ, 02-Sep-2026, 26.67, 26.74, 27.19, 26.07, 26.29, 26.28, 26.43, 2883337, 762.03, 7242, 1505030, 52.20
MCON, SM, 02-Sep-2026, 44.00, 42.35, 42.55, 42.35, 42.50, 42.50, 42.44, 4000, 1.70, 3, 4000, 100.00
MCX, EQ, 02-Sep-2026, 3303.00, 3280.00, 3333.00, 3258.00, 3286.00, 3286.00, 3293.94, 2448588, 80655.08, 99633, 1158704, 47.32
MEDANTA, EQ, 02-Sep-2026, 1458.10, 1455.00, 1482.60, 1440.00, 1445.00, 1444.90, 1458.60, 224430, 3273.53, 24815, 100252, 44.67
MEDIASSIST, EQ, 02-Sep-2026, 338.05, 333.00, 340.00, 330.00, 338.95, 338.75, 335.22, 131832, 441.92, 7633, 72265, 54.82
MEDICAMEQ, EQ, 02-Sep-2026, 267.40, 268.00, 270.90, 259.05, 266.00, 265.25, 263.72, 74789, 197.23, 1645, 48466, 64.80
MEDICAPQ, EQ, 02-Sep-2026, 26.99, 23.80, 27.29, 23.80, 26.70, 26.70, 26.98, 4283, 1.16, 39, 4243, 99.07
MEDICO, EQ, 02-Sep-2026, 38.91, 38.35, 43.00, 37.50, 39.30, 39.33, 40.16, 745016, 299.19, 4774, 173619, 23.30
MEDIORG, SM, 02-Sep-2026, 25.65, 25.65, 26.75, 25.65, 25.65, 25.65, 25.92, 16000, 4.15, 5, 14000, 87.50
MEDISTEP, SM, 02-Sep-2026, 21.00, 21.00, 21.95, 20.15, 21.95, 21.95, 21.33, 18000, 3.84, 6, 15000, 83.33
MEDPLUS, EQ, 02-Sep-2026, 673.05, 673.05, 673.10, 657.00, 664.40, 659.95, 663.16, 73117, 484.89, 5701, 43942, 60.10
MEESHO, EQ, 02-Sep-2026, 205.15, 205.15, 213.95, 204.60, 211.62, 211.60, 209.28, 23152746, 48453.76, 154057, 10794099, 46.62
MEGASTAR, EQ, 02-Sep-2026, 309.90, 310.00, 310.00, 301.40, 305.00, 305.45, 305.81, 938, 2.87, 29, 907, 96.70
MEGATHERM, SM, 02-Sep-2026, 216.35, 212.05, 212.20, 207.00, 209.30, 209.55, 210.34, 14000, 29.45, 30, 10800, 77.14
MEIL, EQ, 02-Sep-2026, 284.95, 282.35, 285.15, 277.60, 278.30, 278.90, 281.18, 63130, 177.51, 1079, 39790, 63.03
MENNPIS, EQ, 02-Sep-2026, 74.30, 75.40, 75.50, 72.44, 73.46, 74.20, 74.58, 76929, 57.37, 1581, 37770, 49.10
MENONBE, BE, 02-Sep-2026, 301.40, 299.80, 299.80, 287.00, 293.00, 293.90, 293.43, 51333, 150.63, 905, -, -
MEP, BZ, 02-Sep-2026, 0.74, 0.75, 0.75, 0.73, 0.73, 0.73, 0.74, 244703, 1.80, 91, -, -
MERCANTILE, EQ, 02-Sep-2026, 25.32, 24.60, 26.65, 24.01, 25.60, 25.59, 25.91, 138793, 35.97, 415, 7696, 5.54
MERCURYEV, EQ, 02-Sep-2026, 37.64, 36.54, 37.31, 36.00, 36.90, 36.66, 36.55, 83693, 30.59, 1300, 51278, 61.27
METAL, EQ, 02-Sep-2026, 13.29, 13.62, 13.62, 13.16, 13.28, 13.26, 13.23, 1184375, 156.75, 3984, 586377, 49.51
METALIC, ST, 02-Sep-2026, 139.25, 139.90, 139.90, 132.30, 132.30, 132.30, 133.80, 94400, 126.31, 58, 89600, 94.92
METALIETF, EQ, 02-Sep-2026, 13.23, 13.56, 13.56, 13.09, 13.22, 13.19, 13.18, 6515057, 858.61, 9360, 3940433, 60.48
METROBRAND, EQ, 02-Sep-2026, 917.95, 918.00, 924.75, 896.50, 905.75, 900.65, 902.58, 48088, 434.03, 7766, 29077, 60.47
METROGLOBL, EQ, 02-Sep-2026, 139.85, 136.00, 139.99, 131.00, 134.90, 132.95, 133.40, 2818, 3.76, 63, 2460, 87.30
METROPOLIS, EQ, 02-Sep-2026, 582.25, 584.00, 593.00, 579.05, 582.20, 582.20, 584.78, 135132, 790.23, 10010, 55059, 40.74
MFML, EQ, 02-Sep-2026, 18.97, 19.45, 19.45, 17.30, 19.43, 18.57, 18.62, 2032, 0.38, 66, 1151, 56.64
MFSL, EQ, 02-Sep-2026, 1534.70, 1531.50, 1531.50, 1494.00, 1505.00, 1505.00, 1514.93, 547908, 8300.44, 22490, 319653, 58.34
MGEL, BE, 02-Sep-2026, 14.33, 14.10, 14.64, 14.10, 14.51, 14.44, 14.40, 64418, 9.28, 173, -, -
MGL, EQ, 02-Sep-2026, 1077.70, 1072.00, 1082.60, 1062.20, 1062.60, 1065.20, 1073.06, 176423, 1893.13, 11015, 106293, 60.25
MGSL, SM, 02-Sep-2026, 73.00, 72.05, 81.30, 70.00, 77.00, 77.55, 75.92, 39600, 30.06, 33, 22800, 57.58
MHHL, SM, 02-Sep-2026, 31.30, 31.40, 31.40, 31.40, 31.40, 31.40, 31.40, 1500, 0.47, 1, 1500, 100.00
MHLXMIRU, BE, 02-Sep-2026, 172.57, 175.45, 180.00, 170.00, 176.50, 176.82, 173.90, 11796, 20.51, 87, -, -
MHRIL, EQ, 02-Sep-2026, 208.31, 207.86, 210.00, 205.20, 207.54, 206.59, 207.42, 94450, 195.91, 2768, 50058, 53.00
MICEL, BE, 02-Sep-2026, 39.02, 38.24, 38.24, 38.24, 38.24, 38.24, 38.24, 22139, 8.47, 236, -, -
MICROPRO, SM, 02-Sep-2026, 18.65, 18.55, 18.55, 18.55, 18.55, 18.55, 18.55, 1600, 0.30, 1, 1600, 100.00
MID150, EQ, 02-Sep-2026, 23.95, 24.43, 24.43, 23.11, 23.60, 23.56, 23.46, 386920, 90.76, 558, 216130, 55.86
MID150BEES, EQ, 02-Sep-2026, 240.53, 240.34, 240.34, 237.55, 239.35, 239.07, 238.59, 987164, 2355.25, 10783, 734427, 74.40
MID150CASE, EQ, 02-Sep-2026, 11.70, 11.76, 11.76, 11.50, 11.68, 11.63, 11.61, 1687555, 195.89, 4121, 1284362, 76.11
MIDBANKADD, EQ, 02-Sep-2026, 17.34, 17.40, 17.40, 17.12, 17.33, 17.33, 17.13, 5659, 0.97, 27, 5443, 96.18
MIDCAP, EQ, 02-Sep-2026, 18.66, 18.66, 18.83, 18.37, 18.50, 18.47, 18.45, 891364, 164.50, 1628, 516943, 57.99
MIDCAPADD, EQ, 02-Sep-2026, 23.33, 23.30, 23.30, 23.04, 23.18, 23.17, 23.09, 15682, 3.62, 43, 14298, 91.17
MIDCAPBETA, EQ, 02-Sep-2026, 235.13, 235.00, 235.00, 231.05, 234.00, 234.00, 232.95, 2439, 5.68, 63, 1872, 76.75
MIDCAPETF, EQ, 02-Sep-2026, 23.75, 24.34, 24.34, 23.46, 23.66, 23.63, 23.57, 2657084, 626.19, 8260, 2150532, 80.94
MIDCAPIETF, EQ, 02-Sep-2026, 24.10, 24.37, 24.37, 23.76, 23.90, 23.84, 23.87, 1571103, 374.98, 3415, 931924, 59.32
MIDHANI, EQ, 02-Sep-2026, 417.45, 416.00, 420.00, 412.15, 414.50, 414.40, 415.29, 309511, 1285.36, 10285, 106397, 34.38
MIDQ50ADD, EQ, 02-Sep-2026, 25.44, 25.21, 26.00, 24.91, 25.12, 25.10, 25.00, 134661, 33.67, 345, 92470, 68.67
MIDSELIETF, EQ, 02-Sep-2026, 19.97, 19.97, 19.97, 19.72, 19.86, 19.88, 19.83, 352313, 69.88, 877, 197009, 55.92
MIDSMALL, EQ, 02-Sep-2026, 52.16, 52.01, 52.23, 51.41, 51.78, 51.63, 51.61, 437066, 225.57, 1403, 277632, 63.52
MIDWESTLTD, EQ, 02-Sep-2026, 1058.30, 1059.80, 1068.90, 1032.00, 1035.00, 1036.90, 1045.06, 31260, 326.68, 3515, 18306, 58.56
MIEL, SM, 02-Sep-2026, 12.25, 11.70, 12.40, 11.70, 12.40, 12.40, 12.05, 4000, 0.48, 2, 2000, 50.00
MIIL, EQ, 02-Sep-2026, 722.85, 724.20, 727.95, 710.05, 724.00, 722.55, 715.05, 65224, 466.39, 1027, 12068, 18.50
MILKYMIST, EQ, 02-Sep-2026, 232.03, 234.00, 255.23, 228.36, 249.60, 252.04, 247.44, 56560370, 139951.10, 391757, 9787871, 17.31
MINALIND, BE, 02-Sep-2026, 4.63, 4.86, 4.86, 4.86, 4.86, 4.86, 4.86, 92358, 4.49, 82, -, -
MINDACORP, EQ, 02-Sep-2026, 712.40, 707.05, 714.35, 694.30, 704.00, 707.85, 702.32, 355440, 2496.31, 17507, 217173, 61.10
MINDSPACE, RR, 02-Sep-2026, 497.95, 499.00, 505.40, 495.00, 500.99, 500.74, 498.71, 474448, 2366.12, 9226, 408688, 86.14
MINDTECK, EQ, 02-Sep-2026, 171.84, 175.00, 175.00, 170.00, 170.00, 170.32, 170.73, 16830, 28.73, 466, 10165, 60.40
MIRZAINT, EQ, 02-Sep-2026, 31.29, 31.85, 31.85, 30.00, 30.71, 30.84, 30.79, 107709, 33.16, 1300, 61571, 57.16
MITCON, BE, 02-Sep-2026, 79.20, 76.50, 78.97, 75.24, 78.77, 78.76, 77.27, 3467, 2.68, 28, -, -
MITTAL, EQ, 02-Sep-2026, 0.81, 0.82, 0.82, 0.80, 0.82, 0.81, 0.81, 368821, 2.98, 291, 268608, 72.83
MKEXIM, EQ, 02-Sep-2026, 61.61, 60.61, 61.89, 55.52, 60.90, 61.42, 59.80, 14748, 8.82, 296, 6127, 41.54
MKPL, EQ, 02-Sep-2026, 4.03, 4.08, 4.10, 3.99, 4.00, 4.00, 4.02, 140220, 5.64, 433, 116393, 83.01
MLKFOOD, EQ, 02-Sep-2026, 83.88, 83.88, 83.88, 81.60, 82.10, 83.15, 83.05, 2213, 1.84, 48, 1584, 71.58
MMEL, SM, 02-Sep-2026, 24.40, 24.70, 24.75, 23.10, 23.10, 23.10, 24.46, 16000, 3.91, 8, 16000, 100.00
MMFL, EQ, 02-Sep-2026, 657.45, 665.00, 678.00, 643.75, 654.00, 648.05, 663.71, 172249, 1143.24, 10049, 63229, 36.71
MMP, EQ, 02-Sep-2026, 383.25, 373.00, 393.05, 373.00, 387.10, 384.10, 383.66, 61096, 234.40, 1822, 31507, 51.57
MMTC, EQ, 02-Sep-2026, 62.32, 62.20, 62.45, 61.41, 62.20, 62.10, 61.95, 691082, 428.15, 6343, 288699, 41.77
MMWL, EQ, 02-Sep-2026, 14.14, 14.42, 14.67, 14.00, 14.20, 14.13, 14.35, 22481, 3.23, 226, 18812, 83.68
MNC, EQ, 02-Sep-2026, 33.67, 33.67, 33.67, 32.99, 33.29, 33.18, 33.11, 88687, 29.37, 709, 72510, 81.76
MOALPHA50, EQ, 02-Sep-2026, 56.23, 56.15, 56.15, 55.63, 56.15, 56.15, 55.89, 10330, 5.77, 74, 8513, 82.41
MOBANK10, EQ, 02-Sep-2026, 16.86, 16.80, 16.85, 16.79, 16.79, 16.79, 16.80, 3999, 0.67, 54, 3999, 100.00
MOBIKWIK, EQ, 02-Sep-2026, 187.78, 187.78, 188.48, 184.06, 185.30, 185.32, 185.58, 472492, 876.87, 5981, 189549, 40.12
MOCAPITAL, EQ, 02-Sep-2026, 53.93, 53.80, 54.00, 53.25, 53.64, 53.55, 53.52, 812896, 435.07, 3441, 511065, 62.87
MODEFENCE, EQ, 02-Sep-2026, 105.72, 107.91, 107.91, 104.22, 105.01, 105.14, 104.72, 1341539, 1404.86, 10210, 713665, 53.20
MODINATUR, EQ, 02-Sep-2026, 338.80, 338.80, 344.90, 336.00, 344.80, 340.80, 341.33, 4439, 15.15, 163, 3183, 71.71
MODIRUBBER, EQ, 02-Sep-2026, 128.29, 129.57, 129.57, 123.00, 124.00, 123.80, 125.50, 7993, 10.03, 244, 5810, 72.69
MODIS, EQ, 02-Sep-2026, 377.95, 374.00, 382.00, 371.10, 379.00, 379.10, 376.79, 24944, 93.99, 829, 15787, 63.29
MODISONLTD, EQ, 02-Sep-2026, 499.45, 509.00, 546.00, 509.00, 521.00, 520.65, 528.01, 822776, 4344.33, 24183, 279918, 34.02
MODTHREAD, EQ, 02-Sep-2026, 51.54, 52.02, 52.89, 51.51, 52.70, 52.61, 52.20, 1791, 0.93, 56, 1191, 66.50
MOENERGY, EQ, 02-Sep-2026, 37.91, 38.20, 38.30, 37.72, 38.30, 38.19, 38.08, 195264, 74.36, 652, 181077, 92.73
MOGOLD, EQ, 02-Sep-2026, 150.10, 150.15, 150.15, 147.30, 148.15, 148.10, 148.04, 47239, 69.93, 690, 17008, 36.00
MOGSEC, EQ, 02-Sep-2026, 65.34, 65.40, 65.40, 65.00, 65.40, 65.39, 65.11, 52315, 34.06, 64, 33554, 64.14
MOHEALTH, EQ, 02-Sep-2026, 51.81, 52.28, 52.28, 50.70, 52.00, 52.02, 51.59, 83006, 42.83, 596, 48198, 58.07
MOHITE, EQ, 02-Sep-2026, 3.13, 3.13, 3.13, 2.96, 2.96, 2.96, 3.04, 29651, 0.90, 148, 18190, 61.35
MOHITIND, EQ, 02-Sep-2026, 24.28, 24.89, 24.89, 23.55, 23.80, 23.72, 23.96, 9634, 2.31, 148, 9033, 93.76
MOIL, EQ, 02-Sep-2026, 250.43, 250.43, 251.70, 247.12, 250.99, 250.72, 249.82, 503390, 1257.55, 9753, 218357, 43.38
MOINFRA, EQ, 02-Sep-2026, 58.08, 57.80, 58.58, 57.49, 58.29, 58.23, 57.92, 4758, 2.76, 102, 4690, 98.57
MOIPO, EQ, 02-Sep-2026, 48.73, 48.24, 48.39, 48.01, 48.32, 48.32, 48.23, 7530, 3.63, 42, 5353, 71.09
MOKSH, EQ, 02-Sep-2026, 10.46, 10.50, 10.53, 10.10, 10.17, 10.15, 10.26, 134879, 13.84, 427, 119097, 88.30
MOL, EQ, 02-Sep-2026, 64.85, 64.75, 66.70, 63.30, 65.95, 65.75, 65.22, 2295235, 1497.00, 14537, 706693, 30.79
MOLBIO, EQ, 02-Sep-2026, 1053.30, 1047.20, 1132.10, 1043.80, 1111.00, 1107.80, 1096.55, 1874333, 20552.98, 66785, 217256, 11.59
MOLDTECH, BE, 02-Sep-2026, 192.76, 192.75, 202.39, 187.00, 202.39, 202.38, 199.48, 135934, 271.17, 887, -, -
MOLDTKPAC, EQ, 02-Sep-2026, 699.95, 695.00, 699.95, 692.25, 695.45, 694.55, 694.87, 41442, 287.97, 2063, 22841, 55.12
MOLOWVOL, EQ, 02-Sep-2026, 36.46, 36.11, 36.19, 35.90, 36.19, 35.98, 36.01, 21973, 7.91, 98, 21854, 99.46
MOM100, EQ, 02-Sep-2026, 68.31, 67.31, 69.00, 67.21, 68.17, 67.97, 67.72, 450687, 305.19, 3566, 244199, 54.18
MOM30IETF, EQ, 02-Sep-2026, 31.29, 31.63, 31.63, 30.92, 31.20, 31.15, 31.02, 997656, 309.52, 2655, 554592, 55.59
MOM50, EQ, 02-Sep-2026, 250.50, 252.67, 252.67, 249.17, 251.52, 250.39, 249.94, 4950, 12.37, 120, 3084, 62.30
MOMENTUM, EQ, 02-Sep-2026, 31.07, 31.07, 31.11, 30.73, 31.10, 31.04, 30.92, 98792, 30.54, 216, 78110, 79.07
MOMENTUM30, EQ, 02-Sep-2026, 30.69, 30.40, 30.77, 30.37, 30.77, 30.63, 30.53, 12686, 3.87, 72, 9089, 71.65
MOMENTUM50, EQ, 02-Sep-2026, 54.29, 54.30, 54.72, 53.69, 54.28, 54.08, 53.96, 339246, 183.07, 1913, 195359, 57.59
MOMETAL, EQ, 02-Sep-2026, 13.18, 13.09, 13.15, 13.03, 13.15, 13.15, 13.05, 9072, 1.18, 26, 7682, 84.68
MOMGF, EQ, 02-Sep-2026, 164.05, 165.88, 165.88, 161.48, 162.90, 161.80, 162.03, 3235, 5.24, 50, 2938, 90.82
MOMIDMTM, EQ, 02-Sep-2026, 64.66, 64.98, 64.98, 63.93, 64.08, 64.09, 64.11, 82218, 52.71, 445, 41440, 50.40
MOMMIDCAP, EQ, 02-Sep-2026, 13.02, 13.28, 13.28, 12.88, 13.00, 12.98, 12.96, 1774384, 230.01, 707, 1696324, 95.60
MOMNC, EQ, 02-Sep-2026, 33.55, 32.55, 33.80, 31.89, 32.28, 32.29, 32.11, 76973, 24.71, 183, 74500, 96.79
MOMOMENTUM, EQ, 02-Sep-2026, 62.18, 62.66, 62.66, 61.40, 61.90, 61.83, 61.69, 61532, 37.96, 564, 39927, 64.89
MON100, EQ, 02-Sep-2026, 329.32, 328.06, 328.83, 326.76, 328.83, 328.83, 328.68, 563732, 1852.85, 19975, 496784, 88.12
MON50EQUAL, EQ, 02-Sep-2026, 33.26, 33.06, 33.23, 32.88, 33.23, 33.13, 32.96, 9715, 3.20, 57, 6060, 62.38
MONARCH, EQ, 02-Sep-2026, 374.60, 374.45, 376.00, 367.45, 372.95, 372.40, 371.35, 47758, 177.35, 1444, 25957, 54.35
MONEXT50, EQ, 02-Sep-2026, 72.89, 74.35, 74.35, 71.94, 73.10, 73.04, 72.35, 16074, 11.63, 101, 9664, 60.12
MONEYBOXX, EQ, 02-Sep-2026, 57.01, 57.90, 57.90, 55.40, 56.00, 56.00, 56.45, 81508, 46.01, 64, 79846, 97.96
MONIFTY100, EQ, 02-Sep-2026, 25.28, 25.28, 25.31, 25.01, 25.31, 25.21, 25.16, 32667, 8.22, 85, 28051, 85.87
MONIFTY500, EQ, 02-Sep-2026, 23.80, 23.81, 23.81, 23.55, 23.70, 23.73, 23.73, 412362, 97.85, 1539, 340686, 82.62
MONOLITH, SM, 02-Sep-2026, 1142.70, 1120.30, 1278.00, 1120.30, 1277.00, 1256.70, 1207.79, 60000, 724.67, 213, 33500, 55.83
MONOPHARMA, SM, 02-Sep-2026, 8.55, 8.95, 8.95, 8.95, 8.95, 8.95, 8.95, 2000, 0.18, 1, 2000, 100.00
MONQ50, EQ, 02-Sep-2026, 145.12, 144.06, 144.06, 144.06, 144.06, 144.06, 144.06, 29997, 43.21, 985, 29255, 97.53
MONTECARLO, EQ, 02-Sep-2026, 539.05, 539.80, 545.50, 532.15, 543.15, 544.20, 542.06, 31016, 168.13, 1649, 22028, 71.02
MOOILGAS, EQ, 02-Sep-2026, 11.20, 11.40, 11.40, 11.08, 11.18, 11.18, 11.17, 3250, 0.36, 24, 3241, 99.72
MOPSE, EQ, 02-Sep-2026, 99.88, 97.81, 99.47, 97.81, 99.47, 98.52, 98.61, 9743, 9.61, 35, 7090, 72.77
MOQUALITY, EQ, 02-Sep-2026, 199.46, 195.47, 199.66, 195.47, 199.66, 199.66, 198.42, 2910, 5.77, 26, 2853, 98.04
MOREALTY, EQ, 02-Sep-2026, 89.29, 91.97, 91.97, 87.14, 89.43, 88.68, 88.07, 871418, 767.49, 2855, 521921, 59.89
MOREPENLAB, EQ, 02-Sep-2026, 103.65, 104.01, 114.00, 103.55, 111.79, 111.97, 109.65, 36392769, 39906.13, 121740, 8806507, 24.20
MOS, ST, 02-Sep-2026, 8.70, 8.30, 8.30, 8.30, 8.30, 8.30, 8.30, 288000, 23.90, 30, 288000, 100.00
MOSCHIP, EQ, 02-Sep-2026, 215.26, 213.00, 219.95, 210.02, 216.50, 215.84, 215.31, 1794518, 3863.78, 22425, 524068, 29.20
MOSERVICE, EQ, 02-Sep-2026, 30.77, 30.56, 30.74, 30.56, 30.73, 30.61, 30.64, 2616, 0.80, 60, 2273, 86.89
MOSILVER, EQ, 02-Sep-2026, 225.74, 224.00, 224.54, 222.21, 222.64, 222.79, 222.97, 27875, 62.15, 951, 9786, 35.11
MOSMALL250, EQ, 02-Sep-2026, 18.47, 18.80, 18.80, 18.23, 18.40, 18.30, 18.30, 879562, 160.95, 2921, 619319, 70.41
MOTHERSON, EQ, 02-Sep-2026, 165.60, 163.80, 163.80, 159.92, 163.30, 163.30, 161.33, 18944363, 30562.14, 90487, 9456219, 49.92
MOTILALOFS, EQ, 02-Sep-2026, 1016.00, 1000.00, 1025.00, 993.20, 1017.60, 1017.60, 1009.19, 1044243, 10538.38, 25926, 513405, 49.17
MOTISONS, EQ, 02-Sep-2026, 15.87, 15.94, 15.96, 15.26, 15.42, 15.43, 15.61, 28644230, 4470.97, 16383, 9377643, 32.74
MOTOGENFIN, BE, 02-Sep-2026, 28.03, 28.50, 28.50, 26.86, 27.60, 27.51, 27.48, 18373, 5.05, 56, -, -
MOTOUR, EQ, 02-Sep-2026, 77.30, 77.14, 77.78, 76.37, 76.92, 77.00, 76.90, 17769, 13.66, 285, 13892, 78.18
MOVALUE, EQ, 02-Sep-2026, 112.10, 112.01, 112.58, 111.38, 112.11, 112.33, 112.08, 78617, 88.11, 762, 61432, 78.14
MOXSH, SM, 02-Sep-2026, 109.00, 112.00, 112.00, 103.60, 103.60, 103.60, 107.80, 3200, 3.45, 2, 1600, 50.00
MPDL, BE, 02-Sep-2026, 30.15, 29.55, 31.65, 28.65, 31.65, 31.65, 30.48, 1792, 0.55, 21, -, -
MPEL, ST, 02-Sep-2026, 24.70, 25.85, 25.90, 23.50, 24.85, 24.85, 25.47, 25600, 6.52, 14, 25600, 100.00
MPHASIS, EQ, 02-Sep-2026, 2505.50, 2505.50, 2515.00, 2428.00, 2480.00, 2480.00, 2484.16, 900566, 22371.49, 36873, 612169, 67.98
MPSLTD, EQ, 02-Sep-2026, 2652.60, 2650.00, 2651.70, 2588.00, 2608.00, 2594.60, 2607.75, 13801, 359.90, 2737, 8502, 61.60
MRF, EQ, 02-Sep-2026, 132335.00, 132000.00, 132865.00, 130700.00, 132575.00, 131880.00, 131336.49, 4254, 5587.05, 3568, 2004, 47.11
MRPL, EQ, 02-Sep-2026, 171.42, 171.40, 175.99, 169.47, 175.00, 175.22, 173.48, 9772096, 16952.94, 52202, 1842286, 18.85
MSCI360, EQ, 02-Sep-2026, 10.12, 10.12, 10.12, 9.99, 10.07, 10.07, 10.04, 8982, 0.90, 13, 8951, 99.65
MSCIADD, EQ, 02-Sep-2026, 29.55, 29.52, 29.52, 29.20, 29.41, 29.41, 29.32, 534, 0.16, 15, 217, 40.64
MSCIINDIA, EQ, 02-Sep-2026, 30.23, 29.63, 29.85, 29.49, 29.82, 29.74, 29.67, 16934, 5.02, 193, 11687, 69.01
MSL, EQ, 02-Sep-2026, 138.00, 138.00, 140.00, 136.62, 137.15, 137.53, 137.56, 272, 0.37, 13, 264, 97.06
MSPL, EQ, 02-Sep-2026, 34.17, 34.40, 36.50, 34.30, 36.20, 36.14, 35.72, 1475581, 527.02, 5554, 777683, 52.70
MSTCLTD, EQ, 02-Sep-2026, 729.55, 728.00, 728.00, 708.55, 712.30, 711.75, 715.88, 166202, 1189.81, 6973, 85530, 51.46
MSUMI, EQ, 02-Sep-2026, 37.11, 37.00, 37.10, 36.48, 36.64, 36.60, 36.61, 5800135, 2123.18, 31353, 3126184, 53.90
MTARTECH, BE, 02-Sep-2026, 6946.50, 6880.00, 6890.00, 6611.50, 6850.00, 6872.00, 6781.86, 97570, 6617.07, 15714, -, -
MTEDUCARE, BE, 02-Sep-2026, 1.80, 1.72, 1.87, 1.71, 1.77, 1.75, 1.75, 17930, 0.31, 53, -, -
MTNL, EQ, 02-Sep-2026, 26.68, 26.68, 26.84, 26.28, 26.44, 26.43, 26.52, 398024, 105.55, 2018, 181807, 45.68
MUFIN, EQ, 02-Sep-2026, 134.65, 134.40, 135.44, 132.61, 134.90, 134.65, 134.28, 460508, 618.37, 2457, 155441, 33.75
MUFTI, EQ, 02-Sep-2026, 72.81, 72.81, 73.78, 71.50, 71.86, 72.13, 72.51, 98065, 71.11, 2281, 52009, 53.04
MUKANDLTD, EQ, 02-Sep-2026, 136.03, 135.10, 135.56, 133.72, 133.72, 134.18, 134.51, 47819, 64.32, 917, 26376, 55.16
MUKESHB, EQ, 02-Sep-2026, 137.00, 139.00, 139.00, 133.00, 138.80, 133.76, 136.84, 507, 0.69, 10, 350, 69.03
MUKKA, EQ, 02-Sep-2026, 26.70, 27.19, 27.50, 26.60, 26.80, 26.85, 27.04, 966096, 261.25, 4219, 435427, 45.07
MUKTAARTS, BE, 02-Sep-2026, 57.00, 57.00, 57.72, 57.00, 57.50, 57.50, 57.19, 805, 0.46, 5, -, -
MULTICAP, EQ, 02-Sep-2026, 16.75, 16.75, 16.75, 16.57, 16.73, 16.68, 16.65, 74278, 12.37, 587, 66054, 88.93
MUNISH, SM, 02-Sep-2026, 82.25, 84.95, 86.00, 83.15, 83.15, 83.15, 84.29, 69600, 58.66, 35, 68400, 98.28
MUNJALAU, EQ, 02-Sep-2026, 115.46, 114.49, 117.00, 112.20, 113.60, 113.44, 113.57, 386696, 439.18, 5369, 151955, 39.30
MUNJALSHOW, EQ, 02-Sep-2026, 128.90, 129.30, 130.00, 127.30, 130.00, 129.20, 128.80, 27263, 35.11, 464, 13561, 49.74
MURUDCERA, EQ, 02-Sep-2026, 30.12, 30.00, 30.45, 29.66, 29.90, 29.88, 29.90, 10584, 3.16, 119, 9154, 86.49
MUTHOOTCAP, EQ, 02-Sep-2026, 245.24, 246.46, 249.95, 238.01, 241.10, 241.22, 241.90, 11241, 27.19, 398, 7072, 62.91
MUTHOOTFIN, EQ, 02-Sep-2026, 2905.00, 2870.00, 2937.70, 2840.00, 2937.70, 2937.70, 2893.69, 950173, 27495.02, 59656, 495652, 52.16
MUTHOOTMF, EQ, 02-Sep-2026, 196.21, 196.00, 204.00, 193.35, 203.78, 203.20, 200.57, 289137, 579.93, 7931, 126239, 43.66
MVELECTRO, EQ, 02-Sep-2026, 713.70, 708.95, 724.50, 675.40, 683.95, 686.05, 700.79, 1444414, 10122.26, 30245, 279653, 19.36
MVGJL, EQ, 02-Sep-2026, 162.37, 161.90, 166.93, 158.00, 162.40, 161.76, 162.40, 84333, 136.96, 1892, 31964, 37.90
MVKAGRO, SM, 02-Sep-2026, 204.20, 214.40, 214.40, 214.40, 214.40, 214.40, 214.40, 96900, 207.75, 102, 96900, 100.00
MWL, EQ, 02-Sep-2026, 37.71, 37.80, 39.84, 37.30, 39.39, 39.20, 39.03, 584088, 228.00, 3395, 310879, 53.22
MYSORPETRO, BE, 02-Sep-2026, 124.76, 122.75, 123.99, 120.00, 120.05, 120.05, 120.84, 15331, 18.53, 206, -, -
NACLIND, EQ, 02-Sep-2026, 168.61, 169.00, 171.92, 165.99, 168.20, 167.40, 166.92, 236134, 394.15, 4138, 133852, 56.68
NAGREEKCAP, EQ, 02-Sep-2026, 23.18, 23.40, 23.40, 22.60, 23.25, 23.24, 23.13, 312, 0.07, 41, 287, 91.99
NAGREEKEXP, EQ, 02-Sep-2026, 22.00, 21.91, 22.35, 21.10, 21.30, 21.35, 21.58, 20300, 4.38, 189, 12040, 59.31
NAHARCAP, EQ, 02-Sep-2026, 258.00, 258.00, 260.00, 254.00, 259.00, 258.80, 255.16, 1289, 3.29, 34, 1065, 82.62
NAHARINDUS, EQ, 02-Sep-2026, 134.32, 134.99, 134.99, 131.41, 134.05, 133.86, 132.87, 9869, 13.11, 274, 5735, 58.11
NAHARPOLY, EQ, 02-Sep-2026, 250.13, 251.00, 252.58, 244.28, 249.01, 250.37, 248.80, 9520, 23.69, 281, 5729, 60.18
NAHARSPING, EQ, 02-Sep-2026, 299.55, 300.70, 301.10, 294.00, 294.80, 294.95, 297.54, 21882, 65.11, 917, 14694, 67.15
NAM-INDIA, EQ, 02-Sep-2026, 1178.90, 1166.20, 1172.50, 1146.80, 1171.50, 1171.50, 1160.39, 1599776, 18563.68, 33661, 833090, 52.08
NAMAN, SM, 02-Sep-2026, 41.55, 41.50, 41.50, 40.00, 40.00, 40.00, 40.75, 1600, 0.65, 2, 800, 50.00
NAMOEWASTE, ST, 02-Sep-2026, 266.95, 261.00, 266.40, 261.00, 264.00, 264.00, 262.83, 14400, 37.85, 18, 12000, 83.33
NARMADA, EQ, 02-Sep-2026, 13.85, 13.78, 13.95, 13.55, 13.68, 13.63, 13.65, 216101, 29.50, 828, 133565, 61.81
NATCAPSUQ, EQ, 02-Sep-2026, 201.37, 201.37, 219.00, 194.59, 217.00, 216.18, 212.39, 32916, 69.91, 1099, 19325, 58.71
NATCOPHARM, EQ, 02-Sep-2026, 849.20, 848.00, 857.35, 833.50, 841.85, 843.25, 841.13, 472795, 3976.81, 40683, 251295, 53.15
NATHBIOGEN, EQ, 02-Sep-2026, 152.30, 153.27, 153.94, 152.00, 152.30, 152.55, 152.66, 4814, 7.35, 257, 3675, 76.34
NATIONALUM, EQ, 02-Sep-2026, 372.00, 371.65, 373.50, 367.50, 370.00, 370.00, 370.30, 4447742, 16469.80, 71785, 2369141, 53.27
NATIONSTD, EQ, 02-Sep-2026, 105.31, 107.70, 107.70, 103.25, 103.69, 103.94, 104.49, 25843, 27.00, 678, 14588, 56.45
NAUKRI, EQ, 02-Sep-2026, 1356.00, 1330.10, 1352.40, 1314.80, 1343.70, 1343.70, 1332.41, 1456671, 19408.79, 68370, 866575, 59.49
NAVA, EQ, 02-Sep-2026, 563.60, 563.00, 563.00, 556.20, 560.85, 560.75, 559.66, 108634, 607.99, 4292, 58020, 53.41
NAVINFLUOR, EQ, 02-Sep-2026, 8636.00, 8605.00, 8645.00, 8275.50, 8552.50, 8542.50, 8458.50, 217819, 18424.23, 38394, 103910, 47.70
NAVKARCORP, EQ, 02-Sep-2026, 95.65, 95.98, 96.50, 94.86, 95.00, 95.47, 95.44, 178227, 170.10, 1999, 108833, 61.06
NAVKARURB, BE, 02-Sep-2026, 0.92, 0.92, 0.94, 0.88, 0.90, 0.89, 0.89, 1313053, 11.62, 442, -, -
NAVNETEDUL, EQ, 02-Sep-2026, 133.95, 133.95, 134.90, 130.35, 133.90, 133.91, 132.40, 356332, 471.79, 3753, 180543, 50.67
NAZARA, EQ, 02-Sep-2026, 367.65, 363.10, 367.60, 360.10, 367.60, 366.00, 364.42, 851024, 3101.28, 15007, 476415, 55.98
NBCC, EQ, 02-Sep-2026, 85.20, 84.80, 85.22, 83.84, 85.00, 85.00, 84.56, 4241099, 3586.24, 24243, 1672388, 39.43
NBIFIN, EQ, 02-Sep-2026, 1966.40, 1933.20, 2000.00, 1925.70, 2000.00, 1986.20, 1971.57, 444, 8.75, 50, 287, 64.64
NCC, EQ, 02-Sep-2026, 146.46, 145.50, 146.43, 141.85, 143.00, 142.53, 142.99, 1800066, 2573.97, 22573, 821931, 45.66
NCLIND, EQ, 02-Sep-2026, 174.15, 174.83, 176.40, 172.52, 174.50, 174.94, 174.70, 42536, 74.31, 2960, 24919, 58.58
NDGL, EQ, 02-Sep-2026, 2733.20, 2733.00, 2800.00, 2701.10, 2743.90, 2743.90, 2752.48, 153, 4.21, 28, 137, 89.54
NDL, EQ, 02-Sep-2026, 2.85, 2.86, 2.89, 2.82, 2.85, 2.85, 2.84, 915190, 25.99, 1013, 659591, 72.07
NDLVENTURE, EQ, 02-Sep-2026, 122.99, 121.10, 122.98, 119.30, 122.98, 120.91, 121.02, 3844, 4.65, 89, 2902, 75.49
NDRAUTO, EQ, 02-Sep-2026, 722.40, 720.00, 725.00, 713.70, 715.00, 719.15, 717.76, 10211, 73.29, 1386, 4921, 48.19
NDTV, EQ, 02-Sep-2026, 71.42, 71.02, 71.50, 69.90, 71.15, 70.84, 70.58, 76014, 53.65, 1027, 45664, 60.07
NECCLTD, BE, 02-Sep-2026, 16.10, 16.10, 16.90, 15.57, 16.90, 16.90, 16.89, 541572, 91.49, 217, -, -
NECLIFE, EQ, 02-Sep-2026, 12.13, 12.13, 12.58, 11.66, 12.35, 12.31, 12.06, 306974, 37.03, 531, 208222, 67.83
NEELAM, SM, 02-Sep-2026, 7.00, 6.80, 6.80, 6.65, 6.70, 6.65, 6.69, 96000, 6.42, 16, 66000, 68.75
NELCAST, EQ, 02-Sep-2026, 116.39, 116.09, 119.00, 114.91, 119.00, 117.58, 116.57, 74954, 87.37, 2092, 35205, 46.97
NELCO, EQ, 02-Sep-2026, 924.35, 925.00, 953.30, 918.55, 925.20, 929.65, 937.98, 193155, 1811.75, 9760, 44511, 23.04
NEOGEN, EQ, 02-Sep-2026, 2153.90, 2147.50, 2166.30, 2113.10, 2135.00, 2136.40, 2141.03, 62823, 1345.06, 12982, 23707, 37.74
NEPHROCARE, SM, 02-Sep-2026, 100.70, 100.00, 100.00, 85.35, 97.00, 97.00, 93.57, 54000, 50.53, 106, 34000, 62.96
NEPHROPLUS, EQ, 02-Sep-2026, 689.60, 695.00, 699.25, 677.60, 692.00, 692.70, 688.39, 168797, 1161.98, 14452, 75337, 44.63
NEPTUNE, SM, 02-Sep-2026, 177.00, 178.55, 178.55, 178.50, 178.50, 178.50, 178.53, 1000, 1.79, 2, 1000, 100.00
NESCO, EQ, 02-Sep-2026, 1044.00, 1049.90, 1050.00, 1029.40, 1035.50, 1038.40, 1039.46, 19259, 200.19, 2724, 9178, 47.66
NESTLEIND, EQ, 02-Sep-2026, 1438.20, 1425.00, 1428.00, 1411.00, 1425.00, 1425.00, 1420.20, 875020, 12427.07, 39110, 493087, 56.35
NETF, EQ, 02-Sep-2026, 261.17, 261.00, 261.43, 259.50, 261.43, 261.30, 260.41, 1117, 2.91, 154, 1097, 98.21
NETWEB, EQ, 02-Sep-2026, 5136.50, 5133.00, 5216.50, 5064.00, 5120.00, 5110.00, 5128.81, 1273170, 65298.51, 99150, 193246, 15.18
NETWORK18, EQ, 02-Sep-2026, 28.05, 27.77, 27.90, 27.16, 27.34, 27.24, 27.36, 4631562, 1267.03, 13165, 2345932, 50.65
NEUEON, BE, 02-Sep-2026, 12.05, 11.99, 12.30, 11.45, 11.45, 11.45, 11.52, 80587, 9.28, 177, -, -
NEULANDLAB, EQ, 02-Sep-2026, 23025.00, 23045.00, 23320.00, 22880.00, 22945.00, 22960.00, 23039.12, 39701, 9146.76, 14080, 19913, 50.16
NEWGEN, EQ, 02-Sep-2026, 532.05, 526.70, 529.75, 517.70, 520.80, 519.30, 521.15, 652094, 3398.40, 17528, 275451, 42.24
NEWJAISA, ST, 02-Sep-2026, 18.30, 18.30, 18.30, 18.05, 18.05, 18.05, 18.18, 3000, 0.55, 2, 3000, 100.00
NEXT30ADD, EQ, 02-Sep-2026, 42.78, 42.78, 42.78, 42.28, 42.60, 42.60, 42.48, 7799, 3.31, 96, 5117, 65.61
NEXT50, EQ, 02-Sep-2026, 752.66, 733.84, 756.42, 733.84, 753.34, 752.34, 748.68, 60614, 453.81, 1733, 45579, 75.20
NEXT50ADD, EQ, 02-Sep-2026, 73.36, 72.60, 73.56, 72.40, 73.56, 73.56, 73.00, 4293, 3.13, 56, 2321, 54.06
NEXT50BETA, EQ, 02-Sep-2026, 78.69, 78.49, 79.75, 77.70, 79.75, 79.27, 78.19, 200059, 156.42, 1031, 102364, 51.17
NEXT50ETF, EQ, 02-Sep-2026, 73.62, 73.20, 73.71, 72.45, 73.50, 73.37, 72.97, 17794, 12.98, 198, 16382, 92.06
NEXT50IETF, EQ, 02-Sep-2026, 77.02, 75.09, 78.56, 75.09, 77.00, 76.96, 76.47, 812202, 621.12, 6627, 490615, 60.41
NEXTMEDIA, EQ, 02-Sep-2026, 4.27, 4.29, 4.30, 4.09, 4.22, 4.21, 4.17, 46900, 1.95, 207, 33958, 72.41
NFL, EQ, 02-Sep-2026, 70.53, 70.29, 70.29, 69.51, 70.04, 69.98, 69.81, 417453, 291.41, 2983, 202837, 48.59
NFPSAMPOOR, SM, 02-Sep-2026, 20.65, 20.65, 21.45, 20.50, 21.45, 21.45, 20.89, 16000, 3.34, 8, 16000, 100.00
NGIL, EQ, 02-Sep-2026, 39.50, 39.50, 40.85, 39.25, 39.30, 39.41, 39.44, 863, 0.34, 23, 713, 82.62
NGLFINE, EQ, 02-Sep-2026, 2657.60, 2664.30, 2745.00, 2575.10, 2705.00, 2688.70, 2663.42, 11220, 298.84, 2206, 5264, 46.92
NH, EQ, 02-Sep-2026, 1938.70, 1929.10, 1940.80, 1911.40, 1917.20, 1922.70, 1923.33, 302703, 5821.99, 25910, 242520, 80.12
NHPC, EQ, 02-Sep-2026, 76.30, 75.75, 76.64, 75.09, 75.65, 75.65, 75.93, 13055359, 9912.30, 63394, 8645755, 66.22
NIACL, EQ, 02-Sep-2026, 185.77, 185.45, 201.40, 182.41, 198.50, 199.11, 196.88, 24334669, 47910.00, 168134, 2197543, 9.03
NIBE, EQ, 02-Sep-2026, 1355.90, 1356.00, 1356.10, 1330.00, 1346.00, 1342.90, 1342.03, 23503, 315.42, 2643, 11737, 49.94
NIBL, EQ, 02-Sep-2026, 30.82, 30.51, 31.85, 30.51, 30.65, 31.08, 31.17, 2762, 0.86, 88, 2609, 94.46
NICCOPAR, EQ, 02-Sep-2026, 82.06, 81.50, 82.00, 75.25, 78.00, 79.04, 81.39, 394310, 320.91, 181, 390438, 99.02
NIDAN, SM, 02-Sep-2026, 13.15, 13.00, 13.10, 12.70, 12.75, 12.75, 12.89, 4000, 0.52, 4, 4000, 100.00
NIF100BEES, EQ, 02-Sep-2026, 266.76, 273.42, 273.42, 264.40, 264.80, 264.89, 265.09, 34050, 90.26, 710, 15547, 45.66
NIF100IETF, EQ, 02-Sep-2026, 28.06, 28.62, 28.65, 27.79, 28.07, 27.96, 27.92, 87022, 24.30, 1179, 44406, 51.03
NIF500BETA, EQ, 02-Sep-2026, 37.68, 37.68, 37.68, 37.17, 37.31, 37.31, 37.30, 9484, 3.54, 13, 9220, 97.22
NIFTY1, EQ, 02-Sep-2026, 266.54, 266.54, 272.70, 264.57, 265.55, 265.54, 265.36, 241052, 639.66, 1540, 221203, 91.77
NIFTY100EW, EQ, 02-Sep-2026, 35.10, 34.22, 35.60, 34.22, 34.76, 34.95, 34.87, 107246, 37.39, 326, 79971, 74.57
NIFTYADD, EQ, 02-Sep-2026, 253.06, 252.95, 253.48, 251.41, 253.00, 252.18, 252.03, 7958, 20.06, 184, 4811, 60.45
NIFTYAXIS, EQ, 02-Sep-2026, 265.96, 265.45, 265.45, 263.86, 264.00, 264.93, 264.87, 226011, 598.64, 280, 196484, 86.94
NIFTYBEES, EQ, 02-Sep-2026, 273.25, 273.15, 273.15, 271.51, 272.55, 272.56, 272.27, 7704816, 20978.20, 59907, 4941436, 64.13
NIFTYBETA, EQ, 02-Sep-2026, 266.38, 273.03, 273.03, 264.47, 267.71, 265.48, 265.53, 160139, 425.22, 641, 155294, 96.97
NIFTYBETF, EQ, 02-Sep-2026, 247.21, 246.05, 246.57, 244.83, 246.51, 246.26, 246.22, 4236, 10.43, 83, 3115, 73.54
NIFTYCASE, EQ, 02-Sep-2026, 9.65, 9.89, 9.89, 9.57, 9.60, 9.61, 9.60, 905524, 86.91, 1970, 792450, 87.51
NIFTYETF, EQ, 02-Sep-2026, 260.72, 260.71, 260.71, 259.21, 260.00, 260.05, 260.15, 360960, 939.03, 1712, 161810, 44.83
NIFTYIETF, EQ, 02-Sep-2026, 272.12, 271.76, 271.76, 270.26, 271.50, 271.22, 270.97, 666394, 1805.76, 10000, 511852, 76.81
NIFTYJBLK, EQ, 02-Sep-2026, 12.32, 12.62, 12.62, 12.18, 12.35, 12.29, 12.24, 165102, 20.21, 838, 135656, 82.16
NIFTYQLITY, EQ, 02-Sep-2026, 21.44, 21.87, 21.87, 21.23, 21.48, 21.39, 21.32, 27439, 5.85, 172, 16800, 61.23
NIITLTD, EQ, 02-Sep-2026, 101.25, 100.89, 100.89, 97.10, 97.40, 97.33, 98.02, 295739, 289.88, 3402, 143032, 48.36
NIITMTS, EQ, 02-Sep-2026, 230.16, 230.04, 230.07, 221.95, 223.11, 223.47, 225.10, 131578, 296.19, 4629, 86869, 66.02
NIKITA, SM, 02-Sep-2026, 76.90, 75.25, 76.50, 75.05, 75.05, 75.05, 75.26, 10800, 8.13, 6, 10800, 100.00
NILAINFRA, EQ, 02-Sep-2026, 6.76, 6.70, 6.76, 6.66, 6.73, 6.71, 6.73, 105470, 7.10, 343, 88071, 83.50
NILASPACES, EQ, 02-Sep-2026, 12.73, 12.68, 12.99, 12.20, 12.46, 12.51, 12.52, 1795219, 224.74, 3434, 794623, 44.26
NILE, EQ, 02-Sep-2026, 1474.50, 1500.00, 1500.00, 1437.10, 1460.30, 1471.50, 1463.63, 4261, 62.37, 765, 2694, 63.22
NILKAMAL, EQ, 02-Sep-2026, 2034.00, 2031.00, 2074.00, 2007.00, 2070.80, 2063.10, 2048.01, 16375, 335.36, 2820, 5749, 35.11
NIMBSPROJ, EQ, 02-Sep-2026, 168.01, 170.81, 170.81, 159.61, 160.50, 159.92, 167.30, 93586, 156.57, 409, 13441, 14.36
NINSYS, EQ, 02-Sep-2026, 710.35, 710.00, 745.85, 707.00, 711.95, 710.95, 720.15, 8522, 61.37, 978, 5533, 64.93
NIPPOBATRY, EQ, 02-Sep-2026, 328.05, 325.00, 328.00, 321.20, 324.95, 323.10, 323.21, 885, 2.86, 74, 684, 77.29
NIRAJ, EQ, 02-Sep-2026, 29.27, 29.41, 29.93, 28.25, 28.63, 29.00, 29.00, 25160, 7.30, 154, 16604, 65.99
NIRAJISPAT, EQ, 02-Sep-2026, 390.60, 428.00, 429.65, 428.00, 429.65, 429.65, 429.63, 1061, 4.56, 26, 1061, 100.00
NIRLON, EQ, 02-Sep-2026, 649.45, 652.00, 652.00, 647.00, 647.00, 649.80, 649.81, 21690, 140.94, 895, 17068, 78.69
NIRMAN, SM, 02-Sep-2026, 28.55, 28.20, 28.75, 28.20, 28.75, 28.60, 28.38, 13800, 3.92, 26, 11100, 80.43
NITCO, EQ, 02-Sep-2026, 93.43, 93.28, 95.00, 91.51, 94.99, 94.30, 93.40, 350076, 326.97, 2841, 142152, 40.61
NITINSPIN, EQ, 02-Sep-2026, 630.75, 629.75, 637.50, 617.90, 623.00, 623.85, 624.86, 103781, 648.48, 4255, 52692, 50.77
NITIRAJ, EQ, 02-Sep-2026, 204.50, 209.95, 209.95, 201.05, 206.00, 206.00, 206.25, 1748, 3.61, 60, 1407, 80.49
NITTAGELA, EQ, 02-Sep-2026, 1631.40, 1630.70, 1643.90, 1591.00, 1624.90, 1618.20, 1608.82, 3273, 52.66, 748, 2112, 64.53
NIVABUPA, EQ, 02-Sep-2026, 82.30, 83.00, 83.47, 80.51, 80.56, 80.73, 81.29, 365819, 297.38, 7769, 195661, 53.49
NKIND, EQ, 02-Sep-2026, 57.24, 55.70, 60.40, 55.25, 57.00, 57.00, 57.41, 1205, 0.69, 24, 897, 74.44
NLCINDIA, EQ, 02-Sep-2026, 274.30, 274.00, 278.90, 271.10, 275.60, 275.50, 276.08, 1874329, 5174.60, 42138, 706240, 37.68
NMDC, EQ, 02-Sep-2026, 85.69, 84.90, 85.75, 84.25, 85.75, 85.75, 85.01, 16726795, 14219.88, 49293, 8698666, 52.00
NMSTEEL, SM, 02-Sep-2026, 22.85, 22.85, 22.95, 22.85, 22.90, 22.90, 22.90, 4800, 1.10, 3, 3200, 66.67
NOCIL, EQ, 02-Sep-2026, 169.62, 169.62, 171.31, 166.98, 170.04, 169.95, 169.39, 416607, 705.68, 6678, 191903, 46.06
NOIDATOLL, EQ, 02-Sep-2026, 4.23, 4.23, 4.30, 4.01, 4.11, 4.11, 4.15, 60960, 2.53, 286, 51253, 84.08
NORBTEAEXP, EQ, 02-Sep-2026, 65.46, 65.46, 67.80, 65.22, 65.22, 65.29, 67.14, 227, 0.15, 21, 205, 90.31
NORTHARC, EQ, 02-Sep-2026, 299.50, 298.15, 303.15, 292.10, 299.40, 299.70, 297.55, 1420849, 4227.69, 18957, 715718, 50.37
NOVAAGRI, BE, 02-Sep-2026, 24.22, 23.46, 24.00, 23.01, 23.50, 23.51, 23.29, 76744, 17.87, 353, -, -
NOVARTIND, EQ, 02-Sep-2026, 1582.10, 1585.00, 1614.00, 1560.20, 1610.00, 1601.50, 1589.17, 7814, 124.18, 1200, 4555, 58.29
NPBET, EQ, 02-Sep-2026, 287.68, 286.63, 292.00, 285.50, 285.50, 285.57, 286.82, 55, 0.16, 24, 42, 76.36
NPST, EQ, 02-Sep-2026, 1655.60, 1655.60, 1753.00, 1642.50, 1685.00, 1690.00, 1716.09, 79415, 1362.84, 8796, 24555, 30.92
NRAIL, EQ, 02-Sep-2026, 495.90, 492.25, 507.90, 487.00, 499.00, 498.50, 496.06, 11677, 57.93, 587, 6880, 58.92
NRBBEARING, EQ, 02-Sep-2026, 458.25, 459.00, 463.40, 451.05, 455.90, 453.55, 456.07, 147623, 673.27, 5203, 77735, 52.66
NRL, BE, 02-Sep-2026, 120.05, 120.05, 122.00, 120.05, 122.00, 122.00, 120.98, 159039, 192.41, 225, -, -
NRVANDANA, SM, 02-Sep-2026, 68.95, 68.80, 70.00, 68.80, 70.00, 70.00, 69.23, 54000, 37.38, 11, 36000, 66.67
NSIL, EQ, 02-Sep-2026, 5696.00, 5690.00, 5753.00, 5616.00, 5625.00, 5647.50, 5665.57, 1451, 82.21, 263, 1111, 76.57
NSLNISP, EQ, 02-Sep-2026, 45.61, 45.55, 47.24, 45.11, 45.90, 45.69, 46.28, 10189200, 4715.96, 34542, 2273271, 22.31
NTCIND, EQ, 02-Sep-2026, 133.21, 131.00, 137.00, 130.00, 134.95, 134.95, 132.44, 2148, 2.84, 69, 1981, 92.23
NTPC, EQ, 02-Sep-2026, 327.50, 324.00, 331.10, 321.00, 330.00, 330.00, 327.50, 11993091, 39277.01, 110755, 7006636, 58.42
NTPCGREEN, EQ, 02-Sep-2026, 89.21, 89.11, 89.12, 88.00, 88.29, 88.12, 88.22, 3375911, 2978.28, 57409, 2222877, 65.85
NUCLEUS, EQ, 02-Sep-2026, 740.70, 732.50, 743.90, 732.50, 740.00, 740.65, 738.18, 11170, 82.45, 827, 6244, 55.90
NURECA, BE, 02-Sep-2026, 339.00, 338.05, 338.05, 330.30, 337.85, 336.75, 334.00, 1655, 5.53, 101, -, -
NUVAMA, EQ, 02-Sep-2026, 1785.00, 1785.00, 1903.90, 1751.70, 1836.00, 1841.00, 1851.25, 1438209, 26624.86, 82997, 431184, 29.98
NUVOCO, EQ, 02-Sep-2026, 322.85, 322.50, 331.90, 317.05, 329.40, 328.15, 326.36, 697182, 2275.34, 17889, 334365, 47.96
NV20, EQ, 02-Sep-2026, 13.85, 14.18, 14.22, 13.82, 13.92, 13.91, 13.90, 52240, 7.26, 207, 39533, 75.68
NV20BEES, EQ, 02-Sep-2026, 139.53, 136.04, 141.24, 136.04, 139.10, 139.66, 139.40, 14681, 20.47, 215, 8198, 55.84
NV20IETF, EQ, 02-Sep-2026, 13.55, 13.88, 13.88, 13.48, 13.56, 13.55, 13.55, 245360, 33.24, 1663, 144355, 58.83
NXST, RR, 02-Sep-2026, 167.28, 167.40, 167.90, 166.71, 167.90, 167.35, 167.05, 735708, 1228.99, 7276, 685160, 93.13
NXT-INFRA, IV, 02-Sep-2026, 97.00, 97.75, 97.75, 97.00, 97.00, 97.00, 97.38, 100000, 97.38, 3, 100000, 100.00
NYKAA, EQ, 02-Sep-2026, 338.50, 335.05, 337.40, 329.75, 337.40, 337.40, 333.78, 3267663, 10906.71, 48135, 1695662, 51.89
OAL, EQ, 02-Sep-2026, 446.30, 442.05, 464.80, 432.25, 464.00, 457.95, 450.73, 51928, 234.06, 2223, 21009, 40.46
OBCL, EQ, 02-Sep-2026, 55.04, 55.90, 55.90, 54.70, 54.80, 54.77, 54.90, 7881, 4.33, 64, 5467, 69.37
OBEROIRLTY, EQ, 02-Sep-2026, 1880.70, 1869.00, 1869.00, 1828.90, 1866.00, 1866.00, 1851.52, 378206, 7002.55, 30546, 194624, 51.46
OBSCP, SM, 02-Sep-2026, 860.80, 843.05, 871.95, 840.00, 850.00, 848.05, 854.89, 30800, 263.31, 73, 18400, 59.74
OCCLLTD, BE, 02-Sep-2026, 163.01, 164.00, 164.70, 160.00, 163.12, 163.35, 162.39, 34223, 55.57, 227, -, -
ODIGMA, EQ, 02-Sep-2026, 23.16, 22.35, 23.15, 22.35, 23.00, 23.09, 22.68, 10264, 2.33, 310, 7105, 69.22
ODYCORP, EQ, 02-Sep-2026, 7.12, 7.48, 8.00, 7.14, 7.50, 7.42, 7.73, 46452, 3.59, 97, 37850, 81.48
OFSS, EQ, 02-Sep-2026, 12187.00, 12141.00, 12199.00, 11951.00, 12158.00, 12158.00, 12093.48, 238698, 28866.89, 35639, 114465, 47.95
OIL, EQ, 02-Sep-2026, 490.00, 495.00, 499.50, 484.15, 498.15, 498.15, 491.77, 4334724, 21316.87, 111618, 1851812, 42.72
OILCOUNTUB, BE, 02-Sep-2026, 67.23, 67.80, 70.59, 64.20, 68.65, 67.67, 69.17, 186901, 129.28, 513, -, -
OILIETF, EQ, 02-Sep-2026, 11.27, 11.55, 11.55, 11.19, 11.28, 11.30, 11.29, 5484945, 619.30, 2425, 4903684, 89.40
OLAELEC, EQ, 02-Sep-2026, 40.51, 40.20, 40.25, 38.80, 38.95, 38.98, 39.17, 44552453, 17452.18, 90424, 11771852, 26.42
OLECTRA, EQ, 02-Sep-2026, 1247.30, 1247.30, 1249.80, 1226.10, 1239.70, 1238.90, 1236.23, 230590, 2850.62, 18856, 94498, 40.98
OLIL, SM, 02-Sep-2026, 418.20, 415.00, 430.00, 407.00, 409.90, 411.80, 409.07, 32000, 130.90, 66, 24000, 75.00
OMAXAUTO, EQ, 02-Sep-2026, 184.48, 183.50, 189.00, 181.81, 189.00, 187.09, 186.37, 26860, 50.06, 948, 12838, 47.80
OMAXE, EQ, 02-Sep-2026, 126.77, 125.00, 136.00, 123.38, 133.60, 132.67, 130.88, 29571125, 38703.45, 155327, 1406669, 4.76
OMFREIGHT, BE, 02-Sep-2026, 89.94, 89.94, 90.59, 87.50, 89.90, 88.08, 88.51, 1697, 1.50, 61, -, -
OMFURN, SM, 02-Sep-2026, 59.45, 56.50, 56.55, 56.50, 56.50, 56.50, 56.51, 7200, 4.07, 6, 6000, 83.33
OMINFRAL, EQ, 02-Sep-2026, 82.04, 83.46, 83.46, 80.15, 81.96, 81.84, 81.87, 19943, 16.33, 611, 11232, 56.32
OMNI, EQ, 02-Sep-2026, 535.60, 538.00, 548.40, 527.00, 545.00, 543.15, 537.87, 373850, 2010.84, 13560, 97310, 26.03
OMPOWER, EQ, 02-Sep-2026, 169.08, 169.00, 175.03, 162.90, 174.00, 171.86, 169.32, 76844, 130.11, 1233, 45717, 59.49
ONDOOR, SM, 02-Sep-2026, 299.00, 297.90, 297.90, 283.05, 286.45, 286.05, 286.77, 9300, 26.67, 23, 6600, 70.97
ONEGLOBAL, EQ, 02-Sep-2026, 514.15, 510.55, 520.00, 501.00, 501.00, 502.05, 505.78, 19205, 97.13, 1015, 12177, 63.41
ONELIFECAP, BE, 02-Sep-2026, 32.46, 31.50, 32.95, 31.30, 32.00, 31.93, 31.46, 18881, 5.94, 42, -, -
ONEPOINT, EQ, 02-Sep-2026, 54.74, 54.70, 54.81, 53.76, 54.30, 54.61, 54.36, 448452, 243.77, 1390, 127908, 28.52
ONESOURCE, EQ, 02-Sep-2026, 1527.90, 1530.00, 1564.00, 1509.00, 1540.00, 1544.40, 1536.08, 136288, 2093.50, 22029, 63290, 46.44
ONGC, EQ, 02-Sep-2026, 236.45, 237.60, 239.21, 235.64, 237.50, 237.50, 237.16, 13073915, 31006.59, 102227, 5974390, 45.70
ONIDA, EQ, 02-Sep-2026, 35.63, 35.50, 36.20, 34.99, 35.60, 35.57, 35.43, 242327, 85.87, 1310, 147682, 60.94
ONIXSOLAR, EQ, 02-Sep-2026, 348.35, 360.00, 365.75, 358.05, 365.75, 365.75, 363.32, 252187, 916.24, 2073, 172264, 68.31
ONMOBILE, BE, 02-Sep-2026, 49.50, 48.51, 48.51, 48.51, 48.51, 48.51, 48.51, 15762, 7.65, 149, -, -
ONWARDTEC, EQ, 02-Sep-2026, 283.90, 281.10, 286.00, 277.50, 283.00, 284.55, 282.43, 26315, 74.32, 698, 15951, 60.62
ONYX, ST, 02-Sep-2026, 41.00, 39.05, 39.90, 38.95, 39.90, 39.90, 39.03, 60000, 23.42, 15, 58000, 96.67
OPTIEMUS, EQ, 02-Sep-2026, 582.80, 582.70, 585.00, 569.00, 570.00, 571.00, 576.26, 70937, 408.78, 4067, 38015, 53.59
OPTIFIN, EQ, 02-Sep-2026, 13.20, 12.56, 13.50, 12.56, 13.48, 13.16, 13.07, 24221, 3.17, 101, 17289, 71.38
OPTIMYSTIX, SM, 02-Sep-2026, 169.85, 165.40, 165.40, 147.00, 149.85, 147.90, 152.68, 257600, 393.30, 237, 193600, 75.16
OPTIVALUE, ST, 02-Sep-2026, 173.75, 174.00, 174.00, 165.10, 168.00, 168.00, 167.33, 54400, 91.03, 28, 46400, 85.29
ORBTEXP, BE, 02-Sep-2026, 238.97, 236.90, 245.00, 236.90, 241.40, 240.76, 238.70, 1452, 3.47, 30, -, -
ORCHASP, EQ, 02-Sep-2026, 1.40, 1.40, 1.45, 1.35, 1.41, 1.40, 1.40, 116260, 1.63, 145, 96564, 83.06
ORCHPHARMA, EQ, 02-Sep-2026, 947.90, 946.00, 954.95, 931.35, 939.00, 938.05, 944.30, 39875, 376.54, 3162, 22197, 55.67
ORIANA, SM, 02-Sep-2026, 1240.10, 1225.05, 1247.90, 1209.95, 1225.00, 1221.90, 1224.75, 34050, 417.03, 378, 21300, 62.56
ORICONENT, EQ, 02-Sep-2026, 53.30, 53.43, 54.44, 52.20, 53.00, 54.20, 53.59, 8648, 4.63, 188, 4361, 50.43
ORIENTALTL, EQ, 02-Sep-2026, 4.96, 5.06, 5.06, 4.76, 5.03, 4.98, 4.92, 74893, 3.68, 385, 54721, 73.07
ORIENTBELL, EQ, 02-Sep-2026, 390.45, 390.45, 405.00, 386.25, 396.05, 400.65, 397.47, 46905, 186.43, 2452, 25301, 53.94
ORIENTCEM, EQ, 02-Sep-2026, 128.16, 128.49, 128.79, 126.25, 127.32, 127.70, 127.65, 124129, 158.45, 1691, 70377, 56.70
ORIENTCER, EQ, 02-Sep-2026, 43.20, 43.80, 44.39, 42.93, 43.98, 43.78, 43.80, 54517, 23.88, 1692, 32581, 59.76
ORIENTELEC, EQ, 02-Sep-2026, 177.66, 178.54, 181.90, 175.01, 179.00, 179.35, 177.72, 162963, 289.62, 5643, 78628, 48.25
ORIENTHOT, EQ, 02-Sep-2026, 138.65, 138.44, 141.90, 136.95, 140.40, 141.32, 140.37, 1214254, 1704.49, 4080, 589834, 48.58
ORIENTLTD, BE, 02-Sep-2026, 82.22, 81.00, 83.88, 81.00, 82.50, 82.50, 81.50, 758, 0.62, 13, -, -
ORIENTPPR, EQ, 02-Sep-2026, 16.78, 16.73, 16.84, 16.45, 16.61, 16.65, 16.67, 130048, 21.67, 443, 77839, 59.85
ORIENTTECH, EQ, 02-Sep-2026, 238.46, 238.46, 238.46, 233.61, 237.00, 236.36, 235.22, 83273, 195.87, 2389, 45438, 54.57
ORIRAIL, EQ, 02-Sep-2026, 124.79, 124.00, 127.95, 123.42, 125.00, 125.37, 126.02, 75670, 95.36, 1121, 33068, 43.70
ORISSAMINE, EQ, 02-Sep-2026, 4325.00, 4321.00, 4340.90, 4260.70, 4305.00, 4308.60, 4301.78, 4729, 203.43, 1306, 2205, 46.63
ORKLAINDIA, EQ, 02-Sep-2026, 584.50, 583.95, 593.95, 577.50, 588.70, 590.90, 587.32, 66831, 392.51, 5350, 29924, 44.78
ORTINGLOBE, EQ, 02-Sep-2026, 15.86, 15.36, 15.86, 15.36, 15.43, 15.43, 15.58, 2952, 0.46, 24, 2108, 71.41
OSELDEVICE, SM, 02-Sep-2026, 372.60, 376.95, 389.00, 360.00, 365.95, 363.55, 369.59, 27800, 102.75, 110, 20400, 73.38
OSIAHYPER, BE, 02-Sep-2026, 2.45, 2.46, 2.48, 2.39, 2.47, 2.46, 2.44, 282119, 6.87, 266, -, -
OSWALAGRO, EQ, 02-Sep-2026, 36.90, 36.53, 37.40, 36.53, 37.00, 36.89, 36.98, 24071, 8.90, 137, 23647, 98.24
OSWALGREEN, EQ, 02-Sep-2026, 20.41, 20.69, 20.69, 20.11, 20.55, 20.46, 20.34, 60322, 12.27, 386, 39851, 66.06
OSWALPUMPS, EQ, 02-Sep-2026, 291.35, 289.80, 289.95, 275.20, 275.30, 278.30, 280.80, 1056339, 2966.21, 28655, 634481, 60.06
OSWALSEEDS, EQ, 02-Sep-2026, 11.40, 11.20, 11.90, 11.20, 11.89, 11.80, 11.61, 80227, 9.31, 253, 66366, 82.72
OWAIS, ST, 02-Sep-2026, 81.05, 81.05, 82.65, 79.45, 81.90, 82.40, 79.79, 48300, 38.54, 117, 48000, 99.38
PACEDIGITK, EQ, 02-Sep-2026, 166.37, 167.00, 167.00, 163.41, 165.18, 164.88, 164.76, 547183, 901.54, 7099, 286769, 52.41
PACIFICI, EQ, 02-Sep-2026, 136.02, 141.00, 141.00, 137.00, 137.05, 137.05, 138.82, 293, 0.41, 17, 292, 99.66
PAGEIND, EQ, 02-Sep-2026, 35675.00, 35500.00, 36325.00, 35220.00, 36200.00, 36200.00, 35996.40, 19411, 6987.26, 9609, 10567, 54.44
PAISALO, EQ, 02-Sep-2026, 67.07, 66.96, 68.15, 65.61, 66.56, 66.52, 67.01, 9805048, 6570.40, 24027, 4059279, 41.40
PAKKA, EQ, 02-Sep-2026, 76.68, 76.98, 77.00, 74.50, 76.00, 75.80, 75.71, 55938, 42.35, 1901, 34671, 61.98
PALASHSECU, EQ, 02-Sep-2026, 90.77, 90.00, 90.00, 88.10, 89.00, 88.98, 89.80, 1459, 1.31, 96, 1360, 93.21
PALREDTEC, BE, 02-Sep-2026, 50.50, 50.40, 52.80, 48.16, 52.80, 52.80, 50.30, 1064, 0.54, 11, -, -
PANACEABIO, EQ, 02-Sep-2026, 390.90, 389.95, 389.95, 370.05, 384.00, 382.35, 378.47, 311504, 1178.95, 8217, 163511, 52.49
PANACHE, BE, 02-Sep-2026, 519.40, 515.00, 525.05, 515.00, 525.05, 525.05, 518.43, 1973, 10.23, 43, -, -
PANAMAPET, EQ, 02-Sep-2026, 487.05, 486.75, 496.80, 482.10, 489.70, 489.75, 489.75, 309631, 1516.40, 9108, 106657, 34.45
PANCHMAHQ, EQ, 02-Sep-2026, 292.10, 292.00, 300.00, 292.00, 300.00, 300.00, 297.23, 290, 0.86, 22, 246, 84.83
PANORAMA, EQ, 02-Sep-2026, 42.57, 42.63, 43.79, 40.00, 41.65, 41.59, 41.75, 131992, 55.11, 898, 85802, 65.01
PANSARI, EQ, 02-Sep-2026, 303.80, 305.00, 308.05, 290.00, 296.10, 296.10, 299.30, 1656, 4.96, 33, 1521, 91.85
PAR, EQ, 02-Sep-2026, 140.60, 146.00, 168.72, 146.00, 168.72, 168.25, 159.41, 1507861, 2403.72, 21216, 230215, 15.27
PARACABLES, EQ, 02-Sep-2026, 63.45, 63.47, 65.20, 62.64, 64.34, 64.16, 64.05, 1184196, 758.44, 6649, 510306, 43.09
PARADEEP, EQ, 02-Sep-2026, 157.51, 156.62, 157.69, 153.51, 156.79, 156.19, 155.32, 2874257, 4464.38, 28211, 1029028, 35.80
PARAGMILK, EQ, 02-Sep-2026, 259.10, 257.05, 263.80, 248.35, 253.10, 254.90, 256.60, 2039126, 5232.44, 26429, 706885, 34.67
PARAGON, SM, 02-Sep-2026, 48.05, 48.00, 48.00, 48.00, 48.00, 48.00, 48.00, 4800, 2.30, 1, 4800, 100.00
PARAMOUNT, SM, 02-Sep-2026, 31.90, 33.45, 33.45, 33.45, 33.45, 33.45, 33.45, 3600, 1.20, 3, 3600, 100.00
PARAS, EQ, 02-Sep-2026, 1380.10, 1380.00, 1420.00, 1363.80, 1407.60, 1413.10, 1397.55, 901120, 12593.63, 42785, 202568, 22.48
PARASPETRO, EQ, 02-Sep-2026, 2.10, 2.13, 2.15, 2.08, 2.12, 2.11, 2.11, 125641, 2.65, 303, 100386, 79.90
PARIN, SM, 02-Sep-2026, 710.00, 709.95, 715.00, 709.95, 715.00, 712.50, 712.07, 3000, 21.36, 11, 2250, 75.00
PARKHOSPS, EQ, 02-Sep-2026, 280.50, 280.50, 284.70, 274.30, 277.30, 276.75, 277.61, 496312, 1377.83, 11366, 266260, 53.65
PARKHOTELS, EQ, 02-Sep-2026, 111.92, 111.56, 116.00, 110.81, 113.90, 114.05, 113.00, 141887, 160.33, 1824, 62578, 44.10
PARNAXLAB, EQ, 02-Sep-2026, 140.78, 143.00, 144.90, 134.01, 134.04, 137.23, 142.10, 9197, 13.07, 213, 5248, 57.06
PARSVNATH, BE, 02-Sep-2026, 1.49, 1.51, 1.51, 1.51, 1.51, 1.51, 1.51, 2510953, 37.92, 262, -, -
PARTH, SM, 02-Sep-2026, 530.05, 520.00, 545.00, 505.00, 540.00, 542.05, 531.08, 29200, 155.08, 55, 21600, 73.97
PASHUPATI, EQ, 02-Sep-2026, 83.10, 83.70, 83.70, 82.50, 83.09, 83.06, 83.17, 8777, 7.30, 817, 5681, 64.73
PASUPTAC, BE, 02-Sep-2026, 62.73, 62.00, 65.00, 61.55, 64.80, 64.64, 63.68, 126973, 80.86, 574, -, -
PATANJALI, EQ, 02-Sep-2026, 345.80, 344.90, 345.00, 339.10, 345.00, 345.00, 342.29, 3980958, 13626.30, 22281, 1575062, 39.56
PATELENG, EQ, 02-Sep-2026, 27.76, 27.70, 27.72, 26.21, 26.45, 26.86, 27.15, 3474743, 943.31, 7309, 2258625, 65.00
PATELRMART, EQ, 02-Sep-2026, 223.14, 221.55, 222.90, 215.40, 217.74, 216.42, 217.43, 222326, 483.41, 2201, 175985, 79.16
PATILAUTOM, SM, 02-Sep-2026, 253.00, 245.05, 284.50, 243.00, 275.00, 275.05, 270.94, 280200, 759.16, 427, 187800, 67.02
PATINTLOG, BE, 02-Sep-2026, 12.87, 12.80, 13.50, 12.80, 13.40, 13.30, 12.98, 145528, 18.88, 172, -, -
PAUSHAKLTD, EQ, 02-Sep-2026, 801.60, 802.00, 820.00, 771.70, 780.00, 785.70, 795.70, 41615, 331.13, 3875, 16582, 39.85
PAVNAIND, EQ, 02-Sep-2026, 17.17, 17.26, 17.94, 16.00, 17.29, 17.23, 16.83, 83740, 14.10, 465, 50537, 60.35
PAYTM, EQ, 02-Sep-2026, 1633.50, 1628.10, 1633.30, 1594.20, 1619.00, 1619.00, 1605.90, 3008191, 48308.52, 91787, 1544769, 51.35
PBMPOLY, EQ, 02-Sep-2026, 64.41, 62.60, 62.60, 58.00, 60.97, 59.26, 59.28, 1728, 1.02, 83, 1235, 71.47
PCBL, EQ, 02-Sep-2026, 317.50, 316.70, 316.80, 310.70, 315.20, 315.30, 314.36, 867848, 2728.18, 13727, 457955, 52.77
PCCL, SM, 02-Sep-2026, 405.85, 405.85, 420.00, 405.85, 420.00, 416.85, 413.48, 22400, 92.62, 39, 15600, 69.64
PCJEWELLER, EQ, 02-Sep-2026, 10.32, 10.30, 10.39, 9.98, 10.17, 10.18, 10.18, 274840339, 27971.80, 81554, 43368668, 15.78
PDMJEPAPER, EQ, 02-Sep-2026, 92.57, 92.50, 92.50, 89.81, 90.80, 90.92, 90.76, 74507, 67.62, 1214, 47774, 64.12
PDSL, EQ, 02-Sep-2026, 359.85, 362.00, 362.00, 350.80, 350.85, 351.85, 354.74, 90855, 322.30, 6099, 53683, 59.09
PEARLPOLY, EQ, 02-Sep-2026, 15.05, 15.50, 15.50, 15.00, 15.39, 15.25, 15.24, 54336, 8.28, 56, 52750, 97.08
PELATRO, SM, 02-Sep-2026, 346.60, 350.00, 369.00, 350.00, 353.00, 354.50, 357.56, 13200, 47.20, 33, 11400, 86.36
PENIND, EQ, 02-Sep-2026, 165.66, 165.00, 168.95, 163.15, 166.21, 165.90, 166.59, 360595, 600.72, 6215, 151062, 41.89
PENINLAND, BE, 02-Sep-2026, 15.38, 15.38, 15.64, 15.00, 15.50, 15.49, 15.42, 90151, 13.90, 205, -, -
PENTAGON, SM, 02-Sep-2026, 52.00, 52.00, 62.40, 52.00, 62.40, 62.40, 58.08, 20000, 11.62, 20, 20000, 100.00
PERFECT, SZ, 02-Sep-2026, 1.95, 1.90, 1.90, 1.90, 1.90, 1.90, 1.90, 6000, 0.11, 2, 6000, 100.00
PERMAGN, EQ, 02-Sep-2026, 895.10, 895.10, 895.10, 870.00, 870.00, 871.55, 877.94, 4817, 42.29, 379, 3986, 82.75
PERSISTENT, EQ, 02-Sep-2026, 5800.00, 5700.00, 5738.00, 5640.50, 5690.00, 5690.00, 5689.00, 610391, 34725.12, 44524, 296461, 48.57
PETRONET, EQ, 02-Sep-2026, 292.30, 293.25, 294.00, 288.35, 289.20, 289.20, 290.43, 1476710, 4288.80, 30093, 914292, 61.91
PFC, EQ, 02-Sep-2026, 345.80, 343.40, 347.30, 340.50, 346.50, 346.50, 345.48, 11746142, 40581.02, 49358, 8660420, 73.73
PFIZER, EQ, 02-Sep-2026, 4665.90, 4625.30, 4655.90, 4614.00, 4650.00, 4627.60, 4626.81, 9434, 436.49, 3220, 6159, 65.29
PFOCUS, EQ, 02-Sep-2026, 286.50, 287.00, 287.00, 277.50, 280.05, 280.35, 280.95, 515115, 1447.24, 11170, 223421, 43.37
PFS, EQ, 02-Sep-2026, 26.96, 27.00, 27.30, 26.43, 27.08, 27.12, 26.82, 429299, 115.14, 2247, 219607, 51.15
PGEL, EQ, 02-Sep-2026, 569.90, 566.00, 567.45, 556.20, 566.00, 566.00, 563.33, 1907087, 10743.17, 34949, 976054, 51.18
PGHH, EQ, 02-Sep-2026, 7881.50, 7881.50, 7885.50, 7740.00, 7770.00, 7762.50, 7773.04, 20386, 1584.61, 5016, 12850, 63.03
PGHL, EQ, 02-Sep-2026, 5776.00, 5750.00, 5759.50, 5662.50, 5675.50, 5669.50, 5696.69, 4582, 261.02, 1455, 2679, 58.47
PGIL, EQ, 02-Sep-2026, 2348.00, 2346.00, 2395.80, 2322.10, 2345.00, 2361.60, 2364.06, 74186, 1753.80, 9971, 35826, 48.29
PGINVIT, IV, 02-Sep-2026, 100.25, 100.25, 100.34, 99.90, 100.12, 100.07, 100.04, 1304847, 1305.37, 5435, 1205168, 92.36
PHANTOMFX, SM, 02-Sep-2026, 119.95, 117.35, 118.30, 114.05, 115.30, 116.05, 116.78, 15300, 17.87, 40, 13500, 88.24
PHARMABEES, EQ, 02-Sep-2026, 27.53, 28.36, 28.36, 27.34, 27.49, 27.56, 27.47, 5928234, 1628.75, 13506, 3160100, 53.31
PHOENIXLTD, EQ, 02-Sep-2026, 1892.60, 1890.10, 1920.10, 1870.60, 1920.10, 1920.10, 1898.60, 200132, 3799.71, 13974, 122104, 61.01
PHOENXINTL, EQ, 02-Sep-2026, 31.58, 30.70, 31.49, 29.56, 31.39, 31.39, 29.60, 1386, 0.41, 44, 1076, 77.63
PHOGLOBAL, SM, 02-Sep-2026, 13.85, 13.80, 14.20, 13.80, 14.20, 14.20, 14.03, 8000, 1.12, 4, 6000, 75.00
PICCADIL, EQ, 02-Sep-2026, 634.00, 630.75, 637.90, 620.50, 621.00, 622.25, 626.76, 142699, 894.38, 8287, 78126, 54.75
PIDILITIND, EQ, 02-Sep-2026, 1643.50, 1639.00, 1639.50, 1624.10, 1637.00, 1637.00, 1632.76, 635780, 10380.78, 31990, 397855, 62.58
PIGL, EQ, 02-Sep-2026, 99.68, 99.51, 103.88, 98.61, 98.61, 99.28, 99.90, 16989, 16.97, 397, 10377, 61.08
PIIND, EQ, 02-Sep-2026, 2397.10, 2376.10, 2393.60, 2353.50, 2393.00, 2393.00, 2377.95, 128403, 3053.37, 12422, 51123, 39.81
PILANIINVS, EQ, 02-Sep-2026, 4353.20, 4325.00, 4356.20, 4270.60, 4340.00, 4325.00, 4310.98, 987, 42.55, 225, 522, 52.89
PILITA, EQ, 02-Sep-2026, 8.08, 8.08, 8.08, 7.77, 7.95, 7.95, 7.92, 29807, 2.36, 187, 26813, 89.96
PINELABS, EQ, 02-Sep-2026, 159.89, 161.50, 164.40, 158.27, 162.80, 162.32, 161.44, 20367566, 32880.69, 116373, 6608950, 32.45
PIONEEREMB, EQ, 02-Sep-2026, 21.73, 21.51, 21.87, 21.28, 21.40, 21.40, 21.42, 2023, 0.43, 35, 1844, 91.15
PIONRINV, BE, 02-Sep-2026, 79.50, 79.50, 79.50, 75.53, 76.00, 76.43, 76.65, 1221, 0.94, 30, -, -
PIRAMALFIN, EQ, 02-Sep-2026, 2226.10, 2204.00, 2219.60, 2165.90, 2185.00, 2186.50, 2188.90, 588816, 12888.60, 25186, 371152, 63.03
PITTIENG, EQ, 02-Sep-2026, 1074.70, 1071.70, 1103.00, 1055.00, 1095.50, 1093.00, 1083.56, 71422, 773.90, 6206, 34933, 48.91
PIXTRANS, EQ, 02-Sep-2026, 1785.10, 1780.50, 1787.90, 1757.90, 1774.00, 1766.90, 1770.46, 8408, 148.86, 1200, 4748, 56.47
PKTEA, EQ, 02-Sep-2026, 739.50, 719.20, 745.00, 700.00, 730.00, 728.65, 717.84, 176, 1.26, 23, 146, 82.95
PLASTIBLEN, EQ, 02-Sep-2026, 185.59, 184.15, 186.72, 181.80, 183.02, 183.39, 184.40, 15465, 28.52, 551, 6831, 44.17
PLATIND, EQ, 02-Sep-2026, 227.79, 225.10, 230.99, 219.00, 230.00, 229.69, 227.58, 61075, 139.00, 1853, 29236, 47.87
PLAZACABLE, EQ, 02-Sep-2026, 58.92, 58.89, 61.86, 55.98, 61.74, 61.80, 58.86, 303102, 178.42, 2524, 167995, 55.43
PML, EQ, 02-Sep-2026, 492.00, 486.00, 490.00, 481.00, 490.00, 483.85, 483.11, 99, 0.48, 15, 99, 100.00
PNB, EQ, 02-Sep-2026, 115.22, 114.65, 117.25, 113.92, 117.00, 117.00, 116.50, 21100041, 24581.72, 61783, 9065733, 42.97
PNBGILTS, EQ, 02-Sep-2026, 76.44, 76.44, 80.80, 75.52, 78.27, 78.19, 78.61, 530316, 416.86, 5399, 241452, 45.53
PNBHOUSING, EQ, 02-Sep-2026, 1152.00, 1148.00, 1148.00, 1125.40, 1141.00, 1141.00, 1136.59, 446878, 5079.17, 23676, 213001, 47.66
PNC, EQ, 02-Sep-2026, 16.89, 17.50, 17.50, 15.96, 16.18, 16.37, 16.21, 39970, 6.48, 351, 27086, 67.77
PNCINFRA, EQ, 02-Sep-2026, 188.77, 188.75, 190.19, 179.50, 180.00, 180.89, 182.81, 859041, 1570.38, 10598, 600989, 69.96
PNGJL, EQ, 02-Sep-2026, 586.65, 586.70, 593.90, 563.10, 591.10, 592.10, 578.91, 1137103, 6582.86, 34469, 639191, 56.21
PNGSREVA, EQ, 02-Sep-2026, 511.25, 508.00, 527.40, 488.00, 524.30, 521.70, 508.55, 194259, 987.90, 5959, 110764, 57.02
POCL, EQ, 02-Sep-2026, 484.75, 484.75, 494.20, 475.00, 477.00, 479.20, 484.33, 323807, 1568.29, 11483, 129709, 40.06
PODDARMENT, EQ, 02-Sep-2026, 256.20, 256.05, 257.95, 250.30, 250.60, 253.90, 252.45, 2199, 5.55, 99, 1639, 74.53
POEL, EQ, 02-Sep-2026, 148.42, 148.00, 151.54, 140.60, 147.50, 144.62, 146.35, 30475, 44.60, 561, 19842, 65.11
POKARNA, EQ, 02-Sep-2026, 841.95, 838.00, 844.90, 825.30, 844.90, 839.35, 835.33, 31652, 264.40, 2774, 15723, 49.67
POLICYBZR, EQ, 02-Sep-2026, 1829.20, 1829.00, 1860.00, 1810.00, 1851.90, 1851.90, 1840.58, 610594, 11238.47, 25459, 363469, 59.53
POLYCAB, EQ, 02-Sep-2026, 8895.50, 8876.50, 8933.00, 8732.00, 8804.00, 8804.00, 8814.01, 434543, 38300.68, 54283, 206370, 47.49
POLYMED, EQ, 02-Sep-2026, 1756.40, 1750.00, 1858.00, 1739.60, 1796.00, 1783.80, 1811.64, 744104, 13480.51, 56811, 211127, 28.37
POLYPLEX, EQ, 02-Sep-2026, 1187.70, 1182.10, 1194.70, 1172.10, 1193.00, 1190.40, 1185.02, 46020, 545.34, 4545, 22899, 49.76
POLYSIL, SM, 02-Sep-2026, 60.90, 63.90, 63.90, 62.70, 63.90, 63.90, 63.86, 189500, 121.01, 156, 141500, 74.67
POLYSPIN, EQ, 02-Sep-2026, 30.10, 29.99, 29.99, 28.56, 28.77, 28.77, 29.82, 230, 0.07, 18, 191, 83.04
PONNIERODE, EQ, 02-Sep-2026, 380.20, 375.85, 403.75, 375.85, 400.00, 399.05, 392.52, 35699, 140.13, 2333, 12133, 33.99
POONAWALLA, EQ, 02-Sep-2026, 460.95, 458.00, 461.20, 450.60, 460.00, 459.65, 455.54, 473536, 2157.16, 15326, 184491, 38.96
POSITRON, SM, 02-Sep-2026, 168.00, 163.50, 170.80, 163.50, 170.00, 170.05, 168.78, 9000, 15.19, 23, 7800, 86.67
POWERGRID, EQ, 02-Sep-2026, 264.55, 264.00, 268.35, 262.40, 266.80, 266.80, 266.29, 9068868, 24149.78, 69928, 5337927, 58.86
POWERICA, EQ, 02-Sep-2026, 512.35, 510.00, 510.90, 490.65, 495.00, 494.55, 499.33, 98400, 491.34, 4188, 59010, 59.97
POWERINDIA, EQ, 02-Sep-2026, 32640.00, 32595.00, 32595.00, 31750.00, 32200.00, 32200.00, 32029.81, 84787, 27157.11, 35056, 35381, 41.73
POWERMECH, EQ, 02-Sep-2026, 2481.00, 2473.30, 2479.00, 2435.00, 2442.00, 2440.00, 2453.94, 26551, 651.55, 4421, 13857, 52.19
PPAP, BE, 02-Sep-2026, 269.30, 269.00, 269.00, 256.25, 263.00, 261.05, 261.15, 14487, 37.83, 241, -, -
PPL, BE, 02-Sep-2026, 261.55, 258.20, 259.45, 254.00, 257.80, 257.10, 257.31, 21504, 55.33, 311, -, -
PPLPHARMA, EQ, 02-Sep-2026, 213.20, 212.84, 217.82, 211.36, 214.00, 213.78, 214.26, 3102064, 6646.52, 30176, 1237126, 39.88
PPSL, SM, 02-Sep-2026, 3.00, 2.95, 3.00, 2.85, 2.85, 2.85, 2.86, 159000, 4.55, 34, 123000, 77.36
PRABHA, EQ, 02-Sep-2026, 212.56, 214.09, 218.80, 207.32, 216.29, 216.27, 214.69, 161854, 347.48, 2740, 85282, 52.69
PRADPME, BE, 02-Sep-2026, 490.35, 490.00, 497.90, 483.00, 497.90, 497.90, 492.81, 2320, 11.43, 29, -, -
PRAENG, EQ, 02-Sep-2026, 24.44, 24.98, 26.19, 24.42, 24.95, 24.86, 25.11, 407368, 102.29, 1799, 268850, 66.00
PRAJIND, EQ, 02-Sep-2026, 340.30, 339.00, 341.65, 328.10, 334.70, 334.50, 334.24, 633023, 2115.84, 15480, 252528, 39.89
PRAKASH, EQ, 02-Sep-2026, 126.22, 125.15, 125.89, 124.00, 124.69, 124.34, 124.63, 196922, 245.43, 2795, 116277, 59.05
PRAKASHSTL, EQ, 02-Sep-2026, 3.87, 3.88, 3.92, 3.79, 3.81, 3.80, 3.83, 158017, 6.06, 392, 140161, 88.70
PRAMARA, SM, 02-Sep-2026, 112.00, 111.45, 112.00, 101.10, 101.70, 105.45, 107.75, 19500, 21.01, 26, 15000, 76.92
PRAMODINI, SM, 02-Sep-2026, 117.10, 119.20, 119.20, 115.00, 117.40, 117.10, 116.86, 81600, 95.35, 56, 66000, 80.88
PRANIK, SM, 02-Sep-2026, 43.00, 40.00, 40.55, 39.10, 39.10, 39.90, 39.94, 8000, 3.20, 5, 8000, 100.00
PRATHAM, SM, 02-Sep-2026, 119.35, 119.50, 123.00, 119.50, 122.00, 122.00, 121.37, 3200, 3.88, 7, 2800, 87.50
PRAVEG, EQ, 02-Sep-2026, 265.95, 263.00, 265.00, 260.05, 260.40, 260.85, 261.79, 16745, 43.84, 954, 10742, 64.15
PRAXIS, EQ, 02-Sep-2026, 4.69, 4.69, 4.71, 4.46, 4.50, 4.46, 4.49, 186357, 8.37, 275, 162150, 87.01
PRECAM, EQ, 02-Sep-2026, 123.15, 123.60, 130.00, 119.49, 123.89, 122.87, 121.48, 139788, 169.81, 3419, 63820, 45.65
PRECOT, EQ, 02-Sep-2026, 694.90, 686.00, 702.40, 686.00, 692.20, 692.20, 691.84, 1212, 8.39, 114, 880, 72.61
PRECWIRE, EQ, 02-Sep-2026, 497.30, 493.55, 502.20, 478.90, 485.00, 483.10, 486.11, 604171, 2936.91, 21644, 223175, 36.94
PREMCO, EQ, 02-Sep-2026, 382.60, 383.00, 394.05, 380.70, 389.40, 383.75, 386.59, 1114, 4.31, 65, 942, 84.56
PREMEXPLN, EQ, 02-Sep-2026, 663.95, 702.50, 702.50, 666.10, 668.60, 668.80, 678.03, 817689, 5544.16, 15419, 229866, 28.11
PREMIER, BE, 02-Sep-2026, 2.90, 2.90, 2.90, 2.76, 2.76, 2.76, 2.80, 5669, 0.16, 22, -, -
PREMIERENE, EQ, 02-Sep-2026, 1012.90, 1012.90, 1012.90, 998.00, 1000.00, 1000.00, 1002.64, 827532, 8297.14, 30777, 431166, 52.10
PREMIERPOL, EQ, 02-Sep-2026, 90.44, 90.30, 92.19, 89.02, 89.88, 89.79, 90.17, 163733, 147.63, 3194, 72216, 44.11
PRESSTONIC, SM, 02-Sep-2026, 33.00, 34.15, 36.00, 32.90, 33.00, 33.80, 34.27, 32000, 10.97, 34, 20000, 62.50
PRESTIGE, EQ, 02-Sep-2026, 1570.00, 1562.20, 1582.00, 1521.80, 1582.00, 1582.00, 1551.32, 546247, 8474.01, 26689, 257863, 47.21
PRICOLLTD, EQ, 02-Sep-2026, 797.00, 796.20, 796.20, 762.00, 768.75, 767.75, 774.80, 545899, 4229.65, 19771, 326365, 59.78
PRIMECAB, ST, 02-Sep-2026, 198.00, 207.65, 207.65, 203.00, 203.00, 203.00, 205.13, 8000, 16.41, 5, 8000, 100.00
PRIMESECU, EQ, 02-Sep-2026, 282.70, 284.90, 291.65, 279.70, 290.10, 287.30, 286.24, 89913, 257.37, 487, 51323, 57.08
PRIMO, EQ, 02-Sep-2026, 21.26, 21.25, 21.44, 20.31, 20.78, 20.80, 20.87, 121947, 25.46, 1617, 59502, 48.79
PRINCEPIPE, EQ, 02-Sep-2026, 291.75, 292.00, 292.45, 284.00, 287.00, 285.00, 286.73, 122407, 350.98, 3287, 63851, 52.16
PRISMX, EQ, 02-Sep-2026, 0.53, 0.55, 0.55, 0.51, 0.53, 0.51, 0.53, 148588, 0.78, 129, 99685, 67.09
PRITI, BE, 02-Sep-2026, 33.29, 33.99, 33.99, 33.25, 33.30, 33.25, 33.68, 3141, 1.06, 51, -, -
PRITIKA, SM, 02-Sep-2026, 61.80, 63.25, 63.35, 63.00, 63.35, 63.35, 63.28, 16000, 10.13, 4, 12000, 75.00
PRITIKAUTO, BE, 02-Sep-2026, 16.75, 16.80, 16.99, 16.16, 16.21, 16.32, 16.40, 111868, 18.35, 329, -, -
PRIVISCL, EQ, 02-Sep-2026, 3345.90, 3323.60, 3397.80, 3303.30, 3343.40, 3335.30, 3338.43, 63594, 2123.04, 13615, 39574, 62.23
PRIZOR, ST, 02-Sep-2026, 1131.25, 1108.65, 1153.85, 1108.65, 1153.85, 1153.85, 1133.17, 18400, 208.50, 46, 17200, 93.48
PRLIND, SM, 02-Sep-2026, 41.60, 41.80, 42.00, 41.00, 41.00, 41.50, 41.85, 26000, 10.88, 16, 22000, 84.62
PROFX, SM, 02-Sep-2026, 80.00, 76.80, 76.80, 76.80, 76.80, 76.80, 76.80, 1600, 1.23, 1, 1600, 100.00
PROLIFE, SM, 02-Sep-2026, 80.00, 76.00, 76.00, 76.00, 76.00, 76.00, 76.00, 1500, 1.14, 3, 1500, 100.00
PROPEQUITY, SM, 02-Sep-2026, 210.00, 210.00, 210.00, 210.00, 210.00, 210.00, 210.00, 600, 1.26, 1, 600, 100.00
PROPSHOP, SM, 02-Sep-2026, 66.20, 63.05, 69.00, 63.05, 68.00, 68.45, 67.40, 28000, 18.87, 13, 24000, 85.71
PROSTARM, EQ, 02-Sep-2026, 131.72, 132.23, 134.17, 130.56, 131.79, 131.56, 131.46, 112415, 147.78, 1615, 44640, 39.71
PROTEAN, EQ, 02-Sep-2026, 509.90, 510.00, 511.00, 496.20, 497.95, 497.65, 500.28, 320935, 1605.59, 11381, 179567, 55.95
PROZONER, EQ, 02-Sep-2026, 44.92, 44.10, 47.48, 44.10, 46.00, 46.49, 46.09, 498977, 229.99, 2320, 368171, 73.79
PRSMJOHNSN, EQ, 02-Sep-2026, 111.20, 111.50, 112.20, 110.14, 111.64, 111.64, 111.34, 243544, 271.17, 3469, 125100, 51.37
PRUDENT, EQ, 02-Sep-2026, 3352.30, 3341.00, 3341.00, 3215.00, 3250.00, 3237.40, 3255.10, 28548, 929.26, 7353, 14840, 51.98
PRUDMOULI, BE, 02-Sep-2026, 16.42, 15.80, 16.20, 15.75, 15.81, 15.81, 15.79, 3073, 0.49, 24, -, -
PSB, EQ, 02-Sep-2026, 22.58, 22.58, 22.72, 22.09, 22.72, 22.58, 22.39, 1678778, 375.91, 3703, 824903, 49.14
PSFL, SM, 02-Sep-2026, 31.10, 31.50, 32.00, 31.50, 32.00, 32.00, 31.75, 12000, 3.81, 5, 12000, 100.00
PSPPROJECT, EQ, 02-Sep-2026, 874.50, 867.00, 887.90, 848.70, 856.10, 858.00, 863.97, 79009, 682.61, 3474, 45645, 57.77
PSUBANK, EQ, 02-Sep-2026, 85.16, 84.50, 85.65, 84.40, 85.24, 85.25, 85.12, 743798, 633.12, 946, 234954, 31.59
PSUBANKADD, EQ, 02-Sep-2026, 85.72, 85.38, 86.44, 85.13, 85.96, 85.97, 85.80, 42893, 36.80, 240, 26930, 62.78
PSUBNKBEES, EQ, 02-Sep-2026, 94.65, 94.26, 95.57, 94.08, 94.80, 94.77, 94.86, 1041734, 988.24, 5571, 469483, 45.07
PSUBNKIETF, EQ, 02-Sep-2026, 86.24, 85.86, 86.82, 85.50, 86.00, 86.04, 86.05, 88783, 76.40, 719, 47256, 53.23
PTC, EQ, 02-Sep-2026, 155.20, 155.00, 155.90, 153.41, 155.90, 155.44, 154.76, 761035, 1177.76, 8441, 468660, 61.58
PTCIL, EQ, 02-Sep-2026, 22755.00, 22685.00, 22980.00, 22335.00, 22865.00, 22715.00, 22720.58, 33761, 7670.69, 12123, 9068, 26.86
PTL, EQ, 02-Sep-2026, 38.39, 38.35, 38.59, 38.15, 38.55, 38.45, 38.46, 27631, 10.63, 523, 21388, 77.41
PUNJABCHEM, EQ, 02-Sep-2026, 1109.30, 1113.10, 1118.40, 1088.40, 1099.00, 1093.40, 1097.09, 3693, 40.52, 526, 2245, 60.79
PURPLEUTED, ST, 02-Sep-2026, 395.30, 380.20, 407.00, 380.20, 405.70, 405.70, 400.76, 14250, 57.11, 48, 13750, 96.49
PURVA, EQ, 02-Sep-2026, 212.38, 214.00, 214.00, 208.20, 208.60, 209.79, 209.46, 102085, 213.82, 2599, 44892, 43.98
PURVFLEXI, SM, 02-Sep-2026, 50.90, 48.50, 49.95, 48.40, 48.40, 48.40, 48.53, 18400, 8.93, 22, 15200, 82.61
PUSHPA, SM, 02-Sep-2026, 107.20, 112.50, 114.45, 111.65, 114.45, 114.20, 113.25, 33000, 37.37, 24, 22000, 66.67
PVP, EQ, 02-Sep-2026, 65.06, 61.81, 62.00, 61.81, 61.81, 61.81, 61.82, 700698, 433.19, 990, 549495, 78.42
PVRINOX, EQ, 02-Sep-2026, 1228.20, 1231.70, 1231.70, 1207.00, 1212.00, 1210.00, 1219.16, 311807, 3801.43, 29076, 191207, 61.32
PVSL, EQ, 02-Sep-2026, 103.70, 105.00, 105.00, 98.10, 102.00, 102.39, 101.12, 30147, 30.48, 1119, 17577, 58.30
PVTBANIETF, EQ, 02-Sep-2026, 27.93, 28.62, 28.62, 27.79, 27.84, 27.84, 27.86, 3650705, 1017.11, 1492, 2728453, 74.74
PVTBANK, EQ, 02-Sep-2026, 27.64, 27.62, 27.75, 27.60, 27.60, 27.60, 27.67, 2433, 0.67, 16, 2429, 99.84
PVTBANKADD, EQ, 02-Sep-2026, 28.08, 28.05, 28.15, 27.95, 28.15, 28.02, 28.06, 28206, 7.92, 156, 20381, 72.26
PVTBKGROWW, EQ, 02-Sep-2026, 27.73, 27.66, 27.95, 27.41, 27.50, 27.76, 27.65, 11623, 3.21, 150, 6165, 53.04
PWL, EQ, 02-Sep-2026, 114.94, 114.50, 116.24, 112.39, 116.00, 115.47, 114.18, 5535743, 6320.69, 28506, 1563992, 28.25
PYRAMID, EQ, 02-Sep-2026, 158.08, 159.66, 159.66, 154.82, 156.07, 155.64, 156.08, 42803, 66.81, 981, 25169, 58.80
QGOLDHALF, EQ, 02-Sep-2026, 125.58, 124.31, 125.30, 123.06, 123.84, 123.84, 124.02, 375724, 465.98, 1430, 199172, 53.01
QLINE, SM, 02-Sep-2026, 587.05, 584.00, 623.00, 568.00, 620.00, 619.55, 602.91, 164000, 988.78, 350, 113200, 69.02
QMSMEDI, BE, 02-Sep-2026, 161.31, 160.00, 161.99, 157.75, 159.89, 158.33, 159.32, 12338, 19.66, 129, -, -
QNIFTY, EQ, 02-Sep-2026, 264.36, 267.50, 267.50, 262.17, 263.60, 263.41, 263.19, 6966, 18.33, 108, 3615, 51.89
QPOWER, EQ, 02-Sep-2026, 1488.00, 1488.20, 1500.00, 1450.00, 1461.00, 1455.60, 1471.26, 190928, 2809.06, 11967, 86898, 45.51
QUADFUTURE, EQ, 02-Sep-2026, 419.15, 412.00, 429.70, 412.00, 419.80, 415.00, 421.52, 294548, 1241.59, 9237, 94093, 31.94
QUAL30IETF, EQ, 02-Sep-2026, 21.49, 21.27, 21.27, 20.99, 21.12, 21.10, 21.06, 186417, 39.26, 681, 119536, 64.12
QUALITY30, EQ, 02-Sep-2026, 20.86, 20.69, 20.85, 20.65, 20.85, 20.74, 20.72, 6019, 1.25, 53, 5213, 86.61
QUESS, EQ, 02-Sep-2026, 379.50, 378.00, 382.00, 363.50, 376.10, 379.25, 372.97, 401103, 1496.00, 17499, 149936, 37.38
QUESTLAB, SM, 02-Sep-2026, 85.65, 85.20, 85.50, 84.00, 84.00, 84.00, 84.94, 6000, 5.10, 5, 6000, 100.00
QUICKHEAL, BE, 02-Sep-2026, 137.23, 138.66, 138.66, 136.05, 137.95, 137.96, 137.62, 34614, 47.64, 422, -, -
QUICKTOUCH, SM, 02-Sep-2026, 15.85, 15.50, 15.50, 15.50, 15.50, 15.50, 15.50, 1500, 0.23, 2, 1500, 100.00
QUINT, EQ, 02-Sep-2026, 40.97, 40.10, 40.29, 38.75, 39.10, 39.44, 39.35, 1281, 0.50, 35, 1121, 87.51
QVCEL, SM, 02-Sep-2026, 23.65, 23.05, 23.75, 22.50, 23.75, 23.75, 22.87, 25600, 5.85, 13, 17600, 68.75
RACE, EQ, 02-Sep-2026, 99.68, 102.50, 102.50, 98.50, 102.44, 100.36, 99.16, 12224, 12.12, 84, 11255, 92.07
RACLGEAR, EQ, 02-Sep-2026, 1537.90, 1530.00, 1560.00, 1485.00, 1513.10, 1516.60, 1514.42, 23651, 358.17, 3094, 11563, 48.89
RADAAN, EQ, 02-Sep-2026, 2.90, 2.73, 3.00, 2.73, 2.88, 2.88, 2.85, 27131, 0.77, 89, 19628, 72.35
RADHIKAJWE, EQ, 02-Sep-2026, 71.10, 71.00, 73.90, 70.55, 71.75, 71.60, 71.93, 1365803, 982.42, 12208, 231396, 16.94
RADIANTCMS, EQ, 02-Sep-2026, 39.07, 39.60, 39.90, 38.90, 39.10, 39.18, 39.29, 254057, 99.82, 2164, 162626, 64.01
RADICO, EQ, 02-Sep-2026, 4474.30, 4448.60, 4476.20, 4390.00, 4476.20, 4476.20, 4431.32, 183742, 8142.20, 31222, 96817, 52.69
RADIOCITY, EQ, 02-Sep-2026, 6.41, 6.40, 6.48, 6.21, 6.36, 6.32, 6.31, 33741, 2.13, 120, 30688, 90.95
RADIOWALLA, ST, 02-Sep-2026, 30.25, 31.75, 31.75, 31.75, 31.75, 31.75, 31.75, 22400, 7.11, 9, 22400, 100.00
RAILTEL, EQ, 02-Sep-2026, 277.90, 274.30, 275.05, 270.50, 271.75, 271.55, 272.19, 303377, 825.75, 9144, 129282, 42.61
RAIN, EQ, 02-Sep-2026, 206.55, 205.00, 208.70, 202.58, 205.00, 205.66, 205.03, 2767223, 5673.62, 18459, 914335, 33.04
RAINBOW, EQ, 02-Sep-2026, 1446.40, 1440.00, 1440.00, 1421.00, 1432.00, 1433.00, 1431.04, 38375, 549.16, 6534, 17947, 46.77
RAJESHEXPO, BZ, 02-Sep-2026, 75.71, 77.90, 79.49, 77.00, 79.49, 79.49, 79.18, 300872, 238.23, 2100, -, -
RAJINDLTD, SM, 02-Sep-2026, 64.80, 65.00, 65.00, 61.05, 63.00, 63.00, 63.70, 16500, 10.51, 11, 12000, 72.73
RAJMET, EQ, 02-Sep-2026, 3.11, 3.09, 3.16, 3.09, 3.12, 3.10, 3.12, 246319, 7.67, 609, 188577, 76.56
RAJOOENG, BE, 02-Sep-2026, 49.45, 49.44, 49.44, 48.06, 48.95, 48.67, 48.60, 79982, 38.87, 554, -, -
RAJPALAYAM, EQ, 02-Sep-2026, 810.00, 810.05, 810.05, 791.90, 794.10, 794.10, 796.99, 839, 6.69, 67, 597, 71.16
RAJPUTANA, SM, 02-Sep-2026, 242.00, 237.05, 239.00, 220.00, 238.50, 238.50, 231.70, 26500, 61.40, 40, 22500, 84.91
RAJRATAN, EQ, 02-Sep-2026, 496.70, 496.70, 496.70, 487.55, 490.00, 490.45, 491.64, 31340, 154.08, 1882, 18473, 58.94
RAJRILTD, BE, 02-Sep-2026, 22.81, 22.81, 23.15, 22.36, 22.80, 22.43, 22.44, 38997, 8.75, 120, -, -
RAJSREESUG, EQ, 02-Sep-2026, 36.23, 35.52, 36.99, 35.33, 35.50, 35.55, 36.21, 25195, 9.12, 407, 12932, 51.33
RAJTV, EQ, 02-Sep-2026, 9.39, 8.93, 8.93, 8.93, 8.93, 8.93, 8.93, 49994, 4.46, 175, 49054, 98.12
RALLIS, EQ, 02-Sep-2026, 207.17, 206.99, 209.97, 204.51, 209.00, 209.50, 207.83, 724374, 1505.50, 24027, 395741, 54.63
RAMANEWS, EQ, 02-Sep-2026, 31.49, 31.80, 31.80, 30.82, 31.06, 31.20, 31.11, 6736, 2.10, 92, 4849, 71.99
RAMAPHO, EQ, 02-Sep-2026, 122.22, 121.86, 124.00, 121.10, 123.34, 122.93, 122.48, 6459, 7.91, 260, 3469, 53.71
RAMASTEEL, BE, 02-Sep-2026, 4.25, 4.17, 4.17, 4.17, 4.17, 4.17, 4.17, 410347, 17.11, 1144, -, -
RAMBHAJO, EQ, 02-Sep-2026, 237.07, 233.34, 258.99, 233.34, 245.51, 246.17, 244.43, 1238324, 3026.82, 14962, 429830, 34.71
RAMCOCEM, EQ, 02-Sep-2026, 875.35, 878.25, 878.25, 856.75, 863.00, 864.35, 862.64, 100528, 867.19, 7838, 44841, 44.61
RAMCOIND, EQ, 02-Sep-2026, 323.70, 321.60, 324.55, 317.35, 319.00, 319.50, 320.29, 122658, 392.86, 2905, 59550, 48.55
RAMCOSYS, EQ, 02-Sep-2026, 590.95, 590.00, 593.00, 575.00, 580.10, 579.00, 582.07, 86512, 503.56, 3731, 39377, 45.52
RAMKY, EQ, 02-Sep-2026, 343.85, 343.50, 343.85, 333.00, 340.10, 340.85, 340.82, 22632, 77.13, 874, 12828, 56.68
RAMRAT, EQ, 02-Sep-2026, 570.20, 570.20, 577.50, 532.30, 537.10, 535.10, 548.96, 400073, 2196.25, 18262, 172334, 43.08
RANASUG, EQ, 02-Sep-2026, 14.94, 14.78, 15.13, 14.70, 14.89, 14.90, 14.97, 193282, 28.94, 637, 100255, 51.87
RANEHOLDIN, EQ, 02-Sep-2026, 1560.70, 1552.00, 1615.00, 1538.10, 1600.00, 1605.20, 1584.73, 10389, 164.64, 1435, 6651, 64.02
RAPIDFLEET, SM, 02-Sep-2026, 232.50, 238.50, 238.70, 230.00, 230.00, 230.00, 234.15, 16800, 39.34, 27, 4200, 25.00
RAPPID, SM, 02-Sep-2026, 298.50, 298.00, 310.00, 298.00, 309.90, 304.70, 302.98, 7200, 21.81, 11, 6000, 83.33
RATEGAIN, EQ, 02-Sep-2026, 911.25, 907.00, 914.70, 871.25, 875.00, 875.35, 884.03, 602952, 5330.26, 33546, 311370, 51.64
RATNA-RE, BE, 02-Sep-2026, 27.35, 17.50, 17.50, 16.45, 16.45, 16.45, 16.53, 115644, 19.11, 1273, -, -
RATNAMANI, EQ, 02-Sep-2026, 2605.10, 2610.00, 2656.00, 2556.00, 2618.00, 2634.30, 2610.37, 44485, 1161.22, 12941, 17488, 39.31
RATNAVEER, EQ, 02-Sep-2026, 291.35, 291.30, 293.60, 282.00, 285.75, 286.15, 287.47, 1974512, 5676.11, 18506, 588855, 29.82
RAYMOND, EQ, 02-Sep-2026, 635.30, 632.90, 674.90, 625.30, 666.70, 667.25, 664.17, 2180718, 14483.68, 58513, 666819, 30.58
RAYMONDLSL, EQ, 02-Sep-2026, 637.15, 631.00, 662.90, 628.25, 650.40, 650.30, 650.90, 225434, 1467.35, 9205, 116864, 51.84
RAYMONDREL, EQ, 02-Sep-2026, 516.75, 516.75, 528.00, 501.05, 510.00, 506.05, 512.40, 529641, 2713.90, 12654, 269873, 50.95
RBA, EQ, 02-Sep-2026, 99.96, 100.22, 100.24, 97.50, 97.79, 97.75, 98.38, 2134628, 2099.99, 12354, 765044, 35.84
RBLBANK, EQ, 02-Sep-2026, 380.50, 377.60, 392.70, 375.00, 389.40, 389.40, 386.18, 4297189, 16595.05, 55056, 1956000, 45.52
RBMINFRA, SM, 02-Sep-2026, 234.00, 238.75, 243.70, 233.00, 243.70, 242.75, 236.59, 9800, 23.19, 38, 9000, 91.84
RBS, SM, 02-Sep-2026, 89.15, 88.00, 92.90, 88.00, 88.50, 88.50, 89.53, 7200, 6.45, 8, 4800, 66.67
RBZJEWEL, EQ, 02-Sep-2026, 169.00, 176.40, 184.67, 155.00, 162.00, 161.47, 167.29, 10355122, 17322.70, 119102, 787000, 7.60
RCDL, SM, 02-Sep-2026, 15.30, 16.20, 16.20, 14.25, 14.60, 14.55, 14.65, 36000, 5.27, 12, 30000, 83.33
RCDL-RE, ST, 02-Sep-2026, 2.90, 2.70, 2.75, 1.75, 1.75, 1.75, 2.03, 453000, 9.20, 96, 450000, 99.34
RCF, EQ, 02-Sep-2026, 114.51, 113.96, 114.45, 112.70, 114.01, 113.94, 113.73, 717999, 816.61, 7539, 292688, 40.76
RCOM, BE, 02-Sep-2026, 0.81, 0.82, 0.82, 0.78, 0.80, 0.79, 0.80, 3152372, 25.22, 1812, -, -
READYMIX, SM, 02-Sep-2026, 79.65, 79.50, 80.95, 76.00, 80.95, 78.65, 78.28, 28000, 21.92, 28, 8000, 28.57
RECLTD, EQ, 02-Sep-2026, 314.05, 312.00, 318.50, 310.40, 316.45, 316.45, 315.59, 4975534, 15702.08, 35373, 2523212, 50.71
REDINGTON, EQ, 02-Sep-2026, 349.60, 344.35, 366.70, 343.70, 362.95, 363.20, 359.96, 10766413, 38754.86, 104241, 3183889, 29.57
REDTAPE, EQ, 02-Sep-2026, 122.19, 121.00, 121.69, 118.55, 119.00, 118.99, 119.51, 314900, 376.34, 5383, 193768, 61.53
REFEX, EQ, 02-Sep-2026, 277.60, 277.00, 282.45, 273.00, 278.00, 277.45, 277.50, 212725, 590.31, 5716, 97563, 45.86
REFRACTORY, SM, 02-Sep-2026, 27.85, 26.60, 27.60, 26.50, 26.50, 26.50, 26.69, 10000, 2.67, 9, 8000, 80.00
REGAAL, EQ, 02-Sep-2026, 87.90, 88.00, 92.18, 85.68, 91.45, 90.78, 90.23, 826348, 745.66, 3465, 249946, 30.25
REGENCERAM, EQ, 02-Sep-2026, 34.49, 36.00, 36.00, 34.00, 35.39, 35.24, 35.23, 1738, 0.61, 55, 1322, 76.06
RELAXO, EQ, 02-Sep-2026, 359.35, 359.00, 359.00, 344.00, 345.60, 346.40, 347.30, 180409, 626.55, 8676, 65909, 36.53
RELCHEMQ, EQ, 02-Sep-2026, 113.19, 113.19, 115.79, 110.37, 111.20, 111.70, 112.44, 2340, 2.63, 69, 1640, 70.09
RELIABLE, EQ, 02-Sep-2026, 135.98, 138.00, 139.90, 133.61, 139.10, 138.74, 138.46, 57192, 79.19, 930, 24435, 42.72
RELIANCE, EQ, 02-Sep-2026, 1309.00, 1298.00, 1321.90, 1293.10, 1313.10, 1313.10, 1308.95, 13497841, 176680.59, 196257, 8462199, 62.69
RELIGARE, EQ, 02-Sep-2026, 249.78, 249.78, 251.01, 245.42, 249.25, 248.06, 248.24, 576451, 1430.96, 10620, 274454, 47.61
RELINFRA, BE, 02-Sep-2026, 58.21, 58.50, 59.30, 57.05, 57.05, 57.05, 58.02, 333917, 193.75, 2686, -, -
RELTD, EQ, 02-Sep-2026, 153.90, 152.06, 155.49, 151.50, 152.00, 152.13, 152.73, 142843, 218.16, 2371, 99216, 69.46
REMSONSIND, EQ, 02-Sep-2026, 97.44, 97.44, 98.40, 94.00, 94.30, 94.88, 95.21, 69007, 65.70, 2681, 35451, 51.37
REMUS, SM, 02-Sep-2026, 866.60, 866.00, 900.00, 866.00, 880.00, 885.30, 882.76, 3400, 30.01, 33, 2000, 58.82
RENUKA, EQ, 02-Sep-2026, 24.21, 24.30, 24.41, 23.73, 24.02, 23.94, 24.03, 12027252, 2890.20, 19936, 3138964, 26.10
REPCOHOME, EQ, 02-Sep-2026, 362.80, 362.80, 362.80, 354.20, 359.50, 359.60, 359.41, 76623, 275.39, 1708, 47879, 62.49
REPL, BE, 02-Sep-2026, 64.99, 64.99, 67.99, 62.65, 64.30, 64.30, 65.52, 1691, 1.11, 21, -, -
REPRO, EQ, 02-Sep-2026, 328.60, 328.00, 328.00, 317.60, 317.65, 318.40, 321.86, 16541, 53.24, 736, 10053, 60.78
RESPONIND, EQ, 02-Sep-2026, 150.17, 149.01, 152.00, 148.07, 150.03, 150.47, 150.03, 51938, 77.92, 1252, 22280, 42.90
RETAIL, EQ, 02-Sep-2026, 17.09, 16.60, 18.69, 16.60, 17.69, 17.29, 17.69, 11270, 1.99, 119, 5043, 44.75
REXPRO, SM, 02-Sep-2026, 36.45, 37.80, 38.25, 37.15, 37.15, 37.55, 37.89, 9000, 3.41, 9, 7000, 77.78
RFBL, ST, 02-Sep-2026, 90.70, 86.20, 86.20, 86.20, 86.20, 86.20, 86.20, 3000, 2.59, 1, 3000, 100.00
RGL, EQ, 02-Sep-2026, 136.96, 136.96, 139.50, 134.80, 138.90, 137.79, 137.55, 523746, 720.41, 6750, 160828, 30.71
RHETAN, EQ, 02-Sep-2026, 19.12, 21.03, 21.03, 21.02, 21.02, 21.02, 21.03, 5392754, 1133.99, 4681, 2566408, 47.59
RHFL, BZ, 02-Sep-2026, 1.81, 1.80, 1.80, 1.73, 1.76, 1.75, 1.76, 618118, 10.86, 864, -, -
RHIM, EQ, 02-Sep-2026, 368.20, 366.60, 372.00, 361.35, 370.50, 370.50, 365.98, 330000, 1207.75, 7013, 227464, 68.93
RHL, EQ, 02-Sep-2026, 169.45, 165.25, 174.00, 164.20, 168.00, 172.71, 171.36, 6533, 11.20, 87, 4579, 70.09
RICHA, ST, 02-Sep-2026, 78.45, 78.00, 80.20, 78.00, 80.20, 80.20, 79.10, 2000, 1.58, 2, 2000, 100.00
RICOAUTO, EQ, 02-Sep-2026, 127.39, 127.40, 127.40, 123.48, 126.00, 125.70, 125.28, 757096, 948.46, 7018, 266269, 35.17
RIIL, EQ, 02-Sep-2026, 749.70, 744.00, 747.80, 736.00, 747.00, 743.75, 741.08, 34494, 255.63, 2180, 11952, 34.65
RIIT, IV, 02-Sep-2026, 121.32, 121.89, 121.89, 121.15, 121.49, 121.48, 121.48, 224761, 273.05, 3881, 215265, 95.78
RILINFRA, SM, 02-Sep-2026, 35.70, 35.85, 36.50, 34.35, 36.20, 35.55, 35.57, 8900, 3.17, 37, 8200, 92.13
RIR, EQ, 02-Sep-2026, 157.50, 158.44, 159.00, 154.00, 158.89, 157.69, 156.34, 78631, 122.93, 2015, 44701, 56.85
RISHABH, EQ, 02-Sep-2026, 695.70, 690.00, 753.00, 685.85, 746.20, 746.00, 735.39, 1177885, 8662.07, 41910, 361411, 30.68
RITCO, EQ, 02-Sep-2026, 300.30, 297.30, 306.45, 294.65, 306.10, 303.80, 300.72, 49466, 148.76, 1954, 23926, 48.37
RITES, EQ, 02-Sep-2026, 216.38, 215.33, 216.20, 211.62, 212.90, 212.60, 213.13, 292047, 622.43, 7823, 130843, 44.80
RITEZONE, SM, 02-Sep-2026, 17.90, 18.75, 18.75, 18.75, 18.75, 18.75, 18.75, 3200, 0.60, 2, 3200, 100.00
RKDL, EQ, 02-Sep-2026, 18.63, 18.98, 18.98, 18.10, 18.25, 18.25, 18.21, 8523, 1.55, 89, 6649, 78.01
RKEC, EQ, 02-Sep-2026, 21.54, 21.04, 22.50, 21.04, 21.50, 21.56, 21.83, 33170, 7.24, 121, 31388, 94.63
RKFORGE, EQ, 02-Sep-2026, 753.60, 749.00, 749.00, 723.00, 727.05, 726.10, 733.51, 604068, 4430.90, 18425, 299205, 49.53
RKSWAMY, EQ, 02-Sep-2026, 90.58, 92.87, 93.00, 90.51, 93.00, 92.14, 91.87, 19499, 17.91, 486, 12749, 65.38
RMC, EQ, 02-Sep-2026, 232.45, 232.41, 232.82, 220.05, 221.00, 221.42, 224.70, 83910, 188.55, 2799, 47047, 56.07
RMDRIP, BE, 02-Sep-2026, 21.77, 21.80, 22.00, 21.00, 21.00, 21.06, 21.11, 326982, 69.04, 774, -, -
RML, EQ, 02-Sep-2026, 1117.20, 1111.20, 1117.90, 1100.00, 1106.90, 1103.70, 1106.88, 9847, 108.99, 1165, 5641, 57.29
RNBDENIMS, EQ, 02-Sep-2026, 10.83, 11.37, 11.37, 11.37, 11.37, 11.37, 11.37, 103008, 11.71, 146, 103008, 100.00
RNFI, SM, 02-Sep-2026, 306.50, 305.00, 308.00, 291.65, 296.45, 296.05, 296.79, 89400, 265.33, 112, 75600, 84.56
RNPL, SM, 02-Sep-2026, 80.20, 79.90, 79.90, 79.90, 79.90, 79.90, 79.90, 1200, 0.96, 1, 1200, 100.00
ROCKINGDCE, SM, 02-Sep-2026, 239.05, 239.00, 239.00, 228.35, 237.90, 237.85, 236.72, 6250, 14.80, 24, 4500, 72.00
ROHLTD, EQ, 02-Sep-2026, 297.40, 298.05, 302.40, 295.40, 297.95, 296.80, 298.22, 10656, 31.78, 793, 6390, 59.97
ROLEXRINGS, EQ, 02-Sep-2026, 178.68, 175.55, 178.00, 171.56, 173.50, 173.01, 174.63, 1140921, 1992.44, 17164, 499163, 43.75
ROLLT, BE, 02-Sep-2026, 4.01, 4.01, 4.05, 3.81, 4.05, 3.98, 3.90, 354271, 13.81, 298, -, -
ROML, EQ, 02-Sep-2026, 43.15, 43.15, 43.80, 42.05, 42.10, 42.13, 42.68, 677, 0.29, 43, 641, 94.68
ROSSARI, EQ, 02-Sep-2026, 476.55, 477.00, 481.95, 470.00, 478.00, 476.20, 475.16, 47960, 227.89, 2644, 23882, 49.80
ROSSELLIND, EQ, 02-Sep-2026, 58.13, 57.80, 59.15, 56.75, 58.85, 58.58, 57.92, 57008, 33.02, 971, 31180, 54.69
ROSSTECH, EQ, 02-Sep-2026, 1136.20, 1139.90, 1159.40, 1120.00, 1134.00, 1134.00, 1137.61, 164242, 1868.43, 10561, 70142, 42.71
ROTO, EQ, 02-Sep-2026, 65.97, 65.61, 65.61, 63.50, 64.90, 64.80, 64.67, 244904, 158.39, 3415, 92549, 37.79
ROUTE, EQ, 02-Sep-2026, 501.95, 501.10, 507.60, 495.50, 500.80, 499.70, 499.65, 115619, 577.70, 4359, 60615, 52.43
ROXHITECH, SM, 02-Sep-2026, 47.40, 46.50, 48.95, 46.50, 48.30, 47.40, 47.16, 35200, 16.60, 21, 27200, 77.27
ROYALARC, SM, 02-Sep-2026, 169.00, 164.40, 164.40, 158.00, 160.00, 159.00, 160.54, 9600, 15.41, 7, 9600, 100.00
RPEL, EQ, 02-Sep-2026, 1727.10, 1729.40, 1785.00, 1704.20, 1774.40, 1774.60, 1757.14, 49856, 876.04, 7267, 23277, 46.69
RPGLIFE, EQ, 02-Sep-2026, 2590.50, 2590.50, 2591.30, 2550.00, 2560.60, 2564.90, 2567.55, 7011, 180.01, 884, 3539, 50.48
RPOWER, EQ, 02-Sep-2026, 22.26, 22.13, 22.18, 21.80, 22.15, 22.05, 22.02, 10033374, 2209.19, 22056, 3402450, 33.91
RPPINFRA, EQ, 02-Sep-2026, 56.57, 56.57, 56.63, 55.11, 55.74, 55.57, 56.04, 56432, 31.63, 670, 37591, 66.61
RPPL, BE, 02-Sep-2026, 23.14, 23.00, 23.00, 22.50, 22.90, 22.89, 22.65, 17997, 4.08, 81, -, -
RPSGVENT, EQ, 02-Sep-2026, 842.35, 835.00, 844.00, 830.05, 840.00, 839.70, 838.53, 14547, 121.98, 720, 9593, 65.94
RPTECH, EQ, 02-Sep-2026, 809.10, 809.10, 819.80, 802.00, 808.00, 806.10, 809.80, 167976, 1360.27, 10322, 80440, 47.89
RRECL, EQ, 02-Sep-2026, 134.15, 134.15, 139.90, 131.05, 138.85, 138.85, 133.42, 539, 0.72, 21, 533, 98.89
RRIL, EQ, 02-Sep-2026, 16.67, 17.00, 17.00, 16.50, 16.56, 16.64, 16.66, 6550, 1.09, 141, 6127, 93.54
RRKABEL, EQ, 02-Sep-2026, 2869.80, 2869.50, 2869.50, 2618.00, 2636.00, 2630.40, 2703.17, 1150212, 31092.19, 94716, 526172, 45.75
RSDFIN, BE, 02-Sep-2026, 97.60, 93.00, 101.00, 93.00, 99.50, 95.37, 95.04, 1895, 1.80, 37, -, -
RSL, EQ, 02-Sep-2026, 176.74, 177.00, 180.95, 175.15, 180.20, 178.98, 178.41, 159908, 285.29, 2079, 44980, 28.13
RSSOFTWARE, EQ, 02-Sep-2026, 28.72, 28.75, 29.20, 27.29, 28.70, 28.54, 28.00, 94746, 26.53, 539, 51318, 54.16
RSWM, BE, 02-Sep-2026, 197.09, 198.05, 206.94, 195.00, 206.94, 206.94, 202.86, 59644, 120.99, 457, -, -
RSYSTEMS, EQ, 02-Sep-2026, 255.74, 252.00, 255.95, 248.20, 254.00, 253.96, 251.77, 333125, 838.72, 5644, 158159, 47.48
RTNINDIA, EQ, 02-Sep-2026, 30.02, 30.00, 30.02, 29.35, 29.60, 29.59, 29.56, 1119765, 330.97, 4778, 626536, 55.95
RTNPOWER, EQ, 02-Sep-2026, 7.45, 7.46, 7.48, 7.30, 7.43, 7.39, 7.37, 15138484, 1116.43, 16142, 7423379, 49.04
RTSPOWR, EQ, 02-Sep-2026, 89.08, 90.00, 90.00, 87.34, 88.50, 88.66, 88.12, 1028, 0.91, 42, 832, 80.93
RUBFILA, EQ, 02-Sep-2026, 68.48, 68.48, 69.50, 65.59, 66.00, 66.21, 67.34, 76795, 51.71, 981, 70899, 92.32
RUBICON, EQ, 02-Sep-2026, 1822.20, 1822.20, 1839.00, 1799.70, 1818.00, 1828.80, 1817.86, 123136, 2238.44, 11549, 54828, 44.53
RUBYMILLS, BE, 02-Sep-2026, 385.80, 382.20, 399.00, 375.00, 395.00, 396.80, 389.83, 5981, 23.32, 104, -, -
RUCHINFRA, EQ, 02-Sep-2026, 5.68, 5.65, 5.68, 5.31, 5.57, 5.53, 5.49, 46520, 2.55, 214, 37013, 79.56
RUCHIRA, EQ, 02-Sep-2026, 102.97, 102.90, 103.08, 102.10, 102.54, 102.67, 102.75, 7739, 7.95, 234, 4793, 61.93
RUDRA, EQ, 02-Sep-2026, 20.79, 21.21, 21.21, 20.25, 21.00, 20.72, 20.43, 45235, 9.24, 151, 33676, 74.45
RULKA, SM, 02-Sep-2026, 110.00, 106.10, 106.10, 106.10, 106.10, 106.10, 106.10, 300, 0.32, 1, 300, 100.00
RUPA, EQ, 02-Sep-2026, 145.38, 145.67, 145.68, 142.40, 143.62, 143.15, 143.60, 80144, 115.09, 2911, 47585, 59.37
RUSHIL, EQ, 02-Sep-2026, 16.24, 16.31, 16.50, 16.00, 16.10, 16.09, 16.13, 156900, 25.30, 626, 88808, 56.60
RUSTOMJEE, EQ, 02-Sep-2026, 376.05, 376.05, 385.00, 370.60, 378.50, 379.15, 378.73, 31294, 118.52, 1137, 15576, 49.77
RVHL, EQ, 02-Sep-2026, 39.24, 40.79, 41.34, 38.16, 39.00, 39.28, 39.68, 2310, 0.92, 67, 1968, 85.19
RVNL, EQ, 02-Sep-2026, 208.38, 207.00, 207.00, 203.83, 206.00, 206.00, 205.39, 3795701, 7796.04, 43916, 1329349, 35.02
RVTH, EQ, 02-Sep-2026, 740.25, 725.05, 738.85, 704.15, 720.00, 723.85, 725.67, 707, 5.13, 71, 554, 78.36
S&SPOWER, EQ, 02-Sep-2026, 331.45, 338.40, 338.40, 320.00, 325.00, 322.00, 326.44, 898, 2.93, 61, 569, 63.36
SAAKSHI, ST, 02-Sep-2026, 309.00, 302.10, 320.90, 302.10, 317.00, 310.90, 308.59, 44400, 137.01, 31, 42000, 94.59
SAATVIKGL, EQ, 02-Sep-2026, 420.50, 416.60, 421.15, 412.55, 417.00, 417.25, 416.96, 32529, 135.63, 1403, 12764, 39.24
SABAR, ST, 02-Sep-2026, 8.25, 8.65, 8.65, 8.65, 8.65, 8.65, 8.65, 5000, 0.43, 1, 5000, 100.00
SACHEEROME, SM, 02-Sep-2026, 426.60, 421.00, 425.00, 415.15, 420.00, 420.10, 420.57, 36900, 155.19, 95, 30300, 82.11
SADBHAV, EQ, 02-Sep-2026, 8.03, 8.43, 8.43, 7.90, 8.07, 8.07, 8.33, 711395, 59.23, 846, 473992, 66.63
SADBHIN, BE, 02-Sep-2026, 2.58, 2.58, 2.66, 2.51, 2.61, 2.58, 2.60, 76195, 1.98, 157, -, -
SADHAV, SM, 02-Sep-2026, 113.85, 110.60, 111.50, 109.10, 111.25, 111.25, 110.39, 6600, 7.29, 11, 5400, 81.82
SADHNANIQ, BE, 02-Sep-2026, 2.76, 2.71, 2.71, 2.71, 2.71, 2.71, 2.71, 827739, 22.43, 326, -, -
SAFARI, EQ, 02-Sep-2026, 1530.90, 1534.00, 1534.00, 1490.70, 1500.00, 1497.20, 1509.87, 27131, 409.64, 4909, 14706, 54.20
SAFEENTP, SM, 02-Sep-2026, 252.00, 252.00, 268.00, 252.00, 263.75, 265.30, 255.44, 241000, 615.61, 110, 222500, 92.32
SAGARDEEP, EQ, 02-Sep-2026, 23.76, 23.76, 24.00, 23.60, 23.60, 23.66, 23.70, 2274, 0.54, 35, 2267, 99.69
SAGCEM, EQ, 02-Sep-2026, 157.03, 157.00, 158.54, 155.00, 155.00, 155.63, 156.50, 29660, 46.42, 720, 19998, 67.42
SAGILITY, EQ, 02-Sep-2026, 46.45, 46.00, 46.98, 45.82, 46.70, 46.70, 46.52, 16448512, 7651.85, 31521, 6691032, 40.68
SAHAJSOLAR, SM, 02-Sep-2026, 96.70, 97.00, 102.65, 96.80, 101.00, 100.25, 99.89, 45200, 45.15, 93, 34800, 76.99
SAHANA, SM, 02-Sep-2026, 915.85, 913.05, 931.00, 910.05, 915.00, 916.90, 922.07, 5100, 47.03, 31, 3750, 73.53
SAHASRA, ST, 02-Sep-2026, 312.75, 306.25, 312.00, 306.20, 308.00, 308.00, 308.62, 15200, 46.91, 36, 14400, 94.74
SAHLIBHFI, EQ, 02-Sep-2026, 75.58, 82.00, 89.50, 80.00, 85.90, 86.36, 85.67, 1697290, 1454.11, 7128, 998907, 58.85
SAHYADRI, EQ, 02-Sep-2026, 352.80, 352.85, 362.25, 348.00, 359.90, 356.20, 354.22, 17544, 62.14, 810, 8388, 47.81
SAICAPI, EQ, 02-Sep-2026, 148.15, 144.10, 146.30, 140.00, 140.00, 140.00, 141.97, 863, 1.23, 37, 832, 96.41
SAIFL, SM, 02-Sep-2026, 4.70, 4.70, 4.85, 4.65, 4.85, 4.85, 4.75, 172000, 8.17, 34, 112000, 65.12
SAIL, EQ, 02-Sep-2026, 193.00, 192.21, 198.39, 190.27, 196.50, 196.50, 194.36, 19458118, 37819.14, 81558, 6307381, 32.42
SAILIFE, EQ, 02-Sep-2026, 1518.10, 1518.10, 1595.00, 1509.00, 1580.00, 1587.00, 1565.00, 2747154, 42993.06, 103444, 792938, 28.86
SAIPARENT, EQ, 02-Sep-2026, 518.75, 515.75, 518.95, 512.05, 515.05, 515.55, 515.09, 44100, 227.15, 1690, 27124, 61.51
SAKAR, EQ, 02-Sep-2026, 965.75, 993.00, 1024.00, 975.50, 990.00, 985.80, 991.29, 385693, 3823.32, 19448, 124464, 32.27
SAKHTISUG, EQ, 02-Sep-2026, 20.40, 20.50, 20.99, 20.10, 20.50, 20.37, 20.44, 176853, 36.15, 1003, 78321, 44.29
SAKSOFT, EQ, 02-Sep-2026, 154.22, 154.22, 154.44, 149.33, 150.70, 150.38, 150.92, 387000, 584.06, 6331, 169468, 43.79
SAKUMA, EQ, 02-Sep-2026, 1.62, 1.62, 1.64, 1.57, 1.61, 1.60, 1.61, 1107702, 17.81, 1023, 645036, 58.23
SALASAR, EQ, 02-Sep-2026, 5.84, 5.84, 5.84, 5.58, 5.64, 5.65, 5.68, 7181900, 407.84, 6028, 4294308, 59.79
SALONA, EQ, 02-Sep-2026, 270.00, 274.95, 274.95, 260.05, 260.05, 262.45, 265.18, 205, 0.54, 31, 200, 97.56
SALSTEEL, EQ, 02-Sep-2026, 82.43, 81.99, 86.25, 78.76, 79.90, 82.04, 83.73, 1174529, 983.46, 6632, 460237, 39.18
SALZERELEC, EQ, 02-Sep-2026, 538.75, 537.00, 543.00, 526.00, 543.00, 535.85, 534.76, 60215, 322.00, 2890, 29814, 49.51
SAMBANDAM, EQ, 02-Sep-2026, 113.49, 113.49, 114.45, 113.49, 114.45, 114.45, 114.11, 84, 0.10, 5, 84, 100.00
SAMBHAAV, EQ, 02-Sep-2026, 5.98, 6.00, 6.20, 5.73, 5.88, 6.00, 5.97, 9375, 0.56, 88, 7412, 79.06
SAMBHV, EQ, 02-Sep-2026, 126.93, 126.60, 128.55, 125.12, 127.00, 126.18, 126.28, 914541, 1154.87, 6300, 406742, 44.47
SAMHI, EQ, 02-Sep-2026, 153.05, 152.50, 153.95, 150.55, 151.60, 151.45, 151.73, 830168, 1259.60, 13848, 540698, 65.13
SAMMAANCAP, EQ, 02-Sep-2026, 147.14, 146.40, 153.40, 144.50, 152.62, 152.31, 149.52, 10530796, 15746.15, 43778, 4418233, 41.96
SAMPANN, EQ, 02-Sep-2026, 24.59, 24.90, 24.90, 24.10, 24.64, 24.33, 24.45, 14882, 3.64, 142, 12288, 82.57
SANATHAN, EQ, 02-Sep-2026, 440.25, 439.10, 444.85, 425.05, 432.00, 434.00, 434.18, 60244, 261.57, 1826, 48469, 80.45
SANDESH, EQ, 02-Sep-2026, 1059.40, 1079.90, 1079.90, 1038.20, 1050.00, 1050.00, 1059.53, 1835, 19.44, 331, 510, 27.79
SANDHAR, EQ, 02-Sep-2026, 653.15, 651.00, 653.75, 629.05, 635.00, 633.75, 636.59, 168187, 1070.66, 7818, 81691, 48.57
SANDUMA, EQ, 02-Sep-2026, 200.40, 199.00, 199.32, 196.20, 197.82, 197.00, 197.64, 381024, 753.06, 7543, 187455, 49.20
SANGAMIND, EQ, 02-Sep-2026, 586.65, 583.75, 586.90, 565.10, 574.80, 569.80, 572.73, 65448, 374.84, 3520, 48384, 73.93
SANGANI, SM, 02-Sep-2026, 52.50, 52.50, 55.10, 52.50, 55.10, 54.60, 54.28, 13500, 7.33, 8, 12000, 88.89
SANGHVIMOV, EQ, 02-Sep-2026, 458.05, 455.00, 464.30, 444.00, 451.25, 452.30, 453.37, 292649, 1326.77, 13741, 134381, 45.92
SANGINITA, BE, 02-Sep-2026, 58.76, 60.00, 61.69, 55.85, 58.50, 57.20, 59.51, 2064599, 1228.72, 1602, -, -
SANOFI, EQ, 02-Sep-2026, 3155.00, 3155.00, 3186.00, 3134.50, 3169.90, 3157.40, 3167.82, 13872, 439.44, 4313, 8014, 57.77
SANOFICONR, EQ, 02-Sep-2026, 4137.80, 4140.00, 4220.30, 4070.10, 4194.30, 4182.40, 4137.64, 4642, 192.07, 1023, 2558, 55.11
SANSERA, EQ, 02-Sep-2026, 3903.00, 3883.50, 3925.50, 3782.00, 3814.00, 3810.60, 3822.12, 137509, 5255.75, 23658, 69115, 50.26
SANSTAR, EQ, 02-Sep-2026, 107.36, 106.79, 110.50, 105.55, 110.01, 109.91, 109.07, 157555, 171.85, 2591, 83269, 52.85
SANWARIA, BZ, 02-Sep-2026, 0.19, 0.20, 0.20, 0.19, 0.19, 0.19, 0.19, 343892, 0.67, 134, -, -
SAPPHIRE, EQ, 02-Sep-2026, 229.96, 230.00, 230.38, 224.18, 228.65, 228.21, 227.28, 683474, 1553.39, 16060, 316088, 46.25
SAPPL, EQ, 02-Sep-2026, 289.15, 281.25, 288.95, 275.00, 282.40, 280.00, 277.80, 2539, 7.05, 159, 2089, 82.28
SARDAEN, EQ, 02-Sep-2026, 497.05, 491.10, 496.10, 489.50, 493.40, 491.05, 492.20, 130326, 641.46, 6393, 86663, 66.50
SAREGAMA, EQ, 02-Sep-2026, 493.75, 491.35, 491.35, 476.15, 478.80, 477.30, 481.89, 358580, 1727.96, 22056, 167850, 46.81
SARLAPOLY, EQ, 02-Sep-2026, 103.81, 103.81, 103.81, 101.50, 102.50, 102.46, 102.20, 36715, 37.52, 1082, 18342, 49.96
SAROJA, SM, 02-Sep-2026, 40.95, 38.95, 38.95, 38.95, 38.95, 38.95, 38.95, 3200, 1.25, 2, 1600, 50.00
SARTELE, SM, 02-Sep-2026, 90.30, 90.30, 92.00, 88.95, 89.05, 89.85, 90.20, 104000, 93.80, 103, 83000, 79.81
SARVESHWAR, EQ, 02-Sep-2026, 3.33, 3.34, 3.36, 3.30, 3.36, 3.34, 3.33, 908268, 30.25, 1322, 606703, 66.80
SASKEN, EQ, 02-Sep-2026, 1904.30, 1902.50, 1934.90, 1870.00, 1880.00, 1885.50, 1883.27, 15405, 290.12, 5106, 9806, 63.65
SATECH, SM, 02-Sep-2026, 39.70, 39.65, 39.65, 37.05, 37.05, 37.05, 37.89, 5000, 1.89, 5, 4000, 80.00
SATIA, EQ, 02-Sep-2026, 57.06, 57.03, 57.49, 56.45, 57.49, 57.12, 56.95, 36353, 20.70, 578, 20740, 57.05
SATIN, EQ, 02-Sep-2026, 217.18, 216.00, 219.90, 214.91, 218.60, 218.52, 217.32, 153677, 333.97, 3611, 79332, 51.62
SATIPOLY, ST, 02-Sep-2026, 39.00, 37.10, 37.10, 37.05, 37.05, 37.05, 37.08, 1000, 0.37, 2, 1000, 100.00
SATKARTAR, SM, 02-Sep-2026, 116.90, 117.80, 122.00, 116.10, 122.00, 121.70, 119.24, 24000, 28.62, 30, 21600, 90.00
SATTVAENGG, SM, 02-Sep-2026, 61.75, 63.95, 63.95, 62.00, 62.00, 62.00, 62.71, 8000, 5.02, 5, 6400, 80.00
SAURASHCEM, EQ, 02-Sep-2026, 55.54, 55.56, 55.99, 55.05, 55.05, 55.22, 55.46, 46410, 25.74, 805, 29464, 63.49
SAVY, SM, 02-Sep-2026, 136.70, 133.00, 135.00, 133.00, 135.00, 135.00, 133.98, 27600, 36.98, 17, 20400, 73.91
SAWALIYA, SM, 02-Sep-2026, 158.00, 158.00, 160.00, 142.20, 142.50, 143.25, 145.29, 42000, 61.02, 41, 40200, 95.71
SAYAJIHOTL, EQ, 02-Sep-2026, 316.00, 313.95, 313.95, 303.00, 303.00, 303.00, 310.05, 12, 0.04, 5, 12, 100.00
SAYAJIIND, EQ, 02-Sep-2026, 117.43, 114.26, 119.89, 114.25, 119.89, 117.48, 114.32, 326, 0.37, 8, 325, 99.69
SBC, EQ, 02-Sep-2026, 42.04, 42.23, 43.00, 42.00, 42.76, 42.81, 42.39, 7904399, 3350.96, 6399, 2927884, 37.04
SBCL, EQ, 02-Sep-2026, 1047.90, 1032.50, 1060.90, 1025.00, 1055.00, 1050.90, 1045.51, 240612, 2515.62, 15211, 114833, 47.73
SBFC, EQ, 02-Sep-2026, 99.95, 100.99, 101.49, 96.90, 99.15, 99.23, 98.65, 1753870, 1730.13, 15611, 470698, 26.84
SBGLP, EQ, 02-Sep-2026, 24.33, 24.94, 24.94, 22.59, 23.50, 23.29, 23.69, 37505, 8.89, 234, 29670, 79.11
SBIBPB, EQ, 02-Sep-2026, 49.40, 50.63, 50.63, 48.40, 49.14, 49.25, 49.26, 59438, 29.28, 358, 26181, 44.05
SBICARD, EQ, 02-Sep-2026, 632.40, 630.00, 642.30, 622.20, 635.15, 635.15, 631.16, 1969265, 12429.28, 28335, 853141, 43.32
SBIETFCON, EQ, 02-Sep-2026, 121.50, 122.57, 122.57, 119.62, 121.36, 121.20, 120.24, 111337, 133.87, 123, 109524, 98.37
SBIETFIT, EQ, 02-Sep-2026, 347.27, 349.94, 349.94, 340.82, 342.42, 343.34, 343.75, 15075, 51.82, 445, 12931, 85.78
SBIETFPB, EQ, 02-Sep-2026, 281.39, 285.61, 285.61, 281.24, 283.48, 282.98, 282.15, 3085, 8.70, 69, 1943, 62.98
SBIETFQLTY, EQ, 02-Sep-2026, 224.87, 222.55, 222.64, 221.00, 222.40, 222.40, 221.93, 3784, 8.40, 89, 3762, 99.42
SBIFUNDS, EQ, 02-Sep-2026, 566.95, 565.90, 566.10, 557.30, 565.00, 564.70, 562.31, 772367, 4343.10, 25992, 428863, 55.53
SBILIFE, EQ, 02-Sep-2026, 1739.30, 1730.00, 1738.40, 1716.00, 1719.90, 1719.90, 1723.86, 671784, 11580.61, 34831, 440079, 65.51
SBILIQETF, EQ, 02-Sep-2026, 1054.18, 1054.31, 1054.33, 1054.30, 1054.32, 1054.30, 1054.30, 345377, 3641.31, 171, 336782, 97.51
SBIMIDMOM, EQ, 02-Sep-2026, 63.89, 63.89, 63.89, 63.07, 63.87, 63.59, 63.50, 85571, 54.34, 276, 67069, 78.38
SBIN, EQ, 02-Sep-2026, 1034.50, 1026.00, 1035.30, 1017.30, 1020.90, 1020.90, 1022.54, 13843678, 141556.74, 316338, 10289485, 74.33
SBINEQWETF, EQ, 02-Sep-2026, 33.28, 33.28, 33.67, 33.00, 33.19, 33.13, 33.10, 10591, 3.51, 223, 10475, 98.90
SBINMID150, EQ, 02-Sep-2026, 23.36, 23.43, 23.67, 23.01, 23.26, 23.12, 23.11, 18181, 4.20, 183, 17139, 94.27
SBISILVER, EQ, 02-Sep-2026, 222.99, 222.60, 223.11, 219.27, 220.96, 220.81, 221.00, 902253, 1993.98, 6304, 497175, 55.10
SBISMLETF, EQ, 02-Sep-2026, 18.36, 18.45, 18.58, 18.16, 18.22, 18.24, 18.26, 50460, 9.21, 214, 43880, 86.96
SBIVALETF, EQ, 02-Sep-2026, 14.64, 14.71, 14.71, 14.51, 14.65, 14.65, 14.61, 13175, 1.92, 69, 9360, 71.04
SCANSTL, BE, 02-Sep-2026, 57.19, 56.52, 59.70, 55.00, 59.00, 58.02, 56.73, 28324, 16.07, 139, -, -
SCHAEFFLER, EQ, 02-Sep-2026, 4000.20, 4000.00, 4014.00, 3944.10, 3957.40, 3967.10, 3973.06, 47965, 1905.68, 18582, 27697, 57.74
SCHAND, EQ, 02-Sep-2026, 133.55, 133.55, 135.75, 131.36, 133.05, 134.20, 133.25, 26812, 35.73, 749, 16747, 62.46
SCHNEIDER, EQ, 02-Sep-2026, 1188.30, 1185.00, 1185.00, 1150.00, 1163.60, 1169.50, 1162.73, 190208, 2211.60, 16037, 89153, 46.87
SCI, EQ, 02-Sep-2026, 287.50, 285.50, 298.75, 282.60, 289.35, 288.20, 291.75, 4450212, 12983.62, 44545, 1704058, 38.29
SCILAL, EQ, 02-Sep-2026, 40.03, 39.90, 39.98, 39.20, 39.67, 39.47, 39.54, 179599, 71.02, 1296, 126585, 70.48
SCML, SM, 02-Sep-2026, 86.00, 81.60, 84.90, 81.60, 83.95, 83.95, 83.49, 73000, 60.95, 58, 12000, 16.44
SCODATUBES, EQ, 02-Sep-2026, 130.29, 130.62, 131.46, 127.24, 128.55, 128.61, 128.73, 121615, 156.55, 1407, 69322, 57.00
SCPL, BE, 02-Sep-2026, 644.00, 631.00, 648.00, 622.25, 644.00, 637.20, 638.68, 6415, 40.97, 174, -, -
SDBL, EQ, 02-Sep-2026, 71.10, 71.09, 73.00, 70.31, 73.00, 72.58, 71.57, 320158, 229.15, 2907, 161838, 50.55
SDREAMS, SM, 02-Sep-2026, 85.55, 85.55, 85.55, 85.00, 85.00, 85.00, 85.37, 3000, 2.56, 3, 3000, 100.00
SEAMECLTD, EQ, 02-Sep-2026, 1678.80, 1670.70, 1749.00, 1663.10, 1728.50, 1735.70, 1716.35, 168329, 2889.12, 13368, 90503, 53.77
SECMARK, EQ, 02-Sep-2026, 148.51, 142.40, 144.13, 137.00, 144.00, 142.78, 140.92, 5992, 8.44, 286, 3350, 55.91
SECURKLOUD, EQ, 02-Sep-2026, 17.33, 17.83, 17.83, 17.10, 17.59, 17.35, 17.45, 4671, 0.81, 89, 3946, 84.48
SEDEMAC, EQ, 02-Sep-2026, 2988.60, 2954.00, 2970.00, 2845.60, 2888.00, 2866.50, 2874.57, 226318, 6505.66, 34896, 117915, 52.10
SEIL, EQ, 02-Sep-2026, 200.50, 199.50, 205.20, 196.66, 202.70, 201.56, 203.18, 644724, 1309.94, 3663, 451961, 70.10
SEJALLTD, EQ, 02-Sep-2026, 675.30, 670.50, 686.85, 658.00, 671.00, 672.85, 673.12, 5960, 40.12, 637, 2791, 46.83
SEKURITIND, EQ, 02-Sep-2026, 116.59, 117.99, 119.00, 113.21, 114.95, 113.70, 114.95, 15293, 17.58, 268, 13126, 85.83
SEL, SM, 02-Sep-2026, 305.00, 299.00, 300.55, 299.00, 299.00, 299.90, 299.47, 2600, 7.79, 10, 2200, 84.62
SELECTIPO, EQ, 02-Sep-2026, 48.64, 48.48, 48.48, 47.97, 48.44, 48.42, 48.22, 68948, 33.25, 165, 37920, 55.00
SELLOWRAP, SM, 02-Sep-2026, 66.95, 66.50, 66.50, 66.50, 66.50, 66.50, 66.50, 1600, 1.06, 1, 1600, 100.00
SELMC, EQ, 02-Sep-2026, 27.11, 27.10, 28.20, 26.56, 27.00, 27.43, 26.93, 5527, 1.49, 74, 4889, 88.46
SENCO, EQ, 02-Sep-2026, 352.75, 351.00, 351.95, 342.70, 349.95, 348.60, 346.92, 564599, 1958.72, 12948, 243914, 43.20
SENORES, EQ, 02-Sep-2026, 1454.70, 1454.70, 1478.80, 1440.20, 1452.80, 1449.50, 1454.19, 170199, 2475.01, 14364, 78778, 46.29
SENSEXADD, EQ, 02-Sep-2026, 79.37, 78.88, 79.13, 78.76, 79.08, 79.03, 78.93, 484, 0.38, 17, 271, 55.99
SENSEXAXIS, EQ, 02-Sep-2026, 79.39, 79.00, 79.70, 79.00, 79.56, 79.56, 79.52, 799, 0.64, 41, 433, 54.19
SENSEXBETA, EQ, 02-Sep-2026, 854.47, 852.64, 852.64, 846.00, 851.00, 846.66, 847.60, 1320, 11.19, 206, 1221, 92.50
SENSEXETF, EQ, 02-Sep-2026, 79.35, 81.33, 81.33, 78.63, 79.07, 78.96, 78.94, 19959, 15.76, 262, 12021, 60.23
SENSEXIETF, EQ, 02-Sep-2026, 885.91, 884.01, 886.99, 876.11, 884.22, 881.04, 880.65, 28372, 249.86, 437, 25642, 90.38
SEPC, EQ, 02-Sep-2026, 5.37, 5.37, 5.55, 5.26, 5.46, 5.43, 5.36, 9018965, 483.33, 4807, 3918695, 43.45
SERVICE, SM, 02-Sep-2026, 70.05, 66.75, 71.35, 66.75, 71.35, 70.30, 69.31, 34000, 23.57, 16, 14000, 41.18
SERVOTECH, EQ, 02-Sep-2026, 78.58, 78.58, 79.90, 77.05, 79.65, 79.47, 78.64, 308764, 242.80, 4049, 152901, 49.52
SESHAPAPER, EQ, 02-Sep-2026, 232.52, 232.85, 232.85, 227.50, 228.15, 229.67, 231.02, 37976, 87.73, 735, 23532, 61.97
SETCO, BE, 02-Sep-2026, 17.67, 17.67, 18.35, 17.15, 17.52, 17.51, 17.67, 43962, 7.77, 144, -, -
SETF10GILT, EQ, 02-Sep-2026, 263.52, 265.01, 265.01, 262.10, 263.88, 263.88, 263.32, 2249, 5.92, 34, 1688, 75.06
SETFGOLD, EQ, 02-Sep-2026, 129.31, 128.09, 128.10, 126.07, 127.40, 127.44, 127.51, 7037496, 8973.37, 15109, 4040381, 57.41
SETFNIF50, EQ, 02-Sep-2026, 258.44, 258.44, 258.45, 256.67, 257.92, 257.65, 257.49, 1118456, 2879.87, 5715, 911518, 81.50
SETFNIFBK, EQ, 02-Sep-2026, 588.44, 587.01, 588.90, 585.38, 588.89, 587.97, 587.54, 53449, 314.03, 527, 33201, 62.12
SETFNN50, EQ, 02-Sep-2026, 784.06, 779.22, 781.94, 772.00, 777.50, 779.13, 776.26, 34177, 265.30, 1766, 21927, 64.16
SETL, EQ, 02-Sep-2026, 387.05, 389.95, 389.95, 370.50, 376.80, 374.95, 376.60, 882005, 3321.67, 16589, 382972, 43.42
SETUINFRA, BZ, 02-Sep-2026, 0.51, 0.53, 0.53, 0.53, 0.53, 0.53, 0.53, 24242, 0.13, 24, -, -
SEYAIND, BE, 02-Sep-2026, 12.17, 12.17, 12.25, 12.05, 12.25, 12.25, 12.13, 3788, 0.46, 28, -, -
SFL, EQ, 02-Sep-2026, 644.75, 648.00, 656.95, 634.30, 645.45, 646.85, 647.77, 183379, 1187.87, 17608, 82106, 44.77
SFML, SM, 02-Sep-2026, 23.00, 20.95, 21.95, 20.95, 21.95, 21.65, 21.33, 6400, 1.36, 4, 3200, 50.00
SGBAPR28I, GB, 02-Sep-2026, 15110.78, 14861.00, 14998.00, 14861.00, 14900.00, 14890.48, 14933.65, 236, 35.24, 46, 177, 75.00
SGBAUG27, GB, 02-Sep-2026, 15043.90, 15034.99, 15771.99, 14801.00, 15100.00, 14959.21, 14934.94, 238, 35.55, 74, 214, 89.92
SGBAUG28V, GB, 02-Sep-2026, 15072.82, 15080.00, 15080.00, 14801.01, 14885.00, 14871.55, 14902.53, 850, 126.67, 189, 651, 76.59
SGBAUG29V, GB, 02-Sep-2026, 15380.00, 15050.00, 15345.00, 14950.00, 15299.00, 15108.38, 15068.28, 103, 15.52, 57, 69, 66.99
SGBAUG30, GB, 02-Sep-2026, 15321.28, 15321.28, 15321.28, 14836.57, 15034.80, 15021.48, 15010.52, 416, 62.44, 157, 278, 66.83
SGBD29VIII, GB, 02-Sep-2026, 15265.81, 14999.00, 15150.00, 14850.01, 14960.00, 14961.64, 15007.32, 244, 36.62, 65, 178, 72.95
SGBDC27VII, GB, 02-Sep-2026, 15108.33, 14911.00, 15090.00, 14909.99, 15090.00, 15090.00, 14961.50, 14, 2.09, 6, 10, 71.43
SGBDE30III, GB, 02-Sep-2026, 15300.00, 15247.69, 15247.69, 15050.02, 15108.54, 15105.81, 15125.04, 143, 21.63, 54, 83, 58.04
SGBDE31III, GB, 02-Sep-2026, 15459.85, 15398.89, 15398.98, 15242.04, 15305.01, 15314.62, 15323.70, 1564, 239.66, 318, 1037, 66.30
SGBDEC26, GB, 02-Sep-2026, 15600.00, 15030.00, 15550.00, 14652.00, 15550.00, 15550.00, 14988.55, 13, 1.95, 8, 10, 76.92
SGBFEB27, GB, 02-Sep-2026, 15010.01, 15009.99, 15009.99, 14725.01, 14849.00, 14849.00, 14861.33, 3, 0.45, 3, 2, 66.67
SGBFEB28IX, GB, 02-Sep-2026, 15600.00, 14710.10, 14802.11, 14710.10, 14802.11, 14802.11, 14756.11, 4, 0.59, 2, 4, 100.00
SGBFEB29XI, GB, 02-Sep-2026, 15150.00, 14998.99, 14999.00, 14801.01, 14838.00, 14849.66, 14909.37, 136, 20.28, 35, 96, 70.59
SGBFEB32IV, GB, 02-Sep-2026, 15670.33, 15510.00, 15589.99, 15351.00, 15530.00, 15553.55, 15521.04, 2216, 343.95, 423, 1484, 66.97
SGBJ28VIII, GB, 02-Sep-2026, 15108.00, 14850.00, 14911.00, 14770.00, 14850.00, 14846.31, 14880.75, 98, 14.58, 13, 61, 62.24
SGBJAN27, GB, 02-Sep-2026, 15211.00, 14950.00, 14950.00, 14950.00, 14950.00, 14950.00, 14950.00, 1, 0.15, 1, 1, 100.00
SGBJAN29IX, GB, 02-Sep-2026, 15083.59, 14850.00, 14970.00, 14830.00, 14870.00, 14865.81, 14889.42, 731, 108.84, 66, 562, 76.88
SGBJAN29X, GB, 02-Sep-2026, 15121.80, 14900.00, 14995.99, 14820.00, 14899.98, 14891.07, 14878.99, 223, 33.18, 34, 180, 80.72
SGBJAN30IX, GB, 02-Sep-2026, 15146.27, 15046.00, 15046.00, 14900.00, 14999.98, 14999.98, 14982.11, 285, 42.70, 61, 224, 78.60
SGBJU29III, GB, 02-Sep-2026, 15088.33, 14998.99, 14998.99, 14822.55, 14830.01, 14862.97, 14867.80, 208, 30.93, 36, 155, 74.52
SGBJUL27, GB, 02-Sep-2026, 15050.00, 15050.00, 15050.00, 14605.00, 15024.99, 15024.99, 14945.99, 5, 0.75, 4, 5, 100.00
SGBJUL28IV, GB, 02-Sep-2026, 15078.25, 14943.99, 14943.99, 14816.00, 14885.00, 14843.67, 14869.90, 509, 75.69, 71, 438, 86.05
SGBJUL29IV, GB, 02-Sep-2026, 15105.72, 14899.00, 14933.00, 14890.00, 14890.00, 14895.64, 14900.56, 361, 53.79, 52, 340, 94.18
SGBJUN27, GB, 02-Sep-2026, 15025.83, 15030.00, 15030.00, 14710.01, 14950.00, 14950.00, 14942.32, 27, 4.03, 6, 26, 96.30
SGBJUN28, GB, 02-Sep-2026, 15141.87, 15000.00, 15000.00, 14850.00, 14850.00, 14850.00, 14880.88, 103, 15.33, 28, 79, 76.70
SGBJUN29II, GB, 02-Sep-2026, 15106.16, 15074.00, 15074.00, 14743.01, 14850.00, 14868.88, 14892.96, 268, 39.91, 32, 173, 64.55
SGBJUN30, GB, 02-Sep-2026, 15148.33, 14835.01, 15089.99, 14835.01, 14935.00, 14940.62, 14965.00, 187, 27.98, 69, 144, 77.01
SGBJUN31I, GB, 02-Sep-2026, 15470.96, 15399.00, 15399.00, 15130.00, 15180.01, 15191.80, 15220.83, 776, 118.11, 122, 613, 78.99
SGBMAR28X, GB, 02-Sep-2026, 15230.00, 15000.00, 15000.00, 15000.00, 15000.00, 15000.00, 15000.00, 5, 0.75, 1, 5, 100.00
SGBMAR30X, GB, 02-Sep-2026, 15213.80, 14999.99, 15000.00, 14925.00, 14998.00, 14998.00, 14971.64, 141, 21.11, 52, 115, 81.56
SGBMAR31IV, GB, 02-Sep-2026, 15388.39, 15347.70, 15347.70, 15101.20, 15249.99, 15234.75, 15213.88, 105, 15.97, 41, 74, 70.48
SGBMAY28, GB, 02-Sep-2026, 15080.80, 15000.80, 15000.80, 14711.00, 14869.99, 14861.71, 14870.03, 151, 22.45, 40, 90, 59.60
SGBMAY29I, GB, 02-Sep-2026, 15081.00, 15000.00, 15050.00, 14850.00, 14869.00, 14860.91, 14874.56, 850, 126.43, 125, 636, 74.82
SGBMR29XII, GB, 02-Sep-2026, 15115.50, 14990.00, 14990.00, 14862.00, 14885.00, 14903.17, 14921.22, 140, 20.89, 42, 129, 92.14
SGBN28VIII, GB, 02-Sep-2026, 15160.50, 15120.00, 15120.00, 14850.00, 14880.00, 14866.96, 14939.50, 274, 40.93, 44, 177, 64.60
SGBNV29VII, GB, 02-Sep-2026, 15106.72, 15074.00, 15074.00, 14845.00, 14855.00, 14885.57, 14914.07, 192, 28.64, 72, 163, 84.90
SGBOC28VII, GB, 02-Sep-2026, 15136.16, 15099.00, 15099.00, 14800.00, 14870.00, 14870.41, 14903.32, 134, 19.97, 33, 76, 56.72
SGBOCT26, GB, 02-Sep-2026, 15621.50, 15000.00, 15000.00, 15000.00, 15000.00, 15000.00, 15000.00, 2, 0.30, 1, 2, 100.00
SGBOCT27, GB, 02-Sep-2026, 15750.00, 15705.00, 15705.00, 14962.00, 14962.00, 14962.00, 15106.27, 15, 2.27, 8, 13, 86.67
SGBOCT27VI, GB, 02-Sep-2026, 15211.00, 14770.00, 14770.00, 14770.00, 14770.00, 14770.00, 14770.00, 1, 0.15, 1, 1, 100.00
SGBSEP27, GB, 02-Sep-2026, 15295.00, 14915.01, 15000.00, 14915.01, 14915.02, 14915.02, 14929.18, 6, 0.90, 3, 5, 83.33
SGBSEP28VI, GB, 02-Sep-2026, 15129.78, 15069.70, 15069.70, 14913.01, 14940.00, 14946.66, 14981.97, 127, 19.03, 58, 101, 79.53
SGBSEP29VI, GB, 02-Sep-2026, 15178.20, 15025.00, 15140.00, 14840.00, 14880.00, 14891.34, 14917.26, 571, 85.18, 128, 334, 58.49
SGBSEP31II, GB, 02-Sep-2026, 15439.54, 15388.99, 15388.99, 15222.05, 15300.00, 15303.26, 15293.78, 802, 122.66, 187, 573, 71.45
SGFIN, EQ, 02-Sep-2026, 682.30, 682.35, 687.55, 666.25, 678.00, 674.60, 673.48, 116799, 786.62, 4680, 50433, 43.18
SGIL, EQ, 02-Sep-2026, 602.40, 603.25, 607.70, 580.55, 580.55, 590.65, 598.61, 6679, 39.98, 290, 5031, 75.33
SGL, EQ, 02-Sep-2026, 10.31, 10.21, 10.94, 10.11, 10.36, 10.21, 10.40, 3454, 0.36, 48, 1947, 56.37
SGLRES, EQ, 02-Sep-2026, 2.42, 2.42, 2.43, 2.31, 2.37, 2.33, 2.33, 12072, 0.28, 44, 11228, 93.01
SGMART, EQ, 02-Sep-2026, 835.05, 837.55, 845.10, 821.30, 823.10, 827.20, 832.07, 112710, 937.83, 6906, 55517, 49.26
SGRL, EQ, 02-Sep-2026, 684.35, 661.60, 697.95, 661.60, 690.00, 685.65, 676.71, 29477, 199.47, 2118, 15660, 53.13
SHADOWFAX, EQ, 02-Sep-2026, 257.20, 257.40, 257.40, 251.50, 253.50, 253.55, 253.61, 1855864, 4706.69, 22509, 1094027, 58.95
SHAH, EQ, 02-Sep-2026, 3.67, 3.67, 3.68, 3.50, 3.58, 3.57, 3.58, 976261, 34.98, 839, 657479, 67.35
SHAHALLOYS, EQ, 02-Sep-2026, 113.00, 109.50, 115.40, 106.00, 110.55, 112.46, 111.92, 223823, 250.51, 2589, 129729, 57.96
SHAILY, EQ, 02-Sep-2026, 3266.30, 3220.10, 3287.50, 3147.00, 3169.10, 3172.50, 3187.99, 151078, 4816.35, 20896, 68128, 45.09
SHAKTIPUMP, EQ, 02-Sep-2026, 477.95, 475.30, 477.95, 470.25, 473.30, 472.35, 472.87, 254955, 1205.61, 12910, 118577, 46.51
SHALBY, EQ, 02-Sep-2026, 153.65, 154.25, 155.01, 148.22, 152.50, 151.33, 151.44, 95389, 144.46, 1971, 64877, 68.01
SHALPAINTS, BE, 02-Sep-2026, 79.38, 79.06, 79.75, 76.60, 77.50, 77.67, 77.83, 67729, 52.71, 375, -, -
SHANKARA, EQ, 02-Sep-2026, 146.59, 147.00, 148.48, 145.41, 147.00, 147.33, 146.79, 85064, 124.86, 546, 47847, 56.25
SHANKESH, EQ, 02-Sep-2026, 91.77, 91.10, 98.72, 90.11, 97.50, 97.95, 95.85, 9301184, 8915.59, 49300, 2393322, 25.73
SHANTI, EQ, 02-Sep-2026, 6.35, 6.47, 6.66, 6.07, 6.31, 6.29, 6.31, 13911, 0.88, 73, 9631, 69.23
SHANTIGEAR, EQ, 02-Sep-2026, 530.65, 530.00, 535.00, 520.00, 531.00, 529.85, 528.23, 71215, 376.18, 1825, 28519, 40.05
SHANTIGOLD, EQ, 02-Sep-2026, 234.78, 235.00, 245.00, 234.66, 244.30, 243.30, 239.90, 1230246, 2951.40, 15357, 451907, 36.73
SHARDACROP, EQ, 02-Sep-2026, 788.30, 786.10, 788.85, 777.00, 779.90, 778.30, 780.58, 59207, 462.16, 5451, 29771, 50.28
SHARDAMOTR, EQ, 02-Sep-2026, 884.30, 888.25, 890.50, 869.20, 879.00, 875.70, 877.22, 33554, 294.34, 4702, 17734, 52.85
SHARDUL, BE, 02-Sep-2026, 52.77, 51.90, 53.38, 51.90, 53.35, 53.03, 52.86, 12696, 6.71, 55, -, -
SHAREINDIA, EQ, 02-Sep-2026, 170.80, 170.27, 170.63, 167.78, 168.40, 168.48, 168.77, 135258, 228.28, 1399, 81353, 60.15
SHARIABEES, EQ, 02-Sep-2026, 462.13, 457.51, 466.75, 455.01, 460.58, 456.97, 456.93, 8412, 38.44, 587, 5103, 60.66
SHBAJRG, EQ, 02-Sep-2026, 158.49, 162.98, 162.99, 153.15, 154.80, 155.07, 158.44, 5047, 8.00, 143, 3823, 75.75
SHEETAL, SM, 02-Sep-2026, 339.00, 333.00, 340.90, 332.00, 332.00, 333.75, 335.33, 11000, 36.89, 18, 4000, 36.36
SHEKHAWATI, BE, 02-Sep-2026, 15.98, 15.95, 15.95, 15.19, 15.19, 15.30, 15.40, 10798, 1.66, 60, -, -
SHEMAROO, BE, 02-Sep-2026, 126.16, 122.36, 127.89, 122.36, 126.89, 126.78, 126.62, 7971, 10.09, 49, -, -
SHERA, SM, 02-Sep-2026, 174.65, 174.75, 177.00, 174.75, 176.75, 176.30, 176.24, 8000, 14.10, 8, 7000, 87.50
SHERVANI, EQ, 02-Sep-2026, 307.20, 307.20, 346.15, 307.20, 307.50, 342.75, 342.75, 58, 0.20, 8, 58, 100.00
SHETHJI, SM, 02-Sep-2026, 183.00, 190.00, 190.00, 185.35, 187.20, 186.55, 186.36, 72000, 134.18, 24, 66000, 91.67
SHIGAN, SM, 02-Sep-2026, 71.00, 71.10, 71.10, 71.10, 71.10, 71.10, 71.10, 1500, 1.07, 1, 1500, 100.00
SHILCTECH, EQ, 02-Sep-2026, 4014.40, 3994.00, 4019.70, 3942.00, 4009.50, 3995.40, 3988.25, 17768, 708.63, 4237, 8936, 50.29
SHILGRAVQ, EQ, 02-Sep-2026, 153.72, 153.00, 155.90, 151.50, 151.50, 155.12, 154.56, 1033, 1.60, 24, 933, 90.32
SHILPAMED, EQ, 02-Sep-2026, 889.70, 889.00, 930.85, 887.05, 930.00, 928.55, 917.92, 1465404, 13451.24, 48025, 624530, 42.62
SHINDL, EQ, 02-Sep-2026, 162.21, 162.59, 168.96, 159.11, 160.80, 160.68, 161.02, 311659, 501.82, 2301, 127943, 41.05
SHIPROCKET, EQ, 02-Sep-2026, 134.25, 134.80, 137.77, 131.70, 134.80, 133.82, 134.19, 7254180, 9734.08, 39048, 956481, 13.19
SHIVAAGRO, EQ, 02-Sep-2026, 40.84, 39.70, 40.97, 37.00, 39.30, 40.80, 37.21, 1056, 0.39, 17, 1011, 95.74
SHIVACEM, EQ, 02-Sep-2026, 16.04, 16.39, 16.39, 15.62, 15.90, 15.99, 15.98, 41292, 6.60, 172, 36754, 89.01
SHIVALIK, BE, 02-Sep-2026, 338.05, 344.30, 344.30, 321.15, 327.80, 325.85, 325.63, 41241, 134.29, 672, -, -
SHIVAMAUTO, EQ, 02-Sep-2026, 17.94, 18.37, 18.37, 17.53, 17.82, 17.85, 17.77, 41911, 7.45, 146, 26299, 62.75
SHIVAMILLS, EQ, 02-Sep-2026, 62.34, 60.80, 62.10, 59.61, 60.14, 61.15, 60.66, 534, 0.32, 24, 292, 54.68
SHIVASHRIT, SM, 02-Sep-2026, 120.00, 120.55, 120.95, 120.55, 120.95, 120.95, 120.75, 2000, 2.42, 2, 1000, 50.00
SHIVATEX, EQ, 02-Sep-2026, 178.33, 177.44, 184.90, 175.98, 181.42, 180.51, 179.59, 6823, 12.25, 151, 3762, 55.14
SHIVAUM, EQ, 02-Sep-2026, 448.35, 483.90, 483.90, 423.05, 447.50, 448.20, 430.60, 109000, 469.36, 119, 104606, 95.97
SHK, EQ, 02-Sep-2026, 148.67, 148.50, 149.16, 145.53, 147.40, 148.37, 147.77, 594034, 877.81, 7990, 399088, 67.18
SHKSIL, SM, 02-Sep-2026, 32.25, 32.00, 34.85, 31.50, 31.50, 33.80, 33.53, 12000, 4.02, 6, 6000, 50.00
SHOPERSTOP, EQ, 02-Sep-2026, 386.35, 387.85, 391.65, 378.00, 378.05, 381.25, 381.18, 15781, 60.15, 914, 11099, 70.33
SHRADDHA, EQ, 02-Sep-2026, 160.72, 164.00, 164.00, 153.96, 159.00, 157.89, 156.94, 4640, 7.28, 126, 4030, 86.85
SHRADHA, EQ, 02-Sep-2026, 31.85, 31.85, 32.00, 31.55, 31.65, 31.63, 31.71, 5791, 1.84, 36, 5706, 98.53
SHREDIGCEM, EQ, 02-Sep-2026, 73.82, 73.82, 75.40, 70.15, 70.90, 70.95, 71.52, 225107, 160.99, 3514, 126385, 56.14
SHREECEM, EQ, 02-Sep-2026, 23490.00, 23450.00, 23680.00, 23060.00, 23680.00, 23680.00, 23485.29, 17542, 4119.79, 10406, 9166, 52.25
SHREEDHAR, ST, 02-Sep-2026, 109.30, 108.20, 112.15, 108.20, 112.15, 111.20, 108.60, 30000, 32.58, 6, 30000, 100.00
SHREEJISPG, EQ, 02-Sep-2026, 637.10, 635.10, 654.70, 635.10, 643.60, 643.40, 647.27, 772101, 4997.62, 9876, 376584, 48.77
SHREEKARNI, SM, 02-Sep-2026, 399.45, 398.00, 408.00, 382.00, 395.00, 395.00, 398.34, 3150, 12.55, 14, 1950, 61.90
SHREEOSFM, SM, 02-Sep-2026, 58.50, 58.50, 60.15, 58.50, 59.00, 59.00, 59.22, 3000, 1.78, 3, 3000, 100.00
SHREEPUSHK, EQ, 02-Sep-2026, 464.45, 464.45, 477.20, 455.75, 465.95, 468.05, 468.35, 71193, 333.43, 3780, 30261, 42.51
SHREERAMA, EQ, 02-Sep-2026, 41.63, 41.25, 41.99, 40.81, 41.01, 41.13, 41.13, 40231, 16.55, 602, 26975, 67.05
SHREMINVIT, IV, 02-Sep-2026, 100.75, 101.00, 101.00, 101.00, 101.00, 101.00, 101.00, 25000, 25.25, 1, 25000, 100.00
SHRENIK, BZ, 02-Sep-2026, 0.29, 0.30, 0.30, 0.28, 0.29, 0.28, 0.28, 286599, 0.81, 177, -, -
SHREYANIND, EQ, 02-Sep-2026, 125.80, 126.30, 127.06, 125.00, 125.50, 125.71, 125.66, 4428, 5.56, 66, 3973, 89.72
SHRIAHIMSA, ST, 02-Sep-2026, 462.50, 462.50, 485.60, 462.50, 485.60, 485.60, 481.66, 15600, 75.14, 24, 15000, 96.15
SHRIKANHA, SM, 02-Sep-2026, 21.30, 21.50, 22.30, 21.50, 22.25, 22.25, 22.23, 25600, 5.69, 11, 22400, 87.50
SHRIKRISH, EQ, 02-Sep-2026, 37.49, 37.49, 40.00, 37.49, 39.89, 39.81, 39.18, 908, 0.36, 16, 798, 87.89
SHRINGARMS, EQ, 02-Sep-2026, 215.97, 215.97, 218.39, 213.60, 215.15, 216.23, 216.52, 144996, 313.95, 1870, 57375, 39.57
SHRIPISTON, EQ, 02-Sep-2026, 4598.20, 4570.00, 4613.00, 4422.20, 4610.00, 4600.40, 4526.00, 95112, 4304.77, 13996, 53015, 55.74
SHRIRAMFIN, EQ, 02-Sep-2026, 1059.10, 1048.00, 1048.00, 1026.10, 1047.00, 1047.00, 1036.29, 6535021, 67721.46, 268363, 4273857, 65.40
SHRIRAMPPS, EQ, 02-Sep-2026, 76.13, 76.00, 76.41, 75.11, 76.25, 75.68, 75.52, 245690, 185.54, 2492, 119876, 48.79
SHRITECH, SM, 02-Sep-2026, 60.95, 64.00, 70.10, 59.55, 59.55, 59.55, 64.07, 26000, 16.66, 13, 10000, 38.46
SHRJAGP, EQ, 02-Sep-2026, 622.55, 623.00, 625.00, 604.00, 613.20, 615.55, 617.52, 896, 5.53, 84, 715, 79.80
SHUBHLAXMI, SM, 02-Sep-2026, 19.45, 18.50, 18.50, 18.50, 18.50, 18.50, 18.50, 1000, 0.19, 1, 1000, 100.00
SHUBHSHREE, SM, 02-Sep-2026, 340.00, 342.30, 347.50, 325.00, 347.50, 347.50, 337.83, 7200, 24.32, 18, 6300, 87.50
SHUKRAPHAR, EQ, 02-Sep-2026, 44.43, 44.52, 47.24, 44.52, 46.99, 46.79, 46.30, 2933344, 1358.07, 7002, 1254346, 42.76
SHYAMCENT, BE, 02-Sep-2026, 4.95, 5.19, 5.19, 4.85, 5.02, 5.02, 5.01, 40748, 2.04, 77, -, -
SHYAMDHANI, ST, 02-Sep-2026, 52.40, 53.25, 53.30, 52.95, 52.95, 52.95, 53.17, 6000, 3.19, 3, 6000, 100.00
SHYAMMETL, EQ, 02-Sep-2026, 1078.00, 1078.00, 1079.90, 1067.10, 1076.40, 1072.60, 1072.38, 102401, 1098.13, 5987, 45416, 44.35
SHYAMTEL, EQ, 02-Sep-2026, 12.02, 12.02, 12.02, 11.00, 11.50, 11.12, 11.14, 27921, 3.11, 174, 23938, 85.73
SICAGEN, EQ, 02-Sep-2026, 55.48, 56.00, 58.25, 54.91, 57.94, 57.93, 57.27, 50178, 28.74, 466, 33216, 66.20
SICALLOG, BE, 02-Sep-2026, 98.77, 103.50, 103.70, 103.50, 103.70, 103.70, 103.69, 24246, 25.14, 58, -, -
SIDDHICOTS, SM, 02-Sep-2026, 27.50, 26.70, 27.00, 26.70, 26.75, 26.75, 26.78, 15600, 4.18, 10, 13200, 84.62
SIDDHIKA, SM, 02-Sep-2026, 215.00, 215.05, 215.40, 215.05, 215.40, 215.40, 215.11, 3500, 7.53, 4, 3500, 100.00
SIEL, EQ, 02-Sep-2026, 32.50, 33.31, 33.31, 30.90, 32.50, 32.50, 31.79, 423, 0.13, 14, 391, 92.43
SIEMENS, EQ, 02-Sep-2026, 4030.00, 4024.90, 4029.00, 3966.20, 4018.90, 4018.90, 4001.52, 263290, 10535.59, 27961, 120492, 45.76
SIGACHI, EQ, 02-Sep-2026, 31.72, 31.73, 32.85, 31.40, 32.40, 32.53, 32.22, 1728224, 556.80, 6818, 775938, 44.90
SIGIND, BE, 02-Sep-2026, 70.09, 68.80, 72.50, 68.80, 71.60, 71.58, 71.00, 26413, 18.75, 345, -, -
SIGMA, EQ, 02-Sep-2026, 47.29, 47.50, 47.50, 46.41, 47.40, 46.85, 46.87, 54352, 25.47, 880, 33503, 61.64
SIGMAADV, BE, 02-Sep-2026, 780.45, 778.05, 787.80, 750.25, 772.90, 772.95, 767.61, 169732, 1302.89, 3145, -, -
SIGNATURE, EQ, 02-Sep-2026, 777.20, 772.30, 773.10, 760.15, 768.00, 765.30, 765.19, 177375, 1357.25, 4863, 8790, 4.96
SIGNPOST, EQ, 02-Sep-2026, 252.30, 252.30, 255.00, 241.00, 243.00, 242.70, 245.41, 164552, 403.83, 4477, 116703, 70.92
SIKA, EQ, 02-Sep-2026, 995.40, 1014.90, 1014.90, 977.55, 987.05, 987.40, 993.46, 16813, 167.03, 1902, 9178, 54.59
SIKKO, BE, 02-Sep-2026, 5.11, 5.11, 5.34, 4.92, 5.30, 5.19, 5.11, 515912, 26.34, 441, -, -
SIL, EQ, 02-Sep-2026, 19.77, 20.00, 20.10, 19.25, 19.84, 19.67, 19.70, 58178, 11.46, 434, 49972, 85.90
SILGO, EQ, 02-Sep-2026, 70.94, 71.04, 72.59, 70.03, 72.35, 71.89, 70.75, 317809, 224.86, 1642, 205792, 64.75
SILINV, EQ, 02-Sep-2026, 485.25, 481.30, 491.00, 470.30, 474.00, 477.65, 481.77, 2397, 11.55, 256, 1695, 70.71
SILKFLEX, SM, 02-Sep-2026, 249.10, 256.00, 261.55, 245.25, 261.55, 261.55, 257.93, 25000, 64.48, 21, 20000, 80.00
SILKY, SM, 02-Sep-2026, 68.80, 70.40, 70.40, 65.40, 69.40, 69.40, 67.75, 12000, 8.13, 15, 8000, 66.67
SILLYMONKS, EQ, 02-Sep-2026, 16.08, 16.40, 16.40, 15.90, 16.00, 15.99, 16.09, 107, 0.02, 18, 60, 56.07
SILVER, EQ, 02-Sep-2026, 227.52, 226.99, 226.99, 224.10, 225.30, 225.17, 225.22, 697460, 1570.81, 8135, 290561, 41.66
SILVER001, EQ, 02-Sep-2026, 23.00, 23.46, 23.47, 22.56, 22.80, 22.79, 22.87, 60488, 13.83, 182, 56630, 93.62
SILVER1, EQ, 02-Sep-2026, 22.09, 22.09, 22.09, 21.61, 21.89, 21.87, 21.87, 6245962, 1366.19, 6092, 3360022, 53.80
SILVER360, EQ, 02-Sep-2026, 225.44, 222.55, 224.43, 221.54, 222.18, 222.54, 222.53, 30512, 67.90, 599, 20045, 65.70
SILVERADD, EQ, 02-Sep-2026, 22.08, 21.80, 21.85, 21.64, 21.75, 21.71, 21.74, 2578958, 560.65, 4868, 822461, 31.89
SILVERAG, EQ, 02-Sep-2026, 221.73, 218.70, 220.71, 218.54, 219.30, 219.49, 219.50, 297870, 653.82, 2902, 187363, 62.90
SILVERAXIS, EQ, 02-Sep-2026, 226.12, 225.12, 225.37, 223.38, 224.29, 223.98, 224.42, 441304, 990.37, 1967, 329207, 74.60
SILVERBEES, EQ, 02-Sep-2026, 217.72, 214.79, 216.79, 214.03, 215.58, 215.45, 215.69, 18590941, 40098.10, 80126, 8355141, 44.94
SILVERBETA, EQ, 02-Sep-2026, 219.47, 220.00, 220.00, 216.71, 217.26, 217.48, 217.61, 818352, 1780.78, 3371, 505450, 61.76
SILVERBND, EQ, 02-Sep-2026, 228.50, 226.50, 227.98, 225.52, 225.65, 226.02, 226.15, 22114, 50.01, 185, 18805, 85.04
SILVERCASE, EQ, 02-Sep-2026, 22.93, 23.50, 23.50, 22.65, 22.84, 22.83, 22.87, 7130133, 1630.44, 8516, 2486302, 34.87
SILVERIETF, EQ, 02-Sep-2026, 227.47, 222.40, 231.90, 222.40, 225.30, 225.65, 225.27, 3634029, 8186.44, 20083, 1747601, 48.09
SILVERTUC, EQ, 02-Sep-2026, 171.12, 171.50, 175.74, 169.22, 173.00, 173.81, 172.53, 385462, 665.04, 6572, 116765, 30.29
SIMBHALS, BZ, 02-Sep-2026, 8.27, 8.25, 8.25, 8.11, 8.11, 8.11, 8.11, 11462, 0.93, 14, -, -
SIMCA, ST, 02-Sep-2026, 258.50, 258.50, 258.50, 257.50, 258.00, 258.00, 258.06, 4800, 12.39, 6, 4800, 100.00
SIMPLEXINF, EQ, 02-Sep-2026, 256.60, 256.60, 267.80, 252.55, 267.00, 265.20, 262.83, 109146, 286.87, 2195, 70728, 64.80
SINCLAIR, EQ, 02-Sep-2026, 82.91, 82.10, 84.50, 82.10, 82.10, 82.67, 83.15, 41291, 34.33, 852, 24008, 58.14
SINDHUTRAD, EQ, 02-Sep-2026, 24.50, 24.48, 24.48, 23.61, 23.95, 23.86, 23.96, 833375, 199.71, 1336, 325637, 39.07
SINGERIND, EQ, 02-Sep-2026, 75.65, 75.90, 75.90, 74.42, 74.63, 74.64, 74.88, 34572, 25.89, 429, 23747, 68.69
SINTERCOM, EQ, 02-Sep-2026, 78.30, 78.40, 78.50, 76.31, 76.52, 76.54, 77.07, 1004, 0.77, 40, 543, 54.08
SIRCA, EQ, 02-Sep-2026, 431.00, 431.00, 433.80, 427.00, 432.00, 431.25, 430.65, 174471, 751.36, 2506, 52645, 30.17
SIS, EQ, 02-Sep-2026, 427.55, 430.90, 435.00, 422.45, 433.00, 430.00, 428.93, 369279, 1583.95, 8320, 189313, 51.27
SITINET, BZ, 02-Sep-2026, 0.29, 0.30, 0.30, 0.29, 0.30, 0.29, 0.30, 891034, 2.64, 261, -, -
SIYSIL, EQ, 02-Sep-2026, 554.45, 553.55, 558.70, 542.15, 553.00, 550.35, 549.88, 39032, 214.63, 3014, 16561, 42.43
SJLOGISTIC, SM, 02-Sep-2026, 323.80, 323.00, 324.50, 310.25, 315.60, 315.00, 314.48, 44750, 140.73, 148, 33750, 75.42
SJS, EQ, 02-Sep-2026, 2461.20, 2460.10, 2460.10, 2374.60, 2424.00, 2403.80, 2401.05, 96297, 2312.14, 16228, 50884, 52.84
SJVN, EQ, 02-Sep-2026, 64.92, 64.31, 64.84, 63.80, 64.00, 63.92, 64.20, 1760999, 1130.48, 17776, 895849, 50.87
SKFINDIA, EQ, 02-Sep-2026, 1531.60, 1532.00, 1560.00, 1508.00, 1532.80, 1532.10, 1526.34, 28428, 433.91, 4171, 14524, 51.09
SKFINDUS, EQ, 02-Sep-2026, 2953.00, 2958.00, 3082.90, 2935.60, 3020.00, 3039.20, 3028.86, 78757, 2385.44, 22379, 38653, 49.08
SKIPPER, EQ, 02-Sep-2026, 534.55, 531.00, 541.95, 524.05, 540.00, 537.15, 533.62, 754042, 4023.69, 16023, 277247, 36.77
SKMEGGPROD, EQ, 02-Sep-2026, 262.20, 262.20, 266.60, 258.90, 262.00, 261.75, 262.64, 186842, 490.72, 4686, 80806, 43.25
SKP, SM, 02-Sep-2026, 150.15, 150.05, 151.30, 148.10, 148.10, 148.10, 150.04, 68500, 102.78, 74, 31500, 45.99
SKYGOLD, EQ, 02-Sep-2026, 778.25, 777.00, 780.25, 747.00, 751.00, 753.10, 757.24, 1060004, 8026.76, 40747, 544972, 51.41
SKYTECH, ST, 02-Sep-2026, 49.25, 46.80, 46.80, 46.80, 46.80, 46.80, 46.80, 1600, 0.75, 1, 1600, 100.00
SKYWAYS, EQ, 02-Sep-2026, 125.56, 128.00, 132.99, 128.00, 129.24, 129.31, 130.20, 17596762, 22911.07, 121357, 3085490, 17.53
SLONE, ST, 02-Sep-2026, 170.50, 169.00, 177.45, 168.00, 177.45, 174.20, 173.64, 7200, 12.50, 16, 6800, 94.44
SMALL250, EQ, 02-Sep-2026, 18.44, 18.81, 18.81, 18.20, 18.36, 18.34, 18.32, 385602, 70.63, 1068, 233806, 60.63
SMALLADD, EQ, 02-Sep-2026, 18.50, 18.59, 18.59, 18.25, 18.46, 18.33, 18.36, 46783, 8.59, 131, 33947, 72.56
SMALLCAP, EQ, 02-Sep-2026, 48.90, 49.37, 49.37, 48.26, 48.52, 48.47, 48.45, 1242548, 602.03, 4365, 782497, 62.98
SMALLGROWW, EQ, 02-Sep-2026, 49.10, 49.54, 49.54, 48.44, 48.60, 48.58, 48.64, 10965, 5.33, 182, 9625, 87.78
SMALLIETF, EQ, 02-Sep-2026, 18.47, 18.47, 18.50, 18.21, 18.35, 18.33, 18.31, 62585, 11.46, 175, 33899, 54.16
SMARTLINK, BE, 02-Sep-2026, 214.42, 207.60, 222.90, 205.00, 207.05, 209.37, 207.85, 6540, 13.59, 95, -, -
SMARTWORKS, EQ, 02-Sep-2026, 525.90, 525.90, 533.00, 522.00, 531.00, 525.45, 526.69, 41047, 216.19, 5936, 29921, 72.89
SMCGLOBAL, EQ, 02-Sep-2026, 79.65, 79.85, 79.90, 78.31, 79.11, 79.37, 79.22, 263104, 208.43, 979, 193904, 73.70
SML100CASE, EQ, 02-Sep-2026, 11.30, 11.53, 11.53, 11.16, 11.28, 11.24, 11.22, 1173683, 131.74, 1982, 662033, 56.41
SMLMAH, EQ, 02-Sep-2026, 5412.50, 5400.00, 5650.00, 5300.00, 5308.00, 5318.50, 5462.33, 157903, 8625.18, 25747, 41551, 26.31
SMLT, EQ, 02-Sep-2026, 65.61, 64.20, 67.00, 64.00, 65.40, 64.61, 64.85, 8912, 5.78, 175, 6668, 74.82
SMSPHARMA, EQ, 02-Sep-2026, 368.25, 367.00, 376.00, 362.10, 373.50, 373.05, 370.58, 176928, 655.66, 5466, 76533, 43.26
SNEHAA, SM, 02-Sep-2026, 46.00, 46.00, 46.00, 46.00, 46.00, 46.00, 46.00, 1000, 0.46, 1, 1000, 100.00
SNOWMAN, EQ, 02-Sep-2026, 36.68, 36.68, 36.80, 35.75, 36.03, 36.07, 36.24, 121902, 44.17, 1315, 68596, 56.27
SNXT30BEES, EQ, 02-Sep-2026, 42.74, 42.41, 42.60, 42.15, 42.60, 42.60, 42.25, 18341, 7.75, 112, 18106, 98.72
SNXT50BETA, EQ, 02-Sep-2026, 94.34, 94.15, 95.35, 93.01, 95.00, 94.97, 93.99, 1391, 1.31, 100, 843, 60.60
SOBHA, EQ, 02-Sep-2026, 1244.90, 1249.00, 1249.90, 1221.00, 1235.00, 1230.10, 1228.87, 75521, 928.05, 10631, 35214, 46.63
SOCL, SM, 02-Sep-2026, 29.30, 28.25, 29.00, 28.10, 29.00, 29.00, 28.58, 6400, 1.83, 4, 6400, 100.00
SOFTTECH, EQ, 02-Sep-2026, 415.10, 425.00, 425.00, 412.45, 412.90, 412.90, 414.42, 1513, 6.27, 60, 974, 64.38
SOLARA, EQ, 02-Sep-2026, 643.45, 647.90, 649.80, 632.35, 637.00, 640.35, 642.35, 350170, 2249.30, 14754, 163531, 46.70
SOLARINDS, EQ, 02-Sep-2026, 20060.00, 19970.00, 20610.00, 19810.00, 20600.00, 20600.00, 20265.79, 139030, 28175.52, 28669, 59728, 42.96
SOLARWORLD, EQ, 02-Sep-2026, 145.04, 145.34, 145.34, 140.50, 144.50, 142.83, 142.03, 213492, 303.23, 4150, 123655, 57.92
SOLEX, EQ, 02-Sep-2026, 726.40, 728.25, 728.70, 705.10, 718.00, 712.95, 711.61, 32821, 233.56, 2856, 18782, 57.23
SOMANYCERA, EQ, 02-Sep-2026, 563.15, 565.00, 576.80, 560.25, 567.05, 570.10, 569.14, 180890, 1029.52, 9068, 77146, 42.65
SOMATEX, EQ, 02-Sep-2026, 84.14, 88.30, 88.34, 88.30, 88.34, 88.34, 88.34, 9355, 8.26, 29, 9355, 100.00
SOMICONVEY, EQ, 02-Sep-2026, 90.62, 90.62, 91.40, 89.55, 89.75, 90.45, 90.10, 8346, 7.52, 235, 5849, 70.08
SONACOMS, EQ, 02-Sep-2026, 809.50, 803.00, 803.00, 773.40, 782.65, 782.65, 780.87, 3609368, 28184.63, 75356, 1792712, 49.67
SONAL, EQ, 02-Sep-2026, 86.87, 86.87, 88.99, 86.87, 88.99, 88.99, 88.59, 16, 0.01, 3, 16, 100.00
SONAMAC, SM, 02-Sep-2026, 32.50, 32.50, 32.50, 32.50, 32.50, 32.50, 32.50, 1000, 0.33, 1, 1000, 100.00
SONAMLTD, EQ, 02-Sep-2026, 70.59, 70.49, 72.43, 68.63, 71.90, 71.44, 70.40, 212626, 149.69, 2456, 108212, 50.89
SONATSOFTW, EQ, 02-Sep-2026, 289.00, 288.00, 290.95, 282.00, 289.55, 289.30, 286.15, 813831, 2328.79, 17224, 243682, 29.94
SONUINFRA, ST, 02-Sep-2026, 38.45, 40.20, 40.35, 40.20, 40.35, 40.35, 40.29, 18000, 7.25, 11, 18000, 100.00
SOTL, EQ, 02-Sep-2026, 771.40, 780.95, 797.00, 735.00, 743.00, 752.60, 769.10, 5145071, 39570.87, 128528, 453993, 8.82
SOUTHBANK, EQ, 02-Sep-2026, 45.91, 45.75, 45.95, 45.39, 45.83, 45.74, 45.64, 5752468, 2625.71, 15695, 2424955, 42.16
SOUTHWEST, EQ, 02-Sep-2026, 208.60, 208.53, 208.53, 204.81, 206.50, 206.38, 206.02, 61416, 126.53, 1355, 36821, 59.95
SPAL, EQ, 02-Sep-2026, 1021.30, 1021.30, 1085.00, 1011.80, 1072.00, 1072.40, 1059.35, 144792, 1533.85, 12570, 63805, 44.07
SPANDANA, EQ, 02-Sep-2026, 236.45, 236.54, 236.54, 232.50, 236.40, 235.98, 234.84, 77756, 182.60, 2815, 38203, 49.13
SPARC, EQ, 02-Sep-2026, 196.98, 196.80, 207.80, 194.77, 200.75, 199.58, 203.35, 2409904, 4900.52, 31553, 605673, 25.13
SPCENET, EQ, 02-Sep-2026, 3.09, 3.28, 3.28, 3.09, 3.10, 3.10, 3.15, 1503707, 47.30, 929, 1105022, 73.49
SPCL, SM, 02-Sep-2026, 60.95, 60.95, 60.95, 60.60, 60.60, 60.70, 60.80, 7800, 4.74, 11, 7200, 92.31
SPEB, SM, 02-Sep-2026, 91.55, 92.00, 92.00, 92.00, 92.00, 92.00, 92.00, 2000, 1.84, 1, 2000, 100.00
SPECIALITY, BE, 02-Sep-2026, 138.93, 138.10, 140.05, 135.20, 138.00, 138.09, 139.11, 46224, 64.30, 171, -, -
SPECTRUM, BE, 02-Sep-2026, 2135.80, 2100.00, 2180.00, 2072.20, 2150.00, 2148.30, 2113.11, 6134, 129.62, 272, -, -
SPECTSTM, SM, 02-Sep-2026, 58.05, 58.00, 58.55, 58.00, 58.45, 58.45, 58.10, 15200, 8.83, 8, 13600, 89.47
SPELS, EQ, 02-Sep-2026, 149.76, 151.00, 151.00, 145.00, 148.69, 148.68, 148.33, 25327, 37.57, 1068, 13233, 52.25
SPENCERS, EQ, 02-Sep-2026, 28.89, 29.10, 29.61, 28.40, 28.90, 28.51, 28.80, 36449, 10.50, 292, 32209, 88.37
SPIC, EQ, 02-Sep-2026, 68.86, 68.70, 69.80, 67.61, 68.90, 69.09, 68.67, 471117, 323.52, 3043, 170137, 36.11
SPLIL, EQ, 02-Sep-2026, 31.65, 31.52, 32.69, 30.65, 31.50, 31.45, 31.42, 7069, 2.22, 99, 5716, 80.86
SPLPETRO, EQ, 02-Sep-2026, 718.50, 718.05, 724.25, 713.40, 723.50, 721.85, 720.44, 83706, 603.05, 6690, 43104, 51.49
SPMLINFRA, EQ, 02-Sep-2026, 179.64, 179.71, 179.71, 172.55, 175.00, 174.24, 174.83, 201362, 352.05, 3418, 111579, 55.41
SPORTKING, EQ, 02-Sep-2026, 229.91, 230.90, 232.90, 221.51, 225.95, 225.74, 227.84, 306220, 697.70, 7960, 138623, 45.27
SPUNWEB, SM, 02-Sep-2026, 101.00, 101.05, 101.05, 101.05, 101.05, 101.05, 101.05, 1200, 1.21, 1, 1200, 100.00
SRD, EQ, 02-Sep-2026, 39.62, 39.98, 39.98, 38.00, 38.65, 38.63, 38.44, 38691, 14.87, 321, 26907, 69.54
SREEL, EQ, 02-Sep-2026, 249.74, 247.32, 264.40, 247.32, 255.99, 253.70, 254.28, 19178, 48.77, 797, 13978, 72.89
SRF, EQ, 02-Sep-2026, 2592.00, 2575.00, 2598.40, 2557.10, 2598.40, 2598.40, 2581.19, 129379, 3339.52, 12314, 77783, 60.12
SRGHFL, EQ, 02-Sep-2026, 255.60, 254.10, 258.00, 246.10, 247.10, 246.85, 253.04, 1741, 4.41, 48, 1293, 74.27
SRHHYPOLTD, EQ, 02-Sep-2026, 494.45, 494.30, 500.00, 489.80, 499.50, 498.20, 496.31, 7917, 39.29, 449, 5285, 66.76
SRIKPRIND, EQ, 02-Sep-2026, 25.35, 27.10, 30.42, 27.00, 30.42, 30.42, 29.09, 221530, 64.45, 1684, 104785, 47.30
SRIVASAVI, ST, 02-Sep-2026, 72.10, 72.40, 73.90, 72.00, 73.80, 73.80, 72.53, 25000, 18.13, 10, 25000, 100.00
SRM, EQ, 02-Sep-2026, 447.30, 447.00, 462.40, 434.95, 461.20, 458.30, 453.65, 100666, 456.67, 3979, 50414, 50.08
SRTL, EQ, 02-Sep-2026, 37.99, 38.39, 38.77, 36.70, 37.00, 36.99, 37.30, 108713, 40.55, 507, 90036, 82.82
SSDL, EQ, 02-Sep-2026, 56.23, 56.23, 57.08, 55.94, 56.30, 56.03, 56.23, 12140, 6.83, 323, 8846, 72.87
SSEGL, SM, 02-Sep-2026, 398.95, 394.00, 412.00, 384.50, 405.10, 406.35, 397.90, 43600, 173.49, 151, 24600, 56.42
SSFL, ST, 02-Sep-2026, 265.00, 265.00, 269.00, 253.00, 253.00, 253.00, 259.00, 4500, 11.66, 9, 3500, 77.78
SSWL, EQ, 02-Sep-2026, 357.25, 353.25, 355.90, 338.40, 352.00, 349.70, 345.47, 4499959, 15545.94, 66435, 1056324, 23.47
STALLION, BE, 02-Sep-2026, 207.60, 207.11, 215.00, 205.30, 213.90, 212.45, 211.21, 362563, 765.78, 3559, -, -
STANLEY, EQ, 02-Sep-2026, 137.72, 137.72, 137.72, 134.01, 135.50, 135.41, 135.90, 48527, 65.95, 1353, 32090, 66.13
STAR, EQ, 02-Sep-2026, 1024.20, 1009.40, 1050.10, 1009.40, 1047.50, 1047.80, 1035.84, 327406, 3391.39, 18259, 172291, 52.62
STARCEMENT, EQ, 02-Sep-2026, 185.63, 185.40, 185.63, 182.41, 184.10, 184.10, 184.09, 106376, 195.82, 2855, 68443, 64.34
STARHEALTH, EQ, 02-Sep-2026, 560.40, 554.30, 567.25, 551.00, 563.00, 562.95, 560.24, 246774, 1382.53, 14998, 125025, 50.66
STARPAPER, EQ, 02-Sep-2026, 150.26, 152.00, 152.00, 145.50, 146.45, 147.16, 148.60, 6997, 10.40, 194, 4800, 68.60
STARTECK, EQ, 02-Sep-2026, 249.30, 249.15, 249.15, 245.35, 245.35, 247.90, 247.94, 25, 0.06, 4, 23, 92.00
STCINDIA, EQ, 02-Sep-2026, 115.70, 115.52, 115.89, 112.00, 113.00, 112.97, 113.64, 51290, 58.29, 725, 34548, 67.36
STEELCAS, EQ, 02-Sep-2026, 339.85, 340.00, 342.55, 327.00, 335.00, 330.75, 335.64, 61704, 207.10, 2662, 35143, 56.95
STEELCITY, EQ, 02-Sep-2026, 83.12, 84.78, 84.78, 82.00, 82.26, 82.31, 82.52, 5769, 4.76, 124, 4078, 70.69
STEELXIND, EQ, 02-Sep-2026, 10.56, 10.68, 10.73, 10.50, 10.65, 10.61, 10.63, 2631091, 279.59, 1758, 1975946, 75.10
STEL, EQ, 02-Sep-2026, 623.10, 631.55, 631.55, 598.00, 605.85, 601.45, 608.02, 2919, 17.75, 424, 1567, 53.68
STERTOOLS, BE, 02-Sep-2026, 212.84, 212.00, 223.48, 211.50, 220.90, 220.06, 218.56, 28250, 61.74, 464, -, -
STLNETWORK, EQ, 02-Sep-2026, 27.16, 27.16, 28.24, 26.71, 28.07, 28.01, 27.67, 1379678, 381.77, 4446, 888061, 64.37
STLSTRINF, EQ, 02-Sep-2026, 18.91, 19.00, 19.84, 18.45, 19.60, 19.57, 19.59, 1251, 0.25, 23, 1145, 91.53
STLTECH, BE, 02-Sep-2026, 693.70, 680.10, 725.40, 665.50, 714.95, 714.35, 704.17, 1724135, 12140.78, 62449, -, -
STOVEKRAFT, EQ, 02-Sep-2026, 847.10, 851.55, 858.80, 834.55, 845.20, 844.40, 846.29, 120280, 1017.91, 7547, 57761, 48.02
STRIDERS, SM, 02-Sep-2026, 61.50, 62.00, 62.00, 62.00, 62.00, 62.00, 62.00, 59200, 36.70, 2, 59200, 100.00
STUDDS, EQ, 02-Sep-2026, 441.30, 436.95, 441.30, 428.90, 434.40, 433.40, 432.13, 60119, 259.79, 2441, 41291, 68.68
STUDIOLSD, SM, 02-Sep-2026, 9.10, 9.20, 9.25, 9.15, 9.25, 9.25, 9.22, 18000, 1.66, 9, 16000, 88.89
STYL, EQ, 02-Sep-2026, 386.80, 388.60, 392.20, 378.05, 388.00, 386.00, 385.49, 80614, 310.76, 3272, 36719, 45.55
STYLAMIND, EQ, 02-Sep-2026, 3344.30, 3322.10, 3417.70, 3239.60, 3254.00, 3264.80, 3293.98, 39966, 1316.47, 8954, 20478, 51.24
STYLEBAAZA, EQ, 02-Sep-2026, 398.15, 396.70, 405.00, 386.80, 396.45, 395.45, 397.89, 1012868, 4030.14, 9937, 590788, 58.33
STYRENIX, EQ, 02-Sep-2026, 2011.70, 2002.80, 2038.00, 1982.00, 1986.00, 1990.80, 1997.47, 49695, 992.64, 7126, 33324, 67.06
SUBAHOTELS, SM, 02-Sep-2026, 99.40, 101.00, 102.75, 99.20, 102.75, 102.35, 100.60, 25200, 25.35, 18, 22800, 90.48
SUBEXLTD, EQ, 02-Sep-2026, 17.88, 17.91, 17.98, 17.50, 17.59, 17.57, 17.69, 1683676, 297.84, 3623, 981571, 58.30
SUBROS, EQ, 02-Sep-2026, 716.60, 714.40, 714.45, 704.05, 709.00, 706.80, 707.34, 37033, 261.95, 2109, 20498, 55.35
SUDARCOLOR, EQ, 02-Sep-2026, 379.00, 378.70, 395.00, 378.40, 390.00, 388.75, 384.18, 5938, 22.81, 346, 4367, 73.54
SUDARSCHEM, EQ, 02-Sep-2026, 1240.70, 1226.00, 1252.80, 1210.50, 1246.00, 1245.80, 1236.10, 376056, 4648.42, 19353, 152934, 40.67
SUDEEPPHRM, EQ, 02-Sep-2026, 1230.90, 1245.00, 1292.40, 1221.20, 1239.60, 1234.00, 1258.82, 344574, 4337.56, 17683, 134425, 39.01
SUKHJITS, EQ, 02-Sep-2026, 158.99, 158.00, 160.00, 157.51, 159.00, 157.74, 159.05, 10837, 17.24, 122, 10139, 93.56
SULA, EQ, 02-Sep-2026, 148.65, 148.40, 149.00, 145.71, 148.90, 148.36, 147.28, 207531, 305.64, 3304, 92325, 44.49
SUMAX, ST, 02-Sep-2026, 101.00, 111.00, 116.00, 107.00, 108.10, 110.45, 111.87, 2726400, 3050.02, 1365, 2713200, 99.52
SUMEDHA, EQ, 02-Sep-2026, 39.50, 40.49, 40.49, 39.00, 39.00, 39.07, 39.05, 520, 0.20, 7, 491, 94.42
SUMEETINDS, EQ, 02-Sep-2026, 11.67, 11.45, 11.56, 11.09, 11.34, 11.34, 11.27, 2604502, 293.59, 2951, 1587971, 60.97
SUMICHEM, EQ, 02-Sep-2026, 514.20, 513.95, 513.95, 499.45, 508.50, 505.15, 504.71, 151724, 765.77, 8872, 78721, 51.88
SUMIT, EQ, 02-Sep-2026, 50.92, 50.20, 50.90, 49.96, 50.85, 50.68, 50.26, 17785, 8.94, 398, 10949, 61.56
SUMMITSEC, EQ, 02-Sep-2026, 1413.70, 1407.00, 1422.30, 1400.00, 1415.70, 1413.30, 1407.99, 1347, 18.97, 239, 947, 70.30
SUNCLAY, EQ, 02-Sep-2026, 1296.70, 1296.70, 1296.70, 1251.40, 1285.00, 1272.60, 1275.00, 4019, 51.24, 585, 2581, 64.22
SUNDARAM, EQ, 02-Sep-2026, 1.22, 1.22, 1.26, 1.22, 1.24, 1.23, 1.24, 361250, 4.48, 264, 254290, 70.39
SUNDARMFIN, EQ, 02-Sep-2026, 4540.10, 4539.00, 4614.90, 4525.00, 4554.90, 4557.20, 4562.47, 35627, 1625.47, 12515, 21145, 59.35
SUNDRMBRAK, BE, 02-Sep-2026, 768.00, 750.00, 761.30, 740.20, 748.00, 748.00, 751.08, 875, 6.57, 43, -, -
SUNDRMFAST, EQ, 02-Sep-2026, 1204.70, 1204.70, 1215.40, 1187.10, 1203.50, 1200.70, 1197.30, 77604, 929.16, 8455, 52293, 67.38
SUNDROP, EQ, 02-Sep-2026, 655.55, 658.05, 658.10, 645.80, 653.10, 653.80, 653.28, 6378, 41.67, 680, 3357, 52.63
SUNFLAG, EQ, 02-Sep-2026, 339.65, 339.90, 354.20, 335.05, 346.90, 347.30, 347.92, 335900, 1168.67, 6064, 108610, 32.33
SUNLITE, SM, 02-Sep-2026, 555.45, 551.00, 555.60, 538.75, 550.00, 550.00, 546.83, 11700, 63.98, 39, 8400, 71.79
SUNLOC, EQ, 02-Sep-2026, 79.74, 79.74, 79.74, 76.62, 79.74, 79.58, 78.87, 565, 0.45, 24, 503, 89.03
SUNPHARMA, EQ, 02-Sep-2026, 1929.00, 1910.00, 1948.50, 1910.00, 1931.70, 1931.70, 1930.76, 1245419, 24046.02, 86157, 644578, 51.76
SUNRAKSHAK, EQ, 02-Sep-2026, 365.80, 365.80, 375.00, 363.85, 371.50, 371.55, 370.28, 13513, 50.04, 240, 11396, 84.33
SUNREST, SM, 02-Sep-2026, 36.50, 35.00, 35.00, 35.00, 35.00, 35.00, 35.00, 4800, 1.68, 3, 4800, 100.00
SUNSHIEL, EQ, 02-Sep-2026, 1152.70, 1135.10, 1179.00, 1135.10, 1150.00, 1150.00, 1144.12, 1386, 15.86, 116, 1215, 87.66
SUNSHINE, EQ, 02-Sep-2026, 450.75, 453.00, 473.80, 435.60, 440.10, 445.80, 457.12, 2415155, 11040.06, 30572, 536191, 22.20
SUNTECH, SM, 02-Sep-2026, 45.10, 45.50, 48.00, 43.50, 44.00, 43.85, 45.32, 19200, 8.70, 11, 16000, 83.33
SUNTECK, EQ, 02-Sep-2026, 303.25, 301.00, 301.00, 294.20, 294.50, 295.50, 297.00, 144955, 430.51, 3465, 84650, 58.40
SUNTV, EQ, 02-Sep-2026, 462.15, 460.05, 462.75, 455.25, 460.15, 460.60, 459.15, 270939, 1244.00, 17270, 155283, 57.31
SUPERHOUSE, EQ, 02-Sep-2026, 173.09, 173.80, 173.80, 168.10, 168.56, 168.37, 169.54, 3375, 5.72, 85, 2273, 67.35
SUPERSPIN, BE, 02-Sep-2026, 6.52, 6.68, 6.84, 6.45, 6.50, 6.51, 6.56, 24050, 1.58, 38, -, -
SUPRAJIT, EQ, 02-Sep-2026, 506.45, 506.55, 509.70, 497.00, 501.65, 501.30, 500.87, 116904, 585.54, 11357, 83569, 71.49
SUPREME, EQ, 02-Sep-2026, 38.29, 37.80, 38.80, 36.00, 37.00, 36.96, 36.61, 51447, 18.84, 501, 27839, 54.11
SUPREMEENG, BZ, 02-Sep-2026, 2.88, 2.93, 2.93, 2.93, 2.93, 2.93, 2.93, 188995, 5.54, 89, -, -
SUPREMEIND, EQ, 02-Sep-2026, 3605.00, 3580.00, 3584.10, 3506.00, 3530.60, 3530.60, 3530.78, 177650, 6272.43, 25095, 100088, 56.34
SUPREMEINF, EQ, 02-Sep-2026, 84.93, 85.43, 88.04, 83.00, 84.50, 84.62, 84.66, 35271, 29.86, 832, 9580, 27.16
SUPREMEPWR, SM, 02-Sep-2026, 216.20, 214.20, 219.00, 213.00, 215.45, 214.75, 216.56, 24000, 51.97, 44, 18000, 75.00
SUPRIYA, EQ, 02-Sep-2026, 803.15, 803.00, 849.50, 800.00, 843.70, 841.20, 835.42, 960564, 8024.76, 39470, 252471, 26.28
SUPTANERY, BE, 02-Sep-2026, 15.44, 16.21, 16.21, 14.67, 14.67, 14.67, 15.69, 663473, 104.08, 2211, -, -
SURAJEST, EQ, 02-Sep-2026, 191.51, 189.01, 190.79, 188.00, 190.00, 189.94, 189.49, 78507, 148.76, 749, 68187, 86.85
SURAJLTD, EQ, 02-Sep-2026, 206.01, 205.00, 207.90, 203.50, 204.15, 204.15, 204.32, 25, 0.05, 9, 10, 40.00
SURAKSHA, EQ, 02-Sep-2026, 340.80, 336.35, 344.55, 336.35, 342.50, 340.35, 341.05, 117448, 400.56, 4774, 62351, 53.09
SURANASOL, EQ, 02-Sep-2026, 26.26, 26.39, 26.62, 25.85, 26.20, 26.07, 26.15, 31079, 8.13, 380, 20393, 65.62
SURANAT&P, EQ, 02-Sep-2026, 16.08, 16.08, 16.75, 15.80, 16.10, 16.03, 16.08, 17916, 2.88, 341, 11054, 61.70
SURANI, SM, 02-Sep-2026, 100.00, 100.00, 103.30, 100.00, 103.30, 103.10, 102.08, 3800, 3.88, 10, 3800, 100.00
SURYALA, EQ, 02-Sep-2026, 387.00, 419.75, 419.75, 389.00, 412.65, 414.95, 405.84, 3061, 12.42, 145, 2648, 86.51
SURYALAXMI, EQ, 02-Sep-2026, 62.92, 61.20, 62.39, 60.01, 60.15, 60.60, 60.75, 3224, 1.96, 118, 1887, 58.53
SURYAROSNI, EQ, 02-Sep-2026, 218.82, 218.30, 219.00, 213.11, 215.80, 216.30, 216.65, 303758, 658.10, 7342, 168597, 55.50
SURYODAY, EQ, 02-Sep-2026, 151.06, 151.00, 152.95, 149.08, 151.93, 151.81, 151.11, 150284, 227.09, 3549, 58815, 39.14
SUTLEJTEX, BE, 02-Sep-2026, 39.44, 39.20, 39.50, 38.50, 38.60, 38.77, 38.70, 25954, 10.04, 71, -, -
SUVEN, EQ, 02-Sep-2026, 381.60, 379.00, 387.95, 370.10, 372.80, 372.85, 377.06, 556245, 2097.39, 20470, 235844, 42.40
SUVIDHAA, EQ, 02-Sep-2026, 2.18, 2.18, 2.19, 1.77, 2.10, 2.11, 2.02, 288944, 5.82, 447, 200239, 69.30
SUYOG, EQ, 02-Sep-2026, 736.70, 737.75, 751.50, 721.00, 721.00, 731.35, 736.39, 19234, 141.64, 1376, 10525, 54.72
SUZLON, EQ, 02-Sep-2026, 46.50, 46.39, 46.39, 45.46, 45.46, 45.46, 45.65, 52679194, 24050.67, 114319, 24601428, 46.70
SVGLOBAL, EQ, 02-Sep-2026, 131.29, 127.70, 132.54, 115.00, 120.01, 120.01, 122.84, 1146, 1.41, 50, 805, 70.24
SVLL, BE, 02-Sep-2026, 815.10, 838.00, 838.00, 800.00, 807.00, 807.00, 806.82, 2150, 17.35, 98, -, -
SVPGLOB, EQ, 02-Sep-2026, 3.69, 3.79, 3.79, 3.61, 3.62, 3.62, 3.65, 15878, 0.58, 58, 11098, 69.90
SWANCORP, EQ, 02-Sep-2026, 289.40, 286.40, 287.70, 282.20, 285.50, 285.40, 284.48, 479500, 1364.08, 10959, 210245, 43.85
SWANDEF, BE, 02-Sep-2026, 2413.80, 2427.00, 2480.00, 2314.00, 2440.00, 2444.70, 2419.76, 20462, 495.13, 656, -, -
SWARAJ, BE, 02-Sep-2026, 358.95, 367.85, 367.85, 356.15, 356.15, 357.40, 357.94, 82430, 295.05, 315, -, -
SWARAJENG, EQ, 02-Sep-2026, 3537.70, 3537.70, 3553.90, 3501.00, 3553.90, 3540.90, 3531.84, 7376, 260.51, 1839, 3825, 51.86
SWARNSAR, EQ, 02-Sep-2026, 34.82, 34.75, 34.76, 34.03, 34.11, 34.11, 34.40, 3122, 1.07, 28, 2819, 90.29
SWASTIK, ST, 02-Sep-2026, 21.00, 21.00, 21.45, 20.00, 20.00, 20.00, 20.40, 9600, 1.96, 8, 9600, 100.00
SWELECTES, EQ, 02-Sep-2026, 588.55, 582.50, 592.50, 571.10, 592.00, 584.35, 580.67, 15634, 90.78, 1444, 7616, 48.71
SWIGGY, EQ, 02-Sep-2026, 275.00, 270.00, 270.10, 264.55, 267.70, 267.70, 266.82, 16995573, 45347.30, 190133, 6791977, 39.96
SWISSMLTRY, EQ, 02-Sep-2026, 15.93, 15.99, 16.36, 15.51, 16.20, 15.89, 15.90, 51395, 8.17, 300, 32804, 63.83
SWSOLAR, EQ, 02-Sep-2026, 187.42, 187.00, 188.00, 183.53, 187.90, 187.16, 185.67, 703828, 1306.82, 9623, 349638, 49.68
SYMBIOTEC, EQ, 02-Sep-2026, 1097.70, 1110.00, 1161.00, 1085.10, 1095.50, 1092.80, 1120.47, 7998317, 89619.01, 278336, 1150042, 14.38
SYMPHONY, EQ, 02-Sep-2026, 574.40, 575.75, 575.75, 564.00, 566.65, 567.75, 567.86, 56565, 321.21, 3082, 30695, 54.27
SYNCOMF, EQ, 02-Sep-2026, 20.07, 20.07, 21.65, 19.64, 21.45, 21.39, 20.99, 28986293, 6084.80, 66540, 8474211, 29.24
SYNGENE, EQ, 02-Sep-2026, 402.05, 400.00, 403.95, 397.10, 398.80, 398.60, 400.15, 593732, 2375.83, 40804, 354405, 59.69
SYNOPTICS, ST, 02-Sep-2026, 52.05, 49.45, 49.45, 49.45, 49.45, 49.45, 49.45, 600, 0.30, 1, 600, 100.00
SYRMA, EQ, 02-Sep-2026, 1447.90, 1439.50, 1457.50, 1427.70, 1439.70, 1434.00, 1437.65, 785469, 11292.29, 39054, 356961, 45.45
SYSTANGO, SM, 02-Sep-2026, 220.10, 219.40, 239.00, 217.45, 232.20, 232.25, 231.13, 36000, 83.21, 86, 26000, 72.22
SYSTMTXC, BE, 02-Sep-2026, 57.72, 55.40, 58.00, 55.40, 57.88, 56.82, 57.04, 1376, 0.78, 35, -, -
TAALTECH, EQ, 02-Sep-2026, 4449.50, 4210.00, 4421.90, 4210.00, 4400.00, 4399.60, 4354.67, 3630, 158.07, 721, 1998, 55.04
TAC, ST, 02-Sep-2026, 406.70, 406.05, 427.00, 403.00, 427.00, 427.00, 416.96, 45400, 189.30, 173, 41000, 90.31
TAINWALCHM, EQ, 02-Sep-2026, 207.76, 210.04, 212.50, 206.10, 207.53, 207.48, 207.95, 2536, 5.27, 63, 1461, 57.61
TAJGVK, EQ, 02-Sep-2026, 328.95, 326.60, 344.80, 322.50, 342.05, 343.45, 336.83, 101607, 342.25, 4334, 48741, 47.97
TAKE, EQ, 02-Sep-2026, 14.58, 13.86, 13.86, 13.86, 13.86, 13.86, 13.86, 129454, 17.94, 306, 129454, 100.00
TALBROAUTO, EQ, 02-Sep-2026, 410.80, 410.55, 417.00, 405.00, 407.00, 407.40, 409.64, 74903, 306.83, 2953, 36880, 49.24
TAMBOLIIN, BE, 02-Sep-2026, 253.05, 248.00, 253.00, 248.00, 253.00, 253.00, 249.90, 1089, 2.72, 20, -, -
TANAA, EQ, 02-Sep-2026, 290.55, 289.95, 290.00, 280.50, 284.00, 281.50, 283.49, 8882, 25.18, 608, 6849, 77.11
TANKUP, ST, 02-Sep-2026, 1501.80, 1565.00, 1576.85, 1565.00, 1576.85, 1576.85, 1569.83, 2250, 35.32, 8, 2000, 88.89
TANLA, EQ, 02-Sep-2026, 543.15, 535.00, 536.40, 526.80, 527.00, 527.85, 529.86, 296338, 1570.19, 12565, 139416, 47.05
TAPIFRUIT, SM, 02-Sep-2026, 49.00, 49.00, 49.00, 49.00, 49.00, 49.00, 49.00, 1500, 0.74, 1, 1500, 100.00
TARACHAND, EQ, 02-Sep-2026, 47.69, 47.70, 48.00, 46.55, 47.95, 47.63, 47.42, 49634, 23.54, 1368, 18864, 38.01
TARAPUR, EQ, 02-Sep-2026, 13.36, 13.65, 13.65, 12.67, 13.14, 13.04, 13.02, 37307, 4.86, 232, 30301, 81.22
TARC, EQ, 02-Sep-2026, 122.49, 121.21, 122.23, 118.81, 121.70, 121.29, 120.41, 872528, 1050.63, 6182, 601934, 68.99
TARIL, EQ, 02-Sep-2026, 308.90, 307.15, 307.20, 301.00, 302.75, 302.00, 302.59, 992101, 3002.02, 16761, 445259, 44.88
TARMAT, EQ, 02-Sep-2026, 58.92, 58.89, 64.45, 57.50, 64.10, 62.78, 61.44, 84089, 51.66, 1108, 50796, 60.41
TARSONS, EQ, 02-Sep-2026, 344.10, 344.00, 346.90, 337.00, 345.25, 345.35, 342.77, 113735, 389.85, 4054, 48028, 42.23
TASTYBITE, EQ, 02-Sep-2026, 9946.00, 9918.00, 10050.00, 9756.00, 10050.00, 10008.00, 9947.85, 2420, 240.74, 793, 934, 38.60
TATACAP, EQ, 02-Sep-2026, 367.85, 365.00, 367.65, 361.20, 363.50, 364.75, 364.54, 695696, 2536.11, 18343, 350061, 50.32
TATACHEM, EQ, 02-Sep-2026, 633.60, 632.80, 635.25, 625.60, 634.50, 633.95, 632.06, 529669, 3347.80, 19412, 243371, 45.95
TATACOMM, EQ, 02-Sep-2026, 1733.80, 1733.00, 1733.00, 1692.20, 1705.50, 1710.00, 1705.58, 505913, 8628.76, 30530, 381848, 75.48
TATACONSUM, EQ, 02-Sep-2026, 1030.50, 1025.50, 1027.40, 1008.30, 1012.00, 1012.00, 1014.96, 1052859, 10686.13, 42929, 690778, 65.61
TATAELXSI, EQ, 02-Sep-2026, 3638.00, 3608.10, 3627.10, 3535.00, 3609.00, 3609.00, 3584.92, 181417, 6503.65, 18484, 62818, 34.63
TATAGOLD, EQ, 02-Sep-2026, 14.73, 14.36, 14.69, 14.33, 14.53, 14.53, 14.54, 55019240, 8002.40, 77612, 19569787, 35.57
TATAINVEST, EQ, 02-Sep-2026, 633.65, 631.10, 633.45, 624.90, 628.00, 628.10, 628.13, 112437, 706.25, 7180, 50756, 45.14
TATAPOWER, EQ, 02-Sep-2026, 350.55, 349.00, 364.00, 347.15, 364.00, 364.00, 358.60, 12229632, 43854.88, 126007, 4581157, 37.46
TATASTEEL, EQ, 02-Sep-2026, 184.07, 182.50, 184.06, 181.44, 183.85, 183.85, 182.92, 19496175, 35661.69, 164305, 10803816, 55.42
TATATECH, EQ, 02-Sep-2026, 814.95, 814.95, 818.70, 795.00, 815.00, 813.25, 806.68, 947143, 7640.43, 32563, 305443, 32.25
TATSILV, EQ, 02-Sep-2026, 22.08, 21.52, 22.63, 21.52, 21.89, 21.88, 21.90, 32620921, 7144.92, 49431, 13302777, 40.78
TATVA, EQ, 02-Sep-2026, 1605.00, 1605.00, 1639.80, 1563.60, 1608.10, 1616.90, 1596.05, 41870, 668.26, 4990, 17094, 40.83
TAURIAN, ST, 02-Sep-2026, 523.80, 530.00, 545.25, 497.65, 520.00, 509.60, 516.77, 51200, 264.58, 64, 42400, 82.81
TBI, SM, 02-Sep-2026, 69.20, 71.95, 73.00, 69.00, 70.95, 71.15, 71.45, 70800, 50.58, 89, 54600, 77.12
TBOTEK, EQ, 02-Sep-2026, 1722.40, 1724.00, 1729.00, 1667.30, 1700.00, 1700.00, 1705.51, 156687, 2672.31, 18286, 68474, 43.70
TBZ, EQ, 02-Sep-2026, 366.80, 380.00, 430.00, 379.05, 414.00, 418.25, 403.11, 27976693, 112777.29, 405633, 2933368, 10.49
TCC, EQ, 02-Sep-2026, 227.44, 227.44, 238.33, 225.55, 232.85, 233.31, 233.39, 267452, 624.20, 9614, 106630, 39.87
TCI, EQ, 02-Sep-2026, 883.25, 885.00, 899.25, 867.00, 872.00, 869.10, 871.80, 14924, 130.11, 3181, 8415, 56.39
TCIEXP, EQ, 02-Sep-2026, 541.95, 536.15, 558.00, 532.20, 542.00, 544.35, 546.35, 61910, 338.24, 4433, 25013, 40.40
TCIFINANCE, BE, 02-Sep-2026, 15.25, 15.05, 15.25, 15.05, 15.25, 15.20, 15.13, 7965, 1.20, 61, -, -
TCL, SM, 02-Sep-2026, 128.50, 123.55, 129.00, 123.10, 125.00, 125.70, 125.80, 19200, 24.15, 24, 11200, 58.33
TCPLPACK, EQ, 02-Sep-2026, 3860.20, 3858.80, 4038.20, 3826.00, 4007.90, 4000.30, 3969.37, 12897, 511.93, 3388, 5155, 39.97
TCS, EQ, 02-Sep-2026, 2369.00, 2347.90, 2363.00, 2303.50, 2348.00, 2348.00, 2338.28, 2533005, 59228.81, 96240, 1215773, 48.00
TDPOWERSYS, EQ, 02-Sep-2026, 758.05, 753.00, 758.90, 733.00, 734.50, 735.05, 741.80, 1116065, 8278.98, 40311, 593100, 53.14
TEAMGTY, EQ, 02-Sep-2026, 241.00, 246.10, 246.10, 235.00, 244.45, 244.44, 243.92, 211, 0.51, 15, 104, 49.29
TEAMLEASE, EQ, 02-Sep-2026, 1264.50, 1271.00, 1274.00, 1241.30, 1247.90, 1252.70, 1253.30, 14205, 178.03, 1264, 11402, 80.27
TEAMTECH, ST, 02-Sep-2026, 136.50, 136.00, 141.00, 134.00, 141.00, 141.00, 138.00, 36000, 49.68, 17, 28000, 77.78
TECH, EQ, 02-Sep-2026, 34.24, 34.49, 34.66, 33.56, 33.90, 34.14, 33.95, 107714, 36.57, 395, 84229, 78.20
TECHD, SM, 02-Sep-2026, 549.00, 551.00, 551.00, 522.00, 539.00, 535.70, 536.55, 18900, 101.41, 61, 13200, 69.84
TECHERA, SM, 02-Sep-2026, 169.75, 168.60, 170.00, 166.00, 166.10, 166.95, 168.00, 13600, 22.85, 17, 12000, 88.24
TECHLABS, SM, 02-Sep-2026, 114.95, 115.00, 117.80, 112.00, 117.65, 117.65, 115.06, 11500, 13.23, 77, 9125, 79.35
TECHM, EQ, 02-Sep-2026, 1638.00, 1630.00, 1637.20, 1604.50, 1623.00, 1623.00, 1616.74, 1508528, 24388.97, 69222, 759843, 50.37
TECHNOCRAF, EQ, 02-Sep-2026, 374.20, 371.95, 381.00, 368.35, 375.00, 376.10, 375.70, 1206752, 4533.79, 19526, 317951, 26.35
TECHNOE, EQ, 02-Sep-2026, 976.35, 971.50, 977.80, 958.35, 972.00, 969.95, 968.65, 78529, 760.67, 8752, 39974, 50.90
TECHNVISN, EQ, 02-Sep-2026, 5282.00, 5055.00, 5237.50, 5020.50, 5125.50, 5112.00, 5124.88, 181, 9.28, 95, 114, 62.98
TECILCHEM, EQ, 02-Sep-2026, 9.74, 9.95, 11.10, 9.74, 9.85, 9.89, 10.22, 120586, 12.33, 307, 63910, 53.00
TEGA, EQ, 02-Sep-2026, 1570.50, 1560.00, 1566.00, 1534.60, 1535.00, 1539.70, 1545.44, 60419, 933.74, 5221, 34494, 57.09
TEJA, SM, 02-Sep-2026, 234.05, 239.90, 239.90, 225.00, 231.25, 238.05, 234.33, 81000, 189.81, 96, 49800, 61.48
TEJASCARGO, SM, 02-Sep-2026, 405.00, 405.00, 405.00, 405.00, 405.00, 405.00, 405.00, 400, 1.62, 1, 400, 100.00
TEJASNET, EQ, 02-Sep-2026, 541.90, 536.00, 553.50, 532.00, 551.50, 548.85, 544.07, 2071490, 11270.34, 47274, 514875, 24.86
TEMBO, EQ, 02-Sep-2026, 56.03, 55.80, 57.85, 55.50, 56.00, 56.67, 56.62, 4407998, 2495.75, 7333, 1021572, 23.18
TEMPSENS, EQ, 02-Sep-2026, 539.05, 536.00, 589.00, 535.05, 572.00, 566.30, 568.42, 15878807, 90257.54, 228251, 1538836, 9.69
TENNIND, EQ, 02-Sep-2026, 525.20, 525.00, 526.35, 497.80, 520.00, 519.80, 510.60, 2271705, 11599.36, 70529, 1037557, 45.67
TERAI, EQ, 02-Sep-2026, 129.48, 134.60, 134.60, 123.00, 134.00, 133.98, 133.37, 367, 0.49, 21, 346, 94.28
TERASOFT, EQ, 02-Sep-2026, 283.15, 283.15, 294.90, 280.10, 290.10, 290.55, 289.43, 15985, 46.27, 686, 10137, 63.42
TEXINFRA, EQ, 02-Sep-2026, 113.33, 113.80, 115.98, 113.33, 113.40, 113.96, 114.07, 169201, 193.01, 1311, 103404, 61.11
TEXMOPIPES, EQ, 02-Sep-2026, 45.93, 45.06, 46.49, 45.06, 45.75, 45.67, 45.75, 17558, 8.03, 329, 13064, 74.40
TEXRAIL, EQ, 02-Sep-2026, 113.07, 113.70, 114.65, 111.33, 113.41, 113.65, 113.27, 2481981, 2811.32, 21524, 764733, 30.81
TFCILTD, EQ, 02-Sep-2026, 141.07, 141.07, 147.65, 140.75, 146.18, 146.14, 144.13, 14852059, 21406.73, 37383, 5511366, 37.11
TFL, EQ, 02-Sep-2026, 11.65, 11.98, 12.78, 11.98, 12.59, 12.44, 12.34, 8146, 1.01, 82, 5908, 72.53
TGBHOTELS, EQ, 02-Sep-2026, 9.77, 9.97, 9.97, 9.11, 9.73, 9.67, 9.36, 24199, 2.26, 175, 15152, 62.61
TGL, ST, 02-Sep-2026, 17.90, 18.50, 18.75, 17.90, 18.75, 18.75, 18.64, 61200, 11.41, 88, 60200, 98.37
TGVSL, EQ, 02-Sep-2026, 103.24, 103.64, 104.48, 102.60, 104.00, 103.35, 103.46, 72480, 74.99, 821, 37390, 51.59
THACKER, BE, 02-Sep-2026, 1039.00, 1090.00, 1090.00, 1000.00, 1000.00, 1000.00, 1083.82, 102, 1.11, 5, -, -
THAKDEV, EQ, 02-Sep-2026, 142.00, 154.40, 154.40, 138.05, 138.05, 138.09, 147.11, 1156, 1.70, 72, 840, 72.66
THANGAMAYL, EQ, 02-Sep-2026, 5311.50, 5280.00, 5430.00, 5176.50, 5242.00, 5238.00, 5264.01, 116329, 6123.57, 16217, 59024, 50.74
THEINVEST, EQ, 02-Sep-2026, 94.32, 97.68, 97.68, 94.60, 94.60, 94.60, 96.24, 2915, 2.81, 77, 2792, 95.78
THEJO, EQ, 02-Sep-2026, 2075.40, 2066.00, 2115.00, 2054.90, 2115.00, 2098.70, 2081.24, 2835, 59.00, 424, 1672, 58.98
THELEELA, EQ, 02-Sep-2026, 575.35, 570.00, 575.00, 560.05, 569.85, 569.90, 566.30, 151712, 859.15, 12198, 55029, 36.27
THEMISMED, EQ, 02-Sep-2026, 123.57, 123.37, 127.95, 122.21, 124.00, 124.15, 125.58, 107957, 135.57, 2012, 62891, 58.26
THERMAX, EQ, 02-Sep-2026, 3913.20, 3888.00, 3908.40, 3740.20, 3750.00, 3752.50, 3795.34, 134165, 5092.01, 25121, 85254, 63.54
THESL, ST, 02-Sep-2026, 17.85, 17.05, 17.05, 17.00, 17.00, 17.00, 17.02, 9000, 1.53, 3, 6000, 66.67
THOMASCOOK, EQ, 02-Sep-2026, 105.71, 105.90, 109.51, 104.16, 105.30, 106.09, 106.46, 1264084, 1345.70, 11365, 423386, 33.49
THOMASCOTT, EQ, 02-Sep-2026, 261.80, 262.85, 268.80, 258.80, 268.00, 267.05, 262.10, 18552, 48.62, 1103, 10257, 55.29
THYROCARE, EQ, 02-Sep-2026, 590.55, 590.60, 590.80, 572.40, 577.00, 576.75, 577.45, 344774, 1990.89, 20143, 174570, 50.63
TI, EQ, 02-Sep-2026, 545.70, 542.50, 559.40, 531.50, 555.00, 552.35, 543.37, 582156, 3163.26, 15620, 240644, 41.34
TICL, BE, 02-Sep-2026, 8.39, 8.38, 8.38, 8.00, 8.20, 8.23, 8.11, 108161, 8.77, 235, -, -
TIGERLOGS, EQ, 02-Sep-2026, 28.15, 28.15, 28.45, 27.86, 28.40, 28.25, 28.16, 28811, 8.11, 397, 15646, 54.31
TIIL, EQ, 02-Sep-2026, 3267.50, 3262.00, 3322.40, 3234.10, 3240.00, 3262.00, 3273.66, 40346, 1320.79, 6761, 24313, 60.26
TIINDIA, EQ, 02-Sep-2026, 2763.20, 2748.30, 2748.30, 2680.50, 2720.00, 2720.00, 2703.78, 278336, 7525.60, 34520, 134113, 48.18
TIJARIA, EQ, 02-Sep-2026, 6.73, 7.21, 8.05, 6.86, 7.69, 7.58, 7.73, 1007554, 77.92, 1848, 467333, 46.38
TIL, BE, 02-Sep-2026, 230.67, 227.10, 236.00, 227.10, 233.90, 233.34, 232.69, 41589, 96.77, 241, -, -
TIMETECHNO, EQ, 02-Sep-2026, 190.53, 189.80, 193.20, 187.41, 188.26, 188.02, 190.64, 2037704, 3884.70, 22255, 698131, 34.26
TIMEX, EQ, 02-Sep-2026, 647.45, 645.00, 654.95, 639.40, 642.05, 643.15, 647.51, 162126, 1049.78, 11601, 62512, 38.56
TIMKEN, EQ, 02-Sep-2026, 3209.60, 3164.60, 3209.40, 3112.00, 3140.00, 3134.50, 3142.40, 52088, 1636.81, 10673, 34383, 66.01
TINNARUBR, EQ, 02-Sep-2026, 1020.20, 1019.00, 1029.05, 994.05, 1024.00, 1020.05, 1013.13, 32493, 329.20, 3174, 15636, 48.12
TIPSFILMS, EQ, 02-Sep-2026, 333.45, 333.45, 333.85, 324.30, 328.55, 330.45, 328.73, 2364, 7.77, 275, 1364, 57.70
TIPSMUSIC, EQ, 02-Sep-2026, 643.50, 641.05, 641.95, 628.20, 630.50, 631.45, 632.83, 220603, 1396.04, 20991, 126065, 57.15
TIRUMALCHM, EQ, 02-Sep-2026, 159.38, 158.61, 161.05, 155.00, 159.85, 159.82, 158.18, 609306, 963.81, 7399, 159649, 26.20
TIRUPATI, SM, 02-Sep-2026, 325.00, 310.00, 310.00, 310.00, 310.00, 310.00, 310.00, 125, 0.39, 1, 125, 100.00
TIRUPATIFL, BE, 02-Sep-2026, 68.13, 67.50, 68.65, 66.00, 66.55, 66.33, 66.86, 146320, 97.83, 726, -, -
TITAGARH, EQ, 02-Sep-2026, 833.95, 839.45, 839.45, 819.45, 825.00, 824.95, 827.19, 276233, 2284.98, 17414, 118041, 42.73
TITAN, EQ, 02-Sep-2026, 5050.00, 4972.00, 5092.00, 4971.50, 5074.00, 5074.00, 5010.76, 812660, 40720.48, 105525, 502689, 61.86
TMB, EQ, 02-Sep-2026, 908.10, 905.00, 916.00, 895.05, 912.10, 906.60, 906.28, 123515, 1119.39, 9266, 54904, 44.45
TMCV, EQ, 02-Sep-2026, 464.35, 460.00, 461.15, 444.60, 446.00, 447.45, 448.37, 11505564, 51587.08, 233403, 6724333, 58.44
TMPV, EQ, 02-Sep-2026, 310.00, 307.70, 312.95, 305.65, 312.75, 312.75, 310.01, 6667459, 20670.00, 74203, 3322671, 49.83
TNIDETF, EQ, 02-Sep-2026, 91.54, 91.50, 92.07, 90.00, 91.80, 91.29, 90.97, 84293, 76.68, 631, 58198, 69.04
TNPETRO, EQ, 02-Sep-2026, 132.35, 134.33, 138.00, 132.12, 135.50, 133.73, 134.31, 4876318, 6549.21, 36567, 854846, 17.53
TNPL, EQ, 02-Sep-2026, 149.32, 148.41, 149.49, 145.00, 145.35, 145.69, 146.92, 156122, 229.38, 3374, 69912, 44.78
TNTELE, EQ, 02-Sep-2026, 9.00, 9.18, 9.18, 8.83, 9.00, 9.00, 8.98, 23183, 2.08, 109, 15113, 65.19
TOKYOPLAST, EQ, 02-Sep-2026, 77.90, 76.34, 78.89, 75.01, 77.00, 77.00, 76.69, 344, 0.26, 18, 225, 65.41
TOLINS, EQ, 02-Sep-2026, 93.67, 93.00, 93.00, 91.41, 92.00, 91.91, 92.09, 53130, 48.93, 1361, 36530, 68.76
TOP100CASE, EQ, 02-Sep-2026, 10.55, 10.50, 10.55, 10.46, 10.54, 10.51, 10.50, 1011728, 106.20, 1376, 725388, 71.70
TOP10ADD, EQ, 02-Sep-2026, 88.06, 90.26, 90.26, 87.50, 87.98, 87.87, 87.85, 176091, 154.69, 978, 102872, 58.42
TOP15IETF, EQ, 02-Sep-2026, 9.86, 9.83, 9.92, 9.76, 9.84, 9.80, 9.79, 88734, 8.69, 225, 46527, 52.43
TOP20, EQ, 02-Sep-2026, 8.93, 8.93, 8.93, 8.85, 8.91, 8.90, 8.87, 72034, 6.39, 150, 45718, 63.47
TORNTPHARM, EQ, 02-Sep-2026, 4965.50, 4945.00, 5012.00, 4932.50, 5012.00, 5012.00, 4971.63, 295518, 14692.05, 27541, 189951, 64.28
TORNTPOWER, EQ, 02-Sep-2026, 1219.30, 1219.30, 1267.70, 1217.20, 1242.50, 1248.90, 1252.92, 1313132, 16452.48, 77158, 531440, 40.47
TOTAL, EQ, 02-Sep-2026, 66.70, 68.50, 70.20, 66.20, 68.51, 69.06, 68.36, 5814, 3.97, 200, 4371, 75.18
TOUCHWOOD, EQ, 02-Sep-2026, 59.79, 59.60, 59.60, 58.10, 58.13, 58.13, 58.42, 659, 0.38, 35, 456, 69.20
TOYAMSL, EQ, 02-Sep-2026, 0.62, 0.64, 0.64, 0.62, 0.63, 0.63, 0.63, 284250, 1.80, 123, 209593, 73.74
TPHQ, BE, 02-Sep-2026, 0.57, 0.59, 0.59, 0.57, 0.58, 0.57, 0.59, 1294758, 7.61, 471, -, -
TPLPLASTEH, EQ, 02-Sep-2026, 72.07, 71.60, 72.50, 70.00, 71.25, 71.04, 71.19, 110344, 78.56, 1311, 32405, 29.37
TRACXN, EQ, 02-Sep-2026, 30.03, 30.01, 30.11, 30.01, 30.09, 30.02, 30.02, 98120, 29.45, 317, 88527, 90.22
TRANSCOR, EQ, 02-Sep-2026, 25.49, 25.49, 25.49, 23.00, 25.00, 24.92, 23.58, 5464, 1.29, 94, 4505, 82.45
TRANSPEK, BE, 02-Sep-2026, 1422.80, 1420.00, 1420.00, 1356.00, 1383.00, 1384.90, 1385.62, 2669, 36.98, 130, -, -
TRANSRAILL, EQ, 02-Sep-2026, 433.45, 433.85, 435.00, 426.45, 427.05, 427.15, 428.34, 326335, 1397.82, 11118, 173646, 53.21
TRANSTEEL, SM, 02-Sep-2026, 73.50, 73.50, 76.90, 73.50, 75.00, 75.20, 75.12, 172000, 129.21, 69, 137000, 79.65
TRANSWORLD, BE, 02-Sep-2026, 169.74, 166.35, 166.35, 166.35, 166.35, 166.35, 166.35, 3101, 5.16, 40, -, -
TRAVELFOOD, EQ, 02-Sep-2026, 1270.50, 1270.50, 1305.00, 1251.10, 1277.00, 1273.50, 1277.20, 102712, 1311.84, 10573, 38670, 37.65
TREEHOUSE, EQ, 02-Sep-2026, 6.35, 6.48, 6.98, 6.05, 6.05, 6.12, 6.27, 13632, 0.85, 88, 12176, 89.32
TREJHARA, EQ, 02-Sep-2026, 144.98, 144.55, 148.50, 141.11, 143.38, 144.78, 145.28, 18416, 26.76, 734, 9324, 50.63
TREL, EQ, 02-Sep-2026, 27.15, 27.90, 27.90, 26.34, 27.00, 26.96, 27.21, 128079, 34.86, 3425, 90524, 70.68
TRENT, EQ, 02-Sep-2026, 2855.00, 2845.00, 2873.00, 2810.00, 2852.30, 2852.30, 2840.93, 873641, 24819.56, 78702, 547046, 62.62
TRF, EQ, 02-Sep-2026, 224.18, 226.04, 226.04, 222.00, 223.11, 223.64, 223.44, 3808, 8.51, 198, 2991, 78.55
TRIDENT, EQ, 02-Sep-2026, 24.14, 24.00, 24.14, 23.82, 24.00, 24.06, 24.00, 1848117, 443.56, 8975, 870962, 47.13
TRIDHYA, ST, 02-Sep-2026, 7.90, 7.55, 7.55, 7.55, 7.55, 7.55, 7.55, 6000, 0.45, 2, 6000, 100.00
TRIGYN, EQ, 02-Sep-2026, 61.45, 60.50, 60.87, 58.71, 59.40, 59.36, 59.89, 37762, 22.62, 803, 26032, 68.94
TRITONV, EQ, 02-Sep-2026, 1138.90, 1139.30, 1143.60, 1120.10, 1138.80, 1124.40, 1133.26, 900, 10.20, 215, 541, 60.11
TRITURBINE, EQ, 02-Sep-2026, 578.50, 578.50, 581.85, 562.20, 567.85, 565.20, 566.96, 367778, 2085.14, 53455, 214877, 58.43
TRIVENI, EQ, 02-Sep-2026, 277.95, 279.85, 285.70, 277.25, 281.65, 282.60, 282.28, 1255483, 3544.00, 25653, 511750, 40.76
TROM, SM, 02-Sep-2026, 56.85, 56.80, 58.00, 56.50, 58.00, 58.00, 56.97, 6000, 3.42, 9, 6000, 100.00
TRU, EQ, 02-Sep-2026, 4.05, 4.00, 4.10, 3.91, 3.99, 4.07, 3.99, 97876, 3.91, 198, 84782, 86.62
TRUALT, EQ, 02-Sep-2026, 428.15, 427.50, 432.40, 422.45, 426.00, 428.85, 426.36, 67695, 288.62, 2725, 32679, 48.27
TRUST, SM, 02-Sep-2026, 32.65, 30.50, 33.00, 30.40, 32.85, 32.85, 31.85, 10200, 3.25, 16, 7800, 76.47
TSC, ST, 02-Sep-2026, 43.00, 43.00, 43.00, 41.05, 41.10, 41.05, 41.66, 12000, 5.00, 6, 12000, 100.00
TSFINV, EQ, 02-Sep-2026, 403.10, 402.45, 410.60, 398.85, 406.00, 403.15, 404.11, 66092, 267.09, 5578, 28969, 43.83
TTKHLTCARE, EQ, 02-Sep-2026, 1128.70, 1125.00, 1155.00, 1115.10, 1125.70, 1131.50, 1132.63, 27903, 316.04, 3646, 14468, 51.85
TTKPRESTIG, EQ, 02-Sep-2026, 579.75, 579.70, 593.95, 571.95, 593.95, 586.25, 579.99, 41248, 239.23, 3813, 20725, 50.24
TTL, EQ, 02-Sep-2026, 6.64, 6.65, 6.80, 6.45, 6.79, 6.75, 6.69, 158754, 10.61, 384, 105546, 66.48
TTML, EQ, 02-Sep-2026, 38.92, 38.74, 38.74, 37.81, 37.94, 38.00, 38.04, 1754985, 667.52, 8014, 702457, 40.03
TUNWAL, SM, 02-Sep-2026, 25.15, 25.30, 25.50, 25.00, 25.10, 25.10, 25.16, 40000, 10.06, 20, 26000, 65.00
TURTLEMINT, EQ, 02-Sep-2026, 148.81, 148.79, 148.79, 143.00, 143.87, 144.08, 144.85, 580456, 840.80, 8494, 221851, 38.22
TUTIALKA, EQ, 02-Sep-2026, 59.20, 60.38, 61.60, 55.00, 61.30, 61.55, 60.48, 27698, 16.75, 224, 23323, 84.20
TVSELECT, EQ, 02-Sep-2026, 422.80, 422.10, 438.40, 415.00, 420.50, 420.75, 426.83, 49562, 211.54, 3091, 8605, 17.36
TVSHLTD, EQ, 02-Sep-2026, 13258.00, 13258.00, 13258.00, 12931.00, 13024.00, 13045.00, 13034.29, 5389, 702.42, 2119, 2764, 51.29
TVSMOTOR, EQ, 02-Sep-2026, 4203.00, 4168.00, 4200.00, 4064.90, 4200.00, 4200.00, 4129.86, 1596164, 65919.42, 123634, 864206, 54.14
TVSSCS, EQ, 02-Sep-2026, 124.99, 125.00, 125.45, 122.51, 124.70, 124.39, 124.12, 466646, 579.20, 8480, 233754, 50.09
TVSSRICHAK, EQ, 02-Sep-2026, 5525.50, 5448.00, 5529.50, 5351.00, 5440.00, 5426.00, 5436.21, 15811, 859.52, 4018, 5590, 35.36
TVTODAY, EQ, 02-Sep-2026, 111.46, 110.01, 112.48, 110.01, 111.91, 112.12, 111.38, 18298, 20.38, 426, 11533, 63.03
TVVISION, BE, 02-Sep-2026, 3.48, 3.55, 3.55, 3.31, 3.31, 3.31, 3.36, 44121, 1.48, 73, -, -
TWCGOLDETF, EQ, 02-Sep-2026, 151.00, 150.99, 154.77, 148.17, 154.77, 149.01, 149.05, 3571, 5.32, 148, 3360, 94.09
UBL, EQ, 02-Sep-2026, 1308.90, 1310.00, 1310.00, 1276.40, 1279.70, 1282.60, 1287.59, 60937, 784.62, 9132, 39227, 64.37
UCAL, BE, 02-Sep-2026, 146.87, 146.00, 149.45, 145.52, 147.50, 148.11, 147.54, 12495, 18.43, 114, -, -
UCOBANK, EQ, 02-Sep-2026, 24.59, 24.59, 24.79, 24.30, 24.40, 24.39, 24.47, 6678091, 1634.16, 16197, 3781378, 56.62
UDAYJEW, EQ, 02-Sep-2026, 137.78, 135.40, 138.90, 132.10, 133.16, 133.31, 133.32, 7761, 10.35, 140, 6858, 88.36
UDS, EQ, 02-Sep-2026, 227.12, 227.12, 233.30, 224.50, 233.30, 231.44, 229.60, 425241, 976.34, 9438, 236047, 55.51
UEL, EQ, 02-Sep-2026, 208.72, 214.99, 219.15, 208.72, 219.15, 219.15, 215.41, 47835, 103.04, 731, 27219, 56.90
UFBL, BE, 02-Sep-2026, 693.00, 672.50, 727.65, 658.55, 727.65, 727.25, 708.83, 129643, 918.95, 1932, -, -
UFLEX, EQ, 02-Sep-2026, 645.05, 646.70, 723.50, 639.05, 696.60, 701.80, 691.63, 2479035, 17145.77, 75073, 417345, 16.83
UFO, EQ, 02-Sep-2026, 64.87, 65.20, 65.86, 64.50, 65.75, 65.38, 65.38, 25203, 16.48, 419, 17760, 70.47
UGARSUGAR, EQ, 02-Sep-2026, 53.15, 53.15, 55.80, 52.05, 55.80, 55.01, 54.70, 562806, 307.86, 5287, 149271, 26.52
UGROCAP, EQ, 02-Sep-2026, 84.92, 84.85, 85.50, 84.04, 85.50, 85.10, 84.92, 70643, 59.99, 1210, 39082, 55.32
UHTL, ST, 02-Sep-2026, 149.35, 152.30, 152.30, 152.30, 152.30, 152.30, 152.30, 34000, 51.78, 8, 34000, 100.00
UJJIVANSFB, EQ, 02-Sep-2026, 65.36, 65.37, 65.49, 61.40, 64.15, 63.64, 62.69, 49431916, 30988.59, 201228, 23851518, 48.25
ULTRACEMCO, EQ, 02-Sep-2026, 11400.00, 11350.00, 11398.00, 11180.00, 11393.00, 11393.00, 11258.17, 228820, 25760.95, 40436, 147391, 64.41
ULTRAMAR, EQ, 02-Sep-2026, 428.10, 430.10, 447.00, 425.90, 446.90, 441.35, 440.03, 182999, 805.24, 6507, 122613, 67.00
UMA, SM, 02-Sep-2026, 18.15, 17.55, 17.55, 17.55, 17.55, 17.55, 17.55, 4000, 0.70, 1, 4000, 100.00
UMAEXPORTS, BE, 02-Sep-2026, 25.44, 25.00, 25.00, 24.94, 24.94, 24.94, 24.94, 11520, 2.87, 49, -, -
UMESLTD, EQ, 02-Sep-2026, 4.91, 4.89, 5.04, 4.80, 4.85, 4.88, 4.89, 15908, 0.78, 102, 14476, 91.00
UMIYA-MRO, EQ, 02-Sep-2026, 98.88, 99.78, 104.79, 96.00, 96.55, 97.39, 99.84, 67934, 67.82, 938, 24759, 36.45
UNICHEMLAB, EQ, 02-Sep-2026, 556.35, 556.90, 579.50, 554.40, 557.10, 559.65, 567.60, 155387, 881.97, 7756, 54588, 35.13
UNIDT, BE, 02-Sep-2026, 222.20, 221.50, 226.80, 213.10, 221.86, 221.27, 218.84, 4597, 10.06, 77, -, -
UNIECOM, EQ, 02-Sep-2026, 87.71, 87.30, 88.22, 85.10, 86.00, 85.83, 86.45, 213694, 184.74, 2497, 136082, 63.68
UNIENTER, EQ, 02-Sep-2026, 95.39, 95.86, 95.86, 93.20, 94.50, 93.74, 94.21, 2151, 2.03, 67, 1252, 58.21
UNIHEALTH, SM, 02-Sep-2026, 720.00, 695.00, 720.00, 670.00, 720.00, 717.60, 705.50, 11500, 81.13, 20, 9500, 82.61
UNIINFO, EQ, 02-Sep-2026, 11.38, 11.55, 11.55, 10.82, 11.45, 11.45, 11.37, 2283, 0.26, 33, 2268, 99.34
UNILEX, SM, 02-Sep-2026, 26.00, 26.50, 26.50, 26.50, 26.50, 26.50, 26.50, 67200, 17.81, 2, 67200, 100.00
UNIMECH, EQ, 02-Sep-2026, 1475.10, 1470.50, 1473.90, 1421.20, 1453.00, 1451.90, 1446.15, 141142, 2041.13, 11140, 71852, 50.91
UNIONBANK, EQ, 02-Sep-2026, 184.90, 183.50, 186.86, 182.50, 186.86, 186.86, 184.79, 9420048, 17407.55, 60376, 4922893, 52.26
UNIONGOLD, EQ, 02-Sep-2026, 148.45, 148.35, 148.35, 145.70, 145.80, 145.95, 146.57, 7779, 11.40, 62, 3006, 38.64
UNIPARTS, EQ, 02-Sep-2026, 901.15, 888.95, 915.00, 878.00, 890.00, 886.35, 893.45, 222773, 1990.36, 17072, 104394, 46.86
UNITDSPR, EQ, 02-Sep-2026, 1470.00, 1459.00, 1470.00, 1446.30, 1469.50, 1469.50, 1458.96, 878500, 12817.00, 23986, 569527, 64.83
UNITECH, EQ, 02-Sep-2026, 3.78, 3.80, 3.80, 3.72, 3.74, 3.74, 3.76, 3663595, 137.68, 1861, 2258343, 61.64
UNITEDPOLY, EQ, 02-Sep-2026, 36.91, 37.65, 38.45, 37.00, 37.00, 38.04, 37.92, 44043, 16.70, 358, 28490, 64.69
UNITEDTEA, EQ, 02-Sep-2026, 447.50, 445.50, 451.90, 441.00, 443.00, 442.95, 445.09, 2143, 9.54, 125, 1932, 90.15
UNIVASTU, BE, 02-Sep-2026, 153.06, 151.53, 160.71, 146.10, 160.71, 160.70, 158.49, 203175, 322.01, 791, -, -
UNIVCABLES, EQ, 02-Sep-2026, 1644.60, 1625.00, 1682.00, 1618.40, 1634.00, 1628.00, 1643.06, 87261, 1433.75, 10406, 34460, 39.49
UNIVPHOTO, BE, 02-Sep-2026, 444.60, 440.15, 450.00, 440.00, 445.00, 445.00, 446.21, 417, 1.86, 13, -, -
UNOMINDA, EQ, 02-Sep-2026, 1274.40, 1270.00, 1272.00, 1228.30, 1236.00, 1236.00, 1239.33, 1278381, 15843.30, 42163, 781884, 61.16
UPHOT, EQ, 02-Sep-2026, 1461.80, 1459.00, 1459.00, 1459.00, 1459.00, 1459.00, 1459.00, 2, 0.03, 2, 0, 0.00
UPL, EQ, 02-Sep-2026, 567.10, 562.95, 580.70, 560.25, 578.45, 578.45, 572.43, 4050279, 23184.91, 32639, 2307982, 56.98
URAVIDEF, BE, 02-Sep-2026, 118.97, 119.70, 124.91, 119.20, 124.00, 124.05, 123.97, 17249, 21.38, 276, -, -
URBAN, SM, 02-Sep-2026, 121.60, 121.60, 124.50, 120.05, 121.30, 121.35, 121.68, 11200, 13.63, 14, 8000, 71.43
URBANCO, EQ, 02-Sep-2026, 167.63, 166.97, 173.84, 166.40, 172.47, 171.84, 169.94, 6821540, 11592.32, 56500, 2563084, 37.57
URJA, EQ, 02-Sep-2026, 9.03, 9.18, 9.18, 8.95, 9.14, 9.03, 9.02, 745016, 67.18, 2148, 465693, 62.51
USASEEDS, SM, 02-Sep-2026, 98.35, 93.45, 93.45, 93.45, 93.45, 93.45, 93.45, 428, 0.40, 1, 428, 100.00
USHAFIN, SM, 02-Sep-2026, 48.40, 48.40, 49.45, 48.40, 49.45, 49.40, 49.04, 44800, 21.97, 14, 41600, 92.86
USHAMART, EQ, 02-Sep-2026, 499.60, 500.00, 508.35, 498.05, 502.10, 501.60, 503.12, 1857600, 9345.92, 22177, 1274736, 68.62
USK, EQ, 02-Sep-2026, 20.88, 21.00, 21.09, 20.51, 20.77, 20.60, 20.76, 9356, 1.94, 122, 6490, 69.37
UTIAMC, EQ, 02-Sep-2026, 879.50, 877.00, 880.15, 870.75, 878.40, 877.00, 876.56, 415847, 3645.13, 5064, 386730, 93.00
UTKAL, SM, 02-Sep-2026, 47.00, 46.90, 46.90, 44.65, 44.70, 44.70, 44.94, 18000, 8.09, 9, 16000, 88.89
UTKARSHBNK, EQ, 02-Sep-2026, 14.88, 14.81, 14.95, 14.60, 14.82, 14.77, 14.76, 3974860, 586.62, 4365, 2048758, 51.54
UTLSOLAR, EQ, 02-Sep-2026, 439.15, 437.15, 451.50, 430.80, 432.00, 434.40, 440.84, 250798, 1105.61, 11684, 107291, 42.78
UTSSAV, ST, 02-Sep-2026, 437.00, 439.00, 450.00, 439.00, 445.00, 445.00, 444.26, 9000, 39.98, 15, 6600, 73.33
UTTAMSUGAR, EQ, 02-Sep-2026, 296.30, 296.20, 306.60, 290.35, 291.20, 292.55, 297.76, 256268, 763.06, 7584, 82653, 32.25
UYFINCORP, BE, 02-Sep-2026, 19.84, 19.90, 19.90, 19.05, 19.44, 19.30, 19.44, 96462, 18.75, 218, -, -
V2RETAIL, EQ, 02-Sep-2026, 221.25, 220.11, 221.05, 217.01, 218.30, 218.16, 218.46, 483602, 1056.47, 9615, 275415, 56.95
VADILALIND, EQ, 02-Sep-2026, 7757.00, 7728.50, 7728.50, 7474.00, 7557.00, 7559.50, 7577.64, 23667, 1793.40, 6407, 11340, 47.91
VADILENT, EQ, 02-Sep-2026, 10217.00, 10444.00, 10444.00, 10000.00, 10010.00, 10019.00, 10057.56, 27, 2.72, 20, 27, 100.00
VAIBHAVGBL, EQ, 02-Sep-2026, 218.45, 218.00, 218.75, 214.42, 215.80, 214.79, 216.08, 215191, 464.99, 10946, 113549, 52.77
VAISHALI, EQ, 02-Sep-2026, 8.03, 8.03, 8.35, 7.81, 8.10, 8.06, 8.15, 80519, 6.57, 238, 53316, 66.22
VAKRANGEE, EQ, 02-Sep-2026, 5.80, 5.76, 5.81, 5.50, 5.79, 5.76, 5.71, 851507, 48.65, 1604, 415438, 48.79
VAL30IETF, EQ, 02-Sep-2026, 15.08, 15.20, 15.22, 14.92, 15.14, 15.08, 15.05, 118389, 17.82, 581, 66184, 55.90
VALIANTLAB, BE, 02-Sep-2026, 91.56, 92.58, 96.13, 92.58, 96.13, 96.13, 95.83, 296583, 284.22, 393, -, -
VALIANTORG, BE, 02-Sep-2026, 286.80, 288.20, 301.10, 285.00, 301.10, 301.10, 297.48, 58968, 175.42, 425, -, -
VALUE, EQ, 02-Sep-2026, 15.99, 16.31, 16.31, 15.87, 16.05, 16.04, 15.97, 4965, 0.79, 73, 2653, 53.43
VALUE360, SM, 02-Sep-2026, 70.00, 74.90, 74.90, 74.90, 74.90, 74.90, 74.90, 1200, 0.90, 1, 1200, 100.00
VALUEAXIS, EQ, 02-Sep-2026, 32.58, 32.78, 32.78, 32.27, 32.53, 32.57, 32.46, 193282, 62.73, 693, 117104, 60.59
VAML, EQ, 02-Sep-2026, 434.65, 433.35, 438.70, 428.30, 437.20, 437.10, 434.34, 6114791, 26559.18, 91863, 3952463, 64.64
VARDHACRLC, BE, 02-Sep-2026, 43.22, 43.10, 43.63, 42.70, 43.08, 42.70, 42.99, 12692, 5.46, 108, -, -
VARDMNPOLY, EQ, 02-Sep-2026, 5.99, 5.93, 6.05, 5.90, 5.99, 5.98, 5.96, 64616, 3.85, 360, 56450, 87.36
VARROC, EQ, 02-Sep-2026, 877.00, 865.80, 865.80, 812.25, 823.00, 824.40, 831.19, 535517, 4451.17, 26595, 235184, 43.92
VASCONEQ, EQ, 02-Sep-2026, 30.52, 30.50, 30.70, 29.93, 30.01, 30.11, 30.19, 251078, 75.79, 1008, 170740, 68.00
VASUPRADA, EQ, 02-Sep-2026, 97.00, 97.20, 97.20, 97.20, 97.20, 97.20, 97.20, 3, 0.00, 3, 3, 100.00
VASWANI, EQ, 02-Sep-2026, 49.13, 48.70, 49.46, 47.20, 48.24, 47.82, 48.12, 10414, 5.01, 195, 7115, 68.32
VBL, EQ, 02-Sep-2026, 405.85, 400.60, 416.95, 400.50, 415.00, 415.00, 412.02, 7804640, 32157.00, 79950, 4058343, 52.00
VCL, BE, 02-Sep-2026, 1.83, 1.82, 1.83, 1.74, 1.74, 1.74, 1.78, 706068, 12.59, 225, -, -
VDEAL, SM, 02-Sep-2026, 162.80, 166.95, 166.95, 153.00, 160.00, 160.00, 158.68, 3600, 5.71, 6, 1800, 50.00
VEDAVAAG, EQ, 02-Sep-2026, 18.32, 18.50, 18.86, 18.01, 18.47, 18.28, 18.40, 12389, 2.28, 70, 11915, 96.17
VEDL, EQ, 02-Sep-2026, 274.00, 272.00, 272.00, 267.75, 270.70, 270.70, 269.38, 7580567, 20420.23, 90506, 3706510, 48.89
VEDPOWER, EQ, 02-Sep-2026, 34.83, 34.75, 35.07, 34.22, 34.87, 34.72, 34.58, 9127321, 3156.34, 33022, 4362017, 47.79
VEEDOL, EQ, 02-Sep-2026, 1489.80, 1489.80, 1496.80, 1465.10, 1475.00, 1473.70, 1479.24, 7185, 106.28, 1382, 3679, 51.20
VEEKAYEM, SM, 02-Sep-2026, 105.80, 110.00, 110.55, 110.00, 110.55, 110.35, 110.34, 4500, 4.97, 8, 3500, 77.78
VELJAN, BE, 02-Sep-2026, 1801.00, 1824.60, 1835.00, 1781.00, 1803.10, 1803.10, 1822.31, 447, 8.15, 51, -, -
VENKEYS, EQ, 02-Sep-2026, 1649.00, 1654.00, 1682.00, 1640.10, 1662.00, 1659.00, 1657.50, 70557, 1169.48, 6819, 25970, 36.81
VENTIVE, EQ, 02-Sep-2026, 593.30, 595.00, 595.00, 575.00, 583.00, 578.80, 580.92, 17395, 101.05, 1697, 10268, 59.03
VENUSPIPES, EQ, 02-Sep-2026, 1606.70, 1601.10, 1650.90, 1580.00, 1601.70, 1605.00, 1616.85, 100592, 1626.42, 10012, 53298, 52.98
VENUSREM, BE, 02-Sep-2026, 1600.90, 1600.90, 1650.00, 1571.10, 1634.60, 1620.90, 1617.71, 25245, 408.39, 1124, -, -
VERANDA, EQ, 02-Sep-2026, 242.94, 241.00, 248.60, 239.10, 243.25, 243.92, 244.63, 247127, 604.55, 2711, 147074, 59.51
VERTIS, IV, 02-Sep-2026, 115.25, 115.25, 115.25, 115.25, 115.25, 115.25, 115.25, 175000, 201.69, 1, 175000, 100.00
VERTOZ, EQ, 02-Sep-2026, 37.72, 36.60, 38.95, 36.60, 38.61, 38.59, 38.49, 49065, 18.88, 408, 35332, 72.01
VESUVIUS, EQ, 02-Sep-2026, 416.05, 416.05, 416.70, 411.25, 412.75, 412.90, 413.62, 31174, 128.94, 2628, 19165, 61.48
VETO, BE, 02-Sep-2026, 126.05, 127.99, 127.99, 123.30, 126.70, 126.02, 125.81, 13200, 16.61, 124, -, -
VGCL, EQ, 02-Sep-2026, 54.99, 54.98, 57.71, 52.27, 53.40, 53.59, 53.67, 9221, 4.95, 51, 8231, 89.26
VGINFOTECH, SM, 02-Sep-2026, 147.00, 145.00, 146.50, 143.55, 143.55, 144.65, 145.12, 17000, 24.67, 15, 14000, 82.35
VGL, EQ, 02-Sep-2026, 57.02, 57.50, 58.58, 56.05, 56.71, 57.12, 57.51, 7793, 4.48, 189, 6332, 81.25
VGUARD, EQ, 02-Sep-2026, 343.05, 343.05, 345.40, 338.05, 343.50, 341.20, 341.83, 517815, 1770.04, 12883, 290832, 56.17
VHL, EQ, 02-Sep-2026, 3568.40, 3568.40, 3613.70, 3500.10, 3526.10, 3570.40, 3561.82, 748, 26.64, 157, 444, 59.36
VHLTD, BE, 02-Sep-2026, 115.42, 116.57, 117.41, 114.80, 115.20, 115.25, 115.42, 13990, 16.15, 58, -, -
VIAZ, SM, 02-Sep-2026, 70.00, 70.00, 73.00, 70.00, 70.10, 70.10, 71.03, 6000, 4.26, 3, 4000, 66.67
VICTORYEV, SM, 02-Sep-2026, 15.70, 15.50, 15.50, 15.00, 15.15, 15.15, 15.28, 18000, 2.75, 6, 12000, 66.67
VIDHIING, EQ, 02-Sep-2026, 354.35, 350.10, 350.10, 342.00, 343.00, 342.90, 344.54, 13344, 45.98, 528, 8378, 62.78
VIDYAWIRES, EQ, 02-Sep-2026, 91.24, 91.10, 91.27, 88.01, 88.69, 88.51, 89.24, 724958, 646.99, 6901, 446101, 61.53
VIESL, SM, 02-Sep-2026, 370.60, 374.85, 379.95, 370.00, 379.95, 378.45, 374.98, 39200, 146.99, 47, 31200, 79.59
VIGOR, ST, 02-Sep-2026, 100.00, 98.05, 99.00, 95.30, 96.00, 96.50, 97.62, 57600, 56.23, 24, 56000, 97.22
VIJAYA, EQ, 02-Sep-2026, 1499.00, 1499.00, 1530.00, 1475.00, 1480.20, 1481.10, 1498.58, 146439, 2194.50, 16502, 54063, 36.92
VIJAYPD, SM, 02-Sep-2026, 68.00, 71.00, 71.00, 66.00, 69.00, 69.00, 68.60, 18000, 12.35, 9, 14000, 77.78
VIJIFIN, BE, 02-Sep-2026, 15.64, 15.95, 15.95, 15.95, 15.95, 15.95, 15.95, 28993, 4.62, 41, -, -
VIJSOLX, EQ, 02-Sep-2026, 676.70, 677.90, 690.00, 677.90, 688.00, 689.00, 679.55, 74, 0.50, 11, 63, 85.14
VIKASECO, EQ, 02-Sep-2026, 1.09, 1.10, 1.10, 1.08, 1.09, 1.09, 1.09, 1168495, 12.74, 857, 752904, 64.43
VIKASLIFE, EQ, 02-Sep-2026, 1.25, 1.25, 1.27, 1.23, 1.27, 1.26, 1.25, 1995003, 24.86, 8401, 1197417, 60.02
VIKRAMSOLR, EQ, 02-Sep-2026, 169.67, 169.45, 170.00, 166.64, 168.30, 169.15, 168.70, 1166360, 1967.67, 11690, 558629, 47.90
VIKRAN, EQ, 02-Sep-2026, 57.84, 57.73, 57.94, 56.80, 57.85, 57.68, 57.50, 594959, 342.09, 3998, 282062, 47.41
VILAS, SM, 02-Sep-2026, 349.40, 354.95, 354.95, 347.00, 349.50, 349.00, 350.91, 16500, 57.90, 59, 11750, 71.21
VILINBIO, SM, 02-Sep-2026, 46.95, 46.00, 49.25, 46.00, 49.25, 49.25, 47.63, 48000, 22.86, 9, 44000, 91.67
VIMTALABS, EQ, 02-Sep-2026, 661.75, 666.65, 666.65, 644.00, 658.70, 655.35, 655.48, 301111, 1973.71, 11381, 105498, 35.04
VINATIORGA, EQ, 02-Sep-2026, 1315.40, 1311.00, 1325.30, 1301.00, 1309.80, 1313.80, 1308.75, 26348, 344.83, 2933, 14123, 53.60
VINCOFE, EQ, 02-Sep-2026, 176.85, 176.80, 176.94, 172.07, 175.50, 175.56, 174.60, 2162670, 3776.13, 40541, 629186, 29.09
VINDHYATEL, EQ, 02-Sep-2026, 2576.70, 2540.00, 2750.00, 2540.00, 2731.00, 2737.10, 2695.53, 192191, 5180.57, 20065, 60219, 31.33
VINEETLAB, EQ, 02-Sep-2026, 37.95, 38.95, 38.95, 36.31, 38.00, 37.57, 37.74, 67674, 25.54, 598, 24978, 36.91
VINNY, EQ, 02-Sep-2026, 1.04, 1.04, 1.05, 1.02, 1.03, 1.03, 1.03, 332495, 3.44, 209, 250592, 75.37
VINYAS, SM, 02-Sep-2026, 1525.70, 1570.85, 1588.40, 1500.35, 1560.00, 1537.45, 1529.40, 3800, 58.12, 38, 2400, 63.16
VINYLINDIA, EQ, 02-Sep-2026, 230.21, 226.00, 229.88, 225.00, 226.00, 225.18, 226.51, 5548, 12.57, 452, 4193, 75.58
VIPCLOTHNG, EQ, 02-Sep-2026, 19.97, 19.81, 20.34, 19.80, 20.30, 20.23, 20.03, 57213, 11.46, 104, 56169, 98.18
VIPIND, EQ, 02-Sep-2026, 303.75, 302.75, 305.50, 300.45, 305.00, 304.40, 303.66, 185156, 562.25, 3047, 115132, 62.18
VIPULLTD, BE, 02-Sep-2026, 14.84, 14.55, 14.55, 14.55, 14.55, 14.55, 14.55, 1096, 0.16, 18, -, -
VIRAT, EQ, 02-Sep-2026, 441.65, 460.00, 460.00, 435.00, 437.00, 437.80, 441.04, 2254, 9.94, 104, 1825, 80.97
VIRINCHI, EQ, 02-Sep-2026, 14.53, 14.63, 16.00, 14.00, 14.76, 14.75, 14.95, 148532, 22.21, 483, 114208, 76.89
VIRTUALG, EQ, 02-Sep-2026, 0.46, 0.48, 0.49, 0.45, 0.47, 0.46, 0.47, 859494, 4.01, 228, 532262, 61.93
VISACHROME, EQ, 02-Sep-2026, 40.18, 40.99, 40.99, 38.25, 38.35, 38.54, 38.70, 39349, 15.23, 250, 25482, 64.76
VISAKAIND, EQ, 02-Sep-2026, 89.09, 89.01, 90.00, 87.19, 88.49, 87.84, 88.14, 178763, 157.56, 2961, 94759, 53.01
VISAMAN, SM, 02-Sep-2026, 71.50, 67.95, 67.95, 67.95, 67.95, 67.95, 67.95, 1000, 0.68, 1, 1000, 100.00
VISDEM, SM, 02-Sep-2026, 93.50, 93.60, 95.45, 91.00, 95.45, 94.70, 93.26, 8400, 7.83, 7, 3600, 42.86
VISHAL, EQ, 02-Sep-2026, 19.15, 19.00, 19.49, 18.86, 18.93, 18.96, 19.05, 29604, 5.64, 118, 27862, 94.12
VISHNU, EQ, 02-Sep-2026, 661.75, 662.65, 673.90, 655.20, 663.60, 659.55, 663.77, 114032, 756.91, 4842, 55514, 48.68
VISHNUINFR, SM, 02-Sep-2026, 156.35, 156.55, 161.00, 155.10, 161.00, 160.70, 159.18, 6000, 9.55, 12, 4500, 75.00
VISHWARAJ, EQ, 02-Sep-2026, 5.94, 5.85, 6.04, 5.73, 5.85, 5.87, 5.90, 447461, 26.38, 883, 241858, 54.05
VISL, EQ, 02-Sep-2026, 35.48, 35.49, 37.25, 35.01, 37.25, 37.15, 36.45, 31066046, 11322.36, 42331, 10873925, 35.00
VITAL, EQ, 02-Sep-2026, 54.75, 52.50, 54.75, 52.50, 54.50, 54.50, 54.48, 206, 0.11, 8, 106, 51.46
VIVIANA, BE, 02-Sep-2026, 740.55, 743.95, 754.90, 715.00, 747.00, 750.40, 739.62, 17022, 125.90, 420, -, -
VIVIDEL, SM, 02-Sep-2026, 1520.90, 1502.10, 1625.00, 1502.10, 1590.00, 1595.35, 1577.00, 55440, 874.29, 222, 46800, 84.42
VIVIDHA, EQ, 02-Sep-2026, 0.50, 0.51, 0.51, 0.48, 0.50, 0.50, 0.50, 291889, 1.47, 167, 272267, 93.28
VIVIMEDLAB, BE, 02-Sep-2026, 6.80, 6.67, 6.67, 6.67, 6.67, 6.67, 6.67, 29304, 1.95, 27, -, -
VIVO, ST, 02-Sep-2026, 155.00, 157.00, 159.00, 157.00, 159.00, 159.00, 158.00, 3200, 5.06, 2, 3200, 100.00
VIVOBIOT, EQ, 02-Sep-2026, 18.30, 18.98, 18.98, 17.76, 18.75, 18.21, 18.23, 4252, 0.78, 65, 3501, 82.34
VIYASH, EQ, 02-Sep-2026, 262.30, 260.90, 262.65, 256.30, 258.15, 259.10, 259.63, 3330249, 8646.46, 24519, 1840422, 55.26
VLEGOV, BE, 02-Sep-2026, 10.23, 10.37, 10.69, 9.90, 10.56, 10.42, 10.34, 60749, 6.28, 225, -, -
VLSFINANCE, EQ, 02-Sep-2026, 243.09, 244.80, 245.00, 243.00, 245.00, 244.32, 243.70, 5204, 12.68, 154, 3506, 67.37
VMARCIND, SM, 02-Sep-2026, 340.95, 335.05, 350.90, 318.00, 323.00, 321.05, 332.66, 489000, 1626.69, 286, 324000, 66.26
VMART, EQ, 02-Sep-2026, 850.30, 850.30, 853.35, 830.35, 845.00, 849.95, 840.63, 35124, 295.26, 3896, 17409, 49.56
VMM, EQ, 02-Sep-2026, 106.55, 106.55, 109.49, 105.21, 108.57, 108.57, 108.23, 13754007, 14885.62, 71165, 6412843, 46.63
VMOBILE, SM, 02-Sep-2026, 60.50, 60.50, 60.50, 60.50, 60.50, 60.50, 60.50, 4800, 2.90, 6, 4800, 100.00
VMSTMT, EQ, 02-Sep-2026, 45.23, 45.45, 46.75, 44.08, 45.40, 45.57, 45.53, 92983, 42.34, 424, 25166, 27.07
VOEPL, EQ, 02-Sep-2026, 551.45, 551.45, 564.10, 537.00, 551.45, 548.55, 546.60, 65132, 356.01, 2364, 31945, 49.05
VOGL, EQ, 02-Sep-2026, 37.78, 37.80, 39.06, 37.46, 38.53, 38.57, 38.36, 33253547, 12757.46, 49595, 9991871, 30.05
VOITHPAPR, EQ, 02-Sep-2026, 1452.90, 1421.20, 1472.00, 1410.00, 1466.00, 1466.00, 1433.63, 423, 6.06, 55, 380, 89.83
VOLERCAR, SM, 02-Sep-2026, 210.00, 208.00, 215.00, 203.95, 215.00, 209.50, 205.85, 10400, 21.41, 11, 7200, 69.23
VOLTAMP, EQ, 02-Sep-2026, 10782.00, 10782.00, 10846.00, 10605.00, 10651.00, 10682.00, 10724.01, 21874, 2345.77, 9237, 11889, 54.35
VOLTAS, EQ, 02-Sep-2026, 1205.00, 1199.90, 1199.90, 1151.00, 1152.10, 1152.10, 1163.11, 1981487, 23046.83, 72502, 959719, 48.43
VPRPL, EQ, 02-Sep-2026, 32.89, 32.80, 36.00, 32.36, 35.22, 35.15, 35.16, 1627741, 572.28, 9898, 540326, 33.19
VR, SM, 02-Sep-2026, 108.10, 104.00, 104.00, 104.00, 104.00, 104.00, 104.00, 400, 0.42, 1, 400, 100.00
VRAJ, EQ, 02-Sep-2026, 124.88, 126.20, 126.20, 122.21, 122.50, 122.41, 122.99, 10291, 12.66, 328, 5967, 57.98
VRLLOG, EQ, 02-Sep-2026, 299.85, 299.00, 303.70, 294.00, 299.50, 299.85, 300.33, 178174, 535.11, 10606, 103503, 58.09
VSSL, EQ, 02-Sep-2026, 354.85, 354.85, 369.90, 345.55, 363.95, 362.10, 356.43, 106991, 381.34, 3802, 55106, 51.51
VSTIND, EQ, 02-Sep-2026, 208.00, 208.00, 208.21, 206.00, 207.01, 207.59, 206.99, 79441, 164.44, 2676, 47352, 59.61
VSTL, EQ, 02-Sep-2026, 111.83, 111.83, 114.10, 109.00, 114.10, 113.76, 113.42, 20067, 22.76, 351, 15575, 77.61
VSTTILLERS, EQ, 02-Sep-2026, 4208.50, 4155.90, 4206.20, 4149.00, 4162.00, 4164.60, 4171.14, 8804, 367.23, 2204, 4664, 52.98
VTL, EQ, 02-Sep-2026, 602.30, 598.00, 602.90, 584.25, 587.75, 587.45, 588.90, 990696, 5834.19, 25694, 256468, 25.89
VTMLTD, EQ, 02-Sep-2026, 59.43, 58.12, 59.30, 57.25, 57.95, 57.73, 58.41, 14672, 8.57, 154, 11604, 79.09
WAAREEENER, EQ, 02-Sep-2026, 2588.00, 2569.50, 2617.20, 2552.50, 2581.10, 2581.10, 2587.65, 741486, 19187.06, 42444, 386402, 52.11
WAAREEINDO, EQ, 02-Sep-2026, 268.10, 267.95, 273.70, 261.20, 266.00, 264.95, 268.22, 51929, 139.28, 1642, 29011, 55.87
WAAREERTL, EQ, 02-Sep-2026, 863.80, 863.05, 871.90, 847.55, 851.10, 853.25, 852.27, 108714, 926.53, 8773, 52732, 48.51
WABAG, EQ, 02-Sep-2026, 2013.90, 2013.90, 2013.90, 1948.90, 1994.00, 1987.80, 1975.64, 294457, 5817.42, 20073, 115192, 39.12
WAKEFIT, EQ, 02-Sep-2026, 152.92, 153.66, 157.50, 150.08, 152.45, 152.47, 153.86, 2880004, 4431.07, 29036, 1201128, 41.71
WALCHANNAG, EQ, 02-Sep-2026, 210.01, 208.91, 208.91, 204.20, 206.00, 206.09, 206.62, 405493, 837.83, 6737, 217915, 53.74
WALPAR, SM, 02-Sep-2026, 26.00, 24.70, 24.70, 24.70, 24.70, 24.70, 24.70, 12000, 2.96, 5, 12000, 100.00
WANBURY, EQ, 02-Sep-2026, 254.40, 254.00, 254.00, 243.15, 245.45, 245.00, 247.10, 116224, 287.19, 2598, 65795, 56.61
WARDINMOBI, EQ, 02-Sep-2026, 5.89, 5.94, 5.96, 5.60, 5.75, 5.74, 5.79, 460492, 26.67, 1065, 338174, 73.44
WATERBASE, EQ, 02-Sep-2026, 48.02, 48.02, 48.96, 47.00, 47.25, 47.31, 47.73, 13651, 6.52, 204, 9362, 68.58
WCIL, EQ, 02-Sep-2026, 84.90, 85.79, 85.79, 84.03, 84.03, 84.28, 84.62, 57609, 48.75, 1383, 34141, 59.26
WEALTH, EQ, 02-Sep-2026, 854.20, 853.00, 853.00, 828.75, 847.95, 846.60, 844.72, 2362, 19.95, 248, 1706, 72.23
WEBELSOLAR, EQ, 02-Sep-2026, 74.50, 73.70, 75.90, 73.08, 74.40, 73.86, 74.34, 3031926, 2254.03, 17003, 1481824, 48.87
WEIZMANIND, EQ, 02-Sep-2026, 74.90, 75.00, 75.00, 74.00, 74.88, 74.78, 74.87, 153, 0.11, 13, 144, 94.12
WEL, EQ, 02-Sep-2026, 80.84, 78.48, 83.21, 75.11, 76.00, 75.98, 77.91, 5897220, 4594.64, 33658, 2972955, 50.41
WELCORP, EQ, 02-Sep-2026, 2553.60, 2561.60, 2592.00, 2510.00, 2524.00, 2523.50, 2547.16, 2258642, 57531.23, 103967, 819605, 36.29
WELENT, EQ, 02-Sep-2026, 705.55, 707.50, 745.00, 698.15, 744.00, 741.70, 728.92, 1021703, 7447.40, 30576, 386000, 37.78
WELINV, BE, 02-Sep-2026, 2170.10, 2213.00, 2213.00, 2140.00, 2145.10, 2145.10, 2198.83, 459, 10.09, 24, -, -
WELSPLSOL, EQ, 02-Sep-2026, 50.83, 50.93, 53.59, 50.70, 53.00, 53.22, 52.44, 612747, 321.33, 3891, 284173, 46.38
WELSPUNLIV, EQ, 02-Sep-2026, 198.41, 199.00, 200.96, 195.60, 199.90, 200.01, 199.08, 3448721, 6865.80, 31162, 1530866, 44.39
WENDT, EQ, 02-Sep-2026, 8105.00, 8100.00, 8100.00, 7970.50, 8000.00, 7991.50, 8018.97, 4494, 360.37, 1285, 2614, 58.17
WESTLIFE, EQ, 02-Sep-2026, 553.90, 549.50, 552.00, 541.40, 550.00, 547.55, 546.09, 28617, 156.28, 2837, 13506, 47.20
WEWIN, EQ, 02-Sep-2026, 43.90, 43.85, 43.99, 42.60, 43.50, 42.76, 43.08, 1077, 0.46, 37, 1015, 94.24
WEWORK, EQ, 02-Sep-2026, 675.65, 673.55, 673.55, 658.05, 659.00, 661.10, 664.72, 65155, 433.10, 4854, 29550, 45.35
WHBRADY, EQ, 02-Sep-2026, 497.00, 497.00, 497.00, 497.00, 497.00, 497.00, 497.00, 2, 0.01, 1, 2, 100.00
WHEELS, EQ, 02-Sep-2026, 1541.80, 1541.80, 1564.90, 1523.10, 1540.00, 1544.30, 1544.22, 100218, 1547.58, 7511, 49500, 49.39
WHIRLPOOL, EQ, 02-Sep-2026, 801.15, 794.00, 807.50, 787.45, 802.85, 800.20, 799.07, 163297, 1304.86, 17216, 65633, 40.19
WHITEFORCE, SM, 02-Sep-2026, 40.50, 40.50, 40.50, 40.50, 40.50, 40.50, 40.50, 3200, 1.30, 2, 3200, 100.00
WILLAMAGOR, EQ, 02-Sep-2026, 23.74, 24.70, 24.70, 24.05, 24.69, 24.69, 24.41, 705, 0.17, 18, 695, 98.58
WINDLAS, EQ, 02-Sep-2026, 1008.35, 1017.80, 1110.00, 1003.05, 1100.05, 1096.60, 1082.91, 1564975, 16947.33, 67874, 274419, 17.54
WINDMACHIN, EQ, 02-Sep-2026, 307.50, 304.40, 309.00, 303.10, 303.15, 305.05, 306.08, 24441, 74.81, 752, 13986, 57.22
WINSOL, SM, 02-Sep-2026, 115.10, 115.00, 115.00, 115.00, 115.00, 115.00, 115.00, 400, 0.46, 1, 400, 100.00
WIPL, EQ, 02-Sep-2026, 162.05, 162.63, 165.00, 162.62, 162.99, 162.99, 163.52, 224, 0.37, 10, 159, 70.98
WIPRO, EQ, 02-Sep-2026, 181.70, 180.00, 180.39, 176.80, 177.09, 177.09, 177.85, 12056634, 21442.79, 101352, 5936938, 49.24
WOCKPHARMA, EQ, 02-Sep-2026, 1850.60, 1846.20, 1911.00, 1838.00, 1902.00, 1904.30, 1872.01, 684958, 12822.49, 34385, 320713, 46.82
WOL3D, SM, 02-Sep-2026, 136.80, 130.55, 130.55, 130.00, 130.00, 130.00, 130.07, 19000, 24.71, 19, 10000, 52.63
WOMANCART, ST, 02-Sep-2026, 109.40, 108.05, 111.50, 105.95, 108.50, 108.50, 108.74, 7200, 7.83, 18, 6000, 83.33
WONDERLA, EQ, 02-Sep-2026, 536.25, 543.95, 543.95, 524.75, 536.00, 529.55, 531.80, 66709, 354.76, 3471, 30471, 45.68
WORTHPERI, EQ, 02-Sep-2026, 154.50, 153.00, 157.43, 151.16, 155.50, 155.55, 155.19, 3491, 5.42, 155, 2819, 80.75
WPIL, EQ, 02-Sep-2026, 439.15, 436.20, 441.95, 432.00, 440.00, 440.05, 437.08, 30472, 133.19, 1470, 19342, 63.47
WSI, EQ, 02-Sep-2026, 60.98, 61.90, 61.90, 59.50, 59.90, 61.04, 60.81, 15759, 9.58, 361, 11533, 73.18
WSTCSTPAPR, EQ, 02-Sep-2026, 653.60, 651.45, 651.45, 622.75, 631.60, 629.05, 631.76, 309218, 1953.52, 13052, 150853, 48.79
WTICAB, SM, 02-Sep-2026, 109.20, 102.00, 107.90, 101.50, 107.00, 107.00, 105.79, 88000, 93.10, 78, 71000, 80.68
XCHANGING, EQ, 02-Sep-2026, 60.31, 60.35, 60.97, 60.00, 60.97, 60.84, 60.66, 44176, 26.80, 510, 30529, 69.11
XELPMOC, EQ, 02-Sep-2026, 79.34, 78.50, 80.96, 78.50, 80.50, 80.62, 80.25, 3321, 2.67, 95, 2717, 81.81
XPROINDIA, EQ, 02-Sep-2026, 1135.80, 1134.00, 1330.20, 1110.00, 1278.00, 1285.60, 1278.41, 1517669, 19401.96, 76454, 252618, 16.65
XTGLOBAL, EQ, 02-Sep-2026, 30.74, 30.99, 30.99, 29.50, 29.70, 29.73, 29.92, 37394, 11.19, 495, 27394, 73.26
XTRANET, EQ, 02-Sep-2026, 187.34, 186.30, 207.41, 184.81, 193.00, 193.68, 198.60, 3941896, 7828.63, 54534, 616374, 15.64
YAAP, SM, 02-Sep-2026, 120.00, 122.00, 124.80, 122.00, 124.00, 124.00, 123.41, 10000, 12.34, 9, 10000, 100.00
YASHO, EQ, 02-Sep-2026, 4269.80, 4265.00, 4265.00, 4102.00, 4130.00, 4129.50, 4161.78, 20753, 863.69, 5242, 10606, 51.11
YASHOPTICS, SM, 02-Sep-2026, 123.20, 121.10, 121.10, 121.10, 121.10, 121.10, 121.10, 800, 0.97, 1, 800, 100.00
YATHARTH, EQ, 02-Sep-2026, 974.80, 971.00, 991.80, 962.20, 966.40, 966.50, 974.80, 242009, 2359.11, 13530, 85685, 35.41
YATRA, EQ, 02-Sep-2026, 113.89, 113.00, 115.14, 110.41, 114.30, 114.15, 113.51, 2681062, 3043.36, 19286, 1119879, 41.77
YESBANK, EQ, 02-Sep-2026, 22.10, 22.00, 22.15, 21.82, 22.15, 22.15, 21.97, 44781892, 9839.86, 67910, 21539525, 48.10
YOGI, EQ, 02-Sep-2026, 162.95, 163.90, 163.90, 155.00, 155.05, 155.05, 157.14, 622, 0.98, 13, 617, 99.20
YUDIZ, SM, 02-Sep-2026, 24.65, 24.50, 24.70, 24.50, 24.70, 24.70, 24.64, 5600, 1.38, 5, 5600, 100.00
YUKEN, EQ, 02-Sep-2026, 972.05, 975.00, 990.00, 951.05, 968.00, 967.25, 974.59, 12576, 122.56, 800, 8204, 65.24
ZAGGLE, EQ, 02-Sep-2026, 184.42, 184.05, 185.10, 180.65, 185.00, 184.33, 182.56, 846978, 1546.26, 9419, 331236, 39.11
ZEAL, SM, 02-Sep-2026, 62.50, 62.50, 62.50, 61.50, 61.50, 61.50, 62.00, 1200, 0.74, 2, 1200, 100.00
ZEEL, EQ, 02-Sep-2026, 93.41, 92.85, 93.34, 90.20, 90.60, 90.57, 91.54, 18542223, 16973.33, 62501, 6663524, 35.94
ZEELEARN, BE, 02-Sep-2026, 7.42, 7.21, 7.49, 7.21, 7.35, 7.36, 7.36, 238149, 17.53, 340, -, -
ZEEMEDIA, EQ, 02-Sep-2026, 8.28, 8.25, 8.60, 8.05, 8.27, 8.23, 8.15, 2384037, 194.38, 2212, 1331526, 55.85
ZENITHDRUG, SM, 02-Sep-2026, 41.40, 41.00, 41.95, 40.00, 40.00, 40.00, 40.58, 4800, 1.95, 6, 4800, 100.00
ZENITHEXPO, EQ, 02-Sep-2026, 214.00, 204.00, 207.99, 204.00, 204.00, 204.07, 204.56, 854, 1.75, 22, 670, 78.45
ZENITHSTL, EQ, 02-Sep-2026, 5.30, 5.35, 5.38, 5.22, 5.30, 5.29, 5.28, 51372, 2.71, 188, 49114, 95.60
ZENSARTECH, EQ, 02-Sep-2026, 472.95, 469.95, 470.15, 460.00, 461.90, 460.55, 463.60, 470784, 2182.55, 15270, 137728, 29.26
ZENTEC, EQ, 02-Sep-2026, 1780.70, 1776.90, 1842.40, 1749.10, 1835.10, 1829.10, 1804.65, 433929, 7830.88, 30314, 152756, 35.20
ZFCVINDIA, EQ, 02-Sep-2026, 2547.80, 2544.00, 2585.00, 2503.00, 2575.00, 2572.20, 2555.11, 86753, 2216.63, 15403, 39334, 45.34
ZFSTEERING, EQ, 02-Sep-2026, 665.90, 668.00, 671.90, 666.00, 669.75, 667.10, 668.06, 1632, 10.90, 118, 1377, 84.38
ZIMLAB, EQ, 02-Sep-2026, 117.94, 117.94, 136.90, 116.30, 132.70, 133.95, 131.34, 680389, 893.65, 8053, 269660, 39.63
ZODIAC, EQ, 02-Sep-2026, 239.89, 240.02, 245.47, 236.41, 238.00, 240.30, 240.33, 4540, 10.91, 337, 2905, 63.99
ZODIACLOTH, EQ, 02-Sep-2026, 73.04, 72.43, 73.00, 72.22, 72.50, 72.49, 72.52, 1913, 1.39, 65, 1863, 97.39
ZOTA, EQ, 02-Sep-2026, 1028.10, 1028.00, 1085.00, 1022.00, 1085.00, 1078.00, 1054.47, 86014, 906.99, 4080, 43025, 50.02
ZSARACOM, EQ, 02-Sep-2026, 10702.00, 10436.00, 10949.00, 10301.00, 10435.00, 10437.00, 10495.55, 60, 6.30, 38, 48, 80.00
ZTECH, SM, 02-Sep-2026, 490.05, 490.05, 503.00, 489.95, 503.00, 503.00, 495.49, 6300, 31.22, 20, 5400, 85.71
ZUARI, EQ, 02-Sep-2026, 231.42, 226.01, 226.95, 222.30, 223.40, 222.86, 223.69, 151094, 337.98, 4452, 86144, 57.01
ZUARIIND, EQ, 02-Sep-2026, 269.60, 269.15, 274.45, 268.00, 271.00, 270.80, 270.51, 42621, 115.29, 1870, 23726, 55.67
ZYDUSLIFE, EQ, 02-Sep-2026, 1167.80, 1168.40, 1173.90, 1147.00, 1154.20, 1154.20, 1153.50, 1377441, 15888.73, 36804, 816589, 59.28
ZYDUSWELL, EQ, 02-Sep-2026, 528.80, 525.00, 539.10, 523.80, 538.90, 534.60, 531.06, 179000, 950.60, 16259, 95197, 53.18
