SYMBOL, SERIES, DATE1, PREV_CLOSE, OPEN_PRICE, HIGH_PRICE, LOW_PRICE, LAST_PRICE, CLOSE_PRICE, AVG_PRICE, TTL_TRD_QNTY, TURNOVER_LACS, NO_OF_TRADES, DELIV_QTY, DELIV_PER
20MICRONS, EQ, 18-Sep-2026, 205.71, 207.77, 209.00, 204.62, 206.50, 208.28, 207.02, 45744, 94.70, 1711, 21567, 47.15
21STCENMGM, EQ, 18-Sep-2026, 38.62, 38.81, 39.29, 38.81, 38.81, 38.98, 39.12, 135, 0.05, 10, 69, 51.11
360ONE, EQ, 18-Sep-2026, 1061.30, 1060.50, 1086.10, 1060.50, 1073.10, 1073.10, 1077.89, 519067, 5594.95, 25530, 347735, 66.99
3BBLACKBIO, EQ, 18-Sep-2026, 1290.80, 1313.50, 1328.70, 1289.80, 1327.00, 1319.30, 1299.46, 6766, 87.92, 592, 4905, 72.49
3IINFOLTD, BE, 18-Sep-2026, 25.76, 25.67, 26.00, 24.56, 25.50, 25.50, 25.70, 419639, 107.85, 863, -, -
3MINDIA, EQ, 18-Sep-2026, 32530.00, 32530.00, 34450.00, 32380.00, 34275.00, 34095.00, 33665.92, 8040, 2706.74, 3757, 4207, 52.33
3PLAND, EQ, 18-Sep-2026, 31.40, 31.50, 31.50, 30.50, 31.00, 31.09, 31.06, 721, 0.22, 74, 513, 71.15
574GS2026, GS, 18-Sep-2026, 101.95, 101.95, 101.95, 101.95, 101.95, 101.95, 101.95, 1, 0.00, 1, 1, 100.00
577GS2030, GS, 18-Sep-2026, 96.94, 96.50, 96.50, 96.50, 96.50, 96.50, 96.50, 100, 0.10, 2, 100, 100.00
585GS2030, GS, 18-Sep-2026, 97.55, 97.56, 97.56, 97.56, 97.56, 97.56, 97.56, 1000000, 975.60, 1, 1000000, 100.00
5PAISA, EQ, 18-Sep-2026, 315.40, 314.10, 323.00, 314.10, 320.60, 321.35, 319.74, 21347, 68.25, 1417, 11667, 54.65
601GS2030, GS, 18-Sep-2026, 98.40, 98.40, 98.40, 98.40, 98.40, 98.40, 98.40, 100, 0.10, 2, 100, 100.00
610GS2031, GS, 18-Sep-2026, 99.99, 99.99, 99.99, 99.99, 99.99, 99.99, 99.99, 1, 0.00, 1, 1, 100.00
620GS2029, GS, 18-Sep-2026, 99.85, 99.85, 99.85, 99.85, 99.85, 99.85, 99.85, 1, 0.00, 1, 1, 100.00
622GS2035, GS, 18-Sep-2026, 94.20, 93.43, 95.07, 93.43, 95.07, 95.07, 93.77, 52, 0.05, 4, 25, 48.08
636GS2031, GS, 18-Sep-2026, 99.09, 98.50, 99.30, 98.50, 99.30, 99.30, 98.55, 1602, 1.58, 5, 1602, 100.00
63MOONS, EQ, 18-Sep-2026, 872.65, 872.65, 890.15, 864.45, 883.00, 884.75, 880.44, 231331, 2036.73, 12047, 94610, 40.90
648GS2035, GS, 18-Sep-2026, 98.30, 97.71, 99.50, 97.71, 99.00, 99.00, 99.42, 3640, 3.62, 4, 3540, 97.25
653GS2031, GS, 18-Sep-2026, 100.98, 97.83, 99.00, 97.83, 99.00, 99.00, 97.84, 302, 0.30, 3, 302, 100.00
657GS2033A, GS, 18-Sep-2026, 97.60, 99.90, 100.00, 99.90, 100.00, 100.00, 100.00, 3000, 3.00, 3, 3000, 100.00
667GS2035, GS, 18-Sep-2026, 105.00, 107.62, 107.62, 105.00, 106.85, 106.85, 106.85, 1000006, 1068.51, 5, 1000003, 100.00
668GS2040, GS, 18-Sep-2026, 96.50, 97.00, 97.90, 94.57, 97.90, 97.90, 96.48, 1498, 1.45, 15, 1100, 73.43
675GS2029, GS, 18-Sep-2026, 101.20, 101.75, 101.75, 101.75, 101.75, 101.75, 101.75, 99, 0.10, 1, 99, 100.00
676GS2061, GS, 18-Sep-2026, 89.49, 90.00, 90.00, 89.09, 89.15, 89.15, 89.14, 24608, 21.94, 46, 24476, 99.46
690GS2065, GS, 18-Sep-2026, 92.70, 93.63, 93.63, 92.91, 93.59, 93.59, 93.51, 236, 0.22, 5, 236, 100.00
694GS2036, GS, 18-Sep-2026, 101.03, 101.00, 101.99, 101.00, 101.99, 101.99, 101.92, 2040, 2.08, 3, 2040, 100.00
695GS2061, GS, 18-Sep-2026, 92.90, 93.00, 93.00, 92.00, 92.00, 92.00, 92.94, 1627, 1.51, 8, 1627, 100.00
697GR2034, GS, 18-Sep-2026, 98.00, 98.00, 98.00, 98.00, 98.00, 98.00, 98.00, 1, 0.00, 1, 1, 100.00
699GS2051, GS, 18-Sep-2026, 95.90, 96.00, 96.00, 95.85, 95.85, 95.85, 95.90, 13, 0.01, 6, 13, 100.00
702GS2027, GS, 18-Sep-2026, 102.23, 102.50, 102.50, 102.50, 102.50, 102.50, 102.50, 1, 0.00, 1, 1, 100.00
702GS2031, GS, 18-Sep-2026, 103.64, 103.65, 103.65, 103.65, 103.65, 103.65, 103.65, 1000, 1.04, 1, 1000, 100.00
704GS2029, GS, 18-Sep-2026, 102.57, 102.90, 103.49, 102.23, 103.49, 103.47, 103.21, 6900, 7.12, 4, 6600, 95.65
706GS2028, GS, 18-Sep-2026, 104.10, 108.05, 108.05, 103.41, 103.41, 103.41, 103.46, 101, 0.10, 2, 100, 99.01
706GS2041, GS, 18-Sep-2026, 101.95, 101.45, 101.45, 100.85, 100.85, 100.85, 101.21, 5, 0.01, 4, 5, 100.00
709GS2054, GS, 18-Sep-2026, 94.70, 96.00, 96.00, 94.00, 95.38, 95.38, 94.39, 16267, 15.35, 13, 13081, 80.41
709GS2074, GS, 18-Sep-2026, 94.53, 95.00, 95.40, 94.50, 95.40, 95.40, 95.15, 6672, 6.35, 22, 6672, 100.00
716GS2050, GS, 18-Sep-2026, 101.23, 102.34, 102.34, 98.76, 98.76, 99.70, 99.70, 5000, 4.99, 6, 5000, 100.00
717GS2030, GS, 18-Sep-2026, 104.79, 104.80, 104.80, 104.30, 104.80, 104.80, 104.70, 45270, 47.40, 9, 38670, 85.42
718GS2033, GS, 18-Sep-2026, 102.00, 102.00, 103.00, 101.60, 103.00, 102.95, 102.12, 55902, 57.09, 45, 54902, 98.21
718GS2037, GS, 18-Sep-2026, 102.00, 102.50, 103.47, 102.00, 102.39, 102.39, 102.40, 29704, 30.42, 12, 29704, 100.00
71GS2034, GS, 18-Sep-2026, 102.89, 104.60, 104.60, 103.00, 104.47, 104.47, 104.01, 10103, 10.51, 7, 10003, 99.01
724GS2055, GS, 18-Sep-2026, 96.55, 96.97, 96.97, 96.60, 96.60, 96.60, 96.97, 4575, 4.44, 5, 4575, 100.00
725GS2063, GS, 18-Sep-2026, 96.49, 96.50, 96.80, 96.26, 96.50, 96.50, 96.45, 8866, 8.55, 18, 7211, 81.33
726GS2032, GS, 18-Sep-2026, 101.80, 103.40, 103.40, 103.40, 103.40, 103.40, 103.40, 100, 0.10, 1, 100, 100.00
726GS2033, GS, 18-Sep-2026, 102.50, 101.48, 102.00, 101.48, 102.00, 102.00, 101.99, 1048, 1.07, 4, 524, 50.00
732GS2030, GS, 18-Sep-2026, 103.61, 103.55, 104.00, 103.55, 104.00, 104.00, 103.98, 2100, 2.18, 3, 2100, 100.00
734GS2064, GS, 18-Sep-2026, 98.48, 98.90, 98.90, 98.40, 98.87, 98.84, 98.78, 24664, 24.36, 45, 24514, 99.39
736GS2052, GS, 18-Sep-2026, 99.25, 98.75, 98.75, 96.00, 98.69, 98.69, 98.42, 6086, 5.99, 24, 6033, 99.13
737GS2028, GS, 18-Sep-2026, 104.01, 104.30, 104.30, 104.30, 104.30, 104.30, 104.30, 100, 0.10, 1, 100, 100.00
738GS2027, GS, 18-Sep-2026, 102.40, 102.41, 102.80, 102.41, 102.77, 102.53, 102.49, 28707, 29.42, 14, 28707, 100.00
73GS2053, GS, 18-Sep-2026, 98.00, 98.00, 98.60, 98.00, 98.50, 98.55, 98.13, 194888, 191.24, 81, 162288, 83.27
741GS2036, GS, 18-Sep-2026, 104.10, 104.49, 104.49, 104.49, 104.49, 104.49, 104.49, 100, 0.10, 1, 100, 100.00
743GS2076, GS, 18-Sep-2026, 98.45, 98.90, 99.24, 98.60, 99.20, 99.20, 99.14, 23389, 23.19, 31, 22828, 97.60
746GS2073, GS, 18-Sep-2026, 101.99, 102.50, 102.50, 101.34, 101.34, 101.34, 101.78, 3, 0.00, 3, 2, 66.67
74GS2035, GS, 18-Sep-2026, 103.40, 101.01, 102.50, 101.00, 102.50, 102.50, 101.75, 1300, 1.32, 4, 650, 50.00
74GS2062, GS, 18-Sep-2026, 101.99, 99.00, 101.50, 98.00, 98.40, 98.21, 98.79, 2823, 2.79, 11, 2823, 100.00
750GS2056, GS, 18-Sep-2026, 102.95, 102.50, 102.95, 102.50, 102.95, 102.95, 102.50, 101, 0.10, 2, 101, 100.00
754GS2036, GS, 18-Sep-2026, 105.30, 105.01, 105.61, 105.01, 105.55, 105.53, 105.45, 305760, 322.42, 121, 292217, 95.57
762GS2039, GS, 18-Sep-2026, 107.25, 101.90, 102.00, 101.90, 102.00, 102.00, 101.95, 100, 0.10, 2, 50, 50.00
763GS2056, GS, 18-Sep-2026, 100.15, 99.15, 100.50, 99.15, 100.40, 100.40, 100.23, 3109, 3.12, 11, 3089, 99.36
771GS2066, GS, 18-Sep-2026, 103.50, 103.00, 103.50, 102.50, 103.49, 103.49, 103.46, 15969, 16.52, 20, 15869, 99.37
772GS2055, GS, 18-Sep-2026, 102.50, 102.31, 103.50, 102.31, 103.50, 103.50, 102.91, 822, 0.85, 2, 411, 50.00
795GS2032, GS, 18-Sep-2026, 105.45, 107.80, 107.80, 107.80, 107.80, 107.80, 107.80, 2, 0.00, 2, 2, 100.00
824GS2027, GS, 18-Sep-2026, 101.70, 102.00, 102.00, 101.60, 101.70, 101.70, 101.63, 3658, 3.72, 4, 3658, 100.00
824GS2033, GS, 18-Sep-2026, 111.35, 110.35, 110.35, 110.35, 110.35, 110.35, 110.35, 1, 0.00, 1, 1, 100.00
83GS2040, GS, 18-Sep-2026, 110.84, 109.50, 110.25, 108.93, 109.75, 109.75, 109.54, 1490, 1.63, 8, 790, 53.02
883GS2041, GS, 18-Sep-2026, 115.25, 111.20, 111.20, 111.20, 111.20, 111.20, 111.20, 111, 0.12, 1, 111, 100.00
897GS2030, GS, 18-Sep-2026, 111.60, 113.00, 113.00, 113.00, 113.00, 113.00, 113.00, 1, 0.00, 1, 1, 100.00
92GS2030, GS, 18-Sep-2026, 114.00, 113.99, 114.50, 113.21, 114.25, 114.25, 114.24, 14818, 16.93, 21, 14818, 100.00
A2ZINFRA, EQ, 18-Sep-2026, 15.01, 15.31, 15.31, 14.87, 14.87, 14.89, 14.95, 43624, 6.52, 189, 35698, 81.83
AAATECH, EQ, 18-Sep-2026, 84.57, 88.00, 88.00, 84.05, 87.88, 86.95, 86.42, 107337, 92.76, 499, 18640, 17.37
AADHARHFC, EQ, 18-Sep-2026, 469.35, 467.00, 470.70, 453.70, 460.80, 461.65, 461.99, 2175228, 10049.29, 35941, 1575505, 72.43
AAKAAR, SM, 18-Sep-2026, 63.00, 63.00, 66.15, 61.05, 65.00, 64.50, 62.26, 28800, 17.93, 8, 25600, 88.89
AAKASH, EQ, 18-Sep-2026, 8.92, 8.92, 9.18, 8.80, 8.85, 8.88, 8.99, 78109, 7.02, 284, 46595, 59.65
AARADHYA, ST, 18-Sep-2026, 140.30, 139.00, 146.95, 139.00, 141.00, 141.00, 143.19, 21600, 30.93, 18, 21600, 100.00
AAREYDRUGS, EQ, 18-Sep-2026, 101.72, 103.00, 103.50, 98.81, 101.00, 102.13, 101.93, 289834, 295.43, 1903, 193906, 66.90
AARNAV, BE, 18-Sep-2026, 31.40, 30.50, 31.90, 30.50, 31.20, 31.20, 31.01, 3120, 0.97, 39, -, -
AARON, EQ, 18-Sep-2026, 124.42, 124.42, 126.99, 115.00, 119.78, 119.92, 119.21, 38147, 45.48, 986, 25670, 67.29
AARTECH, BE, 18-Sep-2026, 51.40, 51.45, 51.82, 49.77, 51.70, 51.33, 50.93, 17042, 8.68, 89, -, -
AARTIDRUGS, EQ, 18-Sep-2026, 428.35, 428.35, 435.20, 426.00, 432.70, 431.80, 431.38, 88332, 381.04, 3735, 49145, 55.64
AARTIIND, EQ, 18-Sep-2026, 476.60, 476.65, 493.45, 476.25, 485.10, 491.15, 488.04, 541708, 2643.75, 16336, 259120, 47.83
AARTIPHARM, EQ, 18-Sep-2026, 826.95, 827.00, 845.70, 812.40, 822.05, 820.40, 822.12, 1901494, 15632.53, 22382, 1201820, 63.20
AARTISURF, BE, 18-Sep-2026, 525.45, 530.00, 545.00, 530.00, 538.00, 535.95, 540.26, 9675, 52.27, 297, -, -
AARVI, EQ, 18-Sep-2026, 140.82, 141.90, 141.90, 138.12, 139.99, 139.95, 139.55, 3984, 5.56, 115, 2681, 67.29
AASTHA, EQ, 18-Sep-2026, 76.78, 77.99, 77.99, 74.24, 76.20, 76.25, 75.83, 240248, 182.18, 2115, 120330, 50.09
AAVAS, EQ, 18-Sep-2026, 1291.80, 1296.00, 1304.90, 1273.80, 1300.00, 1284.60, 1289.40, 164549, 2121.69, 12930, 103909, 63.15
ABAN, BE, 18-Sep-2026, 14.32, 14.32, 14.60, 14.04, 14.50, 14.54, 14.42, 11942, 1.72, 90, -, -
ABANSENT, EQ, 18-Sep-2026, 26.61, 26.61, 27.46, 26.00, 26.07, 26.07, 26.44, 7320, 1.94, 127, 6442, 88.01
ABB, EQ, 18-Sep-2026, 7130.50, 7185.50, 7307.00, 7151.00, 7270.50, 7270.50, 7224.40, 383030, 27671.62, 31908, 220700, 57.62
ABBOTINDIA, EQ, 18-Sep-2026, 25910.00, 26035.00, 27490.00, 26035.00, 27200.00, 27270.00, 27077.44, 38339, 10381.22, 14454, 25627, 66.84
ABCAPITAL, EQ, 18-Sep-2026, 390.00, 390.50, 410.05, 390.50, 410.05, 410.05, 403.22, 4888619, 19711.99, 37728, 3053891, 62.47
ABCOTS, EQ, 18-Sep-2026, 210.83, 221.00, 222.01, 206.05, 209.00, 209.85, 215.44, 219982, 473.94, 613, 135491, 61.59
ABDL, EQ, 18-Sep-2026, 653.10, 649.90, 659.55, 641.00, 650.00, 647.60, 650.29, 437696, 2846.31, 20826, 208212, 47.57
ABFRL, EQ, 18-Sep-2026, 50.45, 50.60, 50.77, 49.80, 50.13, 50.16, 50.25, 3238057, 1626.97, 16162, 1462637, 45.17
ABGSEC, EQ, 18-Sep-2026, 113.07, 114.20, 114.20, 113.19, 114.20, 114.20, 113.95, 8, 0.01, 5, 6, 75.00
ABH, SM, 18-Sep-2026, 39.80, 39.00, 43.75, 39.00, 43.75, 43.75, 42.23, 123600, 52.20, 94, 100800, 81.55
ABHAPOWER, SM, 18-Sep-2026, 23.70, 23.00, 24.65, 23.00, 24.65, 24.65, 23.68, 6400, 1.52, 4, 4800, 75.00
ABINFRA, BE, 18-Sep-2026, 11.02, 11.08, 11.57, 11.00, 11.57, 11.57, 11.46, 395493, 45.34, 238, -, -
ABLBL, EQ, 18-Sep-2026, 82.41, 82.75, 82.75, 80.81, 81.25, 81.17, 81.45, 1106286, 901.07, 10515, 631090, 57.05
ABMINTLLTD, BE, 18-Sep-2026, 51.00, 49.98, 49.98, 49.98, 49.98, 49.98, 49.98, 28, 0.01, 2, -, -
ABMKNO, EQ, 18-Sep-2026, 174.37, 178.00, 187.90, 170.05, 170.05, 170.50, 171.70, 1382, 2.37, 75, 1147, 83.00
ABREL, EQ, 18-Sep-2026, 1257.40, 1264.00, 1279.00, 1249.20, 1276.00, 1266.20, 1265.29, 171318, 2167.67, 16151, 84736, 49.46
ABSL10BANK, EQ, 18-Sep-2026, 164.39, 165.50, 166.30, 165.00, 166.30, 166.04, 165.55, 281, 0.47, 9, 262, 93.24
ABSLAMC, EQ, 18-Sep-2026, 1090.10, 1083.00, 1107.90, 1053.40, 1065.00, 1060.40, 1083.69, 378189, 4098.41, 30534, 236505, 62.54
ABSLBANETF, EQ, 18-Sep-2026, 57.61, 57.65, 57.92, 57.53, 57.91, 57.72, 57.73, 10671, 6.16, 148, 4210, 39.45
ABSLLIQUID, EQ, 18-Sep-2026, 1000.00, 995.00, 1004.94, 995.00, 1000.01, 1000.00, 1000.01, 8812, 88.12, 56, 8554, 97.07
ABSLMSCIN, EQ, 18-Sep-2026, 28.72, 28.82, 28.93, 28.68, 28.93, 28.69, 28.72, 608, 0.17, 11, 513, 84.38
ABSLNN50ET, EQ, 18-Sep-2026, 74.81, 74.81, 75.99, 73.87, 75.99, 75.87, 75.47, 7289, 5.50, 187, 5341, 73.27
ABSLPSE, EQ, 18-Sep-2026, 9.93, 10.10, 10.10, 9.97, 10.08, 10.05, 10.02, 46993, 4.71, 250, 28297, 60.22
ABSMARINE, SM, 18-Sep-2026, 304.60, 304.60, 304.60, 275.10, 288.00, 286.20, 290.44, 90500, 262.85, 160, 67000, 74.03
ACC, EQ, 18-Sep-2026, 1232.50, 1236.60, 1279.90, 1236.60, 1272.00, 1259.70, 1255.42, 386560, 4852.96, 18583, 246221, 63.70
ACCELYA, EQ, 18-Sep-2026, 1122.00, 1131.80, 1132.00, 1117.00, 1125.00, 1123.00, 1122.05, 3559, 39.93, 422, 2619, 73.59
ACCENTMIC, SM, 18-Sep-2026, 679.05, 682.45, 698.90, 676.55, 677.60, 681.75, 682.31, 23000, 156.93, 45, 16500, 71.74
ACCPL, ST, 18-Sep-2026, 210.85, 204.05, 210.00, 204.05, 210.00, 210.00, 207.03, 2400, 4.97, 2, 2400, 100.00
ACCURACY, BE, 18-Sep-2026, 4.65, 4.65, 4.73, 4.54, 4.64, 4.65, 4.66, 37927, 1.77, 158, -, -
ACE, EQ, 18-Sep-2026, 1205.60, 1212.30, 1241.50, 1202.00, 1229.10, 1229.20, 1226.24, 881443, 10808.64, 53542, 320647, 36.38
ACEINTEG, EQ, 18-Sep-2026, 18.00, 17.80, 17.81, 17.11, 17.25, 17.37, 17.37, 2419, 0.42, 117, 1736, 71.77
ACGL, EQ, 18-Sep-2026, 1774.00, 1798.00, 1836.90, 1725.10, 1750.00, 1737.20, 1766.96, 1004, 17.74, 215, 484, 48.21
ACI, EQ, 18-Sep-2026, 462.40, 463.65, 473.00, 458.00, 465.15, 467.15, 466.38, 327739, 1528.52, 18379, 175051, 53.41
ACL, EQ, 18-Sep-2026, 41.98, 42.80, 42.99, 41.52, 42.90, 42.66, 42.48, 6820, 2.90, 340, 4643, 68.08
ACMESOLAR, EQ, 18-Sep-2026, 411.30, 411.50, 440.70, 411.50, 438.65, 435.25, 432.02, 12038412, 52008.26, 140266, 7105260, 59.02
ACSTECH, BE, 18-Sep-2026, 63.00, 64.99, 66.15, 64.99, 66.15, 66.15, 66.04, 430625, 284.40, 625, -, -
ACTIVEINFR, SM, 18-Sep-2026, 171.00, 173.50, 186.25, 173.50, 182.05, 182.05, 181.34, 27600, 50.05, 10, 27600, 100.00
ACUTAAS, EQ, 18-Sep-2026, 3315.10, 3334.00, 3462.00, 3302.50, 3425.20, 3440.30, 3398.49, 521496, 17723.02, 57381, 264645, 50.75
ADANIENSOL, EQ, 18-Sep-2026, 1386.80, 1380.90, 1436.50, 1380.90, 1436.10, 1436.10, 1421.82, 2145921, 30511.23, 56528, 1136258, 52.95
ADANIENT, EQ, 18-Sep-2026, 2923.20, 2933.00, 3020.00, 2924.60, 3020.00, 3020.00, 2990.42, 1628125, 48687.80, 45436, 909369, 55.85
ADANIGREEN, EQ, 18-Sep-2026, 1274.20, 1274.20, 1337.90, 1274.20, 1334.50, 1334.50, 1314.59, 2597171, 34142.11, 55633, 926233, 35.66
ADANIPORTS, EQ, 18-Sep-2026, 1738.30, 1748.00, 1824.00, 1744.00, 1824.00, 1824.00, 1787.00, 4148803, 74139.05, 70921, 3187106, 76.82
ADANIPOWER, EQ, 18-Sep-2026, 205.92, 206.05, 209.60, 205.64, 206.60, 206.60, 207.63, 18185888, 37759.45, 67512, 8102807, 44.56
ADDICTIVE, SM, 18-Sep-2026, 45.00, 43.40, 43.40, 43.40, 43.40, 43.40, 43.40, 500, 0.22, 1, 500, 100.00
ADDIND, EQ, 18-Sep-2026, 78.45, 83.00, 83.00, 82.65, 82.65, 82.65, 82.85, 3, 0.00, 3, 1, 33.33
ADFFOODS, EQ, 18-Sep-2026, 267.75, 265.10, 265.90, 260.20, 261.20, 261.45, 262.72, 88038, 231.30, 2286, 50941, 57.86
ADISOFT, SM, 18-Sep-2026, 228.85, 226.50, 234.80, 226.50, 232.00, 231.50, 231.96, 32000, 74.23, 40, 17600, 55.00
ADL, EQ, 18-Sep-2026, 72.03, 75.40, 75.40, 70.00, 70.00, 70.06, 70.42, 261, 0.18, 26, 137, 52.49
ADOR, EQ, 18-Sep-2026, 1564.30, 1570.10, 1613.00, 1568.90, 1599.90, 1592.10, 1583.02, 19186, 303.72, 2124, 10885, 56.73
ADROITINFO, EQ, 18-Sep-2026, 11.22, 10.82, 11.70, 10.82, 11.17, 11.14, 11.32, 39432, 4.46, 366, 28576, 72.47
ADSL, EQ, 18-Sep-2026, 96.99, 96.98, 97.46, 95.50, 96.38, 96.29, 96.08, 57062, 54.82, 1250, 34319, 60.14
ADVAIT, EQ, 18-Sep-2026, 1990.40, 2030.00, 2030.40, 1985.00, 1996.90, 2003.60, 2004.63, 19625, 393.41, 3171, 10504, 53.52
ADVANCE, EQ, 18-Sep-2026, 111.67, 112.75, 112.75, 110.00, 110.25, 110.48, 110.82, 87868, 97.37, 1238, 55240, 62.87
ADVANIHOTR, EQ, 18-Sep-2026, 47.62, 48.35, 49.34, 47.62, 47.85, 47.89, 48.21, 13516, 6.52, 308, 9336, 69.07
ADVENTHTL, EQ, 18-Sep-2026, 127.04, 128.11, 132.90, 125.46, 128.30, 129.15, 127.67, 174166, 222.36, 2432, 67830, 38.95
ADVENZYMES, EQ, 18-Sep-2026, 288.10, 291.00, 291.85, 286.45, 289.30, 287.80, 288.54, 243137, 701.56, 4048, 149118, 61.33
ADVIKCA, EQ, 18-Sep-2026, 0.97, 0.97, 1.00, 0.95, 0.98, 0.98, 0.97, 216964, 2.11, 256, 147982, 68.21
AEGISLOG, EQ, 18-Sep-2026, 1353.80, 1362.90, 1429.70, 1360.00, 1420.90, 1415.40, 1402.93, 1333662, 18710.35, 52649, 619362, 46.44
AEGISVOPAK, EQ, 18-Sep-2026, 310.70, 313.00, 317.00, 300.65, 316.00, 314.95, 310.02, 2342046, 7260.72, 43805, 843380, 36.01
AEPL, EQ, 18-Sep-2026, 15.78, 15.70, 16.50, 15.70, 15.91, 15.92, 16.10, 15668, 2.52, 147, 13302, 84.90
AEQUS, EQ, 18-Sep-2026, 229.33, 228.98, 233.47, 227.00, 230.80, 231.67, 230.09, 859211, 1976.93, 15225, 422015, 49.12
AEROENTER, EQ, 18-Sep-2026, 122.94, 122.94, 126.90, 120.90, 125.55, 125.49, 123.91, 751302, 930.97, 9087, 290435, 38.66
AEROFLEX, EQ, 18-Sep-2026, 497.60, 510.00, 514.00, 497.10, 510.95, 510.90, 507.00, 890374, 4514.18, 23080, 320324, 35.98
AERON, SM, 18-Sep-2026, 80.00, 79.05, 80.95, 79.05, 80.95, 80.95, 79.68, 3000, 2.39, 3, 2000, 66.67
AERONEU, EQ, 18-Sep-2026, 66.61, 66.28, 68.00, 66.28, 66.93, 67.09, 67.07, 28643, 19.21, 314, 11695, 40.83
AEROPLANE, EQ, 18-Sep-2026, 193.70, 193.00, 203.25, 192.12, 202.01, 201.49, 200.24, 778122, 1558.09, 5213, 457370, 58.78
AETHER, EQ, 18-Sep-2026, 1623.30, 1624.30, 1651.30, 1618.10, 1625.20, 1630.00, 1638.19, 94450, 1547.27, 16936, 44465, 47.08
AFCONS, EQ, 18-Sep-2026, 267.30, 264.00, 264.40, 255.80, 262.95, 263.40, 260.51, 3352350, 8733.06, 51037, 1055025, 31.47
AFFLE, EQ, 18-Sep-2026, 1545.60, 1545.60, 1623.50, 1535.00, 1587.00, 1603.50, 1586.57, 434146, 6888.04, 28087, 270937, 62.41
AFFORDABLE, EQ, 18-Sep-2026, 167.31, 164.00, 175.00, 162.93, 173.00, 172.31, 169.59, 29285, 49.66, 748, 21774, 74.35
AFIL, EQ, 18-Sep-2026, 8.37, 8.96, 8.96, 8.34, 8.65, 8.61, 8.50, 302606, 25.72, 446, 206700, 68.31
AFSL, EQ, 18-Sep-2026, 201.00, 202.45, 202.45, 201.00, 201.00, 201.00, 201.04, 7974, 16.03, 50, 6727, 84.36
AGARIND, EQ, 18-Sep-2026, 407.75, 407.80, 417.90, 405.60, 413.50, 412.65, 409.31, 17291, 70.77, 1148, 9369, 54.18
AGARWALEYE, EQ, 18-Sep-2026, 500.15, 500.25, 503.00, 495.20, 502.90, 500.45, 498.94, 105331, 525.54, 9809, 60094, 57.05
AGARWALFT, SM, 18-Sep-2026, 26.70, 25.40, 26.00, 25.40, 26.00, 26.00, 25.95, 18000, 4.67, 2, 18000, 100.00
AGARWALTUF, SM, 18-Sep-2026, 159.70, 158.00, 162.00, 155.25, 156.10, 159.45, 159.89, 164400, 262.86, 78, 96000, 58.39
AGI, EQ, 18-Sep-2026, 733.75, 740.00, 756.00, 723.00, 745.00, 745.05, 737.71, 155939, 1150.38, 7688, 63070, 40.45
AGIIL, EQ, 18-Sep-2026, 266.15, 266.15, 274.00, 266.00, 270.45, 270.45, 270.26, 660624, 1785.37, 6964, 270957, 41.02
AGL, EQ, 18-Sep-2026, 13.88, 13.94, 14.11, 13.56, 13.87, 13.80, 13.79, 1221013, 168.34, 2944, 594947, 48.73
AGNI, SM, 18-Sep-2026, 15.50, 15.50, 15.50, 15.25, 15.25, 15.30, 15.37, 7500, 1.15, 3, 7500, 100.00
AGRITECH, EQ, 18-Sep-2026, 96.42, 97.80, 99.48, 97.55, 98.50, 98.33, 98.32, 1770, 1.74, 60, 1515, 85.59
AGROPHOS, EQ, 18-Sep-2026, 23.44, 24.38, 24.38, 22.51, 23.51, 23.64, 23.46, 5479, 1.29, 143, 4185, 76.38
AGSTRA, BZ, 18-Sep-2026, 1.95, 1.96, 1.98, 1.91, 1.95, 1.93, 1.94, 89160, 1.73, 162, -, -
AHCL, EQ, 18-Sep-2026, 21.84, 22.68, 24.78, 22.11, 23.10, 22.90, 23.56, 145565213, 34298.71, 576160, 15892901, 10.92
AHLADA, EQ, 18-Sep-2026, 39.33, 38.90, 39.64, 37.20, 38.39, 37.33, 37.74, 8224, 3.10, 172, 5838, 70.99
AHLEAST, EQ, 18-Sep-2026, 134.97, 135.12, 139.71, 132.01, 135.85, 135.59, 133.53, 5283, 7.05, 52, 4200, 79.50
AHLUCONT, EQ, 18-Sep-2026, 567.60, 568.00, 590.00, 564.00, 586.15, 584.70, 574.73, 63766, 366.48, 4071, 37148, 58.26
AHLWEST, BE, 18-Sep-2026, 551.95, 551.95, 551.95, 542.30, 544.25, 544.25, 546.79, 511, 2.79, 13, -, -
AIAENG, EQ, 18-Sep-2026, 3983.40, 3967.50, 4039.80, 3900.00, 4000.00, 3973.30, 3953.01, 75514, 2985.08, 18044, 40177, 53.20
AIIL, EQ, 18-Sep-2026, 527.20, 531.95, 562.00, 527.50, 561.00, 559.00, 552.64, 762508, 4213.93, 25530, 444779, 58.33
AILIMITED, SM, 18-Sep-2026, 18.15, 17.30, 17.30, 17.25, 17.25, 17.25, 17.28, 6000, 1.04, 2, 6000, 100.00
AIMTRON, SM, 18-Sep-2026, 1616.45, 1650.00, 1675.00, 1591.15, 1667.00, 1662.25, 1622.43, 42000, 681.42, 193, 29600, 70.48
AIRAN, EQ, 18-Sep-2026, 16.70, 16.59, 16.90, 16.20, 16.75, 16.69, 16.59, 56051, 9.30, 512, 37931, 67.67
AIROLAM, EQ, 18-Sep-2026, 86.15, 89.80, 92.00, 85.50, 89.00, 89.00, 89.47, 12571, 11.25, 115, 10475, 83.33
AISL, SM, 18-Sep-2026, 54.10, 54.10, 55.00, 54.10, 55.00, 55.00, 54.40, 1800, 0.98, 2, 1800, 100.00
AJANTPHARM, EQ, 18-Sep-2026, 3500.50, 3535.00, 3630.00, 3531.50, 3568.00, 3563.60, 3575.28, 201322, 7197.82, 37503, 120230, 59.72
AJAXENGG, EQ, 18-Sep-2026, 566.60, 563.00, 570.20, 554.00, 559.00, 559.75, 561.78, 86718, 487.16, 10311, 61864, 71.34
AJMERA, EQ, 18-Sep-2026, 113.80, 114.37, 116.90, 112.73, 115.50, 115.60, 114.74, 307767, 353.12, 3728, 166001, 53.94
AJOONI, EQ, 18-Sep-2026, 3.27, 3.24, 3.39, 3.24, 3.31, 3.28, 3.31, 714622, 23.68, 638, 502383, 70.30
AKANKSHA, SM, 18-Sep-2026, 133.00, 138.90, 139.65, 133.05, 139.65, 139.65, 138.43, 75000, 103.82, 71, 60000, 80.00
AKASH, EQ, 18-Sep-2026, 24.26, 24.70, 24.72, 24.27, 24.29, 24.29, 24.55, 2440, 0.60, 28, 1787, 73.24
AKCAPIT, EQ, 18-Sep-2026, 1748.40, 1731.40, 1755.00, 1701.30, 1745.00, 1746.40, 1737.73, 1185, 20.59, 185, 958, 80.84
AKG, EQ, 18-Sep-2026, 10.32, 10.48, 10.68, 10.02, 10.26, 10.37, 10.36, 8242, 0.85, 66, 7651, 92.83
AKI, BE, 18-Sep-2026, 5.82, 6.11, 6.11, 6.11, 6.11, 6.11, 6.11, 43619, 2.67, 69, -, -
AKIKO, SM, 18-Sep-2026, 421.05, 410.00, 420.45, 409.10, 416.10, 416.10, 413.74, 16000, 66.20, 19, 11200, 70.00
AKSHAR, EQ, 18-Sep-2026, 0.41, 0.42, 0.42, 0.41, 0.42, 0.41, 0.42, 990838, 4.13, 202, 783461, 79.07
AKSHARCHEM, BE, 18-Sep-2026, 373.50, 373.50, 392.15, 373.50, 392.15, 392.15, 388.19, 5797, 22.50, 101, -, -
AKSHOPTFBR, BE, 18-Sep-2026, 8.02, 8.00, 8.34, 7.72, 7.80, 7.84, 8.04, 346118, 27.84, 555, -, -
AKUMS, EQ, 18-Sep-2026, 766.70, 767.10, 790.00, 767.10, 779.05, 783.70, 778.83, 330477, 2573.85, 24523, 203792, 61.67
ALANKIT, EQ, 18-Sep-2026, 7.67, 7.95, 7.95, 7.60, 7.78, 7.74, 7.75, 109982, 8.52, 391, 83986, 76.36
ALBERTDAVD, EQ, 18-Sep-2026, 838.45, 835.15, 841.45, 831.00, 831.10, 833.60, 834.59, 1809, 15.10, 148, 1238, 68.44
ALCODIS, SM, 18-Sep-2026, 66.90, 66.30, 66.30, 62.60, 65.00, 65.00, 64.43, 4375, 2.82, 7, 3750, 85.71
ALEMBICLTD, EQ, 18-Sep-2026, 102.72, 102.10, 106.00, 102.10, 102.73, 102.63, 103.48, 829029, 857.92, 7966, 488620, 58.94
ALFREDHE, EQ, 18-Sep-2026, 2820.00, 2830.00, 2830.00, 2815.00, 2830.00, 2830.00, 2827.60, 52, 1.47, 11, 52, 100.00
ALGOQUANT, EQ, 18-Sep-2026, 70.13, 70.84, 76.20, 70.13, 72.67, 72.27, 73.27, 3786684, 2774.55, 20834, 847958, 22.39
ALICON, EQ, 18-Sep-2026, 695.15, 710.00, 735.00, 687.40, 726.00, 729.35, 714.39, 33801, 241.47, 2636, 17187, 50.85
ALIVUS, EQ, 18-Sep-2026, 1387.80, 1395.10, 1443.00, 1387.00, 1429.80, 1430.80, 1423.37, 304330, 4331.73, 22186, 195156, 64.13
ALKALI, EQ, 18-Sep-2026, 73.05, 73.06, 87.66, 72.05, 87.66, 87.66, 84.19, 133798, 112.65, 2217, 56778, 42.44
ALKEM, EQ, 18-Sep-2026, 5348.50, 5378.50, 5466.50, 5310.50, 5466.50, 5466.50, 5365.73, 320770, 17211.65, 21119, 244775, 76.31
ALKYLAMINE, EQ, 18-Sep-2026, 1843.80, 1846.50, 1878.00, 1838.90, 1878.00, 1863.00, 1858.94, 55371, 1029.31, 6365, 33269, 60.08
ALLCARGO, EQ, 18-Sep-2026, 11.03, 11.00, 11.32, 10.84, 11.12, 11.11, 11.05, 7521321, 831.12, 8263, 3023928, 40.20
ALLDIGI, EQ, 18-Sep-2026, 784.55, 788.50, 805.65, 767.50, 773.15, 776.30, 778.00, 12122, 94.31, 802, 8644, 71.31
ALLETEC, SM, 18-Sep-2026, 125.55, 122.25, 124.90, 121.90, 124.05, 124.05, 122.95, 18800, 23.12, 40, 14800, 78.72
ALLTIME, EQ, 18-Sep-2026, 208.01, 207.94, 218.00, 207.00, 207.51, 208.40, 210.12, 65171, 136.94, 2019, 31075, 47.68
ALMONDZ, EQ, 18-Sep-2026, 18.41, 19.24, 19.24, 17.92, 18.87, 18.52, 18.53, 264761, 49.07, 837, 167615, 63.31
ALOKINDS, EQ, 18-Sep-2026, 7.05, 7.05, 7.15, 6.98, 7.07, 7.05, 7.07, 21523794, 1521.75, 13334, 10337255, 48.03
ALPA, EQ, 18-Sep-2026, 59.64, 60.85, 60.85, 58.51, 60.35, 59.35, 59.26, 17399, 10.31, 211, 15424, 88.65
ALPEXSOLAR, SM, 18-Sep-2026, 911.60, 912.00, 921.00, 904.00, 913.00, 916.65, 914.71, 32500, 297.28, 224, 23700, 72.92
ALPHA, EQ, 18-Sep-2026, 52.86, 54.18, 54.18, 52.86, 53.79, 53.72, 53.59, 2753171, 1475.55, 3802, 2275356, 82.64
ALPHAETF, EQ, 18-Sep-2026, 26.02, 26.20, 26.46, 26.16, 26.39, 26.33, 26.33, 696150, 183.29, 603, 635878, 91.34
ALPHAGEO, BE, 18-Sep-2026, 294.95, 306.95, 306.95, 290.00, 292.50, 292.10, 294.67, 4155, 12.24, 130, -, -
ALPINETEX, EQ, 18-Sep-2026, 52.90, 52.05, 54.00, 52.05, 52.12, 52.66, 52.99, 133099, 70.53, 2003, 70508, 52.97
ALPL30IETF, EQ, 18-Sep-2026, 27.01, 27.01, 27.19, 26.98, 27.19, 27.04, 27.06, 241054, 65.23, 724, 95929, 39.80
ALUFLUOR, EQ, 18-Sep-2026, 492.20, 494.85, 542.50, 494.85, 538.00, 537.15, 528.88, 28768, 152.15, 1472, 19559, 67.99
ALUWIND, SM, 18-Sep-2026, 49.20, 49.95, 51.05, 49.50, 49.85, 49.85, 50.39, 16500, 8.31, 11, 13500, 81.82
AMAGI, EQ, 18-Sep-2026, 574.35, 574.35, 575.45, 559.20, 571.00, 569.50, 567.10, 232661, 1319.42, 9301, 113533, 48.80
AMAL, EQ, 18-Sep-2026, 723.00, 735.00, 749.00, 707.00, 716.00, 722.40, 721.62, 25482, 183.88, 1278, 18079, 70.95
AMANTA, BE, 18-Sep-2026, 189.95, 189.00, 189.95, 186.16, 189.95, 189.95, 189.29, 51926, 98.29, 160, -, -
AMARJOTHI, EQ, 18-Sep-2026, 148.88, 148.95, 149.95, 146.00, 148.84, 147.07, 146.29, 1260, 1.84, 38, 1106, 87.78
AMBAAUTO, SM, 18-Sep-2026, 98.35, 98.00, 98.00, 96.00, 96.00, 96.00, 97.00, 3000, 2.91, 3, 3000, 100.00
AMBALALSA, BE, 18-Sep-2026, 41.28, 41.48, 41.48, 39.22, 39.60, 39.97, 39.71, 84610, 33.60, 174, -, -
AMBER, EQ, 18-Sep-2026, 7046.00, 7080.50, 7164.50, 7075.00, 7125.00, 7125.00, 7129.18, 75972, 5416.18, 14601, 30421, 40.04
AMBICAAGAR, EQ, 18-Sep-2026, 25.14, 25.14, 25.62, 24.70, 24.80, 24.89, 24.89, 5850, 1.46, 58, 4237, 72.43
AMBIKCO, EQ, 18-Sep-2026, 1568.80, 1585.00, 1609.00, 1570.00, 1604.00, 1602.00, 1593.40, 8106, 129.16, 1421, 5266, 64.96
AMBUJACEM, EQ, 18-Sep-2026, 383.25, 384.55, 396.00, 383.90, 388.30, 388.30, 390.19, 2583375, 10080.08, 29542, 1292295, 50.02
AMCL, SM, 18-Sep-2026, 380.00, 395.00, 443.00, 380.00, 380.00, 384.40, 395.83, 36000, 142.50, 79, 28400, 78.89
AMDIND, BE, 18-Sep-2026, 66.58, 66.00, 66.00, 63.26, 63.26, 63.26, 63.43, 18035, 11.44, 126, -, -
AMEYA, SM, 18-Sep-2026, 135.80, 135.80, 142.55, 135.80, 142.55, 142.55, 140.19, 20000, 28.04, 17, 19000, 95.00
AMJLAND, EQ, 18-Sep-2026, 36.48, 36.44, 37.69, 36.30, 37.29, 37.18, 37.08, 691, 0.26, 47, 449, 64.98
AMNPLST, EQ, 18-Sep-2026, 163.00, 164.95, 190.00, 164.95, 170.99, 171.51, 174.68, 9478, 16.56, 643, 4303, 45.40
AMRUTANJAN, EQ, 18-Sep-2026, 491.00, 490.25, 497.00, 489.35, 495.00, 493.80, 493.33, 19221, 94.82, 1254, 10127, 52.69
ANANDRATHI, EQ, 18-Sep-2026, 2207.40, 2201.10, 2268.40, 2201.10, 2225.00, 2229.40, 2236.92, 880377, 19693.31, 65784, 483335, 54.90
ANANTAM, IV, 18-Sep-2026, 106.49, 107.50, 107.50, 106.07, 106.49, 106.44, 106.49, 24430, 26.02, 58, 23895, 97.81
ANANTRAJ, EQ, 18-Sep-2026, 596.90, 595.00, 607.50, 595.00, 606.00, 606.15, 602.42, 1464027, 8819.61, 23819, 470351, 32.13
ANAWIL, SM, 18-Sep-2026, 430.40, 430.00, 450.00, 430.00, 445.10, 445.40, 444.25, 158800, 705.47, 328, 116400, 73.30
ANDHRAPAP, EQ, 18-Sep-2026, 71.88, 71.60, 74.99, 71.38, 74.48, 74.62, 73.76, 950746, 701.29, 10316, 354227, 37.26
ANDHRSUGAR, EQ, 18-Sep-2026, 93.59, 93.59, 94.53, 91.75, 94.04, 94.10, 93.01, 257513, 239.51, 9304, 106593, 41.39
ANDREWYU, EQ, 18-Sep-2026, 26.08, 25.98, 26.66, 25.75, 26.01, 26.27, 26.31, 49555, 13.04, 410, 38816, 78.33
ANGELONE, EQ, 18-Sep-2026, 295.00, 295.00, 301.75, 295.00, 299.10, 299.10, 299.65, 3531096, 10580.91, 31620, 1453492, 41.16
ANIKINDS, EQ, 18-Sep-2026, 44.10, 42.25, 44.98, 42.25, 44.59, 44.59, 44.29, 6672, 2.96, 54, 6160, 92.33
ANKITMETAL, BZ, 18-Sep-2026, 1.70, 1.73, 1.73, 1.73, 1.73, 1.73, 1.73, 6003, 0.10, 9, -, -
ANLON, SM, 18-Sep-2026, 696.90, 717.00, 763.90, 714.00, 736.00, 742.20, 741.90, 21600, 160.25, 50, 18000, 83.33
ANMOL, BE, 18-Sep-2026, 14.77, 14.77, 15.10, 14.04, 14.49, 14.23, 14.47, 67425, 9.76, 171, -, -
ANNAPURNA, EQ, 18-Sep-2026, 136.08, 137.65, 138.06, 130.00, 132.00, 132.55, 132.84, 45381, 60.28, 1062, 28244, 62.24
ANNU, EQ, 18-Sep-2026, 49.28, 49.05, 52.40, 49.05, 50.50, 50.46, 50.99, 1339255, 682.91, 11172, 452460, 33.78
ANONDITA, SM, 18-Sep-2026, 1124.00, 1125.00, 1125.05, 1082.00, 1096.00, 1090.55, 1111.11, 82200, 913.33, 274, 60000, 72.99
ANSALAPI, BZ, 18-Sep-2026, 3.52, 3.59, 3.59, 3.55, 3.59, 3.59, 3.59, 18299, 0.66, 19, -, -
ANSALBU, EQ, 18-Sep-2026, 83.00, 82.99, 82.99, 78.00, 82.90, 78.97, 80.26, 110, 0.09, 5, 95, 86.36
ANTELOPUS, EQ, 18-Sep-2026, 1130.85, 1131.55, 1142.15, 1090.25, 1112.00, 1104.85, 1106.43, 555265, 6143.62, 26445, 98189, 17.68
ANTGRAPHIC, EQ, 18-Sep-2026, 0.71, 0.72, 0.74, 0.70, 0.71, 0.71, 0.71, 304156, 2.17, 184, 228205, 75.03
ANTHEM, EQ, 18-Sep-2026, 927.40, 934.00, 952.90, 916.55, 941.00, 928.50, 928.70, 5490000, 50985.65, 75546, 3815599, 69.50
ANUHPHR, EQ, 18-Sep-2026, 93.68, 94.14, 95.07, 92.00, 93.00, 93.48, 93.30, 95805, 89.38, 2405, 52837, 55.15
ANUP, EQ, 18-Sep-2026, 1646.60, 1646.60, 1683.00, 1613.70, 1637.50, 1638.30, 1650.09, 35387, 583.92, 3993, 21308, 60.21
ANURAS, EQ, 18-Sep-2026, 1181.30, 1179.10, 1219.00, 1179.10, 1208.00, 1207.70, 1203.33, 465185, 5597.73, 14336, 235302, 50.58
ANYA, SM, 18-Sep-2026, 15.25, 15.00, 18.30, 15.00, 18.30, 17.85, 16.64, 155000, 25.80, 27, 140000, 90.32
AONEGOLD, EQ, 18-Sep-2026, 14.04, 14.28, 14.33, 14.15, 14.27, 14.30, 14.29, 691851, 98.85, 1765, 431324, 62.34
AONELIQUID, EQ, 18-Sep-2026, 1077.17, 1077.55, 1077.59, 1077.55, 1077.57, 1077.58, 1077.59, 55374, 596.70, 73, 49580, 89.54
AONENIFTY, EQ, 18-Sep-2026, 9.63, 9.38, 9.82, 9.38, 9.66, 9.65, 9.65, 163521, 15.77, 1002, 101954, 62.35
AONESILVER, EQ, 18-Sep-2026, 8.66, 8.95, 8.99, 8.79, 8.97, 8.96, 8.89, 807684, 71.82, 1222, 517234, 64.04
AONETMMQ50, EQ, 18-Sep-2026, 10.12, 9.92, 10.24, 9.92, 10.15, 10.19, 10.18, 109369, 11.14, 264, 90966, 83.17
AONETOTAL, EQ, 18-Sep-2026, 11.62, 11.39, 11.83, 11.39, 11.65, 11.68, 11.66, 71974, 8.39, 823, 50863, 70.67
APARINDS, EQ, 18-Sep-2026, 17801.00, 17800.00, 19080.00, 17745.00, 18791.00, 18858.00, 18498.47, 271798, 50278.48, 72422, 119345, 43.91
APCL, EQ, 18-Sep-2026, 96.37, 99.50, 99.50, 96.94, 98.00, 97.85, 98.31, 14530, 14.28, 112, 12638, 86.98
APCOTEXIND, EQ, 18-Sep-2026, 599.40, 598.40, 612.85, 596.10, 609.00, 604.85, 606.72, 77596, 470.79, 4293, 40832, 52.62
APEX, EQ, 18-Sep-2026, 350.95, 351.20, 354.10, 342.00, 345.75, 345.35, 345.84, 103075, 356.47, 4301, 43012, 41.73
APEXECO, ST, 18-Sep-2026, 250.00, 257.00, 262.50, 252.50, 262.50, 262.50, 260.73, 17600, 45.89, 20, 17600, 100.00
APLAPOLLO, EQ, 18-Sep-2026, 2148.50, 2154.90, 2270.10, 2146.30, 2270.10, 2270.10, 2207.26, 1115754, 24627.56, 40097, 720174, 64.55
APLLTD, EQ, 18-Sep-2026, 826.00, 828.00, 860.00, 828.00, 845.00, 845.75, 848.43, 634938, 5387.03, 36030, 277683, 43.73
APOLLO, EQ, 18-Sep-2026, 378.25, 380.20, 391.80, 368.50, 370.70, 370.70, 379.21, 9146349, 34683.87, 91156, 3142423, 34.36
APOLLOHOSP, EQ, 18-Sep-2026, 8768.50, 8800.00, 8944.50, 8798.00, 8944.50, 8944.50, 8859.72, 344265, 30500.91, 32846, 260438, 75.65
APOLLOPIPE, EQ, 18-Sep-2026, 525.85, 525.05, 549.50, 522.35, 541.00, 543.60, 534.27, 313076, 1672.67, 7727, 153362, 48.99
APOLLOTYRE, EQ, 18-Sep-2026, 412.15, 414.75, 418.75, 407.90, 408.15, 409.30, 409.89, 2365364, 9695.43, 46689, 1322825, 55.92
APOLSINHOT, EQ, 18-Sep-2026, 1211.10, 1212.10, 1240.00, 1211.00, 1213.10, 1214.90, 1217.38, 374, 4.55, 46, 273, 72.99
APOORVA, EQ, 18-Sep-2026, 29.75, 31.20, 31.20, 29.00, 31.10, 31.05, 31.02, 1516, 0.47, 41, 1385, 91.36
APRAMEYA, SM, 18-Sep-2026, 113.45, 113.95, 113.95, 113.95, 113.95, 113.95, 113.95, 500, 0.57, 1, 500, 100.00
APS, SM, 18-Sep-2026, 230.05, 225.10, 234.60, 225.10, 230.50, 230.50, 231.72, 10250, 23.75, 34, 7250, 70.73
APSISAERO, ST, 18-Sep-2026, 576.35, 564.85, 564.85, 564.85, 564.85, 564.85, 564.85, 13200, 74.56, 9, 13200, 100.00
APTECHT, BE, 18-Sep-2026, 87.67, 87.67, 92.05, 87.01, 92.05, 92.05, 90.82, 85360, 77.52, 536, -, -
APTUS, EQ, 18-Sep-2026, 239.16, 239.20, 243.60, 233.12, 236.69, 237.68, 236.97, 3101354, 7349.41, 38600, 1964928, 63.36
AQYLON, EQ, 18-Sep-2026, 18.88, 19.18, 19.18, 17.94, 18.07, 17.98, 17.98, 38267346, 6880.49, 2528, 19975155, 52.20
ARABIAN, SM, 18-Sep-2026, 82.00, 85.00, 89.50, 85.00, 85.50, 85.50, 86.67, 6000, 5.20, 3, 6000, 100.00
ARCHIDPLY, EQ, 18-Sep-2026, 101.48, 102.24, 105.50, 102.21, 105.00, 104.80, 104.59, 14610, 15.28, 243, 13140, 89.94
ARCHIES, EQ, 18-Sep-2026, 12.25, 12.40, 12.40, 12.01, 12.21, 12.29, 12.25, 10999, 1.35, 138, 8041, 73.11
ARCIIL, SM, 18-Sep-2026, 34.95, 34.95, 36.75, 34.50, 34.50, 34.50, 35.04, 8000, 2.80, 5, 7000, 87.50
ARCIL, EQ, 18-Sep-2026, 137.02, 135.55, 138.70, 124.50, 136.00, 136.37, 133.13, 6345147, 8447.56, 76369, 2521140, 39.73
ARCL, EQ, 18-Sep-2026, 260.57, 260.46, 272.98, 250.00, 262.00, 262.00, 257.45, 3408, 8.77, 70, 2076, 60.92
ARDEE, EQ, 18-Sep-2026, 48.97, 49.00, 49.52, 48.36, 49.10, 49.28, 49.01, 1819919, 891.88, 8273, 690004, 37.91
ARE&M, EQ, 18-Sep-2026, 795.30, 795.30, 804.90, 790.30, 796.00, 796.00, 797.64, 760908, 6069.33, 41968, 438057, 57.57
ARENTERP, EQ, 18-Sep-2026, 34.20, 35.30, 35.30, 33.02, 33.02, 33.02, 34.69, 287, 0.10, 24, 242, 84.32
ARFIN, EQ, 18-Sep-2026, 87.88, 87.91, 94.23, 87.88, 89.50, 89.62, 91.65, 2628465, 2409.08, 16915, 932184, 35.46
ARHAM, SM, 18-Sep-2026, 209.35, 206.05, 209.95, 205.55, 207.00, 208.00, 207.14, 11000, 22.79, 11, 7000, 63.64
ARIES, BE, 18-Sep-2026, 477.60, 471.65, 488.05, 465.15, 473.50, 472.05, 476.45, 7855, 37.43, 171, -, -
ARIHANT, EQ, 18-Sep-2026, 896.70, 900.00, 947.40, 900.00, 903.10, 936.35, 926.32, 2240, 20.75, 434, 884, 39.46
ARIHANTACA, SM, 18-Sep-2026, 500.00, 500.00, 500.00, 500.00, 500.00, 500.00, 500.00, 3200, 16.00, 5, 3200, 100.00
ARIHANTCAP, EQ, 18-Sep-2026, 81.21, 80.71, 81.99, 79.31, 80.60, 80.29, 80.13, 109582, 87.80, 1386, 57816, 52.76
ARIHANTSUP, EQ, 18-Sep-2026, 228.95, 231.00, 231.00, 222.00, 229.80, 227.20, 225.48, 4595, 10.36, 113, 3510, 76.39
ARIS, EQ, 18-Sep-2026, 127.27, 129.60, 136.50, 129.10, 133.30, 133.33, 134.28, 3619098, 4859.59, 28219, 1276876, 35.28
ARKADE, EQ, 18-Sep-2026, 117.22, 117.00, 122.00, 117.00, 118.50, 118.85, 119.21, 162908, 194.20, 2479, 55304, 33.95
ARMANFIN, EQ, 18-Sep-2026, 1956.40, 1939.70, 1976.00, 1938.90, 1960.00, 1961.00, 1961.31, 11273, 221.10, 2414, 5792, 51.38
ARMOUR, ST, 18-Sep-2026, 16.60, 16.20, 16.20, 15.80, 15.85, 15.85, 15.91, 16000, 2.55, 8, 12000, 75.00
AROGRANITE, EQ, 18-Sep-2026, 23.10, 23.22, 23.69, 23.15, 23.15, 23.15, 23.20, 673, 0.16, 18, 662, 98.37
ARROWGREEN, EQ, 18-Sep-2026, 902.50, 899.00, 924.00, 877.90, 887.00, 889.25, 900.63, 50512, 454.93, 3043, 29447, 58.30
ARSHIYA, BZ, 18-Sep-2026, 0.74, 0.74, 0.74, 0.71, 0.72, 0.71, 0.71, 315671, 2.24, 97, -, -
ARSSBL, EQ, 18-Sep-2026, 500.55, 503.60, 503.60, 497.95, 502.00, 502.05, 500.94, 65352, 327.38, 2332, 38645, 59.13
ARTEMISMED, EQ, 18-Sep-2026, 330.85, 334.15, 344.95, 332.50, 338.60, 338.50, 340.08, 335686, 1141.59, 11217, 145968, 43.48
ARTNIRMAN, EQ, 18-Sep-2026, 40.57, 40.78, 40.78, 39.00, 39.00, 39.00, 40.14, 14, 0.01, 5, 9, 64.29
ARVEE, EQ, 18-Sep-2026, 172.08, 168.10, 176.50, 168.10, 173.42, 174.06, 174.93, 791, 1.38, 28, 609, 76.99
ARVIND, EQ, 18-Sep-2026, 541.60, 543.20, 554.80, 542.40, 548.35, 552.60, 549.99, 627060, 3448.76, 24969, 304338, 48.53
ARVINDFASN, EQ, 18-Sep-2026, 425.05, 429.00, 433.35, 422.00, 430.30, 428.10, 427.70, 132261, 565.68, 8713, 62450, 47.22
ARVINDPORT, SM, 18-Sep-2026, 39.60, 37.80, 37.80, 36.40, 36.50, 37.00, 37.08, 12000, 4.45, 8, 9000, 75.00
ARVSMART, EQ, 18-Sep-2026, 553.45, 553.45, 562.80, 540.35, 560.00, 550.10, 550.97, 118593, 653.41, 3688, 56252, 47.43
ARYAMAN, EQ, 18-Sep-2026, 610.00, 634.00, 634.00, 625.00, 633.50, 629.25, 633.66, 138, 0.87, 78, 138, 100.00
ASAHIINDIA, EQ, 18-Sep-2026, 950.70, 950.70, 968.00, 950.70, 960.00, 961.05, 960.74, 98471, 946.05, 10504, 45202, 45.90
ASAHISONG, BE, 18-Sep-2026, 365.15, 365.30, 380.00, 362.05, 373.00, 372.80, 373.93, 9338, 34.92, 187, -, -
ASAL, EQ, 18-Sep-2026, 445.85, 446.80, 452.50, 444.60, 447.50, 449.70, 447.91, 7762, 34.77, 335, 4616, 59.47
ASALCBR, EQ, 18-Sep-2026, 656.95, 658.05, 666.00, 649.05, 656.00, 659.55, 655.13, 20148, 132.00, 2443, 12149, 60.30
ASHAPURMIN, EQ, 18-Sep-2026, 517.60, 522.00, 527.25, 517.00, 525.00, 525.35, 523.20, 170804, 893.64, 6928, 74927, 43.87
ASHIANA, EQ, 18-Sep-2026, 351.45, 351.00, 366.70, 350.00, 357.30, 354.75, 357.50, 53770, 192.23, 1228, 36000, 66.95
ASHIKAG, BE, 18-Sep-2026, 408.30, 409.70, 418.00, 401.15, 402.00, 409.65, 406.01, 12384, 50.28, 139, -, -
ASHIMASYN, EQ, 18-Sep-2026, 16.12, 16.25, 16.40, 15.40, 15.57, 15.65, 15.74, 194419, 30.60, 646, 156308, 80.40
ASHOKA, EQ, 18-Sep-2026, 108.80, 108.80, 114.54, 108.20, 114.35, 113.43, 111.97, 780308, 873.75, 7885, 310827, 39.83
ASHOKAMET, EQ, 18-Sep-2026, 14.60, 14.81, 15.25, 14.54, 15.10, 15.10, 14.99, 58651, 8.79, 400, 34236, 58.37
ASHOKLEY, EQ, 18-Sep-2026, 158.62, 159.10, 163.12, 158.51, 163.00, 163.00, 162.06, 17546400, 28436.00, 56501, 12077095, 68.83
ASHUTOSH, ST, 18-Sep-2026, 148.60, 146.70, 156.00, 146.70, 156.00, 156.00, 154.90, 160800, 249.07, 120, 150000, 93.28
ASHWINI, SM, 18-Sep-2026, 167.50, 167.50, 168.00, 162.00, 162.50, 163.60, 164.79, 7000, 11.54, 7, 6000, 85.71
ASIANENE, EQ, 18-Sep-2026, 486.20, 490.10, 502.00, 478.50, 490.10, 492.25, 489.45, 232493, 1137.94, 9260, 102285, 43.99
ASIANHOTNR, EQ, 18-Sep-2026, 375.80, 376.90, 385.00, 371.00, 375.00, 374.90, 375.92, 25728, 96.72, 434, 22700, 88.23
ASIANPAINT, EQ, 18-Sep-2026, 2454.00, 2455.70, 2474.00, 2438.00, 2451.30, 2451.30, 2453.19, 1000730, 24549.84, 50142, 683121, 68.26
ASIANTILES, EQ, 18-Sep-2026, 49.97, 49.97, 51.29, 49.21, 50.80, 50.65, 50.25, 2493341, 1252.87, 7043, 1130035, 45.32
ASIANTNE, EQ, 18-Sep-2026, 9.34, 9.53, 9.78, 9.20, 9.28, 9.28, 9.28, 8933, 0.83, 52, 8149, 91.22
ASKAUTOLTD, EQ, 18-Sep-2026, 618.90, 620.00, 659.80, 620.00, 657.00, 656.25, 647.07, 515555, 3335.98, 26418, 219318, 42.54
ASMS, BE, 18-Sep-2026, 6.70, 6.79, 6.80, 6.62, 6.69, 6.66, 6.68, 166356, 11.12, 295, -, -
ASPINWALL, EQ, 18-Sep-2026, 255.00, 253.50, 255.00, 250.10, 251.55, 251.55, 252.09, 636, 1.60, 29, 513, 80.66
ASPIRE, SM, 18-Sep-2026, 12.45, 12.45, 12.45, 12.45, 12.45, 12.45, 12.45, 2000, 0.25, 1, 2000, 100.00
ASSAMENT, EQ, 18-Sep-2026, 780.00, 780.00, 780.00, 780.00, 780.00, 780.00, 780.00, 1, 0.01, 1, 1, 100.00
ASTAR, EQ, 18-Sep-2026, 672.80, 807.30, 807.35, 760.35, 807.35, 807.35, 803.27, 13851, 111.26, 699, 3632, 26.22
ASTEC, EQ, 18-Sep-2026, 755.15, 760.00, 767.60, 717.45, 720.50, 726.70, 730.80, 101375, 740.85, 5696, 24172, 23.84
ASTERDM, EQ, 18-Sep-2026, 760.65, 761.10, 769.60, 747.00, 753.20, 755.05, 756.57, 1616337, 12228.71, 29348, 1001132, 61.94
ASTRAL, EQ, 18-Sep-2026, 1398.90, 1400.00, 1427.70, 1397.50, 1427.70, 1427.70, 1411.52, 1389183, 19608.53, 46516, 910419, 65.54
ASTRAMICRO, EQ, 18-Sep-2026, 1607.80, 1611.00, 1650.60, 1611.00, 1641.00, 1631.20, 1627.10, 199551, 3246.90, 17381, 104900, 52.57
ASTRAZEN, EQ, 18-Sep-2026, 6669.00, 6678.00, 6769.00, 6678.00, 6720.00, 6751.50, 6737.39, 4635, 312.28, 1152, 2808, 60.58
ASTRON, BZ, 18-Sep-2026, 2.97, 2.99, 3.00, 2.89, 2.98, 2.96, 2.98, 6523, 0.19, 33, -, -
ATALREAL, EQ, 18-Sep-2026, 15.87, 14.29, 16.02, 14.29, 14.29, 14.36, 14.87, 18623657, 2770.12, 25139, 3568448, 19.16
ATAM, EQ, 18-Sep-2026, 59.29, 60.00, 60.00, 56.20, 57.02, 57.58, 57.75, 15055, 8.69, 366, 10695, 71.04
ATCENERGY, ST, 18-Sep-2026, 21.00, 20.75, 21.50, 20.65, 21.50, 21.50, 21.09, 8400, 1.77, 5, 8400, 100.00
ATGL, EQ, 18-Sep-2026, 587.00, 587.40, 674.80, 587.40, 657.60, 660.70, 652.61, 39305845, 256512.52, 586365, 2190454, 5.57
ATHERENERG, EQ, 18-Sep-2026, 1550.00, 1550.00, 1640.00, 1548.10, 1640.00, 1640.00, 1602.83, 5010015, 80301.80, 101482, 2198996, 43.89
ATL, EQ, 18-Sep-2026, 24.50, 24.21, 24.81, 24.20, 24.26, 24.24, 24.45, 95340, 23.31, 812, 56185, 58.93
ATLANTAA, EQ, 18-Sep-2026, 36.21, 36.21, 37.60, 35.40, 35.92, 36.04, 36.16, 24208, 8.75, 846, 19626, 81.07
ATLANTAELE, EQ, 18-Sep-2026, 1633.30, 1641.80, 1699.90, 1637.90, 1677.00, 1666.10, 1667.21, 104958, 1749.87, 12187, 49446, 47.11
ATLASCYCLE, EQ, 18-Sep-2026, 89.76, 89.05, 89.14, 87.60, 88.80, 88.19, 88.32, 16554, 14.62, 1075, 12364, 74.69
ATLPP, E1, 18-Sep-2026, 8.95, 8.91, 9.45, 8.80, 8.84, 9.06, 8.92, 1412, 0.13, 18, 1400, 99.15
ATMASTCO, SM, 18-Sep-2026, 128.50, 130.00, 131.90, 128.00, 128.00, 128.35, 130.07, 7600, 9.89, 15, 7600, 100.00
ATUL, EQ, 18-Sep-2026, 6133.50, 6133.50, 6201.00, 6110.50, 6146.00, 6170.50, 6161.10, 21266, 1310.22, 4263, 12884, 60.58
ATULAUTO, EQ, 18-Sep-2026, 441.40, 441.65, 453.00, 441.65, 447.50, 446.45, 446.16, 52416, 233.86, 2887, 19571, 37.34
AUBANK, EQ, 18-Sep-2026, 1039.30, 1040.50, 1058.60, 1033.30, 1058.60, 1058.60, 1043.98, 1251837, 13068.93, 28229, 811439, 64.82
AUGMONT, EQ, 18-Sep-2026, 811.10, 815.00, 884.00, 813.00, 875.00, 874.35, 858.55, 898791, 7716.56, 33798, 297171, 33.06
AURIONPRO, EQ, 18-Sep-2026, 705.00, 702.00, 704.40, 680.70, 688.00, 685.60, 689.09, 183275, 1262.93, 9511, 99283, 54.17
AUROIMPEX, SM, 18-Sep-2026, 32.15, 33.75, 33.75, 33.75, 33.75, 33.75, 33.75, 8000, 2.70, 5, 8000, 100.00
AUROPHARMA, EQ, 18-Sep-2026, 1690.00, 1683.20, 1734.00, 1676.10, 1734.00, 1734.00, 1697.50, 1209478, 20530.86, 30644, 678997, 56.14
AURUM, EQ, 18-Sep-2026, 221.11, 222.50, 222.50, 218.47, 221.00, 219.78, 219.93, 149650, 329.12, 1180, 128769, 86.05
AURUS, EQ, 18-Sep-2026, 4.72, 4.72, 4.96, 4.72, 4.78, 4.87, 4.88, 15310, 0.75, 70, 11256, 73.52
AUSL, SM, 18-Sep-2026, 23.05, 23.05, 23.05, 22.20, 22.20, 22.20, 22.63, 4000, 0.91, 2, 4000, 100.00
AUSOMENT, EQ, 18-Sep-2026, 149.23, 148.11, 154.00, 146.95, 148.19, 152.15, 151.07, 9808, 14.82, 161, 5954, 60.71
AUSTENG, EQ, 18-Sep-2026, 127.71, 130.00, 137.00, 130.00, 131.60, 131.41, 132.10, 2596, 3.43, 105, 1463, 56.36
AUTOAXLES, EQ, 18-Sep-2026, 1679.40, 1687.30, 1712.90, 1661.40, 1705.00, 1701.20, 1694.67, 4894, 82.94, 515, 2292, 46.83
AUTOBEES, EQ, 18-Sep-2026, 282.40, 282.41, 283.66, 281.55, 282.78, 282.71, 282.40, 85935, 242.68, 1665, 40128, 46.70
AUTOIETF, EQ, 18-Sep-2026, 28.30, 28.30, 28.40, 28.22, 28.36, 28.35, 28.31, 993774, 281.33, 1483, 591642, 59.53
AUTOIND, EQ, 18-Sep-2026, 78.10, 79.40, 79.41, 77.37, 78.10, 78.34, 78.37, 88494, 69.36, 1090, 58747, 66.39
AVADHSUGAR, EQ, 18-Sep-2026, 721.00, 721.00, 739.60, 708.00, 735.95, 730.45, 721.63, 74170, 535.23, 3919, 31599, 42.60
AVALON, EQ, 18-Sep-2026, 2230.00, 2236.20, 2618.00, 2218.30, 2602.00, 2537.70, 2475.49, 4310981, 106718.11, 245026, 1369122, 31.76
AVANA, ST, 18-Sep-2026, 137.00, 140.00, 140.00, 139.00, 140.00, 140.00, 139.79, 10000, 13.98, 5, 10000, 100.00
AVANCE, EQ, 18-Sep-2026, 0.78, 0.78, 0.83, 0.77, 0.81, 0.80, 0.80, 2535570, 20.32, 1469, 1533767, 60.49
AVANTEL, EQ, 18-Sep-2026, 146.37, 146.37, 148.53, 146.30, 147.60, 147.23, 147.30, 619077, 911.93, 8865, 251485, 40.62
AVANTIFEED, EQ, 18-Sep-2026, 770.85, 772.00, 778.35, 754.00, 773.00, 774.45, 767.15, 318512, 2443.46, 21382, 143395, 45.02
AVATAR, ST, 18-Sep-2026, 218.45, 207.55, 229.35, 207.55, 207.55, 208.15, 211.03, 26000, 54.87, 13, 24000, 92.31
AVG, BE, 18-Sep-2026, 170.50, 170.50, 173.90, 168.30, 170.00, 170.11, 171.72, 2793, 4.80, 49, -, -
AVIANSH, SM, 18-Sep-2026, 102.50, 103.00, 103.00, 103.00, 103.00, 103.00, 103.00, 1000, 1.03, 1, 1000, 100.00
AVIENCE, SM, 18-Sep-2026, 334.80, 334.00, 343.00, 331.50, 343.00, 342.40, 338.25, 13800, 46.68, 21, 8400, 60.87
AVL, EQ, 18-Sep-2026, 633.25, 638.00, 642.00, 630.60, 639.95, 636.95, 636.54, 147990, 942.02, 9352, 65121, 44.00
AVONMORE, EQ, 18-Sep-2026, 12.02, 12.20, 12.50, 12.09, 12.35, 12.46, 12.30, 98361, 12.10, 1100, 45032, 45.78
AVPINFRA, SM, 18-Sep-2026, 57.80, 60.00, 60.00, 57.25, 57.35, 57.50, 57.95, 13600, 7.88, 15, 12800, 94.12
AVROIND, EQ, 18-Sep-2026, 7.84, 7.90, 8.10, 7.66, 7.96, 7.94, 7.88, 153863, 12.12, 519, 112636, 73.21
AVTNPL, EQ, 18-Sep-2026, 85.45, 85.50, 86.78, 85.50, 85.99, 85.70, 85.98, 59925, 51.52, 927, 34195, 57.06
AWFIS, EQ, 18-Sep-2026, 264.70, 264.70, 279.00, 263.50, 277.50, 275.75, 271.20, 539359, 1462.73, 11735, 246254, 45.66
AWHCL, EQ, 18-Sep-2026, 379.60, 385.00, 385.30, 362.30, 366.00, 364.90, 370.05, 403982, 1494.95, 17820, 91625, 22.68
AWL, EQ, 18-Sep-2026, 184.04, 184.04, 187.55, 183.49, 187.05, 186.98, 186.31, 2593357, 4831.76, 23194, 1552856, 59.88
AXISBANK, EQ, 18-Sep-2026, 1240.00, 1244.00, 1257.00, 1240.50, 1257.00, 1257.00, 1249.52, 5693016, 71135.14, 106154, 4627220, 81.28
AXISCADES, EQ, 18-Sep-2026, 1852.30, 1872.00, 1879.00, 1785.70, 1807.00, 1811.20, 1837.33, 286095, 5256.51, 21747, 126312, 44.15
AXITA, EQ, 18-Sep-2026, 7.99, 8.02, 8.02, 7.96, 8.01, 7.99, 8.00, 327258, 26.17, 569, 154753, 47.29
AXTEL, EQ, 18-Sep-2026, 443.65, 444.25, 444.25, 431.50, 440.00, 440.05, 440.09, 7910, 34.81, 190, 6831, 86.36
AYE, EQ, 18-Sep-2026, 180.98, 181.64, 188.52, 180.00, 186.15, 185.72, 185.57, 854592, 1585.87, 19876, 392060, 45.88
AYMSYNTEX, EQ, 18-Sep-2026, 281.95, 280.05, 286.80, 278.40, 279.90, 283.15, 281.73, 33688, 94.91, 1233, 21116, 62.68
AZAD, EQ, 18-Sep-2026, 2605.30, 2605.30, 2816.00, 2605.30, 2777.00, 2790.30, 2746.07, 700873, 19246.49, 51866, 283096, 40.39
AZADIND, EQ, 18-Sep-2026, 85.07, 85.04, 88.49, 80.34, 82.54, 82.18, 84.98, 36707, 31.19, 708, 5870, 15.99
BABAFP, SM, 18-Sep-2026, 23.95, 22.75, 23.10, 22.75, 23.10, 23.10, 22.93, 3200, 0.73, 2, 3200, 100.00
BAFNAPH, BE, 18-Sep-2026, 311.00, 317.20, 317.20, 317.20, 317.20, 317.20, 317.20, 6714, 21.30, 19, -, -
BAGFILMS, EQ, 18-Sep-2026, 4.32, 4.40, 4.56, 4.30, 4.43, 4.35, 4.38, 58850, 2.58, 129, 30409, 51.67
BAGMANE, RR, 18-Sep-2026, 109.89, 110.29, 110.69, 106.98, 108.30, 107.49, 107.93, 5292708, 5712.28, 21568, 3587052, 67.77
BAHETI, SM, 18-Sep-2026, 743.80, 750.00, 783.00, 750.00, 773.25, 776.10, 761.74, 22500, 171.39, 47, 15000, 66.67
BAIDFIN, EQ, 18-Sep-2026, 10.55, 10.69, 11.43, 10.45, 10.86, 10.89, 11.04, 238710, 26.35, 823, 85580, 35.85
BAJAJ-AUTO, EQ, 18-Sep-2026, 11500.00, 11501.00, 11540.00, 11406.00, 11414.00, 11414.00, 11447.30, 296757, 33970.66, 32564, 221542, 74.65
BAJAJCON, EQ, 18-Sep-2026, 502.45, 500.00, 524.95, 495.45, 515.00, 512.15, 514.41, 942030, 4845.94, 27335, 437867, 46.48
BAJAJELEC, EQ, 18-Sep-2026, 325.30, 323.30, 329.25, 321.00, 323.70, 323.05, 323.38, 113896, 368.31, 3841, 60007, 52.69
BAJAJFINSV, EQ, 18-Sep-2026, 1859.20, 1857.20, 1872.60, 1852.50, 1852.50, 1852.50, 1859.61, 719520, 13380.28, 33704, 504220, 70.08
BAJAJHCARE, EQ, 18-Sep-2026, 328.35, 329.00, 332.65, 326.50, 330.00, 330.55, 329.24, 42148, 138.77, 1700, 24008, 56.96
BAJAJHFL, EQ, 18-Sep-2026, 82.70, 82.83, 86.45, 82.71, 85.65, 85.58, 84.65, 5168608, 4375.13, 28378, 2891361, 55.94
BAJAJHIND, EQ, 18-Sep-2026, 19.38, 19.38, 19.80, 19.01, 19.60, 19.53, 19.26, 14869475, 2864.32, 15961, 3276702, 22.04
BAJAJHLDNG, EQ, 18-Sep-2026, 11010.00, 11094.00, 11363.00, 11070.00, 11282.00, 11282.00, 11252.20, 56100, 6312.49, 12744, 35406, 63.11
BAJAJINDEF, EQ, 18-Sep-2026, 221.00, 220.24, 221.59, 214.60, 214.60, 214.94, 215.76, 29344, 63.31, 795, 22459, 76.54
BAJAJST, EQ, 18-Sep-2026, 353.45, 358.65, 358.80, 348.80, 352.80, 352.20, 352.29, 4283, 15.09, 393, 2539, 59.28
BAJEL, EQ, 18-Sep-2026, 173.08, 173.00, 175.89, 170.10, 170.65, 171.91, 172.85, 153833, 265.90, 2157, 93763, 60.95
BAJFINANCE, EQ, 18-Sep-2026, 1015.00, 1025.90, 1040.30, 1019.10, 1040.30, 1040.30, 1030.46, 8201656, 84514.81, 121018, 6226077, 75.91
BALAJEE, EQ, 18-Sep-2026, 25.03, 25.01, 25.50, 24.82, 25.50, 25.31, 25.15, 22788, 5.73, 245, 16593, 72.81
BALAJIPHOS, SM, 18-Sep-2026, 116.95, 116.95, 116.95, 116.95, 116.95, 116.95, 116.95, 1000, 1.17, 1, 1000, 100.00
BALAJITELE, EQ, 18-Sep-2026, 95.97, 95.33, 96.99, 93.60, 96.80, 95.25, 95.55, 146529, 140.00, 1908, 64560, 44.06
BALAMINES, EQ, 18-Sep-2026, 2148.90, 2155.00, 2196.80, 2142.10, 2169.00, 2171.50, 2174.13, 97030, 2109.56, 10157, 33427, 34.45
BALAXI, EQ, 18-Sep-2026, 23.04, 22.70, 23.60, 22.70, 23.41, 23.55, 23.44, 17900, 4.20, 130, 14501, 81.01
BALKRISHNA, EQ, 18-Sep-2026, 16.66, 16.66, 16.93, 16.31, 16.74, 16.43, 16.49, 8085, 1.33, 85, 4388, 54.27
BALKRISIND, EQ, 18-Sep-2026, 2170.80, 2170.70, 2296.00, 2166.00, 2276.90, 2265.30, 2247.23, 616772, 13860.28, 53578, 392708, 63.67
BALMLAWRIE, EQ, 18-Sep-2026, 162.47, 163.50, 169.00, 162.84, 168.01, 167.41, 165.39, 149297, 246.92, 1842, 102566, 68.70
BALPHARMA, EQ, 18-Sep-2026, 102.46, 102.88, 103.94, 100.10, 100.21, 100.67, 101.53, 24581, 24.96, 444, 16083, 65.43
BALRAMCHIN, EQ, 18-Sep-2026, 675.70, 676.60, 679.90, 662.00, 677.00, 672.60, 669.90, 1086980, 7281.64, 24381, 324375, 29.84
BALUFORGE, EQ, 18-Sep-2026, 501.60, 504.00, 525.80, 504.00, 523.75, 522.15, 518.42, 1043655, 5410.52, 27152, 505121, 48.40
BANARBEADS, EQ, 18-Sep-2026, 110.54, 110.85, 114.20, 110.85, 113.50, 113.05, 112.64, 790, 0.89, 51, 330, 41.77
BANARISUG, EQ, 18-Sep-2026, 3302.80, 3290.90, 3329.40, 3290.90, 3315.00, 3316.70, 3317.00, 629, 20.86, 127, 515, 81.88
BANCOINDIA, EQ, 18-Sep-2026, 593.05, 596.00, 608.65, 596.00, 603.90, 604.00, 603.98, 92889, 561.03, 5902, 52347, 56.35
BANDHANBNK, EQ, 18-Sep-2026, 171.50, 173.00, 178.30, 172.50, 175.00, 175.00, 176.56, 20360613, 35948.78, 69527, 12181525, 59.83
BANG, EQ, 18-Sep-2026, 33.19, 33.85, 34.85, 33.26, 33.40, 33.50, 33.87, 35579, 12.05, 236, 13485, 37.90
BANK10ADD, EQ, 18-Sep-2026, 16.52, 16.54, 16.66, 16.52, 16.65, 16.62, 16.61, 3296, 0.55, 69, 1773, 53.79
BANK10BETF, EQ, 18-Sep-2026, 20.27, 20.22, 20.52, 20.22, 20.44, 20.47, 20.40, 6250, 1.28, 19, 5199, 83.18
BANKA, EQ, 18-Sep-2026, 77.20, 77.20, 81.00, 75.60, 81.00, 79.96, 77.39, 1630, 1.26, 28, 1425, 87.42
BANKADD, EQ, 18-Sep-2026, 57.45, 57.53, 57.88, 57.42, 57.62, 57.63, 57.58, 10688, 6.15, 51, 8884, 83.12
BANKBARODA, EQ, 18-Sep-2026, 232.30, 233.56, 234.94, 231.92, 234.94, 234.94, 233.52, 7110561, 16604.69, 37155, 4640856, 65.27
BANKBEES, EQ, 18-Sep-2026, 581.64, 583.00, 584.89, 581.78, 584.00, 583.58, 583.19, 369452, 2154.60, 4904, 248974, 67.39
BANKBETA, EQ, 18-Sep-2026, 58.07, 58.17, 58.46, 58.08, 58.18, 58.37, 58.31, 39047, 22.77, 262, 26831, 68.71
BANKBETF, EQ, 18-Sep-2026, 57.10, 55.96, 57.50, 55.96, 57.15, 57.30, 57.12, 6890, 3.94, 218, 3581, 51.97
BANKETF, EQ, 18-Sep-2026, 572.55, 571.20, 576.40, 571.20, 574.25, 574.99, 574.16, 12315, 70.71, 1271, 4220, 34.27
BANKIETF, EQ, 18-Sep-2026, 57.80, 58.00, 58.03, 57.68, 57.80, 57.90, 57.88, 95206, 55.11, 952, 55235, 58.02
BANKINDIA, EQ, 18-Sep-2026, 138.17, 138.78, 140.00, 138.02, 140.00, 140.00, 139.18, 4269930, 5942.98, 22262, 2634281, 61.69
BANKNIFTY1, EQ, 18-Sep-2026, 58.29, 58.29, 58.64, 58.29, 58.56, 58.54, 58.51, 106721, 62.44, 556, 66385, 62.20
BANKPSU, EQ, 18-Sep-2026, 83.41, 83.49, 83.96, 83.35, 83.82, 83.89, 83.65, 13954, 11.67, 64, 6471, 46.37
BANSALWIRE, EQ, 18-Sep-2026, 313.25, 310.40, 320.00, 306.30, 315.00, 310.60, 312.57, 81678, 255.30, 3678, 38533, 47.18
BANSWRAS, EQ, 18-Sep-2026, 110.32, 111.95, 112.10, 105.99, 110.50, 108.49, 108.35, 57722, 62.54, 1165, 31884, 55.24
BARFLEX, SM, 18-Sep-2026, 59.85, 60.90, 62.00, 60.00, 62.00, 62.00, 60.81, 12000, 7.30, 6, 8000, 66.67
BASF, EQ, 18-Sep-2026, 3601.60, 3617.00, 3641.60, 3566.50, 3608.00, 3605.70, 3595.27, 35931, 1291.82, 4647, 17045, 47.44
BASILIC, SM, 18-Sep-2026, 179.35, 179.00, 188.00, 173.65, 174.00, 178.10, 180.23, 14100, 25.41, 33, 12000, 85.11
BASML, BE, 18-Sep-2026, 23.78, 24.15, 24.15, 23.25, 23.35, 23.47, 23.66, 18457, 4.37, 95, -, -
BATAINDIA, EQ, 18-Sep-2026, 636.65, 639.95, 656.00, 624.90, 646.10, 638.30, 636.31, 1089830, 6934.73, 25782, 501482, 46.01
BATLIBOI, EQ, 18-Sep-2026, 78.73, 81.80, 81.89, 78.11, 81.40, 81.09, 79.68, 54989, 43.81, 1797, 25187, 45.80
BAWEJA, SM, 18-Sep-2026, 23.00, 23.50, 23.95, 22.00, 22.10, 22.10, 22.55, 11200, 2.53, 14, 9600, 85.71
BAYERCROP, EQ, 18-Sep-2026, 3893.40, 3891.00, 3899.10, 3761.10, 3771.00, 3779.50, 3816.86, 87483, 3339.11, 14367, 60642, 69.32
BBETF0432, EQ, 18-Sep-2026, 1340.89, 1340.79, 1343.44, 1335.89, 1336.70, 1337.80, 1339.21, 437, 5.85, 42, 291, 66.59
BBL, EQ, 18-Sep-2026, 2203.40, 2180.30, 2219.00, 2180.30, 2219.00, 2207.90, 2201.14, 15471, 340.54, 3285, 8582, 55.47
BBNPNBETF, EQ, 18-Sep-2026, 56.62, 55.49, 57.02, 55.49, 56.75, 56.75, 56.37, 372, 0.21, 21, 283, 76.08
BBNPPGOLD, EQ, 18-Sep-2026, 145.45, 148.70, 148.70, 145.00, 147.85, 147.95, 146.75, 5669, 8.32, 56, 5134, 90.56
BBOX, EQ, 18-Sep-2026, 766.40, 770.00, 804.00, 764.55, 801.00, 801.15, 792.24, 640804, 5076.72, 31981, 222205, 34.68
BBTC, EQ, 18-Sep-2026, 1399.40, 1409.70, 1534.20, 1409.70, 1512.50, 1512.10, 1493.84, 2468226, 36871.38, 127160, 104016, 4.21
BBTCL, EQ, 18-Sep-2026, 230.63, 235.89, 235.89, 227.00, 231.98, 230.53, 232.48, 509, 1.18, 33, 495, 97.25
BCG, EQ, 18-Sep-2026, 9.86, 9.90, 10.39, 9.87, 10.33, 10.26, 10.13, 9727064, 984.92, 6564, 4304466, 44.25
BCLIND, EQ, 18-Sep-2026, 33.17, 33.12, 33.39, 32.63, 33.00, 33.06, 32.99, 347328, 114.57, 2459, 188601, 54.30
BCONCEPTS, EQ, 18-Sep-2026, 154.23, 157.01, 157.03, 150.30, 155.00, 153.10, 152.31, 5600, 8.53, 331, 4172, 74.50
BCPL, EQ, 18-Sep-2026, 67.63, 68.95, 68.95, 65.81, 67.34, 66.92, 66.58, 10426, 6.94, 344, 8514, 81.66
BDL, EQ, 18-Sep-2026, 1151.90, 1151.90, 1196.60, 1151.00, 1196.60, 1196.60, 1171.36, 741593, 8686.69, 25146, 263144, 35.48
BEACON, SM, 18-Sep-2026, 78.00, 78.00, 81.00, 78.00, 81.00, 81.00, 78.78, 4000, 3.15, 4, 4000, 100.00
BEARDSELL, EQ, 18-Sep-2026, 24.23, 24.95, 24.95, 23.56, 24.50, 23.87, 24.16, 11453, 2.77, 277, 10132, 88.47
BECTORFOOD, EQ, 18-Sep-2026, 220.81, 222.55, 224.50, 217.34, 223.07, 221.55, 220.52, 1369086, 3019.04, 26747, 575938, 42.07
BEDMUTHA, EQ, 18-Sep-2026, 104.98, 104.98, 106.00, 102.50, 104.40, 104.74, 105.33, 2278, 2.40, 31, 2067, 90.74
BEEKAY, EQ, 18-Sep-2026, 426.55, 421.25, 439.35, 420.30, 430.00, 430.05, 428.94, 1478, 6.34, 101, 1342, 90.80
BEL, EQ, 18-Sep-2026, 395.45, 397.40, 399.20, 393.30, 393.30, 393.30, 396.85, 11862641, 47077.23, 99011, 6761334, 57.00
BELLACASA, EQ, 18-Sep-2026, 255.25, 259.00, 263.23, 250.35, 262.50, 262.53, 258.16, 9510, 24.55, 738, 4003, 42.09
BELRISE, EQ, 18-Sep-2026, 229.37, 230.15, 242.89, 229.62, 242.50, 240.18, 238.33, 10829670, 25810.27, 71874, 6525639, 60.26
BEML, EQ, 18-Sep-2026, 2013.30, 2030.40, 2155.00, 2030.40, 2134.50, 2135.00, 2097.34, 1380251, 28948.57, 89759, 348655, 25.26
BENARAS, EQ, 18-Sep-2026, 10800.00, 10612.00, 10700.00, 10551.00, 10625.00, 10588.00, 10672.30, 37, 3.95, 8, 33, 89.19
BENGALASM, EQ, 18-Sep-2026, 6212.50, 6213.00, 6241.50, 6195.00, 6196.00, 6199.50, 6213.28, 151, 9.38, 79, 63, 41.72
BEPL, EQ, 18-Sep-2026, 127.47, 127.56, 130.30, 126.62, 128.36, 128.95, 128.56, 834218, 1072.51, 6728, 392360, 47.03
BERGEPAINT, EQ, 18-Sep-2026, 448.60, 449.95, 461.80, 448.60, 458.00, 458.65, 456.79, 1220340, 5574.35, 41012, 803285, 65.82
BESTAGRO, EQ, 18-Sep-2026, 18.42, 18.61, 18.70, 18.25, 18.50, 18.51, 18.54, 285469, 52.93, 1548, 172297, 60.36
BETA, EQ, 18-Sep-2026, 2095.00, 2095.20, 2147.90, 2025.00, 2065.00, 2055.20, 2084.57, 14462, 301.47, 1961, 8025, 55.49
BEWLTD, SM, 18-Sep-2026, 48.60, 49.00, 50.50, 49.00, 50.00, 49.15, 49.67, 56000, 27.81, 63, 53500, 95.54
BFINVEST, EQ, 18-Sep-2026, 438.95, 437.35, 452.40, 436.35, 445.70, 445.25, 445.18, 25663, 114.25, 1391, 8196, 31.94
BFSI, EQ, 18-Sep-2026, 26.38, 27.03, 27.03, 26.38, 26.59, 26.58, 26.52, 75368, 19.99, 503, 42200, 55.99
BFUTILITIE, EQ, 18-Sep-2026, 521.05, 523.95, 564.75, 523.95, 537.00, 542.00, 546.02, 206053, 1125.10, 8008, 48316, 23.45
BGRENERGY, BE, 18-Sep-2026, 243.45, 251.00, 255.62, 251.00, 255.62, 255.62, 254.62, 60331, 153.62, 378, -, -
BHADORA, ST, 18-Sep-2026, 117.70, 115.00, 123.55, 115.00, 122.90, 122.90, 120.58, 19200, 23.15, 16, 19200, 100.00
BHAGCHEM, EQ, 18-Sep-2026, 247.95, 246.80, 251.95, 245.10, 246.00, 246.85, 248.95, 146748, 365.33, 1250, 124540, 84.87
BHAGERIA, BE, 18-Sep-2026, 318.85, 334.75, 334.75, 325.00, 334.75, 334.75, 334.30, 62603, 209.28, 385, -, -
BHAGYANGR, EQ, 18-Sep-2026, 446.50, 465.00, 467.90, 438.00, 447.00, 446.70, 453.22, 329482, 1493.29, 11031, 180117, 54.67
BHANDARI, EQ, 18-Sep-2026, 2.98, 2.96, 3.03, 2.96, 2.98, 2.99, 2.98, 92258, 2.75, 241, 83841, 90.88
BHARATCOAL, EQ, 18-Sep-2026, 32.14, 32.24, 32.95, 32.20, 32.85, 32.69, 32.47, 3195446, 1037.49, 13133, 1601454, 50.12
BHARATFORG, EQ, 18-Sep-2026, 1918.70, 1940.10, 1994.90, 1940.10, 1962.10, 1962.10, 1977.31, 1602315, 31682.74, 59994, 675949, 42.19
BHARATGEAR, BE, 18-Sep-2026, 101.30, 100.20, 102.40, 100.15, 100.46, 100.51, 100.74, 6382, 6.43, 109, -, -
BHARATRAS, EQ, 18-Sep-2026, 1164.00, 1169.50, 1182.10, 1155.00, 1164.40, 1168.80, 1171.50, 11371, 133.21, 1529, 5681, 49.96
BHARATSE, EQ, 18-Sep-2026, 209.22, 210.72, 215.82, 210.26, 214.00, 214.02, 213.28, 96601, 206.03, 4512, 41471, 42.93
BHARATWIRE, EQ, 18-Sep-2026, 171.69, 173.06, 174.18, 169.97, 172.00, 173.05, 172.04, 72882, 125.39, 1927, 34937, 47.94
BHARTIARTL, EQ, 18-Sep-2026, 1836.00, 1843.00, 1893.30, 1835.30, 1893.30, 1893.30, 1874.10, 14189780, 265930.41, 75788, 12483302, 87.97
BHARTIHEXA, EQ, 18-Sep-2026, 1481.10, 1482.00, 1558.90, 1477.80, 1540.00, 1540.10, 1524.04, 307475, 4686.05, 28580, 208156, 67.70
BHEL, EQ, 18-Sep-2026, 429.20, 428.40, 439.90, 427.25, 439.90, 439.90, 434.13, 7669374, 33295.24, 56329, 3865871, 50.41
BI, BE, 18-Sep-2026, 102.50, 107.62, 107.62, 104.20, 107.62, 107.62, 107.49, 75195, 80.83, 223, -, -
BIGBLOC, EQ, 18-Sep-2026, 39.45, 39.80, 40.92, 39.80, 40.50, 40.40, 40.21, 25873, 10.40, 341, 18994, 73.41
BIKAJI, EQ, 18-Sep-2026, 552.65, 553.00, 592.00, 550.40, 576.20, 580.25, 574.86, 153843, 884.38, 7876, 72103, 46.87
BIKEWO, ST, 18-Sep-2026, 112.20, 114.00, 116.60, 112.00, 116.60, 116.00, 114.72, 86000, 98.66, 40, 76000, 88.37
BIL, EQ, 18-Sep-2026, 1023.45, 1044.40, 1079.90, 1012.30, 1057.00, 1040.85, 1048.93, 9486, 99.50, 892, 5026, 52.98
BILVYAPAR, BE, 18-Sep-2026, 4.15, 4.15, 4.33, 4.02, 4.29, 4.29, 4.28, 14009, 0.60, 25, -, -
BIMETAL, EQ, 18-Sep-2026, 641.30, 654.00, 654.00, 640.00, 640.00, 640.20, 645.01, 332, 2.14, 21, 188, 56.63
BIOCON, EQ, 18-Sep-2026, 380.00, 380.05, 388.00, 379.30, 385.00, 385.00, 384.57, 7901211, 30385.98, 26851, 6325497, 80.06
BIOFILCHEM, EQ, 18-Sep-2026, 32.86, 32.70, 33.49, 32.00, 32.76, 32.83, 32.81, 16681, 5.47, 473, 9379, 56.23
BIOPOL, SM, 18-Sep-2026, 46.90, 46.90, 46.90, 45.50, 45.50, 45.75, 45.97, 10800, 4.96, 9, 10800, 100.00
BIRET, RR, 18-Sep-2026, 338.66, 339.75, 340.24, 338.40, 338.95, 338.57, 338.74, 752548, 2549.17, 16120, 531078, 70.57
BIRLACABLE, EQ, 18-Sep-2026, 401.65, 414.85, 418.80, 390.00, 408.40, 409.50, 408.65, 573898, 2345.22, 15848, 265221, 46.21
BIRLACORPN, EQ, 18-Sep-2026, 811.15, 815.00, 842.15, 804.80, 821.00, 823.60, 820.44, 124135, 1018.45, 12615, 49712, 40.05
BIRLAMONEY, EQ, 18-Sep-2026, 120.63, 120.65, 121.80, 118.41, 121.80, 120.49, 120.32, 18286, 22.00, 708, 10390, 56.82
BIRLANU, EQ, 18-Sep-2026, 1381.10, 1395.00, 1400.00, 1365.10, 1399.90, 1380.10, 1377.65, 5947, 81.93, 831, 3576, 60.13
BIRLAPREC, BE, 18-Sep-2026, 58.60, 58.49, 58.60, 56.16, 57.00, 57.08, 57.36, 71985, 41.29, 525, -, -
BLACKBUCK, EQ, 18-Sep-2026, 611.50, 616.00, 645.00, 609.00, 629.00, 632.40, 632.95, 1667349, 10553.56, 55103, 778084, 46.67
BLACKROSE, BE, 18-Sep-2026, 103.21, 103.20, 107.65, 102.80, 107.40, 106.41, 104.12, 14457, 15.05, 207, -, -
BLAL, EQ, 18-Sep-2026, 162.37, 162.47, 164.99, 160.01, 163.30, 162.99, 162.29, 20633, 33.48, 510, 15205, 73.69
BLBLIMITED, EQ, 18-Sep-2026, 15.99, 16.29, 16.29, 15.86, 15.86, 16.00, 16.01, 122807, 19.67, 281, 79308, 64.58
BLEL, EQ, 18-Sep-2026, 436.10, 437.90, 444.30, 434.20, 441.00, 440.40, 438.10, 370777, 1624.36, 7821, 165507, 44.64
BLIL, EQ, 18-Sep-2026, 67.62, 67.70, 68.48, 66.97, 67.33, 67.10, 67.47, 110370, 74.47, 1631, 88170, 79.89
BLISSGVS, BE, 18-Sep-2026, 690.65, 690.75, 701.00, 675.00, 684.85, 681.85, 687.39, 168694, 1159.59, 2418, -, -
BLKASHYAP, EQ, 18-Sep-2026, 52.87, 52.55, 54.00, 52.10, 52.68, 52.74, 53.09, 424616, 225.44, 2355, 200678, 47.26
BLS, EQ, 18-Sep-2026, 227.74, 227.89, 230.80, 226.00, 227.00, 226.50, 227.61, 748096, 1702.74, 12039, 461072, 61.63
BLSE, EQ, 18-Sep-2026, 314.50, 313.95, 322.00, 313.55, 318.00, 316.50, 317.10, 224022, 710.37, 4075, 139188, 62.13
BLUECLOUDS, EQ, 18-Sep-2026, 19.57, 19.65, 19.65, 19.25, 19.40, 19.34, 19.39, 493433, 95.70, 1896, 278765, 56.50
BLUECOAST, EQ, 18-Sep-2026, 21.68, 22.60, 22.60, 20.99, 20.99, 20.99, 21.52, 963, 0.21, 19, 813, 84.42
BLUEDART, EQ, 18-Sep-2026, 4811.30, 4810.50, 4851.00, 4770.00, 4811.00, 4821.00, 4816.29, 10165, 489.58, 3128, 5390, 53.03
BLUEJET, EQ, 18-Sep-2026, 568.20, 570.45, 577.85, 567.00, 574.30, 575.25, 572.68, 207881, 1190.49, 11766, 117596, 56.57
BLUEPEBBLE, ST, 18-Sep-2026, 78.90, 80.00, 80.00, 80.00, 80.00, 80.00, 80.00, 400, 0.32, 1, 400, 100.00
BLUESTARCO, EQ, 18-Sep-2026, 1553.00, 1551.20, 1571.50, 1531.80, 1531.80, 1531.80, 1555.23, 798646, 12420.78, 47644, 462754, 57.94
BLUESTONE, EQ, 18-Sep-2026, 831.20, 838.70, 863.00, 821.00, 832.45, 827.50, 839.88, 1018859, 8557.23, 43281, 248451, 24.39
BLUEWATER, ST, 18-Sep-2026, 464.25, 483.00, 483.00, 472.00, 475.00, 475.00, 477.50, 6000, 28.65, 6, 6000, 100.00
BLUSPRING, EQ, 18-Sep-2026, 123.72, 123.06, 127.14, 122.66, 123.16, 123.34, 123.62, 141114, 174.44, 1713, 77985, 55.26
BMETRICS, SM, 18-Sep-2026, 32.85, 32.85, 34.00, 32.85, 34.00, 34.00, 33.43, 1600, 0.53, 2, 800, 50.00
BMLL, SM, 18-Sep-2026, 152.05, 155.50, 157.00, 155.50, 157.00, 157.00, 156.29, 20000, 31.26, 4, 20000, 100.00
BMWVENTLTD, EQ, 18-Sep-2026, 50.22, 50.77, 53.40, 50.32, 51.00, 51.90, 51.71, 185490, 95.93, 1698, 103124, 55.60
BNAGROCHEM, EQ, 18-Sep-2026, 207.86, 207.00, 207.00, 200.00, 207.00, 207.00, 205.54, 944, 1.94, 23, 841, 89.09
BNALTD, BE, 18-Sep-2026, 370.00, 365.00, 365.00, 365.00, 365.00, 365.00, 365.00, 1, 0.00, 1, -, -
BNKETFAXIS, EQ, 18-Sep-2026, 580.22, 580.87, 582.38, 578.96, 582.38, 581.87, 580.69, 772, 4.48, 25, 245, 31.74
BODALCHEM, EQ, 18-Sep-2026, 182.13, 184.99, 191.23, 184.05, 191.23, 191.23, 189.67, 1686113, 3198.10, 9499, 774419, 45.93
BOHRAIND, EQ, 18-Sep-2026, 13.34, 13.00, 13.88, 12.41, 12.71, 12.71, 12.75, 36792, 4.69, 47, 24555, 66.74
BOMDYEING, EQ, 18-Sep-2026, 107.55, 108.00, 112.90, 108.00, 110.98, 111.30, 110.80, 1069497, 1185.05, 10633, 322314, 30.14
BONLON, EQ, 18-Sep-2026, 37.07, 37.82, 39.85, 37.82, 39.36, 39.13, 39.01, 2577, 1.01, 86, 1984, 76.99
BORANA, EQ, 18-Sep-2026, 299.50, 298.15, 304.00, 296.00, 296.50, 297.10, 298.97, 25153, 75.20, 758, 16255, 64.62
BOROLTD, EQ, 18-Sep-2026, 253.40, 256.25, 263.10, 252.60, 260.00, 259.21, 257.06, 133921, 344.25, 2717, 76287, 56.96
BORORENEW, EQ, 18-Sep-2026, 449.35, 455.00, 461.40, 447.95, 460.50, 459.50, 454.64, 460974, 2095.76, 16901, 216637, 47.00
BOROSCI, EQ, 18-Sep-2026, 118.29, 118.29, 121.80, 117.00, 120.00, 119.56, 119.01, 21927, 26.10, 799, 13649, 62.25
BOSCH-HCIL, EQ, 18-Sep-2026, 1668.30, 1668.30, 1705.00, 1660.00, 1699.90, 1694.00, 1693.34, 36229, 613.48, 3123, 20042, 55.32
BOSCHLTD, EQ, 18-Sep-2026, 47735.00, 47850.00, 48650.00, 47000.00, 47000.00, 47000.00, 47786.29, 27389, 13088.19, 11767, 14282, 52.15
BPCL, EQ, 18-Sep-2026, 307.00, 308.55, 314.20, 308.25, 314.00, 314.00, 312.36, 9439555, 29485.03, 59458, 7022774, 74.40
BPL, EQ, 18-Sep-2026, 45.85, 46.50, 46.80, 45.50, 45.75, 45.79, 45.82, 13947, 6.39, 379, 8840, 63.38
BPLPHARMA, EQ, 18-Sep-2026, 1534.00, 1541.20, 1564.00, 1499.90, 1500.00, 1509.70, 1533.51, 843, 12.93, 141, 562, 66.67
BRACEPORT, SM, 18-Sep-2026, 52.00, 56.85, 56.85, 52.00, 52.00, 52.00, 54.43, 3200, 1.74, 2, 3200, 100.00
BRAHMINFRA, EQ, 18-Sep-2026, 159.63, 163.01, 163.01, 158.60, 163.00, 162.36, 161.35, 20632, 33.29, 250, 19240, 93.25
BRANDMAN, SM, 18-Sep-2026, 164.00, 166.00, 166.00, 162.20, 162.20, 162.20, 164.73, 2400, 3.95, 3, 1600, 66.67
BRIGADE, EQ, 18-Sep-2026, 620.90, 621.00, 629.30, 616.25, 624.90, 621.70, 623.35, 666470, 4154.47, 19711, 414315, 62.17
BRIGHOTEL, EQ, 18-Sep-2026, 56.52, 56.52, 56.59, 56.15, 56.20, 56.23, 56.30, 35906, 20.21, 1437, 23024, 64.12
BRIGHTBR, EQ, 18-Sep-2026, 245.00, 240.05, 254.15, 240.00, 250.00, 248.45, 245.99, 836, 2.06, 32, 756, 90.43
BRITANNIA, EQ, 18-Sep-2026, 4982.00, 4982.00, 5026.50, 4968.00, 4998.00, 4998.00, 5007.56, 346885, 17370.48, 27865, 260436, 75.08
BRNL, EQ, 18-Sep-2026, 16.41, 16.41, 16.75, 16.03, 16.62, 16.25, 16.32, 29263, 4.78, 302, 15755, 53.84
BROOKS, EQ, 18-Sep-2026, 61.23, 61.24, 63.89, 61.02, 61.02, 61.53, 61.88, 38012, 23.52, 411, 27350, 71.95
BSE, EQ, 18-Sep-2026, 3259.00, 3259.00, 3296.00, 3241.00, 3266.40, 3266.40, 3258.92, 2075360, 67634.24, 85963, 901434, 43.44
BSE500IETF, EQ, 18-Sep-2026, 38.45, 38.40, 38.84, 38.26, 38.62, 38.76, 38.62, 58159, 22.46, 948, 38138, 65.58
BSHSL, EQ, 18-Sep-2026, 88.25, 89.25, 93.00, 86.20, 88.56, 87.87, 88.08, 3480, 3.07, 165, 2018, 57.99
BSL, EQ, 18-Sep-2026, 117.32, 116.80, 119.49, 116.80, 118.26, 118.26, 118.51, 3489, 4.13, 70, 2606, 74.69
BSLGOLDETF, EQ, 18-Sep-2026, 132.57, 134.30, 134.80, 133.48, 134.51, 134.53, 134.45, 327089, 439.77, 2733, 215162, 65.78
BSLNIFTY, EQ, 18-Sep-2026, 27.38, 27.38, 28.62, 27.36, 27.47, 27.46, 27.46, 690033, 189.47, 4143, 507726, 73.58
BSLSENETFG, EQ, 18-Sep-2026, 75.21, 75.96, 75.96, 74.88, 75.05, 75.15, 75.05, 4943, 3.71, 69, 3412, 69.03
BSOFT, EQ, 18-Sep-2026, 283.80, 285.00, 285.05, 278.45, 281.00, 280.40, 280.25, 1305483, 3658.64, 26401, 646636, 49.53
BTML, EQ, 18-Sep-2026, 7.25, 7.49, 7.49, 7.14, 7.23, 7.25, 7.39, 704020, 52.00, 490, 576629, 81.91
BTTL, BE, 18-Sep-2026, 41.15, 41.50, 41.50, 39.10, 39.29, 39.64, 40.02, 2293, 0.92, 32, -, -
BUILDPRO, EQ, 18-Sep-2026, 1244.90, 1254.90, 1270.00, 1198.50, 1269.40, 1253.80, 1229.10, 123781, 1521.40, 5618, 82818, 66.91
BULKCORP, ST, 18-Sep-2026, 86.00, 81.95, 81.95, 81.70, 81.70, 81.70, 81.83, 7200, 5.89, 6, 7200, 100.00
BURNPUR, BE, 18-Sep-2026, 17.50, 18.37, 18.37, 16.80, 17.98, 17.85, 17.92, 120881, 21.66, 592, -, -
BUTTERFLY, EQ, 18-Sep-2026, 578.85, 577.90, 589.00, 566.75, 589.00, 585.80, 576.33, 26618, 153.41, 1348, 14853, 55.80
BVCL, EQ, 18-Sep-2026, 40.89, 40.69, 41.30, 40.50, 40.76, 40.76, 40.78, 7122, 2.90, 128, 4930, 69.22
BYKE, BE, 18-Sep-2026, 29.99, 30.99, 30.99, 29.56, 30.28, 30.25, 30.03, 11206, 3.37, 65, -, -
C2C, SM, 18-Sep-2026, 210.65, 212.75, 212.75, 199.00, 204.00, 204.20, 205.36, 85500, 175.58, 395, 58350, 68.25
CALSOFT, BE, 18-Sep-2026, 37.69, 36.90, 39.56, 36.80, 39.42, 39.19, 38.70, 171438, 66.34, 871, -, -
CAMLINFINE, EQ, 18-Sep-2026, 99.63, 100.55, 101.47, 95.65, 97.00, 97.28, 98.00, 1375944, 1348.42, 9167, 814653, 59.21
CAMPUS, EQ, 18-Sep-2026, 211.98, 212.00, 212.95, 210.51, 212.25, 212.12, 212.10, 306540, 650.16, 9696, 184551, 60.20
CAMS, EQ, 18-Sep-2026, 714.95, 712.65, 723.60, 708.05, 708.05, 708.05, 715.14, 1128255, 8068.57, 39176, 596435, 52.86
CANARYS, SM, 18-Sep-2026, 23.75, 24.00, 26.10, 24.00, 25.15, 24.90, 25.26, 288000, 72.76, 66, 144000, 50.00
CANBK, EQ, 18-Sep-2026, 123.90, 123.81, 123.89, 123.01, 123.78, 123.78, 123.44, 11489793, 14182.63, 53655, 6890669, 59.97
CANFINHOME, EQ, 18-Sep-2026, 774.40, 777.60, 787.60, 769.00, 781.00, 778.50, 777.66, 539763, 4197.50, 17059, 296165, 54.87
CANHLIFE, EQ, 18-Sep-2026, 155.36, 155.33, 156.25, 151.79, 152.51, 153.59, 153.56, 807851, 1240.51, 13878, 484645, 59.99
CANTABIL, EQ, 18-Sep-2026, 243.00, 242.40, 246.00, 240.20, 243.60, 242.63, 243.40, 143791, 349.99, 2430, 69705, 48.48
CAPACITE, EQ, 18-Sep-2026, 192.73, 191.90, 199.02, 191.90, 195.80, 195.71, 196.52, 235892, 463.58, 4594, 126089, 53.45
CAPILLARY, EQ, 18-Sep-2026, 448.95, 448.95, 489.00, 443.10, 485.00, 484.05, 470.54, 532692, 2506.55, 17791, 196835, 36.95
CAPINVIT, IV, 18-Sep-2026, 76.81, 76.97, 77.49, 76.81, 76.93, 76.94, 76.98, 179280, 138.02, 2822, 159464, 88.95
CAPITALSFB, EQ, 18-Sep-2026, 279.90, 276.10, 283.40, 274.15, 277.45, 278.90, 280.02, 8706, 24.38, 543, 5930, 68.11
CAPLIPOINT, EQ, 18-Sep-2026, 2596.60, 2596.50, 2780.00, 2596.00, 2770.00, 2748.60, 2719.31, 308471, 8388.27, 31973, 77924, 25.26
CAPTRUST, BE, 18-Sep-2026, 18.48, 18.60, 19.40, 18.60, 19.40, 19.39, 19.34, 64785, 12.53, 119, -, -
CARBORUNIV, EQ, 18-Sep-2026, 1083.60, 1084.00, 1141.30, 1078.40, 1117.00, 1124.40, 1121.44, 533148, 5978.95, 47505, 266451, 49.98
CARERATING, EQ, 18-Sep-2026, 1643.70, 1645.50, 1674.70, 1614.80, 1674.70, 1668.60, 1650.09, 46640, 769.60, 6959, 27166, 58.25
CARRARO, EQ, 18-Sep-2026, 515.05, 522.10, 533.00, 517.60, 526.70, 524.65, 526.56, 169514, 892.59, 8268, 61835, 36.48
CARTRADE, EQ, 18-Sep-2026, 2938.00, 2949.90, 3127.70, 2946.70, 2980.00, 2988.90, 3042.39, 650048, 19776.98, 62496, 142544, 21.93
CARYSIL, EQ, 18-Sep-2026, 1111.10, 1111.20, 1138.70, 1106.00, 1130.00, 1131.30, 1123.16, 62416, 701.03, 6052, 31681, 50.76
CASHIETF, EQ, 18-Sep-2026, 1079.83, 1079.83, 1080.28, 1078.82, 1080.26, 1080.26, 1080.27, 122070, 1318.69, 101, 80435, 65.89
CASTROLIND, EQ, 18-Sep-2026, 191.72, 192.34, 197.85, 192.00, 196.07, 197.14, 195.50, 9615337, 18798.46, 69925, 5533528, 57.55
CCAVENUE, EQ, 18-Sep-2026, 16.32, 16.39, 16.64, 15.99, 16.09, 16.08, 16.25, 15304318, 2486.38, 24196, 4966932, 32.45
CCCL, EQ, 18-Sep-2026, 13.69, 13.69, 13.95, 13.69, 13.78, 13.76, 13.81, 57075, 7.88, 280, 43344, 75.94
CCHHL, EQ, 18-Sep-2026, 12.86, 12.80, 13.10, 12.60, 13.05, 13.01, 12.90, 25484, 3.29, 162, 19680, 77.22
CCL, EQ, 18-Sep-2026, 1062.30, 1065.70, 1076.30, 1058.20, 1064.10, 1065.60, 1067.66, 92827, 991.08, 13371, 60098, 64.74
CDSL, EQ, 18-Sep-2026, 1349.40, 1348.00, 1390.00, 1346.50, 1390.00, 1390.00, 1376.96, 1694146, 23327.79, 44771, 697061, 41.15
CEATLTD, EQ, 18-Sep-2026, 3431.10, 3430.00, 3529.00, 3418.10, 3465.00, 3468.90, 3485.66, 113245, 3947.33, 17724, 49778, 43.96
CEDAAR, ST, 18-Sep-2026, 10.90, 10.90, 11.20, 10.85, 11.20, 11.10, 10.98, 20000, 2.20, 13, 18000, 90.00
CEIGALL, EQ, 18-Sep-2026, 390.00, 391.60, 391.80, 372.05, 374.35, 373.75, 379.56, 307512, 1167.20, 6666, 162560, 52.86
CEINSYS, EQ, 18-Sep-2026, 684.30, 692.40, 715.00, 672.05, 675.90, 675.35, 690.23, 73862, 509.82, 4885, 32425, 43.90
CELEBRITY, EQ, 18-Sep-2026, 6.79, 6.90, 6.90, 6.69, 6.84, 6.83, 6.74, 7755, 0.52, 45, 7268, 93.72
CELLECOR, SM, 18-Sep-2026, 30.65, 30.00, 30.30, 29.70, 30.00, 30.00, 29.98, 207000, 62.07, 40, 177000, 85.51
CELLO, EQ, 18-Sep-2026, 327.60, 328.00, 330.00, 320.00, 322.00, 322.45, 323.77, 240397, 778.34, 8314, 151192, 62.89
CELLPOINT, SM, 18-Sep-2026, 14.45, 14.45, 14.75, 14.10, 14.65, 14.65, 14.40, 20400, 2.94, 17, 18000, 88.24
CEMNTGROWW, EQ, 18-Sep-2026, 13.99, 14.09, 14.30, 14.01, 14.15, 14.22, 14.18, 45103, 6.40, 267, 22521, 49.93
CEMPRO, EQ, 18-Sep-2026, 1255.10, 1265.00, 1287.40, 1246.60, 1270.00, 1263.50, 1270.07, 233345, 2963.66, 12658, 143099, 61.33
CENTENKA, EQ, 18-Sep-2026, 564.40, 570.75, 570.75, 551.85, 557.00, 561.45, 561.22, 33970, 190.65, 2375, 20279, 59.70
CENTEXT, EQ, 18-Sep-2026, 19.05, 19.00, 19.55, 19.00, 19.14, 19.16, 19.21, 123725, 23.77, 665, 91562, 74.00
CENTRALBK, EQ, 18-Sep-2026, 30.40, 30.42, 32.40, 30.41, 32.15, 31.73, 31.56, 56472458, 17821.34, 47655, 31914466, 56.51
CENTRUM, EQ, 18-Sep-2026, 22.25, 22.69, 22.69, 21.65, 22.15, 21.94, 22.17, 41442, 9.19, 336, 19514, 47.09
CENTUM, EQ, 18-Sep-2026, 4343.40, 4398.00, 4421.00, 4300.00, 4330.00, 4333.30, 4381.88, 41693, 1826.94, 9036, 17830, 42.76
CENTURYPLY, EQ, 18-Sep-2026, 718.95, 725.00, 735.00, 714.05, 723.00, 722.65, 725.21, 83789, 607.64, 4804, 43653, 52.10
CERA, EQ, 18-Sep-2026, 5592.00, 5592.00, 5785.00, 5592.00, 5646.50, 5645.00, 5660.36, 14398, 814.98, 3384, 7105, 49.35
CESC, EQ, 18-Sep-2026, 141.56, 141.99, 142.93, 140.71, 141.45, 141.53, 141.30, 3878798, 5480.78, 24453, 2729511, 70.37
CEWATER, EQ, 18-Sep-2026, 256.50, 252.80, 286.00, 252.80, 279.20, 279.25, 277.55, 750844, 2083.93, 17403, 186892, 24.89
CFEL, BE, 18-Sep-2026, 46.22, 46.99, 47.00, 44.00, 47.00, 46.95, 45.30, 32553, 14.75, 124, -, -
CGCL, EQ, 18-Sep-2026, 262.35, 263.00, 273.65, 262.00, 271.00, 270.65, 269.92, 6367147, 17186.25, 61310, 2828255, 44.42
CGPOWER, EQ, 18-Sep-2026, 880.00, 883.65, 911.00, 881.30, 892.00, 892.00, 901.61, 3114673, 28082.28, 51681, 1520654, 48.82
CGRAPHICS, SM, 18-Sep-2026, 137.65, 136.50, 136.50, 133.20, 135.95, 135.40, 135.21, 24800, 33.53, 29, 20800, 83.87
CGVAK, EQ, 18-Sep-2026, 146.50, 147.00, 152.00, 144.00, 149.80, 149.80, 147.63, 2553, 3.77, 81, 1708, 66.90
CHALET, EQ, 18-Sep-2026, 842.30, 845.00, 874.25, 839.55, 865.00, 865.65, 863.21, 566679, 4891.65, 22231, 371075, 65.48
CHAMBLFERT, EQ, 18-Sep-2026, 413.90, 414.70, 420.00, 410.90, 419.00, 414.90, 414.30, 470769, 1950.40, 13436, 272813, 57.95
CHAMUNDA, SM, 18-Sep-2026, 43.00, 44.00, 44.00, 44.00, 44.00, 44.00, 44.00, 3000, 1.32, 1, 3000, 100.00
CHANDAN, SM, 18-Sep-2026, 197.85, 200.00, 203.00, 196.50, 202.45, 202.45, 200.06, 32800, 65.62, 40, 24000, 73.17
CHAVDA, SM, 18-Sep-2026, 120.50, 120.00, 122.50, 120.00, 120.00, 120.00, 120.50, 7000, 8.44, 6, 5000, 71.43
CHEMBOND, EQ, 18-Sep-2026, 196.18, 197.03, 203.45, 185.60, 192.01, 192.77, 191.72, 12271, 23.53, 718, 6188, 50.43
CHEMBONDCH, BE, 18-Sep-2026, 274.00, 275.35, 279.50, 261.45, 265.00, 272.55, 268.50, 8833, 23.72, 179, -, -
CHEMCON, BE, 18-Sep-2026, 214.77, 217.00, 222.04, 214.00, 217.00, 216.36, 218.03, 40049, 87.32, 575, -, -
CHEMCRUX, EQ, 18-Sep-2026, 82.70, 82.00, 84.19, 78.00, 81.20, 80.78, 80.34, 4816, 3.87, 176, 1508, 31.31
CHEMFAB, EQ, 18-Sep-2026, 356.15, 355.00, 373.50, 355.00, 370.00, 369.40, 367.33, 2010, 7.38, 163, 1197, 59.55
CHEMICAL, EQ, 18-Sep-2026, 29.13, 28.55, 29.58, 28.55, 29.42, 29.43, 29.28, 279002, 81.70, 799, 122595, 43.94
CHEMPLASTS, EQ, 18-Sep-2026, 167.80, 167.80, 175.10, 167.09, 172.99, 171.48, 171.52, 443500, 760.69, 5907, 170141, 38.36
CHENNPETRO, EQ, 18-Sep-2026, 1414.10, 1414.00, 1437.10, 1390.10, 1415.00, 1416.60, 1407.68, 1081342, 15221.89, 42868, 290995, 26.91
CHETANA, SM, 18-Sep-2026, 41.00, 41.00, 41.00, 40.00, 40.00, 40.00, 40.33, 4800, 1.94, 3, 4800, 100.00
CHEVIOT, EQ, 18-Sep-2026, 1161.50, 1174.90, 1179.90, 1161.80, 1179.90, 1174.70, 1171.55, 820, 9.61, 119, 705, 85.98
CHOICEGOLD, EQ, 18-Sep-2026, 149.30, 149.50, 152.21, 149.50, 151.54, 151.99, 151.56, 2964, 4.49, 85, 1823, 61.50
CHOICEIN, EQ, 18-Sep-2026, 738.00, 739.95, 775.70, 738.45, 760.00, 763.85, 763.53, 989378, 7554.16, 20855, 178966, 18.09
CHOLAFIN, EQ, 18-Sep-2026, 1764.50, 1769.30, 1804.40, 1766.00, 1800.00, 1800.00, 1786.96, 1509978, 26982.68, 38127, 1000916, 66.29
CHOLAHLDNG, EQ, 18-Sep-2026, 1499.20, 1510.00, 1541.00, 1482.00, 1491.50, 1507.70, 1502.67, 395533, 5943.55, 39918, 241383, 61.03
CIEINDIA, EQ, 18-Sep-2026, 385.70, 388.00, 391.50, 382.90, 385.50, 387.15, 386.35, 376545, 1454.79, 16747, 181245, 48.13
CIFL, EQ, 18-Sep-2026, 20.03, 19.86, 20.49, 19.86, 20.00, 19.98, 20.02, 45611, 9.13, 353, 35682, 78.23
CINELINE, EQ, 18-Sep-2026, 92.95, 91.10, 93.60, 90.00, 90.00, 90.36, 91.28, 6895, 6.29, 177, 4614, 66.92
CINEVISTA, EQ, 18-Sep-2026, 13.94, 13.80, 14.74, 13.80, 14.04, 14.13, 14.39, 6423, 0.92, 75, 5740, 89.37
CIPLA, EQ, 18-Sep-2026, 1376.30, 1371.70, 1394.50, 1371.70, 1394.50, 1394.50, 1384.88, 1386584, 19202.52, 31702, 943438, 68.04
CITIUSINVT, IV, 18-Sep-2026, 115.50, 115.90, 117.00, 115.21, 115.96, 115.83, 116.09, 21756, 25.26, 140, 17191, 79.02
CKKRETAIL, SM, 18-Sep-2026, 170.20, 170.00, 177.00, 170.00, 170.00, 170.60, 171.39, 88800, 152.19, 68, 56800, 63.96
CLASSICEIL, SM, 18-Sep-2026, 51.00, 49.75, 51.95, 48.85, 51.00, 51.00, 50.07, 24000, 12.02, 14, 16000, 66.67
CLAYCRAFT, SM, 18-Sep-2026, 147.60, 147.05, 169.00, 144.50, 168.90, 166.70, 158.27, 116400, 184.23, 159, 92400, 79.38
CLEAN, EQ, 18-Sep-2026, 828.15, 831.00, 872.85, 826.70, 852.00, 851.90, 857.83, 891352, 7646.30, 30830, 302954, 33.99
CLEANMAX, EQ, 18-Sep-2026, 1291.10, 1296.40, 1299.40, 1272.00, 1283.00, 1279.40, 1281.48, 102176, 1309.36, 9948, 61262, 59.96
CLEDUCATE, EQ, 18-Sep-2026, 54.63, 54.99, 56.18, 54.51, 54.70, 54.81, 55.11, 7979, 4.40, 181, 7201, 90.25
CLSEL, EQ, 18-Sep-2026, 295.55, 296.45, 299.15, 292.25, 297.20, 294.90, 295.12, 32143, 94.86, 1436, 14718, 45.79
CLSL, ST, 18-Sep-2026, 74.95, 78.65, 78.65, 71.55, 71.55, 71.55, 76.04, 8000, 6.08, 4, 6000, 75.00
CMLL, EQ, 18-Sep-2026, 482.70, 483.00, 484.70, 471.00, 475.50, 477.70, 475.62, 165073, 785.12, 5416, 84390, 51.12
CMNL, SM, 18-Sep-2026, 114.90, 114.90, 114.90, 111.00, 111.00, 111.25, 112.19, 4500, 5.05, 6, 3750, 83.33
CMPDI, EQ, 18-Sep-2026, 205.69, 207.85, 217.23, 204.69, 215.20, 214.58, 210.43, 2923381, 6151.55, 42359, 1135289, 38.83
CMRGREEN, EQ, 18-Sep-2026, 213.26, 214.79, 234.58, 214.79, 232.50, 231.87, 230.48, 1840718, 4242.51, 30666, 754895, 41.01
CMRSL, SM, 18-Sep-2026, 70.40, 68.00, 68.00, 67.50, 67.50, 67.50, 67.75, 1600, 1.08, 2, 1600, 100.00
CMSINFO, EQ, 18-Sep-2026, 231.04, 231.15, 232.72, 228.52, 230.40, 230.93, 230.64, 952449, 2196.70, 17354, 525159, 55.14
CNL, EQ, 18-Sep-2026, 1078.90, 1078.90, 1140.10, 1077.50, 1120.90, 1127.10, 1118.30, 17388, 194.45, 1806, 8774, 50.46
COALINDIA, EQ, 18-Sep-2026, 418.00, 418.00, 419.95, 409.65, 409.90, 409.90, 411.88, 7700870, 31718.68, 84630, 4948015, 64.25
COASTCORP, EQ, 18-Sep-2026, 35.46, 36.17, 39.10, 36.01, 38.89, 38.84, 37.81, 131467, 49.71, 1571, 67370, 51.24
COCHINSHIP, EQ, 18-Sep-2026, 1334.30, 1335.00, 1398.00, 1333.00, 1398.00, 1398.00, 1373.60, 1456165, 20001.91, 34268, 765720, 52.58
COCKERILL, EQ, 18-Sep-2026, 8029.00, 8029.00, 8220.00, 8006.50, 8145.00, 8164.00, 8110.56, 3914, 317.45, 1243, 1670, 42.67
COFFEEDAY, EQ, 18-Sep-2026, 30.86, 30.86, 31.33, 30.07, 30.46, 30.52, 30.54, 346468, 105.81, 1640, 222122, 64.11
COFORGE, EQ, 18-Sep-2026, 1793.00, 1793.00, 1841.00, 1754.20, 1841.00, 1841.00, 1786.02, 2489460, 44462.35, 82143, 1461501, 58.71
COHANCE, EQ, 18-Sep-2026, 439.95, 439.95, 446.65, 429.25, 436.40, 438.00, 436.95, 699254, 3055.41, 22131, 358109, 51.21
COLPAL, EQ, 18-Sep-2026, 1840.30, 1841.50, 1917.80, 1836.90, 1917.80, 1917.80, 1884.23, 601910, 11341.38, 25550, 419181, 69.64
COMFINTE, EQ, 18-Sep-2026, 5.99, 6.18, 6.18, 5.86, 6.00, 5.98, 5.97, 71837, 4.29, 254, 55084, 76.68
COMMITTED, SM, 18-Sep-2026, 340.00, 331.00, 331.00, 330.00, 330.00, 330.50, 330.50, 1600, 5.29, 2, 1600, 100.00
COMMOIETF, EQ, 18-Sep-2026, 97.15, 97.15, 97.93, 97.15, 97.42, 97.50, 97.54, 21581, 21.05, 1213, 13293, 61.60
COMPEAU, EQ, 18-Sep-2026, 360.00, 360.00, 369.90, 360.00, 365.00, 365.00, 361.44, 714, 2.58, 9, 713, 99.86
COMPINFO, BZ, 18-Sep-2026, 1.10, 1.12, 1.15, 1.05, 1.10, 1.10, 1.09, 6048, 0.07, 22, -, -
COMPUSOFT, EQ, 18-Sep-2026, 12.94, 12.98, 14.60, 12.95, 13.52, 13.63, 13.96, 299192, 41.78, 1120, 126026, 42.12
COMSYN, EQ, 18-Sep-2026, 293.00, 294.00, 314.45, 293.55, 305.35, 306.55, 306.85, 869871, 2669.18, 9385, 468621, 53.87
CONCOR, EQ, 18-Sep-2026, 488.15, 489.00, 504.55, 485.10, 504.55, 504.55, 497.18, 2242132, 11147.34, 20131, 1502403, 67.01
CONCORDBIO, EQ, 18-Sep-2026, 1461.10, 1459.50, 1519.90, 1459.40, 1500.00, 1494.40, 1497.65, 170417, 2552.25, 13596, 58015, 34.04
CONFIPET, EQ, 18-Sep-2026, 86.76, 87.25, 92.61, 86.71, 91.80, 91.95, 91.27, 5542393, 5058.29, 37991, 2400216, 43.31
CONNPLEX, SM, 18-Sep-2026, 250.30, 250.30, 254.40, 249.00, 251.00, 251.00, 251.45, 33600, 84.49, 38, 27200, 80.95
CONS, EQ, 18-Sep-2026, 11.81, 11.86, 11.89, 11.78, 11.89, 11.88, 11.83, 3928, 0.46, 109, 3708, 94.40
CONSOFINVT, BE, 18-Sep-2026, 300.60, 300.60, 307.60, 300.05, 304.00, 302.20, 300.85, 3184, 9.58, 41, -, -
CONSUMAXIS, EQ, 18-Sep-2026, 118.06, 118.43, 118.60, 117.73, 118.57, 118.57, 118.02, 851, 1.00, 17, 618, 72.62
CONSUMBEES, EQ, 18-Sep-2026, 126.99, 128.26, 128.66, 127.42, 128.66, 128.32, 127.97, 39495, 50.54, 663, 23484, 59.46
CONSUMER, EQ, 18-Sep-2026, 11.73, 11.74, 11.83, 11.74, 11.79, 11.80, 11.78, 73605, 8.67, 249, 39564, 53.75
CONSUMIETF, EQ, 18-Sep-2026, 119.86, 119.00, 119.70, 118.68, 119.62, 119.09, 118.95, 4906, 5.84, 160, 2858, 58.26
CONTI, SM, 18-Sep-2026, 10.55, 10.15, 10.15, 10.05, 10.05, 10.05, 10.08, 9999, 1.01, 3, 6666, 66.67
CONTROLPR, EQ, 18-Sep-2026, 603.50, 610.00, 613.70, 598.00, 603.00, 600.90, 604.54, 28633, 173.10, 1323, 18211, 63.60
COOLCAPS, SM, 18-Sep-2026, 26.00, 27.40, 27.40, 24.10, 26.80, 26.70, 25.91, 228750, 59.27, 140, 145000, 63.39
CORALFINAC, EQ, 18-Sep-2026, 32.35, 33.28, 33.28, 32.13, 33.00, 32.56, 32.52, 23368, 7.60, 110, 14305, 61.22
CORDELIA, EQ, 18-Sep-2026, 109.68, 109.68, 115.16, 109.68, 115.10, 115.15, 114.81, 2435983, 2796.73, 10968, 1636438, 67.18
CORDSCABLE, EQ, 18-Sep-2026, 355.30, 360.00, 381.40, 355.80, 365.00, 364.15, 367.52, 176486, 648.62, 5689, 81524, 46.19
COROMANDEL, EQ, 18-Sep-2026, 1929.80, 1929.80, 2019.90, 1919.50, 1972.00, 1999.50, 1985.72, 302340, 6003.63, 34371, 206678, 68.36
CORONA, EQ, 18-Sep-2026, 2169.60, 2175.00, 2208.00, 2166.60, 2205.90, 2201.80, 2191.09, 12123, 265.63, 2230, 6658, 54.92
COSMOFIRST, EQ, 18-Sep-2026, 879.90, 883.00, 884.45, 866.05, 874.30, 871.25, 873.53, 34649, 302.67, 2572, 19498, 56.27
COUNCODOS, BE, 18-Sep-2026, 6.33, 6.45, 6.45, 6.05, 6.20, 6.32, 6.22, 47880, 2.98, 140, -, -
CPCAP, EQ, 18-Sep-2026, 141.05, 142.46, 152.00, 141.01, 145.50, 145.19, 146.25, 107712, 157.53, 1871, 62110, 57.66
CPEDU, EQ, 18-Sep-2026, 173.30, 174.01, 175.90, 171.00, 174.75, 171.66, 172.71, 5691, 9.83, 78, 4927, 86.58
CPL, EQ, 18-Sep-2026, 65.39, 67.30, 68.24, 63.50, 63.80, 64.49, 66.10, 41073, 27.15, 588, 10073, 24.52
CPPLUS, EQ, 18-Sep-2026, 3378.40, 3378.40, 3500.00, 3321.00, 3352.30, 3355.10, 3389.96, 880079, 29834.33, 62031, 629303, 71.51
CPS, SM, 18-Sep-2026, 1152.00, 1205.00, 1205.00, 1125.00, 1185.00, 1185.00, 1148.33, 900, 10.34, 5, 900, 100.00
CPSEETF, EQ, 18-Sep-2026, 92.29, 92.36, 92.99, 92.10, 92.60, 92.58, 92.50, 392825, 363.37, 4483, 255320, 65.00
CRAFTSMAN, EQ, 18-Sep-2026, 10937.00, 10890.00, 11300.00, 10871.00, 11235.00, 11138.00, 11146.76, 207605, 23141.22, 26719, 141171, 68.00
CRAMC, EQ, 18-Sep-2026, 234.35, 236.00, 237.60, 232.60, 234.90, 234.00, 234.64, 275239, 645.83, 5189, 170111, 61.80
CRAVATEX, EQ, 18-Sep-2026, 337.25, 333.00, 339.90, 320.00, 323.00, 324.55, 337.01, 1798, 6.06, 47, 1678, 93.33
CRAYONS, SM, 18-Sep-2026, 23.05, 23.05, 24.20, 23.05, 23.50, 23.50, 23.74, 4000, 0.95, 4, 4000, 100.00
CREATIVEYE, EQ, 18-Sep-2026, 5.59, 5.88, 5.88, 5.50, 5.69, 5.70, 5.74, 11299, 0.65, 97, 9951, 88.07
CREDENT, SM, 18-Sep-2026, 333.00, 336.00, 362.00, 335.00, 359.70, 357.70, 349.42, 133200, 465.43, 202, 105600, 79.28
CREDITACC, EQ, 18-Sep-2026, 1370.80, 1370.00, 1394.90, 1360.00, 1388.00, 1387.60, 1374.98, 149069, 2049.67, 20731, 76664, 51.43
CREST, EQ, 18-Sep-2026, 371.00, 374.00, 385.00, 356.35, 365.00, 365.75, 365.48, 2310, 8.44, 137, 1011, 43.77
CRESTO, EQ, 18-Sep-2026, 15.88, 16.35, 16.43, 15.93, 16.36, 16.39, 16.34, 6035, 0.99, 61, 5980, 99.09
CRISIL, EQ, 18-Sep-2026, 4560.00, 4560.00, 4615.00, 4540.00, 4540.00, 4577.50, 4576.23, 81962, 3750.77, 12384, 54695, 66.73
CRIZAC, EQ, 18-Sep-2026, 176.56, 176.55, 177.63, 172.00, 173.30, 173.73, 174.61, 149317, 260.73, 3834, 86674, 58.05
CROMPTON, EQ, 18-Sep-2026, 225.10, 226.00, 227.12, 225.11, 227.12, 227.12, 226.51, 1405047, 3182.57, 10315, 945115, 67.27
CROWN, EQ, 18-Sep-2026, 108.95, 109.99, 111.99, 108.11, 109.80, 108.48, 110.14, 8079, 8.90, 129, 5085, 62.94
CRSL, BE, 18-Sep-2026, 2.47, 2.52, 2.52, 2.41, 2.47, 2.44, 2.47, 184630, 4.55, 487, -, -
CSBBANK, EQ, 18-Sep-2026, 328.35, 323.40, 340.00, 319.95, 336.05, 336.15, 334.93, 1075560, 3602.33, 27069, 424911, 39.51
CSLFINANCE, EQ, 18-Sep-2026, 216.92, 216.14, 220.31, 214.81, 218.50, 218.24, 218.07, 12818, 27.95, 467, 6141, 47.91
CSM, EQ, 18-Sep-2026, 102.64, 104.00, 114.90, 101.50, 111.50, 109.85, 108.86, 9116969, 9924.56, 65166, 926756, 10.17
CSSL, SM, 18-Sep-2026, 87.00, 87.00, 87.00, 86.00, 86.00, 86.00, 86.50, 2000, 1.73, 2, 2000, 100.00
CTE, BE, 18-Sep-2026, 38.77, 38.59, 40.70, 38.59, 40.70, 40.70, 40.54, 14992, 6.08, 45, -, -
CUB, EQ, 18-Sep-2026, 231.82, 231.60, 238.95, 231.60, 235.89, 235.79, 236.72, 2196738, 5200.05, 36593, 1047112, 47.67
CUBEINVIT, IV, 18-Sep-2026, 156.49, 156.99, 156.99, 155.80, 156.20, 156.36, 156.23, 530408, 828.68, 13065, 508787, 95.92
CUBEXTUB, EQ, 18-Sep-2026, 81.63, 86.00, 87.00, 80.26, 84.81, 85.32, 84.20, 247242, 208.17, 3343, 140599, 56.87
CUDML, SM, 18-Sep-2026, 107.45, 105.10, 108.00, 105.10, 108.00, 108.00, 106.78, 4000, 4.27, 3, 4000, 100.00
CUMMINSIND, EQ, 18-Sep-2026, 5020.00, 5000.00, 5119.00, 5000.00, 5099.50, 5099.50, 5094.82, 502366, 25594.66, 40645, 369945, 73.64
CUPID, EQ, 18-Sep-2026, 279.15, 280.30, 282.00, 251.10, 262.90, 265.00, 267.63, 27287571, 73028.94, 129748, 12513149, 45.86
CURAA, BE, 18-Sep-2026, 72.94, 69.94, 76.00, 69.94, 76.00, 76.00, 69.98, 168, 0.12, 6, -, -
CURIS, ST, 18-Sep-2026, 207.05, 207.00, 207.05, 200.05, 200.05, 200.05, 204.71, 9000, 18.42, 7, 9000, 100.00
CURRENT, SM, 18-Sep-2026, 81.40, 81.30, 81.30, 81.30, 81.30, 81.30, 81.30, 1600, 1.30, 1, 1600, 100.00
CYBERMEDIA, BE, 18-Sep-2026, 22.03, 22.03, 23.00, 20.93, 21.30, 21.16, 21.41, 33593, 7.19, 196, -, -
CYBERTECH, BE, 18-Sep-2026, 141.22, 142.55, 144.40, 139.00, 143.75, 142.82, 142.81, 32580, 46.53, 320, -, -
CYIENT, EQ, 18-Sep-2026, 1064.00, 1064.80, 1079.50, 1047.60, 1079.00, 1073.30, 1068.83, 668011, 7139.90, 30650, 375316, 56.18
CYIENTDLM, EQ, 18-Sep-2026, 893.50, 893.45, 945.00, 890.00, 939.00, 940.70, 929.77, 469640, 4366.57, 28241, 192710, 41.03
DABUR, EQ, 18-Sep-2026, 384.55, 384.60, 395.25, 382.95, 395.25, 395.25, 389.18, 2455500, 9556.21, 28526, 1673364, 68.15
DAICHI, BE, 18-Sep-2026, 328.65, 330.00, 339.00, 323.00, 328.00, 327.95, 329.19, 489, 1.61, 10, -, -
DALBHARAT, EQ, 18-Sep-2026, 1693.30, 1695.00, 1805.00, 1685.10, 1804.90, 1761.40, 1739.46, 374184, 6508.79, 26846, 194857, 52.08
DALMIASUG, EQ, 18-Sep-2026, 390.50, 394.00, 398.20, 382.40, 389.40, 390.50, 388.73, 148278, 576.40, 5974, 49455, 33.35
DAMCAPITAL, EQ, 18-Sep-2026, 136.73, 137.00, 139.00, 136.52, 138.10, 137.92, 137.61, 176661, 243.10, 2089, 98319, 55.65
DAMODARIND, BE, 18-Sep-2026, 27.54, 28.14, 28.19, 27.75, 28.19, 28.12, 28.10, 1916, 0.54, 11, -, -
DANGEE, EQ, 18-Sep-2026, 2.72, 2.71, 2.75, 2.69, 2.74, 2.73, 2.71, 22988, 0.62, 115, 22484, 97.81
DANISH, SM, 18-Sep-2026, 940.25, 940.50, 1039.90, 940.50, 1019.40, 1021.35, 999.39, 76050, 760.04, 378, 57750, 75.94
DATAMATICS, EQ, 18-Sep-2026, 758.35, 763.90, 772.00, 753.00, 762.25, 765.95, 761.67, 43182, 328.90, 2606, 19520, 45.20
DATAPATTNS, EQ, 18-Sep-2026, 4411.10, 4429.70, 4550.00, 4415.60, 4540.00, 4513.30, 4488.96, 606762, 27237.31, 65257, 180326, 29.72
DAVANGERE, EQ, 18-Sep-2026, 2.06, 2.08, 2.10, 2.03, 2.09, 2.06, 2.07, 6216386, 128.53, 2306, 4175064, 67.16
DBCORP, EQ, 18-Sep-2026, 187.82, 187.82, 189.56, 183.60, 184.50, 184.06, 185.79, 107079, 198.94, 3110, 81095, 75.73
DBEIL, EQ, 18-Sep-2026, 7.05, 7.30, 7.30, 6.95, 7.19, 7.12, 7.05, 686235, 48.39, 445, 595233, 86.74
DBL, EQ, 18-Sep-2026, 408.35, 408.35, 428.50, 408.35, 424.25, 425.50, 423.28, 638580, 2702.99, 16524, 301439, 47.20
DBOL, EQ, 18-Sep-2026, 115.81, 115.22, 117.30, 109.74, 116.00, 116.27, 113.11, 181653, 205.47, 3727, 99592, 54.83
DBREALTY, EQ, 18-Sep-2026, 94.73, 95.69, 97.30, 94.00, 96.34, 95.68, 95.35, 1389676, 1325.05, 9511, 759986, 54.69
DBSTOCKBRO, BE, 18-Sep-2026, 29.22, 29.22, 30.50, 29.22, 30.50, 30.35, 30.20, 6932, 2.09, 52, -, -
DCAL, EQ, 18-Sep-2026, 162.11, 162.00, 171.69, 157.60, 170.75, 170.52, 165.26, 727114, 1201.66, 12243, 283232, 38.95
DCBBANK, EQ, 18-Sep-2026, 218.51, 218.99, 223.02, 217.00, 219.00, 218.35, 219.71, 1445096, 3175.04, 21933, 810731, 56.10
DCCL, SM, 18-Sep-2026, 40.00, 40.50, 40.50, 40.50, 40.50, 40.50, 40.50, 2000, 0.81, 1, 2000, 100.00
DCG, ST, 18-Sep-2026, 79.80, 75.90, 78.90, 75.85, 78.85, 78.50, 76.61, 28800, 22.06, 24, 28800, 100.00
DCI, EQ, 18-Sep-2026, 282.75, 287.80, 288.90, 277.25, 278.00, 278.95, 281.78, 78388, 220.88, 2180, 23959, 30.56
DCM, EQ, 18-Sep-2026, 76.36, 78.00, 79.79, 77.01, 77.30, 77.21, 78.37, 4286, 3.36, 84, 2933, 68.43
DCMFINSERV, EQ, 18-Sep-2026, 5.13, 5.26, 5.26, 4.78, 5.22, 5.18, 5.18, 5895, 0.31, 92, 3575, 60.64
DCMNVL, EQ, 18-Sep-2026, 174.84, 175.02, 182.79, 172.52, 181.00, 180.20, 179.00, 8381, 15.00, 221, 7334, 87.51
DCMSHRIRAM, EQ, 18-Sep-2026, 984.00, 990.00, 1005.00, 982.40, 1003.00, 995.00, 993.55, 69400, 689.52, 4595, 53641, 77.29
DCMSIL, EQ, 18-Sep-2026, 70.29, 70.64, 72.00, 67.99, 70.21, 70.26, 69.79, 110121, 76.86, 1420, 72560, 65.89
DCMSRIND, EQ, 18-Sep-2026, 38.39, 38.81, 39.68, 38.00, 38.52, 38.24, 38.30, 225676, 86.42, 1872, 148828, 65.95
DCW, EQ, 18-Sep-2026, 45.42, 45.18, 45.64, 45.05, 45.15, 45.18, 45.30, 560676, 253.99, 3122, 325260, 58.01
DCXINDIA, EQ, 18-Sep-2026, 164.32, 165.29, 167.08, 161.97, 163.20, 163.10, 163.61, 307226, 502.66, 5664, 162721, 52.96
DDEVPLSTIK, EQ, 18-Sep-2026, 255.15, 255.80, 257.55, 252.80, 254.95, 254.95, 254.55, 71638, 182.35, 2583, 39505, 55.15
DECCANCE, EQ, 18-Sep-2026, 569.20, 567.30, 572.45, 562.50, 564.10, 567.45, 565.59, 36914, 208.78, 964, 26880, 72.82
DECCANTRAN, SM, 18-Sep-2026, 19.80, 19.80, 20.05, 19.80, 20.00, 20.00, 19.95, 3600, 0.72, 3, 3600, 100.00
DECNGOLD, EQ, 18-Sep-2026, 217.85, 219.47, 220.74, 216.00, 218.00, 217.21, 217.92, 714192, 1556.38, 10029, 327657, 45.88
DEEDEV, EQ, 18-Sep-2026, 636.95, 636.95, 668.75, 636.80, 668.75, 668.75, 666.25, 288664, 1923.21, 5731, 234147, 81.11
DEEM, ST, 18-Sep-2026, 39.00, 38.10, 40.95, 38.10, 40.95, 40.95, 40.48, 6000, 2.43, 6, 6000, 100.00
DEEP, EQ, 18-Sep-2026, 47.23, 49.00, 49.00, 46.11, 47.65, 46.72, 47.66, 24429, 11.64, 452, 18136, 74.24
DEEPA, EQ, 18-Sep-2026, 173.34, 175.30, 191.49, 171.38, 188.50, 188.31, 185.00, 7608515, 14075.57, 75067, 1193338, 15.68
DEEPAKFERT, EQ, 18-Sep-2026, 1324.60, 1324.10, 1350.00, 1313.20, 1343.00, 1343.20, 1335.60, 209549, 2798.73, 15172, 92217, 44.01
DEEPAKNTR, EQ, 18-Sep-2026, 1604.80, 1606.90, 1623.50, 1577.20, 1582.70, 1586.30, 1593.14, 426779, 6799.20, 26484, 304105, 71.26
DEEPINDS, EQ, 18-Sep-2026, 734.70, 734.70, 747.60, 732.55, 747.00, 743.35, 741.21, 137404, 1018.46, 6480, 55405, 40.32
DEFENCE, EQ, 18-Sep-2026, 77.67, 78.09, 78.96, 78.00, 78.49, 78.72, 78.62, 216860, 170.49, 705, 114967, 53.01
DELAPLEX, SM, 18-Sep-2026, 98.25, 98.20, 98.25, 90.00, 91.45, 90.60, 92.24, 22800, 21.03, 36, 19200, 84.21
DELHIVERY, EQ, 18-Sep-2026, 425.95, 426.10, 433.55, 425.85, 428.00, 428.00, 429.55, 1686221, 7243.14, 31130, 1108231, 65.72
DELPHIFX, BE, 18-Sep-2026, 5.22, 5.29, 5.29, 4.96, 4.96, 4.96, 5.02, 300320, 15.07, 389, -, -
DELTACORP, EQ, 18-Sep-2026, 56.15, 56.50, 58.85, 56.03, 58.50, 58.34, 57.73, 1668878, 963.45, 10523, 818175, 49.03
DELTAMAGNT, EQ, 18-Sep-2026, 55.20, 56.90, 56.90, 53.50, 55.90, 54.95, 55.45, 898, 0.50, 94, 717, 79.84
DELTIC, SM, 18-Sep-2026, 34.25, 33.10, 34.00, 33.00, 33.05, 33.20, 33.28, 12000, 3.99, 11, 8000, 66.67
DEN, EQ, 18-Sep-2026, 26.45, 26.45, 26.75, 26.31, 26.75, 26.62, 26.54, 72184, 19.15, 715, 53909, 74.68
DENEERS, SM, 18-Sep-2026, 163.75, 166.75, 177.75, 166.75, 172.25, 172.25, 173.11, 10200, 17.66, 16, 9000, 88.24
DENORA, EQ, 18-Sep-2026, 784.85, 787.85, 790.55, 770.00, 789.00, 782.25, 779.24, 1861, 14.50, 291, 1225, 65.82
DENTA, EQ, 18-Sep-2026, 278.40, 279.30, 281.95, 276.55, 280.65, 279.35, 279.43, 61071, 170.65, 2549, 23249, 38.07
DENTALKART, SM, 18-Sep-2026, 395.50, 395.05, 427.50, 394.00, 424.00, 420.40, 417.38, 20000, 83.48, 73, 13500, 67.50
DEVIT, EQ, 18-Sep-2026, 23.43, 23.31, 23.90, 23.05, 23.07, 23.13, 23.27, 15846, 3.69, 214, 11366, 71.73
DEVX, EQ, 18-Sep-2026, 33.31, 33.00, 33.69, 31.21, 32.01, 32.21, 32.37, 103136, 33.38, 1223, 56700, 54.98
DEVYANI, EQ, 18-Sep-2026, 138.51, 139.43, 141.49, 138.19, 140.75, 140.62, 139.97, 2466888, 3452.98, 31750, 1312466, 53.20
DGCONTENT, EQ, 18-Sep-2026, 24.00, 23.80, 24.55, 23.71, 24.50, 24.49, 24.41, 19907, 4.86, 67, 18356, 92.21
DHABRIYA, BE, 18-Sep-2026, 467.30, 470.00, 490.65, 460.00, 490.65, 488.75, 474.24, 6986, 33.13, 152, -, -
DHAMPURSUG, EQ, 18-Sep-2026, 151.72, 152.45, 160.00, 148.61, 157.12, 156.22, 153.43, 762354, 1169.70, 10680, 327329, 42.94
DHANBANK, EQ, 18-Sep-2026, 28.88, 28.88, 29.75, 28.85, 29.74, 29.47, 29.24, 262185, 76.67, 1493, 142597, 54.39
DHANLAXMI, SM, 18-Sep-2026, 24.50, 24.00, 24.00, 24.00, 24.00, 24.00, 24.00, 2000, 0.48, 1, 2000, 100.00
DHANSA, ST, 18-Sep-2026, 30.70, 29.20, 31.15, 29.20, 30.25, 30.20, 29.95, 8000, 2.40, 4, 8000, 100.00
DHANUKA, EQ, 18-Sep-2026, 982.25, 980.05, 990.00, 970.05, 970.05, 973.30, 981.05, 13511, 132.55, 1478, 6950, 51.44
DHARAN, BZ, 18-Sep-2026, 0.13, 0.14, 0.14, 0.13, 0.14, 0.14, 0.14, 4858146, 6.80, 587, -, -
DHARARAIL, ST, 18-Sep-2026, 143.55, 140.25, 142.00, 140.25, 142.00, 142.00, 140.55, 7000, 9.84, 6, 7000, 100.00
DHARIWAL, SM, 18-Sep-2026, 24.35, 23.65, 24.90, 23.15, 24.70, 24.35, 23.47, 264000, 61.97, 68, 186000, 70.45
DHARMAJ, EQ, 18-Sep-2026, 271.10, 274.00, 286.90, 272.00, 277.00, 276.15, 278.48, 40591, 113.04, 2154, 20652, 50.88
DHATRE, EQ, 18-Sep-2026, 4.12, 4.40, 4.40, 4.08, 4.19, 4.18, 4.25, 31872, 1.36, 173, 23915, 75.03
DHOOTTRANS, EQ, 18-Sep-2026, 1579.80, 1575.00, 1603.80, 1558.00, 1595.10, 1590.70, 1585.74, 1187578, 18831.90, 55142, 361125, 30.41
DHRUV, EQ, 18-Sep-2026, 21.69, 21.00, 22.77, 21.00, 21.35, 21.40, 22.10, 14049, 3.11, 89, 12581, 89.55
DHTL, SM, 18-Sep-2026, 29.40, 28.00, 28.00, 27.95, 27.95, 27.95, 27.96, 12800, 3.58, 6, 12000, 93.75
DHUNINV, EQ, 18-Sep-2026, 981.75, 998.80, 1008.00, 980.00, 1002.00, 1001.95, 994.00, 799, 7.94, 92, 556, 69.59
DIACABS, BE, 18-Sep-2026, 376.05, 375.00, 375.00, 362.10, 366.25, 366.80, 367.58, 759461, 2791.65, 9714, -, -
DIAMINESQ, EQ, 18-Sep-2026, 255.04, 258.00, 259.86, 252.03, 259.80, 256.77, 256.09, 2884, 7.39, 88, 1518, 52.64
DIAMONDYD, EQ, 18-Sep-2026, 1100.40, 1107.00, 1122.00, 1079.20, 1084.00, 1088.10, 1096.07, 15018, 164.61, 1204, 10296, 68.56
DICIND, EQ, 18-Sep-2026, 628.45, 630.50, 642.00, 618.00, 628.30, 632.50, 631.66, 7309, 46.17, 362, 5067, 69.33
DIFFNKG, EQ, 18-Sep-2026, 435.85, 438.00, 452.00, 436.20, 448.00, 445.80, 444.19, 86835, 385.71, 4741, 35767, 41.19
DIGIDRIVE, EQ, 18-Sep-2026, 17.48, 17.24, 17.78, 17.11, 17.30, 17.43, 17.38, 22287, 3.87, 136, 19798, 88.83
DIGIKORE, SM, 18-Sep-2026, 39.45, 38.50, 39.60, 36.30, 37.95, 37.35, 37.52, 68400, 25.67, 75, 49600, 72.51
DIGISPICE, EQ, 18-Sep-2026, 16.28, 16.26, 17.09, 16.15, 16.91, 16.99, 16.83, 300569, 50.59, 627, 244649, 81.40
DIGITIDE, EQ, 18-Sep-2026, 84.82, 85.00, 85.94, 83.00, 83.00, 83.45, 84.02, 146398, 123.00, 1732, 84991, 58.05
DIGJAMLMTD, BE, 18-Sep-2026, 58.67, 58.50, 61.60, 58.50, 61.60, 61.60, 59.60, 18535, 11.05, 104, -, -
DISAQ, EQ, 18-Sep-2026, 11923.00, 12165.00, 12165.00, 11716.00, 12062.00, 12062.00, 11992.12, 137, 16.43, 84, 85, 62.04
DISHTV, EQ, 18-Sep-2026, 2.59, 2.62, 2.65, 2.52, 2.55, 2.56, 2.60, 2364283, 61.37, 1721, 1811051, 76.60
DIVGIITTS, EQ, 18-Sep-2026, 1122.20, 1122.20, 1141.70, 1118.70, 1124.00, 1130.20, 1128.41, 45303, 511.21, 4352, 22129, 48.85
DIVIDEND, EQ, 18-Sep-2026, 34.81, 34.77, 34.89, 34.69, 34.83, 34.85, 34.74, 2339, 0.81, 71, 1247, 53.31
DIVINEHIRA, ST, 18-Sep-2026, 104.95, 105.00, 107.00, 100.60, 104.85, 102.50, 103.49, 8400, 8.69, 6, 4800, 57.14
DIVISLAB, EQ, 18-Sep-2026, 9323.00, 9346.50, 9445.00, 9328.50, 9375.00, 9375.00, 9376.95, 691534, 64844.78, 96421, 492740, 71.25
DIVOPPBEES, EQ, 18-Sep-2026, 74.88, 75.25, 75.25, 74.44, 74.88, 74.71, 74.66, 25029, 18.69, 882, 14747, 58.92
DIXON, EQ, 18-Sep-2026, 13290.00, 13290.00, 13383.00, 13005.00, 13005.00, 13005.00, 13171.60, 371296, 48905.61, 38430, 195168, 52.56
DJML, EQ, 18-Sep-2026, 78.28, 79.09, 81.30, 77.01, 77.50, 77.65, 77.77, 19162, 14.90, 485, 9753, 50.90
DKEGL, SM, 18-Sep-2026, 63.30, 70.00, 70.00, 70.00, 70.00, 70.00, 70.00, 1500, 1.05, 1, 1500, 100.00
DLF, EQ, 18-Sep-2026, 640.00, 640.00, 653.70, 640.00, 644.35, 644.35, 649.12, 2890331, 18761.82, 62039, 1847279, 63.91
DLINKINDIA, EQ, 18-Sep-2026, 424.60, 427.80, 434.80, 424.10, 433.90, 430.05, 428.20, 46171, 197.71, 2024, 27711, 60.02
DMART, EQ, 18-Sep-2026, 3711.20, 3711.10, 3755.80, 3680.00, 3749.90, 3749.90, 3715.61, 881497, 32753.03, 31216, 626100, 71.03
DMCC, EQ, 18-Sep-2026, 261.70, 263.00, 284.00, 261.30, 279.15, 280.65, 276.67, 122609, 339.22, 4432, 47482, 38.73
DNAMEDIA, EQ, 18-Sep-2026, 2.31, 2.44, 2.50, 2.25, 2.38, 2.47, 2.41, 39981, 0.96, 149, 30016, 75.08
DODLA, EQ, 18-Sep-2026, 1049.60, 1054.00, 1095.00, 1048.50, 1095.00, 1083.60, 1067.27, 28490, 304.07, 4073, 16046, 56.32
DOLATALGO, EQ, 18-Sep-2026, 67.86, 67.99, 68.38, 67.05, 68.34, 67.32, 67.52, 98529, 66.53, 976, 63789, 64.74
DOLLAR, EQ, 18-Sep-2026, 267.00, 268.00, 278.00, 266.85, 274.00, 273.25, 273.84, 161698, 442.80, 4387, 82411, 50.97
DOLLEX, EQ, 18-Sep-2026, 37.05, 37.95, 38.50, 36.85, 37.00, 37.20, 37.68, 14860, 5.60, 98, 13045, 87.79
DOLPHIN, EQ, 18-Sep-2026, 673.70, 678.00, 684.75, 659.00, 669.00, 665.50, 669.39, 27025, 180.90, 1331, 11561, 42.78
DOMS, EQ, 18-Sep-2026, 2121.60, 2121.60, 2122.90, 2097.40, 2113.00, 2105.30, 2106.53, 20153, 424.53, 3495, 12925, 64.13
DONEAR, EQ, 18-Sep-2026, 82.81, 82.00, 84.18, 82.00, 83.99, 83.79, 83.18, 7103, 5.91, 135, 5501, 77.45
DPABHUSHAN, EQ, 18-Sep-2026, 1337.00, 1330.00, 1482.00, 1330.00, 1475.00, 1448.30, 1414.83, 37904, 536.28, 3119, 21535, 56.81
DPEL, SM, 18-Sep-2026, 642.65, 643.10, 650.00, 638.00, 647.10, 648.50, 645.26, 37000, 238.75, 65, 26000, 70.27
DPSCLTD, BE, 18-Sep-2026, 7.10, 7.10, 7.18, 6.85, 7.18, 7.16, 7.05, 84580, 5.96, 331, -, -
DPWIRES, BE, 18-Sep-2026, 146.95, 146.95, 149.77, 145.11, 147.20, 146.44, 147.83, 3010, 4.45, 107, -, -
DRAGARWQ, EQ, 18-Sep-2026, 5255.00, 5339.50, 5380.00, 5251.00, 5379.00, 5371.50, 5313.63, 708, 37.62, 276, 289, 40.82
DRCSYSTEMS, EQ, 18-Sep-2026, 12.59, 12.81, 12.81, 12.31, 12.64, 12.63, 12.58, 12957, 1.63, 217, 10416, 80.39
DREAMFOLKS, EQ, 18-Sep-2026, 65.17, 65.98, 65.98, 64.32, 64.80, 64.76, 64.84, 30395, 19.71, 782, 18892, 62.15
DREDGECORP, EQ, 18-Sep-2026, 988.00, 985.60, 1006.00, 985.00, 991.60, 992.30, 994.76, 36676, 364.84, 3220, 16550, 45.12
DRONE, SM, 18-Sep-2026, 32.75, 32.80, 33.50, 32.80, 32.95, 32.95, 33.23, 14000, 4.65, 16, 12000, 85.71
DRREDDY, EQ, 18-Sep-2026, 1175.00, 1182.60, 1207.50, 1182.10, 1185.00, 1185.00, 1192.09, 3002566, 35793.22, 81367, 1743201, 58.06
DSFCL, BE, 18-Sep-2026, 24.98, 25.00, 26.20, 24.31, 25.90, 26.14, 25.26, 92554, 23.38, 186, -, -
DSKULKARNI, BE, 18-Sep-2026, 22.27, 22.71, 22.71, 22.71, 22.71, 22.71, 22.71, 161, 0.04, 5, -, -
DSSL, EQ, 18-Sep-2026, 1008.60, 1042.40, 1042.40, 1010.50, 1012.90, 1013.40, 1015.94, 13842, 140.63, 1939, 7249, 52.37
DTIL, BE, 18-Sep-2026, 138.98, 141.00, 141.00, 137.90, 138.00, 138.42, 138.65, 3024, 4.19, 26, -, -
DUCOL, SM, 18-Sep-2026, 127.35, 126.00, 130.45, 126.00, 130.40, 130.20, 129.23, 17600, 22.74, 18, 16000, 90.91
DUCON, EQ, 18-Sep-2026, 1.27, 1.22, 1.29, 1.15, 1.24, 1.23, 1.23, 6489613, 79.72, 1756, 4614009, 71.10
DUGLOBAL, SM, 18-Sep-2026, 23.45, 21.50, 24.70, 21.50, 21.80, 21.95, 22.47, 65000, 14.60, 25, 50000, 76.92
DURLAX, SM, 18-Sep-2026, 57.15, 57.95, 64.00, 57.00, 62.50, 63.30, 59.47, 284000, 168.88, 100, 160000, 56.34
DVL, EQ, 18-Sep-2026, 278.80, 280.45, 293.25, 280.45, 291.55, 290.00, 289.34, 11439, 33.10, 452, 7884, 68.92
DWARKESH, EQ, 18-Sep-2026, 40.53, 40.52, 41.51, 39.86, 41.32, 41.15, 40.65, 1861792, 756.75, 7316, 524654, 28.18
DYCL, EQ, 18-Sep-2026, 442.35, 443.90, 464.00, 443.55, 457.60, 457.40, 455.49, 419341, 1910.04, 13915, 125839, 30.01
DYNAMATECH, EQ, 18-Sep-2026, 11819.00, 11819.00, 12215.00, 11743.00, 12056.00, 12061.00, 12077.00, 12437, 1502.02, 4409, 4256, 34.22
DYNAMIC, ST, 18-Sep-2026, 139.90, 143.40, 146.85, 139.10, 143.00, 142.60, 144.45, 24000, 34.67, 47, 21500, 89.58
DYNPRO, EQ, 18-Sep-2026, 227.85, 230.05, 232.00, 228.00, 231.00, 229.89, 229.55, 4824, 11.07, 150, 3767, 78.09
E2E, BE, 18-Sep-2026, 604.40, 607.05, 620.00, 599.00, 608.90, 607.65, 608.54, 595972, 3626.72, 7146, -, -
E2ERAIL, SM, 18-Sep-2026, 346.45, 350.00, 362.00, 337.10, 337.10, 344.65, 353.54, 136800, 483.64, 144, 47200, 34.50
EASEMYTRIP, EQ, 18-Sep-2026, 5.79, 5.81, 5.81, 5.71, 5.75, 5.76, 5.75, 13670746, 786.69, 8187, 7276894, 53.23
EASTSILK, BE, 18-Sep-2026, 61.06, 61.50, 64.11, 61.50, 64.00, 64.07, 63.86, 1041, 0.66, 14, -, -
EASTWEST, EQ, 18-Sep-2026, 2.21, 2.23, 2.27, 2.10, 2.26, 2.25, 2.19, 56253, 1.23, 174, 41762, 74.24
EBANK10, EQ, 18-Sep-2026, 16.28, 16.59, 16.59, 16.57, 16.57, 16.57, 16.59, 109, 0.02, 2, 109, 100.00
EBANKNIFTY, EQ, 18-Sep-2026, 56.74, 56.83, 56.98, 56.53, 56.96, 56.96, 56.74, 1676, 0.95, 17, 1590, 94.87
EBBETF0430, EQ, 18-Sep-2026, 1607.25, 1639.40, 1639.40, 1604.01, 1613.10, 1610.90, 1608.74, 3456, 55.60, 265, 2458, 71.12
EBBETF0431, EQ, 18-Sep-2026, 1432.11, 1438.47, 1439.97, 1429.21, 1431.15, 1431.44, 1432.90, 2826, 40.49, 68, 2431, 86.02
EBBETF0433, EQ, 18-Sep-2026, 1304.44, 1304.20, 1309.00, 1301.08, 1303.05, 1303.19, 1305.48, 2911, 38.00, 130, 1689, 58.02
EBGNG, EQ, 18-Sep-2026, 661.65, 668.25, 711.25, 664.55, 705.20, 703.05, 695.55, 1067215, 7423.06, 43981, 347908, 32.60
EBIX, BE, 18-Sep-2026, 19.24, 19.24, 19.30, 18.66, 19.20, 19.03, 19.13, 5798, 1.11, 64, -, -
ECAPINSURE, EQ, 18-Sep-2026, 23.54, 23.78, 24.01, 23.48, 23.53, 23.61, 23.56, 24238, 5.71, 161, 20540, 84.74
ECLERX, EQ, 18-Sep-2026, 1923.00, 1919.40, 1938.80, 1898.70, 1920.00, 1915.60, 1916.08, 177527, 3401.57, 16588, 85789, 48.32
ECOLINE, ST, 18-Sep-2026, 166.15, 166.00, 173.30, 166.00, 173.30, 173.30, 169.62, 15000, 25.44, 15, 12000, 80.00
ECORECO, EQ, 18-Sep-2026, 435.85, 442.80, 445.95, 424.00, 430.00, 432.10, 434.45, 8812, 38.28, 796, 5140, 58.33
ECOSMOBLTY, EQ, 18-Sep-2026, 106.89, 107.45, 108.50, 106.50, 108.00, 108.12, 107.49, 30641, 32.94, 955, 16996, 55.47
EDELWEISS, EQ, 18-Sep-2026, 128.34, 128.42, 136.90, 128.42, 136.00, 136.25, 134.17, 9148549, 12274.42, 48024, 4338894, 47.43
EEPL, ST, 18-Sep-2026, 136.00, 138.00, 138.00, 133.00, 133.00, 133.00, 135.66, 10000, 13.57, 10, 9000, 90.00
EFACTOR, SM, 18-Sep-2026, 162.30, 164.95, 165.00, 164.95, 165.00, 165.00, 164.99, 3200, 5.28, 8, 3200, 100.00
EFCIL, EQ, 18-Sep-2026, 177.95, 179.89, 180.50, 176.85, 179.50, 178.67, 178.13, 216644, 385.91, 2480, 121947, 56.29
EFFWA, SM, 18-Sep-2026, 360.40, 360.40, 368.95, 345.00, 362.10, 362.10, 359.16, 28800, 103.44, 43, 18800, 65.28
EFORCE, SM, 18-Sep-2026, 18.80, 18.80, 19.45, 18.30, 18.30, 18.30, 18.73, 6000, 1.12, 5, 4800, 80.00
EGOLD, EQ, 18-Sep-2026, 150.45, 151.65, 153.15, 151.65, 152.50, 152.80, 152.55, 71864, 109.63, 853, 43136, 60.02
EICHERMOT, EQ, 18-Sep-2026, 7493.50, 7523.50, 7569.00, 7477.00, 7516.00, 7516.00, 7519.03, 419526, 31544.28, 28876, 296630, 70.71
EIDPARRY, EQ, 18-Sep-2026, 703.10, 694.65, 708.15, 682.75, 700.40, 700.70, 695.49, 854169, 5940.64, 41072, 399940, 46.82
EIEL, EQ, 18-Sep-2026, 199.64, 201.00, 202.00, 196.06, 201.80, 200.01, 198.81, 574560, 1142.27, 9796, 267655, 46.58
EIFFL, BE, 18-Sep-2026, 264.70, 259.45, 262.10, 259.45, 262.10, 262.10, 259.90, 7949, 20.66, 23, -, -
EIHAHOTELS, EQ, 18-Sep-2026, 294.95, 294.95, 307.80, 294.05, 302.00, 303.50, 301.68, 37838, 114.15, 1499, 19153, 50.62
EIHOTEL, EQ, 18-Sep-2026, 299.90, 304.00, 321.15, 299.95, 317.20, 317.90, 314.52, 1308371, 4115.08, 32093, 439618, 33.60
EIMCOELECO, EQ, 18-Sep-2026, 2247.40, 2247.00, 2292.80, 2240.00, 2240.00, 2248.40, 2256.43, 15042, 339.41, 1931, 7641, 50.80
EKC, EQ, 18-Sep-2026, 101.01, 100.10, 101.88, 99.21, 100.91, 101.07, 100.50, 92899, 93.37, 1766, 52898, 56.94
EKI, EQ, 18-Sep-2026, 68.36, 67.51, 69.89, 67.50, 68.30, 68.34, 68.43, 6068, 4.15, 253, 4339, 71.51
ELANTAS, EQ, 18-Sep-2026, 13686.00, 13747.00, 14400.00, 13561.00, 14171.00, 14228.00, 14064.26, 3136, 441.06, 1607, 1257, 40.08
ELCIDIN, EQ, 18-Sep-2026, 106270.00, 109735.00, 109735.00, 103820.00, 103820.00, 105130.00, 106642.69, 13, 13.86, 13, 8, 61.54
ELDEHSG, EQ, 18-Sep-2026, 767.10, 788.00, 789.95, 770.25, 780.00, 781.70, 783.64, 209, 1.64, 41, 161, 77.03
ELECON, EQ, 18-Sep-2026, 414.60, 414.60, 424.95, 414.00, 417.50, 421.20, 419.61, 301790, 1266.34, 14095, 93911, 31.12
ELECTCAST, EQ, 18-Sep-2026, 74.07, 74.25, 75.30, 72.90, 73.40, 73.38, 73.56, 1797787, 1322.54, 15307, 1029734, 57.28
ELECTHERM, EQ, 18-Sep-2026, 932.65, 932.00, 947.00, 920.00, 933.00, 925.50, 927.11, 12959, 120.14, 310, 10913, 84.21
ELGIEQUIP, EQ, 18-Sep-2026, 593.30, 593.90, 613.30, 593.30, 606.55, 609.55, 606.14, 398074, 2412.88, 20986, 216857, 54.48
ELGIRUBCO, EQ, 18-Sep-2026, 60.81, 60.81, 62.38, 60.81, 61.75, 61.60, 61.69, 74237, 45.79, 632, 49196, 66.27
ELGNZ, SM, 18-Sep-2026, 85.50, 83.05, 86.70, 82.75, 83.05, 85.85, 84.91, 23000, 19.53, 15, 8000, 34.78
ELIN, EQ, 18-Sep-2026, 89.88, 89.51, 90.29, 87.90, 88.50, 88.53, 88.62, 71187, 63.09, 1260, 42467, 59.66
ELIQUID, EQ, 18-Sep-2026, 1047.99, 1048.39, 1048.40, 1048.39, 1048.40, 1048.40, 1048.40, 9883, 103.61, 10, 9883, 100.00
ELITECON, EQ, 18-Sep-2026, 7.75, 7.37, 8.13, 7.37, 8.00, 7.99, 7.85, 15604333, 1225.70, 15798, 9190865, 58.90
ELLEN, EQ, 18-Sep-2026, 371.00, 371.00, 387.00, 370.70, 374.00, 373.10, 377.56, 733301, 2768.66, 15591, 309633, 42.22
ELM250, EQ, 18-Sep-2026, 16.27, 16.36, 16.45, 16.01, 16.14, 16.15, 16.22, 73569, 11.94, 281, 47225, 64.19
ELMDIV, EQ, 18-Sep-2026, 35.22, 35.39, 35.50, 35.39, 35.50, 35.50, 35.47, 4, 0.00, 2, 4, 100.00
ELPROINTL, EQ, 18-Sep-2026, 173.26, 172.86, 174.58, 170.97, 172.05, 172.53, 172.18, 15621, 26.90, 1881, 12372, 79.20
EMAMILTD, EQ, 18-Sep-2026, 376.10, 380.00, 380.05, 366.55, 368.90, 368.45, 371.10, 3703471, 13743.55, 74331, 1841498, 49.72
EMAMIPAP, BE, 18-Sep-2026, 111.97, 111.97, 117.56, 106.38, 117.10, 116.70, 112.74, 59907, 67.54, 324, -, -
EMAMIREAL, EQ, 18-Sep-2026, 67.87, 69.40, 69.40, 66.15, 66.42, 67.18, 66.95, 3888, 2.60, 87, 2907, 74.77
EMAPARTNER, SM, 18-Sep-2026, 82.00, 82.00, 84.50, 82.00, 84.50, 84.50, 82.83, 20000, 16.57, 9, 18000, 90.00
EMBASSY, RR, 18-Sep-2026, 439.46, 439.46, 446.60, 437.50, 439.26, 441.07, 440.09, 5129525, 22574.72, 28060, 4597276, 89.62
EMBDL, EQ, 18-Sep-2026, 54.91, 55.00, 55.00, 53.50, 53.70, 53.88, 53.95, 2229839, 1203.10, 8889, 968626, 43.44
EMCURE, EQ, 18-Sep-2026, 1909.80, 1915.90, 2100.70, 1915.10, 2083.00, 2003.80, 2000.74, 1744754, 34908.05, 51792, 1140456, 65.36
EMETAL, EQ, 18-Sep-2026, 12.99, 12.99, 13.10, 12.87, 13.10, 13.05, 12.94, 6609, 0.85, 39, 5957, 90.13
EMIL, EQ, 18-Sep-2026, 185.07, 186.85, 202.86, 185.10, 195.90, 196.28, 197.41, 15751870, 31095.81, 153469, 4185572, 26.57
EMKAY, EQ, 18-Sep-2026, 248.95, 248.95, 253.75, 244.95, 249.00, 248.90, 248.60, 11664, 29.00, 358, 7785, 66.74
EMMBI, BE, 18-Sep-2026, 87.91, 87.25, 89.76, 86.10, 89.00, 88.91, 87.60, 2806, 2.46, 58, -, -
EMMIL, SM, 18-Sep-2026, 115.00, 117.50, 117.50, 113.75, 115.50, 114.90, 115.08, 6250, 7.19, 20, 5750, 92.00
EMMVEE, EQ, 18-Sep-2026, 325.50, 328.65, 333.00, 326.60, 329.00, 328.00, 329.44, 974170, 3209.28, 26528, 457752, 46.99
EMPIND, EQ, 18-Sep-2026, 1065.30, 1043.80, 1064.80, 1043.40, 1056.00, 1057.10, 1056.65, 968, 10.23, 104, 743, 76.76
EMPOWER, EQ, 18-Sep-2026, 2.50, 2.38, 2.38, 2.38, 2.38, 2.38, 2.38, 1202346, 28.62, 1105, 1200846, 99.88
EMSLIMITED, EQ, 18-Sep-2026, 364.50, 364.50, 371.25, 362.00, 365.20, 366.65, 365.67, 104833, 383.34, 3238, 44694, 42.63
EMUDHRA, EQ, 18-Sep-2026, 633.35, 633.25, 638.10, 601.10, 620.00, 613.45, 614.03, 1272884, 7815.94, 35360, 256767, 20.17
EMULTIMQ, EQ, 18-Sep-2026, 41.29, 41.28, 41.55, 40.94, 41.44, 41.35, 41.39, 9268, 3.84, 169, 5270, 56.86
ENCOMPAS, SM, 18-Sep-2026, 259.90, 260.00, 260.00, 227.00, 234.50, 238.85, 243.28, 56400, 137.21, 66, 39600, 70.21
ENDURANCE, EQ, 18-Sep-2026, 2690.80, 2680.80, 2743.60, 2680.80, 2741.00, 2732.00, 2724.34, 88695, 2416.35, 17705, 63572, 71.67
ENERGY, EQ, 18-Sep-2026, 37.60, 38.08, 38.20, 37.21, 38.14, 38.14, 38.02, 124531, 47.34, 683, 89377, 71.77
ENERGYAXIS, EQ, 18-Sep-2026, 18.76, 18.94, 19.19, 18.75, 19.14, 18.96, 18.88, 10923, 2.06, 46, 4896, 44.82
ENERGYDEV, EQ, 18-Sep-2026, 14.66, 14.66, 15.01, 14.50, 14.51, 14.68, 14.81, 18897, 2.80, 266, 13676, 72.37
ENEXT50, EQ, 18-Sep-2026, 70.89, 70.89, 72.41, 70.89, 71.60, 71.60, 71.20, 406, 0.29, 10, 382, 94.09
ENFUSE, SM, 18-Sep-2026, 142.00, 142.00, 142.00, 142.00, 142.00, 142.00, 142.00, 1800, 2.56, 3, 1200, 66.67
ENGINERSIN, EQ, 18-Sep-2026, 263.75, 265.00, 268.50, 263.50, 267.00, 266.35, 266.26, 1732303, 4612.45, 27786, 860578, 49.68
ENIFTY, EQ, 18-Sep-2026, 23.49, 24.07, 24.07, 23.45, 23.61, 23.60, 23.48, 4415, 1.04, 69, 4210, 95.36
ENIL, EQ, 18-Sep-2026, 100.85, 100.00, 102.80, 99.50, 100.40, 101.90, 100.60, 13770, 13.85, 300, 10688, 77.62
ENKEIWHEL, EQ, 18-Sep-2026, 392.60, 388.00, 404.90, 385.40, 392.15, 395.10, 392.29, 827, 3.24, 83, 670, 81.02
ENRIN, EQ, 18-Sep-2026, 3109.10, 3116.00, 3250.00, 3110.00, 3245.00, 3228.00, 3199.57, 740325, 23687.20, 61825, 494927, 66.85
ENSER, SM, 18-Sep-2026, 15.00, 15.20, 15.20, 14.05, 14.10, 14.10, 14.56, 35000, 5.10, 7, 20000, 57.14
ENTERO, EQ, 18-Sep-2026, 1666.60, 1669.90, 1737.80, 1669.90, 1729.80, 1732.30, 1708.99, 244661, 4181.23, 22667, 114756, 46.90
ENVIRO, SM, 18-Sep-2026, 67.65, 69.00, 69.00, 65.05, 65.05, 66.00, 67.49, 28000, 18.90, 20, 20000, 71.43
EPACK, EQ, 18-Sep-2026, 180.82, 181.01, 183.01, 178.40, 178.77, 178.84, 179.35, 161343, 289.38, 3132, 78859, 48.88
EPACKPEB, EQ, 18-Sep-2026, 222.26, 225.00, 231.61, 224.41, 226.50, 226.26, 228.01, 315915, 720.31, 6805, 129027, 40.84
EPIGRAL, EQ, 18-Sep-2026, 1101.40, 1101.90, 1119.40, 1093.10, 1108.00, 1105.30, 1103.98, 25007, 276.07, 2774, 14598, 58.38
EPL, EQ, 18-Sep-2026, 231.40, 234.00, 241.10, 233.75, 240.00, 239.35, 238.89, 2325889, 5556.41, 30272, 1416217, 60.89
EPWINDIA, ST, 18-Sep-2026, 240.00, 242.00, 252.00, 240.00, 240.00, 240.15, 247.49, 18000, 44.55, 13, 14400, 80.00
EQUAL200, EQ, 18-Sep-2026, 13.43, 13.48, 13.60, 13.48, 13.60, 13.60, 13.54, 2868, 0.39, 44, 2101, 73.26
EQUAL50, EQ, 18-Sep-2026, 323.05, 323.08, 323.77, 322.59, 323.77, 323.77, 323.19, 2038, 6.59, 12, 109, 5.35
EQUAL50ADD, EQ, 18-Sep-2026, 333.34, 333.64, 334.50, 333.05, 334.00, 334.35, 334.10, 6164, 20.59, 182, 4601, 74.64
EQUIPPP, BE, 18-Sep-2026, 24.39, 24.00, 24.60, 23.26, 24.60, 24.51, 24.49, 53053, 12.99, 27, -, -
EQUITASBNK, EQ, 18-Sep-2026, 72.13, 72.05, 74.90, 71.89, 73.99, 74.09, 73.59, 2395159, 1762.67, 9514, 1521514, 63.52
ERIS, EQ, 18-Sep-2026, 1310.70, 1315.10, 1355.10, 1303.10, 1312.60, 1321.30, 1324.16, 143139, 1895.39, 12093, 74243, 51.87
ESABINDIA, EQ, 18-Sep-2026, 5618.50, 5618.50, 5659.50, 5600.50, 5601.00, 5627.50, 5629.28, 3207, 180.53, 1268, 1999, 62.33
ESAFSFB, BE, 18-Sep-2026, 38.44, 38.27, 39.50, 38.27, 38.93, 39.19, 39.02, 206115, 80.43, 1227, -, -
ESCONET, ST, 18-Sep-2026, 213.95, 203.30, 224.00, 203.30, 214.00, 214.50, 208.61, 43200, 90.12, 80, 37200, 86.11
ESCORTS, EQ, 18-Sep-2026, 2830.00, 2830.00, 2836.80, 2769.40, 2799.90, 2798.20, 2802.76, 81690, 2289.58, 10890, 50113, 61.35
ESDS, EQ, 18-Sep-2026, 1646.85, 1565.00, 1594.00, 1564.55, 1564.55, 1564.55, 1569.08, 582208, 9135.28, 9293, 365267, 62.74
ESENSEX, EQ, 18-Sep-2026, 75.15, 75.39, 75.51, 74.84, 75.51, 75.51, 74.91, 1311, 0.98, 11, 1300, 99.16
ESFL, SM, 18-Sep-2026, 124.25, 123.50, 125.00, 123.50, 125.00, 124.85, 124.17, 7200, 8.94, 16, 6840, 95.00
ESG, EQ, 18-Sep-2026, 39.92, 40.11, 40.29, 40.01, 40.22, 40.24, 40.15, 5616, 2.25, 62, 4034, 71.83
ESILVER, EQ, 18-Sep-2026, 226.68, 228.98, 235.10, 228.98, 233.47, 234.30, 234.11, 255075, 597.16, 2677, 222798, 87.35
ESPRIT, SM, 18-Sep-2026, 60.50, 62.25, 64.25, 62.25, 64.25, 64.10, 63.40, 11200, 7.10, 7, 8000, 71.43
ESSARSHPNG, EQ, 18-Sep-2026, 16.14, 16.46, 16.53, 16.06, 16.25, 16.19, 16.27, 112302, 18.27, 545, 82208, 73.20
ESSENTIA, EQ, 18-Sep-2026, 1.02, 1.03, 1.04, 1.02, 1.04, 1.03, 1.03, 1591457, 16.39, 678, 1050280, 65.99
ESTER, EQ, 18-Sep-2026, 86.76, 87.56, 88.90, 86.60, 88.90, 87.67, 87.33, 36137, 31.56, 691, 22078, 61.10
ETERNAL, EQ, 18-Sep-2026, 322.35, 328.50, 329.75, 325.70, 326.85, 326.85, 327.65, 17696853, 57984.00, 98817, 9746344, 55.07
ETHOSLTD, EQ, 18-Sep-2026, 2651.00, 2655.00, 2682.60, 2612.60, 2662.00, 2661.50, 2654.40, 27302, 724.71, 6994, 13852, 50.74
ETL, SM, 18-Sep-2026, 1040.00, 1050.00, 1057.50, 1050.00, 1057.00, 1057.25, 1052.90, 750, 7.90, 5, 600, 80.00
ETML, SM, 18-Sep-2026, 80.00, 80.00, 82.00, 80.00, 81.60, 81.60, 81.20, 3600, 2.92, 3, 2400, 66.67
EUREKAFORB, EQ, 18-Sep-2026, 391.10, 393.40, 395.25, 383.00, 385.95, 385.30, 385.84, 438600, 1692.28, 19601, 265429, 60.52
EUROBOND, EQ, 18-Sep-2026, 148.49, 150.00, 154.00, 147.03, 148.01, 148.05, 148.94, 4198, 6.25, 92, 2411, 57.43
EUROPRATIK, EQ, 18-Sep-2026, 234.85, 232.00, 235.70, 229.10, 231.00, 231.75, 232.16, 211870, 491.89, 4387, 58411, 27.57
EUROTEXIND, BE, 18-Sep-2026, 11.74, 11.74, 11.74, 11.74, 11.74, 11.74, 11.74, 975, 0.11, 2, -, -
EVEREADY, EQ, 18-Sep-2026, 334.10, 334.10, 341.50, 328.50, 331.10, 331.00, 332.63, 178458, 593.61, 4210, 103675, 58.09
EVERESTIND, BE, 18-Sep-2026, 400.00, 400.00, 420.00, 395.00, 410.50, 412.50, 408.38, 5429, 22.17, 122, -, -
EVIETF, EQ, 18-Sep-2026, 31.71, 31.92, 32.95, 31.73, 32.95, 32.04, 31.97, 133816, 42.78, 502, 81935, 61.23
EVINDIA, EQ, 18-Sep-2026, 31.84, 32.48, 32.48, 31.78, 31.93, 32.00, 31.94, 100432, 32.08, 1133, 73176, 72.86
EXCELINDUS, EQ, 18-Sep-2026, 963.80, 963.80, 979.90, 945.10, 961.00, 958.20, 956.50, 12412, 118.72, 1047, 5975, 48.14
EXCELLENT, ST, 18-Sep-2026, 205.00, 195.00, 195.00, 195.00, 195.00, 195.00, 195.00, 3200, 6.24, 2, 1600, 50.00
EXCELSOFT, EQ, 18-Sep-2026, 79.80, 80.00, 80.19, 77.24, 78.45, 78.08, 78.57, 372636, 292.79, 3235, 172895, 46.40
EXICOM, EQ, 18-Sep-2026, 160.09, 160.00, 165.20, 160.00, 164.25, 163.68, 163.19, 730474, 1192.06, 8853, 266722, 36.51
EXIDEIND, EQ, 18-Sep-2026, 418.60, 419.35, 444.70, 419.35, 433.35, 435.85, 434.89, 5570954, 24227.64, 87157, 2544769, 45.68
EXIMROUTES, SM, 18-Sep-2026, 103.00, 102.00, 106.05, 94.05, 94.30, 94.75, 96.00, 12800, 12.29, 15, 9600, 75.00
EXPLEOSOL, EQ, 18-Sep-2026, 898.05, 898.05, 900.90, 875.00, 877.65, 881.95, 888.23, 20658, 183.49, 1548, 10970, 53.10
EXXARO, EQ, 18-Sep-2026, 6.26, 6.20, 6.39, 6.20, 6.25, 6.25, 6.26, 115668, 7.24, 345, 95904, 82.91
FABTECH, EQ, 18-Sep-2026, 146.92, 147.40, 148.98, 146.92, 148.10, 147.93, 147.86, 41486, 61.34, 492, 21625, 52.13
FACT, EQ, 18-Sep-2026, 759.80, 764.95, 767.65, 753.05, 764.00, 764.20, 760.92, 66764, 508.02, 4702, 19346, 28.98
FAIRCHEMOR, BE, 18-Sep-2026, 622.90, 624.00, 640.00, 601.30, 624.85, 634.00, 623.14, 7851, 48.92, 500, -, -
FALCONTECH, SM, 18-Sep-2026, 11.50, 11.95, 13.75, 11.70, 13.00, 13.05, 12.34, 13200, 1.63, 11, 9600, 72.73
FASCINATE, SM, 18-Sep-2026, 45.60, 43.70, 47.85, 43.45, 47.85, 47.85, 46.78, 270400, 126.48, 206, 209600, 77.51
FAZE3Q, EQ, 18-Sep-2026, 442.15, 442.00, 448.00, 438.00, 439.00, 442.95, 442.32, 11314, 50.04, 678, 7445, 65.80
FCL, EQ, 18-Sep-2026, 52.99, 53.31, 57.75, 52.90, 57.18, 57.02, 55.66, 26160940, 14560.99, 78801, 6966016, 26.63
FCSSOFT, EQ, 18-Sep-2026, 1.42, 1.42, 1.43, 1.41, 1.41, 1.41, 1.42, 856983, 12.13, 899, 620796, 72.44
FDC, EQ, 18-Sep-2026, 352.15, 353.15, 354.15, 347.70, 354.15, 352.50, 351.13, 115044, 403.96, 3947, 69141, 60.10
FEDDERSHOL, EQ, 18-Sep-2026, 52.29, 52.80, 53.39, 52.70, 52.70, 52.90, 53.01, 4766815, 2526.98, 19372, 853382, 17.90
FEDERALBNK, EQ, 18-Sep-2026, 332.75, 332.80, 335.40, 325.40, 332.75, 332.75, 330.45, 14568034, 48139.60, 130568, 9314058, 63.93
FEDFINA, EQ, 18-Sep-2026, 152.27, 152.27, 156.00, 151.82, 155.00, 155.25, 154.19, 792266, 1221.58, 13741, 405950, 51.24
FEL, BZ, 18-Sep-2026, 0.36, 0.36, 0.37, 0.36, 0.37, 0.36, 0.37, 458221, 1.68, 83, -, -
FELDVR, BZ, 18-Sep-2026, 1.96, 1.96, 2.05, 1.96, 2.05, 2.05, 1.99, 1748, 0.03, 12, -, -
FELIX, SM, 18-Sep-2026, 203.95, 203.50, 207.75, 201.00, 207.50, 206.15, 203.94, 21500, 43.85, 40, 14500, 67.44
FERMENTA, EQ, 18-Sep-2026, 465.70, 465.70, 478.90, 465.70, 473.50, 474.15, 471.88, 26096, 123.14, 1441, 15164, 58.11
FIBERWEB, EQ, 18-Sep-2026, 26.40, 26.49, 26.57, 25.80, 26.45, 26.10, 26.13, 9330, 2.44, 148, 7113, 76.24
FIDEL, SM, 18-Sep-2026, 157.40, 155.85, 165.30, 155.85, 163.00, 161.55, 160.78, 39000, 62.70, 35, 28000, 71.79
FIEMIND, EQ, 18-Sep-2026, 1900.90, 1907.00, 1963.90, 1907.00, 1931.00, 1937.30, 1944.32, 71600, 1392.13, 10107, 38930, 54.37
FILATEX, EQ, 18-Sep-2026, 90.35, 90.32, 94.50, 87.73, 93.42, 93.83, 92.03, 6299414, 5797.54, 40939, 2031162, 32.24
FILATFASH, EQ, 18-Sep-2026, 0.18, 0.19, 0.19, 0.17, 0.18, 0.17, 0.18, 16682906, 30.14, 2044, 13756221, 82.46
FINBUD, SM, 18-Sep-2026, 124.90, 124.85, 125.00, 122.10, 122.20, 122.30, 123.44, 15000, 18.52, 14, 12000, 80.00
FINCABLES, EQ, 18-Sep-2026, 1395.80, 1399.00, 1434.70, 1390.20, 1413.90, 1411.20, 1411.61, 1061919, 14990.17, 53814, 450708, 42.44
FINEORG, EQ, 18-Sep-2026, 5202.00, 5219.50, 5271.00, 5160.00, 5175.00, 5199.00, 5203.22, 45907, 2388.64, 10012, 30435, 66.30
FINIETF, EQ, 18-Sep-2026, 31.93, 32.17, 32.46, 32.06, 32.40, 32.28, 32.19, 140103, 45.10, 836, 112355, 80.19
FINKURVE, EQ, 18-Sep-2026, 75.05, 74.93, 76.90, 72.14, 72.88, 73.10, 73.65, 35407, 26.08, 609, 15321, 43.27
FINOPB, EQ, 18-Sep-2026, 136.43, 135.87, 137.70, 135.00, 135.10, 135.48, 136.00, 82685, 112.45, 1519, 41868, 50.64
FINPIPE, EQ, 18-Sep-2026, 154.43, 154.00, 156.00, 153.03, 154.00, 154.63, 154.71, 484153, 749.01, 13954, 231602, 47.84
FIRSTCRY, EQ, 18-Sep-2026, 169.25, 169.80, 173.00, 163.37, 171.51, 172.15, 167.90, 6662007, 11185.36, 59111, 1470300, 22.07
FISCHER, EQ, 18-Sep-2026, 33.30, 33.31, 33.76, 32.71, 33.41, 33.15, 33.12, 361136, 119.61, 2290, 207435, 57.44
FIVESTAR, EQ, 18-Sep-2026, 530.95, 527.50, 545.90, 524.00, 534.70, 538.45, 534.26, 741259, 3960.27, 34441, 318603, 42.98
FLAIR, EQ, 18-Sep-2026, 237.13, 239.99, 240.00, 232.20, 235.90, 235.23, 235.46, 44067, 103.76, 1451, 18556, 42.11
FLEXIADD, EQ, 18-Sep-2026, 9.73, 9.72, 9.85, 9.71, 9.81, 9.79, 9.75, 103179, 10.06, 311, 69232, 67.10
FLEXITUFF, BE, 18-Sep-2026, 2.46, 2.58, 2.58, 2.58, 2.58, 2.58, 2.58, 3818, 0.10, 12, -, -
FLFL, BZ, 18-Sep-2026, 1.11, 1.08, 1.16, 1.08, 1.16, 1.15, 1.14, 78664, 0.90, 92, -, -
FLUOROCHEM, EQ, 18-Sep-2026, 4471.80, 4490.00, 4613.90, 4490.00, 4599.00, 4586.70, 4565.63, 225937, 10315.46, 17132, 158606, 70.20
FLYSBS, SM, 18-Sep-2026, 651.30, 666.60, 685.00, 663.00, 668.00, 670.40, 674.93, 53800, 363.11, 227, 41600, 77.32
FMCGADD, EQ, 18-Sep-2026, 45.96, 46.18, 46.18, 45.75, 46.09, 46.02, 45.98, 16877, 7.76, 88, 8759, 51.90
FMCGIETF, EQ, 18-Sep-2026, 49.12, 49.49, 49.49, 48.87, 49.49, 49.28, 49.11, 1479012, 726.27, 3295, 756728, 51.16
FMGOETZE, EQ, 18-Sep-2026, 447.50, 447.50, 455.00, 444.45, 444.60, 446.15, 449.41, 117700, 528.95, 4058, 53275, 45.26
FMNL, EQ, 18-Sep-2026, 8.91, 8.75, 9.35, 8.53, 9.34, 9.24, 8.93, 103859, 9.28, 298, 68340, 65.80
FOCUS, BE, 18-Sep-2026, 59.31, 59.60, 61.72, 58.61, 61.00, 60.64, 60.17, 33288, 20.03, 170, -, -
FONEBOX, SM, 18-Sep-2026, 125.95, 132.20, 132.20, 132.00, 132.20, 132.20, 132.19, 33000, 43.62, 26, 31000, 93.94
FOODSIN, EQ, 18-Sep-2026, 54.79, 53.55, 55.29, 53.12, 54.45, 54.57, 54.14, 62580, 33.88, 839, 38038, 60.78
FORCAS, ST, 18-Sep-2026, 209.30, 218.50, 218.50, 205.00, 213.95, 213.95, 210.16, 9600, 20.18, 5, 6400, 66.67
FORCEMOT, EQ, 18-Sep-2026, 17650.00, 17622.00, 17882.00, 17488.00, 17488.00, 17488.00, 17724.73, 63130, 11189.62, 15422, 36485, 57.79
FORGEAUTO, SM, 18-Sep-2026, 100.00, 100.00, 100.00, 95.65, 100.00, 99.95, 99.37, 8400, 8.35, 6, 7200, 85.71
FORTIS, EQ, 18-Sep-2026, 886.10, 884.70, 899.70, 884.70, 886.00, 886.00, 892.14, 1928099, 17201.31, 32005, 1446880, 75.04
FOSECOIND, EQ, 18-Sep-2026, 6765.50, 6787.50, 6974.50, 6622.50, 6725.00, 6677.50, 6771.64, 44756, 3030.71, 12932, 10997, 24.57
FRACTAL, EQ, 18-Sep-2026, 750.75, 755.00, 768.00, 744.90, 763.90, 764.35, 758.24, 203930, 1546.27, 15306, 113086, 55.45
FREDUN, EQ, 18-Sep-2026, 1278.20, 1300.20, 1324.00, 1288.10, 1304.90, 1303.50, 1304.58, 65181, 850.34, 4708, 33619, 51.58
FRESHARA, ST, 18-Sep-2026, 443.95, 448.40, 452.00, 437.20, 450.95, 450.95, 445.04, 10800, 48.06, 17, 9600, 88.89
FROG, SM, 18-Sep-2026, 299.40, 303.00, 303.00, 268.00, 280.00, 281.70, 281.13, 35600, 100.08, 69, 25200, 70.79
FRONTSP, EQ, 18-Sep-2026, 1197.40, 1199.00, 1226.90, 1178.00, 1204.00, 1198.40, 1199.56, 15604, 187.18, 1931, 8081, 51.79
FSL, EQ, 18-Sep-2026, 273.10, 272.00, 275.50, 269.40, 272.00, 273.45, 273.36, 1243136, 3398.18, 24556, 563375, 45.32
FUSION, EQ, 18-Sep-2026, 184.45, 184.02, 186.02, 181.82, 185.00, 185.12, 183.97, 511372, 940.79, 8611, 273408, 53.47
FWSTC, SM, 18-Sep-2026, 152.40, 160.95, 169.50, 154.00, 161.80, 161.45, 161.64, 63600, 102.80, 75, 60600, 95.28
GABRIEL, EQ, 18-Sep-2026, 1283.70, 1290.10, 1336.00, 1290.00, 1329.40, 1321.80, 1321.00, 293065, 3871.37, 25624, 151241, 51.61
GAEL, EQ, 18-Sep-2026, 159.41, 160.10, 160.60, 156.25, 156.40, 156.95, 158.34, 962051, 1523.30, 23022, 541348, 56.27
GAIL, EQ, 18-Sep-2026, 172.00, 172.00, 174.65, 172.00, 173.90, 173.90, 173.56, 8527161, 14799.33, 65543, 6004479, 70.42
GAJA, EQ, 18-Sep-2026, 145.03, 145.84, 145.84, 142.00, 143.00, 142.50, 143.02, 198526, 283.94, 2969, 93327, 47.01
GAJANAND, SM, 18-Sep-2026, 7.75, 7.80, 7.80, 7.80, 7.80, 7.80, 7.80, 3000, 0.23, 1, 3000, 100.00
GALAPREC, EQ, 18-Sep-2026, 998.90, 1005.90, 1024.90, 1001.50, 1002.00, 1011.20, 1012.64, 12068, 122.21, 1394, 6207, 51.43
GALAXYSURF, EQ, 18-Sep-2026, 2257.00, 2271.00, 2271.10, 2201.00, 2221.50, 2215.20, 2227.01, 22064, 491.37, 4167, 9923, 44.97
GALLANTT, EQ, 18-Sep-2026, 537.70, 545.85, 553.95, 541.00, 545.60, 547.15, 548.46, 73721, 404.33, 5324, 28507, 38.67
GANDHAR, EQ, 18-Sep-2026, 269.40, 268.20, 277.20, 268.00, 275.00, 276.20, 273.51, 670870, 1834.92, 10761, 337711, 50.34
GANDHITUBE, EQ, 18-Sep-2026, 894.00, 897.00, 904.00, 865.00, 895.00, 899.20, 886.75, 7643, 67.77, 496, 3918, 51.26
GANECOS, EQ, 18-Sep-2026, 990.60, 992.00, 1015.00, 982.20, 1000.00, 1002.00, 1000.48, 99501, 995.49, 8802, 43972, 44.19
GANESHBE, BE, 18-Sep-2026, 125.20, 126.40, 130.89, 125.21, 127.10, 126.86, 128.72, 164083, 211.21, 664, -, -
GANESHCP, EQ, 18-Sep-2026, 164.47, 165.97, 171.24, 163.51, 169.98, 169.20, 167.24, 98944, 165.48, 2366, 51944, 52.50
GANESHHOU, EQ, 18-Sep-2026, 751.65, 758.00, 758.00, 735.25, 735.25, 741.45, 743.38, 25397, 188.80, 1442, 18774, 73.92
GANESHIN, ST, 18-Sep-2026, 92.25, 93.05, 94.50, 93.00, 93.10, 93.10, 93.64, 41600, 38.95, 19, 40800, 98.08
GANGABATH, SM, 18-Sep-2026, 20.05, 19.80, 20.55, 19.25, 20.55, 20.55, 19.91, 12000, 2.39, 4, 9000, 75.00
GANGAFORGE, EQ, 18-Sep-2026, 1.57, 1.57, 1.58, 1.55, 1.57, 1.55, 1.57, 1827820, 28.62, 942, 1143110, 62.54
GANGESSECU, EQ, 18-Sep-2026, 113.05, 116.79, 117.00, 114.15, 114.15, 114.15, 115.70, 669, 0.77, 19, 555, 82.96
GARFIBRES, EQ, 18-Sep-2026, 799.70, 799.70, 840.00, 791.30, 835.00, 819.00, 813.34, 56698, 461.15, 3341, 28788, 50.77
GARUDA, EQ, 18-Sep-2026, 174.82, 175.80, 176.84, 174.16, 175.30, 175.53, 175.55, 180277, 316.47, 3289, 88798, 49.26
GATECH, BE, 18-Sep-2026, 0.70, 0.73, 0.73, 0.73, 0.73, 0.73, 0.73, 5680142, 41.47, 1255, -, -
GATECHDVR, BE, 18-Sep-2026, 0.48, 0.50, 0.50, 0.48, 0.49, 0.48, 0.49, 334623, 1.64, 173, -, -
GATEWAY, EQ, 18-Sep-2026, 52.75, 53.33, 53.33, 52.65, 52.99, 52.87, 52.90, 660523, 349.42, 3695, 464463, 70.32
GAUDIUMIVF, EQ, 18-Sep-2026, 114.79, 118.96, 118.96, 114.23, 116.15, 116.22, 116.39, 155323, 180.78, 1601, 106576, 68.62
GAYAHWS, EQ, 18-Sep-2026, 1.89, 1.87, 1.95, 1.82, 1.94, 1.90, 1.90, 253808, 4.82, 403, 172201, 67.85
GAYAPROJ, EQ, 18-Sep-2026, 23.62, 23.78, 24.80, 23.57, 24.60, 24.72, 24.61, 1572098, 386.90, 3070, 870696, 55.38
GCHOTELS, ST, 18-Sep-2026, 109.60, 113.40, 115.05, 113.00, 115.05, 115.05, 114.77, 35400, 40.63, 33, 35400, 100.00
GCSL, EQ, 18-Sep-2026, 594.35, 588.60, 620.50, 588.60, 617.20, 618.55, 610.58, 622465, 3800.67, 7554, 199440, 32.04
GEECEE, BE, 18-Sep-2026, 370.95, 373.00, 373.00, 360.30, 371.85, 371.85, 363.87, 727, 2.65, 21, -, -
GEEKAYWIRE, EQ, 18-Sep-2026, 33.46, 34.00, 35.00, 33.06, 33.36, 33.25, 34.15, 814069, 277.96, 4380, 528122, 64.87
GEMAROMA, EQ, 18-Sep-2026, 151.90, 152.40, 155.30, 147.65, 149.26, 149.10, 149.57, 145529, 217.67, 1857, 98160, 67.45
GENCON, EQ, 18-Sep-2026, 39.56, 39.81, 41.50, 39.12, 39.52, 40.01, 40.21, 237077, 95.34, 584, 13681, 5.77
GENESYS, EQ, 18-Sep-2026, 284.42, 286.00, 296.00, 281.25, 285.90, 285.19, 289.06, 496070, 1433.96, 10293, 154920, 31.23
GENSOL, BZ, 18-Sep-2026, 16.69, 16.44, 17.30, 16.44, 17.01, 17.10, 17.03, 30824, 5.25, 380, -, -
GENUSPAPER, EQ, 18-Sep-2026, 11.18, 11.18, 11.45, 11.18, 11.45, 11.41, 11.29, 40231, 4.54, 197, 27340, 67.96
GENUSPOWER, EQ, 18-Sep-2026, 303.15, 305.00, 315.65, 304.60, 310.40, 310.75, 310.81, 3184194, 9896.80, 34829, 1330219, 41.78
GENXAI, SM, 18-Sep-2026, 75.30, 76.00, 76.60, 76.00, 76.50, 76.50, 76.42, 6000, 4.59, 5, 6000, 100.00
GEOJITFSL, EQ, 18-Sep-2026, 80.12, 80.12, 83.50, 79.56, 81.43, 81.99, 82.25, 713593, 586.90, 5414, 344423, 48.27
GESHIP, EQ, 18-Sep-2026, 1425.10, 1425.00, 1439.70, 1413.70, 1427.00, 1432.10, 1426.48, 465939, 6646.51, 24960, 234149, 50.25
GFLLIMITED, EQ, 18-Sep-2026, 55.70, 56.02, 56.98, 55.16, 56.60, 56.43, 56.14, 23959, 13.45, 271, 17049, 71.16
GFSTEELS, BE, 18-Sep-2026, 24.23, 25.44, 25.44, 25.44, 25.44, 25.44, 25.44, 4818, 1.23, 24, -, -
GGBL, SM, 18-Sep-2026, 207.90, 206.55, 209.50, 204.00, 204.70, 205.40, 206.19, 27000, 55.67, 85, 17400, 64.44
GHCL, EQ, 18-Sep-2026, 420.10, 422.00, 428.00, 418.30, 419.80, 421.70, 422.07, 157583, 665.10, 4930, 102460, 65.02
GHCLTEXTIL, EQ, 18-Sep-2026, 124.33, 125.40, 125.60, 122.50, 124.25, 124.51, 123.94, 222126, 275.30, 6704, 114554, 51.57
GICHSGFIN, EQ, 18-Sep-2026, 135.97, 136.30, 141.00, 135.62, 139.74, 139.35, 137.88, 89007, 122.72, 1008, 59505, 66.85
GICL, BE, 18-Sep-2026, 24.64, 25.14, 25.14, 23.60, 24.00, 24.58, 24.48, 144572, 35.39, 193, -, -
GICRE, EQ, 18-Sep-2026, 339.80, 340.75, 353.25, 340.55, 350.20, 351.00, 348.84, 1183930, 4130.01, 19599, 812643, 68.64
GILLANDERS, EQ, 18-Sep-2026, 103.87, 103.00, 106.00, 98.60, 106.00, 104.52, 103.63, 1721, 1.78, 52, 1487, 86.40
GILLETTE, EQ, 18-Sep-2026, 7307.00, 7340.00, 7340.00, 7031.50, 7052.00, 7073.00, 7122.21, 52262, 3722.21, 12190, 36528, 69.89
GILT10BETA, EQ, 18-Sep-2026, 26.65, 26.14, 26.67, 26.14, 26.66, 26.66, 26.27, 641, 0.17, 13, 527, 82.22
GILT5BETA, EQ, 18-Sep-2026, 66.59, 65.28, 66.60, 65.28, 66.59, 66.59, 65.57, 117, 0.08, 4, 92, 78.63
GILT5YBEES, EQ, 18-Sep-2026, 65.81, 65.95, 65.96, 65.75, 65.84, 65.80, 65.84, 117989, 77.68, 344, 74429, 63.08
GINNIFILA, BE, 18-Sep-2026, 41.65, 41.70, 42.50, 41.00, 42.48, 42.35, 41.72, 15490, 6.46, 66, -, -
GIPCL, EQ, 18-Sep-2026, 186.12, 186.00, 189.06, 185.26, 188.46, 188.35, 187.64, 253911, 476.44, 5004, 149027, 58.69
GIRIRAJ, SM, 18-Sep-2026, 81.00, 85.00, 85.05, 77.30, 77.30, 77.30, 81.98, 2250, 1.84, 7, 2000, 88.89
GJL, ST, 18-Sep-2026, 292.05, 277.50, 306.65, 277.50, 306.65, 303.40, 301.09, 8800, 26.50, 11, 8000, 90.91
GKB, EQ, 18-Sep-2026, 65.13, 62.60, 69.89, 62.60, 67.60, 67.44, 65.94, 10541, 6.95, 59, 2970, 28.18
GKENERGY, EQ, 18-Sep-2026, 118.98, 119.92, 123.00, 118.22, 120.00, 119.77, 119.93, 561130, 672.99, 6120, 255280, 45.49
GKSL, EQ, 18-Sep-2026, 177.82, 178.14, 186.00, 178.13, 182.00, 181.25, 183.05, 273151, 500.01, 6196, 95703, 35.04
GKWLIMITED, EQ, 18-Sep-2026, 1604.90, 1604.90, 1604.90, 1566.00, 1598.60, 1587.10, 1585.58, 208, 3.30, 30, 143, 68.75
GLAND, EQ, 18-Sep-2026, 2907.80, 2907.20, 2978.00, 2904.00, 2950.00, 2961.90, 2957.22, 492452, 14562.90, 44319, 319412, 64.86
GLASSWALL, EQ, 18-Sep-2026, 257.82, 267.98, 304.20, 258.35, 273.60, 269.51, 281.02, 73819973, 207448.94, 707345, 5624062, 7.62
GLAXO, EQ, 18-Sep-2026, 2799.90, 2800.00, 2900.00, 2800.00, 2899.00, 2838.80, 2832.11, 125265, 3547.64, 13872, 88399, 70.57
GLENMARK, EQ, 18-Sep-2026, 2416.00, 2409.80, 2447.40, 2396.80, 2447.40, 2447.40, 2419.83, 545520, 13200.68, 27902, 362810, 66.51
GLFL, EQ, 18-Sep-2026, 5.11, 5.35, 5.35, 5.03, 5.18, 5.06, 5.11, 320, 0.02, 10, 240, 75.00
GLOBAL, EQ, 18-Sep-2026, 127.17, 127.80, 131.00, 125.06, 130.50, 130.16, 128.80, 143869, 185.31, 1846, 76793, 53.38
GLOBALE, EQ, 18-Sep-2026, 11.50, 10.95, 11.85, 10.93, 11.00, 11.00, 11.28, 8037, 0.91, 31, 4545, 56.55
GLOBALPET, SM, 18-Sep-2026, 163.00, 163.00, 163.00, 163.00, 163.00, 163.00, 163.00, 750, 1.22, 1, 750, 100.00
GLOBALVECT, EQ, 18-Sep-2026, 125.52, 127.70, 132.78, 125.00, 131.99, 131.58, 129.01, 6742, 8.70, 257, 4320, 64.08
GLOBE, EQ, 18-Sep-2026, 1.78, 1.79, 2.10, 1.75, 2.04, 2.07, 1.95, 2740470, 53.54, 1072, 2139631, 78.08
GLOBECIVIL, EQ, 18-Sep-2026, 42.46, 43.80, 43.80, 42.00, 42.20, 42.26, 42.20, 21470, 9.06, 344, 15967, 74.37
GLOBUSSPR, EQ, 18-Sep-2026, 830.75, 837.45, 841.35, 815.30, 817.05, 819.75, 821.88, 68570, 563.56, 3930, 40733, 59.40
GLOSTERLTD, EQ, 18-Sep-2026, 578.00, 578.50, 587.00, 578.20, 587.00, 586.20, 583.13, 325, 1.90, 34, 256, 78.77
GLOTTIS, EQ, 18-Sep-2026, 58.00, 57.71, 59.70, 57.71, 59.50, 59.48, 59.21, 24282, 14.38, 422, 19162, 78.91
GMBREW, EQ, 18-Sep-2026, 937.05, 937.05, 964.95, 934.00, 951.00, 953.95, 953.68, 70274, 670.19, 4061, 39897, 56.77
GMDCLTD, EQ, 18-Sep-2026, 549.15, 551.00, 559.80, 551.00, 557.50, 556.45, 555.31, 635840, 3530.88, 21302, 239397, 37.65
GMMPFAUDLR, EQ, 18-Sep-2026, 1363.40, 1370.00, 1475.00, 1370.00, 1458.00, 1467.00, 1444.36, 1207844, 17445.59, 77124, 418886, 34.68
GMRAIRPORT, EQ, 18-Sep-2026, 95.04, 95.51, 99.30, 95.41, 99.30, 99.30, 97.60, 21945461, 21419.55, 61411, 15970769, 72.77
GMRP&UI, EQ, 18-Sep-2026, 92.13, 92.11, 94.88, 91.00, 91.80, 92.31, 92.69, 1263129, 1170.85, 10354, 557902, 44.17
GNA, EQ, 18-Sep-2026, 536.55, 539.95, 588.80, 539.95, 560.00, 558.55, 565.59, 2062341, 11664.29, 50701, 730304, 35.41
GNFC, EQ, 18-Sep-2026, 584.85, 578.85, 594.35, 574.00, 587.10, 588.90, 585.96, 1359872, 7968.32, 32647, 383522, 28.20
GNRL, EQ, 18-Sep-2026, 101.05, 101.60, 103.99, 96.69, 97.98, 98.43, 99.56, 205527, 204.63, 6526, 81863, 39.83
GOACARBON, EQ, 18-Sep-2026, 378.30, 387.00, 387.00, 375.00, 376.10, 377.60, 381.13, 21751, 82.90, 1305, 10818, 49.74
GOCLCORP, EQ, 18-Sep-2026, 456.15, 458.15, 461.40, 442.15, 448.00, 446.10, 450.26, 522016, 2350.45, 18067, 272228, 52.15
GOCOLORS, EQ, 18-Sep-2026, 308.10, 309.80, 310.75, 304.10, 308.90, 306.00, 307.21, 44609, 137.04, 1320, 27701, 62.10
GODAVARIB, EQ, 18-Sep-2026, 243.31, 242.41, 243.00, 238.55, 242.98, 241.01, 240.73, 80755, 194.41, 2357, 31456, 38.95
GODFRYPHLP, EQ, 18-Sep-2026, 1943.00, 1948.00, 2018.00, 1943.70, 2018.00, 2018.00, 1993.38, 404029, 8053.85, 26408, 108498, 26.85
GODIGIT, EQ, 18-Sep-2026, 255.50, 255.50, 255.90, 235.80, 236.70, 239.00, 241.52, 3424067, 8269.83, 65691, 2072171, 60.52
GODREJAGRO, EQ, 18-Sep-2026, 653.60, 656.30, 670.00, 645.70, 665.20, 661.60, 658.19, 161090, 1060.27, 7008, 88835, 55.15
GODREJCP, EQ, 18-Sep-2026, 873.00, 875.30, 886.00, 870.45, 880.00, 880.00, 880.18, 1410736, 12417.02, 20456, 921154, 65.30
GODREJIND, EQ, 18-Sep-2026, 1127.30, 1127.30, 1132.40, 1095.10, 1108.00, 1107.40, 1104.72, 114004, 1259.43, 9700, 67909, 59.57
GODREJPROP, EQ, 18-Sep-2026, 1678.20, 1686.90, 1721.30, 1686.60, 1691.10, 1691.10, 1700.05, 659676, 11214.83, 31213, 358880, 54.40
GOKEX, EQ, 18-Sep-2026, 727.55, 732.10, 743.90, 723.10, 728.00, 727.75, 731.10, 166162, 1214.82, 10230, 77571, 46.68
GOKUL, EQ, 18-Sep-2026, 39.74, 40.48, 40.90, 39.69, 40.00, 40.43, 40.03, 137161, 54.91, 550, 27050, 19.72
GOKULAGRO, EQ, 18-Sep-2026, 218.17, 219.00, 226.98, 219.00, 223.35, 224.24, 222.58, 245236, 545.85, 8186, 120920, 49.31
GOLD1, EQ, 18-Sep-2026, 125.62, 126.80, 128.17, 126.64, 127.52, 127.68, 127.56, 1925096, 2455.60, 9631, 968015, 50.28
GOLD360, EQ, 18-Sep-2026, 147.25, 148.45, 149.85, 147.95, 149.05, 149.10, 149.01, 6821, 10.16, 215, 3663, 53.70
GOLDADD, EQ, 18-Sep-2026, 14.63, 14.73, 14.93, 14.72, 14.87, 14.86, 14.87, 7975560, 1186.32, 3749, 5392365, 67.61
GOLDAXIS, EQ, 18-Sep-2026, 125.24, 126.60, 128.16, 126.42, 127.65, 127.67, 127.51, 2006311, 2558.26, 3615, 1703922, 84.93
GOLDBEES, EQ, 18-Sep-2026, 124.43, 125.51, 126.95, 125.47, 126.40, 126.48, 126.34, 28783409, 36365.17, 80392, 16383832, 56.92
GOLDBETA, EQ, 18-Sep-2026, 126.85, 127.35, 129.05, 127.35, 128.45, 128.60, 128.35, 806701, 1035.37, 2182, 510374, 63.27
GOLDBND, EQ, 18-Sep-2026, 150.55, 153.56, 154.00, 150.71, 153.09, 153.21, 152.64, 44050, 67.24, 308, 39537, 89.75
GOLDCASE, EQ, 18-Sep-2026, 23.69, 23.86, 24.20, 23.86, 24.06, 24.07, 24.05, 8804176, 2117.48, 7761, 4329417, 49.17
GOLDENTOBC, BZ, 18-Sep-2026, 24.07, 24.00, 24.99, 24.00, 24.61, 24.61, 24.49, 982, 0.24, 50, -, -
GOLDETF, EQ, 18-Sep-2026, 146.44, 147.29, 149.02, 147.29, 148.43, 148.57, 148.41, 2707257, 4017.96, 6195, 1575116, 58.18
GOLDIAM, EQ, 18-Sep-2026, 325.60, 325.90, 329.20, 322.10, 326.70, 326.75, 325.69, 282706, 920.75, 6488, 128985, 45.63
GOLDIETF, EQ, 18-Sep-2026, 128.97, 129.82, 131.62, 129.82, 130.94, 131.16, 130.94, 4606964, 6032.51, 23463, 2610007, 56.65
GOLDSTAR, SM, 18-Sep-2026, 9.00, 9.20, 9.45, 9.15, 9.15, 9.15, 9.43, 438750, 41.39, 17, 427500, 97.44
GOLDTECH, BE, 18-Sep-2026, 41.41, 41.95, 41.95, 39.65, 41.39, 41.32, 40.59, 12021, 4.88, 79, -, -
GOODLUCK, EQ, 18-Sep-2026, 509.75, 509.90, 523.50, 509.90, 517.00, 517.25, 518.89, 363708, 1887.24, 10306, 174591, 48.00
GOODYEAR, EQ, 18-Sep-2026, 706.15, 704.60, 716.55, 702.00, 706.50, 704.85, 706.16, 5290, 37.36, 602, 3985, 75.33
GOPAL, EQ, 18-Sep-2026, 252.25, 252.25, 257.40, 248.25, 257.40, 256.75, 251.89, 121271, 305.47, 3528, 66233, 54.62
GOYALALUM, EQ, 18-Sep-2026, 5.90, 5.85, 5.99, 5.30, 5.80, 5.77, 5.67, 189846, 10.76, 1082, 112739, 59.38
GOYALSALT, SM, 18-Sep-2026, 103.00, 102.00, 102.00, 100.05, 100.05, 100.05, 100.44, 4800, 4.82, 8, 4800, 100.00
GPECO, SM, 18-Sep-2026, 400.15, 400.15, 408.00, 394.00, 399.00, 396.65, 400.47, 8200, 32.84, 36, 7400, 90.24
GPIL, EQ, 18-Sep-2026, 238.39, 238.39, 239.42, 232.30, 234.55, 233.47, 234.62, 1620482, 3801.96, 16039, 1084513, 66.93
GPPL, EQ, 18-Sep-2026, 162.59, 162.90, 163.20, 158.35, 160.50, 160.35, 159.73, 1713766, 2737.42, 20461, 901576, 52.61
GPTHEALTH, EQ, 18-Sep-2026, 163.61, 164.30, 170.40, 163.61, 165.10, 166.21, 167.66, 319398, 535.49, 8351, 146270, 45.80
GPTINFRA, EQ, 18-Sep-2026, 113.56, 119.17, 123.32, 116.35, 119.20, 118.96, 119.75, 3008060, 3602.10, 21726, 375882, 12.50
GRADIENTE, BE, 18-Sep-2026, 2.36, 2.36, 2.40, 2.25, 2.38, 2.38, 2.30, 414891, 9.56, 309, -, -
GRANDOAK, EQ, 18-Sep-2026, 34.07, 35.48, 35.48, 33.55, 34.95, 34.23, 34.33, 2900, 1.00, 113, 1425, 49.14
GRANULES, EQ, 18-Sep-2026, 870.40, 874.00, 890.40, 865.90, 870.10, 875.50, 877.94, 1200729, 10541.67, 41555, 647972, 53.96
GRAPHITE, EQ, 18-Sep-2026, 814.10, 815.00, 838.00, 810.00, 830.00, 830.85, 828.75, 2312208, 19162.48, 57695, 962911, 41.64
GRASIM, EQ, 18-Sep-2026, 3173.10, 3175.00, 3209.20, 3174.50, 3209.20, 3209.20, 3194.60, 682793, 21812.50, 28832, 476531, 69.79
GRAUWEIL, EQ, 18-Sep-2026, 79.09, 83.00, 88.53, 82.25, 86.70, 86.62, 86.87, 14617872, 12698.94, 89051, 2115014, 14.47
GRAVISSHO, BE, 18-Sep-2026, 40.26, 38.25, 38.25, 38.25, 38.25, 38.25, 38.25, 3609, 1.38, 30, -, -
GRAVITA, EQ, 18-Sep-2026, 1611.60, 1611.60, 1636.00, 1585.70, 1604.00, 1598.40, 1603.96, 377745, 6058.90, 26438, 216918, 57.42
GRCL, SM, 18-Sep-2026, 572.50, 572.50, 572.50, 572.50, 572.50, 572.50, 572.50, 500, 2.86, 1, 500, 100.00
GREAVESCOT, EQ, 18-Sep-2026, 191.72, 192.10, 200.13, 192.10, 197.49, 197.35, 197.46, 1549231, 3059.18, 23234, 721711, 46.59
GREENCHEF, SM, 18-Sep-2026, 71.70, 70.00, 74.00, 70.00, 74.00, 73.50, 72.41, 22400, 16.22, 25, 19200, 85.71
GREENLAM, EQ, 18-Sep-2026, 236.73, 236.00, 238.19, 228.96, 232.00, 231.51, 231.61, 75198, 174.17, 2039, 36986, 49.18
GREENPANEL, EQ, 18-Sep-2026, 158.40, 158.50, 159.90, 154.48, 156.33, 157.83, 156.32, 701624, 1096.78, 8812, 484955, 69.12
GREENPLY, EQ, 18-Sep-2026, 293.20, 291.25, 296.95, 288.55, 291.00, 292.85, 292.80, 221495, 648.54, 3890, 135776, 61.30
GREENPOWER, EQ, 18-Sep-2026, 9.05, 9.40, 9.40, 9.00, 9.13, 9.05, 9.12, 3333043, 304.05, 3833, 1746055, 52.39
GRINDWELL, EQ, 18-Sep-2026, 1862.20, 1862.00, 1914.00, 1862.00, 1910.00, 1895.60, 1895.01, 41705, 790.31, 8004, 27099, 64.98
GRINFRA, EQ, 18-Sep-2026, 829.05, 823.15, 837.80, 815.10, 823.40, 825.90, 826.38, 47000, 388.40, 2892, 17068, 36.31
GRMOVER, EQ, 18-Sep-2026, 80.13, 80.00, 82.38, 79.76, 81.50, 81.64, 81.49, 1123465, 915.47, 5557, 244421, 21.76
GROBTEA, EQ, 18-Sep-2026, 930.00, 925.00, 925.00, 921.00, 921.00, 921.90, 922.47, 139, 1.28, 16, 108, 77.70
GROWW, EQ, 18-Sep-2026, 187.44, 189.00, 195.50, 185.70, 193.00, 191.76, 190.66, 73111303, 139391.44, 280736, 47257322, 64.64
GROWWCAPM, EQ, 18-Sep-2026, 11.12, 11.29, 11.29, 11.10, 11.26, 11.24, 11.21, 516604, 57.93, 648, 275943, 53.41
GROWWCHEM, EQ, 18-Sep-2026, 29.06, 29.37, 29.37, 28.76, 29.34, 29.30, 29.25, 29833, 8.73, 246, 16833, 56.42
GROWWDEFNC, EQ, 18-Sep-2026, 92.31, 93.38, 94.35, 92.31, 94.18, 93.86, 93.70, 167199, 156.66, 2464, 78656, 47.04
GROWWEV, EQ, 18-Sep-2026, 31.69, 32.18, 32.18, 31.69, 32.00, 31.94, 31.83, 137774, 43.85, 1388, 63602, 46.16
GROWWGOLD, EQ, 18-Sep-2026, 14.69, 14.81, 14.99, 14.81, 14.94, 14.94, 14.92, 1882882, 280.85, 2798, 522271, 27.74
GROWWHOSPI, EQ, 18-Sep-2026, 52.22, 52.22, 53.16, 52.14, 53.00, 53.01, 52.89, 266394, 140.89, 911, 158591, 59.53
GROWWLIQID, EQ, 18-Sep-2026, 110.77, 110.81, 110.82, 110.81, 110.82, 110.81, 110.81, 102618, 113.71, 137, 80094, 78.05
GROWWLOVOL, EQ, 18-Sep-2026, 10.08, 10.08, 10.24, 10.08, 10.13, 10.12, 10.12, 13538, 1.37, 99, 6190, 45.72
GROWWMC150, EQ, 18-Sep-2026, 226.57, 226.64, 228.98, 226.44, 228.50, 228.50, 227.53, 165, 0.38, 11, 121, 73.33
GROWWMETAL, EQ, 18-Sep-2026, 12.20, 12.20, 12.44, 12.20, 12.38, 12.37, 12.36, 443476, 54.83, 1346, 275220, 62.06
GROWWMOM50, EQ, 18-Sep-2026, 10.77, 10.80, 10.96, 10.77, 10.94, 10.88, 10.86, 144864, 15.73, 410, 134208, 92.64
GROWWN200, EQ, 18-Sep-2026, 11.04, 11.04, 11.22, 10.91, 11.15, 11.12, 11.06, 14116, 1.56, 203, 9726, 68.90
GROWWNET, EQ, 18-Sep-2026, 10.73, 10.68, 11.05, 10.68, 11.02, 10.92, 10.89, 446972, 48.66, 598, 353355, 79.06
GROWWNIFTY, EQ, 18-Sep-2026, 9.42, 9.65, 9.65, 9.40, 9.53, 9.48, 9.45, 375003, 35.44, 3052, 223630, 59.63
GROWWNXT50, EQ, 18-Sep-2026, 71.56, 71.46, 72.75, 71.46, 72.75, 72.64, 72.22, 1327, 0.96, 69, 1067, 80.41
GROWWPOWER, EQ, 18-Sep-2026, 11.07, 11.06, 11.26, 10.98, 11.24, 11.21, 11.18, 1720753, 192.39, 1794, 873832, 50.78
GROWWPSE, EQ, 18-Sep-2026, 96.57, 96.57, 98.80, 94.60, 98.79, 98.36, 97.21, 2729, 2.65, 136, 2106, 77.17
GROWWPSUBK, EQ, 18-Sep-2026, 82.61, 81.11, 84.60, 81.11, 84.00, 83.61, 83.27, 12152, 10.12, 120, 4163, 34.26
GROWWRAIL, EQ, 18-Sep-2026, 26.99, 27.12, 27.59, 26.95, 27.59, 27.44, 27.33, 641865, 175.42, 2348, 393547, 61.31
GROWWRLTY, EQ, 18-Sep-2026, 9.39, 9.49, 9.56, 9.39, 9.55, 9.54, 9.51, 2189718, 208.29, 433, 2135234, 97.51
GROWWSC250, EQ, 18-Sep-2026, 10.38, 10.69, 10.69, 10.38, 10.58, 10.54, 10.50, 183371, 19.25, 1029, 126732, 69.11
GROWWSLVR, EQ, 18-Sep-2026, 22.17, 22.50, 23.06, 22.50, 23.00, 22.92, 22.88, 2841992, 650.12, 4083, 1878562, 66.10
GRPLTD, EQ, 18-Sep-2026, 1971.90, 2018.30, 2021.50, 1974.20, 2007.90, 2008.20, 2000.23, 1162, 23.24, 151, 1021, 87.87
GRSE, EQ, 18-Sep-2026, 2339.80, 2349.00, 2430.00, 2345.00, 2402.00, 2411.80, 2400.16, 531793, 12763.90, 42232, 229286, 43.12
GRWRHITECH, EQ, 18-Sep-2026, 6502.50, 6520.00, 6761.50, 6520.00, 6757.50, 6724.50, 6680.49, 29770, 1988.78, 7578, 15318, 51.45
GSEC10IETF, EQ, 18-Sep-2026, 263.89, 263.97, 263.97, 263.97, 263.97, 263.97, 263.97, 2, 0.01, 2, 2, 100.00
GSEC10YEAR, EQ, 18-Sep-2026, 30.35, 30.35, 30.35, 30.19, 30.31, 30.31, 30.25, 279, 0.08, 11, 148, 53.05
GSEC5IETF, EQ, 18-Sep-2026, 66.14, 65.64, 66.40, 65.64, 66.40, 66.40, 66.12, 563, 0.37, 25, 368, 65.36
GSFC, EQ, 18-Sep-2026, 152.27, 153.05, 153.72, 150.35, 152.44, 151.92, 151.74, 1280620, 1943.16, 10337, 546501, 42.67
GSLSU, EQ, 18-Sep-2026, 28.17, 27.27, 28.78, 27.27, 28.11, 28.04, 27.95, 24429, 6.83, 259, 14139, 57.88
GSMFOILS, SM, 18-Sep-2026, 90.10, 94.60, 94.60, 85.60, 85.60, 85.60, 90.93, 539500, 490.56, 668, 273000, 50.60
GSPCROP, EQ, 18-Sep-2026, 484.05, 482.00, 493.85, 479.00, 480.00, 482.10, 484.50, 277176, 1342.93, 5230, 36941, 13.33
GSS, EQ, 18-Sep-2026, 10.02, 10.28, 10.60, 10.08, 10.43, 10.37, 10.36, 31000, 3.21, 208, 22090, 71.26
GSTL, SM, 18-Sep-2026, 11.45, 11.20, 11.90, 11.20, 11.90, 11.90, 11.43, 3000, 0.34, 3, 2000, 66.67
GTECJAINX, EQ, 18-Sep-2026, 27.33, 26.78, 28.38, 26.00, 26.85, 26.86, 27.62, 8169, 2.26, 70, 5148, 63.02
GTL, EQ, 18-Sep-2026, 7.06, 7.02, 7.15, 7.02, 7.12, 7.09, 7.06, 57543, 4.06, 324, 44369, 77.11
GTLINFRA, EQ, 18-Sep-2026, 1.14, 1.14, 1.17, 1.13, 1.16, 1.15, 1.15, 29685116, 341.31, 9732, 11189767, 37.69
GTPL, EQ, 18-Sep-2026, 56.62, 57.68, 57.90, 56.80, 56.80, 56.96, 57.13, 73098, 41.76, 938, 56660, 77.51
GUFICBIO, EQ, 18-Sep-2026, 425.50, 422.30, 439.90, 422.30, 439.90, 436.00, 434.87, 58865, 255.98, 3045, 27678, 47.02
GUJALKALI, EQ, 18-Sep-2026, 673.75, 661.55, 668.80, 631.10, 640.00, 638.70, 641.82, 217900, 1398.52, 10852, 95419, 43.79
GUJAPOLLO, EQ, 18-Sep-2026, 324.00, 333.95, 354.95, 324.00, 352.55, 350.10, 339.76, 36321, 123.40, 1199, 23173, 63.80
GUJENERGY, EQ, 18-Sep-2026, 239.43, 239.95, 251.00, 238.40, 244.00, 244.64, 244.66, 6160841, 15073.16, 62578, 3871385, 62.84
GUJRAFFIA, EQ, 18-Sep-2026, 40.91, 40.91, 41.80, 40.05, 40.20, 40.25, 40.49, 3547, 1.44, 67, 2101, 59.23
GUJTHEM, EQ, 18-Sep-2026, 420.15, 420.15, 440.00, 418.50, 429.10, 427.40, 433.07, 580582, 2514.33, 16778, 288473, 49.69
GULFOILLUB, EQ, 18-Sep-2026, 1064.00, 1070.90, 1073.10, 1061.30, 1073.00, 1070.10, 1069.34, 30222, 323.18, 3972, 20567, 68.05
GULFPETRO, BE, 18-Sep-2026, 61.77, 60.60, 64.00, 60.15, 62.50, 61.89, 62.02, 62023, 38.47, 348, -, -
GULPOLY, EQ, 18-Sep-2026, 171.05, 171.25, 172.00, 168.17, 171.00, 169.99, 169.85, 99834, 169.57, 2287, 52897, 52.98
GURUNANAK, SM, 18-Sep-2026, 37.00, 36.15, 36.15, 36.15, 36.15, 36.15, 36.15, 1600, 0.58, 1, 1600, 100.00
GVKPIL, BE, 18-Sep-2026, 2.37, 2.41, 2.41, 2.41, 2.41, 2.41, 2.41, 321527, 7.75, 173, -, -
GVPIL, EQ, 18-Sep-2026, 624.90, 631.00, 656.10, 628.85, 656.10, 656.10, 650.13, 128144, 833.11, 3551, 70585, 55.08
GVPTECH, BE, 18-Sep-2026, 7.40, 7.50, 7.50, 7.25, 7.45, 7.34, 7.36, 44713, 3.29, 227, -, -
GVT&D, EQ, 18-Sep-2026, 4341.00, 4389.80, 4433.90, 4357.50, 4385.00, 4385.00, 4387.97, 809572, 35523.76, 54674, 495497, 61.20
GYFTR, EQ, 18-Sep-2026, 176.12, 177.51, 182.49, 168.18, 169.00, 171.05, 171.32, 223375, 382.68, 2821, 173595, 77.71
HAL, EQ, 18-Sep-2026, 4788.00, 4804.90, 4890.00, 4780.00, 4800.30, 4800.30, 4836.55, 972849, 47052.32, 53601, 501625, 51.56
HALDER, EQ, 18-Sep-2026, 297.15, 286.20, 293.10, 277.00, 279.85, 280.95, 285.63, 482, 1.38, 64, 285, 59.13
HALDYNGL, BE, 18-Sep-2026, 140.41, 143.50, 143.50, 141.05, 143.00, 142.58, 142.15, 28774, 40.90, 169, -, -
HALEOSLABS, EQ, 18-Sep-2026, 1493.00, 1493.50, 1524.90, 1470.00, 1499.00, 1497.60, 1493.83, 777, 11.61, 90, 522, 67.18
HAMPTON, EQ, 18-Sep-2026, 8.26, 8.99, 8.99, 7.93, 8.15, 8.22, 8.22, 115275, 9.47, 140, 109777, 95.23
HAPPSTMNDS, EQ, 18-Sep-2026, 327.90, 329.00, 329.80, 319.00, 321.15, 321.55, 323.27, 860696, 2782.38, 17204, 337968, 39.27
HAPPY, SM, 18-Sep-2026, 77.70, 76.00, 82.00, 76.00, 79.90, 79.90, 79.55, 42000, 33.41, 21, 34000, 80.95
HAPPYFORGE, EQ, 18-Sep-2026, 2143.20, 2177.80, 2180.90, 2140.00, 2140.00, 2148.30, 2157.85, 61172, 1320.00, 9926, 34407, 56.25
HARDWYN, EQ, 18-Sep-2026, 9.07, 9.12, 9.24, 9.02, 9.23, 9.16, 9.12, 693563, 63.28, 627, 362079, 52.21
HARIOMPIPE, EQ, 18-Sep-2026, 349.65, 354.95, 369.95, 348.90, 363.90, 362.90, 362.15, 170163, 616.25, 6899, 61676, 36.25
HARRMALAYA, EQ, 18-Sep-2026, 180.71, 183.45, 183.45, 178.00, 178.18, 178.49, 179.94, 10216, 18.38, 353, 7954, 77.86
HARSHA, EQ, 18-Sep-2026, 433.85, 435.25, 451.00, 435.25, 442.70, 440.45, 443.46, 92889, 411.92, 4359, 51094, 55.01
HATHWAY, EQ, 18-Sep-2026, 10.02, 10.02, 10.10, 9.91, 10.04, 9.98, 10.01, 1165234, 116.59, 1812, 792614, 68.02
HATSUN, EQ, 18-Sep-2026, 1181.60, 1186.90, 1186.90, 1125.10, 1139.90, 1139.10, 1145.58, 78526, 899.58, 10386, 37428, 47.66
HAVELLS, EQ, 18-Sep-2026, 1092.00, 1086.00, 1132.40, 1086.00, 1132.40, 1132.40, 1107.58, 745375, 8255.61, 26029, 469708, 63.02
HAVISHA, EQ, 18-Sep-2026, 1.32, 1.38, 1.38, 1.31, 1.34, 1.33, 1.33, 14206, 0.19, 71, 12034, 84.71
HAWKINCOOK, EQ, 18-Sep-2026, 8251.50, 8364.50, 8364.50, 8250.00, 8250.00, 8286.00, 8297.79, 937, 77.75, 478, 684, 73.00
HAZOOR, EQ, 18-Sep-2026, 18.55, 18.55, 19.90, 17.75, 19.49, 19.30, 19.15, 2904804, 556.35, 7086, 510188, 17.56
HBESD, EQ, 18-Sep-2026, 71.61, 70.00, 74.50, 69.30, 73.59, 73.57, 71.79, 1323, 0.95, 33, 711, 53.74
HBLENGINE, EQ, 18-Sep-2026, 756.75, 754.00, 768.00, 751.00, 757.95, 760.00, 759.94, 1898943, 14430.79, 45457, 736767, 38.80
HBPOR, EQ, 18-Sep-2026, 61.49, 61.50, 62.93, 60.68, 61.00, 61.00, 61.38, 788, 0.48, 34, 753, 95.56
HBSL, EQ, 18-Sep-2026, 53.33, 53.33, 53.33, 52.00, 53.00, 52.68, 52.45, 1597, 0.84, 36, 1488, 93.17
HCC, EQ, 18-Sep-2026, 21.56, 21.72, 21.90, 21.37, 21.78, 21.77, 21.64, 16759566, 3626.67, 19314, 6422313, 38.32
HCG, EQ, 18-Sep-2026, 687.15, 693.45, 715.00, 693.20, 705.50, 708.25, 708.10, 82273, 582.57, 8721, 40079, 48.71
HCL-INSYS, EQ, 18-Sep-2026, 10.08, 10.20, 10.60, 10.05, 10.55, 10.47, 10.37, 494275, 51.23, 1247, 358132, 72.46
HCLTECH, EQ, 18-Sep-2026, 1258.30, 1258.30, 1260.80, 1235.60, 1249.30, 1249.30, 1245.06, 2886447, 35938.00, 68284, 1804403, 62.51
HDBFS, EQ, 18-Sep-2026, 681.45, 678.00, 701.55, 674.15, 697.00, 698.40, 691.88, 780230, 5398.24, 25117, 550367, 70.54
HDFCAMC, EQ, 18-Sep-2026, 2387.70, 2405.60, 2439.00, 2401.20, 2425.00, 2425.00, 2425.03, 1040790, 25239.46, 60151, 737672, 70.88
HDFCBANK, EQ, 18-Sep-2026, 713.00, 715.25, 733.80, 715.25, 731.00, 731.00, 728.00, 39400710, 286838.51, 281343, 25195213, 63.95
HDFCBSE500, EQ, 18-Sep-2026, 36.67, 36.31, 37.61, 36.31, 36.80, 36.91, 36.87, 202980, 74.84, 259, 104735, 51.60
HDFCGOLD, EQ, 18-Sep-2026, 128.68, 130.00, 131.06, 129.67, 130.60, 130.64, 130.54, 3837028, 5008.85, 8616, 2212598, 57.66
HDFCGROWTH, EQ, 18-Sep-2026, 115.60, 115.60, 115.64, 114.30, 115.06, 114.77, 114.68, 17188, 19.71, 195, 9208, 53.57
HDFCLIFE, EQ, 18-Sep-2026, 557.00, 557.10, 564.95, 550.95, 550.95, 550.95, 558.44, 5599030, 31267.17, 70994, 3566409, 63.70
HDFCLIQUID, EQ, 18-Sep-2026, 1078.18, 1078.61, 1078.63, 1078.61, 1078.63, 1078.63, 1078.61, 10808, 116.58, 62, 8338, 77.15
HDFCLOWVOL, EQ, 18-Sep-2026, 20.00, 19.60, 20.29, 19.60, 19.90, 19.90, 19.92, 5708, 1.14, 90, 3745, 65.61
HDFCMID150, EQ, 18-Sep-2026, 22.84, 23.30, 23.30, 22.92, 23.15, 23.12, 23.05, 361504, 83.32, 1126, 127145, 35.17
HDFCMOMENT, EQ, 18-Sep-2026, 30.36, 30.40, 30.83, 30.40, 30.70, 30.72, 30.69, 113697, 34.90, 474, 51786, 45.55
HDFCNEXT50, EQ, 18-Sep-2026, 73.05, 73.05, 73.99, 73.05, 73.99, 73.88, 73.58, 38062, 28.01, 410, 23516, 61.78
HDFCNIF100, EQ, 18-Sep-2026, 25.29, 25.34, 25.40, 25.26, 25.32, 25.35, 25.34, 50524, 12.80, 221, 35198, 69.67
HDFCNIFBAN, EQ, 18-Sep-2026, 57.81, 57.86, 58.15, 57.81, 58.08, 57.99, 57.97, 31923, 18.50, 350, 18258, 57.19
HDFCNIFIT, EQ, 18-Sep-2026, 31.12, 31.27, 31.27, 30.60, 30.76, 30.69, 30.72, 256307, 78.74, 476, 135426, 52.84
HDFCNIFTY, EQ, 18-Sep-2026, 263.02, 264.61, 264.62, 262.62, 263.75, 263.56, 263.01, 1788313, 4703.47, 3285, 1721002, 96.24
HDFCNIMEG, EQ, 18-Sep-2026, 128.33, 128.33, 130.05, 128.33, 129.39, 129.90, 129.82, 15389, 19.98, 84, 12187, 79.19
HDFCPSUBK, EQ, 18-Sep-2026, 83.64, 83.75, 84.18, 83.47, 83.80, 84.13, 83.73, 41351, 34.62, 215, 18252, 44.14
HDFCPVTBAN, EQ, 18-Sep-2026, 27.74, 28.01, 28.01, 27.74, 27.80, 27.83, 27.84, 50848, 14.16, 258, 24370, 47.93
HDFCQUAL, EQ, 18-Sep-2026, 56.92, 56.55, 57.05, 56.55, 57.00, 56.72, 56.81, 11934, 6.78, 77, 6296, 52.76
HDFCSENSEX, EQ, 18-Sep-2026, 84.77, 84.77, 85.20, 84.35, 85.00, 84.78, 84.56, 51347, 43.42, 537, 41637, 81.09
HDFCSILVER, EQ, 18-Sep-2026, 216.47, 221.28, 225.17, 221.10, 224.25, 223.95, 223.18, 3863924, 8623.54, 14553, 2091661, 54.13
HDFCSML250, EQ, 18-Sep-2026, 181.90, 182.87, 184.95, 181.90, 184.85, 184.55, 184.01, 1274357, 2344.94, 19415, 875482, 68.70
HDFCVALUE, EQ, 18-Sep-2026, 121.91, 121.91, 124.50, 121.52, 121.95, 121.96, 122.21, 7148, 8.74, 93, 2854, 39.93
HDIL, BZ, 18-Sep-2026, 1.47, 1.47, 1.48, 1.44, 1.45, 1.45, 1.46, 182234, 2.66, 179, -, -
HEADSUP, EQ, 18-Sep-2026, 6.97, 7.24, 7.24, 6.61, 6.90, 6.71, 6.73, 14036, 0.94, 220, 11198, 79.78
HEALTHADD, EQ, 18-Sep-2026, 16.65, 16.80, 16.86, 16.72, 16.86, 16.80, 16.80, 37211, 6.25, 74, 34532, 92.80
HEALTHAXIS, EQ, 18-Sep-2026, 167.94, 168.49, 169.90, 168.36, 169.44, 169.67, 168.89, 1483, 2.50, 68, 743, 50.10
HEALTHCARE, EQ, 18-Sep-2026, 21.60, 21.98, 22.03, 21.70, 21.87, 21.84, 21.85, 22617, 4.94, 146, 17563, 77.65
HEALTHIETF, EQ, 18-Sep-2026, 170.03, 170.00, 171.44, 169.81, 171.44, 170.91, 170.61, 124667, 212.69, 980, 97860, 78.50
HEALTHX, EQ, 18-Sep-2026, 300.00, 319.00, 319.00, 294.00, 305.00, 300.00, 299.56, 1400, 4.19, 105, 1160, 82.86
HEALTHY, EQ, 18-Sep-2026, 17.01, 17.43, 17.43, 17.01, 17.15, 17.14, 17.12, 168153, 28.78, 730, 102958, 61.23
HECPROJECT, EQ, 18-Sep-2026, 116.84, 116.84, 121.42, 114.31, 120.98, 119.77, 119.20, 8152, 9.72, 153, 7035, 86.30
HEG, BE, 18-Sep-2026, 225.80, 226.30, 237.05, 226.25, 237.05, 237.05, 236.25, 930482, 2198.22, 3895, -, -
HEIDELBERG, EQ, 18-Sep-2026, 141.57, 141.83, 149.00, 141.16, 147.84, 145.92, 144.26, 145888, 210.46, 2329, 89386, 61.27
HEMIPROP, EQ, 18-Sep-2026, 120.81, 120.15, 122.29, 120.00, 120.05, 120.77, 121.09, 245577, 297.36, 2402, 136864, 55.73
HERANBA, EQ, 18-Sep-2026, 165.78, 166.95, 168.88, 163.79, 166.60, 167.02, 165.84, 35651, 59.12, 1230, 14217, 39.88
HERITGFOOD, EQ, 18-Sep-2026, 405.45, 406.25, 421.00, 402.50, 420.80, 418.10, 411.33, 567662, 2334.96, 12022, 273449, 48.17
HEROMOTOCO, EQ, 18-Sep-2026, 5325.00, 5325.00, 5362.50, 5285.50, 5285.50, 5285.50, 5307.36, 688654, 36549.32, 42269, 512051, 74.36
HESTERBIO, EQ, 18-Sep-2026, 2245.80, 2245.00, 2275.50, 2162.80, 2182.00, 2195.60, 2207.09, 5041, 111.26, 748, 3719, 73.78
HEXAGON, BE, 18-Sep-2026, 64.29, 64.42, 67.00, 63.50, 66.45, 66.26, 64.93, 200000, 129.86, 714, -, -
HEXATRADEX, EQ, 18-Sep-2026, 156.61, 158.70, 172.00, 155.31, 157.30, 158.29, 161.69, 2261, 3.66, 79, 1972, 87.22
HEXT, EQ, 18-Sep-2026, 526.45, 525.25, 527.20, 516.45, 521.00, 524.55, 523.87, 191368, 1002.52, 11116, 116064, 60.65
HFCL, BE, 18-Sep-2026, 209.45, 213.90, 219.40, 208.50, 214.70, 215.71, 215.24, 6279766, 13516.42, 33133, -, -
HGINFRA, EQ, 18-Sep-2026, 460.65, 460.65, 466.30, 441.20, 444.10, 442.45, 449.73, 172786, 777.06, 10566, 97666, 56.52
HGM, EQ, 18-Sep-2026, 47.79, 49.33, 49.33, 47.40, 48.70, 48.51, 48.62, 546, 0.27, 22, 519, 95.05
HGS, EQ, 18-Sep-2026, 386.35, 383.00, 383.00, 378.05, 378.90, 379.40, 380.32, 19544, 74.33, 842, 13671, 69.95
HIGREEN, SM, 18-Sep-2026, 117.70, 119.90, 119.90, 114.00, 116.00, 116.90, 116.66, 36000, 42.00, 38, 29600, 82.22
HIKAL, EQ, 18-Sep-2026, 225.29, 225.29, 232.34, 224.60, 227.50, 226.04, 228.38, 382596, 873.77, 7854, 148190, 38.73
HILINFRA, EQ, 18-Sep-2026, 43.07, 43.07, 46.74, 43.07, 43.87, 43.92, 45.03, 415937, 187.29, 2802, 129782, 31.20
HILTON, EQ, 18-Sep-2026, 17.01, 16.81, 17.73, 16.16, 16.35, 16.38, 16.65, 395977, 65.94, 2438, 295193, 74.55
HIMATSEIDE, EQ, 18-Sep-2026, 63.65, 63.70, 65.44, 62.94, 64.06, 64.66, 64.22, 578349, 371.44, 5968, 290149, 50.17
HINDADH, EQ, 18-Sep-2026, 376.80, 376.00, 379.70, 372.00, 377.50, 374.90, 374.89, 2455, 9.20, 38, 2253, 91.77
HINDALCO, EQ, 18-Sep-2026, 980.50, 982.90, 999.30, 979.40, 986.50, 986.50, 987.54, 8310236, 82066.65, 77966, 5716635, 68.79
HINDALUMI, EQ, 18-Sep-2026, 93.70, 95.50, 96.00, 92.05, 93.00, 94.27, 94.04, 1778, 1.67, 97, 1259, 70.81
HINDCOMPOS, EQ, 18-Sep-2026, 369.90, 371.95, 390.00, 365.65, 375.20, 378.65, 378.01, 7703, 29.12, 511, 4098, 53.20
HINDCON, EQ, 18-Sep-2026, 23.73, 23.73, 24.64, 23.40, 24.21, 23.81, 23.97, 32398, 7.76, 177, 28317, 87.40
HINDCOPPER, EQ, 18-Sep-2026, 485.50, 490.70, 499.25, 487.05, 496.25, 497.40, 494.50, 9888264, 48897.42, 103229, 4818264, 48.73
HINDOILEXP, EQ, 18-Sep-2026, 180.95, 182.30, 182.78, 178.35, 179.19, 180.29, 180.92, 525134, 950.06, 9735, 242299, 46.14
HINDPETRO, EQ, 18-Sep-2026, 350.60, 352.40, 359.00, 350.50, 359.00, 359.00, 354.78, 6539998, 23202.77, 35412, 4618844, 70.62
HINDUNILVR, EQ, 18-Sep-2026, 1942.20, 1950.00, 1959.60, 1932.00, 1932.00, 1932.00, 1947.19, 1994635, 38839.28, 50307, 1518642, 76.14
HINDWAREAP, EQ, 18-Sep-2026, 176.95, 176.58, 178.84, 171.00, 172.00, 172.08, 173.50, 124952, 216.79, 3225, 78364, 62.72
HINDZINC, EQ, 18-Sep-2026, 572.30, 578.30, 596.00, 578.30, 596.00, 596.00, 586.82, 7197021, 42233.43, 62424, 3497765, 48.60
HIRECT, EQ, 18-Sep-2026, 1211.90, 1225.00, 1279.00, 1214.20, 1237.30, 1242.80, 1253.62, 50557, 633.79, 4332, 17456, 34.53
HISARMETAL, EQ, 18-Sep-2026, 155.38, 153.10, 158.00, 153.10, 154.23, 154.53, 154.81, 148, 0.23, 33, 116, 78.38
HITECH, EQ, 18-Sep-2026, 73.74, 74.20, 76.70, 73.66, 75.91, 76.14, 75.21, 751081, 564.89, 4939, 444535, 59.19
HITECHCORP, BE, 18-Sep-2026, 331.80, 334.00, 334.00, 325.00, 328.95, 328.40, 326.65, 1007, 3.29, 36, -, -
HITECHGEAR, BE, 18-Sep-2026, 540.70, 540.00, 541.00, 530.00, 540.00, 540.00, 536.05, 1332, 7.14, 54, -, -
HLEGLAS, EQ, 18-Sep-2026, 415.65, 415.95, 457.20, 413.00, 447.00, 446.90, 445.29, 1020903, 4546.00, 25295, 360796, 35.34
HLVLTD, EQ, 18-Sep-2026, 6.66, 6.78, 6.85, 6.65, 6.74, 6.75, 6.76, 114147, 7.71, 462, 92261, 80.83
HMAAGRO, EQ, 18-Sep-2026, 23.08, 23.00, 24.36, 22.86, 23.86, 23.77, 23.65, 3564052, 842.97, 10216, 979916, 27.49
HMT, BZ, 18-Sep-2026, 60.82, 61.49, 61.50, 60.60, 61.50, 61.32, 61.36, 9036, 5.54, 64, -, -
HMVL, BE, 18-Sep-2026, 77.34, 77.01, 81.20, 73.48, 81.20, 81.09, 76.01, 129194, 98.20, 430, -, -
HNDFDS, EQ, 18-Sep-2026, 620.35, 620.00, 629.00, 613.00, 626.00, 625.70, 624.35, 57146, 356.79, 3861, 32668, 57.17
HNGSNGBEES, EQ, 18-Sep-2026, 462.97, 467.60, 467.60, 461.40, 464.00, 463.30, 463.24, 56641, 262.38, 3270, 36222, 63.95
HOACFOODS, ST, 18-Sep-2026, 859.60, 842.45, 842.45, 842.45, 842.45, 842.45, 842.45, 10125, 85.30, 20, 9750, 96.30
HOLMARC, SM, 18-Sep-2026, 110.00, 110.00, 110.00, 110.00, 110.00, 110.00, 110.00, 1500, 1.65, 2, 1500, 100.00
HOMEFIRST, EQ, 18-Sep-2026, 1173.30, 1165.00, 1265.00, 1158.20, 1246.60, 1241.30, 1222.50, 873253, 10675.48, 42163, 499083, 57.15
HOMESFY, SM, 18-Sep-2026, 111.30, 116.00, 116.00, 116.00, 116.00, 116.00, 116.00, 1800, 2.09, 2, 1800, 100.00
HONASA, EQ, 18-Sep-2026, 460.10, 458.10, 481.50, 458.10, 476.00, 479.55, 475.68, 1065010, 5066.06, 28643, 467830, 43.93
HONAUT, EQ, 18-Sep-2026, 33915.00, 33915.00, 36485.00, 33885.00, 35260.00, 35445.00, 35442.67, 15555, 5513.11, 8171, 5969, 38.37
HONDAPOWER, EQ, 18-Sep-2026, 1934.10, 1959.90, 1975.00, 1902.00, 1905.10, 1930.30, 1939.31, 4755, 92.21, 602, 3085, 64.88
HORIZONIND, EQ, 18-Sep-2026, 52.17, 51.90, 54.50, 51.89, 54.25, 54.23, 53.72, 2786457, 1496.76, 12343, 1432425, 51.41
HPAL, EQ, 18-Sep-2026, 34.83, 34.83, 35.40, 34.61, 34.61, 34.76, 34.92, 28109, 9.82, 320, 13802, 49.10
HPIL, EQ, 18-Sep-2026, 117.86, 118.01, 123.99, 118.00, 119.00, 118.99, 120.65, 737, 0.89, 32, 547, 74.22
HPL, EQ, 18-Sep-2026, 280.40, 280.35, 286.85, 279.40, 284.00, 284.30, 283.22, 113357, 321.05, 4232, 55053, 48.57
HPTL, SM, 18-Sep-2026, 413.40, 434.05, 434.05, 425.00, 434.05, 428.05, 430.31, 15600, 67.13, 18, 15000, 96.15
HRHNEXT, SM, 18-Sep-2026, 25.55, 25.00, 26.55, 25.00, 26.55, 26.55, 25.89, 10500, 2.72, 3, 10500, 100.00
HRYNSHP, EQ, 18-Sep-2026, 97.50, 97.55, 101.25, 96.10, 96.30, 97.19, 96.94, 1604, 1.55, 78, 1415, 88.22
HSBCGOLD, EQ, 18-Sep-2026, 130.65, 131.01, 133.50, 130.94, 132.79, 132.91, 131.99, 13418, 17.71, 77, 10643, 79.32
HSCL, EQ, 18-Sep-2026, 653.35, 656.50, 678.85, 654.10, 678.00, 675.35, 669.80, 2687060, 17997.87, 43156, 1621990, 60.36
HTEL, EQ, 18-Sep-2026, 72.05, 73.75, 79.38, 71.26, 77.00, 76.77, 76.04, 3939738, 2995.95, 36584, 1395391, 35.42
HTMEDIA, EQ, 18-Sep-2026, 24.00, 24.12, 24.70, 23.26, 23.90, 23.69, 23.81, 100997, 24.05, 537, 64184, 63.55
HUBTOWN, EQ, 18-Sep-2026, 173.76, 175.00, 180.00, 174.66, 178.03, 177.69, 176.82, 745087, 1317.48, 7409, 383118, 51.42
HUDCO, EQ, 18-Sep-2026, 169.55, 170.20, 176.50, 169.71, 176.24, 174.92, 174.06, 3438429, 5984.98, 43245, 1876243, 54.57
HUHTAMAKI, EQ, 18-Sep-2026, 243.60, 247.10, 248.00, 241.00, 247.40, 245.00, 243.55, 136211, 331.74, 4801, 63814, 46.85
HVAX, SM, 18-Sep-2026, 674.15, 694.15, 707.85, 677.50, 677.50, 680.85, 701.08, 7950, 55.74, 27, 7050, 88.68
HYBRIDETF, EQ, 18-Sep-2026, 9.94, 9.94, 10.00, 9.94, 10.00, 10.00, 9.97, 38244, 3.81, 36, 10443, 27.31
HYBRIDFIN, BE, 18-Sep-2026, 16.23, 16.21, 16.81, 16.21, 16.29, 16.29, 16.61, 7980, 1.33, 35, -, -
HYUNDAI, EQ, 18-Sep-2026, 2160.00, 2176.00, 2208.80, 2155.50, 2208.80, 2208.80, 2182.29, 764325, 16679.79, 40796, 503753, 65.91
IBULLSLTD, EQ, 18-Sep-2026, 29.65, 30.00, 31.00, 29.51, 30.60, 30.39, 30.39, 34084914, 10358.24, 25529, 21559083, 63.25
ICDSLTD, BE, 18-Sep-2026, 58.80, 58.80, 58.80, 55.86, 57.04, 56.16, 56.54, 5950, 3.36, 66, -, -
ICELCO, SM, 18-Sep-2026, 121.50, 125.95, 125.95, 122.00, 124.90, 124.20, 123.57, 39600, 48.93, 28, 27600, 69.70
ICEMAKE, EQ, 18-Sep-2026, 668.90, 668.00, 694.00, 668.00, 682.00, 685.60, 681.49, 53006, 361.23, 2403, 38625, 72.87
ICICIAMC, EQ, 18-Sep-2026, 3098.00, 3085.20, 3286.00, 3073.70, 3274.70, 3206.70, 3186.15, 1632087, 52000.73, 66799, 1091172, 66.86
ICICIB22, EQ, 18-Sep-2026, 112.00, 113.12, 113.12, 111.97, 112.12, 112.46, 112.35, 154083, 173.11, 2156, 103795, 67.36
ICICIBANK, EQ, 18-Sep-2026, 1347.60, 1351.90, 1359.80, 1338.90, 1338.90, 1338.90, 1343.06, 7509409, 100856.09, 140838, 5293245, 70.49
ICICIGI, EQ, 18-Sep-2026, 1486.70, 1485.70, 1486.80, 1458.10, 1458.10, 1458.10, 1472.91, 925599, 13633.22, 26992, 634071, 68.50
ICICIPRULI, EQ, 18-Sep-2026, 490.50, 494.00, 501.45, 491.10, 492.00, 492.00, 496.56, 2240637, 11126.07, 48255, 1313801, 58.64
ICIL, EQ, 18-Sep-2026, 435.50, 436.70, 449.00, 435.00, 443.85, 447.35, 444.79, 300607, 1337.08, 11785, 141345, 47.02
ICRA, EQ, 18-Sep-2026, 4584.60, 4642.60, 4642.60, 4525.10, 4539.90, 4544.70, 4553.17, 33473, 1524.08, 10275, 23727, 70.88
IDBI, EQ, 18-Sep-2026, 81.89, 82.30, 84.89, 81.80, 83.17, 83.06, 83.30, 20869049, 17384.85, 55592, 7374021, 35.33
IDEA, EQ, 18-Sep-2026, 14.22, 14.34, 14.37, 13.92, 13.92, 13.92, 14.16, 350366817, 49614.96, 545606, 171233183, 48.87
IDEAFORGE, EQ, 18-Sep-2026, 717.95, 721.00, 734.80, 713.55, 731.60, 729.60, 722.80, 103895, 750.96, 7799, 54292, 52.26
IDEALTECHO, SM, 18-Sep-2026, 92.80, 104.90, 104.90, 95.00, 95.00, 95.00, 97.99, 6000, 5.88, 6, 4000, 66.67
IDFCFIRSTB, EQ, 18-Sep-2026, 86.33, 86.00, 87.17, 85.92, 85.92, 85.92, 86.59, 27340008, 23673.79, 71701, 16741708, 61.24
IDFNIFTYET, EQ, 18-Sep-2026, 257.03, 258.31, 259.00, 255.75, 259.00, 259.00, 257.56, 363, 0.93, 25, 228, 62.81
IEML, ST, 18-Sep-2026, 41.35, 40.55, 43.40, 40.00, 43.40, 42.95, 42.16, 70000, 29.51, 110, 62000, 88.57
IEX, EQ, 18-Sep-2026, 113.40, 113.00, 115.46, 113.00, 115.46, 115.46, 114.39, 2248423, 2572.07, 16066, 1272926, 56.61
IFBAGRO, EQ, 18-Sep-2026, 865.15, 867.70, 899.00, 855.10, 883.00, 888.00, 879.98, 3866, 34.02, 489, 2372, 61.36
IFBIND, EQ, 18-Sep-2026, 1217.90, 1208.10, 1234.90, 1208.10, 1234.80, 1225.10, 1221.02, 22497, 274.69, 2266, 11297, 50.22
IFCI, EQ, 18-Sep-2026, 77.09, 77.56, 77.97, 75.40, 76.46, 76.51, 76.33, 60473703, 46157.49, 137547, 7851903, 12.98
IFGLEXPOR, EQ, 18-Sep-2026, 197.64, 198.62, 205.49, 197.42, 200.00, 199.03, 200.28, 28261, 56.60, 1017, 14121, 49.97
IGARASHI, EQ, 18-Sep-2026, 428.80, 433.70, 439.90, 428.60, 431.65, 432.35, 432.50, 77496, 335.17, 2778, 33310, 42.98
IGCL, EQ, 18-Sep-2026, 66.22, 66.22, 68.75, 65.15, 67.50, 67.05, 66.52, 121706, 80.96, 1943, 63317, 52.02
IGIL, EQ, 18-Sep-2026, 314.90, 318.80, 337.90, 316.95, 330.45, 330.95, 327.59, 2435441, 7978.36, 62142, 1142658, 46.92
IGL, EQ, 18-Sep-2026, 148.67, 148.50, 151.79, 148.10, 148.25, 148.56, 148.88, 4539547, 6758.68, 47438, 2920638, 64.34
IGPL, EQ, 18-Sep-2026, 554.55, 554.55, 562.15, 542.00, 542.00, 550.15, 555.25, 52110, 289.34, 1799, 31239, 59.95
IIFL, EQ, 18-Sep-2026, 596.55, 602.00, 614.25, 598.50, 600.00, 600.20, 605.61, 2243955, 13589.63, 46070, 1168261, 52.06
IIFLCAPS, EQ, 18-Sep-2026, 336.95, 336.90, 346.85, 336.80, 345.45, 345.10, 343.16, 1665584, 5715.55, 13438, 1108996, 66.58
IITL, EQ, 18-Sep-2026, 148.03, 149.90, 149.96, 142.00, 143.00, 143.37, 147.44, 110592, 163.06, 893, 22773, 20.59
IKIO, EQ, 18-Sep-2026, 205.83, 206.62, 217.90, 205.68, 210.45, 210.25, 212.34, 516858, 1097.51, 11992, 137908, 26.68
IKS, EQ, 18-Sep-2026, 1728.90, 1721.00, 1795.50, 1721.00, 1794.00, 1779.90, 1779.83, 451923, 8043.45, 25285, 335510, 74.24
IL&FSENGG, BZ, 18-Sep-2026, 39.00, 39.00, 40.95, 38.60, 40.95, 40.56, 39.90, 77426, 30.89, 105, -, -
IL&FSTRANS, BZ, 18-Sep-2026, 1.91, 1.95, 1.95, 1.86, 1.92, 1.91, 1.91, 25002, 0.48, 57, -, -
IMAGICAA, EQ, 18-Sep-2026, 51.18, 51.43, 54.79, 51.19, 53.30, 52.82, 53.54, 1607686, 860.80, 8130, 610447, 37.97
IMFA, EQ, 18-Sep-2026, 1273.70, 1264.10, 1290.50, 1249.00, 1249.00, 1252.20, 1261.53, 49098, 619.39, 4929, 27674, 56.36
IMPAL, EQ, 18-Sep-2026, 1077.70, 1084.00, 1112.80, 1058.50, 1065.00, 1065.60, 1071.50, 1932, 20.70, 198, 1376, 71.22
IMPEXFERRO, BZ, 18-Sep-2026, 5.48, 5.58, 5.58, 5.58, 5.58, 5.58, 5.58, 29142, 1.63, 37, -, -
INA, EQ, 18-Sep-2026, 87.38, 88.66, 93.50, 87.81, 92.90, 91.70, 90.45, 561788, 508.14, 3556, 280575, 49.94
INCREDIBLE, EQ, 18-Sep-2026, 33.31, 34.45, 34.45, 32.12, 33.39, 32.37, 32.64, 3415, 1.11, 105, 2663, 77.98
INDBANK, EQ, 18-Sep-2026, 25.66, 25.70, 26.26, 25.35, 25.45, 25.56, 25.68, 27153, 6.97, 559, 19318, 71.14
INDGN, EQ, 18-Sep-2026, 591.75, 595.55, 611.70, 590.50, 593.00, 600.10, 596.95, 469267, 2801.29, 18885, 276265, 58.87
INDHOTEL, EQ, 18-Sep-2026, 726.65, 725.85, 743.00, 722.60, 732.75, 732.75, 736.08, 3256156, 23967.90, 51152, 1886853, 57.95
INDIACEM, EQ, 18-Sep-2026, 351.70, 349.45, 356.15, 342.60, 343.10, 344.80, 348.84, 229613, 800.97, 11125, 80706, 35.15
INDIAGLYCO, EQ, 18-Sep-2026, 248.70, 250.10, 282.00, 250.10, 263.50, 263.70, 269.08, 1678037, 4515.26, 41091, 452985, 26.99
INDIAMART, EQ, 18-Sep-2026, 1662.70, 1651.40, 1667.00, 1622.40, 1650.00, 1646.30, 1643.21, 709316, 11655.53, 33856, 556844, 78.50
INDIANB, EQ, 18-Sep-2026, 840.50, 845.00, 848.85, 835.00, 839.80, 839.80, 840.98, 1400080, 11774.42, 29330, 861650, 61.54
INDIANCARD, EQ, 18-Sep-2026, 209.00, 209.00, 214.00, 209.00, 210.00, 210.00, 209.97, 144, 0.30, 12, 123, 85.42
INDIANHUME, EQ, 18-Sep-2026, 354.85, 356.30, 370.00, 355.25, 364.50, 365.30, 363.91, 81339, 296.00, 3043, 21160, 26.01
INDIASHLTR, EQ, 18-Sep-2026, 670.20, 673.00, 685.00, 668.90, 681.70, 681.85, 677.76, 62948, 426.64, 3381, 39803, 63.23
INDIGO, EQ, 18-Sep-2026, 4845.00, 4925.00, 4970.00, 4881.00, 4920.00, 4920.00, 4932.34, 732347, 36121.83, 49212, 429627, 58.66
INDIGOPNTS, EQ, 18-Sep-2026, 1098.90, 1108.90, 1108.90, 1080.00, 1104.50, 1099.70, 1093.41, 43988, 480.97, 5701, 24902, 56.61
INDIGRID, IV, 18-Sep-2026, 173.12, 173.12, 174.30, 173.00, 173.45, 173.49, 173.48, 1489506, 2584.04, 19907, 1061521, 71.27
INDIQUBE, EQ, 18-Sep-2026, 202.45, 200.00, 202.87, 190.90, 191.25, 192.85, 195.33, 81977, 160.13, 2435, 27807, 33.92
INDNIPPON, EQ, 18-Sep-2026, 1262.10, 1272.00, 1279.60, 1250.00, 1250.00, 1260.00, 1264.54, 32358, 409.18, 3862, 13095, 40.47
INDOAMIN, BE, 18-Sep-2026, 123.57, 124.50, 128.50, 121.70, 126.00, 126.55, 125.70, 36333, 45.67, 277, -, -
INDOBORAX, EQ, 18-Sep-2026, 466.75, 466.75, 481.65, 466.75, 472.25, 472.60, 472.43, 40484, 191.26, 2386, 19585, 48.38
INDOCO, EQ, 18-Sep-2026, 254.44, 254.44, 259.65, 247.00, 248.99, 249.01, 254.31, 205516, 522.66, 5672, 64849, 31.55
INDOFARM, EQ, 18-Sep-2026, 135.07, 135.90, 137.74, 135.02, 136.51, 136.78, 136.12, 92008, 125.24, 1168, 42473, 46.16
INDOKEM, EQ, 18-Sep-2026, 643.15, 643.15, 668.00, 602.00, 615.05, 620.00, 635.26, 13991, 88.88, 838, 8772, 62.70
INDOMIM, EQ, 18-Sep-2026, 993.20, 999.00, 1064.00, 990.50, 1062.00, 1055.90, 1036.69, 3925761, 40697.94, 136840, 1325993, 33.78
INDORAMA, EQ, 18-Sep-2026, 89.19, 89.87, 93.49, 87.43, 91.60, 91.05, 91.32, 1163975, 1062.97, 11322, 364047, 31.28
INDOSTAR, EQ, 18-Sep-2026, 229.49, 232.69, 244.90, 227.59, 240.55, 241.05, 238.41, 121475, 289.60, 2439, 80877, 66.58
INDOTECH, EQ, 18-Sep-2026, 3411.40, 3429.00, 3459.00, 3350.00, 3355.00, 3394.70, 3416.81, 8364, 285.78, 1591, 5403, 64.60
INDOTHAI, EQ, 18-Sep-2026, 35.32, 33.56, 36.50, 33.56, 33.56, 33.56, 34.34, 3760631, 1291.34, 8454, 1407360, 37.42
INDOUS, EQ, 18-Sep-2026, 79.34, 78.92, 81.20, 76.50, 78.00, 78.00, 78.62, 5215, 4.10, 309, 2877, 55.17
INDOWIND, EQ, 18-Sep-2026, 8.93, 9.15, 9.15, 8.82, 8.82, 8.92, 9.01, 72495, 6.53, 364, 37592, 51.85
INDPRUD, EQ, 18-Sep-2026, 6273.50, 6304.50, 6304.50, 6150.00, 6210.50, 6227.50, 6171.20, 64, 3.95, 13, 59, 92.19
INDRAMEDCO, EQ, 18-Sep-2026, 363.65, 360.55, 366.90, 360.05, 361.70, 362.90, 364.05, 134873, 491.00, 4687, 87764, 65.07
INDSWFTLAB, EQ, 18-Sep-2026, 378.25, 377.55, 385.15, 368.00, 372.90, 373.25, 375.37, 399757, 1500.57, 9177, 180799, 45.23
INDTERRAIN, EQ, 18-Sep-2026, 28.90, 28.86, 29.98, 28.12, 29.00, 28.91, 29.02, 57089, 16.57, 320, 35267, 61.78
INDUSINDBK, EQ, 18-Sep-2026, 958.20, 963.80, 969.30, 955.30, 966.30, 966.30, 964.38, 6250679, 60280.04, 41220, 4656142, 74.49
INDUSINVIT, IV, 18-Sep-2026, 131.94, 131.94, 132.37, 131.52, 131.98, 132.05, 132.12, 66874, 88.35, 3818, 52455, 78.44
INDUSTOWER, EQ, 18-Sep-2026, 381.35, 380.90, 382.50, 375.90, 375.90, 375.90, 377.68, 4696284, 17736.71, 41285, 3037338, 64.68
INFINIUM, SM, 18-Sep-2026, 278.50, 276.90, 276.90, 265.00, 265.00, 265.00, 267.28, 3000, 8.02, 6, 2500, 83.33
INFLUX, SM, 18-Sep-2026, 283.95, 286.75, 290.00, 271.00, 274.00, 273.70, 280.04, 29400, 82.33, 49, 18600, 63.27
INFOBEAN, EQ, 18-Sep-2026, 150.41, 151.16, 152.40, 150.01, 151.02, 151.27, 150.96, 99135, 149.66, 1834, 48696, 49.12
INFOLLION, SM, 18-Sep-2026, 156.50, 156.50, 159.95, 155.00, 156.00, 156.50, 156.92, 2800, 4.39, 7, 2400, 85.71
INFOMEDIA, EQ, 18-Sep-2026, 5.29, 5.56, 5.56, 4.91, 5.40, 5.28, 5.16, 35771, 1.85, 80, 23433, 65.51
INFRA, EQ, 18-Sep-2026, 11.67, 11.90, 11.90, 11.72, 11.85, 11.85, 11.80, 16540, 1.95, 120, 12013, 72.63
INFRABEES, EQ, 18-Sep-2026, 928.63, 933.60, 938.00, 931.37, 938.00, 935.62, 935.42, 5322, 49.78, 378, 2749, 51.65
INFRAIETF, EQ, 18-Sep-2026, 92.30, 92.74, 93.30, 92.60, 92.85, 92.96, 92.82, 203080, 188.50, 2413, 181745, 89.49
INFY, EQ, 18-Sep-2026, 1058.60, 1061.90, 1061.90, 1038.00, 1051.40, 1051.40, 1047.93, 22124953, 231854.51, 133181, 15755453, 71.21
INGERRAND, EQ, 18-Sep-2026, 4225.20, 4226.00, 4275.90, 4135.00, 4150.00, 4155.70, 4195.07, 41603, 1745.27, 7246, 21896, 52.63
INM, SM, 18-Sep-2026, 152.05, 162.90, 162.90, 162.90, 162.90, 162.90, 162.90, 600, 0.98, 1, 600, 100.00
INNOMET, ST, 18-Sep-2026, 283.75, 284.00, 284.00, 280.00, 281.05, 281.05, 282.90, 28800, 81.48, 32, 28800, 100.00
INNOVACAP, EQ, 18-Sep-2026, 1149.50, 1150.00, 1183.60, 1150.00, 1172.50, 1179.80, 1170.60, 32076, 375.48, 4402, 19803, 61.74
INNOVANA, EQ, 18-Sep-2026, 298.95, 300.20, 306.00, 297.30, 306.00, 303.25, 301.46, 35756, 107.79, 526, 13961, 39.05
INNOVISION, EQ, 18-Sep-2026, 254.45, 254.35, 254.80, 251.60, 252.45, 253.10, 252.93, 8009, 20.26, 431, 5559, 69.41
INOXGREEN, EQ, 18-Sep-2026, 174.64, 174.64, 175.93, 170.07, 171.00, 171.32, 172.07, 536646, 923.39, 4979, 252730, 47.09
INOXINDIA, EQ, 18-Sep-2026, 2014.80, 2030.00, 2104.60, 2016.00, 2099.70, 2098.80, 2079.79, 229005, 4762.83, 24799, 109149, 47.66
INOXWIND, EQ, 18-Sep-2026, 74.10, 74.33, 76.80, 74.29, 76.80, 76.80, 75.52, 10976663, 8289.72, 23509, 5173553, 47.13
INSECTICID, EQ, 18-Sep-2026, 598.85, 597.55, 608.25, 597.35, 608.00, 605.60, 602.42, 5335, 32.14, 449, 3711, 69.56
INSPIRE, SM, 18-Sep-2026, 9.25, 9.70, 9.70, 9.00, 9.00, 9.00, 9.35, 4000, 0.37, 2, 2000, 50.00
INSPIRISYS, EQ, 18-Sep-2026, 84.44, 85.79, 85.79, 82.05, 84.00, 83.16, 84.05, 2161, 1.82, 51, 2154, 99.68
INSUREIETF, EQ, 18-Sep-2026, 15.09, 15.13, 15.21, 15.09, 15.20, 15.11, 15.16, 308060, 46.70, 128, 198412, 64.41
INTELLECT, EQ, 18-Sep-2026, 651.30, 651.70, 656.90, 641.40, 646.40, 647.45, 648.39, 290091, 1880.91, 14097, 161185, 55.56
INTENTECH, EQ, 18-Sep-2026, 77.45, 77.46, 80.00, 76.92, 78.35, 78.14, 77.83, 11763, 9.16, 217, 8938, 75.98
INTERARCH, EQ, 18-Sep-2026, 1692.20, 1701.00, 1719.90, 1684.10, 1705.00, 1705.80, 1702.08, 35940, 611.73, 3353, 23778, 66.16
INTERNET, EQ, 18-Sep-2026, 14.45, 14.56, 14.74, 14.56, 14.68, 14.72, 14.64, 297012, 43.47, 250, 158742, 53.45
INTLCONV, EQ, 18-Sep-2026, 76.49, 76.49, 77.48, 76.26, 76.27, 76.60, 76.88, 17876, 13.74, 745, 12648, 70.75
INVENTURE, EQ, 18-Sep-2026, 0.89, 0.89, 0.90, 0.89, 0.89, 0.89, 0.89, 358172, 3.20, 294, 189063, 52.79
INVICTA, SM, 18-Sep-2026, 66.00, 64.40, 68.10, 64.40, 68.10, 68.10, 66.86, 6400, 4.28, 4, 4800, 75.00
INVPRECQ, BE, 18-Sep-2026, 1349.00, 1375.00, 1375.90, 1350.00, 1357.00, 1357.00, 1367.87, 1269, 17.36, 43, -, -
IOB, EQ, 18-Sep-2026, 32.10, 32.18, 32.32, 32.00, 32.25, 32.17, 32.15, 1954679, 628.40, 12843, 1094654, 56.00
IOC, EQ, 18-Sep-2026, 134.27, 135.02, 137.00, 134.60, 137.00, 137.00, 136.12, 11505787, 15661.16, 45169, 8022320, 69.72
IOLCP, EQ, 18-Sep-2026, 197.49, 198.50, 206.00, 195.70, 203.14, 203.15, 201.28, 4695376, 9450.63, 52561, 1571237, 33.46
IONEXCHANG, EQ, 18-Sep-2026, 424.35, 424.35, 446.80, 423.25, 441.15, 442.30, 437.94, 491666, 2153.21, 17145, 266916, 54.29
IPCALAB, EQ, 18-Sep-2026, 1970.30, 1972.30, 2038.00, 1964.00, 1999.00, 2009.60, 2003.48, 527501, 10568.37, 35647, 361636, 68.56
IPHL, SM, 18-Sep-2026, 71.05, 70.50, 71.05, 70.50, 71.05, 71.05, 70.65, 4800, 3.39, 4, 4800, 100.00
IPL, EQ, 18-Sep-2026, 138.69, 139.38, 140.04, 134.10, 134.90, 134.67, 136.05, 496519, 675.53, 5756, 251532, 50.66
IPRINGLTD, EQ, 18-Sep-2026, 137.00, 138.50, 141.99, 137.10, 140.00, 139.95, 139.31, 2570, 3.58, 79, 2398, 93.31
IRB, EQ, 18-Sep-2026, 18.85, 18.99, 18.99, 18.38, 18.43, 18.48, 18.59, 21372707, 3972.80, 33159, 14644687, 68.52
IRBINVIT, IV, 18-Sep-2026, 63.85, 63.85, 65.25, 63.85, 64.80, 65.12, 64.82, 1394444, 903.83, 5839, 1088582, 78.07
IRCON, EQ, 18-Sep-2026, 107.86, 107.90, 110.75, 107.00, 109.97, 109.85, 109.29, 2642536, 2887.90, 32436, 941341, 35.62
IRCTC, EQ, 18-Sep-2026, 457.00, 458.00, 480.00, 457.15, 477.00, 476.75, 471.36, 1670118, 7872.26, 46146, 817864, 48.97
IREDA, EQ, 18-Sep-2026, 108.99, 109.79, 114.32, 109.21, 114.32, 114.32, 111.62, 5072770, 5662.12, 28813, 2840181, 55.99
IRFC, EQ, 18-Sep-2026, 79.31, 79.32, 81.50, 79.32, 81.50, 81.50, 80.62, 14377921, 11591.19, 49309, 7178311, 49.93
IRIS, EQ, 18-Sep-2026, 237.13, 240.10, 241.80, 235.91, 237.05, 238.09, 238.19, 5209, 12.41, 353, 3112, 59.74
IRISDOREME, EQ, 18-Sep-2026, 62.55, 62.85, 66.30, 61.00, 64.98, 64.58, 63.43, 2408240, 1527.55, 6183, 872622, 36.23
IRMENERGY, EQ, 18-Sep-2026, 269.10, 278.15, 278.15, 268.00, 270.25, 270.20, 269.91, 69769, 188.31, 2516, 38166, 54.70
ISFT, EQ, 18-Sep-2026, 90.26, 98.97, 98.97, 88.53, 93.65, 95.16, 94.51, 414668, 391.92, 7216, 94538, 22.80
ISGEC, EQ, 18-Sep-2026, 769.60, 773.45, 790.00, 769.15, 790.00, 786.25, 781.22, 50228, 392.39, 4347, 28396, 56.53
ISHANCH, EQ, 18-Sep-2026, 49.43, 50.00, 53.25, 49.50, 50.50, 51.04, 51.51, 41286, 21.26, 555, 18138, 43.93
ISTLTD, EQ, 18-Sep-2026, 683.90, 661.05, 687.80, 655.50, 667.00, 663.85, 666.11, 583, 3.88, 77, 292, 50.09
IT, EQ, 18-Sep-2026, 32.49, 31.67, 32.80, 31.67, 31.98, 31.94, 31.95, 639140, 204.21, 1433, 364112, 56.97
ITADD, EQ, 18-Sep-2026, 30.93, 30.60, 30.65, 30.36, 30.63, 30.50, 30.50, 25542, 7.79, 173, 18063, 70.72
ITALIANE, SM, 18-Sep-2026, 31.00, 29.60, 29.75, 29.60, 29.75, 29.75, 29.68, 4000, 1.19, 2, 4000, 100.00
ITAXIS, EQ, 18-Sep-2026, 320.02, 323.98, 323.98, 315.39, 315.50, 316.58, 316.54, 2163, 6.85, 66, 1416, 65.46
ITBEES, EQ, 18-Sep-2026, 32.39, 33.10, 33.10, 31.81, 32.00, 31.94, 31.95, 13607369, 4347.37, 22645, 6435599, 47.29
ITBETA, EQ, 18-Sep-2026, 309.39, 302.28, 310.64, 301.55, 310.64, 302.55, 302.41, 798, 2.41, 53, 778, 97.49
ITC, EQ, 18-Sep-2026, 266.20, 266.60, 266.60, 262.30, 262.30, 262.30, 264.29, 14399150, 38055.82, 103894, 9515153, 66.08
ITCHOTELS, EQ, 18-Sep-2026, 154.33, 154.99, 159.50, 154.40, 158.90, 158.80, 158.23, 2982731, 4719.46, 33775, 1657195, 55.56
ITDC, EQ, 18-Sep-2026, 662.70, 662.70, 667.40, 655.60, 659.00, 658.30, 658.61, 46546, 306.56, 3521, 15646, 33.61
ITETF, EQ, 18-Sep-2026, 30.84, 30.95, 31.00, 30.35, 30.60, 30.47, 30.49, 500010, 152.46, 1002, 155713, 31.14
ITI, EQ, 18-Sep-2026, 255.30, 254.80, 257.45, 252.00, 256.00, 256.30, 255.74, 79274, 202.73, 3023, 40504, 51.09
ITIETF, EQ, 18-Sep-2026, 32.46, 32.46, 32.46, 31.83, 32.05, 32.00, 32.03, 825230, 264.29, 1974, 366391, 44.40
ITL, EQ, 18-Sep-2026, 362.50, 358.00, 371.70, 355.00, 361.95, 356.85, 359.12, 1046, 3.76, 103, 819, 78.30
IVALUE, EQ, 18-Sep-2026, 228.08, 229.00, 229.16, 218.10, 221.70, 222.03, 223.79, 132240, 295.95, 2857, 64963, 49.13
IVC, EQ, 18-Sep-2026, 7.85, 7.79, 8.00, 7.79, 7.92, 7.90, 7.89, 144297, 11.38, 713, 96889, 67.15
IVP, BE, 18-Sep-2026, 214.71, 210.71, 219.50, 210.71, 216.00, 215.04, 217.49, 9157, 19.92, 95, -, -
IVZBANKNF, EQ, 18-Sep-2026, 55.99, 55.99, 56.37, 55.99, 56.06, 56.06, 56.13, 12191, 6.84, 9, 10238, 83.98
IVZINGOLD, EQ, 18-Sep-2026, 131.10, 132.55, 134.00, 131.90, 133.95, 133.75, 133.56, 33465, 44.69, 443, 26158, 78.17
IVZINNIFTY, EQ, 18-Sep-2026, 267.52, 274.20, 274.20, 266.90, 267.76, 267.76, 267.39, 209, 0.56, 21, 152, 72.73
IVZSENSEX, EQ, 18-Sep-2026, 74.60, 74.50, 74.60, 74.40, 74.56, 74.56, 74.47, 2023, 1.51, 12, 2017, 99.70
IWARE, ST, 18-Sep-2026, 409.75, 405.00, 405.00, 390.00, 390.00, 390.60, 395.28, 20400, 80.64, 31, 18600, 91.18
IWP, EQ, 18-Sep-2026, 34.71, 35.95, 35.95, 33.62, 34.72, 34.73, 34.58, 9946, 3.44, 206, 8078, 81.22
IXIGO, EQ, 18-Sep-2026, 160.06, 159.60, 167.84, 159.60, 165.10, 165.65, 166.25, 3132025, 5207.10, 28034, 1853179, 59.17
IZMO, EQ, 18-Sep-2026, 913.25, 923.00, 944.60, 913.60, 936.00, 934.35, 930.85, 130243, 1212.37, 8369, 43438, 33.35
J&KBANK, EQ, 18-Sep-2026, 147.28, 147.60, 149.70, 145.00, 146.25, 146.58, 147.79, 3653479, 5399.54, 36501, 2078629, 56.89
JAGRAN, EQ, 18-Sep-2026, 61.96, 62.50, 62.50, 61.50, 62.50, 62.36, 62.06, 110739, 68.73, 1380, 76138, 68.75
JAGSNPHARM, EQ, 18-Sep-2026, 227.24, 228.78, 230.49, 226.00, 227.95, 228.42, 227.82, 48985, 111.60, 1670, 22050, 45.01
JAIBALAJI, EQ, 18-Sep-2026, 63.81, 63.55, 65.24, 63.20, 65.09, 64.48, 64.46, 524099, 337.81, 3484, 315446, 60.19
JAICORPLTD, EQ, 18-Sep-2026, 93.17, 93.20, 94.80, 93.20, 94.25, 94.42, 93.96, 148952, 139.95, 2280, 55173, 37.04
JAINAM, SM, 18-Sep-2026, 216.00, 216.00, 216.00, 216.00, 216.00, 216.00, 216.00, 1000, 2.16, 2, 1000, 100.00
JAINIK, ST, 18-Sep-2026, 199.50, 199.00, 199.00, 199.00, 199.00, 199.00, 199.00, 2400, 4.78, 2, 2400, 100.00
JAINREC, EQ, 18-Sep-2026, 274.05, 275.00, 278.55, 272.00, 276.35, 276.25, 275.18, 555155, 1527.68, 11386, 220747, 39.76
JAIPURKURT, EQ, 18-Sep-2026, 24.74, 24.70, 25.30, 24.21, 24.90, 24.85, 24.65, 3279, 0.81, 96, 1443, 44.01
JALAN, ST, 18-Sep-2026, 1.75, 1.70, 1.70, 1.70, 1.70, 1.70, 1.70, 6000, 0.10, 2, 6000, 100.00
JAMNAAUTO, EQ, 18-Sep-2026, 126.96, 126.60, 128.00, 122.40, 125.60, 125.03, 124.02, 2670217, 3311.59, 25285, 985968, 36.92
JARO, EQ, 18-Sep-2026, 471.05, 476.55, 477.00, 462.15, 465.60, 465.40, 467.25, 98491, 460.20, 2605, 16763, 17.02
JASH, EQ, 18-Sep-2026, 514.00, 514.00, 527.50, 508.90, 524.00, 521.15, 518.39, 166601, 863.65, 7173, 89132, 53.50
JAYAGROGN, EQ, 18-Sep-2026, 225.41, 228.30, 229.50, 225.02, 227.27, 227.39, 227.26, 6086, 13.83, 312, 4443, 73.00
JAYBARMARU, EQ, 18-Sep-2026, 113.40, 114.70, 114.70, 109.90, 110.51, 111.15, 111.73, 160918, 179.80, 5595, 99126, 61.60
JAYBEE, SM, 18-Sep-2026, 81.35, 83.95, 85.35, 82.05, 82.10, 82.30, 83.47, 10500, 8.76, 20, 7000, 66.67
JAYESH, SM, 18-Sep-2026, 130.85, 127.00, 127.00, 127.00, 127.00, 127.00, 127.00, 1000, 1.27, 1, 1000, 100.00
JAYKAY, EQ, 18-Sep-2026, 157.06, 158.32, 169.75, 153.55, 168.00, 167.18, 163.04, 966066, 1575.04, 17388, 272955, 28.25
JAYNECOIND, EQ, 18-Sep-2026, 88.94, 89.08, 89.75, 88.60, 89.70, 89.26, 89.08, 1630439, 1452.48, 10171, 892096, 54.72
JAYSREETEA, EQ, 18-Sep-2026, 89.74, 90.90, 91.79, 88.50, 89.60, 89.38, 89.98, 31481, 28.33, 484, 23102, 73.38
JBMA, EQ, 18-Sep-2026, 593.60, 593.65, 605.00, 593.65, 601.00, 599.10, 600.00, 200524, 1203.14, 10167, 74094, 36.95
JENBURPH, EQ, 18-Sep-2026, 983.40, 985.00, 997.00, 972.60, 983.60, 979.90, 979.47, 1916, 18.77, 71, 1772, 92.48
JETFREIGHT, EQ, 18-Sep-2026, 19.43, 19.40, 22.50, 18.40, 22.22, 22.14, 21.10, 1486253, 313.59, 5306, 370249, 24.91
JEYYAM, ST, 18-Sep-2026, 20.75, 21.50, 21.50, 21.00, 21.15, 21.05, 21.18, 24000, 5.08, 10, 22000, 91.67
JFLLIFE, SM, 18-Sep-2026, 10.15, 10.45, 10.45, 10.45, 10.45, 10.45, 10.45, 6000, 0.63, 1, 6000, 100.00
JGCHEM, EQ, 18-Sep-2026, 588.15, 593.25, 619.95, 592.20, 613.10, 612.40, 610.91, 346503, 2116.82, 14280, 143228, 41.34
JHS, EQ, 18-Sep-2026, 8.59, 8.84, 8.84, 8.41, 8.70, 8.54, 8.65, 41482, 3.59, 187, 29238, 70.48
JINDALPHOT, EQ, 18-Sep-2026, 1129.40, 1129.70, 1135.00, 1109.80, 1134.90, 1125.60, 1123.71, 7243, 81.39, 409, 5261, 72.64
JINDALPOLY, EQ, 18-Sep-2026, 726.00, 726.95, 735.95, 708.90, 725.00, 718.45, 717.89, 16484, 118.34, 1154, 9196, 55.79
JINDALSAW, EQ, 18-Sep-2026, 291.20, 293.00, 294.80, 288.05, 290.40, 289.50, 290.41, 2085677, 6056.97, 29449, 1334017, 63.96
JINDALSTEL, EQ, 18-Sep-2026, 1128.40, 1128.90, 1140.20, 1119.50, 1119.50, 1119.50, 1127.19, 1056818, 11912.35, 44507, 693935, 65.66
JINDRILL, EQ, 18-Sep-2026, 582.70, 584.00, 599.95, 575.25, 595.95, 594.85, 588.12, 269661, 1585.92, 11069, 71240, 26.42
JINDWORLD, EQ, 18-Sep-2026, 49.00, 49.40, 51.50, 47.78, 49.89, 49.70, 50.36, 11061999, 5570.97, 28016, 1335991, 12.08
JIOFIN, EQ, 18-Sep-2026, 229.30, 230.00, 232.00, 229.89, 229.89, 229.89, 230.83, 11847025, 27345.92, 61484, 7384537, 62.33
JISLDVREQS, EQ, 18-Sep-2026, 21.18, 21.29, 21.97, 20.55, 21.15, 20.94, 20.84, 12202, 2.54, 190, 7480, 61.30
JISLJALEQS, EQ, 18-Sep-2026, 30.20, 31.00, 31.90, 29.24, 30.50, 30.42, 30.56, 5621238, 1717.96, 18818, 1677254, 29.84
JITFINFRA, EQ, 18-Sep-2026, 286.40, 292.00, 293.65, 280.40, 280.40, 284.75, 286.55, 18410, 52.75, 660, 12062, 65.52
JIWANRAM, SM, 18-Sep-2026, 4.00, 4.00, 4.05, 4.00, 4.05, 4.05, 4.01, 24000, 0.96, 4, 18000, 75.00
JKCEMENT, EQ, 18-Sep-2026, 5027.00, 5010.00, 5139.00, 4990.00, 5084.50, 5064.50, 5066.68, 60794, 3080.24, 13301, 32831, 54.00
JKIL, EQ, 18-Sep-2026, 475.55, 477.60, 488.30, 474.80, 486.45, 486.55, 483.72, 65328, 316.01, 2943, 44335, 67.87
JKIPL, EQ, 18-Sep-2026, 96.20, 96.17, 99.78, 95.10, 97.04, 98.60, 97.22, 4652, 4.52, 178, 3363, 72.29
JKLAKSHMI, EQ, 18-Sep-2026, 510.40, 510.40, 535.00, 510.10, 533.10, 530.20, 523.55, 278231, 1456.69, 12044, 131430, 47.24
JKPAPER, EQ, 18-Sep-2026, 418.05, 417.00, 433.00, 416.95, 429.00, 430.60, 427.51, 572207, 2446.25, 15697, 268147, 46.86
JKTYRE, EQ, 18-Sep-2026, 348.55, 352.25, 352.30, 344.40, 349.50, 349.35, 347.80, 621396, 2161.23, 15324, 320042, 51.50
JLHL, EQ, 18-Sep-2026, 277.75, 279.00, 285.65, 276.20, 277.35, 280.05, 280.42, 240514, 674.45, 5412, 135386, 56.29
JMA, EQ, 18-Sep-2026, 90.29, 89.55, 93.00, 89.55, 90.01, 90.21, 91.09, 11223, 10.22, 237, 7615, 67.85
JMFINANCIL, EQ, 18-Sep-2026, 122.51, 122.75, 126.79, 122.40, 126.00, 126.30, 125.32, 5637377, 7064.72, 50393, 3421389, 60.69
JNKINDIA, EQ, 18-Sep-2026, 411.95, 412.20, 424.00, 410.40, 411.20, 413.90, 417.38, 58911, 245.88, 2669, 29301, 49.74
JNPR, EQ, 18-Sep-2026, 257.20, 259.80, 267.00, 256.50, 265.00, 265.15, 264.24, 720178, 1903.01, 25538, 443691, 61.61
JOCIL, EQ, 18-Sep-2026, 147.04, 147.41, 152.35, 141.05, 144.16, 145.95, 145.10, 6159, 8.94, 226, 3552, 57.67
JPOLYINVST, EQ, 18-Sep-2026, 982.25, 987.80, 988.50, 977.00, 977.00, 980.75, 983.22, 1447, 14.23, 322, 731, 50.52
JPPOWER, EQ, 18-Sep-2026, 15.26, 15.25, 15.49, 15.17, 15.35, 15.37, 15.35, 37304111, 5725.26, 964557, 15581569, 41.77
JSFB, EQ, 18-Sep-2026, 520.10, 516.70, 534.10, 514.40, 529.95, 527.30, 527.56, 1405254, 7413.58, 23760, 696098, 49.54
JSL, EQ, 18-Sep-2026, 724.45, 724.50, 754.95, 724.50, 753.00, 750.95, 746.23, 2671236, 19933.56, 95087, 1590149, 59.53
JSLL, EQ, 18-Sep-2026, 490.75, 494.40, 513.00, 494.00, 509.10, 510.40, 504.43, 341598, 1723.13, 10414, 193301, 56.59
JSWCEMENT, EQ, 18-Sep-2026, 116.64, 117.20, 118.10, 116.23, 117.35, 117.44, 117.31, 1513300, 1775.22, 50852, 832805, 55.03
JSWDULUX, EQ, 18-Sep-2026, 3074.00, 3099.90, 3235.90, 3057.10, 3175.60, 3188.80, 3146.31, 21480, 675.83, 5316, 11744, 54.67
JSWENERGY, EQ, 18-Sep-2026, 512.00, 512.00, 526.00, 509.00, 526.00, 526.00, 516.76, 3397652, 17557.60, 21587, 2484988, 73.14
JSWHL, EQ, 18-Sep-2026, 11146.00, 11146.00, 11504.00, 10931.00, 11498.00, 11282.00, 11151.06, 3808, 424.63, 1320, 1608, 42.23
JSWINFRA, EQ, 18-Sep-2026, 326.65, 329.90, 356.95, 326.10, 349.65, 348.25, 346.93, 25470641, 88366.29, 116853, 16474653, 64.68
JSWSTEEL, EQ, 18-Sep-2026, 1253.40, 1270.10, 1278.70, 1262.70, 1275.60, 1275.60, 1272.50, 2378010, 30260.15, 41729, 1576365, 66.29
JTEKTINDIA, EQ, 18-Sep-2026, 118.87, 118.90, 121.94, 117.15, 117.70, 117.77, 118.71, 217543, 258.24, 2703, 133922, 61.56
JTLIND, EQ, 18-Sep-2026, 87.32, 88.01, 92.25, 86.15, 88.00, 87.67, 88.64, 2943629, 2609.32, 16955, 844054, 28.67
JUBLCPL, EQ, 18-Sep-2026, 2020.40, 2013.30, 2043.20, 1980.00, 2020.00, 2000.10, 2001.31, 6169, 123.46, 958, 4107, 66.57
JUBLFOOD, EQ, 18-Sep-2026, 480.20, 483.95, 502.00, 480.30, 500.00, 500.00, 495.63, 2900829, 14377.28, 44981, 1763654, 60.80
JUBLINGREA, EQ, 18-Sep-2026, 633.25, 638.50, 642.60, 612.00, 626.00, 624.90, 620.24, 923659, 5728.91, 29775, 542200, 58.70
JUBLPHARMA, EQ, 18-Sep-2026, 1012.10, 1012.10, 1086.00, 1012.10, 1075.00, 1065.40, 1047.88, 308313, 3230.74, 18021, 175017, 56.77
JUNIORBEES, EQ, 18-Sep-2026, 771.94, 778.30, 782.00, 766.15, 782.00, 781.11, 778.72, 180919, 1408.86, 6249, 100579, 55.59
JUNIPER, EQ, 18-Sep-2026, 215.44, 217.00, 226.48, 215.46, 225.30, 224.33, 222.08, 274539, 609.69, 5137, 161750, 58.92
JUSTDIAL, EQ, 18-Sep-2026, 674.05, 674.05, 684.40, 660.20, 667.50, 669.00, 670.54, 174274, 1168.58, 6941, 91357, 52.42
JWL, EQ, 18-Sep-2026, 231.23, 232.50, 233.99, 228.16, 230.30, 230.13, 230.60, 1093397, 2521.37, 19626, 417963, 38.23
JYOTHYLAB, EQ, 18-Sep-2026, 193.84, 193.50, 196.60, 192.69, 195.55, 195.07, 194.89, 713471, 1390.47, 13332, 296981, 41.62
JYOTICNC, EQ, 18-Sep-2026, 980.85, 980.85, 1065.00, 979.00, 1053.55, 1049.70, 1041.02, 3979254, 41424.91, 147814, 1173515, 29.49
JYOTIGLOBL, SM, 18-Sep-2026, 48.00, 46.10, 47.95, 46.00, 46.00, 46.00, 46.96, 24000, 11.27, 11, 22000, 91.67
JYOTIRES, EQ, 18-Sep-2026, 837.90, 837.90, 856.45, 832.70, 841.00, 841.00, 839.89, 2378, 19.97, 364, 1375, 57.82
JYOTISTRUC, EQ, 18-Sep-2026, 9.11, 9.18, 9.42, 9.09, 9.35, 9.29, 9.22, 4504436, 415.34, 3554, 2497386, 55.44
K2INFRA, ST, 18-Sep-2026, 43.65, 43.65, 44.70, 43.25, 43.30, 43.30, 43.66, 16200, 7.07, 25, 14400, 88.89
KABRAEXTRU, EQ, 18-Sep-2026, 632.75, 640.25, 690.00, 639.70, 685.00, 681.60, 672.29, 233883, 1572.37, 10156, 94741, 40.51
KAJARIACER, EQ, 18-Sep-2026, 1217.20, 1211.10, 1216.90, 1197.00, 1204.90, 1202.70, 1202.77, 194896, 2344.14, 14235, 119726, 61.43
KAKATCEM, EQ, 18-Sep-2026, 108.23, 107.40, 109.90, 107.00, 107.00, 107.33, 107.36, 1116, 1.20, 38, 602, 53.94
KALAMANDIR, EQ, 18-Sep-2026, 76.79, 77.06, 78.93, 76.56, 78.38, 78.26, 77.63, 532981, 413.75, 4196, 237296, 44.52
KALANA, SM, 18-Sep-2026, 18.50, 18.50, 18.50, 18.50, 18.50, 18.50, 18.50, 2000, 0.37, 1, 2000, 100.00
KALPATARU, EQ, 18-Sep-2026, 257.20, 259.75, 279.95, 257.20, 279.70, 274.45, 268.43, 59103, 158.65, 1143, 41084, 69.51
KALYANIFRG, BE, 18-Sep-2026, 1015.50, 1010.45, 1010.45, 964.75, 967.00, 975.25, 974.42, 3446, 33.58, 290, -, -
KALYANKJIL, EQ, 18-Sep-2026, 581.45, 585.00, 588.50, 580.00, 581.85, 581.85, 584.76, 5379085, 31454.80, 54728, 2474978, 46.01
KAMAHOLD, EQ, 18-Sep-2026, 2278.80, 2288.70, 2288.70, 2244.10, 2250.00, 2249.90, 2250.60, 5489, 123.54, 726, 4212, 76.74
KAMANWALA, EQ, 18-Sep-2026, 16.50, 17.80, 17.80, 16.51, 16.51, 16.51, 16.55, 414, 0.07, 9, 400, 96.62
KAMATHOTEL, EQ, 18-Sep-2026, 219.45, 220.10, 232.38, 220.10, 230.00, 229.30, 226.48, 48978, 110.93, 1176, 32501, 66.36
KAMDHENU, BE, 18-Sep-2026, 39.50, 39.00, 41.05, 39.00, 41.05, 41.05, 40.48, 947462, 383.52, 1381, -, -
KAMOPAINTS, EQ, 18-Sep-2026, 4.35, 4.45, 4.45, 4.25, 4.39, 4.39, 4.38, 124231, 5.44, 454, 112118, 90.25
KANANIIND, EQ, 18-Sep-2026, 1.41, 1.43, 1.44, 1.40, 1.42, 1.42, 1.42, 132727, 1.88, 263, 92765, 69.89
KANCHI, EQ, 18-Sep-2026, 389.00, 389.00, 394.50, 383.10, 389.95, 386.65, 387.47, 439, 1.70, 71, 284, 64.69
KANCOTEA, EQ, 18-Sep-2026, 55.62, 55.62, 55.62, 55.62, 55.62, 55.62, 55.62, 1, 0.00, 1, 1, 100.00
KANOHAR, EQ, 18-Sep-2026, 817.00, 825.00, 855.00, 780.10, 784.00, 786.80, 813.84, 7345005, 59776.94, 215510, 1113960, 15.17
KANORICHEM, BE, 18-Sep-2026, 185.74, 180.25, 188.00, 176.46, 186.00, 184.11, 182.36, 60692, 110.68, 552, -, -
KANPRPLA, EQ, 18-Sep-2026, 259.75, 262.35, 262.35, 243.90, 245.00, 246.10, 249.78, 26773, 66.87, 1005, 16587, 61.95
KANSAINER, EQ, 18-Sep-2026, 184.20, 183.73, 185.10, 181.60, 182.65, 183.96, 183.89, 672383, 1236.44, 10651, 391100, 58.17
KAPSTON, EQ, 18-Sep-2026, 577.30, 583.80, 589.95, 575.85, 589.95, 584.30, 584.29, 40257, 235.22, 1732, 25933, 64.42
KARAMTARA, EQ, 18-Sep-2026, 352.00, 369.00, 377.90, 331.30, 350.00, 355.55, 353.36, 29625649, 104685.00, 335456, 8203070, 27.69
KARMAENG, EQ, 18-Sep-2026, 39.91, 40.20, 43.00, 39.96, 40.97, 41.27, 40.88, 18883, 7.72, 412, 6349, 33.62
KARNIKA, SM, 18-Sep-2026, 120.45, 120.45, 120.50, 118.60, 120.00, 120.00, 119.86, 13000, 15.58, 12, 9000, 69.23
KARURVYSYA, EQ, 18-Sep-2026, 331.50, 334.35, 339.85, 329.50, 332.80, 332.15, 334.23, 3218547, 10757.29, 53736, 1942371, 60.35
KATARIA, SM, 18-Sep-2026, 149.25, 150.00, 150.00, 148.00, 149.85, 148.85, 149.14, 7800, 11.63, 12, 6600, 84.62
KAUSHALYA, BE, 18-Sep-2026, 847.00, 831.00, 854.00, 831.00, 833.10, 833.10, 840.47, 126, 1.06, 23, -, -
KAVDEFENCE, BE, 18-Sep-2026, 71.64, 70.70, 74.98, 68.06, 73.25, 72.71, 71.97, 225971, 162.62, 1403, -, -
KAYA, BE, 18-Sep-2026, 324.80, 326.00, 341.00, 326.00, 341.00, 341.00, 339.36, 13887, 47.13, 156, -, -
KAYNES, EQ, 18-Sep-2026, 3520.00, 3528.00, 3605.90, 3475.00, 3515.00, 3515.00, 3540.71, 1266788, 44853.26, 87489, 271276, 21.41
KAYTEX, SM, 18-Sep-2026, 55.40, 56.90, 57.00, 56.65, 56.70, 56.70, 56.83, 4000, 2.27, 5, 4000, 100.00
KCEIL, SM, 18-Sep-2026, 76.50, 76.00, 76.00, 74.30, 74.30, 74.30, 75.40, 11500, 8.67, 23, 11000, 95.65
KCK, ST, 18-Sep-2026, 14.45, 14.35, 14.50, 14.30, 14.50, 14.50, 14.45, 32500, 4.70, 11, 32500, 100.00
KCP, EQ, 18-Sep-2026, 157.92, 158.12, 166.00, 156.29, 164.00, 161.95, 160.09, 136817, 219.04, 1826, 97966, 71.60
KCPSUGIND, BE, 18-Sep-2026, 28.89, 29.44, 29.85, 28.50, 29.50, 29.30, 29.06, 53094, 15.43, 238, -, -
KDDL, EQ, 18-Sep-2026, 3837.60, 3851.00, 3875.00, 3820.00, 3870.20, 3858.40, 3851.15, 7233, 278.55, 1938, 3778, 52.23
KDGREEN, EQ, 18-Sep-2026, 49.46, 48.47, 50.00, 48.01, 49.94, 49.35, 49.38, 44221, 21.84, 536, 35071, 79.31
KDL, SM, 18-Sep-2026, 87.50, 78.75, 78.75, 78.75, 78.75, 78.75, 78.75, 28650, 22.56, 115, 28650, 100.00
KEC, EQ, 18-Sep-2026, 401.95, 404.00, 409.15, 396.65, 407.90, 404.25, 401.54, 1338287, 5373.70, 38522, 657655, 49.14
KECL, EQ, 18-Sep-2026, 119.42, 119.40, 123.54, 118.88, 122.25, 122.78, 121.82, 66064, 80.48, 1509, 35479, 53.70
KEEPLEARN, EQ, 18-Sep-2026, 1.84, 1.95, 1.95, 1.84, 1.84, 1.86, 1.87, 16221, 0.30, 79, 14113, 87.00
KEI, EQ, 18-Sep-2026, 4560.00, 4560.00, 4650.00, 4532.00, 4650.00, 4650.00, 4586.51, 573397, 26298.88, 35095, 306769, 53.50
KELLTONTEC, EQ, 18-Sep-2026, 13.57, 13.99, 13.99, 13.40, 13.60, 13.61, 13.68, 1105458, 151.25, 2317, 528514, 47.81
KEN, SM, 18-Sep-2026, 41.80, 44.00, 50.15, 43.70, 44.15, 43.95, 46.95, 102000, 47.89, 76, 73200, 71.76
KENNAMET, EQ, 18-Sep-2026, 4321.60, 4321.60, 4399.00, 4231.00, 4290.00, 4281.50, 4291.39, 23629, 1014.01, 6454, 9290, 39.32
KERNEX, EQ, 18-Sep-2026, 1722.60, 1731.90, 1743.50, 1700.00, 1734.00, 1732.50, 1722.72, 104121, 1793.71, 9536, 42005, 40.34
KESORAMIND, BE, 18-Sep-2026, 12.34, 12.30, 12.50, 11.88, 12.05, 11.94, 12.13, 423814, 51.42, 636, -, -
KEYFINSERV, EQ, 18-Sep-2026, 246.25, 247.95, 247.95, 240.00, 246.00, 245.95, 244.91, 123, 0.30, 27, 86, 69.92
KFINTECH, EQ, 18-Sep-2026, 897.00, 900.00, 930.00, 894.95, 930.00, 930.00, 913.36, 539201, 4924.86, 17834, 290956, 53.96
KHADIM, BE, 18-Sep-2026, 123.38, 125.84, 125.84, 125.20, 125.84, 125.84, 125.84, 43755, 55.06, 113, -, -
KHAICHEM, EQ, 18-Sep-2026, 49.97, 50.52, 51.50, 49.36, 49.70, 49.94, 50.29, 135895, 68.33, 1401, 69871, 51.42
KHAITANLTD, EQ, 18-Sep-2026, 154.95, 153.40, 156.00, 149.00, 152.95, 152.13, 151.10, 3145, 4.75, 155, 2258, 71.80
KHANDSE, EQ, 18-Sep-2026, 17.58, 18.35, 18.35, 17.89, 18.22, 18.09, 18.10, 894, 0.16, 18, 894, 100.00
KICL, EQ, 18-Sep-2026, 4822.00, 4825.00, 5028.00, 4825.00, 4971.00, 5009.50, 4974.79, 2638, 131.24, 377, 2037, 77.22
KILITCH, BE, 18-Sep-2026, 188.67, 189.90, 192.00, 189.90, 192.00, 191.45, 190.99, 13725, 26.21, 151, -, -
KIMS, EQ, 18-Sep-2026, 791.85, 793.40, 819.00, 784.00, 809.65, 809.85, 804.58, 1242321, 9995.45, 57725, 760029, 61.18
KINGFA, EQ, 18-Sep-2026, 5855.50, 5907.00, 5950.00, 5799.00, 5821.00, 5828.00, 5858.30, 6576, 385.24, 2583, 3997, 60.78
KIOCL, EQ, 18-Sep-2026, 337.70, 337.70, 344.75, 336.00, 341.50, 340.65, 340.21, 77819, 264.75, 3538, 32107, 41.26
KIRANVYPAR, EQ, 18-Sep-2026, 207.00, 218.00, 218.00, 202.50, 208.99, 207.34, 207.24, 1367, 2.83, 102, 1050, 76.81
KIRIINDUS, EQ, 18-Sep-2026, 535.45, 539.00, 541.90, 528.20, 530.00, 531.75, 534.26, 384478, 2054.10, 8529, 199179, 51.81
KIRLFER, EQ, 18-Sep-2026, 474.35, 479.75, 489.00, 474.00, 483.50, 480.65, 482.58, 201207, 970.99, 8350, 130286, 64.75
KIRLOSBROS, EQ, 18-Sep-2026, 1770.80, 1757.10, 1838.60, 1757.10, 1806.10, 1811.40, 1809.72, 50634, 916.34, 7110, 13429, 26.52
KIRLOSENG, EQ, 18-Sep-2026, 2120.60, 2106.80, 2169.90, 2106.70, 2155.00, 2160.10, 2144.75, 473818, 10162.22, 38813, 297066, 62.70
KIRLOSIND, EQ, 18-Sep-2026, 3780.60, 3780.60, 3845.90, 3680.00, 3698.10, 3699.80, 3716.43, 21797, 810.07, 3528, 7988, 36.65
KIRLPNU, EQ, 18-Sep-2026, 693.85, 695.00, 701.85, 686.30, 700.00, 698.65, 696.97, 252323, 1758.62, 13592, 141301, 56.00
KISSHT, EQ, 18-Sep-2026, 359.95, 358.00, 373.00, 347.00, 356.50, 356.05, 354.76, 4153061, 14733.38, 116558, 1820241, 43.83
KITEX, EQ, 18-Sep-2026, 120.58, 121.30, 121.30, 119.20, 119.35, 119.50, 119.73, 262500, 314.29, 3172, 139846, 53.27
KJMCFIN, EQ, 18-Sep-2026, 61.02, 62.00, 63.49, 60.51, 60.55, 63.20, 62.73, 620, 0.39, 27, 570, 91.94
KKCL, EQ, 18-Sep-2026, 489.65, 489.65, 490.90, 481.60, 486.00, 485.60, 485.83, 9200, 44.70, 894, 5417, 58.88
KKJEWELS, SM, 18-Sep-2026, 98.15, 100.90, 101.50, 100.90, 101.50, 101.50, 101.12, 3000, 3.03, 3, 3000, 100.00
KLBRENG-B, EQ, 18-Sep-2026, 460.10, 462.35, 474.50, 455.00, 467.90, 471.00, 464.65, 93229, 433.19, 3241, 54934, 58.92
KLL, SM, 18-Sep-2026, 27.05, 27.50, 32.45, 26.75, 32.45, 32.40, 31.56, 264800, 83.58, 146, 212800, 80.36
KMCSHIL, EQ, 18-Sep-2026, 156.74, 157.00, 158.33, 148.00, 153.49, 150.26, 153.55, 467949, 718.52, 7797, 146921, 31.40
KMEW, EQ, 18-Sep-2026, 2828.10, 2842.30, 2920.50, 2830.00, 2882.00, 2885.60, 2874.58, 56943, 1636.87, 9120, 24606, 43.21
KMSUGAR, EQ, 18-Sep-2026, 28.44, 28.99, 29.28, 28.16, 28.60, 28.62, 28.58, 136758, 39.08, 921, 70090, 51.25
KNACK, EQ, 18-Sep-2026, 184.16, 184.90, 187.97, 182.00, 182.10, 182.60, 184.44, 753950, 1390.58, 5636, 410149, 54.40
KNAGRI, EQ, 18-Sep-2026, 202.24, 204.00, 205.78, 192.81, 198.72, 196.06, 198.58, 10201, 20.26, 266, 5400, 52.94
KNRCON, EQ, 18-Sep-2026, 120.86, 122.00, 125.80, 121.11, 124.50, 124.80, 123.62, 3109057, 3843.53, 26136, 1444642, 46.47
KODYTECH, ST, 18-Sep-2026, 1491.00, 1520.85, 1527.00, 1500.00, 1517.00, 1516.80, 1506.23, 5700, 85.86, 46, 5500, 96.49
KOHINOOR, EQ, 18-Sep-2026, 31.20, 31.20, 33.00, 30.43, 30.79, 30.55, 31.29, 72393, 22.65, 1309, 25592, 35.35
KOKUYOCMLN, EQ, 18-Sep-2026, 76.21, 76.23, 78.20, 76.11, 78.15, 77.79, 77.30, 18695, 14.45, 385, 13956, 74.65
KOLTEPATIL, EQ, 18-Sep-2026, 433.10, 433.10, 438.05, 423.00, 432.00, 431.75, 431.07, 117469, 506.37, 5288, 69075, 58.80
KONSTELEC, ST, 18-Sep-2026, 60.40, 58.15, 59.55, 58.10, 58.55, 59.05, 58.59, 4000, 2.34, 4, 4000, 100.00
KONTOR, SM, 18-Sep-2026, 51.00, 53.85, 55.00, 53.85, 55.00, 54.25, 54.27, 1800, 0.98, 3, 1800, 100.00
KOPRAN, EQ, 18-Sep-2026, 268.59, 267.59, 282.10, 261.10, 276.00, 277.60, 274.05, 2434887, 6672.69, 40599, 449850, 18.48
KORE, ST, 18-Sep-2026, 172.90, 165.00, 172.00, 164.50, 170.00, 169.85, 168.73, 11500, 19.40, 18, 11250, 97.83
KOTAKBANK, EQ, 18-Sep-2026, 416.50, 415.50, 419.20, 412.50, 412.50, 412.50, 416.07, 15461137, 64328.87, 112998, 12806526, 82.83
KOTARISUG, BE, 18-Sep-2026, 27.38, 27.00, 28.14, 26.02, 26.95, 26.97, 26.35, 88916, 23.43, 374, -, -
KOTHARIPET, EQ, 18-Sep-2026, 132.64, 132.64, 137.98, 132.63, 135.56, 136.47, 135.74, 101963, 138.40, 1590, 61204, 60.03
KOTHARIPRO, EQ, 18-Sep-2026, 64.09, 64.44, 64.99, 62.20, 64.00, 63.11, 63.43, 4933, 3.13, 396, 2522, 51.13
KOTIC, EQ, 18-Sep-2026, 135.69, 135.69, 152.00, 131.60, 143.51, 144.41, 145.97, 87682, 127.99, 2013, 21294, 24.29
KOTYARK, BE, 18-Sep-2026, 31.28, 31.30, 31.74, 30.75, 31.30, 31.17, 31.19, 80587, 25.13, 262, -, -
KOVAI, EQ, 18-Sep-2026, 6112.00, 6071.50, 6290.00, 6071.50, 6290.00, 6226.00, 6177.55, 3229, 199.47, 1109, 2139, 66.24
KPEL, EQ, 18-Sep-2026, 212.48, 212.70, 220.99, 212.70, 216.91, 216.88, 216.99, 216598, 470.00, 5591, 92472, 42.69
KPIGREEN, EQ, 18-Sep-2026, 278.75, 280.00, 287.00, 276.65, 285.80, 284.45, 282.74, 1041400, 2944.41, 20370, 405762, 38.96
KPIL, EQ, 18-Sep-2026, 1399.30, 1404.90, 1457.00, 1402.00, 1450.10, 1445.50, 1436.52, 224766, 3228.81, 18983, 137804, 61.31
KPITTECH, EQ, 18-Sep-2026, 559.30, 559.30, 559.50, 532.00, 532.00, 532.00, 543.60, 3944020, 21439.54, 57117, 2067762, 52.43
KPL, EQ, 18-Sep-2026, 3452.10, 3471.20, 3564.90, 3430.10, 3480.00, 3471.20, 3479.02, 28652, 996.81, 5429, 11875, 41.45
KPRMILL, EQ, 18-Sep-2026, 1095.40, 1090.00, 1154.40, 1086.40, 1145.00, 1141.40, 1127.23, 265730, 2995.39, 22217, 142076, 53.47
KRBL, EQ, 18-Sep-2026, 395.40, 393.45, 398.00, 390.30, 394.30, 392.45, 392.96, 358622, 1409.24, 8195, 178958, 49.90
KREBSBIO, EQ, 18-Sep-2026, 55.48, 56.94, 62.80, 55.80, 56.54, 57.31, 58.59, 54497, 31.93, 763, 15129, 27.76
KRIDHANINF, EQ, 18-Sep-2026, 1.82, 1.88, 1.89, 1.82, 1.82, 1.83, 1.85, 6829, 0.13, 62, 6288, 92.08
KRISHANA, EQ, 18-Sep-2026, 182.04, 183.00, 185.00, 178.34, 179.38, 179.89, 181.47, 358867, 651.25, 5817, 197293, 54.98
KRISHCA, SM, 18-Sep-2026, 161.85, 162.00, 164.00, 160.00, 164.00, 164.00, 162.41, 8500, 13.80, 16, 7500, 88.24
KRISHIVAL, EQ, 18-Sep-2026, 409.45, 417.50, 420.75, 411.55, 420.75, 419.30, 415.63, 7573, 31.48, 361, 4650, 61.40
KRISHNADEF, EQ, 18-Sep-2026, 1010.30, 1018.60, 1033.00, 1005.30, 1030.40, 1030.00, 1021.11, 49863, 509.16, 4892, 25773, 51.69
KRITI, EQ, 18-Sep-2026, 59.95, 62.99, 62.99, 58.91, 60.47, 59.44, 60.04, 30068, 18.05, 220, 27179, 90.39
KRITIKA, EQ, 18-Sep-2026, 5.17, 5.13, 5.25, 5.13, 5.21, 5.20, 5.19, 65954, 3.42, 332, 52905, 80.21
KRITINUT, EQ, 18-Sep-2026, 80.45, 84.47, 84.47, 80.61, 82.75, 81.34, 82.58, 6156, 5.08, 145, 4421, 71.82
KRMAYURVED, SM, 18-Sep-2026, 317.30, 321.80, 323.90, 311.55, 312.80, 312.20, 318.71, 93000, 296.40, 77, 52000, 55.91
KRN, EQ, 18-Sep-2026, 1392.80, 1434.00, 1455.00, 1404.80, 1444.00, 1446.20, 1431.96, 245619, 3517.17, 18287, 138441, 56.36
KRONOX, BE, 18-Sep-2026, 173.57, 173.45, 175.18, 171.70, 173.95, 172.79, 173.14, 26861, 46.51, 344, -, -
KROSS, EQ, 18-Sep-2026, 242.05, 244.77, 248.77, 237.36, 238.80, 239.19, 243.20, 1324987, 3222.36, 30196, 435473, 32.87
KRSNAA, EQ, 18-Sep-2026, 541.05, 541.05, 547.70, 533.00, 545.00, 541.15, 537.87, 121588, 653.98, 4851, 44892, 36.92
KRT, RR, 18-Sep-2026, 113.55, 113.75, 114.00, 112.70, 113.73, 113.61, 113.52, 4321212, 4905.32, 10015, 3209205, 74.27
KRYSTAL, EQ, 18-Sep-2026, 674.90, 675.95, 685.00, 640.25, 651.40, 646.35, 664.74, 46393, 308.39, 2120, 20573, 44.35
KSB, EQ, 18-Sep-2026, 777.80, 780.00, 819.60, 778.35, 818.00, 813.10, 804.86, 277580, 2234.13, 23049, 128727, 46.37
KSCL, EQ, 18-Sep-2026, 703.35, 703.35, 709.70, 685.00, 693.90, 696.35, 698.78, 71585, 500.22, 3909, 34345, 47.98
KSE, EQ, 18-Sep-2026, 177.33, 179.60, 180.00, 176.00, 178.70, 178.37, 178.72, 5194, 9.28, 325, 3700, 71.24
KSHINTL, EQ, 18-Sep-2026, 1045.55, 1044.40, 1076.00, 1034.15, 1054.65, 1046.95, 1047.44, 274277, 2872.89, 27300, 99615, 36.32
KSHITIJPOL, EQ, 18-Sep-2026, 4.01, 4.20, 4.21, 4.20, 4.21, 4.20, 4.21, 6675034, 280.81, 2979, 3694114, 55.34
KSL, EQ, 18-Sep-2026, 970.55, 975.00, 983.40, 951.55, 951.55, 955.05, 962.38, 67867, 653.14, 4950, 34984, 51.55
KSOLVES, EQ, 18-Sep-2026, 259.75, 260.00, 262.80, 250.40, 251.10, 251.60, 253.08, 55291, 139.93, 2441, 31496, 56.96
KSR, BE, 18-Sep-2026, 44.30, 44.30, 44.50, 42.09, 43.00, 43.20, 42.90, 26765, 11.48, 115, -, -
KTKBANK, EQ, 18-Sep-2026, 313.90, 315.05, 317.75, 312.20, 314.65, 313.80, 315.09, 1649339, 5196.90, 35133, 1034143, 62.70
KUANTUM, EQ, 18-Sep-2026, 76.07, 76.75, 79.68, 76.00, 79.00, 78.77, 77.21, 286124, 220.93, 2473, 94724, 33.11
KUSUMGAR, EQ, 18-Sep-2026, 551.50, 551.95, 594.00, 551.95, 591.00, 591.20, 583.09, 504398, 2941.08, 22116, 237133, 47.01
KWIL, EQ, 18-Sep-2026, 39.91, 40.15, 41.45, 39.48, 41.25, 41.22, 40.55, 11630941, 4716.06, 42188, 4511182, 38.79
LADDERUP, BE, 18-Sep-2026, 62.98, 60.05, 63.24, 59.84, 59.84, 59.84, 60.42, 3727, 2.25, 63, -, -
LAGNAM, EQ, 18-Sep-2026, 70.24, 73.00, 73.00, 68.10, 72.48, 72.34, 71.14, 15924, 11.33, 245, 10182, 63.94
LAHOTIOV, EQ, 18-Sep-2026, 39.31, 39.32, 40.48, 39.20, 39.25, 39.26, 39.37, 5598, 2.20, 54, 3862, 68.99
LAKPRE, BZ, 18-Sep-2026, 5.15, 5.15, 5.15, 4.90, 4.90, 4.90, 4.90, 7141, 0.35, 19, -, -
LAKSHMIMIL, EQ, 18-Sep-2026, 7968.50, 7654.00, 7654.00, 7654.00, 7654.00, 7654.00, 7654.00, 1, 0.08, 1, 1, 100.00
LAKSHYA, SM, 18-Sep-2026, 84.80, 86.50, 93.25, 86.50, 93.25, 93.25, 90.87, 35200, 31.99, 31, 33600, 95.45
LAL, EQ, 18-Sep-2026, 8.54, 8.96, 8.96, 8.65, 8.94, 8.86, 8.68, 223610, 19.40, 134, 217594, 97.31
LALITHAA, EQ, 18-Sep-2026, 290.40, 280.00, 304.90, 277.00, 304.90, 304.90, 293.96, 8505145, 25001.77, 65823, 2680956, 31.52
LALPATHLAB, EQ, 18-Sep-2026, 1924.70, 1930.10, 1959.40, 1885.00, 1892.50, 1896.90, 1909.99, 477275, 9115.92, 55242, 306578, 64.24
LAMBODHARA, EQ, 18-Sep-2026, 118.74, 120.00, 121.20, 118.60, 120.87, 120.21, 119.79, 6550, 7.85, 217, 2926, 44.67
LAMOSAIC, ST, 18-Sep-2026, 52.30, 52.80, 52.80, 49.70, 51.85, 50.20, 51.28, 45000, 23.08, 38, 41400, 92.00
LANCER, EQ, 18-Sep-2026, 12.39, 12.60, 12.60, 12.00, 12.15, 12.11, 12.19, 346283, 42.22, 997, 300440, 86.76
LANCORHOL, BE, 18-Sep-2026, 35.20, 36.19, 36.96, 33.62, 36.90, 35.00, 36.74, 149561, 54.95, 176, -, -
LANDMARK, EQ, 18-Sep-2026, 492.10, 488.75, 515.00, 482.90, 503.40, 504.50, 497.10, 67669, 336.38, 2945, 40393, 59.69
LANDSMILL, EQ, 18-Sep-2026, 0.56, 0.57, 0.58, 0.56, 0.57, 0.56, 0.56, 1697340, 9.55, 886, 1184525, 69.79
LAOPALA, EQ, 18-Sep-2026, 156.13, 157.59, 164.98, 157.12, 163.50, 162.60, 161.81, 310800, 502.91, 6482, 121102, 38.96
LARGEMID50, EQ, 18-Sep-2026, 35.31, 35.53, 35.56, 35.36, 35.55, 35.55, 35.55, 1014, 0.36, 11, 970, 95.66
LASERPOWER, EQ, 18-Sep-2026, 269.00, 270.50, 284.00, 270.40, 278.60, 280.75, 278.48, 1116298, 3108.63, 20403, 611080, 54.74
LATENTVIEW, EQ, 18-Sep-2026, 255.00, 256.05, 256.50, 253.60, 255.95, 255.35, 255.13, 254240, 648.64, 5820, 155443, 61.14
LATTEYS, EQ, 18-Sep-2026, 20.76, 20.34, 21.20, 20.34, 20.70, 20.69, 20.62, 40204, 8.29, 188, 28361, 70.54
LAURUSLABS, EQ, 18-Sep-2026, 1948.10, 1962.00, 1982.00, 1954.00, 1954.00, 1954.00, 1967.45, 2655873, 52252.95, 42063, 1851023, 69.70
LAXMICOT, EQ, 18-Sep-2026, 13.08, 13.00, 13.28, 12.60, 12.85, 12.72, 12.84, 5476, 0.70, 131, 3135, 57.25
LAXMIDENTL, EQ, 18-Sep-2026, 198.23, 199.49, 202.00, 197.00, 200.02, 197.95, 198.89, 29411, 58.50, 1670, 14866, 50.55
LAXMIINDIA, EQ, 18-Sep-2026, 123.61, 124.96, 127.50, 123.50, 127.40, 126.98, 126.11, 133652, 168.55, 2192, 70914, 53.06
LCCINFOTEC, EQ, 18-Sep-2026, 3.28, 3.44, 3.44, 3.44, 3.44, 3.44, 3.44, 47268, 1.63, 24, 47268, 100.00
LCCPROJECT, EQ, 18-Sep-2026, 170.10, 159.63, 163.70, 153.09, 156.60, 155.78, 155.33, 11654009, 18101.70, 69636, 3770884, 32.36
LCL, EQ, 18-Sep-2026, 524.95, 527.45, 547.05, 527.35, 537.10, 538.60, 539.31, 322072, 1736.97, 16497, 152046, 47.21
LEAPIND, EQ, 18-Sep-2026, 136.31, 137.25, 143.02, 135.34, 140.90, 140.47, 139.18, 2759097, 3840.20, 34617, 1137481, 41.23
LEENEE, BE, 18-Sep-2026, 7.92, 7.92, 8.20, 7.60, 7.80, 7.80, 7.81, 2347, 0.18, 27, -, -
LEMERITE, EQ, 18-Sep-2026, 18.74, 18.35, 19.54, 17.81, 18.25, 18.35, 18.60, 249153, 46.34, 569, 154045, 61.83
LEMONTREE, EQ, 18-Sep-2026, 104.06, 104.12, 106.90, 104.12, 106.90, 106.47, 105.60, 2070198, 2186.17, 20084, 1038718, 50.17
LENSKART, EQ, 18-Sep-2026, 679.95, 683.00, 725.00, 677.55, 721.40, 707.20, 704.64, 25690503, 181024.29, 188825, 16501225, 64.23
LEXUS, EQ, 18-Sep-2026, 13.27, 13.75, 13.90, 12.36, 13.24, 13.00, 13.06, 39290, 5.13, 214, 25703, 65.42
LFIC, EQ, 18-Sep-2026, 135.41, 135.40, 136.02, 130.21, 136.00, 132.74, 131.98, 2724, 3.60, 114, 1666, 61.16
LGBBROSLTD, EQ, 18-Sep-2026, 1718.50, 1718.10, 1764.90, 1698.60, 1715.90, 1730.40, 1722.28, 25696, 442.56, 3438, 14845, 57.77
LGEINDIA, EQ, 18-Sep-2026, 1652.90, 1660.00, 1706.90, 1658.90, 1694.70, 1696.90, 1692.37, 1337344, 22632.86, 60479, 980784, 73.34
LGHL, EQ, 18-Sep-2026, 185.56, 188.95, 188.95, 180.00, 182.68, 181.12, 184.56, 25458, 46.98, 320, 15395, 60.47
LIBAS, EQ, 18-Sep-2026, 12.00, 12.25, 12.90, 11.30, 11.68, 12.10, 12.34, 272411, 33.62, 572, 111550, 40.95
LIBERTSHOE, EQ, 18-Sep-2026, 216.00, 215.98, 224.00, 215.98, 221.85, 221.28, 219.90, 20763, 45.66, 648, 13826, 66.59
LICHSGFIN, EQ, 18-Sep-2026, 545.90, 548.60, 552.00, 543.60, 548.15, 548.15, 547.44, 2234836, 12234.39, 25303, 1352944, 60.54
LICI, EQ, 18-Sep-2026, 400.00, 400.00, 407.70, 398.80, 407.70, 407.70, 401.32, 6937082, 27840.22, 64504, 5439345, 78.41
LICMFGOLD, EQ, 18-Sep-2026, 135.30, 137.25, 138.10, 136.45, 137.60, 137.65, 137.24, 332691, 456.58, 886, 185250, 55.68
LICNETFGSC, EQ, 18-Sep-2026, 29.26, 29.49, 29.49, 29.02, 29.29, 29.28, 29.29, 6406, 1.88, 77, 3808, 59.44
LICNETFN50, EQ, 18-Sep-2026, 261.77, 260.84, 263.39, 260.84, 263.39, 263.39, 262.60, 69, 0.18, 17, 63, 91.30
LICNETFSEN, EQ, 18-Sep-2026, 841.79, 838.75, 849.90, 833.11, 838.84, 838.84, 838.45, 52, 0.44, 7, 52, 100.00
LICNFNHGP, EQ, 18-Sep-2026, 271.47, 274.18, 274.18, 268.00, 268.00, 268.00, 269.55, 361, 0.97, 12, 261, 72.30
LICNMID100, EQ, 18-Sep-2026, 62.00, 61.69, 63.70, 61.69, 63.70, 63.34, 62.30, 17461, 10.88, 114, 2052, 11.75
LIKHITHA, EQ, 18-Sep-2026, 222.63, 222.00, 230.39, 219.00, 221.50, 220.78, 223.40, 62548, 139.73, 1157, 37829, 60.48
LINC, EQ, 18-Sep-2026, 91.26, 91.95, 93.38, 91.00, 93.00, 91.81, 91.69, 5818, 5.33, 336, 4339, 74.58
LINCOLN, EQ, 18-Sep-2026, 600.70, 597.05, 612.35, 597.05, 601.05, 604.85, 604.52, 18250, 110.32, 1568, 9737, 53.35
LINDEINDIA, EQ, 18-Sep-2026, 6094.50, 6139.00, 6250.00, 6116.00, 6250.00, 6241.50, 6212.43, 20753, 1289.27, 5603, 11662, 56.19
LIQGRWBEES, EQ, 18-Sep-2026, 1055.78, 1055.79, 1056.19, 1055.79, 1056.19, 1056.18, 1056.19, 101609, 1073.18, 203, 93112, 91.64
LIQUID, EQ, 18-Sep-2026, 999.99, 999.99, 1000.00, 999.99, 1000.00, 999.99, 1000.00, 107563, 1075.63, 175, 60935, 56.65
LIQUID1, EQ, 18-Sep-2026, 1122.94, 1122.94, 1125.10, 1122.94, 1123.39, 1123.38, 1123.38, 588053, 6606.08, 519, 347842, 59.15
LIQUIDADD, EQ, 18-Sep-2026, 1145.02, 1145.45, 1145.85, 1145.21, 1145.48, 1145.47, 1145.47, 335850, 3847.06, 304, 215902, 64.29
LIQUIDBEES, EQ, 18-Sep-2026, 999.99, 999.99, 1000.01, 999.99, 1000.00, 999.99, 1000.00, 6909810, 69097.81, 4044, 6022757, 87.16
LIQUIDBETF, EQ, 18-Sep-2026, 1099.06, 1099.50, 1099.50, 1099.48, 1099.49, 1099.49, 1099.49, 477228, 5247.08, 163, 374107, 78.39
LIQUIDCASE, EQ, 18-Sep-2026, 115.95, 116.01, 116.01, 115.99, 116.00, 116.00, 116.00, 13211859, 15326.11, 13210, 11393609, 86.24
LIQUIDETF, EQ, 18-Sep-2026, 999.99, 999.99, 1000.01, 999.99, 999.99, 1000.00, 1000.00, 89967, 899.67, 155, 70367, 78.21
LIQUIDIETF, EQ, 18-Sep-2026, 999.99, 1000.00, 1000.01, 999.99, 1000.00, 999.99, 1000.00, 841690, 8416.89, 183, 811104, 96.37
LIQUIDPLUS, EQ, 18-Sep-2026, 1103.47, 1103.90, 1103.92, 1103.90, 1103.92, 1103.91, 1103.91, 480177, 5300.70, 303, 348265, 72.53
LIQUIDSBI, EQ, 18-Sep-2026, 1000.01, 1000.01, 1000.01, 999.99, 999.99, 999.99, 999.99, 2584, 25.84, 15, 2297, 88.89
LIQUIDSHRI, EQ, 18-Sep-2026, 1121.72, 1122.13, 1122.15, 1122.13, 1122.15, 1122.13, 1122.14, 5249, 58.90, 22, 3765, 71.73
LKPSEC, EQ, 18-Sep-2026, 15.06, 15.65, 15.65, 14.75, 15.01, 15.01, 14.90, 9134, 1.36, 114, 6144, 67.27
LLOYDS, SM, 18-Sep-2026, 57.95, 56.00, 57.90, 55.50, 57.90, 57.90, 56.25, 15000, 8.44, 8, 14000, 93.33
LLOYDSENGG, EQ, 18-Sep-2026, 80.20, 80.20, 82.63, 80.20, 82.55, 82.43, 81.85, 2821471, 2309.37, 16260, 1215697, 43.09
LLOYDSENT, EQ, 18-Sep-2026, 67.00, 66.75, 69.79, 66.75, 68.69, 68.84, 68.62, 1584258, 1087.12, 9085, 684714, 43.22
LLOYDSME, EQ, 18-Sep-2026, 1799.30, 1807.80, 1831.50, 1799.50, 1828.00, 1826.70, 1822.60, 342148, 6235.99, 21354, 223245, 65.25
LMW, EQ, 18-Sep-2026, 18170.00, 18249.00, 18509.00, 17605.00, 17609.00, 17759.00, 17906.18, 8747, 1566.25, 3577, 5253, 60.05
LODHA, EQ, 18-Sep-2026, 1103.10, 1110.20, 1148.80, 1108.60, 1144.70, 1144.70, 1130.68, 4727259, 53449.97, 65424, 3082611, 65.21
LOKESHMACH, EQ, 18-Sep-2026, 343.30, 333.20, 352.20, 332.90, 343.00, 344.80, 345.63, 15887, 54.91, 911, 9151, 57.60
LORDSCHLO, EQ, 18-Sep-2026, 132.78, 134.00, 137.49, 132.10, 136.42, 136.06, 136.00, 10327, 14.04, 369, 8211, 79.51
LOTUSCHO, EQ, 18-Sep-2026, 568.85, 564.35, 580.00, 560.00, 567.00, 575.10, 568.05, 1912, 10.86, 389, 1323, 69.19
LOTUSDEV, BE, 18-Sep-2026, 213.39, 210.10, 216.00, 209.05, 214.00, 215.13, 213.91, 557967, 1193.56, 3798, -, -
LOTUSEYE, EQ, 18-Sep-2026, 113.12, 113.12, 115.20, 113.00, 115.10, 115.10, 114.70, 7112, 8.16, 71, 6646, 93.45
LOVABLE, EQ, 18-Sep-2026, 70.38, 71.50, 71.50, 69.00, 70.40, 69.67, 69.88, 3538, 2.47, 178, 2175, 61.48
LOWVOL, EQ, 18-Sep-2026, 199.88, 199.50, 199.96, 199.50, 199.64, 199.64, 199.73, 1007, 2.01, 5, 5, 0.50
LOWVOL1, EQ, 18-Sep-2026, 20.34, 20.14, 20.50, 20.14, 20.45, 20.37, 20.43, 30084, 6.15, 9968, 4698, 15.62
LOWVOLIETF, EQ, 18-Sep-2026, 21.36, 21.59, 21.59, 21.32, 21.54, 21.41, 21.36, 4231155, 903.72, 13533, 3970823, 93.85
LOYALTEX, EQ, 18-Sep-2026, 207.00, 207.00, 210.80, 197.09, 201.35, 201.35, 205.83, 447, 0.92, 49, 404, 90.38
LPDC, EQ, 18-Sep-2026, 6.10, 6.30, 7.32, 6.14, 7.24, 7.07, 6.93, 456816, 31.67, 717, 231338, 50.64
LRRPL, SM, 18-Sep-2026, 90.00, 90.00, 90.00, 90.00, 90.00, 90.00, 90.00, 1500, 1.35, 1, 1500, 100.00
LT, EQ, 18-Sep-2026, 3836.20, 3846.00, 3898.00, 3846.00, 3885.00, 3885.00, 3878.25, 1547690, 60023.34, 67258, 1126758, 72.80
LTF, EQ, 18-Sep-2026, 302.30, 303.00, 314.30, 302.50, 312.80, 312.80, 309.67, 4647669, 14392.22, 32961, 2077063, 44.69
LTFOODS, EQ, 18-Sep-2026, 421.90, 420.90, 426.45, 416.10, 421.65, 423.20, 421.50, 459122, 1935.22, 14573, 201844, 43.96
LTGILTBEES, EQ, 18-Sep-2026, 29.68, 29.68, 29.90, 29.67, 29.90, 29.78, 29.76, 1009925, 300.60, 676, 775706, 76.81
LTGILTCASE, EQ, 18-Sep-2026, 30.27, 30.88, 30.88, 30.10, 30.29, 30.29, 30.30, 228742, 69.31, 159, 226618, 99.07
LTM, EQ, 18-Sep-2026, 4265.30, 4245.00, 4300.00, 4155.00, 4275.10, 4275.10, 4242.75, 500645, 21241.12, 32519, 257977, 51.53
LTTS, EQ, 18-Sep-2026, 3324.30, 3340.90, 3367.90, 3286.80, 3337.00, 3347.50, 3333.25, 103280, 3442.58, 17588, 65740, 63.65
LUMAXIND, EQ, 18-Sep-2026, 5724.00, 5740.00, 5917.00, 5738.50, 5865.00, 5851.00, 5858.27, 10193, 597.13, 3423, 3036, 29.79
LUMAXTECH, EQ, 18-Sep-2026, 2018.00, 2011.30, 2118.40, 2003.60, 2106.00, 2102.70, 2093.71, 190451, 3987.49, 27196, 86588, 45.46
LUMINO, EQ, 18-Sep-2026, 107.14, 109.40, 112.90, 107.20, 110.45, 111.52, 110.78, 21880189, 24237.82, 98774, 3274269, 14.96
LUPIN, EQ, 18-Sep-2026, 2098.10, 2088.10, 2114.70, 2075.00, 2083.00, 2083.00, 2089.11, 1194290, 24950.00, 43537, 907759, 76.01
LUXIND, EQ, 18-Sep-2026, 1042.50, 1049.50, 1169.90, 1049.50, 1126.00, 1139.20, 1125.90, 279753, 3149.74, 18842, 64207, 22.95
LXCHEM, EQ, 18-Sep-2026, 179.23, 180.00, 182.84, 177.22, 178.28, 178.24, 179.65, 922831, 1657.87, 13691, 409185, 44.34
LYKALABS, BE, 18-Sep-2026, 81.71, 83.34, 83.34, 83.34, 83.34, 83.34, 83.34, 23845, 19.87, 55, -, -
M&M, EQ, 18-Sep-2026, 3076.50, 3082.00, 3098.20, 3052.00, 3052.00, 3052.00, 3067.69, 2973119, 91206.11, 80912, 2252454, 75.76
M&MFIN, EQ, 18-Sep-2026, 345.70, 349.85, 356.95, 347.10, 350.10, 353.30, 352.56, 3129493, 11033.40, 70916, 2039034, 65.16
MAANALU, EQ, 18-Sep-2026, 102.89, 105.85, 105.94, 103.61, 104.05, 104.77, 104.87, 32914, 34.52, 683, 19218, 58.39
MACPOWER, EQ, 18-Sep-2026, 1921.60, 1930.10, 2149.00, 1930.10, 2100.00, 2104.50, 2086.99, 237776, 4962.35, 21662, 98149, 41.28
MADHAV, EQ, 18-Sep-2026, 34.50, 35.90, 37.79, 35.10, 35.40, 35.46, 36.65, 25672, 9.41, 253, 11474, 44.69
MADHAVBAUG, ST, 18-Sep-2026, 159.35, 151.40, 155.90, 151.40, 155.90, 155.90, 152.50, 6000, 9.15, 13, 5200, 86.67
MADHAVIPL, EQ, 18-Sep-2026, 7.59, 7.59, 8.15, 7.59, 7.81, 7.80, 7.86, 146481, 11.52, 472, 108075, 73.78
MADHUCON, BE, 18-Sep-2026, 3.88, 3.87, 4.07, 3.69, 4.07, 4.07, 3.92, 49270, 1.93, 80, -, -
MADHURKNIT, SM, 18-Sep-2026, 46.90, 46.30, 51.55, 45.50, 51.30, 51.10, 49.69, 285600, 141.91, 187, 158400, 55.46
MADHUSUDAN, ST, 18-Sep-2026, 237.00, 236.95, 236.95, 229.05, 233.45, 233.45, 233.13, 17000, 39.63, 15, 13000, 76.47
MADRASFERT, EQ, 18-Sep-2026, 61.16, 61.40, 61.64, 60.80, 61.64, 61.28, 61.23, 22335, 13.68, 381, 11717, 52.46
MAFANG, EQ, 18-Sep-2026, 237.77, 238.66, 254.00, 238.66, 249.89, 248.07, 248.81, 1209212, 3008.62, 20249, 574348, 47.50
MAFATIND, EQ, 18-Sep-2026, 120.90, 120.90, 122.39, 119.20, 119.45, 119.56, 119.96, 45441, 54.51, 1111, 36800, 80.98
MAGADSUGAR, EQ, 18-Sep-2026, 508.15, 509.85, 512.70, 497.60, 503.00, 504.75, 502.25, 25380, 127.47, 1396, 12605, 49.67
MAGNUM, EQ, 18-Sep-2026, 19.53, 19.53, 19.98, 18.81, 19.35, 19.19, 19.29, 75187, 14.50, 341, 18076, 24.04
MAGSON, SM, 18-Sep-2026, 179.00, 179.00, 180.00, 179.00, 180.00, 180.00, 179.98, 43000, 77.39, 5, 43000, 100.00
MAHABANK, EQ, 18-Sep-2026, 80.80, 81.60, 83.54, 81.13, 83.54, 83.54, 82.71, 18030197, 14913.42, 41670, 11131131, 61.74
MAHAPEXLTD, EQ, 18-Sep-2026, 55.26, 54.20, 58.80, 54.02, 54.50, 54.72, 55.00, 2016, 1.11, 67, 1477, 73.26
MAHASTEEL, BE, 18-Sep-2026, 1201.90, 1180.00, 1199.90, 1141.90, 1141.90, 1141.90, 1146.62, 2857, 32.76, 233, -, -
MAHEPC, EQ, 18-Sep-2026, 101.99, 103.38, 103.80, 101.55, 102.87, 102.64, 102.69, 11732, 12.05, 220, 8532, 72.72
MAHESHWARI, EQ, 18-Sep-2026, 70.00, 68.30, 71.49, 68.28, 68.28, 68.70, 69.97, 2620, 1.83, 42, 2235, 85.31
MAHKTECH, EQ, 18-Sep-2026, 21.84, 21.75, 22.90, 21.70, 21.93, 21.80, 21.94, 1637716, 359.39, 7434, 1017910, 62.15
MAHLIFE, EQ, 18-Sep-2026, 363.70, 364.00, 371.00, 356.85, 368.50, 366.40, 364.70, 140424, 512.13, 8113, 72519, 51.64
MAHLOG, EQ, 18-Sep-2026, 389.55, 393.95, 394.75, 387.40, 391.00, 392.75, 391.84, 101788, 398.84, 4540, 59656, 58.61
MAHSCOOTER, EQ, 18-Sep-2026, 13151.00, 13217.00, 13850.00, 13151.00, 13750.00, 13729.00, 13582.57, 8261, 1122.06, 3246, 3973, 48.09
MAHSEAMLES, EQ, 18-Sep-2026, 720.20, 724.00, 725.90, 712.15, 717.00, 717.55, 718.77, 177765, 1277.72, 10724, 76828, 43.22
MAITHANALL, EQ, 18-Sep-2026, 1027.45, 1034.70, 1040.60, 1006.10, 1009.20, 1009.10, 1016.33, 55436, 563.41, 3435, 27828, 50.20
MAJESAUT, BE, 18-Sep-2026, 359.60, 366.80, 366.80, 360.00, 366.50, 363.10, 364.36, 1399, 5.10, 76, -, -
MAKEINDIA, EQ, 18-Sep-2026, 161.14, 161.95, 162.78, 161.75, 162.35, 162.62, 162.12, 56042, 90.86, 339, 30496, 54.42
MAKERSL, EQ, 18-Sep-2026, 185.13, 182.00, 195.13, 178.20, 190.98, 190.88, 187.05, 1211, 2.27, 76, 867, 71.59
MAL, ST, 18-Sep-2026, 41.80, 41.80, 42.25, 39.90, 42.25, 42.25, 40.88, 25600, 10.47, 14, 20800, 81.25
MALLCOM, EQ, 18-Sep-2026, 949.95, 954.70, 974.00, 954.70, 973.90, 968.90, 965.56, 1230, 11.88, 193, 792, 64.39
MALUPAPER, EQ, 18-Sep-2026, 31.97, 31.90, 33.08, 31.60, 32.20, 32.16, 32.50, 17439, 5.67, 397, 7593, 43.54
MAMATA, EQ, 18-Sep-2026, 393.90, 392.20, 405.20, 392.20, 402.00, 403.75, 403.24, 39826, 160.59, 1642, 21448, 53.85
MANAKALUCO, EQ, 18-Sep-2026, 35.81, 36.30, 36.70, 35.57, 36.65, 35.87, 35.86, 30354, 10.88, 363, 16407, 54.05
MANAKCOAT, EQ, 18-Sep-2026, 129.69, 129.70, 130.60, 127.50, 128.02, 129.22, 129.21, 281064, 363.16, 3277, 113557, 40.40
MANAKSIA, EQ, 18-Sep-2026, 64.05, 63.57, 65.28, 62.81, 64.60, 64.26, 64.22, 42702, 27.42, 751, 25235, 59.10
MANAKSTEEL, BE, 18-Sep-2026, 104.46, 104.46, 108.00, 104.46, 108.00, 107.58, 107.22, 16755, 17.97, 188, -, -
MANALIPETC, EQ, 18-Sep-2026, 82.30, 82.30, 83.47, 80.95, 83.44, 82.92, 82.51, 884970, 730.16, 7275, 299173, 33.81
MANAPPURAM, EQ, 18-Sep-2026, 316.05, 319.00, 319.90, 310.00, 319.15, 319.15, 317.41, 3822669, 12133.61, 34723, 1787558, 46.76
MANBA, EQ, 18-Sep-2026, 133.76, 135.10, 136.90, 132.10, 134.98, 133.76, 134.15, 78068, 104.72, 726, 27201, 34.84
MANCREDIT, EQ, 18-Sep-2026, 218.00, 219.50, 224.90, 217.44, 224.90, 223.39, 221.19, 137124, 303.31, 2054, 8293, 6.05
MANDEEP, SM, 18-Sep-2026, 17.85, 17.80, 17.80, 17.80, 17.80, 17.80, 17.80, 2000, 0.36, 1, 2000, 100.00
MANGALAM, EQ, 18-Sep-2026, 31.97, 34.40, 34.95, 32.50, 34.45, 34.26, 34.23, 167646, 57.39, 1459, 100245, 59.80
MANGLMCEM, EQ, 18-Sep-2026, 1035.20, 1036.60, 1041.00, 1024.00, 1034.50, 1030.80, 1031.97, 36083, 372.37, 1454, 27020, 74.88
MANILAM, SM, 18-Sep-2026, 39.90, 40.00, 40.00, 40.00, 40.00, 40.00, 40.00, 2000, 0.80, 1, 2000, 100.00
MANINDS, EQ, 18-Sep-2026, 823.00, 825.00, 860.50, 822.35, 860.50, 851.55, 842.39, 1165509, 9818.18, 40394, 434590, 37.29
MANINFRA, EQ, 18-Sep-2026, 125.71, 126.00, 127.64, 124.80, 126.00, 125.64, 126.44, 2921365, 3693.80, 9535, 666433, 22.81
MANIPALHOS, EQ, 18-Sep-2026, 721.55, 725.00, 742.50, 725.00, 736.55, 738.95, 737.16, 838917, 6184.16, 24461, 507293, 60.47
MANKIND, EQ, 18-Sep-2026, 2300.00, 2300.00, 2329.50, 2287.70, 2300.70, 2300.70, 2313.15, 484552, 11208.41, 27649, 294518, 60.78
MANOMAY, EQ, 18-Sep-2026, 223.55, 225.00, 231.00, 224.29, 230.10, 229.68, 228.65, 182888, 418.18, 5213, 38868, 21.25
MANORAMA, EQ, 18-Sep-2026, 1939.10, 1953.90, 1984.00, 1924.10, 1962.50, 1966.90, 1968.51, 97087, 1911.17, 11829, 53153, 54.75
MANORG, EQ, 18-Sep-2026, 448.90, 450.00, 458.85, 450.00, 457.70, 456.95, 455.55, 8980, 40.91, 446, 7380, 82.18
MANUFGBEES, EQ, 18-Sep-2026, 160.03, 160.83, 160.83, 159.55, 160.65, 160.16, 160.20, 3663, 5.87, 72, 2139, 58.39
MANUGRAPH, EQ, 18-Sep-2026, 15.19, 15.04, 18.22, 15.04, 17.81, 18.09, 17.92, 591694, 106.05, 2217, 235148, 39.74
MANYAVAR, EQ, 18-Sep-2026, 567.60, 570.00, 570.60, 536.00, 548.05, 544.25, 546.62, 2133812, 11663.81, 54334, 1277075, 59.85
MAPMYINDIA, EQ, 18-Sep-2026, 889.80, 889.80, 905.20, 885.60, 900.00, 899.40, 895.93, 120929, 1083.44, 7195, 60769, 50.25
MARALOVER, EQ, 18-Sep-2026, 59.59, 60.70, 60.70, 58.38, 59.05, 59.36, 59.36, 3430, 2.04, 78, 2356, 68.69
MARATHON, EQ, 18-Sep-2026, 414.15, 414.15, 419.80, 405.25, 412.00, 409.00, 410.70, 86215, 354.09, 2549, 59721, 69.27
MARC, SM, 18-Sep-2026, 156.00, 155.25, 156.00, 155.25, 155.90, 155.90, 155.79, 10800, 16.83, 6, 9600, 88.89
MARCO, SM, 18-Sep-2026, 29.45, 29.70, 29.70, 29.50, 29.70, 29.70, 29.62, 7500, 2.22, 5, 6000, 80.00
MARICO, EQ, 18-Sep-2026, 817.00, 820.05, 822.45, 803.90, 803.90, 803.90, 811.78, 2848872, 23126.51, 41994, 2129629, 74.75
MARINE, EQ, 18-Sep-2026, 373.15, 373.15, 382.00, 372.95, 379.40, 379.20, 378.08, 395698, 1496.05, 16355, 181188, 45.79
MARKOLINES, EQ, 18-Sep-2026, 172.84, 172.85, 173.98, 169.00, 169.10, 169.71, 170.08, 68615, 116.70, 734, 38559, 56.20
MARKSANS, EQ, 18-Sep-2026, 319.70, 321.35, 325.85, 318.65, 321.45, 320.15, 321.10, 975318, 3131.74, 22161, 477653, 48.97
MARSONS, EQ, 18-Sep-2026, 121.67, 122.45, 132.58, 121.76, 128.90, 128.62, 129.12, 5689077, 7345.65, 41074, 1118739, 19.66
MARUSHIKA, SM, 18-Sep-2026, 119.30, 119.95, 119.95, 117.00, 117.00, 117.00, 117.77, 10800, 12.72, 9, 8400, 77.78
MARUTI, EQ, 18-Sep-2026, 12338.00, 12350.00, 12458.00, 12103.00, 12103.00, 12103.00, 12206.32, 659773, 80534.01, 56186, 430473, 65.25
MASFIN, EQ, 18-Sep-2026, 286.90, 287.40, 290.10, 281.00, 287.10, 288.95, 286.51, 360227, 1032.08, 10963, 237549, 65.94
MASKINVEST, EQ, 18-Sep-2026, 137.00, 143.85, 143.85, 140.01, 143.85, 143.55, 143.73, 345, 0.50, 17, 336, 97.39
MASON, SM, 18-Sep-2026, 119.00, 118.50, 121.55, 109.25, 110.40, 110.65, 113.85, 69500, 79.13, 111, 45500, 65.47
MASPTOP50, EQ, 18-Sep-2026, 103.83, 108.00, 124.59, 106.42, 124.59, 124.48, 118.81, 4373919, 5196.78, 29229, 1536399, 35.13
MASTEK, EQ, 18-Sep-2026, 1630.10, 1642.90, 1642.90, 1575.10, 1588.00, 1588.20, 1596.41, 200770, 3205.11, 27729, 104372, 51.99
MASTER, SM, 18-Sep-2026, 400.00, 395.00, 400.00, 395.00, 400.00, 400.00, 397.50, 1000, 3.98, 2, 1000, 100.00
MASTERTR, EQ, 18-Sep-2026, 87.47, 87.20, 90.30, 87.20, 89.41, 89.74, 89.12, 309406, 275.74, 2425, 72540, 23.44
MATRIMONY, EQ, 18-Sep-2026, 530.80, 533.00, 538.10, 528.45, 535.00, 535.55, 534.07, 5229, 27.93, 365, 3332, 63.72
MAWANASUG, EQ, 18-Sep-2026, 125.54, 126.91, 130.44, 123.50, 128.30, 128.21, 126.40, 108075, 136.61, 2173, 46254, 42.80
MAXESTATES, EQ, 18-Sep-2026, 577.60, 575.00, 595.00, 575.00, 594.00, 594.00, 588.78, 201561, 1186.75, 3937, 168410, 83.55
MAXHEALTH, EQ, 18-Sep-2026, 1037.00, 1037.00, 1059.90, 1034.90, 1049.30, 1049.30, 1050.80, 2098416, 22050.15, 36056, 1362101, 64.91
MAXIND, EQ, 18-Sep-2026, 140.19, 142.62, 155.00, 141.00, 151.20, 152.69, 149.87, 216930, 325.12, 3715, 120671, 55.63
MAXPOSURE, SM, 18-Sep-2026, 38.60, 40.50, 40.50, 39.70, 39.95, 39.95, 40.03, 5000, 2.00, 5, 4000, 80.00
MAXVOLT, SM, 18-Sep-2026, 374.15, 379.50, 386.40, 363.00, 375.00, 377.00, 376.87, 19200, 72.36, 47, 10400, 54.17
MAYASHEEL, SM, 18-Sep-2026, 36.65, 35.00, 36.00, 34.00, 36.00, 35.35, 35.36, 66000, 23.34, 7, 66000, 100.00
MAYURUNIQ, EQ, 18-Sep-2026, 750.00, 757.40, 757.40, 740.00, 744.95, 743.40, 747.52, 37518, 280.46, 2662, 19207, 51.19
MAZDA, BE, 18-Sep-2026, 263.45, 260.00, 276.00, 258.00, 268.00, 266.25, 261.94, 166595, 436.38, 329, -, -
MAZDOCK, EQ, 18-Sep-2026, 2210.00, 2209.00, 2280.00, 2205.10, 2280.00, 2280.00, 2246.87, 850778, 19115.92, 35660, 300372, 35.31
MBAPL, EQ, 18-Sep-2026, 163.90, 164.60, 165.77, 158.50, 159.89, 159.82, 161.97, 852099, 1380.18, 7707, 516358, 60.60
MBECL, BE, 18-Sep-2026, 382.47, 401.59, 401.59, 401.59, 401.59, 401.59, 401.59, 1893, 7.60, 71, -, -
MBEL, EQ, 18-Sep-2026, 251.40, 252.85, 257.40, 251.10, 252.30, 252.25, 253.41, 88783, 224.98, 4409, 41074, 46.26
MBLINFRA, EQ, 18-Sep-2026, 22.19, 22.19, 22.35, 21.80, 22.31, 22.29, 22.02, 22105, 4.87, 100, 16358, 74.00
MCCHRLS-B, EQ, 18-Sep-2026, 659.75, 680.00, 680.00, 648.00, 655.00, 655.00, 657.33, 6059, 39.83, 48, 5890, 97.21
MCL, EQ, 18-Sep-2026, 54.74, 55.00, 56.24, 55.00, 55.40, 55.94, 55.53, 39011, 21.66, 688, 20149, 51.65
MCLEODRUSS, EQ, 18-Sep-2026, 42.22, 42.22, 44.33, 42.22, 44.33, 44.33, 43.72, 84730, 37.04, 537, 59300, 69.99
MCLOUD, EQ, 18-Sep-2026, 25.19, 25.19, 25.50, 25.06, 25.39, 25.30, 25.29, 881659, 222.95, 2827, 439984, 49.90
MCX, EQ, 18-Sep-2026, 3265.20, 3257.50, 3314.90, 3230.10, 3260.00, 3260.00, 3263.10, 2197423, 71704.19, 101492, 1100622, 50.09
MDL, SM, 18-Sep-2026, 60.00, 60.00, 60.00, 60.00, 60.00, 60.00, 60.00, 22000, 13.20, 13, 22000, 100.00
MEDANTA, EQ, 18-Sep-2026, 1424.00, 1448.70, 1520.00, 1430.00, 1507.00, 1499.40, 1487.37, 703445, 10462.80, 87992, 356743, 50.71
MEDIASSIST, EQ, 18-Sep-2026, 321.15, 323.00, 326.55, 317.75, 325.80, 324.85, 323.72, 105999, 343.14, 3583, 65680, 61.96
MEDICAMEQ, BE, 18-Sep-2026, 346.30, 344.70, 344.70, 328.05, 328.05, 328.05, 330.33, 29506, 97.47, 503, -, -
MEDICAPQ, BE, 18-Sep-2026, 24.81, 24.25, 25.82, 24.00, 25.82, 25.82, 25.15, 3778, 0.95, 38, -, -
MEDICO, EQ, 18-Sep-2026, 36.34, 36.36, 36.57, 34.71, 34.84, 34.89, 35.07, 312783, 109.69, 1596, 204942, 65.52
MEDIORG, SM, 18-Sep-2026, 22.75, 21.65, 21.65, 21.65, 21.65, 21.65, 21.65, 2000, 0.43, 1, 2000, 100.00
MEDPLUS, EQ, 18-Sep-2026, 654.00, 655.00, 665.20, 654.00, 656.35, 659.65, 658.03, 87557, 576.15, 5035, 51714, 59.06
MEESHO, EQ, 18-Sep-2026, 207.31, 208.48, 220.00, 208.16, 219.63, 214.44, 214.04, 83376786, 178463.17, 212582, 52055207, 62.43
MEGAFLEX, SM, 18-Sep-2026, 96.25, 94.10, 95.00, 94.10, 95.00, 94.55, 94.55, 2000, 1.89, 2, 2000, 100.00
MEGASTAR, EQ, 18-Sep-2026, 278.75, 280.00, 283.90, 280.00, 280.05, 281.80, 281.13, 17638, 49.58, 60, 17508, 99.26
MEGATHERM, SM, 18-Sep-2026, 261.00, 261.00, 261.00, 251.00, 254.80, 253.75, 254.23, 15600, 39.66, 28, 12800, 82.05
MEIL, EQ, 18-Sep-2026, 270.30, 272.55, 274.75, 270.00, 271.50, 271.85, 271.91, 23180, 63.03, 605, 13282, 57.30
MENNPIS, BE, 18-Sep-2026, 74.59, 74.78, 75.00, 72.03, 73.31, 73.79, 73.53, 26549, 19.52, 192, -, -
MENONBE, BE, 18-Sep-2026, 305.05, 311.75, 320.00, 310.00, 319.40, 316.85, 316.29, 88392, 279.57, 943, -, -
MEP, BZ, 18-Sep-2026, 0.64, 0.65, 0.65, 0.63, 0.63, 0.63, 0.63, 69757, 0.44, 56, -, -
MERCANTILE, EQ, 18-Sep-2026, 22.47, 23.48, 23.96, 22.17, 23.02, 22.70, 22.70, 2852, 0.65, 66, 2302, 80.72
MERCURYEV, EQ, 18-Sep-2026, 40.84, 41.74, 41.74, 39.11, 39.70, 39.91, 40.23, 456747, 183.73, 3485, 302813, 66.30
METAL, EQ, 18-Sep-2026, 13.00, 13.32, 13.32, 13.00, 13.18, 13.15, 13.14, 3215331, 422.50, 5716, 2668817, 83.00
METALIC, ST, 18-Sep-2026, 136.85, 139.95, 143.65, 139.95, 143.65, 143.65, 142.97, 56000, 80.07, 31, 52800, 94.29
METALIETF, EQ, 18-Sep-2026, 12.97, 13.29, 13.29, 12.97, 13.08, 13.08, 13.07, 3650778, 477.25, 7253, 1887509, 51.70
METROBRAND, EQ, 18-Sep-2026, 950.45, 955.00, 955.00, 927.00, 950.90, 940.85, 940.89, 918435, 8641.49, 46652, 583208, 63.50
METROGLOBL, EQ, 18-Sep-2026, 134.50, 134.50, 134.50, 132.01, 132.01, 132.01, 132.52, 59, 0.08, 3, 59, 100.00
METROPOLIS, EQ, 18-Sep-2026, 586.30, 589.90, 602.05, 582.00, 596.00, 597.45, 595.97, 223299, 1330.80, 12531, 105080, 47.06
MFML, EQ, 18-Sep-2026, 18.66, 18.66, 19.49, 18.21, 18.61, 18.83, 19.14, 2179, 0.42, 54, 2123, 97.43
MFSL, EQ, 18-Sep-2026, 1554.00, 1538.60, 1573.60, 1538.00, 1559.00, 1559.00, 1562.78, 898566, 14042.61, 52959, 603143, 67.12
MGEL, EQ, 18-Sep-2026, 15.52, 15.60, 15.99, 15.47, 15.61, 15.64, 15.62, 241973, 37.80, 489, 169044, 69.86
MGL, EQ, 18-Sep-2026, 1071.20, 1067.10, 1087.50, 1066.20, 1078.50, 1081.70, 1079.21, 196402, 2119.59, 12066, 113138, 57.61
MGSL, SM, 18-Sep-2026, 69.25, 67.55, 70.00, 63.75, 65.95, 65.45, 65.92, 43200, 28.48, 36, 31200, 72.22
MHHL, SM, 18-Sep-2026, 32.20, 30.60, 30.60, 30.60, 30.60, 30.60, 30.60, 1500, 0.46, 1, 1500, 100.00
MHLXMIRU, BE, 18-Sep-2026, 152.88, 153.90, 154.00, 146.31, 154.00, 153.97, 152.60, 11934, 18.21, 81, -, -
MHRIL, EQ, 18-Sep-2026, 195.17, 195.00, 201.00, 194.81, 199.50, 199.29, 198.69, 169999, 337.77, 2885, 98085, 57.70
MICEL, BE, 18-Sep-2026, 34.05, 33.39, 33.39, 33.37, 33.37, 33.37, 33.37, 94790, 31.63, 820, -, -
MICROPRO, SM, 18-Sep-2026, 18.40, 18.35, 18.35, 18.35, 18.35, 18.35, 18.35, 1600, 0.29, 1, 1600, 100.00
MID150, EQ, 18-Sep-2026, 22.93, 23.20, 23.22, 22.93, 23.18, 23.18, 23.11, 222934, 51.53, 193, 200324, 89.86
MID150BEES, EQ, 18-Sep-2026, 233.43, 234.88, 236.88, 233.43, 236.85, 236.52, 235.60, 453893, 1069.38, 5489, 260682, 57.43
MID150CASE, EQ, 18-Sep-2026, 11.37, 11.60, 11.60, 11.21, 11.55, 11.51, 11.47, 622348, 71.36, 2930, 387971, 62.34
MIDBANKADD, EQ, 18-Sep-2026, 17.14, 17.22, 17.75, 17.15, 17.26, 17.24, 17.24, 12233, 2.11, 20, 11145, 91.11
MIDCAP, EQ, 18-Sep-2026, 18.13, 18.39, 18.39, 18.10, 18.25, 18.29, 18.23, 96964, 17.68, 700, 63174, 65.15
MIDCAPADD, EQ, 18-Sep-2026, 22.67, 22.77, 24.93, 22.77, 24.00, 23.75, 23.52, 1040, 0.24, 24, 838, 80.58
MIDCAPBETA, EQ, 18-Sep-2026, 227.67, 229.24, 230.90, 228.95, 230.90, 230.90, 229.35, 5959, 13.67, 33, 5943, 99.73
MIDCAPETF, EQ, 18-Sep-2026, 23.10, 23.13, 23.43, 23.10, 23.43, 23.37, 23.30, 1444353, 336.56, 4084, 842131, 58.31
MIDCAPIETF, EQ, 18-Sep-2026, 23.41, 23.55, 23.81, 23.45, 23.78, 23.70, 23.60, 934043, 220.40, 1857, 486812, 52.12
MIDHANI, EQ, 18-Sep-2026, 407.85, 411.00, 421.50, 408.85, 418.00, 417.30, 417.23, 1297036, 5411.57, 35704, 526568, 40.60
MIDQ50ADD, EQ, 18-Sep-2026, 24.19, 24.25, 24.56, 24.23, 24.56, 24.46, 24.34, 38319, 9.33, 94, 20358, 53.13
MIDSELIETF, EQ, 18-Sep-2026, 19.43, 19.80, 19.80, 19.44, 19.75, 19.63, 19.57, 169980, 33.27, 602, 95022, 55.90
MIDSMALL, EQ, 18-Sep-2026, 50.85, 51.87, 51.87, 50.73, 51.50, 51.40, 51.32, 137961, 70.80, 3205, 110493, 80.09
MIDWESTLTD, EQ, 18-Sep-2026, 976.20, 980.00, 990.80, 973.10, 981.60, 980.80, 980.69, 10017, 98.24, 918, 4300, 42.93
MIIL, EQ, 18-Sep-2026, 689.00, 699.50, 714.85, 689.95, 714.75, 711.35, 704.45, 83235, 586.35, 2313, 30197, 36.28
MILKYMIST, EQ, 18-Sep-2026, 274.76, 276.13, 283.98, 271.50, 275.30, 274.07, 277.80, 5036730, 13992.03, 50902, 1583111, 31.43
MINALIND, BE, 18-Sep-2026, 5.25, 5.15, 5.15, 5.15, 5.15, 5.15, 5.15, 7728, 0.40, 50, -, -
MINDACORP, EQ, 18-Sep-2026, 681.25, 685.00, 696.35, 681.40, 693.25, 691.45, 691.48, 90197, 623.70, 10617, 47895, 53.10
MINDSPACE, RR, 18-Sep-2026, 499.08, 499.00, 508.40, 497.49, 504.57, 505.58, 505.34, 902294, 4559.70, 20604, 693020, 76.81
MINDTECK, EQ, 18-Sep-2026, 156.84, 160.36, 160.36, 156.81, 157.00, 158.33, 158.22, 19042, 30.13, 645, 10513, 55.21
MIRZAINT, EQ, 18-Sep-2026, 29.54, 29.60, 29.98, 28.71, 29.00, 29.14, 29.05, 204304, 59.35, 2038, 139184, 68.13
MITCON, EQ, 18-Sep-2026, 80.23, 79.03, 81.59, 79.00, 80.05, 80.01, 80.07, 386, 0.31, 38, 220, 56.99
MITTAL, EQ, 18-Sep-2026, 0.76, 0.76, 0.84, 0.74, 0.77, 0.77, 0.77, 4600938, 35.37, 724, 2877363, 62.54
MKEXIM, EQ, 18-Sep-2026, 67.23, 67.90, 69.87, 65.75, 69.00, 67.43, 68.12, 49723, 33.87, 600, 33430, 67.23
MKPL, EQ, 18-Sep-2026, 4.07, 4.07, 4.17, 3.96, 4.00, 3.97, 4.02, 125960, 5.07, 529, 89429, 71.00
MLKFOOD, EQ, 18-Sep-2026, 79.12, 83.00, 86.00, 77.11, 79.50, 79.82, 80.32, 3524, 2.83, 202, 2213, 62.80
MMFL, EQ, 18-Sep-2026, 618.60, 618.90, 632.95, 618.90, 627.30, 628.55, 628.19, 41604, 261.35, 2432, 20524, 49.33
MMP, EQ, 18-Sep-2026, 465.70, 472.70, 482.80, 461.50, 467.00, 466.85, 472.57, 94696, 447.50, 3417, 54618, 57.68
MMTC, EQ, 18-Sep-2026, 60.14, 60.14, 60.99, 60.02, 60.30, 60.27, 60.33, 733798, 442.70, 5300, 296842, 40.45
MMWL, EQ, 18-Sep-2026, 13.04, 13.39, 13.39, 12.76, 12.90, 12.89, 13.02, 11336, 1.48, 97, 9138, 80.61
MNC, EQ, 18-Sep-2026, 32.29, 32.29, 32.75, 31.89, 32.50, 32.69, 32.58, 79748, 25.99, 305, 14512, 18.20
MOALPHA50, EQ, 18-Sep-2026, 55.06, 55.45, 55.88, 55.29, 55.60, 55.74, 55.52, 4637, 2.57, 46, 3964, 85.49
MOBANK10, EQ, 18-Sep-2026, 16.57, 16.55, 16.66, 16.49, 16.66, 16.66, 16.57, 1608, 0.27, 34, 1353, 84.14
MOBIKWIK, EQ, 18-Sep-2026, 198.64, 200.70, 213.75, 200.50, 213.00, 212.48, 208.06, 5135376, 10684.67, 53481, 1646427, 32.06
MOBILISE, SM, 18-Sep-2026, 113.60, 108.95, 108.95, 108.95, 108.95, 108.95, 108.95, 3200, 3.49, 2, 1600, 50.00
MOCAPITAL, EQ, 18-Sep-2026, 53.10, 53.64, 53.69, 53.05, 53.68, 53.58, 53.46, 811785, 433.97, 3025, 613916, 75.63
MODEFENCE, EQ, 18-Sep-2026, 101.87, 103.05, 103.60, 102.21, 103.10, 103.28, 103.11, 1229387, 1267.64, 7319, 637950, 51.89
MODINATUR, EQ, 18-Sep-2026, 337.95, 339.95, 374.00, 339.95, 355.00, 359.05, 363.37, 10638, 38.65, 555, 7149, 67.20
MODIRUBBER, EQ, 18-Sep-2026, 123.90, 123.00, 123.40, 119.16, 120.05, 120.24, 120.17, 577, 0.69, 41, 351, 60.83
MODIS, EQ, 18-Sep-2026, 349.05, 351.10, 353.85, 342.00, 350.00, 352.40, 348.42, 19609, 68.32, 510, 16797, 85.66
MODISONLTD, BE, 18-Sep-2026, 449.50, 445.00, 467.20, 442.00, 450.00, 457.60, 458.35, 46210, 211.80, 1160, -, -
MODTHREAD, EQ, 18-Sep-2026, 50.35, 49.21, 50.35, 47.00, 47.99, 47.99, 47.88, 5222, 2.50, 90, 4332, 82.96
MOENERGY, EQ, 18-Sep-2026, 37.53, 37.25, 38.15, 36.78, 37.99, 38.00, 37.88, 38962, 14.76, 435, 28925, 74.24
MOGOLD, EQ, 18-Sep-2026, 148.95, 150.95, 151.70, 149.85, 151.50, 151.35, 150.99, 22815, 34.45, 534, 10513, 46.08
MOGSEC, EQ, 18-Sep-2026, 65.38, 63.74, 65.42, 63.74, 65.42, 65.12, 65.07, 764, 0.50, 44, 597, 78.14
MOHEALTH, EQ, 18-Sep-2026, 51.88, 52.31, 52.43, 51.66, 52.36, 52.09, 52.12, 230100, 119.93, 628, 56694, 24.64
MOHITE, EQ, 18-Sep-2026, 2.44, 2.44, 2.54, 2.40, 2.43, 2.45, 2.46, 64284, 1.58, 143, 53176, 82.72
MOHITIND, EQ, 18-Sep-2026, 23.20, 23.99, 23.99, 23.00, 23.65, 23.62, 23.43, 21043, 4.93, 80, 13797, 65.57
MOIL, EQ, 18-Sep-2026, 243.06, 244.00, 245.10, 240.98, 244.00, 243.88, 243.15, 344649, 838.00, 7032, 148862, 43.19
MOINFRA, EQ, 18-Sep-2026, 57.60, 57.88, 58.47, 57.88, 58.26, 58.26, 58.15, 772, 0.45, 27, 686, 88.86
MOIPO, EQ, 18-Sep-2026, 49.84, 48.97, 49.65, 47.92, 48.58, 48.99, 48.36, 22647, 10.95, 140, 20800, 91.84
MOKSH, EQ, 18-Sep-2026, 9.95, 9.99, 10.30, 9.95, 10.17, 10.17, 10.12, 406146, 41.10, 247, 401790, 98.93
MOL, EQ, 18-Sep-2026, 59.93, 60.00, 63.80, 59.60, 63.30, 63.05, 62.29, 1434815, 893.79, 12560, 460761, 32.11
MOLBIO, EQ, 18-Sep-2026, 1285.30, 1297.10, 1314.80, 1262.20, 1287.90, 1288.30, 1287.90, 1435104, 18482.64, 56261, 167923, 11.70
MOLDTECH, BE, 18-Sep-2026, 194.15, 193.90, 196.84, 188.51, 193.60, 192.75, 192.76, 42547, 82.01, 371, -, -
MOLDTKPAC, EQ, 18-Sep-2026, 661.85, 661.85, 666.05, 655.50, 658.20, 658.30, 659.94, 42442, 280.09, 2831, 25941, 61.12
MOLOWVOL, EQ, 18-Sep-2026, 35.63, 36.52, 36.52, 35.31, 35.61, 35.58, 35.53, 1878, 0.67, 40, 1562, 83.17
MOM100, EQ, 18-Sep-2026, 66.41, 66.99, 67.30, 66.41, 66.75, 66.95, 66.85, 152423, 101.89, 1896, 80945, 53.11
MOM30IETF, EQ, 18-Sep-2026, 30.75, 30.95, 31.19, 30.79, 31.15, 31.08, 31.04, 375419, 116.55, 1232, 230589, 61.42
MOM50, EQ, 18-Sep-2026, 243.83, 243.85, 252.85, 243.82, 246.24, 247.42, 244.94, 1236, 3.03, 81, 470, 38.03
MOMENTUM, EQ, 18-Sep-2026, 30.58, 30.80, 30.87, 30.50, 30.70, 30.79, 30.78, 22891, 7.05, 144, 12328, 53.86
MOMENTUM30, EQ, 18-Sep-2026, 30.06, 30.42, 30.63, 30.31, 30.63, 30.50, 30.50, 14003, 4.27, 52, 5436, 38.82
MOMENTUM50, EQ, 18-Sep-2026, 53.14, 53.20, 54.10, 53.16, 54.03, 53.97, 53.84, 348067, 187.39, 12630, 192696, 55.36
MOMETAL, EQ, 18-Sep-2026, 12.81, 12.95, 13.08, 12.94, 13.08, 13.04, 13.03, 4082, 0.53, 30, 3840, 94.07
MOMGF, EQ, 18-Sep-2026, 158.77, 159.12, 159.64, 159.12, 159.63, 159.63, 159.50, 599, 0.96, 20, 599, 100.00
MOMIDMTM, EQ, 18-Sep-2026, 63.14, 64.40, 64.40, 63.41, 63.70, 63.90, 63.79, 51049, 32.56, 339, 42936, 84.11
MOMMIDCAP, EQ, 18-Sep-2026, 12.74, 12.78, 12.93, 12.78, 12.90, 12.90, 12.88, 1400681, 180.47, 962, 1273391, 90.91
MOMNC, EQ, 18-Sep-2026, 31.46, 31.56, 31.61, 31.43, 31.44, 31.54, 31.51, 55646, 17.53, 22, 55390, 99.54
MOMOMENTUM, EQ, 18-Sep-2026, 60.84, 60.84, 61.83, 60.84, 61.83, 61.55, 61.48, 70539, 43.37, 271, 50833, 72.06
MOMSBELIEF, BE, 18-Sep-2026, 216.04, 216.04, 226.00, 213.72, 225.00, 223.73, 220.51, 90045, 198.56, 710, -, -
MON100, EQ, 18-Sep-2026, 322.43, 328.44, 330.99, 325.01, 330.34, 330.33, 329.19, 750532, 2470.66, 17015, 470972, 62.75
MON50EQUAL, EQ, 18-Sep-2026, 32.40, 32.45, 32.50, 32.29, 32.50, 32.37, 32.40, 2913, 0.94, 46, 2564, 88.02
MONARCH, EQ, 18-Sep-2026, 367.80, 369.50, 370.00, 363.20, 365.90, 366.15, 365.91, 96830, 354.31, 2325, 67925, 70.15
MONEXT50, EQ, 18-Sep-2026, 71.27, 71.73, 72.46, 71.60, 72.46, 72.35, 71.99, 2915, 2.10, 48, 2611, 89.57
MONEYBOXX, EQ, 18-Sep-2026, 51.90, 54.49, 54.49, 54.49, 54.49, 54.49, 54.49, 24084, 13.12, 38, 24084, 100.00
MONIFTY100, EQ, 18-Sep-2026, 24.54, 24.54, 25.40, 24.54, 24.83, 24.83, 24.69, 5007, 1.24, 64, 3139, 62.69
MONIFTY500, EQ, 18-Sep-2026, 23.32, 23.79, 23.79, 23.28, 23.50, 23.45, 23.37, 206084, 48.17, 1059, 115218, 55.91
MONOLITH, SM, 18-Sep-2026, 1296.10, 1310.00, 1349.00, 1264.00, 1295.00, 1295.00, 1300.59, 26750, 347.91, 96, 16750, 62.62
MONQ50, EQ, 18-Sep-2026, 330.25, 349.99, 396.30, 330.26, 396.30, 396.30, 390.09, 2229451, 8696.97, 24329, 630997, 28.30
MONTECARLO, EQ, 18-Sep-2026, 554.70, 558.70, 561.80, 547.50, 553.00, 553.05, 552.42, 129704, 716.51, 4674, 82374, 63.51
MOOILGAS, EQ, 18-Sep-2026, 10.90, 11.00, 11.04, 10.90, 10.95, 10.98, 10.99, 3726, 0.41, 37, 3649, 97.93
MOPSE, EQ, 18-Sep-2026, 101.10, 100.87, 100.87, 97.92, 98.69, 98.73, 98.20, 4247, 4.17, 69, 4219, 99.34
MOQUALITY, EQ, 18-Sep-2026, 193.52, 193.44, 195.06, 193.05, 195.06, 194.50, 194.01, 690, 1.34, 21, 561, 81.30
MOREALTY, EQ, 18-Sep-2026, 83.85, 84.26, 85.47, 83.90, 85.40, 85.27, 85.11, 283299, 241.11, 1659, 156877, 55.38
MOREPENLAB, EQ, 18-Sep-2026, 120.56, 120.60, 123.45, 118.14, 120.80, 120.90, 120.63, 16816327, 20286.18, 66306, 4514303, 26.84
MOS, ST, 18-Sep-2026, 5.35, 5.45, 5.60, 5.10, 5.60, 5.50, 5.34, 19316000, 1031.26, 849, 19072000, 98.74
MOSCHIP, EQ, 18-Sep-2026, 208.06, 210.00, 211.15, 207.91, 209.30, 208.89, 209.13, 1271753, 2659.65, 18765, 458800, 36.08
MOSERVICE, EQ, 18-Sep-2026, 30.00, 30.12, 30.35, 30.05, 30.35, 30.35, 30.20, 490, 0.15, 18, 440, 89.80
MOSILVER, EQ, 18-Sep-2026, 223.98, 229.57, 232.30, 228.63, 231.80, 231.30, 230.17, 54487, 125.41, 1582, 13288, 24.39
MOSMALL250, EQ, 18-Sep-2026, 18.17, 17.94, 18.60, 17.71, 18.45, 18.41, 18.30, 921766, 168.70, 1756, 380587, 41.29
MOTHERSON, EQ, 18-Sep-2026, 161.87, 161.87, 165.37, 161.84, 162.57, 162.57, 163.66, 19068300, 31208.12, 53827, 14523618, 76.17
MOTILALOFS, EQ, 18-Sep-2026, 988.70, 988.70, 1010.00, 988.70, 1010.00, 1010.00, 1006.14, 739629, 7441.71, 13569, 520412, 70.36
MOTISONS, EQ, 18-Sep-2026, 17.94, 18.25, 19.12, 17.95, 18.19, 18.30, 18.44, 114189016, 21059.08, 189115, 13959042, 12.22
MOTOGENFIN, EQ, 18-Sep-2026, 24.96, 24.84, 27.84, 24.84, 26.15, 26.19, 26.33, 68884, 18.14, 492, 20161, 29.27
MOTOUR, EQ, 18-Sep-2026, 76.53, 77.98, 78.34, 76.18, 78.34, 77.95, 77.30, 34945, 27.01, 150, 29993, 85.83
MOVALUE, EQ, 18-Sep-2026, 110.36, 110.36, 111.48, 109.04, 110.95, 110.91, 110.53, 33264, 36.77, 454, 20558, 61.80
MPDL, BE, 18-Sep-2026, 30.18, 28.69, 30.00, 28.69, 30.00, 30.00, 28.80, 349, 0.10, 3, -, -
MPEL, ST, 18-Sep-2026, 21.20, 22.25, 22.25, 22.20, 22.25, 22.25, 22.23, 19200, 4.27, 12, 17600, 91.67
MPEL-RE, ST, 18-Sep-2026, 1.65, 1.80, 1.80, 1.80, 1.80, 1.80, 1.80, 41600, 0.75, 5, 41600, 100.00
MPHASIS, EQ, 18-Sep-2026, 2320.00, 2322.90, 2327.90, 2275.00, 2300.40, 2300.40, 2291.67, 650262, 14901.88, 32409, 357904, 55.04
MPIMANIPAL, EQ, 18-Sep-2026, 345.15, 348.90, 349.95, 329.00, 345.00, 341.35, 338.66, 1721733, 5830.81, 35353, 741486, 43.07
MPSLTD, EQ, 18-Sep-2026, 2571.50, 2583.00, 2689.90, 2560.10, 2658.10, 2667.30, 2622.19, 8970, 235.21, 1707, 5034, 56.12
MRF, EQ, 18-Sep-2026, 124585.00, 124900.00, 126500.00, 123815.00, 124890.00, 125670.00, 124965.92, 8232, 10287.19, 5588, 4373, 53.12
MRIL, ST, 18-Sep-2026, 81.25, 82.80, 85.30, 78.40, 85.30, 84.20, 83.66, 169600, 141.88, 82, 169600, 100.00
MRPL, EQ, 18-Sep-2026, 163.77, 164.36, 167.10, 162.64, 165.50, 165.38, 164.64, 4824765, 7943.26, 37798, 1208084, 25.04
MSCI360, EQ, 18-Sep-2026, 9.86, 9.88, 10.06, 9.80, 9.95, 9.96, 9.82, 3868, 0.38, 30, 3296, 85.21
MSCIADD, EQ, 18-Sep-2026, 28.63, 28.74, 28.80, 28.74, 28.80, 28.80, 28.75, 758, 0.22, 3, 658, 86.81
MSCIINDIA, EQ, 18-Sep-2026, 28.96, 29.11, 29.58, 29.03, 29.32, 29.27, 29.21, 9841, 2.87, 99, 9330, 94.81
MSL, EQ, 18-Sep-2026, 136.22, 137.10, 145.00, 136.22, 136.22, 141.43, 141.92, 649, 0.92, 49, 626, 96.46
MSPL, EQ, 18-Sep-2026, 33.75, 33.75, 34.50, 33.36, 34.11, 34.15, 34.03, 596227, 202.87, 2076, 432741, 72.58
MSTCLTD, EQ, 18-Sep-2026, 715.25, 715.20, 741.45, 701.00, 725.00, 724.05, 721.25, 213012, 1536.36, 9357, 82465, 38.71
MSUMI, EQ, 18-Sep-2026, 36.07, 36.10, 36.20, 35.38, 35.95, 35.67, 35.72, 31085866, 11104.04, 76641, 19338030, 62.21
MTARTECH, BE, 18-Sep-2026, 7060.00, 7061.00, 7250.00, 6900.00, 7200.00, 7202.00, 7178.97, 88193, 6331.35, 14852, -, -
MTEDUCARE, BE, 18-Sep-2026, 1.71, 1.74, 1.79, 1.63, 1.70, 1.69, 1.76, 94189, 1.65, 64, -, -
MTNL, EQ, 18-Sep-2026, 23.77, 23.78, 24.15, 23.52, 23.65, 23.80, 23.84, 778801, 185.67, 2977, 321396, 41.27
MUFIN, EQ, 18-Sep-2026, 132.20, 132.99, 136.00, 132.50, 133.00, 133.45, 134.45, 1191673, 1602.18, 6752, 136799, 11.48
MUFTI, EQ, 18-Sep-2026, 73.37, 75.02, 75.02, 73.00, 73.99, 73.63, 73.75, 39771, 29.33, 709, 21089, 53.03
MUKANDLTD, EQ, 18-Sep-2026, 134.20, 134.20, 136.50, 133.52, 134.20, 134.78, 134.78, 48572, 65.47, 756, 31798, 65.47
MUKESHB, EQ, 18-Sep-2026, 133.00, 133.00, 133.00, 133.00, 133.00, 133.00, 133.00, 1, 0.00, 1, 1, 100.00
MUKKA, BE, 18-Sep-2026, 28.28, 28.56, 28.76, 26.87, 26.88, 26.93, 27.28, 640411, 174.71, 2197, -, -
MUKTAARTS, BE, 18-Sep-2026, 56.00, 56.28, 57.92, 54.31, 57.92, 57.92, 54.93, 605, 0.33, 10, -, -
MULTICAP, EQ, 18-Sep-2026, 16.33, 16.00, 16.53, 16.00, 16.48, 16.48, 16.43, 43331, 7.12, 334, 34636, 79.93
MUNISH, SM, 18-Sep-2026, 95.75, 95.75, 96.75, 90.50, 96.75, 92.65, 93.29, 12000, 11.19, 10, 8400, 70.00
MUNJALAU, EQ, 18-Sep-2026, 104.81, 104.24, 105.84, 103.46, 104.30, 103.99, 104.34, 237389, 247.70, 7345, 108433, 45.68
MUNJALSHOW, EQ, 18-Sep-2026, 123.93, 124.00, 126.74, 123.21, 126.15, 125.80, 125.55, 20341, 25.54, 481, 13415, 65.95
MURUDCERA, EQ, 18-Sep-2026, 28.65, 29.00, 29.00, 27.82, 28.29, 28.26, 28.23, 14737, 4.16, 376, 11331, 76.89
MUTHOOTCAP, EQ, 18-Sep-2026, 235.03, 231.62, 239.98, 231.62, 233.12, 234.28, 237.40, 14019, 33.28, 403, 10943, 78.06
MUTHOOTFIN, EQ, 18-Sep-2026, 2770.20, 2796.60, 2852.00, 2784.30, 2841.10, 2841.10, 2833.83, 654610, 18550.52, 53732, 333004, 50.87
MUTHOOTMF, EQ, 18-Sep-2026, 188.04, 188.30, 189.90, 187.23, 189.59, 189.28, 188.69, 137823, 260.06, 2477, 45534, 33.04
MVELECTRO, EQ, 18-Sep-2026, 796.00, 795.00, 842.00, 776.00, 826.70, 832.75, 815.72, 2320560, 18929.32, 66573, 248547, 10.71
MVGJL, EQ, 18-Sep-2026, 215.37, 217.00, 224.36, 212.20, 214.80, 214.47, 219.07, 509506, 1116.16, 12280, 162489, 31.89
MVKAGRO, SM, 18-Sep-2026, 257.15, 245.50, 245.50, 244.30, 244.30, 244.30, 244.57, 69300, 169.49, 122, 60000, 86.58
MWL, EQ, 18-Sep-2026, 40.18, 40.17, 44.00, 40.12, 42.04, 42.52, 42.78, 3022051, 1292.70, 14018, 859370, 28.44
MYMUDRA, SM, 18-Sep-2026, 66.00, 64.45, 64.50, 64.40, 64.50, 64.50, 64.44, 4800, 3.09, 4, 3600, 75.00
MYSORPETRO, BE, 18-Sep-2026, 128.02, 129.39, 131.79, 124.10, 129.98, 129.99, 127.85, 2567, 3.28, 52, -, -
NACLIND, EQ, 18-Sep-2026, 148.88, 148.33, 148.88, 143.10, 148.05, 146.75, 145.31, 691786, 1005.20, 12923, 328417, 47.47
NAGREEKCAP, EQ, 18-Sep-2026, 27.92, 29.00, 29.00, 27.30, 28.00, 28.19, 28.41, 45262, 12.86, 260, 35993, 79.52
NAGREEKEXP, EQ, 18-Sep-2026, 21.54, 21.30, 21.95, 20.94, 21.22, 21.13, 21.10, 14284, 3.01, 231, 11754, 82.29
NAHARCAP, EQ, 18-Sep-2026, 250.00, 257.95, 257.95, 245.00, 250.90, 247.50, 249.23, 2151, 5.36, 97, 1895, 88.10
NAHARINDUS, EQ, 18-Sep-2026, 133.47, 131.50, 136.90, 130.50, 130.60, 131.29, 132.32, 6308, 8.35, 235, 4544, 72.04
NAHARPOLY, EQ, 18-Sep-2026, 222.28, 224.00, 228.45, 223.00, 227.50, 227.02, 225.60, 2119, 4.78, 122, 1839, 86.79
NAHARSPING, EQ, 18-Sep-2026, 275.80, 278.85, 281.35, 268.05, 272.00, 269.20, 271.30, 12712, 34.49, 627, 8207, 64.56
NAM-INDIA, EQ, 18-Sep-2026, 1119.00, 1128.30, 1156.10, 1124.10, 1155.00, 1155.00, 1147.52, 1528510, 17539.97, 50588, 962708, 62.98
NAMAN, SM, 18-Sep-2026, 38.00, 38.10, 38.10, 38.10, 38.10, 38.10, 38.10, 1600, 0.61, 2, 1600, 100.00
NAMOEWASTE, ST, 18-Sep-2026, 267.30, 267.30, 274.00, 263.80, 269.00, 270.95, 268.71, 28800, 77.39, 32, 20800, 72.22
NARMADA, EQ, 18-Sep-2026, 13.86, 13.86, 14.00, 13.67, 13.71, 13.72, 13.77, 201618, 27.75, 580, 133610, 66.27
NATCAPSUQ, BE, 18-Sep-2026, 178.58, 176.00, 176.00, 170.00, 172.70, 171.58, 171.73, 12419, 21.33, 161, -, -
NATCOPHARM, EQ, 18-Sep-2026, 818.25, 819.00, 822.65, 806.90, 813.45, 813.40, 813.44, 489351, 3980.57, 32884, 297976, 60.89
NATHBIOGEN, EQ, 18-Sep-2026, 148.14, 148.14, 149.00, 146.50, 147.01, 147.34, 148.00, 54186, 80.20, 139, 53352, 98.46
NATIONALUM, EQ, 18-Sep-2026, 355.70, 359.80, 363.20, 350.50, 350.50, 350.50, 355.80, 5809441, 20670.06, 45661, 3802733, 65.46
NATIONSTD, EQ, 18-Sep-2026, 111.80, 112.35, 112.99, 109.00, 110.00, 109.94, 111.07, 6114, 6.79, 219, 4449, 72.77
NAUKRI, EQ, 18-Sep-2026, 1265.00, 1265.00, 1284.00, 1251.20, 1251.20, 1251.20, 1267.44, 1486135, 18835.82, 40888, 941024, 63.32
NAVA, EQ, 18-Sep-2026, 546.60, 548.05, 571.75, 548.05, 562.20, 562.30, 566.04, 664236, 3759.86, 25503, 292946, 44.10
NAVINFLUOR, EQ, 18-Sep-2026, 8220.00, 8257.00, 8682.50, 8231.50, 8612.00, 8590.00, 8484.80, 298599, 25335.53, 49461, 177828, 59.55
NAVKARCORP, EQ, 18-Sep-2026, 87.56, 87.80, 89.25, 87.26, 89.01, 88.91, 88.25, 302437, 266.90, 2987, 159195, 52.64
NAVKARURB, BE, 18-Sep-2026, 0.83, 0.83, 0.84, 0.79, 0.84, 0.83, 0.82, 436782, 3.58, 305, -, -
NAVNETEDUL, EQ, 18-Sep-2026, 124.89, 124.90, 128.44, 124.06, 126.80, 126.89, 126.24, 73795, 93.16, 2506, 43290, 58.66
NAZARA, EQ, 18-Sep-2026, 362.55, 364.50, 377.00, 364.50, 368.65, 369.35, 370.57, 3038750, 11260.57, 31145, 1732182, 57.00
NBCC, EQ, 18-Sep-2026, 82.13, 82.40, 84.27, 82.40, 82.40, 82.40, 83.10, 5214690, 4333.64, 23793, 2789483, 53.49
NBIFIN, EQ, 18-Sep-2026, 1960.10, 1960.00, 1979.00, 1946.00, 1979.00, 1970.80, 1948.37, 5088, 99.13, 37, 5045, 99.15
NCC, EQ, 18-Sep-2026, 135.60, 135.98, 138.92, 134.84, 136.45, 137.13, 136.60, 2320130, 3169.35, 24548, 1182563, 50.97
NCLIND, EQ, 18-Sep-2026, 172.98, 172.46, 175.00, 172.45, 175.00, 174.66, 173.81, 30414, 52.86, 362, 23701, 77.93
NDGL, EQ, 18-Sep-2026, 2653.40, 2664.00, 2690.00, 2600.00, 2690.00, 2649.50, 2637.82, 359, 9.47, 37, 292, 81.34
NDL, EQ, 18-Sep-2026, 2.82, 2.82, 2.90, 2.75, 2.81, 2.78, 2.79, 967406, 26.98, 1398, 541396, 55.96
NDLVENTURE, EQ, 18-Sep-2026, 120.03, 123.00, 125.38, 116.00, 123.49, 123.00, 123.44, 18292, 22.58, 398, 11496, 62.85
NDRAUTO, EQ, 18-Sep-2026, 701.00, 700.00, 729.70, 700.00, 727.00, 726.00, 716.85, 29831, 213.84, 2356, 14433, 48.38
NDRINVIT, IV, 18-Sep-2026, 145.00, 145.50, 145.50, 145.50, 145.50, 145.50, 145.50, 25000, 36.38, 1, 25000, 100.00
NDTV, EQ, 18-Sep-2026, 71.04, 71.00, 73.38, 70.90, 71.95, 71.72, 72.00, 77022, 55.46, 1212, 27448, 35.64
NEAGI, EQ, 18-Sep-2026, 3308.00, 3308.00, 3308.00, 3308.00, 3308.00, 3308.00, 3308.00, 1, 0.03, 1, 1, 100.00
NECCLTD, BE, 18-Sep-2026, 18.82, 19.25, 19.35, 18.13, 19.33, 18.97, 18.89, 39219, 7.41, 175, -, -
NECLIFE, EQ, 18-Sep-2026, 11.02, 11.19, 11.30, 10.85, 11.00, 10.98, 10.97, 93255, 10.23, 378, 82176, 88.12
NEELAM, SM, 18-Sep-2026, 6.75, 7.00, 7.00, 7.00, 7.00, 7.00, 7.00, 6000, 0.42, 1, 6000, 100.00
NELCAST, EQ, 18-Sep-2026, 108.04, 107.72, 110.09, 105.75, 107.40, 108.34, 108.20, 86630, 93.73, 1510, 41382, 47.77
NELCO, EQ, 18-Sep-2026, 965.25, 969.55, 1019.50, 965.30, 1005.85, 1011.85, 1005.89, 682119, 6861.38, 25945, 306861, 44.99
NEOCHEM, SM, 18-Sep-2026, 105.45, 112.50, 112.50, 106.10, 108.00, 108.00, 107.84, 14400, 15.53, 12, 10800, 75.00
NEOGEN, EQ, 18-Sep-2026, 2395.60, 2435.00, 2498.20, 2376.20, 2477.00, 2488.40, 2454.72, 355984, 8738.40, 39806, 125872, 35.36
NEPHROCARE, SM, 18-Sep-2026, 91.65, 95.55, 95.55, 91.65, 93.95, 93.75, 94.03, 13600, 12.79, 29, 9600, 70.59
NEPHROPLUS, EQ, 18-Sep-2026, 735.10, 742.00, 746.95, 735.10, 746.00, 743.35, 742.52, 75741, 562.39, 7981, 38613, 50.98
NEPTUNE, SM, 18-Sep-2026, 176.50, 177.00, 179.50, 176.30, 179.50, 177.90, 177.60, 1500, 2.66, 3, 1000, 66.67
NESCO, EQ, 18-Sep-2026, 1081.50, 1088.30, 1124.10, 1076.00, 1122.00, 1111.30, 1096.30, 41377, 453.62, 2886, 24069, 58.17
NESTLEIND, EQ, 18-Sep-2026, 1370.60, 1372.10, 1390.00, 1332.80, 1372.40, 1372.40, 1364.90, 3264904, 44562.65, 70103, 2061448, 63.14
NETF, EQ, 18-Sep-2026, 254.10, 251.55, 255.25, 251.55, 254.00, 254.15, 254.57, 868, 2.21, 109, 663, 76.38
NETWEB, EQ, 18-Sep-2026, 4578.50, 4612.00, 4703.50, 4587.00, 4652.50, 4664.50, 4647.04, 1136499, 52813.59, 87276, 282105, 24.82
NETWORK18, EQ, 18-Sep-2026, 26.46, 26.49, 27.17, 26.39, 26.89, 27.00, 26.87, 5331335, 1432.68, 9795, 2279148, 42.75
NEUEON, BE, 18-Sep-2026, 11.57, 11.62, 11.70, 11.25, 11.50, 11.29, 11.41, 9328, 1.06, 57, -, -
NEULANDLAB, EQ, 18-Sep-2026, 22665.00, 22700.00, 23030.00, 22440.00, 22700.00, 22840.00, 22729.64, 75518, 17164.97, 21626, 45008, 59.60
NEWGEN, EQ, 18-Sep-2026, 489.50, 493.40, 499.30, 487.10, 497.00, 497.30, 494.04, 622017, 3073.02, 17627, 187539, 30.15
NEWJAISA, ST, 18-Sep-2026, 18.20, 19.10, 19.10, 17.30, 18.00, 18.00, 17.72, 144000, 25.51, 19, 136500, 94.79
NEXT30ADD, EQ, 18-Sep-2026, 41.97, 42.17, 42.36, 42.06, 42.36, 42.36, 42.27, 7416, 3.13, 56, 4060, 54.75
NEXT50, EQ, 18-Sep-2026, 735.76, 739.38, 748.53, 736.14, 745.45, 745.60, 743.78, 22861, 170.03, 2378, 11770, 51.49
NEXT50ADD, EQ, 18-Sep-2026, 71.41, 72.14, 72.57, 71.98, 72.45, 72.45, 72.38, 13052, 9.45, 39, 2748, 21.05
NEXT50BETA, EQ, 18-Sep-2026, 77.10, 77.77, 78.09, 77.03, 77.43, 77.88, 77.60, 122825, 95.32, 555, 94518, 76.95
NEXT50ETF, EQ, 18-Sep-2026, 71.69, 72.03, 73.00, 72.03, 72.95, 72.85, 72.50, 4546, 3.30, 85, 3929, 86.43
NEXT50IETF, EQ, 18-Sep-2026, 75.30, 76.81, 76.81, 74.82, 76.50, 76.39, 75.96, 466182, 354.11, 3561, 267589, 57.40
NEXTMEDIA, EQ, 18-Sep-2026, 3.88, 3.88, 3.88, 3.79, 3.79, 3.82, 3.82, 1241, 0.05, 34, 1115, 89.85
NFL, EQ, 18-Sep-2026, 66.84, 66.99, 67.41, 66.50, 66.99, 66.79, 66.80, 382639, 255.60, 2565, 199755, 52.20
NFPSAMPOOR, SM, 18-Sep-2026, 20.40, 21.25, 22.40, 21.25, 22.40, 21.50, 21.48, 62000, 13.32, 11, 62000, 100.00
NGIL, EQ, 18-Sep-2026, 34.94, 36.33, 38.43, 35.94, 38.43, 38.04, 37.67, 33418, 12.59, 245, 14651, 43.84
NGLFINE, EQ, 18-Sep-2026, 2715.30, 2728.80, 2780.00, 2670.10, 2765.00, 2768.20, 2729.37, 11325, 309.10, 1203, 8810, 77.79
NH, EQ, 18-Sep-2026, 1868.60, 1859.00, 1940.00, 1859.00, 1927.00, 1928.50, 1916.33, 271767, 5207.95, 29854, 186274, 68.54
NHIT, IV, 18-Sep-2026, 171.00, 171.00, 171.00, 171.00, 171.00, 171.00, 171.00, 150000, 256.50, 3, 150000, 100.00
NHPC, EQ, 18-Sep-2026, 75.20, 75.20, 76.95, 75.09, 76.95, 76.95, 76.18, 18275311, 13921.38, 35982, 12686050, 69.42
NIACL, EQ, 18-Sep-2026, 197.05, 196.76, 196.76, 186.00, 186.99, 187.66, 188.80, 9375719, 17701.79, 72532, 1771835, 18.90
NIBE, EQ, 18-Sep-2026, 1250.10, 1252.90, 1305.00, 1228.30, 1288.00, 1287.00, 1261.03, 46108, 581.44, 3837, 24217, 52.52
NIBL, EQ, 18-Sep-2026, 30.65, 30.36, 31.68, 29.50, 31.00, 30.97, 31.01, 10685, 3.31, 283, 8366, 78.30
NICCOPAR, EQ, 18-Sep-2026, 82.00, 82.99, 82.99, 78.00, 80.45, 80.45, 80.36, 5480, 4.40, 39, 5466, 99.74
NIDAN, SM, 18-Sep-2026, 13.00, 13.50, 13.50, 13.40, 13.40, 13.40, 13.46, 5000, 0.67, 5, 5000, 100.00
NIF100BEES, EQ, 18-Sep-2026, 259.43, 259.46, 261.10, 259.45, 261.10, 260.72, 260.33, 7950, 20.70, 558, 5604, 70.49
NIF100IETF, EQ, 18-Sep-2026, 27.30, 27.30, 27.52, 27.26, 27.50, 27.40, 27.36, 41367, 11.32, 1041, 23744, 57.40
NIF500BETA, EQ, 18-Sep-2026, 36.48, 36.66, 36.70, 36.51, 36.70, 36.66, 36.59, 29211, 10.69, 16, 29076, 99.54
NIFTY1, EQ, 18-Sep-2026, 259.12, 261.71, 261.71, 258.81, 259.36, 259.67, 259.51, 68356, 177.39, 1138, 27460, 40.17
NIFTY100EW, EQ, 18-Sep-2026, 34.13, 34.78, 34.80, 34.19, 34.20, 34.31, 34.30, 68217, 23.40, 179, 36556, 53.59
NIFTYADD, EQ, 18-Sep-2026, 245.65, 246.45, 247.02, 245.30, 246.60, 246.79, 246.42, 4027, 9.92, 75, 2100, 52.15
NIFTYAXIS, EQ, 18-Sep-2026, 258.41, 258.96, 259.39, 258.09, 259.33, 259.23, 258.83, 8771, 22.70, 152, 5363, 61.14
NIFTYBEES, EQ, 18-Sep-2026, 266.08, 267.89, 267.89, 265.94, 266.75, 266.53, 266.30, 3645562, 9708.27, 43071, 2148191, 58.93
NIFTYBETA, EQ, 18-Sep-2026, 258.92, 259.00, 261.99, 258.35, 261.99, 259.77, 259.32, 2607269, 6761.18, 523, 2601992, 99.80
NIFTYBETF, EQ, 18-Sep-2026, 240.35, 240.70, 241.19, 239.23, 240.95, 240.79, 240.35, 3374, 8.11, 104, 950, 28.16
NIFTYCASE, EQ, 18-Sep-2026, 9.36, 9.59, 9.59, 9.35, 9.40, 9.37, 9.38, 503818, 47.27, 1514, 431004, 85.55
NIFTYETF, EQ, 18-Sep-2026, 253.40, 254.80, 255.02, 253.61, 254.61, 254.51, 254.32, 142854, 363.31, 598, 88963, 62.28
NIFTYIETF, EQ, 18-Sep-2026, 264.67, 268.50, 268.50, 264.37, 265.01, 265.13, 264.87, 397456, 1052.72, 13076, 244919, 61.62
NIFTYJBLK, EQ, 18-Sep-2026, 11.94, 12.23, 12.23, 11.94, 12.05, 11.98, 11.97, 100363, 12.01, 617, 63971, 63.74
NIFTYQLITY, EQ, 18-Sep-2026, 20.60, 20.88, 20.88, 20.50, 20.63, 20.61, 20.61, 10693, 2.20, 186, 7208, 67.41
NIITLTD, EQ, 18-Sep-2026, 87.31, 87.88, 94.30, 86.80, 92.00, 91.57, 90.53, 391257, 354.20, 4484, 144845, 37.02
NIITMTS, EQ, 18-Sep-2026, 224.60, 225.50, 225.66, 214.49, 216.98, 217.16, 218.20, 402242, 877.70, 10783, 176076, 43.77
NILAINFRA, EQ, 18-Sep-2026, 6.56, 6.64, 6.69, 6.41, 6.60, 6.63, 6.53, 201803, 13.19, 539, 143729, 71.22
NILASPACES, EQ, 18-Sep-2026, 12.48, 12.48, 12.72, 12.13, 12.30, 12.30, 12.30, 1810089, 222.71, 2520, 881348, 48.69
NILE, EQ, 18-Sep-2026, 1456.00, 1493.00, 1493.00, 1455.00, 1469.20, 1462.20, 1463.44, 1434, 20.99, 309, 1045, 72.87
NILKAMAL, EQ, 18-Sep-2026, 1917.20, 1904.60, 1934.00, 1844.20, 1884.00, 1887.50, 1892.74, 25774, 487.83, 3682, 11235, 43.59
NIMBSPROJ, EQ, 18-Sep-2026, 183.73, 192.89, 192.91, 178.02, 192.90, 185.46, 189.42, 10487, 19.86, 172, 3271, 31.19
NINSYS, EQ, 18-Sep-2026, 707.90, 714.50, 714.50, 702.10, 707.00, 707.50, 708.81, 807, 5.72, 196, 456, 56.51
NIPPOBATRY, EQ, 18-Sep-2026, 315.20, 327.00, 327.00, 315.20, 320.00, 319.80, 319.34, 1463, 4.67, 110, 1194, 81.61
NIRAJ, EQ, 18-Sep-2026, 27.92, 27.06, 28.73, 27.06, 27.72, 27.74, 27.77, 7255, 2.01, 71, 4211, 58.04
NIRAJISPAT, BE, 18-Sep-2026, 285.00, 285.00, 285.00, 285.00, 285.00, 285.00, 285.00, 30, 0.09, 2, -, -
NIRLON, EQ, 18-Sep-2026, 601.05, 600.00, 604.95, 596.05, 600.50, 600.40, 600.77, 1961, 11.78, 271, 1199, 61.14
NIRMAN, SM, 18-Sep-2026, 26.70, 26.60, 27.00, 26.25, 27.00, 26.80, 26.52, 7500, 1.99, 21, 7200, 96.00
NITCO, EQ, 18-Sep-2026, 85.94, 85.95, 88.46, 85.12, 88.05, 87.00, 86.57, 417793, 361.66, 3059, 224108, 53.64
NITINSPIN, EQ, 18-Sep-2026, 616.85, 617.00, 634.90, 613.05, 620.50, 619.20, 620.86, 58258, 361.70, 3915, 31277, 53.69
NITIRAJ, EQ, 18-Sep-2026, 234.07, 233.00, 236.70, 227.50, 233.49, 232.01, 233.72, 3238, 7.57, 101, 2295, 70.88
NITTAGELA, EQ, 18-Sep-2026, 1766.10, 1794.10, 1794.10, 1690.20, 1724.00, 1711.40, 1735.09, 5804, 100.70, 766, 4325, 74.52
NIVABUPA, EQ, 18-Sep-2026, 79.60, 79.85, 80.45, 79.01, 79.02, 79.59, 79.67, 1273196, 1014.33, 8596, 857729, 67.37
NLCINDIA, EQ, 18-Sep-2026, 262.30, 264.20, 269.70, 262.55, 268.10, 268.80, 267.69, 2578554, 6902.56, 41438, 1542025, 59.80
NMDC, EQ, 18-Sep-2026, 80.80, 81.38, 81.70, 79.15, 79.15, 79.15, 80.15, 18919633, 15163.81, 42430, 11965410, 63.24
NOCIL, EQ, 18-Sep-2026, 186.36, 187.30, 196.87, 186.34, 195.20, 194.56, 191.55, 1732771, 3319.13, 16253, 716069, 41.33
NOIDATOLL, EQ, 18-Sep-2026, 3.96, 3.94, 4.04, 3.87, 4.02, 4.00, 3.96, 26530, 1.05, 222, 19750, 74.44
NORBTEAEXP, EQ, 18-Sep-2026, 64.73, 64.13, 66.90, 64.13, 65.50, 65.50, 65.15, 1847, 1.20, 46, 1133, 61.34
NORTHARC, EQ, 18-Sep-2026, 310.55, 311.90, 315.50, 308.55, 313.60, 313.60, 312.26, 1062365, 3317.39, 25678, 535651, 50.42
NOVAAGRI, EQ, 18-Sep-2026, 22.49, 22.70, 23.39, 22.11, 23.08, 22.90, 22.78, 38579, 8.79, 292, 31889, 82.66
NOVARTIND, EQ, 18-Sep-2026, 2082.20, 2082.20, 2154.90, 2006.00, 2040.00, 2046.80, 2078.55, 76794, 1596.20, 7664, 27158, 35.36
NPBET, EQ, 18-Sep-2026, 282.79, 283.11, 283.45, 283.00, 283.00, 283.00, 283.31, 8, 0.02, 4, 8, 100.00
NPST, EQ, 18-Sep-2026, 1854.90, 1857.10, 1899.50, 1803.10, 1820.00, 1828.50, 1851.60, 139085, 2575.30, 12093, 51214, 36.82
NRAIL, EQ, 18-Sep-2026, 628.50, 620.20, 640.80, 601.50, 624.00, 625.20, 617.63, 18686, 115.41, 1384, 9625, 51.51
NRBBEARING, EQ, 18-Sep-2026, 472.20, 474.00, 534.90, 472.60, 529.50, 525.50, 523.22, 9738086, 50951.57, 172806, 802307, 8.24
NRL, BE, 18-Sep-2026, 137.13, 136.73, 143.98, 132.90, 143.98, 143.67, 139.91, 210713, 294.80, 782, -, -
NRVANDANA, SM, 18-Sep-2026, 71.55, 71.00, 71.00, 70.00, 70.00, 70.00, 70.82, 33000, 23.37, 8, 33000, 100.00
NSIL, EQ, 18-Sep-2026, 5436.00, 5400.00, 5550.00, 5400.00, 5518.00, 5507.50, 5507.54, 2466, 135.82, 336, 2014, 81.67
NSLNISP, EQ, 18-Sep-2026, 41.64, 41.80, 43.04, 41.33, 42.40, 42.60, 42.41, 6294350, 2669.57, 23031, 2497660, 39.68
NTCIND, EQ, 18-Sep-2026, 132.03, 132.03, 136.00, 132.03, 134.00, 132.85, 133.22, 747, 1.00, 36, 506, 67.74
NTPC, EQ, 18-Sep-2026, 329.60, 329.80, 330.85, 323.65, 323.65, 323.65, 326.62, 9448827, 30861.93, 71362, 6494646, 68.73
NTPCGREEN, EQ, 18-Sep-2026, 87.58, 88.50, 88.95, 86.91, 88.42, 88.55, 87.98, 4164366, 3663.66, 51916, 2315134, 55.59
NUCLEUS, EQ, 18-Sep-2026, 691.40, 700.00, 709.00, 683.00, 685.00, 686.25, 690.39, 14849, 102.52, 1144, 8547, 57.56
NURECA, BE, 18-Sep-2026, 332.35, 330.00, 348.95, 327.15, 348.60, 345.95, 346.80, 28818, 99.94, 471, -, -
NUVAMA, EQ, 18-Sep-2026, 1687.40, 1700.00, 1720.00, 1689.50, 1710.00, 1713.70, 1709.08, 265082, 4530.46, 20056, 153533, 57.92
NUVOCO, EQ, 18-Sep-2026, 319.00, 318.05, 333.50, 318.05, 328.80, 328.60, 327.12, 629989, 2060.84, 21754, 267721, 42.50
NV20, EQ, 18-Sep-2026, 13.51, 13.84, 13.84, 13.46, 13.59, 13.58, 13.51, 58601, 7.91, 187, 40688, 69.43
NV20BEES, EQ, 18-Sep-2026, 135.72, 135.72, 136.11, 134.86, 135.35, 135.32, 135.28, 22134, 29.94, 270, 15388, 69.52
NV20IETF, EQ, 18-Sep-2026, 13.22, 13.22, 13.29, 13.14, 13.24, 13.20, 13.17, 328699, 43.29, 1656, 192811, 58.66
NXST, RR, 18-Sep-2026, 166.25, 166.84, 167.55, 165.95, 167.55, 166.35, 166.44, 919152, 1529.81, 7953, 889667, 96.79
NXT-INFRA, IV, 18-Sep-2026, 95.50, 98.00, 100.00, 98.00, 100.00, 100.00, 99.75, 200000, 199.50, 2, 200000, 100.00
NYKAA, EQ, 18-Sep-2026, 323.75, 324.15, 332.15, 322.70, 332.15, 332.15, 326.18, 4424240, 14431.05, 79300, 2988738, 67.55
OAL, EQ, 18-Sep-2026, 513.50, 513.80, 528.90, 510.00, 512.50, 514.15, 518.99, 22259, 115.52, 1282, 10227, 45.95
OBCL, EQ, 18-Sep-2026, 55.82, 55.82, 58.00, 55.10, 57.34, 57.02, 56.88, 5689, 3.24, 65, 5338, 93.83
OBEROIRLTY, EQ, 18-Sep-2026, 1740.70, 1730.10, 1785.00, 1721.00, 1785.00, 1785.00, 1756.28, 766762, 13466.53, 29849, 542086, 70.70
OBSCP, SM, 18-Sep-2026, 899.25, 895.00, 935.00, 886.20, 925.30, 930.25, 922.85, 33200, 306.39, 79, 20400, 61.45
OCCLLTD, BE, 18-Sep-2026, 154.65, 156.50, 159.00, 150.60, 154.50, 154.09, 154.33, 17991, 27.77, 260, -, -
ODIGMA, EQ, 18-Sep-2026, 21.00, 20.95, 21.44, 20.95, 21.05, 21.00, 21.07, 20873, 4.40, 297, 20461, 98.03
ODYCORP, EQ, 18-Sep-2026, 6.86, 7.18, 7.18, 6.25, 7.13, 7.07, 6.76, 41164, 2.78, 106, 23355, 56.74
OFSS, EQ, 18-Sep-2026, 11620.00, 11648.00, 11896.00, 11515.00, 11896.00, 11896.00, 11690.51, 162844, 19037.30, 19585, 92261, 56.66
OIL, EQ, 18-Sep-2026, 477.40, 479.00, 482.80, 472.00, 475.70, 475.70, 477.75, 3703547, 17693.83, 32811, 2248480, 60.71
OILCOUNTUB, BE, 18-Sep-2026, 64.26, 65.54, 65.54, 65.54, 65.54, 65.54, 65.54, 44331, 29.05, 50, -, -
OILIETF, EQ, 18-Sep-2026, 11.02, 11.03, 11.19, 11.01, 11.14, 11.14, 11.12, 690859, 76.82, 1485, 449889, 65.12
OLAELEC, EQ, 18-Sep-2026, 36.79, 36.80, 37.00, 36.02, 36.49, 36.39, 36.33, 48738061, 17705.40, 94953, 18143613, 37.23
OLECTRA, EQ, 18-Sep-2026, 1186.20, 1183.00, 1206.40, 1183.00, 1198.60, 1198.80, 1197.66, 174712, 2092.46, 11276, 57170, 32.72
OLIL, SM, 18-Sep-2026, 432.35, 443.90, 444.50, 427.00, 444.50, 443.35, 434.94, 23600, 102.65, 24, 14000, 59.32
OMAXAUTO, EQ, 18-Sep-2026, 175.79, 175.09, 185.01, 174.04, 183.00, 182.16, 180.82, 85580, 154.75, 1770, 49258, 57.56
OMAXE, EQ, 18-Sep-2026, 120.76, 120.96, 123.00, 116.41, 117.60, 117.31, 120.05, 744348, 893.62, 8261, 236006, 31.71
OMFREIGHT, BE, 18-Sep-2026, 85.80, 86.00, 87.79, 84.00, 85.55, 85.16, 85.59, 4094, 3.50, 85, -, -
OMFURN, SM, 18-Sep-2026, 53.00, 51.05, 51.50, 51.00, 51.50, 51.50, 51.09, 8400, 4.29, 3, 7200, 85.71
OMINFRAL, EQ, 18-Sep-2026, 79.44, 80.91, 80.91, 77.90, 78.88, 78.33, 78.77, 54641, 43.04, 1336, 38248, 70.00
OMNI, EQ, 18-Sep-2026, 568.65, 569.95, 588.00, 544.80, 554.40, 556.15, 560.47, 6045799, 33884.79, 81316, 2180581, 36.07
OMPOWER, EQ, 18-Sep-2026, 166.70, 167.53, 175.40, 167.11, 172.15, 172.37, 171.12, 71555, 122.45, 1187, 41467, 57.95
ONDOOR, SM, 18-Sep-2026, 267.20, 255.50, 270.00, 255.50, 270.00, 268.70, 267.21, 10200, 27.26, 22, 6900, 67.65
ONEGLOBAL, EQ, 18-Sep-2026, 530.45, 550.45, 550.45, 525.05, 539.05, 538.75, 534.49, 3309, 17.69, 302, 2217, 67.00
ONELIFECAP, BE, 18-Sep-2026, 32.91, 32.91, 34.10, 32.91, 34.07, 34.02, 33.46, 21388, 7.16, 67, -, -
ONEPOINT, EQ, 18-Sep-2026, 59.14, 59.14, 60.20, 58.66, 59.58, 59.64, 59.64, 579627, 345.71, 2916, 326662, 56.36
ONESOURCE, EQ, 18-Sep-2026, 1580.00, 1575.00, 1634.80, 1575.00, 1592.40, 1594.90, 1602.72, 335793, 5381.83, 29590, 180620, 53.79
ONGC, EQ, 18-Sep-2026, 232.43, 232.43, 234.32, 231.75, 232.80, 232.80, 233.04, 11146237, 25974.88, 58575, 8168015, 73.28
ONIDA, EQ, 18-Sep-2026, 32.29, 32.28, 33.40, 32.23, 32.60, 32.89, 32.93, 453556, 149.36, 1764, 264109, 58.23
ONIXSOLAR, EQ, 18-Sep-2026, 376.20, 357.40, 357.40, 357.40, 357.40, 357.40, 357.40, 6099, 21.80, 80, 6099, 100.00
ONMOBILE, BE, 18-Sep-2026, 51.31, 51.31, 51.31, 48.75, 48.75, 48.81, 49.14, 98825, 48.56, 699, -, -
ONWARDTEC, EQ, 18-Sep-2026, 291.75, 289.90, 297.00, 286.05, 287.00, 287.20, 290.86, 13769, 40.05, 749, 6763, 49.12
ONYX, ST, 18-Sep-2026, 38.00, 38.00, 38.00, 37.25, 37.25, 37.25, 37.90, 26000, 9.86, 4, 26000, 100.00
OPTIEMUS, EQ, 18-Sep-2026, 610.00, 614.00, 622.70, 585.60, 589.00, 590.10, 596.75, 190406, 1136.25, 11867, 86926, 45.65
OPTIFIN, EQ, 18-Sep-2026, 15.13, 14.99, 14.99, 13.80, 14.38, 14.01, 14.11, 61040, 8.61, 255, 55043, 90.18
OPTIMYSTIX, SM, 18-Sep-2026, 139.00, 137.00, 140.10, 134.00, 140.00, 139.45, 138.09, 17600, 24.30, 20, 10400, 59.09
OPTIVALUE, ST, 18-Sep-2026, 183.95, 180.00, 193.10, 180.00, 193.10, 193.10, 191.30, 52800, 101.01, 29, 49600, 93.94
ORBTEXP, BE, 18-Sep-2026, 224.97, 224.00, 234.40, 224.00, 228.51, 229.82, 229.37, 1710, 3.92, 58, -, -
ORCHASP, EQ, 18-Sep-2026, 1.37, 1.41, 1.43, 1.37, 1.41, 1.40, 1.39, 375577, 5.24, 366, 290241, 77.28
ORCHPHARMA, EQ, 18-Sep-2026, 958.05, 958.05, 999.00, 958.05, 993.60, 989.70, 981.10, 56527, 554.59, 3312, 33963, 60.08
ORIANA, SM, 18-Sep-2026, 1348.85, 276.50, 281.90, 265.00, 272.90, 271.75, 271.51, 169875, 461.22, 351, 84750, 49.89
ORICONENT, EQ, 18-Sep-2026, 51.26, 51.06, 53.88, 51.06, 53.01, 52.75, 52.60, 17128, 9.01, 334, 9348, 54.58
ORIENTALTL, EQ, 18-Sep-2026, 4.98, 4.98, 5.03, 4.93, 4.95, 4.96, 4.96, 55364, 2.75, 323, 32187, 58.14
ORIENTBELL, EQ, 18-Sep-2026, 387.25, 394.05, 396.00, 383.00, 395.45, 393.25, 391.30, 10141, 39.68, 739, 6924, 68.28
ORIENTCEM, EQ, 18-Sep-2026, 122.09, 122.03, 126.20, 121.83, 124.15, 124.55, 124.29, 2828940, 3516.04, 15931, 1849499, 65.38
ORIENTCER, EQ, 18-Sep-2026, 46.11, 46.89, 46.90, 45.62, 46.80, 46.52, 46.35, 53405, 24.75, 811, 31904, 59.74
ORIENTELEC, EQ, 18-Sep-2026, 168.83, 170.68, 170.68, 166.25, 166.30, 167.36, 167.82, 123188, 206.73, 3243, 70881, 57.54
ORIENTHOT, EQ, 18-Sep-2026, 141.01, 142.00, 144.69, 140.15, 143.31, 143.45, 143.27, 1243314, 1781.33, 6393, 574716, 46.22
ORIENTLTD, BE, 18-Sep-2026, 82.99, 79.55, 84.99, 79.55, 81.00, 80.82, 81.23, 1086, 0.88, 18, -, -
ORIENTPPR, EQ, 18-Sep-2026, 17.25, 17.30, 17.51, 16.99, 17.10, 17.20, 17.22, 191461, 32.98, 857, 102160, 53.36
ORIENTTECH, EQ, 18-Sep-2026, 236.47, 236.47, 239.24, 235.01, 236.15, 236.35, 237.27, 156550, 371.45, 2655, 65530, 41.86
ORIRAIL, EQ, 18-Sep-2026, 117.94, 119.23, 120.41, 116.30, 117.53, 117.09, 117.64, 33351, 39.23, 988, 17157, 51.44
ORISSAMINE, EQ, 18-Sep-2026, 3896.40, 4020.00, 4051.00, 3800.10, 3824.00, 3821.20, 3881.83, 28276, 1097.63, 4922, 9623, 34.03
ORKLAINDIA, EQ, 18-Sep-2026, 578.25, 576.30, 604.25, 575.00, 602.00, 595.65, 590.44, 71578, 422.63, 3735, 42771, 59.75
ORTINGLOBE, EQ, 18-Sep-2026, 16.45, 15.70, 16.68, 15.67, 16.44, 15.83, 15.92, 8090, 1.29, 50, 5628, 69.57
OSELDEVICE, SM, 18-Sep-2026, 368.50, 369.00, 369.00, 361.55, 364.00, 363.90, 364.34, 13200, 48.09, 53, 10600, 80.30
OSIAHYPER, BE, 18-Sep-2026, 2.22, 2.24, 2.27, 2.16, 2.19, 2.24, 2.24, 225631, 5.05, 328, -, -
OSWALAGRO, EQ, 18-Sep-2026, 33.91, 35.99, 35.99, 33.22, 33.65, 33.88, 34.01, 56597, 19.25, 622, 51345, 90.72
OSWALGREEN, EQ, 18-Sep-2026, 19.04, 19.20, 19.95, 18.76, 19.37, 19.44, 19.22, 107196, 20.61, 752, 66034, 61.60
OSWALPUMPS, EQ, 18-Sep-2026, 273.30, 274.80, 280.70, 270.45, 279.10, 278.10, 274.57, 271449, 745.31, 5538, 120551, 44.41
OSWALSEEDS, EQ, 18-Sep-2026, 13.87, 14.00, 14.35, 13.55, 13.61, 13.72, 13.90, 109264, 15.19, 458, 58818, 53.83
OWAIS, ST, 18-Sep-2026, 77.95, 77.95, 79.50, 76.40, 76.40, 76.40, 77.45, 22700, 17.58, 46, 22200, 97.80
PACEDIGITK, EQ, 18-Sep-2026, 153.31, 155.26, 158.38, 154.50, 156.37, 156.17, 155.97, 521729, 813.76, 8674, 245308, 47.02
PACIFICI, EQ, 18-Sep-2026, 148.50, 147.99, 147.99, 147.99, 147.99, 147.99, 147.99, 1, 0.00, 1, 1, 100.00
PAGEIND, EQ, 18-Sep-2026, 35020.00, 34990.00, 36400.00, 34900.00, 36400.00, 36400.00, 35716.94, 32020, 11436.56, 11085, 19415, 60.63
PAISALO, EQ, 18-Sep-2026, 88.73, 91.00, 91.00, 88.75, 89.30, 89.51, 89.58, 25898908, 23200.36, 48589, 7364090, 28.43
PAKKA, EQ, 18-Sep-2026, 77.12, 75.55, 79.80, 75.55, 78.99, 78.56, 78.57, 45964, 36.11, 985, 26300, 57.22
PALASHSECU, EQ, 18-Sep-2026, 86.03, 86.11, 88.50, 86.10, 86.11, 86.11, 87.40, 305, 0.27, 20, 251, 82.30
PALREDTEC, EQ, 18-Sep-2026, 46.01, 46.01, 46.13, 46.01, 46.10, 46.10, 46.08, 161, 0.07, 6, 161, 100.00
PANACEABIO, EQ, 18-Sep-2026, 372.00, 373.00, 375.80, 359.90, 368.00, 367.90, 366.10, 119782, 438.52, 4233, 53319, 44.51
PANACHE, BE, 18-Sep-2026, 512.00, 515.00, 522.20, 515.00, 522.20, 522.20, 519.22, 3474, 18.04, 38, -, -
PANAMAPET, EQ, 18-Sep-2026, 459.75, 455.70, 472.40, 455.70, 469.00, 470.20, 466.45, 166705, 777.59, 6040, 80106, 48.05
PANCHMAHQ, EQ, 18-Sep-2026, 295.00, 295.00, 301.00, 295.00, 301.00, 296.40, 295.47, 38, 0.11, 10, 38, 100.00
PANORAMA, EQ, 18-Sep-2026, 52.63, 52.30, 54.00, 52.00, 53.50, 53.26, 52.97, 171382, 90.78, 955, 79133, 46.17
PANSARI, EQ, 18-Sep-2026, 290.00, 280.00, 285.00, 262.90, 284.00, 284.95, 282.45, 1081, 3.05, 36, 919, 85.01
PAR, BE, 18-Sep-2026, 133.54, 134.39, 139.94, 134.00, 138.00, 136.60, 137.45, 29278, 40.24, 349, -, -
PARACABLES, EQ, 18-Sep-2026, 60.70, 60.75, 62.50, 60.75, 62.25, 62.02, 61.79, 1236571, 764.11, 6813, 608819, 49.23
PARADEEP, EQ, 18-Sep-2026, 153.81, 154.00, 156.56, 153.06, 155.64, 155.62, 155.10, 2314244, 3589.38, 26625, 1001163, 43.26
PARAGMILK, EQ, 18-Sep-2026, 264.60, 265.50, 272.40, 263.50, 268.00, 268.50, 268.10, 1521408, 4078.82, 17741, 851356, 55.96
PARAGON, SM, 18-Sep-2026, 55.50, 53.10, 55.00, 53.10, 53.60, 53.65, 54.07, 6000, 3.24, 5, 3600, 60.00
PARAMATRIX, SM, 18-Sep-2026, 57.50, 57.00, 57.00, 57.00, 57.00, 57.00, 57.00, 1200, 0.68, 1, 1200, 100.00
PARAMOUNT, SM, 18-Sep-2026, 42.35, 40.25, 40.30, 40.25, 40.30, 40.30, 40.26, 7200, 2.90, 6, 6000, 83.33
PARAS, EQ, 18-Sep-2026, 1370.90, 1375.00, 1397.70, 1366.40, 1380.00, 1372.70, 1377.63, 613001, 8444.87, 30224, 138830, 22.65
PARASPETRO, EQ, 18-Sep-2026, 2.13, 2.16, 2.23, 2.13, 2.15, 2.14, 2.17, 180581, 3.92, 239, 118581, 65.67
PARIN, SM, 18-Sep-2026, 703.95, 700.00, 704.00, 690.00, 704.00, 704.00, 697.87, 3750, 26.17, 15, 3000, 80.00
PARKHOSPS, EQ, 18-Sep-2026, 277.90, 279.40, 284.30, 271.20, 282.00, 282.05, 279.97, 1071510, 2999.94, 19506, 521325, 48.65
PARKHOTELS, EQ, 18-Sep-2026, 107.20, 108.00, 109.89, 106.60, 107.60, 107.38, 107.90, 147877, 159.55, 2409, 93521, 63.24
PARNAXLAB, EQ, 18-Sep-2026, 123.79, 130.00, 130.00, 124.00, 128.95, 128.20, 128.69, 1756, 2.26, 26, 1596, 90.89
PARSVNATH, BE, 18-Sep-2026, 1.81, 1.84, 1.84, 1.84, 1.84, 1.84, 1.84, 20372, 0.37, 38, -, -
PARTH, SM, 18-Sep-2026, 491.80, 490.00, 530.00, 482.65, 516.50, 522.95, 496.84, 49200, 244.44, 67, 42000, 85.37
PARTYCRUS, SM, 18-Sep-2026, 94.50, 96.95, 98.00, 96.95, 98.00, 97.30, 97.32, 3000, 2.92, 3, 3000, 100.00
PASHUPATI, EQ, 18-Sep-2026, 81.37, 84.90, 84.90, 79.50, 80.55, 80.26, 80.68, 350867, 283.07, 4817, 138271, 39.41
PASUPTAC, EQ, 18-Sep-2026, 70.31, 70.65, 71.89, 69.20, 69.77, 69.98, 70.24, 130798, 91.87, 1092, 89085, 68.11
PATANJALI, EQ, 18-Sep-2026, 354.45, 353.05, 367.00, 353.05, 367.00, 367.00, 361.57, 1999903, 7231.13, 86273, 820211, 41.01
PATELENG, EQ, 18-Sep-2026, 25.96, 25.96, 26.29, 25.48, 25.62, 25.62, 25.78, 2871181, 740.19, 8259, 1740361, 60.61
PATELRMART, EQ, 18-Sep-2026, 202.84, 204.89, 206.90, 203.42, 206.85, 205.77, 205.34, 19068, 39.15, 836, 10613, 55.66
PATILAUTOM, SM, 18-Sep-2026, 315.55, 315.00, 328.00, 314.00, 326.95, 325.90, 322.48, 67800, 218.64, 109, 45000, 66.37
PATINTLOG, BE, 18-Sep-2026, 13.89, 14.15, 14.25, 13.71, 14.08, 14.00, 14.02, 72909, 10.22, 177, -, -
PAUSHAKLTD, EQ, 18-Sep-2026, 719.95, 719.90, 730.75, 708.00, 719.95, 716.35, 721.03, 16660, 120.12, 1552, 8764, 52.61
PAVNAIND, EQ, 18-Sep-2026, 14.95, 15.00, 15.88, 14.96, 15.50, 15.67, 15.43, 69294, 10.69, 285, 48807, 70.43
PAYTM, EQ, 18-Sep-2026, 1763.00, 1795.40, 1849.90, 1765.00, 1849.90, 1849.90, 1799.12, 4640337, 83485.15, 113705, 2072838, 44.67
PBMPOLY, EQ, 18-Sep-2026, 60.00, 67.00, 67.00, 60.08, 65.00, 65.00, 66.91, 146, 0.10, 6, 144, 98.63
PCBL, EQ, 18-Sep-2026, 329.40, 332.00, 338.00, 328.75, 337.00, 336.70, 334.00, 1255857, 4194.58, 24641, 651331, 51.86
PCCL, SM, 18-Sep-2026, 439.65, 439.00, 445.00, 437.00, 445.00, 445.00, 443.00, 5200, 23.04, 7, 5200, 100.00
PCJEWELLER, EQ, 18-Sep-2026, 12.35, 12.51, 13.04, 12.37, 12.70, 12.72, 12.68, 332313201, 42143.59, 184887, 59192291, 17.81
PDMJEPAPER, EQ, 18-Sep-2026, 102.41, 103.50, 103.94, 100.43, 101.28, 101.59, 102.21, 236098, 241.31, 3796, 92313, 39.10
PDSL, EQ, 18-Sep-2026, 345.45, 346.95, 353.30, 345.30, 353.00, 351.15, 350.41, 69980, 245.22, 3710, 36668, 52.40
PEARLPOLY, EQ, 18-Sep-2026, 16.73, 17.36, 17.36, 16.16, 17.14, 17.09, 16.78, 9783, 1.64, 60, 6087, 62.22
PELATRO, SM, 18-Sep-2026, 365.15, 370.00, 384.95, 370.00, 384.95, 384.95, 379.51, 2700, 10.25, 9, 2100, 77.78
PENIND, EQ, 18-Sep-2026, 170.44, 170.45, 172.40, 168.58, 171.91, 171.43, 170.50, 219229, 373.78, 4353, 103273, 47.11
PENINLAND, EQ, 18-Sep-2026, 15.55, 15.86, 16.00, 15.10, 15.35, 15.36, 15.40, 101308, 15.60, 566, 75222, 74.25
PENTAGON, ST, 18-Sep-2026, 87.00, 91.00, 91.35, 87.10, 91.35, 91.35, 90.64, 7000, 6.34, 6, 7000, 100.00
PERFECT, SZ, 18-Sep-2026, 1.65, 1.70, 1.70, 1.60, 1.60, 1.60, 1.66, 15000, 0.25, 5, 15000, 100.00
PERMAGN, EQ, 18-Sep-2026, 828.70, 829.00, 855.95, 820.00, 851.00, 848.15, 837.08, 6294, 52.69, 453, 4034, 64.09
PERNIASPOP, EQ, 18-Sep-2026, 554.50, 554.40, 554.40, 537.00, 547.00, 546.45, 543.51, 102495, 557.07, 4434, 38235, 37.30
PERSISTENT, EQ, 18-Sep-2026, 5473.00, 5476.00, 5500.00, 5389.00, 5416.00, 5416.00, 5417.75, 494682, 26800.65, 35687, 229917, 46.48
PETRONET, EQ, 18-Sep-2026, 283.45, 284.85, 292.60, 284.10, 292.60, 292.60, 288.85, 3218273, 9296.01, 36040, 2600880, 80.82
PFC, EQ, 18-Sep-2026, 344.95, 345.00, 347.10, 342.55, 342.55, 342.55, 345.45, 11369930, 39277.82, 55268, 9058037, 79.67
PFIZER, EQ, 18-Sep-2026, 4014.80, 4054.90, 4054.90, 3972.70, 3995.00, 4002.40, 4001.24, 42189, 1688.08, 9571, 17808, 42.21
PFOCUS, EQ, 18-Sep-2026, 334.95, 335.00, 347.25, 334.90, 344.25, 344.35, 342.10, 5344944, 18285.00, 47963, 1163499, 21.77
PFS, EQ, 18-Sep-2026, 26.34, 26.58, 26.79, 26.07, 26.12, 26.17, 26.22, 503737, 132.08, 2462, 393979, 78.21
PGEL, EQ, 18-Sep-2026, 529.35, 529.35, 541.45, 529.15, 529.15, 529.15, 534.50, 570498, 3049.29, 11710, 234236, 41.06
PGHH, EQ, 18-Sep-2026, 7613.00, 7673.50, 7680.00, 7432.00, 7450.00, 7486.00, 7559.12, 66505, 5027.19, 14520, 42369, 63.71
PGHL, EQ, 18-Sep-2026, 5434.50, 5455.00, 5529.00, 5434.00, 5520.00, 5503.50, 5481.06, 5754, 315.38, 1956, 3141, 54.59
PGIL, EQ, 18-Sep-2026, 1143.10, 1134.10, 1157.20, 1122.20, 1140.90, 1146.10, 1145.21, 101084, 1157.63, 10877, 48201, 47.68
PGINVIT, IV, 18-Sep-2026, 101.60, 101.77, 101.99, 101.24, 101.35, 101.37, 101.42, 1353682, 1372.86, 8338, 1174462, 86.76
PHANTOMFX, SM, 18-Sep-2026, 99.45, 100.00, 103.50, 94.05, 94.05, 95.50, 98.72, 18300, 18.06, 45, 9600, 52.46
PHARMABEES, EQ, 18-Sep-2026, 27.36, 27.88, 27.88, 27.36, 27.49, 27.50, 27.50, 3520516, 968.08, 7483, 2567432, 72.93
PHOENIXLTD, EQ, 18-Sep-2026, 1872.20, 1880.00, 1923.20, 1877.90, 1877.90, 1877.90, 1898.38, 421506, 8001.80, 15702, 271602, 64.44
PHOENXINTL, EQ, 18-Sep-2026, 28.77, 28.91, 29.48, 28.00, 29.00, 29.00, 28.86, 1414, 0.41, 38, 1265, 89.46
PHOGLOBAL, SM, 18-Sep-2026, 14.50, 15.25, 15.25, 14.90, 14.90, 14.90, 15.08, 4000, 0.60, 2, 4000, 100.00
PICCADIL, EQ, 18-Sep-2026, 600.55, 600.55, 606.90, 585.95, 591.00, 589.40, 593.26, 174176, 1033.32, 9053, 101049, 58.02
PIDILITIND, EQ, 18-Sep-2026, 1551.50, 1559.90, 1598.90, 1559.90, 1572.10, 1572.10, 1585.68, 1142486, 18116.19, 49363, 714295, 62.52
PIGL, EQ, 18-Sep-2026, 99.76, 99.76, 102.77, 99.11, 99.16, 99.49, 100.04, 20728, 20.74, 371, 14084, 67.95
PIIND, EQ, 18-Sep-2026, 2307.00, 2307.00, 2366.80, 2302.50, 2366.80, 2366.80, 2345.39, 558327, 13094.95, 16124, 417820, 74.83
PILANIINVS, EQ, 18-Sep-2026, 4082.20, 4086.00, 4119.90, 4050.00, 4083.70, 4067.00, 4069.23, 1314, 53.47, 414, 938, 71.39
PILITA, EQ, 18-Sep-2026, 7.75, 7.85, 7.85, 7.37, 7.50, 7.48, 7.48, 128245, 9.59, 558, 102872, 80.22
PINELABS, EQ, 18-Sep-2026, 184.48, 185.00, 198.65, 183.16, 194.15, 192.04, 190.49, 66808323, 127261.71, 214104, 31329386, 46.89
PIONEEREMB, EQ, 18-Sep-2026, 21.39, 21.50, 22.00, 20.25, 21.99, 21.95, 21.57, 13799, 2.98, 129, 11535, 83.59
PIONRINV, BE, 18-Sep-2026, 78.71, 76.11, 79.55, 76.11, 79.55, 79.55, 76.79, 430, 0.33, 7, -, -
PIRAMALFIN, EQ, 18-Sep-2026, 2253.80, 2260.00, 2324.50, 2246.80, 2319.00, 2300.20, 2284.97, 529289, 12094.11, 44731, 352711, 66.64
PITTIENG, EQ, 18-Sep-2026, 1131.10, 1144.00, 1178.80, 1138.70, 1165.00, 1146.10, 1155.57, 157561, 1820.73, 11797, 77475, 49.17
PIXTRANS, EQ, 18-Sep-2026, 1724.60, 1724.60, 1749.00, 1723.10, 1742.00, 1741.10, 1736.93, 4141, 71.93, 969, 2390, 57.72
PKTEA, BE, 18-Sep-2026, 921.25, 921.25, 966.50, 904.00, 910.00, 910.00, 928.79, 10797, 100.28, 352, -, -
PLASTIBLEN, EQ, 18-Sep-2026, 184.45, 187.50, 187.92, 185.75, 186.00, 186.63, 186.86, 5737, 10.72, 245, 4507, 78.56
PLATIND, EQ, 18-Sep-2026, 211.11, 211.13, 215.50, 210.24, 213.90, 214.05, 212.50, 53556, 113.80, 1510, 30342, 56.65
PLAZACABLE, EQ, 18-Sep-2026, 62.31, 62.20, 63.00, 61.00, 61.00, 61.06, 61.28, 75948, 46.54, 872, 47604, 62.68
PML, EQ, 18-Sep-2026, 495.05, 494.95, 498.95, 491.00, 498.75, 496.15, 492.91, 41, 0.20, 13, 41, 100.00
PNB, EQ, 18-Sep-2026, 116.47, 117.00, 117.50, 116.50, 117.27, 117.27, 117.11, 16061334, 18809.32, 42674, 10173738, 63.34
PNBGILTS, EQ, 18-Sep-2026, 78.50, 79.30, 80.00, 77.96, 79.45, 79.18, 78.89, 317177, 250.24, 2580, 189740, 59.82
PNBHOUSING, EQ, 18-Sep-2026, 1103.50, 1105.20, 1138.30, 1103.00, 1133.10, 1133.10, 1122.95, 1328599, 14919.49, 30992, 886510, 66.73
PNC, EQ, 18-Sep-2026, 16.63, 16.02, 17.89, 16.02, 16.77, 16.86, 17.17, 122675, 21.07, 615, 53697, 43.77
PNCINFRA, EQ, 18-Sep-2026, 139.55, 139.66, 141.21, 135.71, 138.25, 138.87, 138.45, 2445538, 3385.92, 27210, 1142518, 46.72
PNGJL, EQ, 18-Sep-2026, 601.15, 606.90, 610.00, 596.75, 609.30, 604.75, 604.12, 323988, 1957.29, 14336, 210194, 64.88
PNGSREVA, EQ, 18-Sep-2026, 489.40, 491.80, 507.05, 491.10, 495.00, 495.75, 495.98, 49612, 246.06, 2755, 21194, 42.72
POCL, EQ, 18-Sep-2026, 470.25, 470.00, 476.00, 461.10, 476.00, 469.95, 467.65, 298950, 1398.05, 9568, 160452, 53.67
PODDARMENT, EQ, 18-Sep-2026, 276.05, 270.60, 284.40, 270.60, 284.40, 284.15, 280.88, 1124, 3.16, 65, 719, 63.97
POEL, EQ, 18-Sep-2026, 137.82, 139.10, 142.42, 136.50, 138.00, 137.16, 139.20, 20393, 28.39, 746, 13647, 66.92
POKARNA, EQ, 18-Sep-2026, 737.50, 742.00, 760.00, 740.00, 757.00, 746.85, 748.26, 86007, 643.56, 5263, 33633, 39.10
POLICYBZR, EQ, 18-Sep-2026, 1765.00, 1770.00, 1798.00, 1743.00, 1743.00, 1743.00, 1772.36, 1368411, 24253.21, 62972, 755018, 55.17
POLYCAB, EQ, 18-Sep-2026, 8208.50, 8256.00, 8400.00, 8235.00, 8400.00, 8400.00, 8330.97, 417221, 34758.54, 36251, 253483, 60.76
POLYMED, EQ, 18-Sep-2026, 1712.70, 1705.70, 1748.00, 1704.50, 1720.10, 1726.00, 1726.09, 150328, 2594.80, 14900, 63082, 41.96
POLYPLEX, EQ, 18-Sep-2026, 1084.90, 1091.50, 1093.90, 1071.20, 1081.00, 1079.30, 1080.37, 65825, 711.15, 2841, 35403, 53.78
POLYSIL, SM, 18-Sep-2026, 69.60, 66.15, 66.15, 66.15, 66.15, 66.15, 66.15, 4500, 2.98, 8, 4500, 100.00
POLYSPIN, EQ, 18-Sep-2026, 29.38, 28.25, 29.65, 28.25, 29.60, 29.60, 28.55, 1363, 0.39, 14, 1333, 97.80
PONNIERODE, EQ, 18-Sep-2026, 353.15, 356.40, 361.25, 351.60, 354.05, 356.60, 357.14, 9320, 33.29, 751, 4480, 48.07
POONAWALLA, EQ, 18-Sep-2026, 432.80, 434.00, 492.00, 434.00, 485.00, 479.40, 468.36, 7163603, 33551.65, 142153, 2078626, 29.02
POSITRON, SM, 18-Sep-2026, 185.60, 182.10, 195.80, 182.10, 195.80, 192.55, 189.60, 9900, 18.77, 31, 7800, 78.79
POWERGRID, EQ, 18-Sep-2026, 263.75, 264.60, 270.30, 263.40, 270.30, 270.30, 266.80, 17896733, 47748.38, 83513, 12946336, 72.34
POWERICA, EQ, 18-Sep-2026, 556.70, 558.80, 581.00, 558.80, 575.20, 576.30, 574.58, 141360, 812.22, 5098, 83507, 59.07
POWERINDIA, EQ, 18-Sep-2026, 31230.00, 31490.00, 32700.00, 31450.00, 32700.00, 32700.00, 32080.47, 125521, 40267.72, 30037, 62490, 49.78
POWERMECH, EQ, 18-Sep-2026, 2339.00, 2345.20, 2392.00, 2336.60, 2374.20, 2371.40, 2369.30, 37848, 896.73, 6093, 16264, 42.97
PPAP, BE, 18-Sep-2026, 235.85, 235.00, 244.95, 233.00, 240.20, 240.60, 240.94, 7134, 17.19, 123, -, -
PPL, BE, 18-Sep-2026, 271.95, 271.95, 278.00, 268.00, 268.00, 268.60, 271.46, 9993, 27.13, 179, -, -
PPLPHARMA, EQ, 18-Sep-2026, 204.71, 204.45, 210.10, 204.45, 209.00, 208.16, 208.05, 2926602, 6088.77, 34004, 1497493, 51.17
PPSL, SM, 18-Sep-2026, 2.90, 2.95, 3.00, 2.95, 3.00, 3.00, 2.97, 45000, 1.34, 10, 45000, 100.00
PRABHA, EQ, 18-Sep-2026, 220.77, 220.10, 236.88, 220.10, 233.00, 233.01, 231.35, 262939, 608.31, 5351, 91379, 34.75
PRADPME, BE, 18-Sep-2026, 451.00, 450.00, 464.50, 447.75, 462.90, 453.50, 456.69, 3004, 13.72, 37, -, -
PRAENG, EQ, 18-Sep-2026, 22.27, 22.94, 22.94, 22.26, 22.75, 22.69, 22.77, 11386, 2.59, 142, 9423, 82.76
PRAJIND, EQ, 18-Sep-2026, 317.10, 317.10, 320.00, 314.15, 315.15, 316.05, 316.15, 412461, 1303.99, 9863, 213047, 51.65
PRAKASH, EQ, 18-Sep-2026, 116.98, 117.60, 119.49, 116.93, 118.00, 118.51, 118.12, 371984, 439.40, 3897, 200816, 53.99
PRAKASHSTL, EQ, 18-Sep-2026, 3.77, 3.78, 3.84, 3.50, 3.66, 3.65, 3.70, 85881, 3.18, 323, 72199, 84.07
PRAMARA, SM, 18-Sep-2026, 84.50, 85.35, 86.70, 83.50, 84.30, 84.30, 84.83, 29500, 25.02, 38, 22500, 76.27
PRAMODINI, SM, 18-Sep-2026, 115.60, 116.80, 120.00, 116.45, 118.30, 118.20, 118.38, 177600, 210.24, 78, 142800, 80.41
PRANAV, EQ, 18-Sep-2026, 111.16, 110.51, 111.59, 106.08, 107.41, 107.55, 108.32, 5313844, 5756.14, 39659, 1204653, 22.67
PRASOLCHEM, EQ, 18-Sep-2026, 678.80, 679.00, 734.90, 675.30, 702.00, 703.40, 710.16, 1150866, 8173.00, 53347, 530339, 46.08
PRATHAM, SM, 18-Sep-2026, 122.00, 120.00, 121.75, 120.00, 121.50, 121.50, 121.57, 5600, 6.81, 7, 5600, 100.00
PRAVEG, EQ, 18-Sep-2026, 252.05, 250.90, 253.35, 246.00, 246.75, 247.45, 248.75, 37176, 92.47, 1312, 23643, 63.60
PRAXIS, EQ, 18-Sep-2026, 4.11, 4.25, 4.29, 3.91, 4.07, 4.09, 4.10, 101700, 4.17, 290, 76283, 75.01
PRECAM, EQ, 18-Sep-2026, 113.34, 113.83, 117.60, 113.44, 116.20, 116.41, 115.24, 69491, 80.08, 2049, 29872, 42.99
PRECISION, ST, 18-Sep-2026, 6.25, 6.30, 6.30, 6.10, 6.10, 6.10, 6.20, 4000, 0.25, 2, 4000, 100.00
PRECOT, EQ, 18-Sep-2026, 655.15, 654.90, 693.80, 654.55, 661.50, 659.65, 661.69, 1317, 8.71, 97, 1001, 76.01
PRECWIRE, EQ, 18-Sep-2026, 449.25, 450.00, 488.90, 448.55, 481.00, 478.40, 478.35, 1840592, 8804.55, 67629, 347789, 18.90
PREMCO, EQ, 18-Sep-2026, 398.85, 397.90, 404.00, 396.25, 400.00, 400.10, 401.48, 209, 0.84, 50, 197, 94.26
PREMEXPLN, EQ, 18-Sep-2026, 668.15, 668.40, 670.90, 668.10, 668.20, 668.25, 668.83, 60147, 402.28, 1424, 45445, 75.56
PREMIER, BE, 18-Sep-2026, 2.66, 2.68, 2.78, 2.56, 2.78, 2.78, 2.62, 24991, 0.66, 33, -, -
PREMIERENE, EQ, 18-Sep-2026, 880.00, 880.00, 905.80, 878.30, 902.00, 902.00, 895.17, 3106714, 27810.46, 54929, 2045868, 65.85
PREMIERPOL, EQ, 18-Sep-2026, 82.33, 82.55, 84.90, 80.05, 80.66, 81.43, 81.77, 131946, 107.89, 2311, 57209, 43.36
PREMIUM, SM, 18-Sep-2026, 39.95, 38.60, 38.60, 38.60, 38.60, 38.60, 38.60, 3000, 1.16, 1, 3000, 100.00
PRESSTONIC, SM, 18-Sep-2026, 29.70, 29.95, 30.55, 29.70, 30.00, 29.95, 29.97, 12800, 3.84, 13, 7200, 56.25
PRESTIGE, EQ, 18-Sep-2026, 1440.10, 1447.00, 1471.60, 1435.10, 1435.10, 1435.10, 1454.05, 562624, 8180.85, 22307, 306900, 54.55
PRICOLLTD, EQ, 18-Sep-2026, 752.50, 752.50, 778.00, 752.05, 769.80, 767.50, 769.36, 280279, 2156.36, 15642, 146315, 52.20
PRIMECAB, ST, 18-Sep-2026, 164.85, 166.00, 170.95, 163.00, 163.00, 163.90, 166.57, 32000, 53.30, 19, 28800, 90.00
PRIMESECU, EQ, 18-Sep-2026, 294.05, 296.50, 301.00, 289.00, 298.90, 296.85, 296.10, 24904, 73.74, 641, 14177, 56.93
PRIMO, EQ, 18-Sep-2026, 21.28, 21.46, 21.95, 21.25, 21.25, 21.35, 21.43, 58854, 12.61, 373, 44559, 75.71
PRINCEPIPE, EQ, 18-Sep-2026, 258.70, 259.70, 274.90, 257.55, 270.40, 269.80, 267.43, 268881, 719.06, 7278, 128684, 47.86
PRIORITY, BE, 18-Sep-2026, 221.17, 219.89, 232.22, 217.10, 232.22, 232.06, 228.78, 229769, 525.67, 1694, -, -
PRISMX, EQ, 18-Sep-2026, 0.54, 0.55, 0.56, 0.53, 0.56, 0.55, 0.55, 63127, 0.35, 103, 47313, 74.95
PRITI, EQ, 18-Sep-2026, 32.97, 34.49, 34.49, 33.00, 33.00, 33.43, 33.22, 3423, 1.14, 140, 2745, 80.19
PRITIKA, SM, 18-Sep-2026, 64.50, 71.20, 71.80, 64.00, 65.00, 65.00, 69.34, 50000, 34.67, 12, 28000, 56.00
PRITIKAUTO, BE, 18-Sep-2026, 14.63, 14.45, 14.99, 14.45, 14.85, 14.82, 14.84, 71658, 10.63, 254, -, -
PRIVISCL, EQ, 18-Sep-2026, 3490.80, 3474.00, 3503.90, 3435.40, 3445.00, 3444.90, 3468.92, 27058, 938.62, 7510, 14038, 51.88
PRIZOR, ST, 18-Sep-2026, 1129.45, 1106.90, 1106.90, 1106.90, 1106.90, 1106.90, 1106.90, 6800, 75.27, 17, 6800, 100.00
PRLIND, SM, 18-Sep-2026, 41.70, 41.25, 42.20, 41.25, 41.50, 41.50, 41.82, 18000, 7.53, 14, 14000, 77.78
PROFX, SM, 18-Sep-2026, 71.10, 71.10, 71.10, 71.10, 71.10, 71.10, 71.10, 1600, 1.14, 1, 1600, 100.00
PROPEQUITY, SM, 18-Sep-2026, 196.10, 195.00, 195.00, 191.10, 192.00, 192.00, 193.28, 2400, 4.64, 3, 2400, 100.00
PROPSHOP, SM, 18-Sep-2026, 71.70, 73.00, 75.00, 71.85, 75.00, 74.50, 74.02, 128000, 94.74, 57, 42000, 32.81
PROSTARM, EQ, 18-Sep-2026, 131.01, 130.50, 132.33, 128.50, 128.50, 129.53, 129.94, 162723, 211.44, 2661, 88542, 54.41
PROTEAN, EQ, 18-Sep-2026, 488.95, 492.00, 495.00, 487.30, 489.50, 490.30, 490.50, 138117, 677.47, 4805, 79447, 57.52
PROV, SM, 18-Sep-2026, 1849.00, 1875.00, 1954.00, 1875.00, 1954.00, 1951.35, 1927.40, 2560, 49.34, 31, 1760, 68.75
PROZONER, EQ, 18-Sep-2026, 53.60, 53.59, 53.98, 52.10, 53.50, 53.17, 52.90, 159033, 84.12, 1229, 120058, 75.49
PRSMJOHNSN, EQ, 18-Sep-2026, 113.44, 113.44, 118.48, 113.18, 116.75, 117.05, 116.74, 685410, 800.12, 11077, 291237, 42.49
PRUDENT, EQ, 18-Sep-2026, 3320.20, 3309.70, 3544.10, 3309.70, 3486.20, 3501.60, 3486.45, 57792, 2014.89, 10722, 31472, 54.46
PRUDMOULI, BE, 18-Sep-2026, 14.67, 14.68, 14.75, 14.10, 14.47, 14.27, 14.26, 1006, 0.14, 19, -, -
PSB, EQ, 18-Sep-2026, 21.86, 21.90, 22.24, 21.65, 22.20, 22.10, 21.95, 1335054, 292.98, 5256, 692693, 51.89
PSPPROJECT, EQ, 18-Sep-2026, 812.20, 819.20, 820.00, 799.00, 809.95, 810.10, 808.52, 59163, 478.35, 3008, 28700, 48.51
PSRAJ, SM, 18-Sep-2026, 96.00, 99.95, 104.00, 96.90, 99.35, 100.45, 100.94, 70000, 70.66, 18, 60000, 85.71
PSUBANK, EQ, 18-Sep-2026, 82.63, 82.90, 83.49, 82.61, 83.46, 83.00, 82.88, 73566, 60.97, 467, 31801, 43.23
PSUBANKADD, EQ, 18-Sep-2026, 83.39, 83.39, 84.44, 83.39, 84.44, 84.28, 84.09, 13145, 11.05, 174, 8925, 67.90
PSUBNKBEES, EQ, 18-Sep-2026, 92.38, 93.30, 93.30, 92.25, 92.80, 92.65, 92.49, 675075, 624.39, 4325, 398740, 59.07
PSUBNKIETF, EQ, 18-Sep-2026, 83.83, 84.00, 84.69, 83.75, 84.69, 84.34, 84.23, 111967, 94.31, 674, 66919, 59.77
PTC, EQ, 18-Sep-2026, 155.93, 156.45, 157.00, 153.80, 155.94, 156.23, 155.21, 1628957, 2528.37, 22155, 847260, 52.01
PTCIL, EQ, 18-Sep-2026, 22670.00, 22835.00, 23395.00, 22700.00, 22750.00, 22805.00, 23047.93, 28545, 6579.03, 12588, 10036, 35.16
PTL, EQ, 18-Sep-2026, 38.09, 38.49, 38.75, 38.10, 38.30, 38.33, 38.30, 49373, 18.91, 940, 33665, 68.19
PUNJABCHEM, EQ, 18-Sep-2026, 1062.70, 1063.40, 1090.90, 1058.00, 1073.00, 1075.70, 1073.79, 8955, 96.16, 668, 6299, 70.34
PURPLEUTED, ST, 18-Sep-2026, 441.95, 457.00, 459.50, 430.05, 450.00, 450.00, 450.74, 22500, 101.42, 70, 22250, 98.89
PURVA, EQ, 18-Sep-2026, 218.23, 218.85, 219.32, 211.21, 211.70, 213.43, 214.90, 298969, 642.48, 6326, 111835, 37.41
PURVFLEXI, SM, 18-Sep-2026, 43.90, 43.90, 44.40, 43.90, 44.40, 44.40, 44.07, 4800, 2.12, 5, 4800, 100.00
PUSHPA, SM, 18-Sep-2026, 104.00, 104.00, 108.00, 104.00, 108.00, 108.00, 105.19, 61000, 64.17, 61, 8000, 13.11
PVP, EQ, 18-Sep-2026, 57.05, 58.20, 59.80, 57.70, 59.18, 59.28, 58.86, 618141, 363.82, 3753, 290543, 47.00
PVRINOX, EQ, 18-Sep-2026, 1272.70, 1277.50, 1339.80, 1270.00, 1328.80, 1324.70, 1311.64, 1050636, 13780.60, 42876, 474326, 45.15
PVSL, EQ, 18-Sep-2026, 98.73, 99.50, 105.79, 98.00, 98.55, 98.77, 99.45, 24445, 24.31, 754, 17178, 70.27
PVTBANIETF, EQ, 18-Sep-2026, 27.58, 27.58, 27.83, 27.55, 27.83, 27.70, 27.62, 2501679, 690.91, 1224, 1248117, 49.89
PVTBANK, EQ, 18-Sep-2026, 27.23, 27.30, 27.43, 27.30, 27.32, 27.32, 27.33, 2060, 0.56, 15, 2004, 97.28
PVTBANKADD, EQ, 18-Sep-2026, 27.72, 27.73, 27.99, 27.68, 27.74, 27.86, 27.77, 106460, 29.57, 127, 74382, 69.87
PVTBKGROWW, EQ, 18-Sep-2026, 27.33, 27.11, 27.70, 27.11, 27.70, 27.70, 27.37, 4283, 1.17, 55, 2618, 61.13
PWL, EQ, 18-Sep-2026, 127.80, 128.00, 137.50, 128.00, 136.00, 136.60, 134.78, 20005965, 26963.53, 112263, 5027813, 25.13
PYRAMID, EQ, 18-Sep-2026, 154.56, 155.69, 157.00, 153.64, 153.64, 154.49, 155.21, 17225, 26.73, 394, 10179, 59.09
QGOLDHALF, EQ, 18-Sep-2026, 124.65, 125.99, 127.18, 125.75, 126.64, 126.67, 126.40, 110831, 140.09, 773, 72333, 65.26
QLINE, SM, 18-Sep-2026, 722.10, 727.00, 729.95, 695.00, 700.00, 696.95, 708.27, 37200, 263.48, 86, 24400, 65.59
QMSMEDI, BE, 18-Sep-2026, 168.92, 171.99, 177.36, 168.92, 177.36, 177.36, 175.98, 86775, 152.70, 276, -, -
QNIFTY, EQ, 18-Sep-2026, 257.24, 259.90, 259.90, 255.00, 257.60, 257.62, 257.22, 1691, 4.35, 131, 676, 39.98
QPOWER, EQ, 18-Sep-2026, 1489.80, 1498.00, 1544.00, 1489.90, 1535.00, 1536.10, 1520.77, 298373, 4537.56, 19548, 165611, 55.50
QUADFUTURE, EQ, 18-Sep-2026, 521.50, 519.70, 554.40, 516.20, 525.50, 528.20, 537.83, 1647848, 8862.66, 45515, 349208, 21.19
QUADPRO, ST, 18-Sep-2026, 3.10, 3.25, 3.25, 3.25, 3.25, 3.25, 3.25, 12000, 0.39, 1, 12000, 100.00
QUAL30IETF, EQ, 18-Sep-2026, 20.38, 20.33, 20.79, 20.30, 20.48, 20.35, 20.33, 136727, 27.80, 208, 113275, 82.85
QUALIANCE, ST, 18-Sep-2026, 202.45, 192.35, 192.35, 192.35, 192.35, 192.35, 192.35, 17000, 32.70, 15, 17000, 100.00
QUALITY30, EQ, 18-Sep-2026, 19.96, 20.01, 20.04, 19.91, 19.92, 19.92, 20.00, 11801, 2.36, 58, 7375, 62.49
QUESS, EQ, 18-Sep-2026, 353.00, 355.00, 355.10, 345.10, 353.20, 351.65, 350.73, 799867, 2805.34, 23556, 317787, 39.73
QUESTLAB, SM, 18-Sep-2026, 77.30, 75.30, 77.90, 74.05, 74.50, 74.25, 75.27, 25200, 18.97, 20, 19200, 76.19
QUICKHEAL, EQ, 18-Sep-2026, 152.37, 153.98, 158.89, 151.20, 152.64, 152.46, 154.52, 136800, 211.38, 3048, 66631, 48.71
QUICKTOUCH, SM, 18-Sep-2026, 16.20, 17.00, 17.00, 17.00, 17.00, 17.00, 17.00, 1500, 0.26, 3, 1500, 100.00
QUINT, EQ, 18-Sep-2026, 63.66, 67.52, 70.02, 58.56, 70.02, 70.02, 68.98, 668824, 461.36, 3241, 344058, 51.44
RACE, EQ, 18-Sep-2026, 96.77, 96.92, 97.42, 96.66, 96.67, 96.80, 97.04, 11689, 11.34, 69, 5794, 49.57
RACLGEAR, EQ, 18-Sep-2026, 1829.00, 1844.00, 1844.00, 1750.00, 1763.00, 1760.90, 1788.42, 49043, 877.10, 6644, 19694, 40.16
RADAAN, EQ, 18-Sep-2026, 2.80, 2.90, 2.90, 2.75, 2.80, 2.80, 2.80, 12431, 0.35, 43, 8181, 65.81
RADHIKAJWE, BE, 18-Sep-2026, 68.12, 68.75, 71.52, 66.00, 71.52, 71.24, 68.81, 703327, 483.98, 3981, -, -
RADIANTCMS, EQ, 18-Sep-2026, 36.26, 36.00, 36.69, 35.26, 35.42, 35.42, 35.83, 252590, 90.50, 2181, 150691, 59.66
RADICO, EQ, 18-Sep-2026, 4380.00, 4381.00, 4535.40, 4381.00, 4535.40, 4535.40, 4489.73, 371544, 16681.31, 24186, 293872, 79.09
RADIOCITY, EQ, 18-Sep-2026, 6.05, 6.20, 6.20, 6.00, 6.06, 6.01, 6.02, 16349, 0.98, 91, 13057, 79.86
RADIOWALLA, ST, 18-Sep-2026, 25.20, 25.20, 26.45, 25.20, 26.45, 26.45, 25.83, 3200, 0.83, 2, 1600, 50.00
RAILTEL, EQ, 18-Sep-2026, 259.25, 260.50, 266.90, 258.30, 266.00, 265.00, 263.02, 631938, 1662.12, 14849, 191061, 30.23
RAIN, EQ, 18-Sep-2026, 203.02, 203.00, 209.00, 202.41, 206.70, 206.92, 207.01, 2370944, 4907.99, 18207, 1054305, 44.47
RAINBOW, EQ, 18-Sep-2026, 1473.40, 1473.40, 1494.90, 1447.40, 1454.60, 1454.70, 1465.27, 99805, 1462.41, 14928, 53038, 53.14
RAJESHEXPO, BZ, 18-Sep-2026, 73.43, 73.50, 76.99, 69.76, 69.76, 70.83, 71.23, 1392319, 991.73, 10033, -, -
RAJINDLTD, SM, 18-Sep-2026, 60.35, 62.60, 62.60, 61.05, 61.50, 61.50, 61.75, 18000, 11.11, 12, 12000, 66.67
RAJMET, EQ, 18-Sep-2026, 3.12, 3.15, 3.16, 3.09, 3.12, 3.15, 3.13, 227668, 7.13, 595, 159879, 70.22
RAJOOENG, BE, 18-Sep-2026, 53.30, 53.98, 54.18, 51.30, 53.10, 52.99, 52.80, 145991, 77.09, 565, -, -
RAJPALAYAM, EQ, 18-Sep-2026, 771.25, 787.70, 798.85, 765.20, 792.00, 790.65, 788.43, 350, 2.76, 40, 328, 93.71
RAJPUTANA, SM, 18-Sep-2026, 200.00, 197.00, 203.00, 195.25, 198.00, 199.35, 198.34, 7000, 13.88, 14, 5000, 71.43
RAJRATAN, EQ, 18-Sep-2026, 438.10, 440.30, 461.25, 440.30, 457.55, 452.60, 453.83, 152140, 690.45, 8905, 82005, 53.90
RAJRILTD, BE, 18-Sep-2026, 21.07, 21.00, 21.46, 20.71, 21.19, 20.82, 20.90, 5414, 1.13, 63, -, -
RAJSREESUG, EQ, 18-Sep-2026, 31.99, 31.99, 32.24, 31.40, 32.00, 31.87, 31.70, 21536, 6.83, 309, 10670, 49.54
RAJTV, EQ, 18-Sep-2026, 8.56, 8.73, 8.78, 8.40, 8.60, 8.60, 8.70, 26834, 2.34, 132, 23678, 88.24
RALLIS, EQ, 18-Sep-2026, 204.14, 204.00, 204.74, 202.00, 204.00, 203.80, 203.34, 510589, 1038.25, 14743, 300642, 58.88
RAMANEWS, EQ, 18-Sep-2026, 30.94, 30.40, 31.90, 30.40, 31.45, 31.33, 31.08, 27396, 8.52, 416, 15620, 57.02
RAMAPHO, EQ, 18-Sep-2026, 116.90, 116.70, 121.88, 116.70, 121.00, 120.87, 120.41, 11362, 13.68, 371, 7773, 68.41
RAMASTEEL, BE, 18-Sep-2026, 4.11, 4.19, 4.31, 4.04, 4.28, 4.28, 4.24, 4510946, 191.21, 4221, -, -
RAMBHAJO, EQ, 18-Sep-2026, 266.17, 272.18, 292.78, 265.01, 290.50, 290.85, 284.54, 1439325, 4095.50, 12589, 736215, 51.15
RAMCOCEM, EQ, 18-Sep-2026, 858.95, 857.50, 881.95, 857.50, 868.00, 869.75, 871.79, 212951, 1856.48, 15167, 122331, 57.45
RAMCOIND, EQ, 18-Sep-2026, 320.90, 320.90, 334.80, 316.00, 333.25, 332.10, 325.60, 174010, 566.57, 3823, 82462, 47.39
RAMCOSYS, EQ, 18-Sep-2026, 564.85, 563.00, 570.00, 557.00, 567.00, 567.25, 564.53, 51781, 292.32, 2403, 31257, 60.36
RAMKY, EQ, 18-Sep-2026, 320.70, 319.40, 324.80, 317.00, 318.00, 319.35, 320.18, 46321, 148.31, 1135, 30247, 65.30
RAMRAT, EQ, 18-Sep-2026, 557.60, 561.00, 564.80, 552.65, 552.85, 554.75, 557.46, 145032, 808.50, 9123, 62413, 43.03
RANASUG, EQ, 18-Sep-2026, 14.70, 14.61, 14.74, 14.26, 14.36, 14.43, 14.48, 403187, 58.36, 1455, 129595, 32.14
RANEHOLDIN, EQ, 18-Sep-2026, 1626.30, 1618.90, 1620.00, 1530.90, 1598.80, 1598.40, 1582.13, 45929, 726.65, 3726, 25100, 54.65
RAPIDFLEET, SM, 18-Sep-2026, 212.15, 215.50, 215.65, 208.60, 208.60, 209.25, 213.05, 12000, 25.57, 17, 4800, 40.00
RAPPID, SM, 18-Sep-2026, 368.50, 368.50, 374.00, 329.00, 372.00, 365.90, 354.99, 22800, 80.94, 35, 15600, 68.42
RATEGAIN, EQ, 18-Sep-2026, 865.45, 865.80, 873.85, 850.10, 852.00, 858.40, 859.09, 539083, 4631.22, 23894, 279751, 51.89
RATNAMANI, EQ, 18-Sep-2026, 2702.60, 2702.60, 2897.40, 2701.60, 2864.90, 2859.10, 2814.46, 64084, 1803.62, 10210, 33076, 51.61
RATNAVEER, EQ, 18-Sep-2026, 303.85, 305.75, 331.95, 297.80, 300.50, 299.25, 311.06, 9860141, 30670.80, 92768, 1776960, 18.02
RAYMOND, EQ, 18-Sep-2026, 978.20, 982.00, 1008.65, 970.00, 973.45, 978.00, 990.28, 2069600, 20494.81, 68707, 292057, 14.11
RAYMONDLSL, EQ, 18-Sep-2026, 657.25, 659.90, 665.95, 645.05, 648.00, 648.35, 653.77, 123035, 804.36, 6238, 65506, 53.24
RAYMONDREL, EQ, 18-Sep-2026, 584.55, 587.00, 602.35, 584.80, 588.00, 588.30, 593.56, 381357, 2263.58, 11882, 161404, 42.32
RBA, EQ, 18-Sep-2026, 96.12, 96.29, 96.49, 94.00, 95.00, 95.12, 95.07, 9653090, 9177.26, 33786, 5799849, 60.08
RBLBANK, EQ, 18-Sep-2026, 404.15, 406.15, 415.90, 405.00, 415.90, 415.90, 410.59, 3792806, 15572.96, 60924, 2690157, 70.93
RBMINFRA, SM, 18-Sep-2026, 284.65, 289.20, 292.00, 274.00, 276.00, 275.45, 278.93, 19400, 54.11, 89, 15600, 80.41
RBS, SM, 18-Sep-2026, 83.50, 84.50, 84.50, 83.00, 83.00, 83.00, 83.50, 2400, 2.00, 3, 1600, 66.67
RBZJEWEL, BE, 18-Sep-2026, 169.40, 169.99, 175.00, 164.00, 174.00, 173.00, 170.54, 55458, 94.58, 691, -, -
RCDL, SM, 18-Sep-2026, 14.10, 13.75, 13.75, 13.40, 13.45, 13.45, 13.50, 33000, 4.46, 11, 24000, 72.73
RCDL-RE, ST, 18-Sep-2026, 2.45, 2.20, 2.75, 2.20, 2.65, 2.45, 2.42, 966000, 23.33, 70, 957000, 99.07
RCF, EQ, 18-Sep-2026, 109.84, 109.90, 110.28, 107.60, 109.15, 109.08, 108.56, 961339, 1043.60, 9521, 370638, 38.55
RCOM, BE, 18-Sep-2026, 0.96, 0.92, 0.93, 0.92, 0.92, 0.92, 0.92, 2091623, 19.24, 1758, -, -
READYMIX, SM, 18-Sep-2026, 70.00, 70.00, 70.00, 70.00, 70.00, 70.00, 70.00, 1000, 0.70, 1, 1000, 100.00
RECLTD, EQ, 18-Sep-2026, 310.50, 311.00, 313.40, 309.05, 312.00, 312.00, 311.64, 4686436, 14604.89, 32055, 2897944, 61.84
REDINGTON, EQ, 18-Sep-2026, 400.10, 405.00, 413.20, 396.25, 399.60, 399.85, 402.82, 10809796, 43543.92, 105223, 3985200, 36.87
REDTAPE, EQ, 18-Sep-2026, 118.65, 118.65, 119.49, 115.91, 117.90, 117.35, 117.23, 428381, 502.17, 7533, 163037, 38.06
REFEX, EQ, 18-Sep-2026, 271.75, 270.00, 277.60, 269.95, 272.00, 271.85, 273.17, 220185, 601.49, 4626, 102804, 46.69
REFRACTORY, SM, 18-Sep-2026, 30.20, 31.70, 31.70, 31.00, 31.65, 31.65, 31.67, 66000, 20.90, 39, 55000, 83.33
REGAAL, EQ, 18-Sep-2026, 80.08, 79.90, 86.16, 79.89, 83.40, 84.03, 81.88, 391644, 320.66, 2348, 161316, 41.19
REGENCERAM, EQ, 18-Sep-2026, 35.13, 34.70, 34.70, 32.00, 33.99, 32.55, 33.34, 3522, 1.17, 93, 2851, 80.95
RELAXO, EQ, 18-Sep-2026, 313.70, 314.25, 315.00, 289.25, 293.95, 291.25, 293.89, 2052973, 6033.40, 53333, 935799, 45.58
RELCHEMQ, EQ, 18-Sep-2026, 119.21, 120.00, 123.80, 116.00, 118.00, 119.70, 118.89, 4528, 5.38, 189, 2512, 55.48
RELIABLE, EQ, 18-Sep-2026, 136.41, 137.44, 142.00, 135.61, 141.95, 140.20, 138.36, 7570, 10.47, 277, 6402, 84.57
RELIANCE, EQ, 18-Sep-2026, 1243.90, 1245.00, 1247.30, 1226.40, 1226.40, 1226.40, 1234.75, 15122715, 186728.32, 162092, 11645440, 77.01
RELIGARE, EQ, 18-Sep-2026, 249.89, 250.70, 255.00, 247.91, 252.95, 253.02, 252.14, 365894, 922.57, 6606, 207073, 56.59
RELINFRA, BE, 18-Sep-2026, 51.01, 51.01, 51.50, 49.99, 49.99, 49.99, 50.12, 505392, 253.29, 1529, -, -
RELTD, EQ, 18-Sep-2026, 146.16, 148.00, 148.92, 144.91, 146.00, 147.59, 147.10, 88630, 130.37, 1466, 63092, 71.19
REMSONSIND, EQ, 18-Sep-2026, 95.06, 95.06, 103.00, 94.81, 98.15, 98.66, 99.42, 290021, 288.35, 4135, 119405, 41.17
REMUS, SM, 18-Sep-2026, 972.10, 998.00, 1007.00, 977.00, 981.00, 979.05, 992.12, 8500, 84.33, 71, 5700, 67.06
RENTOMOJO, EQ, 18-Sep-2026, 534.25, 570.00, 581.95, 492.10, 512.15, 512.75, 532.75, 35242382, 187754.12, 534821, 6022021, 17.09
RENUKA, EQ, 18-Sep-2026, 22.81, 22.85, 23.32, 22.35, 22.99, 23.06, 22.72, 10903563, 2476.84, 16606, 3228647, 29.61
REPCOHOME, EQ, 18-Sep-2026, 346.30, 348.90, 356.90, 345.10, 354.00, 354.50, 351.84, 65528, 230.55, 1852, 43302, 66.08
REPL, BE, 18-Sep-2026, 57.47, 60.33, 60.33, 57.00, 58.00, 58.12, 58.81, 3161, 1.86, 36, -, -
REPRO, EQ, 18-Sep-2026, 296.95, 297.05, 307.50, 296.00, 307.00, 305.25, 300.10, 5649, 16.95, 263, 3439, 60.88
RESPONIND, EQ, 18-Sep-2026, 163.40, 159.08, 160.93, 157.00, 159.70, 159.18, 159.44, 195728, 312.08, 3502, 54624, 27.91
RETAIL, EQ, 18-Sep-2026, 16.83, 16.66, 18.38, 16.66, 17.70, 17.69, 17.58, 18976, 3.34, 186, 12559, 66.18
RFBL, ST, 18-Sep-2026, 80.35, 76.35, 84.30, 76.35, 84.30, 84.30, 80.58, 15000, 12.09, 4, 12000, 80.00
RGL, EQ, 18-Sep-2026, 156.49, 155.70, 158.60, 152.30, 154.80, 153.40, 154.90, 352268, 545.65, 4881, 137542, 39.04
RHETAN, EQ, 18-Sep-2026, 20.59, 19.57, 19.57, 19.57, 19.57, 19.57, 19.57, 614120, 120.18, 1367, 614120, 100.00
RHFL, BZ, 18-Sep-2026, 1.75, 1.74, 1.78, 1.70, 1.75, 1.74, 1.72, 846709, 14.57, 848, -, -
RHIM, EQ, 18-Sep-2026, 365.95, 365.95, 371.50, 365.00, 371.00, 368.70, 368.47, 154535, 569.41, 6659, 82376, 53.31
RHL, EQ, 18-Sep-2026, 173.74, 178.50, 182.75, 169.02, 180.00, 179.55, 178.42, 8021, 14.31, 158, 6413, 79.95
RICOAUTO, EQ, 18-Sep-2026, 128.04, 128.04, 131.19, 127.02, 130.45, 130.58, 129.84, 724126, 940.22, 7769, 246266, 34.01
RIIL, EQ, 18-Sep-2026, 700.25, 703.00, 709.00, 700.05, 701.00, 703.15, 703.54, 22641, 159.29, 1382, 7878, 34.80
RIIT, IV, 18-Sep-2026, 119.98, 119.99, 120.25, 119.00, 120.00, 119.99, 119.98, 291718, 350.01, 1862, 286938, 98.36
RILINFRA, SM, 18-Sep-2026, 32.75, 32.95, 33.50, 32.40, 32.40, 32.45, 32.91, 7300, 2.40, 44, 3100, 42.47
RIR, EQ, 18-Sep-2026, 197.63, 203.00, 213.94, 196.20, 197.50, 198.93, 206.03, 14823429, 30540.93, 135548, 1299543, 8.77
RISHABH, EQ, 18-Sep-2026, 778.35, 778.35, 783.80, 759.55, 763.95, 764.70, 771.87, 72318, 558.20, 3795, 42584, 58.88
RITCO, EQ, 18-Sep-2026, 299.30, 300.00, 300.00, 289.65, 289.65, 291.45, 292.36, 43385, 126.84, 1311, 23508, 54.18
RITES, EQ, 18-Sep-2026, 207.93, 205.50, 211.20, 204.30, 206.98, 207.23, 206.74, 523244, 1081.75, 13921, 182568, 34.89
RKDL, EQ, 18-Sep-2026, 18.30, 18.21, 18.70, 18.21, 18.45, 18.49, 18.55, 14459, 2.68, 76, 9724, 67.25
RKEC, EQ, 18-Sep-2026, 18.49, 18.53, 18.99, 18.03, 18.27, 18.13, 18.37, 36623, 6.73, 250, 29028, 79.26
RKFORGE, EQ, 18-Sep-2026, 705.45, 709.00, 728.00, 705.45, 724.75, 724.10, 722.23, 469398, 3390.15, 16474, 299423, 63.79
RKSWAMY, EQ, 18-Sep-2026, 88.06, 90.25, 90.69, 88.21, 88.63, 89.40, 89.40, 15782, 14.11, 543, 7612, 48.23
RMC, EQ, 18-Sep-2026, 229.16, 232.29, 234.21, 223.21, 227.06, 228.18, 228.30, 36568, 83.49, 1278, 18452, 50.46
RMDRIP, BE, 18-Sep-2026, 23.01, 23.00, 23.44, 21.99, 22.50, 22.19, 22.65, 508940, 115.30, 656, -, -
RML, EQ, 18-Sep-2026, 1281.80, 1281.80, 1340.00, 1248.20, 1330.50, 1324.50, 1296.15, 89211, 1156.31, 8436, 33703, 37.78
RNBDENIMS, BE, 18-Sep-2026, 9.38, 9.40, 9.60, 8.92, 8.92, 8.96, 9.03, 298753, 26.97, 546, -, -
RNFI, SM, 18-Sep-2026, 317.10, 319.00, 324.00, 318.25, 319.20, 319.30, 320.19, 7800, 24.97, 12, 4200, 53.85
RNPL, SM, 18-Sep-2026, 55.50, 58.05, 58.25, 58.05, 58.25, 58.25, 58.15, 4800, 2.79, 4, 4800, 100.00
ROCKINGDCE, SM, 18-Sep-2026, 224.75, 224.00, 234.00, 224.00, 234.00, 234.00, 228.67, 1500, 3.43, 5, 1500, 100.00
ROHLTD, EQ, 18-Sep-2026, 297.45, 303.40, 308.15, 298.00, 302.30, 304.90, 303.68, 14584, 44.29, 583, 9609, 65.89
ROLEXRINGS, EQ, 18-Sep-2026, 169.82, 170.86, 172.99, 169.02, 172.50, 172.08, 171.23, 832907, 1426.21, 9843, 384788, 46.20
ROLLT, BE, 18-Sep-2026, 5.44, 5.55, 5.71, 5.18, 5.71, 5.71, 5.63, 1509760, 84.99, 938, -, -
ROML, EQ, 18-Sep-2026, 41.42, 41.00, 42.23, 41.00, 41.36, 41.35, 41.24, 1373, 0.57, 29, 1171, 85.29
ROSSARI, EQ, 18-Sep-2026, 440.75, 445.00, 445.00, 434.55, 439.50, 437.95, 437.75, 57950, 253.68, 4771, 35122, 60.61
ROSSELLIND, EQ, 18-Sep-2026, 54.38, 54.38, 55.65, 50.43, 53.00, 52.64, 52.62, 144635, 76.11, 2009, 77728, 53.74
ROSSTECH, EQ, 18-Sep-2026, 1357.20, 1370.00, 1464.90, 1350.00, 1373.00, 1374.30, 1411.10, 911139, 12857.06, 70777, 167829, 18.42
ROTO, EQ, 18-Sep-2026, 63.35, 63.45, 65.60, 62.37, 62.83, 62.68, 63.16, 207373, 130.97, 2375, 83971, 40.49
ROUTE, EQ, 18-Sep-2026, 492.60, 490.30, 490.70, 457.60, 463.00, 464.40, 468.29, 1118251, 5236.64, 34777, 666063, 59.56
ROXHITECH, SM, 18-Sep-2026, 43.65, 44.20, 44.20, 44.00, 44.00, 44.00, 44.08, 6400, 2.82, 3, 6400, 100.00
RPEL, EQ, 18-Sep-2026, 1654.30, 1646.10, 1678.60, 1615.10, 1642.00, 1652.40, 1645.81, 80692, 1328.04, 9101, 38216, 47.36
RPGLIFE, EQ, 18-Sep-2026, 2824.50, 2824.50, 2882.90, 2742.20, 2809.00, 2802.40, 2804.88, 17373, 487.29, 3251, 6400, 36.84
RPOWER, EQ, 18-Sep-2026, 21.05, 21.05, 21.32, 20.90, 21.17, 21.13, 21.12, 21881312, 4622.33, 31766, 7043749, 32.19
RPPINFRA, EQ, 18-Sep-2026, 54.79, 54.48, 54.99, 53.45, 53.59, 53.81, 53.97, 44911, 24.24, 925, 27565, 61.38
RPPL, BE, 18-Sep-2026, 21.30, 21.51, 21.60, 20.24, 20.24, 20.24, 20.33, 68559, 13.93, 139, -, -
RPSGVENT, EQ, 18-Sep-2026, 832.50, 839.95, 854.95, 832.75, 846.00, 843.45, 843.30, 24246, 204.47, 1238, 15265, 62.96
RPTECH, EQ, 18-Sep-2026, 806.80, 806.80, 817.00, 790.25, 796.50, 798.05, 801.74, 162620, 1303.79, 13168, 80360, 49.42
RRECL, EQ, 18-Sep-2026, 144.00, 130.01, 147.00, 130.00, 138.89, 138.89, 137.11, 1174, 1.61, 44, 636, 54.17
RRIL, EQ, 18-Sep-2026, 15.96, 16.04, 16.28, 15.36, 15.58, 15.55, 15.56, 36153, 5.62, 254, 29709, 82.18
RRKABEL, EQ, 18-Sep-2026, 2390.50, 2390.00, 2457.00, 2382.60, 2439.60, 2450.80, 2433.38, 373286, 9083.45, 34850, 205677, 55.10
RSDFIN, BE, 18-Sep-2026, 93.00, 90.00, 97.40, 88.42, 92.87, 92.87, 91.28, 596, 0.54, 21, -, -
RSL, EQ, 18-Sep-2026, 180.63, 183.33, 185.34, 178.75, 183.00, 181.21, 181.97, 149175, 271.45, 4017, 73398, 49.20
RSSOFTWARE, EQ, 18-Sep-2026, 30.00, 29.70, 30.69, 29.70, 30.20, 30.26, 30.23, 5384, 1.63, 72, 4674, 86.81
RSWM, BE, 18-Sep-2026, 213.63, 215.95, 222.95, 211.00, 221.00, 220.40, 217.79, 118034, 257.06, 504, -, -
RSYSTEMS, EQ, 18-Sep-2026, 245.78, 246.40, 247.00, 241.47, 241.95, 242.15, 243.41, 107484, 261.63, 2840, 51493, 47.91
RTNINDIA, EQ, 18-Sep-2026, 26.37, 26.40, 26.75, 26.33, 26.51, 26.54, 26.49, 1216905, 322.41, 5732, 660251, 54.26
RTNPOWER, EQ, 18-Sep-2026, 7.06, 7.06, 7.19, 7.01, 7.18, 7.14, 7.09, 19172063, 1360.00, 12229, 7945325, 41.44
RTSPOWR, EQ, 18-Sep-2026, 86.79, 89.95, 89.95, 85.05, 87.50, 87.28, 87.06, 1654, 1.44, 31, 1432, 86.58
RUBFILA, EQ, 18-Sep-2026, 65.72, 65.77, 68.30, 65.01, 67.80, 67.36, 66.60, 53768, 35.81, 795, 21488, 39.96
RUBICON, EQ, 18-Sep-2026, 1778.30, 1778.90, 1827.50, 1736.20, 1742.00, 1751.10, 1777.78, 470413, 8362.93, 36179, 285907, 60.78
RUBYMILLS, EQ, 18-Sep-2026, 457.60, 458.10, 479.00, 438.10, 477.00, 467.10, 450.95, 40821, 184.08, 1363, 25473, 62.40
RUCHINFRA, EQ, 18-Sep-2026, 5.14, 5.27, 5.27, 5.10, 5.20, 5.20, 5.16, 58791, 3.03, 144, 51270, 87.21
RUCHIRA, EQ, 18-Sep-2026, 107.45, 108.90, 109.44, 108.00, 108.10, 108.84, 108.76, 25087, 27.28, 719, 11406, 45.47
RUDRA, EQ, 18-Sep-2026, 20.36, 20.90, 21.00, 20.00, 20.45, 20.68, 20.56, 180289, 37.07, 391, 30715, 17.04
RULKA, SM, 18-Sep-2026, 107.00, 109.70, 111.10, 107.00, 108.10, 108.10, 109.77, 13800, 15.15, 25, 8400, 60.87
RUPA, EQ, 18-Sep-2026, 134.97, 134.36, 138.00, 133.72, 137.85, 137.16, 135.31, 129316, 174.98, 4557, 71577, 55.35
RUSHIL, EQ, 18-Sep-2026, 15.57, 15.83, 18.30, 15.35, 17.06, 17.26, 17.04, 1882573, 320.72, 3318, 1135515, 60.32
RUSTOMJEE, EQ, 18-Sep-2026, 340.95, 343.00, 356.20, 341.70, 356.00, 353.75, 352.44, 78181, 275.54, 3017, 54102, 69.20
RVHL, EQ, 18-Sep-2026, 38.70, 39.66, 40.37, 38.31, 39.50, 39.48, 39.37, 1514, 0.60, 34, 1376, 90.89
RVNL, EQ, 18-Sep-2026, 201.70, 201.80, 214.29, 200.78, 214.29, 214.29, 207.78, 9469057, 19675.16, 59534, 4805808, 50.75
RVTH, EQ, 18-Sep-2026, 666.75, 670.05, 724.90, 670.00, 698.00, 697.30, 707.25, 995, 7.04, 151, 802, 80.60
S&SPOWER, EQ, 18-Sep-2026, 318.70, 325.35, 334.60, 318.00, 322.00, 319.00, 325.89, 2414, 7.87, 96, 1745, 72.29
SAAKSHI, ST, 18-Sep-2026, 357.05, 357.00, 374.90, 357.00, 372.35, 372.90, 371.28, 28200, 104.70, 40, 27000, 95.74
SAATVIKGL, EQ, 18-Sep-2026, 404.50, 404.05, 413.55, 400.00, 412.00, 411.80, 405.73, 95137, 386.00, 2578, 40027, 42.07
SAB, EQ, 18-Sep-2026, 174.18, 174.15, 174.15, 174.15, 174.15, 174.15, 174.15, 29, 0.05, 1, 29, 100.00
SACHEEROME, SM, 18-Sep-2026, 522.20, 525.75, 542.90, 525.00, 528.00, 536.85, 533.65, 20700, 110.47, 60, 13200, 63.77
SADBHAV, EQ, 18-Sep-2026, 7.52, 7.61, 7.89, 7.57, 7.72, 7.73, 7.69, 118102, 9.08, 285, 90227, 76.40
SADBHIN, EQ, 18-Sep-2026, 2.48, 2.50, 2.58, 2.45, 2.55, 2.54, 2.53, 75422, 1.91, 165, 51859, 68.76
SADHAV, SM, 18-Sep-2026, 108.50, 109.95, 109.95, 107.30, 107.30, 107.30, 108.43, 3600, 3.90, 6, 3600, 100.00
SADHNANIQ, BE, 18-Sep-2026, 2.80, 2.80, 2.80, 2.75, 2.75, 2.75, 2.76, 623198, 17.18, 267, -, -
SAFARI, EQ, 18-Sep-2026, 1511.40, 1506.60, 1525.60, 1465.00, 1501.00, 1501.00, 1490.46, 111608, 1663.47, 18927, 52285, 46.85
SAFEENTP, SM, 18-Sep-2026, 252.30, 250.75, 252.30, 249.05, 249.05, 249.40, 250.35, 12000, 30.04, 24, 7000, 58.33
SAGARDEEP, EQ, 18-Sep-2026, 23.50, 23.51, 24.49, 23.51, 23.62, 23.62, 24.24, 2092, 0.51, 39, 1621, 77.49
SAGCEM, EQ, 18-Sep-2026, 149.41, 149.59, 154.18, 149.59, 153.39, 151.79, 152.09, 55093, 83.79, 932, 39212, 71.17
SAGILITY, EQ, 18-Sep-2026, 44.56, 44.59, 46.23, 44.59, 45.66, 45.66, 45.82, 17450697, 7996.49, 29729, 7131173, 40.86
SAHAJSOLAR, SM, 18-Sep-2026, 93.30, 92.00, 94.10, 90.00, 91.60, 91.60, 92.49, 26400, 24.42, 57, 16800, 63.64
SAHANA, SM, 18-Sep-2026, 849.10, 870.00, 874.00, 835.05, 850.00, 848.75, 853.82, 15150, 129.35, 70, 8250, 54.46
SAHASRA, SM, 18-Sep-2026, 320.10, 323.00, 336.10, 318.00, 336.10, 336.10, 332.96, 111200, 370.25, 192, 91600, 82.37
SAHLIBHFI, EQ, 18-Sep-2026, 78.52, 76.40, 79.70, 75.00, 77.40, 76.56, 77.63, 17392, 13.50, 455, 9489, 54.56
SAHYADRI, EQ, 18-Sep-2026, 359.25, 366.60, 369.05, 360.45, 368.95, 365.35, 364.85, 3344, 12.20, 230, 2261, 67.61
SAICAPI, EQ, 18-Sep-2026, 158.99, 155.80, 158.40, 154.40, 158.40, 158.40, 157.00, 140, 0.22, 13, 140, 100.00
SAIFL, SM, 18-Sep-2026, 4.40, 4.40, 4.40, 4.30, 4.40, 4.40, 4.38, 84000, 3.68, 17, 72000, 85.71
SAIL, EQ, 18-Sep-2026, 175.01, 176.50, 179.80, 176.03, 177.33, 177.33, 177.85, 11881802, 21131.50, 43432, 7390982, 62.20
SAILIFE, EQ, 18-Sep-2026, 1545.70, 1553.40, 1613.90, 1550.30, 1608.50, 1600.50, 1584.69, 867960, 13754.48, 55104, 503542, 58.01
SAIPARENT, EQ, 18-Sep-2026, 510.25, 514.20, 520.00, 510.00, 511.60, 510.75, 513.93, 34306, 176.31, 1968, 22929, 66.84
SAJHOTELS, ST, 18-Sep-2026, 35.15, 35.20, 35.20, 35.15, 35.15, 35.15, 35.18, 4000, 1.41, 2, 4000, 100.00
SAKAR, EQ, 18-Sep-2026, 1129.55, 1148.00, 1190.50, 1148.00, 1187.00, 1179.80, 1177.70, 147455, 1736.57, 7987, 95091, 64.49
SAKHTISUG, EQ, 18-Sep-2026, 18.44, 18.50, 18.89, 17.84, 18.46, 18.37, 18.41, 134585, 24.78, 742, 63155, 46.93
SAKSOFT, EQ, 18-Sep-2026, 142.92, 143.10, 143.65, 140.20, 141.00, 141.14, 141.40, 197325, 279.02, 3686, 106975, 54.21
SAKUMA, EQ, 18-Sep-2026, 1.54, 1.56, 1.57, 1.50, 1.54, 1.51, 1.53, 991276, 15.19, 871, 688862, 69.49
SALASAR, EQ, 18-Sep-2026, 4.89, 4.89, 4.95, 4.85, 4.91, 4.89, 4.89, 2915338, 142.55, 2740, 1853931, 63.59
SALONA, EQ, 18-Sep-2026, 266.05, 266.05, 269.00, 255.00, 266.00, 263.40, 260.13, 1102, 2.87, 60, 916, 83.12
SALSTEEL, EQ, 18-Sep-2026, 78.35, 80.01, 82.26, 80.01, 82.26, 82.26, 81.66, 251942, 205.73, 1567, 160677, 63.78
SALZERELEC, EQ, 18-Sep-2026, 550.95, 551.95, 558.45, 543.10, 550.00, 550.45, 550.10, 37733, 207.57, 2349, 20650, 54.73
SAMBANDAM, EQ, 18-Sep-2026, 101.51, 101.50, 106.00, 100.00, 100.00, 100.00, 102.22, 1107, 1.13, 35, 1106, 99.91
SAMBHAAV, EQ, 18-Sep-2026, 6.00, 6.13, 6.13, 5.72, 6.12, 6.09, 5.98, 46601, 2.79, 154, 34900, 74.89
SAMBHV, EQ, 18-Sep-2026, 129.09, 129.08, 150.99, 129.08, 150.11, 147.57, 144.43, 28285913, 40852.34, 156604, 4724701, 16.70
SAMHI, EQ, 18-Sep-2026, 156.67, 157.00, 163.50, 157.00, 162.11, 161.98, 161.21, 928386, 1496.64, 22330, 491763, 52.97
SAMMAANCAP, EQ, 18-Sep-2026, 142.22, 142.50, 144.50, 142.40, 143.50, 143.92, 143.64, 3658484, 5255.06, 18608, 2022240, 55.28
SAMPANN, EQ, 18-Sep-2026, 24.26, 24.32, 25.38, 23.90, 24.95, 24.67, 24.38, 30068, 7.33, 187, 24887, 82.77
SANATHAN, EQ, 18-Sep-2026, 461.95, 468.95, 489.00, 467.50, 478.50, 480.85, 480.53, 107246, 515.35, 4148, 59994, 55.94
SANDESH, EQ, 18-Sep-2026, 1037.40, 1042.60, 1042.60, 1020.40, 1022.40, 1025.80, 1032.90, 106, 1.09, 39, 77, 72.64
SANDHAR, EQ, 18-Sep-2026, 588.25, 594.70, 607.50, 590.15, 600.50, 601.25, 600.29, 100399, 602.68, 5549, 49923, 49.72
SANDUMA, EQ, 18-Sep-2026, 182.53, 183.20, 186.25, 183.00, 185.85, 185.40, 184.66, 462946, 854.89, 8513, 208281, 44.99
SANGAMIND, EQ, 18-Sep-2026, 583.05, 581.30, 584.95, 573.85, 583.50, 580.00, 579.00, 9168, 53.08, 860, 6252, 68.19
SANGANI, SM, 18-Sep-2026, 49.90, 49.50, 49.50, 48.00, 48.00, 48.75, 48.75, 3000, 1.46, 2, 3000, 100.00
SANGHVIMOV, EQ, 18-Sep-2026, 419.65, 419.65, 434.00, 412.05, 433.20, 430.70, 425.91, 254315, 1083.16, 8369, 140111, 55.09
SANGINITA, BE, 18-Sep-2026, 69.67, 71.06, 71.06, 71.06, 71.06, 71.06, 71.06, 31071, 22.08, 85, -, -
SANOFI, EQ, 18-Sep-2026, 3085.00, 3093.30, 3115.00, 3080.00, 3080.00, 3087.40, 3092.73, 12855, 397.57, 2419, 7289, 56.70
SANOFICONR, EQ, 18-Sep-2026, 3989.50, 3999.00, 4078.00, 3992.00, 4078.00, 4033.40, 4028.76, 4359, 175.61, 1457, 2834, 65.01
SANSERA, EQ, 18-Sep-2026, 4017.50, 4042.00, 4300.00, 4017.50, 4262.00, 4259.90, 4213.82, 287946, 12133.54, 37283, 129051, 44.82
SANSTAR, EQ, 18-Sep-2026, 115.54, 115.55, 117.00, 115.00, 116.00, 115.70, 115.96, 168121, 194.95, 2597, 91370, 54.35
SANWARIA, BZ, 18-Sep-2026, 0.19, 0.19, 0.20, 0.18, 0.19, 0.18, 0.19, 914603, 1.74, 188, -, -
SAPPHIRE, EQ, 18-Sep-2026, 233.24, 233.29, 236.25, 228.00, 230.00, 230.11, 231.33, 997329, 2307.11, 21984, 376866, 37.79
SAPPL, EQ, 18-Sep-2026, 278.75, 285.00, 289.90, 265.30, 281.00, 276.15, 272.56, 1212, 3.30, 48, 840, 69.31
SARDAEN, EQ, 18-Sep-2026, 506.95, 510.00, 513.60, 503.00, 507.00, 505.95, 507.22, 328485, 1666.13, 12795, 167561, 51.01
SAREGAMA, EQ, 18-Sep-2026, 489.25, 489.25, 506.60, 489.25, 499.05, 499.90, 501.32, 387575, 1942.99, 15681, 177983, 45.92
SARLAPOLY, EQ, 18-Sep-2026, 96.49, 97.36, 98.25, 96.47, 97.99, 97.48, 97.32, 23691, 23.06, 346, 18114, 76.46
SARTELE, SM, 18-Sep-2026, 79.05, 80.65, 81.00, 73.00, 75.00, 75.15, 76.48, 69500, 53.16, 107, 51500, 74.10
SARVESHWAR, EQ, 18-Sep-2026, 3.72, 3.73, 3.79, 3.67, 3.71, 3.74, 3.71, 983863, 36.54, 1484, 697769, 70.92
SASKEN, EQ, 18-Sep-2026, 1722.10, 1704.40, 1746.90, 1701.10, 1720.00, 1719.60, 1726.42, 12687, 219.03, 2328, 7423, 58.51
SATECH, SM, 18-Sep-2026, 40.00, 39.75, 39.75, 37.30, 38.90, 38.90, 38.42, 15000, 5.76, 15, 11000, 73.33
SATIA, EQ, 18-Sep-2026, 67.63, 67.41, 68.98, 66.50, 68.00, 68.46, 67.71, 108564, 73.51, 1661, 58192, 53.60
SATIN, EQ, 18-Sep-2026, 219.82, 218.47, 221.00, 217.37, 219.50, 219.32, 219.47, 162662, 357.00, 1695, 128780, 79.17
SATKARTAR, SM, 18-Sep-2026, 139.15, 143.00, 146.90, 142.00, 142.50, 142.90, 144.03, 32800, 47.24, 38, 22400, 68.29
SATTVAENGG, SM, 18-Sep-2026, 60.20, 58.35, 61.15, 57.05, 61.15, 61.15, 58.62, 20800, 12.19, 13, 14400, 69.23
SAURASHCEM, EQ, 18-Sep-2026, 51.91, 51.91, 53.99, 51.80, 53.76, 53.51, 53.30, 57241, 30.51, 1674, 25943, 45.32
SAVY, SM, 18-Sep-2026, 137.70, 140.00, 140.00, 139.65, 139.65, 139.65, 139.83, 2400, 3.36, 2, 2400, 100.00
SAWALIYA, SM, 18-Sep-2026, 164.40, 166.00, 166.00, 161.00, 161.00, 161.85, 163.06, 43200, 70.44, 18, 40800, 94.44
SAYAJIHOTL, EQ, 18-Sep-2026, 319.10, 314.10, 319.00, 314.10, 319.00, 319.00, 314.19, 52, 0.16, 2, 52, 100.00
SAYAJIIND, EQ, 18-Sep-2026, 113.00, 108.10, 116.75, 108.00, 115.00, 115.00, 109.55, 510, 0.56, 108, 510, 100.00
SBC, EQ, 18-Sep-2026, 48.25, 48.45, 49.80, 48.32, 48.99, 49.24, 49.06, 15020726, 7369.85, 9590, 6500574, 43.28
SBCL, EQ, 18-Sep-2026, 1091.80, 1091.80, 1109.80, 1084.10, 1091.00, 1096.20, 1096.61, 106816, 1171.36, 12993, 55871, 52.31
SBFC, EQ, 18-Sep-2026, 93.32, 93.58, 94.19, 91.89, 92.49, 92.36, 92.70, 1954335, 1811.61, 13838, 1292761, 66.15
SBGLP, EQ, 18-Sep-2026, 25.78, 26.52, 26.59, 21.33, 22.00, 22.23, 23.79, 587657, 139.80, 3377, 271682, 46.23
SBIBPB, EQ, 18-Sep-2026, 47.77, 47.50, 48.49, 47.50, 48.17, 48.21, 48.13, 61295, 29.50, 281, 50804, 82.88
SBICARD, EQ, 18-Sep-2026, 636.95, 635.95, 651.15, 630.70, 651.15, 651.15, 639.61, 3242132, 20736.95, 55472, 2224889, 68.62
SBIETFCON, EQ, 18-Sep-2026, 118.54, 119.77, 119.77, 118.18, 119.00, 118.45, 118.49, 2418, 2.87, 89, 1201, 49.67
SBIETFIT, EQ, 18-Sep-2026, 323.24, 325.23, 325.23, 317.36, 320.16, 319.25, 318.77, 11162, 35.58, 354, 7826, 70.11
SBIETFPB, EQ, 18-Sep-2026, 278.65, 283.60, 283.60, 277.93, 280.00, 279.97, 279.47, 2346, 6.56, 92, 2123, 90.49
SBIETFQLTY, EQ, 18-Sep-2026, 214.83, 214.38, 215.31, 213.87, 215.31, 215.27, 214.62, 1393, 2.99, 45, 1393, 100.00
SBIFUNDS, EQ, 18-Sep-2026, 540.95, 540.95, 567.95, 537.25, 558.00, 561.35, 555.76, 1779360, 9888.89, 33217, 1176269, 66.11
SBILIFE, EQ, 18-Sep-2026, 1766.90, 1751.30, 1770.00, 1731.00, 1731.00, 1731.00, 1751.46, 929365, 16277.44, 21719, 666914, 71.76
SBILIQETF, EQ, 18-Sep-2026, 1056.20, 1056.63, 1056.63, 1056.61, 1056.63, 1056.62, 1056.62, 725607, 7666.91, 293, 712664, 98.22
SBIMIDMOM, EQ, 18-Sep-2026, 62.65, 63.07, 63.54, 62.86, 63.54, 63.33, 63.33, 79500, 50.34, 110, 78099, 98.24
SBIN, EQ, 18-Sep-2026, 988.70, 992.00, 996.20, 985.10, 996.20, 996.20, 991.90, 5699456, 56532.67, 94490, 3642518, 63.91
SBINEQWETF, EQ, 18-Sep-2026, 32.57, 31.92, 32.93, 31.92, 32.17, 32.20, 32.25, 90497, 29.19, 259, 69622, 76.93
SBINMID150, EQ, 18-Sep-2026, 22.74, 22.74, 23.09, 22.65, 23.02, 22.94, 22.78, 17739, 4.04, 111, 14146, 79.75
SBISILVER, EQ, 18-Sep-2026, 222.10, 226.86, 230.64, 226.76, 229.70, 229.44, 228.78, 1587770, 3632.44, 8793, 798565, 50.29
SBISMLETF, EQ, 18-Sep-2026, 18.16, 18.00, 18.56, 18.00, 18.39, 18.38, 18.23, 15195, 2.77, 177, 11594, 76.30
SBIVALETF, EQ, 18-Sep-2026, 14.44, 14.51, 14.52, 14.28, 14.52, 14.41, 14.41, 23970, 3.45, 85, 7860, 32.79
SCANSTL, BE, 18-Sep-2026, 53.96, 53.95, 53.96, 51.50, 52.90, 52.97, 52.35, 39615, 20.74, 118, -, -
SCHAEFFLER, EQ, 18-Sep-2026, 3991.00, 4016.00, 4260.00, 4010.10, 4247.00, 4217.60, 4166.69, 171857, 7160.74, 29729, 106324, 61.87
SCHAND, EQ, 18-Sep-2026, 134.88, 136.14, 136.68, 133.50, 133.50, 133.87, 134.86, 21577, 29.10, 1230, 11062, 51.27
SCHNEIDER, EQ, 18-Sep-2026, 1201.90, 1206.60, 1244.50, 1206.60, 1217.20, 1213.50, 1223.53, 316226, 3869.11, 31593, 191128, 60.44
SCI, EQ, 18-Sep-2026, 270.00, 271.00, 278.00, 269.05, 276.65, 277.05, 273.56, 1560763, 4269.57, 27104, 590776, 37.85
SCILAL, EQ, 18-Sep-2026, 38.19, 38.01, 38.38, 36.20, 37.04, 36.83, 37.00, 1140340, 421.94, 10363, 890883, 78.12
SCML, SM, 18-Sep-2026, 75.75, 76.00, 78.00, 68.65, 78.00, 77.55, 70.93, 138000, 97.88, 91, 56000, 40.58
SCODATUBES, EQ, 18-Sep-2026, 123.97, 125.33, 130.77, 125.33, 129.50, 128.51, 128.38, 98767, 126.79, 1915, 51055, 51.69
SCPL, BE, 18-Sep-2026, 625.85, 638.00, 647.95, 618.50, 620.00, 622.10, 624.90, 4602, 28.76, 145, -, -
SDBL, EQ, 18-Sep-2026, 67.80, 68.00, 69.14, 67.50, 68.50, 68.06, 68.30, 396617, 270.91, 3300, 207211, 52.24
SDREAMS, SM, 18-Sep-2026, 77.55, 77.50, 79.70, 77.50, 79.70, 79.35, 78.24, 5000, 3.91, 3, 5000, 100.00
SEAMECLTD, EQ, 18-Sep-2026, 1738.50, 1757.00, 1757.00, 1712.10, 1725.00, 1726.30, 1727.11, 27243, 470.52, 3565, 12761, 46.84
SECLEDBETA, EQ, 18-Sep-2026, 14.16, 15.00, 15.50, 14.21, 14.27, 14.25, 14.43, 20683, 2.99, 73, 17157, 82.95
SECMARK, EQ, 18-Sep-2026, 139.95, 145.00, 146.40, 132.41, 144.90, 144.10, 144.20, 2367, 3.41, 35, 2058, 86.95
SECURKLOUD, EQ, 18-Sep-2026, 17.17, 17.00, 17.20, 16.70, 17.00, 16.84, 16.96, 5429, 0.92, 94, 5080, 93.57
SEDEMAC, EQ, 18-Sep-2026, 3110.60, 3110.60, 3234.10, 3110.00, 3145.00, 3147.80, 3177.65, 190154, 6042.42, 23393, 67995, 35.76
SEIL, EQ, 18-Sep-2026, 193.07, 195.24, 195.24, 188.05, 188.05, 192.19, 192.25, 257466, 494.98, 1843, 184824, 71.79
SEJALLTD, EQ, 18-Sep-2026, 681.70, 690.00, 715.75, 669.85, 715.75, 714.40, 705.09, 36648, 258.40, 1220, 26140, 71.33
SEKURITIND, EQ, 18-Sep-2026, 108.72, 109.99, 114.00, 108.39, 113.90, 113.44, 112.38, 52095, 58.54, 848, 36786, 70.61
SEL, SM, 18-Sep-2026, 350.00, 350.00, 360.00, 332.50, 360.00, 354.30, 343.07, 3000, 10.29, 13, 2200, 73.33
SELECTIPO, EQ, 18-Sep-2026, 47.48, 48.66, 48.66, 47.67, 48.65, 48.44, 48.18, 24458, 11.78, 78, 17392, 71.11
SELLOWRAP, SM, 18-Sep-2026, 67.50, 65.10, 65.10, 65.00, 65.00, 65.00, 65.05, 3200, 2.08, 2, 3200, 100.00
SEMAC, EQ, 18-Sep-2026, 270.00, 270.00, 280.00, 262.40, 273.70, 273.70, 272.61, 315, 0.86, 24, 221, 70.16
SENCO, EQ, 18-Sep-2026, 342.35, 344.50, 352.80, 341.10, 346.30, 348.00, 347.81, 606311, 2108.81, 18175, 211397, 34.87
SENORES, EQ, 18-Sep-2026, 1402.60, 1423.60, 1441.90, 1391.70, 1399.90, 1402.60, 1408.94, 325710, 4589.07, 22493, 162459, 49.88
SENSEXADD, EQ, 18-Sep-2026, 76.96, 76.18, 77.30, 75.91, 77.29, 77.29, 76.86, 737, 0.57, 30, 574, 77.88
SENSEXAXIS, EQ, 18-Sep-2026, 77.44, 76.38, 77.68, 76.38, 76.70, 77.23, 77.32, 3257, 2.52, 51, 2420, 74.30
SENSEXBETA, EQ, 18-Sep-2026, 830.88, 825.01, 838.00, 821.00, 838.00, 832.87, 825.28, 1251, 10.32, 96, 887, 70.90
SENSEXETF, EQ, 18-Sep-2026, 76.91, 77.29, 77.50, 76.85, 77.15, 77.16, 77.02, 10598, 8.16, 175, 5087, 48.00
SENSEXIETF, EQ, 18-Sep-2026, 855.42, 854.94, 862.49, 854.93, 857.00, 858.70, 857.96, 5572, 47.81, 317, 3271, 58.70
SEPC, EQ, 18-Sep-2026, 5.22, 5.26, 5.29, 5.08, 5.23, 5.23, 5.17, 12309907, 636.76, 5490, 5935580, 48.22
SERVICE, SM, 18-Sep-2026, 66.00, 66.05, 66.05, 66.05, 66.05, 66.05, 66.05, 4000, 2.64, 1, 4000, 100.00
SERVOTECH, EQ, 18-Sep-2026, 72.27, 72.27, 73.66, 71.91, 72.98, 72.80, 72.46, 396912, 287.60, 3756, 201599, 50.79
SESHAPAPER, EQ, 18-Sep-2026, 247.82, 248.00, 251.70, 245.04, 248.26, 249.77, 248.46, 27629, 68.65, 874, 13284, 48.08
SETCO, BE, 18-Sep-2026, 16.99, 17.10, 17.10, 16.71, 17.07, 17.06, 16.97, 13053, 2.22, 112, -, -
SETF10GILT, EQ, 18-Sep-2026, 261.38, 263.00, 263.00, 261.70, 262.99, 262.26, 261.95, 2805, 7.35, 32, 2187, 77.97
SETFGOLD, EQ, 18-Sep-2026, 128.39, 129.20, 130.84, 129.20, 130.29, 130.52, 130.38, 3938423, 5134.79, 9546, 2149714, 54.58
SETFNIF50, EQ, 18-Sep-2026, 251.29, 252.88, 252.88, 250.92, 252.00, 251.95, 251.76, 842918, 2122.16, 6454, 513743, 60.95
SETFNIFBK, EQ, 18-Sep-2026, 576.31, 577.83, 580.29, 576.44, 579.84, 579.47, 578.29, 5777, 33.41, 988, 3054, 52.86
SETFNN50, EQ, 18-Sep-2026, 765.01, 763.08, 777.50, 762.30, 776.78, 774.62, 771.69, 16704, 128.90, 794, 11481, 68.73
SETL, EQ, 18-Sep-2026, 401.45, 393.25, 414.00, 393.25, 400.00, 402.35, 403.24, 987119, 3980.43, 19204, 469190, 47.53
SETUINFRA, BZ, 18-Sep-2026, 0.61, 0.61, 0.61, 0.60, 0.60, 0.60, 0.61, 29424, 0.18, 30, -, -
SEYAIND, BE, 18-Sep-2026, 12.87, 12.93, 13.12, 12.63, 13.12, 13.12, 12.96, 10679, 1.38, 43, -, -
SFL, EQ, 18-Sep-2026, 673.00, 679.00, 682.00, 651.70, 659.50, 657.30, 663.22, 213905, 1418.66, 11909, 126468, 59.12
SGBAPR28I, GB, 18-Sep-2026, 15048.98, 15048.98, 15330.00, 15001.00, 15300.01, 15300.00, 15205.85, 712, 108.27, 75, 520, 73.03
SGBAUG27, GB, 18-Sep-2026, 14961.00, 15020.00, 15250.00, 15020.00, 15150.00, 15178.16, 15142.56, 43, 6.51, 27, 20, 46.51
SGBAUG28V, GB, 18-Sep-2026, 14941.61, 15006.56, 15200.01, 15006.56, 15188.86, 15193.70, 15144.04, 1171, 177.34, 208, 714, 60.97
SGBAUG29V, GB, 18-Sep-2026, 14959.85, 15083.49, 15287.99, 15083.49, 15159.82, 15229.06, 15149.10, 138, 20.91, 48, 93, 67.39
SGBAUG30, GB, 18-Sep-2026, 15098.53, 15198.53, 15374.90, 15121.00, 15350.52, 15300.38, 15237.76, 89, 13.56, 51, 57, 64.04
SGBD29VIII, GB, 18-Sep-2026, 14989.61, 15200.00, 15374.99, 15150.00, 15268.00, 15258.49, 15260.72, 71, 10.84, 29, 42, 59.15
SGBDC27VII, GB, 18-Sep-2026, 15100.00, 15100.00, 15200.00, 15061.11, 15160.00, 15160.00, 15140.79, 101, 15.29, 15, 62, 61.39
SGBDE30III, GB, 18-Sep-2026, 15130.08, 15130.08, 15355.99, 15130.08, 15344.99, 15330.08, 15288.84, 208, 31.80, 92, 138, 66.35
SGBDE31III, GB, 18-Sep-2026, 15365.79, 15406.56, 15579.96, 15406.56, 15550.00, 15550.07, 15488.03, 1295, 200.57, 213, 941, 72.66
SGBFEB28IX, GB, 18-Sep-2026, 14999.99, 15200.00, 15200.00, 15050.00, 15050.00, 15050.00, 15115.00, 30, 4.53, 10, 30, 100.00
SGBFEB29XI, GB, 18-Sep-2026, 14905.50, 15110.00, 15225.00, 15015.80, 15220.34, 15189.47, 15155.84, 39, 5.91, 19, 29, 74.36
SGBFEB32IV, GB, 18-Sep-2026, 15607.84, 15607.84, 15819.99, 15607.84, 15711.01, 15782.16, 15719.87, 1196, 188.01, 227, 731, 61.12
SGBJAN27, GB, 18-Sep-2026, 14900.21, 15100.00, 15100.00, 15100.00, 15100.00, 15100.00, 15100.00, 2, 0.30, 2, 2, 100.00
SGBJAN29IX, GB, 18-Sep-2026, 14946.00, 14926.00, 15225.00, 14926.00, 15225.00, 15225.00, 15166.62, 298, 45.20, 39, 239, 80.20
SGBJAN29X, GB, 18-Sep-2026, 14926.50, 14936.01, 15225.00, 14936.01, 15205.00, 15177.00, 15133.56, 134, 20.28, 40, 97, 72.39
SGBJAN30IX, GB, 18-Sep-2026, 15066.66, 15076.02, 15349.99, 15076.02, 15345.00, 15329.40, 15213.86, 131, 19.93, 31, 100, 76.34
SGBJU29III, GB, 18-Sep-2026, 14955.00, 14906.00, 15225.00, 14906.00, 15210.00, 15214.29, 15149.50, 175, 26.51, 22, 167, 95.43
SGBJUL28IV, GB, 18-Sep-2026, 14914.46, 15175.00, 15190.00, 14936.46, 15131.02, 15132.89, 15117.91, 299, 45.20, 56, 223, 74.58
SGBJUL29IV, GB, 18-Sep-2026, 15204.64, 15208.00, 15208.00, 15111.01, 15150.01, 15162.44, 15146.31, 45, 6.82, 14, 29, 64.44
SGBJUN27, GB, 18-Sep-2026, 14924.00, 15192.34, 15192.34, 15192.34, 15192.34, 15192.34, 15192.34, 1, 0.15, 1, 1, 100.00
SGBJUN28, GB, 18-Sep-2026, 14930.00, 14935.00, 15200.00, 14851.00, 15151.00, 15168.14, 15069.55, 544, 81.98, 95, 357, 65.63
SGBJUN29II, GB, 18-Sep-2026, 14991.00, 15094.00, 15218.54, 15035.00, 15161.00, 15160.82, 15153.70, 203, 30.76, 27, 171, 84.24
SGBJUN30, GB, 18-Sep-2026, 15118.33, 15171.00, 15350.00, 15171.00, 15300.00, 15300.00, 15276.68, 40, 6.11, 7, 32, 80.00
SGBJUN31I, GB, 18-Sep-2026, 15276.30, 15306.56, 15401.00, 15283.55, 15400.00, 15400.29, 15338.92, 398, 61.05, 120, 248, 62.31
SGBMAR30X, GB, 18-Sep-2026, 15044.91, 15201.00, 15390.00, 15201.00, 15389.00, 15329.66, 15283.81, 11, 1.68, 10, 11, 100.00
SGBMAR31IV, GB, 18-Sep-2026, 15184.28, 15300.00, 15350.00, 15300.00, 15342.00, 15342.00, 15331.72, 72, 11.04, 35, 49, 68.06
SGBMAY28, GB, 18-Sep-2026, 14990.40, 15020.00, 15250.00, 15020.00, 15202.00, 15237.62, 15170.21, 66, 10.01, 16, 54, 81.82
SGBMAY29I, GB, 18-Sep-2026, 14967.66, 15000.00, 15270.00, 15000.00, 15170.01, 15243.18, 15196.61, 442, 67.17, 76, 318, 71.95
SGBMR29XII, GB, 18-Sep-2026, 14965.00, 15100.00, 15217.00, 15100.00, 15217.00, 15217.00, 15161.05, 102, 15.46, 40, 63, 61.76
SGBN28VIII, GB, 18-Sep-2026, 14980.00, 15062.00, 15207.00, 15062.00, 15202.00, 15202.00, 15130.06, 67, 10.14, 13, 60, 89.55
SGBNOV26, GB, 18-Sep-2026, 14950.00, 15025.00, 15025.00, 15025.00, 15025.00, 15025.00, 15025.00, 4, 0.60, 1, 4, 100.00
SGBNV29VII, GB, 18-Sep-2026, 15000.00, 15101.00, 15280.00, 15101.00, 15250.00, 15250.25, 15206.87, 406, 61.74, 45, 349, 85.96
SGBOC28VII, GB, 18-Sep-2026, 15090.19, 15200.00, 15375.00, 15200.00, 15350.00, 15358.88, 15366.96, 1401, 215.29, 30, 1175, 83.87
SGBOCT26, GB, 18-Sep-2026, 15130.00, 15250.00, 15250.00, 15250.00, 15250.00, 15250.00, 15250.00, 12, 1.83, 1, 12, 100.00
SGBOCT27, GB, 18-Sep-2026, 15000.00, 15195.00, 15300.00, 15195.00, 15300.00, 15300.00, 15238.64, 22, 3.35, 6, 22, 100.00
SGBOCT27VI, GB, 18-Sep-2026, 15050.00, 15115.01, 15249.00, 15115.01, 15249.00, 15249.00, 15182.01, 4, 0.61, 2, 2, 50.00
SGBSEP27, GB, 18-Sep-2026, 14949.90, 15099.00, 15199.99, 15099.00, 15199.98, 15199.98, 15178.57, 12, 1.82, 4, 5, 41.67
SGBSEP28VI, GB, 18-Sep-2026, 14940.84, 15198.00, 15198.00, 15015.00, 15189.99, 15165.93, 15117.82, 232, 35.07, 59, 136, 58.62
SGBSEP29VI, GB, 18-Sep-2026, 15142.77, 15160.00, 15229.99, 15121.00, 15165.00, 15171.22, 15163.92, 211, 32.00, 76, 114, 54.03
SGBSEP31II, GB, 18-Sep-2026, 15234.22, 15256.56, 15599.00, 15256.56, 15431.00, 15430.84, 15393.48, 1412, 217.36, 223, 975, 69.05
SGFIN, EQ, 18-Sep-2026, 619.90, 624.90, 638.05, 621.05, 631.00, 630.95, 630.01, 75511, 475.73, 4194, 38681, 51.23
SGIL, EQ, 18-Sep-2026, 592.35, 582.45, 606.35, 582.45, 586.00, 589.30, 595.70, 2487, 14.82, 206, 1399, 56.25
SGL, EQ, 18-Sep-2026, 9.68, 9.68, 9.79, 9.17, 9.67, 9.35, 9.46, 7236, 0.68, 97, 5512, 76.17
SGLRES, EQ, 18-Sep-2026, 2.49, 2.49, 2.60, 2.37, 2.53, 2.43, 2.42, 279185, 6.75, 154, 224078, 80.26
SGMART, EQ, 18-Sep-2026, 712.25, 719.00, 747.40, 710.00, 730.10, 733.55, 732.91, 192112, 1408.00, 12970, 109027, 56.75
SGRL, EQ, 18-Sep-2026, 678.20, 677.95, 722.65, 675.00, 702.00, 697.75, 704.51, 18488, 130.25, 1406, 11268, 60.95
SHADOWFAX, EQ, 18-Sep-2026, 251.65, 252.50, 253.40, 247.50, 250.55, 251.55, 250.01, 1172675, 2931.78, 25776, 706894, 60.28
SHAH, EQ, 18-Sep-2026, 3.30, 3.32, 3.32, 3.26, 3.30, 3.28, 3.29, 392673, 12.91, 537, 255489, 65.06
SHAHALLOYS, BE, 18-Sep-2026, 92.47, 95.99, 95.99, 91.00, 92.50, 92.50, 93.03, 11671, 10.86, 98, -, -
SHAILY, EQ, 18-Sep-2026, 3107.20, 3119.50, 3209.70, 3107.30, 3128.40, 3149.80, 3150.08, 156212, 4920.80, 16520, 81081, 51.90
SHAKTIPUMP, EQ, 18-Sep-2026, 464.10, 465.70, 470.65, 458.75, 461.90, 460.95, 463.67, 460443, 2134.91, 15720, 199092, 43.24
SHALBY, EQ, 18-Sep-2026, 138.50, 138.00, 141.40, 133.92, 137.00, 137.66, 137.07, 149630, 205.10, 2587, 84455, 56.44
SHALPAINTS, BE, 18-Sep-2026, 80.68, 81.99, 82.31, 80.00, 81.19, 80.90, 81.17, 37865, 30.73, 197, -, -
SHANKARA, EQ, 18-Sep-2026, 149.29, 148.30, 150.00, 148.30, 149.50, 149.26, 149.13, 461337, 687.97, 518, 426297, 92.40
SHANKESH, EQ, 18-Sep-2026, 88.96, 90.70, 95.25, 89.01, 93.05, 93.06, 93.16, 4370436, 4071.55, 27312, 865199, 19.80
SHANTHALA, SM, 18-Sep-2026, 15.55, 16.10, 16.10, 15.70, 15.70, 15.70, 15.90, 2400, 0.38, 2, 2400, 100.00
SHANTI, EQ, 18-Sep-2026, 6.29, 5.81, 6.39, 5.81, 6.12, 6.19, 6.23, 7260, 0.45, 54, 4101, 56.49
SHANTIGEAR, EQ, 18-Sep-2026, 677.60, 681.30, 705.00, 667.35, 701.90, 700.05, 687.76, 90105, 619.71, 4382, 33840, 37.56
SHANTIGOLD, EQ, 18-Sep-2026, 242.44, 242.44, 264.11, 242.44, 250.40, 251.27, 256.71, 2818320, 7234.98, 37509, 932569, 33.09
SHANTIINOR, ST, 18-Sep-2026, 176.10, 175.80, 183.95, 170.00, 180.00, 181.30, 179.69, 134400, 241.50, 77, 116800, 86.90
SHARDACROP, EQ, 18-Sep-2026, 741.70, 742.90, 753.00, 737.15, 742.55, 743.10, 743.66, 119733, 890.41, 7911, 62398, 52.11
SHARDAMOTR, EQ, 18-Sep-2026, 948.35, 935.00, 971.95, 930.00, 968.00, 967.05, 958.28, 121973, 1168.85, 10060, 59150, 48.49
SHARDUL, BE, 18-Sep-2026, 54.17, 54.45, 55.25, 54.45, 55.24, 55.00, 54.95, 11561, 6.35, 47, -, -
SHAREINDIA, EQ, 18-Sep-2026, 218.44, 221.00, 233.35, 216.00, 226.23, 228.15, 226.64, 24957936, 56565.50, 218985, 2142325, 8.58
SHARIABEES, EQ, 18-Sep-2026, 439.90, 439.90, 443.95, 437.25, 442.00, 438.88, 438.58, 4350, 19.08, 377, 3074, 70.67
SHBAJRG, EQ, 18-Sep-2026, 152.08, 153.99, 155.00, 152.15, 155.00, 155.00, 154.83, 3122, 4.83, 70, 2927, 93.75
SHEEL, ST, 18-Sep-2026, 60.00, 60.00, 60.00, 60.00, 60.00, 60.00, 60.00, 4000, 2.40, 2, 4000, 100.00
SHEETAL, SM, 18-Sep-2026, 359.00, 359.00, 359.00, 359.00, 359.00, 359.00, 359.00, 500, 1.80, 1, 500, 100.00
SHEKHAWATI, BE, 18-Sep-2026, 21.02, 20.79, 22.07, 20.60, 21.85, 21.48, 21.74, 268145, 58.29, 393, -, -
SHEMAROO, BE, 18-Sep-2026, 115.50, 120.00, 120.00, 115.50, 116.30, 116.39, 116.64, 3624, 4.23, 34, -, -
SHERA, SM, 18-Sep-2026, 179.80, 184.00, 186.00, 180.00, 186.00, 186.00, 182.57, 27000, 49.30, 26, 22000, 81.48
SHERVANI, EQ, 18-Sep-2026, 332.00, 360.00, 360.00, 349.95, 352.50, 352.50, 358.69, 54, 0.19, 9, 52, 96.30
SHETHJI, SM, 18-Sep-2026, 195.05, 195.10, 195.10, 190.10, 190.15, 190.85, 191.16, 14000, 26.76, 10, 10000, 71.43
SHILCTECH, EQ, 18-Sep-2026, 4103.40, 4072.60, 4172.90, 3976.90, 4082.00, 4067.90, 4113.31, 16065, 660.80, 3863, 9221, 57.40
SHILGRAVQ, EQ, 18-Sep-2026, 158.00, 160.00, 162.99, 154.50, 154.50, 154.69, 155.15, 2494, 3.87, 63, 2243, 89.94
SHILPAMED, EQ, 18-Sep-2026, 958.35, 958.35, 1033.10, 951.90, 1028.00, 1021.10, 1002.04, 1766385, 17699.90, 64447, 609436, 34.50
SHINDL, EQ, 18-Sep-2026, 161.05, 164.50, 164.50, 160.38, 161.16, 161.64, 161.73, 430082, 695.55, 793, 106905, 24.86
SHIPROCKET, EQ, 18-Sep-2026, 120.93, 122.20, 122.93, 120.50, 121.59, 121.59, 121.50, 2264860, 2751.78, 16969, 634849, 28.03
SHIVAAGRO, EQ, 18-Sep-2026, 38.71, 39.89, 42.00, 37.16, 41.80, 41.79, 41.91, 861, 0.36, 36, 826, 95.93
SHIVACEM, EQ, 18-Sep-2026, 15.30, 15.49, 15.69, 15.30, 15.45, 15.45, 15.40, 35784, 5.51, 373, 29110, 81.35
SHIVALIK, EQ, 18-Sep-2026, 369.30, 368.30, 378.90, 359.00, 378.90, 372.10, 368.87, 87050, 321.10, 4851, 35310, 40.56
SHIVAMAUTO, EQ, 18-Sep-2026, 16.19, 16.70, 19.42, 16.70, 19.42, 19.42, 19.24, 291980, 56.16, 728, 172465, 59.07
SHIVAMILLS, EQ, 18-Sep-2026, 60.20, 58.60, 61.95, 58.10, 61.95, 61.58, 60.43, 1536, 0.93, 22, 1146, 74.61
SHIVASHRIT, SM, 18-Sep-2026, 115.20, 118.00, 119.85, 112.60, 115.00, 115.45, 115.55, 85000, 98.22, 55, 54000, 63.53
SHIVATEX, EQ, 18-Sep-2026, 174.17, 181.00, 181.00, 163.21, 165.01, 168.51, 169.61, 4948, 8.39, 140, 3337, 67.44
SHIVAUM, EQ, 18-Sep-2026, 468.05, 470.30, 477.00, 468.25, 468.25, 468.30, 473.78, 3232, 15.31, 30, 2840, 87.87
SHK, EQ, 18-Sep-2026, 138.67, 138.67, 143.12, 132.40, 136.30, 137.04, 137.77, 865394, 1192.26, 5982, 536197, 61.96
SHOPERSTOP, EQ, 18-Sep-2026, 413.30, 405.90, 415.00, 395.25, 399.00, 399.75, 404.32, 72761, 294.19, 3374, 29522, 40.57
SHRADDHA, EQ, 18-Sep-2026, 150.73, 150.73, 153.70, 146.70, 147.05, 147.14, 148.02, 11255, 16.66, 179, 8677, 77.09
SHRADHA, EQ, 18-Sep-2026, 31.15, 31.00, 32.15, 29.81, 30.59, 30.00, 30.34, 21953, 6.66, 234, 16271, 74.12
SHREDIGCEM, EQ, 18-Sep-2026, 67.42, 67.42, 69.00, 67.37, 69.00, 68.51, 68.05, 55328, 37.65, 754, 26943, 48.70
SHREECEM, EQ, 18-Sep-2026, 21960.00, 22200.00, 23000.00, 22100.00, 22600.00, 22600.00, 22577.23, 62133, 14027.91, 22013, 23032, 37.07
SHREEDHAR, ST, 18-Sep-2026, 153.35, 160.25, 161.00, 160.00, 161.00, 161.00, 160.75, 14000, 22.51, 7, 14000, 100.00
SHREEJISPG, EQ, 18-Sep-2026, 691.00, 689.95, 709.80, 674.20, 707.30, 708.05, 695.79, 854162, 5943.15, 9805, 296207, 34.68
SHREEKARNI, SM, 18-Sep-2026, 374.95, 370.00, 370.00, 370.00, 370.00, 370.00, 370.00, 150, 0.56, 1, 150, 100.00
SHREEOSFM, SM, 18-Sep-2026, 51.00, 52.00, 52.40, 51.30, 52.40, 52.40, 51.80, 4000, 2.07, 4, 4000, 100.00
SHREEPUSHK, EQ, 18-Sep-2026, 512.50, 510.00, 518.00, 500.10, 515.00, 514.30, 508.67, 44521, 226.47, 2788, 19852, 44.59
SHREERAMA, EQ, 18-Sep-2026, 44.36, 44.35, 46.39, 44.15, 44.60, 44.53, 45.26, 43261, 19.58, 923, 29365, 67.88
SHRENIK, BZ, 18-Sep-2026, 0.29, 0.29, 0.30, 0.28, 0.30, 0.29, 0.29, 253750, 0.74, 139, -, -
SHREYANIND, EQ, 18-Sep-2026, 128.01, 128.01, 132.00, 125.65, 130.10, 131.13, 129.71, 3183, 4.13, 113, 2406, 75.59
SHRIAHIMSA, SM, 18-Sep-2026, 454.20, 462.95, 475.00, 462.95, 471.00, 468.75, 470.71, 8400, 39.54, 14, 6000, 71.43
SHRIKANHA, SM, 18-Sep-2026, 21.90, 22.45, 22.50, 22.45, 22.50, 22.50, 22.48, 4800, 1.08, 3, 4800, 100.00
SHRIKRISH, EQ, 18-Sep-2026, 34.04, 34.02, 39.99, 34.02, 37.00, 36.98, 36.86, 1595, 0.59, 32, 373, 23.39
SHRINGARMS, EQ, 18-Sep-2026, 211.74, 214.00, 216.75, 208.75, 208.79, 210.67, 213.13, 569905, 1214.66, 3743, 148030, 25.97
SHRIPISTON, EQ, 18-Sep-2026, 4385.40, 4394.00, 4598.00, 4394.00, 4587.60, 4576.60, 4539.81, 151917, 6896.75, 24280, 93038, 61.24
SHRIRAMFIN, EQ, 18-Sep-2026, 995.00, 1004.90, 1019.00, 1000.50, 1010.00, 1010.00, 1011.40, 4870631, 49261.41, 95650, 3431319, 70.45
SHRIRAMPPS, EQ, 18-Sep-2026, 72.91, 73.15, 73.15, 70.81, 71.05, 71.22, 71.44, 365988, 261.48, 3524, 205076, 56.03
SHRITECH, SM, 18-Sep-2026, 60.30, 60.50, 60.50, 60.50, 60.50, 60.50, 60.50, 2000, 1.21, 1, 2000, 100.00
SHRJAGP, EQ, 18-Sep-2026, 642.50, 643.55, 657.75, 630.00, 638.00, 637.65, 641.73, 176, 1.13, 21, 170, 96.59
SHUBHSHREE, SM, 18-Sep-2026, 350.00, 350.00, 350.00, 350.00, 350.00, 350.00, 350.00, 3000, 10.50, 10, 3000, 100.00
SHUKRAPHAR, EQ, 18-Sep-2026, 54.24, 54.76, 57.89, 54.29, 55.74, 55.93, 55.98, 3423614, 1916.71, 9607, 1211809, 35.40
SHYAMCENT, BE, 18-Sep-2026, 4.97, 4.75, 5.12, 4.75, 5.12, 5.06, 4.95, 422226, 20.90, 91, -, -
SHYAMDHANI, ST, 18-Sep-2026, 53.00, 53.40, 53.40, 52.25, 52.50, 52.50, 52.68, 8000, 4.21, 4, 8000, 100.00
SHYAMMETL, EQ, 18-Sep-2026, 1077.00, 1087.00, 1109.00, 1079.00, 1106.60, 1100.00, 1098.80, 1196160, 13143.39, 24578, 912577, 76.29
SHYAMTEL, EQ, 18-Sep-2026, 11.09, 11.14, 11.40, 11.13, 11.40, 11.40, 11.13, 2221, 0.25, 6, 2221, 100.00
SICAGEN, EQ, 18-Sep-2026, 52.22, 52.74, 53.69, 52.00, 53.60, 52.77, 52.47, 7433, 3.90, 117, 5498, 73.97
SICALLOG, BE, 18-Sep-2026, 91.65, 91.35, 94.70, 89.05, 90.01, 91.07, 91.78, 16434, 15.08, 98, -, -
SIDDHICOTS, SM, 18-Sep-2026, 26.50, 26.95, 27.20, 26.95, 27.20, 27.20, 27.05, 7200, 1.95, 6, 7200, 100.00
SIDDHIKA, SM, 18-Sep-2026, 226.00, 228.00, 228.00, 214.70, 215.00, 214.80, 217.16, 20000, 43.43, 26, 17500, 87.50
SIEL, EQ, 18-Sep-2026, 31.50, 30.08, 33.07, 30.00, 30.00, 30.00, 30.23, 233, 0.07, 10, 222, 95.28
SIEMENS, EQ, 18-Sep-2026, 3763.50, 3781.40, 3913.90, 3770.00, 3913.90, 3913.90, 3831.22, 666502, 25535.16, 35942, 362487, 54.39
SIGACHI, EQ, 18-Sep-2026, 29.33, 29.35, 32.15, 29.32, 29.65, 29.60, 30.36, 16377369, 4972.42, 55643, 5696800, 34.78
SIGIND, BE, 18-Sep-2026, 67.96, 71.30, 71.30, 69.00, 70.00, 69.99, 69.86, 11347, 7.93, 182, -, -
SIGMA, EQ, 18-Sep-2026, 46.24, 47.00, 47.30, 46.25, 47.00, 47.03, 46.96, 50131, 23.54, 940, 34944, 69.71
SIGMAADV, BE, 18-Sep-2026, 857.40, 848.00, 888.30, 831.10, 867.45, 866.10, 861.82, 255004, 2197.69, 5814, -, -
SIGNATURE, EQ, 18-Sep-2026, 755.30, 755.00, 761.00, 744.00, 760.00, 756.95, 752.08, 248406, 1868.21, 8171, 35135, 14.14
SIGNORIA, ST, 18-Sep-2026, 151.00, 145.00, 145.00, 145.00, 145.00, 145.00, 145.00, 1000, 1.45, 1, 1000, 100.00
SIGNPOST, EQ, 18-Sep-2026, 262.15, 265.05, 277.50, 260.60, 266.60, 271.50, 266.70, 44887, 119.71, 1853, 22875, 50.96
SIKA, EQ, 18-Sep-2026, 1027.05, 1030.70, 1063.70, 1010.25, 1039.00, 1021.50, 1034.82, 36899, 381.84, 3204, 15434, 41.83
SIKKO, BE, 18-Sep-2026, 5.99, 5.80, 6.00, 5.75, 6.00, 5.92, 5.86, 462737, 27.14, 474, -, -
SIL, EQ, 18-Sep-2026, 16.63, 16.21, 16.95, 16.06, 16.19, 16.13, 16.28, 54990, 8.95, 534, 46999, 85.47
SILGO, EQ, 18-Sep-2026, 70.18, 69.46, 71.99, 69.46, 70.33, 70.80, 70.28, 50168, 35.26, 427, 2773, 5.53
SILINV, EQ, 18-Sep-2026, 438.40, 437.95, 455.00, 434.00, 446.80, 446.90, 447.08, 588, 2.63, 55, 521, 88.61
SILKFLEX, SM, 18-Sep-2026, 267.00, 267.00, 280.35, 266.30, 280.35, 280.35, 277.07, 23000, 63.73, 20, 19000, 82.61
SILKY, SM, 18-Sep-2026, 71.90, 69.00, 71.95, 61.00, 66.50, 65.35, 64.47, 24800, 15.99, 20, 16800, 67.74
SILVER, EQ, 18-Sep-2026, 226.36, 231.24, 234.88, 231.05, 233.95, 233.88, 233.07, 1124622, 2621.14, 9392, 409007, 36.37
SILVER001, EQ, 18-Sep-2026, 22.94, 23.50, 23.79, 23.01, 23.79, 23.78, 23.60, 53082, 12.53, 72, 48096, 90.61
SILVER1, EQ, 18-Sep-2026, 21.98, 22.37, 22.89, 22.37, 22.82, 22.79, 22.71, 10493440, 2382.56, 7028, 5299716, 50.51
SILVER360, EQ, 18-Sep-2026, 223.42, 225.50, 230.94, 225.50, 230.04, 229.98, 229.13, 22855, 52.37, 581, 15670, 68.56
SILVERADD, EQ, 18-Sep-2026, 21.84, 22.10, 22.71, 22.10, 22.59, 22.60, 22.55, 4445826, 1002.72, 6420, 2331880, 52.45
SILVERAG, EQ, 18-Sep-2026, 220.74, 224.00, 229.08, 224.00, 227.86, 228.18, 227.36, 239735, 545.07, 3110, 92788, 38.70
SILVERAXIS, EQ, 18-Sep-2026, 225.27, 230.05, 233.79, 230.03, 232.62, 232.82, 232.21, 1004472, 2332.44, 4363, 699557, 69.64
SILVERBEES, EQ, 18-Sep-2026, 216.64, 221.10, 225.00, 221.10, 224.25, 224.07, 223.24, 28477957, 63572.88, 81286, 13038980, 45.79
SILVERBETA, EQ, 18-Sep-2026, 218.54, 221.68, 227.34, 221.68, 226.15, 226.15, 225.45, 562410, 1267.97, 5294, 265131, 47.14
SILVERBND, EQ, 18-Sep-2026, 227.01, 232.19, 236.00, 231.56, 236.00, 235.48, 234.39, 25507, 59.79, 193, 12163, 47.68
SILVERCASE, EQ, 18-Sep-2026, 22.95, 23.48, 23.82, 23.46, 23.75, 23.73, 23.66, 12962915, 3067.29, 8305, 4873393, 37.59
SILVERIETF, EQ, 18-Sep-2026, 226.19, 231.22, 234.96, 230.97, 234.00, 233.89, 233.07, 3751667, 8743.98, 16593, 1757767, 46.85
SILVERTUC, EQ, 18-Sep-2026, 149.08, 149.08, 149.09, 144.40, 147.40, 146.28, 147.11, 310512, 456.79, 5099, 106545, 34.31
SIMBHALS, BZ, 18-Sep-2026, 6.80, 6.67, 6.67, 6.67, 6.67, 6.67, 6.67, 4036, 0.27, 24, -, -
SIMCA, ST, 18-Sep-2026, 263.90, 262.00, 275.00, 262.00, 275.00, 269.50, 264.93, 33600, 89.02, 16, 33600, 100.00
SIMPLEXINF, EQ, 18-Sep-2026, 252.40, 253.30, 268.00, 249.10, 250.30, 251.40, 255.85, 211797, 541.89, 5177, 68410, 32.30
SIMPLXREA, EQ, 18-Sep-2026, 126.25, 132.00, 132.00, 120.60, 132.00, 124.20, 125.76, 5, 0.01, 4, 5, 100.00
SINCLAIR, EQ, 18-Sep-2026, 77.56, 78.87, 84.39, 78.55, 82.39, 81.93, 81.04, 60387, 48.94, 1006, 34039, 56.37
SINDHUTRAD, EQ, 18-Sep-2026, 23.27, 23.54, 24.94, 22.62, 24.51, 24.72, 23.98, 5339301, 1280.48, 5141, 2011299, 37.67
SINGERIND, EQ, 18-Sep-2026, 76.86, 76.92, 77.99, 75.30, 76.07, 76.28, 76.12, 58206, 44.30, 316, 43256, 74.32
SINTERCOM, EQ, 18-Sep-2026, 76.03, 76.41, 78.59, 75.00, 78.00, 77.10, 76.97, 403, 0.31, 27, 336, 83.37
SIRCA, EQ, 18-Sep-2026, 406.55, 410.25, 413.00, 404.00, 405.00, 406.25, 407.28, 247257, 1007.03, 4779, 138545, 56.03
SIS, EQ, 18-Sep-2026, 419.80, 419.80, 430.95, 419.00, 427.70, 428.25, 428.22, 164393, 703.96, 6190, 113153, 68.83
SITINET, BZ, 18-Sep-2026, 0.27, 0.27, 0.28, 0.27, 0.28, 0.28, 0.28, 223470, 0.62, 175, -, -
SIYSIL, EQ, 18-Sep-2026, 514.45, 512.55, 535.85, 512.55, 535.00, 527.40, 523.26, 52367, 274.02, 2909, 29570, 56.47
SJLOGISTIC, SM, 18-Sep-2026, 311.00, 310.00, 319.00, 307.15, 314.00, 314.00, 315.57, 20500, 64.69, 58, 17750, 86.59
SJS, EQ, 18-Sep-2026, 2266.00, 2297.20, 2460.00, 2280.20, 2450.00, 2422.80, 2413.65, 992502, 23955.57, 38512, 605884, 61.05
SJVN, EQ, 18-Sep-2026, 64.75, 64.84, 65.23, 63.70, 63.83, 63.95, 64.16, 4062726, 2606.56, 27865, 2782267, 68.48
SKFINDIA, EQ, 18-Sep-2026, 1541.00, 1541.00, 1639.80, 1515.00, 1534.90, 1552.60, 1568.79, 324766, 5094.89, 29013, 123768, 38.11
SKFINDUS, EQ, 18-Sep-2026, 2940.30, 2969.90, 3218.70, 2942.00, 2950.00, 2984.20, 2991.09, 1293995, 38704.60, 63743, 811274, 62.70
SKIPPER, EQ, 18-Sep-2026, 532.55, 537.00, 570.00, 532.10, 563.10, 566.20, 558.99, 1433300, 8012.07, 48097, 534488, 37.29
SKMEGGPROD, EQ, 18-Sep-2026, 231.90, 232.90, 235.90, 228.10, 229.20, 229.75, 230.90, 106551, 246.03, 2822, 59777, 56.10
SKP, SM, 18-Sep-2026, 157.60, 158.50, 160.95, 157.60, 160.95, 160.95, 159.31, 2500, 3.98, 5, 1000, 40.00
SKYGOLD, EQ, 18-Sep-2026, 793.30, 794.00, 806.75, 779.85, 785.30, 783.70, 791.09, 566838, 4484.21, 21057, 293736, 51.82
SKYTECH, SM, 18-Sep-2026, 24.00, 22.80, 25.20, 22.80, 25.20, 25.20, 23.98, 440000, 105.51, 148, 411200, 93.45
SKYWAYS, EQ, 18-Sep-2026, 117.98, 126.90, 135.35, 122.55, 124.70, 124.43, 129.40, 92941309, 120263.64, 477808, 5108247, 5.50
SLONE, ST, 18-Sep-2026, 173.00, 170.00, 173.00, 164.35, 173.00, 169.65, 167.79, 4400, 7.38, 11, 4000, 90.91
SMALL250, EQ, 18-Sep-2026, 18.10, 18.15, 18.45, 18.12, 18.38, 18.38, 18.31, 280548, 51.36, 530, 170655, 60.83
SMALLADD, EQ, 18-Sep-2026, 18.11, 18.45, 18.49, 18.11, 18.29, 18.32, 18.33, 36311, 6.66, 83, 25609, 70.53
SMALLCAP, EQ, 18-Sep-2026, 48.18, 49.17, 50.37, 48.19, 49.06, 49.09, 48.90, 1265660, 618.93, 2857, 811025, 64.08
SMALLGROWW, EQ, 18-Sep-2026, 48.11, 47.10, 49.21, 47.10, 48.50, 48.51, 48.87, 17667, 8.63, 104, 13466, 76.22
SMALLIETF, EQ, 18-Sep-2026, 18.09, 18.17, 18.38, 18.17, 18.35, 18.35, 18.25, 36738, 6.70, 84, 15150, 41.24
SMARTEN, ST, 18-Sep-2026, 53.45, 53.00, 55.00, 52.10, 55.00, 54.00, 52.68, 12000, 6.32, 6, 12000, 100.00
SMARTLINK, BE, 18-Sep-2026, 214.41, 213.62, 220.45, 213.62, 220.45, 220.45, 218.01, 1400, 3.05, 45, -, -
SMARTWORKS, EQ, 18-Sep-2026, 519.90, 519.85, 560.95, 519.85, 558.45, 547.35, 546.75, 274681, 1501.81, 4688, 230192, 83.80
SMCGLOBAL, EQ, 18-Sep-2026, 82.87, 82.00, 83.70, 80.21, 80.70, 80.94, 81.81, 467005, 382.04, 4640, 261644, 56.03
SML100CASE, EQ, 18-Sep-2026, 11.13, 11.35, 11.36, 11.14, 11.35, 11.32, 11.28, 1176113, 132.67, 1273, 903129, 76.79
SMLMAH, EQ, 18-Sep-2026, 6220.50, 6248.00, 6484.00, 6221.00, 6310.00, 6292.50, 6343.09, 53178, 3373.13, 8311, 23563, 44.31
SMLT, EQ, 18-Sep-2026, 59.98, 62.88, 62.88, 59.98, 61.42, 61.42, 61.08, 3265, 1.99, 84, 2114, 64.75
SMSPHARMA, EQ, 18-Sep-2026, 413.75, 415.80, 446.20, 415.80, 442.10, 442.95, 437.20, 1745125, 7629.67, 54253, 549857, 31.51
SNEHAA, SM, 18-Sep-2026, 44.10, 44.10, 44.50, 44.10, 44.50, 44.50, 44.30, 2000, 0.89, 2, 2000, 100.00
SNOWMAN, EQ, 18-Sep-2026, 34.72, 34.90, 35.40, 34.00, 35.25, 35.25, 34.77, 155817, 54.18, 1488, 93485, 60.00
SNXT30BEES, EQ, 18-Sep-2026, 41.91, 42.33, 42.38, 42.02, 42.18, 42.14, 42.16, 494, 0.21, 40, 471, 95.34
SNXT50BETA, EQ, 18-Sep-2026, 92.90, 93.36, 94.40, 91.63, 92.71, 92.86, 93.11, 2181, 2.03, 78, 1745, 80.01
SOBHA, EQ, 18-Sep-2026, 1189.40, 1192.70, 1225.80, 1190.50, 1215.00, 1215.20, 1213.33, 120571, 1462.92, 8956, 70291, 58.30
SOCL, SM, 18-Sep-2026, 28.50, 28.50, 28.50, 28.50, 28.50, 28.50, 28.50, 1600, 0.46, 1, 1600, 100.00
SOFTTECH, EQ, 18-Sep-2026, 500.70, 525.70, 525.70, 515.00, 525.70, 525.70, 524.75, 35070, 184.03, 393, 31639, 90.22
SOLARA, EQ, 18-Sep-2026, 741.70, 741.70, 750.40, 730.00, 744.00, 742.05, 740.13, 260108, 1925.15, 11434, 116001, 44.60
SOLARINDS, EQ, 18-Sep-2026, 18815.00, 18850.00, 19080.00, 18555.00, 18555.00, 18555.00, 18884.02, 202858, 38307.75, 43973, 93603, 46.14
SOLARWORLD, EQ, 18-Sep-2026, 133.78, 134.37, 136.39, 132.20, 135.00, 133.56, 133.99, 125558, 168.24, 3126, 59957, 47.75
SOLEX, EQ, 18-Sep-2026, 671.30, 681.35, 719.00, 673.60, 699.00, 695.10, 700.05, 122265, 855.91, 9644, 37643, 30.79
SOMANYCERA, EQ, 18-Sep-2026, 565.85, 560.75, 579.25, 557.95, 576.85, 572.60, 570.45, 103703, 591.58, 4260, 52211, 50.35
SOMATEX, EQ, 18-Sep-2026, 82.77, 82.77, 82.99, 79.30, 81.40, 80.95, 80.95, 13997, 11.33, 195, 10555, 75.41
SOMICONVEY, EQ, 18-Sep-2026, 94.60, 97.59, 97.59, 94.00, 94.38, 94.25, 95.10, 11529, 10.96, 313, 6267, 54.36
SONACOMS, EQ, 18-Sep-2026, 777.90, 780.20, 812.00, 780.20, 808.00, 808.00, 804.96, 4201864, 33823.46, 68185, 2161414, 51.44
SONAL, EQ, 18-Sep-2026, 83.12, 87.25, 87.25, 84.01, 84.01, 84.07, 85.59, 270, 0.23, 27, 88, 32.59
SONAMAC, SM, 18-Sep-2026, 32.15, 31.05, 32.50, 31.05, 31.25, 31.25, 31.43, 9000, 2.83, 6, 9000, 100.00
SONAMLTD, BE, 18-Sep-2026, 68.18, 68.18, 71.10, 68.00, 71.00, 70.27, 69.22, 28662, 19.84, 94, -, -
SONATSOFTW, EQ, 18-Sep-2026, 281.65, 282.00, 282.05, 272.20, 273.80, 274.00, 275.78, 672020, 1853.29, 14199, 326362, 48.56
SONUINFRA, ST, 18-Sep-2026, 47.70, 47.50, 48.85, 45.40, 45.40, 47.10, 45.98, 27000, 12.41, 13, 27000, 100.00
SOTL, EQ, 18-Sep-2026, 691.40, 693.00, 720.00, 686.05, 708.00, 708.05, 706.78, 236215, 1669.52, 12006, 77320, 32.73
SOUTHBANK, EQ, 18-Sep-2026, 45.88, 46.00, 46.54, 45.78, 46.09, 46.07, 46.19, 8637328, 3989.39, 32025, 4082956, 47.27
SOUTHWEST, EQ, 18-Sep-2026, 200.07, 199.00, 202.50, 193.44, 195.40, 196.11, 196.93, 197258, 388.46, 4945, 93900, 47.60
SPAL, EQ, 18-Sep-2026, 1003.10, 998.20, 1012.90, 981.00, 990.00, 994.30, 995.83, 23776, 236.77, 3117, 9938, 41.80
SPANDANA, EQ, 18-Sep-2026, 227.02, 227.02, 231.30, 227.00, 228.10, 229.25, 228.98, 74230, 169.97, 2099, 44252, 59.61
SPARC, EQ, 18-Sep-2026, 193.16, 193.16, 198.60, 192.39, 194.50, 193.92, 194.83, 682997, 1330.68, 10489, 326924, 47.87
SPCENET, EQ, 18-Sep-2026, 3.19, 3.20, 3.26, 3.10, 3.16, 3.13, 3.17, 702541, 22.27, 639, 480447, 68.39
SPCL, SM, 18-Sep-2026, 64.40, 65.00, 67.50, 64.40, 64.55, 65.55, 65.96, 30600, 20.18, 42, 19800, 64.71
SPCON, SM, 18-Sep-2026, 170.00, 169.00, 198.00, 169.00, 198.00, 181.35, 176.40, 6000, 10.58, 5, 6000, 100.00
SPEB, SM, 18-Sep-2026, 89.15, 87.00, 87.00, 87.00, 87.00, 87.00, 87.00, 2000, 1.74, 1, 2000, 100.00
SPECIALITY, BE, 18-Sep-2026, 139.36, 136.00, 145.50, 136.00, 144.95, 144.89, 143.49, 33415, 47.95, 231, -, -
SPECTRUM, BE, 18-Sep-2026, 3050.40, 2990.00, 3145.00, 2955.00, 3065.00, 3039.60, 3033.80, 4924, 149.38, 560, -, -
SPECTSTM, SM, 18-Sep-2026, 60.00, 60.05, 60.05, 60.00, 60.00, 60.00, 60.02, 2400, 1.44, 3, 2400, 100.00
SPENCERS, EQ, 18-Sep-2026, 28.17, 28.50, 29.40, 27.62, 28.50, 28.38, 28.37, 28173, 7.99, 258, 21873, 77.64
SPIC, EQ, 18-Sep-2026, 66.92, 67.30, 69.09, 67.25, 69.00, 68.70, 68.28, 616680, 421.07, 3722, 297852, 48.30
SPLIL, EQ, 18-Sep-2026, 29.95, 29.65, 30.79, 29.65, 30.30, 30.30, 30.13, 1395, 0.42, 26, 1361, 97.56
SPLPETRO, EQ, 18-Sep-2026, 807.00, 811.40, 872.00, 804.90, 864.00, 865.70, 853.93, 1234723, 10543.68, 52549, 315653, 25.56
SPMLINFRA, EQ, 18-Sep-2026, 170.67, 170.00, 174.56, 167.15, 168.40, 168.23, 169.95, 101537, 172.56, 1583, 59475, 58.57
SPORTKING, EQ, 18-Sep-2026, 200.53, 201.35, 204.69, 201.00, 204.45, 203.85, 203.13, 135881, 276.02, 5860, 73370, 54.00
SPPPOLY, SM, 18-Sep-2026, 12.50, 12.95, 12.95, 12.80, 12.80, 12.80, 12.88, 4000, 0.52, 2, 4000, 100.00
SPUNWEB, SM, 18-Sep-2026, 100.90, 99.00, 99.00, 99.00, 99.00, 99.00, 99.00, 2400, 2.38, 2, 2400, 100.00
SRD, EQ, 18-Sep-2026, 39.54, 40.29, 40.29, 39.10, 39.16, 39.15, 39.65, 8341, 3.31, 108, 6608, 79.22
SREEL, BE, 18-Sep-2026, 294.03, 294.03, 300.79, 282.15, 282.31, 283.47, 287.35, 18201, 52.30, 493, -, -
SRF, EQ, 18-Sep-2026, 2536.00, 2536.60, 2569.90, 2512.00, 2512.00, 2512.00, 2540.90, 401209, 10194.30, 24715, 268409, 66.90
SRGHFL, EQ, 18-Sep-2026, 126.65, 132.05, 132.85, 127.05, 129.00, 128.15, 130.03, 45678, 59.40, 651, 33270, 72.84
SRHHYPOLTD, EQ, 18-Sep-2026, 517.60, 521.00, 525.05, 519.80, 519.80, 523.10, 523.03, 26767, 140.00, 708, 20779, 77.63
SRIKPRIND, BE, 18-Sep-2026, 27.83, 27.80, 28.90, 26.80, 26.81, 27.98, 28.23, 5520, 1.56, 48, -, -
SRIVASAVI, ST, 18-Sep-2026, 72.75, 72.75, 73.05, 71.20, 73.05, 73.05, 72.08, 4000, 2.88, 4, 4000, 100.00
SRM, EQ, 18-Sep-2026, 425.75, 425.65, 429.25, 420.65, 424.80, 423.85, 423.67, 14465, 61.28, 1296, 8541, 59.05
SRTL, EQ, 18-Sep-2026, 37.98, 37.90, 38.39, 36.50, 38.15, 38.02, 37.71, 36125, 13.62, 329, 27420, 75.90
SSDL, EQ, 18-Sep-2026, 62.08, 62.08, 62.85, 60.20, 61.36, 61.35, 61.65, 27910, 17.21, 455, 22248, 79.71
SSEGL, SM, 18-Sep-2026, 419.00, 423.00, 423.00, 411.30, 413.00, 413.20, 415.69, 67600, 281.01, 200, 52600, 77.81
SSFL, ST, 18-Sep-2026, 296.05, 281.60, 303.00, 281.25, 303.00, 303.00, 291.53, 6000, 17.49, 12, 5500, 91.67
SSWL, EQ, 18-Sep-2026, 348.25, 351.65, 378.80, 350.15, 371.10, 372.40, 371.51, 1835082, 6817.50, 41261, 689212, 37.56
STALLION, BE, 18-Sep-2026, 218.70, 220.80, 222.00, 215.00, 220.89, 220.49, 218.78, 214149, 468.51, 1513, -, -
STANLEY, EQ, 18-Sep-2026, 137.63, 137.01, 138.99, 137.01, 137.13, 137.45, 137.68, 31819, 43.81, 542, 17226, 54.14
STAR, EQ, 18-Sep-2026, 1200.20, 1202.60, 1229.40, 1200.00, 1220.00, 1219.80, 1214.71, 282913, 3436.58, 21652, 122912, 43.45
STARCEMENT, EQ, 18-Sep-2026, 188.33, 188.90, 195.79, 188.90, 193.20, 194.25, 192.43, 271084, 521.65, 5629, 176545, 65.13
STARHEALTH, EQ, 18-Sep-2026, 560.55, 558.00, 559.65, 542.10, 545.20, 547.05, 548.27, 2515581, 13792.21, 64945, 1777990, 70.68
STARPAPER, EQ, 18-Sep-2026, 155.92, 156.01, 159.50, 155.01, 158.00, 158.82, 156.98, 5933, 9.31, 160, 3410, 57.48
STARTECK, EQ, 18-Sep-2026, 237.45, 240.00, 261.50, 236.10, 240.00, 240.00, 246.59, 201, 0.50, 16, 191, 95.02
STCINDIA, EQ, 18-Sep-2026, 111.40, 112.30, 113.15, 111.10, 111.40, 111.54, 111.72, 9715, 10.85, 182, 7047, 72.54
STEAMHOUSE, EQ, 18-Sep-2026, 102.55, 100.70, 106.00, 95.01, 98.40, 97.98, 100.59, 23967427, 24109.91, 119123, 8162325, 34.06
STEELCAS, EQ, 18-Sep-2026, 303.45, 306.85, 323.00, 306.85, 320.80, 319.90, 317.98, 92629, 294.54, 2932, 54276, 58.60
STEELCITY, EQ, 18-Sep-2026, 85.77, 85.50, 86.59, 85.00, 86.00, 85.39, 85.64, 2941, 2.52, 99, 2370, 80.58
STEELXIND, EQ, 18-Sep-2026, 11.20, 11.18, 11.90, 11.18, 11.64, 11.74, 11.53, 6471920, 746.04, 5982, 2300292, 35.54
STEL, EQ, 18-Sep-2026, 631.90, 657.00, 658.15, 631.95, 657.00, 654.20, 648.31, 12670, 82.14, 847, 9432, 74.44
STERTOOLS, BE, 18-Sep-2026, 211.65, 210.55, 214.99, 209.95, 212.00, 213.21, 212.26, 12067, 25.61, 233, -, -
STLNETWORK, EQ, 18-Sep-2026, 40.91, 42.95, 42.95, 42.95, 42.95, 42.95, 42.95, 1250147, 536.94, 1463, 1250040, 99.99
STLSTRINF, EQ, 18-Sep-2026, 25.15, 26.00, 26.90, 23.12, 23.13, 23.47, 24.40, 28554, 6.97, 366, 11083, 38.81
STLTECH, BE, 18-Sep-2026, 827.45, 852.00, 852.00, 805.55, 815.00, 818.80, 821.37, 1735063, 14251.36, 40624, -, -
STOVEKRAFT, EQ, 18-Sep-2026, 833.65, 833.65, 840.45, 825.25, 825.50, 829.30, 831.97, 75158, 625.29, 4675, 35002, 46.57
STRIDERS, SM, 18-Sep-2026, 58.00, 58.00, 58.00, 49.95, 53.00, 52.15, 51.63, 120000, 61.95, 48, 83200, 69.33
STUDDS, EQ, 18-Sep-2026, 404.35, 408.80, 410.10, 402.75, 409.20, 407.10, 406.20, 21853, 88.77, 1261, 12690, 58.07
STUDIOLSD, SM, 18-Sep-2026, 9.20, 8.95, 9.20, 8.80, 9.20, 9.20, 8.99, 32000, 2.88, 10, 30000, 93.75
STYL, EQ, 18-Sep-2026, 365.85, 366.00, 369.95, 355.00, 358.15, 360.35, 362.89, 182909, 663.75, 6743, 109372, 59.80
STYLAMIND, EQ, 18-Sep-2026, 3238.20, 3238.20, 3308.00, 3236.60, 3301.00, 3295.50, 3288.39, 12878, 423.48, 3122, 6678, 51.86
STYLEBAAZA, EQ, 18-Sep-2026, 388.05, 385.00, 394.00, 380.35, 387.55, 386.75, 387.42, 591675, 2292.28, 11305, 301304, 50.92
STYRENIX, EQ, 18-Sep-2026, 2065.90, 2065.90, 2095.40, 2050.70, 2057.10, 2067.90, 2074.60, 22964, 476.41, 2864, 13589, 59.18
SUBAHOTELS, SM, 18-Sep-2026, 91.50, 92.95, 94.00, 91.05, 92.00, 92.00, 92.40, 20400, 18.85, 16, 16800, 82.35
SUBEXLTD, EQ, 18-Sep-2026, 19.90, 20.09, 20.68, 19.68, 20.14, 20.11, 20.18, 8841874, 1784.00, 18218, 2048055, 23.16
SUBROS, EQ, 18-Sep-2026, 689.60, 685.10, 739.00, 685.10, 717.95, 720.30, 716.99, 73793, 529.09, 4803, 31331, 42.46
SUDARCOLOR, EQ, 18-Sep-2026, 377.60, 379.45, 382.90, 376.55, 379.00, 379.60, 378.96, 2802, 10.62, 114, 1700, 60.67
SUDARSCHEM, EQ, 18-Sep-2026, 1205.40, 1203.80, 1278.00, 1199.40, 1277.10, 1263.50, 1260.20, 318843, 4018.06, 19327, 134587, 42.21
SUDEEPPHRM, EQ, 18-Sep-2026, 1105.40, 1107.20, 1160.60, 1107.20, 1150.00, 1155.00, 1146.80, 217226, 2491.14, 15643, 123403, 56.81
SUKHJITS, EQ, 18-Sep-2026, 160.71, 161.80, 162.98, 160.36, 160.90, 161.95, 161.79, 16431, 26.58, 405, 10570, 64.33
SULA, EQ, 18-Sep-2026, 135.90, 135.90, 136.99, 134.10, 134.70, 134.49, 134.82, 213274, 287.53, 4223, 109222, 51.21
SUMAX, SM, 18-Sep-2026, 119.50, 120.00, 122.75, 114.00, 114.00, 114.50, 116.22, 79200, 92.04, 65, 56400, 71.21
SUMEDHA, EQ, 18-Sep-2026, 44.61, 44.16, 46.39, 42.52, 44.40, 44.40, 44.41, 1646, 0.73, 20, 1591, 96.66
SUMEETINDS, EQ, 18-Sep-2026, 9.35, 9.35, 9.66, 9.30, 9.58, 9.56, 9.48, 1016943, 96.39, 1382, 779312, 76.63
SUMICHEM, EQ, 18-Sep-2026, 455.45, 456.55, 469.00, 455.75, 459.90, 460.85, 462.63, 605290, 2800.28, 42349, 323632, 53.47
SUMIT, EQ, 18-Sep-2026, 48.66, 50.00, 50.00, 47.03, 49.88, 49.43, 49.78, 5452, 2.71, 99, 4723, 86.63
SUMMITSEC, EQ, 18-Sep-2026, 1384.80, 1392.00, 1419.90, 1389.00, 1415.90, 1412.00, 1403.31, 1257, 17.64, 200, 885, 70.41
SUNCLAY, EQ, 18-Sep-2026, 1252.80, 1270.90, 1279.20, 1251.00, 1266.90, 1254.60, 1258.16, 2172, 27.33, 246, 1553, 71.50
SUNDARAM, EQ, 18-Sep-2026, 1.18, 1.18, 1.21, 1.16, 1.16, 1.16, 1.18, 522850, 6.15, 288, 423366, 80.97
SUNDARMFIN, EQ, 18-Sep-2026, 4662.80, 4634.50, 4790.00, 4630.00, 4749.00, 4730.60, 4714.67, 179114, 8444.63, 29074, 123510, 68.96
SUNDRMBRAK, BE, 18-Sep-2026, 692.10, 685.00, 720.00, 685.00, 696.10, 696.10, 707.74, 365, 2.58, 15, -, -
SUNDRMFAST, EQ, 18-Sep-2026, 1226.70, 1229.00, 1240.60, 1221.50, 1222.20, 1228.20, 1228.55, 237526, 2918.11, 16550, 149700, 63.02
SUNDROP, EQ, 18-Sep-2026, 657.40, 671.40, 671.50, 660.10, 665.95, 663.40, 664.48, 1428, 9.49, 255, 866, 60.64
SUNFLAG, EQ, 18-Sep-2026, 343.70, 346.80, 354.00, 343.00, 343.50, 345.10, 347.40, 219245, 761.65, 5714, 107513, 49.04
SUNLITE, SM, 18-Sep-2026, 629.65, 645.00, 665.00, 642.05, 645.00, 644.90, 653.20, 12300, 80.34, 40, 8100, 65.85
SUNLOC, EQ, 18-Sep-2026, 73.49, 73.49, 73.49, 73.49, 73.49, 73.49, 73.49, 1, 0.00, 1, 1, 100.00
SUNPHARMA, EQ, 18-Sep-2026, 1867.30, 1866.10, 1877.20, 1837.30, 1837.30, 1837.30, 1849.88, 2896860, 53588.56, 99771, 2093616, 72.27
SUNRAKSHAK, EQ, 18-Sep-2026, 362.10, 369.65, 369.95, 363.50, 366.00, 368.50, 366.01, 3601, 13.18, 206, 2525, 70.12
SUNREST, SM, 18-Sep-2026, 37.75, 37.75, 37.75, 37.15, 37.15, 37.35, 37.45, 6400, 2.40, 4, 6400, 100.00
SUNSHIEL, EQ, 18-Sep-2026, 1215.70, 1242.00, 1242.00, 1218.80, 1236.00, 1233.30, 1230.42, 2481, 30.53, 306, 1505, 60.66
SUNSHINE, EQ, 18-Sep-2026, 394.00, 399.00, 413.50, 390.65, 396.50, 398.30, 400.70, 1408607, 5644.33, 24977, 408647, 29.01
SUNTECH, SM, 18-Sep-2026, 36.80, 35.20, 36.80, 35.20, 36.80, 36.80, 36.26, 8000, 2.90, 5, 6400, 80.00
SUNTECK, EQ, 18-Sep-2026, 281.25, 281.20, 298.00, 280.80, 296.00, 294.05, 290.18, 126393, 366.76, 3491, 71699, 56.73
SUNTV, EQ, 18-Sep-2026, 468.40, 469.80, 470.40, 449.05, 449.80, 451.70, 454.59, 943160, 4287.56, 32202, 595398, 63.13
SUPERHOUSE, EQ, 18-Sep-2026, 167.58, 171.95, 171.95, 160.10, 165.01, 165.10, 165.79, 7472, 12.39, 242, 5817, 77.85
SUPERSPIN, BE, 18-Sep-2026, 7.19, 7.19, 7.52, 7.12, 7.26, 7.26, 7.37, 17270, 1.27, 53, -, -
SUPRAJIT, EQ, 18-Sep-2026, 484.75, 484.75, 502.70, 482.25, 501.50, 499.05, 496.70, 184177, 914.82, 8872, 105288, 57.17
SUPREME, EQ, 18-Sep-2026, 32.21, 32.22, 33.30, 31.68, 31.99, 32.00, 32.60, 10410, 3.39, 184, 7358, 70.68
SUPREMEENG, BZ, 18-Sep-2026, 3.51, 3.58, 3.58, 3.58, 3.58, 3.58, 3.58, 420602, 15.06, 113, -, -
SUPREMEIND, EQ, 18-Sep-2026, 3344.40, 3347.40, 3580.30, 3347.40, 3580.30, 3580.30, 3471.17, 469754, 16305.94, 32586, 153015, 32.57
SUPREMEINF, EQ, 18-Sep-2026, 82.65, 84.49, 84.49, 79.35, 80.89, 79.88, 80.12, 32459, 26.01, 285, 27920, 86.02
SUPREMEPWR, SM, 18-Sep-2026, 210.85, 212.95, 215.90, 205.15, 207.60, 207.35, 211.48, 37500, 79.30, 59, 26000, 69.33
SUPRIYA, EQ, 18-Sep-2026, 900.65, 900.65, 920.00, 895.75, 910.00, 906.30, 907.67, 130367, 1183.30, 8911, 55139, 42.30
SUPTANERY, BE, 18-Sep-2026, 8.78, 8.50, 9.21, 8.35, 9.21, 9.21, 8.73, 157913, 13.79, 332, -, -
SURAJEST, EQ, 18-Sep-2026, 177.39, 178.25, 195.62, 176.70, 192.79, 192.25, 190.15, 641088, 1219.01, 10893, 249726, 38.95
SURAJLTD, EQ, 18-Sep-2026, 201.90, 201.89, 201.89, 197.03, 200.79, 200.79, 200.09, 436, 0.87, 17, 408, 93.58
SURAKSHA, EQ, 18-Sep-2026, 328.95, 328.95, 338.00, 327.55, 335.15, 335.10, 334.84, 117799, 394.44, 3463, 75083, 63.74
SURANASOL, EQ, 18-Sep-2026, 25.03, 24.90, 25.95, 24.86, 25.70, 25.50, 25.48, 59455, 15.15, 609, 37246, 62.65
SURANAT&P, EQ, 18-Sep-2026, 15.85, 15.75, 17.20, 15.75, 16.40, 16.39, 16.61, 133228, 22.13, 683, 60525, 45.43
SURYALA, EQ, 18-Sep-2026, 400.25, 405.00, 405.00, 395.00, 395.00, 395.00, 395.26, 39, 0.15, 4, 39, 100.00
SURYALAXMI, EQ, 18-Sep-2026, 57.79, 58.07, 58.87, 57.00, 57.20, 57.76, 57.72, 2230, 1.29, 25, 2159, 96.82
SURYAROSNI, EQ, 18-Sep-2026, 209.97, 210.95, 212.84, 209.05, 210.01, 210.62, 210.68, 604194, 1272.89, 8444, 416499, 68.93
SURYODAY, EQ, 18-Sep-2026, 146.51, 146.95, 147.31, 145.30, 145.50, 146.63, 146.39, 147616, 216.10, 2798, 97932, 66.34
SUTLEJTEX, BE, 18-Sep-2026, 38.61, 38.50, 39.00, 37.50, 38.80, 38.12, 38.26, 39942, 15.28, 146, -, -
SUVEN, EQ, 18-Sep-2026, 349.85, 353.80, 353.80, 338.00, 344.50, 341.55, 344.15, 261686, 900.60, 9848, 106447, 40.68
SUVIDHAA, EQ, 18-Sep-2026, 2.20, 2.20, 2.30, 2.20, 2.22, 2.22, 2.22, 49615, 1.10, 143, 40493, 81.61
SUYOG, EQ, 18-Sep-2026, 664.25, 671.50, 671.50, 645.20, 650.00, 649.40, 653.61, 25191, 164.65, 1758, 15155, 60.16
SUZLON, EQ, 18-Sep-2026, 42.54, 42.90, 43.75, 42.67, 43.14, 43.14, 43.31, 63471191, 27490.00, 68918, 32916322, 51.86
SVGLOBAL, EQ, 18-Sep-2026, 128.26, 127.50, 153.91, 126.40, 153.90, 147.92, 142.10, 6683, 9.50, 142, 5800, 86.79
SVLL, EQ, 18-Sep-2026, 818.35, 818.45, 825.00, 801.00, 814.00, 815.85, 812.48, 1039, 8.44, 47, 877, 84.41
SVPGLOB, EQ, 18-Sep-2026, 3.35, 3.47, 3.51, 3.27, 3.50, 3.49, 3.44, 18472, 0.63, 98, 14832, 80.29
SWANCORP, EQ, 18-Sep-2026, 289.80, 287.80, 297.00, 287.30, 294.50, 294.95, 292.56, 1412160, 4131.42, 17943, 437876, 31.01
SWANDEF, BE, 18-Sep-2026, 2720.80, 2720.80, 2764.00, 2660.00, 2754.00, 2746.40, 2735.44, 30702, 839.84, 1120, -, -
SWARAJ, BE, 18-Sep-2026, 287.40, 273.05, 287.00, 273.05, 273.05, 273.05, 273.48, 404231, 1105.49, 602, -, -
SWARAJENG, EQ, 18-Sep-2026, 3552.90, 3552.40, 3635.00, 3542.10, 3629.00, 3625.10, 3586.20, 6970, 249.96, 1420, 4284, 61.46
SWARNSAR, EQ, 18-Sep-2026, 38.72, 38.72, 38.98, 37.66, 38.97, 38.96, 37.93, 862, 0.33, 14, 853, 98.96
SWASTIK, ST, 18-Sep-2026, 16.40, 16.90, 16.90, 16.55, 16.60, 16.60, 16.63, 6000, 1.00, 5, 6000, 100.00
SWELECTES, EQ, 18-Sep-2026, 552.75, 560.00, 560.00, 550.00, 554.00, 556.80, 556.10, 8473, 47.12, 716, 5038, 59.46
SWIGGY, EQ, 18-Sep-2026, 276.50, 277.00, 280.00, 273.05, 273.05, 273.05, 275.80, 20140282, 55547.90, 54307, 14789669, 73.43
SWISSMLTRY, BE, 18-Sep-2026, 14.76, 14.95, 15.39, 14.51, 14.79, 14.78, 14.92, 58881, 8.78, 268, -, -
SWSOLAR, EQ, 18-Sep-2026, 179.22, 180.00, 180.97, 174.40, 174.50, 176.06, 177.54, 1209329, 2146.99, 11583, 743716, 61.50
SYMBIOTEC, EQ, 18-Sep-2026, 1045.60, 1050.00, 1106.90, 1048.00, 1097.70, 1095.10, 1080.38, 1099366, 11877.30, 59275, 394025, 35.84
SYMPHONY, EQ, 18-Sep-2026, 584.90, 581.80, 604.80, 580.10, 593.00, 598.65, 592.90, 71400, 423.33, 3258, 36061, 50.51
SYNCOMF, EQ, 18-Sep-2026, 18.78, 18.80, 20.25, 18.80, 20.09, 20.04, 19.85, 10260532, 2036.45, 18764, 3264822, 31.82
SYNGENE, EQ, 18-Sep-2026, 380.20, 379.10, 384.00, 366.65, 368.05, 369.05, 372.05, 2498133, 9294.35, 61803, 1702612, 68.16
SYNOPTICS, ST, 18-Sep-2026, 44.60, 46.40, 46.40, 46.40, 46.40, 46.40, 46.40, 600, 0.28, 1, 600, 100.00
SYRMA, EQ, 18-Sep-2026, 1617.70, 1614.10, 1764.00, 1612.00, 1720.00, 1728.90, 1724.54, 10474149, 180630.72, 322333, 1426445, 13.62
SYSTANGO, SM, 18-Sep-2026, 220.00, 221.00, 222.65, 216.20, 222.65, 222.65, 218.82, 12800, 28.01, 30, 7600, 59.38
SYSTMTXC, BE, 18-Sep-2026, 72.67, 74.12, 74.12, 74.12, 74.12, 74.12, 74.12, 3449, 2.56, 31, -, -
TAALTECH, EQ, 18-Sep-2026, 5349.20, 5359.90, 5483.80, 5250.10, 5409.00, 5416.30, 5405.14, 11685, 631.59, 2775, 4431, 37.92
TAC, ST, 18-Sep-2026, 493.95, 494.00, 508.40, 482.05, 493.70, 490.90, 487.88, 21600, 105.38, 85, 20000, 92.59
TAINWALCHM, EQ, 18-Sep-2026, 210.04, 208.00, 215.00, 208.00, 211.50, 213.11, 213.37, 2239, 4.78, 47, 1737, 77.58
TAJGVK, EQ, 18-Sep-2026, 333.40, 335.00, 336.05, 331.00, 333.80, 334.70, 333.58, 51856, 172.98, 2150, 26074, 50.28
TAKE, EQ, 18-Sep-2026, 16.79, 16.16, 16.50, 15.96, 15.96, 15.96, 16.04, 236867, 38.00, 563, 137558, 58.07
TALBROAUTO, EQ, 18-Sep-2026, 435.20, 442.00, 480.80, 437.50, 478.00, 476.70, 468.68, 1960823, 9190.00, 46426, 485231, 24.75
TAMBOLIIN, BE, 18-Sep-2026, 292.45, 306.75, 306.75, 290.00, 302.00, 301.45, 300.23, 5703, 17.12, 54, -, -
TANAA, EQ, 18-Sep-2026, 266.05, 266.05, 274.00, 263.25, 267.00, 266.35, 266.32, 9722, 25.89, 550, 6632, 68.22
TANKUP, ST, 18-Sep-2026, 1614.95, 1647.20, 1647.20, 1645.00, 1645.95, 1645.95, 1646.26, 1250, 20.58, 5, 1250, 100.00
TANLA, EQ, 18-Sep-2026, 495.15, 498.50, 499.05, 486.80, 488.95, 489.25, 491.19, 400725, 1968.33, 11880, 202976, 50.65
TAPIFRUIT, SM, 18-Sep-2026, 46.55, 44.25, 44.25, 44.25, 44.25, 44.25, 44.25, 750, 0.33, 1, 750, 100.00
TARACHAND, EQ, 18-Sep-2026, 46.80, 47.80, 48.50, 46.51, 48.00, 47.69, 47.22, 34465, 16.28, 330, 24683, 71.62
TARAPUR, EQ, 18-Sep-2026, 12.46, 12.46, 12.87, 12.10, 12.63, 12.55, 12.44, 25602, 3.18, 246, 15957, 62.33
TARC, EQ, 18-Sep-2026, 130.69, 131.18, 134.99, 129.01, 132.75, 133.09, 132.51, 537993, 712.91, 5215, 306255, 56.93
TARIL, EQ, 18-Sep-2026, 276.00, 278.10, 285.25, 278.10, 280.50, 279.85, 281.34, 1238672, 3484.82, 23363, 530008, 42.79
TARMAT, EQ, 18-Sep-2026, 56.56, 59.60, 59.60, 57.24, 57.60, 57.76, 57.89, 3487, 2.02, 129, 2079, 59.62
TARSONS, EQ, 18-Sep-2026, 307.80, 311.25, 317.80, 303.55, 304.15, 306.10, 311.36, 133321, 415.11, 4251, 41182, 30.89
TASTYBITE, EQ, 18-Sep-2026, 9944.00, 10049.00, 10095.00, 9816.00, 9950.00, 9901.00, 9949.68, 1518, 151.04, 601, 765, 50.40
TATACAP, EQ, 18-Sep-2026, 343.65, 345.00, 355.00, 344.30, 351.95, 351.35, 349.81, 2404143, 8409.91, 89652, 1482206, 61.65
TATACHEM, EQ, 18-Sep-2026, 779.30, 729.00, 741.35, 687.10, 689.40, 693.25, 709.84, 14086032, 99988.47, 241197, 3546449, 25.18
TATACOMM, EQ, 18-Sep-2026, 1791.60, 1794.80, 1805.00, 1743.30, 1770.00, 1780.10, 1774.91, 713124, 12657.31, 59784, 439570, 61.64
TATACONSUM, EQ, 18-Sep-2026, 1013.70, 1016.20, 1018.70, 996.00, 996.00, 996.00, 1003.17, 2076522, 20831.08, 41806, 1384317, 66.67
TATAELXSI, EQ, 18-Sep-2026, 3381.80, 3399.00, 3399.00, 3266.70, 3266.70, 3266.70, 3326.64, 297430, 9894.44, 25429, 156055, 52.47
TATAGOLD, EQ, 18-Sep-2026, 14.62, 14.73, 14.91, 14.73, 14.84, 14.85, 14.82, 55967837, 8295.58, 59085, 27426404, 49.00
TATAINVEST, EQ, 18-Sep-2026, 719.30, 688.00, 707.85, 682.55, 700.95, 702.35, 696.47, 2361598, 16447.83, 72355, 437943, 18.54
TATAPOWER, EQ, 18-Sep-2026, 369.00, 364.80, 374.80, 360.90, 374.80, 374.80, 369.06, 5102671, 18831.91, 39748, 3159710, 61.92
TATASTEEL, EQ, 18-Sep-2026, 187.29, 186.40, 187.96, 185.54, 185.54, 185.54, 186.35, 29014128, 54067.06, 107372, 17832092, 61.46
TATATECH, EQ, 18-Sep-2026, 758.75, 761.40, 761.40, 716.10, 719.00, 722.45, 729.00, 2215517, 16151.20, 72102, 947546, 42.77
TATSILV, EQ, 18-Sep-2026, 21.99, 22.48, 22.87, 22.47, 22.76, 22.74, 22.66, 58813645, 13324.47, 46662, 31406574, 53.40
TATVA, EQ, 18-Sep-2026, 1709.60, 1712.00, 1787.80, 1702.50, 1761.00, 1770.20, 1750.69, 91966, 1610.04, 8619, 39680, 43.15
TAURIAN, ST, 18-Sep-2026, 492.65, 508.00, 517.25, 503.00, 517.25, 517.25, 512.52, 28800, 147.61, 35, 25600, 88.89
TBI, SM, 18-Sep-2026, 77.15, 78.00, 83.20, 78.00, 83.20, 82.45, 81.93, 28800, 23.60, 41, 24600, 85.42
TBOTEK, EQ, 18-Sep-2026, 1647.70, 1650.00, 1728.70, 1643.70, 1715.00, 1710.60, 1708.33, 212106, 3623.47, 23751, 87906, 41.44
TBZ, EQ, 18-Sep-2026, 574.85, 603.55, 603.55, 585.10, 603.55, 603.55, 601.40, 1436925, 8641.70, 7378, 514997, 35.84
TCC, EQ, 18-Sep-2026, 51.25, 51.36, 51.86, 49.30, 50.00, 49.85, 50.03, 705212, 352.82, 3718, 205547, 29.15
TCI, EQ, 18-Sep-2026, 826.55, 826.55, 838.80, 821.55, 829.50, 829.80, 828.47, 20300, 168.18, 4256, 11048, 54.42
TCIEXP, EQ, 18-Sep-2026, 490.75, 494.90, 497.35, 481.05, 481.25, 485.35, 488.39, 20352, 99.40, 1200, 14203, 69.79
TCIFINANCE, EQ, 18-Sep-2026, 14.62, 15.24, 15.80, 14.56, 15.73, 15.58, 15.15, 64732, 9.81, 276, 45967, 71.01
TCL, SM, 18-Sep-2026, 125.05, 123.80, 138.55, 122.00, 131.55, 132.30, 133.80, 79200, 105.97, 89, 56000, 70.71
TCPLPACK, EQ, 18-Sep-2026, 3863.40, 3860.60, 3901.70, 3826.00, 3832.00, 3844.20, 3858.12, 1645, 63.47, 574, 743, 45.17
TCS, EQ, 18-Sep-2026, 2190.00, 2177.20, 2177.30, 2101.20, 2105.00, 2105.00, 2117.95, 6875428, 145618.29, 188367, 3972356, 57.78
TDPOWERSYS, EQ, 18-Sep-2026, 722.10, 726.00, 770.00, 725.15, 768.00, 763.75, 753.49, 3139171, 23653.32, 100287, 1467492, 46.75
TEAMGTY, EQ, 18-Sep-2026, 235.00, 235.00, 242.90, 235.00, 238.50, 238.50, 235.10, 2034, 4.78, 12, 2012, 98.92
TEAMLEASE, EQ, 18-Sep-2026, 1226.70, 1226.70, 1238.50, 1200.60, 1202.40, 1219.00, 1220.80, 21622, 263.96, 2460, 13005, 60.15
TEAMTECH, ST, 18-Sep-2026, 125.65, 125.65, 131.90, 125.65, 131.90, 131.90, 130.73, 26000, 33.99, 13, 26000, 100.00
TECH, EQ, 18-Sep-2026, 31.99, 31.85, 32.39, 31.30, 31.49, 31.55, 31.49, 144353, 45.46, 678, 109105, 75.58
TECHD, SM, 18-Sep-2026, 580.65, 580.00, 590.05, 564.50, 580.05, 582.85, 577.05, 13200, 76.17, 43, 8400, 63.64
TECHERA, SM, 18-Sep-2026, 160.50, 160.50, 160.50, 155.35, 159.10, 159.10, 157.32, 33600, 52.86, 37, 24000, 71.43
TECHLABS, SM, 18-Sep-2026, 127.45, 122.15, 126.10, 121.15, 123.00, 122.65, 123.57, 19375, 23.94, 104, 12125, 62.58
TECHM, EQ, 18-Sep-2026, 1561.00, 1558.30, 1561.20, 1523.10, 1537.10, 1537.10, 1536.49, 3113722, 47841.98, 53691, 1889780, 60.69
TECHNOCRAF, EQ, 18-Sep-2026, 439.15, 441.05, 459.20, 436.00, 439.00, 440.80, 442.91, 859607, 3807.31, 13289, 379349, 44.13
TECHNOE, EQ, 18-Sep-2026, 984.70, 990.30, 1039.00, 989.60, 1035.75, 1030.45, 1016.72, 286285, 2910.71, 20071, 151935, 53.07
TECHNVISN, EQ, 18-Sep-2026, 4144.00, 3941.50, 4351.00, 3941.00, 4350.00, 4349.00, 4174.58, 752, 31.39, 133, 589, 78.32
TECILCHEM, EQ, 18-Sep-2026, 9.76, 9.76, 10.00, 9.23, 9.60, 9.77, 9.76, 3009, 0.29, 45, 2812, 93.45
TEGA, EQ, 18-Sep-2026, 1920.00, 1888.20, 1970.00, 1887.30, 1948.00, 1943.00, 1943.80, 1144337, 22243.67, 60109, 229605, 20.06
TEJA, SM, 18-Sep-2026, 224.40, 228.00, 235.50, 228.00, 228.00, 235.00, 234.01, 101400, 237.29, 60, 89400, 88.17
TEJASCARGO, SM, 18-Sep-2026, 420.00, 406.00, 406.00, 406.00, 406.00, 406.00, 406.00, 400, 1.62, 1, 400, 100.00
TEJASNET, EQ, 18-Sep-2026, 524.25, 525.80, 527.70, 514.80, 520.00, 518.30, 519.62, 1522105, 7909.21, 32899, 424227, 27.87
TEMBO, EQ, 18-Sep-2026, 56.57, 57.00, 57.00, 55.90, 56.60, 56.19, 56.23, 302439, 170.07, 1830, 170371, 56.33
TEMPSENS, EQ, 18-Sep-2026, 541.55, 542.80, 552.40, 524.50, 529.80, 531.60, 536.47, 1265503, 6789.02, 30384, 331794, 26.22
TENNIND, EQ, 18-Sep-2026, 514.05, 515.50, 524.90, 511.95, 518.00, 517.90, 519.30, 1072952, 5571.83, 28501, 717161, 66.84
TERASOFT, EQ, 18-Sep-2026, 225.45, 231.95, 243.35, 226.05, 238.00, 236.60, 235.08, 26937, 63.32, 1829, 11404, 42.34
TEXINFRA, EQ, 18-Sep-2026, 115.13, 114.88, 115.89, 112.67, 113.58, 113.54, 113.42, 245506, 278.45, 1625, 159193, 64.84
TEXMOPIPES, EQ, 18-Sep-2026, 62.24, 62.70, 64.40, 60.82, 61.50, 61.49, 62.90, 315163, 198.23, 2623, 169318, 53.72
TEXRAIL, EQ, 18-Sep-2026, 111.69, 112.00, 116.00, 111.76, 115.19, 114.66, 114.37, 2196519, 2512.08, 14672, 840662, 38.27
TFCILTD, EQ, 18-Sep-2026, 139.06, 139.70, 141.02, 139.00, 140.04, 139.62, 139.52, 12165117, 16972.55, 22033, 4542751, 37.34
TFL, EQ, 18-Sep-2026, 11.81, 11.83, 12.09, 11.83, 12.00, 11.99, 11.99, 56, 0.01, 6, 53, 94.64
TGBHOTELS, EQ, 18-Sep-2026, 9.37, 9.37, 9.89, 9.37, 9.41, 9.41, 9.49, 5102, 0.48, 67, 3826, 74.99
TGL, ST, 18-Sep-2026, 15.55, 15.25, 15.25, 15.25, 15.25, 15.25, 15.25, 8200, 1.25, 21, 8200, 100.00
TGVSL, EQ, 18-Sep-2026, 102.58, 103.00, 103.50, 102.10, 102.90, 102.59, 102.77, 44012, 45.23, 547, 25975, 59.02
THACKER, EQ, 18-Sep-2026, 949.00, 1030.00, 1030.00, 1000.00, 1030.00, 1030.00, 1008.57, 21, 0.21, 7, 21, 100.00
THAKDEV, EQ, 18-Sep-2026, 128.15, 127.51, 127.51, 127.51, 127.51, 127.51, 127.51, 6, 0.01, 1, 6, 100.00
THANGAMAYL, EQ, 18-Sep-2026, 4811.00, 4844.00, 5051.50, 4794.50, 5051.50, 5044.50, 5030.54, 386791, 19457.66, 19522, 252288, 65.23
THEINVEST, EQ, 18-Sep-2026, 95.52, 95.99, 96.00, 91.85, 94.05, 94.27, 93.81, 2967, 2.78, 93, 1955, 65.89
THEJO, EQ, 18-Sep-2026, 2183.40, 2183.40, 2223.60, 2157.10, 2208.00, 2199.70, 2201.70, 6505, 143.22, 863, 4031, 61.97
THELEELA, EQ, 18-Sep-2026, 530.00, 530.00, 549.70, 527.05, 537.25, 540.55, 539.43, 124085, 669.35, 9408, 68720, 55.38
THEMISMED, EQ, 18-Sep-2026, 119.85, 118.82, 126.58, 118.82, 125.99, 123.97, 122.43, 78797, 96.47, 2183, 27719, 35.18
THERMAX, EQ, 18-Sep-2026, 3569.50, 3569.50, 3599.00, 3522.40, 3540.00, 3551.90, 3553.62, 238396, 8471.68, 41974, 139990, 58.72
THOMASCOOK, EQ, 18-Sep-2026, 103.42, 103.42, 107.38, 103.20, 107.20, 106.04, 105.46, 997099, 1051.53, 5706, 569013, 57.07
THOMASCOTT, EQ, 18-Sep-2026, 234.90, 239.00, 239.00, 230.00, 238.00, 236.55, 233.47, 23906, 55.81, 929, 15621, 65.34
THYROCARE, EQ, 18-Sep-2026, 559.25, 561.00, 568.00, 553.85, 555.30, 555.80, 560.01, 244576, 1369.66, 14018, 155343, 63.52
TI, EQ, 18-Sep-2026, 543.85, 551.00, 575.60, 550.55, 565.00, 568.70, 566.73, 1687493, 9563.56, 58572, 668655, 39.62
TICL, BE, 18-Sep-2026, 6.11, 6.09, 6.10, 5.81, 5.87, 5.85, 5.83, 292004, 17.03, 381, -, -
TIGERLOGS, EQ, 18-Sep-2026, 26.66, 27.19, 27.40, 25.95, 26.25, 26.13, 26.45, 77418, 20.48, 992, 57462, 74.22
TIIL, EQ, 18-Sep-2026, 3049.70, 3059.90, 3118.00, 3025.50, 3054.10, 3054.10, 3064.22, 34329, 1051.92, 7180, 17127, 49.89
TIINDIA, EQ, 18-Sep-2026, 2598.80, 2598.90, 2637.80, 2571.50, 2600.00, 2600.00, 2598.37, 293372, 7622.89, 27173, 188357, 64.20
TIJARIA, BE, 18-Sep-2026, 7.72, 7.74, 8.10, 7.34, 7.72, 7.40, 7.60, 80102, 6.09, 145, -, -
TIL, BE, 18-Sep-2026, 249.94, 252.00, 261.94, 250.00, 257.50, 257.51, 257.33, 145867, 375.36, 699, -, -
TIMESCAN, SM, 18-Sep-2026, 37.60, 39.45, 39.45, 39.45, 39.45, 39.45, 39.45, 2000, 0.79, 1, 2000, 100.00
TIMETECHNO, EQ, 18-Sep-2026, 174.54, 176.25, 180.67, 176.05, 179.99, 179.24, 178.41, 3604165, 6430.09, 33662, 874840, 24.27
TIMEX, EQ, 18-Sep-2026, 611.10, 613.05, 729.00, 613.05, 720.00, 714.20, 697.53, 6651306, 46394.59, 169625, 908794, 13.66
TIMKEN, EQ, 18-Sep-2026, 3185.10, 3172.60, 3269.00, 3091.00, 3135.00, 3124.20, 3141.88, 132715, 4169.74, 25475, 77249, 58.21
TINNARUBR, EQ, 18-Sep-2026, 1000.75, 1000.00, 1030.00, 1000.00, 1021.80, 1018.75, 1017.90, 22220, 226.18, 2580, 9046, 40.71
TIPSFILMS, EQ, 18-Sep-2026, 318.50, 333.95, 334.00, 318.10, 319.00, 320.35, 321.11, 1585, 5.09, 133, 827, 52.18
TIPSMUSIC, EQ, 18-Sep-2026, 656.60, 656.50, 667.00, 644.15, 654.15, 657.70, 657.73, 502106, 3302.52, 21538, 302800, 60.31
TIRUMALCHM, EQ, 18-Sep-2026, 155.56, 155.56, 163.49, 155.51, 158.60, 158.54, 159.94, 657447, 1051.52, 7745, 333380, 50.71
TIRUPATIFL, BE, 18-Sep-2026, 64.48, 64.10, 67.70, 63.80, 67.70, 67.68, 66.93, 328776, 220.04, 938, -, -
TITAGARH, EQ, 18-Sep-2026, 827.15, 827.15, 849.90, 827.15, 840.00, 837.65, 839.03, 475698, 3991.25, 21220, 147375, 30.98
TITAN, EQ, 18-Sep-2026, 4841.00, 4851.00, 4864.50, 4772.00, 4798.50, 4798.50, 4808.54, 1066023, 51260.09, 53201, 755286, 70.85
TMB, EQ, 18-Sep-2026, 891.45, 894.50, 905.45, 889.05, 889.10, 895.75, 897.19, 242023, 2171.41, 15832, 148416, 61.32
TMCV, EQ, 18-Sep-2026, 436.10, 436.00, 445.00, 430.20, 440.35, 442.90, 439.01, 13129939, 57641.26, 116435, 7908093, 60.23
TMPV, EQ, 18-Sep-2026, 314.50, 309.60, 310.00, 301.50, 303.80, 303.80, 304.66, 18037112, 54952.02, 104010, 10065798, 55.81
TNIDETF, EQ, 18-Sep-2026, 88.37, 88.38, 89.33, 87.48, 88.00, 88.34, 88.08, 57856, 50.96, 450, 35050, 60.58
TNPETRO, EQ, 18-Sep-2026, 127.34, 128.85, 129.96, 122.84, 125.35, 125.73, 125.11, 848214, 1061.22, 12015, 308648, 36.39
TNPL, EQ, 18-Sep-2026, 144.64, 144.64, 149.45, 144.10, 149.00, 148.34, 147.34, 256191, 377.47, 5079, 128844, 50.29
TNTELE, EQ, 18-Sep-2026, 8.84, 8.72, 9.10, 8.71, 8.76, 8.86, 8.81, 7387, 0.65, 67, 4917, 66.56
TOKYOPLAST, EQ, 18-Sep-2026, 75.60, 77.79, 77.79, 74.11, 75.83, 75.67, 74.94, 400, 0.30, 18, 263, 65.75
TOLINS, EQ, 18-Sep-2026, 88.22, 88.50, 88.75, 87.52, 88.69, 88.02, 88.03, 21237, 18.70, 905, 14546, 68.49
TOP100CASE, EQ, 18-Sep-2026, 10.26, 10.05, 10.47, 10.05, 10.27, 10.30, 10.29, 253788, 26.11, 856, 162509, 64.03
TOP10ADD, EQ, 18-Sep-2026, 85.42, 84.90, 85.12, 84.60, 84.89, 84.80, 84.91, 953150, 809.29, 846, 904022, 94.85
TOP15IETF, EQ, 18-Sep-2026, 9.56, 9.53, 9.60, 9.46, 9.54, 9.49, 9.47, 237198, 22.47, 391, 166864, 70.35
TOP20, EQ, 18-Sep-2026, 8.64, 8.64, 8.65, 8.60, 8.62, 8.62, 8.62, 220953, 19.05, 163, 216327, 97.91
TORNTPHARM, EQ, 18-Sep-2026, 4875.00, 4874.50, 4928.00, 4827.00, 4840.00, 4840.00, 4856.34, 486733, 23637.39, 32946, 335298, 68.89
TORNTPOWER, EQ, 18-Sep-2026, 1276.40, 1277.00, 1285.70, 1232.00, 1245.20, 1258.80, 1262.08, 462594, 5838.33, 27556, 274285, 59.29
TOTAL, BE, 18-Sep-2026, 71.00, 69.57, 69.57, 69.00, 69.25, 69.33, 69.48, 36948, 25.67, 66, -, -
TOUCHWOOD, EQ, 18-Sep-2026, 61.52, 62.44, 63.78, 59.60, 61.00, 60.93, 61.38, 403, 0.25, 44, 357, 88.59
TOYAMSL, EQ, 18-Sep-2026, 0.74, 0.77, 0.77, 0.77, 0.77, 0.77, 0.77, 458115, 3.53, 128, 385973, 84.25
TPHQ, BE, 18-Sep-2026, 0.53, 0.55, 0.55, 0.53, 0.55, 0.55, 0.55, 926974, 5.05, 258, -, -
TPLPLASTEH, EQ, 18-Sep-2026, 64.49, 65.09, 65.90, 64.14, 65.05, 65.34, 65.03, 111552, 72.54, 953, 37529, 33.64
TRACXN, EQ, 18-Sep-2026, 30.84, 30.65, 31.49, 30.51, 30.85, 31.00, 30.87, 73768, 22.77, 714, 47720, 64.69
TRANSCOR, EQ, 18-Sep-2026, 25.04, 25.04, 25.49, 23.00, 23.00, 23.79, 23.87, 3513, 0.84, 63, 3207, 91.29
TRANSPEK, BE, 18-Sep-2026, 1350.10, 1350.20, 1370.00, 1325.10, 1369.90, 1359.40, 1356.83, 864, 11.72, 35, -, -
TRANSRAILL, EQ, 18-Sep-2026, 410.20, 411.90, 413.50, 407.45, 409.45, 408.75, 409.84, 228722, 937.40, 8358, 118225, 51.69
TRANSTEEL, SM, 18-Sep-2026, 85.00, 84.00, 85.00, 79.95, 80.00, 80.20, 81.80, 72000, 58.90, 56, 45000, 62.50
TRANSWORLD, BE, 18-Sep-2026, 164.20, 166.00, 166.99, 165.99, 166.39, 166.39, 166.19, 3282, 5.45, 21, -, -
TRAVELFOOD, EQ, 18-Sep-2026, 1232.00, 1232.00, 1276.80, 1217.40, 1247.00, 1256.10, 1242.65, 42342, 526.16, 4972, 19549, 46.17
TREEHOUSE, EQ, 18-Sep-2026, 5.87, 5.99, 6.17, 5.87, 5.87, 5.87, 5.91, 37165, 2.20, 107, 26487, 71.27
TREJHARA, EQ, 18-Sep-2026, 135.75, 136.90, 136.90, 131.00, 133.00, 132.37, 134.01, 19780, 26.51, 434, 17924, 90.62
TREL, EQ, 18-Sep-2026, 29.77, 30.06, 31.51, 29.01, 29.50, 29.66, 30.41, 611021, 185.80, 6840, 351041, 57.45
TRENT, EQ, 18-Sep-2026, 2789.00, 2789.30, 2824.00, 2776.10, 2824.00, 2824.00, 2804.18, 925467, 25951.73, 34022, 683320, 73.84
TRF, EQ, 18-Sep-2026, 219.49, 221.70, 223.70, 214.00, 214.00, 215.25, 216.46, 8388, 18.16, 403, 6031, 71.90
TRIDENT, EQ, 18-Sep-2026, 23.08, 23.08, 24.01, 23.03, 23.15, 23.22, 23.34, 5955453, 1390.01, 15401, 2794925, 46.93
TRIDHYA, ST, 18-Sep-2026, 7.15, 7.00, 7.00, 7.00, 7.00, 7.00, 7.00, 6000, 0.42, 2, 6000, 100.00
TRIGYN, EQ, 18-Sep-2026, 55.18, 54.60, 55.78, 52.94, 55.01, 53.56, 53.95, 19459, 10.50, 510, 12050, 61.93
TRITONV, EQ, 18-Sep-2026, 1076.00, 1076.00, 1114.90, 1070.00, 1070.00, 1084.30, 1091.50, 1647, 17.98, 278, 1081, 65.63
TRITURBINE, EQ, 18-Sep-2026, 556.80, 554.40, 572.00, 550.35, 570.25, 567.80, 563.44, 501922, 2828.04, 51193, 240256, 47.87
TRIVENI, EQ, 18-Sep-2026, 232.45, 234.90, 241.00, 234.90, 241.00, 238.80, 237.75, 661400, 1572.49, 12567, 332892, 50.33
TROM, SM, 18-Sep-2026, 53.50, 54.10, 54.10, 53.50, 53.50, 53.50, 53.72, 1800, 0.97, 3, 1800, 100.00
TRU, EQ, 18-Sep-2026, 4.09, 4.00, 4.30, 4.00, 4.29, 4.21, 4.18, 85524, 3.58, 157, 67023, 78.37
TRUALT, EQ, 18-Sep-2026, 423.95, 425.00, 437.65, 420.50, 420.55, 421.70, 428.71, 220451, 945.11, 5360, 125034, 56.72
TRUST, SM, 18-Sep-2026, 26.70, 27.50, 27.50, 25.70, 26.05, 26.05, 26.66, 58800, 15.68, 40, 53400, 90.82
TSC, ST, 18-Sep-2026, 50.50, 48.05, 49.00, 48.00, 49.00, 49.00, 48.51, 12000, 5.82, 5, 12000, 100.00
TSFINV, EQ, 18-Sep-2026, 445.95, 446.80, 459.90, 445.50, 458.75, 455.65, 454.57, 153537, 697.93, 5990, 83744, 54.54
TTKHLTCARE, EQ, 18-Sep-2026, 1049.00, 1053.00, 1089.80, 1041.60, 1063.90, 1050.00, 1055.00, 41244, 435.12, 7876, 23682, 57.42
TTKPRESTIG, EQ, 18-Sep-2026, 543.60, 545.00, 546.50, 525.00, 529.00, 530.85, 532.16, 114198, 607.72, 7901, 54311, 47.56
TTL, EQ, 18-Sep-2026, 7.07, 7.25, 7.50, 7.10, 7.25, 7.24, 7.38, 235464, 17.37, 500, 179435, 76.20
TTML, EQ, 18-Sep-2026, 36.64, 36.20, 36.33, 35.56, 35.80, 35.73, 35.88, 1516686, 544.22, 7338, 629592, 41.51
TUNWAL, SM, 18-Sep-2026, 25.45, 25.30, 25.65, 25.30, 25.65, 25.65, 25.44, 18000, 4.58, 9, 16000, 88.89
TURTLEMINT, EQ, 18-Sep-2026, 131.67, 133.65, 137.00, 131.15, 133.61, 134.12, 133.96, 832911, 1115.78, 14184, 306499, 36.80
TUTIALKA, EQ, 18-Sep-2026, 56.57, 55.68, 57.00, 55.67, 56.95, 56.56, 56.73, 3984, 2.26, 56, 3733, 93.70
TVSELECT, EQ, 18-Sep-2026, 403.75, 403.75, 408.90, 398.50, 405.00, 403.15, 402.53, 26441, 106.43, 1149, 12206, 46.16
TVSHLTD, EQ, 18-Sep-2026, 12884.00, 12911.00, 13079.00, 12540.00, 12875.00, 12812.00, 12791.26, 45028, 5759.65, 11299, 32844, 72.94
TVSMOTOR, EQ, 18-Sep-2026, 4101.70, 4125.00, 4195.00, 4122.10, 4171.30, 4171.30, 4173.66, 1304681, 54452.99, 56060, 954162, 73.13
TVSSCS, EQ, 18-Sep-2026, 130.09, 130.10, 138.15, 130.10, 134.05, 133.85, 135.03, 2452803, 3312.09, 27410, 1189012, 48.48
TVSSRICHAK, EQ, 18-Sep-2026, 4886.00, 4867.00, 4959.50, 4796.00, 4850.00, 4844.50, 4870.68, 4438, 216.16, 1323, 2135, 48.11
TVTODAY, EQ, 18-Sep-2026, 107.72, 107.50, 110.00, 106.68, 109.30, 109.29, 108.08, 47797, 51.66, 890, 31438, 65.77
TVVISION, BE, 18-Sep-2026, 2.59, 2.59, 2.67, 2.47, 2.63, 2.53, 2.54, 59660, 1.51, 100, -, -
TWCGOLDETF, EQ, 18-Sep-2026, 149.93, 151.45, 152.93, 151.32, 152.55, 152.54, 152.41, 2610, 3.98, 301, 2209, 84.64
UBL, EQ, 18-Sep-2026, 1216.80, 1219.90, 1258.00, 1219.90, 1251.60, 1251.50, 1242.75, 276273, 3433.39, 28351, 174681, 63.23
UCAL, BE, 18-Sep-2026, 140.06, 136.00, 142.00, 136.00, 139.90, 138.15, 138.40, 3186, 4.41, 61, -, -
UCOBANK, EQ, 18-Sep-2026, 23.59, 23.59, 23.94, 23.53, 23.85, 23.75, 23.65, 3517779, 831.89, 15953, 1597047, 45.40
UDAYJEW, EQ, 18-Sep-2026, 158.62, 158.70, 161.95, 151.99, 151.99, 152.20, 154.13, 58089, 89.53, 714, 36359, 62.59
UDS, EQ, 18-Sep-2026, 188.25, 191.00, 191.57, 187.02, 189.00, 189.82, 188.79, 72939, 137.70, 2083, 37639, 51.60
UEL, EQ, 18-Sep-2026, 196.19, 199.98, 205.00, 190.27, 202.90, 203.73, 200.93, 52048, 104.58, 1531, 16138, 31.01
UFBL, BE, 18-Sep-2026, 690.90, 690.90, 715.00, 685.40, 694.00, 692.45, 698.12, 24810, 173.20, 750, -, -
UFLEX, EQ, 18-Sep-2026, 652.95, 652.95, 669.90, 652.00, 657.00, 659.45, 658.00, 69585, 457.87, 2228, 39303, 56.48
UFO, EQ, 18-Sep-2026, 61.29, 62.00, 62.00, 60.30, 61.25, 60.95, 61.10, 14004, 8.56, 286, 10329, 73.76
UGARSUGAR, EQ, 18-Sep-2026, 53.41, 53.72, 58.39, 52.85, 56.60, 56.79, 55.74, 1345153, 749.83, 9171, 400944, 29.81
UGROCAP, EQ, 18-Sep-2026, 83.49, 83.74, 84.47, 82.96, 83.05, 83.74, 83.49, 98903, 82.58, 1086, 49506, 50.06
UHTL, ST, 18-Sep-2026, 184.60, 188.25, 188.25, 188.25, 188.25, 188.25, 188.25, 6000, 11.30, 3, 6000, 100.00
UJJIVANSFB, EQ, 18-Sep-2026, 63.97, 64.05, 65.30, 63.88, 64.95, 65.02, 64.79, 4749884, 3077.58, 23120, 2537117, 53.41
ULTRACEMCO, EQ, 18-Sep-2026, 10764.00, 10890.00, 11060.00, 10819.00, 11014.00, 11014.00, 10992.31, 458848, 50438.00, 47737, 320335, 69.81
ULTRAMAR, EQ, 18-Sep-2026, 412.50, 412.10, 430.00, 412.10, 425.20, 424.40, 421.05, 78947, 332.40, 2506, 56205, 71.19
UMAEXPORTS, BE, 18-Sep-2026, 20.42, 20.25, 20.82, 20.02, 20.02, 20.02, 20.16, 25019, 5.05, 66, -, -
UMESLTD, EQ, 18-Sep-2026, 4.08, 4.10, 4.44, 3.76, 4.40, 4.39, 4.17, 63578, 2.65, 262, 49494, 77.85
UMIYA-MRO, EQ, 18-Sep-2026, 97.95, 99.00, 99.00, 96.15, 97.24, 98.01, 97.56, 4684, 4.57, 154, 2570, 54.87
UNICHEMLAB, EQ, 18-Sep-2026, 538.45, 536.85, 547.00, 536.85, 545.05, 545.70, 544.01, 26772, 145.64, 2010, 12138, 45.34
UNIDT, EQ, 18-Sep-2026, 228.07, 232.00, 232.00, 222.98, 224.00, 224.01, 226.93, 13543, 30.73, 405, 9274, 68.48
UNIECOM, EQ, 18-Sep-2026, 84.45, 85.00, 85.00, 82.50, 83.25, 83.21, 83.60, 166409, 139.12, 2694, 65689, 39.47
UNIENTER, EQ, 18-Sep-2026, 91.90, 91.90, 92.48, 89.90, 90.02, 90.71, 90.98, 4951, 4.50, 78, 4075, 82.31
UNIHEALTH, SM, 18-Sep-2026, 667.55, 675.20, 695.00, 675.20, 680.00, 680.00, 683.65, 10500, 71.78, 19, 8500, 80.95
UNIINFO, EQ, 18-Sep-2026, 11.38, 11.52, 11.52, 10.83, 11.23, 11.23, 10.98, 2207, 0.24, 24, 1062, 48.12
UNILEX, SM, 18-Sep-2026, 27.00, 27.00, 27.00, 26.50, 27.00, 27.00, 26.83, 4800, 1.29, 3, 3200, 66.67
UNIMECH, EQ, 18-Sep-2026, 1570.60, 1578.50, 1612.00, 1568.40, 1600.00, 1591.30, 1596.62, 189186, 3020.58, 15880, 88569, 46.82
UNIONBANK, EQ, 18-Sep-2026, 178.09, 178.50, 178.92, 176.56, 176.56, 176.56, 177.75, 6401370, 11378.67, 37548, 4130552, 64.53
UNIONGOLD, EQ, 18-Sep-2026, 146.95, 147.00, 150.40, 146.95, 149.55, 149.65, 149.16, 5577, 8.32, 297, 2874, 51.53
UNIPARTS, EQ, 18-Sep-2026, 878.05, 878.00, 885.40, 824.95, 831.10, 831.50, 850.16, 220753, 1876.75, 18351, 96338, 43.64
UNITDSPR, EQ, 18-Sep-2026, 1390.00, 1382.00, 1405.00, 1371.00, 1371.00, 1371.00, 1380.90, 842151, 11629.25, 15153, 706325, 83.87
UNITECH, EQ, 18-Sep-2026, 4.27, 4.27, 4.36, 4.19, 4.31, 4.31, 4.27, 4618701, 197.36, 2858, 2762250, 59.81
UNITEDPOLY, EQ, 18-Sep-2026, 44.36, 45.00, 46.05, 43.20, 46.00, 45.85, 45.40, 640093, 290.61, 1484, 314705, 49.17
UNITEDTEA, EQ, 18-Sep-2026, 429.05, 437.50, 439.30, 430.00, 432.00, 431.65, 432.13, 1441, 6.23, 75, 1372, 95.21
UNIVASTU, BE, 18-Sep-2026, 145.01, 152.26, 152.26, 152.25, 152.26, 152.26, 152.26, 51713, 78.74, 217, -, -
UNIVCABLES, EQ, 18-Sep-2026, 1438.80, 1450.90, 1494.90, 1437.40, 1482.70, 1477.00, 1465.97, 96755, 1418.40, 9185, 39339, 40.66
UNIVPHOTO, BE, 18-Sep-2026, 614.00, 624.75, 624.75, 583.30, 583.50, 584.00, 595.26, 2579, 15.35, 87, -, -
UNOMINDA, EQ, 18-Sep-2026, 1205.00, 1213.20, 1284.00, 1206.80, 1284.00, 1284.00, 1244.15, 1277954, 15899.68, 26289, 845674, 66.17
UPHOT, EQ, 18-Sep-2026, 1480.00, 1478.50, 1500.00, 1478.50, 1500.00, 1500.00, 1479.75, 121, 1.79, 13, 121, 100.00
UPL, EQ, 18-Sep-2026, 554.75, 554.00, 580.00, 553.40, 580.00, 580.00, 568.76, 3779171, 21494.29, 32505, 3050593, 80.72
URAVIDEF, BE, 18-Sep-2026, 109.90, 109.50, 109.50, 108.00, 108.00, 108.00, 108.10, 292, 0.32, 15, -, -
URBAN, SM, 18-Sep-2026, 120.50, 120.75, 121.30, 120.60, 120.60, 120.95, 120.91, 9600, 11.61, 12, 7200, 75.00
URBANCO, EQ, 18-Sep-2026, 162.81, 163.89, 172.42, 162.55, 168.00, 169.11, 169.24, 11152442, 18874.10, 80044, 3746775, 33.60
URJA, EQ, 18-Sep-2026, 9.10, 9.40, 9.40, 9.02, 9.18, 9.15, 9.16, 538147, 49.31, 1749, 305962, 56.85
USASEEDS, SM, 18-Sep-2026, 91.00, 90.00, 90.00, 90.00, 90.00, 90.00, 90.00, 428, 0.39, 1, 428, 100.00
USHAFIN, SM, 18-Sep-2026, 48.20, 50.00, 51.50, 49.20, 51.00, 51.00, 50.14, 24000, 12.03, 13, 22400, 93.33
USHAMART, EQ, 18-Sep-2026, 495.65, 496.00, 511.00, 494.00, 507.40, 507.20, 505.57, 1588391, 8030.36, 28255, 888985, 55.97
USK, EQ, 18-Sep-2026, 20.32, 19.81, 20.87, 19.81, 20.24, 20.07, 20.13, 20541, 4.13, 178, 16140, 78.57
UTIAMC, EQ, 18-Sep-2026, 898.25, 908.00, 908.00, 889.65, 895.00, 895.00, 895.18, 109250, 977.99, 7638, 78708, 72.04
UTKAL, SM, 18-Sep-2026, 46.10, 46.50, 48.40, 46.50, 48.40, 48.10, 48.02, 54000, 25.93, 18, 50000, 92.59
UTKARSHBNK, EQ, 18-Sep-2026, 14.05, 14.11, 14.38, 13.96, 14.23, 14.17, 14.09, 5303916, 747.17, 4749, 2585080, 48.74
UTLSOLAR, EQ, 18-Sep-2026, 408.95, 413.00, 422.00, 412.60, 418.00, 418.65, 416.15, 120238, 500.37, 6289, 61149, 50.86
UTSSAV, SM, 18-Sep-2026, 649.30, 640.05, 661.00, 621.90, 653.25, 653.25, 647.73, 31200, 202.09, 47, 17400, 55.77
UTTAMSUGAR, EQ, 18-Sep-2026, 252.40, 254.95, 261.70, 249.70, 261.00, 260.25, 255.25, 127683, 325.91, 3119, 52387, 41.03
UYFINCORP, BE, 18-Sep-2026, 19.28, 19.95, 19.95, 19.20, 19.22, 19.29, 19.39, 31026, 6.02, 133, -, -
V2RETAIL, EQ, 18-Sep-2026, 210.40, 210.01, 215.81, 210.00, 213.95, 214.03, 213.89, 643385, 1376.13, 16359, 384507, 59.76
VADILALIND, EQ, 18-Sep-2026, 7101.00, 7065.00, 7389.00, 7040.00, 7351.00, 7362.00, 7262.93, 19386, 1407.99, 5348, 9760, 50.35
VADILENT, EQ, 18-Sep-2026, 10575.00, 10400.00, 10575.00, 10400.00, 10575.00, 10540.00, 10477.00, 10, 1.05, 8, 7, 70.00
VAIBHAVGBL, EQ, 18-Sep-2026, 211.35, 212.35, 213.00, 206.92, 211.70, 209.90, 209.37, 254747, 533.37, 5944, 133043, 52.23
VAISHALI, EQ, 18-Sep-2026, 8.78, 9.00, 9.14, 8.73, 8.96, 8.79, 8.94, 189226, 16.92, 386, 122385, 64.68
VAKRANGEE, EQ, 18-Sep-2026, 5.25, 5.25, 5.34, 5.25, 5.27, 5.30, 5.30, 1102478, 58.41, 1371, 747904, 67.84
VAL30IETF, EQ, 18-Sep-2026, 14.88, 14.81, 14.92, 14.77, 14.80, 14.88, 14.86, 91576, 13.61, 365, 51844, 56.61
VALIANTLAB, BE, 18-Sep-2026, 122.75, 127.15, 128.88, 121.00, 124.36, 123.26, 127.33, 155553, 198.06, 828, -, -
VALIANTORG, BE, 18-Sep-2026, 408.45, 420.00, 428.85, 413.00, 427.60, 426.65, 427.16, 161458, 689.69, 1691, -, -
VALUE, EQ, 18-Sep-2026, 15.76, 15.84, 15.85, 15.75, 15.80, 15.80, 15.81, 8366, 1.32, 56, 5974, 71.41
VALUE360, SM, 18-Sep-2026, 69.10, 68.50, 68.50, 65.30, 65.30, 65.55, 66.13, 6000, 3.97, 5, 6000, 100.00
VALUEAXIS, EQ, 18-Sep-2026, 32.03, 32.10, 32.25, 32.00, 32.25, 32.13, 32.13, 39037, 12.54, 214, 21665, 55.50
VAML, EQ, 18-Sep-2026, 404.30, 407.40, 419.00, 407.35, 415.10, 416.50, 414.05, 9307238, 38536.37, 102337, 6052939, 65.03
VARDHACRLC, BE, 18-Sep-2026, 43.14, 43.15, 45.29, 43.15, 44.50, 44.50, 44.90, 112090, 50.32, 339, -, -
VARDMNPOLY, EQ, 18-Sep-2026, 5.83, 5.99, 5.99, 5.62, 5.70, 5.69, 5.74, 430537, 24.71, 707, 393407, 91.38
VARROC, EQ, 18-Sep-2026, 846.15, 852.25, 877.05, 840.55, 864.10, 861.55, 866.43, 223364, 1935.30, 14409, 90139, 40.36
VASCONEQ, EQ, 18-Sep-2026, 30.51, 30.40, 30.94, 29.50, 30.30, 30.35, 30.38, 305184, 92.71, 1694, 206575, 67.69
VASWANI, EQ, 18-Sep-2026, 44.61, 44.70, 48.47, 44.40, 48.47, 46.47, 45.29, 52340, 23.71, 455, 37191, 71.06
VBL, EQ, 18-Sep-2026, 415.45, 416.90, 425.40, 416.25, 421.95, 421.95, 421.59, 7581873, 31964.10, 48874, 5231406, 69.00
VCL, BE, 18-Sep-2026, 1.67, 1.67, 1.68, 1.61, 1.65, 1.61, 1.62, 674666, 10.95, 192, -, -
VDEAL, SM, 18-Sep-2026, 113.00, 115.00, 115.00, 114.00, 115.00, 115.00, 114.96, 15000, 17.24, 19, 14400, 96.00
VEDAVAAG, EQ, 18-Sep-2026, 21.00, 22.00, 23.25, 20.35, 22.36, 22.21, 22.36, 105589, 23.61, 559, 56574, 53.58
VEDL, EQ, 18-Sep-2026, 257.45, 258.00, 267.60, 258.00, 267.60, 267.60, 263.31, 8484152, 22339.41, 55843, 5668526, 66.81
VEDPOWER, EQ, 18-Sep-2026, 31.01, 31.19, 31.60, 30.44, 31.10, 31.17, 30.89, 12482165, 3855.60, 46311, 6404529, 51.31
VEEDOL, EQ, 18-Sep-2026, 1385.30, 1381.60, 1397.00, 1371.00, 1371.60, 1377.70, 1380.82, 9305, 128.49, 835, 6652, 71.49
VEEGALAND, BE, 18-Sep-2026, 140.00, 154.00, 154.00, 146.30, 146.30, 146.30, 150.98, 5227484, 7892.52, 28489, -, -
VEEKAYEM, SM, 18-Sep-2026, 104.30, 99.30, 102.40, 99.10, 102.20, 102.20, 101.30, 9000, 9.12, 9, 6000, 66.67
VELJAN, BE, 18-Sep-2026, 1978.30, 1996.80, 2009.00, 1931.10, 1935.00, 1941.40, 1971.50, 608, 11.99, 96, -, -
VENKEYS, EQ, 18-Sep-2026, 1655.60, 1675.00, 1675.00, 1616.40, 1648.00, 1646.80, 1642.52, 50193, 824.43, 4622, 27906, 55.60
VENTIVE, EQ, 18-Sep-2026, 561.75, 564.55, 564.90, 555.00, 556.50, 557.35, 558.20, 25567, 142.71, 1363, 21172, 82.81
VENUSPIPES, EQ, 18-Sep-2026, 2131.70, 2123.10, 2309.10, 2120.00, 2263.40, 2282.90, 2230.49, 1274312, 28423.39, 107748, 340352, 26.71
VENUSREM, BE, 18-Sep-2026, 1549.80, 1527.00, 1594.90, 1527.00, 1572.10, 1582.20, 1570.08, 11202, 175.88, 480, -, -
VERANDA, EQ, 18-Sep-2026, 214.57, 216.98, 225.00, 212.80, 224.00, 221.76, 218.77, 279852, 612.22, 3107, 168648, 60.26
VERTIS, IV, 18-Sep-2026, 115.00, 113.50, 114.50, 113.50, 114.50, 114.50, 114.00, 50000, 57.00, 2, 50000, 100.00
VERTOZ, EQ, 18-Sep-2026, 37.12, 36.72, 37.95, 36.20, 37.18, 37.04, 37.09, 17377, 6.44, 370, 10633, 61.19
VESUVIUS, EQ, 18-Sep-2026, 400.00, 402.00, 414.30, 400.90, 405.00, 405.95, 405.29, 129439, 524.60, 5850, 58728, 45.37
VETO, BE, 18-Sep-2026, 132.53, 133.80, 139.15, 131.15, 139.15, 139.15, 137.75, 189474, 260.99, 1144, -, -
VGCL, EQ, 18-Sep-2026, 48.01, 48.01, 50.39, 48.00, 48.90, 48.42, 48.58, 2553, 1.24, 68, 2511, 98.35
VGINFOTECH, SM, 18-Sep-2026, 137.30, 136.50, 140.80, 136.50, 139.50, 140.10, 138.92, 11000, 15.28, 11, 8000, 72.73
VGL, EQ, 18-Sep-2026, 65.85, 66.35, 68.01, 66.00, 66.30, 66.27, 66.50, 45684, 30.38, 277, 24987, 54.70
VGUARD, EQ, 18-Sep-2026, 330.15, 330.00, 337.65, 323.40, 325.10, 325.40, 328.30, 650488, 2135.55, 16953, 405369, 62.32
VHL, EQ, 18-Sep-2026, 3403.50, 3400.00, 3426.70, 3362.00, 3366.20, 3377.10, 3380.38, 287, 9.70, 94, 230, 80.14
VHLTD, BE, 18-Sep-2026, 132.08, 125.48, 127.99, 125.48, 125.81, 126.31, 126.30, 90680, 114.53, 219, -, -
VICTORYEV, SM, 18-Sep-2026, 14.60, 14.90, 14.90, 14.90, 14.90, 14.90, 14.90, 3000, 0.45, 1, 3000, 100.00
VIDHIING, EQ, 18-Sep-2026, 348.30, 346.00, 350.50, 340.00, 346.80, 344.55, 346.77, 23643, 81.99, 988, 15590, 65.94
VIDYAWIRES, EQ, 18-Sep-2026, 85.34, 85.34, 87.39, 85.11, 87.10, 86.87, 86.24, 527832, 455.18, 4902, 268942, 50.95
VIESL, SM, 18-Sep-2026, 401.00, 395.00, 395.00, 388.00, 393.00, 393.00, 391.00, 3200, 12.51, 4, 2400, 75.00
VIGOR, SM, 18-Sep-2026, 99.00, 99.05, 99.05, 99.05, 99.05, 99.05, 99.05, 1600, 1.58, 1, 1600, 100.00
VIJAYA, EQ, 18-Sep-2026, 1506.10, 1510.00, 1569.00, 1491.00, 1560.00, 1558.90, 1546.78, 278137, 4302.16, 29691, 107263, 38.56
VIJAYPD, SM, 18-Sep-2026, 63.00, 64.00, 64.00, 63.00, 63.00, 63.00, 63.50, 4000, 2.54, 2, 2000, 50.00
VIJIFIN, BE, 18-Sep-2026, 14.71, 14.45, 15.00, 14.45, 15.00, 15.00, 14.75, 2801457, 413.35, 1220, -, -
VIJSOLX, EQ, 18-Sep-2026, 637.85, 638.00, 647.95, 627.05, 630.00, 631.50, 629.82, 282, 1.78, 27, 249, 88.30
VIKASECO, EQ, 18-Sep-2026, 1.04, 1.05, 1.05, 1.04, 1.05, 1.04, 1.05, 1026403, 10.73, 757, 677800, 66.04
VIKASLIFE, EQ, 18-Sep-2026, 1.22, 1.22, 1.24, 1.21, 1.22, 1.21, 1.22, 1457205, 17.77, 7590, 788568, 54.12
VIKRAMSOLR, EQ, 18-Sep-2026, 163.37, 164.24, 165.91, 163.05, 165.68, 165.42, 164.41, 864171, 1420.80, 9253, 390138, 45.15
VIKRAN, EQ, 18-Sep-2026, 56.00, 56.25, 56.68, 55.79, 56.48, 56.31, 56.19, 526119, 295.60, 2952, 230229, 43.76
VILAS, SM, 18-Sep-2026, 331.60, 341.00, 376.75, 341.00, 370.00, 372.40, 360.84, 124750, 450.14, 427, 95250, 76.35
VILINBIO, ST, 18-Sep-2026, 60.00, 59.00, 59.00, 58.00, 58.00, 58.00, 58.50, 8000, 4.68, 2, 8000, 100.00
VIMTALABS, EQ, 18-Sep-2026, 599.60, 604.00, 610.00, 599.05, 604.85, 603.10, 603.96, 91341, 551.66, 5653, 40902, 44.78
VINATIORGA, EQ, 18-Sep-2026, 1249.70, 1254.00, 1255.40, 1228.30, 1240.00, 1234.90, 1238.40, 178913, 2215.66, 8456, 145455, 81.30
VINCOFE, EQ, 18-Sep-2026, 175.96, 173.25, 177.73, 172.70, 174.60, 174.19, 174.09, 1635637, 2847.55, 15587, 557920, 34.11
VINDHYATEL, EQ, 18-Sep-2026, 2632.50, 2640.00, 2687.90, 2601.00, 2674.70, 2660.00, 2655.97, 35119, 932.75, 5271, 9753, 27.77
VINEETLAB, EQ, 18-Sep-2026, 35.97, 36.90, 37.37, 35.41, 36.92, 36.78, 36.27, 115604, 41.93, 718, 85223, 73.72
VINNY, EQ, 18-Sep-2026, 0.97, 0.99, 0.99, 0.95, 0.97, 0.96, 0.96, 264396, 2.55, 198, 191475, 72.42
VINOD, ST, 18-Sep-2026, 89.30, 84.85, 84.85, 84.85, 84.85, 84.85, 84.85, 1200, 1.02, 1, 1200, 100.00
VINSYS, ST, 18-Sep-2026, 582.00, 581.00, 590.00, 577.00, 580.00, 580.00, 587.58, 11250, 66.10, 14, 9000, 80.00
VINYAS, SM, 18-Sep-2026, 1451.30, 1452.50, 1471.85, 1425.00, 1430.50, 1432.35, 1441.91, 3900, 56.23, 38, 2700, 69.23
VINYLINDIA, EQ, 18-Sep-2026, 214.17, 218.70, 226.00, 214.10, 225.00, 222.68, 222.03, 6877, 15.27, 321, 4793, 69.70
VIPCLOTHNG, EQ, 18-Sep-2026, 20.60, 20.73, 21.35, 20.60, 20.85, 20.80, 20.84, 75380, 15.71, 702, 65279, 86.60
VIPIND, EQ, 18-Sep-2026, 304.25, 305.00, 310.85, 292.35, 300.05, 299.10, 298.27, 1206004, 3597.17, 20889, 535514, 44.40
VIPULLTD, BE, 18-Sep-2026, 12.23, 12.47, 12.47, 12.25, 12.25, 12.25, 12.45, 217274, 27.05, 97, -, -
VIRAT, EQ, 18-Sep-2026, 382.25, 394.90, 404.80, 375.35, 398.95, 390.85, 389.86, 11453, 44.65, 773, 4163, 36.35
VIRINCHI, EQ, 18-Sep-2026, 13.92, 13.61, 14.50, 13.61, 14.23, 14.17, 13.95, 62548, 8.72, 305, 45512, 72.76
VIRTUALG, BE, 18-Sep-2026, 0.49, 0.49, 0.49, 0.47, 0.48, 0.47, 0.47, 200774, 0.95, 151, -, -
VISACHROME, EQ, 18-Sep-2026, 30.27, 29.11, 31.78, 28.80, 30.39, 30.09, 29.91, 54826, 16.40, 411, 41110, 74.98
VISAKAIND, EQ, 18-Sep-2026, 90.81, 91.00, 97.95, 91.00, 97.09, 97.36, 95.61, 612789, 585.91, 6462, 306324, 49.99
VISAMAN, SM, 18-Sep-2026, 40.85, 41.65, 41.65, 38.85, 38.85, 38.85, 40.25, 2000, 0.81, 2, 2000, 100.00
VISDEM, SM, 18-Sep-2026, 87.60, 86.00, 94.95, 83.00, 85.95, 85.45, 86.12, 24000, 20.67, 20, 16800, 70.00
VISHAL, EQ, 18-Sep-2026, 18.12, 18.12, 18.49, 18.05, 18.15, 18.22, 18.31, 14567, 2.67, 186, 11986, 82.28
VISHNU, EQ, 18-Sep-2026, 709.10, 715.50, 728.00, 709.20, 725.00, 722.15, 721.77, 81466, 588.00, 4719, 38216, 46.91
VISHNUINFR, SM, 18-Sep-2026, 156.85, 150.00, 158.00, 149.90, 149.90, 150.55, 153.18, 12000, 18.38, 14, 10500, 87.50
VISHWARAJ, EQ, 18-Sep-2026, 5.25, 5.25, 5.35, 5.25, 5.35, 5.31, 5.30, 173856, 9.21, 393, 119058, 68.48
VISHWAS, ST, 18-Sep-2026, 41.85, 40.00, 40.00, 39.80, 39.80, 39.80, 39.84, 8000, 3.19, 5, 8000, 100.00
VISL, EQ, 18-Sep-2026, 31.82, 32.37, 32.37, 30.37, 30.87, 30.91, 31.25, 23212486, 7253.69, 62848, 13726881, 59.14
VITAL, EQ, 18-Sep-2026, 55.19, 57.25, 57.25, 55.40, 55.99, 55.40, 55.72, 4769, 2.66, 19, 4670, 97.92
VIVIANA, EQ, 18-Sep-2026, 724.70, 732.15, 743.75, 711.45, 719.80, 718.80, 722.20, 13641, 98.51, 775, 8356, 61.26
VIVIDEL, SM, 18-Sep-2026, 1892.80, 1894.00, 1915.00, 1861.00, 1862.15, 1869.30, 1901.93, 12720, 241.93, 52, 8400, 66.04
VIVIDHA, EQ, 18-Sep-2026, 0.51, 0.52, 0.53, 0.51, 0.52, 0.51, 0.52, 328242, 1.71, 145, 271772, 82.80
VIVIMEDLAB, BE, 18-Sep-2026, 5.69, 5.71, 5.78, 5.58, 5.58, 5.58, 5.58, 16758, 0.94, 30, -, -
VIVOBIOT, EQ, 18-Sep-2026, 16.85, 17.19, 17.19, 16.11, 16.79, 16.77, 16.56, 7955, 1.32, 65, 6779, 85.22
VIYASH, EQ, 18-Sep-2026, 244.50, 245.90, 251.15, 245.65, 249.90, 249.65, 248.58, 1418518, 3526.14, 18125, 806483, 56.85
VLEGOV, EQ, 18-Sep-2026, 10.45, 10.25, 10.47, 10.07, 10.15, 10.19, 10.21, 22497, 2.30, 319, 15732, 69.93
VLINFRA, SM, 18-Sep-2026, 26.20, 25.95, 25.95, 25.90, 25.90, 25.90, 25.94, 7500, 1.95, 4, 7500, 100.00
VLSFINANCE, EQ, 18-Sep-2026, 239.67, 238.00, 241.98, 237.56, 237.58, 238.20, 238.93, 5611, 13.41, 231, 5089, 90.70
VMARCIND, SM, 18-Sep-2026, 342.35, 342.40, 349.90, 342.40, 347.50, 346.75, 346.57, 124500, 431.48, 82, 93000, 74.70
VMART, EQ, 18-Sep-2026, 790.05, 789.75, 828.00, 781.20, 825.00, 808.15, 801.77, 87125, 698.54, 8571, 34516, 39.62
VMM, EQ, 18-Sep-2026, 101.24, 101.24, 102.65, 100.23, 102.65, 102.65, 101.42, 10785733, 10939.11, 46067, 7139718, 66.20
VMOBILE, SM, 18-Sep-2026, 59.55, 60.15, 60.20, 57.25, 60.20, 60.20, 59.26, 6400, 3.79, 7, 4800, 75.00
VMSTMT, EQ, 18-Sep-2026, 50.30, 50.50, 50.90, 47.51, 49.62, 49.64, 49.65, 133668, 66.37, 802, 64837, 48.51
VOEPL, EQ, 18-Sep-2026, 491.95, 499.00, 510.15, 491.55, 508.00, 506.75, 504.82, 30038, 151.64, 1504, 17626, 58.68
VOGL, EQ, 18-Sep-2026, 34.83, 35.08, 35.16, 34.01, 34.25, 34.26, 34.37, 21433547, 7366.86, 67275, 11392697, 53.15
VOITHPAPR, EQ, 18-Sep-2026, 1468.50, 1461.20, 1475.80, 1451.00, 1457.10, 1457.50, 1462.92, 161, 2.36, 16, 109, 67.70
VOLERCAR, SM, 18-Sep-2026, 225.00, 233.00, 233.00, 233.00, 233.00, 233.00, 233.00, 800, 1.86, 1, 800, 100.00
VOLTAMP, EQ, 18-Sep-2026, 10735.00, 10798.00, 10964.00, 10784.00, 10898.00, 10879.00, 10878.77, 19415, 2112.11, 6740, 9156, 47.16
VOLTAS, EQ, 18-Sep-2026, 1135.00, 1136.00, 1145.30, 1110.90, 1110.90, 1110.90, 1124.41, 597381, 6717.02, 21120, 426218, 71.35
VPRPL, EQ, 18-Sep-2026, 33.35, 33.78, 36.00, 32.90, 34.71, 34.72, 34.58, 1120320, 387.38, 3603, 258848, 23.10
VRAJ, EQ, 18-Sep-2026, 123.99, 124.00, 128.10, 123.87, 128.00, 127.74, 126.35, 20078, 25.37, 466, 14467, 72.05
VRLLOG, EQ, 18-Sep-2026, 287.90, 286.15, 295.00, 286.15, 292.05, 293.60, 290.78, 140025, 407.16, 4861, 86273, 61.61
VSSL, EQ, 18-Sep-2026, 406.05, 406.95, 411.00, 397.95, 406.00, 404.70, 403.85, 154256, 622.96, 7788, 87423, 56.67
VSTIND, EQ, 18-Sep-2026, 204.11, 206.00, 214.70, 202.50, 208.40, 208.92, 207.52, 257715, 534.81, 5877, 101009, 39.19
VSTL, EQ, 18-Sep-2026, 114.82, 114.82, 114.82, 112.10, 113.60, 113.54, 113.05, 5909, 6.68, 186, 4714, 79.78
VSTTILLERS, EQ, 18-Sep-2026, 4201.10, 4248.20, 4322.60, 4086.80, 4254.00, 4240.00, 4189.77, 17107, 716.74, 4255, 6724, 39.31
VTL, EQ, 18-Sep-2026, 561.30, 558.50, 580.50, 558.20, 578.05, 578.05, 568.41, 361599, 2055.37, 17709, 170541, 47.16
VTMLTD, EQ, 18-Sep-2026, 48.34, 48.44, 48.44, 46.12, 47.50, 47.50, 47.86, 35040, 16.77, 376, 25827, 73.71
WAAREEENER, EQ, 18-Sep-2026, 2473.00, 2490.10, 2560.70, 2486.10, 2560.70, 2560.70, 2531.96, 1224265, 30997.87, 47013, 717931, 58.64
WAAREEINDO, EQ, 18-Sep-2026, 258.80, 260.10, 271.70, 253.30, 268.00, 267.95, 268.57, 293556, 788.41, 3946, 112599, 38.36
WAAREERTL, EQ, 18-Sep-2026, 811.05, 811.65, 825.95, 811.65, 820.50, 819.65, 818.70, 93649, 766.70, 7794, 45321, 48.39
WABAG, EQ, 18-Sep-2026, 2074.80, 2085.00, 2148.80, 2065.40, 2140.70, 2132.60, 2115.18, 535595, 11328.81, 28904, 221076, 41.28
WAKEFIT, EQ, 18-Sep-2026, 145.59, 146.11, 148.90, 144.60, 146.50, 146.85, 145.77, 179739, 262.01, 2879, 83333, 46.36
WALCHANNAG, EQ, 18-Sep-2026, 199.84, 200.00, 203.75, 198.02, 203.50, 202.71, 201.51, 396972, 799.93, 7005, 213818, 53.86
WALPAR, SM, 18-Sep-2026, 22.40, 22.15, 22.15, 21.30, 22.00, 22.00, 21.65, 22000, 4.76, 10, 20000, 90.91
WANBURY, EQ, 18-Sep-2026, 223.65, 226.10, 228.00, 221.25, 223.50, 222.75, 224.33, 113160, 253.85, 2855, 44601, 39.41
WARDINMOBI, EQ, 18-Sep-2026, 5.68, 5.77, 5.79, 5.60, 5.74, 5.72, 5.71, 205536, 11.74, 634, 143955, 70.04
WATERBASE, EQ, 18-Sep-2026, 45.39, 45.67, 46.90, 45.51, 45.92, 45.96, 45.99, 12534, 5.76, 246, 11682, 93.20
WCIL, EQ, 18-Sep-2026, 95.21, 95.80, 99.99, 93.95, 95.40, 96.86, 97.74, 535857, 523.76, 5019, 254984, 47.58
WEALTH, EQ, 18-Sep-2026, 842.10, 842.10, 857.70, 830.00, 841.00, 841.55, 844.04, 2275, 19.20, 198, 1828, 80.35
WEBELSOLAR, EQ, 18-Sep-2026, 71.74, 72.99, 74.49, 71.65, 73.05, 72.94, 72.93, 1657255, 1208.57, 8870, 845240, 51.00
WEIZMANIND, EQ, 18-Sep-2026, 71.24, 71.27, 71.50, 71.27, 71.50, 71.48, 71.29, 282, 0.20, 5, 281, 99.65
WEL, EQ, 18-Sep-2026, 69.47, 70.40, 72.94, 68.01, 72.94, 72.94, 71.58, 546636, 391.29, 2567, 352116, 64.42
WELCORP, EQ, 18-Sep-2026, 2460.30, 2472.60, 2678.70, 2472.60, 2660.00, 2660.10, 2612.23, 4629365, 120929.47, 195502, 2257421, 48.76
WELENT, EQ, 18-Sep-2026, 778.70, 783.80, 837.75, 774.65, 820.00, 823.35, 794.67, 1675361, 13313.58, 18732, 1111544, 66.35
WELINV, BE, 18-Sep-2026, 2275.00, 2286.30, 2320.00, 2230.60, 2320.00, 2320.00, 2301.52, 24, 0.55, 7, -, -
WELSPLSOL, EQ, 18-Sep-2026, 53.93, 53.88, 56.23, 52.99, 55.73, 55.65, 54.95, 558795, 307.05, 5225, 258660, 46.29
WELSPUNLIV, EQ, 18-Sep-2026, 212.25, 212.25, 216.00, 211.46, 214.02, 214.66, 214.17, 3513969, 7525.88, 34964, 1616620, 46.01
WENDT, EQ, 18-Sep-2026, 8765.00, 8799.00, 8945.00, 8622.50, 8711.00, 8767.50, 8765.08, 16282, 1427.13, 4027, 6576, 40.39
WESTLIFE, EQ, 18-Sep-2026, 549.05, 544.20, 566.00, 544.20, 564.00, 564.40, 562.85, 64581, 363.49, 3569, 31705, 49.09
WEWIN, EQ, 18-Sep-2026, 42.89, 43.10, 43.10, 41.01, 43.10, 43.00, 42.95, 3103, 1.33, 53, 3004, 96.81
WEWORK, EQ, 18-Sep-2026, 682.85, 682.00, 692.55, 676.60, 682.15, 681.20, 681.90, 191510, 1305.91, 11267, 116750, 60.96
WHBRADY, EQ, 18-Sep-2026, 487.00, 489.00, 489.00, 465.30, 473.00, 476.05, 477.52, 124, 0.59, 34, 111, 89.52
WHEELS, EQ, 18-Sep-2026, 2124.60, 2130.00, 2235.00, 2116.60, 2178.00, 2175.70, 2171.14, 311417, 6761.30, 24614, 114351, 36.72
WHIRLPOOL, EQ, 18-Sep-2026, 727.40, 727.40, 732.10, 706.00, 732.00, 717.70, 717.07, 1683148, 12069.39, 40173, 849314, 50.46
WILLAMAGOR, EQ, 18-Sep-2026, 24.11, 25.25, 25.25, 23.41, 24.00, 24.36, 24.24, 939, 0.23, 68, 769, 81.90
WINDLAS, EQ, 18-Sep-2026, 1117.60, 1119.85, 1136.60, 1104.35, 1110.20, 1109.45, 1117.09, 71125, 794.53, 6540, 37377, 52.55
WINDMACHIN, EQ, 18-Sep-2026, 300.05, 300.05, 303.20, 293.70, 301.00, 300.05, 299.70, 137585, 412.35, 1608, 91957, 66.84
WINNY, SM, 18-Sep-2026, 30.95, 32.45, 32.45, 32.45, 32.45, 32.45, 32.45, 1000, 0.32, 2, 1000, 100.00
WINSOL, SM, 18-Sep-2026, 110.70, 113.00, 113.00, 112.75, 112.75, 112.75, 112.88, 800, 0.90, 2, 800, 100.00
WIPL, EQ, 18-Sep-2026, 167.18, 171.39, 171.39, 164.70, 166.80, 165.21, 165.28, 1593, 2.63, 27, 1572, 98.68
WIPRO, EQ, 18-Sep-2026, 166.40, 166.90, 166.90, 163.30, 166.83, 166.83, 165.23, 23606474, 39004.10, 110936, 13771360, 58.34
WOCKPHARMA, EQ, 18-Sep-2026, 2072.30, 2072.30, 2109.30, 2047.30, 2087.00, 2086.10, 2081.43, 557349, 11600.84, 34910, 190561, 34.19
WOL3D, SM, 18-Sep-2026, 135.00, 131.00, 133.00, 131.00, 133.00, 133.00, 131.68, 3000, 3.95, 3, 3000, 100.00
WOMANCART, ST, 18-Sep-2026, 101.00, 104.20, 106.05, 103.80, 106.05, 106.05, 105.53, 24000, 25.33, 56, 21200, 88.33
WONDERLA, EQ, 18-Sep-2026, 516.65, 516.65, 529.80, 516.05, 525.00, 527.85, 525.67, 72202, 379.54, 3225, 49001, 67.87
WORTHPERI, EQ, 18-Sep-2026, 146.27, 144.21, 155.00, 144.21, 147.10, 147.52, 148.35, 6705, 9.95, 134, 5234, 78.06
WPIL, EQ, 18-Sep-2026, 442.40, 444.60, 445.00, 430.50, 432.15, 433.70, 433.98, 38917, 168.89, 2095, 23384, 60.09
WSI, EQ, 18-Sep-2026, 56.60, 58.79, 58.79, 57.02, 58.67, 58.59, 58.16, 15648, 9.10, 270, 12204, 77.99
WSTCSTPAPR, EQ, 18-Sep-2026, 716.45, 716.00, 772.00, 713.95, 768.80, 768.30, 748.92, 592182, 4435.00, 27644, 341261, 57.63
WTICAB, SM, 18-Sep-2026, 101.75, 102.50, 103.95, 102.50, 103.30, 103.45, 103.33, 5000, 5.17, 9, 5000, 100.00
XCHANGING, EQ, 18-Sep-2026, 61.80, 62.40, 62.95, 61.65, 62.91, 62.16, 61.98, 62678, 38.84, 724, 32462, 51.79
XELPMOC, EQ, 18-Sep-2026, 74.08, 75.99, 75.99, 73.10, 74.70, 74.39, 74.16, 4134, 3.07, 205, 2613, 63.21
XPROINDIA, EQ, 18-Sep-2026, 1236.10, 1231.00, 1251.20, 1213.00, 1218.90, 1223.00, 1229.49, 20472, 251.70, 1770, 11616, 56.74
XTGLOBAL, EQ, 18-Sep-2026, 29.45, 29.45, 30.00, 28.60, 29.65, 29.54, 29.46, 27319, 8.05, 178, 21960, 80.38
XTRANET, EQ, 18-Sep-2026, 302.42, 305.49, 330.00, 303.11, 311.00, 312.16, 315.87, 2792260, 8819.78, 52894, 522630, 18.72
YAAP, SM, 18-Sep-2026, 125.10, 127.60, 128.20, 125.25, 126.50, 126.30, 127.02, 13000, 16.51, 13, 9000, 69.23
YASHO, EQ, 18-Sep-2026, 4003.00, 4003.00, 4065.00, 3970.00, 4009.90, 4002.00, 4008.19, 16899, 677.34, 3625, 8459, 50.06
YASHOPTICS, SM, 18-Sep-2026, 132.00, 136.00, 136.00, 129.55, 129.55, 133.90, 133.71, 27200, 36.37, 24, 24800, 91.18
YATHARTH, EQ, 18-Sep-2026, 1072.40, 1098.00, 1184.00, 1082.40, 1134.00, 1139.50, 1139.49, 6484052, 73885.01, 238220, 923768, 14.25
YATRA, EQ, 18-Sep-2026, 104.16, 103.70, 106.50, 103.70, 104.43, 104.83, 105.25, 437182, 460.14, 3851, 200520, 45.87
YCCL, SM, 18-Sep-2026, 8.40, 8.55, 8.55, 8.55, 8.55, 8.55, 8.55, 3000, 0.26, 1, 3000, 100.00
YESBANK, EQ, 18-Sep-2026, 23.13, 23.20, 23.38, 22.72, 22.72, 22.72, 23.03, 73563796, 16939.29, 93303, 48081227, 65.36
YOGI, EQ, 18-Sep-2026, 163.00, 163.99, 164.00, 163.90, 164.00, 163.98, 163.98, 15, 0.02, 7, 13, 86.67
YUDIZ, SM, 18-Sep-2026, 22.05, 22.00, 23.10, 22.00, 23.10, 23.10, 22.55, 1600, 0.36, 2, 1600, 100.00
YUKEN, EQ, 18-Sep-2026, 1123.10, 1123.10, 1149.00, 1078.40, 1127.00, 1139.20, 1116.29, 26377, 294.44, 3368, 11108, 42.11
ZAGGLE, EQ, 18-Sep-2026, 181.38, 181.24, 182.24, 177.25, 178.50, 178.56, 179.36, 983830, 1764.62, 11828, 391971, 39.84
ZEAL, SM, 18-Sep-2026, 75.00, 75.30, 82.50, 75.30, 80.00, 80.00, 81.22, 7200, 5.85, 12, 4200, 58.33
ZEEL, EQ, 18-Sep-2026, 78.31, 78.31, 79.97, 76.76, 78.79, 78.62, 78.24, 21977996, 17196.36, 73084, 6726853, 30.61
ZEELEARN, EQ, 18-Sep-2026, 6.85, 7.30, 7.30, 6.60, 6.80, 6.86, 6.80, 361589, 24.58, 899, 259320, 71.72
ZEEMEDIA, EQ, 18-Sep-2026, 7.40, 7.30, 7.44, 7.29, 7.35, 7.32, 7.35, 1273163, 93.62, 1184, 865040, 67.94
ZENITHDRUG, SM, 18-Sep-2026, 43.45, 43.50, 44.05, 43.25, 43.25, 43.25, 43.76, 4000, 1.75, 5, 2400, 60.00
ZENITHEXPO, EQ, 18-Sep-2026, 196.95, 196.95, 203.95, 196.95, 203.95, 203.95, 200.45, 2, 0.00, 2, 1, 50.00
ZENITHSTL, EQ, 18-Sep-2026, 5.56, 5.48, 5.69, 5.48, 5.63, 5.58, 5.62, 27022, 1.52, 218, 19530, 72.27
ZENSARTECH, EQ, 18-Sep-2026, 441.85, 442.40, 443.85, 433.00, 437.00, 436.45, 436.18, 1100244, 4799.08, 21028, 368680, 33.51
ZENTEC, EQ, 18-Sep-2026, 1681.70, 1690.00, 1706.00, 1680.00, 1682.00, 1687.40, 1690.06, 196201, 3315.92, 15696, 93922, 47.87
ZFCVINDIA, EQ, 18-Sep-2026, 2445.20, 2450.00, 2451.40, 2361.00, 2378.00, 2387.00, 2398.94, 351520, 8432.75, 35683, 258202, 73.45
ZFSTEERING, EQ, 18-Sep-2026, 694.60, 689.00, 704.70, 685.80, 696.50, 697.85, 696.87, 3521, 24.54, 306, 1773, 50.36
ZIMLAB, EQ, 18-Sep-2026, 137.92, 137.77, 139.79, 130.20, 133.35, 135.51, 134.17, 127424, 170.97, 1991, 68759, 53.96
ZODIAC, EQ, 18-Sep-2026, 220.25, 226.50, 226.50, 220.10, 221.85, 222.25, 221.94, 6000, 13.32, 495, 3807, 63.45
ZODIACLOTH, EQ, 18-Sep-2026, 69.10, 69.12, 70.88, 69.10, 69.52, 69.52, 69.36, 674, 0.47, 23, 619, 91.84
ZOTA, EQ, 18-Sep-2026, 1118.80, 1124.90, 1155.00, 1124.90, 1140.00, 1144.50, 1143.15, 56557, 646.53, 3191, 40926, 72.36
ZSARACOM, EQ, 18-Sep-2026, 10338.00, 10400.00, 10400.00, 10400.00, 10400.00, 10400.00, 10400.00, 4, 0.42, 4, 4, 100.00
ZTECH, SM, 18-Sep-2026, 406.85, 397.00, 415.00, 393.00, 415.00, 412.25, 404.83, 20100, 81.37, 62, 13800, 68.66
ZUARI, EQ, 18-Sep-2026, 216.03, 216.05, 221.35, 215.45, 220.50, 220.77, 218.61, 66310, 144.96, 2326, 36171, 54.55
ZUARIIND, EQ, 18-Sep-2026, 259.30, 262.15, 265.00, 257.05, 260.35, 262.45, 260.33, 26424, 68.79, 1041, 13144, 49.74
ZYDUSLIFE, EQ, 18-Sep-2026, 1135.10, 1150.70, 1167.30, 1147.70, 1160.00, 1160.00, 1157.66, 2789186, 32289.15, 56206, 1330491, 47.70
ZYDUSWELL, EQ, 18-Sep-2026, 546.15, 548.00, 552.90, 512.00, 528.00, 522.25, 526.95, 723768, 3813.92, 43609, 217161, 30.00
