SYMBOL, SERIES, DATE1, PREV_CLOSE, OPEN_PRICE, HIGH_PRICE, LOW_PRICE, LAST_PRICE, CLOSE_PRICE, AVG_PRICE, TTL_TRD_QNTY, TURNOVER_LACS, NO_OF_TRADES, DELIV_QTY, DELIV_PER
1018GS2026, GS, 05-Aug-2026, 104.49, 103.95, 104.45, 100.00, 104.24, 104.24, 103.49, 7191, 7.44, 16, 6135, 85.31
20MICRONS, EQ, 05-Aug-2026, 196.72, 196.72, 198.10, 194.00, 194.00, 194.85, 195.42, 115892, 226.48, 1814, 68985, 59.53
21STCENMGM, EQ, 05-Aug-2026, 41.77, 42.59, 42.60, 42.59, 42.60, 42.60, 42.60, 8281, 3.53, 33, 8281, 100.00
360ONE, EQ, 05-Aug-2026, 1155.00, 1174.00, 1194.70, 1163.30, 1192.00, 1192.00, 1184.99, 1854520, 21975.85, 46662, 982851, 53.00
3BBLACKBIO, EQ, 05-Aug-2026, 1238.50, 1260.50, 1260.50, 1200.00, 1212.00, 1204.00, 1216.22, 8883, 108.04, 1284, 5592, 62.95
3IINFOLTD, EQ, 05-Aug-2026, 25.12, 25.50, 25.75, 23.32, 25.05, 25.09, 24.84, 4129398, 1025.70, 14916, 1291711, 31.28
3MINDIA, EQ, 05-Aug-2026, 35725.00, 35885.00, 36280.00, 35605.00, 35610.00, 35805.00, 35918.18, 3173, 1139.68, 1829, 1427, 44.97
3PLAND, EQ, 05-Aug-2026, 31.86, 32.25, 32.94, 31.51, 32.05, 31.76, 31.74, 1478, 0.47, 74, 905, 61.23
5PAISA, EQ, 05-Aug-2026, 351.00, 359.00, 369.90, 352.35, 366.00, 367.20, 363.57, 58609, 213.09, 3443, 25486, 43.48
601GS2028, GS, 05-Aug-2026, 100.21, 101.00, 101.00, 101.00, 101.00, 101.00, 101.00, 200, 0.20, 1, 200, 100.00
601GS2030, GS, 05-Aug-2026, 98.90, 98.90, 98.90, 98.90, 98.90, 98.90, 98.90, 100, 0.10, 1, 100, 100.00
603GS2029, GS, 05-Aug-2026, 100.36, 100.36, 100.36, 100.36, 100.36, 100.36, 100.36, 2, 0.00, 2, 2, 100.00
610GS2031, GS, 05-Aug-2026, 105.50, 105.50, 105.50, 105.50, 105.50, 105.50, 105.50, 4, 0.00, 1, 4, 100.00
636GS2031, GS, 05-Aug-2026, 102.20, 102.15, 102.45, 102.00, 102.00, 102.02, 102.14, 5100, 5.21, 7, 4700, 92.16
63MOONS, EQ, 05-Aug-2026, 864.20, 869.90, 885.00, 855.15, 860.35, 862.95, 870.89, 303112, 2639.76, 8843, 66771, 22.03
648GS2035, GS, 05-Aug-2026, 101.20, 97.91, 100.00, 97.91, 99.11, 99.11, 98.81, 250, 0.25, 3, 200, 80.00
654GS2032, GS, 05-Aug-2026, 100.20, 100.50, 100.50, 100.00, 100.00, 100.00, 100.02, 1030, 1.03, 3, 1030, 100.00
662GS2051, GS, 05-Aug-2026, 90.46, 90.70, 90.70, 90.70, 90.70, 90.70, 90.70, 3, 0.00, 1, 3, 100.00
664GS2035, GS, 05-Aug-2026, 99.15, 97.46, 97.46, 97.46, 97.46, 97.46, 97.46, 1, 0.00, 1, 1, 100.00
667GS2050, GS, 05-Aug-2026, 93.69, 93.00, 93.69, 92.50, 92.50, 92.50, 92.54, 1000, 0.93, 9, 1000, 100.00
668GS2033, GS, 05-Aug-2026, 99.00, 98.61, 98.61, 98.60, 98.60, 98.60, 98.60, 200, 0.20, 2, 200, 100.00
668GS2040, GS, 05-Aug-2026, 97.62, 95.80, 98.00, 95.80, 98.00, 98.00, 97.83, 2600, 2.54, 6, 2400, 92.31
676GS2061, GS, 05-Aug-2026, 93.32, 93.50, 93.75, 93.20, 93.75, 93.47, 93.40, 3797, 3.55, 11, 3797, 100.00
690GS2065, GS, 05-Aug-2026, 93.79, 94.00, 94.00, 93.58, 93.92, 93.91, 93.73, 121328, 113.72, 24, 120387, 99.22
694GS2036, GS, 05-Aug-2026, 102.72, 103.00, 103.00, 101.15, 101.15, 101.15, 102.49, 700, 0.72, 5, 700, 100.00
695GS2061, GS, 05-Aug-2026, 93.48, 94.00, 94.00, 93.10, 93.20, 93.20, 93.80, 2792, 2.62, 12, 2792, 100.00
698GR2054, GS, 05-Aug-2026, 92.50, 92.50, 92.50, 92.30, 92.30, 92.30, 92.38, 500, 0.46, 2, 500, 100.00
699GS2051, GS, 05-Aug-2026, 97.50, 97.50, 97.50, 95.50, 95.50, 95.50, 95.50, 2501, 2.39, 3, 2501, 100.00
702GS2027, GS, 05-Aug-2026, 100.83, 101.01, 101.01, 101.01, 101.01, 101.01, 101.01, 100, 0.10, 1, 100, 100.00
706GS2028, GS, 05-Aug-2026, 102.81, 103.30, 103.30, 103.30, 103.30, 103.30, 103.30, 5000, 5.17, 1, 5000, 100.00
706GS2041, GS, 05-Aug-2026, 101.00, 100.50, 101.00, 99.07, 99.50, 99.50, 99.74, 634, 0.63, 4, 434, 68.45
709GS2054, GS, 05-Aug-2026, 96.69, 97.50, 97.50, 96.30, 96.30, 96.35, 96.40, 30787, 29.68, 34, 30787, 100.00
709GS2074, GS, 05-Aug-2026, 95.57, 95.57, 95.60, 95.13, 95.60, 95.57, 95.48, 16955, 16.19, 23, 10905, 64.32
710GS2029, GS, 05-Aug-2026, 103.40, 103.40, 103.90, 103.00, 103.90, 103.90, 103.47, 17101, 17.69, 8, 10801, 63.16
717GS2030, GS, 05-Aug-2026, 103.50, 103.50, 103.50, 103.50, 103.50, 103.50, 103.50, 2000, 2.07, 1, 2000, 100.00
718GS2033, GS, 05-Aug-2026, 105.20, 105.20, 105.50, 105.20, 105.50, 105.50, 105.23, 1100, 1.16, 2, 1100, 100.00
718GS2037, GS, 05-Aug-2026, 101.99, 102.63, 102.70, 102.54, 102.70, 102.62, 102.64, 15383, 15.79, 16, 15383, 100.00
719GS2060, GS, 05-Aug-2026, 101.90, 101.90, 101.90, 101.90, 101.90, 101.90, 101.90, 1, 0.00, 1, 1, 100.00
71GS2034, GS, 05-Aug-2026, 103.70, 103.21, 103.97, 103.20, 103.97, 103.97, 103.28, 17153, 17.72, 5, 17152, 99.99
724GS2055, GS, 05-Aug-2026, 100.80, 101.49, 101.49, 100.75, 101.30, 101.30, 100.81, 11445, 11.54, 10, 11406, 99.66
725GS2063, GS, 05-Aug-2026, 97.63, 97.65, 97.80, 97.58, 97.69, 97.58, 97.62, 1765028, 1723.06, 758, 1746740, 98.96
726GS2032, GS, 05-Aug-2026, 107.00, 106.79, 106.79, 106.79, 106.79, 106.79, 106.79, 155, 0.17, 1, 155, 100.00
733GS2026, GS, 05-Aug-2026, 101.25, 101.50, 101.50, 101.50, 101.50, 101.50, 101.50, 2100, 2.13, 2, 2100, 100.00
734GS2064, GS, 05-Aug-2026, 99.36, 99.53, 99.57, 99.40, 99.40, 99.40, 99.49, 36263, 36.08, 23, 32263, 88.97
738GS2027, GS, 05-Aug-2026, 102.16, 102.12, 102.38, 102.10, 102.20, 102.20, 102.23, 65231, 66.68, 18, 65231, 100.00
73GS2053, GS, 05-Aug-2026, 99.39, 99.75, 99.75, 99.30, 99.30, 99.38, 99.49, 12012, 11.95, 11, 12012, 100.00
741GS2036, GS, 05-Aug-2026, 104.90, 104.90, 105.10, 104.85, 105.00, 105.00, 104.98, 700, 0.73, 7, 700, 100.00
743GS2076, GS, 05-Aug-2026, 99.50, 99.50, 102.00, 99.47, 99.50, 99.50, 99.50, 535645, 532.96, 374, 535644, 100.00
746GS2073, GS, 05-Aug-2026, 100.77, 100.77, 100.77, 100.71, 100.71, 100.71, 100.75, 1213, 1.22, 13, 1213, 100.00
74GS2062, GS, 05-Aug-2026, 104.00, 104.00, 104.00, 102.00, 102.00, 102.00, 103.08, 186, 0.19, 2, 186, 100.00
754GS2036, GS, 05-Aug-2026, 106.63, 106.65, 106.87, 106.55, 106.55, 106.59, 106.65, 81783, 87.22, 61, 81678, 99.87
771GS2066, GS, 05-Aug-2026, 104.70, 104.99, 104.99, 104.50, 104.50, 104.50, 104.58, 27286, 28.54, 35, 27186, 99.63
897GS2030, GS, 05-Aug-2026, 111.18, 111.00, 111.30, 111.00, 111.10, 111.10, 111.08, 3400, 3.78, 9, 3400, 100.00
92GS2030, GS, 05-Aug-2026, 113.82, 114.55, 114.55, 114.55, 114.55, 114.55, 114.55, 2852, 3.27, 1, 2852, 100.00
A2ZINFRA, EQ, 05-Aug-2026, 17.24, 17.59, 17.70, 16.52, 16.75, 16.63, 17.00, 534030, 90.78, 1777, 319422, 59.81
AAATECH, EQ, 05-Aug-2026, 89.23, 89.10, 91.60, 88.84, 91.55, 91.33, 90.90, 60743, 55.22, 535, 55717, 91.73
AADHARHFC, EQ, 05-Aug-2026, 492.80, 494.00, 508.70, 493.20, 503.00, 505.20, 503.18, 280546, 1411.66, 8552, 170632, 60.82
AAKASH, EQ, 05-Aug-2026, 8.95, 9.04, 9.05, 8.85, 9.05, 9.00, 8.97, 70251, 6.30, 230, 53232, 75.77
AAREYDRUGS, BE, 05-Aug-2026, 83.90, 83.90, 84.90, 82.00, 84.35, 84.31, 84.25, 24593, 20.72, 112, -, -
AARNAV, EQ, 05-Aug-2026, 30.31, 29.86, 31.50, 29.86, 30.94, 30.44, 30.80, 62024, 19.10, 688, 36232, 58.42
AARON, EQ, 05-Aug-2026, 130.61, 130.41, 135.65, 130.41, 135.60, 134.91, 133.57, 27730, 37.04, 698, 15356, 55.38
AARTECH, BE, 05-Aug-2026, 47.26, 47.19, 47.50, 46.05, 47.39, 47.38, 46.98, 11904, 5.59, 88, -, -
AARTIDRUGS, EQ, 05-Aug-2026, 414.05, 414.00, 415.95, 408.80, 412.10, 412.40, 412.11, 110719, 456.29, 4756, 59454, 53.70
AARTIIND, EQ, 05-Aug-2026, 481.75, 485.50, 486.80, 481.15, 486.35, 485.95, 484.28, 485538, 2351.35, 10316, 215867, 44.46
AARTIPHARM, EQ, 05-Aug-2026, 690.00, 692.50, 695.95, 679.80, 681.50, 683.00, 686.58, 123296, 846.53, 12574, 69149, 56.08
AARTISURF, EQ, 05-Aug-2026, 541.85, 530.00, 546.05, 517.05, 539.00, 541.15, 531.13, 133133, 707.11, 6414, 50234, 37.73
AARVI, EQ, 05-Aug-2026, 156.37, 159.14, 161.39, 153.60, 155.00, 156.36, 156.68, 24856, 38.94, 678, 10733, 43.18
AASTHA, EQ, 05-Aug-2026, 83.72, 92.09, 92.09, 92.08, 92.09, 92.08, 92.09, 4219184, 3885.38, 3310, 786245, 18.64
AATMAJ, SM, 05-Aug-2026, 19.90, 19.95, 19.95, 19.95, 19.95, 19.95, 19.95, 2000, 0.40, 1, 2000, 100.00
AAVAS, EQ, 05-Aug-2026, 1392.60, 1392.60, 1405.80, 1368.10, 1374.90, 1375.70, 1382.39, 53803, 743.77, 9287, 26016, 48.35
ABAN, BE, 05-Aug-2026, 17.39, 17.90, 18.25, 16.56, 18.25, 18.25, 17.98, 166509, 29.93, 651, -, -
ABANSENT, BE, 05-Aug-2026, 25.77, 26.10, 26.28, 25.77, 26.28, 25.82, 26.07, 4011, 1.05, 25, -, -
ABB, EQ, 05-Aug-2026, 7700.00, 7748.00, 7833.00, 7675.00, 7690.50, 7690.50, 7745.16, 267379, 20708.93, 28022, 89117, 33.33
ABBOTINDIA, EQ, 05-Aug-2026, 27825.00, 27925.00, 27955.00, 27650.00, 27830.00, 27785.00, 27791.97, 3483, 967.99, 1782, 1520, 43.64
ABCAPITAL, EQ, 05-Aug-2026, 420.00, 421.00, 426.35, 419.50, 424.70, 424.70, 422.67, 2725660, 11520.47, 41695, 1196812, 43.91
ABCOTS, EQ, 05-Aug-2026, 200.81, 203.00, 203.00, 199.00, 200.99, 199.53, 199.96, 3609, 7.22, 266, 1907, 52.84
ABDL, EQ, 05-Aug-2026, 622.85, 620.00, 631.00, 610.65, 612.00, 614.15, 620.53, 202234, 1254.92, 10585, 98736, 48.82
ABFRL, EQ, 05-Aug-2026, 61.00, 61.09, 62.54, 61.00, 62.01, 62.10, 62.02, 5571729, 3455.38, 21648, 2789107, 50.06
ABGSEC, EQ, 05-Aug-2026, 114.16, 115.26, 115.26, 114.00, 114.01, 114.01, 114.71, 55, 0.06, 13, 41, 74.55
ABHAPOWER, SM, 05-Aug-2026, 25.80, 26.00, 26.10, 26.00, 26.10, 26.10, 26.05, 3200, 0.83, 2, 3200, 100.00
ABINFRA, EQ, 05-Aug-2026, 10.02, 10.15, 10.15, 9.90, 9.99, 9.98, 9.99, 316286, 31.60, 785, 168640, 53.32
ABLBL, EQ, 05-Aug-2026, 94.57, 95.00, 95.85, 94.05, 94.85, 94.60, 94.91, 1390246, 1319.52, 6519, 1008181, 72.52
ABMINTLLTD, EQ, 05-Aug-2026, 42.45, 41.38, 46.60, 41.38, 45.48, 42.24, 44.32, 907, 0.40, 19, 722, 79.60
ABMKNO, EQ, 05-Aug-2026, 196.69, 196.69, 200.00, 188.00, 191.45, 191.61, 195.30, 2663, 5.20, 96, 2411, 90.54
ABREL, EQ, 05-Aug-2026, 1424.10, 1424.60, 1458.80, 1411.70, 1424.90, 1421.20, 1435.76, 96361, 1383.51, 8696, 31818, 33.02
ABSL10BANK, EQ, 05-Aug-2026, 170.52, 170.95, 173.89, 169.71, 170.30, 170.74, 170.63, 9806, 16.73, 243, 8501, 86.69
ABSLAMC, EQ, 05-Aug-2026, 995.60, 1006.40, 1023.00, 996.00, 1020.80, 1017.10, 1013.82, 184027, 1865.70, 17860, 90147, 48.99
ABSLBANETF, EQ, 05-Aug-2026, 59.24, 59.24, 59.51, 59.00, 59.33, 59.19, 59.22, 64845, 38.40, 249, 20657, 31.86
ABSLLIQUID, EQ, 05-Aug-2026, 1000.00, 1000.00, 1000.01, 999.99, 1000.01, 999.99, 1000.00, 596, 5.96, 16, 388, 65.10
ABSLMSCIN, EQ, 05-Aug-2026, 30.00, 29.40, 30.25, 29.40, 30.05, 30.05, 30.09, 2646, 0.80, 30, 2595, 98.07
ABSLNN50ET, EQ, 05-Aug-2026, 77.99, 79.55, 79.97, 77.99, 78.42, 78.11, 78.44, 7399, 5.80, 204, 6234, 84.25
ABSLPSE, EQ, 05-Aug-2026, 10.31, 10.41, 10.41, 10.29, 10.33, 10.32, 10.32, 149680, 15.44, 524, 137033, 91.55
ABSMARINE, ST, 05-Aug-2026, 222.45, 224.00, 224.00, 219.05, 220.20, 221.80, 221.28, 17000, 37.62, 32, 15000, 88.24
ACC, EQ, 05-Aug-2026, 1384.70, 1393.70, 1413.90, 1386.00, 1394.00, 1394.00, 1403.04, 303843, 4263.04, 16812, 118976, 39.16
ACCELYA, EQ, 05-Aug-2026, 1139.00, 1150.00, 1152.90, 1135.60, 1137.00, 1138.10, 1140.34, 3437, 39.19, 717, 2405, 69.97
ACCENTMIC, SM, 05-Aug-2026, 504.25, 509.00, 517.10, 505.00, 511.00, 511.50, 510.43, 32500, 165.89, 57, 28000, 86.15
ACCPL, ST, 05-Aug-2026, 177.00, 177.00, 182.50, 177.00, 182.50, 181.10, 179.19, 9600, 17.20, 8, 9600, 100.00
ACCURACY, BE, 05-Aug-2026, 4.84, 4.84, 4.98, 4.70, 4.87, 4.81, 4.83, 15880, 0.77, 126, -, -
ACE, EQ, 05-Aug-2026, 1098.60, 1110.00, 1149.00, 1098.60, 1134.40, 1137.80, 1135.57, 662985, 7528.67, 31146, 338152, 51.00
ACEINTEG, EQ, 05-Aug-2026, 19.09, 19.64, 19.64, 19.00, 19.10, 19.28, 19.15, 1839, 0.35, 37, 1792, 97.44
ACI, EQ, 05-Aug-2026, 532.20, 534.95, 537.20, 522.50, 523.30, 523.85, 530.45, 619170, 3284.38, 16951, 431419, 69.68
ACL, EQ, 05-Aug-2026, 47.59, 47.01, 47.90, 47.01, 47.48, 47.43, 47.48, 8215, 3.90, 137, 7744, 94.27
ACMESOLAR, EQ, 05-Aug-2026, 381.65, 384.80, 391.05, 378.00, 379.75, 382.25, 385.57, 2758030, 10634.17, 39316, 1425004, 51.67
ACSTECH, EQ, 05-Aug-2026, 42.22, 44.32, 44.33, 43.00, 44.33, 44.33, 44.26, 233914, 103.52, 465, 185244, 79.19
ACUTAAS, EQ, 05-Aug-2026, 3224.30, 3260.00, 3296.70, 3224.30, 3295.00, 3282.80, 3270.11, 223117, 7296.16, 25140, 111505, 49.98
ADANIENSOL, EQ, 05-Aug-2026, 1646.00, 1663.80, 1663.80, 1630.50, 1642.00, 1642.00, 1642.03, 886130, 14550.55, 36528, 369479, 41.70
ADANIENT, EQ, 05-Aug-2026, 3050.00, 3055.00, 3085.90, 3037.30, 3050.00, 3050.00, 3054.62, 870914, 26603.15, 46878, 281450, 32.32
ADANIGREEN, EQ, 05-Aug-2026, 1384.00, 1400.00, 1405.70, 1373.30, 1380.00, 1380.00, 1385.45, 1221115, 16917.97, 29781, 399714, 32.73
ADANIPORTS, EQ, 05-Aug-2026, 1706.70, 1708.20, 1710.70, 1688.10, 1700.00, 1700.00, 1695.10, 2333361, 39552.70, 69607, 1549616, 66.41
ADANIPOWER, EQ, 05-Aug-2026, 209.95, 211.00, 211.33, 207.00, 208.99, 208.99, 208.73, 15188719, 31703.45, 79501, 6638842, 43.71
ADDICTIVE, SM, 05-Aug-2026, 40.20, 40.20, 41.80, 38.90, 40.00, 40.05, 40.16, 5500, 2.21, 10, 5000, 90.91
ADFFOODS, EQ, 05-Aug-2026, 273.25, 271.50, 273.95, 266.35, 266.35, 269.20, 270.78, 90125, 244.04, 3559, 45077, 50.02
ADISOFT, SM, 05-Aug-2026, 173.35, 177.20, 180.00, 173.55, 174.50, 175.25, 176.79, 32800, 57.99, 40, 21600, 65.85
ADL, EQ, 05-Aug-2026, 75.33, 74.60, 76.79, 71.60, 71.75, 71.75, 73.20, 80, 0.06, 21, 46, 57.50
ADOR, EQ, 05-Aug-2026, 1510.80, 1500.00, 1518.00, 1478.10, 1489.70, 1508.10, 1501.99, 28559, 428.95, 3989, 17991, 63.00
ADROITINFO, EQ, 05-Aug-2026, 9.85, 9.71, 10.14, 9.71, 9.99, 10.03, 10.00, 46867, 4.69, 148, 40796, 87.05
ADSL, EQ, 05-Aug-2026, 116.86, 118.80, 118.80, 116.06, 117.45, 116.97, 117.28, 100417, 117.77, 2230, 52430, 52.21
ADVAIT, EQ, 05-Aug-2026, 2343.00, 2334.20, 2363.90, 2270.00, 2299.00, 2285.40, 2304.37, 36777, 847.48, 5223, 19946, 54.23
ADVANCE, EQ, 05-Aug-2026, 125.11, 126.98, 135.01, 126.24, 132.35, 134.10, 131.41, 1054225, 1385.37, 9516, 597167, 56.65
ADVANIHOTR, EQ, 05-Aug-2026, 52.43, 52.52, 52.52, 49.75, 50.76, 50.53, 50.62, 123384, 62.45, 1505, 96099, 77.89
ADVENTHTL, EQ, 05-Aug-2026, 147.86, 147.59, 148.75, 145.11, 145.50, 146.96, 146.50, 113316, 166.01, 1913, 70650, 62.35
ADVENZYMES, EQ, 05-Aug-2026, 322.65, 323.95, 337.85, 321.10, 334.00, 332.75, 328.77, 320194, 1052.69, 6717, 188839, 58.98
AEGISLOG, EQ, 05-Aug-2026, 1357.90, 1370.20, 1412.00, 1366.00, 1392.00, 1395.80, 1396.58, 1296765, 18110.32, 57190, 385836, 29.75
AEGISVOPAK, EQ, 05-Aug-2026, 296.15, 298.15, 299.45, 280.60, 282.50, 283.85, 289.30, 1344142, 3888.67, 27026, 591334, 43.99
AEPL, EQ, 05-Aug-2026, 14.08, 14.00, 14.37, 13.83, 14.09, 14.34, 14.27, 10059, 1.44, 87, 8103, 80.55
AEQUS, EQ, 05-Aug-2026, 230.79, 232.80, 246.00, 231.25, 239.90, 239.95, 239.92, 6917021, 16595.60, 60220, 3491976, 50.48
AEROENTER, EQ, 05-Aug-2026, 132.67, 133.99, 135.97, 130.00, 132.50, 132.14, 132.48, 604590, 800.97, 8644, 286386, 47.37
AEROFLEX, EQ, 05-Aug-2026, 463.80, 467.40, 471.95, 454.25, 455.70, 456.00, 460.32, 840101, 3867.15, 14890, 379392, 45.16
AERON, SM, 05-Aug-2026, 77.60, 79.00, 79.00, 75.20, 77.60, 77.60, 77.62, 11000, 8.54, 8, 9000, 81.82
AERONEU, EQ, 05-Aug-2026, 85.15, 86.42, 87.30, 84.85, 86.00, 85.35, 85.73, 43420, 37.23, 899, 7125, 16.41
AEROPLANE, EQ, 05-Aug-2026, 201.39, 199.25, 205.05, 196.26, 202.00, 200.59, 199.12, 306078, 609.48, 3363, 180613, 59.01
AESTHETIK, SM, 05-Aug-2026, 74.95, 74.95, 74.95, 74.95, 74.95, 74.95, 74.95, 1000, 0.75, 1, 1000, 100.00
AETHER, EQ, 05-Aug-2026, 1578.30, 1585.00, 1604.00, 1560.20, 1577.00, 1589.40, 1590.01, 338221, 5377.74, 37364, 149325, 44.15
AFCONS, EQ, 05-Aug-2026, 281.60, 283.10, 286.90, 280.20, 280.30, 280.90, 282.73, 358959, 1014.87, 7706, 207950, 57.93
AFFLE, EQ, 05-Aug-2026, 1683.30, 1684.00, 1686.90, 1655.00, 1659.80, 1662.60, 1670.76, 115803, 1934.79, 12506, 56993, 49.22
AFFORDABLE, BE, 05-Aug-2026, 180.29, 179.97, 182.40, 177.60, 181.74, 181.77, 180.19, 12852, 23.16, 204, -, -
AFIL, EQ, 05-Aug-2026, 9.27, 9.35, 9.49, 9.21, 9.46, 9.41, 9.35, 343623, 32.15, 557, 279615, 81.37
AFSL, EQ, 05-Aug-2026, 201.27, 201.10, 201.98, 201.10, 201.20, 201.21, 201.31, 2608, 5.25, 72, 1501, 57.55
AGARIND, EQ, 05-Aug-2026, 526.00, 524.00, 530.00, 517.65, 521.75, 523.25, 523.26, 25938, 135.72, 1453, 11530, 44.45
AGARWALEYE, EQ, 05-Aug-2026, 493.50, 496.55, 553.00, 496.55, 516.90, 521.05, 523.47, 627046, 3282.38, 27593, 128402, 20.48
AGARWALFT, SM, 05-Aug-2026, 37.15, 35.30, 39.00, 35.30, 36.85, 36.85, 37.04, 18000, 6.67, 9, 10500, 58.33
AGARWALTUF, SM, 05-Aug-2026, 139.35, 143.95, 153.20, 143.95, 149.00, 149.55, 149.74, 226800, 339.62, 178, 114000, 50.26
AGI, EQ, 05-Aug-2026, 714.70, 718.00, 730.00, 713.15, 720.50, 718.70, 721.01, 71577, 516.08, 2919, 37056, 51.77
AGIIL, EQ, 05-Aug-2026, 306.85, 306.90, 308.00, 300.90, 302.00, 302.00, 303.75, 270178, 820.68, 4105, 150504, 55.71
AGL, EQ, 05-Aug-2026, 13.27, 13.60, 13.69, 13.06, 13.12, 13.15, 13.28, 1493237, 198.31, 5049, 883643, 59.18
AGNI, SM, 05-Aug-2026, 16.70, 17.10, 17.10, 16.50, 17.10, 17.10, 16.90, 7500, 1.27, 3, 2500, 33.33
AGRITECH, BE, 05-Aug-2026, 109.91, 110.00, 112.50, 109.20, 111.80, 111.80, 111.36, 3312, 3.69, 57, -, -
AGROPHOS, EQ, 05-Aug-2026, 28.10, 28.15, 28.80, 27.65, 28.44, 28.34, 28.26, 20670, 5.84, 189, 14092, 68.18
AGSTRA, BZ, 05-Aug-2026, 2.18, 2.12, 2.17, 2.09, 2.09, 2.10, 2.11, 480127, 10.14, 586, -, -
AGUL, SM, 05-Aug-2026, 62.55, 59.45, 65.50, 59.45, 59.45, 62.45, 60.96, 8000, 4.88, 4, 6000, 75.00
AHCL, EQ, 05-Aug-2026, 14.57, 14.68, 14.68, 14.40, 14.57, 14.49, 14.55, 1335671, 194.29, 2461, 752889, 56.37
AHLADA, EQ, 05-Aug-2026, 37.20, 37.80, 37.80, 36.43, 37.00, 37.60, 37.54, 6422, 2.41, 98, 3997, 62.24
AHLEAST, EQ, 05-Aug-2026, 143.28, 142.01, 144.85, 140.26, 141.21, 142.09, 141.57, 1061, 1.50, 73, 663, 62.49
AHLUCONT, EQ, 05-Aug-2026, 830.70, 833.20, 845.45, 830.10, 830.10, 835.60, 838.94, 16260, 136.41, 1626, 9649, 59.34
AHLWEST, BE, 05-Aug-2026, 520.00, 520.00, 546.00, 515.00, 544.00, 535.90, 531.38, 303, 1.61, 23, -, -
AIAENG, EQ, 05-Aug-2026, 4627.00, 4650.00, 4729.00, 4583.00, 4645.00, 4646.60, 4687.06, 58625, 2747.79, 12947, 34372, 58.63
AIIL, EQ, 05-Aug-2026, 558.55, 561.10, 573.00, 553.20, 569.80, 570.50, 566.49, 289032, 1637.35, 12040, 111122, 38.45
AILIMITED, SM, 05-Aug-2026, 34.15, 35.85, 35.85, 35.85, 35.85, 35.85, 35.85, 1500, 0.54, 1, 1500, 100.00
AIMTRON, SM, 05-Aug-2026, 1547.20, 1579.95, 1637.00, 1555.00, 1610.00, 1612.10, 1595.71, 83800, 1337.20, 391, 50200, 59.90
AIRAN, EQ, 05-Aug-2026, 15.05, 15.31, 15.31, 15.01, 15.17, 15.16, 15.15, 45112, 6.83, 209, 34865, 77.29
AIROLAM, EQ, 05-Aug-2026, 89.69, 89.50, 92.00, 88.11, 91.00, 91.19, 91.22, 1838, 1.68, 54, 1294, 70.40
AISL, SM, 05-Aug-2026, 58.00, 55.10, 59.00, 55.10, 58.00, 58.00, 55.90, 10800, 6.04, 15, 10200, 94.44
AJANTPHARM, EQ, 05-Aug-2026, 3525.10, 3525.10, 3527.90, 3403.10, 3440.60, 3437.50, 3434.23, 126648, 4349.38, 24931, 58288, 46.02
AJAXENGG, EQ, 05-Aug-2026, 593.80, 596.00, 620.45, 594.55, 608.00, 607.65, 608.33, 109929, 668.73, 5873, 51111, 46.49
AJMERA, EQ, 05-Aug-2026, 122.97, 124.00, 126.24, 122.22, 124.00, 124.00, 123.91, 631438, 782.43, 6573, 269379, 42.66
AJOONI, EQ, 05-Aug-2026, 3.92, 4.02, 4.02, 3.95, 3.96, 3.96, 3.99, 223450, 8.91, 418, 172732, 77.30
AKANKSHA, ST, 05-Aug-2026, 100.65, 105.65, 105.65, 105.65, 105.65, 105.65, 105.65, 29000, 30.64, 21, 29000, 100.00
AKASH, EQ, 05-Aug-2026, 26.37, 26.39, 27.39, 26.35, 26.67, 26.55, 26.57, 4294, 1.14, 41, 2704, 62.97
AKCAPIT, EQ, 05-Aug-2026, 1728.30, 1749.70, 1762.80, 1740.00, 1740.00, 1749.10, 1753.30, 1928, 33.80, 136, 1800, 93.36
AKG, EQ, 05-Aug-2026, 10.03, 10.00, 10.47, 8.06, 8.44, 8.43, 8.50, 785747, 66.81, 2405, 362402, 46.12
AKI, EQ, 05-Aug-2026, 4.04, 4.21, 4.80, 4.00, 4.24, 4.22, 4.20, 242231, 10.16, 290, 135357, 55.88
AKIKO, ST, 05-Aug-2026, 327.00, 327.00, 334.45, 327.00, 334.00, 334.15, 332.26, 7200, 23.92, 9, 6400, 88.89
AKSHAR, EQ, 05-Aug-2026, 0.40, 0.41, 0.47, 0.41, 0.44, 0.44, 0.44, 4315818, 19.09, 909, 1835070, 42.52
AKSHARCHEM, BE, 05-Aug-2026, 261.49, 260.00, 274.50, 255.00, 274.00, 273.28, 265.37, 22636, 60.07, 224, -, -
AKSHOPTFBR, BE, 05-Aug-2026, 5.99, 6.19, 6.28, 6.00, 6.28, 6.28, 6.23, 134673, 8.39, 134, -, -
AKUMS, EQ, 05-Aug-2026, 667.40, 667.95, 674.70, 661.20, 666.00, 666.10, 667.03, 71535, 477.16, 6363, 41769, 58.39
ALANKIT, EQ, 05-Aug-2026, 7.81, 7.71, 8.10, 7.70, 7.93, 7.91, 7.96, 155454, 12.37, 463, 112513, 72.38
ALBERTDAVD, EQ, 05-Aug-2026, 694.75, 697.85, 697.85, 690.10, 693.00, 692.80, 693.34, 809, 5.61, 75, 626, 77.38
ALEMBICLTD, EQ, 05-Aug-2026, 88.55, 88.60, 88.99, 86.50, 87.05, 87.14, 87.59, 370022, 324.10, 3669, 220467, 59.58
ALGOQUANT, EQ, 05-Aug-2026, 68.77, 69.33, 69.33, 67.20, 67.51, 67.51, 67.78, 1165830, 790.18, 2950, 313733, 26.91
ALICON, EQ, 05-Aug-2026, 694.85, 680.80, 730.00, 680.80, 721.00, 718.05, 721.24, 21416, 154.46, 1433, 13563, 63.33
ALIVUS, EQ, 05-Aug-2026, 1335.80, 1335.00, 1338.60, 1304.00, 1332.00, 1331.00, 1317.93, 163968, 2160.98, 14595, 60530, 36.92
ALKALI, BE, 05-Aug-2026, 70.62, 70.00, 70.90, 67.45, 68.88, 68.17, 67.88, 7728, 5.25, 100, -, -
ALKEM, EQ, 05-Aug-2026, 5608.00, 5620.50, 5696.50, 5556.00, 5696.50, 5696.50, 5628.75, 88646, 4989.66, 19233, 45766, 51.63
ALKYLAMINE, EQ, 05-Aug-2026, 1921.20, 1939.70, 1998.90, 1923.10, 1940.20, 1939.80, 1959.39, 549700, 10770.76, 48505, 109250, 19.87
ALLCARGO, EQ, 05-Aug-2026, 8.21, 8.28, 8.49, 8.10, 8.17, 8.14, 8.25, 3690233, 304.51, 4233, 1855268, 50.28
ALLDIGI, EQ, 05-Aug-2026, 813.10, 814.90, 824.65, 809.05, 813.90, 811.60, 811.77, 6668, 54.13, 1293, 3901, 58.50
ALLETEC, ST, 05-Aug-2026, 137.00, 138.00, 138.00, 133.00, 133.00, 133.00, 135.46, 9200, 12.46, 22, 8800, 95.65
ALLTIME, EQ, 05-Aug-2026, 221.45, 223.65, 226.00, 220.00, 221.60, 220.60, 221.50, 45119, 99.94, 1677, 30791, 68.24
ALMONDZ, EQ, 05-Aug-2026, 13.73, 13.72, 14.80, 13.72, 14.70, 14.61, 14.50, 159415, 23.11, 383, 123097, 77.22
ALOKINDS, EQ, 05-Aug-2026, 11.96, 12.06, 12.10, 11.95, 11.96, 11.97, 12.02, 2417229, 290.43, 4048, 1284609, 53.14
ALPA, EQ, 05-Aug-2026, 67.10, 67.40, 69.50, 66.66, 67.78, 67.32, 68.30, 18699, 12.77, 222, 11181, 59.79
ALPEXSOLAR, SM, 05-Aug-2026, 833.55, 833.55, 835.50, 811.00, 820.00, 816.95, 821.08, 35400, 290.66, 285, 24400, 68.93
ALPHA, EQ, 05-Aug-2026, 52.64, 52.74, 53.33, 52.74, 53.15, 53.20, 53.09, 1089343, 578.33, 2632, 657991, 60.40
ALPHAETF, EQ, 05-Aug-2026, 26.36, 26.52, 26.60, 26.43, 26.55, 26.51, 26.51, 279120, 73.99, 837, 153733, 55.08
ALPHAGEO, EQ, 05-Aug-2026, 247.68, 255.20, 255.20, 231.50, 235.80, 236.16, 240.35, 41320, 99.31, 726, 26844, 64.97
ALPINETEX, EQ, 05-Aug-2026, 68.04, 67.35, 70.30, 67.35, 68.40, 67.82, 68.70, 451098, 309.92, 4184, 193218, 42.83
ALPL30IETF, EQ, 05-Aug-2026, 28.31, 28.47, 28.60, 28.31, 28.31, 28.46, 28.49, 296260, 84.40, 747, 175414, 59.21
ALUWIND, SM, 05-Aug-2026, 48.65, 48.05, 49.80, 48.05, 49.80, 49.75, 48.64, 10500, 5.11, 7, 9000, 85.71
AMAGI, EQ, 05-Aug-2026, 674.70, 679.90, 699.00, 661.00, 663.00, 674.35, 681.44, 330886, 2254.79, 25933, 170088, 51.40
AMANTA, BE, 05-Aug-2026, 169.75, 169.75, 173.14, 169.75, 173.00, 173.00, 172.71, 38451, 66.41, 141, -, -
AMBAAUTO, SM, 05-Aug-2026, 111.55, 116.90, 117.00, 106.00, 106.00, 106.45, 111.58, 80000, 89.27, 66, 41000, 51.25
AMBALALSA, EQ, 05-Aug-2026, 42.70, 43.49, 45.09, 40.31, 42.10, 42.90, 43.60, 1003822, 437.65, 7312, 419245, 41.76
AMBER, EQ, 05-Aug-2026, 7395.00, 7452.00, 7556.00, 7401.00, 7526.00, 7526.00, 7515.95, 261458, 19651.05, 33946, 112126, 42.88
AMBICAAGAR, EQ, 05-Aug-2026, 24.65, 24.76, 25.26, 24.75, 25.00, 25.10, 25.05, 1935, 0.48, 26, 1853, 95.76
AMBIKCO, EQ, 05-Aug-2026, 1779.30, 1779.60, 1822.00, 1779.30, 1804.00, 1802.30, 1802.63, 36067, 650.15, 3302, 17908, 49.65
AMBUJACEM, EQ, 05-Aug-2026, 436.05, 441.00, 450.50, 438.75, 445.00, 445.00, 446.39, 5678790, 25349.56, 49215, 2844788, 50.09
AMCL, SM, 05-Aug-2026, 391.00, 390.75, 390.75, 390.75, 390.75, 390.75, 390.75, 400, 1.56, 1, 400, 100.00
AMDIND, EQ, 05-Aug-2026, 46.24, 47.00, 48.20, 46.09, 46.50, 46.68, 47.26, 12795, 6.05, 199, 9406, 73.51
AMEYA, SM, 05-Aug-2026, 109.05, 109.05, 109.05, 104.30, 104.30, 104.30, 107.47, 3000, 3.22, 3, 2000, 66.67
AMIABLE, SM, 05-Aug-2026, 70.70, 72.90, 72.90, 72.90, 72.90, 72.90, 72.90, 1600, 1.17, 1, 1600, 100.00
AMJLAND, EQ, 05-Aug-2026, 39.26, 38.30, 39.27, 37.50, 39.09, 39.16, 38.87, 57376, 22.30, 271, 45428, 79.18
AMNPLST, EQ, 05-Aug-2026, 201.77, 205.10, 205.10, 196.72, 197.26, 198.52, 198.44, 6703, 13.30, 233, 3833, 57.18
AMRUTANJAN, EQ, 05-Aug-2026, 517.85, 517.90, 531.00, 514.55, 523.80, 524.10, 523.11, 45201, 236.45, 2991, 25608, 56.65
ANANDRATHI, EQ, 05-Aug-2026, 2034.00, 2045.00, 2052.60, 2031.00, 2040.00, 2037.60, 2040.17, 243440, 4966.58, 23512, 140651, 57.78
ANANTAM, IV, 05-Aug-2026, 105.02, 105.09, 105.11, 104.90, 104.90, 104.90, 105.01, 509996, 535.52, 246, 509646, 99.93
ANANTRAJ, EQ, 05-Aug-2026, 630.40, 633.50, 639.00, 624.30, 626.90, 628.20, 632.00, 1258171, 7951.61, 26711, 526045, 41.81
ANDHRAPAP, EQ, 05-Aug-2026, 61.94, 62.10, 64.45, 60.20, 60.60, 60.62, 61.94, 607147, 376.05, 4444, 357576, 58.89
ANDHRSUGAR, EQ, 05-Aug-2026, 87.19, 88.46, 88.46, 86.02, 86.75, 86.74, 87.01, 169268, 147.29, 2332, 96607, 57.07
ANGELONE, EQ, 05-Aug-2026, 300.35, 302.00, 303.00, 296.60, 299.20, 299.20, 299.09, 3667873, 10970.27, 30513, 1148524, 31.31
ANIKINDS, EQ, 05-Aug-2026, 43.45, 43.70, 43.80, 42.01, 42.99, 42.23, 42.82, 4743, 2.03, 118, 3373, 71.12
ANKITMETAL, BZ, 05-Aug-2026, 1.60, 1.60, 1.61, 1.54, 1.55, 1.55, 1.59, 27234, 0.43, 24, -, -
ANLON, ST, 05-Aug-2026, 607.00, 629.00, 634.00, 600.00, 600.00, 600.00, 611.65, 6800, 41.59, 17, 6400, 94.12
ANMOL, EQ, 05-Aug-2026, 10.07, 10.07, 10.28, 9.82, 10.10, 9.98, 10.04, 26196, 2.63, 201, 20348, 77.68
ANNAPURNA, SM, 05-Aug-2026, 134.00, 138.50, 140.00, 133.00, 139.50, 137.60, 135.78, 246500, 334.70, 412, 211250, 85.70
ANONDITA, SM, 05-Aug-2026, 1021.70, 1014.00, 1057.40, 1005.00, 1042.20, 1052.65, 1023.81, 41800, 427.95, 117, 28400, 67.94
ANSALAPI, BZ, 05-Aug-2026, 3.45, 3.51, 3.51, 3.51, 3.51, 3.51, 3.51, 3588, 0.13, 11, -, -
ANTELOPUS, EQ, 05-Aug-2026, 852.95, 847.00, 882.95, 827.75, 873.90, 873.65, 860.01, 184363, 1585.53, 9709, 71178, 38.61
ANTGRAPHIC, EQ, 05-Aug-2026, 0.75, 0.77, 0.77, 0.72, 0.75, 0.75, 0.73, 114756, 0.84, 144, 104799, 91.32
ANTHEM, EQ, 05-Aug-2026, 819.25, 819.25, 833.20, 812.65, 824.60, 825.65, 826.29, 332117, 2744.25, 19937, 205754, 61.95
ANUHPHR, EQ, 05-Aug-2026, 80.39, 80.01, 80.35, 79.01, 79.02, 79.22, 79.74, 53641, 42.77, 1022, 35076, 65.39
ANUP, EQ, 05-Aug-2026, 2189.50, 2217.70, 2248.00, 2202.10, 2220.40, 2214.00, 2224.34, 25370, 564.31, 3181, 14522, 57.24
ANURAS, EQ, 05-Aug-2026, 1214.40, 1215.00, 1219.00, 1208.30, 1213.00, 1216.30, 1214.81, 138524, 1682.81, 2615, 47521, 34.31
ANYA, SM, 05-Aug-2026, 15.35, 15.35, 16.00, 15.35, 15.50, 15.50, 15.53, 65000, 10.10, 10, 60000, 92.31
AONEGOLD, EQ, 05-Aug-2026, 13.25, 13.35, 13.55, 13.33, 13.46, 13.48, 13.47, 513765, 69.18, 1299, 280456, 54.59
AONELIQUID, EQ, 05-Aug-2026, 1071.07, 1071.23, 1071.23, 1071.21, 1071.23, 1071.22, 1071.22, 11734, 125.70, 90, 6975, 59.44
AONENIFTY, EQ, 05-Aug-2026, 10.10, 10.33, 10.33, 9.84, 10.11, 10.13, 10.15, 289995, 29.45, 1199, 148252, 51.12
AONESILVER, EQ, 05-Aug-2026, 8.29, 8.37, 8.55, 8.30, 8.50, 8.49, 8.47, 756308, 64.08, 925, 513129, 67.85
AONETMMQ50, EQ, 05-Aug-2026, 10.15, 10.20, 10.23, 10.14, 10.19, 10.21, 10.19, 68478, 6.98, 262, 55782, 81.46
AONETOTAL, EQ, 05-Aug-2026, 12.02, 12.08, 12.13, 12.01, 12.10, 12.07, 12.11, 388204, 47.00, 1425, 266411, 68.63
APARINDS, EQ, 05-Aug-2026, 15433.00, 15737.00, 15920.00, 15511.00, 15700.00, 15666.00, 15727.91, 137664, 21651.67, 33434, 51124, 37.14
APCL, EQ, 05-Aug-2026, 102.10, 102.10, 109.95, 102.10, 105.65, 106.55, 105.78, 11505, 12.17, 330, 9253, 80.43
APCOTEXIND, EQ, 05-Aug-2026, 626.20, 631.00, 644.00, 622.20, 629.65, 629.50, 630.33, 269574, 1699.21, 8070, 130342, 48.35
APEX, EQ, 05-Aug-2026, 378.30, 380.00, 387.70, 375.50, 378.85, 377.75, 380.94, 60406, 230.11, 2832, 26164, 43.31
APEXECO, ST, 05-Aug-2026, 277.75, 278.00, 284.95, 275.00, 282.50, 282.55, 279.24, 20800, 58.08, 20, 20800, 100.00
APLAPOLLO, EQ, 05-Aug-2026, 1920.00, 1945.00, 1965.00, 1905.60, 1948.50, 1948.50, 1945.06, 539758, 10498.59, 27627, 248294, 46.00
APLLTD, EQ, 05-Aug-2026, 809.40, 822.00, 840.40, 803.20, 805.50, 818.20, 829.32, 243621, 2020.40, 15513, 108452, 44.52
APOLLO, EQ, 05-Aug-2026, 398.20, 400.95, 402.90, 393.20, 398.45, 399.05, 398.39, 4969206, 19797.05, 52290, 1249956, 25.15
APOLLOHOSP, EQ, 05-Aug-2026, 9050.00, 9009.00, 9009.00, 8820.00, 8910.00, 8910.00, 8899.27, 288978, 25716.93, 39822, 124280, 43.01
APOLLOPIPE, EQ, 05-Aug-2026, 527.35, 533.85, 543.35, 525.00, 536.00, 534.15, 536.07, 780226, 4182.60, 15149, 475948, 61.00
APOLLOTYRE, EQ, 05-Aug-2026, 438.35, 441.10, 451.80, 439.60, 442.00, 444.90, 447.06, 1966641, 8792.12, 45270, 864446, 43.96
APOLSINHOT, EQ, 05-Aug-2026, 1198.50, 1205.00, 1217.00, 1185.00, 1204.00, 1200.80, 1202.72, 1091, 13.12, 106, 986, 90.38
APRAMEYA, SM, 05-Aug-2026, 149.95, 150.90, 151.00, 145.00, 145.00, 145.55, 148.83, 9500, 14.14, 18, 8000, 84.21
APS, SM, 05-Aug-2026, 264.25, 266.45, 266.45, 258.00, 258.00, 259.40, 262.04, 33500, 87.78, 96, 21500, 64.18
APSISAERO, ST, 05-Aug-2026, 441.00, 448.00, 449.80, 448.00, 449.80, 449.80, 449.19, 9600, 43.12, 8, 9600, 100.00
APTECHT, BE, 05-Aug-2026, 94.07, 95.70, 98.77, 93.50, 98.77, 98.73, 97.17, 158831, 154.34, 812, -, -
APTUS, EQ, 05-Aug-2026, 260.60, 261.55, 266.35, 261.15, 263.15, 264.30, 264.49, 884222, 2338.69, 22561, 474349, 53.65
AQYLON, EQ, 05-Aug-2026, 25.42, 24.55, 26.69, 24.15, 26.69, 26.68, 26.37, 8122363, 2141.66, 9967, 3617038, 44.53
ARABIAN, SM, 05-Aug-2026, 72.00, 74.95, 81.00, 74.00, 80.00, 79.20, 78.50, 46000, 36.11, 23, 38000, 82.61
ARCHIDPLY, EQ, 05-Aug-2026, 80.86, 80.86, 83.48, 80.22, 80.30, 80.42, 81.16, 6984, 5.67, 102, 5683, 81.37
ARCHIES, EQ, 05-Aug-2026, 14.20, 14.18, 14.48, 14.01, 14.07, 14.13, 14.21, 2769, 0.39, 40, 2293, 82.81
ARCIIL, SM, 05-Aug-2026, 37.25, 36.70, 36.70, 35.50, 35.50, 35.50, 36.13, 9000, 3.25, 9, 9000, 100.00
ARE&M, EQ, 05-Aug-2026, 921.00, 929.70, 957.00, 927.00, 939.40, 938.85, 946.62, 1693133, 16027.60, 60277, 675863, 39.92
ARENTERP, EQ, 05-Aug-2026, 39.49, 38.70, 40.00, 38.70, 39.00, 39.12, 39.04, 1667, 0.65, 45, 1069, 64.13
ARFIN, EQ, 05-Aug-2026, 86.23, 86.23, 87.56, 85.05, 85.06, 85.34, 86.50, 953552, 824.86, 2297, 94189, 9.88
ARHAM, SM, 05-Aug-2026, 181.90, 186.65, 189.90, 172.00, 180.00, 176.80, 181.60, 55000, 99.88, 55, 29000, 52.73
ARIES, EQ, 05-Aug-2026, 341.10, 337.10, 345.00, 337.10, 341.75, 343.10, 341.94, 8619, 29.47, 415, 5008, 58.10
ARIHANT, EQ, 05-Aug-2026, 1149.60, 1180.00, 1180.00, 1110.00, 1164.00, 1136.60, 1132.59, 5414, 61.32, 449, 1279, 23.62
ARIHANTACA, SM, 05-Aug-2026, 479.00, 481.00, 481.00, 481.00, 481.00, 481.00, 481.00, 400, 1.92, 1, 400, 100.00
ARIHANTCAP, EQ, 05-Aug-2026, 77.95, 78.40, 78.40, 77.10, 77.70, 77.75, 77.69, 123690, 96.10, 1565, 64472, 52.12
ARIHANTSUP, EQ, 05-Aug-2026, 258.85, 259.95, 263.95, 258.60, 260.00, 260.25, 259.87, 7665, 19.92, 114, 6599, 86.09
ARIS, EQ, 05-Aug-2026, 130.51, 131.60, 134.50, 126.80, 129.75, 130.21, 129.82, 1205848, 1565.46, 11666, 642792, 53.31
ARISTO, ST, 05-Aug-2026, 109.30, 109.30, 109.30, 109.30, 109.30, 109.30, 109.30, 1600, 1.75, 1, 1600, 100.00
ARKADE, EQ, 05-Aug-2026, 139.18, 139.18, 140.40, 138.53, 138.61, 139.14, 139.60, 147960, 206.55, 1389, 48486, 32.77
ARMANFIN, EQ, 05-Aug-2026, 1998.80, 2009.00, 2090.00, 1990.70, 2056.20, 2049.80, 2048.00, 132442, 2712.42, 11860, 61077, 46.12
ARMOUR, ST, 05-Aug-2026, 18.90, 18.70, 18.90, 18.70, 18.75, 18.75, 18.80, 12000, 2.26, 4, 12000, 100.00
AROGRANITE, EQ, 05-Aug-2026, 25.04, 25.45, 26.75, 25.44, 26.25, 26.12, 26.04, 29687, 7.73, 403, 18071, 60.87
ARROWGREEN, BE, 05-Aug-2026, 753.45, 753.45, 773.00, 730.30, 745.00, 745.10, 751.07, 7228, 54.29, 282, -, -
ARSHIYA, BZ, 05-Aug-2026, 0.97, 0.97, 0.97, 0.93, 0.93, 0.93, 0.93, 745570, 6.95, 136, -, -
ARSSBL, EQ, 05-Aug-2026, 515.35, 518.00, 521.40, 512.40, 513.05, 515.35, 516.82, 88681, 458.32, 2771, 44346, 50.01
ARTEMISMED, EQ, 05-Aug-2026, 301.75, 303.90, 324.90, 302.00, 320.25, 322.15, 319.22, 1314798, 4197.05, 24243, 524943, 39.93
ARTNIRMAN, EQ, 05-Aug-2026, 40.58, 40.55, 41.39, 38.72, 41.34, 40.75, 39.36, 6156, 2.42, 68, 4924, 79.99
ARVEE, EQ, 05-Aug-2026, 158.55, 162.37, 162.37, 154.31, 159.47, 155.06, 157.97, 250, 0.39, 23, 163, 65.20
ARVIND, EQ, 05-Aug-2026, 547.35, 551.00, 558.90, 540.20, 544.00, 545.10, 550.85, 948871, 5226.83, 38645, 402411, 42.41
ARVINDFASN, EQ, 05-Aug-2026, 445.90, 449.00, 462.85, 445.45, 460.00, 461.35, 454.59, 316946, 1440.81, 13739, 206996, 65.31
ARVINDPORT, SM, 05-Aug-2026, 28.95, 28.95, 29.55, 28.45, 29.40, 29.40, 28.88, 16500, 4.76, 10, 13500, 81.82
ARVSMART, EQ, 05-Aug-2026, 604.20, 610.00, 613.95, 593.60, 595.00, 596.30, 601.06, 12741, 76.58, 786, 9166, 71.94
ASAHIINDIA, EQ, 05-Aug-2026, 898.00, 905.90, 931.00, 897.80, 928.50, 926.70, 923.03, 1268983, 11713.05, 45980, 261851, 20.63
ASAHISONG, BE, 05-Aug-2026, 391.20, 392.60, 399.00, 378.00, 385.00, 385.60, 387.85, 19390, 75.20, 252, -, -
ASAL, EQ, 05-Aug-2026, 507.30, 515.75, 519.95, 505.05, 518.55, 517.30, 514.24, 18326, 94.24, 1210, 9260, 50.53
ASALCBR, EQ, 05-Aug-2026, 768.80, 769.90, 778.40, 757.90, 769.00, 764.25, 769.57, 20952, 161.24, 1612, 13785, 65.79
ASHALOG, SM, 05-Aug-2026, 56.20, 56.50, 56.50, 56.50, 56.50, 56.50, 56.50, 1000, 0.57, 1, 1000, 100.00
ASHAPURMIN, EQ, 05-Aug-2026, 719.30, 726.00, 743.80, 721.25, 739.00, 739.70, 733.90, 974133, 7149.20, 25050, 510380, 52.39
ASHIANA, EQ, 05-Aug-2026, 387.80, 395.00, 395.00, 382.95, 385.00, 386.00, 387.16, 24349, 94.27, 1563, 12521, 51.42
ASHIKAG, EQ, 05-Aug-2026, 459.30, 462.30, 465.75, 451.00, 461.05, 461.30, 457.28, 334872, 1531.31, 3138, 137465, 41.05
ASHIMASYN, EQ, 05-Aug-2026, 18.16, 17.70, 18.45, 17.38, 18.00, 17.81, 17.80, 66095, 11.77, 473, 38951, 58.93
ASHOKA, EQ, 05-Aug-2026, 120.33, 121.00, 122.80, 119.50, 119.90, 119.89, 121.03, 979516, 1185.48, 7056, 509031, 51.97
ASHOKAMET, EQ, 05-Aug-2026, 14.14, 14.48, 14.48, 14.01, 14.29, 14.18, 14.17, 8178, 1.16, 115, 6692, 81.83
ASHOKLEY, EQ, 05-Aug-2026, 172.08, 174.00, 178.15, 173.00, 177.00, 177.00, 176.58, 29599387, 52265.88, 123736, 15000253, 50.68
ASHWINI, SM, 05-Aug-2026, 192.55, 194.95, 195.00, 190.25, 192.90, 192.50, 192.86, 14000, 27.00, 11, 7000, 50.00
ASIANENE, EQ, 05-Aug-2026, 417.60, 420.00, 420.00, 392.00, 395.80, 402.00, 407.92, 289808, 1182.18, 7702, 147070, 50.75
ASIANHOTNR, EQ, 05-Aug-2026, 301.55, 301.05, 311.45, 301.05, 307.95, 306.65, 306.28, 115022, 352.29, 2116, 54739, 47.59
ASIANPAINT, EQ, 05-Aug-2026, 2775.00, 2787.00, 2787.00, 2748.70, 2760.00, 2760.00, 2761.11, 688876, 19020.63, 47790, 386292, 56.08
ASIANTILES, EQ, 05-Aug-2026, 53.10, 53.20, 54.32, 52.01, 53.00, 53.39, 53.61, 2503411, 1342.08, 5750, 1530267, 61.13
ASKAUTOLTD, EQ, 05-Aug-2026, 551.30, 555.00, 648.00, 546.90, 638.00, 637.55, 625.11, 18019129, 112639.86, 340328, 1200367, 6.66
ASMS, BE, 05-Aug-2026, 7.19, 7.19, 7.54, 7.05, 7.40, 7.45, 7.30, 302819, 22.09, 441, -, -
ASPINWALL, EQ, 05-Aug-2026, 242.16, 242.00, 250.00, 241.99, 249.00, 249.04, 246.35, 1689, 4.16, 69, 1605, 95.03
ASPIRE, SM, 05-Aug-2026, 14.25, 14.50, 14.75, 14.50, 14.75, 14.75, 14.63, 8000, 1.17, 4, 6000, 75.00
ASTAR, EQ, 05-Aug-2026, 590.00, 619.00, 619.00, 590.00, 590.10, 590.10, 607.71, 146, 0.89, 17, 39, 26.71
ASTEC, EQ, 05-Aug-2026, 622.25, 626.30, 629.90, 604.80, 619.80, 616.55, 615.14, 53465, 328.89, 3282, 25592, 47.87
ASTERDM, EQ, 05-Aug-2026, 834.70, 840.00, 856.75, 825.65, 833.00, 842.10, 842.77, 1185675, 9992.50, 53770, 633306, 53.41
ASTRAL, EQ, 05-Aug-2026, 1448.00, 1448.00, 1451.00, 1418.00, 1434.70, 1434.70, 1428.47, 518128, 7401.29, 33193, 278330, 53.72
ASTRAMICRO, EQ, 05-Aug-2026, 1835.40, 1838.20, 1869.90, 1801.00, 1819.60, 1809.40, 1827.95, 277043, 5064.20, 18062, 125429, 45.27
ASTRAZEN, EQ, 05-Aug-2026, 8210.50, 8290.00, 8290.00, 8008.00, 8039.00, 8108.50, 8161.73, 7137, 582.50, 1562, 2351, 32.94
ASTRON, BE, 05-Aug-2026, 3.74, 3.88, 3.88, 3.58, 3.74, 3.64, 3.71, 63326, 2.35, 113, -, -
ATALREAL, EQ, 05-Aug-2026, 33.97, 34.20, 34.75, 34.00, 34.70, 34.56, 34.33, 8704071, 2987.82, 6859, 1261722, 14.50
ATAM, EQ, 05-Aug-2026, 66.56, 66.56, 67.80, 63.62, 65.30, 64.74, 65.07, 11639, 7.57, 266, 6747, 57.97
ATCENERGY, ST, 05-Aug-2026, 24.25, 25.45, 25.45, 24.75, 25.45, 25.45, 25.22, 18000, 4.54, 15, 15600, 86.67
ATGL, EQ, 05-Aug-2026, 666.95, 670.00, 671.40, 656.55, 660.00, 660.35, 662.99, 488629, 3239.55, 14936, 189715, 38.83
ATHERENERG, EQ, 05-Aug-2026, 1450.40, 1465.00, 1479.50, 1405.00, 1468.00, 1470.80, 1448.53, 6958528, 100796.43, 182939, 1786110, 25.67
ATL, EQ, 05-Aug-2026, 23.30, 23.21, 23.78, 23.00, 23.15, 23.18, 23.24, 53555, 12.44, 481, 38854, 72.55
ATLANTAA, EQ, 05-Aug-2026, 37.62, 37.62, 40.98, 37.62, 40.89, 40.30, 39.62, 117735, 46.64, 1376, 80374, 68.27
ATLANTAELE, EQ, 05-Aug-2026, 1614.00, 1643.90, 1681.80, 1619.00, 1631.00, 1634.50, 1658.05, 135445, 2245.75, 8257, 74232, 54.81
ATLASCYCLE, EQ, 05-Aug-2026, 97.96, 97.66, 99.23, 95.01, 97.49, 97.26, 97.00, 3791, 3.68, 99, 3059, 80.69
ATLPP, E1, 05-Aug-2026, 8.84, 8.65, 9.39, 8.65, 9.17, 9.17, 8.76, 838, 0.07, 11, 823, 98.21
ATMASTCO, ST, 05-Aug-2026, 149.75, 150.00, 150.00, 145.60, 147.50, 147.65, 148.45, 12800, 19.00, 24, 12400, 96.88
ATUL, EQ, 05-Aug-2026, 6793.50, 6820.00, 6957.00, 6770.00, 6800.00, 6794.00, 6837.56, 33225, 2271.78, 8015, 17144, 51.60
ATULAUTO, EQ, 05-Aug-2026, 557.80, 558.80, 596.55, 558.10, 583.20, 580.95, 585.98, 1108494, 6495.55, 29881, 324718, 29.29
AUBANK, EQ, 05-Aug-2026, 1059.00, 1057.60, 1057.60, 1042.30, 1051.30, 1051.30, 1047.47, 957572, 10030.29, 33189, 506957, 52.94
AURIONPRO, EQ, 05-Aug-2026, 738.50, 742.00, 742.00, 726.05, 727.00, 729.00, 732.90, 126031, 923.68, 5449, 83919, 66.59
AUROIMPEX, SM, 05-Aug-2026, 26.70, 25.45, 25.70, 25.45, 25.70, 25.70, 25.58, 4800, 1.23, 3, 3200, 66.67
AUROPHARMA, EQ, 05-Aug-2026, 1585.90, 1587.30, 1625.00, 1567.00, 1613.40, 1613.40, 1607.59, 1385223, 22268.69, 49197, 656202, 47.37
AURUM, EQ, 05-Aug-2026, 216.21, 216.95, 224.09, 215.01, 223.50, 222.88, 221.00, 266140, 588.16, 4970, 120899, 45.43
AURUS, EQ, 05-Aug-2026, 4.62, 4.70, 4.78, 4.56, 4.70, 4.70, 4.72, 7926, 0.37, 108, 7445, 93.93
AUSL, SM, 05-Aug-2026, 25.00, 25.50, 25.50, 25.50, 25.50, 25.50, 25.50, 2000, 0.51, 1, 2000, 100.00
AUSOMENT, BE, 05-Aug-2026, 141.10, 140.99, 141.10, 138.01, 141.10, 140.97, 139.83, 2130, 2.98, 35, -, -
AUTOAXLES, EQ, 05-Aug-2026, 1870.40, 1830.00, 1974.30, 1825.00, 1940.00, 1939.20, 1917.14, 97825, 1875.44, 9067, 48421, 49.50
AUTOBEES, EQ, 05-Aug-2026, 300.01, 300.87, 304.93, 299.49, 299.70, 303.23, 303.58, 371336, 1127.29, 4035, 186450, 50.21
AUTOIETF, EQ, 05-Aug-2026, 29.71, 29.70, 30.52, 29.70, 30.38, 30.36, 30.39, 1106365, 336.17, 2620, 687786, 62.17
AUTOIND, BE, 05-Aug-2026, 90.11, 88.40, 94.61, 88.40, 94.61, 94.61, 92.60, 109112, 101.04, 609, -, -
AVADHSUGAR, EQ, 05-Aug-2026, 615.05, 622.00, 635.05, 600.00, 608.80, 609.25, 616.73, 388484, 2395.90, 9834, 78806, 20.29
AVALON, EQ, 05-Aug-2026, 1805.40, 1840.00, 1843.90, 1772.10, 1814.00, 1823.20, 1815.50, 765722, 13901.70, 60326, 304144, 39.72
AVANA, ST, 05-Aug-2026, 156.30, 156.25, 156.25, 153.00, 156.00, 156.00, 154.84, 10000, 15.48, 5, 10000, 100.00
AVANTEL, EQ, 05-Aug-2026, 164.07, 164.70, 166.98, 163.10, 164.75, 164.94, 165.45, 642443, 1062.89, 6371, 241877, 37.65
AVANTIFEED, EQ, 05-Aug-2026, 893.40, 903.70, 905.50, 892.00, 900.00, 899.10, 898.41, 387331, 3479.84, 15657, 238603, 61.60
AVATAR, ST, 05-Aug-2026, 186.40, 190.10, 190.10, 190.10, 190.10, 190.10, 190.10, 10000, 19.01, 5, 10000, 100.00
AVG, BE, 05-Aug-2026, 203.73, 202.00, 206.90, 201.05, 202.50, 202.80, 203.28, 11237, 22.84, 95, -, -
AVIANSH, SM, 05-Aug-2026, 103.00, 103.50, 104.00, 103.50, 104.00, 104.00, 103.75, 2000, 2.08, 2, 2000, 100.00
AVIENCE, SM, 05-Aug-2026, 254.95, 255.00, 257.05, 250.00, 254.00, 254.00, 253.23, 11400, 28.87, 15, 9600, 84.21
AVL, EQ, 05-Aug-2026, 634.40, 640.00, 640.00, 619.05, 627.45, 626.20, 625.40, 167307, 1046.34, 11497, 80810, 48.30
AVONMORE, EQ, 05-Aug-2026, 11.16, 11.21, 11.88, 11.07, 11.58, 11.37, 11.23, 146430, 16.44, 420, 117507, 80.25
AVPINFRA, SM, 05-Aug-2026, 64.85, 65.00, 66.90, 65.00, 66.80, 66.80, 65.60, 20000, 13.12, 23, 13600, 68.00
AVROIND, EQ, 05-Aug-2026, 8.87, 8.74, 10.30, 8.70, 9.24, 9.16, 9.34, 1762088, 164.52, 5520, 626471, 35.55
AVTNPL, EQ, 05-Aug-2026, 70.83, 71.45, 71.45, 70.60, 70.65, 70.81, 70.98, 31637, 22.45, 257, 28384, 89.72
AWFIS, EQ, 05-Aug-2026, 273.05, 276.95, 287.15, 273.05, 273.55, 275.20, 278.95, 218405, 609.23, 5775, 94839, 43.42
AWHCL, EQ, 05-Aug-2026, 429.55, 430.00, 433.00, 424.10, 428.35, 427.45, 429.06, 68130, 292.32, 3565, 40191, 58.99
AWL, EQ, 05-Aug-2026, 190.59, 191.95, 194.25, 190.30, 193.95, 193.54, 192.78, 2584392, 4982.11, 29282, 1284945, 49.72
AXISBANK, EQ, 05-Aug-2026, 1261.80, 1260.00, 1263.00, 1246.20, 1253.90, 1253.90, 1252.35, 4295407, 53793.55, 87650, 2361339, 54.97
AXISCADES, EQ, 05-Aug-2026, 1583.20, 1585.00, 1603.60, 1564.00, 1585.00, 1590.30, 1581.94, 112379, 1777.76, 7261, 64215, 57.14
AXITA, EQ, 05-Aug-2026, 7.35, 7.39, 7.40, 7.31, 7.33, 7.34, 7.35, 1096094, 80.57, 632, 991401, 90.45
AYE, EQ, 05-Aug-2026, 167.77, 168.48, 171.01, 164.73, 166.60, 165.90, 166.70, 321481, 535.89, 5244, 140444, 43.69
AYMSYNTEX, EQ, 05-Aug-2026, 256.25, 259.35, 261.00, 252.00, 252.35, 254.55, 256.97, 23606, 60.66, 1232, 16468, 69.76
AZAD, EQ, 05-Aug-2026, 2374.40, 2390.00, 2463.00, 2385.00, 2449.90, 2446.80, 2441.82, 456952, 11157.96, 31441, 214896, 47.03
BABAFP, SM, 05-Aug-2026, 24.85, 25.00, 25.85, 25.00, 25.85, 25.50, 25.41, 12800, 3.25, 7, 12800, 100.00
BAFNAPH, BE, 05-Aug-2026, 273.55, 279.00, 279.00, 279.00, 279.00, 279.00, 279.00, 5442, 15.18, 66, -, -
BAGDIGITAL, SM, 05-Aug-2026, 106.05, 107.00, 117.00, 106.05, 109.00, 109.00, 108.78, 51200, 55.70, 21, 41600, 81.25
BAGFILMS, EQ, 05-Aug-2026, 4.44, 4.49, 4.49, 4.37, 4.40, 4.40, 4.44, 139003, 6.17, 215, 124112, 89.29
BAGMANE, RR, 05-Aug-2026, 105.01, 105.73, 106.65, 105.30, 106.45, 106.57, 105.80, 1026332, 1085.87, 6059, 934990, 91.10
BAHETI, SM, 05-Aug-2026, 745.00, 751.50, 764.00, 749.50, 760.25, 762.75, 754.30, 24375, 183.86, 57, 13875, 56.92
BAIDFIN, EQ, 05-Aug-2026, 9.98, 9.93, 10.24, 9.75, 10.17, 10.10, 10.00, 67804, 6.78, 299, 50703, 74.78
BAJAJ-AUTO, EQ, 05-Aug-2026, 11600.00, 11665.00, 11800.00, 11580.00, 11800.00, 11800.00, 11682.06, 382721, 44709.69, 60879, 244608, 63.91
BAJAJCON, EQ, 05-Aug-2026, 544.20, 553.00, 553.00, 526.25, 529.30, 530.40, 535.27, 572697, 3065.47, 16925, 397154, 69.35
BAJAJELEC, EQ, 05-Aug-2026, 349.70, 349.90, 357.60, 344.00, 345.70, 348.10, 349.55, 264328, 923.95, 7374, 117045, 44.28
BAJAJFINSV, EQ, 05-Aug-2026, 2105.00, 2105.00, 2118.50, 2076.10, 2086.00, 2086.00, 2097.31, 2447845, 51338.81, 89621, 1592781, 65.07
BAJAJHCARE, EQ, 05-Aug-2026, 335.60, 335.70, 339.00, 331.00, 332.00, 332.95, 333.99, 69326, 231.54, 1840, 33200, 47.89
BAJAJHFL, EQ, 05-Aug-2026, 87.11, 87.50, 87.52, 86.60, 86.91, 86.98, 87.01, 2118706, 1843.56, 18494, 1157230, 54.62
BAJAJHIND, EQ, 05-Aug-2026, 18.06, 18.30, 18.50, 17.71, 17.74, 17.79, 17.97, 5327532, 957.40, 8968, 2301257, 43.20
BAJAJHLDNG, EQ, 05-Aug-2026, 11475.00, 11510.00, 11624.00, 11419.00, 11496.00, 11496.00, 11497.89, 36376, 4182.47, 10805, 17871, 49.13
BAJAJINDEF, EQ, 05-Aug-2026, 232.08, 230.20, 234.50, 230.20, 230.80, 230.89, 231.70, 4634, 10.74, 197, 3345, 72.18
BAJAJST, EQ, 05-Aug-2026, 390.35, 390.35, 400.70, 388.00, 391.05, 394.30, 391.96, 10427, 40.87, 631, 8694, 83.38
BAJEL, EQ, 05-Aug-2026, 178.69, 179.57, 186.85, 178.50, 186.82, 183.80, 181.74, 200926, 365.16, 2648, 116593, 58.03
BAJFINANCE, EQ, 05-Aug-2026, 1149.00, 1152.00, 1166.00, 1145.10, 1158.80, 1158.80, 1155.11, 5154683, 59542.36, 117854, 2978764, 57.79
BALAJEE, EQ, 05-Aug-2026, 27.41, 27.01, 27.63, 27.01, 27.63, 27.56, 27.42, 36605, 10.04, 213, 27312, 74.61
BALAJIPHOS, SM, 05-Aug-2026, 89.90, 90.00, 90.00, 88.00, 88.00, 88.25, 89.35, 95000, 84.88, 66, 85000, 89.47
BALAJITELE, EQ, 05-Aug-2026, 85.12, 85.41, 86.50, 84.00, 84.00, 84.66, 85.35, 153586, 131.08, 1680, 81949, 53.36
BALAMINES, EQ, 05-Aug-2026, 1994.90, 2001.00, 2049.00, 1977.30, 1995.00, 1998.50, 2006.15, 156896, 3147.56, 13685, 63002, 40.16
BALAXI, EQ, 05-Aug-2026, 24.03, 24.03, 25.40, 23.80, 24.52, 24.17, 24.50, 90450, 22.16, 355, 40625, 44.91
BALCO, ST, 05-Aug-2026, 19.85, 18.90, 18.90, 18.90, 18.90, 18.90, 18.90, 2400, 0.45, 2, 2400, 100.00
BALKRISHNA, EQ, 05-Aug-2026, 17.47, 17.55, 18.00, 17.20, 17.52, 17.52, 17.53, 20931, 3.67, 100, 14074, 67.24
BALKRISIND, EQ, 05-Aug-2026, 2491.90, 2469.80, 2558.00, 2420.00, 2498.80, 2501.60, 2522.62, 169031, 4264.01, 18056, 54759, 32.40
BALMLAWRIE, EQ, 05-Aug-2026, 174.42, 174.51, 176.20, 174.51, 175.99, 175.76, 175.48, 83727, 146.92, 1959, 53263, 63.62
BALPHARMA, EQ, 05-Aug-2026, 87.87, 87.55, 89.97, 87.55, 89.25, 89.03, 89.15, 14562, 12.98, 416, 8514, 58.47
BALRAMCHIN, EQ, 05-Aug-2026, 658.70, 655.10, 655.10, 627.00, 634.85, 635.55, 639.54, 741020, 4739.09, 25881, 302888, 40.87
BALUFORGE, EQ, 05-Aug-2026, 439.45, 445.70, 450.90, 441.45, 442.80, 445.90, 446.54, 723793, 3232.03, 16496, 361081, 49.89
BANARBEADS, EQ, 05-Aug-2026, 113.97, 112.50, 116.90, 112.08, 113.60, 114.24, 114.05, 1924, 2.19, 169, 595, 30.93
BANARISUG, EQ, 05-Aug-2026, 3480.40, 3499.00, 3499.00, 3475.00, 3476.20, 3475.10, 3477.31, 246, 8.55, 24, 187, 76.02
BANCOINDIA, EQ, 05-Aug-2026, 669.75, 672.00, 689.00, 671.75, 687.50, 686.00, 682.17, 178930, 1220.60, 8599, 93263, 52.12
BANDHANBNK, EQ, 05-Aug-2026, 173.60, 174.80, 176.15, 170.46, 170.46, 170.46, 174.65, 7569963, 13220.95, 59816, 4351482, 57.48
BANG, EQ, 05-Aug-2026, 30.10, 30.50, 30.50, 29.76, 30.50, 30.22, 30.03, 5652, 1.70, 98, 4189, 74.12
BANK10ADD, EQ, 05-Aug-2026, 17.02, 17.10, 17.42, 17.01, 17.18, 17.07, 17.06, 115094, 19.63, 193, 105124, 91.34
BANK10BETF, EQ, 05-Aug-2026, 20.79, 20.97, 21.14, 20.70, 20.70, 20.88, 20.97, 1421, 0.30, 18, 1393, 98.03
BANKA, BE, 05-Aug-2026, 90.32, 90.32, 90.32, 86.01, 88.80, 88.00, 89.16, 1257, 1.12, 19, -, -
BANKADD, EQ, 05-Aug-2026, 59.14, 58.90, 59.39, 58.31, 59.10, 58.93, 59.12, 22215, 13.13, 134, 19693, 88.65
BANKBARODA, EQ, 05-Aug-2026, 245.00, 247.50, 249.84, 245.60, 245.60, 245.60, 247.52, 9244171, 22881.24, 63752, 4998613, 54.07
BANKBEES, EQ, 05-Aug-2026, 595.76, 596.45, 600.39, 595.00, 596.51, 596.31, 597.84, 725927, 4339.85, 8066, 409683, 56.44
BANKBETA, EQ, 05-Aug-2026, 59.63, 59.86, 60.05, 59.52, 59.90, 59.64, 59.79, 96781, 57.86, 594, 72086, 74.48
BANKBETF, EQ, 05-Aug-2026, 58.60, 59.00, 59.00, 58.00, 59.00, 58.41, 58.66, 21345, 12.52, 432, 18305, 85.76
BANKETF, EQ, 05-Aug-2026, 588.47, 589.89, 591.30, 585.89, 588.17, 586.71, 588.12, 4651, 27.35, 181, 3873, 83.27
BANKIETF, EQ, 05-Aug-2026, 59.07, 59.50, 59.53, 58.66, 59.01, 59.01, 59.34, 2566685, 1522.99, 2352, 2311772, 90.07
BANKINDIA, EQ, 05-Aug-2026, 140.44, 140.99, 142.80, 140.56, 141.00, 141.00, 141.49, 6726554, 9517.67, 37333, 2870715, 42.68
BANKNIFTY1, EQ, 05-Aug-2026, 59.69, 59.00, 60.28, 58.50, 59.83, 59.91, 60.00, 2264864, 1358.97, 1153, 2075106, 91.62
BANKPSU, EQ, 05-Aug-2026, 85.40, 84.20, 86.68, 84.20, 86.07, 86.01, 86.16, 26883, 23.16, 131, 23309, 86.71
BANSALWIRE, EQ, 05-Aug-2026, 314.70, 318.00, 327.50, 316.15, 320.50, 320.35, 322.58, 377085, 1216.39, 7193, 221909, 58.85
BANSWRAS, EQ, 05-Aug-2026, 125.49, 125.59, 127.18, 121.80, 124.00, 122.56, 124.22, 49054, 60.94, 969, 30208, 61.58
BARFLEX, SM, 05-Aug-2026, 55.00, 56.00, 56.00, 54.00, 55.50, 55.50, 55.29, 10000, 5.53, 5, 8000, 80.00
BASF, EQ, 05-Aug-2026, 3947.10, 3950.00, 4099.00, 3925.20, 4022.10, 4036.60, 4029.61, 271306, 10932.57, 36849, 81562, 30.06
BASILIC, SM, 05-Aug-2026, 204.00, 204.00, 205.75, 199.90, 200.00, 200.40, 202.65, 15300, 31.00, 44, 12000, 78.43
BASML, BE, 05-Aug-2026, 27.46, 27.60, 27.74, 27.25, 27.50, 27.29, 27.46, 29228, 8.03, 86, -, -
BATAINDIA, EQ, 05-Aug-2026, 709.55, 710.05, 747.50, 710.05, 730.10, 730.05, 735.60, 1729949, 12725.59, 56657, 720547, 41.65
BATLIBOI, EQ, 05-Aug-2026, 84.02, 84.99, 95.20, 83.50, 94.80, 94.30, 91.65, 268727, 246.28, 2923, 146644, 54.57
BAWEJA, ST, 05-Aug-2026, 27.40, 26.35, 27.00, 26.35, 26.70, 26.70, 26.81, 4000, 1.07, 4, 4000, 100.00
BAYERCROP, EQ, 05-Aug-2026, 4331.00, 4280.00, 4314.40, 4269.30, 4293.10, 4302.90, 4291.32, 21443, 920.19, 4288, 11640, 54.28
BBETF0432, EQ, 05-Aug-2026, 1352.71, 1359.47, 1359.75, 1353.00, 1359.00, 1355.55, 1356.82, 332, 4.50, 37, 274, 82.53
BBL, EQ, 05-Aug-2026, 2390.20, 2372.60, 2402.50, 2309.00, 2322.40, 2320.10, 2351.77, 102296, 2405.76, 11408, 74885, 73.20
BBNPNBETF, EQ, 05-Aug-2026, 58.16, 58.16, 58.62, 57.93, 58.62, 58.61, 58.29, 1143, 0.67, 21, 971, 84.95
BBNPPGOLD, EQ, 05-Aug-2026, 137.35, 141.30, 141.30, 138.55, 140.10, 139.75, 139.62, 3944, 5.51, 71, 2458, 62.32
BBOX, EQ, 05-Aug-2026, 750.05, 759.00, 762.00, 742.45, 755.50, 748.75, 750.99, 225567, 1693.98, 13747, 107166, 47.51
BBTC, EQ, 05-Aug-2026, 1505.70, 1511.00, 1515.10, 1498.50, 1499.90, 1501.50, 1505.19, 14381, 216.46, 1458, 8992, 62.53
BBTCL, EQ, 05-Aug-2026, 221.20, 224.46, 225.79, 217.35, 225.79, 224.02, 220.34, 15456, 34.06, 403, 8269, 53.50
BCG, EQ, 05-Aug-2026, 9.46, 9.49, 9.52, 9.35, 9.35, 9.38, 9.41, 2740458, 257.96, 3214, 1703816, 62.17
BCLIND, EQ, 05-Aug-2026, 37.21, 37.80, 37.80, 36.50, 37.00, 36.85, 36.92, 541603, 199.96, 3088, 303729, 56.08
BCONCEPTS, EQ, 05-Aug-2026, 183.91, 183.90, 186.34, 181.11, 183.00, 183.60, 183.92, 8485, 15.61, 371, 5827, 68.67
BCPL, EQ, 05-Aug-2026, 69.00, 69.99, 70.15, 68.60, 69.85, 69.85, 69.62, 6152, 4.28, 217, 3706, 60.24
BDL, EQ, 05-Aug-2026, 1265.00, 1265.30, 1283.50, 1232.50, 1240.00, 1240.00, 1247.32, 985899, 12297.33, 37138, 408110, 41.39
BEACON, ST, 05-Aug-2026, 83.00, 86.50, 86.95, 85.00, 86.75, 86.75, 86.35, 12000, 10.36, 12, 10000, 83.33
BEARDSELL, EQ, 05-Aug-2026, 27.33, 27.33, 28.30, 26.41, 27.39, 27.13, 27.32, 13632, 3.72, 363, 8074, 59.23
BECTORFOOD, EQ, 05-Aug-2026, 209.96, 211.46, 215.82, 209.56, 212.84, 212.80, 212.94, 1741561, 3708.52, 24861, 492182, 28.26
BEDMUTHA, EQ, 05-Aug-2026, 109.53, 109.00, 115.00, 106.57, 115.00, 115.00, 113.23, 4827, 5.47, 74, 3344, 69.28
BEEKAY, EQ, 05-Aug-2026, 400.70, 404.90, 408.30, 393.00, 402.35, 402.35, 397.29, 538, 2.14, 23, 424, 78.81
BEL, EQ, 05-Aug-2026, 391.50, 392.25, 392.70, 385.20, 390.00, 390.00, 387.97, 13854251, 53750.18, 189801, 9117310, 65.81
BELLACASA, EQ, 05-Aug-2026, 246.38, 249.97, 250.00, 239.01, 239.80, 239.75, 242.35, 10771, 26.10, 366, 9034, 83.87
BELRISE, EQ, 05-Aug-2026, 240.34, 240.99, 245.00, 240.46, 241.89, 241.49, 242.55, 2869051, 6958.94, 31907, 1415125, 49.32
BEML, EQ, 05-Aug-2026, 1690.60, 1700.20, 1718.60, 1668.10, 1679.00, 1671.60, 1683.64, 192729, 3244.86, 20848, 108271, 56.18
BENGALASM, EQ, 05-Aug-2026, 6256.00, 6311.00, 6400.00, 6206.00, 6220.00, 6296.50, 6286.39, 1142, 71.79, 1031, 147, 12.87
BEPL, EQ, 05-Aug-2026, 122.94, 123.67, 124.90, 120.55, 120.65, 121.49, 122.51, 1535248, 1880.81, 11586, 538399, 35.07
BERGEPAINT, EQ, 05-Aug-2026, 533.80, 534.00, 555.00, 525.10, 542.00, 545.20, 543.40, 1408654, 7654.58, 49700, 364881, 25.90
BESTAGRO, EQ, 05-Aug-2026, 22.66, 22.66, 22.66, 20.40, 21.23, 20.97, 21.14, 9719799, 2054.40, 17333, 2861448, 29.44
BETA, EQ, 05-Aug-2026, 2365.00, 2365.00, 2384.50, 2331.70, 2370.00, 2366.90, 2358.70, 12468, 294.08, 2573, 6109, 49.00
BEWLTD, SM, 05-Aug-2026, 57.15, 57.20, 57.90, 56.10, 56.55, 56.65, 57.19, 14000, 8.01, 13, 13000, 92.86
BFINVEST, EQ, 05-Aug-2026, 480.55, 482.95, 486.35, 473.05, 475.10, 477.40, 478.44, 22819, 109.18, 1634, 10892, 47.73
BFSI, EQ, 05-Aug-2026, 27.80, 27.96, 27.99, 27.75, 27.89, 27.82, 27.86, 97737, 27.23, 658, 66006, 67.53
BFUTILITIE, EQ, 05-Aug-2026, 568.50, 571.00, 575.50, 556.00, 559.00, 560.80, 565.10, 37432, 211.53, 1572, 20737, 55.40
BGRENERGY, BE, 05-Aug-2026, 272.15, 272.10, 272.10, 258.55, 258.55, 258.85, 262.14, 80272, 210.42, 1197, -, -
BHADORA, ST, 05-Aug-2026, 86.10, 87.00, 87.95, 86.15, 86.15, 86.15, 86.98, 12000, 10.44, 9, 10800, 90.00
BHAGCHEM, EQ, 05-Aug-2026, 286.10, 286.25, 290.40, 281.00, 282.55, 282.15, 284.73, 74038, 210.81, 2284, 37880, 51.16
BHAGERIA, BE, 05-Aug-2026, 212.24, 214.40, 218.00, 209.00, 212.00, 210.72, 211.61, 17394, 36.81, 222, -, -
BHAGYANGR, BE, 05-Aug-2026, 380.50, 376.10, 388.95, 375.90, 383.50, 383.75, 381.60, 61484, 234.62, 835, -, -
BHANDARI, BE, 05-Aug-2026, 2.87, 2.87, 2.91, 2.85, 2.88, 2.87, 2.88, 59248, 1.71, 147, -, -
BHARATCOAL, EQ, 05-Aug-2026, 34.20, 34.50, 34.64, 34.31, 34.44, 34.42, 34.44, 2900512, 998.95, 8892, 1504163, 51.86
BHARATFORG, EQ, 05-Aug-2026, 2195.00, 2197.70, 2229.80, 2184.00, 2197.10, 2197.10, 2210.98, 743973, 16449.06, 31178, 359095, 48.27
BHARATGEAR, BE, 05-Aug-2026, 117.40, 111.53, 115.00, 111.53, 111.53, 111.53, 111.75, 89767, 100.31, 604, -, -
BHARATRAS, EQ, 05-Aug-2026, 1345.40, 1347.90, 1404.30, 1345.80, 1382.00, 1385.30, 1384.96, 27856, 385.80, 2797, 16480, 59.16
BHARATSE, EQ, 05-Aug-2026, 231.87, 232.00, 232.96, 225.00, 226.00, 226.14, 227.43, 267058, 607.36, 6019, 114783, 42.98
BHARATWIRE, EQ, 05-Aug-2026, 200.40, 201.25, 208.58, 201.25, 204.00, 203.84, 205.40, 287325, 590.17, 5506, 96422, 33.56
BHARTIARTL, EQ, 05-Aug-2026, 1970.10, 2020.00, 2031.00, 1951.80, 1978.00, 1978.00, 1974.41, 14286999, 282084.08, 198318, 8668563, 60.67
BHARTIHEXA, EQ, 05-Aug-2026, 1616.80, 1642.00, 1642.00, 1539.50, 1546.00, 1552.70, 1563.55, 500159, 7820.25, 39224, 245656, 49.12
BHEL, EQ, 05-Aug-2026, 411.95, 411.95, 414.80, 407.00, 412.40, 412.40, 410.97, 5588130, 22965.68, 66169, 2713597, 48.56
BI, EQ, 05-Aug-2026, 60.53, 59.37, 62.60, 59.37, 61.20, 61.32, 61.55, 5681, 3.50, 105, 4164, 73.30
BIGBLOC, EQ, 05-Aug-2026, 46.48, 47.80, 48.45, 46.50, 48.39, 47.96, 47.56, 68002, 32.34, 806, 48266, 70.98
BIKAJI, EQ, 05-Aug-2026, 647.90, 650.00, 660.45, 647.90, 652.90, 650.30, 654.34, 147905, 967.80, 8185, 69316, 46.87
BIKEWO, ST, 05-Aug-2026, 67.90, 71.00, 71.25, 71.00, 71.25, 71.25, 71.22, 52000, 37.04, 26, 52000, 100.00
BIL, EQ, 05-Aug-2026, 801.75, 813.80, 833.00, 800.00, 812.00, 808.15, 807.93, 4761, 38.47, 406, 3415, 71.73
BILVYAPAR, BE, 05-Aug-2026, 4.00, 4.08, 4.08, 3.83, 3.96, 3.96, 3.94, 2632, 0.10, 27, -, -
BIMETAL, EQ, 05-Aug-2026, 645.75, 648.95, 651.85, 630.00, 648.00, 647.05, 639.96, 218, 1.40, 34, 169, 77.52
BIOCON, EQ, 05-Aug-2026, 422.00, 426.00, 428.65, 422.30, 425.20, 425.20, 424.86, 3296172, 14004.10, 31972, 1789073, 54.28
BIOFILCHEM, EQ, 05-Aug-2026, 32.90, 33.90, 33.90, 33.20, 33.41, 33.24, 33.38, 6382, 2.13, 67, 6157, 96.47
BIOPOL, SM, 05-Aug-2026, 96.90, 97.00, 105.00, 97.00, 105.00, 103.60, 102.90, 134400, 138.29, 94, 70800, 52.68
BIRET, RR, 05-Aug-2026, 342.49, 342.49, 344.43, 341.00, 344.43, 343.50, 341.99, 564013, 1928.87, 6028, 528231, 93.66
BIRLACABLE, BE, 05-Aug-2026, 224.70, 235.93, 235.93, 235.93, 235.93, 235.93, 235.93, 47389, 111.80, 339, -, -
BIRLACORPN, EQ, 05-Aug-2026, 902.30, 902.45, 914.60, 900.95, 903.00, 903.00, 906.55, 38991, 353.47, 3882, 20892, 53.58
BIRLAMONEY, EQ, 05-Aug-2026, 133.74, 134.98, 135.58, 132.73, 133.10, 133.37, 134.26, 23399, 31.41, 647, 13189, 56.37
BIRLANU, EQ, 05-Aug-2026, 1355.30, 1351.90, 1422.00, 1348.00, 1390.10, 1396.60, 1397.26, 28503, 398.26, 2454, 15594, 54.71
BIRLAPREC, EQ, 05-Aug-2026, 34.48, 34.93, 35.80, 34.29, 34.66, 34.58, 34.89, 19952, 6.96, 140, 16116, 80.77
BLACKBUCK, EQ, 05-Aug-2026, 546.50, 546.00, 558.30, 546.00, 557.00, 556.20, 553.68, 294017, 1627.91, 10582, 176211, 59.93
BLACKROSE, BE, 05-Aug-2026, 113.93, 115.95, 119.50, 112.00, 116.00, 115.30, 115.94, 32754, 37.97, 302, -, -
BLAL, EQ, 05-Aug-2026, 173.61, 172.00, 174.58, 172.00, 172.50, 172.63, 173.41, 10700, 18.56, 266, 7852, 73.38
BLBLIMITED, EQ, 05-Aug-2026, 15.50, 15.60, 15.95, 15.50, 15.75, 15.67, 15.70, 22361, 3.51, 94, 18797, 84.06
BLIL, EQ, 05-Aug-2026, 70.76, 70.98, 71.20, 70.43, 71.19, 70.95, 70.75, 29627, 20.96, 538, 20756, 70.06
BLISSGVS, BE, 05-Aug-2026, 489.75, 502.00, 511.95, 493.10, 498.00, 497.00, 502.60, 298823, 1501.87, 4042, -, -
BLKASHYAP, EQ, 05-Aug-2026, 54.45, 54.75, 54.80, 52.90, 54.00, 53.55, 53.90, 259619, 139.93, 1781, 170801, 65.79
BLS, EQ, 05-Aug-2026, 247.95, 249.00, 260.99, 249.00, 256.00, 255.63, 257.05, 3366997, 8654.99, 42823, 1094339, 32.50
BLSE, EQ, 05-Aug-2026, 301.45, 303.80, 320.00, 303.75, 317.00, 319.15, 314.98, 1130577, 3561.08, 17534, 551808, 48.81
BLUECHIP, BE, 05-Aug-2026, 1.70, 1.67, 1.70, 1.67, 1.68, 1.68, 1.67, 153300, 2.56, 215, -, -
BLUECOAST, BE, 05-Aug-2026, 25.38, 25.31, 25.84, 25.31, 25.67, 25.67, 25.67, 528, 0.14, 7, -, -
BLUEDART, EQ, 05-Aug-2026, 5364.50, 5366.50, 5400.00, 5210.00, 5250.00, 5293.50, 5311.63, 32935, 1749.39, 6828, 11022, 33.47
BLUEJET, EQ, 05-Aug-2026, 582.05, 585.00, 598.05, 570.25, 595.00, 591.20, 581.50, 1550452, 9015.81, 37357, 741233, 47.81
BLUEPEBBLE, SM, 05-Aug-2026, 68.00, 68.00, 72.00, 68.00, 68.00, 68.00, 69.73, 6000, 4.18, 11, 5200, 86.67
BLUESTARCO, EQ, 05-Aug-2026, 1685.00, 1688.10, 1719.90, 1640.00, 1665.00, 1665.00, 1677.82, 379954, 6374.96, 25827, 132290, 34.82
BLUESTONE, EQ, 05-Aug-2026, 848.75, 862.00, 894.40, 834.90, 847.80, 856.00, 874.87, 16167901, 141448.86, 287898, 1638608, 10.13
BLUEWATER, ST, 05-Aug-2026, 418.00, 398.40, 415.00, 397.10, 415.00, 415.00, 400.76, 18000, 72.14, 18, 15000, 83.33
BLUSPRING, EQ, 05-Aug-2026, 111.48, 112.68, 118.44, 111.69, 115.50, 116.24, 115.01, 246886, 283.95, 2753, 138887, 56.26
BMLL, SM, 05-Aug-2026, 155.95, 154.10, 156.50, 150.00, 150.00, 151.15, 154.23, 103000, 158.85, 20, 94000, 91.26
BMWVENTLTD, EQ, 05-Aug-2026, 57.16, 57.35, 63.63, 56.85, 63.63, 59.97, 59.05, 132602, 78.31, 1120, 104734, 78.98
BNAGROCHEM, BE, 05-Aug-2026, 271.50, 265.40, 271.85, 263.00, 269.95, 269.95, 265.93, 908, 2.41, 31, -, -
BNALTD, BE, 05-Aug-2026, 402.80, 394.75, 394.75, 390.00, 390.00, 390.00, 392.71, 35, 0.14, 6, -, -
BNKETFAXIS, EQ, 05-Aug-2026, 594.79, 596.42, 610.00, 592.62, 605.87, 598.01, 597.19, 523, 3.12, 47, 295, 56.41
BODALCHEM, BE, 05-Aug-2026, 72.80, 73.90, 75.80, 73.90, 75.37, 75.19, 75.18, 409868, 308.15, 1192, -, -
BOHRAIND, EQ, 05-Aug-2026, 14.81, 14.15, 15.54, 14.15, 15.28, 15.25, 15.29, 1038, 0.16, 24, 511, 49.23
BOMDYEING, EQ, 05-Aug-2026, 121.96, 122.20, 123.44, 119.03, 120.07, 120.04, 120.79, 521387, 629.76, 5856, 251432, 48.22
BONLON, EQ, 05-Aug-2026, 41.86, 41.86, 43.00, 41.02, 42.88, 42.81, 42.37, 9869, 4.18, 101, 6619, 67.07
BORANA, EQ, 05-Aug-2026, 319.00, 324.55, 341.70, 318.05, 329.00, 329.50, 330.04, 84404, 278.57, 2198, 46178, 54.71
BOROLTD, EQ, 05-Aug-2026, 239.87, 239.88, 244.78, 239.88, 244.40, 243.22, 242.61, 68143, 165.32, 2020, 39145, 57.45
BORORENEW, EQ, 05-Aug-2026, 559.05, 565.90, 569.00, 557.00, 560.80, 559.45, 563.47, 295800, 1666.76, 10059, 115881, 39.18
BOROSCI, EQ, 05-Aug-2026, 145.75, 146.01, 147.29, 139.80, 141.50, 140.74, 142.78, 141577, 202.14, 2388, 85150, 60.14
BOSCH-HCIL, EQ, 05-Aug-2026, 1439.40, 1449.50, 1543.00, 1439.40, 1530.00, 1523.80, 1491.93, 159511, 2379.79, 7969, 109534, 68.67
BOSCHLTD, EQ, 05-Aug-2026, 41200.00, 41405.00, 43650.00, 41310.00, 42920.00, 42920.00, 43007.92, 116771, 50220.78, 36926, 27407, 23.47
BOSS, SM, 05-Aug-2026, 39.90, 41.85, 41.85, 41.60, 41.60, 41.75, 41.77, 6000, 2.51, 3, 4000, 66.67
BPCL, EQ, 05-Aug-2026, 324.00, 327.50, 328.15, 324.45, 326.25, 326.25, 326.31, 2974415, 9705.84, 34513, 1447192, 48.65
BPL, EQ, 05-Aug-2026, 53.42, 54.02, 54.07, 52.81, 53.51, 53.43, 53.56, 21957, 11.76, 714, 12007, 54.68
BRACEPORT, SM, 05-Aug-2026, 73.00, 75.00, 75.00, 75.00, 75.00, 75.00, 75.00, 1600, 1.20, 1, 1600, 100.00
BRANDMAN, SM, 05-Aug-2026, 166.50, 168.00, 170.00, 160.25, 169.00, 169.00, 165.37, 18400, 30.43, 22, 13600, 73.91
BRIGADE, EQ, 05-Aug-2026, 580.20, 583.10, 588.45, 567.60, 570.95, 570.30, 576.34, 167388, 964.73, 14104, 74819, 44.70
BRIGHOTEL, EQ, 05-Aug-2026, 61.80, 62.36, 62.90, 61.00, 61.05, 61.34, 61.67, 135426, 83.52, 2763, 75625, 55.84
BRITANNIA, EQ, 05-Aug-2026, 5478.00, 5461.00, 5488.00, 5406.00, 5440.00, 5440.00, 5453.96, 409191, 22317.11, 32185, 266969, 65.24
BRNL, EQ, 05-Aug-2026, 17.45, 18.72, 18.72, 17.30, 17.67, 17.49, 17.78, 49718, 8.84, 247, 20211, 40.65
BROOKS, BE, 05-Aug-2026, 60.79, 60.99, 61.80, 59.50, 60.45, 60.29, 60.46, 30001, 18.14, 124, -, -
BSE, EQ, 05-Aug-2026, 3618.00, 3664.10, 3664.10, 3490.00, 3534.60, 3534.60, 3543.81, 6880162, 243819.78, 285910, 2728635, 39.66
BSE500IETF, EQ, 05-Aug-2026, 39.90, 39.90, 40.20, 39.90, 39.93, 39.96, 40.08, 80433, 32.24, 662, 57985, 72.09
BSHSL, BE, 05-Aug-2026, 87.44, 87.90, 90.00, 87.56, 88.20, 87.63, 88.61, 3266, 2.89, 62, -, -
BSL, EQ, 05-Aug-2026, 124.87, 126.75, 128.00, 125.40, 127.29, 126.26, 126.56, 3548, 4.49, 72, 1444, 40.70
BSLGOLDETF, EQ, 05-Aug-2026, 124.71, 126.14, 127.17, 125.75, 126.56, 126.96, 126.57, 203813, 257.97, 1785, 123353, 60.52
BSLNIFTY, EQ, 05-Aug-2026, 28.74, 28.76, 28.99, 28.60, 28.60, 28.80, 28.82, 608702, 175.42, 4163, 392192, 64.43
BSLSENETFG, EQ, 05-Aug-2026, 79.02, 78.22, 79.90, 78.22, 79.50, 79.26, 79.34, 2953, 2.34, 96, 2595, 87.88
BSOFT, EQ, 05-Aug-2026, 323.20, 325.00, 329.80, 322.00, 323.90, 323.65, 325.25, 1276492, 4151.77, 24682, 623418, 48.84
BTML, EQ, 05-Aug-2026, 6.69, 6.69, 6.88, 6.50, 6.55, 6.61, 6.64, 119157, 7.91, 380, 87361, 73.32
BTTL, BE, 05-Aug-2026, 46.61, 46.61, 47.98, 46.61, 47.65, 47.65, 47.16, 1209, 0.57, 15, -, -
BUILDPRO, EQ, 05-Aug-2026, 1337.80, 1337.80, 1365.10, 1295.00, 1340.50, 1347.80, 1331.73, 190155, 2532.36, 13526, 90940, 47.82
BULKCORP, SM, 05-Aug-2026, 59.10, 60.90, 62.05, 60.90, 62.05, 61.70, 61.73, 4800, 2.96, 4, 4800, 100.00
BUTTERFLY, EQ, 05-Aug-2026, 664.45, 664.45, 670.45, 658.10, 667.60, 667.60, 664.60, 41299, 274.47, 2647, 16799, 40.68
BVCL, EQ, 05-Aug-2026, 41.70, 42.50, 43.00, 41.52, 42.29, 41.84, 42.09, 18623, 7.84, 149, 11334, 60.86
BYKE, BE, 05-Aug-2026, 34.83, 35.53, 35.53, 34.08, 34.29, 34.29, 34.53, 24320, 8.40, 34, -, -
C2C, SM, 05-Aug-2026, 262.05, 266.85, 271.60, 263.00, 266.20, 265.30, 266.96, 94500, 252.28, 435, 60300, 63.81
CADSYS, ST, 05-Aug-2026, 56.25, 56.00, 56.00, 53.45, 53.45, 53.45, 53.88, 3000, 1.62, 3, 3000, 100.00
CALSOFT, BE, 05-Aug-2026, 21.66, 22.00, 22.30, 21.23, 21.60, 21.57, 21.73, 24949, 5.42, 126, -, -
CAMLINFINE, EQ, 05-Aug-2026, 130.23, 130.59, 131.90, 128.00, 128.50, 129.42, 130.14, 382849, 498.26, 5318, 175393, 45.81
CAMPUS, EQ, 05-Aug-2026, 223.77, 224.39, 227.92, 222.80, 226.40, 226.54, 225.02, 674218, 1517.09, 13021, 290893, 43.15
CAMS, EQ, 05-Aug-2026, 809.40, 807.80, 821.90, 807.40, 811.85, 811.85, 814.87, 1396845, 11382.51, 39791, 619698, 44.36
CANARYS, SM, 05-Aug-2026, 23.60, 23.60, 25.05, 23.35, 23.45, 23.50, 24.21, 384000, 92.97, 82, 192000, 50.00
CANBK, EQ, 05-Aug-2026, 128.00, 129.00, 130.10, 128.11, 128.91, 128.91, 129.08, 19170625, 24744.84, 78046, 9205586, 48.02
CANFINHOME, EQ, 05-Aug-2026, 809.80, 816.00, 820.65, 803.30, 810.20, 811.50, 812.41, 302767, 2459.72, 13607, 211213, 69.76
CANHLIFE, EQ, 05-Aug-2026, 148.66, 149.11, 150.94, 147.61, 150.18, 149.93, 149.23, 529217, 789.78, 7769, 302241, 57.11
CANTABIL, EQ, 05-Aug-2026, 247.86, 249.30, 253.50, 241.20, 241.20, 245.81, 249.13, 557596, 1389.15, 5556, 113992, 20.44
CAPACITE, EQ, 05-Aug-2026, 213.52, 215.00, 224.99, 215.00, 221.90, 221.83, 221.23, 1297146, 2869.68, 17196, 653903, 50.41
CAPILLARY, EQ, 05-Aug-2026, 534.95, 540.00, 597.40, 537.00, 569.00, 576.35, 576.07, 7845843, 45197.22, 162236, 903470, 11.52
CAPINVIT, IV, 05-Aug-2026, 75.25, 75.40, 76.55, 74.26, 75.39, 75.39, 75.33, 263877, 198.78, 2396, 197538, 74.86
CAPITALSFB, EQ, 05-Aug-2026, 295.30, 295.40, 298.70, 292.00, 295.90, 296.35, 294.80, 39211, 115.59, 1226, 27076, 69.05
CAPLIPOINT, EQ, 05-Aug-2026, 2571.90, 2570.00, 2579.00, 2532.10, 2546.10, 2541.80, 2555.91, 43064, 1100.68, 10174, 23937, 55.58
CAPTRUST, EQ, 05-Aug-2026, 20.02, 20.90, 21.02, 19.02, 19.02, 19.03, 20.22, 361181, 73.03, 1063, 221502, 61.33
CARBORUNIV, EQ, 05-Aug-2026, 1078.50, 1084.50, 1092.00, 1066.80, 1085.80, 1081.70, 1080.31, 83038, 897.07, 11173, 44286, 53.33
CARERATING, EQ, 05-Aug-2026, 1729.40, 1749.90, 1777.00, 1738.70, 1755.00, 1749.10, 1758.37, 47570, 836.46, 6640, 24720, 51.97
CARRARO, EQ, 05-Aug-2026, 540.40, 540.00, 545.50, 531.25, 531.25, 535.95, 540.71, 159973, 864.99, 7478, 112587, 70.38
CARTRADE, EQ, 05-Aug-2026, 2805.40, 2805.40, 2868.00, 2788.00, 2820.00, 2842.20, 2836.88, 358592, 10172.82, 29325, 133357, 37.19
CARYSIL, EQ, 05-Aug-2026, 1178.20, 1171.10, 1207.60, 1169.50, 1193.00, 1191.10, 1187.87, 49444, 587.33, 4277, 26717, 54.03
CASHIETF, EQ, 05-Aug-2026, 1073.76, 1073.89, 1073.91, 1073.89, 1073.90, 1073.90, 1073.90, 261196, 2804.97, 152, 185854, 71.15
CASTROLIND, EQ, 05-Aug-2026, 187.06, 190.89, 194.98, 190.00, 191.55, 191.54, 192.75, 14623756, 28187.05, 101140, 5620869, 38.44
CCAVENUE, EQ, 05-Aug-2026, 16.96, 17.10, 17.57, 17.10, 17.21, 17.26, 17.37, 17719837, 3078.74, 15313, 7845448, 44.27
CCCL, EQ, 05-Aug-2026, 15.68, 15.51, 15.99, 15.51, 15.62, 15.69, 15.71, 154296, 24.23, 636, 96836, 62.76
CCHHL, EQ, 05-Aug-2026, 12.82, 12.82, 13.21, 12.61, 12.84, 12.93, 12.93, 8618, 1.11, 87, 7676, 89.07
CCL, EQ, 05-Aug-2026, 1122.00, 1133.10, 1151.80, 1119.50, 1124.50, 1138.90, 1135.74, 200405, 2276.08, 24870, 98256, 49.03
CDSL, EQ, 05-Aug-2026, 1340.00, 1350.00, 1352.00, 1323.10, 1326.50, 1326.50, 1334.90, 1063938, 14202.56, 32013, 430214, 40.44
CEATLTD, EQ, 05-Aug-2026, 3611.20, 3637.10, 3790.00, 3622.60, 3699.00, 3703.50, 3720.53, 274871, 10226.65, 30310, 100027, 36.39
CEDAAR, ST, 05-Aug-2026, 16.35, 16.35, 16.85, 16.30, 16.85, 16.85, 16.50, 3000, 0.50, 3, 3000, 100.00
CEIGALL, EQ, 05-Aug-2026, 339.85, 340.40, 344.00, 337.20, 340.95, 341.70, 340.98, 98477, 335.79, 3871, 55489, 56.35
CEINSYS, EQ, 05-Aug-2026, 861.65, 878.00, 885.95, 849.00, 856.00, 858.05, 867.25, 60920, 528.33, 4696, 22041, 36.18
CELEBRITY, EQ, 05-Aug-2026, 7.17, 7.38, 7.38, 7.12, 7.30, 7.23, 7.21, 15254, 1.10, 67, 13597, 89.14
CELLECOR, ST, 05-Aug-2026, 32.05, 32.30, 32.90, 31.60, 31.70, 31.80, 32.12, 78000, 25.06, 25, 69000, 88.46
CELLO, EQ, 05-Aug-2026, 344.85, 352.05, 408.80, 351.35, 396.00, 398.95, 390.29, 33275833, 129872.56, 334321, 2694765, 8.10
CELLPOINT, SM, 05-Aug-2026, 18.80, 18.75, 18.80, 18.00, 18.00, 18.00, 18.59, 4800, 0.89, 3, 3600, 75.00
CEMNTGROWW, EQ, 05-Aug-2026, 15.50, 15.68, 15.84, 15.44, 15.75, 15.61, 15.62, 134268, 20.97, 399, 109840, 81.81
CEMPRO, EQ, 05-Aug-2026, 1329.80, 1315.00, 1338.00, 1285.30, 1293.00, 1298.20, 1311.50, 308475, 4045.65, 17166, 160818, 52.13
CENTENKA, EQ, 05-Aug-2026, 620.50, 624.00, 629.05, 609.90, 610.05, 612.95, 618.20, 60487, 373.93, 3426, 38276, 63.28
CENTEXT, EQ, 05-Aug-2026, 23.67, 23.61, 23.61, 21.80, 22.90, 23.12, 23.02, 1709867, 393.60, 4605, 981895, 57.43
CENTRALBK, EQ, 05-Aug-2026, 31.23, 31.40, 31.73, 31.25, 31.34, 31.29, 31.43, 5101445, 1603.45, 12861, 2392810, 46.90
CENTRUM, EQ, 05-Aug-2026, 23.60, 23.93, 24.28, 23.70, 24.00, 24.07, 23.94, 246561, 59.04, 596, 181251, 73.51
CENTUM, EQ, 05-Aug-2026, 3698.60, 3698.70, 3843.90, 3672.60, 3799.00, 3789.50, 3794.34, 41727, 1583.26, 9023, 20328, 48.72
CENTURYPLY, EQ, 05-Aug-2026, 769.50, 773.65, 774.70, 756.20, 767.50, 768.60, 765.15, 79549, 608.67, 10476, 39717, 49.93
CERA, EQ, 05-Aug-2026, 6301.00, 6370.00, 6371.00, 6270.00, 6270.00, 6294.50, 6303.90, 3037, 191.45, 983, 1470, 48.40
CEREBRAINT, BZ, 05-Aug-2026, 2.97, 2.95, 3.07, 2.90, 2.90, 2.91, 2.92, 89389, 2.61, 147, -, -
CESC, EQ, 05-Aug-2026, 164.76, 165.50, 166.45, 163.05, 163.30, 163.52, 164.09, 622390, 1021.29, 15355, 370024, 59.45
CEWATER, EQ, 05-Aug-2026, 279.60, 281.00, 285.00, 276.00, 278.35, 278.10, 280.19, 47582, 133.32, 2460, 23809, 50.04
CGCL, EQ, 05-Aug-2026, 228.68, 230.60, 240.00, 229.83, 238.20, 238.30, 235.56, 4266130, 10049.15, 33923, 1504685, 35.27
CGPOWER, EQ, 05-Aug-2026, 880.05, 888.00, 891.95, 877.90, 889.50, 889.50, 883.20, 2386264, 21075.51, 40258, 995400, 41.71
CGRAPHICS, SM, 05-Aug-2026, 145.00, 146.90, 146.90, 144.05, 145.00, 145.00, 144.92, 16000, 23.19, 19, 12800, 80.00
CHALET, EQ, 05-Aug-2026, 825.65, 828.15, 844.55, 820.10, 830.25, 839.65, 833.78, 143694, 1198.09, 11608, 91175, 63.45
CHAMBLFERT, EQ, 05-Aug-2026, 454.60, 457.00, 466.00, 454.00, 458.00, 458.65, 460.37, 799698, 3681.56, 15628, 333634, 41.72
CHAMUNDA, SM, 05-Aug-2026, 43.40, 42.80, 43.00, 42.80, 43.00, 43.00, 42.90, 6000, 2.57, 2, 6000, 100.00
CHANDAN, SM, 05-Aug-2026, 255.45, 252.00, 256.50, 248.00, 248.70, 248.25, 251.02, 11200, 28.11, 14, 8000, 71.43
CHAVDA, SM, 05-Aug-2026, 129.15, 130.05, 138.00, 130.00, 133.00, 134.30, 134.15, 103000, 138.17, 90, 76000, 73.79
CHEMBOND, BE, 05-Aug-2026, 171.82, 171.82, 180.40, 170.10, 178.00, 177.83, 176.59, 3382, 5.97, 63, -, -
CHEMBONDCH, BE, 05-Aug-2026, 229.11, 229.11, 229.79, 224.50, 229.00, 228.51, 226.91, 4649, 10.55, 98, -, -
CHEMCON, BE, 05-Aug-2026, 193.29, 202.95, 202.95, 192.00, 197.31, 197.14, 199.42, 79530, 158.60, 823, -, -
CHEMFAB, BE, 05-Aug-2026, 371.35, 371.00, 379.40, 367.55, 377.60, 377.60, 369.14, 1667, 6.15, 38, -, -
CHEMICAL, EQ, 05-Aug-2026, 30.53, 30.61, 30.99, 30.01, 30.01, 30.36, 30.55, 443247, 135.41, 1143, 281890, 63.60
CHEMPLASTS, EQ, 05-Aug-2026, 194.41, 195.99, 203.00, 194.00, 196.60, 195.26, 198.56, 457754, 908.94, 7041, 207921, 45.42
CHENNPETRO, EQ, 05-Aug-2026, 1325.70, 1346.80, 1351.00, 1295.00, 1303.00, 1303.90, 1314.75, 1819630, 23923.67, 49091, 842670, 46.31
CHEVIOT, EQ, 05-Aug-2026, 1130.60, 1100.00, 1280.00, 1100.00, 1220.00, 1221.60, 1227.53, 104641, 1284.49, 6844, 16440, 15.71
CHOICEGOLD, EQ, 05-Aug-2026, 140.62, 140.62, 143.82, 140.16, 142.98, 143.11, 142.33, 5266, 7.50, 132, 3591, 68.19
CHOICEIN, EQ, 05-Aug-2026, 824.80, 825.95, 833.95, 822.00, 824.00, 824.35, 827.45, 460451, 3810.00, 9450, 117722, 25.57
CHOLAFIN, EQ, 05-Aug-2026, 1875.00, 1888.00, 1906.80, 1867.00, 1880.00, 1880.00, 1881.68, 880996, 16577.56, 45361, 497842, 56.51
CHOLAHLDNG, EQ, 05-Aug-2026, 1545.90, 1565.00, 1609.90, 1551.70, 1593.40, 1603.70, 1582.18, 197308, 3121.78, 21706, 122946, 62.31
CIEINDIA, EQ, 05-Aug-2026, 410.60, 415.00, 420.45, 411.00, 412.00, 415.05, 415.55, 413280, 1717.38, 11189, 308140, 74.56
CIFL, EQ, 05-Aug-2026, 21.13, 20.79, 21.63, 20.79, 21.10, 21.23, 21.30, 128230, 27.32, 664, 101902, 79.47
CINELINE, EQ, 05-Aug-2026, 89.51, 89.51, 91.90, 87.92, 90.70, 90.70, 89.98, 32156, 28.93, 616, 20539, 63.87
CINEVISTA, EQ, 05-Aug-2026, 14.87, 15.25, 15.25, 14.30, 15.04, 14.90, 14.78, 10599, 1.57, 90, 6121, 57.75
CIPLA, EQ, 05-Aug-2026, 1460.00, 1460.00, 1463.00, 1443.50, 1458.80, 1458.80, 1454.48, 973585, 14160.61, 49276, 579400, 59.51
CITIUSINVT, IV, 05-Aug-2026, 108.94, 108.21, 110.00, 108.21, 109.70, 109.87, 109.37, 187697, 205.29, 1672, 176545, 94.06
CKKRETAIL, SM, 05-Aug-2026, 145.00, 145.20, 145.20, 145.20, 145.20, 145.20, 145.20, 800, 1.16, 1, 800, 100.00
CLASSICEIL, ST, 05-Aug-2026, 58.25, 60.00, 60.00, 59.90, 59.90, 59.90, 59.93, 4800, 2.88, 3, 4800, 100.00
CLAYCRAFT, SM, 05-Aug-2026, 180.40, 181.00, 185.30, 179.05, 180.00, 180.70, 182.29, 50400, 91.88, 73, 39600, 78.57
CLCIND, BE, 05-Aug-2026, 61.67, 58.59, 58.59, 58.59, 58.59, 58.59, 58.59, 1659, 0.97, 22, -, -
CLEAN, EQ, 05-Aug-2026, 774.55, 777.50, 778.70, 746.55, 768.95, 768.95, 761.91, 678794, 5171.83, 61914, 302739, 44.60
CLEANMAX, EQ, 05-Aug-2026, 1326.70, 1338.80, 1402.30, 1323.00, 1384.00, 1380.80, 1373.46, 350317, 4811.46, 25799, 133737, 38.18
CLEDUCATE, BE, 05-Aug-2026, 56.69, 56.69, 59.49, 55.00, 59.49, 58.78, 56.50, 27813, 15.72, 210, -, -
CLSEL, EQ, 05-Aug-2026, 290.15, 291.90, 299.10, 291.85, 293.10, 294.20, 295.51, 139006, 410.77, 3121, 70216, 50.51
CLSL, SM, 05-Aug-2026, 66.00, 67.00, 69.90, 67.00, 68.00, 68.00, 68.25, 42000, 28.66, 21, 42000, 100.00
CMLL, EQ, 05-Aug-2026, 565.90, 568.15, 568.35, 547.25, 558.00, 559.95, 557.97, 973121, 5429.77, 18144, 257411, 26.45
CMNL, SM, 05-Aug-2026, 97.50, 100.00, 100.00, 96.05, 97.20, 97.20, 97.48, 9000, 8.77, 12, 6750, 75.00
CMPDI, EQ, 05-Aug-2026, 247.05, 249.30, 250.10, 242.70, 243.30, 243.42, 245.29, 660178, 1619.35, 11567, 332180, 50.32
CMRGREEN, EQ, 05-Aug-2026, 228.59, 231.90, 232.07, 225.10, 227.25, 226.88, 228.69, 468277, 1070.89, 8461, 210688, 44.99
CMRSL, SM, 05-Aug-2026, 62.85, 62.00, 62.85, 61.50, 62.85, 62.85, 61.87, 4000, 2.47, 4, 3200, 80.00
CMSINFO, EQ, 05-Aug-2026, 279.40, 280.00, 280.15, 272.00, 275.00, 273.90, 276.10, 404479, 1116.79, 11194, 271081, 67.02
CNL, EQ, 05-Aug-2026, 1055.80, 1064.00, 1145.00, 1050.70, 1125.10, 1131.65, 1099.05, 287758, 3162.59, 20014, 105914, 36.81
COALINDIA, EQ, 05-Aug-2026, 417.60, 417.60, 417.60, 411.70, 415.50, 415.50, 413.04, 5429514, 22426.00, 131842, 3508148, 64.61
COASTCORP, EQ, 05-Aug-2026, 48.53, 49.30, 49.30, 46.89, 47.50, 47.57, 47.78, 142015, 67.85, 1356, 105957, 74.61
COCHINSHIP, EQ, 05-Aug-2026, 1430.00, 1436.10, 1451.80, 1415.60, 1425.00, 1425.00, 1427.55, 476060, 6795.98, 19353, 195523, 41.07
COCKERILL, EQ, 05-Aug-2026, 8989.00, 9044.00, 9044.00, 8870.50, 8870.50, 8897.00, 8938.35, 2413, 215.68, 751, 1145, 47.45
COFFEEDAY, BE, 05-Aug-2026, 33.63, 34.70, 35.00, 33.50, 34.00, 34.12, 34.33, 1178784, 404.71, 2222, -, -
COFORGE, EQ, 05-Aug-2026, 1749.90, 1745.10, 1788.00, 1745.10, 1777.00, 1777.00, 1769.31, 2308375, 40842.29, 68805, 1201374, 52.04
COHANCE, EQ, 05-Aug-2026, 424.90, 427.40, 431.90, 422.50, 428.40, 429.45, 428.81, 365514, 1567.35, 13358, 194894, 53.32
COLPAL, EQ, 05-Aug-2026, 2010.00, 2026.90, 2040.00, 2016.60, 2040.00, 2040.00, 2027.24, 237174, 4808.10, 24810, 126010, 53.13
COMFINTE, EQ, 05-Aug-2026, 6.40, 6.40, 6.60, 6.25, 6.30, 6.27, 6.33, 147153, 9.31, 430, 102489, 69.65
COMMITTED, ST, 05-Aug-2026, 340.00, 338.55, 350.00, 338.55, 350.00, 350.00, 349.84, 204800, 716.48, 42, 204800, 100.00
COMMOIETF, EQ, 05-Aug-2026, 101.02, 101.52, 101.98, 101.10, 101.10, 101.72, 101.50, 81907, 83.13, 1047, 45152, 55.13
COMPINFO, BZ, 05-Aug-2026, 1.12, 1.09, 1.15, 1.07, 1.15, 1.15, 1.11, 7653, 0.09, 20, -, -
COMPUSOFT, EQ, 05-Aug-2026, 13.20, 13.25, 13.50, 13.00, 13.13, 13.14, 13.10, 36290, 4.75, 148, 32633, 89.92
COMSYN, EQ, 05-Aug-2026, 211.05, 211.05, 212.66, 209.00, 209.00, 209.72, 210.01, 560257, 1176.57, 3508, 301878, 53.88
CONCOR, EQ, 05-Aug-2026, 515.00, 519.95, 528.60, 516.35, 516.35, 516.35, 520.53, 1688051, 8786.84, 58889, 804029, 47.63
CONCORDBIO, EQ, 05-Aug-2026, 1420.00, 1439.00, 1439.00, 1373.00, 1384.90, 1385.00, 1400.67, 99717, 1396.71, 10988, 50997, 51.14
CONFIPET, EQ, 05-Aug-2026, 82.08, 83.30, 84.66, 81.00, 81.30, 81.80, 82.78, 1874656, 1551.87, 10655, 867532, 46.28
CONNPLEX, SM, 05-Aug-2026, 201.00, 202.50, 205.00, 202.00, 202.00, 202.00, 203.19, 7200, 14.63, 8, 4800, 66.67
CONS, EQ, 05-Aug-2026, 12.53, 12.60, 12.60, 12.32, 12.35, 12.51, 12.57, 41046, 5.16, 139, 32782, 79.87
CONSOFINVT, BE, 05-Aug-2026, 304.40, 307.90, 315.00, 298.00, 315.00, 312.05, 310.22, 32648, 101.28, 227, -, -
CONSUMAXIS, EQ, 05-Aug-2026, 125.21, 125.83, 126.34, 125.11, 125.31, 125.74, 125.72, 618, 0.78, 32, 431, 69.74
CONSUMBEES, EQ, 05-Aug-2026, 133.57, 133.57, 136.56, 133.57, 136.20, 135.86, 135.99, 189644, 257.90, 1040, 139242, 73.42
CONSUMER, EQ, 05-Aug-2026, 12.16, 12.21, 12.32, 12.21, 12.28, 12.24, 12.27, 158858, 19.50, 289, 107044, 67.38
CONSUMIETF, EQ, 05-Aug-2026, 125.23, 126.64, 126.94, 124.55, 126.32, 126.17, 126.46, 21425, 27.09, 215, 18114, 84.55
CONTROLPR, EQ, 05-Aug-2026, 575.05, 575.00, 577.90, 570.00, 570.00, 571.00, 572.83, 13356, 76.51, 2982, 8625, 64.58
COOLCAPS, ST, 05-Aug-2026, 22.15, 21.60, 22.00, 21.30, 21.95, 21.75, 21.59, 25000, 5.40, 16, 25000, 100.00
CORALFINAC, EQ, 05-Aug-2026, 32.66, 32.83, 35.00, 32.83, 33.88, 33.46, 33.75, 170842, 57.67, 926, 93786, 54.90
CORDELIA, EQ, 05-Aug-2026, 819.65, 825.90, 837.00, 816.55, 833.00, 831.05, 829.07, 130316, 1080.41, 5878, 51450, 39.48
CORDSCABLE, BE, 05-Aug-2026, 222.18, 227.00, 229.70, 215.10, 222.05, 223.29, 222.12, 25240, 56.06, 335, -, -
COROMANDEL, EQ, 05-Aug-2026, 2115.50, 2129.40, 2129.40, 2048.20, 2076.00, 2086.40, 2097.79, 81339, 1706.32, 15759, 37892, 46.59
CORONA, EQ, 05-Aug-2026, 2159.70, 2170.00, 2180.90, 2089.00, 2100.00, 2096.70, 2111.39, 50961, 1075.99, 7857, 22244, 43.65
COSMOFIRST, EQ, 05-Aug-2026, 922.35, 930.00, 943.00, 911.00, 914.00, 915.80, 929.56, 76965, 715.44, 4970, 43384, 56.37
COUNCODOS, EQ, 05-Aug-2026, 6.02, 5.90, 6.08, 5.80, 5.99, 5.93, 5.92, 51983, 3.08, 234, 31845, 61.26
CPCAP, BE, 05-Aug-2026, 113.85, 114.50, 115.25, 111.10, 114.00, 114.18, 114.48, 22755, 26.05, 125, -, -
CPEDU, EQ, 05-Aug-2026, 210.11, 218.99, 219.00, 207.00, 212.25, 211.62, 212.12, 28581, 60.63, 830, 17980, 62.91
CPL, EQ, 05-Aug-2026, 71.76, 71.21, 73.10, 71.21, 72.22, 72.88, 72.30, 89476, 64.69, 821, 30384, 33.96
CPPLUS, EQ, 05-Aug-2026, 3499.20, 3539.80, 3579.00, 3525.00, 3530.00, 3554.70, 3549.11, 124541, 4420.10, 14420, 74449, 59.78
CPS, SM, 05-Aug-2026, 1051.35, 1090.00, 1090.00, 1090.00, 1090.00, 1090.00, 1090.00, 150, 1.64, 1, 150, 100.00
CPSEETF, EQ, 05-Aug-2026, 94.62, 95.99, 95.99, 94.20, 95.30, 94.74, 94.64, 677252, 640.93, 9458, 399723, 59.02
CRAFTSMAN, EQ, 05-Aug-2026, 10175.00, 10300.00, 10448.50, 10260.50, 10420.00, 10408.50, 10386.06, 31714, 3293.83, 7738, 14761, 46.54
CRAMC, EQ, 05-Aug-2026, 266.60, 266.60, 269.00, 263.60, 265.90, 265.30, 265.79, 256612, 682.04, 9668, 116079, 45.24
CRAYONS, SM, 05-Aug-2026, 27.80, 29.10, 29.10, 27.00, 27.00, 27.00, 27.38, 11000, 3.01, 3, 11000, 100.00
CREATIVEYE, EQ, 05-Aug-2026, 6.27, 6.27, 6.34, 6.01, 6.19, 6.14, 6.15, 6216, 0.38, 69, 4466, 71.85
CREDITACC, EQ, 05-Aug-2026, 1557.60, 1575.00, 1575.00, 1507.50, 1518.00, 1527.60, 1531.76, 381615, 5845.42, 27656, 198954, 52.13
CREST, EQ, 05-Aug-2026, 386.25, 388.75, 388.75, 377.50, 379.25, 380.80, 382.19, 858, 3.28, 112, 304, 35.43
CRISIL, EQ, 05-Aug-2026, 4357.20, 4356.30, 4500.00, 4325.10, 4480.00, 4475.60, 4418.57, 85535, 3779.42, 15132, 50395, 58.92
CRIZAC, EQ, 05-Aug-2026, 191.74, 192.05, 192.79, 181.71, 183.00, 183.21, 185.97, 628981, 1169.71, 12680, 353407, 56.19
CROMPTON, EQ, 05-Aug-2026, 263.10, 264.45, 270.20, 264.45, 266.10, 266.10, 267.89, 1531707, 4103.28, 18435, 746830, 48.76
CROWN, EQ, 05-Aug-2026, 114.70, 115.70, 115.70, 112.00, 115.24, 115.42, 114.29, 9282, 10.61, 167, 7255, 78.16
CSBBANK, EQ, 05-Aug-2026, 329.90, 333.00, 333.00, 325.00, 327.50, 326.55, 328.55, 222007, 729.41, 6349, 129796, 58.46
CSLFINANCE, EQ, 05-Aug-2026, 216.40, 219.69, 220.70, 217.08, 218.90, 217.99, 218.70, 8182, 17.89, 196, 5894, 72.04
CSM, EQ, 05-Aug-2026, 100.38, 101.99, 102.00, 100.09, 100.55, 100.94, 100.93, 134754, 136.01, 1852, 95367, 70.77
CSSL, SM, 05-Aug-2026, 98.65, 98.00, 106.00, 96.00, 104.00, 104.00, 103.62, 58000, 60.10, 55, 46000, 79.31
CTE, EQ, 05-Aug-2026, 39.82, 38.25, 40.98, 37.83, 38.00, 37.93, 38.93, 32231, 12.55, 297, 26184, 81.24
CUB, EQ, 05-Aug-2026, 201.47, 201.49, 205.68, 201.49, 204.00, 204.56, 203.24, 3142532, 6386.88, 46537, 1776109, 56.52
CUBEINVIT, IV, 05-Aug-2026, 157.82, 157.82, 158.00, 157.02, 157.65, 157.81, 157.45, 374158, 589.13, 14745, 295266, 78.91
CUBEXTUB, EQ, 05-Aug-2026, 78.53, 79.87, 79.90, 77.00, 78.28, 78.12, 78.29, 44846, 35.11, 616, 29206, 65.13
CUDML, ST, 05-Aug-2026, 137.55, 137.00, 137.00, 137.00, 137.00, 137.00, 137.00, 1000, 1.37, 1, 1000, 100.00
CUMMINSIND, EQ, 05-Aug-2026, 5550.00, 5568.50, 5593.50, 5345.00, 5440.00, 5440.00, 5449.62, 594556, 32401.06, 66603, 246678, 41.49
CUPID, EQ, 05-Aug-2026, 237.99, 240.00, 254.00, 240.00, 252.90, 252.11, 248.30, 48743248, 121027.11, 202825, 13934596, 28.59
CURAA, EQ, 05-Aug-2026, 77.70, 77.70, 77.70, 71.99, 72.00, 72.00, 73.81, 484, 0.36, 31, 351, 72.52
CURRENT, SM, 05-Aug-2026, 101.45, 102.45, 102.45, 102.45, 102.45, 102.45, 102.45, 1600, 1.64, 1, 1600, 100.00
CYBERMEDIA, BE, 05-Aug-2026, 15.70, 15.70, 16.00, 15.69, 15.93, 15.93, 15.72, 16645, 2.62, 30, -, -
CYBERTECH, BE, 05-Aug-2026, 139.35, 139.99, 141.95, 137.00, 138.50, 138.32, 138.69, 13122, 18.20, 224, -, -
CYIENT, EQ, 05-Aug-2026, 867.60, 875.00, 875.00, 862.80, 864.05, 864.55, 868.02, 169072, 1467.58, 13853, 99218, 58.68
CYIENTDLM, EQ, 05-Aug-2026, 667.50, 668.55, 687.90, 660.05, 660.05, 664.85, 671.17, 333710, 2239.76, 16724, 138788, 41.59
DABUR, EQ, 05-Aug-2026, 409.65, 412.00, 414.05, 406.90, 414.00, 414.00, 411.14, 3045910, 12522.92, 37720, 1601053, 52.56
DAICHI, BE, 05-Aug-2026, 318.85, 318.80, 318.80, 310.05, 318.80, 318.80, 318.64, 2496, 7.95, 26, -, -
DALBHARAT, EQ, 05-Aug-2026, 1827.00, 1839.00, 1850.00, 1811.40, 1838.10, 1838.10, 1837.32, 97491, 1791.22, 6664, 44705, 45.86
DALMIASUG, EQ, 05-Aug-2026, 412.75, 419.00, 419.00, 390.00, 391.80, 393.30, 402.11, 622975, 2505.07, 12987, 151059, 24.25
DAMCAPITAL, EQ, 05-Aug-2026, 153.14, 155.70, 155.70, 152.80, 152.80, 153.41, 153.82, 156512, 240.75, 2958, 84265, 53.84
DAMODARIND, BE, 05-Aug-2026, 28.05, 28.05, 28.05, 28.05, 28.05, 28.05, 28.05, 843, 0.24, 8, -, -
DANGEE, EQ, 05-Aug-2026, 3.02, 3.09, 3.10, 2.97, 2.97, 2.99, 3.03, 58491, 1.77, 102, 22832, 39.04
DANISH, SM, 05-Aug-2026, 810.55, 807.50, 834.00, 807.05, 827.00, 826.75, 823.70, 14850, 122.32, 77, 11400, 76.77
DATAMATICS, EQ, 05-Aug-2026, 840.35, 849.90, 887.55, 845.00, 876.00, 877.15, 871.32, 295610, 2575.71, 11461, 118116, 39.96
DATAPATTNS, EQ, 05-Aug-2026, 4554.70, 4560.00, 4560.00, 4420.00, 4429.00, 4446.60, 4477.59, 520422, 23302.35, 37893, 151937, 29.19
DAVANGERE, EQ, 05-Aug-2026, 3.08, 3.10, 3.14, 3.08, 3.14, 3.12, 3.11, 2882949, 89.60, 1684, 1945154, 67.47
DBCORP, EQ, 05-Aug-2026, 210.18, 209.50, 212.70, 207.85, 207.85, 210.19, 211.38, 164383, 347.47, 3545, 108509, 66.01
DBEIL, BE, 05-Aug-2026, 7.39, 7.49, 7.52, 7.05, 7.31, 7.27, 7.21, 228591, 16.49, 386, -, -
DBL, EQ, 05-Aug-2026, 467.25, 470.00, 474.70, 456.40, 458.00, 458.45, 463.00, 355302, 1645.05, 12204, 154975, 43.62
DBOL, EQ, 05-Aug-2026, 108.15, 111.80, 114.87, 110.11, 111.90, 112.27, 112.37, 216302, 243.07, 2407, 126431, 58.45
DBREALTY, BE, 05-Aug-2026, 112.92, 113.10, 113.99, 110.20, 112.00, 112.04, 112.03, 436565, 489.07, 1320, -, -
DBSTOCKBRO, BE, 05-Aug-2026, 33.50, 33.10, 33.99, 32.01, 33.50, 33.49, 33.07, 21933, 7.25, 58, -, -
DCAL, EQ, 05-Aug-2026, 188.24, 187.70, 200.00, 187.70, 193.31, 195.43, 194.82, 506628, 986.99, 8572, 267408, 52.78
DCBBANK, EQ, 05-Aug-2026, 191.80, 191.50, 193.96, 188.20, 189.00, 189.12, 190.81, 857059, 1635.35, 10600, 406987, 47.49
DCG, SM, 05-Aug-2026, 53.50, 55.60, 56.00, 55.00, 55.90, 55.90, 55.72, 20400, 11.37, 17, 19200, 94.12
DCI, EQ, 05-Aug-2026, 340.35, 341.00, 367.00, 341.00, 349.00, 350.20, 354.42, 111759, 396.09, 3818, 46240, 41.37
DCM, BE, 05-Aug-2026, 82.00, 83.20, 83.40, 80.00, 83.40, 82.58, 81.86, 4974, 4.07, 59, -, -
DCMFINSERV, EQ, 05-Aug-2026, 5.26, 5.78, 5.78, 5.27, 5.31, 5.36, 5.51, 16458, 0.91, 74, 6468, 39.30
DCMNVL, BE, 05-Aug-2026, 149.69, 153.70, 157.17, 151.00, 157.17, 156.76, 156.09, 16279, 25.41, 128, -, -
DCMSHRIRAM, EQ, 05-Aug-2026, 1026.70, 1045.00, 1045.00, 1006.50, 1013.80, 1010.00, 1019.67, 77560, 790.86, 6790, 35945, 46.34
DCMSIL, BE, 05-Aug-2026, 78.16, 77.40, 82.06, 77.40, 82.06, 81.83, 80.20, 72730, 58.33, 379, -, -
DCMSRIND, EQ, 05-Aug-2026, 44.15, 44.60, 44.70, 43.20, 43.20, 43.70, 43.98, 178387, 78.45, 1846, 102413, 57.41
DCW, EQ, 05-Aug-2026, 46.69, 46.98, 47.15, 46.32, 46.50, 46.56, 46.70, 485324, 226.62, 2317, 212237, 43.73
DCXINDIA, EQ, 05-Aug-2026, 180.06, 180.99, 183.25, 179.11, 180.30, 180.17, 180.81, 238565, 431.35, 4231, 120318, 50.43
DDEVPLSTIK, EQ, 05-Aug-2026, 283.90, 283.10, 290.00, 283.10, 288.00, 288.40, 286.63, 101386, 290.60, 2477, 57268, 56.49
DECCANCE, EQ, 05-Aug-2026, 583.35, 577.35, 582.55, 568.60, 575.00, 571.20, 574.22, 27405, 157.36, 746, 22027, 80.38
DECNGOLD, EQ, 05-Aug-2026, 199.45, 201.99, 202.70, 196.50, 199.09, 199.03, 199.75, 758306, 1514.74, 7762, 365706, 48.23
DEEDEV, BE, 05-Aug-2026, 657.75, 624.90, 676.00, 624.90, 670.00, 665.90, 638.95, 374668, 2393.94, 3459, -, -
DEEPAKFERT, EQ, 05-Aug-2026, 1599.10, 1608.50, 1638.60, 1585.00, 1590.00, 1594.40, 1606.45, 359591, 5776.66, 17122, 121083, 33.67
DEEPAKNTR, EQ, 05-Aug-2026, 1717.70, 1845.00, 1851.00, 1712.20, 1724.00, 1736.70, 1773.66, 3771929, 66901.21, 168197, 1158896, 30.72
DEEPINDS, EQ, 05-Aug-2026, 654.00, 653.35, 654.10, 639.00, 641.95, 643.60, 644.82, 538428, 3471.87, 15198, 225052, 41.80
DEFENCE, EQ, 05-Aug-2026, 79.21, 80.24, 80.79, 78.78, 78.88, 78.99, 79.06, 164705, 130.22, 601, 150297, 91.25
DELAPLEX, SM, 05-Aug-2026, 95.50, 94.00, 95.00, 88.00, 89.60, 88.50, 89.82, 31200, 28.02, 45, 28200, 90.38
DELHIVERY, EQ, 05-Aug-2026, 482.00, 475.15, 476.75, 466.85, 470.25, 470.25, 470.59, 2880682, 13556.28, 35595, 1396887, 48.49
DELPHIFX, BE, 05-Aug-2026, 6.80, 6.95, 6.95, 6.70, 6.90, 6.89, 6.82, 69990, 4.77, 133, -, -
DELTACORP, EQ, 05-Aug-2026, 63.75, 64.39, 64.54, 63.39, 63.40, 63.52, 63.85, 453914, 289.80, 2998, 210539, 46.38
DELTAMAGNT, EQ, 05-Aug-2026, 57.50, 59.49, 59.49, 56.77, 58.00, 57.15, 58.08, 3576, 2.08, 65, 2219, 62.05
DELTIC, SM, 05-Aug-2026, 35.20, 35.20, 36.00, 34.05, 34.85, 35.15, 35.06, 33000, 11.57, 21, 24000, 72.73
DEN, EQ, 05-Aug-2026, 27.42, 27.49, 27.74, 27.30, 27.60, 27.44, 27.48, 208004, 57.17, 977, 117730, 56.60
DENEERS, SM, 05-Aug-2026, 182.00, 181.00, 186.85, 174.00, 176.00, 176.35, 177.95, 30000, 53.38, 49, 15600, 52.00
DENORA, EQ, 05-Aug-2026, 880.05, 887.70, 897.95, 880.05, 893.00, 885.25, 890.00, 2359, 21.00, 221, 1947, 82.53
DENTA, EQ, 05-Aug-2026, 364.25, 362.85, 366.85, 344.80, 349.00, 350.45, 353.47, 321630, 1136.86, 9727, 150482, 46.79
DENTALKART, SM, 05-Aug-2026, 380.00, 380.00, 390.00, 379.45, 387.00, 388.00, 383.52, 5250, 20.13, 19, 4500, 85.71
DEVIT, EQ, 05-Aug-2026, 27.47, 27.15, 27.99, 27.00, 27.32, 27.13, 27.27, 21414, 5.84, 295, 15179, 70.88
DEVX, EQ, 05-Aug-2026, 33.95, 33.99, 34.20, 33.80, 34.00, 33.94, 34.07, 58039, 19.77, 998, 55322, 95.32
DEVYANI, EQ, 05-Aug-2026, 119.75, 119.75, 126.00, 119.11, 124.75, 125.09, 123.70, 9729426, 12035.52, 57078, 4758028, 48.90
DGCONTENT, EQ, 05-Aug-2026, 23.88, 23.24, 26.10, 23.24, 25.55, 26.01, 25.74, 148652, 38.27, 279, 137327, 92.38
DHAMPURSUG, EQ, 05-Aug-2026, 151.38, 151.50, 154.43, 147.76, 149.18, 149.30, 150.47, 326829, 491.80, 5889, 121251, 37.10
DHANBANK, EQ, 05-Aug-2026, 32.15, 32.50, 32.99, 32.26, 32.61, 32.70, 32.56, 670942, 218.43, 1753, 408408, 60.87
DHANLAXMI, SM, 05-Aug-2026, 26.00, 26.05, 26.05, 26.05, 26.05, 26.05, 26.05, 2000, 0.52, 1, 2000, 100.00
DHANUKA, EQ, 05-Aug-2026, 1008.10, 1019.00, 1019.00, 1001.40, 1005.20, 1005.50, 1006.16, 20380, 205.05, 1789, 11937, 58.57
DHARAN, BZ, 05-Aug-2026, 0.16, 0.16, 0.17, 0.15, 0.16, 0.15, 0.16, 17077462, 27.82, 1838, -, -
DHARARAIL, ST, 05-Aug-2026, 137.00, 137.00, 143.00, 137.00, 143.00, 143.00, 140.83, 11000, 15.49, 10, 10000, 90.91
DHARIWAL, SM, 05-Aug-2026, 22.35, 20.15, 20.15, 20.15, 20.15, 20.15, 20.15, 108000, 21.76, 30, 108000, 100.00
DHARMAJ, EQ, 05-Aug-2026, 267.85, 267.40, 274.20, 267.40, 270.05, 270.25, 271.39, 17547, 47.62, 1038, 12476, 71.10
DHRUV, BE, 05-Aug-2026, 25.49, 25.61, 25.61, 24.90, 25.40, 25.40, 25.11, 2786, 0.70, 39, -, -
DHTL, SM, 05-Aug-2026, 33.90, 32.25, 32.25, 32.25, 32.25, 32.25, 32.25, 1600, 0.52, 2, 1600, 100.00
DHUNINV, EQ, 05-Aug-2026, 884.95, 884.95, 907.70, 865.00, 890.20, 890.25, 892.69, 785, 7.01, 90, 497, 63.31
DIACABS, BE, 05-Aug-2026, 316.40, 311.10, 332.20, 309.00, 332.20, 332.20, 325.37, 2013032, 6549.78, 14623, -, -
DIAMINESQ, EQ, 05-Aug-2026, 239.82, 240.00, 287.60, 239.00, 261.00, 262.79, 271.31, 237401, 644.09, 6527, 52464, 22.10
DIAMONDYD, EQ, 05-Aug-2026, 1171.50, 1177.00, 1192.80, 1151.60, 1178.80, 1174.20, 1170.21, 270599, 3166.59, 2691, 260589, 96.30
DICIND, EQ, 05-Aug-2026, 513.35, 503.15, 514.95, 503.15, 514.95, 514.95, 510.12, 231, 1.18, 10, 227, 98.27
DIFFNKG, EQ, 05-Aug-2026, 423.70, 430.90, 430.95, 420.90, 425.00, 424.20, 425.36, 81924, 348.47, 2369, 45636, 55.71
DIGIDRIVE, EQ, 05-Aug-2026, 18.10, 17.71, 18.50, 17.71, 17.82, 17.84, 18.25, 57574, 10.51, 181, 48317, 83.92
DIGIKORE, SM, 05-Aug-2026, 41.95, 40.60, 44.70, 40.15, 43.05, 41.80, 41.67, 46400, 19.33, 81, 29200, 62.93
DIGISPICE, BE, 05-Aug-2026, 17.18, 17.09, 17.28, 16.70, 16.99, 16.98, 17.05, 143833, 24.53, 276, -, -
DIGITIDE, EQ, 05-Aug-2026, 98.48, 105.40, 105.40, 97.28, 99.99, 99.16, 100.89, 395260, 398.78, 3770, 88321, 22.35
DIGJAMLMTD, EQ, 05-Aug-2026, 48.90, 48.00, 49.80, 47.60, 48.27, 48.65, 48.28, 4495, 2.17, 57, 3702, 82.36
DIRL, SM, 05-Aug-2026, 11.35, 10.85, 10.85, 10.85, 10.85, 10.85, 10.85, 6000, 0.65, 1, 6000, 100.00
DISAQ, EQ, 05-Aug-2026, 12470.00, 12470.00, 12470.00, 12143.00, 12250.00, 12199.00, 12235.14, 334, 40.87, 255, 184, 55.09
DISHTV, BE, 05-Aug-2026, 2.83, 2.83, 2.85, 2.80, 2.83, 2.81, 2.83, 665767, 18.84, 688, -, -
DIVGIITTS, EQ, 05-Aug-2026, 961.35, 962.00, 1008.00, 962.00, 1003.00, 1002.20, 989.36, 53346, 527.79, 4139, 30164, 56.54
DIVIDEND, EQ, 05-Aug-2026, 36.52, 36.67, 36.77, 36.51, 36.67, 36.67, 36.60, 6849, 2.51, 55, 6103, 89.11
DIVINEHIRA, ST, 05-Aug-2026, 107.00, 107.50, 108.50, 107.00, 108.00, 108.00, 107.64, 8400, 9.04, 7, 6000, 71.43
DIVISLAB, EQ, 05-Aug-2026, 8378.00, 8389.50, 8441.00, 8333.00, 8388.00, 8388.00, 8386.31, 316801, 26567.92, 38762, 185373, 58.51
DIVOPPBEES, EQ, 05-Aug-2026, 79.25, 79.59, 80.23, 79.00, 79.39, 79.67, 79.58, 89149, 70.95, 735, 61065, 68.50
DIVYADHAN, ST, 05-Aug-2026, 55.85, 54.75, 54.75, 54.75, 54.75, 54.75, 54.75, 4000, 2.19, 2, 4000, 100.00
DIXON, EQ, 05-Aug-2026, 13988.00, 14055.00, 14395.00, 14023.00, 14310.00, 14310.00, 14274.33, 445064, 63529.90, 55545, 143432, 32.23
DJML, EQ, 05-Aug-2026, 110.75, 112.98, 116.00, 100.25, 105.40, 105.05, 107.57, 1734711, 1865.95, 18431, 177874, 10.25
DKEGL, SM, 05-Aug-2026, 66.00, 66.05, 66.05, 66.05, 66.05, 66.05, 66.05, 1500, 0.99, 1, 1500, 100.00
DLF, EQ, 05-Aug-2026, 643.40, 651.15, 665.80, 649.00, 649.10, 649.10, 659.94, 4904292, 32365.55, 108202, 1489248, 30.37
DLINKINDIA, EQ, 05-Aug-2026, 441.30, 442.00, 448.00, 441.00, 445.95, 447.00, 445.33, 67957, 302.64, 2726, 33780, 49.71
DMART, EQ, 05-Aug-2026, 4023.00, 4018.00, 4018.50, 3946.00, 3946.00, 3946.00, 3985.15, 347773, 13859.27, 23965, 185886, 53.45
DMCC, EQ, 05-Aug-2026, 281.65, 284.50, 289.00, 276.95, 282.00, 284.50, 284.69, 88257, 251.26, 1732, 39061, 44.26
DNAMEDIA, EQ, 05-Aug-2026, 2.86, 2.86, 2.99, 2.76, 2.83, 2.79, 2.83, 204365, 5.79, 202, 181063, 88.60
DODLA, EQ, 05-Aug-2026, 1043.70, 1039.30, 1048.30, 1035.60, 1046.00, 1044.60, 1042.78, 13843, 144.35, 4524, 8152, 58.89
DOLATALGO, EQ, 05-Aug-2026, 67.90, 68.10, 69.72, 67.00, 67.64, 67.65, 68.54, 115819, 79.38, 1742, 74694, 64.49
DOLLAR, EQ, 05-Aug-2026, 271.10, 275.20, 276.30, 270.00, 272.00, 272.45, 273.47, 125220, 342.43, 2253, 62320, 49.77
DOLLEX, SM, 05-Aug-2026, 30.45, 30.25, 30.55, 30.00, 30.55, 30.50, 30.36, 196000, 59.51, 22, 192000, 97.96
DOLPHIN, EQ, 05-Aug-2026, 402.40, 407.90, 411.40, 394.60, 406.10, 402.20, 406.10, 11760, 47.76, 520, 8217, 69.87
DOMS, EQ, 05-Aug-2026, 2253.10, 2263.60, 2284.20, 2226.00, 2252.00, 2250.50, 2245.42, 54190, 1216.79, 6242, 24428, 45.08
DONEAR, EQ, 05-Aug-2026, 85.24, 84.13, 85.55, 84.13, 85.25, 84.99, 84.91, 6086, 5.17, 142, 4983, 81.88
DPABHUSHAN, EQ, 05-Aug-2026, 1486.60, 1497.00, 1512.90, 1464.30, 1490.00, 1495.20, 1491.60, 37145, 554.06, 3344, 13546, 36.47
DPEL, SM, 05-Aug-2026, 547.30, 550.55, 550.55, 542.00, 542.00, 542.50, 546.54, 26500, 144.83, 52, 12500, 47.17
DPSCLTD, BE, 05-Aug-2026, 7.42, 7.63, 7.63, 7.40, 7.50, 7.42, 7.45, 57028, 4.25, 326, -, -
DPWIRES, BE, 05-Aug-2026, 169.56, 171.00, 171.00, 165.51, 166.15, 166.35, 167.28, 6438, 10.77, 175, -, -
DRAGARWQ, EQ, 05-Aug-2026, 5081.00, 5171.00, 5248.00, 5010.50, 5238.50, 5197.00, 5138.46, 2161, 111.04, 435, 1422, 65.80
DRCSYSTEMS, EQ, 05-Aug-2026, 13.57, 13.69, 13.69, 13.32, 13.36, 13.34, 13.37, 19737, 2.64, 175, 16538, 83.79
DREAMFOLKS, EQ, 05-Aug-2026, 70.41, 71.70, 71.89, 69.01, 69.01, 69.16, 70.27, 58317, 40.98, 1313, 36808, 63.12
DREDGECORP, EQ, 05-Aug-2026, 1120.90, 1105.70, 1140.80, 1075.20, 1122.00, 1122.80, 1115.09, 287988, 3211.32, 17448, 101504, 35.25
DRONE, SM, 05-Aug-2026, 40.00, 41.40, 41.40, 39.55, 40.00, 40.05, 40.18, 20000, 8.04, 36, 14000, 70.00
DRREDDY, EQ, 05-Aug-2026, 1172.60, 1171.80, 1178.40, 1157.70, 1176.00, 1176.00, 1172.58, 1883679, 22087.73, 70836, 1146705, 60.88
DRSDILIP, SM, 05-Aug-2026, 110.00, 109.90, 109.90, 109.90, 109.90, 109.90, 109.90, 800, 0.88, 1, 800, 100.00
DSFCL, BE, 05-Aug-2026, 26.07, 26.30, 26.30, 25.55, 26.00, 26.00, 25.61, 62805, 16.09, 66, -, -
DSKULKARNI, BE, 05-Aug-2026, 9.48, 9.95, 9.95, 9.95, 9.95, 9.95, 9.95, 46, 0.00, 2, -, -
DSSL, EQ, 05-Aug-2026, 1238.60, 1230.00, 1246.90, 1230.00, 1245.00, 1243.30, 1242.01, 8395, 104.27, 968, 5849, 69.67
DTIL, EQ, 05-Aug-2026, 132.11, 132.75, 134.70, 131.50, 133.00, 133.50, 133.10, 5808, 7.73, 150, 3203, 55.15
DUCON, EQ, 05-Aug-2026, 2.91, 2.97, 3.01, 2.93, 2.97, 2.97, 2.97, 79874, 2.38, 253, 64631, 80.92
DUGLOBAL, SM, 05-Aug-2026, 26.15, 26.55, 28.75, 26.55, 28.75, 28.75, 27.65, 5000, 1.38, 2, 5000, 100.00
DURLAX, SM, 05-Aug-2026, 55.10, 55.15, 55.15, 55.10, 55.10, 55.10, 55.11, 10000, 5.51, 5, 10000, 100.00
DVL, EQ, 05-Aug-2026, 248.24, 249.60, 269.00, 249.00, 266.67, 264.00, 260.11, 42464, 110.45, 1290, 29530, 69.54
DWARKESH, EQ, 05-Aug-2026, 41.26, 41.60, 42.13, 40.07, 40.28, 40.31, 41.06, 955040, 392.11, 4617, 329204, 34.47
DYCL, EQ, 05-Aug-2026, 398.30, 405.70, 414.95, 402.05, 403.30, 405.60, 407.73, 433844, 1768.89, 11955, 146735, 33.82
DYNAMATECH, EQ, 05-Aug-2026, 10752.00, 10750.00, 11040.00, 10750.00, 11025.00, 10993.00, 10928.24, 13788, 1506.79, 4311, 7657, 55.53
DYNAMIC, ST, 05-Aug-2026, 139.45, 141.00, 143.95, 137.55, 143.95, 138.95, 138.93, 11000, 15.28, 17, 10000, 90.91
DYNPRO, EQ, 05-Aug-2026, 265.65, 260.00, 269.75, 258.00, 258.00, 261.50, 264.91, 4697, 12.44, 188, 3373, 71.81
E2E, EQ, 05-Aug-2026, 570.15, 574.00, 598.65, 562.50, 598.65, 598.65, 590.11, 2619172, 15455.94, 41286, 1002999, 38.29
E2ERAIL, ST, 05-Aug-2026, 275.00, 279.00, 282.95, 271.70, 278.70, 278.70, 277.61, 16800, 46.64, 21, 13600, 80.95
EASEMYTRIP, EQ, 05-Aug-2026, 6.59, 6.61, 6.64, 6.54, 6.60, 6.56, 6.58, 19692415, 1294.82, 7888, 8154386, 41.41
EASTSILK, BE, 05-Aug-2026, 60.01, 62.90, 63.01, 59.10, 59.16, 61.27, 62.39, 2293, 1.43, 31, -, -
EBANK10, EQ, 05-Aug-2026, 16.99, 17.01, 17.10, 16.95, 16.95, 16.95, 17.00, 19678, 3.35, 26, 9698, 49.28
EBANKNIFTY, EQ, 05-Aug-2026, 58.00, 58.00, 58.69, 58.00, 58.60, 58.60, 58.56, 1142, 0.67, 17, 1121, 98.16
EBBETF0430, EQ, 05-Aug-2026, 1611.70, 1605.17, 1620.17, 1605.17, 1614.50, 1616.61, 1614.83, 17914, 289.28, 632, 9810, 54.76
EBBETF0431, EQ, 05-Aug-2026, 1442.72, 1444.00, 1448.61, 1439.50, 1440.51, 1442.33, 1442.53, 8616, 124.29, 140, 6791, 78.82
EBBETF0433, EQ, 05-Aug-2026, 1312.80, 1318.60, 1318.60, 1312.10, 1315.00, 1317.54, 1316.13, 2283, 30.05, 117, 1749, 76.61
EBGNG, EQ, 05-Aug-2026, 508.45, 502.60, 533.85, 483.05, 533.85, 527.40, 500.57, 2350482, 11765.87, 37393, 916797, 39.00
ECAPINSURE, EQ, 05-Aug-2026, 23.66, 24.10, 24.16, 23.51, 23.87, 23.74, 23.79, 92756, 22.07, 586, 41870, 45.14
ECLERX, EQ, 05-Aug-2026, 1919.20, 1924.90, 1939.50, 1895.00, 1914.60, 1917.80, 1914.51, 99708, 1908.92, 9603, 42185, 42.31
ECOLINE, ST, 05-Aug-2026, 188.00, 191.00, 193.00, 187.50, 193.00, 192.15, 191.24, 15000, 28.69, 12, 15000, 100.00
ECOSMOBLTY, BE, 05-Aug-2026, 133.52, 135.50, 135.90, 132.00, 133.78, 133.21, 133.77, 29338, 39.25, 293, -, -
EDELWEISS, EQ, 05-Aug-2026, 117.68, 118.50, 121.45, 115.25, 118.11, 117.78, 119.48, 3796250, 4535.68, 24016, 1428833, 37.64
EEPL, SM, 05-Aug-2026, 101.20, 102.00, 102.05, 99.00, 99.50, 99.85, 100.57, 24000, 24.14, 24, 17000, 70.83
EFACTOR, SM, 05-Aug-2026, 178.00, 179.65, 186.75, 178.00, 186.00, 186.00, 182.94, 8400, 15.37, 19, 8400, 100.00
EFCIL, EQ, 05-Aug-2026, 191.15, 194.45, 194.45, 187.56, 189.94, 190.00, 190.15, 756935, 1439.27, 4581, 400035, 52.85
EFFWA, ST, 05-Aug-2026, 375.00, 375.00, 380.00, 374.25, 378.00, 378.75, 378.38, 12800, 48.43, 29, 12000, 93.75
EFORCE, SM, 05-Aug-2026, 21.25, 21.20, 21.90, 21.00, 21.00, 21.00, 21.25, 8400, 1.79, 7, 7200, 85.71
EGOLD, EQ, 05-Aug-2026, 141.40, 142.15, 145.05, 141.90, 143.90, 144.40, 144.39, 320056, 462.12, 255, 315749, 98.65
EICHERMOT, EQ, 05-Aug-2026, 7935.00, 7960.00, 8019.00, 7905.50, 7986.50, 7986.50, 7976.46, 424429, 33854.40, 42547, 253682, 59.77
EIDPARRY, EQ, 05-Aug-2026, 803.10, 807.50, 827.70, 792.00, 823.00, 823.15, 812.88, 685743, 5574.24, 28339, 366525, 53.45
EIEL, EQ, 05-Aug-2026, 224.48, 226.10, 228.39, 216.84, 218.48, 218.06, 220.44, 1566079, 3452.27, 14110, 744198, 47.52
EIFFL, BE, 05-Aug-2026, 284.15, 269.95, 269.95, 269.95, 269.95, 269.95, 269.95, 9899, 26.72, 70, -, -
EIHAHOTELS, EQ, 05-Aug-2026, 315.75, 316.80, 316.80, 305.05, 309.25, 309.40, 309.76, 35240, 109.16, 1864, 16656, 47.26
EIHOTEL, EQ, 05-Aug-2026, 327.10, 327.10, 330.70, 326.85, 327.20, 328.00, 328.46, 59456, 195.29, 3202, 32677, 54.96
EIMCOELECO, EQ, 05-Aug-2026, 1873.80, 1879.80, 1898.40, 1800.00, 1813.00, 1814.30, 1834.44, 27333, 501.41, 3008, 12766, 46.71
EKC, EQ, 05-Aug-2026, 109.04, 109.20, 110.86, 108.40, 109.80, 109.53, 109.65, 83280, 91.31, 1553, 44345, 53.25
ELANTAS, EQ, 05-Aug-2026, 9873.00, 11299.00, 11847.50, 10728.00, 11847.50, 11847.50, 11436.02, 40039, 4578.87, 9867, 12670, 31.64
ELCIDIN, EQ, 05-Aug-2026, 110915.00, 112300.00, 113100.00, 109005.00, 112860.00, 112860.00, 111848.60, 25, 27.96, 25, 16, 64.00
ELDEHSG, EQ, 05-Aug-2026, 782.20, 794.90, 794.90, 773.70, 790.70, 774.60, 775.24, 129, 1.00, 12, 128, 99.22
ELECON, EQ, 05-Aug-2026, 429.55, 433.20, 442.50, 431.45, 437.70, 435.30, 437.49, 420022, 1837.55, 18637, 190702, 45.40
ELECTCAST, EQ, 05-Aug-2026, 71.57, 72.00, 74.15, 71.02, 72.22, 71.99, 72.77, 1338949, 974.38, 8565, 628156, 46.91
ELECTHERM, EQ, 05-Aug-2026, 1010.00, 975.00, 1064.80, 961.40, 1001.00, 1007.80, 1039.51, 91552, 951.69, 4038, 65435, 71.47
ELGIEQUIP, EQ, 05-Aug-2026, 591.20, 595.00, 599.70, 580.00, 580.00, 584.10, 588.99, 337840, 1989.85, 33925, 202369, 59.90
ELGIRUBCO, EQ, 05-Aug-2026, 58.48, 59.06, 63.95, 59.06, 61.70, 62.70, 62.63, 209634, 131.29, 1827, 118457, 56.51
ELGNZ, SM, 05-Aug-2026, 101.00, 105.80, 105.90, 101.00, 101.00, 101.00, 103.43, 4000, 4.14, 4, 4000, 100.00
ELIN, EQ, 05-Aug-2026, 101.49, 103.94, 103.94, 101.05, 101.50, 101.76, 102.05, 91840, 93.73, 1182, 45051, 49.05
ELIQUID, EQ, 05-Aug-2026, 1042.17, 1042.30, 1042.32, 1042.30, 1042.30, 1042.30, 1042.31, 32319, 336.86, 21, 24130, 74.66
ELITECON, EQ, 05-Aug-2026, 18.89, 19.20, 20.53, 17.85, 19.05, 19.00, 18.98, 8106349, 1538.89, 20762, 2687503, 33.15
ELLEN, EQ, 05-Aug-2026, 282.15, 285.00, 285.65, 278.30, 284.00, 280.95, 281.56, 240160, 676.20, 4799, 137277, 57.16
ELM250, EQ, 05-Aug-2026, 16.84, 16.88, 17.03, 16.60, 17.00, 16.72, 16.84, 39988, 6.73, 228, 25552, 63.90
ELMDIV, EQ, 05-Aug-2026, 36.68, 37.15, 37.15, 36.80, 37.00, 37.04, 36.87, 3904391, 1439.55, 187, 3901345, 99.92
ELPROINTL, EQ, 05-Aug-2026, 178.90, 178.29, 179.19, 178.00, 178.65, 178.58, 178.51, 156248, 278.92, 414, 145237, 92.95
EMAMILTD, EQ, 05-Aug-2026, 391.80, 397.55, 405.25, 395.40, 403.00, 402.35, 401.13, 1202074, 4821.83, 39504, 707304, 58.84
EMAMIPAP, BE, 05-Aug-2026, 113.12, 112.01, 116.00, 107.47, 112.30, 111.88, 112.43, 36626, 41.18, 370, -, -
EMAMIREAL, BE, 05-Aug-2026, 77.10, 78.00, 79.50, 77.00, 79.49, 79.01, 79.29, 6586, 5.22, 38, -, -
EMAPARTNER, SM, 05-Aug-2026, 81.15, 79.00, 82.85, 77.50, 82.85, 82.85, 79.29, 18000, 14.27, 16, 8000, 44.44
EMBASSY, RR, 05-Aug-2026, 440.35, 440.35, 440.80, 436.00, 436.40, 436.84, 437.44, 327539, 1432.80, 31182, 255997, 78.16
EMBDL, EQ, 05-Aug-2026, 61.12, 61.49, 61.80, 60.79, 60.82, 61.11, 61.14, 1309837, 800.86, 5927, 663631, 50.67
EMCURE, EQ, 05-Aug-2026, 1978.10, 1985.00, 2009.20, 1950.00, 1950.00, 1959.00, 1971.24, 178885, 3526.24, 17429, 84896, 47.46
EMETAL, EQ, 05-Aug-2026, 13.06, 13.12, 13.28, 13.06, 13.28, 13.16, 13.16, 24279, 3.19, 39, 21878, 90.11
EMIL, EQ, 05-Aug-2026, 133.17, 136.00, 149.25, 136.00, 148.50, 147.56, 143.95, 16769783, 24140.15, 117197, 4842776, 28.88
EMKAY, EQ, 05-Aug-2026, 247.05, 250.00, 256.39, 247.50, 250.50, 249.79, 250.68, 17422, 43.67, 988, 9479, 54.41
EMKAYTOOLS, SM, 05-Aug-2026, 89.00, 94.80, 94.80, 90.20, 91.00, 91.00, 92.16, 750, 0.69, 5, 150, 20.00
EMMBI, BE, 05-Aug-2026, 86.97, 85.00, 87.49, 85.00, 86.99, 86.99, 86.48, 7614, 6.58, 51, -, -
EMMIL, SM, 05-Aug-2026, 121.15, 121.00, 125.80, 120.00, 125.70, 125.60, 122.66, 9250, 11.35, 22, 7750, 83.78
EMMVEE, EQ, 05-Aug-2026, 323.50, 324.75, 329.00, 320.10, 324.00, 324.60, 326.12, 962893, 3140.21, 24841, 437615, 45.45
EMPOWER, BE, 05-Aug-2026, 2.69, 2.70, 2.72, 2.68, 2.70, 2.68, 2.70, 4969735, 134.11, 3051, -, -
EMSLIMITED, EQ, 05-Aug-2026, 408.60, 410.00, 419.00, 405.00, 407.00, 406.80, 409.84, 158402, 649.19, 5065, 55156, 34.82
EMUDHRA, EQ, 05-Aug-2026, 514.00, 516.55, 525.00, 506.35, 524.80, 523.15, 516.53, 312836, 1615.90, 14992, 159064, 50.85
EMULTIMQ, EQ, 05-Aug-2026, 41.55, 41.75, 41.75, 41.36, 41.60, 41.59, 41.57, 25116, 10.44, 188, 21397, 85.19
ENCOMPAS, SM, 05-Aug-2026, 252.95, 256.00, 257.75, 253.30, 254.45, 254.05, 255.58, 2400, 6.13, 6, 2400, 100.00
ENDURANCE, EQ, 05-Aug-2026, 2838.70, 2860.00, 2904.10, 2846.00, 2889.70, 2893.40, 2883.42, 155124, 4472.88, 19631, 71081, 45.82
ENERGY, EQ, 05-Aug-2026, 38.95, 39.35, 39.35, 38.84, 39.00, 38.91, 38.98, 174788, 68.14, 980, 125850, 72.00
ENERGYDEV, EQ, 05-Aug-2026, 16.65, 17.29, 17.29, 16.65, 16.67, 16.69, 16.74, 22937, 3.84, 255, 20164, 87.91
ENEXT50, EQ, 05-Aug-2026, 74.00, 74.00, 74.80, 73.95, 74.40, 74.40, 74.12, 409, 0.30, 12, 297, 72.62
ENFUSE, SM, 05-Aug-2026, 164.00, 170.00, 170.00, 160.00, 165.00, 165.00, 163.44, 10800, 17.65, 15, 9000, 83.33
ENGINERSIN, EQ, 05-Aug-2026, 224.89, 226.45, 241.90, 226.45, 240.20, 240.27, 236.61, 8574870, 20288.83, 77958, 2971686, 34.66
ENIFTY, EQ, 05-Aug-2026, 24.27, 23.66, 24.93, 23.66, 24.90, 24.79, 24.78, 4285, 1.06, 61, 3790, 88.45
ENIL, EQ, 05-Aug-2026, 109.60, 108.10, 110.95, 108.04, 109.00, 109.26, 109.35, 15561, 17.02, 320, 12380, 79.56
ENRIN, EQ, 05-Aug-2026, 3310.30, 3340.00, 3365.00, 3250.10, 3278.00, 3289.80, 3300.36, 378956, 12506.91, 34437, 171317, 45.21
ENSER, SM, 05-Aug-2026, 15.10, 15.80, 15.90, 15.40, 15.50, 15.65, 15.57, 60000, 9.34, 12, 50000, 83.33
ENTERO, EQ, 05-Aug-2026, 1231.20, 1249.70, 1279.20, 1235.00, 1260.00, 1258.80, 1258.17, 191815, 2413.35, 16137, 104901, 54.69
ENVIRO, SM, 05-Aug-2026, 75.80, 76.00, 77.75, 75.80, 77.70, 77.70, 76.98, 16000, 12.32, 16, 10000, 62.50
EPACK, EQ, 05-Aug-2026, 231.13, 232.32, 233.10, 229.00, 229.00, 229.57, 230.94, 300500, 693.98, 3553, 170822, 56.85
EPACKPEB, EQ, 05-Aug-2026, 260.35, 262.00, 266.80, 254.80, 256.00, 255.75, 260.74, 1103124, 2876.33, 12307, 285352, 25.87
EPIGRAL, EQ, 05-Aug-2026, 1100.70, 1111.00, 1133.00, 1094.00, 1122.70, 1119.20, 1116.50, 79330, 885.72, 5728, 47057, 59.32
EPL, EQ, 05-Aug-2026, 227.71, 227.71, 230.59, 226.35, 229.89, 229.87, 228.29, 247584, 565.21, 9478, 154905, 62.57
EPWINDIA, ST, 05-Aug-2026, 235.00, 226.00, 246.75, 223.25, 246.75, 246.75, 234.44, 30000, 70.33, 24, 20400, 68.00
EQUAL200, EQ, 05-Aug-2026, 14.02, 14.09, 14.14, 14.06, 14.09, 14.09, 14.09, 94334, 13.29, 34, 89728, 95.12
EQUAL50, EQ, 05-Aug-2026, 339.49, 341.18, 342.13, 340.27, 340.50, 340.65, 341.41, 9906, 33.82, 45, 7566, 76.38
EQUAL50ADD, EQ, 05-Aug-2026, 349.78, 353.37, 353.37, 351.60, 352.98, 352.83, 352.32, 24521, 86.39, 261, 17838, 72.75
EQUIPPP, BE, 05-Aug-2026, 23.49, 22.90, 23.98, 22.90, 23.88, 23.92, 23.38, 16513, 3.86, 42, -, -
EQUITASBNK, EQ, 05-Aug-2026, 76.38, 76.78, 77.09, 75.50, 75.60, 75.76, 76.03, 1633622, 1242.07, 11908, 915707, 56.05
ERIS, EQ, 05-Aug-2026, 1373.00, 1383.00, 1386.00, 1365.00, 1375.00, 1375.10, 1374.18, 48727, 669.60, 4067, 31980, 65.63
ESABINDIA, EQ, 05-Aug-2026, 5637.50, 5669.00, 5712.00, 5605.00, 5621.00, 5654.00, 5650.34, 2501, 141.32, 1108, 1358, 54.30
ESAFSFB, EQ, 05-Aug-2026, 41.98, 42.01, 44.25, 41.51, 41.71, 41.72, 42.77, 5029074, 2150.98, 14430, 1669291, 33.19
ESCONET, SM, 05-Aug-2026, 129.10, 129.10, 132.00, 127.80, 132.00, 130.70, 129.85, 7200, 9.35, 18, 5600, 77.78
ESCORTS, EQ, 05-Aug-2026, 3101.20, 3115.00, 3127.80, 3085.00, 3085.00, 3089.20, 3099.39, 129193, 4004.20, 9708, 63021, 48.78
ESENSEX, EQ, 05-Aug-2026, 78.85, 79.90, 79.90, 78.70, 78.83, 78.83, 79.17, 1057, 0.84, 15, 850, 80.42
ESFL, SM, 05-Aug-2026, 114.30, 114.30, 115.00, 111.50, 112.00, 112.35, 113.36, 14400, 16.32, 37, 12960, 90.00
ESG, EQ, 05-Aug-2026, 42.17, 42.47, 42.60, 42.27, 42.35, 42.39, 42.41, 10797, 4.58, 82, 7492, 69.39
ESILVER, EQ, 05-Aug-2026, 216.09, 218.10, 223.27, 218.10, 222.82, 222.52, 221.69, 43913, 97.35, 997, 16278, 37.07
ESPRIT, SM, 05-Aug-2026, 66.75, 66.00, 66.00, 65.50, 65.50, 65.50, 65.75, 3200, 2.10, 2, 3200, 100.00
ESSARSHPNG, EQ, 05-Aug-2026, 20.04, 20.20, 20.84, 20.00, 20.00, 20.10, 20.25, 120686, 24.44, 602, 72497, 60.07
ESSENTIA, BE, 05-Aug-2026, 1.20, 1.26, 1.26, 1.26, 1.26, 1.26, 1.26, 346159, 4.36, 212, -, -
ESTER, EQ, 05-Aug-2026, 87.20, 88.00, 88.75, 87.10, 88.66, 88.20, 88.01, 46459, 40.89, 1055, 30692, 66.06
ETERNAL, EQ, 05-Aug-2026, 312.40, 313.90, 314.65, 309.50, 310.35, 310.35, 312.06, 12296275, 38372.11, 86570, 5666144, 46.08
ETHOSLTD, EQ, 05-Aug-2026, 2853.20, 2890.00, 2890.00, 2800.10, 2803.00, 2834.40, 2841.09, 93152, 2646.53, 15282, 20738, 22.26
ETL, SM, 05-Aug-2026, 980.00, 1000.00, 1000.00, 970.00, 970.00, 970.00, 980.02, 450, 4.41, 3, 450, 100.00
ETML, SM, 05-Aug-2026, 80.85, 81.90, 81.90, 81.85, 81.85, 81.85, 81.88, 2400, 1.97, 2, 2400, 100.00
EUREKAFORB, EQ, 05-Aug-2026, 464.00, 465.90, 482.20, 463.00, 469.50, 472.90, 474.74, 208048, 987.69, 8246, 116626, 56.06
EUROBOND, EQ, 05-Aug-2026, 163.90, 165.90, 166.78, 160.96, 161.51, 161.98, 162.07, 8517, 13.80, 268, 5905, 69.33
EUROPRATIK, EQ, 05-Aug-2026, 317.80, 320.00, 320.00, 310.10, 311.00, 311.95, 315.56, 192018, 605.92, 4855, 80455, 41.90
EUROTEXIND, BE, 05-Aug-2026, 12.94, 12.94, 12.94, 12.86, 12.86, 12.86, 12.94, 1030, 0.13, 3, -, -
EVEREADY, EQ, 05-Aug-2026, 354.20, 364.00, 364.00, 353.05, 360.00, 360.05, 359.95, 191197, 688.22, 5846, 104171, 54.48
EVERESTIND, BE, 05-Aug-2026, 464.80, 466.25, 480.00, 460.20, 469.90, 469.95, 470.62, 8127, 38.25, 145, -, -
EVIETF, EQ, 05-Aug-2026, 33.31, 33.40, 36.00, 33.40, 34.50, 33.98, 33.81, 236665, 80.02, 842, 156757, 66.24
EVINDIA, EQ, 05-Aug-2026, 33.33, 33.70, 33.85, 33.40, 33.72, 33.68, 33.73, 454441, 153.27, 2339, 368485, 81.09
EXCELINDUS, EQ, 05-Aug-2026, 1050.60, 1049.00, 1052.60, 1026.85, 1046.45, 1041.60, 1040.38, 4015, 41.77, 598, 2252, 56.09
EXCELSOFT, EQ, 05-Aug-2026, 81.72, 82.50, 84.45, 82.00, 84.20, 83.95, 83.29, 392418, 326.84, 4087, 181894, 46.35
EXICOM, EQ, 05-Aug-2026, 165.87, 166.00, 169.87, 164.18, 165.95, 166.54, 166.90, 865812, 1445.04, 8848, 310585, 35.87
EXIDEIND, EQ, 05-Aug-2026, 458.35, 460.00, 478.75, 458.90, 467.20, 467.00, 471.24, 8582256, 40443.20, 115723, 3615887, 42.13
EXIMROUTES, SM, 05-Aug-2026, 115.00, 119.00, 119.00, 114.00, 114.00, 114.00, 116.40, 4000, 4.66, 5, 4000, 100.00
EXPLEOSOL, EQ, 05-Aug-2026, 813.95, 818.45, 820.00, 808.80, 810.15, 811.70, 811.91, 10392, 84.37, 790, 6582, 63.34
EXXARO, EQ, 05-Aug-2026, 6.18, 6.21, 6.23, 6.12, 6.18, 6.17, 6.17, 89306, 5.51, 385, 67929, 76.06
FABTECH, EQ, 05-Aug-2026, 151.55, 152.77, 154.00, 150.36, 151.50, 151.88, 151.96, 80578, 122.44, 1454, 31863, 39.54
FACT, EQ, 05-Aug-2026, 842.30, 845.80, 851.40, 838.45, 841.00, 840.60, 844.20, 43645, 368.45, 4216, 14286, 32.73
FAIRCHEMOR, BE, 05-Aug-2026, 796.75, 780.85, 780.85, 780.85, 780.85, 780.85, 780.85, 12100, 94.48, 68, -, -
FALCONTECH, SM, 05-Aug-2026, 11.65, 11.90, 12.75, 11.50, 12.40, 12.30, 11.91, 25200, 3.00, 15, 7200, 28.57
FAZE3Q, EQ, 05-Aug-2026, 540.95, 541.00, 555.00, 541.00, 555.00, 550.95, 549.13, 11177, 61.38, 459, 9640, 86.25
FCL, EQ, 05-Aug-2026, 38.44, 38.55, 39.18, 38.35, 38.67, 38.65, 38.69, 3383214, 1309.02, 7950, 1265005, 37.39
FCSSOFT, EQ, 05-Aug-2026, 1.48, 1.49, 1.50, 1.48, 1.49, 1.48, 1.48, 770556, 11.44, 796, 554227, 71.93
FDC, EQ, 05-Aug-2026, 402.65, 403.20, 422.45, 381.10, 385.80, 387.55, 400.72, 2325803, 9319.88, 46180, 565859, 24.33
FEDDERSHOL, EQ, 05-Aug-2026, 41.75, 42.00, 42.80, 40.98, 42.47, 42.28, 41.60, 247297, 102.88, 1824, 94638, 38.27
FEDERALBNK, EQ, 05-Aug-2026, 362.45, 361.95, 361.95, 354.20, 356.45, 356.45, 356.57, 5018889, 17895.69, 59324, 3304575, 65.84
FEDFINA, EQ, 05-Aug-2026, 149.29, 150.28, 151.00, 148.65, 149.04, 149.31, 149.99, 608478, 912.65, 8298, 329492, 54.15
FEL, BZ, 05-Aug-2026, 0.37, 0.37, 0.38, 0.36, 0.38, 0.37, 0.37, 141053, 0.52, 135, -, -
FELDVR, BZ, 05-Aug-2026, 2.48, 2.45, 2.45, 2.39, 2.45, 2.45, 2.40, 555, 0.01, 9, -, -
FELIX, SM, 05-Aug-2026, 181.75, 181.75, 185.20, 180.30, 181.80, 181.70, 182.38, 29000, 52.89, 48, 17500, 60.34
FERMENTA, EQ, 05-Aug-2026, 547.05, 549.35, 564.80, 529.00, 548.00, 551.10, 552.25, 272602, 1505.45, 14100, 93785, 34.40
FIBERWEB, EQ, 05-Aug-2026, 29.05, 30.49, 30.49, 28.90, 29.74, 29.73, 29.62, 12251, 3.63, 132, 7377, 60.22
FICRF3GP, MF, 05-Aug-2026, 511.00, 535.00, 535.00, 535.00, 535.00, 535.00, 535.00, 1, 0.01, 1, 1, 100.00
FIDEL, SM, 05-Aug-2026, 139.00, 136.00, 139.80, 131.00, 136.50, 136.50, 134.83, 26000, 35.06, 26, 15000, 57.69
FIEMIND, EQ, 05-Aug-2026, 2324.50, 2349.40, 2510.00, 2336.40, 2499.00, 2498.00, 2477.08, 384453, 9523.20, 34135, 124523, 32.39
FILATEX, EQ, 05-Aug-2026, 77.92, 78.52, 82.45, 78.01, 81.08, 81.36, 80.97, 8291793, 6714.28, 34983, 2827575, 34.10
FILATFASH, BE, 05-Aug-2026, 0.18, 0.19, 0.19, 0.18, 0.19, 0.18, 0.19, 10702772, 19.89, 1702, -, -
FINBUD, SM, 05-Aug-2026, 143.60, 144.00, 144.00, 138.00, 139.55, 138.80, 140.83, 43000, 60.56, 37, 24000, 55.81
FINCABLES, EQ, 05-Aug-2026, 993.25, 995.50, 1012.90, 994.00, 1005.00, 1003.35, 1004.28, 270952, 2721.12, 25012, 134081, 49.49
FINEORG, EQ, 05-Aug-2026, 4929.50, 4965.50, 5014.70, 4858.00, 4923.00, 4940.40, 4981.94, 13663, 680.68, 3517, 7480, 54.75
FINIETF, EQ, 05-Aug-2026, 33.69, 33.69, 34.36, 33.68, 34.00, 33.87, 33.91, 477338, 161.87, 1269, 247779, 51.91
FINKURVE, EQ, 05-Aug-2026, 60.01, 63.80, 63.80, 58.84, 59.09, 59.05, 59.76, 28879, 17.26, 680, 17848, 61.80
FINOPB, EQ, 05-Aug-2026, 161.03, 161.90, 164.52, 161.00, 161.99, 161.47, 162.60, 340374, 553.44, 4147, 108923, 32.00
FINPIPE, EQ, 05-Aug-2026, 165.43, 165.80, 168.00, 165.44, 167.25, 167.15, 166.75, 477901, 796.89, 10161, 261910, 54.80
FIRSTCRY, EQ, 05-Aug-2026, 214.73, 215.50, 217.95, 213.42, 215.42, 215.31, 215.31, 632890, 1362.66, 10561, 250696, 39.61
FISCHER, EQ, 05-Aug-2026, 37.89, 38.00, 38.22, 37.50, 37.50, 37.67, 37.78, 1729720, 653.50, 2226, 61439, 3.55
FIVESTAR, EQ, 05-Aug-2026, 544.75, 547.30, 550.50, 541.60, 545.00, 547.70, 546.68, 322666, 1763.96, 13849, 152443, 47.24
FLAIR, EQ, 05-Aug-2026, 249.95, 250.10, 253.30, 249.20, 252.90, 252.10, 250.36, 249698, 625.15, 2171, 191038, 76.51
FLEXIADD, EQ, 05-Aug-2026, 10.28, 10.35, 10.38, 10.32, 10.38, 10.36, 10.35, 149876, 15.51, 414, 129805, 86.61
FLEXITUFF, BE, 05-Aug-2026, 3.99, 3.99, 3.99, 3.80, 3.80, 3.82, 3.87, 67723, 2.62, 150, -, -
FLFL, BZ, 05-Aug-2026, 1.22, 1.23, 1.26, 1.20, 1.22, 1.22, 1.22, 23687, 0.29, 57, -, -
FLUOROCHEM, EQ, 05-Aug-2026, 4612.80, 4606.70, 4649.00, 4480.00, 4480.00, 4498.10, 4556.43, 102970, 4691.76, 16221, 51328, 49.85
FLYSBS, SM, 05-Aug-2026, 449.15, 449.30, 454.60, 436.60, 447.40, 444.80, 444.27, 51600, 229.24, 191, 34400, 66.67
FMCGADD, EQ, 05-Aug-2026, 49.45, 49.51, 49.71, 48.50, 49.00, 49.13, 49.48, 6419, 3.18, 238, 2049, 31.92
FMCGIETF, EQ, 05-Aug-2026, 53.25, 53.35, 53.58, 52.93, 53.19, 53.15, 53.08, 1036553, 550.15, 3361, 564352, 54.45
FMGOETZE, EQ, 05-Aug-2026, 470.35, 477.60, 501.05, 465.60, 487.90, 486.75, 485.54, 99063, 480.99, 3480, 57140, 57.68
FMNL, BE, 05-Aug-2026, 9.44, 9.42, 9.69, 9.16, 9.50, 9.50, 9.29, 22195, 2.06, 65, -, -
FOCE, SM, 05-Aug-2026, 525.00, 540.00, 540.00, 540.00, 540.00, 540.00, 540.00, 10080, 54.43, 2, 10080, 100.00
FOCUS, BE, 05-Aug-2026, 68.70, 69.00, 70.98, 66.80, 67.00, 67.01, 67.69, 71816, 48.61, 442, -, -
FONEBOX, SM, 05-Aug-2026, 90.30, 88.10, 89.00, 86.00, 89.00, 89.00, 88.03, 4000, 3.52, 4, 3000, 75.00
FOODSIN, EQ, 05-Aug-2026, 53.90, 54.98, 55.09, 53.20, 53.90, 53.44, 54.08, 65300, 35.31, 669, 44787, 68.59
FORCAS, ST, 05-Aug-2026, 193.75, 194.35, 194.35, 184.10, 184.10, 184.10, 188.49, 11200, 21.11, 7, 9600, 85.71
FORCEMOT, EQ, 05-Aug-2026, 18378.00, 18490.00, 18840.00, 18449.00, 18538.00, 18538.00, 18637.48, 87146, 16241.82, 21256, 26428, 30.33
FORGEAUTO, SM, 05-Aug-2026, 100.40, 105.40, 105.40, 105.40, 105.40, 105.40, 105.40, 8400, 8.85, 4, 8400, 100.00
FORTIS, EQ, 05-Aug-2026, 932.80, 935.70, 935.70, 915.05, 925.00, 925.00, 924.08, 1897685, 17536.21, 64423, 1168425, 61.57
FOSECOIND, EQ, 05-Aug-2026, 5263.00, 5251.00, 5374.50, 5215.50, 5290.00, 5346.50, 5282.09, 4295, 226.87, 865, 2722, 63.38
FRACTAL, EQ, 05-Aug-2026, 797.80, 802.00, 810.50, 788.00, 791.70, 798.15, 800.46, 356628, 2854.65, 17915, 186265, 52.23
FRESHARA, ST, 05-Aug-2026, 371.25, 379.00, 388.75, 363.00, 363.00, 366.25, 369.54, 22200, 82.04, 35, 21000, 94.59
FROG, ST, 05-Aug-2026, 204.90, 208.95, 208.95, 208.95, 208.95, 208.95, 208.95, 5600, 11.70, 11, 5600, 100.00
FRONTSP, EQ, 05-Aug-2026, 1373.40, 1352.10, 1433.00, 1352.10, 1396.20, 1405.40, 1390.05, 24717, 343.58, 3062, 14007, 56.67
FSL, EQ, 05-Aug-2026, 330.70, 332.00, 341.90, 328.00, 337.10, 339.45, 335.02, 3534168, 11840.10, 53124, 1202759, 34.03
FUSION, EQ, 05-Aug-2026, 208.93, 208.60, 211.00, 202.00, 211.00, 209.72, 207.54, 667327, 1384.96, 9149, 339636, 50.89
FWSTC, SM, 05-Aug-2026, 195.00, 195.00, 195.00, 195.00, 195.00, 195.00, 195.00, 1200, 2.34, 2, 1200, 100.00
GABRIEL, EQ, 05-Aug-2026, 1530.80, 1540.00, 1600.00, 1537.20, 1583.00, 1587.70, 1581.84, 779056, 12323.43, 41994, 231537, 29.72
GAEL, EQ, 05-Aug-2026, 176.21, 176.00, 179.79, 171.10, 172.25, 174.83, 177.15, 1247058, 2209.13, 20765, 524453, 42.06
GAIL, EQ, 05-Aug-2026, 175.00, 176.00, 177.25, 173.25, 176.96, 176.96, 174.80, 13429251, 23474.87, 136555, 8596443, 64.01
GALAPREC, EQ, 05-Aug-2026, 1102.70, 1108.10, 1147.00, 1107.20, 1123.00, 1124.50, 1129.23, 22985, 259.55, 3098, 8997, 39.14
GALAXYSURF, EQ, 05-Aug-2026, 1980.60, 1975.10, 2015.00, 1975.10, 2011.60, 2005.80, 1992.62, 3815, 76.02, 926, 2153, 56.44
GALLANTT, EQ, 05-Aug-2026, 629.20, 628.70, 641.65, 617.10, 625.00, 624.05, 627.72, 68044, 427.12, 3662, 32581, 47.88
GANDHAR, EQ, 05-Aug-2026, 236.10, 239.00, 239.98, 230.00, 231.50, 231.41, 235.29, 1401577, 3297.70, 13759, 474789, 33.88
GANDHITUBE, EQ, 05-Aug-2026, 900.30, 900.55, 905.50, 888.10, 897.50, 896.95, 896.24, 12135, 108.76, 746, 7342, 60.50
GANECOS, EQ, 05-Aug-2026, 1126.80, 1126.80, 1165.00, 1076.90, 1086.00, 1094.90, 1120.22, 201026, 2251.94, 13355, 78583, 39.09
GANESHBE, BE, 05-Aug-2026, 119.32, 123.00, 125.00, 119.00, 120.80, 120.98, 122.57, 286755, 351.48, 1061, -, -
GANESHCP, EQ, 05-Aug-2026, 175.62, 178.69, 178.69, 171.01, 172.97, 172.09, 173.91, 120476, 209.52, 3855, 62671, 52.02
GANESHHOU, EQ, 05-Aug-2026, 778.50, 778.50, 799.00, 770.05, 770.05, 778.75, 785.96, 24814, 195.03, 1702, 13481, 54.33
GANESHIN, ST, 05-Aug-2026, 108.90, 113.00, 114.30, 103.50, 114.30, 114.30, 111.64, 499200, 557.29, 330, 471200, 94.39
GANGABATH, SM, 05-Aug-2026, 21.80, 22.65, 22.70, 22.05, 22.55, 22.55, 22.48, 18000, 4.05, 6, 9000, 50.00
GANGAFORGE, BE, 05-Aug-2026, 1.86, 1.87, 1.95, 1.87, 1.95, 1.94, 1.95, 13483414, 262.77, 6385, -, -
GANGESSECU, EQ, 05-Aug-2026, 119.30, 119.90, 122.39, 116.10, 120.23, 120.87, 120.37, 3285, 3.95, 80, 1882, 57.29
GARFIBRES, EQ, 05-Aug-2026, 774.60, 781.70, 810.00, 761.40, 810.00, 797.35, 794.19, 176068, 1398.31, 12569, 69407, 39.42
GARUDA, EQ, 05-Aug-2026, 173.39, 173.80, 181.62, 173.80, 178.70, 178.36, 178.32, 491663, 876.71, 8202, 265550, 54.01
GATECH, EQ, 05-Aug-2026, 0.68, 0.62, 0.64, 0.62, 0.62, 0.62, 0.62, 6652874, 41.25, 1570, 4781183, 71.87
GATECHDVR, BE, 05-Aug-2026, 0.51, 0.51, 0.53, 0.49, 0.49, 0.49, 0.50, 577786, 2.90, 204, -, -
GATEWAY, EQ, 05-Aug-2026, 59.70, 60.29, 60.60, 55.80, 55.98, 55.91, 57.44, 5134083, 2948.91, 21586, 2318492, 45.16
GAUDIUMIVF, BE, 05-Aug-2026, 132.06, 129.42, 131.00, 129.42, 131.00, 131.00, 129.97, 286243, 372.02, 889, -, -
GAYAHWS, EQ, 05-Aug-2026, 1.99, 1.99, 2.05, 1.83, 1.96, 1.94, 1.95, 433982, 8.45, 473, 260634, 60.06
GAYAPROJ, BE, 05-Aug-2026, 19.66, 19.50, 19.80, 18.82, 18.90, 19.00, 19.23, 290546, 55.88, 1780, -, -
GCHOTELS, ST, 05-Aug-2026, 104.05, 104.95, 109.00, 102.00, 108.75, 108.65, 105.29, 42600, 44.85, 55, 38400, 90.14
GCSL, EQ, 05-Aug-2026, 508.15, 512.55, 529.25, 510.35, 522.00, 523.05, 520.97, 721185, 3757.12, 6578, 389273, 53.98
GEECEE, BE, 05-Aug-2026, 362.00, 355.00, 364.45, 355.00, 363.80, 359.55, 361.47, 1809, 6.54, 43, -, -
GEEKAYWIRE, EQ, 05-Aug-2026, 23.08, 22.56, 23.21, 22.12, 22.15, 22.30, 22.57, 93368, 21.08, 1009, 58998, 63.19
GEMAROMA, EQ, 05-Aug-2026, 187.71, 191.02, 191.02, 183.70, 185.75, 184.63, 185.77, 71041, 131.97, 1401, 35486, 49.95
GENCON, EQ, 05-Aug-2026, 39.33, 39.84, 40.20, 39.20, 39.20, 39.49, 39.81, 232160, 92.43, 806, 13070, 5.63
GENESYS, EQ, 05-Aug-2026, 316.65, 316.65, 335.00, 316.50, 323.00, 328.70, 325.44, 867119, 2821.95, 14222, 450143, 51.91
GENSOL, BZ, 05-Aug-2026, 18.25, 17.92, 18.79, 17.90, 18.00, 18.02, 18.22, 137578, 25.07, 1114, -, -
GENUSPAPER, EQ, 05-Aug-2026, 12.50, 12.69, 12.85, 12.36, 12.80, 12.65, 12.62, 77055, 9.72, 242, 67416, 87.49
GENUSPOWER, EQ, 05-Aug-2026, 316.05, 317.35, 318.90, 308.65, 308.90, 309.55, 312.38, 917615, 2866.43, 12019, 588607, 64.15
GENXAI, SM, 05-Aug-2026, 82.60, 82.80, 83.50, 81.20, 81.30, 81.30, 82.53, 24000, 19.81, 20, 19200, 80.00
GEOJITFSL, EQ, 05-Aug-2026, 78.17, 78.98, 79.63, 76.25, 76.30, 76.95, 77.49, 224604, 174.03, 4117, 121170, 53.95
GESHIP, EQ, 05-Aug-2026, 1434.90, 1450.00, 1459.90, 1398.30, 1401.20, 1404.70, 1418.03, 1008274, 14297.58, 43916, 383173, 38.00
GFLLIMITED, EQ, 05-Aug-2026, 48.37, 49.00, 50.50, 48.71, 49.95, 49.81, 49.49, 82587, 40.87, 1396, 49669, 60.14
GGBL, SM, 05-Aug-2026, 257.75, 255.10, 259.60, 251.65, 256.90, 255.05, 254.80, 29400, 74.91, 85, 22500, 76.53
GHCL, EQ, 05-Aug-2026, 445.10, 445.50, 446.00, 437.10, 438.50, 438.15, 440.21, 235652, 1037.37, 4856, 137393, 58.30
GHCLTEXTIL, EQ, 05-Aug-2026, 114.24, 115.80, 115.84, 112.55, 115.00, 114.96, 114.61, 736064, 843.57, 7686, 376743, 51.18
GICHSGFIN, EQ, 05-Aug-2026, 148.66, 149.76, 150.50, 148.50, 149.89, 149.83, 149.61, 57558, 86.11, 1154, 31503, 54.73
GICL, EQ, 05-Aug-2026, 18.26, 18.10, 19.17, 18.02, 18.98, 19.00, 18.90, 363243, 68.65, 523, 312228, 85.96
GICRE, EQ, 05-Aug-2026, 359.70, 364.00, 364.50, 358.50, 359.50, 359.65, 361.17, 646201, 2333.91, 11016, 281185, 43.51
GILLANDERS, EQ, 05-Aug-2026, 88.35, 90.01, 92.41, 89.01, 90.80, 90.76, 90.79, 1570, 1.43, 40, 1151, 73.31
GILLETTE, EQ, 05-Aug-2026, 7662.00, 7720.00, 7776.00, 7638.00, 7689.50, 7688.00, 7695.03, 18810, 1447.43, 5950, 9884, 52.55
GILT10BETA, EQ, 05-Aug-2026, 26.35, 26.65, 26.99, 26.34, 26.35, 26.67, 26.77, 277, 0.07, 17, 224, 80.87
GILT5YBEES, EQ, 05-Aug-2026, 66.13, 66.14, 66.50, 66.05, 66.26, 66.33, 66.28, 323671, 214.53, 848, 225240, 69.59
GINNIFILA, BE, 05-Aug-2026, 46.03, 46.65, 46.65, 44.10, 45.90, 46.20, 45.39, 19484, 8.84, 103, -, -
GIPCL, EQ, 05-Aug-2026, 162.23, 162.01, 163.99, 159.50, 160.79, 160.79, 161.19, 406030, 654.50, 4261, 234077, 57.65
GIRIRAJ, SM, 05-Aug-2026, 60.45, 60.00, 61.00, 57.45, 57.45, 57.75, 58.29, 15250, 8.89, 42, 11500, 75.41
GJL, ST, 05-Aug-2026, 172.00, 172.40, 172.40, 172.40, 172.40, 172.40, 172.40, 800, 1.38, 1, 800, 100.00
GKENERGY, EQ, 05-Aug-2026, 130.08, 130.80, 132.86, 130.80, 131.55, 131.73, 131.60, 232047, 305.38, 2556, 137567, 59.28
GKSL, EQ, 05-Aug-2026, 130.55, 131.00, 135.49, 130.12, 134.00, 134.57, 134.10, 419102, 562.01, 6524, 141697, 33.81
GKWLIMITED, EQ, 05-Aug-2026, 1649.90, 1679.80, 1696.90, 1646.00, 1655.00, 1646.80, 1662.79, 126, 2.10, 19, 106, 84.13
GLAND, EQ, 05-Aug-2026, 2583.10, 2587.50, 2595.70, 2531.10, 2552.00, 2545.10, 2553.56, 299935, 7659.01, 36112, 180217, 60.09
GLAXO, EQ, 05-Aug-2026, 2647.00, 2648.00, 2650.20, 2515.00, 2521.50, 2569.70, 2595.53, 51205, 1329.04, 7645, 28516, 55.69
GLENMARK, EQ, 05-Aug-2026, 2225.00, 2223.00, 2263.30, 2202.20, 2259.00, 2259.00, 2232.13, 388492, 8671.64, 27167, 140070, 36.05
GLFL, BE, 05-Aug-2026, 5.86, 5.85, 5.85, 5.57, 5.57, 5.64, 5.59, 6544, 0.37, 29, -, -
GLOBAL, EQ, 05-Aug-2026, 102.83, 102.50, 104.50, 102.50, 102.60, 104.01, 103.60, 19356, 20.05, 240, 16501, 85.25
GLOBALE, BE, 05-Aug-2026, 10.85, 11.00, 11.00, 10.62, 10.66, 10.66, 10.80, 3613, 0.39, 15, -, -
GLOBALVECT, EQ, 05-Aug-2026, 163.24, 167.60, 167.60, 162.00, 163.80, 162.58, 163.39, 4860, 7.94, 301, 2965, 61.01
GLOBE, EQ, 05-Aug-2026, 2.07, 2.05, 2.11, 2.04, 2.07, 2.05, 2.08, 382393, 7.95, 239, 342099, 89.46
GLOBECIVIL, EQ, 05-Aug-2026, 40.64, 40.70, 40.80, 38.50, 39.42, 39.21, 39.42, 71983, 28.38, 891, 39139, 54.37
GLOBUSSPR, EQ, 05-Aug-2026, 890.95, 891.00, 911.95, 887.90, 887.90, 891.55, 899.88, 78125, 703.03, 3129, 44233, 56.62
GLOSTERLTD, EQ, 05-Aug-2026, 672.30, 677.80, 691.45, 665.10, 670.10, 674.95, 680.68, 5818, 39.60, 449, 2935, 50.45
GLOTTIS, BE, 05-Aug-2026, 67.01, 67.00, 67.60, 67.00, 67.01, 67.09, 67.13, 26920, 18.07, 235, -, -
GMBREW, EQ, 05-Aug-2026, 900.75, 900.80, 911.45, 900.80, 907.60, 908.20, 906.92, 16887, 153.15, 1367, 10455, 61.91
GMDCLTD, EQ, 05-Aug-2026, 556.00, 558.00, 583.35, 558.00, 582.00, 579.90, 573.47, 2369220, 13586.84, 42195, 916418, 38.68
GML, SM, 05-Aug-2026, 16.70, 16.20, 16.25, 16.10, 16.25, 16.25, 16.21, 12000, 1.95, 6, 12000, 100.00
GMMPFAUDLR, EQ, 05-Aug-2026, 847.70, 856.65, 867.20, 845.00, 855.10, 857.10, 859.00, 97107, 834.15, 5146, 58063, 59.79
GMRAIRPORT, EQ, 05-Aug-2026, 106.56, 107.36, 107.89, 105.89, 107.00, 107.00, 106.57, 8452825, 9008.25, 35934, 5216151, 61.71
GMRP&UI, EQ, 05-Aug-2026, 97.21, 97.79, 98.00, 95.25, 96.17, 95.67, 96.53, 696431, 672.23, 8105, 436510, 62.68
GNA, EQ, 05-Aug-2026, 515.80, 518.60, 553.95, 518.60, 528.00, 529.70, 534.97, 1101156, 5890.82, 29640, 501665, 45.56
GNFC, EQ, 05-Aug-2026, 519.75, 524.80, 539.70, 523.15, 539.50, 538.30, 534.10, 773442, 4130.96, 23128, 388598, 50.24
GNRL, EQ, 05-Aug-2026, 95.09, 95.09, 95.09, 93.50, 93.50, 94.07, 94.30, 31300, 29.52, 500, 19774, 63.18
GOACARBON, EQ, 05-Aug-2026, 383.90, 383.85, 392.00, 380.00, 384.50, 384.35, 385.58, 14016, 54.04, 922, 5881, 41.96
GOCLCORP, EQ, 05-Aug-2026, 411.65, 411.65, 416.00, 409.00, 412.00, 412.35, 412.89, 40516, 167.29, 1448, 23575, 58.19
GOCOLORS, EQ, 05-Aug-2026, 320.05, 322.40, 348.90, 321.25, 327.75, 324.35, 336.18, 995084, 3345.31, 19342, 252985, 25.42
GODAVARIB, EQ, 05-Aug-2026, 261.75, 261.75, 268.95, 261.75, 268.00, 267.40, 266.31, 108981, 290.23, 1980, 64953, 59.60
GODFRYPHLP, EQ, 05-Aug-2026, 2336.90, 2336.90, 2359.00, 2288.00, 2325.00, 2325.00, 2321.45, 559710, 12993.41, 31027, 122304, 21.85
GODIGIT, EQ, 05-Aug-2026, 263.30, 281.60, 290.90, 275.60, 280.15, 280.40, 281.18, 8263565, 23235.61, 110486, 922142, 11.16
GODREJAGRO, EQ, 05-Aug-2026, 563.25, 566.00, 568.00, 560.60, 566.05, 566.45, 564.93, 80487, 454.70, 4980, 47516, 59.04
GODREJCP, EQ, 05-Aug-2026, 1058.20, 1070.00, 1077.50, 1060.00, 1069.00, 1069.00, 1068.91, 1283218, 13716.43, 59768, 788792, 61.47
GODREJIND, EQ, 05-Aug-2026, 1308.80, 1320.00, 1349.90, 1305.10, 1320.00, 1320.40, 1324.29, 191232, 2532.47, 14236, 131920, 68.98
GODREJPROP, EQ, 05-Aug-2026, 2033.60, 2055.70, 2143.90, 2055.70, 2099.00, 2099.00, 2117.34, 1901625, 40263.96, 75172, 526747, 27.70
GOKEX, EQ, 05-Aug-2026, 796.75, 802.00, 819.70, 802.00, 802.00, 805.70, 810.20, 226618, 1836.05, 9753, 101946, 44.99
GOKUL, EQ, 05-Aug-2026, 39.26, 40.00, 40.00, 39.12, 39.24, 39.46, 39.65, 129009, 51.15, 547, 22408, 17.37
GOKULAGRO, EQ, 05-Aug-2026, 231.12, 233.20, 237.00, 227.00, 227.10, 227.53, 231.06, 708539, 1637.17, 10298, 204958, 28.93
GOLD1, EQ, 05-Aug-2026, 118.28, 118.28, 120.88, 118.01, 120.35, 120.57, 120.47, 1829571, 2204.13, 7041, 1018751, 55.68
GOLD360, EQ, 05-Aug-2026, 138.30, 139.70, 141.45, 138.30, 140.65, 140.75, 140.22, 22587, 31.67, 259, 14970, 66.28
GOLDADD, EQ, 05-Aug-2026, 137.65, 139.07, 140.85, 138.71, 139.74, 140.43, 140.46, 1749679, 2457.67, 13390, 1511251, 86.37
GOLDAXIS, EQ, 05-Aug-2026, 118.14, 118.95, 120.96, 118.95, 120.77, 120.65, 120.41, 2154800, 2594.60, 4439, 1758520, 81.61
GOLDBEES, EQ, 05-Aug-2026, 117.15, 118.06, 119.75, 118.06, 119.34, 119.39, 119.17, 27179534, 32390.81, 87831, 13955910, 51.35
GOLDBETA, EQ, 05-Aug-2026, 119.30, 119.95, 121.80, 119.90, 121.50, 121.50, 121.21, 437500, 530.31, 2249, 256161, 58.55
GOLDBND, EQ, 05-Aug-2026, 141.87, 142.25, 147.50, 142.25, 143.91, 144.59, 144.22, 16838, 24.28, 253, 11416, 67.80
GOLDCASE, EQ, 05-Aug-2026, 22.29, 22.41, 22.77, 22.39, 22.72, 22.71, 22.62, 26635583, 6024.35, 35560, 13653615, 51.26
GOLDENTOBC, BZ, 05-Aug-2026, 24.88, 26.05, 26.05, 24.00, 24.99, 24.92, 24.94, 1330, 0.33, 23, -, -
GOLDETF, EQ, 05-Aug-2026, 137.76, 139.09, 140.65, 138.92, 140.19, 140.40, 140.19, 781106, 1095.02, 10946, 426827, 54.64
GOLDIAM, EQ, 05-Aug-2026, 361.10, 364.50, 365.95, 360.10, 361.50, 362.15, 362.95, 287739, 1044.34, 5306, 150158, 52.19
GOLDIETF, EQ, 05-Aug-2026, 121.34, 122.12, 124.06, 122.12, 123.76, 123.88, 123.52, 3667256, 4529.97, 24967, 1996503, 54.44
GOLDSTAR, SM, 05-Aug-2026, 6.75, 6.75, 6.75, 6.75, 6.75, 6.75, 6.75, 11250, 0.76, 1, 11250, 100.00
GOLDTECH, BE, 05-Aug-2026, 54.51, 54.50, 55.00, 53.10, 54.25, 54.71, 54.03, 17091, 9.23, 150, -, -
GOODLUCK, EQ, 05-Aug-2026, 1502.30, 1505.10, 1529.00, 1482.20, 1494.00, 1497.60, 1502.39, 96186, 1445.09, 5997, 58621, 60.95
GOODYEAR, EQ, 05-Aug-2026, 871.35, 844.00, 844.00, 809.20, 830.00, 826.85, 823.95, 39355, 324.27, 2314, 17199, 43.70
GOPAL, EQ, 05-Aug-2026, 277.20, 277.00, 279.00, 273.00, 273.05, 274.55, 275.99, 138689, 382.77, 5025, 52318, 37.72
GOYALALUM, EQ, 05-Aug-2026, 6.46, 6.49, 6.59, 6.45, 6.54, 6.52, 6.53, 46157, 3.02, 305, 34403, 74.53
GOYALSALT, SM, 05-Aug-2026, 114.00, 115.00, 116.00, 112.00, 113.00, 113.00, 114.38, 4800, 5.49, 8, 4800, 100.00
GPECO, ST, 05-Aug-2026, 420.35, 413.00, 422.65, 413.00, 416.05, 417.80, 417.72, 10000, 41.77, 33, 9000, 90.00
GPIL, EQ, 05-Aug-2026, 244.71, 245.15, 248.40, 244.53, 246.94, 246.33, 246.74, 959407, 2367.24, 16920, 455457, 47.47
GPPL, EQ, 05-Aug-2026, 151.80, 151.80, 153.95, 151.26, 151.77, 151.68, 152.63, 1350129, 2060.65, 13828, 682165, 50.53
GPTHEALTH, EQ, 05-Aug-2026, 162.16, 164.59, 165.00, 161.11, 164.50, 164.70, 163.59, 131578, 215.25, 3180, 70425, 53.52
GPTINFRA, EQ, 05-Aug-2026, 112.83, 113.39, 118.00, 112.64, 117.01, 117.25, 115.34, 208284, 240.24, 3012, 109653, 52.65
GRADIENTE, BE, 05-Aug-2026, 2.70, 2.70, 2.70, 2.60, 2.65, 2.65, 2.64, 191930, 5.06, 159, -, -
GRANDOAK, EQ, 05-Aug-2026, 38.41, 39.21, 40.30, 37.10, 38.21, 39.85, 39.78, 5387, 2.14, 79, 3972, 73.73
GRANULES, EQ, 05-Aug-2026, 825.70, 827.80, 847.00, 822.00, 845.00, 845.10, 838.96, 539648, 4527.43, 18303, 292332, 54.17
GRAPHISAD, SM, 05-Aug-2026, 29.90, 30.00, 30.90, 28.50, 29.50, 28.75, 29.42, 32400, 9.53, 20, 27600, 85.19
GRAPHITE, EQ, 05-Aug-2026, 710.05, 715.00, 744.80, 704.80, 709.10, 709.15, 727.25, 5506338, 40044.70, 128872, 1330166, 24.16
GRASIM, EQ, 05-Aug-2026, 3138.00, 3150.00, 3228.70, 3135.80, 3224.00, 3224.00, 3202.91, 692531, 22181.13, 43226, 314028, 45.34
GRAUWEIL, EQ, 05-Aug-2026, 71.75, 72.00, 73.07, 68.43, 68.85, 68.78, 70.82, 968947, 686.17, 6262, 652690, 67.36
GRAVISSHO, EQ, 05-Aug-2026, 29.40, 29.40, 31.89, 29.40, 29.47, 30.82, 31.51, 567, 0.18, 14, 531, 93.65
GRAVITA, EQ, 05-Aug-2026, 1658.60, 1670.30, 1704.90, 1664.00, 1689.10, 1688.80, 1687.45, 274140, 4625.98, 18194, 149028, 54.36
GRCL, ST, 05-Aug-2026, 554.95, 550.00, 550.00, 527.25, 538.70, 538.70, 532.58, 2750, 14.65, 10, 2250, 81.82
GREAVESCOT, EQ, 05-Aug-2026, 200.00, 202.00, 207.24, 194.50, 196.90, 195.92, 201.11, 6445468, 12962.17, 53879, 2511497, 38.97
GREENCHEF, SM, 05-Aug-2026, 53.60, 53.60, 53.60, 53.00, 53.00, 53.00, 53.18, 5600, 2.98, 7, 5600, 100.00
GREENLAM, EQ, 05-Aug-2026, 247.70, 249.10, 272.45, 249.10, 265.95, 266.70, 266.47, 733143, 1953.64, 16114, 197192, 26.90
GREENLEAF, ST, 05-Aug-2026, 107.00, 109.00, 112.35, 109.00, 112.35, 112.35, 111.97, 17000, 19.03, 15, 15000, 88.24
GREENPANEL, EQ, 05-Aug-2026, 199.83, 200.01, 204.93, 197.20, 199.00, 199.39, 201.87, 128487, 259.38, 4465, 69965, 54.45
GREENPLY, EQ, 05-Aug-2026, 287.65, 288.00, 299.00, 288.00, 293.70, 293.30, 294.52, 607879, 1790.30, 3944, 518645, 85.32
GREENPOWER, EQ, 05-Aug-2026, 10.00, 10.05, 10.13, 9.98, 10.05, 10.00, 10.04, 1443397, 144.96, 2671, 668600, 46.32
GRETEX, SM, 05-Aug-2026, 275.00, 262.00, 278.00, 262.00, 264.00, 276.65, 269.56, 58500, 157.70, 8, 57000, 97.44
GRINDWELL, EQ, 05-Aug-2026, 2094.50, 2094.50, 2131.30, 2081.00, 2105.00, 2100.70, 2103.27, 36932, 776.78, 9120, 20115, 54.46
GRINFRA, EQ, 05-Aug-2026, 905.80, 905.80, 915.20, 894.05, 896.00, 897.50, 903.80, 10240, 92.55, 1733, 6595, 64.40
GRMOVER, EQ, 05-Aug-2026, 91.78, 91.79, 93.48, 90.01, 90.90, 90.89, 91.57, 1078820, 987.89, 11483, 295374, 27.38
GROBTEA, EQ, 05-Aug-2026, 903.20, 903.50, 914.00, 878.40, 902.90, 898.80, 897.93, 103, 0.92, 27, 70, 67.96
GROWW, EQ, 05-Aug-2026, 191.33, 192.45, 194.39, 191.50, 191.94, 191.84, 192.64, 12868750, 24790.26, 69220, 5759456, 44.76
GROWWCAPM, EQ, 05-Aug-2026, 11.14, 11.24, 11.24, 11.05, 11.15, 11.09, 11.09, 493312, 54.72, 1153, 318191, 64.50
GROWWCHEM, EQ, 05-Aug-2026, 30.02, 30.24, 30.77, 30.24, 30.60, 30.48, 30.42, 68427, 20.82, 294, 37977, 55.50
GROWWDEFNC, EQ, 05-Aug-2026, 93.77, 93.77, 96.15, 93.29, 94.70, 94.39, 94.17, 216496, 203.87, 2546, 102000, 47.11
GROWWEV, EQ, 05-Aug-2026, 33.11, 33.11, 34.59, 33.11, 33.96, 33.90, 33.66, 612829, 206.28, 2861, 386895, 63.13
GROWWGOLD, EQ, 05-Aug-2026, 13.85, 14.03, 14.17, 13.97, 14.08, 14.11, 14.09, 3074995, 433.19, 4239, 1610961, 52.39
GROWWHOSPI, EQ, 05-Aug-2026, 53.81, 54.03, 62.00, 53.42, 55.34, 54.30, 54.19, 641032, 347.37, 1194, 528895, 82.51
GROWWLIQID, EQ, 05-Aug-2026, 110.19, 110.19, 110.21, 110.19, 110.21, 110.20, 110.20, 189774, 209.14, 210, 100287, 52.85
GROWWLOVOL, EQ, 05-Aug-2026, 10.66, 10.66, 10.94, 10.63, 10.75, 10.68, 10.70, 6910, 0.74, 90, 4595, 66.50
GROWWMC150, EQ, 05-Aug-2026, 234.05, 234.00, 236.32, 233.92, 235.52, 235.52, 235.02, 2019, 4.75, 31, 1071, 53.05
GROWWMETAL, EQ, 05-Aug-2026, 12.34, 12.40, 12.64, 12.25, 12.60, 12.59, 12.50, 1132605, 141.55, 1984, 507683, 44.82
GROWWMOM50, EQ, 05-Aug-2026, 10.78, 11.04, 11.04, 10.71, 10.85, 10.86, 10.86, 147815, 16.05, 404, 83917, 56.77
GROWWN200, EQ, 05-Aug-2026, 11.53, 11.59, 11.62, 11.51, 11.55, 11.55, 11.57, 24215, 2.80, 221, 19501, 80.53
GROWWNET, EQ, 05-Aug-2026, 10.20, 10.13, 10.42, 10.13, 10.28, 10.26, 10.29, 281746, 28.98, 1634, 184871, 65.62
GROWWNIFTY, EQ, 05-Aug-2026, 9.90, 10.14, 10.14, 9.89, 9.98, 9.95, 9.94, 672623, 66.89, 7170, 444250, 66.05
GROWWNXT50, EQ, 05-Aug-2026, 75.71, 76.35, 76.35, 74.10, 75.34, 74.97, 74.91, 22501, 16.86, 223, 7221, 32.09
GROWWPOWER, EQ, 05-Aug-2026, 11.65, 11.70, 11.74, 11.54, 11.60, 11.60, 11.61, 3576715, 415.29, 3571, 1885822, 52.72
GROWWPSE, EQ, 05-Aug-2026, 99.82, 100.31, 100.48, 99.49, 99.49, 99.91, 99.83, 3728, 3.72, 43, 3117, 83.61
GROWWPSUBK, EQ, 05-Aug-2026, 84.94, 85.13, 85.95, 85.10, 85.88, 85.58, 85.42, 4113, 3.51, 69, 2894, 70.36
GROWWRAIL, EQ, 05-Aug-2026, 29.53, 29.54, 29.88, 29.30, 29.53, 29.48, 29.45, 635608, 187.16, 3222, 429671, 67.60
GROWWRLTY, EQ, 05-Aug-2026, 10.00, 10.05, 10.28, 9.95, 10.11, 10.10, 10.18, 175684, 17.88, 425, 108587, 61.81
GROWWSC250, EQ, 05-Aug-2026, 10.54, 10.64, 10.65, 10.55, 10.61, 10.59, 10.59, 158721, 16.81, 473, 120398, 75.86
GROWWSLVR, EQ, 05-Aug-2026, 21.23, 21.66, 21.94, 21.58, 21.94, 21.89, 21.82, 2588527, 564.73, 2488, 1042023, 40.26
GRPLTD, EQ, 05-Aug-2026, 1988.30, 1981.00, 2004.90, 1935.10, 2000.00, 1977.30, 1971.86, 1977, 38.98, 533, 1118, 56.55
GRSE, EQ, 05-Aug-2026, 2546.90, 2559.10, 2568.00, 2500.00, 2511.00, 2507.30, 2530.27, 519110, 13134.87, 36154, 233783, 45.04
GRWRHITECH, EQ, 05-Aug-2026, 7326.00, 7390.00, 7427.50, 7303.50, 7411.50, 7409.50, 7374.86, 39681, 2926.42, 6998, 22240, 56.05
GSEC10IETF, EQ, 05-Aug-2026, 264.50, 264.50, 265.44, 263.03, 263.03, 263.03, 263.65, 801, 2.11, 9, 706, 88.14
GSEC10YEAR, EQ, 05-Aug-2026, 30.25, 30.48, 30.59, 30.48, 30.59, 30.59, 30.59, 37, 0.01, 6, 19, 51.35
GSEC5IETF, EQ, 05-Aug-2026, 66.50, 66.40, 66.50, 65.86, 66.14, 66.14, 66.26, 54812, 36.32, 53, 27360, 49.92
GSFC, EQ, 05-Aug-2026, 160.68, 161.05, 162.52, 161.02, 162.40, 162.23, 161.89, 345846, 559.89, 5134, 189033, 54.66
GSLSU, EQ, 05-Aug-2026, 28.04, 28.71, 28.90, 28.01, 28.90, 28.65, 28.51, 32655, 9.31, 418, 21240, 65.04
GSMFOILS, SM, 05-Aug-2026, 155.15, 139.65, 139.65, 139.65, 139.65, 139.65, 139.65, 67500, 94.26, 68, 67500, 100.00
GSPCROP, EQ, 05-Aug-2026, 592.30, 596.65, 598.90, 585.00, 594.80, 593.30, 594.29, 348526, 2071.27, 5519, 92738, 26.61
GSS, EQ, 05-Aug-2026, 14.24, 14.24, 14.52, 13.85, 14.00, 14.02, 14.16, 35146, 4.98, 172, 30644, 87.19
GSTL, SM, 05-Aug-2026, 15.60, 16.20, 16.35, 15.25, 16.35, 16.35, 16.05, 12000, 1.93, 12, 9000, 75.00
GTECJAINX, BE, 05-Aug-2026, 29.14, 29.14, 29.14, 27.75, 29.00, 29.00, 28.83, 3503, 1.01, 18, -, -
GTL, EQ, 05-Aug-2026, 7.39, 7.34, 7.54, 7.34, 7.48, 7.45, 7.48, 111522, 8.34, 462, 92648, 83.08
GTLINFRA, EQ, 05-Aug-2026, 1.28, 1.29, 1.32, 1.27, 1.28, 1.27, 1.29, 47858429, 616.89, 12247, 19740377, 41.25
GTPL, EQ, 05-Aug-2026, 60.52, 61.41, 62.50, 59.81, 59.81, 59.91, 60.64, 63141, 38.29, 482, 36886, 58.42
GUFICBIO, EQ, 05-Aug-2026, 397.05, 400.00, 401.00, 392.00, 394.40, 394.35, 395.79, 36755, 145.47, 1549, 22200, 60.40
GUJALKALI, EQ, 05-Aug-2026, 683.50, 687.00, 689.40, 675.30, 678.50, 677.35, 679.54, 35094, 238.48, 2572, 16568, 47.21
GUJAPOLLO, EQ, 05-Aug-2026, 366.45, 363.70, 369.65, 363.70, 367.00, 367.10, 366.51, 4116, 15.09, 252, 3052, 74.15
GUJENERGY, EQ, 05-Aug-2026, 278.85, 278.85, 278.90, 270.20, 272.05, 272.55, 272.86, 650243, 1774.27, 41729, 440333, 67.72
GUJRAFFIA, EQ, 05-Aug-2026, 38.99, 40.80, 40.80, 39.00, 39.95, 39.94, 39.92, 1028, 0.41, 36, 430, 41.83
GUJTHEM, EQ, 05-Aug-2026, 353.70, 359.00, 359.00, 352.00, 356.70, 355.95, 355.06, 30331, 107.69, 949, 16179, 53.34
GULFOILLUB, EQ, 05-Aug-2026, 1160.30, 1169.90, 1203.40, 1160.30, 1169.00, 1179.60, 1180.23, 155211, 1831.85, 11819, 77835, 50.15
GULFPETRO, BE, 05-Aug-2026, 54.73, 53.50, 55.00, 52.00, 53.89, 52.08, 53.25, 247035, 131.55, 942, -, -
GULPOLY, EQ, 05-Aug-2026, 199.90, 199.90, 209.90, 198.40, 209.90, 208.91, 203.56, 1194680, 2431.83, 12237, 790497, 66.17
GVKPIL, BE, 05-Aug-2026, 2.42, 2.43, 2.46, 2.40, 2.42, 2.42, 2.42, 404275, 9.80, 593, -, -
GVPIL, EQ, 05-Aug-2026, 758.65, 755.10, 756.10, 740.00, 744.35, 742.50, 746.13, 101271, 755.61, 6267, 62651, 61.86
GVPTECH, EQ, 05-Aug-2026, 6.98, 7.08, 7.10, 6.99, 7.04, 7.03, 7.03, 24282, 1.71, 141, 21114, 86.95
GVT&D, EQ, 05-Aug-2026, 4333.20, 4380.00, 4410.00, 4313.90, 4410.00, 4410.00, 4372.83, 626067, 27376.86, 70582, 331229, 52.91
GYFTR, EQ, 05-Aug-2026, 159.46, 163.57, 163.90, 157.00, 163.17, 161.31, 160.19, 39291, 62.94, 547, 11632, 29.60
HAL, EQ, 05-Aug-2026, 4635.00, 4641.00, 4673.40, 4603.30, 4645.00, 4645.00, 4632.99, 655940, 30389.61, 63392, 407079, 62.06
HALDER, EQ, 05-Aug-2026, 254.51, 273.00, 273.00, 250.73, 259.00, 256.56, 253.31, 30334, 76.84, 243, 6772, 22.32
HALDYNGL, BE, 05-Aug-2026, 132.57, 139.19, 139.19, 127.50, 138.00, 137.50, 137.57, 254268, 349.80, 1011, -, -
HALEOSLABS, EQ, 05-Aug-2026, 1539.60, 1550.40, 1599.40, 1400.00, 1421.00, 1427.70, 1464.46, 2483, 36.36, 344, 1566, 63.07
HAPPSTMNDS, EQ, 05-Aug-2026, 388.10, 390.60, 419.80, 389.00, 398.20, 400.80, 409.24, 6064285, 24817.49, 104789, 1517649, 25.03
HAPPY, SM, 05-Aug-2026, 59.25, 59.00, 60.95, 57.00, 59.20, 58.55, 58.70, 70000, 41.09, 35, 46000, 65.71
HAPPYFORGE, EQ, 05-Aug-2026, 1703.40, 1737.90, 1829.00, 1705.00, 1818.00, 1817.00, 1776.13, 363673, 6459.31, 29967, 138489, 38.08
HARDWYN, EQ, 05-Aug-2026, 11.24, 11.33, 11.33, 11.20, 11.20, 11.24, 11.26, 1527893, 171.97, 1464, 876252, 57.35
HARIOMPIPE, EQ, 05-Aug-2026, 404.95, 408.95, 408.95, 401.75, 405.00, 405.55, 405.36, 109650, 444.47, 3196, 48152, 43.91
HARRMALAYA, EQ, 05-Aug-2026, 216.84, 221.50, 224.90, 216.25, 224.80, 223.12, 220.33, 12858, 28.33, 484, 9015, 70.11
HARSHA, EQ, 05-Aug-2026, 408.10, 414.65, 422.00, 408.30, 420.60, 419.75, 417.20, 130880, 546.03, 5465, 80225, 61.30
HATHWAY, EQ, 05-Aug-2026, 10.92, 10.94, 11.00, 10.87, 10.93, 10.90, 10.92, 857052, 93.58, 1728, 505355, 58.96
HATSUN, EQ, 05-Aug-2026, 891.40, 891.90, 922.00, 890.00, 910.00, 910.60, 910.17, 49608, 451.52, 3720, 27888, 56.22
HAVELLS, EQ, 05-Aug-2026, 1295.00, 1295.80, 1296.90, 1282.00, 1290.00, 1290.00, 1287.19, 1565263, 20147.98, 28206, 1125633, 71.91
HAVISHA, EQ, 05-Aug-2026, 1.36, 1.38, 1.49, 1.30, 1.45, 1.45, 1.41, 370654, 5.21, 301, 294846, 79.55
HAWKINCOOK, EQ, 05-Aug-2026, 8566.00, 8587.50, 8600.00, 8500.00, 8505.50, 8526.50, 8559.85, 472, 40.40, 281, 295, 62.50
HBESD, EQ, 05-Aug-2026, 74.25, 75.00, 78.00, 75.00, 78.00, 78.00, 77.89, 235, 0.18, 14, 235, 100.00
HBLENGINE, EQ, 05-Aug-2026, 729.20, 735.00, 745.00, 730.00, 737.00, 736.50, 736.19, 682249, 5022.65, 21330, 317377, 46.52
HBSL, EQ, 05-Aug-2026, 55.34, 56.50, 60.85, 56.50, 59.15, 59.08, 59.12, 23999, 14.19, 385, 15630, 65.13
HCC, EQ, 05-Aug-2026, 21.84, 22.04, 22.26, 21.76, 21.94, 21.91, 22.02, 11932538, 2627.47, 14290, 4674900, 39.18
HCG, EQ, 05-Aug-2026, 672.25, 672.25, 676.50, 662.00, 670.00, 669.50, 672.07, 74427, 500.20, 7263, 39665, 53.29
HCL-INSYS, EQ, 05-Aug-2026, 11.64, 12.00, 12.00, 11.33, 11.59, 11.59, 11.71, 287732, 33.69, 1030, 185976, 64.64
HCLTECH, EQ, 05-Aug-2026, 1369.90, 1370.00, 1375.00, 1337.10, 1350.00, 1350.00, 1350.12, 3215211, 43409.16, 82427, 1933186, 60.13
HDBFS, EQ, 05-Aug-2026, 678.55, 686.00, 686.40, 674.00, 675.00, 675.25, 680.50, 249520, 1697.98, 14646, 157839, 63.26
HDFCAMC, EQ, 05-Aug-2026, 2556.00, 2562.00, 2581.50, 2540.90, 2562.00, 2562.00, 2557.66, 582394, 14895.67, 30527, 356530, 61.22
HDFCBANK, EQ, 05-Aug-2026, 742.00, 733.80, 741.95, 732.60, 735.00, 735.00, 736.21, 60050538, 442100.02, 453005, 42940980, 71.51
HDFCBSE500, EQ, 05-Aug-2026, 38.09, 38.24, 38.29, 38.01, 38.28, 38.21, 38.18, 878063, 335.21, 323, 850064, 96.81
HDFCGOLD, EQ, 05-Aug-2026, 121.12, 122.74, 123.68, 122.02, 123.48, 123.44, 123.25, 3583049, 4416.16, 11364, 1938956, 54.11
HDFCGROWTH, EQ, 05-Aug-2026, 122.52, 122.52, 123.69, 122.52, 122.90, 122.94, 123.10, 35659, 43.90, 265, 15835, 44.41
HDFCLIFE, EQ, 05-Aug-2026, 535.95, 538.00, 546.60, 536.35, 545.00, 545.00, 542.63, 8073174, 43807.72, 127873, 5364675, 66.45
HDFCLIQUID, EQ, 05-Aug-2026, 1072.20, 1072.54, 1072.54, 1072.33, 1072.35, 1072.35, 1072.34, 15524, 166.47, 56, 9288, 59.83
HDFCLOWVOL, EQ, 05-Aug-2026, 21.15, 20.79, 21.31, 20.79, 21.28, 21.22, 21.22, 16995, 3.61, 81, 15827, 93.13
HDFCMID150, EQ, 05-Aug-2026, 23.64, 23.80, 23.88, 23.65, 23.75, 23.71, 23.71, 391362, 92.78, 1511, 204520, 52.26
HDFCMOMENT, EQ, 05-Aug-2026, 31.07, 31.23, 31.53, 31.09, 31.11, 31.22, 31.21, 112093, 34.98, 531, 66190, 59.05
HDFCNEXT50, EQ, 05-Aug-2026, 75.15, 75.90, 76.59, 74.64, 75.36, 75.39, 75.99, 897188, 681.76, 1054, 660426, 73.61
HDFCNIF100, EQ, 05-Aug-2026, 26.44, 26.44, 26.69, 26.17, 26.24, 26.36, 26.53, 37294, 9.89, 275, 29550, 79.24
HDFCNIFBAN, EQ, 05-Aug-2026, 59.24, 59.25, 60.10, 59.22, 60.10, 59.68, 59.56, 111688, 66.52, 521, 93441, 83.66
HDFCNIFIT, EQ, 05-Aug-2026, 33.47, 33.47, 33.76, 33.00, 33.00, 33.22, 33.56, 164947, 55.35, 297, 82520, 50.03
HDFCNIFTY, EQ, 05-Aug-2026, 272.18, 276.78, 278.00, 272.50, 273.00, 276.09, 276.72, 128887, 356.65, 1606, 101222, 78.54
HDFCNIMEG, EQ, 05-Aug-2026, 142.82, 133.77, 134.85, 130.01, 133.80, 132.67, 131.14, 48940, 64.18, 585, 25586, 52.28
HDFCPSUBK, EQ, 05-Aug-2026, 84.77, 84.77, 87.00, 84.63, 84.63, 86.31, 86.45, 241921, 209.13, 513, 174137, 71.98
HDFCPVTBAN, EQ, 05-Aug-2026, 28.28, 28.36, 28.42, 28.11, 28.17, 28.25, 28.27, 189276, 53.51, 490, 93501, 49.40
HDFCQUAL, EQ, 05-Aug-2026, 59.44, 59.75, 59.96, 59.64, 59.66, 59.68, 59.68, 23695, 14.14, 139, 18853, 79.57
HDFCSENSEX, EQ, 05-Aug-2026, 89.11, 89.90, 89.90, 88.74, 89.25, 89.13, 89.14, 34460, 30.72, 585, 25345, 73.55
HDFCSILVER, EQ, 05-Aug-2026, 207.22, 210.61, 214.19, 210.03, 213.43, 213.52, 212.96, 4791685, 10204.27, 18220, 1982669, 41.38
HDFCSML250, EQ, 05-Aug-2026, 183.29, 184.15, 185.25, 184.00, 185.20, 185.10, 184.85, 2401906, 4439.95, 10938, 1663990, 69.28
HDFCVALUE, EQ, 05-Aug-2026, 127.90, 128.14, 128.80, 127.05, 127.05, 127.55, 127.71, 12487, 15.95, 94, 5763, 46.15
HDIL, BZ, 05-Aug-2026, 1.65, 1.67, 1.68, 1.57, 1.62, 1.61, 1.60, 657739, 10.53, 386, -, -
HEADSUP, EQ, 05-Aug-2026, 7.17, 7.24, 7.24, 6.67, 7.08, 7.04, 7.03, 24377, 1.71, 121, 14305, 58.68
HEALTHADD, EQ, 05-Aug-2026, 16.84, 16.90, 16.90, 16.53, 16.85, 16.60, 16.67, 50086, 8.35, 127, 46727, 93.29
HEALTHAXIS, EQ, 05-Aug-2026, 170.08, 173.16, 173.16, 168.93, 169.89, 169.55, 169.25, 43189, 73.10, 119, 27673, 64.07
HEALTHCARE, EQ, 05-Aug-2026, 21.62, 21.62, 21.70, 21.49, 21.64, 21.67, 21.62, 40035, 8.66, 199, 28590, 71.41
HEALTHIETF, EQ, 05-Aug-2026, 171.54, 171.54, 172.64, 168.13, 169.02, 170.78, 170.84, 116267, 198.63, 1866, 58559, 50.37
HEALTHX, EQ, 05-Aug-2026, 316.70, 321.15, 321.15, 305.00, 309.00, 306.20, 308.87, 2763, 8.53, 172, 1356, 49.08
HEALTHY, EQ, 05-Aug-2026, 17.20, 17.21, 17.38, 17.05, 17.25, 17.20, 17.16, 271313, 46.57, 1179, 158168, 58.30
HECPROJECT, EQ, 05-Aug-2026, 136.89, 136.80, 136.89, 131.40, 131.40, 131.80, 133.70, 14266, 19.07, 328, 9550, 66.94
HEG, EQ, 05-Aug-2026, 678.95, 678.85, 698.00, 674.10, 686.05, 686.20, 690.31, 3175922, 21923.61, 54289, 1047316, 32.98
HEIDELBERG, EQ, 05-Aug-2026, 156.13, 156.00, 157.59, 156.00, 156.88, 156.49, 156.73, 40303, 63.17, 1324, 25349, 62.90
HEMIPROP, EQ, 05-Aug-2026, 138.88, 139.50, 141.18, 138.00, 138.30, 138.22, 139.54, 378574, 528.25, 2741, 183061, 48.36
HERANBA, EQ, 05-Aug-2026, 181.30, 182.07, 185.80, 178.26, 179.35, 179.18, 180.56, 27091, 48.92, 824, 14860, 54.85
HERITGFOOD, EQ, 05-Aug-2026, 335.55, 335.60, 341.75, 335.60, 338.55, 337.90, 339.10, 298357, 1011.72, 5701, 158270, 53.05
HEROMOTOCO, EQ, 05-Aug-2026, 5548.00, 5578.00, 5705.00, 5555.00, 5690.00, 5690.00, 5658.54, 893125, 50537.83, 63548, 459979, 51.50
HESTERBIO, EQ, 05-Aug-2026, 2481.90, 2479.10, 2479.90, 2425.00, 2426.00, 2433.30, 2446.38, 5018, 122.76, 1016, 2469, 49.20
HEXAGON, BE, 05-Aug-2026, 66.81, 67.75, 67.75, 65.00, 66.90, 66.56, 66.61, 182340, 121.46, 758, -, -
HEXATRADEX, EQ, 05-Aug-2026, 162.09, 161.98, 161.98, 159.20, 159.25, 160.22, 160.46, 1923, 3.09, 49, 1863, 96.88
HEXT, EQ, 05-Aug-2026, 554.95, 565.00, 577.00, 548.80, 569.10, 570.60, 559.24, 454746, 2543.13, 14426, 204058, 44.87
HFCL, EQ, 05-Aug-2026, 202.78, 205.80, 212.91, 205.03, 211.44, 212.23, 211.42, 37479685, 79238.80, 95860, 13697003, 36.55
HGINFRA, EQ, 05-Aug-2026, 547.50, 547.55, 551.50, 541.00, 547.00, 542.90, 545.72, 31195, 170.24, 2260, 19489, 62.47
HGM, EQ, 05-Aug-2026, 49.62, 49.62, 50.80, 48.78, 49.00, 49.64, 50.20, 2595, 1.30, 35, 2361, 90.98
HGS, EQ, 05-Aug-2026, 421.45, 424.00, 425.95, 419.50, 425.10, 423.50, 423.71, 18701, 79.24, 918, 12231, 65.40
HIGREEN, SM, 05-Aug-2026, 137.60, 136.50, 138.90, 136.00, 138.50, 138.50, 137.65, 23200, 31.94, 29, 14400, 62.07
HIKAL, EQ, 05-Aug-2026, 228.54, 229.00, 234.15, 228.76, 233.00, 232.58, 232.19, 350112, 812.94, 6290, 179158, 51.17
HILINFRA, EQ, 05-Aug-2026, 45.73, 46.00, 46.89, 45.00, 45.35, 45.45, 45.65, 48393, 22.09, 480, 31562, 65.22
HILTON, BE, 05-Aug-2026, 21.05, 21.15, 21.33, 20.75, 21.13, 20.89, 21.02, 55132, 11.59, 159, -, -
HIMATSEIDE, EQ, 05-Aug-2026, 81.05, 81.48, 81.95, 79.62, 79.70, 79.89, 81.03, 517951, 419.67, 3313, 314115, 60.65
HINDALCO, EQ, 05-Aug-2026, 1020.00, 1028.50, 1040.00, 1011.30, 1040.00, 1040.00, 1024.88, 5041671, 51671.30, 106447, 2335777, 46.33
HINDCOMPOS, EQ, 05-Aug-2026, 425.80, 430.90, 431.95, 418.00, 430.00, 424.85, 425.16, 3691, 15.69, 370, 1912, 51.80
HINDCON, EQ, 05-Aug-2026, 22.78, 22.90, 23.22, 22.51, 22.99, 22.97, 22.92, 9723, 2.23, 103, 7731, 79.51
HINDCOPPER, EQ, 05-Aug-2026, 492.35, 496.20, 539.60, 495.10, 533.25, 533.80, 519.18, 22701332, 117860.46, 253196, 6676913, 29.41
HINDOILEXP, EQ, 05-Aug-2026, 161.49, 161.20, 161.98, 157.80, 158.05, 158.41, 159.29, 230446, 367.07, 2554, 127558, 55.35
HINDPETRO, EQ, 05-Aug-2026, 391.50, 398.45, 401.05, 393.50, 394.95, 394.95, 396.95, 6047719, 24006.52, 52612, 3207112, 53.03
HINDUNILVR, EQ, 05-Aug-2026, 2096.50, 2085.30, 2097.80, 2074.20, 2085.30, 2085.30, 2081.51, 1150148, 23940.47, 61511, 644514, 56.04
HINDWAREAP, EQ, 05-Aug-2026, 219.54, 219.00, 225.00, 217.00, 217.10, 218.17, 219.76, 57805, 127.03, 1645, 32024, 55.40
HINDZINC, EQ, 05-Aug-2026, 562.90, 570.00, 598.50, 568.00, 596.95, 596.95, 584.95, 13488635, 78901.18, 152845, 6240510, 46.26
HIRECT, EQ, 05-Aug-2026, 1320.40, 1325.90, 1360.00, 1310.10, 1324.40, 1330.40, 1333.31, 117393, 1565.21, 7114, 49136, 41.86
HISARMETAL, EQ, 05-Aug-2026, 148.75, 148.75, 153.63, 145.56, 146.00, 147.38, 147.59, 4284, 6.32, 85, 2386, 55.70
HITECH, EQ, 05-Aug-2026, 85.95, 86.50, 86.79, 85.01, 85.06, 85.34, 85.80, 315502, 270.70, 3323, 177518, 56.27
HITECHCORP, BE, 05-Aug-2026, 321.85, 320.00, 322.00, 319.30, 320.10, 320.20, 320.62, 10405, 33.36, 93, -, -
HITECHGEAR, BE, 05-Aug-2026, 565.25, 568.00, 593.50, 560.05, 569.90, 568.95, 573.80, 5567, 31.94, 94, -, -
HLEGLAS, EQ, 05-Aug-2026, 422.95, 428.15, 432.35, 422.00, 428.50, 428.40, 427.86, 152589, 652.87, 6439, 77607, 50.86
HLVLTD, EQ, 05-Aug-2026, 7.09, 7.02, 7.30, 7.02, 7.18, 7.22, 7.22, 194222, 14.02, 663, 136700, 70.38
HMAAGRO, EQ, 05-Aug-2026, 20.80, 20.80, 21.59, 20.50, 20.80, 20.67, 21.01, 1183613, 248.71, 2071, 857075, 72.41
HMT, BZ, 05-Aug-2026, 60.04, 60.04, 62.00, 60.00, 61.48, 61.48, 61.02, 13602, 8.30, 115, -, -
HMVL, EQ, 05-Aug-2026, 104.45, 104.00, 107.80, 100.51, 107.80, 104.05, 103.45, 275093, 284.60, 3171, 161454, 58.69
HNDFDS, EQ, 05-Aug-2026, 586.85, 570.05, 578.80, 548.85, 575.00, 576.95, 568.22, 327480, 1860.81, 23439, 183048, 55.90
HNGSNGBEES, EQ, 05-Aug-2026, 489.22, 489.22, 496.10, 487.00, 488.80, 489.41, 491.28, 90517, 444.69, 3664, 56732, 62.68
HOACFOODS, ST, 05-Aug-2026, 717.50, 710.00, 729.95, 710.00, 725.00, 725.00, 721.64, 2250, 16.24, 5, 2250, 100.00
HOLMARC, SM, 05-Aug-2026, 101.00, 106.00, 106.00, 105.00, 105.30, 105.15, 105.33, 5250, 5.53, 7, 5250, 100.00
HOMEFIRST, EQ, 05-Aug-2026, 1169.70, 1175.20, 1192.00, 1172.90, 1184.00, 1186.90, 1180.93, 139493, 1647.31, 12091, 77940, 55.87
HONASA, EQ, 05-Aug-2026, 459.40, 460.00, 463.95, 455.95, 461.95, 459.65, 459.78, 545034, 2505.97, 19031, 264115, 48.46
HONAUT, EQ, 05-Aug-2026, 38190.00, 38190.00, 38600.00, 37990.00, 38535.00, 38375.00, 38349.53, 4804, 1842.31, 2675, 2977, 61.97
HONDAPOWER, EQ, 05-Aug-2026, 2104.30, 2132.80, 2132.80, 2083.10, 2112.00, 2099.60, 2110.12, 3353, 70.75, 497, 2243, 66.90
HPAL, EQ, 05-Aug-2026, 34.07, 34.69, 34.90, 33.65, 33.68, 34.02, 34.36, 39891, 13.71, 576, 27180, 68.14
HPIL, EQ, 05-Aug-2026, 125.05, 127.00, 131.00, 127.00, 128.80, 129.61, 129.05, 38048, 49.10, 68, 36288, 95.37
HPL, EQ, 05-Aug-2026, 335.65, 338.50, 353.00, 336.40, 350.00, 347.95, 343.65, 207828, 714.20, 5308, 80901, 38.93
HPTL, SM, 05-Aug-2026, 327.95, 311.60, 311.60, 311.60, 311.60, 311.60, 311.60, 1200, 3.74, 2, 1200, 100.00
HRHNEXT, SM, 05-Aug-2026, 27.00, 27.00, 27.00, 27.00, 27.00, 27.00, 27.00, 3000, 0.81, 2, 3000, 100.00
HSBCGOLD, EQ, 05-Aug-2026, 123.72, 124.33, 126.29, 124.00, 126.29, 125.97, 125.41, 13104, 16.43, 65, 12615, 96.27
HSCL, EQ, 05-Aug-2026, 751.65, 754.90, 767.00, 746.35, 749.75, 748.95, 754.13, 2130026, 16063.20, 31410, 587624, 27.59
HTMEDIA, EQ, 05-Aug-2026, 26.50, 27.01, 31.30, 27.01, 28.49, 28.66, 29.40, 4510678, 1325.93, 9444, 1782892, 39.53
HUBTOWN, EQ, 05-Aug-2026, 188.64, 189.50, 190.99, 179.72, 181.65, 181.47, 183.16, 1110632, 2034.19, 7618, 650968, 58.61
HUDCO, EQ, 05-Aug-2026, 203.41, 204.00, 204.68, 201.31, 202.00, 202.84, 203.06, 2167517, 4401.41, 26020, 892756, 41.19
HUHTAMAKI, EQ, 05-Aug-2026, 288.30, 286.80, 294.15, 278.10, 282.05, 284.10, 288.04, 228129, 657.10, 6485, 103822, 45.51
HVAX, SM, 05-Aug-2026, 617.00, 620.00, 620.00, 620.00, 620.00, 620.00, 620.00, 150, 0.93, 1, 150, 100.00
HYBRIDETF, EQ, 05-Aug-2026, 10.09, 10.29, 10.29, 10.11, 10.12, 10.12, 10.12, 63919, 6.47, 44, 61917, 96.87
HYBRIDFIN, BE, 05-Aug-2026, 18.11, 18.11, 18.58, 17.53, 18.00, 18.00, 17.94, 5400, 0.97, 27, -, -
HYUNDAI, EQ, 05-Aug-2026, 2220.00, 2213.00, 2226.60, 2192.80, 2218.50, 2218.50, 2209.09, 391896, 8657.33, 28432, 210784, 53.79
IBLFL, SM, 05-Aug-2026, 61.60, 61.00, 61.00, 61.00, 61.00, 61.00, 61.00, 6000, 3.66, 3, 6000, 100.00
IBULLSLTD, BE, 05-Aug-2026, 27.67, 28.08, 29.05, 27.80, 29.05, 29.05, 28.89, 6980998, 2016.66, 4022, -, -
ICDSLTD, EQ, 05-Aug-2026, 43.61, 45.00, 45.00, 42.70, 43.52, 43.52, 43.33, 260, 0.11, 19, 240, 92.31
ICELCO, SM, 05-Aug-2026, 145.45, 147.80, 154.70, 147.80, 151.20, 152.70, 151.77, 63600, 96.53, 53, 49200, 77.36
ICEMAKE, EQ, 05-Aug-2026, 820.85, 825.00, 826.45, 815.70, 816.10, 817.85, 820.42, 10654, 87.41, 760, 6876, 64.54
ICICIAMC, EQ, 05-Aug-2026, 3063.80, 3098.80, 3100.00, 3056.60, 3071.00, 3081.80, 3079.35, 219168, 6748.94, 23657, 134139, 61.20
ICICIB22, EQ, 05-Aug-2026, 117.12, 118.32, 118.32, 117.12, 117.25, 117.34, 117.45, 251304, 295.17, 2976, 166327, 66.19
ICICIBANK, EQ, 05-Aug-2026, 1454.60, 1454.60, 1454.60, 1431.20, 1450.10, 1450.10, 1442.50, 11723296, 169108.30, 169434, 5881584, 50.17
ICICIGI, EQ, 05-Aug-2026, 1644.80, 1729.30, 1771.00, 1662.60, 1684.00, 1684.00, 1697.89, 3035804, 51544.60, 144222, 1377760, 45.38
ICICIPRULI, EQ, 05-Aug-2026, 513.55, 515.00, 516.80, 505.35, 516.55, 516.55, 513.86, 1130125, 5807.21, 24887, 640629, 56.69
ICIL, EQ, 05-Aug-2026, 419.75, 421.90, 427.35, 412.75, 416.00, 418.65, 420.47, 431878, 1815.90, 13173, 153037, 35.44
ICRA, EQ, 05-Aug-2026, 5149.00, 5135.00, 5197.00, 5107.70, 5122.00, 5121.90, 5162.06, 47170, 2434.95, 6344, 32346, 68.57
IDBI, EQ, 05-Aug-2026, 84.55, 84.84, 85.25, 84.10, 84.32, 84.32, 84.63, 2660894, 2251.94, 12973, 1023483, 38.46
IDEA, EQ, 05-Aug-2026, 12.90, 12.91, 13.04, 12.77, 12.80, 12.80, 12.90, 204366752, 26365.48, 250586, 46075994, 22.55
IDEAFORGE, BE, 05-Aug-2026, 882.30, 884.95, 885.00, 865.00, 871.60, 872.40, 871.78, 106215, 925.96, 4375, -, -
IDEALTECHO, SM, 05-Aug-2026, 175.85, 162.00, 180.00, 157.00, 180.00, 180.00, 164.15, 18500, 30.37, 12, 17000, 91.89
IDENTICAL, SM, 05-Aug-2026, 17.55, 18.40, 18.40, 18.40, 18.40, 18.40, 18.40, 2000, 0.37, 1, 2000, 100.00
IDFCFIRSTB, EQ, 05-Aug-2026, 86.00, 86.00, 86.25, 84.72, 85.30, 85.30, 85.40, 15014901, 12822.83, 40918, 7671235, 51.09
IDFNIFTYET, EQ, 05-Aug-2026, 271.13, 271.94, 272.89, 270.49, 272.35, 272.26, 272.02, 1988, 5.41, 37, 1104, 55.53
IEML, SM, 05-Aug-2026, 42.00, 42.95, 42.95, 39.90, 39.90, 40.45, 41.01, 36500, 14.97, 49, 32500, 89.04
IEX, EQ, 05-Aug-2026, 129.20, 130.29, 130.95, 129.08, 129.59, 129.59, 129.91, 3050031, 3962.31, 26243, 1546890, 50.72
IFBAGRO, BE, 05-Aug-2026, 973.60, 989.50, 995.00, 965.10, 984.00, 978.35, 985.20, 3447, 33.96, 183, -, -
IFBIND, EQ, 05-Aug-2026, 1369.40, 1390.00, 1468.00, 1378.60, 1434.00, 1443.00, 1434.16, 283896, 4071.53, 21952, 128510, 45.27
IFCI, EQ, 05-Aug-2026, 75.90, 76.45, 76.98, 75.40, 75.70, 75.64, 76.10, 7885321, 6000.37, 24010, 2631379, 33.37
IFGLEXPOR, EQ, 05-Aug-2026, 217.08, 219.90, 227.60, 213.00, 217.50, 219.62, 220.54, 121340, 267.60, 3283, 57716, 47.57
IGARASHI, EQ, 05-Aug-2026, 460.75, 462.50, 469.80, 459.00, 459.10, 461.05, 462.91, 36422, 168.60, 2003, 17988, 49.39
IGCL, EQ, 05-Aug-2026, 75.28, 76.76, 76.76, 74.50, 74.50, 75.06, 75.33, 90966, 68.53, 935, 66223, 72.80
IGIL, EQ, 05-Aug-2026, 362.10, 359.00, 368.60, 358.00, 360.90, 363.85, 365.21, 616032, 2249.81, 21107, 409250, 66.43
IGL, EQ, 05-Aug-2026, 153.93, 155.98, 155.98, 153.60, 153.60, 154.08, 154.24, 630464, 972.42, 22158, 361937, 57.41
IGPL, EQ, 05-Aug-2026, 503.90, 509.00, 521.95, 499.00, 517.00, 514.45, 511.57, 125170, 640.33, 3983, 81500, 65.11
IIFL, EQ, 05-Aug-2026, 607.65, 610.60, 616.55, 608.20, 608.50, 610.20, 612.12, 911506, 5579.54, 24106, 477778, 52.42
IIFLCAPS, EQ, 05-Aug-2026, 334.90, 334.50, 337.90, 334.50, 336.00, 335.35, 335.70, 150852, 506.42, 6843, 91936, 60.94
IITL, EQ, 05-Aug-2026, 141.19, 143.60, 147.29, 138.00, 145.98, 142.58, 140.71, 136790, 192.47, 1560, 32311, 23.62
IKIO, EQ, 05-Aug-2026, 199.95, 199.95, 208.00, 199.80, 206.00, 205.26, 205.30, 210644, 432.45, 3344, 76321, 36.23
IKS, EQ, 05-Aug-2026, 1845.90, 1872.00, 1890.00, 1850.50, 1884.00, 1877.70, 1868.03, 82155, 1534.68, 11809, 44450, 54.11
IL&FSENGG, BZ, 05-Aug-2026, 35.16, 36.50, 36.50, 34.01, 35.00, 35.00, 34.93, 20417, 7.13, 75, -, -
IL&FSTRANS, BZ, 05-Aug-2026, 2.13, 2.15, 2.15, 2.05, 2.14, 2.13, 2.11, 34705, 0.73, 63, -, -
IMAGICAA, EQ, 05-Aug-2026, 48.70, 48.70, 50.10, 48.32, 48.65, 49.61, 49.30, 856491, 422.28, 3913, 499063, 58.27
IMFA, EQ, 05-Aug-2026, 1467.30, 1487.70, 1517.60, 1466.00, 1496.00, 1489.90, 1492.55, 567983, 8477.43, 30768, 237095, 41.74
IMPAL, EQ, 05-Aug-2026, 1116.10, 1115.30, 1121.90, 1107.90, 1120.00, 1115.30, 1115.21, 847, 9.45, 130, 589, 69.54
IMPEXFERRO, BZ, 05-Aug-2026, 2.75, 2.88, 2.88, 2.88, 2.88, 2.88, 2.88, 18598, 0.54, 10, -, -
INA, EQ, 05-Aug-2026, 115.92, 116.03, 116.87, 112.40, 112.50, 113.34, 114.08, 315643, 360.08, 3891, 184270, 58.38
INCREDIBLE, EQ, 05-Aug-2026, 32.40, 32.42, 34.50, 32.30, 33.10, 33.02, 33.59, 27528, 9.25, 120, 21278, 77.30
INDBANK, EQ, 05-Aug-2026, 32.25, 32.60, 32.74, 32.30, 32.45, 32.40, 32.50, 14878, 4.84, 282, 9143, 61.45
INDGN, EQ, 05-Aug-2026, 553.75, 559.90, 562.60, 532.45, 537.65, 540.30, 548.58, 745330, 4088.77, 34796, 453041, 60.78
INDHOTEL, EQ, 05-Aug-2026, 750.00, 752.00, 752.90, 733.95, 741.05, 741.05, 741.15, 2562899, 18994.94, 47752, 1389960, 54.23
INDIACEM, EQ, 05-Aug-2026, 391.40, 391.80, 395.65, 388.80, 391.05, 392.80, 392.63, 94830, 372.33, 6594, 35816, 37.77
INDIAGLYCO, EQ, 05-Aug-2026, 1164.10, 1180.80, 1180.80, 1145.00, 1150.80, 1155.30, 1154.05, 112034, 1292.93, 8089, 58746, 52.44
INDIAMART, EQ, 05-Aug-2026, 1774.80, 1795.60, 1796.00, 1760.00, 1779.50, 1775.70, 1776.42, 90440, 1606.59, 17460, 60832, 67.26
INDIANB, EQ, 05-Aug-2026, 845.00, 851.90, 864.50, 845.20, 854.00, 854.00, 854.54, 1605357, 13718.37, 71084, 724936, 45.16
INDIANCARD, EQ, 05-Aug-2026, 224.99, 226.00, 226.00, 221.50, 222.00, 222.00, 222.47, 580, 1.29, 36, 565, 97.41
INDIANHUME, EQ, 05-Aug-2026, 396.80, 401.10, 403.00, 387.00, 389.30, 390.30, 396.27, 46995, 186.23, 2146, 23638, 50.30
INDIASHLTR, EQ, 05-Aug-2026, 732.45, 741.70, 748.10, 725.00, 730.00, 732.75, 735.53, 72466, 533.01, 8431, 34736, 47.93
INDIGO, EQ, 05-Aug-2026, 5358.00, 5460.00, 5508.00, 5367.00, 5400.00, 5400.00, 5422.45, 1052626, 57078.11, 69805, 477213, 45.34
INDIGOPNTS, EQ, 05-Aug-2026, 1089.20, 1100.80, 1114.30, 1070.50, 1097.20, 1090.80, 1099.02, 40049, 440.15, 7309, 18350, 45.82
INDIGRID, IV, 05-Aug-2026, 177.50, 178.70, 178.70, 176.44, 178.32, 177.88, 177.42, 1931760, 3427.26, 15886, 1717136, 88.89
INDIQUBE, EQ, 05-Aug-2026, 171.93, 172.88, 174.80, 169.52, 174.00, 173.70, 172.52, 15612, 26.93, 528, 8885, 56.91
INDNIPPON, EQ, 05-Aug-2026, 1183.00, 1199.40, 1199.40, 1115.50, 1136.00, 1136.60, 1141.19, 68715, 784.17, 6225, 38880, 56.58
INDOAMIN, BE, 05-Aug-2026, 126.23, 127.60, 130.50, 125.00, 129.75, 128.84, 128.30, 58261, 74.75, 398, -, -
INDOBORAX, EQ, 05-Aug-2026, 404.60, 405.05, 418.00, 399.50, 411.80, 412.25, 408.08, 122198, 498.66, 5353, 44705, 36.58
INDOCO, EQ, 05-Aug-2026, 223.58, 226.90, 226.90, 222.00, 222.00, 222.72, 223.44, 44970, 100.48, 1707, 22967, 51.07
INDOFARM, EQ, 05-Aug-2026, 157.65, 159.60, 165.00, 159.10, 161.15, 162.74, 162.61, 250044, 406.60, 5126, 125506, 50.19
INDOMIM, EQ, 05-Aug-2026, 769.40, 770.00, 827.40, 761.05, 805.00, 801.95, 797.67, 6332626, 50513.58, 148649, 1669867, 26.37
INDORAMA, EQ, 05-Aug-2026, 64.46, 64.47, 65.41, 62.10, 62.71, 62.84, 63.88, 305295, 195.03, 3231, 159316, 52.18
INDOSTAR, EQ, 05-Aug-2026, 238.30, 240.00, 240.45, 232.10, 232.10, 233.70, 236.43, 180375, 426.46, 2330, 132397, 73.40
INDOTECH, BE, 05-Aug-2026, 3556.00, 3556.00, 3625.00, 3501.00, 3602.00, 3607.20, 3577.70, 20590, 736.65, 1136, -, -
INDOTHAI, EQ, 05-Aug-2026, 136.60, 122.94, 122.94, 122.94, 122.94, 122.94, 122.94, 97492, 119.86, 1068, 97491, 100.00
INDOUS, EQ, 05-Aug-2026, 82.79, 84.01, 84.01, 80.72, 81.00, 81.50, 81.75, 27921, 22.82, 283, 12710, 45.52
INDOWIND, BE, 05-Aug-2026, 9.17, 9.22, 9.22, 9.07, 9.10, 9.10, 9.13, 128542, 11.74, 357, -, -
INDPRUD, EQ, 05-Aug-2026, 6567.00, 6640.00, 6645.00, 6010.00, 6444.00, 6346.00, 6427.33, 195, 12.53, 74, 138, 70.77
INDRAMEDCO, EQ, 05-Aug-2026, 370.45, 373.20, 373.80, 367.05, 368.40, 368.30, 369.74, 108881, 402.58, 3012, 69233, 63.59
INDSWFTLAB, EQ, 05-Aug-2026, 230.21, 231.90, 235.17, 227.95, 231.45, 230.42, 231.10, 236244, 545.95, 4672, 124485, 52.69
INDTERRAIN, EQ, 05-Aug-2026, 31.89, 32.50, 33.18, 31.81, 32.00, 31.84, 32.23, 39909, 12.86, 361, 33483, 83.90
INDUSINDBK, EQ, 05-Aug-2026, 1026.00, 1025.00, 1038.00, 1013.10, 1019.00, 1019.00, 1024.69, 1367377, 14011.39, 35535, 669044, 48.93
INDUSINVIT, IV, 05-Aug-2026, 132.08, 132.72, 132.72, 131.85, 132.45, 132.07, 132.01, 217360, 286.93, 1057, 214386, 98.63
INDUSTOWER, EQ, 05-Aug-2026, 390.00, 392.40, 393.05, 385.80, 385.85, 385.85, 388.44, 3522936, 13684.34, 48725, 1918018, 54.44
INFINIUM, SM, 05-Aug-2026, 206.95, 210.50, 210.50, 203.25, 205.00, 205.00, 205.56, 3500, 7.19, 7, 3000, 85.71
INFLUX, SM, 05-Aug-2026, 287.50, 290.00, 305.00, 285.00, 305.00, 297.65, 292.86, 12000, 35.14, 20, 7800, 65.00
INFOBEAN, EQ, 05-Aug-2026, 172.73, 175.53, 175.88, 168.42, 168.80, 169.62, 171.80, 206054, 354.01, 3257, 101555, 49.29
INFOLLION, SM, 05-Aug-2026, 162.55, 155.15, 160.90, 155.15, 157.70, 157.70, 159.23, 12800, 20.38, 21, 10000, 78.13
INFOMEDIA, EQ, 05-Aug-2026, 5.38, 5.37, 5.56, 5.30, 5.44, 5.43, 5.37, 9483, 0.51, 40, 7988, 84.23
INFRA, EQ, 05-Aug-2026, 12.20, 12.32, 12.34, 12.23, 12.25, 12.23, 12.28, 13383, 1.64, 126, 12521, 93.56
INFRABEES, EQ, 05-Aug-2026, 968.52, 981.50, 987.81, 971.32, 978.99, 974.15, 976.55, 5036, 49.18, 466, 2713, 53.87
INFRAIETF, EQ, 05-Aug-2026, 97.01, 97.49, 97.75, 96.81, 97.48, 97.13, 97.20, 124482, 121.00, 1485, 71975, 57.82
INFY, EQ, 05-Aug-2026, 1167.50, 1174.70, 1177.50, 1162.30, 1174.00, 1174.00, 1168.01, 9964155, 116382.60, 132200, 5186041, 52.05
INGERRAND, EQ, 05-Aug-2026, 4401.40, 4401.40, 4439.90, 4265.10, 4321.80, 4304.70, 4358.16, 15263, 665.19, 2553, 5717, 37.46
INM, SM, 05-Aug-2026, 180.00, 175.00, 175.00, 171.00, 171.00, 171.00, 172.01, 2400, 4.13, 4, 2400, 100.00
INNOMET, ST, 05-Aug-2026, 185.00, 183.00, 183.25, 183.00, 183.15, 183.15, 183.07, 24000, 43.94, 32, 22800, 95.00
INNOVACAP, EQ, 05-Aug-2026, 941.95, 951.95, 959.45, 925.20, 946.90, 945.00, 937.73, 22902, 214.76, 2334, 13167, 57.49
INNOVANA, EQ, 05-Aug-2026, 323.75, 315.05, 334.00, 315.05, 331.00, 331.05, 327.05, 2913, 9.53, 81, 2250, 77.24
INNOVISION, EQ, 05-Aug-2026, 286.75, 286.75, 288.00, 285.20, 286.00, 285.80, 286.05, 7259, 20.76, 347, 5256, 72.41
INOXGREEN, BE, 05-Aug-2026, 178.29, 175.00, 179.50, 170.90, 176.10, 178.28, 176.04, 401446, 706.71, 1803, -, -
INOXINDIA, EQ, 05-Aug-2026, 1901.40, 1920.90, 1973.30, 1920.90, 1948.00, 1937.50, 1946.73, 191903, 3735.83, 22641, 94871, 49.44
INOXWIND, EQ, 05-Aug-2026, 79.21, 79.55, 80.36, 78.11, 78.86, 78.86, 79.11, 6755805, 5344.38, 27464, 2476741, 36.66
INSECTICID, EQ, 05-Aug-2026, 658.35, 659.90, 659.90, 642.75, 648.80, 649.00, 648.61, 12435, 80.65, 1078, 6902, 55.50
INSPIRISYS, BE, 05-Aug-2026, 97.00, 97.48, 99.78, 97.48, 98.94, 98.73, 97.95, 3026, 2.96, 35, -, -
INSUREIETF, EQ, 05-Aug-2026, 15.84, 16.28, 16.28, 15.70, 15.71, 15.73, 15.76, 34855, 5.49, 132, 34195, 98.11
INTELLECT, EQ, 05-Aug-2026, 748.70, 760.00, 760.00, 742.00, 747.95, 746.20, 750.68, 270731, 2032.33, 11986, 114860, 42.43
INTENTECH, EQ, 05-Aug-2026, 81.64, 81.64, 88.99, 81.64, 85.21, 85.23, 85.20, 54228, 46.20, 1041, 28338, 52.26
INTERARCH, EQ, 05-Aug-2026, 1843.10, 1844.80, 1920.00, 1836.50, 1836.50, 1846.00, 1876.97, 73915, 1387.37, 7682, 33852, 45.80
INTERNET, EQ, 05-Aug-2026, 13.87, 13.89, 14.00, 13.87, 13.88, 13.89, 13.91, 156456, 21.76, 164, 120959, 77.31
INTLCONV, EQ, 05-Aug-2026, 74.93, 76.05, 76.35, 74.95, 76.35, 75.67, 75.67, 33231, 25.15, 760, 20592, 61.97
INVENTURE, EQ, 05-Aug-2026, 0.91, 0.92, 0.93, 0.91, 0.92, 0.91, 0.92, 1150075, 10.60, 332, 549446, 47.77
INVICTA, SM, 05-Aug-2026, 74.40, 74.25, 80.00, 73.75, 78.00, 78.00, 74.02, 206400, 152.77, 11, 200000, 96.90
INVPRECQ, BE, 05-Aug-2026, 1135.20, 1154.80, 1154.80, 1101.00, 1142.00, 1130.80, 1143.29, 3646, 41.68, 136, -, -
IOB, EQ, 05-Aug-2026, 34.29, 34.49, 34.74, 34.06, 34.19, 34.20, 34.37, 2322568, 798.24, 12870, 1093379, 47.08
IOC, EQ, 05-Aug-2026, 141.60, 143.89, 144.60, 142.94, 144.00, 144.00, 143.71, 8582513, 12334.23, 43001, 4129851, 48.12
IOLCP, EQ, 05-Aug-2026, 153.74, 155.00, 164.57, 154.50, 161.80, 163.41, 160.92, 3839940, 6179.23, 31835, 1535014, 39.97
IONEXCHANG, EQ, 05-Aug-2026, 424.60, 425.95, 429.90, 414.00, 415.50, 415.70, 419.52, 257801, 1081.54, 10546, 151562, 58.79
IPCALAB, EQ, 05-Aug-2026, 1694.70, 1702.60, 1778.00, 1682.50, 1778.00, 1765.00, 1734.21, 290079, 5030.57, 26168, 150742, 51.97
IPHL, SM, 05-Aug-2026, 75.55, 68.10, 76.90, 68.10, 72.85, 72.85, 72.20, 58800, 42.45, 34, 38400, 65.31
IPL, EQ, 05-Aug-2026, 145.69, 145.07, 147.54, 145.07, 145.90, 145.40, 145.87, 157630, 229.94, 2602, 71723, 45.50
IRB, EQ, 05-Aug-2026, 20.13, 20.13, 20.22, 20.06, 20.09, 20.09, 20.12, 4952094, 996.16, 13046, 2608932, 52.68
IRBINVIT, IV, 05-Aug-2026, 63.28, 63.48, 63.65, 63.21, 63.61, 63.62, 63.45, 1280524, 812.44, 5019, 1222912, 95.50
IRCON, EQ, 05-Aug-2026, 131.93, 132.30, 133.82, 131.00, 131.40, 131.36, 132.04, 1178901, 1556.61, 11377, 432943, 36.72
IRCTC, EQ, 05-Aug-2026, 510.25, 510.60, 512.70, 507.25, 511.00, 510.25, 509.71, 703351, 3585.05, 22726, 358736, 51.00
IREDA, EQ, 05-Aug-2026, 120.35, 121.35, 121.35, 119.10, 120.70, 120.70, 120.32, 8964128, 10785.97, 40104, 3040353, 33.92
IRFC, EQ, 05-Aug-2026, 89.60, 89.81, 90.58, 88.50, 88.90, 88.90, 89.38, 7065708, 6315.26, 38318, 2805235, 39.70
IRIS, EQ, 05-Aug-2026, 258.17, 256.10, 270.00, 255.00, 269.99, 266.96, 262.05, 32408, 84.93, 1715, 20672, 63.79
IRISDOREME, EQ, 05-Aug-2026, 53.25, 53.50, 54.00, 53.02, 53.70, 53.48, 53.43, 488388, 260.96, 2316, 211062, 43.22
IRMENERGY, EQ, 05-Aug-2026, 272.60, 276.70, 279.05, 273.95, 276.90, 277.05, 276.82, 86848, 240.42, 2329, 53954, 62.12
ISFT, EQ, 05-Aug-2026, 79.52, 79.01, 81.45, 77.30, 79.89, 79.89, 79.60, 23427, 18.65, 178, 19456, 83.05
ISGEC, EQ, 05-Aug-2026, 832.35, 836.50, 840.00, 828.00, 829.65, 830.95, 833.63, 20841, 173.74, 1666, 12863, 61.72
ISHAN, SM, 05-Aug-2026, 0.45, 0.50, 0.50, 0.50, 0.50, 0.50, 0.50, 96000, 0.48, 2, 96000, 100.00
ISHANCH, EQ, 05-Aug-2026, 51.75, 52.00, 53.49, 49.00, 51.34, 50.97, 51.15, 99545, 50.92, 504, 81542, 81.91
IT, EQ, 05-Aug-2026, 34.71, 35.05, 35.09, 34.28, 34.28, 34.61, 34.86, 414229, 144.42, 915, 190559, 46.00
ITADD, EQ, 05-Aug-2026, 33.21, 33.43, 33.49, 33.00, 33.00, 33.15, 33.19, 30949, 10.27, 99, 27835, 89.94
ITAXIS, EQ, 05-Aug-2026, 346.56, 350.00, 350.98, 344.00, 348.39, 346.68, 345.98, 5828, 20.16, 109, 2187, 37.53
ITBEES, EQ, 05-Aug-2026, 34.70, 34.70, 35.12, 34.50, 34.75, 34.72, 34.89, 9976133, 3480.38, 13416, 5256527, 52.69
ITBETA, EQ, 05-Aug-2026, 330.06, 330.85, 333.01, 329.78, 329.99, 329.97, 331.25, 1426, 4.72, 14, 1043, 73.14
ITC, EQ, 05-Aug-2026, 289.00, 288.25, 288.50, 285.00, 286.95, 286.95, 286.14, 11771241, 33682.24, 334123, 6782486, 57.62
ITCHOTELS, EQ, 05-Aug-2026, 165.45, 166.70, 170.50, 165.45, 169.37, 168.93, 168.57, 3159037, 5325.14, 35432, 1789227, 56.64
ITDC, EQ, 05-Aug-2026, 705.05, 705.95, 722.00, 703.25, 705.00, 705.35, 710.85, 121742, 865.41, 7050, 35110, 28.84
ITETF, EQ, 05-Aug-2026, 33.19, 33.48, 33.49, 33.11, 33.26, 33.21, 33.31, 455931, 151.86, 833, 253728, 55.65
ITI, EQ, 05-Aug-2026, 282.60, 283.90, 286.00, 280.15, 281.80, 281.60, 283.01, 177029, 501.01, 4831, 76611, 43.28
ITIETF, EQ, 05-Aug-2026, 34.46, 34.75, 35.24, 34.74, 34.91, 34.82, 34.94, 802976, 280.57, 1294, 357838, 44.56
IVALUE, EQ, 05-Aug-2026, 276.40, 277.90, 280.00, 272.35, 272.35, 275.20, 276.48, 302237, 835.62, 4517, 211387, 69.94
IVC, EQ, 05-Aug-2026, 8.48, 8.48, 8.61, 7.96, 8.05, 8.00, 8.21, 1035508, 85.02, 1664, 799493, 77.21
IVP, BE, 05-Aug-2026, 157.18, 158.00, 162.00, 156.20, 158.15, 158.66, 159.65, 5990, 9.56, 76, -, -
IVZINGOLD, EQ, 05-Aug-2026, 123.25, 125.75, 125.95, 123.85, 125.35, 125.60, 125.31, 16895, 21.17, 151, 12354, 73.12
IVZINNIFTY, EQ, 05-Aug-2026, 280.01, 286.70, 286.70, 280.51, 284.50, 284.24, 281.24, 2923, 8.22, 84, 1739, 59.49
IWARE, ST, 05-Aug-2026, 475.00, 475.00, 475.00, 452.00, 460.00, 460.00, 462.62, 19800, 91.60, 30, 19200, 96.97
IWP, EQ, 05-Aug-2026, 33.85, 32.90, 33.89, 32.90, 33.87, 33.62, 33.67, 3604, 1.21, 39, 3379, 93.76
IXIGO, EQ, 05-Aug-2026, 196.15, 197.05, 206.39, 196.25, 204.53, 204.76, 203.42, 655788, 1333.98, 20880, 301804, 46.02
IZMO, EQ, 05-Aug-2026, 996.45, 1014.00, 1046.25, 972.80, 1046.25, 1031.80, 1013.33, 160348, 1624.85, 9013, 88549, 55.22
J&KBANK, EQ, 05-Aug-2026, 157.81, 158.31, 158.87, 155.34, 156.60, 156.46, 157.33, 3149970, 4955.73, 24180, 1189761, 37.77
JAGRAN, EQ, 05-Aug-2026, 63.02, 63.90, 63.90, 62.70, 62.72, 62.85, 62.98, 197201, 124.19, 2082, 130034, 65.94
JAGSNPHARM, EQ, 05-Aug-2026, 236.50, 235.01, 243.89, 235.01, 240.00, 239.62, 240.37, 128750, 309.48, 2421, 66547, 51.69
JAIBALAJI, BE, 05-Aug-2026, 63.34, 64.50, 64.90, 62.02, 62.50, 62.26, 63.31, 465977, 294.99, 869, -, -
JAICORPLTD, EQ, 05-Aug-2026, 103.28, 103.99, 105.30, 103.49, 104.00, 104.33, 104.30, 226072, 235.80, 2475, 95703, 42.33
JAINIK, SM, 05-Aug-2026, 186.00, 192.00, 192.00, 186.55, 190.75, 190.75, 190.04, 8400, 15.96, 7, 7200, 85.71
JAINREC, EQ, 05-Aug-2026, 323.45, 324.95, 327.15, 321.30, 321.95, 322.55, 323.15, 1546617, 4997.82, 23939, 551673, 35.67
JAIPURKURT, EQ, 05-Aug-2026, 26.61, 26.61, 28.46, 26.61, 26.83, 27.30, 27.54, 75483, 20.79, 225, 68637, 90.93
JALAN, ST, 05-Aug-2026, 1.65, 1.70, 1.70, 1.60, 1.65, 1.65, 1.65, 12000, 0.20, 4, 12000, 100.00
JAMNAAUTO, EQ, 05-Aug-2026, 142.27, 143.31, 144.62, 141.87, 142.86, 143.27, 143.31, 2169567, 3109.10, 23550, 1021271, 47.07
JARO, EQ, 05-Aug-2026, 457.35, 460.15, 462.35, 450.30, 450.30, 453.85, 455.53, 65357, 297.72, 1533, 21702, 33.21
JASH, EQ, 05-Aug-2026, 495.00, 501.50, 503.00, 491.00, 494.80, 494.25, 498.19, 50236, 250.27, 3985, 30601, 60.91
JAYAGROGN, EQ, 05-Aug-2026, 222.64, 224.50, 229.70, 222.01, 222.70, 224.20, 224.31, 8355, 18.74, 369, 5365, 64.21
JAYBARMARU, EQ, 05-Aug-2026, 162.48, 154.36, 154.36, 154.36, 154.36, 154.36, 154.36, 89964, 138.87, 842, 89964, 100.00
JAYBEE, SM, 05-Aug-2026, 89.50, 89.50, 90.40, 86.05, 86.70, 86.70, 88.60, 15500, 13.73, 25, 13000, 83.87
JAYESH, SM, 05-Aug-2026, 151.95, 147.80, 147.80, 140.00, 142.50, 140.80, 142.35, 9000, 12.81, 9, 6000, 66.67
JAYKAY, EQ, 05-Aug-2026, 161.27, 162.40, 163.00, 155.25, 155.25, 156.91, 159.10, 188287, 299.56, 3216, 133064, 70.67
JAYNECOIND, EQ, 05-Aug-2026, 87.86, 88.40, 92.50, 87.55, 92.45, 91.77, 90.73, 9066693, 8226.48, 39995, 4637283, 51.15
JAYSREETEA, EQ, 05-Aug-2026, 88.16, 89.01, 91.80, 88.50, 88.75, 89.29, 89.39, 46259, 41.35, 838, 30733, 66.44
JBMA, EQ, 05-Aug-2026, 659.70, 664.00, 666.65, 656.55, 664.50, 663.05, 661.54, 207640, 1373.62, 9186, 78273, 37.70
JETFREIGHT, EQ, 05-Aug-2026, 21.95, 22.68, 23.00, 22.04, 22.74, 22.60, 22.55, 139211, 31.39, 637, 81489, 58.54
JEYYAM, ST, 05-Aug-2026, 23.90, 23.10, 23.80, 22.75, 23.70, 23.80, 23.33, 190000, 44.33, 34, 178000, 93.68
JFLLIFE, SM, 05-Aug-2026, 13.90, 14.20, 14.45, 13.55, 13.55, 13.75, 14.05, 72000, 10.12, 12, 30000, 41.67
JGCHEM, EQ, 05-Aug-2026, 505.75, 505.10, 553.50, 505.10, 546.00, 548.25, 539.20, 1818044, 9802.92, 43071, 562454, 30.94
JHS, EQ, 05-Aug-2026, 7.67, 7.69, 7.90, 7.60, 7.66, 7.76, 7.73, 50416, 3.89, 143, 37430, 74.24
JINDALPHOT, EQ, 05-Aug-2026, 1066.50, 1077.00, 1096.20, 1060.00, 1070.00, 1068.60, 1072.20, 2799, 30.01, 384, 1640, 58.59
JINDALPOLY, EQ, 05-Aug-2026, 624.80, 632.00, 632.00, 621.90, 625.10, 626.45, 626.54, 12348, 77.37, 1081, 8617, 69.78
JINDALSAW, EQ, 05-Aug-2026, 264.40, 266.10, 268.30, 263.20, 264.15, 265.60, 265.75, 1173121, 3117.53, 37521, 618927, 52.76
JINDALSTEL, EQ, 05-Aug-2026, 1124.00, 1124.00, 1126.80, 1113.40, 1113.40, 1113.40, 1119.68, 622339, 6968.23, 20952, 263779, 42.39
JINDRILL, EQ, 05-Aug-2026, 614.30, 614.30, 626.00, 609.65, 621.50, 620.35, 619.56, 212867, 1318.83, 7605, 95239, 44.74
JINDWORLD, EQ, 05-Aug-2026, 39.88, 40.00, 40.01, 38.52, 38.84, 39.15, 39.33, 5949666, 2339.87, 13061, 1166314, 19.60
JIOFIN, EQ, 05-Aug-2026, 265.00, 266.65, 268.20, 260.70, 261.95, 261.95, 264.42, 19828927, 52431.51, 98114, 7487595, 37.76
JISLDVREQS, EQ, 05-Aug-2026, 22.52, 22.97, 23.17, 22.53, 22.88, 22.64, 22.83, 7370, 1.68, 65, 4640, 62.96
JISLJALEQS, EQ, 05-Aug-2026, 30.92, 31.23, 31.41, 31.10, 31.21, 31.25, 31.25, 1104453, 345.15, 3039, 682486, 61.79
JITFINFRA, EQ, 05-Aug-2026, 338.95, 346.80, 354.00, 340.25, 347.15, 346.85, 346.95, 25318, 87.84, 1212, 16229, 64.10
JIWANRAM, SM, 05-Aug-2026, 4.90, 4.90, 5.00, 4.90, 5.00, 5.00, 4.93, 30000, 1.48, 5, 18000, 60.00
JKCEMENT, EQ, 05-Aug-2026, 5492.50, 5539.50, 5556.50, 5443.00, 5468.00, 5484.50, 5490.92, 49694, 2728.66, 15013, 22069, 44.41
JKIL, EQ, 05-Aug-2026, 493.15, 494.90, 496.95, 487.00, 492.45, 490.10, 491.42, 63714, 313.11, 1929, 36763, 57.70
JKIPL, BE, 05-Aug-2026, 97.89, 98.18, 102.50, 96.26, 99.02, 100.99, 100.24, 10596, 10.62, 150, -, -
JKLAKSHMI, EQ, 05-Aug-2026, 570.55, 571.00, 575.85, 569.65, 569.65, 571.25, 573.00, 59050, 338.36, 4474, 31802, 53.86
JKPAPER, EQ, 05-Aug-2026, 382.75, 383.85, 387.95, 383.10, 386.90, 385.25, 385.28, 202752, 781.17, 5428, 86631, 42.73
JKTYRE, EQ, 05-Aug-2026, 410.40, 415.00, 422.00, 413.35, 415.60, 415.20, 417.73, 1338368, 5590.74, 26640, 542811, 40.56
JLHL, EQ, 05-Aug-2026, 321.55, 321.55, 326.00, 315.40, 317.00, 323.95, 321.39, 208974, 671.63, 7523, 131785, 63.06
JMA, EQ, 05-Aug-2026, 89.33, 90.99, 90.99, 88.61, 89.90, 89.47, 89.85, 4368, 3.92, 89, 2229, 51.03
JMFINANCIL, EQ, 05-Aug-2026, 123.58, 125.00, 131.65, 124.73, 126.40, 126.12, 128.65, 13626484, 17531.09, 80644, 3350537, 24.59
JNKINDIA, EQ, 05-Aug-2026, 429.30, 429.50, 429.95, 415.80, 423.00, 418.80, 422.32, 230016, 971.42, 5896, 131613, 57.22
JOCIL, BE, 05-Aug-2026, 146.23, 144.20, 152.60, 144.20, 147.00, 147.00, 149.38, 6055, 9.05, 52, -, -
JPOLYINVST, EQ, 05-Aug-2026, 1061.80, 1065.00, 1075.00, 1039.50, 1048.70, 1044.10, 1050.37, 3378, 35.48, 413, 1655, 48.99
JPPOWER, EQ, 05-Aug-2026, 18.84, 18.97, 19.28, 18.25, 18.30, 18.32, 18.74, 78195615, 14656.00, 46767, 26620517, 34.04
JSFB, EQ, 05-Aug-2026, 573.90, 581.90, 581.90, 570.00, 570.00, 572.55, 574.87, 239088, 1374.45, 9800, 127088, 53.16
JSL, EQ, 05-Aug-2026, 735.65, 739.50, 753.00, 729.40, 742.65, 744.50, 743.05, 1102716, 8193.70, 32576, 664286, 60.24
JSLL, EQ, 05-Aug-2026, 574.20, 576.95, 590.00, 575.00, 579.75, 579.25, 581.49, 345655, 2009.95, 11473, 159901, 46.26
JSWCEMENT, EQ, 05-Aug-2026, 131.91, 132.50, 133.19, 131.30, 132.11, 132.04, 132.11, 765513, 1011.34, 11667, 467522, 61.07
JSWDULUX, EQ, 05-Aug-2026, 2992.60, 3034.00, 3097.10, 2990.00, 3028.20, 3022.10, 3029.58, 16282, 493.28, 4789, 6073, 37.30
JSWENERGY, EQ, 05-Aug-2026, 568.00, 570.50, 572.00, 559.95, 566.00, 566.00, 563.97, 1348918, 7607.43, 28016, 638838, 47.36
JSWHL, EQ, 05-Aug-2026, 12175.00, 12350.00, 12453.00, 12169.00, 12206.00, 12327.00, 12328.13, 4128, 508.91, 1472, 2134, 51.70
JSWINFRA, EQ, 05-Aug-2026, 329.25, 331.00, 336.30, 329.25, 331.60, 334.40, 333.61, 1644489, 5486.23, 21810, 1019484, 61.99
JSWSTEEL, EQ, 05-Aug-2026, 1300.00, 1304.50, 1331.00, 1284.70, 1330.00, 1330.00, 1308.65, 2186609, 28615.17, 62037, 1165745, 53.31
JTEKTINDIA, EQ, 05-Aug-2026, 140.77, 141.59, 142.31, 140.12, 141.10, 140.82, 140.89, 90242, 127.14, 1684, 47623, 52.77
JTLIND, EQ, 05-Aug-2026, 78.86, 79.39, 80.45, 76.27, 77.60, 78.13, 78.79, 11220643, 8840.79, 51086, 3112848, 27.74
JUBLCPL, EQ, 05-Aug-2026, 1882.40, 1895.00, 1910.00, 1843.50, 1909.90, 1893.80, 1884.20, 5832, 109.89, 760, 4137, 70.94
JUBLFOOD, EQ, 05-Aug-2026, 465.00, 470.80, 495.30, 467.70, 485.00, 485.00, 485.97, 12392227, 60222.58, 140089, 5803404, 46.83
JUBLINGREA, EQ, 05-Aug-2026, 751.35, 755.00, 757.35, 740.50, 740.50, 746.10, 748.16, 124078, 928.30, 8434, 71323, 57.48
JUBLPHARMA, EQ, 05-Aug-2026, 932.75, 938.45, 939.00, 910.60, 915.00, 924.70, 931.64, 71119, 662.57, 5768, 38734, 54.46
JUNIORBEES, EQ, 05-Aug-2026, 802.00, 818.04, 818.04, 788.00, 806.80, 805.74, 806.29, 376109, 3032.53, 10802, 202952, 53.96
JUNIPER, EQ, 05-Aug-2026, 195.97, 198.90, 202.80, 197.08, 201.00, 199.90, 199.98, 168186, 336.35, 2654, 96895, 57.61
JUSTDIAL, EQ, 05-Aug-2026, 703.75, 709.90, 709.90, 679.70, 685.00, 683.00, 692.74, 342065, 2369.63, 9477, 126440, 36.96
JWL, EQ, 05-Aug-2026, 259.85, 264.05, 266.20, 256.10, 258.50, 258.85, 261.28, 912426, 2383.99, 16967, 327999, 35.95
JYOTHYLAB, EQ, 05-Aug-2026, 201.91, 202.09, 205.35, 201.19, 204.49, 204.17, 203.18, 641067, 1302.55, 18478, 386409, 60.28
JYOTICNC, EQ, 05-Aug-2026, 847.90, 860.00, 872.00, 854.90, 855.10, 859.75, 862.72, 809396, 6982.82, 23978, 421500, 52.08
JYOTIGLOBL, SM, 05-Aug-2026, 35.90, 35.90, 35.90, 35.90, 35.90, 35.90, 35.90, 4000, 1.44, 2, 4000, 100.00
JYOTISTRUC, EQ, 05-Aug-2026, 11.57, 12.30, 12.45, 11.86, 12.07, 12.12, 12.18, 22246594, 2709.70, 39323, 9390036, 42.21
K2INFRA, ST, 05-Aug-2026, 54.85, 54.50, 54.50, 53.50, 54.50, 54.45, 54.26, 5400, 2.93, 6, 4800, 88.89
KABRAEXTRU, EQ, 05-Aug-2026, 412.45, 415.00, 460.50, 415.00, 456.90, 454.40, 442.07, 1022255, 4519.08, 23818, 545105, 53.32
KAJARIACER, EQ, 05-Aug-2026, 1197.80, 1215.30, 1215.30, 1183.00, 1186.20, 1185.90, 1191.97, 176118, 2099.27, 12918, 115273, 65.45
KAKATCEM, BE, 05-Aug-2026, 117.65, 118.00, 120.99, 116.50, 120.90, 119.75, 118.98, 600, 0.71, 36, -, -
KALAMANDIR, EQ, 05-Aug-2026, 88.26, 88.99, 90.00, 87.50, 89.31, 88.79, 88.55, 556040, 492.36, 4428, 299793, 53.92
KALANA, SM, 05-Aug-2026, 18.95, 18.50, 18.50, 18.50, 18.50, 18.50, 18.50, 4000, 0.74, 2, 4000, 100.00
KALPATARU, EQ, 05-Aug-2026, 285.15, 289.90, 289.90, 282.40, 286.00, 286.85, 285.76, 63236, 180.71, 1737, 32166, 50.87
KALYANIFRG, EQ, 05-Aug-2026, 609.65, 609.05, 620.00, 602.65, 614.00, 614.70, 612.19, 2065, 12.64, 149, 1528, 74.00
KALYANKJIL, EQ, 05-Aug-2026, 591.40, 579.70, 593.95, 562.70, 569.50, 569.50, 575.80, 26488790, 152522.48, 248079, 4622726, 17.45
KAMAHOLD, EQ, 05-Aug-2026, 2522.60, 2529.10, 2543.70, 2502.50, 2507.10, 2509.20, 2515.47, 819, 20.60, 200, 624, 76.19
KAMATHOTEL, EQ, 05-Aug-2026, 172.80, 172.90, 174.10, 170.71, 173.30, 172.76, 172.62, 12957, 22.37, 650, 8116, 62.64
KAMDHENU, BE, 05-Aug-2026, 34.55, 34.01, 34.99, 34.01, 34.50, 34.61, 34.67, 312864, 108.48, 583, -, -
KAMOPAINTS, EQ, 05-Aug-2026, 4.56, 4.60, 4.63, 4.52, 4.60, 4.59, 4.59, 228465, 10.48, 446, 194951, 85.33
KANANIIND, EQ, 05-Aug-2026, 1.51, 1.51, 1.54, 1.50, 1.51, 1.52, 1.52, 64805, 0.98, 279, 43670, 67.39
KANCHI, BE, 05-Aug-2026, 357.60, 364.95, 364.95, 358.00, 364.00, 361.90, 359.69, 522, 1.88, 31, -, -
KANDARP, SM, 05-Aug-2026, 102.00, 97.00, 98.10, 97.00, 98.00, 98.00, 97.85, 5000, 4.89, 5, 4000, 80.00
KANORICHEM, BE, 05-Aug-2026, 142.43, 145.28, 149.55, 142.00, 149.55, 149.52, 147.44, 23320, 34.38, 216, -, -
KANPRPLA, EQ, 05-Aug-2026, 211.35, 212.40, 215.05, 209.23, 209.25, 209.57, 212.06, 10967, 23.26, 363, 4518, 41.20
KANSAINER, EQ, 05-Aug-2026, 198.92, 202.99, 212.30, 198.77, 209.05, 210.38, 207.80, 1566089, 3254.41, 25269, 563651, 35.99
KAPSTON, EQ, 05-Aug-2026, 533.75, 538.00, 538.00, 522.55, 533.95, 532.85, 531.26, 41225, 219.01, 1973, 24289, 58.92
KARMAENG, EQ, 05-Aug-2026, 38.13, 39.40, 39.80, 37.82, 38.71, 38.71, 38.88, 5912, 2.30, 117, 4460, 75.44
KARNIKA, SM, 05-Aug-2026, 116.30, 115.00, 118.00, 107.60, 116.50, 116.70, 113.59, 92000, 104.51, 75, 59000, 64.13
KARURVYSYA, EQ, 05-Aug-2026, 341.45, 341.85, 346.25, 336.65, 337.00, 337.65, 341.33, 1582416, 5401.20, 32122, 831090, 52.52
KATARIA, SM, 05-Aug-2026, 100.45, 100.95, 100.95, 97.00, 97.75, 97.75, 97.60, 13800, 13.47, 23, 8400, 60.87
KAUSHALYA, BE, 05-Aug-2026, 915.00, 914.00, 923.95, 900.00, 923.95, 923.90, 917.27, 99, 0.91, 12, -, -
KAVDEFENCE, EQ, 05-Aug-2026, 57.18, 57.38, 58.00, 56.00, 57.39, 57.33, 57.30, 76616, 43.90, 779, 40859, 53.33
KAYA, EQ, 05-Aug-2026, 262.50, 263.20, 276.95, 263.20, 272.85, 273.75, 270.92, 31164, 84.43, 1152, 20856, 66.92
KAYNES, EQ, 05-Aug-2026, 3875.00, 3894.70, 3963.20, 3868.30, 3898.00, 3898.00, 3921.39, 1477859, 57952.64, 82857, 277475, 18.78
KAYTEX, SM, 05-Aug-2026, 58.40, 59.00, 59.00, 57.50, 57.50, 57.50, 58.11, 8800, 5.11, 11, 8000, 90.91
KCEIL, SM, 05-Aug-2026, 86.85, 86.85, 87.20, 85.60, 86.05, 86.10, 86.20, 9500, 8.19, 15, 9500, 100.00
KCK, SM, 05-Aug-2026, 18.25, 18.30, 18.55, 17.35, 17.35, 17.40, 17.71, 405000, 71.72, 97, 362500, 89.51
KCP, EQ, 05-Aug-2026, 153.32, 156.00, 156.00, 154.00, 154.00, 154.86, 154.90, 99895, 154.74, 1448, 73320, 73.40
KCPSUGIND, EQ, 05-Aug-2026, 31.37, 32.10, 32.60, 30.40, 31.22, 31.47, 31.29, 472489, 147.83, 1521, 256504, 54.29
KDDL, EQ, 05-Aug-2026, 3652.80, 3750.00, 4155.50, 3652.90, 3663.50, 3704.40, 3969.14, 492163, 19534.63, 59156, 93145, 18.93
KDL, SM, 05-Aug-2026, 106.50, 107.00, 108.00, 105.00, 108.00, 107.45, 106.50, 9600, 10.22, 43, 8550, 89.06
KEC, EQ, 05-Aug-2026, 474.10, 477.10, 485.50, 474.05, 477.00, 475.55, 479.23, 746351, 3576.76, 21346, 377670, 50.60
KECL, EQ, 05-Aug-2026, 136.56, 136.80, 150.21, 136.80, 150.21, 150.21, 148.31, 1082552, 1605.55, 5959, 564800, 52.17
KEEPLEARN, EQ, 05-Aug-2026, 1.92, 1.92, 1.98, 1.87, 1.98, 1.96, 1.95, 34389, 0.67, 50, 20433, 59.42
KEI, EQ, 05-Aug-2026, 5500.00, 5484.10, 5599.00, 5441.80, 5577.00, 5577.00, 5516.38, 1049613, 57900.63, 71788, 469069, 44.69
KEL, SM, 05-Aug-2026, 85.85, 80.40, 82.00, 80.40, 81.55, 81.55, 81.50, 7200, 5.87, 6, 4800, 66.67
KELLTONTEC, EQ, 05-Aug-2026, 14.23, 14.34, 14.39, 14.14, 14.15, 14.17, 14.24, 1032656, 147.03, 2366, 428680, 41.51
KEN, SM, 05-Aug-2026, 36.80, 36.50, 39.35, 36.00, 38.40, 38.50, 37.16, 42000, 15.61, 24, 27600, 65.71
KENNAMET, EQ, 05-Aug-2026, 3000.70, 3029.00, 3086.00, 3011.10, 3075.00, 3058.60, 3054.86, 13839, 422.76, 1889, 8896, 64.28
KERNEX, EQ, 05-Aug-2026, 2419.10, 2427.40, 2567.00, 2427.40, 2556.00, 2549.20, 2503.82, 299258, 7492.87, 19131, 136736, 45.69
KESORAMIND, BE, 05-Aug-2026, 13.53, 13.26, 13.26, 13.26, 13.26, 13.26, 13.26, 406910, 53.96, 243, -, -
KEYFINSERV, EQ, 05-Aug-2026, 261.45, 255.05, 264.90, 251.05, 264.90, 258.35, 256.46, 1571, 4.03, 53, 1027, 65.37
KFINTECH, EQ, 05-Aug-2026, 948.95, 954.95, 958.75, 942.05, 948.75, 948.75, 950.65, 416602, 3960.42, 13143, 156407, 37.54
KHADIM, BE, 05-Aug-2026, 98.00, 96.20, 99.00, 96.00, 97.05, 96.78, 96.60, 20005, 19.32, 192, -, -
KHAICHEM, EQ, 05-Aug-2026, 49.39, 49.50, 54.40, 49.50, 52.85, 52.68, 52.80, 488628, 258.00, 3638, 292402, 59.84
KHAITANLTD, EQ, 05-Aug-2026, 146.18, 141.05, 159.90, 141.00, 155.00, 155.30, 152.67, 39253, 59.93, 770, 20290, 51.69
KHANDSE, EQ, 05-Aug-2026, 17.54, 17.87, 17.87, 17.00, 17.85, 17.40, 17.40, 1071, 0.19, 31, 1039, 97.01
KICL, EQ, 05-Aug-2026, 5450.50, 5477.50, 5600.00, 5455.00, 5545.00, 5522.00, 5543.65, 1552, 86.04, 404, 1100, 70.88
KILITCH, BE, 05-Aug-2026, 190.32, 190.00, 191.99, 189.00, 191.45, 191.38, 191.10, 23223, 44.38, 178, -, -
KIMS, EQ, 05-Aug-2026, 795.90, 795.90, 815.00, 783.15, 800.00, 802.15, 801.71, 656235, 5261.10, 17206, 378881, 57.74
KINGFA, EQ, 05-Aug-2026, 5174.50, 5185.50, 5200.00, 5149.00, 5182.00, 5163.50, 5171.20, 1676, 86.67, 817, 976, 58.23
KIOCL, EQ, 05-Aug-2026, 391.30, 392.00, 396.30, 389.00, 389.00, 391.95, 392.10, 115253, 451.91, 5559, 34448, 29.89
KIRANVYPAR, EQ, 05-Aug-2026, 197.73, 198.00, 203.60, 194.00, 203.60, 203.60, 201.48, 1358, 2.74, 34, 1351, 99.48
KIRIINDUS, EQ, 05-Aug-2026, 418.75, 421.70, 424.00, 415.40, 417.50, 419.20, 419.34, 86278, 361.79, 2553, 42990, 49.83
KIRLFER, EQ, 05-Aug-2026, 464.15, 465.80, 476.50, 438.30, 461.00, 461.25, 454.18, 844943, 3837.58, 25038, 196981, 23.31
KIRLOSBROS, EQ, 05-Aug-2026, 1891.70, 1889.90, 1993.00, 1888.10, 1989.50, 1984.90, 1959.70, 225442, 4417.98, 23415, 100924, 44.77
KIRLOSENG, EQ, 05-Aug-2026, 2273.90, 2298.00, 2300.50, 2222.00, 2236.00, 2241.40, 2256.92, 299321, 6755.42, 28596, 170178, 56.85
KIRLOSIND, EQ, 05-Aug-2026, 3945.40, 3985.00, 4034.00, 3784.10, 3790.00, 3803.80, 3853.64, 15704, 605.18, 3252, 8421, 53.62
KIRLPNU, EQ, 05-Aug-2026, 1449.10, 1460.00, 1467.70, 1421.20, 1455.00, 1458.00, 1444.17, 232733, 3361.05, 29171, 131119, 56.34
KISSHT, EQ, 05-Aug-2026, 307.65, 308.70, 310.40, 301.25, 309.05, 307.80, 306.30, 1476873, 4523.67, 28986, 694319, 47.01
KITEX, EQ, 05-Aug-2026, 146.48, 146.48, 147.80, 144.70, 145.11, 145.15, 145.95, 329291, 480.60, 3615, 182670, 55.47
KKCL, EQ, 05-Aug-2026, 534.55, 545.00, 568.05, 535.55, 546.55, 546.50, 554.62, 335766, 1862.23, 7928, 203637, 60.65
KKJEWELS, SM, 05-Aug-2026, 102.35, 102.60, 102.95, 100.00, 102.95, 102.45, 101.86, 9000, 9.17, 9, 7000, 77.78
KLBRENG-B, EQ, 05-Aug-2026, 419.65, 425.45, 425.45, 390.00, 395.00, 397.85, 400.32, 359063, 1437.40, 11379, 204421, 56.93
KLL, SM, 05-Aug-2026, 22.60, 22.60, 23.75, 22.25, 22.95, 22.70, 22.96, 96800, 22.22, 97, 75200, 77.69
KMEW, EQ, 05-Aug-2026, 2532.20, 2548.90, 2599.00, 2516.50, 2540.00, 2542.20, 2559.98, 50581, 1294.86, 7438, 21580, 42.66
KMSUGAR, EQ, 05-Aug-2026, 28.84, 29.50, 29.50, 28.47, 28.50, 28.58, 28.90, 193430, 55.91, 847, 131774, 68.12
KNACK, EQ, 05-Aug-2026, 198.70, 198.95, 215.00, 198.20, 213.25, 213.35, 208.98, 3964188, 8284.24, 39606, 1574615, 39.72
KNAGRI, EQ, 05-Aug-2026, 207.93, 209.00, 210.59, 207.00, 209.79, 207.94, 209.38, 5283, 11.06, 111, 3773, 71.42
KNRCON, EQ, 05-Aug-2026, 128.23, 128.20, 136.63, 128.20, 135.10, 132.96, 133.74, 4128143, 5521.16, 30330, 1679808, 40.69
KODYTECH, SM, 05-Aug-2026, 1377.35, 1385.00, 1415.00, 1383.05, 1398.95, 1393.20, 1396.03, 5000, 69.80, 45, 4100, 82.00
KOHINOOR, EQ, 05-Aug-2026, 23.50, 23.50, 23.80, 22.90, 22.99, 23.04, 23.20, 49914, 11.58, 2353, 25524, 51.14
KOKUYOCMLN, EQ, 05-Aug-2026, 85.15, 86.90, 89.00, 86.42, 88.97, 88.28, 87.65, 44665, 39.15, 588, 35142, 78.68
KOLTEPATIL, EQ, 05-Aug-2026, 398.00, 400.60, 405.60, 388.55, 393.00, 392.60, 398.19, 104976, 418.00, 3047, 47965, 45.69
KONSTELEC, ST, 05-Aug-2026, 63.00, 62.00, 66.00, 60.30, 63.20, 65.25, 63.79, 53000, 33.81, 28, 47000, 88.68
KOPRAN, BE, 05-Aug-2026, 189.06, 189.00, 197.50, 179.61, 195.50, 195.90, 192.67, 208176, 401.10, 1154, -, -
KORE, SM, 05-Aug-2026, 172.45, 174.30, 179.30, 173.30, 174.20, 177.50, 175.24, 1750, 3.07, 5, 1750, 100.00
KOTAKBANK, EQ, 05-Aug-2026, 398.00, 397.00, 400.00, 393.85, 400.00, 400.00, 396.60, 11842327, 46966.85, 116647, 8518386, 71.93
KOTARISUG, EQ, 05-Aug-2026, 26.34, 26.70, 26.70, 25.82, 26.15, 25.95, 26.05, 22836, 5.95, 235, 14760, 64.63
KOTHARIPET, EQ, 05-Aug-2026, 144.29, 146.38, 149.00, 143.40, 144.35, 144.12, 146.19, 119782, 175.11, 1923, 57339, 47.87
KOTHARIPRO, EQ, 05-Aug-2026, 67.14, 69.00, 69.50, 67.25, 68.00, 68.26, 68.04, 2507, 1.71, 67, 1989, 79.34
KOTIC, EQ, 05-Aug-2026, 157.16, 159.98, 159.98, 152.00, 155.00, 154.06, 154.38, 17236, 26.61, 584, 10471, 60.75
KOTYARK, BE, 05-Aug-2026, 36.63, 38.46, 38.46, 38.46, 38.46, 38.46, 38.46, 107385, 41.30, 265, -, -
KOVAI, EQ, 05-Aug-2026, 5862.00, 5874.00, 5964.50, 5817.00, 5940.00, 5927.00, 5902.66, 2775, 163.80, 936, 1659, 59.78
KPEL, EQ, 05-Aug-2026, 322.80, 325.40, 325.40, 309.50, 311.00, 310.65, 314.05, 253076, 794.79, 6535, 139017, 54.93
KPIGREEN, EQ, 05-Aug-2026, 382.20, 385.40, 388.25, 375.80, 377.80, 377.00, 379.50, 530278, 2012.41, 14664, 289050, 54.51
KPIL, EQ, 05-Aug-2026, 1279.70, 1280.00, 1289.80, 1277.40, 1284.00, 1283.00, 1282.51, 41880, 537.11, 8561, 24855, 59.35
KPITTECH, EQ, 05-Aug-2026, 625.60, 630.00, 630.50, 621.60, 623.00, 623.00, 626.67, 1547858, 9699.99, 27663, 584549, 37.77
KPL, EQ, 05-Aug-2026, 2587.00, 2624.90, 2624.90, 2551.20, 2578.90, 2559.10, 2571.62, 9783, 251.58, 2005, 5388, 55.08
KPRMILL, EQ, 05-Aug-2026, 1057.30, 1060.00, 1094.40, 1058.20, 1077.90, 1078.50, 1080.97, 308514, 3334.95, 25641, 148176, 48.03
KRBL, EQ, 05-Aug-2026, 368.60, 370.90, 379.80, 370.15, 373.10, 374.90, 376.05, 298636, 1123.02, 7442, 118798, 39.78
KREBSBIO, EQ, 05-Aug-2026, 54.29, 55.10, 55.50, 54.10, 54.10, 54.12, 54.56, 1919, 1.05, 33, 1854, 96.61
KRIDHANINF, BE, 05-Aug-2026, 2.30, 2.30, 2.37, 2.22, 2.34, 2.34, 2.28, 115604, 2.64, 120, -, -
KRISHANA, EQ, 05-Aug-2026, 181.28, 182.80, 182.80, 178.15, 178.18, 178.74, 180.04, 323539, 582.51, 6254, 155828, 48.16
KRISHCA, SM, 05-Aug-2026, 161.00, 161.50, 163.70, 159.00, 163.70, 163.70, 161.47, 9500, 15.34, 15, 8000, 84.21
KRISHIVAL, EQ, 05-Aug-2026, 388.55, 391.10, 392.50, 387.00, 392.50, 387.75, 388.37, 2269, 8.81, 195, 1802, 79.42
KRISHNADEF, EQ, 05-Aug-2026, 1201.60, 1208.00, 1225.90, 1132.00, 1141.00, 1140.10, 1152.69, 233674, 2693.54, 14998, 138591, 59.31
KRITI, BE, 05-Aug-2026, 70.20, 71.00, 72.36, 69.11, 70.00, 69.73, 70.92, 16608, 11.78, 88, -, -
KRITIKA, EQ, 05-Aug-2026, 5.93, 6.10, 6.10, 5.46, 5.76, 5.78, 5.82, 273134, 15.90, 715, 154934, 56.72
KRITINUT, EQ, 05-Aug-2026, 81.05, 82.80, 89.15, 82.80, 89.15, 89.15, 88.23, 65290, 57.60, 303, 61635, 94.40
KRMAYURVED, ST, 05-Aug-2026, 293.00, 292.00, 304.00, 292.00, 297.65, 297.30, 300.55, 22000, 66.12, 17, 22000, 100.00
KRN, BE, 05-Aug-2026, 1196.60, 1218.70, 1219.90, 1190.00, 1210.00, 1213.70, 1206.41, 37283, 449.79, 3256, -, -
KRONOX, EQ, 05-Aug-2026, 161.83, 162.00, 164.85, 159.04, 159.30, 161.73, 162.02, 121532, 196.90, 2765, 64533, 53.10
KROSS, EQ, 05-Aug-2026, 207.48, 207.50, 209.60, 203.78, 205.00, 204.94, 206.89, 231329, 478.59, 6048, 77333, 33.43
KRSNAA, EQ, 05-Aug-2026, 562.15, 563.80, 566.95, 557.35, 557.90, 561.45, 562.66, 62743, 353.03, 3318, 38862, 61.94
KRT, RR, 05-Aug-2026, 117.49, 118.00, 118.00, 116.06, 116.90, 117.00, 117.10, 465572, 545.20, 10031, 371152, 79.72
KRYSTAL, EQ, 05-Aug-2026, 600.55, 605.95, 608.00, 600.00, 600.00, 600.10, 600.51, 21303, 127.93, 529, 16621, 78.02
KSB, EQ, 05-Aug-2026, 856.95, 848.40, 868.00, 787.20, 792.00, 791.90, 818.95, 794706, 6508.27, 41139, 311770, 39.23
KSCL, EQ, 05-Aug-2026, 779.70, 794.70, 798.00, 773.45, 781.00, 781.50, 784.88, 138621, 1088.00, 7936, 64474, 46.51
KSHINTL, EQ, 05-Aug-2026, 910.25, 910.00, 924.05, 891.10, 891.20, 903.65, 907.50, 153095, 1389.34, 10264, 73203, 47.82
KSHITIJPOL, BE, 05-Aug-2026, 2.96, 3.00, 3.00, 2.85, 2.94, 2.90, 2.90, 819850, 23.80, 1143, -, -
KSL, EQ, 05-Aug-2026, 870.90, 871.60, 889.80, 871.60, 883.00, 882.45, 882.70, 17367, 153.30, 1371, 10478, 60.33
KSOLVES, EQ, 05-Aug-2026, 283.05, 283.95, 285.00, 279.00, 280.50, 279.75, 280.80, 51543, 144.73, 1294, 39233, 76.12
KSR, EQ, 05-Aug-2026, 29.03, 28.89, 29.93, 28.60, 29.49, 29.48, 29.45, 4684, 1.38, 56, 4035, 86.14
KTKBANK, EQ, 05-Aug-2026, 296.05, 295.70, 300.55, 292.40, 298.40, 299.65, 297.55, 2923154, 8697.72, 28951, 1847829, 63.21
KUANTUM, EQ, 05-Aug-2026, 79.40, 79.67, 81.29, 79.10, 79.31, 80.05, 80.16, 89619, 71.84, 1045, 54235, 60.52
KUSUMGAR, EQ, 05-Aug-2026, 622.05, 628.00, 648.00, 622.15, 639.00, 639.90, 637.74, 1073730, 6847.64, 25117, 300788, 28.01
KWIL, EQ, 05-Aug-2026, 32.69, 32.94, 33.19, 32.22, 32.59, 32.53, 32.59, 4982746, 1623.78, 12754, 2743288, 55.06
LAGNAM, EQ, 05-Aug-2026, 86.15, 88.00, 88.50, 85.99, 86.31, 86.43, 86.80, 15150, 13.15, 142, 11536, 76.15
LAHOTIOV, EQ, 05-Aug-2026, 41.70, 42.00, 42.00, 41.00, 41.97, 41.97, 41.34, 1884, 0.78, 24, 1813, 96.23
LAKPRE, BZ, 05-Aug-2026, 5.00, 5.05, 5.05, 5.05, 5.05, 5.05, 5.05, 30, 0.00, 3, -, -
LAKSHYA, SM, 05-Aug-2026, 87.60, 89.00, 93.00, 89.00, 92.45, 92.45, 92.24, 5600, 5.17, 7, 5600, 100.00
LAL, EQ, 05-Aug-2026, 8.42, 8.68, 8.68, 8.31, 8.54, 8.45, 8.45, 15721, 1.33, 195, 10652, 67.76
LALPATHLAB, EQ, 05-Aug-2026, 1889.40, 1899.90, 1915.00, 1863.00, 1892.00, 1887.10, 1889.54, 318039, 6009.47, 47801, 185971, 58.47
LAMBODHARA, EQ, 05-Aug-2026, 113.28, 115.00, 116.12, 113.10, 115.35, 115.70, 115.22, 5708, 6.58, 107, 4861, 85.16
LAMOSAIC, ST, 05-Aug-2026, 52.40, 51.30, 52.90, 51.30, 52.90, 52.90, 52.10, 7800, 4.06, 9, 6000, 76.92
LANCORHOL, EQ, 05-Aug-2026, 26.34, 27.45, 27.45, 26.20, 26.30, 26.30, 26.45, 49442, 13.08, 378, 31691, 64.10
LANDMARK, EQ, 05-Aug-2026, 543.50, 542.85, 564.00, 540.10, 548.00, 547.05, 554.69, 280598, 1556.45, 11487, 101747, 36.26
LANDSMILL, EQ, 05-Aug-2026, 0.80, 0.80, 0.84, 0.80, 0.82, 0.81, 0.82, 2347943, 19.34, 927, 1471957, 62.69
LAOPALA, EQ, 05-Aug-2026, 190.31, 192.00, 210.00, 191.01, 196.18, 196.10, 202.93, 8551629, 17353.58, 83088, 1055267, 12.34
LASA, EQ, 05-Aug-2026, 7.11, 7.04, 7.80, 7.04, 7.55, 7.66, 7.47, 77289, 5.78, 221, 64896, 83.97
LASERPOWER, EQ, 05-Aug-2026, 287.45, 291.95, 302.00, 289.00, 290.15, 290.20, 294.68, 2454989, 7234.34, 24903, 740383, 30.16
LATENTVIEW, EQ, 05-Aug-2026, 298.05, 299.85, 301.00, 293.50, 295.40, 295.00, 295.98, 457211, 1353.27, 9007, 227575, 49.77
LATTEYS, BE, 05-Aug-2026, 19.78, 19.66, 20.22, 19.66, 20.07, 19.78, 20.03, 34442, 6.90, 130, -, -
LAURUSLABS, EQ, 05-Aug-2026, 1850.00, 1854.00, 1856.60, 1834.50, 1835.00, 1835.00, 1845.25, 2090998, 38584.21, 43682, 1173732, 56.13
LAXMICOT, EQ, 05-Aug-2026, 14.26, 14.26, 15.43, 14.00, 14.32, 14.16, 14.33, 13753, 1.97, 87, 6112, 44.44
LAXMIDENTL, EQ, 05-Aug-2026, 218.23, 220.60, 221.69, 217.10, 219.50, 219.60, 219.71, 44283, 97.30, 1192, 22919, 51.76
LAXMIINDIA, BE, 05-Aug-2026, 136.02, 137.00, 138.00, 129.60, 131.15, 132.76, 132.59, 111437, 147.75, 667, -, -
LCCINFOTEC, EQ, 05-Aug-2026, 4.19, 4.19, 4.29, 3.99, 4.07, 4.05, 4.04, 399689, 16.14, 255, 308134, 77.09
LCL, EQ, 05-Aug-2026, 519.20, 519.20, 537.25, 511.15, 511.60, 513.90, 520.97, 1009572, 5259.62, 19363, 244403, 24.21
LEMERITE, EQ, 05-Aug-2026, 23.12, 23.35, 23.68, 22.22, 23.10, 23.38, 23.12, 531706, 122.92, 754, 258082, 48.54
LEMONTREE, EQ, 05-Aug-2026, 113.29, 114.00, 115.68, 112.50, 112.56, 112.68, 113.66, 2982763, 3390.12, 34593, 1615383, 54.16
LENSKART, EQ, 05-Aug-2026, 567.50, 570.00, 575.00, 565.25, 570.00, 572.65, 571.88, 2302092, 13165.25, 49814, 1385941, 60.20
LEXUS, EQ, 05-Aug-2026, 14.88, 14.87, 14.88, 14.30, 14.50, 14.55, 14.52, 15862, 2.30, 84, 12789, 80.63
LFIC, EQ, 05-Aug-2026, 142.68, 142.00, 142.01, 142.00, 142.01, 142.01, 142.00, 72, 0.10, 6, 67, 93.06
LGBBROSLTD, EQ, 05-Aug-2026, 1519.80, 1525.00, 1543.10, 1505.50, 1522.60, 1514.70, 1520.39, 30886, 469.59, 3994, 18780, 60.80
LGEINDIA, EQ, 05-Aug-2026, 1542.50, 1543.70, 1582.40, 1534.10, 1580.00, 1578.60, 1568.21, 340379, 5337.86, 19552, 199218, 58.53
LGHL, EQ, 05-Aug-2026, 201.82, 204.00, 208.81, 200.50, 207.00, 201.98, 202.79, 19480, 39.50, 310, 7206, 36.99
LIBAS, EQ, 05-Aug-2026, 9.90, 10.10, 10.50, 9.28, 9.65, 9.75, 9.72, 77409, 7.53, 355, 46702, 60.33
LIBERTSHOE, EQ, 05-Aug-2026, 260.90, 261.45, 270.00, 261.35, 269.00, 268.20, 267.29, 35347, 94.48, 1604, 18398, 52.05
LICHSGFIN, EQ, 05-Aug-2026, 512.00, 514.60, 516.85, 510.05, 512.05, 512.05, 513.04, 1022787, 5247.33, 22877, 402607, 39.36
LICI, EQ, 05-Aug-2026, 391.30, 386.00, 397.35, 385.90, 393.00, 393.00, 392.01, 46620081, 182756.53, 179717, 32034893, 68.71
LICMFGOLD, EQ, 05-Aug-2026, 127.95, 129.45, 134.65, 128.95, 130.00, 129.95, 130.33, 200017, 260.69, 1185, 46787, 23.39
LICNETFGSC, EQ, 05-Aug-2026, 29.44, 29.58, 29.59, 29.45, 29.52, 29.50, 29.52, 12455, 3.68, 96, 7534, 60.49
LICNETFN50, EQ, 05-Aug-2026, 275.44, 276.00, 276.00, 274.51, 275.94, 275.94, 275.35, 3329, 9.17, 25, 2143, 64.37
LICNETFSEN, EQ, 05-Aug-2026, 888.00, 890.66, 891.74, 890.66, 891.74, 891.74, 891.15, 4, 0.04, 3, 4, 100.00
LICNFNHGP, EQ, 05-Aug-2026, 281.47, 282.87, 283.20, 280.36, 282.64, 282.13, 282.08, 47, 0.13, 13, 33, 70.21
LICNMID100, EQ, 05-Aug-2026, 63.60, 64.23, 66.40, 63.65, 64.26, 64.20, 64.21, 290851, 186.75, 153, 111332, 38.28
LIKHITHA, EQ, 05-Aug-2026, 221.97, 224.00, 233.99, 220.02, 220.30, 220.80, 222.63, 26155, 58.23, 802, 18035, 68.95
LINC, EQ, 05-Aug-2026, 101.68, 102.92, 104.90, 100.50, 100.65, 100.97, 102.10, 23993, 24.50, 690, 15113, 62.99
LINCOLN, EQ, 05-Aug-2026, 593.30, 599.00, 618.50, 588.15, 611.00, 610.85, 607.11, 56777, 344.70, 3078, 35490, 62.51
LINDEINDIA, EQ, 05-Aug-2026, 7156.50, 7213.00, 7225.50, 7071.50, 7090.00, 7088.00, 7110.82, 15357, 1092.01, 4072, 8198, 53.38
LIQGRWBEES, EQ, 05-Aug-2026, 1050.26, 1050.38, 1050.40, 1050.38, 1050.38, 1050.39, 1050.39, 39214, 411.90, 214, 28394, 72.41
LIQUID, EQ, 05-Aug-2026, 999.99, 1000.00, 1000.00, 999.99, 999.99, 999.99, 1000.00, 225228, 2252.28, 205, 194229, 86.24
LIQUID1, EQ, 05-Aug-2026, 1116.59, 1116.72, 1116.74, 1116.72, 1116.74, 1116.73, 1116.73, 969689, 10828.80, 1013, 559225, 57.67
LIQUIDADD, EQ, 05-Aug-2026, 1138.72, 1138.85, 1138.87, 1138.85, 1138.87, 1138.86, 1138.86, 476460, 5426.19, 744, 376936, 79.11
LIQUIDBEES, EQ, 05-Aug-2026, 999.99, 1002.98, 1002.98, 999.99, 999.99, 1000.00, 1000.00, 4078946, 40789.41, 4776, 3026793, 74.21
LIQUIDBETA, EQ, 05-Aug-2026, 1002.78, 1002.91, 1002.91, 1002.91, 1002.91, 1002.91, 1002.91, 209, 2.10, 2, 209, 100.00
LIQUIDBETF, EQ, 05-Aug-2026, 1093.12, 1093.12, 1093.26, 1093.12, 1093.25, 1093.25, 1093.25, 289428, 3164.18, 120, 262276, 90.62
LIQUIDCASE, EQ, 05-Aug-2026, 115.31, 115.33, 115.33, 115.31, 115.33, 115.32, 115.32, 16461611, 18983.45, 14105, 11692197, 71.03
LIQUIDETF, EQ, 05-Aug-2026, 999.99, 1000.00, 1000.01, 999.99, 1000.00, 1000.00, 1000.00, 111208, 1112.08, 200, 66868, 60.13
LIQUIDIETF, EQ, 05-Aug-2026, 999.99, 1000.00, 1000.01, 999.99, 1000.00, 999.99, 1000.00, 414252, 4142.52, 233, 274319, 66.22
LIQUIDPLUS, EQ, 05-Aug-2026, 1097.34, 1097.48, 1097.50, 1097.48, 1097.48, 1097.49, 1097.49, 638041, 7002.44, 290, 360936, 56.57
LIQUIDSBI, EQ, 05-Aug-2026, 999.99, 999.99, 1000.01, 999.99, 999.99, 999.99, 1000.01, 2907, 29.07, 29, 2768, 95.22
LIQUIDSHRI, EQ, 05-Aug-2026, 1115.83, 1115.97, 1115.98, 1115.96, 1115.96, 1115.96, 1115.97, 918, 10.24, 18, 890, 96.95
LLOYDS, ST, 05-Aug-2026, 71.00, 67.50, 67.55, 67.50, 67.55, 67.55, 67.51, 6000, 4.05, 6, 6000, 100.00
LLOYDSENGG, EQ, 05-Aug-2026, 92.72, 93.16, 93.75, 90.16, 92.99, 93.28, 92.45, 14857412, 13735.84, 43855, 6516968, 43.86
LLOYDSENT, EQ, 05-Aug-2026, 81.15, 81.69, 82.65, 79.84, 81.68, 81.44, 81.26, 2531470, 2057.05, 11337, 1111785, 43.92
LLOYDSME, EQ, 05-Aug-2026, 2053.00, 2062.00, 2094.00, 2055.20, 2081.30, 2087.10, 2074.15, 356372, 7391.69, 20234, 218640, 61.35
LMW, EQ, 05-Aug-2026, 16064.00, 16062.00, 16400.00, 16062.00, 16400.00, 16372.00, 16318.35, 1592, 259.79, 734, 807, 50.69
LODHA, EQ, 05-Aug-2026, 1229.80, 1249.90, 1264.20, 1240.30, 1250.00, 1250.00, 1254.04, 1531623, 19207.23, 37053, 629999, 41.13
LOKESHMACH, BE, 05-Aug-2026, 331.50, 331.50, 338.10, 331.50, 338.10, 338.10, 337.71, 19337, 65.30, 136, -, -
LORDSCHLO, EQ, 05-Aug-2026, 147.53, 146.08, 149.98, 142.00, 143.00, 142.64, 144.58, 10733, 15.52, 488, 8086, 75.34
LOTUSDEV, EQ, 05-Aug-2026, 193.65, 195.75, 197.85, 191.69, 193.96, 193.03, 193.85, 3488592, 6762.68, 9146, 1718368, 49.26
LOTUSEYE, EQ, 05-Aug-2026, 116.56, 117.85, 118.20, 116.05, 118.00, 117.83, 117.15, 9005, 10.55, 247, 5154, 57.23
LOVABLE, EQ, 05-Aug-2026, 73.31, 74.50, 74.50, 72.81, 74.18, 73.62, 73.64, 4985, 3.67, 130, 3428, 68.77
LOWVOL, EQ, 05-Aug-2026, 211.92, 213.00, 213.72, 212.33, 213.02, 213.02, 212.78, 484, 1.03, 12, 266, 54.96
LOWVOL1, EQ, 05-Aug-2026, 21.46, 21.85, 22.30, 21.75, 22.30, 21.97, 21.83, 108026, 23.59, 198, 39185, 36.27
LOWVOLIETF, EQ, 05-Aug-2026, 22.53, 22.98, 22.98, 22.78, 22.80, 22.83, 22.86, 1451280, 331.77, 1048, 1055067, 72.70
LOYALTEX, EQ, 05-Aug-2026, 208.99, 227.99, 227.99, 210.00, 210.00, 210.00, 214.93, 1237, 2.66, 17, 1118, 90.38
LPDC, EQ, 05-Aug-2026, 6.32, 6.68, 6.68, 6.17, 6.40, 6.37, 6.37, 23674, 1.51, 114, 15585, 65.83
LT, EQ, 05-Aug-2026, 3990.00, 4025.00, 4074.00, 4024.80, 4057.00, 4057.00, 4056.00, 1910224, 77478.75, 98367, 914527, 47.88
LTF, EQ, 05-Aug-2026, 317.90, 323.00, 326.75, 318.30, 318.40, 318.40, 320.96, 5834701, 18726.94, 39023, 3083137, 52.84
LTFOODS, EQ, 05-Aug-2026, 417.40, 417.00, 424.00, 415.30, 418.00, 417.15, 419.93, 351962, 1478.01, 14324, 154130, 43.79
LTGILTBEES, EQ, 05-Aug-2026, 29.90, 29.93, 30.06, 29.93, 30.01, 30.01, 30.01, 2023972, 607.37, 637, 1736879, 85.82
LTGILTCASE, EQ, 05-Aug-2026, 30.49, 30.75, 30.75, 30.44, 30.57, 30.58, 30.59, 151087, 46.22, 213, 130168, 86.15
LTM, EQ, 05-Aug-2026, 4559.00, 4589.00, 4602.20, 4503.50, 4506.00, 4506.00, 4543.39, 156961, 7131.35, 19513, 55631, 35.44
LTTS, EQ, 05-Aug-2026, 3502.00, 3520.90, 3593.30, 3498.10, 3563.00, 3575.30, 3550.72, 98283, 3489.75, 17563, 45475, 46.27
LUMAXIND, EQ, 05-Aug-2026, 5704.50, 5755.00, 5894.50, 5750.00, 5800.00, 5798.00, 5810.06, 28322, 1645.52, 5986, 12485, 44.08
LUMAXTECH, EQ, 05-Aug-2026, 1634.30, 1638.40, 1706.80, 1627.70, 1690.00, 1697.90, 1682.35, 301915, 5079.26, 20280, 149622, 49.56
LUPIN, EQ, 05-Aug-2026, 2410.00, 2410.00, 2410.00, 2357.50, 2388.00, 2388.00, 2380.78, 1494574, 35582.54, 76958, 1063793, 71.18
LUXIND, EQ, 05-Aug-2026, 1267.90, 1272.00, 1294.80, 1272.00, 1284.00, 1287.20, 1284.55, 15812, 203.11, 1528, 8978, 56.78
LXCHEM, EQ, 05-Aug-2026, 184.29, 185.20, 189.14, 181.22, 181.85, 181.57, 185.16, 1531727, 2836.12, 16312, 660289, 43.11
LYKALABS, BE, 05-Aug-2026, 66.66, 66.66, 69.99, 66.66, 69.99, 69.99, 69.55, 38739, 26.94, 192, -, -
M&M, EQ, 05-Aug-2026, 3433.00, 3470.00, 3485.80, 3435.00, 3455.40, 3455.40, 3463.86, 1970549, 68256.98, 120733, 1151961, 58.46
M&MFIN, EQ, 05-Aug-2026, 398.60, 398.60, 401.65, 395.10, 396.85, 398.40, 397.97, 2383486, 9485.48, 35280, 1398519, 58.68
MAANALU, EQ, 05-Aug-2026, 127.09, 128.87, 130.00, 126.11, 127.57, 127.25, 128.32, 38072, 48.86, 922, 21671, 56.92
MACOBSTECH, SM, 05-Aug-2026, 210.10, 208.70, 214.05, 208.70, 209.10, 209.10, 210.14, 3200, 6.72, 4, 1600, 50.00
MACPOWER, EQ, 05-Aug-2026, 1530.30, 1530.30, 1558.00, 1515.00, 1549.00, 1534.90, 1534.86, 34594, 530.97, 3774, 16968, 49.05
MADHAV, EQ, 05-Aug-2026, 33.59, 34.42, 36.28, 34.42, 35.23, 35.76, 35.30, 5563, 1.96, 124, 3928, 70.61
MADHAVIPL, EQ, 05-Aug-2026, 7.89, 7.90, 8.22, 7.90, 7.92, 7.98, 7.99, 73693, 5.89, 269, 55446, 75.24
MADHUCON, BE, 05-Aug-2026, 5.12, 5.15, 5.29, 5.15, 5.16, 5.16, 5.21, 26037, 1.36, 63, -, -
MADHUSUDAN, ST, 05-Aug-2026, 230.15, 230.20, 235.00, 229.05, 234.90, 231.05, 231.98, 14000, 32.48, 14, 13000, 92.86
MADRASFERT, EQ, 05-Aug-2026, 66.87, 67.50, 67.60, 66.75, 66.75, 66.86, 67.07, 29209, 19.59, 468, 17793, 60.92
MAFANG, EQ, 05-Aug-2026, 193.69, 198.96, 198.96, 198.96, 198.96, 198.96, 198.96, 139209, 276.97, 612, 139209, 100.00
MAFATIND, EQ, 05-Aug-2026, 132.01, 133.03, 135.35, 132.53, 133.81, 134.33, 133.85, 14561, 19.49, 363, 11505, 79.01
MAGADSUGAR, EQ, 05-Aug-2026, 548.75, 538.75, 549.45, 505.00, 509.05, 512.25, 525.68, 54074, 284.25, 3501, 25785, 47.68
MAGNUM, EQ, 05-Aug-2026, 19.94, 19.94, 19.94, 18.36, 19.30, 19.42, 19.12, 77030, 14.73, 271, 60836, 78.98
MAHABANK, EQ, 05-Aug-2026, 78.42, 79.02, 80.10, 78.40, 79.21, 79.20, 79.14, 9813088, 7766.01, 40937, 4579936, 46.67
MAHAPEXLTD, EQ, 05-Aug-2026, 45.41, 46.00, 48.00, 45.00, 45.60, 46.90, 46.46, 4650, 2.16, 79, 3268, 70.28
MAHASTEEL, EQ, 05-Aug-2026, 1074.90, 1080.00, 1094.90, 1060.40, 1074.00, 1076.90, 1077.90, 16334, 176.06, 930, 11573, 70.85
MAHEPC, EQ, 05-Aug-2026, 107.68, 108.30, 110.09, 106.81, 108.50, 107.61, 108.51, 49071, 53.25, 1129, 30623, 62.41
MAHESHWARI, BE, 05-Aug-2026, 73.00, 74.98, 74.98, 73.00, 73.00, 73.00, 73.02, 13043, 9.52, 44, -, -
MAHICKRA, SM, 05-Aug-2026, 263.50, 260.00, 260.00, 258.00, 258.00, 258.00, 259.56, 6750, 17.52, 5, 6750, 100.00
MAHKTECH, EQ, 05-Aug-2026, 23.67, 23.89, 23.89, 23.89, 23.89, 23.89, 23.89, 394802, 94.32, 509, 394792, 100.00
MAHLIFE, EQ, 05-Aug-2026, 397.55, 400.95, 400.95, 380.05, 381.50, 382.85, 387.31, 352224, 1364.19, 9386, 216874, 61.57
MAHLOG, EQ, 05-Aug-2026, 421.00, 420.45, 422.00, 408.10, 409.00, 413.50, 415.55, 135899, 564.73, 4446, 83494, 61.44
MAHSCOOTER, EQ, 05-Aug-2026, 13833.00, 13997.00, 14040.00, 13800.00, 13826.00, 13834.00, 13931.84, 4462, 621.64, 2032, 2103, 47.13
MAHSEAMLES, EQ, 05-Aug-2026, 579.10, 582.00, 589.00, 580.00, 584.90, 582.60, 584.01, 76222, 445.14, 4420, 46102, 60.48
MAITHANALL, EQ, 05-Aug-2026, 962.75, 967.00, 978.95, 963.30, 969.20, 968.55, 969.36, 31672, 307.02, 2045, 17730, 55.98
MAITREYA, SM, 05-Aug-2026, 122.00, 122.00, 122.00, 122.00, 122.00, 122.00, 122.00, 1200, 1.46, 2, 1200, 100.00
MAJESAUT, EQ, 05-Aug-2026, 482.45, 490.00, 500.00, 477.00, 489.00, 487.90, 486.24, 42906, 208.63, 2033, 26384, 61.49
MAKEINDIA, EQ, 05-Aug-2026, 167.01, 167.01, 168.86, 167.01, 168.62, 168.57, 168.46, 37694, 63.50, 434, 24681, 65.48
MAKS, SM, 05-Aug-2026, 18.00, 18.30, 18.30, 17.10, 17.15, 17.20, 17.46, 10500, 1.83, 5, 10500, 100.00
MAL, SM, 05-Aug-2026, 33.00, 32.90, 33.00, 31.50, 31.50, 31.50, 32.11, 8000, 2.57, 5, 6400, 80.00
MALLCOM, EQ, 05-Aug-2026, 992.70, 997.30, 1019.90, 987.40, 1000.00, 1012.65, 1002.17, 2214, 22.19, 189, 1504, 67.93
MALUPAPER, EQ, 05-Aug-2026, 33.45, 33.98, 34.48, 32.50, 33.20, 33.30, 33.61, 8512, 2.86, 133, 3869, 45.45
MAMATA, EQ, 05-Aug-2026, 414.40, 419.10, 427.00, 411.95, 425.00, 425.15, 423.46, 238907, 1011.68, 8374, 131704, 55.13
MANAKALUCO, EQ, 05-Aug-2026, 35.12, 35.10, 36.00, 34.75, 36.00, 35.61, 35.46, 56096, 19.89, 818, 32283, 57.55
MANAKCOAT, EQ, 05-Aug-2026, 119.42, 119.94, 120.32, 117.11, 118.50, 117.92, 118.40, 111213, 131.67, 1487, 60099, 54.04
MANAKSIA, EQ, 05-Aug-2026, 56.74, 57.50, 57.50, 56.10, 56.95, 56.86, 56.42, 13516, 7.63, 274, 10965, 81.13
MANAKSTEEL, EQ, 05-Aug-2026, 79.26, 79.25, 82.49, 77.42, 81.70, 81.34, 80.75, 152715, 123.32, 1163, 117841, 77.16
MANALIPETC, EQ, 05-Aug-2026, 66.57, 67.70, 67.70, 65.15, 65.16, 65.66, 66.01, 242844, 160.29, 2021, 149445, 61.54
MANAPPURAM, EQ, 05-Aug-2026, 356.60, 362.20, 369.70, 359.90, 363.60, 363.60, 363.80, 11441426, 41624.39, 59137, 6401752, 55.95
MANBA, EQ, 05-Aug-2026, 134.68, 134.87, 135.50, 133.00, 134.26, 133.66, 134.66, 58851, 79.25, 584, 14192, 24.12
MANCREDIT, EQ, 05-Aug-2026, 245.15, 243.60, 248.40, 240.00, 243.90, 245.10, 245.05, 163522, 400.71, 2702, 86168, 52.70
MANDEEP, SM, 05-Aug-2026, 19.05, 19.00, 19.00, 19.00, 19.00, 19.00, 19.00, 2000, 0.38, 1, 2000, 100.00
MANGALAM, EQ, 05-Aug-2026, 26.98, 27.25, 27.48, 26.45, 27.05, 27.06, 27.10, 25548, 6.92, 190, 20165, 78.93
MANGLMCEM, EQ, 05-Aug-2026, 944.65, 950.45, 960.00, 932.05, 951.80, 949.00, 944.03, 16411, 154.92, 1062, 8196, 49.94
MANILAM, SM, 05-Aug-2026, 50.50, 49.00, 49.00, 49.00, 49.00, 49.00, 49.00, 2000, 0.98, 1, 2000, 100.00
MANINDS, EQ, 05-Aug-2026, 542.70, 547.30, 551.85, 531.00, 532.80, 533.15, 538.46, 206935, 1114.27, 6977, 102628, 49.59
MANINFRA, EQ, 05-Aug-2026, 111.61, 113.30, 115.00, 111.32, 114.48, 113.47, 113.44, 2340787, 2655.41, 14781, 813315, 34.75
MANIPALHOS, EQ, 05-Aug-2026, 590.00, 652.00, 675.80, 635.00, 663.15, 666.95, 654.89, 47007715, 307846.60, 609142, 29454657, 62.66
MANKIND, EQ, 05-Aug-2026, 2438.00, 2461.00, 2461.90, 2435.00, 2435.60, 2435.60, 2448.12, 157619, 3858.70, 12049, 79850, 50.66
MANOMAY, EQ, 05-Aug-2026, 213.43, 215.00, 218.50, 208.88, 218.50, 214.06, 214.05, 232659, 498.00, 4116, 74527, 32.03
MANORAMA, EQ, 05-Aug-2026, 1617.80, 1621.90, 1633.60, 1600.00, 1600.00, 1607.90, 1615.94, 66429, 1073.45, 7630, 39867, 60.01
MANORG, BE, 05-Aug-2026, 470.05, 479.50, 479.50, 461.00, 461.00, 461.60, 464.26, 17104, 79.41, 163, -, -
MANUFGBEES, EQ, 05-Aug-2026, 165.99, 166.46, 166.92, 165.90, 166.30, 166.30, 166.42, 2497, 4.16, 78, 2364, 94.67
MANUGRAPH, BE, 05-Aug-2026, 15.22, 15.75, 15.98, 15.31, 15.90, 15.89, 15.83, 23339, 3.70, 61, -, -
MANYAVAR, EQ, 05-Aug-2026, 485.90, 497.90, 513.00, 481.00, 506.00, 504.35, 498.77, 16405389, 81825.52, 244667, 1711011, 10.43
MAPMYINDIA, EQ, 05-Aug-2026, 1139.70, 1082.80, 1096.20, 1041.10, 1049.00, 1046.40, 1067.48, 1318176, 14071.32, 63886, 416584, 31.60
MARALOVER, BE, 05-Aug-2026, 54.28, 52.55, 55.95, 52.55, 54.99, 54.99, 54.30, 18678, 10.14, 99, -, -
MARATHON, EQ, 05-Aug-2026, 391.45, 392.50, 396.00, 385.10, 385.10, 387.20, 388.48, 34950, 135.78, 1090, 24019, 68.72
MARCO, SM, 05-Aug-2026, 31.95, 31.05, 31.05, 29.65, 31.00, 31.00, 30.75, 7500, 2.31, 5, 6000, 80.00
MARICO, EQ, 05-Aug-2026, 875.00, 878.60, 879.00, 846.85, 852.00, 852.00, 855.95, 3931248, 33649.59, 75659, 1313697, 33.42
MARINE, EQ, 05-Aug-2026, 300.60, 304.00, 308.00, 297.95, 303.10, 305.50, 303.74, 1503289, 4566.04, 20026, 661881, 44.03
MARKOLINES, EQ, 05-Aug-2026, 176.17, 177.00, 180.95, 176.55, 176.60, 177.23, 178.00, 49333, 87.81, 761, 19405, 39.33
MARKSANS, EQ, 05-Aug-2026, 269.10, 271.00, 271.80, 265.00, 269.30, 270.65, 268.91, 878439, 2362.21, 18179, 389318, 44.32
MARSONS, EQ, 05-Aug-2026, 108.15, 108.95, 113.49, 107.25, 108.80, 107.90, 109.24, 1530835, 1672.31, 6700, 354077, 23.13
MARUTI, EQ, 05-Aug-2026, 14168.00, 14240.00, 14249.00, 14089.00, 14190.00, 14190.00, 14150.76, 312540, 44226.79, 48446, 163955, 52.46
MASFIN, EQ, 05-Aug-2026, 310.75, 310.00, 313.85, 306.05, 306.70, 307.20, 308.98, 119191, 368.28, 4666, 78896, 66.19
MASKINVEST, BE, 05-Aug-2026, 147.00, 150.00, 152.95, 142.55, 149.50, 149.50, 148.51, 240, 0.36, 11, -, -
MASON, SM, 05-Aug-2026, 120.00, 120.00, 120.00, 118.20, 118.50, 118.40, 119.12, 7500, 8.93, 15, 6500, 86.67
MASPTOP50, EQ, 05-Aug-2026, 77.96, 79.23, 79.23, 79.23, 79.23, 79.23, 79.23, 191382, 151.63, 161, 95691, 50.00
MASTEK, EQ, 05-Aug-2026, 1842.60, 1842.60, 1866.40, 1816.70, 1829.90, 1827.90, 1832.18, 44088, 807.77, 6209, 20391, 46.25
MASTER, SM, 05-Aug-2026, 500.25, 495.00, 495.00, 485.00, 485.00, 485.00, 488.35, 1500, 7.33, 3, 1500, 100.00
MASTERTR, EQ, 05-Aug-2026, 84.03, 84.03, 85.17, 81.55, 81.65, 81.91, 82.80, 250545, 207.45, 1474, 117375, 46.85
MATRIMONY, EQ, 05-Aug-2026, 431.20, 429.00, 433.10, 426.10, 426.90, 427.55, 430.30, 5284, 22.74, 252, 3983, 75.38
MAWANASUG, BE, 05-Aug-2026, 115.35, 121.11, 121.11, 117.01, 117.40, 117.66, 120.09, 272149, 326.81, 848, -, -
MAXESTATES, EQ, 05-Aug-2026, 392.60, 392.60, 404.40, 392.60, 393.00, 395.45, 398.61, 56036, 223.36, 4508, 35809, 63.90
MAXHEALTH, EQ, 05-Aug-2026, 1077.00, 1080.00, 1087.00, 1066.40, 1080.00, 1080.00, 1074.10, 1171384, 12581.88, 39218, 695011, 59.33
MAXIND, EQ, 05-Aug-2026, 171.80, 172.50, 175.00, 170.10, 170.57, 171.22, 171.76, 41421, 71.14, 1354, 23978, 57.89
MAXPOSURE, SM, 05-Aug-2026, 34.00, 33.55, 33.55, 33.50, 33.50, 33.50, 33.51, 4000, 1.34, 4, 4000, 100.00
MAXVOLT, ST, 05-Aug-2026, 350.00, 353.00, 355.00, 340.35, 343.55, 345.00, 344.66, 19200, 66.18, 42, 17200, 89.58
MAYURUNIQ, EQ, 05-Aug-2026, 774.45, 776.00, 799.00, 763.00, 774.80, 768.95, 779.04, 150465, 1172.19, 9354, 78954, 52.47
MAZDA, BE, 05-Aug-2026, 226.37, 228.95, 229.00, 225.00, 227.80, 227.23, 226.79, 4978, 11.29, 130, -, -
MAZDOCK, EQ, 05-Aug-2026, 2389.00, 2400.20, 2424.00, 2368.30, 2380.50, 2380.50, 2395.56, 469368, 11244.01, 22939, 128159, 27.30
MBAPL, EQ, 05-Aug-2026, 158.62, 158.62, 160.54, 155.50, 157.80, 156.93, 157.51, 840922, 1324.54, 8591, 606376, 72.11
MBEL, EQ, 05-Aug-2026, 295.75, 296.00, 299.20, 285.20, 285.75, 287.90, 290.63, 180366, 524.20, 6439, 110204, 61.10
MBLINFRA, BE, 05-Aug-2026, 25.18, 25.15, 25.79, 25.15, 25.49, 25.30, 25.49, 6688, 1.70, 47, -, -
MCCHRLS-B, EQ, 05-Aug-2026, 680.00, 700.00, 700.00, 669.50, 680.00, 674.75, 677.82, 343, 2.32, 44, 230, 67.06
MCL, EQ, 05-Aug-2026, 55.25, 57.80, 57.80, 55.00, 55.40, 55.32, 55.69, 45676, 25.44, 1274, 19750, 43.24
MCLEODRUSS, BE, 05-Aug-2026, 50.97, 51.01, 51.20, 48.43, 49.25, 49.16, 49.13, 317497, 155.99, 830, -, -
MCLOUD, EQ, 05-Aug-2026, 28.76, 28.75, 29.45, 28.50, 28.80, 28.79, 28.94, 2302990, 666.41, 4032, 877809, 38.12
MCON, SM, 05-Aug-2026, 44.00, 42.00, 42.30, 41.80, 41.80, 41.80, 42.07, 18000, 7.57, 11, 18000, 100.00
MCX, EQ, 05-Aug-2026, 2680.00, 2678.00, 2678.00, 2565.50, 2598.60, 2598.60, 2599.15, 5561921, 144562.87, 364013, 2189623, 39.37
MDL, ST, 05-Aug-2026, 61.15, 61.20, 61.20, 58.15, 61.00, 61.00, 60.12, 3000, 1.80, 3, 2000, 66.67
MEDANTA, EQ, 05-Aug-2026, 1435.10, 1434.90, 1449.50, 1405.10, 1410.90, 1410.30, 1413.83, 222083, 3139.88, 19649, 134545, 60.58
MEDIASSIST, EQ, 05-Aug-2026, 357.70, 357.70, 375.70, 357.20, 360.90, 362.35, 366.60, 133286, 488.62, 6834, 66669, 50.02
MEDICAMEQ, EQ, 05-Aug-2026, 250.83, 252.00, 253.78, 241.00, 243.40, 243.11, 245.16, 12849, 31.50, 549, 8832, 68.74
MEDICO, EQ, 05-Aug-2026, 49.06, 49.00, 49.24, 47.12, 47.60, 48.53, 48.49, 671646, 325.71, 1483, 240203, 35.76
MEDIORG, SM, 05-Aug-2026, 29.85, 28.40, 28.40, 28.40, 28.40, 28.40, 28.40, 2000, 0.57, 1, 2000, 100.00
MEDISTEP, SM, 05-Aug-2026, 19.50, 19.15, 20.00, 19.15, 20.00, 20.00, 19.58, 6000, 1.17, 2, 6000, 100.00
MEDPLUS, EQ, 05-Aug-2026, 684.05, 690.00, 706.00, 682.10, 691.00, 690.30, 696.51, 191295, 1332.39, 7656, 96997, 50.71
MEESHO, EQ, 05-Aug-2026, 191.88, 193.00, 193.49, 188.63, 189.79, 189.75, 191.14, 5788626, 11064.47, 41872, 2545438, 43.97
MEGASTAR, EQ, 05-Aug-2026, 329.80, 331.95, 333.00, 325.00, 331.00, 330.35, 329.91, 4736, 15.62, 307, 2201, 46.47
MEGATHERM, SM, 05-Aug-2026, 208.75, 208.75, 209.00, 206.00, 206.05, 207.00, 207.16, 10000, 20.72, 25, 7600, 76.00
MEIL, EQ, 05-Aug-2026, 286.55, 286.95, 289.00, 270.90, 277.05, 280.05, 283.13, 31139, 88.16, 1434, 24431, 78.46
MENNPIS, EQ, 05-Aug-2026, 73.34, 73.70, 79.10, 70.00, 72.50, 74.17, 74.06, 469695, 347.84, 5043, 173670, 36.98
MENONBE, BE, 05-Aug-2026, 232.14, 234.00, 241.00, 223.00, 234.00, 232.86, 233.50, 84128, 196.44, 1820, -, -
MEP, BZ, 05-Aug-2026, 0.54, 0.55, 0.55, 0.55, 0.55, 0.55, 0.55, 1811, 0.01, 11, -, -
MERCANTILE, EQ, 05-Aug-2026, 24.16, 24.16, 25.90, 24.16, 24.70, 25.26, 25.59, 5790, 1.48, 47, 4307, 74.39
MERCURYEV, EQ, 05-Aug-2026, 35.74, 36.95, 36.95, 34.55, 35.35, 35.30, 35.18, 276122, 97.15, 1170, 200207, 72.51
METAL, EQ, 05-Aug-2026, 13.12, 13.12, 13.39, 13.12, 13.37, 13.37, 13.29, 3703730, 492.08, 4483, 2184979, 58.99
METALIC, ST, 05-Aug-2026, 105.90, 106.00, 111.15, 106.00, 111.15, 111.15, 110.07, 83200, 91.58, 47, 80000, 96.15
METALIETF, EQ, 05-Aug-2026, 13.10, 13.10, 13.40, 13.10, 13.33, 13.32, 13.22, 14062948, 1858.85, 11136, 7148940, 50.84
METROBRAND, EQ, 05-Aug-2026, 1040.70, 1000.00, 1024.80, 982.00, 1005.00, 1001.00, 1003.20, 165122, 1656.50, 15339, 67066, 40.62
METROGLOBL, EQ, 05-Aug-2026, 132.42, 137.00, 137.00, 129.00, 129.85, 130.02, 131.69, 528, 0.70, 54, 271, 51.33
METROPOLIS, EQ, 05-Aug-2026, 584.50, 590.00, 592.00, 571.30, 577.00, 576.75, 580.05, 236725, 1373.12, 13103, 93316, 39.42
MFML, EQ, 05-Aug-2026, 19.62, 19.62, 19.62, 19.06, 19.53, 19.10, 19.29, 953, 0.18, 41, 775, 81.32
MFSL, EQ, 05-Aug-2026, 1519.30, 1522.20, 1536.20, 1502.90, 1523.00, 1523.00, 1524.87, 646093, 9852.07, 26390, 358940, 55.56
MGEL, BE, 05-Aug-2026, 15.24, 15.87, 15.87, 15.15, 15.60, 15.51, 15.45, 59039, 9.12, 176, -, -
MGL, EQ, 05-Aug-2026, 1111.60, 1114.10, 1126.80, 1111.50, 1115.20, 1115.10, 1118.90, 105453, 1179.91, 11930, 54237, 51.43
MGSL, SM, 05-Aug-2026, 74.50, 75.00, 78.30, 75.00, 78.00, 78.00, 77.56, 9600, 7.45, 8, 7200, 75.00
MHLXMIRU, EQ, 05-Aug-2026, 155.71, 156.99, 163.49, 156.60, 161.30, 161.38, 160.77, 29934, 48.13, 619, 23205, 77.52
MHRIL, EQ, 05-Aug-2026, 227.98, 227.90, 236.73, 227.00, 231.20, 233.24, 233.08, 284189, 662.39, 5447, 171840, 60.47
MICEL, BE, 05-Aug-2026, 37.86, 37.50, 37.99, 36.90, 37.29, 37.05, 37.22, 227056, 84.51, 1626, -, -
MICROPRO, SM, 05-Aug-2026, 18.20, 18.20, 18.20, 18.15, 18.15, 18.15, 18.18, 3200, 0.58, 2, 3200, 100.00
MID150, EQ, 05-Aug-2026, 23.64, 24.11, 24.11, 23.65, 23.73, 23.73, 23.81, 90425, 21.53, 156, 60482, 66.89
MID150BEES, EQ, 05-Aug-2026, 241.47, 245.00, 245.00, 241.71, 242.11, 242.10, 242.17, 1955718, 4736.15, 6470, 1789881, 91.52
MID150CASE, EQ, 05-Aug-2026, 11.73, 11.96, 11.96, 11.61, 11.75, 11.77, 11.78, 1335926, 157.36, 3693, 1028477, 76.99
MIDCAP, EQ, 05-Aug-2026, 18.57, 18.75, 18.75, 18.58, 18.75, 18.64, 18.65, 367998, 68.65, 815, 243124, 66.07
MIDCAPADD, EQ, 05-Aug-2026, 23.40, 23.47, 23.52, 23.07, 23.42, 23.26, 23.45, 33357, 7.82, 46, 31565, 94.63
MIDCAPBETA, EQ, 05-Aug-2026, 236.96, 236.96, 237.00, 236.00, 236.50, 236.77, 236.54, 3465, 8.20, 44, 2235, 64.50
MIDCAPETF, EQ, 05-Aug-2026, 23.85, 24.57, 24.57, 23.30, 23.88, 23.81, 23.89, 7908431, 1889.24, 5720, 5672218, 71.72
MIDCAPIETF, EQ, 05-Aug-2026, 24.21, 24.21, 24.42, 24.19, 24.34, 24.24, 24.25, 710984, 172.44, 2168, 384009, 54.01
MIDHANI, EQ, 05-Aug-2026, 412.60, 417.05, 418.50, 413.30, 416.20, 416.15, 416.02, 389062, 1618.57, 11113, 180666, 46.44
MIDQ50ADD, EQ, 05-Aug-2026, 25.46, 25.52, 25.70, 25.51, 25.63, 25.63, 25.59, 67593, 17.30, 320, 59586, 88.15
MIDSELIETF, EQ, 05-Aug-2026, 19.62, 19.90, 19.90, 19.71, 19.85, 19.81, 19.82, 282442, 55.97, 637, 208047, 73.66
MIDSMALL, EQ, 05-Aug-2026, 51.65, 51.64, 51.99, 51.64, 51.80, 51.78, 51.82, 303219, 157.14, 727, 196952, 64.95
MIDWESTLTD, EQ, 05-Aug-2026, 1216.80, 1216.80, 1222.00, 1201.00, 1209.00, 1204.70, 1210.24, 7564, 91.54, 799, 4644, 61.40
MIEL, SM, 05-Aug-2026, 13.00, 12.50, 12.50, 12.50, 12.50, 12.50, 12.50, 2000, 0.25, 1, 2000, 100.00
MINDACORP, EQ, 05-Aug-2026, 722.20, 729.45, 735.00, 720.00, 723.00, 723.00, 727.40, 257264, 1871.33, 13717, 131696, 51.19
MINDSPACE, RR, 05-Aug-2026, 493.67, 494.95, 498.80, 490.50, 493.00, 492.56, 492.15, 211759, 1042.17, 7173, 174352, 82.34
MINDTECK, EQ, 05-Aug-2026, 192.39, 193.07, 197.97, 190.50, 191.06, 191.71, 194.08, 56257, 109.18, 1655, 18577, 33.02
MIRZAINT, EQ, 05-Aug-2026, 34.20, 34.50, 34.50, 33.54, 33.80, 33.84, 34.03, 119558, 40.68, 1556, 57233, 47.87
MITCON, BE, 05-Aug-2026, 76.45, 78.00, 78.50, 77.90, 78.40, 78.45, 78.15, 6117, 4.78, 43, -, -
MITTAL, EQ, 05-Aug-2026, 0.90, 0.92, 0.92, 0.90, 0.92, 0.91, 0.91, 188067, 1.71, 254, 150553, 80.05
MKPL, EQ, 05-Aug-2026, 4.18, 4.20, 4.25, 4.14, 4.22, 4.21, 4.19, 99831, 4.18, 377, 63062, 63.17
MMEL, ST, 05-Aug-2026, 29.30, 29.95, 30.00, 29.95, 30.00, 30.00, 29.98, 4000, 1.20, 2, 4000, 100.00
MMFL, EQ, 05-Aug-2026, 552.85, 552.85, 576.00, 552.85, 567.60, 570.55, 564.02, 124762, 703.69, 5731, 68896, 55.22
MMP, EQ, 05-Aug-2026, 301.05, 305.00, 334.65, 300.55, 330.45, 329.35, 321.74, 382602, 1230.98, 10705, 164551, 43.01
MMTC, EQ, 05-Aug-2026, 63.65, 64.00, 64.64, 63.63, 63.79, 63.78, 64.04, 1102599, 706.10, 6905, 420707, 38.16
MMWL, BE, 05-Aug-2026, 13.82, 14.44, 14.51, 13.75, 14.51, 14.51, 14.46, 62030, 8.97, 68, -, -
MNC, EQ, 05-Aug-2026, 34.38, 34.38, 34.68, 34.38, 34.65, 34.55, 34.57, 80276, 27.75, 413, 71640, 89.24
MOALPHA50, EQ, 05-Aug-2026, 54.96, 55.23, 55.38, 55.03, 55.31, 55.25, 55.15, 6977, 3.85, 56, 6787, 97.28
MOBANK10, EQ, 05-Aug-2026, 17.06, 17.06, 18.10, 16.76, 16.90, 17.24, 17.17, 35986, 6.18, 97, 14755, 41.00
MOBIKWIK, EQ, 05-Aug-2026, 205.97, 207.00, 207.40, 202.51, 203.48, 203.33, 204.79, 1128979, 2312.06, 12390, 402923, 35.69
MOBILISE, ST, 05-Aug-2026, 114.00, 112.00, 112.00, 111.00, 111.00, 111.00, 111.50, 3200, 3.57, 2, 3200, 100.00
MOCAPITAL, EQ, 05-Aug-2026, 53.04, 53.62, 53.62, 52.66, 52.89, 52.78, 52.86, 931782, 492.49, 3893, 569631, 61.13
MODEFENCE, EQ, 05-Aug-2026, 103.07, 103.29, 104.10, 102.70, 103.00, 102.97, 103.48, 959815, 993.18, 6069, 541781, 56.45
MODINATUR, BE, 05-Aug-2026, 398.00, 400.00, 404.90, 387.05, 399.95, 399.40, 399.86, 1036, 4.14, 33, -, -
MODIRUBBER, EQ, 05-Aug-2026, 124.51, 125.80, 125.80, 121.61, 124.00, 123.55, 123.91, 540, 0.67, 40, 458, 84.81
MODIS, EQ, 05-Aug-2026, 396.00, 396.65, 423.00, 396.65, 415.00, 410.65, 408.76, 86140, 352.10, 1513, 40704, 47.25
MODISONLTD, BE, 05-Aug-2026, 283.95, 283.95, 290.00, 281.00, 282.00, 282.90, 284.88, 21323, 60.74, 465, -, -
MODTHREAD, EQ, 05-Aug-2026, 48.05, 51.89, 51.89, 47.03, 48.00, 50.64, 50.61, 1654, 0.84, 20, 1208, 73.04
MOENERGY, EQ, 05-Aug-2026, 38.94, 39.34, 39.34, 38.73, 38.95, 38.77, 38.85, 233137, 90.57, 748, 183843, 78.86
MOGOLD, EQ, 05-Aug-2026, 140.30, 141.15, 143.45, 141.15, 142.40, 142.70, 142.26, 96591, 137.41, 490, 74010, 76.62
MOGSEC, EQ, 05-Aug-2026, 65.24, 65.75, 66.60, 65.12, 65.25, 65.39, 65.89, 11120, 7.33, 136, 2327, 20.93
MOHEALTH, EQ, 05-Aug-2026, 51.71, 51.80, 52.00, 51.10, 51.68, 51.57, 51.57, 70605, 36.41, 639, 48276, 68.37
MOHITIND, EQ, 05-Aug-2026, 26.94, 28.85, 29.79, 26.10, 26.17, 26.72, 28.25, 910651, 257.26, 5513, 278417, 30.57
MOIL, EQ, 05-Aug-2026, 282.75, 283.00, 283.80, 280.40, 283.00, 282.70, 282.15, 618608, 1745.43, 13418, 319049, 51.58
MOINFRA, EQ, 05-Aug-2026, 60.73, 62.47, 62.47, 60.55, 61.20, 60.95, 61.00, 2440, 1.49, 79, 1628, 66.72
MOIPO, EQ, 05-Aug-2026, 47.96, 47.96, 48.09, 47.89, 48.06, 48.06, 48.00, 1056, 0.51, 32, 799, 75.66
MOKSH, EQ, 05-Aug-2026, 10.29, 10.39, 10.64, 10.18, 10.51, 10.57, 10.43, 40007, 4.17, 175, 28316, 70.78
MOL, EQ, 05-Aug-2026, 54.07, 54.49, 54.78, 53.20, 53.75, 53.39, 53.70, 762224, 409.28, 3481, 402770, 52.84
MOLDTECH, EQ, 05-Aug-2026, 151.46, 154.00, 169.00, 153.01, 168.10, 166.40, 164.03, 641554, 1052.37, 10647, 246715, 38.46
MOLDTKPAC, EQ, 05-Aug-2026, 684.90, 696.95, 696.95, 679.95, 688.00, 685.55, 688.14, 73970, 509.02, 4150, 33709, 45.57
MOLOWVOL, EQ, 05-Aug-2026, 37.50, 38.25, 38.25, 37.41, 37.85, 37.68, 37.49, 74396, 27.89, 73, 72267, 97.14
MOM100, EQ, 05-Aug-2026, 68.12, 67.70, 68.83, 67.68, 68.30, 68.52, 68.60, 198497, 136.18, 2202, 120425, 60.67
MOM30IETF, EQ, 05-Aug-2026, 31.40, 31.40, 31.64, 31.38, 31.41, 31.48, 31.47, 857226, 269.80, 1703, 567009, 66.14
MOM50, EQ, 05-Aug-2026, 256.27, 257.77, 258.58, 256.34, 257.25, 257.23, 257.57, 2299, 5.92, 124, 1650, 71.77
MOMENTUM, EQ, 05-Aug-2026, 31.21, 31.36, 31.41, 31.19, 31.20, 31.27, 31.29, 24941, 7.80, 160, 21956, 88.03
MOMENTUM30, EQ, 05-Aug-2026, 30.85, 30.93, 31.10, 30.83, 30.85, 30.97, 30.99, 66054, 20.47, 116, 43038, 65.16
MOMENTUM50, EQ, 05-Aug-2026, 53.43, 55.00, 55.00, 53.45, 53.75, 53.72, 53.65, 370977, 199.04, 1269, 265370, 71.53
MOMGF, EQ, 05-Aug-2026, 161.78, 163.00, 167.00, 163.00, 165.49, 165.49, 165.13, 3567, 5.89, 48, 2395, 67.14
MOMIDMTM, EQ, 05-Aug-2026, 64.22, 64.67, 64.67, 63.90, 64.60, 64.17, 64.44, 49113, 31.65, 230, 39812, 81.06
MOMMIDCAP, EQ, 05-Aug-2026, 12.80, 12.88, 12.90, 12.83, 12.90, 12.86, 12.86, 826668, 106.32, 361, 789669, 95.52
MOMNC, EQ, 05-Aug-2026, 33.32, 33.48, 33.65, 33.40, 33.40, 33.40, 33.55, 4218, 1.41, 12, 4218, 100.00
MOMOMENTUM, EQ, 05-Aug-2026, 62.53, 62.69, 62.97, 62.11, 62.60, 62.40, 62.59, 42906, 26.86, 444, 25887, 60.33
MON100, EQ, 05-Aug-2026, 316.35, 321.82, 321.82, 321.82, 321.82, 321.82, 321.82, 172348, 554.65, 920, 86199, 50.01
MON50EQUAL, EQ, 05-Aug-2026, 34.30, 34.30, 34.35, 33.69, 34.33, 34.19, 34.01, 111940, 38.07, 81, 61228, 54.70
MONARCH, EQ, 05-Aug-2026, 394.25, 399.00, 401.85, 387.00, 391.45, 390.55, 393.54, 138071, 543.36, 3693, 79306, 57.44
MONEXT50, EQ, 05-Aug-2026, 74.13, 74.27, 74.80, 74.04, 74.05, 74.37, 74.45, 1023, 0.76, 53, 928, 90.71
MONEYBOXX, EQ, 05-Aug-2026, 61.73, 61.30, 61.98, 61.05, 61.05, 61.82, 61.30, 3221, 1.97, 17, 2950, 91.59
MONIFTY100, EQ, 05-Aug-2026, 25.71, 25.90, 25.96, 25.70, 25.70, 25.78, 25.88, 74276, 19.22, 73, 61918, 83.36
MONIFTY500, EQ, 05-Aug-2026, 24.16, 24.16, 24.35, 24.16, 24.29, 24.23, 24.28, 385480, 93.60, 1254, 286653, 74.36
MONOLITH, SM, 05-Aug-2026, 878.40, 898.00, 904.95, 860.05, 899.00, 898.15, 890.57, 42500, 378.49, 157, 30500, 71.76
MONOPHARMA, SM, 05-Aug-2026, 9.10, 8.70, 8.75, 8.65, 8.65, 8.65, 8.67, 34000, 2.95, 16, 22000, 64.71
MONQ50, EQ, 05-Aug-2026, 140.42, 142.52, 142.52, 142.52, 142.52, 142.52, 142.52, 13126, 18.71, 129, 13126, 100.00
MONTECARLO, EQ, 05-Aug-2026, 538.15, 539.20, 549.90, 495.15, 501.00, 500.95, 511.22, 503418, 2573.57, 20026, 170566, 33.88
MOPSE, EQ, 05-Aug-2026, 101.41, 101.17, 101.65, 100.40, 100.85, 100.98, 100.99, 1886, 1.90, 25, 1120, 59.38
MOQUALITY, EQ, 05-Aug-2026, 202.27, 204.93, 206.27, 204.80, 204.80, 204.80, 205.94, 1046, 2.15, 26, 968, 92.54
MOREALTY, EQ, 05-Aug-2026, 89.43, 89.77, 91.56, 89.69, 90.76, 90.46, 90.93, 645464, 586.91, 2038, 318657, 49.37
MOREPENLAB, EQ, 05-Aug-2026, 69.18, 73.24, 78.25, 73.00, 76.70, 76.95, 75.73, 119149669, 90234.79, 269290, 23105019, 19.39
MOS, ST, 05-Aug-2026, 10.20, 10.20, 10.70, 9.70, 9.70, 10.00, 10.18, 460000, 46.82, 77, 384000, 83.48
MOSCHIP, EQ, 05-Aug-2026, 208.59, 209.70, 211.95, 207.30, 208.39, 208.57, 210.01, 1199492, 2519.04, 11904, 461742, 38.49
MOSERVICE, EQ, 05-Aug-2026, 31.65, 31.80, 31.89, 31.62, 31.68, 31.67, 31.77, 9311, 2.96, 31, 9311, 100.00
MOSILVER, EQ, 05-Aug-2026, 214.22, 218.40, 221.79, 217.62, 220.01, 220.56, 219.54, 81928, 179.87, 1291, 31164, 38.04
MOSMALL250, EQ, 05-Aug-2026, 18.13, 18.33, 18.57, 18.23, 18.44, 18.42, 18.45, 4733790, 873.31, 2553, 2356126, 49.77
MOTHERSON, EQ, 05-Aug-2026, 151.00, 152.00, 156.39, 150.90, 154.35, 154.35, 154.21, 20566813, 31715.49, 158428, 9665388, 47.00
MOTILALOFS, EQ, 05-Aug-2026, 861.00, 870.00, 881.60, 863.60, 880.00, 880.00, 873.68, 686845, 6000.84, 21398, 359399, 52.33
MOTISONS, EQ, 05-Aug-2026, 14.18, 14.22, 14.36, 13.62, 13.84, 13.88, 14.13, 20525998, 2899.57, 9947, 6793478, 33.10
MOTOGENFIN, BE, 05-Aug-2026, 26.42, 26.35, 26.42, 25.67, 25.99, 25.99, 25.96, 3457, 0.90, 44, -, -
MOTOUR, EQ, 05-Aug-2026, 80.12, 81.17, 81.36, 80.73, 81.10, 81.15, 81.07, 38814, 31.47, 208, 28191, 72.63
MOVALUE, EQ, 05-Aug-2026, 115.17, 115.87, 116.20, 113.60, 114.81, 115.36, 115.65, 81310, 94.04, 724, 58091, 71.44
MPEL, ST, 05-Aug-2026, 35.00, 36.70, 36.70, 36.70, 36.70, 36.70, 36.70, 1600, 0.59, 1, 1600, 100.00
MPHASIS, EQ, 05-Aug-2026, 2380.00, 2403.80, 2484.00, 2390.70, 2460.00, 2460.00, 2453.62, 858129, 21055.25, 45475, 379145, 44.18
MPSLTD, EQ, 05-Aug-2026, 2726.10, 2739.00, 2890.00, 2716.30, 2865.00, 2873.70, 2826.84, 74819, 2115.01, 9097, 31687, 42.35
MRF, EQ, 05-Aug-2026, 132745.00, 133700.00, 135180.00, 133545.00, 134000.00, 134405.00, 134417.50, 4723, 6348.54, 2832, 2157, 45.67
MRPL, EQ, 05-Aug-2026, 169.64, 170.90, 174.05, 169.55, 170.35, 170.97, 171.81, 3567427, 6129.28, 23358, 1101016, 30.86
MSCI360, EQ, 05-Aug-2026, 10.26, 10.31, 10.35, 10.23, 10.23, 10.23, 10.29, 2840, 0.29, 14, 2839, 99.96
MSCIADD, EQ, 05-Aug-2026, 30.15, 30.27, 30.27, 30.04, 30.18, 30.18, 30.09, 1467, 0.44, 26, 579, 39.47
MSCIINDIA, EQ, 05-Aug-2026, 30.25, 30.47, 30.60, 30.25, 30.25, 30.28, 30.46, 25584, 7.79, 83, 23899, 93.41
MSPL, EQ, 05-Aug-2026, 34.19, 34.40, 35.89, 34.22, 35.89, 35.89, 35.29, 1758898, 620.75, 4852, 942686, 53.60
MSTCLTD, EQ, 05-Aug-2026, 599.80, 599.95, 613.90, 599.95, 604.00, 601.90, 605.92, 111014, 672.66, 4405, 54915, 49.47
MSUMI, EQ, 05-Aug-2026, 39.75, 39.88, 42.22, 39.88, 41.01, 40.97, 41.43, 29152671, 12078.71, 85692, 11203863, 38.43
MTARTECH, BE, 05-Aug-2026, 6312.50, 6628.00, 6628.00, 6628.00, 6628.00, 6628.00, 6628.00, 236644, 15684.76, 4714, -, -
MTEDUCARE, BE, 05-Aug-2026, 1.95, 2.03, 2.03, 1.91, 1.99, 1.98, 1.96, 9413, 0.18, 42, -, -
MTNL, EQ, 05-Aug-2026, 27.81, 27.86, 28.32, 27.60, 27.63, 27.70, 27.88, 517071, 144.15, 2861, 205506, 39.74
MUFIN, EQ, 05-Aug-2026, 132.22, 133.00, 136.38, 132.50, 134.00, 134.45, 134.78, 1726927, 2327.59, 7552, 515060, 29.83
MUFTI, EQ, 05-Aug-2026, 82.23, 82.26, 84.09, 80.05, 81.92, 81.69, 82.26, 85999, 70.75, 1233, 53424, 62.12
MUKANDLTD, EQ, 05-Aug-2026, 142.25, 143.00, 144.49, 141.56, 141.61, 142.17, 142.71, 90657, 129.37, 1445, 49512, 54.61
MUKKA, EQ, 05-Aug-2026, 22.95, 23.02, 23.14, 22.82, 23.00, 22.98, 22.96, 147212, 33.80, 908, 92553, 62.87
MUKTAARTS, BE, 05-Aug-2026, 54.25, 54.25, 56.96, 52.80, 56.96, 56.94, 56.39, 2592, 1.46, 30, -, -
MULTICAP, EQ, 05-Aug-2026, 16.90, 17.00, 17.04, 16.93, 16.97, 16.96, 16.99, 197079, 33.48, 576, 121818, 61.81
MUNISH, ST, 05-Aug-2026, 76.50, 80.30, 80.30, 80.30, 80.30, 80.30, 80.30, 6000, 4.82, 5, 6000, 100.00
MUNJALAU, EQ, 05-Aug-2026, 104.05, 104.83, 105.85, 104.00, 104.00, 104.40, 104.94, 260272, 273.13, 2730, 122484, 47.06
MUNJALSHOW, EQ, 05-Aug-2026, 144.30, 140.50, 140.60, 137.00, 137.37, 137.17, 137.95, 94408, 130.24, 1487, 57417, 60.82
MURUDCERA, EQ, 05-Aug-2026, 30.75, 31.30, 31.40, 29.90, 31.10, 31.10, 30.55, 50083, 15.30, 306, 30193, 60.29
MUTHOOTCAP, EQ, 05-Aug-2026, 239.64, 239.00, 265.64, 234.31, 261.00, 261.19, 256.46, 117313, 300.86, 3013, 67723, 57.73
MUTHOOTFIN, EQ, 05-Aug-2026, 2870.00, 2894.90, 2954.90, 2889.70, 2892.00, 2892.00, 2916.51, 1221306, 35619.57, 51341, 537178, 43.98
MUTHOOTMF, EQ, 05-Aug-2026, 226.30, 229.49, 233.87, 226.20, 230.01, 230.16, 229.83, 767436, 1763.77, 14113, 360492, 46.97
MVGJL, EQ, 05-Aug-2026, 167.39, 169.73, 172.38, 166.05, 171.60, 169.11, 168.62, 28432, 47.94, 1070, 14670, 51.60
MVKAGRO, SM, 05-Aug-2026, 282.30, 268.20, 268.20, 268.20, 268.20, 268.20, 268.20, 9900, 26.55, 15, 9900, 100.00
MWL, EQ, 05-Aug-2026, 42.25, 41.90, 43.70, 40.96, 42.99, 42.85, 42.79, 2708110, 1158.75, 8063, 731471, 27.01
MYMUDRA, SM, 05-Aug-2026, 80.00, 80.00, 80.00, 80.00, 80.00, 80.00, 80.00, 9600, 7.68, 6, 9600, 100.00
NACLIND, EQ, 05-Aug-2026, 181.13, 182.40, 184.50, 179.05, 179.30, 180.83, 181.75, 567941, 1032.21, 8665, 199201, 35.07
NAGREEKCAP, EQ, 05-Aug-2026, 23.75, 23.00, 23.94, 22.82, 22.82, 22.84, 23.07, 2399, 0.55, 52, 1667, 69.49
NAGREEKEXP, EQ, 05-Aug-2026, 22.61, 22.05, 23.20, 22.05, 22.67, 22.66, 22.56, 3789, 0.85, 101, 2784, 73.48
NAHARCAP, EQ, 05-Aug-2026, 263.18, 267.99, 268.00, 260.00, 260.00, 264.58, 265.79, 20266, 53.86, 81, 19520, 96.32
NAHARINDUS, EQ, 05-Aug-2026, 120.61, 121.89, 123.47, 115.15, 118.00, 118.05, 118.83, 28003, 33.28, 571, 15581, 55.64
NAHARPOLY, EQ, 05-Aug-2026, 278.60, 279.00, 281.00, 272.00, 276.80, 273.80, 277.41, 44968, 124.75, 887, 35432, 78.79
NAHARSPING, EQ, 05-Aug-2026, 323.70, 325.10, 332.50, 318.20, 329.00, 328.95, 325.54, 115800, 376.97, 1780, 91486, 79.00
NAM-INDIA, EQ, 05-Aug-2026, 1202.00, 1207.00, 1215.00, 1188.00, 1215.00, 1215.00, 1207.77, 2213614, 26735.28, 51297, 1195686, 54.02
NAMAN, SM, 05-Aug-2026, 43.15, 43.15, 43.75, 43.15, 43.75, 43.75, 43.45, 1600, 0.70, 2, 1600, 100.00
NAMOEWASTE, ST, 05-Aug-2026, 274.00, 274.10, 277.05, 270.05, 277.05, 277.05, 273.62, 20000, 54.72, 20, 20000, 100.00
NARMADA, EQ, 05-Aug-2026, 15.95, 16.02, 16.58, 14.90, 14.99, 15.01, 15.59, 4922534, 767.45, 8997, 1272703, 25.85
NATCAPSUQ, EQ, 05-Aug-2026, 152.56, 150.20, 153.50, 144.10, 148.58, 148.14, 148.21, 52986, 78.53, 568, 42996, 81.15
NATCOPHARM, EQ, 05-Aug-2026, 917.00, 923.30, 925.50, 912.10, 921.85, 917.55, 919.94, 240030, 2208.14, 18125, 102736, 42.80
NATHBIOGEN, EQ, 05-Aug-2026, 164.72, 167.00, 167.25, 164.04, 164.10, 164.75, 165.56, 17803, 29.47, 272, 14501, 81.45
NATIONALUM, EQ, 05-Aug-2026, 377.00, 381.00, 383.90, 375.15, 381.00, 381.00, 379.01, 8940938, 33886.98, 82433, 4207543, 47.06
NATIONSTD, EQ, 05-Aug-2026, 223.74, 212.56, 220.40, 212.56, 212.56, 212.56, 212.67, 86123, 183.16, 646, 62480, 72.55
NAUKRI, EQ, 05-Aug-2026, 1260.00, 1265.90, 1277.90, 1230.50, 1242.00, 1242.00, 1248.41, 1282107, 16005.91, 51264, 692370, 54.00
NAVA, EQ, 05-Aug-2026, 571.70, 580.00, 584.00, 572.75, 581.00, 582.00, 578.89, 143509, 830.75, 11032, 78557, 54.74
NAVINFLUOR, EQ, 05-Aug-2026, 7629.00, 7690.00, 7729.00, 7551.00, 7620.00, 7609.50, 7630.20, 136897, 10445.52, 22907, 74874, 54.69
NAVKARCORP, EQ, 05-Aug-2026, 102.71, 103.38, 104.24, 101.70, 102.23, 102.12, 102.68, 260116, 267.08, 2011, 153581, 59.04
NAVKARURB, BE, 05-Aug-2026, 1.03, 1.03, 1.05, 1.00, 1.03, 1.01, 1.02, 776341, 7.89, 321, -, -
NAVNETEDUL, EQ, 05-Aug-2026, 128.63, 128.67, 132.50, 125.81, 127.01, 127.36, 127.94, 800786, 1024.53, 7888, 553348, 69.10
NAZARA, EQ, 05-Aug-2026, 349.50, 349.75, 354.05, 342.35, 348.00, 348.80, 349.89, 2944336, 10301.99, 26458, 1357469, 46.10
NBCC, EQ, 05-Aug-2026, 94.84, 95.31, 96.30, 95.20, 96.00, 96.00, 95.90, 5779578, 5542.67, 28955, 2132163, 36.89
NBIFIN, EQ, 05-Aug-2026, 2168.20, 2202.60, 2249.00, 2120.20, 2166.30, 2131.40, 2168.59, 847, 18.37, 260, 548, 64.70
NCC, EQ, 05-Aug-2026, 143.11, 143.50, 145.45, 143.12, 143.62, 143.57, 144.15, 869174, 1252.87, 10434, 432475, 49.76
NCLIND, EQ, 05-Aug-2026, 174.62, 178.66, 178.66, 173.43, 173.90, 173.85, 174.35, 23635, 41.21, 2651, 17248, 72.98
NDGL, EQ, 05-Aug-2026, 2799.00, 2737.00, 2825.00, 2720.00, 2734.00, 2756.60, 2766.42, 86, 2.38, 30, 68, 79.07
NDL, EQ, 05-Aug-2026, 2.37, 2.40, 2.40, 2.36, 2.38, 2.37, 2.38, 482241, 11.46, 686, 374490, 77.66
NDLVENTURE, EQ, 05-Aug-2026, 127.27, 126.10, 128.77, 125.13, 125.56, 127.31, 127.80, 6937, 8.87, 173, 5280, 76.11
NDRAUTO, EQ, 05-Aug-2026, 819.85, 828.50, 832.00, 815.05, 821.50, 826.10, 826.14, 10748, 88.79, 1008, 5635, 52.43
NDTV, EQ, 05-Aug-2026, 76.66, 76.66, 77.59, 76.66, 77.40, 77.17, 77.13, 86139, 66.44, 825, 44303, 51.43
NEAGI, EQ, 05-Aug-2026, 3170.00, 3165.00, 3165.00, 3165.00, 3165.00, 3165.00, 3165.00, 1, 0.03, 1, 1, 100.00
NECCLTD, BE, 05-Aug-2026, 15.72, 15.90, 15.98, 15.10, 15.35, 15.25, 15.35, 26879, 4.13, 133, -, -
NECLIFE, BE, 05-Aug-2026, 10.53, 10.53, 10.75, 10.30, 10.60, 10.61, 10.57, 73504, 7.77, 298, -, -
NELCAST, EQ, 05-Aug-2026, 124.30, 124.00, 128.00, 123.67, 126.00, 125.94, 126.11, 165525, 208.75, 3157, 70723, 42.73
NELCO, EQ, 05-Aug-2026, 981.70, 987.50, 1008.40, 975.00, 994.50, 995.10, 990.43, 293565, 2907.55, 9538, 71499, 24.36
NEOCHEM, ST, 05-Aug-2026, 91.00, 90.00, 90.75, 88.25, 90.75, 90.75, 90.18, 8400, 7.58, 6, 7200, 85.71
NEOGEN, EQ, 05-Aug-2026, 2083.20, 2104.00, 2113.00, 2008.50, 2012.20, 2012.80, 2041.82, 100355, 2049.07, 18867, 52249, 52.06
NEPHROCARE, ST, 05-Aug-2026, 65.55, 65.55, 68.80, 65.00, 68.80, 68.80, 67.93, 16800, 11.41, 32, 16000, 95.24
NEPHROPLUS, EQ, 05-Aug-2026, 713.15, 724.85, 724.85, 693.05, 705.00, 709.90, 707.71, 134134, 949.28, 10453, 67430, 50.27
NEPTUNE, SM, 05-Aug-2026, 179.00, 184.00, 190.00, 184.00, 185.00, 184.95, 186.41, 3500, 6.52, 7, 3000, 85.71
NESCO, EQ, 05-Aug-2026, 1047.60, 1064.90, 1064.90, 1040.00, 1044.10, 1049.40, 1049.20, 26726, 280.41, 2457, 14842, 55.53
NESTLEIND, EQ, 05-Aug-2026, 1520.00, 1510.00, 1524.60, 1488.10, 1520.00, 1520.00, 1510.66, 2747079, 41499.15, 71388, 1674861, 60.97
NETF, EQ, 05-Aug-2026, 265.69, 265.55, 268.75, 264.02, 268.10, 266.14, 266.95, 1985, 5.30, 130, 768, 38.69
NETWEB, EQ, 05-Aug-2026, 4762.20, 4820.70, 4933.00, 4725.00, 4890.00, 4893.80, 4854.96, 1924204, 93419.26, 137018, 353195, 18.36
NETWORK18, EQ, 05-Aug-2026, 30.05, 30.13, 30.30, 29.40, 29.50, 29.60, 29.86, 2252114, 672.57, 9493, 974103, 43.25
NEULANDLAB, EQ, 05-Aug-2026, 19273.00, 19500.00, 20099.00, 19431.00, 20049.00, 19956.00, 19845.28, 60067, 11920.47, 18382, 26775, 44.58
NEWGEN, EQ, 05-Aug-2026, 561.35, 562.80, 575.25, 553.75, 558.00, 556.55, 564.45, 918544, 5184.69, 26058, 254004, 27.65
NEWJAISA, ST, 05-Aug-2026, 14.95, 14.50, 15.65, 14.50, 15.65, 15.65, 15.46, 36000, 5.57, 19, 34500, 95.83
NEXT30ADD, EQ, 05-Aug-2026, 43.73, 43.80, 44.97, 43.64, 43.84, 43.95, 43.89, 12045, 5.29, 80, 11101, 92.16
NEXT50, EQ, 05-Aug-2026, 765.09, 769.03, 773.40, 766.03, 767.75, 767.38, 769.48, 28184, 216.87, 766, 16046, 56.93
NEXT50ADD, EQ, 05-Aug-2026, 74.59, 74.85, 75.26, 74.65, 74.65, 74.84, 74.85, 2937, 2.20, 21, 2781, 94.69
NEXT50BETA, EQ, 05-Aug-2026, 79.66, 80.02, 80.78, 79.03, 79.03, 79.76, 80.31, 315454, 253.35, 893, 216388, 68.60
NEXT50ETF, EQ, 05-Aug-2026, 75.01, 75.80, 78.00, 74.78, 77.50, 76.79, 76.65, 86358, 66.19, 109, 82665, 95.72
NEXT50IETF, EQ, 05-Aug-2026, 78.04, 80.38, 80.38, 77.56, 78.40, 78.21, 78.53, 1526652, 1198.89, 5425, 1041579, 68.23
NEXTMEDIA, EQ, 05-Aug-2026, 3.94, 3.99, 4.03, 3.89, 3.90, 3.90, 3.96, 4451, 0.18, 52, 3291, 73.94
NFL, EQ, 05-Aug-2026, 71.84, 72.02, 72.90, 72.02, 72.35, 72.30, 72.44, 535376, 387.82, 2802, 244821, 45.73
NFPSAMPOOR, SM, 05-Aug-2026, 23.25, 23.20, 23.50, 23.20, 23.45, 23.45, 23.39, 10000, 2.34, 5, 6000, 60.00
NGIL, BE, 05-Aug-2026, 39.15, 40.00, 40.00, 38.90, 39.80, 39.87, 39.67, 5337, 2.12, 33, -, -
NGLFINE, EQ, 05-Aug-2026, 3258.10, 3332.50, 3448.00, 3275.00, 3400.00, 3428.20, 3378.85, 6830, 230.78, 1623, 4006, 58.65
NH, EQ, 05-Aug-2026, 1919.40, 1919.40, 1930.80, 1900.00, 1906.00, 1903.10, 1910.47, 267772, 5115.71, 20825, 159914, 59.72
NHPC, EQ, 05-Aug-2026, 80.50, 81.86, 82.80, 77.81, 78.60, 78.60, 80.09, 26354576, 21108.28, 73528, 8510045, 32.29
NIACL, EQ, 05-Aug-2026, 171.77, 177.00, 189.37, 175.61, 181.85, 183.76, 184.83, 33239653, 61436.89, 216265, 2071049, 6.23
NIBE, EQ, 05-Aug-2026, 1383.10, 1407.90, 1424.90, 1384.10, 1386.00, 1397.20, 1403.56, 53086, 745.09, 4101, 27484, 51.77
NIBL, EQ, 05-Aug-2026, 35.35, 35.99, 36.89, 34.50, 35.58, 36.40, 35.82, 41332, 14.80, 1043, 13765, 33.30
NIDAN, SM, 05-Aug-2026, 13.10, 12.65, 13.35, 12.65, 13.35, 13.35, 13.00, 2000, 0.26, 2, 1000, 50.00
NIF100BEES, EQ, 05-Aug-2026, 272.03, 273.39, 275.00, 271.77, 274.50, 273.33, 273.11, 87693, 239.50, 828, 49820, 56.81
NIF100IETF, EQ, 05-Aug-2026, 28.50, 28.65, 28.92, 28.50, 28.60, 28.60, 28.69, 157104, 45.07, 871, 125055, 79.60
NIFTY1, EQ, 05-Aug-2026, 272.14, 272.14, 274.00, 271.01, 271.01, 272.44, 272.92, 72779, 198.63, 1470, 37478, 51.50
NIFTY100EW, EQ, 05-Aug-2026, 35.79, 35.85, 36.08, 35.75, 36.08, 35.91, 35.96, 39366, 14.16, 193, 36284, 92.17
NIFTYADD, EQ, 05-Aug-2026, 257.88, 258.61, 260.11, 257.27, 259.50, 258.70, 258.32, 10315, 26.65, 235, 7476, 72.48
NIFTYAXIS, EQ, 05-Aug-2026, 270.96, 274.95, 274.95, 271.21, 272.00, 271.91, 272.82, 34757, 94.82, 285, 31232, 89.86
NIFTYBEES, EQ, 05-Aug-2026, 278.79, 284.37, 284.37, 278.80, 280.07, 279.96, 280.15, 5092585, 14267.12, 49378, 2965436, 58.23
NIFTYBETA, EQ, 05-Aug-2026, 270.70, 271.00, 273.50, 268.87, 273.00, 271.19, 272.24, 104237, 283.78, 792, 74194, 71.18
NIFTYBETF, EQ, 05-Aug-2026, 251.76, 253.00, 254.10, 251.94, 253.00, 252.22, 253.16, 2882, 7.30, 108, 1727, 59.92
NIFTYCASE, EQ, 05-Aug-2026, 9.83, 10.03, 10.03, 9.83, 9.88, 9.85, 9.88, 448220, 44.28, 1259, 390514, 87.13
NIFTYETF, EQ, 05-Aug-2026, 266.53, 267.32, 268.75, 266.91, 268.39, 267.39, 267.49, 551616, 1475.53, 1147, 434919, 78.84
NIFTYIETF, EQ, 05-Aug-2026, 277.65, 279.95, 279.95, 277.80, 278.01, 278.47, 278.92, 770671, 2149.52, 8521, 323246, 41.94
NIFTYQLITY, EQ, 05-Aug-2026, 21.71, 21.65, 21.89, 21.61, 21.82, 21.80, 21.81, 18845, 4.11, 176, 14550, 77.21
NIITLTD, EQ, 05-Aug-2026, 96.24, 96.24, 100.45, 96.24, 99.00, 98.60, 99.23, 899814, 892.91, 5851, 373489, 41.51
NIITMTS, EQ, 05-Aug-2026, 250.19, 250.19, 251.47, 246.00, 247.00, 247.60, 248.59, 114764, 285.29, 4264, 61390, 53.49
NIKITA, SM, 05-Aug-2026, 73.90, 76.30, 76.30, 74.00, 74.00, 74.00, 74.78, 7200, 5.38, 6, 6000, 83.33
NILAINFRA, EQ, 05-Aug-2026, 7.53, 7.55, 7.72, 7.50, 7.50, 7.51, 7.54, 111873, 8.43, 345, 66989, 59.88
NILASPACES, EQ, 05-Aug-2026, 12.23, 12.68, 12.68, 12.25, 12.25, 12.27, 12.44, 202765, 25.23, 573, 139986, 69.04
NILE, EQ, 05-Aug-2026, 1686.00, 1676.10, 1694.20, 1621.10, 1629.00, 1630.10, 1650.31, 14650, 241.77, 2148, 10290, 70.24
NILKAMAL, EQ, 05-Aug-2026, 1734.70, 1742.90, 1818.50, 1705.00, 1815.00, 1801.30, 1777.48, 98515, 1751.08, 8402, 46884, 47.59
NIMBSPROJ, BE, 05-Aug-2026, 180.66, 182.00, 189.00, 180.00, 189.00, 189.00, 181.06, 1020, 1.85, 17, -, -
NINSYS, BE, 05-Aug-2026, 734.20, 724.50, 730.00, 702.00, 705.15, 721.25, 713.28, 5550, 39.59, 250, -, -
NIPPOBATRY, EQ, 05-Aug-2026, 320.90, 339.75, 339.75, 322.15, 328.60, 327.05, 332.17, 4874, 16.19, 259, 2548, 52.28
NIRAJ, BE, 05-Aug-2026, 28.76, 28.63, 29.50, 28.63, 29.18, 29.18, 29.25, 55933, 16.36, 68, -, -
NIRAJISPAT, EQ, 05-Aug-2026, 216.00, 216.00, 216.00, 216.00, 216.00, 216.00, 216.00, 2, 0.00, 1, 2, 100.00
NIRLON, EQ, 05-Aug-2026, 620.00, 620.75, 625.00, 620.00, 620.50, 621.50, 620.75, 2264, 14.05, 164, 1638, 72.35
NIRMAN, SM, 05-Aug-2026, 36.95, 36.10, 37.00, 33.30, 33.30, 33.30, 33.69, 330600, 111.37, 450, 291600, 88.20
NITCO, EQ, 05-Aug-2026, 107.06, 107.20, 107.99, 102.90, 103.55, 103.31, 104.60, 393342, 411.45, 4819, 250170, 63.60
NITINSPIN, EQ, 05-Aug-2026, 571.65, 573.00, 580.00, 566.80, 579.90, 578.55, 574.02, 77363, 444.08, 2898, 40094, 51.83
NITIRAJ, EQ, 05-Aug-2026, 214.44, 217.98, 217.98, 208.17, 214.00, 211.70, 212.23, 2774, 5.89, 73, 2002, 72.17
NITTAGELA, EQ, 05-Aug-2026, 1637.70, 1638.00, 1696.00, 1626.60, 1678.60, 1674.30, 1674.92, 6588, 110.34, 995, 3672, 55.74
NIVABUPA, EQ, 05-Aug-2026, 87.31, 87.80, 88.00, 86.26, 87.55, 87.54, 87.15, 860037, 749.50, 9033, 395725, 46.01
NKIND, EQ, 05-Aug-2026, 63.03, 63.00, 63.00, 60.00, 60.00, 60.29, 60.70, 89, 0.05, 11, 71, 79.78
NLCINDIA, EQ, 05-Aug-2026, 300.70, 303.90, 307.25, 300.70, 303.05, 303.30, 303.26, 2060118, 6247.59, 50329, 1082617, 52.55
NMDC, EQ, 05-Aug-2026, 84.20, 85.00, 85.80, 84.42, 85.80, 85.80, 85.03, 20532109, 17458.29, 58330, 11250538, 54.79
NMSTEEL, SM, 05-Aug-2026, 24.75, 23.00, 24.05, 23.00, 24.05, 24.05, 23.28, 6400, 1.49, 4, 4800, 75.00
NOCIL, EQ, 05-Aug-2026, 170.99, 172.71, 174.70, 171.54, 172.70, 172.99, 173.05, 558156, 965.90, 6513, 193307, 34.63
NOIDATOLL, BE, 05-Aug-2026, 4.54, 4.54, 4.54, 4.32, 4.47, 4.43, 4.39, 50812, 2.23, 171, -, -
NORBTEAEXP, EQ, 05-Aug-2026, 65.29, 65.40, 68.49, 65.40, 66.70, 66.69, 66.59, 3343, 2.23, 33, 3025, 90.49
NORTHARC, EQ, 05-Aug-2026, 285.05, 285.05, 287.90, 282.00, 285.25, 285.15, 284.64, 461473, 1313.54, 7474, 249497, 54.07
NOVAAGRI, BE, 05-Aug-2026, 22.99, 23.44, 23.45, 22.80, 23.05, 23.09, 23.20, 28512, 6.61, 163, -, -
NOVARTIND, EQ, 05-Aug-2026, 1622.00, 1622.10, 1649.00, 1605.70, 1637.00, 1634.90, 1626.65, 7765, 126.31, 1038, 5099, 65.67
NPBET, EQ, 05-Aug-2026, 286.86, 289.42, 289.72, 286.00, 286.47, 286.47, 287.62, 30, 0.09, 17, 19, 63.33
NPST, EQ, 05-Aug-2026, 1521.20, 1535.00, 1560.00, 1505.60, 1544.60, 1539.60, 1543.46, 58315, 900.07, 2036, 28845, 49.46
NRAIL, EQ, 05-Aug-2026, 483.50, 483.50, 492.00, 473.00, 489.50, 487.75, 481.66, 8677, 41.79, 625, 4059, 46.78
NRBBEARING, EQ, 05-Aug-2026, 429.90, 430.50, 464.80, 430.50, 459.00, 457.70, 452.05, 1540608, 6964.34, 29392, 808714, 52.49
NRL, BE, 05-Aug-2026, 110.89, 113.10, 113.10, 112.50, 113.10, 113.10, 113.09, 60758, 68.71, 228, -, -
NRVANDANA, ST, 05-Aug-2026, 70.00, 69.00, 69.00, 68.00, 69.00, 69.00, 68.73, 12000, 8.25, 4, 6000, 50.00
NSIL, EQ, 05-Aug-2026, 5596.00, 5601.00, 5739.00, 5601.00, 5735.00, 5715.00, 5675.84, 2161, 122.65, 396, 1746, 80.80
NSLNISP, EQ, 05-Aug-2026, 44.01, 44.05, 44.90, 43.63, 44.78, 44.77, 44.32, 4059360, 1799.28, 14833, 1850783, 45.59
NTPC, EQ, 05-Aug-2026, 343.65, 343.45, 349.90, 342.75, 349.90, 349.90, 347.31, 18554536, 64442.51, 81927, 8582032, 46.25
NTPCGREEN, EQ, 05-Aug-2026, 90.72, 91.15, 91.35, 90.33, 90.74, 90.66, 90.85, 3291337, 2990.05, 18622, 1742701, 52.95
NUCLEUS, EQ, 05-Aug-2026, 698.30, 700.30, 702.70, 686.55, 688.00, 689.85, 694.87, 19463, 135.24, 1389, 11944, 61.37
NURECA, EQ, 05-Aug-2026, 326.05, 329.00, 348.00, 327.00, 346.10, 343.95, 338.70, 31057, 105.19, 1647, 21000, 67.62
NUVAMA, EQ, 05-Aug-2026, 1694.20, 1702.00, 1720.70, 1651.10, 1678.00, 1676.10, 1676.57, 437228, 7330.43, 32028, 251766, 57.58
NUVOCO, EQ, 05-Aug-2026, 348.60, 350.65, 352.35, 344.65, 346.70, 346.10, 346.95, 237405, 823.69, 7274, 102461, 43.16
NV20, EQ, 05-Aug-2026, 14.19, 14.22, 14.31, 14.16, 14.31, 14.28, 14.23, 76431, 10.88, 203, 50967, 66.68
NV20BEES, EQ, 05-Aug-2026, 141.85, 143.14, 143.15, 141.52, 142.30, 142.24, 141.86, 11528, 16.35, 177, 9128, 79.18
NV20IETF, EQ, 05-Aug-2026, 13.85, 13.86, 13.99, 13.75, 13.80, 13.85, 13.86, 999276, 138.48, 1630, 887730, 88.84
NXST, RR, 05-Aug-2026, 167.17, 167.99, 168.48, 167.00, 167.85, 167.62, 167.54, 337663, 565.72, 7117, 266927, 79.05
NYKAA, EQ, 05-Aug-2026, 342.50, 348.00, 348.00, 327.70, 335.35, 335.35, 335.65, 33993425, 114098.83, 227913, 9968624, 29.33
OAL, EQ, 05-Aug-2026, 380.55, 380.75, 384.45, 372.20, 378.00, 376.15, 378.55, 26171, 99.07, 780, 12804, 48.92
OBCL, EQ, 05-Aug-2026, 53.18, 53.95, 54.19, 52.54, 53.50, 53.50, 53.53, 4471, 2.39, 79, 4065, 90.92
OBEROIRLTY, EQ, 05-Aug-2026, 1778.80, 1781.10, 1826.40, 1781.10, 1806.50, 1806.50, 1813.28, 383615, 6956.00, 23395, 165949, 43.26
OBSCP, SM, 05-Aug-2026, 687.45, 692.05, 703.00, 686.10, 697.00, 691.75, 695.39, 73200, 509.02, 165, 46400, 63.39
OCCLLTD, BE, 05-Aug-2026, 180.37, 171.36, 175.42, 171.36, 171.36, 171.36, 171.37, 121115, 207.56, 301, -, -
ODIGMA, BE, 05-Aug-2026, 22.79, 22.46, 23.25, 22.46, 23.20, 22.98, 23.02, 10181, 2.34, 278, -, -
OFSS, EQ, 05-Aug-2026, 11600.00, 11650.00, 11810.00, 11528.00, 11759.00, 11759.00, 11707.15, 238725, 27947.90, 34415, 96447, 40.40
OIL, EQ, 05-Aug-2026, 450.00, 446.00, 447.50, 435.45, 444.00, 444.00, 441.41, 3930916, 17351.37, 35230, 2067761, 52.60
OILCOUNTUB, BE, 05-Aug-2026, 57.99, 58.98, 60.88, 57.65, 60.88, 60.84, 60.34, 105744, 63.80, 272, -, -
OILIETF, EQ, 05-Aug-2026, 11.36, 11.35, 11.50, 11.10, 11.29, 11.27, 11.41, 3958076, 451.43, 2494, 2731794, 69.02
OLAELEC, EQ, 05-Aug-2026, 38.57, 38.72, 42.60, 38.72, 41.50, 41.44, 41.52, 268151122, 111326.79, 341008, 36319891, 13.54
OLECTRA, EQ, 05-Aug-2026, 1347.80, 1354.00, 1407.00, 1350.00, 1403.90, 1399.40, 1381.72, 568198, 7850.89, 27280, 226110, 39.79
OLIL, ST, 05-Aug-2026, 413.10, 421.00, 421.00, 406.00, 408.00, 408.50, 409.28, 4800, 19.65, 12, 4400, 91.67
OMAXAUTO, BE, 05-Aug-2026, 181.38, 180.00, 190.44, 177.00, 190.44, 190.44, 185.59, 55683, 103.34, 494, -, -
OMAXE, EQ, 05-Aug-2026, 87.60, 88.50, 88.50, 85.30, 85.51, 85.74, 86.18, 236554, 203.86, 2582, 140174, 59.26
OMFREIGHT, BE, 05-Aug-2026, 88.98, 88.89, 90.00, 86.40, 88.00, 87.67, 88.40, 4220, 3.73, 103, -, -
OMFURN, ST, 05-Aug-2026, 63.00, 64.00, 65.45, 63.20, 65.30, 65.30, 64.72, 9600, 6.21, 8, 9600, 100.00
OMINFRAL, EQ, 05-Aug-2026, 90.31, 89.60, 91.07, 89.00, 89.90, 89.36, 89.77, 60591, 54.39, 1351, 29867, 49.29
OMNI, EQ, 05-Aug-2026, 610.50, 614.00, 732.60, 593.00, 732.60, 732.60, 686.24, 10208794, 70056.95, 236271, 1444682, 14.15
OMPOWER, EQ, 05-Aug-2026, 170.54, 174.49, 174.49, 168.00, 168.00, 169.04, 170.02, 30712, 52.22, 777, 14398, 46.88
ONDOOR, SM, 05-Aug-2026, 269.85, 254.15, 254.15, 242.05, 249.00, 247.50, 249.88, 23400, 58.47, 43, 19500, 83.33
ONELIFECAP, BE, 05-Aug-2026, 35.52, 35.52, 35.52, 33.75, 34.06, 34.15, 34.68, 63349, 21.97, 139, -, -
ONEPOINT, EQ, 05-Aug-2026, 56.93, 57.39, 57.90, 56.11, 57.39, 57.19, 56.97, 445741, 253.94, 4002, 208034, 46.67
ONESOURCE, EQ, 05-Aug-2026, 1530.60, 1538.20, 1564.10, 1519.70, 1540.00, 1553.70, 1543.43, 147709, 2279.79, 12845, 75259, 50.95
ONGC, EQ, 05-Aug-2026, 242.00, 245.00, 245.00, 239.11, 240.20, 240.20, 240.60, 19409088, 46698.68, 132446, 9367471, 48.26
ONIDA, BE, 05-Aug-2026, 38.40, 38.90, 38.90, 37.00, 37.60, 37.52, 37.67, 511752, 192.79, 727, -, -
ONMOBILE, BE, 05-Aug-2026, 69.90, 70.79, 73.39, 69.90, 73.39, 73.39, 72.68, 296691, 215.63, 1307, -, -
ONWARDTEC, EQ, 05-Aug-2026, 289.95, 291.40, 291.40, 279.00, 280.75, 281.55, 284.86, 49380, 140.66, 1506, 29108, 58.95
ONYX, ST, 05-Aug-2026, 47.30, 49.65, 49.65, 46.10, 48.00, 48.40, 48.44, 92000, 44.56, 38, 84000, 91.30
OPTIEMUS, EQ, 05-Aug-2026, 625.65, 628.80, 632.00, 580.00, 592.00, 590.45, 602.20, 725644, 4369.84, 32794, 331703, 45.71
OPTIVALUE, ST, 05-Aug-2026, 157.50, 157.00, 159.00, 151.00, 152.40, 154.55, 154.52, 105600, 163.17, 52, 75200, 71.21
ORBTEXP, BE, 05-Aug-2026, 246.71, 245.00, 250.00, 244.00, 249.10, 249.93, 248.52, 46717, 116.10, 216, -, -
ORCHASP, EQ, 05-Aug-2026, 1.61, 1.61, 1.64, 1.59, 1.61, 1.61, 1.61, 120025, 1.93, 178, 96247, 80.19
ORCHPHARMA, EQ, 05-Aug-2026, 1006.40, 1017.80, 1035.00, 982.10, 993.00, 990.35, 1009.22, 79427, 801.59, 7866, 30422, 38.30
ORIANA, SM, 05-Aug-2026, 1462.75, 1475.00, 1484.60, 1422.35, 1432.95, 1430.65, 1452.10, 24150, 350.68, 281, 17250, 71.43
ORICONENT, EQ, 05-Aug-2026, 54.58, 53.10, 54.56, 53.10, 53.15, 53.73, 53.98, 9664, 5.22, 366, 5854, 60.58
ORIENTALTL, EQ, 05-Aug-2026, 5.19, 5.19, 5.25, 5.12, 5.15, 5.14, 5.16, 48678, 2.51, 229, 45655, 93.79
ORIENTBELL, EQ, 05-Aug-2026, 317.60, 313.25, 318.65, 313.25, 316.00, 314.90, 316.91, 5382, 17.06, 159, 4703, 87.38
ORIENTCEM, EQ, 05-Aug-2026, 137.67, 137.67, 142.32, 137.67, 140.70, 140.36, 141.05, 372811, 525.86, 3514, 203260, 54.52
ORIENTCER, EQ, 05-Aug-2026, 40.72, 41.40, 41.85, 40.51, 41.40, 41.23, 41.30, 39242, 16.21, 522, 27004, 68.81
ORIENTELEC, EQ, 05-Aug-2026, 176.74, 177.00, 181.49, 176.70, 179.50, 179.82, 179.73, 219472, 394.45, 4773, 97280, 44.32
ORIENTHOT, EQ, 05-Aug-2026, 132.70, 133.58, 135.00, 129.73, 130.15, 131.30, 131.84, 256050, 337.58, 3437, 154573, 60.37
ORIENTLTD, BE, 05-Aug-2026, 77.52, 76.50, 78.48, 76.10, 78.00, 78.00, 77.46, 1435, 1.11, 22, -, -
ORIENTPPR, EQ, 05-Aug-2026, 19.21, 19.10, 19.45, 18.80, 19.05, 18.88, 18.96, 216294, 41.00, 756, 152400, 70.46
ORIENTTECH, EQ, 05-Aug-2026, 260.75, 260.75, 263.35, 258.80, 260.90, 260.70, 260.62, 148236, 386.34, 3565, 58894, 39.73
ORISSAMINE, EQ, 05-Aug-2026, 4307.80, 4350.00, 4500.00, 4300.00, 4401.00, 4411.70, 4410.92, 25771, 1136.74, 5085, 12821, 49.75
ORKLAINDIA, EQ, 05-Aug-2026, 579.40, 587.00, 589.15, 566.00, 567.50, 571.05, 577.34, 263636, 1522.08, 19364, 165280, 62.69
ORTEL, BZ, 05-Aug-2026, 1.95, 2.03, 2.04, 1.86, 2.04, 2.03, 1.97, 15121, 0.30, 50, -, -
ORTINGLOBE, BE, 05-Aug-2026, 15.27, 15.21, 15.74, 15.03, 15.15, 15.15, 15.27, 23505, 3.59, 28, -, -
OSELDEVICE, SM, 05-Aug-2026, 410.40, 410.40, 419.00, 405.00, 417.50, 417.50, 414.78, 7400, 30.69, 30, 6400, 86.49
OSIAHYPER, BE, 05-Aug-2026, 2.94, 2.97, 3.00, 2.80, 2.85, 2.81, 2.85, 1371797, 39.13, 920, -, -
OSWALAGRO, EQ, 05-Aug-2026, 38.93, 38.95, 41.90, 38.80, 41.69, 41.06, 39.91, 110599, 44.14, 424, 91393, 82.63
OSWALGREEN, EQ, 05-Aug-2026, 21.52, 21.55, 22.20, 21.55, 21.85, 22.00, 21.90, 92724, 20.31, 602, 53388, 57.58
OSWALPUMPS, EQ, 05-Aug-2026, 325.70, 329.00, 335.70, 322.50, 326.00, 326.25, 327.53, 731463, 2395.79, 11793, 360906, 49.34
OSWALSEEDS, EQ, 05-Aug-2026, 10.47, 10.47, 10.71, 10.46, 10.59, 10.58, 10.59, 28116, 2.98, 116, 25894, 92.10
OWAIS, ST, 05-Aug-2026, 95.75, 95.00, 95.10, 91.15, 92.85, 92.85, 93.14, 23800, 22.17, 136, 20100, 84.45
PACEDIGITK, EQ, 05-Aug-2026, 198.81, 200.40, 206.50, 195.00, 198.00, 200.82, 202.42, 1608426, 3255.82, 17490, 662401, 41.18
PAGEIND, EQ, 05-Aug-2026, 39750.00, 40240.00, 40355.00, 39820.00, 40355.00, 40355.00, 40001.73, 7689, 3075.73, 4265, 3281, 42.67
PAISALO, EQ, 05-Aug-2026, 71.11, 71.64, 74.99, 68.25, 69.06, 69.14, 72.27, 30906694, 22335.97, 73716, 8062788, 26.09
PAKKA, EQ, 05-Aug-2026, 71.59, 72.00, 73.00, 71.20, 72.75, 72.84, 72.02, 38836, 27.97, 1266, 23512, 60.54
PALASHSECU, EQ, 05-Aug-2026, 88.63, 87.00, 89.80, 86.30, 88.56, 88.55, 88.93, 1177, 1.05, 28, 1138, 96.69
PALREDTEC, BE, 05-Aug-2026, 47.00, 48.00, 48.90, 47.00, 47.50, 47.50, 47.44, 1601, 0.76, 15, -, -
PANACEABIO, EQ, 05-Aug-2026, 419.40, 425.00, 434.75, 414.00, 418.00, 418.85, 426.07, 319476, 1361.19, 9042, 121536, 38.04
PANACHE, BE, 05-Aug-2026, 440.70, 450.00, 450.00, 430.00, 440.00, 440.00, 440.22, 10602, 46.67, 103, -, -
PANAMAPET, EQ, 05-Aug-2026, 458.45, 458.45, 464.00, 450.10, 456.00, 455.20, 459.89, 90184, 414.75, 2947, 49177, 54.53
PANSARI, EQ, 05-Aug-2026, 335.95, 332.00, 333.90, 327.10, 330.00, 333.20, 330.82, 1205, 3.99, 57, 571, 47.39
PAR, EQ, 05-Aug-2026, 99.17, 99.00, 101.85, 97.10, 97.52, 98.89, 99.58, 5568, 5.54, 122, 4636, 83.26
PARACABLES, EQ, 05-Aug-2026, 64.88, 65.37, 66.19, 64.02, 64.47, 64.36, 64.85, 873844, 566.65, 5104, 415211, 47.52
PARADEEP, EQ, 05-Aug-2026, 144.94, 146.04, 148.00, 143.70, 145.75, 146.71, 145.76, 4521372, 6590.43, 30348, 1562125, 34.55
PARAGMILK, EQ, 05-Aug-2026, 233.16, 235.00, 235.62, 225.25, 227.45, 227.54, 229.66, 652654, 1498.86, 9609, 369675, 56.64
PARAGON, SM, 05-Aug-2026, 48.40, 49.50, 49.50, 48.55, 48.55, 48.55, 49.02, 6000, 2.94, 5, 6000, 100.00
PARAS, EQ, 05-Aug-2026, 1300.30, 1307.10, 1321.00, 1285.20, 1293.00, 1295.30, 1300.80, 593478, 7719.95, 23376, 207508, 34.96
PARASPETRO, EQ, 05-Aug-2026, 2.51, 2.51, 2.63, 2.51, 2.61, 2.62, 2.61, 680265, 17.76, 492, 552709, 81.25
PARIN, SM, 05-Aug-2026, 715.30, 705.00, 725.00, 696.00, 725.00, 718.65, 706.69, 11500, 81.27, 27, 6000, 52.17
PARKHOSPS, EQ, 05-Aug-2026, 283.95, 283.95, 289.95, 282.05, 285.00, 284.85, 285.83, 547871, 1565.97, 12251, 295600, 53.95
PARKHOTELS, EQ, 05-Aug-2026, 123.70, 124.10, 125.50, 121.10, 121.10, 122.08, 123.20, 85510, 105.35, 2842, 55624, 65.05
PARSVNATH, BE, 05-Aug-2026, 1.74, 1.71, 1.71, 1.71, 1.71, 1.71, 1.71, 62916, 1.08, 115, -, -
PARTH, SM, 05-Aug-2026, 532.75, 535.00, 535.00, 511.50, 528.00, 528.00, 526.02, 8400, 44.19, 21, 7200, 85.71
PASHUPATI, EQ, 05-Aug-2026, 84.61, 85.50, 85.90, 84.22, 84.87, 84.63, 85.09, 113036, 96.19, 1636, 105569, 93.39
PASUPTAC, BE, 05-Aug-2026, 61.12, 61.70, 62.60, 61.10, 61.50, 61.79, 62.02, 91627, 56.83, 257, -, -
PATANJALI, EQ, 05-Aug-2026, 359.90, 360.90, 360.90, 351.95, 357.00, 357.00, 355.62, 2193791, 7801.54, 20207, 663273, 30.23
PATELENG, EQ, 05-Aug-2026, 28.40, 28.53, 29.21, 28.48, 28.75, 28.77, 28.86, 3446234, 994.57, 8303, 1591922, 46.19
PATELRMART, EQ, 05-Aug-2026, 225.47, 227.50, 227.50, 223.01, 224.50, 224.53, 224.96, 29717, 66.85, 1076, 12936, 43.53
PATILAUTOM, ST, 05-Aug-2026, 192.00, 192.00, 192.00, 190.00, 190.50, 191.20, 190.80, 52200, 99.60, 35, 52200, 100.00
PATINTLOG, BE, 05-Aug-2026, 14.42, 14.27, 14.60, 14.15, 14.60, 14.55, 14.45, 55969, 8.09, 176, -, -
PAUSHAKLTD, EQ, 05-Aug-2026, 735.20, 735.00, 739.40, 701.75, 710.00, 712.55, 722.24, 112258, 810.77, 5511, 51090, 45.51
PAVNAIND, EQ, 05-Aug-2026, 18.23, 18.00, 18.00, 17.22, 17.22, 17.42, 17.59, 68906, 12.12, 324, 42288, 61.37
PAYTM, EQ, 05-Aug-2026, 1400.00, 1416.00, 1443.00, 1407.30, 1429.00, 1429.00, 1427.76, 3009527, 42968.85, 74071, 1100318, 36.56
PCBL, EQ, 05-Aug-2026, 322.55, 326.00, 332.00, 321.10, 331.00, 329.45, 328.13, 1563492, 5130.27, 21993, 649999, 41.57
PCCL, SM, 05-Aug-2026, 300.00, 295.00, 306.00, 295.00, 300.00, 302.10, 300.45, 17600, 52.88, 38, 14400, 81.82
PCJEWELLER, EQ, 05-Aug-2026, 9.82, 9.87, 10.02, 9.68, 9.73, 9.80, 9.89, 187586629, 18547.06, 56187, 40730340, 21.71
PDMJEPAPER, EQ, 05-Aug-2026, 96.71, 96.71, 97.98, 95.05, 96.20, 95.72, 95.94, 82414, 79.07, 1682, 42383, 51.43
PDSL, EQ, 05-Aug-2026, 352.55, 354.40, 364.00, 351.40, 359.00, 357.80, 358.72, 67400, 241.78, 2916, 28592, 42.42
PEARLPOLY, BE, 05-Aug-2026, 16.84, 17.50, 17.50, 16.02, 16.67, 16.67, 16.30, 18912, 3.08, 54, -, -
PELATRO, SM, 05-Aug-2026, 312.95, 318.65, 319.00, 305.50, 305.50, 305.75, 310.97, 6000, 18.66, 19, 4800, 80.00
PENIND, EQ, 05-Aug-2026, 166.28, 166.07, 168.95, 164.20, 165.98, 165.70, 167.10, 277283, 463.34, 3403, 157873, 56.94
PENINLAND, BE, 05-Aug-2026, 15.81, 16.12, 16.12, 15.92, 16.12, 16.12, 16.05, 99440, 15.96, 80, -, -
PERFECT, SZ, 05-Aug-2026, 2.75, 2.65, 2.75, 2.65, 2.75, 2.75, 2.74, 42000, 1.15, 6, 42000, 100.00
PERSISTENT, EQ, 05-Aug-2026, 5499.00, 5539.00, 5579.00, 5493.00, 5520.00, 5520.00, 5533.71, 367409, 20331.36, 26408, 170461, 46.40
PETRONET, EQ, 05-Aug-2026, 285.00, 285.00, 285.00, 280.40, 280.80, 280.80, 281.72, 717887, 2022.45, 28473, 368916, 51.39
PFC, EQ, 05-Aug-2026, 420.00, 422.10, 424.00, 414.40, 418.00, 418.00, 417.59, 5129023, 21418.21, 38957, 2990182, 58.30
PFIZER, EQ, 05-Aug-2026, 4862.10, 4899.70, 4925.00, 4825.00, 4917.30, 4908.00, 4879.44, 18332, 894.50, 4724, 11594, 63.24
PFOCUS, EQ, 05-Aug-2026, 302.80, 304.00, 308.40, 298.00, 299.95, 299.70, 303.23, 341332, 1035.01, 10254, 160731, 47.09
PFS, EQ, 05-Aug-2026, 28.07, 28.16, 29.88, 28.16, 28.77, 28.91, 29.23, 1794504, 524.58, 8853, 769902, 42.90
PGEL, EQ, 05-Aug-2026, 612.00, 617.55, 632.50, 602.60, 603.00, 603.00, 615.88, 3473699, 21393.71, 44018, 1407046, 40.51
PGHH, EQ, 05-Aug-2026, 8639.50, 8668.50, 8699.00, 8430.00, 8500.00, 8484.50, 8536.85, 18087, 1544.06, 4860, 11295, 62.45
PGHL, EQ, 05-Aug-2026, 6482.50, 6500.00, 6500.00, 6405.50, 6471.00, 6464.50, 6459.41, 8537, 551.44, 2454, 2867, 33.58
PGIL, EQ, 05-Aug-2026, 2122.40, 2130.00, 2145.90, 2080.00, 2106.00, 2104.50, 2111.69, 100126, 2114.35, 12248, 53926, 53.86
PGINVIT, IV, 05-Aug-2026, 97.74, 97.89, 98.94, 97.75, 98.91, 98.61, 98.53, 1191742, 1174.24, 21429, 989058, 82.99
PHANTOMFX, SM, 05-Aug-2026, 167.50, 168.00, 168.00, 164.00, 164.15, 164.15, 167.00, 15300, 25.55, 27, 14700, 96.08
PHARMABEES, EQ, 05-Aug-2026, 27.26, 27.26, 27.56, 27.15, 27.21, 27.33, 27.27, 4045724, 1103.31, 9360, 2081603, 51.45
PHOENIXLTD, EQ, 05-Aug-2026, 1932.30, 1940.00, 1969.00, 1927.10, 1930.50, 1930.50, 1950.48, 304301, 5935.32, 23808, 155198, 51.00
PHOGLOBAL, SM, 05-Aug-2026, 15.95, 16.10, 16.10, 16.00, 16.00, 16.00, 16.08, 8000, 1.29, 4, 6000, 75.00
PICCADIL, EQ, 05-Aug-2026, 784.50, 792.10, 793.25, 757.00, 764.00, 764.20, 770.73, 211298, 1628.54, 11719, 106211, 50.27
PIDILITIND, EQ, 05-Aug-2026, 1620.00, 1638.00, 1665.00, 1613.90, 1665.00, 1665.00, 1642.05, 1984248, 32582.41, 57748, 820957, 41.37
PIGL, EQ, 05-Aug-2026, 110.62, 112.58, 112.58, 107.84, 108.00, 108.53, 109.23, 47599, 51.99, 792, 30476, 64.03
PIIND, EQ, 05-Aug-2026, 2785.50, 2792.30, 2825.60, 2781.60, 2810.00, 2810.00, 2805.18, 235586, 6608.61, 27299, 136455, 57.92
PILANIINVS, EQ, 05-Aug-2026, 4344.30, 4379.10, 4379.90, 4305.00, 4325.50, 4338.50, 4350.76, 1092, 47.51, 205, 838, 76.74
PILITA, BE, 05-Aug-2026, 8.55, 8.60, 8.80, 8.45, 8.71, 8.56, 8.65, 34566, 2.99, 93, -, -
PINELABS, EQ, 05-Aug-2026, 151.19, 151.70, 151.79, 146.71, 147.50, 147.82, 149.02, 10656864, 15880.43, 42408, 4141105, 38.86
PIONEEREMB, EQ, 05-Aug-2026, 24.14, 23.81, 24.99, 23.81, 24.24, 24.26, 24.32, 5117, 1.24, 56, 3943, 77.06
PIONRINV, BE, 05-Aug-2026, 86.75, 86.00, 88.00, 86.00, 87.70, 87.06, 86.57, 854, 0.74, 23, -, -
PIRAMALFIN, EQ, 05-Aug-2026, 2052.30, 2041.00, 2158.40, 2041.00, 2067.00, 2136.60, 2106.78, 336432, 7087.87, 24978, 198854, 59.11
PITTIENG, EQ, 05-Aug-2026, 939.75, 954.40, 954.40, 941.40, 953.45, 950.05, 948.80, 22237, 210.98, 1506, 13468, 60.57
PIXTRANS, EQ, 05-Aug-2026, 1687.30, 1710.00, 1729.90, 1686.00, 1724.20, 1722.60, 1714.98, 11839, 203.04, 1682, 6852, 57.88
PKTEA, EQ, 05-Aug-2026, 688.40, 680.05, 709.80, 680.00, 709.75, 709.75, 682.18, 33, 0.23, 10, 31, 93.94
PLASTIBLEN, EQ, 05-Aug-2026, 188.44, 190.50, 191.09, 189.00, 189.25, 190.01, 189.89, 21067, 40.00, 784, 13275, 63.01
PLATIND, EQ, 05-Aug-2026, 227.03, 231.00, 232.03, 226.40, 226.63, 227.46, 228.40, 37602, 85.88, 1543, 18381, 48.88
PLAZACABLE, BE, 05-Aug-2026, 46.20, 46.21, 48.00, 46.21, 47.88, 47.62, 47.27, 32797, 15.50, 277, -, -
PML, EQ, 05-Aug-2026, 508.55, 511.95, 511.95, 502.05, 511.55, 511.55, 510.14, 93, 0.47, 16, 81, 87.10
PNB, EQ, 05-Aug-2026, 113.99, 114.16, 115.20, 113.30, 113.55, 113.55, 114.24, 10371553, 11848.21, 48424, 3725181, 35.92
PNBGILTS, EQ, 05-Aug-2026, 82.79, 82.81, 85.54, 82.81, 83.60, 83.75, 84.31, 345840, 291.58, 3277, 148310, 42.88
PNBHOUSING, EQ, 05-Aug-2026, 1080.00, 1070.20, 1154.00, 1070.20, 1121.60, 1121.60, 1131.16, 5097089, 57656.33, 110641, 1209364, 23.73
PNC, EQ, 05-Aug-2026, 19.59, 19.70, 19.99, 19.51, 19.70, 19.66, 19.64, 7047, 1.38, 46, 6485, 92.02
PNCINFRA, EQ, 05-Aug-2026, 251.06, 251.05, 261.00, 250.99, 254.41, 254.55, 257.43, 994765, 2560.84, 23459, 552109, 55.50
PNGJL, EQ, 05-Aug-2026, 654.15, 655.00, 665.05, 654.45, 658.50, 658.75, 660.41, 365392, 2413.09, 9796, 174581, 47.78
PNGSREVA, EQ, 05-Aug-2026, 510.95, 522.20, 534.60, 496.35, 506.90, 510.95, 514.44, 802102, 4126.35, 22140, 158819, 19.80
POCL, EQ, 05-Aug-2026, 531.20, 520.65, 527.40, 495.60, 515.50, 512.50, 508.77, 1817722, 9248.01, 44640, 810791, 44.60
PODDARMENT, EQ, 05-Aug-2026, 251.75, 251.80, 255.80, 248.00, 251.00, 249.65, 251.49, 7869, 19.79, 146, 6456, 82.04
POKARNA, EQ, 05-Aug-2026, 930.90, 928.30, 982.00, 928.30, 955.00, 965.50, 960.85, 73376, 705.04, 5471, 37349, 50.90
POLICYBZR, EQ, 05-Aug-2026, 1597.00, 1618.00, 1639.90, 1603.00, 1620.00, 1620.00, 1623.82, 695452, 11292.86, 37660, 289646, 41.65
POLYCAB, EQ, 05-Aug-2026, 9176.00, 9200.00, 9305.00, 9179.00, 9200.00, 9200.00, 9240.27, 208166, 19235.11, 28628, 83980, 40.34
POLYMED, EQ, 05-Aug-2026, 1724.50, 1725.10, 1746.00, 1705.00, 1713.40, 1708.50, 1720.57, 42472, 730.76, 4895, 20223, 47.61
POLYPLEX, EQ, 05-Aug-2026, 1116.60, 1123.00, 1123.20, 1103.20, 1117.20, 1118.80, 1117.36, 35984, 402.07, 2316, 19936, 55.40
POLYSIL, SM, 05-Aug-2026, 92.25, 83.10, 83.10, 83.05, 83.05, 83.05, 83.06, 14000, 11.63, 17, 14000, 100.00
PONNIERODE, EQ, 05-Aug-2026, 327.60, 325.00, 331.60, 322.25, 322.25, 323.20, 325.19, 7628, 24.81, 388, 4992, 65.44
POONAWALLA, EQ, 05-Aug-2026, 469.65, 474.00, 487.50, 471.45, 480.00, 480.75, 480.57, 2455900, 11802.30, 34113, 1320604, 53.77
POSITRON, SM, 05-Aug-2026, 169.25, 172.00, 179.25, 172.00, 173.00, 173.50, 177.61, 9600, 17.05, 25, 7800, 81.25
POWERGRID, EQ, 05-Aug-2026, 283.40, 284.00, 285.20, 281.25, 281.75, 281.75, 282.70, 7544704, 21329.15, 70327, 5035378, 66.74
POWERICA, EQ, 05-Aug-2026, 521.30, 524.20, 547.35, 523.05, 547.35, 547.35, 544.07, 268913, 1463.07, 10273, 184933, 68.77
POWERINDIA, EQ, 05-Aug-2026, 32005.00, 32380.00, 32555.00, 32150.00, 32400.00, 32400.00, 32356.63, 56303, 18217.75, 18548, 21866, 38.84
POWERMECH, EQ, 05-Aug-2026, 2615.80, 2640.00, 2650.00, 2560.00, 2580.80, 2573.10, 2602.87, 69063, 1797.62, 8859, 38093, 55.16
PPAP, BE, 05-Aug-2026, 282.90, 282.90, 297.00, 281.00, 297.00, 297.00, 293.62, 25107, 73.72, 396, -, -
PPL, BE, 05-Aug-2026, 262.05, 261.55, 265.00, 255.05, 257.00, 257.05, 259.36, 20157, 52.28, 411, -, -
PPLPHARMA, EQ, 05-Aug-2026, 202.50, 202.49, 208.00, 200.36, 205.79, 206.78, 205.58, 9351752, 19225.41, 53608, 4789666, 51.22
PPSL, SM, 05-Aug-2026, 2.80, 2.70, 2.70, 2.70, 2.70, 2.70, 2.70, 81000, 2.19, 18, 72000, 88.89
PRABHA, EQ, 05-Aug-2026, 155.13, 157.88, 157.88, 154.52, 157.00, 156.69, 156.12, 20137, 31.44, 253, 15940, 79.16
PRADPME, BE, 05-Aug-2026, 508.05, 517.90, 517.90, 508.05, 515.90, 515.45, 515.98, 1320, 6.81, 33, -, -
PRAENG, EQ, 05-Aug-2026, 20.35, 20.10, 21.55, 20.10, 20.33, 20.50, 20.67, 53674, 11.10, 246, 32071, 59.75
PRAJIND, EQ, 05-Aug-2026, 318.75, 320.00, 321.50, 316.15, 317.10, 317.75, 318.21, 499092, 1588.15, 13018, 231247, 46.33
PRAKASH, EQ, 05-Aug-2026, 125.24, 125.80, 127.23, 125.51, 126.40, 126.29, 126.31, 179299, 226.47, 1814, 104957, 58.54
PRAKASHSTL, EQ, 05-Aug-2026, 3.99, 3.98, 4.12, 3.98, 4.02, 4.03, 4.03, 90228, 3.64, 269, 71037, 78.73
PRAMARA, SM, 05-Aug-2026, 121.00, 122.50, 122.50, 118.30, 118.40, 118.65, 119.41, 29000, 34.63, 42, 19000, 65.52
PRANIK, SM, 05-Aug-2026, 41.90, 42.00, 42.00, 42.00, 42.00, 42.00, 42.00, 3200, 1.34, 2, 3200, 100.00
PRATHAM, SM, 05-Aug-2026, 118.00, 118.00, 122.00, 116.50, 122.00, 122.00, 118.37, 9600, 11.36, 10, 8400, 87.50
PRAVEG, EQ, 05-Aug-2026, 287.25, 295.80, 295.80, 278.80, 284.55, 281.55, 285.20, 70207, 200.23, 1729, 47340, 67.43
PRAXIS, EQ, 05-Aug-2026, 6.46, 6.46, 6.97, 6.31, 6.75, 6.65, 6.70, 79838, 5.35, 178, 66154, 82.86
PRECAM, EQ, 05-Aug-2026, 142.94, 144.15, 147.50, 143.36, 144.92, 145.20, 145.42, 186499, 271.20, 3700, 56830, 30.47
PRECISION, ST, 05-Aug-2026, 7.55, 7.90, 7.90, 7.90, 7.90, 7.90, 7.90, 6000, 0.47, 3, 6000, 100.00
PRECOT, EQ, 05-Aug-2026, 805.05, 815.10, 843.50, 814.10, 828.00, 826.85, 829.63, 6983, 57.93, 345, 5914, 84.69
PRECWIRE, EQ, 05-Aug-2026, 381.20, 384.90, 414.95, 378.75, 411.00, 409.50, 398.88, 1197877, 4778.14, 31389, 361371, 30.17
PREMCO, EQ, 05-Aug-2026, 384.00, 384.00, 385.95, 380.60, 384.90, 384.05, 384.16, 395, 1.52, 43, 314, 79.49
PREMEXPLN, EQ, 05-Aug-2026, 661.10, 662.45, 665.00, 659.05, 661.90, 660.85, 661.12, 82957, 548.45, 3035, 53582, 64.59
PREMIER, BE, 05-Aug-2026, 2.73, 2.86, 2.86, 2.73, 2.85, 2.85, 2.84, 2005, 0.06, 22, -, -
PREMIERENE, EQ, 05-Aug-2026, 1036.30, 1041.90, 1045.90, 1031.00, 1044.00, 1044.00, 1037.24, 454099, 4710.12, 15542, 219881, 48.42
PREMIERPOL, EQ, 05-Aug-2026, 72.48, 73.00, 73.25, 71.56, 72.22, 72.74, 72.42, 99431, 72.01, 1362, 46000, 46.26
PRESSTONIC, SM, 05-Aug-2026, 27.00, 27.90, 29.70, 27.70, 29.70, 29.70, 29.13, 108000, 31.46, 91, 88800, 82.22
PRESTIGE, EQ, 05-Aug-2026, 1595.00, 1610.00, 1641.90, 1591.40, 1593.00, 1593.00, 1616.58, 383642, 6201.87, 16613, 136411, 35.56
PRICOLLTD, EQ, 05-Aug-2026, 766.75, 771.90, 782.50, 762.70, 764.95, 766.70, 769.85, 859326, 6615.51, 42268, 437112, 50.87
PRIMECAB, ST, 05-Aug-2026, 192.00, 189.95, 189.95, 185.10, 185.20, 185.20, 187.55, 6400, 12.00, 4, 6400, 100.00
PRIMESECU, EQ, 05-Aug-2026, 283.25, 286.00, 297.00, 281.40, 284.30, 291.35, 292.54, 63976, 187.16, 936, 36539, 57.11
PRIMO, EQ, 05-Aug-2026, 24.12, 24.00, 24.43, 23.80, 24.25, 24.13, 24.03, 126352, 30.36, 435, 98642, 78.07
PRINCEPIPE, EQ, 05-Aug-2026, 276.10, 277.20, 285.20, 270.10, 274.95, 274.65, 278.90, 661719, 1845.52, 12741, 284090, 42.93
PRITI, BE, 05-Aug-2026, 37.84, 37.79, 37.79, 36.50, 37.01, 37.09, 37.17, 3087, 1.15, 67, -, -
PRITIKA, SM, 05-Aug-2026, 64.65, 58.00, 64.00, 58.00, 64.00, 63.95, 59.77, 18000, 10.76, 5, 16000, 88.89
PRITIKAUTO, BE, 05-Aug-2026, 17.82, 17.20, 18.71, 17.20, 18.71, 18.71, 18.37, 243793, 44.78, 496, -, -
PRIVISCL, EQ, 05-Aug-2026, 3660.50, 3670.00, 3731.00, 3626.50, 3656.00, 3648.00, 3694.02, 89864, 3319.59, 12626, 59549, 66.27
PRIZOR, ST, 05-Aug-2026, 910.00, 910.00, 910.00, 865.50, 875.00, 872.55, 878.83, 28800, 253.10, 66, 27600, 95.83
PRLIND, SM, 05-Aug-2026, 44.00, 44.65, 45.00, 43.80, 44.00, 44.50, 44.46, 88000, 39.13, 49, 66000, 75.00
PROFX, SM, 05-Aug-2026, 73.75, 74.70, 74.80, 74.25, 74.80, 74.80, 74.72, 12800, 9.56, 6, 12800, 100.00
PROLIFE, SM, 05-Aug-2026, 74.95, 74.95, 74.95, 74.95, 74.95, 74.95, 74.95, 500, 0.37, 1, 500, 100.00
PROPEQUITY, SM, 05-Aug-2026, 212.00, 204.00, 204.00, 204.00, 204.00, 204.00, 204.00, 600, 1.22, 1, 600, 100.00
PROPSHOP, ST, 05-Aug-2026, 59.05, 59.95, 59.95, 56.10, 59.45, 59.00, 58.60, 204000, 119.55, 47, 190000, 93.14
PROSTARM, EQ, 05-Aug-2026, 133.58, 133.01, 136.57, 132.69, 132.69, 133.59, 134.07, 143730, 192.70, 1782, 81214, 56.50
PROTEAN, EQ, 05-Aug-2026, 621.55, 584.10, 588.45, 569.55, 570.45, 571.90, 578.46, 1140263, 6596.02, 30632, 600297, 52.65
PROV, SM, 05-Aug-2026, 1620.00, 1700.00, 1701.00, 1700.00, 1701.00, 1701.00, 1700.50, 160, 2.72, 2, 160, 100.00
PROZONER, EQ, 05-Aug-2026, 42.58, 43.49, 44.00, 41.79, 42.45, 42.31, 42.46, 115633, 49.10, 687, 81484, 70.47
PRSMJOHNSN, EQ, 05-Aug-2026, 108.84, 109.00, 113.69, 108.51, 112.20, 112.69, 111.97, 338762, 379.33, 6648, 158375, 46.75
PRUDENT, EQ, 05-Aug-2026, 3300.60, 3296.00, 3389.00, 3255.00, 3313.00, 3335.60, 3338.68, 21285, 710.64, 6143, 10798, 50.73
PRUDMOULI, BE, 05-Aug-2026, 13.02, 13.63, 13.63, 13.00, 13.40, 13.39, 13.52, 2898, 0.39, 27, -, -
PSB, EQ, 05-Aug-2026, 23.87, 23.97, 24.15, 23.75, 23.87, 23.80, 23.93, 907930, 217.26, 3187, 417819, 46.02
PSFL, SM, 05-Aug-2026, 31.00, 31.00, 31.00, 31.00, 31.00, 31.00, 31.00, 16000, 4.96, 8, 14000, 87.50
PSPPROJECT, EQ, 05-Aug-2026, 934.70, 944.70, 954.25, 935.00, 935.00, 944.75, 946.22, 57817, 547.08, 3396, 28531, 49.35
PSRAJ, ST, 05-Aug-2026, 82.00, 78.30, 80.95, 77.90, 80.95, 80.95, 78.72, 17500, 13.78, 7, 12500, 71.43
PSUBANK, EQ, 05-Aug-2026, 84.29, 85.57, 86.00, 84.80, 85.20, 85.29, 85.50, 174750, 149.42, 607, 64411, 36.86
PSUBANKADD, EQ, 05-Aug-2026, 85.35, 86.20, 86.88, 84.50, 85.98, 85.74, 86.17, 197776, 170.43, 415, 179326, 90.67
PSUBNKBEES, EQ, 05-Aug-2026, 94.54, 94.65, 96.00, 94.65, 95.45, 95.40, 95.55, 4602225, 4397.40, 6173, 2510546, 54.55
PSUBNKIETF, EQ, 05-Aug-2026, 85.40, 85.96, 87.11, 85.60, 86.11, 86.29, 86.86, 1028330, 893.25, 1302, 290085, 28.21
PTC, EQ, 05-Aug-2026, 183.44, 190.00, 199.80, 188.35, 198.10, 198.36, 194.47, 17703096, 34427.19, 127576, 6070877, 34.29
PTCIL, EQ, 05-Aug-2026, 18099.00, 18099.00, 18199.00, 18012.00, 18080.00, 18092.00, 18090.41, 4607, 833.43, 1817, 2251, 48.86
PTL, EQ, 05-Aug-2026, 40.13, 40.13, 40.62, 39.96, 40.08, 40.06, 40.31, 31735, 12.79, 872, 19130, 60.28
PUNJABCHEM, EQ, 05-Aug-2026, 1111.40, 1117.90, 1117.90, 1095.00, 1095.00, 1100.10, 1106.47, 8707, 96.34, 1287, 4248, 48.79
PURPLEUTED, ST, 05-Aug-2026, 309.85, 308.65, 325.30, 305.00, 325.30, 325.30, 317.32, 28000, 88.85, 89, 25500, 91.07
PURVA, EQ, 05-Aug-2026, 208.47, 209.05, 212.36, 209.00, 210.00, 210.16, 210.90, 99988, 210.88, 1738, 41683, 41.69
PURVFLEXI, SM, 05-Aug-2026, 44.00, 42.50, 45.50, 42.50, 45.50, 45.50, 44.00, 1600, 0.70, 2, 1600, 100.00
PUSHPA, SM, 05-Aug-2026, 108.00, 110.50, 117.00, 110.45, 113.80, 113.80, 113.74, 32000, 36.40, 29, 25000, 78.13
PVP, EQ, 05-Aug-2026, 27.92, 27.80, 28.24, 27.57, 27.88, 27.71, 27.91, 347880, 97.10, 943, 248490, 71.43
PVRINOX, EQ, 05-Aug-2026, 1188.10, 1184.00, 1187.90, 1156.10, 1164.00, 1161.90, 1173.55, 323803, 3800.00, 22830, 161083, 49.75
PVSL, EQ, 05-Aug-2026, 109.07, 111.98, 111.98, 108.41, 109.10, 108.99, 109.66, 34899, 38.27, 390, 27480, 78.74
PVTBANIETF, EQ, 05-Aug-2026, 27.99, 28.00, 28.18, 27.93, 28.08, 28.03, 28.05, 2080801, 583.56, 1331, 1347251, 64.75
PVTBANK, EQ, 05-Aug-2026, 28.00, 27.88, 27.92, 27.70, 27.75, 27.75, 27.78, 4390, 1.22, 25, 3626, 82.60
PVTBANKADD, EQ, 05-Aug-2026, 28.19, 28.24, 28.30, 28.08, 28.30, 28.15, 28.20, 102484, 28.90, 216, 71042, 69.32
PVTBKGROWW, EQ, 05-Aug-2026, 27.71, 27.79, 28.04, 27.68, 27.75, 27.76, 27.87, 20138, 5.61, 115, 7560, 37.54
PWL, EQ, 05-Aug-2026, 126.13, 127.01, 129.13, 125.12, 127.20, 127.81, 126.94, 4112542, 5220.29, 28836, 1591757, 38.70
PYRAMID, EQ, 05-Aug-2026, 183.90, 183.60, 186.14, 181.90, 181.90, 182.22, 182.94, 30101, 55.07, 795, 18349, 60.96
QGOLDHALF, EQ, 05-Aug-2026, 117.37, 118.73, 119.92, 118.52, 119.31, 119.54, 119.36, 41053, 49.00, 847, 7764, 18.91
QLINE, SM, 05-Aug-2026, 547.65, 547.65, 553.45, 531.25, 540.60, 541.90, 540.13, 45600, 246.30, 96, 35200, 77.19
QMSMEDI, EQ, 05-Aug-2026, 114.90, 116.45, 116.45, 111.00, 113.00, 111.82, 113.07, 14558, 16.46, 796, 7645, 52.51
QNIFTY, EQ, 05-Aug-2026, 269.84, 271.40, 271.60, 270.00, 270.60, 270.50, 270.77, 606, 1.64, 59, 335, 55.28
QPOWER, BE, 05-Aug-2026, 1136.80, 1138.80, 1150.00, 1105.00, 1132.00, 1126.20, 1134.39, 81858, 928.59, 3055, -, -
QUADFUTURE, EQ, 05-Aug-2026, 353.10, 355.60, 363.00, 348.00, 358.90, 357.90, 355.67, 180901, 643.42, 5938, 73486, 40.62
QUADPRO, SM, 05-Aug-2026, 2.40, 2.40, 2.40, 2.40, 2.40, 2.40, 2.40, 12000, 0.29, 1, 12000, 100.00
QUAL30IETF, EQ, 05-Aug-2026, 21.44, 21.80, 21.80, 21.23, 21.61, 21.58, 21.59, 119675, 25.84, 221, 110433, 92.28
QUALITY30, EQ, 05-Aug-2026, 21.21, 21.17, 21.27, 21.17, 21.20, 21.20, 21.26, 12283, 2.61, 22, 11879, 96.71
QUESS, EQ, 05-Aug-2026, 323.05, 324.00, 327.85, 308.45, 310.00, 314.50, 319.12, 425991, 1359.42, 12817, 188791, 44.32
QUESTLAB, SM, 05-Aug-2026, 90.00, 89.50, 93.45, 89.50, 93.40, 93.40, 92.57, 12000, 11.11, 10, 10800, 90.00
QUICKHEAL, BE, 05-Aug-2026, 155.82, 159.50, 159.50, 152.00, 156.00, 154.70, 156.20, 40351, 63.03, 592, -, -
QUINT, EQ, 05-Aug-2026, 38.90, 40.49, 40.49, 38.61, 39.89, 39.89, 38.98, 70, 0.03, 6, 51, 72.86
RACE, EQ, 05-Aug-2026, 111.27, 113.90, 113.90, 104.01, 107.19, 105.22, 107.47, 18900, 20.31, 292, 13423, 71.02
RACLGEAR, EQ, 05-Aug-2026, 1353.80, 1348.20, 1403.60, 1348.20, 1378.00, 1393.10, 1386.92, 35307, 489.68, 2908, 24446, 69.24
RADAAN, EQ, 05-Aug-2026, 3.20, 3.16, 3.24, 3.04, 3.13, 3.09, 3.14, 56065, 1.76, 135, 40306, 71.89
RADHIKAJWE, EQ, 05-Aug-2026, 69.04, 69.48, 70.50, 68.74, 70.40, 70.30, 69.72, 413669, 288.41, 3239, 107966, 26.10
RADIANTCMS, EQ, 05-Aug-2026, 37.57, 37.00, 39.25, 37.00, 39.12, 39.02, 38.55, 178379, 68.77, 1617, 137904, 77.31
RADICO, EQ, 05-Aug-2026, 4450.00, 4472.00, 4590.30, 4452.70, 4550.00, 4550.00, 4529.83, 642588, 29108.15, 56577, 322582, 50.20
RADIOCITY, EQ, 05-Aug-2026, 6.72, 6.85, 7.02, 6.66, 6.95, 6.90, 6.88, 70377, 4.84, 233, 54180, 76.99
RADIOWALLA, ST, 05-Aug-2026, 28.15, 27.60, 27.60, 27.60, 27.60, 27.60, 27.60, 1600, 0.44, 1, 1600, 100.00
RAILTEL, EQ, 05-Aug-2026, 289.95, 291.20, 294.70, 289.00, 289.50, 289.60, 291.25, 328238, 956.01, 9950, 100963, 30.76
RAIN, EQ, 05-Aug-2026, 238.07, 240.00, 244.77, 229.52, 242.50, 242.68, 238.54, 8671154, 20684.24, 58804, 3482069, 40.16
RAINBOW, EQ, 05-Aug-2026, 1579.00, 1575.00, 1610.00, 1561.50, 1600.00, 1598.60, 1598.53, 259225, 4143.79, 27003, 161038, 62.12
RAJESHEXPO, BZ, 05-Aug-2026, 84.88, 83.52, 86.00, 83.52, 85.49, 85.31, 85.01, 311977, 265.20, 1113, -, -
RAJINDLTD, SM, 05-Aug-2026, 69.95, 71.20, 73.40, 71.20, 73.40, 73.40, 71.93, 4500, 3.24, 3, 3000, 66.67
RAJMET, EQ, 05-Aug-2026, 3.31, 3.31, 3.36, 3.24, 3.30, 3.30, 3.30, 208407, 6.88, 637, 143660, 68.93
RAJOOENG, BE, 05-Aug-2026, 51.47, 51.90, 51.90, 51.00, 51.23, 51.09, 51.29, 118974, 61.02, 667, -, -
RAJPALAYAM, EQ, 05-Aug-2026, 829.55, 839.00, 844.50, 827.00, 838.00, 833.70, 832.54, 331, 2.76, 36, 230, 69.49
RAJPUTANA, SM, 05-Aug-2026, 203.00, 203.00, 204.80, 200.00, 200.00, 200.00, 202.56, 4000, 8.10, 6, 3500, 87.50
RAJRATAN, EQ, 05-Aug-2026, 540.05, 544.80, 563.95, 533.10, 539.00, 536.70, 550.90, 346682, 1909.87, 13129, 150588, 43.44
RAJRILTD, BE, 05-Aug-2026, 21.39, 21.81, 21.81, 21.39, 21.81, 21.81, 21.79, 14715, 3.21, 104, -, -
RAJSREESUG, EQ, 05-Aug-2026, 30.91, 30.91, 31.79, 30.15, 30.60, 30.84, 30.94, 27175, 8.41, 322, 15172, 55.83
RAJTV, EQ, 05-Aug-2026, 10.23, 10.19, 10.58, 9.93, 9.93, 10.15, 10.26, 146885, 15.08, 533, 110196, 75.02
RALLIS, EQ, 05-Aug-2026, 217.60, 218.60, 219.49, 216.00, 216.24, 216.36, 216.95, 637982, 1384.12, 22472, 388644, 60.92
RAMANEWS, EQ, 05-Aug-2026, 33.37, 33.53, 34.48, 32.70, 33.57, 33.45, 33.64, 212385, 71.44, 470, 154725, 72.85
RAMAPHO, EQ, 05-Aug-2026, 126.23, 125.60, 127.50, 123.50, 125.85, 124.47, 125.51, 63736, 80.00, 1100, 45220, 70.95
RAMASTEEL, BE, 05-Aug-2026, 4.43, 4.65, 4.65, 4.64, 4.65, 4.65, 4.65, 1981230, 92.12, 1639, -, -
RAMBHAJO, EQ, 05-Aug-2026, 185.81, 186.80, 187.57, 182.42, 182.42, 184.50, 184.44, 126256, 232.87, 2168, 60439, 47.87
RAMCOCEM, EQ, 05-Aug-2026, 945.90, 953.25, 953.25, 905.40, 917.00, 922.15, 930.58, 128913, 1199.64, 15054, 59571, 46.21
RAMCOIND, EQ, 05-Aug-2026, 327.95, 330.85, 334.85, 327.95, 330.10, 330.65, 331.52, 79260, 262.76, 2445, 43438, 54.80
RAMCOSYS, EQ, 05-Aug-2026, 592.10, 608.00, 621.70, 600.75, 621.70, 621.70, 615.40, 324003, 1993.91, 6976, 165877, 51.20
RAMKY, EQ, 05-Aug-2026, 389.60, 394.60, 394.60, 388.35, 394.10, 393.50, 392.10, 17456, 68.44, 806, 11942, 68.41
RAMRAT, EQ, 05-Aug-2026, 429.25, 429.30, 449.00, 428.50, 438.00, 436.85, 439.61, 261980, 1151.70, 6898, 140152, 53.50
RANASUG, EQ, 05-Aug-2026, 12.95, 13.10, 13.45, 12.85, 12.85, 12.91, 13.07, 242292, 31.67, 708, 192276, 79.36
RANEHOLDIN, EQ, 05-Aug-2026, 1864.60, 1866.00, 1894.20, 1823.00, 1850.00, 1841.00, 1863.89, 54114, 1008.63, 4871, 24840, 45.90
RAPPID, SM, 05-Aug-2026, 325.60, 325.60, 325.60, 320.00, 320.00, 320.00, 321.74, 5400, 17.37, 9, 5400, 100.00
RATEGAIN, EQ, 05-Aug-2026, 970.70, 980.70, 983.60, 967.20, 975.00, 978.40, 977.60, 234101, 2288.57, 13532, 139779, 59.71
RATNAMANI, EQ, 05-Aug-2026, 2374.30, 2374.30, 2424.00, 2350.00, 2380.10, 2381.50, 2394.25, 30058, 719.66, 8340, 18136, 60.34
RATNAVEER, EQ, 05-Aug-2026, 209.33, 209.05, 216.50, 201.30, 204.00, 203.25, 210.08, 9981966, 20969.74, 51014, 1368649, 13.71
RAYMOND, EQ, 05-Aug-2026, 605.10, 607.50, 638.45, 604.05, 631.00, 629.40, 627.56, 925208, 5806.28, 25321, 408376, 44.14
RAYMONDLSL, EQ, 05-Aug-2026, 743.80, 756.00, 769.00, 746.40, 752.00, 753.40, 758.39, 196091, 1487.14, 7314, 98742, 50.36
RAYMONDREL, EQ, 05-Aug-2026, 672.70, 681.60, 695.00, 675.00, 692.00, 692.55, 685.58, 359777, 2466.55, 9919, 178295, 49.56
RBA, EQ, 05-Aug-2026, 84.91, 88.59, 93.30, 86.00, 87.20, 87.74, 89.61, 126896989, 113716.54, 344776, 17577903, 13.85
RBLBANK, EQ, 05-Aug-2026, 380.55, 382.60, 392.70, 379.85, 389.80, 389.80, 386.82, 7256562, 28069.49, 71595, 3193351, 44.01
RBMINFRA, SM, 05-Aug-2026, 266.70, 274.80, 274.80, 264.20, 267.00, 266.55, 267.88, 10800, 28.93, 49, 7400, 68.52
RBS, SM, 05-Aug-2026, 90.95, 90.00, 91.00, 89.00, 90.00, 90.10, 90.15, 64000, 57.70, 16, 60800, 95.00
RBZJEWEL, EQ, 05-Aug-2026, 151.08, 152.00, 152.06, 148.15, 149.80, 149.76, 150.08, 56385, 84.62, 1598, 35955, 63.77
RCDL, SM, 05-Aug-2026, 32.90, 32.10, 32.80, 31.05, 32.80, 32.80, 32.72, 522000, 170.78, 21, 510000, 97.70
RCF, EQ, 05-Aug-2026, 127.01, 128.00, 128.70, 127.12, 127.70, 127.71, 127.77, 526514, 672.71, 7825, 189257, 35.95
RCOM, BE, 05-Aug-2026, 0.83, 0.83, 0.84, 0.83, 0.83, 0.83, 0.83, 1713334, 14.30, 1442, -, -
READYMIX, SM, 05-Aug-2026, 112.40, 115.80, 115.80, 111.00, 114.85, 114.60, 113.62, 10000, 11.36, 10, 3000, 30.00
RECLTD, EQ, 05-Aug-2026, 368.00, 369.45, 372.30, 363.60, 366.00, 366.00, 366.45, 3267609, 11974.15, 32409, 1617351, 49.50
REDINGTON, EQ, 05-Aug-2026, 349.60, 350.00, 360.55, 343.35, 344.90, 347.85, 351.19, 11152761, 39167.93, 106067, 3499402, 31.38
REDTAPE, EQ, 05-Aug-2026, 130.49, 130.49, 135.70, 130.48, 134.85, 134.24, 133.92, 403897, 540.92, 5155, 225268, 55.77
REFEX, EQ, 05-Aug-2026, 306.35, 307.95, 311.40, 299.00, 300.00, 301.00, 303.69, 421684, 1280.62, 6842, 216646, 51.38
REFRACTORY, SM, 05-Aug-2026, 26.50, 26.50, 26.50, 25.75, 25.75, 25.75, 26.06, 4000, 1.04, 4, 4000, 100.00
REGAAL, BE, 05-Aug-2026, 89.99, 87.15, 91.90, 86.00, 87.00, 86.62, 88.54, 128982, 114.20, 638, -, -
REGENCERAM, EQ, 05-Aug-2026, 33.84, 33.50, 33.50, 31.46, 33.28, 32.03, 32.51, 967, 0.31, 62, 791, 81.80
RELAXO, EQ, 05-Aug-2026, 406.60, 411.80, 421.25, 408.00, 416.00, 416.15, 416.53, 411336, 1713.34, 12000, 146938, 35.72
RELCHEMQ, EQ, 05-Aug-2026, 126.19, 129.80, 129.80, 124.00, 128.00, 127.59, 127.54, 926, 1.18, 62, 547, 59.07
RELIABLE, EQ, 05-Aug-2026, 142.44, 145.90, 146.80, 142.00, 146.25, 144.10, 142.97, 13602, 19.45, 203, 1886, 13.87
RELIANCE, EQ, 05-Aug-2026, 1290.90, 1293.00, 1299.00, 1270.10, 1280.00, 1280.00, 1280.84, 24820782, 317914.72, 355243, 16901245, 68.09
RELIGARE, EQ, 05-Aug-2026, 256.50, 260.05, 262.00, 256.85, 257.70, 257.20, 259.37, 244913, 635.24, 4587, 126247, 51.55
RELINFRA, BE, 05-Aug-2026, 66.19, 69.49, 69.49, 69.49, 69.49, 69.49, 69.49, 45401, 31.55, 297, -, -
RELTD, EQ, 05-Aug-2026, 168.56, 169.00, 175.41, 169.00, 172.60, 171.67, 171.99, 396073, 681.20, 5308, 264748, 66.84
REMSONSIND, EQ, 05-Aug-2026, 82.61, 81.75, 86.49, 81.75, 85.70, 85.72, 84.45, 132457, 111.86, 1984, 85001, 64.17
REMUS, SM, 05-Aug-2026, 788.80, 794.00, 794.00, 763.00, 769.00, 769.00, 776.58, 4700, 36.50, 35, 3700, 78.72
RENUKA, EQ, 05-Aug-2026, 22.41, 22.68, 23.04, 22.20, 22.30, 22.33, 22.64, 7156235, 1620.53, 10027, 2918008, 40.78
REPCOHOME, EQ, 05-Aug-2026, 383.05, 384.55, 388.55, 381.90, 384.10, 385.95, 385.12, 75163, 289.47, 2184, 44125, 58.71
REPL, BE, 05-Aug-2026, 65.99, 65.00, 65.24, 64.01, 64.89, 64.89, 64.32, 991, 0.64, 26, -, -
REPRO, EQ, 05-Aug-2026, 393.80, 397.00, 399.90, 370.45, 376.00, 374.75, 376.29, 57347, 215.79, 1483, 32027, 55.85
RESPONIND, EQ, 05-Aug-2026, 176.49, 176.49, 177.79, 172.15, 172.15, 173.12, 175.05, 56790, 99.41, 1320, 23152, 40.77
RETAIL, EQ, 05-Aug-2026, 17.33, 17.33, 17.98, 16.94, 17.50, 17.50, 17.58, 1244, 0.22, 50, 1160, 93.25
RGL, EQ, 05-Aug-2026, 117.11, 118.77, 125.50, 116.61, 125.00, 124.95, 122.97, 839662, 1032.56, 7420, 391730, 46.65
RHETAN, EQ, 05-Aug-2026, 31.76, 32.28, 33.24, 32.25, 32.30, 32.29, 32.49, 14432284, 4688.56, 12184, 2013698, 13.95
RHFL, BZ, 05-Aug-2026, 1.86, 1.88, 1.95, 1.84, 1.92, 1.91, 1.90, 903009, 17.18, 971, -, -
RHIM, EQ, 05-Aug-2026, 408.35, 411.50, 414.20, 407.70, 409.00, 409.00, 410.75, 230802, 948.01, 5784, 150729, 65.31
RHL, EQ, 05-Aug-2026, 175.64, 175.54, 176.39, 173.00, 173.00, 173.00, 173.23, 3817, 6.61, 52, 3386, 88.71
RICHA, ST, 05-Aug-2026, 89.00, 84.60, 93.00, 84.60, 93.00, 93.00, 91.57, 227000, 207.85, 36, 227000, 100.00
RICOAUTO, EQ, 05-Aug-2026, 145.75, 145.00, 157.99, 144.32, 155.90, 155.81, 153.16, 8747098, 13397.17, 61619, 2980480, 34.07
RIIL, EQ, 05-Aug-2026, 745.00, 751.50, 753.95, 746.60, 751.50, 750.15, 750.12, 32608, 244.60, 1581, 12395, 38.01
RIIT, IV, 05-Aug-2026, 116.60, 119.50, 119.50, 115.80, 116.00, 115.99, 116.37, 1494841, 1739.50, 1329, 1463613, 97.91
RILINFRA, SM, 05-Aug-2026, 38.20, 38.20, 38.90, 37.65, 38.20, 38.05, 38.16, 10600, 4.04, 46, 8400, 79.25
RIR, EQ, 05-Aug-2026, 159.26, 159.26, 160.99, 156.05, 160.02, 159.60, 158.64, 101793, 161.48, 1954, 44821, 44.03
RISHABH, EQ, 05-Aug-2026, 653.00, 661.00, 666.90, 636.70, 643.00, 647.15, 653.68, 108478, 709.10, 5257, 64267, 59.24
RITCO, EQ, 05-Aug-2026, 310.60, 314.45, 314.45, 308.05, 313.00, 312.10, 310.91, 80873, 251.45, 2231, 41103, 50.82
RITES, EQ, 05-Aug-2026, 216.14, 218.00, 229.00, 215.41, 226.00, 227.35, 223.88, 2932543, 6565.40, 37672, 974155, 33.22
RKDL, EQ, 05-Aug-2026, 19.18, 19.28, 19.28, 19.10, 19.25, 19.17, 19.17, 6486, 1.24, 49, 4799, 73.99
RKEC, EQ, 05-Aug-2026, 26.84, 27.00, 27.19, 26.50, 26.99, 26.75, 26.92, 9830, 2.65, 78, 5475, 55.70
RKFORGE, EQ, 05-Aug-2026, 688.70, 698.80, 710.00, 691.30, 709.50, 706.45, 701.25, 1800207, 12624.00, 36862, 933128, 51.83
RKSWAMY, EQ, 05-Aug-2026, 101.93, 102.00, 103.30, 101.40, 101.50, 101.50, 101.80, 15813, 16.10, 320, 12021, 76.02
RMC, EQ, 05-Aug-2026, 331.05, 334.80, 348.00, 325.20, 339.80, 337.40, 338.15, 190985, 645.82, 7444, 72302, 37.86
RMDRIP, BE, 05-Aug-2026, 18.24, 17.82, 18.34, 17.82, 18.00, 18.01, 18.03, 191964, 34.61, 549, -, -
RML, EQ, 05-Aug-2026, 1173.60, 1176.00, 1250.00, 1100.00, 1109.70, 1114.60, 1182.13, 595463, 7039.16, 52699, 107360, 18.03
RNBDENIMS, EQ, 05-Aug-2026, 8.99, 9.18, 9.18, 8.93, 9.14, 9.08, 9.04, 238668, 21.57, 845, 154329, 64.66
RNFI, SM, 05-Aug-2026, 285.00, 287.00, 289.90, 275.00, 275.00, 275.30, 281.46, 59400, 167.19, 64, 45000, 75.76
RNPL, SM, 05-Aug-2026, 82.75, 85.75, 85.75, 82.00, 84.00, 84.00, 83.98, 50400, 42.33, 22, 27600, 54.76
ROHLTD, EQ, 05-Aug-2026, 313.55, 316.70, 316.80, 311.00, 312.30, 312.75, 314.16, 7652, 24.04, 584, 5083, 66.43
ROLEXRINGS, EQ, 05-Aug-2026, 141.34, 142.90, 153.50, 141.10, 145.00, 144.82, 147.98, 24029558, 35558.63, 155398, 2395956, 9.97
ROLLT, BE, 05-Aug-2026, 2.70, 2.83, 2.83, 2.83, 2.83, 2.83, 2.83, 202923, 5.74, 70, -, -
ROML, EQ, 05-Aug-2026, 44.47, 44.91, 44.91, 44.21, 44.55, 44.55, 44.57, 1020, 0.45, 38, 720, 70.59
ROSSARI, EQ, 05-Aug-2026, 512.90, 515.60, 539.95, 513.50, 528.20, 524.90, 529.49, 291125, 1541.48, 10642, 141426, 48.58
ROSSELLIND, EQ, 05-Aug-2026, 58.22, 59.00, 59.43, 57.25, 57.80, 57.66, 57.92, 20525, 11.89, 351, 13398, 65.28
ROSSTECH, EQ, 05-Aug-2026, 1064.20, 1080.20, 1099.95, 1055.00, 1061.20, 1064.65, 1084.38, 269490, 2922.31, 18108, 108951, 40.43
ROTO, EQ, 05-Aug-2026, 66.48, 66.89, 67.20, 65.90, 66.00, 66.01, 66.32, 386191, 256.12, 2355, 216147, 55.97
ROUTE, EQ, 05-Aug-2026, 532.60, 536.05, 539.80, 529.55, 531.60, 532.30, 532.88, 272633, 1452.80, 8145, 84601, 31.03
ROXHITECH, SM, 05-Aug-2026, 47.00, 46.00, 48.75, 45.10, 47.50, 47.50, 46.95, 33600, 15.78, 21, 24000, 71.43
RPEL, EQ, 05-Aug-2026, 1276.50, 1260.10, 1282.80, 1240.00, 1251.00, 1248.60, 1257.88, 42000, 528.31, 3443, 27045, 64.39
RPGLIFE, EQ, 05-Aug-2026, 2745.70, 2778.30, 2778.30, 2662.50, 2725.00, 2707.80, 2704.48, 12606, 340.93, 2646, 5944, 47.15
RPOWER, EQ, 05-Aug-2026, 24.07, 24.15, 24.60, 24.01, 24.15, 24.17, 24.26, 16682120, 4046.98, 26066, 5004108, 30.00
RPPINFRA, EQ, 05-Aug-2026, 59.49, 60.99, 60.99, 59.05, 59.05, 59.48, 59.74, 21706, 12.97, 472, 16524, 76.13
RPPL, EQ, 05-Aug-2026, 22.92, 23.01, 24.90, 23.01, 23.86, 23.60, 24.02, 642396, 154.27, 1350, 347316, 54.07
RPSGVENT, EQ, 05-Aug-2026, 959.85, 965.00, 969.85, 949.05, 958.20, 960.45, 959.34, 18514, 177.61, 1769, 12530, 67.68
RPTECH, EQ, 05-Aug-2026, 870.90, 967.70, 967.70, 894.00, 900.00, 902.85, 922.47, 2510671, 23160.30, 76739, 692691, 27.59
RRIL, EQ, 05-Aug-2026, 17.15, 17.55, 18.63, 17.55, 18.63, 18.46, 18.34, 41657, 7.64, 212, 31667, 76.02
RRKABEL, EQ, 05-Aug-2026, 2641.10, 2654.30, 2815.00, 2648.50, 2807.00, 2793.00, 2755.64, 1214785, 33475.12, 89320, 422838, 34.81
RSDFIN, EQ, 05-Aug-2026, 145.88, 147.00, 160.46, 147.00, 160.46, 160.46, 156.98, 39691, 62.31, 669, 9844, 24.80
RSL, EQ, 05-Aug-2026, 142.11, 144.95, 155.30, 142.44, 151.00, 150.45, 150.53, 895636, 1348.16, 11951, 430825, 48.10
RSSOFTWARE, BE, 05-Aug-2026, 30.57, 31.00, 31.20, 29.47, 30.30, 29.88, 29.84, 58264, 17.39, 177, -, -
RSWM, BE, 05-Aug-2026, 235.26, 234.90, 238.00, 223.50, 224.50, 224.62, 228.13, 140203, 319.84, 757, -, -
RSYSTEMS, EQ, 05-Aug-2026, 271.60, 283.40, 283.40, 248.40, 255.20, 255.35, 260.86, 1271974, 3318.11, 23191, 534167, 42.00
RTL, SM, 05-Aug-2026, 83.90, 82.90, 83.30, 82.90, 83.30, 83.30, 83.08, 46000, 38.22, 20, 10000, 21.74
RTNINDIA, EQ, 05-Aug-2026, 32.53, 33.09, 33.77, 31.90, 32.70, 32.55, 32.90, 2718600, 894.29, 10172, 690149, 25.39
RTNPOWER, EQ, 05-Aug-2026, 8.74, 8.73, 8.94, 8.71, 8.73, 8.76, 8.79, 12590360, 1106.90, 9955, 3281640, 26.06
RUBFILA, EQ, 05-Aug-2026, 71.57, 71.57, 72.78, 70.50, 72.70, 72.52, 72.06, 11077, 7.98, 128, 10274, 92.75
RUBICON, EQ, 05-Aug-2026, 1516.40, 1530.00, 1584.90, 1522.90, 1580.00, 1574.60, 1552.91, 132721, 2061.04, 10788, 52337, 39.43
RUBYMILLS, BE, 05-Aug-2026, 356.40, 357.00, 365.00, 339.00, 357.00, 349.05, 349.22, 15171, 52.98, 335, -, -
RUCHINFRA, EQ, 05-Aug-2026, 5.78, 5.90, 5.92, 5.81, 5.91, 5.89, 5.87, 26421, 1.55, 135, 18355, 69.47
RUCHIRA, EQ, 05-Aug-2026, 108.87, 108.92, 111.01, 108.82, 110.25, 110.41, 110.29, 37556, 41.42, 494, 27917, 74.33
RUDRA, EQ, 05-Aug-2026, 18.32, 18.00, 18.39, 18.00, 18.10, 18.18, 18.18, 15539, 2.83, 132, 12859, 82.75
RULKA, SM, 05-Aug-2026, 112.00, 111.10, 112.10, 109.10, 109.10, 109.10, 111.02, 3900, 4.33, 9, 3900, 100.00
RUPA, EQ, 05-Aug-2026, 162.88, 163.00, 165.00, 160.80, 162.00, 161.67, 162.74, 82032, 133.50, 3791, 40419, 49.27
RUSHIL, EQ, 05-Aug-2026, 18.28, 18.77, 18.84, 17.17, 17.94, 17.82, 17.98, 1122246, 201.76, 2354, 423142, 37.70
RUSTOMJEE, EQ, 05-Aug-2026, 411.80, 422.80, 428.00, 385.00, 388.20, 388.30, 400.89, 1381859, 5539.79, 27969, 552776, 40.00
RVHL, EQ, 05-Aug-2026, 45.16, 45.00, 46.40, 44.61, 45.45, 45.74, 45.75, 1732, 0.79, 42, 1291, 74.54
RVNL, EQ, 05-Aug-2026, 231.40, 232.70, 234.43, 228.16, 229.00, 229.00, 230.77, 2739599, 6322.28, 26339, 1047535, 38.24
RVTH, EQ, 05-Aug-2026, 704.10, 712.50, 733.80, 704.10, 718.00, 724.40, 722.63, 244, 1.76, 27, 230, 94.26
S&SPOWER, EQ, 05-Aug-2026, 322.45, 335.25, 338.40, 310.00, 335.00, 322.25, 325.75, 2452, 7.99, 97, 2023, 82.50
SAAKSHI, ST, 05-Aug-2026, 301.00, 292.75, 299.90, 290.00, 299.90, 294.95, 292.77, 12600, 36.89, 17, 12000, 95.24
SAATVIKGL, EQ, 05-Aug-2026, 426.30, 424.00, 431.35, 420.00, 423.00, 422.65, 423.68, 48955, 207.41, 2382, 27648, 56.48
SABAR, SM, 05-Aug-2026, 6.55, 6.80, 6.85, 6.60, 6.85, 6.80, 6.76, 40000, 2.71, 8, 40000, 100.00
SACHEEROME, SM, 05-Aug-2026, 415.55, 418.00, 421.00, 412.00, 418.00, 415.05, 416.19, 12300, 51.19, 36, 11400, 92.68
SADBHAV, EQ, 05-Aug-2026, 8.57, 8.61, 8.99, 8.61, 8.99, 8.99, 8.95, 399143, 35.72, 428, 257377, 64.48
SADBHIN, BE, 05-Aug-2026, 2.49, 2.50, 2.61, 2.45, 2.55, 2.59, 2.57, 248295, 6.39, 167, -, -
SADHAV, SM, 05-Aug-2026, 119.00, 119.50, 119.50, 117.05, 117.05, 117.05, 118.64, 2400, 2.85, 4, 2400, 100.00
SADHNANIQ, BE, 05-Aug-2026, 2.92, 3.02, 3.04, 2.80, 2.91, 2.84, 2.95, 3707007, 109.30, 1685, -, -
SAFARI, EQ, 05-Aug-2026, 1512.90, 1515.10, 1535.00, 1480.00, 1501.00, 1500.00, 1509.43, 71346, 1076.92, 9227, 35190, 49.32
SAFEENTP, SM, 05-Aug-2026, 250.35, 250.50, 251.00, 245.35, 250.00, 249.75, 249.34, 27000, 67.32, 51, 22500, 83.33
SAGARDEEP, EQ, 05-Aug-2026, 24.58, 24.99, 25.39, 24.40, 25.39, 25.20, 24.93, 11893, 2.97, 57, 10828, 91.05
SAGCEM, EQ, 05-Aug-2026, 172.94, 172.99, 175.95, 172.10, 172.60, 172.90, 173.24, 19876, 34.43, 761, 11413, 57.42
SAGILITY, EQ, 05-Aug-2026, 44.09, 44.30, 44.59, 43.64, 43.90, 43.87, 44.06, 15196750, 6696.17, 32330, 5670198, 37.31
SAHAJSOLAR, SM, 05-Aug-2026, 113.45, 112.15, 115.95, 110.00, 111.25, 110.50, 112.21, 19200, 21.55, 41, 14000, 72.92
SAHANA, SM, 05-Aug-2026, 804.40, 811.00, 815.00, 800.70, 810.00, 809.65, 809.10, 12900, 104.37, 74, 10350, 80.23
SAHASRA, ST, 05-Aug-2026, 319.50, 318.05, 328.00, 310.00, 310.50, 312.45, 317.70, 21200, 67.35, 51, 19600, 92.45
SAHLIBHFI, EQ, 05-Aug-2026, 78.18, 78.22, 80.45, 78.05, 80.44, 79.84, 80.15, 2796, 2.24, 55, 2747, 98.25
SAHYADRI, EQ, 05-Aug-2026, 321.40, 328.25, 332.00, 315.10, 316.00, 316.80, 321.89, 7410, 23.85, 472, 5041, 68.03
SAIFL, SM, 05-Aug-2026, 5.05, 5.05, 5.05, 5.00, 5.05, 5.05, 5.02, 72000, 3.62, 15, 44000, 61.11
SAIL, EQ, 05-Aug-2026, 173.55, 174.95, 175.80, 171.52, 175.50, 175.50, 173.92, 20251266, 35221.41, 66709, 10146390, 50.10
SAILIFE, EQ, 05-Aug-2026, 1366.40, 1374.00, 1398.00, 1355.40, 1383.50, 1394.30, 1380.89, 344889, 4762.55, 17736, 177307, 51.41
SAIPARENT, EQ, 05-Aug-2026, 531.70, 533.75, 543.40, 510.90, 517.70, 516.10, 522.34, 212582, 1110.40, 8128, 131511, 61.86
SAJHOTELS, ST, 05-Aug-2026, 38.55, 40.40, 40.45, 40.40, 40.45, 40.45, 40.44, 10000, 4.04, 5, 10000, 100.00
SAKAR, EQ, 05-Aug-2026, 916.05, 919.60, 924.40, 880.00, 888.70, 890.70, 892.50, 115271, 1028.80, 10651, 54254, 47.07
SAKHTISUG, EQ, 05-Aug-2026, 17.74, 17.52, 18.00, 17.47, 17.80, 17.68, 17.67, 73509, 12.99, 430, 46421, 63.15
SAKSOFT, EQ, 05-Aug-2026, 177.84, 177.84, 179.92, 175.32, 176.90, 177.20, 177.33, 451833, 801.22, 6730, 148924, 32.96
SAKUMA, EQ, 05-Aug-2026, 1.63, 1.63, 1.65, 1.61, 1.64, 1.62, 1.64, 675832, 11.08, 642, 598682, 88.58
SALASAR, EQ, 05-Aug-2026, 5.92, 5.92, 6.02, 5.90, 5.92, 5.92, 5.96, 2240494, 133.62, 2325, 829045, 37.00
SALONA, EQ, 05-Aug-2026, 251.68, 248.00, 254.78, 248.00, 248.20, 248.30, 248.36, 120, 0.30, 13, 85, 70.83
SALSTEEL, EQ, 05-Aug-2026, 56.95, 57.00, 59.79, 57.00, 59.79, 59.79, 58.79, 186647, 109.73, 1263, 124464, 66.68
SALZERELEC, EQ, 05-Aug-2026, 612.10, 612.30, 632.60, 602.00, 606.05, 606.80, 619.12, 85113, 526.95, 4200, 39477, 46.38
SAMAY, ST, 05-Aug-2026, 41.55, 43.60, 43.60, 43.60, 43.60, 43.60, 43.60, 4000, 1.74, 1, 4000, 100.00
SAMBHAAV, EQ, 05-Aug-2026, 6.49, 6.42, 6.80, 6.42, 6.70, 6.68, 6.66, 35173, 2.34, 127, 28331, 80.55
SAMBHV, EQ, 05-Aug-2026, 124.73, 126.00, 126.33, 119.90, 121.00, 121.16, 121.96, 2287221, 2789.60, 14905, 1143320, 49.99
SAMHI, EQ, 05-Aug-2026, 171.75, 170.65, 176.77, 163.25, 172.80, 173.66, 169.38, 3002054, 5084.77, 39921, 1362213, 45.38
SAMMAANCAP, EQ, 05-Aug-2026, 160.28, 161.50, 162.19, 160.50, 161.50, 161.53, 161.40, 2888459, 4661.95, 13078, 1621316, 56.13
SAMPANN, EQ, 05-Aug-2026, 27.08, 27.90, 27.90, 26.51, 27.24, 27.43, 27.32, 21875, 5.98, 172, 14388, 65.77
SANATHAN, EQ, 05-Aug-2026, 477.95, 481.75, 487.40, 475.00, 476.90, 476.75, 483.67, 149426, 722.73, 1998, 115956, 77.60
SANDESH, EQ, 05-Aug-2026, 1001.70, 1005.00, 1048.00, 985.80, 990.00, 989.80, 1008.89, 1815, 18.31, 272, 1340, 73.83
SANDHAR, EQ, 05-Aug-2026, 645.35, 645.00, 662.95, 645.00, 653.00, 654.75, 656.54, 247407, 1624.33, 8422, 115607, 46.73
SANDUMA, EQ, 05-Aug-2026, 210.98, 212.95, 215.10, 210.10, 213.91, 214.15, 212.56, 672466, 1429.37, 9127, 321306, 47.78
SANGAMIND, EQ, 05-Aug-2026, 613.30, 615.70, 618.50, 608.65, 612.00, 612.55, 613.94, 18841, 115.67, 1051, 10428, 55.35
SANGANI, SM, 05-Aug-2026, 43.90, 43.00, 43.00, 43.00, 43.00, 43.00, 43.00, 1500, 0.65, 1, 1500, 100.00
SANGHVIMOV, EQ, 05-Aug-2026, 438.55, 444.75, 478.00, 440.05, 470.55, 474.20, 464.06, 996315, 4623.48, 20952, 460486, 46.22
SANGINITA, BE, 05-Aug-2026, 62.78, 61.53, 61.53, 61.53, 61.53, 61.53, 61.53, 15238, 9.38, 47, -, -
SANOFI, EQ, 05-Aug-2026, 3394.30, 3411.20, 3418.60, 3318.30, 3320.20, 3328.40, 3340.51, 32497, 1085.56, 7319, 17715, 54.51
SANOFICONR, EQ, 05-Aug-2026, 4529.20, 4611.20, 4611.20, 4520.00, 4540.10, 4551.40, 4547.56, 1575, 71.62, 666, 711, 45.14
SANSERA, EQ, 05-Aug-2026, 3508.70, 3544.70, 3776.00, 3544.00, 3706.00, 3742.80, 3683.92, 440849, 16240.54, 44196, 183868, 41.71
SANSTAR, EQ, 05-Aug-2026, 116.74, 116.75, 117.88, 112.81, 115.80, 114.40, 114.96, 216861, 249.29, 2516, 84891, 39.15
SANWARIA, BZ, 05-Aug-2026, 0.21, 0.22, 0.22, 0.20, 0.21, 0.20, 0.21, 1342217, 2.77, 183, -, -
SAPPHIRE, EQ, 05-Aug-2026, 192.30, 192.30, 205.10, 190.34, 201.00, 202.52, 201.35, 10606626, 21356.23, 68543, 6827430, 64.37
SAPPL, EQ, 05-Aug-2026, 290.00, 290.00, 290.00, 285.05, 285.10, 285.10, 289.08, 618, 1.79, 6, 603, 97.57
SARDAEN, EQ, 05-Aug-2026, 509.40, 511.80, 513.80, 495.10, 500.00, 499.70, 501.54, 436905, 2191.23, 13739, 253099, 57.93
SAREGAMA, EQ, 05-Aug-2026, 542.55, 547.50, 574.50, 538.55, 557.20, 557.25, 561.07, 2472015, 13869.66, 68439, 588231, 23.80
SARLAPOLY, EQ, 05-Aug-2026, 101.53, 101.00, 103.40, 98.30, 101.75, 102.36, 101.96, 52614, 53.65, 884, 38369, 72.93
SAROJA, SM, 05-Aug-2026, 30.00, 29.25, 29.25, 29.25, 29.25, 29.25, 29.25, 1600, 0.47, 1, 1600, 100.00
SARTELE, SM, 05-Aug-2026, 119.40, 122.00, 122.00, 118.10, 119.95, 118.45, 119.02, 68500, 81.53, 104, 46000, 67.15
SARVESHWAR, EQ, 05-Aug-2026, 3.41, 3.41, 3.45, 3.41, 3.42, 3.42, 3.43, 808903, 27.75, 1224, 703806, 87.01
SASKEN, EQ, 05-Aug-2026, 1997.40, 2096.50, 2096.50, 1950.00, 1967.40, 1972.20, 2016.54, 77690, 1566.65, 7483, 42650, 54.90
SATECH, SM, 05-Aug-2026, 34.55, 34.60, 34.60, 34.60, 34.60, 34.60, 34.60, 1000, 0.35, 1, 1000, 100.00
SATIA, EQ, 05-Aug-2026, 62.49, 63.00, 63.77, 62.50, 63.50, 63.31, 62.98, 82245, 51.80, 904, 51858, 63.05
SATIN, EQ, 05-Aug-2026, 235.05, 235.90, 238.99, 230.01, 230.01, 230.91, 233.45, 306103, 714.61, 5084, 157552, 51.47
SATIPOLY, ST, 05-Aug-2026, 42.90, 44.80, 44.80, 44.80, 44.80, 44.80, 44.80, 500, 0.22, 1, 500, 100.00
SATKARTAR, SM, 05-Aug-2026, 125.30, 124.95, 130.00, 116.25, 125.05, 124.10, 121.06, 165600, 200.47, 116, 122400, 73.91
SATTVAENGG, SM, 05-Aug-2026, 84.10, 85.00, 85.90, 84.10, 84.10, 84.10, 85.13, 6400, 5.45, 4, 6400, 100.00
SAURASHCEM, EQ, 05-Aug-2026, 62.32, 65.50, 72.46, 65.50, 68.00, 68.71, 69.95, 7115498, 4977.12, 50109, 998829, 14.04
SAVY, SM, 05-Aug-2026, 120.00, 120.00, 129.25, 119.85, 129.00, 127.40, 126.15, 85200, 107.48, 56, 69600, 81.69
SAWALIYA, SM, 05-Aug-2026, 292.00, 292.00, 292.00, 286.00, 289.00, 289.25, 289.34, 76200, 220.48, 42, 52200, 68.50
SAYAJIHOTL, EQ, 05-Aug-2026, 312.00, 312.00, 312.00, 312.00, 312.00, 312.00, 312.00, 1, 0.00, 1, 1, 100.00
SBC, EQ, 05-Aug-2026, 41.53, 41.70, 41.77, 40.87, 41.10, 41.30, 41.38, 6568574, 2718.11, 4424, 2699837, 41.10
SBCL, EQ, 05-Aug-2026, 778.00, 782.00, 785.00, 762.55, 772.00, 772.45, 773.31, 197724, 1529.01, 15398, 108079, 54.66
SBFC, EQ, 05-Aug-2026, 92.17, 92.44, 94.60, 91.90, 93.80, 93.59, 93.80, 884960, 830.11, 14627, 443628, 50.13
SBGLP, EQ, 05-Aug-2026, 25.02, 25.02, 26.29, 24.63, 25.10, 25.24, 25.08, 14002, 3.51, 85, 8296, 59.25
SBIBPB, EQ, 05-Aug-2026, 49.01, 49.37, 49.79, 49.21, 49.40, 49.39, 49.56, 2469230, 1223.87, 515, 2429262, 98.38
SBICARD, EQ, 05-Aug-2026, 658.00, 661.75, 670.80, 658.60, 665.70, 665.70, 663.80, 840398, 5578.56, 24725, 440715, 52.44
SBIETFCON, EQ, 05-Aug-2026, 125.05, 125.05, 126.63, 125.05, 126.63, 126.16, 126.17, 6329, 7.99, 118, 5285, 83.50
SBIETFIT, EQ, 05-Aug-2026, 347.41, 351.00, 351.00, 342.65, 343.00, 345.14, 348.19, 4913, 17.11, 201, 3588, 73.03
SBIETFPB, EQ, 05-Aug-2026, 283.35, 285.56, 285.56, 281.62, 285.00, 283.62, 282.90, 3857, 10.91, 121, 2888, 74.88
SBIETFQLTY, EQ, 05-Aug-2026, 227.02, 227.02, 228.75, 222.30, 227.00, 224.03, 224.60, 44051, 98.94, 87, 43469, 98.68
SBIFUNDS, EQ, 05-Aug-2026, 569.70, 574.00, 575.25, 571.10, 574.00, 573.95, 573.53, 1791008, 10272.01, 40687, 1060860, 59.23
SBILIFE, EQ, 05-Aug-2026, 1899.00, 1910.00, 1910.00, 1868.10, 1879.90, 1879.90, 1883.48, 625147, 11774.52, 41130, 379903, 60.77
SBILIQETF, EQ, 05-Aug-2026, 1050.33, 1050.47, 1050.47, 1050.45, 1050.45, 1050.45, 1050.46, 72538, 761.98, 42, 51570, 71.09
SBIMIDMOM, EQ, 05-Aug-2026, 63.54, 64.20, 64.20, 63.44, 63.53, 63.56, 63.59, 19645, 12.49, 152, 16791, 85.47
SBIN, EQ, 05-Aug-2026, 1042.70, 1043.00, 1055.00, 1040.30, 1055.00, 1055.00, 1050.19, 8707119, 91441.63, 148072, 4538901, 52.13
SBINEQWETF, EQ, 05-Aug-2026, 33.87, 34.00, 34.43, 34.00, 34.10, 34.27, 34.23, 53122, 18.18, 225, 46563, 87.65
SBINMID150, EQ, 05-Aug-2026, 23.44, 23.91, 23.91, 23.32, 23.32, 23.44, 23.48, 23405, 5.50, 125, 19800, 84.60
SBISILVER, EQ, 05-Aug-2026, 212.30, 216.37, 219.22, 215.68, 219.00, 218.64, 218.03, 2073548, 4520.98, 11213, 1036093, 49.97
SBISMLETF, EQ, 05-Aug-2026, 18.23, 18.36, 18.38, 18.28, 18.35, 18.33, 18.32, 58380, 10.69, 141, 56311, 96.46
SBIVALETF, EQ, 05-Aug-2026, 15.11, 15.14, 15.16, 15.08, 15.16, 15.10, 15.11, 56039, 8.47, 58, 56036, 99.99
SCANSTL, BE, 05-Aug-2026, 62.42, 63.10, 65.54, 62.50, 65.54, 65.54, 64.55, 213837, 138.04, 355, -, -
SCHAEFFLER, EQ, 05-Aug-2026, 4055.50, 4074.80, 4143.00, 4046.10, 4100.00, 4089.50, 4111.25, 47657, 1959.30, 8305, 29652, 62.22
SCHAND, EQ, 05-Aug-2026, 144.31, 145.00, 145.43, 141.00, 142.00, 142.48, 142.75, 44233, 63.14, 1567, 30352, 68.62
SCHNEIDER, EQ, 05-Aug-2026, 1333.90, 1346.00, 1369.50, 1335.00, 1356.00, 1352.50, 1357.64, 120483, 1635.72, 12650, 60461, 50.18
SCI, EQ, 05-Aug-2026, 300.90, 302.35, 304.85, 297.55, 300.20, 300.70, 301.13, 2382016, 7172.92, 28009, 878853, 36.90
SCILAL, EQ, 05-Aug-2026, 41.64, 42.50, 42.50, 41.00, 41.06, 41.16, 41.55, 219278, 91.12, 1546, 111899, 51.03
SCML, SM, 05-Aug-2026, 81.40, 84.90, 84.90, 82.05, 82.50, 84.20, 84.05, 10000, 8.41, 9, 7000, 70.00
SCODATUBES, EQ, 05-Aug-2026, 150.66, 152.50, 152.50, 144.02, 144.02, 145.79, 146.80, 282974, 415.40, 2929, 198243, 70.06
SCPL, EQ, 05-Aug-2026, 632.15, 630.00, 662.05, 622.05, 648.90, 644.75, 651.87, 94907, 618.67, 3535, 38517, 40.58
SDBL, EQ, 05-Aug-2026, 71.24, 71.33, 74.29, 71.33, 72.85, 73.39, 73.01, 1233468, 900.55, 8389, 414339, 33.59
SDREAMS, SM, 05-Aug-2026, 88.00, 85.70, 87.50, 85.50, 87.50, 87.50, 86.44, 12000, 10.37, 10, 6000, 50.00
SEAMECLTD, EQ, 05-Aug-2026, 1480.50, 1483.10, 1543.20, 1483.10, 1511.00, 1509.70, 1517.30, 61447, 932.33, 4931, 38406, 62.50
SECMARK, EQ, 05-Aug-2026, 124.21, 127.80, 127.80, 123.00, 123.36, 123.36, 123.39, 9867, 12.18, 51, 9610, 97.40
SECURKLOUD, EQ, 05-Aug-2026, 18.28, 18.20, 18.50, 18.05, 18.49, 18.42, 18.34, 18471, 3.39, 80, 17267, 93.48
SEDEMAC, EQ, 05-Aug-2026, 2795.90, 2800.00, 2878.00, 2766.40, 2825.00, 2846.40, 2839.66, 119035, 3380.19, 16352, 54868, 46.09
SEIL, EQ, 05-Aug-2026, 203.00, 204.01, 207.41, 202.00, 202.00, 202.38, 203.40, 165453, 336.54, 1451, 120366, 72.75
SEJALLTD, BE, 05-Aug-2026, 735.95, 734.95, 738.90, 717.00, 717.00, 720.15, 723.40, 5537, 40.05, 170, -, -
SEL, SM, 05-Aug-2026, 243.05, 254.50, 255.00, 245.00, 245.00, 245.00, 250.75, 2400, 6.02, 7, 2200, 91.67
SELECTIPO, EQ, 05-Aug-2026, 47.61, 47.92, 48.08, 47.83, 47.90, 48.02, 48.00, 79099, 37.97, 109, 70966, 89.72
SELMC, EQ, 05-Aug-2026, 27.85, 28.00, 28.00, 27.00, 27.00, 27.49, 27.61, 8882, 2.45, 102, 7370, 82.98
SEMAC, BE, 05-Aug-2026, 311.70, 311.70, 315.00, 311.70, 315.00, 315.00, 311.79, 77, 0.24, 7, -, -
SENCO, EQ, 05-Aug-2026, 387.90, 387.85, 401.85, 384.60, 399.50, 399.05, 396.81, 1552723, 6161.38, 37500, 510854, 32.90
SENORES, EQ, 05-Aug-2026, 1360.50, 1371.50, 1374.00, 1306.10, 1327.00, 1323.30, 1329.33, 432344, 5747.26, 22415, 207281, 47.94
SENSEXADD, EQ, 05-Aug-2026, 81.15, 81.17, 81.48, 80.67, 81.15, 81.15, 81.06, 915, 0.74, 28, 707, 77.27
SENSEXAXIS, EQ, 05-Aug-2026, 81.31, 83.00, 83.00, 79.73, 79.80, 80.28, 81.38, 3189, 2.60, 111, 1312, 41.14
SENSEXBETA, EQ, 05-Aug-2026, 867.62, 867.62, 876.98, 867.00, 867.00, 868.30, 872.81, 4059, 35.43, 200, 3498, 86.18
SENSEXETF, EQ, 05-Aug-2026, 80.93, 81.29, 81.47, 80.88, 81.14, 80.99, 81.17, 17433, 14.15, 233, 9240, 53.00
SENSEXIETF, EQ, 05-Aug-2026, 900.68, 907.00, 908.72, 899.58, 900.00, 901.85, 903.69, 12710, 114.86, 536, 9287, 73.07
SEPC, EQ, 05-Aug-2026, 5.95, 5.97, 6.47, 5.96, 6.34, 6.32, 6.25, 51919740, 3245.49, 73254, 12451728, 23.98
SERVICE, SM, 05-Aug-2026, 60.50, 61.05, 61.20, 61.00, 61.00, 61.00, 61.10, 20000, 12.22, 10, 4000, 20.00
SERVOTECH, EQ, 05-Aug-2026, 87.51, 87.98, 87.98, 86.01, 86.08, 86.27, 86.84, 455578, 395.62, 4565, 227792, 50.00
SESHAPAPER, EQ, 05-Aug-2026, 227.99, 230.80, 232.80, 228.42, 232.60, 230.77, 230.22, 44844, 103.24, 1229, 26316, 58.68
SETCO, BE, 05-Aug-2026, 17.61, 17.69, 17.95, 17.69, 17.75, 17.75, 17.89, 31988, 5.72, 68, -, -
SETF10GILT, EQ, 05-Aug-2026, 264.95, 264.96, 265.98, 264.33, 264.34, 265.54, 264.94, 8210, 21.75, 30, 7907, 96.31
SETFGOLD, EQ, 05-Aug-2026, 120.97, 121.55, 123.50, 121.51, 123.11, 123.34, 123.10, 4662113, 5739.16, 12312, 2596271, 55.69
SETFNIF50, EQ, 05-Aug-2026, 263.77, 263.82, 266.26, 263.00, 264.80, 264.07, 264.35, 959200, 2535.66, 7115, 690805, 72.02
SETFNIFBK, EQ, 05-Aug-2026, 590.95, 594.60, 596.20, 587.87, 587.87, 591.11, 592.70, 27760, 164.53, 826, 14274, 51.42
SETFNN50, EQ, 05-Aug-2026, 789.01, 796.31, 802.95, 785.00, 785.50, 791.20, 796.84, 31517, 251.14, 1318, 15522, 49.25
SETL, EQ, 05-Aug-2026, 275.40, 271.30, 281.60, 270.30, 278.10, 278.00, 276.42, 369101, 1020.25, 5918, 224057, 60.70
SETUINFRA, BZ, 05-Aug-2026, 0.41, 0.40, 0.43, 0.40, 0.43, 0.40, 0.40, 17399, 0.07, 11, -, -
SEYAIND, BE, 05-Aug-2026, 12.47, 12.46, 12.69, 12.32, 12.60, 12.56, 12.45, 2148, 0.27, 25, -, -
SFL, EQ, 05-Aug-2026, 768.05, 787.00, 830.00, 763.00, 769.10, 771.65, 793.97, 1092667, 8675.42, 55359, 264703, 24.23
SFML, SM, 05-Aug-2026, 24.15, 24.15, 24.15, 22.00, 22.00, 22.05, 22.20, 36800, 8.17, 17, 36800, 100.00
SGBAPR28I, GB, 05-Aug-2026, 14213.70, 14324.00, 14470.00, 14324.00, 14388.00, 14368.87, 14354.05, 128, 18.37, 35, 118, 92.19
SGBAUG27, GB, 05-Aug-2026, 14295.00, 14295.00, 14399.00, 14150.00, 14306.00, 14337.16, 14283.66, 256, 36.57, 53, 127, 49.61
SGBAUG28V, GB, 05-Aug-2026, 14219.08, 14225.00, 14400.00, 14225.00, 14384.95, 14371.42, 14347.63, 855, 122.67, 167, 584, 68.30
SGBAUG29V, GB, 05-Aug-2026, 14206.30, 14349.99, 14498.98, 14311.00, 14405.00, 14412.50, 14395.60, 782, 112.57, 48, 717, 91.69
SGBAUG30, GB, 05-Aug-2026, 14376.33, 14416.57, 14529.00, 14416.57, 14450.00, 14448.50, 14479.76, 211, 30.55, 71, 153, 72.51
SGBD29VIII, GB, 05-Aug-2026, 14179.00, 14304.70, 14448.25, 14302.28, 14447.00, 14447.00, 14353.21, 141, 20.24, 74, 132, 93.62
SGBDC27VII, GB, 05-Aug-2026, 14197.00, 14249.00, 14300.00, 14249.00, 14300.00, 14283.66, 14275.00, 4, 0.57, 4, 4, 100.00
SGBDE30III, GB, 05-Aug-2026, 14423.24, 14458.02, 14579.99, 14458.02, 14465.00, 14465.00, 14523.85, 287, 41.68, 126, 222, 77.35
SGBDE31III, GB, 05-Aug-2026, 14600.58, 14636.56, 14814.99, 14626.00, 14680.00, 14711.21, 14722.40, 920, 135.45, 230, 620, 67.39
SGBDEC26, GB, 05-Aug-2026, 14300.00, 14499.99, 14500.00, 14499.99, 14500.00, 14500.00, 14500.00, 10, 1.45, 2, 10, 100.00
SGBFEB27, GB, 05-Aug-2026, 14250.00, 14399.00, 14399.00, 14399.00, 14399.00, 14399.00, 14399.00, 2, 0.29, 1, 2, 100.00
SGBFEB28IX, GB, 05-Aug-2026, 14032.00, 14066.00, 14300.00, 14065.00, 14300.00, 14300.00, 14153.50, 8, 1.13, 4, 5, 62.50
SGBFEB29XI, GB, 05-Aug-2026, 14259.00, 14259.00, 14399.00, 14259.00, 14399.00, 14399.00, 14367.78, 31, 4.45, 12, 26, 83.87
SGBFEB32IV, GB, 05-Aug-2026, 14665.78, 14709.02, 14850.00, 14681.57, 14766.00, 14787.81, 14771.97, 2159, 318.93, 284, 1278, 59.19
SGBJ28VIII, GB, 05-Aug-2026, 14121.00, 14200.00, 14300.00, 14200.00, 14300.00, 14300.00, 14295.68, 29, 4.15, 5, 29, 100.00
SGBJAN27, GB, 05-Aug-2026, 14220.00, 14220.00, 14299.00, 14210.01, 14299.00, 14299.00, 14222.58, 107, 15.22, 5, 103, 96.26
SGBJAN29IX, GB, 05-Aug-2026, 14165.00, 14300.00, 14386.00, 14222.00, 14350.00, 14350.00, 14257.50, 155, 22.10, 30, 144, 92.90
SGBJAN29X, GB, 05-Aug-2026, 14155.00, 14214.68, 14300.00, 14202.00, 14295.20, 14295.20, 14257.37, 45, 6.42, 26, 33, 73.33
SGBJAN30IX, GB, 05-Aug-2026, 14297.50, 14226.01, 14484.38, 14226.01, 14410.01, 14410.01, 14421.07, 36, 5.19, 17, 26, 72.22
SGBJU29III, GB, 05-Aug-2026, 14155.65, 14250.00, 14349.99, 14250.00, 14349.99, 14316.58, 14308.08, 160, 22.89, 37, 103, 64.38
SGBJUL27, GB, 05-Aug-2026, 14100.00, 14200.00, 14379.87, 14200.00, 14299.00, 14226.80, 14267.25, 24, 3.42, 12, 16, 66.67
SGBJUL28IV, GB, 05-Aug-2026, 14129.21, 14200.21, 14340.00, 14185.44, 14340.00, 14329.00, 14283.13, 248, 35.42, 58, 207, 83.47
SGBJUL29IV, GB, 05-Aug-2026, 14166.66, 14175.00, 14348.99, 14175.00, 14339.99, 14303.25, 14284.06, 262, 37.42, 60, 200, 76.34
SGBJUN27, GB, 05-Aug-2026, 14010.01, 14275.00, 14275.00, 14200.00, 14260.00, 14260.00, 14245.00, 3, 0.43, 3, 2, 66.67
SGBJUN28, GB, 05-Aug-2026, 14150.00, 14165.00, 14385.00, 14163.56, 14370.00, 14361.72, 14294.38, 279, 39.88, 52, 213, 76.34
SGBJUN29II, GB, 05-Aug-2026, 14115.00, 14255.50, 14424.00, 14255.50, 14329.99, 14320.99, 14325.85, 382, 54.72, 69, 330, 86.39
SGBJUN30, GB, 05-Aug-2026, 14257.96, 14325.00, 14472.00, 14324.00, 14435.00, 14408.75, 14392.41, 258, 37.13, 99, 188, 72.87
SGBJUN31I, GB, 05-Aug-2026, 14475.00, 14547.37, 14657.69, 14445.00, 14619.00, 14590.59, 14578.80, 538, 78.43, 115, 376, 69.89
SGBMAR28X, GB, 05-Aug-2026, 14121.00, 15173.00, 15173.00, 14251.00, 14400.00, 14403.84, 14361.18, 102, 14.65, 18, 77, 75.49
SGBMAR30X, GB, 05-Aug-2026, 14276.00, 14225.00, 14499.94, 14225.00, 14400.98, 14376.81, 14359.20, 241, 34.61, 73, 136, 56.43
SGBMAR31IV, GB, 05-Aug-2026, 14414.00, 14550.00, 14661.99, 14525.77, 14565.00, 14565.00, 14580.11, 204, 29.74, 63, 158, 77.45
SGBMAY28, GB, 05-Aug-2026, 14131.00, 14135.01, 14350.00, 14135.01, 14306.01, 14306.01, 14315.36, 126, 18.04, 32, 107, 84.92
SGBMAY29I, GB, 05-Aug-2026, 14152.45, 14163.56, 14450.01, 14163.56, 14325.02, 14323.10, 14328.00, 661, 94.71, 158, 439, 66.41
SGBMR29XII, GB, 05-Aug-2026, 14190.97, 14250.00, 14465.00, 14250.00, 14400.00, 14400.00, 14390.39, 121, 17.41, 19, 94, 77.69
SGBN28VIII, GB, 05-Aug-2026, 14155.43, 14173.56, 14390.00, 14173.56, 14320.01, 14325.56, 14339.03, 123, 17.64, 41, 89, 72.36
SGBNV29VII, GB, 05-Aug-2026, 14160.98, 14105.00, 14369.00, 14105.00, 14345.00, 14327.58, 14292.24, 123, 17.58, 43, 110, 89.43
SGBOC28VII, GB, 05-Aug-2026, 14140.89, 14229.71, 14396.41, 14222.50, 14331.00, 14331.00, 14312.74, 194, 27.77, 35, 179, 92.27
SGBOCT26, GB, 05-Aug-2026, 14150.00, 14210.00, 14333.00, 14210.00, 14333.00, 14333.00, 14297.86, 14, 2.00, 7, 9, 64.29
SGBOCT27, GB, 05-Aug-2026, 14061.00, 14364.99, 14364.99, 14275.00, 14275.00, 14275.00, 14358.56, 14, 2.01, 5, 14, 100.00
SGBOCT27VI, GB, 05-Aug-2026, 14100.00, 14115.11, 14339.90, 14115.11, 14330.00, 14330.00, 14264.37, 30, 4.28, 7, 21, 70.00
SGBSEP27, GB, 05-Aug-2026, 14085.12, 14300.00, 14400.00, 14300.00, 14400.00, 14399.97, 14391.30, 410, 59.00, 26, 407, 99.27
SGBSEP28VI, GB, 05-Aug-2026, 14200.00, 14250.00, 14410.00, 14250.00, 14400.00, 14398.21, 14360.98, 270, 38.77, 48, 239, 88.52
SGBSEP29VI, GB, 05-Aug-2026, 14173.25, 14251.00, 14451.00, 14251.00, 14405.00, 14402.18, 14364.62, 266, 38.21, 48, 219, 82.33
SGBSEP31II, GB, 05-Aug-2026, 14483.67, 14526.00, 14674.99, 14508.01, 14649.99, 14615.67, 14604.91, 772, 112.75, 183, 496, 64.25
SGFIN, EQ, 05-Aug-2026, 705.90, 712.90, 727.45, 686.50, 695.00, 694.25, 701.69, 376560, 2642.30, 14209, 159219, 42.28
SGIL, EQ, 05-Aug-2026, 595.10, 604.05, 604.05, 596.65, 600.00, 600.65, 600.73, 2684, 16.12, 103, 2042, 76.08
SGL, EQ, 05-Aug-2026, 9.85, 9.90, 9.90, 9.73, 9.78, 9.77, 9.82, 2735, 0.27, 24, 2140, 78.24
SGMART, EQ, 05-Aug-2026, 718.80, 720.10, 725.10, 705.85, 709.10, 709.50, 716.53, 329583, 2361.55, 13821, 172448, 52.32
SHADOWFAX, EQ, 05-Aug-2026, 248.15, 249.68, 253.25, 242.16, 243.00, 243.51, 247.93, 5016858, 12438.51, 63370, 2328904, 46.42
SHAH, EQ, 05-Aug-2026, 4.01, 4.05, 4.13, 3.85, 3.96, 3.92, 4.01, 7715821, 309.11, 7638, 3647096, 47.27
SHAHALLOYS, EQ, 05-Aug-2026, 67.40, 65.50, 71.19, 65.50, 70.50, 70.26, 70.14, 13184, 9.25, 115, 11408, 86.53
SHAILY, EQ, 05-Aug-2026, 3075.70, 3075.90, 3195.00, 3075.90, 3160.00, 3176.20, 3149.18, 245017, 7716.02, 22978, 128678, 52.52
SHAKTIPUMP, EQ, 05-Aug-2026, 519.40, 522.00, 524.50, 517.50, 518.35, 518.70, 519.94, 281651, 1464.43, 10107, 137450, 48.80
SHALBY, EQ, 05-Aug-2026, 165.04, 165.91, 168.99, 161.50, 162.65, 162.27, 163.35, 120518, 196.86, 2124, 85510, 70.95
SHALPAINTS, EQ, 05-Aug-2026, 82.54, 82.50, 87.00, 81.11, 86.00, 86.19, 84.81, 2484740, 2107.33, 16293, 853123, 34.33
SHANKARA, EQ, 05-Aug-2026, 144.74, 145.60, 145.60, 142.00, 142.20, 142.70, 142.96, 526116, 752.12, 2353, 371359, 70.59
SHANTHALA, SM, 05-Aug-2026, 17.25, 17.25, 18.90, 17.25, 18.80, 18.80, 18.61, 16800, 3.13, 9, 16800, 100.00
SHANTI, EQ, 05-Aug-2026, 6.91, 7.15, 7.15, 6.76, 6.90, 6.88, 6.93, 3406, 0.24, 33, 2060, 60.48
SHANTIGEAR, EQ, 05-Aug-2026, 409.50, 410.00, 419.95, 409.50, 419.90, 418.55, 415.37, 14330, 59.52, 919, 7470, 52.13
SHANTIGOLD, EQ, 05-Aug-2026, 218.05, 220.99, 220.99, 216.11, 218.00, 216.95, 218.38, 259929, 567.64, 3475, 148300, 57.05
SHARDACROP, EQ, 05-Aug-2026, 840.65, 848.00, 848.60, 820.10, 823.00, 822.90, 828.54, 232322, 1924.88, 14917, 133219, 57.34
SHARDAMOTR, EQ, 05-Aug-2026, 887.95, 897.00, 907.50, 890.20, 899.55, 901.35, 902.45, 44405, 400.73, 3889, 27970, 62.99
SHARDUL, BE, 05-Aug-2026, 45.66, 45.66, 47.88, 43.38, 44.50, 43.56, 44.16, 35476, 15.67, 162, -, -
SHAREINDIA, EQ, 05-Aug-2026, 176.08, 178.00, 179.70, 175.29, 177.00, 177.07, 176.79, 665999, 1177.39, 5522, 287764, 43.21
SHARIABEES, EQ, 05-Aug-2026, 473.86, 475.96, 478.97, 473.86, 475.99, 475.14, 475.30, 6379, 30.32, 450, 3399, 53.28
SHBAJRG, EQ, 05-Aug-2026, 187.13, 188.00, 191.50, 183.00, 183.60, 183.58, 185.66, 1165, 2.16, 59, 960, 82.40
SHEETAL, SM, 05-Aug-2026, 315.15, 318.30, 341.00, 318.30, 337.00, 336.35, 325.93, 7000, 22.81, 11, 6500, 92.86
SHEKHAWATI, EQ, 05-Aug-2026, 14.29, 14.00, 14.65, 13.91, 13.94, 13.94, 14.10, 20141, 2.84, 78, 14328, 71.14
SHEMAROO, BE, 05-Aug-2026, 116.43, 114.00, 118.88, 114.00, 118.88, 118.35, 117.03, 8878, 10.39, 69, -, -
SHERA, ST, 05-Aug-2026, 165.00, 165.00, 169.40, 165.00, 166.00, 166.00, 167.57, 20000, 33.51, 20, 19000, 95.00
SHETHJI, ST, 05-Aug-2026, 155.15, 157.50, 162.90, 154.10, 162.90, 161.30, 157.42, 50000, 78.71, 24, 48000, 96.00
SHIGAN, SM, 05-Aug-2026, 62.60, 62.60, 63.95, 62.60, 63.95, 63.90, 63.74, 10500, 6.69, 7, 9000, 85.71
SHILCTECH, EQ, 05-Aug-2026, 4663.70, 4665.00, 4700.00, 4460.00, 4485.00, 4480.40, 4552.14, 37194, 1693.12, 9739, 19136, 51.45
SHILPAMED, EQ, 05-Aug-2026, 644.65, 650.00, 753.85, 636.85, 728.00, 721.75, 714.35, 16598958, 118575.05, 330779, 2155105, 12.98
SHINDL, EQ, 05-Aug-2026, 159.74, 159.51, 160.98, 159.00, 159.09, 159.90, 159.85, 77474, 123.85, 342, 4356, 5.62
SHIVALIK, BE, 05-Aug-2026, 248.05, 251.80, 254.00, 242.40, 253.00, 252.21, 249.71, 49286, 123.07, 230, -, -
SHIVAMAUTO, BE, 05-Aug-2026, 17.99, 18.33, 18.34, 18.00, 18.00, 18.00, 18.18, 13281, 2.41, 42, -, -
SHIVAMILLS, BE, 05-Aug-2026, 62.96, 60.05, 62.70, 60.00, 62.70, 62.36, 61.39, 2254, 1.38, 20, -, -
SHIVASHRIT, SM, 05-Aug-2026, 128.75, 129.50, 129.50, 128.00, 128.65, 128.85, 128.88, 46000, 59.28, 13, 45000, 97.83
SHIVATEX, EQ, 05-Aug-2026, 163.14, 163.14, 168.00, 160.00, 168.00, 167.09, 161.86, 3483, 5.64, 40, 3445, 98.91
SHIVAUM, EQ, 05-Aug-2026, 419.75, 422.00, 436.95, 422.00, 425.00, 424.75, 428.25, 2267, 9.71, 138, 1019, 44.95
SHK, EQ, 05-Aug-2026, 165.77, 165.80, 168.74, 164.97, 167.97, 166.86, 166.86, 382548, 638.34, 5704, 190992, 49.93
SHKSIL, SM, 05-Aug-2026, 40.00, 42.00, 42.00, 42.00, 42.00, 42.00, 42.00, 2000, 0.84, 1, 2000, 100.00
SHOPERSTOP, EQ, 05-Aug-2026, 406.85, 408.00, 416.00, 401.35, 401.35, 406.05, 411.20, 40491, 166.50, 2131, 19161, 47.32
SHRADHA, EQ, 05-Aug-2026, 33.82, 33.82, 34.49, 33.80, 34.44, 34.37, 34.21, 23680, 8.10, 176, 13536, 57.16
SHREDIGCEM, EQ, 05-Aug-2026, 72.55, 72.55, 73.16, 72.10, 72.10, 72.23, 72.53, 30868, 22.39, 590, 19109, 61.91
SHREECEM, EQ, 05-Aug-2026, 26900.00, 27010.00, 27550.00, 26730.00, 26900.00, 26900.00, 27149.32, 19392, 5264.80, 10177, 6619, 34.13
SHREEDHAR, SM, 05-Aug-2026, 121.65, 123.00, 128.00, 100.00, 100.00, 101.60, 108.44, 270000, 292.79, 114, 150000, 55.56
SHREEJISPG, EQ, 05-Aug-2026, 660.55, 664.70, 667.15, 660.10, 663.75, 661.75, 663.52, 408225, 2708.66, 3908, 201764, 49.42
SHREEKARNI, SM, 05-Aug-2026, 408.70, 406.00, 406.00, 403.05, 406.00, 405.95, 405.63, 1200, 4.87, 7, 1050, 87.50
SHREEOSFM, SM, 05-Aug-2026, 58.80, 57.00, 57.00, 57.00, 57.00, 57.00, 57.00, 2000, 1.14, 2, 2000, 100.00
SHREEPUSHK, EQ, 05-Aug-2026, 421.95, 426.00, 426.00, 411.00, 411.00, 416.45, 415.26, 22758, 94.51, 1358, 12866, 56.53
SHREERAMA, EQ, 05-Aug-2026, 38.29, 39.00, 39.50, 38.05, 38.68, 38.35, 38.47, 58366, 22.45, 599, 33977, 58.21
SHRENIK, BZ, 05-Aug-2026, 0.34, 0.34, 0.35, 0.34, 0.35, 0.34, 0.35, 285139, 0.98, 157, -, -
SHREYANIND, EQ, 05-Aug-2026, 140.85, 140.85, 143.43, 140.85, 142.75, 142.56, 142.58, 2651, 3.78, 75, 2176, 82.08
SHRIAHIMSA, ST, 05-Aug-2026, 389.00, 390.00, 399.00, 386.50, 390.00, 390.00, 390.98, 12600, 49.26, 20, 11400, 90.48
SHRIKANHA, SM, 05-Aug-2026, 22.30, 21.50, 21.50, 21.50, 21.50, 21.50, 21.50, 1600, 0.34, 1, 1600, 100.00
SHRIKRISH, EQ, 05-Aug-2026, 40.25, 44.90, 44.90, 41.00, 42.20, 42.29, 43.87, 1267, 0.56, 46, 966, 76.24
SHRINGARMS, EQ, 05-Aug-2026, 232.28, 233.50, 236.37, 230.00, 232.45, 231.48, 233.49, 812722, 1897.63, 5557, 245738, 30.24
SHRIPISTON, EQ, 05-Aug-2026, 4402.70, 4288.00, 4532.80, 4212.10, 4402.50, 4440.80, 4440.47, 134172, 5957.87, 20066, 57043, 42.51
SHRIRAMFIN, EQ, 05-Aug-2026, 1087.30, 1097.70, 1122.40, 1092.70, 1122.40, 1122.40, 1105.19, 6684889, 73880.46, 91796, 3791302, 56.71
SHRIRAMPPS, EQ, 05-Aug-2026, 84.67, 84.75, 86.16, 84.75, 85.00, 85.15, 85.47, 235204, 201.03, 2340, 114910, 48.86
SHUBHSHREE, SM, 05-Aug-2026, 345.00, 380.00, 380.00, 350.05, 355.00, 354.95, 357.06, 3000, 10.71, 10, 1800, 60.00
SHYAMCENT, BE, 05-Aug-2026, 5.30, 5.49, 5.56, 5.14, 5.49, 5.41, 5.38, 89845, 4.83, 146, -, -
SHYAMDHANI, ST, 05-Aug-2026, 56.70, 59.50, 59.50, 58.00, 59.25, 59.25, 59.15, 20000, 11.83, 10, 20000, 100.00
SHYAMMETL, EQ, 05-Aug-2026, 1019.80, 1028.80, 1031.00, 1020.30, 1028.60, 1029.60, 1025.83, 518701, 5321.00, 9836, 147822, 28.50
SHYAMTEL, BE, 05-Aug-2026, 16.45, 15.66, 16.19, 15.63, 15.80, 15.80, 15.66, 4012, 0.63, 49, -, -
SICAGEN, EQ, 05-Aug-2026, 49.73, 49.21, 52.50, 49.12, 51.70, 51.51, 51.13, 10154, 5.19, 91, 8577, 84.47
SICALLOG, BE, 05-Aug-2026, 101.57, 97.00, 105.00, 96.50, 103.50, 99.77, 97.61, 124767, 121.78, 464, -, -
SIDDHICOTS, SM, 05-Aug-2026, 27.80, 27.45, 28.55, 26.95, 28.55, 28.55, 27.13, 19200, 5.21, 11, 18000, 93.75
SIDDHIKA, SM, 05-Aug-2026, 205.10, 208.00, 215.35, 208.00, 215.35, 215.35, 213.13, 6500, 13.85, 10, 6500, 100.00
SIEMENS, EQ, 05-Aug-2026, 4000.50, 4035.00, 4069.90, 3955.00, 3980.00, 3980.00, 4004.82, 355546, 14238.96, 28113, 149735, 42.11
SIGACHI, BE, 05-Aug-2026, 26.38, 26.00, 26.25, 25.50, 25.92, 25.66, 25.90, 547339, 141.78, 1341, -, -
SIGIND, EQ, 05-Aug-2026, 56.96, 58.57, 62.15, 57.80, 61.90, 61.40, 60.41, 160438, 96.92, 1262, 108873, 67.86
SIGMA, EQ, 05-Aug-2026, 48.09, 47.70, 48.00, 46.12, 47.50, 47.45, 47.40, 239575, 113.55, 1949, 155837, 65.05
SIGMAADV, BE, 05-Aug-2026, 686.80, 685.70, 721.00, 656.80, 704.00, 704.50, 699.77, 392220, 2744.66, 5989, -, -
SIGNATURE, EQ, 05-Aug-2026, 818.35, 827.90, 833.00, 811.05, 812.00, 813.70, 824.62, 198824, 1639.55, 5044, 17498, 8.80
SIGNORIA, ST, 05-Aug-2026, 154.90, 160.00, 162.60, 160.00, 162.60, 162.60, 162.10, 17000, 27.56, 17, 15000, 88.24
SIGNPOST, EQ, 05-Aug-2026, 274.00, 272.80, 280.00, 266.60, 266.60, 269.90, 273.07, 155790, 425.41, 5245, 72650, 46.63
SIKA, EQ, 05-Aug-2026, 1113.20, 1110.00, 1129.50, 1102.10, 1106.50, 1105.50, 1107.77, 18309, 202.82, 1674, 11619, 63.46
SIKKO, EQ, 05-Aug-2026, 5.30, 5.40, 5.45, 5.32, 5.38, 5.38, 5.38, 995025, 53.58, 639, 896884, 90.14
SIL, EQ, 05-Aug-2026, 16.90, 17.15, 17.15, 16.80, 17.04, 16.97, 16.95, 14212, 2.41, 169, 10516, 73.99
SILGO, EQ, 05-Aug-2026, 70.99, 70.99, 71.58, 68.30, 68.30, 68.97, 69.81, 129300, 90.27, 838, 11392, 8.81
SILINV, EQ, 05-Aug-2026, 424.55, 424.55, 429.80, 420.10, 426.00, 428.35, 426.57, 1265, 5.40, 71, 1034, 81.74
SILKFLEX, ST, 05-Aug-2026, 200.05, 209.90, 209.90, 200.00, 200.00, 200.00, 204.54, 12000, 24.54, 12, 11000, 91.67
SILKY, SM, 05-Aug-2026, 75.90, 79.95, 79.95, 71.50, 73.00, 73.00, 72.31, 172800, 124.96, 14, 170400, 98.61
SILLYMONKS, EQ, 05-Aug-2026, 15.38, 15.89, 17.20, 15.16, 16.46, 16.31, 16.49, 88577, 14.61, 424, 60187, 67.95
SILVER, EQ, 05-Aug-2026, 216.41, 219.02, 223.22, 219.02, 222.25, 222.67, 221.54, 1269488, 2812.44, 10292, 488350, 38.47
SILVER1, EQ, 05-Aug-2026, 21.01, 21.31, 21.72, 21.31, 21.70, 21.67, 21.57, 8800330, 1897.85, 4864, 2973358, 33.79
SILVER360, EQ, 05-Aug-2026, 213.39, 213.39, 219.69, 213.39, 218.82, 218.86, 218.16, 22755, 49.64, 490, 16688, 73.34
SILVERADD, EQ, 05-Aug-2026, 208.73, 212.95, 215.57, 212.12, 214.21, 214.88, 214.38, 467750, 1002.78, 3741, 229418, 49.05
SILVERAG, EQ, 05-Aug-2026, 211.29, 213.00, 217.90, 213.00, 217.80, 217.34, 216.45, 289322, 626.25, 2569, 78612, 27.17
SILVERAXIS, EQ, 05-Aug-2026, 215.38, 218.49, 222.45, 218.49, 221.33, 221.80, 221.11, 428037, 946.41, 2650, 184435, 43.09
SILVERBEES, EQ, 05-Aug-2026, 207.35, 210.13, 214.08, 210.06, 213.40, 213.39, 212.68, 41478791, 88217.57, 89580, 15861074, 38.24
SILVERBETA, EQ, 05-Aug-2026, 209.33, 210.01, 216.04, 210.01, 214.90, 215.47, 214.46, 377411, 809.40, 4183, 158125, 41.90
SILVERBND, EQ, 05-Aug-2026, 217.74, 220.58, 224.33, 220.58, 223.12, 224.01, 223.12, 10935, 24.40, 176, 6103, 55.81
SILVERCASE, EQ, 05-Aug-2026, 21.96, 22.96, 22.96, 22.26, 22.63, 22.60, 22.49, 14559569, 3274.45, 8204, 6352580, 43.63
SILVERIETF, EQ, 05-Aug-2026, 216.30, 219.50, 226.55, 218.66, 222.30, 222.60, 221.64, 4727891, 10478.70, 21838, 1824330, 38.59
SILVERTUC, EQ, 05-Aug-2026, 193.54, 195.50, 195.51, 188.51, 191.00, 191.86, 191.18, 481752, 921.00, 6512, 210792, 43.76
SIMBHALS, BZ, 05-Aug-2026, 7.09, 7.22, 7.22, 6.80, 7.10, 7.00, 6.93, 15046, 1.04, 126, -, -
SIMCA, SM, 05-Aug-2026, 225.70, 226.80, 232.50, 220.65, 232.45, 229.85, 227.86, 34800, 79.30, 50, 27000, 77.59
SIMPLEXINF, EQ, 05-Aug-2026, 233.16, 233.16, 234.62, 231.03, 231.50, 232.16, 232.88, 10330, 24.06, 475, 5723, 55.40
SINCLAIR, EQ, 05-Aug-2026, 74.03, 74.54, 75.49, 73.05, 74.32, 74.77, 74.22, 22966, 17.05, 453, 12171, 53.00
SINDHUTRAD, EQ, 05-Aug-2026, 24.37, 24.44, 25.00, 23.00, 24.70, 24.64, 24.31, 993012, 241.40, 2108, 548990, 55.29
SINGERIND, EQ, 05-Aug-2026, 65.30, 65.99, 68.12, 64.81, 66.20, 65.88, 66.70, 45982, 30.67, 915, 30120, 65.50
SINTERCOM, EQ, 05-Aug-2026, 82.66, 84.00, 85.00, 82.10, 83.97, 82.85, 83.29, 64740, 53.92, 142, 62074, 95.88
SIRCA, EQ, 05-Aug-2026, 437.00, 438.85, 447.40, 436.30, 441.50, 443.35, 442.86, 424454, 1879.73, 5459, 129328, 30.47
SIS, EQ, 05-Aug-2026, 430.05, 430.05, 434.00, 425.45, 431.15, 430.55, 431.03, 91748, 395.46, 4842, 57014, 62.14
SITINET, BZ, 05-Aug-2026, 0.31, 0.31, 0.32, 0.31, 0.32, 0.31, 0.31, 256610, 0.81, 182, -, -
SIYSIL, EQ, 05-Aug-2026, 622.90, 625.00, 636.90, 625.00, 625.00, 628.00, 631.66, 55413, 350.02, 2551, 32128, 57.98
SJLOGISTIC, SM, 05-Aug-2026, 318.20, 325.80, 332.00, 320.00, 322.00, 322.45, 324.92, 34250, 111.29, 100, 24250, 70.80
SJS, EQ, 05-Aug-2026, 2432.40, 2429.80, 2543.10, 2425.10, 2500.70, 2510.30, 2506.03, 262138, 6569.26, 25015, 125484, 47.87
SJVN, EQ, 05-Aug-2026, 69.00, 69.62, 69.88, 68.55, 68.92, 69.11, 69.11, 1577078, 1089.91, 12519, 666440, 42.26
SKFINDIA, EQ, 05-Aug-2026, 1493.30, 1494.00, 1544.00, 1494.00, 1498.00, 1509.90, 1517.14, 81562, 1237.41, 5387, 56742, 69.57
SKFINDUS, EQ, 05-Aug-2026, 2771.90, 2767.10, 2802.00, 2692.20, 2705.00, 2728.90, 2728.78, 40641, 1109.00, 7530, 21797, 53.63
SKIPPER, EQ, 05-Aug-2026, 546.35, 549.00, 554.00, 541.00, 548.05, 548.50, 547.54, 406318, 2224.74, 13768, 158145, 38.92
SKMEGGPROD, EQ, 05-Aug-2026, 240.14, 241.89, 243.68, 229.50, 231.50, 230.74, 234.17, 745417, 1745.56, 12262, 367499, 49.30
SKP, SM, 05-Aug-2026, 165.00, 162.05, 162.60, 162.00, 162.60, 162.60, 162.22, 1500, 2.43, 3, 1000, 66.67
SKYGOLD, EQ, 05-Aug-2026, 675.50, 684.55, 691.95, 675.05, 679.35, 678.60, 683.39, 550331, 3760.92, 15734, 282215, 51.28
SLONE, ST, 05-Aug-2026, 137.00, 137.00, 137.00, 137.00, 137.00, 137.00, 137.00, 800, 1.10, 1, 800, 100.00
SMALL250, EQ, 05-Aug-2026, 18.26, 18.63, 18.63, 18.31, 18.37, 18.40, 18.40, 607918, 111.84, 1172, 528605, 86.95
SMALLADD, EQ, 05-Aug-2026, 18.25, 18.29, 18.47, 18.29, 18.41, 18.46, 18.41, 37184, 6.85, 287, 31205, 83.92
SMALLCAP, EQ, 05-Aug-2026, 47.61, 47.64, 48.19, 47.57, 48.07, 48.09, 48.06, 2530180, 1215.96, 3784, 1364438, 53.93
SMALLGROWW, EQ, 05-Aug-2026, 47.73, 47.83, 48.50, 47.83, 48.50, 48.38, 48.11, 12269, 5.90, 87, 10282, 83.80
SMALLIETF, EQ, 05-Aug-2026, 18.24, 18.24, 18.41, 18.24, 18.30, 18.32, 18.35, 52237, 9.58, 120, 38439, 73.59
SMARTEN, ST, 05-Aug-2026, 53.15, 52.00, 53.85, 51.50, 53.00, 53.00, 52.85, 33600, 17.76, 14, 33600, 100.00
SMARTLINK, BE, 05-Aug-2026, 220.94, 231.98, 231.98, 223.00, 230.00, 230.59, 230.10, 15628, 35.96, 189, -, -
SMARTWORKS, EQ, 05-Aug-2026, 476.65, 475.45, 481.60, 468.00, 473.95, 472.00, 474.80, 37493, 178.02, 3951, 19025, 50.74
SMCGLOBAL, EQ, 05-Aug-2026, 79.46, 79.46, 81.80, 78.00, 79.00, 79.80, 79.50, 1232169, 979.61, 2999, 844641, 68.55
SML100CASE, EQ, 05-Aug-2026, 11.17, 11.17, 11.39, 9.01, 11.22, 11.22, 11.19, 2442090, 273.21, 1741, 1682603, 68.90
SMLMAH, EQ, 05-Aug-2026, 5425.00, 5410.00, 5967.50, 5410.00, 5808.00, 5917.50, 5855.24, 517639, 30309.00, 45665, 161473, 31.19
SMLT, EQ, 05-Aug-2026, 70.08, 70.78, 71.49, 68.52, 70.00, 70.04, 70.21, 5310, 3.73, 199, 3019, 56.85
SMSPHARMA, EQ, 05-Aug-2026, 363.50, 367.00, 368.90, 360.50, 363.50, 364.55, 363.17, 141953, 515.52, 3273, 77821, 54.82
SNEHAA, SM, 05-Aug-2026, 46.00, 46.95, 46.95, 45.00, 45.00, 45.00, 45.59, 9000, 4.10, 8, 7000, 77.78
SNOWMAN, EQ, 05-Aug-2026, 39.43, 40.70, 43.40, 38.88, 40.52, 40.57, 41.73, 3124951, 1304.06, 17941, 662213, 21.19
SNXT30BEES, EQ, 05-Aug-2026, 43.68, 43.47, 44.15, 43.40, 44.15, 43.61, 43.79, 33319, 14.59, 88, 15904, 47.73
SNXT50BETA, EQ, 05-Aug-2026, 95.86, 96.00, 96.92, 95.95, 96.22, 96.22, 96.64, 3249, 3.14, 99, 3144, 96.77
SOBHA, EQ, 05-Aug-2026, 1358.40, 1366.40, 1390.00, 1350.00, 1356.90, 1361.00, 1374.94, 95666, 1315.35, 8939, 29681, 31.03
SOCL, SM, 05-Aug-2026, 25.75, 27.00, 27.00, 26.50, 26.50, 26.50, 26.83, 4800, 1.29, 3, 4800, 100.00
SOFTTECH, BE, 05-Aug-2026, 428.45, 425.00, 435.00, 416.00, 417.05, 417.05, 425.10, 1623, 6.90, 24, -, -
SOLARA, EQ, 05-Aug-2026, 520.65, 523.95, 523.95, 511.20, 514.15, 514.65, 514.46, 83612, 430.15, 2785, 52698, 63.03
SOLARINDS, EQ, 05-Aug-2026, 18700.00, 18800.00, 18910.00, 17816.00, 18400.00, 18400.00, 18577.13, 68056, 12642.85, 17063, 27489, 40.39
SOLARWORLD, EQ, 05-Aug-2026, 169.72, 171.20, 172.90, 167.00, 167.40, 167.66, 169.45, 500722, 848.46, 8524, 238493, 47.63
SOLEX, EQ, 05-Aug-2026, 925.75, 941.55, 941.55, 920.05, 921.75, 923.75, 926.87, 11842, 109.76, 1181, 6799, 57.41
SOMANYCERA, EQ, 05-Aug-2026, 509.30, 511.80, 512.00, 494.00, 497.05, 500.30, 499.85, 55179, 275.81, 4226, 38578, 69.91
SOMATEX, EQ, 05-Aug-2026, 95.90, 95.90, 98.18, 95.90, 97.48, 97.14, 97.02, 2962, 2.87, 109, 1672, 56.45
SOMICONVEY, EQ, 05-Aug-2026, 94.76, 92.30, 96.48, 92.30, 95.00, 93.88, 94.40, 13667, 12.90, 658, 5840, 42.73
SONACOMS, EQ, 05-Aug-2026, 787.00, 790.00, 822.90, 785.05, 814.60, 814.60, 811.01, 3622373, 29377.72, 65090, 1460993, 40.33
SONAL, EQ, 05-Aug-2026, 88.01, 88.01, 88.01, 87.99, 87.99, 88.00, 88.01, 113, 0.10, 11, 112, 99.12
SONAMAC, SM, 05-Aug-2026, 36.00, 36.15, 36.15, 36.00, 36.00, 36.00, 36.04, 4000, 1.44, 4, 4000, 100.00
SONAMLTD, EQ, 05-Aug-2026, 54.17, 55.24, 55.49, 54.24, 54.80, 54.57, 54.76, 8143, 4.46, 293, 4046, 49.69
SONATSOFTW, EQ, 05-Aug-2026, 350.30, 351.00, 359.50, 335.10, 337.00, 337.50, 346.23, 1907178, 6603.13, 31950, 640614, 33.59
SONUINFRA, ST, 05-Aug-2026, 40.00, 40.00, 42.00, 38.00, 42.00, 42.00, 39.04, 25500, 9.96, 14, 24000, 94.12
SOTL, EQ, 05-Aug-2026, 643.00, 652.00, 685.90, 640.00, 675.10, 679.00, 672.44, 862125, 5797.24, 27244, 290843, 33.74
SOUTHBANK, EQ, 05-Aug-2026, 46.86, 47.18, 47.40, 46.80, 46.99, 46.92, 47.08, 4470613, 2104.69, 19446, 1848512, 41.35
SOUTHWEST, EQ, 05-Aug-2026, 235.88, 236.00, 238.06, 233.00, 233.00, 234.68, 234.76, 97673, 229.30, 2921, 52414, 53.66
SPAL, EQ, 05-Aug-2026, 1032.40, 1041.00, 1059.80, 1022.95, 1042.95, 1052.20, 1048.81, 102305, 1072.99, 9514, 37717, 36.87
SPANDANA, EQ, 05-Aug-2026, 256.55, 258.40, 262.00, 256.15, 258.00, 260.50, 259.19, 148193, 384.10, 3587, 70328, 47.46
SPARC, EQ, 05-Aug-2026, 207.27, 209.95, 220.87, 206.50, 218.25, 218.35, 214.49, 2190736, 4698.92, 24754, 993646, 45.36
SPCENET, EQ, 05-Aug-2026, 3.47, 3.50, 3.53, 3.47, 3.52, 3.49, 3.50, 235917, 8.26, 390, 204414, 86.65
SPCL, SM, 05-Aug-2026, 65.20, 64.90, 67.05, 64.90, 66.90, 66.90, 66.42, 15000, 9.96, 23, 9600, 64.00
SPCON, SM, 05-Aug-2026, 127.10, 131.85, 139.65, 128.00, 139.65, 139.65, 132.94, 8400, 11.17, 7, 8400, 100.00
SPECIALITY, EQ, 05-Aug-2026, 139.46, 142.55, 144.69, 134.16, 142.00, 142.03, 138.87, 316963, 440.15, 3130, 136826, 43.17
SPECTRUM, EQ, 05-Aug-2026, 2552.10, 2552.10, 2570.70, 2500.00, 2517.00, 2514.20, 2537.88, 11380, 288.81, 1988, 5170, 45.43
SPECTSTM, SM, 05-Aug-2026, 62.75, 60.15, 65.85, 60.15, 65.85, 65.85, 62.04, 38400, 23.82, 26, 35200, 91.67
SPENCERS, EQ, 05-Aug-2026, 32.20, 33.15, 33.15, 32.05, 33.00, 32.84, 32.56, 47909, 15.60, 781, 19179, 40.03
SPIC, EQ, 05-Aug-2026, 68.09, 68.12, 68.68, 67.39, 68.60, 68.29, 68.09, 205022, 139.59, 2150, 111464, 54.37
SPLIL, EQ, 05-Aug-2026, 31.24, 31.39, 31.99, 30.50, 31.50, 31.60, 31.43, 10922, 3.43, 74, 7653, 70.07
SPLPETRO, EQ, 05-Aug-2026, 716.80, 721.00, 722.15, 703.95, 704.35, 706.00, 710.82, 63184, 449.12, 4104, 35964, 56.92
SPMLINFRA, EQ, 05-Aug-2026, 194.25, 195.46, 198.33, 194.20, 196.50, 196.59, 196.34, 118670, 233.00, 2208, 63266, 53.31
SPORTKING, EQ, 05-Aug-2026, 217.51, 220.77, 221.75, 206.85, 210.36, 210.24, 210.45, 936556, 1970.95, 13453, 438066, 46.77
SPUNWEB, SM, 05-Aug-2026, 100.00, 100.05, 100.50, 100.05, 100.50, 100.50, 100.28, 2400, 2.41, 2, 1200, 50.00
SRD, EQ, 05-Aug-2026, 38.68, 39.99, 39.99, 37.90, 38.00, 38.16, 38.45, 34759, 13.37, 260, 20042, 57.66
SREEL, EQ, 05-Aug-2026, 212.61, 213.00, 218.89, 213.00, 213.23, 214.78, 214.81, 4877, 10.48, 284, 2752, 56.43
SRF, EQ, 05-Aug-2026, 2642.30, 2646.30, 2649.00, 2618.00, 2639.70, 2639.70, 2630.17, 241199, 6343.95, 21720, 130079, 53.93
SRGHFL, EQ, 05-Aug-2026, 294.45, 292.15, 299.80, 285.10, 286.15, 290.00, 291.95, 10386, 30.32, 209, 4129, 39.76
SRHHYPOLTD, EQ, 05-Aug-2026, 486.70, 489.80, 495.20, 485.60, 492.80, 488.15, 489.70, 3157, 15.46, 281, 2349, 74.41
SRIVASAVI, ST, 05-Aug-2026, 83.80, 83.85, 85.60, 83.85, 84.05, 84.05, 84.35, 4000, 3.37, 4, 3000, 75.00
SRM, EQ, 05-Aug-2026, 509.85, 517.80, 517.80, 508.00, 511.35, 510.55, 513.36, 73020, 374.85, 1804, 40804, 55.88
SRTL, EQ, 05-Aug-2026, 40.39, 40.89, 40.89, 40.10, 40.45, 40.33, 40.36, 16991, 6.86, 299, 9887, 58.19
SSDL, EQ, 05-Aug-2026, 54.91, 53.65, 55.04, 53.65, 54.38, 54.38, 54.36, 11706, 6.36, 779, 5110, 43.65
SSEGL, SM, 05-Aug-2026, 356.60, 358.00, 358.00, 348.05, 355.00, 355.60, 354.21, 15600, 55.26, 62, 11800, 75.64
SSFL, ST, 05-Aug-2026, 256.35, 252.45, 259.50, 246.00, 253.05, 253.05, 253.84, 13000, 33.00, 18, 11500, 88.46
SSFLPP, E1, 05-Aug-2026, 138.20, 138.20, 140.00, 134.90, 135.10, 135.25, 135.50, 7305, 9.90, 64, 7253, 99.29
SSWL, EQ, 05-Aug-2026, 316.50, 317.85, 322.00, 314.55, 320.50, 319.95, 319.57, 716663, 2290.26, 10671, 387768, 54.11
STALLION, EQ, 05-Aug-2026, 268.55, 271.20, 274.10, 263.30, 269.40, 267.95, 268.13, 1776246, 4762.71, 19905, 493792, 27.80
STANLEY, EQ, 05-Aug-2026, 155.05, 157.33, 157.66, 154.00, 154.15, 154.38, 154.87, 45181, 69.97, 1828, 25446, 56.32
STAR, EQ, 05-Aug-2026, 994.60, 994.50, 994.50, 963.00, 966.40, 970.40, 975.14, 374889, 3655.70, 21299, 205365, 54.78
STARCEMENT, EQ, 05-Aug-2026, 203.72, 203.50, 204.90, 203.50, 204.39, 204.55, 204.31, 83402, 170.40, 1440, 51705, 61.99
STARHEALTH, EQ, 05-Aug-2026, 587.70, 587.70, 597.35, 583.10, 589.00, 588.10, 589.16, 453915, 2674.29, 35862, 265765, 58.55
STARPAPER, EQ, 05-Aug-2026, 152.00, 151.17, 152.58, 150.00, 150.00, 150.81, 150.95, 11099, 16.75, 151, 8413, 75.80
STARTECK, EQ, 05-Aug-2026, 256.65, 263.75, 263.75, 254.00, 254.50, 256.35, 260.85, 3696, 9.64, 75, 96, 2.60
STCINDIA, EQ, 05-Aug-2026, 119.27, 120.30, 121.00, 119.12, 119.42, 119.57, 119.97, 25106, 30.12, 509, 10277, 40.93
STEELCAS, EQ, 05-Aug-2026, 339.05, 345.20, 345.50, 328.10, 339.00, 337.00, 338.26, 140868, 476.50, 7325, 86237, 61.22
STEELCITY, EQ, 05-Aug-2026, 86.52, 86.52, 87.80, 83.15, 83.31, 84.44, 85.40, 61380, 52.42, 641, 39615, 64.54
STEELXIND, EQ, 05-Aug-2026, 11.26, 11.26, 11.66, 11.25, 11.50, 11.52, 11.47, 1795898, 205.99, 2634, 923744, 51.44
STEL, EQ, 05-Aug-2026, 561.90, 563.45, 566.95, 555.30, 556.25, 559.05, 564.02, 508, 2.87, 101, 369, 72.64
STERTOOLS, BE, 05-Aug-2026, 251.65, 252.90, 264.00, 249.00, 249.00, 251.90, 259.01, 121875, 315.67, 1058, -, -
STLNETWORK, BE, 05-Aug-2026, 24.36, 24.40, 24.57, 24.03, 24.18, 24.14, 24.29, 386003, 93.75, 849, -, -
STLTECH, BE, 05-Aug-2026, 604.45, 618.60, 634.65, 610.00, 634.65, 634.65, 632.09, 1534737, 9700.92, 11386, -, -
STOVEKRAFT, EQ, 05-Aug-2026, 759.85, 763.50, 786.00, 750.55, 758.00, 756.00, 769.38, 220402, 1695.73, 8742, 102581, 46.54
STRIDERS, SM, 05-Aug-2026, 62.85, 62.70, 64.95, 62.00, 62.00, 62.00, 63.03, 27200, 17.14, 9, 22400, 82.35
STUDDS, EQ, 05-Aug-2026, 445.60, 451.95, 451.95, 438.50, 440.00, 439.50, 441.35, 51459, 227.11, 1964, 33454, 65.01
STUDIOLSD, SM, 05-Aug-2026, 8.95, 8.10, 8.95, 8.10, 8.65, 8.65, 8.31, 122000, 10.14, 48, 84000, 68.85
STYL, EQ, 05-Aug-2026, 361.70, 360.55, 368.95, 358.80, 360.30, 363.80, 363.48, 70827, 257.44, 2628, 34444, 48.63
STYLAMIND, EQ, 05-Aug-2026, 3523.00, 3545.40, 3551.90, 3430.00, 3454.30, 3465.90, 3504.85, 27805, 974.52, 6699, 13414, 48.24
STYLEBAAZA, BE, 05-Aug-2026, 277.30, 277.30, 291.15, 277.30, 291.15, 291.10, 290.07, 358034, 1038.56, 1744, -, -
STYRENIX, EQ, 05-Aug-2026, 2488.60, 2521.60, 2540.00, 2472.00, 2474.00, 2478.30, 2506.14, 118600, 2972.28, 9558, 68786, 58.00
SUBAHOTELS, SM, 05-Aug-2026, 109.15, 107.15, 123.50, 107.15, 118.10, 119.00, 117.45, 124800, 146.58, 89, 87600, 70.19
SUBEXLTD, BE, 05-Aug-2026, 13.49, 14.08, 14.16, 13.50, 13.85, 13.77, 14.02, 4872623, 683.26, 4545, -, -
SUBROS, EQ, 05-Aug-2026, 826.45, 835.00, 844.15, 822.80, 830.20, 829.50, 835.79, 73290, 612.55, 4403, 29691, 40.51
SUDARCOLOR, EQ, 05-Aug-2026, 377.75, 378.00, 390.00, 375.00, 382.40, 381.40, 382.31, 18588, 71.06, 1511, 11771, 63.33
SUDARSCHEM, EQ, 05-Aug-2026, 1047.20, 1052.00, 1090.50, 1052.00, 1088.00, 1084.50, 1074.79, 271539, 2918.47, 13742, 133135, 49.03
SUDEEPPHRM, EQ, 05-Aug-2026, 871.80, 818.40, 958.95, 801.40, 958.95, 958.95, 895.82, 1667917, 14941.55, 61765, 488866, 29.31
SUKHJITS, EQ, 05-Aug-2026, 165.31, 165.31, 166.99, 162.31, 163.00, 163.69, 164.68, 7117, 11.72, 219, 5002, 70.28
SULA, EQ, 05-Aug-2026, 163.12, 164.20, 174.50, 163.57, 171.00, 170.76, 170.24, 1357599, 2311.22, 15263, 560362, 41.28
SUMEETINDS, EQ, 05-Aug-2026, 20.13, 19.13, 19.13, 19.13, 19.13, 19.13, 19.13, 133592, 25.56, 376, 131941, 98.76
SUMICHEM, EQ, 05-Aug-2026, 511.90, 518.00, 518.00, 505.55, 508.25, 507.55, 512.14, 207102, 1060.65, 8291, 94908, 45.83
SUMIT, EQ, 05-Aug-2026, 55.85, 56.30, 57.50, 55.96, 57.00, 56.59, 56.62, 58528, 33.14, 588, 30424, 51.98
SUMMITSEC, EQ, 05-Aug-2026, 1540.10, 1559.80, 1581.10, 1515.10, 1526.50, 1531.10, 1530.81, 10109, 154.75, 946, 6494, 64.24
SUNCLAY, EQ, 05-Aug-2026, 1254.60, 1254.50, 1300.00, 1254.10, 1300.00, 1272.00, 1273.66, 4605, 58.65, 726, 2572, 55.85
SUNDARAM, EQ, 05-Aug-2026, 1.25, 1.25, 1.27, 1.24, 1.25, 1.25, 1.26, 474560, 5.97, 231, 329384, 69.41
SUNDARMFIN, EQ, 05-Aug-2026, 4779.30, 4818.90, 4835.00, 4600.00, 4690.00, 4736.00, 4753.71, 42017, 1997.36, 8852, 24919, 59.31
SUNDRMBRAK, BE, 05-Aug-2026, 775.00, 775.00, 794.50, 775.00, 778.00, 778.00, 779.54, 560, 4.37, 42, -, -
SUNDRMFAST, EQ, 05-Aug-2026, 992.85, 1039.00, 1048.90, 1014.40, 1036.00, 1030.45, 1026.37, 540321, 5545.68, 29803, 392793, 72.70
SUNDROP, EQ, 05-Aug-2026, 666.80, 666.80, 670.00, 661.45, 663.55, 665.50, 664.42, 9673, 64.27, 430, 7548, 78.03
SUNFLAG, EQ, 05-Aug-2026, 368.25, 370.50, 377.45, 364.90, 375.50, 375.30, 371.03, 380764, 1412.75, 7231, 239132, 62.80
SUNLITE, SM, 05-Aug-2026, 494.00, 494.00, 507.00, 488.00, 491.85, 490.90, 494.23, 22500, 111.20, 71, 13200, 58.67
SUNPHARMA, EQ, 05-Aug-2026, 1964.00, 1967.80, 1968.20, 1934.00, 1940.00, 1940.00, 1941.30, 2152829, 41792.79, 108744, 1452281, 67.46
SUNREST, SM, 05-Aug-2026, 36.30, 35.05, 40.00, 35.05, 40.00, 40.00, 38.39, 6400, 2.46, 4, 6400, 100.00
SUNTECH, ST, 05-Aug-2026, 33.65, 33.50, 34.20, 33.50, 34.20, 34.20, 33.97, 8000, 2.72, 4, 8000, 100.00
SUNTECK, EQ, 05-Aug-2026, 302.85, 305.85, 306.70, 300.55, 303.00, 302.45, 303.12, 177205, 537.15, 4387, 102251, 57.70
SUNTV, EQ, 05-Aug-2026, 502.35, 505.75, 508.45, 491.65, 492.95, 493.35, 498.50, 278151, 1386.58, 19611, 163693, 58.85
SUPERHOUSE, EQ, 05-Aug-2026, 157.69, 160.56, 162.23, 155.82, 156.35, 157.14, 158.69, 2084, 3.31, 138, 1344, 64.49
SUPERSPIN, BE, 05-Aug-2026, 6.24, 6.36, 6.36, 6.36, 6.36, 6.36, 6.36, 17175, 1.09, 31, -, -
SUPRAJIT, EQ, 05-Aug-2026, 506.90, 506.70, 525.00, 502.80, 523.35, 524.10, 518.42, 191033, 990.35, 9678, 109171, 57.15
SUPREME, EQ, 05-Aug-2026, 46.83, 46.83, 46.83, 45.20, 46.58, 45.91, 45.71, 22193, 10.14, 275, 12774, 57.56
SUPREMEENG, BZ, 05-Aug-2026, 2.17, 2.21, 2.21, 2.21, 2.21, 2.21, 2.21, 97125, 2.15, 79, -, -
SUPREMEIND, EQ, 05-Aug-2026, 3501.00, 3512.90, 3524.00, 3460.50, 3460.60, 3460.60, 3481.97, 137058, 4772.32, 16025, 67526, 49.27
SUPREMEINF, EQ, 05-Aug-2026, 87.12, 92.00, 99.46, 89.74, 94.38, 94.39, 95.54, 1364000, 1303.18, 13514, 253181, 18.56
SUPREMEPWR, SM, 05-Aug-2026, 211.50, 210.00, 212.00, 208.20, 209.00, 209.25, 209.74, 28500, 59.77, 54, 19000, 66.67
SUPRIYA, EQ, 05-Aug-2026, 887.65, 891.95, 923.90, 876.45, 918.00, 913.60, 898.42, 279750, 2513.33, 12726, 155105, 55.44
SURAJEST, EQ, 05-Aug-2026, 200.14, 202.15, 207.00, 201.11, 206.25, 205.36, 204.80, 128008, 262.16, 1121, 89705, 70.08
SURAJLTD, EQ, 05-Aug-2026, 219.96, 220.00, 220.00, 215.45, 220.00, 217.26, 217.01, 126, 0.27, 17, 50, 39.68
SURAKSHA, EQ, 05-Aug-2026, 251.10, 254.80, 259.90, 251.00, 252.00, 252.30, 253.26, 21712, 54.99, 1160, 9971, 45.92
SURANASOL, EQ, 05-Aug-2026, 25.95, 25.95, 26.48, 25.86, 26.10, 26.22, 26.14, 40179, 10.50, 421, 27960, 69.59
SURANAT&P, EQ, 05-Aug-2026, 18.27, 18.11, 18.39, 17.90, 18.01, 18.01, 18.11, 62510, 11.32, 402, 37415, 59.85
SURANI, SM, 05-Aug-2026, 102.80, 99.00, 99.00, 97.00, 97.00, 97.00, 97.86, 1400, 1.37, 2, 1400, 100.00
SURYALA, EQ, 05-Aug-2026, 406.55, 410.00, 415.00, 405.25, 405.40, 406.70, 409.27, 320, 1.31, 22, 237, 74.06
SURYALAXMI, EQ, 05-Aug-2026, 61.14, 60.80, 61.70, 56.55, 59.55, 59.32, 59.45, 13420, 7.98, 138, 10218, 76.14
SURYAROSNI, EQ, 05-Aug-2026, 238.22, 239.99, 251.00, 239.99, 247.00, 246.68, 246.78, 1918006, 4733.32, 35200, 825946, 43.06
SURYODAY, EQ, 05-Aug-2026, 162.76, 164.05, 164.90, 161.81, 162.60, 162.68, 162.95, 755461, 1231.06, 8202, 370276, 49.01
SUTLEJTEX, BE, 05-Aug-2026, 38.12, 39.39, 39.60, 38.00, 38.30, 38.98, 38.54, 35692, 13.76, 184, -, -
SUVEN, EQ, 05-Aug-2026, 309.85, 311.45, 329.95, 308.15, 324.00, 326.55, 320.49, 917830, 2941.52, 19671, 348428, 37.96
SUVIDHAA, EQ, 05-Aug-2026, 2.59, 2.62, 2.62, 2.48, 2.48, 2.52, 2.57, 93357, 2.40, 204, 78470, 84.05
SUYOG, EQ, 05-Aug-2026, 852.55, 852.55, 866.45, 835.00, 835.00, 839.50, 850.94, 27057, 230.24, 1336, 16246, 60.04
SUZLON, EQ, 05-Aug-2026, 48.01, 48.50, 48.84, 47.90, 48.15, 48.15, 48.32, 39589104, 19131.31, 73084, 15619421, 39.45
SVLL, BE, 05-Aug-2026, 751.10, 766.00, 766.00, 736.10, 764.10, 764.10, 755.03, 1728, 13.05, 20, -, -
SVPGLOB, BE, 05-Aug-2026, 3.77, 3.95, 3.95, 3.78, 3.89, 3.88, 3.85, 2846, 0.11, 34, -, -
SWANCORP, EQ, 05-Aug-2026, 313.55, 315.00, 316.65, 309.60, 310.50, 310.60, 312.11, 704335, 2198.30, 7841, 256763, 36.45
SWANDEF, BE, 05-Aug-2026, 2528.80, 2485.00, 2580.00, 2485.00, 2564.90, 2551.50, 2548.38, 26179, 667.14, 1114, -, -
SWARAJ, SM, 05-Aug-2026, 359.75, 359.25, 366.90, 358.05, 366.20, 365.15, 362.15, 162000, 586.68, 153, 68500, 42.28
SWARAJENG, EQ, 05-Aug-2026, 3598.60, 3609.30, 3623.40, 3582.80, 3612.00, 3608.90, 3598.26, 6618, 238.13, 1525, 4125, 62.33
SWASTIK, ST, 05-Aug-2026, 20.35, 19.95, 19.95, 19.95, 19.95, 19.95, 19.95, 14400, 2.87, 6, 14400, 100.00
SWELECTES, EQ, 05-Aug-2026, 620.45, 620.75, 647.90, 620.15, 630.00, 632.05, 629.44, 17013, 107.09, 893, 10777, 63.35
SWIGGY, EQ, 05-Aug-2026, 291.00, 293.00, 293.45, 286.60, 289.90, 289.90, 290.57, 9072593, 26362.01, 49917, 2517403, 27.75
SWSOLAR, EQ, 05-Aug-2026, 206.10, 207.10, 211.03, 207.10, 209.88, 209.40, 209.41, 726379, 1521.08, 8664, 323318, 44.51
SYLVANPLY, SM, 05-Aug-2026, 51.05, 50.90, 50.90, 49.40, 49.80, 49.80, 50.47, 12000, 6.06, 4, 10000, 83.33
SYMPHONY, EQ, 05-Aug-2026, 672.30, 680.00, 680.00, 640.00, 647.00, 644.75, 655.80, 307163, 2014.37, 15063, 191565, 62.37
SYNCOMF, EQ, 05-Aug-2026, 13.30, 13.33, 13.55, 13.30, 13.35, 13.33, 13.39, 1188403, 159.08, 3044, 779412, 65.58
SYNGENE, EQ, 05-Aug-2026, 410.20, 412.00, 413.90, 406.20, 406.20, 406.95, 409.77, 541762, 2219.97, 22348, 276606, 51.06
SYRMA, EQ, 05-Aug-2026, 1421.60, 1429.60, 1453.00, 1419.00, 1434.00, 1434.10, 1439.83, 1243415, 17903.10, 43990, 492150, 39.58
SYSTANGO, SM, 05-Aug-2026, 215.30, 215.30, 217.85, 214.00, 215.90, 215.00, 215.85, 14400, 31.08, 30, 11600, 80.56
SYSTMTXC, BE, 05-Aug-2026, 61.79, 61.49, 61.49, 59.00, 60.40, 59.75, 59.79, 14012, 8.38, 116, -, -
TAALTECH, EQ, 05-Aug-2026, 3930.50, 3987.00, 4035.00, 3954.30, 4000.00, 3998.80, 4000.68, 4600, 184.03, 388, 4166, 90.57
TAC, SM, 05-Aug-2026, 507.45, 511.00, 523.00, 510.05, 522.00, 521.35, 519.63, 36400, 189.14, 151, 27800, 76.37
TAINWALCHM, EQ, 05-Aug-2026, 207.41, 210.00, 225.00, 205.00, 217.50, 220.58, 217.66, 13458, 29.29, 334, 8526, 63.35
TAJGVK, EQ, 05-Aug-2026, 369.95, 371.50, 374.00, 363.60, 363.60, 364.70, 369.09, 88940, 328.27, 3183, 58846, 66.16
TAKE, EQ, 05-Aug-2026, 22.39, 22.96, 22.97, 21.91, 22.60, 22.21, 22.26, 1262982, 281.10, 1299, 1141941, 90.42
TALBROAUTO, EQ, 05-Aug-2026, 415.25, 416.00, 442.00, 416.00, 439.00, 438.30, 433.59, 529904, 2297.61, 17188, 249844, 47.15
TAMBOLIIN, BE, 05-Aug-2026, 209.61, 214.00, 216.00, 208.00, 216.00, 208.42, 209.21, 31530, 65.96, 62, -, -
TANKUP, ST, 05-Aug-2026, 1150.00, 1175.00, 1190.00, 1175.00, 1190.00, 1182.50, 1182.50, 500, 5.91, 2, 500, 100.00
TANLA, EQ, 05-Aug-2026, 612.50, 616.95, 628.00, 610.25, 614.00, 614.00, 620.25, 926391, 5745.95, 24193, 351484, 37.94
TARACHAND, EQ, 05-Aug-2026, 58.88, 60.00, 60.00, 58.05, 58.50, 58.77, 59.20, 97451, 57.69, 2193, 47594, 48.84
TARAPUR, EQ, 05-Aug-2026, 14.99, 14.25, 14.79, 14.25, 14.25, 14.25, 14.27, 94735, 13.52, 360, 70173, 74.07
TARC, EQ, 05-Aug-2026, 133.31, 133.50, 136.89, 133.30, 135.18, 136.07, 135.41, 334007, 452.29, 3062, 187060, 56.00
TARIL, EQ, 05-Aug-2026, 294.20, 297.00, 299.00, 294.00, 294.50, 294.70, 295.94, 701186, 2075.06, 11832, 331629, 47.30
TARMAT, EQ, 05-Aug-2026, 49.90, 50.39, 51.29, 48.40, 50.29, 49.66, 49.72, 15615, 7.76, 109, 13293, 85.13
TARSONS, EQ, 05-Aug-2026, 324.20, 329.95, 333.45, 325.35, 327.00, 328.05, 328.58, 100508, 330.25, 3490, 48718, 48.47
TASTYBITE, EQ, 05-Aug-2026, 9461.00, 9550.00, 9550.00, 9252.00, 9252.00, 9293.50, 9376.17, 1016, 95.26, 414, 608, 59.84
TATACAP, EQ, 05-Aug-2026, 360.60, 362.00, 375.20, 360.25, 371.55, 371.90, 370.17, 3016159, 11165.01, 50017, 1466653, 48.63
TATACHEM, EQ, 05-Aug-2026, 668.30, 671.45, 674.60, 664.00, 665.80, 666.15, 669.07, 275629, 1844.15, 10620, 133567, 48.46
TATACOMM, EQ, 05-Aug-2026, 1778.50, 1783.10, 1783.10, 1725.00, 1727.00, 1747.80, 1746.11, 474605, 8287.14, 41090, 273335, 57.59
TATACONSUM, EQ, 05-Aug-2026, 1092.00, 1086.30, 1096.30, 1082.90, 1096.30, 1096.30, 1087.93, 1294174, 14079.67, 59200, 811411, 62.70
TATAELXSI, EQ, 05-Aug-2026, 3737.00, 3757.60, 3788.70, 3738.00, 3749.80, 3749.80, 3759.39, 156904, 5898.64, 16967, 57964, 36.94
TATAGOLD, EQ, 05-Aug-2026, 13.77, 13.85, 14.08, 13.85, 14.03, 14.03, 14.00, 51475427, 7208.98, 64402, 18624179, 36.18
TATAINVEST, EQ, 05-Aug-2026, 677.60, 687.00, 687.00, 669.00, 670.00, 670.50, 675.21, 211313, 1426.81, 10752, 77628, 36.74
TATAPOWER, EQ, 05-Aug-2026, 380.00, 381.90, 383.25, 378.65, 383.00, 383.00, 380.93, 1675427, 6382.16, 28952, 760655, 45.40
TATASTEEL, EQ, 05-Aug-2026, 190.95, 192.25, 192.99, 189.84, 192.99, 192.99, 191.42, 22780522, 43606.83, 134964, 13128359, 57.63
TATATECH, EQ, 05-Aug-2026, 762.55, 765.00, 765.90, 750.00, 755.55, 754.00, 756.96, 334827, 2534.49, 16291, 171736, 51.29
TATSILV, EQ, 05-Aug-2026, 21.06, 21.30, 21.76, 21.30, 21.71, 21.68, 21.61, 70755302, 15288.45, 54548, 30658968, 43.33
TATVA, EQ, 05-Aug-2026, 1766.30, 1766.00, 1820.00, 1710.10, 1728.90, 1720.80, 1758.65, 86649, 1523.85, 8353, 33660, 38.85
TAURIAN, SM, 05-Aug-2026, 410.35, 411.00, 419.95, 397.10, 406.85, 406.60, 407.54, 40800, 166.28, 49, 26400, 64.71
TBI, SM, 05-Aug-2026, 63.70, 63.00, 64.00, 62.15, 62.15, 62.15, 63.43, 10800, 6.85, 12, 9600, 88.89
TBOTEK, EQ, 05-Aug-2026, 1603.20, 1599.00, 1685.00, 1594.00, 1671.00, 1667.50, 1651.84, 782603, 12927.33, 32965, 311247, 39.77
TBZ, EQ, 05-Aug-2026, 275.85, 276.00, 278.75, 266.55, 272.10, 272.10, 271.98, 1116952, 3037.91, 17628, 305053, 27.31
TCC, EQ, 05-Aug-2026, 289.40, 295.25, 300.85, 284.90, 286.50, 285.70, 290.15, 34117, 98.99, 1162, 20066, 58.82
TCI, EQ, 05-Aug-2026, 914.05, 921.35, 932.40, 910.00, 919.00, 928.00, 921.92, 29895, 275.61, 4546, 14846, 49.66
TCIEXP, EQ, 05-Aug-2026, 557.35, 557.35, 590.00, 557.10, 574.00, 575.15, 580.08, 135752, 787.47, 7164, 52200, 38.45
TCIFINANCE, BE, 05-Aug-2026, 15.02, 15.70, 15.70, 15.00, 15.03, 15.19, 15.23, 16635, 2.53, 83, -, -
TCL, SM, 05-Aug-2026, 120.00, 122.00, 128.00, 118.00, 120.00, 119.45, 121.37, 21600, 26.22, 27, 15200, 70.37
TCPLPACK, EQ, 05-Aug-2026, 3211.50, 3214.20, 3245.80, 3155.00, 3165.00, 3164.50, 3192.02, 2679, 85.51, 453, 1708, 63.76
TCS, EQ, 05-Aug-2026, 2460.00, 2460.00, 2460.90, 2408.00, 2413.00, 2413.00, 2424.72, 3014409, 73091.09, 115103, 1846595, 61.26
TDPOWERSYS, EQ, 05-Aug-2026, 1127.50, 1142.00, 1207.00, 1131.20, 1200.00, 1201.90, 1179.57, 1950548, 23008.07, 75404, 1008694, 51.71
TEAMGTY, EQ, 05-Aug-2026, 218.00, 220.18, 225.99, 220.00, 225.20, 225.20, 221.09, 341, 0.75, 17, 271, 79.47
TEAMLEASE, EQ, 05-Aug-2026, 1261.00, 1260.10, 1265.30, 1244.10, 1252.00, 1251.60, 1254.45, 35160, 441.06, 5816, 20690, 58.85
TEAMTECH, ST, 05-Aug-2026, 119.20, 118.00, 120.00, 116.00, 120.00, 120.00, 117.50, 8000, 9.40, 4, 8000, 100.00
TECH, EQ, 05-Aug-2026, 34.29, 34.12, 34.67, 34.01, 34.02, 34.10, 34.42, 40746, 14.03, 183, 31692, 77.78
TECHD, ST, 05-Aug-2026, 604.50, 604.40, 604.40, 576.60, 592.95, 592.95, 590.36, 11700, 69.07, 37, 10800, 92.31
TECHERA, SM, 05-Aug-2026, 157.95, 157.95, 165.80, 157.95, 165.80, 165.80, 164.80, 229600, 378.39, 172, 148800, 64.81
TECHLABS, ST, 05-Aug-2026, 123.95, 121.25, 124.00, 118.05, 122.90, 122.70, 120.60, 11750, 14.17, 51, 9125, 77.66
TECHM, EQ, 05-Aug-2026, 1648.50, 1663.00, 1664.80, 1639.00, 1650.00, 1650.00, 1653.18, 2127405, 35169.82, 96398, 1548185, 72.77
TECHNOE, EQ, 05-Aug-2026, 985.40, 988.00, 1019.65, 985.10, 1002.10, 1004.60, 1002.46, 167494, 1679.06, 12668, 92347, 55.13
TECHNVISN, EQ, 05-Aug-2026, 4407.90, 4349.90, 4848.60, 4219.50, 4848.60, 4825.70, 4604.78, 1494, 68.80, 300, 1050, 70.28
TECILCHEM, EQ, 05-Aug-2026, 9.98, 10.80, 10.80, 9.78, 10.30, 9.85, 10.15, 32820, 3.33, 170, 16433, 50.07
TEGA, EQ, 05-Aug-2026, 1579.80, 1594.00, 1594.00, 1564.10, 1571.00, 1580.60, 1575.49, 70487, 1110.51, 8921, 41438, 58.79
TEJA, SM, 05-Aug-2026, 666.50, 660.00, 660.00, 645.00, 659.85, 659.80, 658.02, 27000, 177.67, 35, 12600, 46.67
TEJASCARGO, SM, 05-Aug-2026, 332.50, 343.00, 349.10, 343.00, 349.10, 349.10, 347.58, 1600, 5.56, 4, 800, 50.00
TEJASNET, EQ, 05-Aug-2026, 533.95, 536.40, 543.30, 525.00, 527.90, 527.60, 533.73, 1155321, 6166.26, 25241, 334876, 28.99
TEMBO, EQ, 05-Aug-2026, 574.15, 59.70, 68.85, 58.95, 64.95, 65.90, 66.58, 17112668, 11393.59, 42378, 2144595, 12.53
TENNIND, EQ, 05-Aug-2026, 550.55, 554.40, 584.90, 547.80, 581.45, 580.70, 571.86, 2220367, 12697.49, 78607, 1027333, 46.27
TERASOFT, EQ, 05-Aug-2026, 408.55, 420.00, 428.95, 406.85, 428.95, 428.95, 420.32, 30006, 126.12, 751, 18749, 62.48
TEXINFRA, EQ, 05-Aug-2026, 113.95, 114.00, 114.89, 108.00, 113.00, 112.94, 111.04, 310666, 344.96, 2801, 136595, 43.97
TEXMOPIPES, EQ, 05-Aug-2026, 42.82, 43.44, 43.44, 42.60, 43.15, 42.95, 43.14, 16169, 6.98, 160, 14860, 91.90
TEXRAIL, EQ, 05-Aug-2026, 108.76, 109.84, 110.37, 106.95, 107.30, 107.45, 107.99, 1705797, 1842.06, 10783, 963229, 56.47
TFCILTD, EQ, 05-Aug-2026, 109.48, 110.40, 111.70, 109.64, 110.90, 110.77, 110.89, 14106926, 15643.27, 20037, 5322484, 37.73
TFL, EQ, 05-Aug-2026, 11.33, 11.57, 11.57, 11.31, 11.32, 11.48, 11.44, 2420, 0.28, 27, 2242, 92.64
TGBHOTELS, EQ, 05-Aug-2026, 9.22, 9.15, 9.96, 9.15, 9.58, 9.51, 9.55, 35420, 3.38, 149, 27425, 77.43
TGL, ST, 05-Aug-2026, 18.95, 19.70, 19.80, 18.05, 19.80, 19.50, 19.00, 18400, 3.50, 61, 16400, 89.13
THACKER, BE, 05-Aug-2026, 1050.00, 1096.80, 1097.00, 1096.80, 1097.00, 1096.80, 1096.82, 10, 0.11, 6, -, -
THAKDEV, EQ, 05-Aug-2026, 140.47, 140.00, 140.00, 135.00, 135.00, 135.00, 135.39, 84, 0.11, 19, 84, 100.00
THANGAMAYL, EQ, 05-Aug-2026, 4717.50, 4800.00, 4953.00, 4611.00, 4953.00, 4953.00, 4825.83, 555434, 26804.28, 52454, 216485, 38.98
THEINVEST, EQ, 05-Aug-2026, 101.98, 101.83, 104.00, 100.22, 101.01, 101.79, 102.39, 22037, 22.56, 217, 19562, 88.77
THEJO, EQ, 05-Aug-2026, 2092.90, 2084.10, 2180.00, 2080.00, 2104.00, 2100.20, 2131.47, 8039, 171.35, 1252, 4273, 53.15
THELEELA, EQ, 05-Aug-2026, 500.10, 502.10, 507.00, 497.05, 499.90, 502.25, 502.60, 834987, 4196.63, 21649, 620915, 74.36
THEMISMED, EQ, 05-Aug-2026, 115.41, 114.99, 117.00, 112.75, 116.29, 116.06, 115.51, 72875, 84.18, 1357, 43337, 59.47
THERMAX, EQ, 05-Aug-2026, 4015.00, 4010.10, 4106.90, 4010.10, 4040.00, 4064.90, 4073.73, 286536, 11672.71, 35351, 145238, 50.69
THESL, ST, 05-Aug-2026, 20.90, 19.95, 19.95, 19.95, 19.95, 19.95, 19.95, 3000, 0.60, 1, 3000, 100.00
THOMASCOOK, EQ, 05-Aug-2026, 105.97, 106.01, 107.89, 102.25, 103.80, 104.52, 105.91, 771944, 817.58, 6021, 315768, 40.91
THOMASCOTT, EQ, 05-Aug-2026, 305.70, 307.90, 312.60, 300.10, 302.85, 302.40, 302.94, 18328, 55.52, 745, 13772, 75.14
THYROCARE, EQ, 05-Aug-2026, 604.65, 608.80, 612.70, 598.65, 599.10, 600.00, 605.90, 589343, 3570.82, 15059, 402455, 68.29
TI, EQ, 05-Aug-2026, 491.15, 492.10, 511.10, 490.00, 503.00, 500.95, 501.35, 1873766, 9394.11, 38415, 949790, 50.69
TICL, BE, 05-Aug-2026, 9.62, 9.88, 9.88, 9.40, 9.78, 9.77, 9.71, 69392, 6.74, 107, -, -
TIGERLOGS, BE, 05-Aug-2026, 26.81, 27.10, 27.40, 25.90, 25.90, 25.99, 26.59, 201931, 53.69, 692, -, -
TIIL, EQ, 05-Aug-2026, 2638.90, 2645.00, 2711.80, 2610.00, 2649.00, 2628.20, 2671.68, 10603, 283.28, 1871, 5531, 52.16
TIINDIA, EQ, 05-Aug-2026, 2744.30, 2772.00, 2830.90, 2755.10, 2787.90, 2787.90, 2788.80, 341881, 9534.39, 37725, 147116, 43.03
TIJARIA, EQ, 05-Aug-2026, 4.88, 4.98, 4.98, 4.79, 4.84, 4.79, 4.88, 220855, 10.78, 211, 181809, 82.32
TIL, EQ, 05-Aug-2026, 259.70, 261.00, 266.80, 254.35, 261.00, 260.00, 262.81, 618173, 1624.62, 9175, 200039, 32.36
TIMESCAN, SM, 05-Aug-2026, 40.75, 41.10, 41.10, 41.10, 41.10, 41.10, 41.10, 2000, 0.82, 1, 2000, 100.00
TIMETECHNO, EQ, 05-Aug-2026, 208.83, 208.90, 210.60, 203.01, 208.50, 207.26, 207.41, 2750660, 5705.05, 34778, 738437, 26.85
TIMEX, EQ, 05-Aug-2026, 556.95, 559.80, 564.80, 547.85, 553.00, 553.35, 555.45, 180446, 1002.29, 11660, 79538, 44.08
TIMKEN, EQ, 05-Aug-2026, 3231.90, 3202.60, 3333.30, 3120.00, 3303.70, 3309.40, 3266.92, 105147, 3435.07, 16476, 43960, 41.81
TINNARUBR, EQ, 05-Aug-2026, 1121.00, 1140.90, 1168.00, 1104.00, 1116.00, 1127.80, 1143.34, 81071, 926.92, 7500, 28636, 35.32
TIPSFILMS, EQ, 05-Aug-2026, 378.50, 379.00, 399.00, 374.10, 377.30, 380.35, 380.94, 16831, 64.12, 647, 5740, 34.10
TIPSMUSIC, EQ, 05-Aug-2026, 669.30, 675.00, 694.45, 660.05, 672.30, 672.50, 677.13, 569575, 3856.76, 28321, 172688, 30.32
TIRUMALCHM, EQ, 05-Aug-2026, 185.36, 181.49, 181.49, 168.15, 170.20, 170.02, 172.57, 1598713, 2758.88, 19426, 801848, 50.16
TIRUPATI, SM, 05-Aug-2026, 358.85, 340.95, 340.95, 340.95, 340.95, 340.95, 340.95, 125, 0.43, 1, 125, 100.00
TIRUPATIFL, BE, 05-Aug-2026, 73.21, 72.85, 73.21, 70.00, 72.35, 70.50, 71.05, 308690, 219.32, 1121, -, -
TITAGARH, EQ, 05-Aug-2026, 849.75, 853.25, 860.00, 850.00, 853.00, 852.95, 854.41, 244599, 2089.88, 15453, 85751, 35.06
TITAN, EQ, 05-Aug-2026, 4935.00, 4910.20, 4920.60, 4882.30, 4912.40, 4912.40, 4907.10, 546332, 26809.06, 45586, 377927, 69.18
TMB, EQ, 05-Aug-2026, 856.80, 861.55, 865.95, 853.05, 854.20, 854.65, 858.37, 149674, 1284.75, 11700, 79618, 53.19
TMCV, EQ, 05-Aug-2026, 446.75, 452.00, 462.50, 442.00, 450.90, 450.20, 456.44, 10891331, 49712.00, 131984, 5163135, 47.41
TMPV, EQ, 05-Aug-2026, 348.55, 349.00, 353.20, 346.40, 349.80, 349.80, 350.02, 7110154, 24886.91, 72068, 3164203, 44.50
TNIDETF, EQ, 05-Aug-2026, 89.82, 90.72, 90.76, 89.05, 89.90, 89.72, 90.08, 65406, 58.92, 588, 49652, 75.91
TNPETRO, EQ, 05-Aug-2026, 96.58, 96.58, 98.58, 96.00, 98.50, 97.93, 97.55, 94869, 92.54, 2179, 51434, 54.22
TNPL, EQ, 05-Aug-2026, 153.56, 154.93, 156.00, 153.05, 153.20, 153.49, 154.34, 79666, 122.95, 2206, 44314, 55.62
TNTELE, EQ, 05-Aug-2026, 9.01, 8.97, 9.15, 8.89, 8.90, 8.90, 8.95, 23461, 2.10, 76, 19597, 83.53
TOKYOPLAST, BE, 05-Aug-2026, 79.89, 79.80, 79.99, 78.10, 79.99, 79.38, 79.49, 642, 0.51, 13, -, -
TOLINS, EQ, 05-Aug-2026, 103.45, 103.80, 105.19, 103.20, 103.70, 103.55, 104.10, 42922, 44.68, 666, 22839, 53.21
TOP100CASE, EQ, 05-Aug-2026, 10.75, 10.95, 10.95, 10.65, 10.82, 10.80, 10.80, 516474, 55.80, 1143, 423621, 82.02
TOP10ADD, EQ, 05-Aug-2026, 89.34, 90.37, 90.37, 89.10, 89.49, 89.45, 89.35, 368865, 329.58, 635, 290758, 78.83
TOP15IETF, EQ, 05-Aug-2026, 10.07, 10.13, 10.19, 10.10, 10.11, 10.11, 10.16, 153179, 15.56, 223, 129127, 84.30
TOP20, EQ, 05-Aug-2026, 9.10, 9.14, 9.16, 9.09, 9.13, 9.12, 9.13, 93080, 8.49, 126, 75283, 80.88
TORNTPHARM, EQ, 05-Aug-2026, 5030.00, 5068.50, 5068.50, 4946.50, 5000.00, 5000.00, 4989.30, 509606, 25425.75, 33418, 322266, 63.24
TORNTPOWER, EQ, 05-Aug-2026, 1341.00, 1346.70, 1355.20, 1315.00, 1325.00, 1323.50, 1330.91, 278738, 3709.76, 23155, 145174, 52.08
TOTAL, EQ, 05-Aug-2026, 62.46, 64.78, 65.31, 60.60, 62.10, 62.92, 62.68, 136585, 85.61, 1035, 73624, 53.90
TOUCHWOOD, EQ, 05-Aug-2026, 66.33, 66.99, 67.43, 61.80, 66.89, 65.89, 65.21, 5788, 3.77, 153, 3207, 55.41
TPHQ, EQ, 05-Aug-2026, 0.43, 0.42, 0.43, 0.41, 0.43, 0.42, 0.42, 1307551, 5.47, 304, 757168, 57.91
TPLPLASTEH, EQ, 05-Aug-2026, 80.37, 81.00, 81.24, 78.00, 78.30, 78.25, 79.45, 142963, 113.58, 1832, 61759, 43.20
TRACXN, EQ, 05-Aug-2026, 30.07, 30.75, 31.50, 30.22, 30.70, 30.62, 30.82, 128705, 39.67, 902, 95101, 73.89
TRANSPEK, EQ, 05-Aug-2026, 1380.40, 1371.30, 1400.00, 1343.00, 1345.00, 1359.40, 1364.66, 6743, 92.02, 684, 3075, 45.60
TRANSRAILL, EQ, 05-Aug-2026, 495.80, 500.00, 504.50, 498.05, 499.65, 499.45, 500.75, 225852, 1130.96, 7914, 117074, 51.84
TRANSTEEL, SM, 05-Aug-2026, 112.45, 112.45, 119.30, 112.45, 115.00, 114.50, 115.23, 215000, 247.74, 121, 195000, 90.70
TRANSWORLD, BE, 05-Aug-2026, 159.02, 161.00, 161.00, 154.00, 158.00, 157.68, 156.46, 6337, 9.92, 110, -, -
TRAVELFOOD, EQ, 05-Aug-2026, 1366.10, 1367.30, 1377.00, 1321.20, 1322.10, 1348.00, 1360.29, 23630, 321.44, 3641, 12711, 53.79
TREEHOUSE, EQ, 05-Aug-2026, 6.31, 6.41, 6.41, 6.22, 6.24, 6.34, 6.32, 8328, 0.53, 57, 5299, 63.63
TREJHARA, EQ, 05-Aug-2026, 137.09, 142.49, 150.79, 142.49, 150.79, 150.79, 149.47, 212599, 317.77, 991, 87495, 41.15
TREL, EQ, 05-Aug-2026, 24.48, 24.48, 24.68, 23.93, 24.27, 24.09, 24.24, 97994, 23.75, 733, 59439, 60.66
TRENT, EQ, 05-Aug-2026, 3107.70, 3107.30, 3140.30, 3080.10, 3129.00, 3129.00, 3111.84, 785852, 24454.47, 44588, 388621, 49.45
TRF, EQ, 05-Aug-2026, 228.44, 228.44, 230.61, 227.51, 227.51, 229.38, 229.47, 12925, 29.66, 499, 7867, 60.87
TRIDENT, EQ, 05-Aug-2026, 24.97, 25.05, 25.17, 24.85, 24.94, 24.91, 25.01, 3288861, 822.47, 11252, 1508159, 45.86
TRIGYN, EQ, 05-Aug-2026, 54.03, 54.98, 55.30, 53.50, 54.80, 54.70, 54.25, 55049, 29.86, 1717, 19757, 35.89
TRITURBINE, EQ, 05-Aug-2026, 618.80, 624.80, 630.70, 619.20, 623.15, 623.45, 625.16, 336215, 2101.88, 18949, 130296, 38.75
TRIVENI, EQ, 05-Aug-2026, 243.91, 255.00, 255.00, 233.59, 235.00, 235.30, 243.13, 1469564, 3573.01, 11956, 838075, 57.03
TROM, ST, 05-Aug-2026, 63.25, 64.00, 65.90, 60.25, 60.25, 60.25, 63.38, 1800, 1.14, 3, 1800, 100.00
TRU, EQ, 05-Aug-2026, 4.66, 4.83, 4.83, 4.55, 4.70, 4.64, 4.66, 95882, 4.47, 328, 72647, 75.77
TRUALT, EQ, 05-Aug-2026, 436.70, 438.00, 468.05, 428.35, 462.00, 461.55, 457.39, 735504, 3364.11, 17302, 350145, 47.61
TRUST, SM, 05-Aug-2026, 31.00, 29.70, 31.00, 28.00, 29.00, 29.00, 29.38, 9600, 2.82, 15, 8400, 87.50
TSC, SM, 05-Aug-2026, 51.95, 56.30, 57.10, 51.10, 51.10, 51.10, 56.35, 176000, 99.17, 45, 156000, 88.64
TSFINV, EQ, 05-Aug-2026, 463.20, 471.50, 471.50, 444.60, 454.05, 454.10, 454.33, 106164, 482.34, 6508, 56223, 52.96
TTKHLTCARE, EQ, 05-Aug-2026, 1037.70, 1044.00, 1051.20, 1030.20, 1050.00, 1045.90, 1040.21, 7739, 80.50, 891, 3780, 48.84
TTKPRESTIG, EQ, 05-Aug-2026, 630.80, 630.10, 637.20, 617.15, 633.00, 628.25, 627.03, 209287, 1312.30, 10186, 87944, 42.02
TTL, EQ, 05-Aug-2026, 6.28, 6.38, 6.50, 6.20, 6.28, 6.27, 6.32, 59365, 3.75, 149, 45041, 75.87
TTML, EQ, 05-Aug-2026, 39.88, 39.93, 40.20, 39.79, 39.84, 39.85, 39.97, 876701, 350.39, 4678, 394302, 44.98
TUNWAL, SM, 05-Aug-2026, 26.00, 26.05, 26.20, 26.00, 26.05, 26.10, 26.12, 28000, 7.31, 14, 24000, 85.71
TURTLEMINT, EQ, 05-Aug-2026, 114.65, 115.00, 117.49, 114.40, 115.50, 115.11, 115.95, 178728, 207.24, 3113, 88589, 49.57
TVSELECT, EQ, 05-Aug-2026, 500.45, 500.45, 513.00, 494.70, 508.70, 503.85, 504.35, 72481, 365.56, 3150, 24420, 33.69
TVSHLTD, EQ, 05-Aug-2026, 14790.00, 14842.00, 15064.00, 14750.00, 14750.00, 14769.00, 14855.34, 7798, 1158.42, 2871, 4926, 63.17
TVSMOTOR, EQ, 05-Aug-2026, 4360.00, 4398.00, 4455.20, 4365.00, 4455.20, 4455.20, 4428.53, 1392666, 61674.62, 72295, 839157, 60.26
TVSSCS, EQ, 05-Aug-2026, 135.54, 137.00, 137.00, 135.00, 135.21, 135.52, 135.94, 224593, 305.30, 3954, 101636, 45.25
TVSSRICHAK, EQ, 05-Aug-2026, 3982.20, 4000.00, 4088.00, 3947.00, 3960.00, 3982.90, 3999.93, 4731, 189.24, 1324, 2429, 51.34
TVTODAY, EQ, 05-Aug-2026, 115.67, 118.20, 118.46, 115.51, 116.61, 116.60, 117.21, 20415, 23.93, 524, 13260, 64.95
TVVISION, BE, 05-Aug-2026, 4.45, 4.45, 4.49, 4.23, 4.43, 4.43, 4.38, 6192, 0.27, 36, -, -
TWCGOLDETF, EQ, 05-Aug-2026, 141.39, 141.20, 144.24, 141.20, 144.11, 144.09, 144.04, 10511, 15.14, 306, 8117, 77.22
UBL, EQ, 05-Aug-2026, 1434.10, 1439.00, 1445.90, 1380.30, 1390.60, 1412.60, 1419.60, 131535, 1867.27, 11425, 60437, 45.95
UCAL, EQ, 05-Aug-2026, 115.99, 115.42, 119.90, 115.00, 115.55, 116.47, 116.78, 7405, 8.65, 190, 4495, 60.70
UCL, ST, 05-Aug-2026, 212.95, 217.20, 217.20, 217.20, 217.20, 217.20, 217.20, 2000, 4.34, 1, 2000, 100.00
UCOBANK, EQ, 05-Aug-2026, 26.33, 26.50, 26.77, 26.41, 26.48, 26.49, 26.57, 3883691, 1031.76, 10867, 1407901, 36.25
UDS, EQ, 05-Aug-2026, 203.83, 205.51, 212.39, 203.84, 209.99, 209.43, 209.25, 503781, 1054.14, 9072, 188007, 37.32
UEL, EQ, 05-Aug-2026, 202.91, 220.00, 223.20, 217.00, 223.20, 223.20, 222.31, 37659, 83.72, 610, 25448, 67.57
UFBL, EQ, 05-Aug-2026, 735.10, 771.85, 771.85, 771.85, 771.85, 771.85, 771.85, 130015, 1003.52, 489, 130011, 100.00
UFLEX, EQ, 05-Aug-2026, 475.35, 477.50, 479.65, 472.00, 474.35, 475.95, 475.38, 45465, 216.13, 1460, 25649, 56.41
UFO, EQ, 05-Aug-2026, 68.11, 68.50, 69.79, 67.35, 69.68, 69.40, 68.66, 41353, 28.39, 1257, 20608, 49.83
UGARSUGAR, EQ, 05-Aug-2026, 44.98, 45.04, 45.20, 43.05, 43.05, 43.28, 44.08, 194343, 85.67, 1423, 140592, 72.34
UGROCAP, EQ, 05-Aug-2026, 97.09, 97.80, 98.00, 93.62, 95.52, 95.77, 95.48, 566115, 540.51, 6026, 262869, 46.43
UHTL, ST, 05-Aug-2026, 103.80, 98.80, 101.50, 98.65, 98.65, 98.65, 99.05, 74000, 73.30, 37, 64000, 86.49
UJJIVANSFB, EQ, 05-Aug-2026, 70.35, 70.29, 71.00, 68.72, 69.60, 69.59, 69.84, 11303955, 7894.47, 37418, 6115160, 54.10
ULTRACEMCO, EQ, 05-Aug-2026, 12050.00, 12049.00, 12239.00, 11970.00, 12190.00, 12190.00, 12130.59, 215254, 26111.57, 34095, 113264, 52.62
ULTRAMAR, EQ, 05-Aug-2026, 389.00, 397.00, 397.00, 383.05, 395.00, 392.25, 390.87, 22032, 86.12, 1184, 17522, 79.53
UMA, SM, 05-Aug-2026, 14.75, 14.55, 14.70, 14.55, 14.70, 14.70, 14.63, 8000, 1.17, 2, 8000, 100.00
UMAEXPORTS, BE, 05-Aug-2026, 20.49, 20.59, 20.74, 20.35, 20.70, 20.70, 20.59, 8271, 1.70, 49, -, -
UMESLTD, EQ, 05-Aug-2026, 5.46, 5.46, 5.66, 5.42, 5.43, 5.44, 5.47, 11917, 0.65, 30, 8548, 71.73
UMIYA-MRO, EQ, 05-Aug-2026, 93.06, 94.80, 94.95, 90.52, 92.20, 91.38, 92.60, 11699, 10.83, 180, 8423, 72.00
UNICHEMLAB, EQ, 05-Aug-2026, 500.30, 505.80, 512.00, 495.00, 500.00, 497.40, 501.16, 55642, 278.85, 2139, 30429, 54.69
UNIDT, BE, 05-Aug-2026, 238.65, 238.99, 241.50, 234.00, 238.00, 236.77, 240.09, 15362, 36.88, 197, -, -
UNIECOM, EQ, 05-Aug-2026, 86.12, 86.95, 86.95, 84.50, 84.74, 85.18, 85.52, 159272, 136.21, 1825, 90864, 57.05
UNIENTER, EQ, 05-Aug-2026, 96.96, 98.00, 98.00, 95.80, 97.00, 96.93, 96.85, 6343, 6.14, 180, 3345, 52.74
UNIHEALTH, SM, 05-Aug-2026, 795.10, 800.00, 800.00, 770.40, 788.25, 779.35, 789.12, 18000, 142.04, 30, 14000, 77.78
UNIINFO, BE, 05-Aug-2026, 12.47, 12.47, 12.47, 12.47, 12.47, 12.47, 12.47, 75, 0.01, 2, -, -
UNILEX, SM, 05-Aug-2026, 26.70, 27.30, 32.00, 27.10, 32.00, 31.90, 29.65, 38400, 11.39, 23, 38400, 100.00
UNIMECH, EQ, 05-Aug-2026, 1334.10, 1344.60, 1369.00, 1305.00, 1343.00, 1344.70, 1339.02, 421987, 5650.50, 23865, 213549, 50.61
UNIONBANK, EQ, 05-Aug-2026, 174.00, 175.00, 178.20, 174.22, 175.80, 175.80, 176.06, 12655212, 22280.85, 62195, 4764539, 37.65
UNIONGOLD, EQ, 05-Aug-2026, 138.50, 140.50, 142.00, 140.50, 141.85, 141.70, 141.38, 2592, 3.66, 44, 881, 33.99
UNIPARTS, EQ, 05-Aug-2026, 732.95, 769.00, 812.00, 736.00, 811.85, 801.65, 784.53, 1466681, 11506.58, 49305, 431710, 29.43
UNITDSPR, EQ, 05-Aug-2026, 1525.00, 1528.00, 1540.00, 1520.00, 1520.00, 1520.00, 1530.20, 443864, 6792.02, 21142, 214941, 48.42
UNITECH, EQ, 05-Aug-2026, 4.23, 4.27, 4.29, 4.12, 4.15, 4.15, 4.19, 4860952, 203.72, 3995, 3214487, 66.13
UNITEDPOLY, BE, 05-Aug-2026, 29.72, 28.65, 30.00, 28.51, 29.94, 29.33, 28.85, 32737, 9.45, 147, -, -
UNITEDTEA, EQ, 05-Aug-2026, 471.40, 479.50, 489.60, 468.30, 488.90, 481.15, 473.32, 2356, 11.15, 169, 2023, 85.87
UNIVASTU, BE, 05-Aug-2026, 144.68, 149.00, 149.99, 137.45, 148.00, 146.93, 146.29, 215933, 315.90, 1356, -, -
UNIVCABLES, EQ, 05-Aug-2026, 1427.70, 1427.90, 1446.90, 1401.00, 1403.10, 1427.60, 1427.35, 111768, 1595.32, 6255, 72767, 65.11
UNIVPHOTO, BE, 05-Aug-2026, 467.60, 469.00, 480.00, 468.00, 480.00, 480.00, 476.06, 1068, 5.08, 28, -, -
UNOMINDA, EQ, 05-Aug-2026, 1227.00, 1229.20, 1273.90, 1229.20, 1250.00, 1250.00, 1254.16, 2052962, 25747.34, 70006, 840662, 40.95
UPL, EQ, 05-Aug-2026, 581.90, 581.00, 583.90, 576.40, 577.25, 577.25, 579.46, 3366460, 19507.18, 52001, 2095663, 62.25
URAVIDEF, BE, 05-Aug-2026, 113.55, 116.50, 117.30, 112.00, 115.50, 112.30, 114.69, 3830, 4.39, 135, -, -
URBAN, SM, 05-Aug-2026, 135.60, 139.00, 147.50, 135.50, 141.50, 144.50, 140.72, 77600, 109.20, 60, 41600, 53.61
URBANCO, EQ, 05-Aug-2026, 141.89, 142.00, 148.79, 141.65, 143.00, 142.55, 145.30, 10299381, 14965.01, 62336, 2236876, 21.72
URJA, EQ, 05-Aug-2026, 10.05, 9.94, 10.25, 9.94, 10.00, 9.99, 10.05, 822528, 82.65, 2481, 530993, 64.56
USASEEDS, SM, 05-Aug-2026, 81.45, 84.70, 84.80, 84.70, 84.80, 84.80, 84.75, 856, 0.73, 2, 856, 100.00
USHAFIN, SM, 05-Aug-2026, 37.00, 35.80, 38.00, 35.35, 37.75, 37.75, 37.09, 59200, 21.96, 25, 54400, 91.89
USHAMART, EQ, 05-Aug-2026, 503.60, 510.00, 522.60, 506.85, 521.85, 520.25, 515.94, 924792, 4771.42, 24526, 521772, 56.42
USK, EQ, 05-Aug-2026, 22.50, 21.81, 23.17, 21.81, 23.00, 22.96, 22.73, 17065, 3.88, 122, 13923, 81.59
UTIAMC, EQ, 05-Aug-2026, 909.10, 917.00, 917.00, 885.60, 900.00, 901.65, 906.89, 381101, 3456.17, 7084, 324779, 85.22
UTKAL, SM, 05-Aug-2026, 39.95, 41.85, 41.90, 41.85, 41.90, 41.90, 41.90, 24000, 10.06, 9, 22000, 91.67
UTKARSHBNK, EQ, 05-Aug-2026, 14.54, 14.56, 14.67, 14.39, 14.44, 14.46, 14.49, 3770967, 546.27, 10199, 2166191, 57.44
UTLSOLAR, EQ, 05-Aug-2026, 389.55, 395.00, 396.95, 389.00, 389.00, 390.85, 393.67, 164607, 648.02, 8549, 84687, 51.45
UTSSAV, ST, 05-Aug-2026, 510.10, 510.10, 522.00, 509.00, 510.00, 510.00, 511.76, 25200, 128.96, 25, 24600, 97.62
UTTAMSUGAR, EQ, 05-Aug-2026, 253.12, 253.00, 260.00, 248.15, 249.00, 250.44, 253.68, 125437, 318.20, 3587, 53774, 42.87
UWCSL, SM, 05-Aug-2026, 100.00, 95.00, 95.00, 95.00, 95.00, 95.00, 95.00, 1000, 0.95, 1, 1000, 100.00
UYFINCORP, EQ, 05-Aug-2026, 19.36, 19.36, 19.80, 19.15, 19.44, 19.25, 19.35, 684088, 132.36, 2699, 334083, 48.84
V2RETAIL, EQ, 05-Aug-2026, 217.74, 218.25, 219.40, 215.50, 217.05, 217.57, 217.14, 888423, 1929.10, 19140, 497414, 55.99
VADILALIND, EQ, 05-Aug-2026, 7294.50, 7290.00, 7373.00, 7149.00, 7169.50, 7162.00, 7244.64, 10026, 726.35, 2600, 4140, 41.29
VAIBHAVGBL, EQ, 05-Aug-2026, 270.10, 272.95, 272.95, 244.10, 250.50, 250.15, 252.99, 2201262, 5568.88, 33296, 902509, 41.00
VAISHALI, EQ, 05-Aug-2026, 7.82, 8.00, 8.38, 7.70, 7.94, 7.94, 7.99, 229783, 18.35, 368, 167835, 73.04
VAKRANGEE, EQ, 05-Aug-2026, 6.03, 6.10, 6.15, 5.99, 6.06, 6.08, 6.06, 811587, 49.15, 1627, 412547, 50.83
VAL30IETF, EQ, 05-Aug-2026, 15.44, 15.57, 15.63, 15.50, 15.52, 15.56, 15.58, 196711, 30.65, 656, 156863, 79.74
VALIANTLAB, BE, 05-Aug-2026, 62.18, 62.18, 62.30, 60.61, 61.25, 61.23, 61.78, 4740, 2.93, 48, -, -
VALIANTORG, BE, 05-Aug-2026, 290.75, 293.00, 295.00, 280.05, 288.00, 286.55, 289.18, 8189, 23.68, 194, -, -
VALUE, EQ, 05-Aug-2026, 16.36, 16.47, 16.49, 16.40, 16.47, 16.43, 16.47, 20133, 3.32, 63, 16715, 83.02
VALUE360, SM, 05-Aug-2026, 72.70, 76.80, 76.80, 74.50, 74.50, 74.50, 75.26, 6000, 4.52, 4, 6000, 100.00
VALUEAXIS, EQ, 05-Aug-2026, 33.30, 33.54, 33.57, 33.30, 33.33, 33.40, 33.41, 112721, 37.66, 328, 84400, 74.88
VAML, EQ, 05-Aug-2026, 467.60, 463.55, 470.75, 458.10, 468.50, 467.95, 464.94, 9615356, 44705.44, 78446, 5601746, 58.26
VARDHACRLC, BE, 05-Aug-2026, 44.53, 44.50, 46.50, 44.50, 45.52, 45.74, 46.12, 63436, 29.26, 271, -, -
VARDMNPOLY, EQ, 05-Aug-2026, 6.03, 6.14, 6.14, 6.00, 6.10, 6.02, 6.11, 229386, 14.00, 244, 183393, 79.95
VARROC, EQ, 05-Aug-2026, 680.75, 680.00, 734.40, 676.05, 718.00, 717.60, 722.11, 1320916, 9538.46, 53793, 469670, 35.56
VASCONEQ, BE, 05-Aug-2026, 33.48, 34.00, 34.05, 33.25, 33.55, 33.78, 33.66, 184763, 62.19, 576, -, -
VASWANI, EQ, 05-Aug-2026, 52.56, 52.20, 54.20, 51.50, 53.08, 52.76, 52.93, 44467, 23.54, 511, 20220, 45.47
VBL, EQ, 05-Aug-2026, 439.00, 442.35, 445.20, 436.85, 437.00, 437.00, 440.76, 2044640, 9011.94, 33255, 1093657, 53.49
VCL, EQ, 05-Aug-2026, 1.17, 1.22, 1.22, 1.22, 1.22, 1.22, 1.22, 191383, 2.33, 40, 191383, 100.00
VEDL, EQ, 05-Aug-2026, 269.00, 270.00, 277.20, 267.60, 277.00, 277.00, 271.70, 17363666, 47177.35, 102704, 9965115, 57.39
VEDPOWER, EQ, 05-Aug-2026, 35.62, 36.10, 36.80, 35.20, 35.45, 35.47, 35.76, 24311532, 8693.39, 60233, 9883070, 40.65
VEEDOL, EQ, 05-Aug-2026, 1434.40, 1441.50, 1454.40, 1430.00, 1440.00, 1442.90, 1442.80, 10096, 145.66, 1531, 5867, 58.11
VEEKAYEM, SM, 05-Aug-2026, 127.95, 128.55, 129.00, 128.50, 128.50, 128.50, 128.76, 2000, 2.58, 4, 2000, 100.00
VELJAN, BE, 05-Aug-2026, 1640.80, 1639.90, 1665.00, 1615.00, 1650.00, 1642.10, 1645.13, 676, 11.12, 56, -, -
VENKEYS, EQ, 05-Aug-2026, 1595.20, 1609.00, 1618.00, 1563.00, 1563.00, 1581.90, 1592.31, 35071, 558.44, 3067, 19781, 56.40
VENTIVE, EQ, 05-Aug-2026, 626.70, 626.70, 626.70, 609.70, 618.00, 621.30, 615.88, 43924, 270.52, 2627, 23326, 53.11
VENUSPIPES, EQ, 05-Aug-2026, 1633.90, 1633.00, 1658.00, 1625.00, 1629.80, 1629.00, 1640.66, 41499, 680.86, 3915, 24293, 58.54
VENUSREM, BE, 05-Aug-2026, 1552.90, 1568.00, 1574.80, 1486.20, 1525.00, 1524.30, 1540.42, 35002, 539.18, 1530, -, -
VERANDA, EQ, 05-Aug-2026, 257.30, 258.00, 260.80, 252.30, 255.50, 257.60, 255.87, 205485, 525.77, 4187, 98462, 47.92
VERTIS, IV, 05-Aug-2026, 112.00, 113.00, 113.00, 113.00, 113.00, 113.00, 113.00, 125000, 141.25, 4, 125000, 100.00
VERTOZ, BE, 05-Aug-2026, 35.78, 36.80, 36.85, 35.52, 36.00, 35.92, 36.02, 23500, 8.46, 210, -, -
VESUVIUS, EQ, 05-Aug-2026, 456.60, 458.50, 459.70, 448.65, 450.35, 450.20, 452.65, 71200, 322.29, 3390, 35472, 49.82
VETO, BE, 05-Aug-2026, 122.56, 123.00, 126.00, 120.10, 124.30, 124.27, 124.46, 16609, 20.67, 235, -, -
VGINFOTECH, SM, 05-Aug-2026, 154.45, 157.50, 157.50, 154.50, 156.00, 155.65, 155.57, 19000, 29.56, 19, 15000, 78.95
VGL, EQ, 05-Aug-2026, 61.33, 63.10, 63.93, 60.84, 61.42, 62.43, 61.99, 32195, 19.96, 728, 8294, 25.76
VGUARD, EQ, 05-Aug-2026, 313.35, 314.00, 319.30, 306.05, 311.90, 310.25, 313.54, 1236810, 3877.94, 18197, 747117, 60.41
VHL, EQ, 05-Aug-2026, 3362.10, 3362.10, 3490.00, 3362.10, 3400.00, 3432.40, 3443.95, 542, 18.67, 156, 222, 40.96
VHLTD, BE, 05-Aug-2026, 129.50, 134.96, 134.96, 123.03, 125.80, 125.85, 124.63, 45056, 56.15, 234, -, -
VICTORYEV, ST, 05-Aug-2026, 17.00, 16.55, 17.40, 16.30, 16.55, 16.55, 16.87, 30000, 5.06, 10, 27000, 90.00
VIDHIING, EQ, 05-Aug-2026, 330.85, 330.85, 335.00, 318.00, 322.00, 321.45, 323.29, 21824, 70.55, 1403, 12344, 56.56
VIDYAWIRES, EQ, 05-Aug-2026, 92.14, 92.50, 93.25, 91.07, 92.10, 92.46, 92.35, 459529, 424.39, 4281, 272297, 59.26
VIESL, SM, 05-Aug-2026, 309.80, 314.95, 319.50, 309.00, 309.50, 311.00, 312.97, 20800, 65.10, 25, 15200, 73.08
VIGOR, ST, 05-Aug-2026, 94.50, 94.50, 94.50, 93.10, 93.10, 93.10, 93.87, 4800, 4.51, 3, 4800, 100.00
VIJAYA, EQ, 05-Aug-2026, 1385.10, 1385.10, 1395.90, 1367.10, 1372.00, 1389.60, 1385.88, 78928, 1093.84, 9281, 42799, 54.23
VIJAYPD, SM, 05-Aug-2026, 62.45, 62.45, 63.00, 62.45, 63.00, 63.00, 62.77, 12000, 7.53, 6, 12000, 100.00
VIJIFIN, BE, 05-Aug-2026, 10.61, 10.82, 10.82, 10.82, 10.82, 10.82, 10.82, 82842, 8.96, 48, -, -
VIKASECO, EQ, 05-Aug-2026, 1.11, 1.12, 1.13, 1.10, 1.11, 1.11, 1.12, 1897423, 21.19, 886, 1005982, 53.02
VIKASLIFE, EQ, 05-Aug-2026, 1.26, 1.27, 1.29, 1.26, 1.26, 1.26, 1.27, 3361254, 42.81, 8815, 1423862, 42.36
VIKRAMSOLR, EQ, 05-Aug-2026, 180.04, 181.85, 182.75, 179.50, 180.44, 180.61, 180.84, 1389668, 2513.13, 14939, 721682, 51.93
VIKRAN, EQ, 05-Aug-2026, 72.25, 72.59, 73.50, 72.43, 72.98, 72.88, 72.92, 891593, 650.18, 3900, 361457, 40.54
VILAS, SM, 05-Aug-2026, 355.30, 360.40, 373.85, 358.25, 373.85, 372.15, 367.57, 19750, 72.60, 70, 17000, 86.08
VILINBIO, SM, 05-Aug-2026, 43.10, 41.00, 44.95, 40.95, 44.95, 44.95, 41.63, 24000, 9.99, 6, 24000, 100.00
VIMTALABS, EQ, 05-Aug-2026, 642.25, 640.00, 675.00, 630.75, 657.60, 656.80, 658.83, 673095, 4434.54, 22885, 238121, 35.38
VINATIORGA, EQ, 05-Aug-2026, 1319.60, 1326.10, 1331.00, 1315.00, 1315.00, 1327.70, 1325.91, 40295, 534.27, 6650, 24184, 60.02
VINCOFE, EQ, 05-Aug-2026, 152.75, 153.25, 156.50, 152.69, 155.43, 155.34, 155.43, 1465347, 2277.63, 9675, 487264, 33.25
VINDHYATEL, EQ, 05-Aug-2026, 2336.60, 2450.00, 2450.00, 2330.00, 2378.10, 2357.50, 2363.82, 66884, 1581.02, 6862, 24239, 36.24
VINEETLAB, BE, 05-Aug-2026, 39.75, 39.70, 39.70, 38.33, 39.34, 39.00, 38.95, 59841, 23.31, 139, -, -
VINNY, EQ, 05-Aug-2026, 1.07, 1.07, 1.08, 1.05, 1.06, 1.06, 1.07, 268272, 2.87, 133, 174482, 65.04
VINSYS, ST, 05-Aug-2026, 560.00, 565.00, 570.00, 565.00, 570.00, 565.25, 565.28, 18000, 101.75, 31, 15250, 84.72
VINYAS, SM, 05-Aug-2026, 1224.30, 1240.00, 1250.00, 1212.00, 1250.00, 1244.75, 1239.53, 3800, 47.10, 34, 2900, 76.32
VINYLINDIA, EQ, 05-Aug-2026, 247.61, 249.24, 249.24, 242.10, 244.50, 243.35, 245.83, 8248, 20.28, 338, 5962, 72.28
VIPCLOTHNG, BE, 05-Aug-2026, 21.51, 21.99, 21.99, 21.15, 21.57, 21.28, 21.36, 18895, 4.04, 110, -, -
VIPIND, EQ, 05-Aug-2026, 301.50, 302.10, 312.40, 302.10, 310.00, 309.80, 307.85, 156035, 480.36, 3548, 89605, 57.43
VIPULLTD, BE, 05-Aug-2026, 11.19, 11.19, 11.74, 11.00, 11.74, 11.74, 11.53, 105423, 12.15, 270, -, -
VIRINCHI, EQ, 05-Aug-2026, 15.61, 15.51, 15.90, 15.51, 15.69, 15.72, 15.72, 55368, 8.70, 172, 40823, 73.73
VISACHROME, BE, 05-Aug-2026, 38.05, 38.00, 38.00, 37.10, 38.00, 37.93, 37.91, 10489, 3.98, 44, -, -
VISAKAIND, EQ, 05-Aug-2026, 86.74, 87.10, 88.01, 85.80, 86.75, 86.94, 86.76, 190958, 165.67, 2220, 112199, 58.76
VISHNU, EQ, 05-Aug-2026, 594.05, 600.00, 601.60, 584.10, 587.35, 588.80, 592.35, 69669, 412.69, 3568, 43517, 62.46
VISHNUINFR, SM, 05-Aug-2026, 157.20, 160.00, 160.00, 160.00, 160.00, 160.00, 160.00, 500, 0.80, 1, 500, 100.00
VISHWARAJ, EQ, 05-Aug-2026, 5.47, 5.59, 5.69, 5.42, 5.48, 5.47, 5.52, 156734, 8.66, 354, 125038, 79.78
VISL, EQ, 05-Aug-2026, 35.55, 36.10, 37.03, 34.70, 36.45, 36.53, 36.16, 65591869, 23718.98, 96709, 22493972, 34.29
VITAL, BE, 05-Aug-2026, 49.38, 49.35, 49.35, 48.40, 49.35, 49.35, 49.09, 1383, 0.68, 7, -, -
VIVIANA, BE, 05-Aug-2026, 702.65, 708.00, 737.75, 699.00, 725.00, 728.80, 719.15, 46384, 333.57, 864, -, -
VIVIDEL, ST, 05-Aug-2026, 1250.90, 1250.00, 1313.40, 1250.00, 1313.40, 1313.40, 1294.02, 29280, 378.89, 103, 27360, 93.44
VIVIDHA, EQ, 05-Aug-2026, 0.51, 0.53, 0.54, 0.52, 0.54, 0.54, 0.53, 244244, 1.30, 155, 204697, 83.81
VIVIMEDLAB, BE, 05-Aug-2026, 5.04, 5.11, 5.25, 4.96, 5.12, 5.18, 5.13, 50075, 2.57, 108, -, -
VIVO, SM, 05-Aug-2026, 98.60, 103.50, 103.50, 103.50, 103.50, 103.50, 103.50, 3200, 3.31, 2, 3200, 100.00
VIYASH, EQ, 05-Aug-2026, 266.40, 268.00, 274.90, 268.00, 273.30, 273.80, 272.36, 2650237, 7218.07, 31114, 1597592, 60.28
VLEGOV, BE, 05-Aug-2026, 10.55, 10.76, 10.76, 10.60, 10.76, 10.76, 10.68, 88671, 9.47, 112, -, -
VLINFRA, SM, 05-Aug-2026, 29.85, 29.90, 29.90, 28.55, 29.05, 29.05, 29.17, 7500, 2.19, 5, 6000, 80.00
VLSFINANCE, EQ, 05-Aug-2026, 255.15, 255.00, 270.00, 253.05, 263.10, 264.05, 262.30, 17428, 45.71, 738, 9701, 55.66
VMARCIND, SM, 05-Aug-2026, 260.25, 264.50, 303.90, 262.05, 303.90, 296.65, 284.36, 774000, 2200.98, 483, 451500, 58.33
VMART, EQ, 05-Aug-2026, 775.35, 785.00, 811.55, 775.50, 806.00, 807.05, 799.69, 235276, 1881.47, 10069, 122047, 51.87
VMM, EQ, 05-Aug-2026, 111.30, 111.50, 111.89, 108.81, 111.00, 111.00, 110.21, 5678192, 6258.00, 32373, 2457597, 43.28
VMOBILE, SM, 05-Aug-2026, 74.30, 71.10, 71.50, 70.60, 70.60, 70.60, 70.76, 16000, 11.32, 20, 12800, 80.00
VMSTMT, BE, 05-Aug-2026, 44.66, 44.07, 45.30, 44.07, 44.70, 44.75, 44.73, 23723, 10.61, 168, -, -
VOEPL, EQ, 05-Aug-2026, 484.15, 493.00, 510.00, 485.60, 496.50, 498.10, 500.63, 87284, 436.97, 4023, 38411, 44.01
VOGL, EQ, 05-Aug-2026, 37.80, 38.00, 38.24, 36.63, 37.00, 37.10, 37.41, 72930802, 27284.44, 93576, 30482933, 41.80
VOLERCAR, SM, 05-Aug-2026, 218.10, 214.00, 225.00, 214.00, 217.05, 217.05, 217.69, 5600, 12.19, 7, 3200, 57.14
VOLTAMP, EQ, 05-Aug-2026, 9881.50, 9946.50, 10148.00, 9857.00, 10080.00, 10050.00, 10047.36, 52229, 5247.63, 18676, 25869, 49.53
VOLTAS, EQ, 05-Aug-2026, 1327.70, 1329.00, 1329.90, 1297.20, 1300.50, 1300.50, 1311.81, 469461, 6158.43, 29972, 184623, 39.33
VPRPL, BE, 05-Aug-2026, 28.48, 28.60, 29.40, 28.10, 29.33, 29.16, 28.86, 239287, 69.05, 762, -, -
VRAJ, EQ, 05-Aug-2026, 121.59, 122.50, 125.52, 121.70, 124.65, 124.18, 123.08, 43225, 53.20, 952, 29403, 68.02
VRLLOG, EQ, 05-Aug-2026, 280.25, 284.75, 291.95, 275.55, 279.50, 279.00, 283.80, 1171888, 3325.80, 17682, 505976, 43.18
VSSL, EQ, 05-Aug-2026, 304.80, 304.80, 335.00, 303.10, 332.50, 329.35, 324.43, 759558, 2464.24, 11857, 284940, 37.51
VSTIND, EQ, 05-Aug-2026, 221.22, 221.25, 222.99, 221.04, 221.04, 221.41, 222.03, 128108, 284.44, 2847, 77425, 60.44
VSTL, EQ, 05-Aug-2026, 111.52, 112.03, 112.79, 110.13, 110.50, 110.77, 111.01, 5178, 5.75, 149, 4304, 83.12
VSTTILLERS, EQ, 05-Aug-2026, 4462.40, 4462.40, 4515.00, 4446.60, 4505.00, 4482.80, 4481.85, 6610, 296.25, 1664, 3188, 48.23
VTL, EQ, 05-Aug-2026, 598.05, 602.00, 613.50, 594.00, 599.40, 598.00, 605.49, 253440, 1534.56, 15321, 113883, 44.93
WAAREEENER, EQ, 05-Aug-2026, 2670.00, 2686.00, 2700.00, 2672.70, 2697.00, 2697.00, 2688.27, 447229, 12022.73, 25915, 208441, 46.61
WAAREEINDO, EQ, 05-Aug-2026, 313.35, 315.05, 329.00, 308.00, 329.00, 329.00, 322.45, 162364, 523.55, 3108, 82596, 50.87
WAAREERTL, EQ, 05-Aug-2026, 912.60, 913.00, 919.50, 905.00, 905.00, 906.05, 909.51, 121666, 1106.57, 6560, 63347, 52.07
WABAG, EQ, 05-Aug-2026, 1951.40, 1965.90, 2008.00, 1961.10, 1995.00, 2002.80, 1989.89, 290819, 5786.98, 21472, 123659, 42.52
WAKEFIT, EQ, 05-Aug-2026, 128.02, 128.72, 133.35, 127.02, 130.60, 130.85, 130.66, 1176391, 1537.04, 11333, 349171, 29.68
WALCHANNAG, EQ, 05-Aug-2026, 233.88, 236.50, 236.98, 231.66, 232.00, 233.37, 234.42, 276823, 648.93, 3810, 126970, 45.87
WANBURY, EQ, 05-Aug-2026, 278.90, 279.60, 283.00, 266.95, 278.00, 278.80, 274.24, 488860, 1340.65, 12262, 250796, 51.30
WCIL, EQ, 05-Aug-2026, 91.39, 91.78, 92.39, 90.12, 90.70, 90.66, 91.07, 43132, 39.28, 794, 24739, 57.36
WEALTH, EQ, 05-Aug-2026, 928.50, 934.55, 943.00, 927.25, 940.00, 937.10, 934.50, 1065, 9.95, 117, 681, 63.94
WEBELSOLAR, EQ, 05-Aug-2026, 96.32, 96.80, 97.09, 95.20, 95.34, 95.44, 95.74, 842621, 806.71, 6554, 544945, 64.67
WEIZMANIND, EQ, 05-Aug-2026, 77.30, 77.30, 78.90, 77.05, 77.11, 77.11, 77.68, 456, 0.35, 8, 438, 96.05
WEL, EQ, 05-Aug-2026, 117.69, 115.00, 120.00, 115.00, 118.95, 118.96, 118.47, 91465, 108.35, 722, 58817, 64.31
WELCORP, EQ, 05-Aug-2026, 1736.60, 1738.80, 1799.00, 1738.70, 1789.00, 1788.10, 1779.99, 1351428, 24055.25, 52114, 828132, 61.28
WELENT, EQ, 05-Aug-2026, 606.90, 575.00, 598.20, 570.10, 583.20, 584.10, 582.94, 937160, 5463.05, 21806, 453329, 48.37
WELINV, BE, 05-Aug-2026, 1900.00, 1900.00, 1900.00, 1822.10, 1875.00, 1854.20, 1844.90, 55, 1.01, 8, -, -
WELSPLSOL, EQ, 05-Aug-2026, 50.57, 50.57, 51.18, 50.15, 50.53, 50.68, 50.61, 159347, 80.65, 1022, 99001, 62.13
WELSPUNLIV, EQ, 05-Aug-2026, 160.73, 160.70, 164.10, 160.00, 160.79, 160.78, 162.02, 923719, 1496.61, 14233, 306862, 33.22
WENDT, EQ, 05-Aug-2026, 8102.00, 8102.00, 8171.00, 8025.00, 8042.50, 8052.00, 8092.39, 3515, 284.45, 990, 1954, 55.59
WESTLIFE, EQ, 05-Aug-2026, 542.55, 543.95, 597.00, 538.55, 585.00, 587.00, 579.20, 862105, 4993.32, 36308, 206311, 23.93
WEWIN, BE, 05-Aug-2026, 45.21, 46.49, 46.49, 43.50, 43.50, 43.82, 44.15, 3633, 1.60, 47, -, -
WEWORK, EQ, 05-Aug-2026, 737.35, 738.90, 759.25, 732.35, 743.25, 747.70, 750.48, 267859, 2010.22, 16008, 133055, 49.67
WHEELS, EQ, 05-Aug-2026, 1408.80, 1412.00, 1452.00, 1409.20, 1440.00, 1429.60, 1432.86, 86507, 1239.52, 7649, 42969, 49.67
WHIRLPOOL, EQ, 05-Aug-2026, 820.50, 824.05, 841.00, 781.15, 809.00, 808.30, 804.58, 1200348, 9657.76, 54764, 265056, 22.08
WHITEFORCE, SM, 05-Aug-2026, 35.50, 36.10, 39.00, 36.10, 39.00, 39.00, 38.92, 57600, 22.42, 2, 57600, 100.00
WILLAMAGOR, EQ, 05-Aug-2026, 25.60, 25.90, 25.90, 25.25, 25.47, 25.47, 25.34, 1041, 0.26, 10, 1039, 99.81
WINDLAS, EQ, 05-Aug-2026, 862.25, 862.25, 874.55, 851.10, 851.15, 856.85, 860.54, 33048, 284.39, 2046, 20794, 62.92
WINDMACHIN, EQ, 05-Aug-2026, 282.90, 283.35, 284.95, 277.00, 277.50, 279.80, 280.17, 25729, 72.08, 886, 16109, 62.61
WINSOL, SM, 05-Aug-2026, 114.90, 119.00, 119.00, 114.00, 116.50, 116.50, 115.49, 3200, 3.70, 7, 2000, 62.50
WIPL, EQ, 05-Aug-2026, 168.51, 171.50, 171.50, 168.52, 170.00, 170.00, 170.49, 614, 1.05, 22, 541, 88.11
WIPRO, EQ, 05-Aug-2026, 186.30, 187.00, 188.54, 186.07, 186.99, 186.99, 187.01, 8829250, 16511.83, 66846, 5339925, 60.48
WOCKPHARMA, EQ, 05-Aug-2026, 2022.60, 2032.00, 2054.00, 1980.30, 1987.00, 2006.10, 2015.06, 863920, 17408.47, 31419, 397435, 46.00
WOL3D, ST, 05-Aug-2026, 144.90, 140.25, 141.10, 140.20, 141.00, 141.00, 140.40, 9000, 12.64, 5, 9000, 100.00
WOMANCART, SM, 05-Aug-2026, 100.05, 103.90, 103.90, 98.75, 100.70, 99.70, 101.25, 8400, 8.51, 20, 4000, 47.62
WONDERLA, EQ, 05-Aug-2026, 508.85, 522.00, 522.00, 501.85, 502.50, 503.05, 508.01, 227287, 1154.64, 12111, 123706, 54.43
WORTHPERI, EQ, 05-Aug-2026, 152.98, 154.97, 156.00, 147.35, 148.20, 150.18, 153.09, 28499, 43.63, 454, 23428, 82.21
WPIL, EQ, 05-Aug-2026, 446.10, 451.80, 451.80, 434.00, 439.25, 436.55, 439.72, 43510, 191.32, 2538, 24762, 56.91
WSI, EQ, 05-Aug-2026, 60.01, 61.00, 61.00, 60.06, 60.50, 60.45, 60.52, 22683, 13.73, 602, 12992, 57.28
WSTCSTPAPR, EQ, 05-Aug-2026, 571.75, 575.00, 592.00, 572.05, 592.00, 590.40, 584.77, 276354, 1616.03, 16715, 165828, 60.01
WTICAB, SM, 05-Aug-2026, 112.90, 117.95, 117.95, 114.10, 115.00, 115.00, 115.28, 20500, 23.63, 24, 18000, 87.80
XCHANGING, EQ, 05-Aug-2026, 68.39, 68.40, 69.29, 68.01, 68.27, 68.15, 68.60, 78123, 53.59, 941, 49805, 63.75
XELPMOC, EQ, 05-Aug-2026, 81.52, 81.94, 84.20, 81.06, 83.99, 83.28, 82.43, 8116, 6.69, 153, 7398, 91.15
XPROINDIA, EQ, 05-Aug-2026, 1178.20, 1188.00, 1200.00, 1100.00, 1111.00, 1111.80, 1147.51, 336768, 3864.44, 17376, 200693, 59.59
XTGLOBAL, EQ, 05-Aug-2026, 33.17, 33.50, 34.00, 32.46, 33.71, 33.77, 33.44, 85201, 28.49, 1274, 49866, 58.53
XTRANET, BE, 05-Aug-2026, 127.94, 129.10, 130.00, 127.00, 128.00, 128.01, 128.66, 260227, 334.81, 2126, -, -
YAAP, SM, 05-Aug-2026, 152.90, 152.90, 152.90, 147.15, 149.75, 149.35, 149.37, 8000, 11.95, 8, 6000, 75.00
YASHO, EQ, 05-Aug-2026, 4359.90, 4359.90, 4359.90, 4070.00, 4149.90, 4157.50, 4171.20, 164654, 6868.04, 24017, 44305, 26.91
YATHARTH, EQ, 05-Aug-2026, 845.50, 846.50, 863.30, 840.50, 855.15, 858.35, 854.85, 216163, 1847.87, 8707, 119391, 55.23
YATRA, EQ, 05-Aug-2026, 106.95, 107.70, 111.44, 107.05, 109.65, 110.52, 109.86, 1447075, 1589.81, 8222, 711637, 49.18
YCCL, SM, 05-Aug-2026, 9.65, 9.95, 9.95, 9.95, 9.95, 9.95, 9.95, 6000, 0.60, 2, 6000, 100.00
YESBANK, EQ, 05-Aug-2026, 23.00, 23.00, 23.15, 22.82, 22.97, 22.97, 22.97, 69932112, 16062.67, 79687, 32450722, 46.40
YUDIZ, SM, 05-Aug-2026, 27.85, 29.10, 29.10, 29.00, 29.00, 29.00, 29.05, 3200, 0.93, 4, 3200, 100.00
YUKEN, EQ, 05-Aug-2026, 714.90, 714.90, 765.90, 708.10, 755.00, 749.40, 727.09, 47095, 342.42, 799, 41867, 88.90
ZAGGLE, EQ, 05-Aug-2026, 203.84, 204.75, 211.35, 204.00, 209.45, 209.24, 207.45, 784048, 1626.53, 9195, 372736, 47.54
ZEEL, EQ, 05-Aug-2026, 99.55, 100.38, 101.50, 94.09, 94.19, 94.55, 97.13, 33657854, 32692.48, 106386, 12068806, 35.86
ZEELEARN, BE, 05-Aug-2026, 8.07, 8.19, 8.19, 7.92, 8.04, 8.01, 8.04, 155860, 12.53, 339, -, -
ZEEMEDIA, EQ, 05-Aug-2026, 7.05, 7.16, 7.22, 6.92, 6.96, 6.95, 7.01, 2634358, 184.65, 3163, 2016991, 76.56
ZENITHDRUG, SM, 05-Aug-2026, 47.50, 47.50, 47.50, 45.00, 45.00, 45.00, 45.36, 34400, 15.60, 29, 32800, 95.35
ZENITHEXPO, EQ, 05-Aug-2026, 197.00, 197.01, 199.40, 193.35, 194.11, 194.28, 194.51, 796, 1.55, 33, 685, 86.06
ZENITHSTL, EQ, 05-Aug-2026, 5.61, 5.48, 5.72, 5.48, 5.69, 5.64, 5.66, 38869, 2.20, 143, 35719, 91.90
ZENSARTECH, EQ, 05-Aug-2026, 511.80, 513.10, 515.95, 497.60, 499.30, 500.35, 504.84, 1207594, 6096.44, 24169, 551361, 45.66
ZENTEC, EQ, 05-Aug-2026, 1683.40, 1697.90, 1699.60, 1669.00, 1671.00, 1674.70, 1682.81, 174016, 2928.36, 11138, 72441, 41.63
ZFCVINDIA, EQ, 05-Aug-2026, 2555.60, 2594.00, 2607.70, 2555.60, 2600.00, 2589.90, 2587.59, 127564, 3300.83, 17533, 71195, 55.81
ZFSTEERING, EQ, 05-Aug-2026, 665.95, 667.15, 678.80, 660.10, 676.90, 671.40, 669.41, 3142, 21.03, 248, 1856, 59.07
ZIMLAB, BE, 05-Aug-2026, 109.03, 108.70, 114.48, 107.00, 114.48, 114.46, 111.39, 26802, 29.86, 158, -, -
ZODIAC, EQ, 05-Aug-2026, 257.60, 252.00, 262.85, 243.35, 259.20, 255.20, 256.92, 16928, 43.49, 1007, 7944, 46.93
ZODIACLOTH, EQ, 05-Aug-2026, 76.93, 78.00, 78.00, 76.92, 77.93, 77.54, 77.70, 1445, 1.12, 35, 984, 68.10
ZOTA, EQ, 05-Aug-2026, 1252.50, 1288.00, 1288.20, 1248.00, 1252.00, 1251.60, 1267.71, 30557, 387.37, 2258, 15365, 50.28
ZSARACOM, EQ, 05-Aug-2026, 12048.00, 12048.00, 12320.00, 11413.00, 12132.00, 11932.00, 11863.06, 63, 7.47, 30, 54, 85.71
ZTECH, SM, 05-Aug-2026, 528.30, 530.00, 535.00, 515.00, 515.00, 516.65, 521.17, 15600, 81.30, 48, 11700, 75.00
ZUARI, EQ, 05-Aug-2026, 231.65, 232.62, 234.29, 226.80, 227.40, 227.45, 228.82, 143103, 327.45, 3228, 78741, 55.02
ZUARIIND, EQ, 05-Aug-2026, 263.65, 263.65, 265.00, 258.25, 261.00, 260.70, 262.76, 11327, 29.76, 359, 6219, 54.90
ZYDUSLIFE, EQ, 05-Aug-2026, 1130.00, 1130.00, 1130.00, 1103.80, 1121.10, 1121.10, 1113.54, 1051304, 11706.74, 31561, 608928, 57.92
ZYDUSWELL, EQ, 05-Aug-2026, 550.20, 559.35, 563.00, 525.10, 527.00, 530.40, 540.53, 836105, 4519.39, 24796, 391941, 46.88
