SYMBOL, SERIES, DATE1, PREV_CLOSE, OPEN_PRICE, HIGH_PRICE, LOW_PRICE, LAST_PRICE, CLOSE_PRICE, AVG_PRICE, TTL_TRD_QNTY, TURNOVER_LACS, NO_OF_TRADES, DELIV_QTY, DELIV_PER
1018GS2026, GS, 14-Aug-2026, 104.65, 104.74, 104.74, 104.10, 104.30, 104.30, 104.61, 4658, 4.87, 7, 3698, 79.39
20MICRONS, EQ, 14-Aug-2026, 183.08, 182.28, 193.00, 182.00, 191.00, 190.90, 189.08, 219809, 415.61, 4297, 109556, 49.84
21STCENMGM, EQ, 14-Aug-2026, 43.19, 44.04, 44.05, 42.35, 44.05, 44.05, 43.81, 20836, 9.13, 107, 16664, 79.98
360ONE, EQ, 14-Aug-2026, 1183.00, 1179.00, 1191.50, 1167.00, 1180.00, 1180.00, 1178.95, 396813, 4678.24, 23944, 158281, 39.89
3BBLACKBIO, EQ, 14-Aug-2026, 1225.50, 1181.20, 1197.90, 1140.00, 1175.00, 1174.60, 1171.31, 28814, 337.50, 2550, 18749, 65.07
3IINFOLTD, BE, 14-Aug-2026, 26.93, 26.80, 27.50, 25.59, 27.00, 26.95, 26.16, 734406, 192.11, 1547, -, -
3MINDIA, EQ, 14-Aug-2026, 36165.00, 36565.00, 37300.00, 35000.00, 35250.00, 35340.00, 35932.71, 20827, 7483.71, 10314, 3110, 14.93
3PLAND, EQ, 14-Aug-2026, 32.33, 32.50, 32.50, 31.55, 32.35, 32.18, 32.26, 1357, 0.44, 25, 1285, 94.69
591GS2028, GS, 14-Aug-2026, 100.55, 100.65, 100.65, 99.50, 99.50, 99.50, 99.76, 1286, 1.28, 2, 1286, 100.00
5PAISA, EQ, 14-Aug-2026, 391.65, 393.40, 408.35, 381.05, 390.00, 383.80, 393.68, 109705, 431.88, 4107, 40349, 36.78
610GS2031, GS, 14-Aug-2026, 101.00, 101.00, 101.00, 101.00, 101.00, 101.00, 101.00, 1, 0.00, 1, 1, 100.00
636GS2031, GS, 14-Aug-2026, 103.00, 101.00, 101.00, 99.10, 99.50, 99.50, 100.32, 3707, 3.72, 15, 3707, 100.00
63MOONS, EQ, 14-Aug-2026, 800.80, 801.65, 807.00, 782.00, 785.00, 786.25, 790.48, 255921, 2023.00, 10243, 80881, 31.60
645GS2029, GS, 14-Aug-2026, 102.12, 101.90, 101.90, 101.90, 101.90, 101.90, 101.90, 1, 0.00, 1, 1, 100.00
648GS2035, GS, 14-Aug-2026, 99.60, 99.04, 99.25, 99.04, 99.25, 99.25, 99.18, 1200, 1.19, 8, 1200, 100.00
654GS2032, GS, 14-Aug-2026, 100.00, 99.90, 100.00, 99.50, 100.00, 100.00, 99.99, 10660, 10.66, 6, 10583, 99.28
667GS2050, GS, 14-Aug-2026, 92.80, 92.80, 92.80, 92.01, 92.11, 92.11, 92.34, 1130, 1.04, 10, 840, 74.34
668GS2040, GS, 14-Aug-2026, 98.25, 96.81, 99.25, 96.81, 98.05, 98.67, 98.25, 58306, 57.29, 18, 51653, 88.59
675GS2029, GS, 14-Aug-2026, 101.64, 101.60, 101.60, 101.60, 101.60, 101.60, 101.60, 48, 0.05, 2, 48, 100.00
676GS2061, GS, 14-Aug-2026, 93.90, 94.80, 94.80, 93.51, 94.35, 94.35, 94.19, 35423, 33.36, 27, 29010, 81.90
679GS2034, GS, 14-Aug-2026, 103.00, 101.26, 103.00, 101.26, 103.00, 103.00, 102.27, 3099, 3.17, 4, 1999, 64.50
690GS2065, GS, 14-Aug-2026, 94.90, 94.95, 95.90, 94.90, 95.90, 95.90, 95.45, 5142, 4.91, 8, 4960, 96.46
694GS2036, GS, 14-Aug-2026, 103.00, 102.65, 102.65, 101.85, 101.85, 101.85, 101.85, 7021, 7.15, 3, 7020, 99.99
699GS2051, GS, 14-Aug-2026, 95.95, 96.80, 96.80, 95.91, 95.91, 95.91, 96.67, 64, 0.06, 3, 64, 100.00
702GS2031, GS, 14-Aug-2026, 102.85, 103.50, 103.50, 103.50, 103.50, 103.50, 103.50, 1102, 1.14, 1, 1102, 100.00
706GS2028, GS, 14-Aug-2026, 103.69, 104.10, 104.10, 104.05, 104.05, 104.05, 104.08, 1151, 1.20, 2, 1151, 100.00
706GS2046, GS, 14-Aug-2026, 102.50, 106.99, 106.99, 106.99, 106.99, 106.99, 106.99, 1, 0.00, 1, 1, 100.00
709GS2054, GS, 14-Aug-2026, 96.47, 98.25, 98.25, 96.50, 96.99, 96.99, 96.85, 39147, 37.91, 8, 39128, 99.95
709GS2074, GS, 14-Aug-2026, 96.07, 96.00, 96.30, 95.85, 96.30, 96.30, 96.19, 7226, 6.95, 12, 7226, 100.00
710GS2029, GS, 14-Aug-2026, 103.50, 105.00, 105.00, 105.00, 105.00, 105.00, 105.00, 100, 0.11, 1, 100, 100.00
718GS2037, GS, 14-Aug-2026, 103.22, 106.99, 106.99, 103.50, 103.80, 103.80, 103.54, 21228, 21.98, 9, 20225, 95.28
719GS2060, GS, 14-Aug-2026, 99.80, 99.80, 99.80, 99.00, 99.00, 99.00, 99.04, 20, 0.02, 2, 20, 100.00
724GS2055, GS, 14-Aug-2026, 101.52, 101.50, 101.70, 101.50, 101.70, 101.70, 101.54, 4500, 4.57, 3, 4500, 100.00
725GS2063, GS, 14-Aug-2026, 98.21, 98.50, 99.00, 98.40, 98.60, 98.59, 98.47, 2082850, 2050.93, 205, 2068850, 99.33
726GS2032, GS, 14-Aug-2026, 107.00, 107.00, 107.00, 106.75, 106.75, 106.75, 106.76, 1820, 1.94, 4, 1820, 100.00
732GS2030, GS, 14-Aug-2026, 103.01, 103.46, 104.00, 103.46, 104.00, 104.00, 103.73, 200, 0.21, 2, 100, 50.00
733GS2026, GS, 14-Aug-2026, 101.55, 101.59, 101.59, 101.59, 101.59, 101.59, 101.59, 200, 0.20, 1, 200, 100.00
734GS2064, GS, 14-Aug-2026, 100.34, 100.40, 100.59, 100.03, 100.50, 100.50, 100.33, 63439, 63.65, 16, 63435, 99.99
737GS2028, GS, 14-Aug-2026, 104.80, 104.80, 107.00, 104.80, 105.00, 105.00, 105.11, 2102, 2.21, 6, 2102, 100.00
738GS2027, GS, 14-Aug-2026, 102.39, 102.40, 102.50, 102.24, 102.50, 102.32, 102.31, 21370, 21.86, 10, 21370, 100.00
73GS2053, GS, 14-Aug-2026, 100.05, 99.65, 100.55, 99.56, 100.55, 100.54, 100.16, 22486, 22.52, 14, 21886, 97.33
741GS2036, GS, 14-Aug-2026, 105.27, 105.05, 105.05, 105.00, 105.00, 105.00, 105.00, 20190, 21.20, 51, 20190, 100.00
743GS2076, GS, 14-Aug-2026, 99.86, 100.50, 100.90, 100.50, 100.90, 100.90, 100.89, 6100, 6.15, 5, 6100, 100.00
746GS2073, GS, 14-Aug-2026, 100.89, 101.20, 101.30, 101.00, 101.00, 101.00, 101.08, 1273, 1.29, 8, 1173, 92.14
74GS2062, GS, 14-Aug-2026, 102.00, 104.00, 104.00, 101.00, 101.01, 101.01, 101.05, 6345, 6.41, 15, 6345, 100.00
754GS2036, GS, 14-Aug-2026, 106.81, 106.81, 107.35, 106.80, 107.20, 107.17, 106.98, 791959, 847.21, 218, 732386, 92.48
762GS2039, GS, 14-Aug-2026, 105.70, 107.41, 107.41, 107.41, 107.41, 107.41, 107.41, 3359, 3.61, 4, 3359, 100.00
771GS2066, GS, 14-Aug-2026, 104.53, 104.60, 105.00, 104.55, 105.00, 105.00, 104.64, 5903, 6.18, 9, 5903, 100.00
813GS2045, GS, 14-Aug-2026, 113.99, 113.99, 113.99, 113.99, 113.99, 113.99, 113.99, 1, 0.00, 1, 1, 100.00
828GS2032, GS, 14-Aug-2026, 110.52, 110.00, 110.00, 109.00, 110.00, 110.00, 109.94, 5399, 5.94, 16, 5399, 100.00
897GS2030, GS, 14-Aug-2026, 113.98, 111.00, 111.20, 111.00, 111.20, 111.20, 111.02, 4249, 4.72, 12, 4200, 98.85
92GS2030, GS, 14-Aug-2026, 114.67, 114.75, 115.00, 113.50, 114.82, 114.82, 114.82, 2527, 2.90, 6, 2527, 100.00
A2ZINFRA, EQ, 14-Aug-2026, 14.97, 14.70, 15.18, 14.58, 14.90, 14.72, 14.82, 176616, 26.17, 471, 131474, 74.44
AAATECH, EQ, 14-Aug-2026, 90.36, 90.36, 92.50, 90.36, 92.40, 92.18, 91.60, 12899, 11.82, 444, 6746, 52.30
AADHARHFC, EQ, 14-Aug-2026, 503.20, 499.40, 503.10, 497.00, 498.65, 498.20, 500.03, 159621, 798.16, 7237, 100378, 62.89
AAKAAR, SM, 14-Aug-2026, 53.35, 51.00, 52.75, 50.70, 50.70, 50.70, 50.88, 36800, 18.72, 23, 32000, 86.96
AAKASH, EQ, 14-Aug-2026, 8.71, 8.78, 8.91, 8.75, 8.83, 8.79, 8.80, 56830, 5.00, 243, 45845, 80.67
AARADHYA, SM, 14-Aug-2026, 71.45, 70.25, 70.25, 69.35, 69.35, 69.35, 69.82, 7200, 5.03, 3, 7200, 100.00
AAREYDRUGS, BE, 14-Aug-2026, 84.49, 84.39, 87.50, 81.21, 82.00, 83.87, 85.33, 176407, 150.53, 273, -, -
AARNAV, EQ, 14-Aug-2026, 32.91, 32.81, 32.91, 30.96, 31.40, 31.46, 31.56, 47462, 14.98, 571, 32207, 67.86
AARON, EQ, 14-Aug-2026, 140.95, 140.95, 145.00, 134.07, 137.50, 135.46, 139.26, 13239, 18.44, 418, 7371, 55.68
AARTECH, BE, 14-Aug-2026, 51.09, 50.50, 51.80, 49.10, 50.50, 50.23, 50.19, 73254, 36.77, 181, -, -
AARTIDRUGS, EQ, 14-Aug-2026, 427.70, 429.00, 430.00, 414.10, 415.00, 416.35, 421.02, 165069, 694.97, 6156, 97098, 58.82
AARTIIND, EQ, 14-Aug-2026, 538.20, 538.20, 538.20, 512.50, 535.00, 534.10, 526.63, 2578695, 13580.22, 47215, 936416, 36.31
AARTIPHARM, EQ, 14-Aug-2026, 873.65, 873.00, 881.50, 845.30, 854.70, 851.20, 861.03, 395281, 3403.49, 18415, 153879, 38.93
AARTISURF, EQ, 14-Aug-2026, 645.85, 645.00, 677.70, 632.15, 651.30, 658.55, 659.96, 103714, 684.47, 7208, 43099, 41.56
AARVI, EQ, 14-Aug-2026, 154.78, 154.01, 158.00, 152.70, 153.01, 153.47, 153.91, 12338, 18.99, 231, 9277, 75.19
AASTHA, EQ, 14-Aug-2026, 74.53, 74.10, 75.47, 73.50, 74.33, 74.31, 74.57, 321964, 240.07, 2775, 163786, 50.87
AATMAJ, SM, 14-Aug-2026, 18.60, 18.05, 18.10, 18.05, 18.10, 18.10, 18.08, 4000, 0.72, 2, 4000, 100.00
AAVAS, EQ, 14-Aug-2026, 1431.80, 1431.80, 1435.90, 1385.20, 1394.00, 1397.40, 1407.13, 51565, 725.59, 11634, 29524, 57.26
ABAN, BE, 14-Aug-2026, 18.83, 18.46, 18.46, 18.46, 18.46, 18.46, 18.46, 1111, 0.21, 17, -, -
ABANSENT, EQ, 14-Aug-2026, 28.94, 30.38, 30.38, 30.38, 30.38, 30.38, 30.38, 14445, 4.39, 38, 14443, 99.99
ABB, EQ, 14-Aug-2026, 7710.00, 7710.00, 7825.00, 7639.00, 7649.00, 7649.00, 7715.48, 163080, 12582.41, 24337, 60161, 36.89
ABBOTINDIA, EQ, 14-Aug-2026, 27620.00, 27800.00, 27800.00, 27000.00, 27040.00, 27060.00, 27236.49, 18516, 5043.11, 5492, 14030, 75.77
ABCAPITAL, EQ, 14-Aug-2026, 407.70, 405.60, 408.20, 401.00, 401.00, 401.00, 402.88, 1264602, 5094.83, 23940, 662336, 52.38
ABCOTS, EQ, 14-Aug-2026, 199.03, 201.00, 201.00, 198.90, 198.90, 199.00, 199.68, 3258, 6.51, 152, 2003, 61.48
ABDL, EQ, 14-Aug-2026, 627.70, 630.70, 631.95, 591.10, 601.00, 599.45, 605.03, 528711, 3198.85, 13645, 266477, 50.40
ABFRL, EQ, 14-Aug-2026, 56.73, 56.86, 57.33, 55.66, 56.09, 55.98, 56.35, 5318321, 2996.76, 25113, 2950442, 55.48
ABGSEC, EQ, 14-Aug-2026, 115.14, 115.49, 115.49, 115.49, 115.49, 115.49, 115.49, 23, 0.03, 4, 23, 100.00
ABHAPOWER, SM, 14-Aug-2026, 24.65, 24.65, 25.65, 24.35, 25.65, 25.65, 24.99, 9600, 2.40, 6, 6400, 66.67
ABINFRA, EQ, 14-Aug-2026, 11.15, 11.17, 11.49, 10.46, 10.78, 10.81, 11.03, 1387821, 153.07, 1383, 320233, 23.07
ABLBL, EQ, 14-Aug-2026, 89.96, 89.97, 90.24, 88.65, 88.99, 88.77, 89.28, 446038, 398.23, 6531, 268991, 60.31
ABMINTLLTD, EQ, 14-Aug-2026, 69.37, 72.80, 72.80, 62.44, 62.44, 62.44, 67.42, 23052, 15.54, 223, 15652, 67.90
ABMKNO, EQ, 14-Aug-2026, 199.96, 200.00, 203.00, 196.01, 200.00, 199.77, 199.43, 6433, 12.83, 32, 6284, 97.68
ABREL, EQ, 14-Aug-2026, 1393.80, 1401.00, 1427.90, 1381.20, 1400.00, 1402.90, 1398.06, 201919, 2822.94, 16247, 92781, 45.95
ABSL10BANK, EQ, 14-Aug-2026, 169.26, 168.99, 170.50, 168.75, 170.50, 169.44, 169.08, 1787, 3.02, 40, 1568, 87.74
ABSLAMC, EQ, 14-Aug-2026, 1026.40, 1030.00, 1030.00, 1010.00, 1011.80, 1011.20, 1018.47, 61108, 622.37, 10964, 31662, 51.81
ABSLBANETF, EQ, 14-Aug-2026, 59.18, 59.35, 59.35, 58.91, 59.09, 59.10, 59.10, 21376, 12.63, 167, 19926, 93.22
ABSLLIQUID, EQ, 14-Aug-2026, 1000.00, 999.99, 1000.01, 999.99, 1000.00, 1000.00, 1000.00, 7248, 72.48, 32, 5274, 72.76
ABSLMSCIN, EQ, 14-Aug-2026, 30.00, 30.09, 30.09, 29.96, 29.98, 29.98, 30.05, 953, 0.29, 5, 953, 100.00
ABSLNN50ET, EQ, 14-Aug-2026, 78.18, 78.78, 78.78, 78.32, 78.50, 78.48, 78.45, 4165, 3.27, 166, 3569, 85.69
ABSLPSE, EQ, 14-Aug-2026, 10.28, 10.30, 10.30, 10.20, 10.20, 10.21, 10.22, 148689, 15.20, 377, 123321, 82.94
ABSMARINE, ST, 14-Aug-2026, 223.30, 223.95, 234.45, 223.95, 234.45, 234.45, 232.81, 70500, 164.13, 116, 69000, 97.87
ACC, EQ, 14-Aug-2026, 1324.70, 1332.00, 1332.00, 1319.00, 1321.50, 1321.40, 1322.45, 99400, 1314.52, 8003, 56307, 56.65
ACCELYA, EQ, 14-Aug-2026, 1133.90, 1133.90, 1147.90, 1130.60, 1142.90, 1139.70, 1139.11, 3790, 43.17, 340, 2358, 62.22
ACCENTMIC, SM, 14-Aug-2026, 569.35, 570.95, 585.00, 570.00, 583.50, 583.00, 577.75, 69500, 401.54, 123, 51500, 74.10
ACCPL, ST, 14-Aug-2026, 184.45, 182.00, 192.00, 182.00, 192.00, 190.50, 188.03, 10800, 20.31, 8, 10800, 100.00
ACCURACY, BE, 14-Aug-2026, 4.75, 4.81, 4.98, 4.61, 4.87, 4.83, 4.89, 156944, 7.68, 243, -, -
ACE, EQ, 14-Aug-2026, 1078.30, 1079.10, 1092.50, 1076.50, 1090.50, 1085.60, 1083.86, 153417, 1662.82, 7661, 78569, 51.21
ACEINTEG, EQ, 14-Aug-2026, 17.42, 17.96, 17.98, 17.54, 17.80, 17.80, 17.93, 3254, 0.58, 68, 3034, 93.24
ACETEC, SM, 14-Aug-2026, 121.50, 125.95, 129.15, 125.95, 129.15, 127.05, 127.03, 3600, 4.57, 3, 3600, 100.00
ACI, EQ, 14-Aug-2026, 509.25, 511.95, 511.95, 501.15, 504.95, 503.30, 505.49, 85513, 432.26, 4774, 55916, 65.39
ACL, EQ, 14-Aug-2026, 46.08, 46.80, 46.80, 45.60, 46.21, 46.14, 46.24, 8242, 3.81, 161, 5111, 62.01
ACMESOLAR, EQ, 14-Aug-2026, 374.50, 374.55, 379.00, 372.15, 372.40, 374.10, 375.50, 440108, 1652.62, 13010, 259986, 59.07
ACSTECH, EQ, 14-Aug-2026, 48.52, 50.50, 52.25, 49.50, 50.00, 49.98, 50.53, 590961, 298.60, 1624, 271719, 45.98
ACUTAAS, EQ, 14-Aug-2026, 3110.60, 3111.00, 3255.00, 3111.00, 3228.90, 3235.60, 3211.72, 331013, 10631.22, 37931, 157231, 47.50
ADANIENSOL, EQ, 14-Aug-2026, 1583.00, 1588.00, 1624.00, 1575.00, 1616.00, 1616.00, 1602.05, 7047548, 112905.56, 84652, 4691915, 66.58
ADANIENT, EQ, 14-Aug-2026, 2964.90, 2965.00, 3048.00, 2950.00, 3035.10, 3035.10, 3013.28, 1666749, 50223.87, 61603, 691114, 41.46
ADANIGREEN, EQ, 14-Aug-2026, 1319.00, 1319.00, 1348.00, 1315.10, 1348.00, 1348.00, 1334.81, 1093447, 14595.40, 29419, 285634, 26.12
ADANIPORTS, EQ, 14-Aug-2026, 1658.00, 1658.00, 1700.00, 1657.20, 1700.00, 1700.00, 1685.39, 1978204, 33340.41, 68467, 928654, 46.94
ADANIPOWER, EQ, 14-Aug-2026, 206.10, 205.91, 208.14, 205.00, 205.25, 205.25, 206.14, 13864195, 28578.99, 86771, 6289411, 45.36
ADDICTIVE, SM, 14-Aug-2026, 40.15, 38.90, 42.15, 38.90, 42.15, 42.15, 41.66, 7500, 3.12, 10, 7500, 100.00
ADFFOODS, EQ, 14-Aug-2026, 261.85, 262.90, 268.10, 259.40, 265.05, 262.45, 263.67, 127124, 335.19, 6961, 45484, 35.78
ADISOFT, SM, 14-Aug-2026, 171.75, 175.20, 187.00, 170.00, 181.00, 183.30, 178.89, 61600, 110.20, 72, 46400, 75.32
ADL, EQ, 14-Aug-2026, 70.71, 70.50, 71.01, 68.40, 70.39, 69.54, 68.79, 2535, 1.74, 35, 2054, 81.03
ADOR, EQ, 14-Aug-2026, 1500.30, 1519.80, 1582.20, 1478.80, 1546.10, 1538.50, 1547.67, 74207, 1148.48, 6763, 36533, 49.23
ADROITINFO, EQ, 14-Aug-2026, 9.94, 9.62, 10.40, 9.62, 9.81, 9.81, 9.95, 13544, 1.35, 91, 11137, 82.23
ADSL, EQ, 14-Aug-2026, 113.77, 114.00, 114.90, 112.51, 113.03, 112.82, 113.48, 63785, 72.38, 1380, 30408, 47.67
ADVAIT, EQ, 14-Aug-2026, 2082.60, 2095.00, 2163.80, 2080.60, 2107.00, 2095.20, 2109.49, 51469, 1085.73, 6660, 20012, 38.88
ADVANCE, EQ, 14-Aug-2026, 119.20, 119.10, 120.79, 118.24, 118.50, 118.79, 119.34, 82889, 98.92, 1409, 53542, 64.59
ADVANIHOTR, EQ, 14-Aug-2026, 51.44, 51.44, 53.60, 51.00, 52.30, 52.09, 52.85, 62739, 33.16, 473, 52686, 83.98
ADVENTHTL, EQ, 14-Aug-2026, 143.30, 142.00, 144.14, 139.10, 142.20, 141.58, 141.94, 92304, 131.02, 1716, 52648, 57.04
ADVENZYMES, EQ, 14-Aug-2026, 300.85, 301.70, 308.75, 299.25, 303.00, 304.30, 304.23, 343928, 1046.32, 6216, 178284, 51.84
AEGISLOG, EQ, 14-Aug-2026, 1247.00, 1244.00, 1290.00, 1242.00, 1263.00, 1265.40, 1270.74, 515288, 6547.98, 23340, 186170, 36.13
AEGISVOPAK, EQ, 14-Aug-2026, 271.50, 273.00, 274.70, 267.80, 269.55, 269.10, 271.35, 403221, 1094.13, 9243, 164938, 40.91
AEPL, EQ, 14-Aug-2026, 15.67, 15.67, 15.67, 15.23, 15.30, 15.30, 15.35, 26872, 4.12, 225, 20095, 74.78
AEQUS, EQ, 14-Aug-2026, 252.29, 253.00, 259.00, 248.83, 249.55, 249.64, 253.87, 3888971, 9872.86, 50795, 1585734, 40.78
AEROENTER, EQ, 14-Aug-2026, 125.18, 126.00, 129.90, 121.31, 127.98, 127.95, 126.15, 555683, 700.99, 6567, 265917, 47.85
AEROFLEX, EQ, 14-Aug-2026, 448.25, 448.95, 464.80, 448.95, 459.75, 459.85, 458.63, 1134930, 5205.11, 22250, 492312, 43.38
AERON, SM, 14-Aug-2026, 77.50, 76.05, 76.05, 76.05, 76.05, 76.05, 76.05, 3000, 2.28, 3, 3000, 100.00
AERONEU, EQ, 14-Aug-2026, 84.21, 83.14, 88.00, 82.91, 84.51, 86.00, 83.61, 25957, 21.70, 314, 7924, 30.53
AEROPLANE, EQ, 14-Aug-2026, 191.36, 191.36, 195.00, 188.01, 188.30, 192.14, 191.35, 319876, 612.07, 3162, 169876, 53.11
AESTHETIK, SM, 14-Aug-2026, 74.85, 74.90, 74.90, 71.50, 71.50, 71.50, 71.91, 9000, 6.47, 7, 9000, 100.00
AETHER, EQ, 14-Aug-2026, 1580.10, 1588.00, 1658.00, 1582.50, 1629.90, 1625.10, 1636.42, 262061, 4288.43, 26396, 107973, 41.20
AFCONS, EQ, 14-Aug-2026, 271.60, 269.50, 272.95, 268.20, 268.80, 268.80, 269.91, 379340, 1023.86, 7817, 232710, 61.35
AFFLE, EQ, 14-Aug-2026, 1643.00, 1643.00, 1676.30, 1632.50, 1670.00, 1668.80, 1663.27, 103119, 1715.14, 15941, 48602, 47.13
AFFORDABLE, BE, 14-Aug-2026, 191.46, 181.89, 181.89, 181.89, 181.89, 181.89, 181.89, 9572, 17.41, 190, -, -
AFIL, EQ, 14-Aug-2026, 9.90, 9.76, 10.00, 9.61, 9.76, 9.68, 9.77, 280176, 27.38, 420, 203415, 72.60
AFSL, EQ, 14-Aug-2026, 212.23, 212.10, 214.22, 203.00, 206.90, 204.67, 207.08, 9359, 19.38, 301, 6019, 64.31
AGARIND, EQ, 14-Aug-2026, 499.50, 485.00, 494.00, 482.00, 487.00, 484.75, 485.78, 42780, 207.82, 1719, 25979, 60.73
AGARWALEYE, EQ, 14-Aug-2026, 508.50, 505.00, 511.40, 502.00, 506.30, 506.50, 507.63, 564021, 2863.14, 24200, 379263, 67.24
AGARWALFT, SM, 14-Aug-2026, 36.75, 34.95, 34.95, 34.95, 34.95, 34.95, 34.95, 1500, 0.52, 1, 1500, 100.00
AGARWALTUF, SM, 14-Aug-2026, 143.75, 145.20, 145.20, 141.25, 142.00, 142.00, 142.44, 7200, 10.26, 5, 4800, 66.67
AGI, EQ, 14-Aug-2026, 701.90, 701.90, 710.70, 701.90, 704.70, 703.80, 705.61, 30325, 213.97, 1687, 18711, 61.70
AGIIL, EQ, 14-Aug-2026, 297.90, 300.00, 304.90, 298.80, 300.50, 301.90, 301.98, 2533929, 7652.06, 16522, 675994, 26.68
AGL, EQ, 14-Aug-2026, 14.83, 14.95, 15.19, 14.50, 14.75, 14.91, 14.85, 2095582, 311.15, 5560, 1032371, 49.26
AGNI, SM, 14-Aug-2026, 16.10, 16.50, 16.50, 15.60, 15.60, 15.60, 16.00, 12500, 2.00, 5, 7500, 60.00
AGRITECH, EQ, 14-Aug-2026, 107.61, 106.12, 108.80, 103.00, 105.00, 105.49, 105.63, 4189, 4.42, 195, 3307, 78.94
AGROPHOS, EQ, 14-Aug-2026, 28.24, 29.00, 29.00, 27.11, 27.48, 27.33, 27.76, 34399, 9.55, 290, 25752, 74.86
AGSTRA, BZ, 14-Aug-2026, 2.03, 2.06, 2.06, 1.97, 2.04, 2.01, 2.01, 149391, 3.00, 301, -, -
AHCL, EQ, 14-Aug-2026, 14.25, 14.23, 14.55, 14.10, 14.52, 14.43, 14.37, 2724717, 391.44, 2506, 1068747, 39.22
AHLADA, EQ, 14-Aug-2026, 41.09, 41.00, 41.90, 37.90, 39.00, 38.36, 38.69, 14833, 5.74, 264, 9738, 65.65
AHLEAST, EQ, 14-Aug-2026, 141.35, 144.89, 144.89, 136.21, 140.70, 138.12, 138.80, 4836, 6.71, 143, 1778, 36.77
AHLUCONT, EQ, 14-Aug-2026, 819.95, 822.00, 848.00, 815.15, 840.00, 837.35, 835.73, 39157, 327.25, 5004, 18950, 48.39
AHLWEST, BE, 14-Aug-2026, 545.00, 521.00, 555.00, 521.00, 550.00, 550.00, 542.01, 409, 2.22, 18, -, -
AIAENG, EQ, 14-Aug-2026, 4435.10, 4437.90, 4629.90, 4414.70, 4470.00, 4482.80, 4562.93, 97062, 4428.87, 22554, 31705, 32.66
AIIL, EQ, 14-Aug-2026, 579.10, 579.80, 583.00, 561.65, 569.00, 564.90, 570.50, 94880, 541.29, 6874, 42051, 44.32
AILIMITED, SM, 14-Aug-2026, 37.70, 35.85, 35.85, 35.85, 35.85, 35.85, 35.85, 1500, 0.54, 1, 1500, 100.00
AIMTRON, SM, 14-Aug-2026, 1647.75, 1658.00, 1740.00, 1603.15, 1738.00, 1731.15, 1689.85, 53000, 895.62, 235, 33800, 63.77
AIRAN, EQ, 14-Aug-2026, 14.99, 15.44, 15.99, 15.05, 15.40, 15.26, 15.57, 155521, 24.21, 638, 100453, 64.59
AIROLAM, EQ, 14-Aug-2026, 90.74, 90.00, 90.00, 87.05, 88.00, 87.29, 88.33, 3802, 3.36, 85, 3634, 95.58
AISL, SM, 14-Aug-2026, 58.00, 58.00, 58.10, 58.00, 58.00, 58.00, 58.00, 36600, 21.23, 7, 36600, 100.00
AJANTPHARM, EQ, 14-Aug-2026, 3614.60, 3620.90, 3700.60, 3603.10, 3686.90, 3672.80, 3660.94, 95494, 3495.98, 21171, 49429, 51.76
AJAXENGG, EQ, 14-Aug-2026, 565.45, 561.00, 597.40, 551.15, 570.00, 582.20, 567.24, 292385, 1658.53, 11006, 165307, 56.54
AJMERA, EQ, 14-Aug-2026, 117.18, 117.25, 121.49, 116.38, 119.00, 118.23, 119.05, 222043, 264.35, 2934, 104726, 47.16
AJOONI, EQ, 14-Aug-2026, 3.77, 3.75, 4.03, 3.75, 3.89, 3.86, 3.82, 302997, 11.59, 494, 221865, 73.22
AKANKSHA, SM, 14-Aug-2026, 113.10, 117.10, 118.75, 117.10, 118.75, 118.75, 118.58, 28000, 33.20, 22, 24000, 85.71
AKASH, EQ, 14-Aug-2026, 26.23, 26.23, 26.60, 24.00, 24.36, 24.60, 25.02, 51219, 12.82, 342, 25140, 49.08
AKCAPIT, EQ, 14-Aug-2026, 1697.80, 1732.70, 1772.50, 1716.60, 1730.10, 1737.00, 1737.47, 1694, 29.43, 297, 1338, 78.98
AKG, EQ, 14-Aug-2026, 8.72, 8.30, 8.80, 8.30, 8.77, 8.72, 8.73, 19757, 1.73, 102, 16168, 81.83
AKI, EQ, 14-Aug-2026, 4.23, 4.22, 4.31, 4.01, 4.11, 4.15, 4.14, 119065, 4.92, 337, 75782, 63.65
AKIKO, ST, 14-Aug-2026, 337.60, 337.60, 345.00, 337.60, 340.00, 340.00, 340.43, 31200, 106.21, 26, 31200, 100.00
AKSHAR, EQ, 14-Aug-2026, 0.40, 0.42, 0.42, 0.40, 0.42, 0.41, 0.42, 375652, 1.56, 190, 224680, 59.81
AKSHARCHEM, BE, 14-Aug-2026, 296.12, 310.90, 310.92, 299.60, 309.68, 305.64, 309.27, 49946, 154.47, 442, -, -
AKSHOPTFBR, BE, 14-Aug-2026, 6.75, 6.98, 6.99, 6.55, 6.63, 6.65, 6.78, 252450, 17.11, 339, -, -
AKUMS, EQ, 14-Aug-2026, 751.85, 748.15, 763.25, 724.80, 724.80, 726.60, 735.33, 184803, 1358.92, 13679, 87004, 47.08
ALANKIT, EQ, 14-Aug-2026, 8.11, 8.01, 8.50, 8.01, 8.16, 8.29, 8.25, 99691, 8.22, 489, 64912, 65.11
ALBERTDAVD, EQ, 14-Aug-2026, 802.10, 801.90, 819.00, 788.45, 804.05, 812.50, 805.71, 11468, 92.40, 890, 4597, 40.09
ALCODIS, SM, 14-Aug-2026, 67.60, 61.05, 61.05, 61.05, 61.05, 61.05, 61.05, 625, 0.38, 1, 625, 100.00
ALEMBICLTD, EQ, 14-Aug-2026, 83.39, 83.35, 87.56, 83.12, 87.20, 86.85, 85.58, 445111, 380.95, 3645, 231713, 52.06
ALGOQUANT, EQ, 14-Aug-2026, 65.88, 65.60, 67.00, 64.73, 66.49, 66.00, 66.05, 1250846, 826.19, 2405, 262672, 21.00
ALICON, EQ, 14-Aug-2026, 741.35, 745.00, 749.65, 708.15, 719.50, 719.60, 727.87, 58734, 427.50, 4333, 28720, 48.90
ALIVUS, EQ, 14-Aug-2026, 1374.60, 1374.60, 1394.90, 1361.50, 1394.90, 1386.70, 1377.94, 83207, 1146.55, 11467, 48200, 57.93
ALKALI, BE, 14-Aug-2026, 69.93, 69.96, 69.96, 66.64, 66.65, 66.87, 67.39, 4994, 3.37, 58, -, -
ALKEM, EQ, 14-Aug-2026, 5449.50, 5432.00, 5448.00, 5175.00, 5368.00, 5368.00, 5330.45, 635598, 33880.24, 73420, 201122, 31.64
ALKYLAMINE, EQ, 14-Aug-2026, 1923.10, 1923.10, 1928.90, 1904.40, 1919.00, 1916.90, 1915.00, 35382, 677.56, 5194, 18625, 52.64
ALLCARGO, EQ, 14-Aug-2026, 10.07, 10.10, 10.43, 9.76, 10.01, 10.00, 9.99, 22152371, 2212.62, 18748, 3944922, 17.81
ALLDIGI, EQ, 14-Aug-2026, 810.50, 814.55, 817.65, 812.00, 813.05, 813.40, 813.70, 3792, 30.86, 336, 3135, 82.67
ALLETEC, ST, 14-Aug-2026, 138.00, 136.00, 139.00, 134.00, 137.00, 137.00, 136.74, 6000, 8.20, 14, 6000, 100.00
ALLTIME, EQ, 14-Aug-2026, 216.84, 218.69, 219.79, 215.00, 215.10, 215.54, 215.98, 20758, 44.83, 749, 12606, 60.73
ALMONDZ, EQ, 14-Aug-2026, 14.22, 14.45, 14.56, 14.11, 14.50, 14.30, 14.37, 73306, 10.53, 268, 40518, 55.27
ALOKINDS, EQ, 14-Aug-2026, 11.71, 11.79, 11.79, 11.61, 11.65, 11.62, 11.66, 1996993, 232.77, 4920, 1421986, 71.21
ALPA, EQ, 14-Aug-2026, 65.85, 65.85, 67.40, 63.10, 64.29, 64.27, 64.40, 34944, 22.50, 615, 22471, 64.31
ALPEXSOLAR, SM, 14-Aug-2026, 762.00, 773.90, 780.00, 752.20, 774.00, 777.10, 771.38, 42800, 330.15, 286, 33200, 77.57
ALPHA, EQ, 14-Aug-2026, 54.25, 54.64, 54.64, 53.87, 53.95, 53.97, 54.01, 608263, 328.53, 2326, 364824, 59.98
ALPHAETF, EQ, 14-Aug-2026, 26.80, 26.80, 26.85, 26.66, 26.66, 26.67, 26.71, 240571, 64.26, 754, 177424, 73.75
ALPHAGEO, EQ, 14-Aug-2026, 290.53, 290.53, 303.89, 290.53, 297.00, 301.36, 297.08, 33009, 98.06, 878, 21154, 64.09
ALPINETEX, EQ, 14-Aug-2026, 60.28, 60.00, 61.99, 58.49, 58.57, 58.60, 59.57, 300193, 178.82, 3886, 149556, 49.82
ALPL30IETF, EQ, 14-Aug-2026, 28.31, 28.32, 28.55, 28.25, 28.34, 28.35, 28.37, 142917, 40.54, 673, 80185, 56.11
ALUWIND, SM, 14-Aug-2026, 49.95, 48.90, 50.50, 48.90, 50.50, 49.60, 49.62, 7500, 3.72, 5, 7500, 100.00
AMAGI, EQ, 14-Aug-2026, 648.20, 661.20, 669.00, 587.05, 602.70, 608.70, 621.80, 3361436, 20901.57, 81567, 915285, 27.23
AMANTA, BE, 14-Aug-2026, 153.27, 150.50, 156.33, 150.50, 156.33, 156.33, 153.22, 174084, 266.74, 253, -, -
AMBAAUTO, SM, 14-Aug-2026, 105.80, 106.00, 106.00, 105.95, 105.95, 105.95, 106.00, 21000, 22.26, 3, 21000, 100.00
AMBALALSA, EQ, 14-Aug-2026, 41.54, 41.30, 43.49, 41.30, 41.99, 42.27, 42.65, 206876, 88.24, 1207, 113110, 54.68
AMBANIORGO, SM, 14-Aug-2026, 110.00, 110.00, 115.00, 110.00, 115.00, 115.00, 111.25, 4000, 4.45, 3, 3000, 75.00
AMBER, EQ, 14-Aug-2026, 7175.00, 7170.50, 7350.00, 7055.00, 7222.00, 7222.00, 7229.58, 749611, 54193.69, 80818, 161148, 21.50
AMBICAAGAR, EQ, 14-Aug-2026, 24.89, 24.89, 25.00, 24.40, 24.95, 24.93, 24.78, 1234, 0.31, 22, 1165, 94.41
AMBIKCO, EQ, 14-Aug-2026, 1591.60, 1584.10, 1610.00, 1571.10, 1595.00, 1598.60, 1593.93, 12600, 200.84, 1542, 6891, 54.69
AMBUJACEM, EQ, 14-Aug-2026, 419.40, 419.60, 419.85, 416.00, 417.50, 417.50, 417.35, 1586889, 6622.90, 20852, 879878, 55.45
AMCL, SM, 14-Aug-2026, 384.10, 375.00, 392.00, 375.00, 392.00, 392.00, 387.40, 2000, 7.75, 3, 2000, 100.00
AMDIND, EQ, 14-Aug-2026, 55.90, 57.20, 58.00, 54.30, 54.70, 54.80, 56.03, 60270, 33.77, 775, 37868, 62.83
AMEYA, SM, 14-Aug-2026, 109.25, 106.10, 110.00, 106.10, 110.00, 110.00, 107.66, 5000, 5.38, 3, 3000, 60.00
AMJLAND, EQ, 14-Aug-2026, 39.00, 39.00, 39.74, 38.60, 38.60, 39.36, 39.16, 2796, 1.09, 33, 2738, 97.93
AMNPLST, EQ, 14-Aug-2026, 195.39, 195.50, 204.38, 187.96, 194.60, 193.05, 196.67, 10698, 21.04, 478, 6755, 63.14
AMRUTANJAN, EQ, 14-Aug-2026, 491.60, 491.60, 498.70, 484.35, 491.10, 496.05, 490.44, 50767, 248.98, 3600, 25798, 50.82
ANANDRATHI, EQ, 14-Aug-2026, 2198.80, 2209.00, 2225.00, 2167.00, 2172.20, 2174.70, 2187.54, 150902, 3301.04, 12994, 84714, 56.14
ANANTAM, IV, 14-Aug-2026, 106.69, 104.90, 105.80, 104.16, 105.30, 105.30, 105.06, 55519, 58.33, 307, 54033, 97.32
ANANTRAJ, EQ, 14-Aug-2026, 627.05, 629.90, 631.45, 618.50, 630.00, 629.95, 626.65, 1472651, 9228.38, 29468, 623564, 42.34
ANAWIL, ST, 14-Aug-2026, 400.45, 397.00, 420.45, 385.10, 420.45, 420.45, 415.26, 570400, 2368.62, 725, 527600, 92.50
ANDHRAPAP, EQ, 14-Aug-2026, 60.43, 60.98, 60.99, 59.35, 59.95, 59.69, 60.11, 85980, 51.68, 888, 61510, 71.54
ANDHRSUGAR, EQ, 14-Aug-2026, 100.43, 100.43, 103.00, 99.65, 101.62, 101.88, 101.49, 601583, 610.57, 5968, 236288, 39.28
ANGELONE, EQ, 14-Aug-2026, 292.00, 292.00, 294.30, 286.25, 287.30, 287.30, 289.32, 3898187, 11278.36, 33578, 1605713, 41.19
ANIKINDS, EQ, 14-Aug-2026, 40.62, 41.90, 43.20, 40.00, 42.65, 42.69, 41.84, 13305, 5.57, 112, 12948, 97.32
ANKITMETAL, BZ, 14-Aug-2026, 1.53, 1.54, 1.60, 1.50, 1.58, 1.58, 1.58, 23856, 0.38, 30, -, -
ANLON, SM, 14-Aug-2026, 622.00, 649.00, 649.00, 630.00, 640.00, 640.00, 640.66, 4400, 28.19, 10, 4000, 90.91
ANMOL, EQ, 14-Aug-2026, 10.26, 10.15, 10.37, 9.75, 10.25, 10.16, 10.02, 83657, 8.38, 360, 49924, 59.68
ANNAPURNA, EQ, 14-Aug-2026, 153.80, 157.85, 157.85, 150.00, 151.00, 152.60, 153.74, 63691, 97.92, 696, 46699, 73.32
ANONDITA, SM, 14-Aug-2026, 1066.95, 1083.00, 1120.00, 1079.55, 1118.90, 1117.85, 1101.65, 34200, 376.76, 112, 28400, 83.04
ANSALAPI, BZ, 14-Aug-2026, 3.52, 3.59, 3.59, 3.45, 3.45, 3.45, 3.47, 12792, 0.44, 30, -, -
ANTELOPUS, EQ, 14-Aug-2026, 804.80, 815.90, 815.90, 776.45, 783.00, 782.60, 791.03, 82586, 653.28, 4280, 50360, 60.98
ANTGRAPHIC, EQ, 14-Aug-2026, 0.74, 0.74, 0.75, 0.73, 0.73, 0.73, 0.74, 171040, 1.26, 141, 158900, 92.90
ANTHEM, EQ, 14-Aug-2026, 874.90, 870.60, 892.70, 865.65, 892.00, 890.10, 881.40, 390266, 3439.80, 19142, 214419, 54.94
ANUHPHR, EQ, 14-Aug-2026, 76.99, 78.00, 78.00, 76.00, 76.11, 76.21, 76.39, 46254, 35.33, 789, 36579, 79.08
ANUP, EQ, 14-Aug-2026, 1861.00, 1860.90, 1868.00, 1838.00, 1850.30, 1852.80, 1853.34, 27254, 505.11, 3288, 15968, 58.59
ANURAS, EQ, 14-Aug-2026, 1207.80, 1214.00, 1233.80, 1205.00, 1215.00, 1209.40, 1216.26, 597433, 7266.33, 17739, 296690, 49.66
ANYA, SM, 14-Aug-2026, 15.00, 14.50, 15.20, 14.50, 15.20, 15.15, 14.88, 75000, 11.16, 9, 55000, 73.33
ANZEN, IV, 14-Aug-2026, 128.00, 132.40, 132.40, 132.40, 132.40, 132.40, 132.40, 50000, 66.20, 2, 50000, 100.00
AONEGOLD, EQ, 14-Aug-2026, 14.19, 14.20, 14.20, 14.00, 14.11, 14.10, 14.05, 172867, 24.29, 1073, 106709, 61.73
AONELIQUID, EQ, 14-Aug-2026, 1072.34, 1072.78, 1072.79, 1072.76, 1072.77, 1072.78, 1072.77, 18575, 199.27, 103, 14549, 78.33
AONENIFTY, EQ, 14-Aug-2026, 10.07, 10.32, 10.32, 10.00, 10.05, 10.05, 10.06, 148478, 14.93, 1012, 108718, 73.22
AONESILVER, EQ, 14-Aug-2026, 8.83, 8.84, 8.96, 8.71, 8.84, 8.82, 8.79, 270420, 23.77, 839, 151970, 56.20
AONETMMQ50, EQ, 14-Aug-2026, 10.40, 10.45, 10.49, 10.40, 10.42, 10.42, 10.42, 95553, 9.96, 210, 70412, 73.69
AONETOTAL, EQ, 14-Aug-2026, 12.05, 12.34, 12.34, 12.04, 12.10, 12.05, 12.06, 164699, 19.87, 1527, 61178, 37.15
APARINDS, EQ, 14-Aug-2026, 17225.00, 17000.00, 17118.00, 16650.00, 16699.00, 16691.00, 16845.68, 175323, 29534.35, 45347, 79513, 45.35
APCL, EQ, 14-Aug-2026, 101.01, 104.51, 104.51, 101.00, 103.80, 103.55, 102.09, 4989, 5.09, 93, 3066, 61.46
APCOTEXIND, EQ, 14-Aug-2026, 590.70, 592.25, 603.00, 592.00, 597.60, 599.50, 597.10, 70028, 418.14, 4059, 34861, 49.78
APEX, EQ, 14-Aug-2026, 367.70, 425.10, 441.20, 403.15, 425.00, 426.35, 431.42, 9316207, 40191.99, 106872, 891953, 9.57
APEXECO, ST, 14-Aug-2026, 283.00, 283.00, 297.15, 276.50, 290.00, 290.00, 289.18, 28800, 83.28, 29, 28800, 100.00
APLAPOLLO, EQ, 14-Aug-2026, 2064.30, 2060.00, 2099.00, 2037.00, 2083.30, 2083.30, 2077.58, 594481, 12350.82, 30129, 267453, 44.99
APLLTD, EQ, 14-Aug-2026, 831.20, 832.20, 834.40, 815.40, 825.00, 831.25, 827.56, 86735, 717.79, 16404, 46810, 53.97
APOLLO, EQ, 14-Aug-2026, 389.70, 390.00, 396.55, 386.40, 390.00, 393.55, 393.56, 5445787, 21432.55, 43353, 1571723, 28.86
APOLLOHOSP, EQ, 14-Aug-2026, 8600.00, 8615.00, 8925.00, 8588.50, 8920.50, 8920.50, 8837.61, 1275740, 112744.96, 129238, 606817, 47.57
APOLLOPIPE, EQ, 14-Aug-2026, 508.45, 507.15, 514.30, 506.95, 512.25, 510.85, 510.07, 73725, 376.05, 1987, 39243, 53.23
APOLLOTYRE, EQ, 14-Aug-2026, 443.05, 444.75, 446.65, 440.90, 444.00, 444.10, 443.96, 274273, 1217.65, 11383, 127299, 46.41
APOLSINHOT, EQ, 14-Aug-2026, 1232.80, 1241.30, 1242.00, 1201.00, 1210.00, 1208.00, 1223.83, 833, 10.19, 140, 609, 73.11
APRAMEYA, SM, 14-Aug-2026, 140.00, 141.00, 142.90, 135.35, 139.90, 139.85, 138.13, 22000, 30.39, 25, 20500, 93.18
APS, SM, 14-Aug-2026, 242.45, 241.00, 245.00, 236.30, 245.00, 244.95, 239.76, 12750, 30.57, 46, 9500, 74.51
APSISAERO, ST, 14-Aug-2026, 484.15, 474.50, 491.00, 474.50, 490.00, 490.00, 483.77, 14400, 69.66, 12, 13200, 91.67
APTECHT, BE, 14-Aug-2026, 93.50, 94.97, 94.97, 90.00, 93.30, 92.41, 92.46, 61511, 56.87, 553, -, -
APTUS, EQ, 14-Aug-2026, 253.80, 253.50, 253.80, 249.05, 250.85, 250.50, 250.82, 784152, 1966.83, 30544, 492954, 62.86
AQYLON, EQ, 14-Aug-2026, 23.36, 23.70, 23.79, 22.50, 22.85, 22.93, 23.32, 398745, 92.99, 1954, 218166, 54.71
ARCHIDPLY, EQ, 14-Aug-2026, 92.81, 94.62, 94.62, 91.56, 93.50, 93.30, 92.98, 10833, 10.07, 139, 8334, 76.93
ARCHIES, EQ, 14-Aug-2026, 13.70, 14.14, 14.19, 13.51, 13.67, 13.76, 13.94, 24866, 3.47, 91, 21118, 84.93
ARCIIL, SM, 14-Aug-2026, 34.80, 36.80, 38.25, 36.80, 37.80, 37.80, 37.66, 13000, 4.90, 12, 13000, 100.00
ARDEE, EQ, 14-Aug-2026, 64.87, 64.78, 64.78, 58.61, 59.09, 59.15, 61.04, 22017200, 13440.20, 75152, 8488003, 38.55
ARE&M, EQ, 14-Aug-2026, 948.80, 951.00, 957.00, 944.05, 946.90, 945.95, 949.38, 491377, 4665.06, 21081, 181417, 36.92
ARENTERP, EQ, 14-Aug-2026, 39.25, 39.70, 39.80, 36.51, 39.19, 38.99, 38.80, 2397, 0.93, 92, 1258, 52.48
ARFIN, EQ, 14-Aug-2026, 83.43, 84.96, 85.45, 81.40, 82.51, 84.05, 82.93, 2169848, 1799.38, 6048, 147430, 6.79
ARHAM, SM, 14-Aug-2026, 188.90, 188.90, 191.90, 185.05, 190.45, 189.50, 189.28, 60000, 113.57, 42, 35000, 58.33
ARIES, EQ, 14-Aug-2026, 386.10, 386.10, 416.05, 386.10, 415.00, 413.50, 407.13, 220076, 896.00, 8971, 88301, 40.12
ARIHANT, EQ, 14-Aug-2026, 1072.50, 1071.60, 1100.00, 982.00, 1050.00, 1048.50, 1046.48, 4716, 49.35, 703, 2069, 43.87
ARIHANTACA, SM, 14-Aug-2026, 480.00, 550.00, 550.00, 490.10, 499.55, 499.55, 511.08, 7600, 38.84, 19, 4800, 63.16
ARIHANTCAP, EQ, 14-Aug-2026, 74.96, 74.63, 74.66, 73.75, 74.45, 74.14, 74.14, 43389, 32.17, 517, 28519, 65.73
ARIHANTSUP, EQ, 14-Aug-2026, 251.75, 252.00, 253.80, 238.05, 245.00, 247.55, 247.84, 3777, 9.36, 239, 997, 26.40
ARIS, EQ, 14-Aug-2026, 137.32, 137.10, 137.15, 133.65, 134.49, 134.09, 135.44, 543522, 736.14, 6578, 255943, 47.09
ARKADE, EQ, 14-Aug-2026, 136.92, 136.92, 138.59, 132.10, 133.00, 133.34, 136.75, 492099, 672.95, 3276, 175110, 35.58
ARMANFIN, EQ, 14-Aug-2026, 2013.40, 2025.20, 2044.00, 1964.00, 1965.00, 1969.40, 1991.54, 80602, 1605.22, 6295, 46701, 57.94
ARMOUR, ST, 14-Aug-2026, 18.70, 18.70, 18.80, 18.60, 18.60, 18.60, 18.70, 8000, 1.50, 4, 8000, 100.00
AROGRANITE, EQ, 14-Aug-2026, 24.91, 24.95, 25.58, 24.91, 25.40, 25.37, 25.28, 4944, 1.25, 72, 4120, 83.33
ARROWGREEN, BE, 14-Aug-2026, 782.50, 821.60, 821.60, 790.00, 820.00, 809.10, 818.18, 120662, 987.23, 1429, -, -
ARSHIYA, BZ, 14-Aug-2026, 0.92, 0.94, 0.96, 0.91, 0.95, 0.94, 0.94, 77913, 0.74, 54, -, -
ARSSBL, EQ, 14-Aug-2026, 504.65, 500.00, 509.05, 500.00, 507.55, 508.20, 504.84, 106068, 535.47, 2507, 67903, 64.02
ARTEMISMED, EQ, 14-Aug-2026, 317.85, 318.30, 319.00, 311.85, 314.20, 314.75, 314.96, 165255, 520.48, 5980, 88405, 53.50
ARTNIRMAN, EQ, 14-Aug-2026, 41.19, 42.39, 42.52, 41.06, 41.06, 41.07, 41.86, 463, 0.19, 24, 302, 65.23
ARUNAYA, ST, 14-Aug-2026, 15.35, 15.00, 15.00, 14.60, 14.60, 14.60, 14.73, 6000, 0.88, 3, 4000, 66.67
ARVEE, EQ, 14-Aug-2026, 168.72, 167.00, 169.00, 161.07, 164.99, 166.01, 164.30, 1929, 3.17, 116, 1003, 52.00
ARVIND, EQ, 14-Aug-2026, 555.65, 552.90, 578.00, 538.05, 567.20, 571.85, 564.84, 1283356, 7248.91, 49818, 659845, 51.42
ARVINDFASN, EQ, 14-Aug-2026, 449.90, 446.45, 453.00, 443.55, 451.00, 447.85, 448.21, 154559, 692.75, 14686, 87179, 56.40
ARVINDPORT, SM, 14-Aug-2026, 30.85, 31.90, 31.90, 31.85, 31.85, 31.85, 31.88, 4500, 1.43, 3, 4500, 100.00
ARVSMART, EQ, 14-Aug-2026, 663.15, 667.40, 671.20, 653.00, 655.50, 655.60, 659.47, 72163, 475.89, 3733, 32065, 44.43
ASAHIINDIA, EQ, 14-Aug-2026, 901.00, 898.00, 947.00, 893.15, 937.95, 939.20, 937.24, 643741, 6033.43, 34221, 160702, 24.96
ASAHISONG, BE, 14-Aug-2026, 345.95, 363.20, 363.20, 358.35, 362.05, 361.90, 363.04, 18049, 65.53, 219, -, -
ASAL, EQ, 14-Aug-2026, 497.55, 498.40, 507.95, 495.50, 499.90, 499.10, 499.71, 30947, 154.65, 1320, 20510, 66.27
ASALCBR, EQ, 14-Aug-2026, 726.20, 726.00, 734.75, 711.00, 719.00, 713.95, 721.27, 27325, 197.09, 2320, 18391, 67.30
ASHALOG, SM, 14-Aug-2026, 60.00, 59.95, 62.20, 59.95, 59.95, 59.95, 60.19, 10000, 6.02, 7, 9000, 90.00
ASHAPURMIN, EQ, 14-Aug-2026, 613.65, 612.00, 616.50, 599.25, 607.50, 603.45, 605.26, 450080, 2724.15, 19181, 222813, 49.51
ASHIANA, EQ, 14-Aug-2026, 361.95, 362.00, 364.95, 356.00, 364.25, 362.45, 359.78, 39279, 141.32, 1727, 18332, 46.67
ASHIKAG, BE, 14-Aug-2026, 451.40, 449.05, 458.90, 442.00, 443.00, 443.20, 447.80, 29616, 132.62, 195, -, -
ASHIMASYN, EQ, 14-Aug-2026, 17.53, 17.53, 17.99, 17.01, 17.02, 17.13, 17.28, 62391, 10.78, 316, 33829, 54.22
ASHOKA, EQ, 14-Aug-2026, 112.43, 113.00, 114.45, 112.11, 112.55, 112.39, 112.73, 720685, 812.43, 11066, 391799, 54.36
ASHOKAMET, EQ, 14-Aug-2026, 14.02, 14.02, 14.02, 13.00, 13.84, 13.78, 13.56, 33257, 4.51, 220, 21533, 64.75
ASHOKLEY, EQ, 14-Aug-2026, 176.23, 177.11, 179.50, 169.75, 171.64, 171.64, 174.81, 39171573, 68476.58, 184443, 11050873, 28.21
ASHWINI, SM, 14-Aug-2026, 196.25, 195.00, 195.00, 195.00, 195.00, 195.00, 195.00, 3000, 5.85, 3, 2000, 66.67
ASIANENE, EQ, 14-Aug-2026, 410.00, 399.00, 399.00, 366.40, 374.25, 374.40, 375.34, 1033788, 3880.20, 25912, 432686, 41.85
ASIANHOTNR, EQ, 14-Aug-2026, 297.50, 305.00, 305.00, 292.45, 301.90, 301.65, 300.51, 5425, 16.30, 354, 2800, 51.61
ASIANPAINT, EQ, 14-Aug-2026, 2755.50, 2751.00, 2751.00, 2690.30, 2696.30, 2696.30, 2710.86, 667311, 18089.87, 44421, 366665, 54.95
ASIANTILES, EQ, 14-Aug-2026, 53.16, 53.18, 53.64, 49.64, 50.70, 50.55, 51.42, 5423667, 2788.83, 14245, 965318, 17.80
ASKAUTOLTD, EQ, 14-Aug-2026, 649.45, 645.80, 655.00, 641.55, 642.60, 644.70, 647.61, 148256, 960.12, 7286, 80612, 54.37
ASMS, BE, 14-Aug-2026, 7.03, 7.24, 7.24, 6.95, 7.02, 7.05, 7.03, 127092, 8.94, 369, -, -
ASPINWALL, EQ, 14-Aug-2026, 237.81, 239.00, 242.00, 236.00, 236.00, 236.00, 237.93, 346, 0.82, 23, 326, 94.22
ASPIRE, SM, 14-Aug-2026, 14.45, 15.10, 15.10, 15.10, 15.10, 15.10, 15.10, 2000, 0.30, 1, 2000, 100.00
ASTAR, EQ, 14-Aug-2026, 600.25, 612.30, 619.95, 585.00, 600.95, 600.85, 602.35, 63, 0.38, 17, 42, 66.67
ASTEC, EQ, 14-Aug-2026, 602.05, 599.05, 610.20, 590.30, 592.40, 593.95, 599.59, 25874, 155.14, 1776, 13451, 51.99
ASTERDM, EQ, 14-Aug-2026, 824.30, 824.25, 834.30, 819.25, 824.00, 822.35, 824.06, 616929, 5083.84, 22503, 322088, 52.21
ASTRAL, EQ, 14-Aug-2026, 1592.00, 1592.00, 1597.00, 1552.20, 1556.30, 1556.30, 1572.50, 889819, 13992.39, 31620, 243272, 27.34
ASTRAMICRO, EQ, 14-Aug-2026, 1700.90, 1701.10, 1756.00, 1701.10, 1741.00, 1739.30, 1734.71, 361917, 6278.21, 20624, 180525, 49.88
ASTRAZEN, EQ, 14-Aug-2026, 7792.50, 7834.50, 7889.50, 7730.00, 7730.00, 7753.00, 7781.42, 5616, 437.00, 1720, 2688, 47.86
ASTRON, BZ, 14-Aug-2026, 3.50, 3.50, 3.55, 3.38, 3.52, 3.49, 3.51, 26003, 0.91, 58, -, -
ATALREAL, EQ, 14-Aug-2026, 35.98, 36.19, 36.70, 35.80, 36.20, 36.13, 36.24, 13879589, 5030.20, 12099, 1899175, 13.68
ATAM, EQ, 14-Aug-2026, 54.35, 54.80, 59.95, 54.53, 58.95, 59.03, 58.52, 78794, 46.11, 1277, 35744, 45.36
ATCENERGY, ST, 14-Aug-2026, 24.90, 24.45, 24.45, 24.45, 24.45, 24.45, 24.45, 1200, 0.29, 1, 1200, 100.00
ATGL, EQ, 14-Aug-2026, 655.05, 655.15, 661.20, 652.05, 656.15, 654.05, 655.91, 469323, 3078.33, 14241, 134389, 28.63
ATHERENERG, EQ, 14-Aug-2026, 1526.50, 1530.00, 1541.00, 1501.90, 1516.00, 1511.50, 1519.56, 2250949, 34204.50, 71529, 923390, 41.02
ATL, EQ, 14-Aug-2026, 23.64, 23.79, 23.95, 23.22, 23.78, 23.70, 23.47, 158605, 37.23, 1432, 98434, 62.06
ATLANTAA, EQ, 14-Aug-2026, 39.38, 39.50, 41.00, 39.50, 39.90, 40.02, 40.27, 72825, 29.33, 1465, 38412, 52.75
ATLANTAELE, EQ, 14-Aug-2026, 1648.90, 1680.00, 1734.00, 1660.00, 1676.90, 1680.80, 1692.35, 173984, 2944.41, 23290, 80266, 46.13
ATLASCYCLE, EQ, 14-Aug-2026, 96.62, 97.10, 97.10, 94.53, 96.50, 96.41, 96.02, 4117, 3.95, 81, 2869, 69.69
ATLPP, E1, 14-Aug-2026, 9.02, 9.00, 9.00, 8.61, 8.61, 8.61, 8.96, 556, 0.05, 3, 556, 100.00
ATMASTCO, ST, 14-Aug-2026, 155.50, 153.00, 153.00, 149.05, 151.00, 151.00, 150.95, 9600, 14.49, 21, 9200, 95.83
ATUL, EQ, 14-Aug-2026, 6903.00, 6891.00, 6939.00, 6712.00, 6724.00, 6729.00, 6755.87, 26831, 1812.67, 6371, 15447, 57.57
ATULAUTO, EQ, 14-Aug-2026, 500.15, 500.00, 509.85, 492.30, 492.95, 494.60, 498.56, 105062, 523.80, 3417, 60036, 57.14
AUBANK, EQ, 14-Aug-2026, 1098.00, 1098.00, 1098.00, 1078.60, 1081.90, 1081.90, 1085.21, 1009455, 10954.75, 23248, 613221, 60.75
AURIONPRO, EQ, 14-Aug-2026, 733.95, 735.00, 743.00, 726.80, 733.00, 734.00, 735.42, 180111, 1324.57, 6425, 99009, 54.97
AUROPHARMA, EQ, 14-Aug-2026, 1663.40, 1662.40, 1670.00, 1621.90, 1622.10, 1622.10, 1635.94, 824842, 13493.92, 34453, 341542, 41.41
AURUM, EQ, 14-Aug-2026, 225.24, 225.10, 236.80, 218.40, 219.00, 220.47, 226.29, 313585, 709.61, 7822, 79106, 25.23
AURUS, EQ, 14-Aug-2026, 4.58, 4.58, 4.85, 4.50, 4.78, 4.74, 4.67, 33812, 1.58, 392, 21135, 62.51
AUSL, SM, 14-Aug-2026, 25.85, 26.50, 26.50, 26.50, 26.50, 26.50, 26.50, 2000, 0.53, 1, 2000, 100.00
AUSOMENT, EQ, 14-Aug-2026, 148.18, 153.90, 153.90, 143.00, 145.99, 147.06, 146.88, 2604, 3.82, 103, 1976, 75.88
AUTOAXLES, EQ, 14-Aug-2026, 1782.40, 1790.00, 1813.10, 1779.50, 1785.00, 1783.00, 1791.59, 3591, 64.34, 675, 2146, 59.76
AUTOBEES, EQ, 14-Aug-2026, 304.22, 304.75, 304.75, 301.55, 303.20, 302.93, 302.67, 154252, 466.87, 2535, 69688, 45.18
AUTOIETF, EQ, 14-Aug-2026, 30.48, 29.71, 30.55, 29.71, 30.43, 30.38, 30.32, 440608, 133.60, 1841, 183391, 41.62
AUTOIND, BE, 14-Aug-2026, 103.44, 98.27, 98.27, 98.27, 98.27, 98.27, 98.27, 14583, 14.33, 124, -, -
AVADHSUGAR, EQ, 14-Aug-2026, 637.20, 637.20, 661.00, 634.00, 658.00, 653.15, 647.36, 118094, 764.49, 3961, 40166, 34.01
AVALON, EQ, 14-Aug-2026, 1930.40, 1939.10, 1960.00, 1921.70, 1935.00, 1940.80, 1942.18, 177125, 3440.08, 14427, 96674, 54.58
AVANA, ST, 14-Aug-2026, 145.00, 144.90, 144.90, 144.90, 144.90, 144.90, 144.90, 2000, 2.90, 1, 2000, 100.00
AVANTEL, EQ, 14-Aug-2026, 160.16, 160.80, 160.96, 158.10, 158.36, 158.50, 159.25, 543971, 866.29, 6121, 282808, 51.99
AVANTIFEED, EQ, 14-Aug-2026, 856.95, 830.00, 883.15, 830.00, 861.50, 861.40, 861.75, 942470, 8121.73, 40508, 217906, 23.12
AVATAR, ST, 14-Aug-2026, 230.00, 230.25, 231.00, 230.20, 231.00, 231.00, 230.75, 36000, 83.07, 11, 36000, 100.00
AVG, BE, 14-Aug-2026, 207.30, 209.37, 210.00, 200.10, 205.00, 205.00, 206.22, 8717, 17.98, 119, -, -
AVIANSH, SM, 14-Aug-2026, 104.50, 104.75, 104.75, 104.75, 104.75, 104.75, 104.75, 1000, 1.05, 1, 1000, 100.00
AVIENCE, SM, 14-Aug-2026, 249.95, 245.50, 248.00, 244.95, 248.00, 247.30, 246.01, 5400, 13.28, 9, 3000, 55.56
AVL, EQ, 14-Aug-2026, 618.85, 618.85, 630.70, 614.70, 625.00, 624.65, 625.56, 94353, 590.23, 5400, 41189, 43.65
AVONMORE, EQ, 14-Aug-2026, 11.98, 12.39, 12.85, 12.00, 12.45, 12.35, 12.55, 445591, 55.90, 1010, 309854, 69.54
AVPINFRA, SM, 14-Aug-2026, 60.25, 60.50, 61.20, 60.00, 60.00, 60.00, 60.80, 30400, 18.48, 23, 24800, 81.58
AVROIND, EQ, 14-Aug-2026, 8.49, 8.60, 9.00, 8.21, 8.29, 8.63, 8.64, 460843, 39.82, 992, 204261, 44.32
AVTNPL, EQ, 14-Aug-2026, 71.31, 71.99, 82.86, 69.90, 81.14, 81.25, 80.22, 2546303, 2042.58, 19743, 892021, 35.03
AWFIS, EQ, 14-Aug-2026, 272.00, 279.00, 279.90, 265.40, 265.70, 266.55, 270.81, 639661, 1732.29, 15686, 304419, 47.59
AWHCL, EQ, 14-Aug-2026, 393.50, 395.00, 396.10, 387.50, 389.05, 390.30, 390.46, 78530, 306.63, 3956, 43038, 54.80
AWL, EQ, 14-Aug-2026, 192.11, 192.00, 193.00, 190.30, 192.50, 192.16, 191.84, 3033920, 5820.22, 17955, 2425756, 79.95
AXISBANK, EQ, 14-Aug-2026, 1221.80, 1216.00, 1218.70, 1208.60, 1217.40, 1217.40, 1213.81, 5557745, 67460.22, 231929, 4071987, 73.27
AXISCADES, EQ, 14-Aug-2026, 1529.40, 1416.10, 1521.10, 1416.10, 1489.00, 1484.80, 1465.70, 578240, 8475.27, 32952, 241538, 41.77
AXITA, EQ, 14-Aug-2026, 7.25, 7.33, 7.39, 7.26, 7.27, 7.27, 7.30, 239632, 17.49, 1018, 109460, 45.68
AYE, EQ, 14-Aug-2026, 175.56, 176.96, 176.96, 171.20, 172.00, 172.82, 174.04, 263036, 457.78, 5800, 130620, 49.66
AYMSYNTEX, EQ, 14-Aug-2026, 256.45, 261.75, 276.60, 258.00, 266.80, 266.75, 268.60, 110188, 295.97, 3176, 57092, 51.81
AZAD, EQ, 14-Aug-2026, 2665.10, 2665.10, 2735.00, 2652.10, 2722.80, 2717.80, 2711.48, 621810, 16860.26, 40406, 213907, 34.40
BABAFP, SM, 14-Aug-2026, 24.50, 24.50, 24.50, 21.05, 22.20, 22.20, 22.69, 6400, 1.45, 4, 4800, 75.00
BAFNAPH, BE, 14-Aug-2026, 262.95, 257.70, 257.70, 257.70, 257.70, 257.70, 257.70, 618, 1.59, 13, -, -
BAGDIGITAL, SM, 14-Aug-2026, 113.00, 111.90, 111.90, 111.90, 111.90, 111.90, 111.90, 1600, 1.79, 1, 1600, 100.00
BAGFILMS, EQ, 14-Aug-2026, 4.69, 4.69, 4.80, 4.16, 4.57, 4.52, 4.47, 197755, 8.85, 624, 114851, 58.08
BAGMANE, RR, 14-Aug-2026, 109.65, 108.50, 108.50, 106.91, 107.40, 107.72, 107.79, 856958, 923.75, 11232, 688632, 80.36
BAHETI, SM, 14-Aug-2026, 783.25, 789.00, 790.00, 770.00, 783.00, 786.00, 784.32, 52500, 411.77, 46, 42000, 80.00
BAIDFIN, EQ, 14-Aug-2026, 9.99, 9.86, 10.14, 9.81, 9.95, 9.90, 9.91, 87692, 8.69, 344, 73379, 83.68
BAJAJ-AUTO, EQ, 14-Aug-2026, 11661.00, 11698.00, 11785.00, 11665.00, 11700.00, 11700.00, 11723.90, 241415, 28303.26, 36088, 141270, 58.52
BAJAJCON, EQ, 14-Aug-2026, 527.65, 526.00, 532.55, 498.00, 499.00, 500.60, 512.26, 961969, 4927.74, 27812, 558018, 58.01
BAJAJELEC, EQ, 14-Aug-2026, 356.60, 356.60, 366.75, 353.50, 362.90, 362.40, 363.16, 328959, 1194.64, 9577, 105098, 31.95
BAJAJFINSV, EQ, 14-Aug-2026, 2025.00, 2033.50, 2033.60, 2006.60, 2008.30, 2008.30, 2021.85, 956605, 19341.16, 52601, 688947, 72.02
BAJAJHCARE, EQ, 14-Aug-2026, 331.35, 333.80, 334.95, 326.55, 329.35, 329.25, 328.99, 48898, 160.87, 1737, 28135, 57.54
BAJAJHFL, EQ, 14-Aug-2026, 84.37, 84.50, 84.57, 84.05, 84.40, 84.33, 84.30, 1348710, 1137.03, 13364, 819437, 60.76
BAJAJHIND, EQ, 14-Aug-2026, 17.67, 17.52, 17.85, 17.20, 17.38, 17.30, 17.43, 6182405, 1077.84, 10694, 2768636, 44.78
BAJAJHLDNG, EQ, 14-Aug-2026, 11500.00, 11540.00, 11541.00, 11387.00, 11475.00, 11475.00, 11445.82, 31456, 3600.40, 10499, 16697, 53.08
BAJAJINDEF, EQ, 14-Aug-2026, 218.27, 218.00, 221.39, 215.50, 217.10, 217.15, 217.94, 18781, 40.93, 588, 12682, 67.53
BAJAJST, EQ, 14-Aug-2026, 370.25, 370.35, 375.55, 360.30, 361.50, 362.15, 365.48, 22523, 82.32, 1223, 15695, 69.68
BAJEL, EQ, 14-Aug-2026, 194.15, 195.40, 195.40, 187.15, 187.15, 188.35, 190.38, 136565, 259.99, 3377, 79802, 58.44
BAJFINANCE, EQ, 14-Aug-2026, 1090.80, 1090.80, 1098.50, 1085.20, 1087.00, 1087.00, 1091.14, 4225781, 46109.06, 59559, 2734545, 64.71
BALAJEE, EQ, 14-Aug-2026, 27.76, 27.20, 28.29, 27.20, 27.53, 27.71, 27.63, 31846, 8.80, 171, 20531, 64.47
BALAJIPHOS, SM, 14-Aug-2026, 89.85, 87.10, 89.00, 87.00, 89.00, 89.00, 88.88, 91000, 80.88, 22, 89000, 97.80
BALAJITELE, EQ, 14-Aug-2026, 92.52, 100.50, 104.38, 91.10, 91.10, 92.38, 96.03, 1505126, 1445.33, 13559, 565046, 37.54
BALAMINES, EQ, 14-Aug-2026, 2095.90, 2096.10, 2153.00, 2075.10, 2132.00, 2133.80, 2113.68, 96197, 2033.30, 10529, 41699, 43.35
BALAXI, EQ, 14-Aug-2026, 23.99, 23.60, 24.23, 23.53, 24.01, 24.00, 23.94, 25968, 6.22, 123, 25311, 97.47
BALKRISHNA, EQ, 14-Aug-2026, 17.41, 17.41, 18.00, 17.00, 17.05, 17.54, 17.52, 7983, 1.40, 72, 2979, 37.32
BALKRISIND, EQ, 14-Aug-2026, 2410.00, 2410.00, 2423.20, 2350.10, 2371.90, 2363.60, 2363.04, 359889, 8504.31, 30463, 259888, 72.21
BALMLAWRIE, EQ, 14-Aug-2026, 173.50, 173.50, 174.48, 172.15, 173.00, 173.43, 173.50, 66889, 116.05, 1550, 41827, 62.53
BALPHARMA, EQ, 14-Aug-2026, 88.24, 86.65, 89.01, 86.25, 87.23, 87.05, 87.21, 16232, 14.16, 443, 10982, 67.66
BALRAMCHIN, EQ, 14-Aug-2026, 619.65, 620.95, 633.40, 616.25, 625.00, 624.85, 623.82, 363038, 2264.72, 14913, 142083, 39.14
BALUFORGE, EQ, 14-Aug-2026, 446.25, 450.00, 506.90, 449.15, 496.00, 493.75, 493.32, 8980616, 44303.61, 154319, 1821024, 20.28
BANARBEADS, EQ, 14-Aug-2026, 112.89, 115.38, 115.38, 112.49, 112.49, 112.51, 114.25, 1135, 1.30, 45, 1026, 90.40
BANARISUG, EQ, 14-Aug-2026, 3462.50, 3475.00, 3523.50, 3450.00, 3450.00, 3450.00, 3472.19, 721, 25.03, 59, 423, 58.67
BANCOINDIA, EQ, 14-Aug-2026, 626.80, 627.00, 629.90, 613.35, 614.00, 618.10, 621.35, 111264, 691.34, 5710, 65815, 59.15
BANDHANBNK, EQ, 14-Aug-2026, 175.90, 175.50, 176.30, 173.51, 174.55, 174.55, 174.67, 2509360, 4383.05, 15411, 922626, 36.77
BANG, EQ, 14-Aug-2026, 30.20, 30.00, 30.50, 28.24, 28.52, 28.57, 28.92, 30980, 8.96, 254, 25414, 82.03
BANK10ADD, EQ, 14-Aug-2026, 16.90, 16.82, 17.05, 16.82, 16.98, 16.95, 16.91, 18412, 3.11, 74, 15008, 81.51
BANK10BETF, EQ, 14-Aug-2026, 20.78, 20.78, 21.00, 20.67, 21.00, 21.00, 20.68, 511, 0.11, 8, 510, 99.80
BANKA, EQ, 14-Aug-2026, 81.97, 82.00, 83.00, 79.50, 83.00, 81.44, 81.36, 1410, 1.15, 25, 1284, 91.06
BANKADD, EQ, 14-Aug-2026, 59.06, 59.02, 59.23, 58.87, 59.23, 59.09, 58.90, 33487, 19.72, 63, 31235, 93.28
BANKBARODA, EQ, 14-Aug-2026, 248.00, 248.00, 250.79, 247.50, 248.22, 248.22, 249.10, 7812221, 19460.53, 51381, 3585584, 45.90
BANKBEES, EQ, 14-Aug-2026, 597.97, 592.01, 598.63, 592.01, 596.00, 596.37, 596.73, 309671, 1847.89, 5507, 178402, 57.61
BANKBETA, EQ, 14-Aug-2026, 59.65, 59.85, 59.85, 59.39, 59.67, 59.50, 59.55, 118986, 70.86, 371, 100586, 84.54
BANKBETF, EQ, 14-Aug-2026, 58.65, 58.65, 58.75, 58.33, 58.64, 58.54, 58.54, 2558, 1.50, 125, 1583, 61.88
BANKETF, EQ, 14-Aug-2026, 588.22, 602.92, 602.92, 585.61, 586.50, 587.02, 587.26, 4017, 23.59, 180, 3116, 77.57
BANKIETF, EQ, 14-Aug-2026, 59.31, 59.31, 59.32, 59.02, 59.24, 59.22, 59.22, 216747, 128.36, 1070, 115360, 53.22
BANKINDIA, EQ, 14-Aug-2026, 144.87, 145.00, 145.00, 143.11, 144.10, 144.10, 144.14, 3859204, 5562.64, 32706, 1828800, 47.39
BANKNIFTY1, EQ, 14-Aug-2026, 59.89, 61.38, 61.38, 59.59, 59.81, 59.77, 59.74, 72250, 43.17, 662, 24919, 34.49
BANKPSU, EQ, 14-Aug-2026, 88.59, 88.39, 88.59, 87.92, 88.06, 87.99, 88.19, 6062, 5.35, 103, 4435, 73.16
BANSALWIRE, EQ, 14-Aug-2026, 323.55, 325.95, 325.95, 316.60, 318.90, 318.25, 319.67, 58785, 187.92, 3803, 34904, 59.38
BANSWRAS, EQ, 14-Aug-2026, 120.22, 121.04, 123.00, 112.06, 117.49, 116.03, 116.03, 124733, 144.72, 3078, 73915, 59.26
BARFLEX, SM, 14-Aug-2026, 54.05, 55.95, 56.90, 55.95, 56.90, 56.90, 56.43, 4000, 2.26, 2, 4000, 100.00
BASF, EQ, 14-Aug-2026, 4134.20, 4144.90, 4158.50, 4050.00, 4050.00, 4077.90, 4102.38, 25080, 1028.88, 5511, 14476, 57.72
BASILIC, SM, 14-Aug-2026, 201.95, 198.30, 203.00, 198.30, 201.00, 200.95, 200.36, 4500, 9.02, 15, 3000, 66.67
BASML, BE, 14-Aug-2026, 24.93, 24.88, 25.10, 23.69, 24.75, 24.74, 24.35, 53417, 13.01, 158, -, -
BATAINDIA, EQ, 14-Aug-2026, 727.65, 732.45, 767.95, 725.40, 756.00, 755.70, 755.77, 2120239, 16024.03, 64243, 632385, 29.83
BATLIBOI, EQ, 14-Aug-2026, 88.23, 88.45, 90.40, 87.25, 89.97, 89.56, 88.14, 34795, 30.67, 661, 22534, 64.76
BAWEJA, ST, 14-Aug-2026, 24.30, 24.35, 25.40, 23.50, 23.50, 23.50, 23.96, 8800, 2.11, 10, 8800, 100.00
BAYERCROP, EQ, 14-Aug-2026, 4085.40, 4095.00, 4115.60, 4036.20, 4047.00, 4045.80, 4061.18, 21236, 862.43, 4161, 13436, 63.27
BBETF0432, EQ, 14-Aug-2026, 1355.89, 1350.92, 1360.00, 1350.92, 1355.10, 1355.15, 1355.12, 7626, 103.34, 71, 7539, 98.86
BBL, EQ, 14-Aug-2026, 2306.40, 2319.90, 2319.90, 2280.20, 2285.80, 2284.80, 2291.81, 24593, 563.62, 5403, 18228, 74.12
BBNPNBETF, EQ, 14-Aug-2026, 58.11, 58.40, 58.98, 57.76, 58.00, 57.89, 57.79, 1194, 0.69, 20, 1156, 96.82
BBNPPGOLD, EQ, 14-Aug-2026, 147.05, 146.35, 146.90, 144.80, 146.90, 146.20, 145.31, 2439, 3.54, 71, 1663, 68.18
BBOX, EQ, 14-Aug-2026, 832.50, 841.00, 841.00, 790.00, 801.00, 795.85, 804.91, 784114, 6311.39, 27167, 374466, 47.76
BBTC, EQ, 14-Aug-2026, 1471.80, 1478.90, 1491.40, 1464.90, 1466.00, 1468.20, 1476.32, 23135, 341.55, 3662, 12045, 52.06
BBTCL, EQ, 14-Aug-2026, 231.03, 237.00, 252.55, 231.25, 243.90, 244.64, 241.56, 46603, 112.58, 1233, 31810, 68.26
BCG, EQ, 14-Aug-2026, 9.67, 9.69, 10.08, 9.61, 9.92, 9.93, 9.85, 8073215, 795.22, 6468, 4323672, 53.56
BCLIND, EQ, 14-Aug-2026, 36.55, 36.45, 36.94, 35.52, 35.58, 35.63, 35.86, 515345, 184.80, 3069, 276241, 53.60
BCONCEPTS, EQ, 14-Aug-2026, 164.30, 164.30, 171.83, 157.55, 160.00, 159.02, 161.22, 36170, 58.31, 1668, 22127, 61.18
BCPL, EQ, 14-Aug-2026, 68.69, 68.05, 77.20, 68.05, 73.19, 72.84, 73.20, 44007, 32.21, 845, 23533, 53.48
BDL, EQ, 14-Aug-2026, 1375.50, 1381.60, 1419.80, 1347.30, 1398.00, 1398.00, 1383.94, 8457532, 117047.46, 206116, 1628249, 19.25
BEACON, SM, 14-Aug-2026, 90.00, 88.00, 88.00, 88.00, 88.00, 88.00, 88.00, 1000, 0.88, 1, 1000, 100.00
BEARDSELL, EQ, 14-Aug-2026, 24.90, 24.90, 25.90, 24.56, 24.71, 24.72, 24.91, 31806, 7.92, 208, 21609, 67.94
BECTORFOOD, EQ, 14-Aug-2026, 240.25, 238.22, 245.50, 237.17, 240.45, 240.37, 242.63, 1285215, 3118.30, 18267, 407859, 31.73
BEDMUTHA, EQ, 14-Aug-2026, 115.62, 114.50, 115.00, 111.01, 112.90, 113.63, 113.98, 2165, 2.47, 39, 998, 46.10
BEEKAY, EQ, 14-Aug-2026, 440.50, 445.35, 461.95, 430.00, 435.05, 435.35, 441.33, 3085, 13.61, 184, 1900, 61.59
BEL, EQ, 14-Aug-2026, 410.50, 410.45, 412.50, 408.25, 410.80, 410.80, 410.33, 7388147, 30315.51, 64385, 4361165, 59.03
BELLACASA, EQ, 14-Aug-2026, 239.51, 237.39, 237.40, 214.68, 223.90, 223.74, 222.92, 40771, 90.89, 1682, 26630, 65.32
BELRISE, EQ, 14-Aug-2026, 254.42, 254.39, 261.00, 251.17, 257.00, 255.35, 257.54, 5210897, 13420.15, 62686, 2520810, 48.38
BEML, EQ, 14-Aug-2026, 1910.60, 1915.00, 1925.70, 1869.10, 1871.00, 1874.40, 1889.78, 171580, 3242.48, 16787, 69272, 40.37
BENGALASM, EQ, 14-Aug-2026, 6216.00, 6090.50, 6237.50, 6090.50, 6215.00, 6210.00, 6204.00, 126, 7.82, 46, 103, 81.75
BEPL, EQ, 14-Aug-2026, 122.30, 122.60, 124.19, 121.70, 123.71, 123.70, 123.27, 742282, 915.00, 6562, 303270, 40.86
BERGEPAINT, EQ, 14-Aug-2026, 546.35, 547.00, 561.00, 543.00, 544.40, 545.10, 554.84, 891866, 4948.43, 24834, 488598, 54.78
BESTAGRO, EQ, 14-Aug-2026, 18.93, 19.48, 19.48, 18.53, 18.80, 18.87, 19.02, 860444, 163.65, 1832, 303188, 35.24
BETA, EQ, 14-Aug-2026, 2595.20, 2600.00, 2600.00, 2473.00, 2541.00, 2550.70, 2538.55, 14886, 377.89, 2438, 7280, 48.91
BEWLTD, SM, 14-Aug-2026, 51.30, 52.45, 52.45, 51.10, 51.60, 51.75, 51.65, 3500, 1.81, 7, 3000, 85.71
BFINVEST, EQ, 14-Aug-2026, 464.00, 468.60, 499.00, 456.60, 461.00, 463.45, 475.55, 216730, 1030.67, 6970, 33736, 15.57
BFSI, EQ, 14-Aug-2026, 27.34, 28.02, 28.02, 27.25, 27.31, 27.30, 27.32, 124394, 33.98, 761, 83414, 67.06
BFUTILITIE, EQ, 14-Aug-2026, 560.30, 559.30, 564.00, 525.00, 535.05, 533.60, 534.96, 527106, 2819.81, 16499, 75776, 14.38
BGRENERGY, BE, 14-Aug-2026, 258.95, 256.05, 262.00, 256.05, 259.95, 257.45, 258.49, 30954, 80.01, 327, -, -
BHADORA, ST, 14-Aug-2026, 100.50, 100.00, 105.50, 100.00, 105.40, 105.40, 102.01, 142800, 145.67, 34, 141600, 99.16
BHAGCHEM, EQ, 14-Aug-2026, 276.20, 277.00, 292.35, 275.10, 289.50, 289.85, 284.80, 74053, 210.90, 1490, 49443, 66.77
BHAGERIA, BE, 14-Aug-2026, 200.36, 202.98, 204.90, 194.00, 199.00, 199.25, 199.73, 30048, 60.01, 361, -, -
BHAGYANGR, EQ, 14-Aug-2026, 370.40, 361.10, 381.00, 357.60, 363.50, 364.30, 365.15, 162486, 593.32, 3554, 92201, 56.74
BHANDARI, BE, 14-Aug-2026, 2.91, 2.92, 2.96, 2.82, 2.86, 2.86, 2.88, 144790, 4.18, 206, -, -
BHARATCOAL, EQ, 14-Aug-2026, 33.90, 33.90, 33.98, 33.64, 33.73, 33.69, 33.79, 2039542, 689.06, 8806, 1186399, 58.17
BHARATFORG, EQ, 14-Aug-2026, 2088.00, 2088.00, 2090.70, 2052.60, 2065.00, 2065.00, 2066.59, 804954, 16635.09, 53050, 468262, 58.17
BHARATGEAR, BE, 14-Aug-2026, 102.33, 103.00, 103.95, 102.60, 103.48, 103.28, 103.15, 12965, 13.37, 119, -, -
BHARATRAS, EQ, 14-Aug-2026, 1366.40, 1330.00, 1349.00, 1298.00, 1300.50, 1302.60, 1309.27, 34607, 453.10, 3608, 19404, 56.07
BHARATSE, EQ, 14-Aug-2026, 245.25, 248.50, 251.78, 242.36, 245.70, 248.05, 247.84, 421271, 1044.07, 10591, 136535, 32.41
BHARATWIRE, EQ, 14-Aug-2026, 190.59, 191.93, 191.93, 185.00, 188.95, 188.01, 187.72, 106265, 199.48, 2602, 51015, 48.01
BHARTIARTL, EQ, 14-Aug-2026, 1939.10, 1939.10, 2005.80, 1932.00, 1992.10, 1992.10, 1987.68, 12282580, 244138.34, 311440, 8227446, 66.98
BHARTIHEXA, EQ, 14-Aug-2026, 1565.50, 1558.00, 1633.70, 1553.10, 1622.00, 1621.10, 1615.29, 349991, 5653.36, 31915, 133089, 38.03
BHEL, EQ, 14-Aug-2026, 420.00, 419.95, 430.00, 416.55, 421.70, 421.70, 424.67, 11362612, 48253.04, 97797, 3771894, 33.20
BI, EQ, 14-Aug-2026, 64.01, 69.94, 76.81, 68.50, 76.81, 76.81, 75.49, 121676, 91.86, 300, 109714, 90.17
BIGBLOC, EQ, 14-Aug-2026, 45.37, 46.00, 46.00, 44.62, 45.14, 44.95, 45.00, 47243, 21.26, 542, 35609, 75.37
BIKAJI, EQ, 14-Aug-2026, 616.90, 617.95, 622.00, 607.95, 613.80, 613.30, 615.68, 282263, 1737.83, 8937, 211323, 74.87
BIKEWO, ST, 14-Aug-2026, 95.30, 99.80, 100.05, 91.50, 100.05, 100.05, 98.27, 284000, 279.08, 112, 240000, 84.51
BIL, EQ, 14-Aug-2026, 850.00, 839.80, 850.00, 810.00, 833.30, 837.40, 837.43, 19545, 163.68, 1448, 15647, 80.06
BILVYAPAR, BE, 14-Aug-2026, 4.10, 4.10, 4.29, 4.10, 4.14, 4.14, 4.28, 5758, 0.25, 17, -, -
BIMETAL, EQ, 14-Aug-2026, 639.40, 629.05, 633.00, 625.00, 628.00, 628.60, 629.15, 315, 1.98, 52, 303, 96.19
BIOCON, EQ, 14-Aug-2026, 420.00, 418.00, 420.80, 413.15, 417.00, 417.00, 416.58, 3992844, 16633.23, 36429, 2325866, 58.25
BIOFILCHEM, EQ, 14-Aug-2026, 31.80, 32.00, 32.75, 31.80, 32.01, 31.84, 32.00, 2776, 0.89, 74, 2174, 78.31
BIOPOL, SM, 14-Aug-2026, 99.50, 100.00, 102.90, 88.00, 94.40, 94.15, 93.39, 204000, 190.53, 145, 120000, 58.82
BIRET, RR, 14-Aug-2026, 346.23, 346.50, 346.50, 342.00, 345.99, 345.07, 344.68, 232066, 799.88, 8616, 187125, 80.63
BIRLACABLE, BE, 14-Aug-2026, 302.99, 297.00, 304.00, 287.85, 287.85, 288.44, 291.55, 238984, 696.76, 3134, -, -
BIRLACORPN, EQ, 14-Aug-2026, 902.05, 898.50, 908.70, 896.65, 903.10, 904.90, 904.16, 25173, 227.60, 2302, 16223, 64.45
BIRLAMONEY, EQ, 14-Aug-2026, 131.96, 132.60, 134.00, 131.00, 131.32, 131.88, 132.22, 26744, 35.36, 563, 17402, 65.07
BIRLANU, EQ, 14-Aug-2026, 1635.50, 1625.00, 1673.60, 1545.20, 1575.00, 1555.20, 1581.87, 23294, 368.48, 2928, 13927, 59.79
BIRLAPREC, EQ, 14-Aug-2026, 37.52, 39.35, 39.35, 35.30, 36.33, 35.92, 36.60, 60302, 22.07, 431, 32106, 53.24
BLACKBUCK, EQ, 14-Aug-2026, 576.80, 578.20, 582.55, 568.10, 571.00, 571.15, 576.31, 197304, 1137.09, 12661, 92647, 46.96
BLACKROSE, BE, 14-Aug-2026, 103.29, 100.50, 106.89, 100.00, 103.00, 104.81, 101.47, 25608, 25.98, 260, -, -
BLAL, EQ, 14-Aug-2026, 170.40, 171.42, 172.90, 169.81, 172.90, 171.49, 170.58, 12013, 20.49, 294, 9308, 77.48
BLBLIMITED, EQ, 14-Aug-2026, 16.07, 16.45, 16.59, 15.75, 16.02, 15.96, 16.17, 81886, 13.24, 817, 73741, 90.05
BLIL, EQ, 14-Aug-2026, 70.70, 71.49, 71.49, 70.52, 71.00, 70.94, 70.94, 42420, 30.09, 616, 31265, 73.70
BLISSGVS, BE, 14-Aug-2026, 514.00, 522.00, 530.80, 496.10, 520.95, 519.25, 519.74, 390435, 2029.25, 5774, -, -
BLKASHYAP, EQ, 14-Aug-2026, 51.81, 52.00, 52.54, 51.31, 51.88, 51.62, 51.70, 281200, 145.39, 1267, 177283, 63.05
BLS, EQ, 14-Aug-2026, 270.67, 269.32, 279.11, 268.55, 277.90, 278.12, 275.55, 3214940, 8858.68, 43768, 1274374, 39.64
BLSE, EQ, 14-Aug-2026, 315.30, 314.00, 317.70, 309.55, 314.00, 314.25, 313.22, 842849, 2640.01, 8640, 500026, 59.33
BLUECHIP, EQ, 14-Aug-2026, 1.78, 1.81, 1.81, 1.81, 1.81, 1.81, 1.81, 32318, 0.58, 45, 32318, 100.00
BLUECOAST, BE, 14-Aug-2026, 24.98, 25.05, 25.05, 23.74, 24.49, 24.49, 23.77, 1345, 0.32, 22, -, -
BLUEDART, EQ, 14-Aug-2026, 5101.00, 5160.00, 5280.00, 5070.00, 5150.00, 5141.00, 5149.32, 22745, 1171.21, 4759, 6901, 30.34
BLUEJET, EQ, 14-Aug-2026, 594.60, 597.20, 599.25, 582.95, 586.05, 584.50, 588.85, 571595, 3365.85, 14030, 315725, 55.24
BLUEPEBBLE, SM, 14-Aug-2026, 72.20, 72.50, 72.50, 72.50, 72.50, 72.50, 72.50, 800, 0.58, 2, 400, 50.00
BLUESTARCO, EQ, 14-Aug-2026, 1514.00, 1514.00, 1527.50, 1497.10, 1508.00, 1508.00, 1506.04, 322229, 4852.89, 17484, 137733, 42.74
BLUESTONE, EQ, 14-Aug-2026, 874.30, 874.30, 888.30, 835.00, 845.00, 845.25, 865.35, 2362537, 20444.27, 47305, 392972, 16.63
BLUEWATER, ST, 14-Aug-2026, 416.05, 410.00, 424.00, 410.00, 416.90, 413.45, 413.24, 13000, 53.72, 13, 13000, 100.00
BLUSPRING, EQ, 14-Aug-2026, 115.49, 116.45, 116.45, 107.44, 111.35, 111.07, 110.36, 771500, 851.43, 8173, 397061, 51.47
BMLL, SM, 14-Aug-2026, 146.80, 148.45, 149.90, 144.05, 144.05, 144.35, 146.50, 12000, 17.58, 12, 4000, 33.33
BMWVENTLTD, EQ, 14-Aug-2026, 57.68, 57.98, 58.08, 56.31, 57.54, 57.29, 57.52, 55064, 31.67, 1057, 26098, 47.40
BNAGROCHEM, EQ, 14-Aug-2026, 246.00, 245.30, 245.30, 243.95, 244.95, 244.95, 244.32, 513, 1.25, 19, 463, 90.25
BNALTD, BE, 14-Aug-2026, 385.10, 385.10, 385.10, 380.00, 380.00, 380.00, 380.43, 223, 0.85, 10, -, -
BNKETFAXIS, EQ, 14-Aug-2026, 595.17, 595.10, 595.34, 592.03, 595.34, 595.34, 593.90, 22, 0.13, 12, 20, 90.91
BODALCHEM, BE, 14-Aug-2026, 67.67, 68.39, 69.00, 67.05, 68.20, 68.48, 68.23, 58847, 40.15, 307, -, -
BOHRAIND, EQ, 14-Aug-2026, 14.63, 14.55, 15.55, 14.55, 15.39, 14.84, 14.90, 2541, 0.38, 33, 2309, 90.87
BOMDYEING, EQ, 14-Aug-2026, 115.58, 116.20, 116.45, 114.00, 114.47, 114.40, 114.81, 278685, 319.97, 3340, 131585, 47.22
BONLON, EQ, 14-Aug-2026, 40.99, 43.90, 43.90, 40.66, 42.96, 42.44, 42.12, 3612, 1.52, 108, 2002, 55.43
BORANA, EQ, 14-Aug-2026, 319.00, 320.00, 326.80, 302.05, 317.25, 319.95, 315.09, 28797, 90.74, 1082, 14083, 48.90
BOROLTD, EQ, 14-Aug-2026, 243.97, 242.70, 245.69, 237.05, 237.05, 238.55, 240.71, 40301, 97.01, 1538, 21623, 53.65
BORORENEW, EQ, 14-Aug-2026, 579.00, 582.80, 582.80, 568.20, 573.55, 577.05, 574.79, 280169, 1610.38, 10192, 138120, 49.30
BOROSCI, EQ, 14-Aug-2026, 135.44, 135.44, 136.79, 133.50, 133.50, 133.92, 135.08, 26600, 35.93, 957, 15505, 58.29
BOSCH-HCIL, EQ, 14-Aug-2026, 1685.10, 1677.00, 1693.00, 1640.10, 1655.00, 1654.20, 1661.53, 36479, 606.11, 3798, 20115, 55.14
BOSCHLTD, EQ, 14-Aug-2026, 46750.00, 46810.00, 47315.00, 46480.00, 47100.00, 47100.00, 46963.64, 33575, 15768.04, 13850, 15150, 45.12
BPCL, EQ, 14-Aug-2026, 315.00, 314.85, 319.45, 314.05, 319.45, 319.45, 317.54, 8035947, 25517.30, 47336, 5057916, 62.94
BPL, EQ, 14-Aug-2026, 50.85, 51.95, 51.95, 48.82, 49.98, 49.54, 49.67, 110780, 55.03, 1760, 62450, 56.37
BRANDMAN, SM, 14-Aug-2026, 193.10, 186.10, 186.10, 173.80, 181.60, 181.60, 180.02, 44800, 80.65, 51, 28800, 64.29
BRIGADE, EQ, 14-Aug-2026, 589.65, 593.00, 605.90, 585.10, 585.25, 591.55, 593.84, 448246, 2661.85, 19346, 187621, 41.86
BRIGHOTEL, EQ, 14-Aug-2026, 59.22, 59.22, 59.99, 58.80, 59.62, 59.66, 59.40, 59039, 35.07, 1464, 37392, 63.33
BRITANNIA, EQ, 14-Aug-2026, 5615.00, 5614.50, 5630.00, 5550.00, 5558.00, 5558.00, 5591.43, 246713, 13794.80, 17352, 135141, 54.78
BRNL, EQ, 14-Aug-2026, 17.66, 17.51, 17.98, 17.31, 17.49, 17.42, 17.50, 17554, 3.07, 234, 12271, 69.90
BROOKS, BE, 14-Aug-2026, 65.60, 63.02, 64.90, 62.32, 62.89, 62.41, 63.21, 34218, 21.63, 203, -, -
BSE, EQ, 14-Aug-2026, 3502.80, 3501.00, 3502.00, 3435.00, 3447.00, 3447.00, 3458.66, 3018212, 104389.55, 149200, 1244977, 41.25
BSE500IETF, EQ, 14-Aug-2026, 39.96, 40.32, 40.32, 39.80, 39.81, 40.01, 39.97, 71412, 28.55, 1115, 33198, 46.49
BSHSL, BE, 14-Aug-2026, 91.00, 91.00, 91.00, 87.30, 88.95, 88.95, 90.27, 21088, 19.04, 65, -, -
BSL, EQ, 14-Aug-2026, 122.08, 122.08, 123.49, 122.00, 122.00, 122.45, 122.58, 2049, 2.51, 59, 856, 41.78
BSLGOLDETF, EQ, 14-Aug-2026, 133.66, 132.76, 133.26, 131.85, 133.26, 133.19, 132.81, 163430, 217.04, 1868, 97051, 59.38
BSLNIFTY, EQ, 14-Aug-2026, 28.64, 29.35, 29.35, 28.30, 28.78, 28.66, 28.65, 763106, 218.66, 3223, 625827, 82.01
BSLSENETFG, EQ, 14-Aug-2026, 78.55, 76.58, 79.50, 76.58, 78.65, 78.14, 78.36, 1274, 1.00, 115, 925, 72.61
BSOFT, EQ, 14-Aug-2026, 313.55, 316.00, 320.40, 311.00, 312.80, 312.05, 313.45, 561496, 1760.03, 15866, 281626, 50.16
BTML, EQ, 14-Aug-2026, 8.90, 8.80, 8.97, 8.30, 8.81, 8.82, 8.62, 1063014, 91.67, 893, 775177, 72.92
BTTL, BE, 14-Aug-2026, 42.32, 42.74, 43.19, 40.75, 43.00, 43.00, 42.37, 3076, 1.30, 45, -, -
BUILDPRO, EQ, 14-Aug-2026, 1268.40, 1287.40, 1287.90, 1245.00, 1248.00, 1248.60, 1261.63, 40023, 504.94, 3406, 24592, 61.44
BULKCORP, SM, 14-Aug-2026, 63.00, 65.00, 65.00, 65.00, 65.00, 65.00, 65.00, 2400, 1.56, 2, 2400, 100.00
BURNPUR, BE, 14-Aug-2026, 19.28, 18.32, 18.32, 18.32, 18.32, 18.32, 18.32, 4498, 0.82, 93, -, -
BUTTERFLY, EQ, 14-Aug-2026, 682.45, 681.30, 685.95, 670.05, 670.05, 677.90, 678.89, 7693, 52.23, 757, 4668, 60.68
BVCL, EQ, 14-Aug-2026, 40.92, 41.00, 41.39, 40.57, 41.00, 40.98, 41.05, 4219, 1.73, 70, 3515, 83.31
BYKE, BE, 14-Aug-2026, 30.99, 31.00, 31.45, 31.00, 31.42, 31.20, 31.11, 14054, 4.37, 47, -, -
C2C, SM, 14-Aug-2026, 257.25, 258.50, 258.50, 246.00, 254.70, 253.55, 253.29, 92400, 234.04, 413, 62100, 67.21
CALSOFT, BE, 14-Aug-2026, 23.43, 24.60, 24.60, 24.60, 24.60, 24.60, 24.60, 151900, 37.37, 160, -, -
CAMLINFINE, EQ, 14-Aug-2026, 106.46, 108.00, 109.64, 101.15, 103.99, 103.76, 103.62, 2698158, 2795.75, 24601, 1060451, 39.30
CAMPUS, EQ, 14-Aug-2026, 219.95, 220.00, 220.29, 217.95, 218.81, 218.40, 218.95, 205173, 449.22, 5068, 84193, 41.04
CAMS, EQ, 14-Aug-2026, 773.00, 776.00, 776.00, 761.30, 762.25, 762.25, 765.02, 880470, 6735.80, 43740, 478492, 54.35
CANARYS, SM, 14-Aug-2026, 22.85, 22.85, 23.35, 22.15, 22.25, 22.25, 22.78, 52000, 11.84, 11, 40000, 76.92
CANBK, EQ, 14-Aug-2026, 131.80, 131.80, 131.80, 127.77, 131.25, 131.25, 130.61, 10082358, 13168.51, 46710, 2986464, 29.62
CANFINHOME, EQ, 14-Aug-2026, 821.85, 822.00, 823.15, 815.10, 823.15, 820.80, 818.80, 90795, 743.43, 7015, 54239, 59.74
CANHLIFE, EQ, 14-Aug-2026, 150.23, 150.31, 150.47, 148.23, 149.20, 148.71, 148.95, 187916, 279.90, 3164, 72629, 38.65
CANTABIL, EQ, 14-Aug-2026, 229.55, 231.29, 242.90, 229.68, 236.42, 237.78, 238.70, 415090, 990.82, 5602, 229625, 55.32
CAPACITE, EQ, 14-Aug-2026, 209.54, 209.54, 215.40, 208.96, 214.68, 214.53, 213.03, 374962, 798.77, 6579, 235485, 62.80
CAPILLARY, EQ, 14-Aug-2026, 531.05, 536.25, 544.80, 531.00, 539.00, 538.05, 538.06, 398221, 2142.66, 9349, 198491, 49.84
CAPINVIT, IV, 14-Aug-2026, 76.44, 76.64, 76.98, 76.50, 76.85, 76.81, 76.76, 267138, 205.06, 2211, 227875, 85.30
CAPITALSFB, EQ, 14-Aug-2026, 291.65, 291.50, 293.70, 283.05, 285.90, 285.70, 288.88, 35013, 101.15, 773, 24968, 71.31
CAPLIPOINT, EQ, 14-Aug-2026, 2499.70, 2502.80, 2519.70, 2460.60, 2489.00, 2480.50, 2486.24, 56745, 1410.82, 9212, 27573, 48.59
CAPTRUST, BE, 14-Aug-2026, 20.66, 21.65, 21.69, 20.03, 21.40, 21.23, 21.52, 143923, 30.97, 376, -, -
CARBORUNIV, EQ, 14-Aug-2026, 1184.60, 1179.20, 1179.20, 1132.30, 1153.80, 1151.60, 1148.39, 227617, 2613.92, 17419, 114424, 50.27
CARERATING, EQ, 14-Aug-2026, 1728.30, 1732.00, 1732.00, 1699.30, 1705.00, 1717.40, 1714.78, 18199, 312.07, 3558, 9360, 51.43
CARRARO, EQ, 14-Aug-2026, 524.55, 524.55, 528.85, 512.30, 517.00, 514.65, 520.78, 63299, 329.65, 4588, 32592, 51.49
CARTRADE, EQ, 14-Aug-2026, 2757.00, 2760.10, 2804.50, 2726.60, 2793.00, 2797.80, 2786.42, 177887, 4956.68, 21772, 74027, 41.61
CARYSIL, EQ, 14-Aug-2026, 1207.30, 1207.30, 1258.90, 1175.20, 1181.00, 1179.80, 1215.15, 263338, 3199.94, 19568, 96778, 36.75
CASHIETF, EQ, 14-Aug-2026, 1075.03, 1075.47, 1075.49, 1075.47, 1075.49, 1075.49, 1075.47, 351821, 3783.74, 127, 282530, 80.31
CASTROLIND, EQ, 14-Aug-2026, 187.42, 187.39, 188.00, 186.52, 187.03, 186.82, 187.18, 1409953, 2639.21, 26673, 937068, 66.46
CBAZAAR, ST, 14-Aug-2026, 5.25, 5.00, 5.00, 5.00, 5.00, 5.00, 5.00, 8000, 0.40, 1, 8000, 100.00
CCAVENUE, EQ, 14-Aug-2026, 15.64, 15.65, 15.72, 15.30, 15.40, 15.43, 15.53, 8361344, 1298.27, 12234, 4749097, 56.80
CCCL, EQ, 14-Aug-2026, 15.09, 15.20, 16.35, 15.16, 15.95, 16.00, 15.88, 438225, 69.61, 962, 317621, 72.48
CCHHL, EQ, 14-Aug-2026, 12.41, 12.41, 12.59, 12.17, 12.20, 12.23, 12.34, 25622, 3.16, 196, 14784, 57.70
CCL, EQ, 14-Aug-2026, 1143.00, 1143.00, 1143.80, 1130.10, 1135.40, 1133.40, 1137.59, 50093, 569.85, 9076, 27867, 55.63
CDSL, EQ, 14-Aug-2026, 1350.00, 1355.00, 1358.30, 1338.30, 1344.40, 1344.40, 1345.30, 482964, 6497.31, 23029, 227522, 47.11
CEATLTD, EQ, 14-Aug-2026, 3696.50, 3696.00, 3715.80, 3663.10, 3690.00, 3688.80, 3683.78, 34048, 1254.25, 6634, 14092, 41.39
CEDAAR, ST, 14-Aug-2026, 15.35, 15.05, 15.35, 14.60, 15.35, 15.35, 14.83, 27000, 4.01, 18, 24000, 88.89
CEIGALL, EQ, 14-Aug-2026, 317.05, 320.00, 325.20, 315.10, 318.10, 318.40, 319.67, 115105, 367.96, 4947, 51600, 44.83
CEINSYS, EQ, 14-Aug-2026, 795.00, 806.90, 831.90, 775.65, 818.95, 817.70, 809.34, 133155, 1077.68, 8474, 62488, 46.93
CELEBRITY, EQ, 14-Aug-2026, 6.90, 6.95, 6.99, 6.73, 6.75, 6.77, 6.82, 16666, 1.14, 103, 9410, 56.46
CELLECOR, ST, 14-Aug-2026, 30.20, 31.00, 31.25, 30.20, 31.00, 31.10, 30.86, 81000, 25.00, 25, 72000, 88.89
CELLO, EQ, 14-Aug-2026, 369.75, 371.90, 379.75, 368.45, 378.00, 377.60, 375.95, 543154, 2042.01, 13966, 202977, 37.37
CELLPOINT, SM, 14-Aug-2026, 16.00, 16.75, 16.75, 16.70, 16.70, 16.70, 16.72, 3600, 0.60, 3, 3600, 100.00
CEMNTGROWW, EQ, 14-Aug-2026, 14.70, 15.36, 15.36, 14.78, 15.10, 15.00, 14.97, 208476, 31.21, 906, 82553, 39.60
CEMPRO, EQ, 14-Aug-2026, 1237.00, 1243.20, 1298.80, 1243.20, 1298.80, 1298.80, 1288.83, 305460, 3936.85, 23591, 196694, 64.39
CENTENKA, EQ, 14-Aug-2026, 581.90, 582.00, 585.45, 566.00, 570.00, 569.15, 574.17, 50424, 289.52, 2316, 27602, 54.74
CENTEXT, EQ, 14-Aug-2026, 21.72, 22.00, 22.00, 19.80, 21.20, 21.29, 21.15, 593271, 125.46, 1160, 313185, 52.79
CENTRALBK, EQ, 14-Aug-2026, 31.36, 31.36, 31.48, 31.30, 31.40, 31.40, 31.39, 3453194, 1083.92, 12257, 2261989, 65.50
CENTRUM, EQ, 14-Aug-2026, 24.63, 25.11, 26.49, 24.65, 25.33, 25.77, 25.33, 356039, 90.18, 963, 167335, 47.00
CENTUM, EQ, 14-Aug-2026, 3791.00, 3700.00, 3874.00, 3512.50, 3565.00, 3538.50, 3650.15, 175313, 6399.19, 29658, 84989, 48.48
CENTURYPLY, EQ, 14-Aug-2026, 763.70, 763.70, 767.40, 754.00, 759.50, 756.55, 758.80, 28704, 217.81, 3163, 19578, 68.21
CERA, EQ, 14-Aug-2026, 5925.50, 5950.00, 5979.00, 5757.00, 5850.00, 5872.00, 5918.98, 57050, 3376.78, 2182, 52831, 92.60
CEREBRAINT, BZ, 14-Aug-2026, 2.63, 2.63, 2.67, 2.55, 2.58, 2.57, 2.59, 79075, 2.05, 150, -, -
CESC, EQ, 14-Aug-2026, 164.83, 166.74, 172.00, 165.60, 167.70, 167.83, 167.99, 5557236, 9335.41, 49197, 1773584, 31.91
CEWATER, EQ, 14-Aug-2026, 261.60, 265.00, 273.20, 261.00, 264.90, 264.65, 265.44, 121649, 322.90, 4263, 63720, 52.38
CGCL, EQ, 14-Aug-2026, 231.12, 231.00, 233.87, 225.81, 227.00, 226.52, 228.36, 2235455, 5104.94, 16777, 551720, 24.68
CGPOWER, EQ, 14-Aug-2026, 886.55, 886.55, 892.55, 878.20, 890.15, 890.15, 887.70, 1539330, 13664.69, 25818, 807647, 52.47
CGRAPHICS, SM, 14-Aug-2026, 146.60, 145.05, 147.00, 145.05, 147.00, 147.00, 145.93, 3200, 4.67, 3, 3200, 100.00
CHALET, EQ, 14-Aug-2026, 823.75, 826.00, 828.00, 814.35, 825.00, 825.10, 823.15, 71318, 587.06, 18575, 49433, 69.31
CHAMBLFERT, EQ, 14-Aug-2026, 443.30, 442.50, 444.80, 441.35, 441.50, 442.70, 442.97, 204506, 905.91, 8171, 144522, 70.67
CHANDAN, SM, 14-Aug-2026, 241.40, 234.05, 251.35, 234.05, 248.00, 248.00, 245.67, 55200, 135.61, 65, 45600, 82.61
CHAVDA, SM, 14-Aug-2026, 135.10, 135.65, 137.80, 135.15, 135.15, 135.60, 136.18, 13000, 17.70, 13, 10000, 76.92
CHEMBOND, BE, 14-Aug-2026, 180.00, 179.95, 180.00, 171.00, 178.85, 178.85, 174.46, 2395, 4.18, 69, -, -
CHEMBONDCH, BE, 14-Aug-2026, 272.32, 272.34, 277.99, 266.50, 267.00, 269.06, 271.33, 12873, 34.93, 223, -, -
CHEMCON, BE, 14-Aug-2026, 191.26, 190.00, 192.89, 188.52, 190.00, 191.14, 190.27, 13896, 26.44, 180, -, -
CHEMFAB, BE, 14-Aug-2026, 376.95, 376.90, 379.45, 371.65, 376.00, 375.80, 376.13, 1831, 6.89, 25, -, -
CHEMICAL, EQ, 14-Aug-2026, 30.97, 31.00, 31.02, 30.69, 30.80, 30.80, 30.85, 816455, 251.92, 979, 638202, 78.17
CHEMPLASTS, EQ, 14-Aug-2026, 180.39, 182.26, 188.00, 179.56, 184.00, 184.10, 184.24, 288034, 530.67, 5750, 106198, 36.87
CHENNPETRO, EQ, 14-Aug-2026, 1341.80, 1341.80, 1368.80, 1311.00, 1319.10, 1321.90, 1333.13, 755166, 10067.32, 24743, 247024, 32.71
CHETANA, ST, 14-Aug-2026, 46.85, 47.45, 47.80, 47.00, 47.80, 47.50, 47.51, 8000, 3.80, 5, 8000, 100.00
CHEVIOT, EQ, 14-Aug-2026, 1158.80, 1165.20, 1166.00, 1148.00, 1161.00, 1159.00, 1157.74, 764, 8.85, 158, 498, 65.18
CHOICEGOLD, EQ, 14-Aug-2026, 150.44, 150.44, 150.61, 146.60, 150.25, 150.04, 149.55, 8345, 12.48, 97, 6928, 83.02
CHOICEIN, EQ, 14-Aug-2026, 810.25, 813.00, 816.50, 803.00, 806.00, 804.35, 808.17, 359840, 2908.11, 7879, 132722, 36.88
CHOLAFIN, EQ, 14-Aug-2026, 1927.90, 1900.10, 1913.70, 1885.00, 1894.40, 1894.40, 1900.75, 626875, 11915.33, 41462, 402305, 64.18
CHOLAHLDNG, EQ, 14-Aug-2026, 1584.70, 1583.70, 1642.70, 1560.40, 1598.00, 1597.20, 1607.44, 730857, 11748.09, 53680, 234097, 32.03
CIEINDIA, EQ, 14-Aug-2026, 408.60, 410.00, 412.00, 406.60, 408.00, 407.75, 408.89, 180153, 736.62, 14127, 98755, 54.82
CIFL, EQ, 14-Aug-2026, 21.50, 22.22, 22.28, 20.95, 21.00, 21.17, 21.36, 146283, 31.24, 804, 94384, 64.52
CINELINE, EQ, 14-Aug-2026, 89.18, 90.10, 90.79, 89.20, 89.89, 89.79, 89.67, 5534, 4.96, 90, 5223, 94.38
CINEVISTA, EQ, 14-Aug-2026, 14.82, 15.25, 15.25, 14.70, 14.73, 14.72, 14.85, 819, 0.12, 40, 618, 75.46
CIPLA, EQ, 14-Aug-2026, 1458.80, 1457.50, 1474.30, 1449.20, 1450.00, 1450.00, 1459.74, 784917, 11457.74, 35522, 490283, 62.46
CITIUSINVT, IV, 14-Aug-2026, 110.93, 111.00, 111.99, 110.65, 111.10, 111.30, 111.00, 1174127, 1303.30, 660, 1167801, 99.46
CKKRETAIL, SM, 14-Aug-2026, 145.05, 145.05, 148.00, 144.95, 144.95, 146.50, 145.34, 104800, 152.31, 13, 80800, 77.10
CLASSICEIL, SM, 14-Aug-2026, 48.50, 49.00, 49.00, 47.25, 47.30, 47.30, 47.85, 4800, 2.30, 3, 4800, 100.00
CLAYCRAFT, SM, 14-Aug-2026, 164.15, 164.00, 165.00, 160.00, 161.55, 161.60, 162.38, 16200, 26.30, 25, 10800, 66.67
CLCIND, BE, 14-Aug-2026, 48.58, 49.99, 51.00, 48.11, 50.98, 50.43, 50.93, 23324, 11.88, 44, -, -
CLEAN, EQ, 14-Aug-2026, 836.35, 842.00, 843.85, 818.15, 821.00, 821.50, 828.77, 331921, 2750.88, 14470, 162854, 49.06
CLEANMAX, EQ, 14-Aug-2026, 1254.90, 1247.00, 1281.90, 1240.10, 1244.50, 1248.50, 1257.53, 68805, 865.25, 7882, 30424, 44.22
CLEDUCATE, BE, 14-Aug-2026, 59.87, 59.11, 60.00, 56.88, 58.85, 58.85, 58.11, 22999, 13.36, 107, -, -
CLSEL, EQ, 14-Aug-2026, 281.25, 280.00, 282.30, 270.30, 278.00, 278.45, 278.70, 44815, 124.90, 1224, 18514, 41.31
CLSL, ST, 14-Aug-2026, 78.15, 74.30, 77.00, 74.25, 77.00, 77.00, 74.79, 16000, 11.97, 8, 14000, 87.50
CMLL, EQ, 14-Aug-2026, 544.40, 550.00, 550.00, 520.25, 520.30, 526.85, 534.77, 351891, 1881.79, 7363, 164420, 46.72
CMNL, SM, 14-Aug-2026, 106.00, 106.00, 109.00, 106.00, 107.00, 107.00, 107.90, 72000, 77.68, 16, 69000, 95.83
CMPDI, EQ, 14-Aug-2026, 240.92, 240.90, 242.72, 236.45, 237.49, 237.25, 238.84, 584039, 1394.89, 10070, 264820, 45.34
CMRGREEN, EQ, 14-Aug-2026, 218.44, 218.49, 219.31, 212.00, 213.16, 213.57, 214.79, 614699, 1320.29, 9149, 299130, 48.66
CMSINFO, EQ, 14-Aug-2026, 265.95, 265.95, 267.95, 262.00, 263.00, 263.45, 264.77, 910556, 2410.91, 12583, 639829, 70.27
CNL, EQ, 14-Aug-2026, 1226.00, 1232.10, 1253.10, 1206.10, 1250.00, 1243.00, 1232.43, 51192, 630.91, 5066, 22820, 44.58
COALINDIA, EQ, 14-Aug-2026, 410.50, 409.80, 410.40, 405.60, 407.10, 407.10, 407.30, 5000302, 20366.26, 85473, 3533828, 70.67
COASTCORP, EQ, 14-Aug-2026, 41.70, 41.70, 44.27, 40.87, 42.43, 41.82, 42.33, 203473, 86.13, 2118, 97752, 48.04
COCHINSHIP, EQ, 14-Aug-2026, 1507.00, 1509.10, 1524.20, 1485.00, 1496.50, 1496.50, 1498.92, 1027659, 15403.75, 31410, 328626, 31.98
COCKERILL, EQ, 14-Aug-2026, 10101.50, 8624.00, 9040.00, 8222.00, 8549.00, 8578.50, 8627.82, 115890, 9998.78, 24997, 38781, 33.46
COFFEEDAY, BE, 14-Aug-2026, 29.20, 29.49, 29.59, 28.51, 28.90, 28.82, 28.90, 384023, 110.97, 1295, -, -
COFORGE, EQ, 14-Aug-2026, 1829.00, 1830.00, 1836.40, 1804.20, 1812.00, 1812.00, 1815.90, 1580043, 28692.06, 52702, 871072, 55.13
COHANCE, EQ, 14-Aug-2026, 444.20, 444.95, 448.70, 438.50, 442.00, 440.65, 442.05, 388718, 1718.31, 18258, 198405, 51.04
COLPAL, EQ, 14-Aug-2026, 1995.50, 1985.50, 1989.20, 1971.30, 1981.00, 1981.00, 1978.25, 153432, 3035.27, 15668, 76058, 49.57
COMFINTE, EQ, 14-Aug-2026, 6.61, 6.57, 6.77, 6.50, 6.69, 6.63, 6.67, 189750, 12.65, 369, 102871, 54.21
COMMITTED, ST, 14-Aug-2026, 337.00, 344.00, 348.00, 344.00, 348.00, 348.00, 347.64, 33600, 116.81, 20, 33600, 100.00
COMMOIETF, EQ, 14-Aug-2026, 100.34, 100.52, 100.68, 99.70, 100.53, 100.06, 99.98, 21474, 21.47, 961, 16858, 78.50
COMPINFO, BZ, 14-Aug-2026, 1.09, 1.10, 1.13, 1.04, 1.10, 1.10, 1.07, 29034, 0.31, 31, -, -
COMPUSOFT, EQ, 14-Aug-2026, 13.19, 13.20, 13.40, 13.02, 13.09, 13.09, 13.13, 22945, 3.01, 133, 19834, 86.44
COMSYN, EQ, 14-Aug-2026, 282.66, 289.99, 290.39, 278.10, 287.90, 288.33, 285.33, 398994, 1138.44, 4595, 165869, 41.57
CONCOR, EQ, 14-Aug-2026, 533.65, 535.00, 543.70, 527.00, 527.00, 527.00, 535.98, 2639193, 14145.44, 49981, 894025, 33.87
CONCORDBIO, EQ, 14-Aug-2026, 1454.50, 1461.60, 1461.60, 1428.00, 1443.30, 1451.30, 1446.39, 115788, 1674.75, 12387, 64989, 56.13
CONFIPET, EQ, 14-Aug-2026, 73.80, 73.96, 73.96, 71.56, 71.92, 71.99, 72.36, 1331828, 963.71, 6676, 637238, 47.85
CONNPLEX, SM, 14-Aug-2026, 199.25, 200.00, 206.90, 199.00, 206.00, 205.75, 202.80, 30400, 61.65, 35, 24000, 78.95
CONS, EQ, 14-Aug-2026, 12.50, 12.50, 12.60, 12.46, 12.47, 12.55, 12.53, 20896, 2.62, 107, 13043, 62.42
CONSOFINVT, BE, 14-Aug-2026, 272.05, 272.00, 276.90, 270.00, 270.00, 270.00, 271.51, 2302, 6.25, 22, -, -
CONSUMAXIS, EQ, 14-Aug-2026, 124.88, 124.99, 125.44, 124.81, 125.44, 125.44, 125.25, 310, 0.39, 18, 248, 80.00
CONSUMBEES, EQ, 14-Aug-2026, 135.07, 135.25, 135.66, 134.85, 135.64, 135.52, 135.42, 51690, 70.00, 802, 27921, 54.02
CONSUMER, EQ, 14-Aug-2026, 12.26, 12.26, 12.33, 12.24, 12.26, 12.29, 12.29, 566449, 69.62, 365, 450766, 79.58
CONSUMIETF, EQ, 14-Aug-2026, 125.37, 126.21, 126.25, 125.44, 125.44, 126.00, 126.00, 15056, 18.97, 191, 7266, 48.26
CONTROLPR, EQ, 14-Aug-2026, 572.05, 570.45, 590.95, 566.80, 585.80, 584.65, 581.30, 28911, 168.06, 2525, 15673, 54.21
COOLCAPS, ST, 14-Aug-2026, 20.05, 19.50, 20.80, 19.15, 20.00, 20.00, 19.60, 32500, 6.37, 18, 28750, 88.46
CORALFINAC, EQ, 14-Aug-2026, 33.18, 33.73, 34.34, 32.16, 33.35, 33.06, 33.64, 378398, 127.28, 1621, 164690, 43.52
CORDELIA, EQ, 14-Aug-2026, 841.15, 844.80, 845.95, 833.00, 840.00, 837.85, 837.64, 45213, 378.72, 2615, 17995, 39.80
CORDSCABLE, BE, 14-Aug-2026, 225.80, 224.80, 224.99, 214.51, 219.00, 218.51, 218.46, 50368, 110.04, 457, -, -
COROMANDEL, EQ, 14-Aug-2026, 2088.80, 2088.00, 2106.00, 2075.10, 2095.00, 2095.30, 2095.31, 85771, 1797.17, 9828, 50947, 59.40
CORONA, EQ, 14-Aug-2026, 2113.20, 2113.20, 2180.90, 2113.20, 2128.00, 2137.10, 2151.71, 41202, 886.55, 5489, 22069, 53.56
COSMOFIRST, EQ, 14-Aug-2026, 913.30, 919.00, 950.00, 917.05, 940.00, 938.35, 938.20, 153451, 1439.67, 8026, 82039, 53.46
COUNCODOS, BE, 14-Aug-2026, 6.25, 6.25, 6.50, 6.25, 6.50, 6.45, 6.35, 92456, 5.87, 137, -, -
CPCAP, EQ, 14-Aug-2026, 140.18, 139.35, 142.00, 125.00, 126.10, 126.57, 136.00, 72907, 99.16, 1835, 27803, 38.13
CPEDU, EQ, 14-Aug-2026, 208.29, 208.29, 211.79, 203.50, 203.70, 204.84, 207.13, 11138, 23.07, 583, 6533, 58.66
CPL, EQ, 14-Aug-2026, 69.95, 69.95, 70.65, 68.00, 68.74, 68.36, 68.74, 146727, 100.86, 997, 27607, 18.82
CPPLUS, EQ, 14-Aug-2026, 3704.20, 3575.00, 3616.60, 3519.00, 3519.00, 3519.00, 3529.05, 68933, 2432.68, 3407, 66259, 96.12
CPS, SM, 14-Aug-2026, 1040.00, 990.10, 1092.00, 988.00, 1092.00, 1066.45, 1045.45, 1650, 17.25, 9, 1200, 72.73
CPSEETF, EQ, 14-Aug-2026, 94.37, 94.20, 94.57, 93.75, 93.99, 93.85, 93.93, 548323, 515.06, 6682, 352275, 64.25
CRAFTSMAN, EQ, 14-Aug-2026, 10380.00, 10370.00, 10474.00, 10205.00, 10212.00, 10251.00, 10327.65, 16667, 1721.31, 5229, 8118, 48.71
CRAMC, EQ, 14-Aug-2026, 256.10, 256.10, 258.90, 255.70, 257.00, 256.20, 257.31, 126260, 324.88, 3751, 65407, 51.80
CREATIVEYE, EQ, 14-Aug-2026, 6.08, 6.08, 6.40, 6.08, 6.20, 6.20, 6.15, 11448, 0.70, 63, 11008, 96.16
CREDITACC, EQ, 14-Aug-2026, 1542.40, 1540.00, 1566.90, 1537.00, 1550.00, 1549.40, 1556.25, 306423, 4768.72, 20575, 168185, 54.89
CREST, EQ, 14-Aug-2026, 364.05, 372.00, 372.00, 355.35, 356.20, 360.80, 362.35, 2082, 7.54, 148, 1679, 80.64
CRISIL, EQ, 14-Aug-2026, 4466.40, 4447.60, 4482.80, 4428.20, 4480.00, 4475.90, 4455.53, 14615, 651.18, 3644, 7504, 51.34
CRIZAC, EQ, 14-Aug-2026, 180.31, 181.00, 181.69, 177.38, 180.00, 179.32, 179.25, 169851, 304.45, 3239, 87677, 51.62
CROMPTON, EQ, 14-Aug-2026, 248.15, 245.10, 248.50, 243.15, 248.30, 248.30, 245.81, 1750971, 4303.98, 27373, 621085, 35.47
CROWN, EQ, 14-Aug-2026, 108.87, 109.41, 110.00, 107.16, 108.90, 107.94, 108.33, 4161, 4.51, 80, 2759, 66.31
CSBBANK, EQ, 14-Aug-2026, 323.75, 323.75, 324.55, 319.00, 319.50, 319.80, 320.86, 197144, 632.56, 17850, 114758, 58.21
CSLFINANCE, EQ, 14-Aug-2026, 217.67, 220.98, 222.95, 214.56, 216.60, 219.00, 219.07, 16143, 35.37, 463, 8987, 55.67
CSM, EQ, 14-Aug-2026, 100.20, 100.94, 102.48, 100.00, 100.45, 100.71, 101.48, 219390, 222.64, 1365, 169824, 77.41
CSSL, SM, 14-Aug-2026, 98.05, 99.50, 99.50, 99.50, 99.50, 99.50, 99.50, 1000, 1.00, 1, 1000, 100.00
CTE, EQ, 14-Aug-2026, 37.50, 37.80, 39.19, 36.70, 38.99, 38.83, 38.50, 13900, 5.35, 89, 12610, 90.72
CUB, EQ, 14-Aug-2026, 210.52, 209.25, 212.00, 208.01, 208.73, 208.64, 209.85, 1351730, 2836.54, 37091, 667653, 49.39
CUBEINVIT, IV, 14-Aug-2026, 159.19, 159.19, 159.70, 158.61, 159.22, 159.19, 159.24, 1450587, 2309.94, 27560, 1393733, 96.08
CUBEXTUB, EQ, 14-Aug-2026, 82.60, 82.60, 83.75, 81.00, 83.30, 82.60, 82.40, 62184, 51.24, 1881, 35890, 57.72
CUDML, ST, 14-Aug-2026, 108.35, 102.95, 112.50, 102.95, 112.00, 112.00, 103.90, 177000, 183.90, 96, 177000, 100.00
CUMMINSIND, EQ, 14-Aug-2026, 5315.00, 5348.00, 5426.00, 5339.50, 5400.00, 5400.00, 5393.77, 415052, 22386.95, 40663, 200050, 48.20
CUPID, EQ, 14-Aug-2026, 294.86, 295.00, 299.00, 288.01, 293.00, 293.88, 294.37, 25656653, 75525.59, 212591, 6917462, 26.96
CURAA, EQ, 14-Aug-2026, 71.70, 70.90, 79.31, 70.30, 71.35, 71.35, 72.24, 354, 0.26, 27, 195, 55.08
CYBERMEDIA, BE, 14-Aug-2026, 16.72, 16.78, 16.90, 16.25, 16.50, 16.49, 16.62, 9624, 1.60, 26, -, -
CYBERTECH, BE, 14-Aug-2026, 135.54, 136.20, 137.89, 132.50, 133.25, 133.94, 135.06, 8668, 11.71, 180, -, -
CYIENT, EQ, 14-Aug-2026, 879.65, 875.00, 883.85, 862.15, 868.90, 867.05, 870.29, 209193, 1820.58, 14102, 88194, 42.16
CYIENTDLM, EQ, 14-Aug-2026, 728.15, 725.90, 725.90, 690.00, 702.00, 696.65, 705.99, 391201, 2761.85, 18031, 167596, 42.84
DABUR, EQ, 14-Aug-2026, 410.00, 408.00, 410.45, 405.25, 405.25, 405.25, 408.47, 1463543, 5978.19, 17087, 1125683, 76.91
DAICHI, EQ, 14-Aug-2026, 323.75, 335.00, 339.80, 314.00, 335.95, 336.25, 329.25, 16340, 53.80, 336, 11833, 72.42
DALBHARAT, EQ, 14-Aug-2026, 1834.60, 1843.70, 1849.00, 1822.30, 1842.00, 1842.00, 1840.60, 83214, 1531.64, 7260, 37740, 45.35
DALMIASUG, EQ, 14-Aug-2026, 427.35, 430.90, 441.75, 416.65, 423.90, 422.40, 427.57, 434147, 1856.29, 9899, 142311, 32.78
DAMCAPITAL, EQ, 14-Aug-2026, 148.06, 148.00, 148.83, 144.90, 145.60, 145.32, 146.02, 193149, 282.03, 2630, 118614, 61.41
DAMODARIND, BE, 14-Aug-2026, 28.50, 28.00, 28.90, 27.19, 28.50, 27.50, 27.96, 4759, 1.33, 41, -, -
DANGEE, EQ, 14-Aug-2026, 2.89, 2.93, 2.99, 2.90, 2.96, 2.95, 2.95, 21904, 0.65, 103, 17223, 78.63
DANISH, SM, 14-Aug-2026, 759.70, 759.70, 769.00, 744.15, 769.00, 763.15, 756.99, 22350, 169.19, 98, 14550, 65.10
DATAMATICS, EQ, 14-Aug-2026, 861.70, 866.00, 907.00, 862.65, 866.00, 866.25, 883.80, 279870, 2473.50, 15968, 87788, 31.37
DATAPATTNS, EQ, 14-Aug-2026, 4529.30, 4545.00, 4623.30, 4440.00, 4470.00, 4455.80, 4514.93, 444565, 20071.81, 42038, 123906, 27.87
DAVANGERE, EQ, 14-Aug-2026, 2.98, 3.00, 3.03, 2.99, 3.02, 3.01, 3.01, 2489864, 74.83, 1430, 1439907, 57.83
DBCORP, EQ, 14-Aug-2026, 210.90, 212.88, 212.88, 210.00, 212.15, 211.48, 211.73, 68092, 144.17, 2058, 44607, 65.51
DBEIL, BE, 14-Aug-2026, 7.11, 7.23, 7.28, 7.10, 7.10, 7.11, 7.16, 74032, 5.30, 186, -, -
DBL, EQ, 14-Aug-2026, 413.90, 414.00, 420.30, 411.00, 413.45, 412.35, 414.54, 139760, 579.36, 5504, 68080, 48.71
DBOL, EQ, 14-Aug-2026, 117.76, 119.99, 122.80, 118.05, 119.70, 119.80, 120.17, 331361, 398.19, 4647, 175571, 52.98
DBREALTY, EQ, 14-Aug-2026, 112.89, 112.98, 114.00, 111.50, 112.62, 111.91, 112.35, 312740, 351.38, 1704, 232887, 74.47
DBSTOCKBRO, BE, 14-Aug-2026, 32.61, 32.64, 33.90, 32.63, 32.64, 32.63, 32.66, 57055, 18.64, 34, -, -
DCAL, EQ, 14-Aug-2026, 198.50, 199.00, 200.97, 188.31, 192.50, 190.66, 193.52, 231995, 448.96, 5235, 148236, 63.90
DCBBANK, EQ, 14-Aug-2026, 187.10, 186.23, 187.77, 181.49, 182.05, 182.04, 183.50, 1196744, 2196.02, 10308, 755414, 63.12
DCCL, SM, 14-Aug-2026, 47.00, 46.00, 46.40, 45.05, 46.40, 46.40, 45.82, 6000, 2.75, 3, 4000, 66.67
DCG, SM, 14-Aug-2026, 53.60, 52.15, 54.95, 52.15, 54.95, 54.95, 53.55, 4800, 2.57, 4, 1200, 25.00
DCI, EQ, 14-Aug-2026, 366.35, 369.05, 385.20, 362.00, 362.00, 365.10, 370.91, 22771, 84.46, 931, 9620, 42.25
DCM, BE, 14-Aug-2026, 82.76, 82.00, 84.20, 81.80, 82.50, 82.66, 82.80, 8000, 6.62, 50, -, -
DCMFINSERV, EQ, 14-Aug-2026, 5.39, 5.83, 5.83, 5.05, 5.34, 5.31, 5.44, 47606, 2.59, 656, 9742, 20.46
DCMNVL, EQ, 14-Aug-2026, 175.79, 177.05, 179.98, 176.01, 179.75, 179.27, 178.49, 10075, 17.98, 160, 7527, 74.71
DCMSHRIRAM, EQ, 14-Aug-2026, 1010.00, 1009.00, 1030.00, 1002.10, 1021.10, 1024.70, 1022.17, 81052, 828.49, 10733, 40443, 49.90
DCMSIL, BE, 14-Aug-2026, 83.17, 84.00, 84.49, 80.01, 84.49, 82.36, 81.73, 37414, 30.58, 168, -, -
DCMSRIND, EQ, 14-Aug-2026, 41.71, 41.30, 43.13, 41.30, 42.49, 42.24, 42.45, 169375, 71.89, 1543, 84922, 50.14
DCW, EQ, 14-Aug-2026, 46.11, 45.00, 45.15, 43.70, 44.10, 44.05, 44.04, 2073365, 913.10, 8516, 1261251, 60.83
DCXINDIA, EQ, 14-Aug-2026, 170.80, 171.59, 177.50, 170.50, 175.40, 176.19, 174.28, 733083, 1277.64, 12249, 288493, 39.35
DDEVPLSTIK, EQ, 14-Aug-2026, 285.30, 286.90, 288.65, 276.00, 277.00, 276.95, 280.03, 256177, 717.36, 4709, 169570, 66.19
DECCANCE, EQ, 14-Aug-2026, 542.95, 542.10, 550.60, 541.80, 547.50, 545.35, 544.70, 7200, 39.22, 315, 4781, 66.40
DECCANTRAN, SM, 14-Aug-2026, 22.00, 22.00, 22.00, 22.00, 22.00, 22.00, 22.00, 1200, 0.26, 1, 1200, 100.00
DECNGOLD, EQ, 14-Aug-2026, 224.82, 228.00, 238.50, 223.65, 224.75, 225.46, 230.10, 4248141, 9775.02, 43070, 1401309, 32.99
DEEDEV, EQ, 14-Aug-2026, 629.70, 634.00, 641.15, 622.00, 632.70, 631.95, 632.32, 79097, 500.15, 4302, 52835, 66.80
DEEPAKFERT, EQ, 14-Aug-2026, 1456.50, 1462.00, 1505.90, 1456.00, 1490.00, 1496.40, 1490.57, 547795, 8165.25, 21556, 234058, 42.73
DEEPAKNTR, EQ, 14-Aug-2026, 1701.80, 1709.90, 1749.90, 1694.00, 1729.00, 1723.20, 1726.26, 234652, 4050.71, 14235, 95922, 40.88
DEEPINDS, EQ, 14-Aug-2026, 665.90, 670.00, 681.30, 661.25, 671.00, 668.70, 669.28, 180967, 1211.18, 7436, 77168, 42.64
DEFENCE, EQ, 14-Aug-2026, 82.21, 82.21, 82.68, 81.69, 82.48, 82.46, 82.27, 140285, 115.41, 693, 89569, 63.85
DELAPLEX, SM, 14-Aug-2026, 89.00, 91.35, 91.90, 89.00, 90.00, 90.00, 90.24, 10200, 9.20, 17, 9600, 94.12
DELHIVERY, EQ, 14-Aug-2026, 467.00, 466.95, 469.60, 459.70, 459.70, 459.70, 464.44, 1469446, 6824.75, 19795, 846570, 57.61
DELPHIFX, BE, 14-Aug-2026, 6.69, 6.80, 6.80, 6.42, 6.70, 6.66, 6.59, 50288, 3.31, 104, -, -
DELTACORP, EQ, 14-Aug-2026, 60.94, 61.05, 61.22, 60.45, 60.50, 60.54, 60.73, 452173, 274.61, 3003, 245109, 54.21
DELTAMAGNT, EQ, 14-Aug-2026, 58.64, 57.47, 59.90, 57.47, 59.00, 58.50, 58.72, 4451, 2.61, 114, 2707, 60.82
DELTIC, SM, 14-Aug-2026, 35.90, 34.25, 35.40, 34.25, 34.50, 34.50, 34.80, 4000, 1.39, 4, 2000, 50.00
DEN, EQ, 14-Aug-2026, 27.69, 27.70, 27.75, 27.17, 27.65, 27.51, 27.48, 217501, 59.77, 1075, 144852, 66.60
DENEERS, SM, 14-Aug-2026, 164.35, 165.00, 172.00, 160.40, 172.00, 172.00, 167.68, 13200, 22.13, 20, 6600, 50.00
DENORA, EQ, 14-Aug-2026, 847.30, 845.00, 857.85, 837.50, 838.15, 839.80, 845.67, 873, 7.38, 229, 595, 68.16
DENTA, EQ, 14-Aug-2026, 316.90, 311.00, 318.70, 293.30, 297.00, 295.75, 302.39, 414592, 1253.67, 10661, 163257, 39.38
DENTALKART, SM, 14-Aug-2026, 388.05, 387.70, 408.00, 387.70, 408.00, 407.00, 396.30, 10500, 41.61, 38, 8500, 80.95
DEVIT, EQ, 14-Aug-2026, 26.88, 26.35, 27.80, 25.88, 25.97, 26.09, 26.34, 82509, 21.73, 678, 64929, 78.69
DEVX, EQ, 14-Aug-2026, 33.67, 34.15, 34.15, 32.75, 32.76, 32.85, 33.17, 144691, 47.99, 639, 127280, 87.97
DEVYANI, EQ, 14-Aug-2026, 138.51, 138.50, 145.00, 138.25, 144.00, 143.76, 143.56, 10735853, 15412.14, 63261, 2723660, 25.37
DGCONTENT, EQ, 14-Aug-2026, 24.85, 24.85, 25.48, 24.35, 24.57, 24.57, 24.72, 48640, 12.03, 84, 40878, 84.04
DHAMPURSUG, EQ, 14-Aug-2026, 161.73, 161.99, 168.63, 160.10, 160.95, 160.93, 164.38, 575804, 946.51, 9935, 216349, 37.57
DHANBANK, EQ, 14-Aug-2026, 32.26, 32.40, 32.50, 32.17, 32.23, 32.34, 32.35, 463383, 149.89, 1479, 285288, 61.57
DHANLAXMI, SM, 14-Aug-2026, 25.50, 25.50, 25.50, 25.50, 25.50, 25.50, 25.50, 2000, 0.51, 1, 2000, 100.00
DHANSA, SM, 14-Aug-2026, 20.50, 21.50, 21.50, 20.10, 20.10, 20.10, 21.11, 8000, 1.69, 4, 8000, 100.00
DHANUKA, EQ, 14-Aug-2026, 1013.50, 1010.10, 1015.90, 1005.00, 1012.00, 1009.70, 1010.06, 15110, 152.62, 1877, 8955, 59.27
DHARAN, BZ, 14-Aug-2026, 0.16, 0.17, 0.17, 0.16, 0.17, 0.16, 0.16, 11337112, 18.53, 1526, -, -
DHARARAIL, ST, 14-Aug-2026, 140.00, 140.00, 142.00, 138.00, 142.00, 141.30, 139.93, 9000, 12.59, 9, 9000, 100.00
DHARIWAL, SM, 14-Aug-2026, 20.25, 18.25, 19.00, 18.25, 18.25, 18.25, 18.26, 1065000, 194.43, 182, 711000, 66.76
DHARMAJ, EQ, 14-Aug-2026, 275.00, 273.05, 277.20, 268.40, 272.40, 270.15, 271.19, 25569, 69.34, 1800, 17193, 67.24
DHRUV, EQ, 14-Aug-2026, 23.63, 24.50, 24.79, 23.00, 23.96, 23.97, 24.23, 10308, 2.50, 72, 8552, 82.96
DHTL, SM, 14-Aug-2026, 31.60, 32.50, 33.15, 32.50, 33.15, 33.15, 32.66, 83200, 27.18, 10, 72000, 86.54
DHUNINV, EQ, 14-Aug-2026, 1042.60, 1060.00, 1084.80, 1045.00, 1046.90, 1063.50, 1064.95, 4490, 47.82, 458, 3523, 78.46
DIACABS, BE, 14-Aug-2026, 367.50, 368.00, 372.90, 354.05, 368.90, 368.50, 363.28, 1892463, 6874.88, 15171, -, -
DIAMINESQ, EQ, 14-Aug-2026, 240.04, 240.00, 252.00, 238.04, 241.11, 242.06, 244.62, 5585, 13.66, 189, 2509, 44.92
DIAMONDYD, EQ, 14-Aug-2026, 1184.20, 1187.80, 1195.00, 1167.10, 1186.20, 1191.40, 1184.69, 19266, 228.24, 1113, 13862, 71.95
DICIND, EQ, 14-Aug-2026, 575.50, 569.10, 589.00, 558.00, 570.25, 569.25, 571.95, 30634, 175.21, 1085, 19799, 64.63
DIFFNKG, EQ, 14-Aug-2026, 391.15, 391.15, 405.00, 388.15, 393.80, 391.95, 398.14, 193638, 770.96, 7707, 70555, 36.44
DIGIDRIVE, EQ, 14-Aug-2026, 17.44, 17.90, 17.90, 17.00, 17.49, 17.30, 17.23, 5922, 1.02, 156, 5100, 86.12
DIGIKORE, SM, 14-Aug-2026, 40.15, 39.85, 43.50, 37.00, 41.80, 41.80, 39.67, 130000, 51.57, 139, 108400, 83.38
DIGISPICE, EQ, 14-Aug-2026, 17.59, 17.31, 17.95, 17.00, 17.12, 17.06, 17.12, 72379, 12.39, 543, 46670, 64.48
DIGITIDE, EQ, 14-Aug-2026, 103.55, 102.06, 103.00, 99.75, 100.22, 100.09, 100.58, 318380, 320.22, 4446, 153752, 48.29
DIGJAMLMTD, EQ, 14-Aug-2026, 48.49, 49.48, 51.00, 47.37, 49.65, 50.38, 50.01, 20735, 10.37, 154, 16752, 80.79
DISAQ, EQ, 14-Aug-2026, 11597.00, 11730.00, 11737.00, 11399.00, 11640.00, 11661.00, 11593.19, 788, 91.35, 302, 560, 71.07
DISHTV, EQ, 14-Aug-2026, 2.80, 2.82, 2.85, 2.80, 2.83, 2.82, 2.82, 768098, 21.67, 921, 552826, 71.97
DIVGIITTS, EQ, 14-Aug-2026, 1219.75, 1229.90, 1318.80, 1219.35, 1298.00, 1301.05, 1282.44, 598493, 7675.28, 40637, 213382, 35.65
DIVIDEND, EQ, 14-Aug-2026, 36.26, 36.26, 36.26, 35.84, 35.96, 35.97, 35.94, 10542, 3.79, 111, 9309, 88.30
DIVINEHIRA, ST, 14-Aug-2026, 106.90, 108.00, 110.00, 104.20, 110.00, 110.00, 107.67, 21600, 23.26, 17, 19200, 88.89
DIVISLAB, EQ, 14-Aug-2026, 8500.00, 8499.50, 8574.50, 8465.50, 8477.00, 8477.00, 8524.03, 340336, 29010.35, 35860, 214482, 63.02
DIVOPPBEES, EQ, 14-Aug-2026, 79.07, 79.01, 79.72, 78.65, 79.09, 78.97, 78.89, 18943, 14.94, 635, 10626, 56.09
DIVYADHAN, ST, 14-Aug-2026, 48.10, 48.00, 48.00, 48.00, 48.00, 48.00, 48.00, 2000, 0.96, 1, 2000, 100.00
DIXON, EQ, 14-Aug-2026, 14035.00, 14009.00, 14209.00, 13999.00, 14130.00, 14130.00, 14124.30, 206105, 29110.90, 34125, 76080, 36.91
DJML, EQ, 14-Aug-2026, 104.69, 115.00, 115.00, 101.20, 104.70, 106.78, 108.62, 476551, 517.63, 5410, 74588, 15.65
DLF, EQ, 14-Aug-2026, 664.00, 664.00, 669.85, 659.60, 665.00, 665.00, 665.68, 1527565, 10168.68, 31802, 568571, 37.22
DLINKINDIA, EQ, 14-Aug-2026, 418.80, 418.80, 427.15, 416.10, 421.00, 420.45, 421.62, 104316, 439.82, 3961, 68335, 65.51
DMART, EQ, 14-Aug-2026, 4070.00, 4074.80, 4098.90, 4038.00, 4060.00, 4060.00, 4064.79, 357867, 14546.54, 30801, 197563, 55.21
DMCC, EQ, 14-Aug-2026, 300.50, 301.50, 305.50, 291.25, 292.30, 294.15, 295.57, 51685, 152.77, 1442, 31109, 60.19
DNAMEDIA, EQ, 14-Aug-2026, 2.71, 2.76, 2.76, 2.62, 2.63, 2.62, 2.66, 18927, 0.50, 85, 14758, 77.97
DODLA, EQ, 14-Aug-2026, 1109.80, 1109.80, 1134.70, 1099.30, 1105.00, 1109.40, 1116.61, 47158, 526.57, 6683, 24661, 52.29
DOLATALGO, EQ, 14-Aug-2026, 70.35, 69.53, 71.00, 68.84, 69.37, 69.40, 69.61, 67191, 46.77, 790, 41779, 62.18
DOLLAR, EQ, 14-Aug-2026, 271.75, 272.00, 280.20, 271.10, 273.45, 273.50, 275.42, 113741, 313.27, 3008, 52518, 46.17
DOLLEX, SM, 14-Aug-2026, 32.05, 31.45, 33.00, 31.35, 31.75, 32.15, 31.48, 184000, 57.92, 11, 112000, 60.87
DOLPHIN, EQ, 14-Aug-2026, 484.90, 487.00, 515.00, 475.30, 515.00, 508.10, 500.61, 56783, 284.26, 2893, 28240, 49.73
DOMS, EQ, 14-Aug-2026, 2234.60, 2230.50, 2242.90, 2202.30, 2210.00, 2215.90, 2223.74, 19246, 427.98, 3401, 9466, 49.18
DONEAR, EQ, 14-Aug-2026, 85.06, 85.10, 94.10, 84.16, 87.50, 87.28, 88.48, 84772, 75.01, 1012, 34865, 41.13
DPABHUSHAN, EQ, 14-Aug-2026, 1365.10, 1366.90, 1437.00, 1340.00, 1435.00, 1429.30, 1387.79, 35766, 496.36, 3258, 17118, 47.86
DPEL, SM, 14-Aug-2026, 567.35, 570.00, 574.95, 555.00, 572.00, 569.40, 565.53, 47500, 268.63, 85, 28500, 60.00
DPSCLTD, BE, 14-Aug-2026, 7.36, 7.36, 7.44, 7.20, 7.31, 7.32, 7.31, 62112, 4.54, 330, -, -
DPWIRES, BE, 14-Aug-2026, 165.11, 167.00, 167.99, 160.20, 162.00, 162.39, 162.79, 9513, 15.49, 186, -, -
DRAGARWQ, EQ, 14-Aug-2026, 5418.00, 5420.50, 5427.50, 5250.00, 5427.50, 5403.00, 5353.92, 1343, 71.90, 302, 951, 70.81
DRCSYSTEMS, EQ, 14-Aug-2026, 12.82, 12.94, 12.98, 12.66, 12.89, 12.79, 12.82, 19607, 2.51, 222, 15431, 78.70
DREAMFOLKS, EQ, 14-Aug-2026, 68.42, 65.20, 67.50, 65.20, 66.50, 66.71, 66.58, 78829, 52.49, 1339, 48760, 61.86
DREDGECORP, EQ, 14-Aug-2026, 1064.40, 1069.70, 1190.00, 1058.20, 1176.00, 1166.40, 1159.40, 1436038, 16649.42, 64102, 328760, 22.89
DRONE, SM, 14-Aug-2026, 38.55, 39.25, 39.25, 38.00, 38.35, 38.45, 38.47, 12000, 4.62, 23, 8500, 70.83
DRREDDY, EQ, 14-Aug-2026, 1206.00, 1205.90, 1205.90, 1192.40, 1200.00, 1200.00, 1198.77, 2136998, 25617.70, 50919, 1402687, 65.64
DSFCL, BE, 14-Aug-2026, 25.14, 25.00, 25.49, 25.00, 25.25, 25.25, 25.09, 22456, 5.63, 58, -, -
DSKULKARNI, BE, 14-Aug-2026, 12.67, 13.30, 13.30, 13.30, 13.30, 13.30, 13.30, 98, 0.01, 3, -, -
DSSL, EQ, 14-Aug-2026, 1259.30, 1199.10, 1230.00, 1196.40, 1196.40, 1196.40, 1197.95, 54624, 654.37, 1762, 36884, 67.52
DTIL, EQ, 14-Aug-2026, 133.96, 138.40, 138.40, 134.32, 135.00, 135.52, 136.71, 3333, 4.56, 133, 2454, 73.63
DUCOL, SM, 14-Aug-2026, 106.70, 107.00, 107.00, 100.00, 100.00, 101.05, 102.48, 21600, 22.14, 24, 20800, 96.30
DUCON, EQ, 14-Aug-2026, 3.01, 3.02, 3.17, 3.02, 3.10, 3.09, 3.06, 188269, 5.77, 466, 134078, 71.22
DUGLOBAL, SM, 14-Aug-2026, 25.00, 27.00, 27.00, 24.00, 25.00, 25.00, 25.00, 70000, 17.50, 10, 62500, 89.29
DURLAX, SM, 14-Aug-2026, 60.00, 61.00, 72.00, 59.45, 67.00, 67.95, 66.66, 682000, 454.61, 262, 516000, 75.66
DVL, EQ, 14-Aug-2026, 273.54, 279.00, 279.00, 266.04, 267.31, 266.99, 270.31, 19218, 51.95, 912, 7985, 41.55
DWARKESH, EQ, 14-Aug-2026, 42.82, 42.85, 44.48, 42.71, 42.95, 42.95, 43.54, 1215110, 529.07, 5487, 404682, 33.30
DYCL, EQ, 14-Aug-2026, 455.35, 455.00, 472.95, 447.10, 448.65, 450.20, 457.95, 614949, 2816.18, 16457, 223705, 36.38
DYNAMATECH, EQ, 14-Aug-2026, 10810.00, 10846.00, 11300.00, 10612.00, 11225.00, 11188.00, 11043.28, 25144, 2776.72, 9020, 9123, 36.28
DYNAMIC, ST, 14-Aug-2026, 134.10, 131.00, 136.00, 131.00, 136.00, 136.00, 134.15, 7500, 10.06, 15, 6500, 86.67
DYNPRO, EQ, 14-Aug-2026, 237.30, 236.35, 236.75, 229.10, 231.65, 231.85, 231.92, 15097, 35.01, 624, 10198, 67.55
E2E, BE, 14-Aug-2026, 635.00, 641.05, 666.75, 636.00, 666.75, 666.75, 659.63, 1171587, 7728.16, 16185, -, -
E2ERAIL, ST, 14-Aug-2026, 253.90, 257.90, 266.55, 257.90, 266.55, 266.55, 263.65, 34400, 90.70, 41, 32000, 93.02
EASEMYTRIP, EQ, 14-Aug-2026, 6.19, 6.25, 6.44, 6.19, 6.43, 6.40, 6.32, 20584423, 1301.42, 10206, 7079308, 34.39
EASTSILK, BE, 14-Aug-2026, 62.69, 59.56, 59.56, 59.56, 59.56, 59.56, 59.56, 310, 0.18, 7, -, -
EBANK10, EQ, 14-Aug-2026, 16.86, 16.94, 16.94, 16.80, 16.86, 16.86, 16.85, 270, 0.05, 9, 270, 100.00
EBANKNIFTY, EQ, 14-Aug-2026, 58.33, 58.04, 58.25, 58.04, 58.22, 58.22, 58.14, 119, 0.07, 16, 119, 100.00
EBBETF0430, EQ, 14-Aug-2026, 1615.20, 1619.00, 1619.00, 1611.00, 1613.30, 1613.90, 1614.38, 4518, 72.94, 267, 3769, 83.42
EBBETF0431, EQ, 14-Aug-2026, 1443.01, 1444.00, 1444.00, 1441.20, 1443.00, 1442.32, 1442.48, 5099, 73.55, 71, 4853, 95.18
EBBETF0433, EQ, 14-Aug-2026, 1317.74, 1318.29, 1322.74, 1316.03, 1317.00, 1316.79, 1317.03, 8149, 107.32, 118, 7719, 94.72
EBGNG, EQ, 14-Aug-2026, 572.55, 572.00, 579.50, 560.85, 568.00, 565.20, 567.94, 181918, 1033.19, 8031, 86493, 47.55
ECAPINSURE, EQ, 14-Aug-2026, 23.82, 23.93, 23.93, 23.65, 23.78, 23.76, 23.73, 25274, 6.00, 223, 17409, 68.88
ECLERX, EQ, 14-Aug-2026, 1869.40, 1879.00, 1925.40, 1862.10, 1898.10, 1897.00, 1900.27, 179772, 3416.16, 16942, 72051, 40.08
ECOLINE, ST, 14-Aug-2026, 190.00, 190.00, 193.90, 182.30, 193.90, 186.65, 187.33, 5000, 9.37, 5, 5000, 100.00
ECOSMOBLTY, BE, 14-Aug-2026, 119.48, 115.06, 123.00, 113.51, 119.80, 120.26, 115.91, 180593, 209.33, 1542, -, -
EDELWEISS, EQ, 14-Aug-2026, 124.88, 125.00, 126.00, 121.55, 122.00, 121.98, 123.41, 2099538, 2590.97, 19641, 1042202, 49.64
EEPL, SM, 14-Aug-2026, 149.75, 149.75, 149.75, 137.15, 137.15, 140.10, 141.88, 34000, 48.24, 31, 19000, 55.88
EFACTOR, SM, 14-Aug-2026, 195.05, 195.05, 200.00, 195.05, 196.50, 196.50, 195.80, 4000, 7.83, 5, 3600, 90.00
EFCIL, EQ, 14-Aug-2026, 178.55, 177.25, 182.08, 177.25, 179.99, 179.92, 179.82, 293333, 527.47, 4663, 160014, 54.55
EFFWA, ST, 14-Aug-2026, 361.00, 371.00, 371.00, 361.00, 361.00, 361.00, 366.46, 4400, 16.12, 11, 4000, 90.91
EFORCE, SM, 14-Aug-2026, 21.00, 21.15, 22.30, 21.00, 21.00, 21.00, 21.70, 16800, 3.65, 13, 10800, 64.29
EGOLD, EQ, 14-Aug-2026, 151.85, 151.40, 151.40, 149.80, 150.85, 151.20, 150.86, 57533, 86.79, 580, 35694, 62.04
EICHERMOT, EQ, 14-Aug-2026, 8100.00, 8100.00, 8143.00, 8030.00, 8066.50, 8066.50, 8111.00, 297145, 24101.44, 38007, 156016, 52.51
EIDPARRY, EQ, 14-Aug-2026, 780.30, 782.65, 801.30, 772.65, 775.45, 775.20, 787.15, 419179, 3299.57, 19241, 183736, 43.83
EIEL, EQ, 14-Aug-2026, 203.08, 203.00, 204.12, 195.67, 197.50, 196.73, 198.73, 895050, 1778.70, 14368, 428836, 47.91
EIFFL, BE, 14-Aug-2026, 283.35, 284.95, 288.00, 269.20, 275.95, 274.70, 275.68, 11180, 30.82, 126, -, -
EIHAHOTELS, EQ, 14-Aug-2026, 298.95, 298.95, 301.40, 293.60, 300.00, 299.25, 297.61, 10893, 32.42, 771, 6232, 57.21
EIHOTEL, EQ, 14-Aug-2026, 300.65, 298.80, 302.05, 298.30, 300.25, 300.35, 300.46, 144245, 433.39, 6555, 84951, 58.89
EIMCOELECO, EQ, 14-Aug-2026, 1893.90, 1910.00, 2019.90, 1900.00, 2018.00, 2005.50, 1975.84, 179460, 3545.85, 15435, 95669, 53.31
EKC, EQ, 14-Aug-2026, 116.45, 113.90, 113.90, 108.50, 110.60, 110.41, 110.68, 557041, 616.52, 6671, 284443, 51.06
ELANTAS, EQ, 14-Aug-2026, 11519.00, 11499.00, 12320.00, 11351.00, 11830.00, 11807.50, 12004.86, 5875, 705.29, 2262, 2575, 43.83
ELCIDIN, EQ, 14-Aug-2026, 110350.00, 110350.00, 112115.00, 108815.00, 112035.00, 110390.00, 110901.84, 19, 21.07, 19, 5, 26.32
ELDEHSG, EQ, 14-Aug-2026, 766.70, 769.70, 778.95, 756.00, 756.00, 759.30, 762.77, 1819, 13.87, 84, 1423, 78.23
ELECON, EQ, 14-Aug-2026, 443.30, 440.60, 445.20, 425.20, 429.90, 432.35, 435.91, 406869, 1773.59, 10916, 235260, 57.82
ELECTCAST, EQ, 14-Aug-2026, 72.85, 72.79, 73.10, 70.46, 70.75, 70.74, 71.15, 864467, 615.09, 9346, 557644, 64.51
ELECTHERM, EQ, 14-Aug-2026, 1011.50, 1012.20, 1028.60, 995.00, 1024.90, 1003.50, 1010.09, 8897, 89.87, 639, 5073, 57.02
ELGIEQUIP, EQ, 14-Aug-2026, 576.55, 590.00, 619.00, 585.00, 609.00, 609.50, 607.93, 6010479, 36539.43, 140914, 1088762, 18.11
ELGIRUBCO, EQ, 14-Aug-2026, 59.17, 59.00, 60.05, 56.30, 60.05, 58.33, 57.99, 65656, 38.08, 1767, 30010, 45.71
ELGNZ, SM, 14-Aug-2026, 90.45, 89.55, 89.65, 86.00, 86.00, 86.05, 87.15, 38000, 33.12, 20, 28000, 73.68
ELIN, EQ, 14-Aug-2026, 99.59, 100.32, 106.00, 97.55, 102.00, 101.55, 103.19, 1012733, 1045.04, 9801, 497388, 49.11
ELIQUID, EQ, 14-Aug-2026, 1043.40, 1043.81, 1043.83, 1043.81, 1043.82, 1043.82, 1043.81, 14208, 148.30, 16, 13238, 93.17
ELITECON, EQ, 14-Aug-2026, 16.91, 16.92, 17.35, 16.76, 17.35, 17.17, 17.04, 561983, 95.75, 2724, 364827, 64.92
ELLEN, EQ, 14-Aug-2026, 337.00, 340.05, 343.95, 330.00, 332.75, 332.60, 335.26, 690288, 2314.24, 15583, 286336, 41.48
ELM250, EQ, 14-Aug-2026, 17.04, 17.05, 17.19, 16.82, 16.92, 16.91, 16.94, 50221, 8.51, 213, 42922, 85.47
ELMDIV, EQ, 14-Aug-2026, 36.96, 36.99, 37.35, 36.75, 36.89, 36.87, 36.94, 2669, 0.99, 31, 2002, 75.01
ELPROINTL, EQ, 14-Aug-2026, 174.73, 174.02, 175.62, 174.02, 175.00, 174.85, 174.73, 6400, 11.18, 127, 4146, 64.78
EMAMILTD, EQ, 14-Aug-2026, 402.40, 401.95, 407.40, 401.15, 403.00, 403.30, 403.50, 288917, 1165.79, 12419, 146084, 50.56
EMAMIPAP, BE, 14-Aug-2026, 110.91, 111.99, 111.99, 108.56, 109.10, 109.16, 109.84, 27550, 30.26, 283, -, -
EMAMIREAL, EQ, 14-Aug-2026, 74.81, 75.39, 76.30, 74.37, 75.00, 75.27, 75.92, 10815, 8.21, 168, 9608, 88.84
EMAPARTNER, SM, 14-Aug-2026, 79.00, 79.10, 79.10, 79.10, 79.10, 79.10, 79.10, 1000, 0.79, 1, 1000, 100.00
EMBASSY, RR, 14-Aug-2026, 449.01, 449.01, 453.25, 447.50, 453.25, 452.61, 450.56, 1020183, 4596.51, 20057, 965649, 94.65
EMBDL, EQ, 14-Aug-2026, 62.28, 62.10, 62.40, 61.50, 61.78, 61.62, 61.94, 965314, 597.94, 5291, 519268, 53.79
EMCURE, EQ, 14-Aug-2026, 2009.60, 2009.60, 2012.00, 1925.00, 1928.00, 1932.30, 1953.74, 132011, 2579.15, 13250, 77116, 58.42
EMETAL, EQ, 14-Aug-2026, 13.06, 13.19, 13.28, 12.85, 12.92, 12.96, 12.94, 8984, 1.16, 72, 6227, 69.31
EMIL, EQ, 14-Aug-2026, 191.78, 191.78, 194.50, 186.10, 189.05, 189.44, 190.13, 3872427, 7362.72, 27912, 1347560, 34.80
EMKAY, EQ, 14-Aug-2026, 240.85, 238.11, 242.50, 234.49, 239.00, 237.11, 236.02, 22111, 52.19, 972, 15702, 71.01
EMKAYTOOLS, SM, 14-Aug-2026, 90.00, 93.00, 93.00, 92.00, 93.00, 92.95, 92.90, 1950, 1.81, 8, 1950, 100.00
EMMBI, BE, 14-Aug-2026, 85.35, 85.85, 86.50, 84.00, 85.01, 85.72, 85.37, 5668, 4.84, 50, -, -
EMMIL, SM, 14-Aug-2026, 122.00, 122.00, 125.40, 120.30, 125.00, 125.00, 124.72, 9000, 11.23, 21, 8250, 91.67
EMMVEE, EQ, 14-Aug-2026, 323.65, 322.00, 323.00, 317.00, 321.50, 321.50, 319.80, 1100704, 3520.06, 26128, 489899, 44.51
EMPOWER, BE, 14-Aug-2026, 2.19, 2.09, 2.09, 2.09, 2.09, 2.09, 2.09, 2760023, 57.68, 1176, -, -
EMSLIMITED, EQ, 14-Aug-2026, 369.15, 375.65, 376.55, 359.05, 362.00, 362.70, 364.80, 214118, 781.10, 6957, 100734, 47.05
EMUDHRA, EQ, 14-Aug-2026, 529.50, 532.15, 532.15, 516.10, 522.25, 518.80, 522.92, 48785, 255.10, 3153, 22917, 46.98
EMULTIMQ, EQ, 14-Aug-2026, 42.17, 42.38, 42.38, 42.03, 42.29, 42.29, 42.11, 30176, 12.71, 109, 26079, 86.42
ENCOMPAS, SM, 14-Aug-2026, 246.00, 245.00, 245.00, 234.40, 239.00, 235.90, 238.03, 4000, 9.52, 10, 3600, 90.00
ENDURANCE, EQ, 14-Aug-2026, 2975.30, 2920.00, 2985.50, 2878.00, 2904.70, 2899.00, 2904.46, 204866, 5950.26, 33146, 109894, 53.64
ENERGY, EQ, 14-Aug-2026, 38.83, 39.01, 39.01, 38.70, 38.83, 38.78, 38.81, 120297, 46.69, 763, 94444, 78.51
ENERGYDEV, EQ, 14-Aug-2026, 16.42, 16.58, 17.70, 16.26, 16.94, 16.85, 16.92, 49668, 8.40, 711, 33446, 67.34
ENEXT50, EQ, 14-Aug-2026, 73.01, 75.00, 75.00, 73.37, 75.00, 73.92, 74.57, 1332, 0.99, 30, 1209, 90.77
ENFUSE, SM, 14-Aug-2026, 169.00, 166.00, 166.00, 165.00, 165.15, 165.05, 165.23, 3000, 4.96, 5, 2400, 80.00
ENGINERSIN, EQ, 14-Aug-2026, 240.58, 245.50, 253.40, 241.30, 243.30, 243.68, 246.57, 7323273, 18056.74, 68573, 1654295, 22.59
ENIFTY, EQ, 14-Aug-2026, 24.62, 24.61, 24.64, 24.48, 24.63, 24.63, 24.52, 2081, 0.51, 35, 1971, 94.71
ENIL, EQ, 14-Aug-2026, 101.09, 102.93, 102.93, 100.60, 101.00, 101.01, 100.99, 33401, 33.73, 336, 28291, 84.70
ENRIN, EQ, 14-Aug-2026, 3561.20, 3561.10, 3619.00, 3522.80, 3532.00, 3536.30, 3554.30, 190991, 6788.39, 20283, 67193, 35.18
ENSER, SM, 14-Aug-2026, 14.20, 14.00, 14.30, 14.00, 14.30, 14.30, 14.15, 10000, 1.42, 2, 5000, 50.00
ENTERO, EQ, 14-Aug-2026, 1448.00, 1456.80, 1462.00, 1411.70, 1422.00, 1416.60, 1432.95, 66873, 958.25, 7128, 31149, 46.58
ENVIRO, SM, 14-Aug-2026, 74.35, 75.00, 76.95, 74.00, 74.45, 74.45, 75.16, 9000, 6.76, 9, 4000, 44.44
EPACK, EQ, 14-Aug-2026, 219.17, 219.20, 221.96, 214.10, 214.90, 215.47, 217.24, 218167, 473.95, 3452, 122284, 56.05
EPACKPEB, EQ, 14-Aug-2026, 238.55, 239.95, 239.95, 225.60, 230.40, 229.70, 230.39, 1122008, 2584.95, 14218, 480844, 42.86
EPIGRAL, EQ, 14-Aug-2026, 1116.60, 1124.70, 1124.70, 1091.00, 1097.00, 1098.40, 1099.07, 88349, 971.02, 3485, 60995, 69.04
EPL, EQ, 14-Aug-2026, 247.24, 247.80, 252.50, 243.00, 243.50, 244.60, 248.34, 1971775, 4896.67, 33068, 1111539, 56.37
EPWINDIA, ST, 14-Aug-2026, 218.50, 219.00, 219.00, 211.00, 215.00, 215.00, 215.50, 13200, 28.45, 10, 13200, 100.00
EQUAL200, EQ, 14-Aug-2026, 14.07, 14.07, 14.08, 14.02, 14.05, 14.05, 14.07, 25510, 3.59, 53, 24756, 97.04
EQUAL50, EQ, 14-Aug-2026, 338.00, 337.69, 338.15, 337.00, 337.00, 337.00, 337.59, 2658, 8.97, 23, 2601, 97.86
EQUAL50ADD, EQ, 14-Aug-2026, 347.90, 347.91, 349.75, 347.71, 349.75, 349.22, 348.82, 10120, 35.30, 220, 6613, 65.35
EQUIPPP, BE, 14-Aug-2026, 21.00, 21.10, 21.69, 20.61, 21.50, 21.50, 21.47, 10515, 2.26, 26, -, -
EQUITASBNK, EQ, 14-Aug-2026, 75.95, 76.00, 76.01, 74.26, 74.55, 74.52, 74.91, 1914335, 1434.09, 16331, 656721, 34.31
ERIS, EQ, 14-Aug-2026, 1380.30, 1381.00, 1381.00, 1356.20, 1361.40, 1358.50, 1362.22, 39198, 533.96, 10246, 23117, 58.97
ESABINDIA, EQ, 14-Aug-2026, 6222.50, 6222.00, 6471.00, 6179.50, 6224.00, 6232.00, 6323.64, 26609, 1682.66, 7069, 12372, 46.50
ESAFSFB, BE, 14-Aug-2026, 39.67, 40.35, 40.60, 37.76, 39.15, 38.62, 39.15, 706588, 276.63, 1691, -, -
ESCONET, SM, 14-Aug-2026, 193.95, 213.30, 213.30, 206.00, 213.30, 213.30, 212.93, 130000, 276.81, 192, 104000, 80.00
ESCORTS, EQ, 14-Aug-2026, 3093.40, 3080.00, 3119.00, 3080.00, 3111.00, 3113.70, 3108.97, 33698, 1047.66, 5238, 16303, 48.38
ESENSEX, EQ, 14-Aug-2026, 80.13, 81.73, 81.73, 78.35, 78.54, 78.75, 78.61, 6701, 5.27, 58, 5680, 84.76
ESFL, SM, 14-Aug-2026, 133.35, 133.80, 135.00, 130.00, 134.50, 134.00, 132.82, 21240, 28.21, 50, 18720, 88.14
ESG, EQ, 14-Aug-2026, 41.97, 41.97, 42.09, 41.90, 42.05, 42.06, 42.00, 15714, 6.60, 63, 15337, 97.60
ESILVER, EQ, 14-Aug-2026, 230.95, 235.57, 235.57, 227.58, 231.54, 231.22, 229.48, 19930, 45.74, 1223, 3577, 17.95
ESPRIT, SM, 14-Aug-2026, 67.00, 68.00, 68.00, 68.00, 68.00, 68.00, 68.00, 3200, 2.18, 1, 3200, 100.00
ESSARSHPNG, EQ, 14-Aug-2026, 19.56, 19.48, 19.94, 17.24, 17.49, 17.49, 18.04, 1168596, 210.82, 4541, 905920, 77.52
ESSENTIA, EQ, 14-Aug-2026, 1.45, 1.52, 1.52, 1.38, 1.38, 1.38, 1.46, 21721251, 317.18, 2146, 5426524, 24.98
ESTER, EQ, 14-Aug-2026, 101.66, 102.15, 104.00, 100.00, 101.90, 101.02, 101.99, 291340, 297.15, 3531, 166584, 57.18
ETERNAL, EQ, 14-Aug-2026, 318.00, 317.80, 325.00, 316.80, 318.50, 318.50, 320.83, 30147388, 96722.38, 128717, 15106491, 50.11
ETHOSLTD, EQ, 14-Aug-2026, 2808.60, 2870.00, 2870.00, 2732.30, 2736.20, 2747.40, 2781.25, 14010, 389.65, 3249, 6639, 47.39
ETML, SM, 14-Aug-2026, 83.75, 83.75, 83.75, 83.75, 83.75, 83.75, 83.75, 1200, 1.01, 1, 1200, 100.00
EUREKAFORB, EQ, 14-Aug-2026, 443.20, 444.80, 446.20, 429.55, 441.45, 442.75, 437.01, 248786, 1087.21, 11992, 132861, 53.40
EUROBOND, EQ, 14-Aug-2026, 165.25, 168.30, 168.30, 157.50, 159.55, 158.44, 160.32, 10950, 17.55, 328, 9192, 83.95
EUROPRATIK, EQ, 14-Aug-2026, 283.05, 285.35, 290.00, 282.00, 283.85, 287.40, 283.68, 109371, 310.26, 3261, 19453, 17.79
EUROTEXIND, BE, 14-Aug-2026, 13.65, 13.40, 13.92, 13.40, 13.92, 13.92, 13.67, 209, 0.03, 4, -, -
EVEREADY, EQ, 14-Aug-2026, 357.20, 359.45, 362.00, 351.55, 356.70, 356.50, 355.62, 42703, 151.86, 1163, 28001, 65.57
EVERESTIND, BE, 14-Aug-2026, 463.85, 471.80, 471.80, 455.25, 455.25, 456.65, 461.52, 5609, 25.89, 126, -, -
EVIETF, EQ, 14-Aug-2026, 34.27, 34.42, 34.42, 34.08, 34.15, 34.12, 34.15, 264133, 90.21, 792, 200118, 75.76
EVINDIA, EQ, 14-Aug-2026, 34.24, 34.46, 34.46, 34.10, 34.14, 34.16, 34.18, 154187, 52.70, 1671, 108598, 70.43
EXCELINDUS, EQ, 14-Aug-2026, 1039.35, 1035.00, 1035.00, 974.35, 1024.80, 1013.65, 997.28, 34333, 342.39, 1945, 21267, 61.94
EXCELSOFT, EQ, 14-Aug-2026, 74.72, 75.00, 75.07, 73.60, 73.81, 73.96, 74.28, 296236, 220.03, 2834, 162496, 54.85
EXICOM, EQ, 14-Aug-2026, 151.29, 151.25, 153.27, 148.51, 151.40, 151.79, 151.35, 718365, 1087.25, 8676, 243476, 33.89
EXIDEIND, EQ, 14-Aug-2026, 485.50, 484.50, 486.90, 475.20, 475.80, 476.10, 478.41, 1563140, 7478.26, 38637, 709370, 45.38
EXIMROUTES, SM, 14-Aug-2026, 107.25, 108.00, 108.00, 107.10, 107.10, 107.10, 107.85, 4800, 5.18, 5, 4000, 83.33
EXPLEOSOL, EQ, 14-Aug-2026, 821.25, 821.50, 837.00, 808.00, 815.95, 815.95, 818.82, 22113, 181.06, 1186, 15499, 70.09
EXXARO, EQ, 14-Aug-2026, 6.19, 6.29, 6.29, 6.12, 6.15, 6.19, 6.19, 61847, 3.83, 225, 52047, 84.15
FABTECH, EQ, 14-Aug-2026, 146.92, 147.00, 149.83, 143.61, 147.00, 147.77, 147.66, 90677, 133.89, 1431, 38065, 41.98
FACT, EQ, 14-Aug-2026, 818.95, 819.90, 831.60, 794.55, 805.20, 807.70, 810.94, 385151, 3123.33, 14135, 37101, 9.63
FAIRCHEMOR, BE, 14-Aug-2026, 715.70, 701.40, 701.50, 701.40, 701.40, 701.40, 701.41, 15290, 107.25, 120, -, -
FALCONTECH, SM, 14-Aug-2026, 12.15, 12.15, 12.35, 12.15, 12.35, 12.35, 12.22, 3600, 0.44, 3, 3600, 100.00
FAZE3Q, EQ, 14-Aug-2026, 489.65, 494.75, 510.00, 482.35, 487.90, 487.35, 493.02, 61021, 300.84, 2123, 42061, 68.93
FCL, EQ, 14-Aug-2026, 41.66, 41.66, 43.50, 41.66, 43.50, 43.36, 42.94, 9160593, 3933.32, 20135, 3838894, 41.91
FCSSOFT, EQ, 14-Aug-2026, 1.41, 1.41, 1.52, 1.39, 1.52, 1.49, 1.46, 5045957, 73.78, 1619, 2117035, 41.96
FDC, EQ, 14-Aug-2026, 358.75, 359.55, 362.85, 352.85, 355.90, 354.20, 356.47, 110958, 395.53, 7130, 66463, 59.90
FEDDERSHOL, EQ, 14-Aug-2026, 41.13, 41.00, 42.50, 40.16, 42.50, 42.18, 41.66, 196967, 82.05, 1997, 44216, 22.45
FEDERALBNK, EQ, 14-Aug-2026, 352.45, 352.00, 354.60, 351.05, 351.30, 351.30, 352.73, 2420967, 8539.45, 30766, 1352473, 55.86
FEDFINA, EQ, 14-Aug-2026, 152.21, 152.10, 153.96, 150.50, 151.45, 150.87, 152.04, 554779, 843.50, 8100, 296462, 53.44
FEL, BZ, 14-Aug-2026, 0.39, 0.40, 0.40, 0.39, 0.40, 0.39, 0.40, 157741, 0.63, 114, -, -
FELDVR, BZ, 14-Aug-2026, 2.25, 2.25, 2.36, 2.25, 2.36, 2.36, 2.34, 922, 0.02, 8, -, -
FELIX, SM, 14-Aug-2026, 189.85, 190.00, 193.50, 186.00, 189.00, 190.60, 189.90, 37500, 71.21, 71, 29000, 77.33
FERMENTA, EQ, 14-Aug-2026, 460.05, 467.00, 467.00, 442.00, 450.00, 450.05, 450.13, 153117, 689.22, 5623, 82131, 53.64
FIBERWEB, EQ, 14-Aug-2026, 29.62, 30.00, 30.00, 28.90, 29.00, 29.02, 29.38, 9861, 2.90, 110, 8595, 87.16
FIDEL, SM, 14-Aug-2026, 135.95, 135.90, 135.90, 135.90, 135.90, 135.90, 135.90, 1000, 1.36, 1, 1000, 100.00
FIEMIND, EQ, 14-Aug-2026, 2412.30, 2419.50, 2439.90, 2321.00, 2349.00, 2350.40, 2352.43, 269801, 6346.87, 27991, 144483, 53.55
FILATEX, EQ, 14-Aug-2026, 82.29, 81.71, 83.39, 81.00, 81.00, 81.39, 82.09, 1406935, 1154.92, 9256, 599664, 42.62
FILATFASH, EQ, 14-Aug-2026, 0.18, 0.18, 0.19, 0.18, 0.19, 0.18, 0.19, 15687091, 29.17, 1687, 10457548, 66.66
FINBUD, SM, 14-Aug-2026, 144.00, 140.05, 142.45, 139.50, 139.50, 139.50, 140.00, 10000, 14.00, 10, 9000, 90.00
FINCABLES, EQ, 14-Aug-2026, 1249.30, 1249.30, 1283.95, 1231.65, 1251.95, 1246.85, 1257.20, 1271289, 15982.65, 52199, 356867, 28.07
FINEORG, EQ, 14-Aug-2026, 5159.60, 5166.00, 5311.80, 5126.70, 5160.30, 5143.80, 5216.76, 26767, 1396.37, 7687, 12375, 46.23
FINIETF, EQ, 14-Aug-2026, 33.50, 33.62, 33.62, 33.20, 33.30, 33.27, 33.33, 251280, 83.76, 1285, 200758, 79.89
FINKURVE, EQ, 14-Aug-2026, 62.83, 63.70, 75.39, 62.19, 73.98, 72.74, 72.31, 812183, 587.27, 3114, 555550, 68.40
FINOPB, EQ, 14-Aug-2026, 163.70, 158.00, 158.00, 149.00, 149.46, 150.24, 152.15, 1323230, 2013.32, 16632, 394205, 29.79
FINPIPE, EQ, 14-Aug-2026, 161.91, 162.50, 162.87, 158.84, 159.60, 159.24, 160.13, 345404, 553.11, 12716, 197301, 57.12
FIRSTCRY, EQ, 14-Aug-2026, 214.14, 220.00, 222.50, 204.75, 205.90, 206.09, 212.61, 4052569, 8616.33, 52039, 1096777, 27.06
FISCHER, EQ, 14-Aug-2026, 38.79, 38.95, 39.74, 38.16, 39.00, 38.64, 38.75, 438494, 169.93, 2773, 268356, 61.20
FIVESTAR, EQ, 14-Aug-2026, 545.20, 544.00, 552.95, 535.10, 546.25, 550.20, 544.14, 336043, 1828.55, 13296, 159442, 47.45
FLAIR, EQ, 14-Aug-2026, 254.75, 256.30, 256.30, 251.00, 254.95, 253.90, 253.08, 51300, 129.83, 1317, 24085, 46.95
FLEXIADD, EQ, 14-Aug-2026, 10.36, 10.30, 10.60, 10.25, 10.37, 10.33, 10.33, 56842, 5.87, 294, 47674, 83.87
FLEXITUFF, BE, 14-Aug-2026, 3.27, 3.26, 3.26, 3.15, 3.17, 3.19, 3.21, 31307, 1.01, 98, -, -
FLFL, BZ, 14-Aug-2026, 1.21, 1.21, 1.24, 1.17, 1.20, 1.20, 1.18, 66220, 0.78, 87, -, -
FLUOROCHEM, EQ, 14-Aug-2026, 4714.70, 4752.40, 4898.00, 4713.50, 4740.00, 4737.80, 4827.39, 476419, 22998.59, 53510, 187001, 39.25
FLYSBS, SM, 14-Aug-2026, 453.45, 452.50, 455.60, 440.10, 441.55, 441.45, 444.48, 244200, 1085.43, 378, 219200, 89.76
FMCGADD, EQ, 14-Aug-2026, 49.16, 48.92, 49.15, 48.81, 49.15, 48.89, 48.89, 2827, 1.38, 47, 1680, 59.43
FMCGIETF, EQ, 14-Aug-2026, 52.43, 52.66, 52.66, 52.26, 52.44, 52.36, 52.36, 2050319, 1073.64, 2486, 1634758, 79.73
FMGOETZE, EQ, 14-Aug-2026, 471.85, 472.00, 478.40, 452.65, 460.00, 457.25, 463.79, 68948, 319.77, 2742, 39296, 56.99
FMNL, BE, 14-Aug-2026, 9.29, 9.50, 9.50, 9.02, 9.40, 9.18, 9.25, 2450, 0.23, 33, -, -
FOCUS, BE, 14-Aug-2026, 67.58, 67.60, 67.60, 65.05, 66.90, 66.44, 66.11, 19503, 12.89, 165, -, -
FONEBOX, SM, 14-Aug-2026, 101.40, 100.50, 100.50, 96.50, 96.50, 98.50, 99.17, 3000, 2.98, 3, 3000, 100.00
FOODSIN, EQ, 14-Aug-2026, 53.94, 53.05, 58.80, 53.05, 57.00, 57.21, 56.95, 259035, 147.53, 1799, 193206, 74.59
FORCAS, ST, 14-Aug-2026, 194.00, 199.95, 202.95, 191.00, 202.95, 202.85, 199.46, 19200, 38.30, 10, 17600, 91.67
FORCEMOT, EQ, 14-Aug-2026, 18525.00, 18539.00, 18666.00, 18318.00, 18361.00, 18361.00, 18404.16, 48067, 8846.33, 12539, 16888, 35.13
FORTIS, EQ, 14-Aug-2026, 906.15, 905.90, 929.00, 897.60, 929.00, 929.00, 914.34, 1535625, 14040.81, 70988, 916185, 59.66
FOSECOIND, EQ, 14-Aug-2026, 5537.50, 5900.00, 5900.00, 5405.00, 5697.50, 5655.00, 5682.12, 41929, 2382.46, 7059, 20124, 48.00
FRACTAL, EQ, 14-Aug-2026, 810.75, 809.00, 838.00, 784.35, 836.00, 834.35, 812.92, 509055, 4138.20, 19207, 227889, 44.77
FRESHARA, ST, 14-Aug-2026, 353.40, 351.80, 360.00, 345.30, 356.00, 355.15, 354.64, 10200, 36.17, 16, 10200, 100.00
FROG, ST, 14-Aug-2026, 215.50, 215.50, 215.50, 215.00, 215.50, 215.50, 215.47, 6800, 14.65, 12, 6800, 100.00
FRONTSP, EQ, 14-Aug-2026, 1312.90, 1330.00, 1338.20, 1302.20, 1331.50, 1330.30, 1321.46, 34616, 457.44, 4402, 14237, 41.13
FSL, EQ, 14-Aug-2026, 272.20, 273.65, 273.65, 266.10, 266.80, 267.10, 268.58, 793587, 2131.45, 24586, 309735, 39.03
FUSION, EQ, 14-Aug-2026, 204.60, 205.25, 206.56, 194.50, 199.00, 198.55, 198.01, 1055366, 2089.71, 15676, 595061, 56.38
FWSTC, SM, 14-Aug-2026, 197.00, 195.50, 198.00, 195.50, 197.75, 197.75, 197.85, 12000, 23.74, 4, 11400, 95.00
GABRIEL, EQ, 14-Aug-2026, 1447.90, 1440.00, 1471.20, 1440.00, 1454.80, 1459.00, 1460.15, 117649, 1717.85, 10147, 40767, 34.65
GAEL, EQ, 14-Aug-2026, 170.18, 170.02, 174.95, 168.10, 172.51, 172.81, 172.49, 1307854, 2255.87, 20281, 449542, 34.37
GAIL, EQ, 14-Aug-2026, 175.90, 175.40, 175.40, 173.45, 174.90, 174.90, 174.02, 4645490, 8084.19, 70864, 2911815, 62.68
GALAPREC, EQ, 14-Aug-2026, 1024.50, 1020.00, 1027.80, 995.00, 1001.00, 1000.60, 1004.68, 19775, 198.68, 2023, 11382, 57.56
GALAXYSURF, EQ, 14-Aug-2026, 2090.40, 2412.50, 2508.40, 2391.20, 2508.40, 2508.40, 2500.37, 632628, 15818.02, 10014, 212754, 33.63
GALLANTT, EQ, 14-Aug-2026, 573.45, 581.25, 590.00, 574.05, 586.00, 582.05, 581.33, 80082, 465.54, 7990, 37764, 47.16
GANDHAR, EQ, 14-Aug-2026, 244.75, 243.03, 247.66, 241.00, 244.68, 245.57, 244.56, 807585, 1974.99, 10250, 357782, 44.30
GANDHITUBE, EQ, 14-Aug-2026, 882.65, 882.65, 894.00, 875.90, 886.00, 882.85, 887.91, 7689, 68.27, 453, 5511, 71.67
GANECOS, EQ, 14-Aug-2026, 1088.50, 1064.00, 1069.10, 1028.00, 1063.00, 1060.60, 1055.06, 108518, 1144.93, 8125, 49124, 45.27
GANESHBE, BE, 14-Aug-2026, 113.53, 112.00, 118.20, 111.61, 118.00, 117.65, 116.61, 104144, 121.45, 446, -, -
GANESHCP, EQ, 14-Aug-2026, 162.43, 160.94, 166.10, 159.10, 160.00, 160.54, 161.96, 239392, 387.72, 4175, 107291, 44.82
GANESHHOU, EQ, 14-Aug-2026, 816.80, 823.35, 845.00, 818.55, 845.00, 835.60, 828.11, 63983, 529.85, 3739, 34529, 53.97
GANESHIN, ST, 14-Aug-2026, 111.30, 114.50, 114.50, 110.50, 110.50, 110.55, 111.57, 31200, 34.81, 26, 30400, 97.44
GANGABATH, SM, 14-Aug-2026, 22.05, 22.50, 22.75, 21.55, 22.45, 22.45, 22.25, 36000, 8.01, 11, 18000, 50.00
GANGAFORGE, EQ, 14-Aug-2026, 2.51, 2.62, 2.63, 2.62, 2.63, 2.62, 2.63, 40584666, 1066.31, 10654, 22870767, 56.35
GANGESSECU, EQ, 14-Aug-2026, 116.22, 116.61, 119.75, 116.45, 116.45, 118.51, 118.14, 266, 0.31, 11, 214, 80.45
GARFIBRES, EQ, 14-Aug-2026, 752.15, 750.50, 767.95, 748.70, 752.10, 755.50, 756.28, 35907, 271.56, 5578, 18669, 51.99
GARUDA, EQ, 14-Aug-2026, 183.61, 185.50, 188.66, 180.01, 184.00, 183.04, 183.66, 600750, 1103.34, 9743, 196923, 32.78
GATECH, BE, 14-Aug-2026, 0.74, 0.77, 0.77, 0.76, 0.77, 0.76, 0.77, 22553287, 173.48, 6862, -, -
GATECHDVR, BE, 14-Aug-2026, 0.49, 0.48, 0.50, 0.47, 0.49, 0.49, 0.48, 514051, 2.48, 197, -, -
GATEWAY, EQ, 14-Aug-2026, 55.02, 55.00, 55.25, 54.80, 54.85, 54.86, 54.91, 587311, 322.47, 2842, 458089, 78.00
GAUDIUMIVF, BE, 14-Aug-2026, 125.74, 123.23, 123.23, 123.23, 123.23, 123.23, 123.23, 42002, 51.76, 327, -, -
GAYAHWS, EQ, 14-Aug-2026, 1.97, 1.99, 1.99, 1.80, 1.90, 1.89, 1.91, 189418, 3.61, 506, 146328, 77.25
GAYAPROJ, BE, 14-Aug-2026, 20.16, 21.16, 21.16, 21.16, 21.16, 21.16, 21.16, 589925, 124.83, 209, -, -
GCHOTELS, ST, 14-Aug-2026, 95.35, 94.60, 94.60, 91.65, 93.40, 93.05, 93.06, 22200, 20.66, 33, 16200, 72.97
GCSL, EQ, 14-Aug-2026, 515.95, 517.70, 523.95, 507.05, 518.55, 517.75, 516.69, 665465, 3438.42, 6207, 207550, 31.19
GEECEE, BE, 14-Aug-2026, 374.90, 375.00, 380.00, 370.05, 371.05, 371.60, 372.74, 1093, 4.07, 28, -, -
GEEKAYWIRE, EQ, 14-Aug-2026, 23.08, 23.45, 23.45, 22.53, 22.91, 22.60, 22.79, 117362, 26.75, 1506, 39545, 33.69
GEMAROMA, EQ, 14-Aug-2026, 174.90, 163.27, 172.00, 163.27, 166.35, 167.20, 168.05, 304141, 511.10, 3566, 140647, 46.24
GENCON, EQ, 14-Aug-2026, 39.34, 39.11, 39.95, 38.50, 39.40, 39.61, 39.66, 248025, 98.36, 1465, 15295, 6.17
GENESYS, EQ, 14-Aug-2026, 211.30, 209.45, 211.30, 173.65, 185.95, 181.15, 188.90, 1572472, 2970.39, 25148, 700099, 44.52
GENESYS-RE, BE, 14-Aug-2026, 161.30, 141.00, 141.00, 114.00, 130.00, 119.15, 123.26, 1288813, 1588.58, 4774, -, -
GENSOL, BZ, 14-Aug-2026, 16.66, 16.66, 16.95, 16.50, 16.70, 16.62, 16.70, 33415, 5.58, 470, -, -
GENUSPAPER, EQ, 14-Aug-2026, 11.42, 11.34, 11.64, 10.95, 11.00, 11.09, 11.13, 146933, 16.36, 513, 103715, 70.59
GENUSPOWER, EQ, 14-Aug-2026, 306.55, 303.80, 317.00, 302.55, 308.70, 309.10, 311.60, 2241462, 6984.32, 32689, 1044435, 46.60
GENXAI, SM, 14-Aug-2026, 78.05, 78.00, 79.70, 78.00, 79.00, 79.00, 78.94, 9600, 7.58, 8, 7200, 75.00
GEOJITFSL, EQ, 14-Aug-2026, 79.90, 81.45, 81.45, 78.78, 80.38, 80.37, 79.97, 407474, 325.85, 5800, 194724, 47.79
GESHIP, EQ, 14-Aug-2026, 1298.80, 1309.00, 1310.00, 1274.10, 1283.00, 1284.50, 1284.47, 517405, 6645.90, 40175, 261408, 50.52
GFLLIMITED, EQ, 14-Aug-2026, 51.30, 52.00, 52.00, 49.53, 50.30, 50.79, 51.43, 76677, 39.43, 2458, 35782, 46.67
GGBL, SM, 14-Aug-2026, 237.20, 235.00, 235.00, 223.00, 233.95, 232.10, 229.10, 69300, 158.76, 200, 51300, 74.03
GHCL, EQ, 14-Aug-2026, 431.10, 431.45, 433.70, 427.10, 429.75, 429.00, 428.30, 130816, 560.29, 5733, 98728, 75.47
GHCLTEXTIL, EQ, 14-Aug-2026, 121.26, 122.49, 122.49, 116.41, 117.50, 118.15, 118.15, 492714, 582.15, 5489, 236364, 47.97
GICHSGFIN, EQ, 14-Aug-2026, 139.62, 139.62, 142.00, 139.35, 140.79, 141.08, 140.40, 103500, 145.32, 1190, 60867, 58.81
GICL, EQ, 14-Aug-2026, 22.79, 22.79, 23.70, 22.20, 23.15, 23.05, 22.82, 411359, 93.87, 638, 238246, 57.92
GICRE, EQ, 14-Aug-2026, 348.20, 348.20, 353.15, 347.05, 352.30, 352.10, 350.13, 705812, 2471.25, 16103, 395941, 56.10
GILLANDERS, EQ, 14-Aug-2026, 88.37, 89.00, 90.43, 89.00, 89.00, 89.00, 89.28, 429, 0.38, 10, 338, 78.79
GILLETTE, EQ, 14-Aug-2026, 7595.50, 7600.00, 7669.50, 7585.00, 7600.00, 7600.00, 7620.18, 9908, 755.01, 2611, 5184, 52.32
GILT10BETA, EQ, 14-Aug-2026, 26.92, 27.00, 27.04, 26.60, 27.00, 27.03, 27.04, 761, 0.21, 17, 760, 99.87
GILT5BETA, EQ, 14-Aug-2026, 66.92, 66.92, 66.92, 66.87, 66.87, 66.87, 66.91, 10, 0.01, 4, 10, 100.00
GILT5YBEES, EQ, 14-Aug-2026, 66.41, 67.37, 67.37, 66.37, 66.56, 66.53, 66.48, 175108, 116.42, 286, 147221, 84.07
GINNIFILA, BE, 14-Aug-2026, 43.07, 43.00, 45.22, 43.00, 45.20, 45.03, 44.46, 42593, 18.94, 142, -, -
GIPCL, EQ, 14-Aug-2026, 175.97, 175.80, 176.90, 173.40, 175.63, 175.77, 175.24, 461050, 807.94, 4843, 283169, 61.42
GIRIRAJ, SM, 14-Aug-2026, 62.45, 65.55, 65.55, 65.55, 65.55, 65.55, 65.55, 1500, 0.98, 6, 1500, 100.00
GJL, ST, 14-Aug-2026, 221.00, 210.00, 230.00, 209.95, 230.00, 229.35, 221.49, 11200, 24.81, 13, 8800, 78.57
GKENERGY, EQ, 14-Aug-2026, 128.39, 129.40, 130.40, 127.30, 128.00, 127.64, 128.20, 307466, 394.16, 5732, 146416, 47.62
GKSL, EQ, 14-Aug-2026, 136.18, 136.18, 139.00, 134.42, 136.70, 136.43, 136.78, 138973, 190.09, 1857, 81672, 58.77
GKWLIMITED, EQ, 14-Aug-2026, 1636.40, 1640.00, 1640.00, 1600.00, 1600.00, 1609.10, 1616.48, 332, 5.37, 54, 276, 83.13
GLAND, EQ, 14-Aug-2026, 2967.60, 2950.40, 3039.80, 2946.60, 2969.90, 2970.20, 2986.54, 789574, 23580.98, 69622, 368295, 46.64
GLAXO, EQ, 14-Aug-2026, 2667.70, 2667.00, 2697.00, 2648.00, 2681.10, 2688.80, 2678.41, 94952, 2543.21, 9197, 71044, 74.82
GLENMARK, EQ, 14-Aug-2026, 2320.00, 2320.00, 2341.60, 2307.20, 2318.40, 2318.40, 2323.51, 629081, 14616.75, 24546, 329078, 52.31
GLFL, EQ, 14-Aug-2026, 5.85, 5.83, 5.83, 5.57, 5.83, 5.60, 5.79, 1401, 0.08, 18, 1401, 100.00
GLOBAL, EQ, 14-Aug-2026, 102.48, 103.00, 107.00, 101.65, 105.00, 106.42, 104.56, 118916, 124.33, 1008, 93310, 78.47
GLOBALE, EQ, 14-Aug-2026, 10.80, 11.00, 11.33, 10.46, 10.70, 10.74, 11.03, 4110, 0.45, 36, 3502, 85.21
GLOBALVECT, EQ, 14-Aug-2026, 153.16, 155.90, 156.33, 149.51, 150.35, 150.53, 151.59, 7788, 11.81, 362, 5413, 69.50
GLOBE, EQ, 14-Aug-2026, 2.03, 2.05, 2.05, 1.99, 2.01, 1.99, 2.01, 400289, 8.03, 201, 386883, 96.65
GLOBECIVIL, EQ, 14-Aug-2026, 44.31, 44.39, 45.45, 43.10, 45.40, 44.41, 44.51, 269022, 119.75, 492, 190529, 70.82
GLOBUSSPR, EQ, 14-Aug-2026, 874.65, 874.65, 883.35, 869.00, 870.00, 871.05, 874.98, 35526, 310.84, 2672, 17729, 49.90
GLOSTERLTD, EQ, 14-Aug-2026, 649.05, 649.05, 667.50, 634.10, 634.10, 634.65, 640.77, 1324, 8.48, 147, 1057, 79.83
GLOTTIS, BE, 14-Aug-2026, 64.73, 64.73, 66.00, 62.82, 65.30, 65.02, 65.02, 31020, 20.17, 199, -, -
GMBREW, EQ, 14-Aug-2026, 896.55, 892.65, 899.95, 892.00, 892.25, 894.75, 894.45, 11904, 106.48, 1079, 8535, 71.70
GMDCLTD, EQ, 14-Aug-2026, 593.25, 591.00, 596.00, 578.50, 579.90, 580.80, 584.71, 906062, 5297.82, 29770, 406569, 44.87
GML, SM, 14-Aug-2026, 18.95, 19.65, 19.85, 19.10, 19.80, 19.80, 19.76, 52000, 10.28, 19, 50000, 96.15
GMMPFAUDLR, EQ, 14-Aug-2026, 1012.90, 1015.00, 1053.80, 997.05, 1039.00, 1048.25, 1033.03, 334486, 3455.35, 16623, 174321, 52.12
GMRAIRPORT, EQ, 14-Aug-2026, 103.00, 103.07, 103.47, 101.51, 101.51, 101.51, 102.30, 8232504, 8422.11, 29700, 3421700, 41.56
GMRP&UI, EQ, 14-Aug-2026, 99.43, 99.40, 99.50, 96.50, 97.00, 97.07, 97.84, 930492, 910.35, 13838, 491121, 52.78
GNA, EQ, 14-Aug-2026, 538.65, 540.00, 549.30, 538.00, 544.00, 542.70, 544.24, 283067, 1540.55, 6591, 149428, 52.79
GNFC, EQ, 14-Aug-2026, 550.40, 550.10, 570.00, 549.35, 569.00, 568.95, 564.24, 908144, 5124.09, 25265, 467073, 51.43
GNRL, EQ, 14-Aug-2026, 114.45, 114.50, 115.10, 110.50, 110.50, 111.34, 112.08, 108093, 121.15, 1493, 76294, 70.58
GOACARBON, EQ, 14-Aug-2026, 367.50, 369.00, 369.90, 359.00, 363.70, 362.55, 363.57, 13807, 50.20, 963, 8789, 63.66
GOCLCORP, EQ, 14-Aug-2026, 430.90, 417.55, 418.10, 394.10, 396.00, 397.10, 404.07, 148404, 599.66, 5467, 85632, 57.70
GOCOLORS, EQ, 14-Aug-2026, 331.00, 330.00, 331.95, 326.25, 328.50, 327.50, 328.97, 48829, 160.63, 1536, 21048, 43.11
GODAVARIB, EQ, 14-Aug-2026, 254.60, 254.60, 259.10, 245.80, 247.95, 247.25, 250.54, 203153, 508.97, 4652, 107038, 52.69
GODFRYPHLP, EQ, 14-Aug-2026, 2160.00, 2160.00, 2167.90, 2141.40, 2149.00, 2149.00, 2151.25, 121955, 2623.56, 11941, 48430, 39.71
GODIGIT, EQ, 14-Aug-2026, 260.05, 258.10, 262.95, 258.10, 260.00, 259.65, 259.65, 124219, 322.54, 6828, 59433, 47.85
GODREJAGRO, EQ, 14-Aug-2026, 562.20, 563.00, 588.85, 560.55, 580.00, 580.50, 577.67, 814850, 4707.15, 27486, 342722, 42.06
GODREJCP, EQ, 14-Aug-2026, 936.90, 941.50, 942.60, 930.00, 934.30, 934.30, 937.07, 2075321, 19447.11, 43540, 1064219, 51.28
GODREJIND, EQ, 14-Aug-2026, 1255.60, 1256.10, 1283.10, 1241.00, 1253.90, 1252.50, 1259.25, 60302, 759.35, 10505, 22443, 37.22
GODREJPROP, EQ, 14-Aug-2026, 2028.00, 2019.00, 2032.20, 1988.20, 1990.00, 1990.00, 2001.47, 447214, 8950.87, 20784, 255396, 57.11
GOKEX, EQ, 14-Aug-2026, 783.00, 781.45, 786.50, 770.10, 785.00, 783.65, 779.90, 178167, 1389.52, 8565, 81989, 46.02
GOKUL, EQ, 14-Aug-2026, 39.34, 40.20, 40.20, 38.61, 39.29, 38.87, 39.27, 176871, 69.45, 693, 56795, 32.11
GOKULAGRO, EQ, 14-Aug-2026, 235.34, 236.50, 237.00, 230.62, 232.44, 231.65, 233.33, 241265, 562.93, 6619, 117129, 48.55
GOLD1, EQ, 14-Aug-2026, 126.92, 125.00, 126.49, 123.74, 126.40, 126.35, 125.79, 1527268, 1921.10, 6868, 829309, 54.30
GOLD360, EQ, 14-Aug-2026, 148.50, 147.90, 147.90, 146.45, 147.35, 147.40, 147.17, 12502, 18.40, 212, 6047, 48.37
GOLDADD, EQ, 14-Aug-2026, 147.57, 147.57, 147.57, 145.45, 147.10, 147.07, 146.73, 230265, 337.88, 4415, 138823, 60.29
GOLDAXIS, EQ, 14-Aug-2026, 126.40, 125.27, 126.12, 124.63, 125.98, 126.02, 125.09, 1133358, 1417.76, 3229, 800466, 70.63
GOLDBEES, EQ, 14-Aug-2026, 125.48, 124.54, 125.20, 123.81, 125.18, 125.13, 124.37, 21344677, 26546.97, 69259, 9915369, 46.45
GOLDBETA, EQ, 14-Aug-2026, 127.95, 127.15, 127.40, 126.15, 127.40, 127.35, 126.83, 347116, 440.23, 2124, 139192, 40.10
GOLDBND, EQ, 14-Aug-2026, 151.75, 151.50, 151.50, 149.50, 150.78, 151.22, 151.15, 64418, 97.37, 402, 59356, 92.14
GOLDCASE, EQ, 14-Aug-2026, 23.91, 24.39, 24.39, 23.43, 23.81, 23.81, 23.71, 8268485, 1960.61, 9615, 3959719, 47.89
GOLDENTOBC, BZ, 14-Aug-2026, 25.48, 25.72, 25.72, 24.61, 24.65, 24.99, 25.05, 462, 0.12, 19, -, -
GOLDETF, EQ, 14-Aug-2026, 147.72, 146.88, 147.25, 145.70, 147.20, 147.18, 146.44, 673887, 986.86, 5630, 313827, 46.57
GOLDIAM, EQ, 14-Aug-2026, 362.80, 362.90, 371.35, 355.20, 366.50, 365.65, 363.99, 2540560, 9247.35, 16568, 1794340, 70.63
GOLDIETF, EQ, 14-Aug-2026, 129.92, 126.67, 129.69, 126.66, 129.64, 129.60, 128.97, 4673870, 6028.12, 24753, 2740164, 58.63
GOLDKART, SM, 14-Aug-2026, 95.00, 95.00, 95.00, 95.00, 95.00, 95.00, 95.00, 5000, 4.75, 8, 5000, 100.00
GOLDSTAR, SM, 14-Aug-2026, 7.35, 7.70, 7.70, 7.35, 7.70, 7.70, 7.67, 112500, 8.62, 10, 90000, 80.00
GOLDTECH, BE, 14-Aug-2026, 50.74, 50.98, 50.98, 48.21, 48.49, 48.60, 49.10, 33830, 16.61, 216, -, -
GOODLUCK, EQ, 14-Aug-2026, 1269.80, 1275.00, 1328.60, 1267.70, 1324.40, 1324.70, 1304.97, 347558, 4535.54, 19333, 171169, 49.25
GOODYEAR, EQ, 14-Aug-2026, 780.95, 792.00, 792.00, 774.05, 781.00, 777.40, 778.43, 3346, 26.05, 462, 2032, 60.73
GOPAL, EQ, 14-Aug-2026, 276.65, 277.95, 279.05, 272.00, 273.00, 272.15, 275.01, 155293, 427.07, 3889, 60677, 39.07
GOYALALUM, EQ, 14-Aug-2026, 6.40, 6.40, 6.60, 6.36, 6.60, 6.51, 6.45, 53501, 3.45, 268, 45152, 84.39
GOYALSALT, SM, 14-Aug-2026, 105.00, 108.95, 109.00, 107.00, 107.00, 107.00, 107.16, 15000, 16.07, 3, 15000, 100.00
GPECO, ST, 14-Aug-2026, 395.60, 396.00, 406.50, 375.85, 396.20, 396.20, 390.17, 18600, 72.57, 55, 17800, 95.70
GPIL, EQ, 14-Aug-2026, 243.31, 241.63, 242.07, 233.50, 235.80, 235.43, 236.16, 2146682, 5069.53, 36322, 975210, 45.43
GPPL, EQ, 14-Aug-2026, 151.75, 153.75, 160.85, 153.37, 158.06, 158.68, 157.82, 7349923, 11599.38, 53688, 3835417, 52.18
GPTHEALTH, EQ, 14-Aug-2026, 154.98, 156.04, 156.98, 154.01, 155.80, 156.15, 155.21, 66664, 103.47, 3961, 38663, 58.00
GPTINFRA, EQ, 14-Aug-2026, 116.73, 115.51, 117.99, 115.00, 115.85, 115.80, 115.73, 37076, 42.91, 893, 22451, 60.55
GRADIENTE, EQ, 14-Aug-2026, 2.66, 2.73, 2.78, 2.71, 2.72, 2.72, 2.75, 1780823, 48.97, 262, 1430739, 80.34
GRANDOAK, EQ, 14-Aug-2026, 37.42, 39.00, 39.00, 37.20, 37.20, 38.24, 38.26, 1025, 0.39, 37, 462, 45.07
GRANULES, EQ, 14-Aug-2026, 857.55, 855.00, 864.60, 854.00, 854.00, 858.40, 858.78, 319463, 2743.49, 16424, 173052, 54.17
GRAPHISAD, SM, 14-Aug-2026, 26.50, 26.00, 26.50, 26.00, 26.50, 26.50, 26.29, 8400, 2.21, 5, 6000, 71.43
GRAPHITE, EQ, 14-Aug-2026, 734.85, 737.50, 748.50, 718.45, 721.90, 721.60, 731.49, 1190606, 8709.15, 29167, 495309, 41.60
GRASIM, EQ, 14-Aug-2026, 3257.00, 3264.80, 3264.80, 3221.00, 3248.70, 3248.70, 3241.00, 476082, 15429.84, 30207, 267894, 56.27
GRAUWEIL, EQ, 14-Aug-2026, 66.84, 67.00, 68.00, 66.77, 67.20, 67.39, 67.27, 203896, 137.15, 5089, 140058, 68.69
GRAVISSHO, EQ, 14-Aug-2026, 29.28, 29.05, 29.99, 29.05, 29.99, 29.18, 29.14, 2116, 0.62, 127, 2104, 99.43
GRAVITA, EQ, 14-Aug-2026, 1819.70, 1818.50, 1825.40, 1779.00, 1786.00, 1794.30, 1802.87, 111629, 2012.52, 12357, 56906, 50.98
GRCL, ST, 14-Aug-2026, 499.00, 475.25, 505.00, 475.25, 505.00, 505.00, 497.56, 1500, 7.46, 5, 1500, 100.00
GREAVESCOT, EQ, 14-Aug-2026, 198.44, 198.40, 198.40, 193.50, 194.00, 194.37, 195.41, 587124, 1147.30, 8810, 298151, 50.78
GREENCHEF, SM, 14-Aug-2026, 48.05, 47.60, 49.80, 47.60, 47.65, 47.65, 48.23, 4800, 2.32, 6, 3200, 66.67
GREENLAM, EQ, 14-Aug-2026, 253.65, 253.60, 257.15, 250.20, 252.00, 251.30, 252.86, 92793, 234.64, 4071, 42118, 45.39
GREENLEAF, ST, 14-Aug-2026, 119.70, 124.25, 125.20, 116.85, 125.20, 125.20, 123.08, 18000, 22.15, 17, 17000, 94.44
GREENPANEL, EQ, 14-Aug-2026, 171.77, 171.77, 175.89, 171.46, 174.80, 174.54, 173.33, 501546, 869.33, 12237, 341224, 68.03
GREENPLY, EQ, 14-Aug-2026, 284.55, 284.55, 289.85, 280.15, 281.05, 280.95, 282.43, 50398, 142.34, 2121, 33394, 66.26
GREENPOWER, EQ, 14-Aug-2026, 9.55, 9.51, 9.63, 9.49, 9.54, 9.53, 9.53, 1186490, 113.13, 2850, 645661, 54.42
GRINDWELL, EQ, 14-Aug-2026, 2146.30, 2146.30, 2194.00, 2135.10, 2162.00, 2167.50, 2171.49, 53403, 1159.64, 12810, 28375, 53.13
GRINFRA, EQ, 14-Aug-2026, 877.90, 883.40, 885.00, 870.25, 871.35, 872.70, 875.37, 12129, 106.17, 1512, 6353, 52.38
GRMOVER, EQ, 14-Aug-2026, 90.05, 90.10, 90.99, 89.01, 90.09, 89.66, 89.97, 922657, 830.15, 3584, 167611, 18.17
GROBTEA, EQ, 14-Aug-2026, 927.00, 926.90, 978.00, 903.40, 950.00, 958.05, 936.89, 352, 3.30, 55, 271, 76.99
GROWW, EQ, 14-Aug-2026, 197.99, 198.00, 198.25, 194.60, 196.66, 196.17, 196.14, 11500813, 22557.61, 54327, 6238536, 54.24
GROWWCAPM, EQ, 14-Aug-2026, 11.29, 11.48, 11.48, 11.16, 11.20, 11.20, 11.22, 301213, 33.80, 720, 189354, 62.86
GROWWCHEM, EQ, 14-Aug-2026, 30.87, 30.90, 30.92, 30.52, 30.85, 30.83, 30.77, 36697, 11.29, 206, 21345, 58.17
GROWWDEFNC, EQ, 14-Aug-2026, 97.94, 96.73, 98.39, 96.73, 97.55, 98.09, 97.82, 206393, 201.89, 2594, 91740, 44.45
GROWWEV, EQ, 14-Aug-2026, 34.14, 34.15, 34.45, 33.91, 34.28, 34.20, 34.08, 319130, 108.76, 1699, 210476, 65.95
GROWWGOLD, EQ, 14-Aug-2026, 14.82, 14.67, 14.80, 14.61, 14.79, 14.77, 14.72, 4457083, 655.89, 3298, 3158388, 70.86
GROWWHOSPI, EQ, 14-Aug-2026, 52.45, 53.76, 53.76, 52.00, 52.78, 52.91, 52.59, 250947, 131.96, 1676, 173445, 69.12
GROWWLIQID, EQ, 14-Aug-2026, 110.31, 110.37, 110.37, 110.36, 110.37, 110.36, 110.36, 126495, 139.60, 220, 83658, 66.14
GROWWLOVOL, EQ, 14-Aug-2026, 10.60, 10.41, 10.62, 10.40, 10.61, 10.60, 10.58, 3826, 0.40, 77, 3189, 83.35
GROWWMC150, EQ, 14-Aug-2026, 234.71, 235.00, 236.32, 234.45, 236.07, 236.07, 235.91, 601, 1.42, 24, 529, 88.02
GROWWMETAL, EQ, 14-Aug-2026, 12.36, 12.55, 12.55, 12.10, 12.32, 12.40, 12.33, 560618, 69.13, 1137, 279710, 49.89
GROWWMOM50, EQ, 14-Aug-2026, 11.06, 11.21, 11.21, 10.93, 11.03, 10.98, 10.99, 561513, 61.69, 478, 491870, 87.60
GROWWN200, EQ, 14-Aug-2026, 11.47, 11.47, 11.59, 11.39, 11.57, 11.55, 11.54, 40656, 4.69, 210, 31518, 77.52
GROWWNET, EQ, 14-Aug-2026, 10.60, 10.39, 10.70, 10.39, 10.55, 10.62, 10.63, 517166, 54.96, 710, 411012, 79.47
GROWWNIFTY, EQ, 14-Aug-2026, 9.87, 9.71, 9.99, 9.71, 9.87, 9.83, 9.85, 464753, 45.76, 3282, 280501, 60.35
GROWWNXT50, EQ, 14-Aug-2026, 74.74, 75.48, 75.48, 74.03, 74.84, 74.65, 74.72, 4575, 3.42, 99, 2362, 51.63
GROWWPOWER, EQ, 14-Aug-2026, 11.50, 11.78, 11.78, 11.45, 11.52, 11.49, 11.51, 2344438, 269.78, 2282, 1484767, 63.33
GROWWPSE, EQ, 14-Aug-2026, 99.57, 97.58, 100.87, 97.58, 100.87, 98.68, 98.71, 8830, 8.72, 71, 7833, 88.71
GROWWPSUBK, EQ, 14-Aug-2026, 87.83, 84.85, 88.00, 84.85, 88.00, 87.54, 87.30, 8386, 7.32, 61, 4403, 52.50
GROWWRAIL, EQ, 14-Aug-2026, 29.30, 29.36, 29.45, 29.11, 29.24, 29.21, 29.23, 301209, 88.03, 1926, 205445, 68.21
GROWWRLTY, EQ, 14-Aug-2026, 10.12, 10.12, 10.15, 10.00, 10.09, 10.04, 10.07, 138314, 13.93, 382, 68502, 49.53
GROWWSC250, EQ, 14-Aug-2026, 10.61, 10.72, 10.75, 10.56, 10.65, 10.63, 10.62, 72863, 7.74, 460, 63003, 86.47
GROWWSLVR, EQ, 14-Aug-2026, 22.66, 22.48, 22.70, 22.33, 22.70, 22.66, 22.54, 1840661, 414.90, 2219, 1099324, 59.72
GRPLTD, EQ, 14-Aug-2026, 1992.70, 1992.80, 2023.90, 1981.40, 2015.00, 2009.50, 2009.38, 2169, 43.58, 267, 1732, 79.85
GRSE, EQ, 14-Aug-2026, 2632.30, 2636.00, 2665.70, 2603.70, 2614.50, 2618.60, 2634.81, 433845, 11431.01, 25857, 137959, 31.80
GRWRHITECH, EQ, 14-Aug-2026, 7230.00, 7232.00, 7267.50, 7013.00, 7068.00, 7088.50, 7093.70, 42191, 2992.90, 8168, 22232, 52.69
GSEC10IETF, EQ, 14-Aug-2026, 267.12, 265.00, 267.11, 265.00, 267.11, 267.11, 266.60, 50, 0.13, 2, 38, 76.00
GSEC10YEAR, EQ, 14-Aug-2026, 30.68, 30.77, 30.77, 30.55, 30.55, 30.55, 30.68, 809, 0.25, 15, 807, 99.75
GSEC5IETF, EQ, 14-Aug-2026, 66.31, 66.64, 66.95, 66.36, 66.36, 66.36, 66.88, 363, 0.24, 19, 328, 90.36
GSFC, EQ, 14-Aug-2026, 158.60, 159.10, 160.78, 158.02, 160.01, 160.25, 159.79, 641476, 1025.02, 13378, 326408, 50.88
GSLSU, EQ, 14-Aug-2026, 31.02, 32.57, 32.57, 29.99, 32.26, 32.11, 32.10, 269390, 86.48, 1367, 204003, 75.73
GSMFOILS, SM, 14-Aug-2026, 102.80, 97.70, 97.70, 97.70, 97.70, 97.70, 97.70, 38500, 37.61, 40, 38500, 100.00
GSPCROP, EQ, 14-Aug-2026, 591.70, 596.25, 600.00, 590.40, 594.00, 596.25, 596.40, 248745, 1483.53, 3307, 32396, 13.02
GSS, EQ, 14-Aug-2026, 13.42, 13.41, 13.66, 13.31, 13.45, 13.34, 13.50, 13440, 1.81, 85, 11994, 89.24
GTECJAINX, BE, 14-Aug-2026, 28.00, 28.49, 29.40, 28.49, 28.90, 28.99, 29.39, 76208, 22.39, 37, -, -
GTL, EQ, 14-Aug-2026, 7.65, 7.65, 7.85, 7.56, 7.63, 7.66, 7.66, 173301, 13.27, 536, 89016, 51.36
GTLINFRA, EQ, 14-Aug-2026, 1.23, 1.23, 1.24, 1.21, 1.22, 1.21, 1.22, 20958496, 256.37, 14122, 11418862, 54.48
GTPL, EQ, 14-Aug-2026, 54.03, 54.89, 54.89, 52.76, 52.78, 52.89, 53.37, 52617, 28.08, 879, 37468, 71.21
GUFICBIO, EQ, 14-Aug-2026, 430.25, 433.70, 437.75, 415.10, 420.50, 422.20, 424.51, 165948, 704.47, 6472, 96773, 58.32
GUJALKALI, EQ, 14-Aug-2026, 694.35, 694.35, 700.00, 684.00, 696.35, 698.20, 695.71, 62980, 438.16, 4936, 36343, 57.71
GUJAPOLLO, EQ, 14-Aug-2026, 347.25, 343.60, 350.00, 300.50, 341.00, 341.95, 338.56, 13667, 46.27, 467, 9691, 70.91
GUJENERGY, EQ, 14-Aug-2026, 284.40, 285.00, 294.35, 279.80, 284.00, 282.95, 287.47, 3458345, 9941.87, 46783, 1804108, 52.17
GUJRAFFIA, EQ, 14-Aug-2026, 43.75, 44.40, 45.94, 42.63, 44.85, 43.22, 43.99, 8106, 3.57, 186, 4774, 58.89
GUJTHEM, EQ, 14-Aug-2026, 347.25, 347.25, 352.00, 345.00, 349.80, 348.75, 347.81, 30262, 105.25, 1369, 14931, 49.34
GULFOILLUB, EQ, 14-Aug-2026, 1176.70, 1176.70, 1177.40, 1148.00, 1162.10, 1159.30, 1159.19, 49635, 575.36, 4591, 29378, 59.19
GULFPETRO, BE, 14-Aug-2026, 61.72, 62.79, 62.79, 60.06, 62.05, 61.65, 61.62, 136725, 84.25, 449, -, -
GULPOLY, EQ, 14-Aug-2026, 190.12, 189.18, 193.50, 187.49, 188.00, 188.08, 189.28, 241113, 456.38, 4509, 142111, 58.94
GURUNANAK, SM, 14-Aug-2026, 39.50, 41.45, 41.45, 39.00, 39.00, 39.00, 40.11, 20800, 8.34, 8, 19200, 92.31
GVKPIL, BE, 14-Aug-2026, 2.34, 2.33, 2.38, 2.33, 2.33, 2.36, 2.35, 611783, 14.41, 714, -, -
GVPIL, EQ, 14-Aug-2026, 810.10, 781.15, 789.60, 769.60, 769.60, 769.60, 773.65, 284769, 2203.13, 4515, 187592, 65.88
GVPTECH, EQ, 14-Aug-2026, 7.07, 7.15, 7.15, 7.00, 7.06, 7.07, 7.08, 36140, 2.56, 175, 22515, 62.30
GVT&D, EQ, 14-Aug-2026, 4304.70, 4325.30, 4367.70, 4272.00, 4350.00, 4350.00, 4329.57, 785600, 34013.12, 56923, 452900, 57.65
GYFTR, EQ, 14-Aug-2026, 159.50, 160.00, 170.00, 159.10, 161.35, 161.87, 164.14, 205712, 337.66, 4486, 33573, 16.32
HAL, EQ, 14-Aug-2026, 4945.00, 4940.00, 5047.00, 4924.20, 5029.90, 5029.90, 4989.33, 1537351, 76703.48, 73873, 953191, 62.00
HALDER, EQ, 14-Aug-2026, 285.71, 285.71, 308.05, 281.21, 305.00, 301.90, 300.71, 41982, 126.25, 1181, 11822, 28.16
HALDYNGL, BE, 14-Aug-2026, 125.17, 125.10, 126.90, 122.71, 125.00, 123.76, 124.93, 24455, 30.55, 199, -, -
HALEOSLABS, EQ, 14-Aug-2026, 1475.00, 1475.00, 1496.40, 1460.00, 1489.00, 1484.40, 1483.92, 117, 1.74, 21, 77, 65.81
HAPPSTMNDS, EQ, 14-Aug-2026, 394.80, 394.00, 426.45, 390.15, 420.00, 420.20, 417.09, 6697476, 27934.58, 118428, 1516248, 22.64
HAPPY, SM, 14-Aug-2026, 64.00, 64.00, 65.20, 62.95, 63.50, 63.50, 63.59, 16000, 10.17, 7, 16000, 100.00
HAPPYFORGE, EQ, 14-Aug-2026, 2007.60, 2028.00, 2105.00, 2016.40, 2100.00, 2089.60, 2085.69, 214368, 4471.06, 24980, 105034, 49.00
HARDWYN, EQ, 14-Aug-2026, 11.51, 11.50, 11.87, 11.32, 11.33, 11.33, 11.39, 501095, 57.10, 834, 303442, 60.56
HARIOMPIPE, EQ, 14-Aug-2026, 365.20, 364.95, 366.90, 350.25, 352.50, 351.90, 355.97, 244003, 868.58, 6628, 135185, 55.40
HARRMALAYA, EQ, 14-Aug-2026, 222.68, 209.07, 209.50, 197.49, 199.40, 198.81, 203.55, 56164, 114.32, 2284, 38202, 68.02
HARSHA, EQ, 14-Aug-2026, 405.40, 407.00, 416.85, 402.05, 411.05, 412.25, 410.61, 96071, 394.48, 4958, 55528, 57.80
HATHWAY, EQ, 14-Aug-2026, 10.72, 10.72, 10.77, 10.54, 10.59, 10.60, 10.61, 1411322, 149.80, 2301, 740838, 52.49
HATSUN, EQ, 14-Aug-2026, 963.95, 951.20, 990.00, 951.20, 980.00, 980.80, 979.51, 82072, 803.90, 5443, 43055, 52.46
HAVELLS, EQ, 14-Aug-2026, 1270.00, 1270.00, 1303.40, 1262.20, 1298.00, 1298.00, 1291.45, 834715, 10779.95, 24948, 427604, 51.23
HAVISHA, EQ, 14-Aug-2026, 1.35, 1.35, 1.44, 1.25, 1.44, 1.34, 1.32, 84707, 1.12, 130, 64962, 76.69
HAWKINCOOK, EQ, 14-Aug-2026, 8305.50, 8308.00, 8450.00, 8199.50, 8370.00, 8351.00, 8307.92, 1012, 84.08, 463, 653, 64.53
HBESD, EQ, 14-Aug-2026, 78.34, 78.73, 78.73, 74.50, 76.00, 76.00, 75.85, 7816, 5.93, 17, 7795, 99.73
HBLENGINE, EQ, 14-Aug-2026, 693.05, 693.05, 697.10, 677.05, 678.50, 678.50, 683.92, 663865, 4540.31, 23873, 393960, 59.34
HBSL, EQ, 14-Aug-2026, 57.58, 55.50, 60.00, 55.50, 57.95, 57.96, 58.64, 4918, 2.88, 97, 3986, 81.05
HCC, EQ, 14-Aug-2026, 20.07, 19.70, 20.00, 19.63, 19.86, 19.82, 19.83, 10947392, 2171.31, 14258, 4908289, 44.84
HCG, EQ, 14-Aug-2026, 721.40, 721.00, 726.10, 711.25, 714.30, 714.30, 718.36, 86719, 622.96, 12921, 49253, 56.80
HCL-INSYS, EQ, 14-Aug-2026, 11.48, 11.59, 11.60, 11.20, 11.40, 11.33, 11.37, 107641, 12.24, 508, 76972, 71.51
HCLTECH, EQ, 14-Aug-2026, 1370.00, 1372.80, 1374.90, 1346.50, 1360.00, 1360.00, 1360.98, 1033374, 14063.96, 58510, 582574, 56.38
HDBFS, EQ, 14-Aug-2026, 684.90, 684.95, 688.15, 678.70, 687.45, 686.95, 684.14, 220359, 1507.55, 13379, 119005, 54.01
HDFCAMC, EQ, 14-Aug-2026, 2499.50, 2502.50, 2507.20, 2470.20, 2485.00, 2485.00, 2481.87, 1564593, 38831.17, 38969, 1163641, 74.37
HDFCBANK, EQ, 14-Aug-2026, 725.00, 725.00, 729.60, 723.50, 727.00, 727.00, 726.97, 20364131, 148040.79, 242796, 14796227, 72.66
HDFCBSE500, EQ, 14-Aug-2026, 38.11, 38.48, 38.48, 37.84, 38.14, 38.07, 38.07, 528792, 201.32, 200, 512241, 96.87
HDFCGOLD, EQ, 14-Aug-2026, 129.65, 132.89, 132.89, 128.01, 129.30, 129.33, 128.74, 1763210, 2269.99, 8105, 989896, 56.14
HDFCGROWTH, EQ, 14-Aug-2026, 123.16, 123.16, 123.16, 122.30, 122.35, 122.68, 122.62, 29206, 35.81, 130, 10128, 34.68
HDFCLIFE, EQ, 14-Aug-2026, 538.05, 539.50, 540.00, 535.60, 535.85, 535.85, 538.10, 805941, 4336.75, 21350, 448311, 55.63
HDFCLIQUID, EQ, 14-Aug-2026, 1073.45, 1075.00, 1075.00, 1073.88, 1073.90, 1073.88, 1073.90, 42999, 461.77, 47, 36588, 85.09
HDFCLOWVOL, EQ, 14-Aug-2026, 21.13, 21.10, 21.15, 21.05, 21.05, 21.05, 21.10, 2917, 0.62, 64, 1639, 56.19
HDFCMID150, EQ, 14-Aug-2026, 23.78, 24.37, 24.37, 23.74, 23.75, 23.80, 23.80, 499891, 118.97, 1263, 420168, 84.05
HDFCMOMENT, EQ, 14-Aug-2026, 31.49, 31.50, 31.50, 31.21, 31.47, 31.38, 31.39, 66967, 21.02, 589, 31196, 46.58
HDFCNEXT50, EQ, 14-Aug-2026, 76.17, 78.07, 78.07, 75.83, 75.85, 76.05, 76.16, 335378, 255.44, 800, 260424, 77.65
HDFCNIF100, EQ, 14-Aug-2026, 26.33, 26.33, 26.44, 26.33, 26.33, 26.37, 26.38, 30242, 7.98, 211, 15834, 52.36
HDFCNIFBAN, EQ, 14-Aug-2026, 59.43, 59.30, 59.54, 59.17, 59.50, 59.29, 59.32, 194117, 115.15, 395, 132080, 68.04
HDFCNIFIT, EQ, 14-Aug-2026, 33.55, 33.80, 33.89, 33.22, 33.36, 33.44, 33.46, 46523, 15.57, 224, 21163, 45.49
HDFCNIFTY, EQ, 14-Aug-2026, 275.20, 282.08, 282.08, 274.13, 274.53, 275.17, 274.80, 21732, 59.72, 648, 12545, 57.73
HDFCNIMEG, EQ, 14-Aug-2026, 130.06, 129.06, 129.96, 128.33, 129.38, 129.87, 129.56, 6963, 9.02, 78, 2636, 37.86
HDFCPSUBK, EQ, 14-Aug-2026, 88.70, 89.14, 89.14, 87.86, 87.86, 88.20, 88.45, 48838, 43.20, 229, 29525, 60.45
HDFCPVTBAN, EQ, 14-Aug-2026, 27.91, 27.89, 27.91, 27.75, 27.90, 27.82, 27.82, 191377, 53.24, 478, 116117, 60.67
HDFCQUAL, EQ, 14-Aug-2026, 60.08, 60.19, 60.28, 59.94, 60.13, 60.07, 60.09, 5960, 3.58, 84, 2850, 47.82
HDFCSENSEX, EQ, 14-Aug-2026, 88.19, 88.02, 88.69, 88.01, 88.01, 88.21, 88.25, 38920, 34.35, 439, 33054, 84.93
HDFCSILVER, EQ, 14-Aug-2026, 220.90, 221.18, 221.54, 217.82, 221.41, 221.20, 219.91, 1703982, 3747.22, 11056, 414281, 24.31
HDFCSML250, EQ, 14-Aug-2026, 185.21, 185.90, 185.90, 184.17, 184.80, 184.64, 184.68, 768149, 1418.65, 7662, 503530, 65.55
HDFCVALUE, EQ, 14-Aug-2026, 127.40, 126.85, 127.23, 126.11, 127.23, 126.99, 126.65, 4160, 5.27, 107, 2366, 56.88
HDIL, BZ, 14-Aug-2026, 1.52, 1.49, 1.54, 1.49, 1.53, 1.53, 1.52, 88088, 1.34, 153, -, -
HEADSUP, EQ, 14-Aug-2026, 7.06, 7.06, 7.25, 6.90, 6.93, 6.93, 6.96, 1836, 0.13, 34, 1780, 96.95
HEALTHADD, EQ, 14-Aug-2026, 16.69, 17.10, 17.10, 16.64, 16.68, 16.68, 16.70, 36751, 6.14, 90, 27333, 74.37
HEALTHAXIS, EQ, 14-Aug-2026, 168.45, 168.45, 171.06, 167.61, 169.00, 167.82, 168.94, 10610, 17.92, 105, 3754, 35.38
HEALTHCARE, EQ, 14-Aug-2026, 21.68, 21.68, 21.71, 21.54, 21.59, 21.57, 21.62, 76256, 16.49, 194, 71205, 93.38
HEALTHIETF, EQ, 14-Aug-2026, 170.26, 170.26, 171.22, 169.25, 170.03, 169.72, 169.79, 47746, 81.07, 1128, 24267, 50.83
HEALTHX, EQ, 14-Aug-2026, 294.70, 295.00, 295.15, 288.05, 288.05, 290.15, 291.28, 2796, 8.14, 138, 1768, 63.23
HEALTHY, EQ, 14-Aug-2026, 17.06, 17.26, 17.26, 16.94, 17.05, 17.03, 17.01, 171387, 29.15, 1020, 111874, 65.28
HECPROJECT, EQ, 14-Aug-2026, 137.91, 137.50, 148.39, 123.00, 130.00, 130.05, 136.99, 101413, 138.93, 2258, 56015, 55.23
HEG, EQ, 14-Aug-2026, 687.00, 691.50, 711.20, 685.30, 699.20, 701.00, 704.04, 3739354, 26326.60, 66048, 1072093, 28.67
HEIDELBERG, EQ, 14-Aug-2026, 158.08, 158.88, 158.88, 157.20, 158.40, 158.24, 157.80, 62829, 99.14, 959, 42498, 67.64
HEMIPROP, EQ, 14-Aug-2026, 132.98, 132.55, 134.53, 132.00, 132.41, 132.34, 133.23, 229488, 305.75, 2007, 145586, 63.44
HERANBA, EQ, 14-Aug-2026, 167.80, 167.80, 174.53, 167.80, 170.00, 169.76, 171.02, 51257, 87.66, 1839, 27574, 53.80
HERITGFOOD, EQ, 14-Aug-2026, 360.70, 359.00, 361.90, 356.20, 358.00, 358.00, 359.53, 79355, 285.31, 4099, 41818, 52.70
HEROMOTOCO, EQ, 14-Aug-2026, 5850.00, 5830.00, 5849.00, 5765.00, 5790.00, 5790.00, 5805.56, 508239, 29506.10, 49740, 274418, 53.99
HESTERBIO, EQ, 14-Aug-2026, 2460.70, 2429.50, 2464.80, 2401.00, 2401.00, 2414.40, 2423.50, 3722, 90.20, 682, 2240, 60.18
HEXAGON, BE, 14-Aug-2026, 64.44, 64.49, 65.00, 63.28, 63.70, 63.98, 63.86, 111505, 71.21, 508, -, -
HEXATRADEX, EQ, 14-Aug-2026, 157.41, 158.50, 159.93, 157.00, 157.00, 157.05, 157.87, 1712, 2.70, 38, 1406, 82.13
HEXT, EQ, 14-Aug-2026, 574.55, 575.05, 576.10, 565.55, 569.10, 569.85, 569.12, 109375, 622.47, 5987, 43543, 39.81
HFCL, EQ, 14-Aug-2026, 227.36, 228.00, 230.70, 220.70, 222.76, 223.11, 225.97, 16693107, 37721.34, 84569, 6441158, 38.59
HGINFRA, EQ, 14-Aug-2026, 526.45, 528.80, 533.95, 521.00, 523.00, 523.75, 525.66, 51203, 269.15, 3263, 26200, 51.17
HGM, EQ, 14-Aug-2026, 47.39, 47.53, 47.53, 46.00, 46.65, 46.06, 46.63, 2472, 1.15, 67, 1651, 66.79
HGS, EQ, 14-Aug-2026, 404.70, 402.40, 410.00, 402.40, 410.00, 408.65, 407.77, 12093, 49.31, 785, 7064, 58.41
HIGREEN, SM, 14-Aug-2026, 134.30, 134.30, 137.25, 130.60, 137.00, 135.95, 133.86, 24000, 32.13, 30, 8800, 36.67
HIKAL, EQ, 14-Aug-2026, 216.35, 217.50, 223.99, 216.50, 219.80, 217.99, 220.25, 253073, 557.40, 6025, 111196, 43.94
HILINFRA, EQ, 14-Aug-2026, 45.02, 44.72, 45.44, 44.10, 44.60, 44.40, 44.66, 30457, 13.60, 524, 21579, 70.85
HILTON, BE, 14-Aug-2026, 20.04, 20.24, 20.44, 19.80, 19.97, 19.90, 20.02, 45674, 9.14, 206, -, -
HIMATSEIDE, EQ, 14-Aug-2026, 74.08, 74.25, 75.30, 72.51, 73.00, 72.95, 73.53, 578666, 425.49, 6490, 319197, 55.16
HINDALCO, EQ, 14-Aug-2026, 1046.25, 1035.80, 1036.80, 1021.35, 1029.50, 1029.50, 1030.02, 3423326, 35260.81, 73592, 1706026, 49.84
HINDCOMPOS, EQ, 14-Aug-2026, 414.55, 415.35, 416.45, 406.10, 410.05, 410.25, 411.81, 4001, 16.48, 299, 2369, 59.21
HINDCON, EQ, 14-Aug-2026, 22.75, 22.58, 22.99, 22.50, 22.66, 22.71, 22.72, 8941, 2.03, 128, 6163, 68.93
HINDCOPPER, EQ, 14-Aug-2026, 544.45, 546.50, 546.70, 515.00, 528.80, 529.05, 527.17, 8696054, 45842.78, 115904, 2693787, 30.98
HINDOILEXP, EQ, 14-Aug-2026, 157.99, 157.79, 157.79, 149.92, 152.29, 152.10, 152.35, 849784, 1294.69, 7431, 473045, 55.67
HINDPETRO, EQ, 14-Aug-2026, 392.90, 374.00, 374.95, 371.00, 373.50, 373.50, 372.88, 8013809, 29881.58, 96101, 4468089, 55.75
HINDUNILVR, EQ, 14-Aug-2026, 2092.00, 2089.00, 2090.90, 2066.40, 2077.00, 2077.00, 2077.60, 1148419, 23859.56, 55127, 723424, 62.99
HINDWAREAP, EQ, 14-Aug-2026, 200.08, 199.10, 202.19, 191.61, 197.00, 195.47, 196.27, 189530, 371.99, 4917, 80253, 42.34
HINDZINC, EQ, 14-Aug-2026, 578.35, 575.00, 575.00, 557.80, 561.90, 561.90, 562.04, 4702210, 26428.43, 70458, 1648429, 35.06
HIRECT, EQ, 14-Aug-2026, 1253.30, 1254.00, 1272.10, 1242.10, 1257.00, 1256.00, 1256.27, 66521, 835.69, 5226, 27348, 41.11
HISARMETAL, EQ, 14-Aug-2026, 149.94, 152.00, 153.86, 149.35, 149.35, 151.22, 152.16, 1967, 2.99, 57, 1482, 75.34
HITECH, EQ, 14-Aug-2026, 79.16, 79.13, 79.74, 77.81, 78.40, 78.22, 78.46, 284325, 223.08, 2671, 172442, 60.65
HITECHCORP, BE, 14-Aug-2026, 330.95, 330.00, 334.00, 329.00, 330.05, 332.30, 330.20, 20257, 66.89, 106, -, -
HITECHGEAR, BE, 14-Aug-2026, 552.25, 567.00, 567.00, 542.00, 550.00, 550.00, 548.81, 1315, 7.22, 75, -, -
HLEGLAS, EQ, 14-Aug-2026, 332.25, 334.90, 336.40, 325.50, 328.00, 327.70, 329.41, 241233, 794.64, 7234, 109969, 45.59
HLVLTD, EQ, 14-Aug-2026, 6.94, 6.99, 7.04, 6.90, 7.00, 6.98, 6.98, 156950, 10.95, 502, 130200, 82.96
HMAAGRO, EQ, 14-Aug-2026, 21.91, 23.00, 25.34, 22.00, 24.20, 24.24, 24.46, 11840343, 2895.75, 32133, 2214260, 18.70
HMT, BZ, 14-Aug-2026, 58.37, 58.00, 59.00, 57.01, 58.99, 58.74, 58.22, 8076, 4.70, 63, -, -
HMVL, BE, 14-Aug-2026, 89.61, 89.50, 89.50, 86.20, 87.18, 86.64, 87.28, 24515, 21.40, 172, -, -
HNDFDS, EQ, 14-Aug-2026, 596.65, 595.30, 600.40, 587.00, 588.80, 591.40, 595.38, 62236, 370.54, 4404, 36768, 59.08
HNGSNGBEES, EQ, 14-Aug-2026, 480.01, 492.01, 492.01, 479.00, 483.60, 482.66, 480.44, 58245, 279.83, 3277, 43408, 74.53
HOACFOODS, ST, 14-Aug-2026, 785.50, 805.00, 805.00, 788.00, 804.00, 804.00, 798.00, 1875, 14.96, 5, 1125, 60.00
HOLMARC, SM, 14-Aug-2026, 109.00, 107.10, 107.10, 105.00, 107.00, 107.00, 105.60, 8250, 8.71, 10, 7500, 90.91
HOMEFIRST, EQ, 14-Aug-2026, 1175.30, 1176.40, 1187.90, 1162.80, 1180.00, 1176.50, 1177.70, 71934, 847.17, 6602, 35427, 49.25
HONASA, EQ, 14-Aug-2026, 479.45, 495.40, 509.80, 486.60, 502.00, 502.80, 497.13, 22425106, 111481.76, 261312, 4919015, 21.94
HONAUT, EQ, 14-Aug-2026, 37190.00, 37000.00, 37395.00, 36725.00, 37200.00, 37205.00, 37170.88, 10176, 3782.51, 1532, 8861, 87.08
HONDAPOWER, EQ, 14-Aug-2026, 2105.30, 2105.30, 2171.90, 2105.30, 2152.00, 2149.90, 2142.01, 9540, 204.35, 1635, 4485, 47.01
HPAL, EQ, 14-Aug-2026, 37.33, 36.89, 36.89, 35.00, 35.28, 35.15, 35.36, 91699, 32.43, 1250, 56768, 61.91
HPIL, EQ, 14-Aug-2026, 123.82, 124.00, 130.94, 123.80, 125.05, 125.05, 128.01, 4652, 5.96, 82, 3665, 78.78
HPL, EQ, 14-Aug-2026, 318.40, 317.70, 320.00, 314.70, 317.40, 317.45, 316.96, 93695, 296.97, 2604, 48525, 51.79
HPTL, SM, 14-Aug-2026, 295.00, 309.75, 309.75, 309.75, 309.75, 309.75, 309.75, 1200, 3.72, 1, 1200, 100.00
HRHNEXT, SM, 14-Aug-2026, 23.80, 24.65, 24.95, 24.15, 24.95, 24.90, 24.54, 10500, 2.58, 6, 9000, 85.71
HSBCGOLD, EQ, 14-Aug-2026, 131.90, 131.00, 131.43, 130.01, 131.42, 131.42, 131.29, 76672, 100.66, 53, 76467, 99.73
HSCL, EQ, 14-Aug-2026, 778.15, 781.00, 794.50, 775.15, 781.05, 781.05, 785.13, 3402990, 26717.87, 49961, 1110397, 32.63
HTMEDIA, EQ, 14-Aug-2026, 26.51, 26.52, 26.84, 26.07, 26.30, 26.37, 26.39, 82474, 21.77, 722, 40305, 48.87
HUBTOWN, EQ, 14-Aug-2026, 189.71, 189.60, 192.00, 185.10, 186.66, 186.62, 186.88, 313667, 586.19, 3530, 181653, 57.91
HUDCO, EQ, 14-Aug-2026, 193.91, 194.00, 194.10, 189.31, 189.95, 189.99, 190.49, 3880141, 7391.20, 24882, 3214353, 82.84
HUHTAMAKI, EQ, 14-Aug-2026, 281.65, 283.95, 283.95, 274.20, 277.25, 277.05, 277.68, 99049, 275.03, 2451, 50703, 51.19
HYBRIDETF, EQ, 14-Aug-2026, 10.18, 10.18, 10.18, 10.14, 10.16, 10.16, 10.17, 139004, 14.13, 57, 134350, 96.65
HYBRIDFIN, BE, 14-Aug-2026, 17.94, 17.86, 17.90, 17.31, 17.90, 17.47, 17.75, 3116, 0.55, 26, -, -
HYUNDAI, EQ, 14-Aug-2026, 2237.10, 2225.00, 2255.00, 2191.60, 2199.00, 2199.00, 2215.17, 629978, 13955.11, 32754, 289588, 45.97
IBLFL, SM, 14-Aug-2026, 61.00, 61.00, 61.00, 61.00, 61.00, 61.00, 61.00, 2000, 1.22, 1, 2000, 100.00
IBULLSLTD, EQ, 14-Aug-2026, 27.01, 27.10, 27.50, 26.36, 27.05, 27.08, 26.88, 6881042, 1849.49, 8602, 4326221, 62.87
ICELCO, SM, 14-Aug-2026, 137.20, 137.20, 138.00, 134.00, 134.00, 134.20, 135.41, 32400, 43.87, 23, 28800, 88.89
ICEMAKE, EQ, 14-Aug-2026, 811.45, 799.00, 808.00, 747.55, 750.00, 751.65, 767.00, 135770, 1041.35, 6866, 99625, 73.38
ICICIAMC, EQ, 14-Aug-2026, 3147.00, 3160.00, 3160.00, 3080.00, 3100.00, 3097.90, 3113.86, 255457, 7954.58, 21031, 143844, 56.31
ICICIB22, EQ, 14-Aug-2026, 116.32, 115.90, 116.78, 115.44, 115.80, 115.64, 115.58, 239537, 276.85, 2844, 172218, 71.90
ICICIBANK, EQ, 14-Aug-2026, 1406.80, 1403.00, 1417.80, 1401.00, 1417.00, 1417.00, 1409.86, 6097934, 85972.21, 118817, 3843826, 63.03
ICICIGI, EQ, 14-Aug-2026, 1628.00, 1633.80, 1633.80, 1616.00, 1630.00, 1630.00, 1627.00, 534759, 8700.50, 23142, 352294, 65.88
ICICIPRULI, EQ, 14-Aug-2026, 507.00, 506.00, 512.00, 501.00, 509.15, 509.15, 508.39, 778149, 3956.00, 20433, 407016, 52.31
ICIL, EQ, 14-Aug-2026, 391.15, 391.50, 394.95, 377.05, 379.00, 379.90, 383.24, 530561, 2033.31, 18919, 200161, 37.73
ICRA, EQ, 14-Aug-2026, 5196.30, 5200.00, 5322.00, 5160.80, 5285.00, 5265.60, 5274.76, 61407, 3239.07, 7879, 37084, 60.39
IDBI, EQ, 14-Aug-2026, 82.88, 82.60, 83.14, 82.10, 82.30, 82.45, 82.62, 1946299, 1607.96, 14482, 1029813, 52.91
IDEA, EQ, 14-Aug-2026, 13.51, 13.53, 14.19, 13.49, 14.11, 14.11, 13.98, 778908986, 108928.24, 1020297, 199493804, 25.61
IDEAFORGE, EQ, 14-Aug-2026, 781.80, 778.10, 820.85, 770.00, 820.85, 820.85, 804.34, 786126, 6323.10, 16819, 359109, 45.68
IDEALTECHO, SM, 14-Aug-2026, 189.00, 186.95, 186.95, 186.95, 186.95, 186.95, 186.95, 500, 0.93, 1, 500, 100.00
IDENTICAL, SM, 14-Aug-2026, 15.70, 15.70, 16.35, 15.70, 15.95, 15.95, 15.89, 14000, 2.23, 7, 14000, 100.00
IDFCFIRSTB, EQ, 14-Aug-2026, 86.55, 86.42, 86.52, 85.53, 85.69, 85.69, 85.90, 7407001, 6362.93, 33830, 4002083, 54.03
IDFNIFTYET, EQ, 14-Aug-2026, 269.14, 273.00, 273.00, 264.30, 265.71, 267.57, 269.01, 4363, 11.74, 79, 1189, 27.25
IEML, SM, 14-Aug-2026, 39.75, 37.80, 43.70, 37.80, 42.50, 42.35, 42.71, 88000, 37.59, 121, 70000, 79.55
IEX, EQ, 14-Aug-2026, 125.50, 125.50, 125.50, 124.00, 124.75, 124.75, 124.49, 1246737, 1552.01, 18026, 613377, 49.20
IFBAGRO, BE, 14-Aug-2026, 1021.00, 1025.00, 1040.50, 975.50, 1034.90, 1029.30, 1025.43, 4317, 44.27, 203, -, -
IFBIND, EQ, 14-Aug-2026, 1386.00, 1386.60, 1401.50, 1360.00, 1380.00, 1383.60, 1382.10, 39816, 550.30, 4831, 18859, 47.37
IFCI, EQ, 14-Aug-2026, 76.66, 76.90, 77.84, 76.10, 76.69, 76.94, 76.90, 14123805, 10861.91, 38996, 3661479, 25.92
IFGLEXPOR, EQ, 14-Aug-2026, 223.13, 223.13, 230.00, 217.59, 223.53, 225.31, 226.01, 114598, 259.00, 2753, 63207, 55.16
IGARASHI, EQ, 14-Aug-2026, 450.65, 451.00, 461.50, 447.00, 458.80, 457.05, 454.81, 87794, 399.30, 3260, 37550, 42.77
IGCL, EQ, 14-Aug-2026, 71.87, 71.04, 71.83, 70.67, 70.90, 70.91, 71.03, 34480, 24.49, 404, 22494, 65.24
IGIL, EQ, 14-Aug-2026, 345.10, 345.70, 349.90, 344.40, 346.35, 345.90, 347.30, 181161, 629.17, 10117, 108506, 59.89
IGL, EQ, 14-Aug-2026, 151.77, 151.60, 153.24, 150.82, 151.80, 151.70, 152.10, 880808, 1339.70, 19352, 393930, 44.72
IGPL, EQ, 14-Aug-2026, 459.55, 460.80, 464.90, 455.05, 459.65, 458.30, 460.38, 32865, 151.30, 1601, 21113, 64.24
IIFL, EQ, 14-Aug-2026, 635.95, 635.95, 641.65, 627.05, 631.50, 631.15, 633.75, 967374, 6130.69, 17641, 509975, 52.72
IIFLCAPS, EQ, 14-Aug-2026, 334.90, 334.40, 337.00, 334.25, 335.00, 335.20, 335.39, 112191, 376.28, 5132, 72289, 64.43
IITL, EQ, 14-Aug-2026, 146.41, 146.83, 148.20, 146.02, 147.00, 147.69, 147.03, 98606, 144.98, 590, 14800, 15.01
IKIO, EQ, 14-Aug-2026, 211.13, 211.50, 211.51, 202.77, 205.18, 204.97, 206.12, 163916, 337.87, 3245, 83787, 51.12
IKS, EQ, 14-Aug-2026, 1781.50, 1787.00, 1848.10, 1781.50, 1848.00, 1840.00, 1828.69, 214154, 3916.22, 24503, 85435, 39.89
IL&FSENGG, BZ, 14-Aug-2026, 35.00, 35.50, 36.75, 35.50, 36.75, 36.73, 36.49, 13556, 4.95, 49, -, -
IL&FSTRANS, BZ, 14-Aug-2026, 2.14, 2.16, 2.24, 2.04, 2.10, 2.07, 2.09, 180557, 3.77, 78, -, -
IMAGICAA, EQ, 14-Aug-2026, 47.22, 47.02, 48.40, 46.81, 47.50, 47.66, 47.74, 570012, 272.12, 2850, 268416, 47.09
IMFA, EQ, 14-Aug-2026, 1434.10, 1450.00, 1451.00, 1401.60, 1406.00, 1404.50, 1423.30, 108093, 1538.48, 9585, 58301, 53.94
IMPAL, EQ, 14-Aug-2026, 1059.20, 1068.50, 1095.00, 1047.50, 1055.00, 1068.30, 1066.34, 2001, 21.34, 390, 1255, 62.72
IMPEXFERRO, BZ, 14-Aug-2026, 3.50, 3.57, 3.57, 3.57, 3.57, 3.57, 3.57, 15300, 0.55, 5, -, -
INA, EQ, 14-Aug-2026, 97.16, 98.75, 99.95, 96.90, 98.80, 99.02, 98.15, 613257, 601.90, 6845, 226318, 36.90
INCREDIBLE, EQ, 14-Aug-2026, 31.92, 31.28, 32.99, 31.28, 32.25, 32.23, 32.45, 2483, 0.81, 58, 1797, 72.37
INDBANK, EQ, 14-Aug-2026, 32.72, 32.72, 33.19, 32.32, 32.66, 32.49, 32.64, 14295, 4.67, 235, 10549, 73.80
INDGN, EQ, 14-Aug-2026, 569.80, 569.80, 571.85, 552.05, 559.80, 555.80, 560.63, 285759, 1602.05, 11723, 160610, 56.20
INDHOTEL, EQ, 14-Aug-2026, 721.75, 717.90, 723.65, 715.10, 720.00, 720.00, 718.33, 1365381, 9807.93, 22916, 883053, 64.67
INDIACEM, EQ, 14-Aug-2026, 382.00, 382.00, 382.45, 372.15, 373.85, 375.30, 377.00, 166712, 628.50, 11623, 92998, 55.78
INDIAGLYCO, EQ, 14-Aug-2026, 1056.30, 1060.00, 1070.90, 1045.90, 1067.00, 1061.10, 1056.76, 84957, 897.79, 6718, 47364, 55.75
INDIAMART, EQ, 14-Aug-2026, 1803.60, 1803.60, 1815.00, 1780.00, 1781.00, 1789.90, 1793.71, 81307, 1458.41, 17298, 56431, 69.40
INDIANB, EQ, 14-Aug-2026, 897.00, 890.00, 902.80, 885.30, 894.95, 894.95, 892.47, 732478, 6537.18, 19554, 259374, 35.41
INDIANCARD, EQ, 14-Aug-2026, 215.61, 215.55, 224.39, 215.55, 223.70, 223.09, 221.38, 1061, 2.35, 75, 643, 60.60
INDIANHUME, EQ, 14-Aug-2026, 367.85, 367.85, 373.00, 366.30, 367.50, 369.15, 369.88, 15220, 56.30, 991, 8394, 55.15
INDIASHLTR, EQ, 14-Aug-2026, 674.15, 677.20, 677.40, 668.55, 672.00, 670.70, 671.37, 65964, 442.86, 5619, 37755, 57.24
INDIGO, EQ, 14-Aug-2026, 5370.00, 5370.00, 5370.00, 5310.00, 5310.00, 5310.00, 5337.68, 184350, 9840.02, 20539, 88634, 48.08
INDIGOPNTS, EQ, 14-Aug-2026, 1130.40, 1211.30, 1220.90, 1135.30, 1142.80, 1148.70, 1173.40, 2405565, 28226.99, 76021, 1012492, 42.09
INDIGRID, IV, 14-Aug-2026, 177.94, 178.00, 179.70, 178.00, 178.75, 178.75, 178.82, 1240353, 2218.04, 5870, 1106164, 89.18
INDIQUBE, EQ, 14-Aug-2026, 183.34, 184.68, 184.68, 178.20, 180.00, 180.00, 180.02, 50896, 91.62, 930, 35667, 70.08
INDNIPPON, EQ, 14-Aug-2026, 1120.30, 1123.50, 1148.60, 1118.00, 1129.00, 1123.20, 1132.03, 25550, 289.23, 2114, 13458, 52.67
INDOAMIN, BE, 14-Aug-2026, 130.17, 130.00, 132.69, 127.00, 130.80, 130.00, 129.45, 43662, 56.52, 408, -, -
INDOBORAX, EQ, 14-Aug-2026, 438.30, 437.95, 441.30, 418.20, 423.00, 425.35, 424.82, 130210, 553.16, 4329, 42096, 32.33
INDOCO, EQ, 14-Aug-2026, 222.20, 222.10, 225.59, 218.00, 221.99, 219.51, 221.22, 52231, 115.55, 1605, 22055, 42.23
INDOFARM, EQ, 14-Aug-2026, 146.87, 147.00, 149.85, 145.00, 147.00, 145.78, 147.02, 120815, 177.62, 2198, 49976, 41.37
INDOMIM, EQ, 14-Aug-2026, 831.40, 835.00, 852.35, 815.30, 848.00, 849.35, 834.74, 1678600, 14011.91, 47858, 583698, 34.77
INDORAMA, EQ, 14-Aug-2026, 57.07, 57.07, 57.99, 55.52, 55.52, 56.09, 56.51, 120847, 68.29, 1330, 60394, 49.98
INDOSTAR, EQ, 14-Aug-2026, 248.80, 248.00, 248.00, 237.20, 241.00, 239.25, 241.44, 299209, 722.40, 3824, 188245, 62.91
INDOTECH, EQ, 14-Aug-2026, 3445.20, 3412.00, 3599.00, 3412.00, 3536.10, 3558.10, 3555.87, 23020, 818.56, 2731, 12633, 54.88
INDOTHAI, EQ, 14-Aug-2026, 81.13, 77.08, 77.08, 77.08, 77.08, 77.08, 77.08, 54315, 41.87, 451, 54315, 100.00
INDOUS, EQ, 14-Aug-2026, 77.54, 79.74, 82.82, 76.75, 82.82, 81.01, 78.77, 8003, 6.30, 292, 4720, 58.98
INDOWIND, EQ, 14-Aug-2026, 9.01, 8.90, 9.08, 8.61, 8.82, 8.81, 8.83, 144909, 12.80, 776, 103970, 71.75
INDPRUD, EQ, 14-Aug-2026, 6286.50, 6287.00, 6329.00, 6280.00, 6280.00, 6280.00, 6293.62, 90, 5.66, 25, 83, 92.22
INDRAMEDCO, EQ, 14-Aug-2026, 371.90, 371.50, 376.00, 371.00, 373.00, 373.40, 373.72, 153246, 572.71, 4960, 89676, 58.52
INDSWFTLAB, EQ, 14-Aug-2026, 296.63, 296.63, 305.90, 293.55, 304.00, 304.18, 300.54, 618959, 1860.25, 10712, 208032, 33.61
INDTERRAIN, EQ, 14-Aug-2026, 32.08, 31.80, 32.47, 31.05, 31.05, 31.10, 31.17, 12338, 3.85, 146, 10440, 84.62
INDUSINDBK, EQ, 14-Aug-2026, 1024.70, 1022.50, 1026.60, 1014.20, 1020.80, 1020.80, 1018.74, 1034094, 10534.72, 40662, 546724, 52.87
INDUSINVIT, IV, 14-Aug-2026, 132.72, 133.70, 135.47, 132.70, 132.99, 133.20, 133.71, 411927, 550.79, 3057, 377532, 91.65
INDUSTOWER, EQ, 14-Aug-2026, 383.20, 383.15, 388.55, 379.45, 384.35, 384.35, 385.47, 5956784, 22961.61, 43156, 3276431, 55.00
INFINIUM, SM, 14-Aug-2026, 233.75, 245.50, 245.50, 235.75, 239.75, 239.75, 239.21, 3500, 8.37, 6, 2500, 71.43
INFLUX, SM, 14-Aug-2026, 295.60, 304.00, 304.00, 286.30, 286.30, 286.35, 291.41, 15600, 45.46, 21, 11400, 73.08
INFOBEAN, EQ, 14-Aug-2026, 163.39, 162.37, 163.50, 161.11, 162.42, 162.40, 162.10, 77595, 125.78, 2052, 36160, 46.60
INFOLLION, SM, 14-Aug-2026, 153.45, 151.00, 160.00, 151.00, 160.00, 159.95, 157.82, 5600, 8.84, 14, 4400, 78.57
INFOMEDIA, EQ, 14-Aug-2026, 5.37, 5.49, 5.49, 5.07, 5.15, 5.16, 5.18, 4021, 0.21, 59, 2687, 66.82
INFRA, EQ, 14-Aug-2026, 12.23, 12.23, 12.30, 12.22, 12.27, 12.27, 12.27, 34515, 4.23, 141, 25411, 73.62
INFRABEES, EQ, 14-Aug-2026, 968.22, 968.22, 979.00, 967.88, 979.00, 976.93, 975.09, 9130, 89.03, 542, 5436, 59.54
INFRAIETF, EQ, 14-Aug-2026, 96.77, 96.77, 97.48, 96.40, 97.48, 97.23, 97.12, 208992, 202.98, 3453, 179138, 85.72
INFY, EQ, 14-Aug-2026, 1175.00, 1170.40, 1174.10, 1158.90, 1169.20, 1169.20, 1166.93, 5844763, 68204.54, 136821, 3493653, 59.77
INGERRAND, EQ, 14-Aug-2026, 4606.40, 4599.00, 4768.70, 4552.60, 4600.00, 4608.70, 4667.06, 127789, 5963.98, 15084, 56401, 44.14
INM, SM, 14-Aug-2026, 169.00, 160.00, 165.00, 160.00, 164.00, 164.05, 163.38, 3600, 5.88, 6, 2400, 66.67
INNOMET, ST, 14-Aug-2026, 206.10, 210.20, 210.20, 210.20, 210.20, 210.20, 210.20, 48600, 102.16, 61, 48600, 100.00
INNOVACAP, EQ, 14-Aug-2026, 1047.50, 1050.00, 1052.20, 1026.15, 1036.05, 1036.00, 1037.04, 54909, 569.43, 5951, 24882, 45.31
INNOVANA, EQ, 14-Aug-2026, 329.20, 340.00, 350.00, 315.65, 318.00, 319.40, 326.32, 4667, 15.23, 312, 2562, 54.90
INNOVISION, EQ, 14-Aug-2026, 284.00, 284.40, 284.45, 281.70, 282.00, 281.95, 283.09, 35367, 100.12, 618, 25818, 73.00
INOXGREEN, EQ, 14-Aug-2026, 186.96, 187.10, 188.50, 180.00, 186.50, 187.07, 184.24, 1104816, 2035.47, 8758, 621257, 56.23
INOXINDIA, EQ, 14-Aug-2026, 1941.90, 1932.10, 1974.60, 1911.20, 1943.40, 1943.00, 1933.98, 130161, 2517.29, 12522, 66891, 51.39
INOXWIND, EQ, 14-Aug-2026, 74.10, 73.99, 75.20, 73.20, 73.67, 73.67, 73.74, 6072136, 4477.56, 28667, 2212207, 36.43
INSECTICID, EQ, 14-Aug-2026, 627.80, 655.00, 655.00, 628.60, 630.00, 631.15, 636.93, 10436, 66.47, 770, 3207, 30.73
INSPIRE, SM, 14-Aug-2026, 9.50, 9.05, 9.05, 9.05, 9.05, 9.05, 9.05, 6000, 0.54, 3, 4000, 66.67
INSPIRISYS, BE, 14-Aug-2026, 92.07, 87.47, 87.47, 87.47, 87.47, 87.47, 87.47, 4707, 4.12, 67, -, -
INSUREIETF, EQ, 14-Aug-2026, 15.42, 15.42, 15.51, 15.35, 15.51, 15.47, 15.44, 55403, 8.55, 87, 45842, 82.74
INTEGRITY, ST, 14-Aug-2026, 156.80, 160.00, 160.00, 160.00, 160.00, 160.00, 160.00, 1200, 1.92, 1, 1200, 100.00
INTELLECT, EQ, 14-Aug-2026, 701.05, 701.05, 703.70, 695.10, 698.00, 700.60, 699.73, 165377, 1157.20, 8656, 103259, 62.44
INTENTECH, EQ, 14-Aug-2026, 80.87, 81.08, 82.45, 80.04, 80.04, 80.34, 80.75, 11416, 9.22, 373, 6805, 59.61
INTERARCH, EQ, 14-Aug-2026, 1728.70, 1728.70, 1745.20, 1709.00, 1725.00, 1736.20, 1729.53, 28053, 485.18, 2815, 14602, 52.05
INTERNET, EQ, 14-Aug-2026, 14.38, 14.67, 14.67, 14.26, 14.26, 14.27, 14.36, 189539, 27.22, 245, 145250, 76.63
INTLCONV, EQ, 14-Aug-2026, 73.06, 73.25, 79.00, 72.20, 79.00, 75.72, 74.88, 214201, 160.39, 2669, 108198, 50.51
INVENTURE, EQ, 14-Aug-2026, 0.91, 0.90, 0.93, 0.90, 0.92, 0.92, 0.92, 1304031, 11.97, 336, 1097723, 84.18
INVPRECQ, BE, 14-Aug-2026, 1192.00, 1145.00, 1251.00, 1145.00, 1210.00, 1217.30, 1222.11, 11724, 143.28, 326, -, -
IOB, EQ, 14-Aug-2026, 33.73, 33.73, 33.73, 33.51, 33.57, 33.59, 33.60, 1958494, 658.02, 8624, 1073157, 54.80
IOC, EQ, 14-Aug-2026, 141.50, 140.85, 140.85, 138.82, 139.40, 139.40, 139.50, 9237608, 12886.47, 109117, 5997308, 64.92
IOLCP, EQ, 14-Aug-2026, 166.02, 165.70, 169.50, 158.76, 166.50, 165.58, 165.40, 2595681, 4293.25, 21504, 909429, 35.04
IONEXCHANG, EQ, 14-Aug-2026, 377.50, 377.50, 381.40, 372.10, 373.60, 372.95, 375.27, 128670, 482.86, 7726, 61509, 47.80
IPCALAB, EQ, 14-Aug-2026, 1796.30, 1800.80, 1805.00, 1720.00, 1733.00, 1734.20, 1744.18, 390591, 6812.62, 27327, 183144, 46.89
IPHL, SM, 14-Aug-2026, 66.00, 66.00, 67.80, 63.85, 65.10, 65.10, 65.66, 13200, 8.67, 11, 6000, 45.45
IPL, EQ, 14-Aug-2026, 141.92, 141.30, 142.32, 140.00, 140.00, 140.52, 141.15, 91542, 129.21, 1658, 51136, 55.86
IRB, EQ, 14-Aug-2026, 19.21, 19.20, 19.35, 19.06, 19.27, 19.26, 19.18, 5641520, 1082.24, 15028, 2624838, 46.53
IRBINVIT, IV, 14-Aug-2026, 63.77, 63.77, 64.66, 63.77, 64.58, 64.42, 64.16, 676861, 434.24, 3834, 606560, 89.61
IRCON, EQ, 14-Aug-2026, 125.90, 125.70, 126.25, 124.50, 125.00, 124.79, 125.22, 761739, 953.86, 11706, 372895, 48.95
IRCTC, EQ, 14-Aug-2026, 504.45, 504.45, 507.25, 495.30, 497.10, 497.50, 498.38, 920342, 4586.85, 37768, 498506, 54.17
IREDA, EQ, 14-Aug-2026, 117.40, 117.01, 117.70, 116.15, 116.25, 116.25, 116.53, 3365825, 3922.29, 25284, 1126932, 33.48
IRFC, EQ, 14-Aug-2026, 88.35, 88.20, 88.50, 87.50, 87.57, 87.57, 87.80, 3841249, 3372.50, 26644, 1994575, 51.93
IRIS, EQ, 14-Aug-2026, 240.72, 241.00, 246.77, 237.01, 238.51, 238.99, 240.23, 9952, 23.91, 275, 6254, 62.84
IRISDOREME, EQ, 14-Aug-2026, 57.51, 57.90, 58.65, 57.36, 58.00, 57.93, 58.04, 760524, 441.43, 2175, 193208, 25.40
IRMENERGY, EQ, 14-Aug-2026, 297.05, 294.00, 305.00, 292.05, 294.00, 294.15, 297.06, 104580, 310.66, 4075, 35650, 34.09
ISFT, EQ, 14-Aug-2026, 76.71, 77.89, 84.50, 77.89, 82.14, 82.33, 82.98, 129557, 107.51, 891, 41124, 31.74
ISGEC, EQ, 14-Aug-2026, 744.65, 744.70, 753.45, 730.00, 731.00, 732.15, 740.73, 128277, 950.18, 7928, 82764, 64.52
ISHAN, SM, 14-Aug-2026, 0.45, 0.45, 0.45, 0.45, 0.45, 0.45, 0.45, 48000, 0.22, 1, 48000, 100.00
ISHANCH, EQ, 14-Aug-2026, 50.16, 50.80, 50.99, 47.25, 48.00, 48.17, 49.51, 25135, 12.44, 560, 16920, 67.32
IT, EQ, 14-Aug-2026, 34.74, 33.87, 35.05, 33.87, 34.79, 34.75, 34.76, 277897, 96.59, 699, 133837, 48.16
ITADD, EQ, 14-Aug-2026, 33.23, 33.40, 33.40, 32.97, 33.11, 33.30, 33.22, 16250, 5.40, 74, 11948, 73.53
ITALIANE, SM, 14-Aug-2026, 30.65, 30.45, 30.50, 30.45, 30.50, 30.50, 30.48, 4000, 1.22, 2, 4000, 100.00
ITAXIS, EQ, 14-Aug-2026, 344.51, 337.62, 349.48, 337.62, 347.18, 346.00, 345.41, 1773, 6.12, 70, 248, 13.99
ITBEES, EQ, 14-Aug-2026, 34.77, 35.35, 35.35, 34.50, 34.83, 34.81, 34.76, 5521357, 1919.16, 11974, 2463510, 44.62
ITBETA, EQ, 14-Aug-2026, 330.98, 330.17, 330.84, 327.45, 328.81, 328.81, 329.64, 3693, 12.17, 21, 3369, 91.23
ITC, EQ, 14-Aug-2026, 278.50, 278.35, 278.35, 275.95, 278.20, 278.20, 277.14, 7338537, 20338.26, 150815, 4115522, 56.08
ITCHOTELS, EQ, 14-Aug-2026, 166.99, 167.00, 167.87, 163.94, 165.00, 164.93, 165.37, 1325268, 2191.53, 18360, 793824, 59.90
ITDC, EQ, 14-Aug-2026, 699.85, 700.00, 710.00, 692.10, 700.00, 696.75, 699.79, 166881, 1167.82, 10413, 35840, 21.48
ITETF, EQ, 14-Aug-2026, 33.42, 33.40, 33.41, 32.95, 33.22, 33.20, 33.19, 179371, 59.54, 668, 107373, 59.86
ITI, EQ, 14-Aug-2026, 281.40, 280.00, 284.95, 274.00, 276.85, 276.75, 277.19, 281046, 779.03, 8686, 104331, 37.12
ITIETF, EQ, 14-Aug-2026, 34.78, 34.80, 35.03, 34.53, 34.84, 34.84, 34.80, 255577, 88.94, 1074, 173381, 67.84
IVALUE, EQ, 14-Aug-2026, 281.50, 279.35, 283.00, 275.35, 275.35, 278.80, 279.77, 76515, 214.06, 1971, 48937, 63.96
IVC, EQ, 14-Aug-2026, 8.53, 8.35, 8.53, 7.99, 8.30, 8.27, 8.22, 312089, 25.64, 923, 216993, 69.53
IVP, BE, 14-Aug-2026, 178.64, 178.00, 178.00, 174.01, 176.00, 174.84, 175.49, 21354, 37.47, 105, -, -
IVZINGOLD, EQ, 14-Aug-2026, 132.05, 131.55, 131.60, 129.95, 131.60, 131.40, 130.79, 13205, 17.27, 224, 8727, 66.09
IVZINNIFTY, EQ, 14-Aug-2026, 279.80, 279.18, 280.26, 279.00, 279.72, 279.72, 279.26, 1080, 3.02, 35, 1067, 98.80
IWARE, ST, 14-Aug-2026, 454.00, 437.15, 444.95, 431.30, 433.00, 433.00, 433.78, 21000, 91.09, 35, 18000, 85.71
IWP, EQ, 14-Aug-2026, 33.80, 34.90, 37.00, 33.90, 34.50, 34.96, 35.16, 14259, 5.01, 132, 9976, 69.96
IXIGO, EQ, 14-Aug-2026, 171.35, 172.00, 175.45, 171.60, 174.17, 174.03, 173.61, 603188, 1047.19, 12084, 228707, 37.92
IZMO, EQ, 14-Aug-2026, 949.75, 946.60, 949.00, 928.10, 937.85, 939.45, 937.73, 55853, 523.75, 4757, 24989, 44.74
J&KBANK, EQ, 14-Aug-2026, 157.78, 157.00, 157.46, 154.28, 155.10, 155.48, 156.42, 1261873, 1973.80, 16849, 574328, 45.51
JAGRAN, EQ, 14-Aug-2026, 62.92, 63.37, 63.41, 62.30, 62.68, 62.46, 62.70, 182925, 114.69, 25203, 132243, 72.29
JAGSNPHARM, EQ, 14-Aug-2026, 230.02, 231.70, 231.95, 225.55, 225.90, 226.55, 227.43, 35685, 81.16, 1489, 15569, 43.63
JAIBALAJI, EQ, 14-Aug-2026, 68.87, 68.87, 71.75, 68.10, 69.70, 70.60, 70.22, 994397, 698.23, 3691, 542771, 54.58
JAICORPLTD, EQ, 14-Aug-2026, 104.76, 103.00, 104.62, 100.21, 100.80, 100.63, 101.54, 555471, 564.02, 6702, 306577, 55.19
JAINAM, SM, 14-Aug-2026, 235.00, 235.00, 235.00, 235.00, 235.00, 235.00, 235.00, 5000, 11.75, 5, 5000, 100.00
JAINIK, SM, 14-Aug-2026, 199.15, 199.15, 207.30, 199.15, 207.00, 207.00, 206.10, 12000, 24.73, 10, 8400, 70.00
JAINREC, EQ, 14-Aug-2026, 301.45, 302.00, 307.00, 291.55, 292.00, 293.40, 296.87, 1340227, 3978.76, 22439, 601209, 44.86
JAIPURKURT, EQ, 14-Aug-2026, 27.07, 27.99, 27.99, 27.00, 27.50, 27.49, 27.51, 7843, 2.16, 55, 7690, 98.05
JALAN, ST, 14-Aug-2026, 1.65, 1.65, 1.65, 1.65, 1.65, 1.65, 1.65, 3000, 0.05, 1, 3000, 100.00
JAMNAAUTO, EQ, 14-Aug-2026, 126.68, 127.59, 127.90, 122.70, 123.27, 123.12, 124.36, 1610868, 2003.28, 15858, 877025, 54.44
JARO, EQ, 14-Aug-2026, 463.95, 460.10, 469.00, 451.00, 452.15, 453.45, 456.44, 80971, 369.59, 2279, 42611, 52.63
JASH, EQ, 14-Aug-2026, 483.60, 486.00, 492.00, 482.55, 491.05, 490.05, 487.73, 57648, 281.17, 4017, 33460, 58.04
JAYAGROGN, EQ, 14-Aug-2026, 226.37, 226.37, 228.63, 221.00, 222.10, 222.54, 224.70, 4220, 9.48, 239, 2367, 56.09
JAYBARMARU, EQ, 14-Aug-2026, 133.53, 133.23, 133.53, 126.90, 127.94, 127.86, 129.45, 344081, 445.41, 4267, 206348, 59.97
JAYBEE, SM, 14-Aug-2026, 86.20, 86.20, 86.95, 84.95, 86.50, 86.50, 85.57, 11500, 9.84, 19, 9500, 82.61
JAYESH, SM, 14-Aug-2026, 135.00, 135.50, 144.90, 135.50, 144.90, 144.90, 140.20, 2000, 2.80, 2, 1000, 50.00
JAYKAY, EQ, 14-Aug-2026, 149.10, 150.19, 160.24, 149.00, 157.00, 155.87, 154.81, 508230, 786.81, 6731, 229257, 45.11
JAYNECOIND, EQ, 14-Aug-2026, 90.76, 90.84, 90.95, 88.21, 88.98, 88.93, 89.73, 1515113, 1359.53, 12625, 690096, 45.55
JAYSREETEA, EQ, 14-Aug-2026, 90.08, 89.50, 92.79, 88.11, 92.30, 92.04, 91.48, 93449, 85.48, 1446, 66227, 70.87
JBMA, EQ, 14-Aug-2026, 632.90, 630.60, 632.90, 621.05, 623.00, 622.95, 626.59, 141101, 884.13, 9050, 67122, 47.57
JETFREIGHT, EQ, 14-Aug-2026, 22.29, 23.00, 23.42, 22.11, 22.33, 22.23, 22.55, 152779, 34.46, 737, 97715, 63.96
JEYYAM, ST, 14-Aug-2026, 24.85, 24.05, 24.40, 23.65, 24.30, 23.95, 23.99, 740000, 177.53, 27, 732000, 98.92
JFLLIFE, SM, 14-Aug-2026, 12.95, 13.20, 13.20, 13.20, 13.20, 13.20, 13.20, 12000, 1.58, 2, 6000, 50.00
JGCHEM, EQ, 14-Aug-2026, 613.00, 619.10, 631.30, 601.10, 602.00, 606.15, 614.90, 310507, 1909.31, 10351, 102279, 32.94
JHS, EQ, 14-Aug-2026, 8.61, 8.40, 9.10, 8.40, 8.98, 8.95, 8.93, 71047, 6.35, 332, 40917, 57.59
JINDALPHOT, EQ, 14-Aug-2026, 1074.20, 1074.20, 1077.10, 1053.00, 1060.20, 1057.70, 1063.92, 1733, 18.44, 346, 1097, 63.30
JINDALPOLY, EQ, 14-Aug-2026, 651.50, 651.50, 652.90, 630.15, 637.80, 636.30, 643.03, 19186, 123.37, 955, 10116, 52.73
JINDALSAW, EQ, 14-Aug-2026, 264.40, 265.70, 268.40, 263.15, 267.25, 267.10, 266.86, 422666, 1127.92, 13317, 196890, 46.58
JINDALSTEL, EQ, 14-Aug-2026, 1099.90, 1098.90, 1105.60, 1086.00, 1091.50, 1091.50, 1094.49, 493678, 5403.26, 19659, 207691, 42.07
JINDRILL, EQ, 14-Aug-2026, 596.40, 597.05, 601.90, 585.10, 586.00, 588.00, 591.59, 86607, 512.36, 4347, 48823, 56.37
JINDWORLD, EQ, 14-Aug-2026, 35.78, 35.75, 35.89, 35.00, 35.29, 35.26, 35.48, 2581458, 915.98, 7488, 650503, 25.20
JIOFIN, EQ, 14-Aug-2026, 255.60, 255.60, 255.60, 249.05, 249.05, 249.05, 251.30, 16541508, 41568.76, 90249, 8491720, 51.34
JISLDVREQS, EQ, 14-Aug-2026, 20.95, 20.96, 21.80, 20.75, 20.83, 21.02, 21.10, 10285, 2.17, 143, 5587, 54.32
JISLJALEQS, EQ, 14-Aug-2026, 27.08, 27.00, 27.13, 26.40, 26.55, 26.49, 26.65, 1814788, 483.66, 5247, 1108551, 61.08
JITFINFRA, EQ, 14-Aug-2026, 332.90, 329.00, 337.80, 311.05, 315.90, 314.40, 318.78, 80091, 255.32, 3077, 40476, 50.54
JIWANRAM, SM, 14-Aug-2026, 5.00, 5.00, 5.00, 4.75, 4.90, 4.80, 4.88, 18000, 0.88, 3, 6000, 33.33
JKCEMENT, EQ, 14-Aug-2026, 5348.50, 5349.00, 5393.50, 5275.50, 5286.00, 5306.50, 5302.87, 13544, 718.22, 3886, 6761, 49.92
JKIL, EQ, 14-Aug-2026, 498.30, 499.00, 503.00, 496.00, 496.50, 497.65, 498.00, 40349, 200.94, 1361, 29830, 73.93
JKIPL, EQ, 14-Aug-2026, 99.46, 100.90, 102.99, 97.11, 102.90, 100.75, 99.63, 8000, 7.97, 277, 6763, 84.54
JKLAKSHMI, EQ, 14-Aug-2026, 549.20, 549.20, 554.75, 544.95, 550.00, 549.05, 548.62, 73119, 401.15, 4832, 45300, 61.95
JKPAPER, EQ, 14-Aug-2026, 393.55, 395.30, 395.55, 377.50, 378.60, 379.90, 382.02, 343464, 1312.11, 11271, 178678, 52.02
JKTYRE, EQ, 14-Aug-2026, 383.50, 384.00, 385.80, 382.10, 384.00, 384.10, 383.83, 974368, 3739.89, 13222, 701883, 72.03
JLHL, EQ, 14-Aug-2026, 316.00, 315.00, 318.90, 313.15, 318.00, 315.75, 316.50, 61691, 195.25, 4635, 30697, 49.76
JMA, EQ, 14-Aug-2026, 89.60, 91.00, 91.00, 87.01, 87.70, 87.84, 88.74, 11199, 9.94, 246, 7876, 70.33
JMFINANCIL, EQ, 14-Aug-2026, 129.37, 129.00, 129.80, 126.00, 126.50, 126.43, 127.09, 1183496, 1504.07, 11151, 607609, 51.34
JNKINDIA, EQ, 14-Aug-2026, 413.15, 429.85, 459.95, 425.00, 458.55, 456.25, 448.43, 1481681, 6644.30, 32245, 414493, 27.97
JNPR, EQ, 14-Aug-2026, 249.89, 252.90, 258.80, 247.81, 249.00, 251.36, 253.16, 2046891, 5181.84, 26902, 776732, 37.95
JOCIL, BE, 14-Aug-2026, 149.59, 153.99, 153.99, 145.40, 146.10, 146.28, 147.39, 1189, 1.75, 22, -, -
JPOLYINVST, EQ, 14-Aug-2026, 1063.10, 1053.90, 1076.00, 985.00, 1007.00, 1011.10, 1030.83, 74132, 764.17, 3045, 55480, 74.84
JPPOWER, EQ, 14-Aug-2026, 17.54, 17.55, 17.90, 17.30, 17.39, 17.39, 17.52, 40020775, 7010.73, 94428, 14433040, 36.06
JSFB, EQ, 14-Aug-2026, 571.15, 571.95, 580.00, 566.20, 575.00, 577.75, 575.46, 454213, 2613.82, 12836, 259562, 57.15
JSL, EQ, 14-Aug-2026, 735.40, 736.10, 741.35, 733.65, 739.45, 737.85, 738.73, 273090, 2017.38, 18928, 192650, 70.54
JSLL, EQ, 14-Aug-2026, 529.35, 529.40, 536.25, 515.50, 518.00, 521.35, 526.26, 359295, 1890.83, 15353, 161359, 44.91
JSWCEMENT, EQ, 14-Aug-2026, 131.08, 131.00, 131.36, 128.20, 130.12, 130.02, 129.77, 1890822, 2453.74, 24718, 925564, 48.95
JSWDULUX, EQ, 14-Aug-2026, 3123.50, 3141.00, 3179.20, 3116.10, 3165.00, 3167.40, 3163.75, 11795, 373.16, 2944, 6392, 54.19
JSWENERGY, EQ, 14-Aug-2026, 558.60, 557.20, 561.75, 554.95, 560.00, 560.00, 558.32, 1214322, 6779.83, 25400, 591219, 48.69
JSWHL, EQ, 14-Aug-2026, 11670.00, 11727.00, 12017.00, 11567.00, 11974.00, 11874.00, 11796.17, 5712, 673.80, 2052, 2750, 48.14
JSWINFRA, EQ, 14-Aug-2026, 341.35, 341.30, 341.35, 336.05, 339.50, 339.15, 338.28, 2085129, 7053.49, 31304, 1315138, 63.07
JSWSTEEL, EQ, 14-Aug-2026, 1275.00, 1267.30, 1276.70, 1260.30, 1270.00, 1270.00, 1268.86, 975420, 12376.67, 34890, 547590, 56.14
JTEKTINDIA, EQ, 14-Aug-2026, 133.32, 132.66, 133.00, 128.52, 131.01, 131.71, 131.13, 292301, 383.28, 4137, 142724, 48.83
JTLIND, EQ, 14-Aug-2026, 76.64, 76.64, 76.66, 74.90, 75.15, 75.24, 75.52, 2012124, 1519.60, 9886, 985535, 48.98
JUBLCPL, EQ, 14-Aug-2026, 2322.60, 2420.00, 2479.00, 2280.20, 2351.00, 2407.50, 2368.28, 170516, 4038.30, 14931, 32965, 19.33
JUBLFOOD, EQ, 14-Aug-2026, 491.55, 495.35, 521.00, 495.00, 504.10, 504.10, 509.82, 12894239, 65737.60, 173688, 2932409, 22.74
JUBLINGREA, EQ, 14-Aug-2026, 736.30, 739.80, 740.00, 729.45, 737.00, 736.95, 736.05, 161001, 1185.06, 8120, 102549, 63.69
JUBLPHARMA, EQ, 14-Aug-2026, 890.50, 891.00, 894.95, 860.00, 862.00, 865.80, 876.02, 221700, 1942.15, 19654, 127681, 57.59
JUNIORBEES, EQ, 14-Aug-2026, 807.69, 815.10, 815.10, 794.00, 808.00, 807.81, 808.19, 586595, 4740.81, 7086, 514280, 87.67
JUNIPER, EQ, 14-Aug-2026, 193.82, 193.81, 195.88, 192.40, 192.51, 192.98, 193.44, 140098, 271.01, 3202, 81586, 58.23
JUSTDIAL, EQ, 14-Aug-2026, 677.85, 677.85, 688.30, 676.10, 678.00, 681.00, 682.79, 96374, 658.03, 3746, 35280, 36.61
JWL, EQ, 14-Aug-2026, 257.60, 258.80, 260.95, 254.50, 257.00, 256.50, 256.66, 502956, 1290.91, 11949, 199545, 39.67
JYOTHYLAB, EQ, 14-Aug-2026, 199.98, 200.51, 200.62, 196.66, 200.00, 199.36, 198.71, 301848, 599.79, 9049, 148980, 49.36
JYOTICNC, EQ, 14-Aug-2026, 832.55, 838.70, 841.00, 822.40, 829.40, 826.90, 829.11, 681580, 5651.03, 20093, 446167, 65.46
JYOTISTRUC, EQ, 14-Aug-2026, 11.02, 11.05, 11.13, 10.41, 10.70, 10.62, 10.71, 7186157, 769.90, 6925, 4092800, 56.95
K2INFRA, ST, 14-Aug-2026, 51.00, 50.75, 51.50, 50.00, 50.50, 50.50, 50.84, 5400, 2.75, 9, 5400, 100.00
KABRAEXTRU, EQ, 14-Aug-2026, 484.30, 486.20, 521.40, 486.20, 513.00, 517.40, 512.27, 485584, 2487.52, 16014, 205743, 42.37
KAJARIACER, EQ, 14-Aug-2026, 1260.90, 1267.00, 1275.00, 1235.50, 1259.00, 1253.40, 1257.75, 321026, 4037.72, 24013, 195485, 60.89
KAKATCEM, EQ, 14-Aug-2026, 103.77, 107.28, 107.98, 105.71, 107.97, 107.58, 106.83, 1131, 1.21, 70, 1020, 90.19
KALAMANDIR, EQ, 14-Aug-2026, 85.83, 86.09, 87.80, 86.00, 87.17, 87.04, 86.97, 350643, 304.95, 2737, 189013, 53.90
KALANA, SM, 14-Aug-2026, 19.10, 19.05, 19.05, 19.05, 19.05, 19.05, 19.05, 4000, 0.76, 2, 2000, 50.00
KALPATARU, EQ, 14-Aug-2026, 287.90, 287.90, 292.25, 284.05, 288.00, 286.25, 288.14, 47881, 137.97, 1373, 10792, 22.54
KALYANIFRG, EQ, 14-Aug-2026, 667.25, 668.30, 668.30, 629.65, 635.40, 643.50, 642.55, 6113, 39.28, 576, 3290, 53.82
KALYANKJIL, EQ, 14-Aug-2026, 613.40, 614.45, 619.70, 605.00, 608.25, 608.25, 612.28, 7183291, 43981.71, 62827, 1382047, 19.24
KAMAHOLD, EQ, 14-Aug-2026, 2474.20, 2475.00, 2783.90, 2435.40, 2448.20, 2449.50, 2543.53, 58635, 1491.40, 5877, 22565, 38.48
KAMATHOTEL, EQ, 14-Aug-2026, 187.54, 188.80, 197.00, 188.00, 196.99, 195.87, 193.71, 217673, 421.66, 3629, 121721, 55.92
KAMDHENU, BE, 14-Aug-2026, 33.44, 34.19, 35.11, 31.77, 34.30, 34.75, 33.24, 1026983, 341.42, 929, -, -
KAMOPAINTS, EQ, 14-Aug-2026, 4.54, 4.50, 5.31, 4.24, 4.46, 4.54, 4.40, 920413, 40.50, 2239, 716916, 77.89
KANANIIND, EQ, 14-Aug-2026, 1.52, 1.60, 1.60, 1.44, 1.47, 1.49, 1.51, 221832, 3.34, 432, 192214, 86.65
KANCHI, EQ, 14-Aug-2026, 377.90, 377.90, 381.00, 365.00, 375.00, 370.60, 373.95, 1663, 6.22, 82, 1453, 87.37
KANDARP, SM, 14-Aug-2026, 105.80, 107.00, 107.00, 102.25, 104.95, 104.95, 103.62, 6000, 6.22, 6, 5000, 83.33
KANORICHEM, BE, 14-Aug-2026, 155.65, 154.88, 158.60, 150.00, 153.95, 152.29, 153.64, 24723, 37.98, 192, -, -
KANPRPLA, EQ, 14-Aug-2026, 260.38, 261.68, 264.01, 250.00, 250.00, 251.18, 255.02, 88216, 224.97, 2422, 39100, 44.32
KANSAINER, EQ, 14-Aug-2026, 209.12, 209.80, 210.01, 204.10, 205.40, 204.75, 206.70, 110705, 228.83, 3809, 60544, 54.69
KAPSTON, EQ, 14-Aug-2026, 585.10, 593.00, 593.00, 585.00, 590.50, 588.40, 589.73, 56502, 333.21, 2198, 37223, 65.88
KARMAENG, EQ, 14-Aug-2026, 41.22, 41.90, 42.60, 39.51, 40.45, 39.71, 40.79, 3116, 1.27, 99, 1975, 63.38
KARNIKA, SM, 14-Aug-2026, 118.30, 115.75, 118.95, 115.00, 118.95, 118.95, 116.26, 21000, 24.42, 18, 18000, 85.71
KARURVYSYA, EQ, 14-Aug-2026, 335.95, 335.50, 336.20, 331.10, 331.25, 331.75, 333.08, 687275, 2289.17, 23385, 446997, 65.04
KATARIA, SM, 14-Aug-2026, 96.30, 97.00, 97.00, 97.00, 97.00, 97.00, 97.00, 600, 0.58, 1, 600, 100.00
KAUSHALYA, BE, 14-Aug-2026, 928.00, 901.00, 939.90, 901.00, 907.20, 907.20, 908.08, 423, 3.84, 26, -, -
KAVDEFENCE, EQ, 14-Aug-2026, 57.29, 58.40, 58.50, 56.15, 57.39, 56.96, 57.36, 75502, 43.31, 1072, 54549, 72.25
KAYA, EQ, 14-Aug-2026, 292.80, 288.00, 305.00, 287.45, 305.00, 296.85, 294.38, 12712, 37.42, 547, 7443, 58.55
KAYNES, EQ, 14-Aug-2026, 3760.50, 3756.60, 3788.90, 3650.00, 3660.20, 3660.20, 3698.06, 683138, 25262.88, 45591, 210897, 30.87
KAYTEX, SM, 14-Aug-2026, 60.30, 57.95, 59.95, 56.35, 59.30, 58.25, 57.48, 8800, 5.06, 11, 6400, 72.73
KCEIL, SM, 14-Aug-2026, 81.25, 81.40, 81.60, 78.55, 81.00, 81.15, 80.59, 7000, 5.64, 14, 4500, 64.29
KCK, ST, 14-Aug-2026, 15.60, 15.50, 15.50, 14.95, 15.10, 15.05, 15.16, 37500, 5.69, 12, 27500, 73.33
KCP, EQ, 14-Aug-2026, 154.78, 154.78, 161.49, 150.99, 154.50, 156.22, 156.26, 365598, 571.27, 6504, 138703, 37.94
KCPSUGIND, BE, 14-Aug-2026, 30.27, 30.27, 31.41, 29.12, 29.96, 30.49, 30.21, 227110, 68.62, 560, -, -
KDDL, EQ, 14-Aug-2026, 3945.90, 3928.10, 3949.90, 3870.20, 3936.90, 3930.20, 3913.07, 20113, 787.04, 3846, 9803, 48.74
KDL, SM, 14-Aug-2026, 87.60, 88.00, 96.35, 88.00, 96.35, 96.35, 94.48, 42150, 39.82, 165, 36000, 85.41
KEC, EQ, 14-Aug-2026, 444.65, 445.10, 446.25, 438.00, 440.00, 439.90, 439.82, 610849, 2686.65, 27379, 325091, 53.22
KECL, EQ, 14-Aug-2026, 142.80, 145.79, 148.00, 141.00, 144.00, 143.56, 143.89, 373366, 537.25, 6175, 190026, 50.90
KEEPLEARN, EQ, 14-Aug-2026, 1.84, 2.04, 2.04, 1.79, 1.84, 1.83, 1.87, 32707, 0.61, 86, 27701, 84.69
KEI, EQ, 14-Aug-2026, 5789.00, 5770.00, 5795.00, 5672.20, 5700.00, 5700.00, 5708.50, 189387, 10811.16, 24943, 82529, 43.58
KELLTONTEC, EQ, 14-Aug-2026, 13.78, 13.76, 13.92, 13.64, 13.78, 13.71, 13.76, 983381, 135.32, 2519, 551194, 56.05
KEN, SM, 14-Aug-2026, 40.10, 40.10, 44.95, 40.10, 43.50, 43.00, 43.67, 168000, 73.37, 67, 122400, 72.86
KENNAMET, EQ, 14-Aug-2026, 3674.10, 3775.00, 3775.00, 3492.50, 3527.00, 3513.30, 3639.26, 164275, 5978.39, 18232, 78207, 47.61
KERNEX, EQ, 14-Aug-2026, 2242.70, 2225.00, 2340.00, 2001.00, 2046.00, 2024.20, 2126.25, 1262801, 26850.35, 90312, 522798, 41.40
KESORAMIND, BE, 14-Aug-2026, 11.87, 11.64, 11.87, 11.64, 11.70, 11.70, 11.69, 287226, 33.58, 259, -, -
KEYFINSERV, EQ, 14-Aug-2026, 265.65, 270.00, 270.00, 265.00, 268.75, 267.20, 268.11, 3342, 8.96, 93, 2558, 76.54
KFINTECH, EQ, 14-Aug-2026, 929.00, 929.00, 946.50, 911.70, 940.00, 940.00, 931.00, 813246, 7571.29, 21418, 396986, 48.81
KHADIM, BE, 14-Aug-2026, 93.90, 94.54, 98.59, 94.07, 98.59, 98.59, 97.58, 75190, 73.37, 354, -, -
KHAICHEM, EQ, 14-Aug-2026, 51.19, 51.45, 52.79, 50.30, 52.79, 52.37, 52.04, 323529, 168.37, 1088, 243587, 75.29
KHAITANLTD, EQ, 14-Aug-2026, 143.13, 143.00, 143.40, 139.00, 139.24, 139.18, 139.93, 4409, 6.17, 83, 3585, 81.31
KHANDSE, EQ, 14-Aug-2026, 17.10, 16.91, 18.00, 16.71, 17.70, 17.70, 17.02, 125, 0.02, 22, 119, 95.20
KICL, EQ, 14-Aug-2026, 5459.00, 5459.00, 5462.00, 5270.00, 5329.00, 5305.00, 5369.65, 1104, 59.28, 364, 740, 67.03
KILITCH, BE, 14-Aug-2026, 191.22, 181.66, 181.66, 181.66, 181.66, 181.66, 181.66, 7225, 13.12, 79, -, -
KIMS, EQ, 14-Aug-2026, 807.55, 809.90, 827.95, 804.10, 808.80, 809.10, 810.39, 414165, 3356.36, 22084, 206815, 49.94
KINGFA, EQ, 14-Aug-2026, 6028.50, 6000.00, 6077.50, 5777.00, 5900.00, 5870.00, 5929.68, 27699, 1642.46, 7743, 14997, 54.14
KIOCL, EQ, 14-Aug-2026, 384.85, 384.90, 397.60, 382.10, 386.55, 389.55, 390.05, 156282, 609.58, 7091, 50756, 32.48
KIRANVYPAR, EQ, 14-Aug-2026, 200.31, 199.31, 201.31, 196.00, 201.29, 201.18, 200.35, 2777, 5.56, 30, 2593, 93.37
KIRIINDUS, EQ, 14-Aug-2026, 414.65, 417.95, 419.60, 409.60, 410.05, 411.45, 413.74, 174742, 722.98, 5519, 75417, 43.16
KIRLFER, EQ, 14-Aug-2026, 435.55, 435.55, 438.70, 428.00, 431.00, 432.30, 432.35, 74535, 322.25, 4022, 47541, 63.78
KIRLOSBROS, EQ, 14-Aug-2026, 1935.50, 1936.00, 1950.00, 1900.00, 1915.00, 1905.50, 1920.19, 24200, 464.69, 3890, 11173, 46.17
KIRLOSENG, EQ, 14-Aug-2026, 2059.90, 2069.90, 2111.90, 2069.90, 2100.00, 2100.10, 2094.92, 304869, 6386.75, 29463, 170736, 56.00
KIRLOSIND, EQ, 14-Aug-2026, 3806.40, 3806.40, 3826.30, 3728.10, 3747.00, 3754.40, 3760.14, 2462, 92.57, 579, 1071, 43.50
KIRLPNU, EQ, 14-Aug-2026, 1506.80, 1510.00, 1535.80, 1489.00, 1526.90, 1524.70, 1518.81, 188824, 2867.88, 25242, 95865, 50.77
KISSHT, EQ, 14-Aug-2026, 300.90, 300.90, 311.00, 296.00, 307.50, 309.50, 304.10, 1707351, 5192.11, 32414, 830343, 48.63
KITEX, EQ, 14-Aug-2026, 138.89, 139.21, 141.00, 133.80, 134.20, 134.24, 135.39, 508982, 689.13, 5646, 342524, 67.30
KKCL, EQ, 14-Aug-2026, 521.40, 524.10, 528.90, 511.00, 514.80, 512.70, 513.92, 44827, 230.38, 1303, 33720, 75.22
KKJEWELS, SM, 14-Aug-2026, 103.75, 104.00, 104.00, 104.00, 104.00, 104.00, 104.00, 1000, 1.04, 1, 1000, 100.00
KLBRENG-B, EQ, 14-Aug-2026, 358.90, 361.45, 371.00, 353.55, 358.00, 358.20, 360.02, 97180, 349.86, 3267, 65761, 67.67
KLL, SM, 14-Aug-2026, 21.30, 21.45, 22.15, 21.40, 22.15, 22.15, 21.70, 4800, 1.04, 6, 3200, 66.67
KMEW, EQ, 14-Aug-2026, 2709.80, 2730.00, 2815.80, 2650.30, 2726.00, 2730.80, 2742.62, 159236, 4367.23, 23253, 57962, 36.40
KMSUGAR, EQ, 14-Aug-2026, 27.74, 27.75, 28.75, 27.50, 27.62, 27.56, 28.12, 180341, 50.71, 1088, 101534, 56.30
KNACK, EQ, 14-Aug-2026, 204.56, 205.50, 211.90, 205.25, 208.25, 208.02, 208.19, 1008256, 2099.13, 13590, 408742, 40.54
KNAGRI, EQ, 14-Aug-2026, 214.52, 217.40, 231.00, 216.99, 220.00, 225.91, 226.19, 62154, 140.59, 1084, 45849, 73.77
KNRCON, EQ, 14-Aug-2026, 134.58, 130.01, 138.19, 127.06, 132.44, 132.43, 133.14, 3965385, 5279.55, 39827, 1708566, 43.09
KODYTECH, ST, 14-Aug-2026, 1384.90, 1360.00, 1407.00, 1360.00, 1399.00, 1399.00, 1393.90, 5400, 75.27, 40, 5200, 96.30
KOHINOOR, EQ, 14-Aug-2026, 23.10, 23.11, 27.72, 22.97, 27.72, 27.72, 27.17, 982184, 266.82, 4829, 520101, 52.95
KOKUYOCMLN, EQ, 14-Aug-2026, 81.05, 81.76, 82.50, 80.31, 81.90, 81.54, 81.22, 56037, 45.52, 895, 34231, 61.09
KOLTEPATIL, EQ, 14-Aug-2026, 491.90, 490.00, 490.60, 472.65, 474.00, 477.70, 480.21, 162676, 781.18, 5330, 73142, 44.96
KONSTELEC, ST, 14-Aug-2026, 60.00, 61.55, 61.55, 57.35, 61.40, 58.70, 59.41, 4000, 2.38, 4, 4000, 100.00
KOPRAN, BE, 14-Aug-2026, 181.15, 184.00, 190.20, 182.50, 190.20, 190.20, 188.13, 147065, 276.68, 1053, -, -
KORE, SM, 14-Aug-2026, 178.20, 164.50, 179.00, 164.50, 177.00, 177.00, 177.06, 10250, 18.15, 12, 10250, 100.00
KOTAKBANK, EQ, 14-Aug-2026, 392.40, 393.10, 394.35, 389.85, 391.15, 391.15, 392.01, 9519332, 37317.13, 125474, 7032164, 73.87
KOTARISUG, EQ, 14-Aug-2026, 26.51, 26.68, 27.00, 26.15, 26.45, 26.28, 26.53, 67646, 17.94, 358, 44057, 65.13
KOTHARIPET, EQ, 14-Aug-2026, 149.65, 148.50, 151.18, 141.35, 145.90, 143.92, 146.91, 102829, 151.07, 1805, 59861, 58.21
KOTHARIPRO, EQ, 14-Aug-2026, 69.15, 69.45, 70.99, 68.80, 69.00, 68.98, 69.30, 11706, 8.11, 190, 9819, 83.88
KOTIC, EQ, 14-Aug-2026, 144.18, 144.16, 147.90, 143.08, 145.45, 146.18, 146.03, 15271, 22.30, 286, 13441, 88.02
KOTYARK, BE, 14-Aug-2026, 42.84, 40.28, 40.28, 40.28, 40.28, 40.28, 40.28, 78790, 31.74, 516, -, -
KOVAI, EQ, 14-Aug-2026, 5891.50, 5920.00, 6083.50, 5892.00, 6049.00, 6038.50, 6016.80, 7285, 438.32, 1803, 4998, 68.61
KPEL, EQ, 14-Aug-2026, 256.20, 256.00, 257.00, 251.00, 253.85, 252.10, 252.60, 344649, 870.57, 6067, 209958, 60.92
KPIGREEN, EQ, 14-Aug-2026, 328.25, 325.00, 330.00, 317.00, 319.00, 319.00, 321.35, 1330666, 4276.15, 30661, 706055, 53.06
KPIL, EQ, 14-Aug-2026, 1365.10, 1354.10, 1387.90, 1342.80, 1350.00, 1352.20, 1364.07, 319973, 4364.66, 23764, 79879, 24.96
KPITTECH, EQ, 14-Aug-2026, 620.50, 623.60, 625.40, 610.85, 614.00, 614.00, 615.94, 640338, 3944.12, 15167, 182153, 28.45
KPL, EQ, 14-Aug-2026, 3343.00, 3364.80, 3486.00, 3280.30, 3400.10, 3436.50, 3389.41, 41296, 1399.69, 6768, 14991, 36.30
KPRMILL, EQ, 14-Aug-2026, 1084.70, 1087.30, 1113.70, 1081.10, 1105.00, 1110.00, 1103.91, 170694, 1884.31, 10860, 79013, 46.29
KRBL, EQ, 14-Aug-2026, 372.40, 389.50, 402.00, 381.75, 385.80, 386.40, 392.04, 4140543, 16232.77, 72014, 868561, 20.98
KREBSBIO, EQ, 14-Aug-2026, 55.93, 55.70, 56.00, 53.52, 54.51, 54.60, 55.02, 3920, 2.16, 84, 3033, 77.37
KRIDHANINF, BE, 14-Aug-2026, 2.24, 2.34, 2.34, 2.20, 2.23, 2.22, 2.22, 33862, 0.75, 52, -, -
KRISHANA, EQ, 14-Aug-2026, 188.94, 188.99, 192.30, 187.01, 190.40, 190.68, 190.71, 806519, 1538.11, 10276, 428382, 53.11
KRISHCA, SM, 14-Aug-2026, 174.00, 173.80, 173.80, 173.80, 173.80, 173.80, 173.80, 500, 0.87, 1, 500, 100.00
KRISHIVAL, EQ, 14-Aug-2026, 405.90, 407.00, 409.95, 405.50, 409.40, 406.60, 408.38, 12680, 51.78, 621, 8888, 70.09
KRISHNADEF, EQ, 14-Aug-2026, 1073.50, 1076.00, 1093.00, 1038.00, 1080.00, 1077.70, 1061.27, 162907, 1728.89, 12279, 70000, 42.97
KRITI, EQ, 14-Aug-2026, 68.84, 66.25, 71.70, 66.25, 67.50, 67.77, 67.97, 4439, 3.02, 111, 3319, 74.77
KRITIKA, EQ, 14-Aug-2026, 5.71, 5.71, 5.71, 5.54, 5.67, 5.59, 5.60, 112333, 6.29, 442, 85660, 76.26
KRITINUT, EQ, 14-Aug-2026, 82.92, 84.95, 84.95, 81.11, 83.40, 82.16, 82.52, 11075, 9.14, 268, 9913, 89.51
KRMAYURVED, SM, 14-Aug-2026, 290.20, 294.90, 295.00, 278.00, 282.00, 282.85, 287.27, 77000, 221.20, 60, 46000, 59.74
KRN, EQ, 14-Aug-2026, 1398.40, 1468.30, 1468.30, 1468.30, 1468.30, 1468.30, 1468.30, 407590, 5984.64, 2028, 207519, 50.91
KRONOX, EQ, 14-Aug-2026, 155.14, 155.00, 157.76, 148.11, 150.52, 150.53, 151.32, 338385, 512.05, 6660, 147403, 43.56
KROSS, EQ, 14-Aug-2026, 203.05, 202.50, 211.94, 202.50, 209.95, 210.20, 209.25, 826357, 1729.16, 14259, 368012, 44.53
KRSNAA, EQ, 14-Aug-2026, 556.75, 557.95, 586.00, 557.00, 573.00, 575.30, 572.35, 273308, 1564.27, 17317, 132556, 48.50
KRT, RR, 14-Aug-2026, 116.46, 116.75, 117.00, 115.70, 115.90, 115.98, 116.10, 1149074, 1334.11, 4108, 1056333, 91.93
KRYSTAL, EQ, 14-Aug-2026, 620.10, 622.30, 623.00, 620.00, 620.00, 620.00, 620.13, 16022, 99.36, 221, 13768, 85.93
KSB, EQ, 14-Aug-2026, 802.80, 807.50, 813.70, 799.15, 800.10, 801.25, 803.54, 61194, 491.72, 8573, 36166, 59.10
KSCL, EQ, 14-Aug-2026, 772.30, 761.00, 784.30, 755.00, 777.00, 779.95, 774.07, 165036, 1277.50, 7878, 97152, 58.87
KSHINTL, EQ, 14-Aug-2026, 1001.45, 1007.35, 1039.40, 1006.45, 1035.30, 1028.60, 1019.60, 327748, 3341.73, 18164, 139558, 42.58
KSHITIJPOL, EQ, 14-Aug-2026, 2.98, 3.10, 3.12, 3.05, 3.11, 3.11, 3.11, 4329051, 134.83, 1177, 2384073, 55.07
KSL, EQ, 14-Aug-2026, 860.30, 860.25, 866.95, 832.10, 835.00, 838.95, 843.77, 35202, 297.02, 3285, 19505, 55.41
KSOLVES, EQ, 14-Aug-2026, 274.30, 276.30, 278.00, 272.35, 278.00, 277.10, 275.11, 18161, 49.96, 1068, 10525, 57.95
KSR, EQ, 14-Aug-2026, 29.48, 29.48, 30.99, 28.00, 30.00, 29.86, 28.78, 15229, 4.38, 225, 11771, 77.29
KTKBANK, EQ, 14-Aug-2026, 312.75, 313.00, 316.00, 308.80, 309.35, 309.65, 311.99, 2960239, 9235.55, 29993, 2096355, 70.82
KUANTUM, EQ, 14-Aug-2026, 79.90, 79.90, 82.00, 79.87, 80.01, 80.66, 80.81, 164943, 133.30, 1340, 89784, 54.43
KUSUMGAR, EQ, 14-Aug-2026, 598.25, 595.05, 610.60, 594.05, 600.00, 601.85, 602.87, 381572, 2300.37, 18008, 165968, 43.50
KWIL, EQ, 14-Aug-2026, 36.94, 37.25, 37.25, 35.51, 36.00, 35.99, 36.13, 11770440, 4252.18, 23548, 5430237, 46.13
LAGNAM, EQ, 14-Aug-2026, 78.29, 79.02, 79.95, 77.22, 79.94, 78.79, 78.35, 11384, 8.92, 151, 9166, 80.52
LAHOTIOV, EQ, 14-Aug-2026, 41.53, 42.90, 42.90, 41.00, 41.40, 41.03, 41.62, 7031, 2.93, 43, 4774, 67.90
LAKPRE, BZ, 14-Aug-2026, 4.76, 4.80, 4.80, 4.80, 4.80, 4.80, 4.80, 85, 0.00, 1, -, -
LAL, EQ, 14-Aug-2026, 8.81, 9.13, 9.13, 8.61, 8.99, 8.80, 8.72, 16228, 1.42, 95, 13658, 84.16
LALPATHLAB, EQ, 14-Aug-2026, 1968.40, 1968.40, 1968.40, 1907.90, 1910.00, 1916.30, 1923.85, 229786, 4420.73, 25225, 125395, 54.57
LAMBODHARA, EQ, 14-Aug-2026, 113.00, 113.70, 115.72, 111.00, 112.85, 111.54, 112.43, 4255, 4.78, 147, 3407, 80.07
LAMOSAIC, ST, 14-Aug-2026, 55.60, 55.85, 57.45, 53.75, 56.00, 56.50, 55.98, 91200, 51.05, 53, 91200, 100.00
LANCORHOL, EQ, 14-Aug-2026, 27.85, 28.90, 29.59, 27.50, 28.75, 28.88, 28.69, 207596, 59.55, 2528, 123040, 59.27
LANDMARK, EQ, 14-Aug-2026, 532.00, 532.00, 533.65, 507.45, 515.95, 511.65, 517.90, 148999, 771.67, 5360, 49983, 33.55
LANDSMILL, EQ, 14-Aug-2026, 0.76, 0.76, 0.77, 0.75, 0.77, 0.76, 0.76, 2005926, 15.31, 853, 636431, 31.73
LAOPALA, EQ, 14-Aug-2026, 194.26, 194.00, 195.20, 191.05, 192.00, 192.51, 192.22, 167876, 322.69, 4377, 94074, 56.04
LASA, EQ, 14-Aug-2026, 7.52, 7.49, 7.55, 7.25, 7.39, 7.41, 7.46, 10223, 0.76, 105, 5848, 57.20
LASERPOWER, EQ, 14-Aug-2026, 298.00, 297.90, 306.60, 295.60, 302.50, 302.90, 301.93, 1688928, 5099.44, 20477, 578360, 34.24
LATENTVIEW, EQ, 14-Aug-2026, 285.25, 286.00, 289.80, 283.50, 285.00, 285.20, 285.51, 197641, 564.29, 5464, 96964, 49.06
LATTEYS, BE, 14-Aug-2026, 20.89, 21.64, 21.64, 20.00, 20.79, 20.59, 20.71, 87358, 18.09, 257, -, -
LAURUSLABS, EQ, 14-Aug-2026, 1851.70, 1849.90, 1853.20, 1777.70, 1787.30, 1787.30, 1814.50, 1581352, 28693.66, 45572, 749282, 47.38
LAXMICOT, EQ, 14-Aug-2026, 13.89, 13.89, 14.47, 13.00, 13.63, 13.42, 13.31, 33833, 4.50, 154, 26886, 79.47
LAXMIDENTL, EQ, 14-Aug-2026, 206.23, 205.82, 205.82, 200.56, 203.00, 201.82, 201.94, 117987, 238.27, 3453, 80246, 68.01
LAXMIINDIA, BE, 14-Aug-2026, 129.04, 124.13, 128.89, 122.59, 125.00, 124.38, 123.24, 251213, 309.60, 864, -, -
LCCINFOTEC, EQ, 14-Aug-2026, 3.90, 4.05, 4.05, 3.90, 3.93, 3.92, 3.97, 33273, 1.32, 95, 24518, 73.69
LCL, EQ, 14-Aug-2026, 534.35, 533.95, 542.40, 523.20, 530.00, 528.95, 531.21, 271602, 1442.78, 7131, 126921, 46.73
LEAPIND, EQ, 14-Aug-2026, 159.00, 165.90, 167.00, 143.00, 146.00, 144.93, 157.01, 92916431, 145890.15, 590818, 53311958, 57.38
LEMERITE, EQ, 14-Aug-2026, 23.24, 23.55, 23.55, 22.31, 23.40, 23.17, 23.12, 410983, 95.03, 804, 152159, 37.02
LEMONTREE, EQ, 14-Aug-2026, 109.05, 109.05, 109.74, 108.53, 108.70, 108.92, 109.10, 2255426, 2460.57, 27715, 1410414, 62.53
LENSKART, EQ, 14-Aug-2026, 596.90, 597.75, 616.00, 597.75, 612.00, 611.85, 610.30, 8204077, 50069.87, 140244, 3709754, 45.22
LEXUS, EQ, 14-Aug-2026, 13.81, 14.05, 14.30, 13.51, 13.57, 13.57, 13.85, 9278, 1.28, 138, 7872, 84.85
LFIC, EQ, 14-Aug-2026, 140.15, 139.31, 143.10, 139.31, 140.00, 140.21, 140.22, 1527, 2.14, 85, 1115, 73.02
LGBBROSLTD, EQ, 14-Aug-2026, 1591.20, 1590.00, 1601.50, 1580.00, 1593.60, 1596.70, 1591.55, 18048, 287.24, 2795, 10923, 60.52
LGEINDIA, EQ, 14-Aug-2026, 1578.30, 1620.00, 1736.10, 1611.00, 1736.10, 1729.70, 1693.19, 9832158, 166476.77, 341244, 3684320, 37.47
LGHL, EQ, 14-Aug-2026, 196.44, 198.00, 199.81, 178.50, 181.00, 182.00, 187.92, 53218, 100.01, 1860, 21833, 41.03
LIBAS, EQ, 14-Aug-2026, 9.81, 10.02, 10.02, 9.52, 9.73, 9.72, 9.66, 29438, 2.84, 234, 16368, 55.60
LIBERTSHOE, EQ, 14-Aug-2026, 238.55, 238.00, 242.00, 238.00, 239.95, 238.70, 239.81, 17825, 42.75, 450, 9801, 54.98
LICHSGFIN, EQ, 14-Aug-2026, 502.00, 502.00, 502.10, 498.00, 500.00, 500.00, 499.58, 874975, 4371.22, 21521, 467232, 53.40
LICI, EQ, 14-Aug-2026, 412.15, 411.00, 416.15, 406.25, 413.50, 413.50, 412.93, 14993510, 61912.99, 54040, 10358584, 69.09
LICMFGOLD, EQ, 14-Aug-2026, 137.05, 136.45, 136.80, 135.05, 136.45, 136.40, 135.88, 36493, 49.59, 535, 16747, 45.89
LICNETFGSC, EQ, 14-Aug-2026, 29.64, 29.64, 29.74, 29.62, 29.74, 29.73, 29.69, 14623, 4.34, 80, 14315, 97.89
LICNETFN50, EQ, 14-Aug-2026, 273.20, 274.56, 274.57, 272.36, 273.15, 273.15, 273.14, 770, 2.10, 33, 504, 65.45
LICNETFSEN, EQ, 14-Aug-2026, 883.91, 884.14, 884.74, 874.93, 880.00, 880.00, 876.98, 138, 1.21, 10, 91, 65.94
LICNFNHGP, EQ, 14-Aug-2026, 280.31, 280.92, 281.77, 278.73, 278.73, 278.73, 280.39, 74, 0.21, 9, 14, 18.92
LICNMID100, EQ, 14-Aug-2026, 64.57, 64.72, 64.73, 64.35, 64.36, 64.46, 64.54, 2725, 1.76, 65, 2696, 98.94
LIKHITHA, EQ, 14-Aug-2026, 227.74, 229.75, 231.79, 215.00, 220.00, 217.17, 221.29, 57860, 128.04, 1369, 41611, 71.92
LINC, EQ, 14-Aug-2026, 97.88, 98.99, 100.39, 96.72, 99.50, 97.92, 97.74, 16272, 15.90, 363, 10533, 64.73
LINCOLN, EQ, 14-Aug-2026, 619.50, 638.00, 644.40, 609.30, 612.10, 613.40, 626.82, 134766, 844.74, 6740, 49859, 37.00
LINDEINDIA, EQ, 14-Aug-2026, 6688.50, 6735.00, 6735.00, 6645.00, 6700.00, 6696.00, 6692.83, 16630, 1113.02, 4323, 9439, 56.76
LIQGRWBEES, EQ, 14-Aug-2026, 1051.42, 1051.81, 1051.83, 1051.81, 1051.81, 1051.81, 1051.81, 73028, 768.12, 158, 61589, 84.34
LIQUID, EQ, 14-Aug-2026, 999.99, 999.99, 1000.00, 999.99, 1000.00, 999.99, 1000.00, 503451, 5034.50, 258, 414324, 82.30
LIQUID1, EQ, 14-Aug-2026, 1117.91, 1119.00, 1119.00, 1118.37, 1118.39, 1118.38, 1118.38, 757684, 8473.78, 600, 536726, 70.84
LIQUIDADD, EQ, 14-Aug-2026, 1140.02, 1140.44, 1140.50, 1140.44, 1140.49, 1140.49, 1140.49, 336323, 3835.73, 301, 305303, 90.78
LIQUIDBEES, EQ, 14-Aug-2026, 999.99, 999.99, 1000.01, 999.00, 1000.01, 1000.00, 1000.00, 2686770, 26867.68, 3707, 1967380, 73.22
LIQUIDBETF, EQ, 14-Aug-2026, 1094.34, 1094.77, 1094.79, 1094.77, 1094.78, 1094.78, 1094.78, 209412, 2292.60, 167, 111483, 53.24
LIQUIDCASE, EQ, 14-Aug-2026, 115.43, 115.50, 115.50, 115.48, 115.48, 115.49, 115.49, 17379135, 20071.67, 9226, 15062860, 86.67
LIQUIDETF, EQ, 14-Aug-2026, 1000.00, 1000.00, 1000.01, 999.99, 1000.00, 999.99, 1000.00, 278309, 2783.09, 293, 254615, 91.49
LIQUIDIETF, EQ, 14-Aug-2026, 999.99, 999.99, 1000.01, 955.00, 999.99, 998.90, 999.14, 419597, 4192.34, 304, 183827, 43.81
LIQUIDPLUS, EQ, 14-Aug-2026, 1098.63, 1098.63, 1099.58, 1098.63, 1099.09, 1099.09, 1099.07, 887203, 9751.02, 325, 481280, 54.25
LIQUIDSBI, EQ, 14-Aug-2026, 1000.01, 999.99, 1000.01, 999.99, 1000.01, 1000.00, 1000.00, 2803, 28.03, 17, 1631, 58.19
LIQUIDSHRI, EQ, 14-Aug-2026, 1117.08, 1117.48, 1117.50, 1117.48, 1117.50, 1117.48, 1117.48, 4818, 53.84, 24, 4038, 83.81
LLOYDS, SM, 14-Aug-2026, 66.20, 65.00, 65.00, 62.90, 62.90, 62.90, 63.44, 6000, 3.81, 6, 6000, 100.00
LLOYDSENGG, EQ, 14-Aug-2026, 91.15, 91.15, 94.50, 91.15, 93.50, 93.53, 93.46, 8313171, 7769.73, 33676, 3302845, 39.73
LLOYDSENT, EQ, 14-Aug-2026, 76.04, 76.39, 77.87, 75.68, 76.43, 76.49, 76.87, 3029612, 2328.74, 12955, 1115552, 36.82
LLOYDSME, EQ, 14-Aug-2026, 1898.40, 1900.00, 1933.00, 1884.60, 1919.00, 1918.60, 1917.53, 370653, 7107.38, 17055, 212760, 57.40
LMW, EQ, 14-Aug-2026, 18747.00, 18735.00, 19179.00, 18403.00, 19100.00, 18921.00, 18748.06, 11951, 2240.58, 3682, 6640, 55.56
LODHA, EQ, 14-Aug-2026, 1232.30, 1237.90, 1254.60, 1227.00, 1243.90, 1243.90, 1242.95, 1145101, 14233.07, 25453, 481595, 42.06
LOKESHMACH, BE, 14-Aug-2026, 347.00, 347.00, 347.10, 347.00, 347.10, 347.10, 347.04, 21428, 74.36, 101, -, -
LORDSCHLO, EQ, 14-Aug-2026, 138.37, 140.90, 140.90, 137.71, 139.80, 138.53, 138.98, 11935, 16.59, 254, 7469, 62.58
LOTUSDEV, BE, 14-Aug-2026, 174.03, 174.00, 175.90, 166.01, 172.00, 172.45, 171.39, 1513363, 2593.77, 7344, -, -
LOTUSEYE, EQ, 14-Aug-2026, 116.61, 117.50, 118.20, 115.00, 115.00, 115.22, 116.00, 9918, 11.50, 222, 6568, 66.22
LOVABLE, EQ, 14-Aug-2026, 71.66, 73.50, 74.00, 72.00, 73.00, 72.70, 72.88, 9153, 6.67, 127, 7302, 79.78
LOWVOL, EQ, 14-Aug-2026, 211.39, 211.39, 211.52, 210.85, 210.85, 210.85, 210.92, 3184, 6.72, 8, 2777, 87.22
LOWVOL1, EQ, 14-Aug-2026, 21.58, 21.58, 21.88, 21.50, 21.68, 21.58, 21.65, 973756, 210.80, 165, 947975, 97.35
LOWVOLIETF, EQ, 14-Aug-2026, 22.62, 22.81, 22.81, 22.17, 22.67, 22.59, 22.58, 1220552, 275.63, 894, 972149, 79.65
LOYALTEX, EQ, 14-Aug-2026, 225.20, 220.00, 220.50, 216.00, 218.20, 218.20, 218.63, 836, 1.83, 29, 822, 98.33
LPDC, EQ, 14-Aug-2026, 7.56, 8.62, 9.05, 8.00, 8.15, 8.12, 8.59, 1401701, 120.44, 3614, 562398, 40.12
LT, EQ, 14-Aug-2026, 4070.70, 4068.70, 4072.50, 4033.10, 4057.00, 4057.00, 4053.20, 934044, 37858.71, 56246, 594838, 63.68
LTF, EQ, 14-Aug-2026, 315.35, 314.90, 315.30, 306.00, 306.30, 306.30, 308.54, 3682349, 11361.35, 39511, 2115018, 57.44
LTFOODS, EQ, 14-Aug-2026, 418.95, 418.95, 425.95, 418.35, 421.30, 419.80, 422.05, 345320, 1457.42, 18429, 148426, 42.98
LTGILTBEES, EQ, 14-Aug-2026, 30.09, 30.15, 30.15, 30.08, 30.13, 30.12, 30.12, 1089898, 328.31, 576, 963524, 88.40
LTGILTCASE, EQ, 14-Aug-2026, 30.69, 31.08, 31.08, 30.65, 30.72, 30.70, 30.71, 58682, 18.02, 219, 56409, 96.13
LTM, EQ, 14-Aug-2026, 4765.00, 4725.00, 4801.20, 4686.10, 4715.00, 4715.00, 4728.14, 189073, 8939.63, 19718, 70817, 37.45
LTTS, EQ, 14-Aug-2026, 3604.70, 3604.70, 3604.70, 3460.00, 3475.90, 3476.80, 3504.46, 142849, 5006.08, 21238, 67782, 47.45
LUMAXIND, EQ, 14-Aug-2026, 5849.00, 5886.00, 5925.00, 5773.50, 5800.00, 5796.50, 5835.86, 13046, 761.35, 3167, 6498, 49.81
LUMAXTECH, EQ, 14-Aug-2026, 1987.50, 1970.00, 2055.00, 1970.00, 2018.00, 2025.70, 2030.80, 261553, 5311.61, 28680, 102890, 39.34
LUPIN, EQ, 14-Aug-2026, 2250.30, 2255.00, 2263.10, 2230.10, 2235.00, 2235.00, 2241.59, 591412, 13257.00, 29924, 338757, 57.28
LUXIND, EQ, 14-Aug-2026, 1209.30, 1209.30, 1216.00, 1175.00, 1181.00, 1188.10, 1187.49, 38933, 462.33, 3196, 20783, 53.38
LXCHEM, EQ, 14-Aug-2026, 174.11, 175.00, 179.30, 174.58, 175.60, 176.05, 176.54, 796176, 1405.56, 12318, 264902, 33.27
LYKALABS, BE, 14-Aug-2026, 68.00, 67.50, 67.50, 66.64, 66.70, 66.70, 66.69, 3584, 2.39, 32, -, -
M&M, EQ, 14-Aug-2026, 3428.20, 3425.00, 3430.00, 3378.30, 3428.30, 3428.30, 3410.62, 1032969, 35230.62, 75587, 576743, 55.83
M&MFIN, EQ, 14-Aug-2026, 396.40, 398.90, 400.45, 388.90, 389.60, 390.10, 392.94, 1855407, 7290.60, 30198, 911366, 49.12
MAANALU, EQ, 14-Aug-2026, 121.70, 123.00, 125.00, 118.81, 120.00, 120.15, 120.86, 44569, 53.87, 964, 27858, 62.51
MACOBSTECH, SM, 14-Aug-2026, 209.00, 209.00, 209.00, 209.00, 209.00, 209.00, 209.00, 1600, 3.34, 1, 1600, 100.00
MACPOWER, EQ, 14-Aug-2026, 1746.30, 1752.00, 1825.00, 1725.00, 1753.00, 1749.30, 1765.17, 17852, 315.12, 2033, 8704, 48.76
MADHAV, EQ, 14-Aug-2026, 35.76, 35.04, 36.20, 35.04, 35.04, 35.04, 35.33, 221, 0.08, 21, 208, 94.12
MADHAVBAUG, ST, 14-Aug-2026, 185.00, 184.05, 184.05, 179.00, 179.00, 179.00, 181.53, 800, 1.45, 2, 800, 100.00
MADHAVIPL, EQ, 14-Aug-2026, 7.10, 7.05, 7.18, 7.02, 7.05, 7.07, 7.12, 87530, 6.23, 282, 58352, 66.67
MADHUCON, BE, 14-Aug-2026, 5.25, 5.51, 5.51, 5.25, 5.30, 5.30, 5.39, 35768, 1.93, 53, -, -
MADHUSUDAN, ST, 14-Aug-2026, 227.30, 222.15, 234.00, 222.00, 233.45, 224.35, 226.99, 27000, 61.29, 24, 10000, 37.04
MADRASFERT, EQ, 14-Aug-2026, 65.51, 66.50, 66.50, 65.07, 65.36, 65.56, 65.59, 21016, 13.78, 501, 12152, 57.82
MAFANG, EQ, 14-Aug-2026, 208.59, 207.39, 207.39, 207.39, 207.39, 207.39, 207.39, 84336, 174.90, 392, 84336, 100.00
MAFATIND, EQ, 14-Aug-2026, 126.50, 126.98, 127.00, 119.60, 122.20, 122.55, 121.95, 143374, 174.84, 2505, 91512, 63.83
MAGADSUGAR, EQ, 14-Aug-2026, 542.85, 544.00, 560.15, 537.55, 543.95, 543.30, 547.97, 26991, 147.90, 1130, 11660, 43.20
MAGNUM, EQ, 14-Aug-2026, 19.50, 19.20, 19.85, 19.00, 19.02, 19.03, 19.34, 38658, 7.48, 111, 36487, 94.38
MAGSON, SM, 14-Aug-2026, 182.00, 184.00, 184.00, 184.00, 184.00, 184.00, 184.00, 8000, 14.72, 1, 8000, 100.00
MAHABANK, EQ, 14-Aug-2026, 81.65, 81.95, 81.95, 79.80, 80.29, 80.12, 80.38, 10900006, 8761.84, 46110, 5608208, 51.45
MAHAPEXLTD, EQ, 14-Aug-2026, 54.74, 53.80, 53.80, 49.25, 50.10, 50.41, 51.04, 73053, 37.28, 770, 42524, 58.21
MAHASTEEL, BE, 14-Aug-2026, 1028.70, 1033.80, 1069.90, 1028.70, 1055.00, 1066.00, 1048.22, 5720, 59.96, 165, -, -
MAHEPC, EQ, 14-Aug-2026, 107.84, 108.80, 108.83, 106.50, 107.70, 107.56, 107.34, 11162, 11.98, 301, 5217, 46.74
MAHESHWARI, BE, 14-Aug-2026, 73.01, 72.50, 72.55, 70.10, 72.50, 72.50, 71.87, 24666, 17.73, 56, -, -
MAHICKRA, SM, 14-Aug-2026, 285.05, 281.00, 301.00, 278.00, 295.00, 295.00, 292.08, 9000, 26.29, 12, 8250, 91.67
MAHKTECH, EQ, 14-Aug-2026, 23.45, 23.41, 23.41, 23.41, 23.41, 23.41, 23.41, 348941, 81.69, 255, 348941, 100.00
MAHLIFE, EQ, 14-Aug-2026, 383.75, 386.00, 386.40, 383.00, 384.30, 384.90, 384.79, 43419, 167.07, 2391, 26204, 60.35
MAHLOG, EQ, 14-Aug-2026, 406.00, 406.00, 409.80, 403.95, 408.00, 405.50, 406.93, 74988, 305.15, 4032, 47836, 63.79
MAHSCOOTER, EQ, 14-Aug-2026, 13340.00, 13340.00, 13533.00, 13262.00, 13388.00, 13330.00, 13374.14, 1291, 172.66, 636, 728, 56.39
MAHSEAMLES, EQ, 14-Aug-2026, 612.00, 610.00, 615.00, 606.50, 610.00, 612.45, 611.74, 85390, 522.37, 8493, 44082, 51.62
MAITHANALL, EQ, 14-Aug-2026, 974.05, 974.00, 997.00, 967.60, 970.00, 971.25, 975.34, 28418, 277.17, 1759, 16762, 58.98
MAITREYA, SM, 14-Aug-2026, 124.15, 124.00, 124.00, 122.00, 122.00, 122.00, 123.33, 1200, 1.48, 3, 1200, 100.00
MAJESAUT, BE, 14-Aug-2026, 380.60, 372.00, 398.50, 364.00, 377.00, 378.50, 379.05, 16595, 62.90, 721, -, -
MAKEINDIA, EQ, 14-Aug-2026, 168.91, 168.62, 169.00, 168.18, 168.69, 168.82, 168.77, 25558, 43.13, 373, 20470, 80.09
MAKS, SM, 14-Aug-2026, 16.35, 16.35, 16.35, 16.30, 16.30, 16.30, 16.33, 3000, 0.49, 2, 3000, 100.00
MAL, SM, 14-Aug-2026, 30.50, 31.35, 31.50, 30.75, 30.90, 30.90, 31.16, 11200, 3.49, 7, 6400, 57.14
MALLCOM, EQ, 14-Aug-2026, 978.90, 965.00, 982.55, 960.00, 975.00, 969.55, 971.03, 1937, 18.81, 205, 1305, 67.37
MALUPAPER, EQ, 14-Aug-2026, 31.74, 32.00, 32.00, 31.40, 31.45, 31.63, 31.65, 602, 0.19, 27, 448, 74.42
MAMATA, EQ, 14-Aug-2026, 425.60, 420.00, 435.00, 420.00, 429.00, 426.50, 429.73, 94965, 408.10, 3218, 42984, 45.26
MANAKALUCO, EQ, 14-Aug-2026, 40.41, 40.41, 40.80, 39.10, 39.30, 39.33, 39.81, 56618, 22.54, 736, 34499, 60.93
MANAKCOAT, EQ, 14-Aug-2026, 117.80, 117.28, 119.00, 115.11, 115.20, 116.35, 117.01, 933858, 1092.69, 2675, 801063, 85.78
MANAKSIA, EQ, 14-Aug-2026, 59.50, 60.70, 60.70, 58.02, 59.00, 59.00, 59.08, 17685, 10.45, 225, 10798, 61.06
MANAKSTEEL, EQ, 14-Aug-2026, 85.42, 85.97, 86.75, 84.75, 86.00, 86.12, 85.47, 40175, 34.34, 479, 27767, 69.12
MANALIPETC, EQ, 14-Aug-2026, 68.83, 71.13, 74.45, 69.01, 69.19, 69.27, 71.13, 4376876, 3113.36, 22452, 1514223, 34.60
MANAPPURAM, EQ, 14-Aug-2026, 348.40, 348.00, 352.00, 344.55, 349.00, 349.00, 349.03, 3722962, 12994.23, 25156, 1868373, 50.19
MANAV, SM, 14-Aug-2026, 25.65, 26.90, 26.90, 26.90, 26.90, 26.90, 26.90, 4000, 1.08, 1, 4000, 100.00
MANBA, EQ, 14-Aug-2026, 131.49, 131.00, 132.51, 128.50, 131.97, 130.02, 130.71, 68384, 89.39, 961, 24165, 35.34
MANCREDIT, EQ, 14-Aug-2026, 241.86, 245.74, 246.55, 236.00, 237.07, 238.07, 240.35, 47667, 114.57, 1242, 12933, 27.13
MANDEEP, SM, 14-Aug-2026, 20.15, 20.00, 20.10, 19.20, 19.20, 19.20, 19.91, 54000, 10.75, 6, 54000, 100.00
MANGALAM, EQ, 14-Aug-2026, 27.79, 29.00, 29.90, 27.60, 28.00, 28.07, 28.55, 41613, 11.88, 379, 25358, 60.94
MANGLMCEM, EQ, 14-Aug-2026, 902.85, 900.80, 905.20, 891.00, 896.40, 896.35, 898.67, 21568, 193.83, 540, 17697, 82.05
MANINDS, EQ, 14-Aug-2026, 576.15, 588.10, 616.00, 588.10, 599.00, 599.45, 605.77, 1277039, 7735.86, 34307, 324884, 25.44
MANINFRA, EQ, 14-Aug-2026, 104.77, 107.00, 108.56, 105.11, 106.20, 106.15, 106.92, 1031223, 1102.60, 6332, 248249, 24.07
MANIPALHOS, EQ, 14-Aug-2026, 695.30, 695.30, 715.00, 690.50, 705.45, 706.95, 701.15, 1401443, 9826.25, 32729, 697070, 49.74
MANKIND, EQ, 14-Aug-2026, 2404.40, 2412.50, 2458.00, 2412.50, 2425.20, 2425.20, 2437.10, 465158, 11336.35, 38245, 197805, 42.52
MANOMAY, EQ, 14-Aug-2026, 218.46, 219.45, 219.45, 210.35, 218.00, 215.12, 216.58, 88951, 192.65, 2320, 24522, 27.57
MANORAMA, EQ, 14-Aug-2026, 1614.10, 1729.00, 1868.00, 1683.10, 1742.00, 1737.10, 1777.91, 7298393, 129758.63, 346006, 1043993, 14.30
MANORG, EQ, 14-Aug-2026, 451.90, 451.05, 454.25, 445.15, 449.90, 449.90, 448.86, 11519, 51.70, 387, 9272, 80.49
MANUFGBEES, EQ, 14-Aug-2026, 167.03, 167.86, 170.00, 165.95, 167.13, 169.27, 166.90, 2141, 3.57, 85, 2135, 99.72
MANUGRAPH, BE, 14-Aug-2026, 16.19, 15.70, 16.29, 15.50, 16.20, 15.59, 15.53, 37727, 5.86, 76, -, -
MANYAVAR, EQ, 14-Aug-2026, 523.00, 526.00, 532.25, 519.15, 530.00, 528.75, 527.15, 374338, 1973.34, 29655, 140648, 37.57
MAPMYINDIA, EQ, 14-Aug-2026, 993.70, 993.70, 999.00, 985.00, 985.00, 989.70, 993.00, 69778, 692.90, 5440, 32761, 46.95
MARALOVER, BE, 14-Aug-2026, 53.41, 53.00, 53.69, 51.10, 52.99, 53.10, 52.55, 3234, 1.70, 39, -, -
MARATHON, EQ, 14-Aug-2026, 369.25, 367.80, 375.00, 361.25, 361.35, 365.15, 365.50, 98450, 359.83, 2096, 74696, 75.87
MARC, SM, 14-Aug-2026, 130.00, 130.00, 130.00, 130.00, 130.00, 130.00, 130.00, 1200, 1.56, 1, 1200, 100.00
MARCO, SM, 14-Aug-2026, 30.20, 31.25, 31.95, 31.25, 31.95, 31.95, 31.50, 4500, 1.42, 3, 4500, 100.00
MARICO, EQ, 14-Aug-2026, 864.45, 864.45, 867.05, 857.65, 865.20, 865.20, 863.57, 1050654, 9073.10, 26082, 595816, 56.71
MARINE, EQ, 14-Aug-2026, 371.20, 372.00, 388.00, 362.25, 371.90, 370.70, 378.71, 1686077, 6385.29, 34156, 650599, 38.59
MARINETRAN, SM, 14-Aug-2026, 17.90, 18.00, 18.00, 18.00, 18.00, 18.00, 18.00, 4000, 0.72, 1, 4000, 100.00
MARKOLINES, EQ, 14-Aug-2026, 177.46, 179.15, 179.50, 173.83, 173.83, 175.12, 176.25, 65488, 115.42, 825, 27609, 42.16
MARKSANS, EQ, 14-Aug-2026, 303.40, 301.15, 336.60, 300.75, 335.85, 333.00, 325.36, 20243407, 65863.33, 192146, 3759808, 18.57
MARSONS, EQ, 14-Aug-2026, 102.58, 102.30, 109.90, 101.75, 104.45, 104.52, 106.06, 3581844, 3798.76, 19665, 1206219, 33.68
MARUSHIKA, SM, 14-Aug-2026, 116.10, 106.10, 117.00, 106.10, 117.00, 116.40, 115.29, 15600, 17.99, 13, 13200, 84.62
MARUTI, EQ, 14-Aug-2026, 13905.00, 13905.00, 13943.00, 13760.00, 13834.00, 13834.00, 13872.80, 216810, 30077.62, 38309, 97606, 45.02
MASFIN, EQ, 14-Aug-2026, 303.65, 305.00, 305.95, 300.35, 301.30, 301.50, 301.63, 71544, 215.80, 3830, 44326, 61.96
MASKINVEST, EQ, 14-Aug-2026, 147.40, 148.13, 148.13, 148.13, 148.13, 148.13, 148.13, 1, 0.00, 1, 1, 100.00
MASON, SM, 14-Aug-2026, 123.35, 123.35, 124.85, 121.00, 124.85, 124.85, 122.96, 9500, 11.68, 11, 9000, 94.74
MASPTOP50, EQ, 14-Aug-2026, 80.55, 80.72, 80.72, 80.72, 80.72, 80.72, 80.72, 40028, 32.31, 151, 40028, 100.00
MASTEK, EQ, 14-Aug-2026, 1826.40, 1833.00, 1850.00, 1805.00, 1840.00, 1832.20, 1822.54, 24933, 454.41, 4500, 11705, 46.95
MASTER, SM, 14-Aug-2026, 475.00, 488.00, 488.00, 488.00, 488.00, 488.00, 488.00, 500, 2.44, 1, 500, 100.00
MASTERTR, EQ, 14-Aug-2026, 78.66, 78.02, 80.77, 77.52, 78.50, 78.38, 78.16, 142450, 111.33, 1033, 36163, 25.39
MATRIMONY, EQ, 14-Aug-2026, 538.00, 539.90, 542.90, 528.05, 538.00, 538.40, 535.49, 61565, 329.67, 1344, 51228, 83.21
MAWANASUG, EQ, 14-Aug-2026, 116.36, 115.18, 122.70, 114.80, 115.65, 116.04, 117.71, 319639, 376.23, 3020, 161558, 50.54
MAXESTATES, EQ, 14-Aug-2026, 439.55, 442.80, 455.00, 435.00, 442.00, 441.95, 445.44, 95873, 427.05, 3606, 56877, 59.33
MAXHEALTH, EQ, 14-Aug-2026, 1013.30, 1013.30, 1017.90, 981.10, 1008.60, 1008.60, 1006.37, 4051822, 40776.21, 65677, 2245357, 55.42
MAXIND, EQ, 14-Aug-2026, 157.39, 158.54, 158.84, 149.50, 151.51, 151.13, 152.75, 243638, 372.15, 5488, 134616, 55.25
MAXVOLT, ST, 14-Aug-2026, 317.65, 323.30, 333.50, 320.00, 333.50, 333.50, 331.09, 28000, 92.70, 65, 27600, 98.57
MAYURUNIQ, EQ, 14-Aug-2026, 755.45, 759.00, 767.45, 742.25, 747.25, 744.40, 751.87, 50059, 376.38, 4269, 28761, 57.45
MAZDA, BE, 14-Aug-2026, 236.56, 232.65, 239.95, 232.65, 236.00, 235.16, 235.84, 2678, 6.32, 116, -, -
MAZDOCK, EQ, 14-Aug-2026, 2571.00, 2571.00, 2603.70, 2554.00, 2580.00, 2580.00, 2584.72, 1101261, 28464.50, 40073, 360158, 32.70
MBAPL, EQ, 14-Aug-2026, 168.12, 166.50, 170.59, 166.50, 168.00, 168.46, 168.58, 427384, 720.47, 4546, 251159, 58.77
MBEL, EQ, 14-Aug-2026, 270.00, 270.10, 279.00, 268.60, 269.25, 270.40, 273.03, 231776, 632.82, 8367, 108081, 46.63
MBLINFRA, EQ, 14-Aug-2026, 25.02, 25.02, 25.49, 24.54, 24.61, 24.61, 24.84, 17395, 4.32, 115, 10677, 61.38
MCCHRLS-B, EQ, 14-Aug-2026, 677.30, 699.80, 700.00, 675.00, 680.00, 679.35, 690.64, 97, 0.67, 14, 90, 92.78
MCL, EQ, 14-Aug-2026, 57.71, 56.61, 58.60, 56.61, 57.42, 57.20, 57.31, 52136, 29.88, 3595, 12684, 24.33
MCLEODRUSS, EQ, 14-Aug-2026, 46.48, 46.98, 46.98, 45.99, 46.11, 46.27, 46.44, 119892, 55.68, 1061, 73045, 60.93
MCLOUD, EQ, 14-Aug-2026, 29.06, 29.06, 29.06, 28.10, 28.63, 28.48, 28.65, 1019083, 291.98, 5508, 401809, 39.43
MCON, SM, 14-Aug-2026, 41.95, 42.95, 44.00, 42.50, 44.00, 44.00, 43.50, 9000, 3.92, 9, 7000, 77.78
MCX, EQ, 14-Aug-2026, 2970.00, 2970.00, 2977.40, 2911.50, 2911.50, 2911.50, 2945.63, 1478383, 43547.67, 78528, 732854, 49.57
MDL, ST, 14-Aug-2026, 60.85, 57.85, 57.85, 57.85, 57.85, 57.85, 57.85, 3000, 1.74, 3, 3000, 100.00
MEDANTA, EQ, 14-Aug-2026, 1410.40, 1410.00, 1429.90, 1390.40, 1429.00, 1422.60, 1417.16, 296264, 4198.55, 11636, 206388, 69.66
MEDIASSIST, EQ, 14-Aug-2026, 350.40, 352.90, 352.90, 345.00, 350.00, 348.70, 348.58, 87125, 303.70, 2579, 58614, 67.28
MEDICAMEQ, EQ, 14-Aug-2026, 241.02, 243.99, 244.54, 232.05, 238.00, 240.45, 239.62, 12895, 30.90, 580, 10628, 82.42
MEDICO, EQ, 14-Aug-2026, 47.86, 47.00, 47.00, 43.63, 44.80, 45.58, 45.45, 572694, 260.28, 3399, 318329, 55.58
MEDIORG, SM, 14-Aug-2026, 24.35, 24.85, 24.85, 24.35, 24.35, 24.35, 24.48, 8000, 1.96, 4, 6000, 75.00
MEDPLUS, EQ, 14-Aug-2026, 667.90, 667.45, 671.55, 665.00, 668.00, 668.95, 668.29, 58139, 388.54, 3476, 37987, 65.34
MEESHO, EQ, 14-Aug-2026, 193.62, 193.10, 193.34, 190.10, 191.20, 191.16, 191.59, 6853564, 13130.83, 63680, 3610786, 52.68
MEGASTAR, EQ, 14-Aug-2026, 304.25, 302.00, 316.90, 299.75, 315.80, 315.60, 307.78, 4965, 15.28, 313, 3202, 64.49
MEGATHERM, SM, 14-Aug-2026, 193.70, 197.00, 197.00, 192.50, 194.50, 194.85, 194.72, 17200, 33.49, 39, 15600, 90.70
MEIL, EQ, 14-Aug-2026, 274.45, 272.35, 274.85, 270.00, 274.85, 272.50, 272.39, 18631, 50.75, 777, 12617, 67.72
MENNPIS, EQ, 14-Aug-2026, 72.25, 72.78, 75.00, 71.69, 74.00, 73.72, 72.96, 36121, 26.35, 506, 18498, 51.21
MENONBE, BE, 14-Aug-2026, 234.72, 234.72, 237.95, 226.00, 229.30, 229.68, 229.63, 57837, 132.81, 443, -, -
MEP, BZ, 14-Aug-2026, 0.61, 0.62, 0.62, 0.62, 0.62, 0.62, 0.62, 4363, 0.03, 8, -, -
MERCANTILE, EQ, 14-Aug-2026, 24.10, 25.95, 25.95, 23.61, 24.01, 24.07, 24.59, 7196, 1.77, 72, 2064, 28.68
MERCURYEV, EQ, 14-Aug-2026, 34.60, 35.08, 36.40, 34.00, 36.25, 36.08, 35.57, 140532, 49.98, 1319, 111836, 79.58
METAL, EQ, 14-Aug-2026, 13.13, 12.80, 13.45, 12.80, 13.09, 13.12, 13.06, 2057548, 268.71, 4595, 1042270, 50.66
METALIC, SM, 14-Aug-2026, 114.15, 114.15, 126.00, 112.30, 124.00, 124.85, 120.54, 305600, 368.38, 187, 198400, 64.92
METALIETF, EQ, 14-Aug-2026, 13.10, 12.84, 13.11, 12.84, 13.11, 13.07, 13.02, 7037859, 915.99, 9331, 3792024, 53.88
METROBRAND, EQ, 14-Aug-2026, 943.80, 940.00, 947.90, 930.00, 938.60, 944.10, 940.20, 24118, 226.76, 4424, 13972, 57.93
METROGLOBL, EQ, 14-Aug-2026, 132.32, 135.00, 147.95, 133.50, 145.00, 146.11, 140.91, 23758, 33.48, 757, 18828, 79.25
METROPOLIS, EQ, 14-Aug-2026, 558.50, 560.00, 561.00, 542.20, 542.30, 545.50, 551.41, 242030, 1334.59, 17904, 128583, 53.13
MFML, EQ, 14-Aug-2026, 19.23, 19.23, 19.65, 18.61, 19.35, 19.34, 19.41, 2106, 0.41, 47, 1520, 72.17
MFSL, EQ, 14-Aug-2026, 1512.40, 1555.00, 1574.90, 1511.20, 1538.10, 1538.10, 1544.55, 3968114, 61289.57, 115097, 1093702, 27.56
MGEL, BE, 14-Aug-2026, 14.28, 14.65, 14.65, 14.30, 14.48, 14.43, 14.39, 16535, 2.38, 100, -, -
MGL, EQ, 14-Aug-2026, 1125.80, 1127.40, 1162.60, 1127.40, 1140.00, 1138.70, 1146.22, 234621, 2689.28, 16477, 94024, 40.07
MGSL, SM, 14-Aug-2026, 68.40, 69.80, 82.00, 69.80, 77.90, 77.90, 75.75, 16800, 12.73, 13, 16800, 100.00
MHLXMIRU, EQ, 14-Aug-2026, 188.56, 202.40, 203.41, 186.97, 190.00, 188.77, 192.07, 81013, 155.60, 1153, 42338, 52.26
MHRIL, EQ, 14-Aug-2026, 223.88, 225.87, 229.99, 223.88, 229.98, 226.62, 226.14, 91789, 207.57, 2833, 51891, 56.53
MICEL, BE, 14-Aug-2026, 36.31, 36.00, 36.79, 35.75, 36.64, 36.55, 36.13, 121506, 43.90, 930, -, -
MID150, EQ, 14-Aug-2026, 23.91, 24.39, 24.39, 23.75, 23.85, 23.80, 23.80, 116034, 27.62, 184, 90236, 77.77
MID150BEES, EQ, 14-Aug-2026, 243.53, 242.00, 244.99, 241.10, 243.10, 242.91, 242.99, 380128, 923.68, 5420, 267966, 70.49
MID150CASE, EQ, 14-Aug-2026, 11.83, 12.12, 12.12, 11.79, 11.85, 11.81, 11.81, 1139811, 134.66, 3642, 776773, 68.15
MIDBANKADD, EQ, 14-Aug-2026, 17.47, 17.47, 17.47, 17.34, 17.39, 17.39, 17.40, 5295, 0.92, 39, 5119, 96.68
MIDCAP, EQ, 14-Aug-2026, 18.74, 18.78, 18.82, 18.65, 18.70, 18.70, 18.72, 332629, 62.28, 788, 179588, 53.99
MIDCAPADD, EQ, 14-Aug-2026, 23.44, 23.56, 23.59, 23.51, 23.54, 23.53, 23.55, 8089, 1.90, 33, 7684, 94.99
MIDCAPBETA, EQ, 14-Aug-2026, 237.56, 237.56, 237.56, 236.44, 237.22, 237.22, 236.79, 531, 1.26, 22, 531, 100.00
MIDCAPETF, EQ, 14-Aug-2026, 24.01, 24.01, 24.50, 23.94, 23.99, 23.98, 24.00, 928746, 222.92, 3919, 713029, 76.77
MIDCAPIETF, EQ, 14-Aug-2026, 24.36, 24.36, 24.47, 24.25, 24.37, 24.33, 24.32, 602947, 146.66, 1939, 411136, 68.19
MIDHANI, EQ, 14-Aug-2026, 444.85, 444.00, 447.70, 413.15, 415.00, 416.70, 420.95, 4346943, 18298.48, 69605, 1198208, 27.56
MIDQ50ADD, EQ, 14-Aug-2026, 25.54, 25.61, 25.79, 25.52, 25.75, 25.68, 25.62, 58296, 14.94, 118, 40129, 68.84
MIDSELIETF, EQ, 14-Aug-2026, 19.87, 20.00, 20.00, 19.82, 19.94, 19.90, 19.88, 119642, 23.79, 527, 86011, 71.89
MIDSMALL, EQ, 14-Aug-2026, 52.47, 52.29, 52.76, 52.10, 52.18, 52.19, 52.31, 143965, 75.31, 710, 84037, 58.37
MIDWESTLTD, EQ, 14-Aug-2026, 1128.60, 1130.20, 1180.40, 1119.10, 1128.60, 1125.70, 1141.91, 20513, 234.24, 1683, 8365, 40.78
MIEL, SM, 14-Aug-2026, 13.00, 13.00, 13.00, 13.00, 13.00, 13.00, 13.00, 4000, 0.52, 2, 4000, 100.00
MILTON, SM, 14-Aug-2026, 36.80, 35.65, 38.60, 35.50, 38.60, 38.60, 35.61, 547800, 195.08, 14, 543400, 99.20
MINDACORP, EQ, 14-Aug-2026, 712.05, 716.70, 769.00, 716.70, 720.00, 720.05, 746.49, 4747307, 35438.08, 121854, 824448, 17.37
MINDSPACE, RR, 14-Aug-2026, 494.69, 495.99, 496.50, 492.35, 496.00, 495.27, 495.49, 470718, 2332.38, 8958, 454071, 96.46
MINDTECK, EQ, 14-Aug-2026, 177.05, 176.36, 179.52, 176.36, 177.50, 177.85, 177.84, 21771, 38.72, 942, 11102, 50.99
MIRZAINT, EQ, 14-Aug-2026, 32.14, 31.70, 32.50, 31.60, 31.65, 31.73, 31.90, 116240, 37.08, 872, 68052, 58.54
MITCON, BE, 14-Aug-2026, 77.47, 81.00, 81.00, 75.55, 79.59, 79.59, 78.57, 4095, 3.22, 46, -, -
MITTAL, EQ, 14-Aug-2026, 0.92, 0.91, 0.92, 0.90, 0.92, 0.91, 0.91, 152848, 1.39, 212, 99174, 64.88
MKPL, EQ, 14-Aug-2026, 4.17, 4.21, 4.21, 4.10, 4.17, 4.13, 4.14, 118812, 4.92, 419, 84644, 71.24
MMEL, ST, 14-Aug-2026, 24.80, 24.70, 24.70, 24.70, 24.70, 24.70, 24.70, 2000, 0.49, 1, 2000, 100.00
MMFL, EQ, 14-Aug-2026, 621.60, 615.95, 619.80, 580.25, 590.00, 589.75, 594.58, 242897, 1444.22, 11544, 147328, 60.65
MMP, EQ, 14-Aug-2026, 337.90, 337.00, 348.40, 331.55, 336.80, 337.50, 341.40, 46178, 157.65, 2190, 25943, 56.18
MMTC, EQ, 14-Aug-2026, 63.89, 64.10, 64.99, 64.00, 64.30, 64.35, 64.53, 1263041, 814.98, 9964, 576974, 45.68
MMWL, EQ, 14-Aug-2026, 15.29, 15.46, 16.05, 15.00, 15.98, 15.87, 15.80, 182890, 28.90, 392, 158985, 86.93
MNC, EQ, 14-Aug-2026, 35.26, 35.08, 35.26, 34.67, 34.85, 34.79, 34.83, 95710, 33.34, 645, 59076, 61.72
MOALPHA50, EQ, 14-Aug-2026, 56.15, 56.30, 56.30, 56.00, 56.15, 56.15, 56.14, 2766, 1.55, 40, 2631, 95.12
MOBANK10, EQ, 14-Aug-2026, 17.07, 17.27, 17.29, 16.75, 17.00, 16.93, 17.01, 9548, 1.62, 167, 6558, 68.68
MOBIKWIK, EQ, 14-Aug-2026, 203.66, 204.40, 207.80, 202.10, 203.51, 203.21, 204.87, 701717, 1437.59, 8739, 244079, 34.78
MOBILISE, ST, 14-Aug-2026, 111.70, 107.05, 107.05, 107.05, 107.05, 107.05, 107.05, 1600, 1.71, 1, 1600, 100.00
MOCAPITAL, EQ, 14-Aug-2026, 53.72, 53.74, 53.80, 53.11, 53.24, 53.26, 53.36, 758080, 404.54, 2657, 481261, 63.48
MODEFENCE, EQ, 14-Aug-2026, 107.46, 107.47, 107.95, 106.81, 107.50, 107.64, 107.53, 1680578, 1807.13, 7604, 947170, 56.36
MODINATUR, BE, 14-Aug-2026, 398.05, 398.05, 403.90, 388.05, 401.00, 400.65, 399.56, 11488, 45.90, 107, -, -
MODIRUBBER, EQ, 14-Aug-2026, 119.36, 120.00, 120.50, 118.00, 118.00, 119.33, 118.60, 820, 0.97, 35, 584, 71.22
MODIS, EQ, 14-Aug-2026, 398.15, 398.05, 405.00, 398.05, 405.00, 400.05, 400.07, 43066, 172.29, 388, 40019, 92.92
MODISONLTD, BE, 14-Aug-2026, 323.00, 339.15, 339.15, 339.15, 339.15, 339.15, 339.15, 50260, 170.46, 198, -, -
MODTHREAD, EQ, 14-Aug-2026, 45.36, 49.80, 49.80, 46.01, 48.47, 48.28, 48.42, 560, 0.27, 18, 455, 81.25
MOENERGY, EQ, 14-Aug-2026, 38.83, 39.33, 39.33, 38.65, 38.87, 38.82, 38.77, 73730, 28.58, 634, 56284, 76.34
MOGOLD, EQ, 14-Aug-2026, 150.45, 149.80, 150.05, 148.35, 150.05, 149.95, 149.20, 35441, 52.88, 389, 17392, 49.07
MOGSEC, EQ, 14-Aug-2026, 65.63, 65.44, 65.80, 65.39, 65.50, 65.50, 65.62, 460, 0.30, 57, 428, 93.04
MOHEALTH, EQ, 14-Aug-2026, 51.79, 52.04, 52.04, 51.26, 51.82, 51.76, 51.68, 38464, 19.88, 451, 28267, 73.49
MOHITIND, EQ, 14-Aug-2026, 24.53, 24.60, 24.75, 23.67, 24.25, 23.81, 24.05, 22005, 5.29, 161, 14211, 64.58
MOIL, EQ, 14-Aug-2026, 279.60, 279.60, 279.85, 273.25, 273.55, 274.15, 274.84, 561480, 1543.16, 14647, 274503, 48.89
MOINFRA, EQ, 14-Aug-2026, 60.03, 59.90, 60.03, 59.54, 59.96, 59.94, 59.85, 1538, 0.92, 62, 1245, 80.95
MOIPO, EQ, 14-Aug-2026, 48.96, 49.05, 49.05, 48.52, 48.84, 48.76, 48.85, 768, 0.38, 41, 667, 86.85
MOKSH, EQ, 14-Aug-2026, 10.61, 10.75, 10.77, 10.23, 10.70, 10.53, 10.44, 57429, 5.99, 332, 33417, 58.19
MOL, EQ, 14-Aug-2026, 57.98, 57.99, 63.67, 57.54, 63.11, 63.23, 61.74, 12711413, 7848.65, 51034, 2831489, 22.28
MOLDTECH, BE, 14-Aug-2026, 188.42, 185.00, 189.00, 184.00, 186.00, 185.54, 186.30, 38965, 72.59, 345, -, -
MOLDTKPAC, EQ, 14-Aug-2026, 694.40, 698.00, 698.00, 685.00, 691.00, 694.40, 690.98, 35526, 245.48, 2045, 20508, 57.73
MOLOWVOL, EQ, 14-Aug-2026, 37.57, 37.30, 37.99, 37.15, 37.38, 37.36, 37.29, 4431, 1.65, 45, 3991, 90.07
MOM100, EQ, 14-Aug-2026, 69.00, 69.01, 69.20, 68.70, 68.99, 68.86, 68.96, 209236, 144.30, 2091, 127128, 60.76
MOM30IETF, EQ, 14-Aug-2026, 31.72, 31.73, 31.81, 31.57, 31.61, 31.65, 31.65, 230950, 73.10, 1411, 137631, 59.59
MOM50, EQ, 14-Aug-2026, 256.40, 255.10, 255.67, 253.96, 255.60, 254.25, 254.72, 3147, 8.02, 106, 2727, 86.65
MOMENTUM, EQ, 14-Aug-2026, 31.57, 32.35, 32.35, 31.38, 31.89, 31.65, 31.53, 19599, 6.18, 166, 10014, 51.09
MOMENTUM30, EQ, 14-Aug-2026, 31.21, 31.21, 31.24, 31.00, 31.24, 31.17, 31.18, 170325, 53.10, 84, 162953, 95.67
MOMENTUM50, EQ, 14-Aug-2026, 54.67, 54.67, 54.74, 54.22, 54.50, 54.41, 54.44, 345589, 188.14, 1592, 184658, 53.43
MOMETAL, EQ, 14-Aug-2026, 13.04, 13.30, 13.30, 12.85, 13.06, 13.05, 12.91, 17506, 2.26, 33, 17076, 97.54
MOMGF, EQ, 14-Aug-2026, 167.42, 165.87, 167.42, 165.00, 167.42, 165.88, 165.68, 799, 1.32, 31, 696, 87.11
MOMIDMTM, EQ, 14-Aug-2026, 65.15, 65.88, 65.88, 64.75, 65.21, 65.04, 65.14, 81382, 53.02, 315, 74038, 90.98
MOMMIDCAP, EQ, 14-Aug-2026, 13.09, 13.39, 13.39, 13.01, 13.02, 13.02, 13.04, 739455, 96.42, 490, 703317, 95.11
MOMNC, EQ, 14-Aug-2026, 33.54, 33.82, 33.84, 33.59, 33.76, 33.76, 33.77, 2495, 0.84, 23, 2469, 98.96
MOMOMENTUM, EQ, 14-Aug-2026, 63.12, 63.43, 63.70, 62.74, 63.10, 62.96, 62.99, 34185, 21.53, 363, 22533, 65.91
MON100, EQ, 14-Aug-2026, 330.55, 332.60, 332.60, 332.60, 332.60, 332.60, 332.60, 127466, 423.95, 989, 127466, 100.00
MON50EQUAL, EQ, 14-Aug-2026, 33.94, 33.88, 33.98, 33.88, 33.90, 33.90, 33.89, 2339, 0.79, 36, 2339, 100.00
MONARCH, EQ, 14-Aug-2026, 379.35, 380.00, 406.95, 377.85, 389.00, 390.60, 395.93, 874751, 3463.42, 15180, 285431, 32.63
MONEXT50, EQ, 14-Aug-2026, 74.29, 74.60, 74.83, 74.35, 74.63, 74.66, 74.67, 2790, 2.08, 49, 2727, 97.74
MONEYBOXX, EQ, 14-Aug-2026, 57.76, 57.76, 59.00, 57.25, 59.00, 58.49, 57.91, 1706, 0.99, 62, 1649, 96.66
MONIFTY100, EQ, 14-Aug-2026, 25.92, 25.92, 26.25, 25.61, 25.80, 25.80, 25.76, 6591, 1.70, 65, 4434, 67.27
MONIFTY500, EQ, 14-Aug-2026, 24.22, 24.27, 24.37, 24.12, 24.27, 24.21, 24.21, 290694, 70.38, 1125, 208631, 71.77
MONOLITH, SM, 14-Aug-2026, 967.60, 967.60, 973.95, 905.00, 940.00, 950.25, 949.23, 192250, 1824.89, 552, 92750, 48.24
MONOPHARMA, SM, 14-Aug-2026, 7.85, 8.00, 8.20, 8.00, 8.20, 8.20, 8.11, 10000, 0.81, 4, 10000, 100.00
MONQ50, EQ, 14-Aug-2026, 148.63, 150.15, 150.15, 150.15, 150.15, 150.15, 150.15, 27732, 41.64, 158, 27732, 100.00
MONTECARLO, EQ, 14-Aug-2026, 504.70, 505.90, 513.90, 502.05, 508.75, 508.40, 508.14, 47646, 242.11, 1899, 29438, 61.78
MOOILGAS, EQ, 14-Aug-2026, 11.23, 11.38, 11.38, 11.19, 11.21, 11.21, 11.23, 1675, 0.19, 28, 1475, 88.06
MOPSE, EQ, 14-Aug-2026, 99.99, 101.48, 101.49, 99.90, 100.39, 100.39, 100.61, 1737, 1.75, 31, 1584, 91.19
MOQUALITY, EQ, 14-Aug-2026, 205.94, 205.02, 205.38, 204.37, 205.35, 205.35, 205.21, 1367, 2.81, 28, 1262, 92.32
MOREALTY, EQ, 14-Aug-2026, 89.94, 89.95, 90.32, 89.31, 89.50, 89.67, 89.83, 476160, 427.73, 1456, 250751, 52.66
MOREPENLAB, EQ, 14-Aug-2026, 80.89, 81.70, 84.84, 78.50, 84.12, 84.19, 82.54, 40157885, 33148.11, 103013, 8849213, 22.04
MOS, ST, 14-Aug-2026, 10.65, 10.30, 10.65, 10.15, 10.15, 10.15, 10.31, 148000, 15.25, 34, 136000, 91.89
MOSCHIP, EQ, 14-Aug-2026, 210.49, 209.60, 211.48, 207.00, 208.66, 208.31, 208.61, 705281, 1471.32, 9172, 319307, 45.27
MOSERVICE, EQ, 14-Aug-2026, 31.25, 31.19, 31.42, 31.19, 31.40, 31.40, 31.25, 1403, 0.44, 19, 1400, 99.79
MOSILVER, EQ, 14-Aug-2026, 228.92, 228.37, 229.68, 225.25, 229.68, 229.02, 227.30, 28199, 64.10, 815, 8269, 29.32
MOSMALL250, EQ, 14-Aug-2026, 18.44, 18.53, 18.53, 18.37, 18.44, 18.43, 18.41, 476071, 87.65, 1814, 336405, 70.66
MOTHERSON, EQ, 14-Aug-2026, 167.40, 167.42, 169.28, 166.71, 168.30, 168.30, 168.19, 10509453, 17675.37, 74783, 5416766, 51.54
MOTILALOFS, EQ, 14-Aug-2026, 897.50, 900.05, 905.95, 890.00, 903.70, 903.70, 900.59, 473233, 4261.87, 14994, 221617, 46.83
MOTISONS, EQ, 14-Aug-2026, 14.62, 14.76, 17.50, 14.48, 16.72, 16.75, 16.29, 410441404, 66846.75, 723120, 38066502, 9.27
MOTOGENFIN, BE, 14-Aug-2026, 26.65, 26.07, 26.07, 26.07, 26.07, 26.07, 26.07, 755, 0.20, 2, -, -
MOTOUR, EQ, 14-Aug-2026, 80.17, 80.49, 80.70, 79.70, 80.40, 80.18, 80.19, 16303, 13.07, 147, 15213, 93.31
MOVALUE, EQ, 14-Aug-2026, 115.22, 115.79, 115.90, 113.97, 114.88, 114.71, 114.51, 76391, 87.47, 843, 33090, 43.32
MOXSH, SM, 14-Aug-2026, 106.00, 109.00, 109.00, 109.00, 109.00, 109.00, 109.00, 1600, 1.74, 1, 1600, 100.00
MPEL, ST, 14-Aug-2026, 35.05, 35.00, 35.00, 34.85, 34.85, 34.85, 34.93, 3200, 1.12, 2, 3200, 100.00
MPHASIS, EQ, 14-Aug-2026, 2541.00, 2537.00, 2556.90, 2501.00, 2545.00, 2545.00, 2534.98, 370677, 9396.59, 19222, 166598, 44.94
MPSLTD, EQ, 14-Aug-2026, 2756.50, 2750.10, 2827.90, 2750.10, 2816.00, 2808.70, 2792.24, 20957, 585.17, 2869, 9410, 44.90
MRF, EQ, 14-Aug-2026, 130985.00, 130985.00, 133855.00, 130560.00, 133235.00, 133490.00, 132451.26, 4857, 6433.16, 3274, 2780, 57.24
MRPL, EQ, 14-Aug-2026, 174.38, 173.81, 176.69, 170.00, 170.70, 170.54, 172.31, 3410330, 5876.21, 21452, 1245404, 36.52
MSCI360, EQ, 14-Aug-2026, 10.28, 10.25, 10.70, 10.25, 10.25, 10.25, 10.35, 31972, 3.31, 31, 23417, 73.24
MSCIADD, EQ, 14-Aug-2026, 30.05, 30.00, 30.00, 29.99, 29.99, 29.99, 30.00, 20, 0.01, 2, 20, 100.00
MSCIINDIA, EQ, 14-Aug-2026, 30.33, 30.33, 30.40, 30.18, 30.33, 30.38, 30.33, 41707, 12.65, 78, 41543, 99.61
MSPL, EQ, 14-Aug-2026, 34.03, 33.51, 33.87, 33.00, 33.50, 33.48, 33.52, 685622, 229.80, 3618, 453336, 66.12
MSTCLTD, EQ, 14-Aug-2026, 580.70, 579.55, 628.80, 578.00, 625.50, 623.40, 609.90, 831926, 5073.92, 25738, 334633, 40.22
MSUMI, EQ, 14-Aug-2026, 40.44, 40.40, 40.97, 40.26, 40.36, 40.35, 40.57, 4647176, 1885.53, 30067, 2210687, 47.57
MTARTECH, BE, 14-Aug-2026, 7234.00, 7268.00, 7268.00, 7020.00, 7049.50, 7056.00, 7089.16, 54652, 3874.37, 9794, -, -
MTEDUCARE, BE, 14-Aug-2026, 1.89, 1.97, 1.97, 1.80, 1.87, 1.87, 1.85, 30523, 0.57, 53, -, -
MTNL, EQ, 14-Aug-2026, 26.54, 26.54, 26.69, 26.30, 26.36, 26.35, 26.45, 460875, 121.91, 2589, 204470, 44.37
MUFIN, EQ, 14-Aug-2026, 136.47, 136.99, 138.00, 134.76, 135.91, 135.54, 136.39, 655319, 893.81, 3396, 231379, 35.31
MUFTI, EQ, 14-Aug-2026, 79.31, 79.87, 80.00, 78.01, 78.55, 78.20, 78.65, 58497, 46.01, 1310, 37469, 64.05
MUKANDLTD, EQ, 14-Aug-2026, 135.60, 135.70, 136.52, 133.03, 134.48, 134.14, 134.31, 84973, 114.12, 1401, 47201, 55.55
MUKKA, EQ, 14-Aug-2026, 26.16, 26.25, 27.17, 25.44, 26.55, 26.50, 26.35, 920331, 242.53, 3564, 316646, 34.41
MUKTAARTS, BE, 14-Aug-2026, 57.83, 56.00, 57.83, 56.00, 56.50, 56.50, 56.97, 2538, 1.45, 22, -, -
MULTICAP, EQ, 14-Aug-2026, 16.93, 16.93, 16.98, 16.89, 16.94, 16.92, 16.93, 77676, 13.15, 509, 49869, 64.20
MUNISH, SM, 14-Aug-2026, 89.70, 86.05, 86.05, 85.10, 85.10, 85.10, 85.47, 6000, 5.13, 5, 4800, 80.00
MUNJALAU, EQ, 14-Aug-2026, 119.37, 122.06, 125.23, 116.68, 120.70, 120.53, 121.07, 24017145, 29078.57, 128715, 2073972, 8.64
MUNJALSHOW, EQ, 14-Aug-2026, 140.08, 140.50, 143.30, 137.30, 137.93, 138.21, 140.02, 76446, 107.04, 1193, 40997, 53.63
MURUDCERA, EQ, 14-Aug-2026, 30.57, 30.50, 31.25, 30.32, 30.41, 30.50, 30.49, 15413, 4.70, 113, 15042, 97.59
MUTHOOTCAP, EQ, 14-Aug-2026, 258.10, 260.50, 260.87, 254.97, 255.05, 255.41, 256.19, 3956, 10.13, 199, 2642, 66.78
MUTHOOTFIN, EQ, 14-Aug-2026, 2875.70, 2875.70, 2883.00, 2841.30, 2842.00, 2842.00, 2851.33, 514052, 14657.33, 41852, 315669, 61.41
MUTHOOTMF, EQ, 14-Aug-2026, 210.95, 213.00, 213.35, 207.72, 208.21, 208.41, 209.87, 425096, 892.16, 7374, 195568, 46.01
MVELECTRO, EQ, 14-Aug-2026, 615.10, 618.80, 632.00, 585.00, 587.05, 588.65, 605.58, 980894, 5940.07, 22636, 285074, 29.06
MVGJL, EQ, 14-Aug-2026, 155.54, 155.97, 160.00, 154.83, 156.70, 157.14, 157.22, 31522, 49.56, 1135, 16199, 51.39
MVKAGRO, SM, 14-Aug-2026, 240.95, 228.95, 228.95, 228.95, 228.95, 228.95, 228.95, 21300, 48.77, 23, 21300, 100.00
MWL, EQ, 14-Aug-2026, 41.28, 41.69, 41.90, 40.33, 41.05, 41.28, 41.24, 221649, 91.41, 1040, 93675, 42.26
NACLIND, EQ, 14-Aug-2026, 172.19, 172.00, 172.90, 165.00, 166.98, 166.54, 167.22, 652171, 1090.53, 14245, 352836, 54.10
NAGREEKCAP, EQ, 14-Aug-2026, 22.38, 22.80, 24.34, 22.38, 23.40, 23.84, 23.64, 16605, 3.93, 165, 9387, 56.53
NAGREEKEXP, EQ, 14-Aug-2026, 22.64, 23.49, 25.49, 22.90, 24.47, 24.32, 24.44, 525284, 128.40, 1745, 271762, 51.74
NAHARCAP, EQ, 14-Aug-2026, 257.70, 259.98, 259.98, 253.00, 257.00, 256.06, 255.52, 1220, 3.12, 86, 889, 72.87
NAHARINDUS, EQ, 14-Aug-2026, 120.29, 123.71, 123.75, 119.50, 121.15, 122.04, 121.58, 12612, 15.33, 269, 9207, 73.00
NAHARPOLY, EQ, 14-Aug-2026, 249.45, 254.90, 254.95, 236.35, 241.00, 243.30, 244.47, 18847, 46.07, 771, 9105, 48.31
NAHARSPING, EQ, 14-Aug-2026, 301.75, 302.30, 308.95, 301.25, 302.50, 302.00, 302.56, 6077, 18.39, 264, 4679, 77.00
NAM-INDIA, EQ, 14-Aug-2026, 1177.00, 1170.00, 1177.40, 1159.60, 1167.90, 1167.90, 1163.98, 512668, 5967.36, 19064, 285731, 55.73
NAMAN, SM, 14-Aug-2026, 40.95, 40.95, 40.95, 40.95, 40.95, 40.95, 40.95, 2400, 0.98, 3, 2400, 100.00
NAMOEWASTE, ST, 14-Aug-2026, 266.50, 272.00, 274.95, 266.55, 274.00, 274.00, 272.10, 17600, 47.89, 22, 17600, 100.00
NARMADA, EQ, 14-Aug-2026, 14.80, 14.85, 15.30, 14.72, 15.21, 15.19, 15.09, 1450147, 218.87, 3144, 455708, 31.42
NATCAPSUQ, EQ, 14-Aug-2026, 146.93, 150.85, 151.49, 147.42, 150.15, 149.72, 149.24, 7278, 10.86, 313, 5732, 78.76
NATCOPHARM, EQ, 14-Aug-2026, 951.70, 951.70, 964.85, 886.35, 907.00, 903.15, 909.58, 2494304, 22687.60, 104089, 424918, 17.04
NATHBIOGEN, EQ, 14-Aug-2026, 155.08, 156.00, 156.00, 154.00, 155.10, 155.06, 154.96, 8765, 13.58, 197, 7445, 84.94
NATIONALUM, EQ, 14-Aug-2026, 400.50, 378.60, 384.95, 375.00, 376.00, 376.00, 379.12, 14954594, 56696.06, 135176, 5364640, 35.87
NATIONSTD, EQ, 14-Aug-2026, 156.28, 148.47, 148.47, 148.47, 148.47, 148.47, 148.47, 1513, 2.25, 133, 1513, 100.00
NAUKRI, EQ, 14-Aug-2026, 1357.30, 1365.00, 1367.10, 1337.00, 1343.00, 1343.00, 1345.22, 1048678, 14107.04, 76516, 675988, 64.46
NAVA, EQ, 14-Aug-2026, 581.15, 578.55, 588.40, 560.50, 568.50, 572.65, 574.91, 1150751, 6615.79, 37925, 219680, 19.09
NAVINFLUOR, EQ, 14-Aug-2026, 8294.00, 8340.00, 8345.50, 8213.00, 8236.00, 8235.00, 8262.71, 71116, 5876.11, 12904, 36166, 50.85
NAVKARCORP, EQ, 14-Aug-2026, 99.11, 99.20, 100.34, 98.40, 99.00, 99.49, 99.26, 219651, 218.02, 1660, 117090, 53.31
NAVKARURB, BE, 14-Aug-2026, 1.00, 1.00, 1.03, 0.96, 0.99, 0.99, 0.99, 332048, 3.29, 225, -, -
NAVNETEDUL, EQ, 14-Aug-2026, 135.23, 134.55, 135.00, 133.41, 134.00, 134.01, 134.15, 77803, 104.37, 1181, 53629, 68.93
NAZARA, EQ, 14-Aug-2026, 355.20, 354.60, 362.00, 354.60, 356.00, 355.90, 358.49, 1553469, 5568.97, 15397, 652307, 41.99
NBCC, EQ, 14-Aug-2026, 92.07, 91.99, 92.46, 89.10, 89.15, 89.15, 90.09, 10143348, 9138.54, 43325, 5088565, 50.17
NBIFIN, EQ, 14-Aug-2026, 2114.20, 2093.00, 2120.00, 2077.10, 2085.00, 2092.50, 2091.36, 384, 8.03, 73, 317, 82.55
NCC, EQ, 14-Aug-2026, 144.72, 143.20, 143.71, 140.47, 140.98, 140.65, 141.90, 1330863, 1888.46, 17993, 724207, 54.42
NCLIND, EQ, 14-Aug-2026, 173.64, 173.25, 174.60, 172.10, 172.10, 172.57, 172.72, 23482, 40.56, 2367, 15372, 65.46
NDGL, EQ, 14-Aug-2026, 2918.70, 2951.00, 3140.90, 2825.10, 2947.90, 2927.90, 3032.76, 1195, 36.24, 241, 748, 62.59
NDL, EQ, 14-Aug-2026, 2.36, 2.37, 2.38, 2.31, 2.34, 2.32, 2.34, 837890, 19.57, 906, 564753, 67.40
NDLVENTURE, EQ, 14-Aug-2026, 127.35, 129.90, 129.90, 125.22, 127.01, 127.46, 127.08, 7223, 9.18, 196, 4767, 66.00
NDRAUTO, EQ, 14-Aug-2026, 808.80, 808.80, 822.50, 796.00, 819.00, 817.00, 807.56, 29059, 234.67, 2085, 13119, 45.15
NDRINVIT, IV, 14-Aug-2026, 140.00, 146.90, 146.90, 140.00, 142.50, 142.50, 143.13, 75000, 107.35, 3, 50000, 66.67
NDTV, EQ, 14-Aug-2026, 76.37, 76.00, 76.84, 75.77, 76.84, 76.53, 76.17, 110333, 84.04, 960, 66942, 60.67
NEAGI, EQ, 14-Aug-2026, 3138.40, 3139.00, 3139.00, 3139.00, 3139.00, 3139.00, 3139.00, 18, 0.57, 6, 18, 100.00
NECCLTD, BE, 14-Aug-2026, 14.98, 15.10, 15.15, 14.85, 15.15, 15.10, 15.05, 16575, 2.49, 70, -, -
NECLIFE, BE, 14-Aug-2026, 11.34, 11.65, 11.65, 10.80, 11.10, 11.00, 11.45, 315029, 36.06, 421, -, -
NEELAM, SM, 14-Aug-2026, 8.40, 8.05, 8.50, 8.05, 8.15, 8.15, 8.28, 54000, 4.47, 9, 30000, 55.56
NELCAST, EQ, 14-Aug-2026, 118.63, 118.22, 119.70, 117.60, 118.00, 117.78, 118.17, 57674, 68.15, 1546, 36003, 62.43
NELCO, EQ, 14-Aug-2026, 1047.50, 1050.00, 1075.10, 1014.10, 1026.00, 1024.60, 1046.33, 409428, 4283.96, 17962, 119072, 29.08
NEOCHEM, ST, 14-Aug-2026, 89.80, 93.00, 93.00, 90.00, 91.00, 91.00, 92.09, 9600, 8.84, 8, 9600, 100.00
NEOGEN, EQ, 14-Aug-2026, 2138.90, 2139.00, 2223.10, 2112.20, 2220.00, 2204.90, 2190.49, 176126, 3858.02, 24496, 85964, 48.81
NEPHROCARE, ST, 14-Aug-2026, 92.00, 93.75, 93.75, 87.40, 87.40, 87.40, 89.66, 56000, 50.21, 65, 56000, 100.00
NEPHROPLUS, EQ, 14-Aug-2026, 675.90, 675.90, 722.00, 675.60, 700.00, 696.70, 705.06, 261296, 1842.29, 16738, 130403, 49.91
NEPTUNE, SM, 14-Aug-2026, 179.95, 177.30, 177.30, 177.30, 177.30, 177.30, 177.30, 500, 0.89, 1, 500, 100.00
NESCO, EQ, 14-Aug-2026, 1041.20, 1041.20, 1051.40, 1035.00, 1035.50, 1038.00, 1043.75, 17492, 182.57, 1853, 9804, 56.05
NESTLEIND, EQ, 14-Aug-2026, 1506.90, 1506.90, 1515.80, 1496.10, 1499.10, 1499.10, 1506.51, 1500577, 22606.30, 43287, 861071, 57.38
NETF, EQ, 14-Aug-2026, 265.40, 258.76, 267.84, 258.76, 265.53, 264.83, 264.99, 658, 1.74, 116, 432, 65.65
NETWEB, EQ, 14-Aug-2026, 5181.00, 5200.00, 5269.00, 4991.30, 5007.00, 5007.20, 5117.17, 1695255, 86749.04, 133527, 355157, 20.95
NETWORK18, EQ, 14-Aug-2026, 29.01, 28.98, 29.37, 28.74, 28.91, 29.01, 29.00, 1774237, 514.57, 4790, 788118, 44.42
NEUEON, BE, 14-Aug-2026, 16.31, 17.12, 17.12, 16.00, 17.12, 16.97, 16.87, 65737, 11.09, 183, -, -
NEULANDLAB, EQ, 14-Aug-2026, 23207.00, 23100.00, 23650.00, 23030.00, 23330.00, 23320.00, 23386.31, 83744, 19584.63, 27529, 34969, 41.76
NEWGEN, EQ, 14-Aug-2026, 542.40, 537.00, 547.25, 533.80, 536.85, 535.15, 537.81, 327706, 1762.42, 10943, 119778, 36.55
NEWJAISA, ST, 14-Aug-2026, 17.40, 17.70, 17.70, 17.70, 17.70, 17.70, 17.70, 6000, 1.06, 3, 6000, 100.00
NEXT30ADD, EQ, 14-Aug-2026, 43.96, 43.71, 44.29, 43.65, 43.87, 43.78, 43.77, 5286, 2.31, 85, 3006, 56.87
NEXT50, EQ, 14-Aug-2026, 770.52, 774.37, 774.37, 767.64, 770.34, 770.84, 770.64, 15145, 116.71, 424, 11612, 76.67
NEXT50ADD, EQ, 14-Aug-2026, 75.10, 75.07, 75.19, 74.84, 74.84, 75.10, 75.06, 2824, 2.12, 27, 1290, 45.68
NEXT50BETA, EQ, 14-Aug-2026, 80.10, 80.11, 80.73, 80.10, 80.60, 80.20, 80.50, 150951, 121.51, 727, 91965, 60.92
NEXT50ETF, EQ, 14-Aug-2026, 75.26, 75.37, 75.43, 75.09, 75.43, 75.24, 75.20, 4422, 3.33, 78, 3251, 73.52
NEXT50IETF, EQ, 14-Aug-2026, 78.87, 79.13, 79.13, 78.24, 78.88, 78.58, 78.84, 836526, 659.48, 4000, 517161, 61.82
NEXTMEDIA, EQ, 14-Aug-2026, 3.83, 3.83, 3.94, 3.74, 3.87, 3.86, 3.84, 2650, 0.10, 26, 2282, 86.11
NFL, EQ, 14-Aug-2026, 72.30, 72.40, 72.77, 71.52, 71.65, 71.81, 71.95, 396176, 285.04, 3110, 154181, 38.92
NFPSAMPOOR, SM, 14-Aug-2026, 22.35, 22.60, 23.00, 22.60, 23.00, 23.00, 22.91, 18000, 4.12, 7, 18000, 100.00
NGIL, BE, 14-Aug-2026, 41.98, 40.11, 42.48, 40.11, 42.25, 42.26, 41.57, 17884, 7.43, 44, -, -
NGLFINE, EQ, 14-Aug-2026, 3435.50, 3460.60, 3529.00, 3424.10, 3484.00, 3454.00, 3473.79, 3632, 126.17, 1049, 1767, 48.65
NH, EQ, 14-Aug-2026, 1831.00, 1840.00, 1843.30, 1815.00, 1831.00, 1832.60, 1829.48, 222945, 4078.73, 27546, 135632, 60.84
NHIT, IV, 14-Aug-2026, 168.00, 168.00, 168.00, 168.00, 168.00, 168.00, 168.00, 25000, 42.00, 1, 25000, 100.00
NHPC, EQ, 14-Aug-2026, 77.50, 77.52, 77.95, 76.80, 76.90, 76.90, 77.21, 3897275, 3008.99, 16447, 1934784, 49.64
NIACL, EQ, 14-Aug-2026, 180.65, 181.25, 181.35, 176.60, 178.65, 179.08, 178.69, 572844, 1023.64, 9877, 165909, 28.96
NIBE, EQ, 14-Aug-2026, 1494.00, 1496.00, 1570.00, 1467.70, 1472.00, 1490.10, 1518.51, 98084, 1489.42, 7001, 46495, 47.40
NIBL, EQ, 14-Aug-2026, 32.57, 35.55, 35.55, 32.26, 33.50, 33.29, 33.66, 16702, 5.62, 467, 10128, 60.64
NIDAN, SM, 14-Aug-2026, 13.00, 13.00, 13.30, 12.65, 13.30, 13.30, 13.02, 9000, 1.17, 8, 6000, 66.67
NIF100BEES, EQ, 14-Aug-2026, 271.23, 271.00, 272.73, 268.81, 272.33, 271.73, 271.14, 49492, 134.19, 515, 38663, 78.12
NIF100IETF, EQ, 14-Aug-2026, 28.55, 28.42, 28.70, 28.42, 28.64, 28.53, 28.53, 32823, 9.36, 1118, 19271, 58.71
NIFTY1, EQ, 14-Aug-2026, 270.72, 270.72, 271.20, 269.71, 270.89, 270.84, 270.39, 47395, 128.15, 977, 34843, 73.52
NIFTY100EW, EQ, 14-Aug-2026, 35.85, 35.13, 36.30, 35.13, 35.92, 35.85, 35.79, 27340, 9.79, 188, 20016, 73.21
NIFTYADD, EQ, 14-Aug-2026, 256.96, 254.39, 257.71, 254.39, 257.69, 257.30, 256.87, 2147, 5.51, 114, 1390, 64.74
NIFTYAXIS, EQ, 14-Aug-2026, 270.16, 270.67, 270.67, 269.02, 270.55, 270.39, 270.12, 2677, 7.23, 155, 1452, 54.24
NIFTYBEES, EQ, 14-Aug-2026, 278.16, 279.99, 279.99, 277.24, 278.62, 278.35, 277.95, 3170444, 8812.35, 30458, 2023691, 63.83
NIFTYBETA, EQ, 14-Aug-2026, 270.72, 270.72, 271.13, 269.58, 270.96, 270.48, 270.28, 23962, 64.77, 421, 15985, 66.71
NIFTYBETF, EQ, 14-Aug-2026, 251.27, 251.27, 251.68, 249.96, 251.56, 251.56, 250.56, 1173, 2.94, 55, 892, 76.04
NIFTYCASE, EQ, 14-Aug-2026, 9.78, 9.92, 9.92, 9.76, 9.77, 9.82, 9.80, 472245, 46.28, 1431, 321437, 68.07
NIFTYETF, EQ, 14-Aug-2026, 265.33, 265.33, 265.89, 263.11, 265.66, 265.71, 265.54, 81743, 217.06, 809, 69420, 84.92
NIFTYIETF, EQ, 14-Aug-2026, 276.76, 276.76, 277.24, 275.96, 277.24, 276.84, 276.51, 271480, 750.66, 8790, 173840, 64.03
NIFTYQLITY, EQ, 14-Aug-2026, 21.94, 22.04, 22.04, 21.81, 21.90, 21.90, 21.99, 38467, 8.46, 254, 34252, 89.04
NIITLTD, EQ, 14-Aug-2026, 96.39, 96.25, 96.90, 93.52, 95.25, 95.55, 95.12, 115693, 110.05, 1483, 59152, 51.13
NIITMTS, EQ, 14-Aug-2026, 242.63, 244.41, 246.78, 237.00, 241.52, 240.96, 241.57, 92727, 224.00, 2951, 43006, 46.38
NIKITA, SM, 14-Aug-2026, 73.50, 73.50, 73.50, 72.60, 72.60, 72.80, 73.03, 4800, 3.51, 4, 4800, 100.00
NILAINFRA, EQ, 14-Aug-2026, 7.22, 7.22, 7.30, 7.10, 7.15, 7.14, 7.14, 191691, 13.69, 377, 127020, 66.26
NILASPACES, EQ, 14-Aug-2026, 11.93, 12.15, 13.00, 12.01, 12.37, 12.31, 12.48, 894430, 111.60, 1708, 444015, 49.64
NILE, EQ, 14-Aug-2026, 1536.60, 1563.90, 1563.90, 1475.00, 1485.00, 1487.30, 1500.50, 10476, 157.19, 1278, 6901, 65.87
NILKAMAL, EQ, 14-Aug-2026, 1932.70, 1940.00, 1950.00, 1853.50, 1871.00, 1860.00, 1896.93, 36199, 686.67, 4882, 18169, 50.19
NIMBSPROJ, EQ, 14-Aug-2026, 177.16, 179.00, 182.00, 176.00, 180.00, 180.00, 181.39, 25750, 46.71, 69, 559, 2.17
NINSYS, EQ, 14-Aug-2026, 716.50, 703.10, 751.00, 683.15, 751.00, 738.95, 721.74, 19081, 137.72, 1000, 14221, 74.53
NIPPOBATRY, EQ, 14-Aug-2026, 325.60, 325.00, 336.80, 323.45, 333.95, 330.15, 329.80, 3152, 10.40, 110, 1993, 63.23
NIRAJ, BE, 14-Aug-2026, 29.47, 28.74, 29.45, 28.00, 28.55, 28.20, 28.14, 110215, 31.01, 187, -, -
NIRLON, EQ, 14-Aug-2026, 628.65, 630.00, 645.00, 623.05, 629.80, 626.60, 631.58, 2544, 16.07, 269, 1534, 60.30
NIRMAN, SM, 14-Aug-2026, 32.00, 31.95, 31.95, 30.00, 30.50, 30.60, 30.48, 37500, 11.43, 78, 31200, 83.20
NITCO, EQ, 14-Aug-2026, 91.86, 91.95, 93.79, 91.50, 93.34, 93.26, 92.74, 248519, 230.48, 2164, 134651, 54.18
NITINSPIN, EQ, 14-Aug-2026, 531.90, 534.00, 558.95, 534.00, 554.00, 552.95, 550.31, 195614, 1076.48, 7264, 103518, 52.92
NITIRAJ, EQ, 14-Aug-2026, 208.17, 208.17, 212.00, 205.00, 205.00, 205.89, 205.99, 2561, 5.28, 108, 1974, 77.08
NITTAGELA, EQ, 14-Aug-2026, 1575.90, 1583.50, 1640.00, 1560.40, 1600.00, 1607.40, 1599.05, 6033, 96.47, 1101, 3373, 55.91
NIVABUPA, EQ, 14-Aug-2026, 84.18, 84.19, 84.21, 82.37, 82.90, 82.72, 83.07, 625509, 519.61, 9675, 388325, 62.08
NLCINDIA, EQ, 14-Aug-2026, 274.35, 274.80, 277.30, 271.65, 276.00, 275.40, 274.49, 1346829, 3696.96, 29351, 723582, 53.72
NMDC, EQ, 14-Aug-2026, 85.00, 85.33, 85.35, 83.14, 84.40, 84.40, 83.97, 18589633, 15610.13, 51692, 7715649, 41.51
NMSTEEL, SM, 14-Aug-2026, 23.10, 22.90, 24.60, 22.90, 23.00, 23.55, 23.40, 6400, 1.50, 4, 6400, 100.00
NOCIL, EQ, 14-Aug-2026, 162.85, 163.90, 163.90, 160.50, 161.59, 161.42, 161.99, 163388, 264.68, 2320, 85735, 52.47
NOIDATOLL, BE, 14-Aug-2026, 4.15, 4.15, 4.27, 3.95, 4.03, 4.03, 4.03, 173118, 6.97, 333, -, -
NORBTEAEXP, EQ, 14-Aug-2026, 60.82, 62.00, 63.80, 60.82, 63.00, 63.02, 62.61, 3728, 2.33, 77, 2453, 65.80
NORTHARC, EQ, 14-Aug-2026, 286.50, 285.00, 288.40, 280.05, 281.85, 281.35, 283.01, 403196, 1141.08, 7954, 237069, 58.80
NOVAAGRI, BE, 14-Aug-2026, 25.11, 25.11, 25.20, 24.50, 24.50, 24.50, 24.71, 42410, 10.48, 160, -, -
NOVARTIND, EQ, 14-Aug-2026, 1548.30, 1548.30, 1675.10, 1548.30, 1588.30, 1582.50, 1590.30, 16470, 261.92, 2471, 9874, 59.95
NPBET, EQ, 14-Aug-2026, 283.17, 282.65, 283.55, 281.89, 283.49, 283.44, 282.85, 57, 0.16, 15, 39, 68.42
NPST, EQ, 14-Aug-2026, 1635.50, 1648.00, 1670.00, 1572.00, 1587.90, 1586.20, 1612.46, 35535, 572.99, 3727, 22079, 62.13
NRAIL, EQ, 14-Aug-2026, 504.85, 502.70, 530.95, 500.00, 524.00, 523.95, 514.32, 11295, 58.09, 846, 5521, 48.88
NRBBEARING, EQ, 14-Aug-2026, 467.20, 470.95, 474.85, 457.05, 459.40, 458.90, 463.42, 288700, 1337.90, 8724, 132703, 45.97
NRL, BE, 14-Aug-2026, 117.00, 116.90, 117.00, 116.00, 117.00, 117.00, 116.41, 47212, 54.96, 160, -, -
NRVANDANA, ST, 14-Aug-2026, 69.45, 66.10, 69.00, 66.10, 69.00, 69.00, 68.08, 69000, 46.98, 20, 57000, 82.61
NSIL, EQ, 14-Aug-2026, 5494.50, 5494.50, 5559.50, 5471.00, 5475.00, 5496.00, 5507.08, 663, 36.51, 251, 419, 63.20
NSLNISP, EQ, 14-Aug-2026, 45.29, 45.51, 46.19, 44.00, 44.55, 44.50, 45.10, 10079897, 4545.74, 37480, 4431816, 43.97
NTPC, EQ, 14-Aug-2026, 344.25, 343.65, 343.65, 337.50, 340.00, 340.00, 339.46, 7507624, 25485.16, 66641, 4752447, 63.30
NTPCGREEN, EQ, 14-Aug-2026, 92.36, 92.35, 92.89, 91.60, 91.90, 91.93, 91.92, 1345741, 1237.06, 12586, 721838, 53.64
NUCLEUS, EQ, 14-Aug-2026, 716.80, 716.80, 722.55, 700.55, 714.90, 703.90, 710.80, 31196, 221.74, 1818, 19666, 63.04
NURECA, BE, 14-Aug-2026, 344.60, 349.50, 358.00, 345.00, 346.00, 346.30, 351.31, 9598, 33.72, 270, -, -
NUVAMA, EQ, 14-Aug-2026, 1704.90, 1713.40, 1713.70, 1644.40, 1667.60, 1670.10, 1684.34, 204091, 3437.58, 15775, 110645, 54.21
NUVOCO, EQ, 14-Aug-2026, 337.00, 336.00, 336.00, 330.25, 331.25, 331.55, 332.84, 197592, 657.67, 11121, 90240, 45.67
NV20, EQ, 14-Aug-2026, 14.15, 14.15, 14.15, 14.00, 14.11, 14.07, 14.06, 54664, 7.69, 202, 37971, 69.46
NV20BEES, EQ, 14-Aug-2026, 141.39, 141.39, 142.00, 140.21, 141.43, 141.24, 140.53, 15473, 21.74, 225, 10411, 67.28
NV20IETF, EQ, 14-Aug-2026, 13.78, 13.78, 13.80, 13.69, 13.79, 13.75, 13.73, 226612, 31.11, 1590, 142824, 63.03
NXST, RR, 14-Aug-2026, 168.88, 169.00, 169.00, 167.25, 168.00, 168.02, 168.24, 225436, 379.27, 3841, 204011, 90.50
NYKAA, EQ, 14-Aug-2026, 331.15, 329.95, 332.90, 328.55, 331.00, 331.00, 330.44, 2229320, 7366.49, 25908, 1182722, 53.05
OAL, EQ, 14-Aug-2026, 356.65, 355.20, 373.45, 345.35, 346.50, 348.10, 353.54, 23256, 82.22, 1140, 11810, 50.78
OBCL, EQ, 14-Aug-2026, 53.50, 53.50, 54.69, 53.50, 54.50, 54.43, 54.33, 2494, 1.35, 43, 2088, 83.72
OBEROIRLTY, EQ, 14-Aug-2026, 1846.00, 1855.00, 1863.00, 1835.10, 1846.00, 1846.00, 1848.09, 259326, 4792.58, 16854, 87465, 33.73
OBSCP, SM, 14-Aug-2026, 819.05, 820.00, 921.00, 802.00, 855.00, 852.00, 876.52, 283600, 2485.82, 650, 174000, 61.35
OCCLLTD, BE, 14-Aug-2026, 149.50, 149.50, 155.10, 149.50, 152.00, 152.21, 152.58, 31447, 47.98, 331, -, -
ODIGMA, EQ, 14-Aug-2026, 22.54, 22.11, 23.35, 22.11, 22.75, 22.59, 22.65, 6721, 1.52, 186, 5095, 75.81
OFSS, EQ, 14-Aug-2026, 11420.00, 11449.00, 11850.00, 11318.00, 11828.00, 11828.00, 11650.37, 258662, 30135.08, 33197, 107988, 41.75
OIL, EQ, 14-Aug-2026, 479.80, 478.00, 478.00, 465.80, 468.50, 468.50, 469.83, 1994908, 9372.64, 25413, 1056303, 52.95
OILCOUNTUB, BE, 14-Aug-2026, 59.80, 60.50, 60.50, 58.50, 58.68, 59.10, 59.52, 26314, 15.66, 86, -, -
OILIETF, EQ, 14-Aug-2026, 11.38, 11.43, 11.43, 11.35, 11.38, 11.37, 11.38, 1361509, 154.92, 1626, 1109261, 81.47
OLAELEC, EQ, 14-Aug-2026, 39.67, 39.60, 39.79, 38.46, 38.58, 38.73, 38.84, 33130857, 12868.55, 69316, 11596865, 35.00
OLECTRA, EQ, 14-Aug-2026, 1393.50, 1330.00, 1360.40, 1311.00, 1315.00, 1316.90, 1333.41, 897090, 11961.87, 46274, 373048, 41.58
OLIL, SM, 14-Aug-2026, 415.75, 411.30, 429.00, 411.30, 424.00, 422.40, 422.41, 14000, 59.14, 24, 10800, 77.14
OMAXAUTO, EQ, 14-Aug-2026, 203.57, 205.00, 211.93, 203.00, 203.00, 204.96, 207.34, 61818, 128.17, 1156, 31650, 51.20
OMAXE, EQ, 14-Aug-2026, 98.37, 103.00, 108.61, 95.51, 98.10, 99.14, 99.86, 18269128, 18244.40, 94810, 2008822, 11.00
OMFREIGHT, BE, 14-Aug-2026, 98.06, 98.50, 99.00, 93.16, 97.50, 97.10, 95.69, 11424, 10.93, 132, -, -
OMINFRAL, EQ, 14-Aug-2026, 86.27, 86.80, 86.98, 84.91, 84.92, 85.04, 85.74, 62807, 53.85, 1069, 45299, 72.12
OMNI, EQ, 14-Aug-2026, 586.50, 585.00, 597.00, 575.00, 577.00, 579.00, 586.39, 443076, 2598.16, 14032, 104196, 23.52
OMPOWER, EQ, 14-Aug-2026, 170.73, 170.73, 172.00, 167.46, 172.00, 169.95, 169.77, 101287, 171.95, 1656, 53336, 52.66
ONDOOR, SM, 14-Aug-2026, 243.70, 243.45, 249.90, 243.45, 249.90, 244.85, 244.85, 1500, 3.67, 5, 1500, 100.00
ONELIFECAP, BE, 14-Aug-2026, 32.14, 32.17, 33.74, 32.17, 33.74, 33.73, 33.61, 303047, 101.85, 124, -, -
ONEPOINT, EQ, 14-Aug-2026, 59.42, 59.20, 59.28, 57.44, 57.80, 58.38, 58.16, 1176128, 683.99, 5138, 376333, 32.00
ONESOURCE, EQ, 14-Aug-2026, 1571.30, 1566.00, 1579.00, 1533.00, 1545.00, 1559.20, 1558.56, 239351, 3730.43, 21699, 134570, 56.22
ONGC, EQ, 14-Aug-2026, 239.90, 239.49, 239.60, 235.25, 236.40, 236.40, 236.63, 12128656, 28700.51, 116870, 8051511, 66.38
ONIDA, EQ, 14-Aug-2026, 36.51, 37.00, 37.09, 35.26, 35.80, 35.79, 35.90, 294820, 105.84, 2289, 203866, 69.15
ONMOBILE, BE, 14-Aug-2026, 64.31, 63.03, 63.03, 63.03, 63.03, 63.03, 63.03, 11815, 7.45, 103, -, -
ONWARDTEC, EQ, 14-Aug-2026, 287.40, 289.50, 289.50, 280.45, 285.10, 284.05, 284.53, 17108, 48.68, 822, 8976, 52.47
ONYX, ST, 14-Aug-2026, 44.00, 44.50, 44.50, 44.00, 44.00, 44.00, 44.03, 70000, 30.82, 10, 70000, 100.00
OPTIEMUS, EQ, 14-Aug-2026, 552.25, 553.00, 566.60, 546.70, 561.95, 561.10, 556.99, 110782, 617.04, 4505, 56327, 50.84
OPTIMYSTIX, ST, 14-Aug-2026, 175.00, 180.00, 189.00, 175.00, 189.00, 189.00, 180.23, 2879200, 5189.25, 1613, 2748800, 95.47
OPTIVALUE, ST, 14-Aug-2026, 168.05, 176.45, 176.45, 176.45, 176.45, 176.45, 176.45, 52800, 93.17, 20, 52800, 100.00
ORBTEXP, BE, 14-Aug-2026, 247.94, 235.55, 245.00, 235.55, 238.90, 235.93, 236.83, 30608, 72.49, 220, -, -
ORCHASP, EQ, 14-Aug-2026, 1.48, 1.50, 1.50, 1.41, 1.48, 1.46, 1.46, 96412, 1.41, 168, 77745, 80.64
ORCHPHARMA, EQ, 14-Aug-2026, 1033.90, 1042.00, 1070.00, 1035.00, 1044.00, 1045.65, 1048.21, 64474, 675.82, 6940, 30011, 46.55
ORIANA, SM, 14-Aug-2026, 1337.30, 1349.00, 1349.00, 1290.05, 1299.00, 1297.85, 1308.98, 82875, 1084.81, 754, 61800, 74.57
ORICONENT, EQ, 14-Aug-2026, 51.79, 51.79, 53.61, 51.55, 53.30, 53.12, 52.69, 25192, 13.27, 660, 17820, 70.74
ORIENTALTL, EQ, 14-Aug-2026, 5.05, 5.05, 5.28, 5.00, 5.11, 5.13, 5.13, 67907, 3.49, 249, 40649, 59.86
ORIENTBELL, EQ, 14-Aug-2026, 357.30, 357.30, 357.30, 346.65, 352.45, 350.75, 351.22, 11479, 40.32, 622, 8664, 75.48
ORIENTCEM, EQ, 14-Aug-2026, 132.76, 132.39, 133.27, 131.61, 132.73, 132.55, 132.29, 281578, 372.49, 2099, 137289, 48.76
ORIENTCER, EQ, 14-Aug-2026, 41.60, 42.50, 44.60, 40.06, 43.58, 43.38, 43.08, 197195, 84.95, 1964, 107618, 54.57
ORIENTELEC, EQ, 14-Aug-2026, 190.27, 191.02, 191.02, 187.00, 187.00, 187.31, 188.13, 95167, 179.04, 1889, 38162, 40.10
ORIENTHOT, EQ, 14-Aug-2026, 123.72, 123.20, 127.19, 123.20, 123.55, 124.20, 125.25, 254428, 318.67, 2255, 150198, 59.03
ORIENTLTD, BE, 14-Aug-2026, 75.01, 75.01, 76.20, 73.00, 74.11, 74.11, 73.84, 2426, 1.79, 26, -, -
ORIENTPPR, EQ, 14-Aug-2026, 17.01, 17.00, 17.07, 16.85, 16.86, 16.88, 16.91, 237567, 40.17, 704, 186548, 78.52
ORIENTTECH, EQ, 14-Aug-2026, 254.75, 253.80, 260.30, 253.55, 259.80, 258.55, 256.98, 118463, 304.43, 2949, 49403, 41.70
ORISSAMINE, EQ, 14-Aug-2026, 5003.70, 4976.00, 5030.00, 4805.00, 4850.00, 4883.10, 4922.98, 32045, 1577.57, 6619, 9606, 29.98
ORKLAINDIA, EQ, 14-Aug-2026, 543.30, 547.65, 552.50, 542.60, 545.05, 549.75, 549.14, 132578, 728.03, 6563, 101590, 76.63
ORTINGLOBE, EQ, 14-Aug-2026, 16.00, 16.00, 16.20, 15.51, 15.80, 15.80, 15.90, 8426, 1.34, 13, 7418, 88.04
OSELDEVICE, SM, 14-Aug-2026, 383.30, 382.00, 400.00, 380.00, 394.95, 394.10, 390.12, 50600, 197.40, 156, 39000, 77.08
OSIAHYPER, BE, 14-Aug-2026, 2.53, 2.43, 2.50, 2.41, 2.47, 2.46, 2.45, 468397, 11.45, 518, -, -
OSWALAGRO, EQ, 14-Aug-2026, 37.66, 37.66, 38.00, 37.00, 37.89, 37.78, 37.36, 29663, 11.08, 162, 26087, 87.94
OSWALGREEN, EQ, 14-Aug-2026, 21.33, 21.21, 21.46, 20.95, 20.95, 20.99, 21.12, 63794, 13.48, 539, 33605, 52.68
OSWALPUMPS, EQ, 14-Aug-2026, 307.35, 309.40, 313.00, 299.00, 301.75, 300.50, 302.52, 583995, 1766.68, 10353, 331617, 56.78
OSWALSEEDS, EQ, 14-Aug-2026, 10.13, 11.79, 12.15, 11.00, 12.15, 12.15, 11.96, 952278, 113.88, 809, 702084, 73.73
OWAIS, ST, 14-Aug-2026, 82.95, 82.90, 82.90, 78.85, 78.85, 78.85, 79.10, 35300, 27.92, 192, 32300, 91.50
PACEDIGITK, EQ, 14-Aug-2026, 180.93, 180.95, 183.90, 178.99, 181.00, 180.92, 181.85, 557657, 1014.11, 7592, 219261, 39.32
PAGEIND, EQ, 14-Aug-2026, 36520.00, 37750.00, 38290.00, 36620.00, 36750.00, 36750.00, 37327.04, 119084, 44450.54, 44262, 38958, 32.71
PAISALO, EQ, 14-Aug-2026, 69.94, 69.85, 70.29, 68.50, 68.50, 68.67, 69.08, 4853988, 3353.10, 10921, 1866736, 38.46
PAKKA, EQ, 14-Aug-2026, 74.64, 75.84, 75.84, 73.00, 74.80, 74.40, 74.29, 47224, 35.08, 1615, 21860, 46.29
PALASHSECU, EQ, 14-Aug-2026, 90.34, 91.00, 91.00, 88.21, 91.00, 90.80, 90.53, 984, 0.89, 40, 760, 77.24
PALREDTEC, BE, 14-Aug-2026, 51.35, 51.50, 53.50, 51.20, 51.80, 51.80, 51.58, 13131, 6.77, 48, -, -
PANACEABIO, EQ, 14-Aug-2026, 414.20, 418.90, 430.00, 395.10, 396.80, 396.45, 410.22, 243984, 1000.88, 8202, 93138, 38.17
PANACHE, BE, 14-Aug-2026, 499.80, 508.40, 524.75, 481.65, 524.75, 524.75, 517.87, 19738, 102.22, 284, -, -
PANAMAPET, EQ, 14-Aug-2026, 488.20, 499.00, 499.00, 477.50, 483.00, 482.60, 484.17, 787943, 3814.99, 15469, 200938, 25.50
PANSARI, EQ, 14-Aug-2026, 316.15, 318.50, 322.15, 305.00, 314.00, 311.70, 317.06, 1023, 3.24, 97, 789, 77.13
PAR, EQ, 14-Aug-2026, 99.41, 98.20, 103.00, 98.20, 102.73, 102.25, 101.38, 7976, 8.09, 245, 4815, 60.37
PARACABLES, EQ, 14-Aug-2026, 68.69, 68.73, 70.50, 61.83, 65.38, 65.27, 66.60, 5182492, 3451.49, 33136, 1687092, 32.55
PARADEEP, EQ, 14-Aug-2026, 147.21, 147.34, 148.50, 146.97, 147.50, 147.85, 147.71, 1220736, 1803.17, 15344, 479210, 39.26
PARAGMILK, EQ, 14-Aug-2026, 218.12, 219.65, 219.65, 210.00, 211.35, 210.80, 213.04, 566489, 1206.82, 9134, 380645, 67.19
PARAGON, SM, 14-Aug-2026, 49.50, 50.00, 50.00, 48.55, 48.55, 48.55, 49.28, 2400, 1.18, 2, 2400, 100.00
PARAMOUNT, SM, 14-Aug-2026, 35.30, 35.30, 35.30, 35.30, 35.30, 35.30, 35.30, 1200, 0.42, 1, 1200, 100.00
PARAS, EQ, 14-Aug-2026, 1342.20, 1345.00, 1400.00, 1339.60, 1372.00, 1377.50, 1382.57, 2826601, 39079.60, 101669, 851896, 30.14
PARASPETRO, EQ, 14-Aug-2026, 2.44, 2.48, 2.49, 2.34, 2.39, 2.36, 2.37, 115710, 2.74, 316, 90137, 77.90
PARKHOSPS, EQ, 14-Aug-2026, 281.10, 283.00, 284.55, 279.50, 281.90, 281.35, 281.72, 206154, 580.77, 5525, 125777, 61.01
PARKHOTELS, EQ, 14-Aug-2026, 120.85, 122.00, 122.00, 117.00, 117.31, 117.70, 118.58, 77360, 91.73, 1257, 48661, 62.90
PARSVNATH, BE, 14-Aug-2026, 1.53, 1.50, 1.50, 1.50, 1.50, 1.50, 1.50, 168178, 2.52, 153, -, -
PARTH, SM, 14-Aug-2026, 499.85, 475.00, 475.00, 440.00, 474.90, 473.05, 456.87, 61600, 281.43, 129, 38800, 62.99
PARTYCRUS, SM, 14-Aug-2026, 83.00, 83.00, 83.00, 83.00, 83.00, 83.00, 83.00, 1000, 0.83, 1, 1000, 100.00
PASHUPATI, EQ, 14-Aug-2026, 84.23, 85.50, 85.77, 84.41, 84.62, 84.65, 85.07, 9420, 8.01, 1326, 3260, 34.61
PASUPTAC, BE, 14-Aug-2026, 60.41, 61.93, 61.93, 58.11, 59.60, 58.97, 59.22, 46147, 27.33, 242, -, -
PATANJALI, EQ, 14-Aug-2026, 353.85, 353.85, 353.85, 347.20, 352.00, 352.00, 349.89, 2464334, 8622.48, 16227, 910578, 36.95
PATELENG, EQ, 14-Aug-2026, 28.57, 28.53, 28.79, 28.30, 28.39, 28.45, 28.50, 1782968, 508.12, 5363, 926068, 51.94
PATELRMART, EQ, 14-Aug-2026, 215.51, 213.11, 221.39, 212.50, 219.97, 219.62, 216.98, 48018, 104.19, 1451, 23738, 49.44
PATILAUTOM, ST, 14-Aug-2026, 216.70, 217.95, 217.95, 207.30, 215.85, 214.20, 211.05, 34800, 73.45, 47, 28800, 82.76
PATINTLOG, BE, 14-Aug-2026, 13.82, 13.35, 14.47, 13.35, 13.98, 13.91, 13.90, 53280, 7.41, 178, -, -
PAUSHAKLTD, EQ, 14-Aug-2026, 745.45, 751.40, 756.60, 720.05, 740.00, 740.80, 736.84, 54889, 404.44, 3340, 26536, 48.34
PAVNAIND, EQ, 14-Aug-2026, 19.07, 19.50, 19.50, 17.67, 17.90, 17.94, 18.40, 56902, 10.47, 501, 38026, 66.83
PAYTM, EQ, 14-Aug-2026, 1649.50, 1644.20, 1657.60, 1603.00, 1603.00, 1603.00, 1624.03, 3221449, 52317.18, 94466, 1460120, 45.32
PCBL, EQ, 14-Aug-2026, 314.70, 314.80, 317.20, 308.75, 310.85, 309.80, 312.92, 626280, 1959.79, 10890, 312454, 49.89
PCCL, SM, 14-Aug-2026, 302.85, 303.00, 310.00, 303.00, 305.50, 305.50, 307.57, 16000, 49.21, 33, 12400, 77.50
PCJEWELLER, EQ, 14-Aug-2026, 9.57, 9.55, 9.70, 9.45, 9.66, 9.64, 9.58, 94796940, 9078.33, 33537, 23328054, 24.61
PDMJEPAPER, EQ, 14-Aug-2026, 90.53, 90.00, 90.84, 87.00, 88.00, 88.08, 88.19, 122515, 108.05, 2354, 71580, 58.43
PDSL, EQ, 14-Aug-2026, 372.15, 371.20, 378.50, 368.60, 372.00, 369.85, 371.84, 29629, 110.17, 2237, 17260, 58.25
PEARLPOLY, EQ, 14-Aug-2026, 16.92, 17.65, 17.70, 16.27, 16.77, 16.77, 16.95, 13287, 2.25, 106, 4485, 33.75
PELATRO, SM, 14-Aug-2026, 299.40, 297.10, 297.50, 297.10, 297.50, 297.50, 297.33, 1800, 5.35, 6, 1800, 100.00
PENIND, EQ, 14-Aug-2026, 158.34, 159.00, 159.00, 150.82, 152.90, 152.43, 154.43, 506119, 781.59, 9060, 305200, 60.30
PENINLAND, BE, 14-Aug-2026, 15.50, 15.50, 15.50, 15.25, 15.50, 15.50, 15.38, 34189, 5.26, 70, -, -
PERSISTENT, EQ, 14-Aug-2026, 5523.00, 5549.00, 5618.50, 5447.00, 5580.00, 5580.00, 5552.36, 633514, 35174.99, 37687, 255024, 40.26
PETRONET, EQ, 14-Aug-2026, 279.30, 279.25, 283.50, 277.15, 282.60, 282.60, 280.96, 4682500, 13155.90, 40894, 3341274, 71.36
PFC, EQ, 14-Aug-2026, 378.95, 376.95, 379.80, 374.95, 376.00, 376.00, 376.45, 5851335, 22027.64, 57390, 3684224, 62.96
PFIZER, EQ, 14-Aug-2026, 4990.40, 5036.00, 5036.00, 4864.00, 4864.00, 4874.80, 4918.78, 11698, 575.40, 3055, 6247, 53.40
PFOCUS, EQ, 14-Aug-2026, 274.30, 276.75, 279.20, 267.60, 269.70, 269.60, 272.48, 255736, 696.84, 7956, 130906, 51.19
PFS, EQ, 14-Aug-2026, 28.62, 28.55, 28.59, 27.92, 28.30, 28.35, 28.23, 362570, 102.37, 2394, 245573, 67.73
PGEL, EQ, 14-Aug-2026, 615.00, 611.95, 615.90, 599.50, 601.00, 601.00, 607.60, 840464, 5106.70, 13739, 274176, 32.62
PGHH, EQ, 14-Aug-2026, 8487.00, 8487.00, 8585.00, 8418.00, 8431.00, 8426.50, 8462.85, 7264, 614.74, 1967, 4757, 65.49
PGHL, EQ, 14-Aug-2026, 5923.50, 5920.00, 5985.00, 5901.00, 5932.00, 5932.00, 5928.65, 20396, 1209.21, 5623, 17835, 87.44
PGIL, EQ, 14-Aug-2026, 2464.90, 2464.60, 2495.00, 2445.10, 2472.00, 2474.60, 2473.40, 50702, 1254.06, 6494, 26333, 51.94
PGINVIT, IV, 14-Aug-2026, 99.83, 100.40, 100.40, 99.60, 100.25, 100.14, 100.03, 974996, 975.28, 5201, 826813, 84.80
PHANTOMFX, SM, 14-Aug-2026, 125.40, 127.00, 148.80, 126.00, 142.05, 142.40, 142.13, 72300, 102.76, 173, 53700, 74.27
PHARMABEES, EQ, 14-Aug-2026, 27.45, 27.49, 27.72, 27.19, 27.25, 27.25, 27.32, 3835127, 1047.88, 10827, 2538972, 66.20
PHOENIXLTD, EQ, 14-Aug-2026, 1898.50, 1898.30, 1900.00, 1880.10, 1890.00, 1890.00, 1891.04, 204495, 3867.08, 17133, 120837, 59.09
PHOGLOBAL, SM, 14-Aug-2026, 15.85, 15.80, 15.80, 15.80, 15.80, 15.80, 15.80, 2000, 0.32, 1, 2000, 100.00
PICCADIL, EQ, 14-Aug-2026, 660.50, 661.60, 675.45, 639.50, 642.95, 641.90, 648.98, 652212, 4232.72, 22053, 316890, 48.59
PIDILITIND, EQ, 14-Aug-2026, 1696.10, 1690.10, 1707.50, 1684.40, 1693.00, 1693.00, 1699.94, 680220, 11563.35, 35213, 380223, 55.90
PIGL, EQ, 14-Aug-2026, 107.18, 109.24, 109.90, 105.10, 106.02, 106.36, 106.83, 38955, 41.62, 1175, 23916, 61.39
PIIND, EQ, 14-Aug-2026, 2494.30, 2478.80, 2505.00, 2461.00, 2490.10, 2490.10, 2489.87, 352632, 8780.07, 25144, 188478, 53.45
PILANIINVS, EQ, 14-Aug-2026, 4533.50, 4549.50, 4620.00, 4534.00, 4535.00, 4547.00, 4582.58, 4873, 223.31, 806, 2848, 58.44
PILITA, EQ, 14-Aug-2026, 8.25, 8.60, 8.60, 8.10, 8.50, 8.48, 8.31, 67790, 5.63, 175, 58330, 86.05
PINELABS, EQ, 14-Aug-2026, 166.58, 167.00, 169.10, 164.30, 165.56, 164.86, 166.66, 7778096, 12962.85, 52128, 3304723, 42.49
PIONEEREMB, EQ, 14-Aug-2026, 23.10, 23.21, 24.00, 22.28, 23.98, 23.57, 23.00, 2918, 0.67, 64, 1912, 65.52
PIONRINV, BE, 14-Aug-2026, 84.99, 84.99, 84.99, 81.00, 81.00, 81.20, 82.03, 903, 0.74, 25, -, -
PIRAMALFIN, EQ, 14-Aug-2026, 2069.60, 2060.00, 2075.00, 2051.00, 2062.80, 2057.70, 2060.66, 67688, 1394.82, 10502, 34974, 51.67
PITTIENG, EQ, 14-Aug-2026, 1061.80, 1074.00, 1092.00, 1052.10, 1052.50, 1059.80, 1070.53, 111273, 1191.21, 6408, 53108, 47.73
PIXTRANS, EQ, 14-Aug-2026, 1925.60, 1917.00, 1969.00, 1881.50, 1898.00, 1896.80, 1917.16, 30304, 580.98, 3123, 14640, 48.31
PKTEA, EQ, 14-Aug-2026, 690.00, 653.45, 694.00, 653.40, 690.00, 679.95, 679.18, 396, 2.69, 16, 378, 95.45
PLADAINFO, SM, 14-Aug-2026, 9.50, 9.05, 9.10, 9.05, 9.10, 9.10, 9.06, 21000, 1.90, 7, 15000, 71.43
PLASTIBLEN, EQ, 14-Aug-2026, 196.03, 197.47, 202.80, 197.13, 199.99, 199.17, 198.86, 44465, 88.42, 999, 24362, 54.79
PLATIND, EQ, 14-Aug-2026, 217.80, 222.00, 222.00, 212.71, 215.10, 215.42, 215.53, 31808, 68.56, 1160, 14766, 46.42
PLAZACABLE, EQ, 14-Aug-2026, 53.70, 56.38, 56.38, 55.12, 56.38, 56.38, 56.30, 97124, 54.68, 448, 88641, 91.27
PML, EQ, 14-Aug-2026, 500.00, 499.95, 499.95, 484.05, 490.00, 490.00, 492.29, 481, 2.37, 48, 412, 85.65
PNB, EQ, 14-Aug-2026, 117.59, 117.88, 118.90, 117.40, 118.00, 118.00, 118.13, 11249012, 13288.97, 57551, 5517312, 49.05
PNBGILTS, EQ, 14-Aug-2026, 79.52, 79.56, 80.50, 78.81, 79.90, 79.41, 79.34, 204045, 161.89, 2236, 96963, 47.52
PNBHOUSING, EQ, 14-Aug-2026, 1164.80, 1163.00, 1166.00, 1146.70, 1150.50, 1150.50, 1154.86, 207572, 2397.17, 17033, 103386, 49.81
PNC, EQ, 14-Aug-2026, 18.10, 18.65, 19.15, 17.95, 18.60, 18.40, 18.38, 12221, 2.25, 264, 9558, 78.21
PNCINFRA, EQ, 14-Aug-2026, 219.39, 219.39, 220.85, 216.20, 218.50, 217.92, 217.82, 541991, 1180.56, 15934, 316575, 58.41
PNGJL, EQ, 14-Aug-2026, 628.20, 628.20, 631.80, 608.25, 612.50, 610.70, 616.41, 558445, 3442.31, 17337, 369927, 66.24
PNGSREVA, EQ, 14-Aug-2026, 608.50, 603.80, 603.80, 565.00, 570.00, 571.75, 580.01, 318815, 1849.16, 14455, 118228, 37.08
POCL, EQ, 14-Aug-2026, 494.05, 493.90, 495.80, 484.50, 492.50, 491.95, 489.22, 286907, 1403.61, 7449, 131433, 45.81
PODDARMENT, EQ, 14-Aug-2026, 267.60, 262.45, 269.00, 259.00, 267.00, 264.20, 260.94, 7393, 19.29, 173, 4626, 62.57
POKARNA, EQ, 14-Aug-2026, 968.70, 973.80, 986.95, 949.00, 949.00, 952.40, 957.63, 36935, 353.70, 2810, 21299, 57.67
POLICYBZR, EQ, 14-Aug-2026, 1744.00, 1743.40, 1754.60, 1732.10, 1741.00, 1741.00, 1745.01, 751002, 13105.07, 24972, 485755, 64.68
POLYCAB, EQ, 14-Aug-2026, 9297.00, 9297.00, 9329.00, 9225.00, 9240.00, 9240.00, 9260.84, 128223, 11874.52, 25208, 67902, 52.96
POLYMED, EQ, 14-Aug-2026, 1812.80, 1811.50, 1819.20, 1765.00, 1783.10, 1786.20, 1784.53, 139114, 2482.53, 12758, 75056, 53.95
POLYPLEX, EQ, 14-Aug-2026, 1167.20, 1162.00, 1207.30, 1160.00, 1180.00, 1181.50, 1188.12, 116987, 1389.94, 5900, 61715, 52.75
POLYSIL, SM, 14-Aug-2026, 74.65, 70.95, 70.95, 70.95, 70.95, 70.95, 70.95, 4500, 3.19, 7, 4500, 100.00
PONNIERODE, EQ, 14-Aug-2026, 337.75, 350.00, 353.90, 339.60, 344.00, 345.30, 347.48, 52974, 184.07, 1241, 36028, 68.01
POONAWALLA, EQ, 14-Aug-2026, 502.70, 505.05, 511.90, 492.75, 497.00, 497.90, 501.59, 2731211, 13699.59, 54505, 1325047, 48.51
POSITRON, SM, 14-Aug-2026, 166.90, 166.90, 169.00, 162.15, 169.00, 168.50, 165.80, 10200, 16.91, 28, 9000, 88.24
POWERGRID, EQ, 14-Aug-2026, 266.60, 267.00, 268.20, 265.75, 266.05, 266.05, 266.89, 6758273, 18037.39, 60775, 4049135, 59.91
POWERICA, EQ, 14-Aug-2026, 572.80, 580.40, 580.40, 542.70, 555.00, 549.95, 559.29, 127624, 713.79, 6133, 61017, 47.81
POWERINDIA, EQ, 14-Aug-2026, 35360.00, 35385.00, 36230.00, 35280.00, 35700.00, 35700.00, 35753.58, 113737, 40665.04, 36466, 40365, 35.49
POWERMECH, EQ, 14-Aug-2026, 2459.90, 2460.00, 2478.00, 2440.10, 2470.00, 2455.20, 2459.04, 35493, 872.79, 7397, 18531, 52.21
PPAP, BE, 14-Aug-2026, 289.75, 287.90, 295.30, 283.00, 290.00, 291.90, 289.65, 11549, 33.45, 244, -, -
PPL, BE, 14-Aug-2026, 264.40, 261.00, 277.00, 260.00, 276.00, 274.35, 270.83, 70442, 190.78, 881, -, -
PPLPHARMA, EQ, 14-Aug-2026, 212.67, 203.40, 215.85, 202.01, 208.25, 206.64, 208.51, 11439262, 23852.15, 85555, 2058894, 18.00
PPSL, SM, 14-Aug-2026, 3.15, 3.15, 3.15, 3.00, 3.00, 3.00, 3.01, 138000, 4.15, 32, 93000, 67.39
PRABHA, EQ, 14-Aug-2026, 156.31, 158.50, 160.00, 155.00, 155.01, 155.93, 156.50, 15282, 23.92, 282, 10922, 71.47
PRADPME, BE, 14-Aug-2026, 498.35, 499.00, 507.90, 494.95, 494.95, 497.60, 499.90, 3722, 18.61, 56, -, -
PRAENG, EQ, 14-Aug-2026, 19.79, 19.70, 21.09, 19.70, 20.00, 20.20, 20.42, 24632, 5.03, 164, 19573, 79.46
PRAJIND, EQ, 14-Aug-2026, 321.55, 321.55, 347.70, 321.00, 335.00, 335.25, 339.80, 6284959, 21356.41, 94610, 1276615, 20.31
PRAKASH, EQ, 14-Aug-2026, 122.53, 121.80, 147.03, 117.50, 125.75, 137.68, 135.35, 3123125, 4227.01, 16869, 1117056, 35.77
PRAKASHSTL, EQ, 14-Aug-2026, 3.96, 3.99, 3.99, 3.94, 3.95, 3.94, 3.96, 48632, 1.93, 202, 37673, 77.47
PRAMARA, SM, 14-Aug-2026, 107.90, 107.90, 109.75, 105.25, 107.75, 107.75, 107.74, 27500, 29.63, 29, 18000, 65.45
PRATHAM, SM, 14-Aug-2026, 119.50, 118.00, 122.00, 118.00, 122.00, 122.00, 121.49, 3200, 3.89, 6, 3200, 100.00
PRAVEG, EQ, 14-Aug-2026, 277.60, 263.10, 285.55, 252.30, 267.20, 269.70, 270.23, 219208, 592.37, 4251, 125207, 57.12
PRAXIS, EQ, 14-Aug-2026, 6.68, 6.90, 6.90, 6.13, 6.24, 6.21, 6.31, 398161, 25.12, 412, 238249, 59.84
PRECAM, EQ, 14-Aug-2026, 135.17, 135.00, 136.99, 133.12, 135.00, 135.00, 134.40, 70647, 94.95, 1895, 32476, 45.97
PRECISION, ST, 14-Aug-2026, 8.50, 8.85, 8.85, 8.10, 8.65, 8.65, 8.70, 124000, 10.79, 18, 120000, 96.77
PRECOT, EQ, 14-Aug-2026, 771.40, 788.00, 788.00, 710.10, 718.00, 717.15, 731.20, 17344, 126.82, 1539, 9391, 54.15
PRECWIRE, EQ, 14-Aug-2026, 468.65, 464.00, 474.65, 451.65, 462.00, 458.35, 461.65, 830337, 3833.29, 25454, 246768, 29.72
PREMCO, EQ, 14-Aug-2026, 377.35, 375.50, 386.00, 375.50, 385.80, 385.95, 383.06, 384, 1.47, 37, 330, 85.94
PREMEXPLN, EQ, 14-Aug-2026, 657.05, 647.10, 658.85, 647.10, 653.50, 651.90, 651.51, 424986, 2768.84, 7311, 244329, 57.49
PREMIER, BE, 14-Aug-2026, 2.89, 2.83, 2.83, 2.75, 2.80, 2.80, 2.79, 4322, 0.12, 25, -, -
PREMIERENE, EQ, 14-Aug-2026, 1035.80, 1036.00, 1038.80, 1015.00, 1017.30, 1017.30, 1020.15, 535800, 5465.98, 20328, 224711, 41.94
PREMIERPOL, EQ, 14-Aug-2026, 72.48, 72.00, 74.94, 71.31, 74.50, 73.55, 72.77, 122816, 89.37, 1434, 58969, 48.01
PRESSTONIC, SM, 14-Aug-2026, 31.65, 31.00, 31.50, 29.40, 29.95, 29.65, 30.03, 46400, 13.93, 39, 36800, 79.31
PRESTIGE, EQ, 14-Aug-2026, 1618.90, 1620.00, 1623.90, 1582.40, 1592.50, 1592.50, 1596.29, 275252, 4393.81, 22350, 142649, 51.82
PRICOLLTD, EQ, 14-Aug-2026, 765.00, 762.45, 795.00, 761.60, 793.00, 792.05, 782.80, 543858, 4257.31, 34694, 237627, 43.69
PRIMECAB, ST, 14-Aug-2026, 178.00, 183.75, 183.80, 178.00, 178.00, 178.00, 180.52, 8000, 14.44, 5, 6400, 80.00
PRIMESECU, EQ, 14-Aug-2026, 289.35, 286.00, 291.05, 280.60, 280.60, 281.95, 284.88, 18599, 52.99, 451, 13066, 70.25
PRIMO, EQ, 14-Aug-2026, 24.47, 24.11, 26.60, 22.35, 25.55, 25.62, 25.38, 1299946, 329.87, 4198, 740005, 56.93
PRINCEPIPE, EQ, 14-Aug-2026, 281.60, 281.60, 289.00, 280.25, 283.70, 284.00, 284.65, 336008, 956.45, 9514, 173017, 51.49
PRITI, BE, 14-Aug-2026, 35.93, 35.69, 36.85, 34.31, 36.85, 35.79, 35.08, 7358, 2.58, 81, -, -
PRITIKA, SM, 14-Aug-2026, 63.00, 62.00, 62.00, 62.00, 62.00, 62.00, 62.00, 4000, 2.48, 2, 4000, 100.00
PRITIKAUTO, BE, 14-Aug-2026, 17.41, 17.11, 17.99, 17.10, 17.45, 17.30, 17.42, 87481, 15.24, 363, -, -
PRIVISCL, EQ, 14-Aug-2026, 3528.80, 3501.00, 3541.50, 3451.50, 3475.00, 3482.20, 3509.10, 61365, 2153.36, 9910, 43180, 70.37
PRIZOR, ST, 14-Aug-2026, 830.35, 832.10, 868.00, 810.00, 850.00, 851.00, 839.81, 27600, 231.79, 65, 24800, 89.86
PRLIND, SM, 14-Aug-2026, 43.20, 44.10, 44.10, 43.00, 43.00, 43.15, 43.36, 117000, 50.73, 67, 81000, 69.23
PROFX, SM, 14-Aug-2026, 79.80, 79.80, 80.00, 78.00, 80.00, 80.00, 79.88, 32000, 25.56, 10, 30400, 95.00
PROLIFE, SM, 14-Aug-2026, 86.65, 89.95, 90.95, 89.95, 90.95, 90.95, 90.66, 5000, 4.53, 10, 5000, 100.00
PROPEQUITY, SM, 14-Aug-2026, 234.50, 215.00, 220.50, 215.00, 220.00, 220.00, 219.10, 3000, 6.57, 4, 2400, 80.00
PROPSHOP, ST, 14-Aug-2026, 65.70, 64.55, 68.00, 64.25, 67.90, 66.55, 66.26, 40000, 26.50, 15, 40000, 100.00
PROSTARM, EQ, 14-Aug-2026, 135.82, 136.25, 139.00, 132.01, 135.30, 134.39, 134.50, 229560, 308.76, 3586, 109895, 47.87
PROTEAN, EQ, 14-Aug-2026, 555.85, 555.85, 559.50, 547.75, 552.00, 551.90, 551.42, 155533, 857.63, 5081, 91619, 58.91
PROV, SM, 14-Aug-2026, 1860.00, 1860.00, 1860.00, 1850.00, 1860.00, 1860.00, 1856.00, 400, 7.42, 4, 400, 100.00
PROZONER, EQ, 14-Aug-2026, 41.46, 41.60, 42.50, 40.69, 42.00, 42.02, 41.44, 151446, 62.75, 520, 123071, 81.26
PRSMJOHNSN, EQ, 14-Aug-2026, 105.43, 105.51, 106.20, 105.00, 105.60, 105.12, 105.30, 381468, 401.70, 4143, 245118, 64.26
PRUDENT, EQ, 14-Aug-2026, 3325.00, 3315.00, 3384.90, 3249.50, 3300.00, 3257.10, 3326.94, 43980, 1463.19, 5345, 36084, 82.05
PRUDMOULI, BE, 14-Aug-2026, 13.32, 13.60, 13.60, 12.66, 13.35, 13.35, 13.08, 15654, 2.05, 26, -, -
PSB, EQ, 14-Aug-2026, 23.67, 23.59, 23.70, 23.50, 23.63, 23.59, 23.59, 483499, 114.08, 2142, 255003, 52.74
PSFL, SM, 14-Aug-2026, 32.00, 31.05, 31.05, 31.05, 31.05, 31.05, 31.05, 2000, 0.62, 1, 2000, 100.00
PSPPROJECT, EQ, 14-Aug-2026, 918.85, 918.00, 936.05, 906.10, 923.00, 922.40, 922.85, 50643, 467.36, 3098, 20042, 39.58
PSRAJ, ST, 14-Aug-2026, 85.65, 88.00, 88.90, 84.65, 88.00, 87.90, 86.83, 32500, 28.22, 13, 25000, 76.92
PSUBANK, EQ, 14-Aug-2026, 87.84, 87.71, 88.12, 86.94, 86.94, 87.24, 87.43, 60337, 52.75, 419, 34537, 57.24
PSUBANKADD, EQ, 14-Aug-2026, 88.42, 88.93, 88.93, 87.93, 88.44, 88.22, 88.32, 22992, 20.31, 226, 8896, 38.69
PSUBNKBEES, EQ, 14-Aug-2026, 98.11, 97.90, 98.71, 97.31, 97.52, 97.52, 97.64, 1891699, 1847.11, 5495, 1304606, 68.96
PSUBNKIETF, EQ, 14-Aug-2026, 88.78, 89.00, 89.23, 88.09, 88.18, 88.46, 88.64, 125770, 111.48, 729, 48004, 38.17
PTC, EQ, 14-Aug-2026, 164.80, 164.11, 164.67, 160.60, 161.20, 161.47, 161.49, 1981660, 3200.23, 25318, 1194364, 60.27
PTCIL, EQ, 14-Aug-2026, 19167.00, 19235.00, 19328.00, 18921.00, 19100.00, 19050.00, 19022.84, 15593, 2966.23, 4971, 8710, 55.86
PTL, EQ, 14-Aug-2026, 38.83, 39.38, 39.38, 38.45, 38.65, 38.64, 38.61, 56158, 21.68, 632, 44855, 79.87
PULZ, SM, 14-Aug-2026, 23.55, 22.55, 22.55, 22.55, 22.55, 22.55, 22.55, 4000, 0.90, 2, 4000, 100.00
PUNJABCHEM, EQ, 14-Aug-2026, 1094.20, 1093.60, 1104.90, 1084.10, 1097.00, 1094.80, 1093.25, 2111, 23.08, 445, 1081, 51.21
PURPLEUTED, ST, 14-Aug-2026, 336.20, 330.00, 353.00, 330.00, 353.00, 352.85, 350.63, 40750, 142.88, 99, 40000, 98.16
PURVA, EQ, 14-Aug-2026, 217.89, 218.95, 222.34, 216.00, 217.20, 218.21, 220.10, 198836, 437.63, 5614, 97393, 48.98
PUSHPA, SM, 14-Aug-2026, 115.05, 115.00, 115.00, 114.00, 115.00, 115.00, 114.96, 23000, 26.44, 17, 23000, 100.00
PVP, EQ, 14-Aug-2026, 36.67, 35.96, 36.78, 35.12, 35.42, 35.43, 35.85, 577134, 206.88, 2246, 354446, 61.41
PVRINOX, EQ, 14-Aug-2026, 1176.10, 1176.10, 1189.90, 1165.00, 1165.00, 1174.00, 1176.76, 125565, 1477.60, 10054, 44593, 35.51
PVSL, EQ, 14-Aug-2026, 114.25, 114.30, 116.95, 112.05, 116.95, 116.51, 115.22, 26108, 30.08, 831, 15692, 60.10
PVTBANIETF, EQ, 14-Aug-2026, 27.63, 27.63, 27.65, 27.53, 27.65, 27.61, 27.58, 2019794, 557.07, 1166, 1465852, 72.57
PVTBANK, EQ, 14-Aug-2026, 27.49, 27.34, 27.85, 27.25, 27.45, 27.37, 27.27, 19096, 5.21, 33, 17114, 89.62
PVTBANKADD, EQ, 14-Aug-2026, 27.65, 27.65, 27.99, 27.61, 27.61, 27.79, 27.71, 3093809, 857.36, 267, 3033066, 98.04
PVTBKGROWW, EQ, 14-Aug-2026, 27.48, 27.77, 27.77, 27.26, 27.54, 27.51, 27.41, 11852, 3.25, 96, 7431, 62.70
PWL, EQ, 14-Aug-2026, 118.22, 118.51, 119.62, 115.60, 117.60, 117.12, 117.15, 5446152, 6380.08, 43526, 1695978, 31.14
PYRAMID, EQ, 14-Aug-2026, 161.62, 162.00, 164.18, 160.00, 163.87, 162.97, 162.23, 31718, 51.46, 1067, 15547, 49.02
QGOLDHALF, EQ, 14-Aug-2026, 126.52, 127.28, 127.28, 124.01, 125.35, 125.29, 125.10, 153604, 192.16, 1060, 81158, 52.84
QLINE, SM, 14-Aug-2026, 530.85, 530.05, 539.95, 529.75, 531.35, 532.80, 534.06, 30800, 164.49, 71, 22800, 74.03
QMSMEDI, EQ, 14-Aug-2026, 129.61, 129.61, 135.00, 126.00, 132.79, 131.92, 130.65, 46602, 60.88, 1306, 26344, 56.53
QNIFTY, EQ, 14-Aug-2026, 268.41, 268.40, 269.00, 268.00, 268.80, 268.80, 268.43, 628, 1.69, 46, 399, 63.54
QPOWER, EQ, 14-Aug-2026, 1278.10, 1287.70, 1290.00, 1235.50, 1248.00, 1249.30, 1264.64, 190213, 2405.51, 9371, 116742, 61.37
QUADFUTURE, EQ, 14-Aug-2026, 362.20, 364.00, 368.00, 358.25, 361.50, 360.45, 362.55, 147515, 534.82, 4539, 71126, 48.22
QUAL30IETF, EQ, 14-Aug-2026, 21.66, 21.66, 21.86, 21.61, 21.65, 21.67, 21.66, 68631, 14.87, 180, 55309, 80.59
QUALITY30, EQ, 14-Aug-2026, 21.25, 21.28, 21.30, 21.24, 21.29, 21.27, 21.27, 7428, 1.58, 21, 7410, 99.76
QUESS, EQ, 14-Aug-2026, 333.20, 331.25, 340.00, 325.05, 337.40, 337.80, 334.55, 444663, 1487.63, 13513, 214769, 48.30
QUESTLAB, SM, 14-Aug-2026, 90.50, 89.50, 92.00, 89.00, 91.90, 91.45, 90.87, 13200, 12.00, 11, 9600, 72.73
QUICKHEAL, BE, 14-Aug-2026, 149.50, 150.00, 152.99, 148.20, 150.00, 149.09, 149.91, 40522, 60.75, 593, -, -
QUICKTOUCH, SM, 14-Aug-2026, 19.95, 19.50, 19.80, 19.00, 19.05, 19.10, 19.37, 7000, 1.36, 11, 5000, 71.43
QUINT, EQ, 14-Aug-2026, 37.54, 37.16, 38.84, 36.70, 37.74, 37.56, 37.08, 3162, 1.17, 45, 3150, 99.62
QVCEL, SM, 14-Aug-2026, 24.25, 24.90, 24.90, 24.90, 24.90, 24.90, 24.90, 1600, 0.40, 1, 1600, 100.00
RACE, EQ, 14-Aug-2026, 99.54, 103.99, 103.99, 99.39, 102.00, 100.07, 101.02, 18793, 18.98, 95, 18103, 96.33
RACLGEAR, EQ, 14-Aug-2026, 1389.70, 1391.00, 1416.90, 1380.00, 1390.00, 1387.30, 1396.54, 19205, 268.21, 1916, 12523, 65.21
RADAAN, EQ, 14-Aug-2026, 2.99, 3.08, 3.10, 2.99, 3.07, 3.06, 3.06, 17481, 0.53, 73, 13295, 76.05
RADHIKAJWE, EQ, 14-Aug-2026, 70.72, 70.92, 70.92, 68.55, 69.20, 69.29, 69.86, 317500, 221.81, 3066, 133129, 41.93
RADIANTCMS, EQ, 14-Aug-2026, 36.77, 36.75, 36.75, 35.86, 35.93, 36.08, 36.06, 145668, 52.52, 1262, 121162, 83.18
RADICO, EQ, 14-Aug-2026, 4675.20, 4670.50, 4670.50, 4575.60, 4650.00, 4650.00, 4626.55, 311862, 14428.44, 34423, 179247, 57.48
RADIOCITY, EQ, 14-Aug-2026, 6.64, 6.80, 6.94, 6.61, 6.72, 6.71, 6.74, 25035, 1.69, 121, 18555, 74.12
RADIOWALLA, ST, 14-Aug-2026, 25.55, 25.05, 25.05, 25.05, 25.05, 25.05, 25.05, 1600, 0.40, 1, 1600, 100.00
RAILTEL, EQ, 14-Aug-2026, 285.20, 284.00, 285.80, 281.70, 282.30, 282.15, 282.95, 184599, 522.32, 5942, 87041, 47.15
RAIN, EQ, 14-Aug-2026, 213.99, 211.00, 213.19, 206.25, 207.60, 208.69, 209.60, 3240000, 6791.02, 24376, 1245627, 38.45
RAINBOW, EQ, 14-Aug-2026, 1453.00, 1453.00, 1468.00, 1414.50, 1464.00, 1461.80, 1431.12, 230835, 3303.53, 28623, 151778, 65.75
RAJESHEXPO, BZ, 14-Aug-2026, 80.99, 81.00, 82.00, 81.00, 81.60, 81.62, 81.60, 55846, 45.57, 752, -, -
RAJINDLTD, SM, 14-Aug-2026, 66.15, 66.05, 68.00, 66.05, 68.00, 68.00, 67.03, 3000, 2.01, 2, 3000, 100.00
RAJMET, EQ, 14-Aug-2026, 3.28, 3.27, 3.30, 3.10, 3.24, 3.21, 3.25, 335604, 10.89, 787, 278270, 82.92
RAJOOENG, BE, 14-Aug-2026, 50.89, 51.20, 51.20, 50.10, 51.00, 50.98, 50.70, 66303, 33.61, 460, -, -
RAJPALAYAM, EQ, 14-Aug-2026, 832.45, 840.00, 855.00, 831.00, 840.00, 838.15, 840.66, 1697, 14.27, 140, 1394, 82.14
RAJPUTANA, SM, 14-Aug-2026, 206.15, 206.15, 215.00, 206.15, 215.00, 215.00, 210.85, 2500, 5.27, 5, 2500, 100.00
RAJRATAN, EQ, 14-Aug-2026, 529.85, 528.00, 532.30, 514.00, 515.70, 515.80, 518.08, 73116, 378.80, 3490, 40404, 55.26
RAJRILTD, BE, 14-Aug-2026, 21.32, 21.60, 21.74, 20.90, 21.70, 21.70, 21.70, 12790, 2.77, 78, -, -
RAJSREESUG, EQ, 14-Aug-2026, 32.83, 33.00, 34.00, 32.00, 32.58, 32.67, 32.86, 34828, 11.44, 342, 23365, 67.09
RAJTV, EQ, 14-Aug-2026, 10.14, 10.14, 10.25, 10.00, 10.25, 10.22, 10.18, 27304, 2.78, 99, 24221, 88.71
RALLIS, EQ, 14-Aug-2026, 212.94, 213.00, 216.20, 211.12, 212.00, 212.48, 214.15, 825829, 1768.50, 18120, 411188, 49.79
RAMANEWS, EQ, 14-Aug-2026, 31.88, 31.50, 33.30, 30.90, 31.76, 31.62, 31.73, 11064, 3.51, 234, 7122, 64.37
RAMAPHO, EQ, 14-Aug-2026, 120.05, 120.11, 120.89, 118.84, 120.00, 119.85, 119.73, 21747, 26.04, 503, 15615, 71.80
RAMASTEEL, BE, 14-Aug-2026, 4.49, 4.41, 4.41, 4.41, 4.41, 4.41, 4.41, 468955, 20.68, 1294, -, -
RAMBHAJO, EQ, 14-Aug-2026, 182.62, 182.45, 184.40, 173.10, 178.20, 177.79, 178.58, 220456, 393.68, 4194, 116552, 52.87
RAMCOCEM, EQ, 14-Aug-2026, 908.80, 911.80, 937.80, 902.25, 909.95, 907.20, 921.12, 446773, 4115.32, 21802, 200262, 44.82
RAMCOIND, EQ, 14-Aug-2026, 357.40, 358.20, 361.90, 352.90, 356.80, 356.95, 357.00, 170959, 610.32, 4336, 52011, 30.42
RAMCOSYS, EQ, 14-Aug-2026, 595.75, 595.75, 611.00, 583.30, 593.00, 595.70, 595.63, 129582, 771.83, 7153, 54914, 42.38
RAMKY, EQ, 14-Aug-2026, 393.65, 392.10, 395.00, 387.00, 390.00, 390.05, 389.90, 24128, 94.08, 855, 16226, 67.25
RAMRAT, EQ, 14-Aug-2026, 471.35, 473.80, 478.85, 469.00, 476.00, 475.05, 474.65, 138081, 655.40, 5506, 62031, 44.92
RANASUG, EQ, 14-Aug-2026, 13.16, 13.37, 13.52, 13.01, 13.10, 13.05, 13.22, 243663, 32.22, 704, 114207, 46.87
RANEHOLDIN, EQ, 14-Aug-2026, 1777.40, 1758.10, 1779.90, 1642.00, 1680.00, 1674.40, 1702.89, 44974, 765.86, 4327, 27390, 60.90
RAPPID, SM, 14-Aug-2026, 319.00, 319.50, 319.50, 319.00, 319.00, 319.00, 319.23, 1800, 5.75, 3, 1200, 66.67
RATEGAIN, EQ, 14-Aug-2026, 885.05, 888.90, 944.90, 888.50, 941.80, 942.60, 929.00, 639243, 5938.54, 23700, 332390, 52.00
RATNAMANI, EQ, 14-Aug-2026, 2298.00, 2282.20, 2360.30, 2281.00, 2358.60, 2352.00, 2348.06, 29086, 682.96, 8891, 15829, 54.42
RATNAVEER, EQ, 14-Aug-2026, 220.00, 221.00, 233.02, 209.00, 229.00, 230.16, 224.78, 21537789, 48413.41, 151103, 2307573, 10.71
RAYMOND, EQ, 14-Aug-2026, 642.00, 643.50, 644.80, 630.25, 632.00, 635.45, 635.61, 273383, 1737.65, 7873, 134295, 49.12
RAYMONDLSL, EQ, 14-Aug-2026, 738.55, 737.75, 758.00, 733.00, 749.00, 741.20, 745.93, 195702, 1459.80, 10990, 75120, 38.38
RAYMONDREL, EQ, 14-Aug-2026, 570.85, 570.90, 581.85, 567.05, 581.85, 577.80, 573.32, 223402, 1280.80, 5752, 94353, 42.23
RBA, EQ, 14-Aug-2026, 98.35, 98.50, 102.10, 96.79, 99.07, 99.08, 100.02, 12303317, 12306.10, 46015, 3543300, 28.80
RBLBANK, EQ, 14-Aug-2026, 387.25, 387.25, 388.30, 382.25, 385.00, 385.00, 385.35, 1471037, 5668.69, 21229, 708484, 48.16
RBMINFRA, SM, 14-Aug-2026, 250.55, 245.05, 249.90, 243.00, 245.00, 245.30, 245.93, 20800, 51.15, 66, 16200, 77.88
RBS, SM, 14-Aug-2026, 90.40, 92.00, 93.45, 91.00, 93.45, 93.45, 92.63, 7200, 6.67, 8, 4000, 55.56
RBZJEWEL, EQ, 14-Aug-2026, 140.04, 139.39, 142.09, 139.23, 140.01, 140.84, 141.22, 31601, 44.63, 843, 18610, 58.89
RCDL, SM, 14-Aug-2026, 28.30, 27.05, 28.30, 27.05, 27.70, 27.70, 27.70, 21000, 5.82, 7, 15000, 71.43
RCF, EQ, 14-Aug-2026, 124.47, 126.00, 126.79, 123.60, 123.67, 124.05, 124.89, 1142528, 1426.86, 11124, 364060, 31.86
RCOM, BE, 14-Aug-2026, 0.80, 0.81, 0.82, 0.80, 0.82, 0.81, 0.81, 3013940, 24.55, 2156, -, -
READYMIX, SM, 14-Aug-2026, 103.05, 113.50, 113.50, 103.00, 104.00, 104.45, 106.46, 5000, 5.32, 5, 4000, 80.00
RECLTD, EQ, 14-Aug-2026, 346.50, 344.15, 344.50, 334.50, 335.00, 335.00, 336.59, 7298422, 24566.06, 80634, 3748937, 51.37
REDINGTON, EQ, 14-Aug-2026, 346.00, 346.00, 347.70, 332.65, 334.35, 334.05, 337.55, 1569582, 5298.18, 29417, 528096, 33.65
REDTAPE, EQ, 14-Aug-2026, 124.19, 124.19, 124.33, 121.85, 122.35, 122.19, 122.39, 249769, 305.68, 5018, 155718, 62.34
REFEX, EQ, 14-Aug-2026, 293.40, 293.40, 302.00, 291.00, 296.65, 297.25, 296.93, 390259, 1158.80, 7694, 143614, 36.80
REFRACTORY, SM, 14-Aug-2026, 25.00, 25.60, 25.60, 25.00, 25.00, 25.00, 25.30, 2000, 0.51, 2, 2000, 100.00
REGAAL, BE, 14-Aug-2026, 86.03, 87.30, 87.50, 81.75, 86.00, 86.00, 85.05, 86091, 73.22, 453, -, -
REGENCERAM, EQ, 14-Aug-2026, 40.33, 43.99, 43.99, 35.50, 36.54, 36.31, 37.51, 29386, 11.02, 577, 15419, 52.47
RELAXO, EQ, 14-Aug-2026, 419.45, 409.60, 420.00, 394.20, 396.50, 396.25, 403.42, 463818, 1871.11, 16723, 186956, 40.31
RELCHEMQ, EQ, 14-Aug-2026, 119.09, 124.90, 124.90, 117.99, 118.06, 118.99, 118.66, 6778, 8.04, 115, 5141, 75.85
RELIABLE, EQ, 14-Aug-2026, 143.47, 144.60, 144.60, 136.00, 139.78, 139.86, 142.26, 317803, 452.10, 746, 108846, 34.25
RELIANCE, EQ, 14-Aug-2026, 1317.00, 1317.00, 1317.50, 1301.50, 1310.00, 1310.00, 1308.27, 10497358, 137334.05, 138435, 7602445, 72.42
RELIGARE, EQ, 14-Aug-2026, 234.35, 234.00, 236.30, 229.95, 235.00, 234.75, 234.00, 1513186, 3540.86, 12350, 1159919, 76.65
RELINFRA, BE, 14-Aug-2026, 68.48, 67.12, 67.12, 67.12, 67.12, 67.12, 67.12, 13785, 9.25, 144, -, -
RELTD, EQ, 14-Aug-2026, 169.43, 170.99, 170.99, 164.00, 164.00, 164.70, 166.09, 166613, 276.72, 2676, 112421, 67.47
REMSONSIND, EQ, 14-Aug-2026, 88.29, 88.30, 90.10, 87.91, 88.40, 88.25, 88.64, 93316, 82.72, 993, 75248, 80.64
REMUS, SM, 14-Aug-2026, 878.95, 896.95, 917.95, 892.00, 892.00, 897.35, 907.46, 30900, 280.40, 181, 22800, 73.79
RENUKA, EQ, 14-Aug-2026, 22.12, 22.15, 22.55, 21.90, 21.94, 21.95, 22.15, 3607964, 799.30, 7406, 1242030, 34.42
REPCOHOME, EQ, 14-Aug-2026, 362.10, 362.50, 369.95, 356.30, 356.60, 357.55, 359.02, 70965, 254.78, 2664, 51331, 72.33
REPL, BE, 14-Aug-2026, 64.50, 64.50, 64.99, 62.81, 64.00, 64.00, 63.95, 1164, 0.74, 21, -, -
REPRO, EQ, 14-Aug-2026, 322.20, 330.00, 331.20, 318.00, 322.20, 324.75, 323.92, 22325, 72.32, 1193, 14921, 66.84
RESPONIND, EQ, 14-Aug-2026, 168.71, 167.50, 170.80, 164.00, 164.10, 165.90, 166.88, 78035, 130.22, 1616, 41262, 52.88
RETAIL, EQ, 14-Aug-2026, 18.24, 17.31, 19.80, 17.31, 17.60, 19.03, 18.08, 7001, 1.27, 60, 6747, 96.37
REXPRO, SM, 14-Aug-2026, 39.55, 37.70, 38.05, 37.70, 38.05, 38.05, 37.76, 6000, 2.27, 6, 5000, 83.33
RGL, EQ, 14-Aug-2026, 111.14, 115.00, 124.90, 115.00, 123.50, 123.03, 121.39, 5684564, 6900.73, 40929, 1050491, 18.48
RHETAN, EQ, 14-Aug-2026, 21.01, 20.90, 21.55, 20.90, 21.06, 21.05, 21.13, 23892340, 5047.89, 15414, 8703069, 36.43
RHFL, BZ, 14-Aug-2026, 1.79, 1.79, 1.81, 1.77, 1.78, 1.78, 1.79, 340613, 6.09, 730, -, -
RHIM, EQ, 14-Aug-2026, 391.65, 393.55, 394.55, 378.05, 380.95, 379.85, 383.00, 581225, 2226.11, 20731, 300552, 51.71
RHL, EQ, 14-Aug-2026, 171.02, 169.80, 174.40, 166.11, 166.11, 166.94, 167.27, 5723, 9.57, 150, 4826, 84.33
RICHA, ST, 14-Aug-2026, 90.00, 90.00, 90.00, 90.00, 90.00, 90.00, 90.00, 1000, 0.90, 1, 1000, 100.00
RICOAUTO, EQ, 14-Aug-2026, 131.84, 132.25, 136.25, 131.06, 132.70, 132.00, 133.23, 1561117, 2079.82, 13315, 605953, 38.82
RIIL, EQ, 14-Aug-2026, 744.00, 744.80, 745.90, 735.00, 740.10, 743.60, 740.47, 28667, 212.27, 1732, 10218, 35.64
RIIT, IV, 14-Aug-2026, 117.54, 117.36, 120.39, 116.04, 119.00, 118.89, 118.40, 390070, 461.85, 2187, 338519, 86.78
RILINFRA, SM, 14-Aug-2026, 37.25, 37.25, 38.55, 36.55, 37.10, 37.00, 37.16, 13300, 4.94, 63, 10100, 75.94
RIR, EQ, 14-Aug-2026, 166.64, 167.95, 168.62, 163.21, 167.00, 165.36, 165.42, 165640, 274.01, 3000, 67642, 40.84
RISHABH, EQ, 14-Aug-2026, 660.60, 673.90, 673.95, 642.00, 646.00, 648.65, 654.32, 298554, 1953.51, 15128, 179677, 60.18
RITCO, EQ, 14-Aug-2026, 301.75, 300.00, 303.00, 273.05, 296.70, 295.60, 295.75, 162454, 480.46, 4790, 59559, 36.66
RITES, EQ, 14-Aug-2026, 224.46, 224.39, 225.56, 220.22, 220.90, 221.06, 222.32, 192372, 427.67, 6007, 96061, 49.94
RITEZONE, SM, 14-Aug-2026, 19.10, 18.25, 18.25, 18.25, 18.25, 18.25, 18.25, 1600, 0.29, 1, 1600, 100.00
RKDL, EQ, 14-Aug-2026, 18.56, 18.56, 18.90, 18.20, 18.39, 18.63, 18.54, 12485, 2.31, 80, 11806, 94.56
RKEC, EQ, 14-Aug-2026, 24.77, 24.95, 25.55, 24.66, 24.75, 25.02, 24.98, 23050, 5.76, 108, 17100, 74.19
RKFORGE, EQ, 14-Aug-2026, 733.30, 730.00, 741.80, 728.35, 734.50, 732.60, 733.76, 404732, 2969.78, 14890, 193084, 47.71
RKSWAMY, EQ, 14-Aug-2026, 98.35, 98.35, 99.05, 94.00, 95.45, 94.59, 95.50, 40589, 38.76, 924, 28472, 70.15
RMC, EQ, 14-Aug-2026, 267.40, 268.10, 274.95, 265.00, 268.00, 267.00, 269.92, 55955, 151.03, 1854, 18271, 32.65
RMDRIP, BE, 14-Aug-2026, 17.99, 17.99, 18.88, 17.55, 17.99, 17.65, 18.09, 471888, 85.38, 881, -, -
RML, EQ, 14-Aug-2026, 1120.20, 1120.50, 1148.30, 1102.00, 1115.10, 1113.50, 1125.66, 24084, 271.10, 2419, 11971, 49.71
RNBDENIMS, EQ, 14-Aug-2026, 8.92, 8.88, 9.34, 8.81, 8.92, 8.93, 8.96, 116781, 10.46, 576, 71552, 61.27
RNFI, SM, 14-Aug-2026, 273.50, 275.10, 277.00, 273.00, 275.60, 275.60, 275.48, 20400, 56.20, 24, 17400, 85.29
RNPL, SM, 14-Aug-2026, 80.00, 83.00, 83.00, 83.00, 83.00, 83.00, 83.00, 1200, 1.00, 1, 1200, 100.00
ROCKINGDCE, SM, 14-Aug-2026, 168.70, 162.00, 182.80, 162.00, 182.80, 180.65, 176.93, 5500, 9.73, 18, 4250, 77.27
ROHLTD, EQ, 14-Aug-2026, 315.75, 315.75, 316.00, 311.00, 311.00, 312.35, 313.62, 7692, 24.12, 311, 6630, 86.19
ROLEXRINGS, EQ, 14-Aug-2026, 178.26, 177.80, 181.80, 174.26, 175.30, 176.30, 178.26, 4236117, 7551.41, 33170, 1797161, 42.42
ROLLT, BE, 14-Aug-2026, 3.12, 3.18, 3.27, 2.97, 3.02, 3.02, 3.15, 580793, 18.30, 309, -, -
ROML, EQ, 14-Aug-2026, 45.48, 45.00, 45.00, 44.07, 44.49, 44.52, 44.41, 1130, 0.50, 49, 864, 76.46
ROSSARI, EQ, 14-Aug-2026, 497.40, 497.40, 510.00, 496.85, 506.90, 503.00, 501.31, 39908, 200.06, 1979, 19554, 49.00
ROSSELLIND, EQ, 14-Aug-2026, 55.77, 55.77, 56.80, 55.04, 55.20, 55.58, 55.60, 18979, 10.55, 533, 12215, 64.36
ROSSTECH, EQ, 14-Aug-2026, 1057.15, 1057.15, 1102.00, 1057.15, 1074.00, 1073.45, 1088.84, 156621, 1705.36, 10060, 64832, 41.39
ROTO, EQ, 14-Aug-2026, 66.16, 66.50, 66.90, 65.56, 66.06, 66.11, 66.10, 322644, 213.28, 2148, 143887, 44.60
ROUTE, EQ, 14-Aug-2026, 514.60, 514.00, 514.00, 504.00, 504.50, 505.25, 507.52, 183802, 932.83, 7521, 87662, 47.69
ROXHITECH, SM, 14-Aug-2026, 54.75, 54.75, 58.90, 54.75, 57.70, 58.45, 57.62, 132800, 76.52, 79, 88000, 66.27
ROYALARC, SM, 14-Aug-2026, 180.00, 176.00, 180.10, 176.00, 180.00, 180.00, 178.85, 7200, 12.88, 6, 7200, 100.00
RPEL, EQ, 14-Aug-2026, 1388.80, 1399.00, 1473.00, 1389.60, 1432.00, 1433.90, 1440.76, 243416, 3507.04, 18609, 80144, 32.92
RPGLIFE, EQ, 14-Aug-2026, 2830.50, 2830.50, 2843.00, 2757.80, 2772.00, 2782.30, 2787.41, 14339, 399.69, 2208, 6532, 45.55
RPOWER, EQ, 14-Aug-2026, 23.22, 23.30, 23.40, 22.91, 23.00, 22.98, 23.03, 11979556, 2759.19, 24915, 5191684, 43.34
RPPINFRA, EQ, 14-Aug-2026, 59.63, 61.90, 61.90, 58.51, 59.31, 59.65, 59.38, 53729, 31.91, 1378, 31566, 58.75
RPPL, BE, 14-Aug-2026, 23.56, 23.56, 24.00, 22.55, 23.40, 23.33, 23.26, 11283, 2.62, 89, -, -
RPSGVENT, EQ, 14-Aug-2026, 904.35, 900.00, 919.00, 867.00, 890.50, 890.15, 887.07, 60010, 532.33, 2487, 39334, 65.55
RPTECH, EQ, 14-Aug-2026, 871.75, 871.15, 874.45, 828.45, 834.00, 834.05, 844.90, 298989, 2526.17, 15601, 156784, 52.44
RRIL, EQ, 14-Aug-2026, 16.92, 17.00, 17.21, 16.70, 16.70, 16.71, 16.87, 3947, 0.67, 54, 2898, 73.42
RRKABEL, EQ, 14-Aug-2026, 2834.20, 2830.00, 2845.00, 2765.40, 2786.00, 2785.60, 2789.40, 202673, 5653.36, 20110, 94986, 46.87
RSDFIN, BE, 14-Aug-2026, 117.98, 112.10, 112.10, 112.09, 112.09, 112.09, 112.09, 3283, 3.68, 54, -, -
RSL, EQ, 14-Aug-2026, 166.77, 168.79, 171.37, 164.40, 164.86, 165.42, 166.86, 471828, 787.30, 5787, 129421, 27.43
RSSOFTWARE, EQ, 14-Aug-2026, 33.82, 33.82, 34.49, 32.36, 33.50, 33.14, 33.30, 14042, 4.68, 126, 10765, 76.66
RSWM, BE, 14-Aug-2026, 201.06, 203.00, 203.05, 197.00, 199.10, 199.10, 200.00, 24442, 48.88, 609, -, -
RSYSTEMS, EQ, 14-Aug-2026, 242.70, 242.40, 244.00, 238.50, 242.50, 241.80, 240.81, 98387, 236.92, 4032, 52011, 52.86
RTNINDIA, EQ, 14-Aug-2026, 30.41, 30.39, 30.42, 30.00, 30.14, 30.05, 30.15, 1093480, 329.65, 3985, 674122, 61.65
RTNPOWER, EQ, 14-Aug-2026, 8.46, 8.46, 8.53, 8.43, 8.46, 8.45, 8.48, 7177211, 608.76, 9502, 2782302, 38.77
RUBFILA, EQ, 14-Aug-2026, 68.63, 68.95, 70.33, 66.00, 66.71, 66.78, 67.82, 70873, 48.07, 955, 56205, 79.30
RUBICON, EQ, 14-Aug-2026, 1620.70, 1629.70, 1650.70, 1591.50, 1616.80, 1619.10, 1620.93, 257007, 4165.89, 20823, 128325, 49.93
RUBYMILLS, BE, 14-Aug-2026, 362.70, 370.00, 370.10, 356.00, 369.90, 364.25, 367.27, 5510, 20.24, 135, -, -
RUCHINFRA, EQ, 14-Aug-2026, 5.99, 6.09, 6.09, 5.82, 5.90, 5.89, 5.91, 29272, 1.73, 144, 17141, 58.56
RUCHIRA, EQ, 14-Aug-2026, 101.99, 103.50, 106.19, 102.70, 104.16, 104.09, 104.40, 23306, 24.33, 489, 12030, 51.62
RUDRA, EQ, 14-Aug-2026, 22.41, 22.50, 22.69, 21.51, 22.20, 22.46, 22.24, 211866, 47.12, 627, 152429, 71.95
RULKA, SM, 14-Aug-2026, 108.00, 110.95, 110.95, 107.20, 107.20, 107.60, 109.23, 1800, 1.97, 6, 1200, 66.67
RUPA, EQ, 14-Aug-2026, 153.87, 153.00, 153.50, 150.05, 151.00, 151.05, 151.56, 166610, 252.52, 3371, 110530, 66.34
RUSHIL, EQ, 14-Aug-2026, 17.60, 17.73, 17.73, 17.13, 17.13, 17.21, 17.33, 147456, 25.56, 707, 100290, 68.01
RUSTOMJEE, EQ, 14-Aug-2026, 373.50, 372.10, 375.85, 368.95, 374.80, 371.45, 371.38, 27601, 102.51, 1106, 15021, 54.42
RVHL, EQ, 14-Aug-2026, 42.41, 42.40, 43.92, 42.20, 43.00, 43.47, 43.39, 3990, 1.73, 43, 3597, 90.15
RVNL, EQ, 14-Aug-2026, 228.15, 228.00, 228.92, 225.55, 227.35, 227.35, 226.92, 2580170, 5854.91, 25805, 925625, 35.87
RVTH, EQ, 14-Aug-2026, 714.85, 719.80, 739.40, 709.30, 730.00, 729.90, 723.60, 2258, 16.34, 51, 2121, 93.93
S&SPOWER, EQ, 14-Aug-2026, 320.40, 319.95, 330.00, 316.80, 324.10, 325.60, 325.42, 2613, 8.50, 77, 2004, 76.69
SAAKSHI, ST, 14-Aug-2026, 282.00, 275.25, 296.10, 275.25, 296.10, 296.10, 293.30, 25800, 75.67, 33, 18000, 69.77
SAATVIKGL, EQ, 14-Aug-2026, 441.70, 448.00, 449.00, 420.10, 431.00, 427.40, 434.40, 196637, 854.18, 7826, 68008, 34.59
SACHEEROME, SM, 14-Aug-2026, 453.65, 450.00, 465.00, 450.00, 452.10, 452.20, 455.76, 6000, 27.35, 20, 5100, 85.00
SADBHAV, EQ, 14-Aug-2026, 8.81, 8.77, 8.90, 8.45, 8.64, 8.54, 8.61, 180721, 15.56, 539, 131726, 72.89
SADBHIN, BE, 14-Aug-2026, 2.75, 2.88, 2.88, 2.81, 2.87, 2.86, 2.88, 281382, 8.09, 229, -, -
SADHAV, SM, 14-Aug-2026, 115.45, 119.10, 120.45, 117.00, 117.00, 117.25, 119.33, 10800, 12.89, 18, 9000, 83.33
SADHNANIQ, BE, 14-Aug-2026, 3.20, 3.14, 3.14, 3.14, 3.14, 3.14, 3.14, 1233310, 38.73, 426, -, -
SAFARI, EQ, 14-Aug-2026, 1492.40, 1492.50, 1505.00, 1475.40, 1500.10, 1498.50, 1488.75, 30643, 456.20, 4699, 14883, 48.57
SAFEENTP, SM, 14-Aug-2026, 238.15, 238.15, 240.30, 238.15, 238.25, 238.90, 239.24, 8000, 19.14, 15, 5500, 68.75
SAGARDEEP, EQ, 14-Aug-2026, 24.11, 23.99, 24.98, 23.59, 23.70, 23.71, 23.87, 14347, 3.42, 142, 10634, 74.12
SAGCEM, EQ, 14-Aug-2026, 173.85, 175.12, 175.57, 172.12, 174.49, 173.39, 174.08, 13416, 23.35, 508, 6922, 51.60
SAGILITY, EQ, 14-Aug-2026, 42.66, 42.70, 42.85, 42.00, 42.34, 42.28, 42.28, 9663209, 4085.39, 28817, 4177734, 43.23
SAHAJSOLAR, SM, 14-Aug-2026, 107.90, 110.00, 110.00, 107.10, 109.95, 108.10, 108.34, 10800, 11.70, 20, 8400, 77.78
SAHANA, SM, 14-Aug-2026, 785.30, 785.00, 798.00, 773.00, 795.00, 788.00, 784.61, 18150, 142.41, 77, 14100, 77.69
SAHASRA, ST, 14-Aug-2026, 318.00, 318.05, 319.00, 312.00, 319.00, 317.15, 315.87, 18000, 56.86, 34, 16400, 91.11
SAHLIBHFI, EQ, 14-Aug-2026, 75.26, 75.26, 76.00, 73.25, 74.01, 74.20, 75.59, 3304, 2.50, 40, 3141, 95.07
SAHYADRI, EQ, 14-Aug-2026, 365.05, 369.00, 374.30, 358.00, 361.00, 360.10, 363.32, 15285, 55.53, 712, 10755, 70.36
SAIFL, SM, 14-Aug-2026, 5.10, 5.15, 5.15, 5.05, 5.10, 5.10, 5.11, 96000, 4.91, 22, 60000, 62.50
SAIL, EQ, 14-Aug-2026, 168.68, 167.99, 171.60, 158.73, 169.51, 169.51, 165.72, 28039740, 46467.79, 103784, 7754241, 27.65
SAILIFE, EQ, 14-Aug-2026, 1451.20, 1456.00, 1470.90, 1437.80, 1442.50, 1449.90, 1451.64, 142027, 2061.72, 11215, 54860, 38.63
SAIPARENT, EQ, 14-Aug-2026, 563.15, 563.15, 568.95, 550.00, 553.25, 551.65, 556.43, 76796, 427.32, 3919, 49388, 64.31
SAJHOTELS, ST, 14-Aug-2026, 42.50, 43.00, 43.00, 42.50, 42.50, 42.50, 42.75, 4000, 1.71, 2, 4000, 100.00
SAKAR, EQ, 14-Aug-2026, 918.30, 917.00, 924.25, 831.55, 878.00, 875.95, 871.69, 272747, 2377.51, 15732, 121604, 44.58
SAKHTISUG, EQ, 14-Aug-2026, 17.14, 16.90, 17.64, 16.11, 17.23, 17.05, 17.09, 330181, 56.42, 980, 163332, 49.47
SAKSOFT, EQ, 14-Aug-2026, 168.34, 170.00, 170.00, 165.05, 166.50, 165.71, 166.60, 254321, 423.69, 3617, 119032, 46.80
SAKUMA, EQ, 14-Aug-2026, 1.67, 1.66, 1.66, 1.56, 1.63, 1.62, 1.63, 1094378, 17.81, 1191, 788255, 72.03
SALASAR, EQ, 14-Aug-2026, 5.90, 5.80, 6.09, 5.74, 5.98, 5.96, 5.97, 7464628, 445.35, 4459, 2940917, 39.40
SALONA, EQ, 14-Aug-2026, 258.40, 256.02, 264.76, 255.07, 260.00, 259.62, 261.62, 1825, 4.77, 103, 1284, 70.36
SALSTEEL, EQ, 14-Aug-2026, 69.35, 72.50, 73.90, 65.00, 66.00, 66.42, 70.32, 2066870, 1453.46, 13269, 638624, 30.90
SALZERELEC, EQ, 14-Aug-2026, 573.70, 572.05, 578.45, 567.65, 571.80, 570.25, 571.59, 26144, 149.44, 1827, 16041, 61.36
SAMBHAAV, EQ, 14-Aug-2026, 6.58, 6.58, 6.65, 6.40, 6.65, 6.50, 6.50, 10654, 0.69, 57, 9921, 93.12
SAMBHV, EQ, 14-Aug-2026, 117.11, 116.90, 122.40, 116.90, 120.90, 121.06, 120.47, 1423310, 1714.66, 12138, 630085, 44.27
SAMHI, EQ, 14-Aug-2026, 164.77, 164.00, 165.99, 163.00, 163.26, 163.37, 164.27, 367602, 603.87, 6698, 218774, 59.51
SAMMAANCAP, EQ, 14-Aug-2026, 161.83, 160.00, 162.90, 152.00, 152.25, 152.39, 156.21, 22679522, 35428.22, 86555, 11526492, 50.82
SAMPANN, EQ, 14-Aug-2026, 26.36, 26.51, 26.99, 26.00, 26.40, 26.28, 26.24, 17344, 4.55, 96, 11918, 68.72
SANATHAN, EQ, 14-Aug-2026, 480.20, 484.55, 484.55, 467.00, 474.80, 471.35, 474.14, 14711, 69.75, 1494, 8249, 56.07
SANDESH, EQ, 14-Aug-2026, 1076.40, 1082.05, 1090.00, 1072.00, 1082.00, 1079.70, 1082.91, 989, 10.71, 141, 679, 68.66
SANDHAR, EQ, 14-Aug-2026, 615.15, 620.45, 648.60, 616.45, 640.45, 639.85, 637.55, 348360, 2220.97, 13684, 134941, 38.74
SANDUMA, EQ, 14-Aug-2026, 201.93, 202.20, 203.43, 197.11, 198.50, 198.01, 198.85, 689151, 1370.38, 10479, 374211, 54.30
SANGAMIND, EQ, 14-Aug-2026, 598.35, 603.00, 603.00, 582.15, 603.00, 601.00, 597.03, 19506, 116.46, 1377, 11129, 57.05
SANGANI, SM, 14-Aug-2026, 53.20, 55.85, 55.85, 55.45, 55.45, 55.45, 55.53, 7500, 4.16, 5, 6000, 80.00
SANGHVIMOV, EQ, 14-Aug-2026, 496.70, 498.00, 504.95, 486.10, 489.00, 489.05, 493.42, 200600, 989.81, 7398, 84796, 42.27
SANGINITA, BE, 14-Aug-2026, 54.53, 53.44, 54.00, 53.44, 54.00, 54.00, 53.65, 648064, 347.69, 792, -, -
SANOFI, EQ, 14-Aug-2026, 3248.60, 3264.00, 3297.00, 3231.00, 3235.50, 3242.90, 3251.57, 6333, 205.92, 1659, 3977, 62.80
SANOFICONR, EQ, 14-Aug-2026, 4471.70, 4471.70, 4499.90, 4435.00, 4435.00, 4444.90, 4450.87, 1322, 58.84, 419, 923, 69.82
SANSERA, EQ, 14-Aug-2026, 3786.00, 3837.90, 4038.00, 3795.50, 3926.00, 3924.60, 3962.13, 688015, 27260.03, 72950, 227831, 33.11
SANSTAR, EQ, 14-Aug-2026, 112.90, 110.00, 112.50, 104.30, 111.02, 111.50, 109.32, 481369, 526.25, 6557, 197540, 41.04
SANWARIA, BZ, 14-Aug-2026, 0.20, 0.21, 0.21, 0.19, 0.21, 0.20, 0.20, 211073, 0.43, 160, -, -
SAPPHIRE, EQ, 14-Aug-2026, 233.29, 233.30, 239.57, 231.50, 234.61, 234.72, 234.61, 1505065, 3530.99, 22009, 538682, 35.79
SAPPL, EQ, 14-Aug-2026, 278.75, 275.05, 300.05, 275.00, 288.90, 277.95, 284.10, 1654, 4.70, 41, 1510, 91.29
SARDAEN, EQ, 14-Aug-2026, 523.30, 520.70, 534.00, 512.75, 533.85, 531.15, 524.60, 1572136, 8247.38, 38101, 344755, 21.93
SAREGAMA, EQ, 14-Aug-2026, 531.65, 535.65, 536.00, 515.20, 530.25, 527.30, 524.97, 747795, 3925.72, 31667, 401033, 53.63
SARLAPOLY, EQ, 14-Aug-2026, 101.55, 100.50, 102.90, 100.50, 102.40, 101.19, 101.71, 34895, 35.49, 1259, 22311, 63.94
SAROJA, SM, 14-Aug-2026, 31.45, 31.45, 31.45, 31.45, 31.45, 31.45, 31.45, 1600, 0.50, 1, 1600, 100.00
SARTELE, SM, 14-Aug-2026, 110.80, 111.00, 112.10, 107.50, 108.00, 108.25, 109.37, 79000, 86.40, 135, 68500, 86.71
SARVESHWAR, EQ, 14-Aug-2026, 3.45, 3.46, 3.49, 3.42, 3.47, 3.46, 3.45, 913699, 31.53, 1194, 716781, 78.45
SASKEN, EQ, 14-Aug-2026, 2001.80, 2037.90, 2037.90, 1951.50, 1955.50, 1971.40, 1986.66, 11470, 227.87, 1845, 6517, 56.82
SATECH, SM, 14-Aug-2026, 35.90, 36.95, 36.95, 36.95, 36.95, 36.95, 36.95, 1000, 0.37, 1, 1000, 100.00
SATIA, EQ, 14-Aug-2026, 60.88, 60.88, 62.00, 59.25, 60.30, 59.88, 60.92, 87134, 53.08, 1004, 50855, 58.36
SATIN, EQ, 14-Aug-2026, 221.12, 219.89, 229.08, 219.55, 223.95, 225.54, 224.34, 397440, 891.62, 6529, 228122, 57.40
SATKARTAR, SM, 14-Aug-2026, 121.15, 121.15, 121.15, 121.00, 121.00, 121.00, 121.01, 11200, 13.55, 10, 11200, 100.00
SATTVAENGG, SM, 14-Aug-2026, 74.00, 76.25, 76.30, 74.00, 74.05, 74.40, 75.09, 16000, 12.01, 10, 12800, 80.00
SAURASHCEM, EQ, 14-Aug-2026, 61.34, 60.80, 62.16, 59.25, 60.00, 60.34, 60.86, 127798, 77.78, 1148, 94978, 74.32
SAVY, SM, 14-Aug-2026, 131.75, 128.10, 133.00, 128.10, 132.00, 132.00, 130.64, 6000, 7.84, 5, 2400, 40.00
SAWALIYA, SM, 14-Aug-2026, 286.35, 290.00, 290.20, 278.00, 285.00, 284.70, 285.61, 115800, 330.74, 77, 60600, 52.33
SAYAJIHOTL, EQ, 14-Aug-2026, 325.00, 327.00, 327.00, 327.00, 327.00, 327.00, 327.00, 2, 0.01, 1, 2, 100.00
SBC, EQ, 14-Aug-2026, 38.55, 39.41, 39.67, 38.11, 38.94, 38.60, 38.67, 12439208, 4810.65, 15418, 4945460, 39.76
SBCL, EQ, 14-Aug-2026, 1008.65, 1010.65, 1050.00, 1006.90, 1040.00, 1040.10, 1026.30, 270327, 2774.36, 12948, 97858, 36.20
SBFC, EQ, 14-Aug-2026, 94.56, 94.32, 94.53, 93.45, 93.71, 94.05, 94.09, 557926, 524.94, 11718, 351889, 63.07
SBGLP, EQ, 14-Aug-2026, 25.54, 25.53, 25.96, 24.35, 25.88, 25.52, 25.33, 37932, 9.61, 153, 29919, 78.88
SBIBPB, EQ, 14-Aug-2026, 50.73, 51.74, 51.74, 50.52, 50.84, 50.62, 50.75, 40839, 20.72, 348, 27818, 68.12
SBICARD, EQ, 14-Aug-2026, 641.00, 641.20, 642.95, 629.00, 633.00, 633.00, 633.85, 1566601, 9929.90, 18534, 892853, 56.99
SBIETFCON, EQ, 14-Aug-2026, 125.61, 126.97, 126.97, 125.24, 125.56, 125.56, 125.45, 4738, 5.94, 80, 4549, 96.01
SBIETFIT, EQ, 14-Aug-2026, 350.65, 341.88, 353.97, 341.88, 346.24, 346.72, 347.35, 7388, 25.66, 167, 2010, 27.21
SBIETFPB, EQ, 14-Aug-2026, 279.31, 279.90, 280.20, 278.00, 280.20, 279.76, 278.58, 3454, 9.62, 99, 2949, 85.38
SBIETFQLTY, EQ, 14-Aug-2026, 228.78, 228.29, 228.86, 227.54, 228.82, 228.82, 228.16, 212, 0.48, 32, 203, 95.75
SBIFUNDS, EQ, 14-Aug-2026, 563.50, 563.00, 563.50, 555.50, 559.05, 559.10, 558.35, 1641085, 9163.04, 53872, 963892, 58.74
SBILIFE, EQ, 14-Aug-2026, 1812.00, 1812.80, 1820.90, 1789.40, 1795.00, 1795.00, 1796.37, 564182, 10134.80, 42180, 338480, 59.99
SBILIQETF, EQ, 14-Aug-2026, 1051.57, 1051.97, 1051.99, 1051.97, 1051.99, 1051.98, 1051.98, 197353, 2076.12, 118, 131658, 66.71
SBIMIDMOM, EQ, 14-Aug-2026, 64.50, 64.50, 65.07, 64.00, 64.31, 64.17, 64.25, 238922, 153.50, 301, 233699, 97.81
SBIN, EQ, 14-Aug-2026, 1083.00, 1082.00, 1082.00, 1065.10, 1067.70, 1067.70, 1069.62, 6273501, 67102.67, 121961, 3309195, 52.75
SBINEQWETF, EQ, 14-Aug-2026, 33.90, 34.34, 34.34, 33.81, 34.07, 33.99, 33.95, 22429, 7.62, 177, 18093, 80.67
SBINMID150, EQ, 14-Aug-2026, 23.56, 23.67, 23.70, 23.47, 23.70, 23.61, 23.56, 5153, 1.21, 79, 4930, 95.67
SBISILVER, EQ, 14-Aug-2026, 226.31, 231.96, 231.96, 223.22, 227.06, 226.67, 225.41, 714638, 1610.88, 5469, 352547, 49.33
SBISMLETF, EQ, 14-Aug-2026, 18.39, 18.46, 18.46, 18.28, 18.40, 18.35, 18.35, 17005, 3.12, 190, 8099, 47.63
SBIVALETF, EQ, 14-Aug-2026, 14.96, 14.96, 14.97, 14.88, 14.97, 14.92, 14.91, 8178, 1.22, 51, 7956, 97.29
SCANSTL, BE, 14-Aug-2026, 59.92, 61.00, 61.20, 57.12, 59.12, 59.75, 59.09, 28386, 16.77, 174, -, -
SCHAEFFLER, EQ, 14-Aug-2026, 4111.20, 4117.00, 4126.00, 4026.10, 4040.60, 4043.20, 4056.92, 170338, 6910.48, 17578, 143697, 84.36
SCHAND, EQ, 14-Aug-2026, 138.67, 137.50, 139.99, 136.01, 137.95, 137.86, 138.50, 26414, 36.58, 1028, 12878, 48.75
SCHNEIDER, EQ, 14-Aug-2026, 1379.10, 1370.30, 1419.90, 1358.00, 1370.20, 1369.20, 1379.73, 347152, 4789.75, 32933, 187228, 53.93
SCI, EQ, 14-Aug-2026, 294.45, 295.60, 298.35, 291.05, 293.30, 292.25, 293.77, 1244758, 3656.71, 26881, 543718, 43.68
SCILAL, EQ, 14-Aug-2026, 40.65, 40.59, 40.96, 40.11, 40.30, 40.32, 40.44, 155773, 62.99, 931, 103373, 66.36
SCML, SM, 14-Aug-2026, 81.70, 81.00, 84.00, 80.40, 84.00, 84.00, 81.13, 74000, 60.03, 58, 17000, 22.97
SCODATUBES, EQ, 14-Aug-2026, 134.49, 134.97, 134.99, 132.19, 133.00, 133.23, 133.49, 93783, 125.19, 1402, 56973, 60.75
SCPL, EQ, 14-Aug-2026, 628.20, 628.20, 665.00, 605.70, 650.20, 653.05, 638.70, 113388, 724.21, 3950, 53765, 47.42
SDBL, EQ, 14-Aug-2026, 74.37, 74.37, 77.60, 74.00, 74.08, 74.20, 75.39, 1106156, 833.92, 8444, 448459, 40.54
SDREAMS, SM, 14-Aug-2026, 88.00, 85.55, 88.55, 85.55, 87.00, 87.00, 86.29, 6000, 5.18, 4, 4000, 66.67
SEAMECLTD, EQ, 14-Aug-2026, 1532.30, 1504.30, 1557.00, 1476.50, 1554.00, 1541.90, 1534.09, 140951, 2162.31, 7871, 74685, 52.99
SECMARK, EQ, 14-Aug-2026, 126.07, 126.07, 138.40, 125.10, 129.00, 128.26, 127.96, 1180, 1.51, 35, 820, 69.49
SECURKLOUD, EQ, 14-Aug-2026, 18.53, 18.90, 18.90, 18.02, 18.40, 18.26, 18.20, 16852, 3.07, 124, 16011, 95.01
SEDEMAC, EQ, 14-Aug-2026, 3059.80, 3059.80, 3183.50, 3020.10, 3181.00, 3152.90, 3135.26, 159985, 5015.95, 19345, 71001, 44.38
SEIL, EQ, 14-Aug-2026, 204.90, 206.94, 214.20, 202.65, 211.49, 212.71, 210.09, 433209, 910.13, 4111, 309778, 71.51
SEJALLTD, EQ, 14-Aug-2026, 678.95, 678.95, 686.95, 665.05, 680.35, 679.90, 680.14, 4103, 27.91, 332, 2775, 67.63
SEL, SM, 14-Aug-2026, 306.65, 300.55, 319.00, 300.00, 318.40, 314.80, 315.80, 31400, 99.16, 56, 7800, 24.84
SELECTIPO, EQ, 14-Aug-2026, 48.74, 49.95, 49.95, 48.50, 48.50, 48.55, 48.62, 127013, 61.76, 143, 77345, 60.90
SELLOWRAP, SM, 14-Aug-2026, 67.50, 66.00, 68.00, 66.00, 68.00, 68.00, 67.00, 4800, 3.22, 3, 4800, 100.00
SELMC, EQ, 14-Aug-2026, 27.51, 27.20, 28.20, 27.20, 27.93, 27.60, 27.84, 3545, 0.99, 45, 2689, 75.85
SEMAC, BE, 14-Aug-2026, 316.25, 331.95, 331.95, 312.25, 312.25, 326.00, 323.74, 279, 0.90, 23, -, -
SENCO, EQ, 14-Aug-2026, 351.90, 353.00, 353.90, 340.05, 341.95, 341.85, 347.05, 1086724, 3771.49, 20529, 469743, 43.23
SENORES, EQ, 14-Aug-2026, 1491.40, 1491.40, 1509.90, 1470.10, 1471.10, 1477.70, 1487.92, 99387, 1478.80, 9501, 42808, 43.07
SENSEXADD, EQ, 14-Aug-2026, 80.18, 80.48, 80.49, 80.05, 80.40, 80.32, 80.31, 5157, 4.14, 23, 2007, 38.92
SENSEXAXIS, EQ, 14-Aug-2026, 81.23, 82.50, 82.50, 80.59, 81.23, 80.92, 80.72, 2114, 1.71, 56, 1682, 79.56
SENSEXBETA, EQ, 14-Aug-2026, 863.06, 863.78, 864.53, 860.00, 864.53, 862.82, 862.73, 642, 5.54, 117, 494, 76.95
SENSEXETF, EQ, 14-Aug-2026, 80.30, 80.47, 80.64, 80.23, 80.62, 80.58, 80.36, 7987, 6.42, 163, 4260, 53.34
SENSEXIETF, EQ, 14-Aug-2026, 897.03, 897.03, 904.00, 892.54, 901.09, 898.14, 896.03, 9425, 84.45, 380, 2896, 30.73
SEPC, EQ, 14-Aug-2026, 5.87, 5.97, 5.97, 5.75, 5.77, 5.77, 5.80, 8813725, 510.94, 6187, 4945086, 56.11
SERVICE, SM, 14-Aug-2026, 63.00, 63.00, 63.00, 63.00, 63.00, 63.00, 63.00, 2000, 1.26, 1, 2000, 100.00
SERVOTECH, EQ, 14-Aug-2026, 82.68, 82.18, 83.88, 82.18, 82.87, 82.78, 82.70, 260314, 215.29, 2817, 142241, 54.64
SESHAPAPER, EQ, 14-Aug-2026, 229.34, 229.05, 234.00, 226.02, 231.48, 232.04, 230.04, 26979, 62.06, 1040, 14985, 55.54
SETCO, BE, 14-Aug-2026, 17.50, 17.50, 17.50, 17.22, 17.22, 17.22, 17.26, 19179, 3.31, 62, -, -
SETF10GILT, EQ, 14-Aug-2026, 266.84, 267.79, 267.80, 266.00, 267.10, 267.10, 267.70, 2942, 7.88, 38, 2797, 95.07
SETFGOLD, EQ, 14-Aug-2026, 129.54, 128.75, 129.15, 127.71, 129.00, 129.06, 128.62, 2851695, 3667.92, 9463, 1747665, 61.29
SETFNIF50, EQ, 14-Aug-2026, 262.84, 262.84, 263.25, 260.01, 262.99, 263.05, 262.63, 402200, 1056.31, 3426, 270065, 67.15
SETFNIFBK, EQ, 14-Aug-2026, 592.87, 591.82, 593.39, 590.01, 592.55, 592.30, 591.52, 12272, 72.59, 356, 8201, 66.83
SETFNN50, EQ, 14-Aug-2026, 801.14, 801.14, 805.15, 794.81, 799.90, 799.65, 800.29, 32716, 261.82, 877, 20653, 63.13
SETL, EQ, 14-Aug-2026, 297.65, 297.65, 300.80, 292.15, 299.60, 298.40, 298.26, 408670, 1218.89, 5729, 236489, 57.87
SETUINFRA, BZ, 14-Aug-2026, 0.42, 0.41, 0.44, 0.40, 0.44, 0.42, 0.41, 58387, 0.24, 54, -, -
SEYAIND, BE, 14-Aug-2026, 12.30, 12.54, 12.54, 12.14, 12.31, 12.29, 12.38, 6139, 0.76, 44, -, -
SFL, EQ, 14-Aug-2026, 695.95, 699.40, 705.00, 691.50, 697.00, 699.95, 699.59, 141739, 991.59, 12337, 68239, 48.14
SFML, SM, 14-Aug-2026, 21.20, 21.95, 21.95, 21.95, 21.95, 21.95, 21.95, 3200, 0.70, 2, 3200, 100.00
SGBAPR28I, GB, 14-Aug-2026, 15088.31, 14910.00, 15076.01, 14901.00, 15001.00, 15015.07, 14967.50, 223, 33.38, 81, 145, 65.02
SGBAUG27, GB, 14-Aug-2026, 14982.00, 14982.00, 15200.00, 14900.00, 15200.00, 15132.19, 14988.22, 43, 6.44, 21, 41, 95.35
SGBAUG28V, GB, 14-Aug-2026, 15039.26, 14998.89, 15049.99, 14916.00, 15049.99, 15003.95, 14952.26, 457, 68.33, 65, 394, 86.21
SGBAUG29V, GB, 14-Aug-2026, 15075.20, 15050.00, 15050.00, 14951.00, 15000.00, 14991.85, 15001.16, 76, 11.40, 14, 73, 96.05
SGBAUG30, GB, 14-Aug-2026, 15213.76, 15137.00, 15180.00, 15007.01, 15180.00, 15160.00, 15112.83, 75, 11.33, 31, 64, 85.33
SGBD29VIII, GB, 14-Aug-2026, 15060.00, 15000.00, 15032.00, 14864.00, 15032.00, 15005.50, 14961.97, 100, 14.96, 45, 65, 65.00
SGBDC27VII, GB, 14-Aug-2026, 15030.00, 14812.11, 14999.00, 14812.11, 14999.00, 14999.00, 14937.30, 7, 1.05, 4, 6, 85.71
SGBDE30III, GB, 14-Aug-2026, 15084.61, 15020.00, 15139.99, 15000.00, 15072.00, 15087.96, 15059.09, 102, 15.36, 38, 53, 51.96
SGBDE31III, GB, 14-Aug-2026, 15297.76, 15221.27, 15359.99, 15076.01, 15250.00, 15306.06, 15158.23, 937, 142.03, 186, 548, 58.48
SGBDEC26, GB, 14-Aug-2026, 15035.71, 15035.71, 15035.71, 15035.71, 15035.71, 15035.71, 15035.71, 2, 0.30, 2, 2, 100.00
SGBFEB29XI, GB, 14-Aug-2026, 15000.65, 14986.00, 14986.00, 14925.00, 14984.99, 14984.88, 14966.03, 35, 5.24, 15, 31, 88.57
SGBFEB32IV, GB, 14-Aug-2026, 15326.43, 15298.89, 15398.99, 15166.01, 15350.00, 15367.06, 15246.66, 2563, 390.77, 292, 1868, 72.88
SGBJ28VIII, GB, 14-Aug-2026, 15003.01, 14950.00, 14950.00, 14950.00, 14950.00, 14950.00, 14950.00, 2, 0.30, 1, 2, 100.00
SGBJAN27, GB, 14-Aug-2026, 15100.00, 15070.00, 15075.00, 15070.00, 15075.00, 15074.50, 15074.29, 21, 3.17, 3, 21, 100.00
SGBJAN29IX, GB, 14-Aug-2026, 15057.21, 15000.00, 15018.99, 14913.00, 14980.00, 14980.00, 14948.27, 88, 13.15, 22, 55, 62.50
SGBJAN29X, GB, 14-Aug-2026, 15040.57, 14951.00, 14988.00, 14935.01, 14988.00, 14988.00, 14951.59, 37, 5.53, 14, 37, 100.00
SGBJAN30IX, GB, 14-Aug-2026, 15055.00, 14999.98, 15055.00, 14911.13, 15055.00, 15055.00, 14981.10, 291, 43.59, 40, 149, 51.20
SGBJU29III, GB, 14-Aug-2026, 15074.80, 14997.00, 15000.00, 14912.01, 15000.00, 14995.27, 14965.34, 83, 12.42, 22, 70, 84.34
SGBJUL27, GB, 14-Aug-2026, 14961.02, 14961.02, 14961.02, 14961.02, 14961.02, 14961.02, 14961.02, 1, 0.15, 1, 1, 100.00
SGBJUL28IV, GB, 14-Aug-2026, 15022.22, 14980.00, 14987.00, 14924.10, 14987.00, 14984.22, 14957.41, 249, 37.24, 35, 229, 91.97
SGBJUL29IV, GB, 14-Aug-2026, 15026.32, 15000.00, 15000.00, 14910.01, 14990.00, 14987.27, 14951.96, 229, 34.24, 33, 157, 68.56
SGBJUN27, GB, 14-Aug-2026, 15006.00, 15006.00, 15099.99, 14901.00, 15099.99, 14979.16, 14963.46, 23, 3.44, 11, 19, 82.61
SGBJUN28, GB, 14-Aug-2026, 15120.00, 14900.00, 14900.00, 14900.00, 14900.00, 14900.00, 14900.00, 1, 0.15, 1, 1, 100.00
SGBJUN29II, GB, 14-Aug-2026, 15043.26, 15045.00, 15045.00, 15000.00, 15033.00, 15033.00, 15028.71, 7, 1.05, 5, 5, 71.43
SGBJUN30, GB, 14-Aug-2026, 15081.26, 15000.00, 15140.00, 14902.00, 15139.00, 15036.55, 14981.69, 267, 40.00, 38, 175, 65.54
SGBJUN31I, GB, 14-Aug-2026, 15124.89, 15098.90, 15248.99, 15025.00, 15246.99, 15234.01, 15116.21, 680, 102.79, 111, 393, 57.79
SGBMAR28X, GB, 14-Aug-2026, 15200.00, 15125.01, 15199.99, 15075.00, 15199.99, 15198.32, 15076.12, 707, 106.59, 5, 707, 100.00
SGBMAR30X, GB, 14-Aug-2026, 15063.31, 15100.00, 15100.00, 15089.90, 15090.00, 15090.00, 15093.42, 35, 5.28, 14, 30, 85.71
SGBMAR31IV, GB, 14-Aug-2026, 15190.57, 15112.00, 15275.00, 15067.00, 15235.70, 15235.70, 15149.00, 106, 16.06, 16, 88, 83.02
SGBMAY28, GB, 14-Aug-2026, 15034.99, 15049.00, 15049.00, 14880.00, 14999.00, 14997.17, 14984.52, 116, 17.38, 27, 107, 92.24
SGBMAY29I, GB, 14-Aug-2026, 15044.28, 15000.00, 15040.00, 14920.01, 15030.00, 15035.26, 14992.26, 255, 38.23, 39, 195, 76.47
SGBMR29XII, GB, 14-Aug-2026, 15199.85, 15051.00, 15125.28, 15050.01, 15120.01, 15120.01, 15072.97, 976, 147.11, 51, 761, 77.97
SGBN28VIII, GB, 14-Aug-2026, 15035.83, 14985.00, 15065.00, 14912.14, 15065.00, 15054.18, 14974.77, 96, 14.38, 23, 41, 42.71
SGBNOV26, GB, 14-Aug-2026, 15039.39, 15000.00, 15000.00, 15000.00, 15000.00, 15000.00, 15000.00, 11, 1.65, 3, 11, 100.00
SGBNV29VII, GB, 14-Aug-2026, 15054.15, 14999.00, 15044.00, 14912.00, 15044.00, 15023.84, 14996.10, 188, 28.19, 28, 109, 57.98
SGBOC28VII, GB, 14-Aug-2026, 15060.00, 14901.00, 15080.00, 14901.00, 15075.00, 15026.33, 14965.13, 121, 18.11, 21, 98, 80.99
SGBOCT26, GB, 14-Aug-2026, 15100.00, 15100.00, 15100.00, 15100.00, 15100.00, 15100.00, 15100.00, 1, 0.15, 1, 1, 100.00
SGBOCT27, GB, 14-Aug-2026, 15100.00, 14900.00, 15038.00, 14900.00, 15038.00, 15038.00, 14960.50, 4, 0.60, 4, 2, 50.00
SGBSEP27, GB, 14-Aug-2026, 15199.99, 15100.00, 15150.00, 15100.00, 15150.00, 15150.00, 15100.06, 901, 136.05, 2, 901, 100.00
SGBSEP28VI, GB, 14-Aug-2026, 15198.67, 15055.00, 15140.00, 15055.00, 15140.00, 15138.46, 15093.67, 405, 61.13, 70, 344, 84.94
SGBSEP29VI, GB, 14-Aug-2026, 15191.97, 15052.11, 15184.00, 15050.00, 15149.10, 15135.18, 15084.17, 257, 38.77, 25, 233, 90.66
SGBSEP31II, GB, 14-Aug-2026, 15239.09, 15175.00, 15304.61, 15100.00, 15250.00, 15294.13, 15195.15, 610, 92.69, 140, 435, 71.31
SGFIN, EQ, 14-Aug-2026, 657.70, 663.70, 669.00, 650.00, 659.50, 662.05, 660.78, 141224, 933.18, 6431, 78159, 55.34
SGIL, EQ, 14-Aug-2026, 538.75, 538.75, 567.15, 534.05, 567.15, 560.85, 549.50, 41218, 226.49, 1988, 17909, 43.45
SGL, EQ, 14-Aug-2026, 9.74, 9.98, 9.98, 9.67, 9.73, 9.73, 9.85, 2964, 0.29, 29, 1717, 57.93
SGMART, EQ, 14-Aug-2026, 747.15, 757.40, 757.40, 735.00, 735.00, 735.85, 743.95, 174450, 1297.83, 8307, 71037, 40.72
SHADOWFAX, EQ, 14-Aug-2026, 248.25, 250.00, 253.00, 248.51, 251.82, 251.33, 251.24, 2596502, 6523.38, 27737, 1414768, 54.49
SHAH, EQ, 14-Aug-2026, 4.16, 4.24, 4.24, 4.03, 4.10, 4.10, 4.13, 3426265, 141.42, 1229, 1379514, 40.26
SHAHALLOYS, EQ, 14-Aug-2026, 74.38, 74.38, 74.38, 70.55, 72.40, 72.11, 71.94, 7849, 5.65, 95, 5810, 74.02
SHAILY, EQ, 14-Aug-2026, 3406.90, 3407.00, 3441.10, 3340.00, 3366.50, 3365.00, 3390.26, 62751, 2127.42, 9473, 27155, 43.27
SHAKTIPUMP, EQ, 14-Aug-2026, 506.05, 506.10, 511.20, 497.50, 500.30, 500.30, 501.81, 424782, 2131.61, 16493, 231676, 54.54
SHALBY, EQ, 14-Aug-2026, 156.15, 155.40, 157.00, 151.70, 153.03, 152.91, 153.41, 94433, 144.87, 1981, 56721, 60.06
SHALPAINTS, BE, 14-Aug-2026, 87.04, 91.39, 91.39, 91.39, 91.39, 91.39, 91.39, 202400, 184.97, 261, -, -
SHANKARA, EQ, 14-Aug-2026, 141.39, 140.51, 141.51, 140.51, 141.01, 141.04, 141.04, 23699, 33.42, 377, 16744, 70.65
SHANTHALA, SM, 14-Aug-2026, 18.50, 18.00, 18.20, 17.00, 18.20, 18.20, 17.73, 3600, 0.64, 3, 3600, 100.00
SHANTI, EQ, 14-Aug-2026, 6.20, 6.25, 6.25, 6.06, 6.23, 6.22, 6.18, 10180, 0.63, 87, 7357, 72.27
SHANTI-RE, BE, 14-Aug-2026, 16.90, 18.00, 23.66, 11.05, 23.66, 23.52, 16.83, 236023, 39.73, 2475, -, -
SHANTIGEAR, EQ, 14-Aug-2026, 394.30, 397.20, 400.85, 396.00, 396.00, 397.45, 398.77, 11521, 45.94, 603, 6904, 59.93
SHANTIGOLD, EQ, 14-Aug-2026, 231.90, 228.18, 251.99, 227.10, 248.50, 247.66, 243.98, 8748136, 21343.63, 92951, 2684180, 30.68
SHARDACROP, EQ, 14-Aug-2026, 792.70, 792.70, 793.65, 782.10, 785.25, 786.40, 786.71, 115668, 909.97, 8766, 65166, 56.34
SHARDAMOTR, EQ, 14-Aug-2026, 881.95, 878.05, 916.35, 878.05, 898.00, 898.25, 905.28, 118577, 1073.45, 11065, 52862, 44.58
SHARDUL, BE, 14-Aug-2026, 49.80, 52.29, 52.29, 52.29, 52.29, 52.29, 52.29, 10666, 5.58, 47, -, -
SHAREINDIA, EQ, 14-Aug-2026, 173.31, 173.31, 178.42, 170.40, 173.50, 174.47, 173.66, 509646, 885.03, 5949, 227057, 44.55
SHARIABEES, EQ, 14-Aug-2026, 471.45, 473.80, 474.99, 467.45, 474.88, 471.72, 469.54, 3198, 15.02, 351, 1950, 60.98
SHBAJRG, EQ, 14-Aug-2026, 172.61, 172.61, 176.69, 169.00, 173.80, 173.80, 171.61, 2372, 4.07, 69, 1801, 75.93
SHEEL, ST, 14-Aug-2026, 65.10, 63.00, 64.00, 63.00, 64.00, 64.00, 63.50, 4000, 2.54, 2, 4000, 100.00
SHEETAL, SM, 14-Aug-2026, 333.40, 334.00, 335.00, 325.00, 325.50, 326.60, 330.02, 6000, 19.80, 12, 2500, 41.67
SHEKHAWATI, EQ, 14-Aug-2026, 20.33, 19.52, 20.00, 18.77, 19.41, 19.33, 19.46, 147630, 28.73, 493, 101258, 68.59
SHEMAROO, BE, 14-Aug-2026, 127.54, 127.00, 129.70, 125.01, 129.00, 129.13, 127.63, 8916, 11.38, 38, -, -
SHERA, ST, 14-Aug-2026, 169.60, 169.00, 172.00, 169.00, 171.90, 170.55, 170.60, 50000, 85.30, 48, 50000, 100.00
SHETHJI, ST, 14-Aug-2026, 169.45, 171.90, 171.90, 170.00, 170.00, 170.50, 170.60, 10000, 17.06, 9, 9000, 90.00
SHILCTECH, EQ, 14-Aug-2026, 3954.80, 3965.00, 3965.00, 3880.10, 3899.90, 3904.20, 3911.87, 22158, 866.79, 4433, 11607, 52.38
SHILPAMED, EQ, 14-Aug-2026, 807.05, 811.60, 825.00, 810.05, 822.50, 822.00, 817.07, 1036681, 8470.39, 32416, 515990, 49.77
SHINDL, EQ, 14-Aug-2026, 161.99, 162.99, 165.59, 161.54, 164.95, 163.32, 163.38, 32173, 52.57, 524, 6815, 21.18
SHIVALIK, BE, 14-Aug-2026, 260.24, 262.95, 269.00, 255.00, 269.00, 267.99, 263.79, 35168, 92.77, 328, -, -
SHIVAMAUTO, BE, 14-Aug-2026, 17.05, 16.81, 17.07, 16.81, 16.81, 16.81, 16.95, 5963, 1.01, 32, -, -
SHIVAMILLS, EQ, 14-Aug-2026, 60.06, 62.96, 62.96, 59.15, 62.48, 62.20, 62.03, 2458, 1.52, 61, 1424, 57.93
SHIVASHRIT, SM, 14-Aug-2026, 123.05, 126.80, 126.80, 122.50, 125.00, 125.00, 124.13, 29000, 36.00, 28, 15000, 51.72
SHIVATEX, EQ, 14-Aug-2026, 160.09, 161.00, 165.65, 161.00, 163.02, 162.68, 162.61, 3819, 6.21, 51, 1593, 41.71
SHIVAUM, EQ, 14-Aug-2026, 445.00, 453.95, 474.05, 437.00, 460.00, 447.10, 451.06, 3726, 16.81, 114, 2784, 74.72
SHK, EQ, 14-Aug-2026, 173.68, 173.49, 173.49, 167.66, 171.16, 170.72, 170.05, 402676, 684.74, 5812, 177691, 44.13
SHKSIL, SM, 14-Aug-2026, 36.95, 37.00, 37.00, 37.00, 37.00, 37.00, 37.00, 2000, 0.74, 1, 2000, 100.00
SHOPERSTOP, EQ, 14-Aug-2026, 427.90, 424.90, 438.30, 420.15, 421.25, 424.35, 428.70, 41167, 176.48, 2994, 24838, 60.33
SHRADHA, EQ, 14-Aug-2026, 34.03, 32.80, 34.85, 32.00, 34.45, 34.45, 33.82, 27544, 9.32, 158, 22356, 81.16
SHREDIGCEM, EQ, 14-Aug-2026, 72.05, 72.40, 73.10, 71.80, 71.84, 71.91, 72.56, 56593, 41.06, 1461, 32409, 57.27
SHREECEM, EQ, 14-Aug-2026, 25245.00, 25260.00, 25300.00, 24600.00, 24795.00, 24795.00, 24768.76, 51210, 12684.08, 18510, 29193, 57.01
SHREEDHAR, ST, 14-Aug-2026, 111.90, 114.00, 117.45, 114.00, 117.45, 117.45, 117.09, 32000, 37.47, 11, 30000, 93.75
SHREEJISPG, EQ, 14-Aug-2026, 654.85, 664.75, 666.00, 642.80, 654.80, 653.40, 654.54, 598467, 3917.18, 9535, 196385, 32.81
SHREEKARNI, SM, 14-Aug-2026, 371.75, 362.20, 362.20, 352.05, 357.00, 357.05, 356.40, 4200, 14.97, 18, 3600, 85.71
SHREEOSFM, SM, 14-Aug-2026, 60.20, 60.30, 61.00, 59.40, 59.40, 59.40, 60.42, 5000, 3.02, 5, 4000, 80.00
SHREEPUSHK, EQ, 14-Aug-2026, 370.00, 376.55, 387.80, 371.00, 384.00, 384.30, 381.68, 56016, 213.80, 2605, 25698, 45.88
SHREERAMA, EQ, 14-Aug-2026, 39.89, 41.99, 44.88, 40.60, 43.68, 43.80, 43.49, 718477, 312.46, 4454, 386853, 53.84
SHREMINVIT, IV, 14-Aug-2026, 103.90, 101.50, 101.50, 101.50, 101.50, 101.50, 101.50, 50000, 50.75, 2, 50000, 100.00
SHRENIK, BZ, 14-Aug-2026, 0.32, 0.33, 0.33, 0.31, 0.31, 0.31, 0.31, 509203, 1.60, 200, -, -
SHREYANIND, EQ, 14-Aug-2026, 133.26, 133.90, 139.00, 129.01, 131.00, 130.27, 131.51, 11534, 15.17, 293, 8095, 70.18
SHRIAHIMSA, ST, 14-Aug-2026, 390.00, 390.00, 393.50, 390.00, 393.50, 393.50, 392.88, 4800, 18.86, 5, 4800, 100.00
SHRIKANHA, SM, 14-Aug-2026, 22.65, 23.00, 23.00, 22.00, 22.00, 22.00, 22.59, 36800, 8.31, 6, 33600, 91.30
SHRIKRISH, EQ, 14-Aug-2026, 40.08, 42.08, 42.08, 40.00, 40.01, 40.00, 40.01, 433, 0.17, 9, 432, 99.77
SHRINGARMS, EQ, 14-Aug-2026, 227.16, 227.90, 231.00, 222.40, 224.00, 223.27, 226.44, 774766, 1754.37, 5523, 180573, 23.31
SHRIPISTON, EQ, 14-Aug-2026, 4487.70, 4455.00, 4515.80, 4455.00, 4473.50, 4492.40, 4484.02, 30922, 1386.55, 9187, 18517, 59.88
SHRIRAMFIN, EQ, 14-Aug-2026, 1132.30, 1130.00, 1134.90, 1118.00, 1122.00, 1122.00, 1126.87, 2463317, 27758.42, 57797, 1516115, 61.55
SHRIRAMPPS, EQ, 14-Aug-2026, 78.01, 78.01, 78.84, 77.69, 78.10, 78.11, 78.28, 448939, 351.42, 3210, 281268, 62.65
SHRITECH, SM, 14-Aug-2026, 59.10, 59.25, 61.90, 59.25, 61.90, 61.90, 60.98, 6000, 3.66, 3, 6000, 100.00
SHUBHSHREE, SM, 14-Aug-2026, 320.00, 316.00, 328.00, 316.00, 328.00, 328.00, 320.00, 900, 2.88, 3, 900, 100.00
SHUKRAPHAR, EQ, 14-Aug-2026, 41.25, 42.04, 43.40, 40.06, 41.00, 41.42, 41.84, 1113804, 466.04, 7701, 429248, 38.54
SHYAMCENT, BE, 14-Aug-2026, 5.04, 4.98, 5.10, 4.88, 4.98, 4.99, 4.95, 41932, 2.07, 139, -, -
SHYAMDHANI, ST, 14-Aug-2026, 57.20, 57.25, 57.25, 54.35, 54.35, 54.35, 54.81, 48000, 26.31, 18, 48000, 100.00
SHYAMMETL, EQ, 14-Aug-2026, 978.70, 978.70, 1002.80, 970.00, 1002.00, 999.60, 987.37, 691717, 6829.79, 11551, 284677, 41.16
SHYAMTEL, BE, 14-Aug-2026, 14.73, 14.60, 14.73, 14.12, 14.12, 14.12, 14.44, 1003, 0.14, 14, -, -
SICAGEN, EQ, 14-Aug-2026, 60.83, 61.90, 61.90, 58.00, 59.00, 58.80, 59.60, 40997, 24.43, 566, 24955, 60.87
SICALLOG, BE, 14-Aug-2026, 117.40, 119.90, 119.90, 111.53, 115.50, 115.73, 115.02, 46940, 53.99, 202, -, -
SIDDHICOTS, SM, 14-Aug-2026, 28.00, 27.05, 28.00, 27.00, 28.00, 28.00, 27.40, 8400, 2.30, 7, 6000, 71.43
SIEMENS, EQ, 14-Aug-2026, 3987.00, 3968.10, 4052.00, 3924.00, 3940.00, 3940.00, 3978.86, 299051, 11898.83, 27852, 109351, 36.57
SIGACHI, BE, 14-Aug-2026, 27.77, 26.39, 27.70, 26.39, 27.40, 27.28, 26.61, 1325268, 352.67, 1650, -, -
SIGIND, EQ, 14-Aug-2026, 68.58, 69.99, 70.05, 65.88, 65.90, 66.32, 68.33, 46143, 31.53, 584, 28212, 61.14
SIGMA, EQ, 14-Aug-2026, 45.69, 45.50, 47.48, 45.25, 46.36, 46.16, 46.10, 93516, 43.11, 1169, 46043, 49.24
SIGMAADV, BE, 14-Aug-2026, 687.15, 652.80, 672.00, 652.80, 664.00, 660.10, 654.93, 367773, 2408.67, 4431, -, -
SIGNATURE, EQ, 14-Aug-2026, 801.05, 803.90, 816.70, 802.40, 805.00, 809.25, 808.03, 198454, 1603.57, 6072, 10845, 5.46
SIGNORIA, ST, 14-Aug-2026, 166.95, 161.00, 163.00, 161.00, 163.00, 163.00, 162.00, 2000, 3.24, 2, 2000, 100.00
SIGNPOST, EQ, 14-Aug-2026, 267.50, 269.50, 270.00, 265.55, 268.00, 267.40, 267.30, 31546, 84.32, 1310, 20702, 65.62
SIKA, EQ, 14-Aug-2026, 1104.00, 1104.00, 1119.00, 1092.40, 1099.90, 1098.80, 1104.10, 20787, 229.51, 2384, 10342, 49.75
SIKKO, BE, 14-Aug-2026, 5.79, 5.60, 5.97, 5.55, 5.59, 5.56, 5.65, 761860, 43.07, 787, -, -
SIL, EQ, 14-Aug-2026, 18.97, 19.50, 20.00, 18.97, 19.68, 19.59, 19.53, 223482, 43.66, 951, 180328, 80.69
SILGO, EQ, 14-Aug-2026, 69.62, 70.13, 70.47, 68.49, 69.72, 69.78, 69.08, 180949, 125.00, 959, 36920, 20.40
SILINV, EQ, 14-Aug-2026, 431.95, 440.00, 444.00, 432.00, 442.00, 440.55, 439.80, 3766, 16.56, 209, 3143, 83.46
SILKFLEX, SM, 14-Aug-2026, 204.50, 204.55, 209.95, 204.55, 207.00, 207.00, 207.29, 5000, 10.36, 5, 5000, 100.00
SILKY, SM, 14-Aug-2026, 75.00, 72.00, 73.55, 71.00, 72.00, 72.00, 71.77, 16800, 12.06, 7, 11200, 66.67
SILLYMONKS, EQ, 14-Aug-2026, 16.25, 16.50, 16.50, 15.30, 15.92, 15.63, 15.62, 8801, 1.37, 104, 5690, 64.65
SILVER, EQ, 14-Aug-2026, 230.94, 233.40, 233.40, 227.60, 231.30, 231.05, 229.70, 747893, 1717.92, 6968, 246910, 33.01
SILVER1, EQ, 14-Aug-2026, 22.40, 21.95, 22.70, 21.95, 22.46, 22.43, 22.31, 3208414, 715.93, 3678, 1004648, 31.31
SILVER360, EQ, 14-Aug-2026, 227.32, 227.32, 228.21, 224.50, 227.01, 227.36, 226.29, 12899, 29.19, 481, 4370, 33.88
SILVERADD, EQ, 14-Aug-2026, 222.78, 224.80, 224.80, 219.62, 223.60, 223.12, 222.06, 224529, 498.60, 2757, 149762, 66.70
SILVERAG, EQ, 14-Aug-2026, 225.21, 223.86, 225.64, 221.75, 225.64, 224.97, 223.53, 183612, 410.43, 2524, 73505, 40.03
SILVERAXIS, EQ, 14-Aug-2026, 229.98, 234.58, 234.58, 226.73, 230.20, 229.93, 227.98, 261838, 596.94, 1738, 157683, 60.22
SILVERBEES, EQ, 14-Aug-2026, 220.97, 219.23, 221.51, 217.90, 221.50, 221.22, 219.65, 20353939, 44706.76, 58773, 7244438, 35.59
SILVERBETA, EQ, 14-Aug-2026, 223.17, 223.17, 223.89, 220.00, 223.46, 223.30, 221.58, 397563, 880.92, 2993, 213609, 53.73
SILVERBND, EQ, 14-Aug-2026, 231.79, 232.00, 232.39, 228.35, 231.53, 231.56, 231.36, 30089, 69.62, 168, 27956, 92.91
SILVERCASE, EQ, 14-Aug-2026, 23.44, 23.34, 23.50, 22.97, 23.50, 23.45, 23.29, 11011330, 2564.73, 6332, 5669444, 51.49
SILVERIETF, EQ, 14-Aug-2026, 230.87, 235.00, 235.00, 227.56, 231.13, 230.92, 229.25, 2839963, 6510.71, 14922, 1224720, 43.12
SILVERTUC, EQ, 14-Aug-2026, 206.32, 206.32, 214.50, 205.63, 208.75, 209.29, 210.92, 593952, 1252.75, 10705, 246207, 41.45
SIMBHALS, BZ, 14-Aug-2026, 7.00, 6.99, 6.99, 6.80, 6.96, 6.94, 6.84, 5509, 0.38, 33, -, -
SIMCA, SM, 14-Aug-2026, 243.00, 243.05, 246.80, 243.05, 245.00, 244.55, 243.35, 35400, 86.15, 17, 34200, 96.61
SIMPLEXINF, EQ, 14-Aug-2026, 250.75, 250.20, 254.11, 249.00, 252.00, 250.10, 251.03, 50128, 125.84, 850, 39569, 78.94
SINCLAIR, EQ, 14-Aug-2026, 76.11, 76.11, 77.43, 74.05, 74.40, 74.58, 75.42, 12369, 9.33, 517, 7238, 58.52
SINDHUTRAD, EQ, 14-Aug-2026, 23.79, 23.81, 25.25, 23.40, 23.51, 23.64, 24.03, 1333718, 320.48, 2359, 778368, 58.36
SINGERIND, EQ, 14-Aug-2026, 85.30, 87.80, 88.40, 82.38, 82.40, 83.22, 83.95, 228057, 191.46, 1684, 154508, 67.75
SINTERCOM, EQ, 14-Aug-2026, 80.00, 84.40, 84.40, 81.29, 84.20, 82.46, 82.58, 2304, 1.90, 41, 1666, 72.31
SIRCA, EQ, 14-Aug-2026, 433.40, 435.00, 438.40, 424.10, 427.10, 426.90, 430.63, 313908, 1351.78, 3620, 144382, 46.00
SIS, EQ, 14-Aug-2026, 434.80, 438.50, 439.20, 425.20, 427.50, 429.65, 434.11, 266075, 1155.06, 9154, 204893, 77.01
SITINET, BZ, 14-Aug-2026, 0.29, 0.28, 0.30, 0.28, 0.30, 0.29, 0.28, 779206, 2.21, 205, -, -
SIYSIL, EQ, 14-Aug-2026, 641.40, 646.10, 646.10, 633.40, 637.95, 637.40, 639.42, 51075, 326.59, 2532, 31526, 61.72
SJLOGISTIC, SM, 14-Aug-2026, 312.05, 313.00, 328.00, 313.00, 318.00, 316.25, 320.67, 44500, 142.70, 139, 23750, 53.37
SJS, EQ, 14-Aug-2026, 2405.00, 2400.00, 2588.90, 2400.00, 2542.10, 2532.50, 2524.05, 459507, 11598.21, 44079, 233935, 50.91
SJVN, EQ, 14-Aug-2026, 67.13, 67.13, 67.51, 66.99, 67.28, 67.21, 67.21, 1313507, 882.75, 11491, 727190, 55.36
SKFINDIA, EQ, 14-Aug-2026, 1606.30, 1598.30, 1614.80, 1563.10, 1566.00, 1573.30, 1586.76, 50759, 805.42, 6943, 22267, 43.87
SKFINDUS, EQ, 14-Aug-2026, 2723.40, 2738.00, 2745.00, 2676.90, 2684.50, 2684.70, 2705.30, 18899, 511.27, 4273, 10148, 53.70
SKIPPER, EQ, 14-Aug-2026, 545.75, 542.75, 545.15, 521.15, 525.50, 525.35, 531.49, 358754, 1906.74, 16713, 187118, 52.16
SKMEGGPROD, EQ, 14-Aug-2026, 258.84, 260.80, 266.00, 257.15, 258.50, 259.50, 261.92, 271363, 710.76, 5299, 125859, 46.38
SKP, SM, 14-Aug-2026, 161.00, 160.00, 162.00, 160.00, 162.00, 162.00, 160.33, 3000, 4.81, 6, 3000, 100.00
SKYGOLD, EQ, 14-Aug-2026, 773.95, 768.15, 792.00, 763.50, 780.00, 773.40, 777.31, 1180385, 9175.20, 32108, 429585, 36.39
SLONE, ST, 14-Aug-2026, 136.90, 135.00, 143.00, 133.10, 143.00, 141.70, 138.34, 4000, 5.53, 10, 3200, 80.00
SMALL250, EQ, 14-Aug-2026, 18.38, 18.83, 18.83, 18.30, 18.35, 18.34, 18.37, 392515, 72.12, 878, 313635, 79.90
SMALLADD, EQ, 14-Aug-2026, 18.49, 18.51, 18.51, 18.38, 18.47, 18.44, 18.43, 103806, 19.13, 138, 72253, 69.60
SMALLCAP, EQ, 14-Aug-2026, 48.61, 48.62, 48.78, 48.30, 48.35, 48.44, 48.48, 2190083, 1061.83, 3278, 1377276, 62.89
SMALLGROWW, EQ, 14-Aug-2026, 48.89, 48.37, 49.29, 48.33, 48.60, 48.70, 48.83, 4715, 2.30, 68, 4516, 95.78
SMALLIETF, EQ, 14-Aug-2026, 18.49, 18.49, 19.49, 18.12, 18.41, 18.57, 18.45, 109273, 20.16, 203, 61982, 56.72
SMARTEN, ST, 14-Aug-2026, 49.90, 49.90, 50.95, 48.05, 48.05, 48.05, 49.74, 14400, 7.16, 12, 13200, 91.67
SMARTLINK, BE, 14-Aug-2026, 221.00, 220.00, 232.05, 220.00, 225.10, 225.51, 226.31, 9432, 21.35, 98, -, -
SMARTWORKS, EQ, 14-Aug-2026, 492.70, 496.30, 500.00, 486.10, 489.00, 488.75, 491.20, 120201, 590.43, 3671, 83109, 69.14
SMCGLOBAL, EQ, 14-Aug-2026, 79.07, 79.00, 79.89, 78.55, 79.85, 79.46, 79.07, 636425, 503.23, 1185, 517678, 81.34
SML100CASE, EQ, 14-Aug-2026, 11.27, 11.40, 11.40, 11.16, 11.22, 11.21, 11.24, 909546, 102.24, 1676, 583433, 64.15
SMLMAH, EQ, 14-Aug-2026, 5172.00, 5190.00, 5360.00, 5075.00, 5133.00, 5134.50, 5208.26, 145136, 7559.06, 18801, 44794, 30.86
SMLT, EQ, 14-Aug-2026, 67.95, 67.96, 72.89, 67.95, 71.03, 71.61, 71.70, 51433, 36.88, 739, 27230, 52.94
SMSPHARMA, EQ, 14-Aug-2026, 365.30, 366.40, 366.65, 360.15, 362.10, 361.35, 362.39, 128222, 464.67, 2691, 87849, 68.51
SMVD, SM, 14-Aug-2026, 14.60, 15.30, 15.30, 15.30, 15.30, 15.30, 15.30, 4040, 0.62, 1, 4040, 100.00
SNOWMAN, EQ, 14-Aug-2026, 38.32, 38.31, 38.65, 37.62, 37.80, 37.92, 38.02, 117197, 44.55, 945, 67890, 57.93
SNXT30BEES, EQ, 14-Aug-2026, 43.41, 43.56, 43.75, 43.43, 43.75, 43.74, 43.58, 1225, 0.53, 41, 754, 61.55
SNXT50BETA, EQ, 14-Aug-2026, 96.85, 96.70, 97.19, 96.11, 97.00, 96.63, 96.70, 2839, 2.75, 77, 2571, 90.56
SOBHA, EQ, 14-Aug-2026, 1342.60, 1348.60, 1348.60, 1322.00, 1329.00, 1328.20, 1331.96, 33841, 450.75, 3788, 16584, 49.01
SOCL, SM, 14-Aug-2026, 28.50, 29.10, 29.20, 28.50, 28.75, 28.75, 28.79, 11200, 3.22, 6, 11200, 100.00
SOFTTECH, EQ, 14-Aug-2026, 423.30, 420.00, 431.00, 420.00, 430.95, 428.55, 425.59, 1339, 5.70, 39, 857, 64.00
SOLARA, EQ, 14-Aug-2026, 518.35, 515.75, 527.00, 509.05, 510.05, 512.30, 514.01, 76954, 395.55, 4385, 43323, 56.30
SOLARINDS, EQ, 14-Aug-2026, 20324.00, 20290.00, 20314.00, 19480.00, 19969.00, 19969.00, 19901.53, 487516, 97023.16, 113264, 83210, 17.07
SOLARWORLD, EQ, 14-Aug-2026, 164.14, 165.17, 167.00, 155.40, 157.50, 158.10, 161.46, 326348, 526.91, 5781, 163830, 50.20
SOLEX, EQ, 14-Aug-2026, 883.75, 890.25, 933.45, 857.65, 873.00, 879.85, 899.05, 85345, 767.30, 5207, 35868, 42.03
SOMANYCERA, EQ, 14-Aug-2026, 519.15, 526.95, 544.00, 519.30, 524.85, 522.65, 530.22, 515694, 2734.31, 16464, 292358, 56.69
SOMATEX, EQ, 14-Aug-2026, 90.58, 91.58, 93.76, 87.40, 92.00, 91.37, 91.76, 8654, 7.94, 184, 6454, 74.58
SOMICONVEY, EQ, 14-Aug-2026, 87.65, 89.84, 89.84, 85.50, 86.21, 86.52, 86.33, 7398, 6.39, 223, 5568, 75.26
SONACOMS, EQ, 14-Aug-2026, 799.90, 795.70, 798.80, 790.00, 792.00, 792.00, 794.80, 909039, 7225.03, 22429, 459756, 50.58
SONAL, EQ, 14-Aug-2026, 91.00, 95.00, 95.00, 90.00, 90.98, 90.98, 91.73, 26, 0.02, 6, 18, 69.23
SONAMAC, SM, 14-Aug-2026, 35.00, 36.00, 36.00, 35.50, 35.50, 35.50, 35.72, 5000, 1.79, 5, 5000, 100.00
SONAMLTD, EQ, 14-Aug-2026, 53.74, 54.50, 56.30, 54.00, 55.82, 55.38, 55.31, 44272, 24.49, 636, 33813, 76.38
SONATSOFTW, EQ, 14-Aug-2026, 326.40, 327.00, 333.00, 318.65, 326.90, 325.90, 324.67, 599961, 1947.90, 15717, 156722, 26.12
SONUINFRA, ST, 14-Aug-2026, 37.60, 38.00, 38.00, 36.30, 36.50, 36.50, 37.23, 18000, 6.70, 6, 18000, 100.00
SOTL, EQ, 14-Aug-2026, 681.90, 682.00, 713.75, 680.20, 705.00, 699.15, 702.17, 302022, 2120.71, 9851, 132748, 43.95
SOUTHBANK, EQ, 14-Aug-2026, 45.66, 45.63, 46.00, 45.55, 45.56, 45.74, 45.86, 3369025, 1545.18, 13024, 1241947, 36.86
SOUTHWEST, EQ, 14-Aug-2026, 223.31, 222.57, 224.32, 217.50, 221.00, 220.25, 220.41, 70342, 155.04, 2174, 47321, 67.27
SPAL, EQ, 14-Aug-2026, 960.25, 965.05, 971.65, 927.65, 935.00, 937.30, 941.29, 91100, 857.51, 6651, 46455, 50.99
SPANDANA, EQ, 14-Aug-2026, 251.00, 250.70, 250.90, 243.95, 246.30, 245.80, 246.52, 123196, 303.70, 4082, 71315, 57.89
SPARC, EQ, 14-Aug-2026, 204.28, 204.35, 206.00, 196.57, 198.97, 197.98, 199.97, 945379, 1890.52, 13915, 534682, 56.56
SPCENET, EQ, 14-Aug-2026, 3.81, 3.81, 3.87, 3.58, 3.63, 3.60, 3.69, 1033448, 38.12, 872, 918547, 88.88
SPCL, SM, 14-Aug-2026, 65.65, 62.80, 65.65, 61.80, 63.40, 63.40, 63.34, 23400, 14.82, 34, 15000, 64.10
SPCON, SM, 14-Aug-2026, 144.00, 140.00, 142.00, 128.05, 128.05, 128.05, 136.68, 3600, 4.92, 3, 1200, 33.33
SPEB, ST, 14-Aug-2026, 90.00, 90.90, 90.90, 90.90, 90.90, 90.90, 90.90, 2000, 1.82, 1, 2000, 100.00
SPECIALITY, BE, 14-Aug-2026, 146.38, 141.33, 145.00, 139.20, 139.20, 139.67, 140.51, 30974, 43.52, 290, -, -
SPECTRUM, BE, 14-Aug-2026, 2354.60, 2309.90, 2326.90, 2236.90, 2236.90, 2236.90, 2254.72, 5544, 125.00, 303, -, -
SPECTSTM, SM, 14-Aug-2026, 62.45, 62.45, 62.60, 62.45, 62.50, 62.50, 62.51, 4000, 2.50, 5, 4000, 100.00
SPENCERS, EQ, 14-Aug-2026, 32.00, 32.78, 32.98, 30.30, 30.50, 30.77, 31.21, 64377, 20.09, 1272, 41123, 63.88
SPIC, EQ, 14-Aug-2026, 67.85, 67.80, 68.78, 67.50, 67.72, 67.68, 68.05, 296078, 201.48, 2404, 180395, 60.93
SPLIL, EQ, 14-Aug-2026, 31.96, 31.50, 32.50, 31.26, 31.98, 31.72, 31.67, 5073, 1.61, 71, 4129, 81.39
SPLPETRO, EQ, 14-Aug-2026, 716.65, 714.90, 732.45, 709.55, 728.00, 726.55, 724.39, 69436, 502.99, 4791, 35069, 50.51
SPMLINFRA, EQ, 14-Aug-2026, 186.78, 186.26, 191.76, 186.00, 190.60, 190.56, 188.01, 134791, 253.43, 2785, 58118, 43.12
SPORTKING, EQ, 14-Aug-2026, 200.02, 199.48, 203.53, 199.00, 199.70, 199.89, 201.08, 216911, 436.15, 6501, 109814, 50.63
SPUNWEB, SM, 14-Aug-2026, 98.65, 99.00, 99.00, 99.00, 99.00, 99.00, 99.00, 1200, 1.19, 1, 1200, 100.00
SRD, EQ, 14-Aug-2026, 41.07, 41.00, 41.88, 40.10, 40.58, 40.50, 40.84, 29105, 11.89, 158, 24681, 84.80
SREEL, EQ, 14-Aug-2026, 239.76, 244.75, 245.78, 237.00, 243.01, 240.82, 240.46, 11063, 26.60, 319, 8286, 74.90
SRF, EQ, 14-Aug-2026, 2608.70, 2609.00, 2616.70, 2587.60, 2606.00, 2606.00, 2599.34, 168380, 4376.77, 17759, 95692, 56.83
SRGHFL, EQ, 14-Aug-2026, 275.00, 277.25, 282.15, 262.55, 264.00, 266.80, 272.86, 2141, 5.84, 135, 1693, 79.08
SRHHYPOLTD, EQ, 14-Aug-2026, 494.10, 498.10, 505.30, 496.10, 496.15, 496.55, 498.99, 8658, 43.20, 358, 7587, 87.63
SRIVASAVI, ST, 14-Aug-2026, 81.70, 80.00, 80.00, 80.00, 80.00, 80.00, 80.00, 1000, 0.80, 1, 1000, 100.00
SRM, EQ, 14-Aug-2026, 501.10, 489.00, 495.00, 477.65, 482.10, 483.70, 484.82, 172493, 836.28, 7061, 92749, 53.77
SRTL, EQ, 14-Aug-2026, 39.50, 39.30, 40.00, 39.26, 39.62, 39.56, 39.55, 27479, 10.87, 523, 13987, 50.90
SSDL, EQ, 14-Aug-2026, 68.35, 69.10, 69.99, 63.35, 64.99, 65.14, 67.32, 65020, 43.77, 1462, 37760, 58.07
SSEGL, SM, 14-Aug-2026, 303.65, 309.85, 311.50, 295.50, 306.50, 304.50, 304.58, 52000, 158.38, 203, 37400, 71.92
SSFL, ST, 14-Aug-2026, 234.50, 236.65, 244.80, 231.60, 231.60, 231.60, 239.72, 4500, 10.79, 9, 4000, 88.89
SSFLPP, E1, 14-Aug-2026, 124.95, 124.95, 131.95, 123.70, 124.90, 124.20, 125.05, 4623, 5.78, 129, 4573, 98.92
SSWL, EQ, 14-Aug-2026, 310.55, 310.60, 317.60, 310.30, 313.10, 312.90, 313.04, 369552, 1156.86, 7919, 150652, 40.77
STALLION, BE, 14-Aug-2026, 241.35, 236.00, 238.00, 229.30, 229.30, 229.85, 232.50, 548328, 1274.86, 4953, -, -
STANLEY, EQ, 14-Aug-2026, 145.28, 145.00, 148.39, 135.00, 135.75, 136.22, 141.99, 376252, 534.24, 9166, 192127, 51.06
STAR, EQ, 14-Aug-2026, 989.20, 988.00, 994.80, 960.00, 968.00, 967.80, 977.23, 168371, 1645.37, 13708, 79876, 47.44
STARCEMENT, EQ, 14-Aug-2026, 201.30, 201.30, 201.30, 199.50, 199.55, 200.06, 200.43, 29918, 59.96, 1111, 21141, 70.66
STARHEALTH, EQ, 14-Aug-2026, 584.60, 584.60, 590.75, 578.50, 585.00, 585.15, 587.15, 327484, 1922.83, 14136, 208077, 63.54
STARPAPER, EQ, 14-Aug-2026, 150.23, 151.09, 151.49, 147.70, 151.00, 147.98, 149.91, 4357, 6.53, 127, 3400, 78.04
STARTECK, EQ, 14-Aug-2026, 264.50, 264.65, 267.65, 255.05, 255.45, 257.05, 262.12, 7276, 19.07, 120, 52, 0.71
STCINDIA, EQ, 14-Aug-2026, 116.33, 117.11, 118.49, 116.01, 116.72, 116.70, 117.10, 36748, 43.03, 822, 13137, 35.75
STEELCAS, EQ, 14-Aug-2026, 354.15, 356.00, 357.00, 345.35, 353.00, 351.85, 351.68, 120698, 424.47, 3605, 64584, 53.51
STEELCITY, EQ, 14-Aug-2026, 82.58, 83.88, 84.85, 82.00, 83.50, 83.53, 83.75, 16557, 13.87, 192, 10010, 60.46
STEELXIND, EQ, 14-Aug-2026, 10.97, 10.76, 11.25, 10.76, 10.87, 10.87, 10.97, 1637168, 179.63, 2118, 884457, 54.02
STEL, EQ, 14-Aug-2026, 560.40, 566.00, 584.00, 557.90, 583.90, 581.20, 574.05, 5622, 32.27, 321, 4606, 81.93
STERTOOLS, BE, 14-Aug-2026, 221.80, 221.80, 224.90, 218.10, 224.75, 223.95, 222.35, 21863, 48.61, 306, -, -
STLNETWORK, EQ, 14-Aug-2026, 26.89, 27.25, 27.30, 25.61, 25.70, 25.78, 26.21, 1257603, 329.66, 3569, 705972, 56.14
STLTECH, BE, 14-Aug-2026, 660.80, 653.00, 677.80, 637.00, 647.95, 647.75, 649.30, 1136302, 7377.98, 18476, -, -
STOVEKRAFT, EQ, 14-Aug-2026, 775.40, 775.40, 781.95, 748.00, 753.00, 750.70, 759.85, 113529, 862.65, 5779, 63455, 55.89
STRIDERS, SM, 14-Aug-2026, 63.30, 63.70, 63.70, 61.10, 61.10, 62.40, 62.40, 3200, 2.00, 2, 1600, 50.00
STUDDS, EQ, 14-Aug-2026, 434.05, 437.25, 437.25, 424.00, 426.00, 425.25, 429.63, 25634, 110.13, 1604, 15247, 59.48
STUDIOLSD, SM, 14-Aug-2026, 9.00, 9.00, 9.00, 8.65, 8.65, 8.65, 8.75, 8000, 0.70, 4, 8000, 100.00
STYL, EQ, 14-Aug-2026, 417.25, 418.85, 421.00, 405.10, 409.20, 408.30, 413.53, 132777, 549.07, 4593, 73720, 55.52
STYLAMIND, EQ, 14-Aug-2026, 3595.70, 3632.70, 3755.90, 3610.70, 3643.70, 3642.00, 3673.75, 89719, 3296.05, 25301, 46918, 52.29
STYLEBAAZA, EQ, 14-Aug-2026, 347.90, 350.00, 365.25, 342.60, 365.25, 365.25, 362.00, 2040177, 7385.36, 9838, 1416020, 69.41
STYRENIX, EQ, 14-Aug-2026, 2193.00, 2193.00, 2203.50, 2173.10, 2186.00, 2183.70, 2190.06, 24549, 537.64, 2830, 15081, 61.43
SUBAHOTELS, SM, 14-Aug-2026, 114.10, 115.00, 116.30, 112.80, 116.30, 115.95, 114.88, 18000, 20.68, 15, 14400, 80.00
SUBEXLTD, BE, 14-Aug-2026, 13.73, 13.79, 13.95, 13.65, 13.90, 13.88, 13.83, 489559, 67.69, 1555, -, -
SUBROS, EQ, 14-Aug-2026, 758.85, 753.00, 763.65, 753.00, 759.40, 758.25, 759.10, 29299, 222.41, 1963, 15451, 52.74
SUDARCOLOR, EQ, 14-Aug-2026, 407.35, 423.45, 423.45, 403.15, 406.25, 413.40, 407.71, 6791, 27.69, 315, 4874, 71.77
SUDARSCHEM, EQ, 14-Aug-2026, 1052.80, 1065.00, 1131.00, 1013.70, 1120.00, 1118.10, 1066.38, 3806017, 40586.76, 97828, 2079717, 54.64
SUDEEPPHRM, EQ, 14-Aug-2026, 1100.80, 1129.00, 1145.40, 1080.00, 1100.00, 1105.55, 1112.94, 192483, 2142.22, 7825, 75293, 39.12
SUKHJITS, EQ, 14-Aug-2026, 160.31, 163.15, 163.15, 159.20, 159.90, 159.78, 160.20, 3350, 5.37, 115, 2566, 76.60
SULA, EQ, 14-Aug-2026, 150.12, 150.35, 151.55, 149.00, 149.95, 149.93, 149.92, 216285, 324.25, 3493, 132201, 61.12
SUMEETINDS, EQ, 14-Aug-2026, 14.08, 13.89, 14.78, 13.65, 14.78, 14.77, 14.49, 25096413, 3637.58, 39812, 10896995, 43.42
SUMICHEM, EQ, 14-Aug-2026, 543.00, 544.00, 567.40, 542.85, 565.30, 564.95, 557.29, 487672, 2717.73, 20463, 213297, 43.74
SUMIT, EQ, 14-Aug-2026, 50.76, 52.49, 52.49, 50.11, 51.85, 51.06, 51.14, 14937, 7.64, 460, 6638, 44.44
SUMMITSEC, EQ, 14-Aug-2026, 1440.90, 1440.00, 1460.00, 1435.00, 1447.50, 1443.90, 1445.03, 1460, 21.10, 301, 851, 58.29
SUNCLAY, EQ, 14-Aug-2026, 1243.80, 1245.00, 1277.00, 1236.20, 1250.00, 1249.90, 1258.07, 5022, 63.18, 672, 2705, 53.86
SUNDARAM, EQ, 14-Aug-2026, 1.09, 1.10, 1.16, 1.03, 1.06, 1.04, 1.08, 3800741, 41.15, 2111, 2955367, 77.76
SUNDARMFIN, EQ, 14-Aug-2026, 4546.00, 4540.00, 4540.00, 4440.00, 4450.80, 4470.50, 4478.93, 28864, 1292.80, 8602, 18014, 62.41
SUNDRMBRAK, BE, 14-Aug-2026, 839.10, 881.05, 881.05, 842.00, 881.05, 881.05, 880.27, 12596, 110.88, 265, -, -
SUNDRMFAST, EQ, 14-Aug-2026, 1229.00, 1229.00, 1243.35, 1214.50, 1218.20, 1217.60, 1224.39, 139223, 1704.63, 14377, 76007, 54.59
SUNDROP, EQ, 14-Aug-2026, 663.20, 663.20, 668.90, 658.10, 663.95, 660.10, 661.99, 9619, 63.68, 624, 4974, 51.71
SUNFLAG, EQ, 14-Aug-2026, 357.30, 357.30, 360.55, 352.35, 355.00, 355.15, 355.84, 98181, 349.37, 2354, 46474, 47.34
SUNLITE, SM, 14-Aug-2026, 446.05, 483.50, 483.50, 452.05, 462.05, 464.25, 463.78, 24300, 112.70, 76, 15600, 64.20
SUNPHARMA, EQ, 14-Aug-2026, 1932.00, 1932.00, 1937.00, 1914.70, 1930.00, 1930.00, 1922.17, 881282, 16939.76, 62630, 609862, 69.20
SUNREST, SM, 14-Aug-2026, 35.15, 38.95, 41.95, 38.95, 39.90, 39.90, 40.36, 14400, 5.81, 9, 14400, 100.00
SUNTECH, ST, 14-Aug-2026, 33.25, 34.90, 34.90, 33.10, 33.10, 33.15, 33.57, 27200, 9.13, 7, 25600, 94.12
SUNTECK, EQ, 14-Aug-2026, 299.35, 297.70, 302.40, 295.10, 298.50, 299.05, 297.48, 103071, 306.62, 2927, 59454, 57.68
SUNTV, EQ, 14-Aug-2026, 487.90, 490.00, 493.60, 481.45, 484.85, 484.60, 485.57, 326103, 1583.46, 10642, 168901, 51.79
SUPERHOUSE, EQ, 14-Aug-2026, 168.00, 170.00, 174.00, 165.00, 170.50, 169.52, 169.90, 16710, 28.39, 544, 10062, 60.22
SUPERSPIN, BE, 14-Aug-2026, 5.88, 5.77, 5.77, 5.77, 5.77, 5.77, 5.77, 2732, 0.16, 8, -, -
SUPRAJIT, EQ, 14-Aug-2026, 524.15, 526.50, 534.00, 522.90, 527.00, 524.60, 527.57, 130968, 690.94, 6864, 76530, 58.43
SUPREME, EQ, 14-Aug-2026, 42.12, 43.17, 43.17, 40.56, 41.51, 41.61, 41.77, 20037, 8.37, 300, 11090, 55.35
SUPREMEENG, BZ, 14-Aug-2026, 2.37, 2.33, 2.33, 2.33, 2.33, 2.33, 2.33, 52526, 1.22, 45, -, -
SUPREMEIND, EQ, 14-Aug-2026, 3497.00, 3497.00, 3585.00, 3446.50, 3558.90, 3558.90, 3541.26, 239576, 8484.02, 19062, 101388, 42.32
SUPREMEINF, EQ, 14-Aug-2026, 89.15, 92.00, 93.96, 88.16, 91.97, 90.87, 90.74, 94521, 85.77, 1568, 44839, 47.44
SUPREMEPWR, SM, 14-Aug-2026, 187.85, 189.95, 192.00, 181.60, 186.90, 184.70, 186.18, 124500, 231.80, 218, 77000, 61.85
SUPRIYA, EQ, 14-Aug-2026, 813.50, 745.00, 813.00, 740.45, 790.05, 791.65, 783.37, 1697782, 13299.98, 65024, 527466, 31.07
SURAJEST, EQ, 14-Aug-2026, 215.97, 215.97, 219.00, 212.21, 214.54, 214.32, 214.75, 145939, 313.41, 1114, 116572, 79.88
SURAJLTD, EQ, 14-Aug-2026, 224.88, 225.00, 227.40, 219.00, 223.98, 223.44, 223.72, 130, 0.29, 15, 51, 39.23
SURAKSHA, EQ, 14-Aug-2026, 304.45, 303.00, 308.00, 296.60, 308.00, 304.90, 303.03, 287250, 870.45, 9397, 91367, 31.81
SURANASOL, EQ, 14-Aug-2026, 25.81, 25.90, 25.90, 25.36, 25.50, 25.60, 25.61, 52867, 13.54, 557, 42236, 79.89
SURANAT&P, EQ, 14-Aug-2026, 16.28, 16.54, 16.60, 16.26, 16.58, 16.55, 16.51, 63166, 10.43, 261, 52047, 82.40
SURANI, SM, 14-Aug-2026, 88.95, 91.95, 101.00, 89.90, 100.00, 99.95, 99.89, 128800, 128.66, 85, 118400, 91.93
SURYALA, EQ, 14-Aug-2026, 385.65, 379.05, 384.45, 375.00, 375.00, 375.90, 377.89, 407, 1.54, 55, 301, 73.96
SURYALAXMI, EQ, 14-Aug-2026, 57.44, 57.72, 57.72, 56.01, 56.60, 56.24, 57.39, 391, 0.22, 26, 351, 89.77
SURYAROSNI, EQ, 14-Aug-2026, 222.85, 223.60, 225.49, 220.99, 223.50, 222.98, 223.02, 413187, 921.47, 6487, 235780, 57.06
SURYODAY, EQ, 14-Aug-2026, 156.39, 156.00, 157.79, 151.10, 153.00, 152.06, 154.04, 658449, 1014.28, 6979, 353832, 53.74
SUTLEJTEX, BE, 14-Aug-2026, 38.35, 38.10, 38.49, 38.01, 38.01, 38.09, 38.11, 18883, 7.20, 46, -, -
SUVEN, EQ, 14-Aug-2026, 326.45, 326.95, 343.70, 326.45, 342.60, 342.35, 337.39, 598704, 2019.96, 15752, 225106, 37.60
SUVIDHAA, EQ, 14-Aug-2026, 2.54, 2.50, 2.56, 2.49, 2.53, 2.52, 2.53, 27292, 0.69, 102, 22905, 83.93
SUYOG, EQ, 14-Aug-2026, 829.95, 825.00, 849.00, 812.15, 848.00, 831.75, 828.93, 10712, 88.79, 788, 6305, 58.86
SUZLON, EQ, 14-Aug-2026, 47.61, 47.40, 47.44, 47.00, 47.10, 47.10, 47.19, 25913687, 12228.58, 50545, 10961439, 42.30
SVLL, BE, 14-Aug-2026, 758.35, 755.00, 756.20, 752.00, 756.20, 756.20, 754.92, 5114, 38.61, 18, -, -
SVPGLOB, BE, 14-Aug-2026, 3.85, 3.95, 4.00, 3.83, 3.95, 3.95, 3.89, 15908, 0.62, 30, -, -
SWANCORP, EQ, 14-Aug-2026, 308.40, 305.00, 311.55, 298.15, 304.75, 304.60, 305.86, 2167856, 6630.67, 28153, 1110779, 51.24
SWANDEF, BE, 14-Aug-2026, 2460.60, 2439.90, 2529.90, 2420.00, 2430.00, 2421.00, 2440.68, 8093, 197.52, 508, -, -
SWARAJ, EQ, 14-Aug-2026, 371.50, 372.75, 372.75, 368.10, 369.50, 369.85, 370.74, 192684, 714.36, 1308, 99356, 51.56
SWARAJENG, EQ, 14-Aug-2026, 3618.20, 3606.10, 3657.80, 3606.10, 3635.00, 3638.20, 3631.75, 4830, 175.41, 997, 2937, 60.81
SWASTIK, ST, 14-Aug-2026, 19.00, 19.00, 19.00, 19.00, 19.00, 19.00, 19.00, 1200, 0.23, 1, 1200, 100.00
SWELECTES, EQ, 14-Aug-2026, 681.25, 663.00, 667.95, 613.00, 617.90, 616.75, 638.46, 83509, 533.17, 4516, 38882, 46.56
SWIGGY, EQ, 14-Aug-2026, 279.80, 279.00, 282.75, 274.30, 276.30, 276.30, 277.73, 8088166, 22463.33, 41704, 2756989, 34.09
SWSOLAR, EQ, 14-Aug-2026, 203.87, 203.10, 204.89, 201.50, 201.70, 202.01, 202.46, 385192, 779.86, 5011, 191941, 49.83
SYLVANPLY, SM, 14-Aug-2026, 50.00, 50.00, 50.00, 50.00, 50.00, 50.00, 50.00, 2000, 1.00, 1, 2000, 100.00
SYMPHONY, EQ, 14-Aug-2026, 631.25, 632.00, 634.50, 618.20, 623.50, 621.30, 623.28, 79110, 493.08, 4076, 52523, 66.39
SYNCOMF, EQ, 14-Aug-2026, 15.24, 15.40, 15.67, 14.80, 14.90, 14.92, 15.08, 4835194, 729.21, 9639, 2142005, 44.30
SYNGENE, EQ, 14-Aug-2026, 401.30, 401.20, 402.75, 397.50, 401.00, 401.45, 400.55, 497308, 1991.94, 17416, 295773, 59.47
SYNOPTICS, ST, 14-Aug-2026, 67.30, 67.10, 67.10, 67.10, 67.10, 67.10, 67.10, 600, 0.40, 1, 600, 100.00
SYRMA, EQ, 14-Aug-2026, 1467.70, 1480.00, 1506.70, 1452.00, 1460.00, 1465.20, 1472.03, 811337, 11943.14, 33514, 310592, 38.28
SYSTANGO, SM, 14-Aug-2026, 214.40, 217.95, 217.95, 213.00, 215.00, 214.85, 214.68, 13600, 29.20, 31, 9200, 67.65
SYSTMTXC, BE, 14-Aug-2026, 58.20, 58.00, 60.00, 56.71, 60.00, 59.71, 59.14, 6072, 3.59, 28, -, -
TAALTECH, EQ, 14-Aug-2026, 4293.30, 4350.00, 4350.00, 4270.00, 4289.90, 4280.00, 4303.87, 3109, 133.81, 439, 2564, 82.47
TAC, ST, 14-Aug-2026, 479.60, 487.90, 487.90, 456.00, 467.45, 462.65, 465.31, 41000, 190.78, 172, 38000, 92.68
TAINWALCHM, EQ, 14-Aug-2026, 203.28, 202.95, 212.76, 202.94, 206.80, 205.78, 207.62, 11171, 23.19, 527, 5490, 49.15
TAJGVK, EQ, 14-Aug-2026, 350.90, 349.20, 350.00, 341.00, 342.25, 341.65, 343.78, 87575, 301.06, 2838, 55040, 62.85
TAKE, EQ, 14-Aug-2026, 23.71, 24.30, 24.30, 23.30, 23.97, 23.76, 23.75, 1451037, 344.63, 3138, 1250697, 86.19
TALBROAUTO, EQ, 14-Aug-2026, 421.65, 422.00, 431.20, 414.65, 420.10, 419.50, 422.27, 129290, 545.96, 3507, 60246, 46.60
TAMBOLIIN, BE, 14-Aug-2026, 239.20, 244.50, 245.00, 235.00, 244.00, 243.99, 240.95, 22664, 54.61, 83, -, -
TANLA, EQ, 14-Aug-2026, 584.25, 586.00, 593.50, 578.25, 582.75, 582.05, 582.93, 317184, 1848.97, 15080, 145390, 45.84
TARACHAND, EQ, 14-Aug-2026, 47.87, 48.00, 48.70, 47.50, 48.04, 47.89, 48.15, 50975, 24.54, 716, 32961, 64.66
TARAPUR, EQ, 14-Aug-2026, 14.43, 14.98, 14.98, 14.00, 14.31, 14.48, 14.48, 15911, 2.30, 161, 9752, 61.29
TARC, EQ, 14-Aug-2026, 126.77, 126.56, 128.79, 125.00, 125.24, 125.20, 126.56, 214664, 271.67, 2868, 119565, 55.70
TARIL, EQ, 14-Aug-2026, 292.00, 292.00, 305.90, 291.15, 298.20, 298.05, 300.07, 3460818, 10384.92, 49270, 775660, 22.41
TARMAT, EQ, 14-Aug-2026, 64.68, 68.50, 69.65, 57.44, 59.22, 58.70, 63.45, 613433, 389.24, 3774, 228189, 37.20
TARSONS, EQ, 14-Aug-2026, 312.70, 312.70, 375.00, 311.90, 371.10, 360.30, 351.92, 9830521, 34595.97, 137363, 469386, 4.77
TASTYBITE, EQ, 14-Aug-2026, 9090.50, 9100.50, 10470.00, 9100.00, 9939.00, 10005.00, 10105.41, 226724, 22911.39, 48622, 20250, 8.93
TATACAP, EQ, 14-Aug-2026, 363.75, 363.05, 366.25, 361.30, 365.50, 364.20, 363.60, 902119, 3280.15, 23603, 551537, 61.14
TATACHEM, EQ, 14-Aug-2026, 672.05, 672.05, 677.00, 668.05, 670.65, 670.65, 672.75, 371285, 2497.83, 11848, 186354, 50.19
TATACOMM, EQ, 14-Aug-2026, 1758.20, 1758.20, 1765.00, 1714.40, 1720.00, 1718.10, 1738.58, 242658, 4218.80, 27365, 144897, 59.71
TATACONSUM, EQ, 14-Aug-2026, 1090.50, 1090.50, 1093.40, 1079.50, 1079.50, 1079.50, 1086.00, 1039725, 11291.40, 31084, 642963, 61.84
TATAELXSI, EQ, 14-Aug-2026, 3778.00, 3778.10, 3809.50, 3751.70, 3772.70, 3772.70, 3772.98, 93110, 3513.03, 10784, 36574, 39.28
TATAGOLD, EQ, 14-Aug-2026, 14.74, 14.74, 14.74, 14.26, 14.70, 14.70, 14.63, 45166414, 6607.77, 57249, 17872596, 39.57
TATAINVEST, EQ, 14-Aug-2026, 674.40, 673.00, 674.00, 664.20, 665.50, 667.30, 669.29, 138702, 928.32, 8048, 68531, 49.41
TATAPOWER, EQ, 14-Aug-2026, 382.80, 382.50, 390.40, 379.60, 382.05, 382.05, 386.40, 8187038, 31634.97, 57231, 3620661, 44.22
TATASTEEL, EQ, 14-Aug-2026, 184.85, 184.00, 184.19, 180.00, 183.50, 183.50, 182.31, 16131505, 29409.13, 106805, 6302095, 39.07
TATATECH, EQ, 14-Aug-2026, 868.40, 868.00, 871.85, 855.85, 864.00, 867.90, 863.11, 795292, 6864.25, 29349, 352239, 44.29
TATSILV, EQ, 14-Aug-2026, 22.41, 22.38, 22.49, 22.07, 22.49, 22.45, 22.30, 30782811, 6865.77, 36950, 9510928, 30.90
TATVA, EQ, 14-Aug-2026, 1709.60, 1709.60, 1735.90, 1683.00, 1724.00, 1717.30, 1711.53, 34277, 586.66, 4494, 16038, 46.79
TAURIAN, SM, 14-Aug-2026, 414.80, 410.00, 447.00, 392.05, 430.00, 429.00, 422.16, 91200, 385.01, 106, 66400, 72.81
TBI, SM, 14-Aug-2026, 59.60, 60.90, 60.90, 58.40, 60.00, 60.00, 59.92, 18600, 11.14, 27, 16200, 87.10
TBOTEK, EQ, 14-Aug-2026, 1604.90, 1606.40, 1662.80, 1600.00, 1630.00, 1633.30, 1644.68, 224139, 3686.36, 23778, 100076, 44.65
TBZ, EQ, 14-Aug-2026, 247.45, 248.95, 255.00, 243.10, 252.00, 251.35, 251.18, 857584, 2154.08, 11181, 331499, 38.65
TCC, EQ, 14-Aug-2026, 254.70, 254.70, 267.85, 251.05, 256.05, 259.55, 258.36, 56180, 145.15, 2422, 27157, 48.34
TCI, EQ, 14-Aug-2026, 924.20, 915.50, 923.60, 912.00, 916.00, 915.20, 915.02, 10342, 94.63, 1084, 6816, 65.91
TCIEXP, EQ, 14-Aug-2026, 557.40, 557.40, 567.00, 548.70, 556.45, 559.85, 552.63, 35028, 193.58, 1029, 23265, 66.42
TCIFINANCE, BE, 14-Aug-2026, 15.09, 15.00, 15.21, 14.76, 15.21, 15.20, 15.08, 12010, 1.81, 111, -, -
TCL, SM, 14-Aug-2026, 128.00, 125.00, 137.00, 123.20, 133.15, 134.15, 126.23, 194400, 245.40, 63, 178400, 91.77
TCPLPACK, EQ, 14-Aug-2026, 4255.20, 4250.10, 4250.10, 4029.10, 4052.00, 4088.80, 4151.13, 15484, 642.76, 2312, 5940, 38.36
TCS, EQ, 14-Aug-2026, 2375.00, 2375.10, 2390.00, 2333.40, 2361.00, 2361.00, 2355.73, 2232160, 52583.62, 76239, 1141107, 51.12
TDPOWERSYS, EQ, 14-Aug-2026, 1481.60, 1481.00, 1505.00, 1464.00, 1490.00, 1484.60, 1481.72, 759298, 11250.69, 36766, 320276, 42.18
TEAMGTY, EQ, 14-Aug-2026, 225.94, 230.00, 235.00, 226.86, 227.00, 227.94, 228.76, 17597, 40.25, 118, 17350, 98.60
TEAMLEASE, EQ, 14-Aug-2026, 1256.40, 1250.80, 1270.00, 1244.30, 1249.40, 1255.00, 1257.61, 15117, 190.11, 2340, 9391, 62.12
TEAMTECH, ST, 14-Aug-2026, 120.00, 118.00, 118.00, 116.00, 116.00, 116.00, 116.80, 8000, 9.34, 4, 8000, 100.00
TECH, EQ, 14-Aug-2026, 34.34, 33.48, 34.43, 33.48, 34.07, 34.29, 34.22, 21457, 7.34, 336, 7807, 36.38
TECHD, ST, 14-Aug-2026, 582.65, 582.65, 590.35, 575.30, 575.50, 575.50, 580.84, 4200, 24.40, 14, 3600, 85.71
TECHERA, SM, 14-Aug-2026, 173.15, 178.00, 178.00, 168.60, 170.90, 169.40, 170.94, 24800, 42.39, 31, 18400, 74.19
TECHLABS, SM, 14-Aug-2026, 117.00, 117.00, 120.00, 115.00, 116.45, 118.45, 118.12, 8875, 10.48, 43, 7875, 88.73
TECHM, EQ, 14-Aug-2026, 1639.00, 1635.00, 1652.00, 1614.40, 1632.80, 1632.80, 1623.08, 3398051, 55153.17, 58377, 2258471, 66.46
TECHNOCRAF, EQ, 14-Aug-2026, 212.00, 284.00, 334.40, 284.00, 310.61, 311.15, 306.75, 28679235, 87973.46, 328551, 8100242, 28.24
TECHNOE, EQ, 14-Aug-2026, 983.60, 988.00, 993.55, 964.95, 968.75, 968.40, 976.93, 153212, 1496.78, 10133, 78005, 50.91
TECHNVISN, EQ, 14-Aug-2026, 5403.30, 5673.40, 5673.40, 5134.00, 5176.00, 5220.50, 5480.40, 903, 49.49, 263, 493, 54.60
TECILCHEM, EQ, 14-Aug-2026, 8.48, 8.48, 8.87, 8.40, 8.60, 8.59, 8.72, 2825, 0.25, 38, 2292, 81.13
TEGA, EQ, 14-Aug-2026, 1669.50, 1667.10, 1732.70, 1663.90, 1695.00, 1703.80, 1701.75, 350386, 5962.69, 31332, 142617, 40.70
TEJA, SM, 14-Aug-2026, 613.10, 607.75, 607.75, 530.05, 533.00, 541.85, 572.18, 98400, 563.03, 113, 46200, 46.95
TEJASCARGO, SM, 14-Aug-2026, 400.25, 420.25, 420.25, 420.25, 420.25, 420.25, 420.25, 800, 3.36, 2, 800, 100.00
TEJASNET, EQ, 14-Aug-2026, 540.20, 543.70, 546.85, 534.00, 535.20, 538.50, 538.90, 832774, 4487.78, 20337, 231260, 27.77
TEMBO, EQ, 14-Aug-2026, 59.85, 59.60, 63.00, 59.55, 61.00, 60.80, 61.25, 1028275, 629.86, 3699, 336583, 32.73
TENNIND, EQ, 14-Aug-2026, 533.40, 539.00, 541.50, 532.15, 541.40, 538.25, 536.81, 987360, 5300.26, 22758, 618392, 62.63
TERASOFT, EQ, 14-Aug-2026, 352.90, 346.00, 370.15, 340.00, 355.85, 345.65, 358.81, 27674, 99.30, 856, 17114, 61.84
TEXINFRA, EQ, 14-Aug-2026, 111.08, 110.00, 110.95, 107.31, 107.33, 107.81, 108.90, 105511, 114.90, 828, 85330, 80.87
TEXMOPIPES, EQ, 14-Aug-2026, 46.44, 46.04, 47.00, 45.50, 45.90, 46.03, 46.12, 58961, 27.19, 456, 42569, 72.20
TEXRAIL, EQ, 14-Aug-2026, 107.09, 107.05, 107.58, 104.51, 104.90, 104.85, 105.46, 990482, 1044.53, 8017, 613450, 61.93
TFCILTD, EQ, 14-Aug-2026, 115.31, 117.24, 119.50, 116.30, 116.85, 117.44, 118.10, 10567267, 12479.79, 24111, 4237198, 40.10
TFL, EQ, 14-Aug-2026, 11.29, 11.39, 11.79, 11.01, 11.70, 11.64, 11.34, 7855, 0.89, 74, 4157, 52.92
TGBHOTELS, EQ, 14-Aug-2026, 9.22, 9.01, 9.80, 9.01, 9.57, 9.53, 9.41, 35776, 3.37, 120, 33089, 92.49
TGL, ST, 14-Aug-2026, 20.55, 20.15, 21.00, 19.55, 20.90, 20.05, 20.00, 30200, 6.04, 68, 25600, 84.77
THAKDEV, EQ, 14-Aug-2026, 156.12, 153.00, 153.00, 141.51, 141.51, 146.48, 148.12, 4, 0.01, 4, 2, 50.00
THANGAMAYL, EQ, 14-Aug-2026, 5270.00, 5250.00, 5470.00, 5204.00, 5431.50, 5427.00, 5343.11, 112108, 5990.05, 15919, 58271, 51.98
THEINVEST, EQ, 14-Aug-2026, 96.20, 102.45, 103.80, 98.30, 100.00, 99.99, 100.74, 18491, 18.63, 215, 11375, 61.52
THEJO, EQ, 14-Aug-2026, 2072.60, 2073.50, 2115.00, 2060.00, 2099.00, 2104.90, 2096.08, 4614, 96.71, 512, 3720, 80.62
THELEELA, EQ, 14-Aug-2026, 508.45, 508.45, 511.65, 504.60, 510.10, 510.05, 508.75, 209132, 1063.96, 26802, 134315, 64.22
THEMISMED, EQ, 14-Aug-2026, 103.96, 103.96, 105.48, 101.25, 104.51, 104.85, 103.20, 114390, 118.05, 1346, 65218, 57.01
THERMAX, EQ, 14-Aug-2026, 4001.60, 4006.40, 4061.70, 3934.00, 4052.00, 4044.90, 3992.06, 221825, 8855.39, 41362, 102504, 46.21
THOMASCOOK, EQ, 14-Aug-2026, 108.00, 108.25, 108.84, 105.50, 105.67, 105.88, 106.47, 472048, 502.60, 4520, 311310, 65.95
THOMASCOTT, EQ, 14-Aug-2026, 326.30, 326.30, 350.00, 323.00, 349.00, 346.90, 343.48, 205099, 704.48, 5487, 66557, 32.45
THYROCARE, EQ, 14-Aug-2026, 606.00, 610.00, 625.00, 608.00, 624.90, 624.05, 620.28, 1262241, 7829.48, 28999, 864146, 68.46
TI, EQ, 14-Aug-2026, 553.70, 553.00, 583.75, 550.00, 570.85, 568.75, 567.45, 3914329, 22211.79, 68772, 1775933, 45.37
TICL, BE, 14-Aug-2026, 9.61, 9.69, 9.98, 9.41, 9.78, 9.51, 9.63, 15175, 1.46, 75, -, -
TIGERLOGS, BE, 14-Aug-2026, 25.49, 25.95, 25.95, 25.10, 25.45, 25.46, 25.50, 396115, 100.99, 191, -, -
TIIL, EQ, 14-Aug-2026, 2887.60, 3145.00, 3299.90, 3052.00, 3052.00, 3088.70, 3153.58, 697944, 22010.22, 76820, 103349, 14.81
TIINDIA, EQ, 14-Aug-2026, 2780.00, 2788.00, 2788.00, 2685.00, 2733.50, 2733.50, 2735.61, 539329, 14753.94, 36546, 206656, 38.32
TIJARIA, EQ, 14-Aug-2026, 5.86, 5.86, 6.40, 5.42, 5.96, 6.03, 6.08, 374036, 22.74, 619, 242720, 64.89
TIL, BE, 14-Aug-2026, 227.60, 227.60, 238.95, 224.45, 238.95, 238.95, 236.69, 173826, 411.43, 676, -, -
TIMETECHNO, EQ, 14-Aug-2026, 204.04, 198.40, 199.50, 191.10, 193.50, 193.27, 194.94, 3960759, 7721.02, 43057, 1976348, 49.90
TIMEX, EQ, 14-Aug-2026, 539.15, 540.00, 544.65, 522.20, 524.00, 524.65, 530.62, 236525, 1255.04, 13366, 120854, 51.10
TIMKEN, EQ, 14-Aug-2026, 3260.30, 3263.00, 3316.50, 3244.20, 3287.10, 3275.80, 3277.93, 24947, 817.75, 6657, 10468, 41.96
TINNARUBR, EQ, 14-Aug-2026, 1108.10, 1102.80, 1105.90, 1083.00, 1089.40, 1089.70, 1091.78, 32910, 359.30, 2855, 18295, 55.59
TIPSFILMS, EQ, 14-Aug-2026, 361.95, 370.25, 370.50, 339.00, 344.20, 348.20, 353.06, 18019, 63.62, 820, 6008, 33.34
TIPSMUSIC, EQ, 14-Aug-2026, 671.95, 675.00, 679.00, 664.20, 670.00, 670.90, 671.79, 147853, 993.26, 14119, 75592, 51.13
TIRUMALCHM, EQ, 14-Aug-2026, 160.80, 161.20, 161.63, 156.30, 158.80, 159.66, 158.58, 382459, 606.49, 5255, 211885, 55.40
TIRUPATIFL, BE, 14-Aug-2026, 65.83, 62.54, 67.99, 62.54, 67.85, 65.84, 64.63, 411575, 265.99, 1325, -, -
TITAGARH, EQ, 14-Aug-2026, 850.75, 850.75, 853.95, 830.00, 833.90, 831.35, 836.37, 280102, 2342.69, 11834, 119278, 42.58
TITAN, EQ, 14-Aug-2026, 5063.70, 5064.00, 5090.50, 5046.40, 5056.20, 5056.20, 5071.69, 587764, 29809.55, 50374, 348782, 59.34
TMB, EQ, 14-Aug-2026, 845.85, 854.45, 863.60, 847.05, 851.40, 849.40, 853.79, 92788, 792.21, 6271, 48091, 51.83
TMCV, EQ, 14-Aug-2026, 474.80, 474.80, 486.30, 470.45, 473.90, 474.30, 477.11, 10302331, 49153.43, 153162, 4818695, 46.77
TMPV, EQ, 14-Aug-2026, 349.60, 329.00, 337.75, 329.00, 334.50, 334.50, 332.64, 31933028, 106222.02, 294260, 14032932, 43.94
TNIDETF, EQ, 14-Aug-2026, 91.13, 90.10, 92.39, 90.10, 90.90, 91.51, 91.64, 117183, 107.39, 468, 87222, 74.43
TNPETRO, EQ, 14-Aug-2026, 110.59, 110.65, 112.00, 108.65, 110.55, 110.93, 110.34, 363044, 400.57, 4258, 185127, 50.99
TNPL, EQ, 14-Aug-2026, 141.77, 142.10, 142.59, 139.50, 141.23, 141.12, 140.52, 201360, 282.95, 3584, 113821, 56.53
TNTELE, EQ, 14-Aug-2026, 9.02, 9.29, 9.29, 8.96, 8.96, 9.04, 9.07, 13899, 1.26, 83, 13349, 96.04
TOKYOPLAST, EQ, 14-Aug-2026, 80.00, 79.59, 79.89, 78.50, 79.89, 78.50, 78.54, 1000, 0.79, 14, 1000, 100.00
TOLINS, EQ, 14-Aug-2026, 95.71, 98.99, 99.00, 96.34, 97.59, 96.70, 97.10, 38458, 37.34, 920, 22345, 58.10
TOP100CASE, EQ, 14-Aug-2026, 10.74, 10.91, 10.91, 10.66, 10.74, 10.74, 10.73, 725125, 77.84, 1119, 552498, 76.19
TOP10ADD, EQ, 14-Aug-2026, 88.46, 88.89, 89.00, 88.32, 88.99, 88.85, 88.67, 50424, 44.71, 308, 24486, 48.56
TOP15IETF, EQ, 14-Aug-2026, 10.04, 10.04, 10.12, 10.00, 10.08, 10.07, 10.05, 16774, 1.68, 135, 13873, 82.71
TOP20, EQ, 14-Aug-2026, 9.07, 9.08, 9.09, 9.04, 9.07, 9.07, 9.07, 51436, 4.67, 104, 46890, 91.16
TORNTPHARM, EQ, 14-Aug-2026, 4914.50, 4888.00, 4915.50, 4833.00, 4833.00, 4833.00, 4873.49, 166892, 8133.46, 21516, 96497, 57.82
TORNTPOWER, EQ, 14-Aug-2026, 1318.00, 1317.90, 1330.40, 1307.00, 1309.50, 1309.10, 1315.92, 111913, 1472.68, 9017, 56336, 50.34
TOTAL, EQ, 14-Aug-2026, 63.03, 63.03, 65.40, 62.30, 62.37, 64.17, 64.11, 28950, 18.56, 224, 13442, 46.43
TOUCHWOOD, EQ, 14-Aug-2026, 63.65, 65.00, 66.79, 64.00, 64.33, 64.74, 65.23, 774, 0.50, 31, 355, 45.87
TPHQ, EQ, 14-Aug-2026, 0.41, 0.42, 0.49, 0.42, 0.49, 0.49, 0.48, 8857331, 42.21, 901, 4802195, 54.22
TPLPLASTEH, EQ, 14-Aug-2026, 76.62, 76.29, 77.59, 76.28, 77.20, 77.33, 77.03, 84720, 65.26, 469, 22590, 26.66
TRACXN, EQ, 14-Aug-2026, 29.57, 29.60, 29.85, 29.32, 29.79, 29.61, 29.59, 67000, 19.83, 562, 50162, 74.87
TRANSPEK, BE, 14-Aug-2026, 1175.90, 1176.00, 1220.00, 1120.00, 1120.00, 1125.80, 1149.28, 2560, 29.42, 224, -, -
TRANSRAILL, EQ, 14-Aug-2026, 472.95, 473.00, 475.75, 468.10, 469.00, 468.95, 469.98, 179765, 844.87, 6553, 104724, 58.26
TRANSTEEL, SM, 14-Aug-2026, 91.25, 87.60, 92.00, 85.00, 86.05, 88.10, 87.60, 147000, 128.78, 115, 112000, 76.19
TRANSWIND, SM, 14-Aug-2026, 13.15, 13.15, 13.15, 13.15, 13.15, 13.15, 13.15, 8000, 1.05, 1, 8000, 100.00
TRANSWORLD, BE, 14-Aug-2026, 156.35, 156.34, 156.99, 155.00, 155.20, 155.75, 155.49, 3764, 5.85, 73, -, -
TRAVELFOOD, EQ, 14-Aug-2026, 1394.30, 1362.20, 1385.00, 1340.00, 1364.80, 1364.90, 1360.90, 70680, 961.88, 10213, 33859, 47.90
TREEHOUSE, EQ, 14-Aug-2026, 6.34, 6.34, 6.39, 6.10, 6.11, 6.13, 6.25, 19864, 1.24, 90, 15342, 77.24
TREJHARA, EQ, 14-Aug-2026, 163.17, 167.95, 167.95, 160.00, 163.09, 162.30, 163.20, 10102, 16.49, 299, 7984, 79.03
TREL, EQ, 14-Aug-2026, 26.13, 26.00, 26.50, 25.57, 26.00, 25.93, 25.96, 60501, 15.70, 706, 35540, 58.74
TRENT, EQ, 14-Aug-2026, 2990.00, 2947.70, 3020.60, 2945.00, 2978.00, 2978.00, 2998.77, 1648536, 49435.87, 60064, 1007597, 61.12
TRF, EQ, 14-Aug-2026, 232.19, 232.19, 234.49, 229.55, 230.10, 230.71, 230.89, 13964, 32.24, 462, 10889, 77.98
TRIDENT, EQ, 14-Aug-2026, 24.66, 24.60, 24.88, 24.14, 24.45, 24.34, 24.46, 3808007, 931.34, 14397, 1991755, 52.30
TRIGYN, EQ, 14-Aug-2026, 56.02, 56.00, 56.67, 55.71, 56.00, 56.07, 56.16, 24374, 13.69, 470, 19250, 78.98
TRITURBINE, EQ, 14-Aug-2026, 591.95, 595.90, 602.70, 579.00, 587.00, 592.40, 593.35, 396736, 2354.05, 20463, 210992, 53.18
TRIVENI, EQ, 14-Aug-2026, 249.84, 252.00, 271.00, 252.00, 269.35, 266.42, 263.36, 2421033, 6375.91, 41555, 932281, 38.51
TROM, SM, 14-Aug-2026, 55.70, 55.70, 55.70, 55.45, 55.45, 55.45, 55.64, 2400, 1.34, 4, 2400, 100.00
TRU, EQ, 14-Aug-2026, 4.17, 4.17, 4.21, 4.00, 4.08, 4.08, 4.07, 141655, 5.77, 525, 118344, 83.54
TRUALT, EQ, 14-Aug-2026, 489.35, 493.00, 494.00, 479.85, 482.60, 481.60, 486.64, 232321, 1130.58, 7430, 134944, 58.09
TRUST, SM, 14-Aug-2026, 25.80, 25.15, 26.00, 24.05, 25.85, 25.55, 25.06, 62400, 15.64, 78, 52200, 83.65
TSC, ST, 14-Aug-2026, 48.35, 48.35, 50.75, 48.35, 50.75, 50.75, 50.61, 34000, 17.21, 8, 34000, 100.00
TSFINV, EQ, 14-Aug-2026, 418.05, 421.15, 421.15, 412.10, 415.85, 415.45, 416.07, 64194, 267.09, 1911, 39103, 60.91
TTKHLTCARE, EQ, 14-Aug-2026, 1139.10, 1147.50, 1170.70, 1112.00, 1152.00, 1157.70, 1154.28, 28737, 331.71, 4736, 16156, 56.22
TTKPRESTIG, EQ, 14-Aug-2026, 600.95, 595.50, 603.70, 594.00, 598.90, 595.90, 598.68, 31039, 185.82, 3182, 13377, 43.10
TTL, EQ, 14-Aug-2026, 6.20, 6.10, 6.35, 6.01, 6.19, 6.14, 6.15, 371765, 22.86, 642, 222513, 59.85
TTML, EQ, 14-Aug-2026, 38.74, 38.78, 38.88, 38.44, 38.58, 38.59, 38.63, 882700, 341.02, 5404, 355925, 40.32
TUNWAL, SM, 14-Aug-2026, 26.75, 26.50, 27.00, 26.45, 26.80, 26.75, 26.72, 46000, 12.29, 20, 20000, 43.48
TURTLEMINT, EQ, 14-Aug-2026, 141.25, 143.00, 145.85, 135.76, 139.00, 137.44, 140.13, 990909, 1388.60, 20594, 322121, 32.51
TVSELECT, EQ, 14-Aug-2026, 458.85, 462.20, 462.20, 449.10, 454.80, 451.55, 453.48, 20686, 93.81, 1437, 10299, 49.79
TVSHLTD, EQ, 14-Aug-2026, 14317.00, 14429.00, 14430.00, 13925.00, 14000.00, 13994.00, 14100.03, 5164, 728.13, 1856, 3543, 68.61
TVSMOTOR, EQ, 14-Aug-2026, 4342.20, 4307.40, 4340.00, 4297.10, 4307.00, 4307.00, 4322.15, 560053, 24206.34, 52794, 347085, 61.97
TVSSCS, EQ, 14-Aug-2026, 127.54, 127.11, 128.15, 122.91, 123.30, 123.39, 124.60, 704554, 877.84, 10999, 411744, 58.44
TVSSRICHAK, EQ, 14-Aug-2026, 3994.90, 4028.90, 4628.00, 3960.00, 4464.00, 4478.10, 4499.68, 711409, 32011.11, 88722, 41140, 5.78
TVTODAY, EQ, 14-Aug-2026, 113.23, 113.23, 113.99, 112.00, 112.52, 112.42, 112.64, 16450, 18.53, 306, 9901, 60.19
TVVISION, BE, 14-Aug-2026, 4.00, 4.04, 4.20, 4.00, 4.15, 4.15, 4.16, 26953, 1.12, 49, -, -
TWCGOLDETF, EQ, 14-Aug-2026, 151.42, 151.00, 151.00, 149.22, 150.83, 150.85, 150.47, 3411, 5.13, 200, 3026, 88.71
UBL, EQ, 14-Aug-2026, 1389.70, 1390.50, 1396.40, 1374.10, 1377.00, 1376.60, 1379.66, 48886, 674.46, 5963, 27963, 57.20
UCAL, EQ, 14-Aug-2026, 127.89, 134.90, 141.50, 132.55, 138.15, 139.85, 137.40, 226474, 311.17, 3595, 136464, 60.26
UCL, ST, 14-Aug-2026, 257.00, 244.20, 260.00, 244.15, 260.00, 260.00, 249.45, 6000, 14.97, 3, 6000, 100.00
UCOBANK, EQ, 14-Aug-2026, 26.09, 26.01, 26.08, 25.93, 26.04, 26.00, 25.99, 2028065, 527.16, 9122, 1240980, 61.19
UDS, EQ, 14-Aug-2026, 210.09, 211.20, 212.26, 208.20, 211.00, 211.50, 210.95, 307712, 649.13, 4774, 194564, 63.23
UEL, EQ, 14-Aug-2026, 246.50, 234.18, 234.18, 234.18, 234.18, 234.18, 234.18, 2876, 6.74, 154, 2858, 99.37
UFBL, BE, 14-Aug-2026, 765.50, 746.40, 794.50, 732.00, 765.00, 754.90, 763.84, 48210, 368.25, 1954, -, -
UFLEX, EQ, 14-Aug-2026, 493.80, 494.15, 503.45, 482.20, 483.20, 488.40, 492.58, 150907, 743.34, 3767, 86837, 57.54
UFO, EQ, 14-Aug-2026, 67.39, 66.58, 67.89, 66.58, 67.10, 67.14, 67.22, 10510, 7.06, 193, 7995, 76.07
UGARSUGAR, EQ, 14-Aug-2026, 46.49, 48.99, 52.26, 48.00, 48.00, 48.19, 50.04, 1337931, 669.50, 7539, 524841, 39.23
UGROCAP, EQ, 14-Aug-2026, 92.40, 93.08, 94.00, 90.35, 93.20, 93.34, 92.02, 253625, 233.38, 2733, 150390, 59.30
UHTL, ST, 14-Aug-2026, 100.10, 101.00, 104.20, 101.00, 102.00, 102.00, 101.60, 14000, 14.22, 7, 14000, 100.00
UJJIVANSFB, EQ, 14-Aug-2026, 71.19, 71.55, 72.85, 71.10, 72.46, 72.47, 72.26, 16653738, 12033.53, 58305, 9987197, 59.97
ULTRACEMCO, EQ, 14-Aug-2026, 11706.00, 11657.00, 11698.00, 11587.00, 11619.00, 11619.00, 11637.65, 198920, 23149.61, 28843, 117102, 58.87
ULTRAMAR, EQ, 14-Aug-2026, 399.85, 399.85, 405.90, 393.55, 398.20, 398.20, 400.42, 33524, 134.24, 3651, 18961, 56.56
UMAEXPORTS, BE, 14-Aug-2026, 21.09, 21.80, 22.14, 20.04, 22.10, 21.59, 21.90, 74266, 16.27, 185, -, -
UMESLTD, EQ, 14-Aug-2026, 5.99, 5.99, 6.28, 5.74, 5.82, 5.82, 5.96, 16024, 0.96, 60, 12834, 80.09
UMIYA-MRO, EQ, 14-Aug-2026, 88.63, 88.63, 90.00, 87.50, 90.00, 89.69, 88.79, 2725, 2.42, 41, 2205, 80.92
UNICHEMLAB, EQ, 14-Aug-2026, 542.40, 548.20, 548.20, 531.50, 543.00, 540.20, 538.88, 95319, 513.65, 4009, 32773, 34.38
UNIDT, BE, 14-Aug-2026, 226.15, 231.60, 231.60, 220.50, 224.72, 224.28, 222.33, 6890, 15.32, 78, -, -
UNIECOM, EQ, 14-Aug-2026, 91.36, 88.31, 89.40, 84.67, 85.45, 86.05, 86.51, 884372, 765.04, 8383, 435556, 49.25
UNIENTER, EQ, 14-Aug-2026, 95.18, 99.00, 99.00, 94.50, 95.49, 95.36, 96.32, 5363, 5.17, 117, 3316, 61.83
UNIHEALTH, SM, 14-Aug-2026, 702.70, 700.10, 700.10, 653.00, 689.00, 676.15, 676.01, 51000, 344.77, 88, 39000, 76.47
UNIINFO, EQ, 14-Aug-2026, 12.16, 11.56, 12.60, 11.56, 11.99, 11.70, 11.71, 18341, 2.15, 63, 11587, 63.18
UNIMECH, EQ, 14-Aug-2026, 1426.90, 1446.00, 1555.00, 1434.10, 1524.00, 1522.60, 1513.11, 668915, 10121.43, 42927, 263099, 39.33
UNIONBANK, EQ, 14-Aug-2026, 186.50, 187.33, 189.34, 186.39, 187.38, 187.38, 187.58, 17139005, 32148.76, 74258, 9749141, 56.88
UNIONGOLD, EQ, 14-Aug-2026, 148.55, 148.50, 148.50, 146.45, 147.75, 147.70, 147.14, 3702, 5.45, 93, 1444, 39.01
UNIPARTS, EQ, 14-Aug-2026, 824.30, 824.40, 829.00, 805.45, 816.45, 816.00, 815.24, 79302, 646.50, 8132, 43513, 54.87
UNITDSPR, EQ, 14-Aug-2026, 1515.00, 1515.50, 1545.50, 1510.10, 1536.00, 1536.00, 1536.80, 603589, 9275.97, 25333, 343986, 56.99
UNITECH, EQ, 14-Aug-2026, 3.99, 3.99, 4.03, 3.94, 3.94, 3.96, 3.99, 3338593, 133.20, 3038, 2452447, 73.46
UNITEDPOLY, BE, 14-Aug-2026, 32.37, 32.38, 33.44, 31.75, 33.44, 33.31, 33.01, 231518, 76.42, 200, -, -
UNITEDTEA, EQ, 14-Aug-2026, 459.65, 462.05, 462.05, 453.00, 456.15, 458.30, 456.94, 1196, 5.47, 93, 979, 81.86
UNIVASTU, BE, 14-Aug-2026, 153.04, 158.80, 160.69, 154.20, 160.69, 160.69, 159.47, 184862, 294.80, 1312, -, -
UNIVCABLES, EQ, 14-Aug-2026, 1702.20, 1707.00, 1739.20, 1635.00, 1650.00, 1644.40, 1669.25, 132271, 2207.93, 14030, 57702, 43.62
UNIVPHOTO, BE, 14-Aug-2026, 457.80, 455.40, 480.00, 445.00, 480.00, 472.60, 469.29, 1068, 5.01, 48, -, -
UNOMINDA, EQ, 14-Aug-2026, 1240.00, 1240.30, 1246.90, 1230.10, 1240.00, 1240.00, 1237.81, 185823, 2300.13, 13173, 78552, 42.27
UPL, EQ, 14-Aug-2026, 568.15, 568.20, 568.20, 558.05, 563.00, 563.00, 561.32, 1557252, 8741.23, 32899, 884812, 56.82
URAVIDEF, BE, 14-Aug-2026, 107.04, 108.00, 109.15, 106.00, 108.80, 108.82, 107.57, 5492, 5.91, 121, -, -
URBAN, SM, 14-Aug-2026, 148.55, 152.50, 152.50, 146.30, 147.00, 147.00, 148.96, 4000, 5.96, 5, 4000, 100.00
URBANCO, EQ, 14-Aug-2026, 141.34, 141.00, 145.65, 139.83, 144.20, 144.39, 143.46, 9659315, 13857.23, 68467, 4077924, 42.22
URJA, EQ, 14-Aug-2026, 9.60, 9.55, 9.60, 9.47, 9.47, 9.49, 9.53, 502528, 47.87, 1735, 304258, 60.55
USASEEDS, SM, 14-Aug-2026, 87.00, 88.00, 91.20, 87.00, 91.20, 91.20, 89.35, 1712, 1.53, 4, 856, 50.00
USHAFIN, SM, 14-Aug-2026, 44.40, 40.00, 43.00, 40.00, 43.00, 43.00, 41.85, 6400, 2.68, 4, 6400, 100.00
USHAMART, EQ, 14-Aug-2026, 497.35, 495.00, 496.95, 486.10, 487.40, 487.95, 490.12, 298728, 1464.14, 11465, 184111, 61.63
USK, EQ, 14-Aug-2026, 21.88, 21.15, 22.03, 21.15, 21.50, 21.41, 21.54, 18403, 3.96, 161, 12862, 69.89
UTIAMC, EQ, 14-Aug-2026, 908.50, 909.00, 913.45, 906.50, 909.95, 908.05, 909.83, 40938, 372.47, 4623, 26030, 63.58
UTKAL, SM, 14-Aug-2026, 50.80, 53.30, 53.30, 52.00, 53.30, 53.30, 53.21, 58000, 30.86, 26, 54000, 93.10
UTKARSHBNK, EQ, 14-Aug-2026, 14.25, 14.21, 14.21, 13.95, 14.05, 14.04, 14.05, 2900359, 407.42, 5987, 1866267, 64.35
UTLSOLAR, EQ, 14-Aug-2026, 409.90, 415.00, 432.05, 415.00, 424.85, 423.85, 424.79, 1117655, 4747.72, 31526, 454151, 40.63
UTSSAV, ST, 14-Aug-2026, 514.80, 509.00, 511.90, 507.00, 507.25, 507.20, 509.12, 6600, 33.60, 11, 6600, 100.00
UTTAMSUGAR, EQ, 14-Aug-2026, 264.99, 263.85, 279.90, 259.50, 267.00, 264.29, 270.99, 364386, 987.44, 8275, 135293, 37.13
UYFINCORP, BE, 14-Aug-2026, 20.16, 20.16, 21.15, 20.00, 21.05, 21.08, 20.81, 205537, 42.78, 458, -, -
V2RETAIL, EQ, 14-Aug-2026, 217.43, 218.70, 218.70, 212.00, 216.90, 216.40, 215.57, 1916642, 4131.63, 30095, 957680, 49.97
VADILALIND, EQ, 14-Aug-2026, 7781.00, 7814.00, 7894.50, 7720.50, 7764.00, 7749.00, 7796.85, 21461, 1673.28, 5979, 6864, 31.98
VAIBHAVGBL, EQ, 14-Aug-2026, 233.40, 233.10, 236.25, 227.30, 228.70, 228.30, 229.76, 368191, 845.95, 7822, 187581, 50.95
VAISHALI, EQ, 14-Aug-2026, 8.47, 8.31, 8.69, 8.31, 8.44, 8.51, 8.49, 116620, 9.90, 296, 76323, 65.45
VAKRANGEE, EQ, 14-Aug-2026, 5.95, 5.95, 5.97, 5.90, 5.93, 5.92, 5.91, 636697, 37.65, 1067, 401415, 63.05
VAL30IETF, EQ, 14-Aug-2026, 15.48, 15.51, 15.51, 15.32, 15.42, 15.37, 15.37, 136930, 21.05, 665, 83775, 61.18
VALIANTLAB, EQ, 14-Aug-2026, 78.49, 82.41, 82.41, 82.41, 82.41, 82.41, 82.41, 41064, 33.84, 43, 41064, 100.00
VALIANTORG, BE, 14-Aug-2026, 341.55, 334.90, 334.90, 324.50, 324.50, 324.50, 329.64, 28548, 94.11, 226, -, -
VALUE, EQ, 14-Aug-2026, 16.34, 16.37, 16.37, 16.16, 16.21, 16.16, 16.16, 767343, 124.02, 279, 745499, 97.15
VALUE360, SM, 14-Aug-2026, 79.00, 78.00, 81.50, 75.75, 80.90, 80.45, 80.91, 747600, 604.87, 73, 721200, 96.47
VALUEAXIS, EQ, 14-Aug-2026, 33.28, 33.44, 33.44, 32.83, 33.11, 32.96, 32.99, 106516, 35.14, 537, 77813, 73.05
VAML, EQ, 14-Aug-2026, 450.65, 450.00, 450.65, 440.10, 443.40, 443.80, 443.79, 5526133, 24524.29, 82543, 3268434, 59.15
VARDHACRLC, BE, 14-Aug-2026, 44.06, 44.90, 44.90, 43.90, 44.80, 44.61, 44.18, 14752, 6.52, 122, -, -
VARDMNPOLY, EQ, 14-Aug-2026, 6.43, 6.60, 6.60, 6.30, 6.37, 6.30, 6.39, 118954, 7.60, 324, 105074, 88.33
VARROC, EQ, 14-Aug-2026, 841.95, 848.00, 860.00, 838.05, 853.20, 847.90, 850.17, 385330, 3275.95, 15962, 162119, 42.07
VASCONEQ, EQ, 14-Aug-2026, 31.41, 31.75, 31.96, 31.10, 31.90, 31.82, 31.55, 217174, 68.52, 1063, 111987, 51.57
VASWANI, EQ, 14-Aug-2026, 53.04, 51.51, 52.90, 51.51, 52.12, 52.17, 52.36, 7428, 3.89, 134, 4335, 58.36
VBL, EQ, 14-Aug-2026, 440.50, 440.05, 440.35, 431.85, 435.00, 435.00, 434.56, 1811603, 7872.49, 28535, 867847, 47.90
VCL, EQ, 14-Aug-2026, 1.61, 1.69, 1.69, 1.69, 1.69, 1.69, 1.69, 273928, 4.63, 91, 229783, 83.88
VDEAL, SM, 14-Aug-2026, 165.00, 165.50, 165.50, 158.00, 158.00, 158.00, 160.80, 4200, 6.75, 6, 4200, 100.00
VEDL, EQ, 14-Aug-2026, 271.10, 270.00, 271.10, 266.55, 267.50, 267.50, 268.47, 10612499, 28491.74, 68621, 5030875, 47.41
VEDPOWER, EQ, 14-Aug-2026, 36.88, 36.72, 37.02, 36.38, 36.50, 36.54, 36.61, 10410449, 3810.78, 30639, 5876742, 56.45
VEEDOL, EQ, 14-Aug-2026, 1497.90, 1505.30, 1530.00, 1490.20, 1507.80, 1512.90, 1507.23, 12636, 190.45, 1490, 7245, 57.34
VEEKAYEM, SM, 14-Aug-2026, 120.00, 114.05, 114.05, 114.00, 114.00, 114.00, 114.01, 2000, 2.28, 4, 2000, 100.00
VELJAN, BE, 14-Aug-2026, 1801.40, 1814.40, 1880.00, 1780.00, 1780.00, 1824.30, 1834.80, 533, 9.78, 56, -, -
VENKEYS, EQ, 14-Aug-2026, 1523.00, 1536.50, 1563.30, 1517.70, 1532.00, 1528.00, 1537.65, 57364, 882.06, 4654, 25673, 44.75
VENTIVE, EQ, 14-Aug-2026, 588.45, 586.00, 600.65, 579.00, 594.40, 582.95, 585.86, 44523, 260.84, 1802, 32995, 74.11
VENUSPIPES, EQ, 14-Aug-2026, 1579.80, 1583.10, 1592.30, 1560.40, 1568.20, 1577.30, 1574.27, 39532, 622.34, 3436, 23525, 59.51
VENUSREM, BE, 14-Aug-2026, 1729.30, 1815.70, 1815.70, 1750.00, 1780.00, 1782.10, 1794.70, 61640, 1106.25, 1891, -, -
VERANDA, EQ, 14-Aug-2026, 242.80, 243.40, 249.90, 239.45, 246.00, 245.90, 245.17, 253260, 620.92, 5958, 95656, 37.77
VERTIS, IV, 14-Aug-2026, 115.00, 115.00, 117.00, 115.00, 116.00, 116.00, 116.31, 400000, 465.25, 10, 400000, 100.00
VERTOZ, BE, 14-Aug-2026, 35.99, 36.40, 36.40, 35.00, 35.84, 35.58, 35.83, 62958, 22.56, 210, -, -
VESUVIUS, EQ, 14-Aug-2026, 440.00, 440.00, 445.70, 429.35, 433.00, 431.55, 436.94, 66857, 292.13, 4096, 36132, 54.04
VETO, BE, 14-Aug-2026, 124.13, 125.95, 127.00, 122.20, 124.00, 123.88, 124.73, 25788, 32.17, 235, -, -
VGINFOTECH, SM, 14-Aug-2026, 155.00, 155.10, 157.00, 151.75, 156.95, 156.95, 155.18, 12000, 18.62, 12, 8000, 66.67
VGL, EQ, 14-Aug-2026, 59.89, 60.18, 60.18, 57.15, 58.99, 58.66, 58.69, 11808, 6.93, 456, 9289, 78.67
VGUARD, EQ, 14-Aug-2026, 331.70, 330.80, 334.20, 325.25, 325.50, 326.75, 330.21, 410582, 1355.79, 7650, 245480, 59.79
VHL, EQ, 14-Aug-2026, 3454.90, 3500.00, 3535.00, 3420.00, 3425.00, 3439.00, 3453.49, 488, 16.85, 129, 326, 66.80
VHLTD, BE, 14-Aug-2026, 131.72, 133.50, 133.50, 125.14, 125.14, 125.14, 128.06, 44049, 56.41, 141, -, -
VIAZ, SM, 14-Aug-2026, 66.50, 66.50, 69.80, 66.50, 69.20, 69.20, 68.19, 16000, 10.91, 6, 14000, 87.50
VICTORYEV, ST, 14-Aug-2026, 16.90, 16.10, 16.90, 16.10, 16.15, 16.15, 16.33, 21000, 3.43, 7, 18000, 85.71
VIDHIING, EQ, 14-Aug-2026, 307.40, 310.95, 311.35, 305.50, 310.00, 309.90, 309.52, 40855, 126.46, 829, 34016, 83.26
VIDYAWIRES, EQ, 14-Aug-2026, 88.17, 88.00, 91.00, 87.00, 89.41, 89.45, 88.94, 1382877, 1229.95, 12618, 631380, 45.66
VIESL, SM, 14-Aug-2026, 307.50, 297.35, 313.85, 297.35, 306.35, 311.05, 306.51, 21600, 66.21, 22, 18400, 85.19
VIGOR, ST, 14-Aug-2026, 87.00, 88.20, 90.95, 88.20, 90.95, 90.95, 89.68, 12800, 11.48, 8, 12800, 100.00
VIJAYA, EQ, 14-Aug-2026, 1486.50, 1479.00, 1508.00, 1465.00, 1467.20, 1474.10, 1485.26, 130438, 1937.35, 13436, 51952, 39.83
VIJAYPD, SM, 14-Aug-2026, 62.95, 63.00, 63.00, 57.10, 57.10, 58.55, 59.45, 10000, 5.95, 5, 8000, 80.00
VIJIFIN, BE, 14-Aug-2026, 12.15, 12.39, 12.39, 12.39, 12.39, 12.39, 12.39, 64653, 8.01, 59, -, -
VIKASECO, EQ, 14-Aug-2026, 1.11, 1.12, 1.12, 1.09, 1.10, 1.09, 1.10, 2365506, 26.13, 1324, 1744255, 73.74
VIKASLIFE, EQ, 14-Aug-2026, 1.25, 1.26, 1.26, 1.24, 1.24, 1.25, 1.25, 2450513, 30.72, 8700, 1314586, 53.65
VIKRAMSOLR, EQ, 14-Aug-2026, 163.46, 163.46, 163.99, 158.92, 160.50, 160.15, 160.54, 1545227, 2480.78, 18601, 686563, 44.43
VIKRAN, EQ, 14-Aug-2026, 65.16, 65.30, 65.49, 61.53, 62.30, 62.22, 62.89, 2288798, 1439.39, 13334, 1083687, 47.35
VILAS, SM, 14-Aug-2026, 350.10, 350.00, 389.95, 347.00, 373.95, 374.15, 370.49, 46500, 172.28, 164, 30500, 65.59
VILINBIO, SM, 14-Aug-2026, 41.90, 43.50, 43.50, 43.50, 43.50, 43.50, 43.50, 4000, 1.74, 1, 4000, 100.00
VIMTALABS, EQ, 14-Aug-2026, 633.20, 633.20, 639.10, 612.05, 618.00, 617.00, 620.39, 126069, 782.13, 5738, 62209, 49.35
VINATIORGA, EQ, 14-Aug-2026, 1344.60, 1343.90, 1349.90, 1332.00, 1345.00, 1338.30, 1340.36, 33228, 445.38, 3340, 16914, 50.90
VINCOFE, EQ, 14-Aug-2026, 146.65, 146.50, 152.00, 145.89, 148.60, 148.05, 149.23, 2245773, 3351.36, 17489, 801388, 35.68
VINDHYATEL, EQ, 14-Aug-2026, 2460.40, 2431.00, 2471.90, 2375.00, 2410.00, 2401.60, 2406.75, 47655, 1146.93, 5516, 25349, 53.19
VINEETLAB, EQ, 14-Aug-2026, 38.44, 40.00, 40.00, 37.02, 37.77, 37.29, 37.47, 63735, 23.88, 443, 51241, 80.40
VINNY, EQ, 14-Aug-2026, 1.06, 1.06, 1.08, 1.05, 1.07, 1.06, 1.06, 526934, 5.61, 355, 342059, 64.91
VINSYS, ST, 14-Aug-2026, 569.25, 570.00, 579.00, 570.00, 579.00, 579.00, 574.42, 3500, 20.10, 9, 3500, 100.00
VINYAS, SM, 14-Aug-2026, 1320.15, 1330.00, 1400.10, 1275.00, 1351.00, 1383.55, 1348.11, 17800, 239.96, 112, 12800, 71.91
VINYLINDIA, EQ, 14-Aug-2026, 240.46, 234.00, 242.84, 233.00, 238.00, 238.64, 238.31, 4311, 10.27, 202, 2816, 65.32
VIPCLOTHNG, BE, 14-Aug-2026, 20.60, 20.23, 20.33, 19.90, 20.21, 20.14, 20.04, 103405, 20.72, 155, -, -
VIPIND, EQ, 14-Aug-2026, 307.70, 306.70, 309.00, 298.70, 300.00, 299.80, 301.37, 254156, 765.95, 3947, 146849, 57.78
VIPULLTD, BE, 14-Aug-2026, 14.02, 14.30, 14.30, 14.30, 14.30, 14.30, 14.30, 1308863, 187.17, 104, -, -
VIRINCHI, EQ, 14-Aug-2026, 15.17, 15.10, 15.66, 14.75, 14.91, 14.88, 15.02, 59473, 8.94, 311, 44419, 74.69
VISACHROME, BE, 14-Aug-2026, 37.29, 37.46, 37.85, 36.13, 37.85, 36.89, 36.77, 12683, 4.66, 69, -, -
VISAKAIND, EQ, 14-Aug-2026, 95.51, 95.60, 98.48, 95.00, 95.20, 95.46, 96.32, 232565, 224.01, 2417, 90006, 38.70
VISDEM, SM, 14-Aug-2026, 85.00, 84.90, 85.85, 84.60, 85.85, 85.85, 85.12, 3600, 3.06, 3, 1200, 33.33
VISHNU, EQ, 14-Aug-2026, 600.25, 604.00, 609.40, 595.90, 608.00, 608.10, 604.22, 73188, 442.21, 3195, 44106, 60.26
VISHNUINFR, SM, 14-Aug-2026, 152.55, 152.35, 154.35, 148.00, 148.00, 149.80, 149.93, 8000, 11.99, 14, 7500, 93.75
VISHWARAJ, EQ, 14-Aug-2026, 5.45, 5.35, 5.48, 5.26, 5.34, 5.29, 5.36, 250320, 13.41, 759, 200739, 80.19
VISL, EQ, 14-Aug-2026, 38.79, 38.80, 39.20, 36.86, 36.94, 36.87, 37.29, 26082607, 9726.90, 59377, 13333844, 51.12
VITAL, BE, 14-Aug-2026, 53.55, 54.60, 54.60, 54.50, 54.50, 54.50, 54.51, 6000, 3.27, 8, -, -
VIVIANA, BE, 14-Aug-2026, 702.75, 723.90, 723.90, 692.00, 706.95, 700.75, 706.60, 10588, 74.82, 240, -, -
VIVIDEL, ST, 14-Aug-2026, 1492.15, 1499.00, 1566.75, 1499.00, 1566.75, 1566.75, 1552.29, 18480, 286.86, 72, 16560, 89.61
VIVIDHA, EQ, 14-Aug-2026, 0.55, 0.58, 0.58, 0.53, 0.56, 0.54, 0.55, 173693, 0.96, 145, 95005, 54.70
VIVIMEDLAB, BE, 14-Aug-2026, 4.96, 4.85, 5.09, 4.85, 4.95, 4.91, 4.91, 38513, 1.89, 91, -, -
VIVO, SM, 14-Aug-2026, 138.50, 145.40, 145.40, 145.40, 145.40, 145.40, 145.40, 3200, 4.65, 2, 3200, 100.00
VIYASH, EQ, 14-Aug-2026, 266.30, 267.80, 271.40, 255.00, 255.50, 255.65, 259.60, 2194311, 5696.44, 28701, 1482343, 67.55
VLEGOV, BE, 14-Aug-2026, 10.12, 9.92, 9.92, 9.92, 9.92, 9.92, 9.92, 102058, 10.12, 177, -, -
VLINFRA, SM, 14-Aug-2026, 27.05, 27.00, 27.00, 25.75, 25.85, 25.85, 26.20, 4500, 1.18, 3, 3000, 66.67
VLSFINANCE, EQ, 14-Aug-2026, 265.15, 269.00, 269.00, 257.20, 259.40, 259.15, 260.56, 6173, 16.08, 281, 3542, 57.38
VMARCIND, SM, 14-Aug-2026, 346.80, 355.00, 370.00, 350.50, 364.90, 365.80, 365.04, 438000, 1598.86, 277, 231000, 52.74
VMART, EQ, 14-Aug-2026, 807.30, 805.00, 810.80, 797.20, 802.00, 807.50, 807.19, 68695, 554.50, 11199, 36737, 53.48
VMM, EQ, 14-Aug-2026, 107.00, 107.00, 107.28, 105.05, 105.20, 105.20, 105.75, 4906421, 5188.44, 43921, 2739040, 55.83
VMOBILE, SM, 14-Aug-2026, 68.00, 67.00, 69.00, 67.00, 67.50, 67.50, 67.68, 4800, 3.25, 6, 3200, 66.67
VMSTMT, EQ, 14-Aug-2026, 51.42, 52.99, 53.05, 51.11, 51.39, 51.36, 52.02, 211486, 110.02, 661, 55315, 26.16
VOEPL, EQ, 14-Aug-2026, 499.05, 501.00, 511.95, 489.50, 509.80, 506.00, 501.97, 116930, 586.95, 3848, 60309, 51.58
VOGL, EQ, 14-Aug-2026, 37.85, 37.98, 37.99, 36.93, 37.21, 37.14, 37.27, 22132913, 8248.41, 41356, 8370150, 37.82
VOLTAMP, EQ, 14-Aug-2026, 10039.50, 10054.00, 10267.00, 10001.00, 10076.00, 10141.00, 10144.32, 36544, 3707.14, 10567, 16049, 43.92
VOLTAS, EQ, 14-Aug-2026, 1289.50, 1292.00, 1347.50, 1290.00, 1320.50, 1320.50, 1321.88, 2374305, 31385.42, 63275, 606009, 25.52
VPRPL, EQ, 14-Aug-2026, 34.97, 33.40, 36.00, 32.40, 33.27, 32.86, 33.53, 1434355, 480.95, 6422, 684415, 47.72
VR, SM, 14-Aug-2026, 144.30, 151.30, 151.30, 151.30, 151.30, 151.30, 151.30, 400, 0.61, 1, 400, 100.00
VRAJ, EQ, 14-Aug-2026, 123.96, 122.17, 124.99, 122.17, 123.10, 122.97, 123.00, 10520, 12.94, 370, 5648, 53.69
VRLLOG, EQ, 14-Aug-2026, 301.65, 298.90, 303.25, 295.00, 297.00, 296.30, 298.03, 137124, 408.67, 6665, 77386, 56.44
VSCL, SM, 14-Aug-2026, 22.80, 23.85, 23.90, 23.85, 23.90, 23.90, 23.88, 9000, 2.15, 3, 6000, 66.67
VSSL, EQ, 14-Aug-2026, 327.15, 327.50, 356.00, 327.50, 355.45, 353.35, 348.28, 784785, 2733.22, 15155, 226902, 28.91
VSTIND, EQ, 14-Aug-2026, 217.27, 217.17, 218.50, 215.12, 215.65, 215.44, 216.52, 168118, 364.01, 3621, 105756, 62.91
VSTL, EQ, 14-Aug-2026, 106.88, 107.46, 108.50, 106.81, 108.49, 107.91, 107.46, 10513, 11.30, 360, 6981, 66.40
VSTTILLERS, EQ, 14-Aug-2026, 4601.40, 4645.80, 4709.00, 4463.80, 4529.90, 4511.60, 4579.54, 31054, 1422.13, 6417, 13989, 45.05
VTL, EQ, 14-Aug-2026, 590.85, 590.00, 596.55, 589.80, 590.65, 590.60, 592.18, 79833, 472.75, 8686, 43645, 54.67
WAAREEENER, EQ, 14-Aug-2026, 2687.00, 2703.90, 2703.90, 2660.10, 2682.00, 2682.00, 2674.23, 372863, 9971.22, 27195, 148331, 39.78
WAAREEINDO, EQ, 14-Aug-2026, 298.50, 297.95, 300.95, 292.50, 298.00, 297.25, 295.85, 82694, 244.65, 2587, 50774, 61.40
WAAREERTL, EQ, 14-Aug-2026, 891.70, 888.00, 895.95, 887.25, 890.00, 891.55, 890.16, 83960, 747.38, 6396, 47444, 56.51
WABAG, EQ, 14-Aug-2026, 1885.60, 1895.00, 1985.00, 1895.00, 1912.00, 1904.60, 1942.24, 571284, 11095.73, 40177, 201133, 35.21
WAKEFIT, EQ, 14-Aug-2026, 122.37, 122.90, 122.90, 121.00, 121.45, 121.38, 121.52, 432281, 525.30, 3249, 156563, 36.22
WALCHANNAG, EQ, 14-Aug-2026, 225.56, 225.99, 230.49, 222.98, 226.50, 224.80, 225.76, 449818, 1015.50, 7165, 189348, 42.09
WANBURY, EQ, 14-Aug-2026, 251.10, 250.00, 263.00, 248.15, 257.00, 261.35, 259.21, 341962, 886.39, 6354, 136126, 39.81
WCIL, EQ, 14-Aug-2026, 88.23, 88.49, 89.20, 86.18, 86.30, 86.55, 87.21, 42011, 36.64, 832, 24776, 58.98
WEALTH, EQ, 14-Aug-2026, 912.70, 912.70, 912.70, 895.00, 908.85, 902.15, 906.54, 2189, 19.84, 339, 1781, 81.36
WEBELSOLAR, EQ, 14-Aug-2026, 87.10, 86.81, 86.81, 84.32, 84.99, 85.10, 85.46, 1628457, 1391.73, 12911, 1033621, 63.47
WEIZMANIND, EQ, 14-Aug-2026, 78.05, 79.90, 79.90, 77.25, 78.77, 77.38, 78.84, 578, 0.46, 21, 369, 63.84
WEL, EQ, 14-Aug-2026, 140.00, 141.45, 149.00, 141.09, 144.00, 145.05, 145.56, 1044448, 1520.32, 9589, 366624, 35.10
WELCORP, EQ, 14-Aug-2026, 1883.90, 1889.80, 1896.00, 1854.30, 1868.00, 1873.30, 1886.52, 554562, 10461.90, 32095, 337804, 60.91
WELENT, EQ, 14-Aug-2026, 568.25, 568.25, 568.25, 557.10, 560.10, 561.70, 561.28, 122164, 685.68, 5662, 70339, 57.58
WELINV, BE, 14-Aug-2026, 1875.00, 1968.00, 1968.00, 1848.00, 1848.00, 1848.00, 1940.62, 126, 2.45, 19, -, -
WELSPLSOL, EQ, 14-Aug-2026, 48.19, 48.59, 48.60, 47.75, 47.76, 47.96, 48.09, 113306, 54.49, 1046, 74441, 65.70
WELSPUNLIV, EQ, 14-Aug-2026, 159.83, 170.00, 178.00, 162.84, 164.10, 164.06, 171.55, 73543291, 126160.88, 379103, 6012069, 8.17
WENDT, EQ, 14-Aug-2026, 7985.00, 7961.00, 8130.00, 7905.50, 7946.00, 7932.00, 7994.77, 2611, 208.74, 871, 1405, 53.81
WESTLIFE, EQ, 14-Aug-2026, 588.75, 592.00, 597.75, 576.25, 581.00, 582.90, 589.39, 38967, 229.67, 3950, 11879, 30.48
WEWIN, BE, 14-Aug-2026, 46.50, 46.03, 46.50, 46.00, 46.50, 46.17, 46.18, 924, 0.43, 8, -, -
WEWORK, EQ, 14-Aug-2026, 719.50, 713.65, 726.80, 699.70, 709.95, 708.50, 709.65, 358599, 2544.80, 20672, 200699, 55.97
WHEELS, EQ, 14-Aug-2026, 1353.60, 1356.00, 1447.00, 1355.00, 1437.00, 1435.60, 1421.66, 178607, 2539.19, 12153, 74503, 41.71
WHIRLPOOL, EQ, 14-Aug-2026, 784.80, 785.00, 792.45, 777.00, 779.50, 778.90, 783.48, 82859, 649.18, 6492, 45553, 54.98
WILLAMAGOR, EQ, 14-Aug-2026, 25.98, 25.58, 25.58, 24.52, 24.90, 25.06, 25.05, 6216, 1.56, 60, 5202, 83.69
WINDLAS, EQ, 14-Aug-2026, 949.50, 948.20, 970.00, 941.15, 950.00, 949.45, 952.29, 143016, 1361.92, 7172, 82032, 57.36
WINDMACHIN, EQ, 14-Aug-2026, 300.10, 300.00, 304.80, 295.00, 300.00, 302.55, 298.96, 41354, 123.63, 1408, 22714, 54.93
WINSOL, SM, 14-Aug-2026, 116.00, 116.00, 116.00, 106.00, 110.80, 110.80, 109.66, 13200, 14.48, 30, 8400, 63.64
WIPL, EQ, 14-Aug-2026, 167.19, 170.90, 170.90, 167.81, 167.81, 167.98, 168.18, 24, 0.04, 6, 22, 91.67
WIPRO, EQ, 14-Aug-2026, 183.10, 183.55, 185.84, 183.10, 184.00, 184.00, 184.39, 7366162, 13582.14, 54338, 2826623, 38.37
WOCKPHARMA, EQ, 14-Aug-2026, 1912.90, 1916.00, 1959.30, 1908.10, 1932.50, 1932.70, 1938.40, 480219, 9308.58, 22914, 177131, 36.89
WOL3D, ST, 14-Aug-2026, 137.65, 143.50, 144.50, 143.50, 144.50, 144.50, 144.33, 12000, 17.32, 9, 11000, 91.67
WOMANCART, SM, 14-Aug-2026, 93.65, 93.05, 107.00, 93.00, 101.55, 101.80, 102.39, 110800, 113.45, 189, 80800, 72.92
WONDERLA, EQ, 14-Aug-2026, 470.85, 469.05, 475.40, 466.45, 467.00, 468.25, 471.88, 84053, 396.63, 9384, 51853, 61.69
WORTHPERI, EQ, 14-Aug-2026, 151.56, 152.00, 155.39, 152.00, 152.60, 154.50, 153.96, 10235, 15.76, 200, 8012, 78.28
WPIL, EQ, 14-Aug-2026, 420.40, 420.90, 428.45, 415.00, 421.00, 418.25, 420.10, 44872, 188.51, 2555, 22381, 49.88
WSI, EQ, 14-Aug-2026, 57.78, 58.28, 61.85, 57.92, 60.59, 59.65, 59.79, 161661, 96.66, 3106, 57697, 35.69
WSTCSTPAPR, EQ, 14-Aug-2026, 606.10, 609.70, 616.45, 604.65, 611.00, 611.35, 609.09, 192328, 1171.45, 6823, 102725, 53.41
WTICAB, SM, 14-Aug-2026, 111.65, 112.00, 114.00, 108.00, 108.95, 108.60, 110.13, 11500, 12.66, 19, 9000, 78.26
XCHANGING, EQ, 14-Aug-2026, 65.74, 64.68, 64.74, 63.21, 64.11, 63.88, 63.86, 103831, 66.30, 1270, 62901, 60.58
XELPMOC, EQ, 14-Aug-2026, 81.03, 80.63, 83.00, 80.00, 81.31, 82.25, 81.68, 2476, 2.02, 131, 1923, 77.67
XPROINDIA, EQ, 14-Aug-2026, 1115.60, 1125.20, 1134.50, 1082.50, 1110.00, 1097.00, 1098.27, 27398, 300.90, 2533, 14234, 51.95
XTGLOBAL, EQ, 14-Aug-2026, 31.68, 31.51, 31.55, 30.61, 30.80, 30.71, 30.80, 34773, 10.71, 514, 6661, 19.16
XTRANET, EQ, 14-Aug-2026, 150.40, 148.50, 176.78, 148.50, 173.00, 172.50, 167.98, 2182519, 3666.23, 32496, 534893, 24.51
YAAP, SM, 14-Aug-2026, 144.00, 143.05, 143.05, 139.00, 142.75, 142.75, 141.67, 19000, 26.92, 14, 17000, 89.47
YASHO, EQ, 14-Aug-2026, 4276.50, 4276.50, 4445.00, 4157.30, 4210.00, 4215.70, 4307.16, 49724, 2141.69, 6176, 28979, 58.28
YATHARTH, EQ, 14-Aug-2026, 845.10, 845.10, 849.90, 824.00, 849.80, 844.70, 836.81, 286086, 2393.99, 16662, 121674, 42.53
YATRA, EQ, 14-Aug-2026, 116.11, 117.48, 119.44, 110.71, 113.70, 114.01, 114.07, 3517860, 4012.77, 22079, 1232801, 35.04
YCCL, SM, 14-Aug-2026, 9.65, 9.65, 9.65, 9.65, 9.65, 9.65, 9.65, 3000, 0.29, 1, 3000, 100.00
YESBANK, EQ, 14-Aug-2026, 22.98, 22.98, 23.00, 22.67, 22.67, 22.67, 22.82, 38939042, 8885.48, 51828, 21806233, 56.00
YUKEN, EQ, 14-Aug-2026, 845.65, 845.65, 869.00, 833.05, 855.30, 853.20, 856.75, 7707, 66.03, 637, 5467, 70.94
ZAGGLE, EQ, 14-Aug-2026, 201.04, 201.40, 203.76, 199.76, 201.50, 200.59, 200.95, 778513, 1564.46, 8919, 468360, 60.16
ZEEL, EQ, 14-Aug-2026, 96.75, 97.00, 104.74, 95.46, 102.00, 102.28, 102.30, 111249116, 113809.54, 312925, 25911414, 23.29
ZEELEARN, BE, 14-Aug-2026, 8.31, 8.47, 8.47, 8.05, 8.19, 8.13, 8.16, 258716, 21.12, 419, -, -
ZEEMEDIA, EQ, 14-Aug-2026, 8.58, 9.39, 9.85, 8.88, 9.42, 9.63, 9.41, 51464754, 4843.24, 140108, 14014157, 27.23
ZENITHDRUG, SM, 14-Aug-2026, 43.40, 43.00, 44.65, 43.00, 44.65, 44.65, 43.41, 3200, 1.39, 4, 3200, 100.00
ZENITHEXPO, EQ, 14-Aug-2026, 226.60, 226.60, 226.60, 215.27, 215.27, 215.27, 216.82, 240, 0.52, 19, 160, 66.67
ZENITHSTL, EQ, 14-Aug-2026, 5.54, 5.61, 5.61, 5.46, 5.54, 5.59, 5.54, 60255, 3.34, 154, 57828, 95.97
ZENSARTECH, EQ, 14-Aug-2026, 498.65, 498.65, 501.70, 490.00, 491.40, 490.80, 491.97, 573135, 2819.65, 19425, 273810, 47.77
ZENTEC, EQ, 14-Aug-2026, 1831.80, 1832.40, 1878.50, 1831.80, 1855.00, 1857.20, 1857.64, 410906, 7633.14, 27723, 177085, 43.10
ZFCVINDIA, EQ, 14-Aug-2026, 2616.20, 2616.20, 2647.60, 2608.00, 2625.00, 2636.70, 2633.29, 66941, 1762.75, 8022, 45512, 67.99
ZFSTEERING, EQ, 14-Aug-2026, 668.15, 667.90, 674.65, 658.15, 660.25, 662.75, 666.80, 1616, 10.78, 137, 1003, 62.07
ZIMLAB, BE, 14-Aug-2026, 109.74, 108.00, 110.99, 106.11, 107.00, 107.55, 108.22, 28778, 31.14, 161, -, -
ZODIAC, EQ, 14-Aug-2026, 269.65, 270.45, 294.80, 263.00, 265.25, 266.90, 278.56, 97594, 271.86, 3763, 56698, 58.10
ZODIACLOTH, EQ, 14-Aug-2026, 77.00, 76.50, 76.50, 75.00, 75.20, 75.21, 75.34, 3364, 2.53, 80, 2588, 76.93
ZOTA, EQ, 14-Aug-2026, 1241.30, 1231.30, 1236.10, 1050.30, 1135.00, 1131.30, 1139.72, 399730, 4555.80, 22905, 182391, 45.63
ZSARACOM, EQ, 14-Aug-2026, 12388.00, 12793.00, 12977.00, 12000.00, 12200.00, 12143.00, 12584.01, 234, 29.45, 103, 73, 31.20
ZTECH, SM, 14-Aug-2026, 519.00, 505.00, 544.00, 480.00, 525.00, 528.50, 507.76, 78600, 399.10, 198, 49200, 62.60
ZUARI, EQ, 14-Aug-2026, 220.92, 221.40, 222.00, 219.52, 221.00, 220.58, 220.77, 43233, 95.45, 1382, 23497, 54.35
ZUARIIND, EQ, 14-Aug-2026, 259.05, 255.00, 259.00, 252.40, 257.25, 257.80, 255.86, 25986, 66.49, 878, 17860, 68.73
ZYDUSLIFE, EQ, 14-Aug-2026, 1167.30, 1168.90, 1173.30, 1135.20, 1135.20, 1135.20, 1151.97, 804336, 9265.71, 27287, 366758, 45.60
ZYDUSWELL, EQ, 14-Aug-2026, 505.45, 505.95, 513.00, 504.00, 510.00, 510.30, 508.63, 116874, 594.45, 6565, 52806, 45.18
