SYMBOL, SERIES, DATE1, PREV_CLOSE, OPEN_PRICE, HIGH_PRICE, LOW_PRICE, LAST_PRICE, CLOSE_PRICE, AVG_PRICE, TTL_TRD_QNTY, TURNOVER_LACS, NO_OF_TRADES, DELIV_QTY, DELIV_PER
20MICRONS, EQ, 25-Sep-2026, 213.87, 215.01, 219.80, 212.78, 217.55, 217.58, 216.90, 101345, 219.81, 2985, 35886, 35.41
21STCENMGM, EQ, 25-Sep-2026, 39.77, 40.16, 40.39, 39.00, 39.95, 39.87, 39.59, 4675, 1.85, 49, 3361, 71.89
360ONE, EQ, 25-Sep-2026, 1080.80, 1080.00, 1087.90, 1062.30, 1073.00, 1073.00, 1073.39, 738050, 7922.18, 36597, 438430, 59.40
3BBLACKBIO, EQ, 25-Sep-2026, 1406.00, 1398.30, 1473.90, 1381.00, 1473.00, 1456.20, 1415.90, 8013, 113.46, 1282, 3833, 47.83
3IINFOLTD, BE, 25-Sep-2026, 24.96, 24.94, 25.50, 23.90, 24.40, 24.35, 24.38, 233223, 56.85, 818, -, -
3MINDIA, EQ, 25-Sep-2026, 34590.00, 34595.00, 34595.00, 33800.00, 33800.00, 33925.00, 34030.56, 2731, 929.37, 1239, 1208, 44.23
3PLAND, EQ, 25-Sep-2026, 30.52, 29.42, 31.20, 29.42, 30.99, 30.99, 30.28, 2653, 0.80, 98, 1894, 71.39
574GS2026, GS, 25-Sep-2026, 102.05, 101.51, 102.49, 101.51, 102.49, 102.49, 102.00, 404, 0.41, 4, 202, 50.00
591GS2028, GS, 25-Sep-2026, 99.55, 99.55, 99.55, 99.55, 99.55, 99.55, 99.55, 20, 0.02, 1, 20, 100.00
5PAISA, EQ, 25-Sep-2026, 308.40, 310.00, 315.00, 305.00, 307.10, 308.90, 309.05, 27267, 84.27, 1181, 13357, 48.99
603GS2029, GS, 25-Sep-2026, 99.25, 99.25, 99.25, 99.25, 99.25, 99.25, 99.25, 200, 0.20, 1, 200, 100.00
610GS2031, GS, 25-Sep-2026, 99.99, 99.99, 99.99, 99.99, 99.99, 99.99, 99.99, 1, 0.00, 1, 1, 100.00
63MOONS, EQ, 25-Sep-2026, 862.90, 867.50, 877.60, 851.35, 856.00, 857.65, 862.41, 180556, 1557.13, 8227, 95060, 52.65
648GS2035, GS, 25-Sep-2026, 97.90, 97.90, 97.90, 97.90, 97.90, 97.90, 97.90, 101, 0.10, 3, 101, 100.00
653GS2031, GS, 25-Sep-2026, 98.01, 98.01, 98.02, 98.01, 98.02, 98.02, 98.02, 200, 0.20, 2, 200, 100.00
654GS2032, GS, 25-Sep-2026, 99.00, 98.28, 98.28, 98.28, 98.28, 98.28, 98.28, 2542, 2.50, 2, 2542, 100.00
667GS2050, GS, 25-Sep-2026, 93.51, 93.50, 93.50, 93.20, 93.20, 93.20, 93.48, 53, 0.05, 2, 53, 100.00
668GS2033, GS, 25-Sep-2026, 98.50, 98.21, 99.00, 98.21, 98.80, 98.80, 98.66, 1500, 1.48, 4, 1000, 66.67
668GS2040, GS, 25-Sep-2026, 97.10, 94.71, 98.00, 94.71, 98.00, 98.00, 97.81, 86906, 85.00, 9, 85521, 98.41
676GS2061, GS, 25-Sep-2026, 89.74, 90.00, 90.00, 89.49, 89.49, 89.49, 89.50, 25657, 22.96, 26, 25657, 100.00
679GS2034A, GS, 25-Sep-2026, 99.01, 97.03, 97.03, 97.03, 97.03, 97.03, 97.03, 100, 0.10, 1, 100, 100.00
68GS2060, GS, 25-Sep-2026, 91.50, 92.20, 92.20, 91.50, 91.65, 91.60, 91.60, 415, 0.38, 12, 413, 99.52
690GS2065, GS, 25-Sep-2026, 93.33, 93.94, 93.94, 93.11, 93.83, 93.83, 93.68, 1355, 1.27, 11, 1354, 99.93
694GS2036, GS, 25-Sep-2026, 101.09, 101.09, 101.09, 101.09, 101.09, 101.09, 101.09, 200, 0.20, 2, 200, 100.00
695GS2061, GS, 25-Sep-2026, 93.25, 93.25, 93.30, 93.25, 93.25, 93.25, 93.27, 3, 0.00, 3, 2, 66.67
698GR2054, GS, 25-Sep-2026, 94.50, 91.70, 91.75, 91.70, 91.75, 91.75, 91.73, 300, 0.28, 3, 300, 100.00
699GS2051, GS, 25-Sep-2026, 93.87, 96.75, 96.75, 95.50, 95.50, 95.50, 95.70, 8213, 7.86, 7, 8209, 99.95
702GS2027, GS, 25-Sep-2026, 102.21, 102.25, 102.25, 102.25, 102.25, 102.25, 102.25, 800, 0.82, 1, 800, 100.00
704GS2029, GS, 25-Sep-2026, 102.66, 103.50, 103.50, 103.50, 103.50, 103.50, 103.50, 4, 0.00, 1, 4, 100.00
706GS2028, GS, 25-Sep-2026, 103.75, 103.50, 103.50, 103.50, 103.50, 103.50, 103.50, 1, 0.00, 1, 1, 100.00
706GS2041, GS, 25-Sep-2026, 99.10, 99.10, 100.75, 99.10, 100.70, 100.70, 99.24, 229, 0.23, 4, 219, 95.63
709GS2054, GS, 25-Sep-2026, 95.50, 95.20, 95.20, 95.10, 95.10, 95.10, 95.14, 1355, 1.29, 4, 1355, 100.00
709GS2074, GS, 25-Sep-2026, 94.95, 95.00, 95.39, 94.85, 95.11, 95.11, 95.19, 3576, 3.40, 15, 3576, 100.00
710GS2029, GS, 25-Sep-2026, 103.50, 104.01, 104.49, 104.01, 104.49, 104.49, 104.32, 1501, 1.57, 3, 960, 63.96
717GS2030, GS, 25-Sep-2026, 103.26, 104.25, 104.26, 104.25, 104.26, 104.26, 104.25, 6401, 6.67, 4, 6401, 100.00
718GS2037, GS, 25-Sep-2026, 101.72, 102.50, 102.50, 101.75, 101.90, 101.93, 101.86, 25057, 25.52, 27, 23049, 91.99
719GS2060, GS, 25-Sep-2026, 95.20, 95.20, 95.20, 95.20, 95.20, 95.20, 95.20, 5000, 4.76, 8, 5000, 100.00
71GS2034, GS, 25-Sep-2026, 103.75, 104.45, 104.45, 102.34, 103.95, 103.95, 102.36, 303, 0.31, 5, 300, 99.01
724GS2055, GS, 25-Sep-2026, 96.75, 96.85, 96.97, 96.55, 96.55, 96.55, 96.57, 1603, 1.55, 10, 1602, 99.94
725GS2063, GS, 25-Sep-2026, 96.82, 97.00, 97.00, 96.40, 96.65, 96.65, 96.64, 83370, 80.57, 85, 83270, 99.88
726GS2032, GS, 25-Sep-2026, 107.10, 101.75, 107.10, 101.75, 104.04, 104.04, 103.92, 13, 0.01, 5, 11, 84.62
732GS2030, GS, 25-Sep-2026, 103.55, 103.55, 103.55, 103.55, 103.55, 103.55, 103.55, 850, 0.88, 2, 850, 100.00
733GS2026, GS, 25-Sep-2026, 102.40, 102.50, 102.60, 102.40, 102.60, 102.60, 102.55, 4350, 4.46, 8, 4350, 100.00
734GS2064, GS, 25-Sep-2026, 98.95, 98.51, 99.00, 98.51, 98.85, 98.85, 98.83, 177887, 175.80, 43, 174297, 97.98
736GS2052, GS, 25-Sep-2026, 96.60, 98.50, 98.50, 98.00, 98.00, 98.00, 98.27, 55, 0.05, 2, 55, 100.00
737GS2028, GS, 25-Sep-2026, 104.10, 104.00, 105.98, 104.00, 105.98, 105.98, 104.99, 797, 0.84, 3, 797, 100.00
738GS2027, GS, 25-Sep-2026, 102.60, 102.25, 102.86, 102.25, 102.85, 102.54, 102.50, 165751, 169.90, 17, 165751, 100.00
73GS2053, GS, 25-Sep-2026, 98.60, 98.42, 98.42, 98.37, 98.38, 98.37, 98.42, 2889, 2.84, 17, 2889, 100.00
741GS2036, GS, 25-Sep-2026, 103.50, 100.91, 104.30, 100.91, 104.10, 104.10, 103.62, 3203, 3.32, 11, 3202, 99.97
743GS2076, GS, 25-Sep-2026, 98.25, 99.20, 99.20, 98.01, 98.02, 98.17, 98.12, 48997, 48.07, 81, 45738, 93.35
746GS2073, GS, 25-Sep-2026, 103.99, 107.00, 107.00, 107.00, 107.00, 107.00, 107.00, 1, 0.00, 1, 1, 100.00
74GS2062, GS, 25-Sep-2026, 98.00, 98.00, 99.90, 98.00, 99.80, 99.80, 99.43, 2149, 2.14, 6, 2149, 100.00
750GS2056, GS, 25-Sep-2026, 102.00, 102.45, 102.45, 102.45, 102.45, 102.45, 102.45, 2000, 2.05, 3, 2000, 100.00
754GS2036, GS, 25-Sep-2026, 105.10, 105.02, 105.50, 105.02, 105.20, 105.16, 105.25, 352635, 371.14, 186, 327604, 92.90
763GS2056, GS, 25-Sep-2026, 100.00, 100.21, 100.21, 100.21, 100.21, 100.21, 100.21, 100, 0.10, 1, 100, 100.00
771GS2066, GS, 25-Sep-2026, 104.80, 104.88, 104.88, 103.53, 104.19, 104.13, 104.00, 32265, 33.56, 19, 24973, 77.40
795GS2032, GS, 25-Sep-2026, 105.00, 107.40, 107.40, 107.40, 107.40, 107.40, 107.40, 1, 0.00, 1, 1, 100.00
824GS2027, GS, 25-Sep-2026, 101.65, 101.60, 101.65, 101.50, 101.50, 101.50, 101.50, 1010, 1.03, 3, 1010, 100.00
824GS2033, GS, 25-Sep-2026, 110.35, 111.00, 111.00, 111.00, 111.00, 111.00, 111.00, 1948, 2.16, 1, 1948, 100.00
826GS2027, GS, 25-Sep-2026, 102.14, 102.00, 102.15, 102.00, 102.15, 102.15, 102.08, 4, 0.00, 2, 2, 50.00
828GS2027, GS, 25-Sep-2026, 158.56, 166.48, 166.48, 166.48, 166.48, 166.48, 166.48, 1, 0.00, 1, 1, 100.00
92GS2030, GS, 25-Sep-2026, 113.19, 113.21, 115.00, 113.12, 113.80, 113.81, 114.90, 13306, 15.29, 26, 12936, 97.22
A2ZINFRA, EQ, 25-Sep-2026, 14.74, 14.56, 15.14, 14.56, 14.72, 14.72, 14.87, 167738, 24.95, 382, 117493, 70.05
AAATECH, EQ, 25-Sep-2026, 91.84, 93.20, 105.90, 89.26, 101.75, 101.50, 94.22, 735186, 692.68, 2304, 489014, 66.52
AADHARHFC, EQ, 25-Sep-2026, 446.70, 446.55, 450.60, 441.30, 443.10, 444.50, 445.74, 440466, 1963.35, 16035, 334360, 75.91
AAKAAR, SM, 25-Sep-2026, 68.15, 70.00, 70.00, 70.00, 70.00, 70.00, 70.00, 1600, 1.12, 1, 1600, 100.00
AAKASH, EQ, 25-Sep-2026, 9.09, 9.05, 9.34, 8.85, 8.93, 8.92, 8.98, 140427, 12.61, 312, 118439, 84.34
AARADHYA, ST, 25-Sep-2026, 138.00, 138.00, 138.00, 134.25, 136.00, 136.00, 135.64, 10800, 14.65, 9, 10800, 100.00
AAREYDRUGS, EQ, 25-Sep-2026, 100.26, 98.50, 102.01, 98.02, 102.01, 101.57, 99.98, 112885, 112.86, 815, 77345, 68.52
AARNAV, BE, 25-Sep-2026, 35.00, 34.40, 36.48, 33.51, 36.00, 36.05, 35.85, 33429, 11.99, 125, -, -
AARON, EQ, 25-Sep-2026, 116.68, 118.50, 125.00, 116.71, 123.05, 124.11, 121.43, 28654, 34.79, 636, 17208, 60.05
AARTECH, BE, 25-Sep-2026, 50.41, 50.20, 51.17, 49.46, 50.79, 50.11, 50.33, 10014, 5.04, 62, -, -
AARTIDRUGS, EQ, 25-Sep-2026, 437.25, 440.00, 440.95, 425.00, 426.10, 427.40, 429.56, 212626, 913.35, 5656, 106070, 49.89
AARTIIND, EQ, 25-Sep-2026, 489.45, 487.85, 492.70, 484.60, 488.50, 489.25, 489.15, 302323, 1478.82, 15198, 134418, 44.46
AARTIPHARM, EQ, 25-Sep-2026, 934.25, 930.00, 962.00, 915.45, 942.10, 939.55, 943.88, 675198, 6373.06, 33528, 172314, 25.52
AARTISURF, BE, 25-Sep-2026, 516.75, 525.00, 525.00, 500.05, 514.75, 515.70, 512.26, 5605, 28.71, 161, -, -
AARVI, EQ, 25-Sep-2026, 135.85, 135.85, 139.94, 135.85, 138.00, 136.91, 136.62, 7911, 10.81, 170, 5512, 69.68
AASTHA, EQ, 25-Sep-2026, 80.80, 79.00, 79.00, 72.72, 72.72, 72.72, 73.67, 4769681, 3514.05, 14213, 2038679, 42.74
AATMAJ, SM, 25-Sep-2026, 19.90, 20.40, 20.40, 20.35, 20.40, 20.40, 20.38, 6000, 1.22, 3, 6000, 100.00
AAVAS, EQ, 25-Sep-2026, 1256.40, 1246.10, 1277.20, 1242.70, 1261.20, 1267.70, 1255.83, 49117, 616.83, 9625, 28788, 58.61
ABAN, BE, 25-Sep-2026, 13.95, 13.80, 14.22, 13.68, 14.21, 13.85, 14.00, 25867, 3.62, 120, -, -
ABANSENT, EQ, 25-Sep-2026, 27.25, 27.38, 27.38, 26.36, 27.00, 27.18, 26.85, 3615, 0.97, 132, 3123, 86.39
ABB, EQ, 25-Sep-2026, 7129.00, 7111.00, 7201.50, 7025.00, 7052.50, 7052.50, 7087.68, 80574, 5710.83, 14255, 29779, 36.96
ABBOTINDIA, EQ, 25-Sep-2026, 26860.00, 26860.00, 27095.00, 26860.00, 26985.00, 26955.00, 26949.89, 2263, 609.88, 1495, 1096, 48.43
ABCAPITAL, EQ, 25-Sep-2026, 390.10, 390.90, 392.20, 384.80, 390.00, 390.00, 387.61, 2752305, 10668.14, 28946, 1399798, 50.86
ABCOTS, EQ, 25-Sep-2026, 201.58, 203.00, 208.00, 200.01, 202.45, 203.07, 202.97, 4142, 8.41, 134, 2761, 66.66
ABDL, EQ, 25-Sep-2026, 712.15, 725.00, 753.80, 705.80, 714.50, 715.05, 729.00, 4070753, 29675.86, 105908, 607188, 14.92
ABFRL, EQ, 25-Sep-2026, 48.06, 48.02, 49.28, 47.88, 49.20, 49.14, 48.53, 4619236, 2241.81, 16828, 2610611, 56.52
ABGSEC, EQ, 25-Sep-2026, 113.95, 113.77, 113.77, 113.26, 113.26, 113.26, 113.77, 1021, 1.16, 6, 1021, 100.00
ABH, SM, 25-Sep-2026, 47.75, 45.45, 46.50, 45.40, 45.40, 45.40, 45.51, 32400, 14.75, 27, 21600, 66.67
ABINFRA, BE, 25-Sep-2026, 12.31, 12.70, 12.70, 12.11, 12.50, 12.58, 12.43, 438034, 54.46, 273, -, -
ABLBL, EQ, 25-Sep-2026, 78.59, 78.17, 79.36, 78.01, 78.78, 78.72, 78.71, 631342, 496.96, 8009, 328554, 52.04
ABMINTLLTD, BE, 25-Sep-2026, 46.12, 46.12, 46.12, 45.20, 45.20, 45.20, 46.03, 1136, 0.52, 12, -, -
ABMKNO, EQ, 25-Sep-2026, 170.80, 170.80, 189.00, 168.00, 178.00, 174.07, 179.33, 7283, 13.06, 231, 2802, 38.47
ABREL, EQ, 25-Sep-2026, 1211.80, 1215.90, 1245.00, 1208.00, 1232.00, 1230.90, 1227.43, 164987, 2025.10, 15584, 73647, 44.64
ABSL10BANK, EQ, 25-Sep-2026, 164.16, 163.98, 164.75, 163.71, 164.39, 164.19, 164.24, 174, 0.29, 12, 172, 98.85
ABSLAMC, EQ, 25-Sep-2026, 1024.20, 1020.00, 1023.70, 1001.50, 1016.90, 1014.50, 1012.32, 112917, 1143.08, 17021, 51041, 45.20
ABSLBANETF, EQ, 25-Sep-2026, 57.26, 57.26, 57.26, 56.88, 56.94, 57.05, 57.04, 9293, 5.30, 179, 2963, 31.88
ABSLLIQUID, EQ, 25-Sep-2026, 1000.01, 1000.01, 1000.01, 999.99, 1000.00, 1000.00, 1000.00, 802, 8.02, 10, 504, 62.84
ABSLMSCIN, EQ, 25-Sep-2026, 28.51, 28.59, 28.59, 28.37, 28.47, 28.47, 28.49, 25, 0.01, 4, 24, 96.00
ABSLNN50ET, EQ, 25-Sep-2026, 75.26, 75.30, 75.70, 75.00, 75.60, 75.51, 75.44, 2718, 2.05, 155, 1593, 58.61
ABSLPSE, EQ, 25-Sep-2026, 9.97, 10.01, 10.17, 9.93, 9.99, 9.97, 9.96, 99280, 9.89, 383, 55685, 56.09
ABSMARINE, SM, 25-Sep-2026, 309.60, 313.00, 320.00, 301.50, 320.00, 317.00, 311.44, 56500, 175.97, 96, 44000, 77.88
ACC, EQ, 25-Sep-2026, 1236.10, 1236.10, 1239.80, 1230.50, 1235.00, 1236.40, 1236.03, 45301, 559.93, 6393, 23107, 51.01
ACCELYA, EQ, 25-Sep-2026, 1120.90, 1120.90, 1130.90, 1108.60, 1110.00, 1110.00, 1113.01, 10220, 113.75, 891, 8350, 81.70
ACCENTMIC, SM, 25-Sep-2026, 674.25, 672.50, 677.45, 660.00, 675.00, 674.85, 670.93, 80000, 536.74, 81, 63500, 79.38
ACCPL, ST, 25-Sep-2026, 205.00, 200.00, 205.00, 198.00, 203.30, 203.30, 200.54, 18000, 36.10, 11, 15600, 86.67
ACCURACY, BE, 25-Sep-2026, 4.30, 4.39, 4.39, 4.09, 4.29, 4.28, 4.21, 85179, 3.59, 157, -, -
ACE, EQ, 25-Sep-2026, 1241.00, 1242.00, 1250.00, 1212.10, 1223.80, 1226.60, 1227.20, 184368, 2262.57, 15032, 80372, 43.59
ACEINTEG, EQ, 25-Sep-2026, 17.71, 17.03, 17.99, 17.03, 17.60, 17.58, 17.49, 1030, 0.18, 86, 701, 68.06
ACETEC, SM, 25-Sep-2026, 148.00, 151.00, 152.00, 145.00, 145.00, 145.00, 148.62, 6000, 8.92, 5, 6000, 100.00
ACGL, EQ, 25-Sep-2026, 1716.50, 1707.60, 1773.90, 1700.00, 1704.00, 1737.80, 1717.56, 457, 7.85, 137, 303, 66.30
ACI, EQ, 25-Sep-2026, 491.40, 494.00, 495.45, 480.80, 483.50, 482.55, 487.95, 116822, 570.03, 8921, 59047, 50.54
ACL, EQ, 25-Sep-2026, 42.56, 42.95, 42.95, 42.13, 42.75, 42.63, 42.61, 9779, 4.17, 164, 3282, 33.56
ACMESOLAR, EQ, 25-Sep-2026, 446.65, 446.90, 449.75, 431.50, 439.65, 442.90, 440.59, 3082821, 13582.50, 56589, 2006315, 65.08
ACSTECH, BE, 25-Sep-2026, 80.37, 80.41, 84.38, 80.00, 84.38, 84.38, 83.35, 430830, 359.09, 1273, -, -
ACUTAAS, EQ, 25-Sep-2026, 3283.70, 3294.90, 3311.40, 3232.00, 3272.70, 3272.50, 3267.14, 153473, 5014.17, 25984, 72839, 47.46
ADANIENSOL, EQ, 25-Sep-2026, 1340.50, 1341.40, 1344.00, 1315.00, 1338.50, 1338.50, 1330.27, 1534753, 20416.33, 34850, 684505, 44.60
ADANIENT, EQ, 25-Sep-2026, 2900.00, 2920.00, 2939.90, 2902.50, 2916.50, 2916.50, 2920.31, 570504, 16660.49, 42051, 157646, 27.63
ADANIGREEN, EQ, 25-Sep-2026, 1280.10, 1279.90, 1299.60, 1270.20, 1296.60, 1296.60, 1287.63, 972126, 12517.39, 29039, 444108, 45.68
ADANIPORTS, EQ, 25-Sep-2026, 1785.30, 1791.80, 1800.60, 1775.00, 1788.00, 1788.00, 1788.43, 895306, 16011.95, 37063, 420134, 46.93
ADANIPOWER, EQ, 25-Sep-2026, 199.48, 200.00, 203.60, 196.10, 202.75, 202.75, 200.72, 16171228, 32458.15, 81785, 3977264, 24.59
ADDICTIVE, SM, 25-Sep-2026, 44.10, 45.15, 46.30, 45.15, 46.30, 46.30, 45.77, 4500, 2.06, 9, 4500, 100.00
ADDIND, EQ, 25-Sep-2026, 76.99, 80.90, 80.90, 75.00, 77.90, 77.20, 77.13, 181, 0.14, 22, 172, 95.03
ADFFOODS, EQ, 25-Sep-2026, 271.65, 270.00, 271.70, 264.50, 270.00, 270.60, 268.38, 51882, 139.24, 2429, 26257, 50.61
ADISOFT, SM, 25-Sep-2026, 251.05, 252.05, 264.00, 247.00, 261.10, 259.50, 252.22, 108000, 272.40, 131, 73600, 68.15
ADL, EQ, 25-Sep-2026, 69.82, 69.81, 69.81, 69.81, 69.81, 69.81, 69.81, 142, 0.10, 3, 142, 100.00
ADOR, EQ, 25-Sep-2026, 1612.90, 1612.90, 1656.90, 1598.10, 1630.60, 1638.90, 1629.04, 39147, 637.72, 3501, 16230, 41.46
ADROITINFO, EQ, 25-Sep-2026, 12.73, 12.73, 13.37, 12.60, 13.30, 13.18, 13.03, 181849, 23.70, 771, 105313, 57.91
ADSL, EQ, 25-Sep-2026, 96.27, 97.98, 115.52, 97.00, 115.52, 115.52, 109.88, 2244060, 2465.70, 22578, 696651, 31.04
ADVAIT, EQ, 25-Sep-2026, 1922.40, 1930.10, 1935.90, 1875.00, 1909.70, 1906.00, 1894.22, 40474, 766.67, 6501, 20281, 50.11
ADVANCE, EQ, 25-Sep-2026, 118.67, 118.70, 124.00, 114.92, 123.00, 123.12, 121.89, 383107, 466.97, 4500, 217214, 56.70
ADVANIHOTR, EQ, 25-Sep-2026, 47.75, 47.75, 48.36, 47.50, 47.84, 47.94, 47.85, 14028, 6.71, 294, 10498, 74.84
ADVENTHTL, EQ, 25-Sep-2026, 127.04, 127.30, 129.00, 124.63, 127.21, 126.95, 126.52, 168717, 213.45, 1678, 115821, 68.65
ADVENZYMES, EQ, 25-Sep-2026, 292.75, 292.75, 297.00, 290.00, 290.25, 291.15, 293.60, 185804, 545.52, 4697, 113336, 61.00
ADVIKCA, EQ, 25-Sep-2026, 0.99, 0.95, 1.01, 0.95, 0.99, 0.98, 0.98, 213384, 2.09, 256, 148867, 69.76
AEGISLOG, EQ, 25-Sep-2026, 1369.70, 1375.60, 1404.90, 1355.00, 1366.00, 1365.40, 1378.42, 290729, 4007.47, 20140, 95804, 32.95
AEGISVOPAK, EQ, 25-Sep-2026, 289.10, 291.15, 294.40, 286.30, 287.05, 287.50, 289.67, 673754, 1951.64, 17295, 284515, 42.23
AEPL, EQ, 25-Sep-2026, 16.13, 16.13, 16.23, 15.82, 15.90, 15.90, 15.89, 38932, 6.19, 131, 25873, 66.46
AEQUS, EQ, 25-Sep-2026, 242.79, 244.20, 250.43, 244.20, 246.00, 246.05, 247.35, 2044376, 5056.73, 52345, 923422, 45.17
AEROENTER, EQ, 25-Sep-2026, 126.86, 126.25, 126.51, 124.03, 125.53, 125.64, 124.98, 241671, 302.05, 3457, 97705, 40.43
AEROFLEX, EQ, 25-Sep-2026, 527.20, 530.95, 537.45, 518.00, 525.80, 525.70, 526.32, 515468, 2713.01, 17473, 185523, 35.99
AERON, SM, 25-Sep-2026, 82.00, 84.00, 84.00, 82.05, 82.05, 82.05, 83.03, 2000, 1.66, 2, 1000, 50.00
AERONEU, EQ, 25-Sep-2026, 80.64, 93.00, 94.00, 78.00, 78.00, 80.22, 87.12, 288275, 251.16, 4428, 125614, 43.57
AEROPLANE, EQ, 25-Sep-2026, 201.98, 207.55, 211.90, 200.71, 211.00, 209.47, 207.71, 709126, 1472.92, 6646, 398464, 56.19
AESTHETIK, SM, 25-Sep-2026, 68.75, 66.60, 67.05, 66.60, 67.05, 67.05, 66.83, 2000, 1.34, 2, 2000, 100.00
AETHER, EQ, 25-Sep-2026, 1646.20, 1653.00, 1798.00, 1640.40, 1772.00, 1767.00, 1745.19, 1686153, 29426.49, 130587, 385782, 22.88
AFCONS, EQ, 25-Sep-2026, 253.75, 255.60, 255.60, 249.75, 252.60, 252.50, 252.08, 434570, 1095.49, 10048, 184391, 42.43
AFFLE, EQ, 25-Sep-2026, 1588.10, 1584.20, 1591.80, 1547.30, 1572.50, 1578.00, 1568.10, 113281, 1776.36, 17503, 45938, 40.55
AFFORDABLE, EQ, 25-Sep-2026, 177.35, 183.00, 183.00, 170.00, 179.90, 178.25, 176.17, 27345, 48.17, 866, 12056, 44.09
AFIL, EQ, 25-Sep-2026, 8.04, 8.28, 8.39, 7.65, 8.05, 8.04, 7.94, 1657599, 131.55, 2520, 905023, 54.60
AFSL, EQ, 25-Sep-2026, 203.47, 201.61, 204.90, 201.00, 201.00, 201.00, 201.11, 4255, 8.56, 80, 2710, 63.69
AGARIND, EQ, 25-Sep-2026, 400.05, 407.45, 407.45, 391.25, 397.00, 397.90, 396.43, 35549, 140.93, 2482, 19425, 54.64
AGARWALEYE, EQ, 25-Sep-2026, 502.10, 503.00, 503.05, 492.85, 500.00, 500.00, 499.55, 242336, 1210.59, 11645, 108232, 44.66
AGARWALFT, SM, 25-Sep-2026, 27.30, 25.95, 25.95, 25.95, 25.95, 25.95, 25.95, 1500, 0.39, 1, 1500, 100.00
AGARWALTUF, SM, 25-Sep-2026, 155.10, 155.00, 166.00, 153.00, 165.00, 164.55, 160.17, 376800, 603.53, 108, 132000, 35.03
AGASTYAEN, BE, 25-Sep-2026, 73.89, 72.42, 72.42, 72.42, 72.42, 72.42, 72.42, 85430, 61.87, 113, -, -
AGI, EQ, 25-Sep-2026, 821.35, 822.00, 824.30, 796.20, 804.00, 803.35, 805.41, 182324, 1468.45, 13628, 86492, 47.44
AGIIL, EQ, 25-Sep-2026, 271.45, 273.00, 275.00, 262.45, 264.90, 264.55, 268.89, 3237412, 8705.10, 17937, 482610, 14.91
AGL, EQ, 25-Sep-2026, 13.68, 13.76, 13.82, 13.42, 13.70, 13.73, 13.65, 1229115, 167.79, 2484, 627513, 51.05
AGNI, SM, 25-Sep-2026, 15.95, 16.25, 16.35, 15.35, 16.00, 16.00, 15.80, 27500, 4.35, 11, 25000, 90.91
AGRITECH, EQ, 25-Sep-2026, 95.76, 97.25, 99.00, 95.65, 96.96, 96.03, 96.79, 2349, 2.27, 81, 1262, 53.72
AGROPHOS, EQ, 25-Sep-2026, 24.27, 24.27, 24.30, 23.30, 24.30, 24.20, 23.89, 8329, 1.99, 144, 4936, 59.26
AGSTRA, BZ, 25-Sep-2026, 2.29, 2.40, 2.40, 2.18, 2.40, 2.40, 2.34, 579623, 13.55, 481, -, -
AHCL, EQ, 25-Sep-2026, 28.65, 28.78, 31.51, 27.71, 31.51, 31.51, 30.29, 80210539, 24297.34, 149549, 12778150, 15.93
AHLADA, EQ, 25-Sep-2026, 38.76, 38.95, 40.50, 37.51, 38.99, 39.16, 39.40, 16684, 6.57, 138, 13104, 78.54
AHLEAST, EQ, 25-Sep-2026, 136.41, 140.00, 140.00, 135.00, 135.80, 137.42, 137.14, 3103, 4.26, 83, 1920, 61.88
AHLUCONT, EQ, 25-Sep-2026, 582.75, 585.55, 588.45, 574.15, 584.05, 585.55, 580.57, 29866, 173.39, 2223, 13786, 46.16
AHLWEST, BE, 25-Sep-2026, 521.05, 520.00, 547.00, 520.00, 520.30, 520.30, 546.09, 1411, 7.71, 24, -, -
AIAENG, EQ, 25-Sep-2026, 3953.40, 3954.00, 3984.60, 3884.00, 3911.20, 3919.40, 3918.59, 19038, 746.02, 7010, 10500, 55.15
AIIL, EQ, 25-Sep-2026, 551.60, 551.60, 572.00, 548.95, 557.00, 559.60, 562.34, 338399, 1902.96, 17287, 100457, 29.69
AIMTRON, SM, 25-Sep-2026, 1797.55, 1789.90, 1900.00, 1784.00, 1877.55, 1890.25, 1855.83, 108400, 2011.72, 461, 71000, 65.50
AIRAN, EQ, 25-Sep-2026, 16.58, 16.70, 17.20, 16.51, 17.00, 17.03, 16.78, 101852, 17.09, 319, 74640, 73.28
AIROLAM, EQ, 25-Sep-2026, 88.34, 91.00, 94.90, 90.00, 94.85, 92.29, 92.63, 5894, 5.46, 92, 5022, 85.21
AISL, SM, 25-Sep-2026, 54.00, 56.70, 56.70, 55.00, 55.10, 55.10, 55.16, 24000, 13.24, 10, 24000, 100.00
AJANTPHARM, EQ, 25-Sep-2026, 3539.50, 3547.00, 3554.90, 3525.00, 3540.00, 3547.80, 3542.24, 46112, 1633.40, 9936, 30835, 66.87
AJAXENGG, EQ, 25-Sep-2026, 575.20, 592.00, 619.90, 582.55, 606.90, 607.75, 606.93, 695472, 4221.02, 33648, 212310, 30.53
AJMERA, EQ, 25-Sep-2026, 120.51, 119.60, 122.68, 119.32, 120.50, 120.82, 121.04, 164978, 199.69, 2769, 78088, 47.33
AJOONI, EQ, 25-Sep-2026, 3.18, 3.22, 3.23, 3.13, 3.20, 3.19, 3.18, 140058, 4.45, 347, 110033, 78.56
AKANKSHA, SM, 25-Sep-2026, 158.65, 166.55, 166.55, 150.75, 151.90, 153.10, 163.54, 142000, 232.23, 109, 117000, 82.39
AKASH, EQ, 25-Sep-2026, 24.51, 24.51, 25.26, 24.51, 25.04, 25.04, 24.79, 5168, 1.28, 33, 4844, 93.73
AKCAPIT, EQ, 25-Sep-2026, 1729.20, 1745.70, 1755.00, 1745.70, 1750.00, 1754.00, 1750.30, 204, 3.57, 29, 190, 93.14
AKG, EQ, 25-Sep-2026, 9.76, 9.76, 10.25, 9.51, 9.55, 9.59, 9.74, 13445, 1.31, 130, 8728, 64.92
AKI, BE, 25-Sep-2026, 6.85, 7.10, 7.10, 6.51, 6.55, 6.63, 6.62, 125039, 8.27, 356, -, -
AKIKO, SM, 25-Sep-2026, 420.05, 419.85, 423.00, 400.00, 421.00, 421.00, 418.75, 12000, 50.25, 13, 9600, 80.00
AKSHAR, EQ, 25-Sep-2026, 0.41, 0.41, 0.42, 0.40, 0.42, 0.41, 0.41, 818309, 3.37, 222, 548878, 67.07
AKSHARCHEM, BE, 25-Sep-2026, 379.30, 375.00, 398.00, 370.00, 398.00, 394.40, 388.44, 11997, 46.60, 193, -, -
AKSHOPTFBR, BE, 25-Sep-2026, 7.21, 7.14, 7.29, 6.93, 7.12, 7.04, 7.08, 133848, 9.47, 291, -, -
AKUMS, EQ, 25-Sep-2026, 817.60, 817.00, 828.65, 811.00, 818.00, 819.55, 820.97, 152812, 1254.55, 11530, 76783, 50.25
ALANKIT, EQ, 25-Sep-2026, 7.91, 7.92, 8.10, 7.71, 7.98, 7.85, 7.93, 129468, 10.26, 532, 103673, 80.08
ALBERTDAVD, EQ, 25-Sep-2026, 871.10, 872.00, 886.00, 863.00, 870.00, 873.80, 877.19, 4383, 38.45, 243, 3361, 76.68
ALEMBICLTD, EQ, 25-Sep-2026, 107.18, 107.18, 109.35, 105.00, 106.25, 106.53, 106.78, 743150, 793.54, 8103, 308885, 41.56
ALFREDHE, EQ, 25-Sep-2026, 2786.80, 2750.50, 2750.50, 2750.50, 2750.50, 2750.50, 2750.50, 29, 0.80, 16, 29, 100.00
ALGOQUANT, EQ, 25-Sep-2026, 73.37, 73.69, 75.00, 71.50, 72.30, 72.28, 72.68, 1131847, 822.67, 4008, 202790, 17.92
ALICON, EQ, 25-Sep-2026, 737.80, 737.80, 738.10, 710.00, 728.55, 730.05, 729.25, 24544, 178.99, 2013, 14670, 59.77
ALIVUS, EQ, 25-Sep-2026, 1370.00, 1370.00, 1377.50, 1352.50, 1369.20, 1365.60, 1364.00, 37558, 512.29, 5126, 19666, 52.36
ALKALI, BE, 25-Sep-2026, 96.37, 98.99, 98.99, 92.00, 93.70, 93.93, 94.36, 9233, 8.71, 157, -, -
ALKEM, EQ, 25-Sep-2026, 5326.00, 5322.50, 5325.00, 5237.00, 5274.00, 5274.00, 5269.36, 28742, 1514.52, 7139, 11676, 40.62
ALKYLAMINE, EQ, 25-Sep-2026, 1862.50, 1862.60, 1877.80, 1834.00, 1847.80, 1847.70, 1851.88, 15775, 292.13, 3519, 7209, 45.70
ALLCARGO, EQ, 25-Sep-2026, 10.95, 11.05, 11.08, 10.60, 10.65, 10.67, 10.73, 8547656, 917.30, 8728, 3936235, 46.05
ALLDIGI, EQ, 25-Sep-2026, 771.65, 775.50, 782.95, 771.00, 772.05, 776.95, 776.89, 2008, 15.60, 318, 1334, 66.43
ALLETEC, SM, 25-Sep-2026, 128.25, 129.00, 133.75, 126.00, 130.00, 129.15, 128.74, 24800, 31.93, 56, 16000, 64.52
ALLTIME, EQ, 25-Sep-2026, 201.03, 202.00, 203.90, 196.50, 203.90, 201.01, 199.86, 51825, 103.58, 1934, 29396, 56.72
ALMONDZ, EQ, 25-Sep-2026, 19.86, 20.04, 21.65, 19.95, 21.25, 21.38, 20.95, 1151830, 241.25, 3439, 750438, 65.15
ALOKINDS, EQ, 25-Sep-2026, 7.48, 7.54, 7.75, 7.35, 7.47, 7.50, 7.57, 20004287, 1514.52, 15991, 6934783, 34.67
ALPA, EQ, 25-Sep-2026, 59.07, 59.11, 60.98, 58.30, 58.51, 59.10, 59.30, 125298, 74.30, 776, 31652, 25.26
ALPEXSOLAR, SM, 25-Sep-2026, 847.00, 857.95, 871.95, 840.00, 865.00, 862.65, 862.08, 39700, 342.25, 269, 30600, 77.08
ALPHA, EQ, 25-Sep-2026, 52.82, 52.79, 53.19, 52.41, 52.80, 52.76, 52.61, 900108, 473.59, 2989, 378091, 42.01
ALPHAETF, EQ, 25-Sep-2026, 26.03, 25.51, 26.18, 25.51, 25.95, 25.96, 25.95, 1190528, 308.95, 1155, 792193, 66.54
ALPHAGEO, BE, 25-Sep-2026, 285.45, 290.00, 290.00, 280.00, 282.05, 283.15, 284.40, 5927, 16.86, 100, -, -
ALPINETEX, EQ, 25-Sep-2026, 50.65, 51.79, 51.91, 48.45, 48.90, 49.06, 49.36, 466758, 230.40, 3555, 338623, 72.55
ALPL30IETF, EQ, 25-Sep-2026, 26.80, 26.81, 27.45, 26.78, 26.80, 26.85, 26.83, 451327, 121.10, 753, 226520, 50.19
ALUFLUOR, EQ, 25-Sep-2026, 565.80, 562.50, 574.00, 541.30, 572.95, 565.40, 555.87, 6912, 38.42, 569, 3881, 56.15
ALUWIND, SM, 25-Sep-2026, 50.60, 51.05, 51.10, 51.00, 51.00, 51.05, 51.05, 4500, 2.30, 3, 4500, 100.00
AMAGI, EQ, 25-Sep-2026, 562.15, 564.00, 579.00, 560.65, 572.65, 575.65, 572.80, 193432, 1107.98, 15198, 78411, 40.54
AMAL, EQ, 25-Sep-2026, 687.65, 688.85, 695.90, 658.05, 670.30, 674.40, 676.62, 13368, 90.45, 932, 8497, 63.56
AMANTA, BE, 25-Sep-2026, 189.21, 187.95, 187.95, 185.43, 186.00, 186.00, 186.04, 8587, 15.98, 88, -, -
AMARJOTHI, EQ, 25-Sep-2026, 147.00, 147.00, 150.00, 147.00, 150.00, 149.82, 147.48, 656, 0.97, 15, 631, 96.19
AMBAAUTO, SM, 25-Sep-2026, 98.00, 100.00, 100.00, 93.10, 96.55, 96.55, 95.06, 31000, 29.47, 25, 21000, 67.74
AMBALALSA, BE, 25-Sep-2026, 41.27, 42.85, 42.85, 40.50, 41.25, 41.09, 40.82, 24559, 10.03, 120, -, -
AMBANIORGO, SM, 25-Sep-2026, 115.25, 115.00, 115.00, 115.00, 115.00, 115.00, 115.00, 50000, 57.50, 1, 50000, 100.00
AMBER, EQ, 25-Sep-2026, 6911.00, 6916.00, 7010.00, 6876.00, 6960.00, 6960.00, 6946.71, 99885, 6938.73, 16656, 25338, 25.37
AMBICAAGAR, EQ, 25-Sep-2026, 25.39, 25.50, 25.80, 24.63, 25.23, 25.22, 25.13, 63838, 16.04, 356, 14292, 22.39
AMBIKCO, EQ, 25-Sep-2026, 1556.50, 1553.00, 1565.50, 1540.20, 1547.40, 1546.10, 1549.69, 2720, 42.15, 451, 1538, 56.54
AMBUJACEM, EQ, 25-Sep-2026, 384.10, 382.20, 387.20, 381.70, 383.80, 383.80, 384.55, 1180134, 4538.17, 22249, 541688, 45.90
AMCL, SM, 25-Sep-2026, 349.70, 349.50, 353.00, 344.00, 346.00, 347.50, 347.36, 27600, 95.87, 60, 25600, 92.75
AMDIND, BE, 25-Sep-2026, 56.09, 56.20, 58.89, 55.00, 58.85, 58.80, 57.78, 53354, 30.83, 224, -, -
AMEYA, SM, 25-Sep-2026, 153.85, 146.20, 150.00, 146.20, 146.20, 146.20, 147.04, 10000, 14.70, 10, 8000, 80.00
AMJLAND, EQ, 25-Sep-2026, 37.32, 37.32, 37.98, 36.70, 37.98, 37.70, 37.18, 2920, 1.09, 59, 2491, 85.31
AMNPLST, EQ, 25-Sep-2026, 164.09, 164.09, 166.00, 163.00, 163.26, 163.15, 163.96, 1067, 1.75, 51, 935, 87.63
AMRUTANJAN, EQ, 25-Sep-2026, 510.20, 510.20, 514.90, 500.60, 507.50, 506.35, 505.74, 16785, 84.89, 1579, 8963, 53.40
ANANDRATHI, EQ, 25-Sep-2026, 2167.40, 2169.60, 2178.90, 2007.00, 2130.00, 2126.80, 2148.24, 436268, 9372.10, 15435, 273905, 62.78
ANANTAM, IV, 25-Sep-2026, 105.30, 105.10, 105.90, 104.51, 104.95, 104.94, 104.92, 500253, 524.85, 374, 494660, 98.88
ANANTRAJ, EQ, 25-Sep-2026, 624.10, 622.55, 628.40, 613.20, 615.50, 617.40, 619.33, 1198697, 7423.85, 24022, 510896, 42.62
ANAWIL, SM, 25-Sep-2026, 428.90, 437.00, 489.15, 427.00, 485.50, 482.40, 467.64, 244400, 1142.91, 555, 148000, 60.56
ANDHRAPAP, EQ, 25-Sep-2026, 73.62, 73.62, 75.10, 71.56, 73.35, 74.05, 73.63, 441096, 324.78, 6181, 199404, 45.21
ANDHRSUGAR, EQ, 25-Sep-2026, 92.98, 93.89, 96.94, 92.80, 95.90, 95.41, 95.16, 564260, 536.96, 11976, 163498, 28.98
ANDREWYU, EQ, 25-Sep-2026, 26.85, 27.00, 27.49, 26.61, 26.85, 27.00, 27.06, 67783, 18.34, 699, 40292, 59.44
ANGELONE, EQ, 25-Sep-2026, 290.70, 290.70, 292.20, 286.50, 288.00, 288.00, 288.75, 2892227, 8351.19, 30425, 944466, 32.66
ANIKINDS, EQ, 25-Sep-2026, 43.00, 43.75, 44.98, 42.65, 43.50, 43.28, 43.18, 3918, 1.69, 120, 3107, 79.30
ANKITMETAL, BZ, 25-Sep-2026, 1.85, 1.88, 1.88, 1.88, 1.88, 1.88, 1.88, 7700, 0.14, 10, -, -
ANLON, SM, 25-Sep-2026, 809.00, 815.00, 815.00, 765.05, 791.00, 791.00, 799.45, 9600, 76.75, 24, 6400, 66.67
ANMOL, BE, 25-Sep-2026, 13.45, 13.45, 13.94, 13.02, 13.22, 13.25, 13.35, 25631, 3.42, 285, -, -
ANNAPURNA, EQ, 25-Sep-2026, 131.17, 131.80, 133.00, 130.21, 131.50, 131.97, 131.38, 9829, 12.91, 227, 6874, 69.94
ANNU, EQ, 25-Sep-2026, 49.80, 50.00, 51.01, 48.55, 49.44, 49.33, 49.59, 691194, 342.74, 7144, 282098, 40.81
ANONDITA, SM, 25-Sep-2026, 1089.70, 1100.00, 1165.05, 1092.10, 1150.05, 1150.25, 1120.65, 120000, 1344.78, 308, 105800, 88.17
ANSALAPI, BZ, 25-Sep-2026, 3.86, 3.85, 3.93, 3.79, 3.93, 3.93, 3.93, 115867, 4.55, 72, -, -
ANSALBU, EQ, 25-Sep-2026, 94.90, 94.90, 98.99, 92.00, 94.94, 94.69, 93.14, 4437, 4.13, 310, 3113, 70.16
ANTELOPUS, EQ, 25-Sep-2026, 1130.95, 1135.00, 1290.90, 1094.40, 1260.00, 1261.70, 1236.91, 7877531, 97438.28, 264384, 547638, 6.95
ANTGRAPHIC, EQ, 25-Sep-2026, 0.71, 0.71, 0.72, 0.70, 0.72, 0.71, 0.71, 270504, 1.91, 181, 212946, 78.72
ANTHEM, EQ, 25-Sep-2026, 885.60, 888.00, 890.85, 869.40, 875.00, 873.60, 876.97, 373411, 3274.69, 20269, 184442, 49.39
ANUHPHR, EQ, 25-Sep-2026, 90.78, 90.00, 92.00, 89.80, 90.45, 90.42, 90.62, 79711, 72.23, 1701, 50505, 63.36
ANUP, EQ, 25-Sep-2026, 1670.10, 1677.80, 1700.00, 1645.10, 1689.00, 1677.10, 1677.32, 15001, 251.61, 2614, 7549, 50.32
ANURAS, EQ, 25-Sep-2026, 1177.20, 1177.00, 1204.00, 1171.40, 1200.00, 1192.40, 1184.05, 167982, 1988.98, 9525, 97881, 58.27
ANYA, SM, 25-Sep-2026, 18.30, 18.60, 18.65, 17.05, 17.55, 17.55, 18.17, 45000, 8.18, 7, 45000, 100.00
ANZEN, IV, 25-Sep-2026, 130.00, 131.00, 131.00, 131.00, 131.00, 131.00, 131.00, 25000, 32.75, 1, 25000, 100.00
AONEGOLD, EQ, 25-Sep-2026, 13.95, 14.14, 14.14, 13.95, 14.00, 14.02, 14.01, 172512, 24.18, 1428, 65829, 38.16
AONELIQUID, EQ, 25-Sep-2026, 1078.16, 1078.57, 1078.59, 1078.57, 1078.59, 1078.58, 1078.59, 32270, 348.06, 109, 21673, 67.16
AONENIFTY, EQ, 25-Sep-2026, 9.59, 9.82, 9.82, 9.52, 9.70, 9.60, 9.56, 108791, 10.40, 1228, 90510, 83.20
AONESILVER, EQ, 25-Sep-2026, 8.64, 8.72, 8.92, 8.63, 8.76, 8.76, 8.72, 256791, 22.38, 1085, 187638, 73.07
AONETMMQ50, EQ, 25-Sep-2026, 10.11, 10.47, 10.47, 10.07, 10.10, 10.20, 10.12, 23930, 2.42, 192, 11296, 47.20
AONETOTAL, EQ, 25-Sep-2026, 11.57, 11.62, 11.70, 11.51, 11.70, 11.59, 11.55, 76051, 8.78, 882, 44079, 57.96
APARINDS, EQ, 25-Sep-2026, 17804.00, 18000.00, 18305.00, 17702.00, 17790.00, 17776.00, 17956.22, 85829, 15411.64, 26396, 29637, 34.53
APCL, EQ, 25-Sep-2026, 95.27, 94.25, 97.25, 94.25, 96.25, 95.52, 95.92, 3558, 3.41, 104, 2818, 79.20
APCOTEXIND, EQ, 25-Sep-2026, 602.85, 607.90, 609.45, 585.00, 599.70, 599.40, 595.61, 86241, 513.66, 4851, 35292, 40.92
APEX, EQ, 25-Sep-2026, 348.90, 353.00, 353.65, 337.85, 345.50, 347.60, 345.54, 126426, 436.85, 6302, 49156, 38.88
APEXECO, ST, 25-Sep-2026, 255.40, 250.00, 268.15, 242.65, 268.15, 268.15, 249.95, 43200, 107.98, 48, 40800, 94.44
APLAPOLLO, EQ, 25-Sep-2026, 2184.80, 2179.10, 2219.00, 2176.50, 2214.70, 2214.70, 2199.32, 339098, 7457.87, 16983, 204632, 60.35
APLLTD, EQ, 25-Sep-2026, 850.00, 855.00, 869.80, 840.55, 864.00, 863.75, 854.97, 309225, 2643.79, 33011, 197323, 63.81
APOLLO, EQ, 25-Sep-2026, 399.05, 401.30, 401.30, 393.20, 396.50, 395.60, 396.39, 3929756, 15577.28, 39185, 934951, 23.79
APOLLOHOSP, EQ, 25-Sep-2026, 8888.50, 8891.00, 8934.50, 8821.50, 8889.00, 8889.00, 8882.11, 438457, 38944.23, 32591, 312900, 71.36
APOLLOPIPE, EQ, 25-Sep-2026, 510.50, 507.50, 526.05, 505.55, 512.00, 511.45, 515.10, 177165, 912.58, 6208, 72711, 41.04
APOLLOTYRE, EQ, 25-Sep-2026, 397.95, 399.50, 400.95, 395.50, 400.20, 400.10, 397.96, 316665, 1260.19, 19925, 166264, 52.50
APOLSINHOT, EQ, 25-Sep-2026, 1217.10, 1202.00, 1239.00, 1195.10, 1195.10, 1202.40, 1209.07, 1289, 15.58, 95, 1212, 94.03
APOORVA, EQ, 25-Sep-2026, 33.70, 34.30, 34.30, 32.70, 33.45, 33.45, 33.72, 364, 0.12, 15, 304, 83.52
APRAMEYA, SM, 25-Sep-2026, 99.20, 102.10, 103.50, 100.55, 102.00, 102.00, 102.19, 20000, 20.44, 9, 20000, 100.00
APS, SM, 25-Sep-2026, 237.00, 239.00, 245.95, 228.00, 235.00, 235.35, 239.20, 21000, 50.23, 69, 13750, 65.48
APSISAERO, ST, 25-Sep-2026, 599.75, 604.10, 611.70, 604.10, 611.70, 611.70, 608.78, 15600, 94.97, 13, 14400, 92.31
APTECHT, EQ, 25-Sep-2026, 92.10, 92.25, 92.45, 90.40, 91.20, 91.22, 91.12, 49412, 45.02, 1042, 24312, 49.20
APTUS, EQ, 25-Sep-2026, 240.92, 240.90, 245.00, 240.09, 244.00, 244.60, 242.64, 1278151, 3101.34, 34431, 799936, 62.59
AQYLON, EQ, 25-Sep-2026, 18.99, 19.50, 19.65, 18.33, 19.20, 18.56, 19.01, 1354842, 257.57, 1604, 690212, 50.94
ARABIAN, SM, 25-Sep-2026, 87.00, 88.00, 88.00, 88.00, 88.00, 88.00, 88.00, 2000, 1.76, 1, 2000, 100.00
ARCHIDPLY, EQ, 25-Sep-2026, 106.47, 106.47, 107.51, 103.16, 106.95, 106.26, 105.81, 5592, 5.92, 177, 4950, 88.52
ARCHIES, EQ, 25-Sep-2026, 12.66, 12.97, 12.97, 12.25, 12.25, 12.30, 12.44, 31221, 3.88, 172, 27667, 88.62
ARCIIL, SM, 25-Sep-2026, 33.20, 31.50, 32.40, 30.00, 32.00, 32.05, 31.71, 53000, 16.80, 52, 36000, 67.92
ARCIL, EQ, 25-Sep-2026, 148.62, 149.56, 152.70, 142.10, 143.34, 144.49, 146.45, 2617166, 3832.87, 43632, 928036, 35.46
ARCL, EQ, 25-Sep-2026, 256.85, 259.90, 259.90, 245.50, 245.53, 245.53, 250.21, 1308, 3.27, 36, 1053, 80.50
ARDEE, EQ, 25-Sep-2026, 49.62, 49.97, 51.98, 48.72, 51.55, 51.66, 50.65, 4119752, 2086.48, 19403, 980210, 23.79
ARE&M, EQ, 25-Sep-2026, 795.40, 795.40, 798.80, 789.05, 789.80, 791.95, 793.16, 336412, 2668.29, 20950, 192825, 57.32
ARENTERP, EQ, 25-Sep-2026, 34.77, 34.70, 34.70, 33.21, 34.70, 34.70, 34.04, 837, 0.28, 25, 717, 85.66
ARFIN, EQ, 25-Sep-2026, 89.42, 89.90, 91.00, 88.10, 90.11, 90.31, 89.30, 1124364, 1004.05, 4392, 152877, 13.60
ARHAM, SM, 25-Sep-2026, 213.20, 213.00, 214.85, 211.10, 211.10, 211.10, 212.46, 8000, 17.00, 8, 3000, 37.50
ARIES, BE, 25-Sep-2026, 466.90, 476.00, 476.05, 468.50, 475.00, 473.30, 472.31, 5177, 24.45, 106, -, -
ARIHANT, EQ, 25-Sep-2026, 890.40, 895.00, 895.00, 882.50, 895.00, 895.00, 887.97, 592, 5.26, 56, 480, 81.08
ARIHANTCAP, EQ, 25-Sep-2026, 91.95, 92.64, 96.18, 91.40, 93.10, 93.34, 93.67, 452181, 423.54, 5749, 168264, 37.21
ARIHANTSUP, EQ, 25-Sep-2026, 243.10, 244.75, 249.70, 240.00, 245.00, 242.70, 242.49, 19545, 47.39, 245, 15585, 79.74
ARIS, EQ, 25-Sep-2026, 141.92, 141.92, 143.30, 139.50, 140.54, 140.29, 141.21, 513723, 725.42, 7008, 224830, 43.76
ARKADE, EQ, 25-Sep-2026, 124.73, 124.99, 126.54, 124.10, 125.56, 125.48, 125.52, 102310, 128.42, 1450, 42634, 41.67
ARMANFIN, EQ, 25-Sep-2026, 1897.50, 1890.00, 1918.90, 1867.80, 1871.00, 1885.60, 1889.69, 16327, 308.53, 3352, 9948, 60.93
ARMOUR, ST, 25-Sep-2026, 19.15, 19.15, 20.10, 19.15, 20.10, 20.10, 19.81, 28000, 5.55, 13, 26000, 92.86
AROGRANITE, EQ, 25-Sep-2026, 23.97, 24.00, 24.40, 23.26, 23.85, 24.14, 24.12, 2286, 0.55, 99, 1727, 75.55
ARROWGREEN, EQ, 25-Sep-2026, 895.95, 900.00, 918.80, 875.00, 904.05, 905.80, 891.27, 43393, 386.75, 3630, 20189, 46.53
ARSHIYA, BZ, 25-Sep-2026, 0.72, 0.73, 0.74, 0.72, 0.74, 0.74, 0.73, 238665, 1.74, 58, -, -
ARSSBL, EQ, 25-Sep-2026, 497.45, 500.00, 500.60, 489.70, 496.05, 496.90, 495.06, 115512, 571.86, 3794, 63419, 54.90
ARTEMISMED, EQ, 25-Sep-2026, 332.70, 346.00, 378.80, 346.00, 358.10, 357.70, 364.89, 18980196, 69257.31, 284278, 1556158, 8.20
ARVEE, EQ, 25-Sep-2026, 224.25, 225.50, 226.00, 210.20, 212.10, 213.19, 216.29, 9353, 20.23, 346, 5191, 55.50
ARVIND, EQ, 25-Sep-2026, 565.70, 566.00, 566.90, 546.65, 550.25, 549.05, 552.69, 338603, 1871.42, 24038, 156218, 46.14
ARVINDFASN, EQ, 25-Sep-2026, 414.25, 415.90, 421.50, 414.00, 416.60, 417.20, 416.89, 253117, 1055.21, 18924, 135922, 53.70
ARVINDPORT, SM, 25-Sep-2026, 34.50, 35.40, 36.40, 32.00, 32.20, 34.00, 34.68, 94500, 32.77, 49, 85500, 90.48
ARVSMART, EQ, 25-Sep-2026, 622.75, 628.80, 632.95, 609.10, 617.00, 614.05, 619.07, 96516, 597.51, 3927, 33880, 35.10
ARYAMAN, EQ, 25-Sep-2026, 615.00, 633.00, 633.00, 610.00, 610.00, 610.00, 628.35, 20, 0.13, 5, 18, 90.00
ASAHIINDIA, EQ, 25-Sep-2026, 965.40, 969.95, 975.50, 952.40, 957.00, 959.95, 963.12, 75822, 730.25, 7848, 27773, 36.63
ASAHISONG, BE, 25-Sep-2026, 388.00, 388.00, 404.40, 382.10, 401.95, 402.75, 398.37, 33093, 131.83, 323, -, -
ASAL, EQ, 25-Sep-2026, 441.70, 441.95, 445.00, 430.20, 436.25, 438.50, 437.29, 17737, 77.56, 1235, 6613, 37.28
ASALCBR, EQ, 25-Sep-2026, 651.00, 652.00, 655.35, 637.15, 647.65, 644.95, 644.85, 81437, 525.15, 3891, 56814, 69.76
ASHAPURMIN, EQ, 25-Sep-2026, 510.75, 513.00, 514.85, 505.05, 508.50, 506.50, 508.78, 168617, 857.89, 5468, 89075, 52.83
ASHIANA, EQ, 25-Sep-2026, 388.50, 388.50, 395.00, 383.30, 391.70, 389.70, 387.42, 19421, 75.24, 1068, 8326, 42.87
ASHIKAG, BE, 25-Sep-2026, 402.45, 406.45, 406.45, 396.00, 404.00, 397.60, 398.71, 6398, 25.51, 103, -, -
ASHIMASYN, EQ, 25-Sep-2026, 15.80, 15.84, 16.25, 15.84, 16.06, 15.96, 15.96, 21790, 3.48, 198, 19700, 90.41
ASHOKA, EQ, 25-Sep-2026, 113.05, 113.05, 113.40, 111.40, 113.03, 113.12, 112.38, 295342, 331.90, 3850, 142711, 48.32
ASHOKAMET, EQ, 25-Sep-2026, 15.68, 15.98, 15.99, 15.32, 15.56, 15.67, 15.67, 35144, 5.51, 173, 25124, 71.49
ASHOKLEY, EQ, 25-Sep-2026, 157.30, 157.52, 159.52, 156.10, 159.08, 159.08, 158.32, 10274172, 16265.96, 75366, 5964873, 58.06
ASHUTOSH, SM, 25-Sep-2026, 161.10, 157.05, 160.95, 156.60, 160.00, 159.45, 158.75, 72000, 114.30, 58, 50400, 70.00
ASHWINI, SM, 25-Sep-2026, 160.00, 162.80, 171.50, 161.00, 168.50, 170.50, 165.39, 25000, 41.35, 18, 18000, 72.00
ASIANENE, EQ, 25-Sep-2026, 474.65, 472.90, 492.85, 471.35, 489.90, 487.75, 483.10, 226490, 1094.17, 8115, 109410, 48.31
ASIANHOTNR, EQ, 25-Sep-2026, 389.50, 386.05, 400.00, 385.50, 387.55, 394.35, 392.52, 5905, 23.18, 303, 3747, 63.45
ASIANPAINT, EQ, 25-Sep-2026, 2392.70, 2401.90, 2451.00, 2397.00, 2444.00, 2444.00, 2429.07, 426982, 10371.68, 31581, 181390, 42.48
ASIANTILES, EQ, 25-Sep-2026, 50.35, 50.30, 50.94, 50.01, 50.65, 50.69, 50.45, 788714, 397.94, 2942, 456252, 57.85
ASIANTNE, EQ, 25-Sep-2026, 9.19, 9.70, 9.70, 9.12, 9.37, 9.26, 9.30, 979, 0.09, 27, 690, 70.48
ASKAUTOLTD, EQ, 25-Sep-2026, 642.75, 642.75, 656.85, 639.00, 640.50, 645.15, 646.77, 133775, 865.22, 8602, 49323, 36.87
ASMS, EQ, 25-Sep-2026, 6.41, 6.49, 6.54, 6.27, 6.41, 6.38, 6.39, 248422, 15.87, 745, 189995, 76.48
ASPINWALL, EQ, 25-Sep-2026, 258.95, 259.70, 259.90, 252.20, 252.20, 253.75, 253.84, 1747, 4.43, 55, 1479, 84.66
ASPIRE, SM, 25-Sep-2026, 13.30, 12.70, 13.95, 12.70, 13.95, 13.80, 13.28, 32000, 4.25, 16, 26000, 81.25
ASTAR, EQ, 25-Sep-2026, 679.25, 681.00, 702.00, 653.10, 702.00, 698.70, 683.23, 555, 3.79, 80, 332, 59.82
ASTEC, EQ, 25-Sep-2026, 728.80, 731.00, 768.00, 717.55, 735.20, 739.00, 747.13, 114860, 858.15, 8844, 24524, 21.35
ASTERDM, EQ, 25-Sep-2026, 768.65, 768.65, 769.95, 753.30, 758.75, 759.40, 760.41, 1251211, 9514.31, 36020, 869109, 69.46
ASTRAL, EQ, 25-Sep-2026, 1392.00, 1389.80, 1399.00, 1385.60, 1399.00, 1399.00, 1392.87, 358868, 4998.57, 23783, 214753, 59.84
ASTRAMICRO, EQ, 25-Sep-2026, 1596.20, 1599.20, 1647.00, 1587.40, 1617.20, 1622.40, 1623.10, 267279, 4338.21, 18093, 88307, 33.04
ASTRAZEN, EQ, 25-Sep-2026, 6591.00, 6600.00, 6705.00, 6444.00, 6450.00, 6505.00, 6539.01, 6164, 403.06, 1847, 3264, 52.95
ASTRON, BZ, 25-Sep-2026, 2.95, 2.95, 3.00, 2.86, 2.98, 2.97, 2.94, 10627, 0.31, 67, -, -
ATALREAL, EQ, 25-Sep-2026, 14.60, 15.01, 15.01, 13.14, 13.14, 13.52, 13.54, 7859696, 1064.05, 4767, 3006870, 38.26
ATAM, EQ, 25-Sep-2026, 58.08, 57.55, 58.92, 56.66, 57.35, 57.07, 57.39, 5460, 3.13, 179, 2895, 53.02
ATCENERGY, ST, 25-Sep-2026, 21.80, 20.80, 22.15, 20.80, 22.10, 22.10, 21.43, 12000, 2.57, 9, 10800, 90.00
ATGL, EQ, 25-Sep-2026, 612.40, 615.00, 615.00, 605.10, 611.00, 611.65, 610.42, 547772, 3343.69, 21297, 135385, 24.72
ATHERENERG, EQ, 25-Sep-2026, 1499.00, 1489.90, 1511.80, 1484.00, 1497.00, 1497.00, 1496.40, 1896434, 28378.24, 66005, 610701, 32.20
ATL, EQ, 25-Sep-2026, 25.18, 25.78, 25.90, 25.01, 25.35, 25.60, 25.39, 186397, 47.33, 1530, 118506, 63.58
ATLANTAA, EQ, 25-Sep-2026, 35.65, 35.60, 36.40, 35.12, 35.75, 35.73, 35.77, 13114, 4.69, 196, 8733, 66.59
ATLANTAELE, EQ, 25-Sep-2026, 1587.20, 1617.40, 1632.20, 1557.70, 1629.00, 1625.90, 1591.87, 155340, 2472.81, 17853, 77131, 49.65
ATLASCYCLE, EQ, 25-Sep-2026, 97.89, 96.00, 99.95, 92.75, 93.86, 94.32, 95.16, 25212, 23.99, 406, 17745, 70.38
ATLPP, E1, 25-Sep-2026, 8.82, 8.87, 8.87, 8.87, 8.87, 8.87, 8.87, 7, 0.00, 1, 7, 100.00
ATMASTCO, SM, 25-Sep-2026, 115.60, 116.00, 119.90, 116.00, 119.60, 118.20, 118.72, 20800, 24.69, 38, 16400, 78.85
ATUL, EQ, 25-Sep-2026, 6135.50, 6164.00, 6164.00, 6050.00, 6090.00, 6070.50, 6087.90, 15678, 954.46, 4256, 8799, 56.12
ATULAUTO, EQ, 25-Sep-2026, 447.55, 449.80, 451.75, 442.30, 448.45, 448.25, 446.14, 35098, 156.59, 2131, 18344, 52.27
AUBANK, EQ, 25-Sep-2026, 1000.10, 1001.00, 1021.20, 997.00, 1018.00, 1018.00, 1012.34, 2524193, 25553.40, 110746, 1480951, 58.67
AUGMONT, EQ, 25-Sep-2026, 864.10, 865.00, 892.40, 860.00, 875.00, 877.90, 877.87, 352381, 3093.44, 15044, 112564, 31.94
AURIONPRO, EQ, 25-Sep-2026, 682.55, 676.60, 683.45, 666.20, 667.45, 669.70, 670.68, 102892, 690.07, 6487, 58670, 57.02
AUROIMPEX, SM, 25-Sep-2026, 40.95, 42.95, 42.95, 42.90, 42.95, 42.95, 42.95, 44800, 19.24, 25, 41600, 92.86
AUROPHARMA, EQ, 25-Sep-2026, 1716.00, 1716.00, 1727.90, 1699.50, 1712.00, 1712.00, 1709.97, 624705, 10682.26, 29017, 288914, 46.25
AURUM, EQ, 25-Sep-2026, 220.22, 220.88, 224.04, 218.96, 221.99, 222.45, 221.47, 103745, 229.77, 2470, 55050, 53.06
AURUS, EQ, 25-Sep-2026, 4.63, 4.63, 4.80, 4.59, 4.68, 4.65, 4.68, 8547, 0.40, 388, 6029, 70.54
AUSL, SM, 25-Sep-2026, 24.15, 22.95, 23.00, 22.95, 23.00, 23.00, 22.98, 6000, 1.38, 3, 4000, 66.67
AUSOMENT, EQ, 25-Sep-2026, 145.66, 145.66, 145.66, 142.11, 144.00, 143.12, 143.08, 2777, 3.97, 56, 2753, 99.14
AUSTENG, EQ, 25-Sep-2026, 169.04, 168.00, 170.00, 157.60, 161.50, 161.78, 163.39, 10152, 16.59, 278, 6427, 63.31
AUTOAXLES, EQ, 25-Sep-2026, 1683.60, 1695.60, 1782.60, 1668.00, 1695.00, 1709.80, 1718.73, 26667, 458.33, 1649, 10891, 40.84
AUTOBEES, EQ, 25-Sep-2026, 277.20, 277.30, 279.34, 276.83, 278.94, 278.51, 277.77, 180697, 501.92, 2088, 98980, 54.78
AUTOIETF, EQ, 25-Sep-2026, 27.70, 27.72, 28.10, 27.70, 28.01, 27.93, 27.82, 429047, 119.35, 1602, 263687, 61.46
AUTOIND, EQ, 25-Sep-2026, 84.32, 84.50, 85.79, 80.41, 80.80, 81.73, 82.73, 227265, 188.02, 3134, 136019, 59.85
AVADHSUGAR, EQ, 25-Sep-2026, 724.10, 724.10, 796.50, 720.65, 796.50, 796.50, 779.87, 465223, 3628.15, 15930, 120573, 25.92
AVALON, EQ, 25-Sep-2026, 2316.10, 2350.00, 2458.00, 2314.70, 2340.00, 2328.50, 2384.85, 534906, 12756.69, 57494, 170127, 31.81
AVANA, ST, 25-Sep-2026, 135.90, 135.00, 135.00, 135.00, 135.00, 135.00, 135.00, 8000, 10.80, 4, 8000, 100.00
AVANCE, EQ, 25-Sep-2026, 0.80, 0.82, 0.82, 0.80, 0.81, 0.81, 0.81, 1729168, 14.05, 1064, 1220034, 70.56
AVANTEL, EQ, 25-Sep-2026, 155.34, 155.75, 157.90, 151.81, 156.06, 155.94, 155.40, 1850814, 2876.15, 22209, 411593, 22.24
AVANTIFEED, EQ, 25-Sep-2026, 749.75, 755.70, 774.00, 748.00, 753.10, 753.15, 757.75, 277971, 2106.33, 23321, 85739, 30.84
AVATAR, ST, 25-Sep-2026, 178.55, 169.65, 187.45, 169.65, 187.45, 187.45, 179.02, 54000, 96.67, 24, 54000, 100.00
AVG, BE, 25-Sep-2026, 162.99, 163.00, 164.95, 162.20, 164.35, 164.06, 163.64, 13101, 21.44, 82, -, -
AVIANSH, SM, 25-Sep-2026, 101.50, 102.00, 102.50, 100.00, 100.00, 100.00, 101.63, 4000, 4.07, 4, 4000, 100.00
AVIENCE, SM, 25-Sep-2026, 338.20, 339.95, 348.00, 333.45, 345.00, 342.05, 341.88, 46800, 160.00, 71, 30000, 64.10
AVL, EQ, 25-Sep-2026, 628.05, 633.15, 633.15, 613.00, 620.05, 619.50, 618.86, 109489, 677.58, 7922, 59545, 54.38
AVONMORE, EQ, 25-Sep-2026, 13.10, 13.04, 13.50, 12.94, 13.40, 13.34, 13.16, 266100, 35.01, 658, 213214, 80.13
AVPINFRA, SM, 25-Sep-2026, 56.45, 57.45, 57.45, 55.70, 56.10, 56.10, 56.39, 31200, 17.59, 27, 12000, 38.46
AVROIND, EQ, 25-Sep-2026, 7.08, 7.15, 7.15, 6.83, 6.95, 6.89, 6.96, 133618, 9.30, 520, 94645, 70.83
AVTNPL, EQ, 25-Sep-2026, 92.93, 92.93, 94.21, 91.60, 93.24, 92.58, 92.81, 196705, 182.56, 2338, 83972, 42.69
AWFIS, EQ, 25-Sep-2026, 262.40, 260.35, 267.40, 253.00, 256.00, 257.20, 258.04, 667000, 1721.13, 12967, 298820, 44.80
AWHCL, EQ, 25-Sep-2026, 381.05, 377.70, 381.80, 373.85, 378.00, 378.35, 377.08, 59816, 225.55, 3892, 29516, 49.34
AWL, EQ, 25-Sep-2026, 184.69, 184.39, 185.10, 181.61, 183.99, 184.34, 183.68, 1439611, 2644.22, 21610, 613962, 42.65
AXIOMGAS, ST, 25-Sep-2026, 54.00, 54.75, 57.00, 54.00, 54.10, 54.05, 54.65, 4834000, 2641.64, 946, 4802000, 99.34
AXISBANK, EQ, 25-Sep-2026, 1186.50, 1191.50, 1225.00, 1191.50, 1222.40, 1222.40, 1212.24, 6923162, 83925.17, 211066, 4061493, 58.67
AXISCADES, EQ, 25-Sep-2026, 1923.10, 1928.00, 1966.10, 1885.10, 1885.10, 1892.10, 1924.38, 130914, 2519.28, 12974, 58712, 44.85
AXITA, EQ, 25-Sep-2026, 8.00, 8.05, 8.08, 7.88, 7.89, 7.95, 7.99, 815658, 65.15, 1091, 257067, 31.52
AXTEL, EQ, 25-Sep-2026, 442.30, 447.00, 450.00, 432.10, 447.15, 446.10, 441.37, 2653, 11.71, 232, 1534, 57.82
AYE, EQ, 25-Sep-2026, 171.99, 172.48, 173.03, 165.10, 168.90, 167.25, 167.75, 1078430, 1809.04, 27476, 512467, 47.52
AYMSYNTEX, EQ, 25-Sep-2026, 285.40, 284.05, 302.00, 284.05, 290.00, 293.95, 294.68, 65234, 192.23, 4888, 29773, 45.64
AZAD, EQ, 25-Sep-2026, 2678.30, 2680.00, 2776.80, 2678.30, 2741.00, 2728.00, 2732.49, 438788, 11989.84, 37888, 192636, 43.90
AZADIND, EQ, 25-Sep-2026, 83.77, 85.00, 88.87, 83.83, 86.00, 87.03, 86.91, 70203, 61.01, 1955, 15178, 21.62
BABAFP, SM, 25-Sep-2026, 23.70, 23.70, 23.70, 23.70, 23.70, 23.70, 23.70, 1600, 0.38, 1, 1600, 100.00
BAFNAPH, BE, 25-Sep-2026, 343.20, 350.05, 350.05, 350.05, 350.05, 350.05, 350.05, 2166, 7.58, 30, -, -
BAGDIGITAL, SM, 25-Sep-2026, 103.75, 104.00, 104.00, 100.00, 102.50, 102.75, 102.05, 68800, 70.21, 29, 36800, 53.49
BAGFILMS, EQ, 25-Sep-2026, 4.29, 4.34, 4.34, 4.25, 4.28, 4.28, 4.28, 28683, 1.23, 147, 18327, 63.89
BAGMANE, RR, 25-Sep-2026, 109.72, 110.34, 111.78, 109.79, 110.98, 111.20, 110.62, 2605473, 2882.11, 15607, 1983469, 76.13
BAHETI, SM, 25-Sep-2026, 750.20, 743.35, 775.00, 743.35, 774.00, 761.40, 755.82, 14625, 110.54, 31, 10875, 74.36
BAIDFIN, EQ, 25-Sep-2026, 10.45, 10.35, 12.00, 10.16, 10.90, 10.69, 10.97, 103934, 11.40, 429, 62604, 60.23
BAJAJ-AUTO, EQ, 25-Sep-2026, 11208.00, 11245.00, 11332.00, 11212.00, 11281.00, 11281.00, 11270.89, 121620, 13707.65, 22924, 66018, 54.28
BAJAJCON, EQ, 25-Sep-2026, 501.70, 502.45, 506.80, 492.70, 500.00, 499.50, 498.23, 305752, 1523.33, 17085, 153475, 50.20
BAJAJELEC, EQ, 25-Sep-2026, 321.45, 321.00, 323.15, 318.00, 318.60, 318.95, 319.71, 107647, 344.16, 4692, 65624, 60.96
BAJAJFINSV, EQ, 25-Sep-2026, 1762.30, 1774.00, 1778.10, 1755.00, 1771.00, 1771.00, 1766.71, 1419352, 25075.89, 67796, 833133, 58.70
BAJAJHCARE, EQ, 25-Sep-2026, 350.15, 350.90, 353.15, 341.55, 343.40, 344.15, 344.68, 89487, 308.44, 4309, 43210, 48.29
BAJAJHFL, EQ, 25-Sep-2026, 82.96, 83.03, 83.60, 81.96, 83.01, 83.14, 82.75, 3121239, 2582.95, 24326, 1510453, 48.39
BAJAJHIND, EQ, 25-Sep-2026, 19.90, 20.05, 21.09, 19.81, 20.79, 20.78, 20.64, 31108504, 6420.46, 34875, 6324163, 20.33
BAJAJHLDNG, EQ, 25-Sep-2026, 10917.00, 10925.00, 11027.00, 10738.00, 10940.00, 10940.00, 10853.47, 41708, 4526.76, 10037, 16903, 40.53
BAJAJINDEF, EQ, 25-Sep-2026, 218.37, 218.46, 219.99, 216.97, 217.00, 218.09, 218.00, 10132, 22.09, 320, 7543, 74.45
BAJAJST, EQ, 25-Sep-2026, 347.00, 355.25, 355.25, 343.05, 346.15, 347.25, 346.05, 6987, 24.18, 416, 4512, 64.58
BAJEL, EQ, 25-Sep-2026, 172.11, 173.37, 174.38, 170.25, 173.95, 173.14, 172.29, 76580, 131.94, 2036, 34732, 45.35
BAJFINANCE, EQ, 25-Sep-2026, 982.00, 982.00, 997.20, 980.20, 996.90, 996.90, 990.06, 5467794, 54134.58, 93070, 3771749, 68.98
BALAJEE, EQ, 25-Sep-2026, 25.38, 25.00, 25.88, 25.00, 25.55, 25.57, 25.54, 21064, 5.38, 151, 10576, 50.21
BALAJITELE, EQ, 25-Sep-2026, 93.82, 94.69, 95.37, 93.42, 93.58, 93.85, 94.47, 81715, 77.19, 1106, 42119, 51.54
BALAMINES, EQ, 25-Sep-2026, 2226.00, 2237.00, 2257.70, 2165.20, 2185.00, 2189.60, 2207.17, 164986, 3641.51, 20135, 51133, 30.99
BALAXI, EQ, 25-Sep-2026, 22.73, 22.43, 23.28, 22.43, 22.72, 22.82, 22.67, 11304, 2.56, 158, 8191, 72.46
BALCO, SM, 25-Sep-2026, 20.85, 19.85, 19.85, 19.85, 19.85, 19.85, 19.85, 3600, 0.71, 3, 2400, 66.67
BALKRISHNA, EQ, 25-Sep-2026, 15.90, 15.91, 16.75, 15.90, 16.00, 16.00, 16.26, 3471, 0.56, 47, 3047, 87.78
BALKRISIND, EQ, 25-Sep-2026, 2167.80, 2166.50, 2192.20, 2150.00, 2180.00, 2185.30, 2175.14, 114990, 2501.19, 14623, 61821, 53.76
BALMLAWRIE, EQ, 25-Sep-2026, 164.25, 164.75, 165.24, 162.26, 163.82, 164.16, 163.55, 89064, 145.66, 2188, 44267, 49.70
BALPHARMA, EQ, 25-Sep-2026, 105.02, 105.50, 112.35, 105.50, 107.00, 107.71, 108.89, 62694, 68.27, 1670, 24463, 39.02
BALRAMCHIN, EQ, 25-Sep-2026, 659.40, 663.00, 697.00, 657.85, 686.00, 685.80, 682.22, 4511284, 30776.90, 100459, 483804, 10.72
BALUFORGE, EQ, 25-Sep-2026, 498.10, 495.60, 518.50, 494.00, 504.60, 506.80, 508.66, 621775, 3162.73, 19175, 219714, 35.34
BANARBEADS, EQ, 25-Sep-2026, 115.86, 115.10, 128.45, 115.10, 123.05, 123.86, 122.51, 36764, 45.04, 473, 22315, 60.70
BANARISUG, EQ, 25-Sep-2026, 3306.50, 3333.50, 3449.80, 3333.50, 3401.00, 3401.90, 3412.52, 3531, 120.50, 717, 602, 17.05
BANCOINDIA, EQ, 25-Sep-2026, 602.35, 601.75, 608.45, 594.60, 600.80, 599.85, 599.78, 44855, 269.03, 4464, 27632, 61.60
BANDHANBNK, EQ, 25-Sep-2026, 182.90, 182.91, 188.23, 182.91, 187.70, 187.70, 185.26, 10120013, 18748.50, 45777, 3860628, 38.15
BANG, EQ, 25-Sep-2026, 31.61, 32.23, 32.70, 31.67, 32.67, 32.36, 32.15, 12110, 3.89, 286, 6177, 51.01
BANK10ADD, EQ, 25-Sep-2026, 16.53, 16.42, 16.55, 16.36, 16.55, 16.44, 16.44, 141956, 23.34, 212, 45196, 31.84
BANK10BETF, EQ, 25-Sep-2026, 20.17, 20.14, 20.28, 20.14, 20.25, 20.25, 20.21, 5108, 1.03, 12, 4994, 97.77
BANKA, EQ, 25-Sep-2026, 76.50, 76.50, 76.50, 72.70, 73.00, 73.42, 73.56, 9948, 7.32, 105, 8686, 87.31
BANKADD, EQ, 25-Sep-2026, 56.90, 56.91, 57.07, 56.78, 56.78, 57.02, 57.00, 72486, 41.32, 109, 58756, 81.06
BANKBARODA, EQ, 25-Sep-2026, 234.30, 234.55, 236.03, 234.12, 235.26, 235.26, 235.11, 2493756, 5863.08, 25850, 1243103, 49.85
BANKBEES, EQ, 25-Sep-2026, 575.88, 578.76, 579.51, 574.75, 575.91, 576.33, 576.48, 392719, 2263.93, 6874, 218382, 55.61
BANKBETA, EQ, 25-Sep-2026, 57.50, 57.64, 58.00, 57.36, 58.00, 57.60, 57.60, 69129, 39.81, 356, 56168, 81.25
BANKBETF, EQ, 25-Sep-2026, 56.52, 56.64, 56.75, 56.34, 56.61, 56.61, 56.61, 52348, 29.63, 291, 48305, 92.28
BANKETF, EQ, 25-Sep-2026, 566.53, 565.50, 568.00, 565.27, 567.45, 567.11, 566.67, 20157, 114.22, 987, 13169, 65.33
BANKIETF, EQ, 25-Sep-2026, 57.06, 57.02, 57.32, 56.96, 57.08, 57.11, 57.14, 107454, 61.40, 1160, 52133, 48.52
BANKINDIA, EQ, 25-Sep-2026, 137.76, 137.60, 138.30, 137.12, 137.94, 137.94, 137.62, 1590019, 2188.11, 12493, 634230, 39.89
BANKNIFTY1, EQ, 25-Sep-2026, 57.55, 57.94, 57.94, 57.54, 57.69, 57.69, 57.72, 199079, 114.91, 664, 161001, 80.87
BANKPSU, EQ, 25-Sep-2026, 83.44, 83.75, 83.75, 83.31, 83.42, 83.45, 83.47, 5041, 4.21, 54, 2532, 50.23
BANSALWIRE, EQ, 25-Sep-2026, 323.35, 324.90, 327.00, 319.35, 319.90, 321.40, 321.18, 55601, 178.58, 2709, 30231, 54.37
BANSWRAS, EQ, 25-Sep-2026, 109.34, 109.10, 111.58, 108.21, 108.50, 108.73, 109.47, 16084, 17.61, 548, 11321, 70.39
BARFLEX, SM, 25-Sep-2026, 60.00, 58.05, 58.05, 54.25, 54.30, 54.35, 56.13, 70000, 39.29, 34, 48000, 68.57
BASF, EQ, 25-Sep-2026, 3523.90, 3523.90, 3562.40, 3511.00, 3539.00, 3539.80, 3537.64, 7887, 279.01, 2341, 3363, 42.64
BASILIC, SM, 25-Sep-2026, 165.90, 167.30, 170.95, 166.20, 168.00, 167.30, 168.92, 12000, 20.27, 37, 8400, 70.00
BASML, BE, 25-Sep-2026, 24.26, 24.26, 24.65, 24.05, 24.60, 24.51, 24.32, 11906, 2.90, 55, -, -
BATAINDIA, EQ, 25-Sep-2026, 627.00, 627.00, 632.40, 621.50, 631.35, 629.80, 626.09, 95375, 597.13, 10895, 41466, 43.48
BATLIBOI, EQ, 25-Sep-2026, 83.77, 84.57, 85.00, 83.00, 83.69, 83.59, 83.86, 13429, 11.26, 627, 8787, 65.43
BAWEJA, SM, 25-Sep-2026, 25.85, 25.85, 26.45, 25.85, 26.45, 26.45, 26.05, 2400, 0.63, 3, 2400, 100.00
BAYERCROP, EQ, 25-Sep-2026, 3736.30, 3730.30, 3759.70, 3700.00, 3710.20, 3717.60, 3715.46, 17650, 655.78, 4940, 9256, 52.44
BBETF0432, EQ, 25-Sep-2026, 1335.53, 1339.80, 1339.80, 1335.98, 1335.98, 1336.00, 1336.31, 729, 9.74, 36, 483, 66.26
BBL, EQ, 25-Sep-2026, 2203.10, 2202.90, 2212.20, 2148.00, 2161.00, 2162.90, 2168.25, 30435, 659.91, 3760, 20036, 65.83
BBNPNBETF, EQ, 25-Sep-2026, 55.87, 55.60, 57.00, 55.18, 56.03, 56.03, 56.01, 908, 0.51, 27, 523, 57.60
BBNPPGOLD, EQ, 25-Sep-2026, 144.90, 145.00, 145.80, 144.20, 145.05, 145.25, 145.31, 4939, 7.18, 50, 4772, 96.62
BBOX, EQ, 25-Sep-2026, 795.40, 800.00, 832.00, 786.05, 800.70, 799.75, 808.78, 814657, 6588.81, 46599, 243884, 29.94
BBTC, EQ, 25-Sep-2026, 1437.40, 1448.50, 1455.80, 1426.10, 1434.70, 1435.20, 1434.10, 31881, 457.21, 2987, 11454, 35.93
BBTCL, EQ, 25-Sep-2026, 229.17, 231.30, 234.55, 226.17, 231.80, 229.02, 230.21, 6783, 15.61, 283, 4256, 62.75
BCG, EQ, 25-Sep-2026, 9.46, 9.51, 9.62, 9.35, 9.57, 9.55, 9.48, 3523610, 334.00, 4268, 1602762, 45.49
BCLIND, EQ, 25-Sep-2026, 33.48, 33.49, 34.49, 32.99, 33.95, 33.72, 33.58, 786893, 264.25, 4238, 336294, 42.74
BCONCEPTS, EQ, 25-Sep-2026, 151.32, 151.00, 152.74, 147.71, 148.01, 148.16, 148.93, 20843, 31.04, 635, 15863, 76.11
BCPL, EQ, 25-Sep-2026, 68.40, 69.60, 69.60, 67.31, 68.49, 67.70, 68.19, 13828, 9.43, 294, 8225, 59.48
BDL, EQ, 25-Sep-2026, 1155.00, 1155.00, 1166.70, 1138.30, 1140.00, 1140.00, 1148.71, 936577, 10758.57, 38846, 456322, 48.72
BEACON, SM, 25-Sep-2026, 85.90, 84.20, 88.50, 84.20, 88.50, 87.95, 87.22, 5000, 4.36, 5, 4000, 80.00
BEARDSELL, EQ, 25-Sep-2026, 24.11, 24.15, 24.68, 24.11, 24.50, 24.47, 24.47, 8623, 2.11, 91, 5925, 68.71
BECTORFOOD, EQ, 25-Sep-2026, 215.68, 215.68, 217.51, 212.81, 216.30, 215.58, 215.11, 428994, 922.83, 11727, 171239, 39.92
BEDMUTHA, EQ, 25-Sep-2026, 103.05, 103.01, 113.00, 102.20, 109.00, 110.71, 107.52, 17660, 18.99, 196, 14159, 80.18
BEEKAY, EQ, 25-Sep-2026, 426.40, 425.00, 448.35, 425.00, 430.10, 430.15, 434.52, 1342, 5.83, 119, 1259, 93.82
BEL, EQ, 25-Sep-2026, 392.00, 392.00, 394.55, 388.60, 393.55, 393.55, 391.77, 6083441, 23833.27, 95863, 3395315, 55.81
BELLACASA, EQ, 25-Sep-2026, 272.34, 277.79, 283.00, 264.78, 271.22, 274.98, 269.94, 14505, 39.16, 766, 5779, 39.84
BELRISE, EQ, 25-Sep-2026, 243.63, 245.00, 249.75, 243.43, 247.00, 247.92, 247.19, 3073786, 7598.16, 38627, 1590243, 51.74
BEML, EQ, 25-Sep-2026, 2044.40, 2048.50, 2057.70, 2025.20, 2035.00, 2036.50, 2039.82, 116211, 2370.50, 10362, 38158, 32.84
BENARAS, EQ, 25-Sep-2026, 10299.00, 10299.00, 10299.00, 10202.00, 10202.00, 10224.00, 10226.53, 51, 5.22, 27, 46, 90.20
BENGALASM, EQ, 25-Sep-2026, 6126.00, 6138.00, 6150.00, 6003.00, 6149.50, 6093.00, 6108.54, 106, 6.48, 36, 90, 84.91
BEPL, EQ, 25-Sep-2026, 127.09, 127.09, 129.30, 126.02, 126.29, 126.43, 126.97, 872863, 1108.30, 7805, 413338, 47.35
BERGEPAINT, EQ, 25-Sep-2026, 449.40, 451.90, 459.00, 449.80, 456.10, 458.35, 456.01, 219110, 999.16, 12062, 96385, 43.99
BESTAGRO, EQ, 25-Sep-2026, 18.19, 18.36, 18.74, 17.55, 18.20, 18.24, 18.06, 765101, 138.15, 2138, 300517, 39.28
BETA, EQ, 25-Sep-2026, 2093.40, 2093.40, 2117.90, 2065.70, 2100.00, 2098.70, 2088.63, 10464, 218.55, 1461, 5385, 51.46
BEWLTD, SM, 25-Sep-2026, 74.30, 74.30, 75.50, 66.90, 68.35, 67.65, 71.65, 71000, 50.87, 106, 41500, 58.45
BFINVEST, EQ, 25-Sep-2026, 439.55, 439.55, 444.85, 435.60, 441.00, 442.40, 441.46, 14882, 65.70, 762, 8596, 57.76
BFSI, EQ, 25-Sep-2026, 26.04, 26.04, 26.15, 25.95, 26.12, 26.11, 26.10, 227600, 59.40, 619, 156947, 68.96
BFUTILITIE, EQ, 25-Sep-2026, 525.45, 527.65, 536.30, 522.00, 523.60, 524.45, 526.38, 52034, 273.90, 2212, 28805, 55.36
BGRENERGY, BE, 25-Sep-2026, 251.53, 252.98, 259.53, 248.00, 257.00, 255.81, 253.83, 28236, 71.67, 394, -, -
BHADORA, ST, 25-Sep-2026, 126.50, 126.60, 127.00, 120.25, 126.80, 126.70, 124.48, 42000, 52.28, 33, 40800, 97.14
BHAGCHEM, EQ, 25-Sep-2026, 244.85, 244.00, 246.95, 242.85, 245.00, 245.60, 245.11, 65273, 159.99, 852, 42074, 64.46
BHAGERIA, EQ, 25-Sep-2026, 359.65, 361.00, 395.60, 361.00, 394.95, 394.60, 390.99, 933103, 3648.33, 12120, 407872, 43.71
BHAGYANGR, EQ, 25-Sep-2026, 432.30, 430.05, 437.65, 422.30, 423.05, 425.55, 427.22, 91739, 391.93, 5073, 51424, 56.05
BHANDARI, EQ, 25-Sep-2026, 2.93, 2.93, 2.97, 2.91, 2.93, 2.93, 2.93, 69403, 2.03, 169, 60953, 87.82
BHARATCOAL, EQ, 25-Sep-2026, 32.13, 32.13, 32.26, 31.85, 32.00, 32.03, 32.07, 2871997, 920.99, 14648, 1520703, 52.95
BHARATFORG, EQ, 25-Sep-2026, 1998.90, 1991.20, 2009.10, 1982.00, 2008.00, 2008.00, 1993.48, 549393, 10952.04, 27151, 314966, 57.33
BHARATGEAR, BE, 25-Sep-2026, 100.33, 100.40, 101.99, 100.00, 101.50, 101.51, 101.22, 12275, 12.43, 86, -, -
BHARATRAS, EQ, 25-Sep-2026, 1114.00, 1122.20, 1122.20, 1090.10, 1091.10, 1096.80, 1101.49, 36304, 399.89, 3271, 22098, 60.87
BHARATSE, EQ, 25-Sep-2026, 217.55, 218.98, 218.98, 212.42, 214.70, 214.09, 214.30, 68904, 147.66, 3857, 28111, 40.80
BHARATWIRE, EQ, 25-Sep-2026, 165.34, 166.00, 166.91, 163.00, 164.15, 164.97, 165.14, 106706, 176.21, 2565, 56599, 53.04
BHARTIARTL, EQ, 25-Sep-2026, 1795.80, 1794.00, 1801.70, 1785.00, 1785.40, 1785.40, 1792.12, 4766200, 85416.17, 206076, 3460273, 72.60
BHARTIHEXA, EQ, 25-Sep-2026, 1507.20, 1505.20, 1505.20, 1477.00, 1479.90, 1481.80, 1484.61, 76049, 1129.03, 9802, 51411, 67.60
BHEL, EQ, 25-Sep-2026, 415.35, 417.75, 423.00, 411.80, 418.95, 418.95, 417.11, 6852409, 28581.95, 61864, 2948115, 43.02
BI, BE, 25-Sep-2026, 102.77, 100.72, 100.72, 100.72, 100.72, 100.72, 100.72, 6526, 6.57, 21, -, -
BIGBLOC, EQ, 25-Sep-2026, 40.56, 40.90, 40.99, 39.01, 39.76, 40.01, 40.11, 38486, 15.44, 703, 25825, 67.10
BIKAJI, EQ, 25-Sep-2026, 575.20, 575.20, 579.75, 565.15, 569.45, 573.95, 570.97, 71004, 405.41, 5277, 22833, 32.16
BIKEWO, ST, 25-Sep-2026, 122.80, 122.10, 122.10, 120.35, 120.35, 120.35, 120.92, 74000, 89.48, 23, 74000, 100.00
BIL, EQ, 25-Sep-2026, 1010.25, 1031.00, 1031.00, 1001.10, 1005.00, 1010.85, 1012.15, 4693, 47.50, 601, 2807, 59.81
BILVYAPAR, BE, 25-Sep-2026, 4.29, 4.29, 4.40, 4.18, 4.40, 4.39, 4.28, 6506, 0.28, 26, -, -
BIMETAL, EQ, 25-Sep-2026, 659.10, 660.00, 661.00, 648.00, 648.00, 648.00, 660.00, 107, 0.71, 7, 104, 97.20
BIOCON, EQ, 25-Sep-2026, 387.00, 387.50, 388.70, 380.50, 382.15, 382.15, 384.37, 2694397, 10356.36, 40899, 1390773, 51.62
BIOFILCHEM, EQ, 25-Sep-2026, 32.33, 32.11, 32.98, 32.11, 32.40, 32.44, 32.46, 5741, 1.86, 105, 3961, 68.99
BIOPOL, SM, 25-Sep-2026, 47.60, 46.60, 47.25, 46.60, 46.70, 46.70, 46.85, 3600, 1.69, 3, 2400, 66.67
BIRET, RR, 25-Sep-2026, 336.98, 338.40, 338.89, 335.56, 338.00, 337.99, 337.39, 331171, 1117.34, 7657, 285516, 86.21
BIRLACABLE, EQ, 25-Sep-2026, 345.20, 350.90, 362.45, 331.00, 362.45, 362.45, 351.22, 488468, 1715.60, 11372, 177316, 36.30
BIRLACORPN, EQ, 25-Sep-2026, 840.90, 840.90, 855.00, 834.20, 852.40, 850.30, 846.54, 35349, 299.24, 3250, 19256, 54.47
BIRLAMONEY, EQ, 25-Sep-2026, 118.66, 118.66, 119.95, 117.21, 119.95, 118.87, 118.15, 18043, 21.32, 862, 9504, 52.67
BIRLANU, EQ, 25-Sep-2026, 1421.30, 1414.80, 1448.90, 1383.10, 1425.00, 1438.80, 1415.19, 10226, 144.72, 1307, 6053, 59.19
BIRLAPREC, BE, 25-Sep-2026, 56.47, 56.47, 57.47, 54.15, 55.45, 55.03, 55.18, 80065, 44.18, 375, -, -
BLACKBUCK, EQ, 25-Sep-2026, 592.95, 587.95, 602.80, 584.30, 599.70, 598.95, 593.20, 660012, 3915.22, 28507, 310979, 47.12
BLACKROSE, BE, 25-Sep-2026, 112.86, 114.95, 116.50, 112.05, 116.00, 115.82, 115.16, 28521, 32.84, 245, -, -
BLAL, EQ, 25-Sep-2026, 162.83, 162.94, 167.68, 160.01, 161.50, 161.96, 161.98, 41047, 66.49, 753, 27394, 66.74
BLBLIMITED, EQ, 25-Sep-2026, 17.12, 17.00, 17.59, 16.92, 17.04, 17.10, 17.14, 75246, 12.89, 326, 46100, 61.27
BLEL, EQ, 25-Sep-2026, 447.30, 449.10, 462.00, 435.05, 453.70, 456.75, 450.89, 532067, 2399.06, 17516, 194250, 36.51
BLIL, EQ, 25-Sep-2026, 66.73, 67.34, 67.34, 66.50, 66.73, 66.61, 66.71, 60302, 40.23, 747, 47464, 78.71
BLISSGVS, BE, 25-Sep-2026, 687.05, 685.10, 715.00, 670.00, 710.00, 704.70, 703.95, 433524, 3051.80, 3909, -, -
BLKASHYAP, EQ, 25-Sep-2026, 52.85, 52.83, 54.95, 52.19, 53.60, 54.26, 53.67, 555621, 298.22, 2701, 356526, 64.17
BLS, EQ, 25-Sep-2026, 223.90, 223.64, 224.70, 221.70, 224.30, 224.26, 223.39, 429818, 960.19, 12310, 197920, 46.05
BLSE, EQ, 25-Sep-2026, 326.70, 328.45, 333.00, 322.00, 323.90, 324.55, 327.91, 242706, 795.86, 6261, 91320, 37.63
BLUECLOUDS, EQ, 25-Sep-2026, 20.06, 20.85, 23.57, 20.67, 22.39, 22.16, 22.60, 69599422, 15732.85, 275753, 9558465, 13.73
BLUECOAST, EQ, 25-Sep-2026, 20.72, 21.75, 21.75, 19.91, 21.02, 21.06, 20.72, 6145, 1.27, 80, 3494, 56.86
BLUEDART, EQ, 25-Sep-2026, 4793.00, 4793.00, 4804.50, 4712.00, 4730.10, 4746.50, 4733.57, 7306, 345.83, 2878, 3185, 43.59
BLUEJET, EQ, 25-Sep-2026, 573.45, 573.75, 576.60, 563.50, 571.55, 570.65, 569.16, 249831, 1421.93, 12470, 123936, 49.61
BLUEPEBBLE, ST, 25-Sep-2026, 71.25, 71.25, 71.25, 71.25, 71.25, 71.25, 71.25, 400, 0.29, 1, 400, 100.00
BLUESTARCO, EQ, 25-Sep-2026, 1525.00, 1523.80, 1570.60, 1503.00, 1565.00, 1565.00, 1548.38, 570933, 8840.21, 28603, 254703, 44.61
BLUESTONE, EQ, 25-Sep-2026, 807.15, 803.00, 816.00, 776.90, 806.00, 809.30, 801.06, 2086039, 16710.39, 64526, 450466, 21.59
BLUEWATER, ST, 25-Sep-2026, 509.35, 515.00, 534.80, 515.00, 534.75, 534.75, 533.34, 34000, 181.34, 27, 34000, 100.00
BLUSPRING, EQ, 25-Sep-2026, 140.56, 141.28, 146.50, 139.21, 145.00, 145.12, 143.52, 758518, 1088.61, 12675, 309465, 40.80
BMETRICS, SM, 25-Sep-2026, 34.50, 38.85, 41.40, 38.85, 41.40, 41.40, 39.92, 27200, 10.86, 22, 26400, 97.06
BMLL, SM, 25-Sep-2026, 168.50, 163.00, 166.00, 161.95, 163.00, 164.50, 163.21, 35000, 57.12, 24, 28000, 80.00
BMWVENTLTD, EQ, 25-Sep-2026, 52.23, 52.68, 52.75, 52.00, 52.15, 52.17, 52.39, 43483, 22.78, 661, 30930, 71.13
BNAGROCHEM, EQ, 25-Sep-2026, 207.99, 210.20, 210.20, 198.00, 209.00, 208.40, 209.00, 1315, 2.75, 14, 1313, 99.85
BNKETFAXIS, EQ, 25-Sep-2026, 573.80, 573.25, 574.73, 572.33, 573.07, 573.18, 573.06, 953, 5.46, 30, 535, 56.14
BODALCHEM, EQ, 25-Sep-2026, 195.08, 197.03, 204.00, 192.58, 202.40, 202.02, 199.57, 1397350, 2788.65, 13705, 782410, 55.99
BOHRAIND, EQ, 25-Sep-2026, 14.93, 15.00, 16.39, 14.15, 15.70, 15.97, 15.65, 75819, 11.87, 336, 41884, 55.24
BOMDYEING, EQ, 25-Sep-2026, 109.63, 109.50, 110.87, 108.31, 109.68, 109.83, 109.48, 277583, 303.88, 2828, 83510, 30.08
BONLON, EQ, 25-Sep-2026, 41.32, 41.32, 41.90, 39.61, 41.55, 41.10, 41.01, 11772, 4.83, 269, 8919, 75.76
BORANA, EQ, 25-Sep-2026, 291.00, 291.00, 292.45, 286.00, 289.50, 288.00, 289.12, 24916, 72.04, 817, 17304, 69.45
BOROLTD, EQ, 25-Sep-2026, 259.31, 260.60, 274.60, 258.92, 268.39, 264.80, 265.78, 1348123, 3583.04, 24723, 490029, 36.35
BORORENEW, EQ, 25-Sep-2026, 459.75, 460.00, 460.25, 450.50, 456.10, 455.15, 454.68, 289701, 1317.21, 10075, 147461, 50.90
BOROSCI, EQ, 25-Sep-2026, 115.77, 115.88, 118.49, 115.05, 115.30, 115.55, 115.95, 61474, 71.28, 1097, 36186, 58.86
BOSCH-HCIL, EQ, 25-Sep-2026, 1730.00, 1748.00, 1843.50, 1727.20, 1823.00, 1811.60, 1801.82, 98241, 1770.13, 11366, 27787, 28.28
BOSCHLTD, EQ, 25-Sep-2026, 47750.00, 47700.00, 48445.00, 47700.00, 48250.00, 48250.00, 48114.69, 18852, 9070.58, 9458, 9359, 49.64
BPCL, EQ, 25-Sep-2026, 307.10, 308.10, 309.40, 305.80, 308.50, 308.50, 307.63, 1893466, 5824.87, 20754, 985016, 52.02
BPL, EQ, 25-Sep-2026, 44.85, 45.10, 45.49, 44.54, 45.00, 44.98, 44.96, 27183, 12.22, 366, 19371, 71.26
BPLPHARMA, EQ, 25-Sep-2026, 1581.70, 1578.90, 1898.00, 1570.10, 1898.00, 1898.00, 1819.74, 35202, 640.59, 2342, 19105, 54.27
BRACEPORT, SM, 25-Sep-2026, 70.50, 69.45, 69.45, 69.45, 69.45, 69.45, 69.45, 1600, 1.11, 1, 1600, 100.00
BRAHMINFRA, EQ, 25-Sep-2026, 153.13, 157.90, 157.90, 146.01, 149.40, 147.80, 149.48, 41413, 61.90, 427, 30286, 73.13
BRANDMAN, SM, 25-Sep-2026, 160.60, 165.50, 169.00, 161.70, 168.00, 167.10, 166.51, 16000, 26.64, 17, 12000, 75.00
BRIGADE, EQ, 25-Sep-2026, 606.20, 606.20, 610.00, 595.40, 596.90, 597.90, 599.37, 242813, 1455.35, 20094, 132222, 54.45
BRIGHOTEL, EQ, 25-Sep-2026, 56.11, 56.11, 56.94, 55.75, 55.80, 56.13, 56.03, 71084, 39.83, 1858, 52196, 73.43
BRIGHTBR, EQ, 25-Sep-2026, 240.50, 240.50, 247.00, 237.10, 246.00, 240.35, 240.18, 1236, 2.97, 67, 1233, 99.76
BRITANNIA, EQ, 25-Sep-2026, 4895.00, 4900.50, 4939.50, 4883.00, 4937.50, 4937.50, 4914.21, 107642, 5289.75, 13196, 55383, 51.45
BRNL, EQ, 25-Sep-2026, 16.71, 16.42, 17.37, 16.26, 16.69, 16.69, 16.62, 21702, 3.61, 228, 14698, 67.73
BROOKS, EQ, 25-Sep-2026, 59.40, 61.08, 61.10, 58.15, 58.99, 59.01, 59.20, 31872, 18.87, 375, 23179, 72.73
BSE, EQ, 25-Sep-2026, 3183.80, 3206.10, 3209.70, 3155.30, 3191.50, 3191.50, 3180.31, 4501619, 143165.25, 155125, 2523394, 56.06
BSE500IETF, EQ, 25-Sep-2026, 38.29, 38.28, 38.37, 38.08, 38.37, 38.32, 38.19, 86250, 32.94, 992, 49450, 57.33
BSHSL, EQ, 25-Sep-2026, 87.16, 85.00, 88.00, 85.00, 86.90, 86.90, 86.75, 1808, 1.57, 81, 1227, 67.87
BSL, EQ, 25-Sep-2026, 120.90, 120.30, 122.48, 119.10, 120.02, 120.64, 119.78, 2183, 2.61, 66, 1944, 89.05
BSLGOLDETF, EQ, 25-Sep-2026, 131.48, 132.50, 132.50, 131.43, 132.43, 132.40, 131.95, 1931415, 2548.56, 1241, 1909363, 98.86
BSLNIFTY, EQ, 25-Sep-2026, 27.15, 27.82, 27.82, 26.80, 27.15, 27.16, 27.15, 591858, 160.70, 4190, 319511, 53.98
BSLSENETFG, EQ, 25-Sep-2026, 74.42, 74.63, 74.83, 74.09, 74.83, 74.71, 74.47, 4921, 3.66, 83, 2693, 54.72
BSOFT, EQ, 25-Sep-2026, 277.70, 277.30, 278.15, 273.30, 274.20, 274.05, 274.93, 874041, 2402.98, 20044, 418161, 47.84
BTML, EQ, 25-Sep-2026, 6.97, 7.00, 8.00, 6.90, 7.33, 7.46, 7.31, 623099, 45.53, 482, 528135, 84.76
BTTL, BE, 25-Sep-2026, 39.00, 39.00, 40.88, 39.00, 40.50, 40.50, 40.10, 1930, 0.77, 13, -, -
BUILDPRO, EQ, 25-Sep-2026, 1272.60, 1285.30, 1285.30, 1259.30, 1265.00, 1276.10, 1273.84, 51409, 654.87, 3048, 37335, 72.62
BULKCORP, ST, 25-Sep-2026, 78.00, 81.80, 81.80, 81.80, 81.80, 81.80, 81.80, 1200, 0.98, 1, 1200, 100.00
BURNPUR, BE, 25-Sep-2026, 15.62, 15.60, 15.79, 15.05, 15.39, 15.32, 15.23, 23802, 3.63, 222, -, -
BUTTERFLY, EQ, 25-Sep-2026, 568.30, 565.30, 572.90, 560.25, 565.55, 566.70, 566.38, 11663, 66.06, 599, 7157, 61.37
BVCL, EQ, 25-Sep-2026, 41.18, 41.99, 41.99, 40.66, 41.16, 41.26, 41.37, 12620, 5.22, 141, 8867, 70.26
BYKE, EQ, 25-Sep-2026, 30.05, 30.00, 31.85, 29.60, 29.76, 29.76, 29.87, 19441, 5.81, 168, 16988, 87.38
C2C, SM, 25-Sep-2026, 173.30, 175.00, 179.00, 165.00, 166.70, 167.15, 169.71, 145950, 247.69, 661, 97500, 66.80
CADSYS, SM, 25-Sep-2026, 46.00, 43.70, 43.70, 43.70, 43.70, 43.70, 43.70, 500, 0.22, 1, 500, 100.00
CALSOFT, BE, 25-Sep-2026, 38.02, 37.78, 37.90, 36.12, 36.12, 36.12, 36.73, 227209, 83.45, 1019, -, -
CAMLINFINE, EQ, 25-Sep-2026, 97.25, 97.90, 97.90, 96.02, 97.28, 97.30, 96.96, 386533, 374.79, 4315, 180499, 46.70
CAMPUS, EQ, 25-Sep-2026, 210.95, 210.97, 211.07, 207.20, 210.80, 209.99, 208.88, 347831, 726.55, 8453, 133243, 38.31
CAMS, EQ, 25-Sep-2026, 710.60, 710.60, 714.90, 703.50, 707.35, 707.35, 707.62, 763343, 5401.57, 45939, 423542, 55.49
CANARYS, SM, 25-Sep-2026, 30.80, 30.15, 31.10, 30.15, 30.30, 30.35, 30.61, 116000, 35.51, 29, 80000, 68.97
CANBK, EQ, 25-Sep-2026, 125.90, 125.79, 126.70, 124.80, 124.99, 124.99, 125.23, 8341932, 10446.98, 38624, 3929678, 47.11
CANFINHOME, EQ, 25-Sep-2026, 743.15, 743.40, 758.00, 736.35, 753.40, 753.25, 749.45, 352616, 2642.67, 18037, 219484, 62.24
CANHLIFE, EQ, 25-Sep-2026, 151.51, 150.21, 151.70, 146.00, 150.90, 150.70, 148.95, 620247, 923.89, 17365, 244995, 39.50
CANTABIL, EQ, 25-Sep-2026, 238.52, 239.20, 239.94, 235.21, 236.00, 236.75, 237.22, 96663, 229.31, 2045, 42926, 44.41
CAPACITE, EQ, 25-Sep-2026, 192.57, 193.40, 193.50, 188.80, 191.70, 191.14, 190.52, 162257, 309.14, 3099, 68464, 42.19
CAPILLARY, EQ, 25-Sep-2026, 567.55, 567.05, 608.80, 556.80, 607.20, 599.45, 591.36, 1297575, 7673.28, 43366, 417895, 32.21
CAPINVIT, IV, 25-Sep-2026, 76.48, 76.84, 77.00, 75.50, 76.65, 76.59, 76.37, 300612, 229.59, 2148, 252923, 84.14
CAPITALSFB, EQ, 25-Sep-2026, 280.55, 278.10, 285.50, 278.10, 280.25, 282.75, 281.83, 15817, 44.58, 482, 9961, 62.98
CAPLIPOINT, EQ, 25-Sep-2026, 2867.40, 2867.00, 2909.60, 2785.00, 2835.00, 2835.10, 2838.84, 181149, 5142.53, 21886, 37049, 20.45
CAPTRUST, BE, 25-Sep-2026, 19.00, 18.80, 18.87, 18.15, 18.75, 18.72, 18.54, 15533, 2.88, 83, -, -
CARBORUNIV, EQ, 25-Sep-2026, 1296.50, 1292.00, 1294.90, 1252.00, 1279.90, 1278.50, 1270.58, 356177, 4525.50, 28929, 105083, 29.50
CARERATING, EQ, 25-Sep-2026, 1616.80, 1629.00, 1631.00, 1608.00, 1615.00, 1627.60, 1622.80, 14444, 234.40, 3048, 10320, 71.45
CARRARO, EQ, 25-Sep-2026, 550.05, 548.00, 548.10, 533.05, 539.80, 535.00, 538.98, 86135, 464.25, 5745, 46099, 53.52
CARTRADE, EQ, 25-Sep-2026, 3004.80, 3070.00, 3122.20, 2970.00, 3001.80, 3002.60, 3011.96, 322295, 9707.39, 38467, 96995, 30.10
CARYSIL, EQ, 25-Sep-2026, 1047.90, 1040.80, 1070.10, 1035.50, 1064.00, 1064.40, 1054.57, 88707, 935.48, 8615, 43552, 49.10
CASHIETF, EQ, 25-Sep-2026, 1080.84, 1081.27, 1081.29, 1081.27, 1081.27, 1081.27, 1081.28, 405110, 4380.38, 126, 253859, 62.66
CASTROLIND, EQ, 25-Sep-2026, 194.80, 194.80, 202.10, 194.23, 201.59, 201.67, 199.56, 13237379, 26417.06, 94341, 6444928, 48.69
CBAZAAR, SM, 25-Sep-2026, 5.00, 5.10, 5.10, 5.10, 5.10, 5.10, 5.10, 8000, 0.41, 1, 8000, 100.00
CCAVENUE, EQ, 25-Sep-2026, 15.99, 16.02, 16.14, 15.74, 15.90, 15.89, 15.93, 6133145, 977.03, 9946, 2581828, 42.10
CCCL, EQ, 25-Sep-2026, 13.31, 13.75, 13.75, 13.20, 13.40, 13.32, 13.28, 122449, 16.27, 363, 91533, 74.75
CCHHL, EQ, 25-Sep-2026, 13.49, 13.10, 13.54, 13.10, 13.10, 13.14, 13.27, 25038, 3.32, 191, 17740, 70.85
CCL, EQ, 25-Sep-2026, 1039.50, 1037.00, 1053.00, 1027.50, 1052.00, 1044.40, 1039.88, 268782, 2795.00, 16573, 184411, 68.61
CDSL, EQ, 25-Sep-2026, 1320.00, 1320.00, 1337.40, 1313.00, 1318.00, 1318.00, 1323.19, 1248040, 16513.89, 44343, 611767, 49.02
CEATLTD, EQ, 25-Sep-2026, 3353.80, 3369.20, 3391.60, 3334.00, 3361.70, 3352.20, 3357.01, 38247, 1283.95, 6188, 18211, 47.61
CEDAAR, ST, 25-Sep-2026, 11.10, 10.90, 10.90, 10.90, 10.90, 10.90, 10.90, 1000, 0.11, 1, 1000, 100.00
CEIGALL, EQ, 25-Sep-2026, 382.55, 382.00, 388.10, 377.50, 385.30, 384.10, 383.36, 203979, 781.97, 4939, 103223, 50.60
CEINSYS, EQ, 25-Sep-2026, 695.50, 701.15, 709.95, 678.30, 688.90, 687.45, 689.90, 46454, 320.49, 2580, 26568, 57.19
CELEBRITY, EQ, 25-Sep-2026, 6.56, 6.43, 6.78, 6.43, 6.66, 6.63, 6.60, 18954, 1.25, 64, 16962, 89.49
CELLECOR, SM, 25-Sep-2026, 30.50, 30.35, 30.40, 29.50, 29.50, 29.60, 29.98, 156000, 46.78, 41, 114000, 73.08
CELLO, EQ, 25-Sep-2026, 339.80, 338.00, 341.50, 331.25, 336.50, 338.50, 336.18, 268152, 901.47, 14870, 105491, 39.34
CEMNTGROWW, EQ, 25-Sep-2026, 14.14, 14.14, 14.34, 14.01, 14.15, 14.13, 14.10, 41703, 5.88, 328, 29292, 70.24
CEMPRO, EQ, 25-Sep-2026, 1268.50, 1271.00, 1285.80, 1243.00, 1259.90, 1257.20, 1258.56, 111230, 1399.89, 10070, 52908, 47.57
CENTENKA, EQ, 25-Sep-2026, 567.55, 570.50, 575.05, 558.00, 566.50, 570.95, 565.52, 19070, 107.84, 1416, 9875, 51.78
CENTEXT, EQ, 25-Sep-2026, 18.82, 19.00, 19.00, 18.40, 18.46, 18.56, 18.60, 108079, 20.10, 699, 77027, 71.27
CENTEXT-RE, BE, 25-Sep-2026, 1.92, 2.25, 2.45, 1.91, 2.29, 2.08, 2.09, 215876, 4.52, 437, -, -
CENTRALBK, EQ, 25-Sep-2026, 31.19, 31.18, 31.35, 31.06, 31.12, 31.18, 31.19, 3133875, 977.36, 9559, 1950589, 62.24
CENTRUM, EQ, 25-Sep-2026, 21.06, 21.25, 21.65, 20.51, 21.46, 21.24, 20.98, 403133, 84.57, 1412, 236855, 58.75
CENTUM, EQ, 25-Sep-2026, 4837.60, 4874.90, 4909.90, 4753.50, 4799.90, 4802.30, 4832.37, 73380, 3545.99, 12927, 36434, 49.65
CENTURYPLY, EQ, 25-Sep-2026, 694.25, 700.90, 701.80, 688.80, 691.05, 694.45, 695.38, 50249, 349.42, 6192, 26449, 52.64
CERA, EQ, 25-Sep-2026, 5492.50, 5490.00, 5511.50, 5343.50, 5390.00, 5396.50, 5398.70, 25221, 1361.61, 4841, 18253, 72.37
CESC, EQ, 25-Sep-2026, 139.89, 140.24, 140.75, 137.63, 139.99, 139.86, 139.31, 2429335, 3384.21, 47500, 1289653, 53.09
CEWATER, EQ, 25-Sep-2026, 268.75, 270.85, 270.85, 261.75, 264.00, 264.45, 264.41, 28701, 75.89, 1787, 12647, 44.06
CFEL, BE, 25-Sep-2026, 46.53, 46.00, 47.99, 44.28, 47.02, 47.03, 46.01, 11996, 5.52, 162, -, -
CGCL, EQ, 25-Sep-2026, 259.40, 259.40, 260.15, 252.50, 253.75, 253.70, 255.18, 984973, 2513.47, 12861, 379736, 38.55
CGPOWER, EQ, 25-Sep-2026, 886.70, 889.50, 895.90, 877.50, 886.00, 886.00, 885.23, 964372, 8536.95, 27208, 410477, 42.56
CGRAPHICS, SM, 25-Sep-2026, 134.50, 135.90, 136.85, 134.00, 134.00, 134.05, 135.15, 10400, 14.06, 13, 7200, 69.23
CGVAK, EQ, 25-Sep-2026, 148.11, 148.00, 156.21, 146.00, 154.00, 153.41, 149.99, 7674, 11.51, 111, 5425, 70.69
CHALET, EQ, 25-Sep-2026, 894.90, 894.00, 896.10, 876.10, 876.50, 881.35, 889.37, 71076, 632.13, 13381, 35939, 50.56
CHAMBLFERT, EQ, 25-Sep-2026, 418.20, 418.00, 423.50, 416.00, 418.00, 417.95, 419.23, 551322, 2311.30, 12620, 319554, 57.96
CHAMUNDA, SM, 25-Sep-2026, 40.55, 41.00, 41.85, 40.50, 41.85, 41.85, 41.09, 12000, 4.93, 4, 9000, 75.00
CHANDAN, SM, 25-Sep-2026, 231.30, 231.35, 243.80, 231.35, 241.00, 241.20, 238.42, 48000, 114.44, 60, 29600, 61.67
CHAVDA, SM, 25-Sep-2026, 70.30, 72.80, 76.05, 72.75, 73.35, 73.30, 74.19, 76000, 56.39, 37, 56000, 73.68
CHEMBOND, EQ, 25-Sep-2026, 191.59, 196.00, 197.00, 189.01, 197.00, 191.99, 191.99, 8106, 15.56, 308, 5963, 73.56
CHEMBONDCH, BE, 25-Sep-2026, 249.60, 257.45, 257.45, 252.00, 253.60, 254.95, 254.16, 1579, 4.01, 61, -, -
CHEMCON, BE, 25-Sep-2026, 228.08, 226.00, 233.00, 225.10, 228.10, 227.84, 226.88, 30935, 70.18, 370, -, -
CHEMCRUX, EQ, 25-Sep-2026, 78.61, 79.75, 81.80, 79.00, 79.87, 79.87, 80.03, 5371, 4.30, 129, 4805, 89.46
CHEMFAB, EQ, 25-Sep-2026, 358.20, 358.20, 358.80, 335.00, 348.10, 352.65, 346.20, 10927, 37.83, 493, 6781, 62.06
CHEMICAL, EQ, 25-Sep-2026, 29.13, 29.20, 29.32, 28.97, 29.23, 29.14, 29.13, 228662, 66.61, 972, 118475, 51.81
CHEMPLASTS, EQ, 25-Sep-2026, 192.65, 194.01, 202.47, 191.53, 197.39, 197.47, 197.75, 559516, 1106.47, 9380, 136987, 24.48
CHENNPETRO, EQ, 25-Sep-2026, 1372.70, 1372.80, 1412.00, 1368.60, 1378.00, 1376.40, 1385.77, 1115488, 15458.10, 52408, 249840, 22.40
CHEVIOT, EQ, 25-Sep-2026, 1166.60, 1165.20, 1215.00, 1162.30, 1192.00, 1182.80, 1199.39, 3044, 36.51, 240, 1859, 61.07
CHOICEGOLD, EQ, 25-Sep-2026, 148.10, 148.25, 150.88, 148.20, 149.64, 149.13, 148.89, 2961, 4.41, 107, 1918, 64.78
CHOICEIN, EQ, 25-Sep-2026, 749.50, 749.50, 760.95, 748.00, 751.00, 751.05, 753.90, 324562, 2446.88, 7669, 31780, 9.79
CHOLAFIN, EQ, 25-Sep-2026, 1681.70, 1678.10, 1681.90, 1637.60, 1662.70, 1662.70, 1653.14, 2878656, 47588.15, 88428, 1803938, 62.67
CHOLAHLDNG, EQ, 25-Sep-2026, 1432.60, 1424.80, 1431.70, 1388.00, 1401.90, 1400.60, 1397.69, 328724, 4594.54, 34415, 191449, 58.24
CIEINDIA, EQ, 25-Sep-2026, 388.95, 389.00, 392.00, 384.35, 390.10, 390.80, 388.62, 191799, 745.37, 9806, 84609, 44.11
CIFL, EQ, 25-Sep-2026, 21.76, 21.33, 22.49, 20.81, 22.03, 22.04, 21.44, 84467, 18.11, 580, 58968, 69.81
CINELINE, EQ, 25-Sep-2026, 89.17, 88.60, 92.30, 88.00, 89.00, 89.19, 89.01, 16644, 14.81, 537, 10406, 62.52
CINEVISTA, EQ, 25-Sep-2026, 14.11, 14.48, 14.48, 13.60, 14.06, 14.04, 13.84, 8262, 1.14, 139, 7486, 90.61
CIPLA, EQ, 25-Sep-2026, 1399.00, 1402.90, 1421.00, 1388.40, 1399.70, 1399.70, 1403.51, 1166527, 16372.31, 35556, 422353, 36.21
CITIUSINVT, IV, 25-Sep-2026, 117.04, 117.04, 119.85, 116.33, 116.46, 116.92, 117.76, 3480, 4.10, 106, 1445, 41.52
CKKRETAIL, SM, 25-Sep-2026, 178.35, 178.00, 178.00, 173.00, 175.10, 176.70, 175.95, 377600, 664.40, 75, 162400, 43.01
CLASSICEIL, SM, 25-Sep-2026, 53.00, 52.00, 52.00, 52.00, 52.00, 52.00, 52.00, 9600, 4.99, 5, 9600, 100.00
CLAYCRAFT, SM, 25-Sep-2026, 159.80, 159.00, 175.50, 158.00, 172.00, 171.20, 167.94, 102000, 171.30, 118, 85800, 84.12
CLEAN, EQ, 25-Sep-2026, 815.45, 816.40, 823.90, 805.00, 808.00, 807.25, 809.54, 161379, 1306.43, 11345, 76223, 47.23
CLEANMAX, EQ, 25-Sep-2026, 1385.20, 1387.00, 1475.00, 1380.00, 1394.00, 1393.40, 1419.26, 888358, 12608.08, 53590, 393114, 44.25
CLEDUCATE, EQ, 25-Sep-2026, 55.07, 55.00, 57.82, 54.07, 55.93, 54.84, 56.38, 27607, 15.56, 174, 23827, 86.31
CLSEL, EQ, 25-Sep-2026, 292.40, 295.40, 297.15, 290.60, 292.00, 294.70, 293.19, 21698, 63.62, 830, 7514, 34.63
CLSL, ST, 25-Sep-2026, 70.00, 66.50, 66.50, 66.50, 66.50, 66.50, 66.50, 2000, 1.33, 1, 2000, 100.00
CMLL, EQ, 25-Sep-2026, 506.25, 508.70, 519.65, 500.65, 517.55, 516.85, 513.30, 336329, 1726.38, 21033, 156761, 46.61
CMNL, SM, 25-Sep-2026, 111.50, 110.55, 116.95, 110.55, 116.95, 116.90, 114.28, 9000, 10.29, 9, 7500, 83.33
CMPDI, EQ, 25-Sep-2026, 206.71, 207.49, 211.45, 205.00, 210.50, 210.20, 208.29, 1078380, 2246.18, 15023, 432206, 40.08
CMRGREEN, EQ, 25-Sep-2026, 220.72, 221.99, 227.50, 218.57, 224.00, 224.49, 223.19, 591723, 1320.67, 20970, 292439, 49.42
CMSINFO, EQ, 25-Sep-2026, 232.32, 232.32, 235.50, 228.50, 232.89, 233.17, 232.19, 504573, 1171.57, 11899, 286387, 56.76
CNL, EQ, 25-Sep-2026, 1106.90, 1107.30, 1134.40, 1090.10, 1108.40, 1098.20, 1100.09, 7969, 87.67, 1213, 4082, 51.22
COALINDIA, EQ, 25-Sep-2026, 422.00, 424.00, 426.65, 421.35, 426.10, 426.10, 425.10, 4798343, 20397.56, 62601, 2790062, 58.15
COASTCORP, EQ, 25-Sep-2026, 37.68, 38.47, 38.47, 35.66, 36.27, 36.13, 36.74, 124729, 45.82, 1697, 83928, 67.29
COCHINSHIP, EQ, 25-Sep-2026, 1370.00, 1370.00, 1385.00, 1365.00, 1377.00, 1377.00, 1373.73, 421803, 5794.43, 18229, 105443, 25.00
COCKERILL, EQ, 25-Sep-2026, 7955.50, 8049.00, 8054.00, 7925.00, 7925.00, 7956.00, 7989.05, 2130, 170.17, 740, 966, 45.35
COFFEEDAY, EQ, 25-Sep-2026, 30.70, 30.75, 31.00, 29.81, 30.31, 30.29, 30.32, 497297, 150.78, 2238, 317265, 63.80
COFORGE, EQ, 25-Sep-2026, 1785.90, 1786.90, 1793.60, 1767.10, 1784.00, 1784.00, 1780.30, 803153, 14298.52, 55891, 343978, 42.83
COHANCE, EQ, 25-Sep-2026, 454.15, 456.30, 460.00, 450.05, 458.70, 459.25, 452.94, 557235, 2523.94, 10836, 413137, 74.14
COLPAL, EQ, 25-Sep-2026, 1854.80, 1854.80, 1862.20, 1835.40, 1855.80, 1855.80, 1844.33, 359623, 6632.64, 19392, 197689, 54.97
COMFINTE, EQ, 25-Sep-2026, 5.69, 5.88, 6.66, 5.66, 6.59, 6.51, 6.37, 1363067, 86.86, 1378, 614661, 45.09
COMMITTED, SM, 25-Sep-2026, 322.80, 306.00, 325.50, 306.00, 324.95, 322.55, 319.25, 4000, 12.77, 5, 3200, 80.00
COMMOIETF, EQ, 25-Sep-2026, 96.98, 96.98, 97.43, 96.60, 97.00, 96.96, 96.94, 20435, 19.81, 425, 12978, 63.51
COMPEAU, EQ, 25-Sep-2026, 365.00, 365.00, 370.00, 365.00, 365.00, 365.00, 366.10, 502, 1.84, 12, 502, 100.00
COMPINFO, BZ, 25-Sep-2026, 1.07, 1.08, 1.12, 1.02, 1.03, 1.03, 1.06, 27280, 0.29, 42, -, -
COMPUSOFT, EQ, 25-Sep-2026, 13.30, 13.43, 13.64, 13.01, 13.40, 13.19, 13.24, 11907, 1.58, 122, 10283, 86.36
COMSYN, EQ, 25-Sep-2026, 292.50, 296.90, 307.00, 281.10, 281.15, 282.85, 298.42, 2054003, 6129.49, 16233, 926114, 45.09
CONCOR, EQ, 25-Sep-2026, 466.30, 467.80, 468.15, 458.55, 461.50, 461.50, 462.70, 704143, 3258.08, 16918, 221333, 31.43
CONCORDBIO, EQ, 25-Sep-2026, 1478.80, 1464.80, 1479.00, 1439.20, 1453.00, 1453.60, 1457.59, 125029, 1822.41, 16189, 56412, 45.12
CONFIPET, EQ, 25-Sep-2026, 86.29, 87.80, 88.60, 86.08, 87.83, 88.28, 87.46, 1380621, 1207.47, 19539, 536461, 38.86
CONNPLEX, SM, 25-Sep-2026, 260.25, 264.00, 264.00, 254.90, 255.55, 256.50, 256.97, 33600, 86.34, 38, 26400, 78.57
CONS, EQ, 25-Sep-2026, 11.73, 11.73, 11.79, 11.68, 11.79, 11.75, 11.72, 24760, 2.90, 109, 19678, 79.47
CONSOFINVT, BE, 25-Sep-2026, 289.70, 288.00, 293.90, 284.00, 290.00, 285.10, 287.15, 4348, 12.49, 43, -, -
CONSUMAXIS, EQ, 25-Sep-2026, 117.33, 117.35, 117.35, 116.87, 117.27, 117.27, 117.17, 380, 0.45, 20, 222, 58.42
CONSUMBEES, EQ, 25-Sep-2026, 127.10, 127.10, 128.00, 126.58, 127.36, 127.51, 127.15, 32256, 41.01, 763, 14413, 44.68
CONSUMER, EQ, 25-Sep-2026, 11.63, 11.62, 11.64, 11.56, 11.64, 11.61, 11.60, 68101, 7.90, 354, 44296, 65.04
CONSUMIETF, EQ, 25-Sep-2026, 118.21, 118.26, 121.00, 117.66, 118.65, 118.30, 117.98, 9386, 11.07, 160, 6196, 66.01
CONTROLPR, EQ, 25-Sep-2026, 584.65, 582.80, 594.25, 581.15, 591.00, 591.80, 589.89, 23882, 140.88, 1036, 15101, 63.23
COOLCAPS, SM, 25-Sep-2026, 24.45, 24.85, 24.85, 23.10, 24.20, 24.45, 23.91, 61250, 14.65, 48, 38750, 63.27
CORALFINAC, EQ, 25-Sep-2026, 31.29, 31.98, 31.98, 31.20, 31.82, 31.77, 31.61, 6235, 1.97, 84, 4102, 65.79
CORDELIA, EQ, 25-Sep-2026, 107.97, 109.09, 109.17, 104.41, 105.77, 105.21, 105.83, 1083139, 1146.25, 10076, 607261, 56.06
CORDSCABLE, BE, 25-Sep-2026, 366.75, 362.50, 363.05, 348.45, 348.45, 348.80, 351.12, 65198, 228.92, 1188, -, -
COROMANDEL, EQ, 25-Sep-2026, 1942.50, 1942.50, 1975.00, 1934.00, 1943.20, 1963.90, 1947.26, 49460, 963.11, 8668, 23731, 47.98
CORONA, EQ, 25-Sep-2026, 2111.00, 2125.00, 2135.60, 2105.00, 2105.00, 2117.70, 2121.16, 8603, 182.48, 1740, 4092, 47.56
COSMOFIRST, EQ, 25-Sep-2026, 857.25, 857.25, 859.95, 844.10, 845.20, 849.40, 849.56, 32823, 278.85, 2216, 19172, 58.41
COUNCODOS, BE, 25-Sep-2026, 6.38, 6.44, 6.51, 6.15, 6.49, 6.46, 6.34, 18737, 1.19, 133, -, -
CPCAP, EQ, 25-Sep-2026, 154.60, 155.37, 155.37, 153.15, 153.89, 153.93, 154.12, 13613, 20.98, 429, 10065, 73.94
CPEDU, EQ, 25-Sep-2026, 179.17, 179.17, 180.90, 172.50, 176.00, 177.14, 174.07, 1982, 3.45, 61, 1788, 90.21
CPL, EQ, 25-Sep-2026, 62.54, 62.54, 63.50, 62.50, 63.50, 63.23, 63.10, 26032, 16.43, 1089, 11894, 45.69
CPPLUS, EQ, 25-Sep-2026, 3800.10, 3802.00, 3943.00, 3663.20, 3716.00, 3687.50, 3787.12, 165927, 6283.85, 25391, 89348, 53.85
CPSEETF, EQ, 25-Sep-2026, 92.72, 92.72, 93.50, 92.46, 93.50, 93.04, 92.84, 435641, 404.44, 8621, 249963, 57.38
CRAFTSMAN, EQ, 25-Sep-2026, 10710.00, 10671.00, 10799.00, 10568.00, 10754.00, 10735.00, 10701.81, 39510, 4228.29, 14128, 21870, 55.35
CRAMC, EQ, 25-Sep-2026, 228.80, 228.75, 231.90, 227.60, 230.15, 230.45, 229.59, 153397, 352.19, 3545, 95840, 62.48
CRAVATEX, EQ, 25-Sep-2026, 361.45, 361.50, 383.00, 347.10, 372.10, 369.75, 363.09, 542, 1.97, 89, 385, 71.03
CRAYONS, SM, 25-Sep-2026, 24.50, 24.50, 24.50, 24.50, 24.50, 24.50, 24.50, 2000, 0.49, 1, 2000, 100.00
CREATIVEYE, EQ, 25-Sep-2026, 6.26, 6.41, 6.41, 5.92, 5.98, 6.19, 6.13, 5749, 0.35, 88, 4617, 80.31
CREDENT, SM, 25-Sep-2026, 385.05, 380.00, 402.00, 380.00, 401.00, 397.40, 395.85, 58800, 232.76, 95, 45600, 77.55
CREDITACC, EQ, 25-Sep-2026, 1315.10, 1315.10, 1321.80, 1295.00, 1297.40, 1298.80, 1304.58, 109014, 1422.18, 10425, 59383, 54.47
CREST, EQ, 25-Sep-2026, 364.15, 361.00, 370.00, 354.00, 358.05, 362.90, 362.33, 4329, 15.69, 122, 2294, 52.99
CRESTO, EQ, 25-Sep-2026, 24.13, 24.16, 24.42, 21.72, 21.72, 22.03, 22.43, 258969, 58.09, 1563, 123678, 47.76
CRISIL, EQ, 25-Sep-2026, 4503.50, 4488.80, 4547.80, 4430.00, 4521.80, 4520.00, 4503.11, 36310, 1635.08, 9996, 17886, 49.26
CRIZAC, EQ, 25-Sep-2026, 186.10, 186.02, 187.49, 179.81, 182.59, 182.79, 183.05, 197948, 362.34, 6452, 78516, 39.66
CROMPTON, EQ, 25-Sep-2026, 219.80, 219.80, 221.75, 217.50, 218.60, 218.60, 219.19, 1374776, 3013.41, 16369, 532495, 38.73
CROWN, EQ, 25-Sep-2026, 117.94, 119.50, 122.00, 116.05, 118.97, 119.36, 119.26, 9405, 11.22, 217, 7681, 81.67
CRSL, BE, 25-Sep-2026, 2.50, 2.50, 2.54, 2.38, 2.38, 2.40, 2.40, 838282, 20.10, 851, -, -
CSBBANK, EQ, 25-Sep-2026, 333.75, 333.75, 334.95, 326.80, 334.00, 333.70, 331.13, 186281, 616.83, 9169, 59040, 31.69
CSLFINANCE, EQ, 25-Sep-2026, 211.73, 210.10, 215.74, 210.00, 215.25, 215.19, 213.93, 15271, 32.67, 622, 10017, 65.59
CSM, EQ, 25-Sep-2026, 101.57, 102.00, 104.50, 100.10, 102.77, 102.35, 102.65, 586845, 602.42, 2550, 309697, 52.77
CSSL, SM, 25-Sep-2026, 77.20, 79.50, 79.50, 75.50, 76.00, 75.75, 76.98, 10000, 7.70, 10, 7000, 70.00
CTE, BE, 25-Sep-2026, 43.79, 43.79, 44.00, 42.40, 43.40, 43.48, 43.50, 2620, 1.14, 36, -, -
CUB, EQ, 25-Sep-2026, 220.52, 223.39, 227.11, 221.79, 223.15, 225.57, 224.02, 1484087, 3324.69, 25159, 744880, 50.19
CUBEINVIT, IV, 25-Sep-2026, 155.99, 156.46, 156.46, 155.75, 155.95, 155.89, 156.01, 348652, 543.95, 5520, 333819, 95.75
CUBEXTUB, EQ, 25-Sep-2026, 138.40, 147.90, 152.24, 130.05, 152.24, 152.24, 146.69, 2579721, 3784.06, 26657, 1029059, 39.89
CUMMINSIND, EQ, 25-Sep-2026, 4973.00, 4972.00, 4991.50, 4922.50, 4945.00, 4945.00, 4948.63, 337303, 16691.87, 25926, 215891, 64.01
CUPID, EQ, 25-Sep-2026, 266.30, 267.10, 274.30, 265.05, 270.10, 270.00, 271.10, 13680181, 37087.31, 107650, 4063342, 29.70
CURAA, BE, 25-Sep-2026, 74.40, 72.00, 72.00, 72.00, 72.00, 72.00, 72.00, 28, 0.02, 4, -, -
CURIS, ST, 25-Sep-2026, 213.00, 222.90, 223.65, 218.20, 223.65, 223.65, 222.83, 15000, 33.43, 15, 12000, 80.00
CURRENT, SM, 25-Sep-2026, 92.65, 93.50, 94.90, 93.00, 94.90, 94.70, 93.93, 12800, 12.02, 8, 12800, 100.00
CYBERMEDIA, BE, 25-Sep-2026, 20.64, 20.53, 20.53, 20.00, 20.19, 20.18, 20.15, 6032, 1.22, 66, -, -
CYBERTECH, BE, 25-Sep-2026, 137.01, 138.38, 138.90, 132.05, 138.00, 137.88, 135.73, 12819, 17.40, 173, -, -
CYIENT, EQ, 25-Sep-2026, 1057.80, 1057.30, 1103.70, 1050.30, 1095.80, 1094.70, 1081.15, 334991, 3621.75, 27401, 112941, 33.71
CYIENTDLM, EQ, 25-Sep-2026, 912.70, 914.00, 937.90, 913.00, 932.00, 931.40, 925.27, 261221, 2417.01, 16751, 83710, 32.05
DABUR, EQ, 25-Sep-2026, 385.70, 384.80, 386.00, 381.55, 385.60, 385.60, 384.33, 690022, 2651.95, 15004, 391166, 56.69
DAICHI, BE, 25-Sep-2026, 326.30, 327.90, 330.00, 320.00, 330.00, 328.45, 327.07, 385, 1.26, 13, -, -
DALBHARAT, EQ, 25-Sep-2026, 1721.20, 1746.20, 1746.20, 1680.70, 1703.50, 1700.20, 1697.25, 254282, 4315.79, 20652, 175277, 68.93
DALMIASUG, EQ, 25-Sep-2026, 399.50, 399.50, 434.65, 396.05, 429.00, 428.75, 421.38, 1009477, 4253.69, 32181, 205463, 20.35
DAMCAPITAL, EQ, 25-Sep-2026, 137.20, 137.20, 139.68, 135.74, 138.70, 138.18, 137.17, 177289, 243.19, 4657, 73867, 41.66
DAMODARIND, BE, 25-Sep-2026, 28.61, 29.47, 29.49, 28.30, 29.10, 28.45, 28.91, 3496, 1.01, 45, -, -
DANGEE, EQ, 25-Sep-2026, 2.97, 3.16, 3.26, 2.98, 3.26, 3.26, 3.19, 909887, 29.03, 715, 592654, 65.13
DANISH, SM, 25-Sep-2026, 950.45, 955.00, 959.70, 910.00, 951.00, 947.60, 938.47, 29550, 277.32, 152, 19650, 66.50
DATAMATICS, EQ, 25-Sep-2026, 783.95, 777.05, 822.45, 767.15, 805.00, 807.60, 805.21, 216033, 1739.53, 12192, 67639, 31.31
DATAPATTNS, EQ, 25-Sep-2026, 4395.50, 4415.00, 4452.00, 4355.00, 4418.00, 4418.80, 4405.63, 233402, 10282.84, 26676, 50963, 21.83
DAVANGERE, EQ, 25-Sep-2026, 2.19, 2.19, 2.40, 2.15, 2.40, 2.40, 2.33, 28793669, 670.82, 4381, 17232741, 59.85
DBCORP, EQ, 25-Sep-2026, 180.31, 180.31, 183.00, 178.10, 183.00, 181.71, 179.90, 40295, 72.49, 1503, 23199, 57.57
DBEIL, EQ, 25-Sep-2026, 6.64, 6.79, 6.86, 6.50, 6.57, 6.63, 6.66, 121300, 8.07, 511, 75276, 62.06
DBL, EQ, 25-Sep-2026, 412.60, 413.90, 414.00, 407.05, 410.15, 412.45, 410.05, 100526, 412.20, 3401, 45420, 45.18
DBOL, EQ, 25-Sep-2026, 113.20, 112.51, 123.00, 112.51, 121.70, 122.25, 119.60, 352645, 421.77, 7699, 144741, 41.04
DBREALTY, EQ, 25-Sep-2026, 100.22, 100.99, 100.99, 98.20, 99.30, 100.08, 99.40, 667369, 663.36, 5965, 390511, 58.52
DBSTOCKBRO, BE, 25-Sep-2026, 30.28, 30.28, 31.79, 30.00, 30.08, 31.13, 31.08, 9892, 3.07, 44, -, -
DCAL, EQ, 25-Sep-2026, 168.19, 168.00, 170.57, 165.81, 166.85, 168.19, 167.71, 65506, 109.86, 1944, 31945, 48.77
DCBBANK, EQ, 25-Sep-2026, 213.35, 215.19, 216.37, 213.50, 213.60, 214.09, 214.38, 951797, 2040.50, 12814, 564907, 59.35
DCCL, SM, 25-Sep-2026, 40.50, 40.90, 41.85, 40.90, 41.85, 41.85, 41.32, 10000, 4.13, 5, 10000, 100.00
DCG, ST, 25-Sep-2026, 71.05, 72.50, 74.60, 72.50, 74.60, 74.60, 73.54, 14400, 10.59, 11, 13200, 91.67
DCI, EQ, 25-Sep-2026, 302.40, 299.05, 311.60, 295.20, 303.00, 302.00, 302.73, 114505, 346.64, 5979, 30539, 26.67
DCM, EQ, 25-Sep-2026, 75.07, 75.01, 75.99, 74.98, 75.00, 75.00, 75.00, 9883, 7.41, 71, 9866, 99.83
DCMFINSERV, EQ, 25-Sep-2026, 4.99, 5.09, 5.09, 4.96, 4.98, 5.02, 4.99, 4208, 0.21, 155, 3047, 72.41
DCMNVL, EQ, 25-Sep-2026, 178.64, 177.98, 181.00, 177.15, 181.00, 179.15, 178.58, 8893, 15.88, 921, 3224, 36.25
DCMSHRIRAM, EQ, 25-Sep-2026, 975.60, 975.00, 979.40, 966.20, 973.60, 974.30, 973.83, 20353, 198.20, 3983, 11184, 54.95
DCMSIL, EQ, 25-Sep-2026, 85.20, 88.00, 88.00, 82.01, 83.25, 83.98, 85.42, 261587, 223.46, 3391, 141178, 53.97
DCMSRIND, EQ, 25-Sep-2026, 37.88, 37.65, 41.33, 37.56, 39.75, 39.71, 39.34, 2401956, 944.91, 20013, 1019286, 42.44
DCW, EQ, 25-Sep-2026, 48.36, 48.36, 49.29, 47.61, 48.64, 48.72, 48.52, 1396410, 677.55, 6994, 617370, 44.21
DCXINDIA, EQ, 25-Sep-2026, 162.28, 161.50, 164.00, 158.32, 162.50, 161.99, 161.13, 455756, 734.37, 7166, 233697, 51.28
DDEVPLSTIK, EQ, 25-Sep-2026, 257.75, 259.25, 262.00, 254.00, 255.00, 256.15, 255.89, 81482, 208.50, 2080, 50207, 61.62
DECCANCE, EQ, 25-Sep-2026, 555.95, 561.45, 561.45, 547.05, 559.20, 553.55, 552.73, 13335, 73.71, 536, 8333, 62.49
DECCANTRAN, SM, 25-Sep-2026, 21.50, 21.50, 21.75, 21.50, 21.75, 21.75, 21.65, 3600, 0.78, 3, 3600, 100.00
DECNGOLD, EQ, 25-Sep-2026, 214.51, 215.00, 215.63, 209.99, 214.80, 213.00, 212.65, 989554, 2104.27, 16045, 454976, 45.98
DEEDEV, EQ, 25-Sep-2026, 675.60, 675.00, 678.55, 655.55, 657.15, 666.20, 663.92, 130551, 866.75, 8660, 68886, 52.77
DEEM, ST, 25-Sep-2026, 47.40, 47.40, 47.40, 47.40, 47.40, 47.40, 47.40, 1000, 0.47, 1, 1000, 100.00
DEEP, BE, 25-Sep-2026, 45.10, 44.05, 45.50, 44.05, 45.50, 45.50, 45.03, 3636, 1.64, 31, -, -
DEEPA, EQ, 25-Sep-2026, 194.18, 195.00, 221.00, 195.00, 212.65, 213.12, 211.73, 19215814, 40684.78, 183907, 3035814, 15.80
DEEPAKFERT, EQ, 25-Sep-2026, 1361.40, 1361.00, 1397.80, 1341.50, 1362.00, 1363.80, 1369.72, 394991, 5410.26, 25546, 128664, 32.57
DEEPAKNTR, EQ, 25-Sep-2026, 1600.90, 1601.10, 1608.30, 1575.00, 1586.00, 1587.10, 1587.36, 69925, 1109.96, 8907, 33440, 47.82
DEEPINDS, EQ, 25-Sep-2026, 766.00, 768.90, 792.00, 764.10, 780.00, 781.10, 780.93, 339780, 2653.45, 20023, 127008, 37.38
DEFENCE, EQ, 25-Sep-2026, 78.32, 78.33, 78.60, 77.82, 78.60, 78.48, 78.23, 93808, 73.39, 803, 40637, 43.32
DELHIVERY, EQ, 25-Sep-2026, 426.30, 426.30, 426.35, 418.35, 422.70, 422.70, 421.58, 3334319, 14056.89, 65923, 1948774, 58.45
DELPHIFX, BE, 25-Sep-2026, 5.91, 6.20, 6.20, 6.20, 6.20, 6.20, 6.20, 30897, 1.92, 41, -, -
DELTACORP, EQ, 25-Sep-2026, 72.68, 73.44, 77.89, 69.31, 76.80, 76.84, 75.81, 26445158, 20047.85, 113071, 4887142, 18.48
DELTAMAGNT, EQ, 25-Sep-2026, 54.45, 56.89, 60.00, 53.91, 58.27, 57.16, 57.29, 9102, 5.21, 159, 7265, 79.82
DELTIC, SM, 25-Sep-2026, 34.45, 31.25, 34.70, 31.15, 34.70, 34.70, 32.63, 8000, 2.61, 8, 5000, 62.50
DEN, EQ, 25-Sep-2026, 26.52, 26.52, 26.69, 26.20, 26.43, 26.38, 26.33, 271603, 71.51, 1379, 151488, 55.78
DENEERS, SM, 25-Sep-2026, 172.95, 171.25, 184.60, 171.25, 181.85, 182.80, 179.47, 18600, 33.38, 26, 15600, 83.87
DENORA, EQ, 25-Sep-2026, 783.90, 798.75, 798.75, 765.00, 769.80, 766.50, 771.70, 4443, 34.29, 465, 3592, 80.85
DENTA, EQ, 25-Sep-2026, 270.10, 278.55, 280.20, 268.00, 276.10, 276.70, 274.01, 137637, 377.13, 4213, 49845, 36.21
DENTALKART, SM, 25-Sep-2026, 413.25, 410.05, 416.95, 410.00, 414.00, 414.00, 410.56, 5000, 20.53, 9, 4500, 90.00
DEVIT, EQ, 25-Sep-2026, 22.59, 22.61, 23.40, 21.60, 22.22, 22.28, 22.49, 52336, 11.77, 823, 38318, 73.22
DEVX, EQ, 25-Sep-2026, 36.13, 36.13, 36.55, 35.20, 35.50, 35.97, 36.05, 179787, 64.80, 707, 160658, 89.36
DEVYANI, EQ, 25-Sep-2026, 137.50, 137.50, 137.65, 133.11, 134.72, 135.02, 135.03, 1070431, 1445.37, 16265, 400756, 37.44
DGCONTENT, EQ, 25-Sep-2026, 23.77, 24.00, 24.00, 22.67, 23.93, 23.90, 23.05, 13399, 3.09, 141, 10909, 81.42
DHABRIYA, BE, 25-Sep-2026, 486.30, 489.00, 493.00, 475.40, 483.00, 484.20, 482.59, 3524, 17.01, 128, -, -
DHAMPURSUG, EQ, 25-Sep-2026, 164.64, 165.58, 176.00, 163.00, 174.75, 174.67, 173.04, 2148612, 3717.85, 35839, 448726, 20.88
DHANBANK, EQ, 25-Sep-2026, 29.68, 29.68, 30.00, 29.11, 29.36, 29.31, 29.42, 239224, 70.38, 1131, 131794, 55.09
DHANSA, ST, 25-Sep-2026, 27.75, 26.55, 27.00, 26.55, 27.00, 27.00, 26.72, 6000, 1.60, 3, 6000, 100.00
DHANUKA, EQ, 25-Sep-2026, 967.60, 965.90, 974.85, 960.00, 962.00, 964.35, 964.25, 6793, 65.50, 1089, 4232, 62.30
DHARAN, BZ, 25-Sep-2026, 0.14, 0.15, 0.15, 0.14, 0.14, 0.14, 0.14, 5344543, 7.72, 931, -, -
DHARARAIL, ST, 25-Sep-2026, 143.00, 140.05, 140.40, 140.00, 140.40, 140.40, 140.15, 3000, 4.20, 3, 3000, 100.00
DHARIWAL, SM, 25-Sep-2026, 25.85, 26.80, 27.10, 25.95, 27.10, 27.10, 26.91, 597000, 160.65, 76, 465000, 77.89
DHARMAJ, EQ, 25-Sep-2026, 300.55, 299.90, 306.00, 292.55, 302.00, 295.15, 295.19, 23574, 69.59, 1043, 16052, 68.09
DHATRE, EQ, 25-Sep-2026, 4.23, 4.29, 4.46, 3.86, 4.19, 4.13, 4.18, 85524, 3.57, 233, 36743, 42.96
DHOOTTRANS, EQ, 25-Sep-2026, 1587.60, 1606.00, 1614.00, 1551.40, 1564.00, 1560.50, 1578.62, 548949, 8665.80, 26542, 134956, 24.58
DHRUV, EQ, 25-Sep-2026, 20.94, 21.00, 21.90, 21.00, 21.50, 21.50, 21.53, 5864, 1.26, 65, 5488, 93.59
DHTL, SM, 25-Sep-2026, 27.00, 26.90, 27.75, 25.65, 25.65, 25.65, 27.34, 19200, 5.25, 11, 16000, 83.33
DHUNINV, EQ, 25-Sep-2026, 991.20, 995.00, 1002.00, 982.00, 983.00, 982.80, 990.17, 166, 1.64, 25, 149, 89.76
DIACABS, BE, 25-Sep-2026, 360.45, 360.60, 366.00, 347.60, 352.00, 354.50, 355.13, 539550, 1916.12, 7549, -, -
DIAMINESQ, EQ, 25-Sep-2026, 246.84, 244.70, 251.98, 244.70, 250.85, 248.25, 247.66, 5139, 12.73, 102, 3235, 62.95
DIAMONDYD, EQ, 25-Sep-2026, 1065.30, 1065.30, 1084.50, 1058.40, 1079.90, 1071.00, 1069.02, 3449, 36.87, 473, 1767, 51.23
DICIND, EQ, 25-Sep-2026, 647.75, 648.05, 665.00, 642.05, 665.00, 656.50, 651.59, 4187, 27.28, 216, 3271, 78.12
DIFFNKG, EQ, 25-Sep-2026, 427.25, 430.40, 437.15, 423.15, 430.00, 430.45, 430.33, 64101, 275.84, 2976, 25937, 40.46
DIGIDRIVE, EQ, 25-Sep-2026, 17.88, 18.00, 18.40, 17.65, 18.35, 18.39, 18.21, 16637, 3.03, 189, 16232, 97.57
DIGIKORE, SM, 25-Sep-2026, 35.70, 36.95, 37.00, 34.60, 34.60, 35.55, 35.89, 28000, 10.05, 59, 17200, 61.43
DIGISPICE, EQ, 25-Sep-2026, 16.21, 16.49, 16.49, 15.62, 16.08, 16.08, 16.09, 111103, 17.87, 242, 84572, 76.12
DIGITIDE, EQ, 25-Sep-2026, 79.76, 81.50, 81.50, 76.76, 78.50, 78.57, 78.31, 269246, 210.84, 3302, 160751, 59.70
DIGJAMLMTD, BE, 25-Sep-2026, 54.28, 52.00, 56.00, 51.80, 54.40, 54.40, 52.27, 3820, 2.00, 34, -, -
DISAQ, EQ, 25-Sep-2026, 12008.00, 11953.00, 11960.00, 11677.00, 11849.00, 11773.00, 11794.62, 55, 6.49, 42, 27, 49.09
DISHTV, EQ, 25-Sep-2026, 2.43, 2.43, 2.43, 2.31, 2.37, 2.37, 2.36, 3533046, 83.27, 2214, 2609619, 73.86
DIVGIITTS, EQ, 25-Sep-2026, 1156.60, 1161.90, 1193.00, 1140.00, 1146.60, 1154.60, 1164.91, 67322, 784.24, 6992, 31581, 46.91
DIVIDEND, EQ, 25-Sep-2026, 34.71, 34.71, 34.80, 34.54, 34.80, 34.78, 34.69, 2158, 0.75, 42, 2137, 99.03
DIVINEHIRA, ST, 25-Sep-2026, 98.50, 96.60, 100.00, 93.60, 99.95, 97.60, 95.17, 62400, 59.38, 48, 48000, 76.92
DIVISLAB, EQ, 25-Sep-2026, 9602.00, 9602.00, 9668.50, 9530.00, 9619.50, 9619.50, 9592.31, 388859, 37300.58, 43556, 268418, 69.03
DIVOPPBEES, EQ, 25-Sep-2026, 74.43, 73.83, 74.94, 73.75, 74.85, 74.22, 74.06, 44715, 33.12, 715, 28364, 63.43
DIVYADHAN, ST, 25-Sep-2026, 44.35, 43.00, 43.00, 42.45, 43.00, 43.00, 42.91, 12000, 5.15, 5, 12000, 100.00
DIXON, EQ, 25-Sep-2026, 13299.00, 13280.00, 13514.00, 13211.00, 13390.00, 13390.00, 13376.42, 276046, 36925.08, 37661, 91028, 32.98
DJML, EQ, 25-Sep-2026, 74.44, 74.05, 75.99, 70.05, 70.52, 71.85, 72.43, 75725, 54.84, 697, 32790, 43.30
DLF, EQ, 25-Sep-2026, 670.40, 671.20, 683.60, 670.60, 683.00, 683.00, 678.06, 3573018, 24227.14, 49070, 1856744, 51.97
DLINKINDIA, EQ, 25-Sep-2026, 418.90, 420.20, 422.00, 415.00, 420.40, 420.90, 418.95, 30140, 126.27, 1750, 17530, 58.16
DMART, EQ, 25-Sep-2026, 3787.50, 3789.80, 3834.20, 3771.60, 3834.20, 3834.20, 3807.85, 297635, 11333.50, 20877, 175903, 59.10
DMCC, EQ, 25-Sep-2026, 295.05, 296.55, 307.65, 291.80, 306.00, 305.35, 301.61, 122619, 369.83, 3402, 67682, 55.20
DNAMEDIA, EQ, 25-Sep-2026, 2.48, 2.47, 2.57, 2.46, 2.51, 2.53, 2.52, 17225, 0.43, 86, 11693, 67.88
DODLA, EQ, 25-Sep-2026, 1045.70, 1060.00, 1060.00, 1031.00, 1038.80, 1039.40, 1045.99, 14762, 154.41, 1835, 8751, 59.28
DOLATALGO, EQ, 25-Sep-2026, 66.70, 66.67, 68.00, 66.45, 67.15, 67.48, 66.98, 60079, 40.24, 899, 37410, 62.27
DOLLAR, EQ, 25-Sep-2026, 269.50, 269.50, 272.70, 266.40, 270.50, 270.45, 269.10, 79148, 212.99, 2305, 46082, 58.22
DOLLEX, EQ, 25-Sep-2026, 37.00, 37.85, 37.85, 35.50, 36.95, 36.05, 36.31, 27320, 9.92, 243, 24641, 90.19
DOLPHIN, EQ, 25-Sep-2026, 685.30, 685.05, 707.50, 669.00, 689.00, 687.45, 690.36, 35738, 246.72, 2848, 15692, 43.91
DOMS, EQ, 25-Sep-2026, 2109.00, 2104.30, 2109.00, 2077.50, 2084.30, 2083.00, 2086.19, 13623, 284.20, 3087, 6927, 50.85
DONEAR, EQ, 25-Sep-2026, 82.22, 82.22, 83.30, 81.81, 82.30, 82.64, 82.57, 16214, 13.39, 159, 9661, 59.58
DPABHUSHAN, EQ, 25-Sep-2026, 1405.60, 1407.00, 1447.90, 1398.00, 1419.00, 1417.70, 1422.56, 19662, 279.70, 2139, 9838, 50.04
DPEL, SM, 25-Sep-2026, 633.80, 635.05, 635.15, 625.00, 625.00, 626.00, 630.03, 24500, 154.36, 49, 17500, 71.43
DPSCLTD, BE, 25-Sep-2026, 7.06, 7.12, 7.12, 6.86, 7.00, 6.97, 6.98, 113088, 7.89, 407, -, -
DPWIRES, BE, 25-Sep-2026, 170.02, 168.00, 168.70, 163.10, 163.20, 163.43, 165.85, 14850, 24.63, 295, -, -
DRAGARWQ, EQ, 25-Sep-2026, 5159.00, 5179.00, 5280.00, 5171.00, 5240.00, 5209.00, 5232.07, 1157, 60.54, 989, 212, 18.32
DRCSYSTEMS, EQ, 25-Sep-2026, 12.55, 12.55, 12.72, 12.33, 12.70, 12.69, 12.59, 26678, 3.36, 220, 19923, 74.68
DREAMFOLKS, EQ, 25-Sep-2026, 64.13, 64.75, 64.75, 62.80, 63.30, 63.31, 63.58, 35192, 22.38, 731, 23563, 66.96
DREDGECORP, EQ, 25-Sep-2026, 996.50, 997.50, 997.50, 969.40, 973.20, 984.80, 979.79, 91938, 900.80, 4239, 39385, 42.84
DRONE, SM, 25-Sep-2026, 33.60, 34.40, 34.40, 33.40, 33.50, 33.45, 33.65, 7000, 2.36, 14, 5500, 78.57
DRREDDY, EQ, 25-Sep-2026, 1200.40, 1204.50, 1207.80, 1193.40, 1201.00, 1201.00, 1201.65, 1001238, 12031.36, 39060, 611796, 61.10
DSFCL, EQ, 25-Sep-2026, 31.58, 32.21, 32.21, 30.01, 31.35, 31.09, 30.57, 136185, 41.63, 642, 76152, 55.92
DSKULKARNI, BE, 25-Sep-2026, 23.62, 24.09, 24.09, 24.09, 24.09, 24.09, 24.09, 200, 0.05, 1, -, -
DSSL, EQ, 25-Sep-2026, 1022.10, 1031.00, 1031.00, 1002.70, 1026.00, 1021.20, 1016.07, 13959, 141.83, 1235, 7917, 56.72
DTIL, BE, 25-Sep-2026, 142.00, 142.00, 143.00, 137.80, 139.46, 140.35, 140.35, 645, 0.91, 56, -, -
DTL, SM, 25-Sep-2026, 124.15, 129.90, 130.00, 129.00, 130.00, 129.50, 129.84, 10800, 14.02, 5, 10800, 100.00
DUCOL, SM, 25-Sep-2026, 128.75, 126.00, 130.70, 126.00, 130.50, 130.50, 127.65, 6400, 8.17, 7, 6400, 100.00
DUCON, EQ, 25-Sep-2026, 1.64, 1.66, 1.67, 1.56, 1.56, 1.56, 1.60, 2277545, 36.35, 776, 2090505, 91.79
DUGLOBAL, SM, 25-Sep-2026, 20.05, 21.40, 21.45, 20.10, 21.40, 21.40, 20.92, 55000, 11.50, 19, 47500, 86.36
DURLAX, SM, 25-Sep-2026, 60.55, 62.70, 67.00, 62.70, 65.30, 65.75, 65.01, 414000, 269.16, 170, 288000, 69.57
DVL, EQ, 25-Sep-2026, 293.80, 294.80, 299.40, 282.10, 293.90, 289.75, 288.87, 17348, 50.11, 726, 8097, 46.67
DWARKESH, EQ, 25-Sep-2026, 40.74, 40.72, 45.62, 40.70, 45.16, 45.01, 43.85, 9515248, 4172.89, 37819, 1781335, 18.72
DYCL, EQ, 25-Sep-2026, 473.20, 474.20, 476.70, 451.60, 452.30, 456.95, 461.44, 479136, 2210.94, 17954, 208550, 43.53
DYNAMATECH, EQ, 25-Sep-2026, 12551.00, 12541.00, 13287.00, 12490.00, 13200.00, 13153.00, 13039.54, 38127, 4971.59, 14120, 11117, 29.16
DYNAMIC, SM, 25-Sep-2026, 149.00, 156.70, 156.70, 136.75, 139.95, 139.95, 147.47, 21500, 31.71, 21, 19000, 88.37
DYNPRO, EQ, 25-Sep-2026, 232.85, 232.85, 234.01, 228.91, 229.05, 229.22, 230.39, 6761, 15.58, 351, 5430, 80.31
E2E, BE, 25-Sep-2026, 646.70, 652.00, 666.00, 626.30, 653.00, 652.15, 647.98, 467742, 3030.89, 10387, -, -
E2ERAIL, SM, 25-Sep-2026, 331.55, 327.00, 328.95, 312.00, 322.00, 322.30, 321.39, 236000, 758.49, 178, 66400, 28.14
EASEMYTRIP, EQ, 25-Sep-2026, 5.80, 5.82, 5.96, 5.75, 5.91, 5.92, 5.85, 14957504, 874.88, 7286, 5349484, 35.76
EASTSILK, BE, 25-Sep-2026, 71.80, 75.39, 75.39, 69.00, 72.00, 72.00, 73.85, 4345, 3.21, 48, -, -
EASTWEST, EQ, 25-Sep-2026, 2.36, 2.35, 2.42, 2.30, 2.39, 2.40, 2.35, 33828, 0.79, 192, 23744, 70.19
EBANK10, EQ, 25-Sep-2026, 16.58, 16.33, 16.38, 16.30, 16.37, 16.37, 16.36, 424, 0.07, 10, 424, 100.00
EBANKNIFTY, EQ, 25-Sep-2026, 55.89, 56.30, 56.34, 56.05, 56.22, 56.22, 56.24, 11066, 6.22, 16, 11057, 99.92
EBBETF0430, EQ, 25-Sep-2026, 1603.95, 1611.79, 1611.79, 1603.95, 1605.19, 1605.88, 1606.31, 2421, 38.89, 182, 1896, 78.31
EBBETF0431, EQ, 25-Sep-2026, 1430.10, 1437.99, 1437.99, 1424.44, 1430.00, 1430.19, 1426.97, 5210, 74.35, 85, 3724, 71.48
EBBETF0433, EQ, 25-Sep-2026, 1301.38, 1302.48, 1307.67, 1301.20, 1305.79, 1304.87, 1305.30, 5266, 68.74, 67, 4914, 93.32
EBGNG, EQ, 25-Sep-2026, 676.65, 679.40, 690.00, 659.30, 667.75, 669.00, 671.73, 433643, 2912.89, 19379, 205114, 47.30
EBIX, BE, 25-Sep-2026, 17.89, 17.05, 18.00, 17.05, 17.50, 17.48, 17.60, 46412, 8.17, 176, -, -
ECAPINSURE, EQ, 25-Sep-2026, 23.43, 23.66, 23.66, 23.21, 23.34, 23.37, 23.38, 74542, 17.43, 282, 54451, 73.05
ECLERX, EQ, 25-Sep-2026, 1890.10, 1890.00, 1908.20, 1866.10, 1895.00, 1898.80, 1888.08, 121985, 2303.18, 17047, 58144, 47.66
ECOLINE, SM, 25-Sep-2026, 190.40, 185.00, 185.05, 176.50, 177.00, 177.50, 181.00, 26000, 47.06, 23, 24000, 92.31
ECORECO, EQ, 25-Sep-2026, 419.25, 428.00, 428.00, 410.00, 424.00, 418.80, 417.50, 10333, 43.14, 1115, 5728, 55.43
ECOSMOBLTY, EQ, 25-Sep-2026, 108.04, 108.13, 109.42, 106.50, 108.01, 108.42, 107.94, 39231, 42.35, 1183, 21457, 54.69
EDELWEISS, EQ, 25-Sep-2026, 139.01, 138.60, 139.45, 135.20, 136.80, 136.83, 137.82, 4432948, 6109.53, 33662, 1852621, 41.79
EEPL, ST, 25-Sep-2026, 131.05, 131.05, 135.95, 131.05, 132.05, 132.05, 133.02, 3000, 3.99, 3, 2000, 66.67
EFACTOR, SM, 25-Sep-2026, 161.95, 161.95, 175.00, 161.45, 170.00, 171.15, 168.45, 29200, 49.19, 62, 24000, 82.19
EFCIL, EQ, 25-Sep-2026, 181.20, 181.10, 181.10, 178.20, 181.00, 179.74, 179.47, 62842, 112.78, 1559, 31594, 50.28
EFFWA, SM, 25-Sep-2026, 361.75, 350.00, 362.90, 346.00, 358.00, 356.20, 353.10, 14000, 49.43, 32, 8000, 57.14
EFORCE, SM, 25-Sep-2026, 18.80, 18.05, 18.05, 18.05, 18.05, 18.05, 18.05, 1200, 0.22, 1, 1200, 100.00
EGOLD, EQ, 25-Sep-2026, 149.30, 149.55, 150.85, 149.45, 149.75, 150.40, 150.12, 195047, 292.80, 318, 187365, 96.06
EICHERMOT, EQ, 25-Sep-2026, 7338.50, 7340.50, 7381.00, 7305.00, 7360.00, 7360.00, 7337.75, 201194, 14763.12, 27982, 113360, 56.34
EIDPARRY, EQ, 25-Sep-2026, 689.55, 692.00, 710.00, 687.30, 704.00, 704.75, 702.16, 341486, 2397.78, 20388, 138467, 40.55
EIEL, EQ, 25-Sep-2026, 201.63, 200.60, 201.33, 196.10, 198.60, 198.85, 197.82, 1033739, 2044.98, 10059, 472444, 45.70
EIFFL, BE, 25-Sep-2026, 266.40, 271.05, 271.70, 270.95, 271.70, 271.70, 271.36, 525, 1.42, 10, -, -
EIHAHOTELS, EQ, 25-Sep-2026, 288.60, 285.60, 299.80, 284.55, 291.00, 294.30, 290.68, 30841, 89.65, 1251, 11345, 36.79
EIHOTEL, EQ, 25-Sep-2026, 296.90, 295.15, 296.95, 292.00, 294.40, 294.70, 294.03, 120396, 354.00, 6255, 54367, 45.16
EIMCOELECO, EQ, 25-Sep-2026, 2304.40, 2324.80, 2324.80, 2272.80, 2300.00, 2301.60, 2294.03, 16786, 385.08, 1967, 7940, 47.30
EKC, EQ, 25-Sep-2026, 111.50, 111.40, 111.68, 109.14, 110.14, 110.28, 110.20, 363550, 400.63, 4757, 87419, 24.05
EKI, EQ, 25-Sep-2026, 99.04, 104.39, 108.94, 96.25, 101.22, 100.99, 104.82, 722768, 757.60, 7441, 242001, 33.48
ELANTAS, EQ, 25-Sep-2026, 13849.00, 13851.00, 14267.00, 13761.00, 13850.00, 13881.00, 13912.95, 1128, 156.94, 508, 633, 56.12
ELCIDIN, EQ, 25-Sep-2026, 104830.00, 103500.00, 104830.00, 103500.00, 103800.00, 103800.00, 103872.50, 8, 8.31, 7, 7, 87.50
ELDEHSG, EQ, 25-Sep-2026, 760.00, 769.95, 777.80, 750.00, 764.00, 765.50, 758.69, 348, 2.64, 39, 287, 82.47
ELECON, EQ, 25-Sep-2026, 459.10, 456.85, 463.50, 448.60, 455.15, 458.25, 456.08, 631253, 2879.01, 22055, 175596, 27.82
ELECTCAST, EQ, 25-Sep-2026, 72.56, 72.50, 72.72, 71.50, 72.36, 72.34, 72.13, 757352, 546.25, 5552, 342443, 45.22
ELECTHERM, EQ, 25-Sep-2026, 887.70, 908.00, 922.95, 856.05, 870.00, 873.35, 884.18, 23940, 211.67, 1720, 16404, 68.52
ELGIEQUIP, EQ, 25-Sep-2026, 608.80, 610.25, 611.60, 595.10, 602.05, 603.00, 602.17, 213480, 1285.52, 14854, 92276, 43.22
ELGIRUBCO, EQ, 25-Sep-2026, 57.15, 57.15, 58.45, 54.11, 55.47, 54.96, 55.65, 116560, 64.87, 1033, 74378, 63.81
ELGNZ, SM, 25-Sep-2026, 84.80, 84.00, 86.00, 83.00, 86.00, 85.10, 84.17, 12000, 10.10, 11, 12000, 100.00
ELIN, EQ, 25-Sep-2026, 89.50, 89.50, 90.88, 85.01, 88.48, 88.57, 87.88, 402933, 354.10, 8029, 283653, 70.40
ELIQUID, EQ, 25-Sep-2026, 1048.98, 1049.38, 1049.40, 1049.38, 1049.39, 1049.39, 1049.39, 3002, 31.50, 17, 2106, 70.15
ELITECON, EQ, 25-Sep-2026, 9.55, 9.89, 9.95, 9.08, 9.08, 9.08, 9.32, 5040510, 469.62, 6201, 3169092, 62.87
ELLEN, EQ, 25-Sep-2026, 357.70, 357.70, 370.75, 352.75, 369.10, 368.50, 361.58, 651892, 2357.09, 15865, 249810, 38.32
ELM250, EQ, 25-Sep-2026, 16.11, 16.10, 16.29, 16.02, 16.25, 16.23, 16.15, 13354, 2.16, 152, 7520, 56.31
ELMDIV, EQ, 25-Sep-2026, 35.25, 35.19, 35.20, 35.05, 35.14, 35.14, 35.13, 184, 0.06, 14, 184, 100.00
ELPROINTL, EQ, 25-Sep-2026, 172.01, 172.50, 172.51, 170.40, 171.80, 171.80, 171.45, 2672, 4.58, 55, 2612, 97.75
EMAMILTD, EQ, 25-Sep-2026, 390.50, 390.00, 392.10, 381.15, 388.00, 389.25, 386.70, 2020121, 7811.88, 47136, 1050064, 51.98
EMAMIPAP, BE, 25-Sep-2026, 115.54, 115.54, 116.68, 111.00, 114.00, 111.87, 113.02, 9981, 11.28, 137, -, -
EMAMIREAL, EQ, 25-Sep-2026, 69.03, 68.69, 70.00, 67.06, 67.10, 68.40, 68.67, 28025, 19.24, 664, 24735, 88.26
EMAPARTNER, SM, 25-Sep-2026, 82.00, 82.00, 84.50, 82.00, 82.00, 82.00, 82.49, 15000, 12.37, 7, 13000, 86.67
EMBASSY, RR, 25-Sep-2026, 439.77, 439.77, 439.80, 436.50, 437.00, 437.66, 438.12, 370503, 1623.25, 11508, 339662, 91.68
EMBDL, EQ, 25-Sep-2026, 58.81, 58.80, 59.01, 57.73, 57.95, 58.07, 58.15, 2595396, 1509.20, 25379, 1276782, 49.19
EMCURE, EQ, 25-Sep-2026, 1952.10, 1958.70, 1976.90, 1931.50, 1935.00, 1950.60, 1948.38, 32384, 630.96, 6720, 16802, 51.88
EMETAL, EQ, 25-Sep-2026, 12.92, 13.03, 13.99, 12.87, 12.88, 12.96, 13.11, 11120, 1.46, 45, 8997, 80.91
EMIL, EQ, 25-Sep-2026, 189.16, 189.96, 202.40, 189.21, 199.00, 200.22, 196.69, 6776165, 13327.85, 73913, 2320225, 34.24
EMKAY, EQ, 25-Sep-2026, 272.55, 272.80, 282.00, 268.00, 271.45, 270.35, 273.16, 48704, 133.04, 1406, 25507, 52.37
EMKAYTOOLS, SM, 25-Sep-2026, 93.50, 95.00, 96.00, 95.00, 95.00, 95.00, 95.46, 1950, 1.86, 8, 1950, 100.00
EMMBI, BE, 25-Sep-2026, 88.49, 90.00, 90.00, 85.10, 88.50, 87.01, 88.28, 19871, 17.54, 125, -, -
EMMIL, SM, 25-Sep-2026, 123.30, 126.95, 137.00, 122.05, 124.95, 124.95, 128.68, 32500, 41.82, 85, 20750, 63.85
EMMVEE, EQ, 25-Sep-2026, 317.60, 318.50, 323.45, 310.50, 322.45, 321.90, 317.93, 2471556, 7857.73, 46113, 1024376, 41.45
EMPIND, EQ, 25-Sep-2026, 1051.60, 1053.00, 1064.80, 1030.90, 1036.00, 1037.40, 1045.53, 1360, 14.22, 287, 959, 70.51
EMPOWER, EQ, 25-Sep-2026, 1.96, 1.87, 1.87, 1.87, 1.87, 1.87, 1.87, 5356437, 100.17, 1819, 5350007, 99.88
EMSLIMITED, EQ, 25-Sep-2026, 358.60, 359.00, 359.75, 351.30, 355.50, 354.90, 354.08, 96500, 341.69, 3673, 40316, 41.78
EMUDHRA, EQ, 25-Sep-2026, 659.40, 660.00, 669.00, 644.85, 650.80, 653.45, 654.93, 409910, 2684.62, 19639, 117922, 28.77
EMULTIMQ, EQ, 25-Sep-2026, 41.30, 41.50, 41.52, 41.00, 41.30, 41.29, 41.08, 12231, 5.02, 117, 9456, 77.31
ENCOMPAS, SM, 25-Sep-2026, 240.00, 244.35, 252.95, 239.50, 240.00, 239.80, 242.20, 11600, 28.10, 19, 7600, 65.52
ENDURANCE, EQ, 25-Sep-2026, 2663.20, 2678.40, 2678.40, 2617.00, 2626.00, 2645.90, 2641.36, 108756, 2872.64, 19824, 65011, 59.78
ENERGY, EQ, 25-Sep-2026, 37.64, 37.97, 37.97, 37.50, 37.70, 37.67, 37.61, 202880, 76.30, 771, 132245, 65.18
ENERGYAXIS, EQ, 25-Sep-2026, 18.77, 18.95, 19.43, 18.63, 18.68, 19.30, 18.70, 14151, 2.65, 65, 7081, 50.04
ENERGYDEV, EQ, 25-Sep-2026, 14.91, 15.01, 15.39, 14.70, 14.90, 15.25, 14.92, 16457, 2.46, 189, 11195, 68.03
ENEXT50, EQ, 25-Sep-2026, 71.53, 71.88, 71.88, 70.96, 71.76, 71.76, 70.97, 1449, 1.03, 7, 1441, 99.45
ENFUSE, SM, 25-Sep-2026, 150.00, 145.00, 145.00, 145.00, 145.00, 145.00, 145.00, 600, 0.87, 1, 600, 100.00
ENGINERSIN, EQ, 25-Sep-2026, 296.65, 297.00, 318.90, 295.05, 313.35, 315.65, 311.51, 19615591, 61104.08, 184294, 3661615, 18.67
ENIFTY, EQ, 25-Sep-2026, 23.37, 22.78, 23.61, 22.78, 23.44, 23.36, 23.31, 768, 0.18, 56, 700, 91.15
ENIL, EQ, 25-Sep-2026, 99.66, 99.00, 100.80, 97.85, 99.11, 99.07, 99.51, 9298, 9.25, 176, 7201, 77.45
ENKEIWHEL, EQ, 25-Sep-2026, 385.75, 399.00, 399.00, 388.20, 388.20, 388.20, 389.19, 110, 0.43, 4, 110, 100.00
ENRIN, EQ, 25-Sep-2026, 3215.40, 3224.00, 3333.00, 3210.30, 3320.00, 3313.00, 3289.80, 462792, 15224.92, 45027, 190900, 41.25
ENSER, SM, 25-Sep-2026, 14.70, 14.50, 15.15, 14.25, 15.15, 15.15, 14.96, 60000, 8.98, 12, 15000, 25.00
ENTERO, EQ, 25-Sep-2026, 1852.20, 1854.00, 1855.20, 1809.00, 1815.00, 1821.80, 1830.56, 110434, 2021.56, 12079, 65927, 59.70
ENVIRO, SM, 25-Sep-2026, 70.10, 72.65, 72.65, 68.45, 71.40, 71.10, 70.82, 21000, 14.87, 20, 14000, 66.67
EPACK, EQ, 25-Sep-2026, 180.12, 181.45, 181.45, 177.81, 181.20, 180.32, 179.44, 151259, 271.41, 3243, 73392, 48.52
EPACKPEB, EQ, 25-Sep-2026, 246.29, 245.93, 252.84, 239.40, 245.00, 245.38, 244.02, 524207, 1279.18, 14858, 267724, 51.07
EPIGRAL, EQ, 25-Sep-2026, 1071.00, 1078.50, 1080.20, 1051.00, 1055.00, 1060.60, 1060.26, 33156, 351.54, 3440, 17129, 51.66
EPL, EQ, 25-Sep-2026, 238.05, 238.00, 239.70, 233.05, 237.55, 238.10, 236.35, 1439511, 3402.25, 20057, 772490, 53.66
EQUAL200, EQ, 25-Sep-2026, 13.42, 13.42, 13.46, 13.36, 13.45, 13.41, 13.39, 11227, 1.50, 57, 7407, 65.97
EQUAL50, EQ, 25-Sep-2026, 320.14, 320.14, 320.75, 318.87, 320.64, 320.63, 320.18, 3279, 10.50, 37, 1853, 56.51
EQUAL50ADD, EQ, 25-Sep-2026, 331.12, 331.12, 334.89, 329.52, 334.89, 332.75, 331.24, 16598, 54.98, 266, 13873, 83.58
EQUIPPP, BE, 25-Sep-2026, 22.88, 22.99, 22.99, 21.85, 22.94, 22.86, 22.39, 3063, 0.69, 29, -, -
EQUITASBNK, EQ, 25-Sep-2026, 70.21, 70.55, 70.67, 66.19, 66.53, 67.03, 67.49, 5440394, 3671.82, 32483, 2652717, 48.76
ERIS, EQ, 25-Sep-2026, 1274.60, 1275.00, 1280.90, 1255.00, 1257.80, 1258.90, 1262.03, 30256, 381.84, 4743, 17349, 57.34
ESABINDIA, EQ, 25-Sep-2026, 5528.00, 5556.00, 5569.00, 5455.00, 5565.00, 5527.00, 5501.10, 2898, 159.42, 1260, 1710, 59.01
ESAFSFB, BE, 25-Sep-2026, 40.82, 40.82, 42.86, 40.50, 42.86, 42.86, 41.93, 1195142, 501.14, 2325, -, -
ESCONET, ST, 25-Sep-2026, 209.95, 209.95, 220.00, 207.70, 215.70, 218.10, 215.18, 22000, 47.34, 45, 18800, 85.45
ESCORTS, EQ, 25-Sep-2026, 2822.90, 2822.90, 2866.30, 2817.10, 2850.00, 2855.70, 2841.78, 42484, 1207.30, 7017, 20035, 47.16
ESDS, EQ, 25-Sep-2026, 1853.15, 1760.50, 1760.50, 1760.50, 1760.50, 1760.50, 1760.50, 69023, 1215.15, 3380, 64707, 93.75
ESENSEX, EQ, 25-Sep-2026, 74.47, 74.10, 74.67, 74.10, 74.65, 74.65, 74.33, 371, 0.28, 16, 311, 83.83
ESFL, SM, 25-Sep-2026, 119.05, 118.30, 121.80, 118.00, 121.80, 121.80, 119.00, 2520, 3.00, 7, 1800, 71.43
ESG, EQ, 25-Sep-2026, 39.67, 39.65, 39.80, 39.51, 39.77, 39.76, 39.67, 6570, 2.61, 65, 6476, 98.57
ESILVER, EQ, 25-Sep-2026, 225.69, 226.53, 229.49, 225.12, 228.01, 229.29, 229.18, 278052, 637.23, 1827, 264284, 95.05
ESPRIT, SM, 25-Sep-2026, 65.00, 65.00, 65.00, 63.75, 63.75, 63.75, 64.25, 4800, 3.08, 3, 3200, 66.67
ESSARSHPNG, EQ, 25-Sep-2026, 16.18, 16.20, 16.30, 16.04, 16.15, 16.12, 16.12, 48806, 7.87, 364, 35933, 73.62
ESSENTIA, EQ, 25-Sep-2026, 1.03, 1.04, 1.04, 1.02, 1.03, 1.02, 1.03, 1166081, 12.05, 602, 799524, 68.57
ESTER, EQ, 25-Sep-2026, 86.89, 86.80, 87.50, 85.72, 86.79, 86.14, 86.41, 24329, 21.02, 604, 13754, 56.53
ETERNAL, EQ, 25-Sep-2026, 335.50, 335.60, 339.90, 331.70, 335.00, 335.00, 334.32, 24508361, 81937.53, 116052, 15765205, 64.33
ETHOSLTD, EQ, 25-Sep-2026, 2605.70, 2605.00, 2616.90, 2539.90, 2549.90, 2552.80, 2567.21, 28869, 741.13, 7259, 13940, 48.29
ETL, SM, 25-Sep-2026, 1145.00, 1144.95, 1297.00, 1144.95, 1200.00, 1203.00, 1208.41, 10350, 125.07, 46, 9000, 86.96
EUREKAFORB, EQ, 25-Sep-2026, 375.10, 376.00, 376.90, 366.20, 370.00, 370.85, 370.26, 220304, 815.69, 13051, 115720, 52.53
EUROBOND, EQ, 25-Sep-2026, 148.57, 148.57, 153.00, 145.25, 151.00, 150.56, 148.74, 2657, 3.95, 51, 1905, 71.70
EUROPRATIK, EQ, 25-Sep-2026, 211.65, 213.50, 215.45, 210.75, 213.80, 213.15, 213.68, 201904, 431.43, 3205, 53060, 26.28
EUROTEXIND, BE, 25-Sep-2026, 12.21, 12.80, 12.80, 11.62, 11.75, 11.75, 12.16, 18, 0.00, 5, -, -
EVEREADY, EQ, 25-Sep-2026, 326.05, 322.80, 327.45, 320.15, 320.15, 322.00, 323.12, 48301, 156.07, 1429, 32423, 67.13
EVERESTIND, BE, 25-Sep-2026, 431.75, 430.00, 430.00, 420.10, 430.00, 426.30, 426.57, 4610, 19.67, 116, -, -
EVIETF, EQ, 25-Sep-2026, 31.42, 31.42, 31.71, 31.25, 31.52, 31.52, 31.38, 74778, 23.47, 717, 45023, 60.21
EVINDIA, EQ, 25-Sep-2026, 31.35, 31.74, 31.74, 31.31, 31.51, 31.50, 31.44, 82558, 25.96, 1216, 59559, 72.14
EXCELINDUS, EQ, 25-Sep-2026, 950.00, 955.20, 955.20, 920.50, 933.00, 928.90, 933.61, 8422, 78.63, 1019, 5555, 65.96
EXCELLENT, ST, 25-Sep-2026, 190.55, 192.90, 192.90, 192.90, 192.90, 192.90, 192.90, 1600, 3.09, 1, 1600, 100.00
EXCELSOFT, EQ, 25-Sep-2026, 81.69, 82.20, 87.80, 82.06, 86.80, 86.62, 85.93, 4192133, 3602.44, 30469, 1065005, 25.40
EXICOM, EQ, 25-Sep-2026, 164.64, 165.45, 165.80, 160.30, 161.00, 160.99, 161.66, 739666, 1195.72, 7710, 396904, 53.66
EXIDEIND, EQ, 25-Sep-2026, 426.55, 426.85, 431.70, 419.85, 424.10, 423.65, 424.38, 1864971, 7914.52, 31443, 904854, 48.52
EXIMROUTES, SM, 25-Sep-2026, 90.10, 95.90, 95.90, 95.90, 95.90, 95.90, 95.90, 800, 0.77, 1, 800, 100.00
EXPLEOSOL, EQ, 25-Sep-2026, 871.55, 873.00, 885.00, 865.00, 885.00, 883.25, 874.75, 8559, 74.87, 1016, 5690, 66.48
EXXARO, EQ, 25-Sep-2026, 6.24, 6.24, 6.30, 6.10, 6.19, 6.21, 6.20, 141227, 8.75, 353, 124782, 88.36
FABTECH, EQ, 25-Sep-2026, 146.47, 146.10, 148.54, 145.22, 145.60, 145.83, 146.39, 55026, 80.55, 727, 30691, 55.78
FACT, EQ, 25-Sep-2026, 777.80, 777.80, 782.95, 770.10, 777.00, 777.90, 776.12, 64010, 496.80, 4546, 20605, 32.19
FAIRCHEMOR, BE, 25-Sep-2026, 657.95, 660.00, 685.00, 659.95, 672.90, 671.55, 676.93, 8980, 60.79, 406, -, -
FASCINATE, SM, 25-Sep-2026, 58.05, 59.90, 60.95, 57.00, 60.95, 60.95, 60.33, 296800, 179.06, 199, 252000, 84.91
FAZE3Q, EQ, 25-Sep-2026, 422.00, 428.20, 441.00, 423.05, 438.00, 434.05, 430.01, 5839, 25.11, 549, 2839, 48.62
FCL, EQ, 25-Sep-2026, 56.07, 56.50, 61.05, 55.75, 60.40, 60.48, 59.09, 47041849, 27796.60, 133219, 13615564, 28.94
FCSSOFT, EQ, 25-Sep-2026, 1.33, 1.34, 1.46, 1.34, 1.46, 1.46, 1.42, 3497198, 49.82, 1257, 2791041, 79.81
FDC, EQ, 25-Sep-2026, 345.70, 345.25, 348.00, 339.25, 342.05, 341.00, 342.94, 111248, 381.51, 5127, 66801, 60.05
FEDDERSHOL, EQ, 25-Sep-2026, 64.71, 66.14, 66.73, 60.20, 62.05, 62.31, 63.98, 5634189, 3604.53, 24115, 1093564, 19.41
FEDERALBNK, EQ, 25-Sep-2026, 329.50, 327.50, 332.50, 319.50, 322.00, 322.00, 326.51, 6128694, 20011.00, 63699, 2679356, 43.72
FEDFINA, EQ, 25-Sep-2026, 152.71, 153.48, 154.21, 150.03, 151.06, 151.68, 151.77, 956913, 1452.30, 15398, 464190, 48.51
FEL, BZ, 25-Sep-2026, 0.36, 0.37, 0.37, 0.36, 0.37, 0.36, 0.37, 254388, 0.93, 67, -, -
FELDVR, BZ, 25-Sep-2026, 2.07, 2.09, 2.09, 1.97, 2.00, 2.00, 1.98, 1021, 0.02, 22, -, -
FELIX, SM, 25-Sep-2026, 202.15, 200.00, 204.70, 198.50, 200.60, 202.45, 201.19, 26500, 53.31, 41, 21500, 81.13
FERMENTA, EQ, 25-Sep-2026, 478.05, 481.95, 483.45, 466.20, 467.55, 468.40, 474.27, 37736, 178.97, 2406, 16863, 44.69
FIBERWEB, EQ, 25-Sep-2026, 26.57, 27.10, 27.70, 26.19, 26.89, 26.54, 26.79, 9370, 2.51, 145, 6035, 64.41
FIDEL, SM, 25-Sep-2026, 175.00, 170.00, 170.00, 165.00, 168.00, 168.00, 168.09, 18000, 30.26, 11, 16000, 88.89
FIEMIND, EQ, 25-Sep-2026, 1917.20, 1926.00, 1988.80, 1917.00, 1975.00, 1965.50, 1965.23, 120437, 2366.87, 19015, 56494, 46.91
FILATEX, EQ, 25-Sep-2026, 105.32, 106.00, 109.30, 104.00, 109.30, 106.94, 105.79, 6901260, 7300.90, 27339, 3890580, 56.37
FILATFASH, EQ, 25-Sep-2026, 0.18, 0.19, 0.19, 0.18, 0.19, 0.18, 0.19, 45723506, 85.82, 1549, 28669359, 62.70
FINBUD, SM, 25-Sep-2026, 121.70, 123.50, 123.50, 110.00, 116.00, 116.00, 115.53, 57000, 65.85, 50, 35000, 61.40
FINCABLES, EQ, 25-Sep-2026, 1480.00, 1482.00, 1493.90, 1426.10, 1465.00, 1460.90, 1459.31, 501380, 7316.71, 25360, 178472, 35.60
FINEORG, EQ, 25-Sep-2026, 5062.50, 5052.00, 5104.50, 5039.50, 5093.00, 5083.00, 5072.78, 6621, 335.87, 2676, 3324, 50.20
FINIETF, EQ, 25-Sep-2026, 31.25, 32.03, 32.03, 30.90, 31.33, 31.10, 31.03, 382407, 118.64, 1810, 250153, 65.42
FINKURVE, EQ, 25-Sep-2026, 70.18, 70.02, 70.48, 68.15, 68.22, 69.31, 69.41, 39834, 27.65, 1748, 13040, 32.74
FINOPB, EQ, 25-Sep-2026, 129.28, 128.10, 129.35, 127.21, 129.35, 128.25, 128.03, 171278, 219.29, 2127, 86004, 50.21
FINPIPE, EQ, 25-Sep-2026, 154.04, 154.04, 154.60, 152.45, 153.57, 154.16, 153.55, 346254, 531.67, 12965, 171139, 49.43
FIRSTCRY, EQ, 25-Sep-2026, 179.63, 179.63, 181.33, 176.00, 180.52, 180.83, 178.77, 3472092, 6207.05, 35616, 1034018, 29.78
FISCHER, EQ, 25-Sep-2026, 34.23, 34.90, 35.99, 33.76, 34.24, 34.29, 34.22, 891671, 305.11, 2303, 639307, 71.70
FIVESTAR, EQ, 25-Sep-2026, 524.85, 526.85, 529.45, 514.65, 520.95, 520.95, 519.59, 930721, 4835.98, 36730, 554027, 59.53
FLAIR, EQ, 25-Sep-2026, 242.96, 242.96, 242.96, 235.50, 238.30, 237.58, 238.99, 69478, 166.05, 1872, 36745, 52.89
FLEXIADD, EQ, 25-Sep-2026, 9.68, 9.68, 9.86, 9.63, 9.70, 9.71, 9.68, 58950, 5.70, 384, 50027, 84.86
FLEXITUFF, BE, 25-Sep-2026, 2.77, 2.82, 2.82, 2.82, 2.82, 2.82, 2.82, 4300, 0.12, 7, -, -
FLFL, BZ, 25-Sep-2026, 1.14, 1.15, 1.18, 1.09, 1.12, 1.12, 1.14, 16733, 0.19, 64, -, -
FLUOROCHEM, EQ, 25-Sep-2026, 4475.90, 4475.90, 4506.90, 4433.00, 4445.00, 4441.40, 4454.97, 37518, 1671.42, 8068, 20609, 54.93
FLYSBS, SM, 25-Sep-2026, 654.40, 653.00, 669.00, 621.00, 635.50, 640.30, 645.31, 57600, 371.70, 220, 41600, 72.22
FMCGADD, EQ, 25-Sep-2026, 46.00, 46.00, 46.15, 45.89, 46.10, 46.11, 46.03, 4720, 2.17, 153, 2379, 50.40
FMCGIETF, EQ, 25-Sep-2026, 49.20, 49.25, 49.75, 49.03, 49.52, 49.48, 49.21, 720342, 354.49, 2843, 443557, 61.58
FMGOETZE, EQ, 25-Sep-2026, 468.45, 466.90, 484.45, 462.10, 481.25, 482.60, 474.44, 222375, 1055.03, 8113, 108371, 48.73
FMNL, EQ, 25-Sep-2026, 8.09, 8.25, 8.25, 7.83, 8.00, 8.00, 7.98, 12957, 1.03, 125, 8776, 67.73
FOCUS, BE, 25-Sep-2026, 58.24, 58.50, 59.79, 57.21, 59.63, 59.44, 58.56, 18214, 10.67, 166, -, -
FONEBOX, ST, 25-Sep-2026, 159.70, 167.65, 167.65, 167.60, 167.65, 167.65, 167.65, 36000, 60.35, 27, 36000, 100.00
FOODSIN, EQ, 25-Sep-2026, 52.98, 52.51, 53.08, 52.13, 53.00, 52.97, 52.69, 73902, 38.94, 1249, 44723, 60.52
FORCAS, ST, 25-Sep-2026, 220.05, 229.25, 229.25, 221.00, 222.00, 222.00, 224.67, 8000, 17.97, 5, 6400, 80.00
FORCEMOT, EQ, 25-Sep-2026, 17142.00, 17188.00, 17430.00, 17084.00, 17388.00, 17388.00, 17264.22, 64737, 11176.34, 18543, 21308, 32.91
FORTIS, EQ, 25-Sep-2026, 877.35, 878.15, 880.55, 832.00, 837.85, 837.85, 847.12, 2433292, 20612.97, 70634, 1122356, 46.13
FOSECOIND, EQ, 25-Sep-2026, 6477.00, 6451.50, 6535.00, 6431.50, 6441.00, 6468.00, 6494.66, 19496, 1266.20, 5326, 11679, 59.90
FRACTAL, EQ, 25-Sep-2026, 749.25, 747.55, 753.00, 740.80, 751.00, 750.20, 747.42, 163432, 1221.53, 10710, 102803, 62.90
FREDUN, EQ, 25-Sep-2026, 1360.30, 1361.10, 1388.00, 1338.00, 1360.00, 1356.60, 1356.44, 64955, 881.08, 4500, 38188, 58.79
FRESHARA, ST, 25-Sep-2026, 404.35, 405.10, 410.00, 405.10, 410.00, 410.00, 409.00, 6000, 24.54, 9, 5400, 90.00
FROG, SM, 25-Sep-2026, 268.95, 270.00, 275.90, 267.00, 267.00, 269.65, 271.46, 12400, 33.66, 27, 9600, 77.42
FRONTSP, EQ, 25-Sep-2026, 1510.40, 1524.20, 1542.40, 1420.00, 1445.80, 1438.80, 1464.42, 77261, 1131.43, 8787, 21008, 27.19
FSL, EQ, 25-Sep-2026, 262.15, 262.15, 264.95, 257.35, 260.75, 259.45, 259.89, 417268, 1084.43, 15933, 157782, 37.81
FUSION, EQ, 25-Sep-2026, 176.80, 177.78, 181.90, 173.01, 176.35, 177.14, 175.68, 397315, 698.01, 7071, 199397, 50.19
FWSTC, SM, 25-Sep-2026, 162.00, 164.00, 185.00, 161.30, 180.00, 175.45, 170.12, 11400, 19.39, 13, 9600, 84.21
GABRIEL, EQ, 25-Sep-2026, 1397.30, 1407.60, 1407.70, 1371.20, 1387.00, 1386.70, 1385.90, 141245, 1957.52, 12730, 43224, 30.60
GAEL, EQ, 25-Sep-2026, 162.59, 160.96, 165.00, 160.22, 164.00, 163.87, 162.95, 546758, 890.96, 12910, 244489, 44.72
GAIL, EQ, 25-Sep-2026, 173.85, 173.90, 173.98, 171.59, 172.70, 172.70, 172.65, 5454851, 9417.63, 31039, 3065459, 56.20
GAJA, EQ, 25-Sep-2026, 145.94, 146.00, 146.75, 140.01, 142.25, 142.26, 142.68, 562904, 803.13, 7990, 253626, 45.06
GAJANAND, SM, 25-Sep-2026, 7.85, 6.65, 7.95, 6.65, 7.35, 7.35, 7.46, 45000, 3.36, 7, 9000, 20.00
GALAPREC, EQ, 25-Sep-2026, 1117.10, 1120.00, 1172.60, 1095.60, 1153.80, 1148.60, 1136.06, 75963, 862.98, 8120, 27158, 35.75
GALAXYSURF, EQ, 25-Sep-2026, 2246.60, 2262.00, 2321.00, 2234.20, 2259.00, 2261.30, 2275.58, 53147, 1209.40, 9700, 18301, 34.43
GALLANTT, EQ, 25-Sep-2026, 545.25, 553.00, 563.00, 541.20, 549.80, 545.10, 548.60, 58267, 319.65, 3384, 18179, 31.20
GANDHAR, EQ, 25-Sep-2026, 262.70, 262.70, 264.50, 259.70, 262.30, 261.65, 261.20, 300287, 784.34, 5686, 137156, 45.67
GANDHITUBE, EQ, 25-Sep-2026, 979.10, 979.10, 982.95, 957.50, 968.00, 966.50, 972.31, 7495, 72.87, 741, 3587, 47.86
GANECOS, EQ, 25-Sep-2026, 1014.00, 1009.00, 1035.90, 1003.70, 1029.70, 1028.60, 1018.88, 48026, 489.33, 4783, 21798, 45.39
GANESHBE, BE, 25-Sep-2026, 126.49, 126.79, 132.81, 125.10, 132.50, 130.84, 131.41, 352767, 463.56, 1208, -, -
GANESHCP, EQ, 25-Sep-2026, 161.92, 161.92, 162.50, 159.50, 160.45, 159.94, 160.47, 96333, 154.58, 1824, 71055, 73.76
GANESHHOU, EQ, 25-Sep-2026, 736.85, 737.15, 742.50, 720.00, 739.90, 734.75, 731.29, 18687, 136.66, 2203, 9488, 50.77
GANESHIN, SM, 25-Sep-2026, 91.00, 91.00, 93.45, 89.65, 91.40, 91.70, 91.72, 63200, 57.97, 48, 43200, 68.35
GANGABATH, SM, 25-Sep-2026, 22.80, 22.50, 22.50, 21.50, 22.50, 22.50, 22.00, 12000, 2.64, 4, 9000, 75.00
GANGAFORGE, EQ, 25-Sep-2026, 1.52, 1.52, 1.53, 1.45, 1.47, 1.46, 1.47, 3359674, 49.51, 1719, 2235514, 66.54
GANGESSECU, EQ, 25-Sep-2026, 112.10, 112.22, 116.99, 112.22, 114.60, 114.61, 114.37, 834, 0.95, 13, 482, 57.79
GARFIBRES, EQ, 25-Sep-2026, 781.95, 778.00, 787.00, 768.95, 775.00, 773.50, 778.55, 23488, 182.86, 5829, 11210, 47.73
GARUDA, EQ, 25-Sep-2026, 178.21, 178.00, 179.76, 174.51, 176.05, 176.87, 176.46, 407274, 718.70, 6161, 187032, 45.92
GATECH, BE, 25-Sep-2026, 0.73, 0.70, 0.70, 0.70, 0.70, 0.70, 0.70, 12183864, 85.29, 4712, -, -
GATECHDVR, BE, 25-Sep-2026, 0.47, 0.49, 0.49, 0.46, 0.49, 0.48, 0.48, 240706, 1.15, 185, -, -
GATEWAY, EQ, 25-Sep-2026, 52.37, 52.37, 52.75, 52.20, 52.49, 52.50, 52.43, 282280, 147.99, 2691, 177358, 62.83
GAUDIUMIVF, EQ, 25-Sep-2026, 115.85, 116.50, 118.90, 113.58, 115.30, 115.22, 114.89, 251182, 288.59, 3219, 134283, 53.46
GAYAHWS, EQ, 25-Sep-2026, 1.85, 1.85, 1.88, 1.83, 1.85, 1.85, 1.86, 70343, 1.31, 194, 58761, 83.53
GAYAPROJ, EQ, 25-Sep-2026, 23.01, 23.00, 23.39, 22.05, 22.89, 22.91, 22.89, 505264, 115.64, 2396, 288496, 57.10
GCHOTELS, ST, 25-Sep-2026, 130.00, 130.00, 131.00, 123.50, 123.50, 123.50, 125.71, 63600, 79.95, 75, 56400, 88.68
GCSL, EQ, 25-Sep-2026, 633.30, 633.50, 655.00, 631.00, 654.00, 653.45, 643.92, 444252, 2860.63, 3932, 173330, 39.02
GEECEE, BE, 25-Sep-2026, 371.95, 363.50, 372.50, 359.10, 360.10, 360.60, 361.06, 1795, 6.48, 61, -, -
GEEKAYWIRE, EQ, 25-Sep-2026, 33.41, 33.41, 34.00, 32.00, 33.28, 32.90, 33.13, 415607, 137.68, 1451, 260624, 62.71
GEMAROMA, EQ, 25-Sep-2026, 155.18, 156.00, 160.00, 153.41, 160.00, 158.93, 157.32, 50483, 79.42, 1716, 26943, 53.37
GENCON, EQ, 25-Sep-2026, 38.65, 38.15, 39.59, 37.75, 37.75, 38.17, 38.59, 268643, 103.67, 1037, 29995, 11.17
GENESYS, EQ, 25-Sep-2026, 283.18, 294.03, 294.03, 282.66, 285.94, 286.17, 287.84, 754157, 2170.76, 12145, 259010, 34.34
GENSOL, BZ, 25-Sep-2026, 17.04, 16.51, 16.94, 16.40, 16.78, 16.71, 16.56, 61010, 10.10, 588, -, -
GENUSPAPER, EQ, 25-Sep-2026, 11.20, 11.32, 11.33, 10.67, 10.70, 10.83, 10.96, 303009, 33.20, 530, 235790, 77.82
GENUSPOWER, EQ, 25-Sep-2026, 306.60, 308.00, 309.90, 302.90, 306.80, 305.70, 305.81, 866753, 2650.59, 15553, 425348, 49.07
GENXAI, SM, 25-Sep-2026, 72.15, 75.00, 75.00, 71.00, 71.00, 71.40, 72.72, 31200, 22.69, 25, 25200, 80.77
GEOJITFSL, EQ, 25-Sep-2026, 79.17, 79.17, 83.24, 78.21, 81.26, 81.51, 81.18, 547369, 444.34, 6284, 257550, 47.05
GESHIP, EQ, 25-Sep-2026, 1482.60, 1479.00, 1505.00, 1468.00, 1500.00, 1497.20, 1488.70, 454472, 6765.72, 22812, 257382, 56.63
GFLLIMITED, EQ, 25-Sep-2026, 54.93, 55.60, 58.50, 54.30, 58.40, 57.29, 55.92, 59780, 33.43, 1473, 38646, 64.65
GFSTEELS, BE, 25-Sep-2026, 30.91, 32.45, 32.45, 32.45, 32.45, 32.45, 32.45, 15795, 5.13, 25, -, -
GGBL, SM, 25-Sep-2026, 218.30, 220.60, 220.80, 209.00, 210.00, 210.35, 214.06, 30900, 66.14, 87, 23700, 76.70
GHCL, EQ, 25-Sep-2026, 421.30, 421.00, 421.20, 415.30, 419.30, 419.80, 418.03, 80239, 335.42, 4248, 44094, 54.95
GHCLTEXTIL, EQ, 25-Sep-2026, 135.34, 135.00, 140.97, 133.84, 138.97, 139.12, 138.60, 554170, 768.09, 11054, 283298, 51.12
GICHSGFIN, EQ, 25-Sep-2026, 137.96, 138.94, 138.94, 136.60, 137.68, 137.32, 137.22, 36885, 50.61, 1099, 20212, 54.80
GICL, BE, 25-Sep-2026, 23.50, 22.75, 23.50, 22.51, 23.48, 23.45, 23.04, 115450, 26.60, 104, -, -
GICRE, EQ, 25-Sep-2026, 339.25, 339.30, 340.80, 336.30, 337.70, 337.50, 337.46, 262473, 885.74, 9266, 129338, 49.28
GILLANDERS, EQ, 25-Sep-2026, 103.76, 103.50, 109.20, 102.50, 106.07, 108.69, 107.07, 20672, 22.13, 140, 19551, 94.58
GILLETTE, EQ, 25-Sep-2026, 7118.50, 7117.00, 7117.00, 6970.00, 7097.50, 7072.00, 7029.59, 22019, 1547.85, 7119, 10179, 46.23
GILT10BETA, EQ, 25-Sep-2026, 26.63, 26.24, 26.59, 26.08, 26.46, 26.46, 26.19, 1503, 0.39, 25, 1101, 73.25
GILT5BETA, EQ, 25-Sep-2026, 66.49, 66.43, 66.60, 65.66, 65.66, 65.66, 66.21, 614, 0.41, 20, 407, 66.29
GILT5YBEES, EQ, 25-Sep-2026, 65.84, 65.96, 66.06, 65.65, 65.99, 65.97, 65.91, 281752, 185.69, 635, 232365, 82.47
GINNIFILA, BE, 25-Sep-2026, 42.39, 42.39, 43.30, 42.00, 42.50, 42.49, 42.76, 182240, 77.92, 69, -, -
GIPCL, EQ, 25-Sep-2026, 186.42, 186.10, 187.09, 183.00, 185.37, 185.84, 184.99, 219387, 405.84, 5264, 100676, 45.89
GIRIRAJ, SM, 25-Sep-2026, 70.75, 73.80, 73.80, 67.25, 67.25, 67.25, 70.21, 1750, 1.23, 7, 1000, 57.14
GJL, ST, 25-Sep-2026, 368.55, 386.95, 386.95, 386.95, 386.95, 386.95, 386.95, 4800, 18.57, 5, 4800, 100.00
GKB, EQ, 25-Sep-2026, 67.68, 67.20, 69.48, 67.20, 67.40, 68.54, 67.82, 873, 0.59, 20, 839, 96.11
GKENERGY, EQ, 25-Sep-2026, 124.69, 124.50, 125.93, 122.82, 124.00, 123.68, 123.37, 194586, 240.05, 2419, 105205, 54.07
GKSL, EQ, 25-Sep-2026, 170.85, 171.73, 185.80, 169.93, 177.26, 178.02, 180.25, 1830502, 3299.50, 28587, 531480, 29.03
GKWLIMITED, EQ, 25-Sep-2026, 1561.40, 1591.00, 1600.00, 1552.00, 1555.50, 1556.00, 1576.73, 1360, 21.44, 31, 1320, 97.06
GLAND, EQ, 25-Sep-2026, 2897.40, 2885.00, 2927.00, 2882.00, 2910.00, 2917.20, 2911.26, 124312, 3619.04, 16875, 62645, 50.39
GLASSWALL, EQ, 25-Sep-2026, 272.07, 274.78, 282.00, 262.00, 275.20, 274.19, 272.00, 16111693, 43823.65, 131275, 1324686, 8.22
GLAXO, EQ, 25-Sep-2026, 2829.20, 2829.00, 2842.40, 2807.40, 2807.50, 2815.70, 2820.14, 15380, 433.74, 3598, 6985, 45.42
GLENMARK, EQ, 25-Sep-2026, 2430.40, 2425.00, 2435.20, 2365.70, 2380.00, 2380.00, 2389.23, 785299, 18762.63, 61416, 450492, 57.37
GLFL, EQ, 25-Sep-2026, 5.02, 5.02, 5.25, 4.78, 5.13, 5.12, 4.96, 8638, 0.43, 28, 3787, 43.84
GLOBAL, EQ, 25-Sep-2026, 141.00, 142.35, 142.49, 134.11, 135.50, 135.40, 136.61, 227619, 310.96, 3949, 146490, 64.36
GLOBALE, EQ, 25-Sep-2026, 10.80, 10.80, 11.25, 10.33, 11.09, 10.59, 10.81, 1300, 0.14, 24, 1222, 94.00
GLOBALPET, SM, 25-Sep-2026, 160.00, 160.00, 160.00, 160.00, 160.00, 160.00, 160.00, 1500, 2.40, 2, 1500, 100.00
GLOBALVECT, EQ, 25-Sep-2026, 135.89, 133.85, 138.90, 133.65, 135.25, 134.06, 134.54, 4099, 5.51, 206, 2393, 58.38
GLOBE, EQ, 25-Sep-2026, 2.26, 2.22, 2.31, 2.22, 2.25, 2.24, 2.25, 416495, 9.37, 267, 348133, 83.59
GLOBECIVIL, EQ, 25-Sep-2026, 43.18, 42.47, 43.69, 42.35, 43.40, 43.12, 42.88, 9026, 3.87, 241, 6547, 72.53
GLOBUSSPR, EQ, 25-Sep-2026, 836.50, 836.50, 840.00, 827.95, 830.00, 832.55, 832.52, 35079, 292.04, 3926, 16611, 47.35
GLOSTERLTD, EQ, 25-Sep-2026, 572.00, 566.00, 571.00, 550.00, 552.00, 552.70, 557.12, 3632, 20.23, 310, 3239, 89.18
GLOTTIS, EQ, 25-Sep-2026, 63.36, 63.88, 68.29, 63.30, 65.30, 65.62, 65.69, 240211, 157.79, 2896, 105707, 44.01
GMBREW, EQ, 25-Sep-2026, 967.25, 967.25, 986.75, 960.50, 980.00, 978.80, 977.30, 73282, 716.19, 4385, 32909, 44.91
GMDCLTD, EQ, 25-Sep-2026, 542.50, 542.00, 544.60, 534.00, 537.50, 538.00, 538.21, 694551, 3738.13, 20107, 294461, 42.40
GMMPFAUDLR, EQ, 25-Sep-2026, 1475.40, 1479.50, 1514.20, 1460.00, 1500.00, 1505.20, 1490.68, 220062, 3280.43, 19010, 103435, 47.00
GMRAIRPORT, EQ, 25-Sep-2026, 97.35, 96.64, 98.20, 96.64, 97.95, 97.95, 97.49, 10108888, 9854.77, 41187, 5613775, 55.53
GMRP&UI, EQ, 25-Sep-2026, 101.41, 101.41, 103.62, 99.40, 102.19, 102.68, 102.00, 2175028, 2218.46, 22274, 916262, 42.13
GNA, EQ, 25-Sep-2026, 620.45, 623.00, 627.90, 611.10, 616.00, 617.65, 619.93, 623477, 3865.11, 17690, 190114, 30.49
GNFC, EQ, 25-Sep-2026, 625.10, 625.10, 636.00, 619.00, 632.00, 630.30, 627.34, 1734397, 10880.61, 36832, 937974, 54.08
GNRL, EQ, 25-Sep-2026, 98.11, 99.10, 100.71, 97.40, 99.80, 100.18, 98.90, 77761, 76.91, 2022, 33738, 43.39
GOACARBON, EQ, 25-Sep-2026, 404.75, 409.90, 410.00, 396.25, 398.55, 401.80, 402.85, 14667, 59.09, 864, 8907, 60.73
GOCLCORP, EQ, 25-Sep-2026, 380.25, 380.25, 398.00, 378.55, 383.80, 384.10, 382.99, 105705, 404.84, 4032, 44954, 42.53
GOCOLORS, EQ, 25-Sep-2026, 318.35, 320.70, 321.75, 313.30, 315.35, 317.35, 317.74, 25771, 81.89, 2139, 12067, 46.82
GODAVARIB, EQ, 25-Sep-2026, 238.65, 239.93, 239.93, 235.01, 235.60, 236.52, 236.33, 50525, 119.41, 1245, 30009, 59.39
GODFRYPHLP, EQ, 25-Sep-2026, 1974.00, 1974.00, 1987.40, 1965.00, 1970.40, 1970.40, 1973.49, 68917, 1360.07, 6828, 25037, 36.33
GODIGIT, EQ, 25-Sep-2026, 250.30, 253.00, 254.40, 250.25, 254.00, 253.70, 252.71, 365201, 922.89, 20962, 170352, 46.65
GODREJAGRO, EQ, 25-Sep-2026, 676.05, 676.00, 679.95, 653.35, 659.45, 657.80, 662.06, 120326, 796.62, 8750, 54636, 45.41
GODREJCP, EQ, 25-Sep-2026, 875.00, 873.35, 880.55, 871.45, 880.00, 880.00, 876.68, 288234, 2526.89, 8758, 138571, 48.08
GODREJIND, EQ, 25-Sep-2026, 1099.00, 1093.00, 1146.00, 1090.40, 1100.00, 1105.30, 1114.53, 262360, 2924.07, 25346, 41364, 15.77
GODREJPROP, EQ, 25-Sep-2026, 1671.20, 1666.00, 1700.10, 1666.00, 1700.10, 1700.10, 1688.13, 273610, 4618.89, 18451, 112993, 41.30
GOKEX, EQ, 25-Sep-2026, 692.85, 698.00, 700.65, 683.10, 687.80, 689.60, 690.95, 158193, 1093.04, 9789, 71834, 45.41
GOKUL, EQ, 25-Sep-2026, 39.92, 39.59, 40.49, 39.41, 39.50, 39.69, 40.13, 145483, 58.39, 1911, 19287, 13.26
GOKULAGRO, EQ, 25-Sep-2026, 224.98, 223.65, 227.92, 220.61, 221.53, 221.89, 223.85, 174168, 389.88, 6734, 77797, 44.67
GOLD1, EQ, 25-Sep-2026, 124.65, 125.29, 125.78, 124.76, 125.70, 125.72, 125.30, 1608175, 2015.05, 5170, 973336, 60.52
GOLD360, EQ, 25-Sep-2026, 145.85, 145.85, 147.10, 145.55, 147.10, 146.50, 146.30, 8107, 11.86, 243, 4427, 54.61
GOLDADD, EQ, 25-Sep-2026, 14.50, 14.61, 14.64, 14.51, 14.63, 14.62, 14.59, 11357073, 1656.53, 6102, 4664692, 41.07
GOLDAXIS, EQ, 25-Sep-2026, 124.24, 124.55, 125.45, 124.51, 125.39, 125.36, 125.05, 449418, 561.99, 1996, 299243, 66.58
GOLDBEES, EQ, 25-Sep-2026, 123.43, 123.99, 124.50, 123.53, 124.40, 124.43, 124.04, 13701949, 16996.44, 74791, 6099869, 44.52
GOLDBETA, EQ, 25-Sep-2026, 125.80, 126.85, 126.85, 125.80, 126.40, 126.65, 126.38, 449086, 567.54, 1936, 384405, 85.60
GOLDBND, EQ, 25-Sep-2026, 149.24, 150.98, 150.98, 149.36, 150.65, 150.62, 150.52, 15262, 22.97, 107, 14407, 94.40
GOLDCASE, EQ, 25-Sep-2026, 23.50, 23.64, 23.70, 23.51, 23.70, 23.67, 23.61, 5079230, 1199.23, 7744, 2352233, 46.31
GOLDENTOBC, BZ, 25-Sep-2026, 24.24, 23.72, 24.99, 23.05, 23.54, 24.61, 24.18, 1693, 0.41, 41, -, -
GOLDETF, EQ, 25-Sep-2026, 145.32, 145.47, 146.38, 145.31, 146.36, 146.34, 145.92, 520173, 759.02, 5204, 326184, 62.71
GOLDIAM, EQ, 25-Sep-2026, 321.70, 322.10, 326.95, 320.00, 324.25, 325.05, 324.22, 256884, 832.88, 7142, 99703, 38.81
GOLDIETF, EQ, 25-Sep-2026, 127.88, 128.59, 129.15, 128.06, 128.96, 129.03, 128.63, 5378475, 6918.18, 23284, 4162237, 77.39
GOLDSTAR, SM, 25-Sep-2026, 10.15, 10.65, 10.65, 10.40, 10.65, 10.65, 10.61, 270000, 28.65, 24, 202500, 75.00
GOLDTECH, BE, 25-Sep-2026, 46.28, 48.50, 48.59, 46.40, 48.59, 48.51, 48.03, 50356, 24.18, 242, -, -
GOODLUCK, EQ, 25-Sep-2026, 530.45, 530.45, 534.05, 519.00, 526.40, 525.65, 526.44, 239704, 1261.89, 13410, 112113, 46.77
GOODYEAR, EQ, 25-Sep-2026, 707.15, 707.15, 714.95, 701.10, 708.75, 707.80, 707.31, 2471, 17.48, 488, 1531, 61.96
GOPAL, EQ, 25-Sep-2026, 262.55, 264.00, 264.00, 257.85, 260.00, 260.95, 261.19, 103108, 269.31, 5370, 57734, 55.99
GOYALALUM, EQ, 25-Sep-2026, 5.93, 6.10, 6.10, 5.80, 5.92, 5.91, 5.92, 40513, 2.40, 376, 26992, 66.63
GOYALSALT, SM, 25-Sep-2026, 108.90, 106.00, 106.00, 102.00, 102.00, 102.00, 103.70, 6000, 6.22, 10, 6000, 100.00
GPECO, SM, 25-Sep-2026, 389.65, 386.65, 403.00, 386.00, 403.00, 402.05, 394.21, 14000, 55.19, 63, 10200, 72.86
GPIL, EQ, 25-Sep-2026, 229.78, 230.00, 232.39, 228.13, 229.95, 229.42, 230.08, 863273, 1986.24, 16672, 401522, 46.51
GPPL, EQ, 25-Sep-2026, 163.27, 162.73, 165.00, 160.61, 162.50, 163.20, 162.45, 1328565, 2158.26, 13121, 793564, 59.73
GPTHEALTH, EQ, 25-Sep-2026, 161.73, 162.00, 164.09, 160.00, 163.04, 161.27, 161.76, 66898, 108.22, 2240, 31948, 47.76
GPTINFRA, EQ, 25-Sep-2026, 113.52, 115.99, 116.90, 112.50, 113.50, 114.43, 114.55, 124954, 143.13, 1583, 59844, 47.89
GRADIENTE, BE, 25-Sep-2026, 2.15, 2.19, 2.19, 2.05, 2.05, 2.05, 2.07, 920446, 19.05, 333, -, -
GRANDOAK, EQ, 25-Sep-2026, 33.82, 34.70, 35.46, 34.05, 35.33, 34.77, 34.73, 2445, 0.85, 103, 1511, 61.80
GRANULES, EQ, 25-Sep-2026, 853.00, 856.90, 875.00, 849.05, 869.85, 868.65, 860.39, 597420, 5140.15, 24691, 280684, 46.98
GRAPHITE, EQ, 25-Sep-2026, 814.70, 819.60, 838.55, 815.30, 820.00, 820.70, 826.33, 1351331, 11166.40, 49787, 291484, 21.57
GRASIM, EQ, 25-Sep-2026, 3166.50, 3175.00, 3212.50, 3161.00, 3191.00, 3191.00, 3181.70, 773413, 24607.65, 22488, 461742, 59.70
GRAUWEIL, EQ, 25-Sep-2026, 86.69, 87.20, 88.40, 85.75, 87.90, 88.02, 87.52, 1099667, 962.44, 8742, 598787, 54.45
GRAVISSHO, BE, 25-Sep-2026, 32.35, 32.35, 32.35, 30.90, 32.35, 32.35, 31.54, 931, 0.29, 23, -, -
GRAVITA, EQ, 25-Sep-2026, 1515.40, 1520.00, 1525.00, 1492.30, 1497.20, 1495.40, 1504.24, 266305, 4005.85, 16895, 145351, 54.58
GRCL, SM, 25-Sep-2026, 572.00, 600.00, 600.00, 595.00, 597.90, 597.90, 597.71, 1000, 5.98, 4, 750, 75.00
GREAVESCOT, EQ, 25-Sep-2026, 221.83, 223.50, 235.64, 218.71, 234.52, 234.78, 229.35, 10729752, 24609.04, 113870, 2416567, 22.52
GREENCHEF, SM, 25-Sep-2026, 73.40, 70.55, 73.15, 70.55, 71.00, 71.00, 71.82, 19200, 13.79, 20, 16800, 87.50
GREENLAM, EQ, 25-Sep-2026, 227.00, 227.00, 229.05, 223.21, 225.00, 224.32, 225.65, 82357, 185.84, 1378, 58171, 70.63
GREENLEAF, ST, 25-Sep-2026, 106.00, 106.10, 106.30, 104.00, 106.30, 106.10, 105.73, 6000, 6.34, 6, 5000, 83.33
GREENPANEL, EQ, 25-Sep-2026, 166.61, 168.00, 168.00, 160.50, 162.15, 162.61, 162.49, 194144, 315.46, 4177, 106536, 54.87
GREENPLY, EQ, 25-Sep-2026, 294.30, 294.55, 294.55, 282.20, 286.50, 287.25, 285.58, 357533, 1021.04, 5942, 248855, 69.60
GREENPOWER, EQ, 25-Sep-2026, 9.00, 9.00, 9.03, 8.90, 8.97, 8.96, 8.95, 1845566, 165.26, 3384, 951729, 51.57
GRETEX, SM, 25-Sep-2026, 225.00, 214.00, 214.00, 214.00, 214.00, 214.00, 214.00, 750, 1.61, 1, 750, 100.00
GRINDWELL, EQ, 25-Sep-2026, 1981.00, 2000.80, 2000.80, 1956.20, 1975.00, 1972.70, 1973.76, 9040, 178.43, 2417, 4318, 47.77
GRINFRA, EQ, 25-Sep-2026, 810.30, 818.40, 821.50, 806.65, 810.20, 812.40, 811.95, 12680, 102.96, 1595, 5193, 40.95
GRMOVER, EQ, 25-Sep-2026, 79.87, 79.87, 81.00, 79.02, 80.77, 80.63, 79.71, 997560, 795.16, 3870, 159344, 15.97
GROBTEA, EQ, 25-Sep-2026, 895.00, 890.00, 895.00, 877.40, 895.00, 894.35, 889.19, 183, 1.63, 24, 139, 75.96
GROWW, EQ, 25-Sep-2026, 186.55, 186.55, 189.40, 185.00, 187.25, 187.06, 186.82, 14081481, 26306.92, 127467, 7807091, 55.44
GROWWCAPM, EQ, 25-Sep-2026, 11.20, 11.21, 11.25, 11.07, 11.19, 11.12, 11.14, 2769816, 308.58, 1138, 2607649, 94.15
GROWWCHEM, EQ, 25-Sep-2026, 29.26, 29.21, 29.85, 28.86, 29.84, 29.44, 29.14, 28804, 8.39, 246, 13652, 47.40
GROWWDEFNC, EQ, 25-Sep-2026, 93.65, 94.58, 94.58, 92.92, 94.37, 93.87, 93.57, 118117, 110.52, 2370, 61443, 52.02
GROWWEV, EQ, 25-Sep-2026, 31.17, 31.10, 31.49, 31.00, 31.22, 31.43, 31.26, 483550, 151.15, 1625, 404938, 83.74
GROWWGOLD, EQ, 25-Sep-2026, 14.60, 14.60, 14.79, 14.60, 14.71, 14.70, 14.66, 843288, 123.62, 2590, 338936, 40.19
GROWWHOSPI, EQ, 25-Sep-2026, 52.80, 52.80, 52.87, 51.41, 51.76, 51.64, 51.79, 318735, 165.07, 1680, 257012, 80.64
GROWWLIQID, EQ, 25-Sep-2026, 110.87, 110.91, 110.92, 110.91, 110.92, 110.91, 110.92, 154736, 171.63, 195, 95817, 61.92
GROWWLOVOL, EQ, 25-Sep-2026, 10.18, 10.18, 10.18, 9.96, 10.12, 10.06, 10.08, 6778, 0.68, 116, 3625, 53.48
GROWWMC150, EQ, 25-Sep-2026, 225.99, 229.74, 229.74, 223.50, 226.09, 226.09, 225.40, 271, 0.61, 26, 220, 81.18
GROWWMETAL, EQ, 25-Sep-2026, 12.37, 12.59, 12.59, 12.29, 12.50, 12.53, 12.50, 294393, 36.79, 1482, 158435, 53.82
GROWWMOM50, EQ, 25-Sep-2026, 10.83, 10.83, 10.97, 10.77, 10.85, 10.82, 10.84, 416743, 45.17, 407, 393127, 94.33
GROWWN200, EQ, 25-Sep-2026, 10.97, 11.15, 11.15, 10.89, 10.99, 10.91, 10.95, 42885, 4.70, 292, 20795, 48.49
GROWWNET, EQ, 25-Sep-2026, 10.47, 10.64, 10.64, 10.21, 10.33, 10.25, 10.26, 3785444, 388.57, 1417, 3462404, 91.47
GROWWNIFTY, EQ, 25-Sep-2026, 9.38, 9.48, 9.48, 9.32, 9.40, 9.36, 9.36, 761413, 71.23, 3475, 493857, 64.86
GROWWNXT50, EQ, 25-Sep-2026, 71.76, 72.48, 72.48, 71.06, 71.35, 71.77, 72.01, 6545, 4.71, 87, 3486, 53.26
GROWWPOWER, EQ, 25-Sep-2026, 11.05, 11.04, 11.17, 10.82, 11.08, 11.08, 11.04, 895236, 98.81, 2122, 384000, 42.89
GROWWPSE, EQ, 25-Sep-2026, 96.61, 95.77, 98.27, 95.77, 96.96, 96.62, 96.34, 1962, 1.89, 125, 1624, 82.77
GROWWPSUBK, EQ, 25-Sep-2026, 82.72, 83.58, 84.50, 81.59, 84.50, 83.75, 83.14, 3367, 2.80, 146, 1855, 55.09
GROWWRAIL, EQ, 25-Sep-2026, 26.88, 26.88, 27.10, 26.60, 26.90, 26.75, 26.71, 470644, 125.70, 2827, 236108, 50.17
GROWWRLTY, EQ, 25-Sep-2026, 9.59, 9.57, 9.77, 9.57, 9.70, 9.71, 9.71, 123987, 12.04, 393, 72611, 58.56
GROWWSC250, EQ, 25-Sep-2026, 10.50, 10.23, 10.66, 10.23, 10.49, 10.47, 10.48, 79923, 8.38, 464, 64575, 80.80
GROWWSLVR, EQ, 25-Sep-2026, 22.14, 22.35, 22.44, 22.09, 22.40, 22.40, 22.25, 748536, 166.52, 1626, 244996, 32.73
GRPLTD, EQ, 25-Sep-2026, 1987.80, 1999.20, 2008.00, 1989.00, 2008.00, 1999.00, 1995.92, 456, 9.10, 114, 373, 81.80
GRSE, EQ, 25-Sep-2026, 2344.00, 2344.10, 2355.00, 2303.00, 2315.80, 2319.00, 2320.12, 252777, 5864.74, 21470, 93940, 37.16
GRWRHITECH, EQ, 25-Sep-2026, 6342.50, 6321.00, 6687.00, 6321.00, 6649.00, 6640.00, 6607.22, 90455, 5976.56, 17205, 40911, 45.23
GSEC10ABSL, EQ, 25-Sep-2026, 112.00, 111.63, 111.63, 111.63, 111.63, 111.63, 111.63, 6, 0.01, 3, 6, 100.00
GSEC10ADD, EQ, 25-Sep-2026, 26.73, 26.62, 26.77, 26.24, 26.77, 26.77, 26.76, 414, 0.11, 5, 404, 97.58
GSEC10IETF, EQ, 25-Sep-2026, 264.69, 261.00, 263.28, 261.00, 262.05, 262.05, 262.33, 5, 0.01, 4, 5, 100.00
GSEC10YEAR, EQ, 25-Sep-2026, 29.99, 29.99, 30.34, 29.94, 29.99, 29.99, 30.04, 449, 0.13, 18, 278, 61.92
GSEC5IETF, EQ, 25-Sep-2026, 65.69, 66.15, 66.28, 65.80, 66.25, 65.85, 66.08, 17513, 11.57, 27, 9451, 53.97
GSFC, EQ, 25-Sep-2026, 155.35, 154.95, 157.52, 154.64, 156.55, 156.80, 156.37, 735930, 1150.74, 10459, 424452, 57.68
GSLSU, EQ, 25-Sep-2026, 31.98, 31.08, 31.70, 30.55, 31.25, 31.13, 31.09, 37609, 11.69, 573, 17502, 46.54
GSMFOILS, SM, 25-Sep-2026, 73.90, 74.10, 77.55, 74.10, 77.55, 77.55, 77.13, 218500, 168.54, 292, 127500, 58.35
GSPCROP, EQ, 25-Sep-2026, 490.40, 490.40, 503.90, 485.30, 497.20, 498.25, 491.55, 261036, 1283.13, 3726, 20997, 8.04
GSS, EQ, 25-Sep-2026, 10.48, 10.48, 10.92, 10.32, 10.78, 10.72, 10.65, 36024, 3.84, 210, 28111, 78.03
GSTL, SM, 25-Sep-2026, 11.95, 12.25, 12.25, 11.40, 11.40, 11.40, 11.65, 10000, 1.17, 8, 9000, 90.00
GTECJAINX, EQ, 25-Sep-2026, 26.48, 26.10, 27.49, 26.10, 26.26, 26.52, 26.93, 1870, 0.50, 23, 1265, 67.65
GTL, EQ, 25-Sep-2026, 6.99, 7.08, 7.19, 6.96, 7.04, 7.03, 7.03, 78314, 5.51, 392, 54231, 69.25
GTLINFRA, EQ, 25-Sep-2026, 1.11, 1.11, 1.13, 1.10, 1.13, 1.12, 1.11, 26743520, 298.17, 10850, 10543804, 39.43
GTPL, EQ, 25-Sep-2026, 55.07, 55.90, 57.00, 54.82, 56.50, 56.57, 56.34, 46020, 25.93, 690, 24822, 53.94
GUFICBIO, EQ, 25-Sep-2026, 422.00, 418.95, 427.00, 416.35, 422.40, 423.75, 421.72, 31206, 131.60, 2160, 15859, 50.82
GUJALKALI, EQ, 25-Sep-2026, 620.80, 624.50, 634.00, 615.15, 632.00, 630.90, 627.48, 46193, 289.85, 4998, 25123, 54.39
GUJAPOLLO, EQ, 25-Sep-2026, 327.40, 328.80, 332.00, 328.05, 328.05, 329.10, 329.34, 3626, 11.94, 203, 2717, 74.93
GUJENERGY, EQ, 25-Sep-2026, 235.72, 235.00, 236.35, 231.50, 235.90, 236.02, 234.49, 451419, 1058.55, 19989, 254855, 56.46
GUJRAFFIA, EQ, 25-Sep-2026, 39.75, 40.80, 40.80, 39.90, 40.69, 40.69, 40.06, 777, 0.31, 19, 677, 87.13
GUJTHEM, EQ, 25-Sep-2026, 410.45, 411.00, 422.10, 410.45, 415.00, 417.00, 415.65, 159525, 663.06, 5995, 79495, 49.83
GULFOILLUB, EQ, 25-Sep-2026, 1090.80, 1090.80, 1109.80, 1074.10, 1106.30, 1106.60, 1101.16, 59678, 657.15, 4930, 36533, 61.22
GULFPETRO, BE, 25-Sep-2026, 63.55, 63.55, 63.80, 60.61, 60.70, 60.88, 61.12, 115393, 70.53, 357, -, -
GULPOLY, EQ, 25-Sep-2026, 169.40, 170.47, 171.49, 168.20, 170.99, 170.36, 169.88, 80764, 137.20, 2244, 30914, 38.28
GURUNANAK, SM, 25-Sep-2026, 36.50, 36.50, 36.50, 36.50, 36.50, 36.50, 36.50, 1600, 0.58, 1, 1600, 100.00
GVKPIL, BE, 25-Sep-2026, 2.58, 2.53, 2.63, 2.53, 2.63, 2.63, 2.56, 4398958, 112.52, 1610, -, -
GVPIL, EQ, 25-Sep-2026, 659.40, 679.00, 683.95, 656.15, 670.80, 669.70, 666.28, 103896, 692.24, 6654, 47708, 45.92
GVPTECH, BE, 25-Sep-2026, 7.81, 7.92, 7.95, 7.58, 7.95, 7.94, 7.85, 83520, 6.56, 181, -, -
GVT&D, EQ, 25-Sep-2026, 4286.30, 4292.00, 4327.60, 4250.00, 4280.00, 4280.00, 4276.38, 325045, 13900.17, 29946, 160094, 49.25
GYFTR, EQ, 25-Sep-2026, 169.67, 167.10, 171.79, 165.30, 165.30, 166.30, 168.15, 47001, 79.03, 2227, 21342, 45.41
HAL, EQ, 25-Sep-2026, 4774.20, 4774.20, 4819.50, 4760.10, 4800.00, 4800.00, 4788.29, 384467, 18409.40, 30272, 190961, 49.67
HALDER, EQ, 25-Sep-2026, 248.75, 252.00, 252.00, 240.05, 243.50, 241.45, 243.65, 3407, 8.30, 344, 1878, 55.12
HALDYNGL, BE, 25-Sep-2026, 144.68, 147.00, 148.00, 140.20, 145.80, 145.46, 144.97, 22023, 31.93, 144, -, -
HALEOSLABS, EQ, 25-Sep-2026, 1503.40, 1503.40, 1539.40, 1490.40, 1500.00, 1501.80, 1510.89, 555, 8.39, 113, 443, 79.82
HAMPTON, EQ, 25-Sep-2026, 7.87, 8.88, 8.88, 7.45, 8.10, 8.10, 8.11, 12054, 0.98, 131, 8246, 68.41
HAPPSTMNDS, EQ, 25-Sep-2026, 311.60, 311.60, 311.95, 308.20, 311.30, 310.50, 309.91, 413053, 1280.11, 10364, 180354, 43.66
HAPPY, SM, 25-Sep-2026, 78.85, 80.45, 81.45, 79.90, 81.45, 81.40, 80.55, 24000, 19.33, 12, 16000, 66.67
HAPPYFORGE, EQ, 25-Sep-2026, 2084.80, 2084.80, 2115.90, 2051.00, 2055.00, 2063.50, 2080.98, 37247, 775.10, 7878, 21738, 58.36
HARDWYN, EQ, 25-Sep-2026, 9.25, 9.37, 9.37, 9.14, 9.29, 9.27, 9.26, 1356392, 125.64, 763, 1034894, 76.30
HARIOMPIPE, EQ, 25-Sep-2026, 350.70, 350.70, 351.00, 343.30, 346.00, 344.55, 346.56, 78696, 272.73, 3059, 41895, 53.24
HARRMALAYA, EQ, 25-Sep-2026, 174.88, 174.10, 178.00, 171.00, 172.00, 172.59, 173.17, 9942, 17.22, 325, 7403, 74.46
HARSHA, EQ, 25-Sep-2026, 457.55, 461.00, 467.80, 449.45, 460.55, 462.05, 458.74, 150621, 690.96, 7149, 71275, 47.32
HATHWAY, EQ, 25-Sep-2026, 9.96, 9.99, 10.00, 9.83, 9.92, 9.93, 9.89, 1071495, 105.99, 2361, 471331, 43.99
HATSUN, EQ, 25-Sep-2026, 1134.40, 1145.70, 1181.20, 1138.60, 1167.90, 1165.30, 1165.44, 44714, 521.11, 5621, 15629, 34.95
HAVELLS, EQ, 25-Sep-2026, 1090.00, 1085.20, 1097.30, 1085.20, 1096.50, 1096.50, 1092.37, 308307, 3367.84, 22117, 150582, 48.84
HAVISHA, EQ, 25-Sep-2026, 1.36, 1.34, 1.40, 1.34, 1.39, 1.38, 1.38, 32071, 0.44, 138, 25838, 80.56
HAWKINCOOK, EQ, 25-Sep-2026, 8063.50, 8199.50, 8199.50, 7970.00, 8015.00, 8047.50, 8027.77, 986, 79.15, 379, 763, 77.38
HAZOOR, EQ, 25-Sep-2026, 18.53, 18.53, 19.60, 17.60, 19.50, 19.36, 18.46, 1533958, 283.09, 3126, 691857, 45.10
HBESD, EQ, 25-Sep-2026, 70.51, 71.00, 74.00, 68.04, 68.04, 68.04, 70.99, 129, 0.09, 12, 128, 99.22
HBLENGINE, EQ, 25-Sep-2026, 775.30, 779.00, 811.55, 765.95, 810.50, 806.00, 798.33, 5199842, 41511.66, 120054, 1417357, 27.26
HBPOR, EQ, 25-Sep-2026, 61.39, 61.39, 61.50, 59.28, 61.50, 60.60, 60.35, 1223, 0.74, 59, 791, 64.68
HBSL, EQ, 25-Sep-2026, 55.02, 55.75, 56.99, 55.00, 55.00, 56.08, 56.08, 3326, 1.87, 57, 3107, 93.42
HCC, EQ, 25-Sep-2026, 21.62, 21.55, 21.66, 21.05, 21.35, 21.26, 21.28, 9997995, 2127.31, 20111, 3815234, 38.16
HCG, EQ, 25-Sep-2026, 701.05, 701.00, 711.35, 693.15, 711.35, 698.65, 699.00, 62254, 435.16, 11862, 31526, 50.64
HCL-INSYS, EQ, 25-Sep-2026, 10.42, 10.94, 10.94, 10.50, 10.52, 10.57, 10.67, 150513, 16.06, 681, 108497, 72.08
HCLTECH, EQ, 25-Sep-2026, 1243.60, 1241.00, 1266.50, 1234.60, 1258.00, 1258.00, 1256.14, 1568243, 19699.34, 50450, 637460, 40.65
HDBFS, EQ, 25-Sep-2026, 661.00, 662.00, 662.05, 647.15, 648.00, 648.15, 651.55, 255839, 1666.93, 15013, 167554, 65.49
HDFCAMC, EQ, 25-Sep-2026, 2380.30, 2390.00, 2395.50, 2366.50, 2378.00, 2378.00, 2376.92, 363424, 8638.30, 26129, 212214, 58.39
HDFCBANK, EQ, 25-Sep-2026, 728.90, 723.00, 739.65, 723.00, 735.60, 735.60, 733.66, 19853034, 145654.18, 231573, 12291121, 61.91
HDFCBSE500, EQ, 25-Sep-2026, 36.46, 36.46, 36.67, 36.21, 36.21, 36.38, 36.38, 1105274, 402.11, 288, 1067547, 96.59
HDFCGOLD, EQ, 25-Sep-2026, 127.64, 127.90, 128.69, 127.66, 128.50, 128.63, 128.12, 8719548, 11171.48, 9696, 6931938, 79.50
HDFCGROWTH, EQ, 25-Sep-2026, 113.14, 113.00, 114.99, 112.56, 114.99, 113.41, 113.17, 11386, 12.89, 140, 7671, 67.37
HDFCLIFE, EQ, 25-Sep-2026, 526.90, 526.90, 535.00, 516.45, 531.00, 531.00, 528.20, 4285606, 22636.61, 61156, 1530444, 35.71
HDFCLIQUID, EQ, 25-Sep-2026, 1079.20, 1079.62, 1079.64, 1079.62, 1079.62, 1079.63, 1079.64, 59263, 639.83, 68, 51274, 86.52
HDFCLOWVOL, EQ, 25-Sep-2026, 19.81, 19.78, 20.00, 19.72, 20.00, 19.81, 19.76, 10088, 1.99, 89, 6484, 64.27
HDFCMID150, EQ, 25-Sep-2026, 22.83, 23.29, 23.29, 22.60, 22.72, 22.70, 22.75, 699608, 159.13, 1664, 524357, 74.95
HDFCMOMENT, EQ, 25-Sep-2026, 30.62, 30.62, 30.70, 30.36, 30.70, 30.51, 30.53, 107340, 32.77, 572, 46485, 43.31
HDFCNEXT50, EQ, 25-Sep-2026, 73.20, 73.18, 73.43, 72.85, 73.43, 73.21, 73.15, 119653, 87.52, 1063, 64689, 54.06
HDFCNIF100, EQ, 25-Sep-2026, 25.15, 25.15, 25.28, 25.02, 25.28, 25.18, 25.13, 28496, 7.16, 235, 18128, 63.62
HDFCNIFBAN, EQ, 25-Sep-2026, 57.22, 57.59, 57.59, 57.08, 57.33, 57.29, 57.28, 27898, 15.98, 318, 17647, 63.26
HDFCNIFIT, EQ, 25-Sep-2026, 30.14, 30.10, 30.49, 29.74, 30.15, 30.07, 29.93, 124528, 37.27, 419, 78535, 63.07
HDFCNIFTY, EQ, 25-Sep-2026, 261.05, 267.57, 267.57, 260.05, 261.57, 261.22, 260.85, 242156, 631.67, 1088, 202664, 83.69
HDFCNIMEG, EQ, 25-Sep-2026, 130.38, 131.23, 131.23, 130.00, 130.00, 130.71, 130.73, 578, 0.76, 31, 310, 53.63
HDFCPSUBK, EQ, 25-Sep-2026, 83.47, 83.47, 83.99, 83.21, 83.40, 83.61, 83.63, 27288, 22.82, 159, 16929, 62.04
HDFCPVTBAN, EQ, 25-Sep-2026, 27.43, 27.40, 27.60, 27.26, 27.60, 27.45, 27.40, 138169, 37.86, 447, 56151, 40.64
HDFCQUAL, EQ, 25-Sep-2026, 56.43, 56.50, 57.00, 56.25, 56.95, 56.53, 56.50, 6845, 3.87, 81, 2486, 36.32
HDFCSENSEX, EQ, 25-Sep-2026, 83.93, 83.75, 84.40, 83.21, 83.73, 84.03, 83.78, 48210, 40.39, 748, 22713, 47.11
HDFCSILVER, EQ, 25-Sep-2026, 215.69, 216.89, 219.00, 215.45, 219.00, 218.66, 217.48, 1940902, 4221.07, 10064, 755955, 38.95
HDFCSML250, EQ, 25-Sep-2026, 183.30, 184.86, 184.86, 181.98, 183.28, 183.33, 182.98, 1110435, 2031.85, 14764, 727089, 65.48
HDFCVALUE, EQ, 25-Sep-2026, 120.01, 120.01, 122.00, 120.01, 122.00, 121.27, 120.88, 23323, 28.19, 205, 18713, 80.23
HDIL, BZ, 25-Sep-2026, 1.47, 1.45, 1.48, 1.45, 1.47, 1.45, 1.46, 133080, 1.95, 173, -, -
HEADSUP, EQ, 25-Sep-2026, 6.85, 6.85, 6.93, 6.60, 6.85, 6.65, 6.75, 8590, 0.58, 72, 7474, 87.01
HEALTHADD, EQ, 25-Sep-2026, 16.96, 16.96, 18.20, 16.70, 17.24, 16.99, 16.87, 18113, 3.05, 174, 14820, 81.82
HEALTHAXIS, EQ, 25-Sep-2026, 172.51, 170.81, 170.97, 168.94, 170.00, 169.85, 169.96, 3802, 6.46, 119, 3328, 87.53
HEALTHCARE, EQ, 25-Sep-2026, 21.99, 22.53, 22.53, 21.75, 21.85, 21.84, 21.96, 39747, 8.73, 204, 24543, 61.75
HEALTHIETF, EQ, 25-Sep-2026, 172.12, 172.50, 173.40, 170.51, 172.56, 172.01, 171.45, 80158, 137.43, 1246, 42668, 53.23
HEALTHX, EQ, 25-Sep-2026, 290.65, 287.75, 296.40, 285.20, 288.00, 288.65, 288.83, 9343, 26.99, 107, 8320, 89.05
HEALTHY, EQ, 25-Sep-2026, 17.22, 17.22, 17.34, 17.09, 17.18, 17.17, 17.19, 318507, 54.76, 987, 229478, 72.05
HECPROJECT, EQ, 25-Sep-2026, 115.66, 116.00, 118.50, 114.10, 116.40, 115.48, 115.34, 1150, 1.33, 47, 950, 82.61
HEGAM, EQ, 25-Sep-2026, 235.25, 237.50, 251.95, 234.55, 244.30, 244.35, 245.29, 3273043, 8028.43, 55670, 845316, 25.83
HEIDELBERG, EQ, 25-Sep-2026, 139.49, 140.20, 140.20, 134.49, 135.00, 134.97, 135.86, 429293, 583.26, 5674, 298823, 69.61
HEMIPROP, EQ, 25-Sep-2026, 118.83, 118.10, 121.10, 117.77, 120.49, 120.36, 119.30, 231330, 275.98, 2745, 127178, 54.98
HERANBA, EQ, 25-Sep-2026, 172.27, 173.95, 198.90, 171.01, 189.46, 187.60, 192.63, 3333268, 6420.87, 41391, 228503, 6.86
HERITGFOOD, EQ, 25-Sep-2026, 414.10, 414.20, 418.00, 405.55, 406.55, 407.40, 409.24, 189918, 777.21, 7370, 76902, 40.49
HEROMOTOCO, EQ, 25-Sep-2026, 5296.00, 5340.00, 5397.00, 5304.00, 5360.00, 5360.00, 5343.40, 299598, 16008.72, 30771, 152341, 50.85
HEROMOTORS, EQ, 25-Sep-2026, 118.08, 128.00, 141.69, 126.60, 141.69, 141.69, 138.21, 102618013, 141826.62, 418689, 18858550, 18.38
HESTERBIO, EQ, 25-Sep-2026, 2201.20, 2190.20, 2230.00, 2156.00, 2228.00, 2182.90, 2187.93, 1571, 34.37, 418, 696, 44.30
HEXAGON, BE, 25-Sep-2026, 64.80, 64.80, 65.81, 64.00, 64.91, 65.10, 65.15, 93536, 60.94, 470, -, -
HEXATRADEX, EQ, 25-Sep-2026, 156.98, 159.90, 162.50, 155.26, 159.97, 157.35, 158.30, 986, 1.56, 47, 612, 62.07
HEXT, EQ, 25-Sep-2026, 499.35, 496.95, 499.50, 492.45, 498.00, 496.70, 496.09, 62991, 312.49, 6318, 29003, 46.04
HFCL, BE, 25-Sep-2026, 210.69, 210.50, 214.70, 207.10, 211.30, 211.27, 211.26, 3201783, 6764.25, 20625, -, -
HGINFRA, EQ, 25-Sep-2026, 468.05, 463.00, 464.00, 450.50, 454.00, 453.10, 457.71, 451893, 2068.34, 15999, 98228, 21.74
HGM, EQ, 25-Sep-2026, 42.74, 42.74, 42.74, 42.00, 42.10, 42.18, 42.13, 1370, 0.58, 26, 1368, 99.85
HGS, EQ, 25-Sep-2026, 374.55, 374.50, 380.00, 369.10, 378.00, 376.60, 373.30, 11018, 41.13, 1372, 7101, 64.45
HIGREEN, SM, 25-Sep-2026, 127.90, 127.00, 132.50, 122.45, 132.50, 129.50, 126.01, 35200, 44.36, 44, 21600, 61.36
HIKAL, EQ, 25-Sep-2026, 214.15, 215.98, 222.00, 213.99, 217.52, 217.58, 217.81, 603533, 1314.59, 14080, 156296, 25.90
HILINFRA, EQ, 25-Sep-2026, 43.17, 42.90, 43.70, 42.11, 43.00, 42.86, 42.88, 86095, 36.92, 1009, 66348, 77.06
HILTON, EQ, 25-Sep-2026, 16.99, 16.60, 17.48, 16.60, 16.96, 16.85, 16.95, 87300, 14.80, 467, 63673, 72.94
HIMATSEIDE, EQ, 25-Sep-2026, 69.47, 69.47, 71.40, 67.95, 69.10, 68.79, 69.43, 1332162, 924.86, 11267, 624957, 46.91
HINDADH, EQ, 25-Sep-2026, 389.30, 384.00, 391.00, 375.05, 389.45, 386.30, 382.87, 1621, 6.21, 85, 1294, 79.83
HINDALCO, EQ, 25-Sep-2026, 982.00, 979.20, 983.40, 971.20, 977.00, 977.00, 977.42, 2469481, 24137.16, 44556, 1485726, 60.16
HINDALUMI, EQ, 25-Sep-2026, 93.15, 93.15, 95.50, 92.00, 94.48, 92.43, 93.51, 1210, 1.13, 72, 974, 80.50
HINDCOMPOS, EQ, 25-Sep-2026, 381.80, 389.40, 390.00, 381.00, 387.90, 387.35, 388.67, 2085, 8.10, 124, 1763, 84.56
HINDCON, EQ, 25-Sep-2026, 25.12, 25.40, 27.63, 24.68, 27.63, 27.60, 27.14, 188464, 51.15, 957, 121333, 64.38
HINDCOPPER, EQ, 25-Sep-2026, 495.70, 496.00, 498.65, 489.40, 495.40, 494.65, 493.60, 3649150, 18012.38, 60094, 1252473, 34.32
HINDOILEXP, EQ, 25-Sep-2026, 172.81, 173.40, 175.69, 171.01, 173.09, 173.38, 173.26, 330435, 572.52, 5541, 153345, 46.41
HINDPETRO, EQ, 25-Sep-2026, 350.40, 352.55, 353.80, 348.65, 351.00, 351.00, 351.13, 4957719, 17408.18, 37560, 3239499, 65.34
HINDUNILVR, EQ, 25-Sep-2026, 1933.50, 1933.50, 1942.90, 1915.00, 1942.90, 1942.90, 1929.50, 732074, 14125.39, 40117, 393977, 53.82
HINDWAREAP, EQ, 25-Sep-2026, 170.31, 170.52, 177.80, 167.00, 176.50, 173.68, 171.39, 111443, 191.00, 2582, 53832, 48.30
HINDZINC, EQ, 25-Sep-2026, 587.15, 591.10, 596.40, 587.65, 588.95, 588.95, 590.68, 3349241, 19783.20, 39252, 1704482, 50.89
HIRECT, EQ, 25-Sep-2026, 1219.00, 1205.60, 1229.80, 1205.60, 1212.00, 1212.90, 1215.53, 24429, 296.94, 2937, 11403, 46.68
HISARMETAL, EQ, 25-Sep-2026, 152.75, 152.00, 155.98, 151.50, 152.25, 152.88, 153.18, 414, 0.63, 35, 327, 78.99
HITECH, EQ, 25-Sep-2026, 74.84, 74.65, 74.80, 73.15, 73.61, 73.60, 73.89, 479980, 354.67, 4544, 281346, 58.62
HITECHCORP, BE, 25-Sep-2026, 331.55, 334.00, 334.00, 330.15, 330.15, 330.15, 331.45, 363, 1.20, 13, -, -
HITECHGEAR, BE, 25-Sep-2026, 588.95, 600.00, 618.35, 588.95, 618.35, 618.35, 616.64, 3554, 21.92, 90, -, -
HLEGLAS, EQ, 25-Sep-2026, 428.75, 430.10, 447.15, 416.30, 434.00, 441.10, 433.06, 257150, 1113.61, 9535, 106775, 41.52
HLVLTD, EQ, 25-Sep-2026, 6.50, 6.50, 6.69, 6.45, 6.56, 6.53, 6.52, 86809, 5.66, 410, 67807, 78.11
HMAAGRO, EQ, 25-Sep-2026, 23.22, 23.22, 24.15, 22.64, 24.00, 23.98, 23.47, 1255633, 294.64, 4230, 481239, 38.33
HMT, BZ, 25-Sep-2026, 61.72, 61.72, 62.50, 61.15, 61.30, 61.31, 61.94, 4216, 2.61, 55, -, -
HMVL, BE, 25-Sep-2026, 75.10, 75.00, 75.50, 71.35, 71.35, 72.24, 72.45, 136819, 99.12, 573, -, -
HNDFDS, EQ, 25-Sep-2026, 618.25, 618.25, 620.60, 608.05, 611.10, 612.35, 613.27, 24358, 149.38, 2126, 13732, 56.38
HNGSNGBEES, EQ, 25-Sep-2026, 460.02, 459.52, 460.99, 455.27, 458.19, 457.74, 458.52, 77439, 355.07, 3699, 46544, 60.10
HOACFOODS, ST, 25-Sep-2026, 841.80, 858.60, 858.60, 858.00, 858.60, 858.60, 858.45, 3000, 25.75, 6, 3000, 100.00
HOLMARC, SM, 25-Sep-2026, 116.60, 120.00, 122.40, 120.00, 122.40, 122.40, 121.56, 3750, 4.56, 5, 3750, 100.00
HOMEFIRST, EQ, 25-Sep-2026, 1157.50, 1133.50, 1133.50, 1097.30, 1113.50, 1123.10, 1119.10, 640771, 7170.85, 44056, 289351, 45.16
HONASA, EQ, 25-Sep-2026, 472.95, 474.95, 478.75, 462.10, 466.00, 465.50, 468.40, 437409, 2048.84, 15331, 193768, 44.30
HONAUT, EQ, 25-Sep-2026, 33625.00, 33625.00, 33990.00, 33315.00, 33830.00, 33865.00, 33707.72, 1266, 426.74, 927, 409, 32.31
HONDAPOWER, EQ, 25-Sep-2026, 1905.60, 1921.30, 1935.00, 1887.10, 1903.20, 1915.20, 1902.06, 1948, 37.05, 442, 1208, 62.01
HORIZONIND, EQ, 25-Sep-2026, 51.81, 51.81, 51.81, 50.00, 50.45, 50.52, 50.41, 5295503, 2669.56, 19472, 3845295, 72.61
HPAL, EQ, 25-Sep-2026, 35.60, 35.05, 36.00, 34.56, 35.45, 34.96, 34.98, 41928, 14.66, 462, 28475, 67.91
HPIL, EQ, 25-Sep-2026, 115.38, 115.51, 118.98, 115.38, 115.40, 115.40, 115.62, 21, 0.02, 7, 15, 71.43
HPL, EQ, 25-Sep-2026, 274.35, 274.35, 279.80, 271.40, 279.70, 278.15, 275.25, 94501, 260.12, 3619, 34104, 36.09
HPTL, SM, 25-Sep-2026, 456.25, 456.25, 468.00, 433.45, 454.00, 454.00, 443.45, 40800, 180.93, 46, 34800, 85.29
HRHNEXT, SM, 25-Sep-2026, 23.20, 23.95, 24.35, 23.95, 24.30, 24.30, 24.30, 19500, 4.74, 13, 18000, 92.31
HRYNSHP, EQ, 25-Sep-2026, 98.02, 98.00, 98.02, 92.00, 97.01, 97.01, 96.06, 1559, 1.50, 82, 1226, 78.64
HSBCGOLD, EQ, 25-Sep-2026, 130.30, 133.75, 133.75, 129.75, 130.24, 130.64, 130.47, 2156, 2.81, 57, 1434, 66.51
HSCL, EQ, 25-Sep-2026, 674.90, 676.90, 684.95, 674.30, 679.50, 678.75, 679.78, 1351330, 9186.04, 26472, 486797, 36.02
HTEL, EQ, 25-Sep-2026, 69.37, 69.05, 70.27, 66.60, 67.13, 67.03, 67.78, 1308035, 886.62, 12590, 601269, 45.97
HTMEDIA, EQ, 25-Sep-2026, 24.36, 24.12, 24.59, 23.99, 24.05, 24.06, 24.15, 92225, 22.27, 648, 65334, 70.84
HUBTOWN, EQ, 25-Sep-2026, 173.38, 173.20, 173.88, 170.55, 171.00, 171.67, 171.68, 150592, 258.53, 2417, 74153, 49.24
HUDCO, EQ, 25-Sep-2026, 174.32, 174.61, 175.30, 173.24, 173.65, 173.99, 174.21, 836257, 1456.88, 17086, 300262, 35.91
HUHTAMAKI, EQ, 25-Sep-2026, 242.45, 242.30, 246.20, 239.80, 243.50, 243.25, 242.40, 67613, 163.90, 3348, 35901, 53.10
HVAX, SM, 25-Sep-2026, 683.90, 685.00, 710.00, 652.00, 652.05, 676.70, 686.88, 3150, 21.64, 20, 2850, 90.48
HYBRIDETF, EQ, 25-Sep-2026, 9.94, 9.98, 9.98, 9.90, 9.92, 9.93, 9.94, 2210, 0.22, 61, 2197, 99.41
HYBRIDFIN, BE, 25-Sep-2026, 17.07, 17.07, 17.14, 16.42, 16.98, 16.70, 16.48, 1739, 0.29, 21, -, -
HYUNDAI, EQ, 25-Sep-2026, 2060.60, 2060.10, 2135.00, 2052.50, 2115.00, 2115.00, 2113.41, 1546794, 32690.15, 65236, 538779, 34.83
IBLFL, SM, 25-Sep-2026, 62.00, 62.00, 62.00, 62.00, 62.00, 62.00, 62.00, 4000, 2.48, 1, 4000, 100.00
IBULLSLTD, EQ, 25-Sep-2026, 28.41, 28.48, 29.83, 28.41, 29.83, 29.83, 29.65, 14185546, 4205.85, 11914, 7814745, 55.09
ICDSLTD, BE, 25-Sep-2026, 59.01, 57.83, 57.83, 56.06, 56.99, 56.99, 56.46, 478, 0.27, 15, -, -
ICELCO, SM, 25-Sep-2026, 129.35, 132.00, 133.00, 131.05, 133.00, 132.65, 132.37, 30000, 39.71, 19, 24000, 80.00
ICEMAKE, EQ, 25-Sep-2026, 677.20, 666.90, 670.00, 647.50, 662.00, 663.80, 660.65, 64841, 428.38, 3369, 36013, 55.54
ICICIAMC, EQ, 25-Sep-2026, 3169.20, 3165.00, 3197.00, 3153.90, 3192.00, 3184.60, 3177.65, 186676, 5931.91, 16753, 111948, 59.97
ICICIB22, EQ, 25-Sep-2026, 112.03, 112.93, 112.93, 111.94, 112.12, 112.40, 112.18, 219666, 246.42, 2138, 172873, 78.70
ICICIBANK, EQ, 25-Sep-2026, 1334.50, 1332.90, 1340.80, 1312.00, 1326.80, 1326.80, 1326.54, 10841310, 143814.51, 163043, 6632395, 61.18
ICICIGI, EQ, 25-Sep-2026, 1577.00, 1577.00, 1586.10, 1550.00, 1553.70, 1553.70, 1565.49, 850179, 13309.48, 42097, 439070, 51.64
ICICIPRULI, EQ, 25-Sep-2026, 464.50, 464.55, 469.00, 458.15, 463.00, 463.00, 462.77, 1121971, 5192.16, 33811, 463736, 41.33
ICIL, EQ, 25-Sep-2026, 450.95, 453.80, 455.80, 440.20, 448.10, 445.75, 446.03, 297727, 1327.96, 17512, 113134, 38.00
ICRA, EQ, 25-Sep-2026, 4442.70, 4442.70, 4476.60, 4365.00, 4395.00, 4377.90, 4388.61, 24469, 1073.85, 5973, 16492, 67.40
IDBI, EQ, 25-Sep-2026, 82.60, 82.60, 85.30, 82.60, 84.60, 84.40, 84.13, 18328262, 15420.04, 58701, 4800991, 26.19
IDEA, EQ, 25-Sep-2026, 14.12, 14.15, 14.38, 14.08, 14.26, 14.26, 14.23, 309260435, 44018.35, 314260, 110476443, 35.72
IDEAFORGE, EQ, 25-Sep-2026, 726.35, 725.00, 747.00, 722.00, 725.40, 729.85, 733.25, 135969, 996.99, 8113, 63728, 46.87
IDEALTECHO, SM, 25-Sep-2026, 92.00, 91.70, 91.70, 91.70, 91.70, 91.70, 91.70, 1000, 0.92, 1, 1000, 100.00
IDENTICAL, SM, 25-Sep-2026, 17.15, 17.15, 17.90, 17.05, 17.90, 17.90, 17.37, 6000, 1.04, 3, 6000, 100.00
IDFCFIRSTB, EQ, 25-Sep-2026, 83.76, 83.48, 84.25, 83.27, 83.80, 83.80, 83.70, 20425204, 17096.72, 61886, 10911151, 53.42
IDFNIFTYET, EQ, 25-Sep-2026, 262.64, 255.39, 257.90, 255.13, 255.50, 256.59, 255.60, 1667, 4.26, 95, 1380, 82.78
IEML, ST, 25-Sep-2026, 48.65, 51.05, 51.05, 50.00, 51.00, 51.05, 50.67, 219500, 111.22, 199, 210500, 95.90
IEX, EQ, 25-Sep-2026, 111.20, 111.38, 112.90, 110.89, 112.70, 112.70, 112.11, 2079348, 2331.08, 19439, 882789, 42.46
IFBAGRO, EQ, 25-Sep-2026, 857.70, 857.95, 865.80, 853.60, 860.00, 858.60, 860.33, 1248, 10.74, 169, 928, 74.36
IFBIND, EQ, 25-Sep-2026, 1222.30, 1231.10, 1237.60, 1212.10, 1228.00, 1225.20, 1222.91, 13377, 163.59, 1649, 7380, 55.17
IFCI, EQ, 25-Sep-2026, 75.19, 75.02, 75.62, 73.20, 73.85, 73.95, 74.04, 36139840, 26756.49, 87921, 6791524, 18.79
IFGLEXPOR, EQ, 25-Sep-2026, 194.27, 195.40, 199.40, 191.47, 199.00, 197.45, 195.46, 18417, 36.00, 716, 10167, 55.20
IGARASHI, EQ, 25-Sep-2026, 418.35, 418.80, 438.95, 418.50, 421.10, 422.80, 426.21, 55573, 236.86, 2868, 21303, 38.33
IGCL, EQ, 25-Sep-2026, 62.10, 62.19, 62.82, 59.00, 60.34, 59.94, 60.06, 136156, 81.77, 1546, 72364, 53.15
IGIL, EQ, 25-Sep-2026, 325.25, 326.05, 332.40, 321.95, 330.00, 330.55, 327.81, 551729, 1808.65, 20840, 323306, 58.60
IGL, EQ, 25-Sep-2026, 145.74, 146.00, 146.48, 144.22, 144.76, 144.95, 145.02, 975286, 1414.32, 26984, 596880, 61.20
IGPL, EQ, 25-Sep-2026, 586.40, 589.00, 596.00, 583.00, 590.05, 593.15, 592.32, 62045, 367.50, 3086, 36453, 58.75
IIFL, EQ, 25-Sep-2026, 617.55, 616.50, 621.85, 611.10, 614.95, 616.95, 616.57, 843724, 5202.19, 35034, 405980, 48.12
IIFLCAPS, EQ, 25-Sep-2026, 347.70, 348.00, 348.55, 346.00, 347.20, 346.70, 347.05, 263461, 914.34, 9526, 167816, 63.70
IITL, EQ, 25-Sep-2026, 143.27, 142.52, 143.10, 136.53, 137.31, 137.27, 141.83, 192851, 273.52, 1232, 102742, 53.28
IKIO, EQ, 25-Sep-2026, 205.03, 205.03, 206.50, 201.40, 206.00, 205.43, 203.23, 149515, 303.87, 2951, 72478, 48.48
IKS, EQ, 25-Sep-2026, 1868.30, 1867.10, 1874.00, 1804.60, 1827.40, 1815.80, 1820.91, 224086, 4080.40, 29614, 109395, 48.82
IL&FSENGG, BZ, 25-Sep-2026, 41.52, 41.50, 42.50, 40.00, 40.00, 40.00, 41.41, 40403, 16.73, 61, -, -
IL&FSTRANS, BZ, 25-Sep-2026, 1.87, 1.89, 1.93, 1.84, 1.93, 1.91, 1.91, 38764, 0.74, 80, -, -
IMAGICAA, EQ, 25-Sep-2026, 51.48, 51.69, 52.99, 50.77, 52.40, 52.29, 52.28, 859001, 449.09, 5275, 320787, 37.34
IMFA, EQ, 25-Sep-2026, 1241.00, 1240.00, 1243.30, 1221.50, 1233.10, 1230.40, 1229.56, 59887, 736.34, 7879, 29835, 49.82
IMPAL, EQ, 25-Sep-2026, 1056.00, 1065.00, 1078.00, 1052.20, 1065.70, 1064.20, 1063.71, 1471, 15.65, 206, 1152, 78.31
IMPEXFERRO, BZ, 25-Sep-2026, 6.02, 6.14, 6.14, 5.90, 6.14, 6.14, 6.14, 122513, 7.52, 137, -, -
INA, EQ, 25-Sep-2026, 92.33, 92.00, 93.63, 89.65, 90.52, 90.40, 91.51, 306734, 280.68, 3098, 154871, 50.49
INCREDIBLE, EQ, 25-Sep-2026, 32.38, 32.88, 33.65, 32.10, 33.60, 32.74, 32.90, 7776, 2.56, 86, 6840, 87.96
INDBANK, EQ, 25-Sep-2026, 26.23, 26.03, 26.75, 25.80, 25.98, 26.15, 26.03, 14918, 3.88, 358, 9156, 61.38
INDGN, EQ, 25-Sep-2026, 594.10, 597.95, 621.95, 597.35, 608.95, 608.95, 612.60, 2095862, 12839.22, 77108, 480889, 22.94
INDHOTEL, EQ, 25-Sep-2026, 728.80, 726.10, 731.25, 721.95, 726.80, 726.80, 724.99, 1538596, 11154.72, 32255, 975769, 63.42
INDIACEM, EQ, 25-Sep-2026, 330.10, 330.10, 334.60, 319.20, 321.25, 323.10, 322.37, 247095, 796.57, 13533, 76897, 31.12
INDIAGLYCO, EQ, 25-Sep-2026, 306.00, 314.40, 322.80, 297.30, 308.00, 309.90, 309.79, 2054007, 6363.15, 47832, 328886, 16.01
INDIAMART, EQ, 25-Sep-2026, 1635.90, 1637.80, 1645.00, 1625.90, 1636.00, 1642.10, 1634.38, 31410, 513.36, 6857, 19535, 62.19
INDIANB, EQ, 25-Sep-2026, 830.00, 829.85, 835.80, 825.30, 832.00, 832.00, 830.89, 1035590, 8604.66, 25765, 597167, 57.66
INDIANCARD, EQ, 25-Sep-2026, 209.21, 207.01, 213.98, 197.00, 198.27, 200.59, 202.13, 10799, 21.83, 214, 10066, 93.21
INDIANHUME, EQ, 25-Sep-2026, 361.50, 363.40, 364.35, 355.85, 357.75, 357.45, 359.44, 52732, 189.54, 1383, 39320, 74.57
INDIASHLTR, EQ, 25-Sep-2026, 653.05, 656.85, 659.95, 645.00, 653.00, 654.30, 650.73, 51372, 334.29, 4127, 22946, 44.67
INDIGO, EQ, 25-Sep-2026, 4890.00, 4890.00, 4956.00, 4890.00, 4940.00, 4940.00, 4922.27, 408716, 20118.10, 47935, 232868, 56.98
INDIGOPNTS, EQ, 25-Sep-2026, 1117.80, 1119.00, 1144.30, 1103.30, 1129.60, 1128.60, 1131.11, 42663, 482.57, 8926, 20112, 47.14
INDIGRID, IV, 25-Sep-2026, 171.98, 172.50, 173.00, 171.60, 172.99, 172.97, 172.24, 739541, 1273.79, 5845, 699151, 94.54
INDIQUBE, EQ, 25-Sep-2026, 194.06, 194.06, 201.40, 186.42, 199.75, 198.94, 198.52, 42054, 83.49, 1502, 22111, 52.58
INDNIPPON, EQ, 25-Sep-2026, 1315.90, 1315.90, 1330.00, 1270.00, 1316.00, 1318.20, 1301.27, 88704, 1154.28, 9670, 35351, 39.85
INDOAMIN, BE, 25-Sep-2026, 134.48, 134.05, 137.80, 130.95, 135.70, 136.50, 135.63, 67910, 92.11, 441, -, -
INDOBORAX, EQ, 25-Sep-2026, 452.45, 455.80, 463.00, 447.00, 451.00, 449.95, 450.89, 37260, 168.00, 2027, 19347, 51.92
INDOCO, EQ, 25-Sep-2026, 250.29, 250.55, 258.00, 244.20, 254.14, 254.46, 250.75, 100085, 250.96, 3499, 43627, 43.59
INDOFARM, EQ, 25-Sep-2026, 139.17, 138.61, 140.40, 136.00, 138.13, 138.16, 138.24, 89452, 123.66, 1455, 33593, 37.55
INDOKEM, EQ, 25-Sep-2026, 614.00, 615.35, 623.95, 595.35, 605.30, 613.25, 612.65, 3645, 22.33, 379, 1919, 52.65
INDOMIM, EQ, 25-Sep-2026, 1311.15, 1349.00, 1349.00, 1265.00, 1271.00, 1275.95, 1294.85, 1637687, 21205.61, 119424, 706247, 43.12
INDORAMA, EQ, 25-Sep-2026, 101.72, 103.58, 103.63, 97.19, 99.49, 99.36, 99.91, 827174, 826.46, 11315, 307332, 37.15
INDOSTAR, EQ, 25-Sep-2026, 217.95, 218.00, 222.49, 216.00, 216.00, 218.64, 219.64, 67323, 147.87, 1720, 39455, 58.61
INDOTECH, EQ, 25-Sep-2026, 3190.10, 3230.00, 3239.90, 3050.10, 3185.00, 3177.70, 3152.41, 25681, 809.57, 5845, 14649, 57.04
INDOTHAI, EQ, 25-Sep-2026, 32.29, 32.29, 32.80, 30.68, 31.94, 31.86, 31.34, 1205309, 377.74, 4333, 540473, 44.84
INDOUS, EQ, 25-Sep-2026, 78.06, 79.90, 79.90, 77.25, 78.86, 77.60, 78.01, 2473, 1.93, 54, 2334, 94.38
INDOWIND, EQ, 25-Sep-2026, 8.82, 9.00, 9.00, 8.80, 8.93, 8.88, 8.87, 81711, 7.25, 375, 63411, 77.60
INDPRUD, EQ, 25-Sep-2026, 6200.00, 6200.00, 6200.00, 6103.00, 6200.00, 6200.00, 6194.58, 63, 3.90, 12, 58, 92.06
INDRAMEDCO, EQ, 25-Sep-2026, 370.50, 370.50, 370.50, 361.50, 365.00, 365.70, 365.07, 379626, 1385.91, 7343, 288323, 75.95
INDSWFTLAB, EQ, 25-Sep-2026, 401.25, 398.00, 410.00, 395.00, 404.05, 404.35, 405.00, 441614, 1788.52, 10179, 149646, 33.89
INDTERRAIN, EQ, 25-Sep-2026, 29.89, 29.88, 29.97, 29.03, 29.93, 29.93, 29.72, 3166, 0.94, 63, 2219, 70.09
INDUSINDBK, EQ, 25-Sep-2026, 919.50, 919.50, 923.90, 906.90, 912.20, 912.20, 913.56, 1426025, 13027.65, 29579, 694266, 48.69
INDUSINVIT, IV, 25-Sep-2026, 131.95, 132.69, 132.69, 131.60, 131.99, 131.91, 131.96, 98904, 130.51, 4749, 86645, 87.61
INDUSTOWER, EQ, 25-Sep-2026, 379.85, 378.00, 379.25, 373.20, 374.65, 374.65, 375.97, 2952516, 11100.72, 34186, 1871862, 63.40
INFINIUM, SM, 25-Sep-2026, 256.60, 269.00, 269.00, 260.00, 262.10, 262.10, 264.50, 4500, 11.90, 9, 4000, 88.89
INFLUX, SM, 25-Sep-2026, 280.50, 285.00, 290.00, 280.00, 280.00, 281.45, 285.76, 40800, 116.59, 40, 31800, 77.94
INFOBEAN, EQ, 25-Sep-2026, 150.24, 150.50, 150.68, 145.20, 147.40, 146.55, 147.13, 171469, 252.29, 2734, 87767, 51.19
INFOLLION, SM, 25-Sep-2026, 154.85, 154.85, 154.90, 153.00, 153.50, 153.35, 154.28, 6400, 9.87, 15, 3200, 50.00
INFOMEDIA, EQ, 25-Sep-2026, 5.44, 5.52, 5.52, 5.22, 5.31, 5.31, 5.34, 20025, 1.07, 66, 8269, 41.29
INFRA, EQ, 25-Sep-2026, 11.71, 11.71, 11.75, 11.66, 11.75, 11.74, 11.72, 10187, 1.19, 162, 6639, 65.17
INFRABEES, EQ, 25-Sep-2026, 926.98, 926.98, 940.00, 920.30, 935.00, 929.45, 927.23, 10349, 95.96, 513, 6260, 60.49
INFRAIETF, EQ, 25-Sep-2026, 92.08, 92.28, 92.91, 91.75, 92.91, 92.43, 92.14, 39834, 36.70, 1154, 22607, 56.75
INFY, EQ, 25-Sep-2026, 1014.50, 999.50, 1004.20, 991.60, 1000.20, 1000.20, 998.11, 10240700, 102213.49, 265153, 5519877, 53.90
INGERRAND, EQ, 25-Sep-2026, 4234.40, 4234.40, 4262.70, 4202.60, 4223.00, 4233.60, 4235.33, 6700, 283.77, 1695, 3263, 48.70
INM, SM, 25-Sep-2026, 143.00, 143.00, 143.00, 143.00, 143.00, 143.00, 143.00, 600, 0.86, 1, 600, 100.00
INNOMET, ST, 25-Sep-2026, 280.85, 275.30, 286.45, 275.30, 286.40, 286.40, 282.80, 57600, 162.89, 67, 55200, 95.83
INNOVACAP, EQ, 25-Sep-2026, 1295.30, 1295.30, 1304.10, 1274.50, 1283.00, 1281.00, 1285.64, 34476, 443.24, 5653, 18887, 54.78
INNOVANA, EQ, 25-Sep-2026, 298.85, 302.00, 310.00, 299.00, 304.00, 301.00, 302.62, 42530, 128.70, 1046, 15554, 36.57
INNOVISION, EQ, 25-Sep-2026, 254.20, 254.20, 255.90, 251.05, 253.30, 253.65, 253.60, 9787, 24.82, 410, 5979, 61.09
INOXGREEN, EQ, 25-Sep-2026, 174.64, 176.00, 176.35, 171.41, 171.70, 172.32, 174.05, 975212, 1697.40, 13335, 326101, 33.44
INOXINDIA, EQ, 25-Sep-2026, 2064.80, 2073.00, 2174.30, 2059.40, 2142.20, 2156.80, 2138.75, 377035, 8063.83, 33236, 72813, 19.31
INOXWIND, EQ, 25-Sep-2026, 73.09, 73.10, 75.50, 72.86, 74.75, 74.75, 74.48, 11031367, 8216.56, 34532, 3836303, 34.78
INSECTICID, EQ, 25-Sep-2026, 603.65, 597.15, 605.00, 596.05, 600.05, 602.50, 601.22, 4723, 28.40, 750, 2256, 47.77
INSPIRISYS, EQ, 25-Sep-2026, 89.00, 91.80, 91.80, 86.15, 90.00, 88.48, 87.54, 5958, 5.22, 76, 5193, 87.16
INSUREIETF, EQ, 25-Sep-2026, 14.89, 15.00, 15.26, 14.75, 15.04, 14.92, 14.92, 1186700, 177.02, 339, 872558, 73.53
INTEGRITY, SM, 25-Sep-2026, 170.00, 167.00, 170.00, 167.00, 169.75, 169.75, 169.39, 8400, 14.23, 5, 7200, 85.71
INTELLECT, EQ, 25-Sep-2026, 638.70, 639.00, 639.00, 628.20, 634.00, 633.05, 632.67, 218132, 1380.06, 14088, 84178, 38.59
INTENTECH, EQ, 25-Sep-2026, 82.86, 84.40, 86.00, 81.25, 84.55, 85.07, 84.19, 26803, 22.56, 234, 22784, 85.01
INTERARCH, EQ, 25-Sep-2026, 1678.60, 1692.30, 1745.50, 1663.30, 1711.10, 1719.70, 1709.37, 103195, 1763.98, 12013, 37142, 35.99
INTERNET, EQ, 25-Sep-2026, 14.14, 14.21, 14.21, 13.84, 13.96, 13.93, 13.95, 450393, 62.83, 640, 292603, 64.97
INTLCONV, EQ, 25-Sep-2026, 80.04, 80.40, 83.00, 80.05, 81.00, 81.17, 81.52, 56540, 46.09, 1390, 29941, 52.96
INVENTURE, EQ, 25-Sep-2026, 0.87, 0.89, 0.89, 0.87, 0.89, 0.87, 0.88, 585864, 5.16, 298, 373078, 63.68
INVPRECQ, BE, 25-Sep-2026, 1451.60, 1480.60, 1480.60, 1474.00, 1480.60, 1480.60, 1480.34, 5695, 84.31, 98, -, -
IOB, EQ, 25-Sep-2026, 31.92, 31.92, 32.14, 31.82, 32.02, 31.98, 31.93, 1104893, 352.84, 6924, 577755, 52.29
IOC, EQ, 25-Sep-2026, 136.27, 136.50, 137.06, 135.33, 135.70, 135.70, 136.03, 7769991, 10569.34, 42339, 3803734, 48.95
IOLCP, EQ, 25-Sep-2026, 203.22, 203.25, 206.50, 198.01, 203.60, 204.19, 203.24, 2455948, 4991.42, 31109, 509690, 20.75
IONEXCHANG, EQ, 25-Sep-2026, 420.55, 424.50, 425.70, 416.30, 423.00, 420.15, 420.40, 108351, 455.50, 13497, 51463, 47.50
IPCALAB, EQ, 25-Sep-2026, 1997.10, 2020.00, 2020.00, 1950.00, 1958.80, 1970.80, 1971.76, 263825, 5201.99, 23274, 145320, 55.08
IPHL, SM, 25-Sep-2026, 72.35, 70.30, 70.45, 70.30, 70.45, 70.45, 70.36, 4800, 3.38, 3, 4800, 100.00
IPL, EQ, 25-Sep-2026, 132.09, 132.00, 134.49, 131.00, 133.96, 133.92, 132.61, 278960, 369.93, 3087, 90742, 32.53
IPRINGLTD, EQ, 25-Sep-2026, 144.31, 141.01, 145.99, 140.01, 142.30, 142.67, 142.23, 2919, 4.15, 60, 1787, 61.22
IPSL, SM, 25-Sep-2026, 215.00, 186.05, 215.00, 186.05, 215.00, 215.00, 200.53, 1000, 2.01, 2, 500, 50.00
IRB, EQ, 25-Sep-2026, 17.88, 17.82, 17.89, 17.61, 17.74, 17.68, 17.68, 8219678, 1453.46, 17744, 3623558, 44.08
IRBINVIT, IV, 25-Sep-2026, 65.04, 64.50, 64.99, 64.50, 64.63, 64.62, 64.81, 405546, 262.82, 3397, 356504, 87.91
IRCON, EQ, 25-Sep-2026, 106.60, 107.00, 107.21, 104.76, 105.85, 105.95, 105.90, 2092105, 2215.54, 22805, 779936, 37.28
IRCTC, EQ, 25-Sep-2026, 461.20, 461.20, 461.90, 457.70, 459.00, 458.70, 458.91, 362569, 1663.86, 18491, 182403, 50.31
IREDA, EQ, 25-Sep-2026, 110.11, 109.75, 114.53, 109.20, 113.22, 113.22, 113.00, 13343910, 15079.17, 59465, 3115712, 23.35
IRFC, EQ, 25-Sep-2026, 79.86, 79.68, 79.99, 79.20, 79.95, 79.95, 79.55, 4701461, 3740.06, 28103, 1759549, 37.43
IRIS, EQ, 25-Sep-2026, 231.58, 239.00, 244.95, 230.10, 234.10, 235.94, 237.27, 26122, 61.98, 1022, 15741, 60.26
IRISDOREME, EQ, 25-Sep-2026, 65.85, 66.49, 66.99, 64.55, 66.25, 66.15, 65.81, 666872, 438.88, 3322, 181684, 27.24
IRMENERGY, EQ, 25-Sep-2026, 267.60, 267.60, 269.60, 264.05, 269.30, 268.25, 266.34, 28275, 75.31, 1424, 15489, 54.78
ISFT, EQ, 25-Sep-2026, 102.14, 101.20, 103.75, 98.05, 98.25, 98.79, 101.37, 145764, 147.77, 1468, 13365, 9.17
ISGEC, EQ, 25-Sep-2026, 850.10, 849.10, 900.95, 844.75, 888.20, 890.55, 883.87, 218727, 1933.27, 23274, 77892, 35.61
ISHANCH, EQ, 25-Sep-2026, 49.90, 51.40, 51.40, 48.03, 49.80, 50.22, 50.57, 33410, 16.90, 326, 29477, 88.23
ISTLTD, EQ, 25-Sep-2026, 657.95, 664.00, 671.00, 660.00, 660.00, 660.00, 663.54, 268, 1.78, 29, 248, 92.54
IT, EQ, 25-Sep-2026, 31.42, 31.39, 31.98, 30.92, 31.85, 31.34, 31.16, 403375, 125.70, 1255, 241936, 59.98
ITADD, EQ, 25-Sep-2026, 29.95, 29.75, 30.90, 29.51, 30.49, 29.90, 29.82, 12897, 3.85, 113, 8444, 65.47
ITALIANE, SM, 25-Sep-2026, 31.20, 31.00, 31.00, 31.00, 31.00, 31.00, 31.00, 2000, 0.62, 1, 2000, 100.00
ITAXIS, EQ, 25-Sep-2026, 308.61, 308.00, 312.00, 307.00, 312.00, 311.36, 308.77, 6829, 21.09, 38, 3723, 54.52
ITBEES, EQ, 25-Sep-2026, 31.32, 31.56, 31.56, 30.92, 31.45, 31.30, 31.19, 7822671, 2439.93, 15799, 3208701, 41.02
ITBETA, EQ, 25-Sep-2026, 300.34, 292.83, 297.00, 292.83, 295.63, 296.55, 294.53, 1387, 4.09, 49, 955, 68.85
ITC, EQ, 25-Sep-2026, 268.00, 268.10, 269.00, 266.30, 269.00, 269.00, 267.90, 6240148, 16717.59, 87605, 3496255, 56.03
ITCHOTELS, EQ, 25-Sep-2026, 164.01, 164.80, 164.80, 161.01, 161.95, 161.90, 162.18, 1253849, 2033.46, 19144, 542747, 43.29
ITDC, EQ, 25-Sep-2026, 685.75, 685.75, 688.45, 672.00, 681.00, 679.70, 678.46, 76097, 516.28, 6512, 29857, 39.24
ITETF, EQ, 25-Sep-2026, 29.87, 29.86, 29.92, 29.47, 29.91, 29.87, 29.78, 281999, 83.99, 822, 87876, 31.16
ITI, EQ, 25-Sep-2026, 251.05, 250.80, 253.90, 250.10, 252.30, 252.90, 252.22, 96575, 243.58, 3927, 33812, 35.01
ITIETF, EQ, 25-Sep-2026, 31.37, 31.31, 31.58, 30.94, 31.49, 31.35, 31.17, 952377, 296.89, 1996, 654654, 68.74
ITL, EQ, 25-Sep-2026, 361.00, 362.00, 362.00, 358.05, 362.00, 359.00, 358.96, 471, 1.69, 28, 457, 97.03
IVALUE, EQ, 25-Sep-2026, 234.43, 233.90, 233.90, 224.15, 224.70, 225.22, 227.96, 86508, 197.20, 2436, 45553, 52.66
IVC, EQ, 25-Sep-2026, 7.70, 7.65, 7.88, 7.62, 7.83, 7.80, 7.79, 157173, 12.25, 809, 97968, 62.33
IVP, BE, 25-Sep-2026, 228.57, 222.00, 229.90, 221.00, 229.00, 228.62, 226.22, 10999, 24.88, 134, -, -
IVZBANKNF, EQ, 25-Sep-2026, 55.43, 55.43, 55.50, 55.36, 55.50, 55.50, 55.46, 602, 0.33, 16, 602, 100.00
IVZINGOLD, EQ, 25-Sep-2026, 130.05, 130.55, 131.90, 130.05, 131.35, 131.40, 131.17, 34807, 45.66, 248, 29183, 83.84
IVZINNIFTY, EQ, 25-Sep-2026, 265.80, 263.14, 266.75, 263.14, 266.75, 266.56, 264.81, 163, 0.43, 14, 143, 87.73
IVZSENSEX, EQ, 25-Sep-2026, 73.96, 73.97, 74.12, 73.48, 73.80, 73.80, 73.93, 6720, 4.97, 27, 6660, 99.11
IWARE, ST, 25-Sep-2026, 391.95, 387.00, 388.00, 376.30, 382.30, 382.30, 381.71, 9600, 36.64, 16, 7800, 81.25
IWP, EQ, 25-Sep-2026, 34.29, 36.49, 36.49, 34.30, 35.00, 34.97, 34.76, 2763, 0.96, 41, 2735, 98.99
IXIGO, EQ, 25-Sep-2026, 159.31, 159.85, 160.29, 156.22, 156.70, 156.80, 157.09, 1248580, 1961.37, 11339, 882831, 70.71
IZMO, EQ, 25-Sep-2026, 904.45, 910.15, 918.00, 895.45, 900.85, 903.95, 905.25, 46289, 419.03, 3702, 23048, 49.79
J&KBANK, EQ, 25-Sep-2026, 147.07, 146.88, 148.38, 145.51, 146.00, 146.10, 146.13, 1214432, 1774.64, 16200, 585153, 48.18
JAGRAN, EQ, 25-Sep-2026, 62.89, 62.99, 62.99, 62.20, 62.45, 62.65, 62.58, 224626, 140.57, 1373, 160457, 71.43
JAGSNPHARM, EQ, 25-Sep-2026, 243.97, 247.67, 251.00, 241.06, 241.77, 242.29, 243.62, 565222, 1376.98, 12554, 168746, 29.85
JAIBALAJI, EQ, 25-Sep-2026, 65.50, 64.55, 65.52, 64.55, 65.00, 64.96, 64.96, 226361, 147.05, 1819, 146249, 64.61
JAICORPLTD, EQ, 25-Sep-2026, 94.46, 95.14, 95.14, 92.74, 94.69, 94.43, 93.74, 254150, 238.24, 4359, 87492, 34.43
JAINAM, SM, 25-Sep-2026, 200.00, 210.00, 210.00, 209.00, 209.00, 209.00, 209.40, 2500, 5.24, 5, 2500, 100.00
JAINIK, ST, 25-Sep-2026, 201.30, 202.30, 205.00, 201.00, 205.00, 205.00, 202.83, 4800, 9.74, 4, 4800, 100.00
JAINREC, EQ, 25-Sep-2026, 291.35, 290.00, 292.95, 285.35, 287.35, 286.85, 288.14, 598886, 1725.62, 13758, 254391, 42.48
JAIPURKURT, EQ, 25-Sep-2026, 25.26, 25.01, 26.89, 24.72, 25.07, 25.13, 25.79, 34887, 9.00, 200, 15906, 45.59
JALAN, ST, 25-Sep-2026, 1.70, 1.70, 1.70, 1.70, 1.70, 1.70, 1.70, 6000, 0.10, 2, 6000, 100.00
JAMNAAUTO, EQ, 25-Sep-2026, 138.39, 138.39, 140.50, 134.82, 138.00, 138.20, 137.65, 3496903, 4813.63, 35401, 1198296, 34.27
JARO, EQ, 25-Sep-2026, 457.70, 457.70, 463.85, 439.80, 444.00, 442.95, 450.00, 196929, 886.17, 5155, 71907, 36.51
JASH, EQ, 25-Sep-2026, 577.15, 578.35, 599.00, 573.70, 595.30, 593.85, 585.88, 322251, 1887.99, 10374, 148243, 46.00
JAYAGROGN, EQ, 25-Sep-2026, 230.91, 231.10, 235.70, 229.93, 235.00, 234.84, 233.86, 13619, 31.85, 420, 11131, 81.73
JAYBARMARU, EQ, 25-Sep-2026, 121.90, 125.80, 126.80, 117.36, 122.62, 121.55, 121.72, 1257855, 1531.12, 13684, 560167, 44.53
JAYBEE, SM, 25-Sep-2026, 98.05, 101.35, 103.90, 95.25, 100.00, 99.60, 100.76, 53000, 53.40, 89, 33500, 63.21
JAYESH, SM, 25-Sep-2026, 129.50, 125.00, 125.00, 125.00, 125.00, 125.00, 125.00, 1000, 1.25, 1, 1000, 100.00
JAYKAY, EQ, 25-Sep-2026, 202.53, 206.38, 207.80, 195.01, 203.00, 203.75, 202.36, 753223, 1524.21, 16687, 282225, 37.47
JAYNECOIND, EQ, 25-Sep-2026, 89.53, 89.96, 90.15, 88.31, 88.57, 88.55, 88.91, 1234021, 1097.22, 10542, 603547, 48.91
JAYSREETEA, EQ, 25-Sep-2026, 87.92, 88.00, 89.83, 87.65, 89.10, 89.37, 88.82, 17278, 15.35, 415, 7975, 46.16
JBMA, EQ, 25-Sep-2026, 593.05, 592.00, 593.00, 578.00, 581.10, 586.60, 585.47, 180569, 1057.17, 9973, 72159, 39.96
JENBURPH, EQ, 25-Sep-2026, 954.00, 960.00, 974.90, 935.20, 949.90, 948.00, 952.02, 889, 8.46, 108, 722, 81.21
JETFREIGHT, EQ, 25-Sep-2026, 21.21, 21.25, 21.87, 21.13, 21.60, 21.43, 21.44, 167163, 35.85, 2564, 40908, 24.47
JEYYAM, SM, 25-Sep-2026, 21.00, 20.60, 20.60, 20.15, 20.50, 20.45, 20.44, 60000, 12.26, 25, 52000, 86.67
JFLLIFE, SM, 25-Sep-2026, 9.90, 9.90, 10.35, 9.90, 10.35, 10.35, 10.05, 18000, 1.81, 2, 18000, 100.00
JGCHEM, EQ, 25-Sep-2026, 601.75, 607.00, 630.60, 600.55, 619.95, 620.10, 612.33, 245613, 1503.95, 9912, 73458, 29.91
JHS, EQ, 25-Sep-2026, 8.18, 8.06, 8.58, 8.06, 8.53, 8.43, 8.25, 98454, 8.12, 361, 62329, 63.31
JINDALPHOT, EQ, 25-Sep-2026, 1063.20, 1064.00, 1082.40, 1051.00, 1051.30, 1058.40, 1057.38, 532, 5.63, 105, 342, 64.29
JINDALPOLY, EQ, 25-Sep-2026, 699.80, 699.80, 728.95, 690.00, 699.90, 694.10, 701.06, 13867, 97.22, 1096, 6587, 47.50
JINDALSAW, EQ, 25-Sep-2026, 283.10, 283.70, 291.30, 280.05, 285.60, 285.50, 285.64, 1246596, 3560.77, 30898, 297085, 23.83
JINDALSTEL, EQ, 25-Sep-2026, 1157.80, 1154.40, 1168.90, 1137.00, 1164.80, 1164.80, 1158.92, 423334, 4906.11, 17855, 143550, 33.91
JINDRILL, EQ, 25-Sep-2026, 591.95, 591.50, 597.45, 584.10, 592.15, 592.20, 590.90, 112911, 667.20, 5544, 28344, 25.10
JINDWORLD, EQ, 25-Sep-2026, 49.17, 49.39, 49.39, 45.57, 46.90, 46.76, 47.13, 7279293, 3430.76, 21848, 1871017, 25.70
JIOFIN, EQ, 25-Sep-2026, 227.20, 227.20, 227.84, 225.45, 227.00, 227.00, 226.79, 7741336, 17556.35, 63745, 3652893, 47.19
JISLDVREQS, EQ, 25-Sep-2026, 20.14, 20.69, 20.69, 19.60, 19.75, 19.85, 20.13, 13264, 2.67, 146, 10933, 82.43
JISLJALEQS, EQ, 25-Sep-2026, 28.58, 28.69, 28.97, 28.47, 28.79, 28.75, 28.77, 1416429, 407.48, 6516, 768778, 54.28
JITFINFRA, EQ, 25-Sep-2026, 278.30, 276.00, 281.90, 270.10, 278.60, 279.15, 276.40, 15129, 41.82, 927, 8700, 57.51
JIWANRAM, SM, 25-Sep-2026, 4.00, 4.05, 4.80, 4.05, 4.40, 4.40, 4.41, 72000, 3.18, 11, 48000, 66.67
JKCEMENT, EQ, 25-Sep-2026, 5184.50, 5165.00, 5165.00, 4985.00, 5000.00, 5000.00, 5035.24, 23835, 1200.15, 6511, 10752, 45.11
JKIL, EQ, 25-Sep-2026, 478.10, 479.95, 480.00, 470.60, 474.00, 473.55, 473.51, 61355, 290.52, 1796, 44353, 72.29
JKIPL, EQ, 25-Sep-2026, 98.15, 96.20, 98.30, 96.00, 97.30, 96.28, 96.86, 2296, 2.22, 95, 1706, 74.30
JKLAKSHMI, EQ, 25-Sep-2026, 509.45, 509.45, 512.90, 506.10, 512.90, 510.35, 509.53, 63165, 321.84, 5254, 31449, 49.79
JKPAPER, EQ, 25-Sep-2026, 411.15, 410.50, 413.15, 405.15, 408.65, 408.45, 409.08, 191915, 785.09, 8064, 91193, 47.52
JKTYRE, EQ, 25-Sep-2026, 347.20, 347.35, 348.05, 338.55, 344.45, 345.85, 342.57, 744180, 2549.32, 25067, 332443, 44.67
JLHL, EQ, 25-Sep-2026, 267.80, 269.80, 269.80, 262.35, 264.45, 265.65, 264.90, 58557, 155.12, 4547, 28452, 48.59
JMA, EQ, 25-Sep-2026, 87.92, 88.79, 89.90, 87.01, 88.00, 88.19, 88.09, 4528, 3.99, 158, 3454, 76.28
JMFINANCIL, EQ, 25-Sep-2026, 127.03, 126.50, 128.95, 126.20, 127.70, 127.68, 127.24, 1681050, 2138.96, 27212, 963714, 57.33
JNKINDIA, EQ, 25-Sep-2026, 422.45, 425.85, 426.35, 410.10, 420.95, 420.40, 417.14, 95931, 400.17, 4370, 45623, 47.56
JNPR, EQ, 25-Sep-2026, 257.70, 258.95, 267.30, 254.65, 264.15, 266.05, 264.96, 1025878, 2718.16, 33941, 699008, 68.14
JOCIL, EQ, 25-Sep-2026, 146.75, 146.70, 148.00, 144.30, 147.50, 147.60, 147.34, 1945, 2.87, 63, 1472, 75.68
JPOLYINVST, EQ, 25-Sep-2026, 964.80, 964.15, 987.50, 954.00, 955.25, 957.05, 960.64, 2807, 26.97, 300, 1895, 67.51
JPPOWER, EQ, 25-Sep-2026, 15.84, 15.84, 15.96, 15.58, 15.93, 15.87, 15.77, 30626176, 4830.67, 392082, 8513460, 27.80
JSFB, EQ, 25-Sep-2026, 522.70, 522.70, 543.40, 509.95, 533.00, 535.25, 529.81, 3086326, 16351.61, 65557, 1000543, 32.42
JSIPL, BE, 25-Sep-2026, 132.30, 138.91, 138.91, 134.95, 138.91, 138.91, 138.73, 1902123, 2638.73, 8290, -, -
JSL, EQ, 25-Sep-2026, 738.95, 738.00, 752.85, 736.00, 747.00, 748.25, 745.97, 1774357, 13236.21, 81460, 1161573, 65.46
JSLL, EQ, 25-Sep-2026, 511.15, 507.30, 512.80, 505.40, 508.00, 508.25, 507.88, 162157, 823.56, 7665, 75814, 46.75
JSWCEMENT, EQ, 25-Sep-2026, 115.71, 115.52, 116.29, 112.83, 115.10, 115.47, 115.15, 2447516, 2818.28, 71503, 1168384, 47.74
JSWDULUX, EQ, 25-Sep-2026, 3132.30, 3128.50, 3249.00, 3113.90, 3200.50, 3199.60, 3204.70, 52257, 1674.68, 12031, 14401, 27.56
JSWENERGY, EQ, 25-Sep-2026, 510.00, 510.00, 513.10, 503.15, 506.55, 506.55, 507.09, 1916836, 9720.04, 35180, 1040067, 54.26
JSWHL, EQ, 25-Sep-2026, 11116.00, 11014.00, 11219.00, 11000.00, 11097.00, 11062.00, 11067.12, 1415, 156.60, 648, 604, 42.69
JSWINFRA, EQ, 25-Sep-2026, 360.70, 360.65, 366.00, 360.25, 362.90, 362.05, 362.70, 3920526, 14219.94, 45086, 2312862, 58.99
JSWSTEEL, EQ, 25-Sep-2026, 1273.20, 1279.00, 1288.60, 1266.30, 1277.00, 1277.00, 1274.67, 1032391, 13159.60, 27890, 615932, 59.66
JTEKTINDIA, EQ, 25-Sep-2026, 118.28, 118.55, 118.69, 116.92, 117.93, 118.07, 117.80, 59407, 69.98, 997, 33512, 56.41
JTLIND, EQ, 25-Sep-2026, 90.10, 90.79, 91.99, 89.80, 90.83, 91.16, 91.00, 1548897, 1409.43, 13527, 553599, 35.74
JUBLCPL, EQ, 25-Sep-2026, 2160.30, 2166.60, 2235.00, 2120.30, 2202.80, 2210.10, 2190.27, 4393, 96.22, 788, 2640, 60.10
JUBLFOOD, EQ, 25-Sep-2026, 478.90, 478.50, 490.00, 474.10, 484.55, 484.55, 485.10, 945073, 4584.55, 36140, 412795, 43.68
JUBLINGREA, EQ, 25-Sep-2026, 635.35, 630.35, 660.00, 630.35, 660.00, 656.10, 650.53, 372268, 2421.73, 18121, 158466, 42.57
JUBLPHARMA, EQ, 25-Sep-2026, 1063.85, 1059.55, 1078.00, 1049.20, 1075.70, 1071.95, 1069.21, 156277, 1670.94, 12371, 70976, 45.42
JUNIORBEES, EQ, 25-Sep-2026, 773.76, 777.30, 777.77, 771.61, 777.48, 776.69, 774.83, 343338, 2660.30, 10826, 257111, 74.89
JUNIPER, EQ, 25-Sep-2026, 218.41, 220.29, 221.98, 214.73, 215.80, 216.29, 215.92, 75553, 163.13, 2412, 48364, 64.01
JUSTDIAL, EQ, 25-Sep-2026, 672.35, 670.80, 675.00, 662.00, 669.10, 672.20, 668.55, 68435, 457.52, 3197, 30343, 44.34
JWL, EQ, 25-Sep-2026, 228.07, 230.00, 230.00, 224.00, 226.50, 226.73, 226.03, 676385, 1528.82, 13410, 307768, 45.50
JYOTHYLAB, EQ, 25-Sep-2026, 192.86, 192.86, 192.86, 189.49, 190.98, 191.07, 191.00, 324174, 619.16, 14648, 171060, 52.77
JYOTICNC, EQ, 25-Sep-2026, 1072.55, 1072.55, 1087.30, 1054.55, 1063.00, 1065.10, 1067.71, 793087, 8467.89, 30493, 429246, 54.12
JYOTIGLOBL, SM, 25-Sep-2026, 42.70, 44.80, 44.80, 44.75, 44.80, 44.80, 44.80, 68000, 30.46, 24, 66000, 97.06
JYOTIRES, EQ, 25-Sep-2026, 833.00, 833.00, 863.00, 830.50, 863.00, 843.25, 840.83, 6446, 54.20, 689, 4181, 64.86
JYOTISTRUC, EQ, 25-Sep-2026, 9.08, 9.12, 9.15, 8.95, 9.03, 9.03, 9.05, 6479450, 586.35, 4452, 3606229, 55.66
K2INFRA, SM, 25-Sep-2026, 41.75, 43.60, 43.60, 41.60, 42.75, 42.75, 42.81, 16200, 6.94, 23, 13200, 81.48
KABRAEXTRU, EQ, 25-Sep-2026, 806.10, 846.40, 846.40, 807.00, 846.40, 846.40, 839.82, 454583, 3817.66, 11278, 233923, 51.46
KAJARIACER, EQ, 25-Sep-2026, 1221.80, 1214.70, 1227.00, 1213.00, 1215.00, 1218.10, 1219.72, 251382, 3066.16, 18627, 162276, 64.55
KAKATCEM, EQ, 25-Sep-2026, 105.99, 106.20, 109.40, 105.99, 106.60, 106.72, 107.32, 1484, 1.59, 35, 846, 57.01
KALAMANDIR, EQ, 25-Sep-2026, 78.47, 78.49, 79.13, 76.75, 77.03, 77.19, 77.30, 438726, 339.15, 3905, 288730, 65.81
KALPATARU, EQ, 25-Sep-2026, 277.80, 282.00, 288.10, 278.65, 282.80, 281.85, 284.07, 128997, 366.45, 2412, 35651, 27.64
KALYANIFRG, BE, 25-Sep-2026, 936.95, 936.95, 980.00, 936.95, 978.00, 974.25, 964.90, 2684, 25.90, 144, -, -
KALYANKJIL, EQ, 25-Sep-2026, 573.60, 574.60, 579.10, 566.40, 573.00, 573.00, 572.36, 2831344, 16205.52, 38898, 964054, 34.05
KAMAHOLD, EQ, 25-Sep-2026, 2199.60, 2215.00, 2247.40, 2210.30, 2240.00, 2238.10, 2228.27, 2135, 47.57, 403, 1173, 54.94
KAMATHOTEL, EQ, 25-Sep-2026, 235.69, 240.30, 240.30, 232.02, 237.01, 237.13, 234.78, 39082, 91.76, 1264, 21637, 55.36
KAMDHENU, EQ, 25-Sep-2026, 40.34, 41.00, 41.00, 39.60, 39.95, 39.96, 39.95, 483951, 193.33, 2429, 286405, 59.18
KAMOPAINTS, EQ, 25-Sep-2026, 4.21, 4.30, 4.30, 4.10, 4.20, 4.19, 4.16, 329674, 13.71, 1012, 192358, 58.35
KANANIIND, EQ, 25-Sep-2026, 1.41, 1.40, 1.42, 1.40, 1.41, 1.40, 1.41, 83916, 1.18, 143, 69308, 82.59
KANCHI, EQ, 25-Sep-2026, 393.85, 392.00, 392.00, 382.30, 390.95, 390.50, 386.48, 252, 0.97, 36, 223, 88.49
KANCOTEA, EQ, 25-Sep-2026, 52.66, 52.66, 54.59, 52.66, 54.59, 54.00, 53.84, 392, 0.21, 5, 389, 99.23
KANDARP, SM, 25-Sep-2026, 76.95, 79.05, 79.50, 73.15, 73.15, 73.15, 74.33, 18000, 13.38, 15, 16000, 88.89
KANOHAR, EQ, 25-Sep-2026, 863.30, 877.05, 901.40, 841.65, 865.40, 862.55, 872.09, 3871540, 33763.27, 124831, 379226, 9.80
KANORICHEM, BE, 25-Sep-2026, 191.33, 191.10, 199.90, 183.05, 199.00, 198.55, 193.85, 67459, 130.77, 654, -, -
KANPRPLA, EQ, 25-Sep-2026, 262.50, 259.60, 265.55, 251.00, 254.00, 257.45, 258.29, 19717, 50.93, 855, 11526, 58.46
KANSAINER, EQ, 25-Sep-2026, 179.41, 179.41, 181.40, 177.35, 181.00, 180.63, 180.00, 153445, 276.20, 6241, 80958, 52.76
KAPSTON, EQ, 25-Sep-2026, 578.10, 582.75, 616.20, 515.00, 540.00, 535.70, 564.72, 1952645, 11026.89, 25579, 1328303, 68.03
KARAMTARA, EQ, 25-Sep-2026, 369.05, 371.50, 377.70, 356.70, 358.30, 358.70, 366.39, 1758524, 6443.05, 35084, 563213, 32.03
KARMAENG, EQ, 25-Sep-2026, 39.43, 38.67, 39.78, 38.60, 38.91, 38.97, 39.02, 2146, 0.84, 46, 1208, 56.29
KARNIKA, SM, 25-Sep-2026, 122.55, 123.90, 123.90, 121.65, 123.00, 123.00, 122.22, 145000, 177.21, 35, 130000, 89.66
KARURVYSYA, EQ, 25-Sep-2026, 325.00, 325.00, 328.65, 322.20, 327.00, 327.95, 326.23, 1233878, 4025.30, 27541, 774053, 62.73
KATARIA, SM, 25-Sep-2026, 149.00, 151.20, 161.00, 148.00, 154.25, 155.80, 156.37, 33000, 51.60, 47, 30000, 90.91
KAUSHALYA, BE, 25-Sep-2026, 859.90, 826.05, 849.90, 826.05, 848.90, 835.70, 843.66, 76, 0.64, 11, -, -
KAVDEFENCE, BE, 25-Sep-2026, 83.00, 82.30, 84.50, 79.52, 82.60, 82.34, 82.02, 185913, 152.49, 1402, -, -
KAYA, BE, 25-Sep-2026, 313.05, 314.55, 327.80, 310.25, 324.80, 316.80, 320.50, 3460, 11.09, 86, -, -
KAYNES, EQ, 25-Sep-2026, 3509.50, 3530.00, 3658.00, 3515.00, 3650.00, 3650.00, 3612.80, 1327893, 47974.11, 74779, 389684, 29.35
KAYTEX, SM, 25-Sep-2026, 57.05, 58.00, 58.50, 56.50, 56.60, 56.60, 57.62, 4000, 2.30, 5, 4000, 100.00
KCEIL, SM, 25-Sep-2026, 82.40, 84.25, 84.25, 75.15, 77.60, 78.75, 80.54, 23500, 18.93, 44, 17500, 74.47
KCK, ST, 25-Sep-2026, 13.65, 13.80, 14.05, 13.60, 14.05, 14.00, 13.82, 47500, 6.56, 13, 47500, 100.00
KCP, EQ, 25-Sep-2026, 159.18, 158.45, 164.52, 156.65, 162.74, 163.29, 161.37, 147091, 237.36, 3144, 65160, 44.30
KCPSUGIND, BE, 25-Sep-2026, 29.01, 29.50, 30.46, 29.21, 30.23, 30.33, 29.90, 101593, 30.37, 390, -, -
KDDL, EQ, 25-Sep-2026, 4119.80, 4200.00, 4200.00, 4018.00, 4028.70, 4033.40, 4067.77, 46381, 1886.67, 9347, 22313, 48.11
KDGREEN, EQ, 25-Sep-2026, 50.22, 50.43, 53.40, 49.35, 50.20, 50.10, 51.41, 197677, 101.63, 835, 42339, 21.42
KDL, SM, 25-Sep-2026, 60.85, 57.85, 57.85, 57.85, 57.85, 57.85, 57.85, 10500, 6.07, 34, 10500, 100.00
KEC, EQ, 25-Sep-2026, 395.40, 395.40, 398.50, 391.00, 396.65, 396.95, 394.24, 528148, 2082.19, 16577, 229322, 43.42
KECL, EQ, 25-Sep-2026, 122.75, 125.65, 127.50, 121.21, 127.25, 126.17, 124.65, 93028, 115.96, 1954, 47794, 51.38
KEEPLEARN, EQ, 25-Sep-2026, 1.82, 1.82, 1.91, 1.81, 1.87, 1.85, 1.86, 9589, 0.18, 69, 6820, 71.12
KEI, EQ, 25-Sep-2026, 4636.50, 4636.50, 4712.50, 4624.00, 4673.50, 4673.50, 4664.50, 140880, 6571.35, 17408, 48786, 34.63
KELLTONTEC, EQ, 25-Sep-2026, 13.48, 13.56, 13.56, 13.25, 13.48, 13.46, 13.40, 1120196, 150.10, 2647, 423624, 37.82
KEN, SM, 25-Sep-2026, 43.75, 42.15, 42.75, 42.15, 42.75, 42.75, 42.45, 2400, 1.02, 2, 2400, 100.00
KENNAMET, EQ, 25-Sep-2026, 4266.40, 4275.80, 4275.80, 4129.20, 4240.00, 4207.20, 4201.83, 26620, 1118.53, 5448, 14279, 53.64
KERNEX, EQ, 25-Sep-2026, 1700.80, 1706.00, 1724.00, 1684.00, 1697.00, 1693.50, 1696.30, 93740, 1590.11, 9148, 41290, 44.05
KESORAMIND, BE, 25-Sep-2026, 11.39, 11.39, 11.69, 10.85, 11.64, 11.57, 11.23, 353967, 39.74, 506, -, -
KEYFINSERV, EQ, 25-Sep-2026, 231.65, 232.00, 238.45, 225.20, 227.00, 227.35, 227.80, 1538, 3.50, 116, 947, 61.57
KFINTECH, EQ, 25-Sep-2026, 897.95, 897.95, 908.70, 887.95, 888.80, 888.80, 897.50, 436454, 3917.17, 21494, 190452, 43.64
KHADIM, BE, 25-Sep-2026, 120.49, 120.00, 120.00, 118.09, 118.10, 118.10, 118.43, 12146, 14.38, 56, -, -
KHAICHEM, EQ, 25-Sep-2026, 49.41, 49.41, 50.00, 49.00, 49.59, 49.59, 49.40, 75324, 37.21, 1403, 41261, 54.78
KHAITANLTD, EQ, 25-Sep-2026, 150.34, 148.00, 149.50, 143.00, 147.99, 146.01, 146.40, 2475, 3.62, 86, 1717, 69.37
KHANDSE, EQ, 25-Sep-2026, 18.07, 18.47, 18.47, 17.13, 17.82, 17.82, 17.52, 2115, 0.37, 84, 1372, 64.87
KHERIAAUTO, ST, 25-Sep-2026, 103.05, 102.00, 103.90, 97.90, 99.05, 99.60, 100.26, 248400, 249.05, 163, 218400, 87.92
KHFM, SM, 25-Sep-2026, 43.45, 40.20, 43.90, 40.20, 43.90, 42.25, 41.40, 23250, 9.62, 15, 13950, 60.00
KICL, EQ, 25-Sep-2026, 4940.50, 4998.00, 5020.00, 4925.00, 5014.00, 5009.50, 4963.71, 855, 42.44, 214, 585, 68.42
KILITCH, BE, 25-Sep-2026, 217.23, 217.23, 227.00, 211.00, 225.95, 224.27, 222.34, 32455, 72.16, 357, -, -
KIMS, EQ, 25-Sep-2026, 800.45, 800.95, 801.00, 775.95, 778.25, 780.15, 782.96, 346140, 2710.13, 23360, 192256, 55.54
KINGFA, EQ, 25-Sep-2026, 6228.50, 6279.00, 6279.00, 6175.00, 6211.00, 6237.50, 6228.48, 5672, 353.28, 2063, 3098, 54.62
KIOCL, EQ, 25-Sep-2026, 340.65, 340.00, 346.00, 338.05, 340.90, 340.75, 341.39, 59387, 202.74, 2603, 13267, 22.34
KIRANVYPAR, EQ, 25-Sep-2026, 203.41, 203.41, 208.99, 191.00, 199.00, 201.15, 200.12, 3929, 7.86, 160, 2784, 70.86
KIRIINDUS, EQ, 25-Sep-2026, 559.90, 563.00, 570.00, 552.15, 559.80, 557.50, 559.43, 631430, 3532.39, 13082, 252191, 39.94
KIRLFER, EQ, 25-Sep-2026, 478.20, 476.45, 485.00, 476.45, 483.45, 483.20, 482.98, 146189, 706.07, 7737, 75700, 51.78
KIRLOSBROS, EQ, 25-Sep-2026, 1768.40, 1768.40, 1790.50, 1755.80, 1774.00, 1771.90, 1770.16, 22399, 396.50, 3889, 8677, 38.74
KIRLOSENG, EQ, 25-Sep-2026, 2164.50, 2164.00, 2189.20, 2125.10, 2137.20, 2137.20, 2152.36, 166543, 3584.61, 18762, 86997, 52.24
KIRLOSIND, EQ, 25-Sep-2026, 3635.00, 3635.00, 3649.10, 3556.00, 3601.00, 3597.50, 3596.48, 5403, 194.32, 1366, 2627, 48.62
KIRLPNU, EQ, 25-Sep-2026, 697.75, 699.80, 699.80, 685.50, 690.05, 691.95, 691.57, 72155, 499.00, 5898, 40303, 55.86
KISSHT, EQ, 25-Sep-2026, 337.30, 337.00, 349.95, 332.70, 348.35, 348.40, 343.81, 1179779, 4056.24, 34560, 541964, 45.94
KITEX, EQ, 25-Sep-2026, 118.65, 116.25, 119.06, 114.49, 117.65, 117.68, 116.40, 551363, 641.77, 6248, 167364, 30.35
KJMCFIN, EQ, 25-Sep-2026, 59.84, 60.05, 60.05, 60.05, 60.05, 60.05, 60.05, 56, 0.03, 3, 56, 100.00
KKCL, EQ, 25-Sep-2026, 469.30, 472.00, 476.55, 465.00, 465.80, 467.85, 470.02, 67003, 314.93, 1515, 58057, 86.65
KKJEWELS, SM, 25-Sep-2026, 96.15, 94.85, 95.85, 94.85, 95.00, 95.40, 95.23, 3000, 2.86, 3, 2000, 66.67
KKVAPOW, SM, 25-Sep-2026, 326.80, 311.25, 311.25, 310.50, 310.50, 310.85, 310.88, 342, 1.06, 2, 342, 100.00
KLBRENG-B, EQ, 25-Sep-2026, 517.90, 517.90, 527.20, 516.10, 519.00, 521.75, 522.00, 87220, 455.29, 3549, 42090, 48.26
KLL, ST, 25-Sep-2026, 46.00, 46.00, 47.30, 43.70, 45.50, 44.45, 44.45, 121600, 54.05, 86, 104800, 86.18
KMCSHIL, EQ, 25-Sep-2026, 157.92, 157.92, 159.11, 154.01, 157.20, 156.23, 155.78, 138169, 215.25, 3368, 58501, 42.34
KMEW, EQ, 25-Sep-2026, 2890.60, 2905.00, 2924.70, 2852.00, 2870.00, 2865.10, 2882.13, 31064, 895.31, 6674, 12802, 41.21
KMSUGAR, EQ, 25-Sep-2026, 29.06, 29.20, 33.02, 29.20, 32.55, 32.46, 31.99, 1179803, 377.42, 8320, 512163, 43.41
KNACK, EQ, 25-Sep-2026, 182.25, 181.94, 188.00, 178.10, 182.00, 181.98, 180.75, 325182, 587.78, 6338, 134103, 41.24
KNAGRI, EQ, 25-Sep-2026, 213.63, 218.50, 218.50, 201.05, 205.00, 204.76, 206.50, 5907, 12.20, 321, 3608, 61.08
KNRCON, EQ, 25-Sep-2026, 120.03, 120.09, 121.10, 118.75, 119.60, 120.27, 119.97, 800438, 960.32, 8607, 351086, 43.86
KODYTECH, ST, 25-Sep-2026, 1527.25, 1501.00, 1539.00, 1500.00, 1515.00, 1515.00, 1509.52, 2600, 39.25, 23, 2300, 88.46
KOHINOOR, EQ, 25-Sep-2026, 30.82, 31.90, 31.90, 30.53, 31.35, 31.05, 30.88, 90283, 27.88, 1635, 18317, 20.29
KOKUYOCMLN, EQ, 25-Sep-2026, 76.64, 77.49, 77.49, 76.00, 76.77, 76.03, 76.31, 9366, 7.15, 265, 6252, 66.75
KOLTEPATIL, EQ, 25-Sep-2026, 432.05, 433.00, 437.90, 429.40, 432.95, 432.00, 433.03, 33128, 143.46, 1784, 18457, 55.71
KONSTELEC, ST, 25-Sep-2026, 58.85, 57.30, 60.85, 57.30, 59.85, 59.85, 59.34, 6000, 3.56, 6, 4000, 66.67
KONTOR, SM, 25-Sep-2026, 51.60, 57.95, 57.95, 57.95, 57.95, 57.95, 57.95, 600, 0.35, 1, 600, 100.00
KOPRAN, EQ, 25-Sep-2026, 270.81, 271.80, 287.00, 270.18, 283.00, 284.53, 279.08, 662546, 1849.04, 9510, 265543, 40.08
KORE, ST, 25-Sep-2026, 171.60, 163.05, 180.15, 163.05, 180.15, 180.15, 179.62, 20250, 36.37, 31, 19750, 97.53
KOTAKBANK, EQ, 25-Sep-2026, 405.00, 406.90, 407.95, 399.30, 404.00, 404.00, 403.53, 18175573, 73344.47, 135524, 13329647, 73.34
KOTARISUG, BE, 25-Sep-2026, 26.83, 27.09, 27.80, 27.00, 27.51, 27.52, 27.37, 37765, 10.34, 188, -, -
KOTHARIPET, EQ, 25-Sep-2026, 134.01, 134.70, 135.78, 133.00, 133.82, 133.52, 133.80, 20022, 26.79, 646, 9823, 49.06
KOTHARIPRO, EQ, 25-Sep-2026, 67.13, 67.13, 68.44, 66.00, 67.62, 67.97, 66.86, 11027, 7.37, 259, 9000, 81.62
KOTIC, EQ, 25-Sep-2026, 143.82, 143.80, 155.00, 143.00, 147.80, 150.41, 146.67, 18933, 27.77, 851, 9054, 47.82
KOTYARK, BE, 25-Sep-2026, 31.30, 31.00, 31.49, 30.62, 31.39, 31.20, 31.08, 72118, 22.41, 264, -, -
KOVAI, EQ, 25-Sep-2026, 6101.00, 6101.00, 6148.00, 6063.00, 6100.00, 6090.50, 6093.21, 3285, 200.16, 953, 1897, 57.75
KPEL, EQ, 25-Sep-2026, 221.55, 219.27, 226.00, 219.21, 223.15, 222.43, 222.52, 284030, 632.01, 5860, 168129, 59.19
KPIGREEN, EQ, 25-Sep-2026, 333.20, 334.70, 346.25, 329.50, 344.90, 339.75, 335.23, 1557582, 5221.53, 25566, 649057, 41.67
KPIL, EQ, 25-Sep-2026, 1399.60, 1406.60, 1418.60, 1385.10, 1386.10, 1391.20, 1396.38, 128530, 1794.77, 15424, 36076, 28.07
KPITTECH, EQ, 25-Sep-2026, 516.85, 517.95, 519.50, 507.80, 519.40, 519.40, 515.11, 1244484, 6410.51, 29752, 474903, 38.16
KPL, EQ, 25-Sep-2026, 3642.10, 3667.80, 3774.40, 3639.00, 3660.00, 3672.30, 3697.52, 32185, 1190.05, 6856, 12439, 38.65
KPRMILL, EQ, 25-Sep-2026, 1113.80, 1118.00, 1120.90, 1101.10, 1107.00, 1106.40, 1109.17, 79073, 877.05, 12563, 38962, 49.27
KRBL, EQ, 25-Sep-2026, 398.20, 396.00, 407.30, 393.30, 397.95, 398.65, 399.10, 459998, 1835.83, 12505, 225059, 48.93
KREBSBIO, EQ, 25-Sep-2026, 57.66, 58.23, 59.40, 55.93, 57.41, 56.94, 56.90, 2532, 1.44, 68, 1107, 43.72
KRIDHANINF, EQ, 25-Sep-2026, 1.85, 1.85, 1.88, 1.79, 1.84, 1.86, 1.81, 58123, 1.05, 125, 44532, 76.62
KRISHANA, EQ, 25-Sep-2026, 184.51, 186.23, 188.00, 183.15, 185.65, 187.24, 186.35, 356024, 663.45, 4193, 209685, 58.90
KRISHCA, SM, 25-Sep-2026, 216.70, 219.00, 219.00, 205.00, 205.00, 206.85, 209.37, 93500, 195.76, 160, 65500, 70.05
KRISHIVAL, EQ, 25-Sep-2026, 411.30, 415.00, 415.00, 411.50, 411.50, 413.40, 413.74, 11444, 47.35, 362, 10001, 87.39
KRISHNADEF, EQ, 25-Sep-2026, 1015.50, 1023.10, 1029.10, 995.00, 1015.00, 1006.80, 1006.69, 60791, 611.97, 4541, 29944, 49.26
KRITI, EQ, 25-Sep-2026, 61.65, 63.50, 63.50, 60.51, 60.52, 61.21, 61.36, 6972, 4.28, 173, 5827, 83.58
KRITIKA, EQ, 25-Sep-2026, 5.02, 5.02, 5.09, 5.00, 5.05, 5.04, 5.03, 88017, 4.43, 393, 73576, 83.59
KRITINUT, EQ, 25-Sep-2026, 77.81, 77.90, 78.96, 76.21, 77.99, 77.49, 77.36, 7037, 5.44, 145, 6235, 88.60
KRMAYURVED, SM, 25-Sep-2026, 300.30, 300.30, 303.00, 294.10, 300.00, 298.70, 298.49, 33000, 98.50, 33, 27000, 81.82
KRN, EQ, 25-Sep-2026, 1401.60, 1401.10, 1433.40, 1373.80, 1381.40, 1381.80, 1395.13, 180039, 2511.78, 19600, 96076, 53.36
KRONOX, BE, 25-Sep-2026, 196.75, 205.00, 206.58, 198.01, 206.58, 206.58, 206.15, 145260, 299.46, 843, -, -
KROSS, EQ, 25-Sep-2026, 272.90, 274.85, 274.99, 262.22, 267.11, 267.87, 268.40, 812431, 2180.57, 20303, 303754, 37.39
KRSNAA, EQ, 25-Sep-2026, 551.25, 552.00, 552.00, 542.10, 547.85, 548.45, 547.13, 23523, 128.70, 2230, 11358, 48.28
KRT, RR, 25-Sep-2026, 113.87, 113.87, 114.00, 113.16, 113.90, 113.88, 113.77, 1508192, 1715.85, 3019, 1383935, 91.76
KRYSTAL, EQ, 25-Sep-2026, 637.50, 639.35, 643.95, 629.15, 630.15, 631.55, 634.44, 6661, 42.26, 468, 3769, 56.58
KSB, EQ, 25-Sep-2026, 802.15, 802.15, 825.45, 802.15, 815.25, 819.10, 815.96, 270689, 2208.72, 13326, 160304, 59.22
KSCL, EQ, 25-Sep-2026, 783.85, 798.90, 845.60, 777.30, 814.00, 804.55, 808.98, 9425259, 76248.60, 198021, 549300, 5.83
KSE, EQ, 25-Sep-2026, 181.11, 183.15, 183.15, 178.00, 180.50, 180.76, 180.57, 6455, 11.66, 295, 4602, 71.29
KSHINTL, EQ, 25-Sep-2026, 1036.00, 1036.30, 1048.00, 1024.95, 1036.00, 1035.50, 1034.82, 131534, 1361.14, 11027, 51807, 39.39
KSHITIJPOL, EQ, 25-Sep-2026, 5.06, 4.81, 4.81, 4.81, 4.81, 4.81, 4.81, 497252, 23.92, 824, 497252, 100.00
KSL, EQ, 25-Sep-2026, 974.20, 974.20, 984.50, 957.00, 964.90, 964.70, 966.30, 94739, 915.47, 5297, 56087, 59.20
KSOLVES, EQ, 25-Sep-2026, 249.15, 252.00, 258.50, 243.55, 248.05, 248.50, 247.79, 44119, 109.32, 2236, 22531, 51.07
KSR, BE, 25-Sep-2026, 37.80, 37.20, 38.60, 36.06, 38.55, 38.49, 37.86, 6536, 2.47, 58, -, -
KTKBANK, EQ, 25-Sep-2026, 338.15, 338.15, 340.70, 333.25, 334.50, 335.50, 336.78, 680592, 2292.07, 14494, 315673, 46.38
KUANTUM, EQ, 25-Sep-2026, 80.17, 80.18, 82.49, 79.25, 79.50, 79.59, 80.32, 97440, 78.27, 1468, 52802, 54.19
KUSUMGAR, EQ, 25-Sep-2026, 620.10, 620.95, 629.70, 611.10, 627.00, 626.70, 621.52, 190712, 1185.32, 11380, 89384, 46.87
KWIL, EQ, 25-Sep-2026, 40.81, 40.80, 41.55, 40.45, 41.09, 41.03, 40.95, 5147575, 2107.85, 20765, 2076479, 40.34
LADDERUP, BE, 25-Sep-2026, 53.63, 52.06, 54.99, 52.00, 52.00, 52.00, 52.13, 1072, 0.56, 15, -, -
LAGNAM, EQ, 25-Sep-2026, 74.99, 76.48, 76.48, 73.15, 74.99, 74.99, 74.66, 938, 0.70, 31, 719, 76.65
LAHOTIOV, EQ, 25-Sep-2026, 38.28, 39.80, 40.00, 38.90, 39.80, 39.90, 39.42, 3662, 1.44, 41, 3421, 93.42
LAKPRE, BZ, 25-Sep-2026, 5.09, 5.09, 5.09, 5.09, 5.09, 5.09, 5.09, 610, 0.03, 3, -, -
LAKSHMIMIL, EQ, 25-Sep-2026, 7780.50, 8001.00, 8001.00, 7600.00, 7748.00, 7729.00, 7704.30, 87, 6.70, 33, 62, 71.26
LAKSHYA, SM, 25-Sep-2026, 107.80, 113.15, 113.15, 110.00, 113.15, 113.15, 112.84, 17600, 19.86, 19, 15200, 86.36
LAL, EQ, 25-Sep-2026, 9.07, 9.20, 9.22, 8.63, 8.82, 8.83, 8.93, 15168, 1.35, 130, 9173, 60.48
LALITHAA, EQ, 25-Sep-2026, 370.50, 389.00, 389.00, 355.20, 366.50, 366.35, 370.61, 11964094, 44340.65, 127391, 4818382, 40.27
LALPATHLAB, EQ, 25-Sep-2026, 1961.30, 1980.00, 1986.80, 1902.70, 1948.00, 1952.30, 1946.62, 452137, 8801.39, 43609, 151424, 33.49
LAMBODHARA, EQ, 25-Sep-2026, 139.46, 147.00, 154.50, 141.05, 141.20, 144.57, 148.47, 644953, 957.58, 8239, 93836, 14.55
LAMOSAIC, ST, 25-Sep-2026, 51.00, 51.70, 51.70, 48.65, 48.75, 48.75, 50.03, 216600, 108.36, 47, 213600, 98.61
LANCER, EQ, 25-Sep-2026, 11.59, 11.59, 11.77, 11.50, 11.62, 11.62, 11.60, 111096, 12.89, 506, 75173, 67.66
LANCORHOL, BE, 25-Sep-2026, 34.03, 35.40, 35.40, 32.45, 33.89, 33.59, 33.45, 60196, 20.13, 182, -, -
LANDMARK, EQ, 25-Sep-2026, 489.05, 489.05, 492.95, 482.20, 487.00, 488.55, 486.39, 54874, 266.90, 3374, 23929, 43.61
LANDSMILL, EQ, 25-Sep-2026, 0.52, 0.53, 0.62, 0.52, 0.62, 0.62, 0.56, 6935351, 39.17, 692, 5037276, 72.63
LAOPALA, EQ, 25-Sep-2026, 160.21, 159.63, 161.79, 159.02, 160.17, 160.78, 160.49, 40051, 64.28, 1295, 18850, 47.06
LARGEMID50, EQ, 25-Sep-2026, 35.10, 35.08, 35.18, 34.99, 35.13, 35.02, 35.06, 2230, 0.78, 16, 2027, 90.90
LASERPOWER, EQ, 25-Sep-2026, 274.50, 276.90, 276.90, 270.50, 272.50, 272.10, 272.77, 364686, 994.74, 8592, 211496, 57.99
LATENTVIEW, EQ, 25-Sep-2026, 245.40, 245.00, 245.75, 240.50, 243.05, 243.75, 242.78, 382848, 929.47, 12173, 207258, 54.14
LATTEYS, EQ, 25-Sep-2026, 20.08, 20.00, 20.90, 20.00, 20.88, 20.67, 20.45, 77039, 15.75, 160, 54118, 70.25
LAURUSLABS, EQ, 25-Sep-2026, 2026.20, 2026.00, 2040.00, 1979.20, 2007.00, 2007.00, 1997.33, 1442142, 28804.36, 41192, 674813, 46.79
LAXMICOT, EQ, 25-Sep-2026, 13.23, 13.11, 13.50, 12.71, 13.33, 13.31, 13.10, 5195, 0.68, 66, 4439, 85.45
LAXMIDENTL, EQ, 25-Sep-2026, 197.05, 197.05, 200.84, 196.02, 200.50, 199.07, 198.90, 64495, 128.28, 3366, 37289, 57.82
LAXMIINDIA, EQ, 25-Sep-2026, 120.66, 121.00, 123.45, 116.99, 121.10, 122.06, 119.87, 280318, 336.03, 2549, 155284, 55.40
LCCINFOTEC, EQ, 25-Sep-2026, 4.03, 4.23, 4.23, 4.04, 4.23, 4.23, 4.20, 590793, 24.84, 471, 405402, 68.62
LCCPROJECT, EQ, 25-Sep-2026, 144.22, 150.50, 154.80, 146.21, 148.80, 149.14, 149.97, 7022813, 10531.99, 58279, 1055518, 15.03
LCL, EQ, 25-Sep-2026, 575.55, 574.80, 609.40, 573.25, 590.50, 594.70, 597.89, 1672547, 9999.91, 81031, 524764, 31.38
LEAPIND, EQ, 25-Sep-2026, 143.09, 143.00, 143.64, 138.88, 140.00, 139.92, 140.78, 1105790, 1556.74, 15181, 511366, 46.24
LEENEE, BE, 25-Sep-2026, 7.80, 7.99, 8.18, 7.41, 7.60, 7.61, 7.74, 25593, 1.98, 62, -, -
LEMERITE, EQ, 25-Sep-2026, 20.59, 20.01, 21.54, 20.01, 21.30, 21.06, 20.82, 219022, 45.59, 628, 52838, 24.12
LEMONTREE, EQ, 25-Sep-2026, 106.72, 106.80, 107.04, 104.86, 106.20, 106.15, 105.91, 1851366, 1960.77, 15470, 1076824, 58.16
LENSKART, EQ, 25-Sep-2026, 676.00, 676.50, 683.60, 668.00, 680.25, 680.25, 674.88, 2373847, 16020.55, 76856, 1315390, 55.41
LEXUS, EQ, 25-Sep-2026, 12.19, 12.49, 12.70, 12.03, 12.19, 12.18, 12.23, 15220, 1.86, 148, 12522, 82.27
LFIC, EQ, 25-Sep-2026, 136.36, 136.00, 136.36, 132.30, 132.50, 133.06, 133.29, 655, 0.87, 51, 440, 67.18
LGBBROSLTD, EQ, 25-Sep-2026, 1745.30, 1750.00, 1778.00, 1730.00, 1730.00, 1735.30, 1753.46, 16354, 286.76, 3183, 7675, 46.93
LGEINDIA, EQ, 25-Sep-2026, 1697.70, 1711.00, 1734.20, 1687.20, 1725.40, 1725.40, 1720.24, 883000, 15189.69, 86078, 427887, 48.46
LGHL, EQ, 25-Sep-2026, 181.48, 183.51, 183.51, 180.31, 183.00, 182.99, 182.08, 27844, 50.70, 119, 17712, 63.61
LIBAS, EQ, 25-Sep-2026, 12.02, 12.35, 12.65, 11.87, 12.49, 12.38, 12.27, 54262, 6.66, 291, 31145, 57.40
LIBERTSHOE, EQ, 25-Sep-2026, 237.84, 240.80, 242.00, 234.50, 237.67, 235.92, 237.07, 21983, 52.12, 986, 11013, 50.10
LICHSGFIN, EQ, 25-Sep-2026, 564.25, 564.75, 569.55, 558.60, 566.00, 566.00, 564.16, 1070523, 6039.43, 16819, 484704, 45.28
LICI, EQ, 25-Sep-2026, 406.00, 404.00, 410.05, 403.05, 409.05, 409.05, 407.29, 11594970, 47224.68, 85536, 7803023, 67.30
LICMFGOLD, EQ, 25-Sep-2026, 134.50, 135.20, 135.85, 134.70, 135.75, 135.70, 135.27, 16779, 22.70, 301, 10890, 64.90
LICNETFGSC, EQ, 25-Sep-2026, 29.16, 29.08, 29.32, 29.06, 29.07, 29.07, 29.09, 14187, 4.13, 77, 12918, 91.06
LICNETFN50, EQ, 25-Sep-2026, 260.13, 260.13, 261.32, 259.13, 259.96, 260.11, 260.59, 356, 0.93, 25, 340, 95.51
LICNETFSEN, EQ, 25-Sep-2026, 835.18, 840.40, 840.40, 829.39, 829.39, 829.39, 829.71, 66, 0.55, 4, 65, 98.48
LICNFNHGP, EQ, 25-Sep-2026, 275.99, 269.09, 275.87, 266.01, 268.54, 267.86, 266.23, 2439, 6.49, 42, 2235, 91.64
LICNMID100, EQ, 25-Sep-2026, 61.29, 61.29, 62.21, 61.03, 61.67, 61.67, 61.37, 2811, 1.72, 75, 1869, 66.49
LIKHITHA, EQ, 25-Sep-2026, 227.38, 225.12, 234.53, 225.00, 231.72, 230.23, 229.33, 35441, 81.28, 1192, 19166, 54.08
LINC, EQ, 25-Sep-2026, 92.24, 93.16, 94.15, 91.23, 93.37, 93.23, 92.99, 5802, 5.40, 253, 4548, 78.39
LINCOLN, EQ, 25-Sep-2026, 594.65, 595.10, 604.80, 586.85, 590.50, 591.00, 591.03, 24670, 145.81, 2102, 14582, 59.11
LINDEINDIA, EQ, 25-Sep-2026, 6196.50, 6185.00, 6203.50, 6102.50, 6145.00, 6142.50, 6139.38, 9751, 598.65, 4030, 5215, 53.48
LIQGRWBEES, EQ, 25-Sep-2026, 1056.71, 1056.25, 1057.12, 1056.25, 1057.12, 1057.10, 1057.08, 28990, 306.45, 183, 11648, 40.18
LIQUID, EQ, 25-Sep-2026, 999.99, 974.99, 1000.00, 974.99, 1000.00, 999.99, 999.99, 179303, 1793.02, 140, 141568, 78.95
LIQUID1, EQ, 25-Sep-2026, 1123.96, 1123.96, 1124.42, 1123.96, 1124.42, 1124.41, 1124.41, 1239705, 13939.39, 995, 1008810, 81.38
LIQUIDADD, EQ, 25-Sep-2026, 1146.08, 1146.51, 1149.59, 1145.41, 1146.52, 1146.53, 1146.54, 957341, 10976.26, 658, 804293, 84.01
LIQUIDBEES, EQ, 25-Sep-2026, 999.99, 999.99, 1000.01, 999.99, 1000.01, 999.99, 999.99, 4213190, 42131.68, 4323, 3521913, 83.59
LIQUIDBETA, EQ, 25-Sep-2026, 1009.22, 1009.62, 1009.64, 1009.62, 1009.64, 1009.64, 1009.64, 194, 1.96, 7, 158, 81.44
LIQUIDBETF, EQ, 25-Sep-2026, 1100.05, 1100.49, 1100.49, 1100.47, 1100.49, 1100.48, 1100.48, 510890, 5622.25, 131, 367856, 72.00
LIQUIDCASE, EQ, 25-Sep-2026, 116.06, 116.11, 116.11, 116.09, 116.11, 116.10, 116.10, 16875461, 19592.98, 8629, 13771060, 81.60
LIQUIDETF, EQ, 25-Sep-2026, 1000.00, 999.99, 1000.01, 999.99, 1000.00, 999.99, 1000.00, 59439, 594.39, 208, 43416, 73.04
LIQUIDIETF, EQ, 25-Sep-2026, 999.99, 999.99, 1000.01, 999.99, 1000.00, 999.99, 1000.00, 912286, 9122.86, 213, 452576, 49.61
LIQUIDPLUS, EQ, 25-Sep-2026, 1104.49, 1104.94, 1104.96, 1104.94, 1104.96, 1104.95, 1104.96, 335120, 3702.93, 248, 249561, 74.47
LIQUIDSBI, EQ, 25-Sep-2026, 1000.01, 999.99, 1000.01, 999.99, 1000.01, 1000.00, 999.99, 6659, 66.59, 28, 6297, 94.56
LIQUIDSHRI, EQ, 25-Sep-2026, 1122.71, 1123.12, 1123.14, 1123.12, 1123.14, 1123.13, 1123.12, 21042, 236.33, 27, 17781, 84.50
LKPSEC, EQ, 25-Sep-2026, 15.02, 15.06, 15.34, 14.76, 15.02, 15.02, 15.00, 12106, 1.82, 75, 11781, 97.32
LLOYDS, SM, 25-Sep-2026, 61.70, 59.00, 63.00, 58.70, 63.00, 63.00, 60.60, 12000, 7.27, 12, 8000, 66.67
LLOYDSENGG, EQ, 25-Sep-2026, 90.91, 91.23, 99.65, 89.06, 98.62, 98.56, 96.95, 60674433, 58826.09, 223114, 16795474, 27.68
LLOYDSENT, EQ, 25-Sep-2026, 75.58, 75.58, 81.40, 74.49, 79.59, 79.67, 79.00, 11961867, 9450.01, 67000, 4788258, 40.03
LLOYDSME, EQ, 25-Sep-2026, 1821.90, 1822.00, 1851.00, 1808.70, 1832.00, 1838.00, 1831.08, 317553, 5814.64, 22721, 134823, 42.46
LMW, EQ, 25-Sep-2026, 17136.00, 17146.00, 17270.00, 17051.00, 17140.00, 17133.00, 17148.38, 2399, 411.39, 1221, 1107, 46.14
LODHA, EQ, 25-Sep-2026, 1158.00, 1150.00, 1170.30, 1147.00, 1165.00, 1165.00, 1159.00, 818279, 9483.86, 22506, 351620, 42.97
LOKESHMACH, EQ, 25-Sep-2026, 342.90, 342.25, 345.65, 335.60, 338.20, 340.20, 340.85, 20313, 69.24, 983, 6998, 34.45
LORDSCHLO, EQ, 25-Sep-2026, 134.50, 138.10, 153.80, 133.12, 148.00, 148.20, 143.08, 302916, 433.42, 2969, 175429, 57.91
LOTUSCHO, EQ, 25-Sep-2026, 566.15, 566.15, 578.90, 554.60, 555.00, 556.60, 569.42, 3140, 17.88, 339, 2358, 75.10
LOTUSDEV, BE, 25-Sep-2026, 219.05, 220.14, 223.20, 211.15, 218.00, 217.99, 218.50, 723532, 1580.89, 3534, -, -
LOTUSEYE, EQ, 25-Sep-2026, 113.23, 113.23, 115.50, 112.20, 114.00, 115.07, 114.65, 6263, 7.18, 235, 5039, 80.46
LOVABLE, EQ, 25-Sep-2026, 69.70, 69.83, 70.78, 69.50, 69.52, 69.68, 69.93, 4906, 3.43, 236, 3317, 67.61
LOWVOL, EQ, 25-Sep-2026, 198.01, 197.64, 198.48, 197.08, 198.48, 198.45, 198.32, 485, 0.96, 11, 411, 84.74
LOWVOL1, EQ, 25-Sep-2026, 20.16, 20.16, 20.39, 20.15, 20.39, 20.17, 20.21, 221497, 44.76, 15542, 145966, 65.90
LOWVOLIETF, EQ, 25-Sep-2026, 21.20, 21.30, 21.30, 21.14, 21.21, 21.18, 21.18, 568565, 120.44, 16210, 307032, 54.00
LOYALTEX, EQ, 25-Sep-2026, 223.98, 231.80, 231.80, 215.25, 223.90, 222.19, 220.56, 993, 2.19, 78, 770, 77.54
LPDC, EQ, 25-Sep-2026, 6.63, 6.60, 6.69, 6.42, 6.48, 6.51, 6.52, 20129, 1.31, 187, 15213, 75.58
LRRPL, SM, 25-Sep-2026, 98.00, 97.00, 97.00, 93.50, 93.50, 93.50, 96.07, 10500, 10.09, 4, 10500, 100.00
LT, EQ, 25-Sep-2026, 3858.40, 3865.00, 3887.50, 3842.40, 3876.20, 3876.20, 3861.46, 1230579, 47518.32, 67845, 759705, 61.74
LTF, EQ, 25-Sep-2026, 282.00, 284.95, 285.75, 280.05, 284.00, 284.00, 283.04, 6184736, 17505.02, 50982, 1520316, 24.58
LTFOODS, EQ, 25-Sep-2026, 424.50, 424.00, 429.35, 418.90, 422.80, 422.35, 422.79, 248790, 1051.87, 18246, 109662, 44.08
LTGILTBEES, EQ, 25-Sep-2026, 29.62, 29.68, 29.68, 29.55, 29.64, 29.65, 29.61, 1128149, 334.06, 700, 959644, 85.06
LTGILTCASE, EQ, 25-Sep-2026, 30.22, 30.30, 30.30, 30.18, 30.23, 30.22, 30.21, 251096, 75.86, 162, 250823, 99.89
LTM, EQ, 25-Sep-2026, 4038.00, 4038.00, 4083.00, 3996.00, 4083.00, 4083.00, 4050.10, 302018, 12232.03, 21453, 117781, 39.00
LTTS, EQ, 25-Sep-2026, 3209.10, 3218.60, 3229.00, 3178.00, 3210.00, 3206.10, 3199.51, 23468, 750.86, 7300, 9685, 41.27
LUMAXIND, EQ, 25-Sep-2026, 5732.50, 5685.50, 5824.50, 5663.50, 5810.00, 5769.00, 5762.48, 4537, 261.44, 2232, 1743, 38.42
LUMAXTECH, EQ, 25-Sep-2026, 2068.80, 2074.80, 2091.50, 2022.00, 2025.50, 2026.80, 2047.65, 68866, 1410.14, 13457, 31936, 46.37
LUMINO, EQ, 25-Sep-2026, 107.22, 107.80, 108.51, 104.00, 105.35, 105.26, 105.67, 4053465, 4283.37, 22738, 980181, 24.18
LUPIN, EQ, 25-Sep-2026, 2100.70, 2091.30, 2095.70, 2077.50, 2092.00, 2092.00, 2085.46, 431672, 9002.37, 27400, 259599, 60.14
LUXIND, EQ, 25-Sep-2026, 1167.80, 1166.00, 1218.00, 1156.00, 1170.00, 1174.70, 1192.55, 50486, 602.07, 4896, 17788, 35.23
LXCHEM, EQ, 25-Sep-2026, 180.61, 180.79, 182.99, 178.90, 181.98, 181.42, 181.10, 617908, 1119.00, 12812, 191752, 31.03
LYKALABS, BE, 25-Sep-2026, 87.00, 86.50, 86.50, 85.85, 85.85, 85.85, 86.12, 3962, 3.41, 31, -, -
M&M, EQ, 25-Sep-2026, 2982.70, 2965.00, 3045.00, 2965.00, 3035.00, 3035.00, 3011.46, 2080300, 62647.41, 88682, 1351546, 64.97
M&MFIN, EQ, 25-Sep-2026, 339.90, 341.45, 341.45, 330.20, 333.25, 333.10, 333.85, 1662139, 5549.00, 42521, 862995, 51.92
MAANALU, EQ, 25-Sep-2026, 102.62, 103.64, 104.06, 99.85, 100.04, 100.18, 100.92, 103573, 104.52, 1633, 78880, 76.16
MACPOWER, EQ, 25-Sep-2026, 2061.10, 2072.00, 2084.00, 2022.00, 2084.00, 2062.50, 2048.55, 22980, 470.76, 3252, 9962, 43.35
MADHAV, EQ, 25-Sep-2026, 34.46, 34.12, 36.00, 34.00, 36.00, 35.77, 35.63, 3191, 1.14, 72, 3017, 94.55
MADHAVBAUG, ST, 25-Sep-2026, 168.00, 160.05, 162.00, 160.00, 161.10, 161.25, 160.50, 5200, 8.35, 13, 4800, 92.31
MADHAVIPL, EQ, 25-Sep-2026, 7.59, 7.41, 7.86, 7.36, 7.53, 7.52, 7.56, 80667, 6.09, 392, 61055, 75.69
MADHUCON, EQ, 25-Sep-2026, 4.25, 4.26, 4.26, 4.04, 4.13, 4.19, 4.10, 60505, 2.48, 86, 45219, 74.74
MADHURKNIT, SM, 25-Sep-2026, 45.90, 47.00, 47.40, 45.00, 47.40, 47.15, 46.47, 56400, 26.21, 34, 50400, 89.36
MADHUSUDAN, ST, 25-Sep-2026, 224.30, 229.00, 235.50, 229.00, 235.50, 235.50, 234.00, 18000, 42.12, 18, 17000, 94.44
MADRASFERT, EQ, 25-Sep-2026, 60.72, 60.72, 61.29, 60.02, 60.07, 60.17, 60.32, 29816, 17.98, 599, 17598, 59.02
MAFANG, EQ, 25-Sep-2026, 231.32, 237.10, 239.97, 230.00, 239.40, 238.42, 237.03, 607693, 1440.42, 12739, 326267, 53.69
MAFATIND, EQ, 25-Sep-2026, 119.81, 119.82, 120.45, 113.40, 117.70, 116.92, 116.92, 88400, 103.36, 2060, 57331, 64.85
MAGADSUGAR, EQ, 25-Sep-2026, 503.00, 505.45, 579.00, 504.05, 549.20, 551.45, 550.92, 287247, 1582.49, 14569, 45085, 15.70
MAGNUM, EQ, 25-Sep-2026, 18.65, 18.65, 19.90, 18.65, 19.32, 19.02, 19.24, 15051, 2.90, 102, 11844, 78.69
MAGSON, SM, 25-Sep-2026, 180.00, 185.00, 185.00, 180.00, 180.00, 180.00, 180.02, 271000, 487.85, 32, 271000, 100.00
MAHABANK, EQ, 25-Sep-2026, 82.38, 82.30, 84.88, 81.91, 84.88, 84.88, 83.73, 12167444, 10187.49, 41470, 5718813, 47.00
MAHAPEXLTD, EQ, 25-Sep-2026, 51.74, 50.98, 52.90, 50.56, 51.51, 51.58, 51.50, 9986, 5.14, 126, 6379, 63.88
MAHASTEEL, BE, 25-Sep-2026, 1211.90, 1255.00, 1255.00, 1160.60, 1230.00, 1232.10, 1201.49, 3320, 39.89, 260, -, -
MAHEPC, EQ, 25-Sep-2026, 98.19, 99.98, 100.70, 97.15, 99.99, 99.02, 99.27, 23032, 22.86, 410, 15073, 65.44
MAHESHWARI, EQ, 25-Sep-2026, 72.70, 72.50, 73.49, 70.00, 73.46, 73.40, 72.18, 8472, 6.11, 125, 4991, 58.91
MAHICKRA, SM, 25-Sep-2026, 297.00, 304.80, 304.80, 304.80, 304.80, 304.80, 304.80, 750, 2.29, 1, 750, 100.00
MAHKTECH, EQ, 25-Sep-2026, 21.78, 21.95, 21.95, 21.70, 21.76, 21.78, 21.85, 396128, 86.54, 3797, 225150, 56.84
MAHLIFE, EQ, 25-Sep-2026, 353.90, 353.00, 363.50, 352.00, 358.00, 356.85, 358.89, 155801, 559.16, 15498, 87978, 56.47
MAHLOG, EQ, 25-Sep-2026, 420.05, 420.05, 425.00, 416.95, 419.00, 420.25, 420.31, 447609, 1881.36, 7719, 329350, 73.58
MAHSCOOTER, EQ, 25-Sep-2026, 13255.00, 13254.00, 13255.00, 12936.00, 13060.00, 13052.00, 13058.85, 3959, 517.00, 1191, 2718, 68.65
MAHSEAMLES, EQ, 25-Sep-2026, 708.55, 708.90, 720.85, 703.60, 713.00, 715.65, 713.64, 210790, 1504.28, 13132, 74002, 35.11
MAITHANALL, EQ, 25-Sep-2026, 977.10, 983.35, 983.90, 945.75, 956.15, 955.15, 960.42, 79988, 768.22, 5816, 46760, 58.46
MAITREYA, SM, 25-Sep-2026, 116.50, 116.50, 116.50, 111.05, 111.15, 112.00, 112.58, 5600, 6.30, 13, 3600, 64.29
MAJESAUT, BE, 25-Sep-2026, 369.55, 373.20, 373.80, 363.00, 366.10, 366.10, 368.88, 998, 3.68, 50, -, -
MAKEINDIA, EQ, 25-Sep-2026, 160.93, 160.93, 161.75, 160.47, 161.43, 161.55, 161.20, 11860, 19.12, 359, 4487, 37.83
MAKERSL, EQ, 25-Sep-2026, 189.42, 192.50, 192.80, 188.00, 188.00, 188.40, 190.46, 1595, 3.04, 47, 1364, 85.52
MALLCOM, EQ, 25-Sep-2026, 950.80, 967.55, 967.55, 945.00, 955.00, 946.85, 949.67, 2494, 23.68, 171, 1924, 77.15
MALUPAPER, EQ, 25-Sep-2026, 31.79, 32.35, 33.80, 31.80, 32.67, 32.59, 32.78, 14634, 4.80, 124, 6205, 42.40
MAMATA, EQ, 25-Sep-2026, 403.80, 405.00, 414.40, 403.20, 410.10, 411.90, 409.81, 52767, 216.25, 3053, 22193, 42.06
MANAKALUCO, EQ, 25-Sep-2026, 35.31, 35.94, 35.95, 35.36, 35.95, 35.63, 35.73, 15840, 5.66, 262, 12368, 78.08
MANAKCOAT, EQ, 25-Sep-2026, 131.16, 132.56, 132.56, 128.13, 129.75, 129.91, 129.68, 165927, 215.18, 2613, 83886, 50.56
MANAKSIA, EQ, 25-Sep-2026, 64.03, 64.48, 65.00, 63.61, 64.51, 64.11, 64.21, 21816, 14.01, 536, 8100, 37.13
MANAKSTEEL, BE, 25-Sep-2026, 102.14, 102.17, 107.00, 100.00, 105.50, 105.08, 102.19, 37873, 38.70, 238, -, -
MANALIPETC, EQ, 25-Sep-2026, 83.28, 83.75, 85.45, 82.35, 85.29, 84.65, 84.17, 1065632, 896.93, 8642, 259721, 24.37
MANAPPURAM, EQ, 25-Sep-2026, 324.95, 324.95, 334.25, 323.25, 334.00, 334.00, 329.83, 4493331, 14820.21, 39627, 1741563, 38.76
MANBA, EQ, 25-Sep-2026, 140.35, 140.65, 140.80, 138.05, 139.03, 139.35, 139.54, 86634, 120.89, 994, 25011, 28.87
MANCREDIT, EQ, 25-Sep-2026, 222.52, 220.53, 223.90, 220.10, 220.10, 221.93, 221.84, 105468, 233.97, 1033, 2993, 2.84
MANDEEP, SM, 25-Sep-2026, 17.75, 18.00, 18.05, 18.00, 18.05, 18.05, 18.02, 12000, 2.16, 4, 12000, 100.00
MANGALAM, EQ, 25-Sep-2026, 31.65, 31.65, 32.48, 31.06, 31.65, 31.83, 31.76, 23815, 7.56, 509, 19744, 82.91
MANGLMCEM, EQ, 25-Sep-2026, 1031.50, 1037.50, 1037.50, 1016.10, 1025.00, 1028.60, 1026.54, 27439, 281.67, 2777, 12102, 44.11
MANIKA, BE, 25-Sep-2026, 41.46, 40.46, 42.53, 40.00, 42.50, 42.32, 41.50, 513169, 212.99, 2230, -, -
MANILAM, SM, 25-Sep-2026, 39.00, 38.00, 38.00, 38.00, 38.00, 38.00, 38.00, 2000, 0.76, 1, 2000, 100.00
MANINDS, EQ, 25-Sep-2026, 962.85, 968.00, 1039.70, 955.20, 1020.00, 1020.35, 999.55, 1762428, 17616.40, 66540, 336711, 19.10
MANINFRA, EQ, 25-Sep-2026, 124.17, 124.17, 130.50, 123.24, 130.50, 129.95, 127.66, 3830660, 4890.20, 18845, 1783604, 46.56
MANIPALHOS, EQ, 25-Sep-2026, 742.50, 739.00, 746.55, 718.95, 730.00, 727.50, 729.73, 608591, 4441.06, 27414, 261164, 42.91
MANKIND, EQ, 25-Sep-2026, 2500.00, 2488.30, 2504.60, 2454.40, 2474.90, 2474.90, 2484.76, 333769, 8293.37, 22445, 195627, 58.61
MANOMAY, EQ, 25-Sep-2026, 233.21, 238.80, 238.80, 225.62, 228.00, 229.12, 231.23, 178641, 413.07, 7359, 12175, 6.82
MANORAMA, EQ, 25-Sep-2026, 1882.70, 1876.20, 1890.00, 1860.00, 1880.00, 1872.80, 1875.42, 117509, 2203.78, 15915, 63219, 53.80
MANORG, EQ, 25-Sep-2026, 453.15, 456.25, 462.20, 450.10, 460.00, 458.90, 457.37, 3558, 16.27, 221, 2379, 66.86
MANUFGBEES, EQ, 25-Sep-2026, 159.00, 159.79, 162.80, 158.67, 158.67, 159.12, 159.70, 19194, 30.65, 118, 16232, 84.57
MANUGRAPH, EQ, 25-Sep-2026, 22.02, 23.00, 23.00, 19.82, 19.82, 19.82, 20.92, 196400, 41.08, 517, 168311, 85.70
MANYAVAR, EQ, 25-Sep-2026, 524.45, 524.90, 538.65, 519.20, 526.00, 532.50, 531.68, 199080, 1058.46, 12821, 79819, 40.09
MAPMYINDIA, EQ, 25-Sep-2026, 882.80, 881.40, 894.30, 873.60, 884.00, 881.90, 883.22, 76763, 677.99, 5282, 29422, 38.33
MARALOVER, EQ, 25-Sep-2026, 58.93, 59.00, 60.65, 57.62, 59.94, 58.61, 59.05, 6753, 3.99, 147, 5404, 80.02
MARATHON, EQ, 25-Sep-2026, 410.80, 408.75, 416.40, 405.10, 414.50, 411.70, 411.27, 24860, 102.24, 1620, 10652, 42.85
MARC, ST, 25-Sep-2026, 150.95, 149.95, 152.00, 144.10, 152.00, 148.05, 148.68, 3600, 5.35, 3, 3600, 100.00
MARCO, SM, 25-Sep-2026, 29.70, 29.20, 30.00, 29.00, 30.00, 30.00, 29.30, 6000, 1.76, 4, 4500, 75.00
MARICO, EQ, 25-Sep-2026, 824.55, 822.00, 824.00, 807.05, 819.00, 819.00, 814.16, 459905, 3744.37, 15500, 244990, 53.27
MARINE, EQ, 25-Sep-2026, 401.50, 404.55, 418.75, 396.00, 414.00, 413.75, 407.21, 1423212, 5795.49, 34577, 560894, 39.41
MARKOLINES, EQ, 25-Sep-2026, 167.42, 168.09, 170.50, 166.15, 169.90, 169.78, 169.23, 190364, 322.16, 1424, 32217, 16.92
MARKSANS, EQ, 25-Sep-2026, 337.40, 337.50, 341.95, 331.85, 337.50, 336.95, 336.53, 1452979, 4889.66, 39411, 482493, 33.21
MARSONS, EQ, 25-Sep-2026, 124.37, 124.70, 126.30, 122.40, 122.40, 122.87, 123.78, 1463687, 1811.70, 9144, 280103, 19.14
MARUSHIKA, SM, 25-Sep-2026, 117.00, 117.00, 117.00, 117.00, 117.00, 117.00, 117.00, 3600, 4.21, 3, 3600, 100.00
MARUTI, EQ, 25-Sep-2026, 11990.00, 11997.00, 12098.00, 11975.00, 12065.00, 12065.00, 12032.34, 283642, 34128.77, 36473, 173044, 61.01
MASFIN, EQ, 25-Sep-2026, 280.35, 280.35, 284.15, 275.00, 281.85, 282.75, 278.98, 226045, 630.62, 9349, 129320, 57.21
MASKINVEST, EQ, 25-Sep-2026, 140.81, 140.00, 147.00, 140.00, 140.05, 145.06, 142.29, 177, 0.25, 9, 127, 71.75
MASON, SM, 25-Sep-2026, 110.00, 107.35, 113.00, 107.00, 113.00, 113.00, 110.07, 22500, 24.77, 40, 17000, 75.56
MASPTOP50, EQ, 25-Sep-2026, 96.78, 98.69, 102.50, 95.65, 98.50, 98.49, 99.25, 1342201, 1332.07, 14643, 569544, 42.43
MASTEK, EQ, 25-Sep-2026, 1543.60, 1543.60, 1606.30, 1515.30, 1587.00, 1582.80, 1562.13, 197473, 3084.79, 21528, 42203, 21.37
MASTER, SM, 25-Sep-2026, 395.05, 404.00, 404.00, 395.00, 395.00, 395.00, 398.00, 1500, 5.97, 3, 1500, 100.00
MASTERTR, EQ, 25-Sep-2026, 85.21, 85.21, 86.65, 82.50, 84.48, 84.87, 83.79, 362110, 303.41, 2605, 110898, 30.63
MATRIMONY, EQ, 25-Sep-2026, 538.55, 538.55, 540.00, 528.05, 533.50, 535.40, 535.00, 2598, 13.90, 218, 2003, 77.10
MAWANASUG, EQ, 25-Sep-2026, 130.70, 130.00, 153.51, 130.00, 150.50, 149.64, 145.04, 2561542, 3715.19, 27053, 500060, 19.52
MAXESTATES, EQ, 25-Sep-2026, 616.80, 616.90, 625.45, 589.10, 594.05, 594.65, 603.19, 156458, 943.74, 7243, 64111, 40.98
MAXHEALTH, EQ, 25-Sep-2026, 1046.00, 1050.00, 1052.00, 1008.00, 1014.00, 1014.00, 1021.59, 1900715, 19417.53, 39404, 1090852, 57.39
MAXIND, EQ, 25-Sep-2026, 149.22, 147.73, 149.95, 146.01, 147.00, 148.45, 147.58, 16908, 24.95, 638, 10505, 62.13
MAXPOSURE, SM, 25-Sep-2026, 37.05, 36.70, 39.10, 36.70, 39.10, 38.75, 38.21, 8000, 3.06, 7, 7000, 87.50
MAXVOLT, SM, 25-Sep-2026, 432.40, 447.00, 452.95, 414.00, 425.90, 426.10, 436.35, 122000, 532.34, 272, 72000, 59.02
MAYASHEEL, SM, 25-Sep-2026, 33.35, 34.95, 35.00, 33.45, 33.50, 33.75, 34.06, 27000, 9.20, 9, 24000, 88.89
MAYURUNIQ, EQ, 25-Sep-2026, 733.10, 733.10, 735.00, 712.50, 732.95, 729.60, 720.68, 122295, 881.35, 4842, 73860, 60.39
MAZDA, BE, 25-Sep-2026, 267.55, 278.80, 280.90, 270.05, 280.90, 280.05, 279.69, 68878, 192.64, 548, -, -
MAZDOCK, EQ, 25-Sep-2026, 2202.00, 2202.00, 2217.00, 2185.60, 2199.60, 2199.60, 2197.05, 426521, 9370.87, 21487, 153479, 35.98
MBAPL, EQ, 25-Sep-2026, 164.07, 163.60, 168.99, 163.38, 168.31, 168.47, 167.52, 596290, 998.93, 9824, 290049, 48.64
MBECL, BE, 25-Sep-2026, 447.46, 456.40, 456.40, 456.40, 456.40, 456.40, 456.40, 6303, 28.77, 142, -, -
MBEL, EQ, 25-Sep-2026, 263.95, 265.90, 267.25, 255.40, 258.60, 257.70, 261.13, 86275, 225.29, 2360, 45946, 53.26
MBLINFRA, EQ, 25-Sep-2026, 20.90, 20.50, 21.25, 20.50, 21.20, 21.12, 21.00, 87140, 18.30, 264, 71303, 81.83
MCCHRLS-B, EQ, 25-Sep-2026, 677.85, 685.00, 685.00, 650.00, 682.00, 681.00, 660.55, 145, 0.96, 39, 127, 87.59
MCL, EQ, 25-Sep-2026, 61.61, 62.60, 62.60, 57.62, 60.90, 59.36, 59.93, 82072, 49.18, 2242, 37257, 45.40
MCLEODRUSS, EQ, 25-Sep-2026, 44.84, 44.55, 45.06, 42.76, 42.77, 43.08, 43.42, 627661, 272.50, 2762, 432447, 68.90
MCLOUD, EQ, 25-Sep-2026, 24.90, 24.90, 25.00, 24.25, 24.50, 24.44, 24.51, 1108651, 271.77, 3601, 562046, 50.70
MCON, SM, 25-Sep-2026, 41.00, 43.00, 43.00, 41.30, 41.50, 41.50, 41.78, 10000, 4.18, 7, 10000, 100.00
MCX, EQ, 25-Sep-2026, 3427.70, 3463.60, 3481.40, 3310.00, 3324.90, 3324.90, 3370.76, 2386852, 80454.95, 117918, 856654, 35.89
MDL, SM, 25-Sep-2026, 64.95, 64.90, 64.90, 64.90, 64.90, 64.90, 64.90, 1000, 0.65, 1, 1000, 100.00
MEDANTA, EQ, 25-Sep-2026, 1506.20, 1506.00, 1509.70, 1479.90, 1497.00, 1495.40, 1494.43, 158143, 2363.34, 20988, 82399, 52.10
MEDIASSIST, EQ, 25-Sep-2026, 320.30, 318.30, 324.95, 315.75, 319.00, 319.85, 320.01, 491837, 1573.95, 12994, 344537, 70.05
MEDICAMEQ, BE, 25-Sep-2026, 306.50, 307.95, 319.80, 292.40, 315.00, 315.30, 307.37, 36614, 112.54, 527, -, -
MEDICAPQ, BE, 25-Sep-2026, 24.99, 25.20, 25.30, 24.60, 24.75, 25.08, 25.18, 2022, 0.51, 22, -, -
MEDICO, EQ, 25-Sep-2026, 32.50, 33.15, 33.16, 26.00, 26.00, 26.00, 27.21, 3539670, 963.16, 8488, 1858588, 52.51
MEDIORG, SM, 25-Sep-2026, 24.15, 24.15, 24.15, 24.15, 24.15, 24.15, 24.15, 2000, 0.48, 1, 2000, 100.00
MEDISTEP, SM, 25-Sep-2026, 19.00, 19.50, 19.50, 19.50, 19.50, 19.50, 19.50, 9000, 1.76, 2, 9000, 100.00
MEDPLUS, EQ, 25-Sep-2026, 654.25, 658.00, 661.10, 652.00, 655.00, 654.90, 655.79, 122436, 802.92, 7228, 89727, 73.28
MEESHO, EQ, 25-Sep-2026, 232.84, 228.93, 229.58, 216.07, 217.29, 217.06, 220.04, 31497166, 69305.69, 229061, 11892238, 37.76
MEGASTAR, EQ, 25-Sep-2026, 260.90, 270.00, 270.00, 251.25, 252.55, 253.60, 254.50, 3756, 9.56, 191, 3278, 87.27
MEGATHERM, SM, 25-Sep-2026, 251.60, 246.50, 250.00, 240.00, 244.95, 244.95, 243.89, 25200, 61.46, 48, 16800, 66.67
MEIL, EQ, 25-Sep-2026, 272.70, 270.15, 274.40, 268.05, 272.00, 270.80, 270.99, 28972, 78.51, 1386, 16144, 55.72
MENNPIS, BE, 25-Sep-2026, 72.88, 72.88, 74.77, 70.20, 72.99, 71.39, 72.16, 18164, 13.11, 149, -, -
MENONBE, BE, 25-Sep-2026, 293.25, 298.85, 306.00, 286.10, 301.50, 298.25, 298.33, 30108, 89.82, 580, -, -
MEP, BZ, 25-Sep-2026, 0.65, 0.66, 0.66, 0.66, 0.66, 0.66, 0.66, 15952, 0.11, 24, -, -
MERCANTILE, EQ, 25-Sep-2026, 22.59, 22.25, 22.98, 22.01, 22.79, 22.72, 22.51, 524, 0.12, 25, 488, 93.13
MERCURYEV, EQ, 25-Sep-2026, 38.87, 39.48, 40.24, 38.36, 39.31, 39.65, 39.20, 236021, 92.53, 1505, 127414, 53.98
METAL, EQ, 25-Sep-2026, 13.18, 13.24, 13.30, 13.15, 13.21, 13.22, 13.21, 1601435, 211.61, 4511, 701660, 43.81
METALIC, ST, 25-Sep-2026, 171.70, 180.25, 180.25, 180.25, 180.25, 180.25, 180.25, 70400, 126.90, 35, 70400, 100.00
METALIETF, EQ, 25-Sep-2026, 13.11, 13.26, 13.26, 12.89, 13.20, 13.18, 13.17, 2698251, 355.26, 7092, 1408848, 52.21
METROBRAND, EQ, 25-Sep-2026, 884.55, 884.85, 885.35, 856.05, 880.50, 882.00, 875.99, 120763, 1057.87, 16291, 83047, 68.77
METROGLOBL, EQ, 25-Sep-2026, 128.40, 128.80, 132.00, 127.00, 127.10, 127.60, 128.26, 962, 1.23, 28, 842, 87.53
METROPOLIS, EQ, 25-Sep-2026, 582.95, 584.95, 589.95, 572.10, 582.15, 582.60, 579.36, 130509, 756.12, 9184, 71991, 55.16
MFML, EQ, 25-Sep-2026, 19.16, 19.54, 19.54, 18.32, 19.09, 18.75, 18.77, 2763, 0.52, 34, 2485, 89.94
MFSL, EQ, 25-Sep-2026, 1410.00, 1390.00, 1463.80, 1390.00, 1458.00, 1458.00, 1444.05, 3617694, 52241.23, 145991, 1481000, 40.94
MGEL, EQ, 25-Sep-2026, 15.63, 15.79, 16.19, 15.54, 15.99, 15.99, 15.99, 3205087, 512.47, 3201, 2767529, 86.35
MGL, EQ, 25-Sep-2026, 1079.60, 1076.50, 1088.00, 1062.90, 1074.30, 1071.30, 1070.24, 104630, 1119.79, 8021, 65429, 62.53
MGSL, SM, 25-Sep-2026, 66.65, 69.00, 71.85, 69.00, 70.00, 70.00, 70.36, 12000, 8.44, 8, 12000, 100.00
MHLXMIRU, BE, 25-Sep-2026, 162.68, 162.90, 170.81, 162.80, 170.81, 170.81, 169.35, 14372, 24.34, 113, -, -
MHRIL, EQ, 25-Sep-2026, 199.71, 200.00, 201.15, 197.29, 199.00, 200.00, 199.45, 44040, 87.84, 2632, 21491, 48.80
MICEL, BE, 25-Sep-2026, 35.40, 36.10, 36.10, 36.10, 36.10, 36.10, 36.10, 78757, 28.43, 96, -, -
MID150, EQ, 25-Sep-2026, 22.90, 22.90, 23.49, 22.75, 23.25, 23.39, 22.87, 29486, 6.74, 265, 28151, 95.47
MID150BEES, EQ, 25-Sep-2026, 233.02, 234.74, 234.75, 228.68, 231.00, 231.12, 231.94, 942928, 2187.03, 17962, 520389, 55.19
MID150CASE, EQ, 25-Sep-2026, 11.33, 11.20, 11.43, 11.20, 11.38, 11.33, 11.32, 838893, 94.96, 3209, 610008, 72.72
MIDBANKADD, EQ, 25-Sep-2026, 16.86, 16.86, 16.94, 16.78, 16.84, 16.84, 16.85, 129418, 21.80, 29, 101529, 78.45
MIDCAP, EQ, 25-Sep-2026, 17.93, 18.29, 18.29, 17.75, 18.02, 17.88, 17.87, 315970, 56.48, 1169, 216610, 68.55
MIDCAPADD, EQ, 25-Sep-2026, 22.59, 23.04, 24.84, 22.42, 24.30, 23.40, 22.69, 3690, 0.84, 82, 2494, 67.59
MIDCAPBETA, EQ, 25-Sep-2026, 232.81, 228.00, 228.50, 226.00, 226.00, 227.32, 227.03, 5266, 11.96, 112, 5032, 95.56
MIDCAPETF, EQ, 25-Sep-2026, 23.00, 23.00, 23.17, 22.81, 22.98, 22.96, 22.95, 1975289, 453.32, 5632, 1587319, 80.36
MIDCAPIETF, EQ, 25-Sep-2026, 23.35, 23.23, 23.57, 23.16, 23.28, 23.31, 23.26, 798870, 185.80, 2340, 404800, 50.67
MIDHANI, EQ, 25-Sep-2026, 406.90, 407.00, 408.80, 400.05, 404.70, 405.05, 404.26, 368821, 1490.99, 12397, 138769, 37.63
MIDQ50ADD, EQ, 25-Sep-2026, 24.22, 24.16, 24.58, 24.10, 24.58, 24.23, 24.17, 6389, 1.54, 167, 4840, 75.76
MIDSELIETF, EQ, 25-Sep-2026, 19.19, 19.21, 19.24, 19.00, 19.14, 19.03, 19.12, 415830, 79.51, 937, 222163, 53.43
MIDSMALL, EQ, 25-Sep-2026, 50.98, 51.01, 51.29, 50.79, 51.13, 50.99, 50.96, 130473, 66.50, 1187, 94291, 72.27
MIDWESTLTD, EQ, 25-Sep-2026, 942.60, 942.60, 956.00, 925.80, 927.00, 929.50, 935.04, 45309, 423.66, 5111, 26933, 59.44
MIEL, SM, 25-Sep-2026, 12.90, 12.90, 12.90, 12.90, 12.90, 12.90, 12.90, 2000, 0.26, 1, 2000, 100.00
MIIL, EQ, 25-Sep-2026, 703.90, 706.05, 710.00, 695.10, 705.00, 704.00, 701.89, 40352, 283.23, 1045, 15961, 39.55
MILKYMIST, BE, 25-Sep-2026, 309.16, 314.90, 323.60, 309.70, 319.97, 319.30, 316.63, 1037723, 3285.77, 13625, -, -
MILTON, SM, 25-Sep-2026, 34.40, 34.40, 35.10, 34.40, 35.10, 35.10, 34.64, 519200, 179.87, 11, 519200, 100.00
MINALIND, BE, 25-Sep-2026, 4.77, 4.68, 4.68, 4.68, 4.68, 4.68, 4.68, 2281, 0.11, 23, -, -
MINDACORP, EQ, 25-Sep-2026, 680.30, 680.30, 686.30, 674.80, 682.00, 678.85, 679.38, 74927, 509.04, 10539, 41877, 55.89
MINDSPACE, RR, 25-Sep-2026, 504.59, 505.79, 525.50, 504.59, 508.00, 508.08, 508.02, 150483, 764.49, 4489, 125415, 83.34
MINDTECK, EQ, 25-Sep-2026, 155.37, 158.25, 159.75, 155.00, 157.80, 156.55, 156.18, 10484, 16.37, 539, 5888, 56.16
MIRZAINT, EQ, 25-Sep-2026, 28.90, 28.60, 29.29, 28.60, 28.90, 28.92, 28.93, 107153, 31.00, 809, 58959, 55.02
MITCON, EQ, 25-Sep-2026, 89.25, 90.65, 92.00, 86.00, 86.50, 86.77, 88.41, 31191, 27.57, 337, 18023, 57.78
MITTAL, EQ, 25-Sep-2026, 0.74, 0.75, 0.75, 0.70, 0.73, 0.71, 0.72, 4082181, 29.55, 702, 3321196, 81.36
MKEXIM, EQ, 25-Sep-2026, 68.64, 70.01, 70.01, 66.36, 70.00, 69.84, 68.67, 30682, 21.07, 402, 22206, 72.37
MKPL, EQ, 25-Sep-2026, 4.01, 4.06, 4.06, 3.99, 4.04, 4.03, 4.02, 33897, 1.36, 213, 20809, 61.39
MLKFOOD, EQ, 25-Sep-2026, 83.12, 83.12, 83.12, 80.10, 82.10, 82.56, 82.11, 2586, 2.12, 56, 1800, 69.61
MMEL, SM, 25-Sep-2026, 29.80, 30.00, 30.00, 28.80, 28.80, 28.80, 29.50, 6000, 1.77, 3, 6000, 100.00
MMFL, EQ, 25-Sep-2026, 612.75, 605.00, 627.90, 605.00, 617.50, 616.15, 617.51, 47442, 292.96, 4102, 19875, 41.89
MMP, EQ, 25-Sep-2026, 453.95, 456.00, 464.60, 448.60, 464.00, 460.25, 456.23, 37919, 173.00, 2272, 14585, 38.46
MMTC, EQ, 25-Sep-2026, 57.97, 58.30, 58.72, 57.51, 58.35, 58.35, 58.07, 961605, 558.45, 7546, 277488, 28.86
MMWL, EQ, 25-Sep-2026, 14.38, 14.98, 15.09, 14.52, 15.09, 15.09, 15.08, 180905, 27.28, 103, 179856, 99.42
MNC, EQ, 25-Sep-2026, 32.27, 32.25, 32.35, 32.12, 32.31, 32.20, 32.21, 25150, 8.10, 388, 15640, 62.19
MOALPHA50, EQ, 25-Sep-2026, 55.01, 55.00, 55.04, 54.11, 54.12, 54.59, 54.74, 7364, 4.03, 92, 5033, 68.35
MOBANK10, EQ, 25-Sep-2026, 16.35, 16.35, 16.67, 16.35, 16.67, 16.66, 16.43, 16590, 2.73, 51, 12841, 77.40
MOBIKWIK, EQ, 25-Sep-2026, 203.80, 203.01, 203.31, 198.80, 200.48, 200.62, 200.66, 832129, 1669.73, 10177, 356642, 42.86
MOBILISE, SM, 25-Sep-2026, 103.45, 103.45, 103.45, 103.45, 103.45, 103.45, 103.45, 1600, 1.66, 1, 1600, 100.00
MOCAPITAL, EQ, 25-Sep-2026, 53.18, 53.58, 53.58, 52.72, 52.96, 52.97, 52.98, 421273, 223.17, 2399, 207728, 49.31
MODEFENCE, EQ, 25-Sep-2026, 102.77, 102.78, 103.52, 101.30, 103.50, 103.08, 102.83, 882029, 906.98, 6078, 439101, 49.78
MODINATUR, EQ, 25-Sep-2026, 338.50, 349.75, 353.00, 333.05, 339.00, 338.70, 343.62, 6592, 22.65, 255, 3891, 59.03
MODIRUBBER, EQ, 25-Sep-2026, 119.99, 118.00, 122.40, 117.01, 121.88, 121.62, 121.17, 1008, 1.22, 42, 694, 68.85
MODIS, EQ, 25-Sep-2026, 363.20, 362.15, 369.00, 357.05, 362.00, 363.10, 362.53, 19718, 71.48, 810, 13541, 68.67
MODISONLTD, BE, 25-Sep-2026, 457.35, 448.00, 458.90, 436.50, 445.00, 444.05, 442.76, 75555, 334.53, 1274, -, -
MODTHREAD, EQ, 25-Sep-2026, 47.24, 47.49, 48.49, 46.99, 47.80, 47.32, 47.30, 1995, 0.94, 68, 1595, 79.95
MOENERGY, EQ, 25-Sep-2026, 37.50, 37.67, 37.75, 37.40, 37.70, 37.64, 37.60, 58932, 22.16, 458, 38389, 65.14
MOGOLD, EQ, 25-Sep-2026, 147.60, 148.55, 149.10, 147.85, 149.00, 148.70, 148.42, 8891, 13.20, 285, 4833, 54.36
MOGSEC, EQ, 25-Sep-2026, 64.72, 64.72, 65.54, 64.52, 65.34, 65.32, 65.22, 18488, 12.06, 141, 17016, 92.04
MOHEALTH, EQ, 25-Sep-2026, 52.55, 53.00, 53.07, 52.27, 52.54, 52.40, 52.52, 40177, 21.10, 500, 33440, 83.23
MOHITE, EQ, 25-Sep-2026, 2.41, 2.42, 2.46, 2.37, 2.42, 2.37, 2.40, 27764, 0.67, 126, 24209, 87.20
MOHITIND, EQ, 25-Sep-2026, 23.67, 23.97, 23.97, 22.56, 23.00, 23.00, 23.07, 2135, 0.49, 56, 1573, 73.68
MOIL, EQ, 25-Sep-2026, 245.38, 245.50, 245.97, 241.00, 241.98, 241.88, 242.49, 304344, 738.00, 8197, 132795, 43.63
MOINFRA, EQ, 25-Sep-2026, 58.00, 56.55, 58.58, 56.55, 57.71, 57.92, 57.77, 6539, 3.78, 47, 6482, 99.13
MOIPO, EQ, 25-Sep-2026, 47.62, 47.70, 47.70, 47.00, 47.50, 47.42, 47.40, 2497, 1.18, 50, 2488, 99.64
MOKSH, EQ, 25-Sep-2026, 9.92, 9.88, 10.09, 9.88, 9.90, 9.92, 9.93, 45888, 4.56, 128, 40725, 88.75
MOL, EQ, 25-Sep-2026, 59.56, 59.90, 60.40, 57.50, 58.77, 58.52, 58.47, 1117006, 653.10, 7784, 582639, 52.16
MOLBIO, EQ, 25-Sep-2026, 1246.20, 1247.50, 1259.60, 1216.60, 1250.00, 1246.00, 1238.72, 538647, 6672.32, 29957, 103660, 19.24
MOLDTECH, BE, 25-Sep-2026, 199.20, 201.00, 208.88, 195.00, 200.00, 200.08, 200.32, 23826, 47.73, 315, -, -
MOLDTKPAC, EQ, 25-Sep-2026, 672.95, 677.00, 684.95, 661.05, 675.10, 669.85, 668.00, 25483, 170.23, 2756, 12083, 47.42
MOLOWVOL, EQ, 25-Sep-2026, 35.13, 35.03, 35.07, 34.80, 34.85, 34.92, 34.87, 2153, 0.75, 34, 1781, 82.72
MOM100, EQ, 25-Sep-2026, 65.89, 65.89, 67.50, 65.29, 67.39, 66.36, 65.73, 501249, 329.45, 2617, 250193, 49.91
MOM30IETF, EQ, 25-Sep-2026, 30.80, 30.95, 30.97, 30.60, 30.61, 30.66, 30.72, 286765, 88.11, 1695, 181882, 63.43
MOM50, EQ, 25-Sep-2026, 242.03, 242.44, 242.78, 241.59, 242.30, 242.31, 242.12, 5015, 12.14, 99, 4476, 89.25
MOMENTUM, EQ, 25-Sep-2026, 30.67, 31.28, 31.28, 30.42, 30.62, 30.63, 30.65, 20064, 6.15, 189, 14212, 70.83
MOMENTUM30, EQ, 25-Sep-2026, 30.26, 30.26, 31.20, 30.10, 30.30, 30.69, 30.15, 94863, 28.60, 192, 77669, 81.87
MOMENTUM50, EQ, 25-Sep-2026, 53.46, 53.72, 53.89, 53.16, 53.80, 53.46, 53.43, 293448, 156.80, 16684, 169860, 57.88
MOMETAL, EQ, 25-Sep-2026, 13.95, 13.47, 13.97, 13.05, 13.14, 13.15, 13.20, 215867, 28.49, 321, 91085, 42.19
MOMGF, EQ, 25-Sep-2026, 159.40, 158.86, 160.40, 157.56, 160.40, 159.97, 158.34, 739, 1.17, 25, 678, 91.75
MOMIDMTM, EQ, 25-Sep-2026, 63.67, 63.79, 63.80, 62.90, 63.80, 63.53, 63.27, 64203, 40.62, 333, 52508, 81.78
MOMMIDCAP, EQ, 25-Sep-2026, 12.79, 12.82, 12.83, 12.70, 12.77, 12.76, 12.76, 740388, 94.50, 537, 657407, 88.79
MOMNC, EQ, 25-Sep-2026, 31.05, 31.67, 31.67, 31.11, 31.35, 31.35, 31.14, 7795, 2.43, 19, 7618, 97.73
MOMOMENTUM, EQ, 25-Sep-2026, 61.13, 61.43, 61.85, 60.85, 61.00, 61.00, 61.05, 37882, 23.13, 355, 18475, 48.77
MOMSBELIEF, EQ, 25-Sep-2026, 222.44, 222.25, 234.00, 220.05, 232.05, 232.85, 229.56, 120424, 276.45, 3269, 54197, 45.01
MON100, EQ, 25-Sep-2026, 322.80, 322.80, 329.00, 322.55, 324.38, 324.11, 324.36, 508774, 1650.27, 15649, 313635, 61.65
MON50EQUAL, EQ, 25-Sep-2026, 32.28, 32.42, 32.95, 32.00, 32.05, 32.13, 32.12, 42459, 13.64, 105, 28459, 67.03
MONARCH, EQ, 25-Sep-2026, 365.60, 365.15, 365.15, 358.85, 364.00, 362.75, 362.03, 27569, 99.81, 1014, 16757, 60.78
MONEXT50, EQ, 25-Sep-2026, 71.55, 70.74, 72.62, 70.69, 71.99, 71.52, 71.51, 3085, 2.21, 63, 1537, 49.82
MONEYBOXX, EQ, 25-Sep-2026, 53.90, 55.30, 55.30, 51.21, 51.21, 51.21, 51.73, 27305, 14.12, 221, 21275, 77.92
MONIFTY100, EQ, 25-Sep-2026, 24.45, 24.45, 25.00, 24.19, 25.00, 24.50, 24.34, 94056, 22.89, 81, 14583, 15.50
MONIFTY500, EQ, 25-Sep-2026, 23.18, 23.42, 23.42, 23.03, 23.21, 23.19, 23.13, 353444, 81.75, 1266, 249585, 70.62
MONOLITH, SM, 25-Sep-2026, 1179.55, 1195.00, 1279.00, 1195.00, 1279.00, 1269.65, 1244.01, 53500, 665.54, 161, 34000, 63.55
MONOPHARMA, SM, 25-Sep-2026, 8.20, 8.60, 8.60, 8.60, 8.60, 8.60, 8.60, 10000, 0.86, 5, 10000, 100.00
MONQ50, EQ, 25-Sep-2026, 209.44, 214.67, 240.85, 209.44, 216.00, 214.61, 224.46, 2101057, 4715.97, 39498, 673692, 32.06
MONTECARLO, EQ, 25-Sep-2026, 516.50, 520.00, 525.00, 515.80, 524.90, 524.10, 521.83, 28282, 147.58, 1135, 15469, 54.70
MOOILGAS, EQ, 25-Sep-2026, 10.89, 11.15, 11.15, 10.84, 10.89, 10.89, 10.86, 4833, 0.53, 59, 2871, 59.40
MOPSE, EQ, 25-Sep-2026, 97.57, 95.62, 97.57, 95.62, 97.57, 97.57, 97.10, 3126, 3.04, 26, 2631, 84.17
MOQUALITY, EQ, 25-Sep-2026, 193.41, 195.34, 209.00, 191.91, 209.00, 207.59, 197.11, 226, 0.45, 26, 163, 72.12
MOREALTY, EQ, 25-Sep-2026, 86.57, 86.49, 87.50, 86.33, 87.47, 87.07, 86.80, 270062, 234.40, 1470, 151795, 56.21
MOREPENLAB, EQ, 25-Sep-2026, 116.60, 117.30, 121.00, 117.00, 120.60, 120.38, 119.27, 8996779, 10730.38, 36703, 2633247, 29.27
MOS, SM, 25-Sep-2026, 7.65, 8.00, 8.00, 7.70, 8.00, 8.00, 7.98, 2092000, 166.94, 280, 1804000, 86.23
MOSCHIP, EQ, 25-Sep-2026, 203.24, 203.00, 205.34, 201.31, 204.09, 204.07, 203.40, 750714, 1526.96, 10837, 276399, 36.82
MOSERVICE, EQ, 25-Sep-2026, 29.72, 29.85, 30.00, 29.64, 30.00, 29.82, 29.79, 4761, 1.42, 33, 4641, 97.48
MOSILVER, EQ, 25-Sep-2026, 223.45, 225.28, 226.48, 222.86, 225.62, 226.00, 225.52, 37324, 84.17, 1131, 19253, 51.58
MOSMALL250, EQ, 25-Sep-2026, 18.25, 18.34, 18.45, 18.16, 18.45, 18.33, 18.30, 1573028, 287.82, 1936, 1371458, 87.19
MOTHERSON, EQ, 25-Sep-2026, 162.50, 162.60, 166.22, 160.72, 165.71, 165.71, 163.28, 14239797, 23250.84, 55301, 7291227, 51.20
MOTILALOFS, EQ, 25-Sep-2026, 1022.00, 1020.00, 1047.00, 1019.40, 1029.00, 1029.00, 1036.39, 866039, 8975.50, 40322, 289618, 33.44
MOTISONS, EQ, 25-Sep-2026, 18.79, 18.89, 19.48, 17.62, 17.87, 17.85, 18.53, 119558121, 22152.53, 167805, 19567028, 16.37
MOTOGENFIN, EQ, 25-Sep-2026, 25.70, 26.21, 27.00, 25.60, 26.44, 25.92, 26.26, 40987, 10.76, 315, 8195, 19.99
MOTOUR, EQ, 25-Sep-2026, 77.14, 78.00, 78.00, 76.34, 77.90, 76.70, 76.91, 7082, 5.45, 124, 5112, 72.18
MOVALUE, EQ, 25-Sep-2026, 110.69, 110.67, 110.84, 110.11, 110.40, 110.69, 110.62, 29317, 32.43, 501, 19419, 66.24
MPDL, BE, 25-Sep-2026, 28.05, 28.05, 28.05, 28.05, 28.05, 28.05, 28.05, 55, 0.02, 1, -, -
MPEL, SM, 25-Sep-2026, 24.25, 25.40, 25.45, 24.30, 25.25, 25.25, 25.27, 16000, 4.04, 10, 12800, 80.00
MPHASIS, EQ, 25-Sep-2026, 2248.20, 2235.00, 2240.00, 2203.60, 2234.00, 2234.00, 2225.59, 197680, 4399.55, 19367, 63575, 32.16
MPIMANIPAL, EQ, 25-Sep-2026, 359.95, 359.95, 369.95, 347.60, 355.50, 360.40, 358.87, 1047464, 3759.07, 30361, 389586, 37.19
MPSLTD, EQ, 25-Sep-2026, 2617.00, 2600.00, 2679.00, 2596.80, 2678.00, 2666.90, 2637.42, 5474, 144.37, 1302, 3525, 64.40
MRF, EQ, 25-Sep-2026, 123985.00, 124480.00, 124480.00, 123440.00, 123885.00, 124035.00, 123948.62, 2338, 2897.92, 1284, 1244, 53.21
MRPL, EQ, 25-Sep-2026, 164.49, 164.45, 166.39, 162.76, 164.70, 164.60, 164.24, 3244699, 5329.12, 30500, 669705, 20.64
MSCI360, EQ, 25-Sep-2026, 9.88, 9.88, 9.88, 9.72, 9.83, 9.74, 9.75, 13737, 1.34, 47, 13737, 100.00
MSCIADD, EQ, 25-Sep-2026, 28.55, 28.51, 31.38, 28.37, 28.40, 28.58, 28.51, 382, 0.11, 13, 86, 22.51
MSCIINDIA, EQ, 25-Sep-2026, 28.83, 28.85, 29.08, 28.73, 28.76, 28.86, 28.79, 6659, 1.92, 180, 4945, 74.26
MSL, EQ, 25-Sep-2026, 136.00, 136.10, 137.00, 136.00, 136.00, 136.00, 136.07, 67, 0.09, 6, 67, 100.00
MSPL, EQ, 25-Sep-2026, 34.92, 34.80, 34.85, 33.60, 33.70, 33.73, 33.98, 848940, 288.50, 2653, 602183, 70.93
MSTCLTD, EQ, 25-Sep-2026, 738.05, 740.00, 754.00, 715.60, 735.05, 740.80, 737.08, 418504, 3084.70, 20736, 131589, 31.44
MSUMI, EQ, 25-Sep-2026, 34.70, 34.70, 34.74, 34.22, 34.26, 34.29, 34.39, 11196717, 3850.36, 31307, 7279826, 65.02
MTARTECH, BE, 25-Sep-2026, 7050.00, 6900.00, 6998.00, 6750.50, 6900.00, 6900.00, 6864.70, 190986, 13110.62, 37802, -, -
MTEDUCARE, BE, 25-Sep-2026, 1.69, 1.77, 1.77, 1.63, 1.70, 1.70, 1.65, 7597, 0.13, 38, -, -
MTNL, EQ, 25-Sep-2026, 23.81, 23.99, 23.99, 23.57, 23.60, 23.61, 23.67, 400259, 94.75, 1984, 179354, 44.81
MUFIN, EQ, 25-Sep-2026, 131.82, 132.42, 133.45, 131.10, 132.46, 133.02, 132.50, 422205, 559.43, 2950, 176461, 41.80
MUFTI, EQ, 25-Sep-2026, 72.54, 72.25, 73.46, 71.72, 72.25, 72.14, 72.13, 31152, 22.47, 541, 17305, 55.55
MUKANDLTD, EQ, 25-Sep-2026, 155.26, 154.04, 167.95, 152.00, 167.20, 167.05, 163.22, 1109036, 1810.13, 12583, 436664, 39.37
MUKESHB, EQ, 25-Sep-2026, 127.00, 131.90, 131.90, 131.50, 131.50, 131.50, 131.57, 600, 0.79, 2, 600, 100.00
MUKKA, BE, 25-Sep-2026, 27.04, 26.90, 27.75, 26.65, 27.30, 27.40, 27.24, 210332, 57.30, 807, -, -
MUKTAARTS, BE, 25-Sep-2026, 57.40, 58.98, 58.98, 55.15, 57.49, 56.21, 55.82, 516, 0.29, 12, -, -
MULTICAP, EQ, 25-Sep-2026, 16.31, 16.31, 16.35, 16.24, 16.29, 16.29, 16.29, 48576, 7.91, 464, 42559, 87.61
MUNJALAU, EQ, 25-Sep-2026, 105.34, 105.70, 109.80, 104.52, 109.55, 109.02, 107.68, 477592, 514.26, 9666, 183432, 38.41
MUNJALSHOW, EQ, 25-Sep-2026, 128.90, 129.07, 129.96, 127.42, 129.60, 129.20, 128.90, 23637, 30.47, 739, 11022, 46.63
MURUDCERA, EQ, 25-Sep-2026, 28.57, 29.00, 29.19, 28.56, 28.80, 28.89, 28.89, 4317, 1.25, 72, 3753, 86.94
MUTHOOTCAP, EQ, 25-Sep-2026, 231.03, 236.00, 236.00, 223.99, 226.50, 226.16, 226.32, 10162, 23.00, 417, 5481, 53.94
MUTHOOTFIN, EQ, 25-Sep-2026, 2825.30, 2830.00, 2839.60, 2808.00, 2835.00, 2835.00, 2824.99, 312523, 8828.76, 38458, 191336, 61.22
MUTHOOTMF, EQ, 25-Sep-2026, 183.40, 184.50, 184.50, 179.60, 182.00, 181.56, 181.23, 309028, 560.04, 4065, 183476, 59.37
MVELECTRO, EQ, 25-Sep-2026, 818.50, 819.00, 828.00, 786.70, 811.00, 813.80, 809.10, 922003, 7459.91, 27524, 159737, 17.32
MVGJL, EQ, 25-Sep-2026, 214.80, 214.70, 228.85, 212.35, 222.85, 224.38, 222.60, 903282, 2010.71, 16751, 329729, 36.50
MVKAGRO, SM, 25-Sep-2026, 219.95, 230.90, 230.90, 224.50, 230.80, 230.90, 230.85, 1148700, 2651.81, 491, 1048800, 91.30
MWL, EQ, 25-Sep-2026, 43.86, 44.26, 44.26, 42.50, 43.26, 43.07, 43.49, 269047, 117.00, 2034, 158389, 58.87
MYMUDRA, SM, 25-Sep-2026, 71.30, 68.05, 68.20, 68.00, 68.20, 68.20, 68.12, 6000, 4.09, 4, 4800, 80.00
MYSORPETRO, BE, 25-Sep-2026, 127.20, 129.80, 129.80, 123.10, 128.99, 128.99, 127.38, 2978, 3.79, 42, -, -
NACLIND, EQ, 25-Sep-2026, 139.33, 140.98, 141.55, 137.40, 140.00, 139.67, 139.26, 386366, 538.07, 6520, 162773, 42.13
NAGREEKCAP, EQ, 25-Sep-2026, 29.55, 30.75, 31.35, 27.17, 27.61, 28.06, 29.87, 138167, 41.27, 843, 77956, 56.42
NAGREEKEXP, EQ, 25-Sep-2026, 24.02, 25.40, 25.90, 23.15, 23.30, 23.47, 24.33, 57115, 13.90, 541, 30416, 53.25
NAHARCAP, EQ, 25-Sep-2026, 248.00, 252.00, 252.00, 246.00, 248.80, 248.70, 247.49, 331, 0.82, 26, 270, 81.57
NAHARINDUS, EQ, 25-Sep-2026, 128.71, 130.55, 134.00, 130.00, 132.05, 132.90, 131.60, 10061, 13.24, 236, 7426, 73.81
NAHARPOLY, EQ, 25-Sep-2026, 226.47, 233.00, 243.98, 226.25, 226.26, 227.68, 228.78, 1599, 3.66, 126, 977, 61.10
NAHARSPING, EQ, 25-Sep-2026, 270.60, 271.15, 272.60, 264.05, 270.25, 269.95, 268.43, 8044, 21.59, 423, 4411, 54.84
NAM-INDIA, EQ, 25-Sep-2026, 1144.90, 1144.00, 1161.50, 1130.00, 1157.00, 1157.00, 1150.50, 752030, 8652.08, 20342, 421056, 55.99
NAMAN, SM, 25-Sep-2026, 46.30, 48.45, 48.60, 48.45, 48.60, 48.60, 48.58, 13600, 6.61, 15, 12000, 88.24
NAMOEWASTE, SM, 25-Sep-2026, 295.25, 299.00, 329.50, 291.00, 329.00, 328.00, 319.93, 137600, 440.23, 168, 72000, 52.33
NARMADA, EQ, 25-Sep-2026, 13.24, 13.60, 14.20, 13.10, 13.43, 13.37, 13.63, 1844506, 251.39, 3547, 559122, 30.31
NATCAPSUQ, BE, 25-Sep-2026, 168.90, 169.00, 171.98, 168.75, 171.98, 169.52, 169.01, 528, 0.89, 15, -, -
NATCOPHARM, EQ, 25-Sep-2026, 842.00, 844.00, 850.10, 834.25, 836.90, 839.30, 841.70, 369981, 3114.13, 25419, 161736, 43.71
NATHBIOGEN, EQ, 25-Sep-2026, 150.21, 151.00, 154.90, 148.50, 148.56, 149.35, 151.70, 9940, 15.08, 347, 5508, 55.41
NATIONALUM, EQ, 25-Sep-2026, 358.40, 360.60, 362.90, 357.05, 358.70, 358.70, 359.32, 1869148, 6716.21, 34643, 728866, 38.99
NATIONSTD, EQ, 25-Sep-2026, 115.11, 118.90, 118.90, 114.90, 116.80, 116.15, 115.73, 15391, 17.81, 277, 12985, 84.37
NAUKRI, EQ, 25-Sep-2026, 1224.00, 1216.40, 1259.00, 1215.40, 1254.80, 1254.80, 1243.32, 1135428, 14116.97, 34388, 396309, 34.90
NAVA, EQ, 25-Sep-2026, 557.00, 552.25, 563.00, 548.20, 549.00, 551.45, 555.20, 450107, 2499.00, 17758, 260674, 57.91
NAVINFLUOR, EQ, 25-Sep-2026, 8461.00, 8488.50, 8600.00, 8467.00, 8572.00, 8584.50, 8546.39, 107462, 9184.12, 24116, 64971, 60.46
NAVKARCORP, EQ, 25-Sep-2026, 87.82, 88.25, 88.45, 86.82, 88.40, 88.21, 87.64, 149406, 130.94, 2313, 79263, 53.05
NAVKARURB, EQ, 25-Sep-2026, 0.91, 0.91, 0.93, 0.88, 0.90, 0.89, 0.91, 622237, 5.66, 277, 498341, 80.09
NAVNETEDUL, EQ, 25-Sep-2026, 123.40, 122.75, 124.02, 122.43, 123.63, 122.76, 122.95, 70780, 87.03, 876, 52072, 73.57
NAZARA, EQ, 25-Sep-2026, 374.55, 376.80, 384.50, 374.15, 377.90, 376.45, 379.93, 2396562, 9105.24, 26234, 830363, 34.65
NBCC, EQ, 25-Sep-2026, 82.34, 82.23, 83.11, 81.73, 82.86, 82.86, 82.42, 3865127, 3185.50, 20907, 1433669, 37.09
NBIFIN, EQ, 25-Sep-2026, 1923.70, 1936.20, 1964.00, 1920.20, 1920.20, 1926.40, 1941.32, 59, 1.15, 19, 32, 54.24
NCC, EQ, 25-Sep-2026, 133.42, 134.13, 134.13, 131.05, 132.98, 132.82, 132.29, 2118247, 2802.21, 24930, 1057018, 49.90
NCLIND, EQ, 25-Sep-2026, 176.07, 176.07, 182.00, 176.07, 179.76, 179.26, 179.32, 50784, 91.07, 2332, 29317, 57.73
NDGL, EQ, 25-Sep-2026, 2576.00, 2583.10, 2583.10, 2570.00, 2575.60, 2575.60, 2576.97, 41, 1.06, 29, 38, 92.68
NDL, EQ, 25-Sep-2026, 2.69, 2.70, 2.73, 2.51, 2.63, 2.61, 2.63, 1326115, 34.85, 1519, 798633, 60.22
NDLVENTURE, EQ, 25-Sep-2026, 122.25, 123.75, 124.90, 116.10, 117.88, 119.69, 121.27, 7489, 9.08, 239, 5305, 70.84
NDRAUTO, EQ, 25-Sep-2026, 754.20, 760.05, 760.05, 743.05, 745.00, 746.60, 746.77, 10850, 81.02, 661, 7278, 67.08
NDTV, EQ, 25-Sep-2026, 69.93, 69.93, 71.90, 69.61, 69.80, 70.08, 70.36, 27919, 19.64, 807, 15299, 54.80
NECCLTD, BE, 25-Sep-2026, 19.39, 19.00, 19.78, 19.00, 19.43, 19.18, 19.26, 26443, 5.09, 115, -, -
NECLIFE, EQ, 25-Sep-2026, 10.88, 10.90, 11.00, 10.61, 10.85, 10.84, 10.79, 103563, 11.17, 294, 76506, 73.87
NELCAST, EQ, 25-Sep-2026, 108.89, 110.76, 120.30, 109.00, 119.99, 118.39, 116.40, 702669, 817.92, 7129, 341034, 48.53
NELCO, EQ, 25-Sep-2026, 993.05, 996.90, 1003.00, 972.35, 979.20, 976.50, 984.90, 127194, 1252.73, 6216, 45133, 35.48
NEOCHEM, SM, 25-Sep-2026, 104.75, 108.10, 108.10, 103.00, 106.60, 106.20, 105.34, 19200, 20.23, 15, 15600, 81.25
NEOGEN, EQ, 25-Sep-2026, 2326.10, 2325.90, 2409.00, 2325.90, 2377.00, 2385.20, 2377.12, 163069, 3876.35, 25117, 67407, 41.34
NEPHROCARE, SM, 25-Sep-2026, 96.45, 96.00, 96.00, 85.20, 93.80, 93.55, 91.65, 20000, 18.33, 44, 12800, 64.00
NEPHROPLUS, EQ, 25-Sep-2026, 709.50, 715.00, 719.00, 693.70, 696.50, 696.65, 699.52, 592871, 4147.25, 15796, 454580, 76.67
NEPTUNE, SM, 25-Sep-2026, 183.10, 183.10, 190.00, 183.10, 183.10, 183.10, 184.84, 6500, 12.01, 10, 6000, 92.31
NESCO, EQ, 25-Sep-2026, 1073.50, 1073.50, 1096.80, 1060.30, 1066.30, 1070.30, 1073.63, 27868, 299.20, 3623, 11446, 41.07
NESTLEIND, EQ, 25-Sep-2026, 1351.00, 1357.00, 1362.60, 1348.30, 1362.60, 1362.60, 1356.12, 382857, 5191.99, 21157, 201803, 52.71
NETF, EQ, 25-Sep-2026, 255.10, 253.90, 254.69, 250.91, 254.65, 253.62, 252.02, 2003, 5.05, 140, 1325, 66.15
NETWEB, EQ, 25-Sep-2026, 4661.50, 4675.00, 4710.00, 4522.00, 4559.00, 4545.00, 4603.94, 696170, 32051.24, 63397, 189579, 27.23
NETWORK18, EQ, 25-Sep-2026, 26.97, 26.96, 27.00, 26.47, 26.70, 26.75, 26.69, 2897376, 773.43, 7199, 1361608, 46.99
NEUEON, BE, 25-Sep-2026, 13.71, 14.39, 14.39, 14.39, 14.39, 14.39, 14.39, 14637, 2.11, 31, -, -
NEULANDLAB, EQ, 25-Sep-2026, 21905.00, 22100.00, 22660.00, 21800.00, 21930.00, 21890.00, 22151.49, 41988, 9300.97, 16655, 16358, 38.96
NEWGEN, EQ, 25-Sep-2026, 493.60, 490.75, 493.50, 483.35, 486.15, 485.30, 486.94, 345857, 1684.13, 13822, 144579, 41.80
NEWJAISA, ST, 25-Sep-2026, 17.45, 17.00, 17.65, 17.00, 17.65, 17.65, 17.52, 7500, 1.31, 5, 7500, 100.00
NEXT30ADD, EQ, 25-Sep-2026, 41.85, 41.94, 41.95, 41.56, 41.75, 41.92, 41.71, 5797, 2.42, 150, 5050, 87.11
NEXT50, EQ, 25-Sep-2026, 738.93, 738.43, 743.94, 736.41, 742.96, 741.58, 739.91, 61149, 452.45, 6451, 46383, 75.85
NEXT50ADD, EQ, 25-Sep-2026, 71.86, 72.09, 73.95, 71.74, 73.18, 72.22, 72.06, 610, 0.44, 27, 234, 38.36
NEXT50BETA, EQ, 25-Sep-2026, 77.47, 77.47, 78.04, 76.81, 77.75, 77.65, 77.41, 396987, 307.31, 3364, 372949, 93.94
NEXT50ETF, EQ, 25-Sep-2026, 72.12, 72.01, 74.70, 71.65, 73.20, 73.76, 72.30, 12521, 9.05, 179, 5690, 45.44
NEXT50IETF, EQ, 25-Sep-2026, 75.59, 75.58, 76.10, 75.24, 76.10, 75.81, 75.65, 1360948, 1029.58, 6935, 1072141, 78.78
NEXTMEDIA, EQ, 25-Sep-2026, 3.62, 3.80, 3.80, 3.62, 3.76, 3.75, 3.74, 5321, 0.20, 58, 4824, 90.66
NFL, EQ, 25-Sep-2026, 66.72, 66.22, 66.90, 65.91, 66.83, 66.67, 66.38, 440381, 292.32, 3070, 152430, 34.61
NGIL, EQ, 25-Sep-2026, 39.33, 40.20, 41.00, 35.55, 41.00, 39.50, 38.31, 95109, 36.44, 443, 60570, 63.68
NGLFINE, EQ, 25-Sep-2026, 2894.90, 2975.50, 2980.00, 2844.30, 2881.00, 2906.10, 2915.43, 6224, 181.46, 1562, 1958, 31.46
NH, EQ, 25-Sep-2026, 1877.70, 1884.50, 1884.50, 1849.60, 1872.00, 1861.40, 1862.84, 88949, 1656.98, 11882, 47482, 53.38
NHIT, IV, 25-Sep-2026, 170.00, 169.90, 169.90, 169.90, 169.90, 169.90, 169.90, 325000, 552.18, 3, 325000, 100.00
NHPC, EQ, 25-Sep-2026, 76.25, 76.17, 76.32, 75.42, 76.00, 76.00, 75.80, 6481994, 4913.42, 29780, 3258526, 50.27
NIACL, EQ, 25-Sep-2026, 180.40, 180.40, 180.41, 175.80, 176.39, 176.60, 177.27, 1637051, 2902.07, 22291, 447112, 27.31
NIBE, EQ, 25-Sep-2026, 1297.20, 1309.90, 1309.90, 1251.10, 1260.00, 1261.40, 1268.27, 47604, 603.75, 4134, 24872, 52.25
NIBL, EQ, 25-Sep-2026, 32.61, 33.17, 33.73, 31.76, 31.89, 32.65, 32.76, 7942, 2.60, 129, 6614, 83.28
NICCOPAR, EQ, 25-Sep-2026, 80.49, 80.49, 82.90, 80.00, 82.90, 82.48, 80.96, 1076, 0.87, 31, 1072, 99.63
NIDAN, SM, 25-Sep-2026, 13.15, 13.15, 13.30, 13.00, 13.30, 13.30, 13.08, 6000, 0.79, 6, 6000, 100.00
NIF100BEES, EQ, 25-Sep-2026, 257.89, 259.58, 260.90, 256.73, 260.90, 258.25, 258.08, 50901, 131.36, 552, 43589, 85.63
NIF100IETF, EQ, 25-Sep-2026, 27.15, 27.02, 27.18, 27.00, 27.16, 27.16, 27.13, 65601, 17.80, 1157, 33668, 51.32
NIF500BETA, EQ, 25-Sep-2026, 36.24, 36.41, 36.44, 36.14, 36.19, 36.19, 36.31, 2766, 1.00, 10, 2764, 99.93
NIFTY1, EQ, 25-Sep-2026, 257.16, 263.58, 263.58, 250.00, 257.80, 257.49, 257.11, 66135, 170.04, 1265, 33081, 50.02
NIFTY100EW, EQ, 25-Sep-2026, 34.19, 34.48, 34.63, 33.83, 34.08, 34.09, 34.10, 49398, 16.84, 382, 33126, 67.06
NIFTYADD, EQ, 25-Sep-2026, 243.80, 244.37, 244.37, 243.12, 244.00, 244.21, 243.89, 2689, 6.56, 110, 2179, 81.03
NIFTYAXIS, EQ, 25-Sep-2026, 257.37, 262.52, 262.52, 255.50, 261.00, 258.99, 256.57, 5460, 14.01, 192, 3816, 69.89
NIFTYBEES, EQ, 25-Sep-2026, 263.99, 264.98, 265.66, 263.05, 264.00, 264.13, 263.73, 5254198, 13856.71, 84447, 3449172, 65.65
NIFTYBETA, EQ, 25-Sep-2026, 256.77, 258.36, 258.36, 255.39, 257.07, 256.69, 256.10, 66583, 170.52, 457, 32126, 48.25
NIFTYBETF, EQ, 25-Sep-2026, 238.03, 238.14, 239.35, 237.24, 239.35, 239.10, 238.13, 1388, 3.31, 100, 905, 65.20
NIFTYCASE, EQ, 25-Sep-2026, 9.31, 9.54, 9.54, 9.20, 9.32, 9.30, 9.29, 701336, 65.17, 1758, 626752, 89.37
NIFTYETF, EQ, 25-Sep-2026, 251.57, 251.57, 252.55, 251.00, 252.36, 252.15, 251.75, 172650, 434.65, 881, 139679, 80.90
NIFTYIETF, EQ, 25-Sep-2026, 262.34, 264.00, 264.00, 261.55, 262.87, 262.67, 262.28, 556853, 1460.51, 10450, 325630, 58.48
NIFTYJBLK, EQ, 25-Sep-2026, 11.84, 12.13, 12.13, 11.79, 11.98, 11.92, 11.85, 120115, 14.24, 749, 82195, 68.43
NIFTYQLITY, EQ, 25-Sep-2026, 20.34, 20.50, 20.50, 20.27, 20.37, 20.37, 20.39, 17402, 3.55, 155, 15039, 86.42
NIITLTD, EQ, 25-Sep-2026, 89.90, 89.95, 89.95, 88.00, 88.06, 88.50, 88.60, 116579, 103.29, 1985, 46942, 40.27
NIITMTS, EQ, 25-Sep-2026, 217.57, 217.57, 222.79, 210.53, 212.00, 212.08, 212.95, 147551, 314.22, 9079, 67478, 45.73
NIKITA, SM, 25-Sep-2026, 66.10, 68.40, 68.90, 65.25, 68.90, 68.90, 66.75, 12000, 8.01, 10, 1200, 10.00
NILAINFRA, EQ, 25-Sep-2026, 7.06, 7.19, 7.29, 6.77, 6.83, 6.87, 6.89, 273026, 18.82, 670, 196712, 72.05
NILASPACES, EQ, 25-Sep-2026, 11.43, 11.64, 11.64, 10.90, 11.09, 11.06, 11.13, 1095668, 121.94, 2667, 683750, 62.40
NILE, EQ, 25-Sep-2026, 1388.00, 1385.20, 1403.50, 1354.60, 1355.00, 1369.70, 1381.82, 3259, 45.03, 497, 2456, 75.36
NILKAMAL, EQ, 25-Sep-2026, 1883.70, 1889.10, 1904.80, 1833.10, 1880.10, 1884.00, 1866.32, 26097, 487.05, 3631, 15252, 58.44
NIMBSPROJ, EQ, 25-Sep-2026, 199.44, 194.95, 203.60, 192.25, 197.45, 197.07, 199.30, 1858, 3.70, 130, 1286, 69.21
NINSYS, EQ, 25-Sep-2026, 713.05, 713.05, 713.05, 693.00, 709.85, 708.75, 706.57, 2004, 14.16, 235, 1134, 56.59
NIPPOBATRY, EQ, 25-Sep-2026, 324.55, 320.25, 327.70, 317.00, 320.00, 320.15, 319.58, 1563, 4.99, 113, 1190, 76.14
NIRAJ, EQ, 25-Sep-2026, 29.13, 29.13, 29.15, 27.72, 28.00, 28.11, 28.25, 33826, 9.56, 189, 22400, 66.22
NIRAJISPAT, BE, 25-Sep-2026, 278.00, 278.00, 291.90, 278.00, 288.60, 288.60, 286.06, 348, 1.00, 13, -, -
NIRLON, EQ, 25-Sep-2026, 607.15, 607.25, 609.70, 605.00, 605.00, 605.10, 605.53, 503, 3.05, 69, 415, 82.50
NIRMAN, SM, 25-Sep-2026, 26.60, 26.50, 27.25, 26.00, 26.20, 26.20, 26.41, 18000, 4.75, 44, 11400, 63.33
NITCO, EQ, 25-Sep-2026, 90.03, 90.01, 90.32, 87.25, 87.54, 87.96, 88.28, 343465, 303.21, 3302, 211164, 61.48
NITINSPIN, EQ, 25-Sep-2026, 605.55, 610.00, 614.00, 604.95, 613.00, 612.35, 609.32, 23745, 144.68, 3113, 11350, 47.80
NITIRAJ, EQ, 25-Sep-2026, 226.25, 227.99, 227.99, 213.10, 216.50, 217.84, 218.78, 3259, 7.13, 111, 2236, 68.61
NITTAGELA, EQ, 25-Sep-2026, 1699.50, 1699.00, 1725.00, 1676.00, 1719.00, 1699.90, 1703.52, 2839, 48.36, 830, 2028, 71.43
NIVABUPA, EQ, 25-Sep-2026, 76.13, 76.74, 78.15, 76.00, 77.75, 77.19, 76.89, 1111284, 854.41, 22891, 544134, 48.96
NKIND, EQ, 25-Sep-2026, 59.34, 59.00, 60.90, 59.00, 60.90, 60.36, 59.91, 21, 0.01, 8, 15, 71.43
NLCINDIA, EQ, 25-Sep-2026, 263.25, 263.25, 264.00, 258.75, 262.10, 262.55, 261.47, 815195, 2131.49, 17318, 323574, 39.69
NMDC, EQ, 25-Sep-2026, 80.82, 80.76, 81.12, 79.57, 79.90, 79.90, 80.11, 11080041, 8875.84, 40041, 5263256, 47.50
NMSTEEL, SM, 25-Sep-2026, 21.45, 23.30, 23.30, 23.30, 23.30, 23.30, 23.30, 1600, 0.37, 1, 1600, 100.00
NOCIL, EQ, 25-Sep-2026, 191.40, 192.50, 194.45, 186.62, 188.01, 188.41, 190.61, 1112045, 2119.67, 13023, 415215, 37.34
NOIDATOLL, EQ, 25-Sep-2026, 3.92, 3.96, 4.02, 3.95, 4.00, 3.96, 3.98, 34452, 1.37, 182, 23936, 69.48
NORBTEAEXP, EQ, 25-Sep-2026, 67.88, 66.52, 70.80, 65.81, 70.00, 70.12, 69.18, 4162, 2.88, 64, 3326, 79.91
NORTHARC, EQ, 25-Sep-2026, 303.00, 303.00, 304.40, 299.05, 300.85, 300.90, 301.48, 508385, 1532.68, 12747, 284612, 55.98
NOVAAGRI, EQ, 25-Sep-2026, 23.01, 22.00, 24.18, 22.00, 23.00, 22.90, 22.75, 61655, 14.03, 532, 32466, 52.66
NOVARTIND, EQ, 25-Sep-2026, 1971.40, 1990.00, 1990.00, 1929.90, 1989.00, 1965.60, 1956.90, 17098, 334.59, 2450, 6250, 36.55
NPBET, EQ, 25-Sep-2026, 278.70, 271.73, 279.62, 271.73, 278.87, 278.87, 278.46, 22, 0.06, 12, 15, 68.18
NPST, EQ, 25-Sep-2026, 1782.30, 1799.00, 1823.70, 1751.60, 1815.00, 1796.30, 1780.78, 39440, 702.34, 5100, 17995, 45.63
NRAIL, EQ, 25-Sep-2026, 637.75, 650.00, 685.00, 631.20, 680.05, 677.25, 667.89, 24892, 166.25, 1676, 15393, 61.84
NRBBEARING, EQ, 25-Sep-2026, 528.90, 531.90, 542.90, 523.00, 535.00, 534.80, 534.46, 355143, 1898.11, 17367, 125813, 35.43
NRL, BE, 25-Sep-2026, 165.00, 161.70, 161.70, 161.70, 161.70, 161.70, 161.70, 66624, 107.73, 117, -, -
NRVANDANA, SM, 25-Sep-2026, 71.70, 70.50, 70.50, 64.00, 69.90, 69.90, 68.49, 27000, 18.49, 8, 21000, 77.78
NSIL, EQ, 25-Sep-2026, 5502.00, 5510.00, 5510.00, 5428.00, 5495.00, 5468.00, 5459.83, 1308, 71.41, 254, 747, 57.11
NSLNISP, EQ, 25-Sep-2026, 42.54, 42.62, 42.81, 41.71, 42.16, 42.17, 42.11, 2905193, 1223.29, 13607, 1254561, 43.18
NTCIND, EQ, 25-Sep-2026, 139.02, 130.40, 142.00, 130.40, 139.80, 139.80, 140.58, 2875, 4.04, 31, 2849, 99.10
NTPC, EQ, 25-Sep-2026, 326.60, 327.30, 327.30, 323.50, 326.60, 326.60, 325.59, 6075589, 19781.46, 74730, 3755958, 61.82
NTPCGREEN, EQ, 25-Sep-2026, 95.43, 95.43, 95.43, 92.50, 93.60, 93.47, 93.38, 2331281, 2176.87, 23104, 971641, 41.68
NUCLEUS, EQ, 25-Sep-2026, 675.15, 674.00, 691.50, 668.75, 678.00, 679.55, 674.58, 20296, 136.91, 1211, 13368, 65.87
NURECA, BE, 25-Sep-2026, 342.35, 345.00, 354.60, 335.00, 349.10, 351.50, 346.74, 13395, 46.45, 259, -, -
NUVAMA, EQ, 25-Sep-2026, 1695.40, 1695.00, 1722.40, 1674.90, 1675.00, 1681.40, 1703.92, 674021, 11484.78, 23894, 537376, 79.73
NUVOCO, EQ, 25-Sep-2026, 335.00, 333.00, 337.70, 330.20, 335.60, 335.45, 333.45, 204487, 681.87, 12666, 105472, 51.58
NV20, EQ, 25-Sep-2026, 13.43, 13.41, 13.43, 13.34, 13.35, 13.38, 13.37, 107771, 14.41, 330, 87775, 81.45
NV20BEES, EQ, 25-Sep-2026, 134.21, 134.12, 138.80, 133.36, 137.00, 134.44, 133.90, 11732, 15.71, 322, 8110, 69.13
NV20IETF, EQ, 25-Sep-2026, 13.09, 13.09, 13.25, 13.00, 13.24, 13.11, 13.08, 538367, 70.40, 1740, 250363, 46.50
NXST, RR, 25-Sep-2026, 166.42, 166.88, 167.07, 164.75, 165.83, 165.94, 166.22, 298193, 495.66, 6738, 249900, 83.80
NXT-INFRA, IV, 25-Sep-2026, 97.50, 99.00, 99.97, 99.00, 99.97, 99.64, 99.07, 900000, 891.64, 9, 900000, 100.00
NYKAA, EQ, 25-Sep-2026, 335.30, 335.50, 336.70, 329.70, 333.70, 333.70, 332.39, 3537870, 11759.51, 37126, 1857233, 52.50
OAL, EQ, 25-Sep-2026, 532.30, 533.05, 539.00, 522.15, 536.90, 533.65, 530.01, 28203, 149.48, 1297, 7970, 28.26
OBCL, EQ, 25-Sep-2026, 59.42, 59.42, 59.42, 57.01, 57.05, 57.60, 58.87, 365, 0.21, 21, 353, 96.71
OBEROIRLTY, EQ, 25-Sep-2026, 1837.50, 1837.50, 1882.90, 1837.50, 1858.50, 1858.50, 1860.52, 638248, 11874.76, 30814, 256745, 40.23
OBSCP, SM, 25-Sep-2026, 931.25, 926.00, 942.95, 920.05, 932.00, 930.50, 930.10, 17200, 159.98, 42, 12000, 69.77
OCCLLTD, BE, 25-Sep-2026, 159.69, 158.98, 167.67, 156.41, 167.67, 167.67, 167.13, 156212, 261.07, 472, -, -
ODIGMA, EQ, 25-Sep-2026, 20.96, 20.71, 21.24, 20.65, 20.75, 21.00, 20.87, 11955, 2.49, 288, 8028, 67.15
ODYCORP, EQ, 25-Sep-2026, 7.02, 7.26, 7.26, 6.85, 6.91, 7.03, 6.93, 9498, 0.66, 86, 8387, 88.30
OFSS, EQ, 25-Sep-2026, 10925.00, 10782.00, 10805.00, 10332.00, 10770.00, 10770.00, 10555.80, 545314, 57562.24, 77477, 86646, 15.89
OIL, EQ, 25-Sep-2026, 479.00, 476.00, 476.65, 470.70, 475.15, 475.15, 473.53, 666997, 3158.44, 15244, 210710, 31.59
OILCOUNTUB, BE, 25-Sep-2026, 70.89, 70.89, 72.20, 70.89, 72.20, 72.20, 71.35, 26619, 18.99, 80, -, -
OILIETF, EQ, 25-Sep-2026, 11.02, 11.29, 11.29, 10.98, 11.08, 11.01, 11.02, 645500, 71.10, 2144, 474948, 73.58
OLAELEC, EQ, 25-Sep-2026, 42.52, 42.50, 42.50, 38.01, 38.34, 38.48, 39.13, 194568434, 76138.81, 313251, 41081236, 21.11
OLECTRA, EQ, 25-Sep-2026, 1244.00, 1247.00, 1247.00, 1204.30, 1209.00, 1207.20, 1214.27, 357307, 4338.66, 19608, 156788, 43.88
OLIL, SM, 25-Sep-2026, 422.75, 424.00, 430.00, 418.85, 426.95, 426.45, 420.52, 80000, 336.41, 99, 42000, 52.50
OMAXAUTO, EQ, 25-Sep-2026, 201.62, 202.50, 204.90, 198.16, 201.00, 200.24, 201.24, 52206, 105.06, 1279, 26500, 50.76
OMAXE, EQ, 25-Sep-2026, 117.67, 118.00, 122.70, 116.00, 118.30, 118.53, 119.75, 822641, 985.13, 10223, 173858, 21.13
OMFREIGHT, BE, 25-Sep-2026, 91.83, 94.25, 94.25, 89.10, 90.11, 90.65, 90.18, 3236, 2.92, 54, -, -
OMINFRAL, EQ, 25-Sep-2026, 78.45, 79.19, 79.40, 77.77, 79.25, 79.03, 78.42, 35345, 27.72, 1217, 16567, 46.87
OMNI, EQ, 25-Sep-2026, 547.85, 545.05, 551.65, 530.05, 531.00, 533.95, 538.74, 316403, 1704.61, 12631, 177278, 56.03
OMPOWER, EQ, 25-Sep-2026, 166.03, 166.04, 173.00, 162.52, 167.62, 168.84, 166.90, 82345, 137.43, 1111, 48309, 58.67
ONDOOR, SM, 25-Sep-2026, 271.00, 265.10, 283.50, 260.00, 262.50, 265.45, 271.14, 15900, 43.11, 41, 5700, 35.85
ONEGLOBAL, EQ, 25-Sep-2026, 530.90, 530.00, 546.50, 520.05, 542.95, 538.75, 533.86, 10827, 57.80, 751, 6339, 58.55
ONELIFECAP, BE, 25-Sep-2026, 35.81, 37.00, 37.25, 35.23, 35.88, 36.05, 36.59, 125272, 45.83, 138, -, -
ONEPOINT, EQ, 25-Sep-2026, 69.31, 71.00, 72.00, 68.63, 69.80, 69.60, 70.31, 5644105, 3968.13, 28801, 2329997, 41.28
ONESOURCE, EQ, 25-Sep-2026, 1594.60, 1601.60, 1634.40, 1567.00, 1600.00, 1602.60, 1596.22, 227395, 3629.73, 14719, 133421, 58.67
ONGC, EQ, 25-Sep-2026, 239.00, 238.00, 238.00, 234.71, 235.86, 235.86, 235.81, 5066494, 11947.52, 69285, 2721372, 53.71
ONIDA, EQ, 25-Sep-2026, 33.28, 33.22, 33.99, 33.22, 33.80, 33.68, 33.57, 303378, 101.84, 1505, 178964, 58.99
ONIXSOLAR, EQ, 25-Sep-2026, 321.80, 337.85, 337.85, 337.85, 337.85, 337.85, 337.85, 16312, 55.11, 73, 16312, 100.00
ONMOBILE, BE, 25-Sep-2026, 52.42, 51.55, 53.29, 51.50, 52.69, 52.81, 52.37, 26131, 13.69, 245, -, -
ONWARDTEC, EQ, 25-Sep-2026, 287.25, 287.70, 291.00, 285.10, 291.00, 287.65, 287.74, 7246, 20.85, 268, 4398, 60.70
OPTIEMUS, EQ, 25-Sep-2026, 781.50, 775.50, 787.30, 746.10, 759.85, 758.55, 764.62, 487355, 3726.40, 24477, 132760, 27.24
OPTIFIN, EQ, 25-Sep-2026, 14.98, 14.98, 15.40, 14.67, 14.99, 14.99, 15.06, 42946, 6.47, 169, 31471, 73.28
OPTIMYSTIX, SM, 25-Sep-2026, 133.15, 132.00, 133.00, 131.80, 132.75, 132.45, 132.17, 12000, 15.86, 13, 9600, 80.00
OPTIVALUE, ST, 25-Sep-2026, 229.55, 239.95, 239.95, 218.10, 221.50, 220.35, 223.87, 54400, 121.78, 31, 49600, 91.18
ORBTEXP, BE, 25-Sep-2026, 227.00, 227.05, 227.10, 226.00, 226.90, 226.90, 226.44, 3637, 8.24, 31, -, -
ORCHASP, EQ, 25-Sep-2026, 1.35, 1.38, 1.39, 1.36, 1.39, 1.38, 1.38, 56162, 0.78, 133, 54226, 96.55
ORCHPHARMA, EQ, 25-Sep-2026, 1096.15, 1102.60, 1116.00, 1059.30, 1064.00, 1064.90, 1079.83, 63555, 686.29, 8730, 24878, 39.14
ORIANA, SM, 25-Sep-2026, 303.70, 311.00, 343.50, 305.05, 332.00, 330.75, 330.35, 1268250, 4189.65, 2633, 645375, 50.89
ORICONENT, EQ, 25-Sep-2026, 51.77, 52.99, 52.99, 51.02, 51.35, 51.40, 51.69, 12725, 6.58, 309, 8126, 63.86
ORIENTALTL, EQ, 25-Sep-2026, 4.96, 5.14, 5.14, 4.92, 5.03, 4.99, 4.99, 34099, 1.70, 203, 29028, 85.13
ORIENTBELL, EQ, 25-Sep-2026, 391.05, 388.25, 412.00, 387.00, 408.70, 407.55, 403.49, 29237, 117.97, 2223, 17604, 60.21
ORIENTCEM, EQ, 25-Sep-2026, 122.32, 121.24, 123.28, 121.24, 122.95, 122.16, 122.39, 491051, 600.98, 5654, 315143, 64.18
ORIENTCER, EQ, 25-Sep-2026, 46.83, 47.29, 48.19, 47.01, 47.84, 47.80, 47.73, 31332, 14.95, 744, 22691, 72.42
ORIENTELEC, EQ, 25-Sep-2026, 163.98, 163.99, 165.00, 161.21, 163.39, 162.26, 162.50, 123313, 200.38, 3887, 68165, 55.28
ORIENTHOT, EQ, 25-Sep-2026, 140.41, 139.25, 141.53, 139.25, 140.00, 140.93, 140.70, 382049, 537.56, 1977, 248282, 64.99
ORIENTLTD, BE, 25-Sep-2026, 79.50, 76.50, 80.88, 76.50, 80.48, 80.48, 77.77, 555, 0.43, 17, -, -
ORIENTPPR, EQ, 25-Sep-2026, 16.80, 16.91, 17.00, 16.57, 16.90, 16.76, 16.70, 183765, 30.69, 1510, 105066, 57.17
ORIENTTECH, EQ, 25-Sep-2026, 235.20, 235.20, 238.79, 233.00, 236.00, 237.30, 234.27, 143504, 336.19, 1995, 69110, 48.16
ORIRAIL, EQ, 25-Sep-2026, 125.17, 124.10, 125.17, 120.85, 121.48, 121.12, 122.33, 74506, 91.15, 1195, 43029, 57.75
ORISSAMINE, EQ, 25-Sep-2026, 3716.90, 3715.00, 3745.00, 3675.00, 3738.00, 3734.70, 3722.37, 4027, 149.90, 985, 1964, 48.77
ORKLAINDIA, EQ, 25-Sep-2026, 545.95, 550.30, 558.45, 538.00, 555.00, 555.95, 546.15, 98422, 537.53, 10732, 61263, 62.25
ORTINGLOBE, EQ, 25-Sep-2026, 14.75, 14.50, 15.24, 14.50, 14.67, 15.23, 14.96, 2977, 0.45, 24, 1811, 60.83
OSELDEVICE, SM, 25-Sep-2026, 390.85, 392.85, 394.75, 382.00, 386.00, 385.90, 388.70, 12400, 48.20, 55, 8400, 67.74
OSIAHYPER, BE, 25-Sep-2026, 2.21, 2.22, 2.23, 2.11, 2.20, 2.19, 2.18, 358070, 7.79, 364, -, -
OSWALAGRO, EQ, 25-Sep-2026, 33.88, 34.05, 34.79, 33.34, 34.01, 34.00, 34.09, 19413, 6.62, 180, 17100, 88.09
OSWALGREEN, EQ, 25-Sep-2026, 19.90, 20.09, 20.10, 19.70, 20.02, 19.99, 19.97, 54062, 10.79, 528, 37119, 68.66
OSWALPUMPS, EQ, 25-Sep-2026, 280.25, 279.90, 280.70, 273.50, 275.00, 274.95, 275.18, 310754, 855.13, 6235, 178476, 57.43
OSWALSEEDS, EQ, 25-Sep-2026, 12.68, 13.24, 13.24, 12.70, 13.05, 13.08, 13.00, 69285, 9.01, 391, 46544, 67.18
OWAIS, ST, 25-Sep-2026, 74.10, 74.50, 74.50, 72.65, 72.65, 72.65, 73.16, 1800, 1.32, 12, 1700, 94.44
PACEDIGITK, EQ, 25-Sep-2026, 167.36, 165.99, 167.99, 163.97, 166.48, 166.35, 165.66, 473697, 784.75, 6234, 167749, 35.41
PACIFICI, EQ, 25-Sep-2026, 136.14, 140.00, 142.00, 135.99, 142.00, 141.94, 136.28, 8649, 11.79, 43, 8606, 99.50
PAGEIND, EQ, 25-Sep-2026, 37500.00, 37350.00, 37845.00, 37350.00, 37695.00, 37695.00, 37615.52, 15467, 5817.99, 7608, 5725, 37.01
PAISALO, EQ, 25-Sep-2026, 89.45, 89.50, 90.19, 87.30, 89.00, 89.02, 88.93, 7721853, 6867.32, 20764, 2782626, 36.04
PAKKA, EQ, 25-Sep-2026, 76.25, 75.90, 75.97, 74.10, 75.40, 75.06, 74.77, 96390, 72.07, 2251, 61711, 64.02
PALASHSECU, EQ, 25-Sep-2026, 84.11, 84.00, 89.95, 84.00, 89.90, 88.92, 88.62, 1078, 0.96, 15, 1011, 93.78
PALREDTEC, EQ, 25-Sep-2026, 46.09, 47.00, 47.37, 43.94, 46.85, 46.84, 45.84, 5953, 2.73, 57, 4555, 76.52
PANACEABIO, EQ, 25-Sep-2026, 374.75, 374.70, 378.00, 366.00, 372.20, 372.60, 371.75, 74313, 276.26, 3156, 31211, 42.00
PANACHE, BE, 25-Sep-2026, 514.90, 514.90, 525.00, 513.00, 525.00, 525.00, 523.86, 2113, 11.07, 26, -, -
PANAMAPET, EQ, 25-Sep-2026, 480.60, 482.50, 482.50, 471.05, 475.00, 473.40, 475.18, 73939, 351.35, 3244, 41578, 56.23
PANCHMAHQ, EQ, 25-Sep-2026, 305.00, 339.00, 339.00, 288.55, 308.00, 290.10, 313.57, 526, 1.65, 32, 154, 29.28
PANORAMA, EQ, 25-Sep-2026, 59.15, 60.00, 61.00, 56.72, 60.85, 60.46, 58.84, 895953, 527.17, 5061, 343052, 38.29
PANSARI, EQ, 25-Sep-2026, 286.90, 288.00, 290.00, 272.10, 289.95, 289.95, 288.88, 212, 0.61, 7, 211, 99.53
PAR, BE, 25-Sep-2026, 131.31, 132.99, 134.49, 128.11, 133.80, 131.41, 132.77, 9099, 12.08, 138, -, -
PARACABLES, EQ, 25-Sep-2026, 60.15, 60.69, 61.25, 58.80, 60.05, 59.81, 59.81, 1852499, 1108.07, 12166, 633589, 34.20
PARADEEP, EQ, 25-Sep-2026, 154.50, 154.50, 156.67, 154.00, 155.98, 155.49, 155.52, 1465807, 2279.65, 26925, 592747, 40.44
PARAGMILK, EQ, 25-Sep-2026, 258.40, 262.00, 274.40, 256.25, 267.15, 268.90, 266.95, 2825359, 7542.32, 42100, 1165038, 41.24
PARAGON, SM, 25-Sep-2026, 53.00, 51.95, 51.95, 50.20, 51.15, 50.60, 50.85, 22800, 11.59, 17, 18000, 78.95
PARAMOUNT, SM, 25-Sep-2026, 38.30, 36.40, 36.40, 36.40, 36.40, 36.40, 36.40, 2400, 0.87, 2, 1200, 50.00
PARAS, EQ, 25-Sep-2026, 1343.40, 1343.40, 1356.90, 1312.60, 1324.00, 1321.00, 1330.87, 527679, 7022.74, 28145, 137281, 26.02
PARASPETRO, EQ, 25-Sep-2026, 2.08, 2.12, 2.12, 2.05, 2.08, 2.08, 2.08, 65519, 1.37, 197, 45453, 69.37
PARIN, EQ, 25-Sep-2026, 715.00, 789.00, 789.00, 713.05, 731.20, 736.80, 734.23, 143542, 1053.93, 2213, 16367, 11.40
PARKHOSPS, EQ, 25-Sep-2026, 285.00, 284.00, 288.00, 281.05, 287.80, 286.35, 285.07, 722620, 2059.99, 9377, 445654, 61.67
PARKHOTELS, EQ, 25-Sep-2026, 105.23, 105.70, 106.00, 102.70, 106.00, 104.90, 103.94, 259036, 269.23, 5130, 146017, 56.37
PARNAXLAB, EQ, 25-Sep-2026, 123.86, 124.00, 124.00, 111.00, 120.95, 118.22, 117.66, 11075, 13.03, 557, 8258, 74.56
PARSVNATH, BE, 25-Sep-2026, 1.95, 1.97, 1.98, 1.96, 1.98, 1.98, 1.98, 1230480, 24.31, 384, -, -
PARTH, SM, 25-Sep-2026, 520.00, 512.05, 523.00, 512.05, 514.05, 514.05, 515.71, 4000, 20.63, 9, 2800, 70.00
PARTYCRUS, SM, 25-Sep-2026, 98.95, 99.00, 99.00, 98.95, 98.95, 98.95, 98.98, 2000, 1.98, 2, 2000, 100.00
PASHUPATI, EQ, 25-Sep-2026, 78.94, 80.50, 83.15, 79.02, 79.44, 79.69, 79.85, 268925, 214.74, 3999, 146436, 54.45
PASUPTAC, EQ, 25-Sep-2026, 76.25, 76.25, 78.79, 74.10, 75.00, 75.87, 76.30, 278575, 212.55, 3123, 148412, 53.28
PATANJALI, EQ, 25-Sep-2026, 404.85, 404.85, 407.90, 401.55, 403.95, 403.95, 404.53, 1648377, 6668.25, 55278, 558518, 33.88
PATELENG, EQ, 25-Sep-2026, 27.68, 27.56, 27.84, 27.20, 27.59, 27.61, 27.50, 1659476, 456.41, 6504, 837421, 50.46
PATELRMART, EQ, 25-Sep-2026, 207.03, 207.03, 207.80, 204.25, 205.50, 206.28, 205.97, 13767, 28.36, 588, 7230, 52.52
PATILAUTOM, ST, 25-Sep-2026, 335.65, 333.30, 352.40, 319.00, 352.40, 352.05, 342.57, 76200, 261.04, 85, 73800, 96.85
PATINTLOG, EQ, 25-Sep-2026, 14.01, 13.80, 14.10, 13.43, 13.63, 13.59, 13.79, 220678, 30.43, 751, 174514, 79.08
PAUSHAKLTD, EQ, 25-Sep-2026, 669.85, 679.95, 684.90, 656.00, 660.30, 667.15, 670.68, 29553, 198.21, 2131, 16959, 57.39
PAVNAIND, EQ, 25-Sep-2026, 15.29, 15.01, 15.94, 15.01, 15.40, 15.46, 15.57, 29382, 4.58, 155, 22938, 78.07
PAYTM, EQ, 25-Sep-2026, 1735.50, 1732.50, 1747.20, 1658.80, 1674.00, 1674.00, 1677.29, 5174169, 86785.65, 155160, 2602692, 50.30
PBMPOLY, EQ, 25-Sep-2026, 63.68, 60.60, 67.47, 57.97, 58.00, 59.91, 60.25, 464, 0.28, 29, 462, 99.57
PCBL, EQ, 25-Sep-2026, 338.60, 339.40, 342.95, 335.05, 339.00, 339.60, 338.69, 669776, 2268.46, 19243, 214188, 31.98
PCCL, SM, 25-Sep-2026, 445.00, 448.00, 450.00, 445.00, 445.30, 445.30, 448.38, 9600, 43.04, 17, 6800, 70.83
PCJEWELLER, EQ, 25-Sep-2026, 14.25, 14.35, 14.46, 14.03, 14.17, 14.11, 14.24, 309343445, 44036.55, 146536, 80005197, 25.86
PDMJEPAPER, EQ, 25-Sep-2026, 95.45, 96.29, 96.29, 91.80, 94.95, 94.47, 93.98, 157250, 147.78, 2702, 69587, 44.25
PDSL, EQ, 25-Sep-2026, 359.65, 357.00, 361.00, 355.10, 359.00, 357.65, 359.13, 61436, 220.63, 7206, 36770, 59.85
PEARLPOLY, EQ, 25-Sep-2026, 18.72, 18.72, 19.12, 17.93, 18.00, 18.03, 18.13, 11088, 2.01, 68, 6063, 54.68
PELATRO, SM, 25-Sep-2026, 375.10, 384.00, 388.00, 383.50, 383.50, 383.50, 385.04, 3600, 13.86, 10, 3300, 91.67
PENIND, EQ, 25-Sep-2026, 178.75, 179.70, 187.40, 178.21, 183.80, 184.90, 185.02, 1295945, 2397.78, 17568, 514749, 39.72
PENINLAND, EQ, 25-Sep-2026, 16.58, 16.98, 17.25, 16.32, 17.25, 16.70, 16.61, 132272, 21.98, 424, 99067, 74.90
PENTAGON, ST, 25-Sep-2026, 90.25, 90.00, 90.50, 90.00, 90.50, 90.50, 90.25, 2000, 1.81, 2, 2000, 100.00
PERFECT, SZ, 25-Sep-2026, 1.65, 1.70, 1.70, 1.70, 1.70, 1.70, 1.70, 6000, 0.10, 2, 6000, 100.00
PERMAGN, EQ, 25-Sep-2026, 847.70, 847.45, 859.00, 845.50, 847.00, 852.45, 852.00, 2236, 19.05, 332, 1725, 77.15
PERNIASPOP, EQ, 25-Sep-2026, 530.40, 518.90, 553.35, 501.05, 542.25, 545.55, 531.49, 398066, 2115.66, 16322, 69125, 17.37
PERSISTENT, EQ, 25-Sep-2026, 5277.00, 5277.00, 5385.00, 5230.00, 5372.00, 5372.00, 5322.33, 307915, 16388.24, 26291, 85938, 27.91
PETRONET, EQ, 25-Sep-2026, 286.60, 285.35, 286.50, 283.40, 286.50, 286.50, 285.03, 880374, 2509.29, 16012, 527975, 59.97
PFC, EQ, 25-Sep-2026, 339.35, 340.00, 340.05, 336.30, 338.00, 338.00, 337.93, 8623661, 29141.55, 70604, 6233229, 72.28
PFIZER, EQ, 25-Sep-2026, 4046.20, 4060.00, 4066.00, 3988.00, 4005.00, 4000.80, 4004.55, 15786, 632.16, 7324, 7798, 49.40
PFOCUS, EQ, 25-Sep-2026, 318.75, 316.50, 323.90, 306.10, 316.00, 315.45, 316.95, 4224123, 13388.40, 39358, 530859, 12.57
PFS, EQ, 25-Sep-2026, 26.93, 27.40, 27.40, 26.24, 26.37, 26.37, 26.48, 347305, 91.97, 3107, 223205, 64.27
PGEL, EQ, 25-Sep-2026, 514.45, 513.60, 520.40, 512.05, 518.50, 518.50, 516.17, 483547, 2495.93, 10886, 130934, 27.08
PGHH, EQ, 25-Sep-2026, 7093.00, 7100.00, 7112.00, 7011.00, 7025.00, 7037.50, 7046.39, 15709, 1106.92, 5100, 8189, 52.13
PGHL, EQ, 25-Sep-2026, 5416.50, 5430.00, 5450.00, 5400.00, 5400.00, 5406.00, 5412.80, 3567, 193.07, 1276, 2186, 61.28
PGIL, EQ, 25-Sep-2026, 1273.60, 1281.80, 1355.00, 1274.80, 1319.00, 1329.10, 1326.02, 477150, 6327.09, 39201, 103666, 21.73
PGINVIT, IV, 25-Sep-2026, 101.94, 102.30, 102.50, 101.80, 101.85, 101.91, 102.03, 904445, 922.79, 5222, 792279, 87.60
PHANTOMFX, SM, 25-Sep-2026, 90.60, 88.00, 91.40, 85.10, 90.00, 90.00, 89.35, 33300, 29.75, 69, 28500, 85.59
PHARMABEES, EQ, 25-Sep-2026, 27.80, 28.40, 28.40, 27.64, 27.85, 27.80, 27.76, 4149103, 1151.65, 8686, 2894595, 69.76
PHOENIXLTD, EQ, 25-Sep-2026, 1955.00, 1944.20, 1990.60, 1900.10, 1978.40, 1978.40, 1975.83, 463656, 9161.04, 26276, 260151, 56.11
PHOENXINTL, EQ, 25-Sep-2026, 28.33, 28.95, 28.95, 27.85, 28.68, 28.68, 28.08, 470, 0.13, 19, 470, 100.00
PHOGLOBAL, SM, 25-Sep-2026, 16.00, 16.00, 16.00, 16.00, 16.00, 16.00, 16.00, 2000, 0.32, 1, 2000, 100.00
PICCADIL, EQ, 25-Sep-2026, 601.55, 603.20, 619.50, 603.20, 612.10, 613.00, 613.04, 116320, 713.09, 7749, 44020, 37.84
PIDILITIND, EQ, 25-Sep-2026, 1522.00, 1525.00, 1530.00, 1495.70, 1517.20, 1517.20, 1507.41, 503315, 7587.04, 31006, 221595, 44.03
PIGL, EQ, 25-Sep-2026, 102.63, 102.63, 102.63, 99.50, 101.00, 100.47, 100.30, 88650, 88.91, 778, 72766, 82.08
PIIND, EQ, 25-Sep-2026, 2393.50, 2388.60, 2405.60, 2362.60, 2400.00, 2400.00, 2390.69, 446431, 10672.80, 27705, 261485, 58.57
PILANIINVS, EQ, 25-Sep-2026, 4007.10, 3998.60, 4040.00, 3980.40, 4040.00, 4015.00, 4006.95, 1020, 40.87, 196, 571, 55.98
PILITA, EQ, 25-Sep-2026, 7.47, 7.55, 7.80, 7.40, 7.73, 7.71, 7.66, 65850, 5.04, 245, 55790, 84.72
PINELABS, EQ, 25-Sep-2026, 179.31, 181.00, 182.00, 175.46, 176.33, 176.57, 178.42, 17665754, 31519.01, 130191, 5690074, 32.21
PIONEEREMB, EQ, 25-Sep-2026, 21.70, 21.60, 22.36, 21.15, 21.27, 21.35, 21.31, 5260, 1.12, 61, 4634, 88.10
PIONRINV, BE, 25-Sep-2026, 78.57, 78.00, 81.80, 78.00, 78.10, 78.27, 80.20, 843, 0.68, 15, -, -
PIRAMALFIN, EQ, 25-Sep-2026, 2104.30, 2104.00, 2164.50, 2049.00, 2129.00, 2142.70, 2089.77, 307942, 6435.29, 29799, 139891, 45.43
PITTIENG, EQ, 25-Sep-2026, 1161.00, 1160.00, 1184.20, 1126.10, 1160.00, 1162.40, 1158.88, 93537, 1083.98, 8111, 36871, 39.42
PIXTRANS, EQ, 25-Sep-2026, 1745.80, 1745.10, 1745.10, 1720.00, 1727.00, 1734.80, 1728.48, 5689, 98.33, 977, 3119, 54.83
PKTEA, BE, 25-Sep-2026, 998.35, 1019.90, 1020.00, 963.00, 1010.00, 1001.35, 981.78, 1313, 12.89, 86, -, -
PLASTIBLEN, EQ, 25-Sep-2026, 189.71, 190.95, 209.70, 190.95, 202.86, 202.99, 202.27, 208830, 422.41, 5219, 102818, 49.24
PLATIND, EQ, 25-Sep-2026, 213.33, 215.50, 215.50, 209.56, 211.00, 210.64, 211.10, 57233, 120.82, 1374, 29403, 51.37
PLAZACABLE, EQ, 25-Sep-2026, 60.69, 60.55, 62.20, 59.22, 60.01, 59.94, 60.18, 35030, 21.08, 698, 22011, 62.83
PML, EQ, 25-Sep-2026, 483.85, 480.05, 500.00, 470.30, 484.05, 475.15, 481.80, 321, 1.55, 64, 299, 93.15
PNB, EQ, 25-Sep-2026, 117.12, 117.12, 118.01, 116.23, 116.60, 116.60, 116.80, 8069096, 9424.68, 36017, 3859452, 47.83
PNBGILTS, EQ, 25-Sep-2026, 75.35, 75.35, 75.90, 74.26, 74.90, 74.73, 74.81, 191265, 143.08, 1964, 87885, 45.95
PNBHOUSING, EQ, 25-Sep-2026, 1094.50, 1090.00, 1102.50, 1077.20, 1094.90, 1094.90, 1089.56, 399362, 4351.29, 29445, 179803, 45.02
PNC, EQ, 25-Sep-2026, 16.62, 16.62, 16.95, 16.46, 16.93, 16.89, 16.78, 2725, 0.46, 52, 2608, 95.71
PNCINFRA, EQ, 25-Sep-2026, 136.72, 136.40, 140.75, 134.60, 135.20, 135.45, 137.71, 1445306, 1990.38, 17587, 758587, 52.49
PNGJL, EQ, 25-Sep-2026, 591.20, 591.20, 624.00, 579.15, 617.00, 605.50, 595.96, 754981, 4499.35, 30966, 319812, 42.36
PNGSREVA, EQ, 25-Sep-2026, 523.85, 528.00, 547.40, 517.55, 526.50, 524.85, 532.73, 401441, 2138.60, 16647, 132201, 32.93
POCL, EQ, 25-Sep-2026, 468.85, 470.00, 472.00, 454.30, 465.35, 466.80, 462.78, 359098, 1661.85, 13396, 139242, 38.78
PODDARMENT, EQ, 25-Sep-2026, 275.15, 273.80, 277.00, 270.00, 274.45, 271.40, 273.33, 2454, 6.71, 108, 1951, 79.50
POEL, EQ, 25-Sep-2026, 146.70, 146.70, 149.00, 144.00, 146.50, 145.34, 145.71, 38758, 56.47, 1729, 12222, 31.53
POKARNA, EQ, 25-Sep-2026, 729.05, 729.10, 736.40, 722.80, 728.85, 728.95, 728.51, 50362, 366.89, 3070, 29047, 57.68
POLICYBZR, EQ, 25-Sep-2026, 1207.20, 1160.00, 1261.70, 1115.00, 1166.00, 1166.00, 1177.04, 41589859, 489527.88, 789155, 13931016, 33.50
POLYCAB, EQ, 25-Sep-2026, 8366.50, 8394.00, 8463.00, 8350.00, 8408.50, 8408.50, 8398.64, 296612, 24911.37, 31619, 158208, 53.34
POLYMED, EQ, 25-Sep-2026, 1716.00, 1714.90, 1733.80, 1708.50, 1722.20, 1724.40, 1723.47, 52539, 905.49, 7851, 25933, 49.36
POLYPLEX, EQ, 25-Sep-2026, 1097.40, 1091.60, 1097.20, 1080.00, 1083.00, 1086.20, 1087.03, 25252, 274.50, 1780, 18516, 73.32
POLYSIL, SM, 25-Sep-2026, 59.60, 62.55, 62.55, 59.40, 60.55, 60.90, 61.81, 177500, 109.72, 161, 117500, 66.20
POLYSPIN, EQ, 25-Sep-2026, 30.35, 30.35, 32.46, 28.36, 28.98, 28.98, 29.31, 358, 0.10, 30, 336, 93.85
PONNIERODE, EQ, 25-Sep-2026, 380.60, 382.00, 406.65, 376.10, 397.00, 399.80, 394.29, 132564, 522.69, 6576, 52069, 39.28
POONAWALLA, EQ, 25-Sep-2026, 466.80, 464.80, 469.90, 453.20, 461.60, 461.55, 457.46, 1477854, 6760.63, 26052, 913595, 61.82
POSITRON, SM, 25-Sep-2026, 238.25, 241.00, 245.00, 235.00, 235.00, 235.00, 241.91, 7500, 18.14, 24, 6000, 80.00
POWERGRID, EQ, 25-Sep-2026, 266.40, 268.70, 269.75, 266.90, 269.50, 269.50, 268.57, 6241140, 16761.75, 50721, 4018547, 64.39
POWERICA, EQ, 25-Sep-2026, 562.85, 567.00, 590.00, 567.00, 584.90, 582.95, 579.78, 200960, 1165.13, 8924, 94374, 46.96
POWERINDIA, EQ, 25-Sep-2026, 30715.00, 30995.00, 31560.00, 30825.00, 31035.00, 31035.00, 31153.40, 130207, 40563.91, 30991, 57756, 44.36
POWERMECH, EQ, 25-Sep-2026, 2429.50, 2429.50, 2439.70, 2386.10, 2410.00, 2407.30, 2410.98, 20848, 502.64, 5631, 9776, 46.89
PPAP, BE, 25-Sep-2026, 253.50, 262.00, 262.00, 244.20, 249.00, 246.25, 247.54, 5323, 13.18, 136, -, -
PPL, BE, 25-Sep-2026, 265.95, 267.00, 271.50, 260.05, 265.00, 263.05, 265.51, 13411, 35.61, 243, -, -
PPLPHARMA, EQ, 25-Sep-2026, 208.12, 208.99, 212.40, 206.04, 209.75, 210.31, 209.83, 3361746, 7053.86, 38745, 1381410, 41.09
PPSL, SM, 25-Sep-2026, 2.85, 2.85, 2.90, 2.85, 2.85, 2.85, 2.87, 33000, 0.95, 10, 18000, 54.55
PRABHA, EQ, 25-Sep-2026, 225.76, 224.80, 234.00, 222.40, 234.00, 230.87, 229.69, 161400, 370.73, 2020, 89723, 55.59
PRADPME, BE, 25-Sep-2026, 505.50, 505.50, 519.80, 490.00, 495.00, 494.35, 503.11, 15023, 75.58, 202, -, -
PRAENG, EQ, 25-Sep-2026, 22.86, 22.87, 24.80, 22.31, 23.64, 23.70, 23.74, 254874, 60.52, 707, 184098, 72.23
PRAJIND, EQ, 25-Sep-2026, 316.10, 316.05, 318.85, 311.95, 315.90, 315.90, 315.59, 337732, 1065.85, 11142, 110700, 32.78
PRAKASH, EQ, 25-Sep-2026, 117.68, 119.00, 122.40, 117.48, 118.50, 118.81, 119.39, 464030, 554.03, 6138, 218934, 47.18
PRAKASHSTL, EQ, 25-Sep-2026, 3.68, 3.55, 3.70, 3.55, 3.63, 3.62, 3.64, 75243, 2.74, 349, 55231, 73.40
PRAMARA, SM, 25-Sep-2026, 97.75, 102.60, 102.60, 102.60, 102.60, 102.60, 102.60, 15500, 15.90, 14, 15500, 100.00
PRAMODINI, SM, 25-Sep-2026, 114.55, 114.15, 117.90, 114.15, 115.00, 115.10, 116.13, 33600, 39.02, 27, 26400, 78.57
PRANAV, EQ, 25-Sep-2026, 100.19, 100.00, 102.49, 98.36, 102.00, 100.64, 100.15, 2484193, 2487.92, 20742, 833035, 33.53
PRASOLCHEM, EQ, 25-Sep-2026, 720.70, 721.00, 769.00, 718.05, 755.10, 756.00, 752.07, 475369, 3575.11, 25628, 134082, 28.21
PRATHAM, SM, 25-Sep-2026, 121.70, 121.25, 126.00, 121.25, 126.00, 126.00, 125.28, 3200, 4.01, 7, 3200, 100.00
PRAVEG, EQ, 25-Sep-2026, 259.30, 262.90, 263.55, 257.00, 258.35, 259.25, 259.93, 12486, 32.46, 446, 8410, 67.36
PRAXIS, EQ, 25-Sep-2026, 4.45, 4.65, 4.67, 4.47, 4.67, 4.67, 4.65, 141877, 6.59, 186, 135605, 95.58
PRECAM, EQ, 25-Sep-2026, 119.99, 119.99, 121.00, 117.62, 120.51, 120.66, 119.28, 77805, 92.80, 1855, 40183, 51.65
PRECOT, EQ, 25-Sep-2026, 634.45, 639.70, 649.15, 635.30, 649.15, 640.70, 638.46, 1851, 11.82, 91, 1683, 90.92
PRECWIRE, EQ, 25-Sep-2026, 488.90, 488.85, 508.20, 488.00, 503.00, 502.60, 501.77, 619641, 3109.15, 27976, 174040, 28.09
PREMCO, EQ, 25-Sep-2026, 402.30, 402.30, 402.30, 393.35, 395.05, 395.35, 396.94, 873, 3.47, 76, 871, 99.77
PREMEXPLN, EQ, 25-Sep-2026, 680.50, 680.95, 683.40, 678.10, 680.95, 680.35, 680.31, 97193, 661.22, 2063, 69403, 71.41
PREMIER, BE, 25-Sep-2026, 2.93, 2.99, 2.99, 2.80, 2.80, 2.80, 2.82, 1392, 0.04, 36, -, -
PREMIERENE, EQ, 25-Sep-2026, 898.00, 894.00, 900.00, 884.60, 896.40, 896.40, 892.92, 455438, 4066.69, 15439, 162706, 35.73
PREMIERPOL, EQ, 25-Sep-2026, 100.51, 102.00, 102.67, 94.20, 94.70, 95.40, 97.04, 784231, 761.05, 13825, 232584, 29.66
PREMIUM, SM, 25-Sep-2026, 42.45, 44.00, 44.70, 43.00, 44.70, 44.05, 44.04, 327000, 144.02, 71, 303000, 92.66
PRESSTONIC, SM, 25-Sep-2026, 47.75, 48.55, 52.50, 48.00, 52.50, 52.50, 51.30, 320000, 164.16, 296, 193600, 60.50
PRESTIGE, EQ, 25-Sep-2026, 1475.00, 1470.00, 1486.90, 1449.50, 1477.80, 1477.80, 1464.65, 312842, 4582.03, 18284, 135751, 43.39
PRICOLLTD, EQ, 25-Sep-2026, 763.80, 763.80, 777.20, 752.00, 759.20, 759.40, 763.91, 143267, 1094.44, 9352, 52227, 36.45
PRIMECAB, ST, 25-Sep-2026, 168.50, 171.00, 173.95, 170.05, 170.05, 171.10, 172.13, 36800, 63.34, 21, 36800, 100.00
PRIMESECU, EQ, 25-Sep-2026, 299.70, 299.65, 309.00, 295.55, 303.05, 301.90, 301.74, 39045, 117.81, 627, 16948, 43.41
PRIMO, EQ, 25-Sep-2026, 22.29, 23.40, 25.50, 22.65, 25.27, 25.28, 24.80, 1374230, 340.84, 5233, 781486, 56.87
PRINCEPIPE, EQ, 25-Sep-2026, 259.80, 261.20, 263.40, 256.95, 263.00, 261.80, 260.47, 78264, 203.85, 2723, 39732, 50.77
PRIORITY, EQ, 25-Sep-2026, 303.99, 303.36, 329.55, 286.20, 311.00, 311.73, 309.59, 1392680, 4311.54, 45977, 357468, 25.67
PRISMX, EQ, 25-Sep-2026, 0.51, 0.52, 0.53, 0.51, 0.52, 0.52, 0.52, 160921, 0.84, 84, 150631, 93.61
PRITI, EQ, 25-Sep-2026, 32.61, 32.95, 34.25, 32.62, 33.83, 33.78, 33.37, 3804, 1.27, 101, 2614, 68.72
PRITIKA, SM, 25-Sep-2026, 63.00, 63.00, 63.00, 62.80, 62.80, 62.80, 62.85, 8000, 5.03, 3, 8000, 100.00
PRITIKAUTO, BE, 25-Sep-2026, 17.13, 17.67, 17.67, 16.41, 17.34, 17.16, 16.99, 245999, 41.78, 466, -, -
PRIVISCL, EQ, 25-Sep-2026, 3537.90, 3524.20, 3625.00, 3510.30, 3596.00, 3594.10, 3589.66, 97623, 3504.34, 18871, 59594, 61.05
PRIZOR, ST, 25-Sep-2026, 1106.00, 1107.00, 1128.10, 1107.00, 1128.10, 1128.10, 1123.36, 7200, 80.88, 17, 7200, 100.00
PRLIND, SM, 25-Sep-2026, 48.45, 46.10, 46.15, 45.00, 45.95, 45.95, 45.72, 13000, 5.94, 12, 11000, 84.62
PROFX, SM, 25-Sep-2026, 70.00, 72.70, 72.90, 72.70, 72.90, 72.75, 72.77, 9600, 6.99, 3, 9600, 100.00
PROLIFE, SM, 25-Sep-2026, 80.00, 80.00, 80.00, 80.00, 80.00, 80.00, 80.00, 3500, 2.80, 2, 3500, 100.00
PROPEQUITY, SM, 25-Sep-2026, 192.00, 192.00, 197.05, 192.00, 192.85, 192.85, 193.18, 3000, 5.80, 4, 1800, 60.00
PROPSHOP, SM, 25-Sep-2026, 71.65, 71.65, 73.35, 70.00, 70.00, 71.75, 71.72, 34000, 24.38, 12, 24000, 70.59
PROSTARM, EQ, 25-Sep-2026, 139.26, 139.26, 144.00, 135.31, 142.00, 141.17, 141.07, 798903, 1127.03, 12394, 210068, 26.29
PROTEAN, EQ, 25-Sep-2026, 641.95, 643.00, 695.15, 627.00, 695.00, 690.70, 674.81, 3560004, 24023.12, 77972, 897556, 25.21
PROZONER, EQ, 25-Sep-2026, 54.16, 54.43, 57.99, 53.50, 56.97, 56.75, 55.66, 1125326, 626.32, 6352, 794772, 70.63
PRSMJOHNSN, EQ, 25-Sep-2026, 115.24, 115.01, 116.80, 114.50, 115.85, 116.31, 115.70, 221858, 256.69, 4134, 78409, 35.34
PRUDENT, EQ, 25-Sep-2026, 3219.60, 3213.00, 3219.60, 3075.50, 3102.70, 3097.90, 3115.46, 56132, 1748.77, 11952, 37695, 67.15
PRUDMOULI, EQ, 25-Sep-2026, 13.67, 14.00, 14.19, 13.55, 13.90, 13.93, 13.95, 11847, 1.65, 60, 11193, 94.48
PSB, EQ, 25-Sep-2026, 21.78, 21.80, 21.88, 21.65, 21.79, 21.82, 21.75, 533659, 116.06, 3020, 248761, 46.61
PSFL, SM, 25-Sep-2026, 32.50, 33.50, 34.55, 33.50, 34.55, 34.55, 34.28, 8000, 2.74, 4, 8000, 100.00
PSPPROJECT, EQ, 25-Sep-2026, 802.60, 802.60, 815.90, 794.55, 799.00, 806.65, 805.21, 46119, 371.36, 3097, 24688, 53.53
PSRAJ, SM, 25-Sep-2026, 103.90, 94.00, 99.90, 94.00, 99.90, 99.30, 98.41, 17500, 17.22, 6, 15000, 85.71
PSUBANK, EQ, 25-Sep-2026, 82.92, 82.21, 83.69, 82.21, 83.44, 82.95, 83.01, 74327, 61.70, 411, 26158, 35.19
PSUBANKADD, EQ, 25-Sep-2026, 83.81, 84.11, 84.20, 83.60, 83.90, 83.89, 83.78, 5599, 4.69, 266, 2831, 50.56
PSUBNKBEES, EQ, 25-Sep-2026, 92.45, 93.00, 93.00, 92.15, 92.40, 92.35, 92.39, 462230, 427.06, 3299, 267364, 57.84
PSUBNKIETF, EQ, 25-Sep-2026, 83.77, 84.25, 84.42, 83.58, 83.58, 83.85, 83.92, 34414, 28.88, 555, 18121, 52.66
PTC, EQ, 25-Sep-2026, 155.89, 156.35, 156.48, 154.45, 155.60, 155.09, 155.09, 997223, 1546.57, 11760, 652082, 65.39
PTCIL, EQ, 25-Sep-2026, 21820.00, 21870.00, 22155.00, 21515.00, 21795.00, 21810.00, 21811.99, 10588, 2309.45, 4330, 3982, 37.61
PTL, EQ, 25-Sep-2026, 38.19, 38.19, 38.27, 38.05, 38.25, 38.24, 38.22, 16942, 6.47, 747, 14368, 84.81
PULZ, SM, 25-Sep-2026, 20.45, 20.45, 20.45, 20.45, 20.45, 20.45, 20.45, 4000, 0.82, 2, 4000, 100.00
PUNJABCHEM, EQ, 25-Sep-2026, 1054.10, 1051.70, 1086.30, 1051.00, 1082.00, 1077.60, 1071.34, 3752, 40.20, 361, 1912, 50.96
PURPLEUTED, ST, 25-Sep-2026, 482.05, 495.50, 505.00, 461.00, 486.00, 492.65, 489.99, 21250, 104.12, 70, 18750, 88.24
PURVA, EQ, 25-Sep-2026, 215.06, 216.63, 216.63, 212.37, 212.37, 213.87, 213.64, 78727, 168.19, 2472, 35072, 44.55
PURVFLEXI, SM, 25-Sep-2026, 45.60, 43.35, 43.35, 43.35, 43.35, 43.35, 43.35, 1600, 0.69, 2, 800, 50.00
PUSHPA, SM, 25-Sep-2026, 106.35, 104.00, 115.00, 103.00, 114.45, 114.35, 108.16, 81000, 87.61, 75, 23000, 28.40
PVP, EQ, 25-Sep-2026, 65.20, 61.94, 63.49, 61.94, 61.94, 61.94, 62.13, 2454711, 1525.06, 3846, 1273039, 51.86
PVRINOX, EQ, 25-Sep-2026, 1256.70, 1264.90, 1292.00, 1245.00, 1258.00, 1254.60, 1262.53, 374832, 4732.38, 21303, 153982, 41.08
PVSL, EQ, 25-Sep-2026, 98.62, 100.00, 100.59, 98.33, 98.50, 98.67, 99.66, 12411, 12.37, 403, 9304, 74.97
PVTBANIETF, EQ, 25-Sep-2026, 27.25, 27.02, 27.39, 27.02, 27.39, 27.24, 27.20, 984660, 267.81, 1893, 398425, 40.46
PVTBANK, EQ, 25-Sep-2026, 26.96, 26.94, 29.65, 26.85, 27.00, 27.31, 27.28, 18480, 5.04, 72, 14734, 79.73
PVTBANKADD, EQ, 25-Sep-2026, 27.33, 27.33, 27.42, 27.20, 27.30, 27.33, 27.33, 170983, 46.72, 127, 118858, 69.51
PVTBKGROWW, EQ, 25-Sep-2026, 27.01, 27.19, 27.19, 26.52, 27.09, 27.06, 26.88, 5330, 1.43, 70, 4249, 79.72
PWL, EQ, 25-Sep-2026, 132.64, 132.64, 135.50, 131.50, 133.00, 134.36, 133.38, 6520141, 8696.36, 49712, 3491837, 53.55
PYRAMID, EQ, 25-Sep-2026, 161.52, 160.08, 164.38, 158.41, 162.95, 162.29, 161.38, 29578, 47.73, 1109, 16842, 56.94
QFIL, SM, 25-Sep-2026, 55.10, 52.35, 52.35, 52.35, 52.35, 52.35, 52.35, 3000, 1.57, 3, 3000, 100.00
QGOLDHALF, EQ, 25-Sep-2026, 123.65, 124.79, 124.90, 123.80, 124.80, 124.80, 124.70, 126885, 158.23, 583, 100728, 79.39
QLINE, SM, 25-Sep-2026, 674.85, 670.00, 684.95, 661.65, 668.75, 668.45, 669.70, 56800, 380.39, 130, 32800, 57.75
QMSMEDI, BE, 25-Sep-2026, 192.54, 187.00, 199.90, 186.90, 199.00, 196.64, 193.66, 82555, 159.87, 473, -, -
QNIFTY, EQ, 25-Sep-2026, 254.69, 259.78, 259.78, 253.20, 256.20, 254.68, 254.60, 5549, 14.13, 118, 2041, 36.78
QPOWER, EQ, 25-Sep-2026, 1500.10, 1502.00, 1535.00, 1482.00, 1525.00, 1517.80, 1511.29, 161416, 2439.46, 14183, 79527, 49.27
QUADFUTURE, EQ, 25-Sep-2026, 500.40, 502.85, 559.70, 492.60, 541.30, 547.50, 536.39, 1950037, 10459.81, 57343, 307415, 15.76
QUADPRO, ST, 25-Sep-2026, 3.85, 4.00, 4.00, 4.00, 4.00, 4.00, 4.00, 24000, 0.96, 2, 24000, 100.00
QUAL30IETF, EQ, 25-Sep-2026, 20.17, 20.17, 20.41, 20.10, 20.41, 20.20, 20.17, 40140, 8.10, 220, 19752, 49.21
QUALIANCE, ST, 25-Sep-2026, 191.60, 193.00, 200.30, 182.05, 187.80, 187.00, 189.48, 133000, 252.01, 104, 125000, 93.98
QUALITY30, EQ, 25-Sep-2026, 19.80, 19.30, 20.45, 19.30, 19.77, 20.20, 19.75, 3040, 0.60, 49, 2237, 73.59
QUESS, EQ, 25-Sep-2026, 353.40, 355.00, 355.00, 329.20, 342.85, 340.90, 337.37, 1520564, 5129.91, 40260, 719568, 47.32
QUESTLAB, SM, 25-Sep-2026, 90.10, 93.45, 98.50, 86.55, 86.55, 87.05, 94.10, 50400, 47.43, 39, 30000, 59.52
QUICKHEAL, EQ, 25-Sep-2026, 147.90, 146.02, 148.49, 145.55, 147.25, 147.04, 146.73, 74851, 109.83, 1848, 27283, 36.45
QUICKTOUCH, SM, 25-Sep-2026, 16.00, 16.50, 16.50, 15.20, 15.50, 15.50, 15.79, 12500, 1.97, 13, 5500, 44.00
QUINT, BE, 25-Sep-2026, 88.80, 90.00, 90.00, 84.36, 84.36, 84.36, 86.78, 26183, 22.72, 143, -, -
QVCEL, SM, 25-Sep-2026, 24.40, 24.00, 24.00, 24.00, 24.00, 24.00, 24.00, 1600, 0.38, 1, 1600, 100.00
RACE, EQ, 25-Sep-2026, 115.98, 117.50, 124.98, 112.00, 116.67, 117.90, 116.68, 136785, 159.60, 2141, 36894, 26.97
RACLGEAR, EQ, 25-Sep-2026, 1679.80, 1660.00, 1696.00, 1660.00, 1694.00, 1686.50, 1677.76, 24872, 417.29, 2840, 13521, 54.36
RADAAN, EQ, 25-Sep-2026, 3.10, 3.15, 3.15, 2.90, 3.12, 2.99, 3.01, 45937, 1.38, 150, 37446, 81.52
RADHIKAJWE, BE, 25-Sep-2026, 70.64, 70.99, 70.99, 69.25, 70.14, 69.88, 69.90, 130948, 91.54, 986, -, -
RADIANTCMS, EQ, 25-Sep-2026, 35.61, 35.01, 35.85, 35.01, 35.85, 35.67, 35.45, 76758, 27.21, 913, 42138, 54.90
RADICO, EQ, 25-Sep-2026, 4481.30, 4494.90, 4600.00, 4486.40, 4557.10, 4557.10, 4553.32, 251300, 11442.50, 28496, 87993, 35.02
RADIOCITY, EQ, 25-Sep-2026, 5.98, 5.98, 6.08, 5.90, 6.07, 6.05, 5.98, 30851, 1.84, 138, 18928, 61.35
RADIOWALLA, ST, 25-Sep-2026, 29.10, 29.65, 29.65, 28.60, 28.60, 28.60, 29.13, 3200, 0.93, 2, 3200, 100.00
RAILTEL, EQ, 25-Sep-2026, 261.55, 261.00, 261.40, 257.20, 261.40, 260.15, 259.17, 392954, 1018.40, 10570, 128917, 32.81
RAIN, EQ, 25-Sep-2026, 218.23, 218.99, 221.21, 214.28, 218.92, 219.35, 218.30, 3244552, 7082.79, 23273, 1200967, 37.01
RAINBOW, EQ, 25-Sep-2026, 1412.60, 1410.00, 1422.30, 1350.00, 1375.00, 1374.20, 1380.14, 433047, 5976.64, 45064, 240964, 55.64
RAJESHEXPO, BZ, 25-Sep-2026, 68.07, 67.35, 68.00, 67.01, 67.24, 67.44, 67.48, 96427, 65.07, 1351, -, -
RAJINDLTD, SM, 25-Sep-2026, 66.50, 66.55, 66.55, 66.55, 66.55, 66.55, 66.55, 1500, 1.00, 1, 1500, 100.00
RAJMET, EQ, 25-Sep-2026, 3.12, 3.11, 3.15, 3.11, 3.12, 3.11, 3.12, 202636, 6.32, 570, 137487, 67.85
RAJOOENG, BE, 25-Sep-2026, 54.81, 54.12, 54.95, 52.10, 53.00, 53.08, 53.29, 273965, 145.99, 894, -, -
RAJPALAYAM, EQ, 25-Sep-2026, 767.90, 767.90, 793.40, 758.30, 762.00, 761.75, 763.93, 1259, 9.62, 72, 1120, 88.96
RAJPUTANA, SM, 25-Sep-2026, 198.00, 198.00, 214.00, 198.00, 200.05, 201.75, 203.03, 18500, 37.56, 35, 13500, 72.97
RAJRATAN, EQ, 25-Sep-2026, 472.05, 473.00, 476.00, 465.55, 472.00, 472.50, 470.62, 25305, 119.09, 2226, 11618, 45.91
RAJRILTD, BE, 25-Sep-2026, 20.57, 20.98, 20.98, 20.50, 20.98, 20.90, 20.87, 9307, 1.94, 162, -, -
RAJSREESUG, EQ, 25-Sep-2026, 31.57, 31.15, 33.40, 31.15, 31.61, 31.81, 32.34, 644442, 208.39, 2291, 482449, 74.86
RAJTV, EQ, 25-Sep-2026, 10.25, 10.60, 10.76, 10.51, 10.76, 10.76, 10.68, 85135, 9.09, 188, 80365, 94.40
RALLIS, EQ, 25-Sep-2026, 200.36, 199.80, 200.68, 198.22, 200.30, 200.38, 199.71, 378388, 755.69, 13182, 178893, 47.28
RAMANEWS, EQ, 25-Sep-2026, 31.21, 31.07, 31.49, 30.76, 31.40, 31.10, 31.05, 14119, 4.38, 110, 12245, 86.73
RAMAPHO, EQ, 25-Sep-2026, 122.49, 122.49, 123.95, 121.28, 123.00, 122.25, 122.62, 15287, 18.74, 328, 12037, 78.74
RAMASTEEL, BE, 25-Sep-2026, 4.57, 4.48, 4.48, 4.48, 4.48, 4.48, 4.48, 404771, 18.13, 929, -, -
RAMBHAJO, EQ, 25-Sep-2026, 275.76, 279.50, 294.65, 277.98, 285.25, 286.23, 288.26, 649377, 1871.91, 12138, 193211, 29.75
RAMCOCEM, EQ, 25-Sep-2026, 872.10, 868.00, 875.45, 858.55, 862.60, 867.55, 867.56, 301245, 2613.49, 25243, 197086, 65.42
RAMCOIND, EQ, 25-Sep-2026, 321.80, 315.90, 321.80, 313.10, 319.65, 319.95, 317.37, 65040, 206.42, 2452, 28888, 44.42
RAMCOSYS, EQ, 25-Sep-2026, 581.35, 581.00, 588.90, 575.55, 576.10, 580.20, 581.02, 27563, 160.15, 1668, 12269, 44.51
RAMKY, EQ, 25-Sep-2026, 310.15, 311.10, 313.65, 307.95, 313.40, 312.15, 310.93, 23356, 72.62, 1133, 13932, 59.65
RAMRAT, EQ, 25-Sep-2026, 548.40, 548.40, 576.00, 548.40, 573.10, 570.00, 568.56, 292137, 1660.96, 15052, 120251, 41.16
RANASUG, EQ, 25-Sep-2026, 13.86, 13.99, 14.61, 13.55, 14.40, 14.41, 14.17, 1178227, 166.91, 2323, 478049, 40.57
RANEHOLDIN, EQ, 25-Sep-2026, 1590.70, 1598.50, 1599.00, 1569.50, 1575.00, 1580.60, 1583.66, 3105, 49.17, 492, 1889, 60.84
RAPIDFLEET, SM, 25-Sep-2026, 202.00, 198.50, 198.90, 198.50, 198.90, 198.90, 198.70, 5400, 10.73, 9, 0, 0.00
RAPPID, SM, 25-Sep-2026, 352.00, 358.00, 358.00, 345.35, 345.35, 351.70, 353.67, 5400, 19.10, 6, 4200, 77.78
RATEGAIN, EQ, 25-Sep-2026, 824.00, 826.00, 833.00, 815.00, 830.00, 827.75, 825.69, 119666, 988.07, 10932, 56454, 47.18
RATNAMANI, EQ, 25-Sep-2026, 2824.20, 2841.30, 2847.50, 2755.90, 2785.00, 2778.30, 2783.53, 25715, 715.78, 6660, 12701, 49.39
RATNAVEER, EQ, 25-Sep-2026, 323.95, 324.90, 341.65, 323.00, 333.40, 333.95, 333.80, 6123089, 20439.04, 43809, 1693538, 27.66
RAYMOND, EQ, 25-Sep-2026, 1203.85, 1208.90, 1223.85, 1172.00, 1183.00, 1196.65, 1193.45, 3100301, 37000.52, 102460, 449184, 14.49
RAYMONDLSL, EQ, 25-Sep-2026, 688.85, 685.00, 701.40, 678.00, 688.80, 687.60, 688.67, 240261, 1654.61, 12918, 74198, 30.88
RAYMONDREL, EQ, 25-Sep-2026, 708.30, 702.00, 741.95, 701.50, 708.00, 711.30, 720.07, 8688746, 62565.20, 148479, 885865, 10.20
RBA, EQ, 25-Sep-2026, 90.65, 90.65, 93.60, 89.62, 92.26, 92.51, 91.62, 2584085, 2367.52, 26142, 1105562, 42.78
RBLBANK, EQ, 25-Sep-2026, 412.75, 412.60, 416.00, 409.10, 415.05, 415.05, 413.26, 3419454, 14131.09, 32000, 934260, 27.32
RBMINFRA, SM, 25-Sep-2026, 267.90, 267.90, 277.00, 258.00, 260.00, 262.85, 267.12, 14600, 39.00, 60, 11600, 79.45
RBS, SM, 25-Sep-2026, 83.00, 82.00, 84.50, 80.00, 83.00, 83.60, 82.21, 9600, 7.89, 12, 5600, 58.33
RBZJEWEL, BE, 25-Sep-2026, 172.26, 172.30, 180.87, 170.15, 180.87, 180.87, 176.88, 63541, 112.39, 425, -, -
RCDL, SM, 25-Sep-2026, 16.25, 17.05, 17.05, 17.05, 17.05, 17.05, 17.05, 18000, 3.07, 6, 18000, 100.00
RCF, EQ, 25-Sep-2026, 108.40, 108.40, 108.90, 107.15, 108.82, 108.58, 108.17, 642414, 694.93, 7683, 208778, 32.50
RCOM, BE, 25-Sep-2026, 0.93, 0.95, 0.96, 0.90, 0.94, 0.93, 0.93, 2036380, 18.90, 1811, -, -
RECLTD, EQ, 25-Sep-2026, 308.25, 309.20, 312.95, 307.25, 312.95, 312.95, 310.46, 3896789, 12097.83, 24918, 2218461, 56.93
REDINGTON, EQ, 25-Sep-2026, 406.40, 406.50, 411.90, 404.10, 406.50, 407.25, 409.23, 2473777, 10123.52, 36643, 1049118, 42.41
REDTAPE, EQ, 25-Sep-2026, 122.13, 122.90, 123.00, 118.00, 121.00, 121.05, 119.95, 507124, 608.27, 7198, 205278, 40.48
REFEX, EQ, 25-Sep-2026, 283.35, 281.00, 287.35, 280.15, 284.30, 285.80, 283.70, 230207, 653.11, 5273, 82748, 35.95
REFRACTORY, SM, 25-Sep-2026, 38.35, 40.25, 40.25, 36.45, 38.80, 37.90, 39.14, 40000, 15.66, 32, 29000, 72.50
REGAAL, EQ, 25-Sep-2026, 90.61, 91.06, 91.25, 88.41, 90.00, 89.98, 89.59, 231775, 207.64, 2551, 99882, 43.09
REGENCERAM, EQ, 25-Sep-2026, 34.78, 34.78, 34.78, 33.11, 34.08, 33.39, 33.61, 1978, 0.66, 34, 1423, 71.94
RELAXO, EQ, 25-Sep-2026, 291.70, 293.95, 298.10, 288.20, 297.00, 297.00, 293.97, 129942, 381.99, 6481, 56128, 43.19
RELCHEMQ, EQ, 25-Sep-2026, 118.41, 116.02, 119.75, 116.02, 118.50, 118.22, 118.33, 583, 0.69, 52, 382, 65.52
RELIABLE, EQ, 25-Sep-2026, 147.95, 150.00, 150.00, 144.00, 148.19, 147.70, 147.20, 11825, 17.41, 466, 8468, 71.61
RELIANCE, EQ, 25-Sep-2026, 1219.20, 1210.50, 1227.40, 1210.50, 1226.00, 1226.00, 1220.44, 13138735, 160350.76, 212698, 8311348, 63.26
RELIGARE, EQ, 25-Sep-2026, 240.32, 239.00, 244.30, 236.74, 240.50, 242.27, 240.60, 422871, 1017.42, 7864, 215996, 51.08
RELINFRA, BE, 25-Sep-2026, 46.12, 45.20, 45.20, 45.20, 45.20, 45.20, 45.20, 59895, 27.07, 426, -, -
RELTD, EQ, 25-Sep-2026, 146.32, 147.49, 150.20, 145.11, 149.99, 148.77, 147.89, 99232, 146.76, 2080, 45421, 45.77
REMSONSIND, EQ, 25-Sep-2026, 111.12, 116.40, 132.80, 114.25, 117.30, 116.80, 123.08, 4262134, 5245.79, 34231, 1292002, 30.31
REMUS, SM, 25-Sep-2026, 942.20, 943.00, 958.45, 927.00, 953.00, 946.00, 939.93, 2700, 25.38, 26, 2200, 81.48
RENTOMOJO, EQ, 25-Sep-2026, 501.90, 503.90, 515.00, 497.05, 507.70, 507.75, 507.25, 2048727, 10392.10, 47991, 413927, 20.20
RENUKA, EQ, 25-Sep-2026, 22.92, 22.92, 23.92, 22.75, 23.32, 23.31, 23.53, 24534315, 5771.86, 33997, 6196291, 25.26
REPCOHOME, EQ, 25-Sep-2026, 352.45, 352.00, 353.15, 345.00, 347.35, 347.70, 348.26, 66626, 232.03, 2344, 38867, 58.34
REPL, EQ, 25-Sep-2026, 60.62, 64.05, 64.05, 60.11, 61.50, 61.49, 61.81, 3682, 2.28, 74, 2165, 58.80
REPRO, EQ, 25-Sep-2026, 302.20, 307.95, 307.95, 276.10, 300.00, 288.25, 284.77, 244479, 696.20, 4728, 163895, 67.04
RESPONIND, EQ, 25-Sep-2026, 158.02, 155.00, 171.62, 155.00, 162.48, 161.23, 166.11, 2449470, 4068.84, 35959, 302778, 12.36
RETAIL, EQ, 25-Sep-2026, 16.72, 17.98, 20.06, 16.36, 20.06, 20.06, 19.20, 111518, 21.41, 419, 102879, 92.25
REXPRO, SM, 25-Sep-2026, 34.85, 34.10, 35.00, 34.10, 35.00, 35.00, 34.50, 4000, 1.38, 4, 3000, 75.00
RFBL, ST, 25-Sep-2026, 101.00, 102.00, 102.00, 102.00, 102.00, 102.00, 102.00, 3000, 3.06, 1, 3000, 100.00
RGL, EQ, 25-Sep-2026, 166.30, 165.00, 169.74, 164.37, 166.35, 167.47, 167.92, 471415, 791.62, 10168, 164370, 34.87
RHETAN, EQ, 25-Sep-2026, 15.96, 15.17, 15.17, 15.17, 15.17, 15.17, 15.17, 803125, 121.83, 1186, 803120, 100.00
RHFL, BZ, 25-Sep-2026, 1.68, 1.65, 1.68, 1.63, 1.67, 1.65, 1.65, 670706, 11.08, 862, -, -
RHIM, EQ, 25-Sep-2026, 383.80, 385.00, 388.05, 378.30, 386.00, 386.45, 383.93, 281131, 1079.34, 10293, 98659, 35.09
RHL, EQ, 25-Sep-2026, 177.76, 170.57, 177.00, 170.56, 175.78, 171.41, 172.41, 1365, 2.35, 33, 1299, 95.16
RICHA, SM, 25-Sep-2026, 82.50, 78.00, 78.00, 78.00, 78.00, 78.00, 78.00, 1000, 0.78, 1, 1000, 100.00
RICOAUTO, EQ, 25-Sep-2026, 130.67, 131.40, 134.68, 129.61, 132.11, 132.23, 132.19, 946822, 1251.58, 13193, 283587, 29.95
RIIL, EQ, 25-Sep-2026, 703.45, 703.00, 703.45, 686.50, 693.20, 694.55, 696.34, 47746, 332.48, 2375, 18065, 37.84
RIIT, IV, 25-Sep-2026, 118.91, 118.91, 121.22, 118.91, 120.00, 119.36, 120.00, 470877, 565.06, 6067, 444656, 94.43
RILINFRA, SM, 25-Sep-2026, 33.20, 33.00, 33.50, 32.25, 32.30, 32.80, 32.96, 11600, 3.82, 31, 10600, 91.38
RIR, EQ, 25-Sep-2026, 184.03, 183.85, 193.88, 181.70, 188.00, 188.01, 187.81, 2076996, 3900.71, 22665, 335960, 16.18
RISHABH, EQ, 25-Sep-2026, 704.55, 702.00, 723.45, 692.70, 715.30, 711.80, 708.51, 220502, 1562.28, 11195, 90594, 41.09
RITCO, EQ, 25-Sep-2026, 286.10, 288.00, 292.15, 284.00, 284.00, 285.70, 285.96, 32924, 94.15, 893, 18935, 57.51
RITES, EQ, 25-Sep-2026, 201.74, 201.50, 203.57, 198.52, 199.20, 199.31, 199.76, 342582, 684.34, 11207, 162022, 47.29
RITEZONE, SM, 25-Sep-2026, 18.50, 17.75, 17.75, 17.60, 17.60, 17.60, 17.65, 8000, 1.41, 4, 4800, 60.00
RKDL, EQ, 25-Sep-2026, 18.66, 18.98, 18.98, 18.35, 18.60, 18.60, 18.57, 1964, 0.36, 61, 1341, 68.28
RKEC, EQ, 25-Sep-2026, 22.84, 26.00, 27.40, 23.52, 24.40, 24.26, 25.86, 768771, 198.83, 3356, 262150, 34.10
RKFORGE, EQ, 25-Sep-2026, 709.55, 709.00, 715.50, 695.65, 710.00, 704.50, 703.91, 285768, 2011.55, 13143, 138036, 48.30
RKSWAMY, EQ, 25-Sep-2026, 91.72, 90.75, 94.49, 90.05, 90.11, 90.59, 91.15, 24773, 22.58, 389, 17687, 71.40
RMC, EQ, 25-Sep-2026, 216.75, 216.70, 224.17, 209.62, 218.50, 219.89, 214.64, 22974, 49.31, 1138, 11153, 48.55
RMDRIP, BE, 25-Sep-2026, 23.50, 23.50, 23.99, 23.50, 23.76, 23.62, 23.52, 233249, 54.87, 329, -, -
RML, EQ, 25-Sep-2026, 1362.80, 1369.60, 1379.20, 1301.10, 1330.80, 1322.30, 1331.36, 45192, 601.67, 6093, 18564, 41.08
RNBDENIMS, BE, 25-Sep-2026, 9.14, 9.37, 9.37, 9.01, 9.14, 9.04, 9.11, 140860, 12.84, 401, -, -
RNFI, SM, 25-Sep-2026, 318.30, 323.75, 323.75, 312.60, 317.00, 317.25, 316.41, 24000, 75.94, 37, 13200, 55.00
RNPL, SM, 25-Sep-2026, 56.85, 59.65, 59.65, 59.60, 59.65, 59.65, 59.64, 4800, 2.86, 4, 3600, 75.00
ROCKINGDCE, SM, 25-Sep-2026, 218.50, 218.55, 222.50, 217.00, 222.50, 222.50, 219.23, 1750, 3.84, 7, 1250, 71.43
ROCKPP, E1, 25-Sep-2026, 70.40, 63.45, 63.45, 63.45, 63.45, 63.45, 63.45, 4000, 2.54, 2, 4000, 100.00
ROHLTD, EQ, 25-Sep-2026, 304.00, 304.70, 311.40, 302.00, 309.80, 308.60, 307.13, 24782, 76.11, 894, 17109, 69.04
ROLEXRINGS, EQ, 25-Sep-2026, 181.41, 182.80, 196.83, 180.58, 195.15, 195.35, 191.24, 7169312, 13710.68, 66834, 2162377, 30.16
ROLLT, BE, 25-Sep-2026, 6.09, 5.79, 5.79, 5.79, 5.79, 5.79, 5.79, 49883, 2.89, 177, -, -
ROML, EQ, 25-Sep-2026, 41.87, 42.42, 42.90, 42.00, 42.90, 42.79, 42.42, 1512, 0.64, 29, 1075, 71.10
ROSSARI, EQ, 25-Sep-2026, 446.50, 448.05, 448.95, 440.05, 445.00, 444.20, 444.84, 20447, 90.96, 2044, 11402, 55.76
ROSSELLIND, EQ, 25-Sep-2026, 51.73, 52.26, 52.26, 51.00, 52.25, 51.63, 51.45, 25615, 13.18, 1472, 12875, 50.26
ROSSTECH, EQ, 25-Sep-2026, 1418.90, 1415.30, 1445.20, 1380.00, 1398.00, 1402.70, 1407.63, 132626, 1866.88, 14067, 48745, 36.75
ROTO, EQ, 25-Sep-2026, 63.77, 63.77, 64.99, 62.41, 62.60, 62.80, 63.48, 388024, 246.33, 3810, 133970, 34.53
ROUTE, EQ, 25-Sep-2026, 464.30, 464.30, 465.45, 458.00, 465.00, 463.00, 461.23, 100904, 465.40, 5046, 40328, 39.97
ROXHITECH, SM, 25-Sep-2026, 47.35, 47.00, 47.00, 46.10, 46.10, 46.10, 46.47, 8000, 3.72, 5, 8000, 100.00
RPEL, EQ, 25-Sep-2026, 1698.40, 1698.40, 1732.90, 1670.50, 1675.00, 1699.50, 1700.96, 49098, 835.14, 5859, 26260, 53.48
RPGLIFE, EQ, 25-Sep-2026, 2899.90, 2878.00, 3127.80, 2863.50, 3055.00, 3050.60, 3014.37, 111001, 3345.99, 12415, 54842, 49.41
RPOWER, EQ, 25-Sep-2026, 20.67, 20.70, 20.75, 20.29, 20.62, 20.57, 20.45, 14606424, 2986.95, 25091, 4866736, 33.32
RPPINFRA, EQ, 25-Sep-2026, 54.41, 53.25, 54.95, 53.00, 53.52, 53.63, 53.41, 57550, 30.74, 651, 41118, 71.45
RPPL, BE, 25-Sep-2026, 19.70, 19.82, 19.95, 18.90, 19.20, 19.00, 19.18, 44264, 8.49, 183, -, -
RPSGVENT, EQ, 25-Sep-2026, 844.45, 840.05, 843.95, 832.50, 836.20, 837.30, 839.46, 25180, 211.38, 822, 21453, 85.20
RPTECH, EQ, 25-Sep-2026, 883.50, 888.00, 900.00, 877.35, 886.20, 893.00, 890.80, 214767, 1913.15, 13293, 93814, 43.68
RRECL, EQ, 25-Sep-2026, 133.12, 132.95, 132.95, 121.03, 122.00, 123.40, 123.46, 343, 0.42, 23, 330, 96.21
RRIL, EQ, 25-Sep-2026, 16.17, 16.20, 16.25, 15.30, 15.95, 16.01, 15.88, 17486, 2.78, 99, 14395, 82.32
RRKABEL, EQ, 25-Sep-2026, 2529.80, 2550.00, 2567.70, 2482.60, 2529.90, 2528.30, 2520.96, 206897, 5215.78, 22384, 68726, 33.22
RSDFIN, BE, 25-Sep-2026, 90.00, 94.49, 94.49, 94.00, 94.49, 94.49, 94.46, 2501, 2.36, 8, -, -
RSL, EQ, 25-Sep-2026, 181.92, 183.40, 186.51, 181.01, 184.00, 183.46, 184.13, 126146, 232.27, 3201, 46473, 36.84
RSSOFTWARE, EQ, 25-Sep-2026, 31.24, 31.60, 31.69, 29.96, 30.35, 30.56, 30.43, 24481, 7.45, 187, 19287, 78.78
RSWM, EQ, 25-Sep-2026, 220.51, 218.35, 222.49, 215.00, 219.00, 218.34, 217.77, 46759, 101.83, 1402, 22317, 47.73
RSYSTEMS, EQ, 25-Sep-2026, 237.43, 237.42, 239.88, 232.26, 237.00, 235.62, 235.21, 128718, 302.75, 3292, 61881, 48.07
RTNINDIA, EQ, 25-Sep-2026, 26.57, 26.80, 27.40, 26.28, 27.09, 26.96, 26.65, 923840, 246.22, 5317, 397265, 43.00
RTNPOWER, EQ, 25-Sep-2026, 7.02, 7.02, 7.05, 6.88, 7.01, 7.00, 6.96, 14384293, 1001.65, 13510, 6734683, 46.82
RTSPOWR, EQ, 25-Sep-2026, 87.16, 90.00, 104.59, 90.00, 104.59, 104.59, 103.89, 14220, 14.77, 143, 13730, 96.55
RUBFILA, EQ, 25-Sep-2026, 63.79, 65.07, 65.07, 63.10, 64.00, 63.31, 63.85, 56164, 35.86, 926, 31501, 56.09
RUBICON, EQ, 25-Sep-2026, 1676.10, 1679.30, 1695.90, 1661.10, 1672.00, 1676.30, 1681.44, 128501, 2160.66, 17199, 64093, 49.88
RUBYMILLS, EQ, 25-Sep-2026, 494.60, 485.00, 505.00, 482.70, 499.00, 491.85, 494.98, 13428, 66.47, 1072, 6029, 44.90
RUCHINFRA, EQ, 25-Sep-2026, 5.13, 5.44, 5.44, 4.98, 5.05, 5.09, 5.08, 32572, 1.66, 255, 27089, 83.17
RUCHIRA, EQ, 25-Sep-2026, 104.53, 104.16, 105.94, 104.00, 105.75, 104.96, 104.94, 24880, 26.11, 591, 17008, 68.36
RUDRA, EQ, 25-Sep-2026, 19.26, 19.17, 19.99, 19.17, 19.67, 19.45, 19.51, 14673, 2.86, 105, 9401, 64.07
RULKA, SM, 25-Sep-2026, 106.95, 105.90, 106.10, 102.00, 102.00, 102.60, 103.85, 3900, 4.05, 13, 3300, 84.62
RUPA, EQ, 25-Sep-2026, 136.00, 136.86, 136.88, 133.54, 135.10, 136.07, 134.59, 115990, 156.11, 3738, 61543, 53.06
RUSHIL, EQ, 25-Sep-2026, 16.63, 16.98, 16.98, 15.81, 16.16, 16.10, 16.06, 674897, 108.39, 1087, 430009, 63.71
RUSTOMJEE, EQ, 25-Sep-2026, 364.00, 364.05, 372.90, 360.70, 364.00, 366.50, 364.24, 537143, 1956.49, 3326, 506799, 94.35
RVHL, EQ, 25-Sep-2026, 38.83, 39.00, 39.49, 38.02, 39.38, 39.32, 39.12, 689, 0.27, 45, 493, 71.55
RVNL, EQ, 25-Sep-2026, 206.00, 206.00, 207.33, 203.92, 207.00, 207.00, 205.92, 2405229, 4952.83, 26890, 660997, 27.48
RVTH, EQ, 25-Sep-2026, 661.00, 660.00, 677.00, 640.05, 677.00, 654.60, 657.31, 874, 5.74, 88, 656, 75.06
S&SPOWER, EQ, 25-Sep-2026, 315.35, 315.35, 329.75, 304.80, 310.00, 307.90, 311.82, 6820, 21.27, 311, 4039, 59.22
SAAKSHI, ST, 25-Sep-2026, 373.15, 365.70, 365.70, 365.70, 365.70, 365.70, 365.70, 6600, 24.14, 10, 6000, 90.91
SAATVIKGL, EQ, 25-Sep-2026, 437.95, 437.00, 442.95, 424.30, 426.50, 427.45, 430.32, 92616, 398.54, 2994, 64636, 69.79
SAB, EQ, 25-Sep-2026, 170.00, 170.00, 170.00, 170.00, 170.00, 170.00, 170.00, 5, 0.01, 1, 5, 100.00
SACHEEROME, SM, 25-Sep-2026, 480.85, 476.05, 488.95, 476.05, 480.10, 480.10, 483.72, 9600, 46.44, 26, 6900, 71.88
SADBHAV, EQ, 25-Sep-2026, 7.54, 7.55, 7.57, 7.39, 7.50, 7.46, 7.48, 98193, 7.35, 245, 69093, 70.36
SADBHIN, EQ, 25-Sep-2026, 2.59, 2.61, 2.71, 2.57, 2.67, 2.65, 2.64, 103401, 2.73, 225, 88280, 85.38
SADHAV, SM, 25-Sep-2026, 105.00, 106.70, 106.70, 104.00, 104.00, 104.00, 104.90, 1800, 1.89, 2, 1800, 100.00
SADHNANIQ, BE, 25-Sep-2026, 2.82, 2.84, 2.90, 2.68, 2.84, 2.82, 2.75, 2654259, 73.12, 1169, -, -
SAFARI, EQ, 25-Sep-2026, 1481.20, 1481.00, 1492.10, 1455.00, 1463.50, 1464.20, 1466.36, 44195, 648.06, 11159, 29842, 67.52
SAFEENTP, SM, 25-Sep-2026, 244.65, 244.65, 253.00, 241.00, 251.75, 250.20, 248.36, 75500, 187.51, 116, 60500, 80.13
SAGARDEEP, EQ, 25-Sep-2026, 23.70, 24.17, 24.17, 23.12, 23.17, 23.19, 23.23, 7598, 1.77, 85, 4141, 54.50
SAGCEM, EQ, 25-Sep-2026, 151.76, 151.72, 153.00, 150.02, 152.99, 152.64, 151.44, 8476, 12.84, 348, 4512, 53.23
SAGILITY, EQ, 25-Sep-2026, 45.00, 45.20, 45.25, 44.17, 44.69, 44.69, 44.58, 9623863, 4290.12, 18928, 4518731, 46.95
SAHAJSOLAR, SM, 25-Sep-2026, 89.35, 87.15, 90.20, 84.50, 89.95, 90.00, 87.75, 39200, 34.40, 93, 27200, 69.39
SAHANA, SM, 25-Sep-2026, 851.15, 879.00, 888.00, 860.00, 860.10, 861.30, 869.83, 26250, 228.33, 114, 15150, 57.71
SAHASRA, SM, 25-Sep-2026, 408.45, 410.00, 428.85, 391.30, 428.85, 428.85, 414.48, 408400, 1692.73, 753, 266800, 65.33
SAHLIBHFI, EQ, 25-Sep-2026, 78.24, 79.49, 79.90, 76.60, 78.25, 77.55, 78.17, 21320, 16.67, 451, 12845, 60.25
SAHYADRI, EQ, 25-Sep-2026, 366.85, 369.00, 369.00, 355.00, 361.20, 362.60, 360.79, 5630, 20.31, 372, 2715, 48.22
SAICAPI, EQ, 25-Sep-2026, 146.03, 155.45, 159.70, 150.10, 156.99, 156.99, 155.87, 117, 0.18, 14, 107, 91.45
SAIFL, SM, 25-Sep-2026, 4.30, 4.25, 4.25, 4.15, 4.25, 4.25, 4.21, 140000, 5.89, 29, 108000, 77.14
SAIL, EQ, 25-Sep-2026, 184.00, 184.64, 186.05, 182.77, 185.00, 185.00, 184.54, 9681139, 17865.15, 48062, 2541221, 26.25
SAILIFE, EQ, 25-Sep-2026, 1594.90, 1590.00, 1623.40, 1581.00, 1594.90, 1592.20, 1596.74, 265877, 4245.36, 24905, 137731, 51.80
SAIPARENT, EQ, 25-Sep-2026, 506.40, 509.95, 510.95, 502.10, 502.10, 503.95, 505.54, 29566, 149.47, 1350, 18464, 62.45
SAKAR, EQ, 25-Sep-2026, 1128.55, 1125.10, 1189.50, 1125.10, 1131.90, 1135.85, 1157.07, 99278, 1148.72, 8449, 45065, 45.39
SAKHTISUG, EQ, 25-Sep-2026, 17.96, 17.96, 19.70, 17.96, 18.90, 19.00, 18.94, 624810, 118.32, 2270, 317481, 50.81
SAKSOFT, EQ, 25-Sep-2026, 143.53, 142.47, 143.08, 141.15, 142.68, 141.52, 141.90, 115426, 163.79, 2377, 63149, 54.71
SAKUMA, EQ, 25-Sep-2026, 1.66, 1.68, 1.72, 1.66, 1.67, 1.67, 1.69, 1169361, 19.72, 918, 730608, 62.48
SALASAR, EQ, 25-Sep-2026, 4.91, 4.93, 4.93, 4.66, 4.74, 4.70, 4.74, 9245213, 438.23, 6275, 6343641, 68.62
SALONA, EQ, 25-Sep-2026, 274.25, 273.75, 279.70, 265.60, 274.75, 274.75, 274.26, 359, 0.98, 91, 319, 88.86
SALSTEEL, EQ, 25-Sep-2026, 89.27, 91.60, 93.72, 90.99, 93.63, 93.60, 93.15, 741473, 690.66, 3994, 369491, 49.83
SALZERELEC, EQ, 25-Sep-2026, 538.65, 535.00, 544.35, 532.55, 539.95, 541.25, 537.05, 21706, 116.57, 1501, 10571, 48.70
SAMAY, ST, 25-Sep-2026, 47.80, 47.75, 47.75, 47.75, 47.75, 47.75, 47.75, 4000, 1.91, 1, 4000, 100.00
SAMBANDAM, EQ, 25-Sep-2026, 107.00, 107.00, 111.90, 107.00, 111.80, 111.83, 110.95, 1662, 1.84, 27, 1647, 99.10
SAMBHAAV, EQ, 25-Sep-2026, 5.89, 5.77, 6.89, 5.52, 5.94, 5.92, 5.84, 82882, 4.84, 192, 42238, 50.96
SAMBHV, EQ, 25-Sep-2026, 152.36, 153.50, 160.98, 149.37, 159.00, 159.12, 157.05, 5127428, 8052.56, 50862, 1453198, 28.34
SAMHI, EQ, 25-Sep-2026, 158.94, 158.25, 160.90, 157.50, 159.21, 159.19, 159.11, 352713, 561.21, 9069, 177095, 50.21
SAMMAANCAP, EQ, 25-Sep-2026, 140.55, 141.78, 141.78, 138.90, 140.53, 140.61, 140.18, 3454356, 4842.15, 20830, 1496479, 43.32
SAMPANN, EQ, 25-Sep-2026, 24.08, 24.50, 26.40, 23.07, 25.35, 24.56, 24.33, 37461, 9.11, 231, 32289, 86.19
SANATHAN, EQ, 25-Sep-2026, 529.25, 537.00, 544.00, 520.00, 523.25, 523.20, 531.51, 189507, 1007.25, 12410, 95222, 50.25
SANDESH, EQ, 25-Sep-2026, 1014.30, 1025.00, 1045.00, 1012.40, 1030.00, 1034.40, 1034.75, 566, 5.86, 69, 423, 74.73
SANDHAR, EQ, 25-Sep-2026, 575.65, 576.00, 580.80, 568.55, 576.60, 574.00, 574.12, 88878, 510.26, 5290, 44907, 50.53
SANDUMA, EQ, 25-Sep-2026, 183.11, 183.00, 185.35, 181.35, 184.65, 184.79, 183.01, 337776, 618.17, 8877, 167558, 49.61
SANGAMIND, EQ, 25-Sep-2026, 579.70, 584.00, 624.90, 571.05, 619.00, 619.90, 610.80, 434786, 2655.68, 14752, 110550, 25.43
SANGANI, SM, 25-Sep-2026, 51.10, 53.50, 53.65, 53.50, 53.65, 53.65, 53.58, 3000, 1.61, 2, 3000, 100.00
SANGHVIMOV, EQ, 25-Sep-2026, 446.45, 447.00, 461.95, 443.05, 456.40, 456.00, 454.71, 269827, 1226.92, 10451, 129430, 47.97
SANOFI, EQ, 25-Sep-2026, 3132.70, 3120.20, 3175.00, 3120.20, 3143.40, 3140.20, 3142.25, 13319, 418.52, 3058, 4113, 30.88
SANOFICONR, EQ, 25-Sep-2026, 3971.30, 3980.00, 4010.10, 3926.00, 3938.00, 3945.30, 3940.20, 3342, 131.68, 1186, 1800, 53.86
SANSERA, EQ, 25-Sep-2026, 4605.60, 4629.60, 4734.70, 4570.00, 4670.00, 4662.40, 4658.88, 315334, 14691.03, 49591, 148371, 47.05
SANSTAR, EQ, 25-Sep-2026, 109.40, 108.90, 109.81, 107.80, 108.74, 108.42, 108.54, 55139, 59.85, 1002, 29197, 52.95
SANWARIA, BZ, 25-Sep-2026, 0.19, 0.19, 0.20, 0.19, 0.20, 0.19, 0.20, 332535, 0.65, 117, -, -
SAPPHIRE, EQ, 25-Sep-2026, 225.70, 226.00, 227.69, 220.50, 223.00, 223.61, 222.97, 366017, 816.12, 11376, 136870, 37.39
SAPPL, EQ, 25-Sep-2026, 278.15, 276.00, 286.70, 274.95, 276.90, 276.90, 278.23, 148, 0.41, 15, 118, 79.73
SARDAEN, EQ, 25-Sep-2026, 499.45, 499.45, 505.00, 491.90, 493.90, 493.15, 496.85, 250490, 1244.55, 15702, 148576, 59.31
SAREGAMA, EQ, 25-Sep-2026, 498.45, 497.85, 504.20, 492.00, 495.10, 496.90, 497.94, 197993, 985.89, 8186, 96024, 48.50
SARLAPOLY, EQ, 25-Sep-2026, 99.99, 99.99, 101.70, 99.43, 100.00, 100.29, 100.10, 42794, 42.84, 499, 33523, 78.34
SAROJA, SM, 25-Sep-2026, 40.90, 38.90, 38.90, 38.90, 38.90, 38.90, 38.90, 1600, 0.62, 1, 1600, 100.00
SARTELE, SM, 25-Sep-2026, 98.40, 96.95, 98.15, 89.00, 90.50, 91.65, 92.45, 111000, 102.62, 204, 60000, 54.05
SARVESHWAR, EQ, 25-Sep-2026, 3.63, 3.69, 3.69, 3.31, 3.55, 3.53, 3.50, 3010745, 105.25, 2751, 1778220, 59.06
SASKEN, EQ, 25-Sep-2026, 1736.80, 1768.00, 1768.00, 1684.00, 1696.00, 1691.10, 1703.48, 33465, 570.07, 3208, 21803, 65.15
SATECH, SM, 25-Sep-2026, 36.10, 34.00, 37.00, 34.00, 37.00, 35.95, 35.46, 12000, 4.26, 10, 9000, 75.00
SATIA, EQ, 25-Sep-2026, 67.67, 68.39, 69.50, 66.60, 67.20, 67.00, 67.44, 76122, 51.33, 1186, 42529, 55.87
SATIN, EQ, 25-Sep-2026, 226.15, 224.89, 238.78, 223.28, 237.30, 236.65, 231.93, 421528, 977.63, 7437, 226742, 53.79
SATIPOLY, SM, 25-Sep-2026, 33.50, 32.10, 33.00, 32.00, 33.00, 33.00, 32.37, 1500, 0.49, 3, 1000, 66.67
SATKARTAR, SM, 25-Sep-2026, 179.45, 179.00, 194.00, 165.00, 187.10, 187.70, 181.96, 188800, 343.54, 192, 142400, 75.42
SATTVAENGG, SM, 25-Sep-2026, 57.30, 57.95, 59.00, 57.95, 58.85, 58.85, 58.80, 14400, 8.47, 8, 14400, 100.00
SAURASHCEM, EQ, 25-Sep-2026, 52.76, 53.00, 56.90, 52.40, 55.30, 55.72, 55.33, 427455, 236.50, 4599, 171163, 40.04
SAVY, SM, 25-Sep-2026, 136.05, 136.00, 136.05, 135.00, 135.10, 135.10, 135.63, 6000, 8.14, 5, 4800, 80.00
SAWALIYA, SM, 25-Sep-2026, 158.95, 158.20, 158.50, 156.00, 156.00, 156.00, 158.06, 6600, 10.43, 5, 6600, 100.00
SAYAJIIND, EQ, 25-Sep-2026, 122.00, 120.00, 120.00, 120.00, 120.00, 120.00, 120.00, 501, 0.60, 7, 501, 100.00
SBC, EQ, 25-Sep-2026, 48.01, 48.14, 53.74, 48.05, 53.00, 53.02, 50.91, 23868200, 12151.95, 35552, 7413712, 31.06
SBCL, EQ, 25-Sep-2026, 1143.20, 1166.00, 1166.00, 1130.10, 1149.00, 1154.50, 1148.61, 142912, 1641.51, 10233, 68245, 47.75
SBFC, EQ, 25-Sep-2026, 89.14, 89.14, 89.94, 88.10, 88.96, 88.86, 88.76, 779068, 691.50, 7079, 467940, 60.06
SBGLP, EQ, 25-Sep-2026, 22.89, 23.69, 24.95, 23.25, 23.49, 23.55, 23.77, 61789, 14.69, 574, 31235, 50.55
SBIBPB, EQ, 25-Sep-2026, 48.03, 48.50, 48.50, 48.07, 48.23, 48.09, 48.16, 16193, 7.80, 258, 9710, 59.96
SBICARD, EQ, 25-Sep-2026, 618.40, 617.00, 621.65, 606.70, 611.20, 611.20, 613.10, 1310548, 8035.02, 37898, 663930, 50.66
SBIETFCON, EQ, 25-Sep-2026, 117.45, 117.45, 118.98, 117.26, 117.35, 117.65, 117.69, 2524, 2.97, 68, 1537, 60.90
SBIETFIT, EQ, 25-Sep-2026, 312.82, 315.95, 315.95, 308.78, 311.16, 312.14, 311.16, 4550, 14.16, 200, 2839, 62.40
SBIETFPB, EQ, 25-Sep-2026, 275.05, 276.94, 277.00, 273.23, 277.00, 274.29, 274.61, 4586, 12.59, 83, 4160, 90.71
SBIETFQLTY, EQ, 25-Sep-2026, 211.29, 212.34, 212.79, 210.94, 212.40, 212.19, 211.88, 968, 2.05, 61, 739, 76.34
SBIFUNDS, EQ, 25-Sep-2026, 537.60, 537.45, 539.90, 528.05, 532.80, 531.15, 531.84, 924166, 4915.08, 57814, 482795, 52.24
SBILIFE, EQ, 25-Sep-2026, 1755.00, 1755.00, 1758.40, 1732.30, 1742.00, 1742.00, 1746.79, 1018504, 17791.13, 50423, 577919, 56.74
SBILIQETF, EQ, 25-Sep-2026, 1057.19, 1057.60, 1057.62, 1057.60, 1057.62, 1057.62, 1057.62, 54249, 573.75, 67, 53116, 97.91
SBIMIDMOM, EQ, 25-Sep-2026, 62.44, 62.65, 64.45, 62.25, 62.30, 62.41, 62.43, 45114, 28.16, 193, 43251, 95.87
SBIN, EQ, 25-Sep-2026, 978.50, 980.80, 985.70, 977.00, 983.00, 983.00, 980.93, 3759097, 36874.05, 100755, 1679428, 44.68
SBINEQWETF, EQ, 25-Sep-2026, 32.17, 32.22, 32.49, 32.02, 32.49, 32.15, 32.16, 15234, 4.90, 167, 11830, 77.66
SBINMID150, EQ, 25-Sep-2026, 22.61, 22.99, 23.20, 22.35, 22.97, 22.61, 22.40, 94237, 21.11, 158, 72912, 77.37
SBISILVER, EQ, 25-Sep-2026, 221.28, 221.90, 224.54, 220.85, 224.52, 224.28, 223.42, 669388, 1495.52, 7403, 420540, 62.82
SBISMLETF, EQ, 25-Sep-2026, 18.20, 18.20, 18.38, 18.10, 18.25, 18.16, 18.16, 38701, 7.03, 212, 26234, 67.79
SBIVALETF, EQ, 25-Sep-2026, 14.43, 14.50, 14.50, 14.37, 14.38, 14.37, 14.39, 7112, 1.02, 43, 6410, 90.13
SCANSTL, BE, 25-Sep-2026, 50.99, 51.99, 53.53, 50.50, 53.52, 53.01, 52.40, 28106, 14.73, 114, -, -
SCHAEFFLER, EQ, 25-Sep-2026, 4024.20, 4033.00, 4041.50, 3968.00, 3999.00, 4007.70, 3997.53, 20334, 812.86, 5636, 8827, 43.41
SCHAND, EQ, 25-Sep-2026, 137.13, 137.00, 145.60, 137.00, 145.40, 145.18, 141.80, 66326, 94.05, 2178, 38557, 58.13
SCHNEIDER, EQ, 25-Sep-2026, 1218.80, 1218.80, 1236.00, 1204.10, 1211.00, 1209.50, 1215.69, 169734, 2063.44, 13468, 116074, 68.39
SCI, EQ, 25-Sep-2026, 276.60, 276.75, 277.70, 271.80, 274.70, 274.40, 273.87, 840491, 2301.85, 19637, 294169, 35.00
SCILAL, EQ, 25-Sep-2026, 37.29, 37.25, 37.59, 36.90, 37.10, 37.14, 37.09, 203912, 75.63, 2664, 125615, 61.60
SCML, SM, 25-Sep-2026, 75.00, 75.00, 75.00, 75.00, 75.00, 75.00, 75.00, 1000, 0.75, 1, 1000, 100.00
SCODATUBES, EQ, 25-Sep-2026, 133.79, 134.46, 139.97, 131.45, 137.00, 136.61, 135.74, 618113, 839.04, 6101, 260712, 42.18
SCPL, BE, 25-Sep-2026, 630.55, 641.00, 647.95, 628.10, 639.90, 632.10, 639.60, 2669, 17.07, 103, -, -
SDBL, EQ, 25-Sep-2026, 67.24, 72.70, 76.21, 71.32, 73.99, 74.36, 74.71, 22824335, 17053.19, 91999, 2251734, 9.87
SEAMECLTD, EQ, 25-Sep-2026, 1730.10, 1739.00, 1739.10, 1695.20, 1711.00, 1712.20, 1714.01, 31625, 542.06, 3841, 18061, 57.11
SECLEDBETA, EQ, 25-Sep-2026, 14.25, 14.32, 14.92, 14.20, 14.92, 14.92, 14.24, 1179, 0.17, 16, 1178, 99.92
SECMARK, EQ, 25-Sep-2026, 142.50, 130.05, 146.30, 130.00, 141.00, 137.12, 135.27, 2594, 3.51, 113, 1407, 54.24
SECURKLOUD, EQ, 25-Sep-2026, 16.72, 16.31, 17.13, 16.31, 17.13, 17.10, 16.92, 10085, 1.71, 84, 8172, 81.03
SEDEMAC, EQ, 25-Sep-2026, 3313.60, 3355.00, 3545.00, 3271.40, 3450.00, 3444.90, 3391.05, 801056, 27164.18, 92454, 162581, 20.30
SEIL, EQ, 25-Sep-2026, 194.69, 196.27, 196.27, 190.05, 193.60, 191.94, 191.93, 148612, 285.23, 1485, 95829, 64.48
SEITINVIT, IV, 25-Sep-2026, 124.00, 121.05, 122.50, 121.05, 122.49, 122.49, 122.48, 3275000, 4011.14, 12, 3250000, 99.24
SEJALLTD, EQ, 25-Sep-2026, 683.05, 687.95, 688.50, 656.00, 688.50, 682.70, 676.67, 152803, 1033.97, 242, 150780, 98.68
SEKURITIND, EQ, 25-Sep-2026, 111.52, 112.97, 113.00, 111.00, 111.95, 111.93, 112.07, 10797, 12.10, 249, 5034, 46.62
SEL, SM, 25-Sep-2026, 356.35, 339.05, 371.00, 338.55, 341.00, 343.25, 348.73, 3000, 10.46, 15, 2600, 86.67
SELECTIPO, EQ, 25-Sep-2026, 47.51, 47.50, 47.60, 46.99, 47.18, 47.20, 47.18, 63354, 29.89, 150, 33695, 53.19
SELLOWRAP, SM, 25-Sep-2026, 64.70, 65.35, 65.35, 64.80, 64.80, 64.80, 65.00, 4800, 3.12, 3, 4800, 100.00
SEMAC, EQ, 25-Sep-2026, 268.40, 268.40, 268.40, 255.00, 255.00, 255.00, 256.46, 1613, 4.14, 50, 1613, 100.00
SENCO, EQ, 25-Sep-2026, 336.00, 336.00, 336.00, 327.55, 330.00, 331.10, 330.24, 681767, 2251.44, 27065, 283789, 41.63
SENORES, EQ, 25-Sep-2026, 1344.30, 1344.30, 1394.40, 1336.30, 1350.10, 1355.20, 1365.14, 280996, 3835.99, 26947, 105485, 37.54
SENSEXADD, EQ, 25-Sep-2026, 76.33, 76.27, 77.00, 76.00, 76.05, 76.28, 76.23, 4869, 3.71, 153, 3368, 69.17
SENSEXAXIS, EQ, 25-Sep-2026, 76.71, 77.47, 77.47, 76.50, 76.80, 76.80, 76.73, 111922, 85.88, 52, 101429, 90.62
SENSEXBETA, EQ, 25-Sep-2026, 821.01, 825.89, 825.90, 814.50, 814.50, 817.29, 816.62, 2350, 19.19, 121, 1621, 68.98
SENSEXETF, EQ, 25-Sep-2026, 76.18, 76.50, 76.50, 75.95, 76.25, 76.34, 76.31, 43637, 33.30, 271, 21236, 48.67
SENSEXIETF, EQ, 25-Sep-2026, 850.20, 851.01, 862.80, 847.10, 852.00, 851.76, 850.06, 12820, 108.98, 483, 7592, 59.22
SEPC, EQ, 25-Sep-2026, 5.12, 5.10, 5.17, 5.04, 5.12, 5.12, 5.10, 6035158, 307.88, 3392, 3128485, 51.84
SERVICE, SM, 25-Sep-2026, 66.35, 66.35, 66.35, 66.35, 66.35, 66.35, 66.35, 2000, 1.33, 1, 2000, 100.00
SERVOTECH, EQ, 25-Sep-2026, 70.29, 70.15, 71.19, 69.51, 71.19, 70.76, 70.25, 379256, 266.43, 4313, 190433, 50.21
SESHAPAPER, EQ, 25-Sep-2026, 244.74, 244.00, 248.08, 240.20, 245.06, 246.27, 245.18, 34098, 83.60, 1081, 19178, 56.24
SETCO, BE, 25-Sep-2026, 17.89, 18.60, 18.78, 18.00, 18.56, 18.47, 18.53, 119430, 22.14, 270, -, -
SETF10GILT, EQ, 25-Sep-2026, 263.36, 262.26, 263.40, 261.02, 262.51, 262.51, 261.65, 4755, 12.44, 66, 3979, 83.68
SETFGOLD, EQ, 25-Sep-2026, 127.35, 127.71, 128.49, 127.45, 128.49, 128.43, 128.14, 4855940, 6222.60, 9604, 3615553, 74.46
SETFNIF50, EQ, 25-Sep-2026, 249.39, 248.50, 250.95, 246.89, 249.72, 249.47, 249.22, 782484, 1950.09, 4423, 550978, 70.41
SETFNIFBK, EQ, 25-Sep-2026, 571.57, 557.28, 573.60, 557.28, 571.75, 571.30, 571.42, 27349, 156.28, 1058, 23040, 84.24
SETFNN50, EQ, 25-Sep-2026, 769.51, 765.66, 775.97, 764.37, 775.60, 770.95, 768.26, 77801, 597.71, 4279, 60015, 77.14
SETL, EQ, 25-Sep-2026, 402.80, 402.80, 405.80, 393.00, 402.70, 402.55, 398.50, 500272, 1993.57, 9248, 290473, 58.06
SETUINFRA, BZ, 25-Sep-2026, 0.56, 0.56, 0.56, 0.55, 0.55, 0.55, 0.55, 21886, 0.12, 33, -, -
SEYAIND, BE, 25-Sep-2026, 14.05, 14.33, 14.33, 13.81, 14.20, 13.87, 14.28, 20788, 2.97, 78, -, -
SFL, EQ, 25-Sep-2026, 642.40, 638.80, 644.90, 629.35, 635.00, 634.60, 634.78, 105699, 670.95, 8712, 54522, 51.58
SFML, SM, 25-Sep-2026, 20.90, 20.65, 20.65, 20.65, 20.65, 20.65, 20.65, 3200, 0.66, 2, 3200, 100.00
SGBAPR28I, GB, 25-Sep-2026, 15010.90, 15021.01, 15150.00, 15021.01, 15150.00, 15150.00, 15093.54, 347, 52.37, 87, 196, 56.48
SGBAUG27, GB, 25-Sep-2026, 14928.00, 15000.00, 15000.00, 15000.00, 15000.00, 15000.00, 15000.00, 153, 22.95, 5, 153, 100.00
SGBAUG28V, GB, 25-Sep-2026, 14938.06, 14940.01, 15139.99, 14938.07, 15023.01, 15055.85, 15064.79, 2113, 318.32, 129, 1927, 91.20
SGBAUG29V, GB, 25-Sep-2026, 15020.05, 15020.00, 15289.99, 14971.00, 15050.00, 15050.00, 15053.22, 217, 32.67, 58, 117, 53.92
SGBAUG30, GB, 25-Sep-2026, 15210.00, 15211.00, 15249.98, 15128.03, 15220.00, 15171.16, 15185.29, 135, 20.50, 49, 111, 82.22
SGBD29VIII, GB, 25-Sep-2026, 15000.00, 15006.00, 15120.00, 15000.00, 15120.00, 15119.99, 15055.01, 147, 22.13, 42, 89, 60.54
SGBDC27VII, GB, 25-Sep-2026, 14990.00, 15190.00, 15190.00, 15000.00, 15139.99, 15139.99, 15065.83, 18, 2.71, 12, 9, 50.00
SGBDE30III, GB, 25-Sep-2026, 15204.11, 15205.01, 15339.99, 15185.01, 15329.97, 15306.31, 15217.80, 61, 9.28, 24, 46, 75.41
SGBDE31III, GB, 25-Sep-2026, 15400.56, 15395.00, 15530.00, 15395.00, 15480.00, 15509.03, 15454.45, 820, 126.73, 152, 595, 72.56
SGBFEB27, GB, 25-Sep-2026, 14899.90, 15000.00, 15000.00, 15000.00, 15000.00, 15000.00, 15000.00, 3, 0.45, 1, 3, 100.00
SGBFEB28IX, GB, 25-Sep-2026, 15050.00, 14893.00, 14893.00, 14893.00, 14893.00, 14893.00, 14893.00, 1, 0.15, 1, 1, 100.00
SGBFEB29XI, GB, 25-Sep-2026, 14935.17, 14976.00, 14976.00, 14976.00, 14976.00, 14976.00, 14976.00, 3, 0.45, 3, 3, 100.00
SGBFEB32IV, GB, 25-Sep-2026, 15592.55, 15592.56, 15819.99, 15592.56, 15799.99, 15758.98, 15747.83, 1622, 255.43, 276, 1216, 74.97
SGBJAN29IX, GB, 25-Sep-2026, 14915.60, 14927.50, 15050.00, 14927.50, 15050.00, 15050.00, 14980.94, 28, 4.19, 14, 20, 71.43
SGBJAN29X, GB, 25-Sep-2026, 14916.80, 14921.01, 15079.00, 14921.01, 15044.80, 15044.80, 15000.11, 9, 1.35, 8, 6, 66.67
SGBJAN30IX, GB, 25-Sep-2026, 15145.00, 15021.01, 15156.40, 15021.01, 15156.40, 15104.93, 15084.06, 61, 9.20, 24, 46, 75.41
SGBJU29III, GB, 25-Sep-2026, 14922.32, 14921.01, 15048.00, 14921.01, 15048.00, 15045.77, 15027.30, 592, 88.96, 43, 571, 96.45
SGBJUL27, GB, 25-Sep-2026, 15050.00, 14870.00, 15010.01, 14870.00, 15010.01, 15010.01, 14973.16, 38, 5.69, 10, 37, 97.37
SGBJUL28IV, GB, 25-Sep-2026, 14895.90, 15189.98, 15189.98, 14940.00, 14960.00, 14962.78, 14968.19, 363, 54.33, 49, 319, 87.88
SGBJUL29IV, GB, 25-Sep-2026, 14999.89, 15074.89, 15150.26, 14931.01, 15000.00, 15000.06, 14999.04, 300, 45.00, 37, 286, 95.33
SGBJUN27, GB, 25-Sep-2026, 15030.00, 14808.00, 14998.00, 14808.00, 14998.00, 14998.00, 14924.61, 56, 8.36, 7, 41, 73.21
SGBJUN28, GB, 25-Sep-2026, 14925.83, 14925.83, 15044.00, 14925.83, 15040.00, 15040.00, 14981.40, 46, 6.89, 15, 29, 63.04
SGBJUN29II, GB, 25-Sep-2026, 14965.00, 14965.00, 15080.00, 14965.00, 15000.00, 15000.00, 15011.72, 29, 4.35, 7, 19, 65.52
SGBJUN30, GB, 25-Sep-2026, 15200.00, 15145.00, 15250.00, 15101.00, 15250.00, 15126.26, 15130.43, 147, 22.24, 56, 102, 69.39
SGBJUN31I, GB, 25-Sep-2026, 15325.92, 15325.93, 15399.99, 15275.00, 15354.90, 15371.39, 15340.19, 281, 43.11, 77, 188, 66.90
SGBMAR30X, GB, 25-Sep-2026, 15003.93, 15006.00, 15111.01, 15006.00, 15100.00, 15100.20, 15095.34, 21, 3.17, 10, 14, 66.67
SGBMAR31IV, GB, 25-Sep-2026, 15229.35, 15200.00, 15319.99, 15110.01, 15240.00, 15262.50, 15239.84, 46, 7.01, 30, 38, 82.61
SGBMAY28, GB, 25-Sep-2026, 14920.00, 14932.50, 15065.00, 14931.00, 15065.00, 15030.00, 14995.00, 77, 11.55, 15, 70, 90.91
SGBMAY29I, GB, 25-Sep-2026, 14936.00, 15090.00, 15099.99, 14940.00, 15050.00, 15050.00, 15025.13, 625, 93.91, 74, 495, 79.20
SGBMR29XII, GB, 25-Sep-2026, 14995.48, 14950.00, 15049.97, 14950.00, 14999.99, 14972.31, 14977.06, 263, 39.39, 57, 123, 46.77
SGBN28VIII, GB, 25-Sep-2026, 14949.98, 14951.00, 15045.00, 14951.00, 15045.00, 15038.64, 15019.65, 926, 139.08, 63, 896, 96.76
SGBNOV26, GB, 25-Sep-2026, 15150.00, 14810.01, 14900.00, 14810.01, 14900.00, 14900.00, 14870.00, 21, 3.12, 3, 21, 100.00
SGBNV29VII, GB, 25-Sep-2026, 14961.48, 15100.00, 15100.00, 15005.21, 15100.00, 15100.00, 15076.92, 284, 42.82, 24, 271, 95.42
SGBOC28VII, GB, 25-Sep-2026, 14951.00, 14951.00, 15100.01, 14951.00, 15100.01, 15100.01, 15096.24, 130, 19.63, 15, 124, 95.38
SGBOCT26, GB, 25-Sep-2026, 15105.00, 15001.00, 15100.00, 15001.00, 15100.00, 15100.00, 15052.84, 73, 10.99, 15, 62, 84.93
SGBOCT27, GB, 25-Sep-2026, 14950.50, 15000.00, 15200.00, 15000.00, 15200.00, 15200.00, 15066.67, 3, 0.45, 2, 3, 100.00
SGBSEP27, GB, 25-Sep-2026, 15000.00, 15000.00, 15400.00, 14751.00, 15400.00, 15026.96, 14955.10, 100, 14.96, 30, 41, 41.00
SGBSEP28VI, GB, 25-Sep-2026, 14899.06, 14912.00, 15020.00, 14912.00, 15020.00, 15004.16, 14991.53, 110, 16.49, 25, 97, 88.18
SGBSEP29VI, GB, 25-Sep-2026, 14942.72, 14948.10, 15050.00, 14948.10, 15050.00, 15048.66, 15001.59, 175, 26.25, 43, 140, 80.00
SGBSEP31II, GB, 25-Sep-2026, 15292.88, 15304.00, 15369.99, 15299.99, 15369.99, 15338.63, 15319.95, 650, 99.58, 150, 455, 70.00
SGFIN, EQ, 25-Sep-2026, 601.55, 603.00, 616.90, 596.20, 610.00, 609.70, 608.49, 137855, 838.84, 6411, 60468, 43.86
SGIL, EQ, 25-Sep-2026, 646.60, 655.00, 655.00, 626.30, 642.35, 642.50, 640.26, 4595, 29.42, 418, 2826, 61.50
SGL, EQ, 25-Sep-2026, 9.81, 10.18, 10.18, 8.90, 9.13, 9.03, 9.26, 64242, 5.95, 379, 48364, 75.28
SGLRES, EQ, 25-Sep-2026, 2.32, 2.37, 2.43, 2.26, 2.42, 2.39, 2.34, 31495, 0.74, 176, 22533, 71.54
SGMART, EQ, 25-Sep-2026, 717.15, 723.85, 743.20, 715.30, 727.80, 731.00, 732.18, 161034, 1179.06, 11917, 76212, 47.33
SGRL, EQ, 25-Sep-2026, 677.15, 684.00, 697.75, 636.80, 680.00, 673.75, 662.10, 41244, 273.08, 3714, 23402, 56.74
SHADOWFAX, EQ, 25-Sep-2026, 285.80, 286.00, 291.45, 280.95, 282.30, 282.45, 286.56, 2507956, 7186.90, 52928, 1321242, 52.68
SHAH, EQ, 25-Sep-2026, 3.20, 3.20, 3.24, 3.17, 3.23, 3.22, 3.21, 1640107, 52.65, 802, 1255147, 76.53
SHAHALLOYS, BE, 25-Sep-2026, 92.01, 92.30, 94.50, 91.10, 94.40, 92.83, 92.10, 58660, 54.03, 83, -, -
SHAILY, EQ, 25-Sep-2026, 3112.10, 3122.00, 3220.00, 3100.10, 3209.90, 3142.30, 3129.87, 76625, 2398.26, 10324, 32494, 42.41
SHAKTIPUMP, EQ, 25-Sep-2026, 472.15, 471.50, 471.50, 463.00, 467.45, 466.90, 466.43, 205670, 959.31, 10658, 82306, 40.02
SHALBY, EQ, 25-Sep-2026, 143.77, 143.00, 148.80, 143.00, 147.70, 147.12, 146.57, 106923, 156.72, 2554, 44170, 41.31
SHALPAINTS, BE, 25-Sep-2026, 76.65, 76.02, 80.20, 74.50, 76.99, 76.85, 76.43, 83223, 63.61, 431, -, -
SHANKARA, EQ, 25-Sep-2026, 137.18, 137.18, 139.91, 130.65, 130.70, 132.98, 134.49, 59779, 80.40, 871, 41915, 70.12
SHANKESH, EQ, 25-Sep-2026, 91.51, 91.55, 92.97, 89.67, 91.35, 91.36, 91.44, 3614271, 3304.75, 19504, 1453939, 40.23
SHANTHALA, SM, 25-Sep-2026, 15.60, 15.45, 15.45, 15.40, 15.40, 15.40, 15.43, 6000, 0.93, 3, 6000, 100.00
SHANTI, EQ, 25-Sep-2026, 5.62, 5.88, 5.88, 5.52, 5.68, 5.68, 5.72, 10428, 0.60, 56, 8106, 77.73
SHANTIGEAR, EQ, 25-Sep-2026, 666.25, 666.25, 676.90, 661.00, 661.20, 666.55, 667.50, 28415, 189.67, 1904, 13800, 48.57
SHANTIGOLD, EQ, 25-Sep-2026, 283.62, 289.80, 333.09, 288.99, 316.30, 325.68, 315.47, 36407266, 114855.71, 366921, 3290057, 9.04
SHANTIINOR, SM, 25-Sep-2026, 175.95, 175.00, 184.40, 175.00, 184.35, 183.80, 182.21, 113600, 206.99, 70, 65600, 57.75
SHARDACROP, EQ, 25-Sep-2026, 740.90, 740.00, 753.35, 734.00, 747.05, 749.60, 743.66, 75418, 560.85, 6194, 30441, 40.36
SHARDAMOTR, EQ, 25-Sep-2026, 961.85, 974.90, 978.00, 941.10, 956.00, 956.35, 958.43, 45449, 435.60, 6790, 19642, 43.22
SHARDUL, BE, 25-Sep-2026, 55.28, 55.00, 56.56, 54.80, 55.40, 55.40, 55.44, 15450, 8.57, 68, -, -
SHAREINDIA, EQ, 25-Sep-2026, 211.85, 213.00, 213.00, 206.55, 208.10, 209.62, 208.99, 1080901, 2258.96, 14088, 281769, 26.07
SHARIABEES, EQ, 25-Sep-2026, 433.87, 431.01, 437.99, 430.00, 437.89, 432.52, 432.06, 8090, 34.95, 592, 5311, 65.65
SHBAJRG, EQ, 25-Sep-2026, 161.00, 162.85, 167.99, 159.00, 166.80, 165.32, 163.42, 2062, 3.37, 51, 1275, 61.83
SHEEL, ST, 25-Sep-2026, 60.60, 63.30, 63.30, 63.30, 63.30, 63.30, 63.30, 2000, 1.27, 1, 2000, 100.00
SHEETAL, SM, 25-Sep-2026, 357.90, 358.00, 359.00, 358.00, 359.00, 358.80, 358.67, 3000, 10.76, 6, 2000, 66.67
SHEKHAWATI, BE, 25-Sep-2026, 26.09, 26.26, 27.39, 26.26, 27.39, 27.39, 27.25, 26961, 7.35, 60, -, -
SHEMAROO, BE, 25-Sep-2026, 122.91, 122.30, 125.68, 120.50, 125.00, 124.51, 124.49, 22366, 27.84, 93, -, -
SHERA, SM, 25-Sep-2026, 176.00, 178.50, 180.20, 176.00, 180.20, 177.90, 177.90, 27000, 48.03, 23, 22000, 81.48
SHERVANI, EQ, 25-Sep-2026, 325.00, 350.00, 350.00, 308.50, 344.90, 344.90, 328.93, 30, 0.10, 9, 30, 100.00
SHETHJI, SM, 25-Sep-2026, 185.50, 183.00, 188.50, 183.00, 187.50, 187.50, 185.22, 64000, 118.54, 5, 64000, 100.00
SHILCTECH, EQ, 25-Sep-2026, 4079.10, 4079.10, 4146.50, 4052.00, 4104.00, 4103.60, 4092.82, 12541, 513.28, 3599, 6691, 53.35
SHILGRAVQ, EQ, 25-Sep-2026, 144.95, 149.68, 150.00, 145.50, 147.05, 149.50, 149.43, 1906, 2.85, 70, 1899, 99.63
SHILPAMED, EQ, 25-Sep-2026, 1007.30, 1028.00, 1045.55, 1001.50, 1010.00, 1013.45, 1021.15, 604526, 6173.14, 33897, 196023, 32.43
SHINDL, EQ, 25-Sep-2026, 162.78, 162.78, 163.80, 159.84, 161.88, 161.16, 160.93, 334150, 537.74, 1317, 128505, 38.46
SHIPROCKET, EQ, 25-Sep-2026, 120.46, 121.00, 121.75, 116.64, 121.01, 120.25, 119.45, 3157738, 3771.84, 34568, 1277888, 40.47
SHIVAAGRO, EQ, 25-Sep-2026, 38.99, 39.00, 40.94, 38.50, 40.24, 39.50, 39.43, 2331, 0.92, 82, 1668, 71.56
SHIVACEM, EQ, 25-Sep-2026, 15.65, 15.72, 15.80, 15.38, 15.53, 15.47, 15.55, 131022, 20.38, 226, 114526, 87.41
SHIVALIK, EQ, 25-Sep-2026, 410.70, 414.80, 425.00, 401.00, 408.00, 408.45, 406.28, 67598, 274.64, 3932, 24820, 36.72
SHIVAMAUTO, EQ, 25-Sep-2026, 17.44, 17.13, 17.89, 17.13, 17.31, 17.37, 17.44, 44118, 7.69, 290, 28800, 65.28
SHIVAMILLS, EQ, 25-Sep-2026, 60.93, 62.87, 62.87, 58.45, 58.99, 58.51, 59.67, 1529, 0.91, 23, 1210, 79.14
SHIVASHRIT, SM, 25-Sep-2026, 112.60, 114.90, 114.90, 109.00, 113.40, 113.20, 111.69, 37000, 41.32, 27, 23000, 62.16
SHIVATEX, EQ, 25-Sep-2026, 170.93, 170.93, 177.79, 166.00, 169.50, 167.73, 170.55, 2381, 4.06, 66, 1978, 83.07
SHIVAUM, EQ, 25-Sep-2026, 513.20, 513.00, 519.40, 510.00, 510.00, 510.15, 511.16, 23793, 121.62, 133, 22713, 95.46
SHK, EQ, 25-Sep-2026, 140.96, 140.96, 143.61, 139.70, 141.25, 142.36, 141.51, 122196, 172.92, 2523, 59687, 48.85
SHKSIL, SM, 25-Sep-2026, 34.85, 33.15, 33.80, 33.15, 33.80, 33.80, 33.31, 8000, 2.67, 4, 6000, 75.00
SHOPERSTOP, EQ, 25-Sep-2026, 385.05, 382.50, 439.80, 382.50, 422.00, 423.55, 426.36, 3588100, 15298.12, 64572, 137705, 3.84
SHRADDHA, EQ, 25-Sep-2026, 150.49, 151.00, 151.00, 142.97, 148.99, 146.97, 146.37, 3654, 5.35, 43, 3432, 93.92
SHRADHA, EQ, 25-Sep-2026, 30.51, 31.40, 31.40, 29.62, 30.16, 29.75, 30.08, 2093, 0.63, 91, 1560, 74.53
SHREDIGCEM, EQ, 25-Sep-2026, 67.52, 68.50, 68.50, 66.70, 67.70, 67.85, 67.59, 42025, 28.41, 760, 21224, 50.50
SHREECEM, EQ, 25-Sep-2026, 22350.00, 22350.00, 22520.00, 22225.00, 22520.00, 22520.00, 22325.89, 10112, 2257.59, 5394, 4295, 42.47
SHREEJISPG, EQ, 25-Sep-2026, 724.85, 723.85, 754.00, 721.55, 751.50, 752.45, 740.28, 1197147, 8862.19, 15929, 562852, 47.02
SHREEKARNI, SM, 25-Sep-2026, 380.85, 378.00, 385.00, 372.90, 385.00, 385.00, 374.12, 2850, 10.66, 6, 2850, 100.00
SHREEOSFM, SM, 25-Sep-2026, 51.90, 51.90, 53.60, 51.90, 51.95, 51.95, 52.48, 3000, 1.57, 3, 3000, 100.00
SHREEPUSHK, EQ, 25-Sep-2026, 492.15, 486.50, 521.00, 486.50, 504.20, 506.05, 510.42, 147225, 751.46, 5989, 42787, 29.06
SHREERAMA, EQ, 25-Sep-2026, 43.87, 43.91, 45.69, 43.91, 45.50, 45.04, 44.80, 54527, 24.43, 1239, 31917, 58.53
SHREMINVIT, IV, 25-Sep-2026, 102.00, 102.00, 102.00, 102.00, 102.00, 102.00, 102.00, 100000, 102.00, 1, 100000, 100.00
SHRENIK, BZ, 25-Sep-2026, 0.28, 0.28, 0.29, 0.28, 0.29, 0.29, 0.29, 490301, 1.42, 104, -, -
SHREYANIND, EQ, 25-Sep-2026, 130.41, 129.98, 131.89, 129.00, 130.00, 130.15, 129.42, 2486, 3.22, 61, 2023, 81.38
SHRIAHIMSA, SM, 25-Sep-2026, 453.55, 452.00, 457.00, 390.00, 440.00, 434.20, 430.03, 69600, 299.30, 101, 41400, 59.48
SHRIKANHA, SM, 25-Sep-2026, 22.10, 23.20, 23.20, 22.90, 23.10, 23.10, 23.12, 14400, 3.33, 8, 12800, 88.89
SHRIKRISH, EQ, 25-Sep-2026, 37.00, 34.50, 36.70, 34.50, 35.00, 35.89, 35.19, 104, 0.04, 12, 79, 75.96
SHRINGARMS, EQ, 25-Sep-2026, 210.25, 210.26, 218.30, 208.16, 213.00, 214.06, 214.80, 1114220, 2393.39, 8158, 114621, 10.29
SHRIPISTON, EQ, 25-Sep-2026, 4526.70, 4593.30, 4789.10, 4535.80, 4763.10, 4746.80, 4668.59, 110008, 5135.82, 21013, 55175, 50.16
SHRIRAMFIN, EQ, 25-Sep-2026, 990.00, 990.00, 1002.00, 986.40, 994.10, 994.10, 993.67, 2700614, 26835.07, 91682, 1575759, 58.35
SHRIRAMPPS, EQ, 25-Sep-2026, 70.85, 70.85, 71.39, 70.12, 71.30, 71.20, 70.81, 168887, 119.60, 2041, 94110, 55.72
SHRITECH, SM, 25-Sep-2026, 60.05, 62.00, 62.00, 62.00, 62.00, 62.00, 62.00, 4000, 2.48, 2, 4000, 100.00
SHRJAGP, EQ, 25-Sep-2026, 654.70, 642.25, 689.75, 642.25, 666.65, 660.25, 662.42, 182, 1.21, 53, 153, 84.07
SHUBHLAXMI, SM, 25-Sep-2026, 19.70, 19.70, 19.70, 18.75, 18.75, 18.75, 19.00, 4000, 0.76, 4, 4000, 100.00
SHUBHSHREE, SM, 25-Sep-2026, 350.00, 350.00, 354.00, 325.00, 345.40, 345.40, 341.45, 4500, 15.37, 15, 3300, 73.33
SHUKRAPHAR, EQ, 25-Sep-2026, 55.76, 56.79, 57.28, 55.58, 56.00, 55.93, 56.19, 1803626, 1013.38, 6966, 945485, 52.42
SHYAMCENT, BE, 25-Sep-2026, 5.00, 4.93, 5.09, 4.93, 5.00, 5.00, 5.01, 19538, 0.98, 62, -, -
SHYAMDHANI, SM, 25-Sep-2026, 55.55, 54.20, 57.20, 54.20, 57.20, 56.90, 56.16, 14000, 7.86, 6, 14000, 100.00
SHYAMMETL, EQ, 25-Sep-2026, 1097.90, 1093.00, 1100.50, 1081.10, 1087.90, 1085.60, 1087.23, 591086, 6426.44, 9452, 484634, 81.99
SHYAMTEL, EQ, 25-Sep-2026, 10.91, 11.45, 11.45, 10.27, 10.85, 11.07, 11.14, 726, 0.08, 31, 600, 82.64
SICAGEN, EQ, 25-Sep-2026, 52.36, 52.88, 53.80, 52.04, 53.80, 53.13, 52.62, 10821, 5.69, 121, 9346, 86.37
SICALLOG, BE, 25-Sep-2026, 93.44, 93.10, 93.95, 90.80, 92.00, 91.88, 92.11, 57676, 53.12, 93, -, -
SIDDHICOTS, SM, 25-Sep-2026, 26.60, 26.60, 26.60, 26.60, 26.60, 26.60, 26.60, 1200, 0.32, 1, 1200, 100.00
SIDDHIKA, SM, 25-Sep-2026, 213.20, 218.35, 218.35, 218.35, 218.35, 218.35, 218.35, 500, 1.09, 1, 500, 100.00
SIEMENS, EQ, 25-Sep-2026, 3841.80, 3841.10, 3881.60, 3828.10, 3877.00, 3877.00, 3855.80, 80353, 3098.25, 8321, 24430, 30.40
SIGACHI, EQ, 25-Sep-2026, 30.30, 30.68, 30.70, 29.06, 29.41, 29.43, 29.52, 2558006, 755.03, 8283, 1213405, 47.44
SIGIND, BE, 25-Sep-2026, 70.56, 73.00, 73.00, 67.50, 69.60, 68.02, 68.39, 13545, 9.26, 132, -, -
SIGMA, EQ, 25-Sep-2026, 44.53, 45.25, 47.20, 44.00, 46.50, 45.61, 44.81, 73296, 32.84, 917, 40659, 55.47
SIGMAADV, BE, 25-Sep-2026, 949.65, 974.90, 974.90, 930.00, 950.00, 946.00, 950.95, 197475, 1877.89, 4914, -, -
SIGNATURE, EQ, 25-Sep-2026, 784.60, 785.00, 809.00, 776.20, 785.00, 788.85, 790.23, 326668, 2581.44, 13806, 52391, 16.04
SIGNPOST, EQ, 25-Sep-2026, 272.80, 272.10, 275.60, 270.40, 272.00, 271.20, 272.20, 24226, 65.94, 990, 16053, 66.26
SIKA, EQ, 25-Sep-2026, 1038.70, 1045.00, 1070.00, 1025.60, 1045.00, 1045.45, 1041.68, 20058, 208.94, 1878, 7958, 39.67
SIKKO, BE, 25-Sep-2026, 6.42, 6.42, 6.65, 6.16, 6.64, 6.51, 6.48, 1328718, 86.11, 1297, -, -
SIL, EQ, 25-Sep-2026, 16.89, 16.90, 17.18, 16.50, 16.76, 16.74, 16.77, 28440, 4.77, 386, 19690, 69.23
SILGO, EQ, 25-Sep-2026, 70.47, 70.10, 70.63, 69.12, 70.10, 69.79, 69.67, 12888, 8.98, 152, 9669, 75.02
SILINV, EQ, 25-Sep-2026, 451.60, 451.60, 457.85, 441.00, 450.00, 452.95, 449.32, 1923, 8.64, 97, 1256, 65.31
SILKFLEX, SM, 25-Sep-2026, 272.05, 272.05, 285.65, 271.00, 285.65, 285.65, 279.52, 18000, 50.31, 16, 11000, 61.11
SILKY, SM, 25-Sep-2026, 68.85, 67.70, 76.75, 66.15, 67.95, 67.95, 69.06, 8800, 6.08, 11, 6400, 72.73
SILVER, EQ, 25-Sep-2026, 225.73, 227.20, 228.65, 225.13, 228.65, 228.33, 227.03, 476881, 1082.67, 7037, 159872, 33.52
SILVER001, EQ, 25-Sep-2026, 22.82, 22.99, 23.20, 22.72, 23.20, 23.20, 22.93, 23474, 5.38, 48, 17576, 74.87
SILVER1, EQ, 25-Sep-2026, 21.91, 22.09, 22.22, 21.87, 22.17, 22.19, 22.03, 6897794, 1519.63, 3871, 2719503, 39.43
SILVER360, EQ, 25-Sep-2026, 222.40, 223.00, 225.54, 221.76, 225.53, 225.19, 223.74, 7141, 15.98, 304, 4022, 56.32
SILVERADD, EQ, 25-Sep-2026, 21.74, 21.92, 22.12, 21.72, 22.12, 22.04, 21.92, 6158711, 1349.85, 4823, 2952394, 47.94
SILVERAG, EQ, 25-Sep-2026, 219.94, 220.10, 222.99, 219.33, 222.60, 222.76, 221.55, 115426, 255.73, 1974, 29325, 25.41
SILVERAXIS, EQ, 25-Sep-2026, 224.63, 224.90, 227.50, 224.16, 227.01, 227.30, 225.51, 183082, 412.86, 2387, 43238, 23.62
SILVERBEES, EQ, 25-Sep-2026, 215.95, 216.88, 219.00, 215.58, 218.94, 218.80, 217.30, 14322964, 31124.34, 52260, 5325812, 37.18
SILVERBETA, EQ, 25-Sep-2026, 217.96, 219.70, 221.10, 217.60, 220.75, 220.87, 219.58, 309159, 678.84, 3109, 204657, 66.20
SILVERBND, EQ, 25-Sep-2026, 226.46, 227.59, 230.64, 226.33, 230.20, 229.78, 228.92, 10283, 23.54, 119, 8247, 80.20
SILVERCASE, EQ, 25-Sep-2026, 22.91, 23.07, 23.23, 22.85, 23.21, 23.18, 23.05, 3953843, 911.52, 5065, 1956229, 49.48
SILVERIETF, EQ, 25-Sep-2026, 225.62, 226.10, 228.52, 225.04, 228.39, 228.35, 226.75, 1950556, 4422.85, 13988, 748320, 38.36
SILVERTUC, EQ, 25-Sep-2026, 147.51, 147.90, 150.00, 145.16, 146.00, 147.79, 147.02, 412116, 605.90, 3491, 118802, 28.83
SIMBHALS, BZ, 25-Sep-2026, 6.19, 6.19, 6.31, 6.10, 6.31, 6.31, 6.20, 13170, 0.82, 33, -, -
SIMCA, ST, 25-Sep-2026, 279.80, 275.05, 288.00, 275.05, 281.85, 281.85, 277.94, 21600, 60.04, 13, 21600, 100.00
SIMPLEXINF, EQ, 25-Sep-2026, 251.75, 250.10, 254.90, 248.80, 252.00, 250.70, 251.50, 40939, 102.96, 928, 27608, 67.44
SIMPLXREA, EQ, 25-Sep-2026, 131.99, 131.99, 138.57, 125.40, 125.40, 125.40, 131.97, 717, 0.95, 20, 428, 59.69
SINCLAIR, EQ, 25-Sep-2026, 79.61, 79.63, 79.96, 78.52, 79.00, 78.96, 78.81, 9410, 7.42, 240, 5169, 54.93
SINDHUTRAD, EQ, 25-Sep-2026, 23.66, 23.70, 24.05, 23.28, 23.80, 23.75, 23.64, 345032, 81.57, 919, 145245, 42.10
SINGERIND, EQ, 25-Sep-2026, 77.95, 78.90, 79.20, 76.20, 77.60, 77.60, 77.55, 41542, 32.21, 578, 27586, 66.41
SINTERCOM, EQ, 25-Sep-2026, 77.01, 77.91, 82.30, 76.00, 79.00, 77.93, 77.94, 3169, 2.47, 96, 2779, 87.69
SIRCA, EQ, 25-Sep-2026, 410.70, 410.70, 413.00, 407.50, 409.80, 410.30, 410.22, 119005, 488.18, 1989, 29352, 24.66
SIS, EQ, 25-Sep-2026, 418.45, 418.45, 425.00, 415.65, 416.00, 418.40, 421.57, 83932, 353.83, 7477, 50827, 60.56
SITINET, BZ, 25-Sep-2026, 0.28, 0.29, 0.29, 0.28, 0.29, 0.28, 0.29, 471673, 1.35, 158, -, -
SIYSIL, EQ, 25-Sep-2026, 539.60, 543.55, 543.55, 533.05, 536.50, 538.05, 537.21, 9287, 49.89, 984, 5084, 54.74
SJLOGISTIC, SM, 25-Sep-2026, 319.25, 320.50, 321.00, 315.00, 315.00, 316.05, 318.09, 11500, 36.58, 41, 9500, 82.61
SJS, EQ, 25-Sep-2026, 2261.40, 2262.70, 2330.00, 2262.50, 2325.90, 2317.60, 2308.93, 68630, 1584.62, 9464, 36279, 52.86
SJVN, EQ, 25-Sep-2026, 62.24, 62.50, 62.69, 61.21, 61.85, 61.76, 61.63, 1907772, 1175.70, 19444, 827277, 43.36
SKFINDIA, EQ, 25-Sep-2026, 1542.00, 1532.60, 1556.70, 1530.10, 1552.00, 1539.80, 1540.45, 21172, 326.14, 4214, 11449, 54.08
SKFINDUS, EQ, 25-Sep-2026, 2939.70, 2959.00, 2959.00, 2881.00, 2926.20, 2918.00, 2919.83, 24054, 702.34, 7865, 13152, 54.68
SKIPPER, EQ, 25-Sep-2026, 552.35, 552.95, 557.60, 543.70, 551.00, 551.15, 551.50, 373119, 2057.74, 15037, 136234, 36.51
SKMEGGPROD, EQ, 25-Sep-2026, 223.20, 224.55, 224.65, 218.05, 220.00, 220.40, 220.14, 130288, 286.82, 2602, 77304, 59.33
SKP, SM, 25-Sep-2026, 167.50, 167.50, 169.00, 158.00, 160.40, 159.25, 160.71, 21500, 34.55, 38, 14500, 67.44
SKYGOLD, EQ, 25-Sep-2026, 782.70, 782.70, 798.00, 780.25, 794.00, 793.55, 792.08, 309335, 2450.17, 16263, 143778, 46.48
SKYTECH, SM, 25-Sep-2026, 30.55, 32.05, 32.05, 32.05, 32.05, 32.05, 32.05, 22400, 7.18, 8, 22400, 100.00
SKYWAYS, EQ, 25-Sep-2026, 131.00, 131.99, 131.99, 125.11, 126.60, 126.97, 127.61, 4253205, 5427.54, 29522, 891713, 20.97
SLONE, ST, 25-Sep-2026, 173.20, 170.00, 173.00, 164.55, 165.50, 171.80, 168.02, 17200, 28.90, 27, 14800, 86.05
SMALL250, EQ, 25-Sep-2026, 18.23, 18.27, 18.59, 18.11, 18.20, 18.21, 18.20, 255806, 46.56, 652, 141307, 55.24
SMALLADD, EQ, 25-Sep-2026, 18.27, 18.27, 18.34, 18.13, 18.30, 18.28, 18.25, 14221, 2.60, 99, 9291, 65.33
SMALLCAP, EQ, 25-Sep-2026, 48.51, 48.69, 48.78, 48.35, 48.60, 48.69, 48.59, 607893, 295.36, 2543, 263023, 43.27
SMALLGROWW, EQ, 25-Sep-2026, 48.32, 48.48, 48.97, 48.34, 48.75, 48.59, 48.59, 7475, 3.63, 69, 3412, 45.65
SMALLIETF, EQ, 25-Sep-2026, 18.20, 18.38, 18.54, 18.07, 18.54, 18.26, 18.22, 22272, 4.06, 115, 10166, 45.64
SMARTEN, SM, 25-Sep-2026, 62.95, 62.95, 65.65, 61.70, 64.50, 64.50, 63.84, 22800, 14.56, 17, 18000, 78.95
SMARTLINK, BE, 25-Sep-2026, 217.82, 220.00, 222.40, 215.05, 215.11, 215.43, 218.05, 1262, 2.75, 35, -, -
SMARTWORKS, EQ, 25-Sep-2026, 538.95, 538.95, 544.25, 526.20, 536.00, 529.90, 531.69, 79157, 420.87, 2177, 51857, 65.51
SMCGLOBAL, EQ, 25-Sep-2026, 85.07, 84.96, 86.60, 84.16, 85.00, 85.60, 85.52, 892402, 763.20, 7765, 466442, 52.27
SML100CASE, EQ, 25-Sep-2026, 11.20, 11.30, 11.30, 11.13, 11.22, 11.19, 11.17, 1262270, 141.05, 1364, 744160, 58.95
SMLMAH, EQ, 25-Sep-2026, 6603.00, 6675.00, 6889.50, 6594.00, 6822.00, 6825.50, 6801.28, 50096, 3407.17, 8740, 19488, 38.90
SMLT, EQ, 25-Sep-2026, 60.74, 59.80, 62.00, 58.35, 59.32, 59.35, 59.40, 7194, 4.27, 211, 5377, 74.74
SMSPHARMA, EQ, 25-Sep-2026, 474.05, 475.90, 481.05, 470.00, 474.05, 475.00, 475.37, 361831, 1720.03, 9977, 139346, 38.51
SNEHAA, SM, 25-Sep-2026, 43.50, 44.00, 44.00, 43.00, 43.00, 43.00, 43.50, 2000, 0.87, 2, 2000, 100.00
SNOWMAN, EQ, 25-Sep-2026, 34.39, 34.69, 35.18, 34.00, 34.95, 34.91, 34.49, 141817, 48.92, 1467, 76325, 53.82
SNXT30BEES, EQ, 25-Sep-2026, 41.75, 41.85, 41.85, 41.50, 41.84, 41.61, 41.71, 7415, 3.09, 61, 7001, 94.42
SNXT50BETA, EQ, 25-Sep-2026, 92.27, 91.81, 93.00, 91.50, 92.42, 91.87, 91.90, 1008, 0.93, 90, 894, 88.69
SOBHA, EQ, 25-Sep-2026, 1227.70, 1236.00, 1243.00, 1206.80, 1235.00, 1226.60, 1219.66, 57820, 705.21, 9866, 23597, 40.81
SOCL, SM, 25-Sep-2026, 28.60, 28.90, 29.00, 28.25, 29.00, 29.00, 28.87, 14400, 4.16, 8, 12800, 88.89
SOFTTECH, EQ, 25-Sep-2026, 486.20, 482.60, 495.30, 463.15, 480.00, 479.80, 477.80, 5218, 24.93, 360, 3503, 67.13
SOLARA, EQ, 25-Sep-2026, 727.35, 734.55, 757.90, 732.00, 736.05, 739.15, 742.83, 287888, 2138.51, 14364, 82713, 28.73
SOLARINDS, EQ, 25-Sep-2026, 19480.00, 19570.00, 19890.00, 19455.00, 19745.00, 19745.00, 19677.88, 120411, 23694.34, 34760, 39060, 32.44
SOLARWORLD, EQ, 25-Sep-2026, 133.89, 134.00, 135.89, 132.55, 134.07, 134.75, 133.86, 80994, 108.42, 2062, 37220, 45.95
SOLEX, EQ, 25-Sep-2026, 731.50, 732.10, 732.55, 696.30, 710.00, 705.20, 707.74, 81974, 580.17, 5546, 39438, 48.11
SOMANYCERA, EQ, 25-Sep-2026, 601.85, 601.00, 623.00, 592.15, 615.00, 618.05, 609.23, 272762, 1661.75, 15350, 116680, 42.78
SOMATEX, EQ, 25-Sep-2026, 79.94, 79.50, 80.81, 78.10, 80.00, 80.04, 80.02, 3625, 2.90, 57, 3479, 95.97
SOMICONVEY, EQ, 25-Sep-2026, 89.60, 89.71, 91.80, 89.21, 89.50, 89.59, 90.47, 5060, 4.58, 119, 3258, 64.39
SONA, BE, 25-Sep-2026, 107.42, 104.00, 104.00, 102.05, 102.05, 102.05, 102.45, 959922, 983.47, 4720, -, -
SONACOMS, EQ, 25-Sep-2026, 816.30, 818.00, 835.40, 815.40, 824.50, 824.50, 826.23, 3101062, 25621.78, 64623, 1591897, 51.33
SONAMAC, SM, 25-Sep-2026, 30.50, 31.00, 31.00, 31.00, 31.00, 31.00, 31.00, 1000, 0.31, 1, 1000, 100.00
SONAMLTD, BE, 25-Sep-2026, 66.50, 66.50, 69.82, 65.84, 69.47, 69.37, 68.42, 57766, 39.52, 292, -, -
SONATSOFTW, EQ, 25-Sep-2026, 274.70, 275.85, 280.55, 270.80, 279.95, 279.90, 276.89, 473878, 1312.13, 12369, 149532, 31.55
SONUINFRA, ST, 25-Sep-2026, 42.75, 42.75, 44.00, 42.75, 44.00, 44.00, 43.68, 21000, 9.17, 5, 21000, 100.00
SOTL, EQ, 25-Sep-2026, 726.50, 726.90, 744.00, 707.50, 714.00, 713.20, 722.14, 158106, 1141.74, 9852, 51284, 32.44
SOUTHBANK, EQ, 25-Sep-2026, 49.90, 50.05, 50.68, 49.01, 49.90, 49.95, 49.89, 28889000, 14413.59, 68180, 11350491, 39.29
SOUTHWEST, EQ, 25-Sep-2026, 188.76, 188.70, 194.00, 186.00, 186.31, 186.71, 188.26, 88796, 167.16, 2874, 48139, 54.21
SPAL, EQ, 25-Sep-2026, 979.00, 980.00, 987.30, 953.50, 962.00, 965.60, 965.78, 44966, 434.27, 3336, 24039, 53.46
SPANDANA, EQ, 25-Sep-2026, 225.61, 226.73, 226.95, 221.15, 225.50, 225.53, 223.60, 97580, 218.19, 3749, 51779, 53.06
SPARC, EQ, 25-Sep-2026, 203.98, 204.40, 212.00, 203.60, 209.30, 209.05, 208.05, 2233858, 4647.60, 29862, 746829, 33.43
SPCENET, EQ, 25-Sep-2026, 3.36, 3.36, 3.46, 3.28, 3.38, 3.35, 3.38, 647300, 21.89, 540, 464185, 71.71
SPCL, SM, 25-Sep-2026, 65.10, 65.25, 65.95, 65.15, 65.90, 65.65, 65.62, 9000, 5.91, 14, 7200, 80.00
SPCON, SM, 25-Sep-2026, 166.60, 175.95, 175.95, 165.00, 166.15, 166.15, 165.86, 36000, 59.71, 8, 31200, 86.67
SPEB, SM, 25-Sep-2026, 93.00, 89.00, 91.00, 89.00, 91.00, 91.00, 90.25, 8000, 7.22, 4, 8000, 100.00
SPECIALITY, BE, 25-Sep-2026, 151.37, 152.50, 158.00, 150.00, 153.00, 152.76, 155.00, 40387, 62.60, 323, -, -
SPECTRAA, ST, 25-Sep-2026, 235.40, 247.15, 247.15, 240.20, 247.15, 247.15, 246.90, 315600, 779.22, 211, 306000, 96.96
SPECTRUM, BE, 25-Sep-2026, 3356.30, 3340.00, 3524.10, 3300.00, 3524.10, 3518.80, 3512.44, 16796, 589.95, 793, -, -
SPECTSTM, SM, 25-Sep-2026, 56.55, 56.80, 62.80, 54.00, 62.80, 60.35, 55.50, 39200, 21.75, 31, 27200, 69.39
SPENCERS, EQ, 25-Sep-2026, 28.92, 28.46, 28.89, 27.82, 28.00, 28.07, 28.18, 41164, 11.60, 355, 36293, 88.17
SPIC, EQ, 25-Sep-2026, 65.86, 65.35, 66.23, 64.61, 64.74, 64.73, 65.08, 347792, 226.34, 2966, 214687, 61.73
SPLIL, EQ, 25-Sep-2026, 29.61, 29.65, 32.01, 29.60, 31.00, 30.99, 30.75, 19895, 6.12, 94, 11919, 59.91
SPLPETRO, EQ, 25-Sep-2026, 879.90, 876.00, 882.00, 856.20, 879.90, 880.00, 870.46, 162786, 1416.99, 14288, 69320, 42.58
SPMLINFRA, EQ, 25-Sep-2026, 165.36, 166.20, 167.02, 157.92, 164.40, 165.86, 161.84, 505854, 818.65, 6029, 275298, 54.42
SPORTKING, EQ, 25-Sep-2026, 210.85, 210.85, 214.40, 209.11, 214.39, 213.62, 212.09, 135844, 288.12, 4935, 86609, 63.76
SPPPOLY, SM, 25-Sep-2026, 12.00, 11.45, 12.55, 11.45, 12.00, 12.00, 11.98, 16000, 1.92, 8, 8000, 50.00
SPRL, SM, 25-Sep-2026, 120.35, 126.35, 126.35, 126.35, 126.35, 126.35, 126.35, 800, 1.01, 1, 800, 100.00
SPUNWEB, SM, 25-Sep-2026, 100.00, 100.00, 100.00, 100.00, 100.00, 100.00, 100.00, 1200, 1.20, 1, 1200, 100.00
SRD, EQ, 25-Sep-2026, 39.45, 39.98, 39.98, 39.02, 39.14, 39.19, 39.27, 4387, 1.72, 99, 3285, 74.88
SREEL, BE, 25-Sep-2026, 299.57, 299.57, 309.80, 291.25, 302.00, 298.51, 300.83, 9575, 28.80, 205, -, -
SRF, EQ, 25-Sep-2026, 2533.80, 2535.00, 2540.00, 2495.10, 2540.00, 2540.00, 2516.61, 105615, 2657.92, 8316, 29993, 28.40
SRGHFL, EQ, 25-Sep-2026, 154.50, 155.25, 155.25, 146.80, 146.80, 146.80, 147.30, 15491, 22.82, 227, 13141, 84.83
SRHHYPOLTD, EQ, 25-Sep-2026, 605.75, 619.00, 620.85, 590.30, 596.90, 594.80, 601.63, 23038, 138.60, 2015, 11804, 51.24
SRIKPRIND, BE, 25-Sep-2026, 27.84, 27.99, 29.00, 27.30, 27.31, 27.31, 27.67, 2727, 0.75, 28, -, -
SRIVASAVI, ST, 25-Sep-2026, 82.40, 86.50, 86.50, 85.95, 85.95, 85.95, 86.23, 2000, 1.72, 2, 2000, 100.00
SRM, EQ, 25-Sep-2026, 419.00, 413.45, 422.00, 413.45, 414.90, 416.25, 417.72, 21282, 88.90, 1177, 12056, 56.65
SRTL, EQ, 25-Sep-2026, 38.38, 38.80, 38.80, 37.55, 38.10, 38.15, 37.97, 14179, 5.38, 268, 8810, 62.13
SSDL, EQ, 25-Sep-2026, 66.30, 69.92, 74.00, 68.10, 73.94, 73.31, 71.48, 427404, 305.52, 6468, 217173, 50.81
SSEGL, SM, 25-Sep-2026, 400.20, 400.00, 400.00, 390.20, 392.50, 396.30, 393.81, 21000, 82.70, 88, 13800, 65.71
SSFL, ST, 25-Sep-2026, 274.40, 282.70, 288.10, 280.05, 288.10, 288.10, 286.20, 7000, 20.03, 13, 7000, 100.00
SSRETAIL, EQ, 25-Sep-2026, 811.80, 816.10, 869.95, 692.50, 725.00, 728.20, 798.26, 34422519, 274782.16, 823811, 2951128, 8.57
SSWL, EQ, 25-Sep-2026, 376.10, 378.90, 394.30, 372.90, 385.00, 378.75, 382.70, 1650357, 6315.92, 44082, 526770, 31.92
STALLION, BE, 25-Sep-2026, 219.50, 220.00, 226.90, 218.00, 225.00, 225.76, 223.09, 227637, 507.84, 1725, -, -
STANLEY, EQ, 25-Sep-2026, 135.22, 135.89, 148.70, 134.60, 145.50, 144.32, 142.45, 375595, 535.03, 4558, 125010, 33.28
STAR, EQ, 25-Sep-2026, 1202.80, 1202.80, 1209.60, 1177.20, 1187.50, 1184.90, 1188.89, 143012, 1700.25, 14094, 78414, 54.83
STARCEMENT, EQ, 25-Sep-2026, 187.24, 187.70, 187.70, 184.32, 185.30, 186.61, 185.84, 50622, 94.08, 1902, 25690, 50.75
STARHEALTH, EQ, 25-Sep-2026, 550.40, 550.30, 569.50, 550.30, 557.00, 558.15, 561.97, 1280937, 7198.49, 54555, 337242, 26.33
STARPAPER, EQ, 25-Sep-2026, 155.27, 155.23, 156.91, 154.00, 154.00, 155.06, 155.29, 2363, 3.67, 83, 1855, 78.50
STARTECK, EQ, 25-Sep-2026, 240.40, 242.05, 262.70, 242.05, 262.50, 262.50, 262.13, 211, 0.55, 19, 211, 100.00
STCINDIA, EQ, 25-Sep-2026, 109.85, 111.70, 111.70, 108.75, 109.55, 109.35, 109.50, 6167, 6.75, 216, 3958, 64.18
STEAMHOUSE, EQ, 25-Sep-2026, 113.71, 116.70, 117.60, 109.40, 110.07, 110.81, 113.02, 8430848, 9528.18, 41067, 3122550, 37.04
STEELCAS, EQ, 25-Sep-2026, 357.80, 358.95, 390.90, 356.30, 375.00, 376.50, 377.51, 1078414, 4071.15, 32875, 338709, 31.41
STEELCITY, EQ, 25-Sep-2026, 83.19, 85.19, 85.19, 80.01, 80.98, 80.82, 81.49, 13018, 10.61, 320, 8964, 68.86
STEELXIND, EQ, 25-Sep-2026, 11.43, 11.55, 11.58, 11.12, 11.19, 11.29, 11.26, 9072805, 1021.21, 5734, 4452943, 49.08
STEL, EQ, 25-Sep-2026, 625.85, 628.05, 633.15, 612.05, 616.00, 619.30, 620.67, 1662, 10.32, 266, 981, 59.03
STERTOOLS, BE, 25-Sep-2026, 233.05, 244.00, 244.00, 233.00, 239.00, 239.46, 240.20, 34769, 83.52, 611, -, -
STLNETWORK, EQ, 25-Sep-2026, 52.01, 54.50, 54.61, 52.40, 54.61, 54.61, 54.13, 8981723, 4861.91, 16296, 3566561, 39.71
STLSTRINF, EQ, 25-Sep-2026, 23.15, 24.49, 24.50, 22.55, 22.79, 23.20, 23.73, 6696, 1.59, 233, 3142, 46.92
STLTECH, BE, 25-Sep-2026, 823.75, 839.00, 851.00, 824.75, 838.35, 837.20, 839.06, 807308, 6773.83, 27680, -, -
STOVEKRAFT, EQ, 25-Sep-2026, 818.35, 824.90, 824.90, 805.00, 817.65, 814.40, 812.73, 53691, 436.36, 4249, 22884, 42.62
STRIDERS, SM, 25-Sep-2026, 51.20, 52.20, 53.50, 50.00, 50.30, 50.25, 51.69, 155200, 80.22, 13, 147200, 94.85
STUDDS, EQ, 25-Sep-2026, 412.25, 415.50, 417.60, 407.00, 414.00, 410.00, 410.62, 45741, 187.82, 5412, 32980, 72.10
STUDIOLSD, SM, 25-Sep-2026, 9.05, 9.05, 9.05, 9.05, 9.05, 9.05, 9.05, 2000, 0.18, 1, 2000, 100.00
STYL, EQ, 25-Sep-2026, 370.35, 372.45, 394.00, 370.65, 379.15, 381.85, 384.40, 468659, 1801.51, 13114, 89938, 19.19
STYLAMIND, EQ, 25-Sep-2026, 3319.20, 3314.60, 3404.40, 3295.00, 3348.00, 3369.40, 3366.51, 41489, 1396.73, 7542, 16563, 39.92
STYLEBAAZA, EQ, 25-Sep-2026, 370.40, 370.10, 380.00, 368.10, 374.85, 375.80, 374.85, 625952, 2346.37, 8380, 315142, 50.35
STYRENIX, EQ, 25-Sep-2026, 2088.20, 2097.00, 2100.00, 2050.00, 2069.50, 2067.00, 2070.51, 23553, 487.67, 3438, 13389, 56.85
SUBAHOTELS, SM, 25-Sep-2026, 90.50, 90.15, 92.50, 90.00, 91.00, 91.00, 91.20, 19200, 17.51, 13, 16800, 87.50
SUBEXLTD, EQ, 25-Sep-2026, 20.71, 20.70, 21.61, 20.36, 21.40, 21.41, 20.95, 14283273, 2992.07, 33108, 3798713, 26.60
SUBROS, EQ, 25-Sep-2026, 720.10, 715.00, 725.00, 710.60, 719.60, 720.90, 718.16, 25909, 186.07, 2069, 8409, 32.46
SUDARCOLOR, EQ, 25-Sep-2026, 382.20, 397.00, 399.90, 384.15, 397.95, 394.55, 390.64, 4706, 18.38, 235, 3068, 65.19
SUDARSCHEM, EQ, 25-Sep-2026, 1218.00, 1220.00, 1228.90, 1206.90, 1228.90, 1218.90, 1218.97, 71354, 869.78, 6273, 34094, 47.78
SUDEEPPHRM, EQ, 25-Sep-2026, 1143.40, 1143.10, 1179.90, 1140.50, 1159.00, 1164.90, 1164.87, 78922, 919.34, 7297, 41638, 52.76
SUKHJITS, EQ, 25-Sep-2026, 161.13, 161.10, 161.68, 158.72, 160.70, 159.86, 160.05, 22795, 36.48, 347, 16965, 74.42
SULA, EQ, 25-Sep-2026, 135.78, 135.78, 136.35, 132.00, 134.61, 135.13, 133.95, 286393, 383.62, 5142, 122421, 42.75
SUMAX, SM, 25-Sep-2026, 108.50, 106.85, 110.00, 106.70, 110.00, 109.15, 108.71, 40800, 44.36, 34, 26400, 64.71
SUMEDHA, EQ, 25-Sep-2026, 43.50, 42.95, 42.95, 42.95, 42.95, 42.95, 42.95, 200, 0.09, 14, 200, 100.00
SUMEETINDS, EQ, 25-Sep-2026, 11.60, 11.99, 12.18, 11.67, 12.18, 12.18, 12.04, 1917462, 230.82, 663, 1628723, 84.94
SUMICHEM, EQ, 25-Sep-2026, 449.70, 452.55, 452.55, 443.50, 446.60, 446.35, 447.02, 105623, 472.16, 7697, 51880, 49.12
SUMIT, EQ, 25-Sep-2026, 49.59, 50.90, 50.90, 47.92, 49.76, 49.19, 48.79, 54349, 26.52, 240, 44938, 82.68
SUMMITSEC, EQ, 25-Sep-2026, 1383.20, 1394.70, 1405.80, 1376.00, 1377.50, 1384.30, 1393.06, 1397, 19.46, 314, 853, 61.06
SUNCLAY, EQ, 25-Sep-2026, 1249.40, 1268.70, 1277.80, 1231.20, 1235.00, 1236.70, 1239.45, 7772, 96.33, 938, 6304, 81.11
SUNDARAM, EQ, 25-Sep-2026, 1.16, 1.18, 1.18, 1.12, 1.15, 1.14, 1.14, 307834, 3.52, 295, 271136, 88.08
SUNDARMFIN, EQ, 25-Sep-2026, 4592.00, 4590.30, 4590.30, 4455.00, 4487.00, 4508.00, 4497.39, 35762, 1608.36, 8227, 17090, 47.79
SUNDRMBRAK, BE, 25-Sep-2026, 693.55, 693.55, 696.70, 664.05, 664.05, 670.10, 675.26, 411, 2.78, 65, -, -
SUNDRMFAST, EQ, 25-Sep-2026, 1172.30, 1172.00, 1190.30, 1167.40, 1180.00, 1178.90, 1180.05, 66426, 783.86, 10230, 40847, 61.49
SUNDROP, EQ, 25-Sep-2026, 756.20, 760.00, 775.00, 690.05, 742.00, 745.75, 745.87, 11595, 86.48, 819, 5437, 46.89
SUNFLAG, EQ, 25-Sep-2026, 396.80, 400.00, 418.60, 394.55, 407.15, 410.65, 409.65, 2066226, 8464.38, 49036, 556951, 26.95
SUNLITE, SM, 25-Sep-2026, 608.75, 608.75, 630.00, 608.75, 618.00, 612.05, 612.91, 42900, 262.94, 59, 40200, 93.71
SUNLOC, EQ, 25-Sep-2026, 72.00, 72.00, 72.00, 70.39, 70.90, 70.90, 70.66, 139, 0.10, 18, 139, 100.00
SUNPHARMA, EQ, 25-Sep-2026, 1849.90, 1858.70, 1858.70, 1841.60, 1852.20, 1852.20, 1849.49, 683246, 12636.56, 44621, 402844, 58.96
SUNRAKSHAK, EQ, 25-Sep-2026, 367.75, 367.50, 367.50, 365.45, 367.15, 366.20, 365.94, 3384, 12.38, 213, 3013, 89.04
SUNREST, SM, 25-Sep-2026, 39.90, 37.50, 37.50, 37.50, 37.50, 37.50, 37.50, 1600, 0.60, 1, 1600, 100.00
SUNSHIEL, EQ, 25-Sep-2026, 1149.80, 1159.50, 1179.90, 1106.30, 1125.00, 1132.40, 1146.22, 3669, 42.05, 407, 2708, 73.81
SUNSHINE, EQ, 25-Sep-2026, 436.90, 438.00, 444.60, 429.45, 437.60, 437.45, 437.21, 437261, 1911.75, 4179, 199545, 45.64
SUNTECH, SM, 25-Sep-2026, 38.50, 38.50, 38.50, 38.50, 38.50, 38.50, 38.50, 1600, 0.62, 1, 1600, 100.00
SUNTECK, EQ, 25-Sep-2026, 284.05, 285.35, 285.35, 281.05, 282.80, 283.00, 283.09, 79920, 226.24, 3372, 37577, 47.02
SUNTV, EQ, 25-Sep-2026, 512.70, 511.35, 521.75, 504.55, 513.70, 513.20, 511.57, 791506, 4049.10, 24825, 242280, 30.61
SUPERHOUSE, EQ, 25-Sep-2026, 165.45, 167.00, 169.00, 162.53, 163.50, 164.71, 164.78, 4839, 7.97, 121, 3470, 71.71
SUPERSPIN, BE, 25-Sep-2026, 7.65, 7.99, 8.03, 7.50, 7.94, 7.93, 7.84, 83559, 6.55, 135, -, -
SUPRAJIT, EQ, 25-Sep-2026, 486.65, 489.10, 492.15, 483.40, 487.25, 488.00, 487.25, 54422, 265.17, 3431, 34246, 62.93
SUPREME, EQ, 25-Sep-2026, 31.29, 32.50, 32.50, 31.05, 31.12, 31.39, 31.64, 4143, 1.31, 84, 3435, 82.91
SUPREMEENG, BZ, 25-Sep-2026, 3.86, 3.93, 3.93, 3.93, 3.93, 3.93, 3.93, 159066, 6.25, 94, -, -
SUPREMEIND, EQ, 25-Sep-2026, 3434.00, 3430.00, 3555.00, 3426.20, 3550.00, 3550.00, 3507.53, 112619, 3950.15, 19225, 41968, 37.27
SUPREMEINF, EQ, 25-Sep-2026, 80.39, 82.50, 82.50, 79.35, 80.55, 81.29, 81.22, 17086, 13.88, 154, 11302, 66.15
SUPREMEPWR, SM, 25-Sep-2026, 202.60, 203.00, 217.95, 202.70, 208.00, 210.50, 208.04, 59000, 122.74, 90, 32500, 55.08
SUPRIYA, EQ, 25-Sep-2026, 961.75, 964.80, 994.85, 958.80, 986.00, 985.20, 979.31, 326713, 3199.53, 22451, 118287, 36.21
SUPTANERY, BE, 25-Sep-2026, 10.12, 9.62, 9.62, 9.62, 9.62, 9.62, 9.62, 111826, 10.76, 361, -, -
SURAJEST, EQ, 25-Sep-2026, 219.42, 221.95, 224.00, 218.82, 222.20, 221.75, 221.33, 75687, 167.52, 1601, 33202, 43.87
SURAJLTD, EQ, 25-Sep-2026, 200.50, 200.50, 201.00, 195.00, 198.08, 198.08, 199.35, 97, 0.19, 16, 92, 94.85
SURAKSHA, EQ, 25-Sep-2026, 356.00, 354.30, 355.95, 340.00, 343.45, 343.30, 345.11, 37699, 130.10, 2354, 19670, 52.18
SURANASOL, EQ, 25-Sep-2026, 25.65, 25.59, 25.85, 25.10, 25.45, 25.30, 25.30, 17041, 4.31, 313, 12793, 75.07
SURANAT&P, EQ, 25-Sep-2026, 15.89, 16.00, 16.29, 15.81, 15.95, 15.92, 15.92, 34118, 5.43, 302, 22761, 66.71
SURANI, SM, 25-Sep-2026, 93.00, 100.00, 100.00, 91.25, 93.10, 93.10, 94.70, 9400, 8.90, 20, 4000, 42.55
SURYALA, EQ, 25-Sep-2026, 390.05, 390.05, 390.05, 382.20, 389.95, 390.00, 386.35, 303, 1.17, 9, 263, 86.80
SURYALAXMI, EQ, 25-Sep-2026, 57.50, 59.38, 59.38, 56.10, 57.00, 57.00, 57.09, 3319, 1.89, 78, 2334, 70.32
SURYAROSNI, EQ, 25-Sep-2026, 217.50, 219.27, 229.00, 216.38, 226.20, 227.45, 224.42, 923512, 2072.51, 12410, 425821, 46.11
SURYODAY, EQ, 25-Sep-2026, 145.34, 145.00, 152.48, 144.49, 148.75, 149.12, 147.29, 210889, 310.61, 2555, 115605, 54.82
SUTLEJTEX, BE, 25-Sep-2026, 38.00, 38.00, 38.10, 37.00, 37.35, 37.31, 37.20, 22616, 8.41, 112, -, -
SUVEN, EQ, 25-Sep-2026, 335.05, 337.00, 342.00, 330.20, 335.90, 335.00, 334.80, 251356, 841.55, 8416, 105831, 42.10
SUVIDHAA, EQ, 25-Sep-2026, 2.21, 2.21, 2.36, 2.18, 2.21, 2.21, 2.23, 88167, 1.97, 191, 62139, 70.48
SUYOG, EQ, 25-Sep-2026, 660.15, 674.00, 674.00, 645.35, 647.50, 650.40, 650.12, 12753, 82.91, 702, 9798, 76.83
SUZLON, EQ, 25-Sep-2026, 40.74, 40.74, 41.09, 40.11, 40.80, 40.80, 40.54, 57074067, 23135.61, 110203, 22816586, 39.98
SVGLOBAL, EQ, 25-Sep-2026, 148.32, 155.71, 155.71, 134.30, 146.95, 145.79, 143.66, 1416, 2.03, 87, 998, 70.48
SVLL, EQ, 25-Sep-2026, 820.40, 804.00, 840.05, 804.00, 835.00, 834.70, 825.27, 61467, 507.27, 70, 61227, 99.61
SVPGLOB, EQ, 25-Sep-2026, 3.28, 3.35, 3.35, 3.25, 3.29, 3.27, 3.29, 25029, 0.82, 39, 19988, 79.86
SWANCORP, EQ, 25-Sep-2026, 294.70, 296.00, 298.00, 292.85, 294.35, 294.85, 294.17, 505644, 1487.47, 9013, 103103, 20.39
SWANDEF, BE, 25-Sep-2026, 2716.60, 2709.00, 2780.00, 2610.00, 2700.00, 2679.70, 2688.30, 12520, 336.58, 1001, -, -
SWARAJ, BE, 25-Sep-2026, 322.50, 338.00, 338.60, 338.00, 338.60, 338.60, 338.57, 101892, 344.98, 416, -, -
SWARAJENG, EQ, 25-Sep-2026, 3548.60, 3525.00, 3559.60, 3525.00, 3550.00, 3545.70, 3544.50, 4651, 164.85, 1775, 2729, 58.68
SWARNSAR, EQ, 25-Sep-2026, 42.04, 43.50, 43.50, 40.20, 41.69, 41.68, 41.08, 10276, 4.22, 64, 10035, 97.65
SWASTIK, ST, 25-Sep-2026, 17.75, 18.60, 18.60, 18.60, 18.60, 18.60, 18.60, 1200, 0.22, 1, 1200, 100.00
SWELECTES, EQ, 25-Sep-2026, 561.65, 573.95, 614.70, 565.00, 588.85, 587.00, 591.68, 72324, 427.92, 3787, 25707, 35.54
SWIGGY, EQ, 25-Sep-2026, 267.45, 268.90, 268.95, 261.40, 264.85, 264.85, 264.84, 9596392, 25414.65, 60983, 3285765, 34.24
SWISSMLTRY, BE, 25-Sep-2026, 14.06, 14.38, 14.70, 14.01, 14.65, 14.41, 14.36, 48469, 6.96, 248, -, -
SWSOLAR, EQ, 25-Sep-2026, 177.34, 176.00, 177.90, 175.52, 176.15, 176.65, 176.65, 532217, 940.17, 6569, 204952, 38.51
SYMBIOTEC, EQ, 25-Sep-2026, 1024.05, 1023.00, 1027.85, 985.50, 1005.00, 1003.35, 1003.28, 675920, 6781.37, 34253, 308676, 45.67
SYMPHONY, EQ, 25-Sep-2026, 576.70, 577.10, 593.15, 574.15, 589.70, 588.80, 586.26, 37195, 218.06, 2784, 15928, 42.82
SYNCOMF, EQ, 25-Sep-2026, 20.03, 20.13, 20.40, 19.61, 20.08, 20.05, 20.01, 7105116, 1421.39, 12877, 1540672, 21.68
SYNGENE, EQ, 25-Sep-2026, 380.35, 380.35, 381.85, 376.95, 379.90, 378.70, 378.84, 177820, 673.66, 9035, 93806, 52.75
SYNOPTICS, ST, 25-Sep-2026, 47.10, 49.45, 49.45, 49.25, 49.45, 49.45, 49.38, 1800, 0.89, 3, 1800, 100.00
SYRMA, EQ, 25-Sep-2026, 1698.60, 1703.00, 1742.70, 1702.00, 1730.20, 1732.60, 1726.24, 1026235, 17715.32, 51313, 218498, 21.29
SYSTANGO, SM, 25-Sep-2026, 224.65, 224.65, 224.65, 221.05, 222.00, 222.85, 222.73, 16800, 37.42, 35, 9600, 57.14
SYSTMTXC, BE, 25-Sep-2026, 79.05, 79.95, 79.95, 77.50, 77.50, 77.50, 78.94, 5305, 4.19, 41, -, -
TAALTECH, EQ, 25-Sep-2026, 1050.50, 1033.00, 1127.90, 1033.00, 1098.00, 1085.40, 1090.92, 64240, 700.81, 6861, 25760, 40.10
TAC, ST, 25-Sep-2026, 469.50, 451.10, 474.80, 446.05, 446.05, 446.85, 452.27, 53400, 241.51, 226, 50000, 93.63
TAINWALCHM, EQ, 25-Sep-2026, 216.79, 213.05, 215.00, 207.10, 209.15, 209.20, 210.34, 5113, 10.75, 160, 4499, 87.99
TAJGVK, EQ, 25-Sep-2026, 323.20, 324.65, 325.20, 319.80, 323.05, 324.35, 322.68, 28904, 93.27, 1411, 12900, 44.63
TAKE, EQ, 25-Sep-2026, 15.40, 15.71, 15.71, 15.11, 15.48, 15.51, 15.40, 144138, 22.20, 578, 101112, 70.15
TALBROAUTO, EQ, 25-Sep-2026, 466.00, 466.00, 472.70, 452.10, 456.00, 457.35, 461.98, 217822, 1006.30, 9498, 84123, 38.62
TAMBOLIIN, BE, 25-Sep-2026, 294.95, 299.40, 308.70, 282.00, 303.00, 300.80, 301.97, 5508, 16.63, 77, -, -
TANAA, EQ, 25-Sep-2026, 331.80, 331.80, 365.00, 331.10, 348.00, 345.10, 350.75, 117489, 412.09, 4524, 45750, 38.94
TANKUP, ST, 25-Sep-2026, 1619.95, 1640.00, 1652.30, 1640.00, 1652.30, 1652.30, 1651.84, 6750, 111.50, 10, 6750, 100.00
TANLA, EQ, 25-Sep-2026, 489.60, 490.40, 496.50, 484.65, 495.00, 494.75, 490.53, 248415, 1218.56, 12419, 100460, 40.44
TARACHAND, EQ, 25-Sep-2026, 46.11, 47.90, 49.00, 46.10, 48.63, 48.46, 47.75, 71075, 33.94, 776, 51137, 71.95
TARAPUR, EQ, 25-Sep-2026, 12.22, 12.22, 12.24, 12.00, 12.24, 12.19, 12.19, 15620, 1.90, 136, 8892, 56.93
TARC, EQ, 25-Sep-2026, 129.35, 129.35, 130.99, 127.50, 129.30, 129.36, 129.13, 181062, 233.81, 2709, 82132, 45.36
TARIL, EQ, 25-Sep-2026, 280.40, 280.40, 281.25, 275.80, 277.60, 277.65, 277.64, 703274, 1952.56, 14682, 344664, 49.01
TARMAT, EQ, 25-Sep-2026, 54.05, 55.30, 56.85, 54.00, 55.10, 55.84, 55.24, 12463, 6.88, 556, 7954, 63.82
TARSONS, EQ, 25-Sep-2026, 335.45, 341.00, 345.00, 327.45, 334.90, 332.75, 333.40, 97118, 323.79, 3677, 36808, 37.90
TASTYBITE, EQ, 25-Sep-2026, 9903.00, 9900.00, 9961.00, 9711.00, 9911.00, 9856.00, 9829.03, 1290, 126.79, 614, 743, 57.60
TATACAP, EQ, 25-Sep-2026, 336.25, 337.00, 341.15, 333.35, 339.05, 339.15, 337.16, 1484301, 5004.44, 45342, 871214, 58.70
TATACHEM, EQ, 25-Sep-2026, 652.20, 654.65, 654.65, 633.60, 644.90, 643.75, 643.92, 1131484, 7285.86, 24608, 376264, 33.25
TATACOMM, EQ, 25-Sep-2026, 1670.00, 1671.90, 1682.00, 1650.10, 1665.00, 1666.50, 1667.33, 126901, 2115.86, 18926, 63657, 50.16
TATACONSUM, EQ, 25-Sep-2026, 986.30, 988.00, 989.90, 979.20, 983.20, 983.20, 983.19, 885948, 8710.56, 29062, 583547, 65.87
TATAELXSI, EQ, 25-Sep-2026, 3183.80, 3190.00, 3201.00, 3144.00, 3186.90, 3186.90, 3178.22, 177199, 5631.77, 23600, 65170, 36.78
TATAGOLD, EQ, 25-Sep-2026, 14.52, 14.57, 14.64, 14.52, 14.63, 14.62, 14.58, 37775952, 5506.06, 55161, 21558903, 57.07
TATAINVEST, EQ, 25-Sep-2026, 658.35, 659.65, 661.30, 645.50, 653.00, 651.60, 650.86, 268798, 1749.50, 14205, 90816, 33.79
TATAPOWER, EQ, 25-Sep-2026, 363.45, 363.00, 367.80, 362.65, 367.50, 367.50, 365.67, 1727813, 6318.15, 24391, 769980, 44.56
TATASTEEL, EQ, 25-Sep-2026, 188.02, 188.57, 190.34, 187.01, 187.97, 187.97, 188.54, 15890667, 29960.47, 90841, 7417410, 46.68
TATATECH, EQ, 25-Sep-2026, 717.75, 715.00, 716.90, 700.00, 704.45, 703.05, 704.61, 652847, 4600.04, 28832, 304716, 46.67
TATSILV, EQ, 25-Sep-2026, 21.92, 22.01, 22.24, 21.88, 22.22, 22.21, 22.07, 28133247, 6209.89, 36597, 11375176, 40.43
TATVA, EQ, 25-Sep-2026, 1728.60, 1749.50, 1804.00, 1731.10, 1797.50, 1793.20, 1783.56, 66589, 1187.65, 7957, 28727, 43.14
TAURIAN, ST, 25-Sep-2026, 608.40, 608.00, 608.00, 582.55, 582.55, 589.00, 595.48, 14400, 85.75, 18, 12800, 88.89
TBI, SM, 25-Sep-2026, 74.70, 73.90, 75.00, 71.10, 72.00, 71.95, 72.31, 24000, 17.35, 39, 19800, 82.50
TBOTEK, EQ, 25-Sep-2026, 1687.20, 1686.00, 1702.90, 1668.00, 1692.00, 1696.90, 1690.18, 52783, 892.13, 6988, 25239, 47.82
TBZ, BE, 25-Sep-2026, 674.85, 662.50, 671.50, 641.15, 656.00, 655.60, 651.69, 317411, 2068.53, 4406, -, -
TCC, EQ, 25-Sep-2026, 51.63, 52.27, 52.27, 49.50, 51.94, 50.75, 50.73, 393062, 199.41, 3859, 76893, 19.56
TCI, EQ, 25-Sep-2026, 833.45, 877.00, 955.00, 863.15, 886.00, 883.70, 927.09, 5770660, 53499.48, 191367, 296296, 5.13
TCIEXP, EQ, 25-Sep-2026, 492.75, 499.15, 516.35, 491.35, 498.00, 501.55, 504.25, 33811, 170.49, 2910, 11018, 32.59
TCIFINANCE, EQ, 25-Sep-2026, 14.86, 15.64, 15.64, 14.50, 15.15, 14.86, 15.23, 15285, 2.33, 80, 12479, 81.64
TCL, SM, 25-Sep-2026, 130.95, 130.00, 131.00, 123.95, 124.00, 124.00, 128.69, 68000, 87.51, 32, 62400, 91.76
TCPLPACK, EQ, 25-Sep-2026, 4058.80, 4098.80, 4183.90, 4030.10, 4103.80, 4106.80, 4110.83, 9656, 396.94, 2396, 2928, 30.32
TCS, EQ, 25-Sep-2026, 2087.00, 2054.00, 2090.20, 2038.10, 2082.00, 2082.00, 2072.59, 3342195, 69269.87, 130106, 1581726, 47.33
TDPOWERSYS, EQ, 25-Sep-2026, 742.00, 743.00, 763.50, 737.10, 751.70, 751.55, 749.99, 1040836, 7806.16, 55654, 428372, 41.16
TEAMGTY, EQ, 25-Sep-2026, 241.71, 242.60, 242.60, 235.00, 241.45, 241.45, 235.24, 272, 0.64, 7, 269, 98.90
TEAMLEASE, EQ, 25-Sep-2026, 1192.00, 1190.00, 1198.90, 1158.00, 1175.00, 1173.00, 1176.65, 37668, 443.22, 6108, 13011, 34.54
TEAMTECH, ST, 25-Sep-2026, 138.35, 138.00, 138.00, 135.00, 135.00, 135.00, 136.00, 6000, 8.16, 3, 6000, 100.00
TECH, EQ, 25-Sep-2026, 30.95, 31.24, 32.10, 30.50, 30.92, 30.92, 30.80, 27693, 8.53, 203, 20988, 75.79
TECHD, SM, 25-Sep-2026, 558.00, 550.50, 552.00, 540.60, 551.90, 548.05, 546.84, 7500, 41.01, 24, 4200, 56.00
TECHERA, SM, 25-Sep-2026, 152.35, 152.25, 154.00, 148.00, 151.15, 152.00, 151.32, 43200, 65.37, 51, 28000, 64.81
TECHLABS, SM, 25-Sep-2026, 114.90, 119.30, 119.30, 114.40, 118.80, 117.85, 118.10, 19875, 23.47, 98, 16875, 84.91
TECHM, EQ, 25-Sep-2026, 1543.00, 1540.00, 1554.70, 1526.60, 1548.00, 1548.00, 1545.02, 939846, 14520.76, 35771, 516051, 54.91
TECHNOCRAF, EQ, 25-Sep-2026, 475.05, 479.55, 496.50, 474.10, 491.00, 491.05, 487.97, 1351541, 6595.09, 31925, 343182, 25.39
TECHNOE, EQ, 25-Sep-2026, 991.65, 986.35, 1016.20, 983.00, 1009.00, 1006.20, 995.96, 104359, 1039.37, 10039, 52814, 50.61
TECHNVISN, EQ, 25-Sep-2026, 4130.00, 4231.50, 4231.50, 3950.00, 4178.00, 4071.00, 4101.00, 391, 16.03, 130, 287, 73.40
TECILCHEM, EQ, 25-Sep-2026, 9.25, 9.44, 9.44, 8.58, 8.80, 8.81, 8.98, 142745, 12.82, 336, 123399, 86.45
TEGA, EQ, 25-Sep-2026, 2062.00, 2056.00, 2100.00, 2049.40, 2090.00, 2091.60, 2081.30, 261282, 5438.07, 21197, 101316, 38.78
TEJA, SM, 25-Sep-2026, 215.75, 217.00, 222.00, 217.00, 222.00, 222.00, 220.17, 7200, 15.85, 9, 5400, 75.00
TEJASNET, EQ, 25-Sep-2026, 511.30, 513.00, 513.00, 501.00, 506.00, 503.85, 505.69, 893736, 4519.57, 21149, 271530, 30.38
TEMBO, EQ, 25-Sep-2026, 59.26, 59.82, 63.37, 57.40, 57.80, 58.28, 59.88, 3971032, 2378.05, 26723, 1750756, 44.09
TEMPSENS, EQ, 25-Sep-2026, 543.40, 543.40, 546.70, 522.45, 529.80, 531.05, 531.94, 1321440, 7029.25, 28553, 471471, 35.68
TENNIND, EQ, 25-Sep-2026, 511.25, 514.00, 518.70, 509.00, 512.00, 515.25, 512.86, 471856, 2419.96, 16161, 272739, 57.80
TERAI, EQ, 25-Sep-2026, 111.55, 115.00, 120.00, 111.55, 116.00, 117.86, 116.74, 414, 0.48, 33, 301, 72.71
TERASOFT, EQ, 25-Sep-2026, 220.65, 221.45, 224.25, 214.00, 215.50, 218.90, 218.55, 26068, 56.97, 1497, 16106, 61.78
TEXINFRA, EQ, 25-Sep-2026, 118.90, 118.00, 119.89, 116.81, 118.00, 118.25, 118.31, 138397, 163.74, 1456, 46447, 33.56
TEXMOPIPES, EQ, 25-Sep-2026, 58.05, 57.50, 58.45, 56.50, 57.01, 56.91, 57.25, 69419, 39.74, 1278, 43806, 63.10
TEXRAIL, EQ, 25-Sep-2026, 126.77, 127.00, 128.55, 123.81, 125.50, 125.67, 126.20, 3485269, 4398.31, 36258, 1119842, 32.13
TFCILTD, EQ, 25-Sep-2026, 143.46, 142.00, 144.00, 135.49, 138.55, 138.31, 139.12, 30056074, 41813.55, 69590, 12584822, 41.87
TFL, EQ, 25-Sep-2026, 11.73, 12.20, 12.20, 11.50, 11.75, 11.76, 11.83, 3661, 0.43, 49, 2277, 62.20
TGBHOTELS, EQ, 25-Sep-2026, 9.50, 9.58, 9.90, 9.25, 9.35, 9.58, 9.65, 14339, 1.38, 117, 11879, 82.84
TGL, ST, 25-Sep-2026, 14.45, 14.20, 14.20, 14.20, 14.20, 14.20, 14.20, 7200, 1.02, 16, 7200, 100.00
TGVSL, EQ, 25-Sep-2026, 109.31, 110.11, 127.74, 110.11, 125.00, 124.78, 123.07, 10384184, 12779.55, 68785, 1134788, 10.93
THACKER, EQ, 25-Sep-2026, 1008.00, 951.00, 1001.00, 951.00, 975.00, 975.00, 974.50, 4, 0.04, 4, 4, 100.00
THAKDEV, EQ, 25-Sep-2026, 131.44, 135.00, 136.35, 134.95, 134.99, 134.99, 135.58, 23, 0.03, 8, 23, 100.00
THANGAMAYL, EQ, 25-Sep-2026, 5097.00, 5179.50, 5210.00, 5085.00, 5105.00, 5134.50, 5142.74, 33970, 1746.99, 7623, 17312, 50.96
THEINVEST, EQ, 25-Sep-2026, 92.63, 93.01, 97.45, 92.40, 93.50, 93.86, 94.78, 4243, 4.02, 161, 2338, 55.10
THEJO, EQ, 25-Sep-2026, 2168.80, 2161.40, 2199.00, 2136.20, 2198.00, 2185.00, 2175.83, 4584, 99.74, 455, 2677, 58.40
THELEELA, EQ, 25-Sep-2026, 533.20, 525.00, 551.50, 525.00, 544.90, 546.15, 541.34, 144533, 782.41, 13562, 85982, 59.49
THEMISMED, EQ, 25-Sep-2026, 118.10, 119.90, 120.46, 115.85, 116.50, 116.93, 116.68, 56963, 66.46, 1313, 28907, 50.75
THERMAX, EQ, 25-Sep-2026, 3406.10, 3402.00, 3460.70, 3376.00, 3450.00, 3447.20, 3429.27, 71452, 2450.28, 14149, 35236, 49.31
THESL, ST, 25-Sep-2026, 13.85, 14.00, 14.00, 14.00, 14.00, 14.00, 14.00, 3000, 0.42, 1, 3000, 100.00
THOMASCOOK, EQ, 25-Sep-2026, 103.97, 104.00, 104.00, 102.20, 103.10, 103.47, 103.21, 209188, 215.91, 3923, 97059, 46.40
THOMASCOTT, EQ, 25-Sep-2026, 235.00, 235.05, 282.00, 232.90, 246.90, 248.65, 250.51, 160337, 401.66, 2720, 73896, 46.09
THYROCARE, EQ, 25-Sep-2026, 566.75, 566.20, 570.80, 556.60, 565.00, 566.85, 563.05, 129345, 728.28, 9021, 76969, 59.51
TI, EQ, 25-Sep-2026, 587.55, 590.00, 590.00, 575.05, 580.05, 581.70, 586.77, 1372795, 8055.09, 20436, 1082742, 78.87
TICL, BE, 25-Sep-2026, 6.12, 6.42, 6.42, 5.92, 6.42, 6.42, 6.41, 551359, 35.35, 227, -, -
TIGERLOGS, EQ, 25-Sep-2026, 26.36, 27.00, 27.36, 25.81, 26.34, 26.33, 26.22, 90978, 23.85, 726, 66484, 73.08
TIIL, EQ, 25-Sep-2026, 3033.10, 3033.20, 3065.40, 2985.00, 3007.10, 3003.40, 3011.96, 27627, 832.11, 4151, 17982, 65.09
TIINDIA, EQ, 25-Sep-2026, 2540.50, 2530.00, 2547.80, 2506.10, 2511.10, 2511.10, 2526.30, 78988, 1995.47, 10349, 38095, 48.23
TIJARIA, BE, 25-Sep-2026, 6.72, 6.71, 7.00, 6.44, 6.97, 6.93, 6.80, 47519, 3.23, 133, -, -
TIL, BE, 25-Sep-2026, 256.16, 253.05, 256.60, 248.10, 253.00, 251.11, 251.89, 61092, 153.88, 379, -, -
TIMETECHNO, EQ, 25-Sep-2026, 179.31, 179.31, 182.09, 178.06, 181.50, 181.22, 180.60, 2079844, 3756.18, 16243, 438008, 21.06
TIMEX, EQ, 25-Sep-2026, 710.80, 719.20, 735.00, 706.45, 728.00, 732.05, 726.48, 330363, 2400.02, 22857, 148908, 45.07
TIMKEN, EQ, 25-Sep-2026, 3256.90, 3268.50, 3268.60, 3192.00, 3206.00, 3206.10, 3226.86, 14197, 458.12, 4634, 7137, 50.27
TINNARUBR, EQ, 25-Sep-2026, 982.80, 980.00, 993.00, 970.55, 982.80, 978.10, 981.11, 28833, 282.88, 2866, 14226, 49.34
TIPSFILMS, EQ, 25-Sep-2026, 311.50, 312.00, 344.00, 311.05, 343.50, 341.45, 334.31, 24778, 82.84, 980, 13150, 53.07
TIPSMUSIC, EQ, 25-Sep-2026, 662.05, 665.05, 672.00, 651.10, 667.00, 668.95, 664.72, 245082, 1629.12, 13820, 115337, 47.06
TIRUMALCHM, EQ, 25-Sep-2026, 162.95, 163.15, 163.20, 158.72, 160.80, 160.93, 160.54, 252816, 405.88, 6197, 123712, 48.93
TIRUPATI, SM, 25-Sep-2026, 307.00, 292.50, 292.50, 292.50, 292.50, 292.50, 292.50, 125, 0.37, 1, 125, 100.00
TIRUPATIFL, BE, 25-Sep-2026, 79.87, 78.28, 78.28, 78.28, 78.28, 78.28, 78.28, 66450, 52.02, 279, -, -
TITAGARH, EQ, 25-Sep-2026, 819.25, 816.00, 825.00, 811.15, 822.75, 822.60, 817.11, 277001, 2263.41, 15297, 86735, 31.31
TITAN, EQ, 25-Sep-2026, 4832.50, 4855.00, 4884.00, 4821.50, 4884.00, 4884.00, 4845.20, 368677, 17863.15, 37248, 171981, 46.65
TMB, EQ, 25-Sep-2026, 893.55, 894.95, 899.95, 879.05, 881.00, 881.90, 885.28, 118477, 1048.85, 10842, 59974, 50.62
TMCV, EQ, 25-Sep-2026, 437.15, 440.00, 445.00, 436.60, 440.00, 441.50, 440.93, 6273947, 27663.92, 106466, 3140154, 50.05
TMPV, EQ, 25-Sep-2026, 295.00, 297.00, 297.70, 288.00, 290.45, 290.45, 291.88, 22634929, 66067.64, 151997, 11673605, 51.57
TNIDETF, EQ, 25-Sep-2026, 86.30, 87.50, 87.69, 84.86, 85.13, 85.70, 85.41, 60997, 52.10, 754, 32729, 53.66
TNPETRO, EQ, 25-Sep-2026, 126.98, 127.00, 139.95, 125.80, 132.85, 132.93, 133.96, 7029643, 9416.66, 74431, 1101564, 15.67
TNPL, EQ, 25-Sep-2026, 148.94, 148.49, 153.89, 147.51, 150.70, 151.60, 151.41, 369264, 559.09, 7276, 155800, 42.19
TNTELE, EQ, 25-Sep-2026, 9.31, 9.46, 10.44, 9.03, 9.93, 9.91, 9.70, 92723, 8.99, 705, 55824, 60.21
TOKYOPLAST, EQ, 25-Sep-2026, 75.62, 75.63, 75.63, 73.15, 74.00, 74.00, 74.22, 141, 0.10, 11, 139, 98.58
TOLINS, EQ, 25-Sep-2026, 90.14, 91.10, 91.77, 87.90, 88.50, 88.11, 89.29, 63412, 56.62, 2038, 35851, 56.54
TOP100CASE, EQ, 25-Sep-2026, 10.21, 10.25, 10.26, 10.10, 10.26, 10.22, 10.21, 324865, 33.17, 877, 285080, 87.75
TOP10ADD, EQ, 25-Sep-2026, 83.79, 83.04, 84.50, 83.04, 84.50, 83.88, 83.59, 173821, 145.30, 2578, 136735, 78.66
TOP15IETF, EQ, 25-Sep-2026, 9.34, 9.34, 9.51, 9.30, 9.36, 9.35, 9.32, 693086, 64.63, 281, 414629, 59.82
TOP20, EQ, 25-Sep-2026, 8.50, 8.50, 8.55, 8.50, 8.55, 8.55, 8.52, 39948, 3.40, 107, 29814, 74.63
TORNTPHARM, EQ, 25-Sep-2026, 4928.50, 4911.50, 4990.50, 4906.50, 4988.50, 4988.50, 4963.40, 386632, 19190.11, 24535, 252493, 65.31
TORNTPOWER, EQ, 25-Sep-2026, 1244.20, 1244.00, 1264.90, 1233.80, 1256.00, 1254.60, 1243.20, 120680, 1500.29, 11405, 67360, 55.82
TOTAL, BE, 25-Sep-2026, 71.93, 71.93, 71.98, 69.10, 70.90, 70.86, 69.57, 5212, 3.63, 41, -, -
TOUCHWOOD, EQ, 25-Sep-2026, 61.78, 61.16, 61.66, 60.06, 60.11, 60.14, 60.16, 2191, 1.32, 15, 2151, 98.17
TOYAMSL, EQ, 25-Sep-2026, 0.84, 0.81, 0.87, 0.80, 0.82, 0.81, 0.81, 2953375, 23.86, 427, 1342825, 45.47
TPHQ, BE, 25-Sep-2026, 0.51, 0.51, 0.52, 0.51, 0.51, 0.51, 0.51, 559741, 2.86, 201, -, -
TPLPLASTEH, EQ, 25-Sep-2026, 65.06, 65.06, 66.50, 64.21, 66.50, 65.85, 65.36, 98266, 64.22, 1003, 23768, 24.19
TRACXN, EQ, 25-Sep-2026, 31.83, 31.60, 32.83, 31.60, 32.52, 32.63, 32.45, 84028, 27.27, 1929, 52373, 62.33
TRANSCOR, EQ, 25-Sep-2026, 24.41, 24.65, 24.99, 23.51, 24.01, 24.05, 24.19, 3293, 0.80, 82, 2050, 62.25
TRANSPEK, BE, 25-Sep-2026, 1358.60, 1326.00, 1370.00, 1301.00, 1340.00, 1312.60, 1343.76, 820, 11.02, 40, -, -
TRANSRAILL, EQ, 25-Sep-2026, 464.00, 466.00, 473.50, 453.95, 468.00, 469.25, 463.64, 697224, 3232.59, 27205, 177172, 25.41
TRANSTEEL, SM, 25-Sep-2026, 85.95, 85.95, 86.95, 84.00, 85.65, 85.70, 85.37, 21000, 17.93, 20, 8000, 38.10
TRANSWORLD, BE, 25-Sep-2026, 165.97, 166.00, 167.00, 166.00, 166.10, 166.10, 166.12, 1977, 3.28, 7, -, -
TRAVELFOOD, EQ, 25-Sep-2026, 1214.20, 1214.00, 1230.00, 1191.00, 1210.00, 1213.30, 1209.10, 64775, 783.19, 8274, 30134, 46.52
TREEHOUSE, EQ, 25-Sep-2026, 6.07, 6.14, 6.14, 5.87, 6.05, 6.05, 5.99, 22991, 1.38, 77, 19126, 83.19
TREJHARA, EQ, 25-Sep-2026, 135.31, 134.15, 146.90, 134.00, 143.30, 144.79, 139.19, 46259, 64.39, 1322, 34431, 74.43
TREL, EQ, 25-Sep-2026, 27.80, 27.80, 28.65, 27.00, 28.50, 28.32, 27.86, 116098, 32.35, 4437, 74050, 63.78
TRENT, EQ, 25-Sep-2026, 2700.00, 2720.00, 2720.00, 2646.00, 2669.30, 2669.30, 2672.98, 1054993, 28199.75, 71292, 543013, 51.47
TRF, EQ, 25-Sep-2026, 215.13, 215.00, 216.50, 212.20, 215.01, 215.65, 214.57, 6886, 14.78, 192, 5201, 75.53
TRIDENT, EQ, 25-Sep-2026, 23.15, 23.15, 23.22, 22.88, 23.12, 23.12, 23.03, 2193149, 505.15, 11422, 883364, 40.28
TRIGYN, EQ, 25-Sep-2026, 54.95, 55.47, 58.40, 54.40, 56.60, 56.62, 56.35, 225719, 127.19, 2685, 92397, 40.93
TRITONV, EQ, 25-Sep-2026, 1109.40, 1100.10, 1117.00, 1039.70, 1113.80, 1109.00, 1095.34, 1322, 14.48, 347, 545, 41.23
TRITURBINE, EQ, 25-Sep-2026, 551.80, 552.00, 558.75, 546.40, 554.95, 554.20, 551.95, 238357, 1315.62, 35727, 106774, 44.80
TRIVENI, EQ, 25-Sep-2026, 240.20, 240.40, 251.80, 239.15, 247.70, 247.55, 247.42, 1349570, 3339.11, 28155, 424572, 31.46
TROM, SM, 25-Sep-2026, 53.40, 53.50, 53.50, 53.50, 53.50, 53.50, 53.50, 600, 0.32, 1, 600, 100.00
TRU, EQ, 25-Sep-2026, 4.21, 4.36, 4.36, 3.95, 4.10, 4.20, 4.13, 44534, 1.84, 209, 34865, 78.29
TRUALT, EQ, 25-Sep-2026, 429.00, 429.30, 444.20, 421.20, 443.00, 441.90, 436.00, 442258, 1928.23, 5566, 327771, 74.11
TRUST, SM, 25-Sep-2026, 26.15, 26.15, 26.90, 23.80, 26.90, 26.55, 25.73, 30000, 7.72, 43, 20400, 68.00
TSC, ST, 25-Sep-2026, 51.00, 51.00, 51.00, 51.00, 51.00, 51.00, 51.00, 2000, 1.02, 1, 2000, 100.00
TSFINV, EQ, 25-Sep-2026, 456.90, 458.00, 465.00, 451.50, 457.05, 456.85, 460.32, 133702, 615.46, 3546, 90146, 67.42
TTKHLTCARE, EQ, 25-Sep-2026, 1045.40, 1045.40, 1060.00, 1023.30, 1035.00, 1031.10, 1037.77, 12141, 126.00, 1225, 8033, 66.16
TTKPRESTIG, EQ, 25-Sep-2026, 515.30, 518.90, 526.70, 515.60, 526.05, 524.40, 522.80, 21938, 114.69, 2279, 12847, 58.56
TTL, EQ, 25-Sep-2026, 7.25, 7.28, 7.38, 7.09, 7.14, 7.13, 7.20, 176663, 12.71, 458, 123370, 69.83
TTML, EQ, 25-Sep-2026, 35.02, 35.25, 35.25, 33.84, 34.48, 34.44, 34.46, 1775354, 611.74, 8359, 765782, 43.13
TUNWAL, SM, 25-Sep-2026, 25.45, 25.10, 25.70, 25.10, 25.70, 25.45, 25.25, 48000, 12.12, 18, 32000, 66.67
TURTLEMINT, EQ, 25-Sep-2026, 109.04, 90.65, 97.77, 87.24, 87.24, 87.24, 91.35, 17986707, 16430.88, 97845, 5490974, 30.53
TUTIALKA, EQ, 25-Sep-2026, 55.53, 56.00, 56.88, 55.11, 56.37, 55.51, 55.58, 3365, 1.87, 62, 2623, 77.95
TVSELECT, EQ, 25-Sep-2026, 381.70, 389.35, 390.65, 380.35, 380.95, 383.30, 384.34, 17581, 67.57, 1297, 7386, 42.01
TVSHLTD, EQ, 25-Sep-2026, 12501.00, 12470.00, 12675.00, 12366.00, 12625.00, 12601.00, 12486.53, 2997, 374.22, 1453, 1345, 44.88
TVSMOTOR, EQ, 25-Sep-2026, 4091.00, 4075.00, 4177.90, 4075.00, 4157.30, 4157.30, 4124.52, 411326, 16965.21, 33668, 245514, 59.69
TVSSCS, EQ, 25-Sep-2026, 130.47, 130.00, 131.69, 128.61, 130.22, 130.26, 130.25, 420956, 548.30, 7347, 205837, 48.90
TVSSRICHAK, EQ, 25-Sep-2026, 4412.00, 4420.00, 4630.00, 4413.50, 4605.00, 4609.50, 4556.70, 10416, 474.63, 2673, 3286, 31.55
TVTODAY, EQ, 25-Sep-2026, 107.77, 108.50, 108.50, 106.00, 106.01, 106.36, 106.46, 11374, 12.11, 654, 7151, 62.87
TVVISION, BE, 25-Sep-2026, 3.05, 3.05, 3.20, 2.90, 3.00, 2.92, 3.05, 116228, 3.55, 180, -, -
TWCGOLDETF, EQ, 25-Sep-2026, 149.01, 149.75, 150.06, 148.58, 149.97, 149.99, 149.47, 9324, 13.94, 140, 9145, 98.08
UBL, EQ, 25-Sep-2026, 1270.20, 1270.20, 1271.20, 1243.20, 1247.80, 1251.30, 1256.09, 168060, 2110.99, 7613, 124744, 74.23
UCAL, BE, 25-Sep-2026, 141.45, 142.40, 144.00, 139.00, 144.00, 142.56, 141.58, 4127, 5.84, 66, -, -
UCOBANK, EQ, 25-Sep-2026, 23.74, 23.74, 23.95, 23.55, 23.94, 23.90, 23.79, 2615016, 621.98, 10128, 1182876, 45.23
UDAYJEW, EQ, 25-Sep-2026, 162.33, 168.50, 172.50, 160.10, 160.10, 162.91, 168.39, 85689, 144.29, 2146, 16061, 18.74
UDS, EQ, 25-Sep-2026, 201.90, 203.00, 209.24, 200.65, 206.15, 207.90, 206.21, 103467, 213.35, 2570, 46215, 44.67
UEL, EQ, 25-Sep-2026, 188.09, 186.00, 188.09, 180.01, 185.00, 183.73, 182.55, 16391, 29.92, 819, 8847, 53.97
UFBL, BE, 25-Sep-2026, 723.00, 723.00, 736.80, 696.15, 697.10, 698.25, 709.32, 26118, 185.26, 1049, -, -
UFLEX, EQ, 25-Sep-2026, 661.55, 662.80, 668.00, 648.00, 668.00, 664.20, 657.16, 77164, 507.09, 3153, 39650, 51.38
UFO, EQ, 25-Sep-2026, 59.53, 59.55, 61.30, 59.30, 60.70, 59.73, 60.02, 26279, 15.77, 470, 18255, 69.47
UGARSUGAR, EQ, 25-Sep-2026, 55.77, 55.98, 66.66, 54.71, 64.30, 64.03, 62.75, 13699429, 8596.60, 62779, 1278357, 9.33
UGROCAP, EQ, 25-Sep-2026, 82.23, 82.23, 82.71, 81.55, 82.10, 82.02, 82.05, 90627, 74.36, 1074, 64602, 71.28
UHTL, ST, 25-Sep-2026, 195.75, 199.45, 199.65, 199.45, 199.65, 199.65, 199.53, 146000, 291.31, 42, 140000, 95.89
UJJIVANSFB, EQ, 25-Sep-2026, 62.69, 63.29, 65.10, 62.73, 65.10, 64.71, 63.80, 13378426, 8535.60, 86721, 7496599, 56.03
ULTRACEMCO, EQ, 25-Sep-2026, 11056.00, 11100.00, 11184.00, 11027.00, 11155.00, 11155.00, 11104.94, 191155, 21227.64, 39230, 106237, 55.58
ULTRAMAR, EQ, 25-Sep-2026, 429.05, 425.25, 438.45, 419.85, 429.00, 425.30, 424.06, 28763, 121.97, 1784, 15496, 53.87
UMAEXPORTS, BE, 25-Sep-2026, 20.81, 21.22, 21.22, 21.22, 21.22, 21.22, 21.22, 1402, 0.30, 8, -, -
UMESLTD, EQ, 25-Sep-2026, 4.51, 4.51, 4.74, 4.40, 4.59, 4.55, 4.54, 21477, 0.97, 128, 14363, 66.88
UMIYA-MRO, EQ, 25-Sep-2026, 96.42, 98.00, 98.00, 95.51, 97.89, 97.25, 96.88, 6359, 6.16, 338, 3147, 49.49
UNICHEMLAB, EQ, 25-Sep-2026, 552.65, 554.00, 559.45, 541.35, 548.40, 549.70, 548.88, 50490, 277.13, 2951, 15456, 30.61
UNIDT, EQ, 25-Sep-2026, 259.76, 257.73, 260.82, 238.24, 244.90, 241.71, 245.48, 139221, 341.76, 4906, 85652, 61.52
UNIECOM, EQ, 25-Sep-2026, 82.76, 83.35, 86.99, 81.76, 83.35, 83.78, 84.56, 514134, 434.73, 6433, 145461, 28.29
UNIENTER, EQ, 25-Sep-2026, 90.50, 90.50, 91.89, 89.55, 91.10, 90.10, 90.13, 2133, 1.92, 57, 1994, 93.48
UNIHEALTH, SM, 25-Sep-2026, 656.00, 635.10, 687.95, 583.10, 670.00, 638.85, 616.67, 80000, 493.34, 129, 55000, 68.75
UNIINFO, EQ, 25-Sep-2026, 11.29, 11.29, 11.40, 10.73, 11.39, 10.97, 10.93, 2307, 0.25, 17, 1603, 69.48
UNILEX, SM, 25-Sep-2026, 31.00, 30.90, 32.00, 30.90, 32.00, 32.00, 31.60, 6400, 2.02, 4, 6400, 100.00
UNIMECH, EQ, 25-Sep-2026, 1692.30, 1699.90, 1712.00, 1640.90, 1667.00, 1665.10, 1670.88, 138995, 2322.45, 17906, 55875, 40.20
UNIONBANK, EQ, 25-Sep-2026, 179.45, 178.78, 180.72, 178.34, 180.20, 180.20, 179.61, 6466107, 11614.01, 27211, 3393941, 52.49
UNIONGOLD, EQ, 25-Sep-2026, 146.45, 146.75, 147.60, 146.10, 147.55, 147.55, 146.82, 478, 0.70, 49, 226, 47.28
UNIPARTS, EQ, 25-Sep-2026, 850.35, 850.35, 859.00, 832.75, 848.00, 847.20, 846.17, 85608, 724.39, 6759, 41208, 48.14
UNITDSPR, EQ, 25-Sep-2026, 1423.30, 1423.30, 1437.60, 1417.30, 1423.80, 1423.80, 1426.27, 362455, 5169.60, 20394, 228593, 63.07
UNITECH, EQ, 25-Sep-2026, 4.05, 4.05, 4.13, 4.00, 4.07, 4.09, 4.05, 2798979, 113.41, 1760, 1805516, 64.51
UNITEDPOLY, EQ, 25-Sep-2026, 45.27, 44.40, 47.10, 44.40, 47.00, 46.81, 46.61, 1037819, 483.75, 1968, 332341, 32.02
UNITEDTEA, EQ, 25-Sep-2026, 428.25, 430.00, 439.00, 423.40, 428.75, 425.10, 426.84, 2416, 10.31, 160, 2184, 90.40
UNIVASTU, BE, 25-Sep-2026, 140.54, 140.00, 140.00, 135.31, 139.00, 138.08, 137.44, 45861, 63.03, 347, -, -
UNIVCABLES, EQ, 25-Sep-2026, 1517.00, 1510.30, 1549.00, 1480.50, 1490.00, 1494.00, 1511.98, 69934, 1057.39, 7462, 24731, 35.36
UNIVPHOTO, BE, 25-Sep-2026, 549.85, 548.25, 548.25, 527.00, 548.00, 547.25, 541.37, 547, 2.96, 22, -, -
UNOMINDA, EQ, 25-Sep-2026, 1224.40, 1224.40, 1236.20, 1215.10, 1218.00, 1218.00, 1220.93, 272547, 3327.60, 23575, 136861, 50.22
UPHOT, EQ, 25-Sep-2026, 1500.00, 1500.00, 1500.00, 1500.00, 1500.00, 1500.00, 1500.00, 8, 0.12, 2, 8, 100.00
UPL, EQ, 25-Sep-2026, 549.60, 548.00, 552.00, 543.60, 550.05, 550.05, 547.27, 2067628, 11315.60, 43353, 1232257, 59.60
URAVIDEF, BE, 25-Sep-2026, 103.00, 105.00, 105.00, 103.00, 103.00, 103.00, 103.63, 628, 0.65, 31, -, -
URBAN, SM, 25-Sep-2026, 119.00, 120.80, 120.95, 117.45, 118.85, 118.85, 119.92, 12800, 15.35, 16, 8000, 62.50
URBANCO, EQ, 25-Sep-2026, 171.26, 171.59, 171.59, 167.30, 169.06, 168.99, 169.17, 2063119, 3490.25, 24222, 717500, 34.78
URJA, EQ, 25-Sep-2026, 9.00, 8.98, 9.00, 8.87, 8.96, 8.95, 8.93, 503556, 44.98, 2206, 303667, 60.30
USHAFIN, SM, 25-Sep-2026, 55.80, 53.50, 54.00, 53.30, 54.00, 54.00, 53.76, 16000, 8.60, 10, 12800, 80.00
USHAMART, EQ, 25-Sep-2026, 523.20, 525.90, 525.90, 511.00, 517.50, 518.80, 517.85, 404445, 2094.44, 14401, 143505, 35.48
USK, EQ, 25-Sep-2026, 19.61, 19.61, 20.83, 19.50, 19.85, 19.86, 19.91, 30738, 6.12, 269, 20477, 66.62
UTIAMC, EQ, 25-Sep-2026, 907.90, 907.90, 907.90, 893.60, 905.50, 901.85, 900.12, 52484, 472.42, 7572, 31694, 60.39
UTKAL, SM, 25-Sep-2026, 50.80, 49.00, 50.80, 49.00, 49.00, 49.00, 49.69, 14000, 6.96, 7, 14000, 100.00
UTKARSHBNK, EQ, 25-Sep-2026, 13.86, 13.86, 13.93, 13.68, 13.80, 13.80, 13.75, 3993057, 548.96, 4977, 1703072, 42.65
UTLSOLAR, EQ, 25-Sep-2026, 433.40, 439.90, 442.20, 416.00, 418.00, 422.10, 427.32, 315720, 1349.12, 12567, 200538, 63.52
UTSSAV, SM, 25-Sep-2026, 652.20, 652.00, 728.00, 652.00, 725.00, 722.10, 704.99, 189600, 1336.66, 234, 120600, 63.61
UTTAMSUGAR, EQ, 25-Sep-2026, 260.00, 261.80, 304.90, 260.00, 292.80, 293.15, 290.02, 2805051, 8135.27, 53401, 274447, 9.78
UYFINCORP, BE, 25-Sep-2026, 19.26, 19.40, 19.50, 19.04, 19.50, 19.32, 19.29, 75222, 14.51, 137, -, -
V2RETAIL, EQ, 25-Sep-2026, 214.47, 214.94, 214.94, 210.66, 214.84, 214.72, 213.44, 612614, 1307.58, 9338, 351267, 57.34
VADILALIND, EQ, 25-Sep-2026, 7413.50, 7415.00, 7578.00, 7396.00, 7540.00, 7534.50, 7497.25, 6174, 462.88, 2034, 2565, 41.55
VADILENT, EQ, 25-Sep-2026, 10303.00, 10280.00, 10399.00, 10250.00, 10250.00, 10265.00, 10306.80, 10, 1.03, 9, 7, 70.00
VAIBHAVGBL, EQ, 25-Sep-2026, 205.25, 205.00, 208.00, 203.37, 206.95, 206.38, 205.78, 182205, 374.94, 4931, 96810, 53.13
VAISHALI, EQ, 25-Sep-2026, 8.53, 8.75, 8.75, 8.50, 8.64, 8.62, 8.63, 54082, 4.67, 197, 45461, 84.06
VAKRANGEE, EQ, 25-Sep-2026, 5.30, 5.35, 5.35, 5.10, 5.28, 5.27, 5.22, 1296324, 67.64, 2465, 451130, 34.80
VAL30IETF, EQ, 25-Sep-2026, 14.87, 14.87, 14.92, 14.80, 14.92, 14.85, 14.83, 137283, 20.36, 421, 78361, 57.08
VALIANTLAB, BE, 25-Sep-2026, 123.15, 123.15, 126.50, 119.52, 125.00, 124.87, 124.22, 62693, 77.88, 295, -, -
VALIANTORG, EQ, 25-Sep-2026, 411.35, 406.05, 418.00, 406.00, 411.25, 410.45, 411.38, 30685, 126.23, 842, 19089, 62.21
VALUE, EQ, 25-Sep-2026, 15.78, 15.79, 15.81, 15.72, 15.76, 15.76, 15.75, 72466, 11.41, 81, 72230, 99.67
VALUE360, SM, 25-Sep-2026, 56.35, 59.80, 60.00, 59.80, 59.95, 59.95, 59.93, 7200, 4.31, 6, 7200, 100.00
VALUEAXIS, EQ, 25-Sep-2026, 32.18, 32.58, 32.58, 32.00, 32.12, 32.13, 32.12, 45619, 14.65, 259, 31418, 68.87
VAML, EQ, 25-Sep-2026, 429.40, 428.95, 435.70, 422.50, 426.00, 426.75, 428.01, 5912626, 25306.72, 82572, 3529999, 59.70
VARDHACRLC, BE, 25-Sep-2026, 43.95, 43.20, 44.95, 43.20, 44.00, 44.19, 44.36, 24684, 10.95, 155, -, -
VARDMNPOLY, EQ, 25-Sep-2026, 5.81, 5.95, 5.95, 5.76, 5.91, 5.85, 5.87, 88139, 5.18, 228, 65867, 74.73
VARROC, EQ, 25-Sep-2026, 833.40, 830.00, 840.95, 827.50, 838.35, 834.85, 834.53, 85714, 715.31, 8456, 38088, 44.44
VASCONEQ, EQ, 25-Sep-2026, 33.29, 37.00, 38.00, 34.06, 34.78, 34.76, 35.58, 6719189, 2390.68, 24054, 1566712, 23.32
VASUPRADA, EQ, 25-Sep-2026, 95.30, 100.00, 100.00, 99.90, 99.90, 99.90, 99.95, 6, 0.01, 2, 6, 100.00
VASWANI, EQ, 25-Sep-2026, 45.08, 45.08, 46.45, 44.40, 45.45, 45.35, 45.24, 21654, 9.80, 382, 16364, 75.57
VBL, EQ, 25-Sep-2026, 431.25, 428.30, 436.60, 428.30, 434.80, 434.80, 432.92, 5365431, 23228.02, 39209, 3246176, 60.50
VCL, BE, 25-Sep-2026, 1.45, 1.38, 1.38, 1.38, 1.38, 1.38, 1.38, 293211, 4.05, 176, -, -
VDEAL, SM, 25-Sep-2026, 118.25, 112.00, 116.90, 106.00, 112.50, 112.50, 111.51, 33000, 36.80, 55, 25200, 76.36
VEDAVAAG, EQ, 25-Sep-2026, 21.31, 20.60, 24.19, 20.60, 23.40, 23.45, 23.50, 261746, 61.51, 2143, 128747, 49.19
VEDL, EQ, 25-Sep-2026, 267.50, 266.25, 267.25, 264.30, 266.35, 266.35, 265.82, 3768892, 10018.32, 41274, 1874383, 49.73
VEDPOWER, EQ, 25-Sep-2026, 32.10, 32.10, 33.10, 31.53, 33.03, 32.95, 32.41, 14269362, 4624.47, 42809, 6198973, 43.44
VEEDOL, EQ, 25-Sep-2026, 1364.30, 1364.30, 1400.90, 1350.00, 1400.00, 1393.40, 1372.98, 13910, 190.98, 1316, 9197, 66.12
VEEGALAND, BE, 25-Sep-2026, 142.38, 143.20, 145.00, 140.00, 141.50, 141.16, 141.50, 204051, 288.74, 1784, -, -
VELJAN, BE, 25-Sep-2026, 2067.90, 2021.00, 2100.00, 1990.40, 2025.10, 2094.70, 2078.77, 244, 5.07, 61, -, -
VENKEYS, EQ, 25-Sep-2026, 1664.10, 1667.00, 1680.00, 1636.00, 1659.60, 1652.80, 1655.01, 19252, 318.62, 2338, 9452, 49.10
VENTIVE, EQ, 25-Sep-2026, 572.75, 572.70, 572.70, 564.00, 564.00, 565.05, 567.37, 13304, 75.48, 668, 8364, 62.87
VENUSPIPES, EQ, 25-Sep-2026, 2206.30, 2215.80, 2225.00, 2135.00, 2150.00, 2163.20, 2168.96, 148235, 3215.16, 14708, 66310, 44.73
VENUSREM, EQ, 25-Sep-2026, 1624.80, 1618.00, 1705.00, 1611.90, 1665.50, 1668.40, 1665.89, 36028, 600.19, 2822, 22292, 61.87
VERANDA, EQ, 25-Sep-2026, 232.46, 232.35, 238.25, 230.02, 231.10, 232.59, 234.20, 410254, 960.82, 7250, 247274, 60.27
VERITAAS, SM, 25-Sep-2026, 25.45, 26.70, 26.70, 26.70, 26.70, 26.70, 26.70, 2400, 0.64, 2, 2400, 100.00
VERTIS, IV, 25-Sep-2026, 115.75, 115.50, 115.50, 115.50, 115.50, 115.50, 115.50, 425000, 490.88, 1, 425000, 100.00
VERTOZ, EQ, 25-Sep-2026, 36.73, 37.29, 37.29, 35.50, 36.00, 36.29, 36.44, 26721, 9.74, 326, 21503, 80.47
VESUVIUS, EQ, 25-Sep-2026, 391.85, 392.00, 394.55, 387.60, 389.90, 389.10, 389.74, 51904, 202.29, 2752, 31844, 61.35
VETO, EQ, 25-Sep-2026, 143.04, 146.50, 152.00, 139.89, 150.99, 150.32, 147.51, 354342, 522.71, 5150, 219402, 61.92
VGCL, EQ, 25-Sep-2026, 47.20, 47.20, 47.95, 47.20, 47.89, 47.89, 47.91, 54, 0.03, 6, 54, 100.00
VGINFOTECH, SM, 25-Sep-2026, 141.10, 139.50, 146.50, 139.50, 146.50, 144.80, 142.96, 33000, 47.18, 29, 24000, 72.73
VGL, EQ, 25-Sep-2026, 66.52, 66.52, 68.00, 66.31, 67.71, 67.28, 67.05, 42751, 28.67, 529, 28933, 67.68
VGUARD, EQ, 25-Sep-2026, 308.60, 310.00, 310.00, 302.35, 303.75, 304.35, 304.40, 313680, 954.84, 17509, 190481, 60.72
VHL, EQ, 25-Sep-2026, 3368.10, 3375.00, 3399.00, 3350.50, 3352.00, 3358.10, 3367.13, 70, 2.36, 47, 41, 58.57
VHLTD, BE, 25-Sep-2026, 129.16, 130.00, 130.00, 123.00, 125.00, 125.36, 125.51, 6373, 8.00, 96, -, -
VIAZ, SM, 25-Sep-2026, 78.85, 75.55, 75.55, 75.50, 75.50, 75.50, 75.53, 4000, 3.02, 2, 4000, 100.00
VIDHIING, EQ, 25-Sep-2026, 352.45, 354.20, 359.00, 342.10, 345.00, 345.75, 347.49, 12374, 43.00, 530, 8324, 67.27
VIDYAWIRES, EQ, 25-Sep-2026, 86.23, 85.10, 90.54, 85.10, 90.54, 90.54, 89.99, 1822959, 1640.48, 7627, 1204406, 66.07
VIESL, SM, 25-Sep-2026, 369.05, 371.10, 377.50, 370.00, 372.00, 372.00, 373.46, 41600, 155.36, 30, 38400, 92.31
VIGOR, SM, 25-Sep-2026, 101.00, 97.50, 101.00, 90.90, 101.00, 100.00, 95.59, 70400, 67.30, 42, 51200, 72.73
VIJAYA, EQ, 25-Sep-2026, 1526.50, 1528.00, 1540.00, 1504.00, 1510.00, 1513.60, 1516.04, 58184, 882.09, 12728, 29585, 50.85
VIJAYPD, SM, 25-Sep-2026, 71.15, 71.00, 72.90, 71.00, 72.85, 72.85, 72.19, 8000, 5.78, 4, 8000, 100.00
VIJIFIN, BE, 25-Sep-2026, 16.22, 16.53, 16.53, 15.90, 16.41, 16.41, 16.36, 845633, 138.36, 320, -, -
VIKASECO, EQ, 25-Sep-2026, 1.03, 1.04, 1.05, 1.03, 1.04, 1.04, 1.04, 889394, 9.27, 866, 542115, 60.95
VIKASLIFE, EQ, 25-Sep-2026, 1.24, 1.25, 1.25, 1.23, 1.24, 1.23, 1.24, 1320140, 16.34, 7988, 657794, 49.83
VIKRAMSOLR, EQ, 25-Sep-2026, 160.42, 161.40, 161.41, 160.00, 160.50, 160.31, 160.32, 897713, 1439.22, 9681, 517009, 57.59
VIKRAN, EQ, 25-Sep-2026, 60.99, 60.50, 60.98, 58.53, 58.75, 59.18, 59.19, 2587537, 1531.63, 15186, 658011, 25.43
VILAS, SM, 25-Sep-2026, 399.35, 390.10, 399.70, 383.10, 395.00, 395.00, 392.09, 25500, 99.98, 92, 17000, 66.67
VILINBIO, ST, 25-Sep-2026, 52.30, 49.70, 51.50, 49.70, 51.50, 51.50, 50.42, 20000, 10.08, 5, 20000, 100.00
VIMTALABS, EQ, 25-Sep-2026, 597.50, 602.35, 619.00, 594.60, 601.00, 599.30, 602.10, 151067, 909.57, 8573, 50820, 33.64
VINATIORGA, EQ, 25-Sep-2026, 1195.00, 1194.10, 1210.50, 1192.00, 1205.00, 1206.40, 1200.80, 21752, 261.20, 3931, 12175, 55.97
VINCOFE, EQ, 25-Sep-2026, 183.75, 184.10, 187.19, 181.04, 183.60, 184.15, 183.94, 911215, 1676.06, 14020, 412704, 45.29
VINDHYATEL, EQ, 25-Sep-2026, 2767.50, 2745.00, 2817.70, 2703.20, 2720.00, 2719.80, 2739.73, 41951, 1149.34, 5980, 16932, 40.36
VINEETLAB, EQ, 25-Sep-2026, 34.93, 35.84, 36.24, 34.32, 34.90, 34.85, 35.10, 57655, 20.23, 929, 35082, 60.85
VINNY, EQ, 25-Sep-2026, 0.92, 0.91, 0.93, 0.91, 0.93, 0.93, 0.92, 133335, 1.23, 161, 111197, 83.40
VINOD, ST, 25-Sep-2026, 69.25, 65.80, 65.80, 65.80, 65.80, 65.80, 65.80, 4800, 3.16, 4, 4800, 100.00
VINSYS, ST, 25-Sep-2026, 573.80, 583.00, 583.00, 582.00, 582.00, 582.00, 582.50, 500, 2.91, 2, 500, 100.00
VINYAS, SM, 25-Sep-2026, 1543.50, 1515.00, 1549.95, 1515.00, 1523.00, 1527.30, 1528.23, 5500, 84.05, 47, 4500, 81.82
VINYLINDIA, EQ, 25-Sep-2026, 220.32, 220.80, 222.95, 218.25, 219.50, 219.85, 219.92, 1993, 4.38, 133, 1586, 79.58
VIPCLOTHNG, EQ, 25-Sep-2026, 21.70, 22.00, 22.20, 21.15, 21.56, 21.63, 21.57, 45956, 9.91, 239, 35889, 78.09
VIPIND, EQ, 25-Sep-2026, 300.95, 300.95, 303.00, 294.05, 301.00, 301.20, 298.52, 208836, 623.41, 4126, 104576, 50.08
VIPULLTD, BE, 25-Sep-2026, 10.56, 10.52, 10.70, 10.22, 10.48, 10.36, 10.39, 73134, 7.60, 150, -, -
VIRAT, EQ, 25-Sep-2026, 361.55, 374.90, 379.65, 363.00, 363.00, 364.70, 371.65, 7899, 29.36, 318, 4285, 54.25
VIRINCHI, EQ, 25-Sep-2026, 13.81, 14.00, 14.07, 13.75, 13.99, 13.81, 13.89, 38149, 5.30, 188, 29880, 78.32
VIRTUALG, BE, 25-Sep-2026, 0.45, 0.45, 0.46, 0.44, 0.46, 0.46, 0.45, 81967, 0.37, 106, -, -
VISACHROME, EQ, 25-Sep-2026, 36.34, 35.50, 37.95, 34.53, 34.53, 34.54, 35.38, 20791, 7.36, 384, 14835, 71.35
VISAKAIND, EQ, 25-Sep-2026, 94.79, 96.00, 96.00, 90.10, 91.00, 90.98, 92.22, 349833, 322.61, 5177, 244168, 69.80
VISAMAN, SM, 25-Sep-2026, 31.75, 30.20, 30.20, 30.20, 30.20, 30.20, 30.20, 5000, 1.51, 5, 5000, 100.00
VISDEM, SM, 25-Sep-2026, 88.40, 92.00, 93.00, 92.00, 93.00, 93.00, 92.42, 3600, 3.33, 3, 3600, 100.00
VISHAL, EQ, 25-Sep-2026, 18.06, 17.80, 18.30, 17.80, 18.02, 18.03, 18.02, 34434, 6.21, 258, 24877, 72.25
VISHNU, EQ, 25-Sep-2026, 703.25, 706.75, 709.60, 689.65, 693.40, 697.65, 697.59, 66047, 460.74, 4187, 36648, 55.49
VISHNUINFR, SM, 25-Sep-2026, 150.00, 150.00, 150.00, 147.80, 147.80, 147.80, 148.26, 8500, 12.60, 11, 8500, 100.00
VISHWARAJ, EQ, 25-Sep-2026, 5.28, 5.35, 5.62, 5.31, 5.49, 5.48, 5.42, 673898, 36.50, 1130, 290883, 43.16
VISL, EQ, 25-Sep-2026, 32.13, 32.00, 32.94, 31.52, 32.78, 32.78, 32.37, 17169111, 5557.64, 36867, 8171540, 47.59
VITAL, EQ, 25-Sep-2026, 54.37, 56.94, 56.94, 52.00, 53.00, 53.00, 53.71, 9180, 4.93, 84, 7100, 77.34
VIVIANA, EQ, 25-Sep-2026, 706.25, 702.80, 728.00, 700.00, 710.50, 719.55, 714.51, 19704, 140.79, 1624, 10938, 55.51
VIVIDEL, SM, 25-Sep-2026, 1790.00, 1790.00, 1790.00, 1750.25, 1790.00, 1773.70, 1771.32, 6480, 114.78, 25, 2880, 44.44
VIVIDHA, EQ, 25-Sep-2026, 0.53, 0.53, 0.55, 0.53, 0.53, 0.53, 0.54, 228223, 1.24, 145, 158605, 69.50
VIVIMEDLAB, BE, 25-Sep-2026, 5.45, 5.50, 5.55, 5.35, 5.55, 5.55, 5.54, 14406, 0.80, 28, -, -
VIVOBIOT, EQ, 25-Sep-2026, 16.08, 16.67, 17.40, 16.08, 16.80, 16.79, 16.79, 6740, 1.13, 54, 6124, 90.86
VIYASH, EQ, 25-Sep-2026, 246.00, 244.40, 247.55, 242.50, 244.05, 244.35, 244.83, 1325870, 3246.16, 21331, 629160, 47.45
VLEGOV, EQ, 25-Sep-2026, 10.25, 10.15, 10.74, 10.12, 10.60, 10.59, 10.51, 89296, 9.38, 297, 58784, 65.83
VLINFRA, SM, 25-Sep-2026, 25.00, 25.15, 25.15, 24.50, 24.55, 24.55, 24.83, 12000, 2.98, 6, 12000, 100.00
VLSFINANCE, EQ, 25-Sep-2026, 239.58, 243.00, 243.00, 235.65, 239.80, 239.74, 239.59, 7005, 16.78, 227, 3917, 55.92
VMARCIND, SM, 25-Sep-2026, 329.20, 327.00, 329.75, 320.80, 325.90, 322.45, 324.65, 93000, 301.93, 60, 64500, 69.35
VMART, EQ, 25-Sep-2026, 773.70, 773.50, 773.50, 754.00, 765.00, 760.10, 758.74, 108294, 821.67, 9423, 60764, 56.11
VMM, EQ, 25-Sep-2026, 105.46, 105.45, 105.69, 103.00, 103.50, 103.50, 104.04, 9381538, 9760.82, 32594, 5040188, 53.72
VMOBILE, SM, 25-Sep-2026, 57.20, 55.00, 59.90, 55.00, 56.75, 56.75, 57.20, 12800, 7.32, 11, 6400, 50.00
VMSTMT, EQ, 25-Sep-2026, 46.13, 46.00, 47.00, 45.25, 47.00, 46.48, 46.09, 19008, 8.76, 391, 11182, 58.83
VOEPL, EQ, 25-Sep-2026, 497.65, 499.00, 519.85, 486.90, 515.75, 512.30, 507.37, 65331, 331.47, 3051, 34102, 52.20
VOGL, EQ, 25-Sep-2026, 34.53, 34.50, 34.93, 34.25, 34.38, 34.37, 34.51, 14085738, 4860.70, 35511, 6357550, 45.13
VOITHPAPR, EQ, 25-Sep-2026, 1416.70, 1439.00, 1467.90, 1423.80, 1450.00, 1450.00, 1450.99, 393, 5.70, 103, 339, 86.26
VOLERCAR, SM, 25-Sep-2026, 229.50, 231.50, 231.50, 231.50, 231.50, 231.50, 231.50, 5600, 12.96, 1, 5600, 100.00
VOLTAMP, EQ, 25-Sep-2026, 10587.00, 10600.00, 10775.00, 10556.00, 10694.00, 10709.00, 10656.97, 9587, 1021.68, 4563, 4869, 50.79
VOLTAS, EQ, 25-Sep-2026, 1113.40, 1109.90, 1122.10, 1103.90, 1118.20, 1118.20, 1115.04, 368727, 4111.44, 15376, 183854, 49.86
VPRPL, EQ, 25-Sep-2026, 32.90, 32.90, 32.98, 32.20, 32.59, 32.50, 32.47, 225414, 73.19, 1188, 93211, 41.35
VRAJ, EQ, 25-Sep-2026, 126.19, 127.28, 127.28, 125.11, 126.11, 126.24, 126.14, 9380, 11.83, 347, 5430, 57.89
VRLLOG, EQ, 25-Sep-2026, 291.65, 292.95, 293.05, 288.10, 288.70, 289.70, 289.89, 118757, 344.27, 3997, 76421, 64.35
VSSL, EQ, 25-Sep-2026, 405.00, 405.00, 415.60, 404.00, 410.05, 411.50, 410.21, 78218, 320.86, 3846, 38136, 48.76
VSTIND, EQ, 25-Sep-2026, 206.69, 205.82, 206.76, 202.88, 204.00, 204.54, 205.11, 89396, 183.36, 2544, 61009, 68.25
VSTL, EQ, 25-Sep-2026, 112.87, 113.00, 114.43, 111.00, 112.72, 113.76, 113.24, 3529, 4.00, 138, 2455, 69.57
VSTTILLERS, EQ, 25-Sep-2026, 4516.70, 4492.00, 4544.20, 4360.00, 4450.00, 4473.30, 4435.29, 14779, 655.49, 3137, 6048, 40.92
VTL, EQ, 25-Sep-2026, 563.60, 564.00, 564.20, 550.00, 552.60, 554.00, 557.74, 138210, 770.86, 8948, 51133, 37.00
VTMLTD, EQ, 25-Sep-2026, 42.13, 43.70, 43.70, 40.45, 41.66, 41.53, 41.30, 72833, 30.08, 1548, 42474, 58.32
WAAREEENER, EQ, 25-Sep-2026, 2482.00, 2494.40, 2516.00, 2470.00, 2495.00, 2495.00, 2492.80, 616888, 15377.80, 40284, 264800, 42.93
WAAREEINDO, EQ, 25-Sep-2026, 242.95, 230.85, 237.55, 230.85, 230.85, 230.85, 231.38, 196353, 454.32, 1235, 166175, 84.63
WAAREERTL, EQ, 25-Sep-2026, 832.30, 830.00, 837.05, 823.00, 832.00, 832.90, 829.44, 77627, 643.87, 7444, 30149, 38.84
WABAG, EQ, 25-Sep-2026, 2029.20, 2029.60, 2049.50, 1991.10, 2011.00, 2008.40, 2017.27, 272100, 5488.99, 22100, 110632, 40.66
WAKEFIT, EQ, 25-Sep-2026, 142.83, 146.37, 149.90, 140.90, 141.00, 141.35, 143.71, 527519, 758.10, 6825, 118065, 22.38
WALCHANNAG, EQ, 25-Sep-2026, 208.07, 208.07, 213.98, 205.64, 210.93, 210.99, 210.06, 463868, 974.38, 9514, 161408, 34.80
WALPAR, SM, 25-Sep-2026, 26.65, 27.95, 27.95, 25.80, 27.45, 27.45, 27.35, 16000, 4.38, 7, 8000, 50.00
WANBURY, EQ, 25-Sep-2026, 225.15, 226.45, 234.25, 222.85, 224.95, 224.15, 225.34, 119977, 270.36, 2397, 54928, 45.78
WARDINMOBI, EQ, 25-Sep-2026, 5.62, 5.72, 5.86, 5.56, 5.60, 5.57, 5.62, 429093, 24.12, 1069, 264259, 61.59
WATERBASE, EQ, 25-Sep-2026, 45.36, 45.92, 45.92, 43.62, 45.79, 45.43, 45.14, 7545, 3.41, 197, 5568, 73.80
WCIL, EQ, 25-Sep-2026, 95.78, 94.30, 96.70, 93.82, 94.40, 94.77, 95.13, 179760, 171.00, 1882, 45542, 25.33
WEALTH, EQ, 25-Sep-2026, 839.25, 840.05, 849.95, 829.75, 838.10, 834.95, 830.21, 51360, 426.39, 163, 50827, 98.96
WEBELSOLAR, EQ, 25-Sep-2026, 74.07, 74.02, 75.10, 72.55, 73.15, 73.23, 73.60, 1267143, 932.65, 9149, 669069, 52.80
WEIZMANIND, EQ, 25-Sep-2026, 71.67, 71.60, 73.61, 71.46, 73.60, 73.00, 72.50, 1649, 1.20, 24, 1093, 66.28
WEL, EQ, 25-Sep-2026, 74.18, 75.00, 75.69, 74.00, 74.65, 74.62, 74.74, 439933, 328.80, 2196, 218835, 49.74
WELCORP, EQ, 25-Sep-2026, 2692.20, 2752.90, 2837.50, 2752.90, 2824.40, 2832.40, 2808.40, 2763523, 77610.82, 134337, 567837, 20.55
WELENT, EQ, 25-Sep-2026, 749.15, 748.10, 766.85, 747.25, 755.50, 754.50, 755.59, 283394, 2141.31, 9579, 149580, 52.78
WELINV, BE, 25-Sep-2026, 2457.00, 2457.00, 2499.90, 2457.00, 2499.90, 2499.90, 2491.32, 20, 0.50, 5, -, -
WELSPLSOL, EQ, 25-Sep-2026, 53.46, 53.86, 55.70, 52.60, 55.70, 55.00, 54.09, 563618, 304.85, 3421, 223403, 39.64
WELSPUNLIV, EQ, 25-Sep-2026, 222.32, 222.40, 226.41, 219.27, 225.01, 224.68, 222.85, 2858135, 6369.37, 34713, 1139606, 39.87
WENDT, EQ, 25-Sep-2026, 8525.50, 8532.00, 8803.50, 8515.50, 8640.00, 8646.00, 8668.01, 7895, 684.34, 2501, 3301, 41.81
WESTLIFE, EQ, 25-Sep-2026, 569.25, 574.70, 583.15, 564.75, 573.30, 578.10, 571.68, 437736, 2502.43, 14352, 338846, 77.41
WEWIN, EQ, 25-Sep-2026, 49.01, 48.91, 49.01, 47.75, 48.26, 48.26, 48.33, 2296, 1.11, 48, 2279, 99.26
WEWORK, EQ, 25-Sep-2026, 651.70, 650.05, 661.90, 634.90, 645.00, 652.55, 642.96, 170103, 1093.70, 13405, 96939, 56.99
WHBRADY, EQ, 25-Sep-2026, 498.95, 475.25, 491.00, 466.00, 491.00, 491.00, 470.64, 35, 0.16, 8, 26, 74.29
WHEELS, EQ, 25-Sep-2026, 2180.80, 2260.00, 2355.00, 2194.20, 2345.00, 2296.40, 2269.02, 615400, 13963.57, 34288, 291375, 47.35
WHIRLPOOL, EQ, 25-Sep-2026, 853.45, 855.00, 960.00, 835.55, 903.55, 918.90, 924.32, 27943285, 258285.79, 575247, 1546571, 5.53
WHITEFORCE, SM, 25-Sep-2026, 41.10, 39.00, 39.00, 39.00, 39.00, 39.00, 39.00, 1600, 0.62, 1, 1600, 100.00
WILLAMAGOR, EQ, 25-Sep-2026, 23.40, 23.40, 23.90, 22.10, 22.50, 22.44, 22.53, 3353, 0.76, 55, 3154, 94.07
WINDLAS, EQ, 25-Sep-2026, 1093.80, 1090.40, 1106.00, 1080.00, 1104.95, 1102.55, 1094.67, 41768, 457.22, 4061, 18149, 43.45
WINDMACHIN, EQ, 25-Sep-2026, 300.90, 298.50, 302.00, 293.60, 300.00, 299.50, 297.62, 25613, 76.23, 745, 11372, 44.40
WINSOL, SM, 25-Sep-2026, 107.65, 105.00, 109.45, 104.00, 107.25, 107.30, 107.00, 14800, 15.84, 33, 7600, 51.35
WIPL, EQ, 25-Sep-2026, 166.60, 166.60, 169.47, 163.11, 168.47, 168.46, 167.39, 314, 0.53, 28, 222, 70.70
WIPRO, EQ, 25-Sep-2026, 163.64, 163.05, 164.50, 161.66, 164.02, 164.02, 163.45, 9700283, 15854.95, 80693, 4782890, 49.31
WOCKPHARMA, EQ, 25-Sep-2026, 2287.70, 2290.00, 2329.90, 2243.00, 2263.90, 2265.60, 2279.62, 689934, 15727.87, 36745, 244845, 35.49
WOL3D, SM, 25-Sep-2026, 132.00, 130.70, 130.70, 130.70, 130.70, 130.70, 130.70, 1000, 1.31, 1, 1000, 100.00
WOMANCART, ST, 25-Sep-2026, 100.65, 101.00, 102.40, 99.00, 100.85, 99.60, 100.13, 20400, 20.43, 51, 16000, 78.43
WONDERLA, EQ, 25-Sep-2026, 509.95, 508.00, 513.40, 508.00, 510.05, 510.15, 510.38, 43470, 221.86, 2124, 30941, 71.18
WORTHPERI, EQ, 25-Sep-2026, 147.26, 144.05, 148.00, 144.05, 145.85, 144.94, 145.39, 952, 1.38, 32, 755, 79.31
WPIL, EQ, 25-Sep-2026, 435.80, 429.70, 445.50, 425.45, 430.55, 430.40, 435.04, 64064, 278.70, 2746, 30039, 46.89
WSI, EQ, 25-Sep-2026, 56.96, 56.01, 57.98, 55.57, 56.00, 55.94, 56.54, 22326, 12.62, 472, 15390, 68.93
WSTCSTPAPR, EQ, 25-Sep-2026, 737.95, 735.00, 741.40, 707.00, 726.50, 731.90, 724.20, 179172, 1297.56, 11060, 81539, 45.51
WTICAB, SM, 25-Sep-2026, 96.45, 97.00, 98.50, 94.00, 98.50, 96.00, 95.42, 18000, 17.18, 22, 16500, 91.67
XCHANGING, EQ, 25-Sep-2026, 60.35, 62.00, 62.00, 60.12, 61.24, 61.42, 61.13, 64422, 39.38, 1036, 35832, 55.62
XELPMOC, EQ, 25-Sep-2026, 74.59, 75.30, 89.50, 75.10, 89.50, 89.50, 85.32, 129401, 110.40, 1129, 88004, 68.01
XPROINDIA, EQ, 25-Sep-2026, 1207.00, 1220.00, 1248.10, 1168.00, 1199.00, 1197.10, 1197.63, 45394, 543.65, 5319, 23907, 52.67
XTGLOBAL, EQ, 25-Sep-2026, 29.26, 29.85, 29.85, 28.70, 29.14, 29.44, 29.37, 20689, 6.08, 342, 4104, 19.84
XTRANET, EQ, 25-Sep-2026, 313.71, 318.00, 328.50, 298.03, 299.65, 300.79, 310.06, 724833, 2247.39, 14589, 292427, 40.34
YAAP, SM, 25-Sep-2026, 122.50, 129.40, 129.40, 120.05, 126.40, 123.20, 123.89, 10000, 12.39, 10, 9000, 90.00
YASHO, EQ, 25-Sep-2026, 4043.70, 4055.40, 4274.90, 3992.70, 4216.00, 4234.10, 4177.51, 45970, 1920.40, 8733, 20523, 44.64
YASHOPTICS, SM, 25-Sep-2026, 131.35, 131.00, 134.90, 131.00, 134.90, 134.45, 133.48, 5600, 7.47, 7, 4800, 85.71
YATHARTH, EQ, 25-Sep-2026, 1157.00, 1162.30, 1162.30, 1117.20, 1122.50, 1121.40, 1127.27, 304843, 3436.41, 22963, 122422, 40.16
YATRA, EQ, 25-Sep-2026, 105.20, 105.99, 105.99, 101.96, 103.05, 103.84, 103.37, 799222, 826.13, 7679, 369145, 46.19
YESBANK, EQ, 25-Sep-2026, 22.44, 22.48, 22.58, 22.35, 22.50, 22.50, 22.46, 30426808, 6834.02, 61339, 11217697, 36.87
YOGI, EQ, 25-Sep-2026, 164.00, 165.90, 169.00, 160.15, 161.11, 161.10, 166.79, 7353, 12.26, 99, 3292, 44.77
YUDIZ, SM, 25-Sep-2026, 24.00, 24.00, 24.00, 23.00, 23.00, 23.00, 23.50, 1600, 0.38, 2, 1600, 100.00
YUKEN, EQ, 25-Sep-2026, 1127.75, 1127.10, 1136.25, 1093.80, 1129.00, 1127.60, 1117.09, 11780, 131.59, 1341, 5397, 45.81
ZAGGLE, EQ, 25-Sep-2026, 178.22, 179.48, 181.44, 176.00, 179.73, 178.84, 178.69, 853946, 1525.89, 9351, 348944, 40.86
ZEEL, EQ, 25-Sep-2026, 78.17, 78.37, 78.37, 76.64, 76.81, 76.87, 77.06, 8793820, 6776.27, 39847, 2939649, 33.43
ZEELEARN, EQ, 25-Sep-2026, 6.77, 6.89, 7.10, 6.71, 6.93, 6.94, 6.90, 317285, 21.90, 661, 217729, 68.62
ZEEMEDIA, EQ, 25-Sep-2026, 7.40, 7.49, 7.75, 7.31, 7.54, 7.52, 7.44, 969637, 72.14, 1378, 608792, 62.79
ZENITHDRUG, SM, 25-Sep-2026, 44.40, 43.20, 45.00, 42.80, 42.80, 42.80, 43.39, 12000, 5.21, 14, 8800, 73.33
ZENITHEXPO, EQ, 25-Sep-2026, 195.53, 197.49, 204.00, 197.49, 203.00, 203.00, 202.96, 102, 0.21, 3, 101, 99.02
ZENITHSTL, EQ, 25-Sep-2026, 5.27, 5.37, 5.37, 5.17, 5.34, 5.26, 5.26, 82896, 4.36, 266, 69276, 83.57
ZENSARTECH, EQ, 25-Sep-2026, 422.55, 422.40, 436.00, 416.15, 433.10, 434.90, 427.94, 1049624, 4491.79, 24633, 351736, 33.51
ZENTEC, EQ, 25-Sep-2026, 1645.70, 1649.00, 1695.00, 1613.70, 1687.00, 1682.40, 1650.73, 318892, 5264.05, 25850, 135613, 42.53
ZFCVINDIA, EQ, 25-Sep-2026, 2345.50, 2340.00, 2361.00, 2325.10, 2351.40, 2354.20, 2347.53, 34703, 814.66, 9186, 18461, 53.20
ZFSTEERING, EQ, 25-Sep-2026, 746.10, 765.00, 765.00, 736.05, 754.90, 750.85, 754.34, 2158, 16.28, 336, 1193, 55.28
ZIMLAB, EQ, 25-Sep-2026, 137.82, 140.00, 144.00, 135.71, 139.15, 138.48, 139.39, 179885, 250.75, 3093, 70126, 38.98
ZODIAC, EQ, 25-Sep-2026, 227.44, 225.00, 227.98, 219.22, 224.92, 223.04, 223.34, 13144, 29.36, 815, 7347, 55.90
ZODIACLOTH, EQ, 25-Sep-2026, 69.23, 68.60, 70.80, 68.60, 70.80, 70.27, 69.87, 2226, 1.56, 69, 1489, 66.89
ZOTA, EQ, 25-Sep-2026, 1345.70, 1333.50, 1354.20, 1326.50, 1344.80, 1336.60, 1338.13, 30110, 402.91, 2814, 11329, 37.63
ZSARACOM, EQ, 25-Sep-2026, 9948.00, 9950.00, 10488.00, 9950.00, 10052.00, 10307.00, 10246.19, 47, 4.82, 27, 31, 65.96
ZTECH, SM, 25-Sep-2026, 429.15, 429.00, 447.90, 429.00, 444.50, 441.60, 442.63, 24000, 106.23, 52, 19200, 80.00
ZUARI, EQ, 25-Sep-2026, 218.41, 219.30, 222.99, 216.51, 221.00, 221.10, 220.13, 67478, 148.54, 2612, 23337, 34.58
ZUARIIND, EQ, 25-Sep-2026, 282.85, 284.95, 292.00, 280.10, 291.85, 290.20, 288.85, 227243, 656.38, 5202, 132532, 58.32
ZYDUSLIFE, EQ, 25-Sep-2026, 1180.30, 1185.50, 1208.60, 1182.40, 1203.90, 1203.90, 1197.16, 1991779, 23844.77, 50760, 836167, 41.98
ZYDUSWELL, EQ, 25-Sep-2026, 520.15, 520.15, 524.00, 513.35, 522.00, 520.60, 518.98, 60614, 314.57, 5140, 23751, 39.18
